Utility ID,Utility Name,Plant Code,Plant Name,State,County,Generator ID,Status,Technology,Prime Mover,Sector Name,Sector,Nameplate Capacity (MW),Summer Capacity (MW),Winter Capacity (MW),Operating Month,Operating Year,Lenses / Mirrors?,Single-Axis Tracking?,Dual-Axis Tracking?,Fixed Tilt?,Parabolic Trough?,Linear Fresnel?,Power Tower?,Dish Engine?,Other Solar Technology?,DC Net Capacity (MW),Crystalline Silicon?,Thin-Film (CdTe)?,Thin-Film (A-Si)?,Thin-Film (CIGS)?,Thin-Film (Other)?,Other Materials?
803,Arizona Public Service Co,116,Ocotillo,AZ,Maricopa,PV1,OP,Solar Photovoltaic,PV,Electric Utility,1,0.1,0.1,0.1,3,1998,,Y,,,,,,,,0.1,Y,,,,,
803,Arizona Public Service Co,116,Ocotillo,AZ,Maricopa,PV2,OP,Solar Photovoltaic,PV,Electric Utility,1,0.1,0.1,0.1,10,1999,,Y,,,,,,,,0.1,Y,,,,,
803,Arizona Public Service Co,116,Ocotillo,AZ,Maricopa,PVM,OP,Solar Photovoltaic,PV,Electric Utility,1,0.4,0.4,0.4,4,1988,,Y,,,,,,,,0.4,Y,,,,,
16572,Salt River Project,141,Agua Fria,AZ,Maricopa,PV-3,OP,Solar Photovoltaic,PV,Electric Utility,1,0.2,0.2,0.2,6,2001,,Y,,,,,,,,0.2,Y,,,,,
7095,City of Geneseo - (IL),944,Geneseo,IL,Henry,12,OP,Solar Photovoltaic,PV,Electric Utility,1,1.2,0.9,0.9,8,2015,,Y,,Y,,,,,,1.2,Y,,,,,
16179,Rochelle Municipal Utilities,960,North Ninth Street,IL,Ogle,SOL1,OP,Solar Photovoltaic,PV,Electric Utility,1,0.3,0.3,0.3,11,2014,,Y,,Y,,,,,,0,Y,,,,,
4922,Dayton Power & Light Co,2854,Yankee Street,OH,Montgomery,YS1,OP,Solar Photovoltaic,PV,Electric Utility,1,1.1,1.1,1.1,3,2010,,,,Y,,,,,,1.1,Y,,Y,,,
14063,Oklahoma Gas & Electric Co,2953,Mustang,OK,Canadian,SLR1,OP,Solar Photovoltaic,PV,Electric Utility,1,2.5,2.5,2.5,8,2015,,Y,,,,,,,,3,Y,,,,,
24211,Tucson Electric Power Co,8223,Springerville,AZ,Apache,SGSS,OP,Solar Photovoltaic,PV,Electric Utility,1,3.7,3.7,3.7,5,2001,,,,Y,,,,,,4.6,Y,Y,,,,
24211,Tucson Electric Power Co,8223,Springerville,AZ,Apache,SGSS1,OP,Solar Photovoltaic,PV,Electric Utility,1,1.4,1.4,1.4,12,2010,,,,Y,,,,,,1.8,Y,,,,,
24211,Tucson Electric Power Co,8223,Springerville,AZ,Apache,WMS,OP,Solar Photovoltaic,PV,Electric Utility,1,8.3,8.3,8.3,12,2014,Y,Y,,N,,,,,,10,Y,,,,,
55711,FPL Energy Operating Services Inc - SEGS,10439,SEGS III,CA,San Bernardino,GEN1,OP,Solar Thermal without Energy Storage,ST,IPP Non-CHP,2,34.2,36.0,34.0,12,1986,Y,Y,,,Y,,,,, ,,,,,,
55711,FPL Energy Operating Services Inc - SEGS,10440,SEGS IV,CA,San Bernardino,GEN1,OP,Solar Thermal without Energy Storage,ST,IPP Non-CHP,2,34.2,36.0,34.0,12,1986,Y,Y,,,Y,,,,, ,,,,,,
55711,FPL Energy Operating Services Inc - SEGS,10441,SEGS V,CA,San Bernardino,GEN1,OP,Solar Thermal without Energy Storage,ST,IPP Non-CHP,2,34.2,36.0,34.0,10,1987,Y,Y,,,Y,,,,, ,,,,,,
55711,FPL Energy Operating Services Inc - SEGS,10442,SEGS VI,CA,San Bernardino,GEN1,OP,Solar Thermal without Energy Storage,ST,IPP Non-CHP,2,35.0,36.0,35.0,12,1988,Y,Y,,,Y,,,,, ,,,,,,
55711,FPL Energy Operating Services Inc - SEGS,10443,SEGS VII,CA,San Bernardino,GEN1,OP,Solar Thermal without Energy Storage,ST,IPP Non-CHP,2,35.0,36.0,35.0,12,1988,Y,Y,,,Y,,,,, ,,,,,,
55711,FPL Energy Operating Services Inc - SEGS,10444,SEGS VIII,CA,San Bernardino,GEN1,OP,Solar Thermal without Energy Storage,ST,IPP Non-CHP,2,92.0,88.0,64.0,12,1989,Y,Y,,,Y,,,,, ,,,,,,
55711,FPL Energy Operating Services Inc - SEGS,10446,SEGS IX,CA,San Bernardino,GEN1,OP,Solar Thermal without Energy Storage,ST,IPP Non-CHP,2,92.0,88.0,64.0,9,1990,Y,Y,,,Y,,,,, ,,,,,,
11427,Massachusetts Wtr RAuth-Deer I,10823,Deer Island Treatment Plant,MA,Suffolk,PV101,OP,Solar Photovoltaic,PV,Commercial CHP,5,0.1,0.1,0.1,5,2008,,,,Y,,,,,,0.7,Y,,,,,
50131,Enel Stillwater LLC,50765,Stillwater Facility,NV,Churchill,1,OP,Solar Photovoltaic,PV,IPP Non-CHP,2,22.0,21.8,21.8,4,2012,,,,Y,,,,,,26.2,Y,,,,,
13943,Ocean County Utilities Auth,54569,Bayville Central Facility,NJ,Ocean,CPV1,OP,Solar Photovoltaic,PV,Commercial CHP,5,0.2,0.2,0.1,5,2007,,,,Y,,,,,,0.2,Y,,,,,
803,Arizona Public Service Co,56228,Prescott Airport,AZ,Yavapai,PV1,OP,Solar Photovoltaic,PV,Electric Utility,1,2.1,2.1,2.1,10,2002,,Y,,,,,,,,1,Y,,,,,
15500,Puget Sound Energy Inc,56322,Wild Horse,WA,Kittitas,WHS1,OP,Solar Photovoltaic,PV,Electric Utility,1,0.5,0.5,0.5,10,2007,,,,Y,,,,,,0.5,Y,,,,,
55744,Acciona Solar Power,56405,Nevada Solar One,NV,Clark,ONE,OP,Solar Thermal without Energy Storage,ST,IPP Non-CHP,2,75.7,68.5,40.0,6,2007,,Y,,,Y,,,,, ,,,,,,
54902,SunE Alamosa1 LLC,56481,SunE Alamosa,CO,Alamosa,1,OP,Solar Photovoltaic,PV,IPP Non-CHP,2,1.0,1.0,1.0,12,2007,,Y,,,,,,,,1,Y,,,,,
54902,SunE Alamosa1 LLC,56481,SunE Alamosa,CO,Alamosa,2,OP,Solar Photovoltaic,PV,IPP Non-CHP,2,7.2,6.7,6.7,12,2007,,Y,,,,,,,,7.2,Y,,,,,
55710,Barrick Goldstrike Mines Inc,56500,Western 102 Power Plant,NV,Storey,PV1,OP,Solar Photovoltaic,PV,Industrial Non-CHP,6,1.0,1.0,1.0,12,2007,,,,Y,,,,,,1.3,Y,,,,,
56203,Solar Star NAFB LLC,56568,Nellis Air Force Base Solar Array,NV,CLARK,NS1,OP,Solar Photovoltaic,PV,Commercial Non-CHP,4,4.9,4.9,4.9,10,2007,,Y,,,,,,,,5,Y,,,,,
56203,Solar Star NAFB LLC,56568,Nellis Air Force Base Solar Array,NV,CLARK,NS2,OP,Solar Photovoltaic,PV,Commercial Non-CHP,4,5.2,5.2,5.2,11,2007,,Y,,,,,,,,5,Y,,,,,
56203,Solar Star NAFB LLC,56568,Nellis Air Force Base Solar Array,NV,CLARK,NS3,OP,Solar Photovoltaic,PV,Commercial Non-CHP,4,3.9,3.9,3.9,12,2007,,Y,,,,,,,,4,Y,,,,,
55910,Lanai Sustainability Research LLC,56667,Lanai Solar-Electric Plant,HI,Maui,0001,OP,Solar Photovoltaic,PV,IPP Non-CHP,2,0.1,0.1,0.1,12,2008,,Y,,,,,,,,0.1,Y,,,,,
55910,Lanai Sustainability Research LLC,56667,Lanai Solar-Electric Plant,HI,Maui,0002,OP,Solar Photovoltaic,PV,IPP Non-CHP,2,0.1,0.1,0.1,12,2008,,Y,,,,,,,,0.1,Y,,,,,
55910,Lanai Sustainability Research LLC,56667,Lanai Solar-Electric Plant,HI,Maui,0003,OP,Solar Photovoltaic,PV,IPP Non-CHP,2,0.1,0.1,0.1,12,2008,,Y,,,,,,,,0.1,Y,,,,,
55910,Lanai Sustainability Research LLC,56667,Lanai Solar-Electric Plant,HI,Maui,0004,OP,Solar Photovoltaic,PV,IPP Non-CHP,2,0.1,0.1,0.1,12,2008,,Y,,,,,,,,0.1,Y,,,,,
55910,Lanai Sustainability Research LLC,56667,Lanai Solar-Electric Plant,HI,Maui,0005,OP,Solar Photovoltaic,PV,IPP Non-CHP,2,0.1,0.1,0.1,12,2008,,Y,,,,,,,,0.1,Y,,,,,
55910,Lanai Sustainability Research LLC,56667,Lanai Solar-Electric Plant,HI,Maui,0006,OP,Solar Photovoltaic,PV,IPP Non-CHP,2,0.1,0.1,0.1,12,2008,,Y,,,,,,,,0.1,Y,,,,,
55910,Lanai Sustainability Research LLC,56667,Lanai Solar-Electric Plant,HI,Maui,0007,OP,Solar Photovoltaic,PV,IPP Non-CHP,2,0.1,0.1,0.1,12,2008,,Y,,,,,,,,0.1,Y,,,,,
55910,Lanai Sustainability Research LLC,56667,Lanai Solar-Electric Plant,HI,Maui,0008,OP,Solar Photovoltaic,PV,IPP Non-CHP,2,0.1,0.1,0.1,12,2008,,Y,,,,,,,,0.1,Y,,,,,
55910,Lanai Sustainability Research LLC,56667,Lanai Solar-Electric Plant,HI,Maui,0009,OP,Solar Photovoltaic,PV,IPP Non-CHP,2,0.1,0.1,0.1,12,2008,,Y,,,,,,,,0.1,Y,,,,,
55910,Lanai Sustainability Research LLC,56667,Lanai Solar-Electric Plant,HI,Maui,0010,OP,Solar Photovoltaic,PV,IPP Non-CHP,2,0.1,0.1,0.1,12,2008,,Y,,,,,,,,0.1,Y,,,,,
55910,Lanai Sustainability Research LLC,56667,Lanai Solar-Electric Plant,HI,Maui,0011,OP,Solar Photovoltaic,PV,IPP Non-CHP,2,0.1,0.1,0.1,12,2008,,Y,,,,,,,,0.1,Y,,,,,
55910,Lanai Sustainability Research LLC,56667,Lanai Solar-Electric Plant,HI,Maui,0012,OP,Solar Photovoltaic,PV,IPP Non-CHP,2,0.1,0.1,0.1,12,2008,,Y,,,,,,,,0.1,Y,,,,,
55961,CalRenew-1 LLC,56768,CalRenew-1,CA,Fresno,CR1,OP,Solar Photovoltaic,PV,IPP Non-CHP,2,5.0,5.0,5.0,4,2010,,,,Y,,,,,,6.3,Y,,,,,
56023,Arizona Solar One LLC,56812,Solana Generating Station,AZ,Maricopa,GEN 1,OP,Solar Thermal with Energy Storage,CP,IPP Non-CHP,2,140.0,147.7,140.0,10,2013,,Y,,,Y,,,,, ,,,,,,
56023,Arizona Solar One LLC,56812,Solana Generating Station,AZ,Maricopa,GEN2,OP,Solar Thermal with Energy Storage,CP,IPP Non-CHP,2,140.0,147.7,140.0,10,2013,,Y,,,Y,,,,, ,,,,,,
56028,MMA Fresno Power LP,56813,CSU Fresno Solar Project,CA,FRESNO,1,OP,Solar Photovoltaic,PV,IPP Non-CHP,2,0.5,0.5,0.5,12,2007,,,,Y,,,,,,0.6,Y,,,,,
56028,MMA Fresno Power LP,56813,CSU Fresno Solar Project,CA,FRESNO,2,OP,Solar Photovoltaic,PV,IPP Non-CHP,2,0.5,0.5,0.5,12,2007,,,,Y,,,,,,0.6,Y,,,,,
56027,MMA LA Power LP,56814,ELACC Photovoltaic Power Facility,CA,LOS ANGELES,PV1,OP,Solar Photovoltaic,PV,IPP Non-CHP,2,0.5,0.4,0.3,5,2008,,,,Y,,,,,,0.6,Y,,,,,
56027,MMA LA Power LP,56814,ELACC Photovoltaic Power Facility,CA,LOS ANGELES,PV2,OP,Solar Photovoltaic,PV,IPP Non-CHP,2,0.5,0.4,0.3,5,2008,,,,Y,,,,,,0.6,Y,,,,,
56026,MMA DAS Power,56815,Denver Int Airport,CO,DENVER,1,OP,Solar Photovoltaic,PV,IPP Non-CHP,2,1.9,1.9,1.8,9,2008,,Y,,,,,,,,2,Y,,,,,
56105,MMA WBF Power LP,56862,Bolthouse S&P and Rowen Farms Solar,CA,LOS ANGELES,1,OP,Solar Photovoltaic,PV,IPP Non-CHP,2,0.3,0.3,0.3,11,2008,,Y,,,,,,,,0.6,Y,,,,,
56105,MMA WBF Power LP,56862,Bolthouse S&P and Rowen Farms Solar,CA,LOS ANGELES,2,OP,Solar Photovoltaic,PV,IPP Non-CHP,2,0.3,0.3,0.3,11,2008,,Y,,,,,,,,0.4,Y,,,,,
56105,MMA WBF Power LP,56862,Bolthouse S&P and Rowen Farms Solar,CA,LOS ANGELES,3,OP,Solar Photovoltaic,PV,IPP Non-CHP,2,0.3,0.3,0.3,11,2008,,Y,,,,,,,,0.4,Y,,,,,
56105,MMA WBF Power LP,56862,Bolthouse S&P and Rowen Farms Solar,CA,LOS ANGELES,4,OP,Solar Photovoltaic,PV,IPP Non-CHP,2,0.3,0.3,0.3,11,2008,,Y,,,,,,,,0.4,Y,,,,,
57170,"EDF Renewable Asset Holdings, Inc.",56875,Sacramento Soleil LLC,CA,Sacramento,TBD,OP,Solar Photovoltaic,PV,IPP Non-CHP,2,1.0,1.0,1.0,8,2008,,,,Y,,,,,,1.3,,Y,,,,
59100,"Sunlight General Solar Fund II, LLC",56877,Hall's Warehouse Solar Project,NJ,Middlesex,TBD,OP,Solar Photovoltaic,PV,IPP Non-CHP,2,1.5,1.5,1.5,2,2009,,,,Y,,,,,,1.3,,Y,,,,
57249,EPP Renewable Energy,56883,Pennsauken Solar,NJ,Camden,GEN 1,OP,Solar Photovoltaic,PV,IPP Non-CHP,2,0.2,0.2,0.2,6,2006,,,,Y,,,,,,0.3,Y,,,,,
57249,EPP Renewable Energy,56883,Pennsauken Solar,NJ,Camden,GEN 2,OP,Solar Photovoltaic,PV,IPP Non-CHP,2,0.2,0.2,0.2,6,2006,,,,Y,,,,,,0.3,Y,,,,,
57249,EPP Renewable Energy,56883,Pennsauken Solar,NJ,Camden,GEN 3,OP,Solar Photovoltaic,PV,IPP Non-CHP,2,0.1,0.1,0.1,12,2007,,,,Y,,,,,,0.1,Y,,,,,
57249,EPP Renewable Energy,56883,Pennsauken Solar,NJ,Camden,GEN 4,OP,Solar Photovoltaic,PV,IPP Non-CHP,2,0.2,0.2,0.2,12,2007,,,,Y,,,,,,0.3,Y,,,,,
57249,EPP Renewable Energy,56883,Pennsauken Solar,NJ,Camden,GEN 5,OP,Solar Photovoltaic,PV,IPP Non-CHP,2,0.1,0.1,0.1,12,2007,,,,Y,,,,,,0.2,Y,,,,,
57249,EPP Renewable Energy,56883,Pennsauken Solar,NJ,Camden,GEN 6,OP,Solar Photovoltaic,PV,IPP Non-CHP,2,0.2,0.2,0.2,12,2007,,,,Y,,,,,,0.3,Y,,,,,
57249,EPP Renewable Energy,56883,Pennsauken Solar,NJ,Camden,GEN 7,OP,Solar Photovoltaic,PV,IPP Non-CHP,2,0.2,0.2,0.2,12,2007,,,,Y,,,,,,0.3,Y,,,,,
57249,EPP Renewable Energy,56883,Pennsauken Solar,NJ,Camden,GEN 8,OP,Solar Photovoltaic,PV,IPP Non-CHP,2,0.2,0.2,0.2,12,2007,,,,Y,,,,,,0.3,Y,,,,,
57249,EPP Renewable Energy,56883,Pennsauken Solar,NJ,Camden,GEN 9,OP,Solar Photovoltaic,PV,IPP Non-CHP,2,0.1,0.1,0.1,12,2007,,,,Y,,,,,,0.3,Y,,,,,
57249,EPP Renewable Energy,56888,Warren County Solar,NJ,Warren,GEN 1,OP,Solar Photovoltaic,PV,IPP Non-CHP,2,0.5,0.5,0.5,6,2012,,Y,,,,,,,,0.5,Y,,,,,
57249,EPP Renewable Energy,56888,Warren County Solar,NJ,Warren,GEN 2,OP,Solar Photovoltaic,PV,IPP Non-CHP,2,0.5,0.5,0.5,6,2012,,Y,,,,,,,,0.5,Y,,,,,
57249,EPP Renewable Energy,56888,Warren County Solar,NJ,Warren,GEN 3,OP,Solar Photovoltaic,PV,IPP Non-CHP,2,0.5,0.5,0.5,6,2012,,Y,,,,,,,,0.5,Y,,,,,
57249,EPP Renewable Energy,56888,Warren County Solar,NJ,Warren,GEN 4,OP,Solar Photovoltaic,PV,IPP Non-CHP,2,0.5,0.5,0.5,6,2012,,Y,,,,,,,,0.5,Y,,,,,
57249,EPP Renewable Energy,56889,PPL Renewable Energy Merck Solar,NJ,Union,GEN 1,OP,Solar Photovoltaic,PV,IPP Non-CHP,2,1.7,1.7,1.7,5,2009,,Y,,,,,,,,1.7,Y,,,,,
14405,Power Choice/Pepco Energy Serv,56900,Atlantic City Convention Center,NJ,Atlantic,1,OP,Solar Photovoltaic,PV,Commercial Non-CHP,4,0.5,0.5,0.3,12,2008,,,,Y,,,,,,0.6,Y,,,,,
14405,Power Choice/Pepco Energy Serv,56900,Atlantic City Convention Center,NJ,Atlantic,2,OP,Solar Photovoltaic,PV,Commercial Non-CHP,4,0.5,0.5,0.3,12,2008,,,,Y,,,,,,0.6,Y,,,,,
14405,Power Choice/Pepco Energy Serv,56900,Atlantic City Convention Center,NJ,Atlantic,3,OP,Solar Photovoltaic,PV,Commercial Non-CHP,4,0.5,0.5,0.3,12,2008,,,,Y,,,,,,0.6,Y,,,,,
14405,Power Choice/Pepco Energy Serv,56900,Atlantic City Convention Center,NJ,Atlantic,4,OP,Solar Photovoltaic,PV,Commercial Non-CHP,4,0.5,0.5,0.3,12,2008,,,,Y,,,,,,0.6,Y,,,,,
56113,MMA GDC Power LP,56909,Gap Pacific Distribution Center,CA,FRESNO,1,OP,Solar Photovoltaic,PV,Commercial Non-CHP,4,0.3,0.3,0.3,10,2008,,Y,,,,,,,,0.4,Y,,,,,
56113,MMA GDC Power LP,56909,Gap Pacific Distribution Center,CA,FRESNO,2,OP,Solar Photovoltaic,PV,Commercial Non-CHP,4,0.3,0.3,0.3,10,2008,,Y,,,,,,,,0.3,Y,,,,,
56113,MMA GDC Power LP,56909,Gap Pacific Distribution Center,CA,FRESNO,3,OP,Solar Photovoltaic,PV,Commercial Non-CHP,4,0.3,0.3,0.3,10,2008,,Y,,,,,,,,0.3,Y,,,,,
56113,MMA GDC Power LP,56909,Gap Pacific Distribution Center,CA,FRESNO,4,OP,Solar Photovoltaic,PV,Commercial Non-CHP,4,0.3,0.3,0.3,10,2008,,Y,,,,,,,,0.3,Y,,,,,
56128,SAS Institute Inc,56915,SAS Solar Farm,NC,Wake,1,OP,Solar Photovoltaic,PV,IPP Non-CHP,2,0.5,0.5,0.5,12,2008,,Y,,,,,,,,0.5,Y,,,,,
56128,SAS Institute Inc,56915,SAS Solar Farm,NC,Wake,2,OP,Solar Photovoltaic,PV,IPP Non-CHP,2,0.5,0.5,0.5,12,2008,,Y,,,,,,,,0.5,Y,,,,,
56128,SAS Institute Inc,56915,SAS Solar Farm,NC,Wake,3,OP,Solar Photovoltaic,PV,IPP Non-CHP,2,0.5,0.5,0.5,8,2010,,Y,,,,,,,,0.5,Y,,,,,
56128,SAS Institute Inc,56915,SAS Solar Farm,NC,Wake,4,OP,Solar Photovoltaic,PV,IPP Non-CHP,2,0.5,0.5,0.5,8,2010,,Y,,,,,,,,0.5,Y,,,,,
56167,"Imperial Valley Solar, LLC",56917,"Imperial Valley Solar, LLC",CA,IMPERIAL,1,OP,Solar Photovoltaic,PV,IPP Non-CHP,2,101.0,101.0,101.0,11,2013,,Y,,,,,,,,129.3,,Y,,,,
56167,"Imperial Valley Solar, LLC",56917,"Imperial Valley Solar, LLC",CA,IMPERIAL,1A,OP,Solar Photovoltaic,PV,IPP Non-CHP,2,64.6,64.6,64.6,12,2013,,Y,,,,,,,,82.7,,Y,,,,
56167,"Imperial Valley Solar, LLC",56917,"Imperial Valley Solar, LLC",CA,IMPERIAL,1B,OP,Solar Photovoltaic,PV,IPP Non-CHP,2,34.3,34.3,34.3,3,2014,,Y,,,,,,,,43.9,,Y,,,,
56431,SunE U6 Holdings LLC,56922,WWRF Solar Plant,CO,Garfield,EAST,OP,Solar Photovoltaic,PV,IPP Non-CHP,2,0.5,0.4,0.4,2,2009,,Y,N,,,,,,,0.6,Y,,,,,
56431,SunE U6 Holdings LLC,56922,WWRF Solar Plant,CO,Garfield,WEST,OP,Solar Photovoltaic,PV,IPP Non-CHP,2,1.2,0.9,0.9,2,2009,,Y,,,,,,,,1.1,Y,,,,,
6452,Florida Power & Light Co,56929,DeSoto Next Generation Solar Energy,FL,DeSoto,1,OP,Solar Photovoltaic,PV,Electric Utility,1,25.0,25.0,25.0,10,2009,,Y,,,,,,,,27.6,Y,,,,,
6452,Florida Power & Light Co,56930,Space Coast Next Gen Solar Energy,FL,Brevard,1,OP,Solar Photovoltaic,PV,Electric Utility,1,10.0,10.0,10.0,4,2010,,,,Y,,,,,,11.5,Y,,,,,
56183,SunE NC Progress 1 LLC,56938,SunEdison LV Sutton Plant Site,NC,NEW HANOVER,NCP1,OP,Solar Photovoltaic,PV,IPP Non-CHP,2,1.2,1.2,1.2,12,2008,,Y,,,,,,,,1.2,Y,,,,,
59399,NRG Solar Blythe,56939,NRG Solar Blythe LLC,CA,Riverside,1,OP,Solar Photovoltaic,PV,IPP Non-CHP,2,21.0,21.0,21.0,12,2009,,,,Y,,,,,,26.4,,Y,,,,
57036,Copper Mountain 1 LLC,56944,CM10,NV,Clark,PV01,OP,Solar Photovoltaic,PV,IPP Non-CHP,2,10.0,10.0,10.0,12,2008,,,,Y,,,,,,12.4,,Y,,,,
56237,QVC Inc,56966,QVC Inc,NC,Edgecombe,1,OP,Solar Photovoltaic,PV,IPP Non-CHP,2,1.0,1.0,1.0,12,2008,,Y,,,Y,,,,N,1,Y,,,,,
56284,MF Mesa Lane LLC,56993,MF Mesa Lane LLC,PA,Bucks,MESA,OP,Solar Photovoltaic,PV,IPP Non-CHP,2,3.0,1.5,1.1,11,2008,,,,Y,,,,,,3,Y,,,,,
17609,Southern California Edison Co,56996,Solar Photovoltaic Project #02,CA,SAN BERNARDINO,S1A,OP,Solar Photovoltaic,PV,Electric Utility,1,0.5,0.5,0.5,12,2009,,,,Y,,,,,,0.6,,Y,,,,
17609,Southern California Edison Co,56996,Solar Photovoltaic Project #02,CA,SAN BERNARDINO,S1B,OP,Solar Photovoltaic,PV,Electric Utility,1,0.5,0.5,0.5,12,2009,,,,Y,,,,,,0.6,,Y,,,,
56294,SunE WG113 Moreno Valley LLC,57004,SunEdison Walgreens Moreno Valley,CA,RIVERSIDE,1,OP,Solar Photovoltaic,PV,IPP Non-CHP,2,1.0,0.9,0.9,9,2007,,Y,,,,,,,,1.2,Y,,,,,
56431,SunE U6 Holdings LLC,57005,Mariani Packing Vacaville Solar,CA,SOLANO,1,OP,Solar Photovoltaic,PV,IPP Non-CHP,2,1.0,0.9,0.9,11,2008,,Y,,,,,,,,1.1,Y,,,,,
56296,SunE WG45 Woodland LLC,57006,Walgreens Woodland Distribution Center,CA,YOLO,1,OP,Solar Photovoltaic,PV,IPP Non-CHP,2,1.0,0.9,0.9,8,2007,,Y,,,,,,,,1.2,Y,,,,,
56297,SunE CPA CDC2 LLC,57007,SunEdison Ironwood State Prison,CA,Riverside,1,OP,Solar Photovoltaic,PV,IPP Non-CHP,2,1.0,0.9,0.9,5,2008,,Y,,,,,,,,1.2,Y,,,,,
56431,SunE U6 Holdings LLC,57008,SunEdison Procter & Gamble Oxnard,CA,Ventura,1,OP,Solar Photovoltaic,PV,IPP Non-CHP,2,1.0,0.8,0.8,10,2009,,,,Y,,,,,,1.1,,Y,,,,
56300,SunE KHL55 San Bernardino LLC,57009,Kohls San Bernardino Solar Facility,CA,SAN BERNARDINO,1,OP,Solar Photovoltaic,PV,IPP Non-CHP,2,1.0,0.9,0.9,11,2007,,Y,,,,,,,,1.2,Y,,,,,
56434,SunE M5 Holdings LLC,57010,SunEdison Anheuser Busch Fairfield,CA,Solano,1,OP,Solar Photovoltaic,PV,IPP Non-CHP,2,1.0,0.9,0.9,12,2008,,Y,,,,,,,,1.1,Y,,,,,
56302,SunE CPA CDC1 LLC,57011,Chuckawalla Valley State Prison,CA,Riverside,1,OP,Solar Photovoltaic,PV,IPP Non-CHP,2,1.0,0.9,0.9,6,2006,,,,Y,,,,,,1.2,Y,,,,,
56434,SunE M5 Holdings LLC,57012,SunEdison Walmart Apple Valley DC,CA,SAN BERNARDINO,1,OP,Solar Photovoltaic,PV,IPP Non-CHP,2,1.0,0.9,0.9,3,2009,,Y,,,,,,,,1.1,Y,,,,,
14328,Pacific Gas & Electric Co,57041,Vaca Dixon Solar Station,CA,Solano,1,OP,Solar Photovoltaic,PV,Electric Utility,1,2.0,2.0,2.0,12,2009,,,,Y,,,,,,2.6,Y,,,,,
57499,NRG Energy Services,57073,Ivanpah 2,CA,San Bernardino,ST1,OP,Solar Thermal without Energy Storage,ST,IPP Non-CHP,2,133.4,133.4,133.4,12,2013,Y,,Y,,,,Y,,, ,,,,,,
57499,NRG Energy Services,57074,Ivanpah 1,CA,San Bernardino,ST1,OP,Solar Thermal without Energy Storage,ST,IPP Non-CHP,2,133.0,133.0,133.0,12,2013,Y,,Y,,,,Y,,, ,,,,,,
57499,NRG Energy Services,57075,Ivanpah 3,CA,San Bernardino,ST1,OP,Solar Thermal without Energy Storage,ST,IPP Non-CHP,2,133.4,133.4,133.4,12,2013,Y,,Y,,,,Y,,, ,,,,,,
56610,Calpine Vineland Solar LLC,57081,Calpine Vineland Solar LLC,NJ,Cumberland,CVS1,OP,Solar Photovoltaic,PV,IPP Non-CHP,2,2.3,2.3,2.3,8,2009,,,,Y,,,,,,2.4,Y,,,,,
56610,Calpine Vineland Solar LLC,57081,Calpine Vineland Solar LLC,NJ,Cumberland,CVS2,OP,Solar Photovoltaic,PV,IPP Non-CHP,2,1.8,1.8,1.8,12,2009,,,,Y,,,,,,1.9,Y,,,,,
56493,RV CSU Power LLC,57141,RV CSU Power LLC,CO,LARIMER,CSU1,OP,Solar Photovoltaic,PV,Commercial Non-CHP,4,1.9,1.9,1.9,12,2009,,Y,,,,,,,,2,Y,,,,,
6035,Exelon Power,57191,Exelon Solar Chicago,IL,Cook,ECS1,OP,Solar Photovoltaic,PV,IPP Non-CHP,2,9.0,9.0,9.0,12,2009,,Y,,,,,,,,10,Y,,,,,
56565,TX Solar I LLC,57197,Blue Wing Solar Energy Generation,TX,Bexar,1,OP,Solar Photovoltaic,PV,IPP Non-CHP,2,13.9,13.5,13.5,11,2010,,,,Y,,,,,,16.7,,Y,,,,
56563,Solar Star North Carolina I LLC,57200,Shelby Solar Energy Generation Facility,NC,Cleveland,1,OP,Solar Photovoltaic,PV,IPP Non-CHP,2,1.0,1.0,1.0,5,2010,,Y,,,,,,,,1,Y,,,,,
56582,Jacksonville Solar LLC,57202,Jacksonville Solar,FL,Duval,1,OP,Solar Photovoltaic,PV,IPP Non-CHP,2,15.0,12.5,12.5,4,2010,,,,Y,,,,,,15,,Y,,,,
56583,Wyandot Solar LLC,57203,Wyandot Solar Farm,OH,WYANDOT,1,OP,Solar Photovoltaic,PV,IPP Non-CHP,2,10.0,10.0,10.0,4,2010,,,,Y,,,,,,12,,Y,,,,
56584,PSEG Solar Hackettstown LLC,57204,PSEG Hackettstown,NJ,Warren,1,OP,Solar Photovoltaic,PV,IPP Non-CHP,2,2.2,2.2,2.2,9,2009,,,,Y,,,,,,2.2,,Y,,,,
57036,Copper Mountain 1 LLC,57205,CM48,NV,Clark,PV02,OP,Solar Photovoltaic,PV,IPP Non-CHP,2,8.0,8.0,8.0,6,2010,,,,Y,,,,,,10.1,,Y,,,,
57036,Copper Mountain 1 LLC,57205,CM48,NV,Clark,PV03,OP,Solar Photovoltaic,PV,IPP Non-CHP,2,10.0,10.0,10.0,9,2010,,,,Y,,,,,,12.6,,Y,,,,
57036,Copper Mountain 1 LLC,57205,CM48,NV,Clark,PV04,OP,Solar Photovoltaic,PV,IPP Non-CHP,2,10.0,10.0,10.0,10,2010,,,,Y,,,,,,12.6,,Y,,,,
57036,Copper Mountain 1 LLC,57205,CM48,NV,Clark,PV05,OP,Solar Photovoltaic,PV,IPP Non-CHP,2,10.0,10.0,10.0,11,2010,,,,Y,,,,,,12.6,,Y,,,,
57036,Copper Mountain 1 LLC,57205,CM48,NV,Clark,PV06,OP,Solar Photovoltaic,PV,IPP Non-CHP,2,10.0,10.0,10.0,12,2010,,,,Y,,,,,,12.6,,Y,,,,
19391,UGI Development Co,57216,Crayola Solar Project,PA,Northampton,1,OP,Solar Photovoltaic,PV,IPP Non-CHP,2,1.0,1.0,1.0,5,2010,,,,Y,,,,,,1.1,Y,,,,,
19391,UGI Development Co,57216,Crayola Solar Project,PA,Northampton,2,OP,Solar Photovoltaic,PV,IPP Non-CHP,2,1.0,1.0,1.0,4,2011,,,,Y,,,,,,1.1,Y,,,,,
19391,UGI Development Co,57216,Crayola Solar Project,PA,Northampton,3,OP,Solar Photovoltaic,PV,IPP Non-CHP,2,0.8,0.8,0.8,1,2012,,,,Y,,,,,,0.9,Y,,,,,
17609,Southern California Edison Co,57217,Solar Photovoltaic Project #03,CA,SAN BERNARDINO,S003A,OP,Solar Photovoltaic,PV,Electric Utility,1,0.5,0.5,0.5,3,2011,,,,Y,,,,,,0.6,,Y,,,,
17609,Southern California Edison Co,57217,Solar Photovoltaic Project #03,CA,SAN BERNARDINO,S003B,OP,Solar Photovoltaic,PV,Electric Utility,1,0.5,0.5,0.5,3,2011,,,,Y,,,,,,0.6,,Y,,,,
17609,Southern California Edison Co,57219,Solar Photovoltaic Project #05,CA,SAN BERNARDINO,S005A,OP,Solar Photovoltaic,PV,Electric Utility,1,0.5,0.5,0.5,11,2012,,,,Y,,,,,,0.7,Y,,,,,
17609,Southern California Edison Co,57219,Solar Photovoltaic Project #05,CA,SAN BERNARDINO,S005B,OP,Solar Photovoltaic,PV,Electric Utility,1,0.5,0.5,0.5,11,2012,,,,Y,,,,,,0.7,Y,,,,,
17609,Southern California Edison Co,57219,Solar Photovoltaic Project #05,CA,SAN BERNARDINO,S005C,OP,Solar Photovoltaic,PV,Electric Utility,1,0.5,0.5,0.5,11,2012,,,,Y,,,,,,0.7,Y,,,,,
17609,Southern California Edison Co,57219,Solar Photovoltaic Project #05,CA,SAN BERNARDINO,S005D,OP,Solar Photovoltaic,PV,Electric Utility,1,0.5,0.5,0.5,11,2012,,,,Y,,,,,,0.7,Y,,,,,
17609,Southern California Edison Co,57219,Solar Photovoltaic Project #05,CA,SAN BERNARDINO,S005E,OP,Solar Photovoltaic,PV,Electric Utility,1,0.5,0.5,0.5,11,2012,,,,Y,,,,,,0.7,Y,,,,,
17609,Southern California Edison Co,57220,Solar Photovoltaic Project #06,CA,SAN BERNARDINO,S006A,OP,Solar Photovoltaic,PV,Electric Utility,1,0.5,0.5,0.5,8,2011,,,,Y,,,,,,0.6,Y,,,,,
17609,Southern California Edison Co,57220,Solar Photovoltaic Project #06,CA,SAN BERNARDINO,S006B,OP,Solar Photovoltaic,PV,Electric Utility,1,0.5,0.5,0.5,8,2011,,,,Y,,,,,,0.6,Y,,,,,
17609,Southern California Edison Co,57220,Solar Photovoltaic Project #06,CA,SAN BERNARDINO,S006C,OP,Solar Photovoltaic,PV,Electric Utility,1,0.5,0.5,0.5,8,2011,,,,Y,,,,,,0.6,Y,,,,,
17609,Southern California Edison Co,57220,Solar Photovoltaic Project #06,CA,SAN BERNARDINO,S006D,OP,Solar Photovoltaic,PV,Electric Utility,1,0.5,0.5,0.5,8,2011,,,,Y,,,,,,0.6,Y,,,,,
17609,Southern California Edison Co,57221,Solar Photovoltaic Project #07,CA,SAN BERNARDINO,S007A,OP,Solar Photovoltaic,PV,Electric Utility,1,0.5,0.5,0.5,11,2012,,,,Y,,,,,,0.6,Y,,,,,
17609,Southern California Edison Co,57221,Solar Photovoltaic Project #07,CA,SAN BERNARDINO,S007B,OP,Solar Photovoltaic,PV,Electric Utility,1,0.5,0.5,0.5,11,2012,,,,Y,,,,,,0.6,Y,,,,,
17609,Southern California Edison Co,57221,Solar Photovoltaic Project #07,CA,SAN BERNARDINO,S007C,OP,Solar Photovoltaic,PV,Electric Utility,1,0.5,0.5,0.5,11,2012,,,,Y,,,,,,0.6,Y,,,,,
17609,Southern California Edison Co,57221,Solar Photovoltaic Project #07,CA,SAN BERNARDINO,S007D,OP,Solar Photovoltaic,PV,Electric Utility,1,0.5,0.5,0.5,11,2012,,,,Y,,,,,,0.6,Y,,,,,
17609,Southern California Edison Co,57221,Solar Photovoltaic Project #07,CA,SAN BERNARDINO,S007E,OP,Solar Photovoltaic,PV,Electric Utility,1,0.5,0.5,0.5,11,2012,,,,Y,,,,,,0.6,Y,,,,,
17609,Southern California Edison Co,57222,Solar Photovoltaic Project #08,CA,SAN BERNARDINO,S008A,OP,Solar Photovoltaic,PV,Electric Utility,1,0.5,0.5,0.5,8,2011,,,,Y,,,,,,0.7,Y,,,,,
17609,Southern California Edison Co,57222,Solar Photovoltaic Project #08,CA,SAN BERNARDINO,S008B,OP,Solar Photovoltaic,PV,Electric Utility,1,0.5,0.5,0.5,8,2011,,,,Y,,,,,,0.7,Y,,,,,
17609,Southern California Edison Co,57222,Solar Photovoltaic Project #08,CA,SAN BERNARDINO,S008C,OP,Solar Photovoltaic,PV,Electric Utility,1,0.5,0.5,0.5,8,2011,,,,Y,,,,,,0.7,Y,,,,,
17609,Southern California Edison Co,57222,Solar Photovoltaic Project #08,CA,SAN BERNARDINO,S008D,OP,Solar Photovoltaic,PV,Electric Utility,1,0.5,0.5,0.5,8,2011,,,,Y,,,,,,0.7,Y,,,,,
17609,Southern California Edison Co,57223,Solar Photovoltaic Project #09,CA,SAN BERNARDINO,S009A,OP,Solar Photovoltaic,PV,Electric Utility,1,0.5,0.5,0.5,8,2011,,,,Y,,,,,,0.7,Y,,,,,
17609,Southern California Edison Co,57223,Solar Photovoltaic Project #09,CA,SAN BERNARDINO,S009B,OP,Solar Photovoltaic,PV,Electric Utility,1,0.5,0.5,0.5,8,2011,,,,Y,,,,,,0.7,Y,,,,,
17609,Southern California Edison Co,57224,Solar Photovoltaic Project #10,CA,SAN BERNARDINO,S010A,OP,Solar Photovoltaic,PV,Electric Utility,1,0.5,0.5,0.5,1,2013,,,,Y,,,,,,0.8,Y,,,,,
17609,Southern California Edison Co,57224,Solar Photovoltaic Project #10,CA,SAN BERNARDINO,S010B,OP,Solar Photovoltaic,PV,Electric Utility,1,0.5,0.5,0.5,1,2013,,,,Y,,,,,,0.8,Y,,,,,
17609,Southern California Edison Co,57224,Solar Photovoltaic Project #10,CA,SAN BERNARDINO,S010C,OP,Solar Photovoltaic,PV,Electric Utility,1,0.5,0.5,0.5,1,2013,,,,Y,,,,,,0.8,Y,,,,,
17609,Southern California Edison Co,57225,Solar Photovoltaic Project #11,CA,SAN BERNARDINO,S011A,OP,Solar Photovoltaic,PV,Electric Utility,1,0.5,0.5,0.5,2,2015,,,,Y,,,,,,0.7,Y,,,,,
17609,Southern California Edison Co,57225,Solar Photovoltaic Project #11,CA,SAN BERNARDINO,S011B,OP,Solar Photovoltaic,PV,Electric Utility,1,0.5,0.5,0.5,2,2015,,,,Y,,,,,,0.7,Y,,,,,
17609,Southern California Edison Co,57225,Solar Photovoltaic Project #11,CA,SAN BERNARDINO,S011C,OP,Solar Photovoltaic,PV,Electric Utility,1,0.5,0.5,0.5,2,2015,,,,Y,,,,,,0.7,Y,,,,,
17609,Southern California Edison Co,57225,Solar Photovoltaic Project #11,CA,SAN BERNARDINO,S011D,OP,Solar Photovoltaic,PV,Electric Utility,1,0.5,0.5,0.5,2,2015,,,,Y,,,,,,0.7,Y,,,,,
17609,Southern California Edison Co,57225,Solar Photovoltaic Project #11,CA,SAN BERNARDINO,S011E,OP,Solar Photovoltaic,PV,Electric Utility,1,0.5,0.5,0.5,2,2015,,,,Y,,,,,,0.7,Y,,,,,
17609,Southern California Edison Co,57225,Solar Photovoltaic Project #11,CA,SAN BERNARDINO,S011F,OP,Solar Photovoltaic,PV,Electric Utility,1,0.5,0.5,0.5,2,2015,,,,Y,,,,,,0.7,Y,,,,,
17609,Southern California Edison Co,57225,Solar Photovoltaic Project #11,CA,SAN BERNARDINO,S011G,OP,Solar Photovoltaic,PV,Electric Utility,1,0.5,0.5,0.5,2,2015,,,,Y,,,,,,0.7,Y,,,,,
17609,Southern California Edison Co,57226,Solar Photovoltaic Project #12,CA,SAN BERNARDINO,S012A,OP,Solar Photovoltaic,PV,Electric Utility,1,0.5,0.5,0.5,8,2011,,,,Y,,,,,,0.8,Y,,,,,
17609,Southern California Edison Co,57227,Solar Photovoltaic Project #13,CA,SAN BERNARDINO,S013A,OP,Solar Photovoltaic,PV,Electric Utility,1,0.5,0.5,0.5,2,2015,,,,Y,,,,,,0.7,Y,,,,,
17609,Southern California Edison Co,57227,Solar Photovoltaic Project #13,CA,SAN BERNARDINO,S013B,OP,Solar Photovoltaic,PV,Electric Utility,1,0.5,0.5,0.5,2,2015,,,,Y,,,,,,0.7,Y,,,,,
17609,Southern California Edison Co,57227,Solar Photovoltaic Project #13,CA,SAN BERNARDINO,S013C,OP,Solar Photovoltaic,PV,Electric Utility,1,0.5,0.5,0.5,2,2015,,,,Y,,,,,,0.7,Y,,,,,
17609,Southern California Edison Co,57227,Solar Photovoltaic Project #13,CA,SAN BERNARDINO,S013D,OP,Solar Photovoltaic,PV,Electric Utility,1,0.5,0.5,0.5,2,2015,,,,Y,,,,,,0.7,Y,,,,,
17609,Southern California Edison Co,57227,Solar Photovoltaic Project #13,CA,SAN BERNARDINO,S013E,OP,Solar Photovoltaic,PV,Electric Utility,1,0.5,0.5,0.5,2,2015,,,,Y,,,,,,0.7,Y,,,,,
17609,Southern California Edison Co,57227,Solar Photovoltaic Project #13,CA,SAN BERNARDINO,S013F,OP,Solar Photovoltaic,PV,Electric Utility,1,0.5,0.5,0.5,2,2015,,,,Y,,,,,,0.7,Y,,,,,
17609,Southern California Edison Co,57227,Solar Photovoltaic Project #13,CA,SAN BERNARDINO,S013G,OP,Solar Photovoltaic,PV,Electric Utility,1,0.5,0.5,0.5,2,2015,,,,Y,,,,,,0.7,Y,,,,,
17609,Southern California Edison Co,57229,Solar Photovoltaic Project #15,CA,SAN BERNARDINO,S015A,OP,Solar Photovoltaic,PV,Electric Utility,1,0.5,0.5,0.5,1,2013,,,,Y,,,,,,0.6,,Y,,,,
17609,Southern California Edison Co,57229,Solar Photovoltaic Project #15,CA,SAN BERNARDINO,S015B,OP,Solar Photovoltaic,PV,Electric Utility,1,0.5,0.5,0.5,1,2013,,,,Y,,,,,,0.6,,Y,,,,
17609,Southern California Edison Co,57229,Solar Photovoltaic Project #15,CA,SAN BERNARDINO,S015C,OP,Solar Photovoltaic,PV,Electric Utility,1,0.5,0.5,0.5,1,2013,,,,Y,,,,,,0.6,,Y,,,,
17609,Southern California Edison Co,57229,Solar Photovoltaic Project #15,CA,SAN BERNARDINO,S015D,OP,Solar Photovoltaic,PV,Electric Utility,1,0.5,0.5,0.5,1,2013,,,,Y,,,,,,0.6,,Y,,,,
17609,Southern California Edison Co,57229,Solar Photovoltaic Project #15,CA,SAN BERNARDINO,S015E,OP,Solar Photovoltaic,PV,Electric Utility,1,0.5,0.5,0.5,1,2013,,,,Y,,,,,,0.6,Y,,,,,
17609,Southern California Edison Co,57229,Solar Photovoltaic Project #15,CA,SAN BERNARDINO,S015F,OP,Solar Photovoltaic,PV,Electric Utility,1,0.5,0.5,0.5,1,2013,,,,Y,,,,,,0.6,Y,,,,,
17609,Southern California Edison Co,57229,Solar Photovoltaic Project #15,CA,SAN BERNARDINO,S015G,OP,Solar Photovoltaic,PV,Electric Utility,1,0.5,0.5,0.5,1,2013,,,,Y,,,,,,0.6,Y,,,,,
17609,Southern California Edison Co,57230,Solar Photovoltaic Project #16,CA,SAN BERNARDINO,S016A,OP,Solar Photovoltaic,PV,Electric Utility,1,0.5,0.5,0.5,2,2015,,,,Y,,,,,,0.6,Y,,,,,
17609,Southern California Edison Co,57230,Solar Photovoltaic Project #16,CA,SAN BERNARDINO,S016B,OP,Solar Photovoltaic,PV,Electric Utility,1,0.5,0.5,0.5,2,2015,,,,Y,,,,,,0.6,Y,,,,,
17609,Southern California Edison Co,57230,Solar Photovoltaic Project #16,CA,SAN BERNARDINO,S016C,OP,Solar Photovoltaic,PV,Electric Utility,1,0.5,0.5,0.5,2,2015,,,,Y,,,,,,0.6,Y,,,,,
17609,Southern California Edison Co,57231,Solar Photovoltaic Project #17,CA,SAN BERNARDINO,S017A,OP,Solar Photovoltaic,PV,Electric Utility,1,0.5,0.5,0.5,1,2015,,,,Y,,,,,,0.6,Y,,,,,
17609,Southern California Edison Co,57231,Solar Photovoltaic Project #17,CA,SAN BERNARDINO,S017B,OP,Solar Photovoltaic,PV,Electric Utility,1,0.5,0.5,0.5,1,2015,,,,Y,,,,,,0.6,Y,,,,,
17609,Southern California Edison Co,57231,Solar Photovoltaic Project #17,CA,SAN BERNARDINO,S017C,OP,Solar Photovoltaic,PV,Electric Utility,1,0.5,0.5,0.5,1,2015,,,,Y,,,,,,0.6,Y,,,,,
17609,Southern California Edison Co,57231,Solar Photovoltaic Project #17,CA,SAN BERNARDINO,S017D,OP,Solar Photovoltaic,PV,Electric Utility,1,0.5,0.5,0.5,1,2015,,,,Y,,,,,,0.6,Y,,,,,
17609,Southern California Edison Co,57231,Solar Photovoltaic Project #17,CA,SAN BERNARDINO,S017E,OP,Solar Photovoltaic,PV,Electric Utility,1,0.5,0.5,0.5,1,2015,,,,Y,,,,,,0.6,Y,,,,,
17609,Southern California Edison Co,57231,Solar Photovoltaic Project #17,CA,SAN BERNARDINO,S017F,OP,Solar Photovoltaic,PV,Electric Utility,1,0.5,0.5,0.5,1,2015,,,,Y,,,,,,0.6,Y,,,,,
17609,Southern California Edison Co,57231,Solar Photovoltaic Project #17,CA,SAN BERNARDINO,S017G,OP,Solar Photovoltaic,PV,Electric Utility,1,0.5,0.5,0.5,1,2015,,,,Y,,,,,,0.6,Y,,,,,
17609,Southern California Edison Co,57232,Solar Photovoltaic Project #18,CA,SAN BERNARDINO,S018A,OP,Solar Photovoltaic,PV,Electric Utility,1,0.5,0.5,0.5,11,2012,,,,Y,,,,,,0.7,Y,,,,,
17609,Southern California Edison Co,57232,Solar Photovoltaic Project #18,CA,SAN BERNARDINO,S018B,OP,Solar Photovoltaic,PV,Electric Utility,1,0.5,0.5,0.5,11,2012,,,,Y,,,,,,0.7,Y,,,,,
17609,Southern California Edison Co,57232,Solar Photovoltaic Project #18,CA,SAN BERNARDINO,S018C,OP,Solar Photovoltaic,PV,Electric Utility,1,0.5,0.5,0.5,11,2012,,,,Y,,,,,,0.7,Y,,,,,
17609,Southern California Edison Co,57236,Solar Photovoltaic Project #23,CA,San Bernardino,S023A,OP,Solar Photovoltaic,PV,Electric Utility,1,0.5,0.5,0.5,1,2013,,,,Y,,,,,,0.8,Y,,,,,
17609,Southern California Edison Co,57236,Solar Photovoltaic Project #23,CA,San Bernardino,S023B,OP,Solar Photovoltaic,PV,Electric Utility,1,0.5,0.5,0.5,1,2013,,,,Y,,,,,,0.8,Y,,,,,
17609,Southern California Edison Co,57236,Solar Photovoltaic Project #23,CA,San Bernardino,S023C,OP,Solar Photovoltaic,PV,Electric Utility,1,0.5,0.5,0.5,1,2013,,,,Y,,,,,,0.8,Y,,,,,
17609,Southern California Edison Co,57236,Solar Photovoltaic Project #23,CA,San Bernardino,S023D,OP,Solar Photovoltaic,PV,Electric Utility,1,0.5,0.5,0.5,1,2013,,,,Y,,,,,,0.8,Y,,,,,
17609,Southern California Edison Co,57236,Solar Photovoltaic Project #23,CA,San Bernardino,S023E,OP,Solar Photovoltaic,PV,Electric Utility,1,0.5,0.5,0.5,1,2013,,,,Y,,,,,,0.8,Y,,,,,
17609,Southern California Edison Co,57237,Solar Photovoltaic Project #22,CA,San Bernardino,S022A,OP,Solar Photovoltaic,PV,Electric Utility,1,0.5,0.5,0.5,8,2011,,,,Y,,,,,,0.8,Y,,,,,
17609,Southern California Edison Co,57237,Solar Photovoltaic Project #22,CA,San Bernardino,S022B,OP,Solar Photovoltaic,PV,Electric Utility,1,0.5,0.5,0.5,8,2011,,,,Y,,,,,,0.8,Y,,,,,
17609,Southern California Edison Co,57237,Solar Photovoltaic Project #22,CA,San Bernardino,S022C,OP,Solar Photovoltaic,PV,Electric Utility,1,0.5,0.5,0.5,8,2011,,,,Y,,,,,,0.8,Y,,,,,
17609,Southern California Edison Co,57237,Solar Photovoltaic Project #22,CA,San Bernardino,S022D,OP,Solar Photovoltaic,PV,Electric Utility,1,0.5,0.5,0.5,8,2011,,,,Y,,,,,,0.8,Y,,,,,
17650,Southern Power Co,57243,Cimarron Solar Facility,NM,COLFAX,CIM1,OP,Solar Photovoltaic,PV,IPP Non-CHP,2,30.6,30.6,30.6,12,2010,,,,Y,,,,,,37.4,,Y,,,,
17609,Southern California Edison Co,57245,Solar Photovoltaic Project #26,CA,SAN BERNARDINO,S026A,OP,Solar Photovoltaic,PV,Electric Utility,1,0.5,0.5,0.5,2,2015,,,,Y,,,,,,0.7,Y,,,,,
17609,Southern California Edison Co,57245,Solar Photovoltaic Project #26,CA,SAN BERNARDINO,S026B,OP,Solar Photovoltaic,PV,Electric Utility,1,0.5,0.5,0.5,2,2015,,,,Y,,,,,,0.7,Y,,,,,
17609,Southern California Edison Co,57245,Solar Photovoltaic Project #26,CA,SAN BERNARDINO,S026C,OP,Solar Photovoltaic,PV,Electric Utility,1,0.5,0.5,0.5,2,2015,,,,Y,,,,,,0.7,Y,,,,,
17609,Southern California Edison Co,57245,Solar Photovoltaic Project #26,CA,SAN BERNARDINO,S026D,OP,Solar Photovoltaic,PV,Electric Utility,1,0.5,0.5,0.5,2,2015,,,,Y,,,,,,0.7,Y,,,,,
17609,Southern California Edison Co,57245,Solar Photovoltaic Project #26,CA,SAN BERNARDINO,S026E,OP,Solar Photovoltaic,PV,Electric Utility,1,0.5,0.5,0.5,2,2015,,,,Y,,,,,,0.7,Y,,,,,
17609,Southern California Edison Co,57245,Solar Photovoltaic Project #26,CA,SAN BERNARDINO,S026F,OP,Solar Photovoltaic,PV,Electric Utility,1,0.5,0.5,0.5,2,2015,,,,Y,,,,,,0.7,Y,,,,,
17609,Southern California Edison Co,57245,Solar Photovoltaic Project #26,CA,SAN BERNARDINO,S026G,OP,Solar Photovoltaic,PV,Electric Utility,1,0.5,0.5,0.5,2,2015,,,,Y,,,,,,0.7,Y,,,,,
17609,Southern California Edison Co,57245,Solar Photovoltaic Project #26,CA,SAN BERNARDINO,S026H,OP,Solar Photovoltaic,PV,Electric Utility,1,0.5,0.5,0.5,2,2015,,,,Y,,,,,,0.7,Y,,,,,
17609,Southern California Edison Co,57245,Solar Photovoltaic Project #26,CA,SAN BERNARDINO,S026I,OP,Solar Photovoltaic,PV,Electric Utility,1,0.5,0.5,0.5,2,2015,,,,Y,,,,,,0.7,Y,,,,,
17609,Southern California Edison Co,57245,Solar Photovoltaic Project #26,CA,SAN BERNARDINO,S026J,OP,Solar Photovoltaic,PV,Electric Utility,1,0.5,0.5,0.5,2,2015,,,,Y,,,,,,0.7,Y,,,,,
17609,Southern California Edison Co,57245,Solar Photovoltaic Project #26,CA,SAN BERNARDINO,SO26K,OP,Solar Photovoltaic,PV,Electric Utility,1,0.5,0.5,0.5,2,2015,,,,Y,,,,,,0.7,Y,,,,,
17609,Southern California Edison Co,57245,Solar Photovoltaic Project #26,CA,SAN BERNARDINO,SO26L,OP,Solar Photovoltaic,PV,Electric Utility,1,0.5,0.5,0.5,2,2015,,,,Y,,,,,,0.7,Y,,,,,
17609,Southern California Edison Co,57246,Solar Photovoltaic Project #27,CA,SAN BERNARDINO,S027A,OP,Solar Photovoltaic,PV,Electric Utility,1,0.5,0.5,0.5,2,2015,,,,Y,,,,,,0.7,Y,,,,,
17609,Southern California Edison Co,57246,Solar Photovoltaic Project #27,CA,SAN BERNARDINO,S027B,OP,Solar Photovoltaic,PV,Electric Utility,1,0.5,0.5,0.5,2,2015,,,,Y,,,,,,0.7,Y,,,,,
17609,Southern California Edison Co,57246,Solar Photovoltaic Project #27,CA,SAN BERNARDINO,S027C,OP,Solar Photovoltaic,PV,Electric Utility,1,0.5,0.5,0.5,2,2015,,,,Y,,,,,,0.7,Y,,,,,
17609,Southern California Edison Co,57246,Solar Photovoltaic Project #27,CA,SAN BERNARDINO,S027D,OP,Solar Photovoltaic,PV,Electric Utility,1,0.5,0.5,0.5,2,2015,,,,Y,,,,,,0.7,Y,,,,,
17609,Southern California Edison Co,57247,Solar Photovoltaic Project #28,CA,SAN BERNARDINO,S028A,OP,Solar Photovoltaic,PV,Electric Utility,1,0.5,0.5,0.5,2,2015,,,,Y,,,,,,0.7,Y,,,,,
17609,Southern California Edison Co,57247,Solar Photovoltaic Project #28,CA,SAN BERNARDINO,S028B,OP,Solar Photovoltaic,PV,Electric Utility,1,0.5,0.5,0.5,2,2015,,,,Y,,,,,,0.7,Y,,,,,
17609,Southern California Edison Co,57247,Solar Photovoltaic Project #28,CA,SAN BERNARDINO,S028C,OP,Solar Photovoltaic,PV,Electric Utility,1,0.5,0.5,0.5,2,2015,,,,Y,,,,,,0.7,Y,,,,,
17609,Southern California Edison Co,57247,Solar Photovoltaic Project #28,CA,SAN BERNARDINO,S028D,OP,Solar Photovoltaic,PV,Electric Utility,1,0.5,0.5,0.5,2,2015,,,,Y,,,,,,0.7,Y,,,,,
17609,Southern California Edison Co,57247,Solar Photovoltaic Project #28,CA,SAN BERNARDINO,S028E,OP,Solar Photovoltaic,PV,Electric Utility,1,0.5,0.5,0.5,2,2015,,,,Y,,,,,,0.7,Y,,,,,
17609,Southern California Edison Co,57247,Solar Photovoltaic Project #28,CA,SAN BERNARDINO,S028F,OP,Solar Photovoltaic,PV,Electric Utility,1,0.5,0.5,0.5,2,2015,,,,Y,,,,,,0.7,Y,,,,,
17609,Southern California Edison Co,57247,Solar Photovoltaic Project #28,CA,SAN BERNARDINO,S028G,OP,Solar Photovoltaic,PV,Electric Utility,1,0.5,0.5,0.5,2,2015,,,,Y,,,,,,0.7,Y,,,,,
56618,Victor Valley Community College District,57254,Victor Valley CC CPV Solar,CA,SAN BERNARDINO,1PV,OP,Solar Photovoltaic,PV,Commercial Non-CHP,4,1.0,1.0,1.0,6,2010,,,Y,,,,,,,1,Y,,,,,
56769,Consolidated Edison Development Inc.,57256,PA Solar Park,PA,Carbon,1,OP,Solar Photovoltaic,PV,IPP Non-CHP,2,10.1,10.0,10.0,10,2012,,N,,Y,,,,,,11.5,Y,,,,,
11804,Massachusetts Electric Co,57265,Dorchester Solar Site,MA,Suffolk,1,OP,Solar Photovoltaic,PV,Electric Utility,1,1.0,1.0,1.0,1,2012,,,,Y,,,,,,1.3,Y,,,,,
11804,Massachusetts Electric Co,57269,Haverhill Solar Power Project,MA,ESSEX,1,OP,Solar Photovoltaic,PV,Electric Utility,1,1.0,0.8,0.5,12,2010,,,,Y,,,,,,1,Y,,,,,
11804,Massachusetts Electric Co,57270,NEDC Solar Site,MA,Worcester,1,OP,Solar Photovoltaic,PV,Electric Utility,1,1.0,0.8,0.5,6,2010,,,,Y,,,,,,1,Y,,,,,
56641,Tonopah Solar Energy LLC,57275,Crescent Dunes Solar Energy,NV,Nye,TSE-1,OP,Solar Thermal with Energy Storage,CP,IPP Non-CHP,2,125.0,110.0,110.0,11,2015,Y,,Y,,,,Y,,, ,,,,,,
56645,Aqua America Inc,57280,Aqua Ingrams Mill,PA,Chester,1,OP,Solar Photovoltaic,PV,IPP Non-CHP,2,1.0,0.4,0.3,12,2009,,,,Y,,,,,,1.2,Y,,,,,
59397,NRG Solar Alpine,57295,Alpine Solar,CA,Los Angeles,1,OP,Solar Photovoltaic,PV,IPP Non-CHP,2,66.0,66.0,66.0,2,2013,,,,Y,,,,,,86.4,,Y,,,,
11208,Los Angeles Department of Water & Power,57305,Adelanto Solar Project,CA,San Bernardino,1,OP,Solar Photovoltaic,PV,Electric Utility,1,10.0,10.0,10.0,6,2012,,,,Y,,,,,,11.4,Y,,,,,
11208,Los Angeles Department of Water & Power,57306,Pine Tree Solar Project,CA,Kern,1,OP,Solar Photovoltaic,PV,Electric Utility,1,8.5,8.5,8.5,3,2013,,,,Y,,,,,,9.8,Y,,,,,
11208,Los Angeles Department of Water & Power,57310,1420 Coil Av #C,CA,Los Angeles,1,OP,Solar Photovoltaic,PV,Commercial Non-CHP,4,1.3,1.3,1.3,3,2011,,,,Y,,,,,,1.1,Y,,,,,
11208,Los Angeles Department of Water & Power,57311,Occidental College Solar Project,CA,Los Angeles,1,OP,Solar Photovoltaic,PV,Commercial Non-CHP,4,1.0,1.0,1.0,2,2013,,,,Y,,,,,,1.2,Y,,,,,
11208,Los Angeles Department of Water & Power,57313,Metro Support Services Center Solar,CA,Los Angeles,1,OP,Solar Photovoltaic,PV,Commercial Non-CHP,4,1.2,1.2,1.2,4,2005,,,,Y,,,,,,1.2,Y,,,,,
11208,Los Angeles Department of Water & Power,57314,Los Angeles Harbor College,CA,Los Angeles,1,OP,Solar Photovoltaic,PV,Commercial Non-CHP,4,1.2,1.2,1.2,10,2010,,,,Y,,,,,,2.2,Y,,,,,
15399,Avangrid Renewables Inc,57317,San Luis Valley Solar Ranch,CO,Alamosa,1,OP,Solar Photovoltaic,PV,IPP Non-CHP,2,35.0,35.0,35.0,12,2011,,Y,,,,,,,,35.1,Y,,,,,
15399,Avangrid Renewables Inc,57318,Copper Crossing Solar LLC,AZ,GILA,1,OP,Solar Photovoltaic,PV,IPP Non-CHP,2,20.0,20.0,20.0,12,2011,,Y,,,,,,,,23.7,Y,,,,,
56663,Mayberry Solar LLC,57321,Mayberry Solar LLC,NC,SURRY,1PV,OP,Solar Photovoltaic,PV,IPP Non-CHP,2,1.2,1.2,1.2,10,2011,,,,Y,,,,,,1.4,Y,,,,,
56679,Sierra SunTower LLC,57323,Sierra SunTower Solar Gen Station,CA,LOS ANGELES,UNIT1,OS,Solar Thermal without Energy Storage,ST,IPP Non-CHP,2,7.5,3.2,2.0,7,2009,Y,,Y,,,,Y,,, ,,,,,,
56681,Kent County Levy Court Dept of Pub Work,57330,Kent County Wastewater Treatment Solar,DE,Kent,1,OP,Solar Photovoltaic,PV,IPP Non-CHP,2,1.2,1.2,1.2,3,2011,,,,Y,,,,,,1.2,Y,,,,,
56660,Mojave Solar LLC,57331,Mojave Solar Project,CA,San Bernardino,MSP1,OP,Solar Thermal without Energy Storage,ST,IPP Non-CHP,2,140.0,137.5,125.0,12,2014,,Y,,,Y,,,,, ,,,,,,
56660,Mojave Solar LLC,57331,Mojave Solar Project,CA,San Bernardino,MSP2,OP,Solar Thermal without Energy Storage,ST,IPP Non-CHP,2,140.0,137.5,125.0,12,2014,,Y,,,Y,,,,, ,,,,,,
5416,"Duke Energy Carolinas, LLC",57334,DE Solar 10240 Old Dowd Rd,NC,Mecklenburg,PV01,OP,Solar Photovoltaic,PV,Electric Utility,1,1.9,1.9,1.9,9,2010,,,,Y,,,,,,2.2,Y,,,,,
5416,"Duke Energy Carolinas, LLC",57335,DE Solar 657 Brigham Rd,NC,Guilford,PV01,OP,Solar Photovoltaic,PV,Electric Utility,1,1.3,1.3,1.3,4,2010,,,,Y,,,,,,1.5,Y,,,,,
5416,"Duke Energy Carolinas, LLC",57336,DE Solar 1725 Drywall Dr,NC,Gaston,PV01,OP,Solar Photovoltaic,PV,Electric Utility,1,1.0,1.0,1.0,1,2010,,,,Y,,,,,,1.2,Y,,,,,
56673,White Oak Solar Energy LLC,57337,Dover Sun Park,DE,Kent,1,OP,Solar Photovoltaic,PV,IPP Non-CHP,2,10.0,10.0,10.0,7,2011,,,,Y,,,,,,11.3,Y,,,,,
59400,NRG Solar Roadrunner,57338,Roadrunner Solar,NM,Dona Ana,1,OP,Solar Photovoltaic,PV,IPP Non-CHP,2,20.2,20.0,20.0,8,2011,,Y,,,,,,,,23.8,,Y,,,,
15477,Public Service Elec & Gas Co,57341,Silver Lake Solar Farm,NJ,Middlesex,SILV,OP,Solar Photovoltaic,PV,Electric Utility,1,1.7,1.7,1.7,10,2010,,,,Y,,,,,,2,Y,,,,,
15477,Public Service Elec & Gas Co,57352,Trenton Solar Farm,NJ,Mercer,TREN,OP,Solar Photovoltaic,PV,Electric Utility,1,1.0,1.0,1.0,10,2010,,,,Y,,,,,,1.3,Y,,,,,
56700,Avenal Solar Holdings LLC,57359,Avenal Park,CA,KINGS,1,OP,Solar Photovoltaic,PV,IPP Non-CHP,2,6.0,6.0,6.0,8,2011,,,,Y,,,,,,7,Y,,Y,,,
56700,Avenal Solar Holdings LLC,57360,Sun City Project LLC,CA,KINGS,1,OP,Solar Photovoltaic,PV,IPP Non-CHP,2,20.0,20.0,20.0,8,2011,,,,Y,,,,,,25,Y,,Y,,,
56700,Avenal Solar Holdings LLC,57361,Sand Drag LLC,CA,KINGS,1,OP,Solar Photovoltaic,PV,IPP Non-CHP,2,19.0,19.0,19.0,8,2011,,,,Y,,,,,,24,Y,,Y,,,
56701,The Hankin Group,57362,Morgantown Solar Park,PA,BERKS,1,OP,Solar Photovoltaic,PV,IPP Non-CHP,2,2.0,1.6,1.4,11,2011,,,,Y,,,,,,2,Y,,,,,
56702,510 REPP One LLC,57363,510 REPP One,NC,Northampton,1,OP,Solar Photovoltaic,PV,IPP Non-CHP,2,1.3,1.3,1.3,9,2014,,,,Y,,,,,,1.4,Y,,,,,
56705,Pocono International Raceway Inc,57367,Pocono Solar Project,PA,Monroe,POCON,OP,Solar Photovoltaic,PV,Commercial Non-CHP,4,3.0,3.0,3.0,8,2010,,N,,Y,,,,,,3,,Y,,,,
56696,Alamosa Operating Services LLC,57368,Cogentrix of Alamosa,CO,Alamosa,1,OP,Solar Photovoltaic,PV,IPP Non-CHP,2,30.0,30.0,30.0,4,2012,Y,,Y,,,N,,,,36.7,Y,,,,,
56706,Chevron Technology Ventures,57369,Questa Solar Facility,NM,Taos,QST,OP,Solar Photovoltaic,PV,IPP Non-CHP,2,1.0,1.0,1.0,1,2011,,,Y,,,N,,,,1,Y,,,,,
57170,"EDF Renewable Asset Holdings, Inc.",57372,Bellevue Solar Project,OR,Yamhill,INV-1,OP,Solar Photovoltaic,PV,IPP Non-CHP,2,1.6,1.6,1.6,10,2011,,,,Y,,,,,,1.7,Y,,,,,
59396,Agua Caliente Solar,57373,Agua Caliente Solar Project,AZ,Yuma,AGU1,OP,Solar Photovoltaic,PV,IPP Non-CHP,2,90.7,90.7,90.7,5,2012,,,,Y,,,,,,116.3,,Y,,,,
59396,Agua Caliente Solar,57373,Agua Caliente Solar Project,AZ,Yuma,AGU2,OP,Solar Photovoltaic,PV,IPP Non-CHP,2,136.0,136.0,136.0,12,2012,,,,Y,,,,,,141.6,,Y,,,,
59396,Agua Caliente Solar,57373,Agua Caliente Solar Project,AZ,Yuma,AGU3,OP,Solar Photovoltaic,PV,IPP Non-CHP,2,121.0,121.0,121.0,2,2014,,,,Y,,,,,,140.7,,Y,,,,
56720,Greater Sandhill I LLC,57377,Greater Sandhill I,CO,Alamosa,GS-P1,OP,Solar Photovoltaic,PV,IPP Non-CHP,2,10.0,10.0,10.0,9,2010,,Y,,,,,,,,10.5,Y,,,,,
56720,Greater Sandhill I LLC,57377,Greater Sandhill I,CO,Alamosa,GS-P2,OP,Solar Photovoltaic,PV,IPP Non-CHP,2,9.0,9.0,9.0,12,2010,,Y,,,,,,,,9.5,Y,,,,,
56722,AV Solar Ranch 1 LLC,57378,AV Solar Ranch One,CA,Los Angeles,AVSR,OP,Solar Photovoltaic,PV,IPP Non-CHP,2,253.0,241.5,241.5,8,2014,,Y,,Y,,,,,,279,,Y,,,,
15477,Public Service Elec & Gas Co,57381,Linden Solar Farm,NJ,Union,LIND,OP,Solar Photovoltaic,PV,Electric Utility,1,2.7,2.7,2.7,12,2010,,,,Y,,,,,,3.2,Y,,,,,
15477,Public Service Elec & Gas Co,57382,Yardville Solar Farm,NJ,Mercer,YARD,OP,Solar Photovoltaic,PV,Electric Utility,1,3.6,3.6,3.6,12,2010,,,,Y,,,,,,4.3,Y,,,,,
15477,Public Service Elec & Gas Co,57383,WEA Texas Bayonne,NJ,Hudson,BAYO,OP,Solar Photovoltaic,PV,Electric Utility,1,1.5,1.5,1.5,12,2010,,,,Y,,,,,,1.7,Y,,,,,
15477,Public Service Elec & Gas Co,57384,Matrix Buildings A&B (Perth Amboy) Solar,NJ,Middlesex,MATR,OP,Solar Photovoltaic,PV,Electric Utility,1,2.5,2.5,2.5,1,2011,,,,Y,,,,,,2.9,Y,,,,,
15477,Public Service Elec & Gas Co,57384,Matrix Buildings A&B (Perth Amboy) Solar,NJ,Middlesex,SWC1,OP,Solar Photovoltaic,PV,Electric Utility,1,3.5,3.5,3.5,10,2012,,,,Y,,,,,,8.1,Y,,,,,
56732,GlaxoSmithKline Consumer Healthcare L P,57390,GSK York RDC Solar Facility,PA,YORK,1,OP,Solar Photovoltaic,PV,IPP Non-CHP,2,2.6,1.6,1.0,12,2010,,,,Y,,,,,,3,Y,,,,,
24211,Tucson Electric Power Co,57392,UASTP I,AZ,Pima,UATP1,OP,Solar Photovoltaic,PV,Electric Utility,1,1.2,1.2,1.2,12,2010,,Y,,Y,,,,,,1.6,Y,,,,,
56723,Genesis Solar LLC,57394,Genesis Solar Energy Project,CA,Riverside,GEN01,OP,Solar Thermal without Energy Storage,ST,IPP Non-CHP,2,125.0,125.0,125.0,3,2014,Y,Y,,,Y,,,,, ,,,,,,
56723,Genesis Solar LLC,57394,Genesis Solar Energy Project,CA,Riverside,GEN02,OP,Solar Thermal without Energy Storage,ST,IPP Non-CHP,2,125.0,125.0,125.0,11,2013,Y,Y,,,Y,,,,, ,,,,,,
56728,Dow Jones & Co,57397,Dow Jones South Brunswick Solar,NJ,Middlesex,PV01,OP,Solar Photovoltaic,PV,IPP Non-CHP,2,2.5,2.5,2.0,12,2010,,,,Y,,,,,,2.5,Y,,,,,
56728,Dow Jones & Co,57397,Dow Jones South Brunswick Solar,NJ,Middlesex,PV02,OP,Solar Photovoltaic,PV,IPP Non-CHP,2,1.6,1.6,1.6,3,2011,,,,Y,,,,,,1.6,Y,,,,,
56798,Taylorsville Solar LLC,57402,Taylorsville Solar LLC,NC,Alexander,TAY1,OP,Solar Photovoltaic,PV,IPP Non-CHP,2,1.2,1.0,1.0,10,2010,,Y,,,,,,,,1.2,Y,,,,,
56741,Knouse Food Cooperative Inc,57412,Knouse Solar Project 1,PA,Cumberland,1,OP,Solar Photovoltaic,PV,Industrial Non-CHP,6,3.0,0.4,0.2,12,2010,,,,Y,,,,,,3.2,Y,,,,,
56751,Yolo County of,57422,Yolo County Solar Project,CA,Yolo,1,OP,Solar Photovoltaic,PV,Commercial Non-CHP,4,1.0,1.0,1.0,12,2010,,,Y,,,,,,,1.1,Y,,,,,
56758,Solar Star North Carolina II LLC,57435,Solar Star North Carolina II LLC,NC,Hertford,1,OP,Solar Photovoltaic,PV,IPP Non-CHP,2,1.3,1.0,1.0,12,2011,,Y,,,,,,,,1.5,Y,,,,,
56758,Solar Star North Carolina II LLC,57435,Solar Star North Carolina II LLC,NC,Hertford,2,OP,Solar Photovoltaic,PV,IPP Non-CHP,2,1.3,1.0,1.0,12,2011,,Y,,,,,,,,1.5,Y,,,,,
56758,Solar Star North Carolina II LLC,57435,Solar Star North Carolina II LLC,NC,Hertford,3,OP,Solar Photovoltaic,PV,IPP Non-CHP,2,1.3,1.0,1.0,12,2011,,Y,,,,,,,,1.5,Y,,,,,
56758,Solar Star North Carolina II LLC,57435,Solar Star North Carolina II LLC,NC,Hertford,4,OP,Solar Photovoltaic,PV,IPP Non-CHP,2,1.3,1.0,1.0,12,2011,,Y,,,,,,,,1.5,Y,,,,,
56758,Solar Star North Carolina II LLC,57435,Solar Star North Carolina II LLC,NC,Hertford,5,OP,Solar Photovoltaic,PV,IPP Non-CHP,2,1.3,1.0,1.0,12,2011,,Y,,,,,,,,1.5,Y,,,,,
56761,6th St Solar Park of Gainesville FL,57438,6th St Solar Park of Gainesville FL,FL,Alachua,1,OP,Solar Photovoltaic,PV,IPP Non-CHP,2,1.6,1.6,1.6,7,2011,,,,Y,,,,,,2,Y,,,,,
56762,"High Plains Ranch II, LLC",57439,California Valley Solar Ranch,CA,SAN LUIS OBISPO,HPR2,OP,Solar Photovoltaic,PV,IPP Non-CHP,2,32.3,32.3,32.3,10,2013,,Y,N,,,,,,,39,Y,,,,,
56762,"High Plains Ranch II, LLC",57439,California Valley Solar Ranch,CA,SAN LUIS OBISPO,HPR2A,OP,Solar Photovoltaic,PV,IPP Non-CHP,2,21.0,21.0,21.0,9,2012,,Y,N,,,,,,,26.3,Y,,,,,
56762,"High Plains Ranch II, LLC",57439,California Valley Solar Ranch,CA,SAN LUIS OBISPO,HPR2B,OP,Solar Photovoltaic,PV,IPP Non-CHP,2,86.5,86.5,86.5,1,2013,,Y,N,,,,,,,113.3,Y,,,,,
56762,"High Plains Ranch II, LLC",57439,California Valley Solar Ranch,CA,SAN LUIS OBISPO,HPR2C,OP,Solar Photovoltaic,PV,IPP Non-CHP,2,70.0,70.0,70.0,10,2013,,Y,N,,,,,,,86.4,Y,,,,,
56762,"High Plains Ranch II, LLC",57439,California Valley Solar Ranch,CA,SAN LUIS OBISPO,HPR2D,OP,Solar Photovoltaic,PV,IPP Non-CHP,2,40.0,40.0,40.0,1,2013,,Y,N,,,,,,,47.9,Y,,,,,
17609,Southern California Edison Co,57441,Solar Photovoltaic Project #42,CA,TULARE,S42A,OP,Solar Photovoltaic,PV,Electric Utility,1,0.5,0.5,0.5,11,2012,,,,Y,,,,,,0.7,Y,,,,,
17609,Southern California Edison Co,57441,Solar Photovoltaic Project #42,CA,TULARE,S42B,OP,Solar Photovoltaic,PV,Electric Utility,1,0.5,0.5,0.5,11,2012,,,,Y,,,,,,0.7,Y,,,,,
17609,Southern California Edison Co,57441,Solar Photovoltaic Project #42,CA,TULARE,S42C,OP,Solar Photovoltaic,PV,Electric Utility,1,0.5,0.5,0.5,11,2012,,,,Y,,,,,,0.7,Y,,,,,
17609,Southern California Edison Co,57441,Solar Photovoltaic Project #42,CA,TULARE,S42D,OP,Solar Photovoltaic,PV,Electric Utility,1,0.5,0.5,0.5,11,2012,,,,Y,,,,,,0.7,Y,,,,,
17609,Southern California Edison Co,57441,Solar Photovoltaic Project #42,CA,TULARE,S42E,OP,Solar Photovoltaic,PV,Electric Utility,1,0.5,0.5,0.5,11,2012,,,,Y,,,,,,0.7,Y,,,,,
17609,Southern California Edison Co,57441,Solar Photovoltaic Project #42,CA,TULARE,S42F,OP,Solar Photovoltaic,PV,Electric Utility,1,0.5,0.5,0.5,11,2012,,,,Y,,,,,,0.7,Y,,,,,
17609,Southern California Edison Co,57441,Solar Photovoltaic Project #42,CA,TULARE,S42G,OP,Solar Photovoltaic,PV,Electric Utility,1,0.5,0.5,0.5,11,2012,,,,Y,,,,,,0.7,Y,,,,,
17609,Southern California Edison Co,57441,Solar Photovoltaic Project #42,CA,TULARE,S42H,OP,Solar Photovoltaic,PV,Electric Utility,1,0.5,0.5,0.5,11,2012,,,,Y,,,,,,0.7,Y,,,,,
17609,Southern California Edison Co,57441,Solar Photovoltaic Project #42,CA,TULARE,S42I,OP,Solar Photovoltaic,PV,Electric Utility,1,0.5,0.5,0.5,11,2012,,,,Y,,,,,,0.7,Y,,,,,
17609,Southern California Edison Co,57441,Solar Photovoltaic Project #42,CA,TULARE,S42J,OP,Solar Photovoltaic,PV,Electric Utility,1,0.5,0.5,0.5,11,2012,,,,Y,,,,,,0.7,Y,,,,,
58720,Enbridge,57442,Silver State Solar Power North,NV,Clark,56188,OP,Solar Photovoltaic,PV,IPP Non-CHP,2,52.0,50.0,50.0,5,2012,,,,Y,,,,,,63.5,,Y,,,,
56769,Consolidated Edison Development Inc.,57448,Pilesgrove,NJ,Salem,PILE,OP,Solar Photovoltaic,PV,IPP Non-CHP,2,18.0,17.7,17.7,8,2011,,,,Y,,,,,,20,Y,,,,,
57271,NRG Solar Borrego I,57455,NRG Solar Borrego I,CA,San Diego,SB1,OP,Solar Photovoltaic,PV,IPP Non-CHP,2,26.0,26.0,26.0,2,2013,,Y,,,,,,,,26.5,Y,,,,,
56777,Avidan Energy Solutions,57458,145 Talmadge Solar,NJ,Middlesex,1,OP,Solar Photovoltaic,PV,IPP Non-CHP,2,3.8,3.8,3.8,4,2011,,,,Y,,,,,,4.3,Y,,,,,
56779,"Martins Creek Solar NC, LLC",57461,"Martins Creek Solar NC, LLC",NC,Cherokee,1,OP,Solar Photovoltaic,PV,IPP Non-CHP,2,1.0,0.9,0.9,3,2011,,,,Y,,,,,,1,Y,,,,,
56780,Enfinity BNB Napoleon Solar LLC,57462,Napoleon Solar I,OH,Henry,1,OP,Solar Photovoltaic,PV,IPP Non-CHP,2,8.0,8.0,8.0,12,2011,,Y,,,,,,,,9.8,Y,,,,,
56783,Romark Logistics of PA Inc.,57465,Romark PA Solar,PA,Luzerne,1,OP,Solar Photovoltaic,PV,IPP Non-CHP,2,1.8,1.8,1.8,11,2011,,,,Y,,,,,,2,Y,,,,,
56769,Consolidated Edison Development Inc.,57471,Murray Hill Solar,NJ,Union,MHNJ,OP,Solar Photovoltaic,PV,IPP Non-CHP,2,1.0,1.0,1.0,5,2011,,Y,,,,,,,,1,Y,,,,,
56769,Consolidated Edison Development Inc.,57473,Dartmouth Solar,MA,Bristol,DSMA,OP,Solar Photovoltaic,PV,IPP Non-CHP,2,1.6,1.6,1.6,3,2011,,,,Y,,,,,,2,Y,,,,,
56795,Chittenden County Solar Partners LLC,57481,Chittenden County Solar Partners,VT,Chittenden,01,OP,Solar Photovoltaic,PV,IPP Non-CHP,2,2.2,2.2,2.2,5,2011,,,Y,,,,,,,2.2,Y,,,,,
56769,Consolidated Edison Development Inc.,57485,Flemington Solar,NJ,Hunterdon,FSNJ,OP,Solar Photovoltaic,PV,IPP Non-CHP,2,8.0,7.9,7.9,12,2011,,,,Y,,,,,,10,Y,,,,,
56769,Consolidated Edison Development Inc.,57486,Frenchtown I Solar,NJ,Hunterdon,F1NJ,OP,Solar Photovoltaic,PV,IPP Non-CHP,2,3.0,3.0,3.0,1,2012,,,,Y,,,,,,3.5,Y,,,,,
56769,Consolidated Edison Development Inc.,57487,Frenchtown II Solar,NJ,Hunterdon,F2NJ,OP,Solar Photovoltaic,PV,IPP Non-CHP,2,3.0,3.0,3.0,12,2011,,,,Y,,,,,,3.5,Y,,,,,
56769,Consolidated Edison Development Inc.,57488,Lebanon Solar,NJ,Hunterdon,LSNJ,OP,Solar Photovoltaic,PV,IPP Non-CHP,2,2.0,2.0,2.0,12,2011,,,,Y,,,,,,2.5,Y,,,,,
56819,CSOLAR IV South LLC,57490,Imperial Solar Energy Center South,CA,Imperial,56819,OP,Solar Photovoltaic,PV,IPP Non-CHP,2,128.9,128.9,128.9,11,2013,,,,Y,,,,,,172.2,,Y,,,,
56816,Masser Farms Realty Ltd,57494,Masser Farms Realty Solar,PA,Schuylkill,MFRS,OP,Solar Photovoltaic,PV,IPP Non-CHP,2,1.0,1.0,0.7,5,2011,,,,Y,,,,,,1.2,Y,,,,,
14328,Pacific Gas & Electric Co,57497,Stroud Solar Station,CA,Fresno,1,OP,Solar Photovoltaic,PV,Electric Utility,1,20.0,20.0,20.0,9,2011,,,,Y,,,,,,24.6,Y,,,,,
14328,Pacific Gas & Electric Co,57498,Five Points Solar Station,CA,Fresno,1,OP,Solar Photovoltaic,PV,Electric Utility,1,15.0,15.0,15.0,9,2011,,,,Y,,,,,,17.6,Y,,,,,
14328,Pacific Gas & Electric Co,57499,Westside Solar Station,CA,Fresno,1,OP,Solar Photovoltaic,PV,Electric Utility,1,15.0,15.0,15.0,8,2011,,,,Y,,,,,,18.5,Y,,,,,
56827,FRV SI Transport Solar LP,57506,FRV SI Transport Solar LP,CA,Sacramento,SEIM,OP,Solar Photovoltaic,PV,IPP Non-CHP,2,1.0,1.0,1.0,8,2010,,,,Y,,,,,,1.2,Y,,,,,
56828,RV CSU Power II LLC,57507,RV CSU Power II LLC,CO,Larimer,CSUII,OP,Solar Photovoltaic,PV,Commercial Non-CHP,4,3.0,3.0,3.0,12,2010,,,,Y,,,,,,3.3,Y,,,,,
56830,Carson Solar 1 LLC,57509,Carson Solar I,CO,El Paso,1,OP,Solar Photovoltaic,PV,IPP Non-CHP,2,2.0,1.5,1.4,12,2007,,,,Y,,,,,,2,Y,,,,,
56856,Trexlertown Solar Array North and South,57519,Trexlertown Solar Array North and South,PA,Lehigh,GEN1,OP,Solar Photovoltaic,PV,Industrial Non-CHP,6,1.9,1.9,1.4,6,2011,,,,Y,,,,,,2,,,Y,,,
14328,Pacific Gas & Electric Co,57521,Giffen,CA,Fresno,1,OP,Solar Photovoltaic,PV,Electric Utility,1,10.0,10.0,10.0,6,2012,,,,Y,,,,,,13.1,Y,,,,,
14328,Pacific Gas & Electric Co,57522,Cantua Solar Station,CA,Fresno,1,OP,Solar Photovoltaic,PV,Electric Utility,1,20.0,20.0,20.0,6,2012,,,,Y,,,,,,26.3,Y,,,,,
14328,Pacific Gas & Electric Co,57523,Huron Solar Station,CA,Fresno,1,OP,Solar Photovoltaic,PV,Electric Utility,1,20.0,20.0,20.0,6,2012,,,,Y,,,,,,26.8,Y,,,,,
56857,SunE M5C Holdings LLC,57524,Roger Road WWTP,AZ,Pima,1,OP,Solar Photovoltaic,PV,IPP Non-CHP,2,1.1,0.9,0.9,8,2010,,Y,,,,,,,,1.1,Y,,,,,
56863,Kapaa Solar LLC,57525,Kapaa Photovoltaic Project,HI,Kauai,KSPV,OP,Solar Photovoltaic,PV,IPP Non-CHP,2,1.0,1.0,1.0,12,2010,,,,Y,,,,,,1.2,Y,,,,,
17609,Southern California Edison Co,57534,Solar Photovoltaic Project #32,CA,San Bernardino,S32A,OP,Solar Photovoltaic,PV,Electric Utility,1,0.5,0.5,0.5,2,2015,,,,Y,,,,,,0.6,Y,,,,,
17609,Southern California Edison Co,57534,Solar Photovoltaic Project #32,CA,San Bernardino,S32B,OP,Solar Photovoltaic,PV,Electric Utility,1,0.5,0.5,0.5,2,2015,,,,Y,,,,,,0.6,Y,,,,,
17609,Southern California Edison Co,57534,Solar Photovoltaic Project #32,CA,San Bernardino,S32C,OP,Solar Photovoltaic,PV,Electric Utility,1,0.5,0.5,0.5,2,2015,,,,Y,,,,,,0.6,Y,,,,,
17609,Southern California Edison Co,57535,Solar Photovoltaic Project #33,CA,San Bernardino,S33A,OP,Solar Photovoltaic,PV,Electric Utility,1,0.5,0.5,0.5,1,2015,,,,Y,,,,,,0.6,Y,,,,,
17609,Southern California Edison Co,57535,Solar Photovoltaic Project #33,CA,San Bernardino,S33B,OP,Solar Photovoltaic,PV,Electric Utility,1,0.5,0.5,0.5,1,2015,,,,Y,,,,,,0.6,Y,,,,,
17609,Southern California Edison Co,57540,Solar Photovoltaic Project #44,CA,Riverside,S44A,OP,Solar Photovoltaic,PV,Electric Utility,1,0.5,0.5,0.5,2,2015,,,,Y,,,,,,0.6,Y,,,,,
17609,Southern California Edison Co,57540,Solar Photovoltaic Project #44,CA,Riverside,S44B,OP,Solar Photovoltaic,PV,Electric Utility,1,0.5,0.5,0.5,2,2015,,,,Y,,,,,,0.6,Y,,,,,
17609,Southern California Edison Co,57540,Solar Photovoltaic Project #44,CA,Riverside,S44C,OP,Solar Photovoltaic,PV,Electric Utility,1,0.5,0.5,0.5,2,2015,,,,Y,,,,,,0.6,Y,,,,,
17609,Southern California Edison Co,57540,Solar Photovoltaic Project #44,CA,Riverside,S44D,OP,Solar Photovoltaic,PV,Electric Utility,1,0.5,0.5,0.5,2,2015,,,,Y,,,,,,0.6,Y,,,,,
17609,Southern California Edison Co,57540,Solar Photovoltaic Project #44,CA,Riverside,S44E,OP,Solar Photovoltaic,PV,Electric Utility,1,0.5,0.5,0.5,2,2015,,,,Y,,,,,,0.6,Y,,,,,
17609,Southern California Edison Co,57540,Solar Photovoltaic Project #44,CA,Riverside,S44F,OP,Solar Photovoltaic,PV,Electric Utility,1,0.5,0.5,0.5,2,2015,,,,Y,,,,,,0.6,Y,,,,,
17609,Southern California Edison Co,57540,Solar Photovoltaic Project #44,CA,Riverside,S44G,OP,Solar Photovoltaic,PV,Electric Utility,1,0.5,0.5,0.5,2,2015,,,,Y,,,,,,0.6,Y,,,,,
17609,Southern California Edison Co,57540,Solar Photovoltaic Project #44,CA,Riverside,S44H,OP,Solar Photovoltaic,PV,Electric Utility,1,0.5,0.5,0.5,2,2015,,,,Y,,,,,,0.6,Y,,,,,
17609,Southern California Edison Co,57540,Solar Photovoltaic Project #44,CA,Riverside,S44I,OP,Solar Photovoltaic,PV,Electric Utility,1,0.5,0.5,0.5,2,2015,,,,Y,,,,,,0.6,Y,,,,,
17609,Southern California Edison Co,57540,Solar Photovoltaic Project #44,CA,Riverside,S44J,OP,Solar Photovoltaic,PV,Electric Utility,1,0.5,0.5,0.5,2,2015,,,,Y,,,,,,0.6,Y,,,,,
17609,Southern California Edison Co,57540,Solar Photovoltaic Project #44,CA,Riverside,S44K,OP,Solar Photovoltaic,PV,Electric Utility,1,0.5,0.5,0.5,2,2015,,,,Y,,,,,,0.6,Y,,,,,
17609,Southern California Edison Co,57540,Solar Photovoltaic Project #44,CA,Riverside,S44L,OP,Solar Photovoltaic,PV,Electric Utility,1,0.5,0.5,0.5,2,2015,,,,Y,,,,,,0.6,Y,,,,,
17609,Southern California Edison Co,57540,Solar Photovoltaic Project #44,CA,Riverside,S44M,OP,Solar Photovoltaic,PV,Electric Utility,1,0.5,0.5,0.5,2,2015,,,,Y,,,,,,0.6,Y,,,,,
17609,Southern California Edison Co,57540,Solar Photovoltaic Project #44,CA,Riverside,S44N,OP,Solar Photovoltaic,PV,Electric Utility,1,0.5,0.5,0.5,2,2015,,,,Y,,,,,,0.6,Y,,,,,
17609,Southern California Edison Co,57540,Solar Photovoltaic Project #44,CA,Riverside,S44O,OP,Solar Photovoltaic,PV,Electric Utility,1,0.5,0.5,0.5,2,2015,,,,Y,,,,,,0.6,Y,,,,,
17609,Southern California Edison Co,57540,Solar Photovoltaic Project #44,CA,Riverside,S44P,OP,Solar Photovoltaic,PV,Electric Utility,1,0.5,0.5,0.5,2,2015,,,,Y,,,,,,0.6,Y,,,,,
56892,Solar Star Colorado II LLC,57554,AFA Solar Farm,CO,El Paso,AFA1,OP,Solar Photovoltaic,PV,IPP Non-CHP,2,5.5,5.5,5.5,3,2011,,Y,,,,,,,,6,Y,,,,,
19728,"UNS Electric, Inc",57556,La Senita,AZ,Mohave,1,OP,Solar Photovoltaic,PV,Electric Utility,1,1.0,1.0,1.0,11,2011,,,,Y,,,,,,1.2,Y,,,,,
56902,"RE SFCity1, LP",57559,Sunset Reservoir North Basin,CA,San Francisco,1,OP,Solar Photovoltaic,PV,IPP Non-CHP,2,4.5,4.5,4.5,9,2010,,,,Y,,,,,,5,Y,,,,,
803,Arizona Public Service Co,57560,Chino Solar Valley,AZ,Yavapai,PV1,OP,Solar Photovoltaic,PV,Electric Utility,1,19.0,19.0,19.0,12,2012,,Y,,,,,,,,21,Y,,,,,
803,Arizona Public Service Co,57561,Cotton Center Solar,AZ,Maricopa,PV1,OP,Solar Photovoltaic,PV,Electric Utility,1,17.0,17.0,17.0,11,2011,,Y,,,,,,,,21,Y,,,,,
803,Arizona Public Service Co,57562,Paloma Solar,AZ,Maricopa,PV1,OP,Solar Photovoltaic,PV,Electric Utility,1,17.6,17.6,17.6,9,2011,,Y,,,,,,,,22.5,,Y,,,,
803,Arizona Public Service Co,57563,Hyder Solar,AZ,Yuma,PV1,OP,Solar Photovoltaic,PV,Electric Utility,1,17.0,17.0,17.0,11,2011,,Y,,,,,,,,18.8,Y,,,,,
803,Arizona Public Service Co,57563,Hyder Solar,AZ,Yuma,PV2,OP,Solar Photovoltaic,PV,Electric Utility,1,5.0,5.0,5.0,2,2012,,Y,,,,,,,,5,Y,,,,,
56904,"RP-Orlando, LLC",57565,"RP-Orlando, LLC",FL,Orange,1,OP,Solar Photovoltaic,PV,IPP Non-CHP,2,5.1,5.1,5.1,12,2011,,Y,,,,,,,,5.9,Y,,,,,
59300,PNM Resources,57567,Albuquerque Solar Energy Center,NM,Bernalillo,ASEC1,OP,Solar Photovoltaic,PV,Electric Utility,1,2.0,2.0,2.0,4,2011,,,,Y,,,,,,2.4,,Y,,,,
59300,PNM Resources,57571,Los Lunas Solar Energy Center,NM,Valencia,LLSEC,OP,Solar Photovoltaic,PV,Electric Utility,1,5.0,5.0,5.0,6,2011,,,,Y,,,,,,6.4,,Y,,,,
59300,PNM Resources,57571,Los Lunas Solar Energy Center,NM,Valencia,LMS2,OP,Solar Photovoltaic,PV,Electric Utility,1,2.0,2.0,2.0,10,2013,,,,Y,,,,,,2.5,,Y,,,,
56915,"Solar Star New Jersey IV, LLC",57574,ETS Ewing Solar Facility,NJ,Mercer,ETS1,OP,Solar Photovoltaic,PV,IPP Non-CHP,2,1.3,1.3,1.3,6,2010,,,,Y,,,,,,1.4,Y,,,,,
59300,PNM Resources,57575,Deming Solar Energy Center,NM,Luna,DSEC,OP,Solar Photovoltaic,PV,Electric Utility,1,5.0,5.0,5.0,8,2011,,,,Y,,,,,,6.2,,Y,,,,
59300,PNM Resources,57575,Deming Solar Energy Center,NM,Luna,HON2,OP,Solar Photovoltaic,PV,Electric Utility,1,4.0,4.0,4.0,11,2013,,,,Y,,,,,,5,,Y,,,,
59300,PNM Resources,57576,Las Vegas Solar Energy Center,NM,San Miguel,LVSEC,OP,Solar Photovoltaic,PV,Electric Utility,1,5.0,5.0,5.0,11,2011,,,,Y,,,,,,6.4,,Y,,,,
59300,PNM Resources,57577,Alamogordo Solar Energy Center,NM,Otero,AGSEC,OP,Solar Photovoltaic,PV,Electric Utility,1,5.0,4.9,4.9,10,2011,,,,Y,,,,,,6.4,,Y,,,,
17573,South San Joaquin Irr District,57579,Robert O Schulz Solar Farm,CA,Stanislaus,1,OP,Solar Photovoltaic,PV,Electric Utility,1,0.9,0.9,0.9,5,2008,,,Y,,,,,,,1.2,Y,,,,,
17573,South San Joaquin Irr District,57579,Robert O Schulz Solar Farm,CA,Stanislaus,2,OP,Solar Photovoltaic,PV,Electric Utility,1,0.4,0.4,0.4,5,2009,,,Y,,,,,,,0.4,,Y,,,,
15477,Public Service Elec & Gas Co,57588,Matrix Stults Road Solar Facility,NJ,Middlesex,STULT,OP,Solar Photovoltaic,PV,Electric Utility,1,2.6,2.6,2.6,6,2011,,,,Y,,,,,,3,Y,,,,,
56924,Long Island Solar Farm LLC,57589,Long Island Solar Farm LLC,NY,SUFFOLK,9WUBN,OP,Solar Photovoltaic,PV,IPP Non-CHP,2,31.5,31.5,31.5,12,2011,,,,Y,,,,,,37.7,Y,,,,,
56926,"Hatch Solar Energy Center I, LLC",57591,"Hatch Solar Energy Center I, LLC",NM,Dona Ana,1,OP,Solar Photovoltaic,PV,IPP Non-CHP,2,5.0,5.0,5.0,6,2011,Y,,Y,,,N,,,,4.7,Y,,,,,N
56971,"500 Virginia Solar, LP",57640,500 Virginia Solar,PA,Montgomery,1,OP,Solar Photovoltaic,PV,IPP Non-CHP,2,1.0,1.0,1.0,7,2011,N,,,Y,,,,,,1,Y,,,,,
56974,"Denver Airport Solar, LLC",57645,City & County of Denver at Denver Int'l,CO,Adams,PV1,OP,Solar Photovoltaic,PV,IPP Non-CHP,2,3.4,3.4,3.4,6,2011,,,,Y,,,,,,4.5,Y,,,,,
56975,"Constellation Solar Maryland, LLC",57646,McCormick & Co. Inc. at Belcamp,MD,Harford,PV1,OP,Solar Photovoltaic,PV,IPP Non-CHP,2,1.4,1.4,1.4,12,2010,,,,Y,,,,,,1.8,Y,,,,,
56976,"Constellation Solar New Jersey II, LLC",57647,"Toys R Us- DE, Inc. at Mt. Olive, NJ",NJ,Morris,PV1,OP,Solar Photovoltaic,PV,IPP Non-CHP,2,4.1,4.1,4.1,12,2011,,,,Y,,,,,,5.4,,,Y,,,
56980,"Regulus Solar, LLC",57650,Regulus Solar Project,CA,Kern,FRV4,OP,Solar Photovoltaic,PV,IPP Non-CHP,2,60.0,60.0,60.0,11,2014,,Y,,,,,,,,81.6,Y,,,,,
17650,Southern Power Co,57651,FRV Cygnus Solar Project,CA,KERN,FRV3,OP,Solar Photovoltaic,PV,IPP Non-CHP,2,20.0,20.0,20.0,5,2014,,Y,,,,,,,,26,Y,,,,,
57170,"EDF Renewable Asset Holdings, Inc.",57652,Yamhill Solar LLC,OR,Yamhill,1,OP,Solar Photovoltaic,PV,IPP Non-CHP,2,1.0,1.0,1.0,10,2011,,,,Y,,,,,,1.2,Y,,,,,
56982,Kern Community College District,57655,Bakersfield College Solar 01,CA,Kern,BC01,OP,Solar Photovoltaic,PV,Commercial Non-CHP,4,1.1,1.1,1.1,11,2010,,Y,,,,,,,,1,Y,,,,,
56984,"Temescal Canyon RV, LLC",57656,"Temescal Canyon RV, LLC",CA,Riverside,1,OP,Solar Photovoltaic,PV,IPP Non-CHP,2,1.5,1.5,1.5,5,2011,,,,Y,,,,,,1.5,Y,,,,,
59398,NRG Solar Avra Valley,57657,Avra Valley Solar,AZ,Pima,1,OP,Solar Photovoltaic,PV,IPP Non-CHP,2,26.5,25.0,25.0,1,2013,,Y,,,,,,,,26.5,,Y,,,,
56990,NJR Clean Energy Ventures Corporation,57660,Vineland Mays Landing Solar,NJ,Cumberland,VNLND,OP,Solar Photovoltaic,PV,IPP Non-CHP,2,4.3,4.3,4.3,10,2011,,Y,,N,,,,,,4.1,Y,,,,,
56990,NJR Clean Energy Ventures Corporation,57661,Manalapan Village Solar,NJ,Monmouth,MANVL,OP,Solar Photovoltaic,PV,IPP Non-CHP,2,3.5,3.5,3.5,12,2011,,,,Y,,,,,,3.6,Y,,,,,
56990,NJR Clean Energy Ventures Corporation,57662,McGraw Hill Solar,NJ,Mercer,MCGRH,OP,Solar Photovoltaic,PV,IPP Non-CHP,2,12.0,12.0,12.0,12,2011,,,,Y,,,,,,14.1,Y,,,,,
56993,SBS Energy Partners LLC,57667,Seabrook Solar Plant,NJ,Cumberland,SBS1,OP,Solar Photovoltaic,PV,IPP Non-CHP,2,3.2,3.2,3.2,3,2011,,,,Y,,,,,,3.2,Y,,,,,
56994,Carlisle Area School District,57668,CASD Solar,PA,Cumberland,CASDE,OP,Solar Photovoltaic,PV,Commercial Non-CHP,4,0.9,0.9,0.9,10,2010,,,Y,Y,,,,,,0.9,Y,,,,,
56994,Carlisle Area School District,57668,CASD Solar,PA,Cumberland,CASDW,OP,Solar Photovoltaic,PV,Commercial Non-CHP,4,0.4,0.4,0.4,10,2010,,,Y,Y,,,,,,0.4,Y,,,,,
56995,"Sacramento PV Energy, LLC",57669,SMUD at Grundman,CA,Sacramento,PV1,OP,Solar Photovoltaic,PV,IPP Non-CHP,2,17.0,17.0,17.0,12,2011,,,,Y,,,,,,21.9,,Y,,,,
56995,"Sacramento PV Energy, LLC",57670,SMUD at Van Conett,CA,Sacramento,PV1,OP,Solar Photovoltaic,PV,IPP Non-CHP,2,2.9,2.9,2.9,12,2011,,,,Y,,,,,,3.7,,Y,,,,
56995,"Sacramento PV Energy, LLC",57671,SMUD at Fleshman,CA,Sacramento,PV1,OP,Solar Photovoltaic,PV,IPP Non-CHP,2,2.9,2.9,2.9,12,2011,,,,Y,,,,,,3.7,,Y,,,,
56998,"Macys Corporate Services, Inc",57673,Macys Goodyear,AZ,Maricopa,1,OP,Solar Photovoltaic,PV,IPP Non-CHP,2,3.5,3.5,3.5,12,2010,,,,Y,,,,,,3.5,Y,,,,,
56999,Western Massachusetts Electric Company,57674,Indian Orchard PV Facility,MA,Hampden,1,OP,Solar Photovoltaic,PV,Electric Utility,1,2.3,2.3,2.3,12,2011,,,,Y,,,,,,2.3,Y,,,,,
56999,Western Massachusetts Electric Company,57676,Silver Lake Solar Photovoltaic Facility,MA,Berkshire,1,OP,Solar Photovoltaic,PV,Electric Utility,1,1.8,1.8,1.8,12,2010,,,,Y,,,,,,1.8,Y,,,,,
57001,"Murphy Farm Power, LLC",57677,"Murphy Farm Power, LLC",NC,Cherokee,1,OP,Solar Photovoltaic,PV,IPP Non-CHP,2,1.0,0.9,0.9,5,2011,,,,Y,,,,,,1,Y,,,,,
57004,Arlington Valley Solar Energy II LLC,57680,Arlington Valley Solar Energy II,AZ,Maricopa,AVSE1,OP,Solar Photovoltaic,PV,IPP Non-CHP,2,19.0,18.5,18.5,4,2013,,Y,,N,,,,,,26.1,Y,,,,,
57004,Arlington Valley Solar Energy II LLC,57680,Arlington Valley Solar Energy II,AZ,Maricopa,AVSE2,OP,Solar Photovoltaic,PV,IPP Non-CHP,2,28.0,27.3,27.3,4,2013,,Y,,N,,,,,,38.5,Y,,,,,
57004,Arlington Valley Solar Energy II LLC,57680,Arlington Valley Solar Energy II,AZ,Maricopa,AVSE3,OP,Solar Photovoltaic,PV,IPP Non-CHP,2,28.0,27.3,27.3,5,2013,,Y,,N,,,,,,38.4,Y,,,,,
57004,Arlington Valley Solar Energy II LLC,57680,Arlington Valley Solar Energy II,AZ,Maricopa,AVSE4,OP,Solar Photovoltaic,PV,IPP Non-CHP,2,26.0,25.0,25.0,8,2013,,Y,,N,,,,,,33.5,Y,,,,,
57004,Arlington Valley Solar Energy II LLC,57680,Arlington Valley Solar Energy II,AZ,Maricopa,AVSE5,OP,Solar Photovoltaic,PV,IPP Non-CHP,2,28.0,27.3,27.3,8,2013,,Y,,N,,,,,,38.4,Y,,,,,
57005,"SunE NLB-2, LLC",57681,City of Boulder WWTP,CO,Boulder,1,OP,Solar Photovoltaic,PV,IPP Non-CHP,2,1.0,0.9,0.9,6,2010,,,,Y,,,,,,1,Y,,,,,
57006,"SunE GIL1, LLC",57682,City of Madera WWTP,CA,Madera,1,OP,Solar Photovoltaic,PV,IPP Non-CHP,2,1.2,1.0,1.0,9,2009,,,Y,,,,,,,1.2,Y,,,,,
57007,"SunE WF3-ST Holdings, LLC",57683,"Staples La Mirada, CA",CA,Los Angeles,1,OP,Solar Photovoltaic,PV,IPP Non-CHP,2,1.1,0.9,0.9,3,2009,,,,Y,,,,,,1.1,Y,,,,,
59184,Humphrey Realty,57685,Rinehart,FL,Seminole,1,OP,Solar Photovoltaic,PV,IPP Non-CHP,2,10.0,10.0,10.0,6,2011,,,,Y,,,,,,10,Y,,,,,
57011,"CS Murphy Point, LLC",57687,"CS Murphy Point, LLC",NC,Cherokee,1,OP,Solar Photovoltaic,PV,IPP Non-CHP,2,1.0,0.9,0.9,8,2011,,,,Y,,,,,,1,Y,,,,,
57017,DOE National Renewable Energy Laboratory,57692,DOE Golden NWTC Load Side,CO,Jefferson,SEPV,OP,Solar Photovoltaic,PV,Commercial Non-CHP,4,1.1,1.1,1.1,10,2009,,,,Y,,,,,,1.1,Y,,,,,
57017,DOE National Renewable Energy Laboratory,57694,DOE Golden NREL Main Campus,CO,Jefferson,MESA,OP,Solar Photovoltaic,PV,Commercial Non-CHP,4,0.7,0.7,0.7,12,2008,,Y,,,,,,,,0.7,Y,,,,,
57017,DOE National Renewable Energy Laboratory,57694,DOE Golden NREL Main Campus,CO,Jefferson,PARKG,OP,Solar Photovoltaic,PV,Commercial Non-CHP,4,1.2,1.2,1.2,3,2013,,Y,,,,,,,,1.2,Y,,,,,
57017,DOE National Renewable Energy Laboratory,57694,DOE Golden NREL Main Campus,CO,Jefferson,PARKL,OP,Solar Photovoltaic,PV,Commercial Non-CHP,4,0.5,0.5,0.5,9,2011,,Y,,,,,,,,0.5,Y,,,,,
57017,DOE National Renewable Energy Laboratory,57694,DOE Golden NREL Main Campus,CO,Jefferson,RSF1,OP,Solar Photovoltaic,PV,Commercial Non-CHP,4,0.5,0.5,0.5,12,2010,,Y,,,,,,,,0.4,Y,,,,,
57017,DOE National Renewable Energy Laboratory,57694,DOE Golden NREL Main Campus,CO,Jefferson,RSF2,OP,Solar Photovoltaic,PV,Commercial Non-CHP,4,0.4,0.4,0.4,2,2012,,Y,,,,,,,,0.4,Y,,,,,
57017,DOE National Renewable Energy Laboratory,57694,DOE Golden NREL Main Campus,CO,Jefferson,STF,OP,Solar Photovoltaic,PV,Commercial Non-CHP,4,0.1,0.1,0.1,6,2009,,Y,,,,,,,,0.1,Y,,,,,
59874,Topaz Solar Farms LLC,57695,Topaz Solar Farm,CA,San Luis Obispo,TPZ1,OP,Solar Photovoltaic,PV,IPP Non-CHP,2,129.8,129.8,129.8,4,2013,,,,Y,,,,,,166.5,,Y,,,,
59874,Topaz Solar Farms LLC,57695,Topaz Solar Farm,CA,San Luis Obispo,TPZ2,OP,Solar Photovoltaic,PV,IPP Non-CHP,2,151.2,151.2,151.2,6,2013,,,,Y,,,,,,190.8,,Y,,,,
59874,Topaz Solar Farms LLC,57695,Topaz Solar Farm,CA,San Luis Obispo,TPZ3,OP,Solar Photovoltaic,PV,IPP Non-CHP,2,102.1,102.1,102.1,1,2014,,,,Y,,,,,,129.9,,Y,,,,
59874,Topaz Solar Farms LLC,57695,Topaz Solar Farm,CA,San Luis Obispo,TPZ4,OP,Solar Photovoltaic,PV,IPP Non-CHP,2,90.3,90.3,90.3,11,2014,,,,Y,,,,,,118,,Y,,,,
59874,Topaz Solar Farms LLC,57695,Topaz Solar Farm,CA,San Luis Obispo,TPZ5,OP,Solar Photovoltaic,PV,IPP Non-CHP,2,112.5,112.5,112.5,10,2014,,,,Y,,,,,,152.7,,Y,,,,
57022,Solar Power Inc.,57697,Aerojet I,CA,Sacramento,1,OP,Solar Photovoltaic,PV,IPP Non-CHP,2,3.0,3.0,3.0,12,2009,,Y,,,,,,,,3,Y,,,,,
57022,Solar Power Inc.,57698,Aerojet II,CA,Sacramento,1,OP,Solar Photovoltaic,PV,IPP Non-CHP,2,2.7,2.7,2.7,6,2010,,Y,,,,,,,,2.7,Y,,,,,
57021,FRV AE Solar LLC,57699,Webberville Solar Project,TX,Travis,AES1,OP,Solar Photovoltaic,PV,IPP Non-CHP,2,30.0,30.0,30.0,12,2011,,Y,,,,,,,,35,Y,,,,,
57030,"Mesquite Solar 1, LLC",57707,Mesquite Solar 1,AZ,Maricopa,1,OP,Solar Photovoltaic,PV,IPP Non-CHP,2,16.0,16.0,16.0,11,2011,,,,Y,,,,,,22.5,Y,,,,,
57030,"Mesquite Solar 1, LLC",57707,Mesquite Solar 1,AZ,Maricopa,10,OP,Solar Photovoltaic,PV,IPP Non-CHP,2,12.0,12.0,12.0,10,2012,,,,Y,,,,,,15.2,Y,,,,,
57030,"Mesquite Solar 1, LLC",57707,Mesquite Solar 1,AZ,Maricopa,11,OP,Solar Photovoltaic,PV,IPP Non-CHP,2,16.0,16.0,16.0,10,2012,,,,Y,,,,,,22.5,Y,,,,,
57030,"Mesquite Solar 1, LLC",57707,Mesquite Solar 1,AZ,Maricopa,12,OP,Solar Photovoltaic,PV,IPP Non-CHP,2,16.0,16.0,16.0,12,2012,,,,Y,,,,,,22.5,Y,,,,,
57030,"Mesquite Solar 1, LLC",57707,Mesquite Solar 1,AZ,Maricopa,2,OP,Solar Photovoltaic,PV,IPP Non-CHP,2,16.0,16.0,16.0,1,2012,,,,Y,,,,,,22.5,Y,,,,,
57030,"Mesquite Solar 1, LLC",57707,Mesquite Solar 1,AZ,Maricopa,3,OP,Solar Photovoltaic,PV,IPP Non-CHP,2,10.0,10.0,10.0,12,2011,,,,Y,,,,,,14.1,Y,,,,,
57030,"Mesquite Solar 1, LLC",57707,Mesquite Solar 1,AZ,Maricopa,4,OP,Solar Photovoltaic,PV,IPP Non-CHP,2,16.0,16.0,16.0,5,2012,,,,Y,,,,,,22.5,Y,,,,,
57030,"Mesquite Solar 1, LLC",57707,Mesquite Solar 1,AZ,Maricopa,5,OP,Solar Photovoltaic,PV,IPP Non-CHP,2,16.0,16.0,16.0,6,2012,,,,Y,,,,,,22.5,Y,,,,,
57030,"Mesquite Solar 1, LLC",57707,Mesquite Solar 1,AZ,Maricopa,6,OP,Solar Photovoltaic,PV,IPP Non-CHP,2,8.0,8.0,8.0,8,2012,,,,Y,,,,,,11.3,Y,,,,,
57030,"Mesquite Solar 1, LLC",57707,Mesquite Solar 1,AZ,Maricopa,7,OP,Solar Photovoltaic,PV,IPP Non-CHP,2,16.0,16.0,16.0,9,2012,,,,Y,,,,,,21.9,Y,,,,,
57030,"Mesquite Solar 1, LLC",57707,Mesquite Solar 1,AZ,Maricopa,8,OP,Solar Photovoltaic,PV,IPP Non-CHP,2,12.0,12.0,12.0,10,2012,,,,Y,,,,,,15.6,Y,,,,,
57030,"Mesquite Solar 1, LLC",57707,Mesquite Solar 1,AZ,Maricopa,9,OP,Solar Photovoltaic,PV,IPP Non-CHP,2,16.0,16.0,16.0,10,2012,,,,Y,,,,,,22,Y,,,,,
57170,"EDF Renewable Asset Holdings, Inc.",57708,Catalina Solar LLC,CA,Kern,INV,OP,Solar Photovoltaic,PV,IPP Non-CHP,2,110.0,110.0,110.0,12,2012,,,,Y,,,,,,143,,Y,,,,
24211,Tucson Electric Power Co,57717,UASTP II,AZ,Pima,UATP2,OP,Solar Photovoltaic,PV,Electric Utility,1,4.0,4.0,4.0,1,2012,,Y,,Y,,,,,,5,Y,,,,,N
57022,Solar Power Inc.,57722,North Palm Springs 4A,CA,Riverside,1,OP,Solar Photovoltaic,PV,IPP Non-CHP,2,4.0,4.0,4.0,10,2012,,Y,,,,,,,,4,Y,,,,,
56976,"Constellation Solar New Jersey II, LLC",57723,"Johnson Matthey, Inc. Solar",NJ,Gloucester,PV1,OP,Solar Photovoltaic,PV,IPP Non-CHP,2,4.0,4.0,4.0,3,2011,,Y,,,,,,,,5.2,Y,,,,,
15477,Public Service Elec & Gas Co,57724,NJMC Landfill,NJ,Hudson,NJMC,OP,Solar Photovoltaic,PV,Electric Utility,1,2.5,2.5,2.5,12,2011,,,,Y,,,,,,3,Y,,,,,
15477,Public Service Elec & Gas Co,57726,Summit Associates,NJ,Middlesex,SUMA,OP,Solar Photovoltaic,PV,Electric Utility,1,1.9,1.9,1.9,12,2011,,,,Y,,,,,,2.2,Y,,,,,
15477,Public Service Elec & Gas Co,57727,BlackRock-Matrix,NJ,Middlesex,BLAR,OP,Solar Photovoltaic,PV,Electric Utility,1,2.5,2.5,2.5,3,2012,,,,Y,,,,,,3,Y,,,,,
15477,Public Service Elec & Gas Co,57728,Mill Creek Solar,NJ,Burlington,MILLC,OP,Solar Photovoltaic,PV,Electric Utility,1,3.5,3.5,3.5,12,2011,,,,Y,,,,,,3.8,,,,Y,,
57044,"Constellation Solar New Jersey, LLC",57733,Benjamin Moore & Co. Solar,NJ,Morris,PV1,OP,Solar Photovoltaic,PV,Commercial Non-CHP,4,1.4,1.4,1.4,12,2010,,,,Y,,,,,,1.8,Y,,,,,
57049,NFI Solar LLC,57734,Cherry Hill,NJ,Camden,CH,OP,Solar Photovoltaic,PV,IPP Non-CHP,2,1.1,1.1,1.1,3,2010,,,,Y,,,,,,1.3,Y,,,,,
57055,"SunE SPS1, LLC",57736,SPS1 Dollarhide,NM,Lea,1,OP,Solar Photovoltaic,PV,IPP Non-CHP,2,10.0,10.0,10.0,9,2011,,Y,,,,,,,,10.7,Y,,,,,
57056,"SunE SPS2, LLC",57737,SPS2 Jal,NM,Lea,1,OP,Solar Photovoltaic,PV,IPP Non-CHP,2,10.0,10.0,10.0,9,2011,,Y,,,,,,,,10.8,Y,,,,,
57057,"SunE SPS3, LLC",57738,SPS3 Lea,NM,Lea,1,OP,Solar Photovoltaic,PV,IPP Non-CHP,2,10.0,10.0,10.0,11,2011,,Y,,,,,,,,10.6,Y,,,,,
57059,"SunE SPS4, LLC",57739,SPS4 Monument,NM,Lea,1,OP,Solar Photovoltaic,PV,IPP Non-CHP,2,10.1,10.1,10.1,12,2011,,Y,,,,,,,,10.8,Y,,,,,
57058,"SunE SPS5, LLC",57740,SPS5 Hopi,NM,Eddy,1,OP,Solar Photovoltaic,PV,IPP Non-CHP,2,10.1,10.1,10.1,12,2011,,Y,,,,,,,,10.9,Y,,,,,
57049,NFI Solar LLC,57742,Vineland Headquarters,NJ,Cumberland,VHQ,OP,Solar Photovoltaic,PV,IPP Non-CHP,2,1.1,1.1,1.1,6,2011,,,,Y,,,,,,1.3,Y,,,,,
57022,Solar Power Inc.,57743,North Palm Springs 1A,CA,Riverside,1,OP,Solar Photovoltaic,PV,IPP Non-CHP,2,2.5,2.4,2.4,4,2012,,Y,,,,,,,,2.4,Y,,,,,
57044,"Constellation Solar New Jersey, LLC",57745,The City of Vineland at West Vineland,NJ,Cumberland,PV1,OP,Solar Photovoltaic,PV,IPP Non-CHP,2,3.7,3.7,3.7,10,2011,,,,Y,,,,,,4.8,Y,,,,,
57044,"Constellation Solar New Jersey, LLC",57746,The City of Vineland at North Vineland,NJ,Cumberland,PV1,OP,Solar Photovoltaic,PV,IPP Non-CHP,2,2.3,2.3,2.3,10,2011,,,,Y,,,,,,3,Y,,,,,
57052,NRG Solar Arrowhead LLC,57747,FedEx Field Solar Facility,MD,Prince Georges,1,OP,Solar Photovoltaic,PV,IPP Non-CHP,2,2.0,2.0,2.0,9,2011,,,,Y,,,,,,1.9,Y,,,,,
57049,NFI Solar LLC,57750,Maple Solar,NJ,Cumberland,P1,OP,Solar Photovoltaic,PV,IPP Non-CHP,2,1.6,1.6,1.6,5,2011,,,,Y,,,,,,2,Y,,,,,
57049,NFI Solar LLC,57750,Maple Solar,NJ,Cumberland,P2,OP,Solar Photovoltaic,PV,IPP Non-CHP,2,0.8,0.8,0.8,9,2011,,,,Y,,,,,,1,Y,,,,,
56995,"Sacramento PV Energy, LLC",57753,SMUD at Lawrence,CA,Sacramento,PV1,OP,Solar Photovoltaic,PV,IPP Non-CHP,2,1.0,1.0,1.0,12,2011,,,,Y,,,,,,1.2,,Y,,,,
57065,Constellation Solar Horizons LLC,57758,Mount Saint Mary's,MD,Frederick,PV1,OP,Solar Photovoltaic,PV,IPP Non-CHP,2,13.7,13.7,13.7,7,2012,,,,Y,,,,,,16,,Y,,,,
57073,"Solar Star California XV, LLC",57764,Naval Air Weapons Station China Lake,CA,Kern,1,OP,Solar Photovoltaic,PV,Commercial Non-CHP,4,11.1,11.1,11.1,9,2012,,N,,,,,,,,13.8,Y,,,,,
58863,Main Street Power,57765,Arizona Western College PV,AZ,Yuma,SFC,OP,Solar Photovoltaic,PV,IPP Non-CHP,2,1.0,1.0,1.0,11,2011,Y,,Y,,,,,,,1,Y,,,,,
58863,Main Street Power,57765,Arizona Western College PV,AZ,Yuma,SHP,OP,Solar Photovoltaic,PV,IPP Non-CHP,2,0.9,0.9,0.9,11,2011,,Y,,,,,,,,0.9,,,Y,,,
58863,Main Street Power,57765,Arizona Western College PV,AZ,Yuma,SOLEG,OP,Solar Photovoltaic,PV,IPP Non-CHP,2,1.0,1.0,1.0,4,2015,,,,Y,,,,,,1.3,Y,,,,,
58863,Main Street Power,57765,Arizona Western College PV,AZ,Yuma,STE,OP,Solar Photovoltaic,PV,IPP Non-CHP,2,0.9,0.9,0.9,11,2011,,Y,,,,,,,,0.9,Y,,,,,
58863,Main Street Power,57765,Arizona Western College PV,AZ,Yuma,SWD,OP,Solar Photovoltaic,PV,IPP Non-CHP,2,0.9,0.9,0.9,11,2011,,Y,,,,,,,,0.9,Y,,,,,
57078,Ecogy Pennsylvania Systems LLC,57768,Longwood Gardens,PA,Chester,1,OP,Solar Photovoltaic,PV,IPP Non-CHP,2,1.3,1.3,1.3,5,2010,,,,Y,,,,,,1.6,Y,,,,,
57081,"WGL Energy Systems, Inc",57772,Perdue Bridgeville Photovoltaic,DE,Sussex,BRID,OP,Solar Photovoltaic,PV,IPP Non-CHP,2,1.3,1.3,1.3,7,2011,,N,,Y,,,,,,1.6,Y,,,,,
58315,SSA Solar of CA 2 LLC,57773,Palo Verde College,CA,Riverside,1,OP,Solar Photovoltaic,PV,Commercial Non-CHP,4,1.2,1.2,1.2,8,2009,,Y,,,,,,,,1.2,Y,,,,,
11556,Brookfield Energy Marketing LP,57775,Kingman 1,AZ,Mohave,PV,OP,Solar Photovoltaic,PV,IPP Non-CHP,2,0.5,0.5,0.5,9,2011,,Y,,,,,,,,0.5,Y,,,,,
58316,SSA Solar of NJ LLC,57776,FedEx Woodbridge,NJ,Middlesex,1,OP,Solar Photovoltaic,PV,IPP Non-CHP,2,2.4,2.4,2.4,12,2009,,N,,Y,,,,,,2.4,Y,,,,,
57087,RE Dillard LLC,57777,RE Dillard 1,CA,Sacramento,DL1,OP,Solar Photovoltaic,PV,IPP Non-CHP,2,3.0,3.0,3.0,1,2012,,Y,,,,,,,,3.8,Y,,,,,
57090,RE Kammerer LLC,57778,RE Kammerer 1,CA,Sacramento,KAM1,OP,Solar Photovoltaic,PV,IPP Non-CHP,2,5.0,5.0,5.0,1,2012,,Y,,,,,,,,6.2,Y,,,,,
57087,RE Dillard LLC,57779,RE Dillard 2,CA,Sacramento,DIL2,OP,Solar Photovoltaic,PV,IPP Non-CHP,2,3.0,3.0,3.0,1,2012,,Y,,,,,,,,3.8,Y,,,,,
57090,RE Kammerer LLC,57780,RE Kammerer 2,CA,Sacramento,KAM2,OP,Solar Photovoltaic,PV,IPP Non-CHP,2,5.0,5.0,5.0,2,2012,,Y,,,,,,,,6.2,Y,,,,,
57087,RE Dillard LLC,57781,RE Dillard 3,CA,Sacramento,DIL3,OP,Solar Photovoltaic,PV,IPP Non-CHP,2,3.0,3.0,3.0,1,2012,,Y,,,,,,,,3.8,Y,,,,,
57090,RE Kammerer LLC,57782,RE Kammerer 3,CA,Sacramento,KAM3,OP,Solar Photovoltaic,PV,IPP Non-CHP,2,5.0,5.0,5.0,2,2012,,Y,,,,,,,,6.2,Y,,,,,
57093,RE Bruceville LLC,57783,RE Bruceville 1,CA,Sacramento,BRU1,OP,Solar Photovoltaic,PV,IPP Non-CHP,2,5.0,5.0,5.0,1,2012,,Y,,,,,,,,6.2,Y,,,,,
57093,RE Bruceville LLC,57784,RE Bruceville 2,CA,Sacramento,BRU2,OP,Solar Photovoltaic,PV,IPP Non-CHP,2,5.0,5.0,5.0,2,2012,,Y,,,,,,,,6.2,Y,,,,,
57093,RE Bruceville LLC,57785,RE Bruceville 3,CA,Sacramento,BRU3,OP,Solar Photovoltaic,PV,IPP Non-CHP,2,5.0,5.0,5.0,2,2012,,Y,,,,,,,,6.2,Y,,,,,
57107,RE Bagdad Solar 1 LLC,57790,RE Bagdad Solar I LLC,AZ,Yavapai,1,OP,Solar Photovoltaic,PV,IPP Non-CHP,2,16.6,15.0,15.0,12,2011,,Y,,,,,,,,16.6,Y,,,,,
57112,RE Ajo 1 LLC,57795,RE Ajo 1 LLC,AZ,Pima,1,OP,Solar Photovoltaic,PV,IPP Non-CHP,2,4.5,4.5,4.5,8,2011,,Y,,,,,,,,5,Y,,,,,
57104,Golden Springs Development Company LLC,57796,Golden Springs Building C-1,CA,Los Angeles,1,OP,Solar Photovoltaic,PV,IPP Non-CHP,2,1.2,1.2,1.2,2,2012,,,,Y,,,,,,1.3,Y,,,,,
57104,Golden Springs Development Company LLC,57797,Golden Springs Building D,CA,Los Angeles,1,OP,Solar Photovoltaic,PV,IPP Non-CHP,2,1.3,1.3,1.3,3,2012,,,,Y,,,,,,1.4,Y,,,,,
57113,"ISH Solar Central, LLC",57799,"ISH Solar Central, LLC",NJ,Monmouth,1,OP,Solar Photovoltaic,PV,IPP Non-CHP,2,1.4,1.4,1.4,10,2011,,,,Y,,,,,,4.4,Y,,,,,
57124,Nautilus Solar WPU LLC,57805,William Paterson University,NJ,Passaic,WPU1,OP,Solar Photovoltaic,PV,Commercial Non-CHP,4,1.4,1.4,1.4,10,2010,,,,Y,,,,,,1.4,Y,,,,,
57087,RE Dillard LLC,57806,RE Dillard 4,CA,Sacramento,DIL4,OP,Solar Photovoltaic,PV,IPP Non-CHP,2,0.4,0.4,0.4,1,2012,,,,Y,,,,,,0.5,Y,,,,,
57130,Janssen Pharmaceutical Co,57815,Titusville Solar,NJ,Mercer,PV1,OP,Solar Photovoltaic,PV,Commercial Non-CHP,4,4.1,4.1,4.1,9,2010,N,Y,,N,N,,,,,4.1,Y,,Y,,,
57114,RE McKenzie LLC,57816,RE McKenzie 1,CA,Sacramento,MCK1,OP,Solar Photovoltaic,PV,IPP Non-CHP,2,5.0,5.0,5.0,11,2012,,Y,,,,,,,,9.4,Y,,,,,
57114,RE McKenzie LLC,57817,RE McKenzie 2,CA,Sacramento,MCK2,OP,Solar Photovoltaic,PV,IPP Non-CHP,2,5.0,5.0,5.0,11,2012,,Y,,,,,,,,9.4,Y,,,,,
57114,RE McKenzie LLC,57818,RE McKenzie 3,CA,Sacramento,MCK3,OP,Solar Photovoltaic,PV,IPP Non-CHP,2,5.0,5.0,5.0,11,2012,,Y,,,,,,,,9.4,Y,,,,,
57114,RE McKenzie LLC,57819,RE McKenzie 4,CA,Sacramento,MCK4,OP,Solar Photovoltaic,PV,IPP Non-CHP,2,5.0,5.0,5.0,11,2012,,Y,,,,,,,,9.4,Y,,,,,
57114,RE McKenzie LLC,57820,RE McKenzie 5,CA,Sacramento,MCK5,OP,Solar Photovoltaic,PV,IPP Non-CHP,2,5.0,5.0,5.0,11,2012,,Y,,,,,,,,9.4,Y,,,,,
57114,RE McKenzie LLC,57821,RE McKenzie 6,CA,Sacramento,MCK6,OP,Solar Photovoltaic,PV,IPP Non-CHP,2,5.0,5.0,5.0,11,2012,,Y,,,,,,,,6.3,Y,,,,,
58661,"Sustainable Power Group, LLC",57827,Dinuba Wastewater Treatment Plant,CA,Tulare,DSPV,OP,Solar Photovoltaic,PV,Commercial Non-CHP,4,1.0,1.0,1.0,11,2011,,,,Y,,,,,,1.2,Y,,,,,
57154,Heliocentric LLC,57831,Heliocentric,CA,Los Angeles,1,OP,Solar Photovoltaic,PV,IPP Non-CHP,2,1.5,1.3,1.5,3,2012,,,,Y,,,,,,1.7,Y,,,,,
57159,L-8 Solar Project LLC,57836,L-8 Solar Project,CA,Los Angeles,TSM,OP,Solar Photovoltaic,PV,IPP Non-CHP,2,1.5,1.3,1.5,5,2012,,,,Y,,,,,,1.7,Y,,,,,
56769,Consolidated Edison Development Inc.,57838,Dartmouth II Solar,MA,Bristol,D2MA,OP,Solar Photovoltaic,PV,IPP Non-CHP,2,2.0,2.0,2.0,6,2012,,,,Y,,,,,,2.5,Y,,,,,
57167,ISH Solar Hospitals LLC,57840,ISH Solar Hospital SDMC,CA,San Diego,1,OP,Solar Photovoltaic,PV,IPP Non-CHP,2,1.1,1.1,1.1,12,2011,,,,Y,,,,,,6,Y,,,,,
57167,ISH Solar Hospitals LLC,57841,ISH Solar Hospital Downey,CA,Los Angeles,1,OP,Solar Photovoltaic,PV,IPP Non-CHP,2,1.1,1.1,1.1,9,2011,,,,Y,,,,,,6,Y,,,,,
57176,WC Landfill Energy LLC,57848,WC Landfill Energy LLC,NJ,Warren,SOLAR,OP,Solar Photovoltaic,PV,IPP Non-CHP,2,1.2,1.2,1.2,9,2013,,,,Y,,,,,,1.2,Y,,,,,
57177,SEAI Elk Grove LLC,57849,Green Acres Solar Facility 1,CA,Sacramento,GASF1,OP,Solar Photovoltaic,PV,IPP Non-CHP,2,3.0,2.8,2.0,9,2012,,Y,,,,,,,,3.6,Y,,,,,
57177,SEAI Elk Grove LLC,57850,Green Acres Solar Facility 2,CA,Sacramento,GASF2,OP,Solar Photovoltaic,PV,IPP Non-CHP,2,1.0,0.9,0.7,9,2012,,Y,,,,,,,,1.2,Y,,,,,
56918,University of California San Diego,57856,Univ of California San Diego Solar,CA,San Diego,SGU1,OP,Solar Photovoltaic,PV,Commercial Non-CHP,4,1.2,1.2,1.2,12,2008,N,,,Y,,,,,,1.2,Y,,,,,
57194,City of Industry,57860,Industry MetroLink PV 1,CA,Los Angeles,1,OP,Solar Photovoltaic,PV,Electric Utility,1,1.5,1.5,1.5,4,2012,,,,Y,,,,,,2,Y,,,,,
56997,Marina Energy LLC,57863,McKee City Solar Phase 2,NJ,Atlantic,UNIT1,OP,Solar Photovoltaic,PV,IPP Non-CHP,2,2.6,2.6,2.6,12,2011,,,,Y,,,,,,2.6,Y,,,,,
56997,Marina Energy LLC,57864,Stockton Athletic Center,NJ,Atlantic,2LOT7,OP,Solar Photovoltaic,PV,Commercial Non-CHP,4,0.5,0.5,0.5,10,2009,,,,Y,,,,,,0.5,Y,,,,,
56997,Marina Energy LLC,57864,Stockton Athletic Center,NJ,Atlantic,LOT7,OP,Solar Photovoltaic,PV,Commercial Non-CHP,4,0.2,0.2,0.2,4,2009,,,,Y,,,,,,0.2,Y,,,,,
56997,Marina Energy LLC,57864,Stockton Athletic Center,NJ,Atlantic,LOT7B,OP,Solar Photovoltaic,PV,Commercial Non-CHP,4,0.2,0.2,0.2,4,2009,,,,Y,,,,,,0.2,Y,,,,,
56997,Marina Energy LLC,57864,Stockton Athletic Center,NJ,Atlantic,SAC,OP,Solar Photovoltaic,PV,Commercial Non-CHP,4,0.3,0.3,0.3,2,2009,,,,Y,,,,,,0.3,Y,,,,,
56997,Marina Energy LLC,57868,L'Oreal Piscataway,NJ,Middlesex,UNIT1,OP,Solar Photovoltaic,PV,Industrial Non-CHP,6,1.3,1.3,1.3,12,2011,,,,Y,,,,,,1,Y,,,,,
56997,Marina Energy LLC,57869,Heller Industrial Parks,NJ,Middlesex,UNIT1,OP,Solar Photovoltaic,PV,IPP Non-CHP,2,2.7,2.7,2.7,12,2011,,,,Y,,,,,,2.7,Y,,,,,
57213,Castle Rock Cooling,57870,Castle Rock Vineyards,CA,Tulare,SOLAR,OP,Solar Photovoltaic,PV,Commercial Non-CHP,4,1.0,1.0,1.0,9,2010,,,,Y,,,,,,1.1,Y,,,,,
11208,Los Angeles Department of Water & Power,57871,2555 E Olympic Bl,CA,Los Angeles,1,OP,Solar Photovoltaic,PV,Commercial Non-CHP,4,1.0,1.0,1.0,3,2012,,,,Y,,,,,,1.2,Y,,,,,
57081,"WGL Energy Systems, Inc",57879,Perdue Salisbury Photovoltaic,MD,Wicomico,SALI,OP,Solar Photovoltaic,PV,IPP Non-CHP,2,1.0,1.0,1.0,9,2011,,,,Y,,,,,,1.2,Y,,,,,
15248,Portland General Electric Co,57882,Baldock Solar Highway,OR,Clackamas,BSH1,OP,Solar Photovoltaic,PV,Electric Utility,1,1.7,1.7,1.7,1,2012,,,,Y,,,,,,1.7,Y,,,,,
57219,Siete Solar LLC,57883,Queen Creek Solar Farm,AZ,Maricopa,GEN1,OP,Solar Photovoltaic,PV,IPP Non-CHP,2,19.0,18.6,18.6,10,2012,,Y,,,,,,,,25.2,Y,,,,,
14328,Pacific Gas & Electric Co,57891,Guernsey Solar Station,CA,Kings,1,OP,Solar Photovoltaic,PV,Electric Utility,1,20.0,20.0,20.0,8,2013,,Y,,,,,,,,25.5,Y,,,,,
14328,Pacific Gas & Electric Co,57892,Gates Solar Station,CA,Fresno,1,OP,Solar Photovoltaic,PV,Electric Utility,1,20.0,20.0,20.0,6,2013,,,,Y,,,,,,27.7,Y,,,,,
57262,Kern County Water Agency,57895,Improvement Dst No. 4,CA,Kern,ID4,OP,Solar Photovoltaic,PV,Commercial Non-CHP,4,1.1,1.1,1.1,1,2009,,Y,,Y,,,,,,1.2,Y,,,,,
17609,Southern California Edison Co,57900,Solar Photovoltaic Project #48,CA,San Bernardino,S48A,OP,Solar Photovoltaic,PV,Electric Utility,1,0.5,0.5,0.5,2,2015,,,,Y,,,,,,0.7,Y,,,,,
17609,Southern California Edison Co,57900,Solar Photovoltaic Project #48,CA,San Bernardino,S48B,OP,Solar Photovoltaic,PV,Electric Utility,1,0.5,0.5,0.5,2,2015,,,,Y,,,,,,0.7,Y,,,,,
17609,Southern California Edison Co,57900,Solar Photovoltaic Project #48,CA,San Bernardino,S48C,OP,Solar Photovoltaic,PV,Electric Utility,1,0.5,0.5,0.5,2,2015,,,,Y,,,,,,0.7,Y,,,,,
17609,Southern California Edison Co,57900,Solar Photovoltaic Project #48,CA,San Bernardino,S48D,OP,Solar Photovoltaic,PV,Electric Utility,1,0.5,0.5,0.5,2,2015,,,,Y,,,,,,0.7,Y,,,,,
17609,Southern California Edison Co,57900,Solar Photovoltaic Project #48,CA,San Bernardino,S48E,OP,Solar Photovoltaic,PV,Electric Utility,1,0.5,0.5,0.5,2,2015,,,,Y,,,,,,0.7,Y,,,,,
17609,Southern California Edison Co,57900,Solar Photovoltaic Project #48,CA,San Bernardino,S48F,OP,Solar Photovoltaic,PV,Electric Utility,1,0.5,0.5,0.5,2,2015,,,,Y,,,,,,0.7,Y,,,,,
17609,Southern California Edison Co,57900,Solar Photovoltaic Project #48,CA,San Bernardino,S48G,OP,Solar Photovoltaic,PV,Electric Utility,1,0.5,0.5,0.5,2,2015,,,,Y,,,,,,0.7,Y,,,,,
17609,Southern California Edison Co,57900,Solar Photovoltaic Project #48,CA,San Bernardino,S48H,OP,Solar Photovoltaic,PV,Electric Utility,1,0.5,0.5,0.5,2,2015,,,,Y,,,,,,0.7,Y,,,,,
17609,Southern California Edison Co,57900,Solar Photovoltaic Project #48,CA,San Bernardino,S48I,OP,Solar Photovoltaic,PV,Electric Utility,1,0.5,0.5,0.5,2,2015,,,,Y,,,,,,0.7,Y,,,,,
17609,Southern California Edison Co,57900,Solar Photovoltaic Project #48,CA,San Bernardino,S48J,OP,Solar Photovoltaic,PV,Electric Utility,1,0.5,0.5,0.5,2,2015,,,,Y,,,,,,0.7,Y,,,,,
57273,SS San Antonio West LLC,57904,San Antonio West Solar Rooftop,CA,Riverside,CHNO,OP,Solar Photovoltaic,PV,IPP Non-CHP,2,1.5,1.5,1.5,8,2012,,N,,Y,,,,,,1.5,Y,,,,,
49893,Invenergy Services LLC,57912,Grand Ridge Solar Farm,IL,LaSalle,1,OP,Solar Photovoltaic,PV,IPP Non-CHP,2,20.0,20.0,20.0,7,2012,,,,Y,,,,,,22.8,,,,Y,,
57308,Amonix UASTP Solar Generation 1 LLC,57930,Amonix UASTP Solar Power Station,AZ,Pima,UAST,OP,Solar Photovoltaic,PV,IPP Non-CHP,2,1.9,1.9,1.9,4,2011,Y,,Y,,,,,,,2,,,,,,Y
57309,Holyoke Solar LLC,57931,Holyoke Solar Cooperative at Mueller,MA,Hampden,PV1,OP,Solar Photovoltaic,PV,IPP Non-CHP,2,2.7,2.7,2.7,12,2011,,,,Y,,,,,,3.5,Y,,,,,
58101,Solar Star California II LLC,57933,Solar Star California II LLC,CA,Sacramento,1,OP,Solar Photovoltaic,PV,IPP Non-CHP,2,2.0,2.0,2.0,8,2012,,Y,,,,,,,,2.3,Y,,,,,
56769,Consolidated Edison Development Inc.,57934,Douglas Solar,MA,Worcester,DOMA,OP,Solar Photovoltaic,PV,IPP Non-CHP,2,2.0,2.0,2.0,12,2012,,,,Y,,,,,,2.5,Y,,,,,
57313,SolarCity Corporation,57939,Walmart Casa Grande,AZ,Pinal,1,OP,Solar Photovoltaic,PV,IPP Non-CHP,2,1.0,1.0,1.0,6,2011,,Y,,,,,,,,1.1,Y,,,,,
57313,SolarCity Corporation,57939,Walmart Casa Grande,AZ,Pinal,2,OP,Solar Photovoltaic,PV,IPP Non-CHP,2,1.0,1.0,1.0,6,2011,,Y,,,,,,,,1.1,Y,,,,,
57318,Constellation Solar Net Metering LLC,57941,Town of Uxbridge MA at Commerce Dr,MA,Worcester,PV1,OP,Solar Photovoltaic,PV,IPP Non-CHP,2,1.8,1.8,1.8,6,2012,,,,Y,,,,,,2.3,Y,,,,,
57319,Constellation Solar Massachusetts LLC,57942,Town of Norfolk MA at Medway Branch,MA,Norfolk,PV1,OP,Solar Photovoltaic,PV,IPP Non-CHP,2,1.2,1.2,1.2,6,2012,,,,Y,,,,,,1.6,Y,,,,,
57326,NJ Oak Solar LLC,57948,NJ Oak Solar Plant,NJ,Cumberland,OAK,OP,Solar Photovoltaic,PV,IPP Non-CHP,2,10.0,10.0,10.0,12,2011,,,,Y,,,,,,12.5,Y,,,,,
57328,Shore Point Solar LLC,57951,Shore Point Solar,NJ,Monmouth,1,OP,Solar Photovoltaic,PV,IPP Non-CHP,2,1.0,1.0,1.0,9,2011,,,,Y,,,,,,1.2,,,,Y,,
49893,Invenergy Services LLC,57959,Desert Green Solar Farm LLC,CA,San Diego,1,OP,Solar Photovoltaic,PV,IPP Non-CHP,2,6.3,6.3,6.3,11,2014,N,,Y,,,,,,,8.9,,,,,,Y
57345,Butte-Glenn Community College District,57970,Butte College Main Campus Solar,CA,Butte,SOL1,OP,Solar Photovoltaic,PV,Commercial Non-CHP,4,3.5,2.9,2.8,7,2011,,,,Y,,,,,,4.1,Y,,,,,
57354,X-Elio North America Inc,57982,Meridian Vineyards,CA,San Luis Obispo,PV-1,OP,Solar Photovoltaic,PV,IPP Non-CHP,2,0.5,0.5,0.5,12,2010,,,,Y,,,,,,0.6,Y,,,,,
57354,X-Elio North America Inc,57982,Meridian Vineyards,CA,San Luis Obispo,PV-2,OP,Solar Photovoltaic,PV,IPP Non-CHP,2,0.6,0.6,0.6,12,2010,,,,Y,,,,,,0.7,Y,,,,,
57361,SunE EPE2 LLC,57985,SunE EPE2 LLC,NM,Dona Ana,1,OP,Solar Photovoltaic,PV,IPP Non-CHP,2,12.0,13.6,13.6,5,2012,,Y,,,,,,,,13.6,Y,,,,,
57360,SunE EPE1 LLC,57986,SunE EPE1 LLC,NM,Dona Ana,1,OP,Solar Photovoltaic,PV,IPP Non-CHP,2,10.0,11.3,11.3,6,2012,,Y,N,,,,,,,11.3,Y,,,,,
56769,Consolidated Edison Development Inc.,57989,Groveland Solar,MA,Essex,GSMA,OP,Solar Photovoltaic,PV,IPP Non-CHP,2,3.2,3.2,3.2,12,2012,,,,Y,,,,,,3.5,Y,,,,,
56769,Consolidated Edison Development Inc.,57990,Shrewsbury Solar,MA,Worcester,SSMA,OP,Solar Photovoltaic,PV,IPP Non-CHP,2,2.5,2.5,2.5,10,2012,,,,Y,,,,,,3.5,Y,,,,,
57365,Consolidated Edison Solutions Inc,57992,Boston Scientific Solar,MA,Norfolk,BSMA,OP,Solar Photovoltaic,PV,IPP Non-CHP,2,1.1,1.1,1.1,12,2012,,,,Y,,,,,,1.3,Y,,,,,
58289,"NextEra Energy Desert Sunlight 300, LLC",57993,"Desert Sunlight 300, LLC",CA,Riverside,DSL1,OP,Solar Photovoltaic,PV,IPP Non-CHP,2,40.3,40.3,40.3,11,2013,,,,Y,,,,,,44.9,,Y,,,,
58289,"NextEra Energy Desert Sunlight 300, LLC",57993,"Desert Sunlight 300, LLC",CA,Riverside,DSL10,OP,Solar Photovoltaic,PV,IPP Non-CHP,2,30.2,30.2,30.2,11,2013,,,,Y,,,,,,37.9,,Y,,,,
58289,"NextEra Energy Desert Sunlight 300, LLC",57993,"Desert Sunlight 300, LLC",CA,Riverside,DSL11,OP,Solar Photovoltaic,PV,IPP Non-CHP,2,20.2,20.2,20.2,11,2013,,,,Y,,,,,,25.3,,Y,,,,
58289,"NextEra Energy Desert Sunlight 300, LLC",57993,"Desert Sunlight 300, LLC",CA,Riverside,DSL2,OP,Solar Photovoltaic,PV,IPP Non-CHP,2,40.3,40.3,40.3,11,2013,,,,Y,,,,,,54.4,,Y,,,,
58289,"NextEra Energy Desert Sunlight 300, LLC",57993,"Desert Sunlight 300, LLC",CA,Riverside,DSL3,OP,Solar Photovoltaic,PV,IPP Non-CHP,2,40.3,40.3,40.3,11,2013,,,,Y,,,,,,52,,Y,,,,
58289,"NextEra Energy Desert Sunlight 300, LLC",57993,"Desert Sunlight 300, LLC",CA,Riverside,DSL4,OP,Solar Photovoltaic,PV,IPP Non-CHP,2,30.2,30.2,30.2,11,2013,,,,Y,,,,,,39,,Y,,,,
58289,"NextEra Energy Desert Sunlight 300, LLC",57993,"Desert Sunlight 300, LLC",CA,Riverside,DSL5,OP,Solar Photovoltaic,PV,IPP Non-CHP,2,25.2,25.2,25.2,6,2014,,,,Y,,,,,,33,,Y,,,,
58289,"NextEra Energy Desert Sunlight 300, LLC",57993,"Desert Sunlight 300, LLC",CA,Riverside,DSL6,OP,Solar Photovoltaic,PV,IPP Non-CHP,2,25.2,25.2,25.2,8,2014,,,,Y,,,,,,33,,Y,,,,
58289,"NextEra Energy Desert Sunlight 300, LLC",57993,"Desert Sunlight 300, LLC",CA,Riverside,DSL7,OP,Solar Photovoltaic,PV,IPP Non-CHP,2,20.2,20.2,20.2,8,2014,,,,Y,,,,,,26.4,,Y,,,,
58289,"NextEra Energy Desert Sunlight 300, LLC",57993,"Desert Sunlight 300, LLC",CA,Riverside,DSL8,OP,Solar Photovoltaic,PV,IPP Non-CHP,2,18.9,18.9,18.9,10,2014,,,,Y,,,,,,24.7,,Y,,,,
58289,"NextEra Energy Desert Sunlight 300, LLC",57993,"Desert Sunlight 300, LLC",CA,Riverside,DSL9,OP,Solar Photovoltaic,PV,IPP Non-CHP,2,22.7,22.7,22.7,10,2014,,,,Y,,,,,,28.4,,Y,,,,
57369,"Apple, Inc",57994,Apple Data Center PV,NC,Catawba,PV1,OP,Solar Photovoltaic,PV,Commercial Non-CHP,4,21.0,20.0,20.0,2,2013,,Y,,,,,,,,25,Y,,,,,
803,Arizona Public Service Co,57997,Foothills Solar Plant,AZ,Yuma,PV1,OP,Solar Photovoltaic,PV,Electric Utility,1,17.0,17.0,17.0,3,2013,,Y,,,,,,,,25,Y,,,,,
803,Arizona Public Service Co,57997,Foothills Solar Plant,AZ,Yuma,PV2,OP,Solar Photovoltaic,PV,Electric Utility,1,18.0,18.0,18.0,12,2013,,Y,,,,,,,,27,Y,,,,,
56769,Consolidated Edison Development Inc.,58002,Alpaugh North,CA,Tulare,SPS,OP,Solar Photovoltaic,PV,IPP Non-CHP,2,20.0,20.0,20.0,12,2012,,Y,,,,,,,,26,Y,,,,,
56769,Consolidated Edison Development Inc.,58003,Alpaugh 50,CA,Tulare,SPS50,OP,Solar Photovoltaic,PV,IPP Non-CHP,2,50.0,50.0,50.0,12,2012,,Y,,,,,,,,66,Y,,,,,
57383,Wasatch View Solar LLC,58006,Salt Palace Solar Gen Plant,UT,Salt Lake,1,OP,Solar Photovoltaic,PV,IPP Non-CHP,2,0.8,0.8,0.8,5,2012,,,,Y,,,,,,1,Y,,,,,
57383,Wasatch View Solar LLC,58006,Salt Palace Solar Gen Plant,UT,Salt Lake,2,OP,Solar Photovoltaic,PV,IPP Non-CHP,2,0.5,0.5,0.5,5,2012,,,,Y,,,,,,0.6,Y,,,,,
57386,SunE CPS3 LLC,58009,SunE CPS3 LLC,TX,Bexar,1,OP,Solar Photovoltaic,PV,IPP Non-CHP,2,5.6,5.6,5.6,5,2012,,Y,,,,,,,,6.5,Y,,,,,
57386,SunE CPS3 LLC,58009,SunE CPS3 LLC,TX,Bexar,2,OP,Solar Photovoltaic,PV,IPP Non-CHP,2,5.0,5.0,5.0,7,2012,,Y,,,,,,,,5.8,Y,,,,,
57390,Siemens Government Technologies Inc,58010,WSMR I,NM,Dona Ana,WSMR1,OP,Solar Photovoltaic,PV,IPP Non-CHP,2,4.2,4.2,4.2,12,2012,,Y,,,,,,,,4.2,Y,,,,,Y
57390,Siemens Government Technologies Inc,58010,WSMR I,NM,Dona Ana,WSMR2,OP,Solar Photovoltaic,PV,IPP Non-CHP,2,0.4,0.4,0.4,12,2012,,,,Y,,,,,,0.3,Y,,,,,Y
57389,IKEA Property Inc,58011,IKEA Savannah 490,GA,Chatham,PV,OP,Solar Photovoltaic,PV,Commercial Non-CHP,4,1.2,1.2,1.2,9,2012,,,,Y,,,,,,1.5,Y,,,,,
57389,IKEA Property Inc,58012,IKEA Tampa 042,FL,Hillsborough,PV,OP,Solar Photovoltaic,PV,Commercial Non-CHP,4,1.0,1.0,1.0,8,2012,,,,Y,,,,,,1.2,Y,,,,,
57389,IKEA Property Inc,58013,IKEA Round Rock 027,TX,Williamson,PV,OP,Solar Photovoltaic,PV,Commercial Non-CHP,4,1.4,1.3,1.3,9,2012,,,,Y,,,,,,1.6,Y,,,,,
57389,IKEA Property Inc,58014,IKEA Perryville 460,MD,Cecil,PV,OP,Solar Photovoltaic,PV,Commercial Non-CHP,4,2.1,2.0,2.0,2,2013,,,,Y,,,,,,2.6,,,Y,,,
57389,IKEA Property Inc,58015,IKEA College Park 411,MD,Prince Georges,PV,OP,Solar Photovoltaic,PV,Commercial Non-CHP,4,1.0,1.0,1.0,2,2012,,,,Y,,,,,,1.2,Y,,,,,
57389,IKEA Property Inc,58016,IKEA Westhampton 061,NJ,Burlington,PV,OP,Solar Photovoltaic,PV,Commercial Non-CHP,4,1.8,1.8,1.8,2,2013,,,,Y,,,,,,2.2,,,Y,,,
57391,"Copper Mountain Solar 2, LLC",58017,Copper Mountain Solar 2,NV,Clark,PV01,OP,Solar Photovoltaic,PV,IPP Non-CHP,2,30.0,30.0,30.0,10,2012,,,,Y,,,,,,36.6,,Y,,,,
57391,"Copper Mountain Solar 2, LLC",58017,Copper Mountain Solar 2,NV,Clark,PV02,OP,Solar Photovoltaic,PV,IPP Non-CHP,2,30.0,30.0,30.0,8,2012,,,,Y,,,,,,36.6,,Y,,,,
57391,"Copper Mountain Solar 2, LLC",58017,Copper Mountain Solar 2,NV,Clark,PV03,OP,Solar Photovoltaic,PV,IPP Non-CHP,2,34.0,34.0,34.0,7,2012,,,,Y,,,,,,41.2,,Y,,,,
57391,"Copper Mountain Solar 2, LLC",58017,Copper Mountain Solar 2,NV,Clark,PV04,OP,Solar Photovoltaic,PV,IPP Non-CHP,2,30.0,30.0,30.0,1,2015,,,,Y,,,,,,36.6,,Y,,,,
57391,"Copper Mountain Solar 2, LLC",58017,Copper Mountain Solar 2,NV,Clark,PV05,OP,Solar Photovoltaic,PV,IPP Non-CHP,2,30.0,30.0,30.0,2,2015,,,,Y,,,,,,36.6,,Y,,,,
57403,SunE CPS2 LLC,58027,SunE CPS2 LLC,TX,Bexar,1,OP,Solar Photovoltaic,PV,IPP Non-CHP,2,10.0,9.9,9.9,5,2012,,Y,,,,,,,,11.6,Y,,,,,
57389,IKEA Property Inc,58028,IKEA Tejon 345,CA,Kern,PV,OP,Solar Photovoltaic,PV,Commercial Non-CHP,4,1.5,1.5,1.5,4,2011,,,,Y,,,,,,1.8,Y,,,,,
57311,Constellation Solar Federal LLC,58029,Constellation New Energy Inc,NJ,Burlington,PV1,OP,Solar Photovoltaic,PV,IPP Non-CHP,2,3.9,3.9,3.9,12,2011,,,,Y,,,,,,5,Y,,,,,
56990,NJR Clean Energy Ventures Corporation,58030,Reeves Station Rd East,NJ,Burlington,REEVE,OP,Solar Photovoltaic,PV,IPP Non-CHP,2,5.5,5.5,5.5,10,2012,,,,Y,,,,,,5.5,Y,,,,,
57365,Consolidated Edison Solutions Inc,58032,Padelford Solar,MA,Bristol,PSMA,OP,Solar Photovoltaic,PV,IPP Non-CHP,2,2.2,2.2,2.2,12,2012,,,,Y,,,,,,2.9,Y,,,,,
57405,NLH1 Solar LLC,58034,Nickel 1 Solar Facility,CA,Kern,1,OP,Solar Photovoltaic,PV,IPP Non-CHP,2,1.5,1.5,1.5,11,2012,,,,Y,,,,,,1.8,Y,,,,,
57407,Riverside Renewable Energy,58036,Riverside Renewable Energy LLC,NJ,Camden,1,OP,Solar Photovoltaic,PV,IPP Non-CHP,2,7.5,7.5,7.5,11,2011,,,,Y,,,,,,9,Y,,,,,
57408,Constellation Solar Arizona LLC,58037,Buckeye Union HS District 201,AZ,Maricopa,PV1,OP,Solar Photovoltaic,PV,IPP Non-CHP,2,3.3,3.3,3.3,12,2011,,,,Y,,,,,,4.3,Y,,,,,
57410,RET Modesto Solar LLC,58039,RET  Modesto Solar,CA,Stanislaus,1,OP,Solar Photovoltaic,PV,IPP Non-CHP,2,25.0,25.0,25.0,12,2012,,Y,,,,,,,,31.3,Y,,,,,
57411,KDC Solar O&M LLC,58040,United Stationers Supply Solar Electric,NJ,Middlesex,SEF-A,OP,Solar Photovoltaic,PV,Commercial Non-CHP,4,2.0,2.0,2.0,12,2011,,,,Y,,,,,,2.3,Y,,,,,
57411,KDC Solar O&M LLC,58040,United Stationers Supply Solar Electric,NJ,Middlesex,SEF-B,OP,Solar Photovoltaic,PV,Commercial Non-CHP,4,0.8,0.8,0.8,12,2011,,,,Y,,,,,,1,Y,,,,,
57413,Black Mountain Solar LLC,58042,Black Mountain Solar LLC,AZ,Mohave,1,OP,Solar Photovoltaic,PV,IPP Non-CHP,2,9.0,9.0,9.0,12,2012,,Y,,,,,,,,10,Y,,,,,
57420,Jordache Enterprises,58049,Jordache Enterprises Solar,NJ,Middlesex,PV,OP,Solar Photovoltaic,PV,Commercial Non-CHP,4,1.3,1.3,1.3,11,2011,,,,Y,,,,,,1.6,Y,,,Y,,
57435,MillerCoors Irwindale Brewery,58056,MillerCoors Irwindale Brewery,CA,Los Angeles,PV,OP,Solar Photovoltaic,PV,Industrial Non-CHP,6,2.5,2.5,2.5,3,2015,,Y,,,,,,,,3.2,Y,,,,,
57439,Imperial Valley Solar Company 1 LLC,58062,Imperial Valley Solar Company 1 LLC,CA,Imperial,0001,OP,Solar Photovoltaic,PV,IPP Non-CHP,2,23.0,23.0,23.0,6,2012,,,,Y,,,,,,28.5,Y,,,,,
57441,MARTA,58064,Laredo Bus Facility Solar Canopies,GA,DeKalb,LBFS,OP,Solar Photovoltaic,PV,Commercial Non-CHP,4,1.0,1.0,1.0,1,2012,,,,Y,,,,,,1.2,Y,,,,,
57419,SunE CPS1 LLC,58068,SunE CPS1 LLC,TX,Bexar,1,OP,Solar Photovoltaic,PV,IPP Non-CHP,2,10.0,9.9,9.9,5,2012,,Y,,,,,,,,11.6,Y,,,,,
57446,FRIT Solar Inc,58070,Mercer Mall,NJ,Mercer,1,OP,Solar Photovoltaic,PV,IPP Non-CHP,2,1.1,1.1,1.1,3,2012,,,,Y,,,,,,1.5,Y,,,,,
57354,X-Elio North America Inc,58073,SEPV 1,CA,Los Angeles,SEPV,OP,Solar Photovoltaic,PV,IPP Non-CHP,2,2.0,2.0,2.0,5,2012,,Y,,,,,,,,2.3,Y,,,,,
57354,X-Elio North America Inc,58074,SEPV 2,CA,San Bernardino,SEPV,OP,Solar Photovoltaic,PV,IPP Non-CHP,2,2.0,2.0,2.0,6,2012,,Y,,,,,,,,2.2,Y,,,,,
59622,"Ahana Renewables, LLC",58076,Edwards Air Force Base,CA,Kern,1,OP,Solar Photovoltaic,PV,IPP Non-CHP,2,1.0,1.0,1.0,12,2011,,Y,,,,,,,,1.1,Y,,,,,
59622,"Ahana Renewables, LLC",58076,Edwards Air Force Base,CA,Kern,2,OP,Solar Photovoltaic,PV,IPP Non-CHP,2,1.0,1.0,1.0,12,2011,,Y,,,,,,,,1.1,Y,,,,,
59622,"Ahana Renewables, LLC",58076,Edwards Air Force Base,CA,Kern,3,OP,Solar Photovoltaic,PV,IPP Non-CHP,2,1.0,1.0,1.0,12,2011,,Y,,,,,,,,1.1,Y,,,,,
40577,"American Mun Power-Ohio, Inc",58082,AMP Napoleon Solar Facility,OH,Henry,NSF1,OP,Solar Photovoltaic,PV,Electric Utility,1,3.5,3.5,3.5,9,2012,,,,Y,,,,,,4.2,Y,,,,,
57313,SolarCity Corporation,58086,Intel Folsom,CA,Sacramento,1,OP,Solar Photovoltaic,PV,IPP Non-CHP,2,0.5,0.5,0.5,7,2010,,Y,,,,,,,,1.1,Y,,,,,
57313,SolarCity Corporation,58086,Intel Folsom,CA,Sacramento,2,OP,Solar Photovoltaic,PV,IPP Non-CHP,2,0.5,0.5,0.5,7,2010,,Y,,,,,,,,1.1,Y,,,,,
57411,KDC Solar O&M LLC,58090,Middlesex Apple Orchard Solar,NJ,Middlesex,SEF-1,OP,Solar Photovoltaic,PV,Commercial Non-CHP,4,1.3,1.3,1.3,4,2013,,,,Y,,,,,,1.5,Y,,,,,
57411,KDC Solar O&M LLC,58090,Middlesex Apple Orchard Solar,NJ,Middlesex,SEF-2,OP,Solar Photovoltaic,PV,Commercial Non-CHP,4,3.4,3.4,3.4,4,2013,,,,Y,,,,,,4.2,Y,,,,,
57465,"Keystone Solar, LLC",58091,Keystone Solar,PA,Lancaster,KSTN,OP,Solar Photovoltaic,PV,IPP Non-CHP,2,5.0,5.0,5.0,9,2012,,,,Y,,,,,,6,Y,,,,,
57474,Bed Bath & Beyond,58093,BBB Corporate Headquarters,NJ,Union,HQNJ,OP,Solar Photovoltaic,PV,IPP Non-CHP,2,1.0,1.0,1.0,6,2010,,,,Y,,,,,,1.2,Y,,,,,
57474,Bed Bath & Beyond,58094,Christmas Tree Shops DC Burlington NJ,NJ,Burlington,FINJ,OP,Solar Photovoltaic,PV,IPP Non-CHP,2,2.1,2.1,2.1,1,2011,,,,Y,,,,,,2.5,Y,,,,,
57474,Bed Bath & Beyond,58095,Harmon DC Totowa NJ,NJ,Passaic,TONJ,OP,Solar Photovoltaic,PV,IPP Non-CHP,2,1.5,1.5,1.5,1,2012,,,,Y,,,,,,1.7,Y,,,,,
57474,Bed Bath & Beyond,58096,Bed Bath & Beyond DC Port Reading NJ,NJ,Middlesex,PTNJ,OP,Solar Photovoltaic,PV,Commercial Non-CHP,4,1.8,1.8,1.8,12,2011,,,,Y,,,,,,2.1,Y,,,,,
58465,"Green States Energy, Inc.",58097,Green Meadows,MA,Barnstable,1,OP,Solar Photovoltaic,PV,IPP Non-CHP,2,3.5,3.5,3.5,5,2014,,,,Y,,,,,,4.3,Y,,,,,
57354,X-Elio North America Inc,58118,La Joya Del Sol,CA,Fresno,JDS1,OP,Solar Photovoltaic,PV,IPP Non-CHP,2,1.5,1.5,1.5,12,2012,,Y,,,,,,,,1.8,Y,,,,,
57497,Golden State Energy LLC,58119,Depot Park Solar System,CA,Sacramento,DPSS,OP,Solar Photovoltaic,PV,IPP Non-CHP,2,3.0,3.0,3.0,12,2010,,Y,,,,,,,,3.4,Y,,,,,
56990,NJR Clean Energy Ventures Corporation,58123,Wakefern Food Corp,NJ,Middlesex,1,OP,Solar Photovoltaic,PV,IPP Non-CHP,2,2.0,2.0,2.0,12,2012,,,,Y,,,,,,2.4,Y,,,,,
58083,"Outback Solar, LLC",58131,Outback Solar At Christmas Valley,OR,Lake,PV1,OP,Solar Photovoltaic,PV,IPP Non-CHP,2,4.4,4.4,4.4,10,2012,,Y,,,,,,,,5.7,Y,,,,,
58084,"Oberlin Spear Point Solar One, LLC",58134,Oberlin Spear Point Solar One,OH,Lorain,OSSO,OP,Solar Photovoltaic,PV,Commercial Non-CHP,4,2.0,2.0,2.0,11,2012,,Y,,,,,,,,2.3,Y,,,,,
58088,Washington White Post Solar LLC,58135,Washington White Post Solar LLC,NC,Beaufort,1,OP,Solar Photovoltaic,PV,IPP Non-CHP,2,12.4,12.4,12.4,12,2012,,,,Y,,,,,,15,Y,,,,,
57354,X-Elio North America Inc,58144,SVEP Solar Project Company,VT,Bennington,SVEP1,OP,Solar Photovoltaic,PV,IPP Non-CHP,2,2.0,2.0,2.0,12,2012,,Y,,,,,,,,2.2,Y,,,,,
57354,X-Elio North America Inc,58145,Williamstown Solar,VT,Orange,WTS_1,OP,Solar Photovoltaic,PV,IPP Non-CHP,2,2.0,2.0,2.0,12,2012,,Y,,,,,,,,2.5,Y,,,,,
58108,"SunE AZ1, LLC",58147,Prescott Solar Plant,AZ,Yavapai,PV1,OP,Solar Photovoltaic,PV,IPP Non-CHP,2,10.8,10.8,10.8,12,2011,,Y,,,,,,,,11.7,Y,,,,,
58111,RE Kansas South LLC,58148,RE Kansas South LLC,CA,Kings,KS,OP,Solar Photovoltaic,PV,IPP Non-CHP,2,20.0,20.0,20.0,6,2013,,Y,,,,,,,,27,Y,,,,,
58112,TA-High Desert LLC,58149,TA-High Desert LLC,CA,Los Angeles,TAHD,OP,Solar Photovoltaic,PV,IPP Non-CHP,2,20.0,20.0,20.0,3,2013,,Y,,,,,,,,25.6,Y,,,,,
14354,PacifiCorp,58150,Black Cap Solar Plant,OR,Lake,1,OP,Solar Photovoltaic,PV,Electric Utility,1,2.0,2.0,2.0,10,2012,,Y,,,,,,,,2.6,Y,,,,,
58135,Ecos Energy LLC,58164,Slayton Solar,MN,Murray,PV1,OP,Solar Photovoltaic,PV,IPP Non-CHP,2,1.7,1.7,1.7,1,2013,,,,Y,,,,,,2,Y,,,,,
58104,California State University at Fullerton,58169,CSUF Trigeneration,CA,Orange,CPAC,OP,Solar Photovoltaic,PV,Commercial CHP,5,0.3,0.3,0.3,1,2012,,,,Y,,,,,,0.4,Y,,,,,
58104,California State University at Fullerton,58169,CSUF Trigeneration,CA,Orange,KHS,OP,Solar Photovoltaic,PV,Commercial CHP,5,0.3,0.3,0.3,1,2012,,,,Y,,,,,,0.4,Y,,,,,
58104,California State University at Fullerton,58169,CSUF Trigeneration,CA,Orange,PS4,OP,Solar Photovoltaic,PV,Commercial CHP,5,0.3,0.3,0.3,1,2012,,,,Y,,,,,,0.3,Y,,,,,
58140,San Bernardino Comm College Dist,58170,Crafton Hills College Solar Farm,CA,San Bernardino,GEN1,OP,Solar Photovoltaic,PV,Commercial Non-CHP,4,1.3,1.3,1.3,6,2012,,,Y,,,,,,,1.3,Y,,,,,
24211,Tucson Electric Power Co,58171,Prairie Fire,AZ,Pima,GEN1,OP,Solar Photovoltaic,PV,Electric Utility,1,4.5,4.5,4.5,12,2012,,,,Y,,,,,,5,Y,,,,,
57365,Consolidated Edison Solutions Inc,58174,Wilson Solar,MA,Worcester,WSMA,OP,Solar Photovoltaic,PV,IPP Non-CHP,2,2.0,2.0,2.0,6,2013,,,,Y,,,,,,2.5,Y,,,,,
58148,U.S. General Services Administration,58178,M. G. Emmett J. Bean Federal Center,IN,Marion,1,OP,Solar Photovoltaic,PV,IPP Non-CHP,2,2.0,2.0,2.0,4,2011,,,,Y,,,,,,2,Y,,,,,
58164,"180 Raritan Energy Solutions, LLC",58187,180 Raritan Solar,NJ,Middlesex,1,OP,Solar Photovoltaic,PV,IPP Non-CHP,2,1.9,1.9,1.9,6,2012,,,,Y,,,,,,2.3,Y,,,,,
58175,RE Victor Phelan Solar One LLC,58202,RE Victor Phelan Solar One LLC,CA,San Bernardino,VPS1,OP,Solar Photovoltaic,PV,IPP Non-CHP,2,20.0,20.0,20.0,12,2013,,Y,,,,,,,,22.3,Y,,,,,
56751,Yolo County of,58204,Grassland 3&4 Solar Project,CA,Yolo,INV3,OP,Solar Photovoltaic,PV,IPP Non-CHP,2,2.5,2.5,1.5,7,2013,,,Y,,,,,,,1.3,Y,,,,,
14328,Pacific Gas & Electric Co,58206,West Gates Solar Station,CA,Fresno,1,OP,Solar Photovoltaic,PV,Electric Utility,1,10.0,10.0,10.0,5,2013,,,,Y,,,,,,12.9,Y,,,,,
58185,"FirstLight Power Resources, Inc. - MA",58210,NFM Solar Power LLC,MA,Franklin,1,OP,Solar Photovoltaic,PV,IPP Non-CHP,2,1.9,1.9,1.9,3,2012,,,,Y,,,,,,2,,,Y,,,
58182,SunE AZ2 LLC,58213,Saddle Mountain Solar I,AZ,Maricopa,AZ2,OP,Solar Photovoltaic,PV,IPP Non-CHP,2,15.0,15.0,15.0,12,2012,,Y,,,,,,,,16.9,Y,,,,,
56769,Consolidated Edison Development Inc.,58214,West Greenwich Solar,RI,Kent,WGRI,OP,Solar Photovoltaic,PV,IPP Non-CHP,2,1.9,1.9,1.9,5,2013,,,,Y,,,,,,2,Y,,,,,
56751,Yolo County of,58217,Grassland 1&2 Solar Project,CA,Yolo,INV4,OP,Solar Photovoltaic,PV,IPP Non-CHP,2,2.5,2.5,1.5,7,2013,,,Y,,,,,,,1.3,Y,,,,,
58197,Newberry Solar 1 LLC,58226,Newberry Solar 1 LLC,CA,San Bernardino,1,OP,Solar Photovoltaic,PV,IPP Non-CHP,2,1.5,1.5,1.5,12,2013,,,Y,,,N,,,,1.6,Y,,,,,Y
58198,"Highlander Solar 2, LLC",58227,SEPV9 Power Plant,CA,San Bernardino,SPV9,OP,Solar Photovoltaic,PV,IPP Non-CHP,2,9.0,8.5,8.8,6,2013,,Y,,,,,,,,11,Y,,,,,
58201,Milford Solar LLC,58228,Milford Solar Farm,DE,Kent,GEN1,OP,Solar Photovoltaic,PV,IPP Non-CHP,2,11.8,11.8,11.8,12,2012,,,,Y,,,,,,15,Y,,,,,
58203,NRG Energy Center Eagles LLC,58231,Lincoln Financial Field,PA,Philadelphia,GEN1,OP,Solar Photovoltaic,PV,IPP Non-CHP,2,2.9,2.9,2.9,1,2013,,,,Y,,,,,,3.2,Y,,,,,
58661,"Sustainable Power Group, LLC",58232,Tahquitz High School,CA,Riverside,TAHQ,OP,Solar Photovoltaic,PV,Commercial Non-CHP,4,1.0,1.0,1.0,9,2012,,,,Y,,,,,,1.1,Y,,,,,
58211,"Highlander Solar 1, LLC",58234,SEPV 8,CA,San Bernardino,SPV8,OP,Solar Photovoltaic,PV,IPP Non-CHP,2,12.0,11.8,11.8,6,2013,,Y,,,,,,,,14.6,Y,,,,,
57081,"WGL Energy Systems, Inc",58239,Kent County-Kennedyville,MD,Kent,PVKV,OP,Solar Photovoltaic,PV,IPP Non-CHP,2,1.0,1.0,1.0,8,2012,,,,Y,,,,,,1.1,Y,,,,,
57081,"WGL Energy Systems, Inc",58240,Kit Carson,NM,Taos,PV_KC,OP,Solar Photovoltaic,PV,IPP Non-CHP,2,1.3,1.3,1.3,6,2012,,Y,,,,,,,,1.3,Y,,,,,
57081,"WGL Energy Systems, Inc",58241,Rock Hall,MD,Kent,RCKHL,OP,Solar Photovoltaic,PV,IPP Non-CHP,2,1.0,1.0,1.0,12,2012,,,,Y,,,,,,1.3,Y,,,,,
57081,"WGL Energy Systems, Inc",58243,Kent County - Worton Complex,MD,Kent,WRTN,OP,Solar Photovoltaic,PV,IPP Non-CHP,2,1.0,1.0,1.0,7,2012,,,,Y,,,,,,1.3,Y,,,,,
58661,"Sustainable Power Group, LLC",58244,West Valley High School Solar,CA,Riverside,WEST,OP,Solar Photovoltaic,PV,Commercial Non-CHP,4,1.0,1.0,1.0,9,2012,,,,Y,,,,,,0.9,Y,,,,,
11208,Los Angeles Department of Water & Power,58248,Pierce College,CA,Los Angeles,GEN1,OP,Solar Photovoltaic,PV,Commercial Non-CHP,4,1.9,1.9,1.9,1,2013,,,,Y,,,,,,2.3,Y,,,,,
11208,Los Angeles Department of Water & Power,58249,VA Sepulveda Ambulatory Care Center,CA,Los Angeles,GEN1,OP,Solar Photovoltaic,PV,Commercial Non-CHP,4,3.5,3.5,3.5,10,2014,,Y,,Y,,,,,,4,Y,,,,,
11208,Los Angeles Department of Water & Power,58253,CBS Television City,CA,Los Angeles,GEN1,OP,Solar Photovoltaic,PV,Commercial Non-CHP,4,1.6,1.6,1.6,7,2013,,,,Y,,,,,,1.8,Y,,,,,
11204,Los Alamos County,58256,Los Alamos PV Site,NM,Los Alamos,1,OP,Solar Photovoltaic,PV,Electric Utility,1,1.0,1.0,1.0,9,2012,,,,Y,,,,,,1.1,Y,,,,,
58233,Kalaeloa Solar Two LLC,58259,Kalaeloa Solar Two,HI,Honolulu,KAS2,OP,Solar Photovoltaic,PV,IPP Non-CHP,2,5.0,5.0,5.0,12,2012,,Y,,,,,,,,6,Y,,,,,
58238,Enfinity NorCal 1 FAA LLC,58261,FAA NorCal TRACON,CA,Sacramento,1,OP,Solar Photovoltaic,PV,IPP Non-CHP,2,1.0,1.0,1.0,12,2012,,Y,,Y,,,,,,1.2,Y,,,,,
58239,Desert Sky Solar LLC,58262,Badger 1,AZ,Maricopa,1,OP,Solar Photovoltaic,PV,IPP Non-CHP,2,14.8,14.8,14.8,11,2013,,Y,,,,,,,,19.3,Y,,,,,
59622,"Ahana Renewables, LLC",58270,Acushnet AD Makepeace,MA,Plymouth,1,OP,Solar Photovoltaic,PV,IPP Non-CHP,2,4.7,4.7,4.7,7,2012,,,,Y,,,,,,4.7,Y,,,,,
59622,"Ahana Renewables, LLC",58271,Acushnet Hawes Reed Road,MA,Bristol,1,OP,Solar Photovoltaic,PV,IPP Non-CHP,2,1.0,1.0,1.0,7,2012,,,,Y,,,,,,1.3,Y,,,,,
59622,"Ahana Renewables, LLC",58272,Easthampton Landfill-City of Easthampton,MA,Hampshire,1,OP,Solar Photovoltaic,PV,IPP Non-CHP,2,1.9,1.9,1.9,6,2012,,,,Y,,,,,,2.3,Y,,,,,
60025,Greenbacker Renewable Energy Corporation,58273,South Robeson Farm,NC,Robeson,SROB,OP,Solar Photovoltaic,PV,IPP Non-CHP,2,5.0,4.9,4.9,6,2012,,,,Y,,,,,,6.4,Y,,,,,
59462,"Heelstone Energy Holdings, LLC",58274,Raeford Farm,NC,Hoke,RAEF,OP,Solar Photovoltaic,PV,IPP Non-CHP,2,5.0,4.9,4.9,12,2012,,,,Y,,,,,,6.3,Y,,,,,
59155,"First Wind O&M, LLC",58275,Mass Midstate Solar 3,MA,Worcester,1,OP,Solar Photovoltaic,PV,IPP Non-CHP,2,4.0,4.0,4.0,5,2014,,,,Y,,,,,,5.2,Y,,,,,
59155,"First Wind O&M, LLC",58276,Mass Midstate Solar 2,MA,Worcester,1,OP,Solar Photovoltaic,PV,IPP Non-CHP,2,5.0,5.0,5.0,5,2014,,,,Y,,,,,,6,Y,,,,,
59155,"First Wind O&M, LLC",58279,Mass Midstate Solar 1,MA,Worcester,1,OP,Solar Photovoltaic,PV,IPP Non-CHP,2,5.0,5.0,5.0,5,2014,,,,Y,,,,,,6,Y,,,,,
59155,"First Wind O&M, LLC",58280,Millbury Solar,MA,Worcester,1,OP,Solar Photovoltaic,PV,IPP Non-CHP,2,3.0,3.0,3.0,4,2014,,,,Y,,,,,,3.9,Y,,,,,
58258,SunRay Power LLC,58282,Leicester One MA Solar LLC,MA,Worcester,1,OP,Solar Photovoltaic,PV,IPP Non-CHP,2,6.0,6.0,6.0,1,2015,,,,Y,,,,,,5.9,Y,,,,,
58598,"Mass Solar, LLC",58283,Freetown Solar,MA,Bristol,1,OP,Solar Photovoltaic,PV,IPP Non-CHP,2,5.0,5.0,5.0,3,2015,,N,,Y,N,,,,,5.8,Y,,,,,
59455,"Venable Solar, LLC",58289,Venable Solar 1,CA,Riverside,VNPV,OP,Solar Photovoltaic,PV,IPP Non-CHP,2,1.5,1.5,1.1,4,2015,,,,Y,,,,,,1.8,Y,,,,,
59455,"Venable Solar, LLC",58290,Venable Solar 2,CA,Riverside,VSPV,OP,Solar Photovoltaic,PV,IPP Non-CHP,2,1.5,1.5,1.1,4,2015,,,,Y,,,,,,1.8,Y,,,,,
58863,Main Street Power,58292,Jewish Community Center PV,AZ,Maricopa,JCC,OP,Solar Photovoltaic,PV,IPP Non-CHP,2,1.1,1.1,1.1,9,2012,,,,Y,,,,,,1.3,Y,,,,,
58863,Main Street Power,58293,Paradise Valley H.S. PV,AZ,Maricopa,PVH,OP,Solar Photovoltaic,PV,IPP Non-CHP,2,1.3,1.3,1.3,1,2013,,,,Y,,,,,,1.6,Y,,,,,
58269,Tulare PV II LLC,58304,Kingsburg Solar,CA,Tulare,1,OP,Solar Photovoltaic,PV,IPP Non-CHP,2,1.5,1.5,1.5,12,2013,,,,Y,,,,,,1.7,Y,,,,,
58269,Tulare PV II LLC,58304,Kingsburg Solar,CA,Tulare,2,OP,Solar Photovoltaic,PV,IPP Non-CHP,2,1.5,1.5,1.5,12,2013,,,,Y,,,,,,1.7,Y,,,,,
58269,Tulare PV II LLC,58304,Kingsburg Solar,CA,Tulare,3,OP,Solar Photovoltaic,PV,IPP Non-CHP,2,0.7,0.7,0.7,12,2013,,,,Y,,,,,,0.8,Y,,,,,
60025,Greenbacker Renewable Energy Corporation,58305,PCIP Solar,NC,Person,PCIP,OP,Solar Photovoltaic,PV,IPP Non-CHP,2,1.0,1.0,1.0,11,2011,,,,Y,,,,,,1.3,Y,,,,,
58268,Tulare PV I LLC,58306,Exeter Solar,CA,Tulare,1,OP,Solar Photovoltaic,PV,IPP Non-CHP,2,1.0,1.0,1.0,2,2014,,,,Y,,,,,,1.2,Y,,,,,
58268,Tulare PV I LLC,58306,Exeter Solar,CA,Tulare,2,OP,Solar Photovoltaic,PV,IPP Non-CHP,2,1.0,1.0,1.0,2,2014,,,,Y,,,,,,1.2,Y,,,,,
58268,Tulare PV I LLC,58306,Exeter Solar,CA,Tulare,3,OP,Solar Photovoltaic,PV,IPP Non-CHP,2,1.5,1.5,1.5,2,2014,,,,Y,,,,,,1.8,Y,,,,,
58268,Tulare PV I LLC,58307,Ivanhoe Solar,CA,Tulare,1,OP,Solar Photovoltaic,PV,IPP Non-CHP,2,1.5,1.5,1.5,1,2014,,,,Y,,,,,,1.8,Y,,,,,
58268,Tulare PV I LLC,58307,Ivanhoe Solar,CA,Tulare,2,OP,Solar Photovoltaic,PV,IPP Non-CHP,2,0.5,0.5,0.5,1,2014,,,,Y,,,,,,0.6,Y,,,,,
58268,Tulare PV I LLC,58307,Ivanhoe Solar,CA,Tulare,3,OP,Solar Photovoltaic,PV,IPP Non-CHP,2,1.5,1.5,1.5,1,2014,,,,Y,,,,,,1.8,Y,,,,,
58268,Tulare PV I LLC,58308,Lindsay Solar,CA,Tulare,1,OP,Solar Photovoltaic,PV,IPP Non-CHP,2,1.5,1.5,1.5,1,2014,,,,Y,,,,,,1.8,Y,,,,,
58268,Tulare PV I LLC,58308,Lindsay Solar,CA,Tulare,3,OP,Solar Photovoltaic,PV,IPP Non-CHP,2,1.5,1.5,1.5,1,2014,,,,Y,,,,,,1.8,Y,,,,,
58268,Tulare PV I LLC,58308,Lindsay Solar,CA,Tulare,4,OP,Solar Photovoltaic,PV,IPP Non-CHP,2,1.0,1.0,1.0,1,2014,,,,Y,,,,,,1.2,Y,,,,,
58268,Tulare PV I LLC,58309,Porterville Solar,CA,Tulare,1,OP,Solar Photovoltaic,PV,IPP Non-CHP,2,1.0,1.0,1.0,1,2014,,,,Y,,,,,,1.2,Y,,,,,
58268,Tulare PV I LLC,58309,Porterville Solar,CA,Tulare,2,OP,Solar Photovoltaic,PV,IPP Non-CHP,2,1.0,1.0,1.0,1,2014,,,,Y,,,,,,1.2,Y,,,,,
58268,Tulare PV I LLC,58309,Porterville Solar,CA,Tulare,5,OP,Solar Photovoltaic,PV,IPP Non-CHP,2,1.5,1.5,1.5,1,2014,,,,Y,,,,,,1.8,Y,,,,,
58279,Chadbourn Farm LLC,58311,Chadbourn Farm,NC,Columbus,1,OP,Solar Photovoltaic,PV,IPP Non-CHP,2,5.0,5.0,5.0,12,2012,,,,Y,,,,,,7,Y,,,,,
58280,Warrenton Farm LLC,58312,Warrenton Farm,NC,Warren,1,OP,Solar Photovoltaic,PV,IPP Non-CHP,2,4.0,4.0,4.0,12,2012,,,,Y,,,,,,5.6,Y,,,,,
58281,Mocksville Lessee LLC,58313,Mocksville Farm,NC,Davie,1,OP,Solar Photovoltaic,PV,IPP Non-CHP,2,5.0,5.0,5.0,11,2012,,,,Y,,,,,,6.4,Y,,,,,
58282,Belwood Farm LLC,58314,Belwood Farm,NC,Cleveland,1,OP,Solar Photovoltaic,PV,IPP Non-CHP,2,4.0,4.0,4.0,12,2012,,,,Y,,,,,,5.2,Y,,,,,
58283,Strata Fund 2 Lessee LLC,58315,Arndt Farm,NC,Catawba,1,OP,Solar Photovoltaic,PV,IPP Non-CHP,2,5.0,5.0,5.0,11,2012,,,,Y,,,,,,6.5,Y,,,,,
58284,Railroad Farm LLC,58316,Railroad Farm,NC,Robeson,1,OP,Solar Photovoltaic,PV,IPP Non-CHP,2,5.0,5.0,5.0,10,2012,,,,Y,,,,,,6.4,Y,,,,,
58285,Watts Farm LLC,58317,Watts Farm,NC,Robeson,1,OP,Solar Photovoltaic,PV,IPP Non-CHP,2,5.0,5.0,5.0,7,2012,,,,Y,,,,,,6.4,Y,,,,,
58286,Farrington Solar Farm LLC,58318,Farrington Farm,NC,Chatham,1,OP,Solar Photovoltaic,PV,IPP Non-CHP,2,1.0,1.0,1.0,4,2012,,,,Y,,,,,,1.1,Y,,,,,
58283,Strata Fund 2 Lessee LLC,58323,Shannon Farm,NC,Robeson,1,OP,Solar Photovoltaic,PV,IPP Non-CHP,2,5.0,5.0,5.0,10,2012,,,,Y,,,,,,6.5,Y,,,,,
58304,Constellation Solar Maryland II LLC,58329,UMMS at Pocomoke,MD,Somerset,PV1,OP,Solar Photovoltaic,PV,IPP Non-CHP,2,2.8,2.8,2.8,2,2013,,,,Y,,,,,,3.7,Y,,,,,
58318,Haynes Farm LLC,58332,Haynes Farm,NC,Lincoln,1,OP,Solar Photovoltaic,PV,IPP Non-CHP,2,5.0,5.0,5.0,9,2013,,,,Y,,,,,,6,Y,,,,,
58319,Lenoir Farm LLC,58333,Lenoir Farm,NC,Lenoir,1,OP,Solar Photovoltaic,PV,IPP Non-CHP,2,5.0,5.0,5.0,7,2013,,,,Y,,,,,,6,Y,,,,,
58320,Lenoir Farm 2 LLC,58334,Lenoir Farm 2,NC,Lenoir,1,OP,Solar Photovoltaic,PV,IPP Non-CHP,2,5.0,5.0,5.0,6,2013,,,,Y,,,,,,6,Y,,,,,
58321,Marshville Farm LLC,58335,Marshville Farm,NC,Union,1,OP,Solar Photovoltaic,PV,IPP Non-CHP,2,5.0,5.0,5.0,10,2013,,,,Y,,,,,,6,Y,,,,,
58322,Mile Farm LLC,58336,Mile Farm,NC,Durham,1,OP,Solar Photovoltaic,PV,IPP Non-CHP,2,5.0,5.0,5.0,6,2014,,,,Y,,,,,,6.4,Y,,,,,
58323,Moore Solar Farm LLC,58337,Moore Solar Farm,NC,Rockingham,1,OP,Solar Photovoltaic,PV,IPP Non-CHP,2,5.0,5.0,5.0,12,2013,,,,Y,,,,,,6,Y,,,,,
58324,Moorings Farm LLC,58338,Moorings Farm,NC,Wayne,1,OP,Solar Photovoltaic,PV,IPP Non-CHP,2,5.0,5.0,5.0,9,2013,,,,Y,,,,,,6,Y,,,,,
58325,New Bern Farm LLC,58339,New Bern Farm,NC,Craven,1,OP,Solar Photovoltaic,PV,IPP Non-CHP,2,5.0,5.0,5.0,4,2014,,,,Y,,,,,,6.5,Y,,,,,
58326,Roxboro Farm LLC,58340,Roxboro Farm,NC,Person,1,OP,Solar Photovoltaic,PV,IPP Non-CHP,2,5.0,5.0,5.0,4,2014,,,,Y,,,,,,6.4,Y,,,,,
58327,White Cross Farm LLC,58341,White Cross Farm,NC,Orange,1,OP,Solar Photovoltaic,PV,IPP Non-CHP,2,5.0,5.0,5.0,9,2013,,,,Y,,,,,,6,Y,,,,,
58328,Wilson Farm 1 LLC,58342,Wilson Farm 1,NC,Wilson,1,OP,Solar Photovoltaic,PV,IPP Non-CHP,2,5.0,5.0,5.0,7,2013,,,,Y,,,,,,6.1,Y,,,,,
58329,Yanceyville Farm LLC,58343,Yanceyville Farm,NC,Caswell,1,OP,Solar Photovoltaic,PV,IPP Non-CHP,2,5.0,5.0,5.0,12,2013,,,,Y,,,,,,6.2,Y,,,,,
58330,AM Best Farm,58344,AM Best Farm,NC,Wayne,1,OP,Solar Photovoltaic,PV,IPP Non-CHP,2,5.0,5.0,5.0,6,2013,,,,Y,,,,,,6.7,Y,,,,,
58331,Mt Olive Farm 2 LLC,58345,Mt Olive Farm 2,NC,Wayne,1,OP,Solar Photovoltaic,PV,IPP Non-CHP,2,5.0,5.0,5.0,5,2013,,,,Y,,,,,,6.7,Y,,,,,
58332,Dibrell Farm LLC,58346,Dibrell Farm,NC,Rockingham,1,OP,Solar Photovoltaic,PV,IPP Non-CHP,2,5.0,5.0,5.0,3,2013,,,,Y,,,,,,6.5,Y,,,,,
58333,Rock Farm LLC,58347,Rock Farm,NC,Richmond,1,OP,Solar Photovoltaic,PV,IPP Non-CHP,2,5.0,5.0,5.0,5,2013,,,,Y,,,,,,6.7,Y,,,,,
58334,Two Lines Farm LLC,58348,Two Lines Farm,NC,Catawba,1,OP,Solar Photovoltaic,PV,IPP Non-CHP,2,5.0,5.0,5.0,3,2013,,,,Y,,,,,,6.4,Y,,,,,
58335,Bolton Farm LLC,58349,Bolton Farm,NC,Warren,1,OP,Solar Photovoltaic,PV,IPP Non-CHP,2,5.0,5.0,5.0,7,2013,,,,Y,,,,,,6.5,Y,,,,,
58336,McCallum Farm LLC,58350,McCallum Farm,NC,Robeson,1,OP,Solar Photovoltaic,PV,IPP Non-CHP,2,5.0,5.0,5.0,9,2013,,,,Y,,,,,,6.5,Y,,,,,
58309,Radiance Solar LLC,58354,Radiance Solar 4,CA,Los Angeles,1,OP,Solar Photovoltaic,PV,IPP Non-CHP,2,1.5,1.5,1.5,7,2013,,,,Y,,,,,,1.8,Y,,,,,
58309,Radiance Solar LLC,58355,Radiance Solar 5,CA,Los Angeles,1,OP,Solar Photovoltaic,PV,IPP Non-CHP,2,1.5,1.5,1.5,7,2013,,,,Y,,,,,,1.8,Y,,,,,
57411,KDC Solar O&M LLC,58356,The Lawrenceville School Solar Facility,NJ,Mercer,TLS,OP,Solar Photovoltaic,PV,IPP Non-CHP,2,5.2,5.2,5.2,5,2012,,Y,,,,,,,,6.1,Y,,,,,
57411,KDC Solar O&M LLC,58357,White Rose Foods Solar Facility,NJ,Middlesex,WR,OP,Solar Photovoltaic,PV,Commercial Non-CHP,4,4.2,4.2,4.2,12,2011,,,,Y,,,,,,4.9,Y,,,,,
57411,KDC Solar O&M LLC,58358,North Jersey Media Group Solar Facility,NJ,Morris,NJMG,OP,Solar Photovoltaic,PV,Commercial Non-CHP,4,4.1,4.1,4.1,3,2013,,,,Y,,,,,,4.9,Y,,,,,
57411,KDC Solar O&M LLC,58359,Gerresheimer Glass Solar Facility,NJ,Cumberland,GG,OP,Solar Photovoltaic,PV,Commercial Non-CHP,4,2.3,2.3,2.3,9,2012,,,,Y,,,,,,2.8,,,,Y,,
57411,KDC Solar O&M LLC,58360,Atlantic Coast Freezers Solar Facility,NJ,Cumberland,ACF,OP,Solar Photovoltaic,PV,Commercial Non-CHP,4,2.2,2.2,2.2,4,2012,,Y,,,,,,,,2.2,Y,,,,,
57411,KDC Solar O&M LLC,58361,Williams-Sonoma Solar Facility,NJ,Middlesex,WS,OP,Solar Photovoltaic,PV,Commercial Non-CHP,4,3.0,3.0,3.0,12,2011,,,,Y,,,,,,3.6,Y,,,,,
57365,Consolidated Edison Solutions Inc,58362,Quittacas Pond Solar,MA,Plymouth,QPMA,OP,Solar Photovoltaic,PV,IPP Non-CHP,2,3.5,3.5,3.5,12,2013,,,,Y,,,,,,4.2,Y,,,,,
58355,SPS Atwell Island LLC,58366,Atwell Island,CA,Tulare,1,OP,Solar Photovoltaic,PV,IPP Non-CHP,2,20.2,20.2,20.2,3,2013,,,,Y,,,,,,23.5,,,Y,,,
58358,Light Beam Power Co LLC,58370,Gridley Main,CA,Butte,GEN1,OP,Solar Photovoltaic,PV,IPP Non-CHP,2,1.0,1.0,1.0,3,2013,,Y,,,,,,,,1.9,Y,,,,,
58358,Light Beam Power Co LLC,58371,Gridley Main Two,CA,Butte,GEN1,OP,Solar Photovoltaic,PV,IPP Non-CHP,2,2.5,2.5,2.5,4,2013,,Y,,,,,,,,3,Y,,,,,
56769,Consolidated Edison Development Inc.,58373,White River Solar,CA,Tulare,WRCA,OP,Solar Photovoltaic,PV,IPP Non-CHP,2,20.0,20.0,20.0,7,2013,,Y,,,,,,,,26,Y,,,,,
56769,Consolidated Edison Development Inc.,58374,Corcoran Solar,CA,Kings,CSCA,OP,Solar Photovoltaic,PV,IPP Non-CHP,2,20.0,20.0,20.0,8,2013,,Y,,,,,,,,26,Y,,,,,
58363,Oakley Solar Project LLC,58376,Oakley Solar Project,CA,Contra Costa,1,OP,Solar Photovoltaic,PV,IPP Non-CHP,2,1.5,1.5,1.5,6,2013,,,,Y,,,,,,1.7,Y,,,,,
2439,City of Bryan - (OH),58381,Bryan Solar Field,OH,Williams,1,OP,Solar Photovoltaic,PV,Electric Utility,1,2.1,1.7,1.7,2,2012,,,,Y,,,,,,2.1,,Y,,,,
803,Arizona Public Service Co,58383,Hyder II,AZ,Yuma,PV1,OP,Solar Photovoltaic,PV,Electric Utility,1,14.0,14.0,14.0,12,2013,,Y,,,,,,,,21,Y,,,,,
56769,Consolidated Edison Development Inc.,58385,Northbridge Solar,MA,Worcester,NSMA,OP,Solar Photovoltaic,PV,IPP Non-CHP,2,1.9,1.9,1.9,8,2013,,,,Y,,,,,,2.5,Y,,,,,
58373,CU Solar LLC,58386,CU Solar Plant,OH,Greene,CU,OP,Solar Photovoltaic,PV,IPP Non-CHP,2,1.8,1.8,1.8,4,2013,,,,Y,,,,,,2.2,Y,,,,,
58374,CES Sterling LLC,58387,CES Sterling LLC,MA,Worcester,1,OP,Solar Photovoltaic,PV,IPP Non-CHP,2,2.4,2.0,2.0,2,2013,,,,Y,,,,,,2.4,Y,,,,,N
59873,"Solar Star California XIX, LLC",58388,Solar Star 1,CA,Kern,AVS1,OP,Solar Photovoltaic,PV,IPP Non-CHP,2,39.0,38.0,38.0,3,2014,,Y,,,,,,,,48.9,Y,,,,,
59873,"Solar Star California XIX, LLC",58388,Solar Star 1,CA,Kern,SS11,OP,Solar Photovoltaic,PV,IPP Non-CHP,2,54.0,52.6,52.6,6,2015,,Y,,,,,,,,67.7,Y,,,,,
59873,"Solar Star California XIX, LLC",58388,Solar Star 1,CA,Kern,SS12,OP,Solar Photovoltaic,PV,IPP Non-CHP,2,54.0,52.6,52.6,2,2015,,Y,,,,,,,,67.7,Y,,,,,
59873,"Solar Star California XIX, LLC",58388,Solar Star 1,CA,Kern,SS13,OP,Solar Photovoltaic,PV,IPP Non-CHP,2,58.5,57.0,57.0,10,2014,,Y,,,,,,,,73.3,Y,,,,,
59873,"Solar Star California XIX, LLC",58388,Solar Star 1,CA,Kern,SS14,OP,Solar Photovoltaic,PV,IPP Non-CHP,2,33.0,32.2,32.2,6,2015,,Y,,,,,,,,40.7,Y,,,,,
59873,"Solar Star California XIX, LLC",58388,Solar Star 1,CA,Kern,SS15,OP,Solar Photovoltaic,PV,IPP Non-CHP,2,15.0,14.6,14.6,10,2014,,Y,,,,,,,,18.8,Y,,,,,
59873,"Solar Star California XIX, LLC",58388,Solar Star 1,CA,Kern,SS16,OP,Solar Photovoltaic,PV,IPP Non-CHP,2,64.5,62.9,62.9,4,2014,,Y,,,,,,,,80.8,Y,,,,,
59872,"Solar Star California XX, LLC",58389,Solar Star 2,CA,Kern,AVS2,OP,Solar Photovoltaic,PV,IPP Non-CHP,2,19.5,19.0,19.0,3,2014,,Y,,,,,,,,24.4,Y,,,,,
59872,"Solar Star California XX, LLC",58389,Solar Star 2,CA,Kern,SS21,OP,Solar Photovoltaic,PV,IPP Non-CHP,2,60.0,59.0,59.0,7,2014,,Y,,,,,,,,75.2,Y,,,,,
59872,"Solar Star California XX, LLC",58389,Solar Star 2,CA,Kern,SS22,OP,Solar Photovoltaic,PV,IPP Non-CHP,2,55.5,55.0,55.0,12,2014,,Y,,,,,,,,69.5,Y,,,,,
59872,"Solar Star California XX, LLC",58389,Solar Star 2,CA,Kern,SS23,OP,Solar Photovoltaic,PV,IPP Non-CHP,2,48.0,47.0,47.0,12,2014,,Y,,,,,,,,60.1,Y,,,,,
59872,"Solar Star California XX, LLC",58389,Solar Star 2,CA,Kern,SS24,OP,Solar Photovoltaic,PV,IPP Non-CHP,2,43.5,43.0,43.0,6,2015,,Y,,,,,,,,54.5,Y,,,,,
59872,"Solar Star California XX, LLC",58389,Solar Star 2,CA,Kern,SS25,OP,Solar Photovoltaic,PV,IPP Non-CHP,2,52.5,52.0,52.0,4,2014,,Y,,,,,,,,65.8,Y,,,,,
58376,IND Solar Farm,58391,IND Solar Farm 1st Phase,IN,Marion,1,OP,Solar Photovoltaic,PV,IPP Non-CHP,2,10.0,10.0,10.0,11,2013,,,,Y,,,,,,12.5,Y,,,,,
59475,Imperial Solar 1 LLC,58398,Heber Solar,CA,Imperial,1,OP,Solar Photovoltaic,PV,IPP Non-CHP,2,10.9,10.0,8.2,5,2014,,Y,,,,,,,,13.1,Y,,,,,
58385,SR Enterprise South LLC,58401,Volkswagen Solar System,TN,Hamilton,1,OP,Solar Photovoltaic,PV,IPP Non-CHP,2,9.6,7.9,5.6,11,2012,,,,Y,,,,,,9.5,Y,,,,,
58387,Solar Star New Jersey VI LLC,58402,Solar Star New Jersey NJ LLC,NJ,Somerset,1,OP,Solar Photovoltaic,PV,IPP Non-CHP,2,1.5,1.5,1.5,2,2012,,Y,,,,,,,,1.7,Y,,,,,
57081,"WGL Energy Systems, Inc",58403,Bellingham PV,MA,Worcester,SO032,OP,Solar Photovoltaic,PV,IPP Non-CHP,2,3.0,3.0,3.0,10,2013,,,,Y,,,,,,3.8,Y,,,,,
59745,First Solar Asset Management,58408,Maryland Solar,MD,Washington,MSH1,OP,Solar Photovoltaic,PV,IPP Non-CHP,2,27.0,20.9,20.9,9,2013,,,,Y,,,,,,29.1,,Y,,,,
57081,"WGL Energy Systems, Inc",58410,Marshfield PV,MA,Plymouth,SO032,OP,Solar Photovoltaic,PV,IPP Non-CHP,2,3.0,3.0,3.0,12,2013,,,,Y,,,,,,4,Y,,,,,
57081,"WGL Energy Systems, Inc",58411,Orange PV,MA,Franklin,SO023,OP,Solar Photovoltaic,PV,IPP Non-CHP,2,2.0,2.0,2.0,7,2013,,,N,Y,,,,,,2.4,Y,,,,,
57081,"WGL Energy Systems, Inc",58412,Maynard PV,MA,Middlesex,SO026,OP,Solar Photovoltaic,PV,IPP Non-CHP,2,1.0,1.0,1.0,1,2014,,,,Y,,,,,,1.2,Y,,,,,
58413,Lone Valley Solar Park I LLC,58417,Lone Valley Solar Park I LLC,CA,San Bernardino,CP1,OP,Solar Photovoltaic,PV,IPP Non-CHP,2,10.0,10.0,10.0,12,2014,,Y,N,,,,,,,10,Y,,,,,
58661,"Sustainable Power Group, LLC",58418,Victor Dry Farm Ranch A,CA,San Bernardino,1,OP,Solar Photovoltaic,PV,IPP Non-CHP,2,5.0,5.0,5.0,6,2015,,,,Y,,,,,,5.6,Y,,,,,
58661,"Sustainable Power Group, LLC",58419,Victor Dry Farm Ranch B,CA,San Bernardino,1,OP,Solar Photovoltaic,PV,IPP Non-CHP,2,5.0,5.0,5.0,6,2015,,,,Y,,,,,,5,Y,,,,,
58416,"California State University, Northridge",58422,CSU Northridge Plant,CA,Los Angeles,B2PV,OP,Solar Photovoltaic,PV,Commercial CHP,5,0.3,0.2,0.2,4,2005,,,,Y,,,,,,0.4,Y,,,,,
58416,"California State University, Northridge",58422,CSU Northridge Plant,CA,Los Angeles,E6PV,OP,Solar Photovoltaic,PV,Commercial CHP,5,0.2,0.1,0.1,3,2003,,,,Y,,,,,,0.2,Y,,,,,
57081,"WGL Energy Systems, Inc",58423,Southbridge PV,MA,Worcester,SO022,OP,Solar Photovoltaic,PV,IPP Non-CHP,2,3.0,3.0,3.0,1,2014,,,,Y,,,,,,3.4,Y,,,,,
58427,Centinela Solar Energy LLC,58430,Centinela Solar Energy,CA,Imperial,CSE1,OP,Solar Photovoltaic,PV,IPP Non-CHP,2,34.2,33.4,33.4,7,2013,,Y,,,,,,,,48.9,Y,,,,,
58427,Centinela Solar Energy LLC,58430,Centinela Solar Energy,CA,Imperial,CSE2,OP,Solar Photovoltaic,PV,IPP Non-CHP,2,26.6,25.6,25.6,8,2013,,Y,,,,,,,,38.6,Y,,,,,
58427,Centinela Solar Energy LLC,58430,Centinela Solar Energy,CA,Imperial,CSE3,OP,Solar Photovoltaic,PV,IPP Non-CHP,2,34.2,33.4,33.4,10,2013,,Y,,,,,,,,49.7,Y,,,,,
58427,Centinela Solar Energy LLC,58430,Centinela Solar Energy,CA,Imperial,CSE4,OP,Solar Photovoltaic,PV,IPP Non-CHP,2,34.2,33.4,33.4,12,2013,,Y,,,,,,,,49.8,Y,,,,,
58427,Centinela Solar Energy LLC,58430,Centinela Solar Energy,CA,Imperial,CSE5,OP,Solar Photovoltaic,PV,IPP Non-CHP,2,19.0,18.6,18.6,4,2014,,Y,,,,,,,,31.4,Y,,,,,
58427,Centinela Solar Energy LLC,58430,Centinela Solar Energy,CA,Imperial,CSE6,OP,Solar Photovoltaic,PV,IPP Non-CHP,2,26.6,25.6,25.6,5,2014,,Y,,,,,,,,38.6,Y,,,,,
58428,UT West Tennessee Solar Farm,58431,West Tennessee Solar Farm,TN,Haywood,SNVA,OP,Solar Photovoltaic,PV,IPP Non-CHP,2,4.2,4.2,4.2,4,2012,,,N,Y,,,,,,5,Y,,,,,
58438,Sunstream Energy LLC,58443,Martin Limestone Solar Array,PA,Lancaster,GEN1,OP,Solar Photovoltaic,PV,IPP Non-CHP,2,1.0,1.0,1.0,12,2012,,,,Y,,,,,,1.1,Y,,,,,
58440,CD US Solar MT 2 LLC,58445,Arrache 4006,CA,Los Angeles,1,OP,Solar Photovoltaic,PV,IPP Non-CHP,2,1.0,1.0,1.0,8,2013,,Y,,,,,,,,1.3,Y,,,,,
58440,CD US Solar MT 2 LLC,58445,Arrache 4006,CA,Los Angeles,2,OP,Solar Photovoltaic,PV,IPP Non-CHP,2,1.0,1.0,1.0,8,2013,,Y,,,,,,,,1.3,Y,,,,,
58440,CD US Solar MT 2 LLC,58446,Arrache 4013,CA,Los Angeles,1,OP,Solar Photovoltaic,PV,IPP Non-CHP,2,1.5,1.5,1.5,8,2013,,Y,,,,,,,,2,Y,,,,,
58440,CD US Solar MT 2 LLC,58447,Arrache 8083,CA,Los Angeles,1,OP,Solar Photovoltaic,PV,IPP Non-CHP,2,1.5,1.5,1.5,9,2013,,Y,,,,,,,,2,Y,,,,,
58440,CD US Solar MT 2 LLC,58447,Arrache 8083,CA,Los Angeles,2,OP,Solar Photovoltaic,PV,IPP Non-CHP,2,1.5,1.5,1.5,9,2013,,Y,,,,,,,,2,Y,,,,,
58440,CD US Solar MT 2 LLC,58447,Arrache 8083,CA,Los Angeles,3,OP,Solar Photovoltaic,PV,IPP Non-CHP,2,1.0,1.0,1.0,9,2013,,Y,,,,,,,,1.4,Y,,,,,
58440,CD US Solar MT 2 LLC,58448,Nunn,CA,San Bernardino,1,OP,Solar Photovoltaic,PV,IPP Non-CHP,2,1.0,1.0,1.0,7,2013,,Y,,,,,,,,1.4,Y,,,,,
58440,CD US Solar MT 2 LLC,58449,Rutan,CA,Los Angeles,1,OP,Solar Photovoltaic,PV,IPP Non-CHP,2,1.5,1.5,1.5,1,2014,,Y,,,,,,,,1.9,Y,,,,,
58440,CD US Solar MT 2 LLC,58449,Rutan,CA,Los Angeles,2,OP,Solar Photovoltaic,PV,IPP Non-CHP,2,1.5,1.5,1.5,1,2014,,Y,,,,,,,,1.9,Y,,,,,
58440,CD US Solar MT 2 LLC,58449,Rutan,CA,Los Angeles,3,OP,Solar Photovoltaic,PV,IPP Non-CHP,2,1.0,1.0,1.0,1,2014,,Y,,,,,,,,1.3,Y,,,,,
58440,CD US Solar MT 2 LLC,58450,Vinam,CA,Los Angeles,1,OP,Solar Photovoltaic,PV,IPP Non-CHP,2,1.5,1.5,1.5,7,2013,,Y,,,,,,,,2,Y,,,,,
58440,CD US Solar MT 2 LLC,58451,Ma,CA,Los Angeles,1,OP,Solar Photovoltaic,PV,IPP Non-CHP,2,1.5,1.5,1.5,10,2013,,Y,,,,,,,,2,Y,,,,,
58440,CD US Solar MT 2 LLC,58452,Horn,CA,Los Angeles,1,OP,Solar Photovoltaic,PV,IPP Non-CHP,2,1.5,1.5,1.5,10,2013,,Y,,,,,,,,2,Y,,,,,
58442,Dixon Dairy Road,58453,Dixon Dairy Road Solar,NC,Cleveland,1,OP,Solar Photovoltaic,PV,IPP Non-CHP,2,4.0,4.0,4.0,12,2011,,,,Y,,,,,,5,Y,,,,,
58440,CD US Solar MT 2 LLC,58454,Watts 3115,CA,San Bernardino,1,OP,Solar Photovoltaic,PV,IPP Non-CHP,2,1.5,1.5,1.5,8,2013,,Y,,,,,,,,2,Y,,,,,
58440,CD US Solar MT 2 LLC,58454,Watts 3115,CA,San Bernardino,2,OP,Solar Photovoltaic,PV,IPP Non-CHP,2,0.5,0.5,0.5,12,2013,,Y,,,,,,,,0.7,Y,,,,,
58451,"McCoy Solar, LLC",58462,McCoy Solar Energy Project,CA,Riverside,BLK4,OP,Solar Photovoltaic,PV,IPP Non-CHP,2,31.4,31.4,31.4,9,2015,,Y,,,,,,,,40.3,,Y,,,,
58451,"McCoy Solar, LLC",58462,McCoy Solar Energy Project,CA,Riverside,BLK5,OP,Solar Photovoltaic,PV,IPP Non-CHP,2,31.4,31.4,31.4,11,2015,,Y,,,,,,,,40.1,,Y,,,,
58451,"McCoy Solar, LLC",58462,McCoy Solar Energy Project,CA,Riverside,BLK6,OP,Solar Photovoltaic,PV,IPP Non-CHP,2,26.9,26.9,26.9,12,2015,,Y,,,,,,,,32.6,,Y,,,,
58451,"McCoy Solar, LLC",58462,McCoy Solar Energy Project,CA,Riverside,BLK8,OP,Solar Photovoltaic,PV,IPP Non-CHP,2,36.5,36.5,36.5,8,2015,,Y,,,,,,,,45.6,,Y,,,,
58452,SMECO Solar LLC,58463,Herbert Farm Solar,MD,Charles,1,OP,Solar Photovoltaic,PV,Electric Utility,1,5.5,5.5,5.5,11,2012,,,,Y,,,,,,7,Y,,,,,
57369,"Apple, Inc",58466,Mesa Solar Array,AZ,Maricopa,MSA1,OP,Solar Photovoltaic,PV,IPP Non-CHP,2,4.0,4.0,4.0,3,2013,,,,Y,,,,,,4.1,,Y,,,,
17650,Southern Power Co,58467,Campo Verde Solar,CA,Imperial,CVS1,OP,Solar Photovoltaic,PV,IPP Non-CHP,2,147.4,139.0,139.0,10,2013,,,,Y,,,,,,201.1,,Y,,,,
5070,Delaware Electric Cooperative,58473,Bruce A Henry Solar Farm,DE,Sussex,BHSF,OP,Solar Photovoltaic,PV,Electric Utility,1,4.0,3.9,3.0,8,2013,,,,Y,,,,,,5.2,Y,,,,,
58464,City of Las Vegas,58477,Las Vegas WPCF Solar Plant,NV,Clark,1,OP,Solar Photovoltaic,PV,IPP Non-CHP,2,3.3,3.3,3.3,5,2013,,Y,,,,,,,,3.5,Y,,,,,
58465,"Green States Energy, Inc.",58479,SEV NM Phase 2,NM,Chaves,NMP2,OP,Solar Photovoltaic,PV,IPP Non-CHP,2,2.0,1.4,1.1,6,2013,,,,Y,,,,,,2.5,Y,,,,,
58466,SunEnergy1,58480,Plymouth Solar LLC,NC,Washington,1,OP,Solar Photovoltaic,PV,IPP Non-CHP,2,5.0,5.0,3.0,9,2012,,,,Y,,,,,,6.5,Y,,,,,
58467,"SSA Solar of CO 1, LLC",58481,CSU Pueblo,CO,Pueblo,CSU1,OP,Solar Photovoltaic,PV,Commercial Non-CHP,4,1.0,1.0,1.0,12,2008,,Y,,Y,,,,,,1.2,Y,,,,,
58468,Dominion Renewable Energy,58482,"Azalea Solar, LLC",GA,Washington,1,OP,Solar Photovoltaic,PV,IPP Non-CHP,2,7.7,7.7,7.7,12,2013,,,,Y,,,,,,9.7,,,,,,Y
58469,Tinton Falls Solar,58483,Tinton Falls Solar Farm,NJ,Monmouth,UNIT1,OP,Solar Photovoltaic,PV,IPP Non-CHP,2,16.0,16.0,16.0,11,2012,,,,Y,,,,,,19,Y,,,,,
58764,"Origis Energy USA, Inc",58485,Upson Rocky Creek Solar Plant,GA,Upson,PV1,OP,Solar Photovoltaic,PV,IPP Non-CHP,2,1.0,1.0,1.0,6,2012,,,,Y,,,,,,1,Y,,,,,
58473,"NVT LICENSES, LLC",58486,"Picture Rocks Solar, LLC",AZ,Pima,1,OP,Solar Photovoltaic,PV,IPP Non-CHP,2,20.0,20.0,20.0,12,2012,,Y,,,,,,,,25.3,Y,,,,,
17650,Southern Power Co,58487,Granville Solar PV Power Project,NC,Granville,1,OP,Solar Photovoltaic,PV,IPP Non-CHP,2,2.5,2.5,2.5,10,2012,,Y,,,,,,,,3,Y,,,,,
58473,"NVT LICENSES, LLC",58488,"Bryan Solar, LLC",TX,Presidio,1,OP,Solar Photovoltaic,PV,IPP Non-CHP,2,10.0,10.0,10.0,6,2013,,Y,,,,,,,,12.1,Y,,,,,
17650,Southern Power Co,58489,Apex Solar PV Power Project,NV,Clark,1,OP,Solar Photovoltaic,PV,IPP Non-CHP,2,20.0,20.0,20.0,7,2012,,Y,,,,,,,,24.9,Y,,,,,
17650,Southern Power Co,58490,Spectrum Solar PV Power Project,NV,Clark,1,OP,Solar Photovoltaic,PV,IPP Non-CHP,2,30.0,30.2,30.2,9,2013,,Y,,,,,,,,37.6,Y,,,,,
58477,"O2energies, Inc.",58491,"Sandy Cross Solar, LLC",NC,Nash,SANDY,OP,Solar Photovoltaic,PV,IPP Non-CHP,2,1.2,1.2,1.2,5,2012,,,,Y,,,,,,1.5,Y,,,,,
58477,"O2energies, Inc.",58492,"Ararat Rock Solar, LLC",NC,Surry,ARARR,OP,Solar Photovoltaic,PV,IPP Non-CHP,2,3.5,3.5,3.5,9,2012,,,,Y,,,,,,4.5,Y,,,,,
58477,"O2energies, Inc.",58493,"Progress Solar 1, LLC",NC,Franklin,PRO1,OP,Solar Photovoltaic,PV,IPP Non-CHP,2,4.0,4.0,4.0,10,2012,,,,Y,,,,,,4.5,Y,,,,,
58477,"O2energies, Inc.",58494,"Progress Solar II, LLC",NC,Robeson,PROG2,OP,Solar Photovoltaic,PV,IPP Non-CHP,2,3.5,3.5,3.5,11,2012,,,,Y,,,,,,4.5,Y,,,,,
58477,"O2energies, Inc.",58495,"Progress Solar III, LLC",NC,Robeson,PROG3,OP,Solar Photovoltaic,PV,IPP Non-CHP,2,3.5,3.5,3.5,11,2012,,,,Y,,,,,,4.5,Y,,,,,
58135,Ecos Energy LLC,58496,Lincoln Solar,IN,Lake,PV2,OP,Solar Photovoltaic,PV,IPP Non-CHP,2,1.5,1.5,1.5,12,2012,,,,Y,,,,,,2,Y,,,,,
58478,RE Rosamond One LLC,58498,Rosamond One,CA,Kern,RONE,OP,Solar Photovoltaic,PV,IPP Non-CHP,2,20.0,20.0,20.0,1,2014,,Y,,,,,,,,26.2,Y,,,,,
58479,RE Rosamond Two LLC,58499,Rosamond Two,CA,Kern,RTWO,OP,Solar Photovoltaic,PV,IPP Non-CHP,2,20.0,20.0,20.0,1,2014,,Y,,,,,,,,20.9,Y,,,,,
58480,"RE Rio Grande, LLC",58500,Rio Grande Solar,CA,Kern,RIO,OP,Solar Photovoltaic,PV,IPP Non-CHP,2,5.0,5.0,5.0,12,2013,,Y,,,,,,,,5,Y,,,,,
58481,RE Gillespie 1 LLC,58501,Gillespie 1,AZ,Maricopa,GILL1,OP,Solar Photovoltaic,PV,IPP Non-CHP,2,15.0,15.0,15.0,12,2013,,Y,,,,,,,,20.2,Y,,,,,
58482,RE Columbia 3 LLC,58502,Columbia 3,CA,Kern,COL3,OP,Solar Photovoltaic,PV,IPP Non-CHP,2,10.0,10.0,10.0,1,2014,,Y,,,,,,,,11.1,Y,,,,,
58485,"Rutgers, The State University of NJ",58504,Livingston Solar Farm,NJ,Middlesex,LVSF,OP,Solar Photovoltaic,PV,Commercial Non-CHP,4,1.2,1.2,1.0,5,2009,,,,Y,,,,,,1.4,Y,,,,,
58485,"Rutgers, The State University of NJ",58505,Livingston Solar Canopies,NJ,Middlesex,LVSC,OP,Solar Photovoltaic,PV,Commercial Non-CHP,4,6.6,6.4,3.2,1,2013,,,,Y,,,,,,8,Y,,,,,
58486,Chuckawalla Solar LLC,58506,Chuckawalla Solar,CA,Riverside,0937,OP,Solar Photovoltaic,PV,IPP Non-CHP,2,4.0,4.0,4.0,6,2012,,,,Y,,,,,,4.4,Y,,,,,
58135,Ecos Energy LLC,58508,Bear Creek Solar,CA,San Joaquin,PV3,OP,Solar Photovoltaic,PV,IPP Non-CHP,2,1.5,1.5,1.5,2,2014,,Y,,,,,,,,1.9,Y,,,,,
58135,Ecos Energy LLC,58509,Vintner Solar,CA,San Luis Obispo,PV4,OP,Solar Photovoltaic,PV,IPP Non-CHP,2,1.5,1.5,1.5,4,2014,,Y,,,,,,,,2.1,Y,,,,,
58135,Ecos Energy LLC,58510,Kettleman Solar Project,CA,San Joaquin,PV5,OP,Solar Photovoltaic,PV,IPP Non-CHP,2,1.0,1.0,1.0,4,2014,,,,Y,,,,,,1.4,Y,,,,,
58489,OCI Solar Power,58512,Cornerstone Power Vineland I LLC,NJ,Cumberland,PV1,OP,Solar Photovoltaic,PV,IPP Non-CHP,2,3.1,3.1,3.1,2,2012,,Y,,,,,,,,3.7,Y,,,,,
58490,Ironwood Solar LLC,58513,Ironwood Solar LLC,CA,Riverside,0937,OP,Solar Photovoltaic,PV,IPP Non-CHP,2,4.0,4.0,4.0,4,2012,,,,Y,,,,,,4.6,Y,,,,,
57365,Consolidated Edison Solutions Inc,58514,Desert Hot Springs Solar,CA,Riverside,DHCA,OP,Solar Photovoltaic,PV,IPP Non-CHP,2,2.3,2.2,2.2,12,2013,,,,Y,,,,,,2.9,Y,,,,,
58492,Chattanooga Metropolitan Airport,58515,Chattanooga Metropolitan Airport Solar,TN,Hamilton,GEN1,OP,Solar Photovoltaic,PV,Commercial Non-CHP,4,1.0,0.7,0.3,12,2011,,,,Y,,,,,,1,Y,,,,,
58492,Chattanooga Metropolitan Airport,58515,Chattanooga Metropolitan Airport Solar,TN,Hamilton,GEN2,OP,Solar Photovoltaic,PV,Commercial Non-CHP,4,1.1,0.8,0.3,6,2013,,,,Y,,,,,,1.1,Y,,,,,
58491,"Constellation Solar Holding, LLC",58516,Union HS at Casa Grande,AZ,Pinal,PV1,OP,Solar Photovoltaic,PV,IPP Non-CHP,2,1.6,1.6,1.6,12,2012,,,,Y,,,,,,2.1,Y,,,,,
58491,"Constellation Solar Holding, LLC",58517,Vista Grande HS at Casa Grande,AZ,Pinal,PV1,OP,Solar Photovoltaic,PV,IPP Non-CHP,2,1.8,1.4,1.4,12,2012,,,,Y,,,,,,1.8,Y,,,,,
58495,"Syncarpha Alethea I, LLC",58519,Alethea I,NJ,Burlington,1,OP,Solar Photovoltaic,PV,IPP Non-CHP,2,2.8,2.8,2.8,11,2011,,,,Y,,,,,,3,Y,,,,,
59300,PNM Resources,58520,Otero Solar,NM,Otero,OTE1,OP,Solar Photovoltaic,PV,Electric Utility,1,8.0,8.0,8.0,12,2013,,,,Y,,,,,,9.6,,Y,,,,
59300,PNM Resources,58521,Manzano Solar,NM,Valencia,MAN1,OP,Solar Photovoltaic,PV,Electric Utility,1,8.4,8.4,8.4,10,2013,,,,Y,,,,,,10.1,,Y,,,,
59622,"Ahana Renewables, LLC",58522,Madera Community Hospital,CA,Madera,1,OP,Solar Photovoltaic,PV,IPP Non-CHP,2,1.0,1.0,1.0,10,2011,,Y,,,,,,,,1.1,Y,,,,,
58499,NRSF OPCO LLC,58524,Neuse River Solar Farm,NC,Wake,1,OP,Solar Photovoltaic,PV,IPP Non-CHP,2,1.1,1.1,1.1,12,2011,N,,,Y,,,,,,1.3,Y,,,,,
58500,City of Hayward,58525,City of Hayward WWTP,CA,Alameda,1,OP,Solar Photovoltaic,PV,IPP Non-CHP,2,1.0,1.0,1.0,11,2010,,,,Y,,,,,,1.2,Y,,,,,
58501,Five Crowns Inc,58527,Crown Cooling Facility,CA,Imperial,1,OP,Solar Photovoltaic,PV,Industrial Non-CHP,6,1.0,1.0,1.0,12,2011,,,,Y,,,,,,1.2,Y,,,,,
58503,Garnet Solar Power Station 1 LLC,58528,Garnet Solar Power Station 1 LLC,CA,Riverside,WDT44,OP,Solar Photovoltaic,PV,IPP Non-CHP,2,4.0,4.0,4.0,12,2014,,Y,,,,,,,,5,Y,,,,,
60025,Greenbacker Renewable Energy Corporation,58529,Progress Manis I,NC,Scotland,P11A,OP,Solar Photovoltaic,PV,IPP Non-CHP,2,0.5,0.5,0.5,4,2012,,,,Y,,,,,,0.6,Y,,,,,
60025,Greenbacker Renewable Energy Corporation,58529,Progress Manis I,NC,Scotland,P11B,OP,Solar Photovoltaic,PV,IPP Non-CHP,2,0.5,0.5,0.5,4,2012,,,,Y,,,,,,0.6,Y,,,,,
60025,Greenbacker Renewable Energy Corporation,58531,North Carolina Solar Bethea I,NC,Scotland,P22A,OP,Solar Photovoltaic,PV,IPP Non-CHP,2,0.5,0.5,0.5,2,2013,,,,Y,,,,,,0.6,Y,,,,,
60025,Greenbacker Renewable Energy Corporation,58531,North Carolina Solar Bethea I,NC,Scotland,P22B,OP,Solar Photovoltaic,PV,IPP Non-CHP,2,0.5,0.5,0.5,4,2012,,,,Y,,,,,,0.6,Y,,,,,
58506,Westford Solar Park,58534,Westford Solar Park,MA,Middlesex,1,OP,Solar Photovoltaic,PV,IPP Non-CHP,2,4.0,4.0,4.0,4,2012,,,,Y,,,,,,4.5,Y,,,,,
56645,Aqua America Inc,58535,Pickering Solar,PA,Chester,1,OP,Solar Photovoltaic,PV,IPP Non-CHP,2,1.5,1.4,1.0,1,2012,,,,Y,,,,,,1.8,Y,,,,,
58489,OCI Solar Power,58536,Cornerstone Power Holmdel LLC,NJ,Monmouth,1,OP,Solar Photovoltaic,PV,IPP Non-CHP,2,3.0,3.0,3.0,5,2013,,Y,Y,,,,,,,3.7,Y,,,,,
58489,OCI Solar Power,58537,OCI Alamo Solar I,TX,Bexar,1,OP,Solar Photovoltaic,PV,IPP Non-CHP,2,40.7,40.7,40.7,12,2013,,Y,Y,,,,,,,49.5,Y,,,,,
58508,Carolina Solar Energy II LLC,58538,PCSP3 Airport,NC,Person,3,OP,Solar Photovoltaic,PV,IPP Non-CHP,2,2.5,2.5,2.5,10,2011,,,,Y,,,,,,3,Y,,,,,
58507,Solar Star Arizona III LLC,58539,Lake Pleasant WTP,AZ,Maricopa,1,OP,Solar Photovoltaic,PV,Commercial Non-CHP,4,6.5,6.0,4.1,12,2012,,Y,,,,,,,,7.6,Y,,,,,
58509,"Affordable Solar Silver City, LLC",58540,Silver City WWTP PV Project,NM,Grant,PV-1,OP,Solar Photovoltaic,PV,IPP Non-CHP,2,1.0,1.0,1.0,6,2013,,,,Y,,,,,,1.1,Y,,,,,
58511,SunGen Sharon 1 LLC,58541,SunGen Sharon 1 LLC,VT,Windsor,1,OP,Solar Photovoltaic,PV,IPP Non-CHP,2,1.8,1.8,1.8,8,2012,,,,Y,,,,,,3.5,Y,,,,,
58290,"NextEra Energy Desert Sunlight 250, LLC",58542,"Desert Sunlight 250, LLC",CA,Riverside,DSL12,OP,Solar Photovoltaic,PV,IPP Non-CHP,2,39.1,39.1,39.1,12,2013,,,,Y,,,,,,50,,Y,,,,
58290,"NextEra Energy Desert Sunlight 250, LLC",58542,"Desert Sunlight 250, LLC",CA,Riverside,DSL13,OP,Solar Photovoltaic,PV,IPP Non-CHP,2,39.1,39.1,39.1,1,2014,,,,Y,,,,,,51.3,,Y,,,,
58290,"NextEra Energy Desert Sunlight 250, LLC",58542,"Desert Sunlight 250, LLC",CA,Riverside,DSL14,OP,Solar Photovoltaic,PV,IPP Non-CHP,2,26.5,26.5,26.5,4,2014,,,,Y,,,,,,35.4,,Y,,,,
58290,"NextEra Energy Desert Sunlight 250, LLC",58542,"Desert Sunlight 250, LLC",CA,Riverside,DSL15,OP,Solar Photovoltaic,PV,IPP Non-CHP,2,13.9,13.9,13.9,6,2014,,,,Y,,,,,,19.1,,Y,,,,
58290,"NextEra Energy Desert Sunlight 250, LLC",58542,"Desert Sunlight 250, LLC",CA,Riverside,DSL16,OP,Solar Photovoltaic,PV,IPP Non-CHP,2,22.7,22.7,22.7,11,2013,,,,Y,,,,,,28,,Y,,,,
58290,"NextEra Energy Desert Sunlight 250, LLC",58542,"Desert Sunlight 250, LLC",CA,Riverside,DSL17,OP,Solar Photovoltaic,PV,IPP Non-CHP,2,29.0,29.0,29.0,11,2013,,,,Y,,,,,,36,,Y,,,,
58290,"NextEra Energy Desert Sunlight 250, LLC",58542,"Desert Sunlight 250, LLC",CA,Riverside,DSL18,OP,Solar Photovoltaic,PV,IPP Non-CHP,2,29.0,29.0,29.0,6,2014,,,,Y,,,,,,38.5,,Y,,,,
58290,"NextEra Energy Desert Sunlight 250, LLC",58542,"Desert Sunlight 250, LLC",CA,Riverside,DSL19,OP,Solar Photovoltaic,PV,IPP Non-CHP,2,25.2,25.2,25.2,10,2014,,,,Y,,,,,,34.8,,Y,,,,
58290,"NextEra Energy Desert Sunlight 250, LLC",58542,"Desert Sunlight 250, LLC",CA,Riverside,DSL20,OP,Solar Photovoltaic,PV,IPP Non-CHP,2,25.2,25.2,25.2,11,2013,,,,Y,,,,,,37,,Y,,,,
58514,"Gilbert Solar Facility I, LLC",58543,"Gilbert Solar Facility I, LLC",AZ,Maricopa,1,OP,Solar Photovoltaic,PV,IPP Non-CHP,2,2.5,2.5,2.5,10,2011,,Y,,N,,,,,,2.2,Y,,,,,
58515,NextEra Energy Mountain View Solar,58544,Mountain View Solar,NV,Clark,1,OP,Solar Photovoltaic,PV,IPP Non-CHP,2,20.0,20.0,20.0,1,2014,,Y,,,,,,,,25,Y,,,,,
58518,NRG Solar Community 1 LLC,58545,Community Solar 1,CA,Imperial,1,OP,Solar Photovoltaic,PV,IPP Non-CHP,2,5.7,5.7,5.7,6,2014,,Y,,,,,,,,7.5,Y,,,,,
58519,Clean Energy Collective LLC,58547,SMPA Solar 1,CO,Montrose,1,OP,Solar Photovoltaic,PV,IPP Non-CHP,2,1.0,1.0,1.0,12,2012,,,,Y,,,,,,2.4,Y,,,,,
11936,McBryde Sugar Co Ltd,58549,Port Allen Solar,HI,Kauai,1,OP,Solar Photovoltaic,PV,IPP Non-CHP,2,6.0,6.0,6.0,12,2012,,,,Y,,,,,,7.2,Y,,,,,
58491,"Constellation Solar Holding, LLC",58550,Owens Corning at Bethlehem,NY,Albany,PV1,OP,Solar Photovoltaic,PV,IPP Non-CHP,2,2.0,2.0,2.0,10,2013,,,,Y,,,,,,2.3,Y,,,,,
58468,Dominion Renewable Energy,58552,"Indy Solar I, LLC",IN,Marion,1,OP,Solar Photovoltaic,PV,IPP Non-CHP,2,10.0,10.0,10.0,12,2013,,,,Y,,,,,,13.9,Y,,,,,N
58468,Dominion Renewable Energy,58553,"Indy Solar III, LLC",IN,Marion,1,OP,Solar Photovoltaic,PV,IPP Non-CHP,2,8.6,8.6,8.6,12,2013,,,,Y,,,,,,11.9,Y,,,,,Y
58468,Dominion Renewable Energy,58554,"Somers Solar Center, LLC",CT,Tolland,1,OP,Solar Photovoltaic,PV,IPP Non-CHP,2,5.0,5.0,5.0,12,2013,,,,Y,,,,,N,7.4,Y,,,,,N
58468,Dominion Renewable Energy,58556,"Indy Solar II, LLC",IN,Marion,1,OP,Solar Photovoltaic,PV,IPP Non-CHP,2,10.1,10.0,10.0,12,2013,,,,Y,,,,,,13.9,Y,,,,,N
56769,Consolidated Edison Development Inc.,58561,Merrimac Solar,MA,Essex,MSMA,OP,Solar Photovoltaic,PV,IPP Non-CHP,2,1.5,1.5,1.5,12,2013,,,,Y,,,,,,2,Y,,,,,
56769,Consolidated Edison Development Inc.,58564,Frenchtown III Solar,NJ,Hunterdon,F3NJ,OP,Solar Photovoltaic,PV,IPP Non-CHP,2,7.9,7.9,7.9,12,2013,,,,Y,,,,,,11.5,Y,,,,,
56999,Western Massachusetts Electric Company,58568,Cottage Street Solar Facility,MA,Hampden,PV-3,OP,Solar Photovoltaic,PV,Electric Utility,1,3.2,3.2,3.2,5,2014,,,,Y,,,,,,3.9,Y,,,,,
34012,FPL Energy MH50 LP,58569,Paradise Solar Energy Center,NJ,Gloucester,1,OP,Solar Photovoltaic,PV,IPP Non-CHP,2,5.0,5.0,5.0,3,2011,,,,Y,,,,,,5.5,Y,,,,,
49893,Invenergy Services LLC,58572,Lakeland Solar Energy LLC,GA,Lanier,1,OP,Solar Photovoltaic,PV,IPP Non-CHP,2,0.9,0.9,0.9,12,2013,,,,Y,,,,,,1,Y,,,,,
49893,Invenergy Services LLC,58572,Lakeland Solar Energy LLC,GA,Lanier,2,OP,Solar Photovoltaic,PV,IPP Non-CHP,2,0.9,0.9,0.9,12,2013,,,,Y,,,,,,1,Y,,,,,
58465,"Green States Energy, Inc.",58576,GSE NM1,NM,Chaves,NMP1,OP,Solar Photovoltaic,PV,IPP Non-CHP,2,2.3,1.7,1.3,5,2011,,,,Y,,,,,,2.9,Y,,,,,
58537,Fresh Air Energy IV LLC,58578,Sonora 1,CA,Tuolumne,SON1,OP,Solar Photovoltaic,PV,IPP Non-CHP,2,1.5,1.5,1.5,12,2013,,Y,,,,,,,,1.9,Y,,,,,
58540,California PV Energy LLC,58581,Oltmans SCE at Champagne,CA,San Bernardino,1,OP,Solar Photovoltaic,PV,IPP Non-CHP,2,1.0,1.0,1.0,12,2013,,,,Y,,,,,,1.4,Y,,,,,
58540,California PV Energy LLC,58582,Oltmans SCE at Jurupa,CA,San Bernardino,1,OP,Solar Photovoltaic,PV,IPP Non-CHP,2,1.5,1.5,1.5,12,2013,,,,Y,,,,,,2,Y,,,,,
58541,"Forbes Street Solar, LLC",58583,Forbes Street Solar,RI,Providence,FSS1,OP,Solar Photovoltaic,PV,IPP Non-CHP,2,3.0,3.0,3.0,12,2013,,,,Y,,,,,,3.7,Y,,,,,
58542,Trustees of Princeton University,58584,Princeton University Cogeneration,NJ,Mercer,PV1,OP,Solar Photovoltaic,PV,Commercial CHP,5,4.5,4.5,4.5,10,2012,,Y,,,,,,,,5.3,Y,,,,,
58544,Sierra Nevada Brewing Co,58585,Sierra Nevada Brewing Co,CA,Butte,SOLR,OP,Solar Photovoltaic,PV,Industrial Non-CHP,6,1.7,1.4,0.9,9,2007,,Y,,Y,,,,,,2,Y,,,,,
57313,SolarCity Corporation,58586,Town of East Bridgewater,MA,Plymouth,1,OP,Solar Photovoltaic,PV,IPP Non-CHP,2,2.0,2.0,2.0,6,2013,,Y,,,,,,,,2.4,Y,,,,,
57081,"WGL Energy Systems, Inc",58588,Sue Cleveland High School,NM,Sandoval,SCHS,OP,Solar Photovoltaic,PV,IPP Non-CHP,2,1.0,1.0,1.0,11,2013,,,,Y,,,,,,1.2,Y,,,,,
57081,"WGL Energy Systems, Inc",58589,Rio Rancho High School,NM,Sandoval,RRHS,OP,Solar Photovoltaic,PV,IPP Non-CHP,2,1.0,1.0,1.0,11,2013,,,,Y,,,,,,1.2,Y,,,,,
58546,Cascade Solar LLC,58590,Cascade Solar,CA,San Bernardino,1,OP,Solar Photovoltaic,PV,IPP Non-CHP,2,18.5,18.5,18.5,1,2014,,Y,,,,,,,,24.1,Y,,,,,
17650,Southern Power Co,58592,Solar Gen 2,CA,Imperial,ALHM,OP,Solar Photovoltaic,PV,IPP Non-CHP,2,51.7,54.4,54.4,11,2014,,,,Y,,,,,,64.7,Y,Y,,,,
17650,Southern Power Co,58592,Solar Gen 2,CA,Imperial,ARK,OP,Solar Photovoltaic,PV,IPP Non-CHP,2,51.7,54.4,54.4,11,2014,,,,Y,,,,,,64.7,Y,Y,,,,
17650,Southern Power Co,58592,Solar Gen 2,CA,Imperial,SONR,OP,Solar Photovoltaic,PV,IPP Non-CHP,2,51.7,54.4,54.4,11,2014,,,,Y,,,,,,64.7,Y,Y,,,,
59155,"First Wind O&M, LLC",58598,Beryl Solar Plant,UT,Iron,BSP1,OP,Solar Photovoltaic,PV,IPP Non-CHP,2,3.0,3.0,3.0,8,2015,,,,Y,,,,,,3.4,Y,,,,,
59155,"First Wind O&M, LLC",58599,Cedar Valley Solar Plant,UT,Iron,CVSP1,OP,Solar Photovoltaic,PV,IPP Non-CHP,2,3.0,3.0,3.0,12,2015,,,,Y,,,,,,3.4,Y,,,,,
59155,"First Wind O&M, LLC",58600,Buckhorn Solar Plant,UT,Iron,BSP1,OP,Solar Photovoltaic,PV,IPP Non-CHP,2,3.0,3.0,3.0,12,2015,,,,Y,,,,,,3.4,Y,,,,,
59155,"First Wind O&M, LLC",58601,Milford Flat Solar Plant,UT,Beaver,MFSP1,OP,Solar Photovoltaic,PV,IPP Non-CHP,2,3.0,3.0,3.0,7,2015,,,,Y,,,,,,3.4,Y,,,,,
59155,"First Wind O&M, LLC",58602,Laho Solar Plant,UT,Beaver,LSP1,OP,Solar Photovoltaic,PV,IPP Non-CHP,2,3.0,3.0,3.0,7,2015,,,,Y,,,,,,3.4,Y,,,,,
59155,"First Wind O&M, LLC",58603,Greenville Solar Plant,UT,Beaver,GVSP1,OP,Solar Photovoltaic,PV,IPP Non-CHP,2,2.2,2.2,2.2,10,2015,,,,Y,,,,,,2.5,Y,,,,,
59155,"First Wind O&M, LLC",58604,Granite Peak Solar Plant,UT,Beaver,GPSP1,OP,Solar Photovoltaic,PV,IPP Non-CHP,2,3.0,3.0,3.0,8,2015,,,,Y,,,,,,3.4,Y,,,,,
58661,"Sustainable Power Group, LLC",58609,Industry Solar Power Generation Station 1 LLC,CA,San Bernardino,ISP1,OP,Solar Photovoltaic,PV,IPP Non-CHP,2,1.5,1.5,1.5,12,2013,,Y,,,,,,,,1.9,Y,,,,,
58661,"Sustainable Power Group, LLC",58610,Navajo Solar Power Generation Station 1 LLC,CA,San Bernardino,NSP1,OP,Solar Photovoltaic,PV,IPP Non-CHP,2,1.5,1.5,1.5,12,2013,,Y,,,,,,,,1.9,Y,,,,,
58661,"Sustainable Power Group, LLC",58611,Powhatan Solar Power Generation Station 1 LLC,CA,San Bernardino,1,OP,Solar Photovoltaic,PV,IPP Non-CHP,2,1.5,1.5,1.5,12,2013,,Y,,,,,,,,1.9,Y,,,,,
58661,"Sustainable Power Group, LLC",58612,Otoe Solar Power Generation Station 1 LL,CA,San Bernardino,1,OP,Solar Photovoltaic,PV,IPP Non-CHP,2,1.5,1.5,1.5,12,2013,,,,Y,,,,,,1.9,Y,,,,,
58567,"Blue Renewable Energy IMS, LLC",58615,Indianapolis Motor Speedway Solar PV,IN,Marion,IMS,OP,Solar Photovoltaic,PV,IPP Non-CHP,2,9.0,9.0,9.0,7,2014,,,,Y,,,,,,11.2,Y,,,,,
58568,"Westlands Solar Farms, LLC",58616,Westlands Solar PV Farm,CA,Fresno,WSF1,OP,Solar Photovoltaic,PV,IPP Non-CHP,2,18.0,18.0,18.0,2,2014,,Y,,,,,,,,23,Y,,,,,
58570,CF Gainesville Owner One LLC,58618,Butler Plaza,FL,Alachua,1,OP,Solar Photovoltaic,PV,IPP Non-CHP,2,1.2,1.2,1.2,12,2010,,,,Y,,,,,,1.6,Y,,,,,
58575,"Sol Orchard Imperial 1, LLC",58621,Sol Orchard El Centro PV,CA,Imperial,ECPV,OP,Solar Photovoltaic,PV,IPP Non-CHP,2,20.0,20.0,20.0,10,2013,,Y,,,,,,,,25.2,Y,,,,,
58576,"Holstein Holdings, LLC",58623,Holstein Plant,NC,Scotland,PV1,OP,Solar Photovoltaic,PV,IPP Non-CHP,2,20.0,20.0,20.0,12,2015,,,,Y,,,,,,25.7,,Y,,,,
58578,PPS Berkshire Solar LLC,58624,Berkshire 1,MA,Berkshire,BER1,OP,Solar Photovoltaic,PV,IPP Non-CHP,2,1.8,1.8,1.8,12,2011,,Y,,Y,,,,,,2,Y,,,,,
58661,"Sustainable Power Group, LLC",58626,Western Antelope Blue Sky Ranch A,CA,Los Angeles,WABSA,OP,Solar Photovoltaic,PV,IPP Non-CHP,2,20.0,20.0,20.0,11,2014,,Y,,,,,,,,23.9,Y,,,,,
58580,Simon Solar Farm LLC,58628,Simon Solar Farm LLC,GA,Walton,SRSSF,OP,Solar Photovoltaic,PV,IPP Non-CHP,2,30.0,30.0,30.0,11,2013,,,,Y,,,,,,38.6,Y,,,,,
57313,SolarCity Corporation,58631,Queen Anne's County,MD,Queen Annes,1,OP,Solar Photovoltaic,PV,IPP Non-CHP,2,2.0,2.0,2.0,12,2013,,Y,,,,,,,,2.4,Y,,,,,
57313,SolarCity Corporation,58632,Actus Lend Lease DMAFB,AZ,Pima,1,OP,Solar Photovoltaic,PV,IPP Non-CHP,2,3.0,3.0,3.0,12,2009,,Y,,,,,,,,1.1,Y,,,,,
57313,SolarCity Corporation,58633,Monterey Regional Water Pollution Contro,CA,Monterey,1,OP,Solar Photovoltaic,PV,IPP Non-CHP,2,1.0,1.0,1.0,12,2010,,Y,,,,,,,,1.1,Y,,,,,
57313,SolarCity Corporation,58634,Lancaster Baptist Church,CA,Los Angeles,1,OP,Solar Photovoltaic,PV,IPP Non-CHP,2,1.0,1.0,1.0,12,2011,,Y,,,,,,,,1.1,Y,,,,,
57313,SolarCity Corporation,58636,Sacramento Fairbain Water Treatment Plan,CA,Sacramento,1,OP,Solar Photovoltaic,PV,IPP Non-CHP,2,1.0,1.0,1.0,2,2013,,Y,,,,,,,,1.1,Y,,,,,
10071,Kauai Island Utility Cooperative,58639,KRS I Anahola Solar,HI,Kauai,ANAPV,OP,Solar Photovoltaic,PV,Electric Utility,1,12.0,12.0,12.0,8,2015,,,,Y,,,,,,12,Y,,,,,
10071,Kauai Island Utility Cooperative,58640,KRS II Koloa Solar,HI,Kauai,KOLPV,OP,Solar Photovoltaic,PV,Electric Utility,1,12.0,12.0,12.0,8,2014,,,,Y,,,,,,12,Y,,,,,
58593,Sequoia PV 1 LLC,58642,Tulare 1 and 2,CA,Tulare,1,OP,Solar Photovoltaic,PV,IPP Non-CHP,2,1.5,1.5,1.5,1,2014,,,,Y,,,,,,1.8,Y,,,,,
58593,Sequoia PV 1 LLC,58642,Tulare 1 and 2,CA,Tulare,2,OP,Solar Photovoltaic,PV,IPP Non-CHP,2,1.5,1.5,1.5,1,2014,,,,Y,,,,,,1.8,Y,,,,,
58594,Rockford Solar Partners,58643,Rockford Solar Farm,IL,Winnebago,1,OP,Solar Photovoltaic,PV,IPP Non-CHP,2,2.6,2.6,2.6,10,2012,,,,Y,,,,,,3.1,Y,,,,,
59363,"Silver State Solar Power South, LLC",58644,Silver State Solar Power South,NV,Clark,BLK1,OP,Solar Photovoltaic,PV,IPP Non-CHP,2,26.4,26.4,26.4,11,2015,,Y,,,,,,,,34.8,,Y,,,,
59363,"Silver State Solar Power South, LLC",58644,Silver State Solar Power South,NV,Clark,BLK2,OP,Solar Photovoltaic,PV,IPP Non-CHP,2,27.9,27.9,27.9,12,2015,,Y,,,,,,,,35,,Y,,,,
59363,"Silver State Solar Power South, LLC",58644,Silver State Solar Power South,NV,Clark,BLK3,OP,Solar Photovoltaic,PV,IPP Non-CHP,2,37.2,37.2,37.2,12,2015,,Y,,,,,,,,49.2,,Y,,,,
17650,Southern Power Co,58646,Stateline Solar,CA,San Bernardino,STL,OP,Solar Photovoltaic,PV,IPP Non-CHP,2,75.9,75.9,75.9,12,2015,,,,Y,,,,,,87.7,,Y,,,,
17650,Southern Power Co,58646,Stateline Solar,CA,San Bernardino,STL2,OP,Solar Photovoltaic,PV,IPP Non-CHP,2,34.1,34.1,34.1,12,2015,,,,Y,,,,,,40.5,,Y,,,,
57365,Consolidated Edison Solutions Inc,58647,Port Richmond WWT Solar,NY,Richmond,1,OP,Solar Photovoltaic,PV,IPP Non-CHP,2,1.0,1.0,1.0,7,2015,,,,Y,,,,,,1.9,Y,,,,,
58477,"O2energies, Inc.",58649,Montgomery Solar LLC,NC,Montgomery,1,OP,Solar Photovoltaic,PV,IPP Non-CHP,2,20.0,20.0,20.0,12,2015,,,,Y,,,,,,25,Y,,,,,
58598,"Mass Solar, LLC",58650,North Brookfield,MA,Worcester,PV1,OP,Solar Photovoltaic,PV,IPP Non-CHP,2,3.0,3.0,3.0,6,2014,,,,Y,,,,,,3.6,Y,,,,,
58596,Hanwha Q CELLS USA,58651,Kalaeloa Renewable Energy Park,HI,Honolulu,KREP,OP,Solar Photovoltaic,PV,IPP Non-CHP,2,5.0,5.0,5.0,1,2014,,,,Y,,,,,,6.1,Y,,,,,
58590,SEDC Jersey Gardens Owner LLC,58653,Jersey Gardens Phase 1,NJ,Union,1,OP,Solar Photovoltaic,PV,IPP Non-CHP,2,1.7,1.7,1.7,12,2011,,,,Y,,,,,,2,Y,,,,,
58591,CF Jersey Gardens Owner Two LLC,58654,Jersey Gardens Phase 2,NJ,Union,1,OP,Solar Photovoltaic,PV,IPP Non-CHP,2,2.3,2.3,2.3,2,2012,,,,Y,,,,,,2.8,Y,,,,,
58602,Utah Red Hills Renewable Energy Park LLC,58660,Utah Red Hills Renewable Energy Park,UT,Iron,1,OP,Solar Photovoltaic,PV,IPP Non-CHP,2,80.0,80.0,80.0,12,2015,,Y,,,,,,,,104.8,Y,,,,,
58610,"Celina Solar Project #1, LLC",58665,"Celina Solar Project #1, LLC",OH,Mercer,CSP1,OP,Solar Photovoltaic,PV,IPP Non-CHP,2,4.0,4.0,4.0,12,2012,,,,Y,,,,,,5,Y,,,,,
58661,"Sustainable Power Group, LLC",58667,Biscoe Solar LLC,NC,Montgomery,BISCO,OP,Solar Photovoltaic,PV,IPP Non-CHP,2,5.0,5.0,5.0,9,2014,,Y,,,,,,,,6.6,Y,,,,,
58477,"O2energies, Inc.",58668,Rockwell Solar LLC,NC,Rowan,ROCKW,OP,Solar Photovoltaic,PV,IPP Non-CHP,2,3.5,3.5,3.5,12,2014,,,,Y,,,,,,4.2,Y,,,,,
58661,"Sustainable Power Group, LLC",58669,Selma Solar LLC,NC,Johnston,SELMA,OP,Solar Photovoltaic,PV,IPP Non-CHP,2,5.0,5.0,5.0,9,2014,,,,Y,,,,,,6.5,Y,,,,,
59375,"Turkey Branch Solar, LLC",58670,Turkey Branch Solar LLC,NC,Robeson,TURKY,OP,Solar Photovoltaic,PV,IPP Non-CHP,2,5.0,5.0,5.0,9,2014,,,,Y,,,,,,6.5,Y,,,,,
58477,"O2energies, Inc.",58673,Gates Solar LLC,NC,Gates,GATES,OP,Solar Photovoltaic,PV,IPP Non-CHP,2,5.0,5.0,5.0,12,2015,,,,Y,,,,,,6.5,Y,,,,,
58477,"O2energies, Inc.",58674,Cirrus Solar LLC,NC,Franklin,CIRRU,OP,Solar Photovoltaic,PV,IPP Non-CHP,2,5.0,5.0,5.0,12,2014,,,,Y,,,,,,6.5,Y,,,,,
58477,"O2energies, Inc.",58675,Chocowinity Solar LLC,NC,Beaufort,CHOCO,OP,Solar Photovoltaic,PV,IPP Non-CHP,2,5.0,5.0,5.0,12,2014,,,,Y,,,,,,6.5,Y,,,,,
58611,Forest City Sustainable Resources Pearl City LLC,58676,Pearl City Peninsula Solar Park,HI,Honolulu,PCPPV,OP,Solar Photovoltaic,PV,IPP Non-CHP,2,1.0,1.0,1.0,11,2012,,,,Y,,,,,,1.2,Y,,,,,
58598,"Mass Solar, LLC",58680,Braley Road 2,MA,Bristol,PV1,OP,Solar Photovoltaic,PV,IPP Non-CHP,2,2.7,2.7,2.7,3,2015,,,,Y,,,,,,3.5,Y,,,,,
58598,"Mass Solar, LLC",58682,Dartmouth,MA,Bristol,PV1,OP,Solar Photovoltaic,PV,IPP Non-CHP,2,6.3,6.3,6.3,4,2014,,,,Y,,,,,,7.4,Y,,,,,
58611,Forest City Sustainable Resources Pearl City LLC,58684,Kapolei Solar Energy Park,HI,Honolulu,KSEPV,OP,Solar Photovoltaic,PV,IPP Non-CHP,2,1.0,1.0,1.0,2,2012,,,,Y,,,,,,1.2,Y,,,,,
58621,"SSA Solar of NM, LLC",58689,Blue Sky One,NM,Taos,1,OP,Solar Photovoltaic,PV,IPP Non-CHP,2,1.3,1.3,1.3,10,2012,,,,Y,,,,,,1.5,Y,,,,,
58622,Costco Wholesale,58698,Mira Loma,CA,Riverside,D960,OP,Solar Photovoltaic,PV,Commercial Non-CHP,4,1.0,1.0,1.0,11,2011,,,,Y,,,,,,1.1,Y,,,,,
58622,Costco Wholesale,58698,Mira Loma,CA,Riverside,D9611,OP,Solar Photovoltaic,PV,Commercial Non-CHP,4,1.5,1.5,1.5,11,2011,,,,Y,,,,,,1.7,Y,,,,,
58622,Costco Wholesale,58698,Mira Loma,CA,Riverside,D9612,OP,Solar Photovoltaic,PV,Commercial Non-CHP,4,0.5,0.5,0.5,11,2011,,,,Y,,,,,,0.6,Y,,,,,
58629,TIG Sun Energy I LLC,58700,Colleton Solar Farm,SC,Colleton,CS300,OP,Solar Photovoltaic,PV,IPP Non-CHP,2,2.5,2.5,2.5,12,2013,,Y,,Y,,,,,,3,Y,,,,,
57369,"Apple, Inc",58701,Apple Data Center - PV2,NC,Catawba,PV2,OP,Solar Photovoltaic,PV,Commercial Non-CHP,4,20.0,19.4,19.4,10,2013,,Y,,,,,,,,25,Y,,,,,
58639,Axio Green LLC,58702,Axio Green LLC,MA,Franklin,1,OP,Solar Photovoltaic,PV,IPP Non-CHP,2,2.0,2.0,2.0,6,2012,,N,,Y,,,,,,2,Y,,,,,
58638,"Lenape Solar II, LLC",58703,Lenape II,IN,Marion,1,OP,Solar Photovoltaic,PV,IPP Non-CHP,2,4.0,4.0,4.0,11,2015,,,,Y,,,,,,5,Y,,,,,
58649,Solar Star Arizona II LLC,58708,Phoenix Airport East Economy Lot,AZ,Maricopa,PAEEL,OP,Solar Photovoltaic,PV,Commercial Non-CHP,4,1.1,1.0,1.0,12,2012,,,,Y,,,,,,5.4,Y,,,,,
58649,Solar Star Arizona II LLC,58709,Phoenix Airport Rental Car Center,AZ,Maricopa,PARCC,OP,Solar Photovoltaic,PV,Commercial Non-CHP,4,1.6,1.4,1.4,12,2012,,,,Y,,,,,,5.4,Y,,,,,
59745,First Solar Asset Management,58710,Barilla Solar,TX,Pecos,BRLA,OP,Solar Photovoltaic,PV,IPP Non-CHP,2,30.2,30.2,30.2,6,2015,,,,Y,,,,,,37.6,,Y,,,,
17650,Southern Power Co,58711,Lost Hills/Blackwell,CA,Kern,BLKW,OP,Solar Photovoltaic,PV,IPP Non-CHP,2,12.0,12.0,12.0,4,2015,,Y,,,,,,,,16.2,,Y,,,,
17650,Southern Power Co,58711,Lost Hills/Blackwell,CA,Kern,LTHL,OP,Solar Photovoltaic,PV,IPP Non-CHP,2,20.0,21.3,21.3,4,2015,,Y,,,,,,,,27.3,,Y,,,,
17650,Southern Power Co,58713,North Star Solar,CA,Fresno,NSTR,OP,Solar Photovoltaic,PV,IPP Non-CHP,2,62.5,61.6,61.6,6,2015,,Y,,,,,,,,73,,Y,,,,
58489,OCI Solar Power,58716,"OCI Alamo 2, LLC",TX,Bexar,1,OP,Solar Photovoltaic,PV,IPP Non-CHP,2,4.4,4.4,4.4,3,2014,,,Y,,,,,,,5.4,Y,,,,,
56769,Consolidated Edison Development Inc.,58717,"OCI Alamo 4, LLC",TX,Kinney,1,OP,Solar Photovoltaic,PV,IPP Non-CHP,2,39.6,39.6,39.6,8,2014,,,Y,,,,,,,49,Y,,,,,
58654,Orion Solar I LLC,58718,Orion Solar I,CA,Kern,PV1,OP,Solar Photovoltaic,PV,IPP Non-CHP,2,12.0,12.0,12.0,4,2014,,Y,,,,,,,,15.7,Y,,,,,
58655,"Orion Solar II, LLC",58721,Orion Solar II,CA,Kern,ORION,OP,Solar Photovoltaic,PV,IPP Non-CHP,2,8.0,8.0,8.0,6,2014,,Y,,,,,,,,10.5,Y,,,,,
60006,"Charlotte Solar, LLC (NC)",58722,Charlotte Solar,NC,Rutherford,PV1,OP,Solar Photovoltaic,PV,IPP Non-CHP,2,5.0,5.0,5.0,11,2015,,,,Y,,,,,,6.6,Y,,,,,
59859,Elliana Solar LLC,58725,Elliana Solar,NC,Alamance,PV1,OP,Solar Photovoltaic,PV,IPP Non-CHP,2,5.0,5.0,5.0,10,2015,,,,Y,,,,,,15,Y,,,,,
60007,Flash Solar LLC,58726,Flash Solar,NC,Catawba,PV1,OP,Solar Photovoltaic,PV,IPP Non-CHP,2,5.0,5.0,5.0,11,2015,,,,Y,,,,,,6.4,Y,,,,,
59852,Angel Solar LLC,58731,Angel Solar,NC,Catawba,PV1,OP,Solar Photovoltaic,PV,IPP Non-CHP,2,5.0,5.0,5.0,12,2015,,,,Y,,,,,,6.4,Y,,,,,
60005,Buddy Solar LLC,58735,Buddy Solar,NC,Rowan,PV1,OP,Solar Photovoltaic,PV,IPP Non-CHP,2,4.0,4.0,4.0,11,2015,,,,Y,,,,,,4.7,Y,,,,,
58661,"Sustainable Power Group, LLC",58748,North Bay Solar 1,CA,Solano,NBWT,OP,Solar Photovoltaic,PV,Commercial Non-CHP,4,1.0,1.0,1.0,8,2013,,Y,,,,,,,,1.1,Y,,,,,
57365,Consolidated Edison Solutions Inc,58749,Tihonet Solar,MA,Plymouth,TSMA,OP,Solar Photovoltaic,PV,IPP Non-CHP,2,1.0,1.0,1.0,5,2014,,,,Y,,,,,,1.4,Y,,,,,
58661,"Sustainable Power Group, LLC",58750,Lancaster Dry Farm Ranch B,CA,Los Angeles,LDFRB,OP,Solar Photovoltaic,PV,IPP Non-CHP,2,5.0,5.0,5.0,11,2014,,Y,,N,,,,,,5.9,Y,,,,,
58661,"Sustainable Power Group, LLC",58751,Rodeo Solar C2,CA,Los Angeles,RSC2,OP,Solar Photovoltaic,PV,IPP Non-CHP,2,1.5,1.5,1.5,5,2014,,,,Y,,,,,,2.1,Y,,,,,
58661,"Sustainable Power Group, LLC",58752,Rodeo Solar D2,CA,Los Angeles,RSD2,OP,Solar Photovoltaic,PV,IPP Non-CHP,2,1.5,1.5,1.5,5,2014,,,,Y,,,,,,2.1,Y,,,,,
58661,"Sustainable Power Group, LLC",58753,Summer Solar A2,CA,Los Angeles,SSA2,OP,Solar Photovoltaic,PV,IPP Non-CHP,2,1.5,1.5,1.5,6,2014,,,,Y,,,,,,2.1,Y,,,,,
58661,"Sustainable Power Group, LLC",58754,Summer Solar B2,CA,Los Angeles,SSB2,OP,Solar Photovoltaic,PV,IPP Non-CHP,2,1.5,1.5,1.5,6,2014,,,,Y,,,,,,2.1,Y,,,,,
58661,"Sustainable Power Group, LLC",58755,Summer Solar C2,CA,Los Angeles,SSC2,OP,Solar Photovoltaic,PV,IPP Non-CHP,2,1.5,1.5,1.5,6,2014,,,,Y,,,,,,2.1,Y,,,,,
58661,"Sustainable Power Group, LLC",58756,Summer Solar D2,CA,Los Angeles,SSD2,OP,Solar Photovoltaic,PV,IPP Non-CHP,2,1.0,1.0,1.0,7,2014,,,,Y,,,,,,2.1,Y,,,,,
58661,"Sustainable Power Group, LLC",58757,Summer North Solar,CA,Los Angeles,UE2,OP,Solar Photovoltaic,PV,IPP Non-CHP,2,1.5,1.5,1.5,12,2014,,,,Y,,,,,,2.1,Y,,,,,
58661,"Sustainable Power Group, LLC",58757,Summer North Solar,CA,Los Angeles,UF2,OP,Solar Photovoltaic,PV,IPP Non-CHP,2,2.0,2.0,2.0,12,2014,,,,Y,,,,,,2.8,Y,,,,,
58661,"Sustainable Power Group, LLC",58757,Summer North Solar,CA,Los Angeles,UG2,OP,Solar Photovoltaic,PV,IPP Non-CHP,2,1.5,1.5,1.5,12,2014,,,,Y,,,,,,2.1,Y,,,,,
58661,"Sustainable Power Group, LLC",58757,Summer North Solar,CA,Los Angeles,UH2,OP,Solar Photovoltaic,PV,IPP Non-CHP,2,1.5,1.5,1.5,12,2014,,,,Y,,,,,,2.1,Y,,,,,
58661,"Sustainable Power Group, LLC",58761,Expressway Solar A,CA,San Bernardino,EXSA,OP,Solar Photovoltaic,PV,IPP Non-CHP,2,2.0,2.0,2.0,5,2014,,,,Y,,,,,,2.7,Y,,,,,
58661,"Sustainable Power Group, LLC",58762,Expressway Solar B,CA,San Bernardino,EXSB,OP,Solar Photovoltaic,PV,IPP Non-CHP,2,2.0,2.0,2.0,5,2014,,,,Y,,,,,,2.4,Y,,,,,
58661,"Sustainable Power Group, LLC",58763,Expressway Solar C2,CA,San Bernardino,EXSC2,OP,Solar Photovoltaic,PV,IPP Non-CHP,2,1.5,1.5,1.5,11,2014,,,,Y,,,,,,2.1,Y,,,,,
58596,Hanwha Q CELLS USA,58770,Maywood Photovoltaic Project,IN,Marion,1,OP,Solar Photovoltaic,PV,IPP Non-CHP,2,8.0,8.0,8.0,3,2014,,,,Y,,,,,,10.5,Y,,,,,
58677,CD US Solar MT1 LLC,58785,Brentwood Solar,NY,Suffolk,BRT1,OP,Solar Photovoltaic,PV,IPP Non-CHP,2,1.0,1.0,1.0,11,2011,,,,Y,,,,,,1,Y,,,,,
58677,CD US Solar MT1 LLC,58786,Deer Park,NY,Suffolk,DRP1,OP,Solar Photovoltaic,PV,IPP Non-CHP,2,2.5,2.5,2.5,12,2012,,,,Y,,,,,,3,Y,,,,,
58677,CD US Solar MT1 LLC,58787,Dennison,NY,Suffolk,DNN1,OP,Solar Photovoltaic,PV,IPP Non-CHP,2,2.0,2.0,2.0,4,2011,,,,Y,,,,,,2.2,Y,,,,,
58677,CD US Solar MT1 LLC,58788,North County,NY,Suffolk,NRT1,OP,Solar Photovoltaic,PV,IPP Non-CHP,2,1.0,1.0,1.0,4,2011,,,,Y,,,,,,1,Y,,,,,
58677,CD US Solar MT1 LLC,58789,Riverhead,NY,Suffolk,RVH1,OP,Solar Photovoltaic,PV,IPP Non-CHP,2,1.5,1.5,1.5,4,2011,,,,Y,,,,,,1.5,Y,,,,,
58677,CD US Solar MT1 LLC,58790,Cohalan,NY,Suffolk,CLN1,OP,Solar Photovoltaic,PV,IPP Non-CHP,2,2.5,2.5,2.5,9,2012,,,,Y,,,,,,2.8,Y,,,,,
58677,CD US Solar MT1 LLC,58790,Cohalan,NY,Suffolk,CLN2,OP,Solar Photovoltaic,PV,IPP Non-CHP,2,1.5,1.5,1.5,12,2012,,,,Y,,,,,,1.4,Y,,,,,
58682,WR-TGC Solar Generation IV LLC,58793,JMB Mcguire-Dix-Lakehurst Solar Project,NJ,Burlington,UCIV,OP,Solar Photovoltaic,PV,IPP Non-CHP,2,11.4,11.4,11.4,10,2013,,,,Y,,,,,,12.3,Y,,,,,
58681,MSM Solar LLC,58794,Storrie Lake Solar Project,NM,San Miguel,MSMPV,OP,Solar Photovoltaic,PV,IPP Non-CHP,2,1.9,1.5,1.5,5,2014,,,,Y,,,,,,1.9,Y,,,,,
58661,"Sustainable Power Group, LLC",58795,"Hobart Solar, LLC",IN,Lake,HS,OP,Solar Photovoltaic,PV,IPP Non-CHP,2,1.0,1.0,1.0,11,2012,,,,Y,,,,,,1.3,Y,,,,,
58661,"Sustainable Power Group, LLC",58796,"Waterloo Solar, LLC",IN,DeKalb,WS,OP,Solar Photovoltaic,PV,IPP Non-CHP,2,1.0,1.0,1.0,1,2012,,,,Y,,,,,,1.3,Y,,,,,
58661,"Sustainable Power Group, LLC",58797,"Valparaiso Solar, LLC",IN,Porter,VS,OP,Solar Photovoltaic,PV,IPP Non-CHP,2,1.0,1.0,1.0,12,2012,,,,Y,,,,,,1.3,Y,,,,,
58661,"Sustainable Power Group, LLC",58798,"AC Criminal Courts Complex SPE2, LLC",NJ,Atlantic,ACCCC,OP,Solar Photovoltaic,PV,Commercial Non-CHP,4,1.3,1.3,1.3,12,2012,,,,Y,,,,,,1.5,Y,,,,,
58466,SunEnergy1,58799,Pamlico Partners Solar,NC,Beaufort,1,OP,Solar Photovoltaic,PV,IPP Non-CHP,2,5.0,5.0,5.0,12,2013,,N,,Y,,,,,,7,Y,,,,,
58694,"Argand Energy Solutions, LLC",58801,"Arba Solar, LLC",NC,Greene,INV1,OP,Solar Photovoltaic,PV,IPP Non-CHP,2,0.5,0.5,0.5,6,2014,,,,Y,,,,,,0.5,Y,,,,,
58694,"Argand Energy Solutions, LLC",58801,"Arba Solar, LLC",NC,Greene,INV2,OP,Solar Photovoltaic,PV,IPP Non-CHP,2,0.5,0.5,0.5,6,2014,,,,Y,,,,,,0.6,Y,,,,,
58694,"Argand Energy Solutions, LLC",58801,"Arba Solar, LLC",NC,Greene,INV3,OP,Solar Photovoltaic,PV,IPP Non-CHP,2,0.5,0.5,0.5,6,2014,,,,Y,,,,,,0.6,Y,,,,,
58694,"Argand Energy Solutions, LLC",58801,"Arba Solar, LLC",NC,Greene,INV4,OP,Solar Photovoltaic,PV,IPP Non-CHP,2,0.5,0.5,0.5,6,2014,,,,Y,,,,,,0.6,Y,,,,,
58694,"Argand Energy Solutions, LLC",58802,"Franklin Solar, LLC",NC,Franklin,INV1,OP,Solar Photovoltaic,PV,IPP Non-CHP,2,0.5,0.5,0.5,3,2013,,,,Y,,,,,,0.6,Y,,,,,
58694,"Argand Energy Solutions, LLC",58802,"Franklin Solar, LLC",NC,Franklin,INV2,OP,Solar Photovoltaic,PV,IPP Non-CHP,2,0.5,0.5,0.5,3,2013,,,,Y,,,,,,0.6,Y,,,,,
58694,"Argand Energy Solutions, LLC",58802,"Franklin Solar, LLC",NC,Franklin,INV3,OP,Solar Photovoltaic,PV,IPP Non-CHP,2,0.5,0.5,0.5,3,2013,,,,Y,,,,,,0.6,Y,,,,,
58694,"Argand Energy Solutions, LLC",58802,"Franklin Solar, LLC",NC,Franklin,INV4,OP,Solar Photovoltaic,PV,IPP Non-CHP,2,0.5,0.5,0.5,3,2013,,,,Y,,,,,,0.7,Y,,,,,
59462,"Heelstone Energy Holdings, LLC",58805,"Samarcand Solar Farm, LLC",NC,Moore,INV1,OP,Solar Photovoltaic,PV,IPP Non-CHP,2,0.5,0.5,0.5,12,2014,,,,Y,,,,,,0.6,Y,,,,,
59462,"Heelstone Energy Holdings, LLC",58805,"Samarcand Solar Farm, LLC",NC,Moore,INV10,OP,Solar Photovoltaic,PV,IPP Non-CHP,2,0.5,0.5,0.5,12,2014,,,,Y,,,,,,0.6,Y,,,,,
59462,"Heelstone Energy Holdings, LLC",58805,"Samarcand Solar Farm, LLC",NC,Moore,INV2,OP,Solar Photovoltaic,PV,IPP Non-CHP,2,0.5,0.5,0.5,12,2014,,,,Y,,,,,,0.6,Y,,,,,
59462,"Heelstone Energy Holdings, LLC",58805,"Samarcand Solar Farm, LLC",NC,Moore,INV3,OP,Solar Photovoltaic,PV,IPP Non-CHP,2,0.5,0.5,0.5,12,2014,,,,Y,,,,,,0.6,Y,,,,,
59462,"Heelstone Energy Holdings, LLC",58805,"Samarcand Solar Farm, LLC",NC,Moore,INV4,OP,Solar Photovoltaic,PV,IPP Non-CHP,2,0.5,0.5,0.5,12,2014,,,,Y,,,,,,0.6,Y,,,,,
59462,"Heelstone Energy Holdings, LLC",58805,"Samarcand Solar Farm, LLC",NC,Moore,INV5,OP,Solar Photovoltaic,PV,IPP Non-CHP,2,0.5,0.5,0.5,12,2014,,,,Y,,,,,,0.6,Y,,,,,
59462,"Heelstone Energy Holdings, LLC",58805,"Samarcand Solar Farm, LLC",NC,Moore,INV6,OP,Solar Photovoltaic,PV,IPP Non-CHP,2,0.5,0.5,0.5,12,2014,,,,Y,,,,,,0.6,Y,,,,,
59462,"Heelstone Energy Holdings, LLC",58805,"Samarcand Solar Farm, LLC",NC,Moore,INV7,OP,Solar Photovoltaic,PV,IPP Non-CHP,2,0.5,0.5,0.5,12,2014,,,,Y,,,,,,0.6,Y,,,,,
59462,"Heelstone Energy Holdings, LLC",58805,"Samarcand Solar Farm, LLC",NC,Moore,INV8,OP,Solar Photovoltaic,PV,IPP Non-CHP,2,0.5,0.5,0.5,12,2014,,,,Y,,,,,,0.6,Y,,,,,
59462,"Heelstone Energy Holdings, LLC",58805,"Samarcand Solar Farm, LLC",NC,Moore,INV9,OP,Solar Photovoltaic,PV,IPP Non-CHP,2,0.5,0.5,0.5,12,2014,,,,Y,,,,,,0.6,Y,,,,,
59462,"Heelstone Energy Holdings, LLC",58806,Albemarle Solar Center LLC,NC,Lenoir,ASC1,OP,Solar Photovoltaic,PV,IPP Non-CHP,2,5.0,5.0,5.0,12,2014,,,,Y,,,,,,6.6,Y,,,,,
59389,"Boseman Center Solar, LLC",58807,Boseman Solar Center LLC,NC,Nash,BSC1,OP,Solar Photovoltaic,PV,IPP Non-CHP,2,5.0,5.0,5.0,12,2014,,N,,Y,,,,,,6.4,Y,,,,,
59391,"Flemming Solar Center, LLC",58808,Flemming Solar Center LLC,NC,Pitt,FSC1,OP,Solar Photovoltaic,PV,IPP Non-CHP,2,5.0,5.0,5.0,12,2014,,,,Y,,,,,,6.4,Y,,,,,
59462,"Heelstone Energy Holdings, LLC",58809,Littlefield Solar Center LLC,NC,Pitt,LSC1,OP,Solar Photovoltaic,PV,IPP Non-CHP,2,5.0,5.0,5.0,12,2015,,,,Y,,,,,,6.4,Y,,,,,
59390,"Rams Horn Solar Center, LLC",58810,Rams Horn Solar Center LLC,NC,Pitt,RHSC1,OP,Solar Photovoltaic,PV,IPP Non-CHP,2,5.0,5.0,5.0,12,2014,,,,Y,,,,,,6.4,Y,,,,,
59392,"Upchurch Solar Center, LLC",58812,Upchurch Solar Center LLC,NC,Wilson,USC1,OP,Solar Photovoltaic,PV,IPP Non-CHP,2,5.0,5.0,5.0,12,2014,,,,Y,,,,,,6.4,Y,,,,,
58696,Ignite Solar Holdings LLC,58814,Shasta Solar Farm,CA,Shasta,GENA,OP,Solar Photovoltaic,PV,IPP Non-CHP,2,1.5,1.5,1.5,3,2014,,Y,,,,,,,,2.2,Y,,,,,
58696,Ignite Solar Holdings LLC,58814,Shasta Solar Farm,CA,Shasta,GENB,OP,Solar Photovoltaic,PV,IPP Non-CHP,2,1.5,1.5,1.5,3,2014,,Y,,,,,,,,2.2,Y,,,,,
58699,Millville City Sewer Auth WTP,58822,Millville City Sewer Auth WTP,NJ,Cumberland,U1BB,OP,Solar Photovoltaic,PV,Commercial Non-CHP,4,1.0,1.0,1.0,3,2013,,,,Y,,,,,,1,Y,,,,,
58699,Millville City Sewer Auth WTP,58822,Millville City Sewer Auth WTP,NJ,Cumberland,U2DB,OP,Solar Photovoltaic,PV,Commercial Non-CHP,4,0.5,0.5,0.5,3,2013,,,,Y,,,,,,0.5,Y,,,,,
59380,"Enel Green Power NA, Inc.",58824,Sheldon Solar,VT,Franklin,I402,OP,Solar Photovoltaic,PV,IPP Non-CHP,2,2.3,2.3,2.3,9,2013,,,,Y,,,,,,2.5,Y,,,,,
58703,Apple One LLC,58828,Apple One,NC,Catawba,PV1,OP,Solar Photovoltaic,PV,IPP Non-CHP,2,5.0,5.0,5.0,10,2015,,,,Y,,,,,,6.4,Y,,,,,
58661,"Sustainable Power Group, LLC",58831,Redcrest Solar Farm,CA,Kern,PV-1,OP,Solar Photovoltaic,PV,IPP Non-CHP,2,16.6,16.6,16.6,10,2015,,Y,,,,,,,,20.9,,Y,,,,
58705,Washington Gas Energy Systems,58832,Cogenra - TEP,AZ,Pima,CTEP,OP,Solar Photovoltaic,PV,IPP Non-CHP,2,1.0,1.0,0.7,7,2014,N,Y,,,N,,,,,1,Y,,,,,
59146,Red Horse 2,58833,Red Horse 2,AZ,Cochise,RH2S,OP,Solar Photovoltaic,PV,IPP Non-CHP,2,51.0,51.0,51.0,8,2015,,Y,,,,,,,,75.9,Y,,,,,
58721,Solar Sudbury One LF LLC,58839,Sudbury Landfill,MA,Middlesex,INV1,OP,Solar Photovoltaic,PV,IPP Non-CHP,2,0.5,0.5,0.5,12,2013,,,,Y,,,,,,0.6,Y,,,,,
58721,Solar Sudbury One LF LLC,58839,Sudbury Landfill,MA,Middlesex,INV2,OP,Solar Photovoltaic,PV,IPP Non-CHP,2,0.3,0.3,0.3,12,2013,,,,Y,,,,,,0.4,Y,,,,,
58721,Solar Sudbury One LF LLC,58839,Sudbury Landfill,MA,Middlesex,INV3,OP,Solar Photovoltaic,PV,IPP Non-CHP,2,0.5,0.5,0.5,12,2013,,,,Y,,,,,,0.6,Y,,,,,
59462,"Heelstone Energy Holdings, LLC",58840,"Kenansville Solar Farm, LLC",NC,Duplin,INV1,OP,Solar Photovoltaic,PV,IPP Non-CHP,2,0.5,0.5,0.5,12,2014,,,,Y,,,,,,0.6,Y,,,,,
59462,"Heelstone Energy Holdings, LLC",58840,"Kenansville Solar Farm, LLC",NC,Duplin,INV2,OP,Solar Photovoltaic,PV,IPP Non-CHP,2,0.5,0.5,0.5,12,2014,,,,Y,,,,,,0.6,Y,,,,,
59462,"Heelstone Energy Holdings, LLC",58840,"Kenansville Solar Farm, LLC",NC,Duplin,INV3,OP,Solar Photovoltaic,PV,IPP Non-CHP,2,0.5,0.5,0.5,12,2014,,,,Y,,,,,,0.6,Y,,,,,
59462,"Heelstone Energy Holdings, LLC",58840,"Kenansville Solar Farm, LLC",NC,Duplin,INV4,OP,Solar Photovoltaic,PV,IPP Non-CHP,2,0.5,0.5,0.5,12,2014,,,,Y,,,,,,0.6,Y,,,,,
59462,"Heelstone Energy Holdings, LLC",58840,"Kenansville Solar Farm, LLC",NC,Duplin,INV5,OP,Solar Photovoltaic,PV,IPP Non-CHP,2,0.5,0.5,0.5,12,2014,,,,Y,,,,,,0.6,Y,,,,,
59462,"Heelstone Energy Holdings, LLC",58840,"Kenansville Solar Farm, LLC",NC,Duplin,INV6,OP,Solar Photovoltaic,PV,IPP Non-CHP,2,0.5,0.5,0.5,12,2014,,,,Y,,,,,,0.6,Y,,,,,
59462,"Heelstone Energy Holdings, LLC",58840,"Kenansville Solar Farm, LLC",NC,Duplin,INV7,OP,Solar Photovoltaic,PV,IPP Non-CHP,2,0.5,0.5,0.5,12,2014,,,,Y,,,,,,0.6,Y,,,,,
59462,"Heelstone Energy Holdings, LLC",58840,"Kenansville Solar Farm, LLC",NC,Duplin,INV8,OP,Solar Photovoltaic,PV,IPP Non-CHP,2,0.5,0.5,0.5,12,2014,,,,Y,,,,,,0.6,Y,,,,,
59462,"Heelstone Energy Holdings, LLC",58840,"Kenansville Solar Farm, LLC",NC,Duplin,INV9,OP,Solar Photovoltaic,PV,IPP Non-CHP,2,0.5,0.5,0.5,12,2014,,,,Y,,,,,,0.6,Y,,,,,
58711,"Gato Montes Solar, LLC",58842,"Gato Montes Solar, LLC",AZ,Pima,1,OP,Solar Photovoltaic,PV,IPP Non-CHP,2,5.0,5.0,5.0,12,2012,,,,Y,,,,,,6.1,,,,,Y,
58712,"Bethel Price Solar, LLC",58843,"Bethel Price Solar, LLC",NC,Pitt,1,OP,Solar Photovoltaic,PV,IPP Non-CHP,2,5.0,5.0,5.0,12,2014,,Y,,,,,,,,7,Y,,,,,
58713,"Dogwood Solar, LLC",58844,"Dogwood Solar, LLC",NC,Halifax,1,OP,Solar Photovoltaic,PV,IPP Non-CHP,2,20.0,20.0,20.0,11,2014,,Y,,,,,,,,27.8,Y,,,,,
58714,"Washington Airport Solar, LLC",58845,Washington Airport Solar LLC,NC,Beaufort,1,OP,Solar Photovoltaic,PV,IPP Non-CHP,2,5.0,5.0,5.0,2,2014,,,,Y,,,,,,7,Y,,,,,
58715,"Washington Millfield Solar, LLC",58846,"Washington Millfield Solar, LLC",NC,Beaufort,1,OP,Solar Photovoltaic,PV,IPP Non-CHP,2,5.0,5.0,5.0,12,2013,,,,Y,,,,,,7,Y,,,,,
58716,"Windsor Cooper Hill Solar, LLC",58847,"Windsor Cooper HIill Solar, LLC",NC,Bertie,1,OP,Solar Photovoltaic,PV,IPP Non-CHP,2,5.0,5.0,5.0,8,2015,,Y,,,,,,,,7,Y,,,,,
58724,Castalia Solar LLC,58849,Castalia Solar,NC,Nash,1,OP,Solar Photovoltaic,PV,IPP Non-CHP,2,2.0,2.0,2.0,6,2014,,,,Y,,,,,,2.7,Y,,,,,
58726,Oakboro Farm LLC,58851,Oakboro Farm,NC,Scotland,1,OP,Solar Photovoltaic,PV,IPP Non-CHP,2,5.0,5.0,5.0,9,2014,,,,Y,,,,,,6.4,Y,,,,,
58728,McKenzie Farm LLC,58853,McKenzie Farm,NC,Columbus,1,OP,Solar Photovoltaic,PV,IPP Non-CHP,2,5.0,5.0,5.0,12,2013,,,,Y,,,,,,7.1,Y,,,,,
58729,Nash 58 Farm LLC,58854,Nash 58 Farm,NC,Nash,1,OP,Solar Photovoltaic,PV,IPP Non-CHP,2,5.0,5.0,5.0,11,2013,,,,Y,,,,,,6.5,Y,,,,,
58730,Nash 64 Farm LLC,58855,Nash 64 Farm,NC,Nash,1,OP,Solar Photovoltaic,PV,IPP Non-CHP,2,5.0,5.0,5.0,8,2014,,,,Y,,,,,,6.3,Y,,,,,
58732,Pate Farm LLC,58856,Pate Farm,NC,Robeson,1,OP,Solar Photovoltaic,PV,IPP Non-CHP,2,5.0,5.0,5.0,11,2013,,,,Y,,,,,,6.5,Y,,,,,
58740,Erwin Farm LLC,58859,Erwin Farm,NC,Harnett,1,OP,Solar Photovoltaic,PV,IPP Non-CHP,2,5.0,5.0,5.0,9,2014,,,,Y,,,,,,5.1,Y,,,,,
58738,Sigmon Catawba Farm LLC,58861,Sigmon Catawba Farm,NC,Catawba,1,OP,Solar Photovoltaic,PV,IPP Non-CHP,2,5.0,5.0,5.0,6,2014,,,,Y,,,,,,6.4,Y,,,,,
58736,Wagstaff Farm LLC,58862,Wagstaff Farm 1,NC,Person,1,OP,Solar Photovoltaic,PV,IPP Non-CHP,2,5.0,5.0,5.0,11,2013,,,,Y,,,,,,6.5,Y,,,,,
58735,Waco Farm LLC,58863,Waco Farm,NC,Cleveland,1,OP,Solar Photovoltaic,PV,IPP Non-CHP,2,5.0,5.0,5.0,11,2013,,,,Y,,,,,,6.5,Y,,,,,
58734,Sunfish Farm LLC,58864,Sunfish Farm,NC,Wake,1,OP,Solar Photovoltaic,PV,IPP Non-CHP,2,5.0,5.0,5.0,12,2015,,,,Y,,,,,,6.4,Y,,,,,
58743,Garrell Solar Farm LLC,58866,Garrell Solar Farm,NC,Columbus,1,OP,Solar Photovoltaic,PV,IPP Non-CHP,2,5.0,5.0,5.0,11,2013,,,,Y,,,,,,5.2,Y,,,,,
58744,Angier Farm LLC,58867,Angier Farm,NC,Harnett,1,OP,Solar Photovoltaic,PV,IPP Non-CHP,2,5.0,5.0,5.0,12,2013,,,,Y,,,,,,5.7,Y,,,,,
58745,Blandenboro Farm LLC,58868,Bladenboro Farm,NC,Bladen,1,OP,Solar Photovoltaic,PV,IPP Non-CHP,2,5.0,5.0,5.0,10,2013,,,,Y,,,,,,5,Y,,,,,
58750,"Berkley East Solar, LLC",58871,Berkley East Solar LLC,MA,Bristol,1,OP,Solar Photovoltaic,PV,IPP Non-CHP,2,3.0,2.9,2.9,7,2013,,,,Y,,,,,,3.8,Y,,,,,
59462,"Heelstone Energy Holdings, LLC",58874,Dement Farm LLC,NC,Vance,DF1,OP,Solar Photovoltaic,PV,IPP Non-CHP,2,5.0,4.9,4.9,8,2013,,,,Y,,,,,,6.5,Y,,,,,
15477,Public Service Elec & Gas Co,58877,Kinsley Landfill Solar,NJ,Gloucester,KINS,OP,Solar Photovoltaic,PV,Electric Utility,1,8.6,8.6,8.6,1,2015,,,,Y,,,,,,11.2,Y,,,,,
59462,"Heelstone Energy Holdings, LLC",58879,Duplin Solar LLC,NC,Duplin,DF,OP,Solar Photovoltaic,PV,IPP Non-CHP,2,5.0,4.9,4.9,12,2013,,,,Y,,,,,,6.5,Y,,,,,
59462,"Heelstone Energy Holdings, LLC",58880,North Carolina Solar III LLC,NC,Scotland,NCIII,OP,Solar Photovoltaic,PV,IPP Non-CHP,2,4.9,4.9,4.9,12,2013,,,,Y,,,,,,6.4,Y,,,,,
58753,Sunlight General Morris Solar LLC,58881,County College of Morris,NJ,Morris,PV01,OP,Solar Photovoltaic,PV,Commercial Non-CHP,4,2.9,2.9,2.9,11,2013,,,,Y,,,,,,3.4,Y,,,,,
58754,Sunlight General Mercer Solar LLC,58882,Mercer County Community College,NJ,Mercer,PV01,OP,Solar Photovoltaic,PV,Commercial Non-CHP,4,7.5,7.5,7.5,9,2013,,,,Y,,,,,,8.3,Y,,,,,
58759,Perpetual Energy Systems,58889,ASTI,CA,Sonoma,ASTI,OP,Solar Photovoltaic,PV,IPP Non-CHP,2,1.0,1.0,1.0,2,2009,,,,Y,,,,,,1.2,Y,,,,,
58759,Perpetual Energy Systems,58890,Beringer,CA,Sonoma,BERI,OP,Solar Photovoltaic,PV,IPP Non-CHP,2,1.2,1.1,0.6,1,2009,,,,Y,,,,,,1.3,Y,,,,,
58764,"Origis Energy USA, Inc",58892,Camilla Solar Plant,GA,Mitchell,CMLA,OP,Solar Photovoltaic,PV,IPP Non-CHP,2,16.0,16.0,17.6,11,2013,,,,Y,,,,,,20.3,Y,,,,,
58764,"Origis Energy USA, Inc",58893,Camp Solar Plant,GA,Meriwether,CAMP,OP,Solar Photovoltaic,PV,IPP Non-CHP,2,2.4,2.4,2.6,12,2013,,,,Y,,,,,,3.2,Y,,,,,
58769,Sunlight General Somerset Solar LLC,58896,Patriots Stadium,NJ,Somerset,PV01,OP,Solar Photovoltaic,PV,Commercial Non-CHP,4,1.0,1.0,1.0,9,2013,,,,Y,,,,,,1,Y,,,,,
15473,Public Service Co of NM,58899,Prosperity Energy Storage Facility,NM,Bernalillo,GEN-1,OP,Solar Photovoltaic,PV,Electric Utility,1,0.5,0.5,0.5,9,2011,,,,Y,,,,,,0.5,Y,,,,,
58775,Sol Orchard San Diego 22 LLC,58906,Valley Center 1,CA,San Diego,VC1,OP,Solar Photovoltaic,PV,IPP Non-CHP,2,2.5,2.5,2.5,12,2013,,Y,,,,,,,,3.4,Y,,,,,
58776,Sol Orchard San Diego 23 LLC,58907,Valley Center 2,CA,San Diego,VC2,OP,Solar Photovoltaic,PV,IPP Non-CHP,2,5.0,5.0,5.0,12,2013,,Y,,,,,,,,6.8,Y,,,,,
58786,Sol Orchard San Diego 20 LLC,58909,Ramona 1,CA,San Diego,RAM1,OP,Solar Photovoltaic,PV,IPP Non-CHP,2,2.0,2.0,2.0,12,2013,,Y,,,,,,,,2.7,Y,,,,,
58787,Sol Orchard San Diego 21 LLC,58911,Ramona 2,CA,San Diego,RAM2,OP,Solar Photovoltaic,PV,IPP Non-CHP,2,5.0,5.0,5.0,12,2013,,Y,,,,,,,,6.6,Y,,,,,
57104,Golden Springs Development Company LLC,58912,Santa Fe Springs Rooftop Solar BLDG M,CA,Los Angeles,1,OP,Solar Photovoltaic,PV,IPP Non-CHP,2,1.8,1.8,1.8,3,2015,,N,,Y,,,,,,2.3,Y,,,,,
57104,Golden Springs Development Company LLC,58913,Santa Fe Springs Rooftop Solar BLDG H,CA,Los Angeles,1,OP,Solar Photovoltaic,PV,IPP Non-CHP,2,1.5,1.5,1.5,3,2015,,Y,,N,,,,,,2,Y,,,,,
58790,"Copper Mountain Solar 3, LLC",58915,Copper Mountain Solar 3,NV,Clark,1,OP,Solar Photovoltaic,PV,IPP Non-CHP,2,26.0,26.0,26.0,5,2014,,,,Y,,,,,,31.3,Y,,,,,
58790,"Copper Mountain Solar 3, LLC",58915,Copper Mountain Solar 3,NV,Clark,10,OP,Solar Photovoltaic,PV,IPP Non-CHP,2,21.0,21.0,21.0,1,2015,,,,Y,,,,,,25.7,Y,,,,,
58790,"Copper Mountain Solar 3, LLC",58915,Copper Mountain Solar 3,NV,Clark,2,OP,Solar Photovoltaic,PV,IPP Non-CHP,2,27.0,27.0,27.0,6,2014,,,,Y,,,,,,32.6,Y,,,,,
58790,"Copper Mountain Solar 3, LLC",58915,Copper Mountain Solar 3,NV,Clark,3,OP,Solar Photovoltaic,PV,IPP Non-CHP,2,26.0,26.0,26.0,7,2014,,,,Y,,,,,,31.6,Y,,,,,
58790,"Copper Mountain Solar 3, LLC",58915,Copper Mountain Solar 3,NV,Clark,4,OP,Solar Photovoltaic,PV,IPP Non-CHP,2,28.0,28.0,28.0,8,2014,,,,Y,,,,,,34,Y,,,,,
58790,"Copper Mountain Solar 3, LLC",58915,Copper Mountain Solar 3,NV,Clark,5,OP,Solar Photovoltaic,PV,IPP Non-CHP,2,25.0,25.0,25.0,9,2014,,,,Y,,,,,,30.6,Y,,,,,
58790,"Copper Mountain Solar 3, LLC",58915,Copper Mountain Solar 3,NV,Clark,6,OP,Solar Photovoltaic,PV,IPP Non-CHP,2,26.0,26.0,26.0,10,2014,,,,Y,,,,,,32,Y,,,,,
58790,"Copper Mountain Solar 3, LLC",58915,Copper Mountain Solar 3,NV,Clark,7,OP,Solar Photovoltaic,PV,IPP Non-CHP,2,26.0,26.0,26.0,10,2014,,,,Y,,,,,,32,Y,,,,,
58790,"Copper Mountain Solar 3, LLC",58915,Copper Mountain Solar 3,NV,Clark,8,OP,Solar Photovoltaic,PV,IPP Non-CHP,2,26.0,26.0,26.0,12,2014,,,,Y,,,,,,32,Y,,,,,
58790,"Copper Mountain Solar 3, LLC",58915,Copper Mountain Solar 3,NV,Clark,9,OP,Solar Photovoltaic,PV,IPP Non-CHP,2,24.0,24.0,24.0,1,2015,,,,Y,,,,,,29.4,Y,,,,,
58661,"Sustainable Power Group, LLC",58917,Tioga Solar Morris County 1 LLC,NJ,Morris,MMIR,OP,Solar Photovoltaic,PV,Commercial Non-CHP,4,1.0,1.0,1.0,2,2011,,,,Y,,,,,,1.6,Y,,,,,
58791,Pristine Sun LLC,58918,2081 Terzian Solar Project,CA,Fresno,2081,OP,Solar Photovoltaic,PV,IPP Non-CHP,2,1.2,1.2,1.2,2,2014,,Y,N,,,,,,,1.6,Y,,,,,
58791,Pristine Sun LLC,58919,2127 Harris Solar Project,CA,Butte,2127,OP,Solar Photovoltaic,PV,IPP Non-CHP,2,1.3,1.3,1.3,4,2014,,Y,,,,,,,,1.4,Y,,,,,
58791,Pristine Sun LLC,58920,2097 Helton Solar Project,CA,Merced,2097,OP,Solar Photovoltaic,PV,IPP Non-CHP,2,1.5,1.5,1.5,4,2014,,Y,,,,,,,,2,Y,,,,,
58801,"Integrys MA Solar, LLC",58934,"Integrys MA Solar, LLC - Ashburnham Site",MA,Worcester,ASH-R,OP,Solar Photovoltaic,PV,IPP Non-CHP,2,2.6,2.6,2.6,12,2013,,,,Y,,,,,,3.7,Y,,,,,
58801,"Integrys MA Solar, LLC",58934,"Integrys MA Solar, LLC - Ashburnham Site",MA,Worcester,ASH10,OP,Solar Photovoltaic,PV,IPP Non-CHP,2,0.3,0.3,0.3,12,2013,,,,Y,,,,,,0.3,Y,,,,,
58800,Cross Pollination Inc,58935,Open View Solar Farm,VT,Addison,PV,OP,Solar Photovoltaic,PV,IPP Non-CHP,2,2.0,1.9,1.9,9,2013,,,,Y,,,,,,2.5,Y,,,,,
58802,"Walpole Solar 2, LLC",58936,Walpole Solar 2,MA,Norfolk,WLPL1,OP,Solar Photovoltaic,PV,IPP Non-CHP,2,2.4,2.4,2.4,4,2014,,,,Y,,,,,,2.9,Y,,,,,
58803,"Gardner Solar 1, LLC",58937,Gardner Solar 1,MA,Worcester,GRDN1,OP,Solar Photovoltaic,PV,IPP Non-CHP,2,2.0,2.0,2.0,5,2014,,,,Y,,,,,,2.5,Y,,,,,
58808,Rockville Solar I LLC,58942,Rockville Solar I LLC,IN,Marion,RVSI,OP,Solar Photovoltaic,PV,IPP Non-CHP,2,2.8,2.8,2.8,4,2014,,,,Y,,,,,,3.1,Y,,,,,
59369,"HXOap Solar One, LLC",58943,Halifax,NC,Halifax,1,OP,Solar Photovoltaic,PV,IPP Non-CHP,2,20.0,20.0,20.0,12,2014,,,,Y,,,,,,29,Y,,,,,
58812,GLT Cloverdale Solar LLC,58949,Cloverdale Solar I,CA,Sonoma,TBD,OP,Solar Photovoltaic,PV,IPP Non-CHP,2,1.5,1.5,1.5,6,2014,,,,Y,,,,,,1.7,Y,,,,,
58816,Dessie Solar Center LLC,58952,Dessie Solar Center LLC,NC,Columbus,DESS,OP,Solar Photovoltaic,PV,IPP Non-CHP,2,4.8,4.8,4.8,11,2014,,,,Y,,,,,,6.5,Y,,,,,
58817,"Rockville Solar II, LLC",58953,"Rockville Solar II, LLC",IN,Marion,RVSII,OP,Solar Photovoltaic,PV,IPP Non-CHP,2,2.7,2.7,2.7,8,2014,,,,Y,,,,,,3.2,Y,,,,,
57313,SolarCity Corporation,58954,Intel Folsom Phase 2,CA,Sacramento,PV,OP,Solar Photovoltaic,PV,IPP Non-CHP,2,1.0,1.0,1.0,10,2012,,Y,,,,,,,,1.2,Y,,,,,
58818,BearPond Solar Center LLC,58955,BearPond Solar Center LLC,NC,Vance,BEAR,OP,Solar Photovoltaic,PV,IPP Non-CHP,2,4.8,4.8,4.8,12,2014,,,,Y,,,,,,6.5,Y,,,,,
58820,Shankle Solar Center LLC,58956,Shankle Solar Center LLC,NC,Hoke,SHAN,OP,Solar Photovoltaic,PV,IPP Non-CHP,2,4.8,4.8,4.8,1,2015,,,,Y,,,,,,6.6,Y,,,,,
58819,Graham Solar Center LLC,58957,Graham Solar Center LLC,NC,Columbus,GRAH,OP,Solar Photovoltaic,PV,IPP Non-CHP,2,4.8,4.8,4.8,12,2014,,N,,Y,,,,,,6.7,Y,,,,,
58822,MC Power Companies Inc,58959,Butler Solar Power Project,MO,Bates,BSF1,OP,Solar Photovoltaic,PV,IPP Non-CHP,2,2.8,2.8,2.8,3,2014,,,,Y,,,,,,3.2,Y,,,,,
57313,SolarCity Corporation,58961,Oregon University System OIT Klamath Fal,OR,Klamath,PV,OP,Solar Photovoltaic,PV,IPP Non-CHP,2,2.0,2.0,2.0,1,2014,,,,Y,,,,,,1.9,Y,,,,,
57313,SolarCity Corporation,58963,Las Virgenes Municipal Water District,CA,Los Angeles,PV,OP,Solar Photovoltaic,PV,IPP Non-CHP,2,1.0,1.0,1.0,2,2014,,,N,Y,,,,,,1.1,Y,,,,,
58825,WE 90 Technology Drive LLC,58964,Technology Drive Solar,VT,Windham,PV1,OP,Solar Photovoltaic,PV,IPP Non-CHP,2,2.0,2.0,2.0,9,2014,,Y,,,,,,,,2.3,Y,,,,,
24211,Tucson Electric Power Co,58972,Fort Huachuca Solar PV Project,AZ,Cochise,FHUAC,OP,Solar Photovoltaic,PV,Electric Utility,1,13.6,13.6,13.6,12,2014,,,,Y,,,,,,17.2,Y,,,,,
56769,Consolidated Edison Development Inc.,58973,White River Solar 2,CA,Tulare,W2CA,OP,Solar Photovoltaic,PV,IPP Non-CHP,2,19.8,19.8,19.8,9,2014,,Y,,,,,,,,26,Y,,,,,
58837,Fairview Farms Solar LLC,58974,Fairview Farms Solar,MA,Franklin,PV1,OP,Solar Photovoltaic,PV,IPP Non-CHP,2,2.0,0.8,1.3,6,2014,,,,Y,,,,,,2.3,Y,,,,,
58468,Dominion Renewable Energy,58983,RE Camelot LLC,CA,Kern,1,OP,Solar Photovoltaic,PV,IPP Non-CHP,2,45.0,45.0,45.0,12,2014,,Y,,,,,,,,59.1,Y,,,,,N
58468,Dominion Renewable Energy,58984,"RE Adams East, LLC",CA,Fresno,1,OP,Solar Photovoltaic,PV,IPP Non-CHP,2,19.0,19.0,19.0,12,2014,,Y,,,,,,,,24.9,,Y,,,,
58468,Dominion Renewable Energy,58985,"RE Kansas Solar, LLC",CA,Kings,1,OP,Solar Photovoltaic,PV,IPP Non-CHP,2,20.0,20.0,20.0,12,2014,,Y,,,,,,,,27,,Y,,,,
58468,Dominion Renewable Energy,58986,"RE Old River One, LLC",CA,Kern,1,OP,Solar Photovoltaic,PV,IPP Non-CHP,2,20.0,20.0,20.0,12,2014,,Y,,,,,,,,26.8,,Y,,,,
58468,Dominion Renewable Energy,58990,"RE Columbia Two, LLC",CA,Kern,1,OP,Solar Photovoltaic,PV,IPP Non-CHP,2,15.0,15.0,15.0,12,2014,,Y,,,,,,,,19.4,Y,,,,,N
58468,Dominion Renewable Energy,58991,"RE Kent South, LLC",CA,Kings,1,OP,Solar Photovoltaic,PV,IPP Non-CHP,2,20.0,20.0,20.0,12,2014,,Y,,,,,,,,26.3,,Y,,,,
15477,Public Service Elec & Gas Co,59001,Parkland Landfill Solar,NJ,Burlington,PARK,OP,Solar Photovoltaic,PV,Electric Utility,1,7.8,7.8,7.8,1,2015,,,,Y,,,,,,10.1,Y,,,,,
58661,"Sustainable Power Group, LLC",59008,Woodmere Solar Farm,CA,Kern,PV1,OP,Solar Photovoltaic,PV,IPP Non-CHP,2,15.0,15.0,15.0,12,2015,,Y,,,,,,,,18.8,,Y,,,,
58661,"Sustainable Power Group, LLC",59009,Hayworth Solar,CA,kern,PV1,OP,Solar Photovoltaic,PV,IPP Non-CHP,2,27.0,27.0,27.0,12,2015,,Y,,,,,,,,33.3,,Y,,,,
17650,Southern Power Co,59010,Macho Springs,NM,Luna,MSS1,OP,Solar Photovoltaic,PV,IPP Non-CHP,2,52.2,55.0,55.0,5,2014,,,,Y,,,,,,64.6,,Y,,,,
58863,Main Street Power,59013,Scituate PV,MA,Plymouth,SCT,OP,Solar Photovoltaic,PV,IPP Non-CHP,2,2.5,2.5,2.5,10,2013,,,,Y,,,,,,3,Y,,,,,
58863,Main Street Power,59014,Bolton PV,MA,Worcester,BLT,OP,Solar Photovoltaic,PV,IPP Non-CHP,2,4.9,4.9,4.9,12,2013,,,,Y,,,,,,6,Y,,,,,
58863,Main Street Power,59015,Stow PV,MA,Middlesex,STW,OP,Solar Photovoltaic,PV,IPP Non-CHP,2,2.0,2.0,2.0,12,2013,,,,Y,,,,,,2.5,Y,,,,,
58864,Lake County Solar LLC,59018,East Chicago,IN,Lake,1,OP,Solar Photovoltaic,PV,IPP Non-CHP,2,2.0,2.0,2.0,3,2013,,,,Y,,,,,,2.3,Y,,,,,
58864,Lake County Solar LLC,59019,Griffith,IN,Lake,1,OP,Solar Photovoltaic,PV,IPP Non-CHP,2,2.0,2.0,2.0,3,2013,,,,Y,,,,,,2.3,Y,,,,,
803,Arizona Public Service Co,59020,Gila Bend,AZ,Maricopa,PV1,OP,Solar Photovoltaic,PV,Electric Utility,1,32.0,32.0,32.0,10,2014,,Y,,,,,,,,25.5,Y,,,,,
58870,City Council of Baltimore City,59026,Back River Waste Water Treatment,MD,Baltimore City,SOLAR,OP,Solar Photovoltaic,PV,IPP Non-CHP,2,0.8,0.8,0.8,3,2012,,,,Y,,,,,,1,Y,,,,,
58871,Citizens Enterprises Corporation,59028,Agawam Solar,MA,Hampden,0028,OP,Solar Photovoltaic,PV,IPP Non-CHP,2,1.5,1.5,1.5,3,2012,,,,Y,,,,,,1.8,Y,,,,,
58871,Citizens Enterprises Corporation,59029,Rehoboth Solar,MA,Bristol,0040,OP,Solar Photovoltaic,PV,IPP Non-CHP,2,2.0,2.0,2.0,12,2013,,,,Y,,,,,,2.6,Y,,,,,
58871,Citizens Enterprises Corporation,59030,Chicopee Solar,MA,Hampden,0036,OP,Solar Photovoltaic,PV,IPP Non-CHP,2,3.0,3.0,3.0,12,2013,,,,Y,,,,,,3.9,Y,,,,,
58871,Citizens Enterprises Corporation,59031,Route 57 Solar,MA,Hampden,0027,OP,Solar Photovoltaic,PV,IPP Non-CHP,2,1.5,1.5,1.5,3,2013,,,,Y,,,,,,1.8,Y,,,,,
58871,Citizens Enterprises Corporation,59032,EBZ Solar,MA,Middlesex,0031,OP,Solar Photovoltaic,PV,IPP Non-CHP,2,2.5,2.5,2.5,1,2013,,,,Y,,,,,,3,Y,,,,,
58871,Citizens Enterprises Corporation,59033,Whately Solar,MA,Franklin,0024,OP,Solar Photovoltaic,PV,IPP Non-CHP,2,1.5,1.5,1.5,3,2013,,,,Y,,,,,,1.8,Y,,,,,
58661,"Sustainable Power Group, LLC",59038,Battleground,NC,Cleveland,GEN1,OP,Solar Photovoltaic,PV,IPP Non-CHP,2,3.5,3.5,3.5,12,2013,,,,Y,,,,,,4.3,Y,,,,,
58876,Beulaville Solar LLC,59039,Beulaville,NC,Duplin,GEN 1,OP,Solar Photovoltaic,PV,IPP Non-CHP,2,2.0,2.0,2.0,12,2013,,,,Y,,,,,,2.5,Y,,,,,
58661,"Sustainable Power Group, LLC",59042,Ellerbe,NC,Richmond,GEN 1,OP,Solar Photovoltaic,PV,IPP Non-CHP,2,2.0,2.0,2.0,12,2013,,,,Y,,,,,,2.3,Y,,,,,
58682,WR-TGC Solar Generation IV LLC,59043,West Davisville Solar,RI,Washington,PV1,OP,Solar Photovoltaic,PV,IPP Non-CHP,2,2.0,2.0,2.0,12,2013,,,,Y,,,,,,2.4,Y,,,,,
19728,"UNS Electric, Inc",59044,Rio Rico Solar,AZ,Santa Cruz,RRSF,OP,Solar Photovoltaic,PV,Electric Utility,1,6.0,6.0,6.0,3,2014,,,,Y,,,,,,7.2,Y,,,,,
58879,651 Chase Solar NG LLC,59046,651 Chase Solar NG,MA,Worcester,PV1,OP,Solar Photovoltaic,PV,IPP Non-CHP,2,2.5,1.0,1.5,6,2014,,,,Y,,,,,,3.4,Y,,,,,
58883,ERWR Whitcomb Farm Solar LLC,59049,Whitcomb Solar Farm,VT,Chittenden,PS01,OP,Solar Photovoltaic,PV,IPP Non-CHP,2,2.2,2.2,2.2,10,2014,,,,Y,,,,,,3.6,Y,,,,,
58661,"Sustainable Power Group, LLC",59050,Wallace,NC,Lenoir,GEN 1,OP,Solar Photovoltaic,PV,IPP Non-CHP,2,2.0,2.0,2.0,12,2013,,,,Y,,,,,,2.5,Y,,,,,
58661,"Sustainable Power Group, LLC",59051,Kenansville,NC,Duplin,GEN 1,OP,Solar Photovoltaic,PV,IPP Non-CHP,2,2.0,2.0,2.0,12,2013,,,,Y,,,,,,2.6,Y,,,,,
58884,FLS Solar 100 LLC,59052,Fairmont-FLS 100,NC,Robeson,GEN 1,OP,Solar Photovoltaic,PV,IPP Non-CHP,2,4.0,4.0,4.0,12,2013,,,,Y,,,,,,5.1,Y,,,,,
57130,Janssen Pharmaceutical Co,59055,Rariton OMP,NJ,Somerset,PV1,OP,Solar Photovoltaic,PV,IPP Non-CHP,2,2.4,2.4,2.1,4,2012,,,,Y,N,,,,,2.4,Y,,,,,
57130,Janssen Pharmaceutical Co,59057,Skillman,NJ,Somerset,GEN 1,OP,Solar Photovoltaic,PV,IPP Non-CHP,2,2.7,2.7,2.5,3,2011,,,,Y,N,,,,,2.7,Y,,,,,
57130,Janssen Pharmaceutical Co,59058,Vacaville,CA,Solano,GEN 1,OP,Solar Photovoltaic,PV,IPP Non-CHP,2,1.0,1.0,1.0,9,2007,,,,Y,,,,,,1,Y,,,,,
57130,Janssen Pharmaceutical Co,59059,Raritan ITS,NJ,Somerset,GEN 1,OP,Solar Photovoltaic,PV,IPP Non-CHP,2,2.0,2.0,2.0,8,2010,,,,Y,N,,,,,2,Y,,,,,
58888,City of Pittsfield,59060,Waste Water Treatment Plant,MA,Berkshire,WWPV,OP,Solar Photovoltaic,PV,IPP Non-CHP,2,1.5,0.3,0.2,1,2012,,,,Y,,,,,,1.6,Y,,,,,
58894,CF CVEC Owner One LLC,59075,Brewster Landfill,MA,Barnstable,BRE1,OP,Solar Photovoltaic,PV,IPP Non-CHP,2,1.0,1.0,1.0,9,2014,,,,Y,,,,,,1.2,Y,,,,,
58894,CF CVEC Owner One LLC,59077,Chatham Landfill,MA,Barnstable,CHA,OP,Solar Photovoltaic,PV,IPP Non-CHP,2,1.5,1.5,1.5,9,2014,,,,Y,,,,,,1.8,Y,,,,,
58894,CF CVEC Owner One LLC,59078,Harwich Landfill,MA,Barnstable,HAR1,OP,Solar Photovoltaic,PV,IPP Non-CHP,2,4.0,4.0,4.0,8,2014,,,,Y,,,,,,4.5,Y,,,,,
58894,CF CVEC Owner One LLC,59079,Katama Farm,MA,Dukes,KAT1,OP,Solar Photovoltaic,PV,IPP Non-CHP,2,1.0,1.0,1.0,6,2014,,,,Y,,,,,,1.3,Y,,,,,
58894,CF CVEC Owner One LLC,59080,Nunnepog,MA,Dukes,NUN1,OP,Solar Photovoltaic,PV,IPP Non-CHP,2,1.0,1.0,1.0,6,2014,,,,Y,,,,,,1.4,Y,,,,,
58894,CF CVEC Owner One LLC,59081,Barnstable Landfill,MA,Barnstable,HAR1,OP,Solar Photovoltaic,PV,IPP Non-CHP,2,4.0,4.0,4.0,9,2014,,,,Y,,,,,,4.5,Y,,,,,
58894,CF CVEC Owner One LLC,59082,Dennis Landfill,MA,Barnstable,DEN1,OP,Solar Photovoltaic,PV,IPP Non-CHP,2,5.0,5.0,5.0,9,2014,,,,Y,,,,,,5.9,Y,,,,,
57170,"EDF Renewable Asset Holdings, Inc.",59085,Lepomis PV Energy LLC,MA,Plymouth,INV-1,OP,Solar Photovoltaic,PV,IPP Non-CHP,2,4.5,4.5,4.5,6,2014,,,,Y,,,,,,6,Y,,,,,
58468,Dominion Renewable Energy,59086,Goose Lake Solar,CA,Kern,GEN1,OP,Solar Photovoltaic,PV,IPP Non-CHP,2,12.0,12.0,12.0,5,2015,,Y,,,,,,,,17,,Y,,,,
58468,Dominion Renewable Energy,59087,City of Corcoran Solar,CA,Kings,GEN 1,OP,Solar Photovoltaic,PV,IPP Non-CHP,2,11.0,11.0,11.0,5,2015,,Y,,,,,,,,15,,Y,,,,
58902,Rockland Solar,59090,Rockland Solar,MA,Plymouth,GEN1,OP,Solar Photovoltaic,PV,IPP Non-CHP,2,2.5,2.5,2.5,12,2013,,,,Y,,,,,,2.5,Y,,,,,
57313,SolarCity Corporation,59094,Division 1,CA,Los Angeles,GEN 1,OP,Solar Photovoltaic,PV,IPP Non-CHP,2,1.5,1.5,1.5,6,2014,,,,Y,,,,,,1.7,Y,,,,,
57313,SolarCity Corporation,59095,Division 2,CA,Los Angeles,GEN 1,OP,Solar Photovoltaic,PV,IPP Non-CHP,2,1.0,1.0,1.0,6,2014,,,,Y,,,,,,1.1,Y,,,,,
57313,SolarCity Corporation,59096,Division 3,CA,Los Angeles,GEN1,OP,Solar Photovoltaic,PV,IPP Non-CHP,2,1.0,1.0,1.0,6,2014,,,,Y,,,,,,1.1,Y,,,,,
58928,Berry Plastics Solar,59097,Berry Plastics Solar,NJ,Warren,PV1,OP,Solar Photovoltaic,PV,IPP Non-CHP,2,10.1,10.1,10.0,12,2013,,,,Y,,,,,,13.1,Y,,,,,
57313,SolarCity Corporation,59098,Kettering Solar 1,CA,Los Angeles,PV1,OP,Solar Photovoltaic,PV,IPP Non-CHP,2,1.0,1.0,1.0,6,2014,,,,Y,,,,,,1.1,Y,,,,,
57313,SolarCity Corporation,59099,Kettering Solar 2,CA,Los Angeles,PV1,OP,Solar Photovoltaic,PV,IPP Non-CHP,2,1.0,1.0,1.0,6,2014,,,,Y,,,,,,1.1,Y,,,,,
58906,Chauncey Farm,59100,Chauncey Farm LLC,NC,Columbus,1,OP,Solar Photovoltaic,PV,IPP Non-CHP,2,4.9,4.9,4.9,6,2014,,,,Y,,,,,,6.4,Y,,,,,
58908,Dragstrip Farm LLC,59102,Dragstrip Farm,NC,Burke,1,OP,Solar Photovoltaic,PV,IPP Non-CHP,2,5.0,5.0,5.0,10,2014,,,,Y,,,,,,6.1,,Y,,,,
58911,Market Farm LLC,59105,Market Farm,NC,Rockingham,1,OP,Solar Photovoltaic,PV,IPP Non-CHP,2,4.9,4.9,4.9,10,2014,,,,Y,,,,,,6,Y,,,,,
58927,Snow Hill Solar 2 LLC,59106,Snow Hill Solar 2 LLC,NC,Greene,1,OP,Solar Photovoltaic,PV,IPP Non-CHP,2,2.0,2.0,2.0,5,2014,,,,Y,,,,,,2.7,Y,,,,,
58912,Mount Olive Farm LLC,59107,Mount Olive Farm,NC,Wayne,1,OP,Solar Photovoltaic,PV,IPP Non-CHP,2,5.0,5.0,5.0,12,2014,,,,Y,,,,,,5,,Y,,,,
58915,Spicewood Solar Farm LLC,59109,Spicewood Solar Farm LLC,NC,Moore,1,OP,Solar Photovoltaic,PV,IPP Non-CHP,2,5.0,5.0,5.0,7,2014,,,,Y,,,,,,6,Y,,,,,
58916,Springfield Solar 1 LLC,59110,Springfield Solar 1 LLC,MO,Greene,1,OP,Solar Photovoltaic,PV,IPP Non-CHP,2,4.9,4.9,4.9,6,2014,,,,Y,,,,,,6.5,Y,,,,,
58917,West Salisbury Farm LLC,59111,West Salisbury Farm LLC,NC,Rowan,1,OP,Solar Photovoltaic,PV,IPP Non-CHP,2,5.0,5.0,5.0,9,2015,,,,Y,,,,,,5,,Y,,,,
58919,Yanceyville Farm 2 LLC,59113,Yanceyville Farm 2 LLC,NC,Caswell,1,OP,Solar Photovoltaic,PV,IPP Non-CHP,2,5.0,5.0,5.0,4,2015,,,,Y,,,,,,6,Y,,,,,
58920,Redmon Solar Farm LLC,59114,Redmon Solar Farm LLC,NC,Rowan,1,OP,Solar Photovoltaic,PV,IPP Non-CHP,2,2.0,2.0,2.0,3,2015,,,,Y,,,,,,2,Y,,,,,
58926,Anderson Farm LLC,59115,Anderson Farm LLC,NC,Sampson,1,OP,Solar Photovoltaic,PV,IPP Non-CHP,2,1.9,1.9,1.9,10,2014,,,,Y,,,,,,2.8,,Y,,,,
3046,Duke Energy Progress - (NC),59117,DD Fayetteville Solar NC LLC,NC,Bladen,PV1,OP,Solar Photovoltaic,PV,Electric Utility,1,23.1,23.1,23.1,11,2015,,,,Y,,,,,,23.1,Y,,,,,
58661,"Sustainable Power Group, LLC",59119,Warsaw I,NC,Duplin,PV1,OP,Solar Photovoltaic,PV,IPP Non-CHP,2,2.0,2.0,2.0,12,2013,,,,Y,,,,,,2.6,Y,,,,,
58661,"Sustainable Power Group, LLC",59120,Warsaw II,NC,Duplin,PV1,OP,Solar Photovoltaic,PV,IPP Non-CHP,2,2.0,2.0,2.0,12,2013,,,,Y,,,,,,2.6,Y,,,,,
59622,"Ahana Renewables, LLC",59121,Acushnet-Braley Road 1,MA,Bristol,57449,OP,Solar Photovoltaic,PV,IPP Non-CHP,2,1.9,1.9,1.9,1,2013,,Y,,,,,,,,2,Y,,,,,
58944,"Enerparc CA 1, LLC",59122,Enerparc CA1 LLC,CA,San Benito,ECA11,OP,Solar Photovoltaic,PV,IPP Non-CHP,2,1.5,1.5,1.5,6,2014,,,,Y,,,,,,2.2,Y,,,,,
58925,Moncure Farm LLC,59123,Moncure Farm LLC,NC,Chatham,1,OP,Solar Photovoltaic,PV,IPP Non-CHP,2,5.0,5.0,5.0,4,2014,,,,Y,,,,,,4.5,Y,,,,,
58924,Martin Creek Farm LLC,59124,Martin Creek Farm LLC,NC,Vance,1,OP,Solar Photovoltaic,PV,IPP Non-CHP,2,3.0,3.0,3.0,3,2014,,,Y,,,,,,,3.9,Y,,,,,
58923,Kinston Solar LLC,59125,Kinston,NC,Lenoir,1,OP,Solar Photovoltaic,PV,IPP Non-CHP,2,2.0,2.0,2.0,4,2014,,,,Y,,,,,,2.7,Y,,,,,
58922,Daniel Farm LLC,59126,Daniel Farm LLC,NC,Davie,1,OP,Solar Photovoltaic,PV,IPP Non-CHP,2,5.0,5.0,5.0,3,2014,,,,Y,,,,,,6,Y,,,,,
58921,Bailey Farm LLC,59127,Bailey Farm LLC,NC,Nash,1,OP,Solar Photovoltaic,PV,IPP Non-CHP,2,5.0,5.0,5.0,11,2013,,,,Y,,,,,,6.5,Y,,,,,
59622,"Ahana Renewables, LLC",59128,Acushnet- High Hill,MA,Bristol,57449,OP,Solar Photovoltaic,PV,IPP Non-CHP,2,3.2,3.2,3.2,3,2013,,,,Y,,,,,,3.2,Y,,,,,
59622,"Ahana Renewables, LLC",59129,CSD 2- Freedom High,CA,Contra Costa,57449,OP,Solar Photovoltaic,PV,IPP Non-CHP,2,1.1,1.1,1.1,8,2013,,,,Y,,,,,,1.1,Y,,,,,
59622,"Ahana Renewables, LLC",59130,CSD 2 - Heritage High,CA,Contra Costa,57449,OP,Solar Photovoltaic,PV,IPP Non-CHP,2,1.3,1.3,1.3,9,2013,,,,Y,,,,,,1.4,Y,,,,,
59622,"Ahana Renewables, LLC",59131,Dartmouth Landfill,MA,Bristol,57449,OP,Solar Photovoltaic,PV,IPP Non-CHP,2,1.3,1.3,1.3,2,2013,,,,Y,,,,,,1.3,Y,,,,,
59622,"Ahana Renewables, LLC",59132,EAFB - North Base,CA,Kern,57449,OP,Solar Photovoltaic,PV,IPP Non-CHP,2,1.1,1.1,1.1,2,2012,,Y,,N,,,,,,1.1,Y,,,,,
59622,"Ahana Renewables, LLC",59133,EAFB - South Base,CA,Kern,57449,OP,Solar Photovoltaic,PV,IPP Non-CHP,2,1.1,1.1,1.1,2,2012,,Y,,,,,,,,1.1,Y,,,,,
59622,"Ahana Renewables, LLC",59134,Easton Landfill,MA,Bristol,57449,OP,Solar Photovoltaic,PV,IPP Non-CHP,2,1.9,1.9,1.9,10,2013,,,,Y,,,,,,1.9,Y,,,,,
59622,"Ahana Renewables, LLC",59135,Ludlow Landfill,MA,Hampden,57449,OP,Solar Photovoltaic,PV,IPP Non-CHP,2,2.6,2.6,2.6,8,2013,,,,Y,,,,,,2.6,Y,,,,,
59622,"Ahana Renewables, LLC",59136,Methuen Landfill,MA,Essex,57449,OP,Solar Photovoltaic,PV,IPP Non-CHP,2,1.3,1.3,1.3,7,2013,,,,Y,,,,,,1.3,Y,,,,,
59622,"Ahana Renewables, LLC",59137,Plymouth Site 1,MA,Plymouth,57449,OP,Solar Photovoltaic,PV,IPP Non-CHP,2,5.6,5.6,5.6,10,2013,,,,Y,,,,,,5.6,Y,,,,,
59622,"Ahana Renewables, LLC",59138,SDCCD - Miramar,CA,San Diego,57449,OP,Solar Photovoltaic,PV,IPP Non-CHP,2,1.1,1.1,1.1,2,2011,,,,Y,,,,,,1.1,Y,,,,,
59622,"Ahana Renewables, LLC",59139,SDCWA - Twin Oaks,CA,San Diego,57449,OP,Solar Photovoltaic,PV,IPP Non-CHP,2,1.1,1.1,1.1,5,2011,,,,Y,,,,,,1.1,Y,,,,,
57170,"EDF Renewable Asset Holdings, Inc.",59140,EDF Lancaster,MA,Worcester,INV-1,OP,Solar Photovoltaic,PV,IPP Non-CHP,2,4.5,4.5,4.5,7,2014,,,,Y,,,,,,5.9,Y,,,,,
58949,Hangar 160 LLC,59144,Brighton PV Solar Plant,CO,Adams,15755,OP,Solar Photovoltaic,PV,IPP Non-CHP,2,1.8,1.8,1.8,12,2012,,,,Y,,,,,,2.3,Y,,,,,
58961,United Therapeutics Corporation,59146,XPF Solar Field,NC,Durham,PV1,OP,Solar Photovoltaic,PV,IPP Non-CHP,2,3.9,3.0,0.9,12,2014,,,,N,,,,,Y,3.9,Y,,,,,Y
58970,"Ecoplexus, Inc",59152,Thornton PV1,NC,Greene,THOR1,OP,Solar Photovoltaic,PV,IPP Non-CHP,2,5.0,5.0,5.0,12,2015,,,,Y,,,,,,6.5,Y,,,,,
58970,"Ecoplexus, Inc",59153,Watson Seed Farm PV1,NC,Nash,WAT1,OP,Solar Photovoltaic,PV,IPP Non-CHP,2,20.0,20.0,20.0,12,2015,,,,Y,,,,,,20,Y,,,Y,,
58970,"Ecoplexus, Inc",59154,Bradley PV1,NC,Hertford,BRAD1,OP,Solar Photovoltaic,PV,IPP Non-CHP,2,5.0,5.0,5.0,12,2015,,,,Y,,,,,,6.5,,,,Y,,
59819,"Fresh Air Energy X, LLC",59155,Shawboro PV1,NC,Currituck,SHAW1,OP,Solar Photovoltaic,PV,IPP Non-CHP,2,20.0,20.0,20.0,10,2015,,,,Y,,,,,,29.5,Y,,,,,
58970,"Ecoplexus, Inc",59156,Carter PV1,NC,Cumberland,CTR1,OP,Solar Photovoltaic,PV,IPP Non-CHP,2,5.0,5.0,5.0,12,2014,,,,Y,,,,,,7,,Y,,,,
58970,"Ecoplexus, Inc",59157,Pecan PV1,NC,Richmond,PEC1,OP,Solar Photovoltaic,PV,IPP Non-CHP,2,5.0,5.0,5.0,12,2014,,,,Y,,,,,,7,,Y,,,,
58970,"Ecoplexus, Inc",59158,Langley PV1,NC,Wilson,LNG1,OP,Solar Photovoltaic,PV,IPP Non-CHP,2,5.0,5.0,5.0,12,2014,,,,Y,,,,,,7,,Y,,,,
59462,"Heelstone Energy Holdings, LLC",59163,Highland Solar Center LLC,NC,Lenoir,HSC 1,OP,Solar Photovoltaic,PV,IPP Non-CHP,2,5.0,5.0,5.0,12,2015,,,,Y,,,,,,6.4,Y,,,,,
58977,Bridgeport Disposal LLC,59166,Bridgeport Disposal Solar Farm,NJ,Gloucester,BRIDG,OP,Solar Photovoltaic,PV,Commercial Non-CHP,4,1.2,1.2,1.2,4,2011,,,,Y,,,,,,1.5,Y,,,,,
58976,"PsomasFMG Lancaster Solar Crest, LLC",59167,Lancaster Solar 1,CA,Los Angeles,LS1,OP,Solar Photovoltaic,PV,IPP Non-CHP,2,1.5,1.5,1.5,11,2014,,,,Y,,,,,,1.8,Y,,,,,
59384,Avalon Solar,59168,Avalon Solar,AZ,Pima,AS,OP,Solar Photovoltaic,PV,IPP Non-CHP,2,29.0,29.0,29.0,12,2014,,Y,,,,,,,,35,Y,,,,,
58976,"PsomasFMG Lancaster Solar Crest, LLC",59169,Lancaster Solar 2,CA,Los Angeles,LS2,OP,Solar Photovoltaic,PV,IPP Non-CHP,2,1.5,1.5,1.5,11,2014,,Y,,,,,,,,1.8,Y,,,,,
58975,Jakana Solar,59170,Jakana Solar,NC,Martin,5MWPV,OP,Solar Photovoltaic,PV,IPP Non-CHP,2,5.0,5.0,5.0,11,2014,,,,Y,,,,,,6.7,,Y,,,,
58979,Windsor Solar LLC,59171,Windsor Solar,NC,Bertie,5MWPV,OP,Solar Photovoltaic,PV,IPP Non-CHP,2,5.0,5.0,5.0,12,2014,,,,Y,,,,,,6.7,,Y,,,,
58985,Marion Solar LLC,59172,Belmont,IN,Marion,PV1,OP,Solar Photovoltaic,PV,IPP Non-CHP,2,3.8,3.8,3.8,11,2015,,,,Y,,,,,,5.2,Y,,,,,
58981,Bethel Solar LLC,59173,Bethel Solar,NC,Pitt,5MWPV,OP,Solar Photovoltaic,PV,IPP Non-CHP,2,5.0,5.0,5.0,12,2015,,,,Y,,,,,,5,Y,,,,,
58980,Lewiston Solar LLC,59174,Lewiston Solar,NC,Bertie,5MWPV,OP,Solar Photovoltaic,PV,IPP Non-CHP,2,5.0,5.0,5.0,12,2014,,,,Y,,,,,,6.7,,Y,,,,
58983,Williamston Solar LLC,59176,Williamston Solar,NC,Martin,5MWPV,OP,Solar Photovoltaic,PV,IPP Non-CHP,2,5.0,5.0,5.0,12,2014,,,,Y,,,,,,6.7,,Y,,,,
58440,CD US Solar MT 2 LLC,59178,Franklin 1,MA,Norfolk,KRS04,OP,Solar Photovoltaic,PV,IPP Non-CHP,2,3.0,3.0,3.0,11,2013,,,,Y,,,,,,3.6,Y,,,,,
58440,CD US Solar MT 2 LLC,59179,Franklin 2,MA,Norfolk,KRS05,OP,Solar Photovoltaic,PV,IPP Non-CHP,2,4.0,4.0,4.0,12,2013,,,,Y,,,,,,4.8,Y,,,,,
58985,Marion Solar LLC,59180,Marion Solar LNG,IN,Marion,PV1,OP,Solar Photovoltaic,PV,IPP Non-CHP,2,1.5,1.5,1.5,10,2015,,,,Y,,,,,,1.9,Y,,,,,
59139,SunEdison LLC,59182,Hesperia,CA,San Bernardino,10-94,OP,Solar Photovoltaic,PV,IPP Non-CHP,2,1.5,1.5,1.5,8,2014,,,,Y,,,,,,1.7,Y,,,,,
58468,Dominion Renewable Energy,59183,"CID Solar, LLC",CA,Kings,PV1,OP,Solar Photovoltaic,PV,IPP Non-CHP,2,19.8,19.8,19.8,12,2014,,Y,,,,,,,,27.2,,,,,Y,
58468,Dominion Renewable Energy,59184,Mulberry Farm LLC,TN,McNairy,PV1,OP,Solar Photovoltaic,PV,IPP Non-CHP,2,15.8,15.8,15.8,12,2014,,,,Y,,,,,,20,,Y,,,,N
56990,NJR Clean Energy Ventures Corporation,59185,Jacobstown,NJ,Burlington,PV1,OP,Solar Photovoltaic,PV,IPP Non-CHP,2,5.0,5.0,5.0,9,2014,,,,Y,,,,,,6.1,Y,,,,,
56990,NJR Clean Energy Ventures Corporation,59186,West Pemberton,NJ,Burlington,PV1,OP,Solar Photovoltaic,PV,IPP Non-CHP,2,7.0,7.0,7.0,7,2014,,,,Y,,,,,,9.2,Y,,,,,
58468,Dominion Renewable Energy,59188,Selmer Farm LLC,TN,McNairy,PV1,OP,Solar Photovoltaic,PV,IPP Non-CHP,2,15.8,15.8,15.8,10,2014,,,,Y,,,,,,20,,Y,,,,N
58993,East Wayne Solar LLC,59189,East Wayne Solar LLC,NC,Wayne,1,OP,Solar Photovoltaic,PV,IPP Non-CHP,2,2.0,2.0,2.0,3,2014,,,,Y,,,,,,2.7,Y,,,,,
58995,Vickers Farm LLC,59190,Vickers,NC,Chatham,1,OP,Solar Photovoltaic,PV,IPP Non-CHP,2,2.0,2.0,2.0,8,2014,,,,Y,,,,,,2.7,Y,,,,,
58996,Soluga Farms 1 LLC,59191,Soluga Farms 1,NC,Sampson,1,OP,Solar Photovoltaic,PV,IPP Non-CHP,2,5.0,5.0,5.0,6,2014,,,,Y,,,,,,6.4,Y,,,,,
58997,Soluga Farms 2 LLC,59192,Soluga Farms 2 LLC,NC,Bladen,1,OP,Solar Photovoltaic,PV,IPP Non-CHP,2,5.0,5.0,5.0,9,2014,,,,Y,,,,,,6.4,Y,,,,,
59076,Fresh Air Energy VII LLC,59198,Sterling PV 3,CO,Logan,STER3,OP,Solar Photovoltaic,PV,IPP Non-CHP,2,1.6,1.6,1.6,12,2014,,Y,,,,,,,,2,Y,,,,,
59078,Fresh Air Energy VIII LLC,59199,Mesa PV1,CO,Mesa,MESA1,OP,Solar Photovoltaic,PV,IPP Non-CHP,2,1.6,1.6,1.6,12,2014,,,,Y,,,,,,2,Y,,,,,
58593,Sequoia PV 1 LLC,59203,Farmersville,CA,Tulare,PV1,OP,Solar Photovoltaic,PV,IPP Non-CHP,2,1.5,1.5,1.5,7,2014,,,,Y,,,,,,1.8,Y,,,,,
58593,Sequoia PV 1 LLC,59203,Farmersville,CA,Tulare,PV2,OP,Solar Photovoltaic,PV,IPP Non-CHP,2,1.5,1.5,1.5,7,2014,,,,Y,,,,,,1.8,Y,,,,,
58593,Sequoia PV 1 LLC,59203,Farmersville,CA,Tulare,PV3,OP,Solar Photovoltaic,PV,IPP Non-CHP,2,1.5,1.5,1.5,7,2014,,,,Y,,,,,,1.8,Y,,,,,
56769,Consolidated Edison Development Inc.,59204,OCI Alamo 3 LLC,TX,Bexar,OCIA3,OP,Solar Photovoltaic,PV,IPP Non-CHP,2,5.5,5.5,5.5,1,2015,,,Y,,,,,,,6.7,Y,,,,,
56769,Consolidated Edison Development Inc.,59205,OCI Alamo 5 LLC,TX,Uvalde,OCIA5,OP,Solar Photovoltaic,PV,IPP Non-CHP,2,100.0,100.0,100.0,12,2015,,,Y,,,,,,,127.7,Y,,,,,
59004,Sequoia PV 3 LLC,59219,Porterville 6 and 7,CA,Tulare,PV1,OP,Solar Photovoltaic,PV,IPP Non-CHP,2,1.5,1.5,1.5,7,2014,,,,Y,,,,,,1.8,Y,,,,,
59004,Sequoia PV 3 LLC,59219,Porterville 6 and 7,CA,Tulare,PV2,OP,Solar Photovoltaic,PV,IPP Non-CHP,2,1.5,1.5,1.5,7,2014,,,,Y,,,,,,1.8,Y,,,,,
59041,Lone Valley Solar Park II LLC,59237,Lone Valley Solar Park II LLC,CA,San Bernardino,CPII,OP,Solar Photovoltaic,PV,IPP Non-CHP,2,20.0,20.0,20.0,12,2014,,Y,N,,,,,,,20,Y,,,,,
59045,Eagle Springs Solar LLC,59239,Eagle Springs Solar LLC,CO,Garfield,ESS01,OP,Solar Photovoltaic,PV,IPP Non-CHP,2,1.0,1.0,0.8,8,2013,,Y,,Y,,,,,,1.1,Y,,,,,
58801,"Integrys MA Solar, LLC",59241,Brockelman,MA,Worcester,BROCK,OP,Solar Photovoltaic,PV,IPP Non-CHP,2,3.0,3.0,3.0,11,2013,,,,Y,,,,,,4,Y,,,,,
58801,"Integrys MA Solar, LLC",59242,Beverly,MA,Essex,BVRLY,OP,Solar Photovoltaic,PV,IPP Non-CHP,2,2.0,2.0,2.0,5,2014,,,,Y,,,,,,2.7,Y,,,,,
59063,"Camden Solar Center, LLC",59248,CCMUA,NJ,Camden,CCMUA,OP,Solar Photovoltaic,PV,IPP Non-CHP,2,1.5,1.5,1.5,6,2012,,,,Y,,,,,,1.8,Y,,,,,
58661,"Sustainable Power Group, LLC",59262,Lancaster Little Rock,CA,Los Angeles,LLRC,OP,Solar Photovoltaic,PV,IPP Non-CHP,2,5.0,5.0,5.0,12,2014,,,,Y,,,,,,7,,Y,,,,
59089,Merced Solar LLC,59265,Merced Solar LLC,CA,Merced,PV8,OP,Solar Photovoltaic,PV,IPP Non-CHP,2,1.5,1.5,1.5,12,2014,,Y,,N,,,,,,1.9,Y,,,,,
59090,Mission Solar LLC,59267,Mission Solar LLC,CA,Merced,PV9,OP,Solar Photovoltaic,PV,IPP Non-CHP,2,1.5,1.5,1.5,12,2014,,Y,,N,,,,,,1.9,Y,,,,,
59091,Hollister Solar LLC,59268,Hollister Solar LLC,CA,San Benito,PV10,OA,Solar Photovoltaic,PV,IPP Non-CHP,2,1.5,1.5,1.5,12,2014,,Y,,,,,,,,1.9,Y,,,,,
58661,"Sustainable Power Group, LLC",59269,Victor Mesa Linda B2,CA,San Bernardino,VMLB2,OP,Solar Photovoltaic,PV,IPP Non-CHP,2,1.5,1.5,1.5,11,2014,,,,Y,,,,,,2.1,Y,,,,,
58661,"Sustainable Power Group, LLC",59270,Victor Mesa Linda C2,CA,San Bernardino,VMLC2,OP,Solar Photovoltaic,PV,IPP Non-CHP,2,1.5,1.5,1.5,11,2014,,,,Y,,,,,,2.1,Y,,,,,
58661,"Sustainable Power Group, LLC",59271,Victor Mesa Linda D2,CA,San Bernardino,VMLD2,OP,Solar Photovoltaic,PV,IPP Non-CHP,2,1.5,1.5,1.5,11,2014,,,,Y,,,,,,2.1,Y,,,,,
58661,"Sustainable Power Group, LLC",59272,Victor Mesa Linda E2,CA,San Bernardino,VMLE2,OP,Solar Photovoltaic,PV,IPP Non-CHP,2,1.5,1.5,1.5,11,2014,,,,Y,,,,,,2.1,Y,,,,,
58661,"Sustainable Power Group, LLC",59273,SEPV Palmdale East,CA,Los Angeles,PALME,OP,Solar Photovoltaic,PV,IPP Non-CHP,2,10.0,10.0,10.0,8,2015,,,,Y,,,,,,11.5,Y,,,,,
58661,"Sustainable Power Group, LLC",59274,Sutter Greeworks LLC,NY,Suffolk,SUTTG,OP,Solar Photovoltaic,PV,IPP Non-CHP,2,5.0,5.0,5.0,10,2015,,,,Y,,,,,,7.2,Y,,,,,
58661,"Sustainable Power Group, LLC",59275,Sterlington Greenworks LLC,NY,Suffolk,STERG,OP,Solar Photovoltaic,PV,IPP Non-CHP,2,1.3,1.3,1.3,10,2015,,,,Y,,,,,,1.8,Y,,,,,
56990,NJR Clean Energy Ventures Corporation,59277,Medford WWTP,NJ,Burlington,MED1,OP,Solar Photovoltaic,PV,IPP Non-CHP,2,1.3,1.3,1.3,8,2013,,,,Y,,,,,,1.5,Y,,,,,
56990,NJR Clean Energy Ventures Corporation,59278,Reeves South,NJ,Burlington,REEV1,OP,Solar Photovoltaic,PV,IPP Non-CHP,2,1.0,1.0,1.0,12,2013,,,,Y,,,,,,1.4,Y,,,,,
58540,California PV Energy LLC,59283,California PV Energy at ISD WWTP,CA,Contra Costa,W4236,OP,Solar Photovoltaic,PV,IPP Non-CHP,2,1.0,1.0,1.0,8,2014,,,,Y,,,,,,1.2,Y,,,,,
59100,"Sunlight General Solar Fund II, LLC",59297,Carrier Clinic,NJ,Somerset,CARRI,OP,Solar Photovoltaic,PV,IPP Non-CHP,2,1.5,1.5,1.5,10,2009,,,,Y,,,,,,1.8,,Y,,,,
59104,"Sequoia PV 2, LLC",59300,Hanford 1 and 2,CA,Kings,HAN1,OP,Solar Photovoltaic,PV,IPP Non-CHP,2,1.5,1.5,1.5,8,2014,,,,Y,,,,,,1.8,Y,,,,,
59104,"Sequoia PV 2, LLC",59300,Hanford 1 and 2,CA,Kings,HAN2,OP,Solar Photovoltaic,PV,IPP Non-CHP,2,1.5,1.5,1.5,8,2014,,,,Y,,,,,,1.8,Y,,,,,
56990,NJR Clean Energy Ventures Corporation,59318,North Run,NJ,Burlington,NRUN1,OP,Solar Photovoltaic,PV,IPP Non-CHP,2,5.0,5.0,5.0,1,2015,,,,Y,,,,,,5,Y,,,,,
56990,NJR Clean Energy Ventures Corporation,59319,Rock Solid,NJ,Monmouth,ROCK1,OP,Solar Photovoltaic,PV,IPP Non-CHP,2,8.0,8.0,8.0,11,2014,,,,Y,,,,,,8,Y,,,,,
59121,"Pumpjack Solar I, LLC",59322,Pumpjack Solar I,CA,Kern,GEN1,OP,Solar Photovoltaic,PV,IPP Non-CHP,2,20.0,20.0,20.0,1,2015,,Y,,,,,,,,26,Y,,,,,
57081,"WGL Energy Systems, Inc",59323,Sacramento (SMUD),CA,Sacramento,SMUPV,OP,Solar Photovoltaic,PV,IPP Non-CHP,2,1.5,1.5,1.5,8,2014,,N,,Y,,,,,,1.5,Y,,,,,
59122,The Medical Center Company,59324,MCCo Solar Generating Facility,OH,Cuyahoga,MCCO1,OP,Solar Photovoltaic,PV,IPP Non-CHP,2,1.0,0.6,0.9,11,2014,,,,Y,,,,,N,1,,,,,,Y
59125,Marlboro Mushroom,59327,Marlboro Mushrooms Solar Field,PA,Chester,GEN1,OP,Solar Photovoltaic,PV,Industrial Non-CHP,6,1.0,1.0,0.3,11,2011,,Y,,,,,,,,1.7,Y,,,,,
59132,Faison Solar LLC,59333,Faison Solar,NC,Duplin,FAIS1,OP,Solar Photovoltaic,PV,IPP Non-CHP,2,2.0,2.0,2.0,7,2015,,,,Y,,,,,,2.2,Y,,,,,
58468,Dominion Renewable Energy,59334,"Catalina Solar 2, LLC",CA,Kern,INV-1,OP,Solar Photovoltaic,PV,IPP Non-CHP,2,18.0,18.0,18.0,8,2015,,Y,,,,,,,,24.3,Y,,,,,
59462,"Heelstone Energy Holdings, LLC",59337,Harrell's Hill Solar Center LLC,NC,Wayne,HHS1,OP,Solar Photovoltaic,PV,IPP Non-CHP,2,5.0,5.0,5.0,12,2015,,,,Y,,,,,,6.4,Y,,,,,
59138,"SunPower Corporation, Systems",59339,Quinto Solar PV Project,CA,Merced,SSC13,OP,Solar Photovoltaic,PV,IPP Non-CHP,2,108.0,105.1,76.8,11,2015,,Y,,,,,,,,108,Y,,,,,
59141,Devens,59358,Devens,MA,Middlesex,MA2,OP,Solar Photovoltaic,PV,IPP Non-CHP,2,3.0,2.0,1.0,6,2014,,,,Y,,,,,,3.7,Y,,,,,
59139,SunEdison LLC,59359,SCE-Snowline-Duncan Road (North),CA,San Bernardino,10400,OP,Solar Photovoltaic,PV,IPP Non-CHP,2,1.5,1.5,1.5,10,2014,,Y,,,,,,,,1.6,Y,,,,,
59139,SunEdison LLC,59360,SCE-Snowline-Duncan Road (South),CA,San Bernardino,11113,OP,Solar Photovoltaic,PV,IPP Non-CHP,2,1.0,1.0,1.0,10,2014,,Y,,,,,,,,1.1,Y,,,,,
58258,SunRay Power LLC,59361,Browne Solar LLC,MA,Hampden,PV1,OP,Solar Photovoltaic,PV,IPP Non-CHP,2,1.4,1.4,1.4,4,2014,,,,Y,,,,,,1.4,Y,,,,,
58258,SunRay Power LLC,59362,Indian Hill Solar LLC,MA,Hampden,PV1,OP,Solar Photovoltaic,PV,IPP Non-CHP,2,1.4,1.4,1.4,4,2014,,,,Y,,,,,,1.4,Y,,,,,
58258,SunRay Power LLC,59363,State Street Solar LLC,MA,Hampden,PV1,OP,Solar Photovoltaic,PV,IPP Non-CHP,2,1.4,1.4,1.4,4,2014,,,,Y,,,,,,1.4,Y,,,,,
58258,SunRay Power LLC,59364,Plainfield One Solar LLC,NJ,Somerset,PV1,OP,Solar Photovoltaic,PV,IPP Non-CHP,2,1.3,1.3,1.3,12,2011,,,,Y,,,,,,1.3,Y,,,,,
58258,SunRay Power LLC,59365,24 Applegate Solar LLC,NJ,Mercer,PV1,OP,Solar Photovoltaic,PV,IPP Non-CHP,2,4.9,4.9,4.9,6,2014,,,,Y,,,,,,4.9,Y,,,,,
58258,SunRay Power LLC,59366,G&S Wantage Solar LLC,NJ,Sussex,PV1,OP,Solar Photovoltaic,PV,IPP Non-CHP,2,8.5,8.5,8.5,1,2014,,,,Y,,,,,,8.5,Y,,,,,
58258,SunRay Power LLC,59367,Engelhard Solar LLC,NJ,Middlesex,PV1,OP,Solar Photovoltaic,PV,IPP Non-CHP,2,1.1,1.1,1.1,12,2012,,,,Y,,,,,,1.1,Y,,,,,
58258,SunRay Power LLC,59368,Westborough Solar LLC,MA,Worcester,PV1,OP,Solar Photovoltaic,PV,IPP Non-CHP,2,2.2,2.2,2.2,4,2014,,,,Y,,,,,,2.1,Y,,,,,
58258,SunRay Power LLC,59369,Lakewood Seven Solar LLC,NJ,Ocean,PV1,OP,Solar Photovoltaic,PV,IPP Non-CHP,2,1.0,1.0,1.0,3,2012,,,,Y,,,,,,1,Y,,,,,
58258,SunRay Power LLC,59370,4 Applegate Solar LLC,NJ,Mercer,PV1,OP,Solar Photovoltaic,PV,IPP Non-CHP,2,1.8,1.8,1.8,4,2012,,,,Y,,,,,,1.8,Y,,,,,
58258,SunRay Power LLC,59371,12 Applegate Solar LLC,NJ,Mercer,PV1,OP,Solar Photovoltaic,PV,IPP Non-CHP,2,1.9,1.9,1.9,4,2012,,,,Y,,,,,,1.9,Y,,,,,
59143,Old Mill Solar,59374,Old Mill Solar,OR,Klamath,OMSLR,OP,Solar Photovoltaic,PV,IPP Non-CHP,2,5.0,5.0,5.0,12,2015,,Y,,,,,,,,6.8,Y,,,,,
59150,Rose Hill Solar LLC,59375,Rose Hill,NC,Duplin,ROSE1,OP,Solar Photovoltaic,PV,IPP Non-CHP,2,2.0,2.0,2.0,12,2012,,,,Y,,,,,,2.4,Y,,,,,
59149,"Dunn Solar, LLC",59376,Dunn,NC,Harnett,DUNN1,OP,Solar Photovoltaic,PV,IPP Non-CHP,2,2.0,2.0,2.0,12,2012,,,,Y,,,,,,2.4,Y,,,,,
59153,"FLS Solar 80, LLC",59377,Town of Cary,NC,Duplin,CARY1,OP,Solar Photovoltaic,PV,IPP Non-CHP,2,1.5,1.5,1.5,12,2012,,,,Y,,,,,,1.8,Y,,,,,
59158,"Wildwood Solar I, LLC",59380,"Wildwood Solar I, LLC",CA,Kern,WLD1,OP,Solar Photovoltaic,PV,IPP Non-CHP,2,19.5,19.5,19.5,2,2015,,Y,,,,,,,,26,Y,,,,,N
58677,CD US Solar MT1 LLC,59390,True North,MA,Essex,TNE1,OP,Solar Photovoltaic,PV,IPP Non-CHP,2,4.8,4.8,4.8,8,2012,,,,Y,,,,,,5.7,Y,,,,,
59171,"Suncore Photovoltaics, Inc",59393,Eubank Landfill Solar Array,NM,Bernalillo,ESNM1,OP,Solar Photovoltaic,PV,IPP Non-CHP,2,2.0,2.0,2.0,11,2013,Y,Y,Y,,,,,,,2.5,Y,,,,,Y
58440,CD US Solar MT 2 LLC,59394,Grafton Solar,MA,Worcester,KRS03,OP,Solar Photovoltaic,PV,IPP Non-CHP,2,1.5,1.5,1.5,10,2013,,,,Y,,,,,,1.7,Y,,,,,
59173,City of Tulare Water Pollution Control,59395,City of Tulare Water Facility,CA,Tulare,PV302,OP,Solar Photovoltaic,PV,Commercial CHP,5,0.1,0.1,0.1,10,2007,,,,Y,,,,,,0.1,Y,,,,,
59173,City of Tulare Water Pollution Control,59395,City of Tulare Water Facility,CA,Tulare,SC500,OP,Solar Photovoltaic,PV,Commercial CHP,5,1.0,1.0,0.8,2,2011,,,,Y,,,,,,1.2,Y,,,,,
59174,"CD US Solar MT3, LLC",59396,Shaffer,MA,Middlesex,SHF01,OP,Solar Photovoltaic,PV,IPP Non-CHP,2,5.0,5.0,5.0,9,2014,,,,Y,,,,,,6,Y,,,,,
59175,Searchlight Solar LLC,59404,Searchlight Solar,NV,Clark,1,OP,Solar Photovoltaic,PV,IPP Non-CHP,2,17.5,17.5,17.5,12,2014,,Y,,,,,,,,21.4,Y,,,,,
59176,Diamond Valley Solar LLC,59405,Diamond Valley Solar Project,CA,Riverside,PV11,OP,Solar Photovoltaic,PV,IPP Non-CHP,2,1.3,1.3,1.3,1,2015,,Y,,,,,,,,1.5,Y,,,,,
59533,Facile Solar LLC,59406,Facile Solar,NC,Alamance,SYS1,OP,Solar Photovoltaic,PV,IPP Non-CHP,2,2.0,2.0,2.0,10,2015,,N,,Y,,,,,,2,Y,,,,,Y
59180,Newman Solar LLC,59407,Newman Solar,TX,El Paso,NEW1,OP,Solar Photovoltaic,PV,IPP Non-CHP,2,10.5,10.3,10.3,12,2014,,Y,,,,,,,,13.1,Y,,,,,
59183,Shafter Solar LLC,59408,Shafter Solar LLC,CA,Kern,1,OP,Solar Photovoltaic,PV,IPP Non-CHP,2,20.0,20.0,20.0,5,2015,,Y,,,,,,,,26.8,Y,,,,,
59185,"CD US Solar PO 3, LLC",59409,"Madelyn Solar, LLC",CA,San Bernardino,SNL17,OP,Solar Photovoltaic,PV,IPP Non-CHP,2,1.0,1.0,1.0,12,2014,,Y,,,,,,,,1.3,Y,,,,,
59185,"CD US Solar PO 3, LLC",59410,"Rudy Solar, LLC",CA,San Bernardino,SNL19,OP,Solar Photovoltaic,PV,IPP Non-CHP,2,1.5,1.5,1.5,12,2014,,Y,,,,,,,,2.1,Y,,,,,
59185,"CD US Solar PO 3, LLC",59411,"Mitchell Solar, LLC",CA,San Bernardino,SNL18,OP,Solar Photovoltaic,PV,IPP Non-CHP,2,1.5,1.5,1.5,12,2014,,Y,,,,,,,,2.1,Y,,,,,
59050,Algonquin Power Co,59412,Algonquin SKIC20 Solar LLC,CA,Kern,SKI20,OP,Solar Photovoltaic,PV,IPP Non-CHP,2,20.0,20.0,20.0,5,2015,,Y,,,,,,,,25,Y,,,,,N
56769,Consolidated Edison Development Inc.,59413,Corcoran Solar 2,CA,Kings,C2CA,OP,Solar Photovoltaic,PV,IPP Non-CHP,2,19.8,19.8,19.8,5,2015,,Y,,,,,,,,26,Y,,,,,
56769,Consolidated Edison Development Inc.,59414,Atwell Island West Solar,CA,Tulare,AWCA,OP,Solar Photovoltaic,PV,IPP Non-CHP,2,20.0,20.0,20.0,5,2015,,Y,,,,,,,,26,Y,,,,,
59187,Anaheim Public Utilities,59416,Anaheim Solar Energy Plant,CA,Orange,PV1,OP,Solar Photovoltaic,PV,Electric Utility,1,2.1,2.0,1.2,8,2014,,,,Y,,,,,,2.4,Y,,,,,
59139,SunEdison LLC,59421,SCE-Snowline-White Road (South),CA,San Bernardino,11111,OP,Solar Photovoltaic,PV,IPP Non-CHP,2,1.5,1.5,1.5,11,2014,,Y,,,,,,,,1.7,Y,,,,,
59139,SunEdison LLC,59422,SCE-Snowline-White Road (North),CA,San Bernardino,10401,OP,Solar Photovoltaic,PV,IPP Non-CHP,2,1.5,1.5,1.5,11,2014,,Y,,,,,,,,1.7,Y,,,,,
59139,SunEdison LLC,59423,SCE-Snowline-White Rd (Central),CA,San Bernardino,10402,OP,Solar Photovoltaic,PV,IPP Non-CHP,2,1.5,1.5,1.5,11,2014,,Y,,,,,,,,1.7,Y,,,,,
59200,"Indy Airport Solar Project II, LLC",59424,IND Solar Farm (Phase IIA),IN,Marion,IND2A,OP,Solar Photovoltaic,PV,IPP Non-CHP,2,7.5,7.5,7.5,12,2014,,Y,,,,,,,,9.8,Y,,,,,
59199,"SolNCPower2, LLC",59426,GKS Solar,NC,Perquimans,GKS1,OP,Solar Photovoltaic,PV,IPP Non-CHP,2,5.0,5.0,5.0,8,2015,,,,Y,,,,,,6.6,Y,,,,,
59202,"SolNCPower1, LLC",59427,Two Mile Solar,NC,Perquimans,TMS1,OP,Solar Photovoltaic,PV,IPP Non-CHP,2,5.0,5.0,5.0,6,2015,,,,Y,,,,,,6.5,Y,,,,,
59206,"Downs Farm Solar, LLC",59429,Downs Farm Solar,NC,Hertford,DOWN1,OP,Solar Photovoltaic,PV,IPP Non-CHP,2,5.0,5.0,5.0,11,2015,,,,Y,,,,,,6.5,Y,,,,,
59208,NRG Solar Las Vegas MB-1,59430,NRG Solar Las Vegas MB-1,NV,Clark,MB-1,OP,Solar Photovoltaic,PV,IPP Non-CHP,2,5.0,5.0,5.0,2,2015,,,,Y,,,,,,5,Y,,,,,
58661,"Sustainable Power Group, LLC",59431,Sierra Solar Greenworks,CA,Los Angeles,SSG1,OP,Solar Photovoltaic,PV,IPP Non-CHP,2,20.0,20.0,20.0,11,2015,,,,Y,,,,,,22.5,,Y,,,,
59209,"Half Moon Ventures, LLC",59432,Duke Building 87,IN,Marion,DUK87,OP,Solar Photovoltaic,PV,IPP Non-CHP,2,2.7,2.7,2.7,12,2014,,,,Y,,,,,,2.9,Y,,,,,
59209,"Half Moon Ventures, LLC",59433,Duke Building 98,IN,Marion,DUK98,OP,Solar Photovoltaic,PV,IPP Non-CHP,2,2.7,2.7,2.7,12,2014,,,,Y,,,,,,3.3,Y,,,,,
59209,"Half Moon Ventures, LLC",59434,Duke Building 129,IN,Marion,DU129,OP,Solar Photovoltaic,PV,IPP Non-CHP,2,3.4,3.4,3.4,12,2014,,,,Y,,,,,,3.9,Y,,,,,
59212,"Adelanto Solar II, LLC",59440,"Adelanto Solar II, LLC",CA,San Bernardino,SAS,OP,Solar Photovoltaic,PV,IPP Non-CHP,2,7.0,7.0,7.0,7,2015,,Y,,,,,,,,7.4,Y,,,,,
59211,"Adelanto Solar, LLC",59441,"Adelanto Solar, LLC",CA,San Bernardino,SAS,OP,Solar Photovoltaic,PV,IPP Non-CHP,2,20.0,20.0,20.0,9,2015,,Y,,,,,,,,21.5,Y,,,,,
58468,Dominion Renewable Energy,59443,"TA-Acacia, LLC",CA,Los Angeles,WAS1,OP,Solar Photovoltaic,PV,IPP Non-CHP,2,20.0,20.0,20.0,11,2014,,Y,,,,,,,,28.4,,Y,,,,
803,Arizona Public Service Co,59444,SR85,AZ,Maricopa,PV1,OP,Solar Photovoltaic,PV,Electric Utility,1,10.0,10.0,10.0,9,2015,,Y,,,,,,,,15.6,Y,,,,,
59215,"SA Solar Services, LLC",59445,St. Albans SPEED Project,VT,Franklin,PV1,OP,Solar Photovoltaic,PV,IPP Non-CHP,2,2.0,2.0,2.0,12,2013,,,,Y,,,,,,2,Y,,,,,
59214,"RE Cranbury Solar 1, LLC",59446,Cranbury,NJ,Middlesex,CRANB,OP,Solar Photovoltaic,PV,IPP Non-CHP,2,5.0,5.0,5.0,12,2011,,,,Y,,,,,,5.7,Y,,,,,
17650,Southern Power Co,59449,Decatur County Solar Project,GA,Decatur,DCSP1,OP,Solar Photovoltaic,PV,IPP Non-CHP,2,20.0,20.0,20.0,12,2015,,Y,,,,,,,,27,Y,,,,,
17650,Southern Power Co,59450,"Decatur Parkway Solar Project, LLC",GA,Decatur,DPSP1,OP,Solar Photovoltaic,PV,IPP Non-CHP,2,80.0,84.0,84.0,12,2015,,Y,,,,,,,,110,Y,,,,,
59217,"CBC Alternative Energy, LLC",59451,CBC Solar Energy Gen Fac Phase 2,NC,Wake,PV2,OP,Solar Photovoltaic,PV,IPP Non-CHP,2,2.5,2.5,2.5,12,2013,,,,Y,,,,,,3.1,Y,,,,,
59220,"Valencia Solar, LLC",59454,Valencia Solar,AZ,Pima,VALEN,OP,Solar Photovoltaic,PV,IPP Non-CHP,2,10.0,10.0,10.0,6,2013,,Y,,,,,,,,12.7,Y,,,,,
59221,"Tech Park Solar, LLC",59455,Tech Park Solar,AZ,Pima,TECHP,OP,Solar Photovoltaic,PV,IPP Non-CHP,2,5.0,5.0,5.0,12,2012,,Y,,,,,,,,6.6,Y,,,,,
59223,"BFI Waste Systems of GA, LLC",59459,Hickory Ridge Landfill Solar Project,GA,DeKalb,5088,OP,Solar Photovoltaic,PV,IPP Non-CHP,2,1.0,1.0,1.0,9,2011,,,,Y,,,,,,1,,,Y,,,
59229,Denver Int'l Airport IV Solar,59462,Denver Intl Airport IV Solar,CO,Adams,DIA4,OP,Solar Photovoltaic,PV,IPP Non-CHP,2,1.5,1.0,0.5,7,2014,,,,Y,,,,,,2,Y,,,,,
59230,"DESRI V Mass Solar Holdco, LLC",59463,Ayers Village Solar,MA,Essex,1,OP,Solar Photovoltaic,PV,IPP Non-CHP,2,2.0,2.0,2.0,6,2014,,,,Y,,,,,,2.4,Y,,,,,
59230,"DESRI V Mass Solar Holdco, LLC",59464,Monson Solar,MA,Hampden,2,OP,Solar Photovoltaic,PV,IPP Non-CHP,2,3.0,3.0,3.0,7,2014,,,,Y,,,,,,3.6,Y,,,,,
59230,"DESRI V Mass Solar Holdco, LLC",59465,Sullivan Solar,MA,Bristol,1,OP,Solar Photovoltaic,PV,IPP Non-CHP,2,1.5,1.5,1.5,8,2014,,,,Y,,,,,,2,Y,,,,,
59230,"DESRI V Mass Solar Holdco, LLC",59466,Winchendon Solar,MA,Worcester,3,OP,Solar Photovoltaic,PV,IPP Non-CHP,2,1.9,1.9,1.9,4,2014,,,,Y,,,,,,2.4,Y,,,,,
59232,Kearsarge Solar LLC,59468,KS Solar Six LLC,MA,Worcester,HUBB,OP,Solar Photovoltaic,PV,IPP Non-CHP,2,2.5,2.0,2.0,12,2013,,,,Y,,,,,,2.5,Y,,,,,
58468,Dominion Renewable Energy,59469,Alamo Solar,CA,San Bernardino,ALAMO,OP,Solar Photovoltaic,PV,IPP Non-CHP,2,20.0,20.0,20.0,5,2015,,Y,,,,,,,,23.7,Y,,,,,
59237,"Ulysses Solar, LLC",59470,Cornell Snyder Road Solar Array,NY,Tompkins,CSR1,OP,Solar Photovoltaic,PV,IPP Non-CHP,2,1.8,1.8,1.4,11,2014,,,,Y,,,,,,1.8,Y,,,,,
57369,"Apple, Inc",59472,Ft. Churchill PV,NV,Lyon,NVC7,OP,Solar Photovoltaic,PV,Commercial Non-CHP,4,19.9,19.9,6.4,5,2015,Y,Y,,,Y,,,,,20.3,Y,,,,,
57369,"Apple, Inc",59474,Apple Data Center PV3,NC,Catawba,DCPV3,OP,Solar Photovoltaic,PV,Commercial Non-CHP,4,17.5,17.5,1.6,12,2015,,Y,,,,,,,,21.9,Y,,,,,
59240,"Clarendon Solar Farm, LLC",59476,Clarendon Solar Farm,VT,Rutland,VT001,OP,Solar Photovoltaic,PV,IPP Non-CHP,2,2.0,2.0,2.0,7,2014,,,,Y,,,,,,2.4,Y,,,,,
59241,Claire Solar Partners LLC,59477,Claire Solar Farm,VT,Chittenden,CSF1,OP,Solar Photovoltaic,PV,IPP Non-CHP,2,2.2,2.2,1.3,7,2014,,,Y,,,,,,,2.2,Y,,,,,
9234,Indiana Municipal Power Agency,59478,IMPA Richmond Solar Park,IN,Wayne,SRICH,OP,Solar Photovoltaic,PV,Electric Utility,1,1.0,1.0,0.8,9,2014,,Y,,,,,,,,1.2,Y,,,,,
9234,Indiana Municipal Power Agency,59479,IMPA Frankton Solar Park,IN,Madison,SFRAN,OP,Solar Photovoltaic,PV,Electric Utility,1,1.0,1.0,0.8,7,2014,,,,Y,,,,,,1.2,Y,,,,,
9234,Indiana Municipal Power Agency,59480,IMPA Rensselaer Solar Park,IN,Jasper,SRENS,OP,Solar Photovoltaic,PV,Electric Utility,1,1.0,1.0,0.8,5,2014,,,,Y,,,,,,1.2,Y,,,,,
9234,Indiana Municipal Power Agency,59481,IMPA Peru Solar Park,IN,Miami,SPERU,OP,Solar Photovoltaic,PV,Electric Utility,1,3.0,3.0,2.4,8,2015,,,,Y,,,,,,3.7,Y,,,,,
9234,Indiana Municipal Power Agency,59482,IMPA Tell City Solar Park,IN,Perry,STELL,OP,Solar Photovoltaic,PV,Electric Utility,1,1.0,1.0,0.8,7,2015,,,,Y,,,,,,1.3,Y,,,,,
9234,Indiana Municipal Power Agency,59483,IMPA Crawfordsville Solar Park,IN,Montgomery,SCRAW,OP,Solar Photovoltaic,PV,Electric Utility,1,3.0,3.0,2.4,9,2015,,,,Y,,,,,,3.7,Y,,,,,
59254,NuGen Capital Management,59484,"Hadley Solar, LLC",MA,Hampshire,PV1,OP,Solar Photovoltaic,PV,IPP Non-CHP,2,3.0,2.0,1.0,7,2014,,,,Y,,,,,,2.9,Y,,,,,
59254,NuGen Capital Management,59485,"265 Pleasant Solar NG, LLC",MA,Worcester,PV2,OP,Solar Photovoltaic,PV,IPP Non-CHP,2,1.2,0.8,0.3,7,2014,,,,Y,,,,,,1.2,Y,,,,,
59246,Highwater Solar I,59487,Highwater Solar I,NC,Wayne,HIGHW,OP,Solar Photovoltaic,PV,IPP Non-CHP,2,4.9,4.9,4.9,12,2015,,,,Y,,,,,,6.4,Y,,,,,
59244,GEM Energy LLC,59489,Anthony Wayne Solar #1,OH,Lucas,AWS1,OP,Solar Photovoltaic,PV,IPP Non-CHP,2,1.7,1.7,1.2,6,2014,,,,Y,,,,,,2.1,,Y,,,,
59252,GRE 314 East Lyme LLC,59495,Antares-GRE 314 East Lyme LLC,CT,New London,GRE01,OP,Solar Photovoltaic,PV,IPP Non-CHP,2,4.0,4.0,4.0,6,2014,,,,Y,,,,,,5,Y,,,,,
59855,Andrew Solar LLC,59497,Andrew Solar,NC,Craven,PV1,OP,Solar Photovoltaic,PV,IPP Non-CHP,2,5.0,5.0,5.0,12,2015,,,,Y,,,,,,6.4,Y,,,,,
59854,Tracy Solar LLC,59498,Tracy Solar,NC,Nash,PV1,OP,Solar Photovoltaic,PV,IPP Non-CHP,2,10.0,10.0,10.0,12,2015,,,,Y,,,,,,15,Y,,,,,
59278,"Sarah Solar, LLC",59500,Sarah Solar,NC,Franklin,SARAH,OP,Solar Photovoltaic,PV,IPP Non-CHP,2,5.0,5.0,5.0,7,2015,,,,Y,,,,,,6.3,Y,,,,,
59279,"Nitro Solar, LLC",59501,Nitro Solar,NC,Johnston,NITRO,OP,Solar Photovoltaic,PV,IPP Non-CHP,2,5.0,5.0,5.0,7,2015,,,,Y,,,,,,6.2,Y,,,,,
60008,Melinda Solar LLC,59502,Melinda Solar,NC,Vance,PV1,OP,Solar Photovoltaic,PV,IPP Non-CHP,2,5.0,5.0,5.0,8,2015,,,,Y,,,,,,6.2,Y,,,,,
60009,Porter Solar LLC,59504,Porter Solar,NC,Craven,PV1,OP,Solar Photovoltaic,PV,IPP Non-CHP,2,5.0,5.0,5.0,8,2015,,,,Y,,,,,,6,Y,,,,,
59904,Sun Devil Solar LLC,59505,Sun Devil Solar,NC,Warren,PV1,OP,Solar Photovoltaic,PV,IPP Non-CHP,2,5.0,5.0,5.0,12,2015,,,,Y,,,,,,6.2,Y,,,,,
60010,Quincy Solar LLC,59506,Quincy Solar,NC,Cumberland,PV1,OP,Solar Photovoltaic,PV,IPP Non-CHP,2,4.0,4.0,4.0,11,2015,,,,Y,,,,,,5.2,Y,,,,,
58970,"Ecoplexus, Inc",59519,Old Catawba PV 1,NC,Catawba,OLDC,OP,Solar Photovoltaic,PV,IPP Non-CHP,2,3.5,3.5,3.5,12,2015,,,,Y,,,,,,5,Y,,,,,
58970,"Ecoplexus, Inc",59521,Little River PV 1,NC,Randolph,LTLRV,OP,Solar Photovoltaic,PV,IPP Non-CHP,2,5.0,5.0,5.0,12,2015,,,,Y,,,,,,7,Y,,,,,
59261,"Colonial Eagle Solar, LLC",59526,Whitakers,NC,Nash,WHIT1,OP,Solar Photovoltaic,PV,IPP Non-CHP,2,12.0,12.0,12.0,12,2015,,Y,,,,,,,,16.8,Y,,,,,
59261,"Colonial Eagle Solar, LLC",59527,Kelford,NC,Bertie,KELF1,OP,Solar Photovoltaic,PV,IPP Non-CHP,2,20.0,20.0,20.0,12,2015,,Y,,,,,,,,30,Y,,,,,
59261,"Colonial Eagle Solar, LLC",59530,Pasquotank,NC,Pasquotank,PASQ1,OP,Solar Photovoltaic,PV,IPP Non-CHP,2,20.0,20.0,20.0,12,2014,,Y,,,,,,,,28,Y,,,,,
59277,"ESA Princeton NC, LLC",59533,Princeton,NC,Johnston,PRCTN,OP,Solar Photovoltaic,PV,IPP Non-CHP,2,5.0,5.0,5.0,7,2015,,,,Y,,,,,,6.5,Y,,,,,
59276,"ESA Four Oaks NC 1, LLC",59534,4Oaks,NC,Johnston,4OAKS,OP,Solar Photovoltaic,PV,IPP Non-CHP,2,5.0,5.0,5.0,7,2015,,,,Y,,,,,,6.5,Y,,,,,
59274,"SR Hazlehurst, LLC",59535,SR Hazlehurst,GA,Jeff Davis,HAZLE,OP,Solar Photovoltaic,PV,IPP Non-CHP,2,20.0,20.0,20.0,11,2015,,,,Y,,,,,,27.4,Y,,,,,
59275,CF SBC Master Tenant One LLC,59536,Coronus Adelanto West 1,CA,San Bernardino,AWI,OP,Solar Photovoltaic,PV,IPP Non-CHP,2,1.5,1.5,1.5,1,2015,,,,Y,,,,,,1.8,Y,,,,,
59275,CF SBC Master Tenant One LLC,59537,Coronus Adelanto West 2,CA,San Bernardino,AW2,OP,Solar Photovoltaic,PV,IPP Non-CHP,2,1.5,1.5,1.5,1,2015,,N,,Y,,,,,,1.8,Y,,,,,
59284,"Kona Solar, LLC",59539,Park Meridian #1,CA,Riverside,1,OP,Solar Photovoltaic,PV,IPP Non-CHP,2,1.5,1.5,1.5,3,2015,,,,Y,,,,,,1.8,Y,,,,,
59284,"Kona Solar, LLC",59540,Rancho Cucamonga Dist #1,CA,San Bernardino,2,OP,Solar Photovoltaic,PV,IPP Non-CHP,2,1.8,1.8,1.8,4,2015,,,,Y,,,,,,2.2,Y,,,,,
59284,"Kona Solar, LLC",59541,Terra Francesco,CA,San Bernardino,3,OP,Solar Photovoltaic,PV,IPP Non-CHP,2,1.5,1.5,1.5,3,2015,,,,Y,,,,,,1.8,Y,,,,,
59286,Heliovaas LLC,59543,Acton Solar Landfill,MA,Middlesex,ACTON,OP,Solar Photovoltaic,PV,Commercial Non-CHP,4,1.6,1.6,1.6,12,2013,,,,Y,,,,,,1.6,Y,,,,,
59287,Laurel Capital Partners,59544,Parlin Solar LLC,NJ,Middlesex,PV1,OP,Solar Photovoltaic,PV,IPP Non-CHP,2,1.3,1.3,1.3,10,2012,,,,Y,,,,,,1.3,Y,,,,,
59287,Laurel Capital Partners,59545,Springfield Solar LLC,OH,Clark,PV1,OP,Solar Photovoltaic,PV,IPP Non-CHP,2,1.5,1.5,1.5,11,2012,,,,Y,,,,,,1.8,Y,,,,,
59287,Laurel Capital Partners,59546,Beaver Solar LLC,PA,Beaver,PV1,OP,Solar Photovoltaic,PV,IPP Non-CHP,2,1.3,1.3,1.3,12,2012,,,,Y,,,,,,1.3,Y,,,,,
59288,"Creswell Alligood Solar, LLC",59548,"Creswell Alligood Solar, LLC",NC,Washington,CRES1,OP,Solar Photovoltaic,PV,IPP Non-CHP,2,14.0,14.0,14.0,5,2015,,Y,,,,,,,,20,Y,,,,,
59289,"Everetts Wildcat Solar, LLC",59549,"Everetts Wildcat Solar, LLC",NC,Martin,EVER1,OP,Solar Photovoltaic,PV,IPP Non-CHP,2,5.0,5.0,5.0,4,2015,,Y,,,,,,,,7,Y,,,,,
59290,Solvida Energy Group,59550,Putah Creek Solar Farm,CA,Yolo,PCSF,OP,Solar Photovoltaic,PV,IPP Non-CHP,2,2.0,2.0,2.0,12,2014,N,Y,,,,,,,,2.6,Y,,,,,
58661,"Sustainable Power Group, LLC",59551,"FLS Solar 200, LLC",NC,Robeson,FLS1,OP,Solar Photovoltaic,PV,IPP Non-CHP,2,4.3,4.3,4.3,8,2014,,,,Y,,,,,,4.7,Y,,,,,
58661,"Sustainable Power Group, LLC",59552,"FLS Solar 170, LLC",NC,Robeson,FLS1,OP,Solar Photovoltaic,PV,IPP Non-CHP,2,2.0,2.0,2.0,8,2014,,,,Y,,,,,,2.6,Y,,,,,
58661,"Sustainable Power Group, LLC",59553,"Innovative Solar 14, LLC",NC,Henderson,FLS1,OP,Solar Photovoltaic,PV,IPP Non-CHP,2,2.0,2.0,2.0,9,2014,,,,Y,,,,,,2.6,Y,,,,,
58661,"Sustainable Power Group, LLC",59554,"Innovative Solar 15, LLC",NC,Rutherford,FLS1,OP,Solar Photovoltaic,PV,IPP Non-CHP,2,1.7,1.7,1.7,8,2014,,,,Y,,,,,,2.5,Y,,,,,
59298,"Vega Solar, LLC",59555,Vega Solar,CA,Merced,VEGA1,OP,Solar Photovoltaic,PV,IPP Non-CHP,2,20.0,20.0,20.0,3,2015,,Y,,,,,,,,25.9,Y,,,,,
7140,Georgia Power Co,59556,Dalton 2,GA,Murray,1,OP,Solar Photovoltaic,PV,Electric Utility,1,5.5,5.5,5.5,12,2014,,,,Y,,,,,,7.1,,Y,,,,
59300,PNM Resources,59558,Sandoval Solar Energy Center,NM,Sandoval,SSEC1,OP,Solar Photovoltaic,PV,Electric Utility,1,6.1,6.1,1.3,12,2014,,Y,,,,,,,,6.1,,Y,,,,N
17826,"Springer Electric Coop, Inc",59560,Springer Solar 1,NM,Colfax,SPRG1,OP,Solar Photovoltaic,PV,Electric Utility,1,1.0,0.8,0.4,5,2015,,Y,,,,,,,,1.2,Y,,,,,
59302,"Crockett Farm, LLC",59561,Crockett Farm,NC,Lenoir,PV1,OP,Solar Photovoltaic,PV,IPP Non-CHP,2,5.0,5.0,5.0,12,2014,,,,Y,,,,,,6.4,,Y,,,,
59303,"Eastover Farm, LLC",59562,Eastover Farm,NC,Scotland,PV1,OP,Solar Photovoltaic,PV,IPP Non-CHP,2,5.0,5.0,5.0,9,2014,,,,Y,,,,,,6.4,Y,,,,,
59304,"Foxfire Farm, LLC",59563,Foxfire Solar Farm,NC,Moore,PV1,OP,Solar Photovoltaic,PV,IPP Non-CHP,2,5.0,5.0,5.0,8,2015,,,,Y,,,,,,5,,Y,,,,
59305,"Hutchinson Solar, LLC",59564,Hutchinson Farm,NC,Cleveland,PV1,OP,Solar Photovoltaic,PV,IPP Non-CHP,2,5.0,5.0,5.0,12,2014,,,,Y,,,,,,6.7,,Y,,,,
59307,"Ashley Solar Farm, LLC",59566,Ashley Solar Farm,NC,Yadkin,PV1,OP,Solar Photovoltaic,PV,IPP Non-CHP,2,4.0,4.0,4.0,3,2015,,,,Y,,,,,,5,Y,,,,,
58894,CF CVEC Owner One LLC,59573,Tisbury Landfill Solar,MA,Dukes,TIS1,OP,Solar Photovoltaic,PV,IPP Non-CHP,2,1.1,1.1,1.1,7,2014,,,,Y,,,,,,1.2,Y,,,,,
59320,"Manway Solar, LLC",59575,Manway Solar Farm,NC,Bladen,PV1,OP,Solar Photovoltaic,PV,IPP Non-CHP,2,5.0,5.0,5.0,12,2015,,,,Y,,,,,,6.4,Y,,,,,
59322,"Misenheimer Farm, LLC",59577,Misenheimer Farm,NC,Stanly,PV1,OP,Solar Photovoltaic,PV,IPP Non-CHP,2,5.0,5.0,5.0,12,2015,,,,Y,,,,,,6.4,Y,,,,,
59324,Franklin Solar 2 LLC,59579,Franklin Solar 2,NC,Franklin,PV1,OP,Solar Photovoltaic,PV,IPP Non-CHP,2,2.0,2.0,2.0,3,2014,,,,Y,,,,,,2.7,Y,,,,,
59326,"Stout Farm, LLC",59581,Stout Farm,NC,Orange,PV1,OP,Solar Photovoltaic,PV,IPP Non-CHP,2,5.0,5.0,5.0,12,2014,,,,Y,,,,,,6.6,Y,,,,,
59331,"Woodland Church Farm, LLC",59586,Woodland Church Farm,NC,Duplin,PV1,OP,Solar Photovoltaic,PV,IPP Non-CHP,2,5.0,5.0,5.0,12,2015,,,,Y,,,,,,6.7,Y,,,,,
59332,"Yadkin 601 Farm, LLC",59587,Yadkin 601 Farm,NC,Yadkin,PV1,OP,Solar Photovoltaic,PV,IPP Non-CHP,2,3.0,3.0,3.0,6,2015,,,,Y,,,,,,3.9,Y,,,,,
59340,"Stikeleather Farm, LLC",59595,Stikeleather Farm,NC,Alexander,PV1,OP,Solar Photovoltaic,PV,IPP Non-CHP,2,5.0,5.0,5.0,8,2015,,,,Y,,,,,,6.3,Y,,,,,
59345,"Colton Solar One, LLC",59597,"Colton Solar One, LLC",CA,San Bernardino,CS001,OP,Solar Photovoltaic,PV,IPP Non-CHP,2,2.5,2.5,2.5,6,2015,N,,,Y,,,,,,3.2,Y,,,,,
59346,"Colton Solar Two, LLC",59598,"Colton Solar Two, LLC",CA,San Bernardino,CS002,OP,Solar Photovoltaic,PV,IPP Non-CHP,2,1.0,1.0,1.0,4,2015,N,Y,,,,,,,,1.2,Y,,,,,
15477,Public Service Elec & Gas Co,59601,L&D Landfill Solar,NJ,Burlington,L&D,OP,Solar Photovoltaic,PV,Electric Utility,1,10.0,10.0,10.0,12,2015,,N,,Y,,,,,,12.9,Y,,,,,
59349,Walters Solar (FLS 260),59603,Walters Solar (FLS 260),NC,Robeson,FLS1,OP,Solar Photovoltaic,PV,IPP Non-CHP,2,5.0,5.0,4.0,8,2015,,,,Y,,,,,,6.5,Y,,,,,
59350,Stagecoach Solar,59604,Stagecoach Solar,NC,Vance,FLS1,OP,Solar Photovoltaic,PV,IPP Non-CHP,2,5.0,5.0,5.0,5,2015,,,,Y,,,,,,6.3,Y,,,,,
59351,Vicksburg Solar,59605,Vicksburg Solar,NC,Vance,FLS1,OP,Solar Photovoltaic,PV,IPP Non-CHP,2,5.0,5.0,4.0,5,2015,,,,Y,,,,,,6.4,Y,,,,,
59352,Soul City Solar,59606,Soul City Solar,NC,Warren,FLS1,OP,Solar Photovoltaic,PV,IPP Non-CHP,2,3.5,3.5,3.0,4,2015,,,,Y,,,,,,3.8,Y,,,,,
58468,Dominion Renewable Energy,59607,Maricopa West Solar,CA,Kern,MWS,OP,Solar Photovoltaic,PV,IPP Non-CHP,2,20.0,20.0,20.0,12,2015,,Y,,,,,,,,28.2,Y,,,,,
59353,"AP North Lake I, LP",59610,"AP North Lake I, LP",CA,Riverside,APNLI,OP,Solar Photovoltaic,PV,IPP Non-CHP,2,20.0,20.0,20.0,8,2015,,Y,,,,,,,,24.5,Y,,,,,
59354,"LKL BLBD, LLC",59611,"LKL BLBD, LLC",FL,Polk,LKLBB,OP,Solar Photovoltaic,PV,IPP Non-CHP,2,6.0,6.0,6.0,8,2015,,,,Y,,,,,,7.7,Y,,,,,
59356,SSA Solar of NY LLC,59613,Town of Williamson Landfill PV,NY,Wayne,TWLL,OP,Solar Photovoltaic,PV,Commercial Non-CHP,4,1.2,1.2,1.2,12,2014,,,,Y,,,,,,1.5,Y,,,,,
59300,PNM Resources,59618,Meadow Lake Solar Energy Center,NM,Valencia,MLK,OP,Solar Photovoltaic,PV,Electric Utility,1,9.1,9.1,9.1,1,2015,,Y,,,,,,,,11.4,,Y,,,,
59300,PNM Resources,59619,Cibola,NM,Cibola,CBLA,OP,Solar Photovoltaic,PV,Electric Utility,1,7.6,7.6,7.6,2,2015,,Y,,,,,,,,9.4,,Y,,,,
59358,"REUT Origination, LLC",59620,South Milford Solar Plant,UT,Beaver,SMS1,OP,Solar Photovoltaic,PV,IPP Non-CHP,2,2.9,2.9,2.9,3,2015,,Y,,,,,,,,3.8,Y,,,,,
59360,Clarkson Solar LLC,59623,Clarkson Solar,NY,St Lawrence,CSPV,OP,Solar Photovoltaic,PV,IPP Non-CHP,2,2.0,2.0,2.0,11,2014,,,,Y,,,,,,2.3,Y,,,,,
58871,Citizens Enterprises Corporation,59624,Twiss Street Solar,MA,Hampden,PV1,OP,Solar Photovoltaic,PV,IPP Non-CHP,2,1.5,1.5,1.5,1,2015,,,,Y,,,,,,2,Y,,,,,
58871,Citizens Enterprises Corporation,59625,Chicopee River Solar,MA,Hampden,PV1,OP,Solar Photovoltaic,PV,IPP Non-CHP,2,2.0,2.0,2.0,1,2015,,,,Y,,,,,,2.6,Y,,,,,
58871,Citizens Enterprises Corporation,59626,Chicopee Granby Road Solar,MA,Hampden,PV1,OP,Solar Photovoltaic,PV,IPP Non-CHP,2,1.6,1.6,1.6,1,2015,,,,Y,,,,,,2.1,Y,,,,,
56990,NJR Clean Energy Ventures Corporation,59627,Harmony,NJ,Warren,HRMNY,OP,Solar Photovoltaic,PV,IPP Non-CHP,2,3.0,3.0,3.0,6,2015,,,,Y,,,,,,3,Y,,,,,
56990,NJR Clean Energy Ventures Corporation,59628,Hanover,NJ,Burlington,HNOVR,OP,Solar Photovoltaic,PV,IPP Non-CHP,2,5.0,5.0,5.0,9,2015,,,,Y,,,,,,5,Y,,,,,
57411,KDC Solar O&M LLC,59630,CentraState Medical Center PV Facility,NJ,Monmouth,CS,OP,Solar Photovoltaic,PV,Commercial Non-CHP,4,6.3,6.3,6.3,10,2014,,,,Y,,,,,,6,Y,,,,,
57411,KDC Solar O&M LLC,59631,Imclone Solar Electric Facility,NJ,Somerset,IM,OP,Solar Photovoltaic,PV,Commercial Non-CHP,4,10.0,10.0,10.0,5,2014,,,,Y,,,,,,10,Y,,,,,
58519,Clean Energy Collective LLC,59632,Midwest Energy Community Solar Array,KS,Thomas,1036,OP,Solar Photovoltaic,PV,IPP Non-CHP,2,1.0,1.0,1.0,2,2015,,Y,,N,,,,,Y,1.8,Y,,,,,
59381,EE Kettleman California LLC,59633,Kettleman Solar -Centaurus,CA,Kings,KS,OP,Solar Photovoltaic,PV,IPP Non-CHP,2,20.0,20.0,20.0,7,2015,,Y,,,,,,,,27,Y,,,,,N
58661,"Sustainable Power Group, LLC",59634,Sandstone Solar,AZ,Pinal,SNDST,OP,Solar Photovoltaic,PV,IPP Non-CHP,2,45.0,45.0,45.0,12,2015,,Y,,,,,,,,57.5,,Y,,,,
59388,"Charlton Solar I, LLC",59636,Charlton Solar I,MA,Worcester,37021,OP,Solar Photovoltaic,PV,IPP Non-CHP,2,4.4,3.9,2.3,12,2014,,,,Y,,,,,N,4.4,Y,,,,,
59393,"Coronal Lost Hills, LLC",59638,Coronal Lost Hills,CA,Kern,CLH,OP,Solar Photovoltaic,PV,IPP Non-CHP,2,20.0,20.0,20.0,5,2015,,Y,,,,,,,,25.9,Y,,,,,
59406,Mt. Olive Solar 1,59645,Mt Olive Solar 1,NC,Wayne,FLS1,OP,Solar Photovoltaic,PV,IPP Non-CHP,2,5.0,5.0,5.0,5,2015,,,,Y,,,,,,2.8,Y,,,,,
59407,FLS Solar 230 (Warren),59646,FLS Solar 230 (Warren),NC,Duplin,FLS1,OP,Solar Photovoltaic,PV,IPP Non-CHP,2,4.8,4.8,4.8,5,2015,,,,Y,,,,,,6.3,Y,,,,,
11208,Los Angeles Department of Water & Power,59651,"Forever 21 Retail, Inc.",CA,Los Angeles,W4161,OP,Solar Photovoltaic,PV,IPP Non-CHP,2,1.7,1.7,1.7,2,2015,,,,Y,,,,,,1.6,Y,,,,,
11208,Los Angeles Department of Water & Power,59652,Nordhoff Place,CA,Los Angeles,W4162,OP,Solar Photovoltaic,PV,IPP Non-CHP,2,1.2,1.0,1.0,9,2014,,,,Y,,,,,,1.3,Y,,,,,
59424,"SSA Solar of NM 4, LLC",59653,City of Truth or Consequences PV,NM,Sierra,COTC,OP,Solar Photovoltaic,PV,IPP Non-CHP,2,1.9,1.9,1.9,2,2015,,,,Y,,,,,,1.8,Y,,,,,
58468,Dominion Renewable Energy,59657,Imperial Valley Solar Co (IVSC) 2,CA,Imperial,IVSC2,OP,Solar Photovoltaic,PV,IPP Non-CHP,2,20.0,20.0,20.0,6,2015,,,,Y,,,,,,26,Y,,,,,
59437,"Innovative Solar 48, LLC",59667,Innovative Solar 48,NC,Robeson,IS048,OP,Solar Photovoltaic,PV,IPP Non-CHP,2,4.9,4.9,4.9,11,2015,,,,Y,,,,,,6.3,Y,,,,,
59462,"Heelstone Energy Holdings, LLC",59670,Innovative Solar 23,NC,Cleveland,IS023,OP,Solar Photovoltaic,PV,IPP Non-CHP,2,1.9,1.9,1.9,12,2015,,,,Y,,,,,,2.8,Y,,,,,
59445,"Innovative Solar 44, LLC",59675,Innovative Solar 44,NC,Robeson,IS044,OP,Solar Photovoltaic,PV,IPP Non-CHP,2,4.9,4.9,4.9,11,2015,,,,Y,,,,,,6.1,Y,,,,,
59453,"NextSun Energy, LLC",59682,Main Street Solar Project,VT,Rutland,MS258,SB,Solar Photovoltaic,PV,IPP Non-CHP,2,1.5,1.5,1.5,12,2014,,,,Y,,,,,,1.5,Y,,,,,N
59994,General Motors-Lordstown,59683,GM Lordstown Assembly Solar Array,OH,Trumbull,12345,OP,Solar Photovoltaic,PV,Industrial Non-CHP,6,2.2,1.7,0.6,1,2015,,,,Y,,,,,,2.2,Y,,,,,
59457,"Sun Harvest Solar, LLC",59687,Sun Harvest Solar NDP1,CA,Merced,NDP1,OP,Solar Photovoltaic,PV,IPP Non-CHP,2,1.5,1.5,1.5,5,2015,,Y,,,,,,,,2,Y,,,,,
59462,"Heelstone Energy Holdings, LLC",59694,"Aspen Solar, LLC",NC,Duplin,GEN1,OP,Solar Photovoltaic,PV,IPP Non-CHP,2,5.0,4.9,4.9,11,2015,,,,Y,,,,,,6.7,Y,,,,,
58468,Dominion Renewable Energy,59702,"Pavant Solar, LLC",UT,Millard,1,OP,Solar Photovoltaic,PV,IPP Non-CHP,2,50.0,50.0,50.0,12,2015,,Y,,,,,,,,62.3,Y,,,,,
59462,"Heelstone Energy Holdings, LLC",59706,BRE,NC,Granville,NB005,OP,Solar Photovoltaic,PV,IPP Non-CHP,2,5.0,4.9,4.9,12,2015,,,,Y,,,,,,6.8,Y,,,,,
59483,Metropolitan Airports Commission,59709,St. Paul Intl Airport Red & Blue Parking,MN,Hennepin,PV1,OP,Solar Photovoltaic,PV,IPP Non-CHP,2,2.3,2.3,2.3,12,2015,,,,Y,,,,,,2.3,Y,,,,,
57389,IKEA Property Inc,59714,IKEA St. Louis 410,MO,St Louis City,IK410,OP,Solar Photovoltaic,PV,Commercial Non-CHP,4,1.0,1.0,1.0,9,2015,,,,Y,,,,,,1.3,Y,,,,,
59287,Laurel Capital Partners,59715,DD Hay Road Solar 23 LLC,DE,New Castle,PV1,OP,Solar Photovoltaic,PV,IPP Non-CHP,2,1.2,1.2,1.2,5,2015,,,,Y,,,,,,1.2,,,,,,Y
59484,Framingham State University,59717,Framingham State University Plant,MA,Middlesex,ACPV,OP,Solar Photovoltaic,PV,Commercial Non-CHP,4,0.7,0.7,0.7,4,2011,,Y,,,,,,,,0.7,Y,,,,,
59484,Framingham State University,59717,Framingham State University Plant,MA,Middlesex,CCPV,OP,Solar Photovoltaic,PV,Commercial Non-CHP,4,0.3,0.3,0.3,4,2011,,,,Y,,,,,,0.3,Y,,,,,
59488,Charlotte Solar LLC,59719,Charlotte Solar LLC VT,VT,Chittenden,CS001,OP,Solar Photovoltaic,PV,IPP Non-CHP,2,2.0,2.0,2.0,7,2014,,,,Y,,,,,,2.5,Y,,,,,
59491,Seville Solar One LLC,59722,Seville 1,CA,Imperial,SEV1,OP,Solar Photovoltaic,PV,IPP Non-CHP,2,20.0,20.0,20.0,12,2015,,Y,,,,,,,,27,,Y,,,,
59492,Seville Solar Two LLC,59723,Seville 2,CA,Imperial,SEV2,OP,Solar Photovoltaic,PV,IPP Non-CHP,2,30.0,30.0,30.0,12,2015,,Y,,,,,,,,40,,Y,,,,
58822,MC Power Companies Inc,59729,Macon Solar Power  Project,MO,Macon,MSF1,OP,Solar Photovoltaic,PV,IPP Non-CHP,2,2.8,2.8,2.8,6,2015,,,,Y,,,,,,3.2,Y,,,,,
59500,"Sunny Templeton, LLC",59731,Templeton,MA,Worcester,TEMPL,OP,Solar Photovoltaic,PV,IPP Non-CHP,2,3.0,3.0,3.0,12,2014,,,,Y,,,,,,4.5,Y,,,,,
58661,"Sustainable Power Group, LLC",59738,Citizen B,CA,Fresno,CSB,OP,Solar Photovoltaic,PV,IPP Non-CHP,2,5.0,5.0,5.0,12,2015,,,,Y,,,,,,7.1,Y,,,,,
59508,"Barton Solar, LLC",59741,Barton Solar Farm,VT,Orleans,BARTN,OP,Solar Photovoltaic,PV,IPP Non-CHP,2,1.9,1.9,1.6,11,2014,,,,Y,,,,,,2.6,Y,,,,,
58519,Clean Energy Collective LLC,59742,Sunnyside Ranch Community Solar Array,CO,Garfield,HCE,OP,Solar Photovoltaic,PV,IPP Non-CHP,2,1.5,1.5,1.5,4,2015,,Y,,,,,,,,1.8,Y,,,,,
59540,"SunE SEM 1, LLC",59743,Chimes West Friendship (Nixon Farms),MD,Howard,1,OP,Solar Photovoltaic,PV,IPP Non-CHP,2,1.5,1.2,0.7,12,2014,,N,,Y,,,,,,1.5,Y,,,,,
58473,"NVT LICENSES, LLC",59744,Lakeland Electric Co. (FL)-Airport 1,FL,Polk,1,OP,Solar Photovoltaic,PV,IPP Non-CHP,2,2.7,2.7,2.0,12,2011,,Y,,,,,,,,2.7,Y,,,,,
59511,"South Street Solar, LLC",59745,Leominster (MA)-South Street-R&D,MA,Middlesex,1,OP,Solar Photovoltaic,PV,IPP Non-CHP,2,3.5,2.6,1.7,12,2013,,,,Y,,,,,,3.5,Y,,,,,
59512,"Team-Solar, Inc.",59746,DSH (CA) - Coalinga State Hospital,CA,Fresno,1,OP,Solar Photovoltaic,PV,IPP Non-CHP,2,2.6,3.5,1.7,7,2014,,Y,,,,,,,,2.6,Y,,,,,
59512,"Team-Solar, Inc.",59748,CDCR (CA) - Pleasant Valley State Prison,CA,Fresno,1,OP,Solar Photovoltaic,PV,IPP Non-CHP,2,1.6,2.2,1.0,7,2014,,Y,,,,,,,,1.6,Y,,,,,
58473,"NVT LICENSES, LLC",59749,UMES (MD) - Princess Anne,MD,Somerset,1,OP,Solar Photovoltaic,PV,IPP Non-CHP,2,2.2,2.1,1.3,2,2011,,Y,,,,,,,,2.2,Y,,,,,
58473,"NVT LICENSES, LLC",59750,Bourne (MA) - Holliston I,MA,Middlesex,1,OP,Solar Photovoltaic,PV,IPP Non-CHP,2,2.9,2.4,1.5,12,2014,,N,,Y,,,,,,2.9,Y,,,,,
59518,"Wilzig Associates, LLC",59751,"Wilzig Associates, LLC",NJ,Bergen,WILZG,OP,Solar Photovoltaic,PV,Commercial Non-CHP,4,1.2,1.2,1.2,1,2013,,,,Y,,,,,,1.5,Y,,,,,
59519,"TerraForm Solar XVII, LLC",59752,BlueWave Capital - Grafton (SREC II),MA,Worcester,1,OP,Solar Photovoltaic,PV,IPP Non-CHP,2,1.3,1.3,1.3,3,2015,,,,Y,,,,,,1.6,Y,,,,,
58473,"NVT LICENSES, LLC",59754,Lakeland Electric Co. (FL) - Aiport II,FL,Polk,1,OP,Solar Photovoltaic,PV,IPP Non-CHP,2,3.5,3.8,2.9,9,2012,,Y,,,,,,,,3.5,Y,,,,,
59522,Chester Power Partners LLC,59755,Chester Power Partners,VT,Windsor,PVS1,OP,Solar Photovoltaic,PV,IPP Non-CHP,2,2.2,2.2,2.2,11,2014,,,,Y,,,,,,2.3,Y,,,,,
59462,"Heelstone Energy Holdings, LLC",59760,"Red Hill Solar Center, LLC",NC,Warren,RHILL,OP,Solar Photovoltaic,PV,IPP Non-CHP,2,5.0,4.9,4.9,12,2014,,,,Y,,,,,,6.4,Y,,,,,
59462,"Heelstone Energy Holdings, LLC",59761,"Van Slyke Solar Center, LLC",NC,Wilson,VSLYK,OP,Solar Photovoltaic,PV,IPP Non-CHP,2,5.0,4.9,4.9,12,2014,,,,Y,,,,,,6.6,Y,,,,,
59462,"Heelstone Energy Holdings, LLC",59762,"Broadway Solar Center, LLC",NC,Columbus,BRDWY,OP,Solar Photovoltaic,PV,IPP Non-CHP,2,5.0,4.9,4.9,12,2014,,,,Y,,,,,,6.6,Y,,,,,
59232,Kearsarge Solar LLC,59765,Stetson Road Solar - Barre I,MA,Worcester,BI,OP,Solar Photovoltaic,PV,IPP Non-CHP,2,2.0,2.0,2.0,5,2014,,,,Y,,,,,,2.4,Y,,,,,
59232,Kearsarge Solar LLC,59766,Barre II Solar Project,MA,Worcester,BII,OP,Solar Photovoltaic,PV,IPP Non-CHP,2,1.5,1.5,1.5,4,2014,,,,Y,,,,,,1.9,Y,,,,,
59232,Kearsarge Solar LLC,59767,Chester Solar Farm,MA,Hampden,CHSTR,OP,Solar Photovoltaic,PV,IPP Non-CHP,2,4.8,4.8,4.8,6,2014,,,,Y,,,,,,6,Y,,,,,
59232,Kearsarge Solar LLC,59768,Concord Solar Farm,MA,Middlesex,CMLP,OP,Solar Photovoltaic,PV,IPP Non-CHP,2,1.5,1.5,1.5,4,2014,,,,Y,,,,,,1.7,Y,,,,,
18454,Tampa Electric Co,59769,TIA Solar,FL,Hillsborough,1,OP,Solar Photovoltaic,PV,Electric Utility,1,1.6,1.6,1.4,12,2015,,,,Y,,,,,N,2,,,,,Y,
9234,Indiana Municipal Power Agency,59770,IMPA Pendleton Solar Park,IN,Madison,SPEND,OP,Solar Photovoltaic,PV,Electric Utility,1,2.0,2.0,1.6,10,2015,,,,Y,,,,,,2.5,Y,,,,,
59209,"Half Moon Ventures, LLC",59771,Jefferson Solar Park,WI,Jefferson,JSP01,OP,Solar Photovoltaic,PV,IPP Non-CHP,2,1.0,1.0,1.0,12,2013,,,,Y,,,,,,1.1,Y,,,,,
59542,Adams Farm Solar LLC,59775,Adams Farm Solar,MA,Worcester,ADAMS,OP,Solar Photovoltaic,PV,IPP Non-CHP,2,3.0,3.0,3.0,10,2013,,,,Y,,,,,,3.5,Y,,,,,
59519,"TerraForm Solar XVII, LLC",59777,RGS-Rutland VNM SREC II Project (MA),MA,Worcester,1,OP,Solar Photovoltaic,PV,IPP Non-CHP,2,2.6,2.6,2.6,11,2015,,,,Y,,,,,,2.6,Y,,,,,
58661,"Sustainable Power Group, LLC",59778,Eden Solar LLC,NC,Richmond,EDENS,OP,Solar Photovoltaic,PV,IPP Non-CHP,2,47.7,47.7,47.7,12,2015,,Y,,,,,,,,62.1,Y,,,,,
59544,"SunE DM, LLC",59779,Davis Monthan AFB (AZ) West Airfield,AZ,Pima,1,OP,Solar Photovoltaic,PV,IPP Non-CHP,2,12.6,12.6,12.6,1,2014,,Y,,,,,,,,16.4,Y,,,,,
59545,"BWC Origination 4, LLC",59780,New Bedford (MA) Plymouth,MA,Plymouth,1,OP,Solar Photovoltaic,PV,IPP Non-CHP,2,4.3,4.3,4.3,7,2014,,,,Y,,,,,,5.6,Y,,,,,
59546,"Nexamp Treasure Valley Solar, LLC",59781,Upper Blackstone (MA) Treasure Valley,MA,Worcester,1,OP,Solar Photovoltaic,PV,IPP Non-CHP,2,5.0,5.0,5.0,7,2014,,,,Y,,,,,,6,Y,,,,,
59561,"SunE Solar XVII Project 2, LLC",59786,Fiddler's Canyon #2,UT,Iron,FID2,OP,Solar Photovoltaic,PV,IPP Non-CHP,2,3.0,3.0,3.0,9,2015,,Y,,,,,,,,3.9,Y,,,,,
59560,"SunE Solar XVII Project 1, LLC",59787,Fiddler's Canyon #1,UT,Iron,FID1,OP,Solar Photovoltaic,PV,IPP Non-CHP,2,3.0,3.0,3.0,9,2015,,Y,,N,,,,,,3.9,Y,,,,,
57313,SolarCity Corporation,59788,"Advance Stores Company, Inc",CT,Hartford,PV1,OP,Solar Photovoltaic,PV,IPP Non-CHP,2,1.0,1.0,1.0,11,2014,,Y,,,,,,,,1.2,Y,,,,,
57313,SolarCity Corporation,59789,Millbrook School,NY,Dutchess,PV1,OP,Solar Photovoltaic,PV,IPP Non-CHP,2,1.4,1.4,1.4,3,2015,,Y,,,,,,,,1.7,Y,,,,,
57313,SolarCity Corporation,59790,Oregon University System Rabbit Field,OR,Benton,PV1,OP,Solar Photovoltaic,PV,IPP Non-CHP,2,1.2,1.2,1.2,3,2014,,,,Y,,,,,,1.4,Y,,,,,
11208,Los Angeles Department of Water & Power,59798,Colon PV,CA,Los Angeles,W4172,OP,Solar Photovoltaic,PV,IPP Non-CHP,2,1.3,1.3,1.3,12,2015,,,,Y,,,,,,1.5,Y,,,,,
60025,Greenbacker Renewable Energy Corporation,59807,Airport 1 Solar (DIA),CO,Denver,GBDIA,OP,Solar Photovoltaic,PV,IPP Non-CHP,2,1.5,1.5,1.5,12,2009,,,,Y,,,,,,1.6,Y,,,,,
59589,Rockfish Solar LLC,59811,Rockfish Solar LLC,MD,Charles,GEN1,OP,Solar Photovoltaic,PV,IPP Non-CHP,2,10.3,10.3,10.3,8,2015,,Y,,N,,,,,,12.9,Y,,,,,
59599,"Shoe Show, Inc.",59818,Concord Farm,NC,Cabarrus,1,OP,Solar Photovoltaic,PV,IPP Non-CHP,2,5.2,4.9,4.9,9,2011,,,,Y,,,,,,5.2,Y,,,,,
59600,"Mohave Sunrise Solar I, LLC",59819,Mohave Electric at Fort Mohave,AZ,Mohave,PV1,OP,Solar Photovoltaic,PV,IPP Non-CHP,2,4.4,4.4,4.4,4,2015,,,,Y,,,,,,5.3,Y,,,,,
59601,Hunt Farm Solar LLC,59820,Hunt Farm Solar,MA,Franklin,HUNTF,OP,Solar Photovoltaic,PV,IPP Non-CHP,2,3.0,3.0,3.0,9,2013,,,,Y,,,,,,3.3,Y,,,,,
59602,SH Solarne2 LLC,59821,205 Sturbridge A,MA,Hampden,STURA,OP,Solar Photovoltaic,PV,IPP Non-CHP,2,3.0,3.0,3.0,6,2014,,,,Y,,,,,,4,Y,,,,,
59603,SE Solarne2 LLC,59822,201 Sturbridge B,MA,Hampden,STURB,OP,Solar Photovoltaic,PV,IPP Non-CHP,2,2.0,2.0,2.0,6,2014,,,,Y,,,,,,2.2,Y,,,,,
59604,Bulldog Energy Airport LLC,59823,INDY III,IN,Marion,INDY3,OP,Solar Photovoltaic,PV,IPP Non-CHP,2,2.5,2.5,2.5,8,2015,,Y,,,,,,,,3.2,Y,,,,,
59462,"Heelstone Energy Holdings, LLC",59824,Sweetgum Solar,NC,Lee,5732,OP,Solar Photovoltaic,PV,IPP Non-CHP,2,5.0,4.9,4.9,12,2015,,,,Y,,,,,,6.9,Y,,,,,
59462,"Heelstone Energy Holdings, LLC",59828,Balsam,NC,Lee,5375,OP,Solar Photovoltaic,PV,IPP Non-CHP,2,5.0,5.0,5.0,12,2015,,,,Y,,,,,,6.7,Y,,,,,
59611,Royal Solar,59831,Royal Solar,NC,Cumberland,FLS1,OP,Solar Photovoltaic,PV,IPP Non-CHP,2,4.9,4.9,4.9,8,2015,,,,Y,,,,,,6.6,Y,,,,,
59609,TWE Kinston Solar,59832,Kinston Solar,NC,Lenoir,FLS1,OP,Solar Photovoltaic,PV,IPP Non-CHP,2,5.0,5.0,5.0,8,2015,,,,Y,,,,,,6.6,Y,,,,,
59610,TWE Laurinburg Solar,59833,Laurinburg Solar,NC,Scotland,FLS1,OP,Solar Photovoltaic,PV,IPP Non-CHP,2,5.0,5.0,5.0,8,2015,,,,Y,,,,,,6.5,Y,,,,,
59612,GES MegaOne LLC,59834,Indy Grocers,IN,Marion,INGRO,OP,Solar Photovoltaic,PV,IPP Non-CHP,2,1.0,1.0,1.0,6,2015,,,,Y,,,,,,1.2,Y,,,,,
59462,"Heelstone Energy Holdings, LLC",59835,Newton Grove,NC,Sampson,GEN1,OP,Solar Photovoltaic,PV,IPP Non-CHP,2,1.9,1.9,1.9,9,2015,,,,Y,,,,,,2.4,Y,,,,,
58661,"Sustainable Power Group, LLC",59839,Spring Hill Road,MA,Worcester,SHRD1,OP,Solar Photovoltaic,PV,IPP Non-CHP,2,1.9,1.9,1.9,12,2015,,,,Y,,,,,,2.5,Y,,,,,
56975,"Constellation Solar Maryland, LLC",59841,General Motors Corp at White Marsh MD,MD,Baltimore,PV1,OP,Solar Photovoltaic,PV,IPP Non-CHP,2,1.0,1.0,1.0,5,2011,,,,Y,,,,,,1.2,Y,,,,,
58304,Constellation Solar Maryland II LLC,59842,CNE at Cambridge MD,MD,Dorchester,PV1,OP,Solar Photovoltaic,PV,IPP Non-CHP,2,3.2,3.2,3.2,4,2015,,,,Y,,,,,,4.3,Y,,,,,
59617,"Constellation Solar Georgia, LLC.",59843,Georgia Power at Wadley GA,GA,Jefferson,PV1,OP,Solar Photovoltaic,PV,IPP Non-CHP,2,1.0,1.0,1.0,12,2014,,,,Y,,,,,,1.2,Y,,,,,
59614,"Munich Reinsurance America, Inc",59844,Munich Re Plaza,NJ,Middlesex,PZ1,OP,Solar Photovoltaic,PV,Commercial Non-CHP,4,1.6,1.6,1.6,7,2012,,,,Y,,,,,,1.6,Y,,,,,
59614,"Munich Reinsurance America, Inc",59844,Munich Re Plaza,NJ,Middlesex,PZ2,OP,Solar Photovoltaic,PV,Commercial Non-CHP,4,0.8,0.8,0.8,10,2012,,,,Y,,,,,,0.8,Y,,,,,
59650,Pikes Peak Solar Garden 1 LLC,59848,Pikes Peak Solar Garden 1 LLC,CO,El Paso,PPSG1,OP,Solar Photovoltaic,PV,IPP Non-CHP,2,2.0,2.0,2.0,7,2015,,N,,Y,,,,,,2.5,Y,,,,,
59651,Adams Community Solar Garden LLC,59849,Adams Community Solar Garden LLC,CO,Adams,23377,OP,Solar Photovoltaic,PV,IPP Non-CHP,2,1.2,1.2,1.2,7,2015,,Y,,N,,,,,,1.5,Y,,,,,
59652,Adams Community Solar Garden III LLC,59850,Adams Community Solar Garden III LLC,CO,Adams,23376,OP,Solar Photovoltaic,PV,IPP Non-CHP,2,1.2,1.2,1.2,7,2015,,Y,,,,,,,,1.5,Y,,,,,
59637,"SolNCPower6, LLC",59856,"SoINCPower6, LLC",NC,Gates,SUN1,OP,Solar Photovoltaic,PV,IPP Non-CHP,2,5.0,5.0,5.0,10,2015,,Y,,,,,,,,7,Y,,,,,
59638,"SolNCPower5, LLC",59857,"SoINCPower5, LLC",NC,Nash,BAT1,OP,Solar Photovoltaic,PV,IPP Non-CHP,2,5.0,5.0,5.0,5,2015,,Y,,,,,,,,6.9,Y,,,,,
59209,"Half Moon Ventures, LLC",59858,Johnston Solar,RI,Providence,JSI01,OP,Solar Photovoltaic,PV,IPP Non-CHP,2,1.0,1.0,1.0,7,2015,,,,Y,,,,,,1.5,Y,,,,,
7140,Georgia Power Co,59862,Fort Benning Solar Facility,GA,Chattahoochee,1,OP,Solar Photovoltaic,PV,Electric Utility,1,30.0,30.0,30.0,12,2015,,,,Y,,,,,,42,Y,,,,,
59653,Palmer Solar LLC,59866,Palmer Solar LLC,MA,Hampden,11111,OP,Solar Photovoltaic,PV,IPP Non-CHP,2,2.5,2.5,2.5,12,2013,,Y,,,,,,,,2.5,Y,,,,,
59648,Lockheed Martin Solar System,59867,Lockheed Martin Solar System,FL,Pinellas,LMSOL,OP,Solar Photovoltaic,PV,IPP Non-CHP,2,1.9,1.9,1.9,9,2015,,,,Y,,,,,,2.2,Y,,,,,
59660,"Solar Star California XXXII, LLC",59872,UC Davis South Campus,CA,Yolo,UCD1,OP,Solar Photovoltaic,PV,Commercial Non-CHP,4,13.0,13.0,13.0,3,2015,,,,Y,,,,,,16.3,Y,,,,,
59654,Lowell Solar Landfill LLC,59873,Lowell Solar Landfill,MA,Middlesex,PV,OP,Solar Photovoltaic,PV,IPP Non-CHP,2,1.3,1.3,1.3,12,2013,,,,Y,,,,,,1.5,Y,,,,,
58468,Dominion Renewable Energy,59874,Richland Solar Center,GA,Twiggs,PV1,OP,Solar Photovoltaic,PV,IPP Non-CHP,2,20.0,20.0,20.0,12,2015,,,,Y,,,,,,33.4,Y,,,,,
59365,Capital Power Corporation,59887,"Beaufort Solar, LLC",NC,Beaufort,GEN,OP,Solar Photovoltaic,PV,IPP Non-CHP,2,15.0,15.0,15.0,12,2015,,,,Y,,,,,,20,Y,,,,,
59672,"SunEnergy1-Scotland Neck, LLC",59898,"SunEnergy1-Scotland Neck, LLC",NC,Halifax,SE1SN,OP,Solar Photovoltaic,PV,IPP Non-CHP,2,3.0,3.0,3.0,12,2014,,Y,,,,,,,,4.2,Y,,,,,
59673,Choco Solar LLC,59899,"Choco Solar, LLC",NC,Beaufort,CHOCO,OP,Solar Photovoltaic,PV,IPP Non-CHP,2,5.0,5.0,5.0,12,2014,,Y,,,,,,,,7,Y,,,,,
59674,Albertson Solar LLC,59901,Albertson Solar LLC,NC,Duplin,ALBRT,OP,Solar Photovoltaic,PV,IPP Non-CHP,2,5.0,5.0,5.0,7,2015,,Y,,,,,,,,7,Y,,,,,
13407,Nevada Power Co,59919,Nellis Solar PV II,NV,Clark,NSPV2,OP,Solar Photovoltaic,PV,Electric Utility,1,15.0,15.0,15.0,11,2015,,Y,,,,,,,,18,Y,,,,,
59685,AstraZeneca Pharmaceuticals LP,59922,South Campus Solar,DE,New Castle,GA500,OP,Solar Photovoltaic,PV,Commercial Non-CHP,4,0.5,0.5,0.5,8,2011,,,,Y,,,,,,0.5,,,,,,Y
59685,AstraZeneca Pharmaceuticals LP,59922,South Campus Solar,DE,New Castle,SG333,OP,Solar Photovoltaic,PV,Commercial Non-CHP,4,0.3,0.3,0.3,8,2011,,,,Y,,,,,,0.3,,,,,,Y
59685,AstraZeneca Pharmaceuticals LP,59922,South Campus Solar,DE,New Castle,SG500,OP,Solar Photovoltaic,PV,Commercial Non-CHP,4,0.5,0.5,0.5,8,2011,,,,Y,,,,,,0.5,,,,,,Y
59694,BG Stewart Solar Farm LLC,59930,"BG Stewart Solar Farm, LLC",NC,Union,NB005,OP,Solar Photovoltaic,PV,IPP Non-CHP,2,5.0,4.9,4.9,11,2015,,,,Y,,,,,,6.4,Y,,,,,
59695,"SunE Solar XVII Project 3, LLC",59932,Fiddler's Canyon 3,UT,Iron,FID3,OP,Solar Photovoltaic,PV,IPP Non-CHP,2,3.0,3.0,3.0,12,2015,,Y,,,,,,,,3.9,Y,,,,,
59613,BayWa r.e. Solar Projects LLC,59942,Morgan Lancaster 1,CA,Los Angeles,ML1,OP,Solar Photovoltaic,PV,IPP Non-CHP,2,1.5,1.5,1.5,9,2015,,,Y,,,,,,,1.8,Y,,,,,N
59707,"Conetoe II Solar, LLC",59944,"Conetoe II Solar, LLC",NC,Edgecombe,CONE1,OP,Solar Photovoltaic,PV,IPP Non-CHP,2,80.0,80.0,80.0,12,2015,,Y,,,,,,,,112,Y,,,,,
59710,"SR Camden, LLC",59947,SR Camden,AR,Calhoun,AERO,OP,Solar Photovoltaic,PV,IPP Non-CHP,2,12.0,12.0,12.0,12,2015,,Y,,,,,,,,16.6,,Y,,,,
59711,Bakersfield 111 LLC,59948,Bakersfield 111,CA,Kern,BF111,OP,Solar Photovoltaic,PV,IPP Non-CHP,2,1.4,1.4,1.4,7,2015,,Y,,,,,,,,1.4,Y,,,,,
58477,"O2energies, Inc.",59950,Yadkinville Solar,NC,Yadkin,YAK,OP,Solar Photovoltaic,PV,IPP Non-CHP,2,3.5,3.5,3.5,12,2015,,,,Y,,,,,,4.8,Y,,,,,
59462,"Heelstone Energy Holdings, LLC",59955,Smithfield,NC,Johnston,GEN01,OP,Solar Photovoltaic,PV,IPP Non-CHP,2,1.8,1.8,1.8,10,2015,,,,Y,,,,,,2.3,Y,,,,,
59462,"Heelstone Energy Holdings, LLC",59956,ESA Selma,NC,Johnston,GEN02,OP,Solar Photovoltaic,PV,IPP Non-CHP,2,1.8,1.8,1.8,9,2015,,,,Y,,,,,,2.3,Y,,,,,
59716,SunE DB24 LLC,59958,Milford 2,UT,Beaver,MIL2,OP,Solar Photovoltaic,PV,IPP Non-CHP,2,3.0,3.0,3.0,12,2015,,Y,,,,,,,,3.8,Y,,,,,
3046,Duke Energy Progress - (NC),59966,Camp Lejeune Solar,NC,Onslow,PV1,OP,Solar Photovoltaic,PV,Electric Utility,1,12.8,12.8,12.8,12,2015,,,,Y,,,,,,12.8,Y,,,,,
59736,Columbia Solar Energy LLC,59979,"Columbia Solar Energy, LLC",CA,Contra Costa,GEN1,OP,Solar Photovoltaic,PV,IPP Non-CHP,2,19.2,19.2,19.2,10,2015,,,,Y,,,,,,25.4,Y,,,,,
59737,American Capital Energy,59980,Mashpee Landfill Solar,MA,Barnstable,MASH,OP,Solar Photovoltaic,PV,IPP Non-CHP,2,1.5,1.5,1.5,9,2014,,,,Y,,,,,,1.8,Y,,,,,
9267,"Hoosier Energy R E C, Inc",59981,New Castle Solar RES,IN,Henry,PV1,OP,Solar Photovoltaic,PV,Electric Utility,1,1.1,1.1,1.1,11,2015,,Y,,,,,,,,1.3,Y,,,,,
9267,"Hoosier Energy R E C, Inc",59982,Scotland Solar RES,IN,Greene,PV1,OP,Solar Photovoltaic,PV,Electric Utility,1,1.1,1.1,1.1,11,2015,,Y,,,,,,,,1.3,Y,,,,,
9267,"Hoosier Energy R E C, Inc",59984,Lanesville Solar RES,IN,Harrison,PV1,OP,Solar Photovoltaic,PV,Electric Utility,1,1.1,1.1,1.1,12,2015,,Y,,,,,,,,1.3,Y,,,,,
58970,"Ecoplexus, Inc",59999,Ouchchy PV1,NC,Orange,OUCH1,OP,Solar Photovoltaic,PV,IPP Non-CHP,2,3.0,3.0,3.0,12,2015,,,,Y,,,,,,4,Y,,,,,
60039,REC Solar,60004,Clarkstown Landfill Solar Facility,NY,Rockland,INV#1,OP,Solar Photovoltaic,PV,IPP Non-CHP,2,1.0,1.0,1.0,12,2014,,,,Y,,,,,,2,,,Y,,,
60039,REC Solar,60004,Clarkstown Landfill Solar Facility,NY,Rockland,INV#2,OP,Solar Photovoltaic,PV,IPP Non-CHP,2,1.0,1.0,1.0,12,2014,,,,Y,,,,,,2,,,Y,,,
17650,Southern Power Co,60007,Morelos del Sol,CA,Kern,MORLS,OP,Solar Photovoltaic,PV,IPP Non-CHP,2,15.0,15.0,15.0,11,2015,,Y,,,,,,,,18.7,,,,Y,,
59744,"Solar Star Colorado III, LLC",60008,Hooper Solar,CO,Alamosa,SCCO3,OP,Solar Photovoltaic,PV,IPP Non-CHP,2,52.0,52.0,52.0,12,2015,,Y,,,,,,,,58,Y,,,,,
5109,DTE Electric Company,60017,Domino Farms Solar,MI,Washtenaw,1,OP,Solar Photovoltaic,PV,Electric Utility,1,1.0,1.0,1.0,9,2015,,,,Y,,,,,,1,Y,,,,,
5109,DTE Electric Company,60018,Ford World Headquarters,MI,Wayne,1,OP,Solar Photovoltaic,PV,Electric Utility,1,1.0,1.0,1.0,4,2015,,,,Y,,,,,,1.9,Y,,,,,
59762,"UGT Renewable Energy 13, LLC",60022,Oxford,MA,Worcester,OXFRD,OP,Solar Photovoltaic,PV,IPP Non-CHP,2,2.8,2.8,2.8,7,2014,,,,Y,,,,,,3.5,Y,,,,,
59768,"West Hills Construction, Inc",60026,Little Rock Pham Solar,CA,Los Angeles,PV1,OP,Solar Photovoltaic,PV,IPP Non-CHP,2,3.0,3.0,3.0,12,2015,,Y,,,,,,,,4.2,,Y,,,,
58661,"Sustainable Power Group, LLC",60027,Adera Solar,CA,Madera,ADERA,OP,Solar Photovoltaic,PV,IPP Non-CHP,2,20.0,20.0,20.0,12,2015,,,,Y,,,,,,26.5,Y,,,,,
57365,Consolidated Edison Solutions Inc,60029,CES VMT Solar,MD,Washington,VMMD,OP,Solar Photovoltaic,PV,IPP Non-CHP,2,1.1,1.1,1.1,7,2015,,,,Y,,,,,,1.3,Y,,,,,
59775,"Solar Star California XXXI, LLC",60035,Tequesquite Landfill Solar PV Project,CA,Riverside,RPU1,OP,Solar Photovoltaic,PV,IPP Non-CHP,2,7.3,7.3,7.3,10,2015,,,,Y,,,,,,9.4,Y,,,,,
58491,"Constellation Solar Holding, LLC",60036,CCBC-Catonsville,MD,Howard,PV1,OP,Solar Photovoltaic,PV,IPP Non-CHP,2,1.6,1.6,1.6,9,2015,,,,Y,,,,,,2.3,Y,,,,,
58491,"Constellation Solar Holding, LLC",60038,Owens Corning Headquarters,OH,Lucas,PV1,OP,Solar Photovoltaic,PV,IPP Non-CHP,2,2.1,2.1,2.1,9,2015,,,,Y,,,,,,2.4,Y,,,,,
58135,Ecos Energy LLC,60046,Portage Solar,IN,Porter,PV7,OP,Solar Photovoltaic,PV,IPP Non-CHP,2,1.5,1.5,1.5,11,2012,,,,Y,,,,,,2,Y,,,,,
58135,Ecos Energy LLC,60047,Middlebury Solar,IN,Elkhart,PV6,OP,Solar Photovoltaic,PV,IPP Non-CHP,2,1.5,1.5,1.5,11,2012,,,,Y,,,,,,2,Y,,,,,
59781,TWE Chocowinity Solar,60048,"TWE Chocowinity Solar, LLC",NC,Beaufort,FLS1,OP,Solar Photovoltaic,PV,IPP Non-CHP,2,4.5,4.5,4.5,12,2015,,,,Y,,,,,,4.9,Y,,,,,
59778,Innovative Solar 10,60050,Innovative Solar 10,NC,Haywood,FLS1,OP,Solar Photovoltaic,PV,IPP Non-CHP,2,1.5,1.5,1.5,10,2015,,,,Y,,,,,,1.9,Y,,,,,
59782,"Innovative Solar 18, LLC",60051,"Innovative Solar 18, LLC",NC,Rutherford,FLS1,OP,Solar Photovoltaic,PV,IPP Non-CHP,2,1.9,1.9,1.9,12,2015,,,,Y,,,,,,2.7,Y,,,,,
59783,"Innovative Solar 26, LLC",60052,"Innovative Solar 26, LLC",NC,Burke,FLS1,OP,Solar Photovoltaic,PV,IPP Non-CHP,2,1.9,1.9,1.9,12,2015,,,,Y,,,,,,2.6,Y,,,,,
59787,Innovative Solar 16,60055,Innovative Solar 16,NC,Henderson,FLS1,OP,Solar Photovoltaic,PV,IPP Non-CHP,2,2.0,2.0,2.0,10,2015,,,,Y,,,,,,2.5,Y,,,,,
59785,"Syncarpha Palmer, LLC",60056,"Syncarpha Palmer, LLC",MA,Hampden,SYNPA,OP,Solar Photovoltaic,PV,IPP Non-CHP,2,4.8,4.8,4.8,12,2015,,,,Y,,,,,N,6,Y,,,,,
59791,Lindberg Field Solar I LLC,60060,Lindberg FIeld Solar,CA,San Diego,SDIAB,OP,Solar Photovoltaic,PV,IPP Non-CHP,2,0.5,0.5,0.5,12,2015,,,,Y,,,,,,0.5,Y,,,,,
59804,"Federal Road Solar 1, LLC",60065,"Federal Road Solar 1, LLC",MA,Plymouth,FEDRD,OP,Solar Photovoltaic,PV,IPP Non-CHP,2,4.4,4.4,4.4,12,2015,,,,Y,,,,,,6,Y,,,,,
59805,"BWC Swan Pond River, LLC",60067,BWC Swan Pond River,MA,Bristol,SPRMA,OP,Solar Photovoltaic,PV,IPP Non-CHP,2,1.6,1.6,1.6,12,2015,,,,Y,,,,,,2.4,Y,,,,,
59825,"Neisler Street Solar I, LLC",60072,Neisler Street Solar,NC,Cleveland,NSS1,OP,Solar Photovoltaic,PV,IPP Non-CHP,2,2.0,2.0,2.0,8,2015,,,,Y,,,,,,2.9,Y,,,,,
59822,"Syncarpha Massachusetts, LLC",60073,Leominster,MA,Worcester,SNLEO,OP,Solar Photovoltaic,PV,IPP Non-CHP,2,2.0,2.0,2.0,5,2015,,,,Y,,,,,,2.5,Y,,,,,
59823,"Syncarpha North Adams, LLC",60074,North Adams Landfill,MA,Berkshire,SNNOA,OP,Solar Photovoltaic,PV,IPP Non-CHP,2,2.2,2.2,2.2,10,2015,,,,Y,,,,,,2.9,Y,,,,,
59824,"Fisher Road Solar I, LLC",60075,Fisher Road Solar,MA,Bristol,SYFRS,OP,Solar Photovoltaic,PV,IPP Non-CHP,2,4.6,4.6,4.6,5,2015,,,,Y,,,,,,6,Y,,,,,
20323,Wellhead Services Inc,60083,Fresno Solar,CA,Fresno,PV-S,OP,Solar Photovoltaic,PV,IPP Non-CHP,2,1.5,1.5,1.5,10,2015,,Y,,,,,,,,1.6,Y,,,,,
20323,Wellhead Services Inc,60083,Fresno Solar,CA,Fresno,PV-W,OP,Solar Photovoltaic,PV,IPP Non-CHP,2,1.5,1.5,1.5,10,2015,,Y,,,,,,,,1.6,Y,,,,,
59838,"SunE DB27, LLC",60089,Elkton Solar,MD,Cecil,ELKTN,OP,Solar Photovoltaic,PV,IPP Non-CHP,2,1.6,1.6,1.6,12,2015,,,,Y,,,,,,2.1,Y,,,,,
57313,SolarCity Corporation,60096,Town of Chestertown- Chestertown WWTP,MD,Kent,PV1,OP,Solar Photovoltaic,PV,IPP Non-CHP,2,1.0,1.0,1.0,12,2015,,Y,,,,,,,,1.3,Y,,,,,
59462,"Heelstone Energy Holdings, LLC",60101,"Shelby Randolph Road Solar 1, LLC",NC,Cleveland,SRR,OP,Solar Photovoltaic,PV,IPP Non-CHP,2,2.0,1.9,1.9,9,2015,,,,Y,,,,,,2.7,Y,,,,,
59462,"Heelstone Energy Holdings, LLC",60105,"Lafayette Solar I, LLC",NC,Cleveland,LAF,OP,Solar Photovoltaic,PV,IPP Non-CHP,2,2.0,1.9,1.9,9,2015,,,,Y,,,,,,2.5,Y,,,,,
59462,"Heelstone Energy Holdings, LLC",60106,"Rockingham Solar, LLC",NC,Richmond,ROCK,OP,Solar Photovoltaic,PV,IPP Non-CHP,2,5.0,4.9,4.9,11,2015,,,,Y,,,,,,6.8,Y,,,,,
59462,"Heelstone Energy Holdings, LLC",60107,"York Road Solar I, LLC",NC,Cleveland,YORK,OP,Solar Photovoltaic,PV,IPP Non-CHP,2,2.0,1.9,1.9,9,2015,,,,Y,,,,,,2.6,Y,,,,,
59462,"Heelstone Energy Holdings, LLC",60108,"SID Solar I, LLC",NC,Cleveland,SID,OP,Solar Photovoltaic,PV,IPP Non-CHP,2,5.0,4.9,4.9,9,2015,,,,Y,,,,,,6.4,Y,,,,,
59894,"HCE Johnston I, LLC",60121,"HCE Johnston I, LLC",NC,Johnston,HCEJI,OP,Solar Photovoltaic,PV,IPP Non-CHP,2,2.6,2.6,2.6,12,2015,,,,Y,,,,,,2.6,Y,,,,,
59462,"Heelstone Energy Holdings, LLC",60129,"Red Toad 1425 A Powatan Road, LLC",NC,Johnston,POW,OP,Solar Photovoltaic,PV,IPP Non-CHP,2,2.0,1.9,1.9,12,2015,,,,Y,,,,,,2.8,Y,,,,,
59462,"Heelstone Energy Holdings, LLC",60131,Durham Solar,NC,Durham,DURM,OP,Solar Photovoltaic,PV,IPP Non-CHP,2,3.5,3.4,3.4,12,2015,,,,Y,,,,,,4.6,Y,,,,,
59462,"Heelstone Energy Holdings, LLC",60133,"Morgan Farm, LLC",NC,Franklin,MOR,OP,Solar Photovoltaic,PV,IPP Non-CHP,2,5.0,4.9,4.9,12,2015,,,,Y,,,,,,6.7,Y,,,,,
59462,"Heelstone Energy Holdings, LLC",60134,"Nashville Farms, LLC",NC,Nash,NASH,OP,Solar Photovoltaic,PV,IPP Non-CHP,2,2.0,1.9,1.9,12,2015,,,,Y,,,,,,2.6,Y,,,,,
59462,"Heelstone Energy Holdings, LLC",60135,"Cedar Solar, LLC",NC,Duplin,CED,OP,Solar Photovoltaic,PV,IPP Non-CHP,2,5.0,4.9,4.9,11,2015,,,,Y,,,,,,6.7,Y,,,,,
59462,"Heelstone Energy Holdings, LLC",60136,"Elm Solar, LLC",NC,Lee,ELM,OP,Solar Photovoltaic,PV,IPP Non-CHP,2,5.0,4.9,4.9,12,2015,,,,Y,,,,,,6.7,Y,,,,,
59942,Argos Solar LLC,60150,Cornell Geneva Solar Farm,NY,Ontario,ARGOS,OP,Solar Photovoltaic,PV,IPP Non-CHP,2,2.0,2.0,2.0,12,2015,,,,Y,,,,,,2.8,Y,,,,,
59951,"Conetoe Solar, LLC",60188,Conetoe Solar,NC,Edgecombe,CON15,OP,Solar Photovoltaic,PV,IPP Non-CHP,2,5.0,5.0,5.0,12,2015,,Y,,,,,,,,7,Y,,,,,
59952,"Sugar Run Solar, LLC",60189,Sugar Run Solar,NC,Gates,SRS15,OP,Solar Photovoltaic,PV,IPP Non-CHP,2,5.0,5.0,5.0,12,2015,,Y,,,,,,,,7,Y,,,,,
59209,"Half Moon Ventures, LLC",60190,HMW Minster PV I,OH,Auglaize,MIN01,OP,Solar Photovoltaic,PV,IPP Non-CHP,2,3.0,3.0,3.0,12,2015,,,,Y,,,,,,4.3,Y,,,,,
59300,PNM Resources,60195,South Valley Solar Energy Center,NM,Bernalillo,SVSEC,OP,Solar Photovoltaic,PV,Electric Utility,1,10.0,9.9,9.9,12,2015,,Y,,,,,,,,12.4,Y,,,,,
59300,PNM Resources,60196,Santa Fe Solar Energy Center,NM,Santa Fe,SFSEC,OP,Solar Photovoltaic,PV,Electric Utility,1,9.5,9.3,9.3,12,2015,,Y,,,,,,,,11.6,Y,,,,,
59300,PNM Resources,60197,Santolina Solar Energy Center,NM,Bernalillo,SANTO,OP,Solar Photovoltaic,PV,Electric Utility,1,10.5,10.5,10.5,12,2015,,Y,,,,,,,,12.4,Y,,,,,
59300,PNM Resources,60198,Rio Communities Solar Energy Center,NM,Valencia,RCSEC,OP,Solar Photovoltaic,PV,Electric Utility,1,10.0,9.9,9.9,12,2015,,Y,,,,,,,,12.4,Y,,,,,
59462,"Heelstone Energy Holdings, LLC",60200,"Laurinburg Solar, LLC (Heelstone)",NC,Robeson,LAUR,OP,Solar Photovoltaic,PV,IPP Non-CHP,2,2.0,1.9,1.9,12,2015,,,,Y,,,,,,2.7,,Y,,,,
60004,"Strata Roof 1, LLC",60219,Strata Roof 1,CA,Sacramento,UNIT1,OP,Solar Photovoltaic,PV,IPP Non-CHP,2,1.0,1.0,0.6,5,2013,,,,Y,,,,,,1.1,Y,,,,,
60020,"McDonald Solar Farm, LLC",60238,"McDonald Solar Farm, LLC",IN,Vigo,PV1,OP,Solar Photovoltaic,PV,IPP Non-CHP,2,5.2,5.2,5.2,12,2015,,,,Y,,,,,,7,,,,Y,,
60021,"Pastime Farm, LLC",60239,"Pastime Farm, LLC",IN,Clay,PV1,OP,Solar Photovoltaic,PV,IPP Non-CHP,2,5.2,5.2,5.2,12,2015,,,,Y,,,,,,7,,,,Y,,
60026,"Yanceyville Farm 3, LLC",60240,"Yanceyville Farm 3, LLC",NC,Caswell,1,OP,Solar Photovoltaic,PV,IPP Non-CHP,2,4.9,4.9,4.9,12,2015,,,,Y,,,,,,6.4,,Y,,,,
60036,SR Clinch,60247,Valley View Solar,CO,Weld,VVS,OP,Solar Photovoltaic,PV,IPP Non-CHP,2,4.0,4.0,4.0,12,2015,,Y,,,,,,,,5.5,,Y,,,,
60036,SR Clinch,60248,Skylark,CO,Weld,CAREY,OP,Solar Photovoltaic,PV,IPP Non-CHP,2,4.0,4.0,4.0,12,2015,,Y,,,,,,,,5.5,,Y,,,,
60104,"Howell Midland Farm, LLC",60312,"Howell Midland Farm, LLC",NC,Cabarrus,1,OP,Solar Photovoltaic,PV,IPP Non-CHP,2,4.9,4.9,4.9,12,2015,,,,Y,,,,,,6.4,Y,,,,,
60110,"Augustus Farm, LLC",60313,"Augustus Farm, LLC",NC,Pitt,1,OP,Solar Photovoltaic,PV,IPP Non-CHP,2,4.9,4.9,4.9,12,2015,,,,Y,,,,,,6.8,,Y,,,,
60127,"SSA Solar of NM 3, LLC",60341,Wal-Mart Truth or Consequences PV,NM,Sierra,WMTOC,OP,Solar Photovoltaic,PV,IPP Non-CHP,2,1.0,1.0,1.0,9,2015,,,,Y,,,,,,1.1,Y,,,,,
60150,"SunE DB42, LLC",60353,Cecil County CCVT HS,MD,Cecil,CCVT,OP,Solar Photovoltaic,PV,IPP Non-CHP,2,2.0,2.0,2.0,12,2015,,,,Y,,,,,,2.6,Y,,,,,
60163,Soltage LLC,60365,Vulcraft Solar,NY,Chemung,VULC,OP,Solar Photovoltaic,PV,IPP Non-CHP,2,1.6,1.6,1.6,11,2013,,,,Y,,,,,,2.2,Y,,,,,
60157,"Battleboro Farm, LLC",60369,Battleboro Farm,NC,Nash,BFPV,OP,Solar Photovoltaic,PV,IPP Non-CHP,2,5.2,5.2,5.2,12,2015,,,,Y,,,,,,6.8,,,,Y,,
60203,"Bizzell Church Solar 1, LLC",60401,"Bizzell Church Solar 1, LLC",NC,Johnston,BCSPV,OP,Solar Photovoltaic,PV,IPP Non-CHP,2,5.2,5.2,5.2,12,2015,,,,Y,,,,,,6.9,Y,,,,,
60205,"Currin Solar, LLC",60403,"Currin Solar, LLC",NC,Granville,CSPV,OP,Solar Photovoltaic,PV,IPP Non-CHP,2,5.2,5.2,5.2,12,2015,,,,Y,,,,,,6.4,Y,,,,,
60163,Soltage LLC,60411,"Coventry Photovoltaic, LLC",VT,Orleans,COVEN,OP,Solar Photovoltaic,PV,IPP Non-CHP,2,2.2,2.2,2.2,8,2014,,,,Y,,,,,,2.7,Y,,,,,
19876,Virginia Electric & Power Co,60422,Morgan's Corner,NC,Pasquotank,1,OP,Solar Photovoltaic,PV,Electric Utility,1,20.0,20.0,20.0,12,2015,,,,,,,,,, ,,,,,,
57081,"WGL Energy Systems, Inc",60425,Skidmore College,NY,Saratoga,SO049,OP,Solar Photovoltaic,PV,IPP Non-CHP,2,2.0,2.0,2.0,7,2014,,,,Y,,,,,,2,Y,,,,,
60228,CoServ Electric,60427,CoServ Solar Station,TX,Denton,CSS1,OP,Solar Photovoltaic,PV,IPP Non-CHP,2,2.0,2.0,2.0,6,2015,,,,Y,,,,,,2.6,Y,,,,,
60231,"SEC LHNY Solar One, LLC",60431,Tompkins Cortland Community College,NY,Tompkins,TC3,OP,Solar Photovoltaic,PV,IPP Non-CHP,2,2.0,2.0,2.0,5,2015,,,,Y,,,,,,2.6,Y,,,,,
57081,"WGL Energy Systems, Inc",60446,E&B Resources,CA,Kern,PVEB,OP,Solar Photovoltaic,PV,IPP Non-CHP,2,1.0,1.0,1.0,12,2013,,Y,,,,,,,,1.1,Y,,,,,
57081,"WGL Energy Systems, Inc",60447,Presbyterian Senior Living Service,MD,Baltimore,PSLS,OP,Solar Photovoltaic,PV,IPP Non-CHP,2,1.2,1.2,1.2,9,2013,,Y,,,,,,,,1.2,Y,,,,,
57081,"WGL Energy Systems, Inc",60448,Valdosta,GA,Lowndes,VALD,OP,Solar Photovoltaic,PV,IPP Non-CHP,2,1.0,1.0,1.0,10,2013,,,,Y,,,,,,1.3,Y,,,,,
57081,"WGL Energy Systems, Inc",60450,Corcoran,CA,Kings,PVCR,OP,Solar Photovoltaic,PV,IPP Non-CHP,2,1.1,1.1,1.1,1,2014,,,,Y,,,,,,1.3,Y,,,,,
57081,"WGL Energy Systems, Inc",60451,Brookside,RI,Providence,PVBR,OP,Solar Photovoltaic,PV,IPP Non-CHP,2,1.0,1.0,1.0,11,2015,,,,Y,,,,,,1.2,Y,,,,,
57081,"WGL Energy Systems, Inc",60452,Calverton,NY,Suffolk,CALV,OP,Solar Photovoltaic,PV,IPP Non-CHP,2,3.9,3.9,3.9,10,2015,,,,Y,,,,,,3.9,Y,,,,,
57081,"WGL Energy Systems, Inc",60453,"Cummins, Inc",NY,Chautauqua,CUMM,OP,Solar Photovoltaic,PV,IPP Non-CHP,2,2.0,2.0,2.0,6,2015,,,,Y,,,,,,2,Y,,,,,
57081,"WGL Energy Systems, Inc",60454,Houghton,NY,Allegany,HOUGH,OP,Solar Photovoltaic,PV,IPP Non-CHP,2,2.6,2.6,2.6,4,2015,,,,Y,,,,,,2.6,Y,,,,,
60239,"Oneida DG Solar, LLC",60455,Oneida - South,NY,Oneida,ONS,OP,Solar Photovoltaic,PV,IPP Non-CHP,2,1.9,1.9,1.9,12,2015,,,,Y,,,,,,2.6,Y,,,,,
60239,"Oneida DG Solar, LLC",60456,Oneida - West,NY,Oneida,ONW,OP,Solar Photovoltaic,PV,IPP Non-CHP,2,1.9,1.9,1.9,12,2015,,,,Y,,,,,,2.6,Y,,,,,
60240,"SEC CRSD Solar One, LLC",60458,Hardwick-Athol & Eagle Hill,MA,Worcester,HAEH,OP,Solar Photovoltaic,PV,IPP Non-CHP,2,2.8,2.8,2.8,7,2015,,,,Y,,,,,,3.4,Y,,,,,
60264,"Germantown Solar, LLC",60480,"Germantown Solar, LLC",NC,Forsyth,PV1,OP,Solar Photovoltaic,PV,IPP Non-CHP,2,2.1,2.1,2.1,12,2015,,,,Y,,,,,,2.1,,,,,,Y
60267,Hartz Solar Hamilton LLC,60489,Hamilton Solar-Crosswicks,NJ,Mercer,PV1,OP,Solar Photovoltaic,PV,IPP Non-CHP,2,3.5,3.5,3.5,12,2011,,,,Y,,,,,,4,Y,,,,,
60267,Hartz Solar Hamilton LLC,60489,Hamilton Solar-Crosswicks,NJ,Mercer,PV2,OP,Solar Photovoltaic,PV,IPP Non-CHP,2,4.0,4.0,4.0,12,2011,,,,Y,,,,,,4.6,Y,,,,,
60281,"Altus Power America Management, LLC",60494,Hampden,MA,Hampden,1,OP,Solar Photovoltaic,PV,IPP Non-CHP,2,3.2,3.2,3.2,7,2015,,,,Y,,,,,,4.3,Y,,,,,
60281,"Altus Power America Management, LLC",60495,Little Bay,RI,Providence,1,OP,Solar Photovoltaic,PV,IPP Non-CHP,2,1.3,1.3,1.3,3,2014,,,,Y,,,,,,1.5,Y,,,,,
60281,"Altus Power America Management, LLC",60496,MEBA,MD,Talbot,1,OP,Solar Photovoltaic,PV,IPP Non-CHP,2,1.5,1.5,1.5,11,2014,,,,Y,,,,,,2,Y,,,,,
60268,Hartz Solar LLC,60499,Jefferson Avenue,NJ,Hudson,1,OP,Solar Photovoltaic,PV,Commercial Non-CHP,4,1.7,1.7,1.1,12,2009,,,,Y,,,,,,1.9,Y,,,,,
60268,Hartz Solar LLC,60500,Westside Avenue,NJ,Hudson,1,OP,Solar Photovoltaic,PV,Commercial Non-CHP,4,1.0,0.9,0.6,3,2011,,,,Y,,,,,,1,Y,,,,,
60268,Hartz Solar LLC,60501,Hartz Way,NJ,Hudson,1,OP,Solar Photovoltaic,PV,Commercial Non-CHP,4,1.0,0.9,0.6,12,2010,,,,Y,,,,,,1,Y,,,,,
57081,"WGL Energy Systems, Inc",60514,Seminole,GA,Seminole,PV1,OP,Solar Photovoltaic,PV,IPP Non-CHP,2,1.6,1.6,1.6,10,2014,,Y,,,,,,,,2,Y,,,,,
