Utility ID,Utility Name,Plant Code,Plant Name,State,County,Generator ID,Status,Technology,Prime Mover,Sector Name,Sector,Nameplate Capacity (MW),Summer Capacity (MW),Winter Capacity (MW),Operating Month,Operating Year,Predominant Turbine Manufacturer,Predominant Turbine Model Number,Design Wind Speed (mph),Wind Quality Class,Turbine Hub Height (Feet),FAA Obstacle Number
309,City of Algona - (IA),7966,Iowa Distributed Wind Generation Project,IA,Kossuth,IDWG,OP,Onshore Wind Turbine,WT,Electric Utility,1,2.3,2.3,2.3,6,2000,GE,Z50,15.7,2,165,19-001472
794,Apollo Energy Corp,56378,Pakini Nui Wind Farm,HI,Hawaii,1,OP,Onshore Wind Turbine,WT,IPP Non-CHP,2,21.0,21.0,21.0,4,2007,GE,GE1.5SE,21,1,210,15-020009
1307,Basin Electric Power Coop,7974,Chamberlain Wind Project,SD,Brule,WTC1,OP,Onshore Wind Turbine,WT,Electric Utility,1,1.3,1.3,1.3,11,2001,Nordex,N-60,18.8,1,196.9,2006-AGL-8458-OE
1307,Basin Electric Power Coop,7974,Chamberlain Wind Project,SD,Brule,WTC2,OP,Onshore Wind Turbine,WT,Electric Utility,1,1.3,1.3,1.3,11,2001,Nordex,N-60,18.8,1,196.9,46-000621
1307,Basin Electric Power Coop,55995,Minot Wind Project,ND,Ward,MWP,OP,Onshore Wind Turbine,WT,Electric Utility,1,2.6,2.6,2.6,1,2003,Nordex,N60,17.9,1,196.9,38-000780
1307,Basin Electric Power Coop,55995,Minot Wind Project,ND,Ward,MWP2,OP,Onshore Wind Turbine,WT,Electric Utility,1,4.5,4.5,4.5,12,2009,GE,1.5SLE,17.9,1,262.5,38-000780
1307,Basin Electric Power Coop,56607,Prairie Winds ND1,ND,Ward,ND1,OP,Onshore Wind Turbine,WT,Electric Utility,1,115.5,115.5,115.5,12,2009,GE,1.5SLE,22.4,1,262.5,38-020581
1307,Basin Electric Power Coop,56608,Prairie Winds SD1,SD,Jerauld,SD1,OP,Onshore Wind Turbine,WT,Electric Utility,1,150.0,150.0,150.0,2,2011,GE,1.5sle,22.4,1,262.5,46-020310
1307,Basin Electric Power Coop,56608,Prairie Winds SD1,SD,Jerauld,SD2,OP,Onshore Wind Turbine,WT,Electric Utility,1,10.5,10.5,10.5,2,2011,GE,1.5sle,22.4,1,262.5,46-020310
1307,Basin Electric Power Coop,56608,Prairie Winds SD1,SD,Jerauld,SD3,OP,Onshore Wind Turbine,WT,Electric Utility,1,1.5,1.5,1.5,2,2011,GE,1.5sle,22.4,1,262.5,46-020310
1361,Bay Windpower LLC,55944,Bay Windpower I,MI,CHEBOYGAN,BAY,OP,Onshore Wind Turbine,WT,IPP Non-CHP,2,1.8,1.8,1.8,12,2001,NEG-Micon,NM900-52,11,3,237,26-002860
1881,Blue Canyon Windpower LLC,56081,Blue Canyon Windpower,OK,Comanche,EW,OP,Onshore Wind Turbine,WT,IPP Non-CHP,2,74.3,74.3,74.3,12,2003,Vestas,72,22.4,2,262,1982
2719,CalWind Resources Inc,10191,Tehachapi Wind Resource I,CA,Kern,EXIS,OP,Onshore Wind Turbine,WT,IPP Non-CHP,2,8.7,8.7,8.7,12,1984,Nordtank,65/13,17,1,80,
2719,CalWind Resources Inc,54909,Tehachapi Wind Resource II,CA,Kern,EXI2,OP,Onshore Wind Turbine,WT,IPP Non-CHP,2,8.3,8.3,8.3,12,2002,Vestas,V660,20,1,164,
2719,CalWind Resources Inc,54909,Tehachapi Wind Resource II,CA,Kern,EXIS,OP,Onshore Wind Turbine,WT,IPP Non-CHP,2,13.6,13.6,13.6,1,1997,Bonus,65/13,20,1,80,
2770,Terra-Gen Operating Co LLC,10586,Cameron Ridge LLC,CA,Kern,EXIS,OP,Onshore Wind Turbine,WT,IPP Non-CHP,2,59.6,59.6,59.6,12,1984,Micon,M700,22.4,1,180,0
2770,Terra-Gen Operating Co LLC,10597,Ridgetop Energy LLC,CA,Kern,WGN1,OP,Onshore Wind Turbine,WT,IPP Non-CHP,2,29.0,29.0,29.0,1,1984,Nordtank,NTK75,22.4,1,85,0
2770,Terra-Gen Operating Co LLC,50690,San Gorgonio Westwinds II LLC,CA,Riverside,GEN1,OP,Onshore Wind Turbine,WT,IPP Non-CHP,2,43.4,43.4,43.4,6,1999,Micon,M700,22.4,1,180,0
2770,Terra-Gen Operating Co LLC,50821,Mojave 16,CA,Kern,GEN1,OP,Onshore Wind Turbine,WT,IPP Non-CHP,2,30.0,30.0,30.0,12,1989,Mitsubishi,250,22.4,1,100,
2770,Terra-Gen Operating Co LLC,50822,Mojave 17,CA,Kern,GEN1,OP,Onshore Wind Turbine,WT,IPP Non-CHP,2,25.0,25.0,25.0,11,1989,Mitsubishi,250,22.4,1,100,
2770,Terra-Gen Operating Co LLC,50823,Mojave 18,CA,Kern,GEN1,OP,Onshore Wind Turbine,WT,IPP Non-CHP,2,30.0,30.0,30.0,12,1989,Mitsubishi,250,22.4,1,100,
2770,Terra-Gen Operating Co LLC,52160,Victory Garden Phase IV LLC,CA,Kern,WGNS,OP,Onshore Wind Turbine,WT,IPP Non-CHP,2,22.0,22.0,22.0,5,1990,Vestas,27,22.4,1,140,
2770,Terra-Gen Operating Co LLC,52161,Terra-Gen 251 Wind LLC,CA,Kern,WGNS,OP,Onshore Wind Turbine,WT,IPP Non-CHP,2,18.4,18.4,18.4,1,1987,Vestas,V17,22.4,1,80,0
2770,Terra-Gen Operating Co LLC,54647,TPC Windfarms LLC,CA,Kern,EXIS,OP,Onshore Wind Turbine,WT,IPP Non-CHP,2,28.7,28.7,28.7,12,1986,Danwin,160,21,2,80,
2770,Terra-Gen Operating Co LLC,54931,Ridgetop,CA,Kern,WGN1,OP,Onshore Wind Turbine,WT,IPP Non-CHP,2,46.8,46.9,46.9,4,1994,Vestas,V47,22.4,1,180,0
2770,Terra-Gen Operating Co LLC,54979,Big Spring Wind Power Facility,TX,Howard,WIND,OP,Onshore Wind Turbine,WT,IPP Non-CHP,2,34.3,34.3,34.3,12,1998,Vestas,V47,22.4,1,180,0
2770,Terra-Gen Operating Co LLC,55608,Foote Creek II,WY,Albany,GEN1,OP,Onshore Wind Turbine,WT,IPP Non-CHP,2,1.8,1.8,1.8,6,1999,Mitsubishi,600,22.4,1,120,0
2770,Terra-Gen Operating Co LLC,55609,Foote Creek III,WY,Albany,GEN1,OP,Onshore Wind Turbine,WT,IPP Non-CHP,2,24.8,24.8,24.8,6,1999,Micon,M750,22.4,1,180,0
2770,Terra-Gen Operating Co LLC,55610,Foote Creek IV,WY,Carbon,GEN1,OP,Onshore Wind Turbine,WT,IPP Non-CHP,2,16.8,16.8,16.8,8,2000,Mitsubishi,MWT-600,22.4,1,164,0
2770,Terra-Gen Operating Co LLC,56570,Terra-Gen VG Wind LLC,CA,Kern,WGNS,OP,Onshore Wind Turbine,WT,IPP Non-CHP,2,7.4,7.4,7.4,1,1984,Zond,Z750,22.4,1,180,0
2770,Terra-Gen Operating Co LLC,57282,Alta Wind Energy Center I,CA,KERN,AW01,OP,Onshore Wind Turbine,WT,IPP Non-CHP,2,150.0,150.0,150.0,1,2011,GE,1.5,22.4,1,262,0
2770,Terra-Gen Operating Co LLC,57291,Alta Wind Energy Center II,CA,KERN,AW02,OP,Onshore Wind Turbine,WT,IPP Non-CHP,2,150.0,150.0,150.0,1,2011,Vestas,V90,22.4,1,262,0
2770,Terra-Gen Operating Co LLC,57292,Alta Wind Energy Center III,CA,KERN,AW03,OP,Onshore Wind Turbine,WT,IPP Non-CHP,2,150.0,150.0,150.0,2,2011,Vestas,V90,22.4,1,262,0
2770,Terra-Gen Operating Co LLC,57293,Alta Wind Energy Center IV,CA,KERN,AW04,OP,Onshore Wind Turbine,WT,IPP Non-CHP,2,102.0,102.0,102.0,4,2011,Vestas,V90,22.4,1,262,0
2770,Terra-Gen Operating Co LLC,57294,Alta Wind Energy Center V,CA,KERN,AW05,OP,Onshore Wind Turbine,WT,IPP Non-CHP,2,168.0,168.0,168.0,4,2011,Vestas,V90,22.4,1,262,0
2770,Terra-Gen Operating Co LLC,58394,Alta Wind X,CA,Kern,AW10,OP,Onshore Wind Turbine,WT,IPP Non-CHP,2,138.0,138.0,138.0,1,2014,GE,2.85-103,22.4,1,262,0
2770,Terra-Gen Operating Co LLC,58395,Alta Wind XI,CA,Kern,AW11,OP,Onshore Wind Turbine,WT,IPP Non-CHP,2,90.0,90.0,90.0,1,2014,GE,1.7-100,22.4,1,262,0
4254,Consumers Energy Co,57984,Lake Winds Energy Park,MI,Mason,LWEP,OP,Onshore Wind Turbine,WT,Electric Utility,1,100.8,22.0,24.6,11,2012,Vestas,V100,16.7,3,311,26-020944
4254,Consumers Energy Co,58830,Cross Winds Energy Park,MI,Tuscola,CWEP,OP,Onshore Wind Turbine,WT,Electric Utility,1,111.0,21.8,21.8,12,2014,GE,1.7-100,17,3,314.9,26-027415
5109,DTE Electric Company,57421,Gratiot Wind Park,MI,Gratiot,1,OP,Onshore Wind Turbine,WT,Electric Utility,1,102.0,102.0,102.0,11,2011,GE,1.6-XLE,17,3,328,
5109,DTE Electric Company,57851,Sigel Wind Park,MI,Huron,1,OP,Onshore Wind Turbine,WT,Electric Utility,1,64.0,64.0,64.0,12,2012,GE,1.6-100,17,3,328,
5109,DTE Electric Company,57852,Minden Wind Park,MI,Sanilac,1,OP,Onshore Wind Turbine,WT,Electric Utility,1,32.0,32.0,32.0,12,2012,GE,1.6-100,17,3,328,
5109,DTE Electric Company,57853,McKinley Wind Park,MI,Huron,1,OP,Onshore Wind Turbine,WT,Electric Utility,1,14.4,14.0,14.0,12,2012,GE,1.6-100,17,3,328,
5109,DTE Electric Company,58121,Echo Wind Park,MI,Huron,GEN1,OP,Onshore Wind Turbine,WT,Electric Utility,1,49.6,49.6,49.6,1,2014,GE,1.6-100,17,3,328,
5109,DTE Electric Company,58121,Echo Wind Park,MI,Huron,GEN2,OP,Onshore Wind Turbine,WT,Electric Utility,1,62.4,62.4,62.4,12,2014,GE,1.6-100,17,3,328,
5109,DTE Electric Company,58719,Brookfield,MI,Huron,WPH2,OP,Onshore Wind Turbine,WT,Electric Utility,1,74.8,74.8,74.8,2,2014,GE,1.6-100,17,3,328,
5701,El Paso Electric Co,55578,Hueco Mountain Wind Ranch,TX,Hudspeth,EXIS,OP,Onshore Wind Turbine,WT,Electric Utility,1,1.3,1.3,1.3,2,2001,Vestas,V47,20.1,1,213,48-011664
5906,EDF Renewable Services Inc,55741,Ridge Crest Wind Partners,CO,Logan,A1,OP,Onshore Wind Turbine,WT,IPP Non-CHP,2,29.7,29.7,29.7,12,2001,Micon,Micon 900, , ,262.5,
5906,EDF Renewable Services Inc,56646,Chandler Hills Wind Farm,MN,Murray,1,OP,Onshore Wind Turbine,WT,IPP Non-CHP,2,2.0,2.0,2.0,1,1999,Vestas,V47,22.4,1,213.3,
6017,ESI Vansycle Partners LP,55125,Vansycle,OR,Umatilla,WGNS,OP,Onshore Wind Turbine,WT,IPP Non-CHP,2,25.0,25.0,25.0,8,1998,Vestas,V-47,22.4,1,164,242
6042,EUI Management PH Inc,10027,EUIPH Wind Farm,CA,Riverside,EXIS,OP,Onshore Wind Turbine,WT,IPP Non-CHP,2,25.4,25.4,25.4,12,1985,Nordex,1 MW,21,1,200,
6258,Federated Rural Electric Assn,57248,Welcome Wind Turbine,MN,MARTIN,WIND1,OP,Onshore Wind Turbine,WT,Electric Utility,1,2.1,2.1,2.1,5,2008,Suzlon,S 88,19,2,73,27-AGL-7224
6354,FPL Energy Upton Wind LP,55581,King Mountain Wind Ranch 1,TX,Upton,EXIS,OP,Onshore Wind Turbine,WT,IPP Non-CHP,2,278.0,278.0,278.0,6,2001,Siemens,Siemens 1.3,19,2,203.4,14.1
6607,FPL Energy Vansycle LLC,55560,FPL Energy Vansycle LLC (WA),WA,Walla Walla,V-47,OP,Onshore Wind Turbine,WT,IPP Non-CHP,2,176.9,176.9,176.9,12,2001,Vestas,V-47,22.4,1,164,242
6607,FPL Energy Vansycle LLC,55989,FPL Energy Vansycle LLC (OR),OR,Umatilla,V-47,OP,Onshore Wind Turbine,WT,IPP Non-CHP,2,122.8,122.8,122.8,12,2001,Vestas,V47,22.4,1,164,242
6850,"FPL Energy Hancock County Wind, LLC",56010,Hancock County Wind Energy Center,IA,Hancock,V-47,OP,Onshore Wind Turbine,WT,IPP Non-CHP,2,98.0,98.0,98.0,12,2002,Vestas,Vestas v-47,22.4,1,213.3,19-002332
6862,FPL Energy Pennsylvania Wind LLC,55370,Green Mountain Wind Farm,PA,Somerset,N60,OP,Onshore Wind Turbine,WT,IPP Non-CHP,2,10.4,10.4,10.4,5,2000,Nordex,Nordex N-60 1.3,19,2,196.9,42-020113
6865,FPL Energy Meyersdale Windpower LLC,56052,Meyersdale Windpower,PA,Somerset,GE15,OP,Onshore Wind Turbine,WT,IPP Non-CHP,2,30.0,30.0,30.0,12,2003,NEG-Micon,Micon 1.5,19,2,229.7,42-003178
6870,"Backbone Mountain Windpower, LLC",55986,Mountaineer Wind Energy Center,WV,Tucker,WT1,OP,Onshore Wind Turbine,WT,IPP Non-CHP,2,66.0,66.0,66.0,12,2002,Micon,Micon 1.5,19,2,229.7,54-000975
6985,Garwin McNeilus,56054,G McNeilus Wind Farm Dodge Center,MN,DODGE,GM1,OP,Onshore Wind Turbine,WT,IPP Non-CHP,2,32.0,32.0,32.0,9,2002,NEG-Micon,NM54-950,14,2,236,
6985,Garwin McNeilus,56054,G McNeilus Wind Farm Dodge Center,MN,DODGE,GM2,OP,Onshore Wind Turbine,WT,IPP Non-CHP,2,8.0,8.0,8.0,5,2003,NEG-Micon,NM72-1.5,14,2,230,
6985,Garwin McNeilus,56054,G McNeilus Wind Farm Dodge Center,MN,DODGE,GM3,OP,Onshore Wind Turbine,WT,IPP Non-CHP,2,3.0,3.0,3.0,5,2004,NEG-Micon,NM82-1.65,14,2,230,
6985,Garwin McNeilus,56307,Adams Wind Farm,MN,Mower,1,OP,Onshore Wind Turbine,WT,IPP Non-CHP,2,14.0,14.0,14.0,9,2003,NEG-Micon,NM72-1.5,14,2,230,
6985,Garwin McNeilus,56307,Adams Wind Farm,MN,Mower,2,OP,Onshore Wind Turbine,WT,IPP Non-CHP,2,10.0,10.0,10.0,7,2004,NEG-Micon,NM82-1.65,14,2,230,
7095,City of Geneseo - (IL),944,Geneseo,IL,Henry,10,OP,Onshore Wind Turbine,WT,Electric Utility,1,1.5,1.5,1.5,9,2009,VENSYS,77,18,1,200,2007-AGL-9522-OE
7095,City of Geneseo - (IL),944,Geneseo,IL,Henry,11,OP,Onshore Wind Turbine,WT,Electric Utility,1,1.5,1.5,1.5,10,2009,VENSYS,77,18,1,200,2007-AGL9523-OE
7349,"Golden Spread Electric Cooperative, Inc",57866,Golden Spread Panhandle Wnd Rch,TX,Oldham,PWR,OP,Onshore Wind Turbine,WT,Electric Utility,1,78.2,78.2,78.2,9,2011,Siemens,SWT101.3,19.3,1,262,48-025923
7353,Golden Valley Elec Assn Inc,57935,Eva Creek Wind,AK,Denali,EVW,OP,Onshore Wind Turbine,WT,Electric Utility,1,24.6,24.6,24.6,1,2013,REpower,MM92,16.5,3,262,02-020289
7531,Gray County Wind Energy LLC,55734,Gray County Wind Energy,KS,Gray,V47,OP,Onshore Wind Turbine,WT,IPP Non-CHP,2,112.0,112.0,112.0,11,2001,Vestas,Vestas V47,22.4,1,213.3,20-002134
7601,Green Mountain Power Corp,7381,Searsburg Wind Turbine,VT,Bennington,1,OP,Onshore Wind Turbine,WT,Electric Utility,1,6.0,5.2,5.0,6,1997,Zond,Z40FS,18,1,132,na
7601,Green Mountain Power Corp,57979,Kingdom Community Wind,VT,Orleans,KCW,OP,Onshore Wind Turbine,WT,Electric Utility,1,65.0,65.0,65.0,11,2012,Vestas,V112,17,2,275,na
8294,Hawkeye Power Partners LLC,55816,Hawkeye Power Partners LLC,IA,Cerro Gordo,48M,OP,Onshore Wind Turbine,WT,IPP Non-CHP,2,42.0,42.0,42.0,4,1999,Micon,Micon 750,19,2,180,19-001614
8565,"FPLE High Winds, LLC",56075,High Winds LLC,CA,Solano,1,OP,Onshore Wind Turbine,WT,IPP Non-CHP,2,145.8,145.8,145.8,7,2003,Vestas,Vestas V-80,22.4,1,213.3,06-002763
8565,"FPLE High Winds, LLC",56075,High Winds LLC,CA,Solano,2,OP,Onshore Wind Turbine,WT,IPP Non-CHP,2,16.2,16.2,16.2,12,2003,Vestas,Vestas V-80,22.4,1,213.3,06-002763
8797,Hull Municipal Light Plant,56800,Hull Wind II,MA,Plymouth,HW2,OP,Onshore Wind Turbine,WT,Electric Utility,1,1.8,1.8,1.8,5,2006,Vestas,V80,12,1,220,397050-322993
9209,Illinois Rural Electric Coop,56376,Pike County Wind Power,IL,PIKE,WTG1,OP,Onshore Wind Turbine,WT,Electric Utility,1,1.7,1.7,1.7,5,2005,Vestas,NM82,13.7,2,235,17-003470
9397,International Turbine Res Inc,10005,Dinosaur Point,CA,MERCED,WTGS,OP,Onshore Wind Turbine,WT,IPP Non-CHP,2,17.4,17.0,16.0,5,1988,Vestas,Mutlitple Models,15.4,2,240,MICON 900
9417,Interstate Power and Light Co,56355,Whispering Willow Wind Farm - East,IA,Franklin,1,OP,Onshore Wind Turbine,WT,Electric Utility,1,199.7,199.7,199.7,12,2009,Vestas,V82,17,2,262,2008-WTE-4215-OE
9425,Iowa Lakes Electric Coop,57251,Lakota Wind Wind Farm,IA,KOSSUTH,LAK1,OP,Onshore Wind Turbine,WT,Electric Utility,1,10.5,10.5,10.5,3,2009,GE,1.5sleESS,22,3,262,19-021239
9425,Iowa Lakes Electric Coop,57252,Iowa Lakes Superior Wind Farm,IA,DICKINSON,SUP1,OP,Onshore Wind Turbine,WT,Electric Utility,1,10.5,10.5,10.5,4,2009,GE,1.5sleESS,22,3,262,19-020739
9442,Town of Ipswich - (MA),57855,Ipswich Wind Turbine,MA,Essex,1,OP,Onshore Wind Turbine,WT,Electric Utility,1,1.6,1.6,1.6,5,2011,GE,1.6ES,15.3,3,300,
10000,Kansas City Power & Light Co,56351,Spearville,KS,Ford,1,OP,Onshore Wind Turbine,WT,Electric Utility,1,100.5,100.5,100.5,9,2006,GE,1.5sle 60 Hz CW,19,2,265,20-002671
10000,Kansas City Power & Light Co,56351,Spearville,KS,Ford,2,OP,Onshore Wind Turbine,WT,Electric Utility,1,48.0,48.0,48.0,12,2010,GE,1.5sle 60 Hz CW,19,2,265,20-020753
10046,Kas Brothers Windfarm LLC,55809,Kas Brothers Windfarm,MN,Pipestone,G1,OP,Onshore Wind Turbine,WT,IPP Non-CHP,2,1.5,1.5,1.5,12,2001,Micon,750,16,2,180,
10127,Kenetech Windpower Inc,50712,Altamont Pass Windplant,CA,Alameda,GEN1,OP,Onshore Wind Turbine,WT,IPP Non-CHP,2,332.5,332.5,332.5,1,1983,Kenetech,KCS 56-100,20,2,60,
10433,Kodiak Electric Assn Inc,57187,Pillar Mountain Wind Project,AK,KODIAK ISLAND,1,OP,Onshore Wind Turbine,WT,Electric Utility,1,4.5,4.5,4.5,6,2009,GE,SLE,22,1,253,02-020088
10433,Kodiak Electric Assn Inc,57187,Pillar Mountain Wind Project,AK,KODIAK ISLAND,2,OP,Onshore Wind Turbine,WT,Electric Utility,1,4.5,4.5,4.5,9,2012,GE,SLE,22,1,253,02-020297
10451,Kotzebue Electric Assn Inc,6304,Kotzebue,AK,NORTHWEST ARCTIC,10wt,OP,Onshore Wind Turbine,WT,Electric Utility,1,0.1,0.1,0.1,7,1999,AOC,15-50,13,4,90,
10451,Kotzebue Electric Assn Inc,6304,Kotzebue,AK,NORTHWEST ARCTIC,11wt,OP,Onshore Wind Turbine,WT,Electric Utility,1,0.1,0.1,0.1,5,2005,AOC,15-50,13,4,90,
10451,Kotzebue Electric Assn Inc,6304,Kotzebue,AK,NORTHWEST ARCTIC,12wt,OP,Onshore Wind Turbine,WT,Electric Utility,1,0.1,0.1,0.1,5,2005,AOC,15-50,13,4,90,
10451,Kotzebue Electric Assn Inc,6304,Kotzebue,AK,NORTHWEST ARCTIC,13WT,OP,Onshore Wind Turbine,WT,Electric Utility,1,0.1,0.1,0.1,5,2006,Vestas,V15,13,4,90,
10451,Kotzebue Electric Assn Inc,6304,Kotzebue,AK,NORTHWEST ARCTIC,14wt,OP,Onshore Wind Turbine,WT,Electric Utility,1,0.1,0.1,0.1,5,2002,NorthernPower,NW100,13,4,90,
10451,Kotzebue Electric Assn Inc,6304,Kotzebue,AK,NORTHWEST ARCTIC,15WT,OP,Onshore Wind Turbine,WT,Electric Utility,1,0.1,0.1,0.1,5,2006,AOC,15,13,3,90,
10451,Kotzebue Electric Assn Inc,6304,Kotzebue,AK,NORTHWEST ARCTIC,16WT,OP,Onshore Wind Turbine,WT,Electric Utility,1,0.1,0.1,0.1,5,2006,AOC,15,13,4,90,
10451,Kotzebue Electric Assn Inc,6304,Kotzebue,AK,NORTHWEST ARCTIC,17WT,OP,Onshore Wind Turbine,WT,Electric Utility,1,0.1,0.1,0.1,5,2006,AOC,15,13,4,90,
10451,Kotzebue Electric Assn Inc,6304,Kotzebue,AK,NORTHWEST ARCTIC,18WT,OP,Onshore Wind Turbine,WT,Electric Utility,1,0.9,0.9,0.9,5,2012,EWT,900,13,4,250,02-020252
10451,Kotzebue Electric Assn Inc,6304,Kotzebue,AK,NORTHWEST ARCTIC,19WT,OP,Onshore Wind Turbine,WT,Electric Utility,1,0.9,0.9,0.9,5,2012,EWT,900,13,4,250,02-020311
10451,Kotzebue Electric Assn Inc,6304,Kotzebue,AK,NORTHWEST ARCTIC,1WT,OP,Onshore Wind Turbine,WT,Electric Utility,1,0.6,0.6,0.6,5,1999,AOC,15/50,13,4,90,
10451,Kotzebue Electric Assn Inc,6304,Kotzebue,AK,NORTHWEST ARCTIC,2WT,OP,Onshore Wind Turbine,WT,Electric Utility,1,0.1,0.1,0.1,5,1999,AOC,15/50,13,4,90,
10451,Kotzebue Electric Assn Inc,6304,Kotzebue,AK,NORTHWEST ARCTIC,3WT,OP,Onshore Wind Turbine,WT,Electric Utility,1,0.2,0.2,0.2,1,1997,AOC,15/50,13,3,90,
10451,Kotzebue Electric Assn Inc,6304,Kotzebue,AK,NORTHWEST ARCTIC,4WT,OP,Onshore Wind Turbine,WT,Electric Utility,1,0.5,0.5,0.5,1,1999,AOC,15/50,13,3,90,
10451,Kotzebue Electric Assn Inc,6304,Kotzebue,AK,NORTHWEST ARCTIC,5WT,OP,Onshore Wind Turbine,WT,Electric Utility,1,0.1,0.1,0.1,1,2002,AOC,15/50,13,3,90,
10451,Kotzebue Electric Assn Inc,6304,Kotzebue,AK,NORTHWEST ARCTIC,6WT,OP,Onshore Wind Turbine,WT,Electric Utility,1,0.1,0.1,0.1,1,2005,AOC,15/50,13,3,90,
10451,Kotzebue Electric Assn Inc,6304,Kotzebue,AK,NORTHWEST ARCTIC,7WT,OP,Onshore Wind Turbine,WT,Electric Utility,1,13.0,0.3,0.3,2,2006,AOC,15/50,13,3,90,
10451,Kotzebue Electric Assn Inc,6304,Kotzebue,AK,NORTHWEST ARCTIC,8WT,OP,Onshore Wind Turbine,WT,Electric Utility,1,0.1,0.1,0.1,7,1999,AOC,15/50,13,4,90,
10451,Kotzebue Electric Assn Inc,6304,Kotzebue,AK,NORTHWEST ARCTIC,9wt,OP,Onshore Wind Turbine,WT,Electric Utility,1,0.1,0.1,0.1,7,1999,AOC,15/50,13,4,90,
10633,City of Lamar - (CO),508,Lamar Plant,CO,Prowers,T1-T3,OP,Onshore Wind Turbine,WT,Electric Utility,1,4.5,4.0,4.0,2,2004,GE,Unknown,19,2,262,Unknown
10633,City of Lamar - (CO),508,Lamar Plant,CO,Prowers,T4,OP,Onshore Wind Turbine,WT,Electric Utility,1,1.5,1.5,1.5,2,2004,GE,Unknown,19,2,262,Unknown
11018,Lincoln Electric System,7965,Salt Valley Wind Plant,NE,LANCASTER,G1,OP,Onshore Wind Turbine,WT,Electric Utility,1,0.6,0.7,0.7,12,1998,Vestas,V-47,17,3,213,31-000999
11018,Lincoln Electric System,7965,Salt Valley Wind Plant,NE,LANCASTER,G2,OP,Onshore Wind Turbine,WT,Electric Utility,1,0.6,0.7,0.7,10,1999,Vestas,V-47,17,3,213,31-001020
11208,Los Angeles Department of Water & Power,56433,Pine Tree Wind Power Project,CA,Kern,1,OP,Onshore Wind Turbine,WT,Electric Utility,1,135.0,135.0,135.0,6,2009,GE,1.5 SLE,19,2,218,06-020239
11208,Los Angeles Department of Water & Power,57635,Linden Wind Energy Project,WA,Klickitat,LW1,OP,Onshore Wind Turbine,WT,Electric Utility,1,50.0,50.0,50.0,6,2010,Senvion,MM92 2.0,14,4,262,53-020776
11427,Massachusetts Wtr RAuth-Deer I,10823,Deer Island Treatment Plant,MA,Suffolk,WT101,OP,Onshore Wind Turbine,WT,Commercial CHP,5,0.6,0.6,0.6,11,2009,Vestas,PS600,20.4,2,195,2005-ANE-991-OE
11427,Massachusetts Wtr RAuth-Deer I,10823,Deer Island Treatment Plant,MA,Suffolk,WT102,OP,Onshore Wind Turbine,WT,Commercial CHP,5,0.6,0.6,0.6,11,2009,Vestas,PS600,20.4,2,195,2005-ANE-990-OE
11479,Madison Gas & Electric Co,7886,Wind Turbine,WI,Kewaunee,1,OP,Onshore Wind Turbine,WT,Electric Utility,1,11.0,0.8,0.8,6,1999,Vestas,V47,18,2,213,55-001407
11479,Madison Gas & Electric Co,56386,Top of Iowa Windfarm III,IA,Worth,TOI3,OP,Onshore Wind Turbine,WT,Electric Utility,1,29.7,3.4,3.4,2,2008,Vestas,V82,19,2,262,19-021992
11556,Brookfield Energy Marketing LP,50535,Mesa Wind Power Corp,CA,Riverside,WGNS,OP,Onshore Wind Turbine,WT,IPP Non-CHP,2,29.9,29.9,29.9,11,1984,Vestas,V-15,15.7,1,80,Unknown
11556,Brookfield Energy Marketing LP,54298,Coram Energy LLC (ECT),CA,Kern,GEWE,OP,Onshore Wind Turbine,WT,IPP Non-CHP,2,7.5,7.5,7.5,5,2005,GE,1.5,19.2,1,213,na
11556,Brookfield Energy Marketing LP,54299,Coram Energy LLC,CA,Kern,GEWE,OP,Onshore Wind Turbine,WT,IPP Non-CHP,2,3.0,3.0,3.0,1,2005,GE,1.5,19.2,1,213,na
11556,Brookfield Energy Marketing LP,54300,CTV Power Purchase Contract Trust,CA,Kern,GEWE,OP,Onshore Wind Turbine,WT,IPP Non-CHP,2,4.5,4.5,4.5,1,2004,GE,1.5,19.2,1,213,na
11556,Brookfield Energy Marketing LP,54300,CTV Power Purchase Contract Trust,CA,Kern,SX1S,OS,Onshore Wind Turbine,WT,IPP Non-CHP,2,0.1,0.1,0.1,12,1985,GE,SX1S,0,1,213,na
11556,Brookfield Energy Marketing LP,57774,Windstar 1,CA,Kern,WGNS,OP,Onshore Wind Turbine,WT,IPP Non-CHP,2,120.0,120.0,120.0,2,2012,Gamesa,G8XX,28,1,220,Unknown
11556,Brookfield Energy Marketing LP,57775,Kingman 1,AZ,Mohave,WGNS,OP,Onshore Wind Turbine,WT,IPP Non-CHP,2,10.0,10.0,10.0,9,2011,Gamesa,G8xx,28,1,262,04-020300
11556,Brookfield Energy Marketing LP,57835,Alta Wind VIII,CA,Kern,AW08,OP,Onshore Wind Turbine,WT,IPP Non-CHP,2,150.0,150.0,150.0,1,2012,Vestas,V90,18,2,295,na
11556,Brookfield Energy Marketing LP,57962,Brookfield Tehachapi 1,CA,Kern,BT1,OP,Onshore Wind Turbine,WT,IPP Non-CHP,2,102.0,102.0,102.0,3,2012,Vestas,V90,18,1,278,unknown
11664,Mark Technologies Corp,54650,Swanmill Windfarm I,CA,Riverside,EXI2,OP,Onshore Wind Turbine,WT,IPP Non-CHP,2,9.1,9.1,9.1,12,1989,Nordex,unknown,22,1,213,7460-2
11664,Mark Technologies Corp,54650,Swanmill Windfarm I,CA,Riverside,EXIS,OP,Onshore Wind Turbine,WT,IPP Non-CHP,2,9.6,9.6,9.6,12,1988,,,22,1,213,
11806,Massachusetts Mun Wholes Electric Co,57721,Berkshire Wind Power Project,MA,Berkshire,BWP,OP,Onshore Wind Turbine,WT,Electric Utility,1,15.0,15.0,15.0,5,2011,GE,1.5SLE,16,2,292,25-020041
12199,Montana-Dakota Utilities Co,56782,Diamond Willow Wind Facility,MT,FALLON,DIAW,OP,Onshore Wind Turbine,WT,Electric Utility,1,30.0,30.0,30.0,12,2007,GE,1.5SLE,12,2,262.5,30-020004
12199,Montana-Dakota Utilities Co,57171,Cedar Hills Wind Farm,ND,Bowman,1,OP,Onshore Wind Turbine,WT,Electric Utility,1,19.5,19.5,19.5,6,2010,GE,1.5SLE,12,2,262.5,38-020688
12341,MidAmerican Energy Co,56251,Intrepid,IA,Buena Vista,INWF,OP,Onshore Wind Turbine,WT,Electric Utility,1,175.5,175.5,175.5,12,2004,GE,GE 1.5 S,16.8,3,213,19-002805
12341,MidAmerican Energy Co,56252,Century,IA,Hamilton,CWF,OP,Onshore Wind Turbine,WT,Electric Utility,1,185.0,185.0,185.0,9,2005,GE,GE 1.5 S,16.8,3,213,19-002867
12341,MidAmerican Energy Co,56252,Century,IA,Hamilton,CWF2,OP,Onshore Wind Turbine,WT,Electric Utility,1,15.0,15.0,15.0,12,2007,Mitsubishi,Mitsubishi 1000A,16.8,3,226,19-003098
12341,MidAmerican Energy Co,56379,Victory Wind Farm,IA,Carroll,VWF,OP,Onshore Wind Turbine,WT,Electric Utility,1,99.0,99.0,99.0,12,2006,GE,GE 1.5 SLE,16.8,3,263,19-003026
12341,MidAmerican Energy Co,56501,Pomeroy Wind Farm,IA,Pocahontas,PWF,OP,Onshore Wind Turbine,WT,Electric Utility,1,123.0,123.0,123.0,12,2007,GE,GE 1.5 SLE,16.8,3,263,19-003145
12341,MidAmerican Energy Co,56501,Pomeroy Wind Farm,IA,Pocahontas,PWF2,OP,Onshore Wind Turbine,WT,Electric Utility,1,75.0,75.0,75.0,12,2007,GE,GE 1.5 SLE,16.8,3,263,19-020294
12341,MidAmerican Energy Co,56501,Pomeroy Wind Farm,IA,Pocahontas,PWF3,OP,Onshore Wind Turbine,WT,Electric Utility,1,58.5,58.5,58.5,12,2008,GE,GE 1.5 SLE,16.8,3,263,19-020629
12341,MidAmerican Energy Co,56501,Pomeroy Wind Farm,IA,Pocahontas,PWF4,OP,Onshore Wind Turbine,WT,Electric Utility,1,29.9,29.9,29.9,8,2011,Siemens,SWT-2.3-101,16.8,3,263,19-021997
12341,MidAmerican Energy Co,56677,Charles City Wind Farm,IA,Floyd,CCWF,OP,Onshore Wind Turbine,WT,Electric Utility,1,75.0,75.0,75.0,4,2008,GE,GE 1.5 SLE,16.8,3,263,19-021080
12341,MidAmerican Energy Co,56809,Carroll Wind Farm,IA,Carroll,CWF,OP,Onshore Wind Turbine,WT,Electric Utility,1,150.0,150.0,150.0,12,2008,GE,GE 1.5 SLE,16.8,3,263,19-021217
12341,MidAmerican Energy Co,56810,Adair Wind Farm,IA,Adair,AWF,OP,Onshore Wind Turbine,WT,Electric Utility,1,174.8,174.8,174.8,12,2008,Siemens,SWT-2.3-93,16.8,3,263,19-020245
12341,MidAmerican Energy Co,56811,Walnut Wind Farm,IA,Pottawattamie,WWF,OP,Onshore Wind Turbine,WT,Electric Utility,1,153.0,153.0,153.0,12,2008,GE,GE 1.5SLE,16.8,3,263,19-020855
12341,MidAmerican Energy Co,57500,Laurel Wind Farm,IA,Marshall,LWF,OP,Onshore Wind Turbine,WT,Electric Utility,1,119.6,119.6,119.6,12,2011,Siemens,SWT-2.3-101,16.8,3,263,19-022325
12341,MidAmerican Energy Co,57501,Rolling Hills Wind Farm,IA,Cass,RHWF,OP,Onshore Wind Turbine,WT,Electric Utility,1,443.9,443.9,443.9,12,2011,Siemens,SWT-2.3-101,16.8,3,263,19-022303
12341,MidAmerican Energy Co,57873,Eclipse Wind Farm,IA,Guthrie,EWF,OP,Onshore Wind Turbine,WT,Electric Utility,1,200.0,200.0,200.0,9,2012,Siemens,SWT-2.3-108,16.8,3,263,19-022169
12341,MidAmerican Energy Co,57874,Vienna Wind Farm,IA,Marshall,VIIWF,OP,Onshore Wind Turbine,WT,Electric Utility,1,44.6,44.6,44.6,12,2013,Siemens,SWT-2.3-108,16.8,3,263,19-022697
12341,MidAmerican Energy Co,57874,Vienna Wind Farm,IA,Marshall,VIWF,OP,Onshore Wind Turbine,WT,Electric Utility,1,105.6,105.6,105.6,11,2012,Siemens,SWT-2.3-108,16.8,3,263,19-022708
12341,MidAmerican Energy Co,57875,Morning Light Wind Farm,IA,Adair,MLWF,OP,Onshore Wind Turbine,WT,Electric Utility,1,101.2,101.2,101.2,10,2012,Siemens,SWT-2.3-108,16.8,3,263,19-022606
12341,MidAmerican Energy Co,58884,Lundgren  Wind Project,IA,Webster,LGWF,OP,Onshore Wind Turbine,WT,Electric Utility,1,251.0,251.0,251.0,8,2014,Siemens,swt-2.23-108,16.8,3,263,19-027317
12341,MidAmerican Energy Co,58885,Macksburg  Wind Project,IA,Madison,MBWF,OP,Onshore Wind Turbine,WT,Electric Utility,1,119.6,119.6,119.6,12,2014,Siemens,swt-2.3-108,16.8,3,263,2013-wte-4789-oe
12341,MidAmerican Energy Co,58886,Wellsburg Wind Project,IA,Grundy,WBWF,OP,Onshore Wind Turbine,WT,Electric Utility,1,140.8,140.8,140.8,12,2014,Siemens,swt-2.3-108,16.8,3,263,2013-wte-8086-oe
12562,FPL Energy FPL E Mill Run WIndpower LLC,55805,Mill Run Windpower,PA,Somerset,G1,OP,Onshore Wind Turbine,WT,IPP Non-CHP,2,15.0,15.0,15.0,12,2001,GE,GE 1.5A,19,2,213.3,42-025570
12582,Minwind Energy LLC,56002,Minwind,MN,Rock,1,OP,Onshore Wind Turbine,WT,IPP Non-CHP,2,3.8,3.8,3.8,10,2002,Vestas,NM54,15.6,2,210,02-AGL-260-OE
12582,Minwind Energy LLC,56123,Minwind 3-9,MN,Rock,1,OP,Onshore Wind Turbine,WT,IPP Non-CHP,2,11.5,11.6,11.6,12,2004,Vestas,V82,15.6,2,210,2006-AGL-4279-03
12647,"ALLETE, Inc.",56630,Taconite Ridge 1 Wind Energy Center,MN,St Louis,1,OP,Onshore Wind Turbine,WT,Electric Utility,1,25.0,25.0,25.0,5,2008,Clipper,Liberty 2.5,20,2,262.5,27-020518
12647,"ALLETE, Inc.",57038,Bison I Wind Energy Center,ND,Morton,PHS1,OP,Onshore Wind Turbine,WT,Electric Utility,1,36.8,36.8,36.8,12,2010,Siemens,SWT 2.3-101,19.9,2,261,38-020959
12647,"ALLETE, Inc.",57038,Bison I Wind Energy Center,ND,Morton,PHS2,OP,Onshore Wind Turbine,WT,Electric Utility,1,42.7,45.0,45.0,1,2012,Siemens,SWT 3.0-101,19.9,2,261,38-020952
12647,"ALLETE, Inc.",57800,Bison 2 Wind Energy Center,ND,Morton,BISO2,OP,Onshore Wind Turbine,WT,Electric Utility,1,105.0,105.0,105.0,12,2012,Siemens,SWT-3.0-101,19.9,2,261,38-021073
12647,"ALLETE, Inc.",57801,Bison 3 Wind Energy Center,ND,Morton,BISO3,OP,Onshore Wind Turbine,WT,Electric Utility,1,105.0,105.0,105.0,12,2012,Siemens,SWT-3.0-101,19.9,2,260,38-021086
12667,Minnesota Municipal Power Agny,57432,Oak Glen Wind Farm,MN,Steele,1,OP,Onshore Wind Turbine,WT,Electric Utility,1,44.0,44.0,44.0,11,2011,Vestas,V90,19,2,262,27-020987
12894,City of Moorhead - (MN),7855,Moorhead Wind Turbine,MN,Clay,8,OP,Onshore Wind Turbine,WT,Electric Utility,1,0.7,0.7,0.7,5,1999,NEG-Micon,NM48,19,2,180,27-023516
12894,City of Moorhead - (MN),7855,Moorhead Wind Turbine,MN,Clay,9,OP,Onshore Wind Turbine,WT,Electric Utility,1,0.7,0.7,0.7,9,2001,NEG-Micon,NM48,19,2,180,27-023517
13048,City of Mountain Lake - (MN),1998,Mountain Lake,MN,Cottonwood,8,OP,Onshore Wind Turbine,WT,Electric Utility,1,1.2,1.2,1.2,7,2007,Suzlon,S64,15,3,246,27-002892
13337,Nebraska Public Power District,56162,Ainsworth Wind,NE,Brown,1,OP,Onshore Wind Turbine,WT,Electric Utility,1,59.4,59.4,59.4,10,2005,Vestas,V82,14.5,4,229.7,31-001315
13468,New London Municipal Utilities,58414,NLMU Wind,IA,Henry,NLMU,OP,Onshore Wind Turbine,WT,Electric Utility,1,1.5,1.5,1.5,11,2011,VENSYS,82,15,2,279,
13642,Nome Joint Utility Systems,90,Snake River,AK,Nome,EWT 1,OP,Onshore Wind Turbine,WT,Electric Utility,1,0.9,0.9,0.9,7,2013,EWT,DW54,9.8,2,164,02-020068
13642,Nome Joint Utility Systems,90,Snake River,AK,Nome,EWT 2,OP,Onshore Wind Turbine,WT,Electric Utility,1,0.9,0.9,0.9,7,2013,EWT,DW54,9.8,2,164,02-020069
13781,Northern States Power Co - Minnesota,56994,Grand Meadow,MN,Mower,WND67,OP,Onshore Wind Turbine,WT,Electric Utility,1,100.5,14.8,14.8,12,2008,GE,1.5 SLE,18,2,262.4,27-020220
13781,Northern States Power Co - Minnesota,57047,Nobles Wind Project,MN,NOBLES,1,OP,Onshore Wind Turbine,WT,Electric Utility,1,201.0,29.5,29.5,12,2010,GE,1.5 SLE,19,2,262,27-021344
13808,Northern Iowa Windpower LLC,55804,Top of Iowa Windfarm,IA,Worth,NM,OP,Onshore Wind Turbine,WT,IPP Non-CHP,2,80.0,80.0,80.0,10,2001,NEG-Micon,NM52,19,2,236,19-001899
13866,NWP Indian Mesa Wind Farm LP,55747,NWP Indian Mesa Wind Farm,TX,Pecos,NWP2,OP,Onshore Wind Turbine,WT,IPP Non-CHP,2,82.5,82.5,82.5,5,2001,Vestas,Vestas V-47,22.4,1,164,48-006219
13902,NorthWestern Energy,58218,Spion Kop Wind Farm,MT,Judith Basin,SKW25,OP,Onshore Wind Turbine,WT,Electric Utility,1,40.0,40.0,40.0,12,2012,GE,1.6MW 82.5,19,2,262,2011-WTW-13373-OE
13938,Oak Creek Energy System Inc II,50754,Oak Creek Energy Systems I,CA,Kern,GEN1,OP,Onshore Wind Turbine,WT,IPP Non-CHP,2,3.5,3.5,3.5,6,1982,Nordtank,NTK75,22.4,1,85,0
13938,Oak Creek Energy System Inc II,50754,Oak Creek Energy Systems I,CA,Kern,GEN2,OP,Onshore Wind Turbine,WT,IPP Non-CHP,2,4.2,4.2,4.2,12,1993,Micon,M750,22.4,1,180,0
13938,Oak Creek Energy System Inc II,50754,Oak Creek Energy Systems I,CA,Kern,GEN3,OP,Onshore Wind Turbine,WT,IPP Non-CHP,2,23.1,23.1,23.1,6,1999,Micon,M750,22.4,1,180,0
13938,Oak Creek Energy System Inc II,50754,Oak Creek Energy Systems I,CA,Kern,GEN4,OP,Onshore Wind Turbine,WT,IPP Non-CHP,2,3.7,3.7,3.7,6,1999,Micon,M750,22.4,1,180,0
14063,Oklahoma Gas & Electric Co,56380,Centennial Wind Farm,OK,Harper,WT1,OP,Onshore Wind Turbine,WT,Electric Utility,1,120.0,120.0,120.0,12,2006,GE,GE1.5-SLE,25,2,264,40-003271
14063,Oklahoma Gas & Electric Co,57286,OU Spirit Wind Farm,OK,Woodward,WT1,OP,Onshore Wind Turbine,WT,Electric Utility,1,101.2,101.2,101.2,12,2009,Siemens,SWT-2.3-93,17.8,2,264,40-020388
14063,Oklahoma Gas & Electric Co,57332,Crossroads Wind Farm,OK,Dewey,1-98,OP,Onshore Wind Turbine,WT,Electric Utility,1,227.0,227.0,227.0,1,2012,Siemens,SWT-2.3-101,17.8,2,264,40-021116
14201,City of Osage - (IA),1172,Osage (IA),IA,MITCHELL,W1,OP,Onshore Wind Turbine,WT,Electric Utility,1,1.6,0.5,0.5,12,2009,GE,1.5 MW SLE,17.8,2,260,19-001142
14232,Otter Tail Power Co,57031,Luverne Wind Farm,ND,Steele,1,OP,Onshore Wind Turbine,WT,Electric Utility,1,49.5,4.0,4.0,9,2009,GE,XLE,16,1,260,38-001125
14232,Otter Tail Power Co,57032,Ashtabula Wind Energy Center,ND,Barnes,1,OP,Onshore Wind Turbine,WT,Electric Utility,1,48.0,48.0,48.0,10,2008,GE,SLE,16,1,260,38-020314
14232,Otter Tail Power Co,57033,Langdon Wind Energy Center,ND,Cavalier,1,OP,Onshore Wind Turbine,WT,Electric Utility,1,40.5,40.5,40.5,12,2007,GE,SLE,16,1,260,38-020189
14354,PacifiCorp,56360,Leaning Juniper,OR,Gilliam,1,OP,Onshore Wind Turbine,WT,Electric Utility,1,100.5,100.5,100.5,10,2006,GE,1.5 MW SLE Bachmann,19,2,262,41-001033
14354,PacifiCorp,56466,Marengo Wind Plant,WA,Columbia,1,OP,Onshore Wind Turbine,WT,Electric Utility,1,140.4,140.4,140.4,8,2007,Vestas,1.8 MW V-80 MkIII,25.3,1,213,53-001454
14354,PacifiCorp,56466,Marengo Wind Plant,WA,Columbia,2,OP,Onshore Wind Turbine,WT,Electric Utility,1,70.2,70.2,70.2,1,2008,Vestas,1.8 MW V-80 MkIII,25.3,1,213,53-020165
14354,PacifiCorp,56666,Goodnoe Hills,WA,Klickitat,1,OP,Onshore Wind Turbine,WT,Electric Utility,1,97.8,94.0,94.0,6,2008,REpower,2MW MM92,19,2,262,53-020140
14354,PacifiCorp,56841,Glenrock,WY,Converse,1,OP,Onshore Wind Turbine,WT,Electric Utility,1,103.3,99.0,99.0,12,2008,GE,1.5 MW SLE ESS,19,2,262,56-020277
14354,PacifiCorp,56841,Glenrock,WY,Converse,2,OP,Onshore Wind Turbine,WT,Electric Utility,1,40.7,39.0,39.0,1,2009,GE,1.5 MW SLE ESS,19,2,262,56-020312
14354,PacifiCorp,56842,Rolling Hills,WY,Converse,1,OP,Onshore Wind Turbine,WT,Electric Utility,1,103.3,99.0,99.0,1,2009,GE,1.5 MW SLE ESS,19,2,262,56-020341
14354,PacifiCorp,56843,Seven Mile Hill,WY,Carbon,1,OP,Onshore Wind Turbine,WT,Electric Utility,1,103.3,99.0,99.0,12,2008,GE,1.5 MW SLE ESS,19,2,262,56-020755
14354,PacifiCorp,56843,Seven Mile Hill,WY,Carbon,2,OP,Onshore Wind Turbine,WT,Electric Utility,1,20.3,19.5,19.5,12,2008,GE,1.5 MW SLE ESS,19,2,262,56-023505
14354,PacifiCorp,57039,McFadden Ridge,WY,Albany,1,OP,Onshore Wind Turbine,WT,Electric Utility,1,29.7,28.5,28.5,10,2009,GE,1.5 MW SLE ESS,19,2,262,56-020195
14354,PacifiCorp,57040,High Plains,WY,Albany,1,OP,Onshore Wind Turbine,WT,Electric Utility,1,103.3,99.0,99.0,9,2009,GE,1.5 MW SLE ESS,19,2,262,56-020177
14354,PacifiCorp,57299,Dunlap,WY,Carbon,1,OP,Onshore Wind Turbine,WT,Electric Utility,1,115.8,111.0,111.0,10,2010,GE,1.5 MW SLE ESS,19,2,262,56-020469
14628,Pecos Wind I LP,55796,Woodward Mountain I,TX,Pecos,01,OP,Onshore Wind Turbine,WT,IPP Non-CHP,2,82.0,82.0,82.0,7,2001,Vestas,Vestas V-47,22.4,1,164,48-006219
14629,Pecos Wind II LP,55795,Woodward Mountain II,TX,Pecos,01,OP,Onshore Wind Turbine,WT,IPP Non-CHP,2,78.0,78.0,78.0,7,2001,Vestas,Vestas V-47,22.4,1,164,48-006219
15222,"Ponnequin Acquisitions, LLC",55203,Ponnequin Phase 1,CO,Weld,EXIS,OP,Onshore Wind Turbine,WT,IPP Non-CHP,2,5.2,5.2,5.2,3,1998,Micon,750,16.5,2,160,97-ANM-0659-OE
15248,Portland General Electric Co,56485,Biglow Canyon Wind Farm,OR,Sherman,1,OP,Onshore Wind Turbine,WT,Electric Utility,1,125.4,125.4,125.4,12,2007,Vestas,V82-1.65,19,2,260,41-001456
15248,Portland General Electric Co,56485,Biglow Canyon Wind Farm,OR,Sherman,2,OP,Onshore Wind Turbine,WT,Electric Utility,1,149.5,163.3,163.3,9,2009,Siemens,SWT2.3-93,19,2,260,41-020406
15248,Portland General Electric Co,56485,Biglow Canyon Wind Farm,OR,Sherman,3,OP,Onshore Wind Turbine,WT,Electric Utility,1,174.8,161.0,161.0,8,2010,Siemens,SWT2.3-93,19,2,260,41-020782
15248,Portland General Electric Co,58571,Tucannon River Wind Farm,WA,Columbia,1,OP,Onshore Wind Turbine,WT,Electric Utility,1,266.8,266.8,266.8,12,2014,Siemens,Seimens SWT-2.3_108,22.3,2,262,2014-WTW-7555-OE
15371,Town of Princeton - (MA),7501,Princeton Wind Farm,MA,Worcester,2,OP,Onshore Wind Turbine,WT,Electric Utility,1,3.0,3.0,3.0,1,2010,Fuhrlander,1500/77,16,2,230,25-022350
15399,Iberdrola Renewables Inc,55871,Klondike Wind Power,OR,Sherman,Ph 1,OP,Onshore Wind Turbine,WT,IPP Non-CHP,2,24.5,24.0,24.0,1,2002,GE,GE,14.5,4,262,
15399,Iberdrola Renewables Inc,56112,Mountain View III,CA,Riverside,V47,OP,Onshore Wind Turbine,WT,IPP Non-CHP,2,22.4,22.4,22.4,12,2003,Vestas,Vestas,19.2,2,164,
15399,Iberdrola Renewables Inc,56172,Flying Cloud Power Partners LLC,IA,Dickinson,FC,OP,Onshore Wind Turbine,WT,IPP Non-CHP,2,43.5,43.5,43.5,12,2003,GE,GE,16,4,262,
15399,Iberdrola Renewables Inc,56173,Colorado Green Holdings LLC,CO,Prowers,CG,OP,Onshore Wind Turbine,WT,IPP Non-CHP,2,162.0,162.0,162.0,12,2003,GE,GE,16.2,4,262,
15399,Iberdrola Renewables Inc,56174,Moraine Wind LLC,MN,Pipestone,MOR,OP,Onshore Wind Turbine,WT,IPP Non-CHP,2,51.0,51.0,51.0,12,2003,GE,GE,15.5,4,262,
15399,Iberdrola Renewables Inc,56296,Trimont Area Wind Farm,MN,Martin,1,OP,Onshore Wind Turbine,WT,IPP Non-CHP,2,100.5,100.5,100.5,11,2005,GE,GE,15,4,262,
15399,Iberdrola Renewables Inc,56303,Elk River Wind,KS,Butler,1,OP,Onshore Wind Turbine,WT,IPP Non-CHP,2,150.0,150.0,150.0,12,2005,GE,GE,18,4,262,
15399,Iberdrola Renewables Inc,56359,Klondike Windpower II,OR,Sherman,PH2,OP,Onshore Wind Turbine,WT,IPP Non-CHP,2,75.0,75.0,75.0,7,2005,GE,GE,14.5,4,262,
15399,Iberdrola Renewables Inc,56361,Big Horn Wind Project,WA,Klickitat,1,OP,Onshore Wind Turbine,WT,IPP Non-CHP,2,199.0,199.0,199.0,10,2006,GE,GE,17,4,262,
15399,Iberdrola Renewables Inc,56362,Shiloh I Wind Project,CA,Solano,1,OP,Onshore Wind Turbine,WT,IPP Non-CHP,2,150.0,150.0,150.0,5,2006,GE,GE,15.3,4,262,
15399,Iberdrola Renewables Inc,56369,Casselman Wind Power Project,PA,Somerset,1,OP,Onshore Wind Turbine,WT,IPP Non-CHP,2,34.5,34.5,34.5,12,2007,GE,GE,15.1,4,262,
15399,Iberdrola Renewables Inc,56383,Northern Iowa Windpower II,IA,Worth,TOI2,OP,Onshore Wind Turbine,WT,IPP Non-CHP,2,80.0,80.0,80.0,1,2008,Gamesa,Gamesa,18,4,255,
15399,Iberdrola Renewables Inc,56399,Lempster Wind LLC,NH,Sullivan,1,OP,Onshore Wind Turbine,WT,IPP Non-CHP,2,24.0,24.0,24.0,12,2008,Gamesa,Gamesa,18,4,255,
15399,Iberdrola Renewables Inc,56459,MinnDakota Wind LLC,MN,Brookings,2,OP,Onshore Wind Turbine,WT,IPP Non-CHP,2,150.0,150.0,150.0,1,2008,GE,GE,16.1,4,262,
15399,Iberdrola Renewables Inc,56460,Twin Buttes Wind Project,CO,Bent,WT1,OP,Onshore Wind Turbine,WT,IPP Non-CHP,2,75.0,75.0,75.0,7,2007,GE,GE,17.4,3,255,
15399,Iberdrola Renewables Inc,56468,Klondike Windpower III,OR,Sherman,1,OP,Onshore Wind Turbine,WT,IPP Non-CHP,2,221.0,221.0,221.0,11,2007,Siemens,Siemans 93,16.5,4,262,
15399,Iberdrola Renewables Inc,56468,Klondike Windpower III,OR,Sherman,2,OP,Onshore Wind Turbine,WT,IPP Non-CHP,2,76.5,76.5,76.5,7,2008,Siemens,Siemans 93,16.5,4,262,
15399,Iberdrola Renewables Inc,56470,Locust Ridge,PA,Schuylkill,LRWF,OP,Onshore Wind Turbine,WT,IPP Non-CHP,2,26.0,26.0,26.0,3,2007,Gamesa,Gamesa,15.3,4,255,
15399,Iberdrola Renewables Inc,56622,Providence Heights Wind LLC,IL,Bureau,1,OP,Onshore Wind Turbine,WT,IPP Non-CHP,2,72.0,72.0,72.0,8,2008,Gamesa,Gamesa,17,4,255,
15399,Iberdrola Renewables Inc,56764,Winnebago Wind Power Project,IA,Winnebago,1,OP,Onshore Wind Turbine,WT,IPP Non-CHP,2,20.0,20.0,20.0,9,2008,Gamesa,Gamesa,17.1,3,262,
15399,Iberdrola Renewables Inc,56765,Barton Windpower LLC,IA,Worth,1,OP,Onshore Wind Turbine,WT,IPP Non-CHP,2,28.0,28.0,28.0,6,2009,Gamesa,Gamesa,16.3,4,255,
15399,Iberdrola Renewables Inc,56765,Barton Windpower LLC,IA,Worth,2,OP,Onshore Wind Turbine,WT,IPP Non-CHP,2,132.0,132.0,132.0,6,2009,Gamesa,Gamesa,16.3,4,255,
15399,Iberdrola Renewables Inc,56767,Farmers City Wind LLC,MO,Atchison,1,OP,Onshore Wind Turbine,WT,IPP Non-CHP,2,146.0,146.0,146.0,4,2009,Gamesa,Gamesa,18.6,3,255,
15399,Iberdrola Renewables Inc,56770,Locust Ridge II LLC,PA,Schuylkill,1,OP,Onshore Wind Turbine,WT,IPP Non-CHP,2,102.0,102.0,102.0,5,2009,Gamesa,Gamesa,16.3,4,255,
15399,Iberdrola Renewables Inc,56789,Pebble Springs Wind LLC,OR,Gilliam,1,OP,Onshore Wind Turbine,WT,IPP Non-CHP,2,98.7,98.7,98.7,1,2009,Suzlon,Suzlon,14.3,4,259,
15399,Iberdrola Renewables Inc,56790,Hay Canyon Wind Power LLC,OR,Sherman,1,OP,Onshore Wind Turbine,WT,IPP Non-CHP,2,108.0,108.0,108.0,2,2009,Suzlon,Suzlon,16,4,259,
15399,Iberdrola Renewables Inc,56791,Dillon Wind LLC,CA,Riverside,1,OP,Onshore Wind Turbine,WT,IPP Non-CHP,2,45.0,45.0,45.0,4,2008,Mitsubishi,Mitsubishi,17,4,226,
15399,Iberdrola Renewables Inc,56792,Buffalo Ridge I LLC,SD,Brookings,1,OP,Onshore Wind Turbine,WT,IPP Non-CHP,2,50.4,50.4,50.4,4,2009,Suzlon,Suzlon,17.9,3,262,
15399,Iberdrola Renewables Inc,56793,Elm Creek Wind LLC,MN,Jackson,1,OP,Onshore Wind Turbine,WT,IPP Non-CHP,2,99.0,99.0,99.0,12,2008,GE,GE,15.5,4,262,
15399,Iberdrola Renewables Inc,56794,Moraine II Wind LLC,MN,Pipestone,1,OP,Onshore Wind Turbine,WT,IPP Non-CHP,2,49.5,49.5,49.5,2,2009,GE,GE,16.1,4,269,
15399,Iberdrola Renewables Inc,56795,Penascal Wind Power LLC,TX,Kenedy,1,OP,Onshore Wind Turbine,WT,IPP Non-CHP,2,201.6,201.6,201.6,4,2009,Mitsubishi,Mitsubishi,17.3,3,269,
15399,Iberdrola Renewables Inc,56796,South Chestnut LLC,PA,Fayette,1,OP,Onshore Wind Turbine,WT,IPP Non-CHP,2,50.4,50.4,50.4,4,2012,Gamesa,Gamesa,15.8,4,255,
15399,Iberdrola Renewables Inc,57094,Streator Cayuga Ridge South,IL,Livingston,1,OP,Onshore Wind Turbine,WT,IPP Non-CHP,2,300.0,300.0,300.0,3,2010,Gamesa,Gamesa,15.5,4,255,
15399,Iberdrola Renewables Inc,57095,Penascal II Wind Project LLC,TX,Kenedy,1,OP,Onshore Wind Turbine,WT,IPP Non-CHP,2,201.0,201.0,201.0,3,2010,Mitsubishi,Mitsubishi,17.4,3,269,
15399,Iberdrola Renewables Inc,57096,Star Point Wind Project LLC,OR,Sherman,1,OP,Onshore Wind Turbine,WT,IPP Non-CHP,2,98.7,98.7,98.7,2,2010,Suzlon,Suzlon,15,4,259,
15399,Iberdrola Renewables Inc,57097,Rugby Wind Power Project,ND,Pierce,1,OP,Onshore Wind Turbine,WT,IPP Non-CHP,2,149.0,149.0,149.0,12,2009,Suzlon,Suzlon,15.9,4,259,
15399,Iberdrola Renewables Inc,57098,Dry Lake Wind LLC,AZ,Navajo,1,OP,Onshore Wind Turbine,WT,IPP Non-CHP,2,63.0,63.0,63.0,8,2009,Suzlon,Suzlon,11.7,4,259,
15399,Iberdrola Renewables Inc,57156,Barton Chapel Wind Farm,TX,Jack,BC,OP,Onshore Wind Turbine,WT,IPP Non-CHP,2,120.0,120.0,120.0,1,2009,Gamesa,Gamesa,12.3,4,269,
15399,Iberdrola Renewables Inc,57287,Hardscrabble Wind Power LLC,NY,Herkimer,1,OP,Onshore Wind Turbine,WT,IPP Non-CHP,2,74.0,74.0,74.0,1,2011,Gamesa,Gamesa,16,4,328,
15399,Iberdrola Renewables Inc,57319,Big Horn Wind II,WA,Klickitat,1,OP,Onshore Wind Turbine,WT,IPP Non-CHP,2,50.0,50.0,50.0,1,2011,Gamesa,Gamesa,13.5,4,262,
15399,Iberdrola Renewables Inc,57320,Juniper Canyon I Wind Project,WA,Klickitat,1,OP,Onshore Wind Turbine,WT,IPP Non-CHP,2,151.2,151.2,151.2,3,2011,Mitsubishi,Mitsubishi,14,4,262,
15399,Iberdrola Renewables Inc,57333,Leaning Juniper Wind Power II,OR,Gilliam,1,OP,Onshore Wind Turbine,WT,IPP Non-CHP,2,201.0,201.0,201.0,3,2011,GE,GE,14,4,255,
15399,Iberdrola Renewables Inc,57379,Dry Lake Wind II LLC,AZ,Navajo,1,OP,Onshore Wind Turbine,WT,IPP Non-CHP,2,65.1,65.1,65.1,12,2010,Suzlon,Suzlon,13.7,4,255,
15399,Iberdrola Renewables Inc,57380,New England Wind LLC,MA,Berkshire,1,OP,Onshore Wind Turbine,WT,IPP Non-CHP,2,28.5,28.5,28.5,12,2012,GE,GE,16.7,4,213,
15399,Iberdrola Renewables Inc,57424,Buffalo Ridge II LLC,SD,Brookings,1,OP,Onshore Wind Turbine,WT,IPP Non-CHP,2,210.0,210.0,210.0,12,2010,Gamesa,Gamesa,15.7,4,255,
15399,Iberdrola Renewables Inc,57449,Blue Creek Wind Project,OH,Van Wert,1,OP,Onshore Wind Turbine,WT,IPP Non-CHP,2,302.0,302.0,302.0,12,2011,Gamesa,Gamesa,15.7,4,323,
15399,Iberdrola Renewables Inc,57484,Manzana Wind LLC,CA,Kern,GEN1,OP,Onshore Wind Turbine,WT,IPP Non-CHP,2,189.0,189.0,189.0,12,2012,GE,GE,20,2,213,
15399,Iberdrola Renewables Inc,57609,New Harvest Wind Project LLC,IA,Crawford,1,OP,Onshore Wind Turbine,WT,IPP Non-CHP,2,100.0,100.0,100.0,12,2011,Gamesa,G 87,18.5,3,255,
15399,Iberdrola Renewables Inc,57649,Elm Creek Wind II LLC,MN,Martin,1,OP,Onshore Wind Turbine,WT,IPP Non-CHP,2,148.8,148.8,148.8,12,2010,Mitsubishi,Mitsubishi,16.6,4,262,
15399,Iberdrola Renewables Inc,57927,Baffin Wind,TX,Kenedy,1,OP,Onshore Wind Turbine,WT,IPP Non-CHP,2,188.0,188.0,188.0,12,2014,Gamesa,G87,14,3,269,
15399,Iberdrola Renewables Inc,58141,Groton Wind LLC,NH,Grafton,1,OP,Onshore Wind Turbine,WT,IPP Non-CHP,2,48.0,48.0,48.0,12,2012,Gamesa,Gamesa,15.5,4,255,
15466,Public Service Co of Colorado,7937,Ponnequin,CO,Weld,30,OP,Onshore Wind Turbine,WT,Electric Utility,1,9.9,1.2,1.2,8,2001,Vestas,V47,35,1,220,08-000926
15466,Public Service Co of Colorado,7937,Ponnequin,CO,Weld,8,OP,Onshore Wind Turbine,WT,Electric Utility,1,15.4,1.9,1.9,2,1999,NEG-Micon,MN48-750,35,1,200,08-000926
15500,Puget Sound Energy Inc,56255,Hopkins Ridge Wind,WA,Columbia,1,OP,Onshore Wind Turbine,WT,Electric Utility,1,149.4,149.4,149.4,11,2005,Vestas,V80,16.5,2,219.8,53-001077
15500,Puget Sound Energy Inc,56255,Hopkins Ridge Wind,WA,Columbia,2,OP,Onshore Wind Turbine,WT,Electric Utility,1,7.2,7.2,7.2,8,2008,Vestas,V80,16.5,2,219.8,53-001077
15500,Puget Sound Energy Inc,56322,Wild Horse,WA,Kittitas,1,OP,Onshore Wind Turbine,WT,Electric Utility,1,228.6,228.6,228.6,12,2006,Vestas,V80,18,2,219.8,53-001183
15500,Puget Sound Energy Inc,56322,Wild Horse,WA,Kittitas,WH2,OP,Onshore Wind Turbine,WT,Electric Utility,1,44.0,44.0,44.0,11,2009,Vestas,V80,15.4,2,219.8,53-020735
15500,Puget Sound Energy Inc,57195,Lower Snake River Wind Energy Project,WA,GARFIELD,LSR 1,OP,Onshore Wind Turbine,WT,Electric Utility,1,342.7,342.7,342.7,2,2012,Siemens,SWT 2.3-101,15.6,2,262.5,53-021176
16534,Sacramento Municipal Util Dist,7526,Solano Wind,CA,Solano,1,OP,Onshore Wind Turbine,WT,Electric Utility,1,13.2,13.1,13.2,6,1994,Vestas,V47,34,2,246,06-002856
16534,Sacramento Municipal Util Dist,7526,Solano Wind,CA,Solano,2,OP,Onshore Wind Turbine,WT,Electric Utility,1,24.0,24.0,24.0,6,2006,Vestas,V90,38,2,262,06-003190
16534,Sacramento Municipal Util Dist,7526,Solano Wind,CA,Solano,2B,OP,Onshore Wind Turbine,WT,Electric Utility,1,63.0,63.0,63.0,12,2007,Vestas,V90,38,2,262,06-003257
16534,Sacramento Municipal Util Dist,7526,Solano Wind,CA,Solano,3,OP,Onshore Wind Turbine,WT,Electric Utility,1,128.0,128.0,128.0,4,2012,Vestas,V90,38,2,262,06-021875
16630,San Gorgonio Farms Inc,10718,Karen Avenue Wind Farm,CA,RIVERSIDE,WND,OP,Onshore Wind Turbine,WT,IPP Non-CHP,2,11.7,11.7,11.7,1,1985,GE,1.5,21,1,185,06-003040
16630,San Gorgonio Farms Inc,50281,San Gorgonio Farms Wind Farm,CA,Riverside,WGEN,OP,Onshore Wind Turbine,WT,IPP Non-CHP,2,31.0,31.0,31.0,3,1983,Vestas,V39,22,1,131,06-021581
17058,Shell Wind Energy Inc.,55579,Llano Estacado Wind Ranch,TX,Carson,EXIS,OP,Onshore Wind Turbine,WT,IPP Non-CHP,2,80.0,80.0,80.0,12,2001,Mitsubishi,MWT-1000,21.3,1,213.2,48-013110
17058,Shell Wind Energy Inc.,56011,Cabazon Wind Partners,CA,Riverside,V-47,OP,Onshore Wind Turbine,WT,IPP Non-CHP,2,41.0,41.0,41.0,10,2002,Vestas,V47,23.4,1,213.3,48-013110
17058,Shell Wind Energy Inc.,56012,Whitewater Hill Wind Partners,CA,Riverside,1,OP,Onshore Wind Turbine,WT,IPP Non-CHP,2,61.5,61.5,61.5,10,2002,GE,1.5,20.2,1,213.3,48-013110
17058,Shell Wind Energy Inc.,56111,Brazos Wind Farm,TX,Scurry,GEN1,OP,Onshore Wind Turbine,WT,IPP Non-CHP,2,160.0,160.0,160.0,12,2003,Mitsubishi,1000A,17.4,2,213.3,48-013886
17058,Shell Wind Energy Inc.,56495,NedPower Mount Storm,WV,Grant,MS1,OP,Onshore Wind Turbine,WT,IPP Non-CHP,2,164.0,164.0,164.0,3,2008,Gamesa,G80,18.3,2,255.9,54-020939
17058,Shell Wind Energy Inc.,56495,NedPower Mount Storm,WV,Grant,MS2,OP,Onshore Wind Turbine,WT,IPP Non-CHP,2,100.0,100.0,100.0,12,2008,Gamesa,G80,18.3,2,255.9,54-020939
17288,Sky River LLC,50536,Sky River LLC,CA,Kern,WGNS,OP,Onshore Wind Turbine,WT,IPP Non-CHP,2,76.9,76.9,76.9,2,1991,Vestas,27,23,1,185,06-028493
17515,Somerset Windpower  LLC,55803,FPL E Somerset Windpower LLC,PA,Somerset,EW,OP,Onshore Wind Turbine,WT,IPP Non-CHP,2,9.0,9.0,9.0,12,2001,GE,GE 1.5S,19,2,213.3,42-001642
18642,Tennessee Valley Authority,7927,Buffalo Mountain,TN,Anderson,1,OP,Onshore Wind Turbine,WT,Electric Utility,1,0.6,0.7,0.7,10,2000,Vestas,V47,15.2,2,213,2000-ASO-1039-OE
18642,Tennessee Valley Authority,7927,Buffalo Mountain,TN,Anderson,2,OP,Onshore Wind Turbine,WT,Electric Utility,1,0.6,0.7,0.7,10,2000,Vestas,V47,15.2,2,213,2000-ASO-1039-OE
18642,Tennessee Valley Authority,7927,Buffalo Mountain,TN,Anderson,3,OP,Onshore Wind Turbine,WT,Electric Utility,1,0.6,0.7,0.7,10,2000,Vestas,V47,15.2,2,213,2000-ASO-1039-OE
19063,Mojave 3/4/5 LLC,52142,Mojave 4,CA,Kern,GEN1,OP,Onshore Wind Turbine,WT,IPP Non-CHP,2,29.0,29.0,29.0,12,1990,Mitsubishi,116,14,2,141,06-001330
19063,Mojave 3/4/5 LLC,52143,Mojave 3,CA,Kern,GEN1,OP,Onshore Wind Turbine,WT,IPP Non-CHP,2,23.5,23.5,23.5,12,1990,Mitsubishi,250,14,2,141,06-001330
19063,Mojave 3/4/5 LLC,52144,Mojave 5,CA,Kern,GEN1,OP,Onshore Wind Turbine,WT,IPP Non-CHP,2,22.5,22.5,22.5,12,1990,Mitsubishi,250,14,1,141,06-001330
19171,Trent Wind Farm LP,55968,Trent Wind Farm LP,TX,Nolan,WTG1,OP,Onshore Wind Turbine,WT,IPP Non-CHP,2,150.0,150.0,150.0,7,2001,GE,1.5,18,1,212,48-011902
19281,Turlock Irrigation District,56702,Tuolumne Wind Project,WA,Klickitat,WPT1,OP,Onshore Wind Turbine,WT,Electric Utility,1,136.3,136.3,136.3,5,2009,Siemens,SWT-2.3-93,16.5,3,262,53-020309
19740,AES Wind Generation Inc,50485,Altech III,CA,Riverside,GEN1,OP,Onshore Wind Turbine,WT,IPP Non-CHP,2,21.7,21.7,21.7,12,1985,NEG-Micon,108,12,1,80,97-AWP-3134-OE
19740,AES Wind Generation Inc,50485,Altech III,CA,Riverside,GEN2,OP,Onshore Wind Turbine,WT,IPP Non-CHP,2,3.4,3.4,3.4,12,1984,NEG-Micon,108,12,1,80,97-AWP-3134-O
19740,AES Wind Generation Inc,50820,East Winds Project,CA,Riverside,GEN1,OP,Onshore Wind Turbine,WT,IPP Non-CHP,2,4.2,4.2,4.2,12,1983,Micon,Micon-600,12,1,160,
19740,AES Wind Generation Inc,52162,85 A,CA,Kern,WGNS,OP,Onshore Wind Turbine,WT,IPP Non-CHP,2,14.1,14.1,14.1,1,1985,Vestas,V-17,26.8,1,80,
19740,AES Wind Generation Inc,52163,85 B,CA,Kern,WTGN,OP,Onshore Wind Turbine,WT,IPP Non-CHP,2,21.2,21.2,21.2,1,1985,Vestas,V-17,26.8,1,80,
19740,AES Wind Generation Inc,52165,Helzel & Schwarzhoff 88 Wind Farm,CA,KERN,WGNS,OP,Onshore Wind Turbine,WT,IPP Non-CHP,2,1.8,1.8,1.8,12,1986,Vestas,V-17,26.8,1,80,
19740,AES Wind Generation Inc,55607,Foote Creek I,WY,Carbon,GEN1,OP,Onshore Wind Turbine,WT,IPP Non-CHP,2,41.4,41.4,41.4,4,1999,Mitsubishi,MWT-600,17,1,197,00-ANM-0295-OE
19740,AES Wind Generation Inc,55719,Mountain View I&2,CA,Riverside,GEN2,OP,Onshore Wind Turbine,WT,IPP Non-CHP,2,22.2,22.2,22.2,7,2001,Mitsubishi,MWT-600,26.8,1,197,99-AWP-0552-OE
19740,AES Wind Generation Inc,55719,Mountain View I&2,CA,Riverside,GENI,OP,Onshore Wind Turbine,WT,IPP Non-CHP,2,44.4,44.4,44.4,6,2001,Mitsubishi,MWT-600,26.8,1,197,99-AWP-0552-OE
19740,AES Wind Generation Inc,55740,Rock River I LLC,WY,Carbon,GEN1,OP,Onshore Wind Turbine,WT,IPP Non-CHP,2,50.0,50.0,50.0,10,2001,Mitsubishi,MWT-1000,12,1,197,2001-ANM-701-OE
19740,AES Wind Generation Inc,56240,Buffalo Gap Wind Farm,TX,Taylor,1,OP,Onshore Wind Turbine,WT,IPP Non-CHP,2,120.6,120.6,120.6,4,2006,Vestas,V-80,17,1,197,2005-ASW-540 - OE
19740,AES Wind Generation Inc,56276,ZCO,CA,Kern,WGNS,OP,Onshore Wind Turbine,WT,IPP Non-CHP,2,1.6,1.6,1.6,12,1985,NEG-Micon,108,12,1,80,WP-3134-OE
19740,AES Wind Generation Inc,56484,Buffalo Gap 2 Wind Farm,TX,Nolan,1,OP,Onshore Wind Turbine,WT,IPP Non-CHP,2,232.5,232.5,232.5,7,2007,GE,GE 1.5,17,1,201,48-016805
19740,AES Wind Generation Inc,56638,Buffalo Gap 3 Wind Farm,TX,Nolan,GEN1,OP,Onshore Wind Turbine,WT,IPP Non-CHP,2,170.2,170.2,170.2,8,2008,Siemens,SWT-2.3,17,1,262,48-020839
19740,AES Wind Generation Inc,57447,Laurel Mountain,WV,Barbour,1,OP,Onshore Wind Turbine,WT,IPP Non-CHP,2,97.6,97.6,97.6,8,2011,GE,GE-1.6,16.1,3,262,2010-WTE-1226-OE
19740,AES Wind Generation Inc,57459,Mountain View IV,CA,Riverside,1,OP,Onshore Wind Turbine,WT,IPP Non-CHP,2,49.0,49.0,49.0,2,2012,Mitsubishi,MWT-1000,26.8,1,197,06-022092
20160,Energy Northwest,7936,Nine Canyon,WA,Benton,1,OP,Onshore Wind Turbine,WT,Electric Utility,1,95.9,95.0,95.0,9,2002,Siemens,1.3,14,4,200,53-020540
20208,Waymart Wind Farm,56001,Waymart Wind,PA,Wayne,GE15,OP,Onshore Wind Turbine,WT,IPP Non-CHP,2,64.5,64.5,64.5,10,2003,GE,GE 1.5 S,19,2,213.3,42-003293
20214,Waverly Municipal Elec Utility,57214,Waverly Community Wind Project,IA,Bremer,CAN1,OP,Onshore Wind Turbine,WT,Electric Utility,1,0.9,0.9,0.9,3,2009,EWT,awe54-900,12.5,2,234,19-022568
20214,Waverly Municipal Elec Utility,57214,Waverly Community Wind Project,IA,Bremer,CAN2,OP,Onshore Wind Turbine,WT,Electric Utility,1,0.9,0.9,0.9,9,2012,EWT,awe54-900,12.5,2,234,19-022568
20214,Waverly Municipal Elec Utility,57214,Waverly Community Wind Project,IA,Bremer,SK4,OP,Onshore Wind Turbine,WT,Electric Utility,1,0.9,0.9,0.9,12,2001,NEG-Micon,nm52/900,12.5,2,234,19-002059
20424,West Texas Wind Energy Partners LLC,55367,West Texas Wind Energy LLC,TX,Upton,01,OP,Onshore Wind Turbine,WT,IPP Non-CHP,2,75.0,75.0,75.0,6,1999,Micon,Micon 750,19,2,118,48-006219
20707,Wintec Energy Ltd,50276,Wintec Energy Ltd,CA,Riverside,EXIS,OP,Onshore Wind Turbine,WT,IPP Non-CHP,2,5.9,5.9,5.9,12,1986,Nordtank,65KW,17.5,2,80,
20737,Willmar Municipal Utilities,2022,Willmar,MN,Kandiyohi,WTG3,OP,Onshore Wind Turbine,WT,Electric Utility,1,2.0,2.0,2.0,8,2009,DeWind,D8.2,14.7,3,262,27-020731
20737,Willmar Municipal Utilities,2022,Willmar,MN,Kandiyohi,WTG4,OP,Onshore Wind Turbine,WT,Electric Utility,1,2.0,2.0,2.0,8,2009,DeWind,D8.2,14.7,2,262,27-021074
20791,Windland Inc,50386,Windland,CA,Kern,WING,OP,Onshore Wind Turbine,WT,IPP Non-CHP,2,16.0,15.5,15.5,12,1982,Vestas,V-27,19,1,262,2008WTW3055OE
20847,Wisconsin Electric Power Co,7901,Byron,WI,Fond Du Lac,1,OP,Onshore Wind Turbine,WT,Electric Utility,1,0.7,0.1,0.1,6,1999,Vestas,V-47,19,2,213.2,
20847,Wisconsin Electric Power Co,7901,Byron,WI,Fond Du Lac,2,OP,Onshore Wind Turbine,WT,Electric Utility,1,0.7,0.1,0.1,6,1999,Vestas,V-47,19,2,213.2,
20847,Wisconsin Electric Power Co,55742,Montfort Wind Energy Center,WI,Iowa,ER15,OP,Onshore Wind Turbine,WT,Electric Utility,1,30.0,2.0,8.0,6,2002,GE,1.5S,19,2,213.2,55-001570
20847,Wisconsin Electric Power Co,56391,Blue Sky Green Field Wind Project,WI,Fond Du Lac,1,OP,Onshore Wind Turbine,WT,Electric Utility,1,145.2,21.0,61.0,5,2008,Vestas,V-82,19,2,213.2,55-020290
20847,Wisconsin Electric Power Co,57199,Glacier Hills,WI,Columbia,1,OP,Onshore Wind Turbine,WT,Electric Utility,1,162.0,28.0,61.0,12,2011,Vestas,V-90,19,2,262.5,
20856,Wisconsin Power & Light Co,56347,Cedar Ridge,WI,Fond Du Lac,1,OP,Onshore Wind Turbine,WT,Electric Utility,1,67.7,67.7,67.7,12,2008,Vestas,V82,15,2,262,2007-AGL-6712-OE
20856,Wisconsin Power & Light Co,57198,Bent Tree Wind Farm Phase 1,MN,Freeborn,1,OP,Onshore Wind Turbine,WT,Electric Utility,1,201.3,201.3,201.3,2,2011,Vestas,V82,16.3,2,262,2009-WTE-5888-OE
20860,Wisconsin Public Service Corp,7366,Lincoln Turbines,WI,Kewaunee,1,OP,Onshore Wind Turbine,WT,Electric Utility,1,9.2,1.2,2.3,6,1999,Vestas,V-47,15.4,3,213,55-001424
20860,Wisconsin Public Service Corp,56831,Crane Creek Wind Energy Center,IA,Howard,1,OP,Onshore Wind Turbine,WT,Electric Utility,1,99.0,29.0,37.0,12,2009,GE,GE1.5 SLE,17.8,2,262,19-021359
21013,City of Worthington - (MN),2024,Worthington,MN,Nobles,10,OP,Onshore Wind Turbine,WT,Electric Utility,1,0.9,0.9,0.9,7,2002,NEG-Micon,NM52,19,2,240,27-002200
21013,City of Worthington - (MN),2024,Worthington,MN,Nobles,11,OP,Onshore Wind Turbine,WT,Electric Utility,1,0.9,0.9,0.9,7,2002,NEG-Micon,NM52,19,2,240,27-002201
21013,City of Worthington - (MN),2024,Worthington,MN,Nobles,12,OP,Onshore Wind Turbine,WT,Electric Utility,1,1.0,1.0,1.0,12,2003,NEG-Micon,NM54,19,2,240,27-002312
21013,City of Worthington - (MN),2024,Worthington,MN,Nobles,13,OP,Onshore Wind Turbine,WT,Electric Utility,1,1.0,1.0,1.0,12,2003,NEG-Micon,NM54,19,2,240,27-002311
21013,City of Worthington - (MN),2024,Worthington,MN,Nobles,8,OP,Onshore Wind Turbine,WT,Electric Utility,1,0.9,0.9,0.9,7,2002,NEG-Micon,NM52,19,2,240,27-002198
21013,City of Worthington - (MN),2024,Worthington,MN,Nobles,9,OP,Onshore Wind Turbine,WT,Electric Utility,1,0.9,0.9,0.9,7,2002,NEG-Micon,NM52,19,2,240,27-002199
21352,Municipal Energy Agency of NE,56106,MEAN Wind Project,NE,Kimball,1,OP,Onshore Wind Turbine,WT,Electric Utility,1,10.5,10.5,10.5,10,2002,NEG-Micon,NM 72c,18,2,230,ORS 31-001165
22500,Westar Energy Inc,56818,Central Plains Wind Farm,KS,Wichita,1,OP,Onshore Wind Turbine,WT,Electric Utility,1,99.0,99.0,99.0,3,2009,Vestas,V90 3MW Mk8,33.5,1,262,20-020323
22500,Westar Energy Inc,56819,Flat Ridge Wind Farm,KS,Barber,1,OP,Onshore Wind Turbine,WT,Electric Utility,1,50.0,50.0,50.0,2,2009,Clipper,C96 2.5MW,19.5,2,262,20-0210041
26867,Lake Benton Power Part II LLC,55265,Lake Benton II,MN,Pipestone,EXIS,OP,Onshore Wind Turbine,WT,IPP Non-CHP,2,103.5,103.5,103.5,6,1999,Zond,Zond 0.75,18.4,2,168,27-001828
34437,Aeroturbine Energy Corporation,56214,Aeroturbine,CA,Riverside,WT120,OP,Onshore Wind Turbine,WT,IPP Non-CHP,2,4.7,4.7,4.7,9,1989,Bonus,120KW,25,2,80,unknown
34505,Edison Mission Energy,54793,Storm Lake 1,IA,Buena Vista,2,OP,Onshore Wind Turbine,WT,IPP Non-CHP,2,0.7,0.7,0.7,6,1999,Zond,Zond 750,17,3,213,1988-ACE-816-OE
34505,Edison Mission Energy,54793,Storm Lake 1,IA,Buena Vista,3,OP,Onshore Wind Turbine,WT,IPP Non-CHP,2,0.7,0.7,0.7,6,1999,Zond,Zond 750,17,3,213,1988-ACE-816-OE
34505,Edison Mission Energy,54793,Storm Lake 1,IA,Buena Vista,EXIS,OP,Onshore Wind Turbine,WT,IPP Non-CHP,2,112.5,108.0,108.0,5,1999,Zond,Zond 750,17,3,213,1988-ACE-816-OE
34505,Edison Mission Energy,56199,TG Windfarm LLC,MN,Pipestone,1,OP,Onshore Wind Turbine,WT,IPP Non-CHP,2,2.0,2.0,2.0,11,2003,Suzlon,S64 950KW,17,3,213,27-002281
34505,Edison Mission Energy,56200,CG Windfarm LLC,MN,Pipestone,I,OP,Onshore Wind Turbine,WT,IPP Non-CHP,2,2.0,2.0,2.0,12,2003,Suzlon,S64 950 KW,17,3,213,27-002281
34505,Edison Mission Energy,56201,Bisson Windfarm LLC,MN,Pipestone,I,OP,Onshore Wind Turbine,WT,IPP Non-CHP,2,2.0,2.0,2.0,10,2003,Suzlon,S64 950KW,17,3,213,27-001666
34505,Edison Mission Energy,56203,Westridge Windfarm LLC,MN,Pipestone,1,OP,Onshore Wind Turbine,WT,IPP Non-CHP,2,2.0,2.0,2.0,11,2003,Suzlon,S64 905KW,17,3,213,27-001666
34505,Edison Mission Energy,56206,K-Brink Windfarm LLC,MN,Pipestone,1,OP,Onshore Wind Turbine,WT,IPP Non-CHP,2,2.0,2.0,2.0,2,2003,Suzlon,S64 905KW,17,3,213,27-002195
34505,Edison Mission Energy,56209,Boeve Windfarm LLC,MN,Pipestone,1,OP,Onshore Wind Turbine,WT,IPP Non-CHP,2,2.0,2.0,2.0,8,2003,Suzlon,S64 950KW,17,3,213,27-002316
34505,Edison Mission Energy,56304,San Juan Mesa,NM,Roosevelt,1,OP,Onshore Wind Turbine,WT,IPP Non-CHP,2,120.0,120.0,120.0,12,2005,Mitsubishi,Mitsubishi MWT-1000A,19,2,262,48-016221
34505,Edison Mission Energy,56432,Wildorado Wind Ranch,TX,Oldham,1,OP,Onshore Wind Turbine,WT,IPP Non-CHP,2,161.0,161.0,161.0,4,2007,Siemens,SWT-93 2.3 MW,19,2,262,48-016221
34505,Edison Mission Energy,56543,Eastridge Wind Project,MN,Murray,1,OP,Onshore Wind Turbine,WT,IPP Non-CHP,2,10.4,10.4,10.4,4,2006,Suzlon,S64 950KW,17,3,213,27-005592
34505,Edison Mission Energy,56544,Windom Wind Project,MN,Cottonwood,1,OP,Onshore Wind Turbine,WT,IPP Non-CHP,2,15.6,15.6,15.6,3,2006,Suzlon,S64 1.25MW,17,3,213,27-005573
34505,Edison Mission Energy,56621,Sleeping Bear LLC,OK,Harper,1,OP,Onshore Wind Turbine,WT,IPP Non-CHP,2,94.5,94.5,94.5,10,2007,Suzlon,Suzlon S-88 V2 2.1,19,2,262,40-003415
34505,Edison Mission Energy,56699,Forward Windpower LLC,PA,Somerset,1,OP,Onshore Wind Turbine,WT,IPP Non-CHP,2,29.4,29.4,29.4,4,2008,Suzlon,S88 V2 2.1 MW,19,2,262,42-020083
34505,Edison Mission Energy,56700,Lookout Windpower LLC,PA,Somerset,1,OP,Onshore Wind Turbine,WT,IPP Non-CHP,2,37.8,37.8,37.8,10,2008,Suzlon,Suzlon S-88 V2 2.1 MW,19,2,262,42-020098
34505,Edison Mission Energy,56750,Jeffers Wind 20 LLC,MN,Cottonwood,1,OP,Onshore Wind Turbine,WT,IPP Non-CHP,2,50.0,50.0,50.0,10,2008,Clipper,C96 2.5,19,2,262,27-020273
34505,Edison Mission Energy,56751,Spanish Fork Wind Park 2 LLC,UT,Utah,1,OP,Onshore Wind Turbine,WT,IPP Non-CHP,2,18.9,18.9,18.9,7,2008,Suzlon,Suzlon S-88 V3 2.1MW,19,2,262,2006-ANM-2124-OE
34505,Edison Mission Energy,56752,Mountain Wind Power  LLC,WY,Uinta,1,OP,Onshore Wind Turbine,WT,IPP Non-CHP,2,61.0,61.0,61.0,7,2008,Suzlon,Suzlon s-88 V2 2.1 MW,19,2,262,2007-ANM-633-OE
34505,Edison Mission Energy,56753,Mountain Wind Power II  LLC,WY,Uinta,1,OP,Onshore Wind Turbine,WT,IPP Non-CHP,2,80.0,80.0,80.0,9,2008,Suzlon,Suzlon V2 & V3 2.1 MW,19,2,262,56-020039
34505,Edison Mission Energy,56754,Goat Wind LP,TX,Sterling,1,OP,Onshore Wind Turbine,WT,IPP Non-CHP,2,80.0,80.0,80.0,4,2008,Mitsubishi,Mitsubishi MWT-1000A 1.0 MW,19,2,226,48-025363
34505,Edison Mission Energy,56754,Goat Wind LP,TX,Sterling,2,OP,Onshore Wind Turbine,WT,IPP Non-CHP,2,69.6,69.6,69.6,6,2009,Mitsubishi,MWT-95 2.4 MW,19,2,262,48-025363
34505,Edison Mission Energy,56755,Odin Wind Farm,MN,Cottonwood,1,OP,Onshore Wind Turbine,WT,IPP Non-CHP,2,20.0,20.0,20.0,5,2008,Suzlon,S88 V2 2.1 MW,19,2,262,2006-AGL-8275-OE
34505,Edison Mission Energy,56859,Crosswind Energy Project,IA,Palo Alto,1,OP,Onshore Wind Turbine,WT,IPP Non-CHP,2,21.0,21.0,21.0,6,2007,Suzlon,S88 V2 2.1 MW,19,2,262,19-020209
34505,Edison Mission Energy,56860,Hardin Hilltop Wind LLC,IA,GREENE,1,OP,Onshore Wind Turbine,WT,IPP Non-CHP,2,14.7,14.7,14.7,5,2007,Suzlon,S-88 V2 2.1 MW,19,2,262,2006-ACE-1036-OE
34505,Edison Mission Energy,56945,High Lonesome Mesa  LLC,NM,Torrance,1,OP,Onshore Wind Turbine,WT,IPP Non-CHP,2,100.0,100.0,100.0,7,2009,Clipper,C96 2.5,19,2,262,2008-ASW-2821-OE
34505,Edison Mission Energy,56946,Buffalo Bear LLC,OK,Harper,1,OP,Onshore Wind Turbine,WT,IPP Non-CHP,2,18.9,18.9,18.9,12,2008,Suzlon,S88 V3 2.1 MW,19,2,262,40-020162
34505,Edison Mission Energy,56947,Elkhorn Ridge Wind LLC,NE,Knox,1,OP,Onshore Wind Turbine,WT,IPP Non-CHP,2,81.0,81.0,81.0,3,2009,Vestas,V90 3.0,22,1,262,31-020111
34505,Edison Mission Energy,57260,Cedro Hill Wind LLC,TX,Webb,1,OP,Onshore Wind Turbine,WT,IPP Non-CHP,2,150.0,150.0,150.0,12,2010,GE,XLE 1.5 MW,17,3,262,48-024150
34505,Edison Mission Energy,57261,Taloga Wind LLC,OK,Dewey,1,OP,Onshore Wind Turbine,WT,IPP Non-CHP,2,130.0,130.0,130.0,7,2011,Mitsubishi,MWT-95 2.4 MW,19,2,262,2009-WTW-459-OE
34505,Edison Mission Energy,57262,Laredo Ridge Wind LLC,NE,Boone,1,OP,Onshore Wind Turbine,WT,IPP Non-CHP,2,79.9,79.9,79.9,2,2011,GE,XLE 1.5 MW,17,3,262,2010-WTE-136-OE
34505,Edison Mission Energy,57278,Crofton Bluffs Wind LLC,NE,Knox,CWET1,OP,Onshore Wind Turbine,WT,IPP Non-CHP,2,40.0,40.0,40.0,11,2012,Vestas,Vestas V90 3.0 MW and 1.8 MW,20,1,262,31-020672
34505,Edison Mission Energy,57385,Community Wind North LLC,MN,LINCOLN,34505,OP,Onshore Wind Turbine,WT,IPP Non-CHP,2,30.0,30.0,30.0,5,2011,Clipper,C96 2.5 MW,19,2,262,2012-WTE-459-OE
34505,Edison Mission Energy,57593,Broken Bow Wind LLC,NE,Custer,1,OP,Onshore Wind Turbine,WT,IPP Non-CHP,2,79.9,79.9,79.9,12,2012,GE,GE XLE 1.6,17,3,262,31-020670
34505,Edison Mission Energy,57595,Pinnacle Wind Force LLC,WV,Mineral,1,OP,Onshore Wind Turbine,WT,IPP Non-CHP,2,55.2,55.2,55.2,12,2011,Mitsubishi,Mitsubishi MWT-2.4 95,19,2,262,54-020838
34688,CHI Energy Inc,55368,Wethersfield Wind Farm,NY,Wyoming,V47,SB,Onshore Wind Turbine,WT,IPP Non-CHP,2,6.6,6.6,6.6,8,2000,Vestas,V47,24,2,180,
34688,CHI Energy Inc,55790,Fenner Wind,NY,Madison,1,OP,Onshore Wind Turbine,WT,IPP Non-CHP,2,30.0,30.0,30.0,10,2001,GE,1.5,24,2,262,
34717,FPL Energy New Mexico Wind LLC,56097,New Mexico Wind Energy Center,NM,Quay,GE15,OP,Onshore Wind Turbine,WT,IPP Non-CHP,2,204.0,204.0,204.0,9,2003,GE,1.5 S,19,2,213.3,35-000897
34719,FPL Energy Oklahoma Wind LLC,56094,Oklahoma Wind Energy Center,OK,Woodward,GE15,OP,Onshore Wind Turbine,WT,IPP Non-CHP,2,51.0,51.0,51.0,10,2003,GE,GE 1.5S,19,2,213.3,40-020138
34719,FPL Energy Oklahoma Wind LLC,56094,Oklahoma Wind Energy Center,OK,Woodward,GSOO,OP,Onshore Wind Turbine,WT,IPP Non-CHP,2,51.0,51.0,51.0,10,2003,GE,GE 1.5S,19,2,213.3,40-020138
34721,FPL Energy South Dakota Wind LLC,56092,South Dakota Wind Energy Cente,SD,Hyde,GE15,OP,Onshore Wind Turbine,WT,IPP Non-CHP,2,40.5,40.5,40.5,10,2003,GE,GE 1.5S,19,2,213.3,46-022690
34723,FPL Energy North Dakota Wind  LLC,56099,FPL Energy North Dakota Wind I/II,ND,LaMoure,GE15,OP,Onshore Wind Turbine,WT,IPP Non-CHP,2,61.5,61.5,61.5,10,2003,GE,GE 1.5S,19,2,213.3,38-000033
40577,"American Mun Power-Ohio, Inc",56226,Bowling Green Wind,OH,Wood,1,OP,Onshore Wind Turbine,WT,Electric Utility,1,1.8,1.8,1.8,12,2004,Vestas,V80,29.5,1,255.9,2002-AGL-4048-OE
40577,"American Mun Power-Ohio, Inc",56226,Bowling Green Wind,OH,Wood,2,OP,Onshore Wind Turbine,WT,Electric Utility,1,1.8,1.8,1.8,10,2003,Vestas,V80,29.5,1,255.9,2002-AGL-4048-OE
40577,"American Mun Power-Ohio, Inc",56226,Bowling Green Wind,OH,Wood,3,OP,Onshore Wind Turbine,WT,Electric Utility,1,1.8,1.8,1.8,10,2003,Vestas,V80,29.5,1,255.9,2002-AGL-4048-OE
40577,"American Mun Power-Ohio, Inc",56226,Bowling Green Wind,OH,Wood,4,OP,Onshore Wind Turbine,WT,Electric Utility,1,1.8,1.8,1.8,11,2004,Vestas,V80,29.5,1,255.9,2002-AGL-4048-OE
40580,Southern Minnesota Mun P Agny,56414,Redwood Falls Wind,MN,Redwood,WND1,OP,Onshore Wind Turbine,WT,Electric Utility,1,1.7,1.7,1.7,12,2004,Vestas,V82,19.1,3,237,27-002448
40580,Southern Minnesota Mun P Agny,56414,Redwood Falls Wind,MN,Redwood,WND2,OP,Onshore Wind Turbine,WT,Electric Utility,1,1.7,1.7,1.7,1,2005,Vestas,V82,19.1,3,237,27-002449
40580,Southern Minnesota Mun P Agny,56415,Fairmont Wind,MN,Martin,WND1,OP,Onshore Wind Turbine,WT,Electric Utility,1,1.0,0.9,0.9,3,2003,Vestas,V54,16.8,2,237,27-002156
40580,Southern Minnesota Mun P Agny,56415,Fairmont Wind,MN,Martin,WND2,OP,Onshore Wind Turbine,WT,Electric Utility,1,1.0,0.9,0.9,3,2003,Vestas,V54,16.8,2,237,27-002155
40580,Southern Minnesota Mun P Agny,56415,Fairmont Wind,MN,Martin,WND3,OP,Onshore Wind Turbine,WT,Electric Utility,1,1.7,1.7,1.7,12,2004,Vestas,V82,19.1,3,237,27-005582
40580,Southern Minnesota Mun P Agny,56415,Fairmont Wind,MN,Martin,WND4,OP,Onshore Wind Turbine,WT,Electric Utility,1,1.7,1.7,1.7,1,2005,Vestas,V82,19.1,3,237,27-002454
49750,FPL Energy Green Power,55396,Green Power I,CA,Riverside,WGNS,OP,Onshore Wind Turbine,WT,IPP Non-CHP,2,16.5,16.5,16.5,7,1975,Zond,750,19,2,295,06-002413
49751,FPL Energy Cabazon Wind,50552,Cabazon Wind Farm,CA,Riverside,WGNS,OP,Onshore Wind Turbine,WT,IPP Non-CHP,2,39.7,39.7,39.7,1,1999,Zond,750,19,2,213,
49796,Desert Sky Wind Farm LP,55992,Desert Sky,TX,Pecos,1,OP,Onshore Wind Turbine,WT,IPP Non-CHP,2,160.5,160.5,160.5,1,2002,GE,1.5,16.5,1,212,48-012155
49844,Eurus Combine Hills I LLC,56195,Combine Hills I,OR,Umatilla,001,OP,Onshore Wind Turbine,WT,IPP Non-CHP,2,41.0,41.0,41.0,12,2003,Mitsubishi,MHI 1000-A,19,2,180,41-000874
49867,Tofteland Windfarm LLC,56202,Tofteland Windfarm LLC,MN,Pipestone,I,OP,Onshore Wind Turbine,WT,IPP Non-CHP,2,2.0,2.0,2.0,10,2003,Suzlon,S64/950,19,2,213,27-002286
49869,Fey Windfarm LLC,56204,Fey Windfarm LLC,MN,Pipestone,1,OP,Onshore Wind Turbine,WT,IPP Non-CHP,2,2.0,2.0,2.0,9,2003,Suzlon,S64/950,19,2,213,2012-WTE-3738-OE
49870,Windcurrent Farms LLC,56205,Windcurrent Farms LLC,MN,Pipestone,1,OP,Onshore Wind Turbine,WT,IPP Non-CHP,2,2.0,2.0,2.0,9,2003,Suzlon,S64/950,19,2,213,27-002317
49880,EDP Renewables North America LLC,55769,Madison Windpower LLC,NY,Madison,MADW,OP,Onshore Wind Turbine,WT,IPP Non-CHP,2,11.5,11.5,11.5,10,2000,Vestas,V66,22,1,220,36-002736
49893,Invenergy Services LLC,56301,Wolverine Creek,ID,Bonneville,1,OP,Onshore Wind Turbine,WT,IPP Non-CHP,2,64.5,64.5,64.5,2,2006,GE,1.5 MW SLE,15.8,2,263,16-000763
49893,Invenergy Services LLC,56320,Spring Canyon,CO,Logan,1,OP,Onshore Wind Turbine,WT,IPP Non-CHP,2,60.0,60.0,60.0,2,2006,GE,1.5 MW SLE,19.5,2,263,08-001205
49893,Invenergy Services LLC,56377,Judith Gap Wind Energy Center,MT,Wheatland,1,OP,Onshore Wind Turbine,WT,IPP Non-CHP,2,135.0,135.0,135.0,12,2005,GE,1.5 MW SLE,19,2,263,30-000586
49893,Invenergy Services LLC,56493,Buffalo Mountain Energy Center,TN,Anderson,4,OP,Onshore Wind Turbine,WT,IPP Non-CHP,2,27.0,27.0,27.0,12,2004,Vestas,V80,17,2,256,47-020358
49893,Invenergy Services LLC,56506,Scurry County Wind LP,TX,Scurry,SCW,OP,Onshore Wind Turbine,WT,IPP Non-CHP,2,130.5,130.5,130.5,5,2007,GE,1.5 MW SLE,18.6,2,263,48-016487
49893,Invenergy Services LLC,56644,Stanton Wind Energy LLC,TX,Martin,1,OP,Onshore Wind Turbine,WT,IPP Non-CHP,2,120.0,120.0,120.0,2,2008,GE,1.5 MW SLE,17.4,2,263,48-020568
49893,Invenergy Services LLC,56773,McAdoo Wind Energy LLC,TX,Dickens,1,OP,Onshore Wind Turbine,WT,IPP Non-CHP,2,150.0,150.0,150.0,9,2008,GE,1.5 MW SLE,19.5,2,263,48-021072
49893,Invenergy Services LLC,56774,Turkey Track Wind  Energy LLC,TX,Nolan,1,OP,Onshore Wind Turbine,WT,IPP Non-CHP,2,169.5,169.5,169.5,11,2008,GE,1.5 MW SLE,17.4,2,263,48-022255
49893,Invenergy Services LLC,56775,Scurry County Wind II,TX,Scurry,1,OP,Onshore Wind Turbine,WT,IPP Non-CHP,2,120.0,120.0,120.0,12,2007,GE,1.5 MW SLE,18.6,2,263,48-020533
49893,Invenergy Services LLC,56941,Grand Ridge Wind Energy Center,IL,LaSalle,1,OP,Onshore Wind Turbine,WT,IPP Non-CHP,2,99.0,99.0,99.0,10,2008,GE,1.5 MW SLE,18.3,2,263,17-020445
49893,Invenergy Services LLC,56941,Grand Ridge Wind Energy Center,IL,LaSalle,2,OP,Onshore Wind Turbine,WT,IPP Non-CHP,2,51.0,51.0,51.0,12,2009,GE,1.5 MW SLE,17.2,2,263,17-020456
49893,Invenergy Services LLC,56941,Grand Ridge Wind Energy Center,IL,LaSalle,3,OP,Onshore Wind Turbine,WT,IPP Non-CHP,2,49.5,49.5,49.5,12,2009,GE,1.5 MW SLE,17.2,2,263,17-020408
49893,Invenergy Services LLC,56941,Grand Ridge Wind Energy Center,IL,LaSalle,4,OP,Onshore Wind Turbine,WT,IPP Non-CHP,2,10.5,10.5,10.5,12,2009,GE,1.5 MW SLE,17.2,2,263,17-020463
49893,Invenergy Services LLC,56942,Forward Wind Energy Center,WI,Dodge,1,OP,Onshore Wind Turbine,WT,IPP Non-CHP,2,99.0,99.0,99.0,7,2008,GE,1.5 MW SLE,17,2,263,55-020160
49893,Invenergy Services LLC,56942,Forward Wind Energy Center,WI,Dodge,2,OP,Onshore Wind Turbine,WT,IPP Non-CHP,2,30.0,30.0,30.0,5,2009,GE,1.5 MW SLE,17,2,263,55-020033
49893,Invenergy Services LLC,56952,Willow Creek Energy Center,OR,Morrow,1,OP,Onshore Wind Turbine,WT,IPP Non-CHP,2,72.0,72.0,72.0,1,2009,GE,1.5 MW SLE,15.2,2,263,41-020135
49893,Invenergy Services LLC,56953,High Sheldon Wind Farm,NY,Wyoming,1,OP,Onshore Wind Turbine,WT,IPP Non-CHP,2,112.0,112.0,112.0,2,2009,GE,1.5 MW SLE,15,3,263,36-020534
49893,Invenergy Services LLC,57151,Beech Ridge Energy LLC,WV,Greenbrier,GEN1,OP,Onshore Wind Turbine,WT,IPP Non-CHP,2,100.5,100.5,100.5,1,2010,GE,1.5 MW SLE,17,2,263,54-020105
49893,Invenergy Services LLC,57188,Vantage Wind Energy LLC,WA,Kittitas,1,OP,Onshore Wind Turbine,WT,IPP Non-CHP,2,90.0,90.0,90.0,8,2010,GE,1.5 MW SLE,17.4,2,263,53-020868
49893,Invenergy Services LLC,57463,Bishop Hill Energy LLC,IL,Henry,1,OP,Onshore Wind Turbine,WT,IPP Non-CHP,2,200.0,200.0,200.0,6,2012,GE,1.5 XLE,16.1,3,263,17-022049
49893,Invenergy Services LLC,58008,California Ridge Wind Energy LLC,IL,Vermilion,CR,OP,Onshore Wind Turbine,WT,IPP Non-CHP,2,217.0,200.0,200.0,12,2012,GE,1.6-100 WTG,18.1,3,263,17-022302
49893,Invenergy Services LLC,58321,Goldthwaite Wind Energy Facility,TX,Mills,1,OP,Onshore Wind Turbine,WT,IPP Non-CHP,2,150.0,150.0,150.0,12,2013,GE,1.7 MW,16.8,3,263,48-031478
49893,Invenergy Services LLC,58322,Prairie Breeze,NE,Antelope,1,OP,Onshore Wind Turbine,WT,IPP Non-CHP,2,206.5,206.5,206.5,5,2014,GE,1.7 MW,19,2,262.5,2013-WTE-2902-OE
49893,Invenergy Services LLC,58677,Gratiot County Wind LLC,MI,Gratiot,1,OP,Onshore Wind Turbine,WT,IPP Non-CHP,2,110.4,110.4,110.4,5,2012,GE,1.6 MW XLE,14.5,3,328,26-020828
49893,Invenergy Services LLC,58765,Miami Wind Energy Center,TX,Roberts,1,OP,Onshore Wind Turbine,WT,IPP Non-CHP,2,288.6,288.6,288.6,8,2014,GE,1.85 mw - 87 meter rotor,19.1,2,262.4,2014-WTW-4229-OE
49893,Invenergy Services LLC,58768,Marsh Hill Wind Farm,NY,Steuben,1,OP,Onshore Wind Turbine,WT,IPP Non-CHP,2,16.2,16.2,16.2,11,2014,GE,GE 1.6-103/16 MW,16.7,3,262,2014-WTE-3795-OE
49893,Invenergy Services LLC,58769,Spring Canyon Expansion Wind Energy Ctr,CO,Logan,1,OP,Onshore Wind Turbine,WT,IPP Non-CHP,2,34.0,34.0,34.0,10,2014,GE,GE 1.179-100,20.4,2,262,2014-WTW-4287-OE
49893,Invenergy Services LLC,58769,Spring Canyon Expansion Wind Energy Ctr,CO,Logan,SCIII,OP,Onshore Wind Turbine,WT,IPP Non-CHP,2,28.6,28.6,28.6,12,2014,GE,GE 1.79-100,18.6,2,262,2014-WTW-7999-OE
49903,Aeolus Wind  LLC,56225,Aeolus Wind Facility,TX,Hansford,V90,OP,Onshore Wind Turbine,WT,IPP Non-CHP,2,3.0,3.0,3.0,12,2003,Vestas,V90,20,1,262.5,48-013807
49963,"FPL Energy Operating Services, Inc.",54454,San Gorgonio Windplant WPP1993,CA,Riverside,GEN11,OP,Onshore Wind Turbine,WT,IPP Non-CHP,2,49.5,49.5,49.5,12,2011,GE,1.5,19,2,213.3,44
49963,"FPL Energy Operating Services, Inc.",54794,Buffalo Ridge Windplant WPP 1993,MN,Lincoln,EXIS,OP,Onshore Wind Turbine,WT,IPP Non-CHP,2,21.9,21.9,21.9,3,1994,Kenetech,KVS-33,22.4,1,82,46
50012,"FPL Energy Callahan Wind, LLC",56270,Callahan Divide Wind Energy Center,TX,Taylor,1,OP,Onshore Wind Turbine,WT,IPP Non-CHP,2,114.0,114.0,114.0,3,2005,GE,GE 1.5 SLE,19,2,262.5,48-015047
50013,Diablo Wind LLC,56271,Diablo Wind LLC,CA,Alameda,VEST,OP,Onshore Wind Turbine,WT,IPP Non-CHP,2,18.0,18.0,18.0,12,2004,Vestas,V47,16.6,1,164,06-002982
50014,"FPL Energy Weatherford, LLC",56273,Weatherford Wind Energy Center,OK,Custer,1,OP,Onshore Wind Turbine,WT,IPP Non-CHP,2,106.5,106.5,106.5,4,2005,GE,GE 1.5 SLE,19,2,262.5,40-002803
50014,"FPL Energy Weatherford, LLC",56273,Weatherford Wind Energy Center,OK,Custer,2,OP,Onshore Wind Turbine,WT,IPP Non-CHP,2,40.5,40.5,40.5,12,2005,GE,GE 1.5 SLE,19,2,262.5,40-003018
50063,FPL Energy Horse Hollow LLC,56291,Horse Hollow Wind Energy Center,TX,Taylor,1,OP,Onshore Wind Turbine,WT,IPP Non-CHP,2,213.0,213.0,213.0,12,2005,GE,SLE,30,1,300,2005-ASW-2029-OE
50063,FPL Energy Horse Hollow LLC,56291,Horse Hollow Wind Energy Center,TX,Taylor,2,OP,Onshore Wind Turbine,WT,IPP Non-CHP,2,223.5,223.5,223.5,6,2006,Siemens,2.3 VS-93,30,1,262.5,2005-ASW-2029-OE
50063,FPL Energy Horse Hollow LLC,56291,Horse Hollow Wind Energy Center,TX,Taylor,3,OP,Onshore Wind Turbine,WT,IPP Non-CHP,2,299.0,299.0,299.0,6,2006,GE,SLE,30,1,300,2005-ASW-2029-OE
50123,Infigen Asset Management LLC,56160,"Mendota Hills, LLC",IL,Lee,GEN1,OP,Onshore Wind Turbine,WT,IPP Non-CHP,2,50.4,50.4,50.4,11,2003,Gamesa,G52-850,19,2,213,unknown
50123,Infigen Asset Management LLC,56211,Sweetwater Wind  1 LLC,TX,Nolan,SW1,OP,Onshore Wind Turbine,WT,IPP Non-CHP,2,37.5,37.5,37.5,12,2003,GE,1.5s,19,2,212,unknown
50123,Infigen Asset Management LLC,56212,Sweetwater Wind 2 LLC,TX,Nolan,SW2,OP,Onshore Wind Turbine,WT,IPP Non-CHP,2,91.5,91.5,91.5,2,2005,GE,1.5 s/sle,19,2,262,unknown
50123,Infigen Asset Management LLC,56293,Caprock Wind Farm,NM,Quay,1,OP,Onshore Wind Turbine,WT,IPP Non-CHP,2,60.0,60.0,60.0,12,2004,Mitsubishi,MWT-1000,18.5,2,226,unknown
50123,Infigen Asset Management LLC,56293,Caprock Wind Farm,NM,Quay,2,OP,Onshore Wind Turbine,WT,IPP Non-CHP,2,20.0,20.0,20.0,5,2005,Mitsubishi,MWT-1000,14,2,226,unknown
50123,Infigen Asset Management LLC,56295,Kumeyaay Wind,CA,San Diego,1,OP,Onshore Wind Turbine,WT,IPP Non-CHP,2,50.0,50.0,50.0,12,2005,Gamesa,G87-2.0,19,2,223,unknown
50123,Infigen Asset Management LLC,56297,Crescent Ridge,IL,Bureau,1,OP,Onshore Wind Turbine,WT,IPP Non-CHP,2,53.0,53.0,53.0,12,2005,NEG-Micon,NM82,21,2,256,unknown
50123,Infigen Asset Management LLC,56299,Wind Park Bear Creek,PA,Luzerne,1,OP,Onshore Wind Turbine,WT,IPP Non-CHP,2,24.0,24.0,24.0,3,2006,Gamesa,G87-2.0,19,2,256,unknown
50123,Infigen Asset Management LLC,56300,Jersey-Atlantic Wind Farm,NJ,Atlantic,1,OP,Onshore Wind Turbine,WT,IPP Non-CHP,2,7.5,7.5,7.5,3,2006,GE,1.5sle,19,2,262,unknown
50123,Infigen Asset Management LLC,56311,Sweetwater Wind 3 LLC,TX,Nolan,SW3,OP,Onshore Wind Turbine,WT,IPP Non-CHP,2,135.0,135.0,135.0,12,2005,GE,1.5s/sle,19,2,262,unknown
50123,Infigen Asset Management LLC,56336,Aragonne Wind LLC,NM,Guadalupe,1,OP,Onshore Wind Turbine,WT,IPP Non-CHP,2,90.0,90.0,90.0,12,2006,Mitsubishi,MWT-1000,17.3,2,226,unknown
50123,Infigen Asset Management LLC,56337,Sweetwater Wind 4 LLC,TX,Nolan,SW4,OP,Onshore Wind Turbine,WT,IPP Non-CHP,2,241.0,241.0,241.0,5,2007,Mitsubishi,MWT-1000,16.5,2,230,unknown
50123,Infigen Asset Management LLC,56371,Cedar Creek Wind,CO,Weld,1,OP,Onshore Wind Turbine,WT,IPP Non-CHP,2,300.5,300.0,300.0,11,2007,Mitsubishi,MWT-1000,16.6,2,226,unknown
50123,Infigen Asset Management LLC,56372,Sweetwater Wind 5,TX,Nolan,SW5,OP,Onshore Wind Turbine,WT,IPP Non-CHP,2,80.5,80.5,80.5,12,2007,Siemens,SWT-2.3-82,16.5,2,263,unknown
50123,Infigen Asset Management LLC,56446,Buena Vista Energy LLC,CA,Contra Costa,1,OP,Onshore Wind Turbine,WT,IPP Non-CHP,2,38.0,38.0,38.0,12,2006,Mitsubishi,MWT-1000,13.6,2,197,unknown
50123,Infigen Asset Management LLC,56450,GSG LLC,IL,Lee,1,OP,Onshore Wind Turbine,WT,IPP Non-CHP,2,80.0,80.0,80.0,6,2007,Gamesa,G87-2.0,19,2,256,unknown
50123,Infigen Asset Management LLC,56451,Allegheny Ridge Wind Farm,PA,Cambria,1,OP,Onshore Wind Turbine,WT,IPP Non-CHP,2,80.0,80.0,80.0,6,2007,Gamesa,G87-2.0,19,2,256,unknown
54684,"Flat Rock Windpower, LLC",56290,Maple Ridge Wind Farm,NY,Lewis,1,OP,Onshore Wind Turbine,WT,IPP Non-CHP,2,137.0,137.0,137.0,12,2005,Vestas,V82,19,2,262,36-002501
54684,"Flat Rock Windpower, LLC",56290,Maple Ridge Wind Farm,NY,Lewis,1A,OP,Onshore Wind Turbine,WT,IPP Non-CHP,2,61.0,61.0,61.0,1,2006,Vestas,V82,19,2,262,36-002502
54684,"Flat Rock Windpower, LLC",56290,Maple Ridge Wind Farm,NY,Lewis,2,OP,Onshore Wind Turbine,WT,IPP Non-CHP,2,33.0,33.0,33.0,6,2006,Vestas,V82,19,2,262,36-002698
54684,"Flat Rock Windpower, LLC",56290,Maple Ridge Wind Farm,NY,Lewis,3,OP,Onshore Wind Turbine,WT,IPP Non-CHP,2,91.0,91.0,91.0,12,2006,Vestas,V82,19,2,262,36-002714
54707,Blue Canyon Windpower II LLC,56335,Blue Canyon Windpower II,OK,Comanche,EW2,OP,Onshore Wind Turbine,WT,IPP Non-CHP,2,151.0,151.0,151.0,12,2005,Vestas,V80,16.1,2,262,3661
54709,High Trail Wind Farm LLC,56338,High Trail Wind Farm LLC,IL,McLean,1,OP,Onshore Wind Turbine,WT,IPP Non-CHP,2,198.0,198.0,198.0,3,2007,Vestas,V82 1.65MW,19,2,262,17-003706
54717,FPL Energy Burleigh County Wind LLC,56357,FPL Energy Burleigh County Wind,ND,Burleigh,GE,OP,Onshore Wind Turbine,WT,IPP Non-CHP,2,18.0,18.0,18.0,2,2006,GE,GE 1.5 SLE,19,2,262.5,38-020695
54717,FPL Energy Burleigh County Wind LLC,56357,FPL Energy Burleigh County Wind,ND,Burleigh,GE15,OP,Onshore Wind Turbine,WT,IPP Non-CHP,2,31.5,31.5,31.5,12,2005,GE,GE 1.5 SLE,19,2,262.5,38-020696
54725,CHI Operations Inc,55561,Tsar Nicholas LLC,MN,Lincoln,TN30,OP,Onshore Wind Turbine,WT,IPP Non-CHP,2,1.9,1.9,1.9,2,2001,Vestas,V47,24,2,262,
54725,CHI Operations Inc,55562,Sun River LLC,MN,Lincoln,SU30,OP,Onshore Wind Turbine,WT,IPP Non-CHP,2,1.9,1.9,1.9,2,2001,Vestas,V47,24,2,262,
54725,CHI Operations Inc,55563,Julia Hills LLC,MN,Lincoln,JH30,OP,Onshore Wind Turbine,WT,IPP Non-CHP,2,1.9,1.9,1.9,2,2001,Vestas,V47,24,2,262,
54725,CHI Operations Inc,55564,Jessica Mills LLC,MN,Lincoln,JM30,OP,Onshore Wind Turbine,WT,IPP Non-CHP,2,1.9,1.9,1.9,2,2001,Vestas,V47,24,2,262,
54725,CHI Operations Inc,55565,Jack River LLC,MN,Lincoln,JR30,OP,Onshore Wind Turbine,WT,IPP Non-CHP,2,1.9,1.9,1.9,2,2001,Vestas,V47,24,2,262,
54725,CHI Operations Inc,55566,Autumn Hills LLC,MN,Lincoln,AH30,OP,Onshore Wind Turbine,WT,IPP Non-CHP,2,1.9,1.9,1.9,2,2001,Vestas,V47,24,2,262,
54725,CHI Operations Inc,55567,Winters Spawn LLC,MN,Lincoln,WS30,OP,Onshore Wind Turbine,WT,IPP Non-CHP,2,1.9,1.9,1.9,1,2001,Vestas,V47,24,2,262,
54725,CHI Operations Inc,55568,Twin Lake Hills LLC,MN,Lincoln,TL30,OP,Onshore Wind Turbine,WT,IPP Non-CHP,2,1.9,1.9,1.9,12,2000,Vestas,V47,24,2,262,
54725,CHI Operations Inc,55569,Spartan Hills LLC,MN,Lincoln,SH30,OP,Onshore Wind Turbine,WT,IPP Non-CHP,2,1.9,1.9,1.9,1,2001,Vestas,V47,24,2,262,
54725,CHI Operations Inc,55570,Soliloquoy Ridge LLC,MN,Lincoln,SR30,OP,Onshore Wind Turbine,WT,IPP Non-CHP,2,1.9,1.9,1.9,1,2001,Vestas,V47,24,2,262,
54725,CHI Operations Inc,55571,Ruthton Ridge LLC,MN,Lincoln,RR30,OP,Onshore Wind Turbine,WT,IPP Non-CHP,2,1.9,1.9,1.9,1,2001,Vestas,V47,24,2,262,
54725,CHI Operations Inc,55572,Hope Creek LLC,MN,Lincoln,HC30,OP,Onshore Wind Turbine,WT,IPP Non-CHP,2,1.9,1.9,1.9,1,2001,Vestas,V47,24,2,262,
54725,CHI Operations Inc,55573,Hadley Ridge LLC,MN,Lincoln,HR30,OP,Onshore Wind Turbine,WT,IPP Non-CHP,2,1.9,1.9,1.9,12,2000,Vestas,V47,24,2,262,
54725,CHI Operations Inc,55574,Florence Hills LLC,MN,Lincoln,FH30,OP,Onshore Wind Turbine,WT,IPP Non-CHP,2,1.9,1.9,1.9,1,2001,Vestas,V47,24,2,262,
54725,CHI Operations Inc,55576,Agassiz Beach LLC,MN,Clay,AB30,OP,Onshore Wind Turbine,WT,IPP Non-CHP,2,1.9,1.9,1.9,2,2001,Vestas,V47,24,2,262,
54759,Lone Star Wind Farm LLC,56395,Mesquite Wind Power LLC,TX,Shackelford,1,OP,Onshore Wind Turbine,WT,IPP Non-CHP,2,200.0,200.0,200.0,11,2007,Gamesa,G87,33,2,255,48-015973
54759,Lone Star Wind Farm LLC,56483,Post Oak Wind LLC,TX,Shackelford,1,OP,Onshore Wind Turbine,WT,IPP Non-CHP,2,200.0,200.0,200.0,3,2008,Gamesa,V87,15,2,255,48-016909
54789,AgriWind LLC,56408,Agriwind LLC,IL,BUREAU,AWND1,OP,Onshore Wind Turbine,WT,IPP Non-CHP,2,8.4,8.4,8.4,7,2007,Suzlon,S-88,15.9,2,259.2,17-003832
54790,Stahl Wind Energy LLC,56409,Stahl Wind Energy,MN,Pipestone,1,OP,Onshore Wind Turbine,WT,IPP Non-CHP,2,1.7,1.7,1.7,12,2004,Vestas,V82,18.6,1,240,27-002441
54791,Carstensen Wind LLC,56410,Carstensen Wind,MN,PIPESTONE,1,OP,Onshore Wind Turbine,WT,IPP Non-CHP,2,1.7,1.7,1.7,12,2004,Vestas,V82,17.4,1,240,27-002440
54792,Northern Lights Wind LLC,56411,Northern Lights Wind LLC,MN,PIPESTONE,1,OP,Onshore Wind Turbine,WT,IPP Non-CHP,2,1.7,1.7,1.7,12,2004,Vestas,V82,18.1,1,240,27-002441
54793,Lucky Wind LLC,56412,Lucky Wind,MN,Pipestone,1,OP,Onshore Wind Turbine,WT,IPP Non-CHP,2,1.7,1.7,1.7,12,2004,Vestas,V82,17.6,1,240,27-002438
54794,Greenback Energy LLC,56413,Greenback Energy,MN,Pipestone,1,OP,Onshore Wind Turbine,WT,IPP Non-CHP,2,1.7,1.7,1.7,12,2004,Vestas,V82,18.4,1,240,27-002442
54799,FPL Energy Oliver County Wind II LLC,56573,FPL Energy Oliver Wind II LLC,ND,Oliver,2,OP,Onshore Wind Turbine,WT,IPP Non-CHP,2,48.0,48.0,48.0,12,2007,GE,GE 1.5-77M,19,2,262.5,38-001171
54800,Michigan Wind 1 LLC,56416,Michigan Wind 1 LLC,MI,Huron,1,OP,Onshore Wind Turbine,WT,IPP Non-CHP,2,69.0,69.0,69.0,12,2008,GE,1.5 SLE,15.7,2,262.5,26-020154
54819,FPL Energy Mower County LLC,56424,Mower County Wind Energy Center,MN,Mower,1,OP,Onshore Wind Turbine,WT,IPP Non-CHP,2,98.9,98.9,98.9,12,2006,Siemens,Siemens 2.3,19,2,262.5,27-002344
54845,Colorado & Santa Fe Energy Co,56308,Fossil Gulch,ID,Gooding,1,OP,Onshore Wind Turbine,WT,IPP Non-CHP,2,10.5,10.5,10.5,2,2005,GE,GE 1.5 sle,22,3,262.4,16-000735
54870,FPL Energy Red Canyon LLC,56457,Post Wind Farm LP,TX,Borden,1,OP,Onshore Wind Turbine,WT,IPP Non-CHP,2,84.0,84.0,84.0,4,2006,GE,GE 1.5 SLE,19,2,262.5,48-030884
54904,High Prairie Wind Farm II LLC,56494,Prairie Star Wind Farm,MN,Mower,HP2,OP,Onshore Wind Turbine,WT,IPP Non-CHP,2,100.6,100.6,100.6,12,2007,Vestas,V82,16.4,2,265,27-020573
55397,NRG Energy Inc,56649,South Trent Wind Farm,TX,Nolan,1,OP,Onshore Wind Turbine,WT,IPP Non-CHP,2,101.2,101.2,101.2,1,2009,Siemens,44,20,2,240,25
55696,FPL Energy Oliver County Wind,56392,FPL Energy Oliver Wind I LLC,ND,Oliver,1,OP,Onshore Wind Turbine,WT,IPP Non-CHP,2,50.6,50.6,50.6,12,2006,Siemens,2.3 - 93,19,2,262.5,38-001088
55723,Talen Renewable Energy,57182,PPL Frey Farm Landfill Wind,PA,Lancaster,1,OP,Onshore Wind Turbine,WT,IPP Non-CHP,2,3.2,3.2,3.2,1,2011,GE,1.6 XLE,12,2,262,42-020641
55728,Bright Light Capital LLC,55782,Wilmont Hills LLC,MN,Nobles,WH01,OP,Onshore Wind Turbine,WT,IPP Non-CHP,2,1.5,1.5,1.5,12,2001,NEG-Micon,NM72C/1500,19,2,230,
55734,Cow Branch,56536,Cow Branch Wind Power LLC,MO,Atchison,1,OP,Onshore Wind Turbine,WT,IPP Non-CHP,2,50.4,50.4,50.4,4,2008,Suzlon,S-88,17,2,259.2,29-020263
55735,Conception,56537,CR Clearing LLC,MO,Nodaway,1,OP,Onshore Wind Turbine,WT,IPP Non-CHP,2,50.4,50.4,50.4,4,2008,Suzlon,S-88,16,2,259.2,29-020234
55736,Loess Hills,56538,Loess Hills Wind Farm LLC,MO,Atchison,1,OP,Onshore Wind Turbine,WT,IPP Non-CHP,2,5.0,5.0,5.0,2,2008,Suzlon,S-64,13.2,2,241.1,29-020250
55737,Wind Capital Holdings LLC,56555,Wind Capital Holdings LLC,MO,Gentry,1,OP,Onshore Wind Turbine,WT,IPP Non-CHP,2,56.7,56.7,56.7,6,2007,Suzlon,S-88,16,2,259.2,29-020293
55759,H H Management LLC,50533,Painted Hills,CA,Riverside,WGNS,OP,Onshore Wind Turbine,WT,IPP Non-CHP,2,19.0,19.0,19.0,11,1985,Vestas,V-17,10,1,80,
55785,FPL Peetz Table Wind Energy,56563,Peetz Table Wind Energy,CO,Logan,GE,OP,Onshore Wind Turbine,WT,IPP Non-CHP,2,199.5,199.5,199.5,9,2007,GE,SLE,19,2,262.5,08-001524
55799,FPL Energy Langdon Wind LLC,56605,Langdon Wind  LLC,ND,Cavalier,GE15,OP,Onshore Wind Turbine,WT,IPP Non-CHP,2,159.0,159.0,159.0,12,2007,GE,GE 1.5 SLE,19,2,262.5,38-000135
55799,FPL Energy Langdon Wind LLC,56912,Langdon Wind II LLC,ND,Cavalier,GE15,OP,Onshore Wind Turbine,WT,IPP Non-CHP,2,40.5,40.5,40.5,9,2008,GE,GE 1.5 SLE,19,2,262.5,38-000135
55832,Cowell,56577,Shane's Wind Machine,MN,Pipestone,1,OP,Onshore Wind Turbine,WT,IPP Non-CHP,2,1.3,1.3,1.3,7,2006,Suzlon,S-88,16.8,2,259.2,27-002799
55833,EXC Wind 6,56562,EXC Wind 6 LLC,TX,Sherman,JDW6,OP,Onshore Wind Turbine,WT,IPP Non-CHP,2,10.0,10.0,10.0,1,2007,Suzlon,S-64,20,2,241.1,48-016136
55834,EXC Wind 5,56561,EXC Wind 5 LLC,TX,Sherman,JDW5,OP,Onshore Wind Turbine,WT,IPP Non-CHP,2,10.0,10.0,10.0,11,2006,Suzlon,S-64,20,2,241.1,48-01599
55835,EXC Wind 4,56560,EXC Wind 4 LLC,TX,Hansford,JDW4,OP,Onshore Wind Turbine,WT,IPP Non-CHP,2,79.8,79.8,79.8,1,2008,Suzlon,S-64,19.1,2,259.2,48-016130
55836,EXC Wind 3,56559,EXC Wind 3 LLC,TX,Hansford,JDW3,OP,Onshore Wind Turbine,WT,IPP Non-CHP,2,10.0,10.0,10.0,2,2006,Suzlon,S-64,19.1,2,241.1,48-015600
55837,EXC Wind 2,56558,EXC Wind 2 LLC,TX,Hansford,JDW2,OP,Onshore Wind Turbine,WT,IPP Non-CHP,2,10.0,10.0,10.0,2,2006,Suzlon,S-64,19.1,2,241.1,48-015593
55838,EXC Wind 1,56557,EXC Wind 1 LLC,TX,Hansford,1,OP,Onshore Wind Turbine,WT,IPP Non-CHP,2,10.0,10.0,10.0,2,2006,Suzlon,S-64,19.1,2,241.1,48-015586
55847,Snyder Wind Farm LLC,56602,Snyder Wind Farm,TX,Scurry,SNY1,OP,Onshore Wind Turbine,WT,IPP Non-CHP,2,63.0,63.0,63.0,12,2007,Vestas,V90,24,2,328,
55862,Logan Wind Energy LLC,56613,Logan Wind Energy,CO,Logan,1,OP,Onshore Wind Turbine,WT,IPP Non-CHP,2,201.0,201.0,201.0,10,2007,GE,1.5 SLE,19,2,262.5,08-020042
55866,Old Trail Wind Farm LLC,56614,Old Trail Wind Farm,IL,McLean,2,OP,Onshore Wind Turbine,WT,IPP Non-CHP,2,198.0,198.0,198.0,12,2007,Vestas,V82 1.65MW,19,2,262,17-020165
55868,Noble Wind Operations LLC,56618,Noble Clinton Windpark LLC,NY,Clinton,1,OP,Onshore Wind Turbine,WT,IPP Non-CHP,2,100.5,100.5,100.5,5,2008,GE,1.5 SLE,19,2,262,2006-AEA-1811-OE
55868,Noble Wind Operations LLC,56619,Noble Ellenburg Windpark LLC,NY,Clinton,1,OP,Onshore Wind Turbine,WT,IPP Non-CHP,2,81.0,81.0,81.0,5,2008,GE,1.5 SLE,19,2,262,2006-AEA-1654-OE
55868,Noble Wind Operations LLC,56620,Noble Bliss Windpark LLC,NY,Wyoming,1,OP,Onshore Wind Turbine,WT,IPP Non-CHP,2,100.5,100.5,100.5,5,2008,GE,1.5 SLE,19,2,262,2006-AEA-879-OE
55868,Noble Wind Operations LLC,56901,Noble Altona Windpark LLC,NY,Clinton,1,OP,Onshore Wind Turbine,WT,IPP Non-CHP,2,97.5,97.5,97.5,4,2009,GE,1.5 SLE,19,2,262,2006-AEA-2023-OE
55868,Noble Wind Operations LLC,56902,Noble Wethersfield Windpark LLC,NY,Wyoming,1,OP,Onshore Wind Turbine,WT,IPP Non-CHP,2,126.0,126.0,126.0,4,2009,GE,1.5 SLE,19,2,262,2007-AEA-1641-OE
55868,Noble Wind Operations LLC,56904,Noble Chateaugay Windpark LLC,NY,Franklin,1,OP,Onshore Wind Turbine,WT,IPP Non-CHP,2,106.5,106.5,106.5,4,2009,GE,1.5 SLE,19,2,262,2007-AEA-1296-OE
55868,Noble Wind Operations LLC,56905,Noble Great Plains Windpark LLC,TX,Hansford,1,OP,Onshore Wind Turbine,WT,IPP Non-CHP,2,114.0,114.0,114.0,1,2009,GE,1.5 SLE,19,2,262,2008-ASW-1785-OE
55873,Harvest I,56635,Harvest Windfarm LLC,MI,Huron,1,OP,Onshore Wind Turbine,WT,IPP Non-CHP,2,52.8,52.8,52.8,1,2008,Vestas,V-82,15.6,2,262.5,26-003378
55880,Telocaset Wind Power Partners,56623,Elkhorn Valley Wind Farm,OR,UNION,EH1,OP,Onshore Wind Turbine,WT,IPP Non-CHP,2,100.7,100.7,100.7,12,2007,Vestas,V82,17,2,240,2006ANM402A-0E
55886,Smoky Hills Wind Farm I LLC,56488,Smoky Hills Wind Project Phase I,KS,Lincoln,1,OP,Onshore Wind Turbine,WT,IPP Non-CHP,2,100.8,100.8,100.8,1,2008,Vestas,V80,24,2,328,
55890,Bennett Creek Windfarm LLC,56637,Bennett Creek Windfarm LLC,ID,Elmore,1,OP,Onshore Wind Turbine,WT,IPP Non-CHP,2,21.0,21.0,21.0,7,2008,Suzlon,S-88,14.7,2,259.2,16-020002
55891,Hot Springs,56636,Hot Springs Windfarm LLC,ID,Elmore,1,OP,Onshore Wind Turbine,WT,IPP Non-CHP,2,21.0,21.0,21.0,5,2008,Suzlon,S-88,14.7,2,259.2,16-020012
55901,Osceola Windpower LLC,56645,Osceola Windpower LLC,IA,Osceola,CL25,OP,Onshore Wind Turbine,WT,IPP Non-CHP,2,100.0,100.0,100.0,7,2008,Clipper,Liberty C96 2.5 MW,19,2,262.5,19-020069
55907,White Creek Wind 1 LLC,56487,White Creek Wind Farm,WA,Klickitat,1,OP,Onshore Wind Turbine,WT,IPP Non-CHP,2,204.0,204.0,204.0,11,2007,Siemens,2.3 MW Mk II 93 vs,17.6,2,260,53-001650
55918,Acciona Wind Energy USA LLC,56665,Dempsey Ridge Wind Farm,OK,Roger Mills,DR,OP,Onshore Wind Turbine,WT,IPP Non-CHP,2,132.0,132.0,132.0,5,2012,Gamesa,G90-2MW,24.6,2,255.9,40-021050
55918,Acciona Wind Energy USA LLC,56669,Tatanka Wind Power LLC,ND,Dickey,TW1,OP,Onshore Wind Turbine,WT,IPP Non-CHP,2,180.0,180.0,180.0,1,2008,Acciona,AW77/1500 IEC IIA T,18.8,2,262.5,38-022671
55918,Acciona Wind Energy USA LLC,56670,Velva Windfarm LLC,ND,McHenry,VW1,OP,Onshore Wind Turbine,WT,IPP Non-CHP,2,11.9,11.9,11.9,12,2005,Vestas,V47 - 660 kW 60 Hz,22.4,2,215,38-001011
55918,Acciona Wind Energy USA LLC,56804,Red Hills Wind Project LLC,OK,Roger Mills,RH,OP,Onshore Wind Turbine,WT,IPP Non-CHP,2,123.0,123.0,123.0,12,2008,Acciona,"AW77/1500 IEC IIA T 80, 60 HZ",19,2,262.5,40-020180
55918,Acciona Wind Energy USA LLC,56805,EcoGrove Wind LLC,IL,Stephenson,1,OP,Onshore Wind Turbine,WT,IPP Non-CHP,2,100.5,100.5,100.5,7,2009,Acciona,"AW82/1500 IEC IIIA T 80, 60 HZ LT",23.5,3,262.5,17-020241
55922,Whirlwind Energy LLC,56673,Whirlwind Energy Center,TX,Floyd,WEC,OP,Onshore Wind Turbine,WT,IPP Non-CHP,2,59.8,57.0,57.0,12,2007,Siemens,SWT-2.3-93,20.5,1,262,48-020866
55928,Coram Tehachapi  LP,54750,Coram Tehachapi,CA,Kern,VW1,OP,Onshore Wind Turbine,WT,IPP Non-CHP,2,6.9,6.9,6.9,9,1992,Vestas,V27,17.6,1,140,
55931,Orion Energy Group LLC,56640,Camp Grove Wind Farm,IL,STARK,1,OP,Onshore Wind Turbine,WT,IPP Non-CHP,2,150.0,150.0,150.0,12,2007,GE,sle,0,2,262,17-020036
55931,Orion Energy Group LLC,56679,Benton County Wind Farm,IN,Benton,1,OP,Onshore Wind Turbine,WT,IPP Non-CHP,2,130.5,130.5,130.5,5,2008,GE,sle,17.6,2,262,18-020309
55958,Capricorn Ridge Wind LLC,56763,Capricorn Ridge Wind LLC,TX,Sterling,1,OP,Onshore Wind Turbine,WT,IPP Non-CHP,2,149.5,149.5,149.5,11,2007,GE,GE 1.5 SLE,19,2,262.5,48-020370
55958,Capricorn Ridge Wind LLC,56763,Capricorn Ridge Wind LLC,TX,Sterling,2,OP,Onshore Wind Turbine,WT,IPP Non-CHP,2,214.5,214.5,214.5,11,2007,Siemens,Siemens 2.3,19,2,262.5,48-023310
55958,Capricorn Ridge Wind LLC,56763,Capricorn Ridge Wind LLC,TX,Sterling,3,OP,Onshore Wind Turbine,WT,IPP Non-CHP,2,186.0,186.0,186.0,4,2008,GE,GE 1.5 SLE,19,2,262.5,48-023066
55958,Capricorn Ridge Wind LLC,56763,Capricorn Ridge Wind LLC,TX,Sterling,4,OP,Onshore Wind Turbine,WT,IPP Non-CHP,2,112.5,112.5,112.5,5,2008,GE,GE 1.5 SLE,19,2,262.5,48-016165
55963,AE Power Services LLC,50553,Edom Hills Project 1 LLC,CA,Riverside,1,OP,Onshore Wind Turbine,WT,IPP Non-CHP,2,20.0,20.0,20.0,9,2008,Clipper,C93,19,2,262,06-021363
55963,AE Power Services LLC,56771,Silver Star I Wind Power Project,TX,Erath,1,OP,Onshore Wind Turbine,WT,IPP Non-CHP,2,60.0,60.0,60.0,9,2008,Clipper,C96,19,2,262,48-021835
55963,AE Power Services LLC,56777,Fowler Ridge Wind Farm LLC,IN,Benton,FIA,OP,Onshore Wind Turbine,WT,IPP Non-CHP,2,201.3,201.3,201.3,3,2009,Vestas,V82,19,2,262,18-020161
55963,AE Power Services LLC,56777,Fowler Ridge Wind Farm LLC,IN,Benton,FIB,OP,Onshore Wind Turbine,WT,IPP Non-CHP,2,100.0,100.0,100.0,3,2009,Clipper,C96,19,2,262,18-020161
55963,AE Power Services LLC,56777,Fowler Ridge Wind Farm LLC,IN,Benton,FII,OP,Onshore Wind Turbine,WT,IPP Non-CHP,2,200.0,200.0,200.0,12,2009,GE,1.5sle,19,2,262,18-020670
55963,AE Power Services LLC,56777,Fowler Ridge Wind Farm LLC,IN,Benton,FIII,OP,Onshore Wind Turbine,WT,IPP Non-CHP,2,99.0,99.0,99.0,2,2009,Vestas,V82,19,2,262,18-020149
55963,AE Power Services LLC,56779,Sherbino I Wind Farm,TX,Pecos,1,OP,Onshore Wind Turbine,WT,IPP Non-CHP,2,150.0,150.0,150.0,10,2008,Vestas,V90,19,2,262,48-021297
55963,AE Power Services LLC,56879,Flat Ridge Wind Energy LLC,KS,Barber,1,OP,Onshore Wind Turbine,WT,IPP Non-CHP,2,50.0,50.0,50.0,3,2009,Clipper,C96,19,2,262,20-024493
55963,AE Power Services LLC,57045,Rolling Thunder Wind Farm,SD,Hand,1,OP,Onshore Wind Turbine,WT,IPP Non-CHP,2,25.0,25.0,25.0,11,2009,Clipper,C89,22.4,1,262,46-020438
55963,AE Power Services LLC,57210,Cedar Creek II,CO,Weld,1,OP,Onshore Wind Turbine,WT,IPP Non-CHP,2,250.8,250.8,250.8,3,2011,GE,1.6sle,19,2,262,08-020528
55963,AE Power Services LLC,57211,Goshen Phase II,ID,Bonneville,1,OP,Onshore Wind Turbine,WT,IPP Non-CHP,2,124.5,124.5,124.5,9,2010,GE,1.5-82.5,19,2,262,16-020137
55963,AE Power Services LLC,57415,Sherbino II,TX,Pecos,1,OP,Onshore Wind Turbine,WT,IPP Non-CHP,2,147.5,147.5,147.5,11,2011,Clipper,C96,19,2,262,48-025877
55963,AE Power Services LLC,57520,Trinity Hills,TX,Young,1,OP,Onshore Wind Turbine,WT,IPP Non-CHP,2,225.0,225.0,225.0,12,2011,Clipper,C96,19,2,262,48-025861
55963,AE Power Services LLC,57769,Mehoopany Wind Energy LLC,PA,Wyoming,1,OP,Onshore Wind Turbine,WT,IPP Non-CHP,2,141.0,142.6,142.6,12,2012,GE,1.6-82.5,19,2,328,42-025336
55963,AE Power Services LLC,57787,Flat Ridge 2 Wind Energy LLC,KS,Harper,1,OP,Onshore Wind Turbine,WT,IPP Non-CHP,2,470.2,470.4,470.4,10,2012,GE,1.6-100,16.8,3,262,20-024493
55981,Elbow Creek Wind Project LLC,56783,Elbow Creek Wind Project LLC,TX,Howard,1,OP,Onshore Wind Turbine,WT,IPP Non-CHP,2,121.9,121.9,121.9,12,2008,Siemens,SWT 2.3.93,28,1,240,2008-ASW-794-OE
55990,"Cloud County Windfarm, LLC",56784,Cloud County Wind Farm,KS,Cloud,1,OP,Onshore Wind Turbine,WT,IPP Non-CHP,2,105.0,105.0,105.0,12,2008,Vestas,V90 MK 8,18.3,2,262,20-020012
55990,"Cloud County Windfarm, LLC",56784,Cloud County Wind Farm,KS,Cloud,2,OP,Onshore Wind Turbine,WT,IPP Non-CHP,2,96.0,96.0,96.0,12,2008,Vestas,V90 MK 8,17.6,2,262,20-020016
55992,"Pioneer Prairie Wind Farm I, LLC",56797,Pioneer Prairie Wind Farm,IA,Mitchell,1,OP,Onshore Wind Turbine,WT,IPP Non-CHP,2,300.0,300.0,300.0,10,2008,Vestas,V82,15.8,2,265,19-021198
56030,TransCanada Maine Wind Development Inc,56829,Kibby Wind Power Project,ME,Franklin,1,OP,Onshore Wind Turbine,WT,IPP Non-CHP,2,66.0,66.0,66.0,10,2009,Vestas,V90 3MW,22.4,1,262,
56030,TransCanada Maine Wind Development Inc,56829,Kibby Wind Power Project,ME,Franklin,2,OP,Onshore Wind Turbine,WT,IPP Non-CHP,2,66.0,66.0,66.0,10,2010,Vestas,V90 3 MW,22.4,1,262,
56033,Hackberry Wind LLC,56823,Hackberry Wind Farm,TX,Shackelford,HWFG1,OP,Onshore Wind Turbine,WT,IPP Non-CHP,2,165.6,162.3,162.3,12,2008,Siemens,SWT-2.3-93,19.6,1,262,48-023156
56041,EXC Wind 7,56839,EXC Wind 7 LLC,TX,Moore,1,OP,Onshore Wind Turbine,WT,IPP Non-CHP,2,10.0,10.0,10.0,4,2008,Suzlon,S-64,18.1,2,241.1,48-020302
56042,EXC Wind 8,56838,EXC Wind 8 LLC,TX,Moore,1,OP,Onshore Wind Turbine,WT,IPP Non-CHP,2,10.0,10.0,10.0,4,2008,Suzlon,S-64,18.1,2,241.1,48-020289
56043,EXC Wind 9,56837,EXC Wind 9 LLC,TX,Moore,1,OP,Onshore Wind Turbine,WT,IPP Non-CHP,2,10.0,10.0,10.0,4,2008,Suzlon,S-64,18.1,2,241.1,48-020294
56044,EXC Wind 10,56836,EXC Wind 10 LLC,TX,Moore,1,OP,Onshore Wind Turbine,WT,IPP Non-CHP,2,10.0,10.0,10.0,5,2008,Suzlon,S-64,18.1,2,241.1,48-020681
56045,EXC Wind 11,56835,EXC Wind 11 LLC,TX,Moore,1,OP,Onshore Wind Turbine,WT,IPP Non-CHP,2,10.0,10.0,10.0,5,2008,Suzlon,S-64,18.1,2,241.1,48-020675
56046,High Plains,56834,High Plains Wind Power LLC,TX,Carson,1,OP,Onshore Wind Turbine,WT,IPP Non-CHP,2,10.0,10.0,10.0,4,2008,Suzlon,S-64,19.7,2,241.1,48-020928
56071,"Sagebrush Power Partners, LLC",56858,Sagebrush Power Partners,WA,Kittitas,GEN1,OP,Onshore Wind Turbine,WT,IPP Non-CHP,2,100.7,100.7,100.7,11,2010,Suzlon,S-88,17,2,246,53-020996
56072,"Marble River, LLC",56857,Marble River Wind Farm,NY,Clinton,GEN1,OP,Onshore Wind Turbine,WT,IPP Non-CHP,2,215.0,215.0,215.0,11,2012,Vestas,V112 3.0,19,2,308,36-025629
56073,Wheat Field Wind Power Project LLC,56854,Wheat Field Wind Power Project,OR,Gilliam,GEN1,OP,Onshore Wind Turbine,WT,IPP Non-CHP,2,97.0,96.6,96.6,2,2009,Suzlon,S88,19,2,262.5,41-020268
56074,Arlington Wind Power Project LLC,56855,Arlington Wind Power Project,OR,Gilliam,GEN1,OP,Onshore Wind Turbine,WT,IPP Non-CHP,2,103.0,102.9,102.9,12,2008,Suzlon,S88,19,2,262.5,41-020224
56075,Rail Splitter Wind Farm LLC,56856,Rail Splitter Wind Farm,IL,Tazewell,GEN1,OP,Onshore Wind Turbine,WT,IPP Non-CHP,2,100.5,100.5,100.5,8,2009,GE,GE 1.5 SLE,19,2,262,55
56119,FPL Energy Story Wind LLC,56924,FPL Energy Story Wind LLC,IA,Story,GE15,OP,Onshore Wind Turbine,WT,IPP Non-CHP,2,150.0,150.0,150.0,12,2008,GE,GE1.5 SLE,19,2,262.5,19-021016
56121,Osceola Windpower II,56913,Osceola Windpower II,IA,Osceola,CL25,OP,Onshore Wind Turbine,WT,IPP Non-CHP,2,50.0,50.0,50.0,9,2008,Clipper,Liberty C96 2.5 MW,19,2,262.5,19-020683
56122,FPL Energy Ashtabula Wind LLC,56919,FPL Energy Ashtabula Wind LLC,ND,Barnes,GE15,OP,Onshore Wind Turbine,WT,IPP Non-CHP,2,148.5,148.5,148.5,12,2008,GE,GE 1.5 SLE,19,2,262.5,38-020657
56123,FPL Energy Crystal Lake Wind LLC,56923,FPL Energy Crystal Lake Wind LLC,IA,Hancock,GE15,OP,Onshore Wind Turbine,WT,IPP Non-CHP,2,150.0,150.0,150.0,12,2008,GE,GE 1.5 SLE,19,2,262.5,19-021035
56124,FPL Energy Crystal Lake Wind II LLC,56925,FPL Energy Crystal Lake Wind II LLC,IA,Hancock,CL25,OP,Onshore Wind Turbine,WT,IPP Non-CHP,2,200.0,200.0,200.0,1,2009,Clipper,Clipper Liberty,19,2,262.5,19-020395
56146,Black Hills/Colorado Elec.Util,57980,Busch Ranch Wind Energy Farm,CO,Huerfano,WTG,OP,Onshore Wind Turbine,WT,Electric Utility,1,29.0,11.0,11.0,10,2012,Vestas,V100,22,2,263,08-021025
56157,Cassia Gulch,56935,Cassia Gulch Wind Park LLC,ID,Twin Falls,1,OP,Onshore Wind Turbine,WT,IPP Non-CHP,2,18.9,18.9,18.9,3,2009,Suzlon,S-88,15.4,2,259.2,16-020061
56158,Cassia Wind,56934,Cassia Wind Farm LLC,ID,Twin Falls,1,OP,Onshore Wind Turbine,WT,IPP Non-CHP,2,10.5,10.5,10.5,3,2009,Suzlon,S-88,15.4,2,259.2,16-020042
56159,Threemile Canyon Wind I,56933,Threemile Canyon Wind I LLC,OR,Morrow,1,OP,Onshore Wind Turbine,WT,IPP Non-CHP,2,9.9,9.9,9.9,7,2009,Vestas,V-82,15.1,2,262.5,41-020290
56215,E ON Climate Renewables N America LLC,56394,Forest Creek Wind Farm LLC,TX,Glasscock,1,OP,Onshore Wind Turbine,WT,IPP Non-CHP,2,124.2,124.2,124.2,12,2006,Siemens,MK II,18.6,2,262.5,48-016191
56215,E ON Climate Renewables N America LLC,56479,Sand Bluff Wind Farm,TX,Glasscock,2,OP,Onshore Wind Turbine,WT,IPP Non-CHP,2,90.0,90.0,90.0,1,2007,Gamesa,G87,18.6,2,255.9,48-016267
56215,E ON Climate Renewables N America LLC,56592,Champion Wind Farm LLC,TX,Nolan,CH1,OP,Onshore Wind Turbine,WT,IPP Non-CHP,2,126.5,126.5,126.5,2,2008,Siemens,SWT,18.6,2,262.5,48-017247
56215,E ON Climate Renewables N America LLC,56593,Roscoe Wind Farm LLC,TX,Nolan,RO1,OP,Onshore Wind Turbine,WT,IPP Non-CHP,2,209.0,209.0,209.0,2,2008,Mitsubishi,1000A,18.3,2,226.4,48-017143
56215,E ON Climate Renewables N America LLC,56594,Munnsville Wind Farm LLC,NY,Madison,MU1,OP,Onshore Wind Turbine,WT,IPP Non-CHP,2,34.5,34.5,34.5,10,2007,GE,1.5 SLE,15.9,2,262.5,36-002781
56215,E ON Climate Renewables N America LLC,56920,EC&R Panther Creek Wind Farm I,TX,Howard,1,OP,Onshore Wind Turbine,WT,IPP Non-CHP,2,142.5,142.5,142.5,7,2008,GE,1.5 SLE,18.8,2,262.5,48-020933
56215,E ON Climate Renewables N America LLC,56921,EC&R Panther Creek Wind Farm II,TX,Glasscock,1,OP,Onshore Wind Turbine,WT,IPP Non-CHP,2,115.5,115.5,115.5,12,2008,GE,1.5 SLE,18.1,2,262.5,48-023867
56215,E ON Climate Renewables N America LLC,56979,EC&R Panther Creek Wind Farm III,TX,Sterling,1,OP,Onshore Wind Turbine,WT,IPP Non-CHP,2,199.5,199.5,199.5,8,2009,GE,1.5 SLE,18.1,2,262.5,48-023086
56215,E ON Climate Renewables N America LLC,56980,Stony Creek Wind Farm LLC,PA,Somerset,1,OP,Onshore Wind Turbine,WT,IPP Non-CHP,2,52.5,52.5,52.5,11,2009,GE,1.5 ESS,17.4,2,262.5,42-020530
56215,E ON Climate Renewables N America LLC,56981,Pyron Wind Farm LLC,TX,Fisher,1,OP,Onshore Wind Turbine,WT,IPP Non-CHP,2,249.0,249.0,249.0,2,2009,GE,1.5 ESS,18.8,2,262.5,48-021551
56215,E ON Climate Renewables N America LLC,56983,EC&R Papalote Creek I LLC,TX,San Patricio,1,OP,Onshore Wind Turbine,WT,IPP Non-CHP,2,180.0,180.0,180.0,9,2009,Vestas,V82,17.4,2,262.5,48-023509
56215,E ON Climate Renewables N America LLC,56984,Inadale Wind Farm LLC,TX,Nolan,1,OP,Onshore Wind Turbine,WT,IPP Non-CHP,2,197.0,197.0,197.0,9,2009,Mitsubishi,1000 A,18.1,2,226.4,48-023865
56215,E ON Climate Renewables N America LLC,57212,EC&R Papalote Creek II LLC,TX,San Patricio,1,OP,Onshore Wind Turbine,WT,IPP Non-CHP,2,200.1,200.1,201.0,12,2010,Siemens,SWT-2.3-101,16.8,2,262.5,48-024354
56215,E ON Climate Renewables N America LLC,57493,Settlers Trail Wind Farm LLC,IL,Iroquois,STWF,OP,Onshore Wind Turbine,WT,IPP Non-CHP,2,150.4,150.4,150.4,10,2011,GE,1.6 XLE,16.6,2,262.5,17-021646
56215,E ON Climate Renewables N America LLC,57675,"Pioneer Trail Wind Farm, LLC",IL,Iroquois,PTWF,OP,Onshore Wind Turbine,WT,IPP Non-CHP,2,150.4,150.4,150.4,12,2011,GE,1.6 XLE,17.4,2,262.5,17-021855
56215,E ON Climate Renewables N America LLC,57802,Magic Valley Wind Farm I LLC,TX,Willacy,MV1,OP,Onshore Wind Turbine,WT,IPP Non-CHP,2,203.0,203.0,203.0,9,2012,Vestas,V100 1.8 VCSS,16.6,3,262.5,48-026439
56215,E ON Climate Renewables N America LLC,57862,"Wildcat Wind Farm I, LLC",IN,Tipton,1,OP,Onshore Wind Turbine,WT,IPP Non-CHP,2,200.0,200.0,200.0,12,2012,GE,1.6 XLE,16.1,3,328,18-026611
56215,E ON Climate Renewables N America LLC,58000,"Anacacho Wind Farm, LLC",TX,Kinney,ANA,OP,Onshore Wind Turbine,WT,IPP Non-CHP,2,99.8,99.8,99.8,12,2012,Vestas,V100 1.8 VCSS,17,3,262.5,48-027069
56215,E ON Climate Renewables N America LLC,58596,"Grandview Wind Farm, LLC",TX,Carson,GRVWI,OP,Onshore Wind Turbine,WT,IPP Non-CHP,2,200.6,200.6,200.6,12,2014,GE,GE 1.7-100,20.3,1,262.5,2013-WTW-13255-OE
56222,Bull Creek Wind LLC,56956,Bull Creek Wind,TX,Borden,001,OP,Onshore Wind Turbine,WT,IPP Non-CHP,2,180.0,180.0,180.0,12,2008,Mitsubishi,MWT62/1.0,19,2,226,48-022607
56246,Greensburg,57118,Greensburg Wind Farm LLC,KS,Kiowa,GEN 1,OP,Onshore Wind Turbine,WT,IPP Non-CHP,2,12.5,12.5,12.5,2,2010,Suzlon,S-64,18.9,2,239.5,20-020374
56271,Duke Energy DEGS Happy Jack,56960,Happy Jack Windpower Project,WY,Laramie,HJW01,OP,Onshore Wind Turbine,WT,IPP Non-CHP,2,29.4,29.4,29.4,8,2008,Suzlon,S88,8,2,272,56-020114
56272,Duke Energy DEGS Notrees,56961,Notrees Windpower,TX,Ector,GE,OP,Onshore Wind Turbine,WT,IPP Non-CHP,2,60.0,60.0,60.0,4,2009,GE,1.5 SLE,6.5,2,272,48-021460
56272,Duke Energy DEGS Notrees,56961,Notrees Windpower,TX,Ector,VESTA,OP,Onshore Wind Turbine,WT,IPP Non-CHP,2,92.5,92.5,92.5,4,2009,Vestas,V87,6.5,2,272,48-021460
56273,Duke Energy DEGS Ocotillo,56959,Ocotillo Windpower,TX,Howard,OWF,OP,Onshore Wind Turbine,WT,IPP Non-CHP,2,58.8,58.8,58.8,9,2008,Suzlon,S88,7.5,2,272,48-021105
56285,Smoky Hills Wind Project II LLC,56985,Smoky Hills Wind Project Phase II,KS,Lincoln,SMKII,OP,Onshore Wind Turbine,WT,IPP Non-CHP,2,148.5,148.5,148.5,11,2008,GE,1.5,24,2,328,
56344,Allete Clean Energy,57044,Armenia Mountain Wind Farm,PA,Tioga,1,OP,Onshore Wind Turbine,WT,IPP Non-CHP,2,100.5,100.5,100.5,12,2009,GE,GE-1.5,22.3,1,201,2008-WTE-4518-OE
56365,NaturEner Glacier Wind Energy 1 LLC,57049,NaturEner Glacier Wind Energy 1,MT,Toole,NGW1,OP,Onshore Wind Turbine,WT,IPP Non-CHP,2,106.5,104.2,104.2,10,2008,Acciona,Acciona 1.5 MW,17,2,262,30-020098
56366,NaturEner Glacier Wind Energy 2 LLC,57050,NaturEner Glacier Wind Energy 2,MT,Toole,NGW2,OP,Onshore Wind Turbine,WT,IPP Non-CHP,2,103.5,100.0,100.0,11,2009,Acciona,AW 1.5,17,2,264,30-020176
56377,Duke Energy DEGS Silver Sage Wndpwr LLC,57091,Silver Sage Windpower,WY,Laramie,SSW01,OP,Onshore Wind Turbine,WT,IPP Non-CHP,2,42.0,42.0,42.0,10,2009,Suzlon,S88,12,2,272,56-020233
56378,Duke Energy DEGS Campbell Hill,57090,Campbell Hill Windpower,WY,Converse,CHWF,OP,Onshore Wind Turbine,WT,IPP Non-CHP,2,99.0,99.0,99.0,12,2009,GE,1.5 SLE/ESS,10,2,272,56-020426
56385,Duke Energy DEGS North Allegheny,56651,North Allegheny Windpower Project,PA,Blair,1,OP,Onshore Wind Turbine,WT,IPP Non-CHP,2,70.0,70.0,70.0,9,2009,Gamesa,G87-2.0,8,2,272,42-025301
56394,Chevron USA,57093,Casper Wind Farm,WY,Natrona,CWGT,OP,Onshore Wind Turbine,WT,IPP Non-CHP,2,17.0,17.0,17.0,12,2009,GE,1.5 SLE-ESS Wind Turbines,31,2,262.5,
56409,Milford Wind Corridor Stage II LLC,57107,Milford Wind Corridor Stage II LLC,UT,Beaver,1,OP,Onshore Wind Turbine,WT,IPP Non-CHP,2,102.0,102.0,102.0,5,2011,GE,GE 1.5 SLE,19,2,262,49-020234
56410,Mesalands Community College,57106,Mesalands Comm College Wind Turbine,NM,QUAY,1,OP,Onshore Wind Turbine,WT,Commercial Non-CHP,4,1.5,1.5,1.5,12,2008,GE,1.5 MW ESS,15,3,262,35-020057
56414,Ashtabula Wind II LLC,57121,Ashtabula Wind II LLC,ND,Steele,1,OP,Onshore Wind Turbine,WT,IPP Non-CHP,2,120.0,120.0,120.0,10,2009,GE,GE 1.5 XLE,16.8,3,262.5,38-020642
56415,Wilton Wind II LLC,57120,Wilton Wind II LLC,ND,Burleigh,1,OP,Onshore Wind Turbine,WT,IPP Non-CHP,2,49.5,49.5,49.5,11,2009,GE,GE 1.5 XLE,16.8,3,262.5,38-000781
56416,Blue Canyon Windpower V LLC,57108,Blue Canyon Windpower V LLC,OK,Caddo,GEN 1,OP,Onshore Wind Turbine,WT,IPP Non-CHP,2,99.0,99.0,99.0,10,2009,GE,SLE 1.5 ESS,17.7,2,262,1742
56417,Meadow Lake Wind Farm LLC,57109,Meadow Lake Wind Farm LLC,IN,White,GEN 1,OP,Onshore Wind Turbine,WT,IPP Non-CHP,2,199.7,199.7,199.7,10,2009,Vestas,V82 1.65 MW,19,2,262,2009-WTE-808-0E
56418,Blackstone Wind Farm LLC,57110,Blackstone Wind Farm LLC,IL,Livingston,GEN 1,OP,Onshore Wind Turbine,WT,IPP Non-CHP,2,102.0,102.0,102.0,10,2009,GE,1.5 SLE,19,2,262,2009-WTE-4321-OE
56419,Lost Lakes Wind Farm LLC,57111,Lost Lakes Wind Farm LLC,IA,Dickinson,GEN 1,OP,Onshore Wind Turbine,WT,IPP Non-CHP,2,100.0,100.0,100.0,12,2009,Vestas,V-82,19,2,262,19-021589
56420,Meadow Lake Wind Farm II LLC,57112,Meadow Lake Wind Farm II LLC,IN,White,GEN1,OP,Onshore Wind Turbine,WT,IPP Non-CHP,2,99.0,99.0,99.0,8,2010,Acciona,AW82 1.5MW,17,3,262,18-020799
56421,Blackstone Wind Farm II LLC,57113,Blackstone Wind Farm II LLC,IL,Livingston,GEN 1,OP,Onshore Wind Turbine,WT,IPP Non-CHP,2,200.0,200.0,200.0,8,2010,GE,1.5 SLE,19,2,262,17-021265
56423,Meadow Lake Wind Farm III LLC,57115,Meadow Lake Wind Farm III LLC,IN,White,GEN 1,OP,Onshore Wind Turbine,WT,IPP Non-CHP,2,103.5,103.5,103.5,9,2010,GE,GE SLE 1.5,19,2,262,2009-WTE-13061-0E
56437,Heritage Stoney Corners Wind Farm I LLC,57131,Stoney Corners Wind Farm,MI,Missaukee,SCWF1,OP,Onshore Wind Turbine,WT,IPP Non-CHP,2,60.0,59.0,59.0,12,2009,Senvion,MM92,15.2,2,320,26-020686
56439,Beaver Ridge Wind LLC,57130,Beaver Ridge Wind,ME,Waldo,BR1,OP,Onshore Wind Turbine,WT,IPP Non-CHP,2,4.5,4.5,4.5,11,2008,GE,1.5sle,19,2,262,2014WTE3457
56475,Tuana Springs Energy LLC,57136,Tuana Springs,ID,Gooding,1,OP,Onshore Wind Turbine,WT,IPP Non-CHP,2,16.8,16.8,16.8,5,2010,Suzlon,S-88,15.4,2,259.2,16-020079
56482,Gamesa Wind US,692,Medicine Bow,WY,Carbon,10,OP,Onshore Wind Turbine,WT,Electric Utility,1,0.7,0.7,0.7,7,2000,Vestas,V47,15,2,164,
56482,Gamesa Wind US,692,Medicine Bow,WY,Carbon,11,OP,Onshore Wind Turbine,WT,Electric Utility,1,0.7,0.7,0.7,7,2000,Vestas,V47,15,2,164,
56482,Gamesa Wind US,692,Medicine Bow,WY,Carbon,1A,OP,Onshore Wind Turbine,WT,Electric Utility,1,0.6,0.6,0.6,4,1998,Vestas,V47,15,2,164,
56482,Gamesa Wind US,692,Medicine Bow,WY,Carbon,2A,OP,Onshore Wind Turbine,WT,Electric Utility,1,0.6,0.6,0.6,4,1998,Vestas,V47,15,2,164,
56482,Gamesa Wind US,692,Medicine Bow,WY,Carbon,5,OP,Onshore Wind Turbine,WT,Electric Utility,1,0.7,0.7,0.7,10,1999,Vestas,V47,15,2,164,
56482,Gamesa Wind US,692,Medicine Bow,WY,Carbon,6,OP,Onshore Wind Turbine,WT,Electric Utility,1,0.7,0.7,0.7,10,1999,Vestas,V47,15,2,164,
56482,Gamesa Wind US,692,Medicine Bow,WY,Carbon,7,OP,Onshore Wind Turbine,WT,Electric Utility,1,0.7,0.7,0.7,10,1999,Vestas,V47,15,2,164,
56482,Gamesa Wind US,692,Medicine Bow,WY,Carbon,8,OP,Onshore Wind Turbine,WT,Electric Utility,1,0.7,0.7,0.7,10,1999,Vestas,V47,15,2,164,
56482,Gamesa Wind US,692,Medicine Bow,WY,Carbon,9,OP,Onshore Wind Turbine,WT,Electric Utility,1,0.7,0.7,0.7,10,1999,Vestas,V47,15,2,164,
56482,Gamesa Wind US,57976,Pocahontas Prairie Wind Farm,IA,Pocahontas,1,OP,Onshore Wind Turbine,WT,IPP Non-CHP,2,80.0,80.0,80.0,2,2012,Gamesa,G97,20,2,328,19-000029
56483,Eurus Combine Hills II LLC,57137,Eurus Combine Hills Turbine Ranch 2,OR,Umatilla,1,OP,Onshore Wind Turbine,WT,IPP Non-CHP,2,63.0,63.0,63.0,1,2010,Mitsubishi,MWT 62/1.0,19,2,226,41-020660
56484,Butler Ridge Wind Energy Center,56647,Butler Ridge,WI,Dodge,1,OP,Onshore Wind Turbine,WT,IPP Non-CHP,2,54.0,54.0,54.0,2,2009,GE,GE 1.5 XLE,16.8,3,262.5,55-020165
56499,Harvest Wind Project TIC,57152,Harvest Wind Project,WA,Klickitat,HWP1,OP,Onshore Wind Turbine,WT,IPP Non-CHP,2,98.9,98.9,98.9,12,2009,Siemens,2.3 MW Mk II 93 vs,17.6,2,260,53-020423
56506,Langford Wind Power LLC,57153,Langford Wind Power,TX,Tom Green,1,OP,Onshore Wind Turbine,WT,IPP Non-CHP,2,150.0,150.0,150.0,12,2009,GE,1.5 ESS,18.2,2,262,2009-WTW-1491
56514,Windy Flats Partners LLC,57159,Windy Flats Wind Project,WA,Klickitat,GEN1,OP,Onshore Wind Turbine,WT,IPP Non-CHP,2,262.2,262.2,262.2,10,2009,Siemens,SWT 2.3 93,15,4,262,53-020364
56518,First State Marine Wind,57176,University of Delaware Wind Turbine,DE,SUSSEX,FSMW,OP,Onshore Wind Turbine,WT,Commercial Non-CHP,4,2.0,2.0,2.0,7,2010,Gamesa,G90,15.5,2,256,10-020303
56520,Meadow Lake Wind Farm IV LLC,57177,Meadow Lake Wind Farm IV,IN,White,GEN 1,OP,Onshore Wind Turbine,WT,IPP Non-CHP,2,98.7,98.7,98.7,10,2010,Suzlon,S88 2.1MW,19,2,262,2009-WTE-8816-0E
56523,Colorado Highlands Wind LLC,57174,Colorado Highlands Wind,CO,Logan,CHW1,OP,Onshore Wind Turbine,WT,IPP Non-CHP,2,67.2,67.2,67.2,12,2012,GE,1.6-100,18.7,2,262,08-021325
56523,Colorado Highlands Wind LLC,57174,Colorado Highlands Wind,CO,Logan,CHW2,OP,Onshore Wind Turbine,WT,IPP Non-CHP,2,23.8,23.8,23.8,9,2013,GE,1.7-100,18.7,2,262,08-024884
56545,Pattern Operators LP,56654,Hatchet Ridge Wind Project,CA,SHASTA,1,OP,Onshore Wind Turbine,WT,IPP Non-CHP,2,101.2,101.2,101.2,12,2010,Siemens,SWT 2.3-93,19,2,262.5,06-020915
56545,Pattern Operators LP,56661,Pattern Gulf Wind,TX,Kenedy,1,OP,Onshore Wind Turbine,WT,IPP Non-CHP,2,283.2,283.2,283.2,12,2008,Mitsubishi,MWT95/2.4,19,2,262.5,48-023396
56545,Pattern Operators LP,57192,Spring Valley Wind Project,NV,WHITE PINE,WTG,OP,Onshore Wind Turbine,WT,IPP Non-CHP,2,150.0,150.0,150.0,8,2012,Siemens,SWT 2.3-101,16.7,3,262.5,32-020263
56545,Pattern Operators LP,57514,Ocotillo Express LLC,CA,Imperial,WTG,OP,Onshore Wind Turbine,WT,IPP Non-CHP,2,265.4,265.4,265.4,12,2012,Siemens,SWT 2.37-108,19,2,262.5,06-028368
56545,Pattern Operators LP,58242,Pattern Panhandle Wind LLC,TX,Carson,1,OP,Onshore Wind Turbine,WT,IPP Non-CHP,2,218.0,218.0,218.0,7,2014,GE,GE 1.85-87,19,2,262.5,48-031521
56545,Pattern Operators LP,58720,Pattern Panhandle Wind 2 LLC,TX,Carson,1,OP,Onshore Wind Turbine,WT,IPP Non-CHP,2,181.7,181.7,181.7,11,2014,Siemens,SWT 2.3-108,19,2,262.5,48-032375
56548,Lost Creek Wind LLC,57189,Lost Creek Wind Energy Facility,MO,DeKalb,LCW,OP,Onshore Wind Turbine,WT,IPP Non-CHP,2,150.0,150.0,150.0,5,2010,GE,1.5 XLE ESS,15.6,2,262.5,29-020298
56555,FPL Energy Montezuma Wind,57201,FPL Energy Montezuma Winds LLC,CA,Solano,S2.3,OP,Onshore Wind Turbine,WT,IPP Non-CHP,2,36.8,36.8,36.8,11,2010,Siemens,Siemens 2.3,19,2,262.5,06-002884
56561,Day County Wind LLC,57194,Day County Wind LLC,SD,Day,GE15,OP,Onshore Wind Turbine,WT,IPP Non-CHP,2,99.0,99.0,99.0,4,2010,GE,GE 1.5 XLE,16.8,3,262.5,46-020454
56568,United Materials of Great Falls Inc,56591,Horseshoe Bend Wind Park,MT,Cascade,HBWP,OP,Onshore Wind Turbine,WT,IPP Non-CHP,2,9.0,9.0,9.0,2,2006,GE,1.5 SLE,19,2,262.5,"30-000628, 30-000631"
56592,Idaho Wind Partners 1 LLC,56434,Burley Butte Windpark,ID,Cassia,BBWP,OP,Onshore Wind Turbine,WT,IPP Non-CHP,2,13.5,13.5,13.5,2,2011,GE,1.5XLE,14.9,2,262,16-98-111
56592,Idaho Wind Partners 1 LLC,56435,Golden Valley Wind Park LLC,ID,Cassia,GVWP,OP,Onshore Wind Turbine,WT,IPP Non-CHP,2,12.0,12.0,12.0,1,2011,GE,1.5XLE,14.1,2,262,16-98-111
56592,Idaho Wind Partners 1 LLC,56437,Milner Dam Wind Park LLC,ID,Cassia,MDWP,OP,Onshore Wind Turbine,WT,IPP Non-CHP,2,19.5,19.5,19.5,2,2011,GE,1.5XLE,14.4,2,262,16-98-111
56592,Idaho Wind Partners 1 LLC,56439,Oregon Trail Wind Park,ID,Twin Falls,OTWP,OP,Onshore Wind Turbine,WT,IPP Non-CHP,2,13.5,13.5,13.5,1,2011,GE,1.5XLE,14,2,262,16-98-111
56592,Idaho Wind Partners 1 LLC,56440,Pilgrim Stage Wind Park,ID,Twin Falls,PSWP,OP,Onshore Wind Turbine,WT,IPP Non-CHP,2,10.5,10.5,10.5,1,2011,GE,1.5XLE,14.9,2,262,16-98-111
56592,Idaho Wind Partners 1 LLC,56441,Salmon Falls Wind Park,ID,Twin Falls,SFWP,OP,Onshore Wind Turbine,WT,IPP Non-CHP,2,21.0,21.0,21.0,4,2011,GE,1.5XLE,14.4,2,262,16-98-111
56592,Idaho Wind Partners 1 LLC,56442,Thousand Springs Wind Park,ID,Twin Falls,TSWP,OP,Onshore Wind Turbine,WT,IPP Non-CHP,2,12.0,12.0,12.0,1,2011,GE,1.5XLE,13.8,2,262,16-98-111
56592,Idaho Wind Partners 1 LLC,56443,Tuana Gulch Wind Park,ID,Twin Falls,TGWP,OP,Onshore Wind Turbine,WT,IPP Non-CHP,2,10.5,10.5,10.5,1,2011,GE,1.5XLE,14.1,2,262,16-98-111
56592,Idaho Wind Partners 1 LLC,57124,Payne's Ferry,ID,Twin Falls,PFWP,OP,Onshore Wind Turbine,WT,IPP Non-CHP,2,21.0,21.0,21.0,12,2010,GE,1.5XLE,14.6,2,262,16-98-111
56592,Idaho Wind Partners 1 LLC,57125,Camp Reed,ID,Elmore,CRWP,OP,Onshore Wind Turbine,WT,IPP Non-CHP,2,22.5,22.5,22.5,12,2010,GE,1.5XLE,14.4,2,262,16-98-111
56592,Idaho Wind Partners 1 LLC,57126,Yahoo Creek,ID,Twin Falls,YCWP,OP,Onshore Wind Turbine,WT,IPP Non-CHP,2,21.0,21.0,21.0,12,2010,GE,1.5XLE,14.5,2,262,16-98-111
56599,Wind Energy America Inc,56216,L J Trust,IA,Osceola,LJT2,OS,Onshore Wind Turbine,WT,IPP Non-CHP,2,2.0,2.0,2.0,6,2011,,, , , ,
56599,Wind Energy America Inc,56217,NAE Shaokatan Power,MN,Lincoln,SPP2,OS,Onshore Wind Turbine,WT,IPP Non-CHP,2,0.8,0.8,0.8,12,2011,,, , , ,
56599,Wind Energy America Inc,56217,NAE Shaokatan Power,MN,Lincoln,SPP3,OS,Onshore Wind Turbine,WT,IPP Non-CHP,2,0.8,0.8,0.8,6,2010,,, , , ,
56599,Wind Energy America Inc,56218,Zachary Ridge LLC,IA,Osceola,ZR2,OS,Onshore Wind Turbine,WT,IPP Non-CHP,2,2.0,2.0,2.0,1,2010,,, , , ,
56603,Roth Rock Wind Farm LLC,57239,Roth Rock Wind Farm LLC,MD,Garrett,SRRW1,OP,Onshore Wind Turbine,WT,IPP Non-CHP,2,40.0,40.0,40.0,8,2011,Nordex,Nordex N90,19,2,262,2009-WTE-4157-OE
56603,Roth Rock Wind Farm LLC,57240,"Roth Rock North Wind Farm, LLC",MD,Garrett,SRRNW,OP,Onshore Wind Turbine,WT,IPP Non-CHP,2,10.0,10.0,10.0,8,2011,Nordex,Nordex N90,19,2,262,2009-WTE-4157-OE
56612,Kit Carson Windpower LLC,57244,Kit Carson Windpower,CO,Kit Carson,KCW,OP,Onshore Wind Turbine,WT,IPP Non-CHP,2,51.0,51.0,51.0,11,2010,GE,1.5SLE/ESS,7.9,2,272,08-020967
56617,Iowa Lakes Community College,57257,Iowa Lakes Community College Wind Farm,IA,EMMET,VMN82,OP,Onshore Wind Turbine,WT,Commercial Non-CHP,4,1.0,1.0,1.0,2,2005,Vestas,VMN82,18,2,229.6,151-350'
56619,Air Force Civil Engineer Center,57253,MA Military Reservation Wind Project,MA,BARNSTABLE,1,OP,Onshore Wind Turbine,WT,IPP Non-CHP,2,1.5,1.5,1.5,12,2009,Fuhrlander,FL1577,14.5,2,262,25-020032
56619,Air Force Civil Engineer Center,57253,MA Military Reservation Wind Project,MA,BARNSTABLE,2,OP,Onshore Wind Turbine,WT,IPP Non-CHP,2,1.5,1.5,1.5,11,2011,GE,GESLE,13.7,2,262,25-022039
56619,Air Force Civil Engineer Center,57253,MA Military Reservation Wind Project,MA,BARNSTABLE,3,OP,Onshore Wind Turbine,WT,IPP Non-CHP,2,1.5,1.5,1.5,11,2011,GE,GESLE,13.7,2,262,25-022038
56622,NextEra Energy Resources,59284,Mammoth Plains,OK,Dewey,GE1.7,OP,Onshore Wind Turbine,WT,IPP Non-CHP,2,199.0,199.0,199.0,12,2014,GE,1.6ESS,18,2,265,40-020606
56625,Flat Water Wind Farm LLC,57283,Flat Water Wind Farm LLC,NE,Richardson,WTG1,OP,Onshore Wind Turbine,WT,IPP Non-CHP,2,60.0,60.0,60.0,12,2010,GE,GE 1.5XLE,25.7,1,262,2010-WTE-246-OE
56627,DeWind Co.,57263,Little Pringle I Wind Farm,TX,Hutchinson,LP1,OP,Onshore Wind Turbine,WT,IPP Non-CHP,2,10.0,10.0,10.0,10,2010,DeWind,D8.2,19.7,2,262.5,48-024579
56627,DeWind Co.,57264,Little Pringle II Wind Farm,TX,Hutchinson,LP2,OP,Onshore Wind Turbine,WT,IPP Non-CHP,2,10.0,10.0,10.0,10,2010,DeWind,D8.2,19.7,2,262.5,48-024580
56627,DeWind Co.,57516,KODE Novus I,OK,Texas,NOVUS,OP,Onshore Wind Turbine,WT,IPP Non-CHP,2,80.0,80.0,80.0,9,2012,DeWind,D9.2,18.9,2,262.5,40-021554
56627,DeWind Co.,57517,DeWind Frisco,TX,Hansford,FRISC,OP,Onshore Wind Turbine,WT,IPP Non-CHP,2,20.0,20.0,20.0,2,2012,DeWind,D8.2,19.2,2,262.5,48-026305
56627,DeWind Co.,57889,KODE Novus II,OK,Texas,NOVII,OP,Onshore Wind Turbine,WT,IPP Non-CHP,2,40.0,40.0,40.0,12,2012,DeWind,D9.2,18.8,2,262.5,40-021853
56629,Lubbock Wind LLC,57259,Lubbock Wind Ranch,TX,Lubbock,1,OP,Onshore Wind Turbine,WT,IPP Non-CHP,2,7.5,7.5,7.5,2,2010,Samsung Heavy Industries,SHI 2.5 MW,15.9,2,262,48-023962
56630,Texico Wind LP,57258,Texico Wind Ranch LP,NM,Curry,1,OP,Onshore Wind Turbine,WT,IPP Non-CHP,2,1.9,1.9,1.9,12,2003,Samsung Heavy Industries,SHI 2.5 MW,15.9,2,262,35-001131
56642,Grant County Wind LLC,57274,Grant County Wind LLC,MN,Grant,1,OP,Onshore Wind Turbine,WT,IPP Non-CHP,2,20.0,20.0,20.0,12,2010,Suzlon,S88,19,2,262,27-020703 thru 12
56653,Northern Colorado Wind LLC,57290,Northern Colorado Wind LLC,CO,Logan,GE,OP,Onshore Wind Turbine,WT,IPP Non-CHP,2,22.5,22.5,22.5,8,2009,Siemens,Siemens 2.3,16.9,2,254,360i
56653,Northern Colorado Wind LLC,57290,Northern Colorado Wind LLC,CO,Logan,SIEM,OP,Onshore Wind Turbine,WT,IPP Non-CHP,2,151.8,151.8,151.8,8,2009,Siemens,Siemens 2.3,15.8,3,262,08-020245
56654,Carleton College,57296,Carleton College,MN,Rice,WIND1,OP,Onshore Wind Turbine,WT,Commercial Non-CHP,4,1.6,1.6,1.6,9,2004,Vestas,V87,16,4,230,27-002377
56654,Carleton College,57296,Carleton College,MN,Rice,WIND2,OP,Onshore Wind Turbine,WT,Commercial Non-CHP,4,1.6,1.6,1.6,10,2011,GE,XLE,16,4,262,27-021657
56661,Criterion Power Partners LLC,57300,Criterion Wind Project,MD,GARRETT,1,OP,Onshore Wind Turbine,WT,IPP Non-CHP,2,70.0,70.0,70.0,12,2010,Clipper,C-93,18.3,2,262,24-020130
56662,Cedar Point LLC,57315,Cedar Point Wind,CO,LINCOLN,1-139,OP,Onshore Wind Turbine,WT,IPP Non-CHP,2,252.0,243.0,243.0,5,2011,Vestas,V-90,19,2,265,2009-WTW-7128-OE
56664,Garnet Energy Corporation,57302,Garnet Wind Energy Center,CA,RIVERSIDE,1,OP,Onshore Wind Turbine,WT,IPP Non-CHP,2,6.5,6.5,6.5,6,2009,NedWind,NedWind 40,15,1,131,06-020026
56665,Dutch Energy Corporation,57301,Dutch Wind Energy,CA,Riverside,DEC,OP,Onshore Wind Turbine,WT,IPP Non-CHP,2,8.0,8.0,8.0,8,1994,NedWind,NedWind 40,15,1,131,06-022116
56667,Loraine Windpower Park LLC,57303,Loraine Windpark Project LLC,TX,Mitchell,LWG1,OP,Onshore Wind Turbine,WT,IPP Non-CHP,2,75.0,75.0,75.0,10,2009,GE,GE 1.5 SLE,17,2,262,48-027494
56667,Loraine Windpower Park LLC,57303,Loraine Windpark Project LLC,TX,Mitchell,LWG2,OP,Onshore Wind Turbine,WT,IPP Non-CHP,2,75.0,75.0,75.0,10,2009,GE,GE 1.5 SLE,17,2,262,48-027494
56678,FPL Energy Illinois Wind LLC,57325,FPL Energy Illinois Wind LLC,IL,DeKalb,GE1.5,OP,Onshore Wind Turbine,WT,IPP Non-CHP,2,217.5,217.5,217.5,12,2009,GE,GE 1.5 MW XLE,17.9,3,262,17-021012
56680,Diamond Shamrock Refining Company LP,57326,Sunray Wind I,TX,Moore,WND1,OP,Onshore Wind Turbine,WT,IPP Non-CHP,2,49.5,49.5,49.5,9,2009,GE,G.E. 1.5 SLE,18.3,2,270,48-022849
56682,Duke Energy Top Of the World WindPower,57327,Top of the World Windpower Project,WY,CONVERSE,TOTW1,OP,Onshore Wind Turbine,WT,IPP Non-CHP,2,200.0,200.0,200.0,10,2010,GE,GE-1.5SLE/ESS,8,2,272,56-020592
56683,Elk City LLC,57346,Elk City LLC,OK,Roger Mills,1,OP,Onshore Wind Turbine,WT,IPP Non-CHP,2,98.9,98.9,98.9,12,2009,Siemens,Siemens 2.3,19,2,262.5,40-020454
56683,Elk City LLC,57346,Elk City LLC,OK,Roger Mills,2,OP,Onshore Wind Turbine,WT,IPP Non-CHP,2,99.2,99.2,99.2,12,2010,GE,General Electric 1.5 XLE,16.8,3,262.5,40-020750
56684,White Oak Energy LLC,57342,White Oak Energy LLC,IL,McLean,1,OP,Onshore Wind Turbine,WT,IPP Non-CHP,2,150.0,150.0,150.0,6,2011,GE,GE 1.5 XLE,16.8,3,262.5,17-021967
56688,Baldwin Wind LLC,57347,Baldwin Wind LLC,ND,Burleigh,GE1,OP,Onshore Wind Turbine,WT,IPP Non-CHP,2,102.4,102.4,102.4,12,2010,GE,GE 1.6 ESS-XLE,16.8,3,262.5,38-020822
56689,Renew Energy Maintenance LLC,57351,Uilk Wind LLC,MN,PIPESTONE,FA01,OP,Onshore Wind Turbine,WT,Commercial Non-CHP,4,1.5,1.5,1.5,1,2010,Goldwind,GW77,16,2,213,unknown
56689,Renew Energy Maintenance LLC,57351,Uilk Wind LLC,MN,PIPESTONE,FA02,OP,Onshore Wind Turbine,WT,Commercial Non-CHP,4,1.5,1.5,1.5,1,2010,Goldwind,GW77,16,2,213,unknown
56689,Renew Energy Maintenance LLC,57351,Uilk Wind LLC,MN,PIPESTONE,FA03,OP,Onshore Wind Turbine,WT,Commercial Non-CHP,4,1.5,1.5,1.5,1,2010,Goldwind,GW77,16,2,213,unknown
56690,Town of Portsmouth,57350,Portsmouth Wind Turbine,RI,Newport,WTG-1,OA,Onshore Wind Turbine,WT,IPP Non-CHP,2,1.5,1.5,1.5,3,2009,AAER,A-1500,14,2,213,
56693,Fox Island Wind LLC,57354,Fox Island Wind LLC,ME,Knox,1,OP,Onshore Wind Turbine,WT,IPP Non-CHP,2,4.5,4.5,4.5,11,2009,GE,1.5sle,14.5,2,262,2030349
56698,Red Mesa Wind LLC,57357,Red Mesa Wind LLC,NM,Sandoval,EXIS,OP,Onshore Wind Turbine,WT,IPP Non-CHP,2,102.4,102.4,102.4,12,2010,GE,1.6-83,14,2,262,35-021291
56699,CPV Keenan II Renewable Energy Co LLC,57358,Keenan II Renewable Energy Co LLC,OK,WOODWARD,1,OP,Onshore Wind Turbine,WT,IPP Non-CHP,2,151.8,151.8,151.8,12,2010,Siemens,2.3-101,18,1,262.5,11993
56713,Adams Wind Generations LLC,57375,Adams Wind Generations LLC,MN,Meeker,AWG,OP,Onshore Wind Turbine,WT,IPP Non-CHP,2,20.0,20.0,20.0,3,2011,SANY,ECO 86,17.7,2,263,27-020973
56715,Ridgewind Power Partners LLC,57386,Ridgewind,MN,PIPESTONE,WTG1,OP,Onshore Wind Turbine,WT,IPP Non-CHP,2,25.3,25.3,25.3,1,2011,Siemens,SWT-2.3-93,19,2,262,27-021131
56721,Danielson Wind Farms LLC,57396,Danielson Wind Farms LLC,MN,KANDIYOHI,DWF,OP,Onshore Wind Turbine,WT,IPP Non-CHP,2,20.0,20.0,20.0,3,2011,SANY,ECO 86,16.6,2,263,27-020983
56727,Ashtabula Wind III LLC,57387,Ashtabula Wind III LLC,ND,Barnes,GE16,OP,Onshore Wind Turbine,WT,IPP Non-CHP,2,62.4,62.4,62.4,12,2010,GE,GE 1.6 ESS-XLE,16.8,3,262.5,38-020666
56742,Notus Clean Energy LLC,57414,Notus Wind 1,MA,BARNSTABLE,1,OP,Onshore Wind Turbine,WT,IPP Non-CHP,2,1.7,1.7,1.7,7,2010,Vestas,V82,19,2,262,25-020128
56744,Elk Wind Energy LLC,57417,Elk Wind Farm,IA,Delaware,NORD,OP,Onshore Wind Turbine,WT,IPP Non-CHP,2,40.8,40.8,40.8,12,2011,Nordex,N100,19,3,328,19-022172
56757,Valley View Transmission LLC,57434,Valley View Transmission LLC,MN,Murray,VVT,OP,Onshore Wind Turbine,WT,IPP Non-CHP,2,10.0,10.0,10.0,7,2011,Gamesa,G87,13,2,256,27-021298
56769,Consolidated Edison Development Inc.,59435,Oak Tree Energy,SD,Clark,OTE14,OP,Onshore Wind Turbine,WT,IPP Non-CHP,2,19.5,19.5,19.5,12,2014,GE,1.85-87,19,2,262.5,2014-WTE-358-OTE
56786,Crystal Lake 3 LLC,57468,Crystal Lake 3 LLC,IA,Winnebago,GE1.5,OP,Onshore Wind Turbine,WT,IPP Non-CHP,2,66.0,66.0,66.0,12,2009,GE,GE 1.5 XLE,16.8,3,262.5,19-021624
56787,Garden Wind LLC,57469,Garden Wind LLC,IA,Hardin,GE1.5,OP,Onshore Wind Turbine,WT,IPP Non-CHP,2,150.0,150.0,150.0,12,2009,GE,GE 1.5 XLE,16.8,3,262.5,19-021547
56790,Ralls Wind Farm LLC,57474,Ralls Wind Farm,TX,Crosby,1,OP,Onshore Wind Turbine,WT,IPP Non-CHP,2,10.0,10.0,10.0,7,2011,SANY,SE8720IIIE,18.5,2,255.9,
56800,Brewster,56207,DL Windy Acres LLC,MN,Jackson,1,OP,Onshore Wind Turbine,WT,IPP Non-CHP,2,2.0,2.0,2.0,12,2003,Suzlon,S-64,17.8,2,213.3,27-002225
56800,Brewster,56208,S&P Windfarm LLC,MN,Jackson,1,OP,Onshore Wind Turbine,WT,IPP Non-CHP,2,2.0,2.0,2.0,12,2003,Suzlon,S-64,17.8,2,213.3,27-002223
56800,Brewster,56210,B&K Energy Systems LLC,MN,Jackson,1,OP,Onshore Wind Turbine,WT,IPP Non-CHP,2,2.0,2.0,2.0,12,2003,Suzlon,S-64,17.8,2,213.3,27-002228
56801,Cisco,56709,Christoffer Wind Energy I LLC,MN,Jackson,1,OP,Onshore Wind Turbine,WT,IPP Non-CHP,2,2.1,2.1,2.1,2,2008,Suzlon,S-88,17.8,2,259.2,27-026276
56801,Cisco,56710,Christoffer Wind Energy II LLC,MN,Jackson,1,OP,Onshore Wind Turbine,WT,IPP Non-CHP,2,2.1,2.1,2.1,2,2008,Suzlon,S-88,17.8,2,259.2,27-026275
56801,Cisco,56711,Christoffer Wind Energy III LLC,MN,Jackson,1,OP,Onshore Wind Turbine,WT,IPP Non-CHP,2,2.1,2.1,2.1,2,2008,Suzlon,S-88,17.8,2,259.2,27-026274
56801,Cisco,56712,Christoffer Wind Energy IV LLC,MN,Jackson,1,OP,Onshore Wind Turbine,WT,IPP Non-CHP,2,2.1,2.1,2.1,2,2008,Suzlon,S-88,17.8,2,259.2,27-026273
56802,Echo 1,56971,Oregon Trail Windfarm LLC,OR,Umatilla,1,OP,Onshore Wind Turbine,WT,IPP Non-CHP,2,9.9,9.9,9.9,6,2009,Vestas,V-82,15.4,2,262.5,41-020207
56802,Echo 1,56972,Pacific Canyon Windfarm LLC,OR,Morrow,1,OP,Onshore Wind Turbine,WT,IPP Non-CHP,2,8.3,8.3,8.3,6,2009,Vestas,V-82,15.4,2,262.5,41-020361
56802,Echo 1,56973,Sand Ranch Windfarm LLC,OR,Morrow,1,OP,Onshore Wind Turbine,WT,IPP Non-CHP,2,9.9,9.9,9.9,6,2009,Vestas,V-82,15.4,2,262.5,41-020300
56802,Echo 1,56975,Ward Butte Windfarm LLC,OR,Umatilla,1,OP,Onshore Wind Turbine,WT,IPP Non-CHP,2,6.6,6.6,6.6,6,2009,Vestas,V-82,15.4,2,262.5,41-020214
56803,Echo 2,56969,Four Corners Windfarm LLC,OR,Umatilla,1,OP,Onshore Wind Turbine,WT,IPP Non-CHP,2,10.0,10.0,10.0,6,2009,REpower,MM 92,15.4,2,257.5,41-020388
56803,Echo 2,56970,Four Mile Canyon Windfarm LLC,OR,Morrow,1,OP,Onshore Wind Turbine,WT,IPP Non-CHP,2,10.0,10.0,10.0,6,2009,REpower,MM 92,15.4,2,257.5,41-020383
56804,Echo 3,56967,Butter Creek Power LLC,OR,Umatilla,1,OP,Onshore Wind Turbine,WT,IPP Non-CHP,2,5.0,5.0,5.0,6,2009,Vestas,V-82,15.4,2,262.5,41-020389
56804,Echo 3,56968,Big Top LLC,OR,Morrow,1,OP,Onshore Wind Turbine,WT,IPP Non-CHP,2,1.7,1.7,1.7,6,2009,Vestas,V-82,15.4,2,262.5,41-020363
56804,Echo 3,56974,Wagon Trail LLC,OR,Morrow,1,OP,Onshore Wind Turbine,WT,IPP Non-CHP,2,3.3,3.3,3.3,6,2009,Vestas,V-82,15.4,2,262.5,41-020367
56805,Exelon Wind LLC,56628,Prairie Wind Power LLC,MN,Jackson,1,OP,Onshore Wind Turbine,WT,IPP Non-CHP,2,4.0,4.0,4.0,1,2008,Suzlon,S-88,17.8,2,259.2,27-020138
56806,Marshall Wind,56824,Marshall Wind 2 LLC,MN,Lyon,1,OP,Onshore Wind Turbine,WT,IPP Non-CHP,2,4.2,4.2,4.2,12,2007,Suzlon,S-88,18.6,2,259.2,27-022940
56806,Marshall Wind,56825,Marshall Wind 3 LLC,MN,Lyon,1,OP,Onshore Wind Turbine,WT,IPP Non-CHP,2,4.2,4.2,4.2,12,2007,Suzlon,S-88,18.6,2,259.2,27-021339
56806,Marshall Wind,56826,Marshall Wind 4 LLC,MN,Lyon,1,OP,Onshore Wind Turbine,WT,IPP Non-CHP,2,4.2,4.2,4.2,12,2007,Suzlon,S-88,18.6,2,259.2,27-022941
56806,Marshall Wind,56827,Marshall Wind 5 LLC,MN,Lyon,1,OP,Onshore Wind Turbine,WT,IPP Non-CHP,2,2.1,2.1,2.1,12,2007,Suzlon,S-88,18.6,2,259.2,27-020543
56806,Marshall Wind,56828,Marshall Wind 6 LLC,MN,Lyon,1,OP,Onshore Wind Turbine,WT,IPP Non-CHP,2,2.1,2.1,2.1,12,2007,Suzlon,S-88,18.6,2,259.2,27-020542
56806,Marshall Wind,56840,Marshall Wind 1 LLC,MN,Lyon,1,OP,Onshore Wind Turbine,WT,IPP Non-CHP,2,2.1,2.1,2.1,12,2007,Suzlon,S-88,18.6,2,259.2,27-020544
56807,Moore 1,56580,Blue Breezes LLC,MN,Faribault,1,OP,Onshore Wind Turbine,WT,IPP Non-CHP,2,1.3,1.3,1.3,5,2006,Suzlon,S-64,17,2,241.1,27-002574
56807,Moore 1,56581,Blue Breezes II LLC,MN,Faribault,1,OP,Onshore Wind Turbine,WT,IPP Non-CHP,2,1.3,1.3,1.3,5,2006,Suzlon,S-64,17,2,241.1,27-002575
56808,Norgard 1,56578,Roadrunner I LLC,MN,Lincoln,1,OP,Onshore Wind Turbine,WT,IPP Non-CHP,2,1.3,1.3,1.3,5,2006,Suzlon,S-64,16.8,2,241.1,27-002704
56808,Norgard 1,56579,Windy Dog I LLC,MN,Lincoln,1,OP,Onshore Wind Turbine,WT,IPP Non-CHP,2,1.3,1.3,1.3,5,2006,Suzlon,S-64,16.8,2,241.1,27-002709
56808,Norgard 1,56582,Breezy Bucks II LLC,MN,Lincoln,1,OP,Onshore Wind Turbine,WT,IPP Non-CHP,2,1.3,1.3,1.3,5,2006,Suzlon,S-64,16.8,2,241.1,27-002706
56808,Norgard 1,56583,Salty Dog I LLC,MN,Lincoln,1,OP,Onshore Wind Turbine,WT,IPP Non-CHP,2,1.3,1.3,1.3,5,2006,Suzlon,S-64,16.8,2,241.1,27-002738
56808,Norgard 1,56584,Salty Dog II LLC,MN,Lincoln,1,OP,Onshore Wind Turbine,WT,IPP Non-CHP,2,1.3,1.3,1.3,5,2006,Suzlon,S-64,16.8,2,241.1,27-002707
56808,Norgard 1,56585,Wallys Wind Farm LLC,MN,LINCOLN,1,OP,Onshore Wind Turbine,WT,IPP Non-CHP,2,1.3,1.3,1.3,5,2006,Suzlon,S-64,16.8,2,241.1,27-002708
56808,Norgard 1,56595,Breezy Bucks I LLC,MN,Lincoln,1,OP,Onshore Wind Turbine,WT,IPP Non-CHP,2,1.3,1.3,1.3,5,2006,Suzlon,S-64,16.8,2,241.1,27-002705
56855,Performance Services,57637,Union City Wind Turbine,IN,Randolph,1,OP,Onshore Wind Turbine,WT,IPP Non-CHP,2,1.0,1.0,1.0,3,2010,Nordex,N1000,12.3,3,229.7,2010-WTE-6446-OE
56855,Performance Services,57638,Randolph Eastern School Wind Turbine,IN,Randolph,1,OP,Onshore Wind Turbine,WT,Commercial Non-CHP,4,1.0,1.0,1.0,3,2010,Nordex,1000,12.3,3,229.7,2011-WTE-14493-OE
56865,Caithness Shepherds Flat LLC,57526,North Hurlburt Wind LLC,OR,Gilliam,NORTH,OP,Onshore Wind Turbine,WT,IPP Non-CHP,2,265.0,265.0,265.0,2,2012,GE,2.5xl+,14.3,2,279,20009-WTW-7316-OE
56865,Caithness Shepherds Flat LLC,57549,South Hurlburt Wind LLC,OR,Gilliam,SOUTH,OP,Onshore Wind Turbine,WT,IPP Non-CHP,2,290.0,290.0,290.0,7,2012,GE,2.5xl+,13.5,2,279,2009-WTW-7448-OE
56865,Caithness Shepherds Flat LLC,57550,Horseshoe Bend Wind LLC,OR,Gilliam,HORSE,OP,Onshore Wind Turbine,WT,IPP Non-CHP,2,290.0,290.0,290.0,7,2012,GE,2.5xl+,13.5,2,279,2009-WTW-7546-OE
56868,Kawailoa Wind LLC,57529,Kawailoa Wind,HI,Honolulu,1,OP,Onshore Wind Turbine,WT,IPP Non-CHP,2,69.0,69.0,69.0,11,2012,Siemens,SWT 2.3-101,13,3,326,15-020126
56874,Winona County Wind LLC,57547,Winona County Wind LLC,MN,Winona,WCW,OP,Onshore Wind Turbine,WT,IPP Non-CHP,2,1.5,1.5,1.5,10,2011,Unison,U-57,0,2,223,27-021580
56891,Shirley Wind LLC,57553,Shirley Wind,WI,Brown,1,OP,Onshore Wind Turbine,WT,IPP Non-CHP,2,20.0,20.0,20.0,11,2010,Nordex,Nordex N100,8,2,272,55-020467
56894,Woodstock Hills,55342,Woodstock Windfarm,MN,Pipestone,WIND,OP,Onshore Wind Turbine,WT,IPP Non-CHP,2,10.2,10.2,10.2,5,1999,Vestas,V44,17,2,196,27-001666
56899,Wind Stream Operations LLC,50532,Victory Garden (Tehachapi),CA,Kern,15SLE,OP,Onshore Wind Turbine,WT,IPP Non-CHP,2,1.5,1.5,1.5,5,2000,GE,GE 1.5SLE,16.5,1,210,Unknown
56899,Wind Stream Operations LLC,50532,Victory Garden (Tehachapi),CA,Kern,WGNS,OP,Onshore Wind Turbine,WT,IPP Non-CHP,2,21.2,21.2,21.2,12,1981,Vestas,V15,16.5,1,80,Unknown
56899,Wind Stream Operations LLC,56275,Helzel & Schwarzhoff 86,CA,Kern,WGNS,OP,Onshore Wind Turbine,WT,IPP Non-CHP,2,2.4,2.4,2.4,12,1986,Vestas,V-17,12,1,80,
56909,Record Hill Wind LLC,57568,Record Hill Wind,ME,OXFORD,RHW,OP,Onshore Wind Turbine,WT,IPP Non-CHP,2,50.6,50.6,50.6,1,2012,Siemens,SWT-2.3-93,17,2,262,23-021737
56912,"V.H. Cooper & Co., Inc.",57570,Cooper Farms VW Project,OH,Van Wert,WTG,OP,Onshore Wind Turbine,WT,Industrial Non-CHP,6,4.5,4.5,4.5,3,2012,Goldwind,GW1500,13,3,263,"8320,663,3996"
56916,PaTu Wind Farm LLC,57578,PaTu Wind Farm LLC,OR,Sherman,PATU,OP,Onshore Wind Turbine,WT,IPP Non-CHP,2,9.0,9.0,9.0,12,2010,GE,1.5sle,12,2,262,41-020884
56925,"FPLE Wind, LLC",57590,"Minco Wind I, LLC",OK,Grady,1,OP,Onshore Wind Turbine,WT,IPP Non-CHP,2,99.2,99.2,99.2,12,2010,GE,1.6ESS,18,2,265,40-020606
56925,"FPLE Wind, LLC",57956,"Minco Wind II, LLC",OK,Grady,1,OP,Onshore Wind Turbine,WT,IPP Non-CHP,2,100.8,100.8,100.8,11,2011,GE,1.6ESS,18,2,265,40-021330
56925,"FPLE Wind, LLC",58203,"Minco Wind III, LLC",OK,Caddo,1,OP,Onshore Wind Turbine,WT,IPP Non-CHP,2,100.8,100.8,100.8,12,2012,GE,1.6100ESS,18,2,265,40-021996
56930,"Foundation HA Energy Generation, LLC",57594,Teichert Materials-Teichert Vernalis,CA,San Joaquin,WTG1,OP,Onshore Wind Turbine,WT,IPP Non-CHP,2,1.5,1.5,1.5,10,2010,GE,GE 1.5 SLE,10.5,4,262,06-020792
56930,"Foundation HA Energy Generation, LLC",57626,Foundation ST,CA,San Joaquin,WTG1,OP,Onshore Wind Turbine,WT,IPP Non-CHP,2,2.0,2.0,2.0,6,2011,Mitsubishi,MWT 1000A,11.6,4,180,2010-WTW-5662-OE
56930,"Foundation HA Energy Generation, LLC",57791,Foundation AB,CA,Solano,WTG1,OP,Onshore Wind Turbine,WT,IPP Non-CHP,2,1.5,1.5,1.5,11,2011,GE,GE 1.5 SLE,13.4,4,213,2009-WTW-6854-OE
56930,"Foundation HA Energy Generation, LLC",57792,Foundation IE,CA,San Bernardino,WTG1,OP,Onshore Wind Turbine,WT,IPP Non-CHP,2,1.0,1.0,1.0,12,2011,Mitsubishi,MWT 1000A,11.2,4,180,06-022026
56936,Paulding Wind Farm II LLC,57620,Paulding Wind Farm II,OH,Paulding,GEN1,OP,Onshore Wind Turbine,WT,IPP Non-CHP,2,99.0,99.0,99.0,7,2011,Vestas,V100 1.8,16.8,3,311.7,2010-WTE-12374-OE
56945,Blue Canyon Windpower VI LLC,57616,Blue Canyon Windpower VI LLC,OK,Caddo,GEN1,OP,Onshore Wind Turbine,WT,IPP Non-CHP,2,100.0,100.0,100.0,12,2011,Vestas,V90,17.9,2,262,13972
56951,Michigan Wind 2 LLC,56659,Michigan Wind 2,MI,Sanilac,1,OP,Onshore Wind Turbine,WT,IPP Non-CHP,2,90.0,90.0,90.0,12,2011,Vestas,V-100,16.3,3,311.7,26-020755
56952,Lincoln Electric Company,57613,LE Wind Turbine 1,OH,Cuyahoga,WTG1,OP,Onshore Wind Turbine,WT,Industrial Non-CHP,6,2.5,2.5,2.5,7,2011,Kenersys,K100,14,3,278,39-020376
56961,"Bulldog Wind Energy, LLC",57632,Bulldog,IA,Adair,1,OP,Onshore Wind Turbine,WT,IPP Non-CHP,2,1.5,1.5,1.5,10,2010,GE,1.5-77,37,2,262.5,
56962,"Wolverine Wind Energy, LLC",57631,Wolverine,IA,Adair,1,OP,Onshore Wind Turbine,WT,IPP Non-CHP,2,1.5,1.5,1.5,10,2010,GE,1.5-77,37,2,262.5,
56967,Ironwood Windpower LLC,57639,Ironwood Wind,KS,Ford,1,OP,Onshore Wind Turbine,WT,IPP Non-CHP,2,167.9,167.9,167.9,8,2012,Siemens,2.3-101,7,2,272,20-021869
56972,"Vestas Towers America, Inc",57643,"Vestas Towers America, Inc.",CO,Pueblo,V100,OP,Onshore Wind Turbine,WT,Industrial Non-CHP,6,1.8,1.8,1.8,4,2010,Vestas,V100,16.8,2,262,08-020364
56977,Zotos International,57648,Zotos International WPGF,NY,Ontario,WT1,OP,Onshore Wind Turbine,WT,Industrial Non-CHP,6,1.7,1.7,1.7,1,2012,Hyundai,DF 1650,20,2,270,36-025729
56977,Zotos International,57648,Zotos International WPGF,NY,Ontario,WT2,OP,Onshore Wind Turbine,WT,Industrial Non-CHP,6,1.7,1.7,1.7,1,2012,Hyundai,DF 1650,20,2,270,36-025730
56981,Town of Falmouth,57654,Town of Falmouth WWTP,MA,Barnstable,WIND1,OP,Onshore Wind Turbine,WT,Commercial Non-CHP,4,1.7,0.8,0.9,3,2010,Vestas,v82,19,2,262,
56981,Town of Falmouth,57654,Town of Falmouth WWTP,MA,Barnstable,WIND2,OP,Onshore Wind Turbine,WT,Commercial Non-CHP,4,1.7,0.8,0.9,2,2012,Vestas,v82,19,2,262,
56988,"Cimarron Windpower II, LLC",57663,Cimarron Windpower II,KS,Gray,1,OP,Onshore Wind Turbine,WT,IPP Non-CHP,2,131.0,131.0,131.0,6,2012,Siemens,2-3-108,8,2,272,20-021982
56990,NJR Clean Energy Ventures Corporation,59003,Two Dot Wind Farm,MT,Wheatland,1,OP,Onshore Wind Turbine,WT,IPP Non-CHP,2,9.7,9.7,9.7,6,2014,GE,1.6,19,1,260,30-020675
57002,"Post Rock Wind Power Project, LLC",57678,"Post Rock Wind Power Project, LLC",KS,Ellsworth,1,OP,Onshore Wind Turbine,WT,IPP Non-CHP,2,201.0,201.0,201.0,9,2012,GE,1.5-82.5,18,2,262,20-021639
57017,DOE National Renewable Energy Laboratory,57693,DOE Golden NWTC Turbine Side,CO,Jefferson,ALSTO,OP,Onshore Wind Turbine,WT,Commercial Non-CHP,4,3.0,3.0,3.0,9,2011,Alstom,ukn,8.4,3,295,08-020484
57017,DOE National Renewable Energy Laboratory,57693,DOE Golden NWTC Turbine Side,CO,Jefferson,GAMES,OP,Onshore Wind Turbine,WT,Commercial Non-CHP,4,2.0,2.0,2.0,10,2011,Gamesa,ukn,8.4,3,295,08-020947
57017,DOE National Renewable Energy Laboratory,57693,DOE Golden NWTC Turbine Side,CO,Jefferson,GEDOE,OP,Onshore Wind Turbine,WT,Commercial Non-CHP,4,1.5,1.5,1.5,1,2010,GE,ukn,8.4,3,262,08-020237
57017,DOE National Renewable Energy Laboratory,57693,DOE Golden NWTC Turbine Side,CO,Jefferson,SIEM,OP,Onshore Wind Turbine,WT,Commercial Non-CHP,4,2.3,2.3,2.3,1,2010,Siemens,ukn,8.4,3,262,08-020231
57024,"Vasco Winds, LLC",57700,Vasco Winds,CA,Contra Costa,1,OP,Onshore Wind Turbine,WT,IPP Non-CHP,2,78.2,78.2,78.2,12,2011,Siemens,2.3,13.3,1,262,06-022038
57026,"NextEra Energy Montezuma Wind II, LLC",57701,Montezuma Wind II,CA,Solano,1,OP,Onshore Wind Turbine,WT,IPP Non-CHP,2,78.2,78.2,78.2,1,2012,Siemens,Siemens 2.3,19,2,262.5,06-020306
57041,Idaho Winds LLC,57749,Sawtooth Wind Project,ID,Elmore,ST,OP,Onshore Wind Turbine,WT,IPP Non-CHP,2,22.4,22.4,22.4,10,2011,GE,XLE ESS 1.6 MW,28,3,262.5,16-021372
57042,Gordon Butte Wind LLC,57748,Gordon Butte Wind LLC,MT,Meagher,GBW,OP,Onshore Wind Turbine,WT,IPP Non-CHP,2,9.6,9.6,9.6,1,2012,GE,1.5Sle,21,1,262,30-020402
57046,University of Minnestoa Morris Campus,57732,UMM Wind Turbine,MN,Stevens,UMM1,OP,Onshore Wind Turbine,WT,Commercial Non-CHP,4,1.7,0.6,0.9,6,2011,Vestas,V82,18,2,265,27-021076
57050,TPW Petersburg LLC,57755,TPW Petersburg,NE,Boone,PETE,OP,Onshore Wind Turbine,WT,IPP Non-CHP,2,40.5,40.5,40.5,11,2011,GE,GE 1.5 XLE,19,2,262,31-020598
57053,Laurel Wind Energy LLC,57744,Laurel Hill Wind,PA,Lycoming,1,OP,Onshore Wind Turbine,WT,IPP Non-CHP,2,69.0,69.0,69.0,9,2012,Siemens,2.3-108,6,2,272,42-024806
57054,Suzlon Project VIII LLC,57741,Suzlon Project VIII LLC,TX,Hartley,SP95,OA,Onshore Wind Turbine,WT,IPP Non-CHP,2,2.1,2.1,2.1,10,2011,Suzlon,S95,18.9,2,295,48-025973
57054,Suzlon Project VIII LLC,57741,Suzlon Project VIII LLC,TX,Hartley,SP97,OP,Onshore Wind Turbine,WT,IPP Non-CHP,2,2.1,2.1,2.1,10,2011,Suzlon,S97,16.8,2,295,48-025974
57063,"Los Vientos Wind 1A, LLC",57751,Los Vientos Wind 1A,TX,Cameron,1,OP,Onshore Wind Turbine,WT,IPP Non-CHP,2,200.0,200.0,200.0,12,2012,Siemens,2.3-108,6,2,272,48-027046
57064,"Los Vientos Wind 1B, LLC",57752,Los Vientos Wind 1B,TX,Cameron,1,OP,Onshore Wind Turbine,WT,IPP Non-CHP,2,201.6,201.6,201.6,12,2012,Mitsubishi,MWT102,7,2,272,unknown
57066,Coastal Community Action Program,57756,Coastal Energy Project,WA,Grays Harbor,1,OP,Onshore Wind Turbine,WT,IPP Non-CHP,2,6.0,6.0,6.0,6,2010,GE,1.5 ESS,12,2,265,53-020813
57068,Power County Wind Park South LLC,57760,Power County Wind Park South,ID,Power,PCWPS,OP,Onshore Wind Turbine,WT,IPP Non-CHP,2,22.5,22.5,22.5,12,2011,Nordex,N100,17.2,2,262,2011-WTW-4498
57069,Power County Wind Park North LLC,57761,Power County Wind Park North,ID,Power,PCWPN,OP,Onshore Wind Turbine,WT,IPP Non-CHP,2,22.5,22.5,22.5,12,2011,Nordex,N100,17.2,2,262,16-021407
57075,Ridgeline Energy LLC,57766,Rockland Wind Farm,ID,Power,RLWF,OP,Onshore Wind Turbine,WT,IPP Non-CHP,2,79.2,79.2,79.2,12,2011,Vestas,V100,15.4,3,262.5,16-021443
57075,Ridgeline Energy LLC,58106,Meadow Creek Project Company,ID,Bonneville,MCPC,OP,Onshore Wind Turbine,WT,IPP Non-CHP,2,119.7,115.8,115.8,12,2012,Suzlon,S97,17.9,3,295.3,16-021601
57077,Adams Electric Cooperative,57767,Brown County Wind Turbine,IL,Brown,1,OP,Onshore Wind Turbine,WT,Electric Utility,1,1.5,1.5,1.5,9,2011,VENSYS,VENSYS 77,16.5,2,281,17-021816
57122,Lime Wind LLC,57803,Lime Wind,OR,Baker,T1-6,OP,Onshore Wind Turbine,WT,IPP Non-CHP,2,3.0,3.0,3.0,12,2011,Nordtank,NTK 500/14,16.3,2,120,
57127,GL Wind LLC,57813,GL Wind,MN,Winona,TURB1,OP,Onshore Wind Turbine,WT,IPP Non-CHP,2,2.5,2.4,2.4,12,2011,Clipper,C96,15,2,262,27-021658
57127,GL Wind LLC,57813,GL Wind,MN,Winona,TURB2,OP,Onshore Wind Turbine,WT,IPP Non-CHP,2,2.5,2.4,2.4,12,2011,Clipper,C96,15,2,262,27-021683
57138,University of Minnesota WCROC,57823,WCROC Wind Farm,MN,Stevens,WTG1,OP,Onshore Wind Turbine,WT,IPP Non-CHP,2,1.7,0.4,0.7,3,2005,Vestas,V82,18,2,235,27-002446
57149,Rippey Wind Energy LLC,57830,Rippey Wind Farm,IA,Greene,NORD,OP,Onshore Wind Turbine,WT,IPP Non-CHP,2,50.0,50.0,50.0,8,2012,Nordex,N100,19,3,328,19-022362
57150,Bethel Wind Energy LLC,57832,Hawkeye Wind Farm,IA,Bremer,NORD,OP,Onshore Wind Turbine,WT,IPP Non-CHP,2,36.0,36.0,36.0,10,2012,Nordex,N100,19,3,328,19-022355
57157,Wolf Wind Project,56586,Sunset Breeze LLC,MN,Nobles,1,OP,Onshore Wind Turbine,WT,IPP Non-CHP,2,1.3,1.3,1.3,5,2006,Suzlon,S-64,17.9,2,241.1,27-020523
57157,Wolf Wind Project,56587,Minnesota Breeze LLC,MN,Nobles,1,OP,Onshore Wind Turbine,WT,IPP Non-CHP,2,1.3,1.3,1.3,5,2006,Suzlon,S-64,17.9,2,241.1,27-020525
57157,Wolf Wind Project,56588,G Flow Wind LLC,MN,Nobles,1,OP,Onshore Wind Turbine,WT,IPP Non-CHP,2,1.3,1.3,1.3,5,2006,Suzlon,S-64,17.9,2,241.1,27-002800
57157,Wolf Wind Project,56589,Wolf Wind Enterprises LLC,MN,Nobles,1,OP,Onshore Wind Turbine,WT,IPP Non-CHP,2,1.3,1.3,1.3,5,2006,Suzlon,S-64,17.9,2,241.1,27-020525
57157,Wolf Wind Project,56590,Green Acres Breeze LLC,MN,Nobles,1,OP,Onshore Wind Turbine,WT,IPP Non-CHP,2,1.3,1.3,1.3,5,2006,Suzlon,S-64,17.9,2,241.1,27-020524
57158,Ewington Wind Project,56624,BC Energy LLC,MN,Jackson,1,OP,Onshore Wind Turbine,WT,IPP Non-CHP,2,4.0,4.0,4.0,1,2008,Suzlon,S-88,17.8,2,259.2,27-002837
57158,Ewington Wind Project,56625,KC Energy LLC,MN,Jackson,1,OP,Onshore Wind Turbine,WT,IPP Non-CHP,2,4.0,4.0,4.0,1,2008,Suzlon,S-88,17.8,2,259.2,27-020052
57158,Ewington Wind Project,56626,K&D Energy LLC,MN,Jackson,1,OP,Onshore Wind Turbine,WT,IPP Non-CHP,2,4.0,4.0,4.0,1,2008,Suzlon,S-88,17.8,2,259.2,27-020063
57158,Ewington Wind Project,56627,KSS Turbines LLC,MN,Jackson,1,OP,Onshore Wind Turbine,WT,IPP Non-CHP,2,4.0,4.0,4.0,1,2008,Suzlon,S-88,17.8,2,259.2,27-002838
57170,"EDF Renewable Asset Holdings, Inc.",10815,Difwind Farms Ltd VII,CA,Alameda,GEN1,OP,Onshore Wind Turbine,WT,IPP Non-CHP,2,24.0,21.0,21.0,1,1987,Nordtank,120 kW, , ,106.6,
57170,"EDF Renewable Asset Holdings, Inc.",54453,EDF Renewable Windfarm V Inc,CA,Solano,GEN2,OP,Onshore Wind Turbine,WT,IPP Non-CHP,2,16.2,16.2,16.2,1,1990,GE,1.5 SLE,19,2,262.5,
57170,"EDF Renewable Asset Holdings, Inc.",54686,Difwind Farms Ltd VI,CA,Kern,EXIS,OP,Onshore Wind Turbine,WT,IPP Non-CHP,2,27.1,25.3,25.3,1,1987,Micon,108, , ,131.2,
57170,"EDF Renewable Asset Holdings, Inc.",54687,Difwind Farms Ltd VIII,CA,Kern,EXIS,OP,Onshore Wind Turbine,WT,IPP Non-CHP,2,15.0,15.0,15.0,1,1987,Nordtank,150, , ,131.2,
57170,"EDF Renewable Asset Holdings, Inc.",55980,Champepaden Wind Power,MN,Murray,1,OP,Onshore Wind Turbine,WT,IPP Non-CHP,2,2.0,2.0,2.0,12,2001,Vestas,V47,33.5,1,213.3,
57170,"EDF Renewable Asset Holdings, Inc.",55981,Moulton Wind Power,MN,Murray,1,OP,Onshore Wind Turbine,WT,IPP Non-CHP,2,2.0,2.0,2.0,12,2001,Vestas,V47,22.4,2,213.3,
57170,"EDF Renewable Asset Holdings, Inc.",56142,"Chanarambie Power Partners, LLC",MN,Murray,WND1,OP,Onshore Wind Turbine,WT,IPP Non-CHP,2,85.5,85.5,85.5,12,2003,GE,1.5,19,2,262.5,20-04305
57170,"EDF Renewable Asset Holdings, Inc.",56153,Viking Wind Partners,MN,Murray,1,OP,Onshore Wind Turbine,WT,IPP Non-CHP,2,12.0,12.0,12.0,12,2003,GE,1.5,19,2,262.5,
57170,"EDF Renewable Asset Holdings, Inc.",56302,Oasis Wind,CA,Kern,1,OP,Onshore Wind Turbine,WT,IPP Non-CHP,2,60.0,60.0,60.0,12,2004,Mitsubishi,MWT1000,19,2,196.9,
57170,"EDF Renewable Asset Holdings, Inc.",56447,Hawi  Wind Farm,HI,Hawaii,V-47,OP,Onshore Wind Turbine,WT,IPP Non-CHP,2,10.6,10.6,10.6,5,2006,Vestas,V47,22.4,1,131.2,
57170,"EDF Renewable Asset Holdings, Inc.",56617,Fenton Wind Farm,MN,Murray,1,OP,Onshore Wind Turbine,WT,IPP Non-CHP,2,205.5,205.5,205.5,9,2007,GE,1.5 SLE,19,2,262.5,20-14124
57170,"EDF Renewable Asset Holdings, Inc.",56874,Shiloh Wind Project 2 LLC,CA,Solano,TBD,OP,Onshore Wind Turbine,WT,IPP Non-CHP,2,150.0,150.0,150.0,1,2009,Siemens,MM92,19,2,262.5,
57170,"EDF Renewable Asset Holdings, Inc.",56876,Wapsipinicon Wind Project,MN,Mower,TBD,OP,Onshore Wind Turbine,WT,IPP Non-CHP,2,100.5,100.5,100.5,2,2009,GE,1.5 SLE,19,2,262.5,
57170,"EDF Renewable Asset Holdings, Inc.",56878,Hoosier Wind Project LLC,IN,Benton,TBD,OP,Onshore Wind Turbine,WT,IPP Non-CHP,2,106.0,106.0,106.0,11,2009,Senvion,MM92,19,2,257.5,
57170,"EDF Renewable Asset Holdings, Inc.",57268,Chestnut Flats Wind Farm,PA,BLAIR,1,OP,Onshore Wind Turbine,WT,IPP Non-CHP,2,38.0,38.0,38.0,12,2011,Gamesa,G87/G90,19,2,328.1,
57170,"EDF Renewable Asset Holdings, Inc.",57374,Lakefield Wind Project LLC,MN,Jackson,LAKE1,OP,Onshore Wind Turbine,WT,IPP Non-CHP,2,205.5,205.5,205.5,10,2011,GE,1.5,19,2,262.5,
57170,"EDF Renewable Asset Holdings, Inc.",57586,Shiloh III Wind Project LLC,CA,Solano,1,OP,Onshore Wind Turbine,WT,IPP Non-CHP,2,102.5,102.5,100.0,12,2011,Siemens,MM92,19,2,262.5,
57170,"EDF Renewable Asset Holdings, Inc.",57725,Shiloh IV Wind Project LLC,CA,Solano,1,OP,Onshore Wind Turbine,WT,IPP Non-CHP,2,101.3,101.3,101.3,12,2012,Siemens,MM 92,19,2,257.5,
57170,"EDF Renewable Asset Holdings, Inc.",57757,Pacific Wind LLC,CA,Kern,1,OP,Onshore Wind Turbine,WT,IPP Non-CHP,2,151.7,140.0,140.0,8,2012,Siemens,MM92,19,2,257.5,
57170,"EDF Renewable Asset Holdings, Inc.",57973,Spinning Spur Wind LLC,TX,Oldham,GEN1,OP,Onshore Wind Turbine,WT,IPP Non-CHP,2,161.0,161.0,161.0,11,2012,Siemens,2.3,19,2,262.5,
57170,"EDF Renewable Asset Holdings, Inc.",57974,Bobcat Bluff Wind Project LLC,TX,Archer,GEN1,OP,Onshore Wind Turbine,WT,IPP Non-CHP,2,150.0,150.0,150.0,12,2012,GE,1.5 SLE,19,2,262.5,
57170,"EDF Renewable Asset Holdings, Inc.",57975,Spearville 3 LLC,KS,Ford,GEN1,OP,Onshore Wind Turbine,WT,IPP Non-CHP,2,108.0,108.0,108.0,10,2012,GE,1.6,19,2,262.5,20-13079
57170,"EDF Renewable Asset Holdings, Inc.",58773,TX Hereford Wind,TX,Deaf Smith,GEN1,OP,Onshore Wind Turbine,WT,IPP Non-CHP,2,200.0,200.0,200.0,12,2014,GE,1.85,19,2,262.5,
57170,"EDF Renewable Asset Holdings, Inc.",58774,Spinning Spur Wind II,TX,Oldham,GEN1,OP,Onshore Wind Turbine,WT,IPP Non-CHP,2,161.0,161.0,161.0,7,2014,GE,1.85,19,2,262.5,
57171,Franklin County Wind LLC,57844,Franklin County Wind Farm,IA,Franklin,1,OP,Onshore Wind Turbine,WT,IPP Non-CHP,2,99.0,99.0,99.0,12,2012,Vestas,V82,17.7,2,262,2011-WTE-6355-OE
57191,Caney River Wind Project,57858,Caney River Wind Project,KS,Elk,1,OP,Onshore Wind Turbine,WT,IPP Non-CHP,2,200.0,200.0,200.0,11,2011,Vestas,V90,23,2,344,?
57202,E&E Enterprises LLC,56215,Allendorf,IA,Osceola,A1,OP,Onshore Wind Turbine,WT,IPP Non-CHP,2,1.2,1.4,1.4,10,1998,NEG-Micon,M1500/600,18,1,165,
57215,Regents of the University of Minnesota,57880,Eolos Wind Energy Research Field Station,MN,Dakota,1,OP,Onshore Wind Turbine,WT,IPP Non-CHP,2,2.5,2.5,2.5,10,2011,Clipper,C96,19,2,262.5,27-026264
57256,Harvest II Windfarm LLC,57888,Harvest II Windfarm,MI,Huron,1,OP,Onshore Wind Turbine,WT,IPP Non-CHP,2,59.4,59.4,59.4,11,2012,Vestas,V-100,16.4,3,311.7,26-024390
57257,Wildcat Wind LLC,57887,Wildcat Wind,NM,Lea,1,OP,Onshore Wind Turbine,WT,IPP Non-CHP,2,27.3,27.3,27.3,7,2012,Suzlon,S-97,18.2,3,295.3,35-021404
57333,Musselshell Wind Project LLC,57963,Musselshell Wind Project,MT,Wheatland,MS01,OP,Onshore Wind Turbine,WT,IPP Non-CHP,2,10.0,2.3,3.8,12,2012,Goldwind,GW87/1500,22,3,246,30-020580
57337,Aegis Renewables LLC,57427,Ryegrass Windfarm,ID,Elmore,1,OP,Onshore Wind Turbine,WT,IPP Non-CHP,2,23.0,23.0,23.0,12,2012,Siemens,SWT 2.3 101,13.4,2,262,16-021550
57337,Aegis Renewables LLC,57428,Hammett Hill Windfarm,ID,Elmore,1,OP,Onshore Wind Turbine,WT,IPP Non-CHP,2,23.0,23.0,23.0,12,2012,Siemens,SWT 2.3 101,13.4,2,262,16-021560
57337,Aegis Renewables LLC,57429,Mainline Windfarm,ID,Elmore,1,OP,Onshore Wind Turbine,WT,IPP Non-CHP,2,23.0,23.0,23.0,12,2012,Siemens,SWT 2.3 101,13.4,2,262,16-021497
57337,Aegis Renewables LLC,57430,Desert Meadow Windfarm,ID,Elmore,1,OP,Onshore Wind Turbine,WT,IPP Non-CHP,2,23.0,23.0,23.0,12,2012,Siemens,SWT 2.3 101,13.4,2,262,16-021532
57337,Aegis Renewables LLC,57431,Cold Springs Windfarm,ID,Elmore,1,OP,Onshore Wind Turbine,WT,IPP Non-CHP,2,23.0,23.0,23.0,12,2012,Siemens,SWT 2.3 101,13.4,2,262,   2012-WTW-7187-OE
57337,Aegis Renewables LLC,57444,Two Ponds Windfarm,ID,Elmore,1,OP,Onshore Wind Turbine,WT,IPP Non-CHP,2,23.0,23.0,23.0,12,2012,Siemens,STW 2.3 101,13.4,2,262,16-021513
57338,Musselshell Wind Project Two LLC,57965,Musselshell Wind Project Two LLC,MT,Wheatland,MS02,OP,Onshore Wind Turbine,WT,IPP Non-CHP,2,10.0,2.3,3.8,12,2012,Goldwind,GW87/1500,22,3,246,30-020607
57340,Cashton Greens Wind Farm LLC,57968,Cashton Greens Wind Farm,WI,Monroe,CGWF,OP,Onshore Wind Turbine,WT,IPP Non-CHP,2,5.0,4.8,4.8,5,2012,Clipper,C96,15,2,328,55-020924
57355,Stephens Ranch Wind Energy LLC,57983,Stephens Ranch Wind Energy LLC,TX,Borden,1,OP,Onshore Wind Turbine,WT,IPP Non-CHP,2,211.0,211.0,211.0,12,2014,GE,1.79-100,17.9,2,262.5,48-032019
57363,Canadian Hills Wind LLC,57987,Canadian Hills Wind,OK,Canadian,1,OP,Onshore Wind Turbine,WT,IPP Non-CHP,2,298.5,298.5,298.5,12,2012,REpower,MM92,19,3,273,40-025707
57370,NaturEner Rim Rock Energy LLC,57995,NaturEner Rim Rock Energy,MT,Toole,RR,OP,Onshore Wind Turbine,WT,IPP Non-CHP,2,189.0,184.6,184.6,12,2012,Acciona,AW 1.5,18,2,264,30-020488
57372,Auwahi Wind Energy LLC,57996,Auwahi Wind Energy,HI,Maui,AWET,OP,Onshore Wind Turbine,WT,IPP Non-CHP,2,24.0,24.0,24.0,12,2012,Siemens,SWT-3.0-101,24.6,1,261,2011-WTW-6000-OE
57378,Granite Reliable Power,58004,Granite Reliable Power,NH,Coos,1,OP,Onshore Wind Turbine,WT,IPP Non-CHP,2,99.0,99.0,99.0,2,2012,Vestas,V90,19.5,2,266.7,33-022373
57395,Shooting Star Wind Project LLC,58018,Shooting Star Wind Project LLC,KS,Kiowa,1,OP,Onshore Wind Turbine,WT,IPP Non-CHP,2,104.0,104.0,104.0,9,2012,GE,1.6-82.5,20.4,2,262.5,20-021772
57396,High Mesa Energy LLC,58019,High Mesa Energy LLC,ID,Twin Falls,1,OP,Onshore Wind Turbine,WT,IPP Non-CHP,2,40.0,40.0,40.0,12,2012,Suzlon,S-97,14.7,3,295.3,16-021589
57397,Beebe Renewable Energy LLC,58020,Beebe Renewable Energy LLC,MI,Gratiot,1,OP,Onshore Wind Turbine,WT,IPP Non-CHP,2,81.6,81.6,81.6,12,2012,Nordex,N117,14.9,3,298.6,26-021115
57398,Whitetail Wind Energy LLC,58021,Whitetail Wind Energy LLC,TX,Webb,1,OP,Onshore Wind Turbine,WT,IPP Non-CHP,2,92.0,92.0,92.0,12,2012,GE,1.6-82.5,17.5,2,262.5,48-031262
57401,Mt Wachusett Community College,58025,Mt Wachusett Community College,MA,Worcester,WTG1,OP,Onshore Wind Turbine,WT,Commercial Non-CHP,4,1.7,1.7,1.7,3,2011,Vestas,V82,12.3,3,262,25-021978
57401,Mt Wachusett Community College,58025,Mt Wachusett Community College,MA,Worcester,WTG2,OP,Onshore Wind Turbine,WT,Commercial Non-CHP,4,1.7,1.7,1.7,3,2011,Vestas,V82,12.3,3,262,25-021982
57402,Spruce Mountain Wind LLC,58026,Spruce Mountain WInd,ME,Oxford,1,OP,Onshore Wind Turbine,WT,IPP Non-CHP,2,20.0,20.0,20.0,12,2011,Gamesa,G90,19,1,256,23-021759
57409,Buffalo Center Wind LLC,58038,Buffalo Center Wind LLC,IA,Mitchell,BCW,OP,Onshore Wind Turbine,WT,IPP Non-CHP,2,1.5,1.5,1.5,11,2011,Goldwind,1.5 mw,16,2,275,19-022308
57412,Chisholm View Wind Project,58041,Chisholm View Wind Project,OK,Garfield,1,OP,Onshore Wind Turbine,WT,IPP Non-CHP,2,235.2,235.2,235.2,12,2012,GE,1.68,24,2,328,
57416,Anchor Wind LLC,58044,Pioneer Grove Wind Farm,IA,Cedar,GEN1,OP,Onshore Wind Turbine,WT,IPP Non-CHP,2,6.0,4.5,4.5,12,2012,Acciona,AW3000,4.5,2,328,19-022574
57417,Zephyr Wind LLC,58045,Community Wind South,MN,Nobles,GEN1,OP,Onshore Wind Turbine,WT,IPP Non-CHP,2,30.0,30.0,30.0,12,2012,REpower,MM92,20,2,328,27-021681
57421,BayWa r.e Wind LLC,58048,BayWa r.e Mozart LLC,TX,Kent,1,OP,Onshore Wind Turbine,WT,IPP Non-CHP,2,30.0,30.0,30.0,12,2012,Nordex,N100,19,2,262,2012-WTW-7642-OE
57421,BayWa r.e Wind LLC,58233,Wagner Wind LLC,CA,Riverside,GEN1,OP,Onshore Wind Turbine,WT,IPP Non-CHP,2,6.0,6.0,6.0,12,2012,Vestas,V90,22.3,1,262,06-023364
57421,BayWa r.e Wind LLC,58464,Broadview Energy Prime LLC,NM,Curry,0001,OP,Onshore Wind Turbine,WT,IPP Non-CHP,2,9.9,9.9,9.9,2,2014,Vestas,V82,19,1,262,35-022529
57421,BayWa r.e Wind LLC,58465,Broadview Energy Prime 2 LLC,NM,Curry,0002,OP,Onshore Wind Turbine,WT,IPP Non-CHP,2,9.9,9.9,9.9,2,2014,Vestas,V82,19,1,262,35-022535
57421,BayWa r.e Wind LLC,58939,Anderson Wind I,NM,Chaves,AND1,OP,Onshore Wind Turbine,WT,IPP Non-CHP,2,5.0,5.0,5.0,12,2014,Vestas,V82,19,2,262,2014-WTW-658-OE
57421,BayWa r.e Wind LLC,58940,Anderson Wind II,NM,Chaves,AND2,OP,Onshore Wind Turbine,WT,IPP Non-CHP,2,10.0,10.0,10.0,12,2014,Vestas,V100,19,2,262,2014-WTW-661-OE
57443,MWRA Charlestown,58065,Charlestown Wind Turbine,MA,Suffolk,CWT1,OP,Onshore Wind Turbine,WT,IPP Non-CHP,2,1.5,1.5,1.5,10,2011,Sinovel,SL1500/82,10.8,3,230,25-022118
57444,5045 Wind Partners LLC,58071,Windwalkers LLC,IA,Worth,1,OP,Onshore Wind Turbine,WT,IPP Non-CHP,2,1.6,1.6,1.6,9,2011,GE,1.6MW 82.5,17,1,265,2009-WTE-9142-OE
57444,5045 Wind Partners LLC,58089,Roeder Family Wind Farm LLC,IA,Worth,1,OP,Onshore Wind Turbine,WT,IPP Non-CHP,2,1.6,1.6,1.6,9,2011,GE,1.6 82.5,17,1,265,2009-WTE-536-OE
57451,Rocky Ridge Wind Project LLC,58078,Rocky Ridge Wind Project,OK,Kiowa,GE 1.,OP,Onshore Wind Turbine,WT,IPP Non-CHP,2,148.8,148.8,148.8,6,2012,GE,1.62,24,2,328,
57460,NextEra Wolf Ridge LLC,58080,Wolf Ridge Wind,TX,Cooke,1,OP,Onshore Wind Turbine,WT,IPP Non-CHP,2,112.5,112.5,112.5,8,2008,GE,GE 1.5 XLE,16.8,3,262.5,48-009119
57469,Stony Creek Wind Farm NY,58088,Stony Creek Wind Farm NY,NY,Wyoming,1,OP,Onshore Wind Turbine,WT,IPP Non-CHP,2,94.4,94.4,94.4,11,2013,GE,GE 1.62MW,15.9,3,262.5,36-028942
57476,Foundation CA Fund VI Manager LLC,58101,Foundation Cemex River Plant,CA,San Bernardino,WTG1,OP,Onshore Wind Turbine,WT,IPP Non-CHP,2,1.6,1.6,1.6,12,2012,GE,GE 1.6 XLE,11.2,4,262,06-023238
57476,Foundation CA Fund VI Manager LLC,58101,Foundation Cemex River Plant,CA,San Bernardino,WTG2,OP,Onshore Wind Turbine,WT,IPP Non-CHP,2,1.6,1.6,1.6,12,2012,GE,GE 1.6 XLE,11.2,4,262,06-023239
57476,Foundation CA Fund VI Manager LLC,58102,Foundation Cemex BMQ,CA,San Bernardino,WTG1,OP,Onshore Wind Turbine,WT,IPP Non-CHP,2,1.5,1.5,1.5,12,2012,GE,GE 1.5 SLE,13.4,4,213,2012-WTW-182-OE
57476,Foundation CA Fund VI Manager LLC,58102,Foundation Cemex BMQ,CA,San Bernardino,WTG2,OP,Onshore Wind Turbine,WT,IPP Non-CHP,2,1.5,1.5,1.5,12,2012,GE,GE 1.5 SLE,13.4,4,213,2012-WTW-374-OE
57476,Foundation CA Fund VI Manager LLC,58104,Foundation Superior Farms,CA,Solano,WTG1,OP,Onshore Wind Turbine,WT,Industrial Non-CHP,6,1.0,1.0,1.0,12,2012,Mitsubishi,MWT-1000A,13.9,4,180,2011-WTW-4978-OE
57476,Foundation CA Fund VI Manager LLC,58105,Foundation Wal-Mart Red Bluff,CA,Tehama,WTG1,OP,Onshore Wind Turbine,WT,Commercial Non-CHP,4,1.0,1.0,1.0,9,2012,GE,GE 1.5 SLE,21,4,213,2010-WTW-16389-OE
57480,Heritage Garden Wind Farm I LLC,58103,Heritage Garden Wind Farm I LLC,MI,Delta,1,OP,Onshore Wind Turbine,WT,IPP Non-CHP,2,28.0,28.0,28.0,9,2012,Gamesa,G97,16.2,2,288,26-020906
57480,Heritage Garden Wind Farm I LLC,58891,"Big Turtle Wind Farm, LLC",MI,Huron,BTWF1,OP,Onshore Wind Turbine,WT,IPP Non-CHP,2,20.0,20.0,20.0,12,2014,Gamesa,G114,16.7,2,305,2013-WTE-4992-OE
57484,"Foundation CA Fund V Manager, LLC",58112,Foundation Cemex Madison,CA,Yolo,WTG1,OP,Onshore Wind Turbine,WT,IPP Non-CHP,2,1.0,1.0,1.0,8,2012,GE,GE SLE 1.5,21,4,213,2011-WTW-7106-OE
57484,"Foundation CA Fund V Manager, LLC",58113,Foundation RRM,CA,Riverside,WTG1,OP,Onshore Wind Turbine,WT,IPP Non-CHP,2,1.0,1.0,1.0,12,2012,GE,GE 1.5 SLE,21,1,213,2011-WTW-6359-OE
57484,"Foundation CA Fund V Manager, LLC",58113,Foundation RRM,CA,Riverside,WTG2,OP,Onshore Wind Turbine,WT,IPP Non-CHP,2,1.0,1.0,1.0,12,2012,GE,GE 1.5 SLE,21,1,213,2011-WTW-6360-OE
57484,"Foundation CA Fund V Manager, LLC",58114,Foundation NWNA,CA,Riverside,WTG1,OP,Onshore Wind Turbine,WT,IPP Non-CHP,2,1.6,1.6,1.6,12,2012,GE,GE 1.6 XLE,20.4,1,262,2011-WTW-10500
57484,"Foundation CA Fund V Manager, LLC",58114,Foundation NWNA,CA,Riverside,WTG2,OP,Onshore Wind Turbine,WT,IPP Non-CHP,2,1.6,1.6,1.6,12,2012,GE,GE 1.6 XLE,20.4,1,262,06-023296
57493,MidAmerican Renewables LLC,57834,Pinyon Pine I,CA,Kern,AW07,OP,Onshore Wind Turbine,WT,IPP Non-CHP,2,168.0,168.0,168.0,11,2012,Vestas,V-90,18.7,2,262.5,06-023300
57493,MidAmerican Renewables LLC,57837,Pinyon Pine II,CA,Kern,AW09,OP,Onshore Wind Turbine,WT,IPP Non-CHP,2,132.0,132.0,132.0,11,2012,Vestas,V-90,18.6,2,262.5,06-023348
57493,MidAmerican Renewables LLC,58111,Bishop Hill II Wind Farm,IL,Henry,1,OP,Onshore Wind Turbine,WT,IPP Non-CHP,2,81.0,81.0,81.0,10,2012,GE,1.6 100/100,16.8,3,328,17-022110
57503,Limon,58126,Limon Wind I,CO,Lincoln,1,OP,Onshore Wind Turbine,WT,IPP Non-CHP,2,200.0,200.0,200.0,11,2012,GE,1.6,17,3,262,W5DW
57503,Limon,58127,Limon Wind II,CO,Lincoln,1,OP,Onshore Wind Turbine,WT,IPP Non-CHP,2,200.0,200.0,200.0,11,2012,GE,GE 1.6,14.7,3,262,08-021060
57503,Limon,59083,Limon III Wind LLC,CO,Lincoln,WT1,OP,Onshore Wind Turbine,WT,IPP Non-CHP,2,200.6,200.6,200.6,8,2014,GE,GE 1.6,17,3,262,
58090,NextEra Energy Resources Ensign Wind,58137,Ensign Wind LLC,KS,Gray,1,OP,Onshore Wind Turbine,WT,IPP Non-CHP,2,98.9,98.9,98.9,11,2012,Siemens,Siemens 2.3,19,2,262.5,20-024457
58121,North Sky River Energy LLC,58154,North Sky River Energy LLC,CA,Kern,GEN1,OP,Onshore Wind Turbine,WT,IPP Non-CHP,2,162.0,162.0,162.0,12,2012,GE,GE 1.6 ESS_XLE,16.8,3,286,06-025007
58132,Perrin Ranch Wind LLC,58155,Perrin Ranch Wind LLC,AZ,Coconino,GEN1,OP,Onshore Wind Turbine,WT,IPP Non-CHP,2,99.2,99.2,99.2,1,2012,GE,GE 1.6 ESS-XLE,16.8,3,262.5,04-020393
58134,Cirrus Wind 1 LLC,58162,Cirrus Wind 1 LLC,TX,Lynn,CW,OP,Onshore Wind Turbine,WT,IPP Non-CHP,2,61.2,61.2,61.2,12,2012,CCWE,CCWE3600HD,6.7,2,279,2012-WTW-498-OE
58143,Cimarron Wind Energy LLC,57762,Cimarron Wind Energy LLC,KS,Gray,CPV1,OP,Onshore Wind Turbine,WT,IPP Non-CHP,2,165.6,165.6,165.6,11,2012,Siemens,2.3,14,3,297,20-023404
58150,Big Blue Wind Farm LLC,57289,Big Blue,MN,Faribault,BBWP,OP,Onshore Wind Turbine,WT,IPP Non-CHP,2,36.0,36.0,36.0,12,2012,Gamesa,G97-2.0 MW,19,2,255.9,27-021561
58180,"Blackwell Wind, LLC",58209,"NextEra-Blackwell Wind, LLC",OK,Kay,WT,OP,Onshore Wind Turbine,WT,IPP Non-CHP,2,59.8,59.8,59.8,12,2012,Siemens,Siemens 2.3,19,2,262.5,40-021939
58187,Haviland Plastic Products Co,58220,Haviland Plastic Products,OH,Paulding,WTGA,OP,Onshore Wind Turbine,WT,Industrial Non-CHP,6,1.5,1.5,1.5,5,2013,Goldwind,GW1500,13,3,263,3266
58187,Haviland Plastic Products Co,58220,Haviland Plastic Products,OH,Paulding,WTGB,OP,Onshore Wind Turbine,WT,Industrial Non-CHP,6,1.5,1.5,1.5,5,2013,Goldwind,GW1500,13,3,263,3267
58187,Haviland Plastic Products Co,58220,Haviland Plastic Products,OH,Paulding,WTGC,OP,Onshore Wind Turbine,WT,Industrial Non-CHP,6,1.5,1.5,1.5,6,2013,Goldwind,GW1500,13,3,263,8323
58190,Bluestem LLC,7771,Springview,NE,Keya Paha,3,OP,Onshore Wind Turbine,WT,IPP Non-CHP,2,1.5,1.5,1.5,6,2011,VENSYS,77,16,1,201,31-000989
58190,Bluestem LLC,7771,Springview,NE,Keya Paha,4,OP,Onshore Wind Turbine,WT,IPP Non-CHP,2,1.5,1.5,1.5,6,2011,VENSYS,77,16,1,201,31-000989
58208,"Horse Butte Wind I, LLC",57890,"Horse Butte Wind I, LLC",ID,Bonneville,1,OP,Onshore Wind Turbine,WT,Electric Utility,1,57.6,57.6,57.6,8,2012,Vestas,V100,15.4,3,262,16-021476
58212,"Georgia Mountain Community Wind, LLC",58238,Georgia Mountain Community Wind Farm,VT,Chittenden,GMCW,OP,Onshore Wind Turbine,WT,IPP Non-CHP,2,10.0,10.0,10.0,12,2012,Goldwind,GW2.5PMDD100,17.5,2,262,12003-12006
58270,GE Wind Energy LLC,57566,GE 1 6 100 Prototype,CA,Kern,1.7SF,OP,Onshore Wind Turbine,WT,IPP Non-CHP,2,1.8,1.8,1.8,5,2014,GE,1.79-100,17.9,2,314.9,0
58298,FPL Energy Stateline II Inc,58324,Vansycle II Wind Energy Center,OR,Umatilla,SIE23,OP,Onshore Wind Turbine,WT,IPP Non-CHP,2,98.9,98.9,98.9,12,2009,Siemens,Siemens 2.3,19,2,262.5,415
58340,Tuscola Bay Wind LLC,58351,Tuscola Bay Wind,MI,Tuscola,GE16,OP,Onshore Wind Turbine,WT,IPP Non-CHP,2,120.0,120.0,120.0,12,2012,GE,GE 1.6 ESS-XLE,16.8,3,262.5,26-002786
58353,NextEra Energy Majestic Wind,56648,Majestic 1 Wind Farm,TX,Carson,1,OP,Onshore Wind Turbine,WT,IPP Non-CHP,2,79.5,79.5,79.5,1,2009,GE,GE 1.5 SLE,19,2,262.5,48-031428
58353,NextEra Energy Majestic Wind,58363,Majestic II Wind,TX,Carson,WND1,OP,Onshore Wind Turbine,WT,IPP Non-CHP,2,79.6,79.6,79.6,8,2012,GE,GE 1.6 ESS-XLE,16.8,3,262.5,48-031434
58360,Blue Summit Wind LLC,58372,Blue Summit Wind LLC,TX,Wilbarger,GEN1,OP,Onshore Wind Turbine,WT,IPP Non-CHP,2,135.4,135.4,135.4,12,2012,GE,GE 1.6ESS/XLE,16.8,3,262.5,48-026964
58388,Pantex (NNSA),58404,Pantex,TX,Carson,1,OP,Onshore Wind Turbine,WT,Commercial Non-CHP,4,11.5,11.5,11.5,6,2014,Siemens,SWT2.3-101,27,2,262.5,48-031428
58389,Luther College Wind Energy Project LLC,58407,Luther College Wind Project,IA,Winneshiek,WTG01,OP,Onshore Wind Turbine,WT,IPP Non-CHP,2,1.6,1.6,1.6,10,2011,GE,1.6xle,16,3,262,19-022082
58412,Headwaters Wind Farm LLC,58416,Headwaters Wind Farm LLC,IN,Randolph,1,OP,Onshore Wind Turbine,WT,IPP Non-CHP,2,200.0,200.0,200.0,12,2014,Vestas,V110,16.7,3,311,2013-WTE-4329-OE
58420,Harbor Wind LLC,58424,Harbor Wind LLC,TX,Nueces,1,OP,Onshore Wind Turbine,WT,IPP Non-CHP,2,9.0,9.0,9.0,2,2012,Guodian United Power,GUP1500-82,16.5,2,262,48-026204
58422,Fire Island Wind LLC,58425,Fire Island Wind,AK,Anchorage,WT1,OP,Onshore Wind Turbine,WT,IPP Non-CHP,2,18.0,18.0,18.0,9,2012,GE,1.6 XLE,16.1,4,262,2012-WTW-9938-OE
58430,Gamesa Wind US LLC,58441,Swauk Wind LLC,WA,Kittitas,SW,OP,Onshore Wind Turbine,WT,IPP Non-CHP,2,4.3,4.3,4.3,12,2012,Gamesa,G5X-850kW,19,3,180,53-021720
58439,Junction Hilltop Management LLC,58444,Junction Hilltop Wind Farm,IA,Greene,JHW,OP,Onshore Wind Turbine,WT,IPP Non-CHP,2,8.0,8.0,8.0,3,2012,GE,1.6-82.5,17.6,2,262,19-022413
58444,"Cumberland Rose Wind Energy, LLC",58456,Cumberland Rose,IA,Adair,1,OP,Onshore Wind Turbine,WT,IPP Non-CHP,2,1.6,1.6,1.6,8,2012,GE,1.6-82.5,17,3,262.5,
58445,"Forward Fontanelle Power, LLC",58457,Fontanelle,IA,Adair,1,OP,Onshore Wind Turbine,WT,IPP Non-CHP,2,1.6,1.6,1.6,8,2012,GE,1.6-82.5,17,3,262.5,
58446,"Greenfield Wind Power, LLC",58458,Greenfield Wind,IA,Adair,1,OP,Onshore Wind Turbine,WT,Electric Utility,1,1.6,1.6,1.6,8,2012,GE,1.6-82.5,17,3,262.5,
58447,"Meadow Ridge Wind Energy, LLC",58459,Meadow Ridge,IA,Adair,1,OP,Onshore Wind Turbine,WT,IPP Non-CHP,2,1.6,1.6,1.6,7,2012,GE,1.6-82.5,17,3,262.5,
58448,"Sky Volt, LLC",58460,Sky Volt,IA,Adair,1,OP,Onshore Wind Turbine,WT,IPP Non-CHP,2,1.6,1.6,1.6,8,2012,GE,1.6-82.5,17,3,262.5,
58449,"Wiota Wind Energy, LLC #1",58461,Wiota,IA,Cass,1,OP,Onshore Wind Turbine,WT,IPP Non-CHP,2,1.6,1.6,1.6,5,2012,GE,1.6-82.5,17,3,262.5,
58461,Buffalo Dunes Wind Project LLC,58474,Buffalo Dunes Wind Project,KS,Haskell,GE1,OP,Onshore Wind Turbine,WT,IPP Non-CHP,2,249.8,249.8,249.8,12,2013,GE,1.85,24,2,328,
58488,Alaska Environmental Power,58511,Delta Wind Farm,AK,Southeast Fairbanks,EWT1,OP,Onshore Wind Turbine,WT,IPP Non-CHP,2,0.9,0.9,0.9,10,2009,EWT,73.7,15.1,3,240,2009-WTW-9233-OE
58488,Alaska Environmental Power,58511,Delta Wind Farm,AK,Southeast Fairbanks,EWT2,OP,Onshore Wind Turbine,WT,IPP Non-CHP,2,0.9,0.9,0.9,9,2013,EWT,73.7,15.1,3,240,2012-TWT-5225-OE
58488,Alaska Environmental Power,58511,Delta Wind Farm,AK,Southeast Fairbanks,NW1,OP,Onshore Wind Turbine,WT,IPP Non-CHP,2,0.1,0.1,0.1,9,2008,Southwest Windpower,100,15.1,3,120,02-020099
58520,"Huerfano River Wind, LLC",58548,Huerfano River Wind,CO,Huerfano,WTG1,OP,Onshore Wind Turbine,WT,IPP Non-CHP,2,2.0,2.0,2.0,10,2013,SANY,SE10020IIIE-3,16.8,3,262,2102-WTW-9917
58520,"Huerfano River Wind, LLC",58548,Huerfano River Wind,CO,Huerfano,WTG2,OP,Onshore Wind Turbine,WT,IPP Non-CHP,2,2.0,2.0,2.0,10,2013,SANY,SE10020IIIE-3,16.8,3,262,2102-WTW-9918
58520,"Huerfano River Wind, LLC",58548,Huerfano River Wind,CO,Huerfano,WTG3,OP,Onshore Wind Turbine,WT,IPP Non-CHP,2,2.0,2.0,2.0,10,2013,SANY,SE10020IIIE-3,16.8,3,262,2102-WTW-9919
58520,"Huerfano River Wind, LLC",58548,Huerfano River Wind,CO,Huerfano,WTG4,OP,Onshore Wind Turbine,WT,IPP Non-CHP,2,2.0,2.0,2.0,10,2013,SANY,SE10020IIIE-3,16.8,3,262,2102-WTW-9920
58528,NextEra Energy Operating Services LLC,56093,TransAlta Wyoming Wind,WY,Uinta,GE15,OP,Onshore Wind Turbine,WT,IPP Non-CHP,2,144.0,144.0,144.0,12,2003,Vestas,V80,20,1,240,unknown
58539,Pheasant Run Wind LLC,58580,Pheasant Run Wind LLC,MI,Huron,1,OP,Onshore Wind Turbine,WT,IPP Non-CHP,2,74.8,74.8,74.8,12,2013,GE,1.7 XLE,16.8,3,262,26-021056
58545,Tuscola Wind II LLC,58587,Tuscola Wind II LLC,MI,Tuscola,1,OP,Onshore Wind Turbine,WT,IPP Non-CHP,2,100.3,100.3,100.3,11,2013,GE,GE 1.7 ESS,16.8,3,262.5,26-002786
58551,Steele Flats Wind Project LLC,58594,Steele Flats Wind Project LLC,NE,Jefferson,1,OP,Onshore Wind Turbine,WT,IPP Non-CHP,2,74.8,74.8,74.8,10,2013,GE,GE 1.7 ESS,16.8,3,262.5,31-023735
58582,RP Wind LLC,58630,RP Wind,OH,Logan,RPOH,OP,Onshore Wind Turbine,WT,IPP Non-CHP,2,3.4,3.4,3.4,12,2013,Gamesa,G97,17,2,262,39-025138
58604,US Air Force,58661,Cape Cod Air Force Station - 6 SWS,MA,Barnstable,GE-3,OP,Onshore Wind Turbine,WT,Commercial Non-CHP,4,1.7,1.7,1.7,1,2014,GE,1.68-82.5,19,2,262,25-025115
58604,US Air Force,58661,Cape Cod Air Force Station - 6 SWS,MA,Barnstable,GE-4,OP,Onshore Wind Turbine,WT,Commercial Non-CHP,4,1.7,1.7,1.7,1,2014,GE,1.68-82.5,19,2,262,25-025116
58672,Everpower Wind Holdings Inc,57135,Big Sky Wind LLC,IL,Bureau,1,OP,Onshore Wind Turbine,WT,IPP Non-CHP,2,240.0,240.0,240.0,2,2011,Suzlon,S-88 V3 2.1 MW,19,2,262,17-021440
58672,Everpower Wind Holdings Inc,57139,Highland Wind Project (PA),PA,Cambria,1,OP,Onshore Wind Turbine,WT,IPP Non-CHP,2,62.5,62.5,62.5,8,2009,Nordex,N90,22,1,262.5,42-020418
58672,Everpower Wind Holdings Inc,57833,Mustang Hills LLC,CA,Kern,AW06,OP,Onshore Wind Turbine,WT,IPP Non-CHP,2,150.0,150.0,150.0,5,2012,Vestas,"Vestas, V90/3MW",22.4,1,262.5,2011-WTW-10976-OE
58672,Everpower Wind Holdings Inc,57867,Howard Wind Farm,NY,Steuben,1,OP,Onshore Wind Turbine,WT,IPP Non-CHP,2,55.4,51.3,51.3,12,2011,Senvion,MM92,19,3,262.5,2010-WTE-15581-OE
58672,Everpower Wind Holdings Inc,57867,Howard Wind Farm,NY,Steuben,2,OP,Onshore Wind Turbine,WT,IPP Non-CHP,2,4.1,4.1,4.1,12,2012,Senvion,MM92,19,3,262.5,2010-WTE-15581-OE
58672,Everpower Wind Holdings Inc,57991,Highland North Wind Farm,PA,Cambria,1,OP,Onshore Wind Turbine,WT,IPP Non-CHP,2,75.0,75.0,75.0,3,2012,Nordex,N100,18.5,2,328.1,2009-WTE-13254-OE
58672,Everpower Wind Holdings Inc,57998,Twin Ridges Wind Farm,PA,Somerset,1,OP,Onshore Wind Turbine,WT,IPP Non-CHP,2,139.4,139.4,139.4,12,2012,Senvion,MM92,19,2,328.1,2011-WTE-3393-OE
58672,Everpower Wind Holdings Inc,57999,Patton Wind Farm,PA,Cambria,1,OP,Onshore Wind Turbine,WT,IPP Non-CHP,2,30.0,30.0,30.0,12,2012,Gamesa,G97,16.8,3,295.3,2012-WTE-186-OE
58710,Lakeswind Power Partners,58836,Lakeswind Power Partners,MN,Clay,LW1,OP,Onshore Wind Turbine,WT,IPP Non-CHP,2,51.8,50.0,50.0,3,2014,GE,XLE,31,1,80,2011-WTE-22737-OE
58760,FPC Services Inc.,58887,Com Adam 1WF-1,IL,Lee,ADAM,OP,Onshore Wind Turbine,WT,IPP Non-CHP,2,2.5,2.5,2.5,10,2007,Clipper,Liberty,17,3,263,17-003910
58760,FPC Services Inc.,58887,Com Adam 1WF-1,IL,Lee,EVE,OP,Onshore Wind Turbine,WT,IPP Non-CHP,2,2.5,2.5,2.5,10,2007,Clipper,Liberty,17,3,328,17-022051
58784,"Fourmile Wind Energy, LLC",58904,Fourmile Ridge,MD,Garrett,1,OP,Onshore Wind Turbine,WT,IPP Non-CHP,2,40.0,40.0,40.0,12,2014,Nordex,N117,17.2,2,328,24-020817
58785,"Beebe 1B Renewable Energy, LLC",58908,Beebe 1B,MI,Gratiot,1,OP,Onshore Wind Turbine,WT,IPP Non-CHP,2,50.4,50.4,50.4,12,2014,Nordex,N100,15.2,3,299,26-027517
58795,Hamilton Wind Energy LLC,58927,Story City Wind Project,IA,Story,WT01,OP,Onshore Wind Turbine,WT,IPP Non-CHP,2,1.5,1.5,1.5,10,2010,Goldwind,82-1500,23,2,278.9,19-022260
58797,"Norsemen Wind Energy, LLC",58932,Traer Wind Project,IA,Tama,WT01,OP,Onshore Wind Turbine,WT,IPP Non-CHP,2,1.5,1.5,1.5,10,2010,Goldwind,82-1500,23,2,278.9,19-022259
58821,Camelot Wind LLC,58958,Camelot Wind LLC,MA,Plymouth,CMLTW,OP,Onshore Wind Turbine,WT,IPP Non-CHP,2,1.5,1.5,1.5,10,2012,Goldwind,GW82/1500,16,2,229,25-022320
58827,Fairfield Wind Master Tenant LLC,58966,Fairfield Wind,MT,Teton,T 1-6,OP,Onshore Wind Turbine,WT,IPP Non-CHP,2,10.0,10.0,10.0,5,2014,GE,GE 1.7 MW 100m 60Hz,15.6,3,262,30-020690
58828,St. Olaf College,58995,St. Olaf Wind Turbine,MN,Rice,OLFWT,OP,Onshore Wind Turbine,WT,IPP Non-CHP,2,1.6,1.6,1.6,9,2006,Vestas,821.65,14.5,3,270,27-002701
58841,"Broken Bow Wind II, LLC",58981,"Broken Bow Wind II, LLC",NE,Custer,BBII,OP,Onshore Wind Turbine,WT,IPP Non-CHP,2,73.1,73.1,73.1,10,2014,GE,1.7X100,16.8,3,262,31-023870
58844,Dept of Corrections NCCI Wind,58992,Dept of Corrections NCCI Wind,MA,Worcester,WND-1,OP,Onshore Wind Turbine,WT,Commercial Non-CHP,4,1.7,1.7,1.7,11,2013,Vestas,V82-1650,29.1,4,262.4,2008-WTE-4129-OE
58844,Dept of Corrections NCCI Wind,58992,Dept of Corrections NCCI Wind,MA,Worcester,WND-2,OP,Onshore Wind Turbine,WT,Commercial Non-CHP,4,1.7,1.7,1.7,11,2013,Vestas,V82-1650,29.1,4,262.4,2008-WTE-4129-OE
58866,Ipswich Wind Independence,59023,Ipswich Wind Independence,MA,Essex,GEN 1,OP,Onshore Wind Turbine,WT,IPP Non-CHP,2,2.0,2.0,2.0,12,2012,Hyundai,HQ2000,11,3,263,481
58867,Kingston Wind Independence,59022,Kingston Wind Independence,MA,Plymouth,1,OP,Onshore Wind Turbine,WT,IPP Non-CHP,2,2.0,2.0,2.0,5,2012,Hyundai,HQ2000,11,3,263,535
58869,Case Western Reserve University,59024,"Euclid Farm, Stamco N-54",OH,Cuyahoga,N-54,OP,Onshore Wind Turbine,WT,IPP Non-CHP,2,1.0,1.0,1.0,10,2012,Nordex,N-54,20,4,229,39-020731
59044,Windthorst-2 LLC,59238,Windthorst-2,TX,Archer,WND2,OP,Onshore Wind Turbine,WT,IPP Non-CHP,2,67.6,67.6,67.6,9,2014,Siemens,108M,17.5,3,262.4,2013-WTW-3536-OE
59050,Algonquin Power Co,57284,Minonk Wind Farm,IL,Woodford,1,OP,Onshore Wind Turbine,WT,IPP Non-CHP,2,200.0,192.3,192.3,11,2012,Gamesa,G9X-2.0MW,18.3,2,328.1,17-022334
59050,Algonquin Power Co,57285,Sandy Ridge Wind Farm,PA,Blair,1,OP,Onshore Wind Turbine,WT,IPP Non-CHP,2,50.0,48.2,48.2,2,2012,Gamesa,G90-2.0MW,17.6,2,328.1,42-020789
59050,Algonquin Power Co,57964,Shady Oaks Wind Farm,IL,Lee,1,OP,Onshore Wind Turbine,WT,IPP Non-CHP,2,109.5,109.5,109.5,5,2012,Goldwind,GW82-1.5 MW,17,3,328.1,17-022561
59050,Algonquin Power Co,57981,Senate Wind LLC,TX,Jack,GEN1,OP,Onshore Wind Turbine,WT,IPP Non-CHP,2,150.0,150.0,150.0,12,2012,Gamesa,G90-2.0MW,18.1,2,328.1,48-026750
59097,WED NK Green LLC,59295,WED NK Green,RI,Washington,NKG1,OP,Onshore Wind Turbine,WT,IPP Non-CHP,2,1.5,1.5,1.5,3,2012,Goldwind,GW82,17,1,278.8,44-020114
59099,"New Dimension Energy Company, LLC",50001,Altamont Midway Ltd,CA,San Joaquin,WTGS,OP,Onshore Wind Turbine,WT,IPP Non-CHP,2,10.9,10.9,10.9,12,1984,Micon,Micon 108,15,2,75,
59099,"New Dimension Energy Company, LLC",50534,Santa Clara (85C),CA,Alameda,WGNS,OP,Onshore Wind Turbine,WT,IPP Non-CHP,2,18.0,18.0,18.0,1,1986,Vestas,Vestas V17,15,2,80,
59099,"New Dimension Energy Company, LLC",50818,Dyer Road,CA,San Joaquin,GEN1,OP,Onshore Wind Turbine,WT,IPP Non-CHP,2,10.5,10.5,10.5,12,1983,Enertech,Enertech 40,15,2,60,
59099,"New Dimension Energy Company, LLC",54258,Westwind Trust,CA,Riverside,WIN1,OP,Onshore Wind Turbine,WT,IPP Non-CHP,2,16.0,16.0,16.0,9,1986,Micon,Micon 108,15,2,75,
59099,"New Dimension Energy Company, LLC",54681,Difwind Farms Ltd I,CA,Riverside,EXIS,OP,Onshore Wind Turbine,WT,IPP Non-CHP,2,7.3,7.3,7.3,1,1986,Micon,Micon 108,15,2,75,
59099,"New Dimension Energy Company, LLC",54682,Difwind Farms Ltd II,CA,Riverside,EXIS,OP,Onshore Wind Turbine,WT,IPP Non-CHP,2,5.5,5.4,5.4,1,1986,Micon,65,15,2,75,
59099,"New Dimension Energy Company, LLC",54685,Difwind Farms Ltd V,CA,Riverside,EXIS,OP,Onshore Wind Turbine,WT,IPP Non-CHP,2,11.7,11.6,11.6,1,1987,Micon,108s,15,2,75,
59102,Wessington Wind,56650,Wessington Springs,SD,Jerauld,1,OP,Onshore Wind Turbine,WT,IPP Non-CHP,2,51.0,51.0,51.0,2,2009,GE,GE 1.5 SLE,19,2,262.5,42-020134
59115,NextEra Energy Seiling Wind,59311,Seiling Wind I,OK,Dewey,SEIL1,OP,Onshore Wind Turbine,WT,IPP Non-CHP,2,199.0,199.0,199.0,12,2014,GE,GE 1.6 ESS-XLE,16.8,3,262.5,WTW-920-OE
59115,NextEra Energy Seiling Wind,59312,Seiling Wind II,OK,Dewey,SEIL2,OP,Onshore Wind Turbine,WT,IPP Non-CHP,2,98.6,98.6,98.6,12,2014,GE,GE 1.7 ESS-XLE,16.8,3,262.5,WTW-920-OE
59129,"Foundation CA Fund VII Manager, LLC",59328,Golden Acorn Casino,CA,San Diego,GAC1,OP,Onshore Wind Turbine,WT,Commercial Non-CHP,4,1.0,1.0,1.0,7,2014,GE,1.85,16.1,3,262,06-037630
59129,"Foundation CA Fund VII Manager, LLC",59329,City of Soledad Water Reclamation,CA,Monterey,SOL1,OP,Onshore Wind Turbine,WT,IPP Non-CHP,2,1.0,1.0,1.0,11,2014,GE,1.85,14.3,3,262,2012-WTW-754-OE
59129,"Foundation CA Fund VII Manager, LLC",59330,Taylor Farms,CA,Monterey,TAY1,OP,Onshore Wind Turbine,WT,IPP Non-CHP,2,1.0,1.0,1.0,11,2014,GE,1.85,13.2,3,262,06-037682
59129,"Foundation CA Fund VII Manager, LLC",59331,Anheuser-Busch #2,CA,Solano,ANB2,OP,Onshore Wind Turbine,WT,Industrial Non-CHP,6,1.6,1.6,1.6,11,2014,GE,1.85,13.4,3,262,2013-WTW-7671-OE
59155,"First Wind O&M, LLC",56448,Mars Hill Wind Farm Project,ME,Aroostook,1,OP,Onshore Wind Turbine,WT,IPP Non-CHP,2,42.0,42.0,42.0,3,2007,GE,GE 1.5 SLE,19,2,262,23-000474
59155,"First Wind O&M, LLC",56449,Kaheawa Pastures Wind Farm,HI,Maui,1,OP,Onshore Wind Turbine,WT,IPP Non-CHP,2,30.0,30.0,30.0,1,2006,GE,GE 1.5 SE,22,1,298,15-000403
59155,"First Wind O&M, LLC",56575,Steel Winds Wind Farm,NY,Erie,1,OP,Onshore Wind Turbine,WT,IPP Non-CHP,2,20.0,20.0,20.0,6,2007,Clipper,C96,19,2,262,36-020198
59155,"First Wind O&M, LLC",56633,Dutch Hill Wind Project,NY,Steuben,1,OP,Onshore Wind Turbine,WT,IPP Non-CHP,2,37.5,37.5,37.5,1,2009,Clipper,C96,19,2,262,36-020464
59155,"First Wind O&M, LLC",56634,Cohocton Wind Project,NY,Steuben,1,OP,Onshore Wind Turbine,WT,IPP Non-CHP,2,87.5,87.5,87.5,1,2009,Clipper,C96,19,2,262,36-020513
59155,"First Wind O&M, LLC",56989,Stetson Wind I,ME,Washington,1,OP,Onshore Wind Turbine,WT,IPP Non-CHP,2,57.0,57.0,57.0,1,2009,GE,GE 1.5 SLE,19,2,262,23-020053
59155,"First Wind O&M, LLC",56990,Rollins Wind Project,ME,Penobscot,1,OP,Onshore Wind Turbine,WT,IPP Non-CHP,2,60.0,60.0,60.0,7,2011,GE,GE 1.5 SLE,19,2,262,23-021682
59155,"First Wind O&M, LLC",56991,Stetson Wind II,ME,Washington,1,OP,Onshore Wind Turbine,WT,IPP Non-CHP,2,25.5,25.5,25.5,3,2010,GE,GE 1.5 SLE,19,2,262,23-020086
59155,"First Wind O&M, LLC",57078,Steel Winds II,NY,Erie,1,OP,Onshore Wind Turbine,WT,IPP Non-CHP,2,15.0,15.0,15.0,1,2012,Clipper,C96,19,2,262,36-025561
59155,"First Wind O&M, LLC",57079,Milford Wind Corridor I LLC,UT,Beaver,1,OP,Onshore Wind Turbine,WT,IPP Non-CHP,2,203.5,203.5,203.5,9,2009,GE,GE 1.5 XLE,19,3,262,49-020100
59155,"First Wind O&M, LLC",57080,Sheffield Wind,VT,Caledonia,1,OP,Onshore Wind Turbine,WT,IPP Non-CHP,2,40.0,40.0,40.0,10,2011,Clipper,C93,18,2,262,50-020147
59155,"First Wind O&M, LLC",57082,Kaheawa Wind Power II LLC,HI,Maui,1,OP,Onshore Wind Turbine,WT,IPP Non-CHP,2,21.0,21.0,21.0,6,2012,GE,GE 1.5 SE,22,1,328,15-020106
59155,"First Wind O&M, LLC",57083,Bull Hill Wind Project,ME,Hancock,1,OP,Onshore Wind Turbine,WT,IPP Non-CHP,2,34.5,34.5,34.5,10,2012,Vestas,V100 1.8,17,3,312,23-021694
59155,"First Wind O&M, LLC",57087,Kahuku Wind Power LLC,HI,Honolulu,1,OA,Onshore Wind Turbine,WT,IPP Non-CHP,2,30.0,30.0,30.0,3,2011,Clipper,C96,8.5,2,262,15-020061
59155,"First Wind O&M, LLC",57530,Palouse,WA,Whitman,1,OP,Onshore Wind Turbine,WT,IPP Non-CHP,2,105.3,105.3,105.3,12,2012,Vestas,V100 1.8,17,3,262,53-021674
59182,Energy Operations Group LLC (MN),55353,Lakota Ridge LLC,MN,Lincoln,NMO1,OP,Onshore Wind Turbine,WT,IPP Non-CHP,2,11.2,11.2,11.2,4,1999,Micon,750,15.6,2,140,
59182,Energy Operations Group LLC (MN),55354,Shaokatan Hills LLC,MN,Lincoln,6150,OP,Onshore Wind Turbine,WT,IPP Non-CHP,2,11.8,11.8,11.8,8,1999,Vestas,V47,15.6,2,55,
59216,"S.C. Johnson & Son, Inc.",59448,Waxdale,WI,Racine,WEC01,OP,Onshore Wind Turbine,WT,Industrial CHP,7,1.5,1.5,1.5,12,2012,VENSYS,VENSYS82,14.5,3,279,2012-WTE-2931-OE
59216,"S.C. Johnson & Son, Inc.",59448,Waxdale,WI,Racine,WEC02,OP,Onshore Wind Turbine,WT,Industrial CHP,7,1.5,1.5,1.5,12,2012,VENSYS,VENSYS82,14.5,3,279,2012-WTE-5967-OE
59365,Capital Power Corporation,57947,Macho Springs Power I,NM,Luna,GEN,OP,Onshore Wind Turbine,WT,IPP Non-CHP,2,50.4,50.4,50.4,11,2011,Vestas,V100,13.1,3,262,35-021306
59380,"Enel Green Power NA, Inc.",57644,Prairie Rose Wind Farm,MN,Rock,PR1,OP,Onshore Wind Turbine,WT,IPP Non-CHP,2,200.0,200.0,200.0,12,2012,GE,1.68,24,2,328,?
59380,"Enel Green Power NA, Inc.",58938,Origin Wind,OK,Murray,WT,OP,Onshore Wind Turbine,WT,IPP Non-CHP,2,150.0,150.0,150.0,11,2014,Vestas,V90,27,2,90,
59395,Philips Lightolier,59639,Lightolier Wind I Turbine,MA,Bristol,LIGHT,OP,Onshore Wind Turbine,WT,Industrial Non-CHP,6,2.0,2.0,2.0,2,2012,SANY,SE9320IIIE,14,3,85,2010-WTE-13967-OE
59463,Narragansett Bay Commission,59692,NBC Field's Point Wind Farm,RI,Providence,FPWTG,OP,Onshore Wind Turbine,WT,Commercial Non-CHP,4,4.5,0.8,0.8,10,2012,Goldwind,GW/82 1500,23.4,3,230,44-020089
59493,Scituate Wind LLC,59724,Scituate Wind,MA,Plymouth,SCIWT,OP,Onshore Wind Turbine,WT,IPP Non-CHP,2,1.5,1.5,1.5,3,2012,Sinovel,SL1500,15.7,2,262,2012-WTE-1494-OE
59494,Fairhaven Wind LLC,59725,Fairhaven Wind,MA,Bristol,FHWTG,OP,Onshore Wind Turbine,WT,IPP Non-CHP,2,3.0,3.0,3.0,4,2012,Sinovel,SL1500,14.9,2,262,2012-WTE-1749-OE
59496,Allete Clean Energy,55208,Lake Benton I,MN,Lincoln,EXIS,OP,Onshore Wind Turbine,WT,IPP Non-CHP,2,107.2,107.2,107.2,2,1998,Zond,Zond Z-46,16,1,175,ASN-95-AGL-2801-OE
59496,Allete Clean Energy,55287,Storm Lake II,IA,Buena Vista,EXIS,OP,Onshore Wind Turbine,WT,IPP Non-CHP,2,80.2,80.2,80.2,4,1999,Zond,Z-46,16.5,1,217,"ASN-98-ACE-0402-OE,"
59496,Allete Clean Energy,55739,Condon Windpower LLC,OR,Gilliam,GEN1,OP,Onshore Wind Turbine,WT,IPP Non-CHP,2,24.6,24.6,24.6,12,2001,Mitsubishi,MWT-600,17,1,197,41-000777
59496,Allete Clean Energy,55739,Condon Windpower LLC,OR,Gilliam,GEN2,OP,Onshore Wind Turbine,WT,IPP Non-CHP,2,25.2,25.2,25.2,5,2002,Mitsubishi,MWT-600,17,1,197,41-000777
59504,Kirkwood Community College,59735,Kirkwood Wind Turbine,IA,Linn,KCC01,OP,Onshore Wind Turbine,WT,IPP Non-CHP,2,2.5,0.7,2.3,2,2012,Clipper,Liberty,13.4,1,262.5,19-021991
59506,"Valentine Wind, LLC",59736,"Valentine Wind, LLC",NE,Cherry,7772,OP,Onshore Wind Turbine,WT,IPP Non-CHP,2,1.9,1.9,1.9,9,2014,GE,1.85,19,2,262.5,2013-WTE-7393-OE
59543,Heartland Community College,59776,Heartland Community College,IL,McLean,T01,OP,Onshore Wind Turbine,WT,Commercial Non-CHP,4,1.7,1.7,1.7,6,2012,Vestas,V82,14.5,3,262,2009-WTE-11499-OE
59568,"United Water, Inc.",59797,Bayonne MUA- Leitner-Poma Wind Turbine,NJ,Hudson,WT1,OP,Onshore Wind Turbine,WT,IPP Non-CHP,2,1.5,0.1,0.3,7,2012,Leitner-Poma of America,LTW-77,15,2,262,2012WTE00729OE
