Utility ID,Utility Name,Plant Code,Plant Name,State,Boiler ID,Boiler Status,Type of Boiler,New Source Review,New Source Review Permit,New Source Review Month,New Source Review Year,Regulation Sulfur,Standard Sulfur Rate,Standard Sulfur Percent Scrubbed,Unit Sulfur,Period Sulfur,Compliance Year Sulfur,Sulfur Dioxide Control Existing Strategy 1,Sulfur Dioxide Control Existing Strategy 2,Sulfur Dioxide Control Existing Strategy 3,Sulfur Dioxide Control Proposed Strategy 1,Sulfur Dioxide Control Proposed Strategy 2,Sulfur Dioxide Control Proposed Strategy 3,Regulation Nitrogen,Standard Nitrogen Rate,Unit Nitrogen,Period Nitrogen,Compliance Year Nitrogen,Nitrogen Oxide Control Existing Strategy 1,Nitrogen Oxide Control Existing Strategy 2,Nitrogen Oxide Control Existing Strategy 3,Nitrogen Oxide Control Proposed Strategy 1,Nitrogen Oxide Control Proposed Strategy 2,Nitrogen Oxide Control Proposed Strategy 3,Regulation Particulate,Standard Particulate Rate,Unit Particulate,Period Particulate,Compliance Year Particulate,Regulation Mercury,Compliance Year Mercury,Mercury Control Existing Strategy 1,Mercury Control Existing Strategy 2,Mercury Control Existing Strategy 3,Mercury Control Proposed Strategy 1,Mercury Control Proposed Strategy 2,Mercury Control Proposed Strategy 3,Year,Steam Plant Type
25,Greenidge Generation Holdings LLC,2527.0,Greenidge Generation LLC,NY,4,RE,N,N,, , ,ST, , ,SB,OT,1988,,,,,,,ST, ,NP,DA,1995,,,,,,,ST,0.28,PB,NV,1971,, ,,,,,,,2013,
25,Greenidge Generation Holdings LLC,2527.0,Greenidge Generation LLC,NY,5,RE,N,N,, , ,ST, , ,SB,MO,1988,,,,,,,ST, ,NP,DA,1995,,,,,,,ST,0.28,PB,NV,1971,, ,,,,,,,2013,
25,Greenidge Generation Holdings LLC,2527.0,Greenidge Generation LLC,NY,6,OP,D,N,, , ,ST,0.19,1,SB,OH,2007,NC,,,NC,,,ST,0.12,NP,OT,1995,AA,LN,SR,SN,,,ST,0.22,PB,NV,1970,ST,2007,BP,CD,ACI,,,,2013,
470,Covanta Energy of Niagara LP,50472.0,Covanta Niagara LP,NY,BLR1,OP,N,,, , ,, , ,,, ,,,,,,,, ,,, ,,,,,,,, ,,, ,, ,,,,,,,2013,
470,Covanta Energy of Niagara LP,50472.0,Covanta Niagara LP,NY,BLR2,OP,N,,, , ,, , ,,, ,,,,,,,, ,,, ,,,,,,,, ,,, ,, ,,,,,,,2013,
470,Covanta Energy of Niagara LP,50472.0,Covanta Niagara LP,NY,BLR3,OP,N,,, , ,, , ,,, ,,,,,,,, ,,, ,,,,,,,, ,,, ,, ,,,,,,,2013,
470,Covanta Energy of Niagara LP,50472.0,Covanta Niagara LP,NY,BLR4,OP,N,,, , ,, , ,,, ,,,,,,,, ,,, ,,,,,,,, ,,, ,, ,,,,,,,2013,
470,Covanta Energy of Niagara LP,50472.0,Covanta Niagara LP,NY,BLR5,OP,,,, , ,, , ,,, ,,,,,,,, ,,, ,,,,,,,, ,,, ,, ,,,,,,,2013,
473,Covanta Hempstead Company,10642.0,Covanta Hempstead,NY,1,OP,N,,, , ,, , ,,, ,,,,,,,ST,145.7,NH,OH,2004,SN,LA,,SN,LA,,, ,,, ,ST,2007,BR,,,BR,,,2013,
473,Covanta Hempstead Company,10642.0,Covanta Hempstead,NY,2,OP,N,,, , ,, , ,,, ,,,,,,,ST,145.7,NH,OH,2004,SN,LA,,SN,LA,,, ,,, ,ST,2007,BR,,,BR,,,2013,
473,Covanta Hempstead Company,10642.0,Covanta Hempstead,NY,3,OP,N,,, , ,, , ,,, ,,,,,,,ST,145.7,NH,OH,2004,SN,,,SN,,,, ,,, ,ST,2007,BR,,,BR,,,2013,
1746,Black River Generation LLC,10464.0,Black River Generation,NY,E0001,OP,N,,, , ,, , ,,, ,,,,,,,FD, ,,, ,,,,NC,,,, ,,, ,, ,,,,,,,2013,
1746,Black River Generation LLC,10464.0,Black River Generation,NY,E0002,OP,N,,, , ,, , ,,, ,,,,,,,, ,,, ,,,,,,,, ,,, ,, ,,,,,,,2013,
1746,Black River Generation LLC,10464.0,Black River Generation,NY,E0003,OP,N,,, , ,, , ,,, ,,,,,,,, ,,, ,,,,,,,, ,,, ,, ,,,,,,,2013,
3085,Carthage Energy LLC,10620.0,Carthage Energy LLC,NY,HRSG,OP,,,, , ,, , ,,, ,,,,,,,ST,42,NM,OH,1991,STM,,,MS,,,, ,,, ,, ,,,,,,,2013,
4226,Consolidated Edison Co-NY Inc,2493.0,East River,NY,60,OP,N,N,, , ,ST, , ,SU,NV,1972,NC,,,NC,,,LO, ,NM,NV,1995,OV,LA,,LN,,,ST,0.1,PB,NV,1973,, ,,,,,,,2013,
4226,Consolidated Edison Co-NY Inc,2493.0,East River,NY,70,OP,N,N,, , ,ST, , ,SU,NV,1972,NC,,,NC,,,LO, ,NM,NV,1995,OV,FR,,LN,,,ST,0.1,PB,NV,1973,, ,,,,,,,2013,
4484,Covanta Babylon Inc,50649.0,Covanta Babylon Inc,NY,1,OP,N,,, , ,, , ,,, ,,,,,,,ST,150,NH,DA,1989,SN,,,SN,,,, ,,, ,ST,1989,ACI,,,ACI,,,2013,
4484,Covanta Babylon Inc,50649.0,Covanta Babylon Inc,NY,2,OP,N,,, , ,, , ,,, ,,,,,,,ST,150,NM,DA,1989,SN,,,SN,,,, ,,, ,ST,1989,ACI,,,ACI,,,2013,
4487,Covanta Onondega LP,50662.0,Onondaga County Resource Recovery,NY,UNIT1,OP,N,,, , ,ST, , ,,, ,,,,,,,ST,180,NM,DA,1995,NH3,,,NH3,,,, ,,, ,ST,1995,ACI,SD,BP,ACI,SD,BP,2013,
4487,Covanta Onondega LP,50662.0,Onondaga County Resource Recovery,NY,UNIT2,OP,N,,, , ,, , ,,, ,,,,,,,ST,180,NM,DA,1995,NH3,,,NH3,,,, ,,, ,ST,1995,ACI,SD,BP,ACI,SD,BP,2013,
4487,Covanta Onondega LP,50662.0,Onondaga County Resource Recovery,NY,UNIT3,OP,N,,, , ,, , ,,, ,,,,,,,ST,180,NM,DA,1995,NH3,,,NH3,,,, ,,, ,ST,1995,ACI,SD,BP,ACI,SD,BP,2013,
5511,CCI Roseton LLC,8006.0,Roseton Generating Facility,NY,1,OP,N,N,, , ,ST,0.55, ,SU,YR,1974,SS,,,SS,,,ST,0.15,NP,MO,1995,OV,FR,,MS,,,ST,0.1,PB,NV,1974,ST,1974,,,,,,,2013,
5511,CCI Roseton LLC,8006.0,Roseton Generating Facility,NY,2,OP,N,N,, , ,ST,0.55, ,SU,YR,1974,SS,,,SS,,,ST,0.15,NP,MO,1995,OV,FR,,OV,FR,,ST,0.1,PB,NV,1974,ST,1974,,,,,,,2013,
5624,"RED-Rochester, LLC",10025.0,"RED-Rochester, LLC",NY,13,RE,N,,, , ,ST, , ,DP,YR,1988,,,,,,,ST, ,NP,DA,1995,,,,,,,ST,0.26,PB,OH,1995,, ,,,,,,,2013,
5624,"RED-Rochester, LLC",10025.0,"RED-Rochester, LLC",NY,14,RE,N,,, , ,ST, , ,DP,YR,1988,,,,,,,ST, ,NP,DA,1995,,,,,,,ST,0.26,PB,OH,1995,, ,,,,,,,2013,
5624,"RED-Rochester, LLC",10025.0,"RED-Rochester, LLC",NY,15,RE,N,,, , ,ST, , ,DP,YR,1988,,,,,,,ST, ,NP,DA,1995,,,,,,,ST,0.26,PB,OH,1972,, ,,,,,,,2013,
5624,"RED-Rochester, LLC",10025.0,"RED-Rochester, LLC",NY,41,SB,N,N,, , ,FD, , ,DP,YR,1988,SS,,,SS,,,FD, ,NP,DA,1995,FU,LA,,FU,LA,,ST,0.26,PB,OH,1972,ST,1972,EW,,,EW,,,2013,
5624,"RED-Rochester, LLC",10025.0,"RED-Rochester, LLC",NY,42,OP,N,N,, , ,FD, , ,DP,YR,1988,SS,,,SS,,,ST, ,NP,DA,1995,FU,LA,,FU,LA,,ST,0.26,PB,OH,1972,ST,1972,EW,,,EW,,,2013,
5624,"RED-Rochester, LLC",10025.0,"RED-Rochester, LLC",NY,43,OP,N,N,, , ,FD, , ,DP,YR,1988,SS,,,SS,,,ST, ,NP,DA,1995,FU,LA,,FU,LA,,ST,0.24,PB,OH,1972,ST,1972,EW,,,EW,,,2013,
5624,"RED-Rochester, LLC",10025.0,"RED-Rochester, LLC",NY,44,OP,Da,N,, , ,FD, , ,DP,NV,1987,NC,,,NC,,,ST, ,NP,DA,1995,FU,LA,,FU,LA,,FD,0.1,PB,NV,1987,ST,1987,EW,,,EW,,,2013,
5624,"RED-Rochester, LLC",10025.0,"RED-Rochester, LLC",NY,PB1,OP,N,N,, , ,FD, , ,DP,YR,1988,NC,,,NC,,,ST, ,NP,DA,1995,LA,,,LA,,,ST,0.2,PB,OH,1972,FD,1995,EW,,,EW,,,2013,
5624,"RED-Rochester, LLC",10025.0,"RED-Rochester, LLC",NY,PB2,OP,N,N,, , ,FD, , ,DP,YR,1988,NC,,,NC,,,ST, ,NP,DA,1995,LA,,,LA,,,ST,0.2,PB,OH,1972,FD,1995,EW,,,EW,,,2013,
5624,"RED-Rochester, LLC",10025.0,"RED-Rochester, LLC",NY,PB3,OP,N,N,, , ,FD, , ,DP,YR,1988,NC,,,NC,,,ST, ,NP,DA,1995,LA,,,LA,,,ST,0.2,PB,OH,1972,FD,1995,EW,,,EW,,,2013,
5624,"RED-Rochester, LLC",10025.0,"RED-Rochester, LLC",NY,PB4,OP,N,N,, , ,FD, , ,DP,YR,1988,NC,,,NC,,,ST, ,NP,DA,1995,LA,,,LA,,,ST,0.2,PB,OH,1972,FD,1995,EW,,,EW,,,2013,
5943,Entergy Nuc Fitzpatrick LLC,6110.0,James A Fitzpatrick,NY,NSS1,OP,,,, , ,, , ,,, ,,,,,,,, ,,, ,,,,,,,, ,,, ,, ,,,,,,,2013,
6027,Entergy Nuclear Indian Point 2,2497.0,Indian Point 2,NY,NSS2,OP,,,, , ,, , ,,, ,,,,,,,, ,,, ,,,,,,,, ,,, ,, ,,,,,,,2013,
6028,Entergy Nuclear Indian Point 3,8907.0,Indian Point 3,NY,NSS3,OP,,,, , ,, , ,,, ,,,,,,,, ,,, ,,,,,,,, ,,, ,, ,,,,,,,2013,
6838,CCI Rensselaer LLC,54034.0,Rensselaer Cogen,NY,HRSG,OP,Db,N,, , ,ST,0.05, ,SU,DT,1994,NC,SS,,,,,ST,9,NM,OH,1994,NC,SR,STM,NC,SR,STM,, ,,, ,ST,1994,,,,,,,2013,
9097,Huntington Resource Recovery,50656.0,Huntington Resource Recovery Facility,NY,UNIT1,OP,N,,, , ,, , ,,, ,,,,,,,ST,185,NM,TH,1991,SN,,,SN,,,, ,,, ,ST,1991,ACI,,,ACI,,,2013,
9097,Huntington Resource Recovery,50656.0,Huntington Resource Recovery Facility,NY,UNIT2,OP,N,,, , ,, , ,,, ,,,,,,,ST,185,NM,TH,1991,SN,,,SN,,,, ,,, ,ST,1991,ACI,,,ACI,,,2013,
9097,Huntington Resource Recovery,50656.0,Huntington Resource Recovery Facility,NY,UNIT3,OP,N,,, , ,, , ,,, ,,,,,,,ST,185,NM,TH,1991,SN,,,SN,,,, ,,, ,ST,1991,ACI,,,ACI,,,2013,
9243,Indeck-Yerkes Ltd Partnership,50451.0,Indeck Yerkes Energy Center,NY,HRSG1,OP,N,,, , ,, , ,,, ,,,,,,,FD,42,NM,OH,1989,STM,,,,,,, ,,, ,FD,1989,,,,,,,2013,
9244,Indeck-Oswego Ltd Partnership,50450.0,Indeck Oswego Energy Center,NY,HRSG1,OP,N,,, , ,, , ,,, ,,,,,,,FD,42,NM,OH,1990,STM,,,,,,, ,,, ,FD,1990,,,,,,,2013,
9245,Indeck-Energy Serv Silver Spg,50449.0,Indeck Silver Springs Energy Center,NY,HRSG1,OP,N,,, , ,, , ,,, ,,,,,,,FD,32,NM,OH,1991,STM,,,,,,, ,,, ,FD,1991,,,,,,,2013,
9261,Indeck-Olean Ltd Partnership,54076.0,Indeck Olean Energy Center,NY,HRSG1,OP,N,,, , ,FD, , ,,, ,,,,,,,ST,9,NM,OH,1994,SR,STM,,SR,STM,,ST,0.004,PB,, ,,1994,,,,,,,2013,
9263,Indeck-Corinth Ltd Partnership,50458.0,Indeck Corinth Energy Center,NY,HRSG1,OP,N,,, , ,, , ,,, ,,,,,,,ST,9,NM,OH,1995,LN,SR,H20,MS,,,, ,,, ,FD,1995,,,,,,,2013,
9350,IPC-Ticonderoga,54099.0,Ticonderoga Mill,NY,PB1,OP,,,, , ,, , ,,, ,,,,,,,, ,,, ,,,,,,,, ,,, ,, ,,,,,,,2013,
9350,IPC-Ticonderoga,54099.0,Ticonderoga Mill,NY,RB1,OP,N,,, , ,, , ,,, ,,,,,,,, ,,, ,,,,,,,, ,,, ,, ,,,,,,,2013,
9645,Jamestown Board of Public Util,2682.0,S A Carlson,NY,10,OP,D,,, , ,, , ,,, ,,,,,,,, ,,, ,,,,,,,, ,,, ,, ,,,,,,,2013,
9645,Jamestown Board of Public Util,2682.0,S A Carlson,NY,11,RE,,,, , ,, , ,,, ,,,,,,,, ,,, ,,,,,,,, ,,, ,, ,,,,,,,2013,
9645,Jamestown Board of Public Util,2682.0,S A Carlson,NY,12,RE,,,, , ,, , ,,, ,,,,,,,, ,,, ,,,,,,,, ,,, ,, ,,,,,,,2013,
9645,Jamestown Board of Public Util,2682.0,S A Carlson,NY,9,OP,,,, , ,, , ,,, ,,,,,,,, ,,, ,,,,,,,, ,,, ,, ,,,,,,,2013,
9645,Jamestown Board of Public Util,2682.0,S A Carlson,NY,HRSG,OP,,,, , ,, , ,,, ,,,,,,,, ,,, ,,,,,,,, ,,, ,, ,,,,,,,2013,
10023,TC Ravenswood LLC,2500.0,Ravenswood,NY,10,OP,N,N,, , ,ST, , ,SU,NV,1972,NC,WA,,NC,WA,,LO, ,NM,NV,1995,MS,NC,,MS,NC,,ST,0.1,PB,NV,1973,FD,2014,,,,,,,2013,
10023,TC Ravenswood LLC,2500.0,Ravenswood,NY,20,OP,N,N,, , ,ST, , ,SU,NV,1972,NC,WA,,NC,WA,,LO, ,NM,NV,1995,MS,NC,,MS,NC,,ST,0.1,PB,NV,1973,FD,2014,,,,,,,2013,
10023,TC Ravenswood LLC,2500.0,Ravenswood,NY,30,OP,N,N,, , ,ST, , ,SU,NV,1972,NC,WA,,NC,WA,,LO, ,NM,NV,1995,MS,NC,,MS,NC,,LO,0.1,PB,NV,1971,FD,2014,,,,,,,2013,
10023,TC Ravenswood LLC,2500.0,Ravenswood,NY,40,OP,N,N,, , ,, , ,OT,OT,2005,,,,,,,, ,OT,OT,2005,,,,,,,, ,OT,OT,2005,FD,2014,,,,,,,2013,
12792,NRG New York LLC,2625.0,Bowline Point,NY,1,OP,N,N,, , ,ST,0.0037, ,SU,NV,1972,SS,,,SS,,,ST,0.25,NP,NV,1995,AA,,,AA,,,ST,0.1,PB,NV,1972,, ,,,,,,,2013,
12792,NRG New York LLC,2625.0,Bowline Point,NY,2,OP,N,N,, , ,ST,0.0037, ,SU,NV,1974,SS,,,SS,,,ST,0.25,NP,NV,1995,AA,,,AA,,,ST,0.1,PB,NV,1974,, ,,,,,,,2013,
13168,NRG Huntley Operations Inc,2549.0,C R Huntley Generating Station,NY,63,RE,N,,, , ,ST, , ,SB,DA,1974,,,,,,,LO, ,,, ,,,,,,,ST,0.17,PB,NV,1973,, ,,,,,,,2013,
13168,NRG Huntley Operations Inc,2549.0,C R Huntley Generating Station,NY,64,RE,N,,, , ,ST, , ,SB,DA,1974,,,,,,,LO, ,,, ,,,,,,,ST,0.17,PB,NV,1973,, ,,,,,,,2013,
13168,NRG Huntley Operations Inc,2549.0,C R Huntley Generating Station,NY,65,RE,N,,, , ,ST, , ,SB,DA,1974,,,,,,,ST, ,NL,YR,1974,,,,,,,ST,0.17,PB,NV,1973,, ,,,,,,,2013,
13168,NRG Huntley Operations Inc,2549.0,C R Huntley Generating Station,NY,66,RE,N,N,, , ,ST, , ,DP,DA,1974,,,,,,,ST, ,NP,DA, ,,,,,,,ST,0.17,PB,PS,1973,ST, ,,,,,,,2013,
13168,NRG Huntley Operations Inc,2549.0,C R Huntley Generating Station,NY,67,OP,N,N,, , ,ST,3.4, ,DP,DA,1974,SS,,,SS,,,ST,0.12,NP,DA,1974,LN,AA,SN,LN,AA,SN,ST,0.17,PB,PS,1973,ST,2009,BP,,,BP,ACI,,2013,
13168,NRG Huntley Operations Inc,2549.0,C R Huntley Generating Station,NY,68,OP,N,N,, , ,ST,3.4, ,DP,DA,1974,SS,,,SS,,,ST,0.12,NP,DA,1974,LN,AA,SN,LN,AA,SN,ST,0.17,PB,PS,1973,ST,2009,BP,,,BP,ACI,,2013,
13192,NRG Arthur Kill Operations Inc,2490.0,Arthur Kill Generating Station,NY,20,OP,N,N,, , ,ST, , ,SU,NV,1972,NC,NC,NC,NC,NC,NC,LO,0.15,NM,NV,1995,NC,NC,NC,MS,MS,MS,ST,0.1,PB,NV,1971,, ,,,,,,,2013,
13192,NRG Arthur Kill Operations Inc,2490.0,Arthur Kill Generating Station,NY,30,OP,N,N,, , ,ST, , ,SU,NV,1972,NC,NC,NC,NC,NC,NC,ST,0.15,NM,NV,1995,NC,NC,NC,MS,MS,MS,ST,0.1,PB,NV,1971,, ,,,,,,,2013,
13579,Dunkirk Power LLC,2554.0,Dunkirk Generating Plant,NY,1,SC,N,N,, , ,ST,2.07, ,DP,DA,1974,SS,,,SS,,,ST,0.12,NP,DA,1995,LN,AA,SN,LN,AA,SN,ST,0.22,PB,PS,1973,ST,2009,BP,,,BP,ACI,,2013,
13579,Dunkirk Power LLC,2554.0,Dunkirk Generating Plant,NY,2,OP,N,N,, , ,ST,2.07, ,DP,DA,1974,SS,,,SS,,,ST,0.12,NP,DA,1995,LN,AA,SN,LN,AA,SN,ST,0.23,PB,PS,1973,ST,2009,BP,,,BP,ACI,,2013,
13579,Dunkirk Power LLC,2554.0,Dunkirk Generating Plant,NY,3,SC,N,N,, , ,ST,2.07, ,DP,DA,1974,SS,,,SS,,,ST,0.12,NP,DA,1995,LN,AA,SN,LN,AA,SN,ST,0.16,PB,PS,1973,ST,2009,BP,,,BP,ACI,,2013,
13579,Dunkirk Power LLC,2554.0,Dunkirk Generating Plant,NY,4,SC,N,N,, , ,ST,2.07, ,DP,DA,1974,SS,,,SS,,,ST,0.12,NP,DA,1995,LN,AA,SN,LN,AA,SN,ST,0.16,PB,PS,1973,ST,2009,BP,,,BP,ACI,,2013,
13606,Nine Mile Point Nuclear Sta LLC,2589.0,Nine Mile Point Nuclear Station,NY,NSS1,OP,,,, , ,, , ,,, ,,,,,,,, ,,, ,,,,,,,, ,,, ,, ,,,,,,,2013,
13606,Nine Mile Point Nuclear Sta LLC,2589.0,Nine Mile Point Nuclear Station,NY,NSS2,OP,,,, , ,, , ,,, ,,,,,,,, ,,, ,,,,,,,, ,,, ,, ,,,,,,,2013,
13923,NRG Oswego Harbor Power Operations Inc,2594.0,Oswego Harbor Power,NY,5,OP,N,N,, , ,ST,0.75,0,SU,DA,1976,NC,,,NC,,,ST,0.25,NP,DA,1976,NC,,,NC,,,ST,0.1,PB,NV,1976,, ,,,,,,,2013,
13923,NRG Oswego Harbor Power Operations Inc,2594.0,Oswego Harbor Power,NY,6,OP,D,N,, , ,ST,0.75,0,SU,TH,1980,NC,,,NC,,,ST,0.22,NP,TH,1980,NC,,,NC,,,ST,0.1,PB,TH,1980,, ,,,,,,,2013,
14294,PSEG Power New York Inc,2539.0,Bethlehem Energy Center,NY,1,RE,,,, , ,, , ,,, ,,,,,,,, ,,, ,,,,,,,, ,,, ,, ,,,,,,,2013,
14294,PSEG Power New York Inc,2539.0,Bethlehem Energy Center,NY,2,RE,,,, , ,, , ,,, ,,,,,,,, ,,, ,,,,,,,, ,,, ,, ,,,,,,,2013,
14294,PSEG Power New York Inc,2539.0,Bethlehem Energy Center,NY,3,RE,,,, , ,, , ,,, ,,,,,,,, ,,, ,,,,,,,, ,,, ,, ,,,,,,,2013,
14294,PSEG Power New York Inc,2539.0,Bethlehem Energy Center,NY,4,RE,,,, , ,, , ,,, ,,,,,,,, ,,, ,,,,,,,, ,,, ,, ,,,,,,,2013,
14294,PSEG Power New York Inc,2539.0,Bethlehem Energy Center,NY,5,OP,Db,Y,4-0122-00044/00021,2,2002,ST,0.0006, ,DP,NV,2005,SS,,,NC,,,ST,0.0073,NP,NV,2005,SR,LN,,NC,,,ST,0.011,PB,NV,2005,, ,,,,,,,2013,
14294,PSEG Power New York Inc,2539.0,Bethlehem Energy Center,NY,6,OP,Db,Y,4-0122-00044/00021,2,2002,ST,0.0006, ,DP,NV,2005,SS,,,NC,,,ST,0.0073,NP,NV,2005,SR,LN,,NC,,,ST,0.011,PB,NV,2005,, ,,,,,,,2013,
14294,PSEG Power New York Inc,2539.0,Bethlehem Energy Center,NY,7,OP,Db,Y,4-0122-00044/00021,2,2008,ST,0.0006, ,DP,NV,2005,SS,,,NC,,,ST,0.0073,NP,NV,2005,SR,LN,,NC,,,ST,0.011,PB,NV,2005,, ,,,,,,,2013,
15253,Power City Partners LP,54592.0,Massena Energy Facility,NY,HRSG1,OP,Db,,, , ,, , ,,, ,,,,,,,ST,9,NM,,1992,NH3,,,NC,,,, ,,, ,, ,,,,,,,2013,
15296,New York Power Authority,56196.0,500MW CC,NY,7A,OP,,,, , ,, , ,,, ,,,,,,,, ,,, ,,,,,,,, ,,, ,, ,,,,,,,2013,
15296,New York Power Authority,56196.0,500MW CC,NY,7B,OP,,,, , ,, , ,,, ,,,,,,,, ,,, ,,,,,,,, ,,, ,, ,,,,,,,2013,
16729,Saranac Power Partners LP,54574.0,Saranac Facility,NY,HRSG1,OP,,,, , ,, , ,,, ,,,,,,,, ,,, ,,,,,,,, ,,, ,, ,,,,,,,2013,
16729,Saranac Power Partners LP,54574.0,Saranac Facility,NY,HRSG2,OP,,,, , ,, , ,,, ,,,,,,,, ,,, ,,,,,,,, ,,, ,, ,,,,,,,2013,
16909,Selkirk Cogen Partners LP,10725.0,Selkirk Cogen,NY,HRSG1,OP,Db,N,, , ,ST,0.2, ,SU,NS,1992,NC,,,NC,,,ST,0.091,NP,NS,1992,NC,,,NC,,,ST,0.014,PB,NS,1992,, ,,,,,,,2013,
16909,Selkirk Cogen Partners LP,10725.0,Selkirk Cogen,NY,HRSG2,OP,Db,N,, , ,ST,0.2, ,SU,NS,1994,NC,,,NC,,,ST,0.0181,NP,NS,1994,SR,,,NC,,,ST,0.014,PB,NS,1994,, ,,,,,,,2013,
16909,Selkirk Cogen Partners LP,10725.0,Selkirk Cogen,NY,HRSG3,OP,Db,N,, , ,ST,0.2, ,SU,NS,1994,NC,,,NC,,,ST,0.0181,NP,NS,1994,SR,,,NC,,,ST,0.014,PB,NS,1994,, ,,,,,,,2013,
17254,Sithe/Independence LLC,54547.0,Sithe Independence Station,NY,HRSG 1,OP,Db,N,, , ,ST, , ,,,1995,WA,,,WA,,,ST, ,NH,OH,1995,SR,,,NC,,,ST,15.9,PH,OH,1995,, ,,,,,,,2013,
17254,Sithe/Independence LLC,54547.0,Sithe Independence Station,NY,HRSG 2,OP,Db,N,, , ,ST, , ,,,1995,WA,,,WA,,,ST, ,NH,OH,1995,SR,,,NC,,,ST,15.9,PH,OH,1995,, ,,,,,,,2013,
17254,Sithe/Independence LLC,54547.0,Sithe Independence Station,NY,HRSG 3,OP,Db,N,, , ,ST, , ,,,1995,WA,,,WA,,,ST, ,NH,OH,1995,SR,,,NC,,,ST,15.9,PH,OH,1995,, ,,,,,,,2013,
17254,Sithe/Independence LLC,54547.0,Sithe Independence Station,NY,HRSG 4,OP,Db,N,, , ,ST, , ,,,1995,WA,,,WA,,,ST, ,NH,OH,1995,SR,,,NC,,,ST,15.9,PH,OH,1995,, ,,,,,,,2013,
18020,Starrett City Inc,50743.0,Starrett City Cogen Facility,NY,1,OP,N,,, , ,, , ,,, ,,,,,,,ST, ,,, ,LA,,,,,,, ,,, ,, ,,,,,,,2013,
18020,Starrett City Inc,50743.0,Starrett City Cogen Facility,NY,2,OP,N,,, , ,, , ,,, ,,,,,,,, ,,, ,LA,,,,,,, ,,, ,, ,,,,,,,2013,
18020,Starrett City Inc,50743.0,Starrett City Cogen Facility,NY,3,OP,N,,, , ,, , ,,, ,,,,,,,, ,,, ,LA,,,,,,, ,,, ,, ,,,,,,,2013,
18020,Starrett City Inc,50743.0,Starrett City Cogen Facility,NY,4,SB,N,,, , ,, , ,,, ,,,,,,,, ,,, ,LA,,,,,,, ,,, ,, ,,,,,,,2013,
19153,Nassau Energy Corp,52056.0,Nassau Energy Corp,NY,4,OP,,,, , ,, , ,,, ,,,,,,,ST,42,NM,OH,1995,STM,,,,,,, ,,, ,ST,2008,,,,,,,2013,
19194,Syracuse Energy Corp,50651.0,Syracuse Energy,NY,1,RE,N,N,, , ,ST, , ,DP,DA,1991,,,,,,,ST, ,NP,DA,1991,,,,,,,ST,0.05,OP,SM,1991,, ,,,,,,,2013,
19194,Syracuse Energy Corp,50651.0,Syracuse Energy,NY,2,RE,N,N,, , ,ST, , ,DP,DA,1991,,,,,,,ST, ,NP,DA,1991,,,,,,,ST,0.05,OP,SM,1991,, ,,,,,,,2013,
19194,Syracuse Energy Corp,50651.0,Syracuse Energy,NY,3,RE,N,N,, , ,ST, , ,DP,DA,1991,,,,,,,ST, ,NP,DA,1991,,,,,,,ST,0.05,OP,SM,1991,, ,,,,,,,2013,
19194,Syracuse Energy Corp,50651.0,Syracuse Energy,NY,4,RE,N,N,, , ,ST, , ,DP,DA,1991,,,,,,,ST, ,NP,DA,1991,,,,,,,ST,0.05,OP,SM,1991,, ,,,,,,,2013,
19194,Syracuse Energy Corp,50651.0,Syracuse Energy,NY,5,RE,N,N,, , ,ST, , ,DP,DA,1991,,,,,,,ST, ,NP,DA,1991,,,,,,,ST,0.05,OP,SM,1991,, ,,,,,,,2013,
20541,Wheelabrator Environmental Systems,10503.0,Wheelabrator Hudson Falls,NY,SG201A,OP,N,,, , ,ST, , ,,, ,,,,,,,FD,205,NM,DA,2000,MS,,,MS,,,ST, ,,, ,ST,1996,ACI,EC,SD,ACI,EC,SD,2013,
20541,Wheelabrator Environmental Systems,10503.0,Wheelabrator Hudson Falls,NY,SG201B,OP,N,,, , ,, , ,,, ,,,,,,,FD,205,NM,DA,2000,MS,,,MS,,,, ,,, ,ST, ,ACI,EC,SD,ACI,EC,SD,2013,
20541,Wheelabrator Environmental Systems,50882.0,Wheelabrator Westchester,NY,1,OP,N,,, , ,, , ,,, ,,,,,,,ST,184,NM,DA,1999,SN,,,SN,,,FD, ,,, ,ST,1999,ACI,BS,SD,ACI,BS,SD,2013,
20541,Wheelabrator Environmental Systems,50882.0,Wheelabrator Westchester,NY,2,OP,N,,, , ,, , ,,, ,,,,,,,ST,184,NM,DA,1999,SN,,,SN,,,, ,,, ,ST,1999,ACI,BS,SD,ACI,BS,SD,2013,
20541,Wheelabrator Environmental Systems,50882.0,Wheelabrator Westchester,NY,3,OP,N,,, , ,, , ,,, ,,,,,,,ST,184,NM,DA,1999,SN,,,SN,,,, ,,, ,ST,1999,ACI,SD,BS,ACI,SD,BS,2013,
22125,"Cayuga Operating Company, LLC",2535.0,Cayuga Operating Company,NY,1,OP,N,N,, , ,ST,3.4,1,DP,YR,1988,NC,,,NC,,,ST,0.12,NP,DA,1990,SR,LN,,SR,LN,,ST,0.1,PB,NV,1998,ST,2001,SP,,,SP,,,2013,
22125,"Cayuga Operating Company, LLC",2535.0,Cayuga Operating Company,NY,2,OP,N,N,, , ,ST,3.4,1,DP,YR,1988,NC,,,NC,,,ST,0.32,NP,DA,2014,LN,,,LN,,,ST,0.1,PB,NV,1998,ST,2014,SP,OT,,SP,OT,,2013,
22129,Somerset Operating Co LLC,6082.0,Somerset Operating Co LLC,NY,1,OP,Da,N,, , ,FD,0.6, ,DP,MO,1984,NC,,,NC,,,ST,0.45,NP,DA,1995,LN,SR,,,,,FD,0.03,PB,NV,1984,ST,2010,SP,,,,,,2013,
22979,Astoria Energy LLC,55375.0,Astoria Energy,NY,HRSG1,OP,Db,Y,2-6301-00072/00014,12,2001,FD,0.0015, ,DP,PS,2006,NC,,,NC,,,FD,2,NM,TH,2006,NC,SR,,NC,,,FD,0.01,PB,PS,2006,ST,2006,,,,,,,2013,
22979,Astoria Energy LLC,55375.0,Astoria Energy,NY,HRSG2,OP,Db,Y,2-6301-00072/00014,12,2001,FD,0.0015, ,DP,PS,2006,NC,,,NC,,,FD,2,NH,TH,2006,NC,SR,,NC,,,FD,0.01,PB,PS,2006,LO,2006,,,,,,,2013,
24210,Riverbay Corp,52168.0,Riverbay,NY,U00003,OP,,,, , ,, , ,,, ,,,,,,,ST,0.1,NH,OH,2011,LN,,,NC,,,, ,,, ,, ,,,,,,,2013,
24210,Riverbay Corp,52168.0,Riverbay,NY,U00004,OP,,,, , ,, , ,,, ,,,,,,,ST,2.5,NM,TH,2011,SR,,,NC,,,, ,,, ,, ,,,,,,,2013,
24210,Riverbay Corp,52168.0,Riverbay,NY,U00006,OP,,,, , ,, , ,,, ,,,,,,,ST,2.5,NM,TH,2011,SR,,,NC,,,, ,,, ,, ,,,,,,,2013,
24210,Riverbay Corp,52168.0,Riverbay,NY,U00008,PL,,,, , ,, , ,,, ,,,,,,,, ,,, ,,,,,,,, ,,, ,, ,,,,,,,2013,
24457,Calpine Eastern Corp,50292.0,Bethpage Power Plant,NY,HRSG1,OP,,,, , ,, , ,,, ,,,,,,,ST,42,NM,OH, ,STM,,,STM,,,, ,,, ,, ,,,,,,,2013,
24457,Calpine Eastern Corp,50292.0,Bethpage Power Plant,NY,HRSG2,OP,,,, , ,, , ,,, ,,,,,,,ST,42,NM,OH, ,STM,,,STM,,,, ,,, ,, ,,,,,,,2013,
24457,Calpine Eastern Corp,50292.0,Bethpage Power Plant,NY,HRSG3,OP,,,, , ,, , ,,, ,,,,,,,ST,2.5,NM,OH, ,SR,,,SR,,,, ,,, ,, ,,,,,,,2013,
32173,New Athens Generating Company LLC,55405.0,Athens Generating Plant,NY,HRSG01,OP,,,, , ,, , ,,, ,,,,,,,, ,,, ,,,,,,,, ,,, ,, ,,,,,,,2013,
32173,New Athens Generating Company LLC,55405.0,Athens Generating Plant,NY,HRSG02,OP,,,, , ,, , ,,, ,,,,,,,, ,,, ,,,,,,,, ,,, ,, ,,,,,,,2013,
32173,New Athens Generating Company LLC,55405.0,Athens Generating Plant,NY,HRSG03,OP,,,, , ,, , ,,, ,,,,,,,, ,,, ,,,,,,,, ,,, ,, ,,,,,,,2013,
40052,AG Energy LP,10803.0,Ogdensburg Power,NY,HRSG A,OS,,,, , ,, , ,,, ,,,,,,,, ,,, ,,,,,,,, ,,, ,, ,,,,,,,2013,
49837,Pinelawn Power LLC,56188.0,Pinelawn Power LLC,NY,001,OP,Db,,, , ,FD, , ,,, ,,,,,,,FD,4.33,NH,NV,2005,SR,H20,NH3,MS,,,FD,0.1,PB,, ,, ,,,,,,,2013,
49950,"Caithness Long Island, LLC",56234.0,Caithness Long Island Energy Center,NY,HRSG01,OP,Da,N,, , ,, , ,,, ,,,,,,,ST,2,NM,TH,2009,SR,,,SR,,,, ,,, ,, ,,,,,,,2013,
50100,"R.E. Ginna Nuclear Power Plant, LLC",6122.0,R E Ginna Nuclear Power Plant,NY,NSS1,OP,,,, , ,, , ,,, ,,,,,,,, ,,, ,,,,,,,, ,,, ,, ,,,,,,,2013,
54863,U S Power Generating Company LLC,8906.0,Astoria Generating Station,NY,20,OS,N,N,, , ,ST, , ,SB,NV,1972,WA,,,WA,,,LO, ,NM,NV,2000,LN,,,LN,,,ST,0.03,PB,NV,1973,, ,,,,,,,2013,
54863,U S Power Generating Company LLC,8906.0,Astoria Generating Station,NY,30,OP,N,N,, , ,ST, , ,SU,NV,1972,WA,,,WA,,,LO, ,NM,NV,1995,LN,,,LN,,,ST,0.1,PB,NV,1973,, ,,,,,,,2013,
54863,U S Power Generating Company LLC,8906.0,Astoria Generating Station,NY,40,OS,N,N,, , ,ST, , ,SU,NV,1972,WA,,,WA,,,LO, ,NM,NV,1995,LN,,,LN,,,ST,0.1,PB,NV,1973,, ,,,,,,,2013,
54863,U S Power Generating Company LLC,8906.0,Astoria Generating Station,NY,50,OP,N,N,, , ,ST, , ,SU,NV,1972,WA,,,WA,,,LO, ,NM,NV,1995,LN,,,LN,,,ST,0.1,PB,NV,1973,, ,,,,,,,2013,
55807,Niagara Generation LLC,50202.0,WPS Power Niagara,NY,1,OP,N,N,, , ,FD, , ,DP,MO, ,CF,,,CF,,,FD, ,NP,MO, ,SN,,,SN,,,FD, ,PB,PS, ,FD, ,BP,,,BP,,,2013,
56174,Finch Paper LLC,10511.0,Finch Paper,NY,10,OP,N,,, , ,, , ,,, ,,,,,,,ST,464,NM,MO,1995,,,,NC,,,, ,,, ,,1987,,,,,,,2013,
56174,Finch Paper LLC,10511.0,Finch Paper,NY,4,OP,N,,, , ,, , ,,, ,,,,,,,, ,,, ,,,,,,,, ,,, ,, ,,,,,,,2013,
56174,Finch Paper LLC,10511.0,Finch Paper,NY,5,OP,N,,, , ,, , ,,, ,,,,,,,, ,,, ,,,,,,,, ,,, ,, ,,,,,,,2013,
56174,Finch Paper LLC,10511.0,Finch Paper,NY,8,OP,N,,, , ,, , ,,, ,,,,,,,, ,,, ,,,,,,,, ,,, ,, ,,,,,,,2013,
56174,Finch Paper LLC,10511.0,Finch Paper,NY,9,OP,N,,, , ,, , ,,, ,,,,,,,, ,,, ,,,,NC,,,, ,,, ,, ,,,,,,,2013,
56204,CPV Valley LLC,56940.0,CPV Valley Energy Center,NY,HRSG1,PL,Db,N,, , ,ST, , ,,,2017,,,,OT,OT,OT,ST, ,,,2016,,,,SR,,,ST, ,,,2016,, ,,,,,,,2013,
56204,CPV Valley LLC,56940.0,CPV Valley Energy Center,NY,HRSG2,PL,Db,N,, , ,ST, , ,,,2016,,,,,,,ST, ,,,2016,,,,,,,ST, ,,,2016,, ,,,,,,,2013,
56479,PIC Group Inc,10190.0,Castleton Energy Center,NY,HRSG-1,OP,,,, , ,, , ,,, ,,,,,,,FD,25,NM,OH,1992,STM,,,,,,, ,,, ,,1992,,,,,,,2013,
56480,Empire Generating Co  LLC,56259.0,Empire Generating Co  LLC,NY,HRSG11,OP,N,Y,3814-00052/0003,7,2014,FD,0.06,0,DP,NV,2010,NC,,,NC,,,ST,2,NM,TH,2010,SR,NH3,LN,MS,,,ST,0.012,PB,PS,2010,, ,,,,,,,2013,
56480,Empire Generating Co  LLC,56259.0,Empire Generating Co  LLC,NY,HRSG12,OP,N,Y,3814-00052/0003,7,2014,FD,0.06,0,DP,NV,2010,NC,,,NC,,,ST,2,NM,TH,2010,SR,NH3,LN,MS,,,ST,0.012,PB,PS,2010,, ,,,,,,,2013,
56505,National Grid Generation LLC,2511.0,E F Barrett,NY,10,OP,N,N,, , ,ST,0.401,0,SU,NV,1971,NC,,,NC,,,ST,0.15,NP,OH,1995,NC,,,NC,,,ST,0.1,PB,NV,1971,, ,,,,,,,2013,
56505,National Grid Generation LLC,2511.0,E F Barrett,NY,20,OP,N,N,, , ,ST,0.401,0,SU,NV,1971,NC,,,NC,,,ST,0.15,NP,OH,1995,OV,,,NC,,,ST,0.1,PB,NV,1971,, ,,,,,,,2013,
56505,National Grid Generation LLC,2516.0,Northport,NY,1,OP,N,N,, , ,ST,1.1,0,SU,NV,1976,NC,,,SS,,,ST,0.15,NP,OH,1995,OV,,,NC,,,ST,0.1,PB,NV,1971,, ,,,,,,,2013,
56505,National Grid Generation LLC,2516.0,Northport,NY,2,OP,N,N,, , ,ST,1.1,0,SU,NV,1976,NC,,,SS,,,ST,0.15,NP,OH,1995,OV,,,NC,,,ST,0.1,PB,NV,1971,, ,,,,,,,2013,
56505,National Grid Generation LLC,2516.0,Northport,NY,3,OP,N,N,, , ,ST,1.1,0,SU,NV,1976,NC,,,SS,,,ST,0.15,NP,OH,1995,OV,,,NC,,,ST,0.1,PB,NV,1972,, ,,,,,,,2013,
56505,National Grid Generation LLC,2516.0,Northport,NY,4,OP,D,N,, , ,FD,0.8,0,SU,NV,1977,SS,,,SS,,,FD,0.15,NP,OH,1995,OV,,,NC,,,ST,0.8,PB,NV,1977,, ,,,,,,,2013,
56505,National Grid Generation LLC,2517.0,Port Jefferson,NY,1,RE,N,N,, , ,ST,1.1,0,SU,NV,1971,NC,,,SS,,,ST,0.15,NP,OH,1995,OV,,,NC,,,ST,0.1,PB,NV,1971,, ,,,,,,,2013,
56505,National Grid Generation LLC,2517.0,Port Jefferson,NY,2,RE,N,,, , ,ST, , ,SU,NV,1971,,,,,,,ST, ,NP,OH,1995,,,,,,,ST,0.1,PB,NV,1971,, ,,,,,,,2013,
56505,National Grid Generation LLC,2517.0,Port Jefferson,NY,3,OP,N,N,, , ,ST,0.045,1,SU,NV,1976,NC,,,SS,,,ST,0.15,NP,OH,1995,OV,,,NC,,,ST,0.1,PB,NV,1971,, ,,,,,,,2013,
56505,National Grid Generation LLC,2517.0,Port Jefferson,NY,4,OP,N,N,, , ,ST,1.1,0,SU,NV,1976,NC,,,SS,,,ST,0.15,NP,OH,1995,OV,,,NC,,,ST,0.1,PB,NV,1971,, ,,,,,,,2013,
56534,Cricket Valley Energy Center LLC,57185.0,Cricket Valley Energy,NY,U1HRSG,PL,N,N,, , ,FD, , ,DP,NV,2015,,,,SS,,,ST, ,NP,NV,2015,,,,ND,,,FD,0.007,PB,NV,2015,, ,,,,,,,2013,
56534,Cricket Valley Energy Center LLC,57185.0,Cricket Valley Energy,NY,U2HRSG,PL,N,N,, , ,FD, , ,DP,NV,2015,,,,SS,,,ST, ,NP,NV,2015,,,,ND,,,FD,0.007,PB,NV,2015,, ,,,,,,,2013,
56534,Cricket Valley Energy Center LLC,57185.0,Cricket Valley Energy,NY,U3HRSG,PL,N,N,, , ,FD, , ,DP,NV,2015,,,,SS,,,ST, ,NP,NV,2015,,,,ND,,,FD,0.007,PB,NV,2015,, ,,,,,,,2013,
56601,Covanta MacArthur Renewable Energy,51038.0,MacArthur Waste to Energy Facility,NY,B1,OP,D,,, , ,, , ,,, ,,,,,,,ST,170,NM,DA,1990,OV,LA,OT,OV,LA,OT,, ,,, ,ST,1990,BR,SP,,BR,SP,,2013,
56601,Covanta MacArthur Renewable Energy,51038.0,MacArthur Waste to Energy Facility,NY,B2,OP,,,, , ,ST, , ,,, ,,,,,,,ST,170,NM,DA,1990,OV,LA,,OV,LA,,, ,,, ,ST,1990,BR,SP,,BR,SP,,2013,
56991,Astoria Energy II LLC,57664.0,Astoria Energy II,NY,HRSG3,OP,Db,Y,2-6301-00072/00014,12,2001,ST, ,0,DP,PS,2011,NC,,,NC,,,ST,2,NM,PS,2011,NC,SR,,NC,,,FD,0.01,PB,PS,2011,, ,,,,,,,2013,
56991,Astoria Energy II LLC,57664.0,Astoria Energy II,NY,HRSG4,OP,Db,Y,2-6301-00072/00014,12,2001,ST, ,0,DP,PS,2011,NC,,,NC,,,FD, ,NM,PS,201,NC,SR,,NC,,,FD,0.01,PB,OH,2011,, ,,,,,,,2013,
57431,ReEnergy Biomass LLC,54526.0,ReEnergy Biomass LLC,NY,00001,OP,,,, , ,, , ,,, ,,,,,,,ST,0.2,NP,OH,1992,MS,,,MS,,,, ,,, ,,1992,,,,,,,2013,
57433,ReEnergy Chateaugay LLC,50277.0,ReEnergy Chateaugay Power Station,NY,BLR1,OP,,,, , ,, , ,,, ,,,,,,,, ,,, ,,,,,,,, ,,, ,, ,,,,,,,2013,
58107,University of Rochester,58157.0,University of Rochester,NY,5,OP,,,, , ,, , ,,, ,,,,,,,, ,,, ,,,,,,,, ,,, ,, ,,,,,,,2013,
58107,University of Rochester,58157.0,University of Rochester,NY,6,OP,,,, , ,, , ,,, ,,,,,,,, ,,, ,,,,,,,, ,,, ,, ,,,,,,,2013,
58107,University of Rochester,58157.0,University of Rochester,NY,7,OP,,,, , ,, , ,,, ,,,,,,,, ,,, ,,,,,,,, ,,, ,, ,,,,,,,2013,
58107,University of Rochester,58157.0,University of Rochester,NY,9,OP,,,, , ,, , ,,, ,,,,,,,, ,,, ,,,,,,,, ,,, ,, ,,,,,,,2013,
58337,Lakeside Syracuse LLC,10621.0,CH Resources Syracuse,NY,HRSG50,SB,Db,,, , ,, , ,,, ,,,,,,,, ,,, ,,,,,,,, ,,, ,, ,,,,,,,2013,
58338,Lakeside Beaver Falls LLC,10617.0,CH Resources Beaver Falls,NY,HRSG50,OP,Db,,, , ,, , ,,, ,,,,,,,, ,,, ,,,,,,,, ,,, ,, ,,,,,,,2013,
58651,"Allegany Generating Station, LLC",7784.0,Allegany Cogen,NY,HRSG,OP,Dc,,, , ,FD, , ,,, ,,,,,,,FD,9,NM,OH,1994,H20,SR,,H20,SR,,FD, ,,, ,, ,,,,,,,2013,
58971,Danskammer Energy,2480.0,Danskammer Generating Station,NY,1,OP,N,N,, , ,ST, , ,SU,NV,1972,NC,,,NC,,,ST, ,NP,DA,1995,NC,,,NC,,,ST,0.1,PB,NV,1972,, ,,,,,,,2013,
58971,Danskammer Energy,2480.0,Danskammer Generating Station,NY,2,OP,N,N,, , ,ST, , ,SU,NV,1972,NC,,,NC,,,ST, ,NP,DA,1995,NC,,,NC,,,ST,0.1,PB,NV,1972,, ,,,,,,,2013,
58971,Danskammer Energy,2480.0,Danskammer Generating Station,NY,3,OP,N,N,, , ,ST, , ,SB,DA,1987,NC,,,NC,,,ST, ,NP,DA,1995,OV,LN,,OV,LN,,ST,0.03,PB,NV,1987,, ,,,,,,,2013,
58971,Danskammer Energy,2480.0,Danskammer Generating Station,NY,4,OP,N,N,, , ,ST, , ,SB,DA,1987,NC,,,NC,,,ST, ,NP,DA,1995,OV,LN,,OV,LN,,ST,0.03,PB,NV,1987,, ,,,,,,,2013,
25,Greenidge Generation Holdings LLC,2527.0,Greenidge Generation LLC,NY,4,RE,N,N,, , ,ST, , ,SB,OT,1988,NC,,,NC,,,ST, ,NP,DA,1995,NC,,,NC,,,ST,0.28,PB,NV,1971,ST,2009,,,,,,,2014,1.0
25,Greenidge Generation Holdings LLC,2527.0,Greenidge Generation LLC,NY,5,RE,N,N,, , ,ST, , ,SB,MO,1988,NC,,,NC,,,ST, ,NP,DA,1995,NC,,,NC,,,ST,0.28,PB,NV,1971,ST,2009,,,,,,,2014,1.0
25,Greenidge Generation Holdings LLC,2527.0,Greenidge Generation LLC,NY,6,OP,D,N,, , ,ST,0.19,0.95,SB,OH,2007,NC,,,NC,,,ST,0.12,NP,OT,1995,AA,LN,SR,SN,,,ST,0.22,PB,NV,1970,ST,2007,BP,CD,ACI,,,,2014,1.0
470,Covanta Energy of Niagara LP,50472.0,Covanta Niagara LP,NY,BLR1,OP,N,,, , ,ST, , ,,, ,,,,,,,ST,0.08,NP,OH,1981,NH3,,,NH3,,,, ,,, ,, ,,,,,,,2014,2.0
470,Covanta Energy of Niagara LP,50472.0,Covanta Niagara LP,NY,BLR2,OP,N,,, , ,, , ,,, ,,,,,,,ST,0.08,NP,OH,1981,NH3,,,NH3,,,, ,,, ,, ,,,,,,,2014,2.0
470,Covanta Energy of Niagara LP,50472.0,Covanta Niagara LP,NY,BLR3,OP,N,,, , ,, , ,,, ,,,,,,,ST,0.08,NP,OH,1981,NH3,SN,,NH3,,,, ,,, ,, ,,,,,,,2014,2.0
470,Covanta Energy of Niagara LP,50472.0,Covanta Niagara LP,NY,BLR4,OP,N,,, , ,, , ,,, ,,,,,,,ST,0.08,NP,OH,1981,NH3,SN,,NH3,,,, ,,, ,, ,,,,,,,2014,2.0
470,Covanta Energy of Niagara LP,50472.0,Covanta Niagara LP,NY,BLR5,OP,,,, , ,, , ,,, ,,,,,,,ST,0.08,NP,OH,1981,NH3,,,NH3,,,, ,,, ,, ,,,,,,,2014,2.0
473,Covanta Hempstead Company,10642.0,Covanta Hempstead,NY,1,OP,N,,, , ,, , ,,, ,,,,,,,ST,145.7,NH,OH,2004,SN,LA,,SN,LA,,, ,,, ,ST,2007,BR,,,BR,,,2014,2.0
473,Covanta Hempstead Company,10642.0,Covanta Hempstead,NY,2,OP,N,,, , ,, , ,,, ,,,,,,,ST,145.7,NH,OH,2004,SN,LA,,SN,LA,,, ,,, ,ST,2007,BR,,,BR,,,2014,2.0
473,Covanta Hempstead Company,10642.0,Covanta Hempstead,NY,3,OP,N,,, , ,, , ,,, ,,,,,,,ST,145.7,NH,OH,2004,SN,,,SN,,,, ,,, ,ST,2007,BR,,,BR,,,2014,2.0
1746,Black River Generation LLC,10464.0,Black River Generation,NY,E0001,OP,N,,, , ,, , ,,, ,,,,,,,FD,0.17,NH,DA,2013,NC,,,NC,,,, ,,, ,, ,,,,,,,2014,2.0
1746,Black River Generation LLC,10464.0,Black River Generation,NY,E0002,OP,N,,, , ,, , ,,, ,,,,,,,FD,0.17,NH,DA,2013,NC,,,NC,,,, ,,, ,, ,,,,,,,2014,2.0
1746,Black River Generation LLC,10464.0,Black River Generation,NY,E0003,OP,N,,, , ,, , ,,, ,,,,,,,FD,0.17,NH,DA,2013,NC,,,NC,,,, ,,, ,, ,,,,,,,2014,2.0
2313,Brooklyn Navy Yard Cogen PLP,54914.0,Brooklyn Navy Yard Cogeneration,NY,HRSG1,OP,,,, , ,, , ,,, ,,,,,,,, ,,, ,,,,,,,, ,,, ,, ,,,,,,,2014,4.0
2313,Brooklyn Navy Yard Cogen PLP,54914.0,Brooklyn Navy Yard Cogeneration,NY,HRSG2,OP,,,, , ,, , ,,, ,,,,,,,, ,,, ,,,,,,,, ,,, ,, ,,,,,,,2014,4.0
3085,Carthage Energy LLC,10620.0,Carthage Energy LLC,NY,HRSG,OP,,,, , ,, , ,,, ,,,,,,,ST,42,NM,OH,1991,STM,,,MS,,,, ,,, ,, ,,,,,,,2014,2.0
4226,Consolidated Edison Co-NY Inc,2493.0,East River,NY,60,OP,N,N,, , ,ST,0.3,0,SU,NV,1972,NC,,,NC,,,LO,0.15,NM,NV,1995,OV,LA,,LN,,,ST,0.1,PB,NV,1973,, ,,,,,,,2014,1.0
4226,Consolidated Edison Co-NY Inc,2493.0,East River,NY,70,OP,N,N,, , ,ST,0.3,0,SU,NV,1972,NC,,,NC,,,LO,0.15,NM,NV,1995,OV,FR,,LN,,,ST,0.1,PB,NV,1973,, ,,,,,,,2014,1.0
4226,Consolidated Edison Co-NY Inc,2502.0,Waterside,NY,61,RE,N,,, , ,ST, , ,,, ,,,,,,,LO, ,,, ,,,,,,,ST, ,,, ,, ,,,,,,,2014,4.0
4226,Consolidated Edison Co-NY Inc,2502.0,Waterside,NY,62,RE,N,,, , ,ST, , ,,, ,,,,,,,LO, ,,, ,,,,,,,ST, ,,, ,, ,,,,,,,2014,4.0
4226,Consolidated Edison Co-NY Inc,2502.0,Waterside,NY,80,RE,N,,, , ,ST, , ,,, ,,,,,,,LO, ,,, ,,,,,,,ST, ,,, ,, ,,,,,,,2014,4.0
4226,Consolidated Edison Co-NY Inc,2502.0,Waterside,NY,90,RE,N,,, , ,ST, , ,,, ,,,,,,,LO, ,,, ,,,,,,,ST, ,,, ,, ,,,,,,,2014,4.0
4484,Covanta Babylon Inc,50649.0,Covanta Babylon Inc,NY,1,OP,N,,, , ,, , ,,, ,,,,,,,ST,150,NH,DA,1989,SN,,,SN,,,, ,,, ,ST,1989,ACI,,,ACI,,,2014,2.0
4484,Covanta Babylon Inc,50649.0,Covanta Babylon Inc,NY,2,OP,N,,, , ,, , ,,, ,,,,,,,ST,150,NM,DA,1989,SN,,,SN,,,, ,,, ,ST,1989,ACI,,,ACI,,,2014,2.0
4487,Covanta Onondega LP,50662.0,Onondaga County Resource Recovery,NY,UNIT1,OP,N,,, , ,ST, , ,,, ,,,,,,,ST,180,NM,DA,1995,NH3,SN,,NH3,SN,,, ,,, ,ST,1995,ACI,SD,BP,ACI,SD,BP,2014,2.0
4487,Covanta Onondega LP,50662.0,Onondaga County Resource Recovery,NY,UNIT2,OP,N,,, , ,, , ,,, ,,,,,,,ST,180,NM,DA,1995,NH3,SN,,NH3,SN,,, ,,, ,ST,1995,ACI,SD,BP,ACI,SD,BP,2014,2.0
4487,Covanta Onondega LP,50662.0,Onondaga County Resource Recovery,NY,UNIT3,OP,N,,, , ,, , ,,, ,,,,,,,ST,180,NM,DA,1995,NH3,SN,,NH3,SN,,, ,,, ,ST,1995,ACI,SD,BP,ACI,SD,BP,2014,2.0
5511,CCI Roseton LLC,8006.0,Roseton Generating Facility,NY,1,OP,N,N,, , ,ST,0.55, ,SU,YR,1974,SS,,,SS,,,ST,0.15,NP,MO,1995,OV,FR,,MS,,,ST,0.1,PB,NV,1974,ST,1974,,,,,,,2014,1.0
5511,CCI Roseton LLC,8006.0,Roseton Generating Facility,NY,2,OP,N,N,, , ,ST,0.55, ,SU,YR,1974,SS,,,SS,,,ST,0.15,NP,MO,1995,OV,FR,,OV,FR,,ST,0.1,PB,NV,1974,ST,1974,,,,,,,2014,1.0
5624,"RED-Rochester, LLC",10025.0,"RED-Rochester, LLC",NY,13,RE,N,,, , ,ST, , ,DP,YR,1988,,,,,,,ST, ,NP,DA,1995,,,,,,,ST,0.26,PB,OH,1995,, ,,,,,,,2014,1.0
5624,"RED-Rochester, LLC",10025.0,"RED-Rochester, LLC",NY,14,RE,N,,, , ,ST, , ,DP,YR,1988,,,,,,,ST, ,NP,DA,1995,,,,,,,ST,0.26,PB,OH,1995,, ,,,,,,,2014,1.0
5624,"RED-Rochester, LLC",10025.0,"RED-Rochester, LLC",NY,15,RE,N,,, , ,ST, , ,DP,YR,1988,,,,,,,ST, ,NP,DA,1995,,,,,,,ST,0.26,PB,OH,1972,, ,,,,,,,2014,1.0
5624,"RED-Rochester, LLC",10025.0,"RED-Rochester, LLC",NY,41,SB,N,N,, , ,FD, , ,DP,YR,1988,SS,,,SS,,,FD, ,NP,DA,1995,FU,LA,,FU,LA,,ST,0.26,PB,OH,1972,ST,1972,EW,,,EW,,,2014,1.0
5624,"RED-Rochester, LLC",10025.0,"RED-Rochester, LLC",NY,42,OP,N,N,, , ,FD, , ,DP,YR,1988,SS,,,SS,,,ST, ,NP,DA,1995,FU,LA,,FU,LA,,ST,0.26,PB,OH,1972,ST,1972,EW,,,EW,,,2014,1.0
5624,"RED-Rochester, LLC",10025.0,"RED-Rochester, LLC",NY,43,OP,N,N,, , ,FD, , ,DP,YR,1988,SS,,,SS,,,ST, ,NP,DA,1995,FU,LA,,FU,LA,,ST,0.24,PB,OH,1972,ST,1972,EW,,,EW,,,2014,1.0
5624,"RED-Rochester, LLC",10025.0,"RED-Rochester, LLC",NY,44,OP,Da,N,, , ,FD, , ,DP,NV,1987,NC,,,NC,,,ST, ,NP,DA,1995,FU,LA,,FU,LA,,FD,0.1,PB,NV,1987,ST,1987,EW,,,EW,,,2014,1.0
5624,"RED-Rochester, LLC",10025.0,"RED-Rochester, LLC",NY,PB1,OP,N,N,, , ,FD, , ,DP,YR,1988,NC,,,NC,,,ST, ,NP,DA,1995,LA,,,LA,,,ST,0.2,PB,OH,1972,FD,1995,EW,,,EW,,,2014,1.0
5624,"RED-Rochester, LLC",10025.0,"RED-Rochester, LLC",NY,PB2,OP,N,N,, , ,FD, , ,DP,YR,1988,NC,,,NC,,,ST, ,NP,DA,1995,LA,,,LA,,,ST,0.2,PB,OH,1972,FD,1995,EW,,,EW,,,2014,1.0
5624,"RED-Rochester, LLC",10025.0,"RED-Rochester, LLC",NY,PB3,OP,N,N,, , ,FD, , ,DP,YR,1988,NC,,,NC,,,ST, ,NP,DA,1995,LA,,,LA,,,ST,0.2,PB,OH,1972,FD,1995,EW,,,EW,,,2014,1.0
5624,"RED-Rochester, LLC",10025.0,"RED-Rochester, LLC",NY,PB4,OP,N,N,, , ,FD, , ,DP,YR,1988,NC,,,NC,,,ST, ,NP,DA,1995,LA,,,LA,,,ST,0.2,PB,OH,1972,FD,1995,EW,,,EW,,,2014,1.0
5943,Entergy Nuc Fitzpatrick LLC,6110.0,James A Fitzpatrick,NY,NSS1,OP,,,, , ,, , ,,, ,,,,,,,, ,,, ,,,,,,,, ,,, ,, ,,,,,,,2014,3.0
6027,Entergy Nuclear Indian Point 2,2497.0,Indian Point 2,NY,NSS2,OP,,,, , ,, , ,,, ,,,,,,,, ,,, ,,,,,,,, ,,, ,, ,,,,,,,2014,3.0
6028,Entergy Nuclear Indian Point 3,8907.0,Indian Point 3,NY,NSS3,OP,,,, , ,, , ,,, ,,,,,,,, ,,, ,,,,,,,, ,,, ,, ,,,,,,,2014,3.0
6838,CCI Rensselaer LLC,54034.0,Rensselaer Cogen,NY,HRSG,OP,Db,N,, , ,ST,0.05, ,SU,DT,1994,NC,SS,,,,,ST,9,NM,OH,1994,NC,SR,STM,NC,SR,STM,, ,,, ,ST,1994,,,,,,,2014,2.0
9097,Huntington Resource Recovery,50656.0,Huntington Resource Recovery Facility,NY,UNIT1,OP,N,,, , ,, , ,,, ,,,,,,,ST,185,NM,TH,1991,SN,,,SN,,,, ,,, ,ST,1991,ACI,,,ACI,,,2014,2.0
9097,Huntington Resource Recovery,50656.0,Huntington Resource Recovery Facility,NY,UNIT2,OP,N,,, , ,, , ,,, ,,,,,,,ST,185,NM,TH,1991,SN,,,SN,,,, ,,, ,ST,1991,ACI,,,ACI,,,2014,2.0
9097,Huntington Resource Recovery,50656.0,Huntington Resource Recovery Facility,NY,UNIT3,OP,N,,, , ,, , ,,, ,,,,,,,ST,185,NM,TH,1991,SN,,,SN,,,, ,,, ,ST,1991,ACI,,,ACI,,,2014,2.0
9243,Indeck-Yerkes Ltd Partnership,50451.0,Indeck Yerkes Energy Center,NY,HRSG1,OP,N,,, , ,, , ,,, ,,,,,,,FD,42,NM,OH,1989,STM,,,,,,, ,,, ,FD,1989,,,,,,,2014,2.0
9244,Indeck-Oswego Ltd Partnership,50450.0,Indeck Oswego Energy Center,NY,HRSG1,OP,N,,, , ,, , ,,, ,,,,,,,FD,42,NM,OH,1990,STM,,,,,,, ,,, ,FD,1990,,,,,,,2014,2.0
9245,Indeck-Energy Serv Silver Spg,50449.0,Indeck Silver Springs Energy Center,NY,HRSG1,OP,N,,, , ,, , ,,, ,,,,,,,FD,32,NM,OH,1991,STM,,,,,,, ,,, ,FD,1991,,,,,,,2014,2.0
9261,Indeck-Olean Ltd Partnership,54076.0,Indeck Olean Energy Center,NY,HRSG1,OP,N,,, , ,FD, , ,,, ,,,,,,,ST,9,NM,OH,1994,SR,STM,,SR,STM,,ST,0.004,PB,, ,,1994,,,,,,,2014,2.0
9263,Indeck-Corinth Ltd Partnership,50458.0,Indeck Corinth Energy Center,NY,HRSG1,OP,N,,, , ,, , ,,, ,,,,,,,ST,9,NM,OH,1995,LN,SR,H20,MS,,,, ,,, ,FD,1995,,,,,,,2014,2.0
9350,IPC-Ticonderoga,54099.0,Ticonderoga Mill,NY,PB1,OP,,,, , ,, , ,,, ,,,,,,,ST, ,NP,DA,2015,LN,,,MS,,,, ,,, ,, ,,,,,,,2014,2.0
9350,IPC-Ticonderoga,54099.0,Ticonderoga Mill,NY,RB1,OP,N,,, , ,, , ,,, ,,,,,,,ST, ,,,1998,NP,,,MS,,,, ,,, ,, ,,,,,,,2014,2.0
9645,Jamestown Board of Public Util,2682.0,S A Carlson,NY,10,OP,D,,, , ,, , ,,, ,,,,,,,ST,0.06,NP,OH,2014,LN,,,LN,,,, ,,, ,, ,,,,,,,2014,2.0
9645,Jamestown Board of Public Util,2682.0,S A Carlson,NY,11,RE,,,, , ,, , ,,, ,,,,,,,, ,,, ,,,,,,,, ,,, ,, ,,,,,,,2014,2.0
9645,Jamestown Board of Public Util,2682.0,S A Carlson,NY,12,RE,,,, , ,, , ,,, ,,,,,,,, ,,, ,,,,,,,, ,,, ,, ,,,,,,,2014,2.0
9645,Jamestown Board of Public Util,2682.0,S A Carlson,NY,9,OP,,,, , ,, , ,,, ,,,,,,,ST,0.06,NP,OH,2014,LN,,,LN,,,, ,,, ,, ,,,,,,,2014,2.0
9645,Jamestown Board of Public Util,2682.0,S A Carlson,NY,HRSG,OP,,,, , ,, , ,,, ,,,,,,,ST,0.2,NP,OH,2001,MS,NP,,MS,NP,,, ,,, ,, ,,,,,,,2014,2.0
10023,TC Ravenswood LLC,2500.0,Ravenswood,NY,10,OP,N,N,, , ,ST,77.8,0,DH,YR,1972,NC,WA,,NC,WA,,LO,0.071,NP,YR,1995,MS,NC,,MS,NC,,ST,0.1,PB,NV,1973,FD,2014,,,,,,,2014,1.0
10023,TC Ravenswood LLC,2500.0,Ravenswood,NY,20,OP,N,N,, , ,ST,63.6,0,DH,YR,1972,NC,WA,,NC,WA,,LO,0.074,NP,YR,1995,MS,NC,,MS,NC,,ST,0.1,PB,NV,1973,FD,2014,,,,,,,2014,1.0
10023,TC Ravenswood LLC,2500.0,Ravenswood,NY,30,OP,N,N,, , ,ST,152,0,DH,YR,1972,NC,WA,,NC,WA,,LO,0.075,NP,YR,1995,MS,NC,,MS,NC,,LO,0.1,PB,NV,1971,FD,2014,,,,,,,2014,1.0
10023,TC Ravenswood LLC,2500.0,Ravenswood,NY,40,OP,N,N,, , ,, , ,OT,OT,2005,,,,,,,, ,OT,OT,2005,,,,,,,, ,OT,OT,2005,FD,2014,,,,,,,2014,1.0
10349,KIAC Partners,54114.0,Kennedy International Airport Cogen,NY,HRSG1,OP,N,,, , ,, , ,,, ,,,,,,,FD,9.01,NM,OH,1994,NH3,H20,SR,MS,SR,,, ,,, ,, ,,,,,,,2014,2.0
10349,KIAC Partners,54114.0,Kennedy International Airport Cogen,NY,HRSG2,OP,N,,, , ,, , ,,, ,,,,,,,FD,9.01,NM,OH,1994,NH3,H20,SR,MS,,,, ,,, ,, ,,,,,,,2014,2.0
10849,Wyeth-Averst Lederle,10521.0,Lederle Laboratories,NY,BLR3,OP,,,, , ,, , ,,, ,,,,,,,, ,,, ,,,,,,,, ,,, ,, ,,,,,,,2014,4.0
10849,Wyeth-Averst Lederle,10521.0,Lederle Laboratories,NY,BLR4,OP,,,, , ,, , ,,, ,,,,,,,, ,,, ,,,,,,,, ,,, ,, ,,,,,,,2014,4.0
10849,Wyeth-Averst Lederle,10521.0,Lederle Laboratories,NY,BLR5,,,,, , ,, , ,,, ,,,,,,,, ,,, ,,,,,,,, ,,, ,, ,,,,,,,2014,4.0
10849,Wyeth-Averst Lederle,10521.0,Lederle Laboratories,NY,WHSG1,,,,, , ,, , ,,, ,,,,,,,, ,,, ,,,,,,,, ,,, ,, ,,,,,,,2014,4.0
10849,Wyeth-Averst Lederle,10521.0,Lederle Laboratories,NY,WHSG2,,,,, , ,, , ,,, ,,,,,,,, ,,, ,,,,,,,, ,,, ,, ,,,,,,,2014,4.0
11127,Lockport Energy Associates LP,54041.0,Lockport Energy Associates LP,NY,4,OP,,,, , ,, , ,,, ,,,,,,,, ,,, ,,,,,,,, ,,, ,, ,,,,,,,2014,4.0
12792,NRG New York LLC,2625.0,Bowline Point,NY,1,OP,N,N,, , ,ST,0.0037,0,SU,NV,1972,SS,,,SS,,,ST,0.25,NP,NV,1995,AA,,,AA,,,ST,0.1,PB,NV,1972,, ,,,,,,,2014,1.0
12792,NRG New York LLC,2625.0,Bowline Point,NY,2,OP,N,N,, , ,ST,0.0037,0,SU,NV,1974,SS,,,SS,,,ST,0.25,NP,NV,1995,AA,,,AA,,,ST,0.1,PB,NV,1974,, ,,,,,,,2014,1.0
12792,NRG New York LLC,2629.0,Lovett,NY,3,RE,N,,, , ,ST, , ,,, ,,,,,,,ST, ,,, ,,,,,,,ST, ,,, ,, ,,,,,,,2014,4.0
12792,NRG New York LLC,2629.0,Lovett,NY,4,RE,N,,, , ,ST, , ,,, ,,,,,,,ST, ,,, ,,,,,,,ST, ,,, ,, ,,,,,,,2014,4.0
12792,NRG New York LLC,2629.0,Lovett,NY,5,RE,N,,, , ,ST, , ,,, ,,,,,,,ST, ,,, ,,,,,,,ST, ,,, ,, ,,,,,,,2014,4.0
13168,NRG Huntley Operations Inc,2549.0,C R Huntley Generating Station,NY,63,RE,N,,, , ,ST, , ,SB,DA,1974,,,,,,,LO, ,,, ,,,,,,,ST,0.17,PB,NV,1973,, ,,,,,,,2014,1.0
13168,NRG Huntley Operations Inc,2549.0,C R Huntley Generating Station,NY,64,RE,N,,, , ,ST, , ,SB,DA,1974,,,,,,,LO, ,,, ,,,,,,,ST,0.17,PB,NV,1973,, ,,,,,,,2014,1.0
13168,NRG Huntley Operations Inc,2549.0,C R Huntley Generating Station,NY,65,RE,N,,, , ,ST, , ,SB,DA,1974,,,,,,,ST, ,NL,YR,1974,,,,,,,ST,0.17,PB,NV,1973,, ,,,,,,,2014,1.0
13168,NRG Huntley Operations Inc,2549.0,C R Huntley Generating Station,NY,66,RE,N,N,, , ,ST, , ,DP,DA,1974,,,,,,,ST, ,NP,DA, ,,,,,,,ST,0.17,PB,PS,1973,ST, ,,,,,,,2014,1.0
13168,NRG Huntley Operations Inc,2549.0,C R Huntley Generating Station,NY,67,OP,N,N,, , ,ST,3.4,0,DP,DA,1974,SS,,,SS,,,ST,0.12,NP,DA,1974,LN,AA,SN,LN,AA,SN,ST,0.17,PB,PS,1973,ST,2009,BP,,,BP,ACI,,2014,1.0
13168,NRG Huntley Operations Inc,2549.0,C R Huntley Generating Station,NY,68,OP,N,N,, , ,ST,3.4,0,DP,DA,1974,SS,,,SS,,,ST,0.12,NP,DA,1974,LN,AA,SN,LN,AA,SN,ST,0.17,PB,PS,1973,ST,2009,BP,,,BP,ACI,,2014,1.0
13192,NRG Arthur Kill Operations Inc,2490.0,Arthur Kill Generating Station,NY,20,OP,N,N,, , ,ST, , ,SU,NV,1972,NC,NC,NC,NC,NC,NC,LO,0.15,NM,NV,1995,LA,LN,OV,MS,,,ST,0.1,PB,NV,1971,, ,,,,,,,2014,1.0
13192,NRG Arthur Kill Operations Inc,2490.0,Arthur Kill Generating Station,NY,30,OP,N,N,, , ,ST, , ,SU,NV,1972,NC,NC,NC,NC,NC,NC,ST,0.15,NM,NV,1995,LA,LN,OV,MS,,,ST,0.1,PB,NV,1971,, ,,,,,,,2014,1.0
13579,Dunkirk Power LLC,2554.0,Dunkirk Generating Plant,NY,1,SC,N,N,, , ,ST,2.07,0,DP,DA,1974,SS,,,SS,,,ST,0.12,NP,DA,1995,LN,AA,SN,LN,AA,SN,ST,0.22,PB,PS,1973,ST,2009,BP,,,BP,ACI,,2014,1.0
13579,Dunkirk Power LLC,2554.0,Dunkirk Generating Plant,NY,2,OP,N,N,, , ,ST,2.07,0,DP,DA,1974,SS,,,SS,,,ST,0.12,NP,DA,1995,LN,AA,SN,LN,AA,SN,ST,0.23,PB,PS,1973,ST,2009,BP,,,BP,ACI,,2014,1.0
13579,Dunkirk Power LLC,2554.0,Dunkirk Generating Plant,NY,3,SC,N,N,, , ,ST,2.07,0,DP,DA,1974,SS,,,SS,,,ST,0.12,NP,DA,1995,LN,AA,SN,LN,AA,SN,ST,0.16,PB,PS,1973,ST,2009,BP,,,BP,ACI,,2014,1.0
13579,Dunkirk Power LLC,2554.0,Dunkirk Generating Plant,NY,4,SC,N,N,, , ,ST,2.07,0,DP,DA,1974,SS,,,SS,,,ST,0.12,NP,DA,1995,LN,AA,SN,LN,AA,SN,ST,0.16,PB,PS,1973,ST,2009,BP,,,BP,ACI,,2014,1.0
13606,Nine Mile Point Nuclear Sta LLC,2589.0,Nine Mile Point Nuclear Station,NY,NSS1,OP,,,, , ,, , ,,, ,,,,,,,, ,,, ,,,,,,,, ,,, ,, ,,,,,,,2014,3.0
13606,Nine Mile Point Nuclear Sta LLC,2589.0,Nine Mile Point Nuclear Station,NY,NSS2,OP,,,, , ,, , ,,, ,,,,,,,, ,,, ,,,,,,,, ,,, ,, ,,,,,,,2014,3.0
13923,NRG Oswego Harbor Power Operations Inc,2594.0,Oswego Harbor Power,NY,5,OP,N,N,, , ,ST,0.75,0,SU,DA,1976,NC,,,NC,,,ST,0.25,NP,DA,1976,NC,,,NC,,,ST,0.1,PB,NV,1976,, ,,,,,,,2014,1.0
13923,NRG Oswego Harbor Power Operations Inc,2594.0,Oswego Harbor Power,NY,6,OP,D,N,, , ,ST,0.75,0,SU,TH,1980,NC,,,NC,,,ST,0.2,NP,TH,2014,NC,,,NC,,,ST,0.1,PB,TH,1980,, ,,,,,,,2014,1.0
14182,Sterling Power Partners LP,50744.0,Sterling Power Plant,NY,HRSG,OP,,,, , ,, , ,,, ,,,,,,,, ,,, ,,,,,,,, ,,, ,, ,,,,,,,2014,4.0
14294,PSEG Power New York Inc,2539.0,Bethlehem Energy Center,NY,1,RE,,,, , ,, , ,,, ,,,,,,,, ,,, ,,,,,,,, ,,, ,, ,,,,,,,2014,1.0
14294,PSEG Power New York Inc,2539.0,Bethlehem Energy Center,NY,2,RE,,,, , ,, , ,,, ,,,,,,,, ,,, ,,,,,,,, ,,, ,, ,,,,,,,2014,1.0
14294,PSEG Power New York Inc,2539.0,Bethlehem Energy Center,NY,3,RE,,,, , ,, , ,,, ,,,,,,,, ,,, ,,,,,,,, ,,, ,, ,,,,,,,2014,1.0
14294,PSEG Power New York Inc,2539.0,Bethlehem Energy Center,NY,4,RE,,,, , ,, , ,,, ,,,,,,,, ,,, ,,,,,,,, ,,, ,, ,,,,,,,2014,1.0
14294,PSEG Power New York Inc,2539.0,Bethlehem Energy Center,NY,5,OP,Db,Y,4-0122-00044/00021,2,2002,ST,0.0006,0,DP,NV,2005,SS,,,NC,,,ST,0.0073,NP,NV,2005,SR,LN,,NC,,,ST,0.011,PB,NV,2005,, ,,,,,,,2014,1.0
14294,PSEG Power New York Inc,2539.0,Bethlehem Energy Center,NY,6,OP,Db,Y,4-0122-00044/00021,2,2002,ST,0.0006,0,DP,NV,2005,SS,,,NC,,,ST,0.0073,NP,NV,2005,SR,LN,,NC,,,ST,0.011,PB,NV,2005,, ,,,,,,,2014,1.0
14294,PSEG Power New York Inc,2539.0,Bethlehem Energy Center,NY,7,OP,Db,Y,4-0122-00044/00021,2,2008,ST,0.0006,0,DP,NV,2005,SS,,,NC,,,ST,0.0073,NP,NV,2005,SR,LN,,NC,,,ST,0.011,PB,NV,2005,, ,,,,,,,2014,1.0
15253,Power City Partners LP,54592.0,Massena Energy Facility,NY,HRSG1,OP,Db,,, , ,, , ,,, ,,,,,,,ST,9,NH,NV,1992,SR,NH3,,NC,,,, ,,, ,, ,,,,,,,2014,2.0
15296,New York Power Authority,2491.0,Charles Poletti,NY,001,RE,N,,, , ,ST, , ,,, ,,,,,,,ST, ,,, ,,,,,,,ST, ,,, ,, ,,,,,,,2014,4.0
15296,New York Power Authority,7314.0,Richard M Flynn,NY,EIA01,OP,,,, , ,, , ,,, ,,,,,,,, ,,, ,,,,,,,, ,,, ,, ,,,,,,,2014,4.0
15296,New York Power Authority,56196.0,500MW CC,NY,7A,OP,,,, , ,, , ,,, ,,,,,,,, ,,, ,,,,,,,, ,,, ,, ,,,,,,,2014,3.0
15296,New York Power Authority,56196.0,500MW CC,NY,7B,OP,,,, , ,, , ,,, ,,,,,,,, ,,, ,,,,,,,, ,,, ,, ,,,,,,,2014,3.0
16183,Rochester Gas & Electric Corp,2642.0,Rochester 7,NY,1,RE,N,,, , ,ST, , ,,, ,,,,,,,ST, ,,, ,,,,,,,ST, ,,, ,, ,,,,,,,2014,4.0
16183,Rochester Gas & Electric Corp,2642.0,Rochester 7,NY,2,RE,N,,, , ,ST, , ,,, ,,,,,,,ST, ,,, ,,,,,,,ST, ,,, ,, ,,,,,,,2014,4.0
16183,Rochester Gas & Electric Corp,2642.0,Rochester 7,NY,3,RE,N,,, , ,ST, , ,,, ,,,,,,,ST, ,,, ,,,,,,,ST, ,,, ,, ,,,,,,,2014,4.0
16183,Rochester Gas & Electric Corp,2642.0,Rochester 7,NY,4,RE,N,,, , ,ST, , ,,, ,,,,,,,ST, ,,, ,,,,,,,ST, ,,, ,, ,,,,,,,2014,4.0
16729,Saranac Power Partners LP,54574.0,Saranac Facility,NY,HRSG1,OP,,,, , ,, , ,,, ,,,,,,,FD,0.08,NP,OH,1994,LN,NH3,SR,,,,, ,,, ,, ,,,,,,,2014,2.0
16729,Saranac Power Partners LP,54574.0,Saranac Facility,NY,HRSG2,OP,,,, , ,, , ,,, ,,,,,,,FD,0.08,NP,OH,1994,NH3,SR,LN,,,,, ,,, ,, ,,,,,,,2014,2.0
16839,Seneca Power Partners LP,54593.0,Batavia Power Plant,NY,HRSG,OP,,,, , ,, , ,,, ,,,,,,,, ,,, ,,,,,,,, ,,, ,, ,,,,,,,2014,4.0
16909,Selkirk Cogen Partners LP,10725.0,Selkirk Cogen,NY,HRSG1,OP,Db,N,, , ,ST,0.2,0,SU,NS,1992,NC,,,NC,,,ST,0.091,NP,NS,1992,NC,,,NC,,,ST,0.014,PB,NS,1992,, ,,,,,,,2014,1.0
16909,Selkirk Cogen Partners LP,10725.0,Selkirk Cogen,NY,HRSG2,OP,Db,N,, , ,ST,0.2,0,SU,NS,1994,NC,,,NC,,,ST,0.0181,NP,NS,1994,SR,,,NC,,,ST,0.014,PB,NS,1994,, ,,,,,,,2014,1.0
16909,Selkirk Cogen Partners LP,10725.0,Selkirk Cogen,NY,HRSG3,OP,Db,N,, , ,ST,0.2,0,SU,NS,1994,NC,,,NC,,,ST,0.0181,NP,NS,1994,SR,,,NC,,,ST,0.014,PB,NS,1994,, ,,,,,,,2014,1.0
17254,Sithe/Independence LLC,54547.0,Sithe Independence Station,NY,HRSG 1,OP,Db,N,, , ,ST,0.0006,0,DP,YR,1995,WA,,,WA,,,ST,0.0121,NH,OH,1995,SR,,,NC,,,ST,15.9,PH,OH,1995,, ,,,,,,,2014,1.0
17254,Sithe/Independence LLC,54547.0,Sithe Independence Station,NY,HRSG 2,OP,Db,N,, , ,ST,0.0006,0,DP,YR,1995,WA,,,WA,,,ST,0.0126,NH,OH,1995,SR,,,NC,,,ST,15.9,PH,OH,1995,, ,,,,,,,2014,1.0
17254,Sithe/Independence LLC,54547.0,Sithe Independence Station,NY,HRSG 3,OP,Db,N,, , ,ST,0.0006,0,DP,YR,1995,WA,,,WA,,,ST,0.0118,NH,OH,1995,SR,,,NC,,,ST,15.9,PH,OH,1995,, ,,,,,,,2014,1.0
17254,Sithe/Independence LLC,54547.0,Sithe Independence Station,NY,HRSG 4,OP,Db,N,, , ,ST,0.0006,0,DC,YR,1995,WA,,,WA,,,ST,0.0126,NH,OH,1995,SR,,,NC,,,ST,15.9,PH,OH,1995,, ,,,,,,,2014,1.0
18020,Starrett City Inc,50743.0,Starrett City Cogen Facility,NY,1,OP,N,,, , ,ST, , ,,, ,,,,,,,ST,0.3,NP,ND,2015,LA,,,MS,MS,MS,, ,,, ,, ,,,,,,,2014,2.0
18020,Starrett City Inc,50743.0,Starrett City Cogen Facility,NY,2,OP,N,,, , ,, , ,,, ,,,,,,,, ,,, ,LA,,,,,,, ,,, ,, ,,,,,,,2014,2.0
18020,Starrett City Inc,50743.0,Starrett City Cogen Facility,NY,3,OP,N,,, , ,, , ,,, ,,,,,,,, ,,, ,LA,,,,,,, ,,, ,, ,,,,,,,2014,2.0
18020,Starrett City Inc,50743.0,Starrett City Cogen Facility,NY,4,SB,N,,, , ,, , ,,, ,,,,,,,, ,,, ,LA,,,MS,,,, ,,, ,, ,,,,,,,2014,2.0
19153,Nassau Energy Corp,52056.0,Nassau Energy Corp,NY,4,OP,,,, , ,, , ,,, ,,,,,,,ST,42,NM,OH,1995,STM,,,,,,, ,,, ,ST,2008,,,,,,,2014,2.0
20541,Wheelabrator Environmental Systems,10503.0,Wheelabrator Hudson Falls,NY,SG201A,OP,Db,,, , ,ST, , ,,, ,,,,,,,FD,205,NM,DA,2000,MS,,,MS,,,ST, ,,, ,ST,2000,ACI,EC,SD,ACI,EC,SD,2014,2.0
20541,Wheelabrator Environmental Systems,10503.0,Wheelabrator Hudson Falls,NY,SG201B,OP,N,,, , ,, , ,,, ,,,,,,,FD,205,NM,DA,2000,MS,,,MS,,,, ,,, ,ST, ,ACI,EC,SD,ACI,EC,SD,2014,2.0
20541,Wheelabrator Environmental Systems,50882.0,Wheelabrator Westchester,NY,1,OP,N,,, , ,, , ,,, ,,,,,,,ST,184,NM,DA,1999,SN,,,SN,,,FD, ,,, ,ST,1999,ACI,BS,SD,ACI,BS,SD,2014,2.0
20541,Wheelabrator Environmental Systems,50882.0,Wheelabrator Westchester,NY,2,OP,N,,, , ,, , ,,, ,,,,,,,ST,184,NM,DA,1999,SN,,,SN,,,, ,,, ,ST,1999,ACI,BS,SD,ACI,BS,SD,2014,2.0
20541,Wheelabrator Environmental Systems,50882.0,Wheelabrator Westchester,NY,3,OP,N,,, , ,, , ,,, ,,,,,,,ST,184,NM,DA,1999,SN,,,SN,,,, ,,, ,ST,1999,ACI,SD,BS,ACI,SD,BS,2014,2.0
22125,"Cayuga Operating Company, LLC",2535.0,Cayuga Operating Company,NY,1,OP,N,N,, , ,ST,3.4,0.7,DP,YR,1988,NC,,,NC,,,ST,0.12,NP,DA,2001,SR,LN,,SR,LN,,ST,0.1,PB,NV,1998,ST,2001,SP,EK,,SP,EK,,2014,1.0
22125,"Cayuga Operating Company, LLC",2535.0,Cayuga Operating Company,NY,2,OP,N,N,, , ,ST,3.4,0.7,DP,YR,1988,NC,,,NC,,,ST,0.32,NP,DA,2014,LN,,,LN,,,ST,0.1,PB,NV,1998,ST,2014,SP,OT,,SP,OT,,2014,1.0
22129,Somerset Operating Co LLC,6082.0,Somerset Operating Co LLC,NY,1,OP,Da,N,, , ,FD,0.6,0.01,DP,MO,1984,NC,,,NC,,,ST,0.12,NP,DA,1995,LN,SR,,,,,FD,0.03,PB,NV,1984,ST,2010,SP,,,,,,2014,1.0
22979,Astoria Energy LLC,55375.0,Astoria Energy,NY,HRSG1,OP,Db,Y,2-6301-00072/00014,12,2001,FD,0.0015,0,DP,PS,2006,NC,WA,,NC,WA,,FD,2,NM,TH,2006,NC,SR,H20,NC,SR,H20,FD,0.01,PB,PS,2006,ST,2006,,,,,,,2014,1.0
22979,Astoria Energy LLC,55375.0,Astoria Energy,NY,HRSG2,OP,Db,Y,2-6301-00072/00014,12,2001,FD,0.0015,0,DP,PS,2006,NC,,,NC,,,FD,2,NH,TH,2006,NC,SR,,NC,,,FD,0.01,PB,PS,2006,LO,2006,,,,,,,2014,1.0
24202,Carr Street Generating Sta LP,50978.0,Carr Street Generating Station,NY,HRSG1,OP,,,, , ,, , ,,, ,,,,,,,, ,,, ,,,,,,,, ,,, ,, ,,,,,,,2014,4.0
24202,Carr Street Generating Sta LP,50978.0,Carr Street Generating Station,NY,HRSG2,OP,,,, , ,, , ,,, ,,,,,,,, ,,, ,,,,,,,, ,,, ,, ,,,,,,,2014,4.0
24210,Riverbay Corp,52168.0,Riverbay,NY,U00003,OP,,,, , ,, , ,,, ,,,,,,,ST,0.1,NH,OH,2011,LN,,,NC,,,, ,,, ,,2011,,,,,,,2014,2.0
24210,Riverbay Corp,52168.0,Riverbay,NY,U00004,OP,,,, , ,, , ,,, ,,,,,,,ST,2.5,NM,TH,2011,SR,,,NC,,,, ,,, ,ST,2011,,,,,,,2014,2.0
24210,Riverbay Corp,52168.0,Riverbay,NY,U00006,OP,,,, , ,, , ,,, ,,,,,,,ST,2.5,NM,TH,2011,SR,,,NC,,,, ,,, ,ST,2011,,,,,,,2014,2.0
24210,Riverbay Corp,52168.0,Riverbay,NY,U00008,PL,,,, , ,, , ,,, ,,,,,,,, ,,, ,,,,,,,, ,,, ,, ,,,,,,,2014,2.0
24457,Calpine Eastern Corp,50292.0,Bethpage Power Plant,NY,HRSG1,OP,,,, , ,, , ,,, ,,,,,,,ST,42,NM,OH,1987,STM,,,STM,,,, ,,, ,, ,,,,,,,2014,2.0
24457,Calpine Eastern Corp,50292.0,Bethpage Power Plant,NY,HRSG2,OP,,,, , ,, , ,,, ,,,,,,,ST,42,NM,OH,1987,STM,,,STM,,,, ,,, ,, ,,,,,,,2014,2.0
24457,Calpine Eastern Corp,50292.0,Bethpage Power Plant,NY,HRSG3,OP,,,, , ,, , ,,, ,,,,,,,ST,2.5,NM,OH,2005,SR,,,SR,,,, ,,, ,, ,,,,,,,2014,2.0
32173,New Athens Generating Company LLC,55405.0,Athens Generating Plant,NY,HRSG01,OP,,,, , ,, , ,,, ,,,,,,,, ,,, ,,,,,,,, ,,, ,, ,,,,,,,2014,3.0
32173,New Athens Generating Company LLC,55405.0,Athens Generating Plant,NY,HRSG02,OP,,,, , ,, , ,,, ,,,,,,,, ,,, ,,,,,,,, ,,, ,, ,,,,,,,2014,3.0
32173,New Athens Generating Company LLC,55405.0,Athens Generating Plant,NY,HRSG03,OP,,,, , ,, , ,,, ,,,,,,,, ,,, ,,,,,,,, ,,, ,, ,,,,,,,2014,3.0
40052,AG Energy LP,10803.0,Ogdensburg Power,NY,HRSG A,OS,,,, , ,, , ,,, ,,,,,,,, ,,, ,,,,,,,, ,,, ,, ,,,,,,,2014,2.0
49837,Pinelawn Power LLC,56188.0,Pinelawn Power LLC,NY,001,OP,Db,,, , ,FD, , ,,, ,,,,,,,FD,4.33,NH,NV,2005,SR,H20,NH3,MS,,,FD,0.1,PB,, ,, ,,,,,,,2014,2.0
49950,"Caithness Long Island, LLC",56234.0,Caithness Long Island Energy Center,NY,HRSG01,OP,Da,N,, , ,, , ,,, ,,,,,,,ST,2,NM,TH,2009,SR,,,SR,,,, ,,, ,, ,,,,,,,2014,1.0
50100,"R.E. Ginna Nuclear Power Plant, LLC",6122.0,R E Ginna Nuclear Power Plant,NY,NSS1,OP,,,, , ,, , ,,, ,,,,,,,, ,,, ,,,,,,,, ,,, ,, ,,,,,,,2014,3.0
50136,North American Energy Services,54131.0,Fortistar North Tonawanda,NY,HR123,OP,,,, , ,, , ,,, ,,,,,,,, ,,, ,,,,,,,, ,,, ,, ,,,,,,,2014,4.0
54863,U S Power Generating Company LLC,8906.0,Astoria Generating Station,NY,20,OP,N,N,, , ,ST,39.5,0,OT,NV,1972,WA,,,WA,,,ST,0.08,NP,OT,2014,LN,,,LN,,,ST,0.01,PB,NV,2005,, ,,,,,,,2014,1.0
54863,U S Power Generating Company LLC,8906.0,Astoria Generating Station,NY,30,OP,N,N,, , ,ST,0.3,0,SU,NV,1972,WA,,,WA,,,ST,0.15,NP,OT,2014,LN,,,FR,,,ST,0.1,PB,NV,1973,FD,2015,OT,,,OT,,,2014,1.0
54863,U S Power Generating Company LLC,8906.0,Astoria Generating Station,NY,40,OS,N,N,, , ,ST,0.3,0,SU,NV,1972,WA,,,WA,,,ST,0.15,NP,OT,2014,LN,,,LN,,,ST,0.1,PB,NV,1973,FD,2015,OT,,,OT,,,2014,1.0
54863,U S Power Generating Company LLC,8906.0,Astoria Generating Station,NY,50,OP,N,N,, , ,ST,0.3,0,SU,NV,1972,WA,,,WA,,,ST,0.15,NP,OT,2014,LN,,,LN,,,ST,0.1,PB,NV,1973,FD,2015,OT,,,OT,,,2014,1.0
55807,Niagara Generation LLC,50202.0,WPS Power Niagara,NY,1,OP,N,N,, , ,FD, , ,DP,MO, ,CF,,,CF,,,FD,0.02,NP,MO,2014,SN,,,SN,,,FD, ,PB,PS, ,FD,2015,BP,,,BP,,,2014,2.0
56174,Finch Paper LLC,10511.0,Finch Paper,NY,10,OP,N,,, , ,, , ,,, ,,,,,,,ST,464,NM,MO,1995,MS,,,NC,,,, ,,, ,,1987,,,,,,,2014,2.0
56174,Finch Paper LLC,10511.0,Finch Paper,NY,4,OP,N,,, , ,, , ,,, ,,,,,,,ST,0.45,NP,MO,1995,MS,,,LN,,,, ,,, ,, ,,,,,,,2014,2.0
56174,Finch Paper LLC,10511.0,Finch Paper,NY,5,OP,N,,, , ,, , ,,, ,,,,,,,ST,0.45,NP,MO,1995,MS,,,LN,,,, ,,, ,, ,,,,,,,2014,2.0
56174,Finch Paper LLC,10511.0,Finch Paper,NY,8,OP,N,,, , ,ST, , ,,, ,,,,,,,ST,464,NM,MO,1995,MS,,,NC,,,, ,,, ,, ,,,,,,,2014,2.0
56174,Finch Paper LLC,10511.0,Finch Paper,NY,9,OP,N,,, , ,, , ,,, ,,,,,,,ST,0.27,NP,MO,1995,NC,,,NC,,,, ,,, ,, ,,,,,,,2014,2.0
56204,CPV Valley LLC,56940.0,CPV Valley Energy Center,NY,HRSG1,PL,Db,N,, , ,ST, , ,,,2018,,,,WA,WA,WA,ST, ,,,2016,,,,SR,,,ST, ,,,2016,, ,,,,,,,2014,1.0
56204,CPV Valley LLC,56940.0,CPV Valley Energy Center,NY,HRSG2,PL,Db,N,, , ,ST, , ,,,2016,,,,WA,WA,WA,ST, ,,,2016,,,,,,,ST, ,,,2016,, ,,,,,,,2014,1.0
56479,PIC Group Inc,10190.0,Castleton Energy Center,NY,HRSG-1,OP,,,, , ,, , ,,, ,,,,,,,FD,25,NM,OH,1992,STM,,,,,,, ,,, ,,1992,,,,,,,2014,2.0
56480,Empire Generating Co  LLC,56259.0,Empire Generating Co  LLC,NY,HRSG11,OP,N,Y,3814-00052/0003,7,2014,FD,0.06,0,DP,NV,2010,NC,,,NC,,,ST,2,NM,TH,2010,SR,NH3,LN,MS,,,ST,0.012,PB,PS,2010,, ,,,,,,,2014,1.0
56480,Empire Generating Co  LLC,56259.0,Empire Generating Co  LLC,NY,HRSG12,OP,N,Y,3814-00052/0003,7,2014,FD,0.06,0,DP,NV,2010,NC,,,NC,,,ST,2,NM,TH,2010,SR,NH3,LN,MS,,,ST,0.012,PB,PS,2010,, ,,,,,,,2014,1.0
56505,National Grid Generation LLC,2511.0,E F Barrett,NY,10,OP,N,N,, , ,ST,0.401,0,SU,NV,1971,NC,,,NC,,,ST,0.15,NP,OH,1995,NC,,,NC,,,ST,0.1,PB,NV,1971,, ,,,,,,,2014,1.0
56505,National Grid Generation LLC,2511.0,E F Barrett,NY,20,OP,N,N,, , ,ST,0.401,0,SU,NV,1971,NC,,,NC,,,ST,0.15,NP,OH,1995,OV,,,NC,,,ST,0.1,PB,NV,1971,, ,,,,,,,2014,1.0
56505,National Grid Generation LLC,2513.0,Far Rockaway,NY,40,RE,N,N,, , ,ST, , ,SU,NV,1971,,,,,,,ST, ,NP,OH,1995,,,,,,,ST,0.1,PB,NV,1971,, ,,,,,,,2014,4.0
56505,National Grid Generation LLC,2514.0,Glenwood,NY,40,RE,N,N,, , ,ST, , ,SU,NV,1971,,,,,,,ST, ,NP,OH,1995,,,,,,,ST,0.1,PB,NV,1971,, ,,,,,,,2014,4.0
56505,National Grid Generation LLC,2514.0,Glenwood,NY,50,RE,N,N,, , ,ST, , ,SU,NV,1971,,,,,,,ST, ,NP,OH,1995,,,,,,,ST,0.1,PB,NV,1971,, ,,,,,,,2014,4.0
56505,National Grid Generation LLC,2516.0,Northport,NY,1,OP,N,N,, , ,ST,1.1,0,SU,NV,1976,NC,,,SS,,,ST,0.15,NP,OH,1995,OV,,,NC,,,ST,0.1,PB,NV,1971,, ,,,,,,,2014,1.0
56505,National Grid Generation LLC,2516.0,Northport,NY,2,OP,N,N,, , ,ST,1.1,0,SU,NV,1976,NC,,,SS,,,ST,0.15,NP,OH,1995,OV,,,NC,,,ST,0.1,PB,NV,1971,, ,,,,,,,2014,1.0
56505,National Grid Generation LLC,2516.0,Northport,NY,3,OP,N,N,, , ,ST,1.1,0,SU,NV,1976,NC,,,SS,,,ST,0.15,NP,OH,1995,OV,,,NC,,,ST,0.1,PB,NV,1972,, ,,,,,,,2014,1.0
56505,National Grid Generation LLC,2516.0,Northport,NY,4,OP,D,N,, , ,FD,0.8,0,SU,NV,1977,SS,,,SS,,,FD,0.15,NP,OH,1995,OV,,,NC,,,ST,0.8,PB,NV,1977,, ,,,,,,,2014,1.0
56505,National Grid Generation LLC,2517.0,Port Jefferson,NY,1,RE,N,N,, , ,ST,1.1,0,SU,NV,1971,NC,,,SS,,,ST,0.15,NP,OH,1995,OV,,,NC,,,ST,0.1,PB,NV,1971,, ,,,,,,,2014,1.0
56505,National Grid Generation LLC,2517.0,Port Jefferson,NY,2,RE,N,,, , ,ST, , ,SU,NV,1971,,,,,,,ST, ,NP,OH,1995,,,,,,,ST,0.1,PB,NV,1971,, ,,,,,,,2014,1.0
56505,National Grid Generation LLC,2517.0,Port Jefferson,NY,3,OP,N,N,, , ,ST,0.045,0.5,SU,NV,1976,NC,,,SS,,,ST,0.15,NP,OH,1995,OV,,,NC,,,ST,0.1,PB,NV,1971,, ,,,,,,,2014,1.0
56505,National Grid Generation LLC,2517.0,Port Jefferson,NY,4,OP,N,N,, , ,ST,1.1,0,SU,NV,1976,NC,,,SS,,,ST,0.15,NP,OH,1995,OV,,,NC,,,ST,0.1,PB,NV,1971,, ,,,,,,,2014,1.0
56534,Cricket Valley Energy Center LLC,57185.0,Cricket Valley Energy,NY,U1HRSG,PL,N,N,, , ,FD, , ,DP,NV,2015,,,,SS,,,ST, ,NP,NV,2015,,,,ND,,,FD,0.007,PB,NV,2015,, ,,,,,,,2014,1.0
56534,Cricket Valley Energy Center LLC,57185.0,Cricket Valley Energy,NY,U2HRSG,PL,N,N,, , ,FD, , ,DP,NV,2015,,,,SS,,,ST, ,NP,NV,2015,,,,ND,,,FD,0.007,PB,NV,2015,, ,,,,,,,2014,1.0
56534,Cricket Valley Energy Center LLC,57185.0,Cricket Valley Energy,NY,U3HRSG,PL,N,N,, , ,FD, , ,DP,NV,2015,,,,SS,,,ST, ,NP,NV,2015,,,,ND,,,FD,0.007,PB,NV,2015,, ,,,,,,,2014,1.0
56601,Covanta MacArthur Renewable Energy,51038.0,MacArthur Waste to Energy Facility,NY,B1,OP,D,,, , ,, , ,,, ,,,,,,,ST,170,NM,DA,1990,OV,LA,OT,OV,LA,OT,, ,,, ,ST,1990,BR,SP,,BR,SP,,2014,2.0
56601,Covanta MacArthur Renewable Energy,51038.0,MacArthur Waste to Energy Facility,NY,B2,OP,,,, , ,ST, , ,,, ,,,,,,,ST,170,NM,DA,1990,OV,LA,,OV,LA,,, ,,, ,ST,1990,BR,SP,,BR,SP,,2014,2.0
56991,Astoria Energy II LLC,57664.0,Astoria Energy II,NY,HRSG3,OP,Db,Y,2-6301-00072/00014,12,2001,ST,0.0015,0,DP,PS,2011,NC,,,NC,,,ST,2,NM,PS,2011,NC,SR,H20,NC,SR,H20,FD,0.01,PB,PS,2011,, ,,,,,,,2014,1.0
56991,Astoria Energy II LLC,57664.0,Astoria Energy II,NY,HRSG4,OP,Db,Y,2-6301-00072/00014,12,2001,ST,0.0015,0,DP,PS,2011,NC,,,NC,,,FD,2,NM,PS,201,NC,SR,H20,NC,SR,H20,FD,0.01,PB,OH,2011,, ,,,,,,,2014,1.0
57431,ReEnergy Biomass LLC,54526.0,ReEnergy Biomass LLC,NY,00001,OP,,,, , ,, , ,,, ,,,,,,,ST,0.2,NP,OH,1992,MS,,,MS,,,, ,,, ,,1992,,,,,,,2014,2.0
57433,ReEnergy Chateaugay LLC,50277.0,ReEnergy Chateaugay Power Station,NY,BLR1,OS,,,, , ,, , ,,, ,,,,,,,ST,506,NH,EH,1993,MS,,,MS,,,, ,,, ,, ,,,,,,,2014,2.0
58107,University of Rochester,58157.0,University of Rochester,NY,5,OP,Db,,, , ,, , ,,, ,,,,,,,ST,0.11,NH,PS,1998,LN,,,MS,,,, ,,, ,, ,,,,,,,2014,2.0
58107,University of Rochester,58157.0,University of Rochester,NY,6,OP,Db,,, , ,, , ,,, ,,,,,,,ST,0.858,NH,PS,1998,LN,,,MS,,,, ,,, ,, ,,,,,,,2014,2.0
58107,University of Rochester,58157.0,University of Rochester,NY,7,OP,,,, , ,ST, , ,,, ,,,,,,,ST,0.561,NH,PS,1998,LN,,,MS,,,, ,,, ,, ,,,,,,,2014,2.0
58107,University of Rochester,58157.0,University of Rochester,NY,9,OP,Db,,, , ,ST, , ,,, ,,,,,,,ST,0.56,NH,PS,2005,LN,,,MS,,,, ,,, ,, ,,,,,,,2014,2.0
58337,Lakeside Syracuse LLC,10621.0,CH Resources Syracuse,NY,HRSG50,SB,Db,,, , ,, , ,,, ,,,,,,,, ,,, ,SR,,,,,,, ,,, ,, ,,,,,,,2014,2.0
58338,Lakeside Beaver Falls LLC,10617.0,CH Resources Beaver Falls,NY,HRSG50,OP,Db,,, , ,, , ,,, ,,,,,,,, ,,, ,SR,,,,,,, ,,, ,, ,,,,,,,2014,2.0
58651,"Allegany Generating Station, LLC",7784.0,Allegany Cogen,NY,HRSG,OP,Dc,,, , ,FD, , ,,, ,,,,,,,FD,9,NM,OH,1994,H20,SR,,H20,SR,,FD, ,,, ,, ,,,,,,,2014,2.0
58971,Danskammer Energy,2480.0,Danskammer Generating Station,NY,1,OS,N,N,, , ,ST,1.1,0,SB,NV,1972,NC,,,NC,,,ST,0.42,NP,DA,1995,NC,,,NC,,,ST,20,OP,SM,1972,, ,,,,,,,2014,1.0
58971,Danskammer Energy,2480.0,Danskammer Generating Station,NY,2,OS,N,N,, , ,ST,1.1,0,SB,NV,1972,NC,,,NC,,,ST,0.42,NP,DA,1995,NC,,,NC,,,ST,20,OP,SM,1972,,1972,,,,,,,2014,1.0
58971,Danskammer Energy,2480.0,Danskammer Generating Station,NY,3,OS,N,N,, , ,ST,1.1,0,SB,DA,1987,NC,,,NC,,,ST,0.42,NP,DA,1995,OV,LN,,OV,LN,,ST,20,OP,SM,1987,, ,,,,,,,2014,1.0
58971,Danskammer Energy,2480.0,Danskammer Generating Station,NY,4,OS,N,N,, , ,ST,1.1,0,SB,DA,1987,NC,,,NC,,,ST,0.42,NP,DA,1995,OV,LN,,OV,LN,,ST,20,OP,SM,1987,, ,,,,,,,2014,1.0
58971,Danskammer Energy,2480.0,Danskammer Generating Station,NY,1,OP,N,N,, , ,ST,1.1,0,SB,NV,1972,NC,,,NC,,,ST,0.42,NP,DA,1995,NC,,,NC,,,ST,20,OP,SM,1972,, ,,,,,,,2015,1.0
58971,Danskammer Energy,2480.0,Danskammer Generating Station,NY,2,OP,N,N,, , ,ST,1.1,0,SB,NV,1972,NC,,,NC,,,ST,0.42,NP,DA,1995,NC,,,NC,,,ST,20,OP,SM,1972,,1972,,,,,,,2015,1.0
58971,Danskammer Energy,2480.0,Danskammer Generating Station,NY,3,OP,N,N,, , ,ST,1.1,0,SB,DA,1987,NC,,,NC,,,ST,0.42,NP,DA,1995,OV,LN,,OV,LN,,ST,20,OP,SM,1987,, ,,,,,,,2015,1.0
58971,Danskammer Energy,2480.0,Danskammer Generating Station,NY,4,OP,N,N,, , ,ST,1.1,0,SB,DA,1987,NC,,,NC,,,ST,0.42,NP,DA,1995,OV,LN,,OV,LN,,ST,20,OP,SM,1987,, ,,,,,,,2015,1.0
13192,NRG Arthur Kill Operations Inc,2490.0,Arthur Kill Generating Station,NY,20,OP,N,N,, , ,ST, , ,SU,NV,1972,NC,NC,NC,NC,NC,NC,LO,0.15,NM,NV,1995,LA,LN,OV,MS,,,ST,0.1,PB,NV,1971,, ,,,,,,,2015,1.0
13192,NRG Arthur Kill Operations Inc,2490.0,Arthur Kill Generating Station,NY,30,OP,N,N,, , ,ST, , ,SU,NV,1972,NC,NC,NC,NC,NC,NC,ST,0.15,NM,NV,1995,LA,LN,OV,MS,,,ST,0.1,PB,NV,1971,, ,,,,,,,2015,1.0
15296,New York Power Authority,2491.0,Charles Poletti,NY,001,RE,N,,, , ,ST, , ,,, ,,,,,,,ST, ,,, ,,,,,,,ST, ,,, ,, ,,,,,,,2015,4.0
4226,Consolidated Edison Co-NY Inc,2493.0,East River,NY,60,OP,N,N,, , ,ST,0.3,0,SU,NV,1972,NC,,,NC,,,LO,0.15,NM,NV,1995,OV,LA,,LN,,,ST,0.1,PB,NV,1973,, ,,,,,,,2015,1.0
4226,Consolidated Edison Co-NY Inc,2493.0,East River,NY,70,OP,N,N,, , ,ST,0.3,0,SU,NV,1972,NC,,,NC,,,LO,0.15,NM,NV,1995,OV,FR,,LN,,,ST,0.1,PB,NV,1973,, ,,,,,,,2015,1.0
6027,Entergy Nuclear Indian Point 2,2497.0,Indian Point 2,NY,NSS2,OP,,,, , ,, , ,,, ,,,,,,,, ,,, ,,,,,,,, ,,, ,, ,,,,,,,2015,3.0
10023,TC Ravenswood LLC,2500.0,Ravenswood,NY,10,OP,N,N,, , ,ST,32.4,0,DH,YR,1972,NC,WA,,NC,WA,,LO,0.068,NP,YR,1995,MS,NC,,MS,NC,,ST,0.1,PB,NV,1973,FD,2014,,,,,,,2015,1.0
10023,TC Ravenswood LLC,2500.0,Ravenswood,NY,20,OP,N,N,, , ,ST,48.3,0,DH,YR,1972,NC,WA,,NC,WA,,LO,0.076,NP,YR,1995,MS,NC,,MS,NC,,ST,0.1,PB,NV,1973,FD,2014,,,,,,,2015,1.0
10023,TC Ravenswood LLC,2500.0,Ravenswood,NY,30,OP,N,N,, , ,ST,4.8,0,DH,YR,1972,NC,WA,,NC,WA,,LO,0.071,NP,YR,1995,MS,NC,,MS,NC,,LO,0.1,PB,NV,1971,FD,2014,,,,,,,2015,1.0
10023,TC Ravenswood LLC,2500.0,Ravenswood,NY,40,OP,N,N,, , ,,3.5, ,OT,OT,2005,,,,,,,,0.009,OT,OT,2005,,,,,,,, ,OT,OT,2005,FD,2014,,,,,,,2015,1.0
4226,Consolidated Edison Co-NY Inc,2502.0,Waterside,NY,61,RE,N,,, , ,ST, , ,,, ,,,,,,,LO, ,,, ,,,,,,,ST, ,,, ,, ,,,,,,,2015,4.0
4226,Consolidated Edison Co-NY Inc,2502.0,Waterside,NY,62,RE,N,,, , ,ST, , ,,, ,,,,,,,LO, ,,, ,,,,,,,ST, ,,, ,, ,,,,,,,2015,4.0
4226,Consolidated Edison Co-NY Inc,2502.0,Waterside,NY,80,RE,N,,, , ,ST, , ,,, ,,,,,,,LO, ,,, ,,,,,,,ST, ,,, ,, ,,,,,,,2015,4.0
4226,Consolidated Edison Co-NY Inc,2502.0,Waterside,NY,90,RE,N,,, , ,ST, , ,,, ,,,,,,,LO, ,,, ,,,,,,,ST, ,,, ,, ,,,,,,,2015,4.0
56505,National Grid Generation LLC,2511.0,E F Barrett,NY,10,OP,N,N,, , ,ST,0.401,0,SU,NV,1971,NC,,,NC,,,ST,0.15,NP,OH,1995,NC,,,NC,,,ST,0.1,PB,NV,1971,, ,,,,,,,2015,1.0
56505,National Grid Generation LLC,2511.0,E F Barrett,NY,20,OP,N,N,, , ,ST,0.401,0,SU,NV,1971,NC,,,NC,,,ST,0.15,NP,OH,1995,OV,,,NC,,,ST,0.1,PB,NV,1971,, ,,,,,,,2015,1.0
56505,National Grid Generation LLC,2513.0,Far Rockaway,NY,40,RE,N,N,, , ,ST, , ,SU,NV,1971,,,,,,,ST, ,NP,OH,1995,,,,,,,ST,0.1,PB,NV,1971,, ,,,,,,,2015,4.0
56505,National Grid Generation LLC,2514.0,Glenwood,NY,40,RE,N,N,, , ,ST, , ,SU,NV,1971,,,,,,,ST, ,NP,OH,1995,,,,,,,ST,0.1,PB,NV,1971,, ,,,,,,,2015,4.0
56505,National Grid Generation LLC,2514.0,Glenwood,NY,50,RE,N,N,, , ,ST, , ,SU,NV,1971,,,,,,,ST, ,NP,OH,1995,,,,,,,ST,0.1,PB,NV,1971,, ,,,,,,,2015,4.0
56505,National Grid Generation LLC,2516.0,Northport,NY,1,OP,N,N,, , ,ST,1.1,0,SU,NV,1976,NC,,,SS,,,ST,0.15,NP,OH,1995,OV,,,NC,,,ST,0.1,PB,NV,1971,, ,,,,,,,2015,1.0
56505,National Grid Generation LLC,2516.0,Northport,NY,2,OP,N,N,, , ,ST,1.1,0,SU,NV,1976,NC,,,SS,,,ST,0.15,NP,OH,1995,OV,,,NC,,,ST,0.1,PB,NV,1971,, ,,,,,,,2015,1.0
56505,National Grid Generation LLC,2516.0,Northport,NY,3,OP,N,N,, , ,ST,1.1,0,SU,NV,1976,NC,,,SS,,,ST,0.15,NP,OH,1995,OV,,,NC,,,ST,0.1,PB,NV,1972,, ,,,,,,,2015,1.0
56505,National Grid Generation LLC,2516.0,Northport,NY,4,OP,D,N,, , ,FD,0.8,0,SU,NV,1977,SS,,,SS,,,FD,0.15,NP,OH,1995,OV,,,NC,,,ST,0.8,PB,NV,1977,, ,,,,,,,2015,1.0
56505,National Grid Generation LLC,2517.0,Port Jefferson,NY,1,RE,N,N,, , ,ST,1.1,0,SU,NV,1971,NC,,,SS,,,ST,0.15,NP,OH,1995,OV,,,NC,,,ST,0.1,PB,NV,1971,, ,,,,,,,2015,1.0
56505,National Grid Generation LLC,2517.0,Port Jefferson,NY,2,RE,N,,, , ,ST, , ,SU,NV,1971,,,,,,,ST, ,NP,OH,1995,,,,,,,ST,0.1,PB,NV,1971,, ,,,,,,,2015,1.0
56505,National Grid Generation LLC,2517.0,Port Jefferson,NY,3,OP,N,N,, , ,ST,0.045,0.5,SU,NV,1976,NC,,,SS,,,ST,0.15,NP,OH,1995,OV,,,NC,,,ST,0.1,PB,NV,1971,, ,,,,,,,2015,1.0
56505,National Grid Generation LLC,2517.0,Port Jefferson,NY,4,OP,N,N,, , ,ST,1.1,0,SU,NV,1976,NC,,,SS,,,ST,0.15,NP,OH,1995,OV,,,NC,,,ST,0.1,PB,NV,1971,, ,,,,,,,2015,1.0
25,Greenidge Generation Holdings LLC,2527.0,Greenidge Generation LLC,NY,4,RE,N,N,, , ,ST, , ,SB,OT,1988,NC,,,NC,,,ST, ,NP,DA,1995,NC,,,NC,,,ST,0.28,PB,NV,1971,ST,2009,,,,,,,2015,1.0
25,Greenidge Generation Holdings LLC,2527.0,Greenidge Generation LLC,NY,5,RE,N,N,, , ,ST, , ,SB,MO,1988,NC,,,NC,,,ST, ,NP,DA,1995,NC,,,NC,,,ST,0.28,PB,NV,1971,ST,2009,,,,,,,2015,1.0
25,Greenidge Generation Holdings LLC,2527.0,Greenidge Generation LLC,NY,6,OP,D,N,, , ,ST,0.19,0.95,SB,OH,2007,NC,,,NC,,,ST,0.12,NP,OT,1995,AA,LN,SR,SN,,,ST,0.22,PB,NV,1970,ST,2007,BP,CD,ACI,BP,CD,ACI,2015,1.0
22125,"Cayuga Operating Company, LLC",2535.0,Cayuga Operating Company,NY,1,OP,N,N,, , ,ST,3.4,0.7,DP,YR,1988,NC,,,NC,,,ST,0.12,NP,DA,2001,SR,LN,,SR,LN,,ST,0.1,PB,NV,1998,ST,2015,SP,EK,OT,SP,EK,OT,2015,1.0
22125,"Cayuga Operating Company, LLC",2535.0,Cayuga Operating Company,NY,2,OP,N,N,, , ,ST,3.4,0.7,DP,YR,1988,NC,,,NC,,,ST,0.32,NP,DA,2014,LN,,,LN,,,ST,0.1,PB,NV,1998,ST,2015,SP,OT,EK,SP,OT,,2015,1.0
14294,PSEG Power New York Inc,2539.0,Bethlehem Energy Center,NY,1,RE,,,, , ,, , ,,, ,,,,,,,, ,,, ,,,,,,,, ,,, ,, ,,,,,,,2015,1.0
14294,PSEG Power New York Inc,2539.0,Bethlehem Energy Center,NY,2,RE,,,, , ,, , ,,, ,,,,,,,, ,,, ,,,,,,,, ,,, ,, ,,,,,,,2015,1.0
14294,PSEG Power New York Inc,2539.0,Bethlehem Energy Center,NY,3,RE,,,, , ,, , ,,, ,,,,,,,, ,,, ,,,,,,,, ,,, ,, ,,,,,,,2015,1.0
14294,PSEG Power New York Inc,2539.0,Bethlehem Energy Center,NY,4,RE,,,, , ,, , ,,, ,,,,,,,, ,,, ,,,,,,,, ,,, ,, ,,,,,,,2015,1.0
14294,PSEG Power New York Inc,2539.0,Bethlehem Energy Center,NY,5,OP,Db,Y,4-0122-00044/00021,2,2002,ST,0.0006,0,DP,NV,2005,SS,,,NC,,,ST,0.0073,NP,NV,2005,SR,LN,,NC,,,ST,0.011,PB,NV,2005,, ,,,,,,,2015,1.0
14294,PSEG Power New York Inc,2539.0,Bethlehem Energy Center,NY,6,OP,Db,Y,4-0122-00044/00021,2,2002,ST,0.0006,0,DP,NV,2005,SS,,,NC,,,ST,0.0073,NP,NV,2005,SR,LN,,NC,,,ST,0.011,PB,NV,2005,, ,,,,,,,2015,1.0
14294,PSEG Power New York Inc,2539.0,Bethlehem Energy Center,NY,7,OP,Db,Y,4-0122-00044/00021,2,2008,ST,0.0006,0,DP,NV,2005,SS,,,NC,,,ST,0.0073,NP,NV,2005,SR,LN,,NC,,,ST,0.011,PB,NV,2005,, ,,,,,,,2015,1.0
13168,NRG Huntley Operations Inc,2549.0,C R Huntley Generating Station,NY,63,RE,N,,, , ,ST, , ,SB,DA,1974,,,,,,,LO, ,,, ,,,,,,,ST,0.17,PB,NV,1973,, ,,,,,,,2015,1.0
13168,NRG Huntley Operations Inc,2549.0,C R Huntley Generating Station,NY,64,RE,N,,, , ,ST, , ,SB,DA,1974,,,,,,,LO, ,,, ,,,,,,,ST,0.17,PB,NV,1973,, ,,,,,,,2015,1.0
13168,NRG Huntley Operations Inc,2549.0,C R Huntley Generating Station,NY,65,RE,N,,, , ,ST, , ,SB,DA,1974,,,,,,,ST, ,NL,YR,1974,,,,,,,ST,0.17,PB,NV,1973,, ,,,,,,,2015,1.0
13168,NRG Huntley Operations Inc,2549.0,C R Huntley Generating Station,NY,66,RE,N,N,, , ,ST, , ,DP,DA,1974,,,,,,,ST, ,NP,DA, ,,,,,,,ST,0.17,PB,PS,1973,ST, ,,,,,,,2015,1.0
13168,NRG Huntley Operations Inc,2549.0,C R Huntley Generating Station,NY,67,OP,N,N,, , ,ST,3.4,0,DP,DA,1974,SS,,,SS,,,ST,0.12,NP,DA,1974,LN,AA,SN,LN,AA,SN,ST,0.17,PB,PS,1973,ST,2009,BP,,,BP,ACI,,2015,1.0
13168,NRG Huntley Operations Inc,2549.0,C R Huntley Generating Station,NY,68,OP,N,N,, , ,ST,3.4,0,DP,DA,1974,SS,,,SS,,,ST,0.12,NP,DA,1974,LN,AA,SN,LN,AA,SN,ST,0.17,PB,PS,1973,ST,2009,BP,,,BP,ACI,,2015,1.0
13579,Dunkirk Power LLC,2554.0,Dunkirk Generating Plant,NY,1,SC,N,N,, , ,ST,2.07,0,DP,DA,1974,SS,,,SS,,,ST,0.12,NP,DA,1995,LN,AA,SN,LN,AA,SN,ST,0.22,PB,PS,1973,ST,2009,BP,,,BP,ACI,,2015,1.0
13579,Dunkirk Power LLC,2554.0,Dunkirk Generating Plant,NY,2,OP,N,N,, , ,ST,2.07,0,DP,DA,1974,SS,,,SS,,,ST,0.12,NP,DA,1995,LN,AA,SN,LN,AA,SN,ST,0.23,PB,PS,1973,ST,2009,BP,ACI,,BP,ACI,,2015,1.0
13579,Dunkirk Power LLC,2554.0,Dunkirk Generating Plant,NY,3,SC,N,N,, , ,ST,2.07,0,DP,DA,1974,SS,,,SS,,,ST,0.12,NP,DA,1995,LN,AA,SN,LN,AA,SN,ST,0.16,PB,PS,1973,ST,2009,BP,,,BP,ACI,,2015,1.0
13579,Dunkirk Power LLC,2554.0,Dunkirk Generating Plant,NY,4,SC,N,N,, , ,ST,2.07,0,DP,DA,1974,SS,,,SS,,,ST,0.12,NP,DA,1995,LN,AA,SN,LN,AA,SN,ST,0.16,PB,PS,1973,ST,2009,BP,,,BP,ACI,,2015,1.0
55951,Exelon Nuclear,2589.0,Nine Mile Point Nuclear Station,NY,NSS1,OP,,,, , ,, , ,,, ,,,,,,,, ,,, ,,,,,,,, ,,, ,, ,,,,,,,2015,3.0
55951,Exelon Nuclear,2589.0,Nine Mile Point Nuclear Station,NY,NSS2,OP,,,, , ,, , ,,, ,,,,,,,, ,,, ,,,,,,,, ,,, ,, ,,,,,,,2015,3.0
13923,NRG Oswego Harbor Power Operations Inc,2594.0,Oswego Harbor Power,NY,5,OP,N,N,, , ,ST,0.75,0,SU,DA,1976,NC,,,NC,,,ST,0.25,NP,DA,1976,NC,,,NC,,,ST,0.1,PB,NV,1976,, ,,,,,,,2015,1.0
13923,NRG Oswego Harbor Power Operations Inc,2594.0,Oswego Harbor Power,NY,6,OP,D,N,, , ,,0.75,0,SU,TH,1980,NC,,,NC,,,ST,0.2,NP,TH,2014,NC,,,NC,,,ST,0.1,PB,TH,1980,, ,,,,,,,2015,1.0
12792,NRG New York LLC,2625.0,Bowline Point,NY,1,OP,N,N,, , ,ST,0.0037,0,SU,NV,1972,SS,,,SS,,,ST,0.25,NP,NV,1995,AA,,,AA,,,ST,0.1,PB,NV,1972,, ,,,,,,,2015,1.0
12792,NRG New York LLC,2625.0,Bowline Point,NY,2,OP,N,N,, , ,ST,0.0037,0,SU,NV,1974,SS,,,SS,,,ST,0.25,NP,NV,1995,AA,,,AA,,,ST,0.1,PB,NV,1974,, ,,,,,,,2015,1.0
12792,NRG New York LLC,2629.0,Lovett,NY,3,RE,N,,, , ,ST, , ,,, ,,,,,,,ST, ,,, ,,,,,,,ST, ,,, ,, ,,,,,,,2015,4.0
12792,NRG New York LLC,2629.0,Lovett,NY,4,RE,N,,, , ,ST, , ,,, ,,,,,,,ST, ,,, ,,,,,,,ST, ,,, ,, ,,,,,,,2015,4.0
12792,NRG New York LLC,2629.0,Lovett,NY,5,RE,N,,, , ,ST, , ,,, ,,,,,,,ST, ,,, ,,,,,,,ST, ,,, ,, ,,,,,,,2015,4.0
16183,Rochester Gas & Electric Corp,2642.0,Rochester 7,NY,1,RE,N,,, , ,ST, , ,,, ,,,,,,,ST, ,,, ,,,,,,,ST, ,,, ,, ,,,,,,,2015,4.0
16183,Rochester Gas & Electric Corp,2642.0,Rochester 7,NY,2,RE,N,,, , ,ST, , ,,, ,,,,,,,ST, ,,, ,,,,,,,ST, ,,, ,, ,,,,,,,2015,4.0
16183,Rochester Gas & Electric Corp,2642.0,Rochester 7,NY,3,RE,N,,, , ,ST, , ,,, ,,,,,,,ST, ,,, ,,,,,,,ST, ,,, ,, ,,,,,,,2015,4.0
16183,Rochester Gas & Electric Corp,2642.0,Rochester 7,NY,4,RE,N,,, , ,ST, , ,,, ,,,,,,,ST, ,,, ,,,,,,,ST, ,,, ,, ,,,,,,,2015,4.0
9645,Jamestown Board of Public Util,2682.0,S A Carlson,NY,10,OP,D,,, , ,, , ,,, ,,,,,,,ST,0.06,NP,OH,2014,LN,,,LN,,,, ,,, ,, ,,,,,,,2015,2.0
9645,Jamestown Board of Public Util,2682.0,S A Carlson,NY,11,RE,,,, , ,, , ,,, ,,,,,,,, ,,, ,,,,,,,, ,,, ,, ,,,,,,,2015,2.0
9645,Jamestown Board of Public Util,2682.0,S A Carlson,NY,12,RE,,,, , ,, , ,,, ,,,,,,,, ,,, ,,,,,,,, ,,, ,, ,,,,,,,2015,2.0
9645,Jamestown Board of Public Util,2682.0,S A Carlson,NY,9,OP,,,, , ,, , ,,, ,,,,,,,ST,0.06,NP,OH,2014,LN,,,LN,,,, ,,, ,, ,,,,,,,2015,2.0
9645,Jamestown Board of Public Util,2682.0,S A Carlson,NY,HRSG,OP,,,, , ,, , ,,, ,,,,,,,ST,0.2,NP,OH,2001,MS,NP,,MS,NP,,, ,,, ,, ,,,,,,,2015,2.0
22129,Somerset Operating Co LLC,6082.0,Somerset Operating Co LLC,NY,1,OP,Da,N,, , ,FD,0.6,0.01,DP,MO,1984,NC,,,NC,,,ST,0.12,NP,DA,1995,LN,SR,,,,,FD,0.03,PB,NV,1984,ST,2010,SP,OT,,,,,2015,1.0
5943,Entergy Nuc Fitzpatrick LLC,6110.0,James A Fitzpatrick,NY,NSS1,OP,,,, , ,, , ,,, ,,,,,,,, ,,, ,,,,,,,, ,,, ,, ,,,,,,,2015,3.0
55951,Exelon Nuclear,6122.0,R E Ginna Nuclear Power Plant,NY,NSS1,OP,,,, , ,, , ,,, ,,,,,,,, ,,, ,,,,,,,, ,,, ,, ,,,,,,,2015,3.0
15296,New York Power Authority,7314.0,Richard M Flynn,NY,EIA01,OP,,,, , ,, , ,,, ,,,,,,,, ,,, ,,,,,,,, ,,, ,, ,,,,,,,2015,4.0
58651,"Allegany Generating Station, LLC",7784.0,Allegany Cogen,NY,HRSG,OP,Dc,,, , ,FD, , ,,, ,,,,,,,FD,9,NM,OH,1994,H20,SR,,H20,SR,,FD, ,,, ,, ,,,,,,,2015,2.0
5511,CCI Roseton LLC,8006.0,Roseton Generating Facility,NY,1,OP,N,N,, , ,ST,0.55, ,SU,YR,1974,SS,,,SS,,,ST,0.15,NP,MO,1995,OV,FR,,MS,,,ST,0.1,PB,NV,1974,ST,1974,,,,,,,2015,1.0
5511,CCI Roseton LLC,8006.0,Roseton Generating Facility,NY,2,OP,N,N,, , ,ST,0.55, ,SU,YR,1974,SS,,,SS,,,ST,0.15,NP,MO,1995,OV,FR,,OV,FR,,ST,0.1,PB,NV,1974,ST,1974,,,,,,,2015,1.0
54863,U S Power Generating Company LLC,8906.0,Astoria Generating Station,NY,20,OP,N,N,, , ,ST,39.5,0,OT,NV,1972,WA,,,WA,,,ST,0.08,NP,OT,2014,LN,,,LN,,,ST,0.01,PB,NV,2005,, ,,,,,,,2015,1.0
54863,U S Power Generating Company LLC,8906.0,Astoria Generating Station,NY,30,OP,N,N,, , ,ST,0.3,0,SU,NV,1972,WA,,,WA,,,ST,0.15,NP,OT,2014,LN,,,FR,,,ST,0.1,PB,NV,1973,FD,2015,OT,,,OT,,,2015,1.0
54863,U S Power Generating Company LLC,8906.0,Astoria Generating Station,NY,40,OS,N,N,, , ,ST,0.3,0,SU,NV,1972,WA,,,WA,,,ST,0.15,NP,OT,2014,LN,,,LN,,,ST,0.1,PB,NV,1973,FD,2015,OT,,,OT,,,2015,1.0
54863,U S Power Generating Company LLC,8906.0,Astoria Generating Station,NY,50,OP,N,N,, , ,ST,0.3,0,SU,NV,1972,WA,,,WA,,,ST,0.15,NP,OT,2014,LN,,,LN,,,ST,0.1,PB,NV,1973,FD,2015,OT,,,OT,,,2015,1.0
6028,Entergy Nuclear Indian Point 3,8907.0,Indian Point 3,NY,NSS3,OP,,,, , ,, , ,,, ,,,,,,,, ,,, ,,,,,,,, ,,, ,, ,,,,,,,2015,3.0
5624,"RED-Rochester, LLC",10025.0,"RED-Rochester, LLC",NY,13,RE,N,,, , ,ST, , ,DP,YR,1988,,,,,,,ST, ,NP,DA,1995,,,,,,,ST,0.26,PB,OH,1995,, ,,,,,,,2015,1.0
5624,"RED-Rochester, LLC",10025.0,"RED-Rochester, LLC",NY,14,RE,N,,, , ,ST, , ,DP,YR,1988,,,,,,,ST, ,NP,DA,1995,,,,,,,ST,0.26,PB,OH,1995,, ,,,,,,,2015,1.0
5624,"RED-Rochester, LLC",10025.0,"RED-Rochester, LLC",NY,15,RE,N,,, , ,ST, , ,DP,YR,1988,,,,,,,ST, ,NP,DA,1995,,,,,,,ST,0.26,PB,OH,1972,, ,,,,,,,2015,1.0
5624,"RED-Rochester, LLC",10025.0,"RED-Rochester, LLC",NY,41,SB,N,N,, , ,FD,3.4, ,DP,YR,1988,SS,,,SS,,,FD,0.6,NP,DA,1995,FU,LA,,FU,LA,,ST,0.26,PB,OH,1972,,1972,,,,,,,2015,1.0
5624,"RED-Rochester, LLC",10025.0,"RED-Rochester, LLC",NY,42,OP,N,N,, , ,FD,3.4, ,DP,YR,1988,SS,,,SS,,,ST,0.6,NP,DA,1995,FU,LA,,FU,LA,,ST,0.26,PB,OH,1972,,1972,,,,,,,2015,1.0
5624,"RED-Rochester, LLC",10025.0,"RED-Rochester, LLC",NY,43,OP,N,N,, , ,FD,3.4, ,DP,YR,1988,SS,,,SS,,,ST,0.6,NP,DA,1995,FU,LA,,FU,LA,,ST,0.24,PB,OH,1972,,1972,,,,,,,2015,1.0
5624,"RED-Rochester, LLC",10025.0,"RED-Rochester, LLC",NY,44,OP,Da,N,, , ,FD,1.2, ,DP,NV,1987,NC,,,NC,,,ST,0.42,NP,DA,1995,FU,LA,,FU,LA,,FD,0.1,PB,NV,1987,,1987,,,,,,,2015,1.0
5624,"RED-Rochester, LLC",10025.0,"RED-Rochester, LLC",NY,PB1,OP,N,N,, , ,FD,1.65, ,DP,YR,1988,NC,,,NC,,,ST, ,NP,DA,1995,LA,,,LA,,,ST,0.2,PB,OH,1972,,1995,,,,,,,2015,1.0
5624,"RED-Rochester, LLC",10025.0,"RED-Rochester, LLC",NY,PB2,OP,N,N,, , ,FD,1.65, ,DP,YR,1988,NC,,,NC,,,ST, ,NP,DA,1995,LA,,,LA,,,ST,0.2,PB,OH,1972,,1995,,,,,,,2015,1.0
5624,"RED-Rochester, LLC",10025.0,"RED-Rochester, LLC",NY,PB3,OP,N,N,, , ,FD,1.65, ,DP,YR,1988,NC,,,NC,,,ST, ,NP,DA,1995,LA,,,LA,,,ST,0.2,PB,OH,1972,,1995,,,,,,,2015,1.0
5624,"RED-Rochester, LLC",10025.0,"RED-Rochester, LLC",NY,PB4,OP,N,N,, , ,FD,1.65, ,DP,YR,1988,NC,,,NC,,,ST, ,NP,DA,1995,LA,,,LA,,,ST,0.2,PB,OH,1972,,1995,,,,,,,2015,1.0
56479,PIC Group Inc,10190.0,Castleton Energy Center,NY,HRSG-1,OP,,,, , ,, , ,,, ,,,,,,,FD,25,NM,OH,1992,STM,,,,,,, ,,, ,,1992,,,,,,,2015,2.0
1746,Black River Generation LLC,10464.0,ReEnergy Black River,NY,E0001,OP,N,,, , ,, , ,,, ,,,,,,,FD,0.17,NH,DA,2013,NC,,,NC,,,, ,,, ,, ,,,,,,,2015,2.0
1746,Black River Generation LLC,10464.0,ReEnergy Black River,NY,E0002,OP,N,,, , ,, , ,,, ,,,,,,,FD,0.17,NH,DA,2013,NC,,,NC,,,, ,,, ,, ,,,,,,,2015,2.0
1746,Black River Generation LLC,10464.0,ReEnergy Black River,NY,E0003,OP,N,,, , ,, , ,,, ,,,,,,,FD,0.17,NH,DA,2013,NC,,,NC,,,, ,,, ,, ,,,,,,,2015,2.0
20541,Wheelabrator Environmental Systems,10503.0,Wheelabrator Hudson Falls,NY,SG201A,OP,Db,,, , ,ST, , ,,, ,,,,,,,FD,205,NM,DA,2000,MS,,,MS,,,ST,2500,UG,, ,ST,2000,ACI,EC,SD,ACI,EC,SD,2015,2.0
20541,Wheelabrator Environmental Systems,10503.0,Wheelabrator Hudson Falls,NY,SG201B,OP,Db,,, , ,ST, , ,,, ,,,,,,,FD,205,NM,DA,2000,MS,,,MS,,,FD,2500,UG,, ,ST,2000,ACI,EC,SD,ACI,EC,SD,2015,2.0
56174,Finch Paper LLC,10511.0,Finch Paper,NY,10,OP,N,,, , ,ST, , ,,, ,,,,,,,ST,464,NM,MO,1995,MS,,,NC,,,FD, ,,, ,,1987,,,,,,,2015,2.0
56174,Finch Paper LLC,10511.0,Finch Paper,NY,4,OP,N,,, , ,, , ,,, ,,,,,,,ST,0.45,NP,MO,1995,MS,,,LN,,,FD,0.1,PB,, ,, ,,,,,,,2015,2.0
56174,Finch Paper LLC,10511.0,Finch Paper,NY,5,OP,N,,, , ,, , ,,, ,,,,,,,ST,0.45,NP,MO,1995,MS,,,LN,,,FD,0.1,PB,, ,, ,,,,,,,2015,2.0
56174,Finch Paper LLC,10511.0,Finch Paper,NY,8,OP,N,,, , ,ST, , ,,, ,,,,,,,ST,464,NM,MO,1995,MS,,,NC,,,, ,,, ,, ,,,,,,,2015,2.0
56174,Finch Paper LLC,10511.0,Finch Paper,NY,9,OP,N,,, , ,, , ,,, ,,,,,,,ST,0.27,NP,MO,1995,NC,,,NC,,,FD,0.3,PB,, ,, ,,,,,,,2015,2.0
10849,Wyeth-Averst Lederle,10521.0,Lederle Laboratories,NY,BLR3,OP,,,, , ,, , ,,, ,,,,,,,, ,,, ,,,,,,,, ,,, ,, ,,,,,,,2015,4.0
10849,Wyeth-Averst Lederle,10521.0,Lederle Laboratories,NY,BLR4,OP,,,, , ,, , ,,, ,,,,,,,, ,,, ,,,,,,,, ,,, ,, ,,,,,,,2015,4.0
10849,Wyeth-Averst Lederle,10521.0,Lederle Laboratories,NY,BLR5,OP,,,, , ,, , ,,, ,,,,,,,, ,,, ,,,,,,,, ,,, ,, ,,,,,,,2015,4.0
10849,Wyeth-Averst Lederle,10521.0,Lederle Laboratories,NY,WHSG1,OP,,,, , ,, , ,,, ,,,,,,,, ,,, ,,,,,,,, ,,, ,, ,,,,,,,2015,4.0
10849,Wyeth-Averst Lederle,10521.0,Lederle Laboratories,NY,WHSG2,OP,,,, , ,, , ,,, ,,,,,,,, ,,, ,,,,,,,, ,,, ,, ,,,,,,,2015,4.0
58338,Lakeside Beaver Falls LLC,10617.0,CH Resources Beaver Falls,NY,HRSG50,OP,Db,,, , ,, , ,,, ,,,,,,,, ,,, ,SR,,,,,,, ,,, ,, ,,,,,,,2015,2.0
3085,Carthage Energy LLC,10620.0,Carthage Energy LLC,NY,HRSG,OP,,,, , ,, , ,,, ,,,,,,,ST,42,NM,OH,1991,STM,,,MS,,,, ,,, ,, ,,,,,,,2015,2.0
58337,Lakeside Syracuse LLC,10621.0,CH Resources Syracuse,NY,HRSG50,SB,Db,,, , ,, , ,,, ,,,,,,,, ,,, ,SR,,,,,,, ,,, ,, ,,,,,,,2015,2.0
473,Covanta Hempstead Company,10642.0,Covanta Hempstead,NY,1,OP,N,,, , ,, , ,,, ,,,,,,,ST,145.7,NH,OH,2004,SN,LA,,SN,LA,,, ,,, ,ST,2007,BR,SD,,BR,SD,,2015,2.0
473,Covanta Hempstead Company,10642.0,Covanta Hempstead,NY,2,OP,N,,, , ,, , ,,, ,,,,,,,ST,145.7,NH,OH,2004,SN,LA,,SN,LA,,, ,,, ,ST,2007,BR,SD,,BR,SD,,2015,2.0
473,Covanta Hempstead Company,10642.0,Covanta Hempstead,NY,3,OP,N,,, , ,, , ,,, ,,,,,,,ST,145.7,NH,OH,2004,SN,,,SN,,,, ,,, ,ST,2007,BR,SD,,BR,SD,,2015,2.0
16909,Selkirk Cogen Partners LP,10725.0,Selkirk Cogen,NY,HRSG1,OP,Db,N,, , ,ST,0.2,0,SU,NS,1992,NC,,,NC,,,ST,0.091,NP,NS,1992,NC,,,NC,,,ST,0.014,PB,NS,1992,, ,,,,,,,2015,1.0
16909,Selkirk Cogen Partners LP,10725.0,Selkirk Cogen,NY,HRSG2,OP,Db,N,, , ,ST,0.2,0,SU,NS,1994,NC,,,NC,,,ST,0.0181,NP,NS,1994,SR,,,NC,,,ST,0.014,PB,NS,1994,, ,,,,,,,2015,1.0
16909,Selkirk Cogen Partners LP,10725.0,Selkirk Cogen,NY,HRSG3,OP,Db,N,, , ,ST,0.2,0,SU,NS,1994,NC,,,NC,,,ST,0.0181,NP,NS,1994,SR,,,NC,,,ST,0.014,PB,NS,1994,, ,,,,,,,2015,1.0
40052,AG Energy LP,10803.0,Ogdensburg Power,NY,HRSG A,OS,,,, , ,, , ,,, ,,,,,,,, ,,, ,,,,,,,, ,,, ,, ,,,,,,,2015,2.0
55807,Niagara Generation LLC,50202.0,WPS Power Niagara,NY,1,OS,N,N,, , ,FD, , ,DP,MO, ,CF,,,CF,,,FD,0.02,NP,MO,2014,SN,,,SN,,,FD, ,PB,PS, ,FD,2015,BP,,,BP,,,2015,2.0
57433,ReEnergy Chateaugay LLC,50277.0,ReEnergy Chateaugay Power Station,NY,BLR1,OS,,,, , ,, , ,,, ,,,,,,,ST,506,NH,EH,1993,MS,,,MS,,,, ,,, ,, ,,,,,,,2015,2.0
24457,Calpine Eastern Corp,50292.0,Bethpage Power Plant,NY,HRSG1,OP,,,, , ,, , ,,, ,,,,,,,ST,42,NM,OH,1987,STM,,,STM,,,, ,,, ,, ,,,,,,,2015,2.0
24457,Calpine Eastern Corp,50292.0,Bethpage Power Plant,NY,HRSG2,OP,,,, , ,, , ,,, ,,,,,,,ST,42,NM,OH,1987,STM,,,STM,,,, ,,, ,, ,,,,,,,2015,2.0
24457,Calpine Eastern Corp,50292.0,Bethpage Power Plant,NY,HRSG3,OP,,,, , ,, , ,,, ,,,,,,,ST,2.5,NM,OH,2005,SR,,,SR,,,, ,,, ,, ,,,,,,,2015,2.0
9245,Indeck-Energy Serv Silver Spg,50449.0,Indeck Silver Springs Energy Center,NY,HRSG1,OP,N,,, , ,, , ,,, ,,,,,,,FD,32,NM,OH,1991,STM,,,,,,, ,,, ,FD,1991,,,,,,,2015,2.0
9244,Indeck-Oswego Ltd Partnership,50450.0,Indeck Oswego Energy Center,NY,HRSG1,OP,N,,, , ,, , ,,, ,,,,,,,ST,32,NM,DA,1990,STM,,,,,,, ,,, ,FD,1990,,,,,,,2015,2.0
9243,Indeck-Yerkes Ltd Partnership,50451.0,Indeck Yerkes Energy Center,NY,HRSG1,OP,N,,, , ,, , ,,, ,,,,,,,FD,42,NM,OH,1989,STM,,,,,,, ,,, ,FD,1989,,,,,,,2015,2.0
9263,Indeck-Corinth Ltd Partnership,50458.0,Indeck Corinth Energy Center,NY,HRSG1,OP,N,,, , ,, , ,,, ,,,,,,,ST,9,NM,OH,1995,LN,SR,H20,MS,,,, ,,, ,FD,1995,,,,,,,2015,2.0
470,Covanta Energy of Niagara LP,50472.0,Covanta Niagara LP,NY,BLR1,OP,N,,, , ,ST, , ,,, ,,,,,,,ST,0.08,NP,OH,1981,SN,,,SN,,,, ,,, ,ST,1981,,,,,,,2015,2.0
470,Covanta Energy of Niagara LP,50472.0,Covanta Niagara LP,NY,BLR2,OP,N,,, , ,, , ,,, ,,,,,,,ST,0.08,NP,OH,1981,SN,,,SN,,,ST, ,,, ,ST,1981,,,,,,,2015,2.0
470,Covanta Energy of Niagara LP,50472.0,Covanta Niagara LP,NY,BLR3,OP,N,,, , ,, , ,,, ,,,,,,,ST,0.08,NP,OH,1981,SN,,,SN,,,, ,,, ,ST,1996,ACI,BR,SD,ACI,BR,SD,2015,2.0
470,Covanta Energy of Niagara LP,50472.0,Covanta Niagara LP,NY,BLR4,OP,N,,, , ,, , ,,, ,,,,,,,ST,0.08,NP,OH,1981,SN,,,SN,,,ST, ,,, ,ST,1996,ACI,BR,SD,ACI,BR,SD,2015,2.0
4484,Covanta Babylon Inc,50649.0,Covanta Babylon Inc,NY,1,OP,N,,, , ,, , ,,, ,,,,,,,ST,150,NH,DA,1989,SN,,,SN,,,, ,,, ,ST,1989,ACI,,,ACI,,,2015,2.0
4484,Covanta Babylon Inc,50649.0,Covanta Babylon Inc,NY,2,OP,N,,, , ,, , ,,, ,,,,,,,ST,150,NM,DA,1989,SN,,,SN,,,, ,,, ,ST,1989,ACI,,,ACI,,,2015,2.0
9097,Huntington Resource Recovery,50656.0,Huntington Resource Recovery Facility,NY,UNIT1,OP,N,,, , ,, , ,,, ,,,,,,,ST,185,NM,TH,1991,SN,,,SN,,,, ,,, ,ST,1991,ACI,BP,,ACI,BP,,2015,2.0
9097,Huntington Resource Recovery,50656.0,Huntington Resource Recovery Facility,NY,UNIT2,OP,N,,, , ,, , ,,, ,,,,,,,ST,185,NM,TH,1991,SN,,,SN,,,, ,,, ,ST,1991,ACI,BP,,ACI,BP,,2015,2.0
9097,Huntington Resource Recovery,50656.0,Huntington Resource Recovery Facility,NY,UNIT3,OP,N,,, , ,, , ,,, ,,,,,,,ST,185,NM,TH,1991,SN,,,SN,,,, ,,, ,ST,1991,ACI,BP,,ACI,BP,,2015,2.0
4487,Covanta Onondega LP,50662.0,Onondaga County Resource Recovery,NY,UNIT1,OP,N,,, , ,ST, , ,,, ,,,,,,,ST,180,NM,DA,1995,NH3,SN,,NH3,SN,,, ,,, ,ST,1995,ACI,SD,BP,ACI,SD,BP,2015,2.0
4487,Covanta Onondega LP,50662.0,Onondaga County Resource Recovery,NY,UNIT2,OP,N,,, , ,, , ,,, ,,,,,,,ST,180,NM,DA,1995,NH3,SN,,NH3,SN,,, ,,, ,ST,1995,ACI,SD,BP,ACI,SD,BP,2015,2.0
4487,Covanta Onondega LP,50662.0,Onondaga County Resource Recovery,NY,UNIT3,OP,N,,, , ,, , ,,, ,,,,,,,ST,180,NM,DA,1995,NH3,SN,,NH3,SN,,, ,,, ,ST,1995,ACI,SD,BP,ACI,SD,BP,2015,2.0
18020,Starrett City Inc,50743.0,Starrett City Cogen Facility,NY,1,OP,N,,, , ,ST, , ,,, ,,,,,,,ST,0.3,NP,ND,2015,LA,,,MS,MS,MS,, ,,, ,, ,,,,,,,2015,2.0
18020,Starrett City Inc,50743.0,Starrett City Cogen Facility,NY,2,OP,N,,, , ,ST, , ,,, ,,,,,,,ST,0.3,NP,ND,2015,LA,,,MS,,,, ,,, ,, ,,,,,,,2015,2.0
18020,Starrett City Inc,50743.0,Starrett City Cogen Facility,NY,3,OP,N,,, , ,ST, , ,,, ,,,,,,,ST,0.3,NP,ND,2015,LA,,,MS,,,, ,,, ,, ,,,,,,,2015,2.0
18020,Starrett City Inc,50743.0,Starrett City Cogen Facility,NY,4,SB,N,,, , ,ST, , ,,, ,,,,,,,ST,0.3,NP,ND,2015,LA,,,MS,,,, ,,, ,, ,,,,,,,2015,2.0
14182,Sterling Power Partners LP,50744.0,Sterling Power Plant,NY,HRSG,OP,,,, , ,, , ,,, ,,,,,,,, ,,, ,,,,,,,, ,,, ,, ,,,,,,,2015,4.0
20541,Wheelabrator Environmental Systems,50882.0,Wheelabrator Westchester,NY,1,OP,N,,, , ,, , ,,, ,,,,,,,ST,184,NM,DA,1999,SN,,,SN,,,FD, ,,, ,ST,1999,ACI,BS,SD,ACI,BS,SD,2015,2.0
20541,Wheelabrator Environmental Systems,50882.0,Wheelabrator Westchester,NY,2,OP,N,,, , ,, , ,,, ,,,,,,,ST,184,NM,DA,1999,SN,,,SN,,,, ,,, ,ST,1999,ACI,BS,SD,ACI,BS,SD,2015,2.0
20541,Wheelabrator Environmental Systems,50882.0,Wheelabrator Westchester,NY,3,OP,N,,, , ,, , ,,, ,,,,,,,ST,184,NM,DA,1999,SN,,,SN,,,, ,,, ,ST,1999,ACI,SD,BS,ACI,SD,BS,2015,2.0
24202,Carr Street Generating Sta LP,50978.0,Carr Street Generating Station,NY,HRSG1,OP,,,, , ,, , ,,, ,,,,,,,, ,,, ,,,,,,,, ,,, ,, ,,,,,,,2015,4.0
24202,Carr Street Generating Sta LP,50978.0,Carr Street Generating Station,NY,HRSG2,OP,,,, , ,, , ,,, ,,,,,,,, ,,, ,,,,,,,, ,,, ,, ,,,,,,,2015,4.0
56601,Covanta MacArthur Renewable Energy,51038.0,MacArthur Waste to Energy Facility,NY,B1,OP,D,,, , ,, , ,,, ,,,,,,,ST,170,NM,DA,1990,OV,LA,OT,OV,LA,OT,, ,,, ,ST,1990,ACI,,,ACI,,,2015,2.0
56601,Covanta MacArthur Renewable Energy,51038.0,MacArthur Waste to Energy Facility,NY,B2,OP,,,, , ,ST, , ,,, ,,,,,,,ST,170,NM,DA,1990,OV,LA,,OV,LA,,, ,,, ,ST,1990,ACI,,,ACI,,,2015,2.0
19153,Nassau Energy Corp,52056.0,Nassau Energy Corp,NY,4,OP,,,, , ,, , ,,, ,,,,,,,ST,42,NM,OH,1995,STM,,,,,,, ,,, ,ST,2008,,,,,,,2015,2.0
24210,Riverbay Corp,52168.0,Riverbay,NY,U00003,OP,,,, , ,, , ,,, ,,,,,,,ST,0.1,NH,OH,2011,LN,,,NC,,,, ,,, ,,2011,,,,,,,2015,2.0
24210,Riverbay Corp,52168.0,Riverbay,NY,U00004,OP,,,, , ,, , ,,, ,,,,,,,ST,2.5,NM,TH,2011,SR,,,NC,,,, ,,, ,ST,2011,,,,,,,2015,2.0
24210,Riverbay Corp,52168.0,Riverbay,NY,U00006,OP,,,, , ,, , ,,, ,,,,,,,ST,2.5,NM,TH,2011,SR,,,NC,,,, ,,, ,ST,2011,,,,,,,2015,2.0
24210,Riverbay Corp,52168.0,Riverbay,NY,U00008,PL,,,, , ,, , ,,, ,,,,,,,, ,,, ,,,,LN,,,, ,,, ,, ,,,,,,,2015,2.0
6838,CCI Rensselaer LLC,54034.0,Rensselaer Cogen,NY,HRSG,OP,Db,N,, , ,ST,0.0015, ,SU,DT,1994,NC,SS,,,,,ST,9,NM,OH,1994,NC,SR,STM,NC,SR,STM,, ,,, ,ST,1994,,,,,,,2015,2.0
11127,Lockport Energy Associates LP,54041.0,Lockport Energy Associates LP,NY,4,OP,,,, , ,, , ,,, ,,,,,,,ST,0.14,NP,YR,1993,STM,,,MS,,,, ,,, ,FD, ,,,,,,,2015,2.0
9261,Indeck-Olean Ltd Partnership,54076.0,Indeck Olean Energy Center,NY,HRSG1,OP,N,,, , ,FD, , ,,, ,,,,,,,ST,9,NM,OH,1994,SR,STM,,SR,STM,,ST,0.004,PB,, ,,1994,,,,,,,2015,2.0
9350,IPC-Ticonderoga,54099.0,Ticonderoga Mill,NY,PB1,OP,,,, , ,, , ,,, ,,,,,,,ST, ,NP,DA,2015,LN,,,MS,,,, ,,, ,, ,,,,,,,2015,2.0
9350,IPC-Ticonderoga,54099.0,Ticonderoga Mill,NY,RB1,OP,N,,, , ,, , ,,, ,,,,,,,ST, ,,,1995,NP,,,MS,,,, ,,, ,, ,,,,,,,2015,2.0
10349,KIAC Partners,54114.0,Kennedy International Airport Cogen,NY,HRSG1,OP,N,,, , ,, , ,,, ,,,,,,,FD,9.01,NM,OH,1994,SR,,,SR,,,, ,,, ,, ,,,,,,,2015,2.0
10349,KIAC Partners,54114.0,Kennedy International Airport Cogen,NY,HRSG2,OP,N,,, , ,, , ,,, ,,,,,,,FD,9.01,NM,OH,1994,SR,,,SR,,,, ,,, ,, ,,,,,,,2015,2.0
50136,North American Energy Services,54131.0,Fortistar North Tonawanda,NY,HR123,OP,,,, , ,, , ,,, ,,,,,,,, ,,, ,,,,,,,, ,,, ,, ,,,,,,,2015,4.0
57431,ReEnergy Biomass LLC,54526.0,ReEnergy Lyonsdale Biomass,NY,00001,OP,,,, , ,, , ,,, ,,,,,,,ST,0.2,NP,OH,1992,MS,,,MS,,,, ,,, ,,1992,,,,,,,2015,2.0
17254,Sithe/Independence LLC,54547.0,Sithe Independence Station,NY,HRSG 1,OP,Db,N,, , ,ST,0.0006,0,DP,YR,1995,WA,,,WA,,,ST,0.0128,NH,OH,1995,SR,,,NC,,,ST,0.0011,PH,OH,1995,, ,,,,,,,2015,1.0
17254,Sithe/Independence LLC,54547.0,Sithe Independence Station,NY,HRSG 2,OP,Db,N,, , ,ST,0.0006,0,DP,YR,1995,WA,,,WA,,,ST,0.0131,NH,OH,1995,SR,,,NC,,,ST,0.0011,PH,OH,1995,, ,,,,,,,2015,1.0
17254,Sithe/Independence LLC,54547.0,Sithe Independence Station,NY,HRSG 3,OP,Db,N,, , ,ST,0.0006,0,DP,YR,1995,WA,,,WA,,,ST,0.0126,NH,OH,1995,SR,,,NC,,,ST,0.0011,PH,OH,1995,, ,,,,,,,2015,1.0
17254,Sithe/Independence LLC,54547.0,Sithe Independence Station,NY,HRSG 4,OP,Db,N,, , ,ST,0.0006,0,DC,YR,1995,WA,,,WA,,,ST,0.0126,NH,OH,1995,SR,,,NC,,,ST,0.0011,PH,OH,1995,, ,,,,,,,2015,1.0
16729,Saranac Power Partners LP,54574.0,Saranac Facility,NY,HRSG1,OP,,,, , ,, , ,,, ,,,,,,,FD,0.08,NP,OH,1994,LN,NH3,SR,,,,, ,,, ,, ,,,,,,,2015,2.0
16729,Saranac Power Partners LP,54574.0,Saranac Facility,NY,HRSG2,OP,,,, , ,, , ,,, ,,,,,,,FD,0.08,NP,OH,1994,NH3,SR,LN,,,,, ,,, ,, ,,,,,,,2015,2.0
15253,Power City Partners LP,54592.0,Massena Energy Facility,NY,HRSG1,OP,Db,,, , ,, , ,,, ,,,,,,,ST,9,NM,OH,1992,SR,STM,,NC,,,, ,,, ,, ,,,,,,,2015,2.0
16839,Seneca Power Partners LP,54593.0,Batavia Power Plant,NY,HRSG,OP,,,, , ,, , ,,, ,,,,,,,, ,,, ,,,,,,,, ,,, ,, ,,,,,,,2015,4.0
2313,Brooklyn Navy Yard Cogen PLP,54914.0,Brooklyn Navy Yard Cogeneration,NY,HRSG1,OP,,,, , ,, , ,,, ,,,,,,,, ,,, ,,,,,,,, ,,, ,, ,,,,,,,2015,4.0
2313,Brooklyn Navy Yard Cogen PLP,54914.0,Brooklyn Navy Yard Cogeneration,NY,HRSG2,OP,,,, , ,, , ,,, ,,,,,,,, ,,, ,,,,,,,, ,,, ,, ,,,,,,,2015,4.0
22979,Astoria Energy LLC,55375.0,Astoria Energy,NY,HRSG1,OP,Db,Y,2-6301-00072/00014,12,2001,FD,0.0015,0,DP,PS,2006,NC,WA,,NC,WA,,FD,2,NM,TH,2006,NC,SR,H20,NC,SR,H20,FD,0.01,PB,PS,2006,ST,2006,,,,,,,2015,1.0
22979,Astoria Energy LLC,55375.0,Astoria Energy,NY,HRSG2,OP,Db,Y,2-6301-00072/00014,12,2001,FD,0.0015,0,DP,PS,2006,NC,,,NC,,,FD,2,NH,TH,2006,NC,SR,,NC,,,FD,0.01,PB,PS,2006,LO,2006,,,,,,,2015,1.0
32173,New Athens Generating Company LLC,55405.0,Athens Generating Plant,NY,HRSG01,OP,,,, , ,, , ,,, ,,,,,,,, ,,, ,,,,,,,, ,,, ,, ,,,,,,,2015,3.0
32173,New Athens Generating Company LLC,55405.0,Athens Generating Plant,NY,HRSG02,OP,,,, , ,, , ,,, ,,,,,,,, ,,, ,,,,,,,, ,,, ,, ,,,,,,,2015,3.0
32173,New Athens Generating Company LLC,55405.0,Athens Generating Plant,NY,HRSG03,OP,,,, , ,, , ,,, ,,,,,,,, ,,, ,,,,,,,, ,,, ,, ,,,,,,,2015,3.0
49837,Pinelawn Power LLC,56188.0,Pinelawn Power LLC,NY,001,OP,Db,,, , ,FD, , ,,, ,,,,,,,FD,4.33,NH,NV,2005,SR,H20,NH3,MS,,,FD,0.1,PB,, ,, ,,,,,,,2015,2.0
15296,New York Power Authority,56196.0,500MW CC,NY,7A,OP,,,, , ,, , ,,, ,,,,,,,, ,,, ,,,,,,,, ,,, ,, ,,,,,,,2015,3.0
15296,New York Power Authority,56196.0,500MW CC,NY,7B,OP,,,, , ,, , ,,, ,,,,,,,, ,,, ,,,,,,,, ,,, ,, ,,,,,,,2015,3.0
49950,"Caithness Long Island, LLC",56234.0,Caithness Long Island Energy Center,NY,HRSG01,OP,Da,N,, , ,, , ,,, ,,,,,,,ST,2,NM,TH,2009,SR,,,SR,,,, ,,, ,, ,,,,,,,2015,1.0
56480,Empire Generating Co  LLC,56259.0,Empire Generating Co  LLC,NY,HRSG11,OP,N,Y,3814-00052/0003,7,2014,FD,0.06,0,DP,NV,2010,NC,,,NC,,,ST,2,NM,TH,2010,SR,NH3,LN,MS,,,ST,0.012,PB,PS,2010,, ,,,,,,,2015,1.0
56480,Empire Generating Co  LLC,56259.0,Empire Generating Co  LLC,NY,HRSG12,OP,N,Y,3814-00052/0003,7,2014,FD,0.06,0,DP,NV,2010,NC,,,NC,,,ST,2,NM,TH,2010,SR,NH3,LN,MS,,,ST,0.012,PB,PS,2010,, ,,,,,,,2015,1.0
56204,"Diamond Generating Corporation - Operations, LLC",56940.0,CPV Valley Energy Center,NY,HRSG1,CO,Db,N,, , ,ST, , ,,,2018,,,,WA,WA,WA,ST, ,,,2017,,,,SR,,,ST, ,,,2017,, ,,,,,,,2015,1.0
56204,"Diamond Generating Corporation - Operations, LLC",56940.0,CPV Valley Energy Center,NY,HRSG2,CO,Db,N,, , ,ST, , ,,,2016,,,,WA,WA,WA,ST, ,,,2017,,,,SR,,,ST, ,,,2017,ST, ,,,,,,,2015,1.0
56534,Cricket Valley Energy Center LLC,57185.0,Cricket Valley Energy,NY,U1HRSG,PL,N,N,, , ,FD, , ,DP,NV,2015,,,,SS,,,ST, ,NP,NV,2015,,,,SR,,,FD,0.007,PB,NV,2015,, ,,,,,,,2015,1.0
56534,Cricket Valley Energy Center LLC,57185.0,Cricket Valley Energy,NY,U2HRSG,PL,N,N,, , ,FD, , ,DP,NV,2015,,,,SS,,,ST, ,NP,NV,2015,,,,SR,,,FD,0.007,PB,NV,2015,, ,,,,,,,2015,1.0
56534,Cricket Valley Energy Center LLC,57185.0,Cricket Valley Energy,NY,U3HRSG,PL,N,N,, , ,FD, , ,DP,NV,2015,,,,SS,,,ST, ,NP,NV,2015,,,,SR,,,FD,0.007,PB,NV,2015,, ,,,,,,,2015,1.0
56991,Astoria Energy II LLC,57664.0,Astoria Energy II,NY,HRSG3,OP,Db,Y,2-6301-00072/00014,12,2001,ST,0.0015,0,DP,PS,2011,NC,,,NC,,,ST,2,NM,PS,2011,NC,SR,H20,NC,SR,H20,FD,0.01,PB,PS,2011,, ,,,,,,,2015,1.0
56991,Astoria Energy II LLC,57664.0,Astoria Energy II,NY,HRSG4,OP,Db,Y,2-6301-00072/00014,12,2001,ST,0.0015,0,DP,PS,2011,NC,,,NC,,,FD,2,NM,PS,201,NC,SR,H20,NC,SR,H20,FD,0.01,PB,OH,2011,, ,,,,,,,2015,1.0
58107,University of Rochester,58157.0,University of Rochester,NY,5,OP,Db,,, , ,ST, , ,,, ,,,,,,,ST,0.11,NH,PS,1998,LN,,,MS,,,, ,,, ,, ,,,,,,,2015,2.0
58107,University of Rochester,58157.0,University of Rochester,NY,6,OP,Db,,, , ,ST, , ,,, ,,,,,,,ST,0.858,NH,PS,1998,LN,,,MS,,,, ,,, ,, ,,,,,,,2015,2.0
58107,University of Rochester,58157.0,University of Rochester,NY,7,OP,,,, , ,ST, , ,,, ,,,,,,,ST,0.561,NH,PS,1998,LN,,,MS,,,, ,,, ,, ,,,,,,,2015,2.0
58107,University of Rochester,58157.0,University of Rochester,NY,9,OP,Db,,, , ,ST, , ,,, ,,,,,,,ST,0.56,NH,PS,2005,LN,,,MS,,,, ,,, ,, ,,,,,,,2015,2.0
58971,Danskammer Energy,2480.0,Danskammer Generating Station,NY,1,OP,N,N,, , ,ST,1.1,0,SB,NV,1972,,,,,,,ST,0.42,NP,DA,1995,BF,LA,,,,,ST,20,OP,SM,1972,, ,,,,,,,2016,1.0
58971,Danskammer Energy,2480.0,Danskammer Generating Station,NY,2,OP,N,N,, , ,ST,1.1,0,SB,NV,1972,OT,,,,,,ST,0.42,NP,DA,1995,BF,LA,,,,,ST,20,OP,SM,1972,,1972,,,,,,,2016,1.0
58971,Danskammer Energy,2480.0,Danskammer Generating Station,NY,3,OP,N,N,, , ,ST,1.1,0,SB,DA,1987,OT,,,,,,ST,0.42,NP,DA,1995,OV,LN,,OV,LN,,ST,20,OP,SM,1987,, ,,,,,,,2016,1.0
58971,Danskammer Energy,2480.0,Danskammer Generating Station,NY,4,OP,N,N,, , ,ST,1.1,0,SB,DA,1987,OT,,,,,,ST,0.42,NP,DA,1995,OV,LN,,OV,LN,,ST,20,OP,SM,1987,, ,,,,,,,2016,1.0
13192,NRG Arthur Kill Operations Inc,2490.0,Arthur Kill Generating Station,NY,20,OP,N,N,, , ,ST,0.2, ,SU,NV,1972,,,,,,,LO,0.15,NM,NV,1995,LA,LN,OV,LA,LN,OV,ST,0.1,PB,NV,1971,, ,,,,,,,2016,1.0
13192,NRG Arthur Kill Operations Inc,2490.0,Arthur Kill Generating Station,NY,30,OP,N,N,, , ,ST,0.2, ,SU,NV,1972,,,,,,,ST,0.15,NM,NV,1995,LA,LN,OV,LA,LN,OV,ST,0.1,PB,NV,1971,, ,,,,,,,2016,1.0
15296,New York Power Authority,2491.0,Charles Poletti,NY,001,RE,N,,, , ,ST, , ,,, ,,,,,,,ST, ,,, ,,,,,,,ST, ,,, ,, ,,,,,,,2016,4.0
4226,Consolidated Edison Co-NY Inc,2493.0,East River,NY,60,OP,N,N,, , ,ST,0.3,0,SU,NV,1972,SS,WA,,SS,WA,,LO,0.15,NM,NV,1995,OV,LA,,LN,,,ST,0.1,PB,NV,1973,, ,,,,,,,2016,1.0
4226,Consolidated Edison Co-NY Inc,2493.0,East River,NY,70,OP,N,N,, , ,ST,0.3,0,SU,NV,1972,SS,WA,,SS,WA,,LO,0.15,NM,NV,1995,OV,FR,,LN,,,ST,0.1,PB,NV,1973,, ,,,,,,,2016,1.0
6027,Entergy Nuclear Indian Point 2,2497.0,Indian Point 2,NY,NSS2,OP,,,, , ,, , ,,, ,,,,,,,, ,,, ,,,,,,,, ,,, ,, ,,,,,,,2016,3.0
10023,TC Ravenswood LLC,2500.0,Ravenswood,NY,10,OP,N,N,, , ,ST,17.1,0,DH,YR,1972,,WA,,,WA,,LO,0.072,NP,YR,1995,OV,,,OV,,,ST,0.1,PB,NV,1973,FD,2014,,,,,,,2016,1.0
10023,TC Ravenswood LLC,2500.0,Ravenswood,NY,20,OP,N,N,, , ,ST,25,0,DH,YR,1972,,WA,,,WA,,LO,0.075,NP,YR,1995,OV,,,OV,,,ST,0.1,PB,NV,1973,FD,2014,,,,,,,2016,1.0
10023,TC Ravenswood LLC,2500.0,Ravenswood,NY,30,OP,N,N,, , ,ST,21.7,0,DH,YR,1972,,WA,,,WA,,LO,0.072,NP,YR,1995,OV,,,OV,,,LO,0.1,PB,NV,1971,FD,2014,,,,,,,2016,1.0
10023,TC Ravenswood LLC,2500.0,Ravenswood,NY,40,OP,N,N,, , ,,3.7, ,OT,OT,2005,,,,,,,,0.009,OT,OT,2005,SR,LN,H20,SR,LN,H20,, ,OT,OT,2005,FD,2014,,,,,,,2016,1.0
4226,Consolidated Edison Co-NY Inc,2502.0,Waterside,NY,61,RE,N,,, , ,ST, , ,,, ,,,,,,,LO, ,,, ,,,,,,,ST, ,,, ,, ,,,,,,,2016,4.0
4226,Consolidated Edison Co-NY Inc,2502.0,Waterside,NY,62,RE,N,,, , ,ST, , ,,, ,,,,,,,LO, ,,, ,,,,,,,ST, ,,, ,, ,,,,,,,2016,4.0
4226,Consolidated Edison Co-NY Inc,2502.0,Waterside,NY,80,RE,N,,, , ,ST, , ,,, ,,,,,,,LO, ,,, ,,,,,,,ST, ,,, ,, ,,,,,,,2016,4.0
4226,Consolidated Edison Co-NY Inc,2502.0,Waterside,NY,90,RE,N,,, , ,ST, , ,,, ,,,,,,,LO, ,,, ,,,,,,,ST, ,,, ,, ,,,,,,,2016,4.0
56505,National Grid Generation LLC,2511.0,E F Barrett,NY,10,OP,N,N,, , ,ST,0.401,0,SU,NV,1971,SS,,,SS,,,ST,0.1,NP,OH,1995,,,,ND,,,ST,0.1,PB,NV,1971,, ,,,,,,,2016,1.0
56505,National Grid Generation LLC,2511.0,E F Barrett,NY,20,OP,N,N,, , ,ST,0.401,0,SU,NV,1971,SS,,,SS,,,ST,0.1,NP,OH,1995,OV,,,ND,,,ST,0.1,PB,NV,1971,, ,,,,,,,2016,1.0
56505,National Grid Generation LLC,2513.0,Far Rockaway,NY,40,RE,N,N,, , ,ST, , ,SU,NV,1971,,,,,,,ST, ,NP,OH,1995,,,,,,,ST,0.1,PB,NV,1971,, ,,,,,,,2016,4.0
56505,National Grid Generation LLC,2514.0,Glenwood,NY,40,RE,N,N,, , ,ST, , ,SU,NV,1971,,,,,,,ST, ,NP,OH,1995,,,,,,,ST,0.1,PB,NV,1971,, ,,,,,,,2016,4.0
56505,National Grid Generation LLC,2514.0,Glenwood,NY,50,RE,N,N,, , ,ST, , ,SU,NV,1971,,,,,,,ST, ,NP,OH,1995,,,,,,,ST,0.1,PB,NV,1971,, ,,,,,,,2016,4.0
56505,National Grid Generation LLC,2516.0,Northport,NY,1,OP,N,N,, , ,ST,0.55,0,SU,NV,1976,SS,,,SS,,,ST,0.1,NP,OH,1995,OV,,,ND,,,ST,0.1,PB,NV,1971,, ,,,,,,,2016,1.0
56505,National Grid Generation LLC,2516.0,Northport,NY,2,OP,N,N,, , ,ST,0.55,0,SU,NV,1976,SS,,,SS,,,ST,0.1,NP,OH,1995,OV,,,ND,,,ST,0.1,PB,NV,1971,, ,,,,,,,2016,1.0
56505,National Grid Generation LLC,2516.0,Northport,NY,3,OP,N,N,, , ,ST,0.55,0,SU,NV,1976,SS,,,SS,,,ST,0.1,NP,OH,1995,OV,,,ND,,,ST,0.1,PB,NV,1972,, ,,,,,,,2016,1.0
56505,National Grid Generation LLC,2516.0,Northport,NY,4,OP,D,N,, , ,FD,0.55,0,SU,NV,1977,SS,,,SS,,,FD,0.1,NP,OH,1995,OV,,,ND,,,ST,0.8,PB,NV,1977,, ,,,,,,,2016,1.0
56505,National Grid Generation LLC,2517.0,Port Jefferson,NY,1,RE,N,N,, , ,XX, , ,,, ,,,,,,,XX, ,,, ,,,,,,,XX, ,,, ,XX, ,,,,,,,2016,1.0
56505,National Grid Generation LLC,2517.0,Port Jefferson,NY,2,RE,N,N,, , ,XX, , ,,, ,,,,,,,XX, ,,, ,,,,,,,XX, ,,, ,XX, ,,,,,,,2016,1.0
56505,National Grid Generation LLC,2517.0,Port Jefferson,NY,3,OP,N,N,, , ,ST,0.55,0.5,SU,NV,1976,SS,,,SS,,,ST,0.15,NP,OH,1995,OV,,,ND,,,ST,0.1,PB,NV,1971,, ,,,,,,,2016,1.0
56505,National Grid Generation LLC,2517.0,Port Jefferson,NY,4,OP,N,N,, , ,ST,0.55,0,SU,NV,1976,SS,,,SS,,,ST,0.15,NP,OH,1995,OV,,,ND,,,ST,0.1,PB,NV,1971,, ,,,,,,,2016,1.0
25,Greenidge Generation Holdings LLC,2527.0,Greenidge Generation LLC,NY,4,RE,N,N,, , ,ST, , ,,,1988,IF,,,SS,,,ST, ,NP,DA,1995,,,,,,,ST,0.28,PB,NV,1971,ST,2009,,,,,,,2016,1.0
25,Greenidge Generation Holdings LLC,2527.0,Greenidge Generation LLC,NY,5,RE,N,N,, , ,ST, , ,SB,MO,1988,,,,,,,ST, ,NP,DA,1995,,,,,,,ST,0.28,PB,NV,1971,ST,2009,,,,,,,2016,1.0
25,Greenidge Generation Holdings LLC,2527.0,Greenidge Generation LLC,NY,6,OP,D,N,, , ,ST,0.19,0.95,SB,OH,2007,IF,,,SS,,,ST,0.12,NP,OT,1995,AA,LN,SR,SN,,,ST,0.22,PB,NV,1970,ST,2007,BP,CD,ACI,BP,CD,ACI,2016,1.0
22125,"Cayuga Operating Company, LLC",2535.0,Cayuga Operating Company,NY,1,OP,N,N,, , ,ST,3.4,0.7,DP,YR,1988,IF,,,IF,,,ST,0.12,NP,DA,2001,SR,LN,,SR,LN,,FD,0.03,PB,PS,2015,ST,2015,SP,EK,,SP,EK,,2016,1.0
22125,"Cayuga Operating Company, LLC",2535.0,Cayuga Operating Company,NY,2,OP,N,N,, , ,ST,3.4,0.7,DP,YR,1988,IF,,,IF,,,ST,0.32,NP,DA,2014,LN,,,LN,,,FD,0.03,PB,PS,2015,ST,2015,SP,ACI,EK,SP,ACI,EK,2016,1.0
14294,PSEG Power New York Inc,2539.0,Bethlehem Energy Center,NY,1,RE,,,, , ,, , ,,, ,,,,,,,, ,,, ,,,,,,,, ,,, ,, ,,,,,,,2016,1.0
14294,PSEG Power New York Inc,2539.0,Bethlehem Energy Center,NY,2,RE,,,, , ,, , ,,, ,,,,,,,, ,,, ,,,,,,,, ,,, ,, ,,,,,,,2016,1.0
14294,PSEG Power New York Inc,2539.0,Bethlehem Energy Center,NY,3,RE,,,, , ,, , ,,, ,,,,,,,, ,,, ,,,,,,,, ,,, ,, ,,,,,,,2016,1.0
14294,PSEG Power New York Inc,2539.0,Bethlehem Energy Center,NY,4,RE,,,, , ,, , ,,, ,,,,,,,, ,,, ,,,,,,,, ,,, ,, ,,,,,,,2016,1.0
14294,PSEG Power New York Inc,2539.0,Bethlehem Energy Center,NY,5,OP,Db,Y,4-0122-00044/00021,2,2002,ST,0.0006,0,DP,NV,2005,SS,,,NP,,,ST,0.0073,NP,NV,2005,SR,LN,,NP,,,ST,0.011,PB,NV,2005,, ,,,,,,,2016,1.0
14294,PSEG Power New York Inc,2539.0,Bethlehem Energy Center,NY,6,OP,Db,Y,4-0122-00044/00021,2,2002,ST,0.0006,0,DP,NV,2005,SS,,,NP,,,ST,0.0073,NP,NV,2005,SR,LN,,NP,,,ST,0.011,PB,NV,2005,, ,,,,,,,2016,1.0
14294,PSEG Power New York Inc,2539.0,Bethlehem Energy Center,NY,7,OP,Db,Y,4-0122-00044/00021,2,2008,ST,0.0006,0,DP,NV,2005,SS,,,NP,,,ST,0.0073,NP,NV,2005,SR,LN,,NP,,,ST,0.011,PB,NV,2005,, ,,,,,,,2016,1.0
13168,NRG Huntley Operations Inc,2549.0,C R Huntley Generating Station,NY,63,RE,N,,, , ,ST, , ,SB,DA,1974,,,,,,,LO, ,,, ,,,,,,,ST,0.17,PB,NV,1973,, ,,,,,,,2016,1.0
13168,NRG Huntley Operations Inc,2549.0,C R Huntley Generating Station,NY,64,RE,N,,, , ,ST, , ,SB,DA,1974,,,,,,,LO, ,,, ,,,,,,,ST,0.17,PB,NV,1973,, ,,,,,,,2016,1.0
13168,NRG Huntley Operations Inc,2549.0,C R Huntley Generating Station,NY,65,RE,N,,, , ,ST, , ,SB,DA,1974,,,,,,,ST, ,NL,YR,1974,,,,,,,ST,0.17,PB,NV,1973,, ,,,,,,,2016,1.0
13168,NRG Huntley Operations Inc,2549.0,C R Huntley Generating Station,NY,66,RE,N,N,, , ,ST, , ,DP,DA,1974,,,,,,,ST, ,NP,DA, ,,,,,,,ST,0.17,PB,PS,1973,ST, ,,,,,,,2016,1.0
13168,NRG Huntley Operations Inc,2549.0,C R Huntley Generating Station,NY,67,RE,N,N,, , ,ST,3.4,0,DP,DA,1974,SS,,,SS,,,ST,0.12,NP,DA,1974,LN,AA,SN,LN,AA,SN,ST,0.17,PB,PS,1973,ST,2009,BP,,,BP,ACI,,2016,1.0
13168,NRG Huntley Operations Inc,2549.0,C R Huntley Generating Station,NY,68,RE,N,N,, , ,ST,3.4,0,DP,DA,1974,SS,,,SS,,,ST,0.12,NP,DA,2014,LN,AA,SN,LN,AA,SN,ST,0.17,PB,PS,1973,ST,2009,BP,,,BP,ACI,,2016,1.0
13579,Dunkirk Power LLC,2554.0,Dunkirk Generating Plant,NY,1,SC,N,N,, , ,ST,2.07,0,DP,DA,1974,SS,,,SS,,,ST,0.12,NP,DA,2014,LN,AA,SN,LN,AA,SN,ST,0.22,PB,PS,1973,ST,2009,BP,ACI,,BP,ACI,,2016,1.0
13579,Dunkirk Power LLC,2554.0,Dunkirk Generating Plant,NY,2,SC,N,N,, , ,ST,2.07,0,DP,DA,1974,SS,,,SS,,,ST,0.12,NP,DA,1995,LN,AA,SN,LN,AA,SN,ST,0.23,PB,PS,1973,ST,2009,BP,ACI,,BP,ACI,,2016,1.0
13579,Dunkirk Power LLC,2554.0,Dunkirk Generating Plant,NY,3,SC,N,N,, , ,ST,2.07,0,DP,DA,1974,SS,,,SS,,,ST,0.12,NP,DA,1995,LN,AA,SN,LN,AA,SN,ST,0.16,PB,PS,1973,ST,2009,BP,ACI,,BP,ACI,,2016,1.0
13579,Dunkirk Power LLC,2554.0,Dunkirk Generating Plant,NY,4,SC,N,N,, , ,ST,2.07,0,DP,DA,1974,SS,,,SS,,,ST,3241,NP,DA,1995,LN,AA,SN,LN,AA,SN,ST,0.16,PB,PS,1973,ST,2009,BP,ACI,,BP,ACI,,2016,1.0
55951,Exelon Nuclear,2589.0,Nine Mile Point Nuclear Station,NY,NSS1,OP,,,, , ,, , ,,, ,,,,,,,, ,,, ,,,,,,,, ,,, ,, ,,,,,,,2016,3.0
55951,Exelon Nuclear,2589.0,Nine Mile Point Nuclear Station,NY,NSS2,OP,,,, , ,, , ,,, ,,,,,,,, ,,, ,,,,,,,, ,,, ,, ,,,,,,,2016,3.0
13923,NRG Oswego Harbor Power Operations Inc,2594.0,Oswego Harbor Power,NY,5,OP,N,N,, , ,ST,0.75,0,SU,DA,1976,SS,,,SS,,,ST,0.25,NP,DA,1976,ND,,,,,,ST,0.1,PB,NV,1976,, ,,,,,,,2016,1.0
13923,NRG Oswego Harbor Power Operations Inc,2594.0,Oswego Harbor Power,NY,6,OP,D,N,, , ,,0.75,0,SU,TH,1980,,,,,,,ST,0.2,NP,TH,2014,,,,,,,ST,0.1,PB,TH,1980,, ,,,,,,,2016,1.0
12792,NRG New York LLC,2625.0,Bowline Point,NY,1,OP,N,N,, , ,ST,0.0037,0,SU,NV,1972,SS,,,SS,,,ST,0.25,NP,NV,1995,AA,,,AA,,,ST,0.1,PB,NV,1972,, ,,,,,,,2016,1.0
12792,NRG New York LLC,2625.0,Bowline Point,NY,2,OP,N,N,, , ,ST,0.0037,0,SU,NV,1974,SS,,,SS,,,ST,0.25,NP,NV,1995,AA,,,AA,,,ST,0.1,PB,NV,1974,, ,,,,,,,2016,1.0
12792,NRG New York LLC,2629.0,Lovett,NY,3,RE,N,,, , ,ST, , ,,, ,,,,,,,ST, ,,, ,,,,,,,ST, ,,, ,, ,,,,,,,2016,4.0
12792,NRG New York LLC,2629.0,Lovett,NY,4,RE,N,,, , ,ST, , ,,, ,,,,,,,ST, ,,, ,,,,,,,ST, ,,, ,, ,,,,,,,2016,4.0
12792,NRG New York LLC,2629.0,Lovett,NY,5,RE,N,,, , ,ST, , ,,, ,,,,,,,ST, ,,, ,,,,,,,ST, ,,, ,, ,,,,,,,2016,4.0
16183,Rochester Gas & Electric Corp,2642.0,Rochester 7,NY,1,RE,N,,, , ,ST, , ,,, ,,,,,,,ST, ,,, ,,,,,,,ST, ,,, ,, ,,,,,,,2016,4.0
16183,Rochester Gas & Electric Corp,2642.0,Rochester 7,NY,2,RE,N,,, , ,ST, , ,,, ,,,,,,,ST, ,,, ,,,,,,,ST, ,,, ,, ,,,,,,,2016,4.0
16183,Rochester Gas & Electric Corp,2642.0,Rochester 7,NY,3,RE,N,,, , ,ST, , ,,, ,,,,,,,ST, ,,, ,,,,,,,ST, ,,, ,, ,,,,,,,2016,4.0
16183,Rochester Gas & Electric Corp,2642.0,Rochester 7,NY,4,RE,N,,, , ,ST, , ,,, ,,,,,,,ST, ,,, ,,,,,,,ST, ,,, ,, ,,,,,,,2016,4.0
9645,Jamestown Board of Public Util,2682.0,S A Carlson,NY,10,OP,D,N,, , ,XX, , ,,, ,,,,,,,ST,0.06,NP,OH,2014,LN,,,LN,,,XX, ,,, ,XX, ,,,,,,,2016,2.0
9645,Jamestown Board of Public Util,2682.0,S A Carlson,NY,11,RE,,N,, , ,XX, , ,,, ,,,,,,,XX, ,,, ,,,,,,,XX, ,,, ,XX, ,,,,,,,2016,2.0
9645,Jamestown Board of Public Util,2682.0,S A Carlson,NY,12,RE,,N,, , ,XX, , ,,, ,,,,,,,XX, ,,, ,,,,,,,XX, ,,, ,XX, ,,,,,,,2016,2.0
9645,Jamestown Board of Public Util,2682.0,S A Carlson,NY,9,OP,,N,, , ,XX, , ,,, ,,,,,,,ST,0.06,NP,OH,2014,LN,,,LN,,,XX, ,,, ,XX, ,,,,,,,2016,2.0
9645,Jamestown Board of Public Util,2682.0,S A Carlson,NY,HRSG,OP,,,, , ,XX, , ,,, ,,,,,,,ST,0.2,NP,OH,2001,,NP,,,NP,,XX, ,,, ,XX, ,,,,,,,2016,2.0
22129,Somerset Operating Co LLC,6082.0,Somerset Operating Co LLC,NY,1,OP,Da,N,, , ,FD,0.6,0.01,DP,MO,1984,IF,,,IF,,,ST,0.12,NP,DA,1995,LN,SR,,,,,FD,0.03,PB,NV,1984,ST,2010,SP,OT,,,,,2016,1.0
5943,Entergy Nuc Fitzpatrick LLC,6110.0,James A Fitzpatrick,NY,NSS1,OP,,,, , ,, , ,,, ,,,,,,,, ,,, ,,,,,,,, ,,, ,, ,,,,,,,2016,3.0
55951,Exelon Nuclear,6122.0,R E Ginna Nuclear Power Plant,NY,NSS1,OP,,,, , ,, , ,,, ,,,,,,,, ,,, ,,,,,,,, ,,, ,, ,,,,,,,2016,3.0
15296,New York Power Authority,7314.0,Richard M Flynn,NY,EIA01,OP,,,, , ,, , ,,, ,,,,,,,, ,,, ,,,,,,,, ,,, ,, ,,,,,,,2016,4.0
58651,"Allegany Generating Station, LLC",7784.0,Allegany Cogen,NY,HRSG,OP,Dc,,, , ,FD,0.0006, ,DP,OH,1994,,,,,,,FD,9,NM,OH,1994,H20,SR,,H20,SR,,FD, ,,, ,, ,,,,,,,2016,2.0
5511,CCI Roseton LLC,8006.0,Roseton Generating Facility,NY,1,OP,N,N,, , ,ST,0.55, ,SU,YR,1974,SS,,,SS,,,ST,0.15,NP,MO,1995,OV,FR,,,,,ST,0.1,PB,NV,1974,ST,1974,,,,,,,2016,1.0
5511,CCI Roseton LLC,8006.0,Roseton Generating Facility,NY,2,OP,N,N,, , ,ST,0.55, ,SU,YR,1974,SS,,,SS,,,ST,0.15,NP,MO,1995,OV,FR,,OV,FR,,ST,0.1,PB,NV,1974,ST,1974,,,,,,,2016,1.0
54863,U S Power Generating Company LLC,8906.0,Astoria Generating Station,NY,20,OP,N,N,, , ,ST,39.5,0,OT,NV,1972,WA,,,WA,,,ST,0.08,NP,OT,2014,LN,,,LN,,,ST,0.01,PB,NV,2005,, ,,,,,,,2016,1.0
54863,U S Power Generating Company LLC,8906.0,Astoria Generating Station,NY,30,OP,N,N,, , ,ST,0.3,0,SU,NV,1972,WA,,,WA,,,ST,0.15,NP,OT,2014,LN,,,FR,,,ST,0.1,PB,NV,1973,FD,2015,OT,,,OT,,,2016,1.0
54863,U S Power Generating Company LLC,8906.0,Astoria Generating Station,NY,40,OS,N,N,, , ,ST,0.3,0,SU,NV,1972,WA,,,WA,,,ST,0.15,NP,OT,2014,LN,,,LN,,,ST,0.1,PB,NV,1973,FD,2015,OT,,,OT,,,2016,1.0
54863,U S Power Generating Company LLC,8906.0,Astoria Generating Station,NY,50,OP,N,N,, , ,ST,0.3,0,SU,NV,1972,WA,,,WA,,,ST,0.15,NP,OT,2014,LN,,,LN,,,ST,0.1,PB,NV,1973,FD,2015,OT,,,OT,,,2016,1.0
6028,Entergy Nuclear Indian Point 3,8907.0,Indian Point 3,NY,NSS3,OP,,,, , ,, , ,,, ,,,,,,,, ,,, ,,,,,,,, ,,, ,, ,,,,,,,2016,3.0
5624,"RED-Rochester, LLC",10025.0,"RED-Rochester, LLC",NY,13,RE,N,,, , ,ST, , ,DP,YR,1988,,,,,,,ST, ,NP,DA,1995,,,,,,,ST,0.26,PB,OH,1995,, ,,,,,,,2016,1.0
5624,"RED-Rochester, LLC",10025.0,"RED-Rochester, LLC",NY,14,RE,N,,, , ,ST, , ,DP,YR,1988,,,,,,,ST, ,NP,DA,1995,,,,,,,ST,0.26,PB,OH,1995,, ,,,,,,,2016,1.0
5624,"RED-Rochester, LLC",10025.0,"RED-Rochester, LLC",NY,15,RE,N,,, , ,ST, , ,DP,YR,1988,,,,,,,ST, ,NP,DA,1995,,,,,,,ST,0.26,PB,OH,1972,, ,,,,,,,2016,1.0
5624,"RED-Rochester, LLC",10025.0,"RED-Rochester, LLC",NY,41,SB,N,N,, , ,FD,3.4, ,DP,YR,1988,SS,,,SS,,,FD,0.6,NP,DA,1995,FU,LA,,FU,LA,,ST,0.26,PB,OH,1972,,1972,,,,,,,2016,1.0
5624,"RED-Rochester, LLC",10025.0,"RED-Rochester, LLC",NY,42,OP,N,N,, , ,FD,3.4, ,DP,YR,1988,SS,,,SS,,,ST,0.6,NP,DA,1995,FU,LA,,FU,LA,,ST,0.26,PB,OH,1972,,1972,,,,,,,2016,1.0
5624,"RED-Rochester, LLC",10025.0,"RED-Rochester, LLC",NY,43,OP,N,N,, , ,FD,3.4, ,DP,YR,1988,SS,,,SS,,,ST,0.6,NP,DA,1995,FU,LA,,FU,LA,,ST,0.24,PB,OH,1972,,1972,,,,,,,2016,1.0
5624,"RED-Rochester, LLC",10025.0,"RED-Rochester, LLC",NY,44,OP,Da,N,, , ,FD,1.2, ,DP,NV,1987,SS,,,SS,,,ST,0.42,NP,DA,1995,FU,LA,,FU,LA,,FD,0.1,PB,NV,1987,,1987,,,,,,,2016,1.0
5624,"RED-Rochester, LLC",10025.0,"RED-Rochester, LLC",NY,45,CO,Db,Y,8-2699-00126/00001,9,2015,FD,1.2, ,DP,NV,2017,,,,,,,ST, ,NP,DA,2017,NP,,,NP,,,XX,0.2,PB,DA,2017,,2017,NP,,,NP,,,2016,1.0
5624,"RED-Rochester, LLC",10025.0,"RED-Rochester, LLC",NY,46,CO,Db,Y,8-2699-00126/00001,9,2015,XX, , ,,, ,,,,,,,, ,,, ,,,,,,,, ,,, ,, ,,,,,,,2016,1.0
5624,"RED-Rochester, LLC",10025.0,"RED-Rochester, LLC",NY,47,CO,Db,Y,8-2699-00126/00001,9,2015,XX, , ,,, ,,,,,,,, ,,, ,,,,,,,, ,,, ,,2017,,,,,,,2016,1.0
5624,"RED-Rochester, LLC",10025.0,"RED-Rochester, LLC",NY,48,PL,Db,Y,8-2699-00126/00001,9,2015,XX, , ,,, ,,,,,,,, ,,, ,,,,,,,, ,,, ,,2017,,,,,,,2016,1.0
5624,"RED-Rochester, LLC",10025.0,"RED-Rochester, LLC",NY,PB1,OP,N,N,, , ,FD,1.65, ,DP,YR,1988,SS,,,SS,,,XX,0.6,NP,DA,1995,,,,,,,ST,0.2,PB,OH,1972,,1995,,,,,,,2016,1.0
5624,"RED-Rochester, LLC",10025.0,"RED-Rochester, LLC",NY,PB2,OP,N,N,, , ,FD,1.65, ,DP,YR,1988,SS,,,SS,,,XX,0.6,NP,DA,1995,,,,,,,ST,0.2,PB,OH,1972,,1995,,,,,,,2016,1.0
5624,"RED-Rochester, LLC",10025.0,"RED-Rochester, LLC",NY,PB3,OP,N,N,, , ,FD,1.65, ,DP,YR,1988,SS,,,SS,,,XX,0.6,NP,DA,1995,,,,,,,ST,0.2,PB,OH,1972,,1995,,,,,,,2016,1.0
5624,"RED-Rochester, LLC",10025.0,"RED-Rochester, LLC",NY,PB4,OP,N,N,, , ,FD,1.65, ,DP,YR,1988,SS,,,SS,,,XX,0.6,NP,DA,1995,,,,,,,ST,0.2,PB,OH,1972,,1995,,,,,,,2016,1.0
60741,Fortistar Castleton Power,10190.0,Castleton Energy Center,NY,HRSG-1,OP,Db,Y,4-3844-00008,2,2017,XX, , ,,, ,,,,,,,FD,25,NM,OH,1992,STM,,,,,,FD,0.01,PB,PS,1992,,1992,,,,,,,2016,2.0
1746,Black River Generation LLC,10464.0,ReEnergy Black River,NY,E0001,OP,N,,, , ,ST,0.23, ,DP,MO,1987,CF,,,CF,,,FD,0.17,NH,DA,2013,CF,LA,FU,CF,LA,FU,, ,,, ,, ,,,,,,,2016,2.0
1746,Black River Generation LLC,10464.0,ReEnergy Black River,NY,E0002,OP,N,,, , ,ST,0.23, ,DP,MO,1987,CF,,,CF,,,FD,0.17,NH,DA,2013,CF,LA,FU,CF,LA,FU,, ,,, ,, ,,,,,,,2016,2.0
1746,Black River Generation LLC,10464.0,ReEnergy Black River,NY,E0003,OP,N,,, , ,ST,0.23, ,DP,MO,1987,CF,,,CF,,,FD,0.17,NH,DA,2013,CF,LA,FU,CF,LA,FU,, ,,, ,, ,,,,,,,2016,2.0
20541,Wheelabrator Environmental Systems,10503.0,Wheelabrator Hudson Falls,NY,SG201A,OP,Db,N,, , ,ST,29,0.75,DM,DA,1992,IF,,,IF,,,ST,205,NM,DA,2000,OV,,,OV,,,ST,2500,UG,, ,ST,2000,ACI,,,ACI,,,2016,2.0
20541,Wheelabrator Environmental Systems,10503.0,Wheelabrator Hudson Falls,NY,SG201B,OP,Db,,, , ,ST,29,0.75,DM,DA,1992,IF,,,IF,,,FD,205,NM,DA,2000,OV,,,OV,,,FD,2500,UG,, ,ST,2000,ACI,,,ACI,,,2016,2.0
56174,Finch Paper LLC,10511.0,Finch Paper,NY,10,OP,N,N,, , ,ST,100, ,DM,OT,1987,OT,,,OT,,,ST,464,NM,MO,1995,,,,OT,,,FD, ,,, ,,1987,,,,,,,2016,2.0
56174,Finch Paper LLC,10511.0,Finch Paper,NY,4,OP,N,N,, , ,XX, , ,,, ,,,,,,,ST,0.45,NP,MO,1995,OT,,,LN,,,FD,0.1,PB,, ,, ,,,,,,,2016,2.0
56174,Finch Paper LLC,10511.0,Finch Paper,NY,5,OP,N,N,, , ,XX, , ,,, ,,,,,,,ST,0.45,NP,MO,1995,OT,,,LN,,,FD,0.1,PB,, ,, ,,,,,,,2016,2.0
56174,Finch Paper LLC,10511.0,Finch Paper,NY,8,OP,N,N,, , ,ST,100, ,DM,OT,1977,OT,,,OT,,,ST,464,NM,MO,1995,,,,,,,, ,,, ,, ,,,,,,,2016,2.0
56174,Finch Paper LLC,10511.0,Finch Paper,NY,9,OP,N,N,, , ,XX, , ,,, ,,,,,,,ST,0.27,NP,MO,1995,OT,,,,,,FD,0.3,PB,, ,, ,,,,,,,2016,2.0
60641,Veolia NA - Municipal & Commercial Business,10521.0,Lederle Laboratories,NY,BLR3,OP,,,, , ,, , ,,, ,,,,,,,, ,,, ,,,,,,,, ,,, ,, ,,,,,,,2016,4.0
60641,Veolia NA - Municipal & Commercial Business,10521.0,Lederle Laboratories,NY,BLR4,OP,,,, , ,, , ,,, ,,,,,,,, ,,, ,,,,,,,, ,,, ,, ,,,,,,,2016,4.0
60641,Veolia NA - Municipal & Commercial Business,10521.0,Lederle Laboratories,NY,BLR5,OP,,,, , ,, , ,,, ,,,,,,,, ,,, ,,,,,,,, ,,, ,, ,,,,,,,2016,4.0
60641,Veolia NA - Municipal & Commercial Business,10521.0,Lederle Laboratories,NY,WHSG1,OP,,,, , ,, , ,,, ,,,,,,,, ,,, ,,,,,,,, ,,, ,, ,,,,,,,2016,4.0
60641,Veolia NA - Municipal & Commercial Business,10521.0,Lederle Laboratories,NY,WHSG2,OP,,,, , ,, , ,,, ,,,,,,,, ,,, ,,,,,,,, ,,, ,, ,,,,,,,2016,4.0
58338,Lakeside Beaver Falls LLC,10617.0,CH Resources Beaver Falls,NY,HRSG50,OP,Db,,, , ,, , ,,, ,,,,,,,, ,,, ,SR,,,,,,, ,,, ,, ,,,,,,,2016,2.0
3085,Carthage Energy LLC,10620.0,Carthage Energy LLC,NY,HRSG,OP,,,, , ,XX, , ,,, ,,,,,,,ST,42,NM,OH,1991,STM,,,,,,, ,,, ,, ,,,,,,,2016,2.0
58337,Lakeside Syracuse LLC,10621.0,CH Resources Syracuse,NY,HRSG50,SB,Db,,, , ,, , ,,, ,,,,,,,, ,,, ,SR,,,,,,, ,,, ,, ,,,,,,,2016,2.0
473,Covanta Hempstead Company,10642.0,Covanta Hempstead,NY,1,OP,N,,, , ,FD,29,0.75,DM,DA,1989,IF,,,,,,ST,145.7,NH,OH,2004,SN,LA,,SN,LA,,, ,,, ,ST,2007,BR,SD,,BR,SD,,2016,2.0
473,Covanta Hempstead Company,10642.0,Covanta Hempstead,NY,2,OP,N,,, , ,FD,29,0.75,DM,DA,1989,IF,,,,,,ST,145.7,NH,OH,2004,SN,LA,,SN,LA,,, ,,, ,ST,2007,BR,SD,,BR,SD,,2016,2.0
473,Covanta Hempstead Company,10642.0,Covanta Hempstead,NY,3,OP,N,,, , ,FD,29,0.75,DM,DA,1989,IF,,,,,,ST,145.7,NH,OH,2004,SN,,,SN,,,, ,,, ,ST,2007,BR,SD,,BR,SD,,2016,2.0
16909,Selkirk Cogen Partners LP,10725.0,Selkirk Cogen,NY,HRSG1,OP,Db,N,, , ,ST,0.2,0,SU,NS,1992,,,,,,,ST,0.091,NP,NS,1992,SR,,,SR,,,ST,0.014,PB,NS,1992,, ,,,,,,,2016,1.0
16909,Selkirk Cogen Partners LP,10725.0,Selkirk Cogen,NY,HRSG2,OP,Db,N,, , ,ST,0.2,0,SU,NS,1994,,,,,,,ST,0.0181,NP,NS,1994,SR,,,SR,,,ST,0.014,PB,NS,1994,, ,,,,,,,2016,1.0
16909,Selkirk Cogen Partners LP,10725.0,Selkirk Cogen,NY,HRSG3,OP,Db,N,, , ,ST,0.2,0,SU,NS,1994,,,,,,,ST,0.0181,NP,NS,1994,SR,,,SR,,,ST,0.014,PB,NS,1994,, ,,,,,,,2016,1.0
40052,AG Energy LP,10803.0,Ogdensburg Power,NY,HRSG A,OS,,,, , ,, , ,,, ,,,,,,,, ,,, ,,,,,,,, ,,, ,, ,,,,,,,2016,2.0
55807,Niagara Generation LLC,50202.0,WPS Power Niagara,NY,1,RE,N,N,, , ,FD, , ,DP,MO, ,CF,,,CF,,,FD,0.02,NP,MO,2014,SN,,,SN,,,FD, ,PB,PS, ,FD,2015,BP,,,BP,,,2016,2.0
57433,ReEnergy Chateaugay LLC,50277.0,ReEnergy Chateaugay Power Station,NY,BLR1,RE,,,, , ,, , ,,, ,,,,,,,ST,506,NH,EH,1993,,,,,,,, ,,, ,, ,,,,,,,2016,2.0
24457,Calpine Eastern Corp,50292.0,Bethpage Power Plant,NY,HRSG1,OP,,,, , ,, , ,,, ,,,,,,,ST,42,NM,OH,1987,STM,,,STM,,,, ,,, ,, ,,,,,,,2016,2.0
24457,Calpine Eastern Corp,50292.0,Bethpage Power Plant,NY,HRSG2,OP,,,, , ,, , ,,, ,,,,,,,ST,42,NM,OH,1987,STM,,,STM,,,, ,,, ,, ,,,,,,,2016,2.0
24457,Calpine Eastern Corp,50292.0,Bethpage Power Plant,NY,HRSG3,OP,,,, , ,, , ,,, ,,,,,,,ST,2.5,NM,OH,2005,SR,,,SR,,,, ,,, ,, ,,,,,,,2016,2.0
9245,Indeck-Energy Serv Silver Spg,50449.0,Indeck Silver Springs Energy Center,NY,HRSG1,OP,N,N,, , ,XX, , ,,, ,,,,,,,FD,32,NM,OH,1991,STM,,,,,,, ,,, ,XX, ,,,,,,,2016,2.0
9244,Indeck-Oswego Ltd Partnership,50450.0,Indeck Oswego Energy Center,NY,HRSG1,OP,N,N,, , ,XX, , ,,, ,,,,,,,ST,25,NM,DA,1990,STM,,,,,,FD,5.3,PH,OH,1990,FD,1990,,,,,,,2016,2.0
9243,Indeck-Yerkes Ltd Partnership,50451.0,Indeck Yerkes Energy Center,NY,HRSG1,OP,N,N,, , ,XX, , ,,, ,,,,,,,FD,42,NM,OH,1989,STM,,,,,,FD,12.8,PH,OH,1989,FD,1989,,,,,,,2016,2.0
9263,Indeck-Corinth Ltd Partnership,50458.0,Indeck Corinth Energy Center,NY,HRSG1,OP,N,,, , ,XX, , ,,, ,,,,,,,ST,9,NM,OH,1995,LN,SR,H20,LN,SR,H20,, ,,, ,FD,1995,,,,,,,2016,2.0
470,Covanta Energy of Niagara LP,50472.0,"Covanta Niagara I, LLC",NY,BLR1,OP,D,Y,9-2911-00113/00039,5,2014,ST,0.3, ,DH,OH,1981,,,,OT,,,ST,0.08,NP,OH,1981,SN,,,SN,,,ST,20,OP,SM,1991,ST,1981,,,,,,,2016,2.0
470,Covanta Energy of Niagara LP,50472.0,"Covanta Niagara I, LLC",NY,BLR2,OP,D,Y,9-2911-00113/00039,5,2014,ST,0.3, ,DH,OH,1981,,,,OT,,,ST,0.08,NP,OH,1981,SN,,,SN,,,ST,20,OP,SM,1991,, ,,,,,,,2016,2.0
470,Covanta Energy of Niagara LP,50472.0,"Covanta Niagara I, LLC",NY,BLR3,OP,D,Y,9-2911-00113/00039,5,2014,FD,29,0.8,DM,OH,1996,IF,,,IF,,,FD,150,NM,DA,1981,SN,,,SN,,,FD,11.2,PH,OH,1996,FD,1996,ACI,BR,SD,ACI,BR,SD,2016,2.0
470,Covanta Energy of Niagara LP,50472.0,"Covanta Niagara I, LLC",NY,BLR4,OP,D,Y,9-2911-00113/00039,5,2014,FD,29,0.8,DM,OH,1996,IF,,,IF,,,FD,150,NM,DA,1996,SN,,,SN,,,FD,11.2,PH,OH,1996,FD,1996,ACI,BR,SD,ACI,BR,SD,2016,2.0
4484,Covanta Babylon Inc,50649.0,Covanta Babylon Inc,NY,1,OP,N,,, , ,FD,29,0.75,DM,DA,1989,IF,,,IF,,,ST,150,NH,DA,1989,SN,,,SN,,,, ,,, ,ST,1989,ACI,,,ACI,,,2016,2.0
4484,Covanta Babylon Inc,50649.0,Covanta Babylon Inc,NY,2,OP,N,,, , ,FD,29,0.75,DM,DA,1989,IF,,,IF,,,ST,150,NM,DA,1989,SN,,,SN,,,, ,,, ,ST,1989,ACI,,,ACI,,,2016,2.0
9097,Huntington Resource Recovery,50656.0,Huntington Resource Recovery Facility,NY,UNIT1,OP,N,,, , ,FD,29,0.75,DM,DA,1991,IF,,,ND,,,ST,185,NM,TH,1991,SN,,,SN,,,, ,,, ,ST,1991,ACI,BP,,ACI,BP,,2016,2.0
9097,Huntington Resource Recovery,50656.0,Huntington Resource Recovery Facility,NY,UNIT2,OP,N,,, , ,FD,29,0.75,DM,DA,1991,IF,,,,,,ST,185,NM,TH,1991,SN,,,SN,,,, ,,, ,ST,1991,ACI,BP,,ACI,BP,,2016,2.0
9097,Huntington Resource Recovery,50656.0,Huntington Resource Recovery Facility,NY,UNIT3,OP,N,,, , ,FD,29,0.75,DM,DA,1991,IF,,,,,,ST,185,NM,TH,1991,SN,,,SN,,,, ,,, ,ST,1991,ACI,BP,,ACI,BP,,2016,2.0
4487,Covanta Onondega LP,50662.0,Onondaga County Resource Recovery,NY,UNIT1,OP,Db,Y,7-3142-00028/00009,8,2011,ST,29,0.85,DM,DA,1995,IF,,,IF,,,ST,180,NM,DA,1995,NH3,SN,,NH3,SN,,, ,,, ,ST,1995,ACI,SD,BP,ACI,SD,BP,2016,2.0
4487,Covanta Onondega LP,50662.0,Onondaga County Resource Recovery,NY,UNIT2,OP,Db,Y,7-3142-00028/00009,8,2011,ST,29,0.85,DM,DA,1995,IF,,,IF,,,ST,180,NM,DA,1995,NH3,SN,,NH3,SN,,, ,,, ,ST,1995,ACI,SD,BP,ACI,SD,BP,2016,2.0
4487,Covanta Onondega LP,50662.0,Onondaga County Resource Recovery,NY,UNIT3,OP,Db,Y,7-3142-00028/00009,8,2011,ST,29,0.85,DM,DA,1995,IF,,,IF,,,ST,180,NM,DA,1995,NH3,SN,,NH3,SN,,XX, ,,, ,ST,1995,ACI,SD,BP,ACI,SD,BP,2016,2.0
18020,Starrett City Inc,50743.0,Starrett City Cogen Facility,NY,1,OP,N,,, , ,XX, , ,,, ,,,,,,,ST,0.3,NP,ND,2018,LA,,,LN,,,, ,,, ,, ,,,,,,,2016,2.0
18020,Starrett City Inc,50743.0,Starrett City Cogen Facility,NY,2,OS,N,,, , ,XX, , ,,, ,,,,,,,ST,0.3,NP,ND,2018,LA,,,LN,,,, ,,, ,, ,,,,,,,2016,2.0
18020,Starrett City Inc,50743.0,Starrett City Cogen Facility,NY,3,OP,N,,, , ,XX, , ,,, ,,,,,,,ST,0.3,NP,ND,2018,LA,,,LN,,,, ,,, ,, ,,,,,,,2016,2.0
18020,Starrett City Inc,50743.0,Starrett City Cogen Facility,NY,4,OP,N,,, , ,XX, , ,,, ,,,,,,,ST,0.3,NP,ND,2018,LA,,,LN,,,, ,,, ,, ,,,,,,,2016,2.0
14182,Sterling Power Partners LP,50744.0,Sterling Power Plant,NY,HRSG,OP,,,, , ,, , ,,, ,,,,,,,, ,,, ,,,,,,,, ,,, ,, ,,,,,,,2016,4.0
20541,Wheelabrator Environmental Systems,50882.0,Wheelabrator Westchester,NY,1,OP,N,,, , ,FD,29,0.77,DM,DA,1999,IF,,,IF,,,ST,184,NM,DA,1999,SN,,,SN,,,FD,10,OP,SM,1999,ST,1999,ACI,,,ACI,,,2016,2.0
20541,Wheelabrator Environmental Systems,50882.0,Wheelabrator Westchester,NY,2,OP,N,,, , ,FD,29, ,DM,DA,1999,IF,,,IF,,,ST,184,NM,DA,1999,SN,,,SN,,,, ,,, ,ST,1999,ACI,,,ACI,,,2016,2.0
20541,Wheelabrator Environmental Systems,50882.0,Wheelabrator Westchester,NY,3,OP,N,,, , ,FD,29, ,DM,DA,1999,IF,,,IF,,,ST,184,NM,DA,1999,SN,,,SN,,,, ,,, ,ST,1999,ACI,,,ACI,,,2016,2.0
24202,Carr Street Generating Sta LP,50978.0,Carr Street Generating Station,NY,HRSG1,OP,,,, , ,, , ,,, ,,,,,,,, ,,, ,,,,,,,, ,,, ,, ,,,,,,,2016,4.0
24202,Carr Street Generating Sta LP,50978.0,Carr Street Generating Station,NY,HRSG2,OP,,,, , ,, , ,,, ,,,,,,,, ,,, ,,,,,,,, ,,, ,, ,,,,,,,2016,4.0
56601,Covanta MacArthur Renewable Energy,51038.0,MacArthur Waste to Energy Facility,NY,B1,OP,D,,, , ,FD,31,0.75,DM,DA,1990,IF,,,IF,,,FD,170,NM,DA,1990,OV,LA,OT,OV,LA,OT,, ,,, ,FD,1990,ACI,,,ACI,,,2016,2.0
56601,Covanta MacArthur Renewable Energy,51038.0,MacArthur Waste to Energy Facility,NY,B2,OP,D,,, , ,FD,31,0.75,DM,DA,1990,IF,,,IF,,,FD,170,NM,DA,1990,OV,LA,,OV,LA,,, ,,, ,FD,1990,ACI,,,ACI,,,2016,2.0
19153,Nassau Energy Corp,52056.0,Nassau Energy Corp,NY,4,OP,,N,, , ,XX, , ,,, ,,,,,,,ST,42,NM,OH,1995,STM,,,,,,, ,,, ,ST,2008,,,,,,,2016,2.0
24210,Riverbay Corp,52168.0,Riverbay,NY,U00003,OP,,,, , ,, , ,,, ,,,,,,,ST,0.1,NH,OH,2011,LN,,,LN,,,, ,,, ,,2011,,,,,,,2016,2.0
24210,Riverbay Corp,52168.0,Riverbay,NY,U00004,OP,,,, , ,, , ,,, ,,,,,,,ST,2.5,NM,TH,2011,SR,,,SR,,,, ,,, ,ST,2011,,,,,,,2016,2.0
24210,Riverbay Corp,52168.0,Riverbay,NY,U00006,OP,,,, , ,, , ,,, ,,,,,,,ST,2.5,NM,TH,2011,SR,,,SR,,,, ,,, ,ST,2011,,,,,,,2016,2.0
24210,Riverbay Corp,52168.0,Riverbay,NY,U00008,CO,,,, , ,, , ,,, ,,,,,,,, ,,, ,,,,,,,, ,,, ,, ,,,,,,,2016,2.0
6838,Rensselaer Generating LLC,54034.0,Rensselaer Cogen,NY,HRSG,OP,Db,N,, , ,ST,0.0015, ,SU,DT,2014,SS,,,,,,ST,9,NM,OH,1994,,SR,STM,,SR,STM,FD,3.6,PH,OH,1994,XX,1994,,,,,,,2016,2.0
11127,Lockport Energy Associates LP,54041.0,Lockport Energy Associates LP,NY,4,OP,Db,N,, , ,ST, , ,DP,YR,1992,SS,,,SS,,,ST,0.14,NP,YR,1993,STM,,,STM,,,, ,,, ,FD,1992,,,,,,,2016,2.0
9261,Indeck-Olean Ltd Partnership,54076.0,Indeck Olean Energy Center,NY,HRSG1,OP,N,N,, , ,XX, , ,,, ,,,,,,,ST,9,NM,OH,1994,SR,STM,,SR,STM,,ST,0.004,PB,, ,XX,1994,,,,,,,2016,2.0
9350,IPC-Ticonderoga,54099.0,Ticonderoga Mill,NY,PB1,OP,,,, , ,XX, , ,,, ,IF,,,,,,ST, ,NP,DA,2015,LN,OV,,LN,OV,,, ,,, ,FD,2017,,,,OT,,,2016,2.0
9350,IPC-Ticonderoga,54099.0,Ticonderoga Mill,NY,RB1,OP,N,,, , ,XX, , ,,, ,,,,,,,ST, ,NM,PS,1995,NP,,,NP,,,, ,,, ,XX, ,,,,,,,2016,2.0
10349,KIAC Partners,54114.0,Kennedy International Airport Cogen,NY,HRSG1,OP,N,N,, , ,, , ,,, ,,,,,,,FD,9.01,NM,OH,1994,SR,,,SR,,,, ,,, ,, ,,,,,,,2016,2.0
10349,KIAC Partners,54114.0,Kennedy International Airport Cogen,NY,HRSG2,OP,N,,, , ,, , ,,, ,,,,,,,FD,9.01,NM,OH,1994,SR,,,SR,,,, ,,, ,, ,,,,,,,2016,2.0
50136,North American Energy Services,54131.0,Fortistar North Tonawanda,NY,HR123,OP,Db,N,, , ,ST,0.15, ,DP,YR,1992,SS,,,SS,,,ST,0.14,NP,YR,1992,STM,,,STM,,,, ,,, ,FD,1992,,,,,,,2016,2.0
57431,ReEnergy Biomass LLC,54526.0,ReEnergy Lyonsdale Biomass,NY,00001,OP,,,, , ,XX, , ,,, ,,,,,,,ST,0.2,NP,OH,1992,,,,,,,FD, ,,, ,,1992,,,,,,,2016,2.0
17254,Sithe/Independence LLC,54547.0,Sithe Independence Station,NY,HRSG 1,OP,Db,N,, , ,ST,0.0006,0,DP,YR,1995,WA,,,WA,,,ST,0.0166,NH,OH,1995,SR,,,,,,ST,0.0011,PH,OH,1995,, ,,,,,,,2016,1.0
17254,Sithe/Independence LLC,54547.0,Sithe Independence Station,NY,HRSG 2,OP,Db,N,, , ,ST,0.0006,0,DP,YR,1995,WA,,,WA,,,ST,0.0163,NH,OH,1995,SR,,,,,,ST,0.0011,PH,OH,1995,, ,,,,,,,2016,1.0
17254,Sithe/Independence LLC,54547.0,Sithe Independence Station,NY,HRSG 3,OP,Db,N,, , ,ST,0.0006,0,DP,YR,1995,WA,,,WA,,,ST,0.0176,NH,OH,1995,SR,,,,,,ST,0.0011,PH,OH,1995,, ,,,,,,,2016,1.0
17254,Sithe/Independence LLC,54547.0,Sithe Independence Station,NY,HRSG 4,OP,Db,N,, , ,ST,0.0006,0,DC,YR,1995,WA,,,WA,,,ST,0.0175,NH,OH,1995,SR,,,,,,ST,0.0011,PH,OH,1995,, ,,,,,,,2016,1.0
16729,Saranac Power Partners LP,54574.0,Saranac Facility,NY,HRSG1,OP,Da,N,, , ,XX, , ,,, ,,,,,,,FD,0.033,NP,TH,1994,LN,NH3,SR,,,,FD,0.0062,PB,TH,1994,XX, ,,,,,,,2016,2.0
16729,Saranac Power Partners LP,54574.0,Saranac Facility,NY,HRSG2,OP,Da,N,, , ,XX, , ,,, ,,,,,,,FD,0.033,NP,TH,1994,NH3,SR,LN,,,,FD,0.0062,PB,TH,1994,XX, ,,,,,,,2016,2.0
15253,Power City Partners LP,54592.0,Massena Energy Facility,NY,HRSG1,OP,Db,N,, , ,XX, , ,,, ,,,,,,,ST,9,NM,OH,1992,SR,STM,,,,,, ,,, ,, ,,,,,,,2016,2.0
16839,Seneca Power Partners LP,54593.0,Batavia Power Plant,NY,HRSG,OP,,,, , ,, , ,,, ,,,,,,,, ,,, ,,,,,,,, ,,, ,, ,,,,,,,2016,4.0
2313,Brooklyn Navy Yard Cogen PLP,54914.0,Brooklyn Navy Yard Cogeneration,NY,HRSG1,OP,,,, , ,, , ,,, ,,,,,,,, ,,, ,,,,,,,, ,,, ,, ,,,,,,,2016,4.0
2313,Brooklyn Navy Yard Cogen PLP,54914.0,Brooklyn Navy Yard Cogeneration,NY,HRSG2,OP,,,, , ,, , ,,, ,,,,,,,, ,,, ,,,,,,,, ,,, ,, ,,,,,,,2016,4.0
22979,Astoria Energy LLC,55375.0,Astoria Energy,NY,HRSG1,OP,Db,Y,2-6301-00072/00014,12,2001,FD,0.0015,0,DP,PS,2006,WA,,,WA,,,FD,2,NM,TH,2006,H20,SR,,H20,SR,,FD,0.01,PB,PS,2006,ST,2006,,,,,,,2016,1.0
22979,Astoria Energy LLC,55375.0,Astoria Energy,NY,HRSG2,OP,Db,Y,2-6301-00072/00014,12,2001,FD,0.0015,0,DP,PS,2006,WA,,,WA,,,FD,2,NH,TH,2006,H20,SR,,H20,SR,,FD,0.01,PB,PS,2006,LO,2006,,,,,,,2016,1.0
32173,New Athens Generating Company LLC,55405.0,Athens Generating Plant,NY,HRSG01,OP,,,, , ,, , ,,, ,,,,,,,, ,,, ,,,,,,,, ,,, ,, ,,,,,,,2016,3.0
32173,New Athens Generating Company LLC,55405.0,Athens Generating Plant,NY,HRSG02,OP,,,, , ,, , ,,, ,,,,,,,, ,,, ,,,,,,,, ,,, ,, ,,,,,,,2016,3.0
32173,New Athens Generating Company LLC,55405.0,Athens Generating Plant,NY,HRSG03,OP,,,, , ,, , ,,, ,,,,,,,, ,,, ,,,,,,,, ,,, ,, ,,,,,,,2016,3.0
49837,Pinelawn Power LLC,56188.0,Pinelawn Power LLC,NY,001,OP,Db,N,, , ,XX, , ,,, ,,,,,,,FD,4.33,NH,NV,2005,SR,H20,NH3,,,,FD,0.1,PB,WO,2005,XX, ,,,,,,,2016,2.0
15296,New York Power Authority,56196.0,500MW CC,NY,7A,OP,,,, , ,, , ,,, ,,,,,,,, ,,, ,,,,,,,, ,,, ,, ,,,,,,,2016,3.0
15296,New York Power Authority,56196.0,500MW CC,NY,7B,OP,,,, , ,, , ,,, ,,,,,,,, ,,, ,,,,,,,, ,,, ,, ,,,,,,,2016,3.0
49950,"Caithness Long Island, LLC",56234.0,Caithness Long Island Energy Center,NY,HRSG01,OP,Da,N,, , ,, , ,,, ,,,,,,,ST,2,NM,TH,2009,SR,,,SR,,,, ,,, ,, ,,,,,,,2016,1.0
56480,Empire Generating Co LLC,56259.0,Empire Generating Co  LLC,NY,HRSG11,OP,N,Y,3814-00052/0003,7,2014,FD,0.06,0,DP,NV,2010,WA,OT,,WA,OT,,ST,2,NM,TH,2010,SR,NH3,LN,SR,NH3,LN,ST,0.012,PB,PS,2010,, ,,,,,,,2016,1.0
56480,Empire Generating Co LLC,56259.0,Empire Generating Co  LLC,NY,HRSG12,OP,N,Y,3814-00052/0003,7,2014,FD,0.06,0,DP,NV,2010,WA,OT,,WA,OT,,ST,2,NM,TH,2010,SR,NH3,LN,SR,NH3,LN,ST,0.012,PB,PS,2010,, ,,,,,,,2016,1.0
56204,Diamond Generating Corp- Ops LLC,56940.0,CPV Valley Energy Center,NY,HRSG1,CO,Db,N,, , ,ST,0.0015,0,SB,DT,2018,SS,,,WA,WA,WA,ST,2,NM,OH,2017,NH3,SR,LN,NH3,SR,LN,ST,0.0073,PB,OH,2017,XX, ,,,,,,,2016,1.0
56204,Diamond Generating Corp- Ops LLC,56940.0,CPV Valley Energy Center,NY,HRSG2,CO,Db,N,, , ,ST,0.0015,0,SB,DT,2016,SS,,,WA,WA,WA,ST,2,NM,OH,2017,NH3,SR,LN,NH3,SR,LN,ST,0.0073,PB,OH,2017,XX, ,,,,,,,2016,1.0
56534,Cricket Valley Energy Center LLC,57185.0,Cricket Valley Energy,NY,U1HRSG,PL,Db,Y,3-1326-00275/00009,2,2016,XX, , ,,, ,,,,,,,ST,2,NM,OH,2016,,,,SR,,,ST,0.00065,PB,NV,2016,XX, ,,,,,,,2016,1.0
56534,Cricket Valley Energy Center LLC,57185.0,Cricket Valley Energy,NY,U2HRSG,PL,Db,Y,3-1326-00275/00009,2,2016,FD, , ,DP,NV,2015,,,,SS,,,ST, ,NP,NV,2015,,,,SR,,,FD,0.007,PB,NV,2015,, ,,,,,,,2016,1.0
56534,Cricket Valley Energy Center LLC,57185.0,Cricket Valley Energy,NY,U3HRSG,PL,Db,Y,3-1326-00275/00009,2,2016,FD, , ,DP,NV,2015,,,,SS,,,ST, ,NP,NV,2020,,,,SR,,,FD,0.007,PB,NV,2020,XX, ,,,,,,,2016,1.0
56991,Astoria Energy II LLC,57664.0,Astoria Energy II,NY,HRSG3,OP,Db,Y,2-6301-00072/00014,12,2001,ST,0.0015,0,DP,PS,2011,,,,,,,ST,2,NM,PS,2011,,SR,H20,,SR,H20,FD,0.01,PB,PS,2011,, ,,,,,,,2016,1.0
56991,Astoria Energy II LLC,57664.0,Astoria Energy II,NY,HRSG4,OP,Db,Y,2-6301-00072/00014,12,2001,ST,0.0015,0,DP,PS,2011,,,,,,,FD,2,NM,PS,201,,SR,H20,,SR,H20,FD,0.01,PB,OH,2011,, ,,,,,,,2016,1.0
58107,University of Rochester,58157.0,University of Rochester,NY,10,OP,Db,N,, , ,ST,0.0015, ,SU,NS,2016,SS,,,SS,,,ST,0.11,NH,PS,2016,LN,,,LN,,,XX, ,,, ,XX,2016,,,,,,,2016,2.0
58107,University of Rochester,58157.0,University of Rochester,NY,5,OP,Db,N,, , ,ST,0.0015, ,SU,NS,1998,SS,,,SS,,,ST,0.11,NH,PS,1998,LN,,,LN,,,, ,,, ,XX,1998,,,,,,,2016,2.0
58107,University of Rochester,58157.0,University of Rochester,NY,6,OP,Db,N,, , ,ST,0.0015, ,SU,NS,1998,SS,,,SS,,,ST,0.858,NH,PS,1998,LN,,,LN,,,, ,,, ,XX,1998,,,,,,,2016,2.0
58107,University of Rochester,58157.0,University of Rochester,NY,7,OP,Db,N,, , ,XX,0.0015, ,SU,NS,1998,SS,,,SS,,,ST,0.561,NH,PS,1998,LN,,,LN,,,, ,,, ,XX,1998,,,,,,,2016,2.0
58107,University of Rochester,58157.0,University of Rochester,NY,9,OP,Db,,, , ,XX,0.0015, ,SU,NS,2005,SS,,,SS,,,ST,0.56,NH,PS,2005,LN,FR,,LN,FR,,, ,,, ,XX,1998,,,,,,,2016,2.0
58971,Danskammer Energy,2480.0,Danskammer Generating Station,NY,1,OP,N,N,, , ,ST,1.1,0,SB,NV,1972,,,,,,,ST,0.42,NP,DA,1995,BF,LA,,,,,ST,20,OP,SM,1972,, ,,,,,,,2017,1.0
58971,Danskammer Energy,2480.0,Danskammer Generating Station,NY,2,OP,N,N,, , ,ST,1.1,0,SB,NV,1972,OT,,,,,,ST,0.42,NP,DA,1995,BF,LA,,,,,ST,20,OP,SM,1972,,1972,,,,,,,2017,1.0
58971,Danskammer Energy,2480.0,Danskammer Generating Station,NY,3,OP,N,N,, , ,ST,1.1,0,SB,DA,1987,OT,,,,,,ST,0.42,NP,DA,1995,OV,LN,,OV,LN,,ST,20,OP,SM,1987,, ,,,,,,,2017,1.0
58971,Danskammer Energy,2480.0,Danskammer Generating Station,NY,4,OP,N,N,, , ,ST,1.1,0,SB,DA,1987,OT,,,,,,ST,0.42,NP,DA,1995,OV,LN,,OV,LN,,ST,20,OP,SM,1987,, ,,,,,,,2017,1.0
13192,NRG Arthur Kill Operations Inc,2490.0,Arthur Kill Generating Station,NY,20,OP,N,N,, , ,ST,0.2, ,SU,NV,1972,,,,,,,LO,0.15,NM,NV,1995,LA,LN,OV,LA,LN,OV,ST,0.1,PB,NV,1971,, ,,,,,,,2017,1.0
13192,NRG Arthur Kill Operations Inc,2490.0,Arthur Kill Generating Station,NY,30,OP,N,N,, , ,ST,0.2, ,SU,NV,1972,,,,,,,ST,0.15,NM,NV,1995,LA,LN,OV,LA,LN,OV,ST,0.1,PB,NV,1971,, ,,,,,,,2017,1.0
15296,New York Power Authority,2491.0,Charles Poletti,NY,001,RE,N,,, , ,ST, , ,,, ,,,,,,,ST, ,,, ,,,,,,,ST, ,,, ,, ,,,,,,,2017,4.0
4226,Consolidated Edison Co-NY Inc,2493.0,East River,NY,60,OP,N,N,, , ,ST,0.3,0,SU,NV,1972,SS,WA,,SS,WA,,LO,0.15,NM,NV,1995,OV,LA,,LN,,,ST,0.1,PB,NV,1973,, ,,,,,,,2017,1.0
4226,Consolidated Edison Co-NY Inc,2493.0,East River,NY,70,OP,N,N,, , ,ST,0.3,0,SU,NV,1972,SS,WA,,SS,WA,,LO,0.15,NM,NV,1995,OV,FR,,LN,,,ST,0.1,PB,NV,1973,, ,,,,,,,2017,1.0
6027,Entergy Nuclear Indian Point 2,2497.0,Indian Point 2,NY,NSS2,OP,,,, , ,, , ,,, ,,,,,,,, ,,, ,,,,,,,, ,,, ,, ,,,,,,,2017,3.0
61130,"Helix Ravenswood, LLC",2500.0,Ravenswood,NY,10,OP,N,N,, , ,ST,26.8,0,DH,YR,1972,,WA,,,WA,,LO,0.073,NP,YR,1995,OV,,,OV,,,ST,0.1,PB,NV,1973,FD,2014,,,,,,,2017,1.0
61130,"Helix Ravenswood, LLC",2500.0,Ravenswood,NY,20,OP,N,N,, , ,ST,21.1,0,DH,YR,1972,,WA,,,WA,,LO,0.07,NP,YR,1995,OV,,,OV,,,ST,0.1,PB,NV,1973,FD,2014,,,,,,,2017,1.0
61130,"Helix Ravenswood, LLC",2500.0,Ravenswood,NY,30,OP,N,N,, , ,ST,9.2,0,DH,YR,1972,,WA,,,WA,,LO,0.065,NP,YR,1995,OV,,,OV,,,LO,0.1,PB,NV,1971,FD,2014,,,,,,,2017,1.0
61130,"Helix Ravenswood, LLC",2500.0,Ravenswood,NY,40,OP,N,N,, , ,,3.1, ,OT,OT,2005,,,,,,,,0.01,OT,OT,2005,SR,LN,H20,SR,LN,H20,, ,OT,OT,2005,FD,2014,,,,,,,2017,1.0
4226,Consolidated Edison Co-NY Inc,2502.0,Waterside,NY,61,RE,N,,, , ,ST, , ,,, ,,,,,,,LO, ,,, ,,,,,,,ST, ,,, ,, ,,,,,,,2017,4.0
4226,Consolidated Edison Co-NY Inc,2502.0,Waterside,NY,62,RE,N,,, , ,ST, , ,,, ,,,,,,,LO, ,,, ,,,,,,,ST, ,,, ,, ,,,,,,,2017,4.0
4226,Consolidated Edison Co-NY Inc,2502.0,Waterside,NY,80,RE,N,,, , ,ST, , ,,, ,,,,,,,LO, ,,, ,,,,,,,ST, ,,, ,, ,,,,,,,2017,4.0
4226,Consolidated Edison Co-NY Inc,2502.0,Waterside,NY,90,RE,N,,, , ,ST, , ,,, ,,,,,,,LO, ,,, ,,,,,,,ST, ,,, ,, ,,,,,,,2017,4.0
56505,National Grid Generation LLC,2511.0,E F Barrett,NY,10,OP,N,N,, , ,ST,0.401,0,SU,NV,1971,SS,,,SS,,,ST,0.15,NP,OH,1995,,,,ND,,,ST,0.1,PB,NV,1971,, ,,,,,,,2017,1.0
56505,National Grid Generation LLC,2511.0,E F Barrett,NY,20,OP,N,N,, , ,ST,0.401,0,SU,NV,1971,SS,,,SS,,,ST,0.1,NP,OH,1995,OV,,,ND,,,ST,0.1,PB,NV,1971,, ,,,,,,,2017,1.0
56505,National Grid Generation LLC,2513.0,Far Rockaway,NY,40,RE,N,N,, , ,ST, , ,SU,NV,1971,,,,,,,ST, ,NP,OH,1995,,,,,,,ST,0.1,PB,NV,1971,, ,,,,,,,2017,4.0
56505,National Grid Generation LLC,2514.0,Glenwood,NY,40,RE,N,N,, , ,ST, , ,SU,NV,1971,,,,,,,ST, ,NP,OH,1995,,,,,,,ST,0.1,PB,NV,1971,, ,,,,,,,2017,4.0
56505,National Grid Generation LLC,2514.0,Glenwood,NY,50,RE,N,N,, , ,ST, , ,SU,NV,1971,,,,,,,ST, ,NP,OH,1995,,,,,,,ST,0.1,PB,NV,1971,, ,,,,,,,2017,4.0
56505,National Grid Generation LLC,2516.0,Northport,NY,1,OP,N,N,, , ,ST,0.55,0,SU,NV,1976,SS,,,SS,,,ST,0.1,NP,OH,1995,OV,,,ND,,,ST,0.1,PB,NV,1971,FD,2014,,,,,,,2017,1.0
56505,National Grid Generation LLC,2516.0,Northport,NY,2,OP,N,N,, , ,ST,0.55,0,SU,NV,1976,SS,,,SS,,,ST,0.1,NP,OH,1995,OV,,,ND,,,ST,0.1,PB,NV,1971,FD,2014,,,,,,,2017,1.0
56505,National Grid Generation LLC,2516.0,Northport,NY,3,OP,N,N,, , ,ST,0.55,0,SU,NV,1976,SS,,,SS,,,ST,0.1,NP,OH,1995,OV,,,ND,,,ST,0.1,PB,NV,1972,FD,2014,,,,,,,2017,1.0
56505,National Grid Generation LLC,2516.0,Northport,NY,4,OP,D,N,, , ,FD,0.55,0,SU,NV,1977,SS,,,SS,,,ST,0.1,NP,OH,1995,OV,,,ND,,,ST,0.1,PB,NV,1977,FD,2014,,,,,,,2017,1.0
56505,National Grid Generation LLC,2517.0,Port Jefferson,NY,1,RE,N,N,, , ,XX, , ,,, ,,,,,,,XX, ,,, ,,,,,,,XX, ,,, ,XX, ,,,,,,,2017,1.0
56505,National Grid Generation LLC,2517.0,Port Jefferson,NY,2,RE,N,N,, , ,XX, , ,,, ,,,,,,,XX, ,,, ,,,,,,,XX, ,,, ,XX, ,,,,,,,2017,1.0
56505,National Grid Generation LLC,2517.0,Port Jefferson,NY,3,OP,N,N,, , ,ST,0.55,0,SU,NV,1976,SS,,,SS,,,ST,0.15,NP,OH,1995,OV,,,ND,,,ST,0.1,PB,NV,1971,FD,2014,,,,,,,2017,1.0
56505,National Grid Generation LLC,2517.0,Port Jefferson,NY,4,OP,N,N,, , ,ST,0.55,0,SU,NV,1976,SS,,,SS,,,ST,0.15,NP,OH,1995,OV,,,ND,,,ST,0.1,PB,NV,1971,FD,2014,,,,,,,2017,1.0
25,Greenidge Generation Holdings LLC,2527.0,Greenidge Generation LLC,NY,4,RE,N,N,, , ,ST, , ,,,1988,IF,,,SS,,,ST, ,NP,DA,1995,,,,,,,ST,0.28,PB,NV,1971,ST,2009,,,,,,,2017,1.0
25,Greenidge Generation Holdings LLC,2527.0,Greenidge Generation LLC,NY,5,RE,N,N,, , ,ST, , ,SB,MO,1988,,,,,,,ST, ,NP,DA,1995,,,,,,,ST,0.28,PB,NV,1971,ST,2009,,,,,,,2017,1.0
25,Greenidge Generation Holdings LLC,2527.0,Greenidge Generation LLC,NY,6,OP,D,Y,8-5736-00004/00016,9,2016,ST,0.19,0.95,SB,OH,2007,IF,,,SS,,,ST,0.12,NP,OT,1995,AA,LN,SR,SN,,,ST,0.22,PB,NV,1970,ST,2007,BP,CD,ACI,BP,CD,ACI,2017,1.0
22125,"Cayuga Operating Company, LLC",2535.0,Cayuga Operating Company,NY,1,OP,N,N,, , ,ST,3.4,0.7,DP,YR,1988,IF,,,IF,,,ST,0.12,NP,DA,2001,SR,LN,,SR,LN,,FD,0.03,PB,PS,2015,ST,2015,SP,EK,,SP,EK,,2017,1.0
22125,"Cayuga Operating Company, LLC",2535.0,Cayuga Operating Company,NY,2,OP,N,N,, , ,ST,3.4,0.7,DP,YR,1988,IF,,,IF,,,ST,0.32,NP,DA,2014,LN,,,LN,,,FD,0.03,PB,PS,2015,ST,2015,SP,ACI,EK,SP,ACI,EK,2017,1.0
14294,PSEG Power New York Inc,2539.0,Bethlehem Energy Center,NY,1,RE,,,, , ,, , ,,, ,,,,,,,, ,,, ,,,,,,,, ,,, ,, ,,,,,,,2017,1.0
14294,PSEG Power New York Inc,2539.0,Bethlehem Energy Center,NY,2,RE,,,, , ,, , ,,, ,,,,,,,, ,,, ,,,,,,,, ,,, ,, ,,,,,,,2017,1.0
14294,PSEG Power New York Inc,2539.0,Bethlehem Energy Center,NY,3,RE,,,, , ,, , ,,, ,,,,,,,, ,,, ,,,,,,,, ,,, ,, ,,,,,,,2017,1.0
14294,PSEG Power New York Inc,2539.0,Bethlehem Energy Center,NY,4,RE,,,, , ,, , ,,, ,,,,,,,, ,,, ,,,,,,,, ,,, ,, ,,,,,,,2017,1.0
14294,PSEG Power New York Inc,2539.0,Bethlehem Energy Center,NY,5,OP,Db,Y,4-0122-00044/00021,2,2002,ST,0.0006,0,DP,NV,2005,SS,,,NP,,,ST,0.0073,NP,NV,2005,SR,LN,,NP,,,ST,0.011,PB,NV,2005,, ,,,,,,,2017,1.0
14294,PSEG Power New York Inc,2539.0,Bethlehem Energy Center,NY,6,OP,Db,Y,4-0122-00044/00021,2,2002,ST,0.0006,0,DP,NV,2005,SS,,,NP,,,ST,0.0073,NP,NV,2005,SR,LN,,NP,,,ST,0.011,PB,NV,2005,, ,,,,,,,2017,1.0
14294,PSEG Power New York Inc,2539.0,Bethlehem Energy Center,NY,7,OP,Db,Y,4-0122-00044/00021,2,2008,ST,0.0006,0,DP,NV,2005,SS,,,NP,,,ST,0.0073,NP,NV,2005,SR,LN,,NP,,,ST,0.011,PB,NV,2005,, ,,,,,,,2017,1.0
13579,Dunkirk Power LLC,2554.0,Dunkirk Generating Plant,NY,1,SC,N,N,, , ,ST,2.07,0,DP,DA,1974,SS,,,SS,,,ST,0.12,NP,DA,2014,LN,AA,SN,LN,AA,SN,ST,0.22,PB,PS,1973,ST,2009,BP,ACI,,BP,ACI,,2017,1.0
13579,Dunkirk Power LLC,2554.0,Dunkirk Generating Plant,NY,2,SC,N,N,, , ,ST,2.07,0,DP,DA,1974,SS,,,SS,,,ST,0.12,NP,DA,1995,LN,AA,SN,LN,AA,SN,ST,0.23,PB,PS,1973,ST,2009,BP,ACI,,BP,ACI,,2017,1.0
13579,Dunkirk Power LLC,2554.0,Dunkirk Generating Plant,NY,3,SC,N,N,, , ,ST,2.07,0,DP,DA,1974,SS,,,SS,,,ST,0.12,NP,DA,1995,LN,AA,SN,LN,AA,SN,ST,0.16,PB,PS,1973,ST,2009,BP,ACI,,BP,ACI,,2017,1.0
13579,Dunkirk Power LLC,2554.0,Dunkirk Generating Plant,NY,4,SC,N,N,, , ,ST,2.07,0,DP,DA,1974,SS,,,SS,,,ST,3241,NP,DA,1995,LN,AA,SN,LN,AA,SN,ST,0.16,PB,PS,1973,ST,2009,BP,ACI,,BP,ACI,,2017,1.0
55951,Exelon Nuclear,2589.0,Nine Mile Point Nuclear Station,NY,NSS1,OP,,,, , ,, , ,,, ,,,,,,,, ,,, ,,,,,,,, ,,, ,, ,,,,,,,2017,3.0
55951,Exelon Nuclear,2589.0,Nine Mile Point Nuclear Station,NY,NSS2,OP,,,, , ,, , ,,, ,,,,,,,, ,,, ,,,,,,,, ,,, ,, ,,,,,,,2017,3.0
13923,NRG Oswego Harbor Power Operations Inc,2594.0,Oswego Harbor Power,NY,5,OP,N,N,, , ,ST,0.75,0,SU,DA,1976,SS,,,SS,,,ST,0.25,NP,DA,1976,ND,,,,,,ST,0.1,PB,NV,1976,, ,,,,,,,2017,1.0
13923,NRG Oswego Harbor Power Operations Inc,2594.0,Oswego Harbor Power,NY,6,OP,D,N,, , ,,0.75,0,SU,TH,1980,,,,,,,ST,0.2,NP,TH,2014,,,,,,,ST,0.1,PB,TH,1980,, ,,,,,,,2017,1.0
12792,NRG New York LLC,2625.0,Bowline Point,NY,1,OP,N,N,, , ,ST,0.0037,0,SU,NV,1972,SS,,,SS,,,ST,0.25,NP,NV,1995,AA,,,AA,,,ST,0.1,PB,NV,1972,, ,,,,,,,2017,1.0
12792,NRG New York LLC,2625.0,Bowline Point,NY,2,OP,N,N,, , ,ST,0.0037,0,SU,NV,1974,SS,,,SS,,,ST,0.25,NP,NV,1995,AA,,,AA,,,ST,0.1,PB,NV,1974,, ,,,,,,,2017,1.0
12792,NRG New York LLC,2629.0,Lovett,NY,3,RE,N,,, , ,ST, , ,,, ,,,,,,,ST, ,,, ,,,,,,,ST, ,,, ,, ,,,,,,,2017,4.0
12792,NRG New York LLC,2629.0,Lovett,NY,4,RE,N,,, , ,ST, , ,,, ,,,,,,,ST, ,,, ,,,,,,,ST, ,,, ,, ,,,,,,,2017,4.0
12792,NRG New York LLC,2629.0,Lovett,NY,5,RE,N,,, , ,ST, , ,,, ,,,,,,,ST, ,,, ,,,,,,,ST, ,,, ,, ,,,,,,,2017,4.0
16183,Rochester Gas & Electric Corp,2642.0,Rochester 7,NY,1,RE,N,,, , ,ST, , ,,, ,,,,,,,ST, ,,, ,,,,,,,ST, ,,, ,, ,,,,,,,2017,4.0
16183,Rochester Gas & Electric Corp,2642.0,Rochester 7,NY,2,RE,N,,, , ,ST, , ,,, ,,,,,,,ST, ,,, ,,,,,,,ST, ,,, ,, ,,,,,,,2017,4.0
16183,Rochester Gas & Electric Corp,2642.0,Rochester 7,NY,3,RE,N,,, , ,ST, , ,,, ,,,,,,,ST, ,,, ,,,,,,,ST, ,,, ,, ,,,,,,,2017,4.0
16183,Rochester Gas & Electric Corp,2642.0,Rochester 7,NY,4,RE,N,,, , ,ST, , ,,, ,,,,,,,ST, ,,, ,,,,,,,ST, ,,, ,, ,,,,,,,2017,4.0
9645,Jamestown Board of Public Util,2682.0,S A Carlson,NY,10,OP,D,N,, , ,XX, , ,,, ,,,,,,,ST,0.06,NP,OH,2014,LN,,,LN,,,XX, ,,, ,XX, ,,,,,,,2017,2.0
9645,Jamestown Board of Public Util,2682.0,S A Carlson,NY,11,RE,,N,, , ,XX, , ,,, ,,,,,,,XX, ,,, ,,,,,,,XX, ,,, ,XX, ,,,,,,,2017,2.0
9645,Jamestown Board of Public Util,2682.0,S A Carlson,NY,12,RE,,N,, , ,XX, , ,,, ,,,,,,,XX, ,,, ,,,,,,,XX, ,,, ,XX, ,,,,,,,2017,2.0
9645,Jamestown Board of Public Util,2682.0,S A Carlson,NY,9,OP,D,N,, , ,XX, , ,,, ,,,,,,,ST,0.06,NP,OH,2014,LN,,,LN,,,XX, ,,, ,XX, ,,,,,,,2017,2.0
9645,Jamestown Board of Public Util,2682.0,S A Carlson,NY,HRSG,OP,,,, , ,XX, , ,,, ,,,,,,,ST,0.2,NP,OH,2001,,NP,,,NP,,XX, ,,, ,XX, ,,,,,,,2017,2.0
22129,Somerset Operating Co LLC,6082.0,Somerset Operating Co LLC,NY,1,OP,Da,N,, , ,FD,0.6,0.01,DP,MO,1984,IF,,,IF,,,ST,0.12,NP,DA,1995,LN,SR,,,,,FD,0.03,PB,NV,1984,ST,2010,SP,OT,,,,,2017,1.0
55951,Exelon Nuclear,6110.0,James A Fitzpatrick,NY,NSS1,OP,,,, , ,, , ,,, ,,,,,,,, ,,, ,,,,,,,, ,,, ,, ,,,,,,,2017,3.0
55951,Exelon Nuclear,6122.0,R E Ginna Nuclear Power Plant,NY,NSS1,OP,,,, , ,, , ,,, ,,,,,,,, ,,, ,,,,,,,, ,,, ,, ,,,,,,,2017,3.0
15296,New York Power Authority,7314.0,Richard M Flynn,NY,EIA01,OP,,,, , ,, , ,,, ,,,,,,,, ,,, ,,,,,,,, ,,, ,, ,,,,,,,2017,4.0
58651,"Allegany Generating Station, LLC",7784.0,Allegany Cogen,NY,HRSG,OP,Dc,N,, , ,FD,0.0006, ,DP,OH,1994,,,,,,,FD,9,NM,OH,1994,H20,SR,,H20,SR,,FD, ,,, ,, ,,,,,,,2017,2.0
5511,CCI Roseton LLC,8006.0,Roseton Generating Facility,NY,1,OP,N,N,, , ,ST,0.55, ,SU,YR,1974,SS,,,SS,,,ST,0.15,NP,MO,1995,OV,FR,,OV,FR,,ST,0.1,PB,NV,1974,ST,1974,,,,,,,2017,1.0
5511,CCI Roseton LLC,8006.0,Roseton Generating Facility,NY,2,OP,N,N,, , ,ST,0.55, ,SU,YR,1974,SS,,,SS,,,ST,0.15,NP,MO,1995,OV,FR,,OV,FR,,ST,0.1,PB,NV,1974,ST,1974,,,,,,,2017,1.0
54863,U S Power Generating Company LLC,8906.0,Astoria Generating Station,NY,20,OP,N,N,, , ,ST,39.5,0,OT,NV,1972,WA,,,WA,,,ST,0.08,NP,OT,2014,LN,,,LN,,,ST,0.01,PB,NV,2005,, ,,,,,,,2017,1.0
54863,U S Power Generating Company LLC,8906.0,Astoria Generating Station,NY,30,OP,N,N,, , ,ST,0.3,0,SU,NV,1972,WA,,,WA,,,ST,0.15,NP,OT,2014,LN,,,FR,,,ST,0.1,PB,NV,1973,FD,2015,OT,,,OT,,,2017,1.0
54863,U S Power Generating Company LLC,8906.0,Astoria Generating Station,NY,40,OS,N,N,, , ,ST,0.3,0,SU,NV,1972,WA,,,WA,,,ST,0.15,NP,OT,2014,LN,,,LN,,,ST,0.1,PB,NV,1973,FD,2015,OT,,,OT,,,2017,1.0
54863,U S Power Generating Company LLC,8906.0,Astoria Generating Station,NY,50,OP,N,N,, , ,ST,0.3,0,SU,NV,1972,WA,,,WA,,,ST,0.15,NP,OT,2014,LN,,,LN,,,ST,0.1,PB,NV,1973,FD,2015,OT,,,OT,,,2017,1.0
6028,Entergy Nuclear Indian Point 3,8907.0,Indian Point 3,NY,NSS3,OP,,,, , ,, , ,,, ,,,,,,,, ,,, ,,,,,,,, ,,, ,, ,,,,,,,2017,3.0
5624,"RED-Rochester, LLC",10025.0,"RED-Rochester, LLC",NY,13,RE,N,,, , ,ST, , ,DP,YR,1988,,,,,,,ST, ,NP,DA,1995,,,,,,,ST,0.26,PB,OH,1995,, ,,,,,,,2017,1.0
5624,"RED-Rochester, LLC",10025.0,"RED-Rochester, LLC",NY,14,RE,N,,, , ,ST, , ,DP,YR,1988,,,,,,,ST, ,NP,DA,1995,,,,,,,ST,0.26,PB,OH,1995,, ,,,,,,,2017,1.0
5624,"RED-Rochester, LLC",10025.0,"RED-Rochester, LLC",NY,15,RE,N,,, , ,ST, , ,DP,YR,1988,,,,,,,ST, ,NP,DA,1995,,,,,,,ST,0.26,PB,OH,1972,, ,,,,,,,2017,1.0
5624,"RED-Rochester, LLC",10025.0,"RED-Rochester, LLC",NY,41,SB,N,N,, , ,FD,3.4, ,DP,YR,1988,SS,,,SS,,,FD,0.6,NP,DA,1995,FU,LA,,FU,LA,,ST,0.26,PB,OH,1972,,1972,,,,,,,2017,1.0
5624,"RED-Rochester, LLC",10025.0,"RED-Rochester, LLC",NY,42,OP,N,N,, , ,FD,3.4, ,DP,YR,1988,SS,,,SS,,,ST,0.6,NP,DA,1995,FU,LA,,FU,LA,,ST,0.26,PB,OH,1972,,1972,,,,,,,2017,1.0
5624,"RED-Rochester, LLC",10025.0,"RED-Rochester, LLC",NY,43,OP,N,N,, , ,FD,3.4, ,DP,YR,1988,SS,,,SS,,,ST,0.6,NP,DA,1995,FU,LA,,FU,LA,,ST,0.24,PB,OH,1972,,1972,,,,,,,2017,1.0
5624,"RED-Rochester, LLC",10025.0,"RED-Rochester, LLC",NY,44,OP,Da,N,, , ,FD,1.2, ,DP,NV,1987,SS,,,SS,,,ST,0.42,NP,DA,1995,FU,LA,,FU,LA,,FD,0.1,PB,NV,1987,,1987,,,,,,,2017,1.0
5624,"RED-Rochester, LLC",10025.0,"RED-Rochester, LLC",NY,45,OP,Db,Y,8-2699-00126/00001,9,2015,FD,1.2, ,DP,NV,2017,,,,,,,ST,0.15,NP,OT,2017,NP,,,NP,,,XX,0.2,PB,DA,2017,,2017,NP,,,NP,,,2017,1.0
5624,"RED-Rochester, LLC",10025.0,"RED-Rochester, LLC",NY,46,OP,Db,Y,8-2699-00126/00001,9,2015,XX, , ,,, ,,,,,,,ST,0.05,NP,OT,2018,NP,,,NP,,,, ,,, ,, ,,,,,,,2017,1.0
5624,"RED-Rochester, LLC",10025.0,"RED-Rochester, LLC",NY,47,OP,Db,Y,8-2699-00126/00001,9,2015,XX, , ,,, ,,,,,,,ST,0.05,NP,OT,2018,NP,,,NP,,,, ,,, ,,2017,,,,,,,2017,1.0
5624,"RED-Rochester, LLC",10025.0,"RED-Rochester, LLC",NY,48,OP,Db,Y,8-2699-00126/00001,9,2015,XX, , ,,, ,,,,,,,ST,0.05,NP,OT,2018,NP,,,NP,,,, ,,, ,,2017,,,,,,,2017,1.0
5624,"RED-Rochester, LLC",10025.0,"RED-Rochester, LLC",NY,PB1,OP,N,N,, , ,FD,1.65, ,DP,YR,1988,SS,,,SS,,,XX,0.6,NP,DA,1995,,,,,,,ST,0.2,PB,OH,1972,,1995,,,,,,,2017,1.0
5624,"RED-Rochester, LLC",10025.0,"RED-Rochester, LLC",NY,PB2,OP,N,N,, , ,FD,1.65, ,DP,YR,1988,SS,,,SS,,,XX,0.6,NP,DA,1995,,,,,,,ST,0.2,PB,OH,1972,,1995,,,,,,,2017,1.0
5624,"RED-Rochester, LLC",10025.0,"RED-Rochester, LLC",NY,PB3,OP,N,N,, , ,FD,1.65, ,DP,YR,1988,SS,,,SS,,,XX,0.6,NP,DA,1995,,,,,,,ST,0.2,PB,OH,1972,,1995,,,,,,,2017,1.0
5624,"RED-Rochester, LLC",10025.0,"RED-Rochester, LLC",NY,PB4,OP,N,N,, , ,FD,1.65, ,DP,YR,1988,SS,,,SS,,,XX,0.6,NP,DA,1995,,,,,,,ST,0.2,PB,OH,1972,,1995,,,,,,,2017,1.0
60741,Fortistar Castleton Power,10190.0,Castleton Energy Center,NY,HRSG-1,OP,Db,Y,4-3844-00008,2,2017,XX, , ,,, ,,,,,,,FD,25,NM,OH,1992,STM,,,,,,FD,0.01,PB,PS,1992,,1992,,,,,,,2017,2.0
1746,Black River Generation LLC,10464.0,ReEnergy Black River,NY,E0001,OP,N,,, , ,ST,0.23, ,DP,MO,2013,CF,,,CF,,,FD,0.17,NH,DA,2013,CF,LA,FU,CF,LA,FU,ST,0.2,OP,SM,2013,, ,,,,,,,2017,2.0
1746,Black River Generation LLC,10464.0,ReEnergy Black River,NY,E0002,OP,N,,, , ,ST,0.23, ,DP,MO,2013,CF,,,CF,,,FD,0.17,NH,DA,2013,CF,LA,FU,CF,LA,FU,ST,0.2,OP,SM,2013,, ,,,,,,,2017,2.0
1746,Black River Generation LLC,10464.0,ReEnergy Black River,NY,E0003,OP,N,,, , ,ST,0.23, ,DP,MO,2013,CF,,,CF,,,FD,0.17,NH,DA,2013,CF,LA,FU,CF,LA,FU,ST,0.2,OP,SM,2013,, ,,,,,,,2017,2.0
20541,Wheelabrator Environmental Systems,10503.0,Wheelabrator Hudson Falls,NY,SG201A,OP,Db,N,, , ,ST,29,0.75,DM,DA,1992,IF,,,IF,,,ST,205,NM,DA,2000,OV,,,OV,,,ST,2500,UG,, ,ST,2000,ACI,,,ACI,,,2017,2.0
20541,Wheelabrator Environmental Systems,10503.0,Wheelabrator Hudson Falls,NY,SG201B,OP,Db,N,, , ,ST,29,0.75,DM,DA,1992,IF,,,IF,,,ST,205,NM,DA,2000,OV,,,OV,,,ST,2500,UG,, ,ST,2000,ACI,,,ACI,,,2017,2.0
56174,Finch Paper LLC,10511.0,Finch Paper,NY,10,OP,N,N,, , ,ST,100, ,DM,OT,1987,OT,,,OT,,,ST,464,NM,MO,1995,,,,OT,,,FD, ,,, ,,1987,,,,,,,2017,2.0
56174,Finch Paper LLC,10511.0,Finch Paper,NY,4,OP,N,N,, , ,XX, , ,,, ,,,,,,,ST,0.45,NP,MO,1995,OT,,,LN,,,FD,0.1,PB,, ,, ,,,,,,,2017,2.0
56174,Finch Paper LLC,10511.0,Finch Paper,NY,5,OP,N,N,, , ,XX, , ,,, ,,,,,,,ST,0.45,NP,MO,1995,OT,,,LN,,,FD,0.1,PB,, ,, ,,,,,,,2017,2.0
56174,Finch Paper LLC,10511.0,Finch Paper,NY,8,OP,N,N,, , ,ST,100, ,DM,OT,1977,OT,,,OT,,,ST,464,NM,MO,1995,,,,,,,, ,,, ,, ,,,,,,,2017,2.0
56174,Finch Paper LLC,10511.0,Finch Paper,NY,9,OP,N,N,, , ,XX, , ,,, ,,,,,,,ST,0.27,NP,MO,1995,OT,,,,,,FD,0.3,PB,, ,, ,,,,,,,2017,2.0
60641,Veolia NA - Municipal & Commercial Business,10521.0,Lederle Laboratories,NY,BLR3,OP,,,, , ,, , ,,, ,,,,,,,, ,,, ,,,,,,,, ,,, ,, ,,,,,,,2017,4.0
60641,Veolia NA - Municipal & Commercial Business,10521.0,Lederle Laboratories,NY,BLR4,OP,,,, , ,, , ,,, ,,,,,,,, ,,, ,,,,,,,, ,,, ,, ,,,,,,,2017,4.0
60641,Veolia NA - Municipal & Commercial Business,10521.0,Lederle Laboratories,NY,BLR5,OP,,,, , ,, , ,,, ,,,,,,,, ,,, ,,,,,,,, ,,, ,, ,,,,,,,2017,4.0
60641,Veolia NA - Municipal & Commercial Business,10521.0,Lederle Laboratories,NY,WHSG1,OP,,,, , ,, , ,,, ,,,,,,,, ,,, ,,,,,,,, ,,, ,, ,,,,,,,2017,4.0
60641,Veolia NA - Municipal & Commercial Business,10521.0,Lederle Laboratories,NY,WHSG2,OP,,,, , ,, , ,,, ,,,,,,,, ,,, ,,,,,,,, ,,, ,, ,,,,,,,2017,4.0
58338,Lakeside Beaver Falls LLC,10617.0,CH Resources Beaver Falls,NY,HRSG50,OP,Db,,, , ,, , ,,, ,,,,,,,, ,,, ,SR,,,,,,, ,,, ,, ,,,,,,,2017,2.0
3085,Carthage Energy LLC,10620.0,Carthage Energy LLC,NY,HRSG,OP,,,, , ,XX, , ,,, ,,,,,,,ST,42,NM,OH,1991,STM,,,,,,, ,,, ,, ,,,,,,,2017,2.0
58337,Lakeside Syracuse LLC,10621.0,CH Resources Syracuse,NY,HRSG50,SB,Db,,, , ,, , ,,, ,,,,,,,, ,,, ,SR,,,,,,, ,,, ,, ,,,,,,,2017,2.0
473,Covanta Hempstead Company,10642.0,Covanta Hempstead,NY,1,OP,N,,, , ,FD,29,0.75,DM,DA,1989,IF,,,,,,ST,145.7,NH,OH,2004,SN,LA,,SN,LA,,, ,,, ,ST,2007,BR,SD,,BR,SD,,2017,2.0
473,Covanta Hempstead Company,10642.0,Covanta Hempstead,NY,2,OP,N,,, , ,FD,29,0.75,DM,DA,1989,IF,,,,,,ST,145.7,NH,OH,2004,SN,LA,,SN,LA,,, ,,, ,ST,2007,BR,SD,,BR,SD,,2017,2.0
473,Covanta Hempstead Company,10642.0,Covanta Hempstead,NY,3,OP,N,,, , ,FD,29,0.75,DM,DA,1989,IF,,,,,,ST,145.7,NH,OH,2004,SN,,,SN,,,, ,,, ,ST,2007,BR,SD,,BR,SD,,2017,2.0
16909,Selkirk Cogen Partners LP,10725.0,Selkirk Cogen,NY,HRSG1,OP,Db,N,, , ,ST,0.2,0,SU,NS,1992,,,,,,,ST,0.091,NP,NS,1992,SR,,,SR,,,ST,0.014,PB,NS,1992,, ,,,,,,,2017,1.0
16909,Selkirk Cogen Partners LP,10725.0,Selkirk Cogen,NY,HRSG2,OP,Db,N,, , ,ST,0.2,0,SU,NS,1994,,,,,,,ST,0.0181,NP,NS,1994,SR,,,SR,,,ST,0.014,PB,NS,1994,, ,,,,,,,2017,1.0
16909,Selkirk Cogen Partners LP,10725.0,Selkirk Cogen,NY,HRSG3,OP,Db,N,, , ,ST,0.2,0,SU,NS,1994,,,,,,,ST,0.0181,NP,NS,1994,SR,,,SR,,,ST,0.014,PB,NS,1994,, ,,,,,,,2017,1.0
40052,AG Energy LP,10803.0,Ogdensburg Power,NY,HRSG A,OS,,,, , ,, , ,,, ,,,,,,,, ,,, ,,,,,,,, ,,, ,, ,,,,,,,2017,2.0
24457,Calpine Eastern Corp,50292.0,Bethpage Power Plant,NY,HRSG1,OP,,,, , ,XX, , ,,, ,,,,,,,ST,42,NM,OH,1987,STM,,,STM,,,, ,,, ,, ,,,,,,,2017,2.0
24457,Calpine Eastern Corp,50292.0,Bethpage Power Plant,NY,HRSG2,OP,,,, , ,XX, , ,,, ,,,,,,,ST,42,NM,OH,1987,STM,,,STM,,,, ,,, ,, ,,,,,,,2017,2.0
24457,Calpine Eastern Corp,50292.0,Bethpage Power Plant,NY,HRSG3,OP,,,, , ,, , ,,, ,,,,,,,ST,2.5,NM,OH,2005,SR,,,SR,,,, ,,, ,, ,,,,,,,2017,2.0
9245,Indeck-Energy Serv Silver Spg,50449.0,Indeck Silver Springs Energy Center,NY,HRSG1,OP,N,N,, , ,XX, , ,,, ,,,,,,,FD,32,NM,OH,1991,STM,,,,,,XX, ,,, ,XX, ,,,,,,,2017,2.0
9244,Indeck-Oswego Ltd Partnership,50450.0,Indeck Oswego Energy Center,NY,HRSG1,OP,N,N,, , ,XX, , ,,, ,,,,,,,ST,25,NM,DA,1990,STM,,,,,,XX, ,,, ,FD,1990,,,,,,,2017,2.0
9243,Indeck-Yerkes Ltd Partnership,50451.0,Indeck Yerkes Energy Center,NY,HRSG1,OP,N,N,, , ,XX, , ,,, ,,,,,,,FD,42,NM,OH,1990,STM,,,,,,XX, ,,, ,FD,1990,,,,,,,2017,2.0
9263,Indeck-Corinth Ltd Partnership,50458.0,Indeck Corinth Energy Center,NY,HRSG1,OP,N,,, , ,XX, , ,,, ,,,,,,,ST,9,NM,OH,1995,LN,SR,H20,LN,SR,H20,, ,,, ,FD,1995,,,,,,,2017,2.0
470,Covanta Energy of Niagara LP,50472.0,"Covanta Niagara I, LLC",NY,BLR1,OP,D,Y,9-2911-00113/00039,5,2014,ST,0.3, ,DH,OH,1981,,,,OT,,,ST,0.08,NP,OH,1981,SN,,,SN,,,ST,20,OP,SM,1991,ST,1981,,,,,,,2017,2.0
470,Covanta Energy of Niagara LP,50472.0,"Covanta Niagara I, LLC",NY,BLR2,OP,D,Y,9-2911-00113/00039,5,2014,ST,0.3, ,DH,OH,1981,,,,OT,,,ST,0.08,NP,OH,1981,SN,,,SN,,,ST,20,OP,SM,1991,, ,,,,,,,2017,2.0
470,Covanta Energy of Niagara LP,50472.0,"Covanta Niagara I, LLC",NY,BLR3,OP,D,Y,9-2911-00113/00039,5,2014,FD,29,0.8,DM,OH,1996,IF,,,IF,,,FD,150,NM,DA,1996,SN,,,SN,,,FD,11.2,PH,OH,1996,FD,1996,ACI,BR,SD,ACI,BR,SD,2017,2.0
470,Covanta Energy of Niagara LP,50472.0,"Covanta Niagara I, LLC",NY,BLR4,OP,D,Y,9-2911-00113/00039,5,2014,FD,29,0.8,DM,OH,1996,IF,,,IF,,,FD,150,NM,DA,1996,SN,,,SN,,,FD,11.2,PH,OH,1996,FD,1996,ACI,BR,SD,ACI,BR,SD,2017,2.0
4484,Covanta Babylon Inc,50649.0,Covanta Babylon Inc,NY,1,OP,N,,, , ,FD,29,0.75,DM,DA,1989,IF,,,IF,,,ST,150,NH,DA,1989,SN,,,SN,,,, ,,, ,ST,1989,ACI,,,ACI,,,2017,2.0
4484,Covanta Babylon Inc,50649.0,Covanta Babylon Inc,NY,2,OP,N,,, , ,FD,29,0.75,DM,DA,1989,IF,,,IF,,,ST,150,NM,DA,1989,SN,,,SN,,,, ,,, ,ST,1989,ACI,,,ACI,,,2017,2.0
9097,Huntington Resource Recovery,50656.0,Huntington Resource Recovery Facility,NY,UNIT1,OP,N,,, , ,FD,29,0.75,DM,DA,1991,IF,,,ND,,,ST,185,NM,TH,1991,SN,,,SN,,,, ,,, ,ST,1991,ACI,BP,,ACI,BP,,2017,2.0
9097,Huntington Resource Recovery,50656.0,Huntington Resource Recovery Facility,NY,UNIT2,OP,N,,, , ,FD,29,0.75,DM,DA,1991,IF,,,,,,ST,185,NM,TH,1991,SN,,,SN,,,, ,,, ,ST,1991,ACI,BP,,ACI,BP,,2017,2.0
9097,Huntington Resource Recovery,50656.0,Huntington Resource Recovery Facility,NY,UNIT3,OP,N,,, , ,FD,29,0.75,DM,DA,1991,IF,,,,,,ST,185,NM,TH,1991,SN,,,SN,,,, ,,, ,ST,1991,ACI,BP,,ACI,BP,,2017,2.0
4487,Covanta Onondega LP,50662.0,Onondaga County Resource Recovery,NY,UNIT1,OP,Db,Y,7-3142-00028/00009,8,2011,ST,29,0.85,DM,DA,1995,IF,,,IF,,,ST,180,NM,DA,1995,NH3,SN,,NH3,SN,,FD, ,,, ,ST,1995,ACI,SD,BP,ACI,SD,BP,2017,2.0
4487,Covanta Onondega LP,50662.0,Onondaga County Resource Recovery,NY,UNIT2,OP,Db,Y,7-3142-00028/00009,8,2011,ST,29,0.85,DM,DA,1995,IF,,,IF,,,ST,180,NM,DA,1995,NH3,SN,,NH3,SN,,FD, ,,, ,ST,1995,ACI,SD,BP,ACI,SD,BP,2017,2.0
4487,Covanta Onondega LP,50662.0,Onondaga County Resource Recovery,NY,UNIT3,OP,Db,Y,7-3142-00028/00009,8,2011,ST,29,0.85,DM,DA,1995,IF,,,IF,,,ST,180,NM,DA,1995,NH3,SN,,NH3,SN,,FD, ,,, ,ST,1995,ACI,SD,BP,ACI,SD,BP,2017,2.0
18020,Starrett City Inc,50743.0,Starrett City Cogen Facility,NY,1,OP,N,,, , ,XX, , ,,, ,,,,,,,ST,0.3,NP,ND,2018,LA,,,LN,,,, ,,, ,, ,,,,,,,2017,2.0
18020,Starrett City Inc,50743.0,Starrett City Cogen Facility,NY,2,OS,N,,, , ,XX, , ,,, ,,,,,,,ST,0.3,NP,ND,2018,LA,,,LN,,,, ,,, ,, ,,,,,,,2017,2.0
18020,Starrett City Inc,50743.0,Starrett City Cogen Facility,NY,3,OP,N,,, , ,XX, , ,,, ,,,,,,,ST,0.3,NP,ND,2018,LA,,,LN,,,, ,,, ,, ,,,,,,,2017,2.0
18020,Starrett City Inc,50743.0,Starrett City Cogen Facility,NY,4,OP,N,,, , ,XX, , ,,, ,,,,,,,ST,0.3,NP,ND,2018,LA,,,LN,,,, ,,, ,, ,,,,,,,2017,2.0
14182,Sterling Power Partners LP,50744.0,Sterling Power Plant,NY,HRSG,OP,,,, , ,, , ,,, ,,,,,,,, ,,, ,,,,,,,, ,,, ,, ,,,,,,,2017,4.0
20541,Wheelabrator Environmental Systems,50882.0,Wheelabrator Westchester,NY,1,OP,N,,, , ,FD,29,0.77,DM,DA,1999,IF,,,IF,,,ST,184,NM,DA,1999,SN,,,SN,,,FD,10,OP,SM,1999,ST,1999,ACI,,,ACI,,,2017,2.0
20541,Wheelabrator Environmental Systems,50882.0,Wheelabrator Westchester,NY,2,OP,N,,, , ,FD,29, ,DM,DA,1999,IF,,,IF,,,ST,184,NM,DA,1999,SN,,,SN,,,, ,,, ,ST,1999,ACI,,,ACI,,,2017,2.0
20541,Wheelabrator Environmental Systems,50882.0,Wheelabrator Westchester,NY,3,OP,N,,, , ,FD,29, ,DM,DA,1999,IF,,,IF,,,ST,184,NM,DA,1999,SN,,,SN,,,ST, ,,, ,ST,1999,ACI,,,ACI,,,2017,2.0
24202,Carr Street Generating Sta LP,50978.0,Carr Street Generating Station,NY,HRSG1,OP,,,, , ,, , ,,, ,,,,,,,, ,,, ,,,,,,,, ,,, ,, ,,,,,,,2017,4.0
24202,Carr Street Generating Sta LP,50978.0,Carr Street Generating Station,NY,HRSG2,OP,,,, , ,, , ,,, ,,,,,,,, ,,, ,,,,,,,, ,,, ,, ,,,,,,,2017,4.0
56601,Covanta MacArthur Renewable Energy,51038.0,MacArthur Waste to Energy Facility,NY,B1,OP,D,,, , ,FD,31,0.75,DM,DA,1990,IF,,,IF,,,FD,170,NM,DA,1990,OV,LA,OT,OV,LA,OT,, ,,, ,FD,1990,ACI,,,ACI,,,2017,2.0
56601,Covanta MacArthur Renewable Energy,51038.0,MacArthur Waste to Energy Facility,NY,B2,OP,D,,, , ,FD,31,0.75,DM,DA,1990,IF,,,IF,,,FD,170,NM,DA,1990,OV,LA,,OV,LA,,, ,,, ,FD,1990,ACI,,,ACI,,,2017,2.0
19153,Nassau Energy Corp,52056.0,Nassau Energy Corp,NY,4,OP,,N,, , ,XX, , ,,, ,,,,,,,ST,42,NM,OH,1995,STM,,,,,,, ,,, ,ST,2008,,,,,,,2017,2.0
24210,Riverbay Corp,52168.0,Riverbay,NY,U00003,OP,,,, , ,, , ,,, ,,,,,,,ST,0.1,NH,OH,2011,LN,,,LN,,,, ,,, ,,2011,,,,,,,2017,2.0
24210,Riverbay Corp,52168.0,Riverbay,NY,U00004,OP,,,, , ,, , ,,, ,,,,,,,ST,2.5,NM,TH,2011,SR,,,SR,,,, ,,, ,ST,2011,,,,,,,2017,2.0
24210,Riverbay Corp,52168.0,Riverbay,NY,U00006,OP,,,, , ,, , ,,, ,,,,,,,ST,2.5,NM,TH,2011,SR,,,SR,,,, ,,, ,ST,2011,,,,,,,2017,2.0
24210,Riverbay Corp,52168.0,Riverbay,NY,U00008,CN,,,, , ,, , ,,, ,,,,,,,, ,,, ,,,,,,,, ,,, ,, ,,,,,,,2017,2.0
6838,Rensselaer Generating LLC,54034.0,Rensselaer Cogen,NY,HRSG,OP,Db,N,, , ,ST,0.0015, ,SU,DT,2014,SS,,,,,,ST,9,NM,OH,1994,,SR,STM,,SR,STM,FD,3.6,PH,OH,1994,XX,1994,,,,,,,2017,2.0
11127,Lockport Energy Associates LP,54041.0,Lockport Energy Associates LP,NY,4,OP,Db,N,, , ,ST,0.15, ,DP,YR,1992,SS,,,SS,,,ST,0.14,NP,YR,1993,STM,,,STM,,,, ,,, ,FD,1992,,,,,,,2017,2.0
9261,Indeck-Olean Ltd Partnership,54076.0,Indeck Olean Energy Center,NY,HRSG1,OP,N,N,, , ,XX, , ,,, ,,,,,,,ST,9,NM,OH,1994,SR,STM,,SR,STM,,ST,0.004,PB,, ,XX,1994,,,,,,,2017,2.0
9350,IPC-Ticonderoga,54099.0,Ticonderoga Mill,NY,PB1,OP,,,, , ,XX, , ,,, ,IF,,,,,,ST,0.22,NP,DA,2015,LN,OV,,LN,OV,,, ,,, ,FD,2017,,,,,,,2017,2.0
9350,IPC-Ticonderoga,54099.0,Ticonderoga Mill,NY,RB1,OP,N,,, , ,XX, , ,,, ,,,,,,,ST,100,NM,PS,1995,NP,,,NP,,,, ,,, ,XX, ,,,,,,,2017,2.0
10349,KIAC Partners,54114.0,Kennedy International Airport Cogen,NY,HRSG1,OP,N,N,, , ,, , ,,, ,,,,,,,FD,9.01,NM,OH,1994,SR,,,SR,,,, ,,, ,, ,,,,,,,2017,2.0
10349,KIAC Partners,54114.0,Kennedy International Airport Cogen,NY,HRSG2,OP,N,,, , ,, , ,,, ,,,,,,,FD,9.01,NM,OH,1994,SR,,,SR,,,, ,,, ,, ,,,,,,,2017,2.0
50136,North American Energy Services,54131.0,Fortistar North Tonawanda,NY,HR123,OP,Db,N,, , ,ST,0.15, ,DP,YR,1992,SS,,,SS,,,ST,0.14,NP,YR,1992,STM,,,STM,,,, ,,, ,FD,1992,,,,,,,2017,2.0
57431,ReEnergy Biomass LLC,54526.0,ReEnergy Lyonsdale Biomass,NY,00001,OP,,,, , ,XX, , ,,, ,,,,,,,ST,0.2,NP,OH,1992,,,,,,,FD, ,,, ,,1992,,,,,,,2017,2.0
17254,Sithe/Independence LLC,54547.0,Sithe Independence Station,NY,HRSG 1,OP,Db,N,, , ,ST,0.0006,0,DP,YR,1995,WA,,,WA,,,ST,0.0166,NH,OH,1995,SR,,,,,,ST,0.0011,PH,OH,1995,, ,,,,,,,2017,1.0
17254,Sithe/Independence LLC,54547.0,Sithe Independence Station,NY,HRSG 2,OP,Db,N,, , ,ST,0.0006,0,DP,YR,1995,WA,,,WA,,,ST,0.0163,NH,OH,1995,SR,,,,,,ST,0.0011,PH,OH,1995,, ,,,,,,,2017,1.0
17254,Sithe/Independence LLC,54547.0,Sithe Independence Station,NY,HRSG 3,OP,Db,N,, , ,ST,0.0006,0,DP,YR,1995,WA,,,WA,,,ST,0.0176,NH,OH,1995,SR,,,,,,ST,0.0011,PH,OH,1995,, ,,,,,,,2017,1.0
17254,Sithe/Independence LLC,54547.0,Sithe Independence Station,NY,HRSG 4,OP,Db,N,, , ,ST,0.0006,0,DC,YR,1995,WA,,,WA,,,ST,0.0175,NH,OH,1995,SR,,,,,,ST,0.0011,PH,OH,1995,, ,,,,,,,2017,1.0
16729,Saranac Power Partners LP,54574.0,Saranac Facility,NY,HRSG1,OP,Da,N,, , ,XX, , ,,, ,,,,,,,FD,0.033,NP,TH,1994,LN,NH3,SR,,,,FD,0.0062,PB,TH,1994,XX, ,,,,,,,2017,2.0
16729,Saranac Power Partners LP,54574.0,Saranac Facility,NY,HRSG2,OP,Da,N,, , ,XX, , ,,, ,,,,,,,FD,0.033,NP,TH,1994,NH3,SR,LN,,,,FD,0.0062,PB,TH,1994,XX, ,,,,,,,2017,2.0
15253,Power City Partners LP,54592.0,Massena Energy Facility,NY,HRSG1,OP,Db,N,, , ,XX, , ,,, ,,,,,,,ST,9,NM,OH,1992,SR,STM,,,,,, ,,, ,, ,,,,,,,2017,2.0
16839,Seneca Power Partners LP,54593.0,Batavia Power Plant,NY,HRSG,OP,,,, , ,, , ,,, ,,,,,,,, ,,, ,,,,,,,, ,,, ,, ,,,,,,,2017,4.0
2313,Brooklyn Navy Yard Cogen PLP,54914.0,Brooklyn Navy Yard Cogeneration,NY,HRSG1,OP,,,, , ,, , ,,, ,,,,,,,, ,,, ,,,,,,,, ,,, ,, ,,,,,,,2017,4.0
2313,Brooklyn Navy Yard Cogen PLP,54914.0,Brooklyn Navy Yard Cogeneration,NY,HRSG2,OP,,,, , ,, , ,,, ,,,,,,,, ,,, ,,,,,,,, ,,, ,, ,,,,,,,2017,4.0
22979,Astoria Energy LLC,55375.0,Astoria Energy,NY,HRSG1,OP,Db,Y,2-6301-00072/00014,12,2001,FD,0.0015,0,DP,PS,2006,WA,,,WA,,,FD,2,NM,TH,2006,H20,SR,,H20,SR,,FD,0.01,PB,PS,2006,ST,2006,,,,,,,2017,1.0
22979,Astoria Energy LLC,55375.0,Astoria Energy,NY,HRSG2,OP,Db,Y,2-6301-00072/00014,12,2001,FD,0.0015,0,DP,PS,2006,WA,,,WA,,,FD,2,NH,TH,2006,H20,SR,,H20,SR,,FD,0.01,PB,PS,2006,LO,2006,,,,,,,2017,1.0
32173,New Athens Generating Company LLC,55405.0,Athens Generating Plant,NY,HRSG01,OP,,,, , ,, , ,,, ,,,,,,,, ,,, ,,,,,,,, ,,, ,, ,,,,,,,2017,3.0
32173,New Athens Generating Company LLC,55405.0,Athens Generating Plant,NY,HRSG02,OP,,,, , ,, , ,,, ,,,,,,,, ,,, ,,,,,,,, ,,, ,, ,,,,,,,2017,3.0
32173,New Athens Generating Company LLC,55405.0,Athens Generating Plant,NY,HRSG03,OP,,,, , ,, , ,,, ,,,,,,,, ,,, ,,,,,,,, ,,, ,, ,,,,,,,2017,3.0
49837,Pinelawn Power LLC,56188.0,Pinelawn Power LLC,NY,001,OP,Db,N,, , ,XX, , ,,, ,,,,,,,FD,4.33,NH,NV,2005,SR,H20,NH3,,,,FD,0.1,PB,WO,2005,XX, ,,,,,,,2017,2.0
15296,New York Power Authority,56196.0,500MW CC,NY,7A,OP,,,, , ,, , ,,, ,,,,,,,, ,,, ,,,,,,,, ,,, ,, ,,,,,,,2017,3.0
15296,New York Power Authority,56196.0,500MW CC,NY,7B,OP,,,, , ,, , ,,, ,,,,,,,, ,,, ,,,,,,,, ,,, ,, ,,,,,,,2017,3.0
49950,"Caithness Long Island, LLC",56234.0,Caithness Long Island Energy Center,NY,HRSG01,OP,Da,N,, , ,, , ,,, ,,,,,,,ST,2,NM,TH,2009,SR,,,SR,,,, ,,, ,, ,,,,,,,2017,1.0
56480,Empire Generating Co LLC,56259.0,Empire Generating Co LLC,NY,HRSG11,OP,N,Y,3814-00052/0003,7,2014,FD,0.06,0,DP,NV,2010,WA,OT,,WA,OT,,ST,2,NM,TH,2010,SR,NH3,LN,SR,NH3,LN,ST,0.012,PB,PS,2010,XX, ,,,,,,,2017,1.0
56480,Empire Generating Co LLC,56259.0,Empire Generating Co LLC,NY,HRSG12,OP,N,Y,3814-00052/0003,7,2014,FD,0.06,0,DP,NV,2010,WA,OT,,WA,OT,,ST,2,NM,TH,2010,SR,NH3,LN,SR,NH3,LN,ST,0.012,PB,PS,2010,, ,,,,,,,2017,1.0
56204,"CPV Valley, LLC",56940.0,CPV Valley Energy Center,NY,HRSG1,CO,Db,N,, , ,ST,0.0015,0,SB,DT,2018,SS,,,WA,WA,WA,ST,2,NM,OH,2018,NH3,SR,LN,NH3,SR,LN,ST,0.0073,PB,OH,2018,XX, ,,,,,,,2017,1.0
56204,"CPV Valley, LLC",56940.0,CPV Valley Energy Center,NY,HRSG2,CO,Db,N,, , ,ST,0.0015,0,SB,DT,2018,SS,,,WA,WA,WA,ST,2,NM,OH,2018,NH3,SR,LN,NH3,SR,LN,ST,0.0073,PB,OH,2018,XX, ,,,,,,,2017,1.0
56534,Cricket Valley Energy Center LLC,57185.0,Cricket Valley Energy,NY,U1HRSG,PL,Db,Y,3-1326-00275/00009,2,2016,XX, , ,DP,NV,2020,,,,SS,,,ST,2,NM,OH,2020,,,,SR,,,ST,0.00065,PB,NV,2020,XX, ,,,,,,,2017,1.0
56534,Cricket Valley Energy Center LLC,57185.0,Cricket Valley Energy,NY,U2HRSG,PL,Db,Y,3-1326-00275/00009,2,2016,FD, , ,DP,NV,2020,,,,SS,,,ST, ,NP,NV,2020,,,,SR,,,FD,0.007,PB,NV,2020,, ,,,,,,,2017,1.0
56534,Cricket Valley Energy Center LLC,57185.0,Cricket Valley Energy,NY,U3HRSG,PL,Db,Y,3-1326-00275/00009,2,2016,FD, , ,DP,NV,2020,,,,SS,,,ST, ,NP,NV,2020,,,,SR,,,FD,0.007,PB,NV,2020,XX, ,,,,,,,2017,1.0
56991,Astoria Energy II LLC,57664.0,Astoria Energy II,NY,HRSG3,OP,Db,Y,2-6301-00072/00014,12,2001,ST,0.0015,0,DP,PS,2011,WA,,,WA,,,ST,2,NM,PS,2011,,SR,H20,,SR,H20,FD,0.01,PB,PS,2011,, ,,,,,,,2017,1.0
56991,Astoria Energy II LLC,57664.0,Astoria Energy II,NY,HRSG4,OP,Db,Y,2-6301-00072/00014,12,2001,ST,0.0015,0,DP,PS,2011,WA,,,WA,,,FD,2,NM,PS,2011,,SR,H20,,SR,H20,FD,0.01,PB,OH,2011,, ,,,,,,,2017,1.0
58107,University of Rochester,58157.0,University of Rochester,NY,10,OP,Db,N,, , ,ST,0.0015, ,SU,NS,2016,SS,,,SS,,,ST,0.11,NH,PS,2016,LN,,,LN,,,XX, ,,, ,XX,2016,,,,,,,2017,2.0
58107,University of Rochester,58157.0,University of Rochester,NY,5,OP,Db,N,, , ,ST,0.0015, ,SU,NS,1998,SS,,,SS,,,ST,0.11,NH,PS,1998,LN,,,LN,,,, ,,, ,XX,1998,,,,,,,2017,2.0
58107,University of Rochester,58157.0,University of Rochester,NY,6,OP,Db,N,, , ,ST,0.0015, ,SU,NS,1998,SS,,,SS,,,ST,0.858,NH,PS,1998,LN,,,LN,,,, ,,, ,XX,1998,,,,,,,2017,2.0
58107,University of Rochester,58157.0,University of Rochester,NY,7,OP,Db,N,, , ,XX,0.0015, ,SU,NS,1998,SS,,,SS,,,ST,0.561,NH,PS,1998,LN,,,LN,,,, ,,, ,XX,1998,,,,,,,2017,2.0
58107,University of Rochester,58157.0,University of Rochester,NY,9,OP,Db,,, , ,XX,0.0015, ,SU,NS,2005,SS,,,SS,,,ST,0.56,NH,PS,2005,LN,FR,,LN,FR,,, ,,, ,XX, ,,,,,,,2017,2.0
58971,Danskammer Energy,2480.0,Danskammer Generating Station,NY,1,OP,N,N,, , ,ST,1.1,0,SB,NV,1972,,,,,,,ST,0.42,NP,DA,1995,BF,LA,LN,,,,ST,20,OP,SM,1972,, ,,,,,,,2018,1.0
58971,Danskammer Energy,2480.0,Danskammer Generating Station,NY,2,OP,N,N,, , ,ST,1.1,0,SB,NV,1972,OT,,,,,,ST,0.42,NP,DA,1995,BF,LA,,,,,ST,20,OP,SM,1972,,1972,,,,,,,2018,1.0
58971,Danskammer Energy,2480.0,Danskammer Generating Station,NY,3,OP,N,N,, , ,ST,1.1,0,SB,DA,1987,OT,,,,,,ST,0.42,NP,DA,1995,OV,LN,,OV,LN,,ST,20,OP,SM,1987,, ,,,,,,,2018,1.0
58971,Danskammer Energy,2480.0,Danskammer Generating Station,NY,4,OP,N,N,, , ,ST,1.1,0,SB,DA,1987,OT,,,,,,ST,0.42,NP,DA,1995,OV,LN,,OV,LN,,ST,20,OP,SM,1987,, ,,,,,,,2018,1.0
13192,NRG Arthur Kill Operations Inc,2490.0,Arthur Kill Generating Station,NY,20,OP,N,N,, , ,ST,0.2, ,SU,NV,1972,,,,,,,LO,0.15,NM,NV,1995,LA,LN,OV,LA,LN,OV,ST,0.1,PB,NV,1971,, ,,,,,,,2018,1.0
13192,NRG Arthur Kill Operations Inc,2490.0,Arthur Kill Generating Station,NY,30,OP,N,N,, , ,ST,0.2, ,SU,NV,1972,,,,,,,ST,0.15,NM,NV,1995,LA,LN,OV,LA,LN,OV,ST,0.1,PB,NV,1971,, ,,,,,,,2018,1.0
15296,New York Power Authority,2491.0,Charles Poletti,NY,001,RE,N,,, , ,ST, , ,,, ,,,,,,,ST, ,,, ,,,,,,,ST, ,,, ,, ,,,,,,,2018,4.0
4226,Consolidated Edison Co-NY Inc,2493.0,East River,NY,60,OP,N,N,, , ,ST,0.3,0,SU,NV,1972,SS,WA,,SS,WA,,LO,0.15,NM,NV,1995,OV,LA,,LN,,,ST,0.1,PB,NV,1973,, ,,,,,,,2018,1.0
4226,Consolidated Edison Co-NY Inc,2493.0,East River,NY,70,OP,N,N,, , ,ST,0.3,0,SU,NV,1972,SS,WA,,SS,WA,,LO,0.15,NM,NV,1995,OV,FR,,LN,,,ST,0.1,PB,NV,1973,, ,,,,,,,2018,1.0
6027,Entergy Nuclear Indian Point 2,2497.0,Indian Point 2,NY,NSS2,OP,,,, , ,, , ,,, ,,,,,,,, ,,, ,,,,,,,, ,,, ,, ,,,,,,,2018,3.0
61130,"Helix Ravenswood, LLC",2500.0,Ravenswood,NY,10,OP,N,N,, , ,ST,26.8,0,DH,YR,1972,,WA,,,WA,,LO,0.073,NP,YR,1995,OV,,,OV,,,ST,0.1,PB,NV,1973,FD,2014,,,,,,,2018,1.0
61130,"Helix Ravenswood, LLC",2500.0,Ravenswood,NY,20,OP,N,N,, , ,ST,21.1,0,DH,YR,1972,,WA,,,WA,,LO,0.07,NP,YR,1995,OV,,,OV,,,ST,0.1,PB,NV,1973,FD,2014,,,,,,,2018,1.0
61130,"Helix Ravenswood, LLC",2500.0,Ravenswood,NY,30,OP,N,N,, , ,ST,9.2,0,DH,YR,1972,,WA,,,WA,,LO,0.065,NP,YR,1995,OV,,,OV,,,LO,0.1,PB,NV,1971,FD,2014,,,,,,,2018,1.0
61130,"Helix Ravenswood, LLC",2500.0,Ravenswood,NY,40,OP,N,N,, , ,,3.1, ,OT,OT,2005,,,,,,,,0.01,OT,OT,2005,SR,LN,H20,SR,LN,H20,, ,OT,OT,2005,FD,2014,,,,,,,2018,1.0
4226,Consolidated Edison Co-NY Inc,2502.0,Waterside,NY,61,RE,N,,, , ,ST, , ,,, ,,,,,,,LO, ,,, ,,,,,,,ST, ,,, ,, ,,,,,,,2018,4.0
4226,Consolidated Edison Co-NY Inc,2502.0,Waterside,NY,62,RE,N,,, , ,ST, , ,,, ,,,,,,,LO, ,,, ,,,,,,,ST, ,,, ,, ,,,,,,,2018,4.0
4226,Consolidated Edison Co-NY Inc,2502.0,Waterside,NY,80,RE,N,,, , ,ST, , ,,, ,,,,,,,LO, ,,, ,,,,,,,ST, ,,, ,, ,,,,,,,2018,4.0
4226,Consolidated Edison Co-NY Inc,2502.0,Waterside,NY,90,RE,N,,, , ,ST, , ,,, ,,,,,,,LO, ,,, ,,,,,,,ST, ,,, ,, ,,,,,,,2018,4.0
56505,National Grid Generation LLC,2511.0,E F Barrett,NY,10,OP,N,N,, , ,ST,0.401,0,SU,NV,1971,SS,,,SS,,,ST,0.15,NP,OH,1995,,,,ND,,,ST,0.1,PB,NV,1971,, ,,,,,,,2018,1.0
56505,National Grid Generation LLC,2511.0,E F Barrett,NY,20,OP,N,N,, , ,ST,0.401,0,SU,NV,1971,SS,,,SS,,,ST,0.1,NP,OH,1995,OV,,,ND,,,ST,0.1,PB,NV,1971,, ,,,,,,,2018,1.0
56505,National Grid Generation LLC,2513.0,Far Rockaway,NY,40,RE,N,N,, , ,ST, , ,SU,NV,1971,,,,,,,ST, ,NP,OH,1995,,,,,,,ST,0.1,PB,NV,1971,, ,,,,,,,2018,4.0
56505,National Grid Generation LLC,2514.0,Glenwood,NY,40,RE,N,N,, , ,ST, , ,SU,NV,1971,,,,,,,ST, ,NP,OH,1995,,,,,,,ST,0.1,PB,NV,1971,, ,,,,,,,2018,4.0
56505,National Grid Generation LLC,2514.0,Glenwood,NY,50,RE,N,N,, , ,ST, , ,SU,NV,1971,,,,,,,ST, ,NP,OH,1995,,,,,,,ST,0.1,PB,NV,1971,, ,,,,,,,2018,4.0
56505,National Grid Generation LLC,2516.0,Northport,NY,1,OP,N,N,, , ,ST,0.55,0,SU,NV,1976,SS,,,SS,,,ST,0.1,NP,OH,1995,OV,,,ND,,,ST,0.1,PB,NV,1971,FD,2014,,,,,,,2018,1.0
56505,National Grid Generation LLC,2516.0,Northport,NY,2,OP,N,N,, , ,ST,0.55,0,SU,NV,1976,SS,,,SS,,,ST,0.1,NP,OH,1995,OV,,,ND,,,ST,0.1,PB,NV,1971,FD,2014,,,,,,,2018,1.0
56505,National Grid Generation LLC,2516.0,Northport,NY,3,OP,N,N,, , ,ST,0.55,0,SU,NV,1976,SS,,,SS,,,ST,0.1,NP,OH,1995,OV,,,ND,,,ST,0.1,PB,NV,1972,FD,2014,,,,,,,2018,1.0
56505,National Grid Generation LLC,2516.0,Northport,NY,4,OP,D,N,, , ,FD,0.55,0,SU,NV,1977,SS,,,SS,,,ST,0.1,NP,OH,1995,OV,,,ND,,,ST,0.1,PB,NV,1977,FD,2014,,,,,,,2018,1.0
56505,National Grid Generation LLC,2517.0,Port Jefferson,NY,1,RE,N,N,, , ,XX, , ,,, ,,,,,,,XX, ,,, ,,,,,,,XX, ,,, ,XX, ,,,,,,,2018,1.0
56505,National Grid Generation LLC,2517.0,Port Jefferson,NY,2,RE,N,N,, , ,XX, , ,,, ,,,,,,,XX, ,,, ,,,,,,,XX, ,,, ,XX, ,,,,,,,2018,1.0
56505,National Grid Generation LLC,2517.0,Port Jefferson,NY,3,OP,N,N,, , ,ST,0.55,0,SU,NV,1976,SS,,,SS,,,ST,0.15,NP,OH,1995,OV,,,ND,,,ST,0.1,PB,NV,1971,FD,2014,,,,,,,2018,1.0
56505,National Grid Generation LLC,2517.0,Port Jefferson,NY,4,OP,N,N,, , ,ST,0.55,0,SU,NV,1976,SS,,,SS,,,ST,0.15,NP,OH,1995,OV,,,ND,,,ST,0.1,PB,NV,1971,FD,2014,,,,,,,2018,1.0
25,Greenidge Generation Holdings LLC,2527.0,Greenidge Generation LLC,NY,4,RE,N,Y,8-5736-00004/00017,9,2016,ST, , ,,,1988,IF,,,SS,,,ST, ,NP,DA,1995,,,,,,,ST,0.28,PB,NV,1971,ST,2009,,,,,,,2018,1.0
25,Greenidge Generation Holdings LLC,2527.0,Greenidge Generation LLC,NY,5,RE,N,N,, , ,ST, , ,SB,MO,1988,,,,,,,ST, ,NP,DA,1995,,,,,,,ST,0.28,PB,NV,1971,ST,2009,,,,,,,2018,1.0
25,Greenidge Generation Holdings LLC,2527.0,Greenidge Generation LLC,NY,6,OP,D,Y,8-5736-00004/00016,9,2016,ST,0.19,0.95,SB,OH,2007,IF,,,SS,,,ST,0.12,NP,OT,1995,AA,LN,SR,SN,,,ST,0.22,PB,NV,1970,ST,2007,BP,CD,ACI,BP,CD,ACI,2018,1.0
22125,"Cayuga Operating Company, LLC",2535.0,Cayuga Operating Company,NY,1,OP,N,N,, , ,ST,3.4,0.7,DP,YR,1988,IF,,,IF,,,ST,0.12,NP,DA,2001,SR,LN,OV,SR,LN,OV,FD,0.03,PB,PS,2015,ST,2015,SP,EK,,SP,EK,,2018,1.0
22125,"Cayuga Operating Company, LLC",2535.0,Cayuga Operating Company,NY,2,OP,N,N,, , ,ST,3.4,0.7,DP,YR,1988,IF,,,IF,,,ST,0.32,NP,DA,2014,LN,,,LN,,,FD,0.03,PB,PS,2015,ST,2015,SP,ACI,EK,SP,ACI,EK,2018,1.0
14294,PSEG Power New York Inc,2539.0,Bethlehem Energy Center,NY,1,RE,,,, , ,, , ,,, ,,,,,,,, ,,, ,,,,,,,, ,,, ,, ,,,,,,,2018,1.0
14294,PSEG Power New York Inc,2539.0,Bethlehem Energy Center,NY,2,RE,,,, , ,, , ,,, ,,,,,,,, ,,, ,,,,,,,, ,,, ,, ,,,,,,,2018,1.0
14294,PSEG Power New York Inc,2539.0,Bethlehem Energy Center,NY,3,RE,,,, , ,, , ,,, ,,,,,,,, ,,, ,,,,,,,, ,,, ,, ,,,,,,,2018,1.0
14294,PSEG Power New York Inc,2539.0,Bethlehem Energy Center,NY,4,RE,,,, , ,, , ,,, ,,,,,,,, ,,, ,,,,,,,, ,,, ,, ,,,,,,,2018,1.0
14294,PSEG Power New York Inc,2539.0,Bethlehem Energy Center,NY,5,OP,Db,Y,4-0122-00044/00021,2,2002,ST,0.0006,0,DP,NV,2005,SS,,,NP,,,ST,0.0073,NP,NV,2005,SR,LN,,NP,,,ST,0.011,PB,NV,2005,, ,,,,,,,2018,1.0
14294,PSEG Power New York Inc,2539.0,Bethlehem Energy Center,NY,6,OP,Db,Y,4-0122-00044/00021,2,2002,ST,0.0006,0,DP,NV,2005,SS,,,NP,,,ST,0.0073,NP,NV,2005,SR,LN,,NP,,,ST,0.011,PB,NV,2005,, ,,,,,,,2018,1.0
14294,PSEG Power New York Inc,2539.0,Bethlehem Energy Center,NY,7,OP,Db,Y,4-0122-00044/00021,2,2008,ST,0.0006,0,DP,NV,2005,SS,,,NP,,,ST,0.0073,NP,NV,2005,SR,LN,,NP,,,ST,0.011,PB,NV,2005,, ,,,,,,,2018,1.0
13579,Dunkirk Power LLC,2554.0,Dunkirk Generating Plant,NY,1,SC,N,N,, , ,ST,2.07,0,DP,DA,1974,SS,,,SS,,,ST,0.12,NP,DA,2014,LN,AA,SN,LN,AA,SN,ST,0.22,PB,PS,1973,ST,2009,BP,ACI,,BP,ACI,,2018,1.0
13579,Dunkirk Power LLC,2554.0,Dunkirk Generating Plant,NY,2,SC,N,N,, , ,ST,2.07,0,DP,DA,1974,SS,,,SS,,,ST,0.12,NP,DA,1995,LN,AA,SN,LN,AA,SN,ST,0.23,PB,PS,1973,ST,2009,BP,ACI,,BP,ACI,,2018,1.0
13579,Dunkirk Power LLC,2554.0,Dunkirk Generating Plant,NY,3,SC,N,N,, , ,ST,2.07,0,DP,DA,1974,SS,,,SS,,,ST,0.12,NP,DA,1995,LN,AA,SN,LN,AA,SN,ST,0.16,PB,PS,1973,ST,2009,BP,ACI,,BP,ACI,,2018,1.0
13579,Dunkirk Power LLC,2554.0,Dunkirk Generating Plant,NY,4,SC,N,N,, , ,ST,2.07,0,DP,DA,1974,SS,,,SS,,,ST,3241,NP,DA,1995,LN,AA,SN,LN,AA,SN,ST,0.16,PB,PS,1973,ST,2009,BP,ACI,,BP,ACI,,2018,1.0
55951,Exelon Nuclear,2589.0,Nine Mile Point Nuclear Station,NY,NSS1,OP,,,, , ,, , ,,, ,,,,,,,, ,,, ,,,,,,,, ,,, ,, ,,,,,,,2018,3.0
55951,Exelon Nuclear,2589.0,Nine Mile Point Nuclear Station,NY,NSS2,OP,,,, , ,, , ,,, ,,,,,,,, ,,, ,,,,,,,, ,,, ,, ,,,,,,,2018,3.0
13923,NRG Oswego Harbor Power Operations Inc,2594.0,Oswego Harbor Power,NY,5,OP,N,N,, , ,ST,0.75,0,SU,DA,1976,SS,,,SS,,,ST,0.25,NP,DA,1976,ND,,,,,,ST,0.1,PB,NV,1976,, ,,,,,,,2018,1.0
13923,NRG Oswego Harbor Power Operations Inc,2594.0,Oswego Harbor Power,NY,6,OP,D,N,, , ,,0.75,0,SU,TH,1980,,,,,,,ST,0.2,NP,TH,2014,,,,,,,ST,0.1,PB,TH,1980,, ,,,,,,,2018,1.0
12792,"GenOn New York, LLC",2625.0,Bowline Point,NY,1,OP,N,N,, , ,ST,0.0037,0,SU,NV,1972,SS,,,SS,,,ST,0.25,NP,NV,1995,AA,,,AA,,,ST,0.1,PB,NV,1972,, ,,,,,,,2018,1.0
12792,"GenOn New York, LLC",2625.0,Bowline Point,NY,2,OP,N,N,, , ,ST,0.0037,0,SU,NV,1974,SS,,,SS,,,ST,0.25,NP,NV,1995,AA,,,AA,,,ST,0.1,PB,NV,1974,, ,,,,,,,2018,1.0
12792,"GenOn New York, LLC",2629.0,Lovett,NY,3,RE,N,,, , ,ST, , ,,, ,,,,,,,ST, ,,, ,,,,,,,ST, ,,, ,, ,,,,,,,2018,4.0
12792,"GenOn New York, LLC",2629.0,Lovett,NY,4,RE,N,,, , ,ST, , ,,, ,,,,,,,ST, ,,, ,,,,,,,ST, ,,, ,, ,,,,,,,2018,4.0
12792,"GenOn New York, LLC",2629.0,Lovett,NY,5,RE,N,,, , ,ST, , ,,, ,,,,,,,ST, ,,, ,,,,,,,ST, ,,, ,, ,,,,,,,2018,4.0
16183,Rochester Gas & Electric Corp,2642.0,Rochester 7,NY,1,RE,N,,, , ,ST, , ,,, ,,,,,,,ST, ,,, ,,,,,,,ST, ,,, ,, ,,,,,,,2018,4.0
16183,Rochester Gas & Electric Corp,2642.0,Rochester 7,NY,2,RE,N,,, , ,ST, , ,,, ,,,,,,,ST, ,,, ,,,,,,,ST, ,,, ,, ,,,,,,,2018,4.0
16183,Rochester Gas & Electric Corp,2642.0,Rochester 7,NY,3,RE,N,,, , ,ST, , ,,, ,,,,,,,ST, ,,, ,,,,,,,ST, ,,, ,, ,,,,,,,2018,4.0
16183,Rochester Gas & Electric Corp,2642.0,Rochester 7,NY,4,RE,N,,, , ,ST, , ,,, ,,,,,,,ST, ,,, ,,,,,,,ST, ,,, ,, ,,,,,,,2018,4.0
9645,Jamestown Board of Public Util,2682.0,S A Carlson,NY,10,OP,D,N,, , ,XX, , ,,, ,,,,,,,ST,0.06,NP,OH,2014,LN,,,LN,,,XX, ,,, ,XX, ,,,,,,,2018,2.0
9645,Jamestown Board of Public Util,2682.0,S A Carlson,NY,11,RE,,N,, , ,XX, , ,,, ,,,,,,,XX, ,,, ,,,,,,,XX, ,,, ,XX, ,,,,,,,2018,2.0
9645,Jamestown Board of Public Util,2682.0,S A Carlson,NY,12,RE,,N,, , ,XX, , ,,, ,,,,,,,XX, ,,, ,,,,,,,XX, ,,, ,XX, ,,,,,,,2018,2.0
9645,Jamestown Board of Public Util,2682.0,S A Carlson,NY,9,OP,D,N,, , ,XX, , ,,, ,,,,,,,ST,0.06,NP,OH,2014,LN,,,LN,,,XX, ,,, ,XX, ,,,,,,,2018,2.0
9645,Jamestown Board of Public Util,2682.0,S A Carlson,NY,HRSG,OP,,,, , ,XX, , ,,, ,,,,,,,ST,0.2,NP,OH,2001,,NP,,,NP,,XX, ,,, ,XX, ,,,,,,,2018,2.0
22129,Somerset Operating Co LLC,6082.0,Somerset Operating Co LLC,NY,1,OP,Da,N,, , ,FD,0.6,0.01,DP,MO,1984,IF,,,IF,,,ST,0.12,NP,DA,1995,LN,SR,,,,,FD,0.03,PB,NV,1984,ST,2010,SP,OT,,,,,2018,1.0
55951,Exelon Nuclear,6110.0,James A Fitzpatrick,NY,NSS1,OP,,,, , ,, , ,,, ,,,,,,,, ,,, ,,,,,,,, ,,, ,, ,,,,,,,2018,3.0
55951,Exelon Nuclear,6122.0,R E Ginna Nuclear Power Plant,NY,NSS1,OP,,,, , ,, , ,,, ,,,,,,,, ,,, ,,,,,,,, ,,, ,, ,,,,,,,2018,3.0
15296,New York Power Authority,7314.0,Richard M Flynn,NY,EIA01,OP,,,, , ,, , ,,, ,,,,,,,, ,,, ,,,,,,,, ,,, ,, ,,,,,,,2018,4.0
58651,"Allegany Generating Station, LLC",7784.0,Allegany Cogen,NY,HRSG,OP,Dc,N,, , ,FD,0.0006, ,DP,OH,1994,,,,,,,FD,9,NM,OH,1994,H20,SR,,H20,SR,,FD, ,,,1994,XX, ,,,,,,,2018,2.0
5511,CCI Roseton LLC,8006.0,Roseton Generating Facility,NY,1,OP,N,N,, , ,ST,0.55, ,SU,YR,1974,SS,,,SS,,,ST,0.15,NP,MO,1995,OV,FR,,OV,FR,,ST,0.1,PB,NV,1974,ST,1974,,,,,,,2018,1.0
5511,CCI Roseton LLC,8006.0,Roseton Generating Facility,NY,2,OP,N,N,, , ,ST,0.55, ,SU,YR,1974,SS,,,SS,,,ST,0.15,NP,MO,1995,OV,FR,,OV,FR,,ST,0.1,PB,NV,1974,ST,1974,,,,,,,2018,1.0
54863,U S Power Generating Company LLC,8906.0,Astoria Generating Station,NY,20,OP,N,N,, , ,ST,39.5,0,OT,NV,1972,WA,,,WA,,,ST,0.08,NP,OT,2014,LN,,,LN,,,ST,0.01,PB,NV,2005,, ,,,,,,,2018,1.0
54863,U S Power Generating Company LLC,8906.0,Astoria Generating Station,NY,30,OP,N,N,, , ,ST,0.3,0,SU,NV,1972,WA,,,WA,,,ST,0.15,NP,OT,2014,LN,,,FR,,,ST,0.1,PB,NV,1973,FD,2015,OT,,,OT,,,2018,1.0
54863,U S Power Generating Company LLC,8906.0,Astoria Generating Station,NY,40,OS,N,N,, , ,ST,0.3,0,SU,NV,1972,WA,,,WA,,,ST,0.15,NP,OT,2014,LN,,,LN,,,ST,0.1,PB,NV,1973,FD,2015,OT,,,OT,,,2018,1.0
54863,U S Power Generating Company LLC,8906.0,Astoria Generating Station,NY,50,OP,N,N,, , ,ST,0.3,0,SU,NV,1972,WA,,,WA,,,ST,0.15,NP,OT,2014,LN,,,LN,,,ST,0.1,PB,NV,1973,FD,2015,OT,,,OT,,,2018,1.0
6028,Entergy Nuclear Indian Point 3,8907.0,Indian Point 3,NY,NSS3,OP,,,, , ,, , ,,, ,,,,,,,, ,,, ,,,,,,,, ,,, ,, ,,,,,,,2018,3.0
5624,"RED-Rochester, LLC",10025.0,"RED-Rochester, LLC",NY,13,RE,N,,, , ,ST, , ,DP,YR,1988,,,,,,,ST, ,NP,DA,1995,,,,,,,ST,0.26,PB,OH,1995,, ,,,,,,,2018,1.0
5624,"RED-Rochester, LLC",10025.0,"RED-Rochester, LLC",NY,14,RE,N,,, , ,ST, , ,DP,YR,1988,,,,,,,ST, ,NP,DA,1995,,,,,,,ST,0.26,PB,OH,1995,, ,,,,,,,2018,1.0
5624,"RED-Rochester, LLC",10025.0,"RED-Rochester, LLC",NY,15,RE,N,,, , ,ST, , ,DP,YR,1988,,,,,,,ST, ,NP,DA,1995,,,,,,,ST,0.26,PB,OH,1972,, ,,,,,,,2018,1.0
5624,"RED-Rochester, LLC",10025.0,"RED-Rochester, LLC",NY,41,SB,N,N,, , ,FD,3.4, ,DP,YR,1988,SS,,,SS,,,FD,0.6,NP,DA,1995,FU,LA,,FU,LA,,ST,0.26,PB,OH,1972,,1972,,,,,,,2018,1.0
5624,"RED-Rochester, LLC",10025.0,"RED-Rochester, LLC",NY,42,OP,N,N,, , ,FD,3.4, ,DP,YR,1988,SS,,,SS,,,ST,0.6,NP,DA,1995,FU,LA,,FU,LA,,ST,0.26,PB,OH,1972,,1972,,,,,,,2018,1.0
5624,"RED-Rochester, LLC",10025.0,"RED-Rochester, LLC",NY,43,OP,N,N,, , ,FD,3.4, ,DP,YR,1988,SS,,,SS,,,ST,0.6,NP,DA,1995,FU,LA,,FU,LA,,ST,0.24,PB,OH,1972,,1972,,,,,,,2018,1.0
5624,"RED-Rochester, LLC",10025.0,"RED-Rochester, LLC",NY,44,OP,Da,N,, , ,FD,1.2, ,DP,NV,1987,SS,,,SS,,,ST,0.42,NP,DA,1995,FU,LA,,FU,LA,,FD,0.1,PB,NV,1987,,1987,,,,,,,2018,1.0
5624,"RED-Rochester, LLC",10025.0,"RED-Rochester, LLC",NY,45,OP,Db,Y,8-2699-00126/00001,9,2015,FD,1.2, ,DP,NV,2017,,,,,,,ST,0.15,NP,OT,2017,NP,,,NP,,,XX,0.2,PB,DA,2017,,2017,NP,,,NP,,,2018,1.0
5624,"RED-Rochester, LLC",10025.0,"RED-Rochester, LLC",NY,46,OP,Db,Y,8-2699-00126/00001,9,2015,XX, , ,,, ,,,,,,,ST,0.05,NP,OT,2018,NP,,,NP,,,, ,,, ,, ,,,,,,,2018,1.0
5624,"RED-Rochester, LLC",10025.0,"RED-Rochester, LLC",NY,47,OP,Db,Y,8-2699-00126/00001,9,2015,XX, , ,,, ,,,,,,,ST,0.05,NP,OT,2018,NP,,,NP,,,, ,,, ,,2017,,,,,,,2018,1.0
5624,"RED-Rochester, LLC",10025.0,"RED-Rochester, LLC",NY,48,OP,Db,Y,8-2699-00126/00001,9,2015,XX, , ,,, ,,,,,,,ST,0.05,NP,OT,2018,NP,,,NP,,,, ,,, ,,2017,,,,,,,2018,1.0
5624,"RED-Rochester, LLC",10025.0,"RED-Rochester, LLC",NY,PB1,OP,N,N,, , ,FD,1.65, ,DP,YR,1988,SS,,,SS,,,XX,0.6,NP,DA,1995,,,,,,,ST,0.2,PB,OH,1972,,1995,,,,,,,2018,1.0
5624,"RED-Rochester, LLC",10025.0,"RED-Rochester, LLC",NY,PB2,OP,N,N,, , ,FD,1.65, ,DP,YR,1988,SS,,,SS,,,XX,0.6,NP,DA,1995,,,,,,,ST,0.2,PB,OH,1972,,1995,,,,,,,2018,1.0
5624,"RED-Rochester, LLC",10025.0,"RED-Rochester, LLC",NY,PB3,OP,N,N,, , ,FD,1.65, ,DP,YR,1988,SS,,,SS,,,XX,0.6,NP,DA,1995,,,,,,,ST,0.2,PB,OH,1972,,1995,,,,,,,2018,1.0
5624,"RED-Rochester, LLC",10025.0,"RED-Rochester, LLC",NY,PB4,OP,N,N,, , ,FD,1.65, ,DP,YR,1988,SS,,,SS,,,XX,0.6,NP,DA,1995,,,,,,,ST,0.2,PB,OH,1972,,1995,,,,,,,2018,1.0
60741,Fortistar Castleton Power,10190.0,Castleton Energy Center,NY,HRSG-1,OP,Db,Y,4-3844-00008,2,2017,XX, , ,,, ,,,,,,,FD,25,NM,OH,1992,STM,,,,,,FD,0.01,PB,PS,1992,,1992,,,,,,,2018,2.0
1746,Black River Generation LLC,10464.0,ReEnergy Black River,NY,E0001,OP,N,,, , ,ST,0.23, ,DP,MO,2013,CF,,,CF,,,FD,0.17,NH,DA,2013,CF,LA,FU,CF,LA,FU,ST,0.2,OP,SM,2013,, ,,,,,,,2018,2.0
1746,Black River Generation LLC,10464.0,ReEnergy Black River,NY,E0002,OP,N,,, , ,ST,0.23, ,DP,MO,2013,CF,,,CF,,,FD,0.17,NH,DA,2013,CF,LA,FU,CF,LA,FU,ST,0.2,OP,SM,2013,, ,,,,,,,2018,2.0
1746,Black River Generation LLC,10464.0,ReEnergy Black River,NY,E0003,OP,N,,, , ,ST,0.23, ,DP,MO,2013,CF,,,CF,,,FD,0.17,NH,DA,2013,CF,LA,FU,CF,LA,FU,ST,0.2,OP,SM,2013,, ,,,,,,,2018,2.0
20541,Wheelabrator Environmental Systems,10503.0,Wheelabrator Hudson Falls,NY,SG201A,OP,Db,N,, , ,ST,29,0.75,DM,DA,1992,IF,,,IF,,,ST,205,NM,DA,2000,OV,,,OV,,,ST,2500,UG,,1992,ST,2000,ACI,,,ACI,,,2018,2.0
20541,Wheelabrator Environmental Systems,10503.0,Wheelabrator Hudson Falls,NY,SG201B,OP,Db,N,, , ,ST,29,0.75,DM,DA,1992,IF,,,IF,,,ST,205,NM,DA,2000,OV,,,OV,,,ST,2500,UG,,1992,ST,2000,ACI,,,ACI,,,2018,2.0
56174,Finch Paper LLC,10511.0,Finch Paper,NY,10,OP,N,N,, , ,ST,100, ,DC,NV,1987,OT,,,OT,,,ST,464,NM,MO,1995,,,,OT,,,FD, ,,,1987,,1987,,,,,,,2018,2.0
56174,Finch Paper LLC,10511.0,Finch Paper,NY,4,OP,N,N,, , ,XX, , ,,, ,,,,,,,ST,0.45,NP,MO,1995,OT,,,LN,,,FD,0.1,PB,,1995,, ,,,,,,,2018,2.0
56174,Finch Paper LLC,10511.0,Finch Paper,NY,5,OP,N,N,, , ,XX, , ,,, ,,,,,,,ST,0.45,NP,MO,1995,OT,,,LN,,,FD,0.1,PB,,1995,, ,,,,,,,2018,2.0
56174,Finch Paper LLC,10511.0,Finch Paper,NY,8,OP,N,N,, , ,ST,100, ,DM,OT,1977,OT,,,OT,,,ST,464,NM,MO,1995,,,,,,,, ,,, ,, ,,,,,,,2018,2.0
56174,Finch Paper LLC,10511.0,Finch Paper,NY,9,OP,N,N,, , ,XX, , ,,, ,,,,,,,ST,0.27,NP,MO,1995,OT,,,,,,FD,0.3,PB,,1981,, ,,,,,,,2018,2.0
60641,Veolia NA - Municipal & Commercial Business,10521.0,Lederle Laboratories,NY,BLR3,OP,,,, , ,, , ,,, ,,,,,,,, ,,, ,,,,,,,, ,,, ,, ,,,,,,,2018,4.0
60641,Veolia NA - Municipal & Commercial Business,10521.0,Lederle Laboratories,NY,BLR4,OP,,,, , ,, , ,,, ,,,,,,,, ,,, ,,,,,,,, ,,, ,, ,,,,,,,2018,4.0
60641,Veolia NA - Municipal & Commercial Business,10521.0,Lederle Laboratories,NY,BLR5,OP,,,, , ,, , ,,, ,,,,,,,, ,,, ,,,,,,,, ,,, ,, ,,,,,,,2018,4.0
60641,Veolia NA - Municipal & Commercial Business,10521.0,Lederle Laboratories,NY,WHSG1,OP,,,, , ,, , ,,, ,,,,,,,, ,,, ,,,,,,,, ,,, ,, ,,,,,,,2018,4.0
60641,Veolia NA - Municipal & Commercial Business,10521.0,Lederle Laboratories,NY,WHSG2,OP,,,, , ,, , ,,, ,,,,,,,, ,,, ,,,,,,,, ,,, ,, ,,,,,,,2018,4.0
58338,Lakeside Beaver Falls LLC,10617.0,CH Resources Beaver Falls,NY,HRSG50,OP,Db,,, , ,, , ,,, ,,,,,,,, ,,, ,SR,,,,,,, ,,, ,, ,,,,,,,2018,2.0
3085,Carthage Energy LLC,10620.0,Carthage Energy LLC,NY,HRSG,OP,,,, , ,XX, , ,,, ,,,,,,,ST,42,NM,OH,1991,STM,,,,,,, ,,, ,, ,,,,,,,2018,2.0
58337,Lakeside Syracuse LLC,10621.0,CH Resources Syracuse,NY,HRSG50,SB,Db,,, , ,, , ,,, ,,,,,,,, ,,, ,SR,,,,,,, ,,, ,, ,,,,,,,2018,2.0
473,Covanta Hempstead Company,10642.0,Covanta Hempstead,NY,1,OP,N,,, , ,FD,29,0.75,DM,DA,1989,IF,,,,,,ST,145.7,NH,OH,2004,SN,LA,,SN,LA,,, ,,, ,ST,2007,BR,SD,,BR,SD,,2018,2.0
473,Covanta Hempstead Company,10642.0,Covanta Hempstead,NY,2,OP,N,,, , ,FD,29,0.75,DM,DA,1989,IF,,,,,,ST,145.7,NH,OH,2004,SN,LA,,SN,LA,,, ,,, ,ST,2007,BR,SD,,BR,SD,,2018,2.0
473,Covanta Hempstead Company,10642.0,Covanta Hempstead,NY,3,OP,N,,, , ,FD,29,0.75,DM,DA,1989,IF,,,,,,ST,145.7,NH,OH,2004,SN,,,SN,,,, ,,, ,ST,2007,BR,SD,,BR,SD,,2018,2.0
16909,Selkirk Cogen Partners LP,10725.0,Selkirk Cogen,NY,HRSG1,OP,Db,N,, , ,ST,0.2,0,SU,NS,1992,,,,,,,ST,0.091,NP,NS,1992,SR,,,SR,,,ST,0.014,PB,NS,1992,, ,,,,,,,2018,1.0
16909,Selkirk Cogen Partners LP,10725.0,Selkirk Cogen,NY,HRSG2,OP,Db,N,, , ,ST,0.2,0,SU,NS,1994,,,,,,,ST,0.0181,NP,NS,1994,SR,,,SR,,,ST,0.014,PB,NS,1994,, ,,,,,,,2018,1.0
16909,Selkirk Cogen Partners LP,10725.0,Selkirk Cogen,NY,HRSG3,OP,Db,N,, , ,ST,0.2,0,SU,NS,1994,,,,,,,ST,0.0181,NP,NS,1994,SR,,,SR,,,ST,0.014,PB,NS,1994,, ,,,,,,,2018,1.0
40052,AG Energy LP,10803.0,Ogdensburg Power,NY,HRSG A,OS,,,, , ,, , ,,, ,,,,,,,, ,,, ,,,,,,,, ,,, ,, ,,,,,,,2018,2.0
24457,Calpine Eastern Corp,50292.0,Bethpage Power Plant,NY,HRSG1,OP,,,, , ,XX, , ,,, ,,,,,,,ST,42,NM,OH,1987,STM,,,STM,,,, ,,, ,, ,,,,,,,2018,2.0
24457,Calpine Eastern Corp,50292.0,Bethpage Power Plant,NY,HRSG2,OP,,,, , ,XX, , ,,, ,,,,,,,ST,42,NM,OH,1987,STM,,,STM,,,, ,,, ,, ,,,,,,,2018,2.0
24457,Calpine Eastern Corp,50292.0,Bethpage Power Plant,NY,HRSG3,OP,,,, , ,, , ,,, ,,,,,,,ST,2.5,NM,OH,2005,SR,,,SR,,,, ,,, ,, ,,,,,,,2018,2.0
9245,Indeck-Energy Serv Silver Spg,50449.0,Indeck Silver Springs Energy Center,NY,HRSG1,OP,N,N,, , ,XX, , ,,, ,,,,,,,FD,32,NM,OH,1991,STM,,,,,,XX, ,,, ,XX, ,,,,,,,2018,2.0
9244,Indeck-Oswego Ltd Partnership,50450.0,Indeck Oswego Energy Center,NY,HRSG1,OP,N,N,, , ,XX, , ,,, ,,,,,,,ST,25,NM,DA,1990,STM,,,,,,XX, ,,, ,FD,1990,,,,,,,2018,2.0
9243,Indeck-Yerkes Ltd Partnership,50451.0,Indeck Yerkes Energy Center,NY,HRSG1,OP,N,N,, , ,XX, , ,,, ,,,,,,,FD,42,NM,OH,1990,STM,,,,,,XX, ,,, ,FD,1990,,,,,,,2018,2.0
9263,Indeck-Corinth Ltd Partnership,50458.0,Indeck Corinth Energy Center,NY,HRSG1,OP,N,,, , ,XX, , ,,, ,,,,,,,ST,9,NM,OH,1995,LN,SR,H20,LN,SR,H20,, ,,, ,FD,1995,,,,,,,2018,2.0
470,Covanta Energy of Niagara LP,50472.0,"Covanta Niagara I, LLC",NY,BLR1,OP,D,Y,9-2911-00113/00039,5,2014,ST,0.3, ,DH,OH,1981,,,,OT,,,ST,0.08,NP,OH,1981,SN,,,SN,,,ST,20,OP,SM,1991,ST,1981,,,,,,,2018,2.0
470,Covanta Energy of Niagara LP,50472.0,"Covanta Niagara I, LLC",NY,BLR2,OP,D,Y,9-2911-00113/00039,5,2014,ST,0.3, ,DH,OH,1981,,,,OT,,,ST,0.08,NP,OH,1981,SN,,,SN,,,ST,20,OP,SM,1991,, ,,,,,,,2018,2.0
470,Covanta Energy of Niagara LP,50472.0,"Covanta Niagara I, LLC",NY,BLR3,OP,D,Y,9-2911-00113/00039,5,2014,FD,29,0.8,DM,OH,1996,IF,,,IF,,,FD,150,NM,DA,1996,SN,,,SN,,,FD,11.2,PH,OH,1996,FD,1996,ACI,BR,SD,ACI,BR,SD,2018,2.0
470,Covanta Energy of Niagara LP,50472.0,"Covanta Niagara I, LLC",NY,BLR4,OP,D,Y,9-2911-00113/00039,5,2014,FD,29,0.8,DM,OH,1996,IF,,,IF,,,FD,150,NM,DA,1996,SN,,,SN,,,FD,11.2,PH,OH,1996,FD,1996,ACI,BR,SD,ACI,BR,SD,2018,2.0
4484,Covanta Babylon Inc,50649.0,Covanta Babylon Inc,NY,1,OP,N,,, , ,FD,29,0.75,DM,DA,1989,IF,,,IF,,,ST,150,NH,DA,1989,SN,,,SN,,,, ,,, ,ST,1989,ACI,,,ACI,,,2018,2.0
4484,Covanta Babylon Inc,50649.0,Covanta Babylon Inc,NY,2,OP,N,,, , ,FD,29,0.75,DM,DA,1989,IF,,,IF,,,ST,150,NM,DA,1989,SN,,,SN,,,, ,,, ,ST,1989,ACI,,,ACI,,,2018,2.0
9097,Huntington Resource Recovery,50656.0,Huntington Resource Recovery Facility,NY,UNIT1,OP,N,,, , ,FD,29,0.75,DM,DA,1991,IF,,,ND,,,ST,185,NM,TH,1991,SN,,,SN,,,, ,,, ,ST,1991,ACI,BP,,ACI,BP,,2018,2.0
9097,Huntington Resource Recovery,50656.0,Huntington Resource Recovery Facility,NY,UNIT2,OP,N,,, , ,FD,29,0.75,DM,DA,1991,IF,,,,,,ST,185,NM,TH,1991,SN,,,SN,,,, ,,, ,ST,1991,ACI,BP,,ACI,BP,,2018,2.0
9097,Huntington Resource Recovery,50656.0,Huntington Resource Recovery Facility,NY,UNIT3,OP,N,,, , ,FD,29,0.75,DM,DA,1991,IF,,,,,,ST,185,NM,TH,1991,SN,,,SN,,,, ,,, ,ST,1991,ACI,BP,,ACI,BP,,2018,2.0
4487,Covanta Onondega LP,50662.0,Onondaga County Resource Recovery,NY,UNIT1,OP,Db,Y,7-3142-00028/00009,8,2011,ST,29,0.85,DM,DA,1995,,,,,,,ST,180,NM,DA,1995,NH3,SN,,NH3,SN,,FD, ,,,1995,ST,1995,ACI,SD,BP,ACI,SD,BP,2018,2.0
4487,Covanta Onondega LP,50662.0,Onondaga County Resource Recovery,NY,UNIT2,OP,Db,Y,7-3142-00028/00009,8,2011,ST,29,0.85,DM,DA,1995,,,,,,,ST,180,NM,DA,1995,NH3,SN,,NH3,SN,,FD, ,,,1995,ST,1995,ACI,SD,BP,ACI,SD,BP,2018,2.0
4487,Covanta Onondega LP,50662.0,Onondaga County Resource Recovery,NY,UNIT3,OP,Db,Y,7-3142-00028/00009,8,2011,ST,29,0.85,DM,DA,1995,,,,,,,ST,180,NM,DA,1995,NH3,SN,,NH3,SN,,FD, ,,,1995,ST,1995,ACI,SD,BP,ACI,SD,BP,2018,2.0
18020,Starrett City Inc,50743.0,Starrett City Cogen Facility,NY,1,OP,N,N,, , ,XX, , ,,, ,,,,,,,ST,0.3,NP,ND,2018,LA,,,LN,,,, ,,, ,, ,,,,,,,2018,2.0
18020,Starrett City Inc,50743.0,Starrett City Cogen Facility,NY,2,OS,N,N,, , ,XX, , ,,, ,,,,,,,ST,0.3,NP,ND,2018,LA,,,LN,,,, ,,, ,, ,,,,,,,2018,2.0
18020,Starrett City Inc,50743.0,Starrett City Cogen Facility,NY,3,OP,N,N,, , ,XX, , ,,, ,,,,,,,ST,0.3,NP,ND,2018,LA,,,LN,,,, ,,, ,, ,,,,,,,2018,2.0
18020,Starrett City Inc,50743.0,Starrett City Cogen Facility,NY,4,OP,N,N,, , ,XX, , ,,, ,,,,,,,ST,0.3,NP,ND,2018,LA,,,LN,,,, ,,, ,, ,,,,,,,2018,2.0
14182,Sterling Power Partners LP,50744.0,Sterling Power Plant,NY,HRSG,OP,,,, , ,, , ,,, ,,,,,,,, ,,, ,,,,,,,, ,,, ,, ,,,,,,,2018,4.0
20541,Wheelabrator Environmental Systems,50882.0,Wheelabrator Westchester,NY,1,OP,N,,, , ,FD,29,0.77,DM,DA,1999,IF,,,IF,,,ST,184,NM,DA,1999,SN,,,SN,,,FD,10,OP,SM,1999,ST,1999,ACI,,,ACI,,,2018,2.0
20541,Wheelabrator Environmental Systems,50882.0,Wheelabrator Westchester,NY,2,OP,N,,, , ,FD,29, ,DM,DA,1999,IF,,,IF,,,ST,184,NM,DA,1999,SN,,,SN,,,, ,,, ,ST,1999,ACI,,,ACI,,,2018,2.0
20541,Wheelabrator Environmental Systems,50882.0,Wheelabrator Westchester,NY,3,OP,N,,, , ,FD,29, ,DM,DA,1999,IF,,,IF,,,ST,184,NM,DA,1999,SN,,,SN,,,ST, ,,,1999,ST,1999,ACI,,,ACI,,,2018,2.0
24202,Carr Street Generating Sta LP,50978.0,Carr Street Generating Station,NY,HRSG1,OP,,,, , ,, , ,,, ,,,,,,,, ,,, ,,,,,,,, ,,, ,, ,,,,,,,2018,4.0
24202,Carr Street Generating Sta LP,50978.0,Carr Street Generating Station,NY,HRSG2,OP,,,, , ,, , ,,, ,,,,,,,, ,,, ,,,,,,,, ,,, ,, ,,,,,,,2018,4.0
56601,Covanta MacArthur Renewable Energy,51038.0,MacArthur Waste to Energy Facility,NY,B1,OP,D,,, , ,FD,31,0.75,DM,DA,1990,IF,,,IF,,,FD,170,NM,DA,1990,OV,LA,OT,OV,LA,OT,, ,,, ,FD,1990,ACI,,,ACI,,,2018,2.0
56601,Covanta MacArthur Renewable Energy,51038.0,MacArthur Waste to Energy Facility,NY,B2,OP,D,,, , ,FD,31,0.75,DM,DA,1990,IF,,,IF,,,FD,170,NM,DA,1990,OV,LA,,OV,LA,,, ,,, ,FD,1990,ACI,,,ACI,,,2018,2.0
19153,Nassau Energy Corp,52056.0,Nassau Energy Corp,NY,4,OP,,N,, , ,XX, , ,,, ,,,,,,,ST,42,NM,OH,1995,STM,,,,,,, ,,, ,ST,2008,,,,,,,2018,2.0
24210,Riverbay Corp,52168.0,Riverbay,NY,U00003,OP,,,, , ,, , ,,, ,,,,,,,ST,0.1,NH,OH,2011,LN,,,LN,,,, ,,, ,,2011,,,,,,,2018,2.0
24210,Riverbay Corp,52168.0,Riverbay,NY,U00004,OP,,,, , ,, , ,,, ,,,,,,,ST,2.5,NM,TH,2011,SR,,,SR,,,, ,,, ,ST,2011,,,,,,,2018,2.0
24210,Riverbay Corp,52168.0,Riverbay,NY,U00006,OP,,,, , ,, , ,,, ,,,,,,,ST,2.5,NM,TH,2011,SR,,,SR,,,, ,,, ,ST,2011,,,,,,,2018,2.0
24210,Riverbay Corp,52168.0,Riverbay,NY,U00008,CN,,,, , ,, , ,,, ,,,,,,,, ,,, ,,,,,,,, ,,, ,, ,,,,,,,2018,2.0
6838,Rensselaer Generating LLC,54034.0,Rensselaer Cogen,NY,HRSG,OP,Db,N,, , ,ST,0.0015, ,SU,DT,2014,SS,,,,,,ST,9,NM,OH,1994,,SR,STM,,SR,STM,FD,3.6,PH,OH,1994,XX,1994,,,,,,,2018,2.0
11127,Lockport Energy Associates LP,54041.0,Lockport Energy Associates LP,NY,4,OP,Db,N,, , ,ST,0.15, ,DP,YR,1992,SS,,,SS,,,ST,0.14,NP,YR,1993,STM,,,STM,,,, ,,, ,FD,1992,,,,,,,2018,2.0
9261,Indeck-Olean Ltd Partnership,54076.0,Indeck Olean Energy Center,NY,HRSG1,OP,N,N,, , ,XX, , ,,, ,,,,,,,ST,9,NM,OH,1994,SR,STM,,SR,STM,,ST,0.004,PB,,1994,XX,1994,,,,,,,2018,2.0
9350,IPC-Ticonderoga,54099.0,Ticonderoga Mill,NY,PB1,OP,,,, , ,FD,435, ,DH,TH,1996,IF,,,IF,,,ST,0.22,NP,DA,2015,LN,OV,,LN,OV,,, ,,, ,FD,2017,,,,,,,2018,2.0
9350,IPC-Ticonderoga,54099.0,Ticonderoga Mill,NY,RB1,OP,N,,, , ,XX, , ,,, ,,,,,,,ST,100,NM,PS,1995,NP,,,NP,,,, ,,, ,XX, ,,,,,,,2018,2.0
10349,KIAC Partners,54114.0,Kennedy International Airport Cogen,NY,HRSG1,OP,N,N,, , ,, , ,,, ,,,,,,,FD,9.01,NM,OH,1994,SR,,,SR,,,, ,,, ,, ,,,,,,,2018,2.0
10349,KIAC Partners,54114.0,Kennedy International Airport Cogen,NY,HRSG2,OP,N,N,, , ,, , ,,, ,,,,,,,FD,9.01,NM,OH,1994,SR,,,SR,,,, ,,, ,, ,,,,,,,2018,2.0
50136,North American Energy Services,54131.0,Fortistar North Tonawanda,NY,HR123,OP,Db,N,, , ,ST,0.15, ,DP,YR,1992,SS,,,SS,,,ST,0.14,NP,YR,1992,STM,,,STM,,,, ,,, ,FD,1992,,,,,,,2018,2.0
57431,ReEnergy Biomass LLC,54526.0,ReEnergy Lyonsdale Biomass,NY,00001,OS,,,, , ,XX, , ,,, ,,,,,,,ST,0.2,NP,OH,1992,,,,,,,FD, ,,,1992,,1992,,,,,,,2018,2.0
17254,Sithe/Independence LLC,54547.0,Sithe Independence Station,NY,HRSG 1,OP,Db,N,, , ,ST,0.0006,0,DP,YR,1995,WA,,,WA,,,ST,0.0163,NH,OH,1995,SR,,,,,,ST,0.0011,PH,OH,1995,, ,,,,,,,2018,1.0
17254,Sithe/Independence LLC,54547.0,Sithe Independence Station,NY,HRSG 2,OP,Db,N,, , ,ST,0.0006,0,DP,YR,1995,WA,,,WA,,,ST,0.0178,NH,OH,1995,SR,,,,,,ST,0.0011,PH,OH,1995,, ,,,,,,,2018,1.0
17254,Sithe/Independence LLC,54547.0,Sithe Independence Station,NY,HRSG 3,OP,Db,N,, , ,ST,0.0006,0,DP,YR,1995,WA,,,WA,,,ST,0.0175,NH,OH,1995,SR,,,,,,ST,0.0011,PH,OH,1995,, ,,,,,,,2018,1.0
17254,Sithe/Independence LLC,54547.0,Sithe Independence Station,NY,HRSG 4,OP,Db,N,, , ,ST,0.0006,0,DC,YR,1995,WA,,,WA,,,ST,0.0162,NH,OH,1995,SR,,,,,,ST,0.0011,PH,OH,1995,, ,,,,,,,2018,1.0
16729,Saranac Power Partners LP,54574.0,Saranac Facility,NY,HRSG1,OP,Da,N,, , ,XX, , ,,, ,,,,,,,FD,0.033,NP,TH,1994,LN,NH3,SR,,,,FD,0.0062,PB,TH,1994,XX, ,,,,,,,2018,2.0
16729,Saranac Power Partners LP,54574.0,Saranac Facility,NY,HRSG2,OP,Da,N,, , ,XX, , ,,, ,,,,,,,FD,0.033,NP,TH,1994,NH3,SR,LN,,,,FD,0.0062,PB,TH,1994,XX, ,,,,,,,2018,2.0
15253,Power City Partners LP,54592.0,Massena Energy Facility,NY,HRSG1,OP,Db,N,, , ,XX, , ,,, ,,,,,,,ST,9,NM,OH,1992,SR,STM,,,,,, ,,, ,, ,,,,,,,2018,2.0
16839,Seneca Power Partners LP,54593.0,Batavia Power Plant,NY,HRSG,OP,,,, , ,, , ,,, ,,,,,,,, ,,, ,,,,,,,, ,,, ,, ,,,,,,,2018,4.0
2313,Brooklyn Navy Yard Cogen PLP,54914.0,Brooklyn Navy Yard Cogeneration,NY,HRSG1,OP,,,, , ,, , ,,, ,,,,,,,, ,,, ,,,,,,,, ,,, ,, ,,,,,,,2018,4.0
2313,Brooklyn Navy Yard Cogen PLP,54914.0,Brooklyn Navy Yard Cogeneration,NY,HRSG2,OP,,,, , ,, , ,,, ,,,,,,,, ,,, ,,,,,,,, ,,, ,, ,,,,,,,2018,4.0
22979,Astoria Energy LLC,55375.0,Astoria Energy,NY,HRSG1,OP,Db,Y,2-6301-00072/00014,12,2001,FD,0.0015,0,DP,PS,2006,WA,,,WA,,,FD,2,NM,TH,2006,H20,SR,,H20,SR,,FD,0.01,PB,PS,2006,ST,2006,,,,,,,2018,1.0
22979,Astoria Energy LLC,55375.0,Astoria Energy,NY,HRSG2,OP,Db,Y,2-6301-00072/00014,12,2001,FD,0.0015,0,DP,PS,2006,WA,,,WA,,,FD,2,NH,TH,2006,H20,SR,,H20,SR,,FD,0.01,PB,PS,2006,LO,2006,,,,,,,2018,1.0
32173,New Athens Generating Company LLC,55405.0,Athens Generating Plant,NY,HRSG01,OP,,,, , ,, , ,,, ,,,,,,,, ,,, ,,,,,,,, ,,, ,, ,,,,,,,2018,3.0
32173,New Athens Generating Company LLC,55405.0,Athens Generating Plant,NY,HRSG02,OP,,,, , ,, , ,,, ,,,,,,,, ,,, ,,,,,,,, ,,, ,, ,,,,,,,2018,3.0
32173,New Athens Generating Company LLC,55405.0,Athens Generating Plant,NY,HRSG03,OP,,,, , ,, , ,,, ,,,,,,,, ,,, ,,,,,,,, ,,, ,, ,,,,,,,2018,3.0
49837,Pinelawn Power LLC,56188.0,Pinelawn Power LLC,NY,001,OP,Db,N,, , ,XX, , ,,, ,,,,,,,FD,4.33,NH,NV,2005,SR,H20,NH3,,,,FD,0.1,PB,WO,2005,XX, ,,,,,,,2018,2.0
15296,New York Power Authority,56196.0,500MW CC,NY,7A,OP,,,, , ,, , ,,, ,,,,,,,, ,,, ,,,,,,,, ,,, ,, ,,,,,,,2018,3.0
15296,New York Power Authority,56196.0,500MW CC,NY,7B,OP,,,, , ,, , ,,, ,,,,,,,, ,,, ,,,,,,,, ,,, ,, ,,,,,,,2018,3.0
49950,"Caithness Long Island, LLC",56234.0,Caithness Long Island Energy Center,NY,HRSG01,OP,Da,N,, , ,, , ,,, ,,,,,,,ST,2,NM,TH,2009,SR,,,SR,,,, ,,, ,, ,,,,,,,2018,1.0
56480,Empire Generating Co LLC,56259.0,Empire Generating Co LLC,NY,HRSG11,OP,N,Y,3814-00052/0003,7,2014,FD,0.06,0,DP,NV,2010,WA,SS,,WA,SS,,ST,2,NM,TH,2010,SR,NH3,LN,SR,NH3,LN,ST,0.012,PB,PS,2010,XX, ,,,,,,,2018,1.0
56480,Empire Generating Co LLC,56259.0,Empire Generating Co LLC,NY,HRSG12,OP,N,Y,3814-00052/0003,7,2014,FD,0.06,0,DP,NV,2010,WA,OT,,WA,OT,,ST,2,NM,TH,2010,SR,NH3,LN,SR,NH3,LN,ST,0.012,PB,PS,2010,, ,,,,,,,2018,1.0
56204,"CPV Valley, LLC",56940.0,CPV Valley Energy Center,NY,HRSG1,OP,Db,N,, , ,ST,0.0015,0,SB,DT,2018,SS,,,WA,WA,WA,ST,2,NM,OH,2018,NH3,SR,LN,NH3,SR,LN,ST,0.0073,PB,OH,2018,XX, ,,,,,,,2018,1.0
56204,"CPV Valley, LLC",56940.0,CPV Valley Energy Center,NY,HRSG2,OP,Db,N,, , ,ST,0.0015,0,SB,DT,2018,SS,,,WA,WA,WA,ST,2,NM,OH,2018,NH3,SR,LN,NH3,SR,LN,ST,0.0073,PB,OH,2018,XX, ,,,,,,,2018,1.0
56534,Cricket Valley Energy Center LLC,57185.0,Cricket Valley Energy,NY,U1HRSG,PL,Db,Y,3-1326-00275/00009,2,2016,XX, , ,DP,NV,2020,,,,SS,,,ST,2,NM,OH,2020,,,,SR,,,ST,0.00065,PB,NV,2020,XX, ,,,,,,,2018,1.0
56534,Cricket Valley Energy Center LLC,57185.0,Cricket Valley Energy,NY,U2HRSG,PL,Db,Y,3-1326-00275/00009,2,2016,FD, , ,DP,NV,2020,,,,SS,,,ST, ,NP,NV,2020,,,,SR,,,FD,0.007,PB,NV,2020,, ,,,,,,,2018,1.0
56534,Cricket Valley Energy Center LLC,57185.0,Cricket Valley Energy,NY,U3HRSG,PL,Db,Y,3-1326-00275/00009,2,2016,FD, , ,DP,NV,2020,,,,SS,,,ST, ,NP,NV,2020,,,,SR,,,FD,0.007,PB,NV,2020,XX, ,,,,,,,2018,1.0
56991,Astoria Energy II LLC,57664.0,Astoria Energy II,NY,HRSG3,OP,Db,Y,2-6301-00072/00014,12,2001,ST,0.0015,0,DP,PS,2011,WA,,,WA,,,ST,2,NM,PS,2011,,SR,H20,,SR,H20,FD,0.01,PB,PS,2011,, ,,,,,,,2018,1.0
56991,Astoria Energy II LLC,57664.0,Astoria Energy II,NY,HRSG4,OP,Db,Y,2-6301-00072/00014,12,2001,ST,0.0015,0,DP,PS,2011,WA,,,WA,,,FD,2,NM,PS,2011,,SR,H20,,SR,H20,FD,0.01,PB,OH,2011,, ,,,,,,,2018,1.0
58107,University of Rochester,58157.0,University of Rochester,NY,10,OP,Db,N,, , ,ST,0.0015, ,SU,NS,2016,SS,,,SS,,,ST,0.11,NH,PS,2016,LN,,,LN,,,XX, ,,, ,XX,2016,,,,,,,2018,2.0
58107,University of Rochester,58157.0,University of Rochester,NY,5,OP,Db,N,, , ,ST,0.0015, ,SU,NS,1998,SS,,,SS,,,ST,0.11,NH,PS,1998,LN,,,LN,,,, ,,, ,XX,1998,,,,,,,2018,2.0
58107,University of Rochester,58157.0,University of Rochester,NY,6,OP,Db,N,, , ,ST,0.0015, ,SU,NS,1998,SS,,,SS,,,ST,0.858,NH,PS,1998,LN,,,LN,,,, ,,, ,XX,1998,,,,,,,2018,2.0
58107,University of Rochester,58157.0,University of Rochester,NY,7,OP,Db,N,, , ,XX,0.0015, ,SU,NS,1998,SS,,,SS,,,ST,0.561,NH,PS,1998,LN,,,LN,,,, ,,, ,XX,1998,,,,,,,2018,2.0
58107,University of Rochester,58157.0,University of Rochester,NY,9,OP,Db,,, , ,XX,0.0015, ,SU,NS,2005,SS,,,SS,,,ST,0.56,NH,PS,2005,LN,FR,,LN,FR,,, ,,, ,XX, ,,,,,,,2018,2.0
58971,Danskammer Energy,2480.0,Danskammer Generating Station,NY,1,OP,N,N,, , ,ST,1.1,0,SB,NV,1972,,,,,,,ST,0.42,NP,DA,1995,BF,LA,LN,,,,ST,20,OP,SM,1972,, ,,,,,,,2019,1.0
58971,Danskammer Energy,2480.0,Danskammer Generating Station,NY,2,OP,N,N,, , ,ST,1.1,0,SB,NV,1972,OT,,,,,,ST,0.42,NP,DA,1995,BF,LA,,,,,ST,20,OP,SM,1972,,1972,,,,,,,2019,1.0
58971,Danskammer Energy,2480.0,Danskammer Generating Station,NY,3,OP,N,N,, , ,ST,1.1,0,SB,DA,1987,OT,,,,,,ST,0.42,NP,DA,1995,OV,LN,,OV,LN,,ST,20,OP,SM,1987,, ,,,,,,,2019,1.0
58971,Danskammer Energy,2480.0,Danskammer Generating Station,NY,4,OP,N,N,, , ,ST,1.1,0,SB,DA,1987,OT,,,,,,ST,0.42,NP,DA,1995,OV,LN,,OV,LN,,ST,20,OP,SM,1987,, ,,,,,,,2019,1.0
13192,NRG Arthur Kill Operations Inc,2490.0,Arthur Kill Generating Station,NY,20,OP,N,N,, , ,ST,0.2, ,SU,NV,1972,,,,,,,LO,0.15,NM,NV,1995,LA,LN,OV,LA,LN,OV,ST,0.1,PB,NV,1971,, ,,,,,,,2019,1.0
13192,NRG Arthur Kill Operations Inc,2490.0,Arthur Kill Generating Station,NY,30,OP,N,N,, , ,ST,0.2, ,SU,NV,1972,,,,,,,ST,0.15,NM,NV,1995,LA,LN,OV,LA,LN,OV,ST,0.1,PB,NV,1971,, ,,,,,,,2019,1.0
15296,New York Power Authority,2491.0,Charles Poletti,NY,001,RE,N,,, , ,ST, , ,,, ,,,,,,,ST, ,,, ,,,,,,,ST, ,,, ,, ,,,,,,,2019,4.0
4226,Consolidated Edison Co-NY Inc,2493.0,East River,NY,60,OP,N,N,, , ,ST,0.3,0,SU,NV,1972,SS,WA,,SS,WA,,LO,0.15,NM,NV,1995,OV,LA,,LN,,,ST,0.1,PB,NV,1973,, ,,,,,,,2019,1.0
4226,Consolidated Edison Co-NY Inc,2493.0,East River,NY,70,OP,N,N,, , ,ST,0.3,0,SU,NV,1972,SS,WA,,SS,WA,,LO,0.15,NM,NV,1995,OV,FR,,LN,,,ST,0.1,PB,NV,1973,, ,,,,,,,2019,1.0
6027,Entergy Nuclear Indian Point 2,2497.0,Indian Point 2,NY,NSS2,OP,,,, , ,, , ,,, ,,,,,,,, ,,, ,,,,,,,, ,,, ,, ,,,,,,,2019,3.0
61130,"Helix Ravenswood, LLC",2500.0,Ravenswood,NY,10,OP,N,N,, , ,ST,0.3,0,SU,NV,1972,,WA,,,WA,,ST,0.15,NP,OH,1995,OV,,,OV,,,ST,0.1,PB,PS,1973,FD,2014,,,,,,,2019,1.0
61130,"Helix Ravenswood, LLC",2500.0,Ravenswood,NY,20,OP,N,N,, , ,ST,0.3,0,SU,NV,1972,,WA,,,WA,,ST,0.15,NP,OH,1995,OV,,,OV,,,ST,0.1,PB,PS,1973,FD,2014,,,,,,,2019,1.0
61130,"Helix Ravenswood, LLC",2500.0,Ravenswood,NY,30,OP,N,N,, , ,ST,0.3,0,SU,NV,1972,,WA,,,WA,,ST,0.15,NP,OH,1995,OV,,,OV,,,ST,0.1,PB,PS,1971,FD,2014,,,,,,,2019,1.0
61130,"Helix Ravenswood, LLC",2500.0,Ravenswood,NY,40,OP,N,N,, , ,ST,0.0071, ,DP,OH,2005,SS,,,SS,,,ST,0.038,NP,TH,2005,SR,LN,H20,SR,LN,H20,ST,0.021,PB,PS,2005,FD,2014,,,,,,,2019,1.0
4226,Consolidated Edison Co-NY Inc,2502.0,Waterside,NY,61,RE,N,,, , ,ST, , ,,, ,,,,,,,LO, ,,, ,,,,,,,ST, ,,, ,, ,,,,,,,2019,4.0
4226,Consolidated Edison Co-NY Inc,2502.0,Waterside,NY,62,RE,N,,, , ,ST, , ,,, ,,,,,,,LO, ,,, ,,,,,,,ST, ,,, ,, ,,,,,,,2019,4.0
4226,Consolidated Edison Co-NY Inc,2502.0,Waterside,NY,80,RE,N,,, , ,ST, , ,,, ,,,,,,,LO, ,,, ,,,,,,,ST, ,,, ,, ,,,,,,,2019,4.0
4226,Consolidated Edison Co-NY Inc,2502.0,Waterside,NY,90,RE,N,,, , ,ST, , ,,, ,,,,,,,LO, ,,, ,,,,,,,ST, ,,, ,, ,,,,,,,2019,4.0
56505,National Grid Generation LLC,2511.0,E F Barrett,NY,10,OP,N,N,, , ,ST,0.401,0,SU,NV,1971,SS,,,SS,,,ST,0.15,NP,OH,1995,,,,ND,,,ST,0.1,PB,NV,1971,, ,,,,,,,2019,1.0
56505,National Grid Generation LLC,2511.0,E F Barrett,NY,20,OP,N,N,, , ,ST,0.401,0,SU,NV,1971,SS,,,SS,,,ST,0.1,NP,OH,1995,OV,,,ND,,,ST,0.1,PB,NV,1971,, ,,,,,,,2019,1.0
56505,National Grid Generation LLC,2513.0,Far Rockaway,NY,40,RE,N,N,, , ,ST, , ,SU,NV,1971,,,,,,,ST, ,NP,OH,1995,,,,,,,ST,0.1,PB,NV,1971,, ,,,,,,,2019,4.0
56505,National Grid Generation LLC,2514.0,Glenwood,NY,40,RE,N,N,, , ,ST, , ,SU,NV,1971,,,,,,,ST, ,NP,OH,1995,,,,,,,ST,0.1,PB,NV,1971,, ,,,,,,,2019,4.0
56505,National Grid Generation LLC,2514.0,Glenwood,NY,50,RE,N,N,, , ,ST, , ,SU,NV,1971,,,,,,,ST, ,NP,OH,1995,,,,,,,ST,0.1,PB,NV,1971,, ,,,,,,,2019,4.0
56505,National Grid Generation LLC,2516.0,Northport,NY,1,OP,N,N,, , ,ST,0.55,0,SU,NV,1976,SS,,,SS,,,ST,0.1,NP,OH,1995,OV,,,ND,,,ST,0.1,PB,NV,1971,FD,2014,,,,,,,2019,1.0
56505,National Grid Generation LLC,2516.0,Northport,NY,2,OP,N,N,, , ,ST,0.55,0,SU,NV,1976,SS,,,SS,,,ST,0.1,NP,OH,1995,OV,,,ND,,,ST,0.1,PB,NV,1971,FD,2014,,,,,,,2019,1.0
56505,National Grid Generation LLC,2516.0,Northport,NY,3,OP,N,N,, , ,ST,0.55,0,SU,NV,1976,SS,,,SS,,,ST,0.1,NP,OH,1995,OV,,,ND,,,ST,0.1,PB,NV,1972,FD,2014,,,,,,,2019,1.0
56505,National Grid Generation LLC,2516.0,Northport,NY,4,OP,D,N,, , ,FD,0.55,0,SU,NV,1977,SS,,,SS,,,ST,0.1,NP,OH,1995,OV,,,ND,,,ST,0.1,PB,NV,1977,FD,2014,,,,,,,2019,1.0
56505,National Grid Generation LLC,2517.0,Port Jefferson,NY,1,RE,N,N,, , ,XX, , ,,, ,,,,,,,XX, ,,, ,,,,,,,XX, ,,, ,XX, ,,,,,,,2019,1.0
56505,National Grid Generation LLC,2517.0,Port Jefferson,NY,2,RE,N,N,, , ,XX, , ,,, ,,,,,,,XX, ,,, ,,,,,,,XX, ,,, ,XX, ,,,,,,,2019,1.0
56505,National Grid Generation LLC,2517.0,Port Jefferson,NY,3,OP,N,N,, , ,ST,0.55,0,SU,NV,1976,SS,,,SS,,,ST,0.15,NP,OH,1995,OV,,,ND,,,ST,0.1,PB,NV,1971,FD,2014,,,,,,,2019,1.0
56505,National Grid Generation LLC,2517.0,Port Jefferson,NY,4,OP,N,N,, , ,ST,0.55,0,SU,NV,1976,SS,,,SS,,,ST,0.15,NP,OH,1995,OV,,,ND,,,ST,0.1,PB,NV,1971,FD,2014,,,,,,,2019,1.0
25,Greenidge Generation Holdings LLC,2527.0,Greenidge Generation LLC,NY,4,RE,N,Y,8-5736-00004/00017,9,2016,ST, , ,,,1988,IF,,,SS,,,ST, ,NP,DA,1995,,,,,,,ST,0.28,PB,NV,1971,ST,2009,,,,,,,2019,1.0
25,Greenidge Generation Holdings LLC,2527.0,Greenidge Generation LLC,NY,5,RE,N,N,, , ,ST, , ,SB,MO,1988,,,,,,,ST, ,NP,DA,1995,,,,,,,ST,0.28,PB,NV,1971,ST,2009,,,,,,,2019,1.0
25,Greenidge Generation Holdings LLC,2527.0,Greenidge Generation LLC,NY,6,OP,D,Y,8-5736-00004/00016,9,2016,ST,0.19,0.95,SB,OH,2007,IF,,,SS,,,ST,0.12,NP,OT,1995,AA,LN,SR,SN,,,ST,0.22,PB,NV,1970,ST,2007,BP,CD,ACI,BP,CD,ACI,2019,1.0
22125,"Cayuga Operating Company, LLC",2535.0,Cayuga Operating Company,NY,1,RE,N,N,, , ,ST,3.4,0.7,DP,YR,1988,IF,,,IF,,,ST,0.12,NP,DA,2001,SR,LN,OV,SR,LN,OV,FD,0.03,PB,PS,2015,ST,2015,SP,EK,,SP,EK,,2019,1.0
22125,"Cayuga Operating Company, LLC",2535.0,Cayuga Operating Company,NY,2,RE,N,N,, , ,ST,3.4,0.7,DP,YR,1988,IF,,,IF,,,ST,0.32,NP,DA,2014,LN,OV,,LN,OV,,FD,0.03,PB,PS,2015,ST,2015,SP,ACI,EK,SP,ACI,EK,2019,1.0
14294,PSEG Power New York Inc,2539.0,Bethlehem Energy Center,NY,1,RE,,,, , ,, , ,,, ,,,,,,,, ,,, ,,,,,,,, ,,, ,, ,,,,,,,2019,1.0
14294,PSEG Power New York Inc,2539.0,Bethlehem Energy Center,NY,2,RE,,,, , ,, , ,,, ,,,,,,,, ,,, ,,,,,,,, ,,, ,, ,,,,,,,2019,1.0
14294,PSEG Power New York Inc,2539.0,Bethlehem Energy Center,NY,3,RE,,,, , ,, , ,,, ,,,,,,,, ,,, ,,,,,,,, ,,, ,, ,,,,,,,2019,1.0
14294,PSEG Power New York Inc,2539.0,Bethlehem Energy Center,NY,4,RE,,,, , ,, , ,,, ,,,,,,,, ,,, ,,,,,,,, ,,, ,, ,,,,,,,2019,1.0
14294,PSEG Power New York Inc,2539.0,Bethlehem Energy Center,NY,5,OP,Db,Y,4-0122-00044/00021,2,2002,ST,0.0006,0,DP,NV,2005,SS,,,NP,,,ST,0.0073,NP,NV,2005,SR,LN,,NP,,,ST,0.011,PB,NV,2005,, ,,,,,,,2019,1.0
14294,PSEG Power New York Inc,2539.0,Bethlehem Energy Center,NY,6,OP,Db,Y,4-0122-00044/00021,2,2002,ST,0.0006,0,DP,NV,2005,SS,,,NP,,,ST,0.0073,NP,NV,2005,SR,LN,,NP,,,ST,0.011,PB,NV,2005,, ,,,,,,,2019,1.0
14294,PSEG Power New York Inc,2539.0,Bethlehem Energy Center,NY,7,OP,Db,Y,4-0122-00044/00021,2,2008,ST,0.0006,0,DP,NV,2005,SS,,,NP,,,ST,0.0073,NP,NV,2005,SR,LN,,NP,,,ST,0.011,PB,NV,2005,, ,,,,,,,2019,1.0
13579,Dunkirk Power LLC,2554.0,Dunkirk Generating Plant,NY,1,OS,N,N,, , ,ST,2.07,0,DP,DA,1974,SS,,,SS,,,ST,0.12,NP,DA,2014,LN,AA,SN,LN,AA,SN,ST,0.22,PB,PS,1973,ST,2009,BP,ACI,,BP,ACI,,2019,1.0
13579,Dunkirk Power LLC,2554.0,Dunkirk Generating Plant,NY,2,OS,N,N,, , ,ST,2.07,0,DP,DA,1974,SS,,,SS,,,ST,0.12,NP,DA,1995,LN,AA,SN,LN,AA,SN,ST,0.23,PB,PS,1973,ST,2009,BP,ACI,,BP,ACI,,2019,1.0
13579,Dunkirk Power LLC,2554.0,Dunkirk Generating Plant,NY,3,OS,N,N,, , ,ST,2.07,0,DP,DA,1974,SS,,,SS,,,ST,0.12,NP,DA,1995,LN,AA,SN,LN,AA,SN,ST,0.16,PB,PS,1973,ST,2009,BP,ACI,,BP,ACI,,2019,1.0
13579,Dunkirk Power LLC,2554.0,Dunkirk Generating Plant,NY,4,OS,N,N,, , ,ST,2.07,0,DP,DA,1974,SS,,,SS,,,ST,3241,NP,DA,1995,LN,AA,SN,LN,AA,SN,ST,0.16,PB,PS,1973,ST,2009,BP,ACI,,BP,ACI,,2019,1.0
55951,Exelon Nuclear,2589.0,Nine Mile Point Nuclear Station,NY,NSS1,OP,,,, , ,, , ,,, ,,,,,,,, ,,, ,,,,,,,, ,,, ,, ,,,,,,,2019,3.0
55951,Exelon Nuclear,2589.0,Nine Mile Point Nuclear Station,NY,NSS2,OP,,,, , ,, , ,,, ,,,,,,,, ,,, ,,,,,,,, ,,, ,, ,,,,,,,2019,3.0
13923,NRG Oswego Harbor Power Operations Inc,2594.0,Oswego Harbor Power,NY,5,OP,N,N,, , ,ST,0.8,0,DP,TH,2016,SS,,,SS,,,ST,0.25,NP,DA,2014,OV,FR,LA,OV,FR,LA,ST,0.1,PB,PS,1976,XX, ,,,,,,,2019,1.0
13923,NRG Oswego Harbor Power Operations Inc,2594.0,Oswego Harbor Power,NY,6,OP,D,N,, , ,ST,0.8,0,DP,TH,2016,SS,,,SS,,,ST,0.22,NP,DA,2014,OV,FR,LA,OV,FR,LA,ST,0.1,PB,PS,1980,XX, ,,,,,,,2019,1.0
12792,"GenOn New York, LLC",2625.0,Bowline Point,NY,1,OP,N,N,, , ,ST,0.0037,0,SU,NV,1972,SS,,,SS,,,ST,0.25,NP,NV,1995,AA,,,AA,,,ST,0.1,PB,NV,1972,, ,,,,,,,2019,1.0
12792,"GenOn New York, LLC",2625.0,Bowline Point,NY,2,OP,N,N,, , ,ST,0.0037,0,SU,NV,1974,SS,,,SS,,,ST,0.25,NP,NV,1995,AA,,,AA,,,ST,0.1,PB,NV,1974,, ,,,,,,,2019,1.0
12792,"GenOn New York, LLC",2629.0,Lovett,NY,3,RE,N,,, , ,ST, , ,,, ,,,,,,,ST, ,,, ,,,,,,,ST, ,,, ,, ,,,,,,,2019,4.0
12792,"GenOn New York, LLC",2629.0,Lovett,NY,4,RE,N,,, , ,ST, , ,,, ,,,,,,,ST, ,,, ,,,,,,,ST, ,,, ,, ,,,,,,,2019,4.0
12792,"GenOn New York, LLC",2629.0,Lovett,NY,5,RE,N,,, , ,ST, , ,,, ,,,,,,,ST, ,,, ,,,,,,,ST, ,,, ,, ,,,,,,,2019,4.0
16183,Rochester Gas & Electric Corp,2642.0,Rochester 7,NY,1,RE,N,,, , ,ST, , ,,, ,,,,,,,ST, ,,, ,,,,,,,ST, ,,, ,, ,,,,,,,2019,4.0
16183,Rochester Gas & Electric Corp,2642.0,Rochester 7,NY,2,RE,N,,, , ,ST, , ,,, ,,,,,,,ST, ,,, ,,,,,,,ST, ,,, ,, ,,,,,,,2019,4.0
16183,Rochester Gas & Electric Corp,2642.0,Rochester 7,NY,3,RE,N,,, , ,ST, , ,,, ,,,,,,,ST, ,,, ,,,,,,,ST, ,,, ,, ,,,,,,,2019,4.0
16183,Rochester Gas & Electric Corp,2642.0,Rochester 7,NY,4,RE,N,,, , ,ST, , ,,, ,,,,,,,ST, ,,, ,,,,,,,ST, ,,, ,, ,,,,,,,2019,4.0
9645,Jamestown Board of Public Util,2682.0,S A Carlson,NY,10,OP,D,N,, , ,XX, , ,,, ,,,,,,,ST,0.06,NP,OH,2014,LN,,,LN,,,XX, ,,, ,XX, ,,,,,,,2019,2.0
9645,Jamestown Board of Public Util,2682.0,S A Carlson,NY,11,RE,,N,, , ,XX, , ,,, ,,,,,,,XX, ,,, ,,,,,,,XX, ,,, ,XX, ,,,,,,,2019,2.0
9645,Jamestown Board of Public Util,2682.0,S A Carlson,NY,12,RE,,N,, , ,XX, , ,,, ,,,,,,,XX, ,,, ,,,,,,,XX, ,,, ,XX, ,,,,,,,2019,2.0
9645,Jamestown Board of Public Util,2682.0,S A Carlson,NY,9,OP,D,N,, , ,XX, , ,,, ,,,,,,,ST,0.06,NP,OH,2014,LN,,,LN,,,XX, ,,, ,XX, ,,,,,,,2019,2.0
9645,Jamestown Board of Public Util,2682.0,S A Carlson,NY,HRSG,OP,,,, , ,XX, , ,,, ,,,,,,,ST,0.2,NP,OH,2001,,NP,,,NP,,XX, ,,, ,XX, ,,,,,,,2019,2.0
22129,Somerset Operating Co LLC,6082.0,Somerset Operating Co LLC,NY,1,OP,Da,N,, , ,FD,0.6,0.01,DP,MO,1984,IF,,,IF,,,ST,0.12,NP,DA,1995,LN,SR,,,,,FD,0.03,PB,NV,1984,ST,2010,SP,OT,,,,,2019,1.0
55951,Exelon Nuclear,6110.0,James A Fitzpatrick,NY,NSS1,OP,,,, , ,, , ,,, ,,,,,,,, ,,, ,,,,,,,, ,,, ,, ,,,,,,,2019,3.0
55951,Exelon Nuclear,6122.0,R E Ginna Nuclear Power Plant,NY,NSS1,OP,,,, , ,, , ,,, ,,,,,,,, ,,, ,,,,,,,, ,,, ,, ,,,,,,,2019,3.0
15296,New York Power Authority,7314.0,Richard M Flynn,NY,EIA01,OP,,,, , ,, , ,,, ,,,,,,,, ,,, ,,,,,,,, ,,, ,, ,,,,,,,2019,4.0
58651,"Allegany Generating Station, LLC",7784.0,Allegany Cogen,NY,HRSG,OP,Dc,N,, , ,FD,0.0006, ,DP,OH,1994,,,,,,,FD,9,NM,OH,1994,H20,SR,,H20,SR,,FD, ,,,1994,XX, ,,,,,,,2019,2.0
5511,CCI Roseton LLC,8006.0,Roseton Generating Facility,NY,1,OP,N,N,, , ,ST,0.55, ,SU,YR,1974,SS,,,SS,,,ST,0.15,NP,MO,1995,OV,FR,,OV,FR,,ST,0.1,PB,NV,1974,ST,1974,,,,,,,2019,1.0
5511,CCI Roseton LLC,8006.0,Roseton Generating Facility,NY,2,OP,N,N,, , ,ST,0.55, ,SU,YR,1974,SS,,,SS,,,ST,0.15,NP,MO,1995,OV,FR,,OV,FR,,ST,0.1,PB,NV,1974,ST,1974,,,,,,,2019,1.0
54863,U S Power Generating Company LLC,8906.0,Astoria Generating Station,NY,20,OP,N,N,, , ,ST,39.5,0,OT,NV,1972,WA,,,WA,,,ST,0.08,NP,OT,2014,LN,,,LN,,,ST,14.5,OT,NV,2005,, ,,,,,,,2019,1.0
54863,U S Power Generating Company LLC,8906.0,Astoria Generating Station,NY,30,OP,N,N,, , ,ST,0.3,0,SU,NV,1972,WA,,,WA,,,ST,0.15,NP,OT,2014,LN,,,FR,,,ST,0.1,PB,NV,1973,FD,2015,OT,,,OT,,,2019,1.0
54863,U S Power Generating Company LLC,8906.0,Astoria Generating Station,NY,40,OS,N,N,, , ,ST,0.3,0,SU,NV,1972,WA,,,WA,,,ST,0.15,NP,OT,2014,LN,,,LN,,,ST,0.1,PB,NV,1973,FD,2015,OT,,,OT,,,2019,1.0
54863,U S Power Generating Company LLC,8906.0,Astoria Generating Station,NY,50,OP,N,N,, , ,ST,0.3,0,SU,NV,1972,WA,,,WA,,,ST,0.15,NP,OT,2014,LN,,,LN,,,ST,0.1,PB,NV,1973,FD,2015,OT,,,OT,,,2019,1.0
6028,Entergy Nuclear Indian Point 3,8907.0,Indian Point 3,NY,NSS3,OP,,,, , ,, , ,,, ,,,,,,,, ,,, ,,,,,,,, ,,, ,, ,,,,,,,2019,3.0
5624,"RED-Rochester, LLC",10025.0,"RED-Rochester, LLC",NY,13,RE,N,,, , ,ST, , ,DP,YR,1988,,,,,,,ST, ,NP,DA,1995,,,,,,,ST,0.26,PB,OH,1995,, ,,,,,,,2019,1.0
5624,"RED-Rochester, LLC",10025.0,"RED-Rochester, LLC",NY,14,RE,N,,, , ,ST, , ,DP,YR,1988,,,,,,,ST, ,NP,DA,1995,,,,,,,ST,0.26,PB,OH,1995,, ,,,,,,,2019,1.0
5624,"RED-Rochester, LLC",10025.0,"RED-Rochester, LLC",NY,15,RE,N,,, , ,ST, , ,DP,YR,1988,,,,,,,ST, ,NP,DA,1995,,,,,,,ST,0.26,PB,OH,1972,, ,,,,,,,2019,1.0
5624,"RED-Rochester, LLC",10025.0,"RED-Rochester, LLC",NY,41,RE,N,N,, , ,FD,3.4, ,DP,YR,1988,SS,,,SS,,,FD,0.6,NP,DA,1995,FU,LA,,FU,LA,,ST,0.26,PB,OH,1972,,1972,,,,,,,2019,1.0
5624,"RED-Rochester, LLC",10025.0,"RED-Rochester, LLC",NY,42,RE,N,N,, , ,FD,3.4, ,DP,YR,1988,SS,,,SS,,,ST,0.6,NP,DA,1995,FU,LA,,FU,LA,,ST,0.26,PB,OH,1972,,1972,,,,,,,2019,1.0
5624,"RED-Rochester, LLC",10025.0,"RED-Rochester, LLC",NY,43,RE,N,N,, , ,FD,3.4, ,DP,YR,1988,SS,,,SS,,,ST,0.6,NP,DA,1995,FU,LA,,FU,LA,,ST,0.24,PB,OH,1972,,1972,,,,,,,2019,1.0
5624,"RED-Rochester, LLC",10025.0,"RED-Rochester, LLC",NY,44,OP,Da,N,, , ,FD,1.2, ,DP,NV,1987,SS,,,SS,,,ST,0.42,NP,DA,1995,FU,LA,,FU,LA,,FD,0.1,PB,NV,1987,,1987,,,,,,,2019,1.0
5624,"RED-Rochester, LLC",10025.0,"RED-Rochester, LLC",NY,45,OP,Db,Y,8-2699-00126/00001,9,2015,FD,1.2, ,DP,NV,2017,,,,,,,ST,0.15,NP,OT,2017,NP,,,NP,,,XX,0.2,PB,DA,2017,,2017,NP,,,NP,,,2019,1.0
5624,"RED-Rochester, LLC",10025.0,"RED-Rochester, LLC",NY,46,OP,Db,Y,8-2699-00126/00001,9,2015,XX, , ,,, ,,,,,,,ST,0.05,NP,OT,2018,NP,,,NP,,,, ,,, ,, ,,,,,,,2019,1.0
5624,"RED-Rochester, LLC",10025.0,"RED-Rochester, LLC",NY,47,OP,Db,Y,8-2699-00126/00001,9,2015,XX, , ,,, ,,,,,,,ST,0.05,NP,OT,2018,NP,,,NP,,,, ,,, ,,2017,,,,,,,2019,1.0
5624,"RED-Rochester, LLC",10025.0,"RED-Rochester, LLC",NY,48,OP,Db,Y,8-2699-00126/00001,9,2015,XX, , ,,, ,,,,,,,ST,0.05,NP,OT,2018,NP,,,NP,,,, ,,, ,,2017,,,,,,,2019,1.0
5624,"RED-Rochester, LLC",10025.0,"RED-Rochester, LLC",NY,PB1,OP,N,N,, , ,FD,1.65, ,DP,YR,1988,SS,,,SS,,,XX,0.6,NP,DA,1995,,,,,,,ST,0.2,PB,OH,1972,,1995,,,,,,,2019,1.0
5624,"RED-Rochester, LLC",10025.0,"RED-Rochester, LLC",NY,PB2,OP,N,N,, , ,FD,1.65, ,DP,YR,1988,SS,,,SS,,,XX,0.6,NP,DA,1995,,,,,,,ST,0.2,PB,OH,1972,,1995,,,,,,,2019,1.0
5624,"RED-Rochester, LLC",10025.0,"RED-Rochester, LLC",NY,PB3,OP,N,N,, , ,FD,1.65, ,DP,YR,1988,SS,,,SS,,,XX,0.6,NP,DA,1995,,,,,,,ST,0.2,PB,OH,1972,,1995,,,,,,,2019,1.0
5624,"RED-Rochester, LLC",10025.0,"RED-Rochester, LLC",NY,PB4,OP,N,N,, , ,FD,1.65, ,DP,YR,1988,SS,,,SS,,,XX,0.6,NP,DA,1995,,,,,,,ST,0.2,PB,OH,1972,,1995,,,,,,,2019,1.0
60741,Fortistar Castleton Power,10190.0,Castleton Energy Center,NY,HRSG-1,OP,Db,Y,4-3844-00008,2,2017,XX, , ,,, ,,,,,,,FD,25,NM,OH,1992,STM,,,,,,FD,0.01,PB,PS,1992,,1992,,,,,,,2019,2.0
1746,Black River Generation LLC,10464.0,ReEnergy Black River,NY,E0001,OP,N,,, , ,ST,0.2, ,DP,MO,2013,CF,,,CF,,,FD,0.17,NP,DA,2013,CF,LA,FU,CF,LA,FU,ST,0.0174,PB,PS,2013,FD,2018,,,,,,,2019,2.0
1746,Black River Generation LLC,10464.0,ReEnergy Black River,NY,E0002,OP,N,,, , ,ST,0.23, ,DP,MO,2013,CF,,,CF,,,FD,0.17,NH,DA,2013,CF,LA,FU,CF,LA,FU,ST,0.2,OP,SM,2013,, ,,,,,,,2019,2.0
1746,Black River Generation LLC,10464.0,ReEnergy Black River,NY,E0003,OP,N,,, , ,ST,0.23, ,DP,MO,2013,CF,,,CF,,,FD,0.17,NH,DA,2013,CF,LA,FU,CF,LA,FU,ST,0.2,OP,SM,2013,, ,,,,,,,2019,2.0
20541,Wheelabrator Environmental Systems,10503.0,Wheelabrator Hudson Falls,NY,SG201A,OP,Db,N,, , ,ST,29,0.75,DM,DA,1992,IF,,,IF,,,ST,205,NM,DA,2000,OV,,,OV,,,ST,2500,UG,,1992,ST,2000,ACI,,,ACI,,,2019,2.0
20541,Wheelabrator Environmental Systems,10503.0,Wheelabrator Hudson Falls,NY,SG201B,OP,Db,N,, , ,ST,29,0.75,DM,DA,1992,IF,,,IF,,,ST,205,NM,DA,2000,OV,,,OV,,,ST,2500,UG,,1992,ST,2000,ACI,,,ACI,,,2019,2.0
56174,Finch Paper LLC,10511.0,Finch Paper,NY,10,OP,N,N,, , ,ST,100, ,DC,NV,1987,OT,,,OT,,,ST,464,NM,MO,1995,,,,OT,,,FD, ,,,1987,,1987,,,,,,,2019,2.0
56174,Finch Paper LLC,10511.0,Finch Paper,NY,4,OP,N,N,, , ,XX, , ,,, ,,,,,,,ST,0.45,NP,MO,1995,OT,,,LN,,,FD,0.1,PB,,1995,, ,,,,,,,2019,2.0
56174,Finch Paper LLC,10511.0,Finch Paper,NY,5,OP,N,N,, , ,XX, , ,,, ,,,,,,,ST,0.45,NP,MO,1995,OT,,,LN,,,FD,0.1,PB,,1995,, ,,,,,,,2019,2.0
56174,Finch Paper LLC,10511.0,Finch Paper,NY,8,OP,N,N,, , ,ST,100, ,DM,OT,1977,OT,,,OT,,,ST,464,NM,MO,1995,,,,,,,, ,,, ,, ,,,,,,,2019,2.0
56174,Finch Paper LLC,10511.0,Finch Paper,NY,9,OP,N,N,, , ,XX, , ,,, ,,,,,,,ST,0.27,NP,MO,1995,OT,,,,,,FD,0.3,PB,,1981,, ,,,,,,,2019,2.0
60641,Veolia NA - Municipal & Commercial Business,10521.0,Lederle Laboratories,NY,BLR3,OP,,,, , ,, , ,,, ,,,,,,,, ,,, ,,,,,,,, ,,, ,, ,,,,,,,2019,4.0
60641,Veolia NA - Municipal & Commercial Business,10521.0,Lederle Laboratories,NY,BLR4,OP,,,, , ,, , ,,, ,,,,,,,, ,,, ,,,,,,,, ,,, ,, ,,,,,,,2019,4.0
60641,Veolia NA - Municipal & Commercial Business,10521.0,Lederle Laboratories,NY,BLR5,OP,,,, , ,, , ,,, ,,,,,,,, ,,, ,,,,,,,, ,,, ,, ,,,,,,,2019,4.0
60641,Veolia NA - Municipal & Commercial Business,10521.0,Lederle Laboratories,NY,WHSG1,OP,,,, , ,, , ,,, ,,,,,,,, ,,, ,,,,,,,, ,,, ,, ,,,,,,,2019,4.0
60641,Veolia NA - Municipal & Commercial Business,10521.0,Lederle Laboratories,NY,WHSG2,OP,,,, , ,, , ,,, ,,,,,,,, ,,, ,,,,,,,, ,,, ,, ,,,,,,,2019,4.0
58338,Lakeside Beaver Falls LLC,10617.0,CH Resources Beaver Falls,NY,HRSG50,OP,Db,,, , ,, , ,,, ,,,,,,,, ,,, ,SR,,,,,,, ,,, ,, ,,,,,,,2019,2.0
3085,Carthage Energy LLC,10620.0,Carthage Energy LLC,NY,HRSG,OP,,,, , ,XX, , ,,, ,,,,,,,ST,42,NM,OH,1991,STM,,,,,,, ,,, ,, ,,,,,,,2019,2.0
58337,Lakeside Syracuse LLC,10621.0,CH Resources Syracuse,NY,HRSG50,SB,Db,,, , ,, , ,,, ,,,,,,,, ,,, ,SR,,,,,,, ,,, ,, ,,,,,,,2019,2.0
473,Covanta Hempstead Company,10642.0,Covanta Hempstead,NY,1,OP,N,,, , ,FD,29,0.75,DM,DA,1989,IF,,,,,,ST,145.7,NH,OH,2004,SN,LA,,SN,LA,,, ,,, ,ST,2007,BR,SD,,BR,SD,,2019,2.0
473,Covanta Hempstead Company,10642.0,Covanta Hempstead,NY,2,OP,N,,, , ,FD,29,0.75,DM,DA,1989,IF,,,,,,ST,145.7,NH,OH,2004,SN,LA,,SN,LA,,, ,,, ,ST,2007,BR,SD,,BR,SD,,2019,2.0
473,Covanta Hempstead Company,10642.0,Covanta Hempstead,NY,3,OP,N,,, , ,FD,29,0.75,DM,DA,1989,IF,,,,,,ST,145.7,NH,OH,2004,SN,,,SN,,,, ,,, ,ST,2007,BR,SD,,BR,SD,,2019,2.0
16909,Selkirk Cogen Partners LP,10725.0,Selkirk Cogen,NY,HRSG1,OP,Db,N,, , ,ST,0.2,0,SU,NS,1992,,,,,,,ST,0.091,NP,NS,1992,SR,,,SR,,,ST,0.014,PB,NS,1992,, ,,,,,,,2019,1.0
16909,Selkirk Cogen Partners LP,10725.0,Selkirk Cogen,NY,HRSG2,OP,Db,N,, , ,ST,0.2,0,SU,NS,1994,,,,,,,ST,0.0181,NP,NS,1994,SR,,,SR,,,ST,0.014,PB,NS,1994,, ,,,,,,,2019,1.0
16909,Selkirk Cogen Partners LP,10725.0,Selkirk Cogen,NY,HRSG3,OP,Db,N,, , ,ST,0.2,0,SU,NS,1994,,,,,,,ST,0.0181,NP,NS,1994,SR,,,SR,,,ST,0.014,PB,NS,1994,, ,,,,,,,2019,1.0
40052,AG Energy LP,10803.0,Ogdensburg Power,NY,HRSG A,OS,,,, , ,, , ,,, ,,,,,,,, ,,, ,,,,,,,, ,,, ,, ,,,,,,,2019,2.0
24457,Calpine Eastern Corp,50292.0,Bethpage Power Plant,NY,HRSG1,OP,,,, , ,XX, , ,,, ,,,,,,,ST,42,NM,OH,1987,STM,,,STM,,,, ,,, ,, ,,,,,,,2019,2.0
24457,Calpine Eastern Corp,50292.0,Bethpage Power Plant,NY,HRSG2,OP,,,, , ,XX, , ,,, ,,,,,,,ST,42,NM,OH,1987,STM,,,STM,,,, ,,, ,, ,,,,,,,2019,2.0
24457,Calpine Eastern Corp,50292.0,Bethpage Power Plant,NY,HRSG3,OP,,,, , ,, , ,,, ,,,,,,,ST,2.5,NM,OH,2005,SR,,,SR,,,, ,,, ,, ,,,,,,,2019,2.0
9245,Indeck-Energy Serv Silver Spg,50449.0,Indeck Silver Springs Energy Center,NY,HRSG1,OP,N,N,, , ,XX, , ,,, ,,,,,,,FD,32,NM,OH,1991,STM,,,,,,XX, ,,, ,XX, ,,,,,,,2019,2.0
9244,Indeck-Oswego Ltd Partnership,50450.0,Indeck Oswego Energy Center,NY,HRSG1,OP,N,N,, , ,XX, , ,,, ,,,,,,,ST,25,NM,DA,1990,STM,,,,,,XX, ,,, ,FD,1990,,,,,,,2019,2.0
9243,Indeck-Yerkes Ltd Partnership,50451.0,Indeck Yerkes Energy Center,NY,HRSG1,OP,N,N,, , ,XX, , ,,, ,,,,,,,FD,42,NM,OH,1990,STM,,,,,,XX, ,,, ,FD,1990,,,,,,,2019,2.0
9263,Indeck-Corinth Ltd Partnership,50458.0,Indeck Corinth Energy Center,NY,HRSG1,OP,N,,, , ,XX, , ,,, ,,,,,,,ST,9,NM,OH,1995,LN,SR,H20,LN,SR,H20,XX, ,,, ,FD,1995,,,,,,,2019,2.0
470,Covanta Energy of Niagara LP,50472.0,"Covanta Niagara I, LLC",NY,BLR1,OP,D,Y,9-2911-00113/00039,5,2014,ST,0.3, ,DH,OH,1981,,,,OT,,,ST,0.08,NP,OH,1981,SN,,,SN,,,ST,20,OP,SM,1991,ST,1981,,,,,,,2019,2.0
470,Covanta Energy of Niagara LP,50472.0,"Covanta Niagara I, LLC",NY,BLR2,OP,D,Y,9-2911-00113/00039,5,2014,ST,0.3, ,DH,OH,1981,,,,OT,,,ST,0.08,NP,OH,1981,SN,,,SN,,,ST,20,OP,SM,1991,, ,,,,,,,2019,2.0
470,Covanta Energy of Niagara LP,50472.0,"Covanta Niagara I, LLC",NY,BLR3,OP,D,Y,9-2911-00113/00039,5,2014,FD,29,0.8,DM,OH,1996,IF,,,IF,,,FD,150,NM,DA,1996,SN,,,SN,,,FD,11.2,PH,OH,1996,FD,1996,ACI,BR,SD,ACI,BR,SD,2019,2.0
470,Covanta Energy of Niagara LP,50472.0,"Covanta Niagara I, LLC",NY,BLR4,OP,D,Y,9-2911-00113/00039,5,2014,FD,29,0.8,DM,OH,1996,IF,,,IF,,,FD,150,NM,DA,1996,SN,,,SN,,,FD,11.2,PH,OH,1996,FD,1996,ACI,BR,SD,ACI,BR,SD,2019,2.0
4484,Covanta Babylon Inc,50649.0,Covanta Babylon Inc,NY,1,OP,N,,, , ,FD,29,0.75,DM,DA,1989,IF,,,IF,,,ST,150,NH,DA,1989,SN,,,SN,,,, ,,, ,ST,1989,ACI,,,ACI,,,2019,2.0
4484,Covanta Babylon Inc,50649.0,Covanta Babylon Inc,NY,2,OP,N,,, , ,FD,29,0.75,DM,DA,1989,IF,,,IF,,,ST,150,NM,DA,1989,SN,,,SN,,,, ,,, ,ST,1989,ACI,,,ACI,,,2019,2.0
9097,Huntington Resource Recovery,50656.0,Huntington Resource Recovery Facility,NY,UNIT1,OP,N,,, , ,FD,29,0.75,DM,DA,1991,IF,,,ND,,,ST,185,NM,TH,1991,SN,,,SN,,,, ,,, ,ST,1991,ACI,BP,,ACI,BP,,2019,2.0
9097,Huntington Resource Recovery,50656.0,Huntington Resource Recovery Facility,NY,UNIT2,OP,N,,, , ,FD,29,0.75,DM,DA,1991,IF,,,,,,ST,185,NM,TH,1991,SN,,,SN,,,, ,,, ,ST,1991,ACI,BP,,ACI,BP,,2019,2.0
9097,Huntington Resource Recovery,50656.0,Huntington Resource Recovery Facility,NY,UNIT3,OP,N,,, , ,FD,29,0.75,DM,DA,1991,IF,,,,,,ST,185,NM,TH,1991,SN,,,SN,,,, ,,, ,ST,1991,ACI,BP,,ACI,BP,,2019,2.0
4487,Covanta Onondega LP,50662.0,Onondaga County Resource Recovery,NY,UNIT1,OP,Db,Y,7-3142-00028/00009,8,2011,ST,29,0.85,DM,DA,1995,,,,,,,ST,180,NM,DA,1995,NH3,SN,,NH3,SN,,FD, ,,,1995,ST,1995,ACI,SD,BP,ACI,SD,BP,2019,2.0
4487,Covanta Onondega LP,50662.0,Onondaga County Resource Recovery,NY,UNIT2,OP,Db,Y,7-3142-00028/00009,8,2011,ST,29,0.85,DM,DA,1995,,,,,,,ST,180,NM,DA,1995,NH3,SN,,NH3,SN,,FD, ,,,1995,ST,1995,ACI,SD,BP,ACI,SD,BP,2019,2.0
4487,Covanta Onondega LP,50662.0,Onondaga County Resource Recovery,NY,UNIT3,OP,Db,Y,7-3142-00028/00009,8,2011,ST,29,0.85,DM,DA,1995,,,,,,,ST,180,NM,DA,1995,NH3,SN,,NH3,SN,,FD, ,,,1995,ST,1995,ACI,SD,BP,ACI,SD,BP,2019,2.0
14182,Sterling Power Partners LP,50744.0,Sterling Power Plant,NY,HRSG,OP,,,, , ,, , ,,, ,,,,,,,, ,,, ,,,,,,,, ,,, ,, ,,,,,,,2019,4.0
20541,Wheelabrator Environmental Systems,50882.0,Wheelabrator Westchester,NY,1,OP,N,,, , ,FD,29,0.77,DM,DA,1999,IF,,,IF,,,ST,184,NM,DA,1999,SN,,,SN,,,FD,10,OP,SM,1999,ST,1999,ACI,,,ACI,,,2019,2.0
20541,Wheelabrator Environmental Systems,50882.0,Wheelabrator Westchester,NY,2,OP,N,,, , ,FD,29, ,DM,DA,1999,IF,,,IF,,,ST,184,NM,DA,1999,SN,,,SN,,,, ,,, ,ST,1999,ACI,,,ACI,,,2019,2.0
20541,Wheelabrator Environmental Systems,50882.0,Wheelabrator Westchester,NY,3,OP,N,,, , ,FD,29, ,DM,DA,1999,IF,,,IF,,,ST,184,NM,DA,1999,SN,,,SN,,,ST, ,,,1999,ST,1999,ACI,,,ACI,,,2019,2.0
24202,Carr Street Generating Sta LP,50978.0,Carr Street Generating Station,NY,HRSG1,OP,,,, , ,, , ,,, ,,,,,,,, ,,, ,,,,,,,, ,,, ,, ,,,,,,,2019,4.0
24202,Carr Street Generating Sta LP,50978.0,Carr Street Generating Station,NY,HRSG2,OP,,,, , ,, , ,,, ,,,,,,,, ,,, ,,,,,,,, ,,, ,, ,,,,,,,2019,4.0
56601,Covanta MacArthur Renewable Energy,51038.0,MacArthur Waste to Energy Facility,NY,B1,OP,D,,, , ,FD,31,0.75,DM,DA,1990,IF,,,IF,,,FD,170,NM,DA,1990,OV,LA,OT,OV,LA,OT,, ,,, ,FD,1990,ACI,,,ACI,,,2019,2.0
56601,Covanta MacArthur Renewable Energy,51038.0,MacArthur Waste to Energy Facility,NY,B2,OP,D,,, , ,FD,31,0.75,DM,DA,1990,IF,,,IF,,,FD,170,NM,DA,1990,OV,LA,,OV,LA,,, ,,, ,FD,1990,ACI,,,ACI,,,2019,2.0
19153,Nassau Energy Corp,52056.0,Nassau Energy Corp,NY,4,OP,,N,, , ,XX, , ,,, ,,,,,,,ST,42,NM,OH,1995,STM,,,,,,XX, ,,, ,ST,2008,,,,,,,2019,2.0
24210,Riverbay Corp,52168.0,Riverbay,NY,U00003,OP,,,, , ,, , ,,, ,,,,,,,ST,0.1,NH,OH,2011,LN,,,LN,,,, ,,, ,,2011,,,,,,,2019,2.0
24210,Riverbay Corp,52168.0,Riverbay,NY,U00004,OP,,,, , ,, , ,,, ,,,,,,,ST,2.5,NM,TH,2011,SR,,,SR,,,, ,,, ,ST,2011,,,,,,,2019,2.0
24210,Riverbay Corp,52168.0,Riverbay,NY,U00006,OP,,,, , ,, , ,,, ,,,,,,,ST,2.5,NM,TH,2011,SR,,,SR,,,, ,,, ,ST,2011,,,,,,,2019,2.0
24210,Riverbay Corp,52168.0,Riverbay,NY,U00008,CN,,,, , ,, , ,,, ,,,,,,,, ,,, ,,,,,,,, ,,, ,, ,,,,,,,2019,2.0
6838,Rensselaer Generating LLC,54034.0,Rensselaer Cogen,NY,HRSG,OP,Db,N,, , ,ST,0.0015, ,SU,DT,2014,SS,,,,,,ST,9,NM,OH,1994,,SR,STM,,SR,STM,FD,3.6,PH,OH,1994,XX,1994,,,,,,,2019,2.0
11127,Lockport Energy Associates LP,54041.0,Lockport Energy Associates LP,NY,4,OP,Db,N,, , ,ST,0.15, ,DP,YR,1992,SS,,,SS,,,ST,0.14,NP,YR,1993,STM,,,STM,,,, ,,, ,FD,1992,,,,,,,2019,2.0
9261,Indeck-Olean Ltd Partnership,54076.0,Indeck Olean Energy Center,NY,HRSG1,OP,N,N,, , ,XX, , ,,, ,,,,,,,ST,9,NM,OH,1994,SR,STM,,SR,STM,,ST,0.004,PB,,1994,XX,1994,,,,,,,2019,2.0
9350,IPC-Ticonderoga,54099.0,Ticonderoga Mill,NY,PB1,OP,,,, , ,FD,435, ,DH,TH,1996,IF,,,IF,,,ST,0.22,NP,DA,2015,LN,OV,,LN,OV,,, ,,, ,FD,2017,,,,,,,2019,2.0
9350,IPC-Ticonderoga,54099.0,Ticonderoga Mill,NY,RB1,OP,N,,, , ,XX, , ,,, ,,,,,,,ST,100,NM,PS,1995,NP,,,NP,,,, ,,, ,XX, ,,,,,,,2019,2.0
10349,KIAC Partners,54114.0,Kennedy International Airport Cogen,NY,HRSG1,OP,N,N,, , ,, , ,,, ,,,,,,,FD,9.01,NM,OH,1994,SR,,,SR,,,, ,,, ,, ,,,,,,,2019,2.0
10349,KIAC Partners,54114.0,Kennedy International Airport Cogen,NY,HRSG2,OP,N,N,, , ,, , ,,, ,,,,,,,FD,9.01,NM,OH,1994,SR,,,SR,,,, ,,, ,, ,,,,,,,2019,2.0
50136,North American Energy Services,54131.0,Fortistar North Tonawanda,NY,HR123,OP,Db,N,, , ,ST,0.15, ,DP,YR,1992,SS,,,SS,,,ST,0.14,NP,YR,1992,STM,,,STM,,,, ,,, ,FD,1992,,,,,,,2019,2.0
57431,ReEnergy Biomass LLC,54526.0,ReEnergy Lyonsdale Biomass,NY,00001,RE,,,, , ,XX, , ,,, ,,,,,,,ST,0.2,NP,OH,1992,,,,,,,FD, ,,,1992,,1992,,,,,,,2019,2.0
17254,Sithe/Independence LLC,54547.0,Sithe Independence Station,NY,HRSG 1,OP,Db,N,, , ,ST,0.0006,0,DP,YR,1995,WA,,,WA,,,ST,0.0173,NH,OH,1995,SR,,,,,,ST,0.0011,PH,OH,1995,, ,,,,,,,2019,1.0
17254,Sithe/Independence LLC,54547.0,Sithe Independence Station,NY,HRSG 2,OP,Db,N,, , ,ST,0.0006,0,DP,YR,1995,WA,,,WA,,,ST,0.018,NH,OH,1995,SR,,,,,,ST,0.0011,PH,OH,1995,, ,,,,,,,2019,1.0
17254,Sithe/Independence LLC,54547.0,Sithe Independence Station,NY,HRSG 3,OP,Db,N,, , ,ST,0.0006,0,DP,YR,1995,WA,,,WA,,,ST,0.0188,NH,OH,1995,SR,,,,,,ST,0.0011,PH,OH,1995,, ,,,,,,,2019,1.0
17254,Sithe/Independence LLC,54547.0,Sithe Independence Station,NY,HRSG 4,OP,Db,N,, , ,ST,0.0006,0,DC,YR,1995,WA,,,WA,,,ST,0.0184,NH,OH,1995,SR,,,,,,ST,0.0011,PH,OH,1995,, ,,,,,,,2019,1.0
16729,Saranac Power Partners LP,54574.0,Saranac Facility,NY,HRSG1,OP,Da,N,, , ,XX, , ,,, ,,,,,,,FD,0.033,NP,TH,1994,LN,NH3,SR,,,,FD,0.0062,PB,TH,1994,XX, ,,,,,,,2019,2.0
16729,Saranac Power Partners LP,54574.0,Saranac Facility,NY,HRSG2,OP,Da,N,, , ,XX, , ,,, ,,,,,,,FD,0.033,NP,TH,1994,NH3,SR,LN,,,,FD,0.0062,PB,TH,1994,XX, ,,,,,,,2019,2.0
15253,Power City Partners LP,54592.0,Massena Energy Facility,NY,HRSG1,OP,Db,N,, , ,XX, , ,,, ,,,,,,,ST,9,NM,OH,1992,SR,STM,,,,,, ,,, ,, ,,,,,,,2019,2.0
16839,Seneca Power Partners LP,54593.0,Batavia Power Plant,NY,HRSG,OP,,,, , ,, , ,,, ,,,,,,,, ,,, ,,,,,,,, ,,, ,, ,,,,,,,2019,4.0
2313,Brooklyn Navy Yard Cogen PLP,54914.0,Brooklyn Navy Yard Cogeneration,NY,HRSG1,OP,,,, , ,, , ,,, ,,,,,,,, ,,, ,,,,,,,, ,,, ,, ,,,,,,,2019,4.0
2313,Brooklyn Navy Yard Cogen PLP,54914.0,Brooklyn Navy Yard Cogeneration,NY,HRSG2,OP,,,, , ,, , ,,, ,,,,,,,, ,,, ,,,,,,,, ,,, ,, ,,,,,,,2019,4.0
22979,Astoria Energy LLC,55375.0,Astoria Energy,NY,HRSG1,OP,Db,Y,2-6301-00072/00014,12,2001,FD,0.0015,0,DP,PS,2006,WA,,,WA,,,FD,2,NM,TH,2006,H20,SR,,H20,SR,,FD,0.01,PB,PS,2006,ST,2006,,,,,,,2019,1.0
22979,Astoria Energy LLC,55375.0,Astoria Energy,NY,HRSG2,OP,Db,Y,2-6301-00072/00014,12,2001,FD,0.0015,0,DP,PS,2006,WA,,,WA,,,FD,2,NH,TH,2006,H20,SR,,H20,SR,,FD,0.01,PB,PS,2006,LO,2006,,,,,,,2019,1.0
32173,New Athens Generating Company LLC,55405.0,Athens Generating Plant,NY,HRSG01,OP,,,, , ,, , ,,, ,,,,,,,, ,,, ,,,,,,,, ,,, ,, ,,,,,,,2019,3.0
32173,New Athens Generating Company LLC,55405.0,Athens Generating Plant,NY,HRSG02,OP,,,, , ,, , ,,, ,,,,,,,, ,,, ,,,,,,,, ,,, ,, ,,,,,,,2019,3.0
32173,New Athens Generating Company LLC,55405.0,Athens Generating Plant,NY,HRSG03,OP,,,, , ,, , ,,, ,,,,,,,, ,,, ,,,,,,,, ,,, ,, ,,,,,,,2019,3.0
49837,Pinelawn Power LLC,56188.0,Pinelawn Power LLC,NY,001,op,Db,N,, , ,XX, , ,,, ,,,,,,,FD,4.33,NH,NV,2005,SR,H20,NH3,,,,FD,0.1,PB,WO,2005,XX, ,,,,,,,2019,2.0
15296,New York Power Authority,56196.0,500MW CC,NY,7A,OP,,,, , ,, , ,,, ,,,,,,,, ,,, ,,,,,,,, ,,, ,, ,,,,,,,2019,3.0
15296,New York Power Authority,56196.0,500MW CC,NY,7B,OP,,,, , ,, , ,,, ,,,,,,,, ,,, ,,,,,,,, ,,, ,, ,,,,,,,2019,3.0
49950,"Caithness Long Island, LLC",56234.0,Caithness Long Island Energy Center,NY,HRSG01,OP,Da,N,, , ,, , ,,, ,,,,,,,ST,2,NM,TH,2009,SR,,,SR,,,, ,,, ,, ,,,,,,,2019,1.0
56480,Empire Generating Co LLC,56259.0,Empire Generating Co LLC,NY,HRSG11,OP,N,Y,4-3814-00082/00009,7,2014,FD,0.06,0,DP,NV,2010,WA,SS,,WA,SS,,ST,2,NM,TH,2010,SR,NH3,LN,SR,NH3,LN,ST,0.012,PB,PS,2010,XX, ,,,,,,,2019,1.0
56480,Empire Generating Co LLC,56259.0,Empire Generating Co LLC,NY,HRSG12,OP,N,Y,3814-00052/0003,7,2014,FD,0.06,0,DP,NV,2010,WA,OT,,WA,OT,,ST,2,NM,TH,2010,SR,NH3,LN,SR,NH3,LN,ST,0.012,PB,PS,2010,, ,,,,,,,2019,1.0
56204,"CPV Valley, LLC",56940.0,CPV Valley Energy Center,NY,HRSG1,OP,Db,N,, , ,ST,0.0015,0,SB,DT,2018,SS,,,WA,WA,WA,ST,2,NM,OH,2018,NH3,SR,LN,NH3,SR,LN,ST,0.0073,PB,OH,2018,XX, ,,,,,,,2019,1.0
56204,"CPV Valley, LLC",56940.0,CPV Valley Energy Center,NY,HRSG2,OP,Db,N,, , ,ST,0.0015,0,SB,DT,2018,SS,,,WA,WA,WA,ST,2,NM,OH,2018,NH3,SR,LN,NH3,SR,LN,ST,0.0073,PB,OH,2018,XX, ,,,,,,,2019,1.0
56534,Cricket Valley Energy Center LLC,57185.0,Cricket Valley Energy,NY,U1HRSG,PL,Db,Y,3-1326-00275/00009,2,2016,XX, , ,DP,NV,2020,,,,SS,,,ST,2,NM,OH,2020,,,,SR,,,ST,0.00065,PB,NV,2020,XX, ,,,,,,,2019,1.0
56534,Cricket Valley Energy Center LLC,57185.0,Cricket Valley Energy,NY,U2HRSG,PL,Db,Y,3-1326-00275/00009,2,2016,FD, , ,DP,NV,2020,,,,SS,,,ST, ,NP,NV,2020,,,,SR,,,FD,0.007,PB,NV,2020,, ,,,,,,,2019,1.0
56534,Cricket Valley Energy Center LLC,57185.0,Cricket Valley Energy,NY,U3HRSG,PL,Db,Y,3-1326-00275/00009,2,2016,FD, , ,DP,NV,2020,,,,SS,,,ST, ,NP,NV,2020,,,,SR,,,FD,0.007,PB,NV,2020,XX, ,,,,,,,2019,1.0
56991,Astoria Energy II LLC,57664.0,Astoria Energy II,NY,HRSG3,OP,Db,Y,2-6301-00072/00014,12,2001,ST,0.0015,0,DP,PS,2011,WA,,,WA,,,ST,2,NM,PS,2011,,SR,H20,,SR,H20,FD,0.01,PB,PS,2011,, ,,,,,,,2019,1.0
56991,Astoria Energy II LLC,57664.0,Astoria Energy II,NY,HRSG4,OP,Db,Y,2-6301-00072/00014,12,2001,ST,0.0015,0,DP,PS,2011,WA,,,WA,,,FD,2,NM,PS,2011,,SR,H20,,SR,H20,FD,0.01,PB,OH,2011,, ,,,,,,,2019,1.0
58107,University of Rochester,58157.0,University of Rochester,NY,10,OP,Db,N,, , ,ST,0.0015, ,SU,NS,2016,SS,,,SS,,,ST,0.11,NH,PS,2016,LN,,,LN,,,XX, ,,, ,XX,2016,,,,,,,2019,2.0
58107,University of Rochester,58157.0,University of Rochester,NY,5,OP,Db,N,, , ,ST,0.0015, ,SU,NS,1998,SS,,,SS,,,ST,0.11,NH,PS,1998,LN,,,LN,,,, ,,, ,XX,1998,,,,,,,2019,2.0
58107,University of Rochester,58157.0,University of Rochester,NY,6,OP,Db,N,, , ,ST,0.0015, ,SU,NS,1998,SS,,,SS,,,ST,0.858,NH,PS,1998,LN,,,LN,,,, ,,, ,XX,1998,,,,,,,2019,2.0
58107,University of Rochester,58157.0,University of Rochester,NY,7,OP,Db,N,, , ,ST,0.0015, ,SU,NS,1998,SS,,,SS,,,ST,0.561,NH,PS,1998,LN,,,LN,,,, ,,, ,XX,1998,,,,,,,2019,2.0
58107,University of Rochester,58157.0,University of Rochester,NY,9,OP,Db,N,, , ,XX,0.0015, ,SU,NS,2005,SS,,,SS,,,ST,0.56,NH,PS,2005,LN,FR,,LN,FR,,, ,,, ,XX, ,,,,,,,2019,2.0
58971,Danskammer Energy,2480.0,Danskammer Generating Station,NY,1,OP,N,N,, , ,ST,1.1,0,SB,NV,1972,,,,,,,ST,0.42,NP,DA,1995,BF,LA,LN,,,,ST,20,OP,SM,1972,, ,,,,,,,2020,1.0
58971,Danskammer Energy,2480.0,Danskammer Generating Station,NY,2,OP,N,N,, , ,ST,1.1,0,SB,NV,1972,OT,,,,,,ST,0.42,NP,DA,1995,BF,LA,,,,,ST,20,OP,SM,1972,,1972,,,,,,,2020,1.0
58971,Danskammer Energy,2480.0,Danskammer Generating Station,NY,3,OP,N,N,, , ,ST,1.1,0,SB,DA,1987,OT,,,,,,ST,0.42,NP,DA,1995,OV,LN,,OV,LN,,ST,20,OP,SM,1987,, ,,,,,,,2020,1.0
58971,Danskammer Energy,2480.0,Danskammer Generating Station,NY,4,OP,N,N,, , ,ST,1.1,0,SB,DA,1987,OT,,,,,,ST,0.42,NP,DA,1995,OV,LN,,OV,LN,,ST,20,OP,SM,1987,, ,,,,,,,2020,1.0
13192,NRG Arthur Kill Operations Inc,2490.0,Arthur Kill Generating Station,NY,20,OP,N,N,, , ,ST,0.2, ,SU,NV,1972,,,,,,,LO,0.15,NM,NV,1995,LA,LN,OV,LA,LN,OV,ST,0.1,PB,NV,1971,, ,,,,,,,2020,1.0
13192,NRG Arthur Kill Operations Inc,2490.0,Arthur Kill Generating Station,NY,30,OP,N,N,, , ,ST,0.2, ,SU,NV,1972,,,,,,,ST,0.15,NM,NV,1995,LA,LN,OV,LA,LN,OV,ST,0.1,PB,NV,1971,, ,,,,,,,2020,1.0
15296,New York Power Authority,2491.0,Charles Poletti,NY,001,RE,N,,, , ,ST, , ,,, ,,,,,,,ST, ,,, ,,,,,,,ST, ,,, ,, ,,,,,,,2020,4.0
4226,Consolidated Edison Co-NY Inc,2493.0,East River,NY,60,OP,N,N,, , ,ST,0.3,0,SU,NV,1972,SS,WA,,SS,WA,,LO,0.15,NM,NV,1995,OV,LA,,LN,,,ST,0.1,PB,NV,1973,, ,,,,,,,2020,1.0
4226,Consolidated Edison Co-NY Inc,2493.0,East River,NY,70,OP,N,N,, , ,ST,0.3,0,SU,NV,1972,SS,WA,,SS,WA,,LO,0.15,NM,NV,1995,OV,FR,,LN,,,ST,0.1,PB,NV,1973,, ,,,,,,,2020,1.0
6027,Entergy Nuclear Indian Point 2,2497.0,Indian Point 2,NY,NSS2,RE,,,, , ,, , ,,, ,,,,,,,, ,,, ,,,,,,,, ,,, ,, ,,,,,,,2020,3.0
61130,"Helix Ravenswood, LLC",2500.0,Ravenswood,NY,10,OP,N,N,, , ,ST,0.3,0,SU,NV,1972,,WA,,,WA,,ST,0.15,NP,OH,1995,OV,,,OV,,,ST,0.1,PB,PS,1973,FD,2014,,,,,,,2020,1.0
61130,"Helix Ravenswood, LLC",2500.0,Ravenswood,NY,20,OP,N,N,, , ,ST,0.3,0,SU,NV,1972,,WA,,,WA,,ST,0.15,NP,OH,1995,OV,,,OV,,,ST,0.1,PB,PS,1973,FD,2014,,,,,,,2020,1.0
61130,"Helix Ravenswood, LLC",2500.0,Ravenswood,NY,30,OP,N,N,, , ,ST,0.3,0,SU,NV,1972,,WA,,,WA,,ST,0.15,NP,OH,1995,OV,,,OV,,,ST,0.1,PB,PS,1971,FD,2014,,,,,,,2020,1.0
61130,"Helix Ravenswood, LLC",2500.0,Ravenswood,NY,40,OP,N,N,, , ,ST,0.0071, ,DP,OH,2005,SS,,,SS,,,ST,0.038,NP,TH,2005,SR,LN,H20,SR,LN,H20,ST,0.021,PB,PS,2005,FD,2014,,,,,,,2020,1.0
4226,Consolidated Edison Co-NY Inc,2502.0,Waterside,NY,61,RE,N,,, , ,ST, , ,,, ,,,,,,,LO, ,,, ,,,,,,,ST, ,,, ,, ,,,,,,,2020,4.0
4226,Consolidated Edison Co-NY Inc,2502.0,Waterside,NY,62,RE,N,,, , ,ST, , ,,, ,,,,,,,LO, ,,, ,,,,,,,ST, ,,, ,, ,,,,,,,2020,4.0
4226,Consolidated Edison Co-NY Inc,2502.0,Waterside,NY,80,RE,N,,, , ,ST, , ,,, ,,,,,,,LO, ,,, ,,,,,,,ST, ,,, ,, ,,,,,,,2020,4.0
4226,Consolidated Edison Co-NY Inc,2502.0,Waterside,NY,90,RE,N,,, , ,ST, , ,,, ,,,,,,,LO, ,,, ,,,,,,,ST, ,,, ,, ,,,,,,,2020,4.0
56505,National Grid Generation LLC,2511.0,E F Barrett,NY,10,OP,N,N,, , ,ST,0.401,0,SU,NV,1971,SS,,,SS,,,ST,0.15,NP,OH,1995,,,,ND,,,ST,0.1,PB,NV,1971,, ,,,,,,,2020,1.0
56505,National Grid Generation LLC,2511.0,E F Barrett,NY,20,OP,N,N,, , ,ST,0.401,0,SU,NV,1971,SS,,,SS,,,ST,0.1,NP,OH,1995,OV,,,ND,,,ST,0.1,PB,NV,1971,, ,,,,,,,2020,1.0
56505,National Grid Generation LLC,2513.0,Far Rockaway,NY,40,RE,N,N,, , ,ST, , ,SU,NV,1971,,,,,,,ST, ,NP,OH,1995,,,,,,,ST,0.1,PB,NV,1971,, ,,,,,,,2020,4.0
56505,National Grid Generation LLC,2514.0,Glenwood,NY,40,RE,N,N,, , ,ST, , ,SU,NV,1971,,,,,,,ST, ,NP,OH,1995,,,,,,,ST,0.1,PB,NV,1971,, ,,,,,,,2020,4.0
56505,National Grid Generation LLC,2514.0,Glenwood,NY,50,RE,N,N,, , ,ST, , ,SU,NV,1971,,,,,,,ST, ,NP,OH,1995,,,,,,,ST,0.1,PB,NV,1971,, ,,,,,,,2020,4.0
56505,National Grid Generation LLC,2516.0,Northport,NY,1,OP,N,N,, , ,ST,0.55,0,SU,NV,1976,SS,,,SS,,,ST,0.1,NP,OH,1995,OV,,,ND,,,ST,0.1,PB,NV,1971,FD,2014,,,,,,,2020,1.0
56505,National Grid Generation LLC,2516.0,Northport,NY,2,OP,N,N,, , ,ST,0.55,0,SU,NV,1976,SS,,,SS,,,ST,0.1,NP,OH,1995,OV,,,ND,,,ST,0.1,PB,NV,1971,FD,2014,,,,,,,2020,1.0
56505,National Grid Generation LLC,2516.0,Northport,NY,3,OP,N,N,, , ,ST,0.55,0,SU,NV,1976,SS,,,SS,,,ST,0.1,NP,OH,1995,OV,,,ND,,,ST,0.1,PB,NV,1972,FD,2014,,,,,,,2020,1.0
56505,National Grid Generation LLC,2516.0,Northport,NY,4,OP,D,N,, , ,ST,0.55,0,SU,NV,1977,SS,,,SS,,,ST,0.1,NP,OH,1995,OV,,,ND,,,ST,0.1,PB,NV,1977,FD,2014,,,,,,,2020,1.0
56505,National Grid Generation LLC,2517.0,Port Jefferson,NY,1,RE,N,N,, , ,XX, , ,,, ,,,,,,,XX, ,,, ,,,,,,,XX, ,,, ,XX, ,,,,,,,2020,1.0
56505,National Grid Generation LLC,2517.0,Port Jefferson,NY,2,RE,N,N,, , ,XX, , ,,, ,,,,,,,XX, ,,, ,,,,,,,XX, ,,, ,XX, ,,,,,,,2020,1.0
56505,National Grid Generation LLC,2517.0,Port Jefferson,NY,3,OP,N,N,, , ,ST,0.55,0,SU,NV,1976,SS,,,SS,,,ST,0.15,NP,OH,1995,OV,,,ND,,,ST,0.1,PB,NV,1971,FD,2014,,,,,,,2020,1.0
56505,National Grid Generation LLC,2517.0,Port Jefferson,NY,4,OP,N,N,, , ,ST,0.55,0,SU,NV,1976,SS,,,SS,,,ST,0.15,NP,OH,1995,OV,,,ND,,,ST,0.1,PB,NV,1971,FD,2014,,,,,,,2020,1.0
25,Greenidge Generation Holdings LLC,2527.0,Greenidge Generation LLC,NY,4,RE,N,Y,8-5736-00004/00017,9,2016,ST, , ,,,1988,IF,,,SS,,,ST, ,NP,DA,1995,,,,,,,ST,0.28,PB,NV,1971,ST,2009,,,,,,,2020,1.0
25,Greenidge Generation Holdings LLC,2527.0,Greenidge Generation LLC,NY,5,RE,N,N,, , ,ST, , ,SB,MO,1988,,,,,,,ST, ,NP,DA,1995,,,,,,,ST,0.28,PB,NV,1971,ST,2009,,,,,,,2020,1.0
25,Greenidge Generation Holdings LLC,2527.0,Greenidge Generation LLC,NY,6,OP,D,Y,8-5736-00004/00016,9,2016,ST,0.19,0.95,SB,OH,2007,IF,,,SS,,,ST,0.12,NP,OT,1995,AA,LN,SR,SN,,,ST,0.22,PB,NV,1970,ST,2007,BP,CD,ACI,BP,CD,ACI,2020,1.0
14294,PSEG Power New York Inc,2539.0,Bethlehem Energy Center,NY,1,RE,,,, , ,, , ,,, ,,,,,,,, ,,, ,,,,,,,, ,,, ,, ,,,,,,,2020,1.0
14294,PSEG Power New York Inc,2539.0,Bethlehem Energy Center,NY,2,RE,,,, , ,, , ,,, ,,,,,,,, ,,, ,,,,,,,, ,,, ,, ,,,,,,,2020,1.0
14294,PSEG Power New York Inc,2539.0,Bethlehem Energy Center,NY,3,RE,,,, , ,, , ,,, ,,,,,,,, ,,, ,,,,,,,, ,,, ,, ,,,,,,,2020,1.0
14294,PSEG Power New York Inc,2539.0,Bethlehem Energy Center,NY,4,RE,,,, , ,, , ,,, ,,,,,,,, ,,, ,,,,,,,, ,,, ,, ,,,,,,,2020,1.0
14294,PSEG Power New York Inc,2539.0,Bethlehem Energy Center,NY,5,OP,Db,Y,4-0122-00044/00021,2,2002,ST,0.0006,0,DP,NV,2005,SS,,,NP,,,ST,0.0073,NP,NV,2005,SR,LN,,NP,,,ST,0.011,PB,NV,2005,, ,,,,,,,2020,1.0
14294,PSEG Power New York Inc,2539.0,Bethlehem Energy Center,NY,6,OP,Db,Y,4-0122-00044/00021,2,2002,ST,0.0006,0,DP,NV,2005,SS,,,NP,,,ST,0.0073,NP,NV,2005,SR,LN,,NP,,,ST,0.011,PB,NV,2005,, ,,,,,,,2020,1.0
14294,PSEG Power New York Inc,2539.0,Bethlehem Energy Center,NY,7,OP,Db,Y,4-0122-00044/00021,2,2008,ST,0.0006,0,DP,NV,2005,SS,,,NP,,,ST,0.0073,NP,NV,2005,SR,LN,,NP,,,ST,0.011,PB,NV,2005,, ,,,,,,,2020,1.0
13579,Dunkirk Power LLC,2554.0,Dunkirk Generating Plant,NY,1,OS,N,N,, , ,ST,2.07,0,DP,DA,1974,SS,,,SS,,,ST,0.12,NP,DA,2014,LN,AA,SN,LN,AA,SN,ST,0.22,PB,PS,1973,ST,2009,BP,ACI,,BP,ACI,,2020,1.0
13579,Dunkirk Power LLC,2554.0,Dunkirk Generating Plant,NY,2,OS,N,N,, , ,ST,2.07,0,DP,DA,1974,SS,,,SS,,,ST,0.12,NP,DA,1995,LN,AA,SN,LN,AA,SN,ST,0.23,PB,PS,1973,ST,2009,BP,ACI,,BP,ACI,,2020,1.0
13579,Dunkirk Power LLC,2554.0,Dunkirk Generating Plant,NY,3,OS,N,N,, , ,ST,2.07,0,DP,DA,1974,SS,,,SS,,,ST,0.12,NP,DA,1995,LN,AA,SN,LN,AA,SN,ST,0.16,PB,PS,1973,ST,2009,BP,ACI,,BP,ACI,,2020,1.0
13579,Dunkirk Power LLC,2554.0,Dunkirk Generating Plant,NY,4,OS,N,N,, , ,ST,2.07,0,DP,DA,1974,SS,,,SS,,,ST,3241,NP,DA,1995,LN,AA,SN,LN,AA,SN,ST,0.16,PB,PS,1973,ST,2009,BP,ACI,,BP,ACI,,2020,1.0
55951,Exelon Nuclear,2589.0,Nine Mile Point Nuclear Station,NY,NSS1,OP,,,, , ,, , ,,, ,,,,,,,, ,,, ,,,,,,,, ,,, ,, ,,,,,,,2020,3.0
55951,Exelon Nuclear,2589.0,Nine Mile Point Nuclear Station,NY,NSS2,OP,,,, , ,, , ,,, ,,,,,,,, ,,, ,,,,,,,, ,,, ,, ,,,,,,,2020,3.0
13923,NRG Oswego Harbor Power Operations Inc,2594.0,Oswego Harbor Power,NY,5,OP,N,N,, , ,ST,0.8,0,DP,TH,2016,SS,,,SS,,,ST,0.25,NP,DA,2014,OV,FR,LA,OV,FR,LA,ST,0.1,PB,PS,1976,XX, ,,,,,,,2020,1.0
13923,NRG Oswego Harbor Power Operations Inc,2594.0,Oswego Harbor Power,NY,6,OP,D,N,, , ,ST,0.8,0,DP,TH,2016,SS,,,SS,,,ST,0.22,NP,DA,2014,OV,FR,LA,OV,FR,LA,ST,0.1,PB,PS,1980,XX, ,,,,,,,2020,1.0
64082,"GenOn Bowline, LLC",2625.0,Bowline Point,NY,1,OP,N,N,, , ,ST,0.0037,0,SU,NV,1972,SS,,,SS,,,ST,0.25,NP,NV,1995,AA,,,AA,,,ST,0.1,PB,NV,1972,, ,,,,,,,2020,1.0
64082,"GenOn Bowline, LLC",2625.0,Bowline Point,NY,2,OP,N,N,, , ,ST,0.0037,0,SU,NV,1974,SS,,,SS,,,ST,0.25,NP,NV,1995,AA,,,AA,,,ST,0.1,PB,NV,1974,, ,,,,,,,2020,1.0
12792,"GenOn New York, LLC",2629.0,Lovett,NY,3,RE,N,,, , ,ST, , ,,, ,,,,,,,ST, ,,, ,,,,,,,ST, ,,, ,, ,,,,,,,2020,4.0
12792,"GenOn New York, LLC",2629.0,Lovett,NY,4,RE,N,,, , ,ST, , ,,, ,,,,,,,ST, ,,, ,,,,,,,ST, ,,, ,, ,,,,,,,2020,4.0
12792,"GenOn New York, LLC",2629.0,Lovett,NY,5,RE,N,,, , ,ST, , ,,, ,,,,,,,ST, ,,, ,,,,,,,ST, ,,, ,, ,,,,,,,2020,4.0
16183,Rochester Gas & Electric Corp,2642.0,Rochester 7,NY,1,RE,N,,, , ,ST, , ,,, ,,,,,,,ST, ,,, ,,,,,,,ST, ,,, ,, ,,,,,,,2020,4.0
16183,Rochester Gas & Electric Corp,2642.0,Rochester 7,NY,2,RE,N,,, , ,ST, , ,,, ,,,,,,,ST, ,,, ,,,,,,,ST, ,,, ,, ,,,,,,,2020,4.0
16183,Rochester Gas & Electric Corp,2642.0,Rochester 7,NY,3,RE,N,,, , ,ST, , ,,, ,,,,,,,ST, ,,, ,,,,,,,ST, ,,, ,, ,,,,,,,2020,4.0
16183,Rochester Gas & Electric Corp,2642.0,Rochester 7,NY,4,RE,N,,, , ,ST, , ,,, ,,,,,,,ST, ,,, ,,,,,,,ST, ,,, ,, ,,,,,,,2020,4.0
9645,Jamestown Board of Public Util,2682.0,S A Carlson,NY,10,OP,D,N,, , ,XX, , ,,, ,,,,,,,ST,0.06,NP,OH,2014,LN,,,LN,,,XX, ,,, ,XX, ,,,,,,,2020,2.0
9645,Jamestown Board of Public Util,2682.0,S A Carlson,NY,11,RE,,N,, , ,XX, , ,,, ,,,,,,,XX, ,,, ,,,,,,,XX, ,,, ,XX, ,,,,,,,2020,2.0
9645,Jamestown Board of Public Util,2682.0,S A Carlson,NY,12,RE,,N,, , ,XX, , ,,, ,,,,,,,XX, ,,, ,,,,,,,XX, ,,, ,XX, ,,,,,,,2020,2.0
9645,Jamestown Board of Public Util,2682.0,S A Carlson,NY,9,OP,D,N,, , ,XX, , ,,, ,,,,,,,ST,0.06,NP,OH,2014,LN,,,LN,,,XX, ,,, ,XX, ,,,,,,,2020,2.0
9645,Jamestown Board of Public Util,2682.0,S A Carlson,NY,HRSG,OP,,,, , ,XX, , ,,, ,,,,,,,ST,0.2,NP,OH,2001,,NP,,,NP,,XX, ,,, ,XX, ,,,,,,,2020,2.0
22129,Somerset Operating Co LLC,6082.0,Somerset Operating Co LLC,NY,1,RE,Da,N,, , ,FD,0.6,0.01,DP,MO,1984,IF,,,IF,,,ST,0.12,NP,DA,1995,LN,SR,,,,,FD,0.03,PB,NV,1984,ST,2010,SP,OT,,,,,2020,1.0
55951,Exelon Nuclear,6110.0,James A Fitzpatrick,NY,NSS1,OP,,,, , ,, , ,,, ,,,,,,,, ,,, ,,,,,,,, ,,, ,, ,,,,,,,2020,3.0
55951,Exelon Nuclear,6122.0,R E Ginna Nuclear Power Plant,NY,NSS1,OP,,,, , ,, , ,,, ,,,,,,,, ,,, ,,,,,,,, ,,, ,, ,,,,,,,2020,3.0
15296,New York Power Authority,7314.0,Richard M Flynn,NY,EIA01,OP,,,, , ,, , ,,, ,,,,,,,, ,,, ,,,,,,,, ,,, ,, ,,,,,,,2020,4.0
58651,"Allegany Generating Station, LLC",7784.0,Allegany Cogen,NY,HRSG,OP,Dc,N,, , ,FD,0.0006, ,DP,OH,1994,,,,,,,FD,9,NM,OH,1994,H20,SR,,H20,SR,,FD, ,,,1994,XX, ,,,,,,,2020,2.0
5511,CCI Roseton LLC,8006.0,Roseton Generating Facility,NY,1,OP,N,N,, , ,ST,0.55, ,SU,YR,1974,SS,,,SS,,,ST,0.15,NP,MO,1995,OV,FR,,OV,FR,,ST,0.1,PB,NV,1974,ST,1974,,,,,,,2020,1.0
5511,CCI Roseton LLC,8006.0,Roseton Generating Facility,NY,2,OP,N,N,, , ,ST,0.55, ,SU,YR,1974,SS,,,SS,,,ST,0.15,NP,MO,1995,OV,FR,,OV,FR,,ST,0.1,PB,NV,1974,ST,1974,,,,,,,2020,1.0
54863,U S Power Generating Company LLC,8906.0,Astoria Generating Station,NY,20,OP,N,N,, , ,ST,39.5,0,OT,NV,1972,WA,,,WA,,,ST,0.08,NP,OT,2014,LN,,,LN,,,ST,14.5,OT,NV,2005,, ,,,,,,,2020,1.0
54863,U S Power Generating Company LLC,8906.0,Astoria Generating Station,NY,30,OP,N,N,, , ,ST,0.3,0,SU,NV,1972,WA,,,WA,,,ST,0.15,NP,OT,2014,LN,,,FR,,,ST,0.1,PB,NV,1973,FD,2015,OT,,,OT,,,2020,1.0
54863,U S Power Generating Company LLC,8906.0,Astoria Generating Station,NY,40,OS,N,N,, , ,ST,0.3,0,SU,NV,1972,WA,,,WA,,,ST,0.15,NP,OT,2014,LN,,,LN,,,ST,0.1,PB,NV,1973,FD,2015,OT,,,OT,,,2020,1.0
54863,U S Power Generating Company LLC,8906.0,Astoria Generating Station,NY,50,OP,N,N,, , ,ST,0.3,0,SU,NV,1972,WA,,,WA,,,ST,0.15,NP,OT,2014,LN,,,LN,,,ST,0.1,PB,NV,1973,FD,2015,OT,,,OT,,,2020,1.0
6028,Entergy Nuclear Indian Point 3,8907.0,Indian Point 3,NY,NSS3,OP,,,, , ,, , ,,, ,,,,,,,, ,,, ,,,,,,,, ,,, ,, ,,,,,,,2020,3.0
5624,"RED-Rochester, LLC",10025.0,"RED-Rochester, LLC",NY,13,RE,N,,, , ,ST, , ,DP,YR,1988,,,,,,,ST, ,NP,DA,1995,,,,,,,ST,0.26,PB,OH,1995,, ,,,,,,,2020,1.0
5624,"RED-Rochester, LLC",10025.0,"RED-Rochester, LLC",NY,14,RE,N,,, , ,ST, , ,DP,YR,1988,,,,,,,ST, ,NP,DA,1995,,,,,,,ST,0.26,PB,OH,1995,, ,,,,,,,2020,1.0
5624,"RED-Rochester, LLC",10025.0,"RED-Rochester, LLC",NY,15,RE,N,,, , ,ST, , ,DP,YR,1988,,,,,,,ST, ,NP,DA,1995,,,,,,,ST,0.26,PB,OH,1972,, ,,,,,,,2020,1.0
5624,"RED-Rochester, LLC",10025.0,"RED-Rochester, LLC",NY,41,RE,N,N,, , ,FD,3.4, ,DP,YR,1988,SS,,,SS,,,FD,0.6,NP,DA,1995,FU,LA,,FU,LA,,ST,0.26,PB,OH,1972,,1972,,,,,,,2020,1.0
5624,"RED-Rochester, LLC",10025.0,"RED-Rochester, LLC",NY,42,RE,N,N,, , ,FD,3.4, ,DP,YR,1988,SS,,,SS,,,ST,0.6,NP,DA,1995,FU,LA,,FU,LA,,ST,0.26,PB,OH,1972,,1972,,,,,,,2020,1.0
5624,"RED-Rochester, LLC",10025.0,"RED-Rochester, LLC",NY,43,RE,N,N,, , ,FD,3.4, ,DP,YR,1988,SS,,,SS,,,ST,0.6,NP,DA,1995,FU,LA,,FU,LA,,ST,0.24,PB,OH,1972,,1972,,,,,,,2020,1.0
5624,"RED-Rochester, LLC",10025.0,"RED-Rochester, LLC",NY,44,OP,Da,N,, , ,FD,1.2, ,DP,NV,1987,SS,,,SS,,,ST,0.42,NP,DA,1995,FU,LA,,FU,LA,,FD,0.1,PB,NV,1987,,1987,,,,,,,2020,1.0
5624,"RED-Rochester, LLC",10025.0,"RED-Rochester, LLC",NY,45,OP,Db,Y,8-2699-00126/00001,9,2015,FD,1.2, ,DP,NV,2017,,,,,,,ST,0.15,NP,OT,2017,NP,,,NP,,,XX,0.2,PB,DA,2017,,2017,NP,,,NP,,,2020,1.0
5624,"RED-Rochester, LLC",10025.0,"RED-Rochester, LLC",NY,46,OP,Db,Y,8-2699-00126/00001,9,2015,XX, , ,,, ,,,,,,,ST,0.05,NP,OT,2018,NP,,,NP,,,, ,,, ,, ,,,,,,,2020,1.0
5624,"RED-Rochester, LLC",10025.0,"RED-Rochester, LLC",NY,47,OP,Db,Y,8-2699-00126/00001,9,2015,XX, , ,,, ,,,,,,,ST,0.05,NP,OT,2018,NP,,,NP,,,, ,,, ,,2017,,,,,,,2020,1.0
5624,"RED-Rochester, LLC",10025.0,"RED-Rochester, LLC",NY,48,OP,Db,Y,8-2699-00126/00001,9,2015,XX, , ,,, ,,,,,,,ST,0.05,NP,OT,2018,NP,,,NP,,,, ,,, ,,2017,,,,,,,2020,1.0
5624,"RED-Rochester, LLC",10025.0,"RED-Rochester, LLC",NY,PB1,OP,N,N,, , ,FD,1.65, ,DP,YR,1988,SS,,,SS,,,XX,0.6,NP,DA,1995,,,,,,,ST,0.2,PB,OH,1972,,1995,,,,,,,2020,1.0
5624,"RED-Rochester, LLC",10025.0,"RED-Rochester, LLC",NY,PB2,OP,N,N,, , ,FD,1.65, ,DP,YR,1988,SS,,,SS,,,XX,0.6,NP,DA,1995,,,,,,,ST,0.2,PB,OH,1972,,1995,,,,,,,2020,1.0
5624,"RED-Rochester, LLC",10025.0,"RED-Rochester, LLC",NY,PB3,OP,N,N,, , ,FD,1.65, ,DP,YR,1988,SS,,,SS,,,XX,0.6,NP,DA,1995,,,,,,,ST,0.2,PB,OH,1972,,1995,,,,,,,2020,1.0
5624,"RED-Rochester, LLC",10025.0,"RED-Rochester, LLC",NY,PB4,OP,N,N,, , ,FD,1.65, ,DP,YR,1988,SS,,,SS,,,XX,0.6,NP,DA,1995,,,,,,,ST,0.2,PB,OH,1972,,1995,,,,,,,2020,1.0
60741,Fortistar Castleton Power,10190.0,Castleton Energy Center,NY,HRSG-1,OP,Db,Y,4-3844-00008,2,2017,XX, , ,,, ,,,,,,,FD,25,NM,OH,1992,STM,,,,,,FD,0.01,PB,PS,1992,,1992,,,,,,,2020,2.0
1746,Black River Generation LLC,10464.0,ReEnergy Black River,NY,E0001,OP,N,,, , ,ST,0.2, ,DP,MO,2013,CF,,,CF,,,FD,0.17,NP,DA,2013,CF,LA,FU,CF,LA,FU,ST,0.0174,PB,PS,2013,FD,2016,OT,,,OT,,,2020,2.0
1746,Black River Generation LLC,10464.0,ReEnergy Black River,NY,E0002,OP,N,,, , ,ST,0.2, ,DP,MO,2013,CF,,,CF,,,FD,0.17,NH,DA,2013,CF,LA,FU,CF,LA,FU,ST,0.015,OP,SM,2013,FD,2016,OT,,,OT,,,2020,2.0
1746,Black River Generation LLC,10464.0,ReEnergy Black River,NY,E0003,OP,N,,, , ,ST,0.2, ,DP,MO,2013,CF,,,CF,,,FD,0.17,NH,DA,2013,CF,LA,FU,CF,LA,FU,ST,0.2,OP,SM,2013,FD,2016,OT,,,OT,,,2020,2.0
20541,Wheelabrator Environmental Systems,10503.0,Wheelabrator Hudson Falls,NY,SG201A,OP,Db,N,, , ,ST,29,0.75,DM,DA,1992,IF,,,IF,,,ST,205,NM,DA,2000,OV,,,OV,,,ST,2500,UG,,1992,ST,2000,ACI,,,ACI,,,2020,2.0
20541,Wheelabrator Environmental Systems,10503.0,Wheelabrator Hudson Falls,NY,SG201B,OP,Db,N,, , ,ST,29,0.75,DM,DA,1992,IF,,,IF,,,ST,205,NM,DA,2000,OV,,,OV,,,ST,2500,UG,,1992,ST,2000,ACI,,,ACI,,,2020,2.0
56174,Finch Paper LLC,10511.0,Finch Paper,NY,10,OP,N,N,, , ,ST,100, ,DC,NV,1987,OT,,,OT,,,ST,464,NM,MO,1995,,,,OT,,,FD, ,,,1987,,1987,,,,,,,2020,2.0
56174,Finch Paper LLC,10511.0,Finch Paper,NY,4,OP,N,N,, , ,XX, , ,,, ,,,,,,,ST,0.45,NP,MO,1995,OT,,,LN,,,FD,0.1,PB,,1995,, ,,,,,,,2020,2.0
56174,Finch Paper LLC,10511.0,Finch Paper,NY,5,OP,N,N,, , ,XX, , ,,, ,,,,,,,ST,0.45,NP,MO,1995,OT,,,LN,,,FD,0.1,PB,,1995,, ,,,,,,,2020,2.0
56174,Finch Paper LLC,10511.0,Finch Paper,NY,8,OP,N,N,, , ,ST,100, ,DM,OT,1977,OT,,,OT,,,ST,464,NM,MO,1995,,,,,,,, ,,, ,, ,,,,,,,2020,2.0
56174,Finch Paper LLC,10511.0,Finch Paper,NY,9,OP,N,N,, , ,XX, , ,,, ,,,,,,,ST,0.27,NP,MO,1995,OT,,,,,,FD,0.3,PB,,1981,, ,,,,,,,2020,2.0
60641,Veolia NA - Municipal & Commercial Business,10521.0,Lederle Laboratories,NY,BLR3,OP,,,, , ,, , ,,, ,,,,,,,, ,,, ,,,,,,,, ,,, ,, ,,,,,,,2020,4.0
60641,Veolia NA - Municipal & Commercial Business,10521.0,Lederle Laboratories,NY,BLR4,OP,,,, , ,, , ,,, ,,,,,,,, ,,, ,,,,,,,, ,,, ,, ,,,,,,,2020,4.0
60641,Veolia NA - Municipal & Commercial Business,10521.0,Lederle Laboratories,NY,BLR5,OP,,,, , ,, , ,,, ,,,,,,,, ,,, ,,,,,,,, ,,, ,, ,,,,,,,2020,4.0
60641,Veolia NA - Municipal & Commercial Business,10521.0,Lederle Laboratories,NY,WHSG1,OP,,,, , ,, , ,,, ,,,,,,,, ,,, ,,,,,,,, ,,, ,, ,,,,,,,2020,4.0
60641,Veolia NA - Municipal & Commercial Business,10521.0,Lederle Laboratories,NY,WHSG2,OP,,,, , ,, , ,,, ,,,,,,,, ,,, ,,,,,,,, ,,, ,, ,,,,,,,2020,4.0
58338,Lakeside Beaver Falls LLC,10617.0,CH Resources Beaver Falls,NY,HRSG50,OP,Db,,, , ,, , ,,, ,,,,,,,, ,,, ,SR,,,,,,, ,,, ,, ,,,,,,,2020,2.0
3085,Carthage Energy LLC,10620.0,Carthage Energy LLC,NY,HRSG,OP,,,, , ,XX, , ,,, ,,,,,,,ST,42,NM,OH,1991,STM,,,,,,, ,,, ,, ,,,,,,,2020,2.0
58337,Lakeside Syracuse LLC,10621.0,CH Resources Syracuse,NY,HRSG50,SB,Db,,, , ,, , ,,, ,,,,,,,, ,,, ,SR,,,,,,, ,,, ,, ,,,,,,,2020,2.0
473,Covanta Hempstead Company,10642.0,Covanta Hempstead,NY,1,OP,N,,, , ,FD,29,0.75,DM,DA,1989,IF,,,,,,ST,145.7,NH,OH,2004,SN,LA,,SN,LA,,, ,,, ,ST,2007,BR,SD,,BR,SD,,2020,2.0
473,Covanta Hempstead Company,10642.0,Covanta Hempstead,NY,2,OP,N,,, , ,FD,29,0.75,DM,DA,1989,IF,,,,,,ST,145.7,NH,OH,2004,SN,LA,,SN,LA,,, ,,, ,ST,2007,BR,SD,,BR,SD,,2020,2.0
473,Covanta Hempstead Company,10642.0,Covanta Hempstead,NY,3,OP,N,,, , ,FD,29,0.75,DM,DA,1989,IF,,,,,,ST,145.7,NH,OH,2004,SN,,,SN,,,, ,,, ,ST,2007,BR,SD,,BR,SD,,2020,2.0
16909,Selkirk Cogen Partners LP,10725.0,Selkirk Cogen,NY,HRSG1,OP,Db,N,, , ,ST,0.2,0,SU,NS,1992,,,,,,,ST,0.091,NP,NS,1992,SR,,,SR,,,ST,0.014,PB,NS,1992,, ,,,,,,,2020,1.0
16909,Selkirk Cogen Partners LP,10725.0,Selkirk Cogen,NY,HRSG2,OP,Db,N,, , ,ST,0.2,0,SU,NS,1994,,,,,,,ST,0.0181,NP,NS,1994,SR,,,SR,,,ST,0.014,PB,NS,1994,, ,,,,,,,2020,1.0
16909,Selkirk Cogen Partners LP,10725.0,Selkirk Cogen,NY,HRSG3,OP,Db,N,, , ,ST,0.2,0,SU,NS,1994,,,,,,,ST,0.0181,NP,NS,1994,SR,,,SR,,,ST,0.014,PB,NS,1994,, ,,,,,,,2020,1.0
40052,AG Energy LP,10803.0,Ogdensburg Power,NY,HRSG A,OS,,,, , ,, , ,,, ,,,,,,,, ,,, ,,,,,,,, ,,, ,, ,,,,,,,2020,2.0
24457,Calpine Eastern Corp,50292.0,Bethpage Power Plant,NY,HRSG1,OP,,,, , ,XX, , ,,, ,,,,,,,ST,42,NM,OH,1987,STM,,,STM,,,, ,,, ,, ,,,,,,,2020,2.0
24457,Calpine Eastern Corp,50292.0,Bethpage Power Plant,NY,HRSG2,OP,,,, , ,XX, , ,,, ,,,,,,,ST,42,NM,OH,1987,STM,,,STM,,,, ,,, ,, ,,,,,,,2020,2.0
24457,Calpine Eastern Corp,50292.0,Bethpage Power Plant,NY,HRSG3,OP,,,, , ,, , ,,, ,,,,,,,ST,2.5,NM,OH,2005,SR,,,SR,,,, ,,, ,, ,,,,,,,2020,2.0
9245,Indeck-Energy Serv Silver Spg,50449.0,Indeck Silver Springs Energy Center,NY,HRSG1,OP,N,N,, , ,XX, , ,,, ,,,,,,,FD,32,NM,OH,1991,STM,,,,,,XX, ,,, ,XX, ,,,,,,,2020,2.0
9244,Indeck-Oswego Ltd Partnership,50450.0,Indeck Oswego Energy Center,NY,HRSG1,OP,N,N,, , ,XX, , ,,, ,,,,,,,ST,25,NM,DA,1990,STM,,,,,,XX, ,,, ,FD,1990,,,,,,,2020,2.0
9243,Indeck-Yerkes Ltd Partnership,50451.0,Indeck Yerkes Energy Center,NY,HRSG1,OP,N,N,, , ,XX, , ,,, ,,,,,,,FD,42,NM,OH,1990,STM,,,,,,XX, ,,, ,FD,1990,,,,,,,2020,2.0
9263,Indeck-Corinth Ltd Partnership,50458.0,Indeck Corinth Energy Center,NY,HRSG1,OP,N,,, , ,XX, , ,,, ,,,,,,,ST,9,NM,OH,1995,LN,SR,H20,LN,SR,H20,XX, ,,, ,FD,1995,,,,,,,2020,2.0
470,Covanta Energy of Niagara LP,50472.0,"Covanta Niagara I, LLC",NY,BLR1,OP,Db,N,9-2911-00113/00039,5,2014,ST,0.3, ,DH,OH,1981,,,,OT,,,ST,0.08,NP,OH,1981,SN,,,SN,,,ST,20,OP,SM,1991,ST,1981,,,,,,,2020,2.0
470,Covanta Energy of Niagara LP,50472.0,"Covanta Niagara I, LLC",NY,BLR2,OP,Db,N,9-2911-00113/00039,5,2014,ST,0.3, ,DH,OH,1981,,,,OT,,,ST,0.08,NP,OH,1981,SN,,,SN,,,ST,20,OP,SM,1991,, ,,,,,,,2020,2.0
470,Covanta Energy of Niagara LP,50472.0,"Covanta Niagara I, LLC",NY,BLR3,OP,Db,Y,9-2911-00113/00039,5,2014,FD,29,0.8,DM,OH,1996,IF,,,IF,,,FD,150,NM,DA,1996,SN,,,SN,,,FD,11.2,PH,OH,1996,FD,1996,ACI,BR,SD,ACI,BR,SD,2020,2.0
470,Covanta Energy of Niagara LP,50472.0,"Covanta Niagara I, LLC",NY,BLR4,OP,Db,Y,9-2911-00113/00039,5,2014,FD,29,0.8,DM,OH,1996,IF,,,IF,,,FD,150,NM,DA,1996,SN,,,SN,,,FD,11.2,PH,OH,1996,FD,1996,ACI,BR,SD,ACI,BR,SD,2020,2.0
4484,Covanta Babylon Inc,50649.0,Covanta Babylon Inc,NY,1,OP,N,,, , ,FD,29,0.75,DM,DA,1989,IF,,,IF,,,ST,150,NH,DA,1989,SN,,,SN,,,, ,,, ,ST,1989,ACI,,,ACI,,,2020,2.0
4484,Covanta Babylon Inc,50649.0,Covanta Babylon Inc,NY,2,OP,N,,, , ,FD,29,0.75,DM,DA,1989,IF,,,IF,,,ST,150,NM,DA,1989,SN,,,SN,,,, ,,, ,ST,1989,ACI,,,ACI,,,2020,2.0
9097,Huntington Resource Recovery,50656.0,Huntington Resource Recovery Facility,NY,UNIT1,OP,N,,, , ,FD,29,0.75,DM,DA,1991,IF,,,ND,,,ST,185,NM,TH,1991,SN,,,SN,,,, ,,, ,ST,1991,ACI,BP,,ACI,BP,,2020,2.0
9097,Huntington Resource Recovery,50656.0,Huntington Resource Recovery Facility,NY,UNIT2,OP,N,,, , ,FD,29,0.75,DM,DA,1991,IF,,,,,,ST,185,NM,TH,1991,SN,,,SN,,,, ,,, ,ST,1991,ACI,BP,,ACI,BP,,2020,2.0
9097,Huntington Resource Recovery,50656.0,Huntington Resource Recovery Facility,NY,UNIT3,OP,N,,, , ,FD,29,0.75,DM,DA,1991,IF,,,,,,ST,185,NM,TH,1991,SN,,,SN,,,, ,,, ,ST,1991,ACI,BP,,ACI,BP,,2020,2.0
4487,Covanta Onondega LP,50662.0,Onondaga County Resource Recovery,NY,UNIT1,OP,Db,Y,7-3142-00028/00009,8,2011,ST,29,0.85,DM,DA,1995,,,,,,,ST,180,NM,DA,1995,NH3,SN,,NH3,SN,,FD, ,,,1995,ST,1995,ACI,SD,BP,ACI,SD,BP,2020,2.0
4487,Covanta Onondega LP,50662.0,Onondaga County Resource Recovery,NY,UNIT2,OP,Db,Y,7-3142-00028/00009,8,2011,ST,29,0.85,DM,DA,1995,,,,,,,ST,180,NM,DA,1995,NH3,SN,,NH3,SN,,FD, ,,,1995,ST,1995,ACI,SD,BP,ACI,SD,BP,2020,2.0
4487,Covanta Onondega LP,50662.0,Onondaga County Resource Recovery,NY,UNIT3,OP,Db,Y,7-3142-00028/00009,8,2011,ST,29,0.85,DM,DA,1995,,,,,,,ST,180,NM,DA,1995,NH3,SN,,NH3,SN,,FD, ,,,1995,ST,1995,ACI,SD,BP,ACI,SD,BP,2020,2.0
14182,Sterling Power Partners LP,50744.0,Sterling Power Plant,NY,HRSG,OP,,,, , ,, , ,,, ,,,,,,,, ,,, ,,,,,,,, ,,, ,, ,,,,,,,2020,4.0
20541,Wheelabrator Environmental Systems,50882.0,Wheelabrator Westchester,NY,1,OP,N,N,, , ,FD,29,0.77,DM,DA,1999,IF,,,IF,,,ST,184,NM,DA,1999,SN,,,SN,,,FD,10,OP,SM,1999,ST,1999,ACI,,,ACI,,,2020,2.0
20541,Wheelabrator Environmental Systems,50882.0,Wheelabrator Westchester,NY,2,OP,N,,, , ,FD,29, ,DM,DA,1999,IF,,,IF,,,ST,184,NM,DA,1999,SN,,,SN,,,, ,,, ,ST,1999,ACI,,,ACI,,,2020,2.0
20541,Wheelabrator Environmental Systems,50882.0,Wheelabrator Westchester,NY,3,OP,N,,, , ,FD,29, ,DM,DA,1999,IF,,,IF,,,ST,184,NM,DA,1999,SN,,,SN,,,ST, ,,,1999,ST,1999,ACI,,,ACI,,,2020,2.0
24202,Carr Street Generating Sta LP,50978.0,Carr Street Generating Station,NY,HRSG1,OP,,,, , ,, , ,,, ,,,,,,,, ,,, ,,,,,,,, ,,, ,, ,,,,,,,2020,4.0
24202,Carr Street Generating Sta LP,50978.0,Carr Street Generating Station,NY,HRSG2,OP,,,, , ,, , ,,, ,,,,,,,, ,,, ,,,,,,,, ,,, ,, ,,,,,,,2020,4.0
56601,Covanta MacArthur Renewable Energy,51038.0,MacArthur Waste to Energy Facility,NY,B1,OP,D,,, , ,FD,31,0.75,DM,DA,1990,IF,,,IF,,,FD,170,NM,DA,1990,OV,LA,OT,OV,LA,OT,, ,,, ,FD,1990,ACI,,,ACI,,,2020,2.0
56601,Covanta MacArthur Renewable Energy,51038.0,MacArthur Waste to Energy Facility,NY,B2,OP,D,,, , ,FD,31,0.75,DM,DA,1990,IF,,,IF,,,FD,170,NM,DA,1990,OV,LA,,OV,LA,,, ,,, ,FD,1990,ACI,,,ACI,,,2020,2.0
19153,Nassau Energy Corp,52056.0,Nassau Energy Corp,NY,4,OP,Db,N,, , ,XX, , ,,, ,,,,,,,ST,42,NM,OH,1995,STM,,,,,,XX, ,,, ,ST,2008,,,,,,,2020,2.0
24210,Riverbay Corp,52168.0,Riverbay,NY,U00003,OP,,,, , ,, , ,,, ,,,,,,,ST,0.1,NH,OH,2011,LN,,,LN,,,, ,,, ,,2011,,,,,,,2020,2.0
24210,Riverbay Corp,52168.0,Riverbay,NY,U00004,OP,,,, , ,, , ,,, ,,,,,,,ST,2.5,NM,TH,2011,SR,,,SR,,,, ,,, ,ST,2011,,,,,,,2020,2.0
24210,Riverbay Corp,52168.0,Riverbay,NY,U00006,OP,,,, , ,, , ,,, ,,,,,,,ST,2.5,NM,TH,2011,SR,,,SR,,,, ,,, ,ST,2011,,,,,,,2020,2.0
24210,Riverbay Corp,52168.0,Riverbay,NY,U00008,CN,,,, , ,, , ,,, ,,,,,,,, ,,, ,,,,,,,, ,,, ,, ,,,,,,,2020,2.0
6838,Rensselaer Generating LLC,54034.0,Rensselaer Cogen,NY,HRSG,OP,Db,N,, , ,ST,0.0015, ,SU,DT,2014,SS,,,,,,ST,9,NM,OH,1994,,SR,STM,,SR,STM,FD,3.6,PH,OH,1994,XX,1994,,,,,,,2020,2.0
11127,Lockport Energy Associates LP,54041.0,Lockport Energy Associates LP,NY,4,OP,Db,N,, , ,ST,0.15, ,DP,YR,1992,SS,,,SS,,,ST,0.14,NP,YR,1993,STM,,,STM,,,, ,,, ,FD,1992,,,,,,,2020,2.0
9261,Indeck-Olean Ltd Partnership,54076.0,Indeck Olean Energy Center,NY,HRSG1,OP,N,N,, , ,XX, , ,,, ,,,,,,,ST,9,NM,OH,1994,SR,STM,,SR,STM,,ST,0.004,PB,,1994,XX,1994,,,,,,,2020,2.0
9350,IPC-Ticonderoga,54099.0,Ticonderoga Mill,NY,PB1,OP,,,, , ,FD,435, ,DH,TH,1996,IF,,,IF,,,ST,0.22,NP,DA,2015,LN,OV,,LN,OV,,, ,,, ,FD,2017,,,,,,,2020,2.0
9350,IPC-Ticonderoga,54099.0,Ticonderoga Mill,NY,RB1,OP,N,,, , ,XX, , ,,, ,,,,,,,ST,100,NM,PS,1995,NP,,,NP,,,, ,,, ,XX, ,,,,,,,2020,2.0
10349,KIAC Partners,54114.0,Kennedy International Airport Cogen,NY,HRSG1,OP,N,N,, , ,, , ,,, ,,,,,,,FD,9.01,NM,OH,1994,SR,,,SR,,,, ,,, ,, ,,,,,,,2020,2.0
10349,KIAC Partners,54114.0,Kennedy International Airport Cogen,NY,HRSG2,OP,N,N,, , ,, , ,,, ,,,,,,,FD,9.01,NM,OH,1994,SR,,,SR,,,, ,,, ,, ,,,,,,,2020,2.0
50136,North American Energy Services,54131.0,Fortistar North Tonawanda,NY,HR123,OP,Db,N,, , ,ST,0.15, ,DP,YR,1992,SS,,,SS,,,ST,0.14,NP,YR,1992,STM,,,STM,,,, ,,, ,FD,1992,,,,,,,2020,2.0
17254,Sithe/Independence LLC,54547.0,Sithe Independence Station,NY,HRSG 1,OP,Db,N,, , ,ST,0.0006,0,DP,YR,1995,WA,,,WA,,,ST,0.0173,NH,OH,1995,SR,,,,,,ST,0.0011,PH,OH,1995,, ,,,,,,,2020,1.0
17254,Sithe/Independence LLC,54547.0,Sithe Independence Station,NY,HRSG 2,OP,Db,N,, , ,ST,0.0006,0,DP,YR,1995,WA,,,WA,,,ST,0.018,NH,OH,1995,SR,,,,,,ST,0.0011,PH,OH,1995,, ,,,,,,,2020,1.0
17254,Sithe/Independence LLC,54547.0,Sithe Independence Station,NY,HRSG 3,OP,Db,N,, , ,ST,0.0006,0,DP,YR,1995,WA,,,WA,,,ST,0.0188,NH,OH,1995,SR,,,,,,ST,0.0011,PH,OH,1995,, ,,,,,,,2020,1.0
17254,Sithe/Independence LLC,54547.0,Sithe Independence Station,NY,HRSG 4,OP,Db,N,, , ,ST,0.0006,0,DC,YR,1995,WA,,,WA,,,ST,0.0184,NH,OH,1995,SR,,,,,,ST,0.0011,PH,OH,1995,, ,,,,,,,2020,1.0
16729,Saranac Power Partners LP,54574.0,Saranac Facility,NY,HRSG1,OP,Da,N,, , ,XX, , ,,, ,,,,,,,FD,0.033,NP,TH,1994,LN,NH3,SR,,,,FD,0.0062,PB,TH,1994,XX, ,,,,,,,2020,2.0
16729,Saranac Power Partners LP,54574.0,Saranac Facility,NY,HRSG2,OP,Da,N,, , ,XX, , ,,, ,,,,,,,FD,0.033,NP,TH,1994,NH3,SR,LN,,,,FD,0.0062,PB,TH,1994,XX, ,,,,,,,2020,2.0
15253,Power City Partners LP,54592.0,Massena Energy Facility,NY,HRSG1,OP,Db,N,, , ,XX, , ,,, ,,,,,,,ST,9,NM,OH,1992,SR,STM,,,,,, ,,, ,, ,,,,,,,2020,2.0
16839,Seneca Power Partners LP,54593.0,Batavia Power Plant,NY,HRSG,OP,,,, , ,, , ,,, ,,,,,,,, ,,, ,,,,,,,, ,,, ,, ,,,,,,,2020,4.0
2313,Brooklyn Navy Yard Cogen PLP,54914.0,Brooklyn Navy Yard Cogeneration,NY,HRSG1,OP,,,, , ,, , ,,, ,,,,,,,, ,,, ,,,,,,,, ,,, ,, ,,,,,,,2020,4.0
2313,Brooklyn Navy Yard Cogen PLP,54914.0,Brooklyn Navy Yard Cogeneration,NY,HRSG2,OP,,,, , ,, , ,,, ,,,,,,,, ,,, ,,,,,,,, ,,, ,, ,,,,,,,2020,4.0
22979,Astoria Energy LLC,55375.0,Astoria Energy,NY,HRSG1,OP,Db,Y,2-6301-00072/00014,12,2001,FD,0.0015,0,DP,PS,2006,WA,,,WA,,,FD,2,NM,TH,2006,H20,SR,,H20,SR,,FD,0.01,PB,PS,2006,ST,2006,,,,,,,2020,1.0
22979,Astoria Energy LLC,55375.0,Astoria Energy,NY,HRSG2,OP,Db,Y,2-6301-00072/00014,12,2001,FD,0.0015,0,DP,PS,2006,WA,,,WA,,,FD,2,NH,TH,2006,H20,SR,,H20,SR,,FD,0.01,PB,PS,2006,LO,2006,,,,,,,2020,1.0
32173,New Athens Generating Company LLC,55405.0,Athens Generating Plant,NY,HRSG01,OP,,,, , ,, , ,,, ,,,,,,,, ,,, ,,,,,,,, ,,, ,, ,,,,,,,2020,3.0
32173,New Athens Generating Company LLC,55405.0,Athens Generating Plant,NY,HRSG02,OP,,,, , ,, , ,,, ,,,,,,,, ,,, ,,,,,,,, ,,, ,, ,,,,,,,2020,3.0
32173,New Athens Generating Company LLC,55405.0,Athens Generating Plant,NY,HRSG03,OP,,,, , ,, , ,,, ,,,,,,,, ,,, ,,,,,,,, ,,, ,, ,,,,,,,2020,3.0
49837,Pinelawn Power LLC,56188.0,Pinelawn Power LLC,NY,001,op,Db,N,, , ,XX, , ,,, ,,,,,,,FD,4.33,NH,NV,2005,SR,H20,NH3,,,,FD,0.1,PB,WO,2005,XX, ,,,,,,,2020,2.0
15296,New York Power Authority,56196.0,500MW CC,NY,7A,OP,,,, , ,, , ,,, ,,,,,,,, ,,, ,,,,,,,, ,,, ,, ,,,,,,,2020,3.0
15296,New York Power Authority,56196.0,500MW CC,NY,7B,OP,,,, , ,, , ,,, ,,,,,,,, ,,, ,,,,,,,, ,,, ,, ,,,,,,,2020,3.0
49950,"Caithness Long Island, LLC",56234.0,Caithness Long Island Energy Center,NY,HRSG01,OP,Da,N,, , ,, , ,,, ,,,,,,,ST,2,NM,TH,2009,SR,,,SR,,,, ,,, ,, ,,,,,,,2020,1.0
56480,Empire Generating Co LLC,56259.0,Empire Generating Co LLC,NY,HRSG11,OP,N,Y,4-3814-00082/00009,7,2014,FD,0.06,0,DP,NV,2010,WA,SS,,WA,SS,,ST,2,NM,TH,2010,SR,NH3,LN,SR,NH3,LN,ST,0.012,PB,PS,2010,XX, ,,,,,,,2020,1.0
56480,Empire Generating Co LLC,56259.0,Empire Generating Co LLC,NY,HRSG12,OP,N,Y,3814-00052/0003,7,2014,FD,0.06,0,DP,NV,2010,WA,OT,,WA,OT,,ST,2,NM,TH,2010,SR,NH3,LN,SR,NH3,LN,ST,0.012,PB,PS,2010,, ,,,,,,,2020,1.0
56204,"CPV Valley, LLC",56940.0,CPV Valley Energy Center,NY,HRSG1,OP,Db,N,, , ,ST,0.0015,0,SB,DT,2018,SS,,,SS,,,ST,2,NM,OH,2018,NH3,SR,LN,NH3,SR,LN,ST,0.0073,PB,OH,2018,XX, ,,,,,,,2020,1.0
56204,"CPV Valley, LLC",56940.0,CPV Valley Energy Center,NY,HRSG2,OP,Db,N,, , ,ST,0.0015,0,SB,DT,2018,SS,,,SS,,,ST,2,NM,OH,2018,AA,SR,LN,NH3,SR,LN,ST,0.0073,PB,OH,2018,XX, ,,,,,,,2020,1.0
56534,Cricket Valley Energy Center LLC,57185.0,Cricket Valley Energy,NY,U1HRSG,OP,N,Y,3-1326-00275/00009,2,2016,XX, , ,,, ,,,,,,,FD,0.0074,NP,OH,2020,SR,,,SR,,,FD,0.006,PB,OH,2020,XX, ,,,,,,,2020,1.0
56534,Cricket Valley Energy Center LLC,57185.0,Cricket Valley Energy,NY,U2HRSG,OP,N,Y,3-1326-00275/00009,2,2016,XX, , ,,, ,,,,,,,FD,0.0074,NP,OH,2020,SR,,,SR,,,FD,0.007,PB,NV,2020,XX, ,,,,,,,2020,1.0
56534,Cricket Valley Energy Center LLC,57185.0,Cricket Valley Energy,NY,U3HRSG,OP,N,Y,3-1326-00275/00009,2,2016,XX, , ,,, ,,,,,,,FD,0.0074,NP,OH,2020,SR,,,SR,,,FD,0.007,PB,NV,2020,XX, ,,,,,,,2020,1.0
56991,Astoria Energy II LLC,57664.0,Astoria Energy II,NY,HRSG3,OP,Db,Y,2-6301-00072/00014,12,2001,ST,0.0015,0,DP,PS,2011,WA,,,WA,,,ST,2,NM,PS,2011,,SR,H20,,SR,H20,FD,0.01,PB,PS,2011,, ,,,,,,,2020,1.0
56991,Astoria Energy II LLC,57664.0,Astoria Energy II,NY,HRSG4,OP,Db,Y,2-6301-00072/00014,12,2001,ST,0.0015,0,DP,PS,2011,WA,,,WA,,,FD,2,NM,PS,2011,,SR,H20,,SR,H20,FD,0.01,PB,OH,2011,, ,,,,,,,2020,1.0
58107,University of Rochester,58157.0,University of Rochester,NY,10,OP,Db,N,, , ,ST,0.0015, ,SU,NS,2016,SS,,,SS,,,ST,0.11,NH,PS,2016,LN,,,LN,,,XX, ,,, ,XX,2016,,,,,,,2020,2.0
58107,University of Rochester,58157.0,University of Rochester,NY,5,OP,Db,N,, , ,ST,0.0015, ,SU,NS,1998,SS,,,SS,,,ST,0.11,NH,PS,1998,LN,,,LN,,,, ,,, ,XX,1998,,,,,,,2020,2.0
58107,University of Rochester,58157.0,University of Rochester,NY,6,OP,Db,N,, , ,ST,0.0015, ,SU,NS,1998,SS,,,SS,,,ST,0.858,NH,PS,1998,LN,,,LN,,,, ,,, ,XX,1998,,,,,,,2020,2.0
58107,University of Rochester,58157.0,University of Rochester,NY,7,OP,Db,N,, , ,ST,0.0015, ,SU,NS,1998,SS,,,SS,,,ST,0.561,NH,PS,1998,LN,,,LN,,,, ,,, ,XX,1998,,,,,,,2020,2.0
58107,University of Rochester,58157.0,University of Rochester,NY,9,OP,Db,N,, , ,XX,0.0015, ,SU,NS,2005,SS,,,SS,,,ST,0.56,NH,PS,2005,LN,FR,,LN,FR,,, ,,, ,XX, ,,,,,,,2020,2.0
58971,Danskammer Energy,2480.0,Danskammer Generating Station,NY,1,OP,N,N,, , ,ST,1.1,0,SB,NV,1972,,,,,,,ST,0.42,NP,DA,1995,BF,LA,LN,,,,ST,20,OP,SM,1972,, ,,,,,,,2021,1.0
58971,Danskammer Energy,2480.0,Danskammer Generating Station,NY,2,OP,N,N,, , ,ST,1.1,0,SB,NV,1972,OT,,,,,,ST,0.42,NP,DA,1995,BF,LA,,,,,ST,20,OP,SM,1972,,1972,,,,,,,2021,1.0
58971,Danskammer Energy,2480.0,Danskammer Generating Station,NY,3,OP,N,N,, , ,ST,1.1,0,SB,DA,1987,OT,,,,,,ST,0.42,NP,DA,1995,OV,LN,,OV,LN,,ST,20,OP,SM,1987,, ,,,,,,,2021,1.0
58971,Danskammer Energy,2480.0,Danskammer Generating Station,NY,4,OP,N,N,, , ,ST,1.1,0,SB,DA,1987,OT,,,,,,ST,0.42,NP,DA,1995,OV,LN,,OV,LN,,ST,20,OP,SM,1987,, ,,,,,,,2021,1.0
13192,NRG Arthur Kill Operations Inc,2490.0,Arthur Kill Generating Station,NY,20,OP,N,N,, , ,ST,0.2, ,SU,NV,1972,,,,,,,LO,0.15,NM,NV,1995,LA,LN,OV,LA,LN,OV,ST,0.1,PB,NV,1971,, ,,,,,,,2021,1.0
13192,NRG Arthur Kill Operations Inc,2490.0,Arthur Kill Generating Station,NY,30,OP,N,N,, , ,ST,0.2, ,SU,NV,1972,,,,,,,ST,0.15,NM,NV,1995,LA,LN,OV,LA,LN,OV,ST,0.1,PB,NV,1971,, ,,,,,,,2021,1.0
15296,New York Power Authority,2491.0,Charles Poletti,NY,001,RE,N,,, , ,ST, , ,,, ,,,,,,,ST, ,,, ,,,,,,,ST, ,,, ,, ,,,,,,,2021,4.0
4226,Consolidated Edison Co-NY Inc,2493.0,East River,NY,60,OP,N,N,, , ,ST,0.3,0,SU,NV,1972,SS,WA,,SS,WA,,LO,0.15,NM,NV,1995,OV,LA,,LN,,,ST,0.1,PB,NV,1973,, ,,,,,,,2021,1.0
4226,Consolidated Edison Co-NY Inc,2493.0,East River,NY,70,OP,N,N,, , ,ST,0.3,0,SU,NV,1972,SS,WA,,SS,WA,,LO,0.15,NM,NV,1995,OV,FR,,LN,,,ST,0.1,PB,NV,1973,, ,,,,,,,2021,1.0
61130,"Helix Ravenswood, LLC",2500.0,Ravenswood,NY,10,OP,N,N,, , ,ST,0.3,0,SU,NV,1972,,WA,,,WA,,ST,0.15,NP,OH,1995,OV,,,OV,,,ST,0.1,PB,PS,1973,FD,2014,,,,,,,2021,1.0
61130,"Helix Ravenswood, LLC",2500.0,Ravenswood,NY,20,OP,N,N,, , ,ST,0.3,0,SU,NV,1972,,WA,,,WA,,ST,0.15,NP,OH,1995,OV,,,OV,,,ST,0.1,PB,PS,1973,FD,2014,,,,,,,2021,1.0
61130,"Helix Ravenswood, LLC",2500.0,Ravenswood,NY,30,OP,N,N,, , ,ST,0.3,0,SU,NV,1972,,WA,,,WA,,ST,0.15,NP,OH,1995,OV,,,OV,,,ST,0.1,PB,PS,1971,FD,2014,,,,,,,2021,1.0
61130,"Helix Ravenswood, LLC",2500.0,Ravenswood,NY,40,OP,N,N,, , ,ST,0.0071, ,DP,OH,2005,SS,,,SS,,,ST,0.038,NP,TH,2005,SR,LN,H20,SR,LN,H20,ST,0.021,PB,PS,2005,FD,2014,,,,,,,2021,1.0
4226,Consolidated Edison Co-NY Inc,2502.0,Waterside,NY,61,RE,N,,, , ,ST, , ,,, ,,,,,,,LO, ,,, ,,,,,,,ST, ,,, ,, ,,,,,,,2021,4.0
4226,Consolidated Edison Co-NY Inc,2502.0,Waterside,NY,62,RE,N,,, , ,ST, , ,,, ,,,,,,,LO, ,,, ,,,,,,,ST, ,,, ,, ,,,,,,,2021,4.0
4226,Consolidated Edison Co-NY Inc,2502.0,Waterside,NY,80,RE,N,,, , ,ST, , ,,, ,,,,,,,LO, ,,, ,,,,,,,ST, ,,, ,, ,,,,,,,2021,4.0
4226,Consolidated Edison Co-NY Inc,2502.0,Waterside,NY,90,RE,N,,, , ,ST, , ,,, ,,,,,,,LO, ,,, ,,,,,,,ST, ,,, ,, ,,,,,,,2021,4.0
56505,National Grid Generation LLC,2511.0,E F Barrett,NY,10,OP,N,N,, , ,ST,0.401,0,SU,NV,1971,SS,,,SS,,,ST,0.15,NP,OH,1995,,,,ND,,,ST,0.1,PB,NV,1971,, ,,,,,,,2021,1.0
56505,National Grid Generation LLC,2511.0,E F Barrett,NY,20,OP,N,N,, , ,ST,0.401,0,SU,NV,2014,SS,,,SS,,,ST,0.1,NP,DA,2014,OV,,,ND,,,ST,0.1,PB,NV,1971,, ,,,,,,,2021,1.0
56505,National Grid Generation LLC,2513.0,Far Rockaway,NY,40,RE,N,N,, , ,ST, , ,SU,NV,1971,,,,,,,ST, ,NP,OH,1995,,,,,,,ST,0.1,PB,NV,1971,, ,,,,,,,2021,4.0
56505,National Grid Generation LLC,2514.0,Glenwood,NY,40,RE,N,N,, , ,ST, , ,SU,NV,1971,,,,,,,ST, ,NP,OH,1995,,,,,,,ST,0.1,PB,NV,1971,, ,,,,,,,2021,4.0
56505,National Grid Generation LLC,2514.0,Glenwood,NY,50,RE,N,N,, , ,ST, , ,SU,NV,1971,,,,,,,ST, ,NP,OH,1995,,,,,,,ST,0.1,PB,NV,1971,, ,,,,,,,2021,4.0
56505,National Grid Generation LLC,2516.0,Northport,NY,1,OP,N,N,, , ,ST,0.55,0,SU,NV,1976,SS,,,SS,,,ST,0.1,NP,DA,2014,OV,,,ND,,,ST,0.1,PB,NV,1971,FD,2014,,,,,,,2021,1.0
56505,National Grid Generation LLC,2516.0,Northport,NY,2,OP,N,N,, , ,ST,0.55,0,SU,NV,1976,SS,,,SS,,,ST,0.1,NP,DA,2014,OV,,,ND,,,ST,0.1,PB,NV,1971,FD,2014,,,,,,,2021,1.0
56505,National Grid Generation LLC,2516.0,Northport,NY,3,OP,N,N,, , ,ST,0.55,0,SU,NV,1976,SS,,,SS,,,ST,0.1,NP,DA,2014,OV,,,ND,,,ST,0.1,PB,NV,1972,FD,2014,,,,,,,2021,1.0
56505,National Grid Generation LLC,2516.0,Northport,NY,4,OP,D,N,, , ,ST,0.55,0,SU,NV,1977,SS,,,SS,,,ST,0.1,NP,DA,2014,OV,,,ND,,,ST,0.1,PB,NV,1977,FD,2014,,,,,,,2021,1.0
56505,National Grid Generation LLC,2517.0,Port Jefferson,NY,1,RE,N,N,, , ,XX, , ,,, ,,,,,,,XX, ,,, ,,,,,,,XX, ,,, ,XX, ,,,,,,,2021,1.0
56505,National Grid Generation LLC,2517.0,Port Jefferson,NY,2,RE,N,N,, , ,XX, , ,,, ,,,,,,,XX, ,,, ,,,,,,,XX, ,,, ,XX, ,,,,,,,2021,1.0
56505,National Grid Generation LLC,2517.0,Port Jefferson,NY,3,OP,N,N,, , ,ST,0.55,0,SU,NV,1976,SS,,,SS,,,ST,0.15,NP,OH,1995,OV,,,ND,,,ST,0.1,PB,NV,1971,FD,2014,,,,,,,2021,1.0
56505,National Grid Generation LLC,2517.0,Port Jefferson,NY,4,OP,N,N,, , ,ST,0.55,0,SU,NV,1976,SS,,,SS,,,ST,0.15,NP,OH,1995,OV,,,ND,,,ST,0.1,PB,NV,1971,FD,2014,,,,,,,2021,1.0
25,Greenidge Generation Holdings LLC,2527.0,Greenidge Generation LLC,NY,4,RE,N,Y,8-5736-00004/00017,9,2016,ST, , ,,,1988,IF,,,SS,,,ST, ,NP,DA,1995,,,,,,,ST,0.28,PB,NV,1971,ST,2009,,,,,,,2021,1.0
25,Greenidge Generation Holdings LLC,2527.0,Greenidge Generation LLC,NY,5,RE,N,N,, , ,ST, , ,SB,MO,1988,,,,,,,ST, ,NP,DA,1995,,,,,,,ST,0.28,PB,NV,1971,ST,2009,,,,,,,2021,1.0
25,Greenidge Generation Holdings LLC,2527.0,Greenidge Generation LLC,NY,6,OP,D,Y,8-5736-00004/00016,9,2016,ST,0.19,0.95,SB,OH,2007,IF,,,SS,,,ST,0.12,NP,OT,1995,AA,LN,SR,SN,,,ST,0.22,PB,NV,1970,ST,2007,BP,CD,ACI,BP,CD,ACI,2021,1.0
14294,PSEG Power New York Inc,2539.0,Bethlehem Energy Center,NY,1,RE,,,, , ,, , ,,, ,,,,,,,, ,,, ,,,,,,,, ,,, ,, ,,,,,,,2021,1.0
14294,PSEG Power New York Inc,2539.0,Bethlehem Energy Center,NY,2,RE,,,, , ,, , ,,, ,,,,,,,, ,,, ,,,,,,,, ,,, ,, ,,,,,,,2021,1.0
14294,PSEG Power New York Inc,2539.0,Bethlehem Energy Center,NY,3,RE,,,, , ,, , ,,, ,,,,,,,, ,,, ,,,,,,,, ,,, ,, ,,,,,,,2021,1.0
14294,PSEG Power New York Inc,2539.0,Bethlehem Energy Center,NY,4,RE,,,, , ,, , ,,, ,,,,,,,, ,,, ,,,,,,,, ,,, ,, ,,,,,,,2021,1.0
14294,PSEG Power New York Inc,2539.0,Bethlehem Energy Center,NY,5,OP,Db,Y,4-0122-00044/00021,2,2002,ST,0.0006,0,DP,NV,2005,SS,,,NP,,,ST,0.0073,NP,NV,2005,SR,LN,,NP,,,ST,0.011,PB,NV,2005,XX, ,,,,,,,2021,1.0
14294,PSEG Power New York Inc,2539.0,Bethlehem Energy Center,NY,6,OP,Db,Y,4-0122-00044/00021,2,2002,ST,0.0006,0,DP,NV,2005,SS,,,NP,,,ST,0.0073,NP,NV,2005,SR,LN,,NP,,,ST,0.011,PB,NV,2005,XX, ,,,,,,,2021,1.0
14294,PSEG Power New York Inc,2539.0,Bethlehem Energy Center,NY,7,OP,Db,Y,4-0122-00044/00021,2,2002,ST,0.0006,0,DP,NV,2005,SS,,,NP,,,ST,0.0073,NP,NV,2005,SR,LN,,NP,,,ST,0.011,PB,NV,2005,XX, ,,,,,,,2021,1.0
13579,Dunkirk Power LLC,2554.0,Dunkirk Generating Plant,NY,1,OS,N,N,, , ,ST,2.07,0,DP,DA,1974,SS,,,SS,,,ST,0.12,NP,DA,2014,LN,AA,SN,LN,AA,SN,ST,0.22,PB,PS,1973,ST,2009,BP,ACI,,BP,ACI,,2021,1.0
13579,Dunkirk Power LLC,2554.0,Dunkirk Generating Plant,NY,2,RE,N,N,, , ,ST,2.07,0,DP,DA,1974,SS,,,SS,,,ST,0.12,NP,DA,1995,LN,AA,SN,LN,AA,SN,ST,0.23,PB,PS,1973,ST,2009,BP,ACI,,BP,ACI,,2021,1.0
13579,Dunkirk Power LLC,2554.0,Dunkirk Generating Plant,NY,3,OS,N,N,, , ,ST,2.07,0,DP,DA,1974,SS,,,SS,,,ST,0.12,NP,DA,1995,LN,AA,SN,LN,AA,SN,ST,0.16,PB,PS,1973,ST,2009,BP,ACI,,BP,ACI,,2021,1.0
13579,Dunkirk Power LLC,2554.0,Dunkirk Generating Plant,NY,4,OS,N,N,, , ,ST,2.07,0,DP,DA,1974,SS,,,SS,,,ST,3241,NP,DA,1995,LN,AA,SN,LN,AA,SN,ST,0.16,PB,PS,1973,ST,2009,BP,ACI,,BP,ACI,,2021,1.0
55951,Exelon Nuclear,2589.0,Nine Mile Point Nuclear Station,NY,NSS1,OP,,,, , ,, , ,,, ,,,,,,,, ,,, ,,,,,,,, ,,, ,, ,,,,,,,2021,3.0
55951,Exelon Nuclear,2589.0,Nine Mile Point Nuclear Station,NY,NSS2,OP,,,, , ,, , ,,, ,,,,,,,, ,,, ,,,,,,,, ,,, ,, ,,,,,,,2021,3.0
64701,Oswego Harbor Power,2594.0,Oswego Harbor Power,NY,5,OP,N,N,, , ,ST,0.8,0,DP,TH,2016,SS,,,SS,,,ST,0.25,NP,DA,2014,OV,FR,LA,OV,FR,LA,ST,0.1,PB,PS,1976,XX, ,,,,,,,2021,1.0
64701,Oswego Harbor Power,2594.0,Oswego Harbor Power,NY,6,OP,D,N,, , ,ST,0.8,0,DP,TH,2016,SS,,,SS,,,ST,0.22,NP,DA,2014,OV,FR,LA,OV,FR,LA,ST,0.1,PB,PS,1980,XX, ,,,,,,,2021,1.0
64082,"GenOn Bowline, LLC",2625.0,Bowline Point,NY,1,OP,N,N,, , ,ST,0.0037,0,SU,NV,1972,SS,,,SS,,,ST,0.25,NP,NV,1995,AA,,,AA,,,ST,0.1,PB,NV,1972,, ,,,,,,,2021,1.0
64082,"GenOn Bowline, LLC",2625.0,Bowline Point,NY,2,OP,N,N,, , ,ST,0.0037,0,SU,NV,1974,SS,,,SS,,,ST,0.25,NP,NV,1995,AA,,,AA,,,ST,0.1,PB,NV,1974,, ,,,,,,,2021,1.0
16183,Rochester Gas & Electric Corp,2642.0,Rochester 7,NY,1,RE,N,,, , ,ST, , ,,, ,,,,,,,ST, ,,, ,,,,,,,ST, ,,, ,, ,,,,,,,2021,4.0
16183,Rochester Gas & Electric Corp,2642.0,Rochester 7,NY,2,RE,N,,, , ,ST, , ,,, ,,,,,,,ST, ,,, ,,,,,,,ST, ,,, ,, ,,,,,,,2021,4.0
16183,Rochester Gas & Electric Corp,2642.0,Rochester 7,NY,3,RE,N,,, , ,ST, , ,,, ,,,,,,,ST, ,,, ,,,,,,,ST, ,,, ,, ,,,,,,,2021,4.0
16183,Rochester Gas & Electric Corp,2642.0,Rochester 7,NY,4,RE,N,,, , ,ST, , ,,, ,,,,,,,ST, ,,, ,,,,,,,ST, ,,, ,, ,,,,,,,2021,4.0
9645,Jamestown Board of Public Util,2682.0,S A Carlson,NY,10,OP,D,N,, , ,XX, , ,,, ,,,,,,,ST,0.06,NP,OH,2014,LN,,,LN,,,XX, ,,, ,XX, ,,,,,,,2021,2.0
9645,Jamestown Board of Public Util,2682.0,S A Carlson,NY,11,RE,,N,, , ,XX, , ,,, ,,,,,,,XX, ,,, ,,,,,,,XX, ,,, ,XX, ,,,,,,,2021,2.0
9645,Jamestown Board of Public Util,2682.0,S A Carlson,NY,12,RE,,N,, , ,XX, , ,,, ,,,,,,,XX, ,,, ,,,,,,,XX, ,,, ,XX, ,,,,,,,2021,2.0
9645,Jamestown Board of Public Util,2682.0,S A Carlson,NY,9,OP,D,N,, , ,XX, , ,,, ,,,,,,,ST,0.06,NP,OH,2014,LN,,,LN,,,XX, ,,, ,XX, ,,,,,,,2021,2.0
9645,Jamestown Board of Public Util,2682.0,S A Carlson,NY,HRSG,OP,,,, , ,XX, , ,,, ,,,,,,,ST,0.2,NP,OH,2001,,NP,,,NP,,XX, ,,, ,XX, ,,,,,,,2021,2.0
55951,Exelon Nuclear,6110.0,James A Fitzpatrick,NY,NSS1,OP,,,, , ,, , ,,, ,,,,,,,, ,,, ,,,,,,,, ,,, ,, ,,,,,,,2021,3.0
55951,Exelon Nuclear,6122.0,R E Ginna Nuclear Power Plant,NY,NSS1,OP,,,, , ,, , ,,, ,,,,,,,, ,,, ,,,,,,,, ,,, ,, ,,,,,,,2021,3.0
15296,New York Power Authority,7314.0,Richard M Flynn,NY,EIA01,OP,,,, , ,, , ,,, ,,,,,,,, ,,, ,,,,,,,, ,,, ,, ,,,,,,,2021,4.0
58651,"Allegany Generating Station, LLC",7784.0,Allegany Cogen,NY,HRSG,OP,Dc,N,, , ,FD,0.0006, ,DP,OH,1994,,,,,,,FD,9,NM,OH,1994,H20,SR,,H20,SR,,FD, ,,,1994,XX, ,,,,,,,2021,2.0
5511,CCI Roseton LLC,8006.0,Roseton Generating Facility,NY,1,OP,N,N,, , ,ST,0.5, ,SU,YR,1974,SS,,,SS,,,ST,0.15,NP,MO,1995,OV,FR,,OV,FR,,ST,0.1,PB,NV,1974,ST,1974,,,,,,,2021,1.0
5511,CCI Roseton LLC,8006.0,Roseton Generating Facility,NY,2,OP,N,N,, , ,ST,0.5, ,SU,YR,1974,SS,,,SS,,,ST,0.15,NP,MO,1995,OV,FR,,OV,FR,,ST,0.1,PB,NV,1974,ST,1974,,,,,,,2021,1.0
54863,U S Power Generating Company LLC,8906.0,Astoria Generating Station,NY,20,OP,N,N,, , ,ST,39.5,0,OT,NV,1972,WA,,,WA,,,ST,0.08,NP,OT,2014,LN,,,LN,,,ST,14.5,OT,NV,2005,, ,,,,,,,2021,1.0
54863,U S Power Generating Company LLC,8906.0,Astoria Generating Station,NY,30,OP,N,N,, , ,ST,0.3,0,SU,NV,1972,WA,,,WA,,,ST,0.15,NP,OT,2014,LN,,,FR,,,ST,0.1,PB,NV,1973,FD,2015,OT,,,OT,,,2021,1.0
54863,U S Power Generating Company LLC,8906.0,Astoria Generating Station,NY,40,OS,N,N,, , ,ST,0.3,0,SU,NV,1972,WA,,,WA,,,ST,0.15,NP,OT,2014,LN,,,LN,,,ST,0.1,PB,NV,1973,FD,2015,OT,,,OT,,,2021,1.0
54863,U S Power Generating Company LLC,8906.0,Astoria Generating Station,NY,50,OP,N,N,, , ,ST,0.3,0,SU,NV,1972,WA,,,WA,,,ST,0.15,NP,OT,2014,LN,,,LN,,,ST,0.1,PB,NV,1973,FD,2015,OT,,,OT,,,2021,1.0
6028,Entergy Nuclear Indian Point 3,8907.0,Indian Point 3,NY,NSS3,OP,,,, , ,, , ,,, ,,,,,,,, ,,, ,,,,,,,, ,,, ,, ,,,,,,,2021,3.0
5624,"RED-Rochester, LLC",10025.0,"RED-Rochester, LLC",NY,13,RE,N,,, , ,ST, , ,DP,YR,1988,,,,,,,ST, ,NP,DA,1995,,,,,,,ST,0.26,PB,OH,1995,, ,,,,,,,2021,1.0
5624,"RED-Rochester, LLC",10025.0,"RED-Rochester, LLC",NY,14,RE,N,,, , ,ST, , ,DP,YR,1988,,,,,,,ST, ,NP,DA,1995,,,,,,,ST,0.26,PB,OH,1995,, ,,,,,,,2021,1.0
5624,"RED-Rochester, LLC",10025.0,"RED-Rochester, LLC",NY,15,RE,N,,, , ,ST, , ,DP,YR,1988,,,,,,,ST, ,NP,DA,1995,,,,,,,ST,0.26,PB,OH,1972,, ,,,,,,,2021,1.0
5624,"RED-Rochester, LLC",10025.0,"RED-Rochester, LLC",NY,41,RE,N,N,, , ,FD,3.4, ,DP,YR,1988,SS,,,SS,,,FD,0.6,NP,DA,1995,FU,LA,,FU,LA,,ST,0.26,PB,OH,1972,,1972,,,,,,,2021,1.0
5624,"RED-Rochester, LLC",10025.0,"RED-Rochester, LLC",NY,42,RE,N,N,, , ,FD,3.4, ,DP,YR,1988,SS,,,SS,,,ST,0.6,NP,DA,1995,FU,LA,,FU,LA,,ST,0.26,PB,OH,1972,,1972,,,,,,,2021,1.0
5624,"RED-Rochester, LLC",10025.0,"RED-Rochester, LLC",NY,43,RE,N,N,, , ,FD,3.4, ,DP,YR,1988,SS,,,SS,,,ST,0.6,NP,DA,1995,FU,LA,,FU,LA,,ST,0.24,PB,OH,1972,,1972,,,,,,,2021,1.0
5624,"RED-Rochester, LLC",10025.0,"RED-Rochester, LLC",NY,44,OP,Da,N,, , ,FD,1.2, ,DP,NV,1987,SS,,,SS,,,ST,0.42,NP,DA,1995,FU,LA,,FU,LA,,FD,0.1,PB,NV,1987,,1987,,,,,,,2021,1.0
5624,"RED-Rochester, LLC",10025.0,"RED-Rochester, LLC",NY,45,OP,Db,Y,8-2699-00126/00001,9,2015,FD,1.2, ,DP,NV,2017,,,,,,,ST,0.15,NP,OT,2017,NP,,,NP,,,XX,0.2,PB,DA,2017,,2017,NP,,,NP,,,2021,1.0
5624,"RED-Rochester, LLC",10025.0,"RED-Rochester, LLC",NY,46,OP,Db,Y,8-2699-00126/00001,9,2015,XX, , ,,, ,,,,,,,ST,0.05,NP,OT,2018,NP,,,NP,,,, ,,, ,, ,,,,,,,2021,1.0
5624,"RED-Rochester, LLC",10025.0,"RED-Rochester, LLC",NY,47,OP,Db,Y,8-2699-00126/00001,9,2015,XX, , ,,, ,,,,,,,ST,0.05,NP,OT,2018,NP,,,NP,,,, ,,, ,,2017,,,,,,,2021,1.0
5624,"RED-Rochester, LLC",10025.0,"RED-Rochester, LLC",NY,48,OP,Db,Y,8-2699-00126/00001,9,2015,XX, , ,,, ,,,,,,,ST,0.05,NP,OT,2018,NP,,,NP,,,, ,,, ,,2017,,,,,,,2021,1.0
5624,"RED-Rochester, LLC",10025.0,"RED-Rochester, LLC",NY,PB1,OP,N,N,, , ,FD,1.65, ,DP,YR,1988,SS,,,SS,,,XX,0.6,NP,DA,1995,,,,,,,ST,0.2,PB,OH,1972,,1995,,,,,,,2021,1.0
5624,"RED-Rochester, LLC",10025.0,"RED-Rochester, LLC",NY,PB2,OP,N,N,, , ,FD,1.65, ,DP,YR,1988,SS,,,SS,,,XX,0.6,NP,DA,1995,,,,,,,ST,0.2,PB,OH,1972,,1995,,,,,,,2021,1.0
5624,"RED-Rochester, LLC",10025.0,"RED-Rochester, LLC",NY,PB3,OP,N,N,, , ,FD,1.65, ,DP,YR,1988,SS,,,SS,,,XX,0.6,NP,DA,1995,,,,,,,ST,0.2,PB,OH,1972,,1995,,,,,,,2021,1.0
5624,"RED-Rochester, LLC",10025.0,"RED-Rochester, LLC",NY,PB4,OP,N,N,, , ,FD,1.65, ,DP,YR,1988,SS,,,SS,,,XX,0.6,NP,DA,1995,,,,,,,ST,0.2,PB,OH,1972,,1995,,,,,,,2021,1.0
60741,Fortistar Castleton Power,10190.0,Castleton Energy Center,NY,HRSG-1,OP,Db,Y,4-3844-00008,2,2017,XX, , ,,, ,,,,,,,FD,25,NM,OH,1992,STM,,,,,,FD,0.01,PB,PS,1992,,1992,,,,,,,2021,2.0
1746,Black River Generation LLC,10464.0,ReEnergy Black River,NY,E0001,OP,N,,, , ,ST,0.2, ,DP,MO,2013,CF,,,CF,,,FD,0.17,NP,DA,2013,CF,LA,FU,CF,LA,FU,ST,0.015,PB,YR,2013,FD,2016,OT,,,OT,,,2021,2.0
1746,Black River Generation LLC,10464.0,ReEnergy Black River,NY,E0002,OP,N,,, , ,ST,0.2, ,DP,MO,2013,CF,,,CF,,,FD,0.17,NP,DA,2013,CF,LA,FU,CF,LA,FU,ST,0.015,PB,YR,2013,FD,2016,OT,,,OT,,,2021,2.0
1746,Black River Generation LLC,10464.0,ReEnergy Black River,NY,E0003,OP,N,,, , ,ST,0.2, ,DP,MO,2013,CF,,,CF,,,FD,0.17,NP,DA,2013,CF,LA,FU,CF,LA,FU,ST,0.015,PB,YR,2013,FD,2016,OT,,,OT,,,2021,2.0
20541,Wheelabrator Environmental Systems,10503.0,Wheelabrator Hudson Falls,NY,SG201A,OP,Db,N,, , ,ST,29,0.75,DM,DA,1992,IF,,,IF,,,ST,205,NM,DA,2000,OV,,,OV,,,ST,2500,UG,,1992,ST,2000,ACI,,,ACI,,,2021,2.0
20541,Wheelabrator Environmental Systems,10503.0,Wheelabrator Hudson Falls,NY,SG201B,OP,Db,N,, , ,ST,29,0.75,DM,DA,1992,IF,,,IF,,,ST,205,NM,DA,2000,OV,,,OV,,,ST,2500,UG,,1992,ST,2000,ACI,,,ACI,,,2021,2.0
56174,Finch Paper LLC,10511.0,Finch Paper,NY,10,OP,N,N,, , ,ST,100, ,DC,NV,1987,OT,,,OT,,,ST,464,NM,MO,1995,,,,OT,,,FD, ,,,1987,,1987,,,,,,,2021,2.0
56174,Finch Paper LLC,10511.0,Finch Paper,NY,4,OP,N,N,, , ,XX, , ,,, ,,,,,,,ST,0.45,NP,MO,1995,OT,,,LN,,,FD,0.1,PB,,1995,, ,,,,,,,2021,2.0
56174,Finch Paper LLC,10511.0,Finch Paper,NY,5,OP,N,N,, , ,XX, , ,,, ,,,,,,,ST,0.45,NP,MO,1995,OT,,,LN,,,FD,0.1,PB,,1995,, ,,,,,,,2021,2.0
56174,Finch Paper LLC,10511.0,Finch Paper,NY,8,OP,N,N,, , ,ST,100, ,DM,OT,1977,OT,,,OT,,,ST,464,NM,MO,1995,,,,,,,, ,,, ,, ,,,,,,,2021,2.0
56174,Finch Paper LLC,10511.0,Finch Paper,NY,9,OP,N,N,, , ,XX, , ,,, ,,,,,,,ST,0.27,NP,MO,1995,OT,,,,,,FD,0.3,PB,,1981,, ,,,,,,,2021,2.0
60641,Veolia NA - Municipal & Commercial Business,10521.0,Lederle Laboratories,NY,BLR3,OP,,,, , ,, , ,,, ,,,,,,,, ,,, ,,,,,,,, ,,, ,, ,,,,,,,2021,4.0
60641,Veolia NA - Municipal & Commercial Business,10521.0,Lederle Laboratories,NY,BLR4,OP,,,, , ,, , ,,, ,,,,,,,, ,,, ,,,,,,,, ,,, ,, ,,,,,,,2021,4.0
60641,Veolia NA - Municipal & Commercial Business,10521.0,Lederle Laboratories,NY,BLR5,OP,,,, , ,, , ,,, ,,,,,,,, ,,, ,,,,,,,, ,,, ,, ,,,,,,,2021,4.0
60641,Veolia NA - Municipal & Commercial Business,10521.0,Lederle Laboratories,NY,WHSG1,OP,,,, , ,, , ,,, ,,,,,,,, ,,, ,,,,,,,, ,,, ,, ,,,,,,,2021,4.0
60641,Veolia NA - Municipal & Commercial Business,10521.0,Lederle Laboratories,NY,WHSG2,OP,,,, , ,, , ,,, ,,,,,,,, ,,, ,,,,,,,, ,,, ,, ,,,,,,,2021,4.0
58338,Lakeside Beaver Falls LLC,10617.0,CH Resources Beaver Falls,NY,HRSG50,OP,Db,,, , ,, , ,,, ,,,,,,,, ,,, ,SR,,,,,,, ,,, ,, ,,,,,,,2021,2.0
3085,Carthage Energy LLC,10620.0,Carthage Energy LLC,NY,HRSG,OP,,,, , ,XX, , ,,, ,,,,,,,ST,42,NM,OH,1991,STM,,,,,,, ,,, ,, ,,,,,,,2021,2.0
58337,Lakeside Syracuse LLC,10621.0,CH Resources Syracuse,NY,HRSG50,SB,Db,,, , ,, , ,,, ,,,,,,,, ,,, ,SR,,,,,,, ,,, ,, ,,,,,,,2021,2.0
473,Covanta Hempstead Company,10642.0,Covanta Hempstead,NY,1,OP,N,,, , ,FD,29,0.75,DM,DA,1989,IF,,,,,,ST,145.7,NH,OH,2004,SN,LA,,SN,LA,,, ,,, ,ST,2007,BR,SD,,BR,SD,,2021,2.0
473,Covanta Hempstead Company,10642.0,Covanta Hempstead,NY,2,OP,N,,, , ,FD,29,0.75,DM,DA,1989,IF,,,,,,ST,145.7,NH,OH,2004,SN,LA,,SN,LA,,, ,,, ,ST,2007,BR,SD,,BR,SD,,2021,2.0
473,Covanta Hempstead Company,10642.0,Covanta Hempstead,NY,3,OP,N,,, , ,FD,29,0.75,DM,DA,1989,IF,,,,,,ST,145.7,NH,OH,2004,SN,,,SN,,,, ,,, ,ST,2007,BR,SD,,BR,SD,,2021,2.0
16909,Selkirk Cogen Partners LP,10725.0,Selkirk Cogen,NY,HRSG1,OP,Db,N,, , ,ST,0.2,0,SU,NS,1992,,,,,,,ST,0.091,NP,NS,1992,SR,,,SR,,,ST,0.014,PB,NS,1992,, ,,,,,,,2021,1.0
16909,Selkirk Cogen Partners LP,10725.0,Selkirk Cogen,NY,HRSG2,OP,Db,N,, , ,ST,0.2,0,SU,NS,1994,,,,,,,ST,0.0181,NP,NS,1994,SR,,,SR,,,ST,0.014,PB,NS,1994,, ,,,,,,,2021,1.0
16909,Selkirk Cogen Partners LP,10725.0,Selkirk Cogen,NY,HRSG3,OP,Db,N,, , ,ST,0.2,0,SU,NS,1994,,,,,,,ST,0.0181,NP,NS,1994,SR,,,SR,,,ST,0.014,PB,NS,1994,, ,,,,,,,2021,1.0
40052,AG Energy LP,10803.0,Ogdensburg Power,NY,HRSG A,OS,,,, , ,, , ,,, ,,,,,,,, ,,, ,,,,,,,, ,,, ,, ,,,,,,,2021,2.0
24457,Calpine Eastern Corp,50292.0,Bethpage Power Plant,NY,HRSG1,OA,,,, , ,XX, , ,,, ,,,,,,,ST,42,NM,OH,1987,STM,,,STM,,,, ,,, ,, ,,,,,,,2021,2.0
24457,Calpine Eastern Corp,50292.0,Bethpage Power Plant,NY,HRSG2,OP,,,, , ,XX, , ,,, ,,,,,,,ST,42,NM,OH,1987,STM,,,STM,,,, ,,, ,, ,,,,,,,2021,2.0
24457,Calpine Eastern Corp,50292.0,Bethpage Power Plant,NY,HRSG3,OP,,,, , ,, , ,,, ,,,,,,,ST,2.5,NM,OH,2005,SR,,,SR,,,, ,,, ,, ,,,,,,,2021,2.0
9245,Indeck-Energy Serv Silver Spg,50449.0,Indeck Silver Springs Energy Center,NY,HRSG1,OP,N,N,, , ,XX, , ,,, ,,,,,,,FD,32,NM,OH,1991,STM,,,,,,XX, ,,, ,XX, ,,,,,,,2021,2.0
9244,Indeck-Oswego Ltd Partnership,50450.0,Indeck Oswego Energy Center,NY,HRSG1,OP,N,N,, , ,XX, , ,,, ,,,,,,,ST,25,NM,DA,1990,STM,,,,,,XX, ,,, ,FD,1990,,,,,,,2021,2.0
9243,Indeck-Yerkes Ltd Partnership,50451.0,Indeck Yerkes Energy Center,NY,HRSG1,OP,N,N,, , ,XX, , ,,, ,,,,,,,FD,42,NM,OH,1990,STM,,,,,,XX, ,,, ,FD,1990,,,,,,,2021,2.0
9263,Indeck-Corinth Ltd Partnership,50458.0,Indeck Corinth Energy Center,NY,HRSG1,OP,N,,, , ,XX, , ,,, ,,,,,,,ST,9,NM,OH,1995,LN,SR,H20,LN,SR,H20,XX, ,,, ,FD,1995,,,,,,,2021,2.0
470,Covanta Energy of Niagara LP,50472.0,"Covanta Niagara I, LLC",NY,BLR1,OP,Db,N,9-2911-00113/00039,5,2014,ST,0.3, ,DH,OH,1981,,,,OT,,,ST,0.08,NP,OH,2014,SN,,,SN,,,ST,20,OP,SM,1991,ST,1981,,,,,,,2021,2.0
470,Covanta Energy of Niagara LP,50472.0,"Covanta Niagara I, LLC",NY,BLR2,OP,Db,N,9-2911-00113/00039,5,2014,ST,0.3, ,DH,OH,1981,,,,OT,,,ST,0.08,NP,OH,2014,SN,,,SN,,,ST,20,OP,SM,1991,, ,,,,,,,2021,2.0
470,Covanta Energy of Niagara LP,50472.0,"Covanta Niagara I, LLC",NY,BLR3,OP,Db,Y,9-2911-00113/00039,5,2014,FD,29,0.8,DM,OH,1996,IF,,,IF,,,FD,150,NM,DA,1996,SN,,,SN,,,FD,11.2,PH,OH,1996,FD,1996,ACI,BR,SD,ACI,BR,SD,2021,2.0
470,Covanta Energy of Niagara LP,50472.0,"Covanta Niagara I, LLC",NY,BLR4,OP,Db,Y,9-2911-00113/00039,5,2014,FD,29,0.8,DM,OH,1996,IF,,,IF,,,FD,150,NM,DA,1996,SN,,,SN,,,FD,11.2,PH,OH,1996,FD,1996,ACI,BR,SD,ACI,BR,SD,2021,2.0
4484,Covanta Babylon Inc,50649.0,Covanta Babylon Inc,NY,1,OP,N,,, , ,FD,29,0.75,DM,DA,1989,IF,,,IF,,,ST,150,NH,DA,1989,SN,,,SN,,,, ,,, ,ST,1989,ACI,,,ACI,,,2021,2.0
4484,Covanta Babylon Inc,50649.0,Covanta Babylon Inc,NY,2,OP,N,,, , ,FD,29,0.75,DM,DA,1989,IF,,,IF,,,ST,150,NM,DA,1989,SN,,,SN,,,, ,,, ,ST,1989,ACI,,,ACI,,,2021,2.0
9097,Huntington Resource Recovery,50656.0,Huntington Resource Recovery Facility,NY,UNIT1,OP,N,,, , ,FD,29,0.75,DM,DA,1991,IF,,,ND,,,ST,185,NM,TH,1991,SN,,,SN,,,, ,,, ,ST,1991,ACI,BP,,ACI,BP,,2021,2.0
9097,Huntington Resource Recovery,50656.0,Huntington Resource Recovery Facility,NY,UNIT2,OP,N,,, , ,FD,29,0.75,DM,DA,1991,IF,,,,,,ST,185,NM,TH,1991,SN,,,SN,,,, ,,, ,ST,1991,ACI,BP,,ACI,BP,,2021,2.0
9097,Huntington Resource Recovery,50656.0,Huntington Resource Recovery Facility,NY,UNIT3,OP,N,,, , ,FD,29,0.75,DM,DA,1991,IF,,,,,,ST,185,NM,TH,1991,SN,,,SN,,,, ,,, ,ST,1991,ACI,BP,,ACI,BP,,2021,2.0
4487,Covanta Onondega LP,50662.0,Onondaga County Resource Recovery,NY,UNIT1,OP,Db,Y,7-3142-00028/00009,8,2021,ST,29,0.85,DM,DA,1995,,,,,,,ST,180,NM,DA,1995,NH3,SN,,NH3,SN,,FD, ,,,1995,ST,1995,ACI,SD,BP,ACI,SD,BP,2021,2.0
4487,Covanta Onondega LP,50662.0,Onondaga County Resource Recovery,NY,UNIT2,OP,Db,Y,7-3142-00028/00009,8,2021,ST,29,0.85,DM,DA,1995,,,,,,,ST,180,NM,DA,1995,NH3,SN,,NH3,SN,,FD, ,,,1995,ST,1995,ACI,SD,BP,ACI,SD,BP,2021,2.0
4487,Covanta Onondega LP,50662.0,Onondaga County Resource Recovery,NY,UNIT3,OP,Db,Y,7-3142-00028/00009,8,2021,ST,29,0.85,DM,DA,1995,,,,,,,ST,180,NM,DA,1995,NH3,SN,,NH3,SN,,FD, ,,,1995,ST,1995,ACI,SD,BP,ACI,SD,BP,2021,2.0
14182,Sterling Power Partners LP,50744.0,Sterling Power Plant,NY,HRSG,OP,,,, , ,, , ,,, ,,,,,,,, ,,, ,,,,,,,, ,,, ,, ,,,,,,,2021,4.0
20541,Wheelabrator Environmental Systems,50882.0,Wheelabrator Westchester,NY,1,OP,N,N,, , ,FD,29,0.77,DM,DA,1999,IF,,,IF,,,ST,184,NM,DA,1999,SN,,,SN,,,FD,10,OP,SM,1999,ST,1999,ACI,,,ACI,,,2021,2.0
20541,Wheelabrator Environmental Systems,50882.0,Wheelabrator Westchester,NY,2,OP,N,,, , ,FD,29, ,DM,DA,1999,IF,,,IF,,,ST,184,NM,DA,1999,SN,,,SN,,,, ,,, ,ST,1999,ACI,,,ACI,,,2021,2.0
20541,Wheelabrator Environmental Systems,50882.0,Wheelabrator Westchester,NY,3,OP,N,,, , ,FD,29, ,DM,DA,1999,IF,,,IF,,,ST,184,NM,DA,1999,SN,,,SN,,,ST, ,,,1999,ST,1999,ACI,,,ACI,,,2021,2.0
24202,Carr Street Generating Sta LP,50978.0,Carr Street Generating Station,NY,HRSG1,OP,,,, , ,, , ,,, ,,,,,,,, ,,, ,,,,,,,, ,,, ,, ,,,,,,,2021,4.0
24202,Carr Street Generating Sta LP,50978.0,Carr Street Generating Station,NY,HRSG2,OP,,,, , ,, , ,,, ,,,,,,,, ,,, ,,,,,,,, ,,, ,, ,,,,,,,2021,4.0
56601,Covanta MacArthur Renewable Energy,51038.0,MacArthur Waste to Energy Facility,NY,B1,OP,D,,, , ,FD,31,0.75,DM,DA,1990,IF,,,IF,,,FD,170,NM,DA,1990,OV,LA,OT,OV,LA,OT,, ,,, ,FD,1990,ACI,,,ACI,,,2021,2.0
56601,Covanta MacArthur Renewable Energy,51038.0,MacArthur Waste to Energy Facility,NY,B2,OP,D,,, , ,FD,31,0.75,DM,DA,1990,IF,,,IF,,,FD,170,NM,DA,1990,OV,LA,,OV,LA,,, ,,, ,FD,1990,ACI,,,ACI,,,2021,2.0
19153,Nassau Energy Corp,52056.0,Nassau Energy Corp,NY,4,OP,Db,N,, , ,XX, , ,,, ,,,,,,,ST,42,NM,OH,1995,STM,,,,,,XX, ,,, ,ST,2008,,,,,,,2021,2.0
24210,Riverbay Corp,52168.0,Riverbay,NY,U00002,OP,,,, , ,ST,15, ,DM,PS,2020,OT,,,OT,,,ST,0.15,NP,NV,2020,LN,FR,,LN,FR,,XX, ,,, ,ST,2020,OT,,,OT,,,2021,2.0
24210,Riverbay Corp,52168.0,Riverbay,NY,U00003,OP,,,, , ,, , ,,, ,,,,,,,ST,0.1,NH,OH,2011,LN,,,LN,,,, ,,, ,,2011,,,,,,,2021,2.0
24210,Riverbay Corp,52168.0,Riverbay,NY,U00004,OP,,,, , ,, , ,,, ,,,,,,,ST,2.5,NM,TH,2011,SR,,,SR,,,, ,,, ,ST,2011,,,,,,,2021,2.0
24210,Riverbay Corp,52168.0,Riverbay,NY,U00006,OP,,,, , ,, , ,,, ,,,,,,,ST,2.5,NM,TH,2011,SR,,,SR,,,, ,,, ,ST,2011,,,,,,,2021,2.0
24210,Riverbay Corp,52168.0,Riverbay,NY,U00008,CN,,,, , ,, , ,,, ,,,,,,,, ,,, ,,,,,,,, ,,, ,, ,,,,,,,2021,2.0
6838,Rensselaer Generating LLC,54034.0,Rensselaer Cogen,NY,HRSG,OP,Db,N,, , ,ST,0.0015, ,SU,DT,2014,SS,,,,,,ST,9,NM,OH,1994,,SR,STM,,SR,STM,FD,3.6,PH,OH,1994,XX,1994,,,,,,,2021,2.0
11127,Lockport Energy Associates LP,54041.0,Lockport Energy Associates LP,NY,4,OP,Db,N,, , ,ST,0.15, ,DP,YR,1992,SS,,,SS,,,ST,0.14,NP,YR,1993,STM,,,STM,,,, ,,, ,FD,1992,,,,,,,2021,2.0
9261,Indeck-Olean Ltd Partnership,54076.0,Indeck Olean Energy Center,NY,HRSG1,OP,N,N,, , ,XX, , ,,, ,,,,,,,ST,9,NM,OH,1994,SR,STM,,SR,STM,,ST,0.004,PB,,1994,XX,1994,,,,,,,2021,2.0
9350,IPC-Ticonderoga,54099.0,Ticonderoga Mill,NY,PB1,OP,,,, , ,FD,435, ,DH,TH,1996,IF,,,IF,,,ST,0.22,NP,DA,2015,LN,OV,,LN,OV,,, ,,, ,FD,2017,,,,,,,2021,2.0
9350,IPC-Ticonderoga,54099.0,Ticonderoga Mill,NY,RB1,OP,N,,, , ,XX, , ,,, ,,,,,,,ST,100,NM,PS,1995,NP,,,NP,,,, ,,, ,XX, ,,,,,,,2021,2.0
10349,KIAC Partners,54114.0,Kennedy International Airport Cogen,NY,HRSG1,OP,N,N,, , ,, , ,,, ,,,,,,,FD,9.01,NM,OH,1994,SR,,,SR,,,, ,,, ,, ,,,,,,,2021,2.0
10349,KIAC Partners,54114.0,Kennedy International Airport Cogen,NY,HRSG2,OP,N,N,, , ,, , ,,, ,,,,,,,FD,9.01,NM,OH,1994,SR,,,SR,,,, ,,, ,, ,,,,,,,2021,2.0
50136,North American Energy Services,54131.0,Fortistar North Tonawanda,NY,HR123,OP,Db,N,, , ,ST,0.15, ,DP,YR,1992,SS,,,SS,,,ST,0.14,NP,YR,1992,STM,,,STM,,,, ,,, ,FD,1992,,,,,,,2021,2.0
17254,Sithe/Independence LLC,54547.0,Sithe Independence Station,NY,HRSG 1,OP,Db,N,, , ,ST,0.0006,0,DP,YR,1995,WA,,,WA,,,ST,0.0173,NH,OH,1995,SR,,,,,,ST,0.0011,PH,OH,1995,, ,,,,,,,2021,1.0
17254,Sithe/Independence LLC,54547.0,Sithe Independence Station,NY,HRSG 2,OP,Db,N,, , ,ST,0.0006,0,DP,YR,1995,WA,,,WA,,,ST,0.018,NH,OH,1995,SR,,,,,,ST,0.0011,PH,OH,1995,, ,,,,,,,2021,1.0
17254,Sithe/Independence LLC,54547.0,Sithe Independence Station,NY,HRSG 3,OP,Db,N,, , ,ST,0.0006,0,DP,YR,1995,WA,,,WA,,,ST,0.0188,NH,OH,1995,SR,,,,,,ST,0.0011,PH,OH,1995,, ,,,,,,,2021,1.0
17254,Sithe/Independence LLC,54547.0,Sithe Independence Station,NY,HRSG 4,OP,Db,N,, , ,ST,0.0006,0,DC,YR,1995,WA,,,WA,,,ST,0.0184,NH,OH,1995,SR,,,,,,ST,0.0011,PH,OH,1995,, ,,,,,,,2021,1.0
16729,Saranac Power Partners LP,54574.0,Saranac Facility,NY,HRSG1,OP,Da,N,, , ,XX, , ,,, ,,,,,,,FD,0.033,NP,TH,1994,LN,NH3,SR,,,,FD,0.0062,PB,TH,1994,XX, ,,,,,,,2021,2.0
16729,Saranac Power Partners LP,54574.0,Saranac Facility,NY,HRSG2,OP,Da,N,, , ,XX, , ,,, ,,,,,,,FD,0.033,NP,TH,1994,NH3,SR,LN,,,,FD,0.0062,PB,TH,1994,XX, ,,,,,,,2021,2.0
15253,Power City Partners LP,54592.0,Massena Energy Facility,NY,HRSG1,OP,Db,N,, , ,XX, , ,,, ,,,,,,,ST,9,NM,OH,1992,SR,STM,,,,,, ,,, ,, ,,,,,,,2021,2.0
16839,Seneca Power Partners LP,54593.0,Batavia Power Plant,NY,HRSG,OP,,,, , ,, , ,,, ,,,,,,,, ,,, ,,,,,,,, ,,, ,, ,,,,,,,2021,4.0
2313,Brooklyn Navy Yard Cogen PLP,54914.0,Brooklyn Navy Yard Cogeneration,NY,HRSG1,OP,,,, , ,, , ,,, ,,,,,,,, ,,, ,,,,,,,, ,,, ,, ,,,,,,,2021,4.0
2313,Brooklyn Navy Yard Cogen PLP,54914.0,Brooklyn Navy Yard Cogeneration,NY,HRSG2,OP,,,, , ,, , ,,, ,,,,,,,, ,,, ,,,,,,,, ,,, ,, ,,,,,,,2021,4.0
22979,Astoria Energy LLC,55375.0,Astoria Energy,NY,HRSG1,OP,Db,Y,2-6301-00072/00014,12,2001,FD,0.0015,0,DP,PS,2006,WA,,,WA,,,FD,2,NM,TH,2006,H20,SR,,H20,SR,,FD,0.01,PB,PS,2006,ST,2006,,,,,,,2021,1.0
22979,Astoria Energy LLC,55375.0,Astoria Energy,NY,HRSG2,OP,Db,Y,2-6301-00072/00014,12,2001,FD,0.0015,0,DP,PS,2006,WA,,,WA,,,FD,2,NH,TH,2006,H20,SR,,H20,SR,,FD,0.01,PB,PS,2006,LO,2006,,,,,,,2021,1.0
32173,New Athens Generating Company LLC,55405.0,Athens Generating Plant,NY,HRSG01,OP,,,, , ,, , ,,, ,,,,,,,, ,,, ,,,,,,,, ,,, ,, ,,,,,,,2021,3.0
32173,New Athens Generating Company LLC,55405.0,Athens Generating Plant,NY,HRSG02,OP,,,, , ,, , ,,, ,,,,,,,, ,,, ,,,,,,,, ,,, ,, ,,,,,,,2021,3.0
32173,New Athens Generating Company LLC,55405.0,Athens Generating Plant,NY,HRSG03,OP,,,, , ,, , ,,, ,,,,,,,, ,,, ,,,,,,,, ,,, ,, ,,,,,,,2021,3.0
49837,Pinelawn Power LLC,56188.0,Pinelawn Power LLC,NY,001,op,Db,N,, , ,XX, , ,,, ,,,,,,,FD,4.33,NH,NV,2005,SR,H20,NH3,,,,FD,0.1,PB,WO,2005,XX, ,,,,,,,2021,2.0
15296,New York Power Authority,56196.0,500MW CC,NY,7A,OP,,,, , ,, , ,,, ,,,,,,,, ,,, ,,,,,,,, ,,, ,, ,,,,,,,2021,3.0
15296,New York Power Authority,56196.0,500MW CC,NY,7B,OP,,,, , ,, , ,,, ,,,,,,,, ,,, ,,,,,,,, ,,, ,, ,,,,,,,2021,3.0
49950,"Caithness Long Island, LLC",56234.0,Caithness Long Island Energy Center,NY,HRSG01,OP,Da,N,, , ,, , ,,, ,,,,,,,ST,2,NM,TH,2009,SR,,,SR,,,, ,,, ,, ,,,,,,,2021,1.0
56480,Empire Generating Co LLC,56259.0,Empire Generating Co LLC,NY,HRSG11,OP,N,Y,4-3814-00052/00009,12,2021,FD,0.06,0,DP,NV,2010,WA,SS,,WA,SS,,ST,2,NM,TH,2010,SR,NH3,LN,SR,NH3,LN,ST,0.012,PB,PS,2010,XX, ,,,,,,,2021,1.0
56480,Empire Generating Co LLC,56259.0,Empire Generating Co LLC,NY,HRSG12,OP,N,Y,4-3814-00052/00009,12,2021,FD,0.06,0,DP,NV,2010,WA,OT,,WA,OT,,ST,2,NM,TH,2010,SR,NH3,LN,SR,NH3,LN,ST,0.012,PB,PS,2010,, ,,,,,,,2021,1.0
56204,"CPV Valley, LLC",56940.0,CPV Valley Energy Center,NY,HRSG1,OP,Db,N,, , ,ST,0.0015,0,SB,DT,2018,SS,,,SS,,,ST,2,NM,OH,2018,NH3,SR,LN,NH3,SR,LN,ST,0.0073,PB,OH,2018,XX, ,,,,,,,2021,1.0
56204,"CPV Valley, LLC",56940.0,CPV Valley Energy Center,NY,HRSG2,OP,Db,N,, , ,ST,0.0015,0,SB,DT,2018,SS,,,SS,,,ST,2,NM,OH,2018,NH3,SR,LN,NH3,SR,LN,ST,0.0073,PB,OH,2018,XX, ,,,,,,,2021,1.0
56534,Cricket Valley Energy Center LLC,57185.0,Cricket Valley Energy,NY,U1HRSG,OP,N,Y,3-1326-00275/00009,2,2016,XX, , ,,, ,,,,,,,FD,0.0074,NP,OH,2020,SR,,,SR,,,FD,0.006,PB,OH,2020,XX, ,,,,,,,2021,1.0
56534,Cricket Valley Energy Center LLC,57185.0,Cricket Valley Energy,NY,U2HRSG,OP,N,Y,3-1326-00275/00009,2,2016,XX, , ,,, ,,,,,,,FD,0.0074,NP,OH,2020,SR,,,SR,,,FD,0.007,PB,NV,2020,XX, ,,,,,,,2021,1.0
56534,Cricket Valley Energy Center LLC,57185.0,Cricket Valley Energy,NY,U3HRSG,OP,N,Y,3-1326-00275/00009,2,2016,XX, , ,,, ,,,,,,,FD,0.0074,NP,OH,2020,SR,,,SR,,,FD,0.007,PB,NV,2020,XX, ,,,,,,,2021,1.0
56991,Astoria Energy II LLC,57664.0,Astoria Energy II,NY,HRSG3,OP,Db,Y,2-6301-00072/00014,12,2001,ST,0.0015,0,DP,PS,2011,WA,,,WA,,,ST,2,NM,PS,2011,,SR,H20,,SR,H20,FD,0.01,PB,PS,2011,, ,,,,,,,2021,1.0
56991,Astoria Energy II LLC,57664.0,Astoria Energy II,NY,HRSG4,OP,Db,Y,2-6301-00072/00014,12,2001,ST,0.0015,0,DP,PS,2011,WA,,,WA,,,FD,2,NM,PS,2011,,SR,H20,,SR,H20,FD,0.01,PB,OH,2011,, ,,,,,,,2021,1.0
58107,University of Rochester,58157.0,University of Rochester,NY,10,OP,Db,N,, , ,ST,0.0015, ,SU,NS,2016,SS,,,SS,,,ST,0.11,NH,PS,2016,LN,,,LN,,,XX, ,,, ,XX,2016,,,,,,,2021,2.0
58107,University of Rochester,58157.0,University of Rochester,NY,5,OP,Db,N,, , ,ST,0.0015, ,SU,NS,1998,SS,,,SS,,,ST,0.11,NH,PS,1998,LN,,,LN,,,, ,,, ,XX,1998,,,,,,,2021,2.0
58107,University of Rochester,58157.0,University of Rochester,NY,6,OP,Db,N,, , ,ST,0.0015, ,SU,NS,1998,SS,,,SS,,,ST,0.858,NH,PS,1998,LN,,,LN,,,, ,,, ,XX,1998,,,,,,,2021,2.0
58107,University of Rochester,58157.0,University of Rochester,NY,7,OP,Db,N,, , ,ST,0.0015, ,SU,NS,1998,SS,,,SS,,,ST,0.561,NH,PS,1998,LN,,,LN,,,, ,,, ,XX,1998,,,,,,,2021,2.0
58107,University of Rochester,58157.0,University of Rochester,NY,9,OP,Db,N,, , ,XX,0.0015, ,SU,NS,2005,SS,,,SS,,,ST,0.56,NH,PS,2005,LN,FR,,LN,FR,,, ,,, ,XX, ,,,,,,,2021,2.0
58971,Danskammer Energy,2480.0,Danskammer Generating Station,NY,1,OP,N,N,, , ,XX, , ,,, ,,,,,,,ST,0.42,NP,DA,1995,BF,LA,LN,,,,ST,20,OP,SM,1972,, ,,,,,,,2022,1.0
58971,Danskammer Energy,2480.0,Danskammer Generating Station,NY,2,OP,N,N,, , ,XX, , ,,, ,,,,,,,ST,0.42,NP,DA,1995,BF,LA,,,,,ST,20,OP,SM,1972,, ,,,,,,,2022,1.0
58971,Danskammer Energy,2480.0,Danskammer Generating Station,NY,3,OP,N,N,, , ,XX, , ,,, ,,,,,,,ST,0.42,NP,DA,1995,OV,LN,,OV,LN,,ST,20,OP,SM,1987,, ,,,,,,,2022,1.0
58971,Danskammer Energy,2480.0,Danskammer Generating Station,NY,4,OP,N,N,, , ,XX, , ,,, ,,,,,,,ST,0.42,NP,DA,1995,OV,LN,,OV,LN,,ST,20,OP,SM,1987,, ,,,,,,,2022,1.0
13192,NRG Arthur Kill Operations Inc,2490.0,Arthur Kill Generating Station,NY,20,OP,N,N,, , ,ST,0.2, ,SU,NV,1972,,,,,,,LO,0.15,NM,NV,1995,LA,LN,OV,LA,LN,OV,ST,0.1,PB,NV,1971,, ,,,,,,,2022,1.0
13192,NRG Arthur Kill Operations Inc,2490.0,Arthur Kill Generating Station,NY,30,OP,N,N,, , ,ST,0.2, ,SU,NV,1972,,,,,,,ST,0.15,NM,NV,1995,LA,LN,OV,LA,LN,OV,ST,0.1,PB,NV,1971,, ,,,,,,,2022,1.0
15296,New York Power Authority,2491.0,Charles Poletti,NY,001,RE,N,,, , ,ST, , ,,, ,,,,,,,ST, ,,, ,,,,,,,ST, ,,, ,, ,,,,,,,2022,4.0
4226,Consolidated Edison Co-NY Inc,2493.0,East River,NY,60,OP,N,N,, , ,ST,0.3,0,SU,NV,1972,SS,WA,,SS,WA,,LO,0.15,NM,NV,1995,OV,LA,,LN,,,ST,0.1,PB,NV,1973,, ,,,,,,,2022,1.0
4226,Consolidated Edison Co-NY Inc,2493.0,East River,NY,70,OP,N,N,, , ,ST,0.3,0,SU,NV,1972,SS,WA,,SS,WA,,LO,0.15,NM,NV,1995,OV,FR,,LN,,,ST,0.1,PB,NV,1973,, ,,,,,,,2022,1.0
61130,"Helix Ravenswood, LLC",2500.0,Ravenswood,NY,10,OP,N,N,, , ,LO,0.15,0,SU,NV,1972,,WA,,,WA,,ST,0.15,NP,OH,1995,OV,,,OV,,,ST,0.1,PB,PS,1973,FD,2014,,,,,,,2022,1.0
61130,"Helix Ravenswood, LLC",2500.0,Ravenswood,NY,20,OP,N,N,, , ,LO,0.15,0,SU,NV,1972,,WA,,,WA,,ST,0.15,NP,OH,1995,OV,,,OV,,,ST,0.1,PB,PS,1973,FD,2014,,,,,,,2022,1.0
61130,"Helix Ravenswood, LLC",2500.0,Ravenswood,NY,30,OP,N,N,, , ,LO,0.15,0,SU,NV,1972,,WA,,,WA,,ST,0.15,NP,OH,1995,OV,,,OV,,,ST,0.1,PB,PS,1971,FD,2014,,,,,,,2022,1.0
61130,"Helix Ravenswood, LLC",2500.0,Ravenswood,NY,40,OP,N,N,, , ,ST,0.0015, ,SU,OH,2005,SS,,,SS,,,ST,0.038,NP,TH,2005,SR,LN,H20,SR,LN,H20,ST,0.021,PB,PS,2005,FD,2014,,,,,,,2022,1.0
4226,Consolidated Edison Co-NY Inc,2502.0,Waterside,NY,61,RE,N,,, , ,ST, , ,,, ,,,,,,,LO, ,,, ,,,,,,,ST, ,,, ,, ,,,,,,,2022,4.0
4226,Consolidated Edison Co-NY Inc,2502.0,Waterside,NY,62,RE,N,,, , ,ST, , ,,, ,,,,,,,LO, ,,, ,,,,,,,ST, ,,, ,, ,,,,,,,2022,4.0
4226,Consolidated Edison Co-NY Inc,2502.0,Waterside,NY,80,RE,N,,, , ,ST, , ,,, ,,,,,,,LO, ,,, ,,,,,,,ST, ,,, ,, ,,,,,,,2022,4.0
4226,Consolidated Edison Co-NY Inc,2502.0,Waterside,NY,90,RE,N,,, , ,ST, , ,,, ,,,,,,,LO, ,,, ,,,,,,,ST, ,,, ,, ,,,,,,,2022,4.0
56505,National Grid Generation LLC,2511.0,E F Barrett,NY,10,OP,N,N,, , ,ST,0.401,0,SU,NV,1971,SS,,,SS,,,ST,0.15,NP,OH,1995,,,,ND,,,ST,0.1,PB,NV,1971,, ,,,,,,,2022,1.0
56505,National Grid Generation LLC,2511.0,E F Barrett,NY,20,OP,N,N,, , ,ST,0.401,0,SU,NV,2014,SS,,,SS,,,ST,0.1,NP,DA,2014,OV,,,ND,,,ST,0.1,PB,NV,1971,, ,,,,,,,2022,1.0
56505,National Grid Generation LLC,2513.0,Far Rockaway,NY,40,RE,N,N,, , ,ST, , ,SU,NV,1971,,,,,,,ST, ,NP,OH,1995,,,,,,,ST,0.1,PB,NV,1971,, ,,,,,,,2022,4.0
56505,National Grid Generation LLC,2514.0,Glenwood,NY,40,RE,N,N,, , ,ST, , ,SU,NV,1971,,,,,,,ST, ,NP,OH,1995,,,,,,,ST,0.1,PB,NV,1971,, ,,,,,,,2022,4.0
56505,National Grid Generation LLC,2514.0,Glenwood,NY,50,RE,N,N,, , ,ST, , ,SU,NV,1971,,,,,,,ST, ,NP,OH,1995,,,,,,,ST,0.1,PB,NV,1971,, ,,,,,,,2022,4.0
56505,National Grid Generation LLC,2516.0,Northport,NY,1,OP,N,N,, , ,ST,0.55,0,SU,NV,1976,SS,,,SS,,,ST,0.1,NP,DA,2014,OV,,,ND,,,ST,0.1,PB,NV,1971,FD,2014,,,,,,,2022,1.0
56505,National Grid Generation LLC,2516.0,Northport,NY,2,OP,N,N,, , ,ST,0.55,0,SU,NV,1976,SS,,,SS,,,ST,0.1,NP,DA,2014,OV,,,ND,,,ST,0.1,PB,NV,1971,FD,2014,,,,,,,2022,1.0
56505,National Grid Generation LLC,2516.0,Northport,NY,3,OP,N,N,, , ,ST,0.55,0,SU,NV,1976,SS,,,SS,,,ST,0.1,NP,DA,2014,OV,,,ND,,,ST,0.1,PB,NV,1972,FD,2014,,,,,,,2022,1.0
56505,National Grid Generation LLC,2516.0,Northport,NY,4,OP,D,N,, , ,ST,0.55,0,SU,NV,1977,SS,,,SS,,,ST,0.1,NP,DA,2014,OV,,,ND,,,ST,0.1,PB,NV,1977,FD,2014,,,,,,,2022,1.0
56505,National Grid Generation LLC,2517.0,Port Jefferson,NY,1,RE,N,N,, , ,XX, , ,,, ,,,,,,,XX, ,,, ,,,,,,,XX, ,,, ,XX, ,,,,,,,2022,1.0
56505,National Grid Generation LLC,2517.0,Port Jefferson,NY,2,RE,N,N,, , ,XX, , ,,, ,,,,,,,XX, ,,, ,,,,,,,XX, ,,, ,XX, ,,,,,,,2022,1.0
56505,National Grid Generation LLC,2517.0,Port Jefferson,NY,3,OP,N,N,, , ,ST,0.55,0,SU,NV,1976,SS,,,SS,,,ST,0.15,NP,OH,1995,OV,,,ND,,,ST,0.1,PB,NV,1971,FD,2014,,,,,,,2022,1.0
56505,National Grid Generation LLC,2517.0,Port Jefferson,NY,4,OP,N,N,, , ,ST,0.55,0,SU,NV,1976,SS,,,SS,,,ST,0.15,NP,OH,1995,OV,,,ND,,,ST,0.1,PB,NV,1971,FD,2014,,,,,,,2022,1.0
25,Greenidge Generation Holdings LLC,2527.0,Greenidge Generation LLC,NY,4,RE,N,Y,8-5736-00004/00017,9,2016,ST, , ,,,1988,IF,,,SS,,,ST, ,NP,DA,1995,,,,,,,ST,0.28,PB,NV,1971,ST,2009,,,,,,,2022,1.0
25,Greenidge Generation Holdings LLC,2527.0,Greenidge Generation LLC,NY,5,RE,N,N,, , ,ST, , ,SB,MO,1988,,,,,,,ST, ,NP,DA,1995,,,,,,,ST,0.28,PB,NV,1971,ST,2009,,,,,,,2022,1.0
25,Greenidge Generation Holdings LLC,2527.0,Greenidge Generation LLC,NY,6,OP,D,Y,8-5736-00004/00016,9,2016,ST,0.19,0.95,SB,OH,2007,IF,,,SS,,,ST,0.12,NP,OT,1995,AA,LN,SR,SN,,,ST,0.22,PB,NV,1970,ST,2007,BP,CD,ACI,BP,CD,ACI,2022,1.0
65417,Generation Bridge II New York LLC,2539.0,Bethlehem Energy Center,NY,1,RE,,,, , ,, , ,,, ,,,,,,,, ,,, ,,,,,,,, ,,, ,, ,,,,,,,2022,1.0
65417,Generation Bridge II New York LLC,2539.0,Bethlehem Energy Center,NY,2,RE,,,, , ,, , ,,, ,,,,,,,, ,,, ,,,,,,,, ,,, ,, ,,,,,,,2022,1.0
65417,Generation Bridge II New York LLC,2539.0,Bethlehem Energy Center,NY,3,RE,,,, , ,, , ,,, ,,,,,,,, ,,, ,,,,,,,, ,,, ,, ,,,,,,,2022,1.0
65417,Generation Bridge II New York LLC,2539.0,Bethlehem Energy Center,NY,4,RE,,,, , ,, , ,,, ,,,,,,,, ,,, ,,,,,,,, ,,, ,, ,,,,,,,2022,1.0
65417,Generation Bridge II New York LLC,2539.0,Bethlehem Energy Center,NY,5,OP,Db,Y,4-0122-00044/00021,2,2002,ST,0.0006,0,DP,NV,2005,SS,,,NP,,,ST,0.0073,NP,NV,2005,SR,LN,,NP,,,ST,0.011,PB,NV,2005,XX, ,,,,,,,2022,1.0
65417,Generation Bridge II New York LLC,2539.0,Bethlehem Energy Center,NY,6,OP,Db,Y,4-0122-00044/00021,2,2002,ST,0.0006,0,DP,NV,2005,SS,,,NP,,,ST,0.0073,NP,NV,2005,SR,LN,,NP,,,ST,0.011,PB,NV,2005,XX, ,,,,,,,2022,1.0
65417,Generation Bridge II New York LLC,2539.0,Bethlehem Energy Center,NY,7,OP,Db,Y,4-0122-00044/00021,2,2002,ST,0.0006,0,DP,NV,2005,SS,,,NP,,,ST,0.0073,NP,NV,2005,SR,LN,,NP,,,ST,0.011,PB,NV,2005,XX, ,,,,,,,2022,1.0
13579,Dunkirk Power LLC,2554.0,Dunkirk Generating Plant,NY,1,RE,N,N,, , ,ST,2.07,0,DP,DA,1974,SS,,,SS,,,ST,0.12,NP,DA,2014,LN,AA,SN,LN,AA,SN,ST,0.22,PB,PS,1973,ST,2009,BP,ACI,,BP,ACI,,2022,1.0
13579,Dunkirk Power LLC,2554.0,Dunkirk Generating Plant,NY,2,RE,N,N,, , ,ST,2.07,0,DP,DA,1974,SS,,,SS,,,ST,0.12,NP,DA,1995,LN,AA,SN,LN,AA,SN,ST,0.23,PB,PS,1973,ST,2009,BP,ACI,,BP,ACI,,2022,1.0
13579,Dunkirk Power LLC,2554.0,Dunkirk Generating Plant,NY,3,RE,N,N,, , ,ST,2.07,0,DP,DA,1974,SS,,,SS,,,ST,0.12,NP,DA,1995,LN,AA,SN,LN,AA,SN,ST,0.16,PB,PS,1973,ST,2009,BP,ACI,,BP,ACI,,2022,1.0
13579,Dunkirk Power LLC,2554.0,Dunkirk Generating Plant,NY,4,RE,N,N,, , ,ST,2.07,0,DP,DA,1974,SS,,,SS,,,ST,3241,NP,DA,1995,LN,AA,SN,LN,AA,SN,ST,0.16,PB,PS,1973,ST,2009,BP,ACI,,BP,ACI,,2022,1.0
55951,Constellation Nuclear,2589.0,Nine Mile Point Nuclear Station,NY,NSS1,OP,,,, , ,, , ,,, ,,,,,,,, ,,, ,,,,,,,, ,,, ,, ,,,,,,,2022,3.0
55951,Constellation Nuclear,2589.0,Nine Mile Point Nuclear Station,NY,NSS2,OP,,,, , ,, , ,,, ,,,,,,,, ,,, ,,,,,,,, ,,, ,, ,,,,,,,2022,3.0
64701,Oswego Harbor Power,2594.0,Oswego Harbor Power,NY,5,OP,N,N,, , ,ST,0.8,0,DP,TH,2016,SS,,,SS,,,ST,0.25,NP,DA,2014,OV,FR,LA,OV,FR,LA,ST,0.1,PB,PS,1976,XX, ,,,,,,,2022,1.0
64701,Oswego Harbor Power,2594.0,Oswego Harbor Power,NY,6,OP,D,N,, , ,ST,0.8,0,DP,TH,2016,SS,,,SS,,,ST,0.22,NP,DA,2014,OV,FR,LA,OV,FR,LA,ST,0.1,PB,PS,1980,XX, ,,,,,,,2022,1.0
64082,"GenOn Bowline, LLC",2625.0,Bowline Point,NY,1,OP,N,N,, , ,ST,0.0037,0,SU,NV,1972,SS,,,SS,,,ST,0.25,NP,NV,1995,AA,,,AA,,,ST,0.1,PB,NV,1972,, ,,,,,,,2022,1.0
64082,"GenOn Bowline, LLC",2625.0,Bowline Point,NY,2,OP,N,N,, , ,ST,0.0037,0,SU,NV,1974,SS,,,SS,,,ST,0.25,NP,NV,1995,AA,,,AA,,,ST,0.1,PB,NV,1974,, ,,,,,,,2022,1.0
16183,Rochester Gas & Electric Corp,2642.0,Rochester 7,NY,1,RE,N,,, , ,ST, , ,,, ,,,,,,,ST, ,,, ,,,,,,,ST, ,,, ,, ,,,,,,,2022,4.0
16183,Rochester Gas & Electric Corp,2642.0,Rochester 7,NY,2,RE,N,,, , ,ST, , ,,, ,,,,,,,ST, ,,, ,,,,,,,ST, ,,, ,, ,,,,,,,2022,4.0
16183,Rochester Gas & Electric Corp,2642.0,Rochester 7,NY,3,RE,N,,, , ,ST, , ,,, ,,,,,,,ST, ,,, ,,,,,,,ST, ,,, ,, ,,,,,,,2022,4.0
16183,Rochester Gas & Electric Corp,2642.0,Rochester 7,NY,4,RE,N,,, , ,ST, , ,,, ,,,,,,,ST, ,,, ,,,,,,,ST, ,,, ,, ,,,,,,,2022,4.0
9645,Jamestown Board of Public Util,2682.0,S A Carlson,NY,10,OP,D,N,, , ,XX, , ,,, ,,,,,,,ST,0.06,NP,OH,2014,LN,,,LN,,,XX, ,,, ,XX, ,,,,,,,2022,2.0
9645,Jamestown Board of Public Util,2682.0,S A Carlson,NY,11,RE,,N,, , ,XX, , ,,, ,,,,,,,XX, ,,, ,,,,,,,XX, ,,, ,XX, ,,,,,,,2022,2.0
9645,Jamestown Board of Public Util,2682.0,S A Carlson,NY,12,RE,,N,, , ,XX, , ,,, ,,,,,,,XX, ,,, ,,,,,,,XX, ,,, ,XX, ,,,,,,,2022,2.0
9645,Jamestown Board of Public Util,2682.0,S A Carlson,NY,9,OP,D,N,, , ,XX, , ,,, ,,,,,,,ST,0.06,NP,OH,2014,LN,,,LN,,,XX, ,,, ,XX, ,,,,,,,2022,2.0
9645,Jamestown Board of Public Util,2682.0,S A Carlson,NY,HRSG,OP,,,, , ,XX, , ,,, ,,,,,,,ST,0.2,NP,OH,2001,,NP,,,NP,,XX, ,,, ,XX, ,,,,,,,2022,2.0
55951,Constellation Nuclear,6110.0,James A Fitzpatrick,NY,NSS1,OP,,,, , ,, , ,,, ,,,,,,,, ,,, ,,,,,,,, ,,, ,, ,,,,,,,2022,3.0
55951,Constellation Nuclear,6122.0,R E Ginna Nuclear Power Plant,NY,NSS1,OP,,,, , ,, , ,,, ,,,,,,,, ,,, ,,,,,,,, ,,, ,, ,,,,,,,2022,3.0
15296,New York Power Authority,7314.0,Richard M Flynn,NY,EIA01,OP,,,, , ,, , ,,, ,,,,,,,, ,,, ,,,,,,,, ,,, ,, ,,,,,,,2022,4.0
58651,"Allegany Generating Station, LLC",7784.0,Allegany Cogen,NY,HRSG,OP,Dc,N,, , ,FD,0.0006, ,DP,OH,1994,,,,,,,FD,9,NM,OH,1994,H20,SR,,H20,SR,,FD, ,,,1994,XX, ,,,,,,,2022,2.0
5511,CCI Roseton LLC,8006.0,Roseton Generating Facility,NY,1,OP,N,N,, , ,ST,0.5, ,SU,YR,1974,SS,,,SS,,,ST,0.15,NP,MO,1995,OV,FR,,OV,FR,,ST,0.1,PB,NV,1974,ST,1974,,,,,,,2022,1.0
5511,CCI Roseton LLC,8006.0,Roseton Generating Facility,NY,2,OP,N,N,, , ,ST,0.5, ,SU,YR,1974,SS,,,SS,,,ST,0.15,NP,MO,1995,OV,FR,,OV,FR,,ST,0.1,PB,NV,1974,ST,1974,,,,,,,2022,1.0
54863,U S Power Generating Company LLC,8906.0,Astoria Generating Station,NY,20,OP,N,N,, , ,ST,0.0015,0,OT,NV,1972,WA,,,WA,,,ST,0.08,NP,OT,2014,LN,,,LN,,,ST,14.5,OT,NV,2005,, ,,,,,,,2022,1.0
54863,U S Power Generating Company LLC,8906.0,Astoria Generating Station,NY,30,OP,N,N,, , ,ST,0.0015,0,SU,NV,2022,WA,,,WA,,,ST,0.15,NP,OT,2014,LN,,,FR,,,ST,0.1,PB,NV,1973,FD,2015,OT,,,OT,,,2022,1.0
54863,U S Power Generating Company LLC,8906.0,Astoria Generating Station,NY,40,OS,N,N,, , ,ST,0.3,0,SU,NV,1972,WA,,,WA,,,ST,0.15,NP,OT,2014,LN,,,LN,,,ST,0.1,PB,NV,1973,FD,2015,OT,,,OT,,,2022,1.0
54863,U S Power Generating Company LLC,8906.0,Astoria Generating Station,NY,50,OP,N,N,, , ,ST,0.0015,0,SU,NV,2022,WA,,,WA,,,ST,0.15,NP,OT,2014,LN,,,LN,,,ST,0.1,PB,NV,1973,FD,2015,OT,,,OT,,,2022,1.0
5624,"RED-Rochester, LLC",10025.0,"RED-Rochester, LLC",NY,13,RE,N,,, , ,ST, , ,DP,YR,1988,,,,,,,ST, ,NP,DA,1995,,,,,,,ST,0.26,PB,OH,1995,, ,,,,,,,2022,1.0
5624,"RED-Rochester, LLC",10025.0,"RED-Rochester, LLC",NY,14,RE,N,,, , ,ST, , ,DP,YR,1988,,,,,,,ST, ,NP,DA,1995,,,,,,,ST,0.26,PB,OH,1995,, ,,,,,,,2022,1.0
5624,"RED-Rochester, LLC",10025.0,"RED-Rochester, LLC",NY,15,RE,N,,, , ,ST, , ,DP,YR,1988,,,,,,,ST, ,NP,DA,1995,,,,,,,ST,0.26,PB,OH,1972,, ,,,,,,,2022,1.0
5624,"RED-Rochester, LLC",10025.0,"RED-Rochester, LLC",NY,41,RE,N,N,, , ,FD,3.4, ,DP,YR,1988,SS,,,SS,,,FD,0.6,NP,DA,1995,FU,LA,,FU,LA,,ST,0.26,PB,OH,1972,,1972,,,,,,,2022,1.0
5624,"RED-Rochester, LLC",10025.0,"RED-Rochester, LLC",NY,42,RE,N,N,, , ,FD,3.4, ,DP,YR,1988,SS,,,SS,,,ST,0.6,NP,DA,1995,FU,LA,,FU,LA,,ST,0.26,PB,OH,1972,,1972,,,,,,,2022,1.0
5624,"RED-Rochester, LLC",10025.0,"RED-Rochester, LLC",NY,43,RE,N,N,, , ,FD,3.4, ,DP,YR,1988,SS,,,SS,,,ST,0.6,NP,DA,1995,FU,LA,,FU,LA,,ST,0.24,PB,OH,1972,,1972,,,,,,,2022,1.0
5624,"RED-Rochester, LLC",10025.0,"RED-Rochester, LLC",NY,44,OP,Da,N,, , ,FD,1.2, ,DP,NV,1987,SS,,,SS,,,ST,0.42,NP,DA,1995,FU,LA,,FU,LA,,FD,0.1,PB,NV,1987,,1987,,,,,,,2022,1.0
5624,"RED-Rochester, LLC",10025.0,"RED-Rochester, LLC",NY,45,OP,Db,Y,8-2699-00126/00001,9,2015,FD,1.2, ,DP,NV,2017,,,,,,,ST,0.15,NP,OT,2017,NP,,,NP,,,XX,0.2,PB,DA,2017,,2017,NP,,,NP,,,2022,1.0
5624,"RED-Rochester, LLC",10025.0,"RED-Rochester, LLC",NY,46,OP,Db,Y,8-2699-00126/00001,9,2015,XX, , ,,, ,,,,,,,ST,0.05,NP,OT,2018,NP,,,NP,,,, ,,, ,, ,,,,,,,2022,1.0
5624,"RED-Rochester, LLC",10025.0,"RED-Rochester, LLC",NY,47,OP,Db,Y,8-2699-00126/00001,9,2015,XX, , ,,, ,,,,,,,ST,0.05,NP,OT,2018,NP,,,NP,,,, ,,, ,,2017,,,,,,,2022,1.0
5624,"RED-Rochester, LLC",10025.0,"RED-Rochester, LLC",NY,48,OP,Db,Y,8-2699-00126/00001,9,2015,XX, , ,,, ,,,,,,,ST,0.05,NP,OT,2018,NP,,,NP,,,, ,,, ,,2017,,,,,,,2022,1.0
5624,"RED-Rochester, LLC",10025.0,"RED-Rochester, LLC",NY,PB1,OP,N,N,, , ,FD,1.65, ,DP,YR,1988,SS,,,SS,,,XX,0.6,NP,DA,1995,,,,,,,ST,0.2,PB,OH,1972,,1995,,,,,,,2022,1.0
5624,"RED-Rochester, LLC",10025.0,"RED-Rochester, LLC",NY,PB2,OP,N,N,, , ,FD,1.65, ,DP,YR,1988,SS,,,SS,,,XX,0.6,NP,DA,1995,,,,,,,ST,0.2,PB,OH,1972,,1995,,,,,,,2022,1.0
5624,"RED-Rochester, LLC",10025.0,"RED-Rochester, LLC",NY,PB3,OP,N,N,, , ,FD,1.65, ,DP,YR,1988,SS,,,SS,,,XX,0.6,NP,DA,1995,,,,,,,ST,0.2,PB,OH,1972,,1995,,,,,,,2022,1.0
5624,"RED-Rochester, LLC",10025.0,"RED-Rochester, LLC",NY,PB4,OP,N,N,, , ,FD,1.65, ,DP,YR,1988,SS,,,SS,,,XX,0.6,NP,DA,1995,,,,,,,ST,0.2,PB,OH,1972,,1995,,,,,,,2022,1.0
60741,Fortistar Castleton Power,10190.0,Castleton Energy Center,NY,HRSG-1,OP,Db,Y,4-3844-00008,2,2017,XX, , ,,, ,,,,,,,FD,25,NM,OH,1992,STM,,,,,,FD,0.01,PB,PS,1992,,1992,,,,,,,2022,2.0
1746,Black River Generation LLC,10464.0,ReEnergy Black River,NY,E0001,OP,N,,, , ,ST,0.2, ,DP,MO,2013,CF,,,CF,,,FD,0.17,NP,DA,2013,CF,LA,FU,CF,LA,FU,ST,0.015,PB,YR,2013,FD,2016,OT,,,OT,,,2022,2.0
1746,Black River Generation LLC,10464.0,ReEnergy Black River,NY,E0002,OP,N,,, , ,ST,0.2, ,DP,MO,2013,CF,,,CF,,,FD,0.17,NP,DA,2013,CF,LA,FU,CF,LA,FU,ST,0.015,PB,YR,2013,FD,2016,OT,,,OT,,,2022,2.0
1746,Black River Generation LLC,10464.0,ReEnergy Black River,NY,E0003,OP,N,,, , ,ST,0.2, ,DP,MO,2013,CF,,,CF,,,FD,0.17,NP,DA,2013,CF,LA,FU,CF,LA,FU,ST,0.015,PB,YR,2013,FD,2016,OT,,,OT,,,2022,2.0
20541,Wheelabrator Environmental Systems,10503.0,Wheelabrator Hudson Falls,NY,SG201A,OP,Db,N,, , ,ST,29,0.75,DM,DA,1992,IF,,,IF,,,ST,205,NM,DA,2000,OV,,,OV,,,ST,2500,UG,,1992,ST,2000,ACI,,,ACI,,,2022,2.0
20541,Wheelabrator Environmental Systems,10503.0,Wheelabrator Hudson Falls,NY,SG201B,OP,Db,N,, , ,ST,29,0.75,DM,DA,1992,IF,,,IF,,,ST,205,NM,DA,2000,OV,,,OV,,,ST,2500,UG,,1992,ST,2000,ACI,,,ACI,,,2022,2.0
56174,Finch Paper LLC,10511.0,Finch Paper,NY,10,OP,N,N,, , ,ST,100, ,DC,NV,1987,OT,,,OT,,,ST,464,NM,MO,1995,,,,OT,,,FD, ,,,1987,,1987,,,,,,,2022,2.0
56174,Finch Paper LLC,10511.0,Finch Paper,NY,4,OP,N,N,, , ,XX, , ,,, ,,,,,,,ST,0.45,NP,MO,1995,OT,,,LN,,,FD,0.1,PB,,1995,, ,,,,,,,2022,2.0
56174,Finch Paper LLC,10511.0,Finch Paper,NY,5,OP,N,N,, , ,XX, , ,,, ,,,,,,,ST,0.45,NP,MO,1995,OT,,,LN,,,FD,0.1,PB,,1995,, ,,,,,,,2022,2.0
56174,Finch Paper LLC,10511.0,Finch Paper,NY,8,OP,N,N,, , ,ST,100, ,DM,OT,1977,OT,,,OT,,,ST,464,NM,MO,1995,,,,,,,, ,,, ,, ,,,,,,,2022,2.0
56174,Finch Paper LLC,10511.0,Finch Paper,NY,9,OP,N,N,, , ,XX, , ,,, ,,,,,,,ST,0.27,NP,MO,1995,OT,,,,,,FD,0.3,PB,,1981,, ,,,,,,,2022,2.0
60641,Veolia NA - Municipal & Commercial Business,10521.0,Lederle Laboratories,NY,BLR3,OP,,,, , ,, , ,,, ,,,,,,,, ,,, ,,,,,,,, ,,, ,, ,,,,,,,2022,4.0
60641,Veolia NA - Municipal & Commercial Business,10521.0,Lederle Laboratories,NY,BLR4,OP,,,, , ,, , ,,, ,,,,,,,, ,,, ,,,,,,,, ,,, ,, ,,,,,,,2022,4.0
60641,Veolia NA - Municipal & Commercial Business,10521.0,Lederle Laboratories,NY,BLR5,OP,,,, , ,, , ,,, ,,,,,,,, ,,, ,,,,,,,, ,,, ,, ,,,,,,,2022,4.0
60641,Veolia NA - Municipal & Commercial Business,10521.0,Lederle Laboratories,NY,WHSG1,OP,,,, , ,, , ,,, ,,,,,,,, ,,, ,,,,,,,, ,,, ,, ,,,,,,,2022,4.0
60641,Veolia NA - Municipal & Commercial Business,10521.0,Lederle Laboratories,NY,WHSG2,OP,,,, , ,, , ,,, ,,,,,,,, ,,, ,,,,,,,, ,,, ,, ,,,,,,,2022,4.0
58338,Lakeside Beaver Falls LLC,10617.0,CH Resources Beaver Falls,NY,HRSG50,OP,Db,,, , ,, , ,,, ,,,,,,,, ,,, ,SR,,,,,,, ,,, ,, ,,,,,,,2022,2.0
3085,Carthage Energy LLC,10620.0,Carthage Energy LLC,NY,HRSG,OP,,,, , ,XX, , ,,, ,,,,,,,ST,42,NM,OH,1991,STM,,,,,,, ,,, ,, ,,,,,,,2022,2.0
58337,Lakeside Syracuse LLC,10621.0,CH Resources Syracuse,NY,HRSG50,SB,Db,,, , ,, , ,,, ,,,,,,,, ,,, ,SR,,,,,,, ,,, ,, ,,,,,,,2022,2.0
473,Covanta Hempstead Company,10642.0,Covanta Hempstead,NY,1,OP,N,,, , ,FD,29,0.75,DM,DA,1989,IF,,,,,,ST,145.7,NH,OH,2004,SN,LA,,SN,LA,,, ,,, ,ST,2007,BR,SD,,BR,SD,,2022,2.0
473,Covanta Hempstead Company,10642.0,Covanta Hempstead,NY,2,OP,N,,, , ,FD,29,0.75,DM,DA,1989,IF,,,,,,ST,145.7,NH,OH,2004,SN,LA,,SN,LA,,, ,,, ,ST,2007,BR,SD,,BR,SD,,2022,2.0
473,Covanta Hempstead Company,10642.0,Covanta Hempstead,NY,3,OP,N,,, , ,FD,29,0.75,DM,DA,1989,IF,,,,,,ST,145.7,NH,OH,2004,SN,,,SN,,,, ,,, ,ST,2007,BR,SD,,BR,SD,,2022,2.0
16909,Selkirk Cogen Partners LP,10725.0,Selkirk Cogen,NY,HRSG1,OP,Db,N,, , ,ST,0.2,0,SU,NS,1992,,,,,,,ST,0.091,NP,NS,1992,SR,,,SR,,,ST,0.014,PB,NS,1992,, ,,,,,,,2022,1.0
16909,Selkirk Cogen Partners LP,10725.0,Selkirk Cogen,NY,HRSG2,OP,Db,N,, , ,ST,0.2,0,SU,NS,1994,,,,,,,ST,0.0181,NP,NS,1994,SR,,,SR,,,ST,0.014,PB,NS,1994,, ,,,,,,,2022,1.0
16909,Selkirk Cogen Partners LP,10725.0,Selkirk Cogen,NY,HRSG3,OP,Db,N,, , ,ST,0.2,0,SU,NS,1994,,,,,,,ST,0.0181,NP,NS,1994,SR,,,SR,,,ST,0.014,PB,NS,1994,, ,,,,,,,2022,1.0
40052,AG Energy LP,10803.0,Ogdensburg Power,NY,HRSG A,OS,,,, , ,, , ,,, ,,,,,,,, ,,, ,,,,,,,, ,,, ,, ,,,,,,,2022,2.0
24457,Calpine Eastern Corp,50292.0,Bethpage Power Plant,NY,HRSG1,OA,,,, , ,XX, , ,,, ,,,,,,,ST,42,NM,OH,1987,STM,,,STM,,,, ,,, ,, ,,,,,,,2022,2.0
24457,Calpine Eastern Corp,50292.0,Bethpage Power Plant,NY,HRSG2,OP,,,, , ,XX, , ,,, ,,,,,,,ST,42,NM,OH,1987,STM,,,STM,,,, ,,, ,, ,,,,,,,2022,2.0
24457,Calpine Eastern Corp,50292.0,Bethpage Power Plant,NY,HRSG3,OP,,,, , ,, , ,,, ,,,,,,,ST,2.5,NM,OH,2005,SR,,,SR,,,, ,,, ,, ,,,,,,,2022,2.0
9245,Indeck-Energy Serv Silver Spg,50449.0,Indeck Silver Springs Energy Center,NY,HRSG1,OP,N,N,, , ,XX, , ,,, ,,,,,,,FD,32,NM,OH,1991,STM,,,,,,XX, ,,, ,XX, ,,,,,,,2022,2.0
9244,Indeck-Oswego Ltd Partnership,50450.0,Indeck Oswego Energy Center,NY,HRSG1,OP,N,N,, , ,XX, , ,,, ,,,,,,,ST,25,NM,DA,1990,STM,,,,,,XX, ,,, ,FD,1990,,,,,,,2022,2.0
9243,Indeck-Yerkes Ltd Partnership,50451.0,Indeck Yerkes Energy Center,NY,HRSG1,OP,N,N,, , ,XX, , ,,, ,,,,,,,FD,42,NM,OH,1990,STM,,,,,,XX, ,,, ,FD,1990,,,,,,,2022,2.0
9263,Indeck-Corinth Ltd Partnership,50458.0,Indeck Corinth Energy Center,NY,HRSG1,OP,N,,, , ,XX, , ,,, ,,,,,,,ST,9,NM,OH,1995,LN,SR,H20,LN,SR,H20,XX, ,,, ,FD,1995,,,,,,,2022,2.0
470,Covanta Energy of Niagara LP,50472.0,"Covanta Niagara I, LLC",NY,BLR1,OP,Db,N,9-2911-00113/00039,5,2014,ST,0.3, ,DH,OH,1981,,,,OT,,,ST,0.08,NP,OH,2014,SN,,,SN,,,ST,20,OP,SM,1991,ST,1981,,,,,,,2022,2.0
470,Covanta Energy of Niagara LP,50472.0,"Covanta Niagara I, LLC",NY,BLR2,OP,Db,N,9-2911-00113/00039,5,2014,ST,0.3, ,DH,OH,1981,,,,OT,,,ST,0.08,NP,OH,2014,SN,,,SN,,,ST,20,OP,SM,1991,, ,,,,,,,2022,2.0
470,Covanta Energy of Niagara LP,50472.0,"Covanta Niagara I, LLC",NY,BLR3,OP,Db,Y,9-2911-00113/00039,5,2014,FD,29,0.8,DM,OH,1996,IF,,,IF,,,FD,150,NM,DA,1996,SN,,,SN,,,FD,11.2,PH,OH,1996,FD,1996,ACI,BR,SD,ACI,BR,SD,2022,2.0
470,Covanta Energy of Niagara LP,50472.0,"Covanta Niagara I, LLC",NY,BLR4,OP,Db,Y,9-2911-00113/00039,5,2014,FD,29,0.8,DM,OH,1996,IF,,,IF,,,FD,150,NM,DA,1996,SN,,,SN,,,FD,11.2,PH,OH,1996,FD,1996,ACI,BR,SD,ACI,BR,SD,2022,2.0
4484,Covanta Babylon Inc,50649.0,Covanta Babylon Inc,NY,1,OP,N,,, , ,FD,29,0.75,DM,DA,1989,IF,,,IF,,,ST,150,NH,DA,1989,SN,,,SN,,,, ,,, ,ST,1989,ACI,,,ACI,,,2022,2.0
4484,Covanta Babylon Inc,50649.0,Covanta Babylon Inc,NY,2,OP,N,,, , ,FD,29,0.75,DM,DA,1989,IF,,,IF,,,ST,150,NM,DA,1989,SN,,,SN,,,, ,,, ,ST,1989,ACI,,,ACI,,,2022,2.0
9097,Huntington Resource Recovery,50656.0,Huntington Resource Recovery Facility,NY,UNIT1,OP,N,,, , ,FD,29,0.75,DM,DA,1991,IF,,,ND,,,ST,185,NM,TH,1991,SN,,,SN,,,, ,,, ,ST,1991,ACI,BP,,ACI,BP,,2022,2.0
9097,Huntington Resource Recovery,50656.0,Huntington Resource Recovery Facility,NY,UNIT2,OP,N,,, , ,FD,29,0.75,DM,DA,1991,IF,,,,,,ST,185,NM,TH,1991,SN,,,SN,,,, ,,, ,ST,1991,ACI,BP,,ACI,BP,,2022,2.0
9097,Huntington Resource Recovery,50656.0,Huntington Resource Recovery Facility,NY,UNIT3,OP,N,,, , ,FD,29,0.75,DM,DA,1991,IF,,,,,,ST,185,NM,TH,1991,SN,,,SN,,,, ,,, ,ST,1991,ACI,BP,,ACI,BP,,2022,2.0
4487,Covanta Onondega LP,50662.0,Onondaga County Resource Recovery,NY,UNIT1,OP,Db,Y,7-3142-00028/00009,8,2021,ST,29,0.85,DM,DA,1995,,,,,,,ST,180,NM,DA,1995,NH3,SN,,NH3,SN,,FD, ,,,1995,ST,1995,ACI,SD,BP,ACI,SD,BP,2022,2.0
4487,Covanta Onondega LP,50662.0,Onondaga County Resource Recovery,NY,UNIT2,OP,Db,Y,7-3142-00028/00009,8,2021,ST,29,0.85,DM,DA,1995,,,,,,,ST,180,NM,DA,1995,NH3,SN,,NH3,SN,,FD, ,,,1995,ST,1995,ACI,SD,BP,ACI,SD,BP,2022,2.0
4487,Covanta Onondega LP,50662.0,Onondaga County Resource Recovery,NY,UNIT3,OP,Db,Y,7-3142-00028/00009,8,2021,ST,29,0.85,DM,DA,1995,,,,,,,ST,180,NM,DA,1995,NH3,SN,,NH3,SN,,FD, ,,,1995,ST,1995,ACI,SD,BP,ACI,SD,BP,2022,2.0
14182,Sterling Power Partners LP,50744.0,Sterling Power Plant,NY,HRSG,OP,,,, , ,, , ,,, ,,,,,,,, ,,, ,,,,,,,, ,,, ,, ,,,,,,,2022,4.0
20541,Wheelabrator Environmental Systems,50882.0,Wheelabrator Westchester,NY,1,OP,N,N,, , ,FD,29,0.77,DM,DA,1999,IF,,,IF,,,ST,184,NM,DA,1999,SN,,,SN,,,FD,10,OP,SM,1999,ST,1999,ACI,,,ACI,,,2022,2.0
20541,Wheelabrator Environmental Systems,50882.0,Wheelabrator Westchester,NY,2,OP,N,,, , ,FD,29, ,DM,DA,1999,IF,,,IF,,,ST,184,NM,DA,1999,SN,,,SN,,,, ,,, ,ST,1999,ACI,,,ACI,,,2022,2.0
20541,Wheelabrator Environmental Systems,50882.0,Wheelabrator Westchester,NY,3,OP,N,,, , ,FD,29, ,DM,DA,1999,IF,,,IF,,,ST,184,NM,DA,1999,SN,,,SN,,,ST, ,,,1999,ST,1999,ACI,,,ACI,,,2022,2.0
24202,Carr Street Generating Sta LP,50978.0,Carr Street Generating Station,NY,HRSG1,OP,,,, , ,, , ,,, ,,,,,,,, ,,, ,,,,,,,, ,,, ,, ,,,,,,,2022,4.0
24202,Carr Street Generating Sta LP,50978.0,Carr Street Generating Station,NY,HRSG2,OP,,,, , ,, , ,,, ,,,,,,,, ,,, ,,,,,,,, ,,, ,, ,,,,,,,2022,4.0
56601,Covanta MacArthur Renewable Energy,51038.0,MacArthur Waste to Energy Facility,NY,B1,OP,D,,, , ,FD,31,0.75,DM,DA,1990,IF,,,IF,,,FD,170,NM,DA,1990,OV,LA,OT,OV,LA,OT,, ,,, ,FD,1990,ACI,,,ACI,,,2022,2.0
56601,Covanta MacArthur Renewable Energy,51038.0,MacArthur Waste to Energy Facility,NY,B2,OP,D,,, , ,FD,31,0.75,DM,DA,1990,IF,,,IF,,,FD,170,NM,DA,1990,OV,LA,,OV,LA,,, ,,, ,FD,1990,ACI,,,ACI,,,2022,2.0
19153,Nassau Energy Corp,52056.0,Nassau Energy Corp,NY,4,RE,Db,N,, , ,XX, , ,,, ,,,,,,,ST,42,NM,OH,1995,STM,,,,,,XX, ,,, ,ST,2008,,,,,,,2022,2.0
24210,Riverbay Corp,52168.0,Riverbay,NY,U00002,OP,,,, , ,ST,15, ,DM,PS,2020,OT,,,OT,,,ST,0.15,NP,NV,2020,LN,FR,,LN,FR,,XX, ,,, ,ST,2020,OT,,,OT,,,2022,2.0
24210,Riverbay Corp,52168.0,Riverbay,NY,U00003,OP,,,, , ,, , ,,, ,,,,,,,ST,0.1,NH,OH,2011,LN,,,LN,,,, ,,, ,,2011,,,,,,,2022,2.0
24210,Riverbay Corp,52168.0,Riverbay,NY,U00004,OP,,,, , ,, , ,,, ,,,,,,,ST,2.5,NM,TH,2011,SR,,,SR,,,, ,,, ,ST,2011,,,,,,,2022,2.0
24210,Riverbay Corp,52168.0,Riverbay,NY,U00006,OP,,,, , ,, , ,,, ,,,,,,,ST,2.5,NM,TH,2011,SR,,,SR,,,, ,,, ,ST,2011,,,,,,,2022,2.0
24210,Riverbay Corp,52168.0,Riverbay,NY,U00008,CN,,,, , ,, , ,,, ,,,,,,,, ,,, ,,,,,,,, ,,, ,, ,,,,,,,2022,2.0
6838,Rensselaer Generating LLC,54034.0,Rensselaer Cogen,NY,HRSG,OP,Db,N,, , ,ST,0.0015, ,SU,DT,2014,SS,,,,,,ST,9,NM,OH,1994,,SR,STM,,SR,STM,FD,3.6,PH,OH,1994,XX,1994,,,,,,,2022,2.0
11127,Lockport Energy Associates LP,54041.0,Lockport Energy Associates LP,NY,4,OP,Db,N,, , ,ST,0.12, ,DP,YR,1992,SS,,,SS,,,ST,0.14,NP,YR,1993,STM,,,STM,,,, ,,, ,FD,1992,,,,,,,2022,2.0
9261,Indeck-Olean Ltd Partnership,54076.0,Indeck Olean Energy Center,NY,HRSG1,OP,N,N,, , ,XX, , ,,, ,,,,,,,ST,9,NM,OH,1994,SR,STM,,SR,STM,,ST,0.004,PB,,1994,XX,1994,,,,,,,2022,2.0
9350,IPC-Ticonderoga,54099.0,Ticonderoga Mill,NY,PB1,OP,,,, , ,FD,435, ,DH,TH,1996,IF,,,IF,,,ST,0.22,NP,DA,2015,LN,OV,,LN,OV,,, ,,, ,FD,2017,,,,,,,2022,2.0
9350,IPC-Ticonderoga,54099.0,Ticonderoga Mill,NY,RB1,OP,N,,, , ,XX, , ,,, ,,,,,,,ST,100,NM,PS,1995,NP,,,NP,,,, ,,, ,XX, ,,,,,,,2022,2.0
10349,KIAC Partners,54114.0,Kennedy International Airport Cogen,NY,HRSG1,OP,N,N,, , ,, , ,,, ,,,,,,,FD,9.01,NM,OH,1994,SR,,,SR,,,, ,,, ,, ,,,,,,,2022,2.0
10349,KIAC Partners,54114.0,Kennedy International Airport Cogen,NY,HRSG2,OP,N,N,, , ,, , ,,, ,,,,,,,FD,9.01,NM,OH,1994,SR,,,SR,,,, ,,, ,, ,,,,,,,2022,2.0
50136,North American Energy Services,54131.0,Fortistar North Tonawanda,NY,HR123,OP,Db,N,, , ,ST,0.15, ,DP,YR,1992,SS,,,SS,,,ST,0.14,NP,YR,1992,STM,,,STM,,,, ,,, ,FD,1992,,,,,,,2022,2.0
17254,Sithe/Independence LLC,54547.0,Sithe Independence Station,NY,HRSG 1,OP,Db,N,, , ,ST,0.0006,0,DP,YR,1995,WA,,,WA,,,ST,0.0173,NH,OH,1995,SR,,,,,,ST,0.0011,PH,OH,1995,, ,,,,,,,2022,1.0
17254,Sithe/Independence LLC,54547.0,Sithe Independence Station,NY,HRSG 2,OP,Db,N,, , ,ST,0.0006,0,DP,YR,1995,WA,,,WA,,,ST,0.018,NH,OH,1995,SR,,,,,,ST,0.0011,PH,OH,1995,, ,,,,,,,2022,1.0
17254,Sithe/Independence LLC,54547.0,Sithe Independence Station,NY,HRSG 3,OP,Db,N,, , ,ST,0.0006,0,DP,YR,1995,WA,,,WA,,,ST,0.0188,NH,OH,1995,SR,,,,,,ST,0.0011,PH,OH,1995,, ,,,,,,,2022,1.0
17254,Sithe/Independence LLC,54547.0,Sithe Independence Station,NY,HRSG 4,OP,Db,N,, , ,ST,0.0006,0,DC,YR,1995,WA,,,WA,,,ST,0.0184,NH,OH,1995,SR,,,,,,ST,0.0011,PH,OH,1995,, ,,,,,,,2022,1.0
16729,Saranac Power Partners LP,54574.0,Saranac Facility,NY,HRSG1,OP,Da,N,, , ,XX, , ,,, ,,,,,,,FD,0.033,NP,TH,1994,LN,NH3,SR,,,,FD,0.0062,PB,TH,1994,XX, ,,,,,,,2022,2.0
16729,Saranac Power Partners LP,54574.0,Saranac Facility,NY,HRSG2,OP,Da,N,, , ,XX, , ,,, ,,,,,,,FD,0.033,NP,TH,1994,NH3,SR,LN,,,,FD,0.0062,PB,TH,1994,XX, ,,,,,,,2022,2.0
15253,Power City Partners LP,54592.0,Massena Energy Facility,NY,HRSG1,OP,Db,N,, , ,XX, , ,,, ,,,,,,,ST,9,NM,OH,1992,SR,STM,,,,,, ,,, ,, ,,,,,,,2022,2.0
16839,Seneca Power Partners LP,54593.0,Batavia Power Plant,NY,HRSG,OP,,,, , ,, , ,,, ,,,,,,,, ,,, ,,,,,,,, ,,, ,, ,,,,,,,2022,4.0
2313,Brooklyn Navy Yard Cogen PLP,54914.0,Brooklyn Navy Yard Cogeneration,NY,HRSG1,OP,,,, , ,, , ,,, ,,,,,,,, ,,, ,,,,,,,, ,,, ,, ,,,,,,,2022,4.0
2313,Brooklyn Navy Yard Cogen PLP,54914.0,Brooklyn Navy Yard Cogeneration,NY,HRSG2,OP,,,, , ,, , ,,, ,,,,,,,, ,,, ,,,,,,,, ,,, ,, ,,,,,,,2022,4.0
22979,Astoria Energy LLC,55375.0,Astoria Energy,NY,HRSG1,OP,Db,Y,2-6301-00072/00014,12,2001,FD,0.0015,0,DP,PS,2006,WA,,,WA,,,FD,2,NM,TH,2006,H20,SR,,H20,SR,,FD,0.01,PB,PS,2006,ST,2006,,,,,,,2022,1.0
22979,Astoria Energy LLC,55375.0,Astoria Energy,NY,HRSG2,OP,Db,Y,2-6301-00072/00014,12,2001,FD,0.0015,0,DP,PS,2006,WA,,,WA,,,FD,2,NH,TH,2006,H20,SR,,H20,SR,,FD,0.01,PB,PS,2006,LO,2006,,,,,,,2022,1.0
32173,New Athens Generating Company LLC,55405.0,Athens Generating Plant,NY,HRSG01,OP,,,, , ,, , ,,, ,,,,,,,, ,,, ,,,,,,,, ,,, ,, ,,,,,,,2022,3.0
32173,New Athens Generating Company LLC,55405.0,Athens Generating Plant,NY,HRSG02,OP,,,, , ,, , ,,, ,,,,,,,, ,,, ,,,,,,,, ,,, ,, ,,,,,,,2022,3.0
32173,New Athens Generating Company LLC,55405.0,Athens Generating Plant,NY,HRSG03,OP,,,, , ,, , ,,, ,,,,,,,, ,,, ,,,,,,,, ,,, ,, ,,,,,,,2022,3.0
49837,Pinelawn Power LLC,56188.0,Pinelawn Power LLC,NY,001,op,Db,N,, , ,XX, , ,,, ,,,,,,,FD,4.33,NH,NV,2005,SR,H20,NH3,,,,FD,0.1,PB,WO,2005,XX, ,,,,,,,2022,2.0
15296,New York Power Authority,56196.0,500MW CC,NY,7A,OP,,,, , ,, , ,,, ,,,,,,,, ,,, ,,,,,,,, ,,, ,, ,,,,,,,2022,3.0
15296,New York Power Authority,56196.0,500MW CC,NY,7B,OP,,,, , ,, , ,,, ,,,,,,,, ,,, ,,,,,,,, ,,, ,, ,,,,,,,2022,3.0
49950,"Caithness Long Island, LLC",56234.0,Caithness Long Island Energy Center,NY,HRSG01,OP,Da,N,, , ,, , ,,, ,,,,,,,ST,2,NM,TH,2009,SR,,,SR,,,, ,,, ,, ,,,,,,,2022,1.0
56480,Empire Generating Co LLC,56259.0,Empire Generating Co LLC,NY,HRSG11,OP,N,Y,4-3814-00052/00009,12,2026,FD,0.06,0,DP,NV,2010,WA,SS,,WA,SS,,ST,2,NM,TH,2010,SR,NH3,LN,SR,NH3,LN,ST,0.012,PB,PS,2010,XX, ,,,,,,,2022,1.0
56480,Empire Generating Co LLC,56259.0,Empire Generating Co LLC,NY,HRSG12,OP,N,Y,4-3814-00052/00009,12,2026,FD,0.06,0,DP,NV,2010,WA,OT,,WA,OT,,ST,2,NM,TH,2010,SR,NH3,LN,SR,NH3,LN,ST,0.012,PB,PS,2010,, ,,,,,,,2022,1.0
56204,"CPV Valley, LLC",56940.0,CPV Valley Energy Center,NY,HRSG1,OP,Db,N,, , ,ST,0.0015,0,SB,DT,2018,SS,,,SS,,,ST,2,NM,OH,2018,NH3,SR,LN,NH3,SR,LN,ST,0.0073,PB,OH,2018,XX, ,,,,,,,2022,1.0
56204,"CPV Valley, LLC",56940.0,CPV Valley Energy Center,NY,HRSG2,OP,Db,N,, , ,ST,0.0015,0,SB,DT,2018,SS,,,SS,,,ST,2,NM,OH,2018,NH3,SR,LN,NH3,SR,LN,ST,0.0073,PB,OH,2018,XX, ,,,,,,,2022,1.0
56534,Cricket Valley Energy Center LLC,57185.0,Cricket Valley Energy,NY,U1HRSG,OP,N,Y,3-1326-00275/00009,2,2016,XX, , ,,, ,,,,,,,FD,0.0074,NP,OH,2020,SR,,,SR,,,FD,0.006,PB,OH,2020,XX, ,,,,,,,2022,1.0
56534,Cricket Valley Energy Center LLC,57185.0,Cricket Valley Energy,NY,U2HRSG,OP,N,Y,3-1326-00275/00009,2,2016,XX, , ,,, ,,,,,,,FD,0.0074,NP,OH,2020,SR,,,SR,,,FD,0.007,PB,NV,2020,XX, ,,,,,,,2022,1.0
56534,Cricket Valley Energy Center LLC,57185.0,Cricket Valley Energy,NY,U3HRSG,OP,N,Y,3-1326-00275/00009,2,2016,XX, , ,,, ,,,,,,,FD,0.0074,NP,OH,2020,SR,,,SR,,,FD,0.007,PB,NV,2020,XX, ,,,,,,,2022,1.0
56991,Astoria Energy II LLC,57664.0,Astoria Energy II,NY,HRSG3,OP,Db,Y,2-6301-00072/00014,12,2001,ST,0.0015,0,DP,PS,2011,WA,,,WA,,,ST,2,NM,PS,2011,,SR,H20,,SR,H20,FD,0.01,PB,PS,2011,, ,,,,,,,2022,1.0
56991,Astoria Energy II LLC,57664.0,Astoria Energy II,NY,HRSG4,OP,Db,Y,2-6301-00072/00014,12,2001,ST,0.0015,0,DP,PS,2011,WA,,,WA,,,FD,2,NM,PS,2011,,SR,H20,,SR,H20,FD,0.01,PB,OH,2011,, ,,,,,,,2022,1.0
58107,University of Rochester,58157.0,University of Rochester,NY,10,OP,Db,N,, , ,ST,0.0015, ,SU,NS,2016,SS,,,SS,,,ST,0.11,NH,PS,2016,LN,,,LN,,,XX, ,,, ,XX,2016,,,,,,,2022,2.0
58107,University of Rochester,58157.0,University of Rochester,NY,5,OP,Db,N,, , ,ST,0.0015, ,SU,NS,1998,SS,,,SS,,,ST,0.11,NH,PS,1998,LN,,,LN,,,, ,,, ,XX,1998,,,,,,,2022,2.0
58107,University of Rochester,58157.0,University of Rochester,NY,6,OP,Db,N,, , ,ST,0.0015, ,SU,NS,1998,SS,,,SS,,,ST,0.858,NH,PS,1998,LN,,,LN,,,, ,,, ,XX,1998,,,,,,,2022,2.0
58107,University of Rochester,58157.0,University of Rochester,NY,7,OP,Db,N,, , ,ST,0.0015, ,SU,NS,1998,SS,,,SS,,,ST,0.561,NH,PS,1998,LN,,,LN,,,, ,,, ,XX,1998,,,,,,,2022,2.0
58107,University of Rochester,58157.0,University of Rochester,NY,9,OP,Db,N,, , ,XX,0.0015, ,SU,NS,2005,SS,,,SS,,,ST,0.56,NH,PS,2005,LN,FR,,LN,FR,,, ,,, ,XX, ,,,,,,,2022,2.0
58971,Danskammer Energy,2480.0,Danskammer Generating Station,NY,1,OP,N,N,, , ,XX, , ,,, ,,,,,,,ST,0.42,NP,DA,1995,BF,LA,LN,,,,ST,20,OP,SM,1972,, ,,,,,,,2023,1.0
58971,Danskammer Energy,2480.0,Danskammer Generating Station,NY,2,OP,N,N,, , ,XX, , ,,, ,,,,,,,ST,0.42,NP,DA,1995,BF,LA,,,,,ST,20,OP,SM,1972,, ,,,,,,,2023,1.0
58971,Danskammer Energy,2480.0,Danskammer Generating Station,NY,3,OP,N,N,, , ,XX, , ,,, ,,,,,,,ST,0.42,NP,DA,1995,OV,LN,,OV,LN,,ST,20,OP,SM,1987,, ,,,,,,,2023,1.0
58971,Danskammer Energy,2480.0,Danskammer Generating Station,NY,4,OP,N,N,, , ,XX, , ,,, ,,,,,,,ST,0.42,NP,DA,1995,OV,LN,,OV,LN,,ST,20,OP,SM,1987,, ,,,,,,,2023,1.0
13192,NRG Arthur Kill Operations Inc,2490.0,Arthur Kill Generating Station,NY,20,OP,N,N,, , ,ST,0.2, ,SU,NV,1972,,,,,,,LO,0.15,NM,NV,1995,LA,LN,OV,LA,LN,OV,ST,0.1,PB,NV,1971,, ,,,,,,,2023,1.0
13192,NRG Arthur Kill Operations Inc,2490.0,Arthur Kill Generating Station,NY,30,OP,N,N,, , ,ST,0.2, ,SU,NV,1972,,,,,,,ST,0.15,NM,NV,1995,LA,LN,OV,LA,LN,OV,ST,0.1,PB,NV,1971,, ,,,,,,,2023,1.0
15296,New York Power Authority,2491.0,Charles Poletti,NY,001,RE,N,,, , ,ST, , ,,, ,,,,,,,ST, ,,, ,,,,,,,ST, ,,, ,, ,,,,,,,2023,4.0
4226,Consolidated Edison Co-NY Inc,2493.0,East River,NY,60,OP,N,N,, , ,ST,0.3,0,SU,NV,1972,SS,WA,,SS,WA,,LO,0.15,NM,NV,1995,OV,LA,,LN,,,ST,0.1,PB,NV,1973,, ,,,,,,,2023,1.0
4226,Consolidated Edison Co-NY Inc,2493.0,East River,NY,70,OP,N,N,, , ,ST,0.3,0,SU,NV,1972,SS,WA,,SS,WA,,LO,0.15,NM,NV,1995,OV,FR,,LN,,,ST,0.1,PB,NV,1973,, ,,,,,,,2023,1.0
61130,Ravenswood Operations LLC,2500.0,Ravenswood,NY,10,OP,N,N,, , ,LO,0.15,0,SU,NV,1972,,WA,,,WA,,ST,0.15,NP,OH,1995,OV,,,OV,,,ST,0.1,PB,PS,1973,FD,2014,,,,,,,2023,1.0
61130,Ravenswood Operations LLC,2500.0,Ravenswood,NY,20,OP,N,N,, , ,LO,0.15,0,SU,NV,1972,,WA,,,WA,,ST,0.15,NP,OH,1995,OV,,,OV,,,ST,0.1,PB,PS,1973,FD,2014,,,,,,,2023,1.0
61130,Ravenswood Operations LLC,2500.0,Ravenswood,NY,30,OP,N,N,, , ,LO,0.15,0,SU,NV,1972,,WA,,,WA,,ST,0.15,NP,OH,1995,OV,,,OV,,,ST,0.1,PB,PS,1971,FD,2014,,,,,,,2023,1.0
61130,Ravenswood Operations LLC,2500.0,Ravenswood,NY,40,OP,N,N,, , ,ST,0.0015, ,SU,OH,2005,SS,,,SS,,,ST,0.038,NP,TH,2005,SR,LN,H20,SR,LN,H20,ST,0.021,PB,PS,2005,FD,2014,,,,,,,2023,1.0
4226,Consolidated Edison Co-NY Inc,2502.0,Waterside,NY,61,RE,N,,, , ,ST, , ,,, ,,,,,,,LO, ,,, ,,,,,,,ST, ,,, ,, ,,,,,,,2023,4.0
4226,Consolidated Edison Co-NY Inc,2502.0,Waterside,NY,62,RE,N,,, , ,ST, , ,,, ,,,,,,,LO, ,,, ,,,,,,,ST, ,,, ,, ,,,,,,,2023,4.0
4226,Consolidated Edison Co-NY Inc,2502.0,Waterside,NY,80,RE,N,,, , ,ST, , ,,, ,,,,,,,LO, ,,, ,,,,,,,ST, ,,, ,, ,,,,,,,2023,4.0
4226,Consolidated Edison Co-NY Inc,2502.0,Waterside,NY,90,RE,N,,, , ,ST, , ,,, ,,,,,,,LO, ,,, ,,,,,,,ST, ,,, ,, ,,,,,,,2023,4.0
56505,National Grid Generation LLC,2511.0,E F Barrett,NY,10,OP,N,N,, , ,ST,0.401,0,SU,NV,1971,SS,,,SS,,,ST,0.15,NP,OH,1995,,,,ND,,,ST,0.1,PB,NV,1971,, ,,,,,,,2023,1.0
56505,National Grid Generation LLC,2511.0,E F Barrett,NY,20,OP,N,N,, , ,ST,0.401,0,SU,NV,2014,SS,,,SS,,,ST,0.1,NP,DA,2014,OV,,,ND,,,ST,0.1,PB,NV,1971,, ,,,,,,,2023,1.0
56505,National Grid Generation LLC,2513.0,Far Rockaway,NY,40,RE,N,N,, , ,ST, , ,SU,NV,1971,,,,,,,ST, ,NP,OH,1995,,,,,,,ST,0.1,PB,NV,1971,, ,,,,,,,2023,4.0
56505,National Grid Generation LLC,2514.0,Glenwood,NY,40,RE,N,N,, , ,ST, , ,SU,NV,1971,,,,,,,ST, ,NP,OH,1995,,,,,,,ST,0.1,PB,NV,1971,, ,,,,,,,2023,4.0
56505,National Grid Generation LLC,2514.0,Glenwood,NY,50,RE,N,N,, , ,ST, , ,SU,NV,1971,,,,,,,ST, ,NP,OH,1995,,,,,,,ST,0.1,PB,NV,1971,, ,,,,,,,2023,4.0
56505,National Grid Generation LLC,2516.0,Northport,NY,1,OP,N,N,, , ,ST,0.55,0,SU,NV,1976,SS,,,SS,,,ST,0.1,NP,DA,2014,OV,,,ND,,,ST,0.1,PB,NV,1971,FD,2014,,,,,,,2023,1.0
56505,National Grid Generation LLC,2516.0,Northport,NY,2,OP,N,N,, , ,ST,0.55,0,SU,NV,1976,SS,,,SS,,,ST,0.1,NP,DA,2014,OV,,,ND,,,ST,0.1,PB,NV,1971,FD,2014,,,,,,,2023,1.0
56505,National Grid Generation LLC,2516.0,Northport,NY,3,OP,N,N,, , ,ST,0.55,0,SU,NV,1976,SS,,,SS,,,ST,0.1,NP,DA,2014,OV,,,ND,,,ST,0.1,PB,NV,1972,FD,2014,,,,,,,2023,1.0
56505,National Grid Generation LLC,2516.0,Northport,NY,4,OP,D,N,, , ,ST,0.55,0,SU,NV,1977,SS,,,SS,,,ST,0.1,NP,DA,2014,OV,,,ND,,,ST,0.1,PB,NV,1977,FD,2014,,,,,,,2023,1.0
56505,National Grid Generation LLC,2517.0,Port Jefferson,NY,1,RE,N,N,, , ,XX, , ,,, ,,,,,,,XX, ,,, ,,,,,,,XX, ,,, ,XX, ,,,,,,,2023,1.0
56505,National Grid Generation LLC,2517.0,Port Jefferson,NY,2,RE,N,N,, , ,XX, , ,,, ,,,,,,,XX, ,,, ,,,,,,,XX, ,,, ,XX, ,,,,,,,2023,1.0
56505,National Grid Generation LLC,2517.0,Port Jefferson,NY,3,OP,N,N,, , ,ST,0.55,0,SU,NV,1976,SS,,,SS,,,ST,0.15,NP,OH,1995,OV,,,ND,,,ST,0.1,PB,NV,1971,FD,2014,,,,,,,2023,1.0
56505,National Grid Generation LLC,2517.0,Port Jefferson,NY,4,OP,N,N,, , ,ST,0.55,0,SU,NV,1976,SS,,,SS,,,ST,0.15,NP,OH,1995,OV,,,ND,,,ST,0.1,PB,NV,1971,FD,2014,,,,,,,2023,1.0
25,Greenidge Generation Holdings LLC,2527.0,Greenidge Generation LLC,NY,4,RE,N,Y,8-5736-00004/00017,9,2016,ST, , ,,,1988,IF,,,SS,,,ST, ,NP,DA,1995,,,,,,,ST,0.28,PB,NV,1971,ST,2009,,,,,,,2023,1.0
25,Greenidge Generation Holdings LLC,2527.0,Greenidge Generation LLC,NY,5,RE,N,N,, , ,ST, , ,SB,MO,1988,,,,,,,ST, ,NP,DA,1995,,,,,,,ST,0.28,PB,NV,1971,ST,2009,,,,,,,2023,1.0
25,Greenidge Generation Holdings LLC,2527.0,Greenidge Generation LLC,NY,6,OP,D,Y,8-5736-00004/00016,9,2016,ST,0.19,0.95,SB,OH,2007,IF,,,SS,,,ST,0.12,NP,OT,1995,AA,LN,SR,SN,,,ST,0.22,PB,NV,1970,ST,2007,BP,CD,ACI,BP,CD,ACI,2023,1.0
65417,Generation Bridge II New York LLC,2539.0,Bethlehem Energy Center,NY,1,RE,,,, , ,, , ,,, ,,,,,,,, ,,, ,,,,,,,, ,,, ,, ,,,,,,,2023,1.0
65417,Generation Bridge II New York LLC,2539.0,Bethlehem Energy Center,NY,2,RE,,,, , ,, , ,,, ,,,,,,,, ,,, ,,,,,,,, ,,, ,, ,,,,,,,2023,1.0
65417,Generation Bridge II New York LLC,2539.0,Bethlehem Energy Center,NY,3,RE,,,, , ,, , ,,, ,,,,,,,, ,,, ,,,,,,,, ,,, ,, ,,,,,,,2023,1.0
65417,Generation Bridge II New York LLC,2539.0,Bethlehem Energy Center,NY,4,RE,,,, , ,, , ,,, ,,,,,,,, ,,, ,,,,,,,, ,,, ,, ,,,,,,,2023,1.0
65417,Generation Bridge II New York LLC,2539.0,Bethlehem Energy Center,NY,5,OP,Db,Y,4-0122-00044/00021,2,2002,ST,0.0006,0,DP,NV,2005,SS,,,NP,,,ST,0.0073,NP,NV,2005,SR,LN,,NP,,,ST,0.011,PB,NV,2005,XX, ,,,,,,,2023,1.0
65417,Generation Bridge II New York LLC,2539.0,Bethlehem Energy Center,NY,6,OP,Db,Y,4-0122-00044/00021,2,2002,ST,0.0006,0,DP,NV,2005,SS,,,NP,,,ST,0.0073,NP,NV,2005,SR,LN,,NP,,,ST,0.011,PB,NV,2005,XX, ,,,,,,,2023,1.0
65417,Generation Bridge II New York LLC,2539.0,Bethlehem Energy Center,NY,7,OP,Db,Y,4-0122-00044/00021,2,2002,ST,0.0006,0,DP,NV,2005,SS,,,NP,,,ST,0.0073,NP,NV,2005,SR,LN,,NP,,,ST,0.011,PB,NV,2005,XX, ,,,,,,,2023,1.0
55951,Constellation Nuclear,2589.0,Nine Mile Point Nuclear Station,NY,NSS1,OP,,,, , ,, , ,,, ,,,,,,,, ,,, ,,,,,,,, ,,, ,, ,,,,,,,2023,3.0
55951,Constellation Nuclear,2589.0,Nine Mile Point Nuclear Station,NY,NSS2,OP,,,, , ,, , ,,, ,,,,,,,, ,,, ,,,,,,,, ,,, ,, ,,,,,,,2023,3.0
64701,Oswego Harbor Power,2594.0,Oswego Harbor Power,NY,5,OP,N,N,, , ,ST,0.8,0,DP,TH,2016,SS,,,SS,,,ST,0.25,NP,DA,2014,OV,FR,LA,OV,FR,LA,ST,0.1,PB,PS,1976,XX, ,,,,,,,2023,1.0
64701,Oswego Harbor Power,2594.0,Oswego Harbor Power,NY,6,OP,D,N,, , ,ST,0.8,0,DP,TH,2016,SS,,,SS,,,ST,0.22,NP,DA,2014,OV,FR,LA,OV,FR,LA,ST,0.1,PB,PS,1980,XX, ,,,,,,,2023,1.0
64082,"Bowline, LLC",2625.0,Bowline Point,NY,1,OP,N,N,, , ,ST,0.0037,0,SU,NV,1972,SS,,,SS,,,ST,0.25,NP,NV,1995,AA,,,AA,,,ST,0.1,PB,NV,1972,, ,,,,,,,2023,1.0
64082,"Bowline, LLC",2625.0,Bowline Point,NY,2,OP,N,N,, , ,ST,0.0037,0,SU,NV,1974,SS,,,SS,,,ST,0.25,NP,NV,1995,AA,,,AA,,,ST,0.1,PB,NV,1974,, ,,,,,,,2023,1.0
16183,Rochester Gas & Electric Corp,2642.0,Rochester 7,NY,1,RE,N,,, , ,ST, , ,,, ,,,,,,,ST, ,,, ,,,,,,,ST, ,,, ,, ,,,,,,,2023,4.0
16183,Rochester Gas & Electric Corp,2642.0,Rochester 7,NY,2,RE,N,,, , ,ST, , ,,, ,,,,,,,ST, ,,, ,,,,,,,ST, ,,, ,, ,,,,,,,2023,4.0
16183,Rochester Gas & Electric Corp,2642.0,Rochester 7,NY,3,RE,N,,, , ,ST, , ,,, ,,,,,,,ST, ,,, ,,,,,,,ST, ,,, ,, ,,,,,,,2023,4.0
16183,Rochester Gas & Electric Corp,2642.0,Rochester 7,NY,4,RE,N,,, , ,ST, , ,,, ,,,,,,,ST, ,,, ,,,,,,,ST, ,,, ,, ,,,,,,,2023,4.0
9645,Jamestown Board of Public Util,2682.0,S A Carlson,NY,10,OP,D,N,, , ,XX, , ,,, ,,,,,,,ST,0.06,NP,OH,2014,LN,,,LN,,,XX, ,,, ,XX, ,,,,,,,2023,2.0
9645,Jamestown Board of Public Util,2682.0,S A Carlson,NY,11,RE,,N,, , ,XX, , ,,, ,,,,,,,XX, ,,, ,,,,,,,XX, ,,, ,XX, ,,,,,,,2023,2.0
9645,Jamestown Board of Public Util,2682.0,S A Carlson,NY,12,RE,,N,, , ,XX, , ,,, ,,,,,,,XX, ,,, ,,,,,,,XX, ,,, ,XX, ,,,,,,,2023,2.0
9645,Jamestown Board of Public Util,2682.0,S A Carlson,NY,9,OP,D,N,, , ,XX, , ,,, ,,,,,,,ST,0.06,NP,OH,2014,LN,,,LN,,,XX, ,,, ,XX, ,,,,,,,2023,2.0
9645,Jamestown Board of Public Util,2682.0,S A Carlson,NY,HRSG,OP,,,, , ,XX, , ,,, ,,,,,,,ST,0.2,NP,OH,2001,,NP,,,NP,,XX, ,,, ,XX, ,,,,,,,2023,2.0
55951,Constellation Nuclear,6110.0,James A Fitzpatrick,NY,NSS1,OP,,,, , ,, , ,,, ,,,,,,,, ,,, ,,,,,,,, ,,, ,, ,,,,,,,2023,3.0
55951,Constellation Nuclear,6122.0,R E Ginna Nuclear Power Plant,NY,NSS1,OP,,,, , ,, , ,,, ,,,,,,,, ,,, ,,,,,,,, ,,, ,, ,,,,,,,2023,3.0
15296,New York Power Authority,7314.0,Richard M Flynn,NY,EIA01,OP,,,, , ,, , ,,, ,,,,,,,, ,,, ,,,,,,,, ,,, ,, ,,,,,,,2023,4.0
58651,"Allegany Generating Station, LLC",7784.0,Allegany Cogen,NY,HRSG,OP,Dc,N,, , ,FD,0.0006, ,DP,OH,1994,,,,,,,FD,9,NM,OH,1994,H20,SR,,H20,SR,,FD, ,,,1994,XX, ,,,,,,,2023,2.0
5511,CCI Roseton LLC,8006.0,Roseton Generating Facility,NY,1,OP,N,N,, , ,ST,0.5, ,SU,YR,1974,SS,,,SS,,,ST,0.15,NP,MO,1995,OV,FR,,OV,FR,,ST,0.1,PB,NV,1974,ST,1974,,,,,,,2023,1.0
5511,CCI Roseton LLC,8006.0,Roseton Generating Facility,NY,2,OP,N,N,, , ,ST,0.5, ,SU,YR,1974,SS,,,SS,,,ST,0.15,NP,MO,1995,OV,FR,,OV,FR,,ST,0.1,PB,NV,1974,ST,1974,,,,,,,2023,1.0
54863,U S Power Generating Company LLC,8906.0,Astoria Generating Station,NY,20,OP,N,N,, , ,ST,0.0015,0,OT,NV,1972,WA,,,WA,,,ST,0.08,NP,OT,2014,LN,,,LN,,,ST,14.5,OT,NV,2005,, ,,,,,,,2023,1.0
54863,U S Power Generating Company LLC,8906.0,Astoria Generating Station,NY,30,OP,N,N,, , ,ST,0.0015,0,SU,NV,2022,WA,,,WA,,,ST,0.15,NP,OT,2014,LN,,,FR,,,ST,0.1,PB,NV,1973,FD,2015,OT,,,OT,,,2023,1.0
54863,U S Power Generating Company LLC,8906.0,Astoria Generating Station,NY,40,OS,N,N,, , ,ST,0.3,0,SU,NV,1972,WA,,,WA,,,ST,0.15,NP,OT,2014,LN,,,LN,,,ST,0.1,PB,NV,1973,FD,2015,OT,,,OT,,,2023,1.0
54863,U S Power Generating Company LLC,8906.0,Astoria Generating Station,NY,50,OP,N,N,, , ,ST,0.0015,0,SU,NV,2022,WA,,,WA,,,ST,0.15,NP,OT,2014,LN,,,LN,,,ST,0.1,PB,NV,1973,FD,2015,OT,,,OT,,,2023,1.0
5624,"RED-Rochester, LLC",10025.0,"RED-Rochester, LLC",NY,13,RE,N,,, , ,ST, , ,DP,YR,1988,,,,,,,ST, ,NP,DA,1995,,,,,,,ST,0.26,PB,OH,1995,, ,,,,,,,2023,1.0
5624,"RED-Rochester, LLC",10025.0,"RED-Rochester, LLC",NY,14,RE,N,,, , ,ST, , ,DP,YR,1988,,,,,,,ST, ,NP,DA,1995,,,,,,,ST,0.26,PB,OH,1995,, ,,,,,,,2023,1.0
5624,"RED-Rochester, LLC",10025.0,"RED-Rochester, LLC",NY,15,RE,N,,, , ,ST, , ,DP,YR,1988,,,,,,,ST, ,NP,DA,1995,,,,,,,ST,0.26,PB,OH,1972,, ,,,,,,,2023,1.0
5624,"RED-Rochester, LLC",10025.0,"RED-Rochester, LLC",NY,41,RE,N,N,, , ,FD,3.4, ,DP,YR,1988,SS,,,SS,,,FD,0.6,NP,DA,1995,FU,LA,,FU,LA,,ST,0.26,PB,OH,1972,,1972,,,,,,,2023,1.0
5624,"RED-Rochester, LLC",10025.0,"RED-Rochester, LLC",NY,42,RE,N,N,, , ,FD,3.4, ,DP,YR,1988,SS,,,SS,,,ST,0.6,NP,DA,1995,FU,LA,,FU,LA,,ST,0.26,PB,OH,1972,,1972,,,,,,,2023,1.0
5624,"RED-Rochester, LLC",10025.0,"RED-Rochester, LLC",NY,43,RE,N,N,, , ,FD,3.4, ,DP,YR,1988,SS,,,SS,,,ST,0.6,NP,DA,1995,FU,LA,,FU,LA,,ST,0.24,PB,OH,1972,,1972,,,,,,,2023,1.0
5624,"RED-Rochester, LLC",10025.0,"RED-Rochester, LLC",NY,44,OP,Da,N,, , ,FD,1.2, ,DP,NV,1987,SS,,,SS,,,ST,0.42,NP,DA,1995,FU,LA,,FU,LA,,FD,0.1,PB,NV,1987,,1987,,,,,,,2023,1.0
5624,"RED-Rochester, LLC",10025.0,"RED-Rochester, LLC",NY,45,OP,Db,Y,8-2699-00126/00001,9,2015,FD,1.2, ,DP,NV,2017,,,,,,,ST,0.15,NP,OT,2017,NP,,,NP,,,XX,0.2,PB,DA,2017,,2017,NP,,,NP,,,2023,1.0
5624,"RED-Rochester, LLC",10025.0,"RED-Rochester, LLC",NY,46,OP,Db,Y,8-2699-00126/00001,9,2015,XX, , ,,, ,,,,,,,ST,0.05,NP,OT,2018,NP,,,NP,,,, ,,, ,, ,,,,,,,2023,1.0
5624,"RED-Rochester, LLC",10025.0,"RED-Rochester, LLC",NY,47,OP,Db,Y,8-2699-00126/00001,9,2015,XX, , ,,, ,,,,,,,ST,0.05,NP,OT,2018,NP,,,NP,,,, ,,, ,,2017,,,,,,,2023,1.0
5624,"RED-Rochester, LLC",10025.0,"RED-Rochester, LLC",NY,48,OP,Db,Y,8-2699-00126/00001,9,2015,XX, , ,,, ,,,,,,,ST,0.05,NP,OT,2018,NP,,,NP,,,, ,,, ,,2017,,,,,,,2023,1.0
5624,"RED-Rochester, LLC",10025.0,"RED-Rochester, LLC",NY,B49,CO,Dc,Y,8-2699-00126/00001,10,2023,XX, , ,,, ,,,,,,,, ,,, ,,,,,,,, ,,, ,, ,,,,,,,2023,1.0
5624,"RED-Rochester, LLC",10025.0,"RED-Rochester, LLC",NY,PB1,OP,N,N,, , ,FD,1.65, ,DP,YR,1988,SS,,,SS,,,XX,0.6,NP,DA,1995,,,,,,,ST,0.2,PB,OH,1972,,1995,,,,,,,2023,1.0
5624,"RED-Rochester, LLC",10025.0,"RED-Rochester, LLC",NY,PB2,OP,N,N,, , ,FD,1.65, ,DP,YR,1988,SS,,,SS,,,XX,0.6,NP,DA,1995,,,,,,,ST,0.2,PB,OH,1972,,1995,,,,,,,2023,1.0
5624,"RED-Rochester, LLC",10025.0,"RED-Rochester, LLC",NY,PB3,OP,N,N,, , ,FD,1.65, ,DP,YR,1988,SS,,,SS,,,XX,0.6,NP,DA,1995,,,,,,,ST,0.2,PB,OH,1972,,1995,,,,,,,2023,1.0
5624,"RED-Rochester, LLC",10025.0,"RED-Rochester, LLC",NY,PB4,OP,N,N,, , ,FD,1.65, ,DP,YR,1988,SS,,,SS,,,XX,0.6,NP,DA,1995,,,,,,,ST,0.2,PB,OH,1972,,1995,,,,,,,2023,1.0
60741,Fortistar Castleton Power,10190.0,Castleton Energy Center,NY,HRSG-1,OP,Db,Y,4-3844-00008,3,2023,XX, , ,,, ,,,,,,,FD,25,NM,OH,1992,STM,,,,,,FD,0.01,PB,PS,1992,,1992,,,,,,,2023,2.0
1746,Black River Generation LLC,10464.0,ReEnergy Black River,NY,E0001,OP,N,,, , ,ST,0.2, ,DP,MO,2013,CF,,,CF,,,FD,0.17,NP,DA,2013,CF,LA,FU,CF,LA,FU,ST,0.015,PB,YR,2013,FD,2016,OT,,,OT,,,2023,2.0
1746,Black River Generation LLC,10464.0,ReEnergy Black River,NY,E0002,OP,N,,, , ,ST,0.2, ,DP,MO,2013,CF,,,CF,,,FD,0.17,NP,DA,2013,CF,LA,FU,CF,LA,FU,ST,0.015,PB,YR,2013,FD,2016,OT,,,OT,,,2023,2.0
1746,Black River Generation LLC,10464.0,ReEnergy Black River,NY,E0003,OP,N,,, , ,ST,0.2, ,DP,MO,2013,CF,,,CF,,,FD,0.17,NP,DA,2013,CF,LA,FU,CF,LA,FU,ST,0.015,PB,YR,2013,FD,2016,OT,,,OT,,,2023,2.0
20541,Wheelabrator Environmental Systems,10503.0,Wheelabrator Hudson Falls,NY,SG201A,OP,Db,N,, , ,ST,29,0.75,DM,DA,1992,IF,,,IF,,,ST,205,NM,DA,2000,OV,,,OV,,,ST,2500,UG,,1992,ST,2000,ACI,,,ACI,,,2023,2.0
20541,Wheelabrator Environmental Systems,10503.0,Wheelabrator Hudson Falls,NY,SG201B,OP,Db,N,, , ,ST,29,0.75,DM,DA,1992,IF,,,IF,,,ST,205,NM,DA,2000,OV,,,OV,,,ST,2500,UG,,1992,ST,2000,ACI,,,ACI,,,2023,2.0
56174,Finch Paper LLC,10511.0,Finch Paper,NY,10,OP,N,N,, , ,ST,100, ,DC,NV,1987,OT,,,OT,,,ST,464,NM,MO,1995,,,,OT,,,FD, ,,,1987,,1987,,,,,,,2023,2.0
56174,Finch Paper LLC,10511.0,Finch Paper,NY,4,OP,N,N,, , ,XX, , ,,, ,,,,,,,ST,0.45,NP,MO,1995,OT,,,LN,,,FD,0.1,PB,,1995,, ,,,,,,,2023,2.0
56174,Finch Paper LLC,10511.0,Finch Paper,NY,5,OP,N,N,, , ,XX, , ,,, ,,,,,,,ST,0.45,NP,MO,1995,OT,,,LN,,,FD,0.1,PB,,1995,, ,,,,,,,2023,2.0
56174,Finch Paper LLC,10511.0,Finch Paper,NY,8,OP,N,N,, , ,ST,100, ,DM,OT,1977,OT,,,OT,,,ST,464,NM,MO,1995,,,,,,,FD, ,,,1978,, ,,,,,,,2023,2.0
56174,Finch Paper LLC,10511.0,Finch Paper,NY,9,OP,N,N,, , ,XX, , ,,, ,,,,,,,ST,0.27,NP,MO,1995,OT,,,,,,FD,0.3,PB,,1981,, ,,,,,,,2023,2.0
60641,Veolia NA - Municipal & Commercial Business,10521.0,Lederle Laboratories,NY,BLR3,OP,,,, , ,, , ,,, ,,,,,,,, ,,, ,,,,,,,, ,,, ,, ,,,,,,,2023,4.0
60641,Veolia NA - Municipal & Commercial Business,10521.0,Lederle Laboratories,NY,BLR4,OP,,,, , ,, , ,,, ,,,,,,,, ,,, ,,,,,,,, ,,, ,, ,,,,,,,2023,4.0
60641,Veolia NA - Municipal & Commercial Business,10521.0,Lederle Laboratories,NY,BLR5,OP,,,, , ,, , ,,, ,,,,,,,, ,,, ,,,,,,,, ,,, ,, ,,,,,,,2023,4.0
60641,Veolia NA - Municipal & Commercial Business,10521.0,Lederle Laboratories,NY,WHSG1,OP,,,, , ,, , ,,, ,,,,,,,, ,,, ,,,,,,,, ,,, ,, ,,,,,,,2023,4.0
60641,Veolia NA - Municipal & Commercial Business,10521.0,Lederle Laboratories,NY,WHSG2,OP,,,, , ,, , ,,, ,,,,,,,, ,,, ,,,,,,,, ,,, ,, ,,,,,,,2023,4.0
58338,Lakeside Beaver Falls LLC,10617.0,CH Resources Beaver Falls,NY,HRSG50,OP,Db,,, , ,, , ,,, ,,,,,,,, ,,, ,SR,,,,,,, ,,, ,, ,,,,,,,2023,2.0
3085,Carthage Energy LLC,10620.0,Carthage Energy LLC,NY,HRSG,OP,,,, , ,XX, , ,,, ,,,,,,,ST,42,NM,OH,1991,STM,,,,,,, ,,, ,, ,,,,,,,2023,2.0
58337,Lakeside Syracuse LLC,10621.0,CH Resources Syracuse,NY,HRSG50,SB,Db,,, , ,, , ,,, ,,,,,,,, ,,, ,SR,,,,,,, ,,, ,, ,,,,,,,2023,2.0
473,Covanta Hempstead Company,10642.0,Covanta Hempstead,NY,1,OP,N,,, , ,FD,29,0.75,DM,DA,1989,IF,,,,,,ST,145.7,NH,OH,2004,SN,LA,,SN,LA,,, ,,, ,ST,2007,BR,SD,,BR,SD,,2023,2.0
473,Covanta Hempstead Company,10642.0,Covanta Hempstead,NY,2,OP,N,,, , ,FD,29,0.75,DM,DA,1989,IF,,,,,,ST,145.7,NH,OH,2004,SN,LA,,SN,LA,,, ,,, ,ST,2007,BR,SD,,BR,SD,,2023,2.0
473,Covanta Hempstead Company,10642.0,Covanta Hempstead,NY,3,OP,N,,, , ,FD,29,0.75,DM,DA,1989,IF,,,,,,ST,145.7,NH,OH,2004,SN,,,SN,,,, ,,, ,ST,2007,BR,SD,,BR,SD,,2023,2.0
16909,Selkirk Cogen Partners LP,10725.0,Selkirk Cogen,NY,HRSG1,OP,Db,N,, , ,ST,0.2,0,SU,NS,1992,,,,,,,ST,0.091,NP,NS,1992,SR,,,SR,,,ST,0.014,PB,NS,1992,, ,,,,,,,2023,1.0
16909,Selkirk Cogen Partners LP,10725.0,Selkirk Cogen,NY,HRSG2,OP,Db,N,, , ,ST,0.2,0,SU,NS,1994,,,,,,,ST,0.0181,NP,NS,1994,SR,,,SR,,,ST,0.014,PB,NS,1994,, ,,,,,,,2023,1.0
16909,Selkirk Cogen Partners LP,10725.0,Selkirk Cogen,NY,HRSG3,OP,Db,N,, , ,ST,0.2,0,SU,NS,1994,,,,,,,ST,0.0181,NP,NS,1994,SR,,,SR,,,ST,0.014,PB,NS,1994,, ,,,,,,,2023,1.0
40052,AG Energy LP,10803.0,Ogdensburg Power,NY,HRSG A,OS,,,, , ,, , ,,, ,,,,,,,, ,,, ,,,,,,,, ,,, ,, ,,,,,,,2023,2.0
24457,Calpine Eastern Corp,50292.0,Bethpage Power Plant,NY,HRSG1,OP,,,, , ,XX, , ,,, ,,,,,,,ST,42,NM,OH,1987,STM,,,STM,,,, ,,, ,, ,,,,,,,2023,2.0
24457,Calpine Eastern Corp,50292.0,Bethpage Power Plant,NY,HRSG2,OP,,,, , ,XX, , ,,, ,,,,,,,ST,42,NM,OH,1987,STM,,,STM,,,, ,,, ,, ,,,,,,,2023,2.0
24457,Calpine Eastern Corp,50292.0,Bethpage Power Plant,NY,HRSG3,OP,,,, , ,XX, , ,,, ,,,,,,,ST,2.5,NM,OH,2005,SR,,,SR,,,, ,,, ,, ,,,,,,,2023,2.0
9245,Indeck-Energy Serv Silver Spg,50449.0,Indeck Silver Springs Energy Center,NY,HRSG1,OP,N,N,, , ,XX, , ,,, ,,,,,,,FD,32,NM,OH,1991,STM,,,,,,XX, ,,, ,XX, ,,,,,,,2023,2.0
9244,Indeck-Oswego Ltd Partnership,50450.0,Indeck Oswego Energy Center,NY,HRSG1,OP,N,N,, , ,XX, , ,,, ,,,,,,,ST,25,NM,DA,1990,STM,,,,,,XX, ,,, ,FD,1990,,,,,,,2023,2.0
9243,Indeck-Yerkes Ltd Partnership,50451.0,Indeck Yerkes Energy Center,NY,HRSG1,OP,N,N,, , ,XX, , ,,, ,,,,,,,FD,42,NM,OH,1990,STM,,,,,,XX, ,,, ,FD,1990,,,,,,,2023,2.0
9263,Indeck-Corinth Ltd Partnership,50458.0,Indeck Corinth Energy Center,NY,HRSG1,OP,N,,, , ,XX, , ,,, ,,,,,,,ST,9,NM,OH,1995,LN,SR,H20,LN,SR,H20,XX, ,,, ,FD,1995,,,,,,,2023,2.0
470,Covanta Energy of Niagara LP,50472.0,"Covanta Niagara I, LLC",NY,BLR1,OP,Db,N,9-2911-00113/00039,5,2014,ST,0.3, ,DH,OH,1981,,,,OT,,,ST,0.08,NP,OH,2014,SN,,,SN,,,ST,20,OP,SM,1991,ST,1981,,,,,,,2023,2.0
470,Covanta Energy of Niagara LP,50472.0,"Covanta Niagara I, LLC",NY,BLR2,OP,Db,N,9-2911-00113/00039,5,2014,ST,0.3, ,DH,OH,1981,,,,OT,,,ST,0.08,NP,OH,2014,SN,,,SN,,,ST,20,OP,SM,1991,, ,,,,,,,2023,2.0
470,Covanta Energy of Niagara LP,50472.0,"Covanta Niagara I, LLC",NY,BLR3,OP,Db,Y,9-2911-00113/00039,5,2014,FD,29,0.8,DM,OH,1996,IF,,,IF,,,FD,150,NM,DA,1996,SN,,,SN,,,FD,11.2,PH,OH,1996,FD,1996,ACI,BR,SD,ACI,BR,SD,2023,2.0
470,Covanta Energy of Niagara LP,50472.0,"Covanta Niagara I, LLC",NY,BLR4,OP,Db,Y,9-2911-00113/00039,5,2014,FD,29,0.8,DM,OH,1996,IF,,,IF,,,FD,150,NM,DA,1996,SN,,,SN,,,FD,11.2,PH,OH,1996,FD,1996,ACI,BR,SD,ACI,BR,SD,2023,2.0
4484,Covanta Babylon Inc,50649.0,Covanta Babylon Inc,NY,1,OP,N,,, , ,FD,29,0.75,DM,DA,1989,IF,,,IF,,,ST,150,NH,DA,1989,SN,,,SN,,,, ,,, ,ST,1989,ACI,,,ACI,,,2023,2.0
4484,Covanta Babylon Inc,50649.0,Covanta Babylon Inc,NY,2,OP,N,,, , ,FD,29,0.75,DM,DA,1989,IF,,,IF,,,ST,150,NM,DA,1989,SN,,,SN,,,, ,,, ,ST,1989,ACI,,,ACI,,,2023,2.0
9097,Huntington Resource Recovery,50656.0,Huntington Resource Recovery Facility,NY,UNIT1,OP,N,,, , ,FD,29,0.75,DM,DA,1991,IF,,,ND,,,ST,185,NM,TH,1991,SN,,,SN,,,, ,,, ,ST,1991,ACI,BP,,ACI,BP,,2023,2.0
9097,Huntington Resource Recovery,50656.0,Huntington Resource Recovery Facility,NY,UNIT2,OP,N,,, , ,FD,29,0.75,DM,DA,1991,IF,,,,,,ST,185,NM,TH,1991,SN,,,SN,,,, ,,, ,ST,1991,ACI,BP,,ACI,BP,,2023,2.0
9097,Huntington Resource Recovery,50656.0,Huntington Resource Recovery Facility,NY,UNIT3,OP,N,,, , ,FD,29,0.75,DM,DA,1991,IF,,,,,,ST,185,NM,TH,1991,SN,,,SN,,,, ,,, ,ST,1991,ACI,BP,,ACI,BP,,2023,2.0
4487,Covanta Onondega LP,50662.0,Onondaga County Resource Recovery,NY,UNIT1,OP,Db,Y,7-3142-00028/00009,8,2021,ST,29,0.85,DM,DA,1995,,,,,,,ST,180,NM,DA,1995,NH3,SN,,NH3,SN,,FD,3.16,PH,OH,1995,ST,1995,ACI,SD,BP,ACI,SD,BP,2023,2.0
4487,Covanta Onondega LP,50662.0,Onondaga County Resource Recovery,NY,UNIT2,OP,Db,Y,7-3142-00028/00009,8,2021,ST,29,0.85,DM,DA,1995,,,,,,,ST,180,NM,DA,1995,NH3,SN,,NH3,SN,,FD,3.16,PH,OH,1995,ST,1995,ACI,SD,BP,ACI,SD,BP,2023,2.0
4487,Covanta Onondega LP,50662.0,Onondaga County Resource Recovery,NY,UNIT3,OP,Db,Y,7-3142-00028/00009,8,2021,ST,29,0.85,DM,DA,1995,,,,,,,ST,180,NM,DA,1995,NH3,SN,,NH3,SN,,FD,3.16,PH,OH,1995,ST,1995,ACI,SD,BP,ACI,SD,BP,2023,2.0
14182,Sterling Power Partners LP,50744.0,Sterling Power Plant,NY,HRSG,OP,,,, , ,, , ,,, ,,,,,,,, ,,, ,,,,,,,, ,,, ,, ,,,,,,,2023,4.0
20541,Wheelabrator Environmental Systems,50882.0,Wheelabrator Westchester,NY,1,OP,N,N,, , ,FD,29,0.77,DM,DA,1999,IF,,,IF,,,ST,184,NM,DA,1999,SN,,,SN,,,FD,10,OP,SM,1999,ST,1999,ACI,,,ACI,,,2023,2.0
20541,Wheelabrator Environmental Systems,50882.0,Wheelabrator Westchester,NY,2,OP,N,,, , ,FD,29, ,DM,DA,1999,IF,,,IF,,,ST,184,NM,DA,1999,SN,,,SN,,,, ,,, ,ST,1999,ACI,,,ACI,,,2023,2.0
20541,Wheelabrator Environmental Systems,50882.0,Wheelabrator Westchester,NY,3,OP,N,,, , ,FD,29, ,DM,DA,1999,IF,,,IF,,,ST,184,NM,DA,1999,SN,,,SN,,,ST, ,,,1999,ST,1999,ACI,,,ACI,,,2023,2.0
24202,Carr Street Generating Sta LP,50978.0,Carr Street Generating Station,NY,HRSG1,OP,,,, , ,, , ,,, ,,,,,,,, ,,, ,,,,,,,, ,,, ,, ,,,,,,,2023,4.0
24202,Carr Street Generating Sta LP,50978.0,Carr Street Generating Station,NY,HRSG2,OP,,,, , ,, , ,,, ,,,,,,,, ,,, ,,,,,,,, ,,, ,, ,,,,,,,2023,4.0
56601,Covanta MacArthur Renewable Energy,51038.0,MacArthur Waste to Energy Facility,NY,B1,OP,D,,, , ,FD,31,0.75,DM,DA,1990,IF,,,IF,,,FD,170,NM,DA,1990,OV,LA,OT,OV,LA,OT,, ,,, ,FD,1990,ACI,,,ACI,,,2023,2.0
56601,Covanta MacArthur Renewable Energy,51038.0,MacArthur Waste to Energy Facility,NY,B2,OP,D,,, , ,FD,31,0.75,DM,DA,1990,IF,,,IF,,,FD,170,NM,DA,1990,OV,LA,,OV,LA,,, ,,, ,FD,1990,ACI,,,ACI,,,2023,2.0
24210,Riverbay Corp,52168.0,Riverbay,NY,U00002,OP,,,, , ,ST,15, ,DM,PS,2020,OT,,,OT,,,ST,0.15,NP,NV,2020,LN,FR,,LN,FR,,XX, ,,, ,ST,2020,OT,,,OT,,,2023,2.0
24210,Riverbay Corp,52168.0,Riverbay,NY,U00003,OP,,,, , ,, , ,,, ,,,,,,,ST,0.1,NH,OH,2011,LN,,,LN,,,, ,,, ,,2011,,,,,,,2023,2.0
24210,Riverbay Corp,52168.0,Riverbay,NY,U00004,OP,,,, , ,, , ,,, ,,,,,,,ST,2.5,NM,TH,2011,SR,,,SR,,,, ,,, ,ST,2011,,,,,,,2023,2.0
24210,Riverbay Corp,52168.0,Riverbay,NY,U00006,OP,,,, , ,, , ,,, ,,,,,,,ST,2.5,NM,TH,2011,SR,,,SR,,,, ,,, ,ST,2011,,,,,,,2023,2.0
24210,Riverbay Corp,52168.0,Riverbay,NY,U00008,CN,,,, , ,, , ,,, ,,,,,,,, ,,, ,,,,,,,, ,,, ,, ,,,,,,,2023,2.0
6838,Rensselaer Generating LLC,54034.0,Rensselaer Cogen,NY,HRSG,OP,Db,N,, , ,ST,0.0015, ,SU,DT,2014,SS,,,,,,ST,9,NM,OH,1994,,SR,STM,,SR,STM,FD,3.6,PH,OH,1994,XX,1994,,,,,,,2023,2.0
11127,Lockport Energy Associates LP,54041.0,Lockport Energy Associates LP,NY,4,OP,Db,N,, , ,ST,0.12, ,DP,YR,1992,SS,,,SS,,,ST,0.14,NP,YR,1993,STM,,,STM,,,, ,,, ,FD,1992,,,,,,,2023,2.0
9261,Indeck-Olean Ltd Partnership,54076.0,Indeck Olean Energy Center,NY,HRSG1,OP,N,N,, , ,XX, , ,,, ,,,,,,,ST,9,NM,OH,1994,SR,STM,,SR,STM,,ST,0.004,PB,,1994,XX,1994,,,,,,,2023,2.0
9350,Sylvamo North America LLC,54099.0,Ticonderoga Mill,NY,PB1,OP,,,, , ,FD,435, ,DH,TH,1996,IF,,,IF,,,ST,0.22,NP,DA,2015,LN,OV,,LN,OV,,, ,,, ,FD,2017,,,,,,,2023,2.0
9350,Sylvamo North America LLC,54099.0,Ticonderoga Mill,NY,RB1,OP,N,,, , ,XX, , ,,, ,,,,,,,ST,100,NM,PS,1995,NP,,,NP,,,, ,,, ,XX, ,,,,,,,2023,2.0
10349,KIAC Partners,54114.0,Kennedy International Airport Cogen,NY,HRSG1,OP,N,N,, , ,, , ,,, ,,,,,,,FD,9.01,NM,OH,1994,SR,,,SR,,,, ,,, ,, ,,,,,,,2023,2.0
10349,KIAC Partners,54114.0,Kennedy International Airport Cogen,NY,HRSG2,OP,N,N,, , ,, , ,,, ,,,,,,,FD,9.01,NM,OH,1994,SR,,,SR,,,, ,,, ,, ,,,,,,,2023,2.0
50136,North American Energy Services,54131.0,Fortistar North Tonawanda,NY,HR123,OP,Db,N,, , ,ST,0.15, ,DP,YR,1992,SS,,,SS,,,ST,0.14,NP,YR,1992,STM,,,STM,,,, ,,, ,FD,1992,,,,,,,2023,2.0
17254,Sithe/Independence LLC,54547.0,Sithe Independence Station,NY,HRSG 1,OP,Db,N,, , ,ST,0.0006,0,DP,YR,1995,WA,,,WA,,,ST,0.0173,NH,OH,1995,SR,,,,,,ST,0.0011,PH,OH,1995,, ,,,,,,,2023,1.0
17254,Sithe/Independence LLC,54547.0,Sithe Independence Station,NY,HRSG 2,OP,Db,N,, , ,ST,0.0006,0,DP,YR,1995,WA,,,WA,,,ST,0.018,NH,OH,1995,SR,,,,,,ST,0.0011,PH,OH,1995,, ,,,,,,,2023,1.0
17254,Sithe/Independence LLC,54547.0,Sithe Independence Station,NY,HRSG 3,OP,Db,N,, , ,ST,0.0006,0,DP,YR,1995,WA,,,WA,,,ST,0.0188,NH,OH,1995,SR,,,,,,ST,0.0011,PH,OH,1995,, ,,,,,,,2023,1.0
17254,Sithe/Independence LLC,54547.0,Sithe Independence Station,NY,HRSG 4,OP,Db,N,, , ,ST,0.0006,0,DC,YR,1995,WA,,,WA,,,ST,0.0184,NH,OH,1995,SR,,,,,,ST,0.0011,PH,OH,1995,, ,,,,,,,2023,1.0
16729,Saranac Power Partners LP,54574.0,Saranac Facility,NY,HRSG1,OP,Da,N,, , ,XX, , ,,, ,,,,,,,FD,0.033,NP,TH,1994,LN,NH3,SR,,,,FD,0.0062,PB,TH,1994,XX, ,,,,,,,2023,2.0
16729,Saranac Power Partners LP,54574.0,Saranac Facility,NY,HRSG2,OP,Da,N,, , ,XX, , ,,, ,,,,,,,FD,0.033,NP,TH,1994,NH3,SR,LN,,,,FD,0.0062,PB,TH,1994,XX, ,,,,,,,2023,2.0
15253,Power City Partners LP,54592.0,Massena Energy Facility,NY,HRSG1,OP,Db,N,, , ,XX, , ,,, ,,,,,,,ST,9,NM,OH,1992,SR,STM,,,,,ST,0.014,PB,PS,1993,XX, ,,,,,,,2023,2.0
16839,Seneca Power Partners LP,54593.0,Batavia Power Plant,NY,HRSG,OP,,,, , ,, , ,,, ,,,,,,,, ,,, ,,,,,,,, ,,, ,, ,,,,,,,2023,4.0
2313,Brooklyn Navy Yard Cogen PLP,54914.0,Brooklyn Navy Yard Cogeneration,NY,HRSG1,OP,,,, , ,, , ,,, ,,,,,,,, ,,, ,,,,,,,, ,,, ,, ,,,,,,,2023,4.0
2313,Brooklyn Navy Yard Cogen PLP,54914.0,Brooklyn Navy Yard Cogeneration,NY,HRSG2,OP,,,, , ,, , ,,, ,,,,,,,, ,,, ,,,,,,,, ,,, ,, ,,,,,,,2023,4.0
22979,Astoria Energy LLC,55375.0,Astoria Energy,NY,HRSG1,OP,Db,Y,2-6301-00072/00014,12,2001,FD,0.0015,0,DP,PS,2006,WA,,,WA,,,FD,2,NM,TH,2006,H20,SR,,H20,SR,,FD,0.01,PB,PS,2006,ST,2006,,,,,,,2023,1.0
22979,Astoria Energy LLC,55375.0,Astoria Energy,NY,HRSG2,OP,Db,Y,2-6301-00072/00014,12,2001,FD,0.0015,0,DP,PS,2006,WA,,,WA,,,FD,2,NH,TH,2006,H20,SR,,H20,SR,,FD,0.01,PB,PS,2006,LO,2006,,,,,,,2023,1.0
32173,New Athens Generating Company LLC,55405.0,Athens Generating Plant,NY,HRSG01,OP,,,, , ,, , ,,, ,,,,,,,, ,,, ,,,,,,,, ,,, ,, ,,,,,,,2023,3.0
32173,New Athens Generating Company LLC,55405.0,Athens Generating Plant,NY,HRSG02,OP,,,, , ,, , ,,, ,,,,,,,, ,,, ,,,,,,,, ,,, ,, ,,,,,,,2023,3.0
32173,New Athens Generating Company LLC,55405.0,Athens Generating Plant,NY,HRSG03,OP,,,, , ,, , ,,, ,,,,,,,, ,,, ,,,,,,,, ,,, ,, ,,,,,,,2023,3.0
49837,Pinelawn Power LLC,56188.0,Pinelawn Power LLC,NY,001,OP,Db,N,, , ,XX, , ,,, ,,,,,,,FD,4.33,NH,NV,2005,SR,H20,NH3,,,,FD,0.1,PB,WO,2005,XX, ,,,,,,,2023,2.0
15296,New York Power Authority,56196.0,Zeltmann,NY,7A,OP,,,, , ,, , ,,, ,,,,,,,, ,,, ,,,,,,,, ,,, ,, ,,,,,,,2023,3.0
15296,New York Power Authority,56196.0,Zeltmann,NY,7B,OP,,,, , ,, , ,,, ,,,,,,,, ,,, ,,,,,,,, ,,, ,, ,,,,,,,2023,3.0
49950,"Caithness Long Island, LLC",56234.0,Caithness Long Island Energy Center,NY,HRSG01,OP,Da,N,, , ,, , ,,, ,,,,,,,ST,2,NM,TH,2009,SR,,,SR,,,, ,,, ,, ,,,,,,,2023,1.0
56480,Empire Generating Co LLC,56259.0,Empire Generating Co LLC,NY,HRSG11,OP,N,Y,4-3814-00052/00009,12,2026,FD,0.06,0,DP,NV,2010,WA,SS,,WA,SS,,ST,2,NM,TH,2010,SR,NH3,LN,SR,NH3,LN,ST,0.012,PB,PS,2010,XX, ,,,,,,,2023,1.0
56480,Empire Generating Co LLC,56259.0,Empire Generating Co LLC,NY,HRSG12,OP,N,Y,4-3814-00052/00009,12,2026,FD,0.06,0,DP,NV,2010,WA,OT,,WA,OT,,ST,2,NM,TH,2010,SR,NH3,LN,SR,NH3,LN,ST,0.012,PB,PS,2010,, ,,,,,,,2023,1.0
56204,"CPV Valley, LLC",56940.0,CPV Valley Energy Center,NY,HRSG1,OP,Db,N,, , ,ST,0.0015,0,SB,DT,2018,SS,,,SS,,,ST,2,NM,OH,2018,NH3,SR,LN,NH3,SR,LN,ST,0.0073,PB,OH,2018,XX, ,,,,,,,2023,1.0
56204,"CPV Valley, LLC",56940.0,CPV Valley Energy Center,NY,HRSG2,OP,Db,N,, , ,ST,0.0015,0,SB,DT,2018,SS,,,SS,,,ST,2,NM,OH,2018,NH3,SR,LN,NH3,SR,LN,ST,0.0073,PB,OH,2018,XX, ,,,,,,,2023,1.0
56534,Cricket Valley Energy Center LLC,57185.0,Cricket Valley Energy,NY,U1HRSG,OP,N,Y,3-1326-00275/00009,2,2016,XX, , ,,, ,,,,,,,FD,0.0074,NP,OH,2020,SR,,,SR,,,FD,0.006,PB,OH,2020,XX, ,,,,,,,2023,1.0
56534,Cricket Valley Energy Center LLC,57185.0,Cricket Valley Energy,NY,U2HRSG,OP,N,Y,3-1326-00275/00009,2,2016,XX, , ,,, ,,,,,,,FD,0.0074,NP,OH,2020,SR,,,SR,,,FD,0.007,PB,NV,2020,XX, ,,,,,,,2023,1.0
56534,Cricket Valley Energy Center LLC,57185.0,Cricket Valley Energy,NY,U3HRSG,OP,N,Y,3-1326-00275/00009,2,2016,XX, , ,,, ,,,,,,,FD,0.0074,NP,OH,2020,SR,,,SR,,,FD,0.007,PB,NV,2020,XX, ,,,,,,,2023,1.0
56991,Astoria Energy II LLC,57664.0,Astoria Energy II,NY,HRSG3,OP,Db,Y,2-6301-00072/00014,12,2001,ST,0.0015,0,DP,PS,2011,WA,,,WA,,,ST,2,NM,PS,2011,,SR,H20,,SR,H20,FD,0.01,PB,PS,2011,, ,,,,,,,2023,1.0
56991,Astoria Energy II LLC,57664.0,Astoria Energy II,NY,HRSG4,OP,Db,Y,2-6301-00072/00014,12,2001,ST,0.0015,0,DP,PS,2011,WA,,,WA,,,FD,2,NM,PS,2011,,SR,H20,,SR,H20,FD,0.01,PB,OH,2011,, ,,,,,,,2023,1.0
58107,University of Rochester,58157.0,University of Rochester,NY,10,OP,Db,N,, , ,ST,0.0015, ,SU,NS,2016,SS,,,SS,,,ST,0.11,NH,PS,2016,LN,,,LN,,,XX, ,,, ,XX,2016,,,,,,,2023,2.0
58107,University of Rochester,58157.0,University of Rochester,NY,5,OP,Db,N,, , ,ST,0.0015, ,SU,NS,1998,SS,,,SS,,,ST,0.11,NH,PS,1998,LN,,,LN,,,, ,,, ,XX,1998,,,,,,,2023,2.0
58107,University of Rochester,58157.0,University of Rochester,NY,6,OP,Db,N,, , ,ST,0.0015, ,SU,NS,1998,SS,,,SS,,,ST,0.858,NH,PS,1998,LN,,,LN,,,, ,,, ,XX,1998,,,,,,,2023,2.0
58107,University of Rochester,58157.0,University of Rochester,NY,7,OP,Db,N,, , ,ST,0.0015, ,SU,NS,1998,SS,,,SS,,,ST,0.561,NH,PS,1998,LN,,,LN,,,, ,,, ,XX,1998,,,,,,,2023,2.0
58107,University of Rochester,58157.0,University of Rochester,NY,9,OP,Db,N,, , ,XX,0.0015, ,SU,NS,2005,SS,,,SS,,,ST,0.561,NH,PS,2005,LN,FR,,LN,FR,,, ,,, ,XX, ,,,,,,,2023,2.0
58971,Danskammer Energy,2480.0,Danskammer Generating Station,NY,1,OP,N,N,, , ,XX, , ,,, ,,,,,,,ST,0.42,NP,DA,1995,BF,LA,LN,,,,ST,20,OP,SM,1972,, ,,,,,,,2024,1.0
58971,Danskammer Energy,2480.0,Danskammer Generating Station,NY,2,OP,N,N,, , ,XX, , ,,, ,,,,,,,ST,0.42,NP,DA,1995,BF,LA,,,,,ST,20,OP,SM,1972,, ,,,,,,,2024,1.0
58971,Danskammer Energy,2480.0,Danskammer Generating Station,NY,3,OP,N,N,, , ,XX, , ,,, ,,,,,,,ST,0.42,NP,DA,1995,OV,LN,,OV,LN,,ST,20,OP,SM,1987,, ,,,,,,,2024,1.0
58971,Danskammer Energy,2480.0,Danskammer Generating Station,NY,4,OP,N,N,, , ,XX, , ,,, ,,,,,,,ST,0.42,NP,DA,1995,OV,LN,,OV,LN,,ST,20,OP,SM,1987,, ,,,,,,,2024,1.0
13192,NRG Arthur Kill Operations Inc,2490.0,Arthur Kill Generating Station,NY,20,OP,N,N,, , ,ST,0.2, ,SU,NV,1972,,,,,,,LO,0.15,NM,NV,1995,LA,LN,OV,LA,LN,OV,ST,0.1,PB,NV,1971,, ,,,,,,,2024,1.0
13192,NRG Arthur Kill Operations Inc,2490.0,Arthur Kill Generating Station,NY,30,OP,N,N,, , ,ST,0.2, ,SU,NV,1972,,,,,,,ST,0.15,NM,NV,1995,LA,LN,OV,LA,LN,OV,ST,0.1,PB,NV,1971,, ,,,,,,,2024,1.0
15296,New York Power Authority,2491.0,Charles Poletti,NY,001,RE,N,,, , ,ST, , ,,, ,,,,,,,ST, ,,, ,,,,,,,ST, ,,, ,, ,,,,,,,2024,4.0
4226,Consolidated Edison Co-NY Inc,2493.0,East River,NY,60,OP,N,N,, , ,ST,0.3,0,SU,NV,1972,SS,WA,,SS,WA,,LO,0.15,NM,NV,1995,OV,LA,,LN,,,ST,0.1,PB,NV,1973,, ,,,,,,,2024,1.0
4226,Consolidated Edison Co-NY Inc,2493.0,East River,NY,70,OP,N,N,, , ,ST,0.3,0,SU,NV,1972,SS,WA,,SS,WA,,LO,0.15,NM,NV,1995,OV,FR,,LN,,,ST,0.1,PB,NV,1973,, ,,,,,,,2024,1.0
61130,Ravenswood Operations LLC,2500.0,Ravenswood,NY,10,OP,N,N,, , ,LO,0.15,0,SU,NV,1972,,WA,,,WA,,ST,0.15,NP,OH,1995,OV,,,OV,,,ST,0.1,PB,PS,1973,FD,2014,,,,,,,2024,1.0
61130,Ravenswood Operations LLC,2500.0,Ravenswood,NY,20,OP,N,N,, , ,LO,0.15,0,SU,NV,1972,,WA,,,WA,,ST,0.15,NP,OH,1995,OV,,,OV,,,ST,0.1,PB,PS,1973,FD,2014,,,,,,,2024,1.0
61130,Ravenswood Operations LLC,2500.0,Ravenswood,NY,30,OP,N,N,, , ,LO,0.15,0,SU,NV,1972,,WA,,,WA,,ST,0.15,NP,OH,1995,OV,,,OV,,,ST,0.1,PB,PS,1971,FD,2014,,,,,,,2024,1.0
61130,Ravenswood Operations LLC,2500.0,Ravenswood,NY,40,OP,N,N,, , ,ST,0.0015, ,SU,OH,2005,SS,,,SS,,,ST,0.038,NP,TH,2005,SR,LN,H20,SR,LN,H20,ST,0.021,PB,PS,2005,FD,2014,,,,,,,2024,1.0
4226,Consolidated Edison Co-NY Inc,2502.0,Waterside,NY,61,RE,N,,, , ,ST, , ,,, ,,,,,,,LO, ,,, ,,,,,,,ST, ,,, ,, ,,,,,,,2024,4.0
4226,Consolidated Edison Co-NY Inc,2502.0,Waterside,NY,62,RE,N,,, , ,ST, , ,,, ,,,,,,,LO, ,,, ,,,,,,,ST, ,,, ,, ,,,,,,,2024,4.0
4226,Consolidated Edison Co-NY Inc,2502.0,Waterside,NY,80,RE,N,,, , ,ST, , ,,, ,,,,,,,LO, ,,, ,,,,,,,ST, ,,, ,, ,,,,,,,2024,4.0
4226,Consolidated Edison Co-NY Inc,2502.0,Waterside,NY,90,RE,N,,, , ,ST, , ,,, ,,,,,,,LO, ,,, ,,,,,,,ST, ,,, ,, ,,,,,,,2024,4.0
56505,National Grid Generation LLC,2511.0,E F Barrett,NY,10,OP,N,N,, , ,ST,0.401,0,SU,NV,1971,SS,,,SS,,,ST,0.15,NP,OH,1995,,,,ND,,,ST,0.1,PB,NV,1971,, ,,,,,,,2024,1.0
56505,National Grid Generation LLC,2511.0,E F Barrett,NY,20,OP,N,N,, , ,ST,0.401,0,SU,NV,2014,SS,,,SS,,,ST,0.1,NP,DA,2014,OV,,,ND,,,ST,0.1,PB,NV,1971,, ,,,,,,,2024,1.0
56505,National Grid Generation LLC,2513.0,Far Rockaway,NY,40,RE,N,N,, , ,ST, , ,SU,NV,1971,,,,,,,ST, ,NP,OH,1995,,,,,,,ST,0.1,PB,NV,1971,, ,,,,,,,2024,4.0
56505,National Grid Generation LLC,2514.0,Glenwood,NY,40,RE,N,N,, , ,ST, , ,SU,NV,1971,,,,,,,ST, ,NP,OH,1995,,,,,,,ST,0.1,PB,NV,1971,, ,,,,,,,2024,4.0
56505,National Grid Generation LLC,2514.0,Glenwood,NY,50,RE,N,N,, , ,ST, , ,SU,NV,1971,,,,,,,ST, ,NP,OH,1995,,,,,,,ST,0.1,PB,NV,1971,, ,,,,,,,2024,4.0
56505,National Grid Generation LLC,2516.0,Northport,NY,1,OP,N,N,, , ,ST,0.55,0,SU,NV,1976,SS,,,SS,,,ST,0.1,NP,DA,2014,OV,,,ND,,,ST,0.1,PB,NV,1971,FD,2014,,,,,,,2024,1.0
56505,National Grid Generation LLC,2516.0,Northport,NY,2,OP,N,N,, , ,ST,0.55,0,SU,NV,1976,SS,,,SS,,,ST,0.1,NP,DA,2014,OV,,,ND,,,ST,0.1,PB,NV,1971,FD,2014,,,,,,,2024,1.0
56505,National Grid Generation LLC,2516.0,Northport,NY,3,OP,N,N,, , ,ST,0.55,0,SU,NV,1976,SS,,,SS,,,ST,0.1,NP,DA,2014,OV,,,ND,,,ST,0.1,PB,NV,1972,FD,2014,,,,,,,2024,1.0
56505,National Grid Generation LLC,2516.0,Northport,NY,4,OP,D,N,, , ,ST,0.55,0,SU,NV,1977,SS,,,SS,,,ST,0.1,NP,DA,2014,OV,,,ND,,,ST,0.1,PB,NV,1977,FD,2014,,,,,,,2024,1.0
56505,National Grid Generation LLC,2517.0,Port Jefferson,NY,1,RE,N,N,, , ,XX, , ,,, ,,,,,,,XX, ,,, ,,,,,,,XX, ,,, ,XX, ,,,,,,,2024,1.0
56505,National Grid Generation LLC,2517.0,Port Jefferson,NY,2,RE,N,N,, , ,XX, , ,,, ,,,,,,,XX, ,,, ,,,,,,,XX, ,,, ,XX, ,,,,,,,2024,1.0
56505,National Grid Generation LLC,2517.0,Port Jefferson,NY,3,OP,N,N,, , ,ST,0.55,0,SU,NV,1976,SS,,,SS,,,ST,0.15,NP,OH,1995,OV,,,ND,,,ST,0.1,PB,NV,1971,FD,2014,,,,,,,2024,1.0
56505,National Grid Generation LLC,2517.0,Port Jefferson,NY,4,OP,N,N,, , ,ST,0.55,0,SU,NV,1976,SS,,,SS,,,ST,0.15,NP,OH,1995,OV,,,ND,,,ST,0.1,PB,NV,1971,FD,2014,,,,,,,2024,1.0
25,Greenidge Generation Holdings LLC,2527.0,Greenidge Generation LLC,NY,4,RE,N,Y,8-5736-00004/00017,9,2016,ST, , ,,,1988,IF,,,SS,,,ST, ,NP,DA,1995,,,,,,,ST,0.28,PB,NV,1971,ST,2009,,,,,,,2024,1.0
25,Greenidge Generation Holdings LLC,2527.0,Greenidge Generation LLC,NY,5,RE,N,N,, , ,ST, , ,SB,MO,1988,,,,,,,ST, ,NP,DA,1995,,,,,,,ST,0.28,PB,NV,1971,ST,2009,,,,,,,2024,1.0
25,Greenidge Generation Holdings LLC,2527.0,Greenidge Generation LLC,NY,6,OP,D,Y,8-5736-00004/00016,9,2016,ST,0.19,0.95,SB,OH,2007,IF,,,SS,,,ST,0.12,NP,OT,1995,AA,LN,SR,SN,,,ST,0.22,PB,NV,1970,ST,2007,BP,CD,ACI,BP,CD,ACI,2024,1.0
65417,GB II New York LLC,2539.0,Bethlehem Energy Center,NY,1,RE,,,, , ,, , ,,, ,,,,,,,, ,,, ,,,,,,,, ,,, ,, ,,,,,,,2024,1.0
65417,GB II New York LLC,2539.0,Bethlehem Energy Center,NY,2,RE,,,, , ,, , ,,, ,,,,,,,, ,,, ,,,,,,,, ,,, ,, ,,,,,,,2024,1.0
65417,GB II New York LLC,2539.0,Bethlehem Energy Center,NY,3,RE,,,, , ,, , ,,, ,,,,,,,, ,,, ,,,,,,,, ,,, ,, ,,,,,,,2024,1.0
65417,GB II New York LLC,2539.0,Bethlehem Energy Center,NY,4,RE,,,, , ,, , ,,, ,,,,,,,, ,,, ,,,,,,,, ,,, ,, ,,,,,,,2024,1.0
65417,GB II New York LLC,2539.0,Bethlehem Energy Center,NY,5,OP,Db,Y,4-0122-00044/00021,2,2002,ST,0.0006,0,DP,NV,2005,SS,,,NP,,,ST,0.0073,NP,NV,2005,SR,LN,,NP,,,ST,0.011,PB,NV,2005,XX, ,,,,,,,2024,1.0
65417,GB II New York LLC,2539.0,Bethlehem Energy Center,NY,6,OP,Db,Y,4-0122-00044/00021,2,2002,ST,0.0006,0,DP,NV,2005,SS,,,NP,,,ST,0.0073,NP,NV,2005,SR,LN,,NP,,,ST,0.011,PB,NV,2005,XX, ,,,,,,,2024,1.0
65417,GB II New York LLC,2539.0,Bethlehem Energy Center,NY,7,OP,Db,Y,4-0122-00044/00021,2,2002,ST,0.0006,0,DP,NV,2005,SS,,,NP,,,ST,0.0073,NP,NV,2005,SR,LN,,NP,,,ST,0.011,PB,NV,2005,XX, ,,,,,,,2024,1.0
55951,Constellation Nuclear,2589.0,Nine Mile Point Nuclear Station,NY,NSS1,OP,,,, , ,, , ,,, ,,,,,,,, ,,, ,,,,,,,, ,,, ,, ,,,,,,,2024,3.0
55951,Constellation Nuclear,2589.0,Nine Mile Point Nuclear Station,NY,NSS2,OP,,,, , ,, , ,,, ,,,,,,,, ,,, ,,,,,,,, ,,, ,, ,,,,,,,2024,3.0
64701,Oswego Harbor Power,2594.0,Oswego Harbor Power,NY,5,OP,N,N,, , ,ST,0.8,0,DP,TH,2016,SS,,,SS,,,ST,0.25,NP,DA,2014,OV,FR,LA,OV,FR,LA,ST,0.1,PB,PS,1976,XX, ,,,,,,,2024,1.0
64701,Oswego Harbor Power,2594.0,Oswego Harbor Power,NY,6,OP,D,N,, , ,ST,0.8,0,DP,TH,2016,SS,,,SS,,,ST,0.22,NP,DA,2014,OV,FR,LA,OV,FR,LA,ST,0.1,PB,PS,1980,XX, ,,,,,,,2024,1.0
64082,"Bowline, LLC",2625.0,Bowline Point,NY,1,OP,N,N,, , ,ST,0.0037,0,SU,NV,1972,SS,,,SS,,,ST,0.25,NP,NV,1995,AA,,,AA,,,ST,0.1,PB,NV,1972,, ,,,,,,,2024,1.0
64082,"Bowline, LLC",2625.0,Bowline Point,NY,2,OP,N,N,, , ,ST,0.0037,0,SU,NV,1974,SS,,,SS,,,ST,0.25,NP,NV,1995,AA,,,AA,,,ST,0.1,PB,NV,1974,, ,,,,,,,2024,1.0
16183,Rochester Gas & Electric Corp,2642.0,Rochester 7,NY,1,RE,N,,, , ,ST, , ,,, ,,,,,,,ST, ,,, ,,,,,,,ST, ,,, ,, ,,,,,,,2024,4.0
16183,Rochester Gas & Electric Corp,2642.0,Rochester 7,NY,2,RE,N,,, , ,ST, , ,,, ,,,,,,,ST, ,,, ,,,,,,,ST, ,,, ,, ,,,,,,,2024,4.0
16183,Rochester Gas & Electric Corp,2642.0,Rochester 7,NY,3,RE,N,,, , ,ST, , ,,, ,,,,,,,ST, ,,, ,,,,,,,ST, ,,, ,, ,,,,,,,2024,4.0
16183,Rochester Gas & Electric Corp,2642.0,Rochester 7,NY,4,RE,N,,, , ,ST, , ,,, ,,,,,,,ST, ,,, ,,,,,,,ST, ,,, ,, ,,,,,,,2024,4.0
9645,Jamestown Board of Public Util,2682.0,S A Carlson,NY,10,OP,D,N,, , ,XX, , ,,, ,,,,,,,ST,0.06,NP,OH,2014,LN,,,LN,,,XX, ,,, ,XX, ,,,,,,,2024,2.0
9645,Jamestown Board of Public Util,2682.0,S A Carlson,NY,11,RE,,N,, , ,XX, , ,,, ,,,,,,,XX, ,,, ,,,,,,,XX, ,,, ,XX, ,,,,,,,2024,2.0
9645,Jamestown Board of Public Util,2682.0,S A Carlson,NY,12,RE,,N,, , ,XX, , ,,, ,,,,,,,XX, ,,, ,,,,,,,XX, ,,, ,XX, ,,,,,,,2024,2.0
9645,Jamestown Board of Public Util,2682.0,S A Carlson,NY,9,OP,D,N,, , ,XX, , ,,, ,,,,,,,ST,0.06,NP,OH,2014,LN,,,LN,,,XX, ,,, ,XX, ,,,,,,,2024,2.0
9645,Jamestown Board of Public Util,2682.0,S A Carlson,NY,HRSG,OP,,,, , ,XX, , ,,, ,,,,,,,ST,0.2,NP,OH,2001,,NP,,,NP,,XX, ,,, ,XX, ,,,,,,,2024,2.0
55951,Constellation Nuclear,6110.0,James A Fitzpatrick,NY,NSS1,OP,,,, , ,, , ,,, ,,,,,,,, ,,, ,,,,,,,, ,,, ,, ,,,,,,,2024,3.0
55951,Constellation Nuclear,6122.0,R E Ginna Nuclear Power Plant,NY,NSS1,OP,,,, , ,, , ,,, ,,,,,,,, ,,, ,,,,,,,, ,,, ,, ,,,,,,,2024,3.0
15296,New York Power Authority,7314.0,Richard M Flynn,NY,EIA01,OP,,,, , ,, , ,,, ,,,,,,,, ,,, ,,,,,,,, ,,, ,, ,,,,,,,2024,4.0
58651,"Allegany Generating Station, LLC",7784.0,Allegany Cogen,NY,HRSG,OP,Dc,N,, , ,FD,0.0006, ,DP,OH,1994,,,,,,,FD,9,NM,OH,1994,H20,SR,,H20,SR,,FD, ,,,1994,XX, ,,,,,,,2024,2.0
5511,CCI Roseton LLC,8006.0,Roseton Generating Facility,NY,1,OP,N,N,, , ,ST,0.5, ,SU,YR,1974,SS,,,SS,,,ST,0.15,NP,MO,1995,OV,FR,,OV,FR,,ST,0.1,PB,NV,1974,ST,1974,,,,,,,2024,1.0
5511,CCI Roseton LLC,8006.0,Roseton Generating Facility,NY,2,OP,N,N,, , ,ST,0.5, ,SU,YR,1974,SS,,,SS,,,ST,0.15,NP,MO,1995,OV,FR,,OV,FR,,ST,0.1,PB,NV,1974,ST,1974,,,,,,,2024,1.0
54863,U S Power Generating Company LLC,8906.0,Astoria Generating Station,NY,20,OP,N,N,, , ,ST,0.0006,0,DP,NV,1972,WA,,,WA,,,ST,0.08,NP,OT,2014,LN,,,LN,,,ST,14.5,OT,NV,2005,, ,,,,,,,2024,1.0
54863,U S Power Generating Company LLC,8906.0,Astoria Generating Station,NY,30,OP,N,N,, , ,ST,0.0006,0,DP,NV,2022,WA,,,WA,,,ST,0.15,NP,OT,2014,LN,,,FR,,,ST,0.1,PB,NV,1973,FD,2015,OT,,,OT,,,2024,1.0
54863,U S Power Generating Company LLC,8906.0,Astoria Generating Station,NY,40,OS,N,N,, , ,ST,0.3,0,SU,NV,1972,WA,,,WA,,,ST,0.15,NP,OT,2014,LN,,,LN,,,ST,0.1,PB,NV,1973,FD,2015,OT,,,OT,,,2024,1.0
54863,U S Power Generating Company LLC,8906.0,Astoria Generating Station,NY,50,OP,N,N,, , ,ST,0.0006,0,DP,NV,2022,WA,,,WA,,,ST,0.15,NP,OT,2014,LN,,,LN,,,ST,0.1,PB,NV,1973,FD,2015,OT,,,OT,,,2024,1.0
5624,"RED-Rochester, LLC",10025.0,"RED-Rochester, LLC",NY,13,RE,N,,, , ,ST, , ,DP,YR,1988,,,,,,,ST, ,NP,DA,1995,,,,,,,ST,0.26,PB,OH,1995,, ,,,,,,,2024,1.0
5624,"RED-Rochester, LLC",10025.0,"RED-Rochester, LLC",NY,14,RE,N,,, , ,ST, , ,DP,YR,1988,,,,,,,ST, ,NP,DA,1995,,,,,,,ST,0.26,PB,OH,1995,, ,,,,,,,2024,1.0
5624,"RED-Rochester, LLC",10025.0,"RED-Rochester, LLC",NY,15,RE,N,,, , ,ST, , ,DP,YR,1988,,,,,,,ST, ,NP,DA,1995,,,,,,,ST,0.26,PB,OH,1972,, ,,,,,,,2024,1.0
5624,"RED-Rochester, LLC",10025.0,"RED-Rochester, LLC",NY,41,RE,N,N,, , ,FD,3.4, ,DP,YR,1988,SS,,,SS,,,FD,0.6,NP,DA,1995,FU,LA,,FU,LA,,ST,0.26,PB,OH,1972,,1972,,,,,,,2024,1.0
5624,"RED-Rochester, LLC",10025.0,"RED-Rochester, LLC",NY,42,RE,N,N,, , ,FD,3.4, ,DP,YR,1988,SS,,,SS,,,ST,0.6,NP,DA,1995,FU,LA,,FU,LA,,ST,0.26,PB,OH,1972,,1972,,,,,,,2024,1.0
5624,"RED-Rochester, LLC",10025.0,"RED-Rochester, LLC",NY,43,RE,N,N,, , ,FD,3.4, ,DP,YR,1988,SS,,,SS,,,ST,0.6,NP,DA,1995,FU,LA,,FU,LA,,ST,0.24,PB,OH,1972,,1972,,,,,,,2024,1.0
5624,"RED-Rochester, LLC",10025.0,"RED-Rochester, LLC",NY,44,OP,Da,N,, , ,FD,1.2, ,DP,NV,1987,SS,,,SS,,,ST,0.42,NP,DA,1995,FU,LA,,FU,LA,,FD,0.1,PB,NV,1987,,1987,,,,,,,2024,1.0
5624,"RED-Rochester, LLC",10025.0,"RED-Rochester, LLC",NY,45,OP,Db,Y,8-2699-00126/00001,9,2015,FD,1.2, ,DP,NV,2017,,,,,,,ST,0.15,NP,OT,2017,NP,,,NP,,,XX,0.2,PB,DA,2017,,2017,NP,,,NP,,,2024,1.0
5624,"RED-Rochester, LLC",10025.0,"RED-Rochester, LLC",NY,46,OP,Db,Y,8-2699-00126/00001,9,2015,XX, , ,,, ,,,,,,,ST,0.05,NP,OT,2018,NP,,,NP,,,, ,,, ,, ,,,,,,,2024,1.0
5624,"RED-Rochester, LLC",10025.0,"RED-Rochester, LLC",NY,47,OP,Db,Y,8-2699-00126/00001,9,2015,XX, , ,,, ,,,,,,,ST,0.05,NP,OT,2018,NP,,,NP,,,, ,,, ,,2017,,,,,,,2024,1.0
5624,"RED-Rochester, LLC",10025.0,"RED-Rochester, LLC",NY,48,OP,Db,Y,8-2699-00126/00001,9,2015,XX, , ,,, ,,,,,,,ST,0.05,NP,OT,2018,NP,,,NP,,,, ,,, ,,2017,,,,,,,2024,1.0
5624,"RED-Rochester, LLC",10025.0,"RED-Rochester, LLC",NY,B49,CO,Dc,Y,8-2699-00126/00001,10,2023,XX, , ,,, ,,,,,,,, ,,, ,,,,,,,, ,,, ,, ,,,,,,,2024,1.0
5624,"RED-Rochester, LLC",10025.0,"RED-Rochester, LLC",NY,PB1,OP,D,N,, , ,FD,1.65, ,DP,YR,1988,SS,,,SS,,,XX,0.6,NP,DA,1995,,,,,,,ST,0.2,PB,OH,1972,,1995,,,,,,,2024,1.0
5624,"RED-Rochester, LLC",10025.0,"RED-Rochester, LLC",NY,PB2,OP,N,N,, , ,FD,1.65, ,DP,YR,1988,SS,,,SS,,,XX,0.6,NP,DA,1995,,,,,,,ST,0.2,PB,OH,1972,,1995,,,,,,,2024,1.0
5624,"RED-Rochester, LLC",10025.0,"RED-Rochester, LLC",NY,PB3,OP,N,N,, , ,FD,1.65, ,DP,YR,1988,SS,,,SS,,,XX,0.6,NP,DA,1995,,,,,,,ST,0.2,PB,OH,1972,,1995,,,,,,,2024,1.0
5624,"RED-Rochester, LLC",10025.0,"RED-Rochester, LLC",NY,PB4,OP,N,N,, , ,FD,1.65, ,DP,YR,1988,SS,,,SS,,,XX,0.6,NP,DA,1995,,,,,,,ST,0.2,PB,OH,1972,,1995,,,,,,,2024,1.0
60741,Fortistar Castleton Power,10190.0,Castleton Energy Center,NY,HRSG-1,OP,Db,Y,4-3844-00008,3,2023,XX, , ,,, ,,,,,,,FD,25,NM,OH,1992,STM,,,,,,FD,0.01,PB,PS,1992,,1992,,,,,,,2024,2.0
1746,Black River Generation LLC,10464.0,ReEnergy Black River,NY,E0001,OP,N,,, , ,ST,0.2, ,DP,MO,2013,CF,,,CF,,,FD,0.17,NP,DA,2013,CF,LA,FU,CF,LA,FU,ST,0.015,PB,YR,2013,FD,2016,OT,,,OT,,,2024,2.0
1746,Black River Generation LLC,10464.0,ReEnergy Black River,NY,E0002,OP,N,,, , ,ST,0.2, ,DP,MO,2013,CF,,,CF,,,FD,0.17,NP,DA,2013,CF,LA,FU,CF,LA,FU,ST,0.015,PB,YR,2013,FD,2016,OT,,,OT,,,2024,2.0
1746,Black River Generation LLC,10464.0,ReEnergy Black River,NY,E0003,OP,N,,, , ,ST,0.2, ,DP,MO,2013,CF,,,CF,,,FD,0.17,NP,DA,2013,CF,LA,FU,CF,LA,FU,ST,0.015,PB,YR,2013,FD,2016,OT,,,OT,,,2024,2.0
20541,Wheelabrator Environmental Systems,10503.0,Wheelabrator Hudson Falls,NY,SG201A,OP,Db,N,, , ,ST,29,0.75,DM,DA,1992,IF,,,IF,,,ST,205,NM,DA,2000,OV,,,OV,,,ST,2500,UG,NV,1992,ST,2000,ACI,,,ACI,,,2024,2.0
20541,Wheelabrator Environmental Systems,10503.0,Wheelabrator Hudson Falls,NY,SG201B,OP,Db,N,, , ,ST,29,0.75,DM,DA,1992,IF,,,IF,,,ST,205,NM,DA,2000,OV,,,OV,,,ST,2500,UG,,1992,ST,2000,ACI,,,ACI,,,2024,2.0
56174,Finch Paper LLC,10511.0,Finch Paper,NY,10,OP,N,N,, , ,ST,100, ,DC,NV,1987,OT,,,OT,,,ST,464,NM,MO,1995,,,,OT,,,FD, ,,,1987,,1987,,,,,,,2024,2.0
56174,Finch Paper LLC,10511.0,Finch Paper,NY,4,OP,N,N,, , ,XX, , ,,, ,,,,,,,ST,0.45,NP,MO,1995,OT,,,LN,,,FD,0.1,PB,,1995,, ,,,,,,,2024,2.0
56174,Finch Paper LLC,10511.0,Finch Paper,NY,5,OP,N,N,, , ,XX, , ,,, ,,,,,,,ST,0.45,NP,MO,1995,OT,,,LN,,,FD,0.1,PB,,1995,, ,,,,,,,2024,2.0
56174,Finch Paper LLC,10511.0,Finch Paper,NY,8,OP,N,N,, , ,ST,100, ,DM,OT,1977,OT,,,OT,,,ST,464,NM,MO,1995,,,,,,,FD, ,,,1978,, ,,,,,,,2024,2.0
56174,Finch Paper LLC,10511.0,Finch Paper,NY,9,OP,N,N,, , ,XX, , ,,, ,,,,,,,ST,0.27,NP,MO,1995,OT,,,,,,FD,0.3,PB,,1981,, ,,,,,,,2024,2.0
60641,Veolia NA - Municipal & Commercial Business,10521.0,Lederle Laboratories,NY,BLR3,OP,,,, , ,, , ,,, ,,,,,,,, ,,, ,,,,,,,, ,,, ,, ,,,,,,,2024,4.0
60641,Veolia NA - Municipal & Commercial Business,10521.0,Lederle Laboratories,NY,BLR4,OP,,,, , ,, , ,,, ,,,,,,,, ,,, ,,,,,,,, ,,, ,, ,,,,,,,2024,4.0
60641,Veolia NA - Municipal & Commercial Business,10521.0,Lederle Laboratories,NY,BLR5,OP,,,, , ,, , ,,, ,,,,,,,, ,,, ,,,,,,,, ,,, ,, ,,,,,,,2024,4.0
60641,Veolia NA - Municipal & Commercial Business,10521.0,Lederle Laboratories,NY,WHSG1,OP,,,, , ,, , ,,, ,,,,,,,, ,,, ,,,,,,,, ,,, ,, ,,,,,,,2024,4.0
60641,Veolia NA - Municipal & Commercial Business,10521.0,Lederle Laboratories,NY,WHSG2,OP,,,, , ,, , ,,, ,,,,,,,, ,,, ,,,,,,,, ,,, ,, ,,,,,,,2024,4.0
58338,Lakeside Beaver Falls LLC,10617.0,CH Resources Beaver Falls,NY,HRSG50,OP,Db,,, , ,, , ,,, ,,,,,,,, ,,, ,SR,,,,,,, ,,, ,, ,,,,,,,2024,2.0
3085,Carthage Energy LLC,10620.0,Carthage Energy LLC,NY,HRSG,OP,,,, , ,XX, , ,,, ,,,,,,,ST,42,NM,OH,1991,STM,,,,,,, ,,, ,, ,,,,,,,2024,2.0
58337,Lakeside Syracuse LLC,10621.0,CH Resources Syracuse,NY,HRSG50,SB,Db,,, , ,, , ,,, ,,,,,,,, ,,, ,SR,,,,,,, ,,, ,, ,,,,,,,2024,2.0
473,Covanta Hempstead Company,10642.0,Covanta Hempstead,NY,1,OP,N,,, , ,FD,29,0.75,DM,DA,1989,IF,,,,,,ST,145.7,NH,OH,2004,SN,LA,,SN,LA,,, ,,, ,ST,2007,BR,SD,,BR,SD,,2024,2.0
473,Covanta Hempstead Company,10642.0,Covanta Hempstead,NY,2,OP,N,,, , ,FD,29,0.75,DM,DA,1989,IF,,,,,,ST,145.7,NH,OH,2004,SN,LA,,SN,LA,,, ,,, ,ST,2007,BR,SD,,BR,SD,,2024,2.0
473,Covanta Hempstead Company,10642.0,Covanta Hempstead,NY,3,OP,N,,, , ,FD,29,0.75,DM,DA,1989,IF,,,,,,ST,145.7,NH,OH,2004,SN,,,SN,,,, ,,, ,ST,2007,BR,SD,,BR,SD,,2024,2.0
16909,Selkirk Cogen Partners LP,10725.0,Selkirk Cogen,NY,HRSG1,OP,Db,N,, , ,ST,0.2,0,SU,NS,1992,,,,,,,ST,0.091,NP,NS,1992,SR,,,SR,,,ST,0.014,PB,NS,1992,, ,,,,,,,2024,1.0
16909,Selkirk Cogen Partners LP,10725.0,Selkirk Cogen,NY,HRSG2,OP,Db,N,, , ,ST,0.2,0,SU,NS,1994,,,,,,,ST,0.0181,NP,NS,1994,SR,,,SR,,,ST,0.014,PB,NS,1994,, ,,,,,,,2024,1.0
16909,Selkirk Cogen Partners LP,10725.0,Selkirk Cogen,NY,HRSG3,OP,Db,N,, , ,ST,0.2,0,SU,NS,1994,,,,,,,ST,0.0181,NP,NS,1994,SR,,,SR,,,ST,0.014,PB,NS,1994,, ,,,,,,,2024,1.0
40052,AG Energy LP,10803.0,Ogdensburg Power,NY,HRSG A,OS,,,, , ,, , ,,, ,,,,,,,, ,,, ,,,,,,,, ,,, ,, ,,,,,,,2024,2.0
24457,Calpine Eastern Corp,50292.0,Bethpage Power Plant,NY,HRSG1,OP,,,, , ,XX, , ,,, ,,,,,,,ST,42,NM,OH,1987,STM,,,STM,,,, ,,, ,XX, ,,,,,,,2024,2.0
24457,Calpine Eastern Corp,50292.0,Bethpage Power Plant,NY,HRSG2,OP,,,, , ,XX, , ,,, ,,,,,,,ST,42,NM,OH,1987,STM,,,STM,,,, ,,, ,XX, ,,,,,,,2024,2.0
24457,Calpine Eastern Corp,50292.0,Bethpage Power Plant,NY,HRSG3,OP,,,, , ,XX, , ,,, ,,,,,,,ST,2.5,NM,OH,2005,SR,,,SR,,,, ,,, ,XX, ,,,,,,,2024,2.0
9245,Indeck-Energy Serv Silver Spg,50449.0,Indeck Silver Springs Energy Center,NY,HRSG1,OP,N,N,, , ,XX, , ,,, ,,,,,,,FD,32,NM,OH,1991,STM,,,,,,XX, ,,, ,XX, ,,,,,,,2024,2.0
9244,Indeck-Oswego Ltd Partnership,50450.0,Indeck Oswego Energy Center,NY,HRSG1,OP,Dc,N,, , ,XX, , ,,, ,,,,,,,ST,25,NM,DA,1990,STM,,,,,,XX, ,,, ,FD,1990,,,,,,,2024,2.0
9243,Indeck-Yerkes Ltd Partnership,50451.0,Indeck Yerkes Energy Center,NY,HRSG1,OP,Dc,N,, , ,XX, , ,,, ,,,,,,,FD,42,NM,OH,1990,STM,,,,,,XX, ,,, ,FD,1990,,,,,,,2024,2.0
9263,Indeck-Corinth Ltd Partnership,50458.0,Indeck Corinth Energy Center,NY,HRSG1,OP,N,,, , ,XX, , ,,, ,,,,,,,ST,9,NM,OH,1995,LN,SR,H20,LN,SR,H20,XX, ,,, ,FD,1995,,,,,,,2024,2.0
470,"Reworld Niagara I, LLC",50472.0,Reworld Niagara I,NY,BLR1,OP,Db,N,9-2911-00113/00039,5,2014,ST,0.3, ,DH,OH,1981,,,,OT,,,ST,0.08,NP,OH,2014,SN,,,SN,,,ST,20,OP,SM,1991,ST,1981,,,,,,,2024,2.0
470,"Reworld Niagara I, LLC",50472.0,Reworld Niagara I,NY,BLR2,OP,Db,N,9-2911-00113/00039,5,2014,ST,0.3, ,DH,OH,1981,,,,OT,,,ST,0.08,NP,OH,2014,SN,,,SN,,,ST,20,OP,SM,1991,, ,,,,,,,2024,2.0
470,"Reworld Niagara I, LLC",50472.0,Reworld Niagara I,NY,BLR3,OP,Db,Y,9-2911-00113/00039,5,2014,FD,29,0.8,DM,OH,1996,IF,,,IF,,,FD,150,NM,DA,1996,SN,,,SN,,,FD,11.2,PH,OH,1996,FD,1996,ACI,BR,SD,ACI,BR,SD,2024,2.0
470,"Reworld Niagara I, LLC",50472.0,Reworld Niagara I,NY,BLR4,OP,Db,Y,9-2911-00113/00039,5,2014,FD,29,0.8,DM,OH,1996,IF,,,IF,,,FD,150,NM,DA,1996,SN,,,SN,,,FD,11.2,PH,OH,1996,FD,1996,ACI,BR,SD,ACI,BR,SD,2024,2.0
4484,Reworld Babylon Inc,50649.0,Reworld Babylon Inc,NY,1,OP,N,,, , ,FD,29,0.75,DM,DA,1989,IF,,,IF,,,ST,150,NH,DA,1989,SN,,,SN,,,, ,,, ,ST,1989,ACI,,,ACI,,,2024,2.0
4484,Reworld Babylon Inc,50649.0,Reworld Babylon Inc,NY,2,OP,N,,, , ,FD,29,0.75,DM,DA,1989,IF,,,IF,,,ST,150,NM,DA,1989,SN,,,SN,,,, ,,, ,ST,1989,ACI,,,ACI,,,2024,2.0
9097,Huntington Resource Recovery,50656.0,Huntington Resource Recovery Facility,NY,UNIT1,OP,N,,, , ,FD,29,0.75,DM,DA,1991,IF,,,ND,,,ST,185,NM,TH,1991,SN,,,SN,,,, ,,, ,ST,1991,ACI,BP,,ACI,BP,,2024,2.0
9097,Huntington Resource Recovery,50656.0,Huntington Resource Recovery Facility,NY,UNIT2,OP,N,,, , ,FD,29,0.75,DM,DA,1991,IF,,,,,,ST,185,NM,TH,1991,SN,,,SN,,,, ,,, ,ST,1991,ACI,BP,,ACI,BP,,2024,2.0
9097,Huntington Resource Recovery,50656.0,Huntington Resource Recovery Facility,NY,UNIT3,OP,N,,, , ,FD,29,0.75,DM,DA,1991,IF,,,,,,ST,185,NM,TH,1991,SN,,,SN,,,, ,,, ,ST,1991,ACI,BP,,ACI,BP,,2024,2.0
4487,Covanta Onondega LP,50662.0,Onondaga County Resource Recovery,NY,UNIT1,OP,Db,Y,7-3142-00028/00009,8,2021,ST,29,0.85,DM,DA,1995,,,,,,,ST,180,NM,DA,1995,NH3,SN,,NH3,SN,,FD,3.16,PH,OH,1995,ST,1995,ACI,SD,BP,ACI,SD,BP,2024,2.0
4487,Covanta Onondega LP,50662.0,Onondaga County Resource Recovery,NY,UNIT2,OP,Db,Y,7-3142-00028/00009,8,2021,ST,29,0.85,DM,DA,1995,,,,,,,ST,180,NM,DA,1995,NH3,SN,,NH3,SN,,FD,3.16,PH,OH,1995,ST,1995,ACI,SD,BP,ACI,SD,BP,2024,2.0
4487,Covanta Onondega LP,50662.0,Onondaga County Resource Recovery,NY,UNIT3,OP,Db,Y,7-3142-00028/00009,8,2021,ST,29,0.85,DM,DA,1995,,,,,,,ST,180,NM,DA,1995,NH3,SN,,NH3,SN,,FD,3.16,PH,OH,1995,ST,1995,ACI,SD,BP,ACI,SD,BP,2024,2.0
14182,Sterling Power Partners LP,50744.0,Sterling Power Plant,NY,HRSG,OP,,,, , ,, , ,,, ,,,,,,,, ,,, ,,,,,,,, ,,, ,, ,,,,,,,2024,4.0
20541,Wheelabrator Environmental Systems,50882.0,Wheelabrator Westchester,NY,1,OP,N,N,, , ,FD,29,0.77,DM,DA,1999,IF,,,IF,,,ST,184,NM,DA,1999,SN,,,SN,,,FD,10,OP,SM,1999,ST,1999,ACI,,,ACI,,,2024,2.0
20541,Wheelabrator Environmental Systems,50882.0,Wheelabrator Westchester,NY,2,OP,N,,, , ,FD,29, ,DM,DA,1999,IF,,,IF,,,ST,184,NM,DA,1999,SN,,,SN,,,, ,,, ,ST,1999,ACI,,,ACI,,,2024,2.0
20541,Wheelabrator Environmental Systems,50882.0,Wheelabrator Westchester,NY,3,OP,N,,, , ,FD,29, ,DM,DA,1999,IF,,,IF,,,ST,184,NM,DA,1999,SN,,,SN,,,ST, ,,,1999,ST,1999,ACI,,,ACI,,,2024,2.0
24202,Carr Street Generating Sta LP,50978.0,Carr Street Generating Station,NY,HRSG1,OP,,,, , ,, , ,,, ,,,,,,,, ,,, ,,,,,,,, ,,, ,, ,,,,,,,2024,4.0
24202,Carr Street Generating Sta LP,50978.0,Carr Street Generating Station,NY,HRSG2,OP,,,, , ,, , ,,, ,,,,,,,, ,,, ,,,,,,,, ,,, ,, ,,,,,,,2024,4.0
56601,Reworld MacArthur Renewable Energy,51038.0,MacArthur Waste to Energy Facility,NY,B1,OP,D,,, , ,FD,31,0.75,DM,DA,1990,IF,,,IF,,,FD,170,NM,DA,1990,OV,LA,OT,OV,LA,OT,, ,,, ,FD,1990,ACI,,,ACI,,,2024,2.0
56601,Reworld MacArthur Renewable Energy,51038.0,MacArthur Waste to Energy Facility,NY,B2,OP,D,,, , ,FD,31,0.75,DM,DA,1990,IF,,,IF,,,FD,170,NM,DA,1990,OV,LA,,OV,LA,,, ,,, ,FD,1990,ACI,,,ACI,,,2024,2.0
24210,Riverbay Corp,52168.0,Riverbay,NY,U00002,OP,,,, , ,ST,15, ,DM,PS,2020,OT,,,OT,,,ST,0.15,NP,NV,2020,LN,FR,,LN,FR,,XX, ,,, ,ST,2020,OT,,,OT,,,2024,2.0
24210,Riverbay Corp,52168.0,Riverbay,NY,U00003,OP,,,, , ,, , ,,, ,,,,,,,ST,0.1,NH,OH,2011,LN,,,LN,,,, ,,, ,,2011,,,,,,,2024,2.0
24210,Riverbay Corp,52168.0,Riverbay,NY,U00004,OP,,,, , ,, , ,,, ,,,,,,,ST,2.5,NM,TH,2011,SR,,,SR,,,, ,,, ,ST,2011,,,,,,,2024,2.0
24210,Riverbay Corp,52168.0,Riverbay,NY,U00006,OP,,,, , ,, , ,,, ,,,,,,,ST,2.5,NM,TH,2011,SR,,,SR,,,, ,,, ,ST,2011,,,,,,,2024,2.0
24210,Riverbay Corp,52168.0,Riverbay,NY,U00008,CN,,,, , ,, , ,,, ,,,,,,,, ,,, ,,,,,,,, ,,, ,, ,,,,,,,2024,2.0
6838,Rensselaer Generating LLC,54034.0,Rensselaer Cogen,NY,HRSG,OP,Db,N,, , ,ST,0.0015, ,SU,DT,2014,SS,,,,,,ST,9,NM,OH,1994,,SR,STM,,SR,STM,FD,3.6,PH,OH,1994,XX,1994,,,,,,,2024,2.0
11127,Lockport Energy Associates LP,54041.0,Lockport Energy Associates LP,NY,4,OP,Db,N,, , ,ST,0.12, ,DP,YR,1992,SS,,,SS,,,ST,0.14,NP,YR,1993,STM,,,STM,,,, ,,, ,FD,1992,,,,,,,2024,2.0
9261,Indeck-Olean Ltd Partnership,54076.0,Indeck Olean Energy Center,NY,HRSG1,OP,N,N,, , ,XX, , ,,, ,,,,,,,ST,9,NM,OH,1994,SR,STM,,SR,STM,,ST,0.004,PB,,1994,XX,1994,,,,,,,2024,2.0
9350,Sylvamo North America LLC,54099.0,Ticonderoga Mill,NY,PB1,OP,,,, , ,FD,435, ,DH,TH,1996,IF,,,IF,,,ST,0.22,NP,DA,2015,LN,OV,,LN,OV,,, ,,, ,FD,2017,,,,,,,2024,2.0
9350,Sylvamo North America LLC,54099.0,Ticonderoga Mill,NY,RB1,OP,N,,, , ,XX, , ,,, ,,,,,,,ST,100,NM,PS,1995,NP,,,NP,,,, ,,, ,XX, ,,,,,,,2024,2.0
10349,KIAC Partners,54114.0,Kennedy International Airport Cogen,NY,HRSG1,OP,N,N,, , ,, , ,,, ,,,,,,,FD,9.01,NM,OH,1994,SR,,,SR,,,, ,,, ,, ,,,,,,,2024,2.0
10349,KIAC Partners,54114.0,Kennedy International Airport Cogen,NY,HRSG2,OP,N,N,, , ,, , ,,, ,,,,,,,FD,9.01,NM,OH,1994,SR,,,SR,,,, ,,, ,, ,,,,,,,2024,2.0
50136,North American Energy Services,54131.0,World Generation X,NY,HR123,OP,Db,N,, , ,ST,0.15, ,DP,YR,1992,SS,,,SS,,,ST,0.14,NP,YR,1992,STM,,,STM,,,, ,,, ,FD,1992,,,,,,,2024,2.0
17254,Sithe/Independence LLC,54547.0,Sithe Independence Station,NY,HRSG 1,OP,Db,N,, , ,ST,0.0006,0,DP,YR,1995,WA,,,WA,,,ST,0.0133,NP,YR,1995,SR,,,,,,ST,0.0011,PB,YR,1995,, ,,,,,,,2024,1.0
17254,Sithe/Independence LLC,54547.0,Sithe Independence Station,NY,HRSG 2,OP,Db,N,, , ,ST,0.0006,0,DP,YR,1995,WA,,,WA,,,ST,0.0143,NP,YR,1995,SR,,,,,,ST,0.0011,PB,YR,1995,, ,,,,,,,2024,1.0
17254,Sithe/Independence LLC,54547.0,Sithe Independence Station,NY,HRSG 3,OP,Db,N,, , ,ST,0.0006,0,DP,YR,1995,WA,,,WA,,,ST,0.0139,NP,YR,1995,SR,,,,,,ST,0.0011,PB,YR,1995,, ,,,,,,,2024,1.0
17254,Sithe/Independence LLC,54547.0,Sithe Independence Station,NY,HRSG 4,OP,Db,N,, , ,ST,0.0006,0,DC,YR,1995,WA,,,WA,,,ST,0.0148,NP,YR,1995,SR,,,,,,ST,0.0011,PB,YR,1995,, ,,,,,,,2024,1.0
16729,Saranac Power Partners LP,54574.0,Saranac Facility,NY,HRSG1,OP,Da,N,, , ,XX, , ,,, ,,,,,,,FD,0.033,NP,TH,1994,LN,NH3,SR,,,,FD,0.0062,PB,TH,1994,XX, ,,,,,,,2024,2.0
16729,Saranac Power Partners LP,54574.0,Saranac Facility,NY,HRSG2,OP,Da,N,, , ,XX, , ,,, ,,,,,,,FD,0.033,NP,TH,1994,NH3,SR,LN,,,,FD,0.0062,PB,TH,1994,XX, ,,,,,,,2024,2.0
15253,Power City Partners LP,54592.0,Massena Energy Facility,NY,HRSG1,OP,Db,N,, , ,XX, , ,,, ,,,,,,,ST,9,NM,OH,1992,SR,STM,,,,,ST,0.014,PB,PS,1993,XX, ,,,,,,,2024,2.0
16839,Seneca Power Partners LP,54593.0,Batavia Power Plant,NY,HRSG,OP,,,, , ,, , ,,, ,,,,,,,, ,,, ,,,,,,,, ,,, ,, ,,,,,,,2024,4.0
2313,Brooklyn Navy Yard Cogen PLP,54914.0,Brooklyn Navy Yard Cogeneration,NY,HRSG1,OP,,,, , ,, , ,,, ,,,,,,,, ,,, ,,,,,,,, ,,, ,, ,,,,,,,2024,4.0
2313,Brooklyn Navy Yard Cogen PLP,54914.0,Brooklyn Navy Yard Cogeneration,NY,HRSG2,OP,,,, , ,, , ,,, ,,,,,,,, ,,, ,,,,,,,, ,,, ,, ,,,,,,,2024,4.0
22979,Astoria Energy LLC,55375.0,Astoria Energy,NY,HRSG1,OP,Db,Y,2-6301-00072/00014,12,2001,FD,0.0015,0,DP,PS,2006,WA,,,WA,,,FD,2,NM,TH,2006,H20,SR,,H20,SR,,FD,0.01,PB,PS,2006,ST,2006,,,,,,,2024,1.0
22979,Astoria Energy LLC,55375.0,Astoria Energy,NY,HRSG2,OP,Db,Y,2-6301-00072/00014,12,2001,FD,0.0015,0,DP,PS,2006,WA,,,WA,,,FD,2,NH,TH,2006,H20,SR,,H20,SR,,FD,0.01,PB,PS,2006,LO,2006,,,,,,,2024,1.0
32173,New Athens Generating Company LLC,55405.0,Athens Generating Plant,NY,HRSG01,OP,,,, , ,, , ,,, ,,,,,,,, ,,, ,,,,,,,, ,,, ,, ,,,,,,,2024,3.0
32173,New Athens Generating Company LLC,55405.0,Athens Generating Plant,NY,HRSG02,OP,,,, , ,, , ,,, ,,,,,,,, ,,, ,,,,,,,, ,,, ,, ,,,,,,,2024,3.0
32173,New Athens Generating Company LLC,55405.0,Athens Generating Plant,NY,HRSG03,OP,,,, , ,, , ,,, ,,,,,,,, ,,, ,,,,,,,, ,,, ,, ,,,,,,,2024,3.0
49837,Pinelawn Power LLC,56188.0,Pinelawn Power LLC,NY,001,OP,Db,N,, , ,XX, , ,,, ,,,,,,,FD,4.33,NH,NV,2005,SR,H20,NH3,,,,FD,0.1,PB,WO,2005,XX, ,,,,,,,2024,2.0
15296,New York Power Authority,56196.0,Zeltmann,NY,7A,OP,,,, , ,, , ,,, ,,,,,,,, ,,, ,,,,,,,, ,,, ,, ,,,,,,,2024,3.0
15296,New York Power Authority,56196.0,Zeltmann,NY,7B,OP,,,, , ,, , ,,, ,,,,,,,, ,,, ,,,,,,,, ,,, ,, ,,,,,,,2024,3.0
49950,"Caithness Long Island, LLC",56234.0,Caithness Long Island Energy Center,NY,HRSG01,OP,Da,N,, , ,, , ,,, ,,,,,,,ST,2,NM,TH,2009,SR,,,SR,,,, ,,, ,, ,,,,,,,2024,1.0
56480,Empire Generating Co LLC,56259.0,Empire Generating Co LLC,NY,HRSG11,OP,N,Y,4-3814-00052/00009,12,2026,FD,0.06,0,DP,NV,2010,WA,SS,,WA,SS,,ST,2,NM,TH,2010,SR,NH3,LN,SR,NH3,LN,ST,0.012,PB,PS,2010,XX, ,,,,,,,2024,1.0
56480,Empire Generating Co LLC,56259.0,Empire Generating Co LLC,NY,HRSG12,OP,N,Y,4-3814-00052/00009,12,2026,FD,0.06,0,DP,NV,2010,WA,OT,,WA,OT,,ST,2,NM,TH,2010,SR,NH3,LN,SR,NH3,LN,ST,0.012,PB,PS,2010,, ,,,,,,,2024,1.0
56204,"CPV Valley, LLC",56940.0,CPV Valley Energy Center,NY,HRSG1,OP,Db,N,, , ,ST,0.0015,0,SB,DT,2018,SS,,,SS,,,ST,2,NM,OH,2018,NH3,SR,LN,NH3,SR,LN,ST,0.0073,PB,OH,2018,XX, ,,,,,,,2024,1.0
56204,"CPV Valley, LLC",56940.0,CPV Valley Energy Center,NY,HRSG2,OP,Db,N,, , ,ST,0.0015,0,SB,DT,2018,SS,,,SS,,,ST,2,NM,OH,2018,NH3,SR,LN,NH3,SR,LN,ST,0.0073,PB,OH,2018,XX, ,,,,,,,2024,1.0
56534,Cricket Valley Energy Center LLC,57185.0,Cricket Valley Energy,NY,U1HRSG,OP,N,Y,3-1326-00275/00009,2,2016,XX, , ,,, ,,,,,,,FD,0.0074,NP,OH,2020,SR,,,SR,,,FD,0.006,PB,OH,2020,XX, ,,,,,,,2024,1.0
56534,Cricket Valley Energy Center LLC,57185.0,Cricket Valley Energy,NY,U2HRSG,OP,N,Y,3-1326-00275/00009,2,2016,XX, , ,,, ,,,,,,,FD,0.0074,NP,OH,2020,SR,,,SR,,,FD,0.007,PB,NV,2020,XX, ,,,,,,,2024,1.0
56534,Cricket Valley Energy Center LLC,57185.0,Cricket Valley Energy,NY,U3HRSG,OP,N,Y,3-1326-00275/00009,2,2016,XX, , ,,, ,,,,,,,FD,0.0074,NP,OH,2020,SR,,,SR,,,FD,0.007,PB,NV,2020,XX, ,,,,,,,2024,1.0
56991,Astoria Energy II LLC,57664.0,Astoria Energy II,NY,HRSG3,OP,Db,Y,2-6301-00072/00014,12,2001,ST,0.0015,0,DP,PS,2011,WA,,,WA,,,ST,2,NM,PS,2011,,SR,H20,,SR,H20,FD,0.01,PB,PS,2011,, ,,,,,,,2024,1.0
56991,Astoria Energy II LLC,57664.0,Astoria Energy II,NY,HRSG4,OP,Db,Y,2-6301-00072/00014,12,2001,ST,0.0015,0,DP,PS,2011,WA,,,WA,,,FD,2,NM,PS,2011,,SR,H20,,SR,H20,FD,0.01,PB,OH,2011,, ,,,,,,,2024,1.0
58107,University of Rochester,58157.0,University of Rochester,NY,10,OP,Db,N,, , ,ST,0.0015, ,SU,NS,2016,SS,,,SS,,,ST,0.11,NH,PS,2016,LN,,,LN,,,XX, ,,, ,XX,2016,,,,,,,2024,2.0
58107,University of Rochester,58157.0,University of Rochester,NY,5,OP,Db,N,, , ,ST,0.0015, ,SU,NS,1998,SS,,,SS,,,ST,0.11,NH,PS,1998,LN,,,LN,,,, ,,, ,XX,1998,,,,,,,2024,2.0
58107,University of Rochester,58157.0,University of Rochester,NY,6,OP,Db,N,, , ,ST,0.0015, ,SU,NS,1998,SS,,,SS,,,ST,0.858,NH,PS,1998,LN,,,LN,,,, ,,, ,XX,1998,,,,,,,2024,2.0
58107,University of Rochester,58157.0,University of Rochester,NY,7,OP,Db,N,, , ,ST,0.0015, ,SU,NS,1998,SS,,,SS,,,ST,0.561,NH,PS,1998,LN,,,LN,,,, ,,, ,XX,1998,,,,,,,2024,2.0
58107,University of Rochester,58157.0,University of Rochester,NY,9,OP,Db,N,, , ,XX,0.0015, ,SU,NS,2005,SS,,,SS,,,ST,0.561,NH,PS,2005,LN,FR,,LN,FR,,, ,,, ,XX, ,,,,,,,2024,2.0
