Utility ID,Utility Name,Plant Code,Plant Name,State,Generator ID,Status,Owner Name,Owner Street Address,Owner City,Owner State,Owner Zip,Ownership ID,Percent Owned,Year
1746,Black River Generation LLC,10464,Black River Generation,NY,GEN1,OP,Black River Generation LLC,P O Box 849,Fort Drum,NY,13602,1746,1,2013
2313,Brooklyn Navy Yard Cogen PLP,54914,Brooklyn Navy Yard Cogeneration,NY,01,OP,Mission Energy of NY,,,,,34667,0.5,2013
2313,Brooklyn Navy Yard Cogen PLP,54914,Brooklyn Navy Yard Cogeneration,NY,01,OP,B-41 Associates,,,,,34668,0.5,2013
2313,Brooklyn Navy Yard Cogen PLP,54914,Brooklyn Navy Yard Cogeneration,NY,02,OP,Mission Energy of NY,,,,,34667,0.5,2013
2313,Brooklyn Navy Yard Cogen PLP,54914,Brooklyn Navy Yard Cogeneration,NY,02,OP,B-41 Associates,,,,,34668,0.5,2013
2313,Brooklyn Navy Yard Cogen PLP,54914,Brooklyn Navy Yard Cogeneration,NY,03,OP,Mission Energy of NY,,,,,34667,0.5,2013
2313,Brooklyn Navy Yard Cogen PLP,54914,Brooklyn Navy Yard Cogeneration,NY,03,OP,B-41 Associates,,,,,34668,0.5,2013
2313,Brooklyn Navy Yard Cogen PLP,54914,Brooklyn Navy Yard Cogeneration,NY,04,OP,Mission Energy of NY,,,,,34667,0.5,2013
2313,Brooklyn Navy Yard Cogen PLP,54914,Brooklyn Navy Yard Cogeneration,NY,04,OP,B-41 Associates,,,,,34668,0.5,2013
2598,Burrows Paper Corp,50652,Lyonsdale Associates,NY,GEN1,OP,Lyonsdale Associates LLC,PO Box 987501 West Main St,Little Falls,NY,13365,56382,1,2013
2598,Burrows Paper Corp,50652,Lyonsdale Associates,NY,GEN2,OP,Lyonsdale Associates LLC,PO Box 987501 West Main St,Little Falls,NY,13365,56382,1,2013
5511,CCI Roseton LLC,8006,Roseton Generating Facility,NY,1,OP,Dynegy Rosteon LLC,,,,,34502,1,2013
5511,CCI Roseton LLC,8006,Roseton Generating Facility,NY,2,OP,CCI Roseton LLC,992 River Road,Newburgh,NY,12550,5511,1,2013
5624,"RED-Rochester, LLC",10025,"RED-Rochester, LLC",NY,12TG,RE,Dean Baughman Industrial Services,5704 Industrial Road,Fort Wayne,IN,46825,56569,1,2013
5914,Erie Boulevard Hydropower LP,2576,Higley,NY,2,RE,BRASCAN Power Corporation,480m Boul. de la CiteGatineau,Quebec,CN,J8T,50008,1,2013
5914,Erie Boulevard Hydropower LP,2576,Higley,NY,3,RE,BRASCAN Power Corporation,480m Boul. de la CiteGatineau,Quebec,CN,J8T,50008,1,2013
7092,General Mills Inc,54564,General Mills Inc,NY,GEN1,OP,General Mills Inc,54 South Michigan Avenue,Buffalo,NY,14203,7092,1,2013
10349,KIAC Partners,54114,Kennedy International Airport Cogen,NY,CT-3,IP,Westbrook Energy Center,Westbrook Energy Center717 Texas Avenue,Houston,TX,77002,2891,1,2013
10349,KIAC Partners,54114,Kennedy International Airport Cogen,NY,GEN1,OP,Calpine Corp,"700 Louisiana Street,  Suite 2700",Houston,TX,77002,2796,1,2013
10349,KIAC Partners,54114,Kennedy International Airport Cogen,NY,GEN2,OP,Calpine Corp,"700 Louisiana Street,  Suite 2700",Houston,TX,77002,2796,1,2013
10349,KIAC Partners,54114,Kennedy International Airport Cogen,NY,GEN3,OP,Calpine Corp,"700 Louisiana Street,  Suite 2700",Houston,TX,77002,2796,1,2013
10714,Little Falls Hydroelec Assoc,51034,Little Falls Hydro,NY,GEN1,OP,Lyonsdale Associates LLC,PO Box 987501 West Main St,Little Falls,NY,13365,56382,1,2013
10714,Little Falls Hydroelec Assoc,51034,Little Falls Hydro,NY,GEN2,OP,Lyonsdale Associates LLC,PO Box 987501 West Main St,Little Falls,NY,13365,56382,1,2013
11270,Lower Saranac Hydro Partner LP,10214,Lower Saranac Hydroelectric Facility,NY,GEN1,OP,Lower Saranac Corp,,,,,34553,0.01,2013
11270,Lower Saranac Hydro Partner LP,10214,Lower Saranac Hydroelectric Facility,NY,GEN1,OP,"Twin Saranac Holdings, LLC.",One Tech Drive,Andover,MA,1810,50060,0.99,2013
11270,Lower Saranac Hydro Partner LP,10214,Lower Saranac Hydroelectric Facility,NY,GEN2,OP,Lower Saranac Corp,,,,,34553,0.01,2013
11270,Lower Saranac Hydro Partner LP,10214,Lower Saranac Hydroelectric Facility,NY,GEN2,OP,"Twin Saranac Holdings, LLC.",One Tech Drive,Andover,MA,1810,50060,0.99,2013
11270,Lower Saranac Hydro Partner LP,10214,Lower Saranac Hydroelectric Facility,NY,GEN3,OP,"Enel North America, Inc.",One Tech Drive,Andover,MA,1810,49932,1,2013
12834,Dutchess County RRA,10305,Dutchess Cnty Resource Recovery Facility,NY,GEN1,OP,Dutchess County Res Recvy Agny,96 Sand Dock Road,Poughkeepsie,NY,12601,5495,1,2013
13168,NRG Huntley Operations Inc,2549,C R Huntley Generating Station,NY,63,RE,Huntley Power LLC,3500 River Road,Tonawanda,NY,14150,54763,1,2013
13168,NRG Huntley Operations Inc,2549,C R Huntley Generating Station,NY,66,RE,Huntley Power LLC,3500 River Road,Tonawanda,NY,14150,54763,1,2013
13168,NRG Huntley Operations Inc,2549,C R Huntley Generating Station,NY,67,OP,Huntley Power LLC,3500 River Road,Tonawanda,NY,14150,54763,1,2013
13168,NRG Huntley Operations Inc,2549,C R Huntley Generating Station,NY,S68,OP,Huntley Power LLC,3500 River Road,Tonawanda,NY,14150,54763,1,2013
13192,NRG Arthur Kill Operations Inc,2490,Arthur Kill Generating Station,NY,2,OP,Arthur Kill Power LLC,4401 Victory Blvd,Staten Island,NY,10314,22846,1,2013
13192,NRG Arthur Kill Operations Inc,2490,Arthur Kill Generating Station,NY,3,OP,Arthur Kill Power LLC,4401 Victory Blvd,Staten Island,NY,10314,22846,1,2013
13192,NRG Arthur Kill Operations Inc,2490,Arthur Kill Generating Station,NY,GT1,OP,Arthur Kill Power LLC,4401 Victory Blvd,Staten Island,NY,10314,22846,1,2013
13579,Dunkirk Power LLC,2554,Dunkirk Generating Plant,NY,1,OS,"NRG Energy, Inc",211 Carnegie Center,Princenton,NJ,8540,13377,1,2013
13579,Dunkirk Power LLC,2554,Dunkirk Generating Plant,NY,2,OP,"NRG Energy, Inc",211 Carnegie Center,Princenton,NJ,8540,13377,1,2013
13579,Dunkirk Power LLC,2554,Dunkirk Generating Plant,NY,3,OS,"NRG Energy, Inc",211 Carnegie Center,Princenton,NJ,8540,13377,1,2013
13579,Dunkirk Power LLC,2554,Dunkirk Generating Plant,NY,ST4,OS,"NRG Energy, Inc",211 Carnegie Center,Princenton,NJ,8540,13377,1,2013
13582,NRG Astoria Gas Turbine Operations Inc,55243,Astoria Gas Turbines,NY,10,OS,Astoria Gas Turbines Power LLC,31-01 20th Avenue,Astoria,NY,10314,27332,1,2013
13582,NRG Astoria Gas Turbine Operations Inc,55243,Astoria Gas Turbines,NY,11,SB,Astoria Gas Turbines Power LLC,31-01 20th Avenue,Astoria,NY,10314,27332,1,2013
13582,NRG Astoria Gas Turbine Operations Inc,55243,Astoria Gas Turbines,NY,12,SB,Astoria Gas Turbines Power LLC,31-01 20th Avenue,Astoria,NY,10314,27332,1,2013
13582,NRG Astoria Gas Turbine Operations Inc,55243,Astoria Gas Turbines,NY,13,SB,Astoria Gas Turbines Power LLC,31-01 20th Avenue,Astoria,NY,10314,27332,1,2013
13582,NRG Astoria Gas Turbine Operations Inc,55243,Astoria Gas Turbines,NY,2-1,OP,Astoria Gas Turbines Power LLC,31-01 20th Avenue,Astoria,NY,10314,27332,1,2013
13582,NRG Astoria Gas Turbine Operations Inc,55243,Astoria Gas Turbines,NY,2-2,OP,Astoria Gas Turbines Power LLC,31-01 20th Avenue,Astoria,NY,10314,27332,1,2013
13582,NRG Astoria Gas Turbine Operations Inc,55243,Astoria Gas Turbines,NY,2-3,OP,Astoria Gas Turbines Power LLC,31-01 20th Avenue,Astoria,NY,10314,27332,1,2013
13582,NRG Astoria Gas Turbine Operations Inc,55243,Astoria Gas Turbines,NY,2-4,OP,Astoria Gas Turbines Power LLC,31-01 20th Avenue,Astoria,NY,10314,27332,1,2013
13582,NRG Astoria Gas Turbine Operations Inc,55243,Astoria Gas Turbines,NY,3-1,OP,Astoria Gas Turbines Power LLC,31-01 20th Avenue,Astoria,NY,10314,27332,1,2013
13582,NRG Astoria Gas Turbine Operations Inc,55243,Astoria Gas Turbines,NY,3-2,OP,Astoria Gas Turbines Power LLC,31-01 20th Avenue,Astoria,NY,10314,27332,1,2013
13582,NRG Astoria Gas Turbine Operations Inc,55243,Astoria Gas Turbines,NY,3-3,OP,Astoria Gas Turbines Power LLC,31-01 20th Avenue,Astoria,NY,10314,27332,1,2013
13582,NRG Astoria Gas Turbine Operations Inc,55243,Astoria Gas Turbines,NY,3-4,OP,Astoria Gas Turbines Power LLC,31-01 20th Avenue,Astoria,NY,10314,27332,1,2013
13582,NRG Astoria Gas Turbine Operations Inc,55243,Astoria Gas Turbines,NY,4-1,OP,Astoria Gas Turbines Power LLC,31-01 20th Avenue,Astoria,NY,10314,27332,1,2013
13582,NRG Astoria Gas Turbine Operations Inc,55243,Astoria Gas Turbines,NY,4-2,OP,Astoria Gas Turbines Power LLC,31-01 20th Avenue,Astoria,NY,10314,27332,1,2013
13582,NRG Astoria Gas Turbine Operations Inc,55243,Astoria Gas Turbines,NY,4-3,OP,Astoria Gas Turbines Power LLC,31-01 20th Avenue,Astoria,NY,10314,27332,1,2013
13582,NRG Astoria Gas Turbine Operations Inc,55243,Astoria Gas Turbines,NY,4-4,OP,Astoria Gas Turbines Power LLC,31-01 20th Avenue,Astoria,NY,10314,27332,1,2013
13582,NRG Astoria Gas Turbine Operations Inc,55243,Astoria Gas Turbines,NY,5,SB,Astoria Gas Turbines Power LLC,31-01 20th Avenue,Astoria,NY,10314,27332,1,2013
13582,NRG Astoria Gas Turbine Operations Inc,55243,Astoria Gas Turbines,NY,7,SB,Astoria Gas Turbines Power LLC,31-01 20th Avenue,Astoria,NY,10314,27332,1,2013
13582,NRG Astoria Gas Turbine Operations Inc,55243,Astoria Gas Turbines,NY,8,SB,Astoria Gas Turbines Power LLC,31-01 20th Avenue,Astoria,NY,10314,27332,1,2013
13582,NRG Astoria Gas Turbine Operations Inc,55243,Astoria Gas Turbines,NY,9,RE,Astoria Gas Turbines Power LLC,31-01 20th Avenue,Astoria,NY,10314,27332,1,2013
13606,Nine Mile Point Nuclear Sta LLC,2589,Nine Mile Point Nuclear Station,NY,2,OP,Long Island Power Authority,333 Earle Ovington Boulevard,Uniondale,NY,11553,11171,0.18,2013
13606,Nine Mile Point Nuclear Sta LLC,2589,Nine Mile Point Nuclear Station,NY,2,OP,Nine Mile Point Nuclear Sta LLC,PO Box 63,Lycoming,NY,13095,13606,0.82,2013
15296,New York Power Authority,2483,Neversink,NY,H1,OP,City of New York,unkown,New York,NY,10036,55842,1,2013
15296,New York Power Authority,2627,Grahamsville,NY,GRHM,OP,City of New York,unkown,New York,NY,10036,55842,1,2013
16909,Selkirk Cogen Partners LP,10725,Selkirk Cogen,NY,GEN1,OP,Energy Investors Fund II LP,,,,,34510,0.41,2013
16909,Selkirk Cogen Partners LP,10725,Selkirk Cogen,NY,GEN1,OP,RCM Selkirk GP Inc,,,,,34603,0.18,2013
16909,Selkirk Cogen Partners LP,10725,Selkirk Cogen,NY,GEN1,OP,Atlantic Power Corporation,200 Clarendon Street,Boston,MA,2117,50010,0.18,2013
16909,Selkirk Cogen Partners LP,10725,Selkirk Cogen,NY,GEN1,OP,"OGPA Selkirk, Inc","Osaka Gas Energy America Corp4-4-11 Awajimachi, Chuoku","Osaka, JP 541-0047",,541,54830,0.23,2013
16909,Selkirk Cogen Partners LP,10725,Selkirk Cogen,NY,GEN2,SB,Energy Investors Fund II LP,,,,,34510,0.41,2013
16909,Selkirk Cogen Partners LP,10725,Selkirk Cogen,NY,GEN2,SB,RCM Selkirk GP Inc,,,,,34603,0.18,2013
16909,Selkirk Cogen Partners LP,10725,Selkirk Cogen,NY,GEN2,SB,Atlantic Power Corporation,200 Clarendon Street,Boston,MA,2117,50010,0.18,2013
16909,Selkirk Cogen Partners LP,10725,Selkirk Cogen,NY,GEN2,SB,"OGPA Selkirk, Inc","Osaka Gas Energy America Corp4-4-11 Awajimachi, Chuoku","Osaka, JP 541-0047",,541,54830,0.23,2013
16909,Selkirk Cogen Partners LP,10725,Selkirk Cogen,NY,GEN3,OP,Energy Investors Fund II LP,,,,,34510,0.41,2013
16909,Selkirk Cogen Partners LP,10725,Selkirk Cogen,NY,GEN3,OP,RCM Selkirk GP Inc,,,,,34603,0.18,2013
16909,Selkirk Cogen Partners LP,10725,Selkirk Cogen,NY,GEN3,OP,Atlantic Power Corporation,200 Clarendon Street,Boston,MA,2117,50010,0.18,2013
16909,Selkirk Cogen Partners LP,10725,Selkirk Cogen,NY,GEN3,OP,"OGPA Selkirk, Inc","Osaka Gas Energy America Corp4-4-11 Awajimachi, Chuoku","Osaka, JP 541-0047",,541,54830,0.23,2013
16909,Selkirk Cogen Partners LP,10725,Selkirk Cogen,NY,GEN4,OP,Energy Investors Fund II LP,,,,,34510,0.41,2013
16909,Selkirk Cogen Partners LP,10725,Selkirk Cogen,NY,GEN4,OP,RCM Selkirk GP Inc,,,,,34603,0.18,2013
16909,Selkirk Cogen Partners LP,10725,Selkirk Cogen,NY,GEN4,OP,Atlantic Power Corporation,200 Clarendon Street,Boston,MA,2117,50010,0.18,2013
16909,Selkirk Cogen Partners LP,10725,Selkirk Cogen,NY,GEN4,OP,"OGPA Selkirk, Inc","Osaka Gas Energy America Corp4-4-11 Awajimachi, Chuoku","Osaka, JP 541-0047",,541,54830,0.23,2013
16909,Selkirk Cogen Partners LP,10725,Selkirk Cogen,NY,GEN5,OP,Energy Investors Fund II LP,,,,,34510,0.41,2013
16909,Selkirk Cogen Partners LP,10725,Selkirk Cogen,NY,GEN5,OP,RCM Selkirk GP Inc,,,,,34603,0.18,2013
16909,Selkirk Cogen Partners LP,10725,Selkirk Cogen,NY,GEN5,OP,Atlantic Power Corporation,200 Clarendon Street,Boston,MA,2117,50010,0.18,2013
16909,Selkirk Cogen Partners LP,10725,Selkirk Cogen,NY,GEN5,OP,"OGPA Selkirk, Inc","Osaka Gas Energy America Corp4-4-11 Awajimachi, Chuoku","Osaka, JP 541-0047",,541,54830,0.23,2013
17254,Sithe/Independence LLC,54547,Sithe Independence Station,NY,1,OP,Dynegy Inc,Suite 58001000 Louisiana,Houston,TX,77002,5504,1,2013
17254,Sithe/Independence LLC,54547,Sithe Independence Station,NY,2,OP,Dynegy Inc,Suite 58001000 Louisiana,Houston,TX,77002,5504,1,2013
17254,Sithe/Independence LLC,54547,Sithe Independence Station,NY,3,OP,Dynegy Inc,Suite 58001000 Louisiana,Houston,TX,77002,5504,1,2013
17254,Sithe/Independence LLC,54547,Sithe Independence Station,NY,4,OP,Dynegy Inc,Suite 58001000 Louisiana,Houston,TX,77002,5504,1,2013
17254,Sithe/Independence LLC,54547,Sithe Independence Station,NY,5,OP,Dynegy Inc,Suite 58001000 Louisiana,Houston,TX,77002,5504,1,2013
17254,Sithe/Independence LLC,54547,Sithe Independence Station,NY,6,OP,Dynegy Inc,Suite 58001000 Louisiana,Houston,TX,77002,5504,1,2013
19153,Nassau Energy Corp,52056,Nassau Energy Corp,NY,GT1,OP,GDF Suez North America,1990 Post Oak BlvdSuite 1900,Houston,TX,77056,56201,1,2013
19153,Nassau Energy Corp,52056,Nassau Energy Corp,NY,ST1,OP,GDF Suez North America,1990 Post Oak BlvdSuite 1900,Houston,TX,77056,56201,1,2013
21148,Zapco Energy Tactics Corp,50344,Smithtown Energy Partners LP,NY,SW1,RE,Smithtown Energy Partners LP,40 Tower Lane,Avon,CT,6001,17437,1,2013
21148,Zapco Energy Tactics Corp,50344,Smithtown Energy Partners LP,NY,SW2,RE,Smithtown Energy Partners LP,40 Tower Lane,Avon,CT,6001,17437,1,2013
22125,"Cayuga Operating Company, LLC",2535,Cayuga Operating Company,NY,1,OP,"Upstate New York Power Producers, Inc.",228 Cayuga Drive,Lansing,NY,14882,58302,1,2013
22125,"Cayuga Operating Company, LLC",2535,Cayuga Operating Company,NY,2,OP,AES Eastern Energy LP,Suite 5051030 East Seneca Street,Ithaca,NY,14850,134,1,2013
24202,Carr Street Generating Sta LP,50978,Carr Street Generating Station,NY,GEN1,OP,BRASCAN Power Corporation,480m Boul. de la CiteGatineau,Quebec,CN,J8T,50008,1,2013
24202,Carr Street Generating Sta LP,50978,Carr Street Generating Station,NY,GEN2,OP,BRASCAN Power Corporation,480m Boul. de la CiteGatineau,Quebec,CN,J8T,50008,1,2013
24202,Carr Street Generating Sta LP,50978,Carr Street Generating Station,NY,GEN3,OP,BRASCAN Power Corporation,480m Boul. de la CiteGatineau,Quebec,CN,J8T,50008,1,2013
32173,New Athens Generating Company LLC,55405,Athens Generating Plant,NY,CT1,OP,New Athens Generating Company LLC,P O Box 349 9300 US  Highway 9W,Athens,NY,12015,32173,1,2013
34688,CHI Energy Inc,10687,Black River Hydro Associates,NY,DE1,OP,BT Capital,,,,,2455,0.02,2013
34688,CHI Energy Inc,10687,Black River Hydro Associates,NY,DE1,OP,CHI Energy Inc,680 Stamford Blvd 5th Floor,Stamford,CT,6901,38002,0.99,2013
34688,CHI Energy Inc,10687,Black River Hydro Associates,NY,PL1,OP,BT Capital,,,,,2455,0.02,2013
34688,CHI Energy Inc,10687,Black River Hydro Associates,NY,PL1,OP,CHI Energy Inc,680 Stamford Blvd 5th Floor,Stamford,CT,6901,38002,0.99,2013
34688,CHI Energy Inc,10687,Black River Hydro Associates,NY,RI1,OP,BT Capital,,,,,2455,0.02,2013
34688,CHI Energy Inc,10687,Black River Hydro Associates,NY,RI1,OP,CHI Energy Inc,680 Stamford Blvd 5th Floor,Stamford,CT,6901,38002,0.99,2013
34689,Triton Power Co,50093,Chateaugay High Falls Hydro,NY,WT,OP,"Enel North America, Inc.",One Tech Drive,Andover,MA,1810,49932,1,2013
40052,AG Energy LP,10803,Ogdensburg Power,NY,GEN1,RE,AG Energy Inc,,,,,34439,0.01,2013
40052,AG Energy LP,10803,Ogdensburg Power,NY,GEN1,RE,Iroqouis Power,,,,,34542,0.15,2013
40052,AG Energy LP,10803,Ogdensburg Power,NY,GEN1,RE,Alliance Energy Group LLC,PO Box 585,Ogdensburg,NY,13669,54771,0.84,2013
40052,AG Energy LP,10803,Ogdensburg Power,NY,GEN2,RE,AG Energy Inc,,,,,34439,0.01,2013
40052,AG Energy LP,10803,Ogdensburg Power,NY,GEN2,RE,Iroqouis Power,,,,,34542,0.15,2013
40052,AG Energy LP,10803,Ogdensburg Power,NY,GEN2,RE,Alliance Energy Group LLC,PO Box 585,Ogdensburg,NY,13669,54771,0.84,2013
40052,AG Energy LP,10803,Ogdensburg Power,NY,GEN3,OS,AG Energy LP,21 Entrance AvenuePO Box 585,Ogdensburg,NY,13669,40052,0.01,2013
40052,AG Energy LP,10803,Ogdensburg Power,NY,GEN3,OS,Alliance Energy Group LLC,PO Box 585,Ogdensburg,NY,13669,54771,0.99,2013
49837,Pinelawn Power LLC,56188,Pinelawn Power LLC,NY,CTG,OP,J Power USA Development Co Ltd,1900 East Golf Road,Schaumburg,IL,60173,56370,1,2013
49837,Pinelawn Power LLC,56188,Pinelawn Power LLC,NY,STG,OP,J Power USA Development Co Ltd,1900 East Golf Road,Schaumburg,IL,60173,56370,1,2013
49845,"Equus Power I, L.P.,",56032,Equus Freeport Power,NY,0001,OP,J Power USA Development Co Ltd,1900 East Golf Road,Schaumburg,IL,60173,56370,1,2013
49845,"Equus Power I, L.P.,",56032,Equus Freeport Power,NY,001,OP,J Power USA Development Co Ltd,1900 East Golf Road,Schaumburg,IL,60173,56370,1,2013
49880,EDP Renewables North America LLC,55769,Madison Windpower LLC,NY,MADW,OP,Madison Windpower LLC,9405 Arrowpoint BlvdSuite 1300,Charlotte,NC,28273,11491,1,2013
49997,"Consolidated Hydro New York, Inc.",10848,Walden,NY,GEN1,OP,"Enel North America, Inc.",One Tech Drive,Andover,MA,1810,49932,1,2013
49997,"Consolidated Hydro New York, Inc.",10848,Walden,NY,GEN2,OP,"Enel North America, Inc.",One Tech Drive,Andover,MA,1810,49932,1,2013
49997,"Consolidated Hydro New York, Inc.",10848,Walden,NY,GEN3,OP,"Enel North America, Inc.",One Tech Drive,Andover,MA,1810,49932,1,2013
50136,North American Energy Services,54131,Fortistar North Tonawanda,NY,GEN1,OP,Fortistar LLC,5087 Junction Rd,Lockport,NY,14094,6571,1,2013
50136,North American Energy Services,54131,Fortistar North Tonawanda,NY,GEN2,OP,Fortistar LLC,5087 Junction Rd,Lockport,NY,14094,6571,1,2013
50158,Innovative Energy Systems Inc,56986,Clinton LFGTE Facility,NY,GEN1,OP,Casella Waste Systems,,,,,34466,1,2013
50158,Innovative Energy Systems Inc,56986,Clinton LFGTE Facility,NY,GEN2,OP,Casella Waste Systems,,,,,34466,1,2013
50158,Innovative Energy Systems Inc,56986,Clinton LFGTE Facility,NY,GEN3,OP,Casella Waste Systems,,,,,34466,1,2013
50158,Innovative Energy Systems Inc,56986,Clinton LFGTE Facility,NY,GEN4,OP,Casella Waste Systems,,,,,34466,1,2013
50158,Innovative Energy Systems Inc,56987,Hyland LFGTE Facility,NY,GEN1,OP,Casella Waste Systems,,,,,34466,1,2013
50158,Innovative Energy Systems Inc,56987,Hyland LFGTE Facility,NY,GEN2,OP,Casella Waste Systems,,,,,34466,1,2013
50158,Innovative Energy Systems Inc,56987,Hyland LFGTE Facility,NY,GEN3,OP,Casella Waste Systems,,,,,34466,1,2013
50158,Innovative Energy Systems Inc,56987,Hyland LFGTE Facility,NY,GEN4,IP,Casella Waste Systems,,,,,34466,1,2013
50158,Innovative Energy Systems Inc,57186,Chautauqua LFGTE Facility,NY,GEN1,OP,Chautauqua County,3889 Towerville Road,Jamestown,NY,14701,56553,1,2013
50158,Innovative Energy Systems Inc,57186,Chautauqua LFGTE Facility,NY,GEN2,OP,Chautauqua County,3889 Towerville Road,Jamestown,NY,14701,56553,1,2013
50158,Innovative Energy Systems Inc,57186,Chautauqua LFGTE Facility,NY,GEN3,OP,Chautauqua County,3889 Towerville Road,Jamestown,NY,14701,56553,1,2013
50158,Innovative Energy Systems Inc,57186,Chautauqua LFGTE Facility,NY,GEN4,OP,Chautauqua County,3889 Towerville Road,Jamestown,NY,14701,56553,1,2013
50158,Innovative Energy Systems Inc,57186,Chautauqua LFGTE Facility,NY,GEN5,OP,Chautauqua County,3889 Towerville Road,Jamestown,NY,14701,56553,1,2013
50158,Innovative Energy Systems Inc,57186,Chautauqua LFGTE Facility,NY,GEN6,OP,Chautauqua County,3889 Towerville Road,Jamestown,NY,14701,56553,1,2013
50158,Innovative Energy Systems Inc,58295,SREC Bath LFGTE,NY,GEN1,OP,,,,,,18102,1,2013
50158,Innovative Energy Systems Inc,58295,SREC Bath LFGTE,NY,GEN2,OP,,,,,,18102,1,2013
54684,"Flat Rock Windpower, LLC",56290,Maple Ridge Wind Farm,NY,1,OP,Iberdrola Renewables Inc,"1125 NW Couch , Ste. 700",Portland,OR,97209,15399,0.5,2013
54684,"Flat Rock Windpower, LLC",56290,Maple Ridge Wind Farm,NY,1,OP,EDP Renewables North America LLC,808 Travis Suite 700,Houston,TX,77002,49880,0.5,2013
54684,"Flat Rock Windpower, LLC",56290,Maple Ridge Wind Farm,NY,1A,OP,Iberdrola Renewables Inc,"1125 NW Couch , Ste. 700",Portland,OR,97209,15399,0.5,2013
54684,"Flat Rock Windpower, LLC",56290,Maple Ridge Wind Farm,NY,1A,OP,EDP Renewables North America LLC,808 Travis Suite 700,Houston,TX,77002,49880,0.5,2013
54684,"Flat Rock Windpower, LLC",56290,Maple Ridge Wind Farm,NY,2,OP,Iberdrola Renewables Inc,"1125 NW Couch , Ste. 700",Portland,OR,97209,15399,0.5,2013
54684,"Flat Rock Windpower, LLC",56290,Maple Ridge Wind Farm,NY,2,OP,EDP Renewables North America LLC,808 Travis Suite 700,Houston,TX,77002,49880,0.5,2013
54684,"Flat Rock Windpower, LLC",56290,Maple Ridge Wind Farm,NY,3,OP,Iberdrola Renewables Inc,"1125 NW Couch , Ste. 700",Portland,OR,97209,15399,0.5,2013
54684,"Flat Rock Windpower, LLC",56290,Maple Ridge Wind Farm,NY,3,OP,EDP Renewables North America LLC,808 Travis Suite 700,Houston,TX,77002,49880,0.5,2013
55754,Boralex Hydro Operations Inc,10218,Warrensburg Hydroelectric,NY,HY1,OP,Warrensburg Hydro Power LP,39 Hudson Falls Road,South Glens Falls,NY,12803,20118,1,2013
55754,Boralex Hydro Operations Inc,10219,Middle Falls Hydro,NY,HY1,OP,Middle Falls Ltd Partnership,39 Hudson Falls Road,South Glens Falls,NY,12803,12481,1,2013
55754,Boralex Hydro Operations Inc,10220,Sissonville Hydro,NY,HY1,OP,Sissonville Ltd Partnership,39 Hudson Falls Road,South Glens Falls,NY,12803,17272,1,2013
55754,Boralex Hydro Operations Inc,10221,New York State Dam Hydro,NY,GEN1,OP,NYSD Ltd Partnership,39 Hudson Falls Road,South Glens Falls,NY,12803,44858,1,2013
55754,Boralex Hydro Operations Inc,10467,Fourth Branch Hydroelectric Facility,NY,1,OP,Adirondack Hydro-Fourth Branch LLC,39 Hudson Falls Road,South Glens Falls,NY,12803,59049,1,2013
55754,Boralex Hydro Operations Inc,54772,South Glens Falls Hydroelectric,NY,GEN1,OP,South Glens Falls LP,39 Hudson Falls Road,South Glens Falls,NY,12803,17679,1,2013
55754,Boralex Hydro Operations Inc,54953,Hudson Falls Hydroelectric Project,NY,GEN1,OP,Northern Electric Power Co LP,39 Hudson Falls Road,South Glens Falls,NY,12803,13729,1,2013
55868,Noble Wind Operations LLC,56618,Noble Clinton Windpark LLC,NY,1,OP,Noble Environmental Power,8Railroad Avenue,Essex,CT,6426,55869,1,2013
55868,Noble Wind Operations LLC,56619,Noble Ellenburg Windpark LLC,NY,1,OP,Noble Environmental Power,8Railroad Avenue,Essex,CT,6426,55869,1,2013
55868,Noble Wind Operations LLC,56620,Noble Bliss Windpark LLC,NY,1,OP,Noble Environmental Power,8Railroad Avenue,Essex,CT,6426,55869,1,2013
55868,Noble Wind Operations LLC,56901,Noble Altona Windpark LLC,NY,1,OP,Noble Environmental Power,8Railroad Avenue,Essex,CT,6426,55869,1,2013
55868,Noble Wind Operations LLC,56902,Noble Wethersfield Windpark LLC,NY,1,OP,Noble Environmental Power,8Railroad Avenue,Essex,CT,6426,55869,1,2013
55868,Noble Wind Operations LLC,56904,Noble Chateaugay Windpark LLC,NY,1,OP,Noble Environmental Power,8Railroad Avenue,Essex,CT,6426,55869,1,2013
56438,"Delaware County Electric Coop, Inc",57129,Catskill Mts Energy Corporation,NY,G1,RE,Delaware County Elec Coop Inc,P O Box 47139 Elm Street,Delhi,NY,13753,5021,1,2013
56479,PIC Group Inc,10190,Castleton Energy Center,NY,GEN1,OP,Castleton Energy Center,1902 River Rd,Castleton,NY,12033,56517,1,2013
56479,PIC Group Inc,10190,Castleton Energy Center,NY,GEN2,OP,Castleton Energy Center,1902 River Rd,Castleton,NY,12033,56517,1,2013
56534,Cricket Valley Energy Center LLC,57185,Cricket Valley Energy,NY,U001,P,AP Cricket Valley Holdings I Inc,31 Milk St.,Boston,MA,2109,58242,0.5,2013
56534,Cricket Valley Energy Center LLC,57185,Cricket Valley Energy,NY,U001,P,AP Cricket Valley Holdings II Inc,31 Milk St,Boston,MA,2109,58243,0.3,2013
56534,Cricket Valley Energy Center LLC,57185,Cricket Valley Energy,NY,U001,P,MC CVEC Project Holdings I LLC,375 Lexington Ave,New York,NY,10017,58244,0.2,2013
56534,Cricket Valley Energy Center LLC,57185,Cricket Valley Energy,NY,U002,P,AP Cricket Valley Holdings I Inc,31 Milk St.,Boston,MA,2109,58242,0.5,2013
56534,Cricket Valley Energy Center LLC,57185,Cricket Valley Energy,NY,U002,P,AP Cricket Valley Holdings II Inc,31 Milk St,Boston,MA,2109,58243,0.3,2013
56534,Cricket Valley Energy Center LLC,57185,Cricket Valley Energy,NY,U002,P,MC CVEC Project Holdings I LLC,375 Lexington Ave,New York,NY,10017,58244,0.2,2013
56534,Cricket Valley Energy Center LLC,57185,Cricket Valley Energy,NY,U003,P,AP Cricket Valley Holdings I Inc,31 Milk St.,Boston,MA,2109,58242,0.5,2013
56534,Cricket Valley Energy Center LLC,57185,Cricket Valley Energy,NY,U003,P,AP Cricket Valley Holdings II Inc,31 Milk St,Boston,MA,2109,58243,0.3,2013
56534,Cricket Valley Energy Center LLC,57185,Cricket Valley Energy,NY,U003,P,MC CVEC Project Holdings I LLC,375 Lexington Ave,New York,NY,10017,58244,0.2,2013
56545,Pattern Operators LP,57193,Ripley Westfield Wind LLC,NY,WTG,L,Ripley Westfield Wind LLC,"Pier 1, Bay 3",San Francisco,CA,94111,56557,1,2013
56601,Covanta MacArthur Renewable Energy,51038,MacArthur Waste to Energy Facility,NY,GEN1,OP,Islip Resource Recovery Agency,4001 Veterans Highway,Ronkonroma,NY,11779,9458,1,2013
57031,Beacon Power LLC,57710,Stephentown Spindle,NY,SRS1,OP,Stephentown Spindle LLC,65 Middlesex Rd,Tyngsboro,MA,1879,57035,1,2013
57106,"Peak Power 1, LLC",57789,Peak Power 1 Cogen,NY,GEN1,OP,"Peak Power 1, LLC",One Penn Plaza,New York,NY,10119,57106,1,2013
57106,"Peak Power 1, LLC",57789,Peak Power 1 Cogen,NY,GEN2,OP,"Peak Power 1, LLC",One Penn Plaza,New York,NY,10119,57106,1,2013
57106,"Peak Power 1, LLC",57789,Peak Power 1 Cogen,NY,GEN3,OP,"Peak Power 1, LLC",One Penn Plaza,New York,NY,10119,57106,1,2013
58383,CH4 Biogas LLC,58399,Synergy Biogas,NY,1,OP,Synergy Biogas LLC,319 First Street,Atlantic Beach,FL,32233,58386,1,2013
58971,Danskammer Energy,2480,Danskammer Generating Station,NY,1,OA,Dynegy Danskammer LLC,,,,,34499,1,2013
58971,Danskammer Energy,2480,Danskammer Generating Station,NY,2,OA,Dynegy Danskammer LLC,,,,,34499,1,2013
58971,Danskammer Energy,2480,Danskammer Generating Station,NY,3,OA,Dynegy Danskammer LLC,,,,,34499,1,2013
58971,Danskammer Energy,2480,Danskammer Generating Station,NY,4,OA,Dynegy Danskammer LLC,,,,,34499,1,2013
58971,Danskammer Energy,2480,Danskammer Generating Station,NY,5,RE,Dynegy Danskammer LLC,,,,,34499,1,2013
58971,Danskammer Energy,2480,Danskammer Generating Station,NY,6,RE,Dynegy Danskammer LLC,,,,,34499,1,2013
1746,Black River Generation LLC,10464,Black River Generation,NY,GEN1,OP,Black River Generation LLC,P O Box 849,Fort Drum,NY,13602,1746,1,2014
2313,Brooklyn Navy Yard Cogen PLP,54914,Brooklyn Navy Yard Cogeneration,NY,01,OP,Energy Investors Fund II LP,,,,,34510,0.1934,2014
2313,Brooklyn Navy Yard Cogen PLP,54914,Brooklyn Navy Yard Cogeneration,NY,01,OP,Mission Energy of NY,,,,,34667,0.4033,2014
2313,Brooklyn Navy Yard Cogen PLP,54914,Brooklyn Navy Yard Cogeneration,NY,01,OP,B-41 Associates,,,,,34668,0.4033,2014
2313,Brooklyn Navy Yard Cogen PLP,54914,Brooklyn Navy Yard Cogeneration,NY,02,OP,Energy Investors Fund II LP,,,,,34510,0.1934,2014
2313,Brooklyn Navy Yard Cogen PLP,54914,Brooklyn Navy Yard Cogeneration,NY,02,OP,Mission Energy of NY,,,,,34667,0.4033,2014
2313,Brooklyn Navy Yard Cogen PLP,54914,Brooklyn Navy Yard Cogeneration,NY,02,OP,B-41 Associates,,,,,34668,0.4033,2014
2313,Brooklyn Navy Yard Cogen PLP,54914,Brooklyn Navy Yard Cogeneration,NY,03,OP,Energy Investors Fund II LP,,,,,34510,0.1934,2014
2313,Brooklyn Navy Yard Cogen PLP,54914,Brooklyn Navy Yard Cogeneration,NY,03,OP,Mission Energy of NY,,,,,34667,0.4033,2014
2313,Brooklyn Navy Yard Cogen PLP,54914,Brooklyn Navy Yard Cogeneration,NY,03,OP,B-41 Associates,,,,,34668,0.4033,2014
2313,Brooklyn Navy Yard Cogen PLP,54914,Brooklyn Navy Yard Cogeneration,NY,04,OP,Energy Investors Fund II LP,,,,,34510,0.1934,2014
2313,Brooklyn Navy Yard Cogen PLP,54914,Brooklyn Navy Yard Cogeneration,NY,04,OP,Mission Energy of NY,,,,,34667,0.4033,2014
2313,Brooklyn Navy Yard Cogen PLP,54914,Brooklyn Navy Yard Cogeneration,NY,04,OP,B-41 Associates,,,,,34668,0.4033,2014
2598,Burrows Paper Corp,50652,Lyonsdale Associates,NY,GEN1,OP,Lyonsdale Associates LLC,PO Box 987501 West Main St,Little Falls,NY,13365,56382,1,2014
2598,Burrows Paper Corp,50652,Lyonsdale Associates,NY,GEN2,OP,Lyonsdale Associates LLC,PO Box 987501 West Main St,Little Falls,NY,13365,56382,1,2014
5511,CCI Roseton LLC,8006,Roseton Generating Facility,NY,1,OP,CCI Roseton LLC,992 River Road,Newburgh,NY,12550,5511,1,2014
5511,CCI Roseton LLC,8006,Roseton Generating Facility,NY,2,OP,CCI Roseton LLC,992 River Road,Newburgh,NY,12550,5511,1,2014
5624,"RED-Rochester, LLC",10025,"RED-Rochester, LLC",NY,12TG,RE,Dean Baughman Industrial Services,5704 Industrial Road,Fort Wayne,IN,46825,56569,1,2014
5914,Erie Boulevard Hydropower LP,2576,Higley,NY,2,RE,BRASCAN Power Corporation,480m Boul. de la CiteGatineau,Quebec,CN,J8T,50008,1,2014
5914,Erie Boulevard Hydropower LP,2576,Higley,NY,3,RE,BRASCAN Power Corporation,480m Boul. de la CiteGatineau,Quebec,CN,J8T,50008,1,2014
7092,General Mills Inc,54564,General Mills Inc,NY,GEN1,OP,General Mills Inc,54 South Michigan Avenue,Buffalo,NY,14203,7092,1,2014
10349,KIAC Partners,54114,Kennedy International Airport Cogen,NY,CT-3,IP,Westbrook Energy Center,Westbrook Energy Center717 Texas Avenue,Houston,TX,77002,2891,1,2014
10349,KIAC Partners,54114,Kennedy International Airport Cogen,NY,GEN1,OP,Calpine Corp,"700 Louisiana Street,  Suite 2700",Houston,TX,77002,2796,1,2014
10349,KIAC Partners,54114,Kennedy International Airport Cogen,NY,GEN2,OP,Calpine Corp,"700 Louisiana Street,  Suite 2700",Houston,TX,77002,2796,1,2014
10349,KIAC Partners,54114,Kennedy International Airport Cogen,NY,GEN3,OP,Calpine Corp,"700 Louisiana Street,  Suite 2700",Houston,TX,77002,2796,1,2014
10714,Little Falls Hydroelec Assoc,51034,Little Falls Hydro,NY,GEN1,OP,Lyonsdale Associates LLC,PO Box 987501 West Main St,Little Falls,NY,13365,56382,1,2014
10714,Little Falls Hydroelec Assoc,51034,Little Falls Hydro,NY,GEN2,OP,Lyonsdale Associates LLC,PO Box 987501 West Main St,Little Falls,NY,13365,56382,1,2014
11270,Lower Saranac Hydro Partner LP,10214,Lower Saranac Hydroelectric Facility,NY,GEN1,OP,Lower Saranac Corp,,,,,34553,0.01,2014
11270,Lower Saranac Hydro Partner LP,10214,Lower Saranac Hydroelectric Facility,NY,GEN1,OP,"Twin Saranac Holdings, LLC.",One Tech Drive,Andover,MA,1810,50060,0.99,2014
11270,Lower Saranac Hydro Partner LP,10214,Lower Saranac Hydroelectric Facility,NY,GEN2,OP,Lower Saranac Corp,,,,,34553,0.01,2014
11270,Lower Saranac Hydro Partner LP,10214,Lower Saranac Hydroelectric Facility,NY,GEN2,OP,"Twin Saranac Holdings, LLC.",One Tech Drive,Andover,MA,1810,50060,0.99,2014
11270,Lower Saranac Hydro Partner LP,10214,Lower Saranac Hydroelectric Facility,NY,GEN3,OP,"Enel North America, Inc.",One Tech Drive,Andover,MA,1810,49932,1,2014
13168,NRG Huntley Operations Inc,2549,C R Huntley Generating Station,NY,63,RE,Huntley Power LLC,3500 River Road,Tonawanda,NY,14150,54763,1,2014
13168,NRG Huntley Operations Inc,2549,C R Huntley Generating Station,NY,66,RE,Huntley Power LLC,3500 River Road,Tonawanda,NY,14150,54763,1,2014
13168,NRG Huntley Operations Inc,2549,C R Huntley Generating Station,NY,67,OP,Huntley Power LLC,3500 River Road,Tonawanda,NY,14150,54763,1,2014
13168,NRG Huntley Operations Inc,2549,C R Huntley Generating Station,NY,S68,OP,Huntley Power LLC,3500 River Road,Tonawanda,NY,14150,54763,1,2014
13192,NRG Arthur Kill Operations Inc,2490,Arthur Kill Generating Station,NY,2,OP,Arthur Kill Power LLC,4401 Victory Blvd,Staten Island,NY,10314,22846,1,2014
13192,NRG Arthur Kill Operations Inc,2490,Arthur Kill Generating Station,NY,3,OP,Arthur Kill Power LLC,4401 Victory Blvd,Staten Island,NY,10314,22846,1,2014
13192,NRG Arthur Kill Operations Inc,2490,Arthur Kill Generating Station,NY,GT1,OP,Arthur Kill Power LLC,4401 Victory Blvd,Staten Island,NY,10314,22846,1,2014
13579,Dunkirk Power LLC,2554,Dunkirk Generating Plant,NY,1,OS,"NRG Energy, Inc",211 Carnegie Center,Princenton,NJ,8540,13377,1,2014
13579,Dunkirk Power LLC,2554,Dunkirk Generating Plant,NY,2,OP,"NRG Energy, Inc",211 Carnegie Center,Princenton,NJ,8540,13377,1,2014
13579,Dunkirk Power LLC,2554,Dunkirk Generating Plant,NY,3,OS,"NRG Energy, Inc",211 Carnegie Center,Princenton,NJ,8540,13377,1,2014
13579,Dunkirk Power LLC,2554,Dunkirk Generating Plant,NY,ST4,OS,"NRG Energy, Inc",211 Carnegie Center,Princenton,NJ,8540,13377,1,2014
13582,NRG Astoria Gas Turbine Operations Inc,55243,Astoria Gas Turbines,NY,10,SB,Astoria Gas Turbines Power LLC,31-01 20th Avenue,Astoria,NY,10314,27332,1,2014
13582,NRG Astoria Gas Turbine Operations Inc,55243,Astoria Gas Turbines,NY,11,SB,Astoria Gas Turbines Power LLC,31-01 20th Avenue,Astoria,NY,10314,27332,1,2014
13582,NRG Astoria Gas Turbine Operations Inc,55243,Astoria Gas Turbines,NY,12,SB,Astoria Gas Turbines Power LLC,31-01 20th Avenue,Astoria,NY,10314,27332,1,2014
13582,NRG Astoria Gas Turbine Operations Inc,55243,Astoria Gas Turbines,NY,13,SB,Astoria Gas Turbines Power LLC,31-01 20th Avenue,Astoria,NY,10314,27332,1,2014
13582,NRG Astoria Gas Turbine Operations Inc,55243,Astoria Gas Turbines,NY,2-1,OP,Astoria Gas Turbines Power LLC,31-01 20th Avenue,Astoria,NY,10314,27332,1,2014
13582,NRG Astoria Gas Turbine Operations Inc,55243,Astoria Gas Turbines,NY,2-2,OP,Astoria Gas Turbines Power LLC,31-01 20th Avenue,Astoria,NY,10314,27332,1,2014
13582,NRG Astoria Gas Turbine Operations Inc,55243,Astoria Gas Turbines,NY,2-3,OP,Astoria Gas Turbines Power LLC,31-01 20th Avenue,Astoria,NY,10314,27332,1,2014
13582,NRG Astoria Gas Turbine Operations Inc,55243,Astoria Gas Turbines,NY,2-4,OP,Astoria Gas Turbines Power LLC,31-01 20th Avenue,Astoria,NY,10314,27332,1,2014
13582,NRG Astoria Gas Turbine Operations Inc,55243,Astoria Gas Turbines,NY,3-1,OP,Astoria Gas Turbines Power LLC,31-01 20th Avenue,Astoria,NY,10314,27332,1,2014
13582,NRG Astoria Gas Turbine Operations Inc,55243,Astoria Gas Turbines,NY,3-2,OP,Astoria Gas Turbines Power LLC,31-01 20th Avenue,Astoria,NY,10314,27332,1,2014
13582,NRG Astoria Gas Turbine Operations Inc,55243,Astoria Gas Turbines,NY,3-3,OP,Astoria Gas Turbines Power LLC,31-01 20th Avenue,Astoria,NY,10314,27332,1,2014
13582,NRG Astoria Gas Turbine Operations Inc,55243,Astoria Gas Turbines,NY,3-4,OP,Astoria Gas Turbines Power LLC,31-01 20th Avenue,Astoria,NY,10314,27332,1,2014
13582,NRG Astoria Gas Turbine Operations Inc,55243,Astoria Gas Turbines,NY,4-1,OP,Astoria Gas Turbines Power LLC,31-01 20th Avenue,Astoria,NY,10314,27332,1,2014
13582,NRG Astoria Gas Turbine Operations Inc,55243,Astoria Gas Turbines,NY,4-2,OP,Astoria Gas Turbines Power LLC,31-01 20th Avenue,Astoria,NY,10314,27332,1,2014
13582,NRG Astoria Gas Turbine Operations Inc,55243,Astoria Gas Turbines,NY,4-3,OP,Astoria Gas Turbines Power LLC,31-01 20th Avenue,Astoria,NY,10314,27332,1,2014
13582,NRG Astoria Gas Turbine Operations Inc,55243,Astoria Gas Turbines,NY,4-4,OP,Astoria Gas Turbines Power LLC,31-01 20th Avenue,Astoria,NY,10314,27332,1,2014
13582,NRG Astoria Gas Turbine Operations Inc,55243,Astoria Gas Turbines,NY,5,SB,Astoria Gas Turbines Power LLC,31-01 20th Avenue,Astoria,NY,10314,27332,1,2014
13582,NRG Astoria Gas Turbine Operations Inc,55243,Astoria Gas Turbines,NY,7,SB,Astoria Gas Turbines Power LLC,31-01 20th Avenue,Astoria,NY,10314,27332,1,2014
13582,NRG Astoria Gas Turbine Operations Inc,55243,Astoria Gas Turbines,NY,8,SB,Astoria Gas Turbines Power LLC,31-01 20th Avenue,Astoria,NY,10314,27332,1,2014
13582,NRG Astoria Gas Turbine Operations Inc,55243,Astoria Gas Turbines,NY,9,RE,Astoria Gas Turbines Power LLC,31-01 20th Avenue,Astoria,NY,10314,27332,1,2014
13606,Nine Mile Point Nuclear Sta LLC,2589,Nine Mile Point Nuclear Station,NY,2,OP,Long Island Power Authority,333 Earle Ovington Boulevard,Uniondale,NY,11553,11171,0.18,2014
13606,Nine Mile Point Nuclear Sta LLC,2589,Nine Mile Point Nuclear Station,NY,2,OP,Nine Mile Point Nuclear Sta LLC,PO Box 63,Lycoming,NY,13095,13606,0.82,2014
15296,New York Power Authority,2483,Neversink,NY,H1,OP,City of New York,unkown,New York,NY,10036,55842,1,2014
15296,New York Power Authority,2627,Grahamsville,NY,GRHM,OP,City of New York,unkown,New York,NY,10036,55842,1,2014
16909,Selkirk Cogen Partners LP,10725,Selkirk Cogen,NY,GEN1,OP,Energy Investors Fund II LP,,,,,34510,0.4147,2014
16909,Selkirk Cogen Partners LP,10725,Selkirk Cogen,NY,GEN1,OP,RCM Selkirk GP Inc,,,,,34603,0.175,2014
16909,Selkirk Cogen Partners LP,10725,Selkirk Cogen,NY,GEN1,OP,Atlantic Power Corporation,200 Clarendon Street,Boston,MA,2117,50010,0.177,2014
16909,Selkirk Cogen Partners LP,10725,Selkirk Cogen,NY,GEN1,OP,"OGPA Selkirk, Inc","Osaka Gas Energy America Corp4-4-11 Awajimachi, Chuoku","Osaka, JP 541-0047",,541,54830,0.2333,2014
16909,Selkirk Cogen Partners LP,10725,Selkirk Cogen,NY,GEN2,SB,Energy Investors Fund II LP,,,,,34510,0.4147,2014
16909,Selkirk Cogen Partners LP,10725,Selkirk Cogen,NY,GEN2,SB,RCM Selkirk GP Inc,,,,,34603,0.175,2014
16909,Selkirk Cogen Partners LP,10725,Selkirk Cogen,NY,GEN2,SB,Atlantic Power Corporation,200 Clarendon Street,Boston,MA,2117,50010,0.177,2014
16909,Selkirk Cogen Partners LP,10725,Selkirk Cogen,NY,GEN2,SB,"OGPA Selkirk, Inc","Osaka Gas Energy America Corp4-4-11 Awajimachi, Chuoku","Osaka, JP 541-0047",,541,54830,0.2333,2014
16909,Selkirk Cogen Partners LP,10725,Selkirk Cogen,NY,GEN3,OP,Energy Investors Fund II LP,,,,,34510,0.4147,2014
16909,Selkirk Cogen Partners LP,10725,Selkirk Cogen,NY,GEN3,OP,RCM Selkirk GP Inc,,,,,34603,0.175,2014
16909,Selkirk Cogen Partners LP,10725,Selkirk Cogen,NY,GEN3,OP,Atlantic Power Corporation,200 Clarendon Street,Boston,MA,2117,50010,0.177,2014
16909,Selkirk Cogen Partners LP,10725,Selkirk Cogen,NY,GEN3,OP,"OGPA Selkirk, Inc","Osaka Gas Energy America Corp4-4-11 Awajimachi, Chuoku","Osaka, JP 541-0047",,541,54830,0.2333,2014
16909,Selkirk Cogen Partners LP,10725,Selkirk Cogen,NY,GEN4,OP,Energy Investors Fund II LP,,,,,34510,0.4147,2014
16909,Selkirk Cogen Partners LP,10725,Selkirk Cogen,NY,GEN4,OP,RCM Selkirk GP Inc,,,,,34603,0.175,2014
16909,Selkirk Cogen Partners LP,10725,Selkirk Cogen,NY,GEN4,OP,Atlantic Power Corporation,200 Clarendon Street,Boston,MA,2117,50010,0.177,2014
16909,Selkirk Cogen Partners LP,10725,Selkirk Cogen,NY,GEN4,OP,"OGPA Selkirk, Inc","Osaka Gas Energy America Corp4-4-11 Awajimachi, Chuoku","Osaka, JP 541-0047",,541,54830,0.2333,2014
16909,Selkirk Cogen Partners LP,10725,Selkirk Cogen,NY,GEN5,OP,Energy Investors Fund II LP,,,,,34510,0.4147,2014
16909,Selkirk Cogen Partners LP,10725,Selkirk Cogen,NY,GEN5,OP,RCM Selkirk GP Inc,,,,,34603,0.175,2014
16909,Selkirk Cogen Partners LP,10725,Selkirk Cogen,NY,GEN5,OP,Atlantic Power Corporation,200 Clarendon Street,Boston,MA,2117,50010,0.177,2014
16909,Selkirk Cogen Partners LP,10725,Selkirk Cogen,NY,GEN5,OP,"OGPA Selkirk, Inc","Osaka Gas Energy America Corp4-4-11 Awajimachi, Chuoku","Osaka, JP 541-0047",,541,54830,0.2333,2014
17254,Sithe/Independence LLC,54547,Sithe Independence Station,NY,1,OP,Dynegy Inc,Suite 58001000 Louisiana,Houston,TX,77002,5504,1,2014
17254,Sithe/Independence LLC,54547,Sithe Independence Station,NY,2,OP,Dynegy Inc,Suite 58001000 Louisiana,Houston,TX,77002,5504,1,2014
17254,Sithe/Independence LLC,54547,Sithe Independence Station,NY,3,OP,Dynegy Inc,Suite 58001000 Louisiana,Houston,TX,77002,5504,1,2014
17254,Sithe/Independence LLC,54547,Sithe Independence Station,NY,4,OP,Dynegy Inc,Suite 58001000 Louisiana,Houston,TX,77002,5504,1,2014
17254,Sithe/Independence LLC,54547,Sithe Independence Station,NY,5,OP,Dynegy Inc,Suite 58001000 Louisiana,Houston,TX,77002,5504,1,2014
17254,Sithe/Independence LLC,54547,Sithe Independence Station,NY,6,OP,Dynegy Inc,Suite 58001000 Louisiana,Houston,TX,77002,5504,1,2014
19153,Nassau Energy Corp,52056,Nassau Energy Corp,NY,GT1,OP,GDF Suez North America,1990 Post Oak BlvdSuite 1900,Houston,TX,77056,56201,1,2014
19153,Nassau Energy Corp,52056,Nassau Energy Corp,NY,ST1,OP,GDF Suez North America,1990 Post Oak BlvdSuite 1900,Houston,TX,77056,56201,1,2014
21148,Zapco Energy Tactics Corp,50344,Smithtown Energy Partners LP,NY,SW1,RE,Smithtown Energy Partners LP,40 Tower Lane,Avon,CT,6001,17437,1,2014
21148,Zapco Energy Tactics Corp,50344,Smithtown Energy Partners LP,NY,SW2,RE,Smithtown Energy Partners LP,40 Tower Lane,Avon,CT,6001,17437,1,2014
22125,"Cayuga Operating Company, LLC",2535,Cayuga Operating Company,NY,1,OP,"Upstate New York Power Producers, Inc.",228 Cayuga Drive,Lansing,NY,14882,58302,1,2014
22125,"Cayuga Operating Company, LLC",2535,Cayuga Operating Company,NY,2,OP,"Upstate New York Power Producers, Inc.",228 Cayuga Drive,Lansing,NY,14882,58302,1,2014
24202,Carr Street Generating Sta LP,50978,Carr Street Generating Station,NY,GEN1,OP,BRASCAN Power Corporation,480m Boul. de la CiteGatineau,Quebec,CN,J8T,50008,1,2014
24202,Carr Street Generating Sta LP,50978,Carr Street Generating Station,NY,GEN2,OP,BRASCAN Power Corporation,480m Boul. de la CiteGatineau,Quebec,CN,J8T,50008,1,2014
24202,Carr Street Generating Sta LP,50978,Carr Street Generating Station,NY,GEN3,OP,BRASCAN Power Corporation,480m Boul. de la CiteGatineau,Quebec,CN,J8T,50008,1,2014
32173,New Athens Generating Company LLC,55405,Athens Generating Plant,NY,CT1,OP,New Athens Generating Company LLC,P O Box 349 9300 US  Highway 9W,Athens,NY,12015,32173,1,2014
34688,CHI Energy Inc,10687,Black River Hydro Associates,NY,DE1,OP,BT Capital,,,,,2455,0.015,2014
34688,CHI Energy Inc,10687,Black River Hydro Associates,NY,DE1,OP,CHI Energy Inc,680 Stamford Blvd 5th Floor,Stamford,CT,6901,38002,0.985,2014
34688,CHI Energy Inc,10687,Black River Hydro Associates,NY,PL1,OP,BT Capital,,,,,2455,0.015,2014
34688,CHI Energy Inc,10687,Black River Hydro Associates,NY,PL1,OP,CHI Energy Inc,680 Stamford Blvd 5th Floor,Stamford,CT,6901,38002,0.985,2014
34688,CHI Energy Inc,10687,Black River Hydro Associates,NY,RI1,OP,BT Capital,,,,,2455,0.015,2014
34688,CHI Energy Inc,10687,Black River Hydro Associates,NY,RI1,OP,CHI Energy Inc,680 Stamford Blvd 5th Floor,Stamford,CT,6901,38002,0.985,2014
34689,Triton Power Co,50093,Chateaugay High Falls Hydro,NY,WT,OP,"Enel North America, Inc.",One Tech Drive,Andover,MA,1810,49932,1,2014
40052,AG Energy LP,10803,Ogdensburg Power,NY,GEN1,RE,AG Energy Inc,,,,,34439,0.01,2014
40052,AG Energy LP,10803,Ogdensburg Power,NY,GEN1,RE,Iroqouis Power,,,,,34542,0.15,2014
40052,AG Energy LP,10803,Ogdensburg Power,NY,GEN1,RE,Alliance Energy Group LLC,PO Box 585,Ogdensburg,NY,13669,54771,0.84,2014
40052,AG Energy LP,10803,Ogdensburg Power,NY,GEN2,RE,AG Energy Inc,,,,,34439,0.01,2014
40052,AG Energy LP,10803,Ogdensburg Power,NY,GEN2,RE,Iroqouis Power,,,,,34542,0.15,2014
40052,AG Energy LP,10803,Ogdensburg Power,NY,GEN2,RE,Alliance Energy Group LLC,PO Box 585,Ogdensburg,NY,13669,54771,0.84,2014
40052,AG Energy LP,10803,Ogdensburg Power,NY,GEN3,OS,AG Energy LP,21 Entrance AvenuePO Box 585,Ogdensburg,NY,13669,40052,0.01,2014
40052,AG Energy LP,10803,Ogdensburg Power,NY,GEN3,OS,Alliance Energy Group LLC,PO Box 585,Ogdensburg,NY,13669,54771,0.99,2014
49837,Pinelawn Power LLC,56188,Pinelawn Power LLC,NY,CTG,OP,J Power USA Development Co Ltd,1900 East Golf Road,Schaumburg,IL,60173,56370,1,2014
49837,Pinelawn Power LLC,56188,Pinelawn Power LLC,NY,STG,OP,J Power USA Development Co Ltd,1900 East Golf Road,Schaumburg,IL,60173,56370,1,2014
49845,"Equus Power I, L.P.,",56032,Equus Freeport Power,NY,0001,OP,J Power USA Development Co Ltd,1900 East Golf Road,Schaumburg,IL,60173,56370,1,2014
49845,"Equus Power I, L.P.,",56032,Equus Freeport Power,NY,001,OP,J Power USA Development Co Ltd,1900 East Golf Road,Schaumburg,IL,60173,56370,1,2014
49997,"Consolidated Hydro New York, Inc.",10848,Walden,NY,GEN1,OP,"Enel North America, Inc.",One Tech Drive,Andover,MA,1810,49932,1,2014
49997,"Consolidated Hydro New York, Inc.",10848,Walden,NY,GEN2,OP,"Enel North America, Inc.",One Tech Drive,Andover,MA,1810,49932,1,2014
49997,"Consolidated Hydro New York, Inc.",10848,Walden,NY,GEN3,OP,"Enel North America, Inc.",One Tech Drive,Andover,MA,1810,49932,1,2014
50136,North American Energy Services,54131,Fortistar North Tonawanda,NY,GEN1,OP,Fortistar LLC,5087 Junction Rd,Lockport,NY,14094,6571,1,2014
50136,North American Energy Services,54131,Fortistar North Tonawanda,NY,GEN2,OP,Fortistar LLC,5087 Junction Rd,Lockport,NY,14094,6571,1,2014
50158,Innovative Energy Systems Inc,56986,Clinton LFGTE Facility,NY,GEN1,OP,Casella Waste Systems,,,,,34466,1,2014
50158,Innovative Energy Systems Inc,56986,Clinton LFGTE Facility,NY,GEN2,OP,Casella Waste Systems,,,,,34466,1,2014
50158,Innovative Energy Systems Inc,56986,Clinton LFGTE Facility,NY,GEN3,OP,Casella Waste Systems,,,,,34466,1,2014
50158,Innovative Energy Systems Inc,56986,Clinton LFGTE Facility,NY,GEN4,OP,Casella Waste Systems,,,,,34466,1,2014
50158,Innovative Energy Systems Inc,56987,Hyland LFGTE Facility,NY,GEN1,OP,Casella Waste Systems,,,,,34466,1,2014
50158,Innovative Energy Systems Inc,56987,Hyland LFGTE Facility,NY,GEN2,OP,Casella Waste Systems,,,,,34466,1,2014
50158,Innovative Energy Systems Inc,56987,Hyland LFGTE Facility,NY,GEN3,OP,Casella Waste Systems,,,,,34466,1,2014
50158,Innovative Energy Systems Inc,56987,Hyland LFGTE Facility,NY,GEN4,IP,Casella Waste Systems,,,,,34466,1,2014
50158,Innovative Energy Systems Inc,57186,Chautauqua LFGTE Facility,NY,GEN1,OP,Chautauqua County,3889 Towerville Road,Jamestown,NY,14701,56553,1,2014
50158,Innovative Energy Systems Inc,57186,Chautauqua LFGTE Facility,NY,GEN2,OP,Chautauqua County,3889 Towerville Road,Jamestown,NY,14701,56553,1,2014
50158,Innovative Energy Systems Inc,57186,Chautauqua LFGTE Facility,NY,GEN3,OP,Chautauqua County,3889 Towerville Road,Jamestown,NY,14701,56553,1,2014
50158,Innovative Energy Systems Inc,57186,Chautauqua LFGTE Facility,NY,GEN4,OP,Chautauqua County,3889 Towerville Road,Jamestown,NY,14701,56553,1,2014
50158,Innovative Energy Systems Inc,57186,Chautauqua LFGTE Facility,NY,GEN5,OP,Chautauqua County,3889 Towerville Road,Jamestown,NY,14701,56553,1,2014
50158,Innovative Energy Systems Inc,57186,Chautauqua LFGTE Facility,NY,GEN6,OP,Chautauqua County,3889 Towerville Road,Jamestown,NY,14701,56553,1,2014
50158,Innovative Energy Systems Inc,58295,SREC Bath LFGTE,NY,GEN1,OP,,,,,,18102,1,2014
50158,Innovative Energy Systems Inc,58295,SREC Bath LFGTE,NY,GEN2,OP,,,,,,18102,1,2014
54684,"Flat Rock Windpower, LLC",56290,Maple Ridge Wind Farm,NY,1,OP,Iberdrola Renewables Inc,"1125 NW Couch , Ste. 700",Portland,OR,97209,15399,0.5,2014
54684,"Flat Rock Windpower, LLC",56290,Maple Ridge Wind Farm,NY,1,OP,EDP Renewables North America LLC,808 Travis Suite 700,Houston,TX,77002,49880,0.5,2014
54684,"Flat Rock Windpower, LLC",56290,Maple Ridge Wind Farm,NY,1A,OP,Iberdrola Renewables Inc,"1125 NW Couch , Ste. 700",Portland,OR,97209,15399,0.5,2014
54684,"Flat Rock Windpower, LLC",56290,Maple Ridge Wind Farm,NY,1A,OP,EDP Renewables North America LLC,808 Travis Suite 700,Houston,TX,77002,49880,0.5,2014
54684,"Flat Rock Windpower, LLC",56290,Maple Ridge Wind Farm,NY,2,OP,Iberdrola Renewables Inc,"1125 NW Couch , Ste. 700",Portland,OR,97209,15399,0.5,2014
54684,"Flat Rock Windpower, LLC",56290,Maple Ridge Wind Farm,NY,2,OP,EDP Renewables North America LLC,808 Travis Suite 700,Houston,TX,77002,49880,0.5,2014
54684,"Flat Rock Windpower, LLC",56290,Maple Ridge Wind Farm,NY,3,OP,Iberdrola Renewables Inc,"1125 NW Couch , Ste. 700",Portland,OR,97209,15399,0.5,2014
54684,"Flat Rock Windpower, LLC",56290,Maple Ridge Wind Farm,NY,3,OP,EDP Renewables North America LLC,808 Travis Suite 700,Houston,TX,77002,49880,0.5,2014
55754,Boralex Hydro Operations Inc,10218,Warrensburg Hydroelectric,NY,HY1,OP,Warrensburg Hydro Power LP,39 Hudson Falls Road,South Glens Falls,NY,12803,20118,1,2014
55754,Boralex Hydro Operations Inc,10219,Middle Falls Hydro,NY,HY1,OP,Middle Falls Ltd Partnership,39 Hudson Falls Road,South Glens Falls,NY,12803,12481,1,2014
55754,Boralex Hydro Operations Inc,10219,Middle Falls Hydro,NY,HY2,OP,Middle Falls Ltd Partnership,39 Hudson Falls Road,South Glens Falls,NY,12803,12481,1,2014
55754,Boralex Hydro Operations Inc,10220,Sissonville Hydro,NY,HY1,OP,Sissonville Ltd Partnership,39 Hudson Falls Road,South Glens Falls,NY,12803,17272,1,2014
55754,Boralex Hydro Operations Inc,10221,New York State Dam Hydro,NY,GEN1,OP,NYSD Ltd Partnership,39 Hudson Falls Road,South Glens Falls,NY,12803,44858,1,2014
55754,Boralex Hydro Operations Inc,10221,New York State Dam Hydro,NY,GEN2,OP,NYSD Ltd Partnership,39 Hudson Falls Road,South Glens Falls,NY,12803,44858, ,2014
55754,Boralex Hydro Operations Inc,10467,Fourth Branch Hydroelectric Facility,NY,1,OP,Adirondack Hydro-Fourth Branch LLC,39 Hudson Falls Road,South Glens Falls,NY,12803,59049,1,2014
55754,Boralex Hydro Operations Inc,54772,South Glens Falls Hydroelectric,NY,GEN1,OP,South Glens Falls LP,39 Hudson Falls Road,South Glens Falls,NY,12803,17679,1,2014
55754,Boralex Hydro Operations Inc,54772,South Glens Falls Hydroelectric,NY,GEN2,OP,South Glens Falls LP,39 Hudson Falls Road,South Glens Falls,NY,12803,17679, ,2014
55754,Boralex Hydro Operations Inc,54953,Hudson Falls Hydroelectric Project,NY,GEN1,OP,Northern Electric Power Co LP,39 Hudson Falls Road,South Glens Falls,NY,12803,13729,1,2014
55754,Boralex Hydro Operations Inc,54953,Hudson Falls Hydroelectric Project,NY,GEN2,OP,Northern Electric Power Co LP,39 Hudson Falls Road,South Glens Falls,NY,12803,13729,1,2014
55868,Noble Wind Operations LLC,56618,Noble Clinton Windpark LLC,NY,1,OP,Noble Environmental Power,8Railroad Avenue,Essex,CT,6426,55869,1,2014
55868,Noble Wind Operations LLC,56619,Noble Ellenburg Windpark LLC,NY,1,OP,Noble Environmental Power,8Railroad Avenue,Essex,CT,6426,55869,1,2014
55868,Noble Wind Operations LLC,56620,Noble Bliss Windpark LLC,NY,1,OP,Noble Environmental Power,8Railroad Avenue,Essex,CT,6426,55869,1,2014
55868,Noble Wind Operations LLC,56901,Noble Altona Windpark LLC,NY,1,OP,Noble Environmental Power,8Railroad Avenue,Essex,CT,6426,55869,1,2014
55868,Noble Wind Operations LLC,56902,Noble Wethersfield Windpark LLC,NY,1,OP,Noble Environmental Power,8Railroad Avenue,Essex,CT,6426,55869,1,2014
55868,Noble Wind Operations LLC,56904,Noble Chateaugay Windpark LLC,NY,1,OP,Noble Environmental Power,8Railroad Avenue,Essex,CT,6426,55869,1,2014
56479,PIC Group Inc,10190,Castleton Energy Center,NY,GEN1,OP,Castleton Energy Center,1902 River Rd,Castleton,NY,12033,56517,1,2014
56479,PIC Group Inc,10190,Castleton Energy Center,NY,GEN2,OP,Castleton Energy Center,1902 River Rd,Castleton,NY,12033,56517,1,2014
56534,Cricket Valley Energy Center LLC,57185,Cricket Valley Energy,NY,U001,P,AP Cricket Valley Holdings I Inc,31 Milk St.,Boston,MA,2109,58242,0.4,2014
56534,Cricket Valley Energy Center LLC,57185,Cricket Valley Energy,NY,U001,P,AP Cricket Valley Holdings II Inc,31 Milk St,Boston,MA,2109,58243,0.4,2014
56534,Cricket Valley Energy Center LLC,57185,Cricket Valley Energy,NY,U001,P,MC CVEC Project Holdings I LLC,375 Lexington Ave,New York,NY,10017,58244,0.2,2014
56534,Cricket Valley Energy Center LLC,57185,Cricket Valley Energy,NY,U002,P,AP Cricket Valley Holdings I Inc,31 Milk St.,Boston,MA,2109,58242,0.5,2014
56534,Cricket Valley Energy Center LLC,57185,Cricket Valley Energy,NY,U002,P,AP Cricket Valley Holdings II Inc,31 Milk St,Boston,MA,2109,58243,0.3,2014
56534,Cricket Valley Energy Center LLC,57185,Cricket Valley Energy,NY,U002,P,MC CVEC Project Holdings I LLC,375 Lexington Ave,New York,NY,10017,58244,0.2,2014
56534,Cricket Valley Energy Center LLC,57185,Cricket Valley Energy,NY,U003,P,AP Cricket Valley Holdings I Inc,31 Milk St.,Boston,MA,2109,58242,0.4,2014
56534,Cricket Valley Energy Center LLC,57185,Cricket Valley Energy,NY,U003,P,AP Cricket Valley Holdings II Inc,31 Milk St,Boston,MA,2109,58243,0.4,2014
56534,Cricket Valley Energy Center LLC,57185,Cricket Valley Energy,NY,U003,P,MC CVEC Project Holdings I LLC,375 Lexington Ave,New York,NY,10017,58244,0.2,2014
56545,Pattern Operators LP,56370,Ecogen Wind,NY,1,IP,Ecogen Wind LLC,2 Harrison Street6th Floor,San Francisco,CA,94105,56047,0.51,2014
56545,Pattern Operators LP,56370,Ecogen Wind,NY,1,IP,Pattern Operators LP,1600 Smith Street,Houston,TX,77002,56545,0.49,2014
56545,Pattern Operators LP,57193,Ripley Westfield Wind LLC,NY,WTG,L,Ripley Westfield Wind LLC,"Pier 1, Bay 3",San Francisco,CA,94111,56557,1,2014
56601,Covanta MacArthur Renewable Energy,51038,MacArthur Waste to Energy Facility,NY,GEN1,OP,Islip Resource Recovery Agency,4001 Veterans Highway,Ronkonroma,NY,11779,9458,1,2014
57031,Beacon Power LLC,57710,Stephentown Spindle,NY,SRS1,OP,Stephentown Spindle LLC,65 Middlesex Rd,Tyngsboro,MA,1879,57035,1,2014
57106,"Peak Power 1, LLC",57789,Peak Power 1 Cogen,NY,GEN1,OP,"Peak Power 1, LLC",One Penn Plaza,New York,NY,10119,57106,1,2014
57106,"Peak Power 1, LLC",57789,Peak Power 1 Cogen,NY,GEN2,OP,"Peak Power 1, LLC",One Penn Plaza,New York,NY,10119,57106,1,2014
57106,"Peak Power 1, LLC",57789,Peak Power 1 Cogen,NY,GEN3,OP,"Peak Power 1, LLC",One Penn Plaza,New York,NY,10119,57106,1,2014
57313,SolarCity Corporation,59789,Millbrook School,NY,PV1,TS,"Three Rivers Solar I, LLC",3055 Clearview Way,San Mateo,CA,94402,59567,1,2014
58383,CH4 Biogas LLC,58399,Synergy Biogas,NY,1,OP,Synergy Biogas LLC,319 First Street,Atlantic Beach,FL,32233,58386,1,2014
58971,Danskammer Energy,2480,Danskammer Generating Station,NY,1,OP,Dynegy Danskammer LLC,,,,,34499,1,2014
58971,Danskammer Energy,2480,Danskammer Generating Station,NY,2,OP,Dynegy Danskammer LLC,,,,,34499,1,2014
58971,Danskammer Energy,2480,Danskammer Generating Station,NY,3,OP,Dynegy Danskammer LLC,,,,,34499,1,2014
58971,Danskammer Energy,2480,Danskammer Generating Station,NY,4,OP,Dynegy Danskammer LLC,,,,,34499,1,2014
58971,Danskammer Energy,2480,Danskammer Generating Station,NY,5,SB,Dynegy Danskammer LLC,,,,,34499,1,2014
58971,Danskammer Energy,2480,Danskammer Generating Station,NY,6,SB,Dynegy Danskammer LLC,,,,,34499,1,2014
58971,Danskammer Energy,2480,Danskammer Generating Station,NY,1,OP,Mercuria Energy America Inc,20E Green Way Plaza,Houston,TX,77046,60115,1.0,2015
58971,Danskammer Energy,2480,Danskammer Generating Station,NY,2,OP,Mercuria Energy America Inc,20E Green Way Plaza,Houston,TX,77046,60115,1.0,2015
58971,Danskammer Energy,2480,Danskammer Generating Station,NY,3,OP,Mercuria Energy America Inc,20E Green Way Plaza,Houston,TX,77046,60115,1.0,2015
58971,Danskammer Energy,2480,Danskammer Generating Station,NY,4,OP,Mercuria Energy America Inc,20E Green Way Plaza,Houston,TX,77046,60115,1.0,2015
58971,Danskammer Energy,2480,Danskammer Generating Station,NY,5,SB,Mercuria Energy America Inc,20E Green Way Plaza,Houston,TX,77046,60115,1.0,2015
58971,Danskammer Energy,2480,Danskammer Generating Station,NY,6,SB,Mercuria Energy America Inc,20E Green Way Plaza,Houston,TX,77046,60115,1.0,2015
15296,New York Power Authority,2483,Neversink,NY,H1,OP,City of New York,unkown,New York,NY,10036,55842,1.0,2015
13192,NRG Arthur Kill Operations Inc,2490,Arthur Kill Generating Station,NY,2,OP,Arthur Kill Power LLC,4401 Victory Blvd,Staten Island,NY,10314,22846,1.0,2015
13192,NRG Arthur Kill Operations Inc,2490,Arthur Kill Generating Station,NY,3,OP,Arthur Kill Power LLC,4401 Victory Blvd,Staten Island,NY,10314,22846,1.0,2015
13192,NRG Arthur Kill Operations Inc,2490,Arthur Kill Generating Station,NY,GT1,OP,Arthur Kill Power LLC,4401 Victory Blvd,Staten Island,NY,10314,22846,1.0,2015
22125,"Cayuga Operating Company, LLC",2535,Cayuga Operating Company,NY,1,OP,"Upstate New York Power Producers, Inc.",228 Cayuga Drive,Lansing,NY,14882,58302,1.0,2015
22125,"Cayuga Operating Company, LLC",2535,Cayuga Operating Company,NY,2,OP,"Upstate New York Power Producers, Inc.",228 Cayuga Drive,Lansing,NY,14882,58302,1.0,2015
13168,NRG Huntley Operations Inc,2549,C R Huntley Generating Station,NY,63,RE,Huntley Power LLC,3500 River Road,Tonawanda,NY,14150,54763,1.0,2015
13168,NRG Huntley Operations Inc,2549,C R Huntley Generating Station,NY,66,RE,Huntley Power LLC,3500 River Road,Tonawanda,NY,14150,54763,1.0,2015
13168,NRG Huntley Operations Inc,2549,C R Huntley Generating Station,NY,67,OP,Huntley Power LLC,3500 River Road,Tonawanda,NY,14150,54763,1.0,2015
13168,NRG Huntley Operations Inc,2549,C R Huntley Generating Station,NY,S68,OP,Huntley Power LLC,3500 River Road,Tonawanda,NY,14150,54763,1.0,2015
13579,Dunkirk Power LLC,2554,Dunkirk Generating Plant,NY,1,OS,"NRG Energy, Inc",211 Carnegie Center,Princenton,NJ,8540,13377,1.0,2015
13579,Dunkirk Power LLC,2554,Dunkirk Generating Plant,NY,2,OP,"NRG Energy, Inc",211 Carnegie Center,Princenton,NJ,8540,13377,1.0,2015
13579,Dunkirk Power LLC,2554,Dunkirk Generating Plant,NY,3,OS,"NRG Energy, Inc",211 Carnegie Center,Princenton,NJ,8540,13377,1.0,2015
13579,Dunkirk Power LLC,2554,Dunkirk Generating Plant,NY,ST4,OS,"NRG Energy, Inc",211 Carnegie Center,Princenton,NJ,8540,13377,1.0,2015
5914,Erie Boulevard Hydropower LP,2576,Higley,NY,2,RE,BRASCAN Power Corporation,480m Boul. de la CiteGatineau,Quebec,CN,J8T,50008,1.0,2015
5914,Erie Boulevard Hydropower LP,2576,Higley,NY,3,RE,BRASCAN Power Corporation,480m Boul. de la CiteGatineau,Quebec,CN,J8T,50008,1.0,2015
55951,Exelon Nuclear,2589,Nine Mile Point Nuclear Station,NY,1,OP,Exelon Nuclear,4300 Winfield Road,Warrenville,IL,60555,55951,0.5001,2015
55951,Exelon Nuclear,2589,Nine Mile Point Nuclear Station,NY,1,OP,Electricity de France,"5404 Wisconsin Avenue, Suite 400",Chevy Chase,MD,20815,60043,0.4999,2015
55951,Exelon Nuclear,2589,Nine Mile Point Nuclear Station,NY,2,OP,Long Island Power Authority,333 Earle Ovington Boulevard,Uniondale,NY,11553,11171,0.18,2015
55951,Exelon Nuclear,2589,Nine Mile Point Nuclear Station,NY,2,OP,Exelon Nuclear,4300 Winfield Road,Warrenville,IL,60555,55951,0.4101,2015
55951,Exelon Nuclear,2589,Nine Mile Point Nuclear Station,NY,2,OP,Electricity de France,"5404 Wisconsin Avenue, Suite 400",Chevy Chase,MD,20815,60043,0.4099,2015
15296,New York Power Authority,2627,Grahamsville,NY,GRHM,OP,City of New York,unkown,New York,NY,10036,55842,1.0,2015
55951,Exelon Nuclear,6122,R E Ginna Nuclear Power Plant,NY,1,OP,Exelon Nuclear,4300 Winfield Road,Warrenville,IL,60555,55951,0.5001,2015
55951,Exelon Nuclear,6122,R E Ginna Nuclear Power Plant,NY,1,OP,Electricity de France,"5404 Wisconsin Avenue, Suite 400",Chevy Chase,MD,20815,60043,0.4999,2015
5511,CCI Roseton LLC,8006,Roseton Generating Facility,NY,1,OP,CCI Roseton LLC,992 River Road,Newburgh,NY,12550,5511,1.0,2015
5511,CCI Roseton LLC,8006,Roseton Generating Facility,NY,2,OP,CCI Roseton LLC,992 River Road,Newburgh,NY,12550,5511,1.0,2015
5624,"RED-Rochester, LLC",10025,"RED-Rochester, LLC",NY,12TG,RE,Dean Baughman Industrial Services,5704 Industrial Road,Fort Wayne,IN,46825,56569,1.0,2015
56479,PIC Group Inc,10190,Castleton Energy Center,NY,GEN1,OP,Castleton Energy Center,1902 River Rd,Castleton,NY,12033,56517,1.0,2015
56479,PIC Group Inc,10190,Castleton Energy Center,NY,GEN2,OP,Castleton Energy Center,1902 River Rd,Castleton,NY,12033,56517,1.0,2015
11270,Lower Saranac Hydro Partner LP,10214,Lower Saranac Hydroelectric Facility,NY,GEN1,OP,Lower Saranac Corp,,,,,34553,0.01,2015
11270,Lower Saranac Hydro Partner LP,10214,Lower Saranac Hydroelectric Facility,NY,GEN1,OP,"Twin Saranac Holdings, LLC.",One Tech Drive,Andover,MA,1810,50060,0.99,2015
11270,Lower Saranac Hydro Partner LP,10214,Lower Saranac Hydroelectric Facility,NY,GEN2,OP,Lower Saranac Corp,,,,,34553,0.01,2015
11270,Lower Saranac Hydro Partner LP,10214,Lower Saranac Hydroelectric Facility,NY,GEN2,OP,"Twin Saranac Holdings, LLC.",One Tech Drive,Andover,MA,1810,50060,0.99,2015
11270,Lower Saranac Hydro Partner LP,10214,Lower Saranac Hydroelectric Facility,NY,GEN3,OP,"Enel North America, Inc.",One Tech Drive,Andover,MA,1810,49932,1.0,2015
55754,Boralex Hydro Operations Inc,10218,Warrensburg Hydroelectric,NY,HY1,OP,Warrensburg Hydro Power LP,39 Hudson Falls Road,South Glens Falls,NY,12803,20118,1.0,2015
55754,Boralex Hydro Operations Inc,10219,Middle Falls Hydro,NY,HY1,OP,Middle Falls Ltd Partnership,39 Hudson Falls Road,South Glens Falls,NY,12803,12481,1.0,2015
55754,Boralex Hydro Operations Inc,10219,Middle Falls Hydro,NY,HY2,OP,Middle Falls Ltd Partnership,39 Hudson Falls Road,South Glens Falls,NY,12803,12481,1.0,2015
55754,Boralex Hydro Operations Inc,10220,Sissonville Hydro,NY,HY1,OP,Sissonville Ltd Partnership,39 Hudson Falls Road,South Glens Falls,NY,12803,17272,1.0,2015
55754,Boralex Hydro Operations Inc,10221,New York State Dam Hydro,NY,GEN1,OP,NYSD Ltd Partnership,39 Hudson Falls Road,South Glens Falls,NY,12803,44858,1.0,2015
55754,Boralex Hydro Operations Inc,10221,New York State Dam Hydro,NY,GEN2,OP,NYSD Ltd Partnership,39 Hudson Falls Road,South Glens Falls,NY,12803,44858,1.0,2015
1746,Black River Generation LLC,10464,ReEnergy Black River,NY,GEN1,OP,Black River Generation LLC,P O Box 849,Fort Drum,NY,13602,1746,1.0,2015
55754,Boralex Hydro Operations Inc,10467,Fourth Branch Hydroelectric Facility,NY,1,OP,Adirondack Hydro-Fourth Branch LLC,39 Hudson Falls Road,South Glens Falls,NY,12803,59049,1.0,2015
34688,CHI Energy Inc,10687,Black River Hydro Associates,NY,DE1,OP,BT Capital,,,,,2455,0.015,2015
34688,CHI Energy Inc,10687,Black River Hydro Associates,NY,DE1,OP,CHI Energy Inc,680 Stamford Blvd 5th Floor,Stamford,CT,6901,38002,0.985,2015
34688,CHI Energy Inc,10687,Black River Hydro Associates,NY,PL1,OP,BT Capital,,,,,2455,0.015,2015
34688,CHI Energy Inc,10687,Black River Hydro Associates,NY,PL1,OP,CHI Energy Inc,680 Stamford Blvd 5th Floor,Stamford,CT,6901,38002,0.985,2015
34688,CHI Energy Inc,10687,Black River Hydro Associates,NY,RI1,OP,BT Capital,,,,,2455,0.015,2015
34688,CHI Energy Inc,10687,Black River Hydro Associates,NY,RI1,OP,CHI Energy Inc,680 Stamford Blvd 5th Floor,Stamford,CT,6901,38002,0.985,2015
16909,Selkirk Cogen Partners LP,10725,Selkirk Cogen,NY,GEN1,OP,Energy Investors Fund II LP,,,,,34510,0.4147,2015
16909,Selkirk Cogen Partners LP,10725,Selkirk Cogen,NY,GEN1,OP,RCM Selkirk GP Inc,,,,,34603,0.175,2015
16909,Selkirk Cogen Partners LP,10725,Selkirk Cogen,NY,GEN1,OP,Atlantic Power Corporation,"3 Allied Drive, Suite 220",Dedham,MA,2026,50010,0.177,2015
16909,Selkirk Cogen Partners LP,10725,Selkirk Cogen,NY,GEN1,OP,"OGPA Selkirk, Inc","Osaka Gas Energy America Corp4-4-11 Awajimachi, Chuoku","Osaka, JP 541-0047",,541,54830,0.2333,2015
16909,Selkirk Cogen Partners LP,10725,Selkirk Cogen,NY,GEN2,SB,Energy Investors Fund II LP,,,,,34510,0.4147,2015
16909,Selkirk Cogen Partners LP,10725,Selkirk Cogen,NY,GEN2,SB,RCM Selkirk GP Inc,,,,,34603,0.175,2015
16909,Selkirk Cogen Partners LP,10725,Selkirk Cogen,NY,GEN2,SB,Atlantic Power Corporation,"3 Allied Drive, Suite 220",Dedham,MA,2026,50010,0.177,2015
16909,Selkirk Cogen Partners LP,10725,Selkirk Cogen,NY,GEN2,SB,"OGPA Selkirk, Inc","Osaka Gas Energy America Corp4-4-11 Awajimachi, Chuoku","Osaka, JP 541-0047",,541,54830,0.2333,2015
16909,Selkirk Cogen Partners LP,10725,Selkirk Cogen,NY,GEN3,OP,Energy Investors Fund II LP,,,,,34510,0.4147,2015
16909,Selkirk Cogen Partners LP,10725,Selkirk Cogen,NY,GEN3,OP,RCM Selkirk GP Inc,,,,,34603,0.175,2015
16909,Selkirk Cogen Partners LP,10725,Selkirk Cogen,NY,GEN3,OP,Atlantic Power Corporation,"3 Allied Drive, Suite 220",Dedham,MA,2026,50010,0.177,2015
16909,Selkirk Cogen Partners LP,10725,Selkirk Cogen,NY,GEN3,OP,"OGPA Selkirk, Inc","Osaka Gas Energy America Corp4-4-11 Awajimachi, Chuoku","Osaka, JP 541-0047",,541,54830,0.2333,2015
16909,Selkirk Cogen Partners LP,10725,Selkirk Cogen,NY,GEN4,OP,Energy Investors Fund II LP,,,,,34510,0.4147,2015
16909,Selkirk Cogen Partners LP,10725,Selkirk Cogen,NY,GEN4,OP,RCM Selkirk GP Inc,,,,,34603,0.175,2015
16909,Selkirk Cogen Partners LP,10725,Selkirk Cogen,NY,GEN4,OP,Atlantic Power Corporation,"3 Allied Drive, Suite 220",Dedham,MA,2026,50010,0.177,2015
16909,Selkirk Cogen Partners LP,10725,Selkirk Cogen,NY,GEN4,OP,"OGPA Selkirk, Inc","Osaka Gas Energy America Corp4-4-11 Awajimachi, Chuoku","Osaka, JP 541-0047",,541,54830,0.2333,2015
16909,Selkirk Cogen Partners LP,10725,Selkirk Cogen,NY,GEN5,OP,Energy Investors Fund II LP,,,,,34510,0.4147,2015
16909,Selkirk Cogen Partners LP,10725,Selkirk Cogen,NY,GEN5,OP,RCM Selkirk GP Inc,,,,,34603,0.175,2015
16909,Selkirk Cogen Partners LP,10725,Selkirk Cogen,NY,GEN5,OP,Atlantic Power Corporation,"3 Allied Drive, Suite 220",Dedham,MA,2026,50010,0.177,2015
16909,Selkirk Cogen Partners LP,10725,Selkirk Cogen,NY,GEN5,OP,"OGPA Selkirk, Inc","Osaka Gas Energy America Corp4-4-11 Awajimachi, Chuoku","Osaka, JP 541-0047",,541,54830,0.2333,2015
40052,AG Energy LP,10803,Ogdensburg Power,NY,GEN1,RE,AG Energy Inc,,,,,34439,0.01,2015
40052,AG Energy LP,10803,Ogdensburg Power,NY,GEN1,RE,Iroqouis Power,,,,,34542,0.15,2015
40052,AG Energy LP,10803,Ogdensburg Power,NY,GEN1,RE,Alliance Energy Group LLC,PO Box 585,Ogdensburg,NY,13669,54771,0.84,2015
40052,AG Energy LP,10803,Ogdensburg Power,NY,GEN2,RE,AG Energy Inc,,,,,34439,0.01,2015
40052,AG Energy LP,10803,Ogdensburg Power,NY,GEN2,RE,Iroqouis Power,,,,,34542,0.15,2015
40052,AG Energy LP,10803,Ogdensburg Power,NY,GEN2,RE,Alliance Energy Group LLC,PO Box 585,Ogdensburg,NY,13669,54771,0.84,2015
40052,AG Energy LP,10803,Ogdensburg Power,NY,GEN3,OS,AG Energy LP,21 Entrance AvenuePO Box 585,Ogdensburg,NY,13669,40052,0.01,2015
40052,AG Energy LP,10803,Ogdensburg Power,NY,GEN3,OS,Alliance Energy Group LLC,PO Box 585,Ogdensburg,NY,13669,54771,0.99,2015
49997,"Consolidated Hydro New York, Inc.",10848,Walden,NY,GEN1,OP,"Walden Hydro, LLC",1 Tech Dr. Suite 220,Andover,MA,1810,60225,1.0,2015
49997,"Consolidated Hydro New York, Inc.",10848,Walden,NY,GEN2,OP,"Walden Hydro, LLC",1 Tech Dr. Suite 220,Andover,MA,1810,60225,1.0,2015
49997,"Consolidated Hydro New York, Inc.",10848,Walden,NY,GEN3,OP,"Walden Hydro, LLC",1 Tech Dr. Suite 220,Andover,MA,1810,60225,1.0,2015
21148,Zapco Energy Tactics Corp,50344,Smithtown Energy Partners LP,NY,SW1,RE,Smithtown Energy Partners LP,40 Tower Lane,Avon,CT,6001,17437,1.0,2015
21148,Zapco Energy Tactics Corp,50344,Smithtown Energy Partners LP,NY,SW2,RE,Smithtown Energy Partners LP,40 Tower Lane,Avon,CT,6001,17437,1.0,2015
24202,Carr Street Generating Sta LP,50978,Carr Street Generating Station,NY,GEN1,OP,BRASCAN Power Corporation,480m Boul. de la CiteGatineau,Quebec,CN,J8T,50008,1.0,2015
24202,Carr Street Generating Sta LP,50978,Carr Street Generating Station,NY,GEN2,OP,BRASCAN Power Corporation,480m Boul. de la CiteGatineau,Quebec,CN,J8T,50008,1.0,2015
24202,Carr Street Generating Sta LP,50978,Carr Street Generating Station,NY,GEN3,OP,BRASCAN Power Corporation,480m Boul. de la CiteGatineau,Quebec,CN,J8T,50008,1.0,2015
56601,Covanta MacArthur Renewable Energy,51038,MacArthur Waste to Energy Facility,NY,GEN1,OP,Islip Resource Recovery Agency,4001 Veterans Highway,Ronkonroma,NY,11779,9458,1.0,2015
19153,Nassau Energy Corp,52056,Nassau Energy Corp,NY,GT1,OP,Engie North America,1990 Post Oak BlvdSuite 1900,Houston,TX,77056,56201,1.0,2015
19153,Nassau Energy Corp,52056,Nassau Energy Corp,NY,ST1,OP,Engie North America,1990 Post Oak BlvdSuite 1900,Houston,TX,77056,56201,1.0,2015
10349,KIAC Partners,54114,Kennedy International Airport Cogen,NY,CT-3,IP,Westbrook Energy Center,Westbrook Energy Center717 Texas Avenue,Houston,TX,77002,2891,1.0,2015
10349,KIAC Partners,54114,Kennedy International Airport Cogen,NY,GEN1,OP,Calpine Corp,"700 Louisiana Street,  Suite 2700",Houston,TX,77002,2796,1.0,2015
10349,KIAC Partners,54114,Kennedy International Airport Cogen,NY,GEN2,OP,Calpine Corp,"700 Louisiana Street,  Suite 2700",Houston,TX,77002,2796,1.0,2015
10349,KIAC Partners,54114,Kennedy International Airport Cogen,NY,GEN3,OP,Calpine Corp,"700 Louisiana Street,  Suite 2700",Houston,TX,77002,2796,1.0,2015
50136,North American Energy Services,54131,Fortistar North Tonawanda,NY,GEN1,OP,Fortistar LLC,5087 Junction Rd,Lockport,NY,14094,6571,1.0,2015
50136,North American Energy Services,54131,Fortistar North Tonawanda,NY,GEN2,OP,Fortistar LLC,5087 Junction Rd,Lockport,NY,14094,6571,1.0,2015
17254,Sithe/Independence LLC,54547,Sithe Independence Station,NY,1,OP,Dynegy Inc,Suite 58001000 Louisiana,Houston,TX,77002,5504,1.0,2015
17254,Sithe/Independence LLC,54547,Sithe Independence Station,NY,2,OP,Dynegy Inc,Suite 58001000 Louisiana,Houston,TX,77002,5504,1.0,2015
17254,Sithe/Independence LLC,54547,Sithe Independence Station,NY,3,OP,Dynegy Inc,Suite 58001000 Louisiana,Houston,TX,77002,5504,1.0,2015
17254,Sithe/Independence LLC,54547,Sithe Independence Station,NY,4,OP,Dynegy Inc,Suite 58001000 Louisiana,Houston,TX,77002,5504,1.0,2015
17254,Sithe/Independence LLC,54547,Sithe Independence Station,NY,5,OP,Dynegy Inc,Suite 58001000 Louisiana,Houston,TX,77002,5504,1.0,2015
17254,Sithe/Independence LLC,54547,Sithe Independence Station,NY,6,OP,Dynegy Inc,Suite 58001000 Louisiana,Houston,TX,77002,5504,1.0,2015
7092,General Mills Inc,54564,General Mills Inc,NY,GEN1,OP,General Mills Inc,54 South Michigan Avenue,Buffalo,NY,14203,7092,1.0,2015
55754,Boralex Hydro Operations Inc,54772,South Glens Falls Hydroelectric,NY,GEN1,OP,South Glens Falls LP,39 Hudson Falls Road,South Glens Falls,NY,12803,17679,1.0,2015
55754,Boralex Hydro Operations Inc,54772,South Glens Falls Hydroelectric,NY,GEN2,OP,South Glens Falls LP,39 Hudson Falls Road,South Glens Falls,NY,12803,17679,1.0,2015
2313,Brooklyn Navy Yard Cogen PLP,54914,Brooklyn Navy Yard Cogeneration,NY,01,OP,Energy Investors Fund II LP,,,,,34510,0.1934,2015
2313,Brooklyn Navy Yard Cogen PLP,54914,Brooklyn Navy Yard Cogeneration,NY,01,OP,Mission Energy of NY,,,,,34667,0.4033,2015
2313,Brooklyn Navy Yard Cogen PLP,54914,Brooklyn Navy Yard Cogeneration,NY,01,OP,B-41 Associates,,,,,34668,0.4033,2015
2313,Brooklyn Navy Yard Cogen PLP,54914,Brooklyn Navy Yard Cogeneration,NY,02,OP,Energy Investors Fund II LP,,,,,34510,0.1934,2015
2313,Brooklyn Navy Yard Cogen PLP,54914,Brooklyn Navy Yard Cogeneration,NY,02,OP,Mission Energy of NY,,,,,34667,0.4033,2015
2313,Brooklyn Navy Yard Cogen PLP,54914,Brooklyn Navy Yard Cogeneration,NY,02,OP,B-41 Associates,,,,,34668,0.4033,2015
2313,Brooklyn Navy Yard Cogen PLP,54914,Brooklyn Navy Yard Cogeneration,NY,03,OP,Energy Investors Fund II LP,,,,,34510,0.1934,2015
2313,Brooklyn Navy Yard Cogen PLP,54914,Brooklyn Navy Yard Cogeneration,NY,03,OP,Mission Energy of NY,,,,,34667,0.4033,2015
2313,Brooklyn Navy Yard Cogen PLP,54914,Brooklyn Navy Yard Cogeneration,NY,03,OP,B-41 Associates,,,,,34668,0.4033,2015
2313,Brooklyn Navy Yard Cogen PLP,54914,Brooklyn Navy Yard Cogeneration,NY,04,OP,Energy Investors Fund II LP,,,,,34510,0.1934,2015
2313,Brooklyn Navy Yard Cogen PLP,54914,Brooklyn Navy Yard Cogeneration,NY,04,OP,Mission Energy of NY,,,,,34667,0.4033,2015
2313,Brooklyn Navy Yard Cogen PLP,54914,Brooklyn Navy Yard Cogeneration,NY,04,OP,B-41 Associates,,,,,34668,0.4033,2015
55754,Boralex Hydro Operations Inc,54953,Hudson Falls Hydroelectric Project,NY,GEN1,OP,Northern Electric Power Co LP,39 Hudson Falls Road,South Glens Falls,NY,12803,13729,1.0,2015
55754,Boralex Hydro Operations Inc,54953,Hudson Falls Hydroelectric Project,NY,GEN2,OP,Northern Electric Power Co LP,39 Hudson Falls Road,South Glens Falls,NY,12803,13729,1.0,2015
49845,"Equus Power I, L.P.,",56032,Equus Freeport Power,NY,0001,OP,J Power USA Development Co Ltd,1900 East Golf Road,Schaumburg,IL,60173,56370,1.0,2015
49845,"Equus Power I, L.P.,",56032,Equus Freeport Power,NY,001,OP,J Power USA Development Co Ltd,1900 East Golf Road,Schaumburg,IL,60173,56370,1.0,2015
49837,Pinelawn Power LLC,56188,Pinelawn Power LLC,NY,CTG,OP,J Power USA Development Co Ltd,1900 East Golf Road,Schaumburg,IL,60173,56370,1.0,2015
49837,Pinelawn Power LLC,56188,Pinelawn Power LLC,NY,STG,OP,J Power USA Development Co Ltd,1900 East Golf Road,Schaumburg,IL,60173,56370,1.0,2015
54684,"Flat Rock Windpower, LLC",56290,Maple Ridge Wind Farm,NY,1,OP,Avangrid Renewables Inc,"1125 NW Couch , Ste. 700",Portland,OR,97209,15399,0.5,2015
54684,"Flat Rock Windpower, LLC",56290,Maple Ridge Wind Farm,NY,1,OP,EDP Renewables North America LLC,808 Travis Suite 700,Houston,TX,77002,49880,0.5,2015
54684,"Flat Rock Windpower, LLC",56290,Maple Ridge Wind Farm,NY,1A,OP,Avangrid Renewables Inc,"1125 NW Couch , Ste. 700",Portland,OR,97209,15399,0.5,2015
54684,"Flat Rock Windpower, LLC",56290,Maple Ridge Wind Farm,NY,1A,OP,EDP Renewables North America LLC,808 Travis Suite 700,Houston,TX,77002,49880,0.5,2015
54684,"Flat Rock Windpower, LLC",56290,Maple Ridge Wind Farm,NY,2,OP,Avangrid Renewables Inc,"1125 NW Couch , Ste. 700",Portland,OR,97209,15399,0.5,2015
54684,"Flat Rock Windpower, LLC",56290,Maple Ridge Wind Farm,NY,2,OP,EDP Renewables North America LLC,808 Travis Suite 700,Houston,TX,77002,49880,0.5,2015
54684,"Flat Rock Windpower, LLC",56290,Maple Ridge Wind Farm,NY,3,OP,Avangrid Renewables Inc,"1125 NW Couch , Ste. 700",Portland,OR,97209,15399,0.5,2015
54684,"Flat Rock Windpower, LLC",56290,Maple Ridge Wind Farm,NY,3,OP,EDP Renewables North America LLC,808 Travis Suite 700,Houston,TX,77002,49880,0.5,2015
56545,Pattern Operators LP,56370,Ecogen Wind,NY,1,IP,Ecogen Wind LLC,2 Harrison Street6th Floor,San Francisco,CA,94105,56047,0.51,2015
56545,Pattern Operators LP,56370,Ecogen Wind,NY,1,IP,Pattern Operators LP,1600 Smith Street,Houston,TX,77002,56545,0.49,2015
55868,Noble Wind Operations LLC,56618,Noble Clinton Windpark LLC,NY,1,OP,Noble Environmental Power,8Railroad Avenue,Essex,CT,6426,55869,1.0,2015
55868,Noble Wind Operations LLC,56619,Noble Ellenburg Windpark LLC,NY,1,OP,Noble Environmental Power,8Railroad Avenue,Essex,CT,6426,55869,1.0,2015
55868,Noble Wind Operations LLC,56620,Noble Bliss Windpark LLC,NY,1,OP,Noble Environmental Power,8Railroad Avenue,Essex,CT,6426,55869,1.0,2015
55868,Noble Wind Operations LLC,56901,Noble Altona Windpark LLC,NY,1,OP,Noble Environmental Power,8Railroad Avenue,Essex,CT,6426,55869,1.0,2015
55868,Noble Wind Operations LLC,56902,Noble Wethersfield Windpark LLC,NY,1,OP,Noble Environmental Power,8Railroad Avenue,Essex,CT,6426,55869,1.0,2015
55868,Noble Wind Operations LLC,56904,Noble Chateaugay Windpark LLC,NY,1,OP,Noble Environmental Power,8Railroad Avenue,Essex,CT,6426,55869,1.0,2015
50158,Innovative Energy Systems Inc,56986,Clinton LFGTE Facility,NY,GEN1,OP,Casella Waste Systems,,,,,34466,1.0,2015
50158,Innovative Energy Systems Inc,56986,Clinton LFGTE Facility,NY,GEN2,OP,Casella Waste Systems,,,,,34466,1.0,2015
50158,Innovative Energy Systems Inc,56986,Clinton LFGTE Facility,NY,GEN3,OP,Casella Waste Systems,,,,,34466,1.0,2015
50158,Innovative Energy Systems Inc,56986,Clinton LFGTE Facility,NY,GEN4,OP,Casella Waste Systems,,,,,34466,1.0,2015
50158,Innovative Energy Systems Inc,56987,Hyland LFGTE Facility,NY,GEN1,OP,Casella Waste Systems,,,,,34466,1.0,2015
50158,Innovative Energy Systems Inc,56987,Hyland LFGTE Facility,NY,GEN2,OP,Casella Waste Systems,,,,,34466,1.0,2015
50158,Innovative Energy Systems Inc,56987,Hyland LFGTE Facility,NY,GEN3,OP,Casella Waste Systems,,,,,34466,1.0,2015
50158,Innovative Energy Systems Inc,56987,Hyland LFGTE Facility,NY,GEN4,IP,Casella Waste Systems,,,,,34466,1.0,2015
56534,Cricket Valley Energy Center LLC,57185,Cricket Valley Energy,NY,U001,P,AP Cricket Valley Holdings I Inc,31 Milk St.,Boston,MA,2109,58242,0.4078,2015
56534,Cricket Valley Energy Center LLC,57185,Cricket Valley Energy,NY,U001,P,AP Cricket Valley Holdings II Inc,31 Milk St,Boston,MA,2109,58243,0.413,2015
56534,Cricket Valley Energy Center LLC,57185,Cricket Valley Energy,NY,U001,P,MC CVEC Project Holdings I LLC,375 Lexington Ave,New York,NY,10017,58244,0.1792,2015
56534,Cricket Valley Energy Center LLC,57185,Cricket Valley Energy,NY,U002,P,AP Cricket Valley Holdings I Inc,31 Milk St.,Boston,MA,2109,58242,0.4078,2015
56534,Cricket Valley Energy Center LLC,57185,Cricket Valley Energy,NY,U002,P,AP Cricket Valley Holdings II Inc,31 Milk St,Boston,MA,2109,58243,0.413,2015
56534,Cricket Valley Energy Center LLC,57185,Cricket Valley Energy,NY,U002,P,MC CVEC Project Holdings I LLC,375 Lexington Ave,New York,NY,10017,58244,0.1792,2015
56534,Cricket Valley Energy Center LLC,57185,Cricket Valley Energy,NY,U003,P,AP Cricket Valley Holdings I Inc,31 Milk St.,Boston,MA,2109,58242,0.4078,2015
56534,Cricket Valley Energy Center LLC,57185,Cricket Valley Energy,NY,U003,P,AP Cricket Valley Holdings II Inc,31 Milk St,Boston,MA,2109,58243,0.413,2015
56534,Cricket Valley Energy Center LLC,57185,Cricket Valley Energy,NY,U003,P,MC CVEC Project Holdings I LLC,375 Lexington Ave,New York,NY,10017,58244,0.1792,2015
50158,Innovative Energy Systems Inc,57186,Chautauqua LFGTE Facility,NY,GEN1,OP,Chautauqua County,3889 Towerville Road,Jamestown,NY,14701,56553,1.0,2015
50158,Innovative Energy Systems Inc,57186,Chautauqua LFGTE Facility,NY,GEN2,OP,Chautauqua County,3889 Towerville Road,Jamestown,NY,14701,56553,1.0,2015
50158,Innovative Energy Systems Inc,57186,Chautauqua LFGTE Facility,NY,GEN3,OP,Chautauqua County,3889 Towerville Road,Jamestown,NY,14701,56553,1.0,2015
50158,Innovative Energy Systems Inc,57186,Chautauqua LFGTE Facility,NY,GEN4,OP,Chautauqua County,3889 Towerville Road,Jamestown,NY,14701,56553,1.0,2015
50158,Innovative Energy Systems Inc,57186,Chautauqua LFGTE Facility,NY,GEN5,OP,Chautauqua County,3889 Towerville Road,Jamestown,NY,14701,56553,1.0,2015
50158,Innovative Energy Systems Inc,57186,Chautauqua LFGTE Facility,NY,GEN6,OP,Chautauqua County,3889 Towerville Road,Jamestown,NY,14701,56553,1.0,2015
56545,Pattern Operators LP,57193,Ripley Westfield Wind LLC,NY,WTG,IP,Ripley Westfield Wind LLC,"Pier 1, Bay 3",San Francisco,CA,94111,56557,1.0,2015
57031,Beacon Power LLC,57710,Stephentown Spindle,NY,SRS1,OP,"Rockland Power Partners, LLC",24 Waterway Avenue,The Woodlands,TX,77380,58305,1.0,2015
57106,"Peak Power 1, LLC",57789,Peak Power 1 Cogen,NY,GEN1,OP,"Peak Power 1, LLC",One Penn Plaza,New York,NY,10119,57106,1.0,2015
57106,"Peak Power 1, LLC",57789,Peak Power 1 Cogen,NY,GEN2,OP,"Peak Power 1, LLC",One Penn Plaza,New York,NY,10119,57106,1.0,2015
57106,"Peak Power 1, LLC",57789,Peak Power 1 Cogen,NY,GEN3,OP,"Peak Power 1, LLC",One Penn Plaza,New York,NY,10119,57106,1.0,2015
50158,Innovative Energy Systems Inc,58295,SREC Bath LFGTE,NY,GEN1,OP,,,,,,18102,1.0,2015
50158,Innovative Energy Systems Inc,58295,SREC Bath LFGTE,NY,GEN2,OP,,,,,,18102,1.0,2015
58383,CH4 Biogas LLC,58399,Synergy Biogas,NY,1,OP,Synergy Biogas LLC,319 First Street,Atlantic Beach,FL,32233,58386,1.0,2015
57313,SolarCity Corporation,59789,Millbrook School,NY,PV1,OP,"Three Rivers Solar I, LLC",3055 Clearview Way,San Mateo,CA,94402,59567,1.0,2015
60039,REC Solar,60004,Clarkstown Landfill Solar Facility,NY,INV#1,OP,Clarkstown Solar LLC,"2801 N. Thanksgiving Way, Suite 100",Lehi,UT,84043,60061,1.0,2015
60039,REC Solar,60004,Clarkstown Landfill Solar Facility,NY,INV#2,OP,Clarkstown Solar LLC,"2801 N. Thanksgiving Way, Suite 100",Lehi,UT,84043,60061,1.0,2015
57313,SolarCity Corporation,60097,Onondaga County - Metro Water Board,NY,PV1,TS,"Dom Solar Lessor I, LP",,San Mateo,CA,94402,59865,1.0,2015
57313,SolarCity Corporation,60098,Onondaga County - Oak Orchard WWTP,NY,PV1,TS,"Dom Solar Lessor I, LP",,San Mateo,CA,94402,59865,1.0,2015
57313,SolarCity Corporation,60114,Oneida County- DPW,NY,PV1,TS,"Dom Solar Lessor I, LP",,San Mateo,CA,94402,59865,1.0,2015
57313,SolarCity Corporation,60115,Town of Halfmoon,NY,PV1,TS,"Dom Solar Lessor I, LP",,San Mateo,CA,94402,59865,1.0,2015
57313,SolarCity Corporation,60229,Orange County Solar Farm (NY),NY,PV1,TS,"Three Rivers Solar I, LLC",3055 Clearview Way,San Mateo,CA,94402,59567,1.0,2015
57313,SolarCity Corporation,60232,Onondaga County- Jamesville,NY,PV1,TS,"Three Rivers Solar I, LLC",3055 Clearview Way,San Mateo,CA,94402,59567,1.0,2015
57313,SolarCity Corporation,60462,Onondaga County- Clearwater,NY,PV1,U,"Dom Solar Lessor I, LP",,San Mateo,CA,94402,59865,1.0,2015
57313,SolarCity Corporation,60463,Greene County Meter #1,NY,PV1,TS,"Dom Solar Lessor I, LP",,San Mateo,CA,94402,59865,1.0,2015
57313,SolarCity Corporation,60507,Broome County,NY,NORTH,V,"Dom Solar Lessor I, LP",,San Mateo,CA,94402,59865,1.0,2015
57313,SolarCity Corporation,60507,Broome County,NY,SOUTH,V,"Dom Solar Lessor I, LP",,San Mateo,CA,94402,59865,1.0,2015
58971,Danskammer Energy,2480,Danskammer Generating Station,NY,1,OP,Mercuria Energy America Inc,20E Green Way Plaza,Houston,TX,77046,60115,1.0,2016
58971,Danskammer Energy,2480,Danskammer Generating Station,NY,2,OP,Mercuria Energy America Inc,20E Green Way Plaza,Houston,TX,77046,60115,1.0,2016
58971,Danskammer Energy,2480,Danskammer Generating Station,NY,3,OP,Mercuria Energy America Inc,20E Green Way Plaza,Houston,TX,77046,60115,1.0,2016
58971,Danskammer Energy,2480,Danskammer Generating Station,NY,4,OP,Mercuria Energy America Inc,20E Green Way Plaza,Houston,TX,77046,60115,1.0,2016
58971,Danskammer Energy,2480,Danskammer Generating Station,NY,5,SB,Mercuria Energy America Inc,20E Green Way Plaza,Houston,TX,77046,60115,1.0,2016
58971,Danskammer Energy,2480,Danskammer Generating Station,NY,6,SB,Mercuria Energy America Inc,20E Green Way Plaza,Houston,TX,77046,60115,1.0,2016
15296,New York Power Authority,2483,Neversink,NY,H1,OP,City of New York,unkown,New York,NY,10036,55842,1.0,2016
13192,NRG Arthur Kill Operations Inc,2490,Arthur Kill Generating Station,NY,2,OP,Arthur Kill Power LLC,4401 Victory Blvd,Staten Island,NY,10314,22846,1.0,2016
13192,NRG Arthur Kill Operations Inc,2490,Arthur Kill Generating Station,NY,3,OP,Arthur Kill Power LLC,4401 Victory Blvd,Staten Island,NY,10314,22846,1.0,2016
13192,NRG Arthur Kill Operations Inc,2490,Arthur Kill Generating Station,NY,GT1,OP,Arthur Kill Power LLC,4401 Victory Blvd,Staten Island,NY,10314,22846,1.0,2016
13168,NRG Huntley Operations Inc,2549,C R Huntley Generating Station,NY,63,RE,Huntley Power LLC,3500 River Road,Tonawanda,NY,14150,54763,1.0,2016
13168,NRG Huntley Operations Inc,2549,C R Huntley Generating Station,NY,66,RE,Huntley Power LLC,3500 River Road,Tonawanda,NY,14150,54763,1.0,2016
13168,NRG Huntley Operations Inc,2549,C R Huntley Generating Station,NY,67,RE,Huntley Power LLC,3500 River Road,Tonawanda,NY,14150,54763,1.0,2016
13168,NRG Huntley Operations Inc,2549,C R Huntley Generating Station,NY,S68,RE,Huntley Power LLC,3500 River Road,Tonawanda,NY,14150,54763,1.0,2016
13579,Dunkirk Power LLC,2554,Dunkirk Generating Plant,NY,1,OS,"NRG Energy, Inc",804 Carnegie Center,Princenton,NJ,8540,13377,1.0,2016
13579,Dunkirk Power LLC,2554,Dunkirk Generating Plant,NY,2,OS,"NRG Energy, Inc",804 Carnegie Center,Princenton,NJ,8540,13377,1.0,2016
13579,Dunkirk Power LLC,2554,Dunkirk Generating Plant,NY,3,OS,"NRG Energy, Inc",804 Carnegie Center,Princenton,NJ,8540,13377,1.0,2016
13579,Dunkirk Power LLC,2554,Dunkirk Generating Plant,NY,ST4,OS,"NRG Energy, Inc",804 Carnegie Center,Princenton,NJ,8540,13377,1.0,2016
5914,Erie Boulevard Hydropower LP,2576,Higley,NY,2,RE,BRASCAN Power Corporation,480m Boul. de la CiteGatineau,Quebec,CN,J8T,50008,1.0,2016
5914,Erie Boulevard Hydropower LP,2576,Higley,NY,3,RE,BRASCAN Power Corporation,480m Boul. de la CiteGatineau,Quebec,CN,J8T,50008,1.0,2016
55951,Exelon Nuclear,2589,Nine Mile Point Nuclear Station,NY,1,OP,Exelon Nuclear,4300 Winfield Road,Warrenville,IL,60555,55951,0.5001,2016
55951,Exelon Nuclear,2589,Nine Mile Point Nuclear Station,NY,1,OP,Electricity de France,"5404 Wisconsin Avenue, Suite 400",Chevy Chase,MD,20815,60043,0.4999,2016
55951,Exelon Nuclear,2589,Nine Mile Point Nuclear Station,NY,2,OP,Long Island Power Authority,333 Earle Ovington Boulevard,Uniondale,NY,11553,11171,0.18,2016
55951,Exelon Nuclear,2589,Nine Mile Point Nuclear Station,NY,2,OP,Exelon Nuclear,4300 Winfield Road,Warrenville,IL,60555,55951,0.4101,2016
55951,Exelon Nuclear,2589,Nine Mile Point Nuclear Station,NY,2,OP,Electricity de France,"5404 Wisconsin Avenue, Suite 400",Chevy Chase,MD,20815,60043,0.4099,2016
15296,New York Power Authority,2627,Grahamsville,NY,GRHM,OP,City of New York,unkown,New York,NY,10036,55842,1.0,2016
55951,Exelon Nuclear,6122,R E Ginna Nuclear Power Plant,NY,1,OP,Exelon Nuclear,4300 Winfield Road,Warrenville,IL,60555,55951,0.5001,2016
55951,Exelon Nuclear,6122,R E Ginna Nuclear Power Plant,NY,1,OP,Electricity de France,"5404 Wisconsin Avenue, Suite 400",Chevy Chase,MD,20815,60043,0.4999,2016
5624,"RED-Rochester, LLC",10025,"RED-Rochester, LLC",NY,12TG,RE,Dean Baughman Industrial Services,5704 Industrial Road,Fort Wayne,IN,46825,56569,1.0,2016
60741,Fortistar Castleton Power,10190,Castleton Energy Center,NY,GEN2,OP,Castleton Energy Center,1902 River Rd,Castleton,NY,12033,56517,1.0,2016
11270,Lower Saranac Hydro Partner LP,10214,Lower Saranac Hydroelectric Facility,NY,GEN1,OP,Lower Saranac Corp,,,,,34553,0.01,2016
11270,Lower Saranac Hydro Partner LP,10214,Lower Saranac Hydroelectric Facility,NY,GEN1,OP,"Twin Saranac Holdings, LLC.",One Tech Drive,Andover,MA,1810,50060,0.99,2016
11270,Lower Saranac Hydro Partner LP,10214,Lower Saranac Hydroelectric Facility,NY,GEN2,OP,Lower Saranac Corp,,,,,34553,0.01,2016
11270,Lower Saranac Hydro Partner LP,10214,Lower Saranac Hydroelectric Facility,NY,GEN2,OP,"Twin Saranac Holdings, LLC.",One Tech Drive,Andover,MA,1810,50060,0.99,2016
11270,Lower Saranac Hydro Partner LP,10214,Lower Saranac Hydroelectric Facility,NY,GEN3,OP,"Enel North America, Inc.",One Tech Drive,Andover,MA,1810,49932,1.0,2016
55754,Boralex Hydro Operations Inc,10218,Warrensburg Hydroelectric,NY,HY1,OP,Warrensburg Hydro Power LP,39 Hudson Falls Road,South Glens Falls,NY,12803,20118,0.98,2016
55754,Boralex Hydro Operations Inc,10218,Warrensburg Hydroelectric,NY,HY1,OP,Warrensburg II Corporation,"c/o Boralex, Inc 772 Sherbrook ST, West Ste 200",Montreal,QC,H3A1G1,60665,0.02,2016
55754,Boralex Hydro Operations Inc,10219,Middle Falls Hydro,NY,HY1,OP,Middle Falls Ltd Partnership,39 Hudson Falls Road,South Glens Falls,NY,12803,12481,0.98,2016
55754,Boralex Hydro Operations Inc,10219,Middle Falls Hydro,NY,HY1,OP,"Boralex Middle Falls, LLC","c/o Boralex, Inc 772 Sherbrook ST, West Ste 200",Montreal,QC,H3A1G1,60680,0.02,2016
55754,Boralex Hydro Operations Inc,10219,Middle Falls Hydro,NY,HY2,OP,Middle Falls Ltd Partnership,39 Hudson Falls Road,South Glens Falls,NY,12803,12481,0.98,2016
55754,Boralex Hydro Operations Inc,10219,Middle Falls Hydro,NY,HY2,OP,"Boralex Middle Falls, LLC","c/o Boralex, Inc 772 Sherbrook ST, West Ste 200",Montreal,QC,H3A1G1,60680,0.02,2016
55754,Boralex Hydro Operations Inc,10220,Sissonville Hydro,NY,HY1,OP,Sissonville Ltd Partnership,39 Hudson Falls Road,South Glens Falls,NY,12803,17272,0.98,2016
55754,Boralex Hydro Operations Inc,10220,Sissonville Hydro,NY,HY1,OP,"Sissonville II, LLC","c/o Boralex, Inc 772 Sherbrook ST, West Ste 200",Montreal,QC,H3A1G1,60679,0.02,2016
55754,Boralex Hydro Operations Inc,10221,New York State Dam Hydro,NY,GEN1,OP,NYSD Ltd Partnership,39 Hudson Falls Road,South Glens Falls,NY,12803,44858,0.98,2016
55754,Boralex Hydro Operations Inc,10221,New York State Dam Hydro,NY,GEN1,OP,"State Dam II, LLC","c/o Boralex, Inc 772 Sherbrook ST, West Ste 200",Montreal,QC,H3A1G1,60666,0.02,2016
55754,Boralex Hydro Operations Inc,10221,New York State Dam Hydro,NY,GEN2,OP,NYSD Ltd Partnership,39 Hudson Falls Road,South Glens Falls,NY,12803,44858,0.98,2016
55754,Boralex Hydro Operations Inc,10221,New York State Dam Hydro,NY,GEN2,OP,"State Dam II, LLC","c/o Boralex, Inc 772 Sherbrook ST, West Ste 200",Montreal,QC,H3A1G1,60666,0.02,2016
55754,Boralex Hydro Operations Inc,10467,Fourth Branch Hydroelectric Facility,NY,1,OP,Adirondack Hydro-Fourth Branch LLC,39 Hudson Falls Road,South Glens Falls,NY,12803,59049,1.0,2016
34688,CHI Energy Inc,10687,Black River Hydro Associates,NY,DE1,OP,BT Capital,,,,,2455,0.015,2016
34688,CHI Energy Inc,10687,Black River Hydro Associates,NY,DE1,OP,CHI Energy Inc,680 Stamford Blvd 5th Floor,Stamford,CT,6901,38002,0.985,2016
34688,CHI Energy Inc,10687,Black River Hydro Associates,NY,PL1,OP,BT Capital,,,,,2455,0.015,2016
34688,CHI Energy Inc,10687,Black River Hydro Associates,NY,PL1,OP,CHI Energy Inc,680 Stamford Blvd 5th Floor,Stamford,CT,6901,38002,0.985,2016
34688,CHI Energy Inc,10687,Black River Hydro Associates,NY,RI1,OP,BT Capital,,,,,2455,0.015,2016
34688,CHI Energy Inc,10687,Black River Hydro Associates,NY,RI1,OP,CHI Energy Inc,680 Stamford Blvd 5th Floor,Stamford,CT,6901,38002,0.985,2016
16909,Selkirk Cogen Partners LP,10725,Selkirk Cogen,NY,GEN1,OP,Energy Investors Fund II LP,,,,,34510,0.002,2016
16909,Selkirk Cogen Partners LP,10725,Selkirk Cogen,NY,GEN1,OP,RCM Selkirk GP Inc,,,,,34603,0.175,2016
16909,Selkirk Cogen Partners LP,10725,Selkirk Cogen,NY,GEN1,OP,Atlantic Power Corporation,"3 Allied Drive, Suite 220",Dedham,MA,2026,50010,0.177,2016
16909,Selkirk Cogen Partners LP,10725,Selkirk Cogen,NY,GEN1,OP,"OGPA Selkirk, Inc","Osaka Gas Energy America Corp4-4-11 Awajimachi, Chuoku","Osaka, JP 541-0047",,541,54830,0.233,2016
16909,Selkirk Cogen Partners LP,10725,Selkirk Cogen,NY,GEN1,OP,Alterna Springerville  LLC,15 River Road,Wilton,CT,6897,56530,0.413,2016
16909,Selkirk Cogen Partners LP,10725,Selkirk Cogen,NY,GEN2,SB,Energy Investors Fund II LP,,,,,34510,0.002,2016
16909,Selkirk Cogen Partners LP,10725,Selkirk Cogen,NY,GEN2,SB,RCM Selkirk GP Inc,,,,,34603,0.175,2016
16909,Selkirk Cogen Partners LP,10725,Selkirk Cogen,NY,GEN2,SB,Atlantic Power Corporation,"3 Allied Drive, Suite 220",Dedham,MA,2026,50010,0.177,2016
16909,Selkirk Cogen Partners LP,10725,Selkirk Cogen,NY,GEN2,SB,"OGPA Selkirk, Inc","Osaka Gas Energy America Corp4-4-11 Awajimachi, Chuoku","Osaka, JP 541-0047",,541,54830,0.233,2016
16909,Selkirk Cogen Partners LP,10725,Selkirk Cogen,NY,GEN2,SB,Alterna Springerville  LLC,15 River Road,Wilton,CT,6897,56530,0.413,2016
16909,Selkirk Cogen Partners LP,10725,Selkirk Cogen,NY,GEN3,OP,Energy Investors Fund II LP,,,,,34510,0.002,2016
16909,Selkirk Cogen Partners LP,10725,Selkirk Cogen,NY,GEN3,OP,RCM Selkirk GP Inc,,,,,34603,0.175,2016
16909,Selkirk Cogen Partners LP,10725,Selkirk Cogen,NY,GEN3,OP,Atlantic Power Corporation,"3 Allied Drive, Suite 220",Dedham,MA,2026,50010,0.177,2016
16909,Selkirk Cogen Partners LP,10725,Selkirk Cogen,NY,GEN3,OP,"OGPA Selkirk, Inc","Osaka Gas Energy America Corp4-4-11 Awajimachi, Chuoku","Osaka, JP 541-0047",,541,54830,0.233,2016
16909,Selkirk Cogen Partners LP,10725,Selkirk Cogen,NY,GEN3,OP,Alterna Springerville  LLC,15 River Road,Wilton,CT,6897,56530,0.413,2016
16909,Selkirk Cogen Partners LP,10725,Selkirk Cogen,NY,GEN4,OP,Energy Investors Fund II LP,,,,,34510,0.002,2016
16909,Selkirk Cogen Partners LP,10725,Selkirk Cogen,NY,GEN4,OP,RCM Selkirk GP Inc,,,,,34603,0.175,2016
16909,Selkirk Cogen Partners LP,10725,Selkirk Cogen,NY,GEN4,OP,Atlantic Power Corporation,"3 Allied Drive, Suite 220",Dedham,MA,2026,50010,0.177,2016
16909,Selkirk Cogen Partners LP,10725,Selkirk Cogen,NY,GEN4,OP,"OGPA Selkirk, Inc","Osaka Gas Energy America Corp4-4-11 Awajimachi, Chuoku","Osaka, JP 541-0047",,541,54830,0.233,2016
16909,Selkirk Cogen Partners LP,10725,Selkirk Cogen,NY,GEN4,OP,Alterna Springerville  LLC,15 River Road,Wilton,CT,6897,56530,0.413,2016
16909,Selkirk Cogen Partners LP,10725,Selkirk Cogen,NY,GEN5,OP,Energy Investors Fund II LP,,,,,34510,0.002,2016
16909,Selkirk Cogen Partners LP,10725,Selkirk Cogen,NY,GEN5,OP,RCM Selkirk GP Inc,,,,,34603,0.175,2016
16909,Selkirk Cogen Partners LP,10725,Selkirk Cogen,NY,GEN5,OP,Atlantic Power Corporation,"3 Allied Drive, Suite 220",Dedham,MA,2026,50010,0.177,2016
16909,Selkirk Cogen Partners LP,10725,Selkirk Cogen,NY,GEN5,OP,"OGPA Selkirk, Inc","Osaka Gas Energy America Corp4-4-11 Awajimachi, Chuoku","Osaka, JP 541-0047",,541,54830,0.233,2016
16909,Selkirk Cogen Partners LP,10725,Selkirk Cogen,NY,GEN5,OP,Alterna Springerville  LLC,15 River Road,Wilton,CT,6897,56530,0.413,2016
40052,AG Energy LP,10803,Ogdensburg Power,NY,GEN1,RE,AG Energy Inc,,,,,34439,0.01,2016
40052,AG Energy LP,10803,Ogdensburg Power,NY,GEN1,RE,Iroqouis Power,,,,,34542,0.15,2016
40052,AG Energy LP,10803,Ogdensburg Power,NY,GEN1,RE,Alliance Energy Group LLC,PO Box 585,Ogdensburg,NY,13669,54771,0.84,2016
40052,AG Energy LP,10803,Ogdensburg Power,NY,GEN2,RE,AG Energy Inc,,,,,34439,0.01,2016
40052,AG Energy LP,10803,Ogdensburg Power,NY,GEN2,RE,Iroqouis Power,,,,,34542,0.15,2016
40052,AG Energy LP,10803,Ogdensburg Power,NY,GEN2,RE,Alliance Energy Group LLC,PO Box 585,Ogdensburg,NY,13669,54771,0.84,2016
40052,AG Energy LP,10803,Ogdensburg Power,NY,GEN3,OS,AG Energy LP,21 Entrance AvenuePO Box 585,Ogdensburg,NY,13669,40052,0.01,2016
40052,AG Energy LP,10803,Ogdensburg Power,NY,GEN3,OS,Alliance Energy Group LLC,PO Box 585,Ogdensburg,NY,13669,54771,0.99,2016
49997,"Consolidated Hydro New York, Inc.",10848,Walden,NY,GEN1,OP,"Walden Hydro, LLC",1 Tech Dr. Suite 220,Andover,MA,1810,60225,1.0,2016
49997,"Consolidated Hydro New York, Inc.",10848,Walden,NY,GEN2,OP,"Walden Hydro, LLC",1 Tech Dr. Suite 220,Andover,MA,1810,60225,1.0,2016
49997,"Consolidated Hydro New York, Inc.",10848,Walden,NY,GEN3,OP,"Walden Hydro, LLC",1 Tech Dr. Suite 220,Andover,MA,1810,60225,1.0,2016
21148,Zapco Energy Tactics Corp,50344,Smithtown Energy Partners LP,NY,SW1,RE,Smithtown Energy Partners LP,40 Tower Lane,Avon,CT,6001,17437,1.0,2016
21148,Zapco Energy Tactics Corp,50344,Smithtown Energy Partners LP,NY,SW2,RE,Smithtown Energy Partners LP,40 Tower Lane,Avon,CT,6001,17437,1.0,2016
24202,Carr Street Generating Sta LP,50978,Carr Street Generating Station,NY,GEN1,OP,BRASCAN Power Corporation,480m Boul. de la CiteGatineau,Quebec,CN,J8T,50008,1.0,2016
24202,Carr Street Generating Sta LP,50978,Carr Street Generating Station,NY,GEN2,OP,BRASCAN Power Corporation,480m Boul. de la CiteGatineau,Quebec,CN,J8T,50008,1.0,2016
24202,Carr Street Generating Sta LP,50978,Carr Street Generating Station,NY,GEN3,OP,BRASCAN Power Corporation,480m Boul. de la CiteGatineau,Quebec,CN,J8T,50008,1.0,2016
56601,Covanta MacArthur Renewable Energy,51038,MacArthur Waste to Energy Facility,NY,GEN1,OP,Islip Resource Recovery Agency,4001 Veterans Highway,Ronkonroma,NY,11779,9458,1.0,2016
19153,Nassau Energy Corp,52056,Nassau Energy Corp,NY,GT1,OP,Engie North America,1990 Post Oak BlvdSuite 1900,Houston,TX,77056,56201,1.0,2016
19153,Nassau Energy Corp,52056,Nassau Energy Corp,NY,ST1,OP,Engie North America,1990 Post Oak BlvdSuite 1900,Houston,TX,77056,56201,1.0,2016
10349,KIAC Partners,54114,Kennedy International Airport Cogen,NY,CT-3,IP,Westbrook Energy Center,Westbrook Energy Center717 Texas Avenue,Houston,TX,77002,2891,1.0,2016
10349,KIAC Partners,54114,Kennedy International Airport Cogen,NY,GEN1,OP,Calpine Corp,"700 Louisiana Street,  Suite 2700",Houston,TX,77002,2796,1.0,2016
10349,KIAC Partners,54114,Kennedy International Airport Cogen,NY,GEN2,OP,Calpine Corp,"700 Louisiana Street,  Suite 2700",Houston,TX,77002,2796,1.0,2016
10349,KIAC Partners,54114,Kennedy International Airport Cogen,NY,GEN3,OP,Calpine Corp,"700 Louisiana Street,  Suite 2700",Houston,TX,77002,2796,1.0,2016
50136,North American Energy Services,54131,Fortistar North Tonawanda,NY,GEN1,OP,Fortistar LLC,5087 Junction Rd,Lockport,NY,14094,6571,1.0,2016
50136,North American Energy Services,54131,Fortistar North Tonawanda,NY,GEN2,OP,Fortistar LLC,5087 Junction Rd,Lockport,NY,14094,6571,1.0,2016
17254,Sithe/Independence LLC,54547,Sithe Independence Station,NY,1,OP,Dynegy Inc,Suite 58001000 Louisiana,Houston,TX,77002,5504,1.0,2016
17254,Sithe/Independence LLC,54547,Sithe Independence Station,NY,2,OP,Dynegy Inc,Suite 58001000 Louisiana,Houston,TX,77002,5504,1.0,2016
17254,Sithe/Independence LLC,54547,Sithe Independence Station,NY,3,OP,Dynegy Inc,Suite 58001000 Louisiana,Houston,TX,77002,5504,1.0,2016
17254,Sithe/Independence LLC,54547,Sithe Independence Station,NY,4,OP,Dynegy Inc,Suite 58001000 Louisiana,Houston,TX,77002,5504,1.0,2016
17254,Sithe/Independence LLC,54547,Sithe Independence Station,NY,5,OP,Dynegy Inc,Suite 58001000 Louisiana,Houston,TX,77002,5504,1.0,2016
17254,Sithe/Independence LLC,54547,Sithe Independence Station,NY,6,OP,,,,,,59385,1.0,2016
55754,Boralex Hydro Operations Inc,54772,South Glens Falls Hydroelectric,NY,GEN1,OP,South Glens Falls LP,39 Hudson Falls Road,South Glens Falls,NY,12803,17679,0.005,2016
55754,Boralex Hydro Operations Inc,54772,South Glens Falls Hydroelectric,NY,GEN1,OP,"South Glens Falls, LLC","c/o Boralex, Inc 772 Sherbrook ST, West Ste 200",Montreal,QC,H3A1G1,60678,0.005,2016
55754,Boralex Hydro Operations Inc,54772,South Glens Falls Hydroelectric,NY,GEN1,OP,BPIF LLC,39 Hudson Falls RD,South Glens Falls,NY,12803,60683,0.99,2016
55754,Boralex Hydro Operations Inc,54772,South Glens Falls Hydroelectric,NY,GEN2,OP,South Glens Falls LP,39 Hudson Falls Road,South Glens Falls,NY,12803,17679,0.005,2016
55754,Boralex Hydro Operations Inc,54772,South Glens Falls Hydroelectric,NY,GEN2,OP,"South Glens Falls, LLC","c/o Boralex, Inc 772 Sherbrook ST, West Ste 200",Montreal,QC,H3A1G1,60678,0.005,2016
55754,Boralex Hydro Operations Inc,54772,South Glens Falls Hydroelectric,NY,GEN2,OP,BPIF LLC,39 Hudson Falls RD,South Glens Falls,NY,12803,60683,0.99,2016
2313,Brooklyn Navy Yard Cogen PLP,54914,Brooklyn Navy Yard Cogeneration,NY,01,OP,Energy Investors Fund II LP,,,,,34510,0.1934,2016
2313,Brooklyn Navy Yard Cogen PLP,54914,Brooklyn Navy Yard Cogeneration,NY,01,OP,Mission Energy of NY,,,,,34667,0.4033,2016
2313,Brooklyn Navy Yard Cogen PLP,54914,Brooklyn Navy Yard Cogeneration,NY,01,OP,B-41 Associates,,,,,34668,0.4033,2016
2313,Brooklyn Navy Yard Cogen PLP,54914,Brooklyn Navy Yard Cogeneration,NY,02,OP,Energy Investors Fund II LP,,,,,34510,0.1934,2016
2313,Brooklyn Navy Yard Cogen PLP,54914,Brooklyn Navy Yard Cogeneration,NY,02,OP,Mission Energy of NY,,,,,34667,0.4033,2016
2313,Brooklyn Navy Yard Cogen PLP,54914,Brooklyn Navy Yard Cogeneration,NY,02,OP,B-41 Associates,,,,,34668,0.4033,2016
2313,Brooklyn Navy Yard Cogen PLP,54914,Brooklyn Navy Yard Cogeneration,NY,03,OP,Energy Investors Fund II LP,,,,,34510,0.1934,2016
2313,Brooklyn Navy Yard Cogen PLP,54914,Brooklyn Navy Yard Cogeneration,NY,03,OP,Mission Energy of NY,,,,,34667,0.4033,2016
2313,Brooklyn Navy Yard Cogen PLP,54914,Brooklyn Navy Yard Cogeneration,NY,03,OP,B-41 Associates,,,,,34668,0.4033,2016
2313,Brooklyn Navy Yard Cogen PLP,54914,Brooklyn Navy Yard Cogeneration,NY,04,OP,Energy Investors Fund II LP,,,,,34510,0.1934,2016
2313,Brooklyn Navy Yard Cogen PLP,54914,Brooklyn Navy Yard Cogeneration,NY,04,OP,Mission Energy of NY,,,,,34667,0.4033,2016
2313,Brooklyn Navy Yard Cogen PLP,54914,Brooklyn Navy Yard Cogeneration,NY,04,OP,B-41 Associates,,,,,34668,0.4033,2016
55754,Boralex Hydro Operations Inc,54953,Hudson Falls Hydroelectric Project,NY,GEN1,OP,Northern Electric Power Co LP,39 Hudson Falls Road,South Glens Falls,NY,12803,13729,0.005,2016
55754,Boralex Hydro Operations Inc,54953,Hudson Falls Hydroelectric Project,NY,GEN1,OP,"Hudson Falls, LLC","c/o Boralex, Inc 772 Sherbrook ST West Ste 200",Montreal,QC,H3A1G1,60677,0.005,2016
55754,Boralex Hydro Operations Inc,54953,Hudson Falls Hydroelectric Project,NY,GEN1,OP,BPIF LLC,39 Hudson Falls RD,South Glens Falls,NY,12803,60683,0.99,2016
55754,Boralex Hydro Operations Inc,54953,Hudson Falls Hydroelectric Project,NY,GEN2,OP,Northern Electric Power Co LP,39 Hudson Falls Road,South Glens Falls,NY,12803,13729,0.005,2016
55754,Boralex Hydro Operations Inc,54953,Hudson Falls Hydroelectric Project,NY,GEN2,OP,"Hudson Falls, LLC","c/o Boralex, Inc 772 Sherbrook ST West Ste 200",Montreal,QC,H3A1G1,60677,0.005,2016
55754,Boralex Hydro Operations Inc,54953,Hudson Falls Hydroelectric Project,NY,GEN2,OP,BPIF LLC,39 Hudson Falls RD,South Glens Falls,NY,12803,60683,0.99,2016
49845,"Equus Power I, L.P.,",56032,Equus Freeport Power,NY,0001,OP,J Power USA Development Co Ltd,1900 East Golf Road,Schaumburg,IL,60173,56370,1.0,2016
49845,"Equus Power I, L.P.,",56032,Equus Freeport Power,NY,001,OP,J Power USA Development Co Ltd,1900 East Golf Road,Schaumburg,IL,60173,56370,1.0,2016
49837,Pinelawn Power LLC,56188,Pinelawn Power LLC,NY,CTG,OP,J Power USA Development Co Ltd,1900 East Golf Road,Schaumburg,IL,60173,56370,1.0,2016
49837,Pinelawn Power LLC,56188,Pinelawn Power LLC,NY,STG,OP,J Power USA Development Co Ltd,1900 East Golf Road,Schaumburg,IL,60173,56370,1.0,2016
54684,"Flat Rock Windpower, LLC",56290,Maple Ridge Wind Farm,NY,1,OP,Avangrid Renewables LLC,"1125 NW Couch , Ste. 700",Portland,OR,97209,15399,0.5,2016
54684,"Flat Rock Windpower, LLC",56290,Maple Ridge Wind Farm,NY,1,OP,EDP Renewables North America LLC,808 Travis Suite 700,Houston,TX,77002,49880,0.5,2016
54684,"Flat Rock Windpower, LLC",56290,Maple Ridge Wind Farm,NY,1A,OP,Avangrid Renewables LLC,"1125 NW Couch , Ste. 700",Portland,OR,97209,15399,0.5,2016
54684,"Flat Rock Windpower, LLC",56290,Maple Ridge Wind Farm,NY,1A,OP,EDP Renewables North America LLC,808 Travis Suite 700,Houston,TX,77002,49880,0.5,2016
54684,"Flat Rock Windpower, LLC",56290,Maple Ridge Wind Farm,NY,2,OP,Avangrid Renewables LLC,"1125 NW Couch , Ste. 700",Portland,OR,97209,15399,0.5,2016
54684,"Flat Rock Windpower, LLC",56290,Maple Ridge Wind Farm,NY,2,OP,EDP Renewables North America LLC,808 Travis Suite 700,Houston,TX,77002,49880,0.5,2016
54684,"Flat Rock Windpower, LLC",56290,Maple Ridge Wind Farm,NY,3,OP,Avangrid Renewables LLC,"1125 NW Couch , Ste. 700",Portland,OR,97209,15399,0.5,2016
54684,"Flat Rock Windpower, LLC",56290,Maple Ridge Wind Farm,NY,3,OP,EDP Renewables North America LLC,808 Travis Suite 700,Houston,TX,77002,49880,0.5,2016
56545,Pattern Operators LP,56370,Ecogen Wind,NY,1,IP,Ecogen Wind LLC,2 Harrison Street6th Floor,San Francisco,CA,94105,56047,0.51,2016
56545,Pattern Operators LP,56370,Ecogen Wind,NY,1,IP,Pattern Operators LP,1600 Smith Street,Houston,TX,77002,56545,0.49,2016
55868,Noble Wind Operations LLC,56618,Noble Clinton Windpark LLC,NY,1,OP,Noble Environmental Power,8Railroad Avenue,Essex,CT,6426,55869,1.0,2016
55868,Noble Wind Operations LLC,56619,Noble Ellenburg Windpark LLC,NY,1,OP,Noble Environmental Power,8Railroad Avenue,Essex,CT,6426,55869,1.0,2016
55868,Noble Wind Operations LLC,56620,Noble Bliss Windpark LLC,NY,1,OP,Noble Environmental Power,8Railroad Avenue,Essex,CT,6426,55869,1.0,2016
55868,Noble Wind Operations LLC,56901,Noble Altona Windpark LLC,NY,1,OP,Noble Environmental Power,8Railroad Avenue,Essex,CT,6426,55869,1.0,2016
55868,Noble Wind Operations LLC,56902,Noble Wethersfield Windpark LLC,NY,1,OP,Noble Environmental Power,8Railroad Avenue,Essex,CT,6426,55869,1.0,2016
55868,Noble Wind Operations LLC,56904,Noble Chateaugay Windpark LLC,NY,1,OP,Noble Environmental Power,8Railroad Avenue,Essex,CT,6426,55869,1.0,2016
50158,Innovative Energy Systems Inc,56986,Clinton LFGTE Facility,NY,GEN1,OP,Casella Waste Systems,,,,,34466,1.0,2016
50158,Innovative Energy Systems Inc,56986,Clinton LFGTE Facility,NY,GEN2,OP,Casella Waste Systems,,,,,34466,1.0,2016
50158,Innovative Energy Systems Inc,56986,Clinton LFGTE Facility,NY,GEN3,OP,Casella Waste Systems,,,,,34466,1.0,2016
50158,Innovative Energy Systems Inc,56986,Clinton LFGTE Facility,NY,GEN4,OP,Casella Waste Systems,,,,,34466,1.0,2016
50158,Innovative Energy Systems Inc,56987,Hyland LFGTE Facility,NY,GEN1,OP,Casella Waste Systems,,,,,34466,1.0,2016
50158,Innovative Energy Systems Inc,56987,Hyland LFGTE Facility,NY,GEN2,OP,Casella Waste Systems,,,,,34466,1.0,2016
50158,Innovative Energy Systems Inc,56987,Hyland LFGTE Facility,NY,GEN3,OP,Casella Waste Systems,,,,,34466,1.0,2016
50158,Innovative Energy Systems Inc,56987,Hyland LFGTE Facility,NY,GEN4,IP,Casella Waste Systems,,,,,34466,1.0,2016
56534,Cricket Valley Energy Center LLC,57185,Cricket Valley Energy,NY,U001,T,AP Cricket Valley Holdings I Inc,31 Milk St.,Boston,MA,2109,58242,0.4224,2016
56534,Cricket Valley Energy Center LLC,57185,Cricket Valley Energy,NY,U001,T,AP Cricket Valley Holdings II Inc,31 Milk St,Boston,MA,2109,58243,0.4138,2016
56534,Cricket Valley Energy Center LLC,57185,Cricket Valley Energy,NY,U001,T,MC CVEC Project Holdings I LLC,375 Lexington Ave,New York,NY,10017,58244,0.1638,2016
56534,Cricket Valley Energy Center LLC,57185,Cricket Valley Energy,NY,U002,T,AP Cricket Valley Holdings I Inc,31 Milk St.,Boston,MA,2109,58242,0.4078,2016
56534,Cricket Valley Energy Center LLC,57185,Cricket Valley Energy,NY,U002,T,AP Cricket Valley Holdings II Inc,31 Milk St,Boston,MA,2109,58243,0.413,2016
56534,Cricket Valley Energy Center LLC,57185,Cricket Valley Energy,NY,U002,T,MC CVEC Project Holdings I LLC,375 Lexington Ave,New York,NY,10017,58244,0.1792,2016
56534,Cricket Valley Energy Center LLC,57185,Cricket Valley Energy,NY,U003,T,AP Cricket Valley Holdings I Inc,31 Milk St.,Boston,MA,2109,58242,0.4078,2016
56534,Cricket Valley Energy Center LLC,57185,Cricket Valley Energy,NY,U003,T,AP Cricket Valley Holdings II Inc,31 Milk St,Boston,MA,2109,58243,0.413,2016
56534,Cricket Valley Energy Center LLC,57185,Cricket Valley Energy,NY,U003,T,MC CVEC Project Holdings I LLC,375 Lexington Ave,New York,NY,10017,58244,0.1792,2016
50158,Innovative Energy Systems Inc,57186,Chautauqua LFGTE Facility,NY,GEN1,OP,Chautauqua County,3889 Towerville Road,Jamestown,NY,14701,56553,1.0,2016
50158,Innovative Energy Systems Inc,57186,Chautauqua LFGTE Facility,NY,GEN2,OP,Chautauqua County,3889 Towerville Road,Jamestown,NY,14701,56553,1.0,2016
50158,Innovative Energy Systems Inc,57186,Chautauqua LFGTE Facility,NY,GEN3,OP,Chautauqua County,3889 Towerville Road,Jamestown,NY,14701,56553,1.0,2016
50158,Innovative Energy Systems Inc,57186,Chautauqua LFGTE Facility,NY,GEN4,OP,Chautauqua County,3889 Towerville Road,Jamestown,NY,14701,56553,1.0,2016
50158,Innovative Energy Systems Inc,57186,Chautauqua LFGTE Facility,NY,GEN5,OP,Chautauqua County,3889 Towerville Road,Jamestown,NY,14701,56553,1.0,2016
50158,Innovative Energy Systems Inc,57186,Chautauqua LFGTE Facility,NY,GEN6,OP,Chautauqua County,3889 Towerville Road,Jamestown,NY,14701,56553,1.0,2016
56545,Pattern Operators LP,57193,Ripley Westfield Wind LLC,NY,WTG,IP,Ripley Westfield Wind LLC,"Pier 1, Bay 3",San Francisco,CA,94111,56557,1.0,2016
57031,Beacon Power LLC,57710,Stephentown Spindle,NY,SRS1,OP,"Rockland Power Partners, LLC",24 Waterway Avenue,The Woodlands,TX,77380,58305,1.0,2016
50158,Innovative Energy Systems Inc,58295,SREC Bath LFGTE,NY,GEN1,OP,,,,,,18102,1.0,2016
50158,Innovative Energy Systems Inc,58295,SREC Bath LFGTE,NY,GEN2,OP,,,,,,18102,1.0,2016
58383,CH4 Biogas LLC,58399,Synergy Biogas,NY,1,OP,Synergy Biogas LLC,319 First Street,Atlantic Beach,FL,32233,58386,1.0,2016
60947,Tesla Inc.,59789,Millbrook School,NY,PV1,OP,"Three Rivers Solar I, LLC",3055 Clearview Way,San Mateo,CA,94402,59567,1.0,2016
60947,Tesla Inc.,60097,Onondaga County - Metro Water Board,NY,PV1,OP,"Dom Solar Lessor I, LP",,San Mateo,CA,94402,59865,1.0,2016
60947,Tesla Inc.,60098,Onondaga County - Oak Orchard WWTP,NY,PV1,TS,"Dom Solar Lessor I, LP",,San Mateo,CA,94402,59865,1.0,2016
60947,Tesla Inc.,60114,Oneida County- DPW,NY,PV1,TS,"Dom Solar Lessor I, LP",,San Mateo,CA,94402,59865,1.0,2016
60947,Tesla Inc.,60115,Town of Halfmoon,NY,PV1,TS,"Dom Solar Lessor I, LP",,San Mateo,CA,94402,59865,1.0,2016
60947,Tesla Inc.,60229,Orange County Solar Farm (NY),NY,PV1,TS,"Three Rivers Solar I, LLC",3055 Clearview Way,San Mateo,CA,94402,59567,1.0,2016
60947,Tesla Inc.,60232,Onondaga County- Jamesville,NY,PV1,TS,"Three Rivers Solar I, LLC",3055 Clearview Way,San Mateo,CA,94402,59567,1.0,2016
60163,Soltage LLC,60365,Vulcraft Solar,NY,VULC,OP,"Soltage VUL 1600 Chemung, LLC",66 York St. 5th Floor,Jersey City,NJ,7302,60800,1.0,2016
60947,Tesla Inc.,60462,Onondaga County- Clearwater,NY,PV1,U,"Dom Solar Lessor I, LP",,San Mateo,CA,94402,59865,1.0,2016
60947,Tesla Inc.,60463,Greene County Meter #1,NY,PV1,TS,"Dom Solar Lessor I, LP",,San Mateo,CA,94402,59865,1.0,2016
60947,Tesla Inc.,60507,Broome County,NY,NORTH,TS,"Dom Solar Lessor I, LP",,San Mateo,CA,94402,59865,1.0,2016
60947,Tesla Inc.,60507,Broome County,NY,SOUTH,V,"Dom Solar Lessor I, LP",,San Mateo,CA,94402,59865,1.0,2016
60947,Tesla Inc.,60817,Sullivan County - Adult Care Solar,NY,PV1,TS,"Dom Solar Lessor I, LP",,San Mateo,CA,94402,59865,1.0,2016
60584,Onyx Asset Services Group,60967,Onyx - Lamphear Road,NY,10016,OP,Janus Solar Fund LP,880 3rd Avenue,New York,NY,10022,60820,1.0,2016
54842,WM Renewable Energy LLC,61012,Mill Seat Renewable Energy Facility,NY,GEN1,OP,Monroe County (NY),,Rochester,NY,14614,60791,1.0,2016
54842,WM Renewable Energy LLC,61012,Mill Seat Renewable Energy Facility,NY,GEN2,OP,Monroe County (NY),,Rochester,NY,14614,60791,1.0,2016
54842,WM Renewable Energy LLC,61012,Mill Seat Renewable Energy Facility,NY,GEN3,OP,Monroe County (NY),,Rochester,NY,14614,60791,1.0,2016
58756,Albany Engineering Corporation,61207,Green Island Hydroelectric Station,NY,UNIT1,OP,Green Island Power Authority,69 Hudson Ave,Green Island,NY,12083,60852,1.0,2016
58756,Albany Engineering Corporation,61207,Green Island Hydroelectric Station,NY,UNIT2,OP,Green Island Power Authority,69 Hudson Ave,Green Island,NY,12083,60852,1.0,2016
58756,Albany Engineering Corporation,61207,Green Island Hydroelectric Station,NY,UNIT3,OP,Green Island Power Authority,69 Hudson Ave,Green Island,NY,12083,60852,1.0,2016
58756,Albany Engineering Corporation,61207,Green Island Hydroelectric Station,NY,UNIT4,OP,Green Island Power Authority,69 Hudson Ave,Green Island,NY,12083,60852,1.0,2016
58971,Danskammer Energy,2480,Danskammer Generating Station,NY,1,OP,Mercuria Energy America Inc,20E Green Way Plaza,Houston,TX,77046,60115,1.0,2017
58971,Danskammer Energy,2480,Danskammer Generating Station,NY,2,OP,Mercuria Energy America Inc,20E Green Way Plaza,Houston,TX,77046,60115,1.0,2017
58971,Danskammer Energy,2480,Danskammer Generating Station,NY,3,OP,Mercuria Energy America Inc,20E Green Way Plaza,Houston,TX,77046,60115,1.0,2017
58971,Danskammer Energy,2480,Danskammer Generating Station,NY,4,OP,Mercuria Energy America Inc,20E Green Way Plaza,Houston,TX,77046,60115,1.0,2017
58971,Danskammer Energy,2480,Danskammer Generating Station,NY,5,SB,Mercuria Energy America Inc,20E Green Way Plaza,Houston,TX,77046,60115,1.0,2017
58971,Danskammer Energy,2480,Danskammer Generating Station,NY,6,SB,Mercuria Energy America Inc,20E Green Way Plaza,Houston,TX,77046,60115,1.0,2017
15296,New York Power Authority,2483,Neversink,NY,H1,OP,City of New York,Unknown,New York,NY,10036,55842,1.0,2017
13192,NRG Arthur Kill Operations Inc,2490,Arthur Kill Generating Station,NY,2,OP,Arthur Kill Power LLC,4401 Victory Blvd,Staten Island,NY,10314,22846,1.0,2017
13192,NRG Arthur Kill Operations Inc,2490,Arthur Kill Generating Station,NY,3,OP,Arthur Kill Power LLC,4401 Victory Blvd,Staten Island,NY,10314,22846,1.0,2017
13192,NRG Arthur Kill Operations Inc,2490,Arthur Kill Generating Station,NY,GT1,OP,Arthur Kill Power LLC,4401 Victory Blvd,Staten Island,NY,10314,22846,1.0,2017
13579,Dunkirk Power LLC,2554,Dunkirk Generating Plant,NY,1,OS,"NRG Energy, Inc",804 Carnegie Center,Princenton,NJ,8540,13377,1.0,2017
13579,Dunkirk Power LLC,2554,Dunkirk Generating Plant,NY,2,OS,"NRG Energy, Inc",804 Carnegie Center,Princenton,NJ,8540,13377,1.0,2017
13579,Dunkirk Power LLC,2554,Dunkirk Generating Plant,NY,3,OS,"NRG Energy, Inc",804 Carnegie Center,Princenton,NJ,8540,13377,1.0,2017
13579,Dunkirk Power LLC,2554,Dunkirk Generating Plant,NY,ST4,OS,"NRG Energy, Inc",804 Carnegie Center,Princenton,NJ,8540,13377,1.0,2017
5914,Erie Boulevard Hydropower LP,2576,Higley,NY,2,RE,BRASCAN Power Corporation,480m Boul. de la CiteGatineau,Quebec,CN,J8T,50008,1.0,2017
5914,Erie Boulevard Hydropower LP,2576,Higley,NY,3,RE,BRASCAN Power Corporation,480m Boul. de la CiteGatineau,Quebec,CN,J8T,50008,1.0,2017
55951,Exelon Nuclear,2589,Nine Mile Point Nuclear Station,NY,1,OP,Exelon Nuclear,4300 Winfield Road,Warrenville,IL,60555,55951,0.5001,2017
55951,Exelon Nuclear,2589,Nine Mile Point Nuclear Station,NY,1,OP,Electricity de France,"5404 Wisconsin Avenue, Suite 400",Chevy Chase,MD,20815,60043,0.4999,2017
55951,Exelon Nuclear,2589,Nine Mile Point Nuclear Station,NY,2,OP,Long Island Power Authority,333 Earle Ovington Boulevard,Uniondale,NY,11553,11171,0.18,2017
55951,Exelon Nuclear,2589,Nine Mile Point Nuclear Station,NY,2,OP,Exelon Nuclear,4300 Winfield Road,Warrenville,IL,60555,55951,0.4101,2017
55951,Exelon Nuclear,2589,Nine Mile Point Nuclear Station,NY,2,OP,Electricity de France,"5404 Wisconsin Avenue, Suite 400",Chevy Chase,MD,20815,60043,0.4099,2017
15296,New York Power Authority,2627,Grahamsville,NY,GRHM,OP,City of New York,Unknown,New York,NY,10036,55842,1.0,2017
55951,Exelon Nuclear,6122,R E Ginna Nuclear Power Plant,NY,1,OP,Exelon Nuclear,4300 Winfield Road,Warrenville,IL,60555,55951,0.5001,2017
55951,Exelon Nuclear,6122,R E Ginna Nuclear Power Plant,NY,1,OP,Electricity de France,"5404 Wisconsin Avenue, Suite 400",Chevy Chase,MD,20815,60043,0.4999,2017
5624,"RED-Rochester, LLC",10025,"RED-Rochester, LLC",NY,12TG,RE,Dean Baughman Industrial Services,5704 Industrial Road,Fort Wayne,IN,46825,56569,1.0,2017
60741,Fortistar Castleton Power,10190,Castleton Energy Center,NY,GEN2,OP,Castleton Energy Center,1902 River Rd,Castleton,NY,12033,56517,1.0,2017
11270,Lower Saranac Hydro Partner LP,10214,Lower Saranac Hydroelectric Facility,NY,GEN1,OP,Lower Saranac Corp,,,,,34553,0.01,2017
11270,Lower Saranac Hydro Partner LP,10214,Lower Saranac Hydroelectric Facility,NY,GEN1,OP,"Twin Saranac Holdings, LLC.",One Tech Drive,Andover,MA,1810,50060,0.99,2017
11270,Lower Saranac Hydro Partner LP,10214,Lower Saranac Hydroelectric Facility,NY,GEN2,OP,Lower Saranac Corp,,,,,34553,0.01,2017
11270,Lower Saranac Hydro Partner LP,10214,Lower Saranac Hydroelectric Facility,NY,GEN2,OP,"Twin Saranac Holdings, LLC.",One Tech Drive,Andover,MA,1810,50060,0.99,2017
11270,Lower Saranac Hydro Partner LP,10214,Lower Saranac Hydroelectric Facility,NY,GEN3,OP,"Enel North America, Inc.",One Tech Drive,Andover,MA,1810,49932,1.0,2017
55754,Boralex Hydro Operations Inc,10218,Warrensburg Hydroelectric,NY,HY1,OP,Warrensburg Hydro Power LP,39 Hudson Falls Road,South Glens Falls,NY,12803,20118,0.98,2017
55754,Boralex Hydro Operations Inc,10218,Warrensburg Hydroelectric,NY,HY1,OP,Warrensburg II Corporation,"c/o Boralex, Inc 772 Sherbrook ST, West Ste 200",Montreal,QC,H3A1G1,60665,0.02,2017
55754,Boralex Hydro Operations Inc,10219,Middle Falls Hydro,NY,HY1,OP,Middle Falls Ltd Partnership,39 Hudson Falls Road,South Glens Falls,NY,12803,12481,0.98,2017
55754,Boralex Hydro Operations Inc,10219,Middle Falls Hydro,NY,HY1,OP,"Boralex Middle Falls, LLC","c/o Boralex, Inc 772 Sherbrook ST, West Ste 200",Montreal,QC,H3A1G1,60680,0.02,2017
55754,Boralex Hydro Operations Inc,10219,Middle Falls Hydro,NY,HY2,OP,Middle Falls Ltd Partnership,39 Hudson Falls Road,South Glens Falls,NY,12803,12481,0.98,2017
55754,Boralex Hydro Operations Inc,10219,Middle Falls Hydro,NY,HY2,OP,"Boralex Middle Falls, LLC","c/o Boralex, Inc 772 Sherbrook ST, West Ste 200",Montreal,QC,H3A1G1,60680,0.02,2017
55754,Boralex Hydro Operations Inc,10220,Sissonville Hydro,NY,HY1,OP,Sissonville Ltd Partnership,39 Hudson Falls Road,South Glens Falls,NY,12803,17272,0.98,2017
55754,Boralex Hydro Operations Inc,10220,Sissonville Hydro,NY,HY1,OP,"Sissonville II, LLC","c/o Boralex, Inc 772 Sherbrook ST, West Ste 200",Montreal,QC,H3A1G1,60679,0.02,2017
55754,Boralex Hydro Operations Inc,10221,New York State Dam Hydro,NY,GEN1,OP,NYSD Ltd Partnership,39 Hudson Falls Road,South Glens Falls,NY,12803,44858,0.98,2017
55754,Boralex Hydro Operations Inc,10221,New York State Dam Hydro,NY,GEN1,OP,"State Dam II, LLC","c/o Boralex, Inc 772 Sherbrook ST, West Ste 200",Montreal,QC,H3A1G1,60666,0.02,2017
55754,Boralex Hydro Operations Inc,10221,New York State Dam Hydro,NY,GEN2,OP,NYSD Ltd Partnership,39 Hudson Falls Road,South Glens Falls,NY,12803,44858,0.98,2017
55754,Boralex Hydro Operations Inc,10221,New York State Dam Hydro,NY,GEN2,OP,"State Dam II, LLC","c/o Boralex, Inc 772 Sherbrook ST, West Ste 200",Montreal,QC,H3A1G1,60666,0.02,2017
55754,Boralex Hydro Operations Inc,10467,Fourth Branch Hydroelectric Facility,NY,1,OP,Adirondack Hydro-Fourth Branch LLC,39 Hudson Falls Road,South Glens Falls,NY,12803,59049,1.0,2017
34688,CHI Energy Inc,10687,Black River Hydro Associates,NY,DE1,OP,BT Capital,,,,,2455,0.015,2017
34688,CHI Energy Inc,10687,Black River Hydro Associates,NY,DE1,OP,CHI Energy Inc,680 Stamford Blvd 5th Floor,Stamford,CT,6901,38002,0.985,2017
34688,CHI Energy Inc,10687,Black River Hydro Associates,NY,PL1,OP,BT Capital,,,,,2455,0.015,2017
34688,CHI Energy Inc,10687,Black River Hydro Associates,NY,PL1,OP,CHI Energy Inc,680 Stamford Blvd 5th Floor,Stamford,CT,6901,38002,0.985,2017
34688,CHI Energy Inc,10687,Black River Hydro Associates,NY,RI1,OP,BT Capital,,,,,2455,0.015,2017
34688,CHI Energy Inc,10687,Black River Hydro Associates,NY,RI1,OP,CHI Energy Inc,680 Stamford Blvd 5th Floor,Stamford,CT,6901,38002,0.985,2017
16909,Selkirk Cogen Partners LP,10725,Selkirk Cogen,NY,GEN1,OP,Alterna Springerville  LLC,15 River Road,Wilton,CT,6897,56530,1.0,2017
16909,Selkirk Cogen Partners LP,10725,Selkirk Cogen,NY,GEN2,SB,Alterna Springerville  LLC,15 River Road,Wilton,CT,6897,56530,1.0,2017
16909,Selkirk Cogen Partners LP,10725,Selkirk Cogen,NY,GEN3,OP,Alterna Springerville  LLC,15 River Road,Wilton,CT,6897,56530,1.0,2017
16909,Selkirk Cogen Partners LP,10725,Selkirk Cogen,NY,GEN4,OP,Alterna Springerville  LLC,15 River Road,Wilton,CT,6897,56530,1.0,2017
16909,Selkirk Cogen Partners LP,10725,Selkirk Cogen,NY,GEN5,OP,Alterna Springerville  LLC,15 River Road,Wilton,CT,6897,56530,1.0,2017
40052,AG Energy LP,10803,Ogdensburg Power,NY,GEN1,RE,AG Energy Inc,,,,,34439,0.01,2017
40052,AG Energy LP,10803,Ogdensburg Power,NY,GEN1,RE,Iroqouis Power,,,,,34542,0.15,2017
40052,AG Energy LP,10803,Ogdensburg Power,NY,GEN1,RE,Alliance Energy Group LLC,PO Box 585,Ogdensburg,NY,13669,54771,0.84,2017
40052,AG Energy LP,10803,Ogdensburg Power,NY,GEN2,RE,AG Energy Inc,,,,,34439,0.01,2017
40052,AG Energy LP,10803,Ogdensburg Power,NY,GEN2,RE,Iroqouis Power,,,,,34542,0.15,2017
40052,AG Energy LP,10803,Ogdensburg Power,NY,GEN2,RE,Alliance Energy Group LLC,PO Box 585,Ogdensburg,NY,13669,54771,0.84,2017
40052,AG Energy LP,10803,Ogdensburg Power,NY,GEN3,OS,AG Energy LP,21 Entrance AvenuePO Box 585,Ogdensburg,NY,13669,40052,0.01,2017
40052,AG Energy LP,10803,Ogdensburg Power,NY,GEN3,OS,Alliance Energy Group LLC,PO Box 585,Ogdensburg,NY,13669,54771,0.99,2017
49997,"Consolidated Hydro New York, Inc.",10848,Walden,NY,GEN1,OP,"Walden Hydro, LLC",1 Tech Dr. Suite 220,Andover,MA,1810,60225,1.0,2017
49997,"Consolidated Hydro New York, Inc.",10848,Walden,NY,GEN2,OP,"Walden Hydro, LLC",1 Tech Dr. Suite 220,Andover,MA,1810,60225,1.0,2017
49997,"Consolidated Hydro New York, Inc.",10848,Walden,NY,GEN3,OP,"Walden Hydro, LLC",1 Tech Dr. Suite 220,Andover,MA,1810,60225,1.0,2017
21148,Zapco Energy Tactics Corp,50344,Smithtown Energy Partners LP,NY,SW1,RE,Smithtown Energy Partners LP,40 Tower Lane,Avon,CT,6001,17437,1.0,2017
21148,Zapco Energy Tactics Corp,50344,Smithtown Energy Partners LP,NY,SW2,RE,Smithtown Energy Partners LP,40 Tower Lane,Avon,CT,6001,17437,1.0,2017
24202,Carr Street Generating Sta LP,50978,Carr Street Generating Station,NY,GEN1,OP,BRASCAN Power Corporation,480m Boul. de la CiteGatineau,Quebec,CN,J8T,50008,1.0,2017
24202,Carr Street Generating Sta LP,50978,Carr Street Generating Station,NY,GEN2,OP,BRASCAN Power Corporation,480m Boul. de la CiteGatineau,Quebec,CN,J8T,50008,1.0,2017
24202,Carr Street Generating Sta LP,50978,Carr Street Generating Station,NY,GEN3,OP,BRASCAN Power Corporation,480m Boul. de la CiteGatineau,Quebec,CN,J8T,50008,1.0,2017
56601,Covanta MacArthur Renewable Energy,51038,MacArthur Waste to Energy Facility,NY,GEN1,OP,Islip Resource Recovery Agency,4001 Veterans Highway,Ronkonroma,NY,11779,9458,1.0,2017
19153,Nassau Energy Corp,52056,Nassau Energy Corp,NY,GT1,OP,Engie North America,1990 Post Oak BlvdSuite 1900,Houston,TX,77056,56201,1.0,2017
19153,Nassau Energy Corp,52056,Nassau Energy Corp,NY,ST1,OP,Engie North America,1990 Post Oak BlvdSuite 1900,Houston,TX,77056,56201,1.0,2017
10349,KIAC Partners,54114,Kennedy International Airport Cogen,NY,CT-3,IP,Westbrook Energy Center,Westbrook Energy Center717 Texas Avenue,Houston,TX,77002,2891,1.0,2017
10349,KIAC Partners,54114,Kennedy International Airport Cogen,NY,GEN1,OP,Calpine Corp,"700 Louisiana Street,  Suite 2700",Houston,TX,77002,2796,1.0,2017
10349,KIAC Partners,54114,Kennedy International Airport Cogen,NY,GEN2,OP,Calpine Corp,"700 Louisiana Street,  Suite 2700",Houston,TX,77002,2796,1.0,2017
10349,KIAC Partners,54114,Kennedy International Airport Cogen,NY,GEN3,OP,Calpine Corp,"700 Louisiana Street,  Suite 2700",Houston,TX,77002,2796,1.0,2017
50136,North American Energy Services,54131,Fortistar North Tonawanda,NY,GEN1,OP,Fortistar LLC,5087 Junction Rd,Lockport,NY,14094,6571,1.0,2017
50136,North American Energy Services,54131,Fortistar North Tonawanda,NY,GEN2,OP,Fortistar LLC,5087 Junction Rd,Lockport,NY,14094,6571,1.0,2017
17254,Sithe/Independence LLC,54547,Sithe Independence Station,NY,1,OP,Dynegy Inc,Suite 58001000 Louisiana,Houston,TX,77002,5504,1.0,2017
17254,Sithe/Independence LLC,54547,Sithe Independence Station,NY,2,OP,Dynegy Inc,Suite 58001000 Louisiana,Houston,TX,77002,5504,1.0,2017
17254,Sithe/Independence LLC,54547,Sithe Independence Station,NY,3,OP,Dynegy Inc,Suite 58001000 Louisiana,Houston,TX,77002,5504,1.0,2017
17254,Sithe/Independence LLC,54547,Sithe Independence Station,NY,4,OP,Dynegy Inc,Suite 58001000 Louisiana,Houston,TX,77002,5504,1.0,2017
17254,Sithe/Independence LLC,54547,Sithe Independence Station,NY,5,OP,Dynegy Inc,Suite 58001000 Louisiana,Houston,TX,77002,5504,1.0,2017
17254,Sithe/Independence LLC,54547,Sithe Independence Station,NY,6,OP,"Dynegy Energy Services, LLC",601 Travis Street,Houston,TX,77002,59385,1.0,2017
55754,Boralex Hydro Operations Inc,54772,South Glens Falls Hydroelectric,NY,GEN1,OP,South Glens Falls LP,39 Hudson Falls Road,South Glens Falls,NY,12803,17679,0.005,2017
55754,Boralex Hydro Operations Inc,54772,South Glens Falls Hydroelectric,NY,GEN1,OP,"South Glens Falls, LLC","c/o Boralex, Inc 772 Sherbrook ST, West Ste 200",Montreal,QC,H3A1G1,60678,0.005,2017
55754,Boralex Hydro Operations Inc,54772,South Glens Falls Hydroelectric,NY,GEN1,OP,BPIF LLC,39 Hudson Falls RD,South Glens Falls,NY,12803,60683,0.99,2017
55754,Boralex Hydro Operations Inc,54772,South Glens Falls Hydroelectric,NY,GEN2,OP,South Glens Falls LP,39 Hudson Falls Road,South Glens Falls,NY,12803,17679,0.005,2017
55754,Boralex Hydro Operations Inc,54772,South Glens Falls Hydroelectric,NY,GEN2,OP,"South Glens Falls, LLC","c/o Boralex, Inc 772 Sherbrook ST, West Ste 200",Montreal,QC,H3A1G1,60678,0.005,2017
55754,Boralex Hydro Operations Inc,54772,South Glens Falls Hydroelectric,NY,GEN2,OP,BPIF LLC,39 Hudson Falls RD,South Glens Falls,NY,12803,60683,0.99,2017
2313,Brooklyn Navy Yard Cogen PLP,54914,Brooklyn Navy Yard Cogeneration,NY,01,OP,Energy Investors Fund II LP,,,,,34510,0.1934,2017
2313,Brooklyn Navy Yard Cogen PLP,54914,Brooklyn Navy Yard Cogeneration,NY,01,OP,Mission Energy of NY,,,,,34667,0.4033,2017
2313,Brooklyn Navy Yard Cogen PLP,54914,Brooklyn Navy Yard Cogeneration,NY,01,OP,B-41 Associates,,,,,34668,0.4033,2017
2313,Brooklyn Navy Yard Cogen PLP,54914,Brooklyn Navy Yard Cogeneration,NY,02,OP,Energy Investors Fund II LP,,,,,34510,0.1934,2017
2313,Brooklyn Navy Yard Cogen PLP,54914,Brooklyn Navy Yard Cogeneration,NY,02,OP,Mission Energy of NY,,,,,34667,0.4033,2017
2313,Brooklyn Navy Yard Cogen PLP,54914,Brooklyn Navy Yard Cogeneration,NY,02,OP,B-41 Associates,,,,,34668,0.4033,2017
2313,Brooklyn Navy Yard Cogen PLP,54914,Brooklyn Navy Yard Cogeneration,NY,03,OP,Energy Investors Fund II LP,,,,,34510,0.1934,2017
2313,Brooklyn Navy Yard Cogen PLP,54914,Brooklyn Navy Yard Cogeneration,NY,03,OP,Mission Energy of NY,,,,,34667,0.4033,2017
2313,Brooklyn Navy Yard Cogen PLP,54914,Brooklyn Navy Yard Cogeneration,NY,03,OP,B-41 Associates,,,,,34668,0.4033,2017
2313,Brooklyn Navy Yard Cogen PLP,54914,Brooklyn Navy Yard Cogeneration,NY,04,OP,Energy Investors Fund II LP,,,,,34510,0.1934,2017
2313,Brooklyn Navy Yard Cogen PLP,54914,Brooklyn Navy Yard Cogeneration,NY,04,OP,Mission Energy of NY,,,,,34667,0.4033,2017
2313,Brooklyn Navy Yard Cogen PLP,54914,Brooklyn Navy Yard Cogeneration,NY,04,OP,B-41 Associates,,,,,34668,0.4033,2017
55754,Boralex Hydro Operations Inc,54953,Hudson Falls Hydroelectric Project,NY,GEN1,OP,Northern Electric Power Co LP,39 Hudson Falls Road,South Glens Falls,NY,12803,13729,0.005,2017
55754,Boralex Hydro Operations Inc,54953,Hudson Falls Hydroelectric Project,NY,GEN1,OP,"Hudson Falls, LLC","c/o Boralex, Inc 772 Sherbrook ST West Ste 200",Montreal,QC,H3A1G1,60677,0.005,2017
55754,Boralex Hydro Operations Inc,54953,Hudson Falls Hydroelectric Project,NY,GEN1,OP,BPIF LLC,39 Hudson Falls RD,South Glens Falls,NY,12803,60683,0.99,2017
55754,Boralex Hydro Operations Inc,54953,Hudson Falls Hydroelectric Project,NY,GEN2,OP,Northern Electric Power Co LP,39 Hudson Falls Road,South Glens Falls,NY,12803,13729,0.005,2017
55754,Boralex Hydro Operations Inc,54953,Hudson Falls Hydroelectric Project,NY,GEN2,OP,"Hudson Falls, LLC","c/o Boralex, Inc 772 Sherbrook ST West Ste 200",Montreal,QC,H3A1G1,60677,0.005,2017
55754,Boralex Hydro Operations Inc,54953,Hudson Falls Hydroelectric Project,NY,GEN2,OP,BPIF LLC,39 Hudson Falls RD,South Glens Falls,NY,12803,60683,0.99,2017
49845,"Equus Power I, L.P.,",56032,Equus Freeport Power,NY,0001,OP,J Power USA Development Co Ltd,1900 East Golf Road,Schaumburg,IL,60173,56370,1.0,2017
49845,"Equus Power I, L.P.,",56032,Equus Freeport Power,NY,001,OP,J Power USA Development Co Ltd,1900 East Golf Road,Schaumburg,IL,60173,56370,1.0,2017
49837,Pinelawn Power LLC,56188,Pinelawn Power LLC,NY,CTG,OP,J Power USA Development Co Ltd,1900 East Golf Road,Schaumburg,IL,60173,56370,1.0,2017
49837,Pinelawn Power LLC,56188,Pinelawn Power LLC,NY,STG,OP,J Power USA Development Co Ltd,1900 East Golf Road,Schaumburg,IL,60173,56370,1.0,2017
54684,"Flat Rock Windpower, LLC",56290,Maple Ridge Wind Farm,NY,1,OP,Avangrid Renewables LLC,"1125 NW Couch , Ste. 700",Portland,OR,97209,15399,0.5,2017
54684,"Flat Rock Windpower, LLC",56290,Maple Ridge Wind Farm,NY,1,OP,Madison Windpower LLC,808 Travis Suite 700,Houston,TX,77002,49880,0.5,2017
54684,"Flat Rock Windpower, LLC",56290,Maple Ridge Wind Farm,NY,1A,OP,Avangrid Renewables LLC,"1125 NW Couch , Ste. 700",Portland,OR,97209,15399,0.5,2017
54684,"Flat Rock Windpower, LLC",56290,Maple Ridge Wind Farm,NY,1A,OP,Madison Windpower LLC,808 Travis Suite 700,Houston,TX,77002,49880,0.5,2017
54684,"Flat Rock Windpower, LLC",56290,Maple Ridge Wind Farm,NY,2,OP,Avangrid Renewables LLC,"1125 NW Couch , Ste. 700",Portland,OR,97209,15399,0.5,2017
54684,"Flat Rock Windpower, LLC",56290,Maple Ridge Wind Farm,NY,2,OP,Madison Windpower LLC,808 Travis Suite 700,Houston,TX,77002,49880,0.5,2017
54684,"Flat Rock Windpower, LLC",56290,Maple Ridge Wind Farm,NY,3,OP,Avangrid Renewables LLC,"1125 NW Couch , Ste. 700",Portland,OR,97209,15399,0.5,2017
54684,"Flat Rock Windpower, LLC",56290,Maple Ridge Wind Farm,NY,3,OP,Madison Windpower LLC,808 Travis Suite 700,Houston,TX,77002,49880,0.5,2017
56545,Pattern Operators LP,56370,Ecogen Wind,NY,1,CN,Ecogen Wind LLC,2 Harrison Street6th Floor,San Francisco,CA,94105,56047,1.0,2017
55868,Noble Wind Operations LLC,56618,Noble Clinton Windpark LLC,NY,1,OP,Noble Environmental Power,8Railroad Avenue,Essex,CT,6426,55869,1.0,2017
55868,Noble Wind Operations LLC,56619,Noble Ellenburg Windpark LLC,NY,1,OP,Noble Environmental Power,8Railroad Avenue,Essex,CT,6426,55869,1.0,2017
55868,Noble Wind Operations LLC,56620,Noble Bliss Windpark LLC,NY,1,OP,Noble Environmental Power,8Railroad Avenue,Essex,CT,6426,55869,1.0,2017
55868,Noble Wind Operations LLC,56901,Noble Altona Windpark LLC,NY,1,OP,Noble Environmental Power,8Railroad Avenue,Essex,CT,6426,55869,1.0,2017
55868,Noble Wind Operations LLC,56902,Noble Wethersfield Windpark LLC,NY,1,OP,Noble Environmental Power,8Railroad Avenue,Essex,CT,6426,55869,1.0,2017
55868,Noble Wind Operations LLC,56904,Noble Chateaugay Windpark LLC,NY,1,OP,Noble Environmental Power,8Railroad Avenue,Essex,CT,6426,55869,1.0,2017
50158,Innovative Energy Systems Inc,56986,Clinton LFGTE Facility,NY,GEN1,OP,Casella Waste Systems,,,,,34466,1.0,2017
50158,Innovative Energy Systems Inc,56986,Clinton LFGTE Facility,NY,GEN2,OP,Casella Waste Systems,,,,,34466,1.0,2017
50158,Innovative Energy Systems Inc,56986,Clinton LFGTE Facility,NY,GEN3,OP,Casella Waste Systems,,,,,34466,1.0,2017
50158,Innovative Energy Systems Inc,56986,Clinton LFGTE Facility,NY,GEN4,OP,Casella Waste Systems,,,,,34466,1.0,2017
50158,Innovative Energy Systems Inc,56987,Hyland LFGTE Facility,NY,GEN1,OP,Casella Waste Systems,,,,,34466,1.0,2017
50158,Innovative Energy Systems Inc,56987,Hyland LFGTE Facility,NY,GEN2,OP,Casella Waste Systems,,,,,34466,1.0,2017
50158,Innovative Energy Systems Inc,56987,Hyland LFGTE Facility,NY,GEN3,OP,Casella Waste Systems,,,,,34466,1.0,2017
50158,Innovative Energy Systems Inc,56987,Hyland LFGTE Facility,NY,GEN4,IP,Casella Waste Systems,,,,,34466,1.0,2017
56534,Cricket Valley Energy Center LLC,57185,Cricket Valley Energy,NY,U001,T,AP Cricket Valley Holdings I Inc,31 Milk St.,Boston,MA,2109,58242,0.4224,2017
56534,Cricket Valley Energy Center LLC,57185,Cricket Valley Energy,NY,U001,T,AP Cricket Valley Holdings II Inc,31 Milk St,Boston,MA,2109,58243,0.4138,2017
56534,Cricket Valley Energy Center LLC,57185,Cricket Valley Energy,NY,U001,T,MC CVEC Project Holdings I LLC,375 Lexington Ave,New York,NY,10017,58244,0.1638,2017
56534,Cricket Valley Energy Center LLC,57185,Cricket Valley Energy,NY,U002,T,AP Cricket Valley Holdings I Inc,31 Milk St.,Boston,MA,2109,58242,0.4078,2017
56534,Cricket Valley Energy Center LLC,57185,Cricket Valley Energy,NY,U002,T,AP Cricket Valley Holdings II Inc,31 Milk St,Boston,MA,2109,58243,0.413,2017
56534,Cricket Valley Energy Center LLC,57185,Cricket Valley Energy,NY,U002,T,MC CVEC Project Holdings I LLC,375 Lexington Ave,New York,NY,10017,58244,0.1792,2017
56534,Cricket Valley Energy Center LLC,57185,Cricket Valley Energy,NY,U003,T,AP Cricket Valley Holdings I Inc,31 Milk St.,Boston,MA,2109,58242,0.4078,2017
56534,Cricket Valley Energy Center LLC,57185,Cricket Valley Energy,NY,U003,T,AP Cricket Valley Holdings II Inc,31 Milk St,Boston,MA,2109,58243,0.413,2017
56534,Cricket Valley Energy Center LLC,57185,Cricket Valley Energy,NY,U003,T,MC CVEC Project Holdings I LLC,375 Lexington Ave,New York,NY,10017,58244,0.1792,2017
50158,Innovative Energy Systems Inc,57186,Chautauqua LFGTE Facility,NY,GEN1,OP,Chautauqua County,3889 Towerville Road,Jamestown,NY,14701,56553,1.0,2017
50158,Innovative Energy Systems Inc,57186,Chautauqua LFGTE Facility,NY,GEN2,OP,Chautauqua County,3889 Towerville Road,Jamestown,NY,14701,56553,1.0,2017
50158,Innovative Energy Systems Inc,57186,Chautauqua LFGTE Facility,NY,GEN3,OP,Chautauqua County,3889 Towerville Road,Jamestown,NY,14701,56553,1.0,2017
50158,Innovative Energy Systems Inc,57186,Chautauqua LFGTE Facility,NY,GEN4,OP,Chautauqua County,3889 Towerville Road,Jamestown,NY,14701,56553,1.0,2017
50158,Innovative Energy Systems Inc,57186,Chautauqua LFGTE Facility,NY,GEN5,OP,Chautauqua County,3889 Towerville Road,Jamestown,NY,14701,56553,1.0,2017
50158,Innovative Energy Systems Inc,57186,Chautauqua LFGTE Facility,NY,GEN6,OP,Chautauqua County,3889 Towerville Road,Jamestown,NY,14701,56553,1.0,2017
56545,Pattern Operators LP,57193,Ripley Westfield Wind LLC,NY,WTG,CN,Ripley Westfield Wind LLC,"Pier 1, Bay 3",San Francisco,CA,94111,56557,1.0,2017
57031,Beacon Power LLC,57710,Stephentown Spindle,NY,SRS1,OP,"Rockland Power Partners, LLC",24 Waterway Avenue,The Woodlands,TX,77380,58305,1.0,2017
50158,Innovative Energy Systems Inc,58295,SREC Bath LFGTE,NY,GEN1,OP,"Steuben Rural Elec Coop, Inc",9 Wilson Avenue,Bath,NY,14810,18102,1.0,2017
50158,Innovative Energy Systems Inc,58295,SREC Bath LFGTE,NY,GEN2,OP,"Steuben Rural Elec Coop, Inc",9 Wilson Avenue,Bath,NY,14810,18102,1.0,2017
58383,CH4 Biogas LLC,58399,Synergy Biogas,NY,1,OP,Synergy Biogas LLC,319 First Street,Atlantic Beach,FL,32233,58386,1.0,2017
60947,Tesla Inc.,59789,Millbrook School,NY,PV1,OP,"Three Rivers Solar I, LLC",3055 Clearview Way,San Mateo,CA,94402,59567,1.0,2017
60947,Tesla Inc.,60097,Onondaga County - Metro Water Board,NY,PV1,OP,"Dom Solar Lessor I, LP",,San Mateo,CA,94402,59865,1.0,2017
60947,Tesla Inc.,60098,Onondaga County - Oak Orchard WWTP,NY,PV1,OP,"Dom Solar Lessor I, LP",,San Mateo,CA,94402,59865,1.0,2017
60947,Tesla Inc.,60114,Oneida County- DPW,NY,PV1,OP,"Dom Solar Lessor I, LP",,San Mateo,CA,94402,59865,1.0,2017
60947,Tesla Inc.,60115,Town of Halfmoon,NY,PV1,OP,"Dom Solar Lessor I, LP",,San Mateo,CA,94402,59865,1.0,2017
60947,Tesla Inc.,60229,Orange County Solar Farm (NY),NY,PV1,OP,"Three Rivers Solar I, LLC",3055 Clearview Way,San Mateo,CA,94402,59567,1.0,2017
60947,Tesla Inc.,60232,Onondaga County- Jamesville,NY,PV1,TS,"Three Rivers Solar I, LLC",3055 Clearview Way,San Mateo,CA,94402,59567,1.0,2017
60163,Soltage LLC,60365,Vulcraft Solar,NY,VULC,OP,"Soltage VUL 1600 Chemung, LLC",66 York St. 5th Floor,Jersey City,NJ,7302,60800,1.0,2017
60947,Tesla Inc.,60462,Onondaga County- Clearwater,NY,PV1,OP,"Dom Solar Lessor I, LP",,San Mateo,CA,94402,59865,1.0,2017
60947,Tesla Inc.,60463,Greene County Meter #1,NY,PV1,TS,"Dom Solar Lessor I, LP",,San Mateo,CA,94402,59865,1.0,2017
60947,Tesla Inc.,60507,Broome County,NY,NORTH,TS,"Dom Solar Lessor I, LP",,San Mateo,CA,94402,59865,1.0,2017
60947,Tesla Inc.,60507,Broome County,NY,SOUTH,TS,"Dom Solar Lessor I, LP",,San Mateo,CA,94402,59865,1.0,2017
60947,Tesla Inc.,60817,Sullivan County - Adult Care Solar,NY,PV1,OP,"Dom Solar Lessor I, LP",,San Mateo,CA,94402,59865,1.0,2017
60584,Onyx Asset Services Group,60967,Onyx - Lamphear Road,NY,10016,OP,Janus Solar Fund LP,880 3rd Avenue,New York,NY,10022,60820,1.0,2017
54842,WM Renewable Energy LLC,61012,Mill Seat Renewable Energy Facility,NY,GEN1,OP,Monroe County (NY),,Rochester,NY,14614,60791,1.0,2017
54842,WM Renewable Energy LLC,61012,Mill Seat Renewable Energy Facility,NY,GEN2,OP,Monroe County (NY),,Rochester,NY,14614,60791,1.0,2017
54842,WM Renewable Energy LLC,61012,Mill Seat Renewable Energy Facility,NY,GEN3,OP,Monroe County (NY),,Rochester,NY,14614,60791,1.0,2017
54842,WM Renewable Energy LLC,61012,Mill Seat Renewable Energy Facility,NY,GEN4,OP,Monroe County (NY),,Rochester,NY,14614,60791,1.0,2017
54842,WM Renewable Energy LLC,61012,Mill Seat Renewable Energy Facility,NY,GEN5,OP,Monroe County (NY),,Rochester,NY,14614,60791,1.0,2017
54842,WM Renewable Energy LLC,61012,Mill Seat Renewable Energy Facility,NY,GEN6,OP,Monroe County (NY),,Rochester,NY,14614,60791,1.0,2017
54842,WM Renewable Energy LLC,61012,Mill Seat Renewable Energy Facility,NY,GEN7,OP,Monroe County (NY),,Rochester,NY,14614,60791,1.0,2017
54842,WM Renewable Energy LLC,61012,Mill Seat Renewable Energy Facility,NY,GEN8,OP,Monroe County (NY),,Rochester,NY,14614,60791,1.0,2017
58756,Albany Engineering Corporation,61207,Green Island Hydroelectric Station,NY,UNIT1,OP,Green Island Power Authority,69 Hudson Ave,Green Island,NY,12083,60852,1.0,2017
58756,Albany Engineering Corporation,61207,Green Island Hydroelectric Station,NY,UNIT2,OP,Green Island Power Authority,69 Hudson Ave,Green Island,NY,12083,60852,1.0,2017
58756,Albany Engineering Corporation,61207,Green Island Hydroelectric Station,NY,UNIT3,OP,Green Island Power Authority,69 Hudson Ave,Green Island,NY,12083,60852,1.0,2017
58756,Albany Engineering Corporation,61207,Green Island Hydroelectric Station,NY,UNIT4,OP,Green Island Power Authority,69 Hudson Ave,Green Island,NY,12083,60852,1.0,2017
60584,Onyx Asset Services Group,61724,Onyx - Saratoga Springs Landfill Solar,NY,10254,OP,Solar Mission SunE LLC,"880 3rd Ave, 11th Floor",New York,NY,10022,61360,1.0,2017
60584,Onyx Asset Services Group,61847,Broadalbin,NY,10046,T,GenE Solar I LLC,"880 3rd Ave, 11th Floor",New York,NY,10022,61463,1.0,2017
60584,Onyx Asset Services Group,61863,Duanesburg,NY,10048,T,GenE Solar I LLC,"880 3rd Ave, 11th Floor",New York,NY,10022,61463,1.0,2017
60584,Onyx Asset Services Group,61888,Johnstown,NY,10049,U,GenE Solar I LLC,"880 3rd Ave, 11th Floor",New York,NY,10022,61463,1.0,2017
60584,Onyx Asset Services Group,61903,Sharon Springs,NY,10116,U,GenE Solar I LLC,"880 3rd Ave, 11th Floor",New York,NY,10022,61463,1.0,2017
60584,Onyx Asset Services Group,61904,Amsterdam North,NY,10044,U,GenE Solar I LLC,"880 3rd Ave, 11th Floor",New York,NY,10022,61463,1.0,2017
60584,Onyx Asset Services Group,61905,Amsterdam South,NY,10045,U,GenE Solar I LLC,"880 3rd Ave, 11th Floor",New York,NY,10022,61463,1.0,2017
15296,New York Power Authority,2483,Neversink,NY,H1,OP,City of New York,Unknown,New York,NY,10036,55842,1.0,2018
13192,NRG Arthur Kill Operations Inc,2490,Arthur Kill Generating Station,NY,2,OP,Arthur Kill Power LLC,4401 Victory Blvd,Staten Island,NY,10314,22846,1.0,2018
13192,NRG Arthur Kill Operations Inc,2490,Arthur Kill Generating Station,NY,3,OP,Arthur Kill Power LLC,4401 Victory Blvd,Staten Island,NY,10314,22846,1.0,2018
13192,NRG Arthur Kill Operations Inc,2490,Arthur Kill Generating Station,NY,GT1,OP,Arthur Kill Power LLC,4401 Victory Blvd,Staten Island,NY,10314,22846,1.0,2018
13579,Dunkirk Power LLC,2554,Dunkirk Generating Plant,NY,1,OS,"NRG Energy, Inc",804 Carnegie Center,Princenton,NJ,8540,13377,1.0,2018
13579,Dunkirk Power LLC,2554,Dunkirk Generating Plant,NY,2,OS,"NRG Energy, Inc",804 Carnegie Center,Princenton,NJ,8540,13377,1.0,2018
13579,Dunkirk Power LLC,2554,Dunkirk Generating Plant,NY,3,OS,"NRG Energy, Inc",804 Carnegie Center,Princenton,NJ,8540,13377,1.0,2018
13579,Dunkirk Power LLC,2554,Dunkirk Generating Plant,NY,ST4,OS,"NRG Energy, Inc",804 Carnegie Center,Princenton,NJ,8540,13377,1.0,2018
5914,Erie Boulevard Hydropower LP,2576,Higley,NY,2,RE,BRASCAN Power Corporation,480m Boul. de la CiteGatineau,Quebec,CN,J8T,50008,1.0,2018
5914,Erie Boulevard Hydropower LP,2576,Higley,NY,3,RE,BRASCAN Power Corporation,480m Boul. de la CiteGatineau,Quebec,CN,J8T,50008,1.0,2018
55951,Exelon Nuclear,2589,Nine Mile Point Nuclear Station,NY,1,OP,Exelon Nuclear,4300 Winfield Road,Warrenville,IL,60555,55951,0.5001,2018
55951,Exelon Nuclear,2589,Nine Mile Point Nuclear Station,NY,1,OP,Electricity de France,"5404 Wisconsin Avenue, Suite 400",Chevy Chase,MD,20815,60043,0.4999,2018
55951,Exelon Nuclear,2589,Nine Mile Point Nuclear Station,NY,2,OP,Long Island Power Authority,333 Earle Ovington Boulevard,Uniondale,NY,11553,11171,0.18,2018
55951,Exelon Nuclear,2589,Nine Mile Point Nuclear Station,NY,2,OP,Exelon Nuclear,4300 Winfield Road,Warrenville,IL,60555,55951,0.4101,2018
55951,Exelon Nuclear,2589,Nine Mile Point Nuclear Station,NY,2,OP,Electricity de France,"5404 Wisconsin Avenue, Suite 400",Chevy Chase,MD,20815,60043,0.4099,2018
15296,New York Power Authority,2627,Grahamsville,NY,GRHM,OP,City of New York,Unknown,New York,NY,10036,55842,1.0,2018
55951,Exelon Nuclear,6122,R E Ginna Nuclear Power Plant,NY,1,OP,Exelon Nuclear,4300 Winfield Road,Warrenville,IL,60555,55951,0.5001,2018
55951,Exelon Nuclear,6122,R E Ginna Nuclear Power Plant,NY,1,OP,Electricity de France,"5404 Wisconsin Avenue, Suite 400",Chevy Chase,MD,20815,60043,0.4999,2018
5624,"RED-Rochester, LLC",10025,"RED-Rochester, LLC",NY,12TG,RE,Dean Baughman Industrial Services,5704 Industrial Road,Fort Wayne,IN,46825,56569,1.0,2018
60741,Fortistar Castleton Power,10190,Castleton Energy Center,NY,GEN2,OP,Castleton Energy Center,1902 River Rd,Castleton,NY,12033,56517,1.0,2018
11270,Lower Saranac Hydro Partner LP,10214,Lower Saranac Hydroelectric Facility,NY,GEN1,OP,Lower Saranac Corp,,,,,34553,0.01,2018
11270,Lower Saranac Hydro Partner LP,10214,Lower Saranac Hydroelectric Facility,NY,GEN1,OP,"Twin Saranac Holdings, LLC.",One Tech Drive,Andover,MA,1810,50060,0.99,2018
11270,Lower Saranac Hydro Partner LP,10214,Lower Saranac Hydroelectric Facility,NY,GEN2,OP,Lower Saranac Corp,,,,,34553,0.01,2018
11270,Lower Saranac Hydro Partner LP,10214,Lower Saranac Hydroelectric Facility,NY,GEN2,OP,"Twin Saranac Holdings, LLC.",One Tech Drive,Andover,MA,1810,50060,0.99,2018
11270,Lower Saranac Hydro Partner LP,10214,Lower Saranac Hydroelectric Facility,NY,GEN3,OP,"Enel North America, Inc.",One Tech Drive,Andover,MA,1810,49932,1.0,2018
55754,Boralex Hydro Operations Inc,10218,Warrensburg Hydroelectric,NY,HY1,OP,Warrensburg Hydro Power LP,39 Hudson Falls Road,South Glens Falls,NY,12803,20118,0.98,2018
55754,Boralex Hydro Operations Inc,10218,Warrensburg Hydroelectric,NY,HY1,OP,Warrensburg II Corporation,"c/o Boralex, Inc 772 Sherbrook ST, West Ste 200",Montreal,QC,H3A1G1,60665,0.02,2018
55754,Boralex Hydro Operations Inc,10219,Middle Falls Hydro,NY,HY1,OP,Middle Falls Ltd Partnership,39 Hudson Falls Road,South Glens Falls,NY,12803,12481,0.98,2018
55754,Boralex Hydro Operations Inc,10219,Middle Falls Hydro,NY,HY1,OP,"Boralex Middle Falls, LLC","c/o Boralex, Inc 772 Sherbrook ST, West Ste 200",Montreal,QC,H3A1G1,60680,0.02,2018
55754,Boralex Hydro Operations Inc,10219,Middle Falls Hydro,NY,HY2,OP,Middle Falls Ltd Partnership,39 Hudson Falls Road,South Glens Falls,NY,12803,12481,0.98,2018
55754,Boralex Hydro Operations Inc,10219,Middle Falls Hydro,NY,HY2,OP,"Boralex Middle Falls, LLC","c/o Boralex, Inc 772 Sherbrook ST, West Ste 200",Montreal,QC,H3A1G1,60680,0.02,2018
55754,Boralex Hydro Operations Inc,10220,Sissonville Hydro,NY,HY1,OP,Sissonville Ltd Partnership,39 Hudson Falls Road,South Glens Falls,NY,12803,17272,0.98,2018
55754,Boralex Hydro Operations Inc,10220,Sissonville Hydro,NY,HY1,OP,"Sissonville II, LLC","c/o Boralex, Inc 772 Sherbrook ST, West Ste 200",Montreal,QC,H3A1G1,60679,0.02,2018
55754,Boralex Hydro Operations Inc,10221,New York State Dam Hydro,NY,GEN1,OP,NYSD Ltd Partnership,39 Hudson Falls Road,South Glens Falls,NY,12803,44858,0.98,2018
55754,Boralex Hydro Operations Inc,10221,New York State Dam Hydro,NY,GEN1,OP,"State Dam II, LLC","c/o Boralex, Inc 772 Sherbrook ST, West Ste 200",Montreal,QC,H3A1G1,60666,0.02,2018
55754,Boralex Hydro Operations Inc,10221,New York State Dam Hydro,NY,GEN2,OP,NYSD Ltd Partnership,39 Hudson Falls Road,South Glens Falls,NY,12803,44858,0.98,2018
55754,Boralex Hydro Operations Inc,10221,New York State Dam Hydro,NY,GEN2,OP,"State Dam II, LLC","c/o Boralex, Inc 772 Sherbrook ST, West Ste 200",Montreal,QC,H3A1G1,60666,0.02,2018
55754,Boralex Hydro Operations Inc,10467,Fourth Branch Hydroelectric Facility,NY,1,OP,Adirondack Hydro-Fourth Branch LLC,39 Hudson Falls Road,South Glens Falls,NY,12803,59049,1.0,2018
34688,CHI Energy Inc,10687,Black River Hydro Associates,NY,DE1,OP,BT Capital,,,,,2455,0.015,2018
34688,CHI Energy Inc,10687,Black River Hydro Associates,NY,DE1,OP,CHI Energy Inc,680 Stamford Blvd 5th Floor,Stamford,CT,6901,38002,0.985,2018
34688,CHI Energy Inc,10687,Black River Hydro Associates,NY,PL1,OP,BT Capital,,,,,2455,0.015,2018
34688,CHI Energy Inc,10687,Black River Hydro Associates,NY,PL1,OP,CHI Energy Inc,680 Stamford Blvd 5th Floor,Stamford,CT,6901,38002,0.985,2018
34688,CHI Energy Inc,10687,Black River Hydro Associates,NY,RI1,OP,BT Capital,,,,,2455,0.015,2018
34688,CHI Energy Inc,10687,Black River Hydro Associates,NY,RI1,OP,CHI Energy Inc,680 Stamford Blvd 5th Floor,Stamford,CT,6901,38002,0.985,2018
16909,Selkirk Cogen Partners LP,10725,Selkirk Cogen,NY,GEN1,OP,Alterna Springerville  LLC,15 River Road,Wilton,CT,6897,56530,1.0,2018
16909,Selkirk Cogen Partners LP,10725,Selkirk Cogen,NY,GEN2,SB,Alterna Springerville  LLC,15 River Road,Wilton,CT,6897,56530,1.0,2018
16909,Selkirk Cogen Partners LP,10725,Selkirk Cogen,NY,GEN3,OP,Alterna Springerville  LLC,15 River Road,Wilton,CT,6897,56530,1.0,2018
16909,Selkirk Cogen Partners LP,10725,Selkirk Cogen,NY,GEN4,OP,Alterna Springerville  LLC,15 River Road,Wilton,CT,6897,56530,1.0,2018
16909,Selkirk Cogen Partners LP,10725,Selkirk Cogen,NY,GEN5,OP,Alterna Springerville  LLC,15 River Road,Wilton,CT,6897,56530,1.0,2018
40052,AG Energy LP,10803,Ogdensburg Power,NY,GEN1,RE,AG Energy Inc,,,,,34439,0.01,2018
40052,AG Energy LP,10803,Ogdensburg Power,NY,GEN1,RE,Iroqouis Power,,,,,34542,0.15,2018
40052,AG Energy LP,10803,Ogdensburg Power,NY,GEN1,RE,Alliance Energy Group LLC,PO Box 585,Ogdensburg,NY,13669,54771,0.84,2018
40052,AG Energy LP,10803,Ogdensburg Power,NY,GEN2,RE,AG Energy Inc,,,,,34439,0.01,2018
40052,AG Energy LP,10803,Ogdensburg Power,NY,GEN2,RE,Iroqouis Power,,,,,34542,0.15,2018
40052,AG Energy LP,10803,Ogdensburg Power,NY,GEN2,RE,Alliance Energy Group LLC,PO Box 585,Ogdensburg,NY,13669,54771,0.84,2018
40052,AG Energy LP,10803,Ogdensburg Power,NY,GEN3,OS,AG Energy LP,21 Entrance AvenuePO Box 585,Ogdensburg,NY,13669,40052,0.01,2018
40052,AG Energy LP,10803,Ogdensburg Power,NY,GEN3,OS,Alliance Energy Group LLC,PO Box 585,Ogdensburg,NY,13669,54771,0.99,2018
49997,"Consolidated Hydro New York, Inc.",10848,Walden,NY,GEN1,OP,"Walden Hydro, LLC",1 Tech Dr. Suite 220,Andover,MA,1810,60225,1.0,2018
49997,"Consolidated Hydro New York, Inc.",10848,Walden,NY,GEN2,OP,"Walden Hydro, LLC",1 Tech Dr. Suite 220,Andover,MA,1810,60225,1.0,2018
49997,"Consolidated Hydro New York, Inc.",10848,Walden,NY,GEN3,OP,"Walden Hydro, LLC",1 Tech Dr. Suite 220,Andover,MA,1810,60225,1.0,2018
21148,Zapco Energy Tactics Corp,50344,Smithtown Energy Partners LP,NY,SW1,RE,Smithtown Energy Partners LP,40 Tower Lane,Avon,CT,6001,17437,1.0,2018
21148,Zapco Energy Tactics Corp,50344,Smithtown Energy Partners LP,NY,SW2,RE,Smithtown Energy Partners LP,40 Tower Lane,Avon,CT,6001,17437,1.0,2018
24202,Carr Street Generating Sta LP,50978,Carr Street Generating Station,NY,GEN1,OP,BRASCAN Power Corporation,480m Boul. de la CiteGatineau,Quebec,CN,J8T,50008,1.0,2018
24202,Carr Street Generating Sta LP,50978,Carr Street Generating Station,NY,GEN2,OP,BRASCAN Power Corporation,480m Boul. de la CiteGatineau,Quebec,CN,J8T,50008,1.0,2018
24202,Carr Street Generating Sta LP,50978,Carr Street Generating Station,NY,GEN3,OP,BRASCAN Power Corporation,480m Boul. de la CiteGatineau,Quebec,CN,J8T,50008,1.0,2018
56601,Covanta MacArthur Renewable Energy,51038,MacArthur Waste to Energy Facility,NY,GEN1,OP,Islip Resource Recovery Agency,4001 Veterans Highway,Ronkonroma,NY,11779,9458,1.0,2018
19153,Nassau Energy Corp,52056,Nassau Energy Corp,NY,GT1,OP,Engie North America,1990 Post Oak BlvdSuite 1900,Houston,TX,77056,56201,1.0,2018
19153,Nassau Energy Corp,52056,Nassau Energy Corp,NY,ST1,OP,Engie North America,1990 Post Oak BlvdSuite 1900,Houston,TX,77056,56201,1.0,2018
10349,KIAC Partners,54114,Kennedy International Airport Cogen,NY,CT-3,IP,Westbrook Energy Center,Westbrook Energy Center717 Texas Avenue,Houston,TX,77002,2891,1.0,2018
10349,KIAC Partners,54114,Kennedy International Airport Cogen,NY,GEN1,OP,Calpine Corp,"700 Louisiana Street,  Suite 2700",Houston,TX,77002,2796,1.0,2018
10349,KIAC Partners,54114,Kennedy International Airport Cogen,NY,GEN2,OP,Calpine Corp,"700 Louisiana Street,  Suite 2700",Houston,TX,77002,2796,1.0,2018
10349,KIAC Partners,54114,Kennedy International Airport Cogen,NY,GEN3,OP,Calpine Corp,"700 Louisiana Street,  Suite 2700",Houston,TX,77002,2796,1.0,2018
50136,North American Energy Services,54131,Fortistar North Tonawanda,NY,GEN1,OP,Fortistar LLC,5087 Junction Rd,Lockport,NY,14094,6571,1.0,2018
50136,North American Energy Services,54131,Fortistar North Tonawanda,NY,GEN2,OP,Fortistar LLC,5087 Junction Rd,Lockport,NY,14094,6571,1.0,2018
17254,Sithe/Independence LLC,54547,Sithe Independence Station,NY,1,OP,Luminant Generation Company LLC,6555 Sierra Drive,Irving,TX,75039,55983,1.0,2018
17254,Sithe/Independence LLC,54547,Sithe Independence Station,NY,2,OP,Dynegy Inc,Suite 58001000 Louisiana,Houston,TX,77002,5504,1.0,2018
17254,Sithe/Independence LLC,54547,Sithe Independence Station,NY,3,OP,Dynegy Inc,Suite 58001000 Louisiana,Houston,TX,77002,5504,1.0,2018
17254,Sithe/Independence LLC,54547,Sithe Independence Station,NY,4,OP,Dynegy Inc,Suite 58001000 Louisiana,Houston,TX,77002,5504,1.0,2018
17254,Sithe/Independence LLC,54547,Sithe Independence Station,NY,5,OP,Dynegy Inc,Suite 58001000 Louisiana,Houston,TX,77002,5504,1.0,2018
17254,Sithe/Independence LLC,54547,Sithe Independence Station,NY,6,OP,"Dynegy Energy Services, LLC",601 Travis Street,Houston,TX,77002,59385,1.0,2018
55754,Boralex Hydro Operations Inc,54772,South Glens Falls Hydroelectric,NY,GEN1,OP,South Glens Falls LP,39 Hudson Falls Road,South Glens Falls,NY,12803,17679,0.005,2018
55754,Boralex Hydro Operations Inc,54772,South Glens Falls Hydroelectric,NY,GEN1,OP,"South Glens Falls, LLC","c/o Boralex, Inc 772 Sherbrook ST, West Ste 200",Montreal,QC,H3A1G1,60678,0.005,2018
55754,Boralex Hydro Operations Inc,54772,South Glens Falls Hydroelectric,NY,GEN1,OP,BPIF LLC,39 Hudson Falls RD,South Glens Falls,NY,12803,60683,0.99,2018
55754,Boralex Hydro Operations Inc,54772,South Glens Falls Hydroelectric,NY,GEN2,OP,South Glens Falls LP,39 Hudson Falls Road,South Glens Falls,NY,12803,17679,0.005,2018
55754,Boralex Hydro Operations Inc,54772,South Glens Falls Hydroelectric,NY,GEN2,OP,"South Glens Falls, LLC","c/o Boralex, Inc 772 Sherbrook ST, West Ste 200",Montreal,QC,H3A1G1,60678,0.005,2018
55754,Boralex Hydro Operations Inc,54772,South Glens Falls Hydroelectric,NY,GEN2,OP,BPIF LLC,39 Hudson Falls RD,South Glens Falls,NY,12803,60683,0.99,2018
2313,Brooklyn Navy Yard Cogen PLP,54914,Brooklyn Navy Yard Cogeneration,NY,01,OP,Energy Investors Fund II LP,,,,,34510,0.5844,2018
2313,Brooklyn Navy Yard Cogen PLP,54914,Brooklyn Navy Yard Cogeneration,NY,01,OP,Mission Energy of NY,,,,,34667,0.2078,2018
2313,Brooklyn Navy Yard Cogen PLP,54914,Brooklyn Navy Yard Cogeneration,NY,01,OP,B-41 Associates,,,,,34668,0.2078,2018
2313,Brooklyn Navy Yard Cogen PLP,54914,Brooklyn Navy Yard Cogeneration,NY,02,OP,Energy Investors Fund II LP,,,,,34510,0.1934,2018
2313,Brooklyn Navy Yard Cogen PLP,54914,Brooklyn Navy Yard Cogeneration,NY,02,OP,Mission Energy of NY,,,,,34667,0.4033,2018
2313,Brooklyn Navy Yard Cogen PLP,54914,Brooklyn Navy Yard Cogeneration,NY,02,OP,B-41 Associates,,,,,34668,0.4033,2018
2313,Brooklyn Navy Yard Cogen PLP,54914,Brooklyn Navy Yard Cogeneration,NY,03,OP,Energy Investors Fund II LP,,,,,34510,0.1934,2018
2313,Brooklyn Navy Yard Cogen PLP,54914,Brooklyn Navy Yard Cogeneration,NY,03,OP,Mission Energy of NY,,,,,34667,0.4033,2018
2313,Brooklyn Navy Yard Cogen PLP,54914,Brooklyn Navy Yard Cogeneration,NY,03,OP,B-41 Associates,,,,,34668,0.4033,2018
2313,Brooklyn Navy Yard Cogen PLP,54914,Brooklyn Navy Yard Cogeneration,NY,04,OP,Energy Investors Fund II LP,,,,,34510,0.1934,2018
2313,Brooklyn Navy Yard Cogen PLP,54914,Brooklyn Navy Yard Cogeneration,NY,04,OP,Mission Energy of NY,,,,,34667,0.4033,2018
2313,Brooklyn Navy Yard Cogen PLP,54914,Brooklyn Navy Yard Cogeneration,NY,04,OP,B-41 Associates,,,,,34668,0.4033,2018
55754,Boralex Hydro Operations Inc,54953,Hudson Falls Hydroelectric Project,NY,GEN1,OP,Northern Electric Power Co LP,39 Hudson Falls Road,South Glens Falls,NY,12803,13729,0.005,2018
55754,Boralex Hydro Operations Inc,54953,Hudson Falls Hydroelectric Project,NY,GEN1,OP,"Hudson Falls, LLC","c/o Boralex, Inc 772 Sherbrook ST West Ste 200",Montreal,QC,H3A1G1,60677,0.005,2018
55754,Boralex Hydro Operations Inc,54953,Hudson Falls Hydroelectric Project,NY,GEN1,OP,BPIF LLC,39 Hudson Falls RD,South Glens Falls,NY,12803,60683,0.99,2018
55754,Boralex Hydro Operations Inc,54953,Hudson Falls Hydroelectric Project,NY,GEN2,OP,Northern Electric Power Co LP,39 Hudson Falls Road,South Glens Falls,NY,12803,13729,0.005,2018
55754,Boralex Hydro Operations Inc,54953,Hudson Falls Hydroelectric Project,NY,GEN2,OP,"Hudson Falls, LLC","c/o Boralex, Inc 772 Sherbrook ST West Ste 200",Montreal,QC,H3A1G1,60677,0.005,2018
55754,Boralex Hydro Operations Inc,54953,Hudson Falls Hydroelectric Project,NY,GEN2,OP,BPIF LLC,39 Hudson Falls RD,South Glens Falls,NY,12803,60683,0.99,2018
49845,"Equus Power I, L.P.,",56032,Equus Freeport Power,NY,0001,OP,J Power USA Development Co Ltd,1900 East Golf Road,Schaumburg,IL,60173,56370,1.0,2018
49845,"Equus Power I, L.P.,",56032,Equus Freeport Power,NY,001,OP,J Power USA Development Co Ltd,1900 East Golf Road,Schaumburg,IL,60173,56370,1.0,2018
49837,Pinelawn Power LLC,56188,Pinelawn Power LLC,NY,CTG,OP,J Power USA Development Co Ltd,1900 East Golf Road,Schaumburg,IL,60173,56370,1.0,2018
49837,Pinelawn Power LLC,56188,Pinelawn Power LLC,NY,STG,OP,J Power USA Development Co Ltd,1900 East Golf Road,Schaumburg,IL,60173,56370,1.0,2018
54684,"Flat Rock Windpower, LLC",56290,Maple Ridge Wind Farm,NY,1,OP,Avangrid Renewables LLC,"1125 NW Couch , Ste. 700",Portland,OR,97209,15399,0.5,2018
54684,"Flat Rock Windpower, LLC",56290,Maple Ridge Wind Farm,NY,1,OP,EDP Renewables North America LLC,808 Travis S St. Suite 700,Houston,TX,77002,61757,0.5,2018
54684,"Flat Rock Windpower, LLC",56290,Maple Ridge Wind Farm,NY,1A,OP,Avangrid Renewables LLC,"1125 NW Couch , Ste. 700",Portland,OR,97209,15399,0.5,2018
54684,"Flat Rock Windpower, LLC",56290,Maple Ridge Wind Farm,NY,1A,OP,Madison Windpower LLC,808 Travis Suite 700,Houston,TX,77002,49880,0.5,2018
54684,"Flat Rock Windpower, LLC",56290,Maple Ridge Wind Farm,NY,2,OP,Avangrid Renewables LLC,"1125 NW Couch , Ste. 700",Portland,OR,97209,15399,0.5,2018
54684,"Flat Rock Windpower, LLC",56290,Maple Ridge Wind Farm,NY,2,OP,Madison Windpower LLC,808 Travis Suite 700,Houston,TX,77002,49880,0.5,2018
54684,"Flat Rock Windpower, LLC",56290,Maple Ridge Wind Farm,NY,3,OP,Avangrid Renewables LLC,"1125 NW Couch , Ste. 700",Portland,OR,97209,15399,0.5,2018
54684,"Flat Rock Windpower, LLC",56290,Maple Ridge Wind Farm,NY,3,OP,EDP Renewables North America LLC,808 Travis S St. Suite 700,Houston,TX,77002,61757,0.5,2018
56545,Pattern Operators LP,56370,Ecogen Wind,NY,1,CN,Ecogen Wind LLC,2 Harrison Street6th Floor,San Francisco,CA,94105,56047,1.0,2018
55868,Noble Wind Operations LLC,56618,Noble Clinton Windpark LLC,NY,1,OP,Noble Environmental Power,8Railroad Avenue,Essex,CT,6426,55869,1.0,2018
55868,Noble Wind Operations LLC,56619,Noble Ellenburg Windpark LLC,NY,1,OP,Noble Environmental Power,8Railroad Avenue,Essex,CT,6426,55869,1.0,2018
55868,Noble Wind Operations LLC,56620,Noble Bliss Windpark LLC,NY,1,OP,Noble Environmental Power,8Railroad Avenue,Essex,CT,6426,55869,1.0,2018
55868,Noble Wind Operations LLC,56901,Noble Altona Windpark LLC,NY,1,OP,Noble Environmental Power,8Railroad Avenue,Essex,CT,6426,55869,1.0,2018
55868,Noble Wind Operations LLC,56902,Noble Wethersfield Windpark LLC,NY,1,OP,Noble Environmental Power,8Railroad Avenue,Essex,CT,6426,55869,1.0,2018
55868,Noble Wind Operations LLC,56904,Noble Chateaugay Windpark LLC,NY,1,OP,Noble Environmental Power,8Railroad Avenue,Essex,CT,6426,55869,1.0,2018
50158,Innovative Energy Systems Inc,56986,Clinton LFGTE Facility,NY,GEN1,OP,Casella Waste Systems,,,,,34466,1.0,2018
50158,Innovative Energy Systems Inc,56986,Clinton LFGTE Facility,NY,GEN2,OP,Casella Waste Systems,,,,,34466,1.0,2018
50158,Innovative Energy Systems Inc,56986,Clinton LFGTE Facility,NY,GEN3,OP,Casella Waste Systems,,,,,34466,1.0,2018
50158,Innovative Energy Systems Inc,56986,Clinton LFGTE Facility,NY,GEN4,OP,Casella Waste Systems,,,,,34466,1.0,2018
50158,Innovative Energy Systems Inc,56987,Hyland LFGTE Facility,NY,GEN1,OP,Casella Waste Systems,,,,,34466,1.0,2018
50158,Innovative Energy Systems Inc,56987,Hyland LFGTE Facility,NY,GEN2,OP,Casella Waste Systems,,,,,34466,1.0,2018
50158,Innovative Energy Systems Inc,56987,Hyland LFGTE Facility,NY,GEN3,OP,Casella Waste Systems,,,,,34466,1.0,2018
50158,Innovative Energy Systems Inc,56987,Hyland LFGTE Facility,NY,GEN4,IP,Casella Waste Systems,,,,,34466,1.0,2018
56534,Cricket Valley Energy Center LLC,57185,Cricket Valley Energy,NY,U001,V,Cricket Valley Energy Holdings LLC,31 Milk St,Boston,MA,2109,62096,1.0,2018
56534,Cricket Valley Energy Center LLC,57185,Cricket Valley Energy,NY,U002,V,Cricket Valley Energy Holdings LLC,31 Milk St,Boston,MA,2109,62096,1.0,2018
56534,Cricket Valley Energy Center LLC,57185,Cricket Valley Energy,NY,U003,V,Cricket Valley Energy Holdings LLC,31 Milk St,Boston,MA,2109,62096,1.0,2018
56534,Cricket Valley Energy Center LLC,57185,Cricket Valley Energy,NY,U004,V,Cricket Valley Energy Holdings LLC,31 Milk St,Boston,MA,2109,62096,1.0,2018
56534,Cricket Valley Energy Center LLC,57185,Cricket Valley Energy,NY,U005,V,Cricket Valley Energy Holdings LLC,31 Milk St,Boston,MA,2109,62096,1.0,2018
56534,Cricket Valley Energy Center LLC,57185,Cricket Valley Energy,NY,U006,V,Cricket Valley Energy Holdings LLC,31 Milk St,Boston,MA,2109,62096,1.0,2018
50158,Innovative Energy Systems Inc,57186,Chautauqua LFGTE Facility,NY,GEN1,OP,Chautauqua County,3889 Towerville Road,Jamestown,NY,14701,56553,1.0,2018
50158,Innovative Energy Systems Inc,57186,Chautauqua LFGTE Facility,NY,GEN2,OP,Chautauqua County,3889 Towerville Road,Jamestown,NY,14701,56553,1.0,2018
50158,Innovative Energy Systems Inc,57186,Chautauqua LFGTE Facility,NY,GEN3,OP,Chautauqua County,3889 Towerville Road,Jamestown,NY,14701,56553,1.0,2018
50158,Innovative Energy Systems Inc,57186,Chautauqua LFGTE Facility,NY,GEN4,OP,Chautauqua County,3889 Towerville Road,Jamestown,NY,14701,56553,1.0,2018
50158,Innovative Energy Systems Inc,57186,Chautauqua LFGTE Facility,NY,GEN5,OP,Chautauqua County,3889 Towerville Road,Jamestown,NY,14701,56553,1.0,2018
50158,Innovative Energy Systems Inc,57186,Chautauqua LFGTE Facility,NY,GEN6,OP,Chautauqua County,3889 Towerville Road,Jamestown,NY,14701,56553,1.0,2018
56545,Pattern Operators LP,57193,Ripley Westfield Wind LLC,NY,WTG,CN,Ripley Westfield Wind LLC,"Pier 1, Bay 3",San Francisco,CA,94111,56557,1.0,2018
61978,Convergent Energy and Power LP,57710,Stephentown Spindle,NY,SRS1,OP,Stephentown Spindle LLC,"7 Times Square, Suite 3504",New York,NY,10036,57035,1.0,2018
50158,Innovative Energy Systems Inc,58295,SREC Bath LFGTE,NY,GEN1,OP,"Steuben Rural Elec Coop, Inc",9 Wilson Avenue,Bath,NY,14810,18102,1.0,2018
50158,Innovative Energy Systems Inc,58295,SREC Bath LFGTE,NY,GEN2,OP,"Steuben Rural Elec Coop, Inc",9 Wilson Avenue,Bath,NY,14810,18102,1.0,2018
58383,CH4 Biogas LLC,58399,Synergy Biogas,NY,1,OP,Synergy Biogas LLC,319 First Street,Atlantic Beach,FL,32233,58386,1.0,2018
60947,Tesla Inc.,59789,Millbrook School,NY,PV1,OP,"Three Rivers Solar I, LLC",3055 Clearview Way,San Mateo,CA,94402,59567,1.0,2018
60947,Tesla Inc.,60097,Onondaga County - Metro Water Board,NY,PV1,OP,"Dom Solar Lessor I, LP",,San Mateo,CA,94402,59865,1.0,2018
60947,Tesla Inc.,60098,Onondaga County - Oak Orchard WWTP,NY,PV1,OP,"Dom Solar Lessor I, LP",,San Mateo,CA,94402,59865,1.0,2018
60947,Tesla Inc.,60114,Oneida County- DPW,NY,PV1,OP,"Dom Solar Lessor I, LP",,San Mateo,CA,94402,59865,1.0,2018
60947,Tesla Inc.,60115,Town of Halfmoon,NY,PV1,OP,"Dom Solar Lessor I, LP",,San Mateo,CA,94402,59865,1.0,2018
60947,Tesla Inc.,60229,Orange County Solar Farm (NY),NY,PV1,OP,"Three Rivers Solar I, LLC",3055 Clearview Way,San Mateo,CA,94402,59567,1.0,2018
60947,Tesla Inc.,60232,Onondaga County- Jamesville,NY,PV1,OP,"Three Rivers Solar I, LLC",3055 Clearview Way,San Mateo,CA,94402,59567,1.0,2018
60163,Soltage LLC,60365,Vulcraft Solar,NY,VULC,OP,"Soltage VUL 1600 Chemung, LLC",66 York St. 5th Floor,Jersey City,NJ,7302,60800,1.0,2018
60947,Tesla Inc.,60462,Onondaga County- Clearwater,NY,PV1,OP,"Dom Solar Lessor I, LP",,San Mateo,CA,94402,59865,1.0,2018
60947,Tesla Inc.,60463,Greene County Meter #1,NY,PV1,OP,"Dom Solar Lessor I, LP",,San Mateo,CA,94402,59865,1.0,2018
60947,Tesla Inc.,60507,Broome County,NY,NORTH,OP,"Dom Solar Lessor I, LP",,San Mateo,CA,94402,59865,1.0,2018
60947,Tesla Inc.,60507,Broome County,NY,SOUTH,OP,"Dom Solar Lessor I, LP",,San Mateo,CA,94402,59865,1.0,2018
60947,Tesla Inc.,60817,Sullivan County - Adult Care Solar,NY,PV1,OP,"Dom Solar Lessor I, LP",,San Mateo,CA,94402,59865,1.0,2018
60584,Onyx Asset Services Group,60967,Onyx - Lamphear Road CSG,NY,10016,OP,Janus Solar Fund LP,230 Park Avenue,New York,NY,10169,60820,1.0,2018
54842,WM Renewable Energy LLC,61012,Mill Seat Renewable Energy Facility,NY,GEN1,OP,Monroe County (NY),"50 West Main Street, Suite 7100",Rochester,NY,14614,60791,1.0,2018
54842,WM Renewable Energy LLC,61012,Mill Seat Renewable Energy Facility,NY,GEN2,OP,Monroe County (NY),"50 West Main Street, Suite 7100",Rochester,NY,14614,60791,1.0,2018
54842,WM Renewable Energy LLC,61012,Mill Seat Renewable Energy Facility,NY,GEN3,OP,Monroe County (NY),"50 West Main Street, Suite 7100",Rochester,NY,14614,60791,1.0,2018
54842,WM Renewable Energy LLC,61012,Mill Seat Renewable Energy Facility,NY,GEN4,OP,Monroe County (NY),"50 West Main Street, Suite 7100",Rochester,NY,14614,60791,1.0,2018
54842,WM Renewable Energy LLC,61012,Mill Seat Renewable Energy Facility,NY,GEN5,OP,Monroe County (NY),"50 West Main Street, Suite 7100",Rochester,NY,14614,60791,1.0,2018
54842,WM Renewable Energy LLC,61012,Mill Seat Renewable Energy Facility,NY,GEN6,OP,Monroe County (NY),"50 West Main Street, Suite 7100",Rochester,NY,14614,60791,1.0,2018
54842,WM Renewable Energy LLC,61012,Mill Seat Renewable Energy Facility,NY,GEN7,OP,Monroe County (NY),"50 West Main Street, Suite 7100",Rochester,NY,14614,60791,1.0,2018
54842,WM Renewable Energy LLC,61012,Mill Seat Renewable Energy Facility,NY,GEN8,OP,Monroe County (NY),"50 West Main Street, Suite 7100",Rochester,NY,14614,60791,1.0,2018
58756,Albany Engineering Corporation,61207,Green Island Hydroelectric Station,NY,UNIT1,OP,Green Island Power Authority,69 Hudson Ave,Green Island,NY,12083,60852,1.0,2018
58756,Albany Engineering Corporation,61207,Green Island Hydroelectric Station,NY,UNIT2,OP,Green Island Power Authority,69 Hudson Ave,Green Island,NY,12083,60852,1.0,2018
58756,Albany Engineering Corporation,61207,Green Island Hydroelectric Station,NY,UNIT3,OP,Green Island Power Authority,69 Hudson Ave,Green Island,NY,12083,60852,1.0,2018
58756,Albany Engineering Corporation,61207,Green Island Hydroelectric Station,NY,UNIT4,OP,Green Island Power Authority,69 Hudson Ave,Green Island,NY,12083,60852,1.0,2018
60584,Onyx Asset Services Group,61724,Onyx - Saratoga Springs Landfill Solar CSG,NY,10254,OP,Solar Mission SunE LLC,230 Park Avenue,New York,NY,10169,61360,1.0,2018
60584,Onyx Asset Services Group,61847,Broadalbin,NY,10046,OP,GenE Solar I LLC,230 Park Avenue,New York,NY,10169,61463,1.0,2018
60584,Onyx Asset Services Group,61863,Duanesburg,NY,10048,OP,GenE Solar I LLC,230 Park Avenue,New York,NY,10169,61463,1.0,2018
60584,Onyx Asset Services Group,61888,Johnstown,NY,10049,OP,GenE Solar I LLC,230 Park Avenue,New York,NY,10169,61463,1.0,2018
60584,Onyx Asset Services Group,61903,Sharon Springs,NY,10116,OP,GenE Solar I LLC,230 Park Avenue,New York,NY,10169,61463,1.0,2018
60584,Onyx Asset Services Group,61904,Amsterdam North,NY,10044,OP,GenE Solar I LLC,230 Park Avenue,New York,NY,10169,61463,1.0,2018
60584,Onyx Asset Services Group,61905,Amsterdam South,NY,10045,OP,GenE Solar I LLC,230 Park Avenue,New York,NY,10169,61463,1.0,2018
57128,Bloom Energy,62456,Regeneron Tarrytown,NY,RGP00,OP,Key Equipment Finance,1000 McCaslin Blvd,Superior,CO,80027,62002,1.0,2018
57128,Bloom Energy,62572,ATT Jericho,NY,ATT49,OP,New York Community Bank,615 Merrick Avenue,Westbury,NY,11590,62125,1.0,2018
57128,Bloom Energy,62576,MER Queens,NY,MER01,OP,KeyBank,127 Public Square,Cleveland,OH,44114,60948,1.0,2018
59474,BQ Energy LLC,62721,Steel Sun 2: 2303-III-9 Hamburg Tpke,NY,SS29,V,BQ Energy LLC,47 S. Hamilton Street,Poughkeepsie,NY,12601,59474,0.06,2018
59474,BQ Energy LLC,62721,Steel Sun 2: 2303-III-9 Hamburg Tpke,NY,SS29,V,"JSF Energy, LLC","400 Market Industrial Park, Suite 32",Wappingers Falls,NY,12590,62750,0.06,2018
59474,BQ Energy LLC,62721,Steel Sun 2: 2303-III-9 Hamburg Tpke,NY,SS29,V,Renewable Strategies LLC,"400 Market Industrial Park, Suite 32",Wappingers Falls,NY,12590,62751,0.06,2018
59474,BQ Energy LLC,62721,Steel Sun 2: 2303-III-9 Hamburg Tpke,NY,SS29,V,Jarlene Development LLC,One World Trade Center Suite 8500,New York,NY,10007,62754,0.76,2018
59474,BQ Energy LLC,62721,Steel Sun 2: 2303-III-9 Hamburg Tpke,NY,SS29,V,"1951 Hamburg Turnpike, LLC",423 W. Riverside Drive,Olean,NY,14760,62755,0.06,2018
59474,BQ Energy LLC,62722,Steel Sun 2: 2303-III-4 Hamburg Tpke,NY,SS24,V,BQ Energy LLC,47 S. Hamilton Street,Poughkeepsie,NY,12601,59474,0.06,2018
59474,BQ Energy LLC,62722,Steel Sun 2: 2303-III-4 Hamburg Tpke,NY,SS24,V,"JSF Energy, LLC","400 Market Industrial Park, Suite 32",Wappingers Falls,NY,12590,62750,0.06,2018
59474,BQ Energy LLC,62722,Steel Sun 2: 2303-III-4 Hamburg Tpke,NY,SS24,V,Renewable Strategies LLC,"400 Market Industrial Park, Suite 32",Wappingers Falls,NY,12590,62751,0.06,2018
59474,BQ Energy LLC,62722,Steel Sun 2: 2303-III-4 Hamburg Tpke,NY,SS24,V,Jarlene Development LLC,One World Trade Center Suite 8500,New York,NY,10007,62754,0.76,2018
59474,BQ Energy LLC,62722,Steel Sun 2: 2303-III-4 Hamburg Tpke,NY,SS24,V,"1951 Hamburg Turnpike, LLC",423 W. Riverside Drive,Olean,NY,14760,62755,0.06,2018
59474,BQ Energy LLC,62723,Steel Sun 2: 2303-III-2 Hamburg Tpke,NY,SS22,V,BQ Energy LLC,47 S. Hamilton Street,Poughkeepsie,NY,12601,59474,0.06,2018
59474,BQ Energy LLC,62723,Steel Sun 2: 2303-III-2 Hamburg Tpke,NY,SS22,V,"JSF Energy, LLC","400 Market Industrial Park, Suite 32",Wappingers Falls,NY,12590,62750,0.06,2018
59474,BQ Energy LLC,62723,Steel Sun 2: 2303-III-2 Hamburg Tpke,NY,SS22,V,Renewable Strategies LLC,"400 Market Industrial Park, Suite 32",Wappingers Falls,NY,12590,62751,0.06,2018
59474,BQ Energy LLC,62723,Steel Sun 2: 2303-III-2 Hamburg Tpke,NY,SS22,V,Jarlene Development LLC,One World Trade Center Suite 8500,New York,NY,10007,62754,0.76,2018
59474,BQ Energy LLC,62723,Steel Sun 2: 2303-III-2 Hamburg Tpke,NY,SS22,V,"1951 Hamburg Turnpike, LLC",423 W. Riverside Drive,Olean,NY,14760,62755,0.06,2018
59474,BQ Energy LLC,62724,Homer Street West,NY,HSW,V,BQ Energy LLC,47 S. Hamilton Street,Poughkeepsie,NY,12601,59474,0.25,2018
59474,BQ Energy LLC,62724,Homer Street West,NY,HSW,V,"JSF Energy, LLC","400 Market Industrial Park, Suite 32",Wappingers Falls,NY,12590,62750,0.25,2018
59474,BQ Energy LLC,62724,Homer Street West,NY,HSW,V,Renewable Strategies LLC,"400 Market Industrial Park, Suite 32",Wappingers Falls,NY,12590,62751,0.25,2018
59474,BQ Energy LLC,62724,Homer Street West,NY,HSW,V,Olean Gateway Turnkey LLC,423 W. Riverside Drive,Olean,NY,14760,62753,0.25,2018
59474,BQ Energy LLC,62725,Homer Street East,NY,HSE,V,BQ Energy LLC,47 S. Hamilton Street,Poughkeepsie,NY,12601,59474,0.25,2018
59474,BQ Energy LLC,62725,Homer Street East,NY,HSE,V,"JSF Energy, LLC","400 Market Industrial Park, Suite 32",Wappingers Falls,NY,12590,62750,0.25,2018
59474,BQ Energy LLC,62725,Homer Street East,NY,HSE,V,Renewable Strategies LLC,"400 Market Industrial Park, Suite 32",Wappingers Falls,NY,12590,62751,0.25,2018
59474,BQ Energy LLC,62725,Homer Street East,NY,HSE,V,Olean Gateway Turnkey LLC,423 W. Riverside Drive,Olean,NY,14760,62753,0.25,2018
62709,Bakerstand Solar LLC,62811,Bakerstand Solar (NY),NY,BKSTD,P,"Empire Renewables, LLC",300 International Dr. Suite 100,Williamsville,NY,14221,62702,1.0,2018
15296,New York Power Authority,2483,Neversink,NY,H1,OP,City of New York,Unknown,New York,NY,10036,55842,1.0,2019
13192,NRG Arthur Kill Operations Inc,2490,Arthur Kill Generating Station,NY,2,OP,Arthur Kill Power LLC,4401 Victory Blvd,Staten Island,NY,10314,22846,1.0,2019
13192,NRG Arthur Kill Operations Inc,2490,Arthur Kill Generating Station,NY,3,OP,Arthur Kill Power LLC,4401 Victory Blvd,Staten Island,NY,10314,22846,1.0,2019
13192,NRG Arthur Kill Operations Inc,2490,Arthur Kill Generating Station,NY,GT1,OP,Arthur Kill Power LLC,4401 Victory Blvd,Staten Island,NY,10314,22846,1.0,2019
13579,Dunkirk Power LLC,2554,Dunkirk Generating Plant,NY,1,OS,"NRG Energy, Inc","300 Carnegie Center, Suite 300",Princenton,NJ,8540,13377,1.0,2019
13579,Dunkirk Power LLC,2554,Dunkirk Generating Plant,NY,2,OS,"NRG Energy, Inc","300 Carnegie Center, Suite 300",Princenton,NJ,8540,13377,1.0,2019
13579,Dunkirk Power LLC,2554,Dunkirk Generating Plant,NY,3,OS,"NRG Energy, Inc","300 Carnegie Center, Suite 300",Princenton,NJ,8540,13377,1.0,2019
13579,Dunkirk Power LLC,2554,Dunkirk Generating Plant,NY,ST4,OS,"NRG Energy, Inc","300 Carnegie Center, Suite 300",Princenton,NJ,8540,13377,1.0,2019
5914,Erie Boulevard Hydropower LP,2576,Higley,NY,2,RE,BRASCAN Power Corporation,480m Boul. de la CiteGatineau,Quebec,CN,J8T,50008,1.0,2019
5914,Erie Boulevard Hydropower LP,2576,Higley,NY,3,RE,BRASCAN Power Corporation,480m Boul. de la CiteGatineau,Quebec,CN,J8T,50008,1.0,2019
55951,Exelon Nuclear,2589,Nine Mile Point Nuclear Station,NY,1,OP,Exelon Nuclear,4300 Winfield Road,Warrenville,IL,60555,55951,0.5001,2019
55951,Exelon Nuclear,2589,Nine Mile Point Nuclear Station,NY,1,OP,Electricity de France,"5404 Wisconsin Avenue, Suite 400",Chevy Chase,MD,20815,60043,0.4999,2019
55951,Exelon Nuclear,2589,Nine Mile Point Nuclear Station,NY,2,OP,Long Island Power Authority,333 Earle Ovington Boulevard,Uniondale,NY,11553,11171,0.18,2019
55951,Exelon Nuclear,2589,Nine Mile Point Nuclear Station,NY,2,OP,Exelon Nuclear,4300 Winfield Road,Warrenville,IL,60555,55951,0.4101,2019
55951,Exelon Nuclear,2589,Nine Mile Point Nuclear Station,NY,2,OP,Electricity de France,"5404 Wisconsin Avenue, Suite 400",Chevy Chase,MD,20815,60043,0.4099,2019
15296,New York Power Authority,2627,Grahamsville,NY,GRHM,OP,City of New York,Unknown,New York,NY,10036,55842,1.0,2019
55951,Exelon Nuclear,6122,R E Ginna Nuclear Power Plant,NY,1,OP,Exelon Nuclear,4300 Winfield Road,Warrenville,IL,60555,55951,0.5001,2019
55951,Exelon Nuclear,6122,R E Ginna Nuclear Power Plant,NY,1,OP,Electricity de France,"5404 Wisconsin Avenue, Suite 400",Chevy Chase,MD,20815,60043,0.4999,2019
5624,"RED-Rochester, LLC",10025,"RED-Rochester, LLC",NY,12TG,RE,Dean Baughman Industrial Services,5704 Industrial Road,Fort Wayne,IN,46825,56569,1.0,2019
60741,Fortistar Castleton Power,10190,Castleton Energy Center,NY,GEN2,OP,Castleton Energy Center,1902 River Rd,Castleton,NY,12033,56517,1.0,2019
11270,Lower Saranac Hydro Partner LP,10214,Lower Saranac Hydroelectric Facility,NY,GEN1,OP,Lower Saranac Corp,,,,,34553,0.01,2019
11270,Lower Saranac Hydro Partner LP,10214,Lower Saranac Hydroelectric Facility,NY,GEN1,OP,"Twin Saranac Holdings, LLC.",One Tech Drive,Andover,MA,1810,50060,0.99,2019
11270,Lower Saranac Hydro Partner LP,10214,Lower Saranac Hydroelectric Facility,NY,GEN2,OP,Lower Saranac Corp,,,,,34553,0.01,2019
11270,Lower Saranac Hydro Partner LP,10214,Lower Saranac Hydroelectric Facility,NY,GEN2,OP,"Twin Saranac Holdings, LLC.",One Tech Drive,Andover,MA,1810,50060,0.99,2019
11270,Lower Saranac Hydro Partner LP,10214,Lower Saranac Hydroelectric Facility,NY,GEN3,OP,"Enel North America, Inc.",One Tech Drive,Andover,MA,1810,49932,1.0,2019
55754,Boralex Hydro Operations Inc,10218,Warrensburg Hydroelectric,NY,HY1,OP,Warrensburg Hydro Power LP,39 Hudson Falls Road,South Glens Falls,NY,12803,20118,0.98,2019
55754,Boralex Hydro Operations Inc,10218,Warrensburg Hydroelectric,NY,HY1,OP,Warrensburg II Corporation,"c/o Boralex Inc. 900, de Maisonneuve Boulevard West  Maison Manuvie - 24th floor",Montreal,QC,H3AOA8,60665,0.02,2019
55754,Boralex Hydro Operations Inc,10219,Middle Falls Hydro,NY,HY1,OP,Middle Falls Ltd Partnership,39 Hudson Falls Road,South Glens Falls,NY,12803,12481,0.98,2019
55754,Boralex Hydro Operations Inc,10219,Middle Falls Hydro,NY,HY1,OP,"Boralex Middle Falls, LLC","c/o Boralex Inc. 900, de Maisonneuve Boulevard West  Maison Manuvie",Montreal,QC,H3AOA8,60680,0.02,2019
55754,Boralex Hydro Operations Inc,10219,Middle Falls Hydro,NY,HY2,OP,Middle Falls Ltd Partnership,39 Hudson Falls Road,South Glens Falls,NY,12803,12481,0.98,2019
55754,Boralex Hydro Operations Inc,10219,Middle Falls Hydro,NY,HY2,OP,"Boralex Middle Falls, LLC","c/o Boralex Inc. 900, de Maisonneuve Boulevard West  Maison Manuvie",Montreal,QC,H3AOA8,60680,0.02,2019
55754,Boralex Hydro Operations Inc,10220,Sissonville Hydro,NY,HY1,OP,Sissonville Ltd Partnership,39 Hudson Falls Road,South Glens Falls,NY,12803,17272,0.98,2019
55754,Boralex Hydro Operations Inc,10220,Sissonville Hydro,NY,HY1,OP,"Sissonville II, LLC","c/o Boralex Inc. 900, de Maisonneuve Boulevard West  Maison Manuvie",Montreal,QC,H3AOA8,60679,0.02,2019
55754,Boralex Hydro Operations Inc,10221,New York State Dam Hydro,NY,GEN1,OP,NYSD Ltd Partnership,39 Hudson Falls Road,South Glens Falls,NY,12803,44858,0.98,2019
55754,Boralex Hydro Operations Inc,10221,New York State Dam Hydro,NY,GEN1,OP,"State Dam II, LLC","c/o Boralex Inc. 900, de Maisonneuve Boulevard West  Maison Manuvie - 24th floor",Montreal,QC,H3AOA8,60666,0.02,2019
55754,Boralex Hydro Operations Inc,10221,New York State Dam Hydro,NY,GEN2,OP,NYSD Ltd Partnership,39 Hudson Falls Road,South Glens Falls,NY,12803,44858,0.98,2019
55754,Boralex Hydro Operations Inc,10221,New York State Dam Hydro,NY,GEN2,OP,"State Dam II, LLC","c/o Boralex Inc. 900, de Maisonneuve Boulevard West  Maison Manuvie - 24th floor",Montreal,QC,H3AOA8,60666,0.02,2019
55754,Boralex Hydro Operations Inc,10467,Fourth Branch Hydroelectric Facility,NY,1,OP,Adirondack Hydro-Fourth Branch LLC,39 Hudson Falls Road,South Glens Falls,NY,12803,59049,1.0,2019
34688,CHI Energy Inc,10687,Black River Hydro Associates,NY,DE1,OP,BT Capital,,,,,2455,0.015,2019
34688,CHI Energy Inc,10687,Black River Hydro Associates,NY,DE1,OP,CHI Energy Inc,680 Stamford Blvd 5th Floor,Stamford,CT,6901,38002,0.985,2019
34688,CHI Energy Inc,10687,Black River Hydro Associates,NY,PL1,OP,BT Capital,,,,,2455,0.015,2019
34688,CHI Energy Inc,10687,Black River Hydro Associates,NY,PL1,OP,CHI Energy Inc,680 Stamford Blvd 5th Floor,Stamford,CT,6901,38002,0.985,2019
34688,CHI Energy Inc,10687,Black River Hydro Associates,NY,RI1,OP,BT Capital,,,,,2455,0.015,2019
34688,CHI Energy Inc,10687,Black River Hydro Associates,NY,RI1,OP,CHI Energy Inc,680 Stamford Blvd 5th Floor,Stamford,CT,6901,38002,0.985,2019
16909,Selkirk Cogen Partners LP,10725,Selkirk Cogen,NY,GEN1,OP,Alterna Springerville  LLC,15 River Road,Wilton,CT,6897,56530,1.0,2019
16909,Selkirk Cogen Partners LP,10725,Selkirk Cogen,NY,GEN2,SB,Alterna Springerville  LLC,15 River Road,Wilton,CT,6897,56530,1.0,2019
16909,Selkirk Cogen Partners LP,10725,Selkirk Cogen,NY,GEN3,OP,Alterna Springerville  LLC,15 River Road,Wilton,CT,6897,56530,1.0,2019
16909,Selkirk Cogen Partners LP,10725,Selkirk Cogen,NY,GEN4,OP,Alterna Springerville  LLC,15 River Road,Wilton,CT,6897,56530,1.0,2019
16909,Selkirk Cogen Partners LP,10725,Selkirk Cogen,NY,GEN5,OP,Alterna Springerville  LLC,15 River Road,Wilton,CT,6897,56530,1.0,2019
40052,AG Energy LP,10803,Ogdensburg Power,NY,GEN1,RE,AG Energy Inc,,,,,34439,0.01,2019
40052,AG Energy LP,10803,Ogdensburg Power,NY,GEN1,RE,Iroqouis Power,,,,,34542,0.15,2019
40052,AG Energy LP,10803,Ogdensburg Power,NY,GEN1,RE,Alliance Energy Group LLC,PO Box 585,Ogdensburg,NY,13669,54771,0.84,2019
40052,AG Energy LP,10803,Ogdensburg Power,NY,GEN2,RE,AG Energy Inc,,,,,34439,0.01,2019
40052,AG Energy LP,10803,Ogdensburg Power,NY,GEN2,RE,Iroqouis Power,,,,,34542,0.15,2019
40052,AG Energy LP,10803,Ogdensburg Power,NY,GEN2,RE,Alliance Energy Group LLC,PO Box 585,Ogdensburg,NY,13669,54771,0.84,2019
40052,AG Energy LP,10803,Ogdensburg Power,NY,GEN3,OS,AG Energy LP,21 Entrance AvenuePO Box 585,Ogdensburg,NY,13669,40052,0.01,2019
40052,AG Energy LP,10803,Ogdensburg Power,NY,GEN3,OS,Alliance Energy Group LLC,PO Box 585,Ogdensburg,NY,13669,54771,0.99,2019
49997,"Consolidated Hydro New York, Inc.",10848,Walden,NY,GEN1,OP,"Walden Hydro, LLC",1 Tech Dr. Suite 220,Andover,MA,1810,60225,1.0,2019
49997,"Consolidated Hydro New York, Inc.",10848,Walden,NY,GEN2,OP,"Walden Hydro, LLC",1 Tech Dr. Suite 220,Andover,MA,1810,60225,1.0,2019
49997,"Consolidated Hydro New York, Inc.",10848,Walden,NY,GEN3,OP,"Walden Hydro, LLC",1 Tech Dr. Suite 220,Andover,MA,1810,60225,1.0,2019
21148,Zapco Energy Tactics Corp,50344,Smithtown Energy Partners LP,NY,SW1,RE,Smithtown Energy Partners LP,40 Tower Lane,Avon,CT,6001,17437,1.0,2019
21148,Zapco Energy Tactics Corp,50344,Smithtown Energy Partners LP,NY,SW2,RE,Smithtown Energy Partners LP,40 Tower Lane,Avon,CT,6001,17437,1.0,2019
24202,Carr Street Generating Sta LP,50978,Carr Street Generating Station,NY,GEN1,OP,BRASCAN Power Corporation,480m Boul. de la CiteGatineau,Quebec,CN,J8T,50008,1.0,2019
24202,Carr Street Generating Sta LP,50978,Carr Street Generating Station,NY,GEN2,OP,BRASCAN Power Corporation,480m Boul. de la CiteGatineau,Quebec,CN,J8T,50008,1.0,2019
24202,Carr Street Generating Sta LP,50978,Carr Street Generating Station,NY,GEN3,OP,BRASCAN Power Corporation,480m Boul. de la CiteGatineau,Quebec,CN,J8T,50008,1.0,2019
56601,Covanta MacArthur Renewable Energy,51038,MacArthur Waste to Energy Facility,NY,GEN1,OP,Islip Resource Recovery Agency,4001 Veterans Highway,Ronkonroma,NY,11779,9458,1.0,2019
19153,Nassau Energy Corp,52056,Nassau Energy Corp,NY,GT1,OP,Engie North America,1990 Post Oak BlvdSuite 1900,Houston,TX,77056,56201,1.0,2019
19153,Nassau Energy Corp,52056,Nassau Energy Corp,NY,ST1,OP,Engie North America,1990 Post Oak BlvdSuite 1900,Houston,TX,77056,56201,1.0,2019
10349,KIAC Partners,54114,Kennedy International Airport Cogen,NY,CT-3,IP,Westbrook Energy Center,Westbrook Energy Center717 Texas Avenue,Houston,TX,77002,2891,1.0,2019
10349,KIAC Partners,54114,Kennedy International Airport Cogen,NY,GEN1,OP,Calpine Corp,"700 Louisiana Street,  Suite 2700",Houston,TX,77002,2796,1.0,2019
10349,KIAC Partners,54114,Kennedy International Airport Cogen,NY,GEN2,OP,Calpine Corp,"700 Louisiana Street,  Suite 2700",Houston,TX,77002,2796,1.0,2019
10349,KIAC Partners,54114,Kennedy International Airport Cogen,NY,GEN3,OP,Calpine Corp,"700 Louisiana Street,  Suite 2700",Houston,TX,77002,2796,1.0,2019
50136,North American Energy Services,54131,Fortistar North Tonawanda,NY,GEN1,OP,Fortistar LLC,5087 Junction Rd,Lockport,NY,14094,6571,1.0,2019
50136,North American Energy Services,54131,Fortistar North Tonawanda,NY,GEN2,OP,Fortistar LLC,5087 Junction Rd,Lockport,NY,14094,6571,1.0,2019
17254,Sithe/Independence LLC,54547,Sithe Independence Station,NY,1,OP,Vistra Energy,6555 Sierra Drive,Irving,TX,75039,62723,1.0,2019
17254,Sithe/Independence LLC,54547,Sithe Independence Station,NY,2,OP,Vistra Energy,6555 Sierra Drive,Irving,TX,75039,62723,1.0,2019
17254,Sithe/Independence LLC,54547,Sithe Independence Station,NY,3,OP,Vistra Energy,6555 Sierra Drive,Irving,TX,75039,62723,1.0,2019
17254,Sithe/Independence LLC,54547,Sithe Independence Station,NY,4,OP,Vistra Energy,6555 Sierra Drive,Irving,TX,75039,62723,1.0,2019
17254,Sithe/Independence LLC,54547,Sithe Independence Station,NY,5,OP,Vistra Energy,6555 Sierra Drive,Irving,TX,75039,62723,1.0,2019
17254,Sithe/Independence LLC,54547,Sithe Independence Station,NY,6,OP,Vistra Energy,6555 Sierra Drive,Irving,TX,75039,62723,1.0,2019
55754,Boralex Hydro Operations Inc,54772,South Glens Falls Hydroelectric,NY,GEN1,OP,South Glens Falls LP,39 Hudson Falls Road,South Glens Falls,NY,12803,17679,0.005,2019
55754,Boralex Hydro Operations Inc,54772,South Glens Falls Hydroelectric,NY,GEN1,OP,"South Glens Falls, LLC","c/o Boralex Inc. 900, de Maisonneuve Boulevard West  Maison Manuvie - 24th floor",Montreal,QC,H3AOA8,60678,0.005,2019
55754,Boralex Hydro Operations Inc,54772,South Glens Falls Hydroelectric,NY,GEN1,OP,BPIF LLC,39 Hudson Falls RD,South Glens Falls,NY,12803,60683,0.99,2019
55754,Boralex Hydro Operations Inc,54772,South Glens Falls Hydroelectric,NY,GEN2,OP,South Glens Falls LP,39 Hudson Falls Road,South Glens Falls,NY,12803,17679,0.005,2019
55754,Boralex Hydro Operations Inc,54772,South Glens Falls Hydroelectric,NY,GEN2,OP,"South Glens Falls, LLC","c/o Boralex Inc. 900, de Maisonneuve Boulevard West  Maison Manuvie - 24th floor",Montreal,QC,H3AOA8,60678,0.005,2019
55754,Boralex Hydro Operations Inc,54772,South Glens Falls Hydroelectric,NY,GEN2,OP,BPIF LLC,39 Hudson Falls RD,South Glens Falls,NY,12803,60683,0.99,2019
2313,Brooklyn Navy Yard Cogen PLP,54914,Brooklyn Navy Yard Cogeneration,NY,01,OP,Energy Investors Fund II LP,,,,,34510,0.5844,2019
2313,Brooklyn Navy Yard Cogen PLP,54914,Brooklyn Navy Yard Cogeneration,NY,01,OP,Mission Energy of NY,,,,,34667,0.2078,2019
2313,Brooklyn Navy Yard Cogen PLP,54914,Brooklyn Navy Yard Cogeneration,NY,01,OP,B-41 Associates,,,,,34668,0.2078,2019
2313,Brooklyn Navy Yard Cogen PLP,54914,Brooklyn Navy Yard Cogeneration,NY,02,OP,Energy Investors Fund II LP,,,,,34510,0.1934,2019
2313,Brooklyn Navy Yard Cogen PLP,54914,Brooklyn Navy Yard Cogeneration,NY,02,OP,Mission Energy of NY,,,,,34667,0.4033,2019
2313,Brooklyn Navy Yard Cogen PLP,54914,Brooklyn Navy Yard Cogeneration,NY,02,OP,B-41 Associates,,,,,34668,0.4033,2019
2313,Brooklyn Navy Yard Cogen PLP,54914,Brooklyn Navy Yard Cogeneration,NY,03,OP,Energy Investors Fund II LP,,,,,34510,0.1934,2019
2313,Brooklyn Navy Yard Cogen PLP,54914,Brooklyn Navy Yard Cogeneration,NY,03,OP,Mission Energy of NY,,,,,34667,0.4033,2019
2313,Brooklyn Navy Yard Cogen PLP,54914,Brooklyn Navy Yard Cogeneration,NY,03,OP,B-41 Associates,,,,,34668,0.4033,2019
2313,Brooklyn Navy Yard Cogen PLP,54914,Brooklyn Navy Yard Cogeneration,NY,04,OP,Energy Investors Fund II LP,,,,,34510,0.1934,2019
2313,Brooklyn Navy Yard Cogen PLP,54914,Brooklyn Navy Yard Cogeneration,NY,04,OP,Mission Energy of NY,,,,,34667,0.4033,2019
2313,Brooklyn Navy Yard Cogen PLP,54914,Brooklyn Navy Yard Cogeneration,NY,04,OP,B-41 Associates,,,,,34668,0.4033,2019
55754,Boralex Hydro Operations Inc,54953,Hudson Falls Hydroelectric Project,NY,GEN1,OP,Northern Electric Power Co LP,39 Hudson Falls Road,South Glens Falls,NY,12803,13729,0.005,2019
55754,Boralex Hydro Operations Inc,54953,Hudson Falls Hydroelectric Project,NY,GEN1,OP,"Hudson Falls, LLC","c/o Boralex Inc. 900, de Maisonneuve Boulevard West  Maison Manuvie - 24th floor",Montreal,QC,H3AOA8,60677,0.005,2019
55754,Boralex Hydro Operations Inc,54953,Hudson Falls Hydroelectric Project,NY,GEN1,OP,BPIF LLC,39 Hudson Falls RD,South Glens Falls,NY,12803,60683,0.99,2019
55754,Boralex Hydro Operations Inc,54953,Hudson Falls Hydroelectric Project,NY,GEN2,OP,Northern Electric Power Co LP,39 Hudson Falls Road,South Glens Falls,NY,12803,13729,0.005,2019
55754,Boralex Hydro Operations Inc,54953,Hudson Falls Hydroelectric Project,NY,GEN2,OP,"Hudson Falls, LLC","c/o Boralex Inc. 900, de Maisonneuve Boulevard West  Maison Manuvie - 24th floor",Montreal,QC,H3AOA8,60677,0.005,2019
55754,Boralex Hydro Operations Inc,54953,Hudson Falls Hydroelectric Project,NY,GEN2,OP,BPIF LLC,39 Hudson Falls RD,South Glens Falls,NY,12803,60683,0.99,2019
49845,"Equus Power I, L.P.,",56032,Equus Freeport Power,NY,0001,OP,J Power USA Development Co Ltd,1900 East Golf Road,Schaumburg,IL,60173,56370,1.0,2019
49845,"Equus Power I, L.P.,",56032,Equus Freeport Power,NY,001,OP,J Power USA Development Co Ltd,1900 East Golf Road,Schaumburg,IL,60173,56370,1.0,2019
49837,Pinelawn Power LLC,56188,Pinelawn Power LLC,NY,CTG,OP,J Power USA Development Co Ltd,1900 East Golf Road,Schaumburg,IL,60173,56370,1.0,2019
49837,Pinelawn Power LLC,56188,Pinelawn Power LLC,NY,STG,OP,J Power USA Development Co Ltd,1900 East Golf Road,Schaumburg,IL,60173,56370,1.0,2019
54684,"Flat Rock Windpower, LLC",56290,Maple Ridge Wind Farm,NY,1,OP,Avangrid Renewables LLC,"1125 NW Couch , Ste. 700",Portland,OR,97209,15399,0.5,2019
54684,"Flat Rock Windpower, LLC",56290,Maple Ridge Wind Farm,NY,1,OP,EDP Renewables North America LLC,808 Travis S St. Suite 700,Houston,TX,77002,61757,0.5,2019
54684,"Flat Rock Windpower, LLC",56290,Maple Ridge Wind Farm,NY,1A,OP,Avangrid Renewables LLC,"1125 NW Couch , Ste. 700",Portland,OR,97209,15399,0.5,2019
54684,"Flat Rock Windpower, LLC",56290,Maple Ridge Wind Farm,NY,1A,OP,Madison Windpower LLC,808 Travis Suite 700,Houston,TX,77002,49880,0.5,2019
54684,"Flat Rock Windpower, LLC",56290,Maple Ridge Wind Farm,NY,2,OP,Avangrid Renewables LLC,"1125 NW Couch , Ste. 700",Portland,OR,97209,15399,0.5,2019
54684,"Flat Rock Windpower, LLC",56290,Maple Ridge Wind Farm,NY,2,OP,Madison Windpower LLC,808 Travis Suite 700,Houston,TX,77002,49880,0.5,2019
54684,"Flat Rock Windpower, LLC",56290,Maple Ridge Wind Farm,NY,3,OP,Avangrid Renewables LLC,"1125 NW Couch , Ste. 700",Portland,OR,97209,15399,0.5,2019
54684,"Flat Rock Windpower, LLC",56290,Maple Ridge Wind Farm,NY,3,OP,EDP Renewables North America LLC,808 Travis S St. Suite 700,Houston,TX,77002,61757,0.5,2019
56545,Pattern Operators LP,56370,Ecogen Wind,NY,1,CN,Ecogen Wind LLC,2 Harrison Street6th Floor,San Francisco,CA,94105,56047,1.0,2019
55868,Noble Wind Operations LLC,56618,Noble Clinton Windpark LLC,NY,1,OP,Noble Environmental Power,8Railroad Avenue,Essex,CT,6426,55869,1.0,2019
55868,Noble Wind Operations LLC,56619,Noble Ellenburg Windpark LLC,NY,1,OP,Noble Environmental Power,8Railroad Avenue,Essex,CT,6426,55869,1.0,2019
55868,Noble Wind Operations LLC,56620,Noble Bliss Windpark LLC,NY,1,OP,Noble Environmental Power,8Railroad Avenue,Essex,CT,6426,55869,1.0,2019
55868,Noble Wind Operations LLC,56901,Noble Altona Windpark LLC,NY,1,OP,Noble Environmental Power,8Railroad Avenue,Essex,CT,6426,55869,1.0,2019
55868,Noble Wind Operations LLC,56902,Noble Wethersfield Windpark LLC,NY,1,OP,Noble Environmental Power,8Railroad Avenue,Essex,CT,6426,55869,1.0,2019
55868,Noble Wind Operations LLC,56904,Noble Chateaugay Windpark LLC,NY,1,OP,Noble Environmental Power,8Railroad Avenue,Essex,CT,6426,55869,1.0,2019
50158,Innovative Energy Systems Inc,56986,Clinton LFGTE Facility,NY,GEN1,OP,Casella Waste Systems,25 Greens Hill Ln,Rutland,VT,5701,34466,1.0,2019
50158,Innovative Energy Systems Inc,56986,Clinton LFGTE Facility,NY,GEN2,OP,Casella Waste Systems,25 Greens Hill Ln,Rutland,VT,5701,34466,1.0,2019
50158,Innovative Energy Systems Inc,56986,Clinton LFGTE Facility,NY,GEN3,OP,Casella Waste Systems,25 Greens Hill Ln,Rutland,VT,5701,34466,1.0,2019
50158,Innovative Energy Systems Inc,56986,Clinton LFGTE Facility,NY,GEN4,OP,Casella Waste Systems,25 Greens Hill Ln,Rutland,VT,5701,34466,1.0,2019
50158,Innovative Energy Systems Inc,56987,Hyland LFGTE Facility,NY,GEN1,OP,Casella Waste Systems,25 Greens Hill Ln,Rutland,VT,5701,34466,1.0,2019
50158,Innovative Energy Systems Inc,56987,Hyland LFGTE Facility,NY,GEN2,OP,Casella Waste Systems,25 Greens Hill Ln,Rutland,VT,5701,34466,1.0,2019
50158,Innovative Energy Systems Inc,56987,Hyland LFGTE Facility,NY,GEN3,OP,Casella Waste Systems,25 Greens Hill Ln,Rutland,VT,5701,34466,1.0,2019
50158,Innovative Energy Systems Inc,56987,Hyland LFGTE Facility,NY,GEN4,CN,Casella Waste Systems,25 Greens Hill Ln,Rutland,VT,5701,34466,1.0,2019
56534,Cricket Valley Energy Center LLC,57185,Cricket Valley Energy,NY,U001,V,Cricket Valley Energy Holdings LLC,31 Milk St,Boston,MA,2109,62096,1.0,2019
56534,Cricket Valley Energy Center LLC,57185,Cricket Valley Energy,NY,U002,V,Cricket Valley Energy Holdings LLC,31 Milk St,Boston,MA,2109,62096,1.0,2019
56534,Cricket Valley Energy Center LLC,57185,Cricket Valley Energy,NY,U003,V,Cricket Valley Energy Holdings LLC,31 Milk St,Boston,MA,2109,62096,1.0,2019
56534,Cricket Valley Energy Center LLC,57185,Cricket Valley Energy,NY,U004,TS,Cricket Valley Energy Holdings LLC,31 Milk St,Boston,MA,2109,62096,1.0,2019
56534,Cricket Valley Energy Center LLC,57185,Cricket Valley Energy,NY,U005,TS,Cricket Valley Energy Holdings LLC,31 Milk St,Boston,MA,2109,62096,1.0,2019
56534,Cricket Valley Energy Center LLC,57185,Cricket Valley Energy,NY,U006,V,Cricket Valley Energy Holdings LLC,31 Milk St,Boston,MA,2109,62096,1.0,2019
50158,Innovative Energy Systems Inc,57186,Chautauqua LFGTE Facility,NY,GEN1,OP,Chautauqua County,3889 Towerville Road,Jamestown,NY,14701,56553,1.0,2019
50158,Innovative Energy Systems Inc,57186,Chautauqua LFGTE Facility,NY,GEN2,OP,Chautauqua County,3889 Towerville Road,Jamestown,NY,14701,56553,1.0,2019
50158,Innovative Energy Systems Inc,57186,Chautauqua LFGTE Facility,NY,GEN3,OP,Chautauqua County,3889 Towerville Road,Jamestown,NY,14701,56553,1.0,2019
50158,Innovative Energy Systems Inc,57186,Chautauqua LFGTE Facility,NY,GEN4,OP,Chautauqua County,3889 Towerville Road,Jamestown,NY,14701,56553,1.0,2019
50158,Innovative Energy Systems Inc,57186,Chautauqua LFGTE Facility,NY,GEN5,OP,Chautauqua County,3889 Towerville Road,Jamestown,NY,14701,56553,1.0,2019
50158,Innovative Energy Systems Inc,57186,Chautauqua LFGTE Facility,NY,GEN6,OP,Chautauqua County,3889 Towerville Road,Jamestown,NY,14701,56553,1.0,2019
56545,Pattern Operators LP,57193,Ripley Westfield Wind LLC,NY,WTG,CN,Ripley Westfield Wind LLC,"Pier 1, Bay 3",San Francisco,CA,94111,56557,1.0,2019
61978,Convergent Energy and Power LP,57710,Stephentown Spindle,NY,SRS1,OP,Stephentown Spindle LLC,"7 Times Square, Suite 3504",New York,NY,10036,57035,1.0,2019
56215,RWE Renewables Americas LLC,57867,Howard Wind Farm,NY,1,OP,BlackRock Inc.,40 East 52nd St.,New York,NY,10022,61975,1.0,2019
56215,RWE Renewables Americas LLC,57867,Howard Wind Farm,NY,2,OP,BlackRock Inc.,40 East 52nd St.,New York,NY,10022,61975,1.0,2019
50158,Innovative Energy Systems Inc,58295,SREC Bath LFGTE,NY,GEN1,RE,"Steuben Rural Elec Coop, Inc",9 Wilson Avenue,Bath,NY,14810,18102,1.0,2019
50158,Innovative Energy Systems Inc,58295,SREC Bath LFGTE,NY,GEN2,RE,"Steuben Rural Elec Coop, Inc",9 Wilson Avenue,Bath,NY,14810,18102,1.0,2019
58383,CH4 Biogas LLC,58399,Synergy Biogas,NY,1,OP,Synergy Biogas LLC,319 First Street,Atlantic Beach,FL,32233,58386,1.0,2019
60947,Tesla Inc.,59789,Millbrook School,NY,PV1,OP,"Three Rivers Solar I, LLC",3055 Clearview Way,San Mateo,CA,94402,59567,1.0,2019
60947,Tesla Inc.,60097,Onondaga County - Metro Water Board,NY,PV1,OP,"Dom Solar Lessor I, LP",,San Mateo,CA,94402,59865,1.0,2019
60947,Tesla Inc.,60098,Onondaga County - Oak Orchard WWTP,NY,PV1,OP,"Dom Solar Lessor I, LP",,San Mateo,CA,94402,59865,1.0,2019
60947,Tesla Inc.,60114,Oneida County- DPW,NY,PV1,OP,"Dom Solar Lessor I, LP",,San Mateo,CA,94402,59865,1.0,2019
60947,Tesla Inc.,60115,Town of Halfmoon,NY,PV1,OP,"Dom Solar Lessor I, LP",,San Mateo,CA,94402,59865,1.0,2019
60947,Tesla Inc.,60229,Orange County Solar Farm (NY),NY,PV1,OP,"Three Rivers Solar I, LLC",3055 Clearview Way,San Mateo,CA,94402,59567,1.0,2019
60947,Tesla Inc.,60232,Onondaga County- Jamesville,NY,PV1,OP,"Three Rivers Solar I, LLC",3055 Clearview Way,San Mateo,CA,94402,59567,1.0,2019
60163,Soltage LLC,60365,Vulcraft Solar,NY,VULC,OP,"Soltage VUL 1600 Chemung, LLC",66 York St. 5th Floor,Jersey City,NJ,7302,60800,1.0,2019
60947,Tesla Inc.,60462,Onondaga County- Clearwater,NY,PV1,OP,"Dom Solar Lessor I, LP",,San Mateo,CA,94402,59865,1.0,2019
60947,Tesla Inc.,60463,Greene County Meter #1,NY,PV1,OP,"Dom Solar Lessor I, LP",,San Mateo,CA,94402,59865,1.0,2019
60947,Tesla Inc.,60507,Broome County,NY,NORTH,OP,"Dom Solar Lessor I, LP",,San Mateo,CA,94402,59865,1.0,2019
60947,Tesla Inc.,60507,Broome County,NY,SOUTH,OP,"Dom Solar Lessor I, LP",,San Mateo,CA,94402,59865,1.0,2019
60947,Tesla Inc.,60817,Sullivan County - Adult Care Solar,NY,PV1,OP,"Dom Solar Lessor I, LP",,San Mateo,CA,94402,59865,1.0,2019
60584,Onyx Asset Services Group,60967,Onyx - Lamphear Road CSG,NY,10016,OP,Janus Solar Fund LP,230 Park Avenue,New York,NY,10169,60820,1.0,2019
54842,WM Renewable Energy LLC,61012,Mill Seat Renewable Energy Facility,NY,GEN1,OP,Monroe County (NY),"50 West Main Street, Suite 7100",Rochester,NY,14614,60791,1.0,2019
54842,WM Renewable Energy LLC,61012,Mill Seat Renewable Energy Facility,NY,GEN2,OP,Monroe County (NY),"50 West Main Street, Suite 7100",Rochester,NY,14614,60791,1.0,2019
54842,WM Renewable Energy LLC,61012,Mill Seat Renewable Energy Facility,NY,GEN3,OP,Monroe County (NY),"50 West Main Street, Suite 7100",Rochester,NY,14614,60791,1.0,2019
54842,WM Renewable Energy LLC,61012,Mill Seat Renewable Energy Facility,NY,GEN4,OP,Monroe County (NY),"50 West Main Street, Suite 7100",Rochester,NY,14614,60791,1.0,2019
54842,WM Renewable Energy LLC,61012,Mill Seat Renewable Energy Facility,NY,GEN5,OP,Monroe County (NY),"50 West Main Street, Suite 7100",Rochester,NY,14614,60791,1.0,2019
54842,WM Renewable Energy LLC,61012,Mill Seat Renewable Energy Facility,NY,GEN6,OP,Monroe County (NY),"50 West Main Street, Suite 7100",Rochester,NY,14614,60791,1.0,2019
54842,WM Renewable Energy LLC,61012,Mill Seat Renewable Energy Facility,NY,GEN7,OP,Monroe County (NY),"50 West Main Street, Suite 7100",Rochester,NY,14614,60791,1.0,2019
54842,WM Renewable Energy LLC,61012,Mill Seat Renewable Energy Facility,NY,GEN8,OP,Monroe County (NY),"50 West Main Street, Suite 7100",Rochester,NY,14614,60791,1.0,2019
58756,Albany Engineering Corporation,61207,Green Island Hydroelectric Station,NY,UNIT1,OP,Green Island Power Authority,69 Hudson Ave,Green Island,NY,12083,60852,1.0,2019
58756,Albany Engineering Corporation,61207,Green Island Hydroelectric Station,NY,UNIT2,OP,Green Island Power Authority,69 Hudson Ave,Green Island,NY,12083,60852,1.0,2019
58756,Albany Engineering Corporation,61207,Green Island Hydroelectric Station,NY,UNIT3,OP,Green Island Power Authority,69 Hudson Ave,Green Island,NY,12083,60852,1.0,2019
58756,Albany Engineering Corporation,61207,Green Island Hydroelectric Station,NY,UNIT4,OP,Green Island Power Authority,69 Hudson Ave,Green Island,NY,12083,60852,1.0,2019
60584,Onyx Asset Services Group,61724,Onyx - Saratoga Springs Landfill Solar CSG,NY,10254,OP,Solar Mission SunE LLC,230 Park Avenue,New York,NY,10169,61360,1.0,2019
60584,Onyx Asset Services Group,61847,Broadalbin,NY,10046,OP,GenE Solar I LLC,230 Park Avenue,New York,NY,10169,61463,1.0,2019
60584,Onyx Asset Services Group,61863,Duanesburg,NY,10048,OP,GenE Solar I LLC,230 Park Avenue,New York,NY,10169,61463,1.0,2019
60584,Onyx Asset Services Group,61888,Johnstown,NY,10049,OP,GenE Solar I LLC,230 Park Avenue,New York,NY,10169,61463,1.0,2019
60584,Onyx Asset Services Group,61903,Sharon Springs,NY,10116,OP,GenE Solar I LLC,230 Park Avenue,New York,NY,10169,61463,1.0,2019
60584,Onyx Asset Services Group,61904,Amsterdam North,NY,10044,OP,GenE Solar I LLC,230 Park Avenue,New York,NY,10169,61463,1.0,2019
60584,Onyx Asset Services Group,61905,Amsterdam South,NY,10045,OP,GenE Solar I LLC,230 Park Avenue,New York,NY,10169,61463,1.0,2019
57128,Bloom Energy,62456,Regeneron Tarrytown,NY,RGP00,OP,Key Equipment Finance,1000 McCaslin Blvd,Superior,CO,80027,62002,1.0,2019
57128,Bloom Energy,62572,ATT Jericho,NY,ATT49,OP,New York Community Bank,615 Merrick Avenue,Westbury,NY,11590,62125,1.0,2019
57128,Bloom Energy,62576,MER Queens,NY,MER01,OP,KeyBank,127 Public Square,Cleveland,OH,44114,60948,1.0,2019
59474,BQ Energy LLC,62721,Steel Sun 2: 2303-III-9 Hamburg Tpke,NY,SS29,OP,BQ Energy LLC,47 S. Hamilton Street,Poughkeepsie,NY,12601,59474,0.06,2019
59474,BQ Energy LLC,62721,Steel Sun 2: 2303-III-9 Hamburg Tpke,NY,SS29,OP,"JSF Energy, LLC","400 Market Industrial Park, Suite 32",Wappingers Falls,NY,12590,62750,0.06,2019
59474,BQ Energy LLC,62721,Steel Sun 2: 2303-III-9 Hamburg Tpke,NY,SS29,OP,Renewable Strategies LLC,"400 Market Industrial Park, Suite 32",Wappingers Falls,NY,12590,62751,0.06,2019
59474,BQ Energy LLC,62721,Steel Sun 2: 2303-III-9 Hamburg Tpke,NY,SS29,OP,Jarlene Development LLC,One World Trade Center Suite 8500,New York,NY,10007,62754,0.76,2019
59474,BQ Energy LLC,62721,Steel Sun 2: 2303-III-9 Hamburg Tpke,NY,SS29,OP,"1951 Hamburg Turnpike, LLC",423 W. Riverside Drive,Olean,NY,14760,62755,0.06,2019
59474,BQ Energy LLC,62722,Steel Sun 2: 2303-III-4 Hamburg Tpke,NY,SS24,OP,BQ Energy LLC,47 S. Hamilton Street,Poughkeepsie,NY,12601,59474,0.06,2019
59474,BQ Energy LLC,62722,Steel Sun 2: 2303-III-4 Hamburg Tpke,NY,SS24,OP,"JSF Energy, LLC","400 Market Industrial Park, Suite 32",Wappingers Falls,NY,12590,62750,0.06,2019
59474,BQ Energy LLC,62722,Steel Sun 2: 2303-III-4 Hamburg Tpke,NY,SS24,OP,Renewable Strategies LLC,"400 Market Industrial Park, Suite 32",Wappingers Falls,NY,12590,62751,0.06,2019
59474,BQ Energy LLC,62722,Steel Sun 2: 2303-III-4 Hamburg Tpke,NY,SS24,OP,Jarlene Development LLC,One World Trade Center Suite 8500,New York,NY,10007,62754,0.76,2019
59474,BQ Energy LLC,62722,Steel Sun 2: 2303-III-4 Hamburg Tpke,NY,SS24,OP,"1951 Hamburg Turnpike, LLC",423 W. Riverside Drive,Olean,NY,14760,62755,0.06,2019
59474,BQ Energy LLC,62723,Steel Sun 2: 2303-III-2 Hamburg Tpke,NY,SS22,OP,BQ Energy LLC,47 S. Hamilton Street,Poughkeepsie,NY,12601,59474,0.06,2019
59474,BQ Energy LLC,62723,Steel Sun 2: 2303-III-2 Hamburg Tpke,NY,SS22,OP,"JSF Energy, LLC","400 Market Industrial Park, Suite 32",Wappingers Falls,NY,12590,62750,0.06,2019
59474,BQ Energy LLC,62723,Steel Sun 2: 2303-III-2 Hamburg Tpke,NY,SS22,OP,Renewable Strategies LLC,"400 Market Industrial Park, Suite 32",Wappingers Falls,NY,12590,62751,0.06,2019
59474,BQ Energy LLC,62723,Steel Sun 2: 2303-III-2 Hamburg Tpke,NY,SS22,OP,Jarlene Development LLC,One World Trade Center Suite 8500,New York,NY,10007,62754,0.76,2019
59474,BQ Energy LLC,62723,Steel Sun 2: 2303-III-2 Hamburg Tpke,NY,SS22,OP,"1951 Hamburg Turnpike, LLC",423 W. Riverside Drive,Olean,NY,14760,62755,0.06,2019
59474,BQ Energy LLC,62724,Homer Street West,NY,HSW,OP,BQ Energy LLC,47 S. Hamilton Street,Poughkeepsie,NY,12601,59474,0.25,2019
59474,BQ Energy LLC,62724,Homer Street West,NY,HSW,OP,"JSF Energy, LLC","400 Market Industrial Park, Suite 32",Wappingers Falls,NY,12590,62750,0.25,2019
59474,BQ Energy LLC,62724,Homer Street West,NY,HSW,OP,Renewable Strategies LLC,"400 Market Industrial Park, Suite 32",Wappingers Falls,NY,12590,62751,0.25,2019
59474,BQ Energy LLC,62724,Homer Street West,NY,HSW,OP,Olean Gateway Turnkey LLC,423 W. Riverside Drive,Olean,NY,14760,62753,0.25,2019
59474,BQ Energy LLC,62725,Homer Street East,NY,HSE,OP,BQ Energy LLC,47 S. Hamilton Street,Poughkeepsie,NY,12601,59474,0.25,2019
59474,BQ Energy LLC,62725,Homer Street East,NY,HSE,OP,"JSF Energy, LLC","400 Market Industrial Park, Suite 32",Wappingers Falls,NY,12590,62750,0.25,2019
59474,BQ Energy LLC,62725,Homer Street East,NY,HSE,OP,Renewable Strategies LLC,"400 Market Industrial Park, Suite 32",Wappingers Falls,NY,12590,62751,0.25,2019
59474,BQ Energy LLC,62725,Homer Street East,NY,HSE,OP,Olean Gateway Turnkey LLC,423 W. Riverside Drive,Olean,NY,14760,62753,0.25,2019
62709,Bakerstand Solar LLC,62811,Bakerstand Solar (NY),NY,BKSTD,P,"Empire Renewables, LLC",300 International Dr. Suite 100,Williamsville,NY,14221,62702,1.0,2019
62997,Veolia North America,63236,Kings Plaza Total Energy Plant (TEP),NY,DG2,OP,Macerich,"401 Wilshire Blvd, Suite 700",Santa Monica,CA,90401,63023,1.0,2019
62997,Veolia North America,63236,Kings Plaza Total Energy Plant (TEP),NY,DG3,OP,Macerich,"401 Wilshire Blvd, Suite 700",Santa Monica,CA,90401,63023,1.0,2019
62997,Veolia North America,63236,Kings Plaza Total Energy Plant (TEP),NY,DG4,OP,Macerich,"401 Wilshire Blvd, Suite 700",Santa Monica,CA,90401,63023,1.0,2019
62997,Veolia North America,63236,Kings Plaza Total Energy Plant (TEP),NY,DG5,OP,Macerich,"401 Wilshire Blvd, Suite 700",Santa Monica,CA,90401,63023,1.0,2019
58871,Citizens Enterprises Corporation,63279,Barneveld Solar,NY,PV1,OP,"Citizens Solar Holdings VIII, LLC","88 Black Falcon Ave, Suite 342",Boston,MA,2210,61636,1.0,2019
63059,Diamond Properties,63291,Grand Prix Solar,NY,GPS,OP,Grand Prix NY Racing LLC,333 N Bedford Rd,Mt Kisco,NY,10549,63094,0.4871,2019
63059,Diamond Properties,63291,Grand Prix Solar,NY,GPS,OP,DP 21 LLC,333 N Bedford Rd,Mt Kisco,NY,10549,63095,0.0461,2019
63059,Diamond Properties,63291,Grand Prix Solar,NY,GPS,OP,Photo File Inc,333 N Bedford Rd,Mt Kisco,NY,10549,63096,0.0692,2019
63059,Diamond Properties,63291,Grand Prix Solar,NY,GPS,OP,Safe Haven Partners LLC,333 N Bedford Rd,Mt Kisco,NY,10549,63097,0.0461,2019
63059,Diamond Properties,63291,Grand Prix Solar,NY,GPS,OP,New York Sports Management,333 N Bedford Rd,Mt. Kiosco,NY,10549,63098,0.3208,2019
63059,Diamond Properties,63291,Grand Prix Solar,NY,GPS,OP,RDI Electronics,333 N Bedford Rd,Mt. Kiosco,NY,10549,63099,0.0307,2019
63059,Diamond Properties,63292,100 Brook Hill Drive Solar,NY,BHD,OP,DP57 LLC,100 Brook Hill Drive,West Nyack,NY,10994,63103,1.0,2019
58871,Citizens Enterprises Corporation,63450,Chenango Solar,NY,PV1,OP,"Citizens Solar Holdings IX, LLC","88 Black Falcon Ave, Suite 342",Boston,MA,2210,63247,1.0,2019
60947,Tesla Inc.,63511,Mohonasen Central School District,NY,PV1,OP,"Solar Integrated Fund VI, LLC",6800 Dumbarton Cirlce,Fremont,CA,94555,63240,1.0,2019
63289,Key Capture Energy,63585,NY3 Battery,NY,NY3,P,Orange & Rockland Utils Inc,4 Irving Place,New York,NY,10003,14154,1.0,2019
15296,New York Power Authority,2483,Neversink,NY,H1,OP,City of New York,"One Centre Street, 22nd Floor",New York,NY,10007,55842,1,2020
13192,NRG Arthur Kill Operations Inc,2490,Arthur Kill Generating Station,NY,2,OP,Arthur Kill Power LLC,4401 Victory Blvd,Staten Island,NY,10314,22846,1,2020
13192,NRG Arthur Kill Operations Inc,2490,Arthur Kill Generating Station,NY,3,OP,Arthur Kill Power LLC,4401 Victory Blvd,Staten Island,NY,10314,22846,1,2020
13192,NRG Arthur Kill Operations Inc,2490,Arthur Kill Generating Station,NY,GT1,OP,Arthur Kill Power LLC,4401 Victory Blvd,Staten Island,NY,10314,22846,1,2020
13579,Dunkirk Power LLC,2554,Dunkirk Generating Plant,NY,1,OS,"NRG Energy, Inc","300 Carnegie Center, Suite 300",Princenton,NJ,8540,13377,1,2020
13579,Dunkirk Power LLC,2554,Dunkirk Generating Plant,NY,2,OS,"NRG Energy, Inc","300 Carnegie Center, Suite 300",Princenton,NJ,8540,13377,1,2020
13579,Dunkirk Power LLC,2554,Dunkirk Generating Plant,NY,3,OS,"NRG Energy, Inc","300 Carnegie Center, Suite 300",Princenton,NJ,8540,13377,1,2020
13579,Dunkirk Power LLC,2554,Dunkirk Generating Plant,NY,ST4,OS,"NRG Energy, Inc","300 Carnegie Center, Suite 300",Princenton,NJ,8540,13377,1,2020
5914,Erie Boulevard Hydropower LP,2576,Higley,NY,2,RE,BRASCAN Power Corporation,480m Boul. de la CiteGatineau,Quebec,CN,J8T,50008,1,2020
5914,Erie Boulevard Hydropower LP,2576,Higley,NY,3,RE,BRASCAN Power Corporation,480m Boul. de la CiteGatineau,Quebec,CN,J8T,50008,1,2020
55951,Exelon Nuclear,2589,Nine Mile Point Nuclear Station,NY,1,OP,Exelon Nuclear,4300 Winfield Road,Warrenville,IL,60555,55951,0.5001,2020
55951,Exelon Nuclear,2589,Nine Mile Point Nuclear Station,NY,1,OP,Electricity de France,"5404 Wisconsin Avenue, Suite 400",Chevy Chase,MD,20815,60043,0.4999,2020
55951,Exelon Nuclear,2589,Nine Mile Point Nuclear Station,NY,2,OP,Long Island Power Authority,333 Earle Ovington Boulevard,Uniondale,NY,11553,11171,0.18,2020
55951,Exelon Nuclear,2589,Nine Mile Point Nuclear Station,NY,2,OP,Exelon Nuclear,4300 Winfield Road,Warrenville,IL,60555,55951,0.4101,2020
55951,Exelon Nuclear,2589,Nine Mile Point Nuclear Station,NY,2,OP,Electricity de France,"5404 Wisconsin Avenue, Suite 400",Chevy Chase,MD,20815,60043,0.4099,2020
15296,New York Power Authority,2627,Grahamsville,NY,GRHM,OP,City of New York,"One Centre Street, 22nd Floor",New York,NY,10007,55842,1,2020
55951,Exelon Nuclear,6122,R E Ginna Nuclear Power Plant,NY,1,OP,Exelon Nuclear,4300 Winfield Road,Warrenville,IL,60555,55951,0.5001,2020
55951,Exelon Nuclear,6122,R E Ginna Nuclear Power Plant,NY,1,OP,Electricity de France,"5404 Wisconsin Avenue, Suite 400",Chevy Chase,MD,20815,60043,0.4999,2020
5624,"RED-Rochester, LLC",10025,"RED-Rochester, LLC",NY,12TG,RE,Dean Baughman Industrial Services,5704 Industrial Road,Fort Wayne,IN,46825,56569,1,2020
60741,Fortistar Castleton Power,10190,Castleton Energy Center,NY,GEN2,OP,Castleton Energy Center,1902 River Rd,Castleton,NY,12033,56517,1,2020
55754,Boralex Hydro Operations Inc,10218,Warrensburg Hydroelectric,NY,HY1,OP,Warrensburg Hydro Power LP,39 Hudson Falls Road,South Glens Falls,NY,12803,20118,0.98,2020
55754,Boralex Hydro Operations Inc,10218,Warrensburg Hydroelectric,NY,HY1,OP,Warrensburg II Corporation,"c/o Boralex Inc. 900, de Maisonneuve Boulevard West  Maison Manuvie - 24th floor",Montreal,QC,H3AOA8,60665,0.02,2020
55754,Boralex Hydro Operations Inc,10219,Middle Falls Hydro,NY,HY1,OP,Middle Falls Ltd Partnership,39 Hudson Falls Road,South Glens Falls,NY,12803,12481,0.98,2020
55754,Boralex Hydro Operations Inc,10219,Middle Falls Hydro,NY,HY1,OP,"Boralex Middle Falls, LLC","c/o Boralex Inc. 900, de Maisonneuve Boulevard West  Maison Manuvie",Montreal,QC,H3AOA8,60680,0.02,2020
55754,Boralex Hydro Operations Inc,10219,Middle Falls Hydro,NY,HY2,OP,Middle Falls Ltd Partnership,39 Hudson Falls Road,South Glens Falls,NY,12803,12481,0.98,2020
55754,Boralex Hydro Operations Inc,10219,Middle Falls Hydro,NY,HY2,OP,"Boralex Middle Falls, LLC","c/o Boralex Inc. 900, de Maisonneuve Boulevard West  Maison Manuvie",Montreal,QC,H3AOA8,60680,0.02,2020
55754,Boralex Hydro Operations Inc,10220,Sissonville Hydro,NY,HY1,OP,Sissonville Ltd Partnership,39 Hudson Falls Road,South Glens Falls,NY,12803,17272,0.98,2020
55754,Boralex Hydro Operations Inc,10220,Sissonville Hydro,NY,HY1,OP,"Sissonville II, LLC","c/o Boralex Inc. 900, de Maisonneuve Boulevard West  Maison Manuvie",Montreal,QC,H3AOA8,60679,0.02,2020
55754,Boralex Hydro Operations Inc,10221,New York State Dam Hydro,NY,GEN1,OP,NYSD Ltd Partnership,39 Hudson Falls Road,South Glens Falls,NY,12803,44858,0.98,2020
55754,Boralex Hydro Operations Inc,10221,New York State Dam Hydro,NY,GEN1,OP,"State Dam II, LLC","c/o Boralex Inc. 900, de Maisonneuve Boulevard West  Maison Manuvie - 24th floor",Montreal,QC,H3AOA8,60666,0.02,2020
55754,Boralex Hydro Operations Inc,10221,New York State Dam Hydro,NY,GEN2,OP,NYSD Ltd Partnership,39 Hudson Falls Road,South Glens Falls,NY,12803,44858,0.98,2020
55754,Boralex Hydro Operations Inc,10221,New York State Dam Hydro,NY,GEN2,OP,"State Dam II, LLC","c/o Boralex Inc. 900, de Maisonneuve Boulevard West  Maison Manuvie - 24th floor",Montreal,QC,H3AOA8,60666,0.02,2020
55754,Boralex Hydro Operations Inc,10467,Fourth Branch Hydroelectric Facility,NY,1,OP,Adirondack Hydro-Fourth Branch LLC,39 Hudson Falls Road,South Glens Falls,NY,12803,59049,1,2020
16909,Selkirk Cogen Partners LP,10725,Selkirk Cogen,NY,GEN1,OP,Alterna Springerville  LLC,15 River Road,Wilton,CT,6897,56530,1,2020
16909,Selkirk Cogen Partners LP,10725,Selkirk Cogen,NY,GEN2,SB,Alterna Springerville  LLC,15 River Road,Wilton,CT,6897,56530,1,2020
16909,Selkirk Cogen Partners LP,10725,Selkirk Cogen,NY,GEN3,OP,Alterna Springerville  LLC,15 River Road,Wilton,CT,6897,56530,1,2020
16909,Selkirk Cogen Partners LP,10725,Selkirk Cogen,NY,GEN4,OP,Alterna Springerville  LLC,15 River Road,Wilton,CT,6897,56530,1,2020
16909,Selkirk Cogen Partners LP,10725,Selkirk Cogen,NY,GEN5,OP,Alterna Springerville  LLC,15 River Road,Wilton,CT,6897,56530,1,2020
40052,AG Energy LP,10803,Ogdensburg Power,NY,GEN1,RE,AG Energy Inc,,,,,34439,0.01,2020
40052,AG Energy LP,10803,Ogdensburg Power,NY,GEN1,RE,Iroqouis Power,,,,,34542,0.15,2020
40052,AG Energy LP,10803,Ogdensburg Power,NY,GEN1,RE,Alliance Energy Group LLC,PO Box 585,Ogdensburg,NY,13669,54771,0.84,2020
40052,AG Energy LP,10803,Ogdensburg Power,NY,GEN2,RE,AG Energy Inc,,,,,34439,0.01,2020
40052,AG Energy LP,10803,Ogdensburg Power,NY,GEN2,RE,Iroqouis Power,,,,,34542,0.15,2020
40052,AG Energy LP,10803,Ogdensburg Power,NY,GEN2,RE,Alliance Energy Group LLC,PO Box 585,Ogdensburg,NY,13669,54771,0.84,2020
40052,AG Energy LP,10803,Ogdensburg Power,NY,GEN3,OS,AG Energy LP,21 Entrance AvenuePO Box 585,Ogdensburg,NY,13669,40052,0.01,2020
40052,AG Energy LP,10803,Ogdensburg Power,NY,GEN3,OS,Alliance Energy Group LLC,PO Box 585,Ogdensburg,NY,13669,54771,0.99,2020
63985,Hydroland Omega LLC,10848,Walden,NY,GEN1,OP,"Walden Hydro, LLC",1 Tech Dr. Suite 220,Andover,MA,1810,60225,1,2020
63985,Hydroland Omega LLC,10848,Walden,NY,GEN2,OP,"Walden Hydro, LLC",1 Tech Dr. Suite 220,Andover,MA,1810,60225,1,2020
63985,Hydroland Omega LLC,10848,Walden,NY,GEN3,OP,"Walden Hydro, LLC",1 Tech Dr. Suite 220,Andover,MA,1810,60225,1,2020
21148,Zapco Energy Tactics Corp,50344,Smithtown Energy Partners LP,NY,SW1,RE,Smithtown Energy Partners LP,40 Tower Lane,Avon,CT,6001,17437,1,2020
21148,Zapco Energy Tactics Corp,50344,Smithtown Energy Partners LP,NY,SW2,RE,Smithtown Energy Partners LP,40 Tower Lane,Avon,CT,6001,17437,1,2020
24202,Carr Street Generating Sta LP,50978,Carr Street Generating Station,NY,GEN1,OP,BRASCAN Power Corporation,480m Boul. de la CiteGatineau,Quebec,CN,J8T,50008,1,2020
24202,Carr Street Generating Sta LP,50978,Carr Street Generating Station,NY,GEN2,OP,BRASCAN Power Corporation,480m Boul. de la CiteGatineau,Quebec,CN,J8T,50008,1,2020
24202,Carr Street Generating Sta LP,50978,Carr Street Generating Station,NY,GEN3,OP,BRASCAN Power Corporation,480m Boul. de la CiteGatineau,Quebec,CN,J8T,50008,1,2020
56601,Covanta MacArthur Renewable Energy,51038,MacArthur Waste to Energy Facility,NY,GEN1,OP,Islip Resource Recovery Agency,4001 Veterans Highway,Ronkonroma,NY,11779,9458,1,2020
19153,Nassau Energy Corp,52056,Nassau Energy Corp,NY,GT1,OP,Engie North America,1360 Post Oak Blvd,Houston,TX,77056,56201,1,2020
19153,Nassau Energy Corp,52056,Nassau Energy Corp,NY,ST1,OP,Engie North America,1360 Post Oak Blvd,Houston,TX,77056,56201,1,2020
10349,KIAC Partners,54114,Kennedy International Airport Cogen,NY,CT-3,IP,Westbrook Energy Center,717 Texas Avenue,Houston,TX,77002,2891,1,2020
10349,KIAC Partners,54114,Kennedy International Airport Cogen,NY,GEN1,OP,Calpine Corp,"700 Louisiana Street,  Suite 2700",Houston,TX,77002,2796,1,2020
10349,KIAC Partners,54114,Kennedy International Airport Cogen,NY,GEN2,OP,Calpine Corp,"700 Louisiana Street,  Suite 2700",Houston,TX,77002,2796,1,2020
10349,KIAC Partners,54114,Kennedy International Airport Cogen,NY,GEN3,OP,Calpine Corp,"700 Louisiana Street,  Suite 2700",Houston,TX,77002,2796,1,2020
50136,North American Energy Services,54131,Fortistar North Tonawanda,NY,GEN1,OP,Fortistar LLC,5087 Junction Rd,Lockport,NY,14094,6571,1,2020
50136,North American Energy Services,54131,Fortistar North Tonawanda,NY,GEN2,OP,Fortistar LLC,5087 Junction Rd,Lockport,NY,14094,6571,1,2020
17254,Sithe/Independence LLC,54547,Sithe Independence Station,NY,1,OP,Vistra Energy,6555 Sierra Drive,Irving,TX,75039,62723,1,2020
17254,Sithe/Independence LLC,54547,Sithe Independence Station,NY,2,OP,Vistra Energy,6555 Sierra Drive,Irving,TX,75039,62723,1,2020
17254,Sithe/Independence LLC,54547,Sithe Independence Station,NY,3,OP,Vistra Energy,6555 Sierra Drive,Irving,TX,75039,62723,1,2020
17254,Sithe/Independence LLC,54547,Sithe Independence Station,NY,4,OP,Vistra Energy,6555 Sierra Drive,Irving,TX,75039,62723,1,2020
17254,Sithe/Independence LLC,54547,Sithe Independence Station,NY,5,OP,Vistra Energy,6555 Sierra Drive,Irving,TX,75039,62723,1,2020
17254,Sithe/Independence LLC,54547,Sithe Independence Station,NY,6,OP,Vistra Energy,6555 Sierra Drive,Irving,TX,75039,62723,1,2020
55754,Boralex Hydro Operations Inc,54772,South Glens Falls Hydroelectric,NY,GEN1,OP,South Glens Falls LP,39 Hudson Falls Road,South Glens Falls,NY,12803,17679,0.005,2020
55754,Boralex Hydro Operations Inc,54772,South Glens Falls Hydroelectric,NY,GEN1,OP,"South Glens Falls, LLC","c/o Boralex Inc. 900, de Maisonneuve Boulevard West  Maison Manuvie - 24th floor",Montreal,QC,H3AOA8,60678,0.005,2020
55754,Boralex Hydro Operations Inc,54772,South Glens Falls Hydroelectric,NY,GEN1,OP,BPIF LLC,39 Hudson Falls RD,South Glens Falls,NY,12803,60683,0.99,2020
55754,Boralex Hydro Operations Inc,54772,South Glens Falls Hydroelectric,NY,GEN2,OP,South Glens Falls LP,39 Hudson Falls Road,South Glens Falls,NY,12803,17679,0.005,2020
55754,Boralex Hydro Operations Inc,54772,South Glens Falls Hydroelectric,NY,GEN2,OP,"South Glens Falls, LLC","c/o Boralex Inc. 900, de Maisonneuve Boulevard West  Maison Manuvie - 24th floor",Montreal,QC,H3AOA8,60678,0.005,2020
55754,Boralex Hydro Operations Inc,54772,South Glens Falls Hydroelectric,NY,GEN2,OP,BPIF LLC,39 Hudson Falls RD,South Glens Falls,NY,12803,60683,0.99,2020
2313,Brooklyn Navy Yard Cogen PLP,54914,Brooklyn Navy Yard Cogeneration,NY,01,OP,Energy Investors Fund II LP,,,,,34510,0.5844,2020
2313,Brooklyn Navy Yard Cogen PLP,54914,Brooklyn Navy Yard Cogeneration,NY,01,OP,Mission Energy of NY,,,,,34667,0.2078,2020
2313,Brooklyn Navy Yard Cogen PLP,54914,Brooklyn Navy Yard Cogeneration,NY,01,OP,B-41 Associates,,,,,34668,0.2078,2020
2313,Brooklyn Navy Yard Cogen PLP,54914,Brooklyn Navy Yard Cogeneration,NY,02,OP,Energy Investors Fund II LP,,,,,34510,0.1934,2020
2313,Brooklyn Navy Yard Cogen PLP,54914,Brooklyn Navy Yard Cogeneration,NY,02,OP,Mission Energy of NY,,,,,34667,0.4033,2020
2313,Brooklyn Navy Yard Cogen PLP,54914,Brooklyn Navy Yard Cogeneration,NY,02,OP,B-41 Associates,,,,,34668,0.4033,2020
2313,Brooklyn Navy Yard Cogen PLP,54914,Brooklyn Navy Yard Cogeneration,NY,03,OP,Energy Investors Fund II LP,,,,,34510,0.1934,2020
2313,Brooklyn Navy Yard Cogen PLP,54914,Brooklyn Navy Yard Cogeneration,NY,03,OP,Mission Energy of NY,,,,,34667,0.4033,2020
2313,Brooklyn Navy Yard Cogen PLP,54914,Brooklyn Navy Yard Cogeneration,NY,03,OP,B-41 Associates,,,,,34668,0.4033,2020
2313,Brooklyn Navy Yard Cogen PLP,54914,Brooklyn Navy Yard Cogeneration,NY,04,OP,Energy Investors Fund II LP,,,,,34510,0.1934,2020
2313,Brooklyn Navy Yard Cogen PLP,54914,Brooklyn Navy Yard Cogeneration,NY,04,OP,Mission Energy of NY,,,,,34667,0.4033,2020
2313,Brooklyn Navy Yard Cogen PLP,54914,Brooklyn Navy Yard Cogeneration,NY,04,OP,B-41 Associates,,,,,34668,0.4033,2020
55754,Boralex Hydro Operations Inc,54953,Hudson Falls Hydroelectric Project,NY,GEN1,OP,Northern Electric Power Co LP,39 Hudson Falls Road,South Glens Falls,NY,12803,13729,0.005,2020
55754,Boralex Hydro Operations Inc,54953,Hudson Falls Hydroelectric Project,NY,GEN1,OP,"Hudson Falls, LLC","c/o Boralex Inc. 900, de Maisonneuve Boulevard West  Maison Manuvie - 24th floor",Montreal,QC,H3AOA8,60677,0.005,2020
55754,Boralex Hydro Operations Inc,54953,Hudson Falls Hydroelectric Project,NY,GEN1,OP,BPIF LLC,39 Hudson Falls RD,South Glens Falls,NY,12803,60683,0.99,2020
55754,Boralex Hydro Operations Inc,54953,Hudson Falls Hydroelectric Project,NY,GEN2,OP,Northern Electric Power Co LP,39 Hudson Falls Road,South Glens Falls,NY,12803,13729,0.005,2020
55754,Boralex Hydro Operations Inc,54953,Hudson Falls Hydroelectric Project,NY,GEN2,OP,"Hudson Falls, LLC","c/o Boralex Inc. 900, de Maisonneuve Boulevard West  Maison Manuvie - 24th floor",Montreal,QC,H3AOA8,60677,0.005,2020
55754,Boralex Hydro Operations Inc,54953,Hudson Falls Hydroelectric Project,NY,GEN2,OP,BPIF LLC,39 Hudson Falls RD,South Glens Falls,NY,12803,60683,0.99,2020
49880,Madison Windpower LLC,55769,Madison Windpower LLC,NY,MADW,OP,EDP Renewables North America LLC,808 Travis S St. Suite 700,Houston,TX,77002,61757,1,2020
49845,"Equus Power I, L.P.,",56032,Equus Freeport Power,NY,0001,OP,J Power USA Development Co Ltd,1900 East Golf Road,Schaumburg,IL,60173,56370,1,2020
49845,"Equus Power I, L.P.,",56032,Equus Freeport Power,NY,001,OP,J Power USA Development Co Ltd,1900 East Golf Road,Schaumburg,IL,60173,56370,1,2020
49837,Pinelawn Power LLC,56188,Pinelawn Power LLC,NY,CTG,OP,J Power USA Development Co Ltd,1900 East Golf Road,Schaumburg,IL,60173,56370,1,2020
49837,Pinelawn Power LLC,56188,Pinelawn Power LLC,NY,STG,OP,J Power USA Development Co Ltd,1900 East Golf Road,Schaumburg,IL,60173,56370,1,2020
54684,"Flat Rock Windpower, LLC",56290,Maple Ridge Wind Farm,NY,1,OP,Avangrid Renewables LLC,"1125 NW Couch , Ste. 700",Portland,OR,97209,15399,0.5,2020
54684,"Flat Rock Windpower, LLC",56290,Maple Ridge Wind Farm,NY,1,OP,EDP Renewables North America LLC,808 Travis S St. Suite 700,Houston,TX,77002,61757,0.5,2020
54684,"Flat Rock Windpower, LLC",56290,Maple Ridge Wind Farm,NY,1A,OP,Avangrid Renewables LLC,"1125 NW Couch , Ste. 700",Portland,OR,97209,15399,0.5,2020
54684,"Flat Rock Windpower, LLC",56290,Maple Ridge Wind Farm,NY,1A,OP,Madison Windpower LLC,P.O. Box 3827,Houston,TX,77253,49880,0.5,2020
54684,"Flat Rock Windpower, LLC",56290,Maple Ridge Wind Farm,NY,2,OP,Avangrid Renewables LLC,"1125 NW Couch , Ste. 700",Portland,OR,97209,15399,0.5,2020
54684,"Flat Rock Windpower, LLC",56290,Maple Ridge Wind Farm,NY,2,OP,Madison Windpower LLC,P.O. Box 3827,Houston,TX,77253,49880,0.5,2020
54684,"Flat Rock Windpower, LLC",56290,Maple Ridge Wind Farm,NY,3,OP,Avangrid Renewables LLC,"1125 NW Couch , Ste. 700",Portland,OR,97209,15399,0.5,2020
54684,"Flat Rock Windpower, LLC",56290,Maple Ridge Wind Farm,NY,3,OP,EDP Renewables North America LLC,808 Travis S St. Suite 700,Houston,TX,77002,61757,0.5,2020
56545,Pattern Operators LP,56370,Ecogen Wind,NY,1,CN,Ecogen Wind LLC,2 Harrison Street6th Floor,San Francisco,CA,94105,56047,1,2020
63858,"Valcour Operating Services, LLC",56618,Clinton,NY,1,OP,"Valcour Clinton Windpark, LLC",13860 Ballantyne Corporate Place Suite 300,Charlotte,NC,28277,64018,1,2020
63858,"Valcour Operating Services, LLC",56619,Ellenburg,NY,1,OP,"Valcour Ellenburg Windpark, LLC",13860 Ballantyne Corporate Place Suite 300,Charlotte,NC,28277,64019,1,2020
63858,"Valcour Operating Services, LLC",56620,Bliss,NY,1,OP,"Valcour Bliss Windpark, LLC",13860 Ballantyne Corporate Place Suite 300,Charlotte,NC,28277,64020,1,2020
63858,"Valcour Operating Services, LLC",56901,Altona,NY,1,OP,"Valcour Altona Windpark, LLC",13860 Ballantyne Corporate Place Suite 300,Charlotte,NC,28277,64021,1,2020
63858,"Valcour Operating Services, LLC",56902,Wethersfield,NY,1,OP,"Valcour Wethersfield Windpark, LLC",13860 Ballantyne Corporate Place Suite 300,Charlotte,NC,28277,64022,1,2020
63858,"Valcour Operating Services, LLC",56904,Chateaugay,NY,1,OP,"Valcour Chateaugay Windpark, LLC",13860 Ballantyne Corporate Place Suite 300,Charlotte,NC,28277,64023,1,2020
50158,Innovative Energy Systems Inc,56986,Clinton LFGTE Facility,NY,GEN1,OP,Casella Waste Systems,25 Greens Hill Ln,Rutland,VT,5701,34466,1,2020
50158,Innovative Energy Systems Inc,56986,Clinton LFGTE Facility,NY,GEN2,OP,Casella Waste Systems,25 Greens Hill Ln,Rutland,VT,5701,34466,1,2020
50158,Innovative Energy Systems Inc,56986,Clinton LFGTE Facility,NY,GEN3,OP,Casella Waste Systems,25 Greens Hill Ln,Rutland,VT,5701,34466,1,2020
50158,Innovative Energy Systems Inc,56986,Clinton LFGTE Facility,NY,GEN4,OP,Casella Waste Systems,25 Greens Hill Ln,Rutland,VT,5701,34466,1,2020
50158,Innovative Energy Systems Inc,56987,Hyland LFGTE Facility,NY,GEN1,OP,Casella Waste Systems,25 Greens Hill Ln,Rutland,VT,5701,34466,1,2020
50158,Innovative Energy Systems Inc,56987,Hyland LFGTE Facility,NY,GEN2,OP,Casella Waste Systems,25 Greens Hill Ln,Rutland,VT,5701,34466,1,2020
50158,Innovative Energy Systems Inc,56987,Hyland LFGTE Facility,NY,GEN3,OP,Casella Waste Systems,25 Greens Hill Ln,Rutland,VT,5701,34466,1,2020
50158,Innovative Energy Systems Inc,56987,Hyland LFGTE Facility,NY,GEN4,CN,Casella Waste Systems,25 Greens Hill Ln,Rutland,VT,5701,34466,1,2020
56534,Cricket Valley Energy Center LLC,57185,Cricket Valley Energy,NY,U001,OP,Cricket Valley Energy Holdings LLC,31 Milk St,Boston,MA,2109,62096,1,2020
56534,Cricket Valley Energy Center LLC,57185,Cricket Valley Energy,NY,U002,OP,Cricket Valley Energy Holdings LLC,31 Milk St,Boston,MA,2109,62096,1,2020
56534,Cricket Valley Energy Center LLC,57185,Cricket Valley Energy,NY,U003,OP,Cricket Valley Energy Holdings LLC,31 Milk St,Boston,MA,2109,62096,1,2020
56534,Cricket Valley Energy Center LLC,57185,Cricket Valley Energy,NY,U004,OP,Cricket Valley Energy Holdings LLC,31 Milk St,Boston,MA,2109,62096,1,2020
56534,Cricket Valley Energy Center LLC,57185,Cricket Valley Energy,NY,U005,OP,Cricket Valley Energy Holdings LLC,31 Milk St,Boston,MA,2109,62096,1,2020
56534,Cricket Valley Energy Center LLC,57185,Cricket Valley Energy,NY,U006,OP,Cricket Valley Energy Holdings LLC,31 Milk St,Boston,MA,2109,62096,1,2020
64137,"Chautauqua Green Energy, LLC",57186,Chautauqua LFGTE Facility,NY,GEN1,OP,Chautauqua County,3889 Towerville Road,Jamestown,NY,14701,56553,1,2020
64137,"Chautauqua Green Energy, LLC",57186,Chautauqua LFGTE Facility,NY,GEN2,OP,Chautauqua County,3889 Towerville Road,Jamestown,NY,14701,56553,1,2020
64137,"Chautauqua Green Energy, LLC",57186,Chautauqua LFGTE Facility,NY,GEN3,OP,Chautauqua County,3889 Towerville Road,Jamestown,NY,14701,56553,1,2020
64137,"Chautauqua Green Energy, LLC",57186,Chautauqua LFGTE Facility,NY,GEN4,OP,Chautauqua County,3889 Towerville Road,Jamestown,NY,14701,56553,1,2020
64137,"Chautauqua Green Energy, LLC",57186,Chautauqua LFGTE Facility,NY,GEN5,OP,Chautauqua County,3889 Towerville Road,Jamestown,NY,14701,56553,1,2020
64137,"Chautauqua Green Energy, LLC",57186,Chautauqua LFGTE Facility,NY,GEN6,OP,Chautauqua County,3889 Towerville Road,Jamestown,NY,14701,56553,1,2020
56545,Pattern Operators LP,57193,Ripley Westfield Wind LLC,NY,WTG,CN,Ripley Westfield Wind LLC,"Pier 1, Bay 3",San Francisco,CA,94111,56557,1,2020
61978,Convergent Energy and Power LP,57710,Stephentown Spindle,NY,SRS1,OP,Stephentown Spindle LLC,"7 Times Square, Suite 3504",New York,NY,10036,57035,1,2020
63800,Longroad Energy Services 2,57867,Howard Wind Farm,NY,1,OP,BlackRock Inc.,40 East 52nd St.,New York,NY,10022,61975,1,2020
63800,Longroad Energy Services 2,57867,Howard Wind Farm,NY,2,OP,BlackRock Inc.,40 East 52nd St.,New York,NY,10022,61975,1,2020
50158,Innovative Energy Systems Inc,58295,SREC Bath LFGTE,NY,GEN1,RE,"Steuben Rural Elec Coop, Inc",9 Wilson Avenue,Bath,NY,14810,18102,1,2020
50158,Innovative Energy Systems Inc,58295,SREC Bath LFGTE,NY,GEN2,RE,"Steuben Rural Elec Coop, Inc",9 Wilson Avenue,Bath,NY,14810,18102,1,2020
58383,CH4 Biogas LLC,58399,Synergy Biogas,NY,1,OA,Synergy Biogas LLC,319 First Street,Atlantic Beach,FL,32233,58386,1,2020
60947,Tesla Inc.,59789,Millbrook School,NY,PV1,OP,"Three Rivers Solar I, LLC",6800 Dumbarton Circle,Fremont,CA,94555,59567,1,2020
60947,Tesla Inc.,60097,Onondaga County - Metro Water Board,NY,PV1,OP,"Dom Solar Lessor I, LP",6800 Dumbarton Circle,Fremont,CA,94555,59865,1,2020
60947,Tesla Inc.,60098,Onondaga County - Oak Orchard WWTP,NY,PV1,OP,"Dom Solar Lessor I, LP",6800 Dumbarton Circle,Fremont,CA,94555,59865,1,2020
60947,Tesla Inc.,60114,Oneida County- DPW,NY,PV1,OP,"Dom Solar Lessor I, LP",6800 Dumbarton Circle,Fremont,CA,94555,59865,1,2020
60947,Tesla Inc.,60115,Town of Halfmoon,NY,PV1,OP,"Dom Solar Lessor I, LP",6800 Dumbarton Circle,Fremont,CA,94555,59865,1,2020
60947,Tesla Inc.,60229,Orange County Solar Farm (NY),NY,PV1,OP,"Three Rivers Solar I, LLC",6800 Dumbarton Circle,Fremont,CA,94555,59567,1,2020
60947,Tesla Inc.,60232,Onondaga County- Jamesville,NY,PV1,OP,"Three Rivers Solar I, LLC",6800 Dumbarton Circle,Fremont,CA,94555,59567,1,2020
60947,Tesla Inc.,60462,Onondaga County- Clearwater,NY,PV1,OP,"Dom Solar Lessor I, LP",6800 Dumbarton Circle,Fremont,CA,94555,59865,1,2020
60947,Tesla Inc.,60463,Greene County Meter #1,NY,PV1,OP,"Dom Solar Lessor I, LP",6800 Dumbarton Circle,Fremont,CA,94555,59865,1,2020
60947,Tesla Inc.,60507,Broome County,NY,NORTH,OP,"Dom Solar Lessor I, LP",6800 Dumbarton Circle,Fremont,CA,94555,59865,1,2020
60947,Tesla Inc.,60507,Broome County,NY,SOUTH,OP,"Dom Solar Lessor I, LP",6800 Dumbarton Circle,Fremont,CA,94555,59865,1,2020
60947,Tesla Inc.,60817,Sullivan County - Adult Care Solar,NY,PV1,OP,"Dom Solar Lessor I, LP",6800 Dumbarton Circle,Fremont,CA,94555,59865,1,2020
60584,Onyx Asset Services Group,60967,Onyx - Lamphear Road CSG,NY,10016,OP,Janus Solar Fund LP,230 Park Avenue,New York,NY,10169,60820,1,2020
54842,WM Renewable Energy LLC,61012,Mill Seat Renewable Energy Facility,NY,GEN1,OP,Monroe County (NY),"50 West Main Street, Suite 7100",Rochester,NY,14614,60791,1,2020
54842,WM Renewable Energy LLC,61012,Mill Seat Renewable Energy Facility,NY,GEN2,OP,Monroe County (NY),"50 West Main Street, Suite 7100",Rochester,NY,14614,60791,1,2020
54842,WM Renewable Energy LLC,61012,Mill Seat Renewable Energy Facility,NY,GEN3,OP,Monroe County (NY),"50 West Main Street, Suite 7100",Rochester,NY,14614,60791,1,2020
54842,WM Renewable Energy LLC,61012,Mill Seat Renewable Energy Facility,NY,GEN4,OP,Monroe County (NY),"50 West Main Street, Suite 7100",Rochester,NY,14614,60791,1,2020
54842,WM Renewable Energy LLC,61012,Mill Seat Renewable Energy Facility,NY,GEN5,OP,Monroe County (NY),"50 West Main Street, Suite 7100",Rochester,NY,14614,60791,1,2020
54842,WM Renewable Energy LLC,61012,Mill Seat Renewable Energy Facility,NY,GEN6,OP,Monroe County (NY),"50 West Main Street, Suite 7100",Rochester,NY,14614,60791,1,2020
54842,WM Renewable Energy LLC,61012,Mill Seat Renewable Energy Facility,NY,GEN7,OP,Monroe County (NY),"50 West Main Street, Suite 7100",Rochester,NY,14614,60791,1,2020
54842,WM Renewable Energy LLC,61012,Mill Seat Renewable Energy Facility,NY,GEN8,OP,Monroe County (NY),"50 West Main Street, Suite 7100",Rochester,NY,14614,60791,1,2020
58756,Albany Engineering Corporation,61207,Green Island Hydroelectric Station,NY,UNIT1,OP,Green Island Power Authority,69 Hudson Ave,Green Island,NY,12083,60852,1,2020
58756,Albany Engineering Corporation,61207,Green Island Hydroelectric Station,NY,UNIT2,OP,Green Island Power Authority,69 Hudson Ave,Green Island,NY,12083,60852,1,2020
58756,Albany Engineering Corporation,61207,Green Island Hydroelectric Station,NY,UNIT3,OP,Green Island Power Authority,69 Hudson Ave,Green Island,NY,12083,60852,1,2020
58756,Albany Engineering Corporation,61207,Green Island Hydroelectric Station,NY,UNIT4,OP,Green Island Power Authority,69 Hudson Ave,Green Island,NY,12083,60852,1,2020
60584,Onyx Asset Services Group,61724,Onyx - Saratoga Springs Landfill Solar CSG,NY,10254,OP,Solar Mission SunE LLC,230 Park Avenue,New York,NY,10169,61360,1,2020
60584,Onyx Asset Services Group,61847,Broadalbin,NY,10046,OP,GenE Solar I LLC,230 Park Avenue,New York,NY,10169,61463,1,2020
60584,Onyx Asset Services Group,61863,Duanesburg,NY,10048,OP,GenE Solar I LLC,230 Park Avenue,New York,NY,10169,61463,1,2020
60584,Onyx Asset Services Group,61888,Johnstown,NY,10049,OP,GenE Solar I LLC,230 Park Avenue,New York,NY,10169,61463,1,2020
60584,Onyx Asset Services Group,61903,Sharon Springs,NY,10116,OP,GenE Solar I LLC,230 Park Avenue,New York,NY,10169,61463,1,2020
60584,Onyx Asset Services Group,61904,Amsterdam North,NY,10044,OP,GenE Solar I LLC,230 Park Avenue,New York,NY,10169,61463,1,2020
60584,Onyx Asset Services Group,61905,Amsterdam South,NY,10045,OP,GenE Solar I LLC,230 Park Avenue,New York,NY,10169,61463,1,2020
57128,Bloom Energy,62456,Regeneron Tarrytown,NY,RGP00,OP,Key Equipment Finance,1000 McCaslin Blvd,Superior,CO,80027,62002,1,2020
57128,Bloom Energy,62572,ATT Jericho,NY,ATT49,OP,New York Community Bank,615 Merrick Avenue,Westbury,NY,11590,62125,1,2020
57128,Bloom Energy,62576,MER Queens,NY,MER01,OP,KeyBank,127 Public Square,Cleveland,OH,44114,60948,1,2020
59474,BQ Energy LLC,62721,Steel Sun 2: 2303-III-9 Hamburg Tpke,NY,SS29,OP,BQ Energy LLC,47 S. Hamilton Street,Poughkeepsie,NY,12601,59474,0.06,2020
59474,BQ Energy LLC,62721,Steel Sun 2: 2303-III-9 Hamburg Tpke,NY,SS29,OP,"JSF Energy, LLC","400 Market Industrial Park, Suite 32",Wappingers Falls,NY,12590,62750,0.06,2020
59474,BQ Energy LLC,62721,Steel Sun 2: 2303-III-9 Hamburg Tpke,NY,SS29,OP,Renewable Strategies LLC,"400 Market Industrial Park, Suite 32",Wappingers Falls,NY,12590,62751,0.06,2020
59474,BQ Energy LLC,62721,Steel Sun 2: 2303-III-9 Hamburg Tpke,NY,SS29,OP,Jarlene Development LLC,One World Trade Center Suite 8500,New York,NY,10007,62754,0.76,2020
59474,BQ Energy LLC,62721,Steel Sun 2: 2303-III-9 Hamburg Tpke,NY,SS29,OP,"1951 Hamburg Turnpike, LLC",423 W. Riverside Drive,Olean,NY,14760,62755,0.06,2020
59474,BQ Energy LLC,62722,Steel Sun 2: 2303-III-4 Hamburg Tpke,NY,SS24,OP,BQ Energy LLC,47 S. Hamilton Street,Poughkeepsie,NY,12601,59474,0.06,2020
59474,BQ Energy LLC,62722,Steel Sun 2: 2303-III-4 Hamburg Tpke,NY,SS24,OP,"JSF Energy, LLC","400 Market Industrial Park, Suite 32",Wappingers Falls,NY,12590,62750,0.06,2020
59474,BQ Energy LLC,62722,Steel Sun 2: 2303-III-4 Hamburg Tpke,NY,SS24,OP,Renewable Strategies LLC,"400 Market Industrial Park, Suite 32",Wappingers Falls,NY,12590,62751,0.06,2020
59474,BQ Energy LLC,62722,Steel Sun 2: 2303-III-4 Hamburg Tpke,NY,SS24,OP,Jarlene Development LLC,One World Trade Center Suite 8500,New York,NY,10007,62754,0.76,2020
59474,BQ Energy LLC,62722,Steel Sun 2: 2303-III-4 Hamburg Tpke,NY,SS24,OP,"1951 Hamburg Turnpike, LLC",423 W. Riverside Drive,Olean,NY,14760,62755,0.06,2020
59474,BQ Energy LLC,62723,Steel Sun 2: 2303-III-2 Hamburg Tpke,NY,SS22,OP,BQ Energy LLC,47 S. Hamilton Street,Poughkeepsie,NY,12601,59474,0.06,2020
59474,BQ Energy LLC,62723,Steel Sun 2: 2303-III-2 Hamburg Tpke,NY,SS22,OP,"JSF Energy, LLC","400 Market Industrial Park, Suite 32",Wappingers Falls,NY,12590,62750,0.06,2020
59474,BQ Energy LLC,62723,Steel Sun 2: 2303-III-2 Hamburg Tpke,NY,SS22,OP,Renewable Strategies LLC,"400 Market Industrial Park, Suite 32",Wappingers Falls,NY,12590,62751,0.06,2020
59474,BQ Energy LLC,62723,Steel Sun 2: 2303-III-2 Hamburg Tpke,NY,SS22,OP,Jarlene Development LLC,One World Trade Center Suite 8500,New York,NY,10007,62754,0.76,2020
59474,BQ Energy LLC,62723,Steel Sun 2: 2303-III-2 Hamburg Tpke,NY,SS22,OP,"1951 Hamburg Turnpike, LLC",423 W. Riverside Drive,Olean,NY,14760,62755,0.06,2020
59474,BQ Energy LLC,62724,Homer Street West,NY,HSW,OP,BQ Energy LLC,47 S. Hamilton Street,Poughkeepsie,NY,12601,59474,0.25,2020
59474,BQ Energy LLC,62724,Homer Street West,NY,HSW,OP,"JSF Energy, LLC","400 Market Industrial Park, Suite 32",Wappingers Falls,NY,12590,62750,0.25,2020
59474,BQ Energy LLC,62724,Homer Street West,NY,HSW,OP,Renewable Strategies LLC,"400 Market Industrial Park, Suite 32",Wappingers Falls,NY,12590,62751,0.25,2020
59474,BQ Energy LLC,62724,Homer Street West,NY,HSW,OP,Olean Gateway Turnkey LLC,423 W. Riverside Drive,Olean,NY,14760,62753,0.25,2020
59474,BQ Energy LLC,62725,Homer Street East,NY,HSE,OP,BQ Energy LLC,47 S. Hamilton Street,Poughkeepsie,NY,12601,59474,0.25,2020
59474,BQ Energy LLC,62725,Homer Street East,NY,HSE,OP,"JSF Energy, LLC","400 Market Industrial Park, Suite 32",Wappingers Falls,NY,12590,62750,0.25,2020
59474,BQ Energy LLC,62725,Homer Street East,NY,HSE,OP,Renewable Strategies LLC,"400 Market Industrial Park, Suite 32",Wappingers Falls,NY,12590,62751,0.25,2020
59474,BQ Energy LLC,62725,Homer Street East,NY,HSE,OP,Olean Gateway Turnkey LLC,423 W. Riverside Drive,Olean,NY,14760,62753,0.25,2020
62709,Bakerstand Solar LLC,62811,Bakerstand Solar (NY),NY,BKSTD,P,"Empire Renewables, LLC",300 International Dr. Suite 100,Williamsville,NY,14221,62702,1,2020
62997,Veolia North America,63236,Kings Plaza Total Energy Plant (TEP),NY,DG2,OP,Macerich,"401 Wilshire Blvd, Suite 700",Santa Monica,CA,90401,63023,1,2020
62997,Veolia North America,63236,Kings Plaza Total Energy Plant (TEP),NY,DG3,OP,Macerich,"401 Wilshire Blvd, Suite 700",Santa Monica,CA,90401,63023,1,2020
62997,Veolia North America,63236,Kings Plaza Total Energy Plant (TEP),NY,DG4,OP,Macerich,"401 Wilshire Blvd, Suite 700",Santa Monica,CA,90401,63023,1,2020
62997,Veolia North America,63236,Kings Plaza Total Energy Plant (TEP),NY,DG5,OP,Macerich,"401 Wilshire Blvd, Suite 700",Santa Monica,CA,90401,63023,1,2020
58871,Citizens Enterprises Corporation,63279,Barneveld Solar,NY,PV1,OP,"Citizens Solar Holdings VIII, LLC","88 Black Falcon Ave, Suite 342",Boston,MA,2210,61636,1,2020
63059,Diamond Properties,63291,Grand Prix Solar,NY,GPS,OP,Grand Prix NY Racing LLC,333 N Bedford Rd,Mt Kisco,NY,10549,63094,0.4871,2020
63059,Diamond Properties,63291,Grand Prix Solar,NY,GPS,OP,DP 21 LLC,333 N Bedford Rd,Mt Kisco,NY,10549,63095,0.0461,2020
63059,Diamond Properties,63291,Grand Prix Solar,NY,GPS,OP,Photo File Inc,333 N Bedford Rd,Mt Kisco,NY,10549,63096,0.0692,2020
63059,Diamond Properties,63291,Grand Prix Solar,NY,GPS,OP,Safe Haven Partners LLC,333 N Bedford Rd,Mt Kisco,NY,10549,63097,0.0461,2020
63059,Diamond Properties,63291,Grand Prix Solar,NY,GPS,OP,New York Sports Management,333 N Bedford Rd,Mt. Kiosco,NY,10549,63098,0.3208,2020
63059,Diamond Properties,63291,Grand Prix Solar,NY,GPS,OP,RDI Electronics,333 N Bedford Rd,Mt. Kiosco,NY,10549,63099,0.0307,2020
63059,Diamond Properties,63292,100 Brook Hill Drive Solar,NY,BHD,OP,DP57 LLC,100 Brook Hill Drive,West Nyack,NY,10994,63103,1,2020
58871,Citizens Enterprises Corporation,63450,Chenango Solar,NY,PV1,OP,"Citizens Solar Holdings IX, LLC","88 Black Falcon Ave, Suite 342",Boston,MA,2210,63247,1,2020
60947,Tesla Inc.,63511,Mohonasen Central School District,NY,PV1,OP,"Solar Integrated Fund VI, LLC",6800 Dumbarton Cirlce,Fremont,CA,94555,63240,1,2020
63289,Key Capture Energy,63585,NY3 Battery,NY,NY3,OP,Orange & Rockland Utils Inc,4 Irving Place,New York,NY,10003,14154,1,2020
61944,Goldman Sachs Renewable Power Group,64030,Kenmare - Sullivan Community College,NY,GEN1,OP,"Sullivan Solar Garden, LLC",750 Park of Commerce Blvd,Boca Raton,FL,33487,63679,1,2020
63962,"Solar Star Prime 2, LLC",64351,Amazon JFK8 Solar Project,NY,JFK8,TS,53 SP Solar Trust,1100 N. Market St.,Wilmington,DE,19890,63986,1,2020
60947,Tesla Inc.,64445,"County of Dutchess, NY (Airport)",NY,PV1,OP,"Solar Integrated Fund VI, LLC",6800 Dumbarton Cirlce,Fremont,CA,94555,63240,1,2020
62923,Solar Planet Power,64525,Troupsburg,NY,TB1,OP,Solar Troupsburg LLC,2500 Farmers Dr.  Ste 140,Columbus,OH,43235,64163,1,2020
64310,Bronx Community Clean Energy Project LLC,64747,Fuel Cell 3245 Yates Avenue,NY,C3245,P,Catamaran Renewables LLC,675 3rd Avenue,New York,NY,10017,64313,1,2020
64309,Annadale Community Clean Energy Projects LLC,64748,Fuel Cell 18A Sneden Avenue,NY,CR18A,OP,Catamaran Renewables LLC,675 3rd Avenue,New York,NY,10017,64313,1,2020
64309,Annadale Community Clean Energy Projects LLC,64749,Fuel Cell 18B Sneden Avenue,NY,CR18B,OP,Catamaran Renewables LLC,675 3rd Avenue,New York,NY,10017,64313,1,2020
61514,"Agilitas Energy, LLC",64758,Manorville II,NY,MAN,L,"AE-Manorville 2, LLC",401 Edgewater Place,Wakefield,MA,1880,64317,1,2020
61514,"Agilitas Energy, LLC",64758,Manorville II,NY,MANB,L,"AE-Manorville 2, LLC",401 Edgewater Place,Wakefield,MA,1880,64317,1,2020
61514,"Agilitas Energy, LLC",64761,Patchogue ESS,NY,PAT,L,"AE-ESS Cassel, LLC",401 Edgewater Place,Wakefield,MA,1880,64320,1,2020
15296,New York Power Authority,2483,Neversink,NY,H1,OP,City of New York,"One Centre Street, 22nd Floor",New York,NY,10007,55842,1,2021
13192,NRG Arthur Kill Operations Inc,2490,Arthur Kill Generating Station,NY,2,OP,Arthur Kill Power LLC,4401 Victory Blvd,Staten Island,NY,10314,22846,1,2021
13192,NRG Arthur Kill Operations Inc,2490,Arthur Kill Generating Station,NY,3,OP,Arthur Kill Power LLC,4401 Victory Blvd,Staten Island,NY,10314,22846,1,2021
13192,NRG Arthur Kill Operations Inc,2490,Arthur Kill Generating Station,NY,GT1,OP,Arthur Kill Power LLC,4401 Victory Blvd,Staten Island,NY,10314,22846,1,2021
13579,Dunkirk Power LLC,2554,Dunkirk Generating Plant,NY,1,OS,"NRG Energy, Inc","300 Carnegie Center, Suite 300",Princenton,NJ,8540,13377,1,2021
13579,Dunkirk Power LLC,2554,Dunkirk Generating Plant,NY,2,RE,"NRG Energy, Inc","300 Carnegie Center, Suite 300",Princenton,NJ,8540,13377,1,2021
13579,Dunkirk Power LLC,2554,Dunkirk Generating Plant,NY,3,OS,"NRG Energy, Inc","300 Carnegie Center, Suite 300",Princenton,NJ,8540,13377,1,2021
13579,Dunkirk Power LLC,2554,Dunkirk Generating Plant,NY,ST4,OS,"NRG Energy, Inc","300 Carnegie Center, Suite 300",Princenton,NJ,8540,13377,1,2021
5914,Erie Boulevard Hydropower LP,2576,Higley,NY,2,RE,BRASCAN Power Corporation,480m Boul. de la CiteGatineau,Quebec,CN,J8T,50008,1,2021
5914,Erie Boulevard Hydropower LP,2576,Higley,NY,3,RE,BRASCAN Power Corporation,480m Boul. de la CiteGatineau,Quebec,CN,J8T,50008,1,2021
55951,Exelon Nuclear,2589,Nine Mile Point Nuclear Station,NY,2,OP,Long Island Power Authority,333 Earle Ovington Boulevard,Uniondale,NY,11553,11171,0.18,2021
55951,Exelon Nuclear,2589,Nine Mile Point Nuclear Station,NY,2,OP,Exelon Nuclear,4300 Winfield Road,Warrenville,IL,60555,55951,0.82,2021
64701,Oswego Harbor Power,2594,Oswego Harbor Power,NY,3,RE,ArcLight Capital Partners LLC,460 North Gulph Road,King of Prussia,PA,19406,49890,1,2021
64701,Oswego Harbor Power,2594,Oswego Harbor Power,NY,ST5,OP,ArcLight Capital Partners LLC,460 North Gulph Road,King of Prussia,PA,19406,49890,1,2021
64701,Oswego Harbor Power,2594,Oswego Harbor Power,NY,ST6,OP,ArcLight Capital Partners LLC,460 North Gulph Road,King of Prussia,PA,19406,49890,1,2021
15296,New York Power Authority,2627,Grahamsville,NY,GRHM,OP,City of New York,"One Centre Street, 22nd Floor",New York,NY,10007,55842,1,2021
57280,"Eagle Creek Renewable Energy, LLC",2630,Mongaup Falls,NY,GEN1,OP,"Eagle Creek Hydro Power, LLC",7315 Wisconsin Ave,Bethesda,MD,20814,64589,1,2021
57280,"Eagle Creek Renewable Energy, LLC",2630,Mongaup Falls,NY,GEN2,OP,"Eagle Creek Hydro Power, LLC",7315 Wisconsin Ave,Bethesda,MD,20814,64589,1,2021
57280,"Eagle Creek Renewable Energy, LLC",2630,Mongaup Falls,NY,GEN3,OP,"Eagle Creek Hydro Power, LLC",7315 Wisconsin Ave,Bethesda,MD,20814,64589,1,2021
57280,"Eagle Creek Renewable Energy, LLC",2630,Mongaup Falls,NY,GEN4,OP,"Eagle Creek Hydro Power, LLC",7315 Wisconsin Ave,Bethesda,MD,20814,64589,1,2021
57280,"Eagle Creek Renewable Energy, LLC",2631,Rio,NY,RIO,OP,"Eagle Creek Hydro Power, LLC",7315 Wisconsin Ave,Bethesda,MD,20814,64589,1,2021
57280,"Eagle Creek Renewable Energy, LLC",2631,Rio,NY,RIO2,OP,"Eagle Creek Hydro Power, LLC",7315 Wisconsin Ave,Bethesda,MD,20814,64589,1,2021
57280,"Eagle Creek Renewable Energy, LLC",2634,Swinging Bridge 2,NY,SWI2,OP,"Eagle Creek Hydro Power, LLC",7315 Wisconsin Ave,Bethesda,MD,20814,64589,1,2021
57280,"Eagle Creek Renewable Energy, LLC",2634,Swinging Bridge 2,NY,SWI3,OP,"Eagle Creek Hydro Power, LLC",7315 Wisconsin Ave,Bethesda,MD,20814,64589,1,2021
5624,"RED-Rochester, LLC",10025,"RED-Rochester, LLC",NY,12TG,RE,Dean Baughman Industrial Services,5704 Industrial Road,Fort Wayne,IN,46825,56569,1,2021
60741,Fortistar Castleton Power,10190,Castleton Energy Center,NY,GEN2,OP,Castleton Energy Center,1902 River Rd,Castleton,NY,12033,56517,1,2021
55754,Boralex Hydro Operations Inc,10218,Warrensburg Hydroelectric,NY,HY1,OP,Warrensburg Hydro Power LP,39 Hudson Falls Road,South Glens Falls,NY,12803,20118,0.98,2021
55754,Boralex Hydro Operations Inc,10218,Warrensburg Hydroelectric,NY,HY1,OP,Warrensburg II Corporation,"c/o Boralex Inc. 900, de Maisonneuve Boulevard West  Maison Manuvie - 24th floor",Montreal,QC,H3AOA8,60665,0.02,2021
55754,Boralex Hydro Operations Inc,10219,Middle Falls Hydro,NY,HY1,OP,Middle Falls Ltd Partnership,39 Hudson Falls Road,South Glens Falls,NY,12803,12481,0.98,2021
55754,Boralex Hydro Operations Inc,10219,Middle Falls Hydro,NY,HY1,OP,"Boralex Middle Falls, LLC","c/o Boralex Inc. 900, de Maisonneuve Boulevard West  Maison Manuvie",Montreal,QC,H3AOA8,60680,0.02,2021
55754,Boralex Hydro Operations Inc,10219,Middle Falls Hydro,NY,HY2,OP,Middle Falls Ltd Partnership,39 Hudson Falls Road,South Glens Falls,NY,12803,12481,0.98,2021
55754,Boralex Hydro Operations Inc,10219,Middle Falls Hydro,NY,HY2,OP,"Boralex Middle Falls, LLC","c/o Boralex Inc. 900, de Maisonneuve Boulevard West  Maison Manuvie",Montreal,QC,H3AOA8,60680,0.02,2021
55754,Boralex Hydro Operations Inc,10220,Sissonville Hydro,NY,HY1,OP,Sissonville Ltd Partnership,39 Hudson Falls Road,South Glens Falls,NY,12803,17272,0.98,2021
55754,Boralex Hydro Operations Inc,10220,Sissonville Hydro,NY,HY1,OP,"Sissonville II, LLC","c/o Boralex Inc. 900, de Maisonneuve Boulevard West  Maison Manuvie",Montreal,QC,H3AOA8,60679,0.02,2021
55754,Boralex Hydro Operations Inc,10221,New York State Dam Hydro,NY,GEN1,OP,NYSD Ltd Partnership,39 Hudson Falls Road,South Glens Falls,NY,12803,44858,0.98,2021
55754,Boralex Hydro Operations Inc,10221,New York State Dam Hydro,NY,GEN1,OP,"State Dam II, LLC","c/o Boralex Inc. 900, de Maisonneuve Boulevard West  Maison Manuvie - 24th floor",Montreal,QC,H3AOA8,60666,0.02,2021
55754,Boralex Hydro Operations Inc,10221,New York State Dam Hydro,NY,GEN2,OP,NYSD Ltd Partnership,39 Hudson Falls Road,South Glens Falls,NY,12803,44858,0.98,2021
55754,Boralex Hydro Operations Inc,10221,New York State Dam Hydro,NY,GEN2,OP,"State Dam II, LLC","c/o Boralex Inc. 900, de Maisonneuve Boulevard West  Maison Manuvie - 24th floor",Montreal,QC,H3AOA8,60666,0.02,2021
55754,Boralex Hydro Operations Inc,10467,Fourth Branch Hydroelectric Facility,NY,1,OP,Adirondack Hydro-Fourth Branch LLC,39 Hudson Falls Road,South Glens Falls,NY,12803,59049,1,2021
57280,"Eagle Creek Renewable Energy, LLC",10490,Upper Beaver Falls Project,NY,1G,OP,"Eagle Creek Beaver Falls, LLC","7315 Wisconsin Ave,",Bethesda,MD,20814,64592,1,2021
16909,Selkirk Cogen Partners LP,10725,Selkirk Cogen,NY,GEN1,OP,Alterna Springerville  LLC,15 River Road,Wilton,CT,6897,56530,1,2021
16909,Selkirk Cogen Partners LP,10725,Selkirk Cogen,NY,GEN2,SB,Alterna Springerville  LLC,15 River Road,Wilton,CT,6897,56530,1,2021
16909,Selkirk Cogen Partners LP,10725,Selkirk Cogen,NY,GEN3,OP,Alterna Springerville  LLC,15 River Road,Wilton,CT,6897,56530,1,2021
16909,Selkirk Cogen Partners LP,10725,Selkirk Cogen,NY,GEN4,OP,Alterna Springerville  LLC,15 River Road,Wilton,CT,6897,56530,1,2021
16909,Selkirk Cogen Partners LP,10725,Selkirk Cogen,NY,GEN5,OP,Alterna Springerville  LLC,15 River Road,Wilton,CT,6897,56530,1,2021
40052,AG Energy LP,10803,Ogdensburg Power,NY,GEN1,RE,AG Energy Inc,,,,,34439,0.01,2021
40052,AG Energy LP,10803,Ogdensburg Power,NY,GEN1,RE,Iroqouis Power,,,,,34542,0.15,2021
40052,AG Energy LP,10803,Ogdensburg Power,NY,GEN1,RE,Alliance Energy Group LLC,PO Box 585,Ogdensburg,NY,13669,54771,0.84,2021
40052,AG Energy LP,10803,Ogdensburg Power,NY,GEN2,RE,AG Energy Inc,,,,,34439,0.01,2021
40052,AG Energy LP,10803,Ogdensburg Power,NY,GEN2,RE,Iroqouis Power,,,,,34542,0.15,2021
40052,AG Energy LP,10803,Ogdensburg Power,NY,GEN2,RE,Alliance Energy Group LLC,PO Box 585,Ogdensburg,NY,13669,54771,0.84,2021
40052,AG Energy LP,10803,Ogdensburg Power,NY,GEN3,OS,AG Energy LP,21 Entrance AvenuePO Box 585,Ogdensburg,NY,13669,40052,0.01,2021
40052,AG Energy LP,10803,Ogdensburg Power,NY,GEN3,OS,Alliance Energy Group LLC,PO Box 585,Ogdensburg,NY,13669,54771,0.99,2021
63985,Hydroland Omega LLC,10848,Walden,NY,GEN1,OP,"Walden Hydro, LLC",1 Tech Dr. Suite 220,Andover,MA,1810,60225,1,2021
63985,Hydroland Omega LLC,10848,Walden,NY,GEN2,OP,"Walden Hydro, LLC",1 Tech Dr. Suite 220,Andover,MA,1810,60225,1,2021
63985,Hydroland Omega LLC,10848,Walden,NY,GEN3,OP,"Walden Hydro, LLC",1 Tech Dr. Suite 220,Andover,MA,1810,60225,1,2021
57280,"Eagle Creek Renewable Energy, LLC",50354,Newport Hydro,NY,1,OP,Newport Hydro Associates,7315 Wisconsin Ave,Bethesda,MD,20814,13532,1,2021
57280,"Eagle Creek Renewable Energy, LLC",50354,Newport Hydro,NY,2,OP,Newport Hydro Associates,7315 Wisconsin Ave,Bethesda,MD,20814,13532,1,2021
57280,"Eagle Creek Renewable Energy, LLC",50354,Newport Hydro,NY,3,OP,Newport Hydro Associates,7315 Wisconsin Ave,Bethesda,MD,20814,13532,1,2021
57280,"Eagle Creek Renewable Energy, LLC",50512,Glen Park Hydroelectric Project,NY,GEN1,OP,"Black River Hydroelectric, LLC",7315 Wisconsin Ave,Bethesda,MD,20814,60779,1,2021
57280,"Eagle Creek Renewable Energy, LLC",50512,Glen Park Hydroelectric Project,NY,GEN2,OP,"Black River Hydroelectric, LLC",7315 Wisconsin Ave,Bethesda,MD,20814,60779,1,2021
57280,"Eagle Creek Renewable Energy, LLC",50512,Glen Park Hydroelectric Project,NY,GEN3,OP,"Black River Hydroelectric, LLC",7315 Wisconsin Ave,Bethesda,MD,20814,60779,1,2021
57280,"Eagle Creek Renewable Energy, LLC",50652,Lyonsdale Associates,NY,GEN1,OP,"Lyonsdale Associates, LLC",7315 Wisconsin Ave,Bethesda,MD,20814,56382,1,2021
57280,"Eagle Creek Renewable Energy, LLC",50652,Lyonsdale Associates,NY,GEN2,OP,"Lyonsdale Associates, LLC",7315 Wisconsin Ave,Bethesda,MD,20814,56382,1,2021
24202,Carr Street Generating Sta LP,50978,Carr Street Generating Station,NY,GEN1,OP,BRASCAN Power Corporation,480m Boul. de la CiteGatineau,Quebec,CN,J8T,50008,1,2021
24202,Carr Street Generating Sta LP,50978,Carr Street Generating Station,NY,GEN2,OP,BRASCAN Power Corporation,480m Boul. de la CiteGatineau,Quebec,CN,J8T,50008,1,2021
24202,Carr Street Generating Sta LP,50978,Carr Street Generating Station,NY,GEN3,OP,BRASCAN Power Corporation,480m Boul. de la CiteGatineau,Quebec,CN,J8T,50008,1,2021
57280,"Eagle Creek Renewable Energy, LLC",51034,Little Falls Hydro,NY,GEN1,OP,Little Falls Hydroelec Assoc,7315 Wisconsin Ave,Bethesda,MD,20814,10714,1,2021
57280,"Eagle Creek Renewable Energy, LLC",51034,Little Falls Hydro,NY,GEN2,OP,Little Falls Hydroelec Assoc,7315 Wisconsin Ave,Bethesda,MD,20814,10714,1,2021
56601,Covanta MacArthur Renewable Energy,51038,MacArthur Waste to Energy Facility,NY,GEN1,OP,Islip Resource Recovery Agency,4001 Veterans Highway,Ronkonroma,NY,11779,9458,1,2021
19153,Nassau Energy Corp,52056,Nassau Energy Corp,NY,GT1,OP,Engie North America,1360 Post Oak Blvd,Houston,TX,77056,56201,1,2021
19153,Nassau Energy Corp,52056,Nassau Energy Corp,NY,ST1,OP,Engie North America,1360 Post Oak Blvd,Houston,TX,77056,56201,1,2021
10349,KIAC Partners,54114,Kennedy International Airport Cogen,NY,CT-3,CN,Westbrook Energy Center,717 Texas Avenue,Houston,TX,77002,2891,1,2021
10349,KIAC Partners,54114,Kennedy International Airport Cogen,NY,GEN1,OP,Calpine Corp,"700 Louisiana Street,  Suite 2700",Houston,TX,77002,2796,1,2021
10349,KIAC Partners,54114,Kennedy International Airport Cogen,NY,GEN2,OP,Calpine Corp,"700 Louisiana Street,  Suite 2700",Houston,TX,77002,2796,1,2021
10349,KIAC Partners,54114,Kennedy International Airport Cogen,NY,GEN3,OP,Calpine Corp,"700 Louisiana Street,  Suite 2700",Houston,TX,77002,2796,1,2021
50136,North American Energy Services,54131,Fortistar North Tonawanda,NY,GEN1,OP,Fortistar LLC,5087 Junction Rd,Lockport,NY,14094,6571,1,2021
50136,North American Energy Services,54131,Fortistar North Tonawanda,NY,GEN2,OP,Fortistar LLC,5087 Junction Rd,Lockport,NY,14094,6571,1,2021
57280,"Eagle Creek Renewable Energy, LLC",54391,Alice Falls Hydro Project,NY,1,OP,"Alice Falls Hydro, LLC",7315 Wisconsin Ave,Bethesda,MD,20814,326,1,2021
57280,"Eagle Creek Renewable Energy, LLC",54391,Alice Falls Hydro Project,NY,2,OP,"Alice Falls Hydro, LLC",7315 Wisconsin Ave,Bethesda,MD,20814,326,1,2021
17254,Sithe/Independence LLC,54547,Sithe Independence Station,NY,1,OP,Vistra Energy,6555 Sierra Drive,Irving,TX,75039,62723,1,2021
17254,Sithe/Independence LLC,54547,Sithe Independence Station,NY,2,OP,Vistra Energy,6555 Sierra Drive,Irving,TX,75039,62723,1,2021
17254,Sithe/Independence LLC,54547,Sithe Independence Station,NY,3,OP,Vistra Energy,6555 Sierra Drive,Irving,TX,75039,62723,1,2021
17254,Sithe/Independence LLC,54547,Sithe Independence Station,NY,4,OP,Vistra Energy,6555 Sierra Drive,Irving,TX,75039,62723,1,2021
17254,Sithe/Independence LLC,54547,Sithe Independence Station,NY,5,OP,Vistra Energy,6555 Sierra Drive,Irving,TX,75039,62723,1,2021
17254,Sithe/Independence LLC,54547,Sithe Independence Station,NY,6,OP,Vistra Energy,6555 Sierra Drive,Irving,TX,75039,62723,1,2021
57280,"Eagle Creek Renewable Energy, LLC",54691,Lower Beaver Falls Project,NY,2G,OP,"Eagle Creek Beaver Falls, LLC","7315 Wisconsin Ave,",Bethesda,MD,20814,64592,1,2021
57280,"Eagle Creek Renewable Energy, LLC",54691,Lower Beaver Falls Project,NY,3G,OP,"Eagle Creek Beaver Falls, LLC","7315 Wisconsin Ave,",Bethesda,MD,20814,64592,1,2021
55754,Boralex Hydro Operations Inc,54772,South Glens Falls Hydroelectric,NY,GEN1,OP,South Glens Falls LP,39 Hudson Falls Road,South Glens Falls,NY,12803,17679,0.005,2021
55754,Boralex Hydro Operations Inc,54772,South Glens Falls Hydroelectric,NY,GEN1,OP,"South Glens Falls, LLC","c/o Boralex Inc. 900, de Maisonneuve Boulevard West  Maison Manuvie - 24th floor",Montreal,QC,H3AOA8,60678,0.005,2021
55754,Boralex Hydro Operations Inc,54772,South Glens Falls Hydroelectric,NY,GEN1,OP,BPIF LLC,39 Hudson Falls RD,South Glens Falls,NY,12803,60683,0.99,2021
55754,Boralex Hydro Operations Inc,54772,South Glens Falls Hydroelectric,NY,GEN2,OP,South Glens Falls LP,39 Hudson Falls Road,South Glens Falls,NY,12803,17679,0.005,2021
55754,Boralex Hydro Operations Inc,54772,South Glens Falls Hydroelectric,NY,GEN2,OP,"South Glens Falls, LLC","c/o Boralex Inc. 900, de Maisonneuve Boulevard West  Maison Manuvie - 24th floor",Montreal,QC,H3AOA8,60678,0.005,2021
55754,Boralex Hydro Operations Inc,54772,South Glens Falls Hydroelectric,NY,GEN2,OP,BPIF LLC,39 Hudson Falls RD,South Glens Falls,NY,12803,60683,0.99,2021
57280,"Eagle Creek Renewable Energy, LLC",54865,Phoenix Hydro Project,NY,1-02,OP,Oswego Hydro Partners LP,7315 Wisconsin Ave.,Bethesda,MD,20814,14235,1,2021
57280,"Eagle Creek Renewable Energy, LLC",54865,Phoenix Hydro Project,NY,2-01,OP,Oswego Hydro Partners LP,7315 Wisconsin Ave.,Bethesda,MD,20814,14235,1,2021
2313,Brooklyn Navy Yard Cogen PLP,54914,Brooklyn Navy Yard Cogeneration,NY,01,OP,Energy Investors Fund II LP,,,,,34510,0.5844,2021
2313,Brooklyn Navy Yard Cogen PLP,54914,Brooklyn Navy Yard Cogeneration,NY,01,OP,Mission Energy of NY,,,,,34667,0.2078,2021
2313,Brooklyn Navy Yard Cogen PLP,54914,Brooklyn Navy Yard Cogeneration,NY,01,OP,B-41 Associates,,,,,34668,0.2078,2021
2313,Brooklyn Navy Yard Cogen PLP,54914,Brooklyn Navy Yard Cogeneration,NY,02,OP,Energy Investors Fund II LP,,,,,34510,0.1934,2021
2313,Brooklyn Navy Yard Cogen PLP,54914,Brooklyn Navy Yard Cogeneration,NY,02,OP,Mission Energy of NY,,,,,34667,0.4033,2021
2313,Brooklyn Navy Yard Cogen PLP,54914,Brooklyn Navy Yard Cogeneration,NY,02,OP,B-41 Associates,,,,,34668,0.4033,2021
2313,Brooklyn Navy Yard Cogen PLP,54914,Brooklyn Navy Yard Cogeneration,NY,03,OP,Energy Investors Fund II LP,,,,,34510,0.1934,2021
2313,Brooklyn Navy Yard Cogen PLP,54914,Brooklyn Navy Yard Cogeneration,NY,03,OP,Mission Energy of NY,,,,,34667,0.4033,2021
2313,Brooklyn Navy Yard Cogen PLP,54914,Brooklyn Navy Yard Cogeneration,NY,03,OP,B-41 Associates,,,,,34668,0.4033,2021
2313,Brooklyn Navy Yard Cogen PLP,54914,Brooklyn Navy Yard Cogeneration,NY,04,OP,Energy Investors Fund II LP,,,,,34510,0.1934,2021
2313,Brooklyn Navy Yard Cogen PLP,54914,Brooklyn Navy Yard Cogeneration,NY,04,OP,Mission Energy of NY,,,,,34667,0.4033,2021
2313,Brooklyn Navy Yard Cogen PLP,54914,Brooklyn Navy Yard Cogeneration,NY,04,OP,B-41 Associates,,,,,34668,0.4033,2021
55754,Boralex Hydro Operations Inc,54953,Hudson Falls Hydroelectric Project,NY,GEN1,OP,Northern Electric Power Co LP,39 Hudson Falls Road,South Glens Falls,NY,12803,13729,0.005,2021
55754,Boralex Hydro Operations Inc,54953,Hudson Falls Hydroelectric Project,NY,GEN1,OP,"Hudson Falls, LLC","c/o Boralex Inc. 900, de Maisonneuve Boulevard West  Maison Manuvie - 24th floor",Montreal,QC,H3AOA8,60677,0.005,2021
55754,Boralex Hydro Operations Inc,54953,Hudson Falls Hydroelectric Project,NY,GEN1,OP,BPIF LLC,39 Hudson Falls RD,South Glens Falls,NY,12803,60683,0.99,2021
55754,Boralex Hydro Operations Inc,54953,Hudson Falls Hydroelectric Project,NY,GEN2,OP,Northern Electric Power Co LP,39 Hudson Falls Road,South Glens Falls,NY,12803,13729,0.005,2021
55754,Boralex Hydro Operations Inc,54953,Hudson Falls Hydroelectric Project,NY,GEN2,OP,"Hudson Falls, LLC","c/o Boralex Inc. 900, de Maisonneuve Boulevard West  Maison Manuvie - 24th floor",Montreal,QC,H3AOA8,60677,0.005,2021
55754,Boralex Hydro Operations Inc,54953,Hudson Falls Hydroelectric Project,NY,GEN2,OP,BPIF LLC,39 Hudson Falls RD,South Glens Falls,NY,12803,60683,0.99,2021
49880,Madison Windpower LLC,55769,Madison Windpower LLC,NY,MADW,OP,EDP Renewables North America LLC,808 Travis S St. Suite 700,Houston,TX,77002,61757,1,2021
49845,"Equus Power I, L.P.,",56032,Equus Freeport Power,NY,0001,OP,J Power USA Development Co Ltd,1900 East Golf Road,Schaumburg,IL,60173,56370,1,2021
49845,"Equus Power I, L.P.,",56032,Equus Freeport Power,NY,001,OP,J Power USA Development Co Ltd,1900 East Golf Road,Schaumburg,IL,60173,56370,1,2021
49837,Pinelawn Power LLC,56188,Pinelawn Power LLC,NY,CTG,OP,J Power USA Development Co Ltd,1900 East Golf Road,Schaumburg,IL,60173,56370,1,2021
49837,Pinelawn Power LLC,56188,Pinelawn Power LLC,NY,STG,OP,J Power USA Development Co Ltd,1900 East Golf Road,Schaumburg,IL,60173,56370,1,2021
54684,"Flat Rock Windpower, LLC",56290,Maple Ridge Wind Farm,NY,1,OP,Avangrid Renewables LLC,"1125 NW Couch , Ste. 700",Portland,OR,97209,15399,0.5,2021
54684,"Flat Rock Windpower, LLC",56290,Maple Ridge Wind Farm,NY,1,OP,EDP Renewables North America LLC,808 Travis S St. Suite 700,Houston,TX,77002,61757,0.5,2021
54684,"Flat Rock Windpower, LLC",56290,Maple Ridge Wind Farm,NY,1A,OP,Avangrid Renewables LLC,"1125 NW Couch , Ste. 700",Portland,OR,97209,15399,0.5,2021
54684,"Flat Rock Windpower, LLC",56290,Maple Ridge Wind Farm,NY,1A,OP,Madison Windpower LLC,"808 Travis, Suite 700",Houston,TX,77002,49880,0.5,2021
54684,"Flat Rock Windpower, LLC",56290,Maple Ridge Wind Farm,NY,2,OP,Avangrid Renewables LLC,"1125 NW Couch , Ste. 700",Portland,OR,97209,15399,0.5,2021
54684,"Flat Rock Windpower, LLC",56290,Maple Ridge Wind Farm,NY,2,OP,EDP Renewables North America LLC,808 Travis S St. Suite 700,Houston,TX,77002,61757,0.5,2021
54684,"Flat Rock Windpower, LLC",56290,Maple Ridge Wind Farm,NY,3,OP,Avangrid Renewables LLC,"1125 NW Couch , Ste. 700",Portland,OR,97209,15399,0.5,2021
54684,"Flat Rock Windpower, LLC",56290,Maple Ridge Wind Farm,NY,3,OP,EDP Renewables North America LLC,808 Travis S St. Suite 700,Houston,TX,77002,61757,0.5,2021
56545,Pattern Operators LP,56370,Ecogen Wind,NY,1,CN,Ecogen Wind LLC,2 Harrison Street6th Floor,San Francisco,CA,94105,56047,1,2021
63858,"Valcour Operating Services, LLC",56618,Clinton,NY,1,OP,"Valcour Clinton Windpark, LLC",13860 Ballantyne Corporate Place Suite 300,Charlotte,NC,28277,64018,1,2021
63858,"Valcour Operating Services, LLC",56619,Ellenburg,NY,1,OP,"Valcour Ellenburg Windpark, LLC",13860 Ballantyne Corporate Place Suite 300,Charlotte,NC,28277,64019,1,2021
63858,"Valcour Operating Services, LLC",56620,Bliss,NY,1,OP,"Valcour Bliss Windpark, LLC",13860 Ballantyne Corporate Place Suite 300,Charlotte,NC,28277,64020,1,2021
63858,"Valcour Operating Services, LLC",56901,Altona,NY,1,OP,"Valcour Altona Windpark, LLC",13860 Ballantyne Corporate Place Suite 300,Charlotte,NC,28277,64021,1,2021
63858,"Valcour Operating Services, LLC",56902,Wethersfield,NY,1,OP,"Valcour Wethersfield Windpark, LLC",13860 Ballantyne Corporate Place Suite 300,Charlotte,NC,28277,64022,1,2021
63858,"Valcour Operating Services, LLC",56904,Chateaugay,NY,1,OP,"Valcour Chateaugay Windpark, LLC",13860 Ballantyne Corporate Place Suite 300,Charlotte,NC,28277,64023,1,2021
50158,Innovative Energy Systems Inc,56986,Clinton LFGTE Facility,NY,GEN1,OP,Casella Waste Systems,25 Greens Hill Ln,Rutland,VT,5701,34466,1,2021
50158,Innovative Energy Systems Inc,56986,Clinton LFGTE Facility,NY,GEN2,OP,Casella Waste Systems,25 Greens Hill Ln,Rutland,VT,5701,34466,1,2021
50158,Innovative Energy Systems Inc,56986,Clinton LFGTE Facility,NY,GEN3,OP,Casella Waste Systems,25 Greens Hill Ln,Rutland,VT,5701,34466,1,2021
50158,Innovative Energy Systems Inc,56986,Clinton LFGTE Facility,NY,GEN4,OP,Casella Waste Systems,25 Greens Hill Ln,Rutland,VT,5701,34466,1,2021
50158,Innovative Energy Systems Inc,56987,Hyland LFGTE Facility,NY,GEN1,OP,Casella Waste Systems,25 Greens Hill Ln,Rutland,VT,5701,34466,1,2021
50158,Innovative Energy Systems Inc,56987,Hyland LFGTE Facility,NY,GEN2,OP,Casella Waste Systems,25 Greens Hill Ln,Rutland,VT,5701,34466,1,2021
50158,Innovative Energy Systems Inc,56987,Hyland LFGTE Facility,NY,GEN3,OP,Casella Waste Systems,25 Greens Hill Ln,Rutland,VT,5701,34466,1,2021
50158,Innovative Energy Systems Inc,56987,Hyland LFGTE Facility,NY,GEN4,CN,Casella Waste Systems,25 Greens Hill Ln,Rutland,VT,5701,34466,1,2021
56534,Cricket Valley Energy Center LLC,57185,Cricket Valley Energy,NY,U001,OP,Cricket Valley Energy Holdings LLC,31 Milk St,Boston,MA,2109,62096,1,2021
56534,Cricket Valley Energy Center LLC,57185,Cricket Valley Energy,NY,U002,OP,Cricket Valley Energy Holdings LLC,31 Milk St,Boston,MA,2109,62096,1,2021
56534,Cricket Valley Energy Center LLC,57185,Cricket Valley Energy,NY,U003,OP,Cricket Valley Energy Holdings LLC,31 Milk St,Boston,MA,2109,62096,1,2021
56534,Cricket Valley Energy Center LLC,57185,Cricket Valley Energy,NY,U004,OP,Cricket Valley Energy Holdings LLC,31 Milk St,Boston,MA,2109,62096,1,2021
56534,Cricket Valley Energy Center LLC,57185,Cricket Valley Energy,NY,U005,OP,Cricket Valley Energy Holdings LLC,31 Milk St,Boston,MA,2109,62096,1,2021
56534,Cricket Valley Energy Center LLC,57185,Cricket Valley Energy,NY,U006,OP,Cricket Valley Energy Holdings LLC,31 Milk St,Boston,MA,2109,62096,1,2021
64137,"Chautauqua Green Energy, LLC",57186,Chautauqua LFGTE Facility,NY,GEN1,OP,Chautauqua County,3889 Towerville Road,Jamestown,NY,14701,56553,1,2021
64137,"Chautauqua Green Energy, LLC",57186,Chautauqua LFGTE Facility,NY,GEN2,OP,Chautauqua County,3889 Towerville Road,Jamestown,NY,14701,56553,1,2021
64137,"Chautauqua Green Energy, LLC",57186,Chautauqua LFGTE Facility,NY,GEN3,OP,Chautauqua County,3889 Towerville Road,Jamestown,NY,14701,56553,1,2021
64137,"Chautauqua Green Energy, LLC",57186,Chautauqua LFGTE Facility,NY,GEN4,OP,Chautauqua County,3889 Towerville Road,Jamestown,NY,14701,56553,1,2021
64137,"Chautauqua Green Energy, LLC",57186,Chautauqua LFGTE Facility,NY,GEN5,OP,Chautauqua County,3889 Towerville Road,Jamestown,NY,14701,56553,1,2021
64137,"Chautauqua Green Energy, LLC",57186,Chautauqua LFGTE Facility,NY,GEN6,OP,Chautauqua County,3889 Towerville Road,Jamestown,NY,14701,56553,1,2021
56545,Pattern Operators LP,57193,Ripley Westfield Wind LLC,NY,WTG,CN,Ripley Westfield Wind LLC,"Pier 1, Bay 3",San Francisco,CA,94111,56557,1,2021
61978,Convergent Energy and Power LP,57710,Stephentown Spindle,NY,SRS1,OP,Stephentown Spindle LLC,"7 Times Square, Suite 3504",New York,NY,10036,57035,1,2021
63800,Longroad Energy Services 2,57867,Howard Wind Farm,NY,1,OP,BlackRock Inc.,40 East 52nd St.,New York,NY,10022,61975,1,2021
63800,Longroad Energy Services 2,57867,Howard Wind Farm,NY,2,OP,BlackRock Inc.,40 East 52nd St.,New York,NY,10022,61975,1,2021
50158,Innovative Energy Systems Inc,58295,SREC Bath LFGTE,NY,GEN1,RE,"Steuben Rural Elec Coop, Inc",9 Wilson Avenue,Bath,NY,14810,18102,1,2021
50158,Innovative Energy Systems Inc,58295,SREC Bath LFGTE,NY,GEN2,RE,"Steuben Rural Elec Coop, Inc",9 Wilson Avenue,Bath,NY,14810,18102,1,2021
58383,CH4 Biogas LLC,58399,Synergy Biogas,NY,1,OA,Synergy Biogas LLC,30 Lakewood Circle N,Greenwich,CT,6830,58386,1,2021
60947,Tesla Inc.,59789,Millbrook School,NY,PV1,OP,"Three Rivers Solar I, LLC",6800 Dumbarton Circle,Fremont,CA,94555,59567,1,2021
60947,Tesla Inc.,60097,Onondaga County - Metro Water Board,NY,PV1,OP,"Dom Solar Lessor I, LP",6800 Dumbarton Circle,Fremont,CA,94555,59865,1,2021
60947,Tesla Inc.,60098,Onondaga County - Oak Orchard WWTP,NY,PV1,OP,"Dom Solar Lessor I, LP",6800 Dumbarton Circle,Fremont,CA,94555,59865,1,2021
60947,Tesla Inc.,60114,Oneida County- DPW,NY,PV1,OP,"Dom Solar Lessor I, LP",6800 Dumbarton Circle,Fremont,CA,94555,59865,1,2021
60947,Tesla Inc.,60115,Town of Halfmoon,NY,PV1,OP,"Dom Solar Lessor I, LP",6800 Dumbarton Circle,Fremont,CA,94555,59865,1,2021
60947,Tesla Inc.,60229,Orange County Solar Farm (NY),NY,PV1,OP,"Three Rivers Solar I, LLC",6800 Dumbarton Circle,Fremont,CA,94555,59567,1,2021
60947,Tesla Inc.,60232,Onondaga County- Jamesville,NY,PV1,OP,"Three Rivers Solar I, LLC",6800 Dumbarton Circle,Fremont,CA,94555,59567,1,2021
60947,Tesla Inc.,60462,Onondaga County- Clearwater,NY,PV1,OP,"Dom Solar Lessor I, LP",6800 Dumbarton Circle,Fremont,CA,94555,59865,1,2021
60947,Tesla Inc.,60463,Greene County Meter #1,NY,PV1,OP,"Dom Solar Lessor I, LP",6800 Dumbarton Circle,Fremont,CA,94555,59865,1,2021
60947,Tesla Inc.,60507,Broome County,NY,NORTH,OP,"Dom Solar Lessor I, LP",6800 Dumbarton Circle,Fremont,CA,94555,59865,1,2021
60947,Tesla Inc.,60507,Broome County,NY,SOUTH,OP,"Dom Solar Lessor I, LP",6800 Dumbarton Circle,Fremont,CA,94555,59865,1,2021
60947,Tesla Inc.,60817,Sullivan County - Adult Care Solar,NY,PV1,OP,"Dom Solar Lessor I, LP",6800 Dumbarton Circle,Fremont,CA,94555,59865,1,2021
60584,Onyx Asset Services Group,60967,Onyx - Lamphear Road CSG,NY,10016,OP,Janus Solar Fund LP,230 Park Avenue,New York,NY,10169,60820,1,2021
54842,WM Renewable Energy LLC,61012,Mill Seat Renewable Energy Facility,NY,GEN1,OP,Monroe County (NY),"50 West Main Street, Suite 7100",Rochester,NY,14614,60791,1,2021
54842,WM Renewable Energy LLC,61012,Mill Seat Renewable Energy Facility,NY,GEN2,OP,Monroe County (NY),"50 West Main Street, Suite 7100",Rochester,NY,14614,60791,1,2021
54842,WM Renewable Energy LLC,61012,Mill Seat Renewable Energy Facility,NY,GEN3,OP,Monroe County (NY),"50 West Main Street, Suite 7100",Rochester,NY,14614,60791,1,2021
54842,WM Renewable Energy LLC,61012,Mill Seat Renewable Energy Facility,NY,GEN4,OP,Monroe County (NY),"50 West Main Street, Suite 7100",Rochester,NY,14614,60791,1,2021
54842,WM Renewable Energy LLC,61012,Mill Seat Renewable Energy Facility,NY,GEN5,OP,Monroe County (NY),"50 West Main Street, Suite 7100",Rochester,NY,14614,60791,1,2021
54842,WM Renewable Energy LLC,61012,Mill Seat Renewable Energy Facility,NY,GEN6,OP,Monroe County (NY),"50 West Main Street, Suite 7100",Rochester,NY,14614,60791,1,2021
54842,WM Renewable Energy LLC,61012,Mill Seat Renewable Energy Facility,NY,GEN7,OP,Monroe County (NY),"50 West Main Street, Suite 7100",Rochester,NY,14614,60791,1,2021
54842,WM Renewable Energy LLC,61012,Mill Seat Renewable Energy Facility,NY,GEN8,OP,Monroe County (NY),"50 West Main Street, Suite 7100",Rochester,NY,14614,60791,1,2021
58756,Albany Engineering Corporation,61207,Green Island Hydroelectric Station,NY,UNIT1,OP,Green Island Power Authority,69 Hudson Ave,Green Island,NY,12083,60852,1,2021
58756,Albany Engineering Corporation,61207,Green Island Hydroelectric Station,NY,UNIT2,OP,Green Island Power Authority,69 Hudson Ave,Green Island,NY,12083,60852,1,2021
58756,Albany Engineering Corporation,61207,Green Island Hydroelectric Station,NY,UNIT3,OP,Green Island Power Authority,69 Hudson Ave,Green Island,NY,12083,60852,1,2021
58756,Albany Engineering Corporation,61207,Green Island Hydroelectric Station,NY,UNIT4,OP,Green Island Power Authority,69 Hudson Ave,Green Island,NY,12083,60852,1,2021
60584,Onyx Asset Services Group,61724,Onyx - Saratoga Springs Landfill Solar CSG,NY,10254,OP,Solar Mission SunE LLC,230 Park Avenue,New York,NY,10169,61360,1,2021
60584,Onyx Asset Services Group,61847,Broadalbin,NY,10046,OP,GenE Solar I LLC,230 Park Avenue,New York,NY,10169,61463,1,2021
60584,Onyx Asset Services Group,61863,Duanesburg,NY,10048,OP,GenE Solar I LLC,230 Park Avenue,New York,NY,10169,61463,1,2021
60584,Onyx Asset Services Group,61888,Johnstown,NY,10049,OP,GenE Solar I LLC,230 Park Avenue,New York,NY,10169,61463,1,2021
60584,Onyx Asset Services Group,61903,Sharon Springs,NY,10116,OP,GenE Solar I LLC,230 Park Avenue,New York,NY,10169,61463,1,2021
60584,Onyx Asset Services Group,61904,Amsterdam North,NY,10044,OP,GenE Solar I LLC,230 Park Avenue,New York,NY,10169,61463,1,2021
60584,Onyx Asset Services Group,61905,Amsterdam South,NY,10045,OP,GenE Solar I LLC,230 Park Avenue,New York,NY,10169,61463,1,2021
57128,Bloom Energy,62456,Regeneron Tarrytown,NY,RGP00,OP,Key Equipment Finance,1000 McCaslin Blvd,Superior,CO,80027,62002,1,2021
57128,Bloom Energy,62572,ATT Jericho,NY,ATT49,OP,New York Community Bank,615 Merrick Avenue,Westbury,NY,11590,62125,1,2021
57128,Bloom Energy,62576,MER Queens,NY,MER01,OP,KeyBank,127 Public Square,Cleveland,OH,44114,60948,1,2021
62067,EnterSolar,62613,CBP Solar,NY,CBPB1,OP,Continental Building Products,12950 Worldgate Drive,Herndon,VA,20170,65138,1,2021
62067,EnterSolar,62614,Kinder Morgan Fordham,NY,KMFO1,OP,OwnSolar,"450 Raritan Center Parkway, Suite E",Edison,NJ,8837,65133,1,2021
59474,BQ Energy LLC,62721,Steel Sun 2: 2303-III-9 Hamburg Tpke,NY,SS29,OP,BQ Energy LLC,47 S. Hamilton Street,Poughkeepsie,NY,12601,59474,0.06,2021
59474,BQ Energy LLC,62721,Steel Sun 2: 2303-III-9 Hamburg Tpke,NY,SS29,OP,"JSF Energy, LLC","400 Market Industrial Park, Suite 32",Wappingers Falls,NY,12590,62750,0.06,2021
59474,BQ Energy LLC,62721,Steel Sun 2: 2303-III-9 Hamburg Tpke,NY,SS29,OP,Renewable Strategies LLC,"400 Market Industrial Park, Suite 32",Wappingers Falls,NY,12590,62751,0.06,2021
59474,BQ Energy LLC,62721,Steel Sun 2: 2303-III-9 Hamburg Tpke,NY,SS29,OP,Jarlene Development LLC,One World Trade Center Suite 8500,New York,NY,10007,62754,0.76,2021
59474,BQ Energy LLC,62721,Steel Sun 2: 2303-III-9 Hamburg Tpke,NY,SS29,OP,"1951 Hamburg Turnpike, LLC",423 W. Riverside Drive,Olean,NY,14760,62755,0.06,2021
59474,BQ Energy LLC,62722,Steel Sun 2: 2303-III-4 Hamburg Tpke,NY,SS24,OP,BQ Energy LLC,47 S. Hamilton Street,Poughkeepsie,NY,12601,59474,0.06,2021
59474,BQ Energy LLC,62722,Steel Sun 2: 2303-III-4 Hamburg Tpke,NY,SS24,OP,"JSF Energy, LLC","400 Market Industrial Park, Suite 32",Wappingers Falls,NY,12590,62750,0.06,2021
59474,BQ Energy LLC,62722,Steel Sun 2: 2303-III-4 Hamburg Tpke,NY,SS24,OP,Renewable Strategies LLC,"400 Market Industrial Park, Suite 32",Wappingers Falls,NY,12590,62751,0.06,2021
59474,BQ Energy LLC,62722,Steel Sun 2: 2303-III-4 Hamburg Tpke,NY,SS24,OP,Jarlene Development LLC,One World Trade Center Suite 8500,New York,NY,10007,62754,0.76,2021
59474,BQ Energy LLC,62722,Steel Sun 2: 2303-III-4 Hamburg Tpke,NY,SS24,OP,"1951 Hamburg Turnpike, LLC",423 W. Riverside Drive,Olean,NY,14760,62755,0.06,2021
59474,BQ Energy LLC,62723,Steel Sun 2: 2303-III-2 Hamburg Tpke,NY,SS22,OP,BQ Energy LLC,47 S. Hamilton Street,Poughkeepsie,NY,12601,59474,0.06,2021
59474,BQ Energy LLC,62723,Steel Sun 2: 2303-III-2 Hamburg Tpke,NY,SS22,OP,"JSF Energy, LLC","400 Market Industrial Park, Suite 32",Wappingers Falls,NY,12590,62750,0.06,2021
59474,BQ Energy LLC,62723,Steel Sun 2: 2303-III-2 Hamburg Tpke,NY,SS22,OP,Renewable Strategies LLC,"400 Market Industrial Park, Suite 32",Wappingers Falls,NY,12590,62751,0.06,2021
59474,BQ Energy LLC,62723,Steel Sun 2: 2303-III-2 Hamburg Tpke,NY,SS22,OP,Jarlene Development LLC,One World Trade Center Suite 8500,New York,NY,10007,62754,0.76,2021
59474,BQ Energy LLC,62723,Steel Sun 2: 2303-III-2 Hamburg Tpke,NY,SS22,OP,"1951 Hamburg Turnpike, LLC",423 W. Riverside Drive,Olean,NY,14760,62755,0.06,2021
59474,BQ Energy LLC,62724,Homer Street West,NY,HSW,OP,BQ Energy LLC,47 S. Hamilton Street,Poughkeepsie,NY,12601,59474,0.25,2021
59474,BQ Energy LLC,62724,Homer Street West,NY,HSW,OP,"JSF Energy, LLC","400 Market Industrial Park, Suite 32",Wappingers Falls,NY,12590,62750,0.25,2021
59474,BQ Energy LLC,62724,Homer Street West,NY,HSW,OP,Renewable Strategies LLC,"400 Market Industrial Park, Suite 32",Wappingers Falls,NY,12590,62751,0.25,2021
59474,BQ Energy LLC,62724,Homer Street West,NY,HSW,OP,Olean Gateway Turnkey LLC,423 W. Riverside Drive,Olean,NY,14760,62753,0.25,2021
59474,BQ Energy LLC,62725,Homer Street East,NY,HSE,OP,BQ Energy LLC,47 S. Hamilton Street,Poughkeepsie,NY,12601,59474,0.25,2021
59474,BQ Energy LLC,62725,Homer Street East,NY,HSE,OP,"JSF Energy, LLC","400 Market Industrial Park, Suite 32",Wappingers Falls,NY,12590,62750,0.25,2021
59474,BQ Energy LLC,62725,Homer Street East,NY,HSE,OP,Renewable Strategies LLC,"400 Market Industrial Park, Suite 32",Wappingers Falls,NY,12590,62751,0.25,2021
59474,BQ Energy LLC,62725,Homer Street East,NY,HSE,OP,Olean Gateway Turnkey LLC,423 W. Riverside Drive,Olean,NY,14760,62753,0.25,2021
62709,Bakerstand Solar LLC,62811,Bakerstand Solar (NY),NY,BKSTD,P,"Empire Renewables, LLC",300 International Dr. Suite 100,Williamsville,NY,14221,62702,1,2021
62997,Veolia North America,63236,Kings Plaza Total Energy Plant (TEP),NY,DG2,OP,Macerich,"401 Wilshire Blvd, Suite 700",Santa Monica,CA,90401,63023,1,2021
62997,Veolia North America,63236,Kings Plaza Total Energy Plant (TEP),NY,DG3,OP,Macerich,"401 Wilshire Blvd, Suite 700",Santa Monica,CA,90401,63023,1,2021
62997,Veolia North America,63236,Kings Plaza Total Energy Plant (TEP),NY,DG4,OP,Macerich,"401 Wilshire Blvd, Suite 700",Santa Monica,CA,90401,63023,1,2021
62997,Veolia North America,63236,Kings Plaza Total Energy Plant (TEP),NY,DG5,OP,Macerich,"401 Wilshire Blvd, Suite 700",Santa Monica,CA,90401,63023,1,2021
58871,Citizens Enterprises Corporation,63279,Barneveld Solar,NY,PV1,OP,"Citizens Solar Holdings VIII, LLC","88 Black Falcon Ave, Suite 342",Boston,MA,2210,61636,1,2021
63059,Diamond Properties,63291,Grand Prix Solar,NY,GPS,OP,Grand Prix NY Racing LLC,333 N Bedford Rd,Mt Kisco,NY,10549,63094,0.4871,2021
63059,Diamond Properties,63291,Grand Prix Solar,NY,GPS,OP,DP 21 LLC,333 N Bedford Rd,Mt Kisco,NY,10549,63095,0.0461,2021
63059,Diamond Properties,63291,Grand Prix Solar,NY,GPS,OP,Photo File Inc,333 N Bedford Rd,Mt Kisco,NY,10549,63096,0.0692,2021
63059,Diamond Properties,63291,Grand Prix Solar,NY,GPS,OP,Safe Haven Partners LLC,333 N Bedford Rd,Mt Kisco,NY,10549,63097,0.0461,2021
63059,Diamond Properties,63291,Grand Prix Solar,NY,GPS,OP,New York Sports Management,333 N Bedford Rd,Mt. Kiosco,NY,10549,63098,0.3208,2021
63059,Diamond Properties,63291,Grand Prix Solar,NY,GPS,OP,RDI Electronics,333 N Bedford Rd,Mt. Kiosco,NY,10549,63099,0.0307,2021
63059,Diamond Properties,63292,100 Brook Hill Drive Solar,NY,BHD,OP,DP57 LLC,100 Brook Hill Drive,West Nyack,NY,10994,63103,1,2021
62923,Solar Planet Power,63407,Macedon,NY,101,OP,Solar Advocate Development LLC,"2500 Farmers Dr., Suite 140",Columbus,OH,43235,64422,1,2021
62923,Solar Planet Power,63408,Whittier,NY,300,OP,Solar Advocate Development LLC,"2500 Farmers Dr., Suite 140",Columbus,OH,43235,64422,1,2021
62923,Solar Planet Power,63409,Williamson,NY,100,OP,Solar Advocate Development LLC,"2500 Farmers Dr., Suite 140",Columbus,OH,43235,64422,1,2021
62923,Solar Planet Power,63410,Bennett,NY,304,OP,Solar Advocate Development LLC,"2500 Farmers Dr., Suite 140",Columbus,OH,43235,64422,1,2021
58871,Citizens Enterprises Corporation,63450,Chenango Solar,NY,PV1,OP,"Citizens Solar Holdings IX, LLC","88 Black Falcon Ave, Suite 342",Boston,MA,2210,63247,1,2021
60947,Tesla Inc.,63511,Mohonasen Central School District,NY,PV1,OP,"Solar Integrated Fund VI, LLC",6800 Dumbarton Cirlce,Fremont,CA,94555,63240,1,2021
61944,Goldman Sachs Renewable Power LLC,64030,Kenmare - Sullivan Community College,NY,GEN1,OP,"Sullivan Solar Garden, LLC",750 Park of Commerce Blvd,Boca Raton,FL,33487,63679,1,2021
63838,Hecate Grid Swiftsure LLC,64235,Swiftsure,NY,SWFTS,L,Hecate Energy Johanna Facility LLC,621 W. Randolph St,Chicago,IL,60661,62763,1,2021
63839,Hecate Grid Clermont 1 LLC,64236,Clermont,NY,CLRMT,L,Hecate Energy Johanna Facility LLC,621 W. Randolph St,Chicago,IL,60661,62763,1,2021
63962,"Solar Star Prime 2, LLC",64351,Amazon JFK8 Solar Project,NY,JFK8,OA,53 SP Solar Trust,1100 N. Market St.,Wilmington,DE,19890,63986,1,2021
60947,Tesla Inc.,64445,"County of Dutchess, NY (Airport)",NY,PV1,OP,"Solar Integrated Fund VI, LLC",6800 Dumbarton Cirlce,Fremont,CA,94555,63240,1,2021
62923,Solar Planet Power,64525,Troupsburg,NY,TB1,OP,Solar Troupsburg LLC,2500 Farmers Dr.  Ste 140,Columbus,OH,43235,64163,1,2021
64310,Bronx Community Clean Energy Project LLC,64747,Fuel Cell 3245 Yates Avenue,NY,C3245,T,Catamaran Renewables LLC,675 3rd Avenue,New York,NY,10017,64313,1,2021
64309,Annadale Community Clean Energy Projects LLC,64748,Fuel Cell 18A Sneden Avenue,NY,CR18A,OP,Catamaran Renewables LLC,675 3rd Avenue,New York,NY,10017,64313,1,2021
64309,Annadale Community Clean Energy Projects LLC,64749,Fuel Cell 18B Sneden Avenue,NY,CR18B,OP,Catamaran Renewables LLC,675 3rd Avenue,New York,NY,10017,64313,1,2021
61514,"Agilitas Energy, LLC",64758,Manorville II,NY,MAN,L,"AE-Manorville 2, LLC",401 Edgewater Place,Wakefield,MA,1880,64317,1,2021
61514,"Agilitas Energy, LLC",64758,Manorville II,NY,MANB,L,"AE-Manorville 2, LLC",401 Edgewater Place,Wakefield,MA,1880,64317,1,2021
61514,"Agilitas Energy, LLC",64761,Patchogue ESS,NY,PAT,L,"AE-ESS Cassel, LLC",401 Edgewater Place,Wakefield,MA,1880,64320,1,2021
61514,"Agilitas Energy, LLC",65239,"AE-ESS NWS 1, LLC",NY,NWS,L,"AE-ESS NWS, LLC",401 Edgewater PL STE 105,Wakefield,MA,1880,64567,1,2021
56990,NJR Clean Energy Ventures Corporation,65337,"Maybrook Solar, LLC",NY,MAYBK,T,"Maybrook Solar, LLC",1415 Wyckoff Road,Wall,NJ,7719,64671,1,2021
56990,NJR Clean Energy Ventures Corporation,65385,Airport Road Solar,NY,AIRPT,U,"AR Solar, LLC",1415 Wyckoff Road,Wall,NJ,7719,64732,1,2021
64810,Eversource Energy,65561,South Fork Wind,NY,SFWND,L,"Orsted US East Coast Offshore Wind HoldCo, LLC","399 Boylston Street, 12th Floor",Boston,MA,2116,63816,0.5,2021
64810,Eversource Energy,65561,South Fork Wind,NY,SFWND,L,Eversource Energy,107 Selden Street,Berlin,CT,6037,64810,0.5,2021
62067,EnterSolar,65597,"CEC, LLC Westtown B",NY,CLWB,OP,"Nautilus Solar Energy, LLC",396 Springfield Avenue,Summit,NJ,7901,65139,1,2021
64950,"LI Solar Generation, LLC",65679,Calverton Solar Energy Center,NY,11933,V,National Grid,,,MA,,13516,0.5,2021
64950,"LI Solar Generation, LLC",65679,Calverton Solar Energy Center,NY,11933,V,NextEra Energy Resources Breckinridge,700 Universe Blvd.,Juno Beach,FL,33408,59394,0.5,2021
15296,New York Power Authority,2483,Neversink,NY,H1,OP,City of New York,"One Centre Street, 22nd Floor",New York,NY,10007,55842,1.0,2022
13192,NRG Arthur Kill Operations Inc,2490,Arthur Kill Generating Station,NY,2,OP,Arthur Kill Power LLC,4401 Victory Blvd,Staten Island,NY,10314,22846,1.0,2022
13192,NRG Arthur Kill Operations Inc,2490,Arthur Kill Generating Station,NY,3,OP,Arthur Kill Power LLC,4401 Victory Blvd,Staten Island,NY,10314,22846,1.0,2022
13192,NRG Arthur Kill Operations Inc,2490,Arthur Kill Generating Station,NY,GT1,OP,Arthur Kill Power LLC,4401 Victory Blvd,Staten Island,NY,10314,22846,1.0,2022
13579,Dunkirk Power LLC,2554,Dunkirk Generating Plant,NY,1,RE,"NRG Energy, Inc","300 Carnegie Center, Suite 300",Princenton,NJ,8540,13377,1.0,2022
13579,Dunkirk Power LLC,2554,Dunkirk Generating Plant,NY,2,RE,"NRG Energy, Inc","300 Carnegie Center, Suite 300",Princenton,NJ,8540,13377,1.0,2022
13579,Dunkirk Power LLC,2554,Dunkirk Generating Plant,NY,3,RE,"NRG Energy, Inc","300 Carnegie Center, Suite 300",Princenton,NJ,8540,13377,1.0,2022
13579,Dunkirk Power LLC,2554,Dunkirk Generating Plant,NY,ST4,RE,"NRG Energy, Inc","300 Carnegie Center, Suite 300",Princenton,NJ,8540,13377,1.0,2022
5914,Erie Boulevard Hydropower LP,2576,Higley,NY,2,RE,BRASCAN Power Corporation,480m Boul. de la CiteGatineau,Quebec,CN,J8T,50008,1.0,2022
5914,Erie Boulevard Hydropower LP,2576,Higley,NY,3,RE,BRASCAN Power Corporation,480m Boul. de la CiteGatineau,Quebec,CN,J8T,50008,1.0,2022
55951,Constellation Nuclear,2589,Nine Mile Point Nuclear Station,NY,2,OP,Long Island Power Authority,333 Earle Ovington Boulevard,Uniondale,NY,11553,11171,0.18,2022
55951,Constellation Nuclear,2589,Nine Mile Point Nuclear Station,NY,2,OP,Constellation Nuclear,4300 Winfield Road,Warrenville,IL,60555,55951,0.82,2022
64701,Oswego Harbor Power,2594,Oswego Harbor Power,NY,3,RE,ArcLight Capital Partners LLC,460 North Gulph Road,King of Prussia,PA,19406,49890,1.0,2022
64701,Oswego Harbor Power,2594,Oswego Harbor Power,NY,ST5,OP,ArcLight Capital Partners LLC,460 North Gulph Road,King of Prussia,PA,19406,49890,1.0,2022
64701,Oswego Harbor Power,2594,Oswego Harbor Power,NY,ST6,OP,ArcLight Capital Partners LLC,460 North Gulph Road,King of Prussia,PA,19406,49890,1.0,2022
15296,New York Power Authority,2627,Grahamsville,NY,GRHM,OP,City of New York,"One Centre Street, 22nd Floor",New York,NY,10007,55842,1.0,2022
57280,"Eagle Creek Renewable Energy, LLC",2630,Mongaup Falls,NY,GEN1,OP,"Eagle Creek Hydro Power, LLC",7315 Wisconsin Ave,Bethesda,MD,20814,64589,1.0,2022
57280,"Eagle Creek Renewable Energy, LLC",2630,Mongaup Falls,NY,GEN2,OP,"Eagle Creek Hydro Power, LLC",7315 Wisconsin Ave,Bethesda,MD,20814,64589,1.0,2022
57280,"Eagle Creek Renewable Energy, LLC",2630,Mongaup Falls,NY,GEN3,OP,"Eagle Creek Hydro Power, LLC",7315 Wisconsin Ave,Bethesda,MD,20814,64589,1.0,2022
57280,"Eagle Creek Renewable Energy, LLC",2630,Mongaup Falls,NY,GEN4,OP,"Eagle Creek Hydro Power, LLC",7315 Wisconsin Ave,Bethesda,MD,20814,64589,1.0,2022
57280,"Eagle Creek Renewable Energy, LLC",2631,Rio,NY,RIO,OP,"Eagle Creek Hydro Power, LLC",7315 Wisconsin Ave,Bethesda,MD,20814,64589,1.0,2022
57280,"Eagle Creek Renewable Energy, LLC",2631,Rio,NY,RIO2,OP,"Eagle Creek Hydro Power, LLC",7315 Wisconsin Ave,Bethesda,MD,20814,64589,1.0,2022
57280,"Eagle Creek Renewable Energy, LLC",2634,Swinging Bridge 2,NY,SWI2,OP,"Eagle Creek Hydro Power, LLC",7315 Wisconsin Ave,Bethesda,MD,20814,64589,1.0,2022
57280,"Eagle Creek Renewable Energy, LLC",2634,Swinging Bridge 2,NY,SWI3,OP,"Eagle Creek Hydro Power, LLC",7315 Wisconsin Ave,Bethesda,MD,20814,64589,1.0,2022
5624,"RED-Rochester, LLC",10025,"RED-Rochester, LLC",NY,12TG,RE,Dean Baughman Industrial Services,5704 Industrial Road,Fort Wayne,IN,46825,56569,1.0,2022
60741,Fortistar Castleton Power,10190,Castleton Energy Center,NY,GEN2,OP,Castleton Energy Center,1902 River Rd,Castleton,NY,12033,56517,1.0,2022
55754,Boralex Hydro Operations Inc,10218,Warrensburg Hydroelectric,NY,HY1,OP,Warrensburg Hydro Power LP,39 Hudson Falls Road,South Glens Falls,NY,12803,20118,0.98,2022
55754,Boralex Hydro Operations Inc,10218,Warrensburg Hydroelectric,NY,HY1,OP,Warrensburg II Corporation,"c/o Boralex Inc. 900, de Maisonneuve Boulevard West  Maison Manuvie - 24th floor",Montreal,QC,H3AOA8,60665,0.02,2022
55754,Boralex Hydro Operations Inc,10219,Middle Falls Hydro,NY,HY1,OP,Middle Falls Ltd Partnership,39 Hudson Falls Road,South Glens Falls,NY,12803,12481,0.98,2022
55754,Boralex Hydro Operations Inc,10219,Middle Falls Hydro,NY,HY1,OP,"Boralex Middle Falls, LLC","c/o Boralex Inc. 900, de Maisonneuve Boulevard West  Maison Manuvie",Montreal,QC,H3AOA8,60680,0.02,2022
55754,Boralex Hydro Operations Inc,10219,Middle Falls Hydro,NY,HY2,OP,Middle Falls Ltd Partnership,39 Hudson Falls Road,South Glens Falls,NY,12803,12481,0.98,2022
55754,Boralex Hydro Operations Inc,10219,Middle Falls Hydro,NY,HY2,OP,"Boralex Middle Falls, LLC","c/o Boralex Inc. 900, de Maisonneuve Boulevard West  Maison Manuvie",Montreal,QC,H3AOA8,60680,0.02,2022
55754,Boralex Hydro Operations Inc,10220,Sissonville Hydro,NY,HY1,OP,Sissonville Ltd Partnership,39 Hudson Falls Road,South Glens Falls,NY,12803,17272,0.98,2022
55754,Boralex Hydro Operations Inc,10220,Sissonville Hydro,NY,HY1,OP,"Sissonville II, LLC","c/o Boralex Inc. 900, de Maisonneuve Boulevard West  Maison Manuvie",Montreal,QC,H3AOA8,60679,0.02,2022
55754,Boralex Hydro Operations Inc,10221,New York State Dam Hydro,NY,GEN1,OP,NYSD Ltd Partnership,39 Hudson Falls Road,South Glens Falls,NY,12803,44858,0.98,2022
55754,Boralex Hydro Operations Inc,10221,New York State Dam Hydro,NY,GEN1,OP,"State Dam II, LLC","c/o Boralex Inc. 900, de Maisonneuve Boulevard West  Maison Manuvie - 24th floor",Montreal,QC,H3AOA8,60666,0.02,2022
55754,Boralex Hydro Operations Inc,10221,New York State Dam Hydro,NY,GEN2,OP,NYSD Ltd Partnership,39 Hudson Falls Road,South Glens Falls,NY,12803,44858,0.98,2022
55754,Boralex Hydro Operations Inc,10221,New York State Dam Hydro,NY,GEN2,OP,"State Dam II, LLC","c/o Boralex Inc. 900, de Maisonneuve Boulevard West  Maison Manuvie - 24th floor",Montreal,QC,H3AOA8,60666,0.02,2022
55754,Boralex Hydro Operations Inc,10467,Fourth Branch Hydroelectric Facility,NY,1,OP,Adirondack Hydro-Fourth Branch LLC,39 Hudson Falls Road,South Glens Falls,NY,12803,59049,1.0,2022
57280,"Eagle Creek Renewable Energy, LLC",10490,Upper Beaver Falls Project,NY,1G,OP,"Eagle Creek Beaver Falls, LLC","7315 Wisconsin Ave,",Bethesda,MD,20814,64592,1.0,2022
16909,Selkirk Cogen Partners LP,10725,Selkirk Cogen,NY,GEN1,OP,Alterna Springerville  LLC,15 River Road,Wilton,CT,6897,56530,1.0,2022
16909,Selkirk Cogen Partners LP,10725,Selkirk Cogen,NY,GEN2,SB,Alterna Springerville  LLC,15 River Road,Wilton,CT,6897,56530,1.0,2022
16909,Selkirk Cogen Partners LP,10725,Selkirk Cogen,NY,GEN3,OP,Alterna Springerville  LLC,15 River Road,Wilton,CT,6897,56530,1.0,2022
16909,Selkirk Cogen Partners LP,10725,Selkirk Cogen,NY,GEN4,OP,Alterna Springerville  LLC,15 River Road,Wilton,CT,6897,56530,1.0,2022
16909,Selkirk Cogen Partners LP,10725,Selkirk Cogen,NY,GEN5,OP,Alterna Springerville  LLC,15 River Road,Wilton,CT,6897,56530,1.0,2022
40052,AG Energy LP,10803,Ogdensburg Power,NY,GEN1,RE,AG Energy Inc,,,,,34439,0.01,2022
40052,AG Energy LP,10803,Ogdensburg Power,NY,GEN1,RE,Iroqouis Power,,,,,34542,0.15,2022
40052,AG Energy LP,10803,Ogdensburg Power,NY,GEN1,RE,Alliance Energy Group LLC,PO Box 585,Ogdensburg,NY,13669,54771,0.84,2022
40052,AG Energy LP,10803,Ogdensburg Power,NY,GEN2,RE,AG Energy Inc,,,,,34439,0.01,2022
40052,AG Energy LP,10803,Ogdensburg Power,NY,GEN2,RE,Iroqouis Power,,,,,34542,0.15,2022
40052,AG Energy LP,10803,Ogdensburg Power,NY,GEN2,RE,Alliance Energy Group LLC,PO Box 585,Ogdensburg,NY,13669,54771,0.84,2022
40052,AG Energy LP,10803,Ogdensburg Power,NY,GEN3,OS,AG Energy LP,21 Entrance AvenuePO Box 585,Ogdensburg,NY,13669,40052,0.01,2022
40052,AG Energy LP,10803,Ogdensburg Power,NY,GEN3,OS,Alliance Energy Group LLC,PO Box 585,Ogdensburg,NY,13669,54771,0.99,2022
63985,Hydroland Omega LLC,10848,Walden,NY,GEN1,OP,"Walden Hydro, LLC",1 Tech Dr. Suite 220,Andover,MA,1810,60225,1.0,2022
63985,Hydroland Omega LLC,10848,Walden,NY,GEN2,OP,"Walden Hydro, LLC",1 Tech Dr. Suite 220,Andover,MA,1810,60225,1.0,2022
63985,Hydroland Omega LLC,10848,Walden,NY,GEN3,OP,"Walden Hydro, LLC",1 Tech Dr. Suite 220,Andover,MA,1810,60225,1.0,2022
57280,"Eagle Creek Renewable Energy, LLC",50354,Newport Hydro,NY,1,OP,Newport Hydro Associates,7315 Wisconsin Ave,Bethesda,MD,20814,13532,1.0,2022
57280,"Eagle Creek Renewable Energy, LLC",50354,Newport Hydro,NY,2,OP,Newport Hydro Associates,7315 Wisconsin Ave,Bethesda,MD,20814,13532,1.0,2022
57280,"Eagle Creek Renewable Energy, LLC",50354,Newport Hydro,NY,3,OP,Newport Hydro Associates,7315 Wisconsin Ave,Bethesda,MD,20814,13532,1.0,2022
57280,"Eagle Creek Renewable Energy, LLC",50512,Glen Park Hydroelectric Project,NY,GEN1,OP,"Black River Hydroelectric, LLC",7315 Wisconsin Ave,Bethesda,MD,20814,60779,1.0,2022
57280,"Eagle Creek Renewable Energy, LLC",50512,Glen Park Hydroelectric Project,NY,GEN2,OP,"Black River Hydroelectric, LLC",7315 Wisconsin Ave,Bethesda,MD,20814,60779,1.0,2022
57280,"Eagle Creek Renewable Energy, LLC",50512,Glen Park Hydroelectric Project,NY,GEN3,OP,"Black River Hydroelectric, LLC",7315 Wisconsin Ave,Bethesda,MD,20814,60779,1.0,2022
57280,"Eagle Creek Renewable Energy, LLC",50652,Lyonsdale Associates,NY,GEN1,OP,"Lyonsdale Associates, LLC",7315 Wisconsin Ave,Bethesda,MD,20814,56382,1.0,2022
57280,"Eagle Creek Renewable Energy, LLC",50652,Lyonsdale Associates,NY,GEN2,OP,"Lyonsdale Associates, LLC",7315 Wisconsin Ave,Bethesda,MD,20814,56382,1.0,2022
24202,Carr Street Generating Sta LP,50978,Carr Street Generating Station,NY,GEN1,OP,BRASCAN Power Corporation,480m Boul. de la CiteGatineau,Quebec,CN,J8T,50008,1.0,2022
24202,Carr Street Generating Sta LP,50978,Carr Street Generating Station,NY,GEN2,OP,BRASCAN Power Corporation,480m Boul. de la CiteGatineau,Quebec,CN,J8T,50008,1.0,2022
24202,Carr Street Generating Sta LP,50978,Carr Street Generating Station,NY,GEN3,OP,BRASCAN Power Corporation,480m Boul. de la CiteGatineau,Quebec,CN,J8T,50008,1.0,2022
57280,"Eagle Creek Renewable Energy, LLC",51034,Little Falls Hydro,NY,GEN1,OP,Little Falls Hydroelec Assoc,7315 Wisconsin Ave,Bethesda,MD,20814,10714,1.0,2022
57280,"Eagle Creek Renewable Energy, LLC",51034,Little Falls Hydro,NY,GEN2,OP,Little Falls Hydroelec Assoc,7315 Wisconsin Ave,Bethesda,MD,20814,10714,1.0,2022
56601,Covanta MacArthur Renewable Energy,51038,MacArthur Waste to Energy Facility,NY,GEN1,OP,Islip Resource Recovery Agency,4001 Veterans Highway,Ronkonroma,NY,11779,9458,1.0,2022
19153,Nassau Energy Corp,52056,Nassau Energy Corp,NY,GT1,RE,Engie North America,1360 Post Oak Blvd,Houston,TX,77056,56201,1.0,2022
19153,Nassau Energy Corp,52056,Nassau Energy Corp,NY,ST1,RE,Engie North America,1360 Post Oak Blvd,Houston,TX,77056,56201,1.0,2022
10349,KIAC Partners,54114,Kennedy International Airport Cogen,NY,CT-3,CN,Westbrook Energy Center,717 Texas Avenue,Houston,TX,77002,2891,1.0,2022
10349,KIAC Partners,54114,Kennedy International Airport Cogen,NY,GEN1,OP,Calpine Corp,"700 Louisiana Street,  Suite 2700",Houston,TX,77002,2796,1.0,2022
10349,KIAC Partners,54114,Kennedy International Airport Cogen,NY,GEN2,OP,Calpine Corp,"700 Louisiana Street,  Suite 2700",Houston,TX,77002,2796,1.0,2022
10349,KIAC Partners,54114,Kennedy International Airport Cogen,NY,GEN3,OP,Calpine Corp,"700 Louisiana Street,  Suite 2700",Houston,TX,77002,2796,1.0,2022
50136,North American Energy Services,54131,Fortistar North Tonawanda,NY,GEN1,OP,Fortistar LLC,5087 Junction Rd,Lockport,NY,14094,6571,1.0,2022
50136,North American Energy Services,54131,Fortistar North Tonawanda,NY,GEN2,OP,Fortistar LLC,5087 Junction Rd,Lockport,NY,14094,6571,1.0,2022
57280,"Eagle Creek Renewable Energy, LLC",54391,Alice Falls Hydro Project,NY,1,OP,"Alice Falls Hydro, LLC",7315 Wisconsin Ave,Bethesda,MD,20814,326,1.0,2022
57280,"Eagle Creek Renewable Energy, LLC",54391,Alice Falls Hydro Project,NY,2,OP,"Alice Falls Hydro, LLC",7315 Wisconsin Ave,Bethesda,MD,20814,326,1.0,2022
17254,Sithe/Independence LLC,54547,Sithe Independence Station,NY,1,OP,Vistra Energy,6555 Sierra Drive,Irving,TX,75039,62723,1.0,2022
17254,Sithe/Independence LLC,54547,Sithe Independence Station,NY,2,OP,Vistra Energy,6555 Sierra Drive,Irving,TX,75039,62723,1.0,2022
17254,Sithe/Independence LLC,54547,Sithe Independence Station,NY,3,OP,Vistra Energy,6555 Sierra Drive,Irving,TX,75039,62723,1.0,2022
17254,Sithe/Independence LLC,54547,Sithe Independence Station,NY,4,OP,Vistra Energy,6555 Sierra Drive,Irving,TX,75039,62723,1.0,2022
17254,Sithe/Independence LLC,54547,Sithe Independence Station,NY,5,OP,Vistra Energy,6555 Sierra Drive,Irving,TX,75039,62723,1.0,2022
17254,Sithe/Independence LLC,54547,Sithe Independence Station,NY,6,OP,Vistra Energy,6555 Sierra Drive,Irving,TX,75039,62723,1.0,2022
57280,"Eagle Creek Renewable Energy, LLC",54691,Lower Beaver Falls Project,NY,2G,OP,"Eagle Creek Beaver Falls, LLC","7315 Wisconsin Ave,",Bethesda,MD,20814,64592,1.0,2022
57280,"Eagle Creek Renewable Energy, LLC",54691,Lower Beaver Falls Project,NY,3G,OP,"Eagle Creek Beaver Falls, LLC","7315 Wisconsin Ave,",Bethesda,MD,20814,64592,1.0,2022
55754,Boralex Hydro Operations Inc,54772,South Glens Falls Hydroelectric,NY,GEN1,OP,South Glens Falls LP,39 Hudson Falls Road,South Glens Falls,NY,12803,17679,0.005,2022
55754,Boralex Hydro Operations Inc,54772,South Glens Falls Hydroelectric,NY,GEN1,OP,"South Glens Falls, LLC","c/o Boralex Inc. 900, de Maisonneuve Boulevard West  Maison Manuvie - 24th floor",Montreal,QC,H3AOA8,60678,0.005,2022
55754,Boralex Hydro Operations Inc,54772,South Glens Falls Hydroelectric,NY,GEN1,OP,BPIF LLC,39 Hudson Falls RD,South Glens Falls,NY,12803,60683,0.99,2022
55754,Boralex Hydro Operations Inc,54772,South Glens Falls Hydroelectric,NY,GEN2,OP,South Glens Falls LP,39 Hudson Falls Road,South Glens Falls,NY,12803,17679,0.005,2022
55754,Boralex Hydro Operations Inc,54772,South Glens Falls Hydroelectric,NY,GEN2,OP,"South Glens Falls, LLC","c/o Boralex Inc. 900, de Maisonneuve Boulevard West  Maison Manuvie - 24th floor",Montreal,QC,H3AOA8,60678,0.005,2022
55754,Boralex Hydro Operations Inc,54772,South Glens Falls Hydroelectric,NY,GEN2,OP,BPIF LLC,39 Hudson Falls RD,South Glens Falls,NY,12803,60683,0.99,2022
57280,"Eagle Creek Renewable Energy, LLC",54865,Phoenix Hydro Project,NY,1-02,OP,Oswego Hydro Partners LP,7315 Wisconsin Ave.,Bethesda,MD,20814,14235,1.0,2022
57280,"Eagle Creek Renewable Energy, LLC",54865,Phoenix Hydro Project,NY,2-01,OP,Oswego Hydro Partners LP,7315 Wisconsin Ave.,Bethesda,MD,20814,14235,1.0,2022
2313,Brooklyn Navy Yard Cogen PLP,54914,Brooklyn Navy Yard Cogeneration,NY,01,OP,"Axium BNY II, LLC","63 Kendrick Street, Suite 101",Needham,MA,2494,34510,0.5844,2022
2313,Brooklyn Navy Yard Cogen PLP,54914,Brooklyn Navy Yard Cogeneration,NY,01,OP,Mission Energy of NY,"527 Madison Avenue, 21st Floor",New York,NY,10022,34667,0.2078,2022
2313,Brooklyn Navy Yard Cogen PLP,54914,Brooklyn Navy Yard Cogeneration,NY,01,OP,B-41 Associates,"527 Madison Avenue, 21st Floor,",New York,NY,10022,34668,0.2078,2022
2313,Brooklyn Navy Yard Cogen PLP,54914,Brooklyn Navy Yard Cogeneration,NY,02,OP,"Axium BNY II, LLC","63 Kendrick Street, Suite 101",Needham,MA,2494,34510,0.5844,2022
2313,Brooklyn Navy Yard Cogen PLP,54914,Brooklyn Navy Yard Cogeneration,NY,02,OP,Mission Energy of NY,"527 Madison Avenue, 21st Floor",New York,NY,10022,34667,0.2078,2022
2313,Brooklyn Navy Yard Cogen PLP,54914,Brooklyn Navy Yard Cogeneration,NY,02,OP,B-41 Associates,"527 Madison Avenue, 21st Floor,",New York,NY,10022,34668,0.2078,2022
2313,Brooklyn Navy Yard Cogen PLP,54914,Brooklyn Navy Yard Cogeneration,NY,03,OP,"Axium BNY II, LLC","63 Kendrick Street, Suite 101",Needham,MA,2494,34510,0.5844,2022
2313,Brooklyn Navy Yard Cogen PLP,54914,Brooklyn Navy Yard Cogeneration,NY,03,OP,Mission Energy of NY,"527 Madison Avenue, 21st Floor",New York,NY,10022,34667,0.2078,2022
2313,Brooklyn Navy Yard Cogen PLP,54914,Brooklyn Navy Yard Cogeneration,NY,03,OP,B-41 Associates,"527 Madison Avenue, 21st Floor,",New York,NY,10022,34668,0.2078,2022
2313,Brooklyn Navy Yard Cogen PLP,54914,Brooklyn Navy Yard Cogeneration,NY,04,OP,"Axium BNY II, LLC","63 Kendrick Street, Suite 101",Needham,MA,2494,34510,0.5844,2022
2313,Brooklyn Navy Yard Cogen PLP,54914,Brooklyn Navy Yard Cogeneration,NY,04,OP,Mission Energy of NY,"527 Madison Avenue, 21st Floor",New York,NY,10022,34667,0.2078,2022
2313,Brooklyn Navy Yard Cogen PLP,54914,Brooklyn Navy Yard Cogeneration,NY,04,OP,B-41 Associates,"527 Madison Avenue, 21st Floor,",New York,NY,10022,34668,0.2078,2022
55754,Boralex Hydro Operations Inc,54953,Hudson Falls Hydroelectric Project,NY,GEN1,OP,Northern Electric Power Co LP,39 Hudson Falls Road,South Glens Falls,NY,12803,13729,0.005,2022
55754,Boralex Hydro Operations Inc,54953,Hudson Falls Hydroelectric Project,NY,GEN1,OP,"Hudson Falls, LLC","c/o Boralex Inc. 900, de Maisonneuve Boulevard West  Maison Manuvie - 24th floor",Montreal,QC,H3AOA8,60677,0.005,2022
55754,Boralex Hydro Operations Inc,54953,Hudson Falls Hydroelectric Project,NY,GEN1,OP,BPIF LLC,39 Hudson Falls RD,South Glens Falls,NY,12803,60683,0.99,2022
55754,Boralex Hydro Operations Inc,54953,Hudson Falls Hydroelectric Project,NY,GEN2,OP,Northern Electric Power Co LP,39 Hudson Falls Road,South Glens Falls,NY,12803,13729,0.005,2022
55754,Boralex Hydro Operations Inc,54953,Hudson Falls Hydroelectric Project,NY,GEN2,OP,"Hudson Falls, LLC","c/o Boralex Inc. 900, de Maisonneuve Boulevard West  Maison Manuvie - 24th floor",Montreal,QC,H3AOA8,60677,0.005,2022
55754,Boralex Hydro Operations Inc,54953,Hudson Falls Hydroelectric Project,NY,GEN2,OP,BPIF LLC,39 Hudson Falls RD,South Glens Falls,NY,12803,60683,0.99,2022
49880,Madison Windpower LLC,55769,Madison Windpower LLC,NY,MADW,OP,EDP Renewables North America LLC,808 Travis S St. Suite 700,Houston,TX,77002,61757,1.0,2022
49845,"Equus Power I, L.P.",56032,Equus Freeport Power,NY,0001,OP,J Power USA Development Co Ltd,1900 East Golf Road,Schaumburg,IL,60173,56370,1.0,2022
49845,"Equus Power I, L.P.",56032,Equus Freeport Power,NY,001,OP,J Power USA Development Co Ltd,1900 East Golf Road,Schaumburg,IL,60173,56370,1.0,2022
49837,Pinelawn Power LLC,56188,Pinelawn Power LLC,NY,CTG,OP,J Power USA Development Co Ltd,1900 East Golf Road,Schaumburg,IL,60173,56370,1.0,2022
49837,Pinelawn Power LLC,56188,Pinelawn Power LLC,NY,STG,OP,J Power USA Development Co Ltd,1900 East Golf Road,Schaumburg,IL,60173,56370,1.0,2022
54684,"Flat Rock Windpower, LLC",56290,Maple Ridge Wind Farm,NY,1,OP,Avangrid Renewables LLC,"1125 NW Couch , Ste. 700",Portland,OR,97209,15399,0.5,2022
54684,"Flat Rock Windpower, LLC",56290,Maple Ridge Wind Farm,NY,1,OP,EDP Renewables North America LLC,808 Travis S St. Suite 700,Houston,TX,77002,61757,0.5,2022
54684,"Flat Rock Windpower, LLC",56290,Maple Ridge Wind Farm,NY,1A,OP,Avangrid Renewables LLC,"1125 NW Couch , Ste. 700",Portland,OR,97209,15399,0.5,2022
54684,"Flat Rock Windpower, LLC",56290,Maple Ridge Wind Farm,NY,1A,OP,Madison Windpower LLC,"808 Travis, Suite 700",Houston,TX,77002,49880,0.5,2022
54684,"Flat Rock Windpower, LLC",56290,Maple Ridge Wind Farm,NY,2,OP,Avangrid Renewables LLC,"1125 NW Couch , Ste. 700",Portland,OR,97209,15399,0.5,2022
54684,"Flat Rock Windpower, LLC",56290,Maple Ridge Wind Farm,NY,2,OP,EDP Renewables North America LLC,808 Travis S St. Suite 700,Houston,TX,77002,61757,0.5,2022
54684,"Flat Rock Windpower, LLC",56290,Maple Ridge Wind Farm,NY,3,OP,Avangrid Renewables LLC,"1125 NW Couch , Ste. 700",Portland,OR,97209,15399,0.5,2022
54684,"Flat Rock Windpower, LLC",56290,Maple Ridge Wind Farm,NY,3,OP,EDP Renewables North America LLC,808 Travis S St. Suite 700,Houston,TX,77002,61757,0.5,2022
56545,Pattern Operators LP,56370,Ecogen Wind,NY,1,CN,Ecogen Wind LLC,2 Harrison Street6th Floor,San Francisco,CA,94105,56047,1.0,2022
63858,"Valcour Operating Services, LLC",56618,Clinton,NY,1,OP,"Valcour Clinton Windpark, LLC",13860 Ballantyne Corporate Place Suite 300,Charlotte,NC,28277,64018,1.0,2022
63858,"Valcour Operating Services, LLC",56619,Ellenburg,NY,1,OP,"Valcour Ellenburg Windpark, LLC",13860 Ballantyne Corporate Place Suite 300,Charlotte,NC,28277,64019,1.0,2022
63858,"Valcour Operating Services, LLC",56620,Bliss,NY,1,OP,"Valcour Bliss Windpark, LLC",13860 Ballantyne Corporate Place Suite 300,Charlotte,NC,28277,64020,1.0,2022
63858,"Valcour Operating Services, LLC",56901,Altona,NY,1,OP,"Valcour Altona Windpark, LLC",13860 Ballantyne Corporate Place Suite 300,Charlotte,NC,28277,64021,1.0,2022
63858,"Valcour Operating Services, LLC",56902,Wethersfield,NY,1,OP,"Valcour Wethersfield Windpark, LLC",13860 Ballantyne Corporate Place Suite 300,Charlotte,NC,28277,64022,1.0,2022
63858,"Valcour Operating Services, LLC",56904,Chateaugay,NY,1,OP,"Valcour Chateaugay Windpark, LLC",13860 Ballantyne Corporate Place Suite 300,Charlotte,NC,28277,64023,1.0,2022
50158,Innovative Energy Systems Inc,56986,Clinton LFGTE Facility,NY,GEN1,OP,Casella Waste Systems,25 Greens Hill Ln,Rutland,VT,5701,34466,1.0,2022
50158,Innovative Energy Systems Inc,56986,Clinton LFGTE Facility,NY,GEN2,OP,Casella Waste Systems,25 Greens Hill Ln,Rutland,VT,5701,34466,1.0,2022
50158,Innovative Energy Systems Inc,56986,Clinton LFGTE Facility,NY,GEN3,OP,Casella Waste Systems,25 Greens Hill Ln,Rutland,VT,5701,34466,1.0,2022
50158,Innovative Energy Systems Inc,56986,Clinton LFGTE Facility,NY,GEN4,OP,Casella Waste Systems,25 Greens Hill Ln,Rutland,VT,5701,34466,1.0,2022
50158,Innovative Energy Systems Inc,56987,Hyland LFGTE Facility,NY,GEN1,OP,Casella Waste Systems,25 Greens Hill Ln,Rutland,VT,5701,34466,1.0,2022
50158,Innovative Energy Systems Inc,56987,Hyland LFGTE Facility,NY,GEN2,OP,Casella Waste Systems,25 Greens Hill Ln,Rutland,VT,5701,34466,1.0,2022
50158,Innovative Energy Systems Inc,56987,Hyland LFGTE Facility,NY,GEN3,OP,Casella Waste Systems,25 Greens Hill Ln,Rutland,VT,5701,34466,1.0,2022
50158,Innovative Energy Systems Inc,56987,Hyland LFGTE Facility,NY,GEN4,CN,Casella Waste Systems,25 Greens Hill Ln,Rutland,VT,5701,34466,1.0,2022
56534,Cricket Valley Energy Center LLC,57185,Cricket Valley Energy,NY,U001,OP,Cricket Valley Energy Holdings LLC,31 Milk St,Boston,MA,2109,62096,1.0,2022
56534,Cricket Valley Energy Center LLC,57185,Cricket Valley Energy,NY,U002,OP,Cricket Valley Energy Holdings LLC,31 Milk St,Boston,MA,2109,62096,1.0,2022
56534,Cricket Valley Energy Center LLC,57185,Cricket Valley Energy,NY,U003,OP,Cricket Valley Energy Holdings LLC,31 Milk St,Boston,MA,2109,62096,1.0,2022
56534,Cricket Valley Energy Center LLC,57185,Cricket Valley Energy,NY,U004,OP,Cricket Valley Energy Holdings LLC,31 Milk St,Boston,MA,2109,62096,1.0,2022
56534,Cricket Valley Energy Center LLC,57185,Cricket Valley Energy,NY,U005,OP,Cricket Valley Energy Holdings LLC,31 Milk St,Boston,MA,2109,62096,1.0,2022
56534,Cricket Valley Energy Center LLC,57185,Cricket Valley Energy,NY,U006,OP,Cricket Valley Energy Holdings LLC,31 Milk St,Boston,MA,2109,62096,1.0,2022
64137,"Chautauqua Green Energy, LLC",57186,Chautauqua LFGTE Facility,NY,GEN1,OP,Chautauqua County,3889 Towerville Road,Jamestown,NY,14701,56553,1.0,2022
64137,"Chautauqua Green Energy, LLC",57186,Chautauqua LFGTE Facility,NY,GEN2,OP,Chautauqua County,3889 Towerville Road,Jamestown,NY,14701,56553,1.0,2022
64137,"Chautauqua Green Energy, LLC",57186,Chautauqua LFGTE Facility,NY,GEN3,OP,Chautauqua County,3889 Towerville Road,Jamestown,NY,14701,56553,1.0,2022
64137,"Chautauqua Green Energy, LLC",57186,Chautauqua LFGTE Facility,NY,GEN4,OP,Chautauqua County,3889 Towerville Road,Jamestown,NY,14701,56553,1.0,2022
64137,"Chautauqua Green Energy, LLC",57186,Chautauqua LFGTE Facility,NY,GEN5,OP,Chautauqua County,3889 Towerville Road,Jamestown,NY,14701,56553,1.0,2022
64137,"Chautauqua Green Energy, LLC",57186,Chautauqua LFGTE Facility,NY,GEN6,OP,Chautauqua County,3889 Towerville Road,Jamestown,NY,14701,56553,1.0,2022
56545,Pattern Operators LP,57193,Ripley Westfield Wind LLC,NY,WTG,CN,Ripley Westfield Wind LLC,"Pier 1, Bay 3",San Francisco,CA,94111,56557,1.0,2022
61978,Convergent Energy and Power LP,57710,Stephentown Spindle,NY,SRS1,OP,"Stephentown Spindle, LLC","7 Times Square, Suite 3504",New York,NY,10036,57035,1.0,2022
63800,Longroad Energy Services 2,57867,Howard Wind Farm,NY,1,OP,Greenbacker Renewable Energy Corporation,"11 East 44th Street, Suite 1200",New York,NY,10017,60025,1.0,2022
63800,Longroad Energy Services 2,57867,Howard Wind Farm,NY,2,OP,BlackRock Inc.,40 East 52nd St.,New York,NY,10022,61975,1.0,2022
50158,Innovative Energy Systems Inc,58295,SREC Bath LFGTE,NY,GEN1,RE,"Steuben Rural Elec Coop, Inc",9 Wilson Avenue,Bath,NY,14810,18102,1.0,2022
50158,Innovative Energy Systems Inc,58295,SREC Bath LFGTE,NY,GEN2,RE,"Steuben Rural Elec Coop, Inc",9 Wilson Avenue,Bath,NY,14810,18102,1.0,2022
58383,CH4 Biogas LLC,58399,Synergy Biogas,NY,1,OA,Synergy Biogas LLC,30 Lakewood Circle N,Greenwich,CT,6830,58386,1.0,2022
60947,Tesla Inc.,59789,Millbrook School,NY,PV1,OP,"Three Rivers Solar I, LLC",6800 Dumbarton Circle,Fremont,CA,94555,59567,1.0,2022
65411,Duke Energy Renewables Services,60045,Shoreham Solar Commons,NY,GEN1,OP,"Shoreham Solar Commons, LLC","550 S. Caldwell Street, NAS09, Suite 925",Charlotte,NC,28202,59779,1.0,2022
60947,Tesla Inc.,60097,Onondaga County - Metro Water Board,NY,PV1,OP,"Dom Solar Lessor I, LP",6800 Dumbarton Circle,Fremont,CA,94555,59865,1.0,2022
60947,Tesla Inc.,60098,Onondaga County - Oak Orchard WWTP,NY,PV1,OP,"Dom Solar Lessor I, LP",6800 Dumbarton Circle,Fremont,CA,94555,59865,1.0,2022
60947,Tesla Inc.,60114,Oneida County- DPW,NY,PV1,OP,"Dom Solar Lessor I, LP",6800 Dumbarton Circle,Fremont,CA,94555,59865,1.0,2022
60947,Tesla Inc.,60115,Town of Halfmoon,NY,PV1,OP,"Dom Solar Lessor I, LP",6800 Dumbarton Circle,Fremont,CA,94555,59865,1.0,2022
60947,Tesla Inc.,60229,Orange County Solar Farm (NY),NY,PV1,OP,"Three Rivers Solar I, LLC",6800 Dumbarton Circle,Fremont,CA,94555,59567,1.0,2022
60947,Tesla Inc.,60232,Onondaga County- Jamesville,NY,PV1,OP,"Three Rivers Solar I, LLC",6800 Dumbarton Circle,Fremont,CA,94555,59567,1.0,2022
60947,Tesla Inc.,60462,Onondaga County- Clearwater,NY,PV1,OP,"Dom Solar Lessor I, LP",6800 Dumbarton Circle,Fremont,CA,94555,59865,1.0,2022
60947,Tesla Inc.,60463,Greene County Meter #1,NY,PV1,OP,"Dom Solar Lessor I, LP",6800 Dumbarton Circle,Fremont,CA,94555,59865,1.0,2022
60947,Tesla Inc.,60507,Broome County,NY,NORTH,OP,"Dom Solar Lessor I, LP",6800 Dumbarton Circle,Fremont,CA,94555,59865,1.0,2022
60947,Tesla Inc.,60507,Broome County,NY,SOUTH,OP,"Dom Solar Lessor I, LP",6800 Dumbarton Circle,Fremont,CA,94555,59865,1.0,2022
60947,Tesla Inc.,60817,Sullivan County - Adult Care Solar,NY,PV1,OP,"Dom Solar Lessor I, LP",6800 Dumbarton Circle,Fremont,CA,94555,59865,1.0,2022
60584,Onyx Asset Services Group,60967,Onyx - Lamphear Road CSG,NY,10016,OP,Janus Solar Fund LP,230 Park Avenue,New York,NY,10169,60820,1.0,2022
54842,WM Renewable Energy LLC,61012,Mill Seat Renewable Energy Facility,NY,GEN1,OP,Monroe County (NY),"50 West Main Street, Suite 7100",Rochester,NY,14614,60791,1.0,2022
54842,WM Renewable Energy LLC,61012,Mill Seat Renewable Energy Facility,NY,GEN2,OP,Monroe County (NY),"50 West Main Street, Suite 7100",Rochester,NY,14614,60791,1.0,2022
54842,WM Renewable Energy LLC,61012,Mill Seat Renewable Energy Facility,NY,GEN3,OP,Monroe County (NY),"50 West Main Street, Suite 7100",Rochester,NY,14614,60791,1.0,2022
54842,WM Renewable Energy LLC,61012,Mill Seat Renewable Energy Facility,NY,GEN4,OP,Monroe County (NY),"50 West Main Street, Suite 7100",Rochester,NY,14614,60791,1.0,2022
54842,WM Renewable Energy LLC,61012,Mill Seat Renewable Energy Facility,NY,GEN5,OP,Monroe County (NY),"50 West Main Street, Suite 7100",Rochester,NY,14614,60791,1.0,2022
54842,WM Renewable Energy LLC,61012,Mill Seat Renewable Energy Facility,NY,GEN6,OP,Monroe County (NY),"50 West Main Street, Suite 7100",Rochester,NY,14614,60791,1.0,2022
54842,WM Renewable Energy LLC,61012,Mill Seat Renewable Energy Facility,NY,GEN7,OP,Monroe County (NY),"50 West Main Street, Suite 7100",Rochester,NY,14614,60791,1.0,2022
54842,WM Renewable Energy LLC,61012,Mill Seat Renewable Energy Facility,NY,GEN8,OP,Monroe County (NY),"50 West Main Street, Suite 7100",Rochester,NY,14614,60791,1.0,2022
58756,Albany Engineering Corporation,61207,Green Island Hydroelectric Station,NY,UNIT1,OP,Green Island Power Authority,69 Hudson Ave,Green Island,NY,12083,60852,1.0,2022
58756,Albany Engineering Corporation,61207,Green Island Hydroelectric Station,NY,UNIT2,OP,Green Island Power Authority,69 Hudson Ave,Green Island,NY,12083,60852,1.0,2022
58756,Albany Engineering Corporation,61207,Green Island Hydroelectric Station,NY,UNIT3,OP,Green Island Power Authority,69 Hudson Ave,Green Island,NY,12083,60852,1.0,2022
58756,Albany Engineering Corporation,61207,Green Island Hydroelectric Station,NY,UNIT4,OP,Green Island Power Authority,69 Hudson Ave,Green Island,NY,12083,60852,1.0,2022
60584,Onyx Asset Services Group,61724,Onyx - Saratoga Springs Landfill Solar CSG,NY,10254,OP,Solar Mission SunE LLC,230 Park Avenue,New York,NY,10169,61360,1.0,2022
60584,Onyx Asset Services Group,61847,Broadalbin,NY,10046,OP,GenE Solar I LLC,230 Park Avenue,New York,NY,10169,61463,1.0,2022
60584,Onyx Asset Services Group,61863,Duanesburg,NY,10048,OP,GenE Solar I LLC,230 Park Avenue,New York,NY,10169,61463,1.0,2022
60584,Onyx Asset Services Group,61888,Johnstown,NY,10049,OP,GenE Solar I LLC,230 Park Avenue,New York,NY,10169,61463,1.0,2022
60584,Onyx Asset Services Group,61903,Sharon Springs,NY,10116,OP,GenE Solar I LLC,230 Park Avenue,New York,NY,10169,61463,1.0,2022
60584,Onyx Asset Services Group,61904,Amsterdam North,NY,10044,OP,GenE Solar I LLC,230 Park Avenue,New York,NY,10169,61463,1.0,2022
60584,Onyx Asset Services Group,61905,Amsterdam South,NY,10045,OP,GenE Solar I LLC,230 Park Avenue,New York,NY,10169,61463,1.0,2022
61194,Generate Capital,62154,Kelly Bridge Road Community Solar Farm,NY,12,OP,Generate NY Community Solar I,"560 Davis Street, Suite 250",San Francisco,CA,94111,65363,1.0,2022
61194,Generate Capital,62156,Pool Brook Rd Community Solar Farm,NY,15,OP,Generate NY Community Solar I,"560 Davis Street, Suite 250",San Francisco,CA,94111,65363,1.0,2022
61194,Generate Capital,62158,Sacket Lake Rd #1 Community Solar Farm,NY,11,OP,Generate NY Community Solar I,"560 Davis Street, Suite 250",San Francisco,CA,94111,65363,1.0,2022
57128,Bloom Energy,62456,Regeneron Tarrytown,NY,RGP00,OP,Key Equipment Finance,1000 McCaslin Blvd,Superior,CO,80027,62002,1.0,2022
61194,Generate Capital,62471,Washington St Community Solar Farm #4,NY,1034,OP,Generate NY Community Solar Lessor II,"560 Davis Street, Suite 250",San Francisco,CA,94111,65341,1.0,2022
61194,Generate Capital,62472,Washington St Community Solar Farm #1,NY,617,OP,Generate NY Community Solar Lessor II,"560 Davis Street, Suite 250",San Francisco,CA,94111,65341,1.0,2022
61194,Generate Capital,62473,Washington St Community Solar Farm #3,NY,1035,OP,Generate NY Community Solar Lessor II,"560 Davis Street, Suite 250",San Francisco,CA,94111,65341,1.0,2022
61194,Generate Capital,62476,Big Tree Community Solar Farm,NY,607,OP,Generate NY Community Solar Lessor III,"560 Davis Street, Suite 250",San Francisco,CA,94111,65331,1.0,2022
61194,Generate Capital,62480,Burritt Rd Community Solar Farm,NY,635,OP,Generate NY Community Solar Lessor II,"560 Davis Street, Suite 250",San Francisco,CA,94111,65341,1.0,2022
61194,Generate Capital,62496,Telegraph Rd #1 Community Solar Farm,NY,1268,OP,Generate NY Community Solar IV,"560 Davis Street, Suite 250",San Francisco,CA,94111,65328,1.0,2022
61194,Generate Capital,62498,Telegraph Rd #2 Community Solar Farm,NY,1413,OP,Generate NY Community Solar IV,"560 Davis Street, Suite 250",San Francisco,CA,94111,65328,1.0,2022
61194,Generate Capital,62500,Route 19 #1 Community Solar Farm,NY,1258,OP,Generate NY Community Solar V,"560 Davis Street, Suite 250",San Francisco,CA,94111,65342,1.0,2022
61194,Generate Capital,62502,Route 19 #2 Community Solar Farm,NY,1415,OP,Generate NY Community Solar V,"560 Davis Street, Suite 250",San Francisco,CA,94111,65342,1.0,2022
61194,Generate Capital,62517,Yellow Mills Rd #1 Community Solar Farm,NY,1142,OP,Generate NY Community Solar V,"560 Davis Street, Suite 250",San Francisco,CA,94111,65342,1.0,2022
61194,Generate Capital,62518,Yellow Mills Rd #2 Community Solar Farm,NY,1181,OP,Generate NY Community Solar V,"560 Davis Street, Suite 250",San Francisco,CA,94111,65342,1.0,2022
61194,Generate Capital,62519,Yellow Mills Rd #3 Community Solar Farm,NY,1244,OP,Generate NY Community Solar V,"560 Davis Street, Suite 250",San Francisco,CA,94111,65342,1.0,2022
61194,Generate Capital,62525,Villa Roma Rd #1,NY,40,OP,Generate NY Community Solar Lessor II,"560 Davis Street, Suite 250",San Francisco,CA,94111,65341,1.0,2022
61194,Generate Capital,62526,Villa Roma Rd #2,NY,41,OP,Generate NY Community Solar Lessor II,"560 Davis Street, Suite 250",San Francisco,CA,94111,65341,1.0,2022
61194,Generate Capital,62533,Boas Rd #4 Community Solar Farm,NY,1023,OP,Generate NY Community Solar I,"560 Davis Street, Suite 250",San Francisco,CA,94111,65363,1.0,2022
57128,Bloom Energy,62572,ATT Jericho,NY,ATT49,OP,New York Community Bank,615 Merrick Avenue,Westbury,NY,11590,62125,1.0,2022
57128,Bloom Energy,62576,MER Queens,NY,MER01,OP,KeyBank,127 Public Square,Cleveland,OH,44114,60948,1.0,2022
62067,EnterSolar,62613,CBP Solar,NY,CBPB1,OP,Continental Building Products,12950 Worldgate Drive,Herndon,VA,20170,65138,1.0,2022
62067,EnterSolar,62614,Kinder Morgan Fordham,NY,KMFO1,OP,OwnSolar,"450 Raritan Center Parkway, Suite E",Edison,NJ,8837,65133,1.0,2022
59474,BQ Energy LLC,62721,Steel Sun 2: 2303-III-9 Hamburg Tpke,NY,SS29,OP,BQ Energy LLC,47 S. Hamilton Street,Poughkeepsie,NY,12601,59474,0.06,2022
59474,BQ Energy LLC,62721,Steel Sun 2: 2303-III-9 Hamburg Tpke,NY,SS29,OP,"JSF Energy, LLC","400 Market Industrial Park, Suite 32",Wappingers Falls,NY,12590,62750,0.06,2022
59474,BQ Energy LLC,62721,Steel Sun 2: 2303-III-9 Hamburg Tpke,NY,SS29,OP,Renewable Strategies LLC,"400 Market Industrial Park, Suite 32",Wappingers Falls,NY,12590,62751,0.06,2022
59474,BQ Energy LLC,62721,Steel Sun 2: 2303-III-9 Hamburg Tpke,NY,SS29,OP,Jarlene Development LLC,One World Trade Center Suite 8500,New York,NY,10007,62754,0.76,2022
59474,BQ Energy LLC,62721,Steel Sun 2: 2303-III-9 Hamburg Tpke,NY,SS29,OP,"1951 Hamburg Turnpike, LLC",423 W. Riverside Drive,Olean,NY,14760,62755,0.06,2022
59474,BQ Energy LLC,62722,Steel Sun 2: 2303-III-4 Hamburg Tpke,NY,SS24,OP,BQ Energy LLC,47 S. Hamilton Street,Poughkeepsie,NY,12601,59474,0.06,2022
59474,BQ Energy LLC,62722,Steel Sun 2: 2303-III-4 Hamburg Tpke,NY,SS24,OP,"JSF Energy, LLC","400 Market Industrial Park, Suite 32",Wappingers Falls,NY,12590,62750,0.06,2022
59474,BQ Energy LLC,62722,Steel Sun 2: 2303-III-4 Hamburg Tpke,NY,SS24,OP,Renewable Strategies LLC,"400 Market Industrial Park, Suite 32",Wappingers Falls,NY,12590,62751,0.06,2022
59474,BQ Energy LLC,62722,Steel Sun 2: 2303-III-4 Hamburg Tpke,NY,SS24,OP,Jarlene Development LLC,One World Trade Center Suite 8500,New York,NY,10007,62754,0.76,2022
59474,BQ Energy LLC,62722,Steel Sun 2: 2303-III-4 Hamburg Tpke,NY,SS24,OP,"1951 Hamburg Turnpike, LLC",423 W. Riverside Drive,Olean,NY,14760,62755,0.06,2022
59474,BQ Energy LLC,62723,Steel Sun 2: 2303-III-2 Hamburg Tpke,NY,SS22,OP,BQ Energy LLC,47 S. Hamilton Street,Poughkeepsie,NY,12601,59474,0.06,2022
59474,BQ Energy LLC,62723,Steel Sun 2: 2303-III-2 Hamburg Tpke,NY,SS22,OP,"JSF Energy, LLC","400 Market Industrial Park, Suite 32",Wappingers Falls,NY,12590,62750,0.06,2022
59474,BQ Energy LLC,62723,Steel Sun 2: 2303-III-2 Hamburg Tpke,NY,SS22,OP,Renewable Strategies LLC,"400 Market Industrial Park, Suite 32",Wappingers Falls,NY,12590,62751,0.06,2022
59474,BQ Energy LLC,62723,Steel Sun 2: 2303-III-2 Hamburg Tpke,NY,SS22,OP,Jarlene Development LLC,One World Trade Center Suite 8500,New York,NY,10007,62754,0.76,2022
59474,BQ Energy LLC,62723,Steel Sun 2: 2303-III-2 Hamburg Tpke,NY,SS22,OP,"1951 Hamburg Turnpike, LLC",423 W. Riverside Drive,Olean,NY,14760,62755,0.06,2022
59474,BQ Energy LLC,62724,Homer Street West,NY,HSW,OP,BQ Energy LLC,47 S. Hamilton Street,Poughkeepsie,NY,12601,59474,0.25,2022
59474,BQ Energy LLC,62724,Homer Street West,NY,HSW,OP,"JSF Energy, LLC","400 Market Industrial Park, Suite 32",Wappingers Falls,NY,12590,62750,0.25,2022
59474,BQ Energy LLC,62724,Homer Street West,NY,HSW,OP,Renewable Strategies LLC,"400 Market Industrial Park, Suite 32",Wappingers Falls,NY,12590,62751,0.25,2022
59474,BQ Energy LLC,62724,Homer Street West,NY,HSW,OP,Olean Gateway Turnkey LLC,423 W. Riverside Drive,Olean,NY,14760,62753,0.25,2022
59474,BQ Energy LLC,62725,Homer Street East,NY,HSE,OP,BQ Energy LLC,47 S. Hamilton Street,Poughkeepsie,NY,12601,59474,0.25,2022
59474,BQ Energy LLC,62725,Homer Street East,NY,HSE,OP,"JSF Energy, LLC","400 Market Industrial Park, Suite 32",Wappingers Falls,NY,12590,62750,0.25,2022
59474,BQ Energy LLC,62725,Homer Street East,NY,HSE,OP,Renewable Strategies LLC,"400 Market Industrial Park, Suite 32",Wappingers Falls,NY,12590,62751,0.25,2022
59474,BQ Energy LLC,62725,Homer Street East,NY,HSE,OP,Olean Gateway Turnkey LLC,423 W. Riverside Drive,Olean,NY,14760,62753,0.25,2022
62709,Bakerstand Solar LLC,62811,Bakerstand Solar (NY),NY,BKSTD,P,"Empire Renewables, LLC",300 International Dr. Suite 100,Williamsville,NY,14221,62702,1.0,2022
62997,Veolia North America,63236,Kings Plaza Total Energy Plant (TEP),NY,DG2,OP,Macerich,"401 Wilshire Blvd, Suite 700",Santa Monica,CA,90401,63023,1.0,2022
62997,Veolia North America,63236,Kings Plaza Total Energy Plant (TEP),NY,DG3,OP,Macerich,"401 Wilshire Blvd, Suite 700",Santa Monica,CA,90401,63023,1.0,2022
62997,Veolia North America,63236,Kings Plaza Total Energy Plant (TEP),NY,DG4,OP,Macerich,"401 Wilshire Blvd, Suite 700",Santa Monica,CA,90401,63023,1.0,2022
62997,Veolia North America,63236,Kings Plaza Total Energy Plant (TEP),NY,DG5,OP,Macerich,"401 Wilshire Blvd, Suite 700",Santa Monica,CA,90401,63023,1.0,2022
58871,Citizens Enterprises Corporation,63279,Barneveld Solar,NY,PV1,OP,"Citizens Solar Holdings VIII, LLC","88 Black Falcon Ave, Suite 342",Boston,MA,2210,61636,1.0,2022
63059,Diamond Properties,63291,Grand Prix Solar,NY,GPS,OP,Grand Prix NY Racing LLC,333 N Bedford Rd,Mt Kisco,NY,10549,63094,0.4871,2022
63059,Diamond Properties,63291,Grand Prix Solar,NY,GPS,OP,DP 21 LLC,333 N Bedford Rd,Mt Kisco,NY,10549,63095,0.0461,2022
63059,Diamond Properties,63291,Grand Prix Solar,NY,GPS,OP,Photo File Inc,333 N Bedford Rd,Mt Kisco,NY,10549,63096,0.0692,2022
63059,Diamond Properties,63291,Grand Prix Solar,NY,GPS,OP,Safe Haven Partners LLC,333 N Bedford Rd,Mt Kisco,NY,10549,63097,0.0461,2022
63059,Diamond Properties,63291,Grand Prix Solar,NY,GPS,OP,New York Sports Management,333 N Bedford Rd,Mt. Kiosco,NY,10549,63098,0.3208,2022
63059,Diamond Properties,63291,Grand Prix Solar,NY,GPS,OP,RDI Electronics,333 N Bedford Rd,Mt. Kiosco,NY,10549,63099,0.0307,2022
63059,Diamond Properties,63292,100 Brook Hill Drive Solar,NY,BHD,OP,DP57 LLC,100 Brook Hill Drive,West Nyack,NY,10994,63103,1.0,2022
62923,Solar Planet Power,63407,Macedon,NY,101,OP,Solar Advocate Development LLC,"2500 Farmers Dr., Suite 140",Columbus,OH,43235,64422,1.0,2022
62923,Solar Planet Power,63408,Whittier,NY,300,OP,Solar Advocate Development LLC,"2500 Farmers Dr., Suite 140",Columbus,OH,43235,64422,1.0,2022
62923,Solar Planet Power,63409,Williamson,NY,100,OP,Solar Advocate Development LLC,"2500 Farmers Dr., Suite 140",Columbus,OH,43235,64422,1.0,2022
62923,Solar Planet Power,63410,Bennett,NY,304,OP,Solar Advocate Development LLC,"2500 Farmers Dr., Suite 140",Columbus,OH,43235,64422,1.0,2022
58871,Citizens Enterprises Corporation,63450,Chenango Solar,NY,PV1,OP,"Citizens Solar Holdings IX, LLC","88 Black Falcon Ave, Suite 342",Boston,MA,2210,63247,1.0,2022
60947,Tesla Inc.,63511,Mohonasen Central School District,NY,PV1,OP,"Solar Integrated Fund VI, LLC",6800 Dumbarton Cirlce,Fremont,CA,94555,63240,1.0,2022
61944,MN8 Energy LLC,64030,Kenmare - Sullivan Community College,NY,GEN1,OP,"Sullivan Solar Garden, LLC",750 Park of Commerce Blvd,Boca Raton,FL,33487,63679,1.0,2022
63962,"Solar Star Prime 2, LLC",64351,Amazon JFK8 Solar Project,NY,JFK8,OA,53 SP Solar Trust,1100 N. Market St.,Wilmington,DE,19890,63986,1.0,2022
60947,Tesla Inc.,64445,"County of Dutchess, NY (Airport)",NY,PV1,OP,"Solar Integrated Fund VI, LLC",6800 Dumbarton Cirlce,Fremont,CA,94555,63240,1.0,2022
62923,Solar Planet Power,64525,Troupsburg,NY,TB1,OP,Solar Troupsburg LLC,2500 Farmers Dr.  Ste 140,Columbus,OH,43235,64163,1.0,2022
64310,Bronx Community Clean Energy Project LLC,64747,Fuel Cell 3245 Yates Avenue,NY,C3245,OP,Catamaran Renewables LLC,675 3rd Avenue,New York,NY,10017,64313,1.0,2022
64309,Annadale Community Clean Energy Projects LLC,64748,Fuel Cell 18A Sneden Avenue,NY,CR18A,OP,Catamaran Renewables LLC,675 3rd Avenue,New York,NY,10017,64313,1.0,2022
64309,Annadale Community Clean Energy Projects LLC,64749,Fuel Cell 18B Sneden Avenue,NY,CR18B,OP,Catamaran Renewables LLC,675 3rd Avenue,New York,NY,10017,64313,1.0,2022
61514,"Agilitas Energy, LLC",64758,Manorville II,NY,MAN,L,"AE-Manorville 2, LLC","401 Edgewater Place, Suite 570",Wakefield,MA,1880,64317,1.0,2022
61514,"Agilitas Energy, LLC",64758,Manorville II,NY,MANB,L,"AE-Manorville 2, LLC","401 Edgewater Place, Suite 570",Wakefield,MA,1880,64317,1.0,2022
61514,"Agilitas Energy, LLC",64761,Patchogue ESS,NY,PAT,L,"AE-ESS Cassel, LLC","401 Edgewater Place, Suite 570",Wakefield,MA,1880,64320,1.0,2022
61514,"Agilitas Energy, LLC",65239,"AE-ESS NWS 1, LLC",NY,NWS,U,"AE-ESS NWS, LLC","401 Edgewater Place, Suite 570",Wakefield,MA,1880,64567,1.0,2022
56990,NJR Clean Energy Ventures Corporation,65337,"Maybrook Solar, LLC (CSG)",NY,MAYBK,TS,"Maybrook Solar, LLC",1415 Wyckoff Road,Wall,NJ,7719,64671,1.0,2022
56990,NJR Clean Energy Ventures Corporation,65385,Airport Road Solar (CSG),NY,AIRPT,OP,"AR Solar, LLC",1415 Wyckoff Road,Wall,NJ,7719,64732,1.0,2022
64810,Eversource Energy,65561,South Fork Wind,NY,SFWND,L,"Orsted US East Coast Offshore Wind HoldCo, LLC","399 Boylston Street, 12th Floor",Boston,MA,2116,63816,0.5,2022
64810,Eversource Energy,65561,South Fork Wind,NY,SFWND,L,Eversource Energy,107 Selden Street,Berlin,CT,6037,64810,0.5,2022
62067,EnterSolar,65597,"CEC, LLC Westtown B",NY,CLWB,OP,"Nautilus Solar Energy, LLC",396 Springfield Avenue,Summit,NJ,7901,65139,1.0,2022
64950,"LI Solar Generation, LLC",65679,Calverton Solar Energy Center,NY,11933,OP,National Grid,,,MA,,13516,0.5,2022
64950,"LI Solar Generation, LLC",65679,Calverton Solar Energy Center,NY,11933,OP,NextEra Energy Resources Breckinridge,700 Universe Blvd.,Juno Beach,FL,33408,59394,0.5,2022
61194,Generate Capital,66176,Landau Solar,NY,10891,OP,Generate NY Community Solar Lessor III,"560 Davis Street, Suite 250",San Francisco,CA,94111,65331,1.0,2022
61194,Generate Capital,66177,Drinkwater Solar,NY,10896,OP,Generate NY Community Solar Lessor III,"560 Davis Street, Suite 250",San Francisco,CA,94111,65331,1.0,2022
61194,Generate Capital,66187,McCarthy Solar,NY,10992,OP,Generate NY Community Solar IV,"560 Davis Street, Suite 250",San Francisco,CA,94111,65328,1.0,2022
61194,Generate Capital,66209,Bantam Solar,NY,10986,OP,Generate NY Community Solar IV,"560 Davis Street, Suite 250",San Francisco,CA,94111,65328,1.0,2022
61194,Generate Capital,66210,Bogart Solar,NY,10887,OP,Generate NY Community Solar Lessor II,"560 Davis Street, Suite 250",San Francisco,CA,94111,65341,1.0,2022
61194,Generate Capital,66211,Brickchurch Solar,NY,10889,OP,Generate NY Community Solar Lessor II,"560 Davis Street, Suite 250",San Francisco,CA,94111,65341,1.0,2022
61194,Generate Capital,66212,Canoga Solar,NY,10965,OP,Generate NY Community Solar Lessor III,"560 Davis Street, Suite 250",San Francisco,CA,94111,65331,1.0,2022
61194,Generate Capital,66213,Costanza Solar,NY,10907,OP,Generate NY Community Solar Lessor III,"560 Davis Street, Suite 250",San Francisco,CA,94111,65331,1.0,2022
61194,Generate Capital,66214,County Route 84 Solar,NY,10967,OP,Generate NY Community Solar Lessor III,"560 Davis Street, Suite 250",San Francisco,CA,94111,65331,1.0,2022
61194,Generate Capital,66215,Cafferty Hill Solar,NY,10996,OP,Generate NY Community Solar V,"560 Davis Street, Suite 250",San Francisco,CA,94111,65342,1.0,2022
61194,Generate Capital,66217,Donati Solar,NY,10968,OP,Generate NY Community Solar Lessor III,"560 Davis Street, Suite 250",San Francisco,CA,94111,65331,1.0,2022
61194,Generate Capital,66218,Dubois Solar (Hybrid),NY,10892,OP,Generate NY Community Solar Lessor III,"560 Davis Street, Suite 250",San Francisco,CA,94111,65331,1.0,2022
61194,Generate Capital,66218,Dubois Solar (Hybrid),NY,BAT,OP,Generate NY Community Solar Lessor III,"560 Davis Street, Suite 250",San Francisco,CA,94111,65331,1.0,2022
61194,Generate Capital,66219,Dunkleman Solar,NY,11008,V,Generate NY Community Solar V,"560 Davis Street, Suite 250",San Francisco,CA,94111,65342,1.0,2022
61194,Generate Capital,66220,Finney Solar,NY,10999,OP,Generate NY Community Solar Lessor III,"560 Davis Street, Suite 250",San Francisco,CA,94111,65331,1.0,2022
61194,Generate Capital,66221,Henrietta Solar,NY,10972,OP,Generate NY Community Solar Lessor III,"560 Davis Street, Suite 250",San Francisco,CA,94111,65331,1.0,2022
61194,Generate Capital,66222,Landau II Solar (Hybrid),NY,10895,OP,Generate NY Community Solar Lessor III,"560 Davis Street, Suite 250",San Francisco,CA,94111,65331,1.0,2022
61194,Generate Capital,66222,Landau II Solar (Hybrid),NY,BAT,OP,Generate NY Community Solar Lessor III,"560 Davis Street, Suite 250",San Francisco,CA,94111,65331,1.0,2022
61194,Generate Capital,66223,Lockenhurst Pond Solar,NY,11000,OP,Generate NY Community Solar V,"560 Davis Street, Suite 250",San Francisco,CA,94111,65342,1.0,2022
61194,Generate Capital,66224,New Beginnings Solar,NY,10890,OP,Generate NY Community Solar Lessor II,"560 Davis Street, Suite 250",San Francisco,CA,94111,65341,1.0,2022
61194,Generate Capital,66225,NY70 Solar,NY,10970,OP,Generate NY Community Solar Lessor III,"560 Davis Street, Suite 250",San Francisco,CA,94111,65331,1.0,2022
61194,Generate Capital,66226,Reid Solar,NY,10991,OP,Generate NY Community Solar Lessor III,"560 Davis Street, Suite 250",San Francisco,CA,94111,65331,1.0,2022
61194,Generate Capital,66227,Reisender Solar,NY,10886,OP,Generate NY Community Solar Lessor II,"560 Davis Street, Suite 250",San Francisco,CA,94111,65341,1.0,2022
61194,Generate Capital,66228,Salt Point Solar (Hybrid),NY,10888,OP,Generate NY Community Solar Lessor III,"560 Davis Street, Suite 250",San Francisco,CA,94111,65331,1.0,2022
61194,Generate Capital,66228,Salt Point Solar (Hybrid),NY,BAT,OP,Generate NY Community Solar Lessor III,"560 Davis Street, Suite 250",San Francisco,CA,94111,65331,1.0,2022
61194,Generate Capital,66229,Sangolqui Solar,NY,10975,OP,Generate NY Community Solar Lessor III,"560 Davis Street, Suite 250",San Francisco,CA,94111,65331,1.0,2022
61194,Generate Capital,66230,State Route 14A Solar,NY,10997,OP,Generate NY Community Solar Lessor III,"560 Davis Street, Suite 250",San Francisco,CA,94111,65331,1.0,2022
61194,Generate Capital,66231,State Highway 17B Solar,NY,10988,OP,Generate NY Community Solar Lessor III,"560 Davis Street, Suite 250",San Francisco,CA,94111,65331,1.0,2022
61194,Generate Capital,66232,Svenski Solar (Hybrid),NY,10894,OP,Generate NY Community Solar Lessor III,"560 Davis Street, Suite 250",San Francisco,CA,94111,65331,1.0,2022
61194,Generate Capital,66232,Svenski Solar (Hybrid),NY,BAT,OP,Generate NY Community Solar Lessor III,"560 Davis Street, Suite 250",San Francisco,CA,94111,65331,1.0,2022
61194,Generate Capital,66233,West Creek Solar,NY,10995,OP,Generate NY Community Solar Lessor III,"560 Davis Street, Suite 250",San Francisco,CA,94111,65331,1.0,2022
61194,Generate Capital,66234,Wheatland 2A Solar,NY,10971,OP,Generate NY Community Solar IV,"560 Davis Street, Suite 250",San Francisco,CA,94111,65328,1.0,2022
61194,Generate Capital,66235,Wheatland 2B Solar,NY,10961,OP,Generate NY Community Solar IV,"560 Davis Street, Suite 250",San Francisco,CA,94111,65328,1.0,2022
61194,Generate Capital,66236,Wildflower Way Solar,NY,10982,OP,Generate NY Community Solar Lessor III,"560 Davis Street, Suite 250",San Francisco,CA,94111,65331,1.0,2022
61944,MN8 Energy LLC,66272,RIC - Hanover,NY,GEN1,V,Hanover PV LLC,750 Park of Commerce Blvd,Boca Raton,FL,33487,65406,1.0,2022
61944,MN8 Energy LLC,66273,Summit - Cicero,NY,GEN1,U,"SSC Cicero, LLC",750 Park of Commerce Blvd,Boca Raton,FL,33487,65414,1.0,2022
61944,MN8 Energy LLC,66274,Summit - Lysander,NY,GEN1,V,"SSC Lysander, LLC",750 Park of Commerce Blvd,Boca Raton,FL,33487,65415,1.0,2022
61944,MN8 Energy LLC,66275,Summit - Oswego,NY,GEN1,V,"SSC Oswego, LLC",750 Park of Commerce Blvd,Boca Raton,FL,33487,65416,1.0,2022
61944,MN8 Energy LLC,66322,Summit - Scriba,NY,GEN1,U,"SSC Scriba, LLC",750 Park of Commerce Blvd,Boca Raton,FL,61944,65423,1.0,2022
61194,Generate Capital,66488,Davis Solar,NY,10958,U,Generate NY Community Solar V,"560 Davis Street, Suite 250",San Francisco,CA,94111,65342,1.0,2022
61194,Generate Capital,66488,Davis Solar,NY,BAT,U,Generate NY Community Solar V,"560 Davis Street, Suite 250",San Francisco,CA,94111,65342,1.0,2022
61194,Generate Capital,66489,Genesee - CCR Solar,NY,10951,OP,Generate NY Community Solar V,"560 Davis Street, Suite 250",San Francisco,CA,94111,65342,1.0,2022
61194,Generate Capital,66490,Bullitt Farm Solar,NY,10998,L,Generate NY Community Solar VI,"560 Davis Street, Suite 250",San Francisco,CA,94111,65554,1.0,2022
15296,New York Power Authority,2483,Neversink,NY,H1,OP,City of New York,"One Centre Street, 22nd Floor",New York,NY,10007,55842,1.0,2023
13192,NRG Arthur Kill Operations Inc,2490,Arthur Kill Generating Station,NY,2,OP,Arthur Kill Power LLC,4401 Victory Blvd,Staten Island,NY,10314,22846,1.0,2023
13192,NRG Arthur Kill Operations Inc,2490,Arthur Kill Generating Station,NY,3,OP,Arthur Kill Power LLC,4401 Victory Blvd,Staten Island,NY,10314,22846,1.0,2023
13192,NRG Arthur Kill Operations Inc,2490,Arthur Kill Generating Station,NY,GT1,OP,Arthur Kill Power LLC,4401 Victory Blvd,Staten Island,NY,10314,22846,1.0,2023
5914,Erie Boulevard Hydropower LP,2576,Higley,NY,2,RE,BRASCAN Power Corporation,480m Boul. de la CiteGatineau,Quebec,CN,J8T,50008,1.0,2023
5914,Erie Boulevard Hydropower LP,2576,Higley,NY,3,RE,BRASCAN Power Corporation,480m Boul. de la CiteGatineau,Quebec,CN,J8T,50008,1.0,2023
55951,Constellation Nuclear,2589,Nine Mile Point Nuclear Station,NY,2,OP,Long Island Power Authority,333 Earle Ovington Boulevard,Uniondale,NY,11553,11171,0.18,2023
55951,Constellation Nuclear,2589,Nine Mile Point Nuclear Station,NY,2,OP,Constellation Nuclear,4300 Winfield Road,Warrenville,IL,60555,55951,0.82,2023
64701,Oswego Harbor Power,2594,Oswego Harbor Power,NY,3,RE,ArcLight Capital Partners LLC,460 North Gulph Road,King of Prussia,PA,19406,49890,1.0,2023
64701,Oswego Harbor Power,2594,Oswego Harbor Power,NY,ST5,OP,ArcLight Capital Partners LLC,460 North Gulph Road,King of Prussia,PA,19406,49890,1.0,2023
64701,Oswego Harbor Power,2594,Oswego Harbor Power,NY,ST6,OP,ArcLight Capital Partners LLC,460 North Gulph Road,King of Prussia,PA,19406,49890,1.0,2023
15296,New York Power Authority,2627,Grahamsville,NY,GRHM,OP,City of New York,"One Centre Street, 22nd Floor",New York,NY,10007,55842,1.0,2023
57280,"Eagle Creek Renewable Energy, LLC",2630,Mongaup Falls,NY,GEN1,OP,"Eagle Creek Hydro Power, LLC",7315 Wisconsin Ave,Bethesda,MD,20814,64589,1.0,2023
57280,"Eagle Creek Renewable Energy, LLC",2630,Mongaup Falls,NY,GEN2,OP,"Eagle Creek Hydro Power, LLC",7315 Wisconsin Ave,Bethesda,MD,20814,64589,1.0,2023
57280,"Eagle Creek Renewable Energy, LLC",2630,Mongaup Falls,NY,GEN3,OP,"Eagle Creek Hydro Power, LLC",7315 Wisconsin Ave,Bethesda,MD,20814,64589,1.0,2023
57280,"Eagle Creek Renewable Energy, LLC",2630,Mongaup Falls,NY,GEN4,OP,"Eagle Creek Hydro Power, LLC",7315 Wisconsin Ave,Bethesda,MD,20814,64589,1.0,2023
57280,"Eagle Creek Renewable Energy, LLC",2631,Rio,NY,RIO,OP,"Eagle Creek Hydro Power, LLC",7315 Wisconsin Ave,Bethesda,MD,20814,64589,1.0,2023
57280,"Eagle Creek Renewable Energy, LLC",2631,Rio,NY,RIO2,OP,"Eagle Creek Hydro Power, LLC",7315 Wisconsin Ave,Bethesda,MD,20814,64589,1.0,2023
57280,"Eagle Creek Renewable Energy, LLC",2634,Swinging Bridge 2,NY,SWI2,OP,"Eagle Creek Hydro Power, LLC",7315 Wisconsin Ave,Bethesda,MD,20814,64589,1.0,2023
57280,"Eagle Creek Renewable Energy, LLC",2634,Swinging Bridge 2,NY,SWI3,OP,"Eagle Creek Hydro Power, LLC",7315 Wisconsin Ave,Bethesda,MD,20814,64589,1.0,2023
5624,"RED-Rochester, LLC",10025,"RED-Rochester, LLC",NY,12TG,RE,Dean Baughman Industrial Services,5704 Industrial Road,Fort Wayne,IN,46825,56569,1.0,2023
60741,Fortistar Castleton Power,10190,Castleton Energy Center,NY,GEN2,OP,Castleton Energy Center,1902 River Rd,Castleton,NY,12033,56517,1.0,2023
55754,Boralex Hydro Operations Inc,10218,Warrensburg Hydroelectric,NY,HY1,OP,Warrensburg Hydro Power LP,39 Hudson Falls Road,South Glens Falls,NY,12803,20118,0.98,2023
55754,Boralex Hydro Operations Inc,10218,Warrensburg Hydroelectric,NY,HY1,OP,Warrensburg II Corporation,"c/o Boralex Inc. 900, de Maisonneuve Boulevard West  Maison Manuvie - 24th floor",Montreal,QC,H3AOA8,60665,0.02,2023
55754,Boralex Hydro Operations Inc,10219,Middle Falls Hydro,NY,HY1,OP,Middle Falls Ltd Partnership,39 Hudson Falls Road,South Glens Falls,NY,12803,12481,0.98,2023
55754,Boralex Hydro Operations Inc,10219,Middle Falls Hydro,NY,HY1,OP,"Boralex Middle Falls, LLC","c/o Boralex Inc. 900, de Maisonneuve Boulevard West  Maison Manuvie",Montreal,QC,H3AOA8,60680,0.02,2023
55754,Boralex Hydro Operations Inc,10219,Middle Falls Hydro,NY,HY2,OP,Middle Falls Ltd Partnership,39 Hudson Falls Road,South Glens Falls,NY,12803,12481,0.98,2023
55754,Boralex Hydro Operations Inc,10219,Middle Falls Hydro,NY,HY2,OP,"Boralex Middle Falls, LLC","c/o Boralex Inc. 900, de Maisonneuve Boulevard West  Maison Manuvie",Montreal,QC,H3AOA8,60680,0.02,2023
55754,Boralex Hydro Operations Inc,10220,Sissonville Hydro,NY,HY1,OP,Sissonville Ltd Partnership,39 Hudson Falls Road,South Glens Falls,NY,12803,17272,0.98,2023
55754,Boralex Hydro Operations Inc,10220,Sissonville Hydro,NY,HY1,OP,"Sissonville II, LLC","c/o Boralex Inc. 900, de Maisonneuve Boulevard West  Maison Manuvie",Montreal,QC,H3AOA8,60679,0.02,2023
55754,Boralex Hydro Operations Inc,10221,New York State Dam Hydro,NY,GEN1,OP,NYSD Ltd Partnership,39 Hudson Falls Road,South Glens Falls,NY,12803,44858,0.98,2023
55754,Boralex Hydro Operations Inc,10221,New York State Dam Hydro,NY,GEN1,OP,"State Dam II, LLC","c/o Boralex Inc. 900, de Maisonneuve Boulevard West  Maison Manuvie - 24th floor",Montreal,QC,H3AOA8,60666,0.02,2023
55754,Boralex Hydro Operations Inc,10221,New York State Dam Hydro,NY,GEN2,OP,NYSD Ltd Partnership,39 Hudson Falls Road,South Glens Falls,NY,12803,44858,0.98,2023
55754,Boralex Hydro Operations Inc,10221,New York State Dam Hydro,NY,GEN2,OP,"State Dam II, LLC","c/o Boralex Inc. 900, de Maisonneuve Boulevard West  Maison Manuvie - 24th floor",Montreal,QC,H3AOA8,60666,0.02,2023
57280,"Eagle Creek Renewable Energy, LLC",10490,Upper Beaver Falls Project,NY,1G,OP,"Eagle Creek Beaver Falls, LLC","7315 Wisconsin Ave,",Bethesda,MD,20814,64592,1.0,2023
16909,Selkirk Cogen Partners LP,10725,Selkirk Cogen,NY,GEN1,OP,Alterna Springerville  LLC,15 River Road,Wilton,CT,6897,56530,1.0,2023
16909,Selkirk Cogen Partners LP,10725,Selkirk Cogen,NY,GEN2,SB,Alterna Springerville  LLC,15 River Road,Wilton,CT,6897,56530,1.0,2023
16909,Selkirk Cogen Partners LP,10725,Selkirk Cogen,NY,GEN3,OP,Alterna Springerville  LLC,15 River Road,Wilton,CT,6897,56530,1.0,2023
16909,Selkirk Cogen Partners LP,10725,Selkirk Cogen,NY,GEN4,OP,Alterna Springerville  LLC,15 River Road,Wilton,CT,6897,56530,1.0,2023
16909,Selkirk Cogen Partners LP,10725,Selkirk Cogen,NY,GEN5,OP,Alterna Springerville  LLC,15 River Road,Wilton,CT,6897,56530,1.0,2023
40052,AG Energy LP,10803,Ogdensburg Power,NY,GEN1,RE,AG Energy Inc,,,,,34439,0.01,2023
40052,AG Energy LP,10803,Ogdensburg Power,NY,GEN1,RE,Iroqouis Power,,,,,34542,0.15,2023
40052,AG Energy LP,10803,Ogdensburg Power,NY,GEN1,RE,Alliance Energy Group LLC,PO Box 585,Ogdensburg,NY,13669,54771,0.84,2023
40052,AG Energy LP,10803,Ogdensburg Power,NY,GEN2,RE,AG Energy Inc,,,,,34439,0.01,2023
40052,AG Energy LP,10803,Ogdensburg Power,NY,GEN2,RE,Iroqouis Power,,,,,34542,0.15,2023
40052,AG Energy LP,10803,Ogdensburg Power,NY,GEN2,RE,Alliance Energy Group LLC,PO Box 585,Ogdensburg,NY,13669,54771,0.84,2023
40052,AG Energy LP,10803,Ogdensburg Power,NY,GEN3,OS,AG Energy LP,21 Entrance AvenuePO Box 585,Ogdensburg,NY,13669,40052,0.01,2023
40052,AG Energy LP,10803,Ogdensburg Power,NY,GEN3,OS,Alliance Energy Group LLC,PO Box 585,Ogdensburg,NY,13669,54771,0.99,2023
63985,Hydroland Omega LLC,10848,Walden,NY,GEN1,OP,"Walden Hydro, LLC",1 Tech Dr. Suite 220,Andover,MA,1810,60225,1.0,2023
63985,Hydroland Omega LLC,10848,Walden,NY,GEN2,OP,"Walden Hydro, LLC",1 Tech Dr. Suite 220,Andover,MA,1810,60225,1.0,2023
63985,Hydroland Omega LLC,10848,Walden,NY,GEN3,OP,"Walden Hydro, LLC",1 Tech Dr. Suite 220,Andover,MA,1810,60225,1.0,2023
57280,"Eagle Creek Renewable Energy, LLC",50354,Newport Hydro,NY,1,OP,Newport Hydro Associates,7315 Wisconsin Ave,Bethesda,MD,20814,13532,1.0,2023
57280,"Eagle Creek Renewable Energy, LLC",50354,Newport Hydro,NY,2,OP,Newport Hydro Associates,7315 Wisconsin Ave,Bethesda,MD,20814,13532,1.0,2023
57280,"Eagle Creek Renewable Energy, LLC",50354,Newport Hydro,NY,3,OP,Newport Hydro Associates,7315 Wisconsin Ave,Bethesda,MD,20814,13532,1.0,2023
57280,"Eagle Creek Renewable Energy, LLC",50512,Glen Park Hydroelectric Project,NY,GEN1,OP,"Black River Hydroelectric, LLC",7315 Wisconsin Ave,Bethesda,MD,20814,60779,1.0,2023
57280,"Eagle Creek Renewable Energy, LLC",50512,Glen Park Hydroelectric Project,NY,GEN2,OP,"Black River Hydroelectric, LLC",7315 Wisconsin Ave,Bethesda,MD,20814,60779,1.0,2023
57280,"Eagle Creek Renewable Energy, LLC",50512,Glen Park Hydroelectric Project,NY,GEN3,OP,"Black River Hydroelectric, LLC",7315 Wisconsin Ave,Bethesda,MD,20814,60779,1.0,2023
57280,"Eagle Creek Renewable Energy, LLC",50652,Lyonsdale Associates,NY,GEN1,OP,"Lyonsdale Associates, LLC",7315 Wisconsin Ave,Bethesda,MD,20814,56382,1.0,2023
57280,"Eagle Creek Renewable Energy, LLC",50652,Lyonsdale Associates,NY,GEN2,OP,"Lyonsdale Associates, LLC",7315 Wisconsin Ave,Bethesda,MD,20814,56382,1.0,2023
24202,Carr Street Generating Sta LP,50978,Carr Street Generating Station,NY,GEN1,OP,BRASCAN Power Corporation,480m Boul. de la CiteGatineau,Quebec,CN,J8T,50008,1.0,2023
24202,Carr Street Generating Sta LP,50978,Carr Street Generating Station,NY,GEN2,OP,BRASCAN Power Corporation,480m Boul. de la CiteGatineau,Quebec,CN,J8T,50008,1.0,2023
24202,Carr Street Generating Sta LP,50978,Carr Street Generating Station,NY,GEN3,OP,BRASCAN Power Corporation,480m Boul. de la CiteGatineau,Quebec,CN,J8T,50008,1.0,2023
57280,"Eagle Creek Renewable Energy, LLC",51034,Little Falls Hydro,NY,GEN1,OP,Little Falls Hydroelec Assoc,7315 Wisconsin Ave,Bethesda,MD,20814,10714,1.0,2023
57280,"Eagle Creek Renewable Energy, LLC",51034,Little Falls Hydro,NY,GEN2,OP,Little Falls Hydroelec Assoc,7315 Wisconsin Ave,Bethesda,MD,20814,10714,1.0,2023
56601,Covanta MacArthur Renewable Energy,51038,MacArthur Waste to Energy Facility,NY,GEN1,OP,Islip Resource Recovery Agency,4001 Veterans Highway,Ronkonroma,NY,11779,9458,1.0,2023
10349,KIAC Partners,54114,Kennedy International Airport Cogen,NY,CT-3,CN,Westbrook Energy Center,717 Texas Avenue,Houston,TX,77002,2891,1.0,2023
10349,KIAC Partners,54114,Kennedy International Airport Cogen,NY,GEN1,OP,Calpine Corp,"700 Louisiana Street,  Suite 2700",Houston,TX,77002,2796,1.0,2023
10349,KIAC Partners,54114,Kennedy International Airport Cogen,NY,GEN2,OP,Calpine Corp,"700 Louisiana Street,  Suite 2700",Houston,TX,77002,2796,1.0,2023
10349,KIAC Partners,54114,Kennedy International Airport Cogen,NY,GEN3,OP,Calpine Corp,"700 Louisiana Street,  Suite 2700",Houston,TX,77002,2796,1.0,2023
50136,North American Energy Services,54131,Fortistar North Tonawanda,NY,GEN1,OP,Fortistar LLC,5087 Junction Rd,Lockport,NY,14094,6571,1.0,2023
50136,North American Energy Services,54131,Fortistar North Tonawanda,NY,GEN2,OP,Fortistar LLC,5087 Junction Rd,Lockport,NY,14094,6571,1.0,2023
57280,"Eagle Creek Renewable Energy, LLC",54391,Alice Falls Hydro Project,NY,1,OP,"Alice Falls Hydro, LLC",7315 Wisconsin Ave,Bethesda,MD,20814,326,1.0,2023
57280,"Eagle Creek Renewable Energy, LLC",54391,Alice Falls Hydro Project,NY,2,OP,"Alice Falls Hydro, LLC",7315 Wisconsin Ave,Bethesda,MD,20814,326,1.0,2023
17254,Sithe/Independence LLC,54547,Sithe Independence Station,NY,1,OP,Vistra Energy,6555 Sierra Drive,Irving,TX,75039,62723,1.0,2023
17254,Sithe/Independence LLC,54547,Sithe Independence Station,NY,2,OP,Vistra Energy,6555 Sierra Drive,Irving,TX,75039,62723,1.0,2023
17254,Sithe/Independence LLC,54547,Sithe Independence Station,NY,3,OP,Vistra Energy,6555 Sierra Drive,Irving,TX,75039,62723,1.0,2023
17254,Sithe/Independence LLC,54547,Sithe Independence Station,NY,4,OP,Vistra Energy,6555 Sierra Drive,Irving,TX,75039,62723,1.0,2023
17254,Sithe/Independence LLC,54547,Sithe Independence Station,NY,5,OP,Vistra Energy,6555 Sierra Drive,Irving,TX,75039,62723,1.0,2023
17254,Sithe/Independence LLC,54547,Sithe Independence Station,NY,6,OP,Vistra Energy,6555 Sierra Drive,Irving,TX,75039,62723,1.0,2023
57280,"Eagle Creek Renewable Energy, LLC",54691,Lower Beaver Falls Project,NY,2G,OP,"Eagle Creek Beaver Falls, LLC","7315 Wisconsin Ave,",Bethesda,MD,20814,64592,1.0,2023
57280,"Eagle Creek Renewable Energy, LLC",54691,Lower Beaver Falls Project,NY,3G,OP,"Eagle Creek Beaver Falls, LLC","7315 Wisconsin Ave,",Bethesda,MD,20814,64592,1.0,2023
55754,Boralex Hydro Operations Inc,54772,South Glens Falls Hydroelectric,NY,GEN1,OP,South Glens Falls LP,39 Hudson Falls Road,South Glens Falls,NY,12803,17679,0.005,2023
55754,Boralex Hydro Operations Inc,54772,South Glens Falls Hydroelectric,NY,GEN1,OP,"South Glens Falls, LLC","c/o Boralex Inc. 900, de Maisonneuve Boulevard West  Maison Manuvie - 24th floor",Montreal,QC,H3AOA8,60678,0.005,2023
55754,Boralex Hydro Operations Inc,54772,South Glens Falls Hydroelectric,NY,GEN1,OP,BPIF LLC,39 Hudson Falls RD,South Glens Falls,NY,12803,60683,0.99,2023
55754,Boralex Hydro Operations Inc,54772,South Glens Falls Hydroelectric,NY,GEN2,OP,South Glens Falls LP,39 Hudson Falls Road,South Glens Falls,NY,12803,17679,0.005,2023
55754,Boralex Hydro Operations Inc,54772,South Glens Falls Hydroelectric,NY,GEN2,OP,"South Glens Falls, LLC","c/o Boralex Inc. 900, de Maisonneuve Boulevard West  Maison Manuvie - 24th floor",Montreal,QC,H3AOA8,60678,0.005,2023
55754,Boralex Hydro Operations Inc,54772,South Glens Falls Hydroelectric,NY,GEN2,OP,BPIF LLC,39 Hudson Falls RD,South Glens Falls,NY,12803,60683,0.99,2023
57280,"Eagle Creek Renewable Energy, LLC",54865,Phoenix Hydro Project,NY,1-02,OP,Oswego Hydro Partners LP,7315 Wisconsin Ave.,Bethesda,MD,20814,14235,1.0,2023
57280,"Eagle Creek Renewable Energy, LLC",54865,Phoenix Hydro Project,NY,2-01,OP,Oswego Hydro Partners LP,7315 Wisconsin Ave.,Bethesda,MD,20814,14235,1.0,2023
2313,Brooklyn Navy Yard Cogen PLP,54914,Brooklyn Navy Yard Cogeneration,NY,01,OP,Axium BNY LLC,527 Madison Ave 21st Floor,New York,NY,10022,34510,0.584,2023
2313,Brooklyn Navy Yard Cogen PLP,54914,Brooklyn Navy Yard Cogeneration,NY,01,OP,Mission Energy of NY,"527 Madison Avenue, 21st Floor",New York,NY,10022,34667,0.416,2023
2313,Brooklyn Navy Yard Cogen PLP,54914,Brooklyn Navy Yard Cogeneration,NY,02,OP,Axium BNY LLC,527 Madison Ave 21st Floor,New York,NY,10022,34510,0.584,2023
2313,Brooklyn Navy Yard Cogen PLP,54914,Brooklyn Navy Yard Cogeneration,NY,02,OP,Mission Energy of NY,"527 Madison Avenue, 21st Floor",New York,NY,10022,34667,0.416,2023
2313,Brooklyn Navy Yard Cogen PLP,54914,Brooklyn Navy Yard Cogeneration,NY,03,OP,Axium BNY LLC,527 Madison Ave 21st Floor,New York,NY,10022,34510,0.584,2023
2313,Brooklyn Navy Yard Cogen PLP,54914,Brooklyn Navy Yard Cogeneration,NY,03,OP,Mission Energy of NY,"527 Madison Avenue, 21st Floor",New York,NY,10022,34667,0.416,2023
2313,Brooklyn Navy Yard Cogen PLP,54914,Brooklyn Navy Yard Cogeneration,NY,04,OP,Axium BNY LLC,527 Madison Ave 21st Floor,New York,NY,10022,34510,0.584,2023
2313,Brooklyn Navy Yard Cogen PLP,54914,Brooklyn Navy Yard Cogeneration,NY,04,OP,Mission Energy of NY,"527 Madison Avenue, 21st Floor",New York,NY,10022,34667,0.416,2023
55754,Boralex Hydro Operations Inc,54953,Hudson Falls Hydroelectric Project,NY,GEN1,OP,Northern Electric Power Co LP,39 Hudson Falls Road,South Glens Falls,NY,12803,13729,0.005,2023
55754,Boralex Hydro Operations Inc,54953,Hudson Falls Hydroelectric Project,NY,GEN1,OP,"Hudson Falls, LLC","c/o Boralex Inc. 900, de Maisonneuve Boulevard West  Maison Manuvie - 24th floor",Montreal,QC,H3AOA8,60677,0.005,2023
55754,Boralex Hydro Operations Inc,54953,Hudson Falls Hydroelectric Project,NY,GEN1,OP,BPIF LLC,39 Hudson Falls RD,South Glens Falls,NY,12803,60683,0.99,2023
55754,Boralex Hydro Operations Inc,54953,Hudson Falls Hydroelectric Project,NY,GEN2,OP,Northern Electric Power Co LP,39 Hudson Falls Road,South Glens Falls,NY,12803,13729,0.005,2023
55754,Boralex Hydro Operations Inc,54953,Hudson Falls Hydroelectric Project,NY,GEN2,OP,"Hudson Falls, LLC","c/o Boralex Inc. 900, de Maisonneuve Boulevard West  Maison Manuvie - 24th floor",Montreal,QC,H3AOA8,60677,0.005,2023
55754,Boralex Hydro Operations Inc,54953,Hudson Falls Hydroelectric Project,NY,GEN2,OP,BPIF LLC,39 Hudson Falls RD,South Glens Falls,NY,12803,60683,0.99,2023
49880,Madison Windpower LLC,55769,Madison Windpower LLC,NY,MADW,OP,EDP Renewables North America LLC,808 Travis S St. Suite 700,Houston,TX,77002,61757,1.0,2023
49845,"Equus Power I, L.P.",56032,Equus Freeport Power,NY,0001,OP,J Power USA Development Co Ltd,1900 East Golf Road,Schaumburg,IL,60173,56370,1.0,2023
49845,"Equus Power I, L.P.",56032,Equus Freeport Power,NY,001,OP,J Power USA Development Co Ltd,1900 East Golf Road,Schaumburg,IL,60173,56370,1.0,2023
49837,Pinelawn Power LLC,56188,Pinelawn Power LLC,NY,CTG,OP,J Power USA Development Co Ltd,1900 East Golf Road,Schaumburg,IL,60173,56370,1.0,2023
49837,Pinelawn Power LLC,56188,Pinelawn Power LLC,NY,STG,OP,J Power USA Development Co Ltd,1900 East Golf Road,Schaumburg,IL,60173,56370,1.0,2023
54684,"Flat Rock Windpower, LLC",56290,Maple Ridge Wind Farm,NY,1,OP,Avangrid Renewables LLC,"1125 NW Couch , Ste. 700",Portland,OR,97209,15399,0.5,2023
54684,"Flat Rock Windpower, LLC",56290,Maple Ridge Wind Farm,NY,1,OP,EDP Renewables North America LLC,808 Travis S St. Suite 700,Houston,TX,77002,61757,0.5,2023
54684,"Flat Rock Windpower, LLC",56290,Maple Ridge Wind Farm,NY,1A,OP,Avangrid Renewables LLC,"1125 NW Couch , Ste. 700",Portland,OR,97209,15399,0.5,2023
54684,"Flat Rock Windpower, LLC",56290,Maple Ridge Wind Farm,NY,1A,OP,Madison Windpower LLC,"808 Travis, Suite 700",Houston,TX,77002,49880,0.5,2023
54684,"Flat Rock Windpower, LLC",56290,Maple Ridge Wind Farm,NY,2,OP,Avangrid Renewables LLC,"1125 NW Couch , Ste. 700",Portland,OR,97209,15399,0.5,2023
54684,"Flat Rock Windpower, LLC",56290,Maple Ridge Wind Farm,NY,2,OP,EDP Renewables North America LLC,808 Travis S St. Suite 700,Houston,TX,77002,61757,0.5,2023
54684,"Flat Rock Windpower, LLC",56290,Maple Ridge Wind Farm,NY,3,OP,Avangrid Renewables LLC,"1125 NW Couch , Ste. 700",Portland,OR,97209,15399,0.5,2023
54684,"Flat Rock Windpower, LLC",56290,Maple Ridge Wind Farm,NY,3,OP,EDP Renewables North America LLC,808 Travis S St. Suite 700,Houston,TX,77002,61757,0.5,2023
56545,Pattern Operators LP,56370,Ecogen Wind,NY,1,CN,Ecogen Wind LLC,2 Harrison Street6th Floor,San Francisco,CA,94105,56047,1.0,2023
63858,"Valcour Operating Services, LLC",56618,Clinton,NY,1,OP,"Valcour Clinton Windpark, LLC",13860 Ballantyne Corporate Place Suite 300,Charlotte,NC,28277,64018,1.0,2023
63858,"Valcour Operating Services, LLC",56619,Ellenburg,NY,1,OP,"Valcour Ellenburg Windpark, LLC",13860 Ballantyne Corporate Place Suite 300,Charlotte,NC,28277,64019,1.0,2023
63858,"Valcour Operating Services, LLC",56620,Bliss,NY,1,OP,"Valcour Bliss Windpark, LLC",13860 Ballantyne Corporate Place Suite 300,Charlotte,NC,28277,64020,1.0,2023
63858,"Valcour Operating Services, LLC",56901,Altona,NY,1,OP,"Valcour Altona Windpark, LLC",13860 Ballantyne Corporate Place Suite 300,Charlotte,NC,28277,64021,1.0,2023
63858,"Valcour Operating Services, LLC",56902,Wethersfield,NY,1,OP,"Valcour Wethersfield Windpark, LLC",13860 Ballantyne Corporate Place Suite 300,Charlotte,NC,28277,64022,1.0,2023
63858,"Valcour Operating Services, LLC",56904,Chateaugay,NY,1,OP,"Valcour Chateaugay Windpark, LLC",13860 Ballantyne Corporate Place Suite 300,Charlotte,NC,28277,64023,1.0,2023
50158,Innovative Energy Systems Inc,56986,Clinton LFGTE Facility,NY,GEN1,OP,Casella Waste Systems,25 Greens Hill Ln,Rutland,VT,5701,34466,1.0,2023
50158,Innovative Energy Systems Inc,56986,Clinton LFGTE Facility,NY,GEN2,OP,Casella Waste Systems,25 Greens Hill Ln,Rutland,VT,5701,34466,1.0,2023
50158,Innovative Energy Systems Inc,56986,Clinton LFGTE Facility,NY,GEN3,OP,Casella Waste Systems,25 Greens Hill Ln,Rutland,VT,5701,34466,1.0,2023
50158,Innovative Energy Systems Inc,56986,Clinton LFGTE Facility,NY,GEN4,OP,Casella Waste Systems,25 Greens Hill Ln,Rutland,VT,5701,34466,1.0,2023
50158,Innovative Energy Systems Inc,56987,Hyland LFGTE Facility,NY,GEN1,OP,Casella Waste Systems,25 Greens Hill Ln,Rutland,VT,5701,34466,1.0,2023
50158,Innovative Energy Systems Inc,56987,Hyland LFGTE Facility,NY,GEN2,OP,Casella Waste Systems,25 Greens Hill Ln,Rutland,VT,5701,34466,1.0,2023
50158,Innovative Energy Systems Inc,56987,Hyland LFGTE Facility,NY,GEN3,OP,Casella Waste Systems,25 Greens Hill Ln,Rutland,VT,5701,34466,1.0,2023
50158,Innovative Energy Systems Inc,56987,Hyland LFGTE Facility,NY,GEN4,CN,Casella Waste Systems,25 Greens Hill Ln,Rutland,VT,5701,34466,1.0,2023
56534,Cricket Valley Energy Center LLC,57185,Cricket Valley Energy,NY,U001,OP,Cricket Valley Energy Holdings LLC,31 Milk St,Boston,MA,2109,62096,1.0,2023
56534,Cricket Valley Energy Center LLC,57185,Cricket Valley Energy,NY,U002,OP,Cricket Valley Energy Holdings LLC,31 Milk St,Boston,MA,2109,62096,1.0,2023
56534,Cricket Valley Energy Center LLC,57185,Cricket Valley Energy,NY,U003,OP,Cricket Valley Energy Holdings LLC,31 Milk St,Boston,MA,2109,62096,1.0,2023
56534,Cricket Valley Energy Center LLC,57185,Cricket Valley Energy,NY,U004,OP,Cricket Valley Energy Holdings LLC,31 Milk St,Boston,MA,2109,62096,1.0,2023
56534,Cricket Valley Energy Center LLC,57185,Cricket Valley Energy,NY,U005,OP,Cricket Valley Energy Holdings LLC,31 Milk St,Boston,MA,2109,62096,1.0,2023
56534,Cricket Valley Energy Center LLC,57185,Cricket Valley Energy,NY,U006,OP,Cricket Valley Energy Holdings LLC,31 Milk St,Boston,MA,2109,62096,1.0,2023
64137,"Chautauqua Green Energy, LLC",57186,Chautauqua LFGTE Facility,NY,GEN1,OP,Chautauqua County,3889 Towerville Road,Jamestown,NY,14701,56553,1.0,2023
64137,"Chautauqua Green Energy, LLC",57186,Chautauqua LFGTE Facility,NY,GEN2,OP,Chautauqua County,3889 Towerville Road,Jamestown,NY,14701,56553,1.0,2023
64137,"Chautauqua Green Energy, LLC",57186,Chautauqua LFGTE Facility,NY,GEN3,OP,Chautauqua County,3889 Towerville Road,Jamestown,NY,14701,56553,1.0,2023
64137,"Chautauqua Green Energy, LLC",57186,Chautauqua LFGTE Facility,NY,GEN4,OP,Chautauqua County,3889 Towerville Road,Jamestown,NY,14701,56553,1.0,2023
64137,"Chautauqua Green Energy, LLC",57186,Chautauqua LFGTE Facility,NY,GEN5,OP,Chautauqua County,3889 Towerville Road,Jamestown,NY,14701,56553,1.0,2023
64137,"Chautauqua Green Energy, LLC",57186,Chautauqua LFGTE Facility,NY,GEN6,OP,Chautauqua County,3889 Towerville Road,Jamestown,NY,14701,56553,1.0,2023
56545,Pattern Operators LP,57193,Ripley Westfield Wind LLC,NY,WTG,CN,Ripley Westfield Wind LLC,"Pier 1, Bay 3",San Francisco,CA,94111,56557,1.0,2023
61978,Convergent Energy and Power LP,57710,Stephentown Spindle,NY,SRS1,OP,"Stephentown Spindle, LLC","7 Times Square, Suite 3504",New York,NY,10036,57035,1.0,2023
65910,Howard Wind LLC (Longroad),57867,Howard Wind Farm,NY,1,OP,Greenbacker Renewable Energy Corporation,"11 East 44th Street, Suite 1200",New York,NY,10017,60025,1.0,2023
65910,Howard Wind LLC (Longroad),57867,Howard Wind Farm,NY,2,OP,BlackRock Inc.,40 East 52nd St.,New York,NY,10022,61975,1.0,2023
50158,Innovative Energy Systems Inc,58295,SREC Bath LFGTE,NY,GEN1,RE,"Steuben Rural Elec Coop, Inc",9 Wilson Avenue,Bath,NY,14810,18102,1.0,2023
50158,Innovative Energy Systems Inc,58295,SREC Bath LFGTE,NY,GEN2,RE,"Steuben Rural Elec Coop, Inc",9 Wilson Avenue,Bath,NY,14810,18102,1.0,2023
58383,CH4 Biogas LLC,58399,Synergy Biogas,NY,1,OA,Synergy Biogas LLC,30 Lakewood Circle N,Greenwich,CT,6830,58386,1.0,2023
57313,Tesla Inc.,59789,Millbrook School,NY,PV1,OP,"Three Rivers Solar I, LLC",6800 Dumbarton Circle,Fremont,CA,94555,59567,1.0,2023
65411,Duke Energy Renewables Services,60045,Shoreham Solar Commons,NY,GEN1,OP,"Shoreham Solar Commons, LLC","550 S. Caldwell Street, NAS09, Suite 925",Charlotte,NC,28202,59779,1.0,2023
57313,Tesla Inc.,60097,Onondaga County - Metro Water Board,NY,PV1,OP,"Dom Solar Lessor I, LP",6800 Dumbarton Circle,Fremont,CA,94555,59865,1.0,2023
57313,Tesla Inc.,60098,Onondaga County - Oak Orchard WWTP,NY,PV1,OP,"Dom Solar Lessor I, LP",6800 Dumbarton Circle,Fremont,CA,94555,59865,1.0,2023
57313,Tesla Inc.,60114,Oneida County- DPW,NY,PV1,OP,"Dom Solar Lessor I, LP",6800 Dumbarton Circle,Fremont,CA,94555,59865,1.0,2023
57313,Tesla Inc.,60115,Town of Halfmoon,NY,PV1,OP,"Dom Solar Lessor I, LP",6800 Dumbarton Circle,Fremont,CA,94555,59865,1.0,2023
57313,Tesla Inc.,60229,Orange County Solar Farm (NY),NY,PV1,OP,"Three Rivers Solar I, LLC",6800 Dumbarton Circle,Fremont,CA,94555,59567,1.0,2023
57313,Tesla Inc.,60232,Onondaga County- Jamesville,NY,PV1,OP,"Three Rivers Solar I, LLC",6800 Dumbarton Circle,Fremont,CA,94555,59567,1.0,2023
57313,Tesla Inc.,60462,Onondaga County- Clearwater,NY,PV1,OP,"Dom Solar Lessor I, LP",6800 Dumbarton Circle,Fremont,CA,94555,59865,1.0,2023
57313,Tesla Inc.,60463,Greene County Meter #1,NY,PV1,OP,"Dom Solar Lessor I, LP",6800 Dumbarton Circle,Fremont,CA,94555,59865,1.0,2023
57313,Tesla Inc.,60507,Broome County,NY,NORTH,OP,"Dom Solar Lessor I, LP",6800 Dumbarton Circle,Fremont,CA,94555,59865,1.0,2023
57313,Tesla Inc.,60507,Broome County,NY,SOUTH,OP,"Dom Solar Lessor I, LP",6800 Dumbarton Circle,Fremont,CA,94555,59865,1.0,2023
57313,Tesla Inc.,60817,Sullivan County - Adult Care Solar,NY,PV1,OP,"Dom Solar Lessor I, LP",6800 Dumbarton Circle,Fremont,CA,94555,59865,1.0,2023
60584,Onyx Asset Services Group,60967,Onyx - Lamphear Road CSG,NY,10016,OP,Janus Solar Fund LP,230 Park Avenue,New York,NY,10169,60820,1.0,2023
54842,WM Renewable Energy LLC,61012,Mill Seat Renewable Energy Facility,NY,GEN1,OP,Monroe County (NY),"50 West Main Street, Suite 7100",Rochester,NY,14614,60791,1.0,2023
54842,WM Renewable Energy LLC,61012,Mill Seat Renewable Energy Facility,NY,GEN2,OP,Monroe County (NY),"50 West Main Street, Suite 7100",Rochester,NY,14614,60791,1.0,2023
54842,WM Renewable Energy LLC,61012,Mill Seat Renewable Energy Facility,NY,GEN3,OP,Monroe County (NY),"50 West Main Street, Suite 7100",Rochester,NY,14614,60791,1.0,2023
54842,WM Renewable Energy LLC,61012,Mill Seat Renewable Energy Facility,NY,GEN4,OP,Monroe County (NY),"50 West Main Street, Suite 7100",Rochester,NY,14614,60791,1.0,2023
54842,WM Renewable Energy LLC,61012,Mill Seat Renewable Energy Facility,NY,GEN5,OP,Monroe County (NY),"50 West Main Street, Suite 7100",Rochester,NY,14614,60791,1.0,2023
54842,WM Renewable Energy LLC,61012,Mill Seat Renewable Energy Facility,NY,GEN6,OP,Monroe County (NY),"50 West Main Street, Suite 7100",Rochester,NY,14614,60791,1.0,2023
54842,WM Renewable Energy LLC,61012,Mill Seat Renewable Energy Facility,NY,GEN7,OP,Monroe County (NY),"50 West Main Street, Suite 7100",Rochester,NY,14614,60791,1.0,2023
54842,WM Renewable Energy LLC,61012,Mill Seat Renewable Energy Facility,NY,GEN8,OP,Monroe County (NY),"50 West Main Street, Suite 7100",Rochester,NY,14614,60791,1.0,2023
60584,Onyx Asset Services Group,61724,Onyx - Saratoga Springs Landfill Solar CSG,NY,10254,OP,Solar Mission SunE LLC,230 Park Avenue,New York,NY,10169,61360,1.0,2023
60584,Onyx Asset Services Group,61847,Broadalbin,NY,10046,OP,GenE Solar I LLC,230 Park Avenue,New York,NY,10169,61463,1.0,2023
60584,Onyx Asset Services Group,61863,Duanesburg,NY,10048,OP,GenE Solar I LLC,230 Park Avenue,New York,NY,10169,61463,1.0,2023
60584,Onyx Asset Services Group,61888,Johnstown,NY,10049,OP,GenE Solar I LLC,230 Park Avenue,New York,NY,10169,61463,1.0,2023
60584,Onyx Asset Services Group,61903,Sharon Springs,NY,10116,OP,GenE Solar I LLC,230 Park Avenue,New York,NY,10169,61463,1.0,2023
60584,Onyx Asset Services Group,61904,Amsterdam North,NY,10044,OP,GenE Solar I LLC,230 Park Avenue,New York,NY,10169,61463,1.0,2023
60584,Onyx Asset Services Group,61905,Amsterdam South,NY,10045,OP,GenE Solar I LLC,230 Park Avenue,New York,NY,10169,61463,1.0,2023
61194,Generate Capital,62154,Kelly Bridge Road Community Solar Farm,NY,12,OP,Generate NY Community Solar I,"560 Davis Street, Suite 250",San Francisco,CA,94111,65363,1.0,2023
61194,Generate Capital,62156,Pool Brook Rd Community Solar Farm,NY,15,OP,Generate NY Community Solar I,"560 Davis Street, Suite 250",San Francisco,CA,94111,65363,1.0,2023
61194,Generate Capital,62158,Sacket Lake Rd #1 Community Solar Farm,NY,11,OP,Generate NY Community Solar I,"560 Davis Street, Suite 250",San Francisco,CA,94111,65363,1.0,2023
57128,Bloom Energy,62456,Regeneron Tarrytown,NY,RGP00,OP,Key Equipment Finance,1000 McCaslin Blvd,Superior,CO,80027,62002,1.0,2023
61194,Generate Capital,62471,Washington St Community Solar Farm #4,NY,1034,OP,Generate NY Community Solar Lessor II,"560 Davis Street, Suite 250",San Francisco,CA,94111,65341,1.0,2023
61194,Generate Capital,62472,Washington St Community Solar Farm #1,NY,617,OP,Generate NY Community Solar Lessor II,"560 Davis Street, Suite 250",San Francisco,CA,94111,65341,1.0,2023
61194,Generate Capital,62473,Washington St Community Solar Farm #3,NY,1035,OP,Generate NY Community Solar Lessor II,"560 Davis Street, Suite 250",San Francisco,CA,94111,65341,1.0,2023
61194,Generate Capital,62476,Big Tree Community Solar Farm,NY,607,OP,Generate NY Community Solar Lessor III,"560 Davis Street, Suite 250",San Francisco,CA,94111,65331,1.0,2023
61194,Generate Capital,62480,Burritt Rd Community Solar Farm,NY,635,OP,Generate NY Community Solar Lessor II,"560 Davis Street, Suite 250",San Francisco,CA,94111,65341,1.0,2023
61194,Generate Capital,62496,Telegraph Rd #1 Community Solar Farm,NY,1268,OP,Generate NY Community Solar IV,"560 Davis Street, Suite 250",San Francisco,CA,94111,65328,1.0,2023
61194,Generate Capital,62498,Telegraph Rd #2 Community Solar Farm,NY,1413,OP,Generate NY Community Solar IV,"560 Davis Street, Suite 250",San Francisco,CA,94111,65328,1.0,2023
61194,Generate Capital,62500,Route 19 #1 Community Solar Farm,NY,1258,OP,Generate NY Community Solar V,"560 Davis Street, Suite 250",San Francisco,CA,94111,65342,1.0,2023
61194,Generate Capital,62502,Route 19 #2 Community Solar Farm,NY,1415,OP,Generate NY Community Solar V,"560 Davis Street, Suite 250",San Francisco,CA,94111,65342,1.0,2023
61194,Generate Capital,62517,Yellow Mills Rd #1 Community Solar Farm,NY,1142,OP,Generate NY Community Solar V,"560 Davis Street, Suite 250",San Francisco,CA,94111,65342,1.0,2023
61194,Generate Capital,62518,Yellow Mills Rd #2 Community Solar Farm,NY,1181,OP,Generate NY Community Solar V,"560 Davis Street, Suite 250",San Francisco,CA,94111,65342,1.0,2023
61194,Generate Capital,62519,Yellow Mills Rd #3 Community Solar Farm,NY,1244,OP,Generate NY Community Solar V,"560 Davis Street, Suite 250",San Francisco,CA,94111,65342,1.0,2023
61194,Generate Capital,62525,Villa Roma Rd #1,NY,40,OP,Generate NY Community Solar Lessor II,"560 Davis Street, Suite 250",San Francisco,CA,94111,65341,1.0,2023
61194,Generate Capital,62526,Villa Roma Rd #2,NY,41,OP,Generate NY Community Solar Lessor II,"560 Davis Street, Suite 250",San Francisco,CA,94111,65341,1.0,2023
61194,Generate Capital,62533,Boas Rd #4 Community Solar Farm,NY,1023,OP,Generate NY Community Solar I,"560 Davis Street, Suite 250",San Francisco,CA,94111,65363,1.0,2023
57128,Bloom Energy,62572,ATT Jericho,NY,ATT49,OP,New York Community Bank,615 Merrick Avenue,Westbury,NY,11590,62125,1.0,2023
57128,Bloom Energy,62576,MER Queens,NY,MER01,OP,KeyBank,127 Public Square,Cleveland,OH,44114,60948,1.0,2023
62067,EnterSolar,62613,CBP Solar,NY,CBPB1,OP,Continental Building Products,12950 Worldgate Drive,Herndon,VA,20170,65138,1.0,2023
62067,EnterSolar,62614,Kinder Morgan Fordham,NY,KMFO1,OP,OwnSolar,"450 Raritan Center Parkway, Suite E",Edison,NJ,8837,65133,1.0,2023
59474,BQ Energy LLC,62721,Steel Sun 2: 2303-III-9 Hamburg Tpke,NY,SS29,OP,BQ Energy LLC,47 S. Hamilton Street,Poughkeepsie,NY,12601,59474,0.06,2023
59474,BQ Energy LLC,62721,Steel Sun 2: 2303-III-9 Hamburg Tpke,NY,SS29,OP,"JSF Energy, LLC","400 Market Industrial Park, Suite 32",Wappingers Falls,NY,12590,62750,0.06,2023
59474,BQ Energy LLC,62721,Steel Sun 2: 2303-III-9 Hamburg Tpke,NY,SS29,OP,Renewable Strategies LLC,"400 Market Industrial Park, Suite 32",Wappingers Falls,NY,12590,62751,0.06,2023
59474,BQ Energy LLC,62721,Steel Sun 2: 2303-III-9 Hamburg Tpke,NY,SS29,OP,Jarlene Development LLC,One World Trade Center Suite 8500,New York,NY,10007,62754,0.76,2023
59474,BQ Energy LLC,62721,Steel Sun 2: 2303-III-9 Hamburg Tpke,NY,SS29,OP,"1951 Hamburg Turnpike, LLC",423 W. Riverside Drive,Olean,NY,14760,62755,0.06,2023
59474,BQ Energy LLC,62722,Steel Sun 2: 2303-III-4 Hamburg Tpke,NY,SS24,OP,BQ Energy LLC,47 S. Hamilton Street,Poughkeepsie,NY,12601,59474,0.06,2023
59474,BQ Energy LLC,62722,Steel Sun 2: 2303-III-4 Hamburg Tpke,NY,SS24,OP,"JSF Energy, LLC","400 Market Industrial Park, Suite 32",Wappingers Falls,NY,12590,62750,0.06,2023
59474,BQ Energy LLC,62722,Steel Sun 2: 2303-III-4 Hamburg Tpke,NY,SS24,OP,Renewable Strategies LLC,"400 Market Industrial Park, Suite 32",Wappingers Falls,NY,12590,62751,0.06,2023
59474,BQ Energy LLC,62722,Steel Sun 2: 2303-III-4 Hamburg Tpke,NY,SS24,OP,Jarlene Development LLC,One World Trade Center Suite 8500,New York,NY,10007,62754,0.76,2023
59474,BQ Energy LLC,62722,Steel Sun 2: 2303-III-4 Hamburg Tpke,NY,SS24,OP,"1951 Hamburg Turnpike, LLC",423 W. Riverside Drive,Olean,NY,14760,62755,0.06,2023
59474,BQ Energy LLC,62723,Steel Sun 2: 2303-III-2 Hamburg Tpke,NY,SS22,OP,BQ Energy LLC,47 S. Hamilton Street,Poughkeepsie,NY,12601,59474,0.06,2023
59474,BQ Energy LLC,62723,Steel Sun 2: 2303-III-2 Hamburg Tpke,NY,SS22,OP,"JSF Energy, LLC","400 Market Industrial Park, Suite 32",Wappingers Falls,NY,12590,62750,0.06,2023
59474,BQ Energy LLC,62723,Steel Sun 2: 2303-III-2 Hamburg Tpke,NY,SS22,OP,Renewable Strategies LLC,"400 Market Industrial Park, Suite 32",Wappingers Falls,NY,12590,62751,0.06,2023
59474,BQ Energy LLC,62723,Steel Sun 2: 2303-III-2 Hamburg Tpke,NY,SS22,OP,Jarlene Development LLC,One World Trade Center Suite 8500,New York,NY,10007,62754,0.76,2023
59474,BQ Energy LLC,62723,Steel Sun 2: 2303-III-2 Hamburg Tpke,NY,SS22,OP,"1951 Hamburg Turnpike, LLC",423 W. Riverside Drive,Olean,NY,14760,62755,0.06,2023
59474,BQ Energy LLC,62724,Homer Street West,NY,HSW,OP,BQ Energy LLC,47 S. Hamilton Street,Poughkeepsie,NY,12601,59474,0.25,2023
59474,BQ Energy LLC,62724,Homer Street West,NY,HSW,OP,"JSF Energy, LLC","400 Market Industrial Park, Suite 32",Wappingers Falls,NY,12590,62750,0.25,2023
59474,BQ Energy LLC,62724,Homer Street West,NY,HSW,OP,Renewable Strategies LLC,"400 Market Industrial Park, Suite 32",Wappingers Falls,NY,12590,62751,0.25,2023
59474,BQ Energy LLC,62724,Homer Street West,NY,HSW,OP,Olean Gateway Turnkey LLC,423 W. Riverside Drive,Olean,NY,14760,62753,0.25,2023
59474,BQ Energy LLC,62725,Homer Street East,NY,HSE,OP,BQ Energy LLC,47 S. Hamilton Street,Poughkeepsie,NY,12601,59474,0.25,2023
59474,BQ Energy LLC,62725,Homer Street East,NY,HSE,OP,"JSF Energy, LLC","400 Market Industrial Park, Suite 32",Wappingers Falls,NY,12590,62750,0.25,2023
59474,BQ Energy LLC,62725,Homer Street East,NY,HSE,OP,Renewable Strategies LLC,"400 Market Industrial Park, Suite 32",Wappingers Falls,NY,12590,62751,0.25,2023
59474,BQ Energy LLC,62725,Homer Street East,NY,HSE,OP,Olean Gateway Turnkey LLC,423 W. Riverside Drive,Olean,NY,14760,62753,0.25,2023
62709,Bakerstand Solar LLC,62811,Bakerstand Solar (NY),NY,BKSTD,CN,"Empire Renewables, LLC",300 International Dr. Suite 100,Williamsville,NY,14221,62702,1.0,2023
62997,Veolia North America,63236,Kings Plaza Total Energy Plant (TEP),NY,DG2,OP,Macerich,"401 Wilshire Blvd, Suite 700",Santa Monica,CA,90401,63023,1.0,2023
62997,Veolia North America,63236,Kings Plaza Total Energy Plant (TEP),NY,DG3,OP,Macerich,"401 Wilshire Blvd, Suite 700",Santa Monica,CA,90401,63023,1.0,2023
62997,Veolia North America,63236,Kings Plaza Total Energy Plant (TEP),NY,DG4,OP,Macerich,"401 Wilshire Blvd, Suite 700",Santa Monica,CA,90401,63023,1.0,2023
62997,Veolia North America,63236,Kings Plaza Total Energy Plant (TEP),NY,DG5,OP,Macerich,"401 Wilshire Blvd, Suite 700",Santa Monica,CA,90401,63023,1.0,2023
58871,Citizens Enterprises Corporation,63279,Barneveld Solar,NY,PV1,OP,"Citizens Solar Holdings VIII, LLC","88 Black Falcon Ave, Suite 342",Boston,MA,2210,61636,1.0,2023
63059,Diamond Properties,63291,Grand Prix Solar,NY,GPS,OP,Grand Prix NY Racing LLC,333 N Bedford Rd,Mt Kisco,NY,10549,63094,0.4871,2023
63059,Diamond Properties,63291,Grand Prix Solar,NY,GPS,OP,DP 21 LLC,333 N Bedford Rd,Mt Kisco,NY,10549,63095,0.0461,2023
63059,Diamond Properties,63291,Grand Prix Solar,NY,GPS,OP,Photo File Inc,333 N Bedford Rd,Mt Kisco,NY,10549,63096,0.0692,2023
63059,Diamond Properties,63291,Grand Prix Solar,NY,GPS,OP,Safe Haven Partners LLC,333 N Bedford Rd,Mt Kisco,NY,10549,63097,0.0461,2023
63059,Diamond Properties,63291,Grand Prix Solar,NY,GPS,OP,New York Sports Management,333 N Bedford Rd,Mt. Kiosco,NY,10549,63098,0.3208,2023
63059,Diamond Properties,63291,Grand Prix Solar,NY,GPS,OP,RDI Electronics,333 N Bedford Rd,Mt. Kiosco,NY,10549,63099,0.0307,2023
63059,Diamond Properties,63292,100 Brook Hill Drive Solar,NY,BHD,OP,DP57 LLC,100 Brook Hill Drive,West Nyack,NY,10994,63103,1.0,2023
62923,Solar Planet Power,63407,Macedon,NY,101,OP,Solar Advocate Development LLC,"2500 Farmers Dr., Suite 140",Columbus,OH,43235,64422,1.0,2023
62923,Solar Planet Power,63408,Whittier,NY,300,OP,Solar Advocate Development LLC,"2500 Farmers Dr., Suite 140",Columbus,OH,43235,64422,1.0,2023
62923,Solar Planet Power,63409,Williamson,NY,100,OP,Solar Advocate Development LLC,"2500 Farmers Dr., Suite 140",Columbus,OH,43235,64422,1.0,2023
62923,Solar Planet Power,63410,Bennett,NY,304,OP,Solar Advocate Development LLC,"2500 Farmers Dr., Suite 140",Columbus,OH,43235,64422,1.0,2023
58871,Citizens Enterprises Corporation,63450,Chenango Solar,NY,PV1,OP,"Citizens Solar Holdings IX, LLC","88 Black Falcon Ave, Suite 342",Boston,MA,2210,63247,1.0,2023
57313,Tesla Inc.,63511,Mohonasen Central School District,NY,PV1,OP,"Solar Integrated Fund VI, LLC",6800 Dumbarton Cirlce,Fremont,CA,94555,63240,1.0,2023
61944,MN8 Energy LLC,64030,Kenmare - Sullivan Community College,NY,GEN1,OP,"Sullivan Solar Garden, LLC",750 Park of Commerce Blvd,Boca Raton,FL,33487,63679,1.0,2023
63962,"Solar Star Prime 2, LLC",64351,Amazon JFK8 Solar Project,NY,JFK8,OP,53 SP Solar Trust,1100 N. Market St.,Wilmington,DE,19890,63986,1.0,2023
57313,Tesla Inc.,64445,"County of Dutchess, NY (Airport)",NY,PV1,OP,"Solar Integrated Fund VI, LLC",6800 Dumbarton Cirlce,Fremont,CA,94555,63240,1.0,2023
62923,Solar Planet Power,64525,Troupsburg,NY,TB1,OP,Solar Troupsburg LLC,2500 Farmers Dr.  Ste 140,Columbus,OH,43235,64163,1.0,2023
64310,Bronx Community Clean Energy Project LLC,64747,Fuel Cell 3245 Yates Avenue,NY,C3245,OP,Catamaran Renewables LLC,675 3rd Avenue,New York,NY,10017,64313,1.0,2023
64309,Annadale Community Clean Energy Projects LLC,64748,Fuel Cell 18A Sneden Avenue,NY,CR18A,OP,Catamaran Renewables LLC,675 3rd Avenue,New York,NY,10017,64313,1.0,2023
64309,Annadale Community Clean Energy Projects LLC,64749,Fuel Cell 18B Sneden Avenue,NY,CR18B,OP,Catamaran Renewables LLC,675 3rd Avenue,New York,NY,10017,64313,1.0,2023
61514,"Agilitas Energy, Inc.",64758,Manorville II,NY,MAN,L,"AE-Manorville 2, LLC","401 Edgewater Place, Suite 570",Wakefield,MA,1880,64317,1.0,2023
61514,"Agilitas Energy, Inc.",64758,Manorville II,NY,MANB,L,"AE-Manorville 2, LLC","401 Edgewater Place, Suite 570",Wakefield,MA,1880,64317,1.0,2023
61514,"Agilitas Energy, Inc.",64761,Patchogue ESS,NY,PAT,P,"AE-ESS Cassel, LLC","401 Edgewater Place, Suite 570",Wakefield,MA,1880,64320,1.0,2023
61514,"Agilitas Energy, Inc.",65239,"AE-ESS NWS 1, LLC",NY,NWS,U,"AE-ESS NWS, LLC","401 Edgewater Place, Suite 570",Wakefield,MA,1880,64567,1.0,2023
56990,NJR Clean Energy Ventures Corporation,65337,"Maybrook Solar, LLC (CSG)",NY,MAYBK,OP,"Maybrook Solar, LLC",1415 Wyckoff Road,Wall,NJ,7719,64671,1.0,2023
56990,NJR Clean Energy Ventures Corporation,65385,Airport Road Solar (CSG),NY,AIRPT,OP,"AR Solar, LLC",1415 Wyckoff Road,Wall,NJ,7719,64732,1.0,2023
66027,Orsted Wind Power North America LLC,65561,South Fork Wind,NY,SFWND,V,"Orsted US East Coast Offshore Wind HoldCo, LLC","399 Boylston Street, 12th Floor",Boston,MA,2116,63816,0.5,2023
66027,Orsted Wind Power North America LLC,65561,South Fork Wind,NY,SFWND,V,Eversource Energy,107 Selden Street,Berlin,CT,6037,64810,0.5,2023
62067,EnterSolar,65597,"CEC, LLC Westtown B",NY,CLWB,OP,"Nautilus Solar Energy, LLC",396 Springfield Avenue,Summit,NJ,7901,65139,1.0,2023
64950,"LI Solar Generation, LLC",65679,Calverton Solar Energy Center,NY,11933,OP,National Grid,,,MA,,13516,0.5,2023
64950,"LI Solar Generation, LLC",65679,Calverton Solar Energy Center,NY,11933,OP,NextEra Energy Resources Breckinridge,700 Universe Blvd.,Juno Beach,FL,33408,59394,0.5,2023
61194,Generate Capital,66176,Landau Solar,NY,10891,OP,Generate NY Community Solar Lessor III,"560 Davis Street, Suite 250",San Francisco,CA,94111,65331,1.0,2023
61194,Generate Capital,66177,Drinkwater Solar,NY,10896,OP,Generate NY Community Solar Lessor III,"560 Davis Street, Suite 250",San Francisco,CA,94111,65331,1.0,2023
61194,Generate Capital,66187,McCarthy Solar,NY,10992,OP,Generate NY Community Solar IV,"560 Davis Street, Suite 250",San Francisco,CA,94111,65328,1.0,2023
61194,Generate Capital,66209,Bantam Solar,NY,10986,OP,Generate NY Community Solar IV,"560 Davis Street, Suite 250",San Francisco,CA,94111,65328,1.0,2023
61194,Generate Capital,66210,Bogart Solar,NY,10887,OP,Generate NY Community Solar Lessor II,"560 Davis Street, Suite 250",San Francisco,CA,94111,65341,1.0,2023
61194,Generate Capital,66211,Brickchurch Solar,NY,10889,OP,Generate NY Community Solar Lessor II,"560 Davis Street, Suite 250",San Francisco,CA,94111,65341,1.0,2023
61194,Generate Capital,66212,Canoga Solar,NY,10965,OP,Generate NY Community Solar Lessor III,"560 Davis Street, Suite 250",San Francisco,CA,94111,65331,1.0,2023
61194,Generate Capital,66213,Costanza Solar,NY,10907,OP,Generate NY Community Solar Lessor III,"560 Davis Street, Suite 250",San Francisco,CA,94111,65331,1.0,2023
61194,Generate Capital,66214,County Route 84 Solar,NY,10967,OP,Generate NY Community Solar Lessor III,"560 Davis Street, Suite 250",San Francisco,CA,94111,65331,1.0,2023
61194,Generate Capital,66215,Cafferty Hill Solar,NY,10996,OP,Generate NY Community Solar V,"560 Davis Street, Suite 250",San Francisco,CA,94111,65342,1.0,2023
61194,Generate Capital,66217,Donati Solar,NY,10968,OP,Generate NY Community Solar Lessor III,"560 Davis Street, Suite 250",San Francisco,CA,94111,65331,1.0,2023
61194,Generate Capital,66218,Dubois Solar (Hybrid),NY,10892,OP,Generate NY Community Solar Lessor III,"560 Davis Street, Suite 250",San Francisco,CA,94111,65331,1.0,2023
61194,Generate Capital,66218,Dubois Solar (Hybrid),NY,BAT,OP,Generate NY Community Solar Lessor III,"560 Davis Street, Suite 250",San Francisco,CA,94111,65331,1.0,2023
61194,Generate Capital,66219,Dunkleman Solar,NY,11008,OP,Generate NY Community Solar V,"560 Davis Street, Suite 250",San Francisco,CA,94111,65342,1.0,2023
61194,Generate Capital,66220,Finney Solar,NY,10999,OP,Generate NY Community Solar Lessor III,"560 Davis Street, Suite 250",San Francisco,CA,94111,65331,1.0,2023
61194,Generate Capital,66221,Henrietta Solar,NY,10972,OP,Generate NY Community Solar Lessor III,"560 Davis Street, Suite 250",San Francisco,CA,94111,65331,1.0,2023
61194,Generate Capital,66222,Landau II Solar (Hybrid),NY,10895,OP,Generate NY Community Solar Lessor III,"560 Davis Street, Suite 250",San Francisco,CA,94111,65331,1.0,2023
61194,Generate Capital,66222,Landau II Solar (Hybrid),NY,BAT,OP,Generate NY Community Solar Lessor III,"560 Davis Street, Suite 250",San Francisco,CA,94111,65331,1.0,2023
61194,Generate Capital,66223,Lockenhurst Pond Solar,NY,11000,OP,Generate NY Community Solar V,"560 Davis Street, Suite 250",San Francisco,CA,94111,65342,1.0,2023
61194,Generate Capital,66224,New Beginnings Solar,NY,10890,OP,Generate NY Community Solar Lessor II,"560 Davis Street, Suite 250",San Francisco,CA,94111,65341,1.0,2023
61194,Generate Capital,66225,NY70 Solar,NY,10970,OP,Generate NY Community Solar Lessor III,"560 Davis Street, Suite 250",San Francisco,CA,94111,65331,1.0,2023
61194,Generate Capital,66226,Reid Solar,NY,10991,OP,Generate NY Community Solar Lessor III,"560 Davis Street, Suite 250",San Francisco,CA,94111,65331,1.0,2023
61194,Generate Capital,66227,Reisender Solar,NY,10886,OP,Generate NY Community Solar Lessor II,"560 Davis Street, Suite 250",San Francisco,CA,94111,65341,1.0,2023
61194,Generate Capital,66228,Salt Point Solar (Hybrid),NY,10888,OP,Generate NY Community Solar Lessor III,"560 Davis Street, Suite 250",San Francisco,CA,94111,65331,1.0,2023
61194,Generate Capital,66228,Salt Point Solar (Hybrid),NY,BAT,OP,Generate NY Community Solar Lessor III,"560 Davis Street, Suite 250",San Francisco,CA,94111,65331,1.0,2023
61194,Generate Capital,66229,Sangolqui Solar,NY,10975,OP,Generate NY Community Solar Lessor III,"560 Davis Street, Suite 250",San Francisco,CA,94111,65331,1.0,2023
61194,Generate Capital,66230,State Route 14A Solar,NY,10997,OP,Generate NY Community Solar Lessor III,"560 Davis Street, Suite 250",San Francisco,CA,94111,65331,1.0,2023
61194,Generate Capital,66231,State Highway 17B Solar,NY,10988,OP,Generate NY Community Solar Lessor III,"560 Davis Street, Suite 250",San Francisco,CA,94111,65331,1.0,2023
61194,Generate Capital,66232,Svenski Solar (Hybrid),NY,10894,OP,Generate NY Community Solar Lessor III,"560 Davis Street, Suite 250",San Francisco,CA,94111,65331,1.0,2023
61194,Generate Capital,66232,Svenski Solar (Hybrid),NY,BAT,OP,Generate NY Community Solar Lessor III,"560 Davis Street, Suite 250",San Francisco,CA,94111,65331,1.0,2023
61194,Generate Capital,66233,West Creek Solar,NY,10995,OP,Generate NY Community Solar Lessor III,"560 Davis Street, Suite 250",San Francisco,CA,94111,65331,1.0,2023
61194,Generate Capital,66234,Wheatland 2A Solar,NY,10971,OP,Generate NY Community Solar IV,"560 Davis Street, Suite 250",San Francisco,CA,94111,65328,1.0,2023
61194,Generate Capital,66235,Wheatland 2B Solar,NY,10961,OP,Generate NY Community Solar IV,"560 Davis Street, Suite 250",San Francisco,CA,94111,65328,1.0,2023
61194,Generate Capital,66236,Wildflower Way Solar,NY,10982,OP,Generate NY Community Solar Lessor III,"560 Davis Street, Suite 250",San Francisco,CA,94111,65331,1.0,2023
61944,MN8 Energy LLC,66272,RIC - Hanover (CSG),NY,GEN1,OP,Hanover PV LLC,750 Park of Commerce Blvd,Boca Raton,FL,33487,65406,1.0,2023
61944,MN8 Energy LLC,66273,Summit - Cicero,NY,GEN1,V,"SSC Cicero, LLC",750 Park of Commerce Blvd,Boca Raton,FL,33487,65414,1.0,2023
61944,MN8 Energy LLC,66274,Summit - Lysander (CSG),NY,GEN1,OP,"SSC Lysander, LLC",750 Park of Commerce Blvd,Boca Raton,FL,33487,65415,1.0,2023
61944,MN8 Energy LLC,66275,Summit - Oswego,NY,GEN1,OP,"SSC Oswego, LLC",750 Park of Commerce Blvd,Boca Raton,FL,33487,65416,1.0,2023
61944,MN8 Energy LLC,66322,Summit - Scriba CSG,NY,GEN1,OP,"SSC Scriba, LLC",750 Park of Commerce Blvd,Boca Raton,FL,61944,65423,1.0,2023
61194,Generate Capital,66488,Davis Solar,NY,10958,OP,Generate NY Community Solar V,"560 Davis Street, Suite 250",San Francisco,CA,94111,65342,1.0,2023
61194,Generate Capital,66488,Davis Solar,NY,BAT,OP,Generate NY Community Solar V,"560 Davis Street, Suite 250",San Francisco,CA,94111,65342,1.0,2023
61194,Generate Capital,66489,Genesee - CCR Solar,NY,10951,OP,Generate NY Community Solar V,"560 Davis Street, Suite 250",San Francisco,CA,94111,65342,1.0,2023
61194,Generate Capital,66490,Bullitt Farm Solar,NY,10998,OP,Generate NY Community Solar VI,"560 Davis Street, Suite 250",San Francisco,CA,94111,65554,1.0,2023
64904,AES Clean Energy,67412,Geer Road Solar 2,NY,GEER2,V,Geer Rd Solar 2 LLC,319 Geer Road,Hudson Falls,NY,12839,66201,1.0,2023
64904,AES Clean Energy,67413,Geer Road Solar 3,NY,GEER3,V,Geer Rd Solar 3 LLC,319 Geer Rd,Hudson Falls,NY,12839,66202,1.0,2023
64904,AES Clean Energy,67414,Princetown Solar 1,NY,PRNC1,V,"Princetown Solar 1, LLC",248 Kelley Station Road,Duanesburg,NY,12056,66203,1.0,2023
64904,AES Clean Energy,67415,County Highway Solar 1,NY,CTHW1,V,"County Highway Solar 1, LLC",171 County Hwy 142A,Johnstown,NY,12095,66204,1.0,2023
64904,AES Clean Energy,67416,County Highway Solar 2,NY,CTHW2,V,"County Highway Solar 2, LLC",171 County Highway 142A,Johnstown,NY,12095,66205,1.0,2023
64904,AES Clean Energy,67418,Geer Road Solar 1,NY,GEER1,V,Geer Rd Solar 1 LLC,221 Geer Rd,Hudson Falls,NY,12834,66207,1.0,2023
66027,Orsted Wind Power North America LLC,67435,Sunrise Wind,NY,SRWND,L,"Orsted US East Coast Offshore Wind HoldCo, LLC","399 Boylston Street, 12th Floor",Boston,MA,2116,63816,0.5,2023
66027,Orsted Wind Power North America LLC,67435,Sunrise Wind,NY,SRWND,L,Eversource Energy,107 Selden Street,Berlin,CT,6037,64810,0.5,2023
61194,Generate Capital,67611,Glen Mary 1,NY,10993,OP,Generate NY Community Solar IV,"560 Davis Street, Suite 250",San Francisco,CA,94111,65328,1.0,2023
61194,Generate Capital,67612,Glen Mary 2,NY,10994,OP,"Generate C&I Warehouse, LLC","560 Davis Street, Suite 250",San Francisco,CA,94111,66302,1.0,2023
61194,Generate Capital,67613,Barone,NY,11034,U,Generate NY Community Solar VI,"560 Davis Street, Suite 250",San Francisco,CA,94111,65554,1.0,2023
61194,Generate Capital,67615,"Krumkill Road Solar North, LLC",NY,11086,L,"Generate Community Solar VII, LLC","560 Davis Street, Suite 250",San Francisco,CA,94111,66277,1.0,2023
61194,Generate Capital,67616,"Krumkill Road Solar South, LLC",NY,11087,L,"Generate Community Solar VII, LLC","560 Davis Street, Suite 250",San Francisco,CA,94111,66277,1.0,2023
61194,Generate Capital,67617,Spencer (NY),NY,11017,U,"Generate Community Solar VII, LLC","560 Davis Street, Suite 250",San Francisco,CA,94111,66277,1.0,2023
61194,Generate Capital,67618,Eddy,NY,11054,OP,Generate NY Community Solar VI,"560 Davis Street, Suite 250",San Francisco,CA,94111,65554,1.0,2023
61194,Generate Capital,67619,Janiak,NY,10898,OP,Generate NY Community Solar VI,"560 Davis Street, Suite 250",San Francisco,CA,94111,65554,1.0,2023
61194,Generate Capital,67620,Ridgeway 1,NY,11018,OP,Generate NY Community Solar VI,"560 Davis Street, Suite 250",San Francisco,CA,94111,65554,1.0,2023
61194,Generate Capital,67621,Rivard 2,NY,11012,OP,Generate NY Community Solar VI,"560 Davis Street, Suite 250",San Francisco,CA,94111,65554,1.0,2023
61194,Generate Capital,67631,County Route 11B,NY,10983,U,"Generate C&I Warehouse, LLC","560 Davis Street, Suite 250",San Francisco,CA,94111,66302,1.0,2023
15296,New York Power Authority,2483,Neversink,NY,H1,OP,City of New York,"One Centre Street, 22nd Floor",New York,NY,10007,55842,1,2024
13192,NRG Arthur Kill Operations Inc,2490,Arthur Kill Generating Station,NY,2,OP,Arthur Kill Power LLC,4401 Victory Blvd,Staten Island,NY,10314,22846,1,2024
13192,NRG Arthur Kill Operations Inc,2490,Arthur Kill Generating Station,NY,3,OP,Arthur Kill Power LLC,4401 Victory Blvd,Staten Island,NY,10314,22846,1,2024
13192,NRG Arthur Kill Operations Inc,2490,Arthur Kill Generating Station,NY,GT1,OP,Arthur Kill Power LLC,4401 Victory Blvd,Staten Island,NY,10314,22846,1,2024
5914,Erie Boulevard Hydropower LP,2576,Higley,NY,2,RE,BRASCAN Power Corporation,480m Boul. de la CiteGatineau,Quebec,CN,J8T,50008,1,2024
5914,Erie Boulevard Hydropower LP,2576,Higley,NY,3,RE,BRASCAN Power Corporation,480m Boul. de la CiteGatineau,Quebec,CN,J8T,50008,1,2024
55951,Constellation Nuclear,2589,Nine Mile Point Nuclear Station,NY,2,OP,Long Island Power Authority,333 Earle Ovington Boulevard,Uniondale,NY,11553,11171,0.18,2024
55951,Constellation Nuclear,2589,Nine Mile Point Nuclear Station,NY,2,OP,Constellation Nuclear,4300 Winfield Road,Warrenville,IL,60555,55951,0.82,2024
64701,Oswego Harbor Power,2594,Oswego Harbor Power,NY,3,RE,ArcLight Capital Partners LLC,460 North Gulph Road,King of Prussia,PA,19406,49890,1,2024
64701,Oswego Harbor Power,2594,Oswego Harbor Power,NY,ST5,OP,ArcLight Capital Partners LLC,460 North Gulph Road,King of Prussia,PA,19406,49890,1,2024
64701,Oswego Harbor Power,2594,Oswego Harbor Power,NY,ST6,OP,ArcLight Capital Partners LLC,460 North Gulph Road,King of Prussia,PA,19406,49890,1,2024
15296,New York Power Authority,2627,Grahamsville,NY,GRHM,OP,City of New York,"One Centre Street, 22nd Floor",New York,NY,10007,55842,1,2024
57280,"Eagle Creek Renewable Energy, LLC",2630,Mongaup Falls,NY,GEN1,OP,"Eagle Creek Hydro Power, LLC",7315 Wisconsin Ave,Bethesda,MD,20814,64589,1,2024
57280,"Eagle Creek Renewable Energy, LLC",2630,Mongaup Falls,NY,GEN2,OP,"Eagle Creek Hydro Power, LLC",7315 Wisconsin Ave,Bethesda,MD,20814,64589,1,2024
57280,"Eagle Creek Renewable Energy, LLC",2630,Mongaup Falls,NY,GEN3,OP,"Eagle Creek Hydro Power, LLC",7315 Wisconsin Ave,Bethesda,MD,20814,64589,1,2024
57280,"Eagle Creek Renewable Energy, LLC",2630,Mongaup Falls,NY,GEN4,OP,"Eagle Creek Hydro Power, LLC",7315 Wisconsin Ave,Bethesda,MD,20814,64589,1,2024
57280,"Eagle Creek Renewable Energy, LLC",2631,Rio,NY,RIO,OP,"Eagle Creek Hydro Power, LLC",7315 Wisconsin Ave,Bethesda,MD,20814,64589,1,2024
57280,"Eagle Creek Renewable Energy, LLC",2631,Rio,NY,RIO2,OP,"Eagle Creek Hydro Power, LLC",7315 Wisconsin Ave,Bethesda,MD,20814,64589,1,2024
57280,"Eagle Creek Renewable Energy, LLC",2634,Swinging Bridge 2,NY,SWI2,OP,"Eagle Creek Hydro Power, LLC",7315 Wisconsin Ave,Bethesda,MD,20814,64589,1,2024
57280,"Eagle Creek Renewable Energy, LLC",2634,Swinging Bridge 2,NY,SWI3,OP,"Eagle Creek Hydro Power, LLC",7315 Wisconsin Ave,Bethesda,MD,20814,64589,1,2024
5624,"RED-Rochester, LLC",10025,"RED-Rochester, LLC",NY,12TG,RE,Dean Baughman Industrial Services,5704 Industrial Road,Fort Wayne,IN,46825,56569,1,2024
60741,Fortistar Castleton Power,10190,Castleton Energy Center,NY,GEN2,OP,Castleton Energy Center,1902 River Rd,Castleton,NY,12033,56517,1,2024
55754,Boralex Hydro Operations Inc,10218,Warrensburg Hydroelectric,NY,HY1,OP,Warrensburg Hydro Power LP,39 Hudson Falls Road,South Glens Falls,NY,12803,20118,0.98,2024
55754,Boralex Hydro Operations Inc,10218,Warrensburg Hydroelectric,NY,HY1,OP,Warrensburg II Corporation,"c/o Boralex Inc. 900, de Maisonneuve Boulevard West  Maison Manuvie - 24th floor",Montreal,QC,H3AOA8,60665,0.02,2024
55754,Boralex Hydro Operations Inc,10219,Middle Falls Hydro,NY,HY1,OP,Middle Falls Ltd Partnership,39 Hudson Falls Road,South Glens Falls,NY,12803,12481,0.98,2024
55754,Boralex Hydro Operations Inc,10219,Middle Falls Hydro,NY,HY1,OP,"Boralex Middle Falls, LLC","c/o Boralex Inc. 900, de Maisonneuve Boulevard West  Maison Manuvie",Montreal,QC,H3AOA8,60680,0.02,2024
55754,Boralex Hydro Operations Inc,10219,Middle Falls Hydro,NY,HY2,OP,Middle Falls Ltd Partnership,39 Hudson Falls Road,South Glens Falls,NY,12803,12481,0.98,2024
55754,Boralex Hydro Operations Inc,10219,Middle Falls Hydro,NY,HY2,OP,"Boralex Middle Falls, LLC","c/o Boralex Inc. 900, de Maisonneuve Boulevard West  Maison Manuvie",Montreal,QC,H3AOA8,60680,0.02,2024
55754,Boralex Hydro Operations Inc,10220,Sissonville Hydro,NY,HY1,OP,Sissonville Ltd Partnership,39 Hudson Falls Road,South Glens Falls,NY,12803,17272,0.98,2024
55754,Boralex Hydro Operations Inc,10220,Sissonville Hydro,NY,HY1,OP,"Sissonville II, LLC","c/o Boralex Inc. 900, de Maisonneuve Boulevard West  Maison Manuvie",Montreal,QC,H3AOA8,60679,0.02,2024
55754,Boralex Hydro Operations Inc,10221,New York State Dam Hydro,NY,GEN1,OP,NYSD Ltd Partnership,39 Hudson Falls Road,South Glens Falls,NY,12803,44858,0.98,2024
55754,Boralex Hydro Operations Inc,10221,New York State Dam Hydro,NY,GEN1,OP,"State Dam II, LLC","c/o Boralex Inc. 900, de Maisonneuve Boulevard West  Maison Manuvie - 24th floor",Montreal,QC,H3AOA8,60666,0.02,2024
55754,Boralex Hydro Operations Inc,10221,New York State Dam Hydro,NY,GEN2,OP,NYSD Ltd Partnership,39 Hudson Falls Road,South Glens Falls,NY,12803,44858,0.98,2024
55754,Boralex Hydro Operations Inc,10221,New York State Dam Hydro,NY,GEN2,OP,"State Dam II, LLC","c/o Boralex Inc. 900, de Maisonneuve Boulevard West  Maison Manuvie - 24th floor",Montreal,QC,H3AOA8,60666,0.02,2024
57280,"Eagle Creek Renewable Energy, LLC",10490,Upper Beaver Falls Project,NY,1G,OP,"Eagle Creek Beaver Falls, LLC","7315 Wisconsin Ave,",Bethesda,MD,20814,64592,1,2024
16909,Selkirk Cogen Partners LP,10725,Selkirk Cogen,NY,GEN1,OP,Alterna Springerville  LLC,15 River Road,Wilton,CT,6897,56530,1,2024
16909,Selkirk Cogen Partners LP,10725,Selkirk Cogen,NY,GEN2,SB,Alterna Springerville  LLC,15 River Road,Wilton,CT,6897,56530,1,2024
16909,Selkirk Cogen Partners LP,10725,Selkirk Cogen,NY,GEN3,OP,Alterna Springerville  LLC,15 River Road,Wilton,CT,6897,56530,1,2024
16909,Selkirk Cogen Partners LP,10725,Selkirk Cogen,NY,GEN4,OP,Alterna Springerville  LLC,15 River Road,Wilton,CT,6897,56530,1,2024
16909,Selkirk Cogen Partners LP,10725,Selkirk Cogen,NY,GEN5,OP,Alterna Springerville  LLC,15 River Road,Wilton,CT,6897,56530,1,2024
40052,AG Energy LP,10803,Ogdensburg Power,NY,GEN1,RE,AG Energy Inc,,,,,34439,0.01,2024
40052,AG Energy LP,10803,Ogdensburg Power,NY,GEN1,RE,Iroqouis Power,,,,,34542,0.15,2024
40052,AG Energy LP,10803,Ogdensburg Power,NY,GEN1,RE,Alliance Energy Group LLC,PO Box 585,Ogdensburg,NY,13669,54771,0.84,2024
40052,AG Energy LP,10803,Ogdensburg Power,NY,GEN2,RE,AG Energy Inc,,,,,34439,0.01,2024
40052,AG Energy LP,10803,Ogdensburg Power,NY,GEN2,RE,Iroqouis Power,,,,,34542,0.15,2024
40052,AG Energy LP,10803,Ogdensburg Power,NY,GEN2,RE,Alliance Energy Group LLC,PO Box 585,Ogdensburg,NY,13669,54771,0.84,2024
40052,AG Energy LP,10803,Ogdensburg Power,NY,GEN3,OS,AG Energy LP,21 Entrance AvenuePO Box 585,Ogdensburg,NY,13669,40052,0.01,2024
40052,AG Energy LP,10803,Ogdensburg Power,NY,GEN3,OS,Alliance Energy Group LLC,PO Box 585,Ogdensburg,NY,13669,54771,0.99,2024
63985,Hydroland Omega LLC,10848,Walden,NY,GEN1,OP,"Walden Hydro, LLC",1 Tech Dr. Suite 220,Andover,MA,1810,60225,1,2024
63985,Hydroland Omega LLC,10848,Walden,NY,GEN2,OP,"Walden Hydro, LLC",1 Tech Dr. Suite 220,Andover,MA,1810,60225,1,2024
63985,Hydroland Omega LLC,10848,Walden,NY,GEN3,OP,"Walden Hydro, LLC",1 Tech Dr. Suite 220,Andover,MA,1810,60225,1,2024
57280,"Eagle Creek Renewable Energy, LLC",50354,Newport Hydro,NY,1,OP,Newport Hydro Associates,7315 Wisconsin Ave,Bethesda,MD,20814,13532,1,2024
57280,"Eagle Creek Renewable Energy, LLC",50354,Newport Hydro,NY,2,OP,Newport Hydro Associates,7315 Wisconsin Ave,Bethesda,MD,20814,13532,1,2024
57280,"Eagle Creek Renewable Energy, LLC",50354,Newport Hydro,NY,3,OP,Newport Hydro Associates,7315 Wisconsin Ave,Bethesda,MD,20814,13532,1,2024
57280,"Eagle Creek Renewable Energy, LLC",50512,Glen Park Hydroelectric Project,NY,GEN1,OP,"Black River Hydroelectric, LLC",7315 Wisconsin Ave,Bethesda,MD,20814,60779,1,2024
57280,"Eagle Creek Renewable Energy, LLC",50512,Glen Park Hydroelectric Project,NY,GEN2,OP,"Black River Hydroelectric, LLC",7315 Wisconsin Ave,Bethesda,MD,20814,60779,1,2024
57280,"Eagle Creek Renewable Energy, LLC",50512,Glen Park Hydroelectric Project,NY,GEN3,OP,"Black River Hydroelectric, LLC",7315 Wisconsin Ave,Bethesda,MD,20814,60779,1,2024
66645,Northern Power & Light,50513,Stillwater Reservoir Hydro,NY,GEN1,OP,Hudson River-Black River Regulating District,54 State St Ste 501,Albany,NY,12207,67075,1,2024
57280,"Eagle Creek Renewable Energy, LLC",50652,Lyonsdale Associates,NY,GEN1,OP,"Lyonsdale Associates, LLC",7315 Wisconsin Ave,Bethesda,MD,20814,56382,1,2024
57280,"Eagle Creek Renewable Energy, LLC",50652,Lyonsdale Associates,NY,GEN2,OP,"Lyonsdale Associates, LLC",7315 Wisconsin Ave,Bethesda,MD,20814,56382,1,2024
24202,Carr Street Generating Sta LP,50978,Carr Street Generating Station,NY,GEN1,OP,BRASCAN Power Corporation,480m Boul. de la CiteGatineau,Quebec,CN,J8T,50008,1,2024
24202,Carr Street Generating Sta LP,50978,Carr Street Generating Station,NY,GEN2,OA,BRASCAN Power Corporation,480m Boul. de la CiteGatineau,Quebec,CN,J8T,50008,1,2024
24202,Carr Street Generating Sta LP,50978,Carr Street Generating Station,NY,GEN3,OP,BRASCAN Power Corporation,480m Boul. de la CiteGatineau,Quebec,CN,J8T,50008,1,2024
57280,"Eagle Creek Renewable Energy, LLC",51034,Little Falls Hydro,NY,GEN1,OP,Little Falls Hydroelec Assoc,7315 Wisconsin Ave,Bethesda,MD,20814,10714,1,2024
57280,"Eagle Creek Renewable Energy, LLC",51034,Little Falls Hydro,NY,GEN2,OP,Little Falls Hydroelec Assoc,7315 Wisconsin Ave,Bethesda,MD,20814,10714,1,2024
56601,Reworld MacArthur Renewable Energy,51038,MacArthur Waste to Energy Facility,NY,GEN1,OP,Islip Resource Recovery Agency,4001 Veterans Highway,Ronkonroma,NY,11779,9458,1,2024
10349,KIAC Partners,54114,Kennedy International Airport Cogen,NY,CT-3,CN,Westbrook Energy Center,717 Texas Avenue,Houston,TX,77002,2891,1,2024
10349,KIAC Partners,54114,Kennedy International Airport Cogen,NY,GEN1,OP,Calpine Corp,"700 Louisiana Street,  Suite 2700",Houston,TX,77002,2796,1,2024
10349,KIAC Partners,54114,Kennedy International Airport Cogen,NY,GEN2,OP,Calpine Corp,"700 Louisiana Street,  Suite 2700",Houston,TX,77002,2796,1,2024
10349,KIAC Partners,54114,Kennedy International Airport Cogen,NY,GEN3,OP,Calpine Corp,"700 Louisiana Street,  Suite 2700",Houston,TX,77002,2796,1,2024
50136,North American Energy Services,54131,World Generation X,NY,GEN1,OP,Digihost Technology Inc,2830 Produce Row,Houston,TX,77203,66985,1,2024
50136,North American Energy Services,54131,World Generation X,NY,GEN2,OP,Digihost Technology Inc,2830 Produce Row,Houston,TX,77203,66985,1,2024
57280,"Eagle Creek Renewable Energy, LLC",54391,Alice Falls Hydro Project,NY,1,OP,"Alice Falls Hydro, LLC",7315 Wisconsin Ave,Bethesda,MD,20814,326,1,2024
57280,"Eagle Creek Renewable Energy, LLC",54391,Alice Falls Hydro Project,NY,2,OP,"Alice Falls Hydro, LLC",7315 Wisconsin Ave,Bethesda,MD,20814,326,1,2024
17254,Sithe/Independence LLC,54547,Sithe Independence Station,NY,1,OP,Vistra Energy,6555 Sierra Drive,Irving,TX,75039,62723,1,2024
17254,Sithe/Independence LLC,54547,Sithe Independence Station,NY,2,OP,Vistra Energy,6555 Sierra Drive,Irving,TX,75039,62723,1,2024
17254,Sithe/Independence LLC,54547,Sithe Independence Station,NY,3,OP,Vistra Energy,6555 Sierra Drive,Irving,TX,75039,62723,1,2024
17254,Sithe/Independence LLC,54547,Sithe Independence Station,NY,4,OP,Vistra Energy,6555 Sierra Drive,Irving,TX,75039,62723,1,2024
17254,Sithe/Independence LLC,54547,Sithe Independence Station,NY,5,OP,Vistra Energy,6555 Sierra Drive,Irving,TX,75039,62723,1,2024
17254,Sithe/Independence LLC,54547,Sithe Independence Station,NY,6,OP,Vistra Energy,6555 Sierra Drive,Irving,TX,75039,62723,1,2024
57280,"Eagle Creek Renewable Energy, LLC",54691,Lower Beaver Falls Project,NY,2G,OP,"Eagle Creek Beaver Falls, LLC","7315 Wisconsin Ave,",Bethesda,MD,20814,64592,1,2024
57280,"Eagle Creek Renewable Energy, LLC",54691,Lower Beaver Falls Project,NY,3G,OP,"Eagle Creek Beaver Falls, LLC","7315 Wisconsin Ave,",Bethesda,MD,20814,64592,1,2024
55754,Boralex Hydro Operations Inc,54772,South Glens Falls Hydroelectric,NY,GEN1,OP,South Glens Falls LP,39 Hudson Falls Road,South Glens Falls,NY,12803,17679,0.005,2024
55754,Boralex Hydro Operations Inc,54772,South Glens Falls Hydroelectric,NY,GEN1,OP,"South Glens Falls, LLC","c/o Boralex Inc. 900, de Maisonneuve Boulevard West  Maison Manuvie - 24th floor",Montreal,QC,H3AOA8,60678,0.005,2024
55754,Boralex Hydro Operations Inc,54772,South Glens Falls Hydroelectric,NY,GEN1,OP,BPIF LLC,39 Hudson Falls RD,South Glens Falls,NY,12803,60683,0.99,2024
55754,Boralex Hydro Operations Inc,54772,South Glens Falls Hydroelectric,NY,GEN2,OP,South Glens Falls LP,39 Hudson Falls Road,South Glens Falls,NY,12803,17679,0.005,2024
55754,Boralex Hydro Operations Inc,54772,South Glens Falls Hydroelectric,NY,GEN2,OP,"South Glens Falls, LLC","c/o Boralex Inc. 900, de Maisonneuve Boulevard West  Maison Manuvie - 24th floor",Montreal,QC,H3AOA8,60678,0.005,2024
55754,Boralex Hydro Operations Inc,54772,South Glens Falls Hydroelectric,NY,GEN2,OP,BPIF LLC,39 Hudson Falls RD,South Glens Falls,NY,12803,60683,0.99,2024
57280,"Eagle Creek Renewable Energy, LLC",54865,Phoenix Hydro Project,NY,1-02,OP,Oswego Hydro Partners LP,7315 Wisconsin Ave.,Bethesda,MD,20814,14235,1,2024
57280,"Eagle Creek Renewable Energy, LLC",54865,Phoenix Hydro Project,NY,2-01,OP,Oswego Hydro Partners LP,7315 Wisconsin Ave.,Bethesda,MD,20814,14235,1,2024
2313,Brooklyn Navy Yard Cogen PLP,54914,Brooklyn Navy Yard Cogeneration,NY,01,OP,Axium BNY LLC,527 Madison Ave 21st Floor,New York,NY,10022,34510,0.584,2024
2313,Brooklyn Navy Yard Cogen PLP,54914,Brooklyn Navy Yard Cogeneration,NY,01,OP,Mission Energy of NY,"527 Madison Avenue, 21st Floor",New York,NY,10022,34667,0.416,2024
2313,Brooklyn Navy Yard Cogen PLP,54914,Brooklyn Navy Yard Cogeneration,NY,02,OP,Axium BNY LLC,527 Madison Ave 21st Floor,New York,NY,10022,34510,0.584,2024
2313,Brooklyn Navy Yard Cogen PLP,54914,Brooklyn Navy Yard Cogeneration,NY,02,OP,Mission Energy of NY,"527 Madison Avenue, 21st Floor",New York,NY,10022,34667,0.416,2024
2313,Brooklyn Navy Yard Cogen PLP,54914,Brooklyn Navy Yard Cogeneration,NY,03,OP,Axium BNY LLC,527 Madison Ave 21st Floor,New York,NY,10022,34510,0.584,2024
2313,Brooklyn Navy Yard Cogen PLP,54914,Brooklyn Navy Yard Cogeneration,NY,03,OP,Mission Energy of NY,"527 Madison Avenue, 21st Floor",New York,NY,10022,34667,0.416,2024
2313,Brooklyn Navy Yard Cogen PLP,54914,Brooklyn Navy Yard Cogeneration,NY,04,OP,Axium BNY LLC,527 Madison Ave 21st Floor,New York,NY,10022,34510,0.584,2024
2313,Brooklyn Navy Yard Cogen PLP,54914,Brooklyn Navy Yard Cogeneration,NY,04,OP,Mission Energy of NY,"527 Madison Avenue, 21st Floor",New York,NY,10022,34667,0.416,2024
55754,Boralex Hydro Operations Inc,54953,Hudson Falls Hydroelectric Project,NY,GEN1,OP,Northern Electric Power Co LP,39 Hudson Falls Road,South Glens Falls,NY,12803,13729,0.005,2024
55754,Boralex Hydro Operations Inc,54953,Hudson Falls Hydroelectric Project,NY,GEN1,OP,"Hudson Falls, LLC","c/o Boralex Inc. 900, de Maisonneuve Boulevard West  Maison Manuvie - 24th floor",Montreal,QC,H3AOA8,60677,0.005,2024
55754,Boralex Hydro Operations Inc,54953,Hudson Falls Hydroelectric Project,NY,GEN1,OP,BPIF LLC,39 Hudson Falls RD,South Glens Falls,NY,12803,60683,0.99,2024
55754,Boralex Hydro Operations Inc,54953,Hudson Falls Hydroelectric Project,NY,GEN2,OP,Northern Electric Power Co LP,39 Hudson Falls Road,South Glens Falls,NY,12803,13729,0.005,2024
55754,Boralex Hydro Operations Inc,54953,Hudson Falls Hydroelectric Project,NY,GEN2,OP,"Hudson Falls, LLC","c/o Boralex Inc. 900, de Maisonneuve Boulevard West  Maison Manuvie - 24th floor",Montreal,QC,H3AOA8,60677,0.005,2024
55754,Boralex Hydro Operations Inc,54953,Hudson Falls Hydroelectric Project,NY,GEN2,OP,BPIF LLC,39 Hudson Falls RD,South Glens Falls,NY,12803,60683,0.99,2024
49880,Madison Windpower LLC,55769,Madison Windpower LLC,NY,MADW,OP,EDP Renewables North America LLC,808 Travis S St. Suite 700,Houston,TX,77002,61757,1,2024
49845,"Equus Power I, L.P.",56032,Equus Freeport Power,NY,0001,OP,"Hull Street Energy, LLC","4747 Bethesda Ave, Suite 1220",Bethesda,MD,20814,65850,1,2024
49845,"Equus Power I, L.P.",56032,Equus Freeport Power,NY,001,OP,J Power USA Development Co Ltd,1900 East Golf Road,Schaumburg,IL,60173,56370,1,2024
49837,Pinelawn Power LLC,56188,Pinelawn Power LLC,NY,CTG,OP,"Hull Street Energy, LLC","4747 Bethesda Ave, Suite 1220",Bethesda,MD,20814,65850,1,2024
49837,Pinelawn Power LLC,56188,Pinelawn Power LLC,NY,STG,OP,J Power USA Development Co Ltd,1900 East Golf Road,Schaumburg,IL,60173,56370,1,2024
54684,"Flat Rock Windpower, LLC",56290,Maple Ridge Wind Farm,NY,1,OP,Avangrid Power LLC,"1125 NW Couch , Ste. 700",Portland,OR,97209,15399,0.5,2024
54684,"Flat Rock Windpower, LLC",56290,Maple Ridge Wind Farm,NY,1,OP,EDP Renewables North America LLC,808 Travis S St. Suite 700,Houston,TX,77002,61757,0.5,2024
54684,"Flat Rock Windpower, LLC",56290,Maple Ridge Wind Farm,NY,1A,OP,Avangrid Power LLC,"1125 NW Couch , Ste. 700",Portland,OR,97209,15399,0.5,2024
54684,"Flat Rock Windpower, LLC",56290,Maple Ridge Wind Farm,NY,1A,OP,Madison Windpower LLC,"808 Travis, Suite 700",Houston,TX,77002,49880,0.5,2024
54684,"Flat Rock Windpower, LLC",56290,Maple Ridge Wind Farm,NY,2,OP,Avangrid Power LLC,"1125 NW Couch , Ste. 700",Portland,OR,97209,15399,0.5,2024
54684,"Flat Rock Windpower, LLC",56290,Maple Ridge Wind Farm,NY,2,OP,EDP Renewables North America LLC,808 Travis S St. Suite 700,Houston,TX,77002,61757,0.5,2024
54684,"Flat Rock Windpower, LLC",56290,Maple Ridge Wind Farm,NY,3,OP,Avangrid Power LLC,"1125 NW Couch , Ste. 700",Portland,OR,97209,15399,0.5,2024
54684,"Flat Rock Windpower, LLC",56290,Maple Ridge Wind Farm,NY,3,OP,EDP Renewables North America LLC,808 Travis S St. Suite 700,Houston,TX,77002,61757,0.5,2024
56545,Pattern Operators LP,56370,Ecogen Wind,NY,1,CN,Ecogen Wind LLC,2 Harrison Street6th Floor,San Francisco,CA,94105,56047,1,2024
63858,"Valcour Operating Services, LLC",56618,Clinton,NY,1,OP,"Valcour Clinton Windpark, LLC",13860 Ballantyne Corporate Place Suite 300,Charlotte,NC,28277,64018,1,2024
63858,"Valcour Operating Services, LLC",56619,Ellenburg,NY,1,OP,"Valcour Ellenburg Windpark, LLC",13860 Ballantyne Corporate Place Suite 300,Charlotte,NC,28277,64019,1,2024
63858,"Valcour Operating Services, LLC",56620,Bliss (NY),NY,1,OP,"Valcour Bliss Windpark, LLC",13860 Ballantyne Corporate Place Suite 300,Charlotte,NC,28277,64020,1,2024
63858,"Valcour Operating Services, LLC",56901,Altona,NY,1,OP,"Valcour Altona Windpark, LLC",13860 Ballantyne Corporate Place Suite 300,Charlotte,NC,28277,64021,1,2024
63858,"Valcour Operating Services, LLC",56902,Wethersfield,NY,1,OP,"Valcour Wethersfield Windpark, LLC",13860 Ballantyne Corporate Place Suite 300,Charlotte,NC,28277,64022,1,2024
63858,"Valcour Operating Services, LLC",56904,Chateaugay,NY,1,OP,"Valcour Chateaugay Windpark, LLC",13860 Ballantyne Corporate Place Suite 300,Charlotte,NC,28277,64023,1,2024
50158,Innovative Energy Systems Inc,56986,Clinton LFGTE Facility,NY,GEN1,OP,Casella Waste Systems,25 Greens Hill Ln,Rutland,VT,5701,34466,1,2024
50158,Innovative Energy Systems Inc,56986,Clinton LFGTE Facility,NY,GEN2,OP,Casella Waste Systems,25 Greens Hill Ln,Rutland,VT,5701,34466,1,2024
50158,Innovative Energy Systems Inc,56986,Clinton LFGTE Facility,NY,GEN3,OP,Casella Waste Systems,25 Greens Hill Ln,Rutland,VT,5701,34466,1,2024
50158,Innovative Energy Systems Inc,56986,Clinton LFGTE Facility,NY,GEN4,OP,Casella Waste Systems,25 Greens Hill Ln,Rutland,VT,5701,34466,1,2024
50158,Innovative Energy Systems Inc,56987,Hyland LFGTE Facility,NY,GEN1,OP,Casella Waste Systems,25 Greens Hill Ln,Rutland,VT,5701,34466,1,2024
50158,Innovative Energy Systems Inc,56987,Hyland LFGTE Facility,NY,GEN2,OP,Casella Waste Systems,25 Greens Hill Ln,Rutland,VT,5701,34466,1,2024
50158,Innovative Energy Systems Inc,56987,Hyland LFGTE Facility,NY,GEN3,OP,Casella Waste Systems,25 Greens Hill Ln,Rutland,VT,5701,34466,1,2024
50158,Innovative Energy Systems Inc,56987,Hyland LFGTE Facility,NY,GEN4,CN,Casella Waste Systems,25 Greens Hill Ln,Rutland,VT,5701,34466,1,2024
56534,Cricket Valley Energy Center LLC,57185,Cricket Valley Energy,NY,U001,OP,Cricket Valley Energy Holdings LLC,31 Milk St,Boston,MA,2109,62096,1,2024
56534,Cricket Valley Energy Center LLC,57185,Cricket Valley Energy,NY,U002,OP,Cricket Valley Energy Holdings LLC,31 Milk St,Boston,MA,2109,62096,1,2024
56534,Cricket Valley Energy Center LLC,57185,Cricket Valley Energy,NY,U003,OP,Cricket Valley Energy Holdings LLC,31 Milk St,Boston,MA,2109,62096,1,2024
56534,Cricket Valley Energy Center LLC,57185,Cricket Valley Energy,NY,U004,OP,Cricket Valley Energy Holdings LLC,31 Milk St,Boston,MA,2109,62096,1,2024
56534,Cricket Valley Energy Center LLC,57185,Cricket Valley Energy,NY,U005,OP,Cricket Valley Energy Holdings LLC,31 Milk St,Boston,MA,2109,62096,1,2024
56534,Cricket Valley Energy Center LLC,57185,Cricket Valley Energy,NY,U006,OP,Cricket Valley Energy Holdings LLC,31 Milk St,Boston,MA,2109,62096,1,2024
64137,"Chautauqua Green Energy, LLC",57186,Chautauqua LFGTE Facility,NY,GEN1,OP,Chautauqua County,3889 Towerville Road,Jamestown,NY,14701,56553,1,2024
64137,"Chautauqua Green Energy, LLC",57186,Chautauqua LFGTE Facility,NY,GEN2,OP,Chautauqua County,3889 Towerville Road,Jamestown,NY,14701,56553,1,2024
64137,"Chautauqua Green Energy, LLC",57186,Chautauqua LFGTE Facility,NY,GEN3,OP,Chautauqua County,3889 Towerville Road,Jamestown,NY,14701,56553,1,2024
64137,"Chautauqua Green Energy, LLC",57186,Chautauqua LFGTE Facility,NY,GEN4,OP,Chautauqua County,3889 Towerville Road,Jamestown,NY,14701,56553,1,2024
64137,"Chautauqua Green Energy, LLC",57186,Chautauqua LFGTE Facility,NY,GEN5,OP,Chautauqua County,3889 Towerville Road,Jamestown,NY,14701,56553,1,2024
64137,"Chautauqua Green Energy, LLC",57186,Chautauqua LFGTE Facility,NY,GEN6,OP,Chautauqua County,3889 Towerville Road,Jamestown,NY,14701,56553,1,2024
56545,Pattern Operators LP,57193,Ripley Westfield Wind LLC,NY,WTG,CN,Ripley Westfield Wind LLC,"Pier 1, Bay 3",San Francisco,CA,94111,56557,1,2024
61978,Convergent Energy and Power LP,57710,Stephentown Spindle,NY,SRS1,OP,"Stephentown Spindle, LLC","7 Times Square, Suite 3504",New York,NY,10036,57035,1,2024
65910,Howard Wind LLC (Longroad),57867,Howard Wind Farm,NY,1,OP,Greenbacker Renewable Energy Corporation,"11 East 44th Street, Suite 1200",New York,NY,10017,60025,1,2024
65910,Howard Wind LLC (Longroad),57867,Howard Wind Farm,NY,2,OP,BlackRock Inc.,40 East 52nd St.,New York,NY,10022,61975,1,2024
50158,Innovative Energy Systems Inc,58295,SREC Bath LFGTE,NY,GEN1,RE,"Steuben Rural Elec Coop, Inc",9 Wilson Avenue,Bath,NY,14810,18102,1,2024
50158,Innovative Energy Systems Inc,58295,SREC Bath LFGTE,NY,GEN2,RE,"Steuben Rural Elec Coop, Inc",9 Wilson Avenue,Bath,NY,14810,18102,1,2024
58383,CH4 Biogas LLC,58399,Synergy Biogas,NY,1,OA,Synergy Biogas LLC,30 Lakewood Circle N,Greenwich,CT,6830,58386,1,2024
57313,Tesla Inc.,59789,Millbrook School,NY,PV1,OP,"Three Rivers Solar I, LLC",6800 Dumbarton Circle,Fremont,CA,94555,59567,1,2024
65411,Duke Energy Renewables Services,60045,Shoreham Solar Commons,NY,GEN1,OP,"Shoreham Solar Commons, LLC","550 S. Caldwell Street, NAS09, Suite 925",Charlotte,NC,28202,59779,1,2024
57313,Tesla Inc.,60229,Orange County Solar Farm (NY),NY,PV1,OP,"Three Rivers Solar I, LLC",6800 Dumbarton Circle,Fremont,CA,94555,59567,1,2024
57313,Tesla Inc.,60232,Onondaga County- Jamesville,NY,PV1,OP,"Three Rivers Solar I, LLC",6800 Dumbarton Circle,Fremont,CA,94555,59567,1,2024
60584,Onyx Asset Services Group,60967,Onyx - Lamphear Road CSG,NY,10016,OP,Janus Solar Fund LP,230 Park Avenue,New York,NY,10169,60820,1,2024
54842,WM Renewable Energy LLC,61012,Mill Seat Renewable Energy Facility,NY,GEN1,OP,Monroe County (NY),"50 West Main Street, Suite 7100",Rochester,NY,14614,60791,1,2024
54842,WM Renewable Energy LLC,61012,Mill Seat Renewable Energy Facility,NY,GEN2,OP,Monroe County (NY),"50 West Main Street, Suite 7100",Rochester,NY,14614,60791,1,2024
54842,WM Renewable Energy LLC,61012,Mill Seat Renewable Energy Facility,NY,GEN3,OP,Monroe County (NY),"50 West Main Street, Suite 7100",Rochester,NY,14614,60791,1,2024
54842,WM Renewable Energy LLC,61012,Mill Seat Renewable Energy Facility,NY,GEN4,OP,Monroe County (NY),"50 West Main Street, Suite 7100",Rochester,NY,14614,60791,1,2024
54842,WM Renewable Energy LLC,61012,Mill Seat Renewable Energy Facility,NY,GEN5,OP,Monroe County (NY),"50 West Main Street, Suite 7100",Rochester,NY,14614,60791,1,2024
54842,WM Renewable Energy LLC,61012,Mill Seat Renewable Energy Facility,NY,GEN6,OP,Monroe County (NY),"50 West Main Street, Suite 7100",Rochester,NY,14614,60791,1,2024
54842,WM Renewable Energy LLC,61012,Mill Seat Renewable Energy Facility,NY,GEN7,OP,Monroe County (NY),"50 West Main Street, Suite 7100",Rochester,NY,14614,60791,1,2024
54842,WM Renewable Energy LLC,61012,Mill Seat Renewable Energy Facility,NY,GEN8,OP,Monroe County (NY),"50 West Main Street, Suite 7100",Rochester,NY,14614,60791,1,2024
60584,Onyx Asset Services Group,61724,Onyx - Saratoga Springs Landfill Solar C,NY,10254,OP,Solar Mission SunE LLC,230 Park Avenue,New York,NY,10169,61360,1,2024
60584,Onyx Asset Services Group,61847,Broadalbin,NY,10046,OP,GenE Solar I LLC,230 Park Avenue,New York,NY,10169,61463,1,2024
60584,Onyx Asset Services Group,61863,Duanesburg,NY,10048,OP,GenE Solar I LLC,230 Park Avenue,New York,NY,10169,61463,1,2024
60584,Onyx Asset Services Group,61888,Johnstown,NY,10049,OP,GenE Solar I LLC,230 Park Avenue,New York,NY,10169,61463,1,2024
60584,Onyx Asset Services Group,61903,Sharon Springs,NY,10116,OP,GenE Solar I LLC,230 Park Avenue,New York,NY,10169,61463,1,2024
60584,Onyx Asset Services Group,61904,Amsterdam North,NY,10044,OP,GenE Solar I LLC,230 Park Avenue,New York,NY,10169,61463,1,2024
60584,Onyx Asset Services Group,61905,Amsterdam South,NY,10045,OP,GenE Solar I LLC,230 Park Avenue,New York,NY,10169,61463,1,2024
61194,Generate Capital,62154,Kelly Bridge Road Community Solar Farm,NY,12,OP,Generate NY Community Solar I,"560 Davis Street, Suite 250",San Francisco,CA,94111,65363,1,2024
61194,Generate Capital,62156,Pool Brook Rd Community Solar Farm,NY,15,OP,Generate NY Community Solar I,"560 Davis Street, Suite 250",San Francisco,CA,94111,65363,1,2024
61194,Generate Capital,62158,Sacket Lake Rd #1 Community Solar Farm,NY,11,OP,Generate NY Community Solar I,"560 Davis Street, Suite 250",San Francisco,CA,94111,65363,1,2024
57128,Bloom Energy,62456,Regeneron Tarrytown,NY,RGP00,OP,Key Equipment Finance,1000 McCaslin Blvd,Superior,CO,80027,62002,1,2024
61194,Generate Capital,62471,Washington St Community Solar Farm #4,NY,1034,OP,Generate NY Community Solar Lessor II,"560 Davis Street, Suite 250",San Francisco,CA,94111,65341,1,2024
61194,Generate Capital,62472,Washington St Community Solar Farm #1,NY,617,OP,Generate NY Community Solar Lessor II,"560 Davis Street, Suite 250",San Francisco,CA,94111,65341,1,2024
61194,Generate Capital,62473,Washington St Community Solar Farm #3,NY,1035,OP,Generate NY Community Solar Lessor II,"560 Davis Street, Suite 250",San Francisco,CA,94111,65341,1,2024
61194,Generate Capital,62476,Big Tree Community Solar Farm,NY,607,OP,Generate NY Community Solar Lessor III,"560 Davis Street, Suite 250",San Francisco,CA,94111,65331,1,2024
61194,Generate Capital,62480,Burritt Rd Community Solar Farm,NY,635,OP,Generate NY Community Solar Lessor II,"560 Davis Street, Suite 250",San Francisco,CA,94111,65341,1,2024
61194,Generate Capital,62496,Telegraph Rd #1 Community Solar Farm,NY,1268,OP,Generate NY Community Solar IV,"560 Davis Street, Suite 250",San Francisco,CA,94111,65328,1,2024
61194,Generate Capital,62498,Telegraph Rd #2 Community Solar Farm,NY,1413,OP,Generate NY Community Solar IV,"560 Davis Street, Suite 250",San Francisco,CA,94111,65328,1,2024
61194,Generate Capital,62500,Route 19 #1 Community Solar Farm,NY,1258,OP,Generate NY Community Solar V,"560 Davis Street, Suite 250",San Francisco,CA,94111,65342,1,2024
61194,Generate Capital,62502,Route 19 #2 Community Solar Farm,NY,1415,OP,Generate NY Community Solar V,"560 Davis Street, Suite 250",San Francisco,CA,94111,65342,1,2024
61194,Generate Capital,62517,Yellow Mills Rd #1 Community Solar Farm,NY,1142,OP,Generate NY Community Solar V,"560 Davis Street, Suite 250",San Francisco,CA,94111,65342,1,2024
61194,Generate Capital,62518,Yellow Mills Rd #2 Community Solar Farm,NY,1181,OP,Generate NY Community Solar V,"560 Davis Street, Suite 250",San Francisco,CA,94111,65342,1,2024
61194,Generate Capital,62519,Yellow Mills Rd #3 Community Solar Farm,NY,1244,OP,Generate NY Community Solar V,"560 Davis Street, Suite 250",San Francisco,CA,94111,65342,1,2024
61194,Generate Capital,62525,Villa Roma Rd #1,NY,40,OP,Generate NY Community Solar Lessor II,"560 Davis Street, Suite 250",San Francisco,CA,94111,65341,1,2024
61194,Generate Capital,62526,Villa Roma Rd #2,NY,41,OP,Generate NY Community Solar Lessor II,"560 Davis Street, Suite 250",San Francisco,CA,94111,65341,1,2024
61194,Generate Capital,62533,Boas Rd #4 Community Solar Farm,NY,1023,OP,Generate NY Community Solar I,"560 Davis Street, Suite 250",San Francisco,CA,94111,65363,1,2024
57128,Bloom Energy,62572,ATT Jericho,NY,ATT49,OP,New York Community Bank,615 Merrick Avenue,Westbury,NY,11590,62125,1,2024
57128,Bloom Energy,62576,MER Queens,NY,MER01,OP,KeyBank,127 Public Square,Cleveland,OH,44114,60948,1,2024
62067,Powerflex,62613,CBP Solar,NY,CBPB1,OP,Continental Building Products,12950 Worldgate Drive,Herndon,VA,20170,65138,1,2024
62067,Powerflex,62614,Kinder Morgan Fordham,NY,KMFO1,OP,OwnSolar,"450 Raritan Center Parkway, Suite E",Edison,NJ,8837,65133,1,2024
65164,CleanCapital Holdings,62721,Steel Sun 2: 2303-III-9 Hamburg Tpke,NY,SS29,OP,BQ Energy LLC,47 S. Hamilton Street,Poughkeepsie,NY,12601,59474,0.06,2024
65164,CleanCapital Holdings,62721,Steel Sun 2: 2303-III-9 Hamburg Tpke,NY,SS29,OP,"JSF Energy, LLC","400 Market Industrial Park, Suite 32",Wappingers Falls,NY,12590,62750,0.06,2024
65164,CleanCapital Holdings,62721,Steel Sun 2: 2303-III-9 Hamburg Tpke,NY,SS29,OP,Renewable Strategies LLC,"400 Market Industrial Park, Suite 32",Wappingers Falls,NY,12590,62751,0.06,2024
65164,CleanCapital Holdings,62721,Steel Sun 2: 2303-III-9 Hamburg Tpke,NY,SS29,OP,Jarlene Development LLC,One World Trade Center Suite 8500,New York,NY,10007,62754,0.76,2024
65164,CleanCapital Holdings,62721,Steel Sun 2: 2303-III-9 Hamburg Tpke,NY,SS29,OP,"1951 Hamburg Turnpike, LLC",423 W. Riverside Drive,Olean,NY,14760,62755,0.06,2024
65164,CleanCapital Holdings,62722,Steel Sun 2: 2303-III-4 Hamburg Tpke,NY,SS24,OP,BQ Energy LLC,47 S. Hamilton Street,Poughkeepsie,NY,12601,59474,0.06,2024
65164,CleanCapital Holdings,62722,Steel Sun 2: 2303-III-4 Hamburg Tpke,NY,SS24,OP,"JSF Energy, LLC","400 Market Industrial Park, Suite 32",Wappingers Falls,NY,12590,62750,0.06,2024
65164,CleanCapital Holdings,62722,Steel Sun 2: 2303-III-4 Hamburg Tpke,NY,SS24,OP,Renewable Strategies LLC,"400 Market Industrial Park, Suite 32",Wappingers Falls,NY,12590,62751,0.06,2024
65164,CleanCapital Holdings,62722,Steel Sun 2: 2303-III-4 Hamburg Tpke,NY,SS24,OP,Jarlene Development LLC,One World Trade Center Suite 8500,New York,NY,10007,62754,0.76,2024
65164,CleanCapital Holdings,62722,Steel Sun 2: 2303-III-4 Hamburg Tpke,NY,SS24,OP,"1951 Hamburg Turnpike, LLC",423 W. Riverside Drive,Olean,NY,14760,62755,0.06,2024
65164,CleanCapital Holdings,62723,Steel Sun 2: 2303-III-2 Hamburg Tpke,NY,SS22,OP,BQ Energy LLC,47 S. Hamilton Street,Poughkeepsie,NY,12601,59474,0.06,2024
65164,CleanCapital Holdings,62723,Steel Sun 2: 2303-III-2 Hamburg Tpke,NY,SS22,OP,"JSF Energy, LLC","400 Market Industrial Park, Suite 32",Wappingers Falls,NY,12590,62750,0.06,2024
65164,CleanCapital Holdings,62723,Steel Sun 2: 2303-III-2 Hamburg Tpke,NY,SS22,OP,Renewable Strategies LLC,"400 Market Industrial Park, Suite 32",Wappingers Falls,NY,12590,62751,0.06,2024
65164,CleanCapital Holdings,62723,Steel Sun 2: 2303-III-2 Hamburg Tpke,NY,SS22,OP,Jarlene Development LLC,One World Trade Center Suite 8500,New York,NY,10007,62754,0.76,2024
65164,CleanCapital Holdings,62723,Steel Sun 2: 2303-III-2 Hamburg Tpke,NY,SS22,OP,"1951 Hamburg Turnpike, LLC",423 W. Riverside Drive,Olean,NY,14760,62755,0.06,2024
65164,CleanCapital Holdings,62724,Homer Street West,NY,HSW,OP,BQ Energy LLC,47 S. Hamilton Street,Poughkeepsie,NY,12601,59474,0.25,2024
65164,CleanCapital Holdings,62724,Homer Street West,NY,HSW,OP,"JSF Energy, LLC","400 Market Industrial Park, Suite 32",Wappingers Falls,NY,12590,62750,0.25,2024
65164,CleanCapital Holdings,62724,Homer Street West,NY,HSW,OP,Renewable Strategies LLC,"400 Market Industrial Park, Suite 32",Wappingers Falls,NY,12590,62751,0.25,2024
65164,CleanCapital Holdings,62724,Homer Street West,NY,HSW,OP,Olean Gateway Turnkey LLC,423 W. Riverside Drive,Olean,NY,14760,62753,0.25,2024
65164,CleanCapital Holdings,62725,Homer Street East,NY,HSE,OP,BQ Energy LLC,47 S. Hamilton Street,Poughkeepsie,NY,12601,59474,0.25,2024
65164,CleanCapital Holdings,62725,Homer Street East,NY,HSE,OP,"JSF Energy, LLC","400 Market Industrial Park, Suite 32",Wappingers Falls,NY,12590,62750,0.25,2024
65164,CleanCapital Holdings,62725,Homer Street East,NY,HSE,OP,Renewable Strategies LLC,"400 Market Industrial Park, Suite 32",Wappingers Falls,NY,12590,62751,0.25,2024
65164,CleanCapital Holdings,62725,Homer Street East,NY,HSE,OP,Olean Gateway Turnkey LLC,423 W. Riverside Drive,Olean,NY,14760,62753,0.25,2024
62997,Veolia North America,63236,Kings Plaza Total Energy Plant (TEP),NY,DG2,OP,Macerich,"401 Wilshire Blvd, Suite 700",Santa Monica,CA,90401,63023,1,2024
62997,Veolia North America,63236,Kings Plaza Total Energy Plant (TEP),NY,DG3,OP,Macerich,"401 Wilshire Blvd, Suite 700",Santa Monica,CA,90401,63023,1,2024
62997,Veolia North America,63236,Kings Plaza Total Energy Plant (TEP),NY,DG4,OP,Macerich,"401 Wilshire Blvd, Suite 700",Santa Monica,CA,90401,63023,1,2024
62997,Veolia North America,63236,Kings Plaza Total Energy Plant (TEP),NY,DG5,OP,Macerich,"401 Wilshire Blvd, Suite 700",Santa Monica,CA,90401,63023,1,2024
58871,Citizens Enterprises Corporation,63279,Barneveld Solar,NY,PV1,OP,"Citizens Solar Holdings VIII, LLC","88 Black Falcon Ave, Suite 342",Boston,MA,2210,61636,1,2024
63059,Diamond Properties,63291,Grand Prix Solar,NY,GPS,OP,Grand Prix NY Racing LLC,333 N Bedford Rd,Mt Kisco,NY,10549,63094,0.4871,2024
63059,Diamond Properties,63291,Grand Prix Solar,NY,GPS,OP,DP 21 LLC,333 N Bedford Rd,Mt Kisco,NY,10549,63095,0.0461,2024
63059,Diamond Properties,63291,Grand Prix Solar,NY,GPS,OP,Photo File Inc,333 N Bedford Rd,Mt Kisco,NY,10549,63096,0.0692,2024
63059,Diamond Properties,63291,Grand Prix Solar,NY,GPS,OP,Safe Haven Partners LLC,333 N Bedford Rd,Mt Kisco,NY,10549,63097,0.0461,2024
63059,Diamond Properties,63291,Grand Prix Solar,NY,GPS,OP,New York Sports Management,333 N Bedford Rd,Mt. Kiosco,NY,10549,63098,0.3208,2024
63059,Diamond Properties,63291,Grand Prix Solar,NY,GPS,OP,RDI Electronics,333 N Bedford Rd,Mt. Kiosco,NY,10549,63099,0.0307,2024
63059,Diamond Properties,63292,100 Brook Hill Drive Solar,NY,BHD,OP,DP57 LLC,100 Brook Hill Drive,West Nyack,NY,10994,63103,1,2024
62923,Solar Planet Power,63407,Macedon,NY,101,OP,Solar Advocate Development LLC,5000 Arlington Center Blvd.,Columbus,OH,43220,64422,1,2024
62923,Solar Planet Power,63408,Whittier,NY,300,OP,Solar Advocate Development LLC,5000 Arlington Center Blvd.,Columbus,OH,43220,64422,1,2024
62923,Solar Planet Power,63409,Williamson,NY,100,OP,Solar Advocate Development LLC,5000 Arlington Center Blvd.,Columbus,OH,43220,64422,1,2024
62923,Solar Planet Power,63410,Bennett,NY,304,OP,Solar Advocate Development LLC,5000 Arlington Center Blvd.,Columbus,OH,43220,64422,1,2024
58871,Citizens Enterprises Corporation,63450,Chenango Solar,NY,PV1,OP,"Citizens Solar Holdings IX, LLC","88 Black Falcon Ave, Suite 342",Boston,MA,2210,63247,1,2024
57313,Tesla Inc.,63511,Mohonasen Central School District,NY,PV1,OP,"Solar Integrated Fund VI, LLC",6800 Dumbarton Cirlce,Fremont,CA,94555,63240,1,2024
61944,MN8 Energy LLC,64030,Kenmare - Sullivan Community College,NY,GEN1,OP,"Sullivan Solar Garden, LLC",750 Park of Commerce Blvd,Boca Raton,FL,33487,63679,1,2024
63962,"Solar Star Prime 2, LLC",64351,Amazon JFK8 Solar Project,NY,JFK8,OP,53 SP Solar Trust,1100 N. Market St.,Wilmington,DE,19890,63986,1,2024
57313,Tesla Inc.,64445,"County of Dutchess, NY (Airport)",NY,PV1,OP,"Solar Integrated Fund VI, LLC",6800 Dumbarton Cirlce,Fremont,CA,94555,63240,1,2024
62923,Solar Planet Power,64525,Troupsburg,NY,TB1,OP,Solar Troupsburg LLC,2500 Farmers Dr.  Ste 140,Columbus,OH,43235,64163,1,2024
64310,Bronx Community Clean Energy Project LLC,64747,Fuel Cell 3245 Yates Avenue,NY,C3245,OP,Catamaran Renewables LLC,675 3rd Avenue,New York,NY,10017,64313,1,2024
64309,Annadale Community Clean Energy Projects LLC,64748,Fuel Cell 18A Sneden Avenue,NY,CR18A,OP,Catamaran Renewables LLC,675 3rd Avenue,New York,NY,10017,64313,1,2024
64309,Annadale Community Clean Energy Projects LLC,64749,Fuel Cell 18B Sneden Avenue,NY,CR18B,OP,Catamaran Renewables LLC,675 3rd Avenue,New York,NY,10017,64313,1,2024
61514,"Agilitas Energy, Inc.",64758,Manorville II,NY,MAN,L,"AE-Manorville 2, LLC","401 Edgewater Place, Suite 570",Wakefield,MA,1880,64317,1,2024
61514,"Agilitas Energy, Inc.",64758,Manorville II,NY,MANB,L,"AE-Manorville 2, LLC","401 Edgewater Place, Suite 570",Wakefield,MA,1880,64317,1,2024
61514,"Agilitas Energy, Inc.",64761,Patchogue ESS,NY,PAT,L,"AE-ESS Cassel, LLC","401 Edgewater Place, Suite 570",Wakefield,MA,1880,64320,1,2024
61514,"Agilitas Energy, Inc.",65239,"AE-ESS NWS 1, LLC",NY,NWS,U,"AE-ESS NWS, LLC","401 Edgewater Place, Suite 570",Wakefield,MA,1880,64567,1,2024
56990,NJR Clean Energy Ventures Corporation,65337,"Maybrook Solar, LLC (CSG)",NY,MAYBK,OP,"Maybrook Solar, LLC",1415 Wyckoff Road,Wall,NJ,7719,64671,1,2024
56990,NJR Clean Energy Ventures Corporation,65385,Airport Road Solar (CSG),NY,AIRPT,OP,"AR Solar, LLC",1415 Wyckoff Road,Wall,NJ,7719,64732,1,2024
66027,Orsted Wind Power North America LLC,65561,South Fork Wind,NY,SFWND,OP,Global Infrastructure Partners,225 High Ridge RoadSuite W-260,Stamford,CT,6905,56581,0.5,2024
66027,Orsted Wind Power North America LLC,65561,South Fork Wind,NY,SFWND,OP,"Orsted US East Coast Offshore Wind HoldCo, LLC","399 Boylston Street, 12th Floor",Boston,MA,2116,63816,0.5,2024
62067,Powerflex,65597,"CEC, LLC Westtown B",NY,CLWB,OP,"Nautilus Solar Energy, LLC",396 Springfield Avenue,Summit,NJ,7901,65139,1,2024
64950,"LI Solar Generation, LLC",65679,Calverton Solar Energy Center,NY,11933,OP,National Grid,,,MA,,13516,0.5,2024
64950,"LI Solar Generation, LLC",65679,Calverton Solar Energy Center,NY,11933,OP,NextEra Energy Resources Breckinridge,700 Universe Blvd.,Juno Beach,FL,33408,59394,0.5,2024
61194,Generate Capital,66176,Landau Solar,NY,10891,OP,Generate NY Community Solar Lessor III,"560 Davis Street, Suite 250",San Francisco,CA,94111,65331,1,2024
61194,Generate Capital,66177,Drinkwater Solar,NY,10896,OP,Generate NY Community Solar Lessor III,"560 Davis Street, Suite 250",San Francisco,CA,94111,65331,1,2024
61194,Generate Capital,66187,McCarthy Solar,NY,10992,OP,Generate NY Community Solar IV,"560 Davis Street, Suite 250",San Francisco,CA,94111,65328,1,2024
61194,Generate Capital,66209,Bantam Solar,NY,10986,OP,Generate NY Community Solar IV,"560 Davis Street, Suite 250",San Francisco,CA,94111,65328,1,2024
61194,Generate Capital,66210,Bogart Solar,NY,10887,OP,Generate NY Community Solar Lessor II,"560 Davis Street, Suite 250",San Francisco,CA,94111,65341,1,2024
61194,Generate Capital,66211,Brickchurch Solar,NY,10889,OP,Generate NY Community Solar Lessor II,"560 Davis Street, Suite 250",San Francisco,CA,94111,65341,1,2024
61194,Generate Capital,66212,Canoga Solar,NY,10965,OP,Generate NY Community Solar Lessor III,"560 Davis Street, Suite 250",San Francisco,CA,94111,65331,1,2024
61194,Generate Capital,66213,Costanza Solar,NY,10907,OP,Generate NY Community Solar Lessor III,"560 Davis Street, Suite 250",San Francisco,CA,94111,65331,1,2024
61194,Generate Capital,66214,County Route 84 Solar,NY,10967,OP,Generate NY Community Solar Lessor III,"560 Davis Street, Suite 250",San Francisco,CA,94111,65331,1,2024
61194,Generate Capital,66215,Cafferty Hill Solar,NY,10996,OP,Generate NY Community Solar V,"560 Davis Street, Suite 250",San Francisco,CA,94111,65342,1,2024
61194,Generate Capital,66217,Donati Solar,NY,10968,OP,Generate NY Community Solar Lessor III,"560 Davis Street, Suite 250",San Francisco,CA,94111,65331,1,2024
61194,Generate Capital,66218,Dubois Solar (Hybrid),NY,10892,OP,Generate NY Community Solar Lessor III,"560 Davis Street, Suite 250",San Francisco,CA,94111,65331,1,2024
61194,Generate Capital,66218,Dubois Solar (Hybrid),NY,BAT,OP,Generate NY Community Solar Lessor III,"560 Davis Street, Suite 250",San Francisco,CA,94111,65331,1,2024
61194,Generate Capital,66219,Dunkleman Solar,NY,11008,OP,Generate NY Community Solar V,"560 Davis Street, Suite 250",San Francisco,CA,94111,65342,1,2024
61194,Generate Capital,66220,Finney Solar,NY,10999,OP,Generate NY Community Solar Lessor III,"560 Davis Street, Suite 250",San Francisco,CA,94111,65331,1,2024
61194,Generate Capital,66221,Henrietta Solar,NY,10972,OP,Generate NY Community Solar Lessor III,"560 Davis Street, Suite 250",San Francisco,CA,94111,65331,1,2024
61194,Generate Capital,66222,Landau II Solar (Hybrid),NY,10895,OP,Generate NY Community Solar Lessor III,"560 Davis Street, Suite 250",San Francisco,CA,94111,65331,1,2024
61194,Generate Capital,66222,Landau II Solar (Hybrid),NY,BAT,OP,Generate NY Community Solar Lessor III,"560 Davis Street, Suite 250",San Francisco,CA,94111,65331,1,2024
61194,Generate Capital,66223,Lockenhurst Pond Solar,NY,11000,OP,Generate NY Community Solar V,"560 Davis Street, Suite 250",San Francisco,CA,94111,65342,1,2024
61194,Generate Capital,66224,New Beginnings Solar,NY,10890,OP,Generate NY Community Solar Lessor II,"560 Davis Street, Suite 250",San Francisco,CA,94111,65341,1,2024
61194,Generate Capital,66225,NY70 Solar,NY,10970,OP,Generate NY Community Solar Lessor III,"560 Davis Street, Suite 250",San Francisco,CA,94111,65331,1,2024
61194,Generate Capital,66226,Reid Solar,NY,10991,OP,Generate NY Community Solar Lessor III,"560 Davis Street, Suite 250",San Francisco,CA,94111,65331,1,2024
61194,Generate Capital,66227,Reisender Solar,NY,10886,OP,Generate NY Community Solar Lessor II,"560 Davis Street, Suite 250",San Francisco,CA,94111,65341,1,2024
61194,Generate Capital,66228,Salt Point Solar (Hybrid),NY,10888,OP,Generate NY Community Solar Lessor III,"560 Davis Street, Suite 250",San Francisco,CA,94111,65331,1,2024
61194,Generate Capital,66228,Salt Point Solar (Hybrid),NY,BAT,OP,Generate NY Community Solar Lessor III,"560 Davis Street, Suite 250",San Francisco,CA,94111,65331,1,2024
61194,Generate Capital,66229,Sangolqui Solar,NY,10975,OP,Generate NY Community Solar Lessor III,"560 Davis Street, Suite 250",San Francisco,CA,94111,65331,1,2024
61194,Generate Capital,66230,State Route 14A Solar,NY,10997,OP,Generate NY Community Solar Lessor III,"560 Davis Street, Suite 250",San Francisco,CA,94111,65331,1,2024
61194,Generate Capital,66231,State Highway 17B Solar,NY,10988,OP,Generate NY Community Solar Lessor III,"560 Davis Street, Suite 250",San Francisco,CA,94111,65331,1,2024
61194,Generate Capital,66232,Svenski Solar (Hybrid),NY,10894,OP,Generate NY Community Solar Lessor III,"560 Davis Street, Suite 250",San Francisco,CA,94111,65331,1,2024
61194,Generate Capital,66232,Svenski Solar (Hybrid),NY,BAT,OP,Generate NY Community Solar Lessor III,"560 Davis Street, Suite 250",San Francisco,CA,94111,65331,1,2024
61194,Generate Capital,66233,West Creek Solar,NY,10995,OP,Generate NY Community Solar Lessor III,"560 Davis Street, Suite 250",San Francisco,CA,94111,65331,1,2024
61194,Generate Capital,66234,Wheatland 2A Solar,NY,10971,OP,Generate NY Community Solar IV,"560 Davis Street, Suite 250",San Francisco,CA,94111,65328,1,2024
61194,Generate Capital,66235,Wheatland 2B Solar,NY,10961,OP,Generate NY Community Solar IV,"560 Davis Street, Suite 250",San Francisco,CA,94111,65328,1,2024
61194,Generate Capital,66236,Wildflower Way Solar,NY,10982,OP,Generate NY Community Solar Lessor III,"560 Davis Street, Suite 250",San Francisco,CA,94111,65331,1,2024
61944,MN8 Energy LLC,66272,RIC - Hanover (CSG),NY,GEN1,OP,Hanover PV LLC,750 Park of Commerce Blvd,Boca Raton,FL,33487,65406,1,2024
61944,MN8 Energy LLC,66273,Summit - Cicero,NY,GEN1,OP,"SSC Cicero, LLC",750 Park of Commerce Blvd,Boca Raton,FL,33487,65414,1,2024
61944,MN8 Energy LLC,66274,Summit - Lysander (CSG),NY,GEN1,OP,"SSC Lysander, LLC",750 Park of Commerce Blvd,Boca Raton,FL,33487,65415,1,2024
61944,MN8 Energy LLC,66275,Summit - Oswego,NY,GEN1,OP,"SSC Oswego, LLC",750 Park of Commerce Blvd,Boca Raton,FL,33487,65416,1,2024
61944,MN8 Energy LLC,66322,Summit - Scriba CSG,NY,GEN1,OP,"SSC Scriba, LLC",750 Park of Commerce Blvd,Boca Raton,FL,61944,65423,1,2024
61194,Generate Capital,66488,Davis Solar,NY,10958,OP,Generate NY Community Solar V,"560 Davis Street, Suite 250",San Francisco,CA,94111,65342,1,2024
61194,Generate Capital,66488,Davis Solar,NY,BAT,OP,Generate NY Community Solar V,"560 Davis Street, Suite 250",San Francisco,CA,94111,65342,1,2024
61194,Generate Capital,66489,Genesee - CCR Solar,NY,10951,OP,Generate NY Community Solar V,"560 Davis Street, Suite 250",San Francisco,CA,94111,65342,1,2024
61194,Generate Capital,66490,Bullitt Farm Solar,NY,10998,OP,Generate NY Community Solar VI,"560 Davis Street, Suite 250",San Francisco,CA,94111,65554,1,2024
64904,AES Clean Energy,67412,Geer Road Solar 2,NY,GEER2,V,Geer Rd Solar 2 LLC,319 Geer Road,Hudson Falls,NY,12839,66201,1,2024
64904,AES Clean Energy,67413,Geer Road Solar 3,NY,GEER3,V,Geer Rd Solar 3 LLC,319 Geer Rd,Hudson Falls,NY,12839,66202,1,2024
64904,AES Clean Energy,67414,Princetown Solar 1,NY,PRNC1,OP,"Princetown Solar 1, LLC",248 Kelley Station Road,Duanesburg,NY,12056,66203,1,2024
64904,AES Clean Energy,67415,County Highway Solar 1 CSG,NY,CTHW1,V,"County Highway Solar 1, LLC",171 County Hwy 142A,Johnstown,NY,12095,66204,1,2024
64904,AES Clean Energy,67416,County Highway Solar 2 (CSG),NY,CTHW2,V,"County Highway Solar 2, LLC",171 County Highway 142A,Johnstown,NY,12095,66205,1,2024
64904,AES Clean Energy,67418,Geer Road Solar 1,NY,GEER1,V,Geer Rd Solar 1 LLC,221 Geer Rd,Hudson Falls,NY,12834,66207,1,2024
62923,Solar Planet Power,67479,Portland SP,NY,PORT1,OP,Solar Advocate Development LLC,5000 Arlington Center Blvd.,Columbus,OH,43220,64422,1,2024
61194,Generate Capital,67611,Glen Mary 1,NY,10993,OP,Generate NY Community Solar IV,"560 Davis Street, Suite 250",San Francisco,CA,94111,65328,1,2024
61194,Generate Capital,67612,Glen Mary 2,NY,10994,OP,"Generate C&I Warehouse, LLC","560 Davis Street, Suite 250",San Francisco,CA,94111,66302,1,2024
61194,Generate Capital,67613,Barone,NY,11034,OP,Generate NY Community Solar VI,"560 Davis Street, Suite 250",San Francisco,CA,94111,65554,1,2024
61194,Generate Capital,67615,"Krumkill Road Solar North, LLC",NY,11086,OP,"Generate Community Solar VII, LLC","560 Davis Street, Suite 250",San Francisco,CA,94111,66277,1,2024
61194,Generate Capital,67616,"Krumkill Road Solar South, LLC",NY,11087,OP,"Generate Community Solar VII, LLC","560 Davis Street, Suite 250",San Francisco,CA,94111,66277,1,2024
61194,Generate Capital,67617,Spencer (NY),NY,11017,OP,"Generate Community Solar VII, LLC","560 Davis Street, Suite 250",San Francisco,CA,94111,66277,1,2024
61194,Generate Capital,67618,Eddy,NY,11054,OP,Generate NY Community Solar VI,"560 Davis Street, Suite 250",San Francisco,CA,94111,65554,1,2024
61194,Generate Capital,67619,Janiak,NY,10898,OP,Generate NY Community Solar VI,"560 Davis Street, Suite 250",San Francisco,CA,94111,65554,1,2024
61194,Generate Capital,67620,Ridgeway 1,NY,11018,OP,Generate NY Community Solar VI,"560 Davis Street, Suite 250",San Francisco,CA,94111,65554,1,2024
61194,Generate Capital,67621,Rivard 2,NY,11012,OP,Generate NY Community Solar VI,"560 Davis Street, Suite 250",San Francisco,CA,94111,65554,1,2024
61194,Generate Capital,67631,County Route 11B,NY,10983,OP,"Generate C&I Warehouse, LLC","560 Davis Street, Suite 250",San Francisco,CA,94111,66302,1,2024
62923,Solar Planet Power,67908,Richmond (NY),NY,RICH1,OP,Solar Advocate Development LLC,5000 Arlington Center Blvd.,Columbus,OH,43220,64422,1,2024
66690,"Morris Ridge Solar Energy Center, LLC",68274,Morris Ridge Solar,NY,MOR01,OP,"Morris Ridge Solar Energy Center, LLC","15445 Innovation Drive,","San Diego,",CA,92128,66690,0.68,2024
66690,"Morris Ridge Solar Energy Center, LLC",68274,Morris Ridge Solar,NY,MOR01,OP,U.S. BANCORP Community Development Corporation,"1307 Washington Ave,",St. Louis,MO,63103,66709,0.32,2024
64904,AES Clean Energy,68473,Brookside Solar,NY,BROOK,L,Brookside Solar LLC,2180 S 1300 E STE 500,Salt Lake City,UT,84106,66845,1,2024
62923,Solar Planet Power,68704,Manilus,NY,MAN1,OP,Solar Advocate Development LLC,5000 Arlington Center Blvd.,Columbus,OH,43220,64422,1,2024
61194,Generate Capital,68804,Rivard 1,NY,11011,OP,Generate NY Community Solar VI,"560 Davis Street, Suite 250",San Francisco,CA,94111,65554,1,2024
61194,Generate Capital,68806,Ridgeway 2,NY,11027,OP,Generate NY Community Solar VI,"560 Davis Street, Suite 250",San Francisco,CA,94111,65554,1,2024
61194,Generate Capital,68807,Catskill,NY,11021,OP,Generate NY Community Solar VI,"560 Davis Street, Suite 250",San Francisco,CA,94111,65554,1,2024
66926,Bullrock-NxtGenREA,69089,Angell Road,NY,ANGEL,OP,"NY Hanover II, LLC",720 W. Business Highway 60,Dexter,MO,63841,67245,1,2024
66926,Bullrock-NxtGenREA,69090,Hanover Road,NY,HANOV,OP,"NY Hanover, LLC",720 W. Business Highway 60,Dexter,MO,63841,67244,1,2024
66926,Bullrock-NxtGenREA,69091,Kirkland,NY,KIRK,OP,"SSC Kirkland, LLC",720 W. Business Highway 60,Dexter,MO,63841,67242,1,2024
66926,Bullrock-NxtGenREA,69092,Arcadia,NY,ARCAD,OP,"Arcadia Community Solar, LLC",228 Aviation Avenue,South Burlington,VT,5402,67246,1,2024
66926,Bullrock-NxtGenREA,69093,Harris,NY,HARIS,OP,"NY Liberty II, LLC",PO Box 384,Callicoon,NY,12723,67247,1,2024
66926,Bullrock-NxtGenREA,69094,State HWY 17C,NY,ST17C,OP,"NY Tioga III, LLC",PO Box 384,Callicoon,NY,12723,67248,1,2024
66926,Bullrock-NxtGenREA,69095,Day Hollow,NY,DAYH,OP,"NY Owego III, LLC",PO Box 384,Callicoon,NY,12723,67243,1,2024
66926,Bullrock-NxtGenREA,69096,Jericho,NY,JERIC,OP,"NY Alfred, LLC",PO Box 390,Callicoon,NY,12723,67249,1,2024
