Utility ID,Utility Name,Plant Code,Plant Name,State,County,Generator ID,Status,Prime Mover,Sector Name,Sector,Nameplate Capacity (MW),Summer Capacity (MW),Winter Capacity (MW),Energy Source 1,Energy Source 2,Cofire Fuels?,Cofire Energy Source 1,Cofire Energy Source 2,Cofire Energy Source 3,Cofire Energy Source 4,Cofire Energy Source 5,Cofire Energy Source 6,Switch Between Oil and Natural Gas?,Switch When Operating?,Net Summer Capacity with Natural Gas (MW),Net Winter Capacity with Natural Gas (MW),Net Summer Capacity with Oil (MW),Net Winter Capacity with Oil (MW),Time to Switch From Gas to Oil,Time to Switch From Oil to Gas,Factors that Limit Switching?,Storage Limits?,Air Permit Limits?,Other Limits?,Year,Technology,Multiple Fuels?,Operating Month,Operating Year
25,Greenidge Generation Holdings LLC,2527,Greenidge Generation LLC,NY,Yates,4,OP,ST,IPP Non-CHP,2,112.5,107.5,106.3,BIT,WDS,Y,BIT,NG,WDS,SUB,DFO,,N,, , , , ,,,,,,,2013,,,,
470,Covanta Energy of Niagara LP,50472,Covanta Niagara LP,NY,Niagara,GEN1,OP,ST,IPP CHP,3,25.0,18,18,MSW,WDS,Y,NG,MSW,WDS,,,,N,, , , , ,,,,,,,2013,,,,
470,Covanta Energy of Niagara LP,50472,Covanta Niagara LP,NY,Niagara,GEN2,OP,ST,IPP CHP,3,25.0,18,18,MSW,WDS,Y,NG,MSW,WDS,,,,N,, , , , ,,,,,,,2013,,,,
1746,Black River Generation LLC,10464,Black River Generation,NY,Jefferson,GEN1,OP,ST,Electric Utility,1,55.5,55,56,WDS,TDF,Y,WDS,DFO,TDF,,,,Y,N, , , , ,,,N,,,,2013,,,,
2313,Brooklyn Navy Yard Cogen PLP,54914,Brooklyn Navy Yard Cogeneration,NY,Kings,01,OP,CT,IPP CHP,3,121.0,90,110,NG,DFO,N,,,,,,,Y,Y,85, ,95, ,1H,1H,Y,,Y,,2013,,,,
2313,Brooklyn Navy Yard Cogen PLP,54914,Brooklyn Navy Yard Cogeneration,NY,Kings,02,OP,CT,IPP CHP,3,121.0,90,110,NG,DFO,N,,,,,,,Y,Y,85, ,95, ,1H,1H,Y,,Y,,2013,,,,
3085,Carthage Energy LLC,10620,Carthage Energy LLC,NY,Jefferson,GEN1,SB,CT,IPP Non-CHP,2,40.9,38.2,44.7,NG,DFO,Y,NG,DFO,,,,,Y,Y,40.03,45,40.03,45,1H,1H,Y,Y,Y,,2013,,,,
3249,Central Hudson Gas & Elec Corp,2487,West Coxsackie,NY,Greene,GT1,OP,GT,Electric Utility,1,21.6,21.3,21.3,KER,NG,N,,,,,,,Y,Y,19.6, ,19.6, ,1H,1H,Y,,Y,,2013,,,,
4226,Consolidated Edison Co-NY Inc,2493,East River,NY,New York,1,OP,GT,Electric Utility,1,180.0,144.2,180.4,NG,DFO,N,,,,,,,Y,N,143.8, ,143.8, ,UNK,,Y,,Y,,2013,,,,
4226,Consolidated Edison Co-NY Inc,2493,East River,NY,New York,2,OP,GT,Electric Utility,1,180.0,143.3,181.8,NG,DFO,N,,,,,,,Y,N,148.3, ,148.3, ,UNK,,Y,,Y,,2013,,,,
4226,Consolidated Edison Co-NY Inc,2493,East River,NY,New York,6,OP,ST,Electric Utility,1,156.2,137.7,137.9,RFO,NG,N,,,,,,,Y,Y,132.2, ,130, ,6H,,Y,,,Y,2013,,,,
4226,Consolidated Edison Co-NY Inc,2493,East River,NY,New York,7,OP,ST,Electric Utility,1,200.0,184.1,185,RFO,NG,N,,,,,,,Y,Y,176.7, ,170, ,6H,,Y,,,Y,2013,,,,
5511,CCI Roseton LLC,8006,Roseton Generating Facility,NY,Orange,1,OP,ST,IPP Non-CHP,2,621.0,639,638.5,NG,RFO,Y,RFO,NG,,,,,Y,Y,619,618,619,618,1H,1H,Y,,,Y,2013,,,,
5511,CCI Roseton LLC,8006,Roseton Generating Facility,NY,Orange,2,OP,ST,IPP Non-CHP,2,621.0,607.5,615,NG,RFO,Y,RFO,NG,,,,,Y,Y,587.5,595,587.5,595,1H,1H,Y,,,Y,2013,,,,
5624,"RED-Rochester, LLC",10025,"RED-Rochester, LLC",NY,Monroe,41TG,OP,ST,Industrial CHP,7,25.6,25.6,25.6,BIT,NG,Y,RFO,NG,,,,,N,, , , , ,,,,,,,2013,,,,
5624,"RED-Rochester, LLC",10025,"RED-Rochester, LLC",NY,Monroe,42TG,OP,ST,Industrial CHP,7,25.6,25.6,25.6,BIT,NG,Y,RFO,NG,,,,,N,, , , , ,,,,,,,2013,,,,
5624,"RED-Rochester, LLC",10025,"RED-Rochester, LLC",NY,Monroe,43TG,OP,ST,Industrial CHP,7,25.6,25.6,25.6,BIT,NG,Y,RFO,NG,,,,,N,, , , , ,,,,,,,2013,,,,
5624,"RED-Rochester, LLC",10025,"RED-Rochester, LLC",NY,Monroe,44TG,OP,ST,Industrial CHP,7,25.6,25.6,25.6,BIT,DFO,Y,DFO,BIT,,,,,N,, , , , ,,,,,,,2013,,,,
6775,Village of Freeport - (NY),2679,Plant No 2 Freeport,NY,Nassau,CT5,OP,GT,Electric Utility,1,60.5,49,49,NG,KER,N,,,,,,,Y,Y,49.5, ,49.5, ,6H,,N,,,,2013,,,,
6838,CCI Rensselaer LLC,54034,Rensselaer Cogen,NY,RENSSELAER,GEN1,OP,CT,IPP Non-CHP,2,49.2,47,55.8,NG,DFO,N,,,,,,,Y,Y,47,58,45,56,6H,6H,Y,Y,Y,,2013,,,,
6838,CCI Rensselaer LLC,54034,Rensselaer Cogen,NY,RENSSELAER,GEN2,OP,CA,IPP Non-CHP,2,39.0,33.4,27.5,NG,DFO,N,,,,,,,Y,Y,32.4,33,23.8,20,6H,6H,Y,Y,Y,,2013,,,,
8688,Hofstra University,51035,Hofstra University,NY,Nassau,GEN1,OP,IC,Commercial CHP,5,1.1,1.1,1.1,NG,DFO,Y,NG,DFO,,,,,N,N, , , , ,,,,,,,2013,,,,
8688,Hofstra University,51035,Hofstra University,NY,Nassau,GEN2,OP,IC,Commercial CHP,5,1.1,1.1,1.1,NG,DFO,Y,NG,DFO,,,,,N,N, , , , ,,,,,,,2013,,,,
9243,Indeck-Yerkes Ltd Partnership,50451,Indeck Yerkes Energy Center,NY,Erie,GEN1,OP,CT,IPP CHP,3,40.6,45.9,56.2,NG,DFO,Y,NG,DFO,,,,,Y,Y,26.6, ,26.6, ,1H,1H,Y,Y,Y,,2013,,,,
9243,Indeck-Yerkes Ltd Partnership,50451,Indeck Yerkes Energy Center,NY,Erie,GEN2,OP,CA,IPP CHP,3,19.3, , ,NG,,,,,,,,,Y,,19.3, ,19.3, ,1H,1H,Y,Y,Y,,2013,,,,
9244,Indeck-Oswego Ltd Partnership,50450,Indeck Oswego Energy Center,NY,Oswego,GEN1,OP,CT,IPP CHP,3,41.2,49.3,61.5,NG,DFO,Y,NG,DFO,,,,,Y,Y,49.3,61.5,49.3,61.5,1H,1H,Y,Y,Y,,2013,,,,
9245,Indeck-Energy Serv Silver Spg,50449,Indeck Silver Springs Energy Center,NY,Wyoming,GEN1,OP,CT,IPP CHP,3,39.4,50.7,61.3,NG,DFO,Y,NG,DFO,,,,,Y,Y,33.5,44.1,33.5,44.1,1H,1H,Y,Y,Y,,2013,,,,
9245,Indeck-Energy Serv Silver Spg,50449,Indeck Silver Springs Energy Center,NY,Wyoming,GEN2,OP,CA,IPP CHP,3,17.2, , ,NG,DFO,N,,,,,,,Y,,17.2,17.2,17.2,17.2,1H,1H,Y,Y,Y,,2013,,,,
9261,Indeck-Olean Ltd Partnership,54076,Indeck Olean Energy Center,NY,Cattaraugus,GEN1,OP,CT,IPP CHP,3,46.0,31.1,39.8,NG,DFO,Y,NG,DFO,,,,,Y,Y,31.1,39.8,31.1,39.8,1H,1H,Y,Y,Y,,2013,,,,
9261,Indeck-Olean Ltd Partnership,54076,Indeck Olean Energy Center,NY,Cattaraugus,GEN2,OP,CA,IPP CHP,3,44.6,44.6,44.6,NG,,N,,,,,,,Y,Y,46.6,46.6,46.6,46.6,24H,24H,Y,Y,Y,,2013,,,,
9263,Indeck-Corinth Ltd Partnership,50458,Indeck Corinth Energy Center,NY,Saratoga,GEN1,OP,CT,IPP CHP,3,92.0,78,84.4,NG,KER,N,,,,,,,Y,Y,78,84.4,78,84.4,1H,1H,Y,Y,Y,,2013,,,,
9350,IPC-Ticonderoga,54099,Ticonderoga Mill,NY,Essex,GEN1,OP,ST,Industrial CHP,7,42.1,41,39,RFO,BLQ,Y,RFO,BLQ,WDS,OG,,,N,, , , , ,,,,,,,2013,,,,
10023,TC Ravenswood LLC,2500,Ravenswood,NY,Queens,1,OP,ST,IPP Non-CHP,2,400.0,365.7,363.6,NG,RFO,Y,NG,RFO,,,,,Y,Y,365.7, ,365.7, ,6H,6H,Y,,Y,,2013,,,,
10023,TC Ravenswood LLC,2500,Ravenswood,NY,Queens,2,OP,ST,IPP Non-CHP,2,400.0,364.2,373.7,NG,RFO,Y,NG,RFO,,,,,Y,Y,364.2, ,364.2, ,6H,6H,Y,,Y,,2013,,,,
10023,TC Ravenswood LLC,2500,Ravenswood,NY,Queens,3,OP,ST,IPP Non-CHP,2,1027.0,963.7,960.1,NG,RFO,Y,NG,RFO,,,,,Y,Y,963.7, ,963.7, ,6H,6H,Y,,Y,,2013,,,,
10023,TC Ravenswood LLC,2500,Ravenswood,NY,Queens,4,OP,CT,IPP Non-CHP,2,170.0,153.7,195.2,NG,KER,N,,,,,,,Y,Y,153.7, ,153.7, ,6H,6H,Y,Y,Y,,2013,,,,
10023,TC Ravenswood LLC,2500,Ravenswood,NY,Queens,4S,OP,CA,IPP Non-CHP,2,80.0,74.7,81.3,NG,KER,N,,,,,,,Y,Y,74.7, ,74.7, ,6H,6H,Y,Y,Y,,2013,,,,
10023,TC Ravenswood LLC,2500,Ravenswood,NY,Queens,GT10,SB,GT,IPP Non-CHP,2,25.0,17.8,22.8,NG,KER,N,,,,,,,Y,Y,17.8, ,17.8, ,1H,1H,Y,Y,Y,,2013,,,,
10023,TC Ravenswood LLC,2500,Ravenswood,NY,Queens,GT11,SB,GT,IPP Non-CHP,2,25.0,17.5,22.8,NG,KER,N,,,,,,,Y,Y,17.5, ,17.5, ,1H,1H,Y,Y,Y,,2013,,,,
10023,TC Ravenswood LLC,2500,Ravenswood,NY,Queens,GT4,SB,GT,IPP Non-CHP,2,21.1,14.2,15.4,NG,KER,N,,,,,,,Y,Y,14.2, ,14.2, ,1H,1H,Y,Y,Y,,2013,,,,
10023,TC Ravenswood LLC,2500,Ravenswood,NY,Queens,GT5,SB,GT,IPP Non-CHP,2,21.1,13.4,15.6,NG,KER,N,,,,,,,Y,Y,13.4, ,13.4, ,1H,1H,Y,Y,Y,,2013,,,,
10023,TC Ravenswood LLC,2500,Ravenswood,NY,Queens,GT6,SB,GT,IPP Non-CHP,2,22.0,13.1,15.8,NG,KER,N,,,,,,,Y,Y,13.1, ,13.1, ,1H,1H,Y,Y,Y,,2013,,,,
10023,TC Ravenswood LLC,2500,Ravenswood,NY,Queens,GT7,OS,GT,IPP Non-CHP,2,22.0, , ,NG,KER,N,,,,,,,Y,Y, , , , ,,,N,,,,2013,,,,
10023,TC Ravenswood LLC,2500,Ravenswood,NY,Queens,GT9,SB,GT,IPP Non-CHP,2,25.0,17,21.7,NG,KER,N,,,,,,,Y,Y,17, ,17, ,1H,1H,Y,Y,Y,,2013,,,,
10349,KIAC Partners,54114,Kennedy International Airport Cogen,NY,Queens,GEN1,OP,CT,IPP CHP,3,47.1,48.4,49.8,NG,DFO,N,,,,,,,Y,Y,48.4,49.8,48.4,49.8,1H,1H,N,,,,2013,,,,
10349,KIAC Partners,54114,Kennedy International Airport Cogen,NY,Queens,GEN2,OP,CT,IPP CHP,3,47.1,48,48.7,NG,DFO,N,,,,,,,Y,Y,48,48.7,48,48.7,1H,1H,N,,,,2013,,,,
10349,KIAC Partners,54114,Kennedy International Airport Cogen,NY,Queens,GEN3,OP,CA,IPP CHP,3,27.0,25.9,26.4,NG,DFO,N,,,,,,,Y,Y,25.9,26.4,25.9,26.4,1H,1H,N,,,,2013,,,,
10849,Wyeth-Averst Lederle,10521,Lederle Laboratories,NY,Rockland,3A,OP,CA,Industrial CHP,7,1.5,1.5,1.5,NG,DFO,N,,,,,,,Y,Y,1.5,1.5,1.5,1.5,1H,,Y,,Y,,2013,,,,
10849,Wyeth-Averst Lederle,10521,Lederle Laboratories,NY,Rockland,GEN1,OP,CT,Industrial CHP,7,8.3,8.3,8.3,NG,DFO,N,,,,,,,Y,Y,8.3,8.3,8.3,8.3,1H,1H,Y,,Y,,2013,,,,
10849,Wyeth-Averst Lederle,10521,Lederle Laboratories,NY,Rockland,GEN2,OP,CT,Industrial CHP,7,8.3,8.3,8.3,NG,DFO,N,,,,,,,Y,Y,8.3,8.3,8.3,8.3,1H,1H,Y,,Y,,2013,,,,
10849,Wyeth-Averst Lederle,10521,Lederle Laboratories,NY,Rockland,GEN3,OP,CA,Industrial CHP,7,2.2,2.2,2.2,NG,DFO,N,,,,,,,Y,Y,3.1,3.1,3.1,3.1,1H,1H,Y,,Y,,2013,,,,
10849,Wyeth-Averst Lederle,10521,Lederle Laboratories,NY,Rockland,TG4,OP,CA,Industrial CHP,7,3.1,2,2,NG,DFO,N,,,,,,,Y,Y,2.2,2.2,2.2,2.2,1H,,Y,,Y,,2013,,,,
11127,Lockport Energy Associates LP,54041,Lockport Energy Associates LP,NY,Niagara,GEN1,OP,CT,IPP CHP,3,48.7,40.3,49,NG,DFO,Y,NG,DFO,,,,,Y,Y,42.6, ,43, ,1H,,Y,Y,Y,,2013,,,,
11127,Lockport Energy Associates LP,54041,Lockport Energy Associates LP,NY,Niagara,GEN2,OP,CT,IPP CHP,3,48.7,40.3,49,NG,DFO,Y,NG,DFO,,,,,Y,Y,42.6, ,43, ,1H,1H,Y,Y,Y,,2013,,,,
11127,Lockport Energy Associates LP,54041,Lockport Energy Associates LP,NY,Niagara,GEN3,OP,CT,IPP CHP,3,48.7,43,49,NG,DFO,Y,NG,DFO,,,,,Y,Y,42.6, ,43, ,1H,,Y,Y,Y,,2013,,,,
12792,NRG New York LLC,2625,Bowline Point,NY,Rockland,1,OP,ST,IPP Non-CHP,2,621.0,575,578,NG,RFO,Y,NG,RFO,,,,,Y,Y,572,572,572,572,24H,24H,Y,Y,,,2013,,,,
12792,NRG New York LLC,2625,Bowline Point,NY,Rockland,2,OP,ST,IPP Non-CHP,2,621.0,578,578,NG,RFO,Y,NG,RFO,,,,,Y,Y,167,167,167,167,24H,24H,Y,Y,,,2013,,,,
13491,New York University,54808,New York University Central Plant,NY,New York,GT1,OP,CT,Commercial CHP,5,5.5,5.5,5.5,NG,DFO,Y,NG,DFO,,,,,Y,Y,5.5,5.5,5.5,5.5,1H,1H,Y,Y,,,2013,,,,
13491,New York University,54808,New York University Central Plant,NY,New York,GT2,OP,CT,Commercial CHP,5,5.5,5.5,5.5,NG,DFO,Y,NG,DFO,,,,,Y,Y,5.5,5.5,5.5,5.5,1H,1H,Y,Y,,,2013,,,,
13582,NRG Astoria Gas Turbine Operations Inc,55243,Astoria Gas Turbines,NY,Queens,2-1,OP,GT,IPP Non-CHP,2,41.9,37.3,43.9,NG,KER,N,,,,,,,Y,Y,35,43.9,35,43.9,1H,1H,Y,,Y,Y,2013,,,,
13582,NRG Astoria Gas Turbine Operations Inc,55243,Astoria Gas Turbines,NY,Queens,2-2,OP,GT,IPP Non-CHP,2,41.9,35.1,43.1,NG,KER,N,,,,,,,Y,Y,35,43.1,35,43.1,1H,1H,Y,,Y,Y,2013,,,,
13582,NRG Astoria Gas Turbine Operations Inc,55243,Astoria Gas Turbines,NY,Queens,2-3,OP,GT,IPP Non-CHP,2,41.9,35.9,42.8,NG,KER,N,,,,,,,Y,Y,35,42.8,35,42.8,1H,1H,Y,,Y,Y,2013,,,,
13582,NRG Astoria Gas Turbine Operations Inc,55243,Astoria Gas Turbines,NY,Queens,2-4,OP,GT,IPP Non-CHP,2,41.9,34.8,41.1,NG,KER,N,,,,,,,Y,Y,35,41.1,35,41.1,1H,1H,Y,,Y,Y,2013,,,,
13582,NRG Astoria Gas Turbine Operations Inc,55243,Astoria Gas Turbines,NY,Queens,3-1,OP,GT,IPP Non-CHP,2,41.9,33.7,43,NG,KER,N,,,,,,,Y,Y,35,43,35,43,1H,1H,Y,,Y,Y,2013,,,,
13582,NRG Astoria Gas Turbine Operations Inc,55243,Astoria Gas Turbines,NY,Queens,3-2,OP,GT,IPP Non-CHP,2,41.9,34.7,43,NG,KER,N,,,,,,,Y,Y,35,43,35,43,1H,1H,Y,,Y,Y,2013,,,,
13582,NRG Astoria Gas Turbine Operations Inc,55243,Astoria Gas Turbines,NY,Queens,3-3,OP,GT,IPP Non-CHP,2,41.9,32.2,42.8,NG,KER,N,,,,,,,Y,Y,35,42.8,35,42.8,1H,1H,Y,,Y,Y,2013,,,,
13582,NRG Astoria Gas Turbine Operations Inc,55243,Astoria Gas Turbines,NY,Queens,3-4,OP,GT,IPP Non-CHP,2,41.9,34.6,42.9,NG,KER,N,,,,,,,Y,Y,35,42.9,35,42.9,1H,1H,Y,,Y,Y,2013,,,,
13582,NRG Astoria Gas Turbine Operations Inc,55243,Astoria Gas Turbines,NY,Queens,4-1,OP,GT,IPP Non-CHP,2,41.9,32.9,43.6,NG,KER,N,,,,,,,Y,Y,35,43.6,35,43.6,1H,1H,Y,,Y,Y,2013,,,,
13582,NRG Astoria Gas Turbine Operations Inc,55243,Astoria Gas Turbines,NY,Queens,4-2,OP,GT,IPP Non-CHP,2,41.9,32.1,43.5,NG,KER,N,,,,,,,Y,Y,35,43.5,35,43.5,1H,1H,Y,,Y,Y,2013,,,,
13582,NRG Astoria Gas Turbine Operations Inc,55243,Astoria Gas Turbines,NY,Queens,4-3,OP,GT,IPP Non-CHP,2,41.9,33,43.2,NG,KER,N,,,,,,,Y,Y,35,43.2,35,43.2,1H,1H,Y,,Y,Y,2013,,,,
13582,NRG Astoria Gas Turbine Operations Inc,55243,Astoria Gas Turbines,NY,Queens,4-4,OP,GT,IPP Non-CHP,2,41.9,34,43.1,NG,KER,N,,,,,,,Y,Y,35,43.1,35,43.1,1H,1H,Y,,Y,Y,2013,,,,
13587,Nissequoque Cogen Partners,54149,Stony Brook Cogen Plant,NY,Suffolk,GEN1,OP,GT,IPP CHP,3,47.0,44.5,47.1,NG,DFO,N,,,,,,,Y,Y,42,44,42,44,1H,1H,Y,Y,Y,,2013,,,,
13923,NRG Oswego Harbor Power Operations Inc,2594,Oswego Harbor Power,NY,Oswego,ST6,OP,ST,IPP Non-CHP,2,901.8,824.5,832,RFO,NG,Y,RFO,NG,,,,,Y,Y,180,180,850,850,6H,UNK,Y,Y,,,2013,,,,
14294,PSEG Power New York Inc,2539,Bethlehem Energy Center,NY,Albany,5,OP,CT,IPP Non-CHP,2,194.3,164,188,NG,KER,N,,,,,,,Y,Y,164,188,164,188,UNK,UNK,Y,Y,,,2013,,,,
14294,PSEG Power New York Inc,2539,Bethlehem Energy Center,NY,Albany,6,OP,CT,IPP Non-CHP,2,194.3,164,188,NG,KER,N,,,,,,,Y,Y,164,188,164,188,UNK,UNK,Y,Y,,,2013,,,,
14294,PSEG Power New York Inc,2539,Bethlehem Energy Center,NY,Albany,7,OP,CT,IPP Non-CHP,2,194.3,164,188,NG,KER,N,,,,,,,Y,Y,164,188,164,188,UNK,UNK,Y,Y,,,2013,,,,
14294,PSEG Power New York Inc,2539,Bethlehem Energy Center,NY,Albany,8,OP,CA,IPP Non-CHP,2,310.2,263,300,NG,KER,N,,,,,,,Y,Y,263,300,263,300,UNK,UNK,Y,Y,,,2013,,,,
15253,Power City Partners LP,54592,Massena Energy Facility,NY,St Lawrence,GEN1,OP,CT,IPP Non-CHP,2,66.5,46,56,NG,DFO,N,,,,,,,Y,Y,46,59,46,59,1H,1H,Y,,Y,,2013,,,,
15296,New York Power Authority,7314,Richard M Flynn,NY,Suffolk,NA1,OP,CT,Electric Utility,1,108.0,87.6,113,NG,DFO,Y,NG,DFO,,,,,Y,N,87.6, ,87.6, ,1H,,Y,,,Y,2013,,,,
15296,New York Power Authority,7314,Richard M Flynn,NY,Suffolk,NA2,OP,CA,Electric Utility,1,56.0,48.6,51.5,NG,DFO,N,,,,,,,Y,N,48.6, ,48.6, ,1H,,Y,,,Y,2013,,,,
15296,New York Power Authority,56196,500MW CC,NY,Queens,CA01,OP,CA,Electric Utility,1,188.0,161.7,176.7,NG,,,,,,,,,Y,, , , , ,1H,,,,,,2013,,,,
15296,New York Power Authority,56196,500MW CC,NY,Queens,CT01,OP,CT,Electric Utility,1,170.0,146.2,159.8,NG,KER,,,,,,,,Y,, , , , ,1H,,,,,,2013,,,,
15296,New York Power Authority,56196,500MW CC,NY,Queens,CT02,OP,CT,Electric Utility,1,170.0,146.2,159.8,NG,KER,,,,,,,,Y,, , , , ,1H,,,,,,2013,,,,
16217,Village of Rockville Centre - (NY),2695,Charles P Keller,NY,Nassau,10,OP,IC,Electric Utility,1,3.5,3.2,3.2,NG,DFO,N,,,,,,,Y,Y,2.9, ,3.2, ,1H,1H,Y,Y,Y,,2013,,,,
16217,Village of Rockville Centre - (NY),2695,Charles P Keller,NY,Nassau,11,OP,IC,Electric Utility,1,5.2,5.2,5.2,NG,DFO,N,,,,,,,Y,Y,4.95, ,5.2, ,1H,1H,Y,Y,Y,,2013,,,,
16217,Village of Rockville Centre - (NY),2695,Charles P Keller,NY,Nassau,12,OP,IC,Electric Utility,1,5.5,5.5,5.5,NG,DFO,N,,,,,,,Y,Y,5.2, ,5.5, ,1H,1H,Y,Y,Y,,2013,,,,
16217,Village of Rockville Centre - (NY),2695,Charles P Keller,NY,Nassau,13,OP,IC,Electric Utility,1,5.5,5.5,5.5,NG,DFO,N,,,,,,,Y,Y,5.2, ,5.5, ,1H,1H,Y,Y,Y,,2013,,,,
16217,Village of Rockville Centre - (NY),2695,Charles P Keller,NY,Nassau,14,OP,IC,Electric Utility,1,6.2,6.2,6.2,NG,DFO,N,,,,,,,Y,Y,6.2, ,6.2, ,1H,1H,Y,Y,Y,,2013,,,,
16217,Village of Rockville Centre - (NY),2695,Charles P Keller,NY,Nassau,9,OP,IC,Electric Utility,1,3.5,3.2,3.2,NG,DFO,N,,,,,,,Y,Y,2.9, ,3.2, ,1H,1H,Y,Y,Y,,2013,,,,
16909,Selkirk Cogen Partners LP,10725,Selkirk Cogen,NY,Albany,GEN1,OP,CT,IPP CHP,3,95.2,76.6,102.7,NG,DFO,Y,NG,DFO,,,,,Y,N,80.9,95,80.9,95,OVER,OVER,Y,Y,Y,,2013,,,,
16909,Selkirk Cogen Partners LP,10725,Selkirk Cogen,NY,Albany,GEN3,OP,CT,IPP CHP,3,95.2,271.6,334.2,NG,DFO,Y,NG,DFO,,,,,Y,N,80.9,95,80.9,95,OVER,OVER,Y,Y,Y,,2013,,,,
16909,Selkirk Cogen Partners LP,10725,Selkirk Cogen,NY,Albany,GEN4,OP,CT,IPP CHP,3,95.2, , ,NG,DFO,Y,NG,DFO,,,,,Y,N,80.9,95,80.9,95,OVER,,Y,Y,Y,,2013,,,,
18020,Starrett City Inc,50743,Starrett City Cogen Facility,NY,Kings,GEN1,OP,ST,Commercial CHP,5,6.0,5.5,6,NG,RFO,N,,,,,,,Y,N,5.5, ,5.8,5.8,1H,1H,N,,,,2013,,,,
18020,Starrett City Inc,50743,Starrett City Cogen Facility,NY,Kings,GEN2,OP,ST,Commercial CHP,5,6.0,5.5,6,NG,RFO,N,,,,,,,Y,N,5.5, ,5.8,5.8,1H,1H,N,,,,2013,,,,
18020,Starrett City Inc,50743,Starrett City Cogen Facility,NY,Kings,GEN3,SB,IC,Commercial CHP,5,2.0,2,2,DFO,NG,Y,DFO,NG,,,,,Y,Y,1.8, ,2,1.8,1H,1H,Y,,Y,,2013,,,,
18020,Starrett City Inc,50743,Starrett City Cogen Facility,NY,Kings,GEN4,SB,IC,Commercial CHP,5,2.0,2,2,DFO,NG,Y,DFO,NG,,,,,Y,Y,1.8, ,2, ,1H,1H,Y,,Y,,2013,,,,
18020,Starrett City Inc,50743,Starrett City Cogen Facility,NY,Kings,GEN5,SB,IC,Commercial CHP,5,2.0,2,2,DFO,NG,Y,DFO,NG,,,,,Y,Y,1.8, ,2, ,1H,1H,Y,,Y,,2013,,,,
19153,Nassau Energy Corp,52056,Nassau Energy Corp,NY,NASSAU,GT1,OP,CT,IPP CHP,3,43.0,43,45,NG,DFO,Y,NG,DFO,,,,,Y,Y,43,45,43,43,1H,1H,Y,Y,Y,,2013,,,,
21508,Cornell University,50368,Cornell University Central Heat,NY,Tompkins,CT1,OP,CT,Commercial CHP,5,15.0,12.3,14.5,NG,DFO,N,NG,DFO,,,,,Y,Y,12.3,14.5,12.3,14.5,1H,1H,Y,,Y,,2013,,,,
21508,Cornell University,50368,Cornell University Central Heat,NY,Tompkins,CT2,OP,CT,Commercial CHP,5,15.0,12.3,14.5,NG,DFO,N,NG,DFO,,,,,Y,Y,12.3,14.5,12.3,14.5,1H,1H,Y,,Y,,2013,,,,
22979,Astoria Energy LLC,55375,Astoria Energy,NY,Queens,CT1,OP,CT,IPP Non-CHP,2,170.0,156,170,NG,DFO,N,,,,,,,Y,Y,156,170,156,170,1H,1H,Y,Y,Y,,2013,,,,
22979,Astoria Energy LLC,55375,Astoria Energy,NY,Queens,CT2,OP,CT,IPP Non-CHP,2,170.0,156,170,NG,DFO,N,,,,,,,Y,Y,156,170,156,170,1H,1H,Y,Y,Y,,2013,,,,
22979,Astoria Energy LLC,55375,Astoria Energy,NY,Queens,ST1,OP,CA,IPP Non-CHP,2,180.0,228,266,NG,DFO,N,,,,,,,Y,Y,228,266,228,266,1H,1H,Y,Y,Y,,2013,,,,
24202,Carr Street Generating Sta LP,50978,Carr Street Generating Station,NY,Onondaga,GEN1,OP,CT,IPP Non-CHP,2,48.8,33,40,NG,DFO,N,,,,,,,Y,Y,33,40,33,40,1H,1H,Y,,Y,,2013,,,,
24202,Carr Street Generating Sta LP,50978,Carr Street Generating Station,NY,Onondaga,GEN2,OP,CT,IPP Non-CHP,2,48.8,33,40,NG,DFO,N,,,,,,,Y,Y,33,40,33,40,1H,1H,Y,,Y,,2013,,,,
24202,Carr Street Generating Sta LP,50978,Carr Street Generating Station,NY,Onondaga,GEN3,OP,CA,IPP Non-CHP,2,25.0,22.5,25,NG,DFO,N,,,,,,,Y,Y,22.5,25,22.5,25,1H,1H,Y,,Y,,2013,,,,
24210,Riverbay Corp,52168,Riverbay,NY,Bronx,GEN2,OP,ST,Commercial CHP,5,16.0,13.8,15,NG,DFO,N,,,,,,,Y,N,13.8,15,13.8,13.8,6H,6H,Y,Y,Y,,2013,,,,
24210,Riverbay Corp,52168,Riverbay,NY,Bronx,GEN3,OP,GT,Commercial CHP,5,12.9,11.1,12.1,NG,DFO,N,,,,,,,Y,Y,11.1,12.1,9.8, ,6H,6H,Y,Y,Y,,2013,,,,
24210,Riverbay Corp,52168,Riverbay,NY,Bronx,GEN4,OP,GT,Commercial CHP,5,12.9,11.1,12.1,NG,DFO,N,,,,,,,Y,Y,11.1,12.1,9.8, ,6H,6H,Y,Y,Y,,2013,,,,
26642,PE Bay Shore LLC,54541,Entenmanns Energy Center,NY,Suffolk,1,OP,IC,IPP CHP,3,1.3,1.3,1.3,NG,DFO,Y,NG,DFO,,,,,Y,N,1.3,1.3,1.3,1.3,6H,6H,N,,,,2013,,,,
26642,PE Bay Shore LLC,54541,Entenmanns Energy Center,NY,Suffolk,2,OP,IC,IPP CHP,3,1.3,1.3,1.3,NG,DFO,Y,NG,DFO,,,,,Y,N,1.3,1.3,1.3,1.3,6H,6H,N,,,,2013,,,,
26642,PE Bay Shore LLC,54541,Entenmanns Energy Center,NY,Suffolk,3,OP,IC,IPP CHP,3,1.3,1.3,1.3,NG,DFO,Y,NG,DFO,,,,,Y,N,1.3,1.3,1.3,1.3,6H,6H,N,,,,2013,,,,
49837,Pinelawn Power LLC,56188,Pinelawn Power LLC,NY,SUFFOLK,CTG,OP,CT,IPP Non-CHP,2,50.0,47,47,NG,KER,N,,,,,,,Y,N,48, ,48, ,1H,1H,Y,Y,Y,,2013,,,,
49845,"Equus Power I, L.P.,",56032,Equus Freeport Power,NY,Nassau,0001,OP,GT,IPP Non-CHP,2,60.0,47.9,49.2,NG,KER,N,,,,,,,Y,N,47.9, ,47.9, ,A,,Y,,,Y,2013,,,,
49845,"Equus Power I, L.P.,",56032,Equus Freeport Power,NY,Nassau,001,OP,GT,IPP Non-CHP,2,60.0,47.7,49.2,NG,KER,N,,,,,,,Y,N,47.7,49.2,47.7,49.2,1H,1H,Y,,,Y,2013,,,,
49950,"Caithness Long Island, LLC",56234,Caithness Long Island Energy Center,NY,Suffolk,CT01,OP,CT,IPP Non-CHP,2,196.2,170,223,NG,DFO,N,,,,,,,Y,Y,175, ,175, ,6H,6H,Y,Y,Y,,2013,,,,
49950,"Caithness Long Island, LLC",56234,Caithness Long Island Energy Center,NY,Suffolk,ST01,OP,CA,IPP Non-CHP,2,152.7,137,153,NG,,N,,,,,,,Y,Y,138, ,138, ,6H,6H,Y,Y,Y,,2013,,,,
50136,North American Energy Services,54131,Fortistar North Tonawanda,NY,Niagara,GEN1,OP,CT,IPP CHP,3,38.3,37.8,38.9,NG,DFO,Y,NG,DFO,,,,,Y,Y,37.8,38.9,35.37,36.4,1H,1H,Y,Y,Y,,2013,,,,
54863,U S Power Generating Company LLC,2494,Gowanus Gas Turbines Generating,NY,Kings,GT11,OP,GT,IPP Non-CHP,2,20.0,18.9,24.5,DFO,KER,Y,DFO,KER,,,,,,, , , , ,1H,,,,,,2013,,,,
54863,U S Power Generating Company LLC,2494,Gowanus Gas Turbines Generating,NY,Kings,GT12,OP,GT,IPP Non-CHP,2,20.0,18.5,20.8,DFO,KER,Y,DFO,KER,,,,,,, , , , ,1H,,,,,,2013,,,,
54863,U S Power Generating Company LLC,2494,Gowanus Gas Turbines Generating,NY,Kings,GT13,OP,GT,IPP Non-CHP,2,20.0,15.2,22,DFO,KER,Y,DFO,KER,,,,,,, , , , ,1H,,,,,,2013,,,,
54863,U S Power Generating Company LLC,2494,Gowanus Gas Turbines Generating,NY,Kings,GT14,OP,GT,IPP Non-CHP,2,20.0,16,20.9,DFO,KER,Y,DFO,KER,,,,,,, , , , ,1H,,,,,,2013,,,,
54863,U S Power Generating Company LLC,2494,Gowanus Gas Turbines Generating,NY,Kings,GT15,OP,GT,IPP Non-CHP,2,20.0,16,20.9,DFO,KER,Y,DFO,KER,,,,,,, , , , ,1H,,,,,,2013,,,,
54863,U S Power Generating Company LLC,2494,Gowanus Gas Turbines Generating,NY,Kings,GT16,OP,GT,IPP Non-CHP,2,20.0,16.9,22.4,DFO,KER,Y,DFO,KER,,,,,,, , , , ,1H,,,,,,2013,,,,
54863,U S Power Generating Company LLC,2494,Gowanus Gas Turbines Generating,NY,Kings,GT17,OP,GT,IPP Non-CHP,2,20.0,16.8,21.5,DFO,KER,Y,DFO,KER,,,,,,, , , , ,1H,,,,,,2013,,,,
54863,U S Power Generating Company LLC,2494,Gowanus Gas Turbines Generating,NY,Kings,GT18,OP,GT,IPP Non-CHP,2,20.0,15.5,19.9,DFO,KER,Y,DFO,KER,,,,,,, , , , ,1H,,,,,,2013,,,,
54863,U S Power Generating Company LLC,2494,Gowanus Gas Turbines Generating,NY,Kings,GT21,OP,GT,IPP Non-CHP,2,20.0,17,22,NG,DFO,Y,NG,DFO,KER,,,,Y,Y,17, ,17, ,1H,,Y,,Y,,2013,,,,
54863,U S Power Generating Company LLC,2494,Gowanus Gas Turbines Generating,NY,Kings,GT22,OP,GT,IPP Non-CHP,2,20.0,18.1,23.9,NG,DFO,Y,NG,DFO,KER,,,,Y,Y,18.1, ,18.1, ,1H,,Y,,Y,,2013,,,,
54863,U S Power Generating Company LLC,2494,Gowanus Gas Turbines Generating,NY,Kings,GT23,OP,GT,IPP Non-CHP,2,20.0,19.2,24.2,NG,DFO,Y,NG,DFO,KER,,,,Y,Y,19.2, ,19.2, ,1H,,Y,,Y,,2013,,,,
54863,U S Power Generating Company LLC,2494,Gowanus Gas Turbines Generating,NY,Kings,GT24,OP,GT,IPP Non-CHP,2,20.0,17.1,22.8,NG,DFO,Y,NG,DFO,KER,,,,Y,Y,17.1, ,17.1, ,1H,,Y,,Y,,2013,,,,
54863,U S Power Generating Company LLC,2494,Gowanus Gas Turbines Generating,NY,Kings,GT25,OP,GT,IPP Non-CHP,2,20.0,17.4,22.2,NG,DFO,Y,NG,DFO,KER,,,,Y,Y,17.4, ,17.4, ,1H,,Y,,Y,,2013,,,,
54863,U S Power Generating Company LLC,2494,Gowanus Gas Turbines Generating,NY,Kings,GT26,OP,GT,IPP Non-CHP,2,20.0,18.9,24.4,NG,DFO,Y,NG,DFO,KER,,,,Y,Y,18.9, ,18.9, ,1H,,Y,,Y,,2013,,,,
54863,U S Power Generating Company LLC,2494,Gowanus Gas Turbines Generating,NY,Kings,GT27,OP,GT,IPP Non-CHP,2,20.0,18.7,23.7,NG,DFO,Y,NG,DFO,KER,,,,Y,Y,18.7, ,18.7, ,1H,,Y,,Y,,2013,,,,
54863,U S Power Generating Company LLC,2494,Gowanus Gas Turbines Generating,NY,Kings,GT28,OP,GT,IPP Non-CHP,2,20.0,17,21.6,NG,DFO,Y,NG,DFO,KER,,,,Y,Y,17, ,17, ,1H,,Y,,Y,,2013,,,,
54863,U S Power Generating Company LLC,2494,Gowanus Gas Turbines Generating,NY,Kings,GT31,OP,GT,IPP Non-CHP,2,20.0,16.6,21.7,NG,DFO,Y,NG,DFO,KER,,,,Y,Y,16.6, ,16.6, ,1H,,Y,,Y,,2013,,,,
54863,U S Power Generating Company LLC,2494,Gowanus Gas Turbines Generating,NY,Kings,GT32,OP,GT,IPP Non-CHP,2,20.0,16.6,21.7,NG,DFO,Y,NG,DFO,KER,,,,Y,Y,16.6, ,16.6, ,1H,,Y,,Y,,2013,,,,
54863,U S Power Generating Company LLC,2494,Gowanus Gas Turbines Generating,NY,Kings,GT33,OP,GT,IPP Non-CHP,2,20.0,18.2,23.6,NG,DFO,Y,NG,DFO,KER,,,,Y,Y,18.2, ,18.2, ,1H,,Y,,Y,,2013,,,,
54863,U S Power Generating Company LLC,2494,Gowanus Gas Turbines Generating,NY,Kings,GT34,OP,GT,IPP Non-CHP,2,20.0,16.3,21,NG,DFO,Y,NG,DFO,KER,,,,Y,Y,16.3, ,16.3, ,1H,,Y,,Y,,2013,,,,
54863,U S Power Generating Company LLC,2494,Gowanus Gas Turbines Generating,NY,Kings,GT35,OP,GT,IPP Non-CHP,2,20.0,18.5,22.9,NG,DFO,Y,NG,DFO,KER,,,,Y,Y,18.5, ,18.5, ,1H,,Y,,Y,,2013,,,,
54863,U S Power Generating Company LLC,2494,Gowanus Gas Turbines Generating,NY,Kings,GT36,OP,GT,IPP Non-CHP,2,20.0,16.2,20,NG,DFO,Y,NG,DFO,KER,,,,Y,Y,16.2, ,16.2, ,1H,,Y,,Y,,2013,,,,
54863,U S Power Generating Company LLC,2494,Gowanus Gas Turbines Generating,NY,Kings,GT37,OP,GT,IPP Non-CHP,2,20.0,16.9,21.7,NG,DFO,Y,NG,DFO,KER,,,,Y,Y,16.9, ,16.9, ,1H,,Y,,Y,,2013,,,,
54863,U S Power Generating Company LLC,2494,Gowanus Gas Turbines Generating,NY,Kings,GT38,OP,GT,IPP Non-CHP,2,20.0,17.4,23.4,NG,DFO,Y,NG,DFO,KER,,,,Y,Y,17.4, ,17.4, ,1H,,Y,,Y,,2013,,,,
54863,U S Power Generating Company LLC,2494,Gowanus Gas Turbines Generating,NY,Kings,GT41,OP,GT,IPP Non-CHP,2,20.0,14.6,20.6,DFO,KER,Y,DFO,KER,,,,,,, , , , ,,,,,,,2013,,,,
54863,U S Power Generating Company LLC,2494,Gowanus Gas Turbines Generating,NY,Kings,GT42,OP,GT,IPP Non-CHP,2,20.0,17.4,23,DFO,KER,Y,DFO,KER,,,,,,, , , , ,1H,,,,,,2013,,,,
54863,U S Power Generating Company LLC,2494,Gowanus Gas Turbines Generating,NY,Kings,GT43,OP,GT,IPP Non-CHP,2,20.0,17.5,23.4,DFO,KER,Y,DFO,KER,,,,,,, , , , ,1H,,,,,,2013,,,,
54863,U S Power Generating Company LLC,2494,Gowanus Gas Turbines Generating,NY,Kings,GT44,OP,GT,IPP Non-CHP,2,20.0,15.9,21.7,DFO,KER,Y,DFO,KER,,,,,,, , , , ,1H,,,,,,2013,,,,
54863,U S Power Generating Company LLC,2494,Gowanus Gas Turbines Generating,NY,Kings,GT45,OP,GT,IPP Non-CHP,2,20.0,16.1,20.7,DFO,KER,Y,DFO,KER,,,,,,, , , , ,1H,,,,,,2013,,,,
54863,U S Power Generating Company LLC,2494,Gowanus Gas Turbines Generating,NY,Kings,GT46,OP,GT,IPP Non-CHP,2,20.0,17.9,22.6,DFO,KER,Y,DFO,KER,,,,,,, , , , ,1H,,,,,,2013,,,,
54863,U S Power Generating Company LLC,2494,Gowanus Gas Turbines Generating,NY,Kings,GT47,OP,GT,IPP Non-CHP,2,20.0,16.6,21.6,DFO,KER,Y,DFO,KER,,,,,,, , , , ,1H,,,,,,2013,,,,
54863,U S Power Generating Company LLC,2494,Gowanus Gas Turbines Generating,NY,Kings,GT48,OP,GT,IPP Non-CHP,2,20.0,17.5,23.3,DFO,KER,Y,DFO,KER,,,,,,, , , , ,1H,,,,,,2013,,,,
54863,U S Power Generating Company LLC,2499,Narrows Gas Turbines Generating,NY,Kings,NT11,OP,GT,IPP Non-CHP,2,22.0,18.7,24.7,NG,DFO,Y,NG,DFO,KER,,,,Y,Y,18.7, ,18.7, ,1H,,Y,,Y,,2013,,,,
54863,U S Power Generating Company LLC,2499,Narrows Gas Turbines Generating,NY,Kings,NT12,OP,GT,IPP Non-CHP,2,22.0,16.9,23.4,NG,DFO,Y,NG,DFO,KER,,,,Y,Y,16.9, ,16.9, ,1H,,Y,,Y,,2013,,,,
54863,U S Power Generating Company LLC,2499,Narrows Gas Turbines Generating,NY,Kings,NT13,OP,GT,IPP Non-CHP,2,22.0,18.4,24.3,NG,DFO,Y,NG,DFO,KER,,,,Y,Y,18.4, ,18.4, ,1H,,Y,,Y,,2013,,,,
54863,U S Power Generating Company LLC,2499,Narrows Gas Turbines Generating,NY,Kings,NT14,OP,GT,IPP Non-CHP,2,22.0,18.8,24.9,NG,DFO,Y,NG,DFO,KER,,,,Y,Y,18.8, ,18.8, ,1H,,Y,,Y,,2013,,,,
54863,U S Power Generating Company LLC,2499,Narrows Gas Turbines Generating,NY,Kings,NT15,OP,GT,IPP Non-CHP,2,22.0,18.7,24.4,NG,DFO,Y,NG,DFO,KER,,,,Y,Y,18.7, ,18.7, ,1H,,Y,,Y,,2013,,,,
54863,U S Power Generating Company LLC,2499,Narrows Gas Turbines Generating,NY,Kings,NT16,OP,GT,IPP Non-CHP,2,22.0,17.1,23.7,NG,DFO,Y,NG,DFO,KER,,,,Y,Y,17.1, ,17.1, ,1H,,Y,,Y,,2013,,,,
54863,U S Power Generating Company LLC,2499,Narrows Gas Turbines Generating,NY,Kings,NT17,OP,GT,IPP Non-CHP,2,22.0,17.4,23,NG,DFO,Y,NG,DFO,KER,,,,Y,Y,17.4, ,17.4, ,1H,,Y,,Y,,2013,,,,
54863,U S Power Generating Company LLC,2499,Narrows Gas Turbines Generating,NY,Kings,NT18,OP,GT,IPP Non-CHP,2,22.0,17.3,22.2,NG,DFO,Y,NG,DFO,KER,,,,Y,Y,17.3, ,17.3, ,1H,,Y,,Y,,2013,,,,
54863,U S Power Generating Company LLC,2499,Narrows Gas Turbines Generating,NY,Kings,NT21,OP,GT,IPP Non-CHP,2,22.0,18.5,23.8,NG,DFO,Y,NG,DFO,KER,,,,Y,Y,18.5, ,18.5, ,1H,,Y,,Y,,2013,,,,
54863,U S Power Generating Company LLC,2499,Narrows Gas Turbines Generating,NY,Kings,NT22,OP,GT,IPP Non-CHP,2,22.0,17.8,22.2,NG,DFO,Y,NG,DFO,KER,,,,Y,Y,17.8, ,17.8, ,1H,,Y,,Y,,2013,,,,
54863,U S Power Generating Company LLC,2499,Narrows Gas Turbines Generating,NY,Kings,NT23,OP,GT,IPP Non-CHP,2,22.0,17,22.4,NG,DFO,Y,NG,DFO,KER,,,,Y,Y,17, ,17, ,1H,,Y,,Y,,2013,,,,
54863,U S Power Generating Company LLC,2499,Narrows Gas Turbines Generating,NY,Kings,NT24,OP,GT,IPP Non-CHP,2,22.0,18.3,23.6,NG,DFO,Y,NG,DFO,KER,,,,Y,Y,18.3, ,18.3, ,1H,,Y,,Y,,2013,,,,
54863,U S Power Generating Company LLC,2499,Narrows Gas Turbines Generating,NY,Kings,NT25,OP,GT,IPP Non-CHP,2,22.0,18.2,23.7,NG,DFO,Y,NG,DFO,KER,,,,Y,Y,18.2, ,18.2, ,1H,,Y,,Y,,2013,,,,
54863,U S Power Generating Company LLC,2499,Narrows Gas Turbines Generating,NY,Kings,NT26,OP,GT,IPP Non-CHP,2,22.0,16.5,21.2,NG,DFO,Y,NG,DFO,KER,,,,Y,Y,16.5, ,16.5, ,1H,,Y,,Y,,2013,,,,
54863,U S Power Generating Company LLC,2499,Narrows Gas Turbines Generating,NY,Kings,NT27,OP,GT,IPP Non-CHP,2,22.0,19,23.9,NG,DFO,Y,NG,DFO,KER,,,,Y,Y,19, ,19, ,1H,,Y,,Y,,2013,,,,
54863,U S Power Generating Company LLC,2499,Narrows Gas Turbines Generating,NY,Kings,NT28,OP,GT,IPP Non-CHP,2,22.0,17.4,21.4,NG,DFO,Y,NG,DFO,KER,,,,Y,Y,17.4, ,17.4, ,1H,,Y,,Y,,2013,,,,
54863,U S Power Generating Company LLC,8906,Astoria Generating Station,NY,Queens,3,OP,ST,IPP Non-CHP,2,376.0,374.3,376.6,RFO,NG,Y,RFO,NG,,,,,Y,Y,361,361,351,351,6H,6H,Y,Y,Y,,2013,,,,
54863,U S Power Generating Company LLC,8906,Astoria Generating Station,NY,Queens,4,OS,ST,IPP Non-CHP,2,387.0,380,387,RFO,NG,Y,RFO,NG,,,,,Y,Y,372,372,361,361,6H,,Y,Y,Y,,2013,,,,
54863,U S Power Generating Company LLC,8906,Astoria Generating Station,NY,Queens,ST5,OP,ST,IPP Non-CHP,2,387.0,380,382,RFO,NG,Y,RFO,NG,,,,,Y,Y,372,372,362,361,6H,,Y,Y,Y,,2013,,,,
55807,Niagara Generation LLC,50202,WPS Power Niagara,NY,Niagara,GEN1,OA,ST,IPP Non-CHP,2,56.0,49.1,49.1,WDS,BIT,Y,TDF,WDS,,,,,N,, , , , ,,,,,,,2013,,,,
56142,"Alliance NYGT, LLC",2628,Hillburn,NY,Rockland,GEN1,OP,GT,IPP Non-CHP,2,46.5,33.1,43.8,NG,KER,N,,,,,,,Y,N,33.1, ,33.1, ,1H,1H,Y,,Y,,2013,,,,
56142,"Alliance NYGT, LLC",2632,Shoemaker,NY,Orange,SHOE,OP,GT,IPP Non-CHP,2,41.9,33,40,NG,KER,N,,,,,,,Y,N,33, ,33, ,1H,1H,Y,,Y,,2013,,,,
56174,Finch Paper LLC,10511,Finch Paper,NY,Warren,GEN6,OP,ST,Industrial CHP,7,29.0,23,27,WDL,NG,N,,,,,,,Y,Y,14,18,8,12,6H,6H,Y,,Y,Y,2013,,,,
56479,PIC Group Inc,10190,Castleton Energy Center,NY,Rensselaer,GEN1,OP,CT,IPP Non-CHP,2,47.0,43,47,NG,DFO,Y,NG,DFO,,,,,Y,Y,42, ,41, ,1H,1H,Y,Y,Y,,2013,,,,
56480,Empire Generating Co  LLC,56259,Empire Generating Co  LLC,NY,Rensselaer,CT11,OP,CT,IPP CHP,3,179.0,155,190,NG,DFO,N,,,,,,,Y,N,165,190,177,190,1H,1H,Y,,Y,Y,2013,,,,
56480,Empire Generating Co  LLC,56259,Empire Generating Co  LLC,NY,Rensselaer,CT12,OP,CT,IPP CHP,3,179.0,155,190,NG,DFO,N,,,,,,,Y,N,165,190,177,190,1H,1H,Y,,Y,Y,2013,,,,
56480,Empire Generating Co  LLC,56259,Empire Generating Co  LLC,NY,Rensselaer,ST13,OP,CA,IPP CHP,3,295.7,270,295.7,NG,DFO,N,,,,,,,Y,N,270,285,175,185,1H,1H,Y,,Y,Y,2013,,,,
56505,National Grid Generation LLC,2511,E F Barrett,NY,Nassau,10,OP,GT,Electric Utility,1,41.8,39.5,49.3,NG,DFO,N,,,,,,,Y,Y,39.5,49.3,39.5,49.3,1H,,N,,,,2013,,,,
56505,National Grid Generation LLC,2511,E F Barrett,NY,Nassau,11,OP,GT,Electric Utility,1,41.8,40,49.3,NG,DFO,N,,,,,,,Y,Y,40,49.3,40,49.3,1H,,N,,,,2013,,,,
56505,National Grid Generation LLC,2511,E F Barrett,NY,Nassau,12,OP,GT,Electric Utility,1,41.8,40.2,48.8,NG,DFO,N,,,,,,,Y,Y,40.2,48.8,40.2,48.8,1H,,N,,,,2013,,,,
56505,National Grid Generation LLC,2511,E F Barrett,NY,Nassau,3,OP,GT,Electric Utility,1,18.0,17.5,20.4,NG,DFO,N,,,,,,,Y,Y,17.5,20.4,17.5,20.4,1H,,N,,,,2013,,,,
56505,National Grid Generation LLC,2511,E F Barrett,NY,Nassau,4,OP,GT,Electric Utility,1,18.0,17.7,20.5,NG,DFO,N,,,,,,,Y,Y,17.7,20.5,17.7,20.5,1H,,N,,,,2013,,,,
56505,National Grid Generation LLC,2511,E F Barrett,NY,Nassau,5,OP,GT,Electric Utility,1,18.0,17,20,NG,DFO,N,,,,,,,Y,Y,17,20,17,20,1H,,N,,,,2013,,,,
56505,National Grid Generation LLC,2511,E F Barrett,NY,Nassau,6,OP,GT,Electric Utility,1,18.0,16.7,20.2,NG,DFO,N,,,,,,,Y,Y,16.7,20.2,16.7,20.2,1H,,N,,,,2013,,,,
56505,National Grid Generation LLC,2511,E F Barrett,NY,Nassau,8,OP,GT,Electric Utility,1,18.0,17,20,NG,DFO,N,,,,,,,Y,Y,17,20,17,20,1H,,N,,,,2013,,,,
56505,National Grid Generation LLC,2511,E F Barrett,NY,Nassau,9,OP,GT,Electric Utility,1,41.8,39.8,49.2,NG,DFO,N,,,,,,,Y,Y,39.8,49.2,39.8,49.2,1H,,N,,,,2013,,,,
56505,National Grid Generation LLC,2511,E F Barrett,NY,Nassau,GT1,OP,GT,Electric Utility,1,18.0,16.3,19.3,NG,DFO,N,,,,,,,Y,Y,16.3,19.3,16.3,19.3,1H,,N,,,,2013,,,,
56505,National Grid Generation LLC,2511,E F Barrett,NY,Nassau,GT2,OP,GT,Electric Utility,1,18.0,14.9,17.5,NG,DFO,N,,,,,,,Y,Y,14.9,17.5,14.9,17.5,1H,,N,,,,2013,,,,
56505,National Grid Generation LLC,2511,E F Barrett,NY,Nassau,ST1,OP,ST,Electric Utility,1,188.0,195.2,194.2,NG,RFO,Y,NG,RFO,,,,,Y,Y,195.2,194.5,195.2,194.5,6H,6H,Y,Y,,,2013,,,,
56505,National Grid Generation LLC,2511,E F Barrett,NY,Nassau,ST2,OP,ST,Electric Utility,1,188.0,196.2,196.2,NG,RFO,Y,NG,RFO,,,,,Y,Y,196.2,194.2,196.2,194.2,6H,6H,Y,Y,,,2013,,,,
56505,National Grid Generation LLC,2516,Northport,NY,Suffolk,2,OP,ST,Electric Utility,1,387.0,393.5,393.5,NG,RFO,Y,NG,RFO,,,,,Y,Y,393.5,393.5,393.5,393.5,6H,6H,N,,,,2013,,,,
56505,National Grid Generation LLC,2516,Northport,NY,Suffolk,3,OP,ST,Electric Utility,1,387.0,396,397,NG,RFO,Y,NG,RFO,,,,,Y,Y,396,397,396,397,6H,6H,N,,,,2013,,,,
56505,National Grid Generation LLC,2516,Northport,NY,Suffolk,4,OP,ST,Electric Utility,1,387.0,395.5,395,NG,RFO,Y,NG,RFO,,,,,Y,Y,395.5,395,395.5,395,6H,,N,,,,2013,,,,
56505,National Grid Generation LLC,2516,Northport,NY,Suffolk,ST1,OP,ST,Electric Utility,1,387.0,395.7,387.7,NG,RFO,Y,NG,RFO,,,,,Y,Y,397.7,387.7,397.7,387.7,6H,6H,N,,,,2013,,,,
56505,National Grid Generation LLC,2517,Port Jefferson,NY,Suffolk,3,OP,ST,Electric Utility,1,188.0,195,193.5,NG,RFO,Y,NG,RFO,,,,,Y,Y,195,193.5,195,193.5,6H,,N,,,,2013,,,,
56505,National Grid Generation LLC,2517,Port Jefferson,NY,Suffolk,4,OP,ST,Electric Utility,1,188.0,197.7,194.5,NG,RFO,Y,NG,RFO,,,,,Y,Y,197.7,194.5,197.7,194.5,6H,,N,,,,2013,,,,
56505,National Grid Generation LLC,2517,Port Jefferson,NY,Suffolk,GT2,OP,GT,Electric Utility,1,53.0,43.3,48.1,NG,KER,N,,,,,,,Y,Y,43.3,48.1,43.3,48.1,1H,1H,Y,,Y,,2013,,,,
56505,National Grid Generation LLC,2517,Port Jefferson,NY,Suffolk,GT3,OP,GT,Electric Utility,1,53.0,39.7,46,NG,KER,N,,,,,,,Y,Y,39.7,46,39.7,46,1H,1H,Y,,Y,,2013,,,,
56505,National Grid Generation LLC,7869,Glenwood Landing,NY,Nassau,GT4,OP,GT,Electric Utility,1,53.0,40.6,46,NG,KER,N,,,,,,,Y,Y,40.6,46,40.6,46,1H,1H,Y,,Y,,2013,,,,
56505,National Grid Generation LLC,7869,Glenwood Landing,NY,Nassau,GT5,OP,GT,Electric Utility,1,53.0,38.6,44.6,NG,KER,N,,,,,,,Y,Y,38.6,44.6,38.6,44.6,1H,1H,Y,,Y,,2013,,,,
56965,"Auburn Energy, LLC",57636,Auburn LFG Energy Facility,NY,Cayuga,1,OP,IC,IPP Non-CHP,2,1.1,1.1,1.1,LFG,NG,Y,NG,LFG,,,,,N,, , , , ,,,,,,,2013,,,,
56965,"Auburn Energy, LLC",57636,Auburn LFG Energy Facility,NY,Cayuga,2,OP,IC,IPP Non-CHP,2,1.1,1.1,1.1,LFG,NG,Y,NG,LFG,,,,,N,, , , , ,,,,,,,2013,,,,
56965,"Auburn Energy, LLC",57636,Auburn LFG Energy Facility,NY,Cayuga,3,OP,IC,IPP Non-CHP,2,1.1,1.1,1.1,LFG,NG,Y,NG,LFG,,,,,N,, , , , ,,,,,,,2013,,,,
56991,Astoria Energy II LLC,57664,Astoria Energy II,NY,Queens,CT3,OP,CT,IPP Non-CHP,2,200.0,156,188,NG,DFO,N,,,,,,,Y,Y,156, ,156, ,1H,1H,Y,Y,Y,,2013,,,,
56991,Astoria Energy II LLC,57664,Astoria Energy II,NY,Queens,CT4,OP,CT,IPP Non-CHP,2,200.0,156,188,NG,DFO,N,,,,,,,Y,Y,156, ,156, ,1H,1H,Y,Y,Y,,2013,,,,
56991,Astoria Energy II LLC,57664,Astoria Energy II,NY,Queens,ST2,OP,CA,IPP Non-CHP,2,250.0,228,236,NG,DFO,N,,,,,,,Y,Y,249, ,220, ,1H,1H,Y,Y,Y,,2013,,,,
58107,University of Rochester,58157,University of Rochester,NY,Monroe,HP,OP,ST,Commercial CHP,5,18.2,17,17,NG,DFO,N,,,,,,,Y,N,16,17,17,17,1H,1H,Y,Y,Y,,2013,,,,
58107,University of Rochester,58157,University of Rochester,NY,Monroe,LP,OP,ST,Commercial CHP,5,7.2,7.2,7.2,NG,DFO,N,,,,,,,Y,N,7,7,7,7,1H,1H,Y,Y,Y,,2013,,,,
58337,Lakeside Syracuse LLC,10621,CH Resources Syracuse,NY,Onondaga,GEN1,SB,CT,IPP Non-CHP,2,65.5,59,64.7,NG,DFO,N,,,,,,,Y,Y,59, ,50, ,UNK,,N,,,,2013,,,,
58337,Lakeside Syracuse LLC,10621,CH Resources Syracuse,NY,Onondaga,GEN2,SB,CA,IPP Non-CHP,2,37.2,33.5,36.7,NG,DFO,N,,,,,,,Y,Y,33.5, ,25, ,UNK,,N,,,,2013,,,,
58338,Lakeside Beaver Falls LLC,10617,CH Resources Beaver Falls,NY,Lewis,GEN1,OP,CT,IPP CHP,3,65.5,52.5,57.7,NG,DFO,N,NG,DFO,,,,,Y,Y,52, ,45, ,UNK,UNK,N,,,,2013,,,,
58338,Lakeside Beaver Falls LLC,10617,CH Resources Beaver Falls,NY,Lewis,GEN2,OP,CA,IPP CHP,3,42.3,34,37.2,NG,DFO,N,NG,DFO,,,,,Y,Y,34, ,25, ,UNK,UNK,N,,,,2013,,,,
58487,Montefiore Medical Center Moses Division,58507,Montefieor Medical Center Moses Division,NY,Bronx,ES006,OP,GT,Commercial CHP,5,3.5,3.5,3.5,NG,DFO,,,,,,,,Y,Y,3.5,3.5,3.5,3.5,6H,6H,N,,,,2013,,,,
58487,Montefiore Medical Center Moses Division,58507,Montefieor Medical Center Moses Division,NY,Bronx,S0001,OP,IC,Commercial CHP,5,1.6,1.2,1.2,NG,DFO,,,,,,,,Y,Y,1.2,1.2,1.2,1.2,6H,6H,N,,,,2013,,,,
58487,Montefiore Medical Center Moses Division,58507,Montefieor Medical Center Moses Division,NY,Bronx,S0002,OP,IC,Commercial CHP,5,1.6,1.2,1.2,NG,,,,,,,,,Y,Y,1.2,1.2,1.2,1.2,6H,6H,N,,,,2013,,,,
58487,Montefiore Medical Center Moses Division,58507,Montefieor Medical Center Moses Division,NY,Bronx,S0003,OP,IC,Commercial CHP,5,1.6,1.2,1.2,NG,DFO,,,,,,,,Y,Y,1.2,1.2,1.2,1.2,6H,6H,N,,,,2013,,,,
58971,Danskammer Energy,2480,Danskammer Generating Station,NY,Orange,1,OA,ST,IPP Non-CHP,2,72.0,52.5,66.5,RFO,NG,Y,RFO,NG,,,,,Y,Y,63.7, ,63.5, ,1H,1H,Y,Y,,,2013,,,,
58971,Danskammer Energy,2480,Danskammer Generating Station,NY,Orange,2,OA,ST,IPP Non-CHP,2,73.5,51,64,RFO,NG,Y,RFO,NG,,,,,Y,Y,64, ,61.7, ,1H,1H,Y,Y,,,2013,,,,
58971,Danskammer Energy,2480,Danskammer Generating Station,NY,Orange,3,OA,ST,IPP Non-CHP,2,147.1,137.5,136.2,BIT,NG,Y,BIT,NG,,,,,N,, , , , ,,,,,,,2013,,,,
58971,Danskammer Energy,2480,Danskammer Generating Station,NY,Orange,4,OA,ST,IPP Non-CHP,2,239.4,232,234.5,BIT,NG,Y,BIT,NG,,,,,N,, , , , ,,,,,,,2013,,,,
25,Greenidge Generation Holdings LLC,2527,Greenidge Generation LLC,NY,Yates,4,OP,ST,IPP Non-CHP,2,112.5,107.5,106.3,BIT,WDS,Y,BIT,NG,WDS,SUB,DFO,,N,, , , , ,,,,,,,2014,Conventional Steam Coal,,,
470,Covanta Energy of Niagara LP,50472,Covanta Niagara LP,NY,Niagara,GEN1,OP,ST,IPP CHP,3,25.0,18,18,MSW,WDS,Y,NG,MSW,WDS,,,,N,, , , , ,,,,,,,2014,Municipal Solid Waste,,,
470,Covanta Energy of Niagara LP,50472,Covanta Niagara LP,NY,Niagara,GEN2,OP,ST,IPP CHP,3,25.0,18,18,MSW,WDS,Y,NG,MSW,WDS,,,,N,, , , , ,,,,,,,2014,Municipal Solid Waste,,,
1746,Black River Generation LLC,10464,Black River Generation,NY,Jefferson,GEN1,OP,ST,Electric Utility,1,55.5,55,56,WDS,TDF,Y,WDS,DFO,TDF,,,,N,N, , , , ,,,,,,,2014,Wood/Wood Waste Biomass,,,
2313,Brooklyn Navy Yard Cogen PLP,54914,Brooklyn Navy Yard Cogeneration,NY,Kings,01,OP,CT,IPP CHP,3,121.0,90,110,NG,DFO,N,,,,,,,Y,Y,85,110,95,110,1H,1H,Y,,Y,,2014,Natural Gas Fired Combined Cycle,,,
2313,Brooklyn Navy Yard Cogen PLP,54914,Brooklyn Navy Yard Cogeneration,NY,Kings,02,OP,CT,IPP CHP,3,121.0,90,110,NG,DFO,N,,,,,,,Y,Y,85,110,95,95,1H,1H,Y,,Y,,2014,Natural Gas Fired Combined Cycle,,,
3085,Carthage Energy LLC,10620,Carthage Energy LLC,NY,Jefferson,GEN1,OP,CT,IPP Non-CHP,2,40.9,38.2,44.7,NG,DFO,Y,NG,DFO,,,,,Y,Y,40.03,45,40.03,45,1H,1H,Y,Y,Y,,2014,Natural Gas Fired Combined Cycle,,,
3249,Central Hudson Gas & Elec Corp,2487,West Coxsackie,NY,Greene,GT1,OP,GT,Electric Utility,1,21.6,21.3,21.3,KER,NG,N,,,,,,,Y,Y,19.6,19.6,19.6,19.6,1H,1H,Y,,Y,,2014,Petroleum Liquids,,,
4226,Consolidated Edison Co-NY Inc,2493,East River,NY,New York,1,OP,GT,Electric Utility,1,180.0,144.6,192.1,NG,DFO,N,,,,,,,Y,N,143.8,192.1,143.8,182.8,UNK,UNK,Y,,Y,,2014,Natural Gas Fired Combustion Turbine,,,
4226,Consolidated Edison Co-NY Inc,2493,East River,NY,New York,2,OP,GT,Electric Utility,1,180.0,144.8,182.8,NG,DFO,N,,,,,,,Y,N,148.3,182.8,148.3,182.8,UNK,UNK,Y,,Y,,2014,Natural Gas Fired Combustion Turbine,,,
4226,Consolidated Edison Co-NY Inc,2493,East River,NY,New York,6,OP,ST,Electric Utility,1,156.2,138.3,140.4,RFO,NG,N,,,,,,,Y,Y,132.2,140,130,140,6H,6H,Y,,,Y,2014,Petroleum Liquids,,,
4226,Consolidated Edison Co-NY Inc,2493,East River,NY,New York,7,OP,ST,Electric Utility,1,200.0,183.6,185,RFO,NG,N,,,,,,,Y,Y,176.7,185,170,185,6H,6H,Y,,,Y,2014,Petroleum Liquids,,,
4226,Consolidated Edison Co-NY Inc,2503,59th Street,NY,New York,GT1,OP,GT,Electric Utility,1,17.1,15.1,15,NG,,N,,,,,,,Y,, , , , ,UNK,UNK,,,,,2014,Natural Gas Fired Combustion Turbine,,,
5511,CCI Roseton LLC,8006,Roseton Generating Facility,NY,Orange,1,OP,ST,IPP Non-CHP,2,621.0,610.5,618.7,NG,RFO,Y,RFO,NG,,,,,Y,Y,619,618,619,618,1H,1H,Y,,,Y,2014,Natural Gas Steam Turbine,,,
5511,CCI Roseton LLC,8006,Roseton Generating Facility,NY,Orange,2,OP,ST,IPP Non-CHP,2,621.0,597.5,587.2,NG,RFO,Y,RFO,NG,,,,,Y,Y,587.5,595,587.5,595,1H,1H,Y,,,Y,2014,Natural Gas Steam Turbine,,,
5624,"RED-Rochester, LLC",10025,"RED-Rochester, LLC",NY,Monroe,41TG,OP,ST,Industrial CHP,7,25.6,25.6,25.6,BIT,NG,Y,RFO,NG,,,,,N,, , , , ,,,,,,,2014,Conventional Steam Coal,,,
5624,"RED-Rochester, LLC",10025,"RED-Rochester, LLC",NY,Monroe,42TG,OP,ST,Industrial CHP,7,25.6,25.6,25.6,BIT,NG,Y,RFO,NG,,,,,N,, , , , ,,,,,,,2014,Conventional Steam Coal,,,
5624,"RED-Rochester, LLC",10025,"RED-Rochester, LLC",NY,Monroe,43TG,OP,ST,Industrial CHP,7,25.6,25.6,25.6,BIT,NG,Y,RFO,NG,,,,,N,, , , , ,,,,,,,2014,Conventional Steam Coal,,,
5624,"RED-Rochester, LLC",10025,"RED-Rochester, LLC",NY,Monroe,44TG,OP,ST,Industrial CHP,7,25.6,25.6,25.6,BIT,DFO,Y,DFO,BIT,,,,,N,, , , , ,,,,,,,2014,Conventional Steam Coal,,,
6775,Village of Freeport - (NY),2679,Plant No 2 Freeport,NY,Nassau,CT5,OP,GT,Electric Utility,1,60.5,49,49,NG,KER,N,,,,,,,Y,Y,49.5,49.5,49.5,49.5,6H,1H,N,,,,2014,Natural Gas Fired Combustion Turbine,,,
6838,CCI Rensselaer LLC,54034,Rensselaer Cogen,NY,RENSSELAER,GEN1,OP,CT,IPP Non-CHP,2,49.2,47,55.8,NG,DFO,N,,,,,,,Y,Y,47,58,45,54,6H,6H,Y,Y,Y,,2014,Natural Gas Fired Combined Cycle,,,
6838,CCI Rensselaer LLC,54034,Rensselaer Cogen,NY,RENSSELAER,GEN2,OP,CA,IPP Non-CHP,2,39.0,33.4,30,NG,DFO,N,,,,,,,Y,Y,32.4,33,18,20,6H,6H,Y,Y,Y,,2014,Natural Gas Fired Combined Cycle,,,
8688,Hofstra University,51035,Hofstra University,NY,Nassau,GEN1,OP,IC,Commercial CHP,5,1.1,1.1,1.1,NG,DFO,Y,NG,DFO,,,,,N,N, , , , ,,,,,,,2014,Natural Gas Internal Combustion Engine,,,
8688,Hofstra University,51035,Hofstra University,NY,Nassau,GEN2,OP,IC,Commercial CHP,5,1.1,1.1,1.1,NG,DFO,Y,NG,DFO,,,,,N,N, , , , ,,,,,,,2014,Natural Gas Internal Combustion Engine,,,
9243,Indeck-Yerkes Ltd Partnership,50451,Indeck Yerkes Energy Center,NY,Erie,GEN1,OP,CT,IPP CHP,3,40.6,47.9,58.2,NG,DFO,Y,NG,DFO,,,,,Y,Y,28.6,38.9,28.6,38.9,1H,1H,Y,Y,Y,,2014,Natural Gas Fired Combined Cycle,,,
9243,Indeck-Yerkes Ltd Partnership,50451,Indeck Yerkes Energy Center,NY,Erie,GEN2,OP,CA,IPP CHP,3,19.3, , ,NG,,N,,,,,,,Y,,19.3,19.3,19.3,19.3,1H,1H,Y,Y,Y,,2014,Natural Gas Fired Combined Cycle,,,
9244,Indeck-Oswego Ltd Partnership,50450,Indeck Oswego Energy Center,NY,Oswego,GEN1,OP,CT,IPP CHP,3,41.2,48.8,61.3,NG,DFO,Y,NG,DFO,,,,,Y,Y,48.8,61.3,48.8,61.3,1H,1H,Y,Y,Y,,2014,Natural Gas Fired Combined Cycle,,,
9245,Indeck-Energy Serv Silver Spg,50449,Indeck Silver Springs Energy Center,NY,Wyoming,GEN1,OP,CT,IPP CHP,3,39.4,50.3,61.3,NG,DFO,Y,NG,DFO,,,,,Y,Y,33.1,44.1,33.1,44.1,1H,1H,Y,Y,Y,,2014,Natural Gas Fired Combined Cycle,,,
9245,Indeck-Energy Serv Silver Spg,50449,Indeck Silver Springs Energy Center,NY,Wyoming,GEN2,OP,CA,IPP CHP,3,17.2, , ,NG,DFO,N,,,,,,,Y,Y,17.2,17.2,17.2,17.2,1H,1H,Y,Y,Y,,2014,Natural Gas Fired Combined Cycle,,,
9261,Indeck-Olean Ltd Partnership,54076,Indeck Olean Energy Center,NY,Cattaraugus,GEN1,OP,CT,IPP CHP,3,46.0,31.4,39.2,NG,DFO,Y,NG,DFO,,,,,Y,Y,31.1,39.8,31.1,39.8,1H,1H,Y,Y,Y,,2014,Natural Gas Fired Combined Cycle,,,
9261,Indeck-Olean Ltd Partnership,54076,Indeck Olean Energy Center,NY,Cattaraugus,GEN2,OP,CA,IPP CHP,3,44.6,44.6,44.6,NG,,N,,,,,,,Y,Y,46.6,46.6,46.6,46.6,24H,24H,Y,Y,Y,,2014,Natural Gas Fired Combined Cycle,,,
9263,Indeck-Corinth Ltd Partnership,50458,Indeck Corinth Energy Center,NY,Saratoga,GEN1,OP,CT,IPP CHP,3,92.0,76.8,89.3,NG,DFO,N,,,,,,,Y,Y,76.8,89.3,76.8,89.3,1H,1H,Y,Y,Y,,2014,Natural Gas Fired Combined Cycle,,,
9350,IPC-Ticonderoga,54099,Ticonderoga Mill,NY,Essex,GEN1,OP,ST,Industrial CHP,7,42.1,41,39,RFO,BLQ,Y,RFO,BLQ,WDS,OG,,,N,, , , , ,,,,,,,2014,Petroleum Liquids,,,
10023,TC Ravenswood LLC,2500,Ravenswood,NY,Queens,1,OP,ST,IPP Non-CHP,2,400.0,366.2,363.2,NG,RFO,Y,NG,RFO,,,,,Y,Y,366.2,363.2,366.2,363.2,6H,6H,Y,,Y,,2014,Natural Gas Steam Turbine,,,
10023,TC Ravenswood LLC,2500,Ravenswood,NY,Queens,2,OP,ST,IPP Non-CHP,2,400.0,363.5,374.7,NG,RFO,Y,NG,RFO,,,,,Y,Y,363.5,374.7,363.5,374.7,6H,6H,Y,,Y,,2014,Natural Gas Steam Turbine,,,
10023,TC Ravenswood LLC,2500,Ravenswood,NY,Queens,3,OP,ST,IPP Non-CHP,2,1027.0,969.2,960.1,NG,RFO,Y,NG,RFO,,,,,Y,Y,969.2,960.1,969.2,960.1,6H,6H,Y,,Y,,2014,Natural Gas Steam Turbine,,,
10023,TC Ravenswood LLC,2500,Ravenswood,NY,Queens,4,OP,CT,IPP Non-CHP,2,170.0,153.7,191.2,NG,KER,N,,,,,,,Y,Y,153.7,191.2,153.7,191.2,6H,6H,Y,Y,Y,,2014,Natural Gas Fired Combined Cycle,,,
10023,TC Ravenswood LLC,2500,Ravenswood,NY,Queens,4S,OP,CA,IPP Non-CHP,2,80.0,74.7,82.4,NG,KER,N,,,,,,,Y,Y,74.7,82.4,74.7,82.4,6H,6H,Y,Y,Y,,2014,Natural Gas Fired Combined Cycle,,,
10023,TC Ravenswood LLC,2500,Ravenswood,NY,Queens,GT10,SB,GT,IPP Non-CHP,2,25.0,18,23,NG,KER,N,,,,,,,Y,Y,18,23,18,23,1H,1H,Y,Y,Y,,2014,Natural Gas Fired Combustion Turbine,,,
10023,TC Ravenswood LLC,2500,Ravenswood,NY,Queens,GT11,SB,GT,IPP Non-CHP,2,25.0,17.2,25,NG,KER,N,,,,,,,Y,Y,17.2,25,17.2,25,1H,1H,Y,Y,Y,,2014,Natural Gas Fired Combustion Turbine,,,
10023,TC Ravenswood LLC,2500,Ravenswood,NY,Queens,GT4,SB,GT,IPP Non-CHP,2,21.1,12.9,15.6,NG,KER,N,,,,,,,Y,Y,12.9,15.6,12.9,15.6,1H,1H,Y,Y,Y,,2014,Natural Gas Fired Combustion Turbine,,,
10023,TC Ravenswood LLC,2500,Ravenswood,NY,Queens,GT5,SB,GT,IPP Non-CHP,2,21.1,13.6,17.2,NG,KER,N,,,,,,,Y,Y,13.6,17.2,13.6,17.2,1H,1H,Y,Y,Y,,2014,Natural Gas Fired Combustion Turbine,,,
10023,TC Ravenswood LLC,2500,Ravenswood,NY,Queens,GT6,SB,GT,IPP Non-CHP,2,22.0,13.4,16.5,NG,KER,N,,,,,,,Y,Y,13.4,16.5,13.4,16.5,1H,1H,Y,Y,Y,,2014,Natural Gas Fired Combustion Turbine,,,
10023,TC Ravenswood LLC,2500,Ravenswood,NY,Queens,GT7,OS,GT,IPP Non-CHP,2,22.0, , ,NG,KER,N,,,,,,,Y,Y, , , , ,,,N,,,,2014,Natural Gas Fired Combustion Turbine,,,
10023,TC Ravenswood LLC,2500,Ravenswood,NY,Queens,GT9,SB,GT,IPP Non-CHP,2,25.0,16.9,22.2,NG,KER,N,,,,,,,Y,Y,16.9,22.2,16.9,22.2,1H,1H,Y,Y,Y,,2014,Natural Gas Fired Combustion Turbine,,,
10349,KIAC Partners,54114,Kennedy International Airport Cogen,NY,Queens,GEN1,OP,CT,IPP CHP,3,47.1,50,49.9,NG,DFO,N,,,,,,,Y,Y,50.08,49.96,50.08,49.96,1H,1H,N,,,,2014,Natural Gas Fired Combined Cycle,,,
10349,KIAC Partners,54114,Kennedy International Airport Cogen,NY,Queens,GEN2,OP,CT,IPP CHP,3,47.1,49.7,50.8,NG,DFO,N,,,,,,,Y,Y,49.76,50.87,49.76,50.87,1H,1H,N,,,,2014,Natural Gas Fired Combined Cycle,,,
10349,KIAC Partners,54114,Kennedy International Airport Cogen,NY,Queens,GEN3,OP,CA,IPP CHP,3,27.0,26.5,26.4,NG,DFO,N,,,,,,,Y,Y,26.56,26.49,26.56,26.49,1H,1H,N,,,,2014,Natural Gas Fired Combined Cycle,,,
10849,Wyeth-Averst Lederle,10521,Lederle Laboratories,NY,Rockland,3A,OP,CA,Industrial CHP,7,1.5,1.5,1.5,NG,DFO,N,,,,,,,Y,Y,1.5,1.5,1.5,1.5,1H,1H,Y,,Y,,2014,Natural Gas Fired Combined Cycle,,,
10849,Wyeth-Averst Lederle,10521,Lederle Laboratories,NY,Rockland,GEN1,OP,CT,Industrial CHP,7,8.3,8.3,8.3,NG,DFO,N,,,,,,,Y,Y,8.3,8.3,8.3,8.3,1H,1H,Y,,Y,,2014,Natural Gas Fired Combined Cycle,,,
10849,Wyeth-Averst Lederle,10521,Lederle Laboratories,NY,Rockland,GEN2,OP,CT,Industrial CHP,7,8.3,8.3,8.3,NG,DFO,N,,,,,,,Y,Y,8.3,8.3,8.3,8.3,1H,1H,Y,,Y,,2014,Natural Gas Fired Combined Cycle,,,
10849,Wyeth-Averst Lederle,10521,Lederle Laboratories,NY,Rockland,GEN3,OP,CA,Industrial CHP,7,2.2,2.2,2.2,NG,DFO,N,,,,,,,Y,Y,3.1,3.1,3.1,3.1,1H,1H,Y,,Y,,2014,Natural Gas Fired Combined Cycle,,,
10849,Wyeth-Averst Lederle,10521,Lederle Laboratories,NY,Rockland,TG4,OS,CA,Industrial CHP,7,3.1,2,2,NG,DFO,N,,,,,,,Y,Y,2.2,2.2,2.2,2.2,1H,1H,Y,,Y,,2014,Natural Gas Fired Combined Cycle,,,
11127,Lockport Energy Associates LP,54041,Lockport Energy Associates LP,NY,Niagara,GEN1,OP,CT,IPP CHP,3,48.7,42.6,48,NG,DFO,Y,NG,DFO,,,,,Y,Y,42.6,48,43,49,1H,1H,Y,Y,Y,,2014,Natural Gas Fired Combined Cycle,,,
11127,Lockport Energy Associates LP,54041,Lockport Energy Associates LP,NY,Niagara,GEN2,OP,CT,IPP CHP,3,48.7,42.6,48,NG,DFO,Y,NG,DFO,,,,,Y,Y,42.6,48,43,49,1H,1H,Y,Y,Y,,2014,Natural Gas Fired Combined Cycle,,,
11127,Lockport Energy Associates LP,54041,Lockport Energy Associates LP,NY,Niagara,GEN3,OP,CT,IPP CHP,3,48.7,42.6,48,NG,DFO,Y,NG,DFO,,,,,Y,Y,42.6,48,43,49,1H,1H,Y,Y,Y,,2014,Natural Gas Fired Combined Cycle,,,
12792,NRG New York LLC,2625,Bowline Point,NY,Rockland,1,OP,ST,IPP Non-CHP,2,621.0,575,578,NG,RFO,Y,NG,RFO,,,,,Y,Y,572,572,572,572,6H,6H,Y,Y,,,2014,Natural Gas Steam Turbine,,,
12792,NRG New York LLC,2625,Bowline Point,NY,Rockland,2,OP,ST,IPP Non-CHP,2,621.0,562,567,NG,RFO,Y,NG,RFO,,,,,Y,Y,562,567,562,567,6H,6H,Y,Y,,,2014,Natural Gas Steam Turbine,,,
13491,New York University,54808,New York University Central Plant,NY,New York,GT1,OP,CT,Commercial CHP,5,5.5,5.5,5.5,NG,DFO,Y,NG,DFO,,,,,Y,Y,5.5,5.5,5.5,5.5,1H,1H,Y,Y,,,2014,Natural Gas Fired Combined Cycle,,,
13491,New York University,54808,New York University Central Plant,NY,New York,GT2,OP,CT,Commercial CHP,5,5.5,5.5,5.5,NG,DFO,Y,NG,DFO,,,,,Y,Y,5.5,5.5,5.5,5.5,1H,1H,Y,Y,,,2014,Natural Gas Fired Combined Cycle,,,
13582,NRG Astoria Gas Turbine Operations Inc,55243,Astoria Gas Turbines,NY,Queens,2-1,OP,GT,IPP Non-CHP,2,41.9,35.7,43.9,NG,KER,N,,,,,,,Y,Y,35,43.9,35,43.9,1H,1H,Y,,Y,Y,2014,Natural Gas Fired Combustion Turbine,,,
13582,NRG Astoria Gas Turbine Operations Inc,55243,Astoria Gas Turbines,NY,Queens,2-2,OP,GT,IPP Non-CHP,2,41.9,32.2,42.7,NG,KER,N,,,,,,,Y,Y,35,43.1,35,43.1,1H,1H,Y,,Y,Y,2014,Natural Gas Fired Combustion Turbine,,,
13582,NRG Astoria Gas Turbine Operations Inc,55243,Astoria Gas Turbines,NY,Queens,2-3,OP,GT,IPP Non-CHP,2,41.9,31.8,42.2,NG,KER,N,,,,,,,Y,Y,35,42.8,35,42.8,1H,1H,Y,,Y,Y,2014,Natural Gas Fired Combustion Turbine,,,
13582,NRG Astoria Gas Turbine Operations Inc,55243,Astoria Gas Turbines,NY,Queens,2-4,OP,GT,IPP Non-CHP,2,41.9,32.6,43.4,NG,KER,N,,,,,,,Y,Y,35,41.1,35,41.1,1H,1H,Y,,Y,Y,2014,Natural Gas Fired Combustion Turbine,,,
13582,NRG Astoria Gas Turbine Operations Inc,55243,Astoria Gas Turbines,NY,Queens,3-1,OP,GT,IPP Non-CHP,2,41.9,31.7,41.8,NG,KER,N,,,,,,,Y,Y,35,43,35,43,1H,1H,Y,,Y,Y,2014,Natural Gas Fired Combustion Turbine,,,
13582,NRG Astoria Gas Turbine Operations Inc,55243,Astoria Gas Turbines,NY,Queens,3-2,OP,GT,IPP Non-CHP,2,41.9,33.7,42.5,NG,KER,N,,,,,,,Y,Y,35,43,35,43,1H,1H,Y,,Y,Y,2014,Natural Gas Fired Combustion Turbine,,,
13582,NRG Astoria Gas Turbine Operations Inc,55243,Astoria Gas Turbines,NY,Queens,3-3,OP,GT,IPP Non-CHP,2,41.9,32.2,42.3,NG,KER,N,,,,,,,Y,Y,35,42.8,35,42.8,1H,1H,Y,,Y,Y,2014,Natural Gas Fired Combustion Turbine,,,
13582,NRG Astoria Gas Turbine Operations Inc,55243,Astoria Gas Turbines,NY,Queens,3-4,OP,GT,IPP Non-CHP,2,41.9,34.3,42.5,NG,KER,N,,,,,,,Y,Y,35,42.9,35,42.9,1H,1H,Y,,Y,Y,2014,Natural Gas Fired Combustion Turbine,,,
13582,NRG Astoria Gas Turbine Operations Inc,55243,Astoria Gas Turbines,NY,Queens,4-1,OP,GT,IPP Non-CHP,2,41.9,34.3,42.7,NG,KER,N,,,,,,,Y,Y,35,43.6,35,43.6,1H,1H,Y,,Y,Y,2014,Natural Gas Fired Combustion Turbine,,,
13582,NRG Astoria Gas Turbine Operations Inc,55243,Astoria Gas Turbines,NY,Queens,4-2,OP,GT,IPP Non-CHP,2,41.9,33.6,43.6,NG,KER,N,,,,,,,Y,Y,35,43.5,35,43.5,1H,1H,Y,,Y,Y,2014,Natural Gas Fired Combustion Turbine,,,
13582,NRG Astoria Gas Turbine Operations Inc,55243,Astoria Gas Turbines,NY,Queens,4-3,OP,GT,IPP Non-CHP,2,41.9,32.8,42.8,NG,KER,N,,,,,,,Y,Y,35,43.2,35,43.2,1H,1H,Y,,Y,Y,2014,Natural Gas Fired Combustion Turbine,,,
13582,NRG Astoria Gas Turbine Operations Inc,55243,Astoria Gas Turbines,NY,Queens,4-4,OP,GT,IPP Non-CHP,2,41.9,31.6,42.5,NG,KER,N,,,,,,,Y,Y,35,43.1,35,43.1,1H,1H,Y,,Y,Y,2014,Natural Gas Fired Combustion Turbine,,,
13587,Nissequoque Cogen Partners,54149,Stony Brook Cogen Plant,NY,Suffolk,GEN1,OP,GT,IPP CHP,3,47.0,44.5,47.1,NG,DFO,N,,,,,,,Y,Y,42,44,42,44,1H,1H,Y,Y,Y,,2014,Natural Gas Fired Combustion Turbine,,,
13923,NRG Oswego Harbor Power Operations Inc,2594,Oswego Harbor Power,NY,Oswego,ST6,OP,ST,IPP Non-CHP,2,901.8,826.5,832,RFO,NG,Y,RFO,NG,,,,,Y,Y,180,180,850,850,6H,UNK,Y,Y,,,2014,Petroleum Liquids,,,
14294,PSEG Power New York Inc,2539,Bethlehem Energy Center,NY,Albany,5,OP,CT,IPP Non-CHP,2,194.3,170.5,190.1,NG,KER,N,,,,,,,Y,Y,170.5,191.1,170.5,191.1,UNK,UNK,Y,Y,,,2014,Natural Gas Fired Combined Cycle,,,
14294,PSEG Power New York Inc,2539,Bethlehem Energy Center,NY,Albany,6,OP,CT,IPP Non-CHP,2,194.3,170.5,190.1,NG,KER,N,,,,,,,Y,Y,170.5,191.1,170.5,191.1,UNK,UNK,Y,Y,,,2014,Natural Gas Fired Combined Cycle,,,
14294,PSEG Power New York Inc,2539,Bethlehem Energy Center,NY,Albany,7,OP,CT,IPP Non-CHP,2,194.3,170.5,190.1,NG,KER,N,,,,,,,Y,Y,170.5,191.1,170.5,191.1,UNK,UNK,Y,Y,,,2014,Natural Gas Fired Combined Cycle,,,
14294,PSEG Power New York Inc,2539,Bethlehem Energy Center,NY,Albany,8,OP,CA,IPP Non-CHP,2,310.2,263,300,NG,KER,N,,,,,,,Y,Y,263,300,263,300,UNK,UNK,Y,Y,,,2014,Natural Gas Fired Combined Cycle,,,
15253,Power City Partners LP,54592,Massena Energy Facility,NY,St Lawrence,GEN1,OP,CT,IPP Non-CHP,2,66.5,46,56,NG,DFO,N,,,,,,,Y,Y,46,59,46,59,1H,1H,Y,,Y,,2014,Natural Gas Fired Combined Cycle,,,
15296,New York Power Authority,7314,Richard M Flynn,NY,Suffolk,NA1,OP,CT,Electric Utility,1,108.0,89.6,107.9,NG,DFO,Y,NG,DFO,,,,,Y,N,87.6,108,87.6,108,1H,1H,Y,,,Y,2014,Natural Gas Fired Combined Cycle,,,
15296,New York Power Authority,7314,Richard M Flynn,NY,Suffolk,NA2,OP,CA,Electric Utility,1,56.0,44.8,54,NG,DFO,N,,,,,,,Y,N,48.6,54,48.6,54,1H,1H,Y,,,Y,2014,Natural Gas Fired Combined Cycle,,,
15296,New York Power Authority,56196,500MW CC,NY,Queens,CA01,OP,CA,Electric Utility,1,188.0,161.7,176.7,NG,,,,,,,,,Y,, , , , ,1H,,,,,,2014,Natural Gas Fired Combined Cycle,,,
15296,New York Power Authority,56196,500MW CC,NY,Queens,CT01,OP,CT,Electric Utility,1,170.0,146.2,159.8,NG,KER,,,,,,,,Y,, , , , ,1H,,,,,,2014,Natural Gas Fired Combined Cycle,,,
15296,New York Power Authority,56196,500MW CC,NY,Queens,CT02,OP,CT,Electric Utility,1,170.0,146.2,159.8,NG,KER,,,,,,,,Y,, , , , ,1H,,,,,,2014,Natural Gas Fired Combined Cycle,,,
16217,Village of Rockville Centre - (NY),2695,Charles P Keller,NY,Nassau,10,OP,IC,Electric Utility,1,3.5,3.2,3.2,NG,DFO,N,,,,,,,Y,Y,2.9,2.9,3.2,3.2,1H,1H,Y,Y,Y,,2014,Natural Gas Internal Combustion Engine,,,
16217,Village of Rockville Centre - (NY),2695,Charles P Keller,NY,Nassau,11,OP,IC,Electric Utility,1,5.2,5.2,5.2,NG,DFO,N,,,,,,,Y,Y,4.95,4.95,5.2,5.2,1H,1H,Y,Y,Y,,2014,Natural Gas Internal Combustion Engine,,,
16217,Village of Rockville Centre - (NY),2695,Charles P Keller,NY,Nassau,12,OP,IC,Electric Utility,1,5.5,5.5,5.5,NG,DFO,N,,,,,,,Y,Y,5.2,5.2,5.5,5.5,1H,1H,Y,Y,Y,,2014,Natural Gas Internal Combustion Engine,,,
16217,Village of Rockville Centre - (NY),2695,Charles P Keller,NY,Nassau,13,OP,IC,Electric Utility,1,5.5,5.5,5.5,NG,DFO,N,,,,,,,Y,Y,5.2,5.2,5.5,5.5,1H,1H,Y,Y,Y,,2014,Natural Gas Internal Combustion Engine,,,
16217,Village of Rockville Centre - (NY),2695,Charles P Keller,NY,Nassau,14,OP,IC,Electric Utility,1,6.2,6.2,6.2,NG,DFO,N,,,,,,,Y,Y,6.2,6.2,6.2,6.2,1H,1H,Y,Y,Y,,2014,Natural Gas Internal Combustion Engine,,,
16217,Village of Rockville Centre - (NY),2695,Charles P Keller,NY,Nassau,9,OP,IC,Electric Utility,1,3.5,3.2,3.2,NG,DFO,N,,,,,,,Y,Y,2.9,2.9,3.2,3.2,1H,1H,Y,Y,Y,,2014,Natural Gas Internal Combustion Engine,,,
16909,Selkirk Cogen Partners LP,10725,Selkirk Cogen,NY,Albany,GEN1,OP,CT,IPP CHP,3,95.2,76.2,104.8,NG,DFO,Y,NG,DFO,,,,,Y,N,80.9,95,80.9,95,OVER,OVER,Y,Y,Y,,2014,Natural Gas Fired Combined Cycle,,,
16909,Selkirk Cogen Partners LP,10725,Selkirk Cogen,NY,Albany,GEN3,OP,CT,IPP CHP,3,95.2,270.4,334.8,NG,DFO,Y,NG,DFO,,,,,Y,N,80.9,95,80.9,95,OVER,OVER,Y,Y,Y,,2014,Natural Gas Fired Combined Cycle,,,
16909,Selkirk Cogen Partners LP,10725,Selkirk Cogen,NY,Albany,GEN4,OP,CT,IPP CHP,3,95.2, , ,NG,DFO,Y,NG,DFO,,,,,Y,N,80.9,95,80.9,95,OVER,OVER,Y,Y,Y,,2014,Natural Gas Fired Combined Cycle,,,
18020,Starrett City Inc,50743,Starrett City Cogen Facility,NY,Kings,GEN1,OP,ST,Commercial CHP,5,6.0,5.5,6,NG,RFO,N,,,,,,,Y,N,5.5,5.5,5.8,5.8,1H,1H,N,,,,2014,Natural Gas Steam Turbine,,,
18020,Starrett City Inc,50743,Starrett City Cogen Facility,NY,Kings,GEN2,OP,ST,Commercial CHP,5,6.0,5.5,6,NG,RFO,N,,,,,,,Y,N,5.5,5.5,5.8,5.8,1H,1H,N,,,,2014,Natural Gas Steam Turbine,,,
18020,Starrett City Inc,50743,Starrett City Cogen Facility,NY,Kings,GEN3,SB,IC,Commercial CHP,5,2.0,2,2,DFO,NG,Y,DFO,NG,,,,,Y,Y,1.8,1.8,2,1.8,1H,1H,Y,,Y,,2014,Petroleum Liquids,,,
18020,Starrett City Inc,50743,Starrett City Cogen Facility,NY,Kings,GEN4,SB,IC,Commercial CHP,5,2.0,2,2,DFO,NG,Y,DFO,NG,,,,,Y,Y,1.8, ,2, ,1H,1H,Y,,Y,,2014,Petroleum Liquids,,,
18020,Starrett City Inc,50743,Starrett City Cogen Facility,NY,Kings,GEN5,SB,IC,Commercial CHP,5,2.0,2,2,DFO,NG,Y,DFO,NG,,,,,Y,Y,1.8, ,2, ,1H,1H,Y,,Y,,2014,Petroleum Liquids,,,
19153,Nassau Energy Corp,52056,Nassau Energy Corp,NY,NASSAU,GT1,OP,CT,IPP CHP,3,43.0,43,45,NG,DFO,Y,NG,DFO,,,,,Y,Y,43,45,43,43,1H,1H,Y,Y,Y,,2014,Natural Gas Fired Combined Cycle,,,
20323,Wellhead Services Inc,55600,Binghamton Cogen,NY,Broome,1,OP,GT,IPP CHP,3,47.7,42,47,NG,DFO,,,,,,,,Y,Y,42,47,42,47,1H,1H,Y,Y,Y,,2014,Natural Gas Fired Combustion Turbine,,,
21508,Cornell University,50368,Cornell University Central Heat,NY,Tompkins,CT1,OP,CT,Commercial CHP,5,15.0,12.3,14.5,NG,DFO,N,NG,DFO,,,,,Y,Y,12.3,14.5,12.3,14.5,1H,1H,Y,,Y,,2014,Natural Gas Fired Combined Cycle,,,
21508,Cornell University,50368,Cornell University Central Heat,NY,Tompkins,CT2,OP,CT,Commercial CHP,5,15.0,12.3,14.5,NG,DFO,N,NG,DFO,,,,,Y,Y,12.3,14.5,12.3,14.5,1H,1H,Y,,Y,,2014,Natural Gas Fired Combined Cycle,,,
22979,Astoria Energy LLC,55375,Astoria Energy,NY,Queens,CT1,OP,CT,IPP Non-CHP,2,170.0,156,170,NG,DFO,N,,,,,,,Y,N,165,189,165,189,1H,1H,Y,Y,Y,,2014,Natural Gas Fired Combined Cycle,,,
22979,Astoria Energy LLC,55375,Astoria Energy,NY,Queens,CT2,OP,CT,IPP Non-CHP,2,170.0,156,170,NG,DFO,N,,,,,,,Y,N,165,189,165,189,1H,1H,Y,Y,Y,,2014,Natural Gas Fired Combined Cycle,,,
24202,Carr Street Generating Sta LP,50978,Carr Street Generating Station,NY,Onondaga,GEN1,OP,CT,IPP Non-CHP,2,48.8,33,40,NG,DFO,N,,,,,,,Y,Y,33,40,33,40,1H,1H,Y,Y,Y,,2014,Natural Gas Fired Combined Cycle,,,
24202,Carr Street Generating Sta LP,50978,Carr Street Generating Station,NY,Onondaga,GEN2,OP,CT,IPP Non-CHP,2,48.8,33,40,NG,DFO,N,,,,,,,Y,Y,33,40,33,40,1H,1H,Y,Y,Y,,2014,Natural Gas Fired Combined Cycle,,,
24202,Carr Street Generating Sta LP,50978,Carr Street Generating Station,NY,Onondaga,GEN3,OP,CA,IPP Non-CHP,2,25.0,22.5,25,NG,DFO,N,,,,,,,Y,Y,22.5,25,22.5,25,1H,1H,Y,Y,Y,,2014,Natural Gas Fired Combined Cycle,,,
24210,Riverbay Corp,52168,Riverbay,NY,Bronx,GEN2,OP,ST,Commercial CHP,5,16.0,13.8,15,NG,DFO,N,,,,,,,Y,N,13.8,15,13.8,13.8,6H,6H,Y,Y,Y,,2014,Natural Gas Steam Turbine,,,
24210,Riverbay Corp,52168,Riverbay,NY,Bronx,GEN3,OP,GT,Commercial CHP,5,12.9,11.1,12.1,NG,DFO,N,,,,,,,Y,Y,11.1,12.1,9.8,12.1,6H,6H,Y,Y,Y,,2014,Natural Gas Fired Combustion Turbine,,,
24210,Riverbay Corp,52168,Riverbay,NY,Bronx,GEN4,OP,GT,Commercial CHP,5,12.9,11.1,12.1,NG,DFO,N,,,,,,,Y,Y,11.1,12.1,9.8,12.1,6H,6H,Y,Y,Y,,2014,Natural Gas Fired Combustion Turbine,,,
49837,Pinelawn Power LLC,56188,Pinelawn Power LLC,NY,SUFFOLK,CTG,OP,CT,IPP Non-CHP,2,50.0,47,47,NG,KER,N,,,,,,,Y,N,48,49,48,49,1H,1H,Y,Y,Y,,2014,Natural Gas Fired Combined Cycle,,,
49845,"Equus Power I, L.P.,",56032,Equus Freeport Power,NY,Nassau,0001,OP,GT,IPP Non-CHP,2,60.0,47.9,49.2,NG,KER,N,,,,,,,Y,N,47.9, ,47.9, ,A,,Y,,,Y,2014,Natural Gas Fired Combustion Turbine,,,
49845,"Equus Power I, L.P.,",56032,Equus Freeport Power,NY,Nassau,001,OP,GT,IPP Non-CHP,2,60.0,47.7,49.2,NG,KER,N,,,,,,,Y,N,47.7,49.2,47.7,49.2,1H,1H,Y,,,Y,2014,Natural Gas Fired Combustion Turbine,,,
49950,"Caithness Long Island, LLC",56234,Caithness Long Island Energy Center,NY,Suffolk,CT01,OP,CT,IPP Non-CHP,2,196.2,170,223,NG,DFO,N,,,,,,,Y,Y,175,220,175,200,6H,6H,Y,Y,Y,,2014,Natural Gas Fired Combined Cycle,,,
49950,"Caithness Long Island, LLC",56234,Caithness Long Island Energy Center,NY,Suffolk,ST01,OP,CA,IPP Non-CHP,2,152.7,137,153,NG,,N,,,,,,,Y,Y,138,151,138,151,6H,6H,Y,Y,Y,,2014,Natural Gas Fired Combined Cycle,,,
50136,North American Energy Services,54131,Fortistar North Tonawanda,NY,Niagara,GEN1,OP,CT,IPP CHP,3,38.3,38,45,NG,DFO,Y,NG,DFO,,,,,Y,Y,37.8,38.9,35.37,36.4,1H,1H,Y,Y,Y,,2014,Natural Gas Fired Combined Cycle,,,
54863,U S Power Generating Company LLC,2494,Gowanus Gas Turbines Generating,NY,Kings,GT21,OP,GT,IPP Non-CHP,2,20.0,17.2,20.6,NG,DFO,Y,NG,DFO,,,,,Y,Y,17.2,20.6,17.2,20.6,1H,1H,Y,,Y,,2014,Natural Gas Fired Combustion Turbine,,,
54863,U S Power Generating Company LLC,2494,Gowanus Gas Turbines Generating,NY,Kings,GT22,OP,GT,IPP Non-CHP,2,20.0,17.7,21.8,NG,DFO,Y,NG,DFO,,,,,Y,Y,17.7,21.8,17.7,21.8,1H,1H,Y,,Y,,2014,Natural Gas Fired Combustion Turbine,,,
54863,U S Power Generating Company LLC,2494,Gowanus Gas Turbines Generating,NY,Kings,GT23,OP,GT,IPP Non-CHP,2,20.0,19.2,23.3,NG,DFO,Y,NG,DFO,,,,,Y,Y,19.2,23.3,19.2,23.3,1H,1H,Y,,Y,,2014,Natural Gas Fired Combustion Turbine,,,
54863,U S Power Generating Company LLC,2494,Gowanus Gas Turbines Generating,NY,Kings,GT24,OP,GT,IPP Non-CHP,2,20.0,17.2,21,NG,DFO,Y,NG,DFO,,,,,Y,Y,17.2,21,17.2,21,1H,1H,Y,,Y,,2014,Natural Gas Fired Combustion Turbine,,,
54863,U S Power Generating Company LLC,2494,Gowanus Gas Turbines Generating,NY,Kings,GT25,OP,GT,IPP Non-CHP,2,20.0,17.4,21,NG,DFO,Y,NG,DFO,,,,,Y,Y,17.4,21,17.4,21,1H,1H,Y,,Y,,2014,Natural Gas Fired Combustion Turbine,,,
54863,U S Power Generating Company LLC,2494,Gowanus Gas Turbines Generating,NY,Kings,GT26,OP,GT,IPP Non-CHP,2,20.0,18.7,23,NG,DFO,Y,NG,DFO,,,,,Y,Y,18.7,23,18.7,23,1H,1H,Y,,Y,,2014,Natural Gas Fired Combustion Turbine,,,
54863,U S Power Generating Company LLC,2494,Gowanus Gas Turbines Generating,NY,Kings,GT27,OP,GT,IPP Non-CHP,2,20.0,18.1,22.7,NG,DFO,Y,NG,DFO,,,,,Y,Y,18.1,22.7,18.1,22.7,1H,1H,Y,,Y,,2014,Natural Gas Fired Combustion Turbine,,,
54863,U S Power Generating Company LLC,2494,Gowanus Gas Turbines Generating,NY,Kings,GT28,OP,GT,IPP Non-CHP,2,20.0,17.5,21.3,NG,DFO,Y,NG,DFO,,,,,Y,Y,17.5,21.3,17.5,21.3,1H,1H,Y,,Y,,2014,Natural Gas Fired Combustion Turbine,,,
54863,U S Power Generating Company LLC,2494,Gowanus Gas Turbines Generating,NY,Kings,GT31,OP,GT,IPP Non-CHP,2,20.0,17.3,20.1,NG,DFO,Y,NG,DFO,,,,,Y,Y,17.3,20.1,17.3,20.1,1H,1H,Y,,Y,,2014,Natural Gas Fired Combustion Turbine,,,
54863,U S Power Generating Company LLC,2494,Gowanus Gas Turbines Generating,NY,Kings,GT32,OP,GT,IPP Non-CHP,2,20.0,17.3,20.4,NG,DFO,Y,NG,DFO,,,,,Y,Y,17.3,20.4,17.3,20.4,1H,1H,Y,,Y,,2014,Natural Gas Fired Combustion Turbine,,,
54863,U S Power Generating Company LLC,2494,Gowanus Gas Turbines Generating,NY,Kings,GT33,OP,GT,IPP Non-CHP,2,20.0,18.4,23.5,NG,DFO,Y,NG,DFO,,,,,Y,Y,18.4,23.5,18.4,23.5,1H,1H,Y,,Y,,2014,Natural Gas Fired Combustion Turbine,,,
54863,U S Power Generating Company LLC,2494,Gowanus Gas Turbines Generating,NY,Kings,GT34,OP,GT,IPP Non-CHP,2,20.0,16.5,21,NG,DFO,Y,NG,DFO,,,,,Y,Y,16.5,21,16.5,21,1H,1H,Y,,Y,,2014,Natural Gas Fired Combustion Turbine,,,
54863,U S Power Generating Company LLC,2494,Gowanus Gas Turbines Generating,NY,Kings,GT35,OP,GT,IPP Non-CHP,2,20.0,18.2,21.2,NG,DFO,Y,NG,DFO,,,,,Y,Y,18.2,21.2,18.2,21.2,1H,1H,Y,,Y,,2014,Natural Gas Fired Combustion Turbine,,,
54863,U S Power Generating Company LLC,2494,Gowanus Gas Turbines Generating,NY,Kings,GT36,OP,GT,IPP Non-CHP,2,20.0,15.6,18.9,NG,DFO,Y,NG,DFO,,,,,Y,Y,15.6,18.9,15.6,18.9,1H,1H,Y,,Y,,2014,Natural Gas Fired Combustion Turbine,,,
54863,U S Power Generating Company LLC,2494,Gowanus Gas Turbines Generating,NY,Kings,GT37,OP,GT,IPP Non-CHP,2,20.0,18.2,20.1,NG,DFO,Y,NG,DFO,,,,,Y,Y,18.2,20.1,18.2,20.1,1H,1H,Y,,Y,,2014,Natural Gas Fired Combustion Turbine,,,
54863,U S Power Generating Company LLC,2494,Gowanus Gas Turbines Generating,NY,Kings,GT38,OP,GT,IPP Non-CHP,2,20.0,17.9,22.4,NG,DFO,Y,NG,DFO,,,,,Y,Y,17.9,22.4,17.9,22.4,1H,1H,Y,,Y,,2014,Natural Gas Fired Combustion Turbine,,,
54863,U S Power Generating Company LLC,2499,Narrows Gas Turbines Generating,NY,Kings,NT11,OP,GT,IPP Non-CHP,2,22.0,19.1,21.9,NG,DFO,Y,NG,DFO,,,,,Y,Y,19.1,21.9,19.1,21.9,1H,1H,Y,,Y,,2014,Natural Gas Fired Combustion Turbine,,,
54863,U S Power Generating Company LLC,2499,Narrows Gas Turbines Generating,NY,Kings,NT12,OP,GT,IPP Non-CHP,2,22.0,17.3,20.7,NG,DFO,Y,NG,DFO,,,,,Y,Y,17.3,20.7,17.3,20.7,1H,1H,Y,,Y,,2014,Natural Gas Fired Combustion Turbine,,,
54863,U S Power Generating Company LLC,2499,Narrows Gas Turbines Generating,NY,Kings,NT13,OP,GT,IPP Non-CHP,2,22.0,18.3,22.8,NG,DFO,Y,NG,DFO,,,,,Y,Y,18.3,22.8,18.3,22.8,1H,1H,Y,,Y,,2014,Natural Gas Fired Combustion Turbine,,,
54863,U S Power Generating Company LLC,2499,Narrows Gas Turbines Generating,NY,Kings,NT14,OP,GT,IPP Non-CHP,2,22.0,18.4,23.1,NG,DFO,Y,NG,DFO,,,,,Y,Y,18.4,23.1,18.4,23.1,1H,1H,Y,,Y,,2014,Natural Gas Fired Combustion Turbine,,,
54863,U S Power Generating Company LLC,2499,Narrows Gas Turbines Generating,NY,Kings,NT15,OP,GT,IPP Non-CHP,2,22.0,18.6,22.7,NG,DFO,Y,NG,DFO,,,,,Y,Y,18.6,22.7,18.6,22.7,1H,1H,Y,,Y,,2014,Natural Gas Fired Combustion Turbine,,,
54863,U S Power Generating Company LLC,2499,Narrows Gas Turbines Generating,NY,Kings,NT16,OP,GT,IPP Non-CHP,2,22.0,16.6,20,NG,DFO,Y,NG,DFO,,,,,Y,Y,16.6,20,16.6,20,1H,1H,Y,,Y,,2014,Natural Gas Fired Combustion Turbine,,,
54863,U S Power Generating Company LLC,2499,Narrows Gas Turbines Generating,NY,Kings,NT17,OP,GT,IPP Non-CHP,2,22.0,16.6,20.4,NG,DFO,Y,NG,DFO,,,,,Y,Y,16.6,20.4,16.6,20.4,1H,1H,Y,,Y,,2014,Natural Gas Fired Combustion Turbine,,,
54863,U S Power Generating Company LLC,2499,Narrows Gas Turbines Generating,NY,Kings,NT18,OP,GT,IPP Non-CHP,2,22.0,16.6,20.5,NG,DFO,Y,NG,DFO,,,,,Y,Y,16.6,20.5,16.6,20.5,1H,1H,Y,,Y,,2014,Natural Gas Fired Combustion Turbine,,,
54863,U S Power Generating Company LLC,2499,Narrows Gas Turbines Generating,NY,Kings,NT21,OP,GT,IPP Non-CHP,2,22.0,18.8,22.6,NG,DFO,Y,NG,DFO,,,,,Y,Y,18.8,22.6,18.8,22.6,1H,1H,Y,,Y,,2014,Natural Gas Fired Combustion Turbine,,,
54863,U S Power Generating Company LLC,2499,Narrows Gas Turbines Generating,NY,Kings,NT22,OP,GT,IPP Non-CHP,2,22.0,17.3,21,NG,DFO,Y,NG,DFO,,,,,Y,Y,17.3,21,17.3,21,1H,1H,Y,,Y,,2014,Natural Gas Fired Combustion Turbine,,,
54863,U S Power Generating Company LLC,2499,Narrows Gas Turbines Generating,NY,Kings,NT23,OP,GT,IPP Non-CHP,2,22.0,18.4,22.4,NG,DFO,Y,NG,DFO,,,,,Y,Y,18.4,22.4,18.4,22.4,1H,1H,Y,,Y,,2014,Natural Gas Fired Combustion Turbine,,,
54863,U S Power Generating Company LLC,2499,Narrows Gas Turbines Generating,NY,Kings,NT24,OP,GT,IPP Non-CHP,2,22.0,17.3,21.4,NG,DFO,Y,NG,DFO,,,,,Y,Y,17.3,21.4,17.3,21.4,1H,1H,Y,,Y,,2014,Natural Gas Fired Combustion Turbine,,,
54863,U S Power Generating Company LLC,2499,Narrows Gas Turbines Generating,NY,Kings,NT25,OP,GT,IPP Non-CHP,2,22.0,18.2,22.2,NG,DFO,Y,NG,DFO,,,,,Y,Y,18.2,22.2,18.2,22.2,1H,1H,Y,,Y,,2014,Natural Gas Fired Combustion Turbine,,,
54863,U S Power Generating Company LLC,2499,Narrows Gas Turbines Generating,NY,Kings,NT26,OP,GT,IPP Non-CHP,2,22.0,15.9,19.5,NG,DFO,Y,NG,DFO,,,,,Y,Y,15.9,19.5,15.9,19.5,1H,1H,Y,,Y,,2014,Natural Gas Fired Combustion Turbine,,,
54863,U S Power Generating Company LLC,2499,Narrows Gas Turbines Generating,NY,Kings,NT27,OP,GT,IPP Non-CHP,2,22.0,18.7,22.8,NG,DFO,Y,NG,DFO,,,,,Y,Y,18.7,22.8,18.7,22.8,1H,1H,Y,,Y,,2014,Natural Gas Fired Combustion Turbine,,,
54863,U S Power Generating Company LLC,2499,Narrows Gas Turbines Generating,NY,Kings,NT28,OP,GT,IPP Non-CHP,2,22.0,16.9,20.1,NG,DFO,Y,NG,DFO,,,,,Y,Y,16.9,20.1,16.9,20.1,1H,1H,Y,,Y,,2014,Natural Gas Fired Combustion Turbine,,,
54863,U S Power Generating Company LLC,8906,Astoria Generating Station,NY,Queens,3,OP,ST,IPP Non-CHP,2,376.0,374,376.3,NG,RFO,Y,RFO,NG,,,,,Y,Y,361,361,351,351,6H,6H,Y,Y,Y,,2014,Natural Gas Steam Turbine,,,
54863,U S Power Generating Company LLC,8906,Astoria Generating Station,NY,Queens,4,OS,ST,IPP Non-CHP,2,387.0,380,387,NG,RFO,Y,RFO,NG,,,,,Y,Y,372,372,361,361,6H,6H,Y,Y,Y,,2014,Natural Gas Steam Turbine,,,
54863,U S Power Generating Company LLC,8906,Astoria Generating Station,NY,Queens,ST5,OP,ST,IPP Non-CHP,2,387.0,380,382.2,NG,RFO,Y,RFO,NG,,,,,Y,Y,372,372,362,361,6H,6H,Y,Y,Y,,2014,Natural Gas Steam Turbine,,,
55807,Niagara Generation LLC,50202,WPS Power Niagara,NY,Niagara,GEN1,OA,ST,IPP Non-CHP,2,56.0,41.1,37.1,WDS,BIT,Y,BIT,WDS,,,,,N,, , , , ,,,,,,,2014,Wood/Wood Waste Biomass,,,
56142,"Alliance NYGT, LLC",2628,Hillburn,NY,Rockland,GEN1,OP,GT,IPP Non-CHP,2,46.5,33.1,43.8,NG,KER,N,,,,,,,Y,N,33.1,43,33.1,43,1H,1H,Y,,Y,,2014,Natural Gas Fired Combustion Turbine,,,
56142,"Alliance NYGT, LLC",2632,Shoemaker,NY,Orange,SHOE,OP,GT,IPP Non-CHP,2,41.9,33,40,NG,KER,N,,,,,,,Y,N,33,43,33,43,1H,1H,Y,,Y,,2014,Natural Gas Fired Combustion Turbine,,,
56174,Finch Paper LLC,10511,Finch Paper,NY,Warren,GEN6,OP,ST,Industrial CHP,7,29.0,23,27,WDL,NG,N,,,,,,,Y,Y,14,18,8,12,6H,6H,Y,,Y,Y,2014,Wood/Wood Waste Biomass,,,
56479,PIC Group Inc,10190,Castleton Energy Center,NY,Rensselaer,GEN1,OP,CT,IPP Non-CHP,2,47.0,43,47,NG,DFO,Y,NG,DFO,,,,,Y,Y,42,48,41,47,1H,1H,Y,Y,Y,,2014,Natural Gas Fired Combined Cycle,,,
56480,Empire Generating Co  LLC,56259,Empire Generating Co  LLC,NY,Rensselaer,CT11,OP,CT,IPP CHP,3,179.0,155,190,NG,DFO,N,,,,,,,Y,N,165,190,177,190,1H,1H,Y,,Y,Y,2014,Natural Gas Fired Combined Cycle,,,
56480,Empire Generating Co  LLC,56259,Empire Generating Co  LLC,NY,Rensselaer,CT12,OP,CT,IPP CHP,3,179.0,155,190,NG,DFO,N,,,,,,,Y,N,165,190,177,190,1H,1H,Y,,Y,Y,2014,Natural Gas Fired Combined Cycle,,,
56480,Empire Generating Co  LLC,56259,Empire Generating Co  LLC,NY,Rensselaer,ST13,OP,CA,IPP CHP,3,295.7,270,295.7,NG,DFO,N,,,,,,,Y,N,270,285,175,185,1H,1H,Y,,Y,Y,2014,Natural Gas Fired Combined Cycle,,,
56505,National Grid Generation LLC,2511,E F Barrett,NY,Nassau,10,OP,GT,Electric Utility,1,41.8,39.9,49.4,NG,DFO,N,,,,,,,Y,Y,39.5,49.3,39.5,49.3,1H,1H,N,,,,2014,Natural Gas Fired Combustion Turbine,,,
56505,National Grid Generation LLC,2511,E F Barrett,NY,Nassau,11,OP,GT,Electric Utility,1,41.8,39.8,49.5,NG,DFO,N,,,,,,,Y,Y,40,49.3,40,49.3,1H,1H,N,,,,2014,Natural Gas Fired Combustion Turbine,,,
56505,National Grid Generation LLC,2511,E F Barrett,NY,Nassau,12,OP,GT,Electric Utility,1,41.8,40.3,49.5,NG,DFO,N,,,,,,,Y,Y,40.2,48.8,40.2,48.8,1H,1H,N,,,,2014,Natural Gas Fired Combustion Turbine,,,
56505,National Grid Generation LLC,2511,E F Barrett,NY,Nassau,3,OP,GT,Electric Utility,1,18.0,17,19.2,NG,DFO,N,,,,,,,Y,Y,17.5,20.4,17.5,20.4,1H,1H,N,,,,2014,Natural Gas Fired Combustion Turbine,,,
56505,National Grid Generation LLC,2511,E F Barrett,NY,Nassau,4,OP,GT,Electric Utility,1,18.0,17.5,20.4,NG,DFO,N,,,,,,,Y,Y,17.7,20.5,17.7,20.5,1H,1H,N,,,,2014,Natural Gas Fired Combustion Turbine,,,
56505,National Grid Generation LLC,2511,E F Barrett,NY,Nassau,5,OP,GT,Electric Utility,1,18.0,17.3,19.9,NG,DFO,N,,,,,,,Y,Y,17,20,17,20,1H,1H,N,,,,2014,Natural Gas Fired Combustion Turbine,,,
56505,National Grid Generation LLC,2511,E F Barrett,NY,Nassau,6,OP,GT,Electric Utility,1,18.0,17.1,20.1,NG,DFO,N,,,,,,,Y,Y,16.7,20.2,16.7,20.2,1H,1H,N,,,,2014,Natural Gas Fired Combustion Turbine,,,
56505,National Grid Generation LLC,2511,E F Barrett,NY,Nassau,8,OP,GT,Electric Utility,1,18.0,17.2,20.4,NG,DFO,N,,,,,,,Y,Y,17,20,17,20,1H,1H,N,,,,2014,Natural Gas Fired Combustion Turbine,,,
56505,National Grid Generation LLC,2511,E F Barrett,NY,Nassau,9,OP,GT,Electric Utility,1,41.8,39.4,48.2,NG,DFO,N,,,,,,,Y,Y,39.8,49.2,39.8,49.2,1H,1H,N,,,,2014,Natural Gas Fired Combustion Turbine,,,
56505,National Grid Generation LLC,2511,E F Barrett,NY,Nassau,GT1,OP,GT,Electric Utility,1,18.0,16.3,19.3,NG,DFO,N,,,,,,,Y,Y,16.3,19.3,16.3,19.3,1H,1H,N,,,,2014,Natural Gas Fired Combustion Turbine,,,
56505,National Grid Generation LLC,2511,E F Barrett,NY,Nassau,GT2,OP,GT,Electric Utility,1,18.0,14.7,17.1,NG,DFO,N,,,,,,,Y,Y,14.9,17.5,14.9,17.5,1H,1H,N,,,,2014,Natural Gas Fired Combustion Turbine,,,
56505,National Grid Generation LLC,2511,E F Barrett,NY,Nassau,ST1,OP,ST,Electric Utility,1,188.0,195.2,194.2,NG,RFO,Y,NG,RFO,,,,,Y,Y,195.2,194.5,195.2,194.5,6H,6H,Y,Y,,,2014,Natural Gas Steam Turbine,,,
56505,National Grid Generation LLC,2511,E F Barrett,NY,Nassau,ST2,OP,ST,Electric Utility,1,188.0,196.2,196.2,NG,RFO,Y,NG,RFO,,,,,Y,Y,196.2,194.2,196.2,194.2,6H,6H,Y,Y,,,2014,Natural Gas Steam Turbine,,,
56505,National Grid Generation LLC,2516,Northport,NY,Suffolk,2,OP,ST,Electric Utility,1,387.0,396.5,398.7,NG,RFO,Y,NG,RFO,,,,,Y,Y,393.5,393.5,393.5,393.5,6H,6H,N,,,,2014,Natural Gas Steam Turbine,,,
56505,National Grid Generation LLC,2516,Northport,NY,Suffolk,3,OP,ST,Electric Utility,1,387.0,391.2,382.2,NG,RFO,Y,NG,RFO,,,,,Y,Y,396,397,396,397,6H,6H,N,,,,2014,Natural Gas Steam Turbine,,,
56505,National Grid Generation LLC,2516,Northport,NY,Suffolk,4,OP,ST,Electric Utility,1,387.0,391.2,393.2,NG,RFO,Y,NG,RFO,,,,,Y,Y,395.5,395,395.5,395,6H,6H,N,,,,2014,Natural Gas Steam Turbine,,,
56505,National Grid Generation LLC,2516,Northport,NY,Suffolk,ST1,OP,ST,Electric Utility,1,387.0,399.7,391.3,NG,RFO,Y,NG,RFO,,,,,Y,Y,397.7,387.7,397.7,387.7,6H,6H,N,,,,2014,Natural Gas Steam Turbine,,,
56505,National Grid Generation LLC,2517,Port Jefferson,NY,Suffolk,3,OP,ST,Electric Utility,1,188.0,196.7,195.3,NG,RFO,Y,NG,RFO,,,,,Y,Y,195,193.5,195,193.5,6H,6H,N,,,,2014,Natural Gas Steam Turbine,,,
56505,National Grid Generation LLC,2517,Port Jefferson,NY,Suffolk,4,OP,ST,Electric Utility,1,188.0,196.7,198,NG,RFO,Y,NG,RFO,,,,,Y,Y,197.7,194.5,197.7,194.5,6H,6H,N,,,,2014,Natural Gas Steam Turbine,,,
56505,National Grid Generation LLC,2517,Port Jefferson,NY,Suffolk,GT2,OP,GT,Electric Utility,1,53.0,41,45.9,NG,KER,N,,,,,,,Y,Y,43.3,48.1,43.3,48.1,1H,1H,Y,,Y,,2014,Natural Gas Fired Combustion Turbine,,,
56505,National Grid Generation LLC,2517,Port Jefferson,NY,Suffolk,GT3,OP,GT,Electric Utility,1,53.0,40.5,46.1,NG,KER,N,,,,,,,Y,Y,39.7,46,39.7,46,1H,1H,Y,,Y,,2014,Natural Gas Fired Combustion Turbine,,,
56505,National Grid Generation LLC,7869,Glenwood Landing,NY,Nassau,GT4,OP,GT,Electric Utility,1,53.0,39.7,46.4,NG,KER,N,,,,,,,Y,Y,40.6,46,40.6,46,1H,1H,Y,,Y,,2014,Natural Gas Fired Combustion Turbine,,,
56505,National Grid Generation LLC,7869,Glenwood Landing,NY,Nassau,GT5,OP,GT,Electric Utility,1,53.0,38.3,47.2,NG,KER,N,,,,,,,Y,Y,38.6,44.6,38.6,44.6,1H,1H,Y,,Y,,2014,Natural Gas Fired Combustion Turbine,,,
56965,"Auburn Energy, LLC",57636,Auburn LFG Energy Facility,NY,Cayuga,1,OP,IC,IPP Non-CHP,2,1.1,1.1,1.1,LFG,NG,Y,NG,LFG,,,,,N,, , , , ,,,,,,,2014,Landfill Gas,,,
56965,"Auburn Energy, LLC",57636,Auburn LFG Energy Facility,NY,Cayuga,3,OP,IC,IPP Non-CHP,2,1.1,1.1,1.1,LFG,NG,Y,NG,LFG,,,,,N,, , , , ,,,,,,,2014,Landfill Gas,,,
56991,Astoria Energy II LLC,57664,Astoria Energy II,NY,Queens,CT3,OP,CT,IPP Non-CHP,2,200.0,156,188,NG,DFO,N,,,,,,,Y,Y,156,188,156,188,1H,1H,Y,Y,Y,,2014,Natural Gas Fired Combined Cycle,,,
56991,Astoria Energy II LLC,57664,Astoria Energy II,NY,Queens,CT4,OP,CT,IPP Non-CHP,2,200.0,156,188,NG,DFO,N,,,,,,,Y,Y,156,188,156,188,1H,1H,Y,Y,Y,,2014,Natural Gas Fired Combined Cycle,,,
56991,Astoria Energy II LLC,57664,Astoria Energy II,NY,Queens,ST2,OP,CA,IPP Non-CHP,2,250.0,228,236,NG,DFO,N,,,,,,,Y,Y,228,236,228,236,1H,1H,Y,Y,Y,,2014,Natural Gas Fired Combined Cycle,,,
58107,University of Rochester,58157,University of Rochester,NY,Monroe,HP,OP,ST,Commercial CHP,5,18.2,17,17,NG,DFO,N,,,,,,,Y,N,16,17,17,17,1H,1H,Y,Y,Y,,2014,Natural Gas Steam Turbine,,,
58107,University of Rochester,58157,University of Rochester,NY,Monroe,LP,OP,ST,Commercial CHP,5,7.2,7.2,7.2,NG,DFO,N,,,,,,,Y,N,7,7,7,7,1H,1H,Y,Y,Y,,2014,Natural Gas Steam Turbine,,,
58337,Lakeside Syracuse LLC,10621,CH Resources Syracuse,NY,Onondaga,GEN1,SB,CT,IPP Non-CHP,2,65.5,54.1,60.8,NG,DFO,N,,,,,,,Y,Y,54.1,60.8,0,0,UNK,UNK,N,,,,2014,Natural Gas Fired Combined Cycle,,,
58337,Lakeside Syracuse LLC,10621,CH Resources Syracuse,NY,Onondaga,GEN2,SB,CA,IPP Non-CHP,2,37.2,31.8,37,NG,DFO,N,,,,,,,Y,Y,31.8,37,0,0,UNK,UNK,N,,,,2014,Natural Gas Fired Combined Cycle,,,
58338,Lakeside Beaver Falls LLC,10617,CH Resources Beaver Falls,NY,Lewis,GEN1,OP,CT,IPP CHP,3,65.5,50.8,56.3,NG,DFO,N,NG,DFO,,,,,Y,Y,50.8,56.3,45,50,UNK,UNK,N,,,,2014,Natural Gas Fired Combined Cycle,,,
58338,Lakeside Beaver Falls LLC,10617,CH Resources Beaver Falls,NY,Lewis,GEN2,OP,CA,IPP CHP,3,42.3,29.8,33,NG,DFO,N,NG,DFO,,,,,Y,Y,29.8,33,25,30,UNK,UNK,N,,,,2014,Natural Gas Fired Combined Cycle,,,
58487,Montefiore Medical Center Moses Division,58507,Montefieor Medical Center Moses Division,NY,Bronx,ES006,OP,GT,Commercial CHP,5,3.5,3.5,3.5,NG,DFO,,,,,,,,Y,Y,3.5,3.5,3.5,3.5,6H,6H,N,,,,2014,Natural Gas Fired Combustion Turbine,,,
58487,Montefiore Medical Center Moses Division,58507,Montefieor Medical Center Moses Division,NY,Bronx,S0001,OP,IC,Commercial CHP,5,1.6,1.2,1.2,NG,DFO,,,,,,,,Y,Y,1.2,1.2,1.2,1.2,6H,6H,N,,,,2014,Natural Gas Internal Combustion Engine,,,
58487,Montefiore Medical Center Moses Division,58507,Montefieor Medical Center Moses Division,NY,Bronx,S0002,OP,IC,Commercial CHP,5,1.6,1.2,1.2,NG,,,,,,,,,Y,Y,1.2,1.2,1.2,1.2,6H,6H,N,,,,2014,Natural Gas Internal Combustion Engine,,,
58487,Montefiore Medical Center Moses Division,58507,Montefieor Medical Center Moses Division,NY,Bronx,S0003,OP,IC,Commercial CHP,5,1.6,1.2,1.2,NG,DFO,,,,,,,,Y,Y,1.2,1.2,1.2,1.2,6H,6H,N,,,,2014,Natural Gas Internal Combustion Engine,,,
58971,Danskammer Energy,2480,Danskammer Generating Station,NY,Orange,1,OP,ST,IPP Non-CHP,2,72.0,60.7,65.7,RFO,NG,Y,RFO,NG,,,,,Y,Y,60.7,65.7,63.5,60,1H,1H,Y,Y,,,2014,Petroleum Liquids,,,
58971,Danskammer Energy,2480,Danskammer Generating Station,NY,Orange,2,OP,ST,IPP Non-CHP,2,73.5,59.5,64,RFO,NG,Y,RFO,NG,,,,,Y,Y,59,64,61.7,64,1H,1H,Y,Y,,,2014,Petroleum Liquids,,,
58971,Danskammer Energy,2480,Danskammer Generating Station,NY,Orange,1,OP,ST,IPP Non-CHP,2,72.0,60.7,65.7,NG,RFO,Y,RFO,NG,,,,,Y,Y,60.7,65.7,63.5,60,1H,1H,Y,Y,,,2015,Natural Gas Steam Turbine,,,
58971,Danskammer Energy,2480,Danskammer Generating Station,NY,Orange,2,OP,ST,IPP Non-CHP,2,73.5,59.5,64,NG,RFO,Y,RFO,NG,,,,,Y,Y,59,64,61.7,64,1H,1H,Y,Y,,,2015,Natural Gas Steam Turbine,,,
3249,Central Hudson Gas & Elec Corp,2487,West Coxsackie,NY,Greene,GT1,OP,GT,Electric Utility,1,21.6,21.3,21.3,KER,NG,N,,,,,,,Y,Y,19.6,19.6,19.6,19.6,1H,1H,Y,,Y,,2015,Petroleum Liquids,,,
4226,Consolidated Edison Co-NY Inc,2493,East River,NY,New York,1,OP,GT,Electric Utility,1,180.0,150.9,192.1,NG,RFO,N,,,,,,,Y,N,143.8,192.1,143.8,182.8,UNK,UNK,Y,,Y,,2015,Natural Gas Fired Combustion Turbine,,,
4226,Consolidated Edison Co-NY Inc,2493,East River,NY,New York,2,OP,GT,Electric Utility,1,180.0,151.8,182.8,NG,RFO,N,,,,,,,Y,N,148.3,182.8,148.3,182.8,UNK,UNK,Y,,Y,,2015,Natural Gas Fired Combustion Turbine,,,
4226,Consolidated Edison Co-NY Inc,2493,East River,NY,New York,6,OP,ST,Electric Utility,1,156.2,141.7,140.4,NG,RFO,N,,,,,,,Y,Y,132.2,140,130,140,6H,6H,Y,,,Y,2015,Natural Gas Steam Turbine,,,
4226,Consolidated Edison Co-NY Inc,2493,East River,NY,New York,7,OP,ST,Electric Utility,1,200.0,184.9,183.8,NG,DFO,N,,,,,,,Y,Y,176.7,185,170,185,6H,6H,Y,,,Y,2015,Natural Gas Steam Turbine,,,
54863,U S Power Generating Company LLC,2494,Gowanus Gas Turbines Generating,NY,Kings,GT21,OP,GT,IPP Non-CHP,2,20.0,17.3,21.4,NG,DFO,Y,NG,DFO,,,,,Y,Y,17.2,20.6,17.2,20.6,1H,1H,Y,,Y,,2015,Natural Gas Fired Combustion Turbine,,,
54863,U S Power Generating Company LLC,2494,Gowanus Gas Turbines Generating,NY,Kings,GT22,OP,GT,IPP Non-CHP,2,20.0,18.3,22,NG,DFO,Y,NG,DFO,,,,,Y,Y,17.7,21.8,17.7,21.8,1H,1H,Y,,Y,,2015,Natural Gas Fired Combustion Turbine,,,
54863,U S Power Generating Company LLC,2494,Gowanus Gas Turbines Generating,NY,Kings,GT23,OP,GT,IPP Non-CHP,2,20.0,19.1,24.2,NG,DFO,Y,NG,DFO,,,,,Y,Y,19.2,23.3,19.2,23.3,1H,1H,Y,,Y,,2015,Natural Gas Fired Combustion Turbine,,,
54863,U S Power Generating Company LLC,2494,Gowanus Gas Turbines Generating,NY,Kings,GT24,OP,GT,IPP Non-CHP,2,20.0,17.4,22.2,NG,DFO,Y,NG,DFO,,,,,Y,Y,17.2,21,17.2,21,1H,1H,Y,,Y,,2015,Natural Gas Fired Combustion Turbine,,,
54863,U S Power Generating Company LLC,2494,Gowanus Gas Turbines Generating,NY,Kings,GT25,OP,GT,IPP Non-CHP,2,20.0,17,21.4,NG,DFO,Y,NG,DFO,,,,,Y,Y,17.4,21,17.4,21,1H,1H,Y,,Y,,2015,Natural Gas Fired Combustion Turbine,,,
54863,U S Power Generating Company LLC,2494,Gowanus Gas Turbines Generating,NY,Kings,GT26,OP,GT,IPP Non-CHP,2,20.0,19.1,23.6,NG,DFO,Y,NG,DFO,,,,,Y,Y,18.7,23,18.7,23,1H,1H,Y,,Y,,2015,Natural Gas Fired Combustion Turbine,,,
54863,U S Power Generating Company LLC,2494,Gowanus Gas Turbines Generating,NY,Kings,GT27,OP,GT,IPP Non-CHP,2,20.0,18.5,23,NG,DFO,Y,NG,DFO,,,,,Y,Y,18.1,22.7,18.1,22.7,1H,1H,Y,,Y,,2015,Natural Gas Fired Combustion Turbine,,,
54863,U S Power Generating Company LLC,2494,Gowanus Gas Turbines Generating,NY,Kings,GT28,OP,GT,IPP Non-CHP,2,20.0,17,21.5,NG,DFO,Y,NG,DFO,,,,,Y,Y,17.5,21.3,17.5,21.3,1H,1H,Y,,Y,,2015,Natural Gas Fired Combustion Turbine,,,
54863,U S Power Generating Company LLC,2494,Gowanus Gas Turbines Generating,NY,Kings,GT31,OP,GT,IPP Non-CHP,2,20.0,16.9,22,NG,DFO,Y,NG,DFO,,,,,Y,Y,17.3,20.1,17.3,20.1,1H,1H,Y,,Y,,2015,Natural Gas Fired Combustion Turbine,,,
54863,U S Power Generating Company LLC,2494,Gowanus Gas Turbines Generating,NY,Kings,GT32,OP,GT,IPP Non-CHP,2,20.0,16.9,21.9,NG,DFO,Y,NG,DFO,,,,,Y,Y,17.3,20.4,17.3,20.4,1H,1H,Y,,Y,,2015,Natural Gas Fired Combustion Turbine,,,
54863,U S Power Generating Company LLC,2494,Gowanus Gas Turbines Generating,NY,Kings,GT33,OP,GT,IPP Non-CHP,2,20.0,18,23.9,NG,DFO,Y,NG,DFO,,,,,Y,Y,18.4,23.5,18.4,23.5,1H,1H,Y,,Y,,2015,Natural Gas Fired Combustion Turbine,,,
54863,U S Power Generating Company LLC,2494,Gowanus Gas Turbines Generating,NY,Kings,GT34,OP,GT,IPP Non-CHP,2,20.0,16.3,21.7,NG,DFO,Y,NG,DFO,,,,,Y,Y,16.5,21,16.5,21,1H,1H,Y,,Y,,2015,Natural Gas Fired Combustion Turbine,,,
54863,U S Power Generating Company LLC,2494,Gowanus Gas Turbines Generating,NY,Kings,GT35,OP,GT,IPP Non-CHP,2,20.0,17.3,24,NG,DFO,Y,NG,DFO,,,,,Y,Y,18.2,21.2,18.2,21.2,1H,1H,Y,,Y,,2015,Natural Gas Fired Combustion Turbine,,,
54863,U S Power Generating Company LLC,2494,Gowanus Gas Turbines Generating,NY,Kings,GT36,OP,GT,IPP Non-CHP,2,20.0,15.4,20,NG,DFO,Y,NG,DFO,,,,,Y,Y,15.6,18.9,15.6,18.9,1H,1H,Y,,Y,,2015,Natural Gas Fired Combustion Turbine,,,
54863,U S Power Generating Company LLC,2494,Gowanus Gas Turbines Generating,NY,Kings,GT37,OP,GT,IPP Non-CHP,2,20.0,18,24.2,NG,DFO,Y,NG,DFO,,,,,Y,Y,18.2,20.1,18.2,20.1,1H,1H,Y,,Y,,2015,Natural Gas Fired Combustion Turbine,,,
54863,U S Power Generating Company LLC,2494,Gowanus Gas Turbines Generating,NY,Kings,GT38,OP,GT,IPP Non-CHP,2,20.0,17.6,23.8,NG,DFO,Y,NG,DFO,,,,,Y,Y,17.9,22.4,17.9,22.4,1H,1H,Y,,Y,,2015,Natural Gas Fired Combustion Turbine,,,
54863,U S Power Generating Company LLC,2499,Narrows Gas Turbines Generating,NY,Kings,NT11,OP,GT,IPP Non-CHP,2,22.0,19.2,23.6,NG,DFO,Y,NG,DFO,,,,,Y,Y,19.1,21.9,19.1,21.9,1H,1H,Y,,Y,,2015,Natural Gas Fired Combustion Turbine,,,
54863,U S Power Generating Company LLC,2499,Narrows Gas Turbines Generating,NY,Kings,NT12,OP,GT,IPP Non-CHP,2,22.0,17.2,22.2,NG,DFO,Y,NG,DFO,,,,,Y,Y,17.3,20.7,17.3,20.7,1H,1H,Y,,Y,,2015,Natural Gas Fired Combustion Turbine,,,
54863,U S Power Generating Company LLC,2499,Narrows Gas Turbines Generating,NY,Kings,NT13,OP,GT,IPP Non-CHP,2,22.0,18.2,23.3,NG,DFO,Y,NG,DFO,,,,,Y,Y,18.3,22.8,18.3,22.8,1H,1H,Y,,Y,,2015,Natural Gas Fired Combustion Turbine,,,
54863,U S Power Generating Company LLC,2499,Narrows Gas Turbines Generating,NY,Kings,NT14,OP,GT,IPP Non-CHP,2,22.0,19.2,24.2,NG,DFO,Y,NG,DFO,,,,,Y,Y,18.4,23.1,18.4,23.1,1H,1H,Y,,Y,,2015,Natural Gas Fired Combustion Turbine,,,
54863,U S Power Generating Company LLC,2499,Narrows Gas Turbines Generating,NY,Kings,NT15,OP,GT,IPP Non-CHP,2,22.0,18.5,24.5,NG,DFO,Y,NG,DFO,,,,,Y,Y,18.6,22.7,18.6,22.7,1H,1H,Y,,Y,,2015,Natural Gas Fired Combustion Turbine,,,
54863,U S Power Generating Company LLC,2499,Narrows Gas Turbines Generating,NY,Kings,NT16,OP,GT,IPP Non-CHP,2,22.0,16.1,21.7,NG,DFO,Y,NG,DFO,,,,,Y,Y,16.6,20,16.6,20,1H,1H,Y,,Y,,2015,Natural Gas Fired Combustion Turbine,,,
54863,U S Power Generating Company LLC,2499,Narrows Gas Turbines Generating,NY,Kings,NT17,OP,GT,IPP Non-CHP,2,22.0,16.2,21.7,NG,DFO,Y,NG,DFO,,,,,Y,Y,16.6,20.4,16.6,20.4,1H,1H,Y,,Y,,2015,Natural Gas Fired Combustion Turbine,,,
54863,U S Power Generating Company LLC,2499,Narrows Gas Turbines Generating,NY,Kings,NT18,OP,GT,IPP Non-CHP,2,22.0,17.2,22.6,NG,DFO,Y,NG,DFO,,,,,Y,Y,16.6,20.5,16.6,20.5,1H,1H,Y,,Y,,2015,Natural Gas Fired Combustion Turbine,,,
54863,U S Power Generating Company LLC,2499,Narrows Gas Turbines Generating,NY,Kings,NT21,OP,GT,IPP Non-CHP,2,22.0,19,24,NG,DFO,Y,NG,DFO,,,,,Y,Y,18.8,22.6,18.8,22.6,1H,1H,Y,,Y,,2015,Natural Gas Fired Combustion Turbine,,,
54863,U S Power Generating Company LLC,2499,Narrows Gas Turbines Generating,NY,Kings,NT22,OP,GT,IPP Non-CHP,2,22.0,17.2,21,NG,DFO,Y,NG,DFO,,,,,Y,Y,17.3,21,17.3,21,1H,1H,Y,,Y,,2015,Natural Gas Fired Combustion Turbine,,,
54863,U S Power Generating Company LLC,2499,Narrows Gas Turbines Generating,NY,Kings,NT23,OP,GT,IPP Non-CHP,2,22.0,18.1,22,NG,DFO,Y,NG,DFO,,,,,Y,Y,18.4,22.4,18.4,22.4,1H,1H,Y,,Y,,2015,Natural Gas Fired Combustion Turbine,,,
54863,U S Power Generating Company LLC,2499,Narrows Gas Turbines Generating,NY,Kings,NT24,OP,GT,IPP Non-CHP,2,22.0,18.4,21.9,NG,DFO,Y,NG,DFO,,,,,Y,Y,17.3,21.4,17.3,21.4,1H,1H,Y,,Y,,2015,Natural Gas Fired Combustion Turbine,,,
54863,U S Power Generating Company LLC,2499,Narrows Gas Turbines Generating,NY,Kings,NT25,OP,GT,IPP Non-CHP,2,22.0,17.9,22.8,NG,DFO,Y,NG,DFO,,,,,Y,Y,18.2,22.2,18.2,22.2,1H,1H,Y,,Y,,2015,Natural Gas Fired Combustion Turbine,,,
54863,U S Power Generating Company LLC,2499,Narrows Gas Turbines Generating,NY,Kings,NT26,OP,GT,IPP Non-CHP,2,22.0,15.8,20.7,NG,DFO,Y,NG,DFO,,,,,Y,Y,15.9,19.5,15.9,19.5,1H,1H,Y,,Y,,2015,Natural Gas Fired Combustion Turbine,,,
54863,U S Power Generating Company LLC,2499,Narrows Gas Turbines Generating,NY,Kings,NT27,OP,GT,IPP Non-CHP,2,22.0,18.7,23.8,NG,DFO,Y,NG,DFO,,,,,Y,Y,18.7,22.8,18.7,22.8,1H,1H,Y,,Y,,2015,Natural Gas Fired Combustion Turbine,,,
54863,U S Power Generating Company LLC,2499,Narrows Gas Turbines Generating,NY,Kings,NT28,OP,GT,IPP Non-CHP,2,22.0,16.5,20.8,NG,DFO,Y,NG,DFO,,,,,Y,Y,16.9,20.1,16.9,20.1,1H,1H,Y,,Y,,2015,Natural Gas Fired Combustion Turbine,,,
10023,TC Ravenswood LLC,2500,Ravenswood,NY,Queens,1,OP,ST,IPP Non-CHP,2,400.0,365.2,363.2,NG,RFO,Y,NG,RFO,,,,,Y,Y,365.2,363.2,365.2,363.2,6H,6H,Y,,Y,,2015,Natural Gas Steam Turbine,,,
10023,TC Ravenswood LLC,2500,Ravenswood,NY,Queens,2,OP,ST,IPP Non-CHP,2,400.0,366.5,374.7,NG,RFO,Y,NG,RFO,,,,,Y,Y,366.5,374.7,366.5,374.7,6H,6H,Y,,Y,,2015,Natural Gas Steam Turbine,,,
10023,TC Ravenswood LLC,2500,Ravenswood,NY,Queens,3,OP,ST,IPP Non-CHP,2,1027.0,968.9,964.4,NG,RFO,Y,NG,RFO,,,,,Y,Y,968.9,964.4,968.9,964.4,6H,6H,Y,,Y,,2015,Natural Gas Steam Turbine,,,
10023,TC Ravenswood LLC,2500,Ravenswood,NY,Queens,4,OP,CT,IPP Non-CHP,2,170.0,157,191.2,NG,KER,N,,,,,,,Y,Y,157,191.2,157,191.2,6H,6H,Y,Y,Y,,2015,Natural Gas Fired Combined Cycle,,,
10023,TC Ravenswood LLC,2500,Ravenswood,NY,Queens,4S,OP,CA,IPP Non-CHP,2,80.0,75.3,82.4,NG,KER,N,,,,,,,Y,Y,75.3,82.4,75.3,82.4,6H,6H,Y,Y,Y,,2015,Natural Gas Fired Combined Cycle,,,
10023,TC Ravenswood LLC,2500,Ravenswood,NY,Queens,GT10,SB,GT,IPP Non-CHP,2,25.0,17.8,23,NG,KER,N,,,,,,,Y,Y,17.8,23,17.8,23,1H,1H,Y,Y,Y,,2015,Natural Gas Fired Combustion Turbine,,,
10023,TC Ravenswood LLC,2500,Ravenswood,NY,Queens,GT11,SB,GT,IPP Non-CHP,2,25.0,16.8,25,NG,KER,N,,,,,,,Y,Y,16.8,25,16.8,25,1H,1H,Y,Y,Y,,2015,Natural Gas Fired Combustion Turbine,,,
10023,TC Ravenswood LLC,2500,Ravenswood,NY,Queens,GT4,SB,GT,IPP Non-CHP,2,21.1,12.9,15.6,NG,KER,N,,,,,,,Y,Y,12.9,15.6,12.9,15.6,1H,1H,Y,Y,Y,,2015,Natural Gas Fired Combustion Turbine,,,
10023,TC Ravenswood LLC,2500,Ravenswood,NY,Queens,GT5,SB,GT,IPP Non-CHP,2,21.1,15.5,17.2,NG,KER,N,,,,,,,Y,Y,15.5,17.2,15.5,17.2,1H,1H,Y,Y,Y,,2015,Natural Gas Fired Combustion Turbine,,,
10023,TC Ravenswood LLC,2500,Ravenswood,NY,Queens,GT6,SB,GT,IPP Non-CHP,2,22.0,12.6,16.5,NG,KER,N,,,,,,,Y,Y,12.6,16.5,12.6,16.5,1H,1H,Y,Y,Y,,2015,Natural Gas Fired Combustion Turbine,,,
10023,TC Ravenswood LLC,2500,Ravenswood,NY,Queens,GT7,OS,GT,IPP Non-CHP,2,22.0, , ,NG,KER,N,,,,,,,Y,Y, , , , ,,,N,,,,2015,Natural Gas Fired Combustion Turbine,,,
10023,TC Ravenswood LLC,2500,Ravenswood,NY,Queens,GT9,SB,GT,IPP Non-CHP,2,25.0,16.8,22.2,NG,KER,N,,,,,,,Y,Y,16.8,22.2,16.8,22.2,1H,1H,Y,Y,Y,,2015,Natural Gas Fired Combustion Turbine,,,
4226,Consolidated Edison Co-NY Inc,2503,59th Street,NY,New York,GT1,OP,GT,Electric Utility,1,17.1,14.9,15,NG,,N,,,,,,,Y,, , , , ,UNK,UNK,,,,,2015,Natural Gas Fired Combustion Turbine,,,
56505,National Grid Generation LLC,2511,E F Barrett,NY,Nassau,10,OP,GT,Electric Utility,1,41.8,39.6,49.7,NG,DFO,N,,,,,,,Y,Y,39.5,49.3,39.5,49.3,1H,1H,N,,,,2015,Natural Gas Fired Combustion Turbine,,,
56505,National Grid Generation LLC,2511,E F Barrett,NY,Nassau,11,OP,GT,Electric Utility,1,41.8,40.1,49.7,NG,DFO,N,,,,,,,Y,Y,40,49.3,40,49.3,1H,1H,N,,,,2015,Natural Gas Fired Combustion Turbine,,,
56505,National Grid Generation LLC,2511,E F Barrett,NY,Nassau,12,OP,GT,Electric Utility,1,41.8,40.9,49.3,NG,DFO,N,,,,,,,Y,Y,40.2,48.8,40.2,48.8,1H,1H,N,,,,2015,Natural Gas Fired Combustion Turbine,,,
56505,National Grid Generation LLC,2511,E F Barrett,NY,Nassau,3,OP,GT,Electric Utility,1,18.0,17.2,20,NG,DFO,N,,,,,,,Y,Y,17.5,20.4,17.5,20.4,1H,1H,N,,,,2015,Natural Gas Fired Combustion Turbine,,,
56505,National Grid Generation LLC,2511,E F Barrett,NY,Nassau,4,OP,GT,Electric Utility,1,18.0,17.1,19.2,NG,DFO,N,,,,,,,Y,Y,17.7,20.5,17.7,20.5,1H,1H,N,,,,2015,Natural Gas Fired Combustion Turbine,,,
56505,National Grid Generation LLC,2511,E F Barrett,NY,Nassau,5,OP,GT,Electric Utility,1,18.0,17.3,19.9,NG,DFO,N,,,,,,,Y,Y,17,20,17,20,1H,1H,N,,,,2015,Natural Gas Fired Combustion Turbine,,,
56505,National Grid Generation LLC,2511,E F Barrett,NY,Nassau,6,OP,GT,Electric Utility,1,18.0,17.8,20,NG,DFO,N,,,,,,,Y,Y,16.7,20.2,16.7,20.2,1H,1H,N,,,,2015,Natural Gas Fired Combustion Turbine,,,
56505,National Grid Generation LLC,2511,E F Barrett,NY,Nassau,8,OP,GT,Electric Utility,1,18.0,16.9,20.4,NG,DFO,N,,,,,,,Y,Y,17,20,17,20,1H,1H,N,,,,2015,Natural Gas Fired Combustion Turbine,,,
56505,National Grid Generation LLC,2511,E F Barrett,NY,Nassau,9,OP,GT,Electric Utility,1,41.8,40.7,50.3,NG,DFO,N,,,,,,,Y,Y,39.8,49.2,39.8,49.2,1H,1H,N,,,,2015,Natural Gas Fired Combustion Turbine,,,
56505,National Grid Generation LLC,2511,E F Barrett,NY,Nassau,GT1,OP,GT,Electric Utility,1,18.0,17.4,16,NG,DFO,N,,,,,,,Y,Y,16.3,19.3,16.3,19.3,1H,1H,N,,,,2015,Natural Gas Fired Combustion Turbine,,,
56505,National Grid Generation LLC,2511,E F Barrett,NY,Nassau,GT2,OP,GT,Electric Utility,1,18.0,17.5,18.7,NG,DFO,N,,,,,,,Y,Y,14.9,17.5,14.9,17.5,1H,1H,N,,,,2015,Natural Gas Fired Combustion Turbine,,,
56505,National Grid Generation LLC,2511,E F Barrett,NY,Nassau,ST1,OP,ST,Electric Utility,1,188.0,193,199.2,NG,RFO,Y,NG,RFO,,,,,Y,Y,195.2,194.5,195.2,194.5,6H,6H,Y,Y,,,2015,Natural Gas Steam Turbine,,,
56505,National Grid Generation LLC,2511,E F Barrett,NY,Nassau,ST2,OP,ST,Electric Utility,1,188.0,192.7,196,NG,RFO,Y,NG,RFO,,,,,Y,Y,196.2,194.2,196.2,194.2,6H,6H,Y,Y,,,2015,Natural Gas Steam Turbine,,,
56505,National Grid Generation LLC,2516,Northport,NY,Suffolk,2,OP,ST,Electric Utility,1,387.0,399,399,NG,RFO,Y,NG,RFO,,,,,Y,Y,393.5,393.5,393.5,393.5,6H,6H,N,,,,2015,Natural Gas Steam Turbine,,,
56505,National Grid Generation LLC,2516,Northport,NY,Suffolk,3,OP,ST,Electric Utility,1,387.0,390.5,390,NG,RFO,Y,NG,RFO,,,,,Y,Y,396,397,396,397,6H,6H,N,,,,2015,Natural Gas Steam Turbine,,,
56505,National Grid Generation LLC,2516,Northport,NY,Suffolk,4,OP,ST,Electric Utility,1,387.0,391.7,386.2,NG,RFO,Y,NG,RFO,,,,,Y,Y,395.5,395,395.5,395,6H,6H,N,,,,2015,Natural Gas Steam Turbine,,,
56505,National Grid Generation LLC,2516,Northport,NY,Suffolk,ST1,OP,ST,Electric Utility,1,387.0,399.5,397,NG,RFO,Y,NG,RFO,,,,,Y,Y,397.7,387.7,397.7,387.7,6H,6H,N,,,,2015,Natural Gas Steam Turbine,,,
56505,National Grid Generation LLC,2517,Port Jefferson,NY,Suffolk,3,OP,ST,Electric Utility,1,188.0,190.3,188.5,NG,RFO,Y,NG,RFO,,,,,Y,Y,195,193.5,195,193.5,6H,6H,N,,,,2015,Natural Gas Steam Turbine,,,
56505,National Grid Generation LLC,2517,Port Jefferson,NY,Suffolk,4,OP,ST,Electric Utility,1,188.0,189.5,198.2,NG,RFO,Y,NG,RFO,,,,,Y,Y,197.7,194.5,197.7,194.5,6H,6H,N,,,,2015,Natural Gas Steam Turbine,,,
56505,National Grid Generation LLC,2517,Port Jefferson,NY,Suffolk,GT2,OP,GT,Electric Utility,1,53.0,40.5,45.7,NG,KER,N,,,,,,,Y,Y,43.3,48.1,43.3,48.1,1H,1H,Y,,Y,,2015,Natural Gas Fired Combustion Turbine,,,
56505,National Grid Generation LLC,2517,Port Jefferson,NY,Suffolk,GT3,OP,GT,Electric Utility,1,53.0,41.1,46.3,NG,KER,N,,,,,,,Y,Y,39.7,46,39.7,46,1H,1H,Y,,Y,,2015,Natural Gas Fired Combustion Turbine,,,
25,Greenidge Generation Holdings LLC,2527,Greenidge Generation LLC,NY,Yates,4,OP,ST,IPP Non-CHP,2,112.0,107.5,106.3,BIT,NG,Y,BIT,NG,WDS,SUB,DFO,,N,N, , , , ,,,,,,,2015,Conventional Steam Coal,,,
14294,PSEG Power New York Inc,2539,Bethlehem Energy Center,NY,Albany,5,OP,CT,IPP Non-CHP,2,194.3,166.6,187.9,NG,KER,N,,,,,,,Y,Y,170.5,191.1,170.5,191.1,UNK,UNK,Y,Y,,,2015,Natural Gas Fired Combined Cycle,,,
14294,PSEG Power New York Inc,2539,Bethlehem Energy Center,NY,Albany,6,OP,CT,IPP Non-CHP,2,194.3,166.6,187.9,NG,KER,N,,,,,,,Y,Y,170.5,191.1,170.5,191.1,UNK,UNK,Y,Y,,,2015,Natural Gas Fired Combined Cycle,,,
14294,PSEG Power New York Inc,2539,Bethlehem Energy Center,NY,Albany,7,OP,CT,IPP Non-CHP,2,194.3,166.6,187.9,NG,KER,N,,,,,,,Y,Y,170.5,191.1,170.5,191.1,UNK,UNK,Y,Y,,,2015,Natural Gas Fired Combined Cycle,,,
14294,PSEG Power New York Inc,2539,Bethlehem Energy Center,NY,Albany,8,OP,CA,IPP Non-CHP,2,310.2,257,296.6,NG,KER,N,,,,,,,Y,Y,263,300,263,300,UNK,UNK,Y,Y,,,2015,Natural Gas Fired Combined Cycle,,,
13923,NRG Oswego Harbor Power Operations Inc,2594,Oswego Harbor Power,NY,Oswego,ST6,OP,ST,IPP Non-CHP,2,901.8,823.5,816.3,RFO,NG,Y,RFO,NG,,,,,Y,Y,180,180,850,850,6H,UNK,Y,Y,,,2015,Petroleum Liquids,,,
12792,NRG New York LLC,2625,Bowline Point,NY,Rockland,1,OP,ST,IPP Non-CHP,2,621.0,575,578,NG,RFO,Y,NG,RFO,,,,,Y,Y,572,572,572,572,6H,6H,Y,Y,,,2015,Natural Gas Steam Turbine,,,
12792,NRG New York LLC,2625,Bowline Point,NY,Rockland,2,OP,ST,IPP Non-CHP,2,621.0,562,567,NG,RFO,Y,NG,RFO,,,,,Y,Y,562,567,562,567,6H,6H,Y,Y,,,2015,Natural Gas Steam Turbine,,,
56142,"Alliance NYGT, LLC",2628,Hillburn,NY,Rockland,GEN1,OP,GT,IPP Non-CHP,2,46.5,33.1,43.8,NG,KER,N,,,,,,,Y,N,33.1,43,33.1,43,1H,1H,Y,,Y,,2015,Natural Gas Fired Combustion Turbine,,,
56142,"Alliance NYGT, LLC",2632,Shoemaker,NY,Orange,SHOE,OP,GT,IPP Non-CHP,2,41.9,33,40,NG,KER,N,,,,,,,Y,N,33,43,33,43,1H,1H,Y,,Y,,2015,Natural Gas Fired Combustion Turbine,,,
6775,Village of Freeport - (NY),2679,Plant No 2 Freeport,NY,Nassau,CT5,OP,GT,Electric Utility,1,60.5,49,49,NG,KER,N,,,,,,,Y,Y,49.5,49.5,49.5,49.5,6H,1H,N,,,,2015,Natural Gas Fired Combustion Turbine,,,
16217,Village of Rockville Centre - (NY),2695,Charles P Keller,NY,Nassau,10,OP,IC,Electric Utility,1,3.5,3.2,3.2,NG,DFO,N,,,,,,,Y,Y,2.9,2.9,3.2,3.2,1H,1H,Y,Y,Y,,2015,Natural Gas Internal Combustion Engine,,,
16217,Village of Rockville Centre - (NY),2695,Charles P Keller,NY,Nassau,11,OP,IC,Electric Utility,1,5.2,5.2,5.2,NG,DFO,N,,,,,,,Y,Y,4.95,4.95,5.2,5.2,1H,1H,Y,Y,Y,,2015,Natural Gas Internal Combustion Engine,,,
16217,Village of Rockville Centre - (NY),2695,Charles P Keller,NY,Nassau,12,OP,IC,Electric Utility,1,5.5,5.5,5.5,NG,DFO,N,,,,,,,Y,Y,5.2,5.2,5.5,5.5,1H,1H,Y,Y,Y,,2015,Natural Gas Internal Combustion Engine,,,
16217,Village of Rockville Centre - (NY),2695,Charles P Keller,NY,Nassau,13,OP,IC,Electric Utility,1,5.5,5.5,5.5,NG,DFO,N,,,,,,,Y,Y,5.2,5.2,5.5,5.5,1H,1H,Y,Y,Y,,2015,Natural Gas Internal Combustion Engine,,,
16217,Village of Rockville Centre - (NY),2695,Charles P Keller,NY,Nassau,14,OP,IC,Electric Utility,1,6.2,6.2,6.2,NG,DFO,N,,,,,,,Y,Y,6.2,6.2,6.2,6.2,1H,1H,Y,Y,Y,,2015,Natural Gas Internal Combustion Engine,,,
16217,Village of Rockville Centre - (NY),2695,Charles P Keller,NY,Nassau,9,OP,IC,Electric Utility,1,3.5,3.2,3.2,NG,DFO,N,,,,,,,Y,Y,2.9,2.9,3.2,3.2,1H,1H,Y,Y,Y,,2015,Natural Gas Internal Combustion Engine,,,
15296,New York Power Authority,7314,Richard M Flynn,NY,Suffolk,NA1,OP,CT,Electric Utility,1,108.0,89.6,107.9,NG,DFO,Y,NG,DFO,,,,,Y,N,87.6,108,87.6,108,1H,1H,Y,,,Y,2015,Natural Gas Fired Combined Cycle,,,
15296,New York Power Authority,7314,Richard M Flynn,NY,Suffolk,NA2,OP,CA,Electric Utility,1,56.0,44.8,54,NG,DFO,N,,,,,,,Y,N,48.6,54,48.6,54,1H,1H,Y,,,Y,2015,Natural Gas Fired Combined Cycle,,,
56505,National Grid Generation LLC,7869,Glenwood Landing,NY,Nassau,GT4,OP,GT,Electric Utility,1,53.0,40,46.8,NG,KER,N,,,,,,,Y,Y,40.6,46,40.6,46,1H,1H,Y,,Y,,2015,Natural Gas Fired Combustion Turbine,,,
56505,National Grid Generation LLC,7869,Glenwood Landing,NY,Nassau,GT5,OP,GT,Electric Utility,1,53.0,40,43.2,NG,KER,N,,,,,,,Y,Y,38.6,44.6,38.6,44.6,1H,1H,Y,,Y,,2015,Natural Gas Fired Combustion Turbine,,,
5511,CCI Roseton LLC,8006,Roseton Generating Facility,NY,Orange,1,OP,ST,IPP Non-CHP,2,621.0,600.5,611.7,NG,RFO,Y,RFO,NG,,,,,Y,Y,619,618,619,618,1H,1H,Y,,,Y,2015,Natural Gas Steam Turbine,,,
5511,CCI Roseton LLC,8006,Roseton Generating Facility,NY,Orange,2,OP,ST,IPP Non-CHP,2,621.0,596,602.5,NG,RFO,Y,RFO,NG,,,,,Y,Y,587.5,595,587.5,595,1H,1H,Y,,,Y,2015,Natural Gas Steam Turbine,,,
54863,U S Power Generating Company LLC,8906,Astoria Generating Station,NY,Queens,3,OP,ST,IPP Non-CHP,2,376.0,376,376.4,NG,RFO,Y,RFO,NG,,,,,Y,Y,361,361,351,351,6H,6H,Y,Y,Y,,2015,Natural Gas Steam Turbine,,,
54863,U S Power Generating Company LLC,8906,Astoria Generating Station,NY,Queens,4,OS,ST,IPP Non-CHP,2,387.0,380,387,NG,RFO,Y,RFO,NG,,,,,Y,Y,372,372,361,361,6H,6H,Y,Y,Y,,2015,Natural Gas Steam Turbine,,,
54863,U S Power Generating Company LLC,8906,Astoria Generating Station,NY,Queens,ST5,OP,ST,IPP Non-CHP,2,387.0,381,380.6,NG,RFO,Y,RFO,NG,,,,,Y,Y,372,372,362,361,6H,6H,Y,Y,Y,,2015,Natural Gas Steam Turbine,,,
5624,"RED-Rochester, LLC",10025,"RED-Rochester, LLC",NY,Monroe,17TG,OP,ST,Industrial CHP,7,15.0,15,15,BIT,RFO,Y,RFO,NG,,,,,N,, , , , ,,,,,,,2015,Conventional Steam Coal,,,
5624,"RED-Rochester, LLC",10025,"RED-Rochester, LLC",NY,Monroe,22TG,OP,ST,Industrial CHP,7,12.5,12.5,12.5,BIT,RFO,Y,RFO,NG,,,,,N,, , , , ,,,,,,,2015,Conventional Steam Coal,,,
5624,"RED-Rochester, LLC",10025,"RED-Rochester, LLC",NY,Monroe,41TG,OP,ST,Industrial CHP,7,25.6,25.6,25.6,BIT,NG,Y,RFO,NG,,,,,N,, , , , ,,,,,,,2015,Conventional Steam Coal,,,
5624,"RED-Rochester, LLC",10025,"RED-Rochester, LLC",NY,Monroe,42TG,OP,ST,Industrial CHP,7,25.6,25.6,25.6,BIT,NG,Y,RFO,NG,,,,,N,, , , , ,,,,,,,2015,Conventional Steam Coal,,,
5624,"RED-Rochester, LLC",10025,"RED-Rochester, LLC",NY,Monroe,43TG,OP,ST,Industrial CHP,7,25.6,25.6,25.6,BIT,NG,Y,RFO,NG,,,,,N,, , , , ,,,,,,,2015,Conventional Steam Coal,,,
5624,"RED-Rochester, LLC",10025,"RED-Rochester, LLC",NY,Monroe,44TG,OP,ST,Industrial CHP,7,25.6,25.6,25.6,BIT,DFO,Y,DFO,BIT,,,,,N,, , , , ,,,,,,,2015,Conventional Steam Coal,,,
56479,PIC Group Inc,10190,Castleton Energy Center,NY,Rensselaer,GEN1,OP,CT,IPP Non-CHP,2,47.0,43,47,NG,DFO,Y,NG,DFO,,,,,Y,Y,42,48,41,47,1H,1H,Y,Y,Y,,2015,Natural Gas Fired Combined Cycle,,,
1746,Black River Generation LLC,10464,ReEnergy Black River,NY,Jefferson,GEN1,OP,ST,IPP Non-CHP,2,55.5,55,56,WDS,TDF,Y,WDS,DFO,TDF,,,,N,N, , , , ,,,,,,,2015,Wood/Wood Waste Biomass,,,
56174,Finch Paper LLC,10511,Finch Paper,NY,Warren,GEN6,OP,ST,Industrial CHP,7,29.0,23,27,WDL,WDS,N,,,,,,,Y,Y,14,18,8,12,6H,6H,Y,,Y,Y,2015,Wood/Wood Waste Biomass,,,
10849,Wyeth-Averst Lederle,10521,Lederle Laboratories,NY,Rockland,3A,OP,CA,Industrial CHP,7,1.5,1.5,1.5,NG,DFO,N,,,,,,,Y,Y,1.5,1.5,1.5,1.5,1H,1H,Y,,Y,,2015,Natural Gas Fired Combined Cycle,,,
10849,Wyeth-Averst Lederle,10521,Lederle Laboratories,NY,Rockland,GEN1,OP,CT,Industrial CHP,7,8.3,8.3,8.3,NG,DFO,N,,,,,,,Y,Y,8.3,8.3,8.3,8.3,1H,1H,Y,,Y,,2015,Natural Gas Fired Combined Cycle,,,
10849,Wyeth-Averst Lederle,10521,Lederle Laboratories,NY,Rockland,GEN2,OP,CT,Industrial CHP,7,8.3,8.3,8.3,NG,DFO,N,,,,,,,Y,Y,8.3,8.3,8.3,8.3,1H,1H,Y,,Y,,2015,Natural Gas Fired Combined Cycle,,,
10849,Wyeth-Averst Lederle,10521,Lederle Laboratories,NY,Rockland,GEN3,OP,CA,Industrial CHP,7,2.2,2.2,2.2,NG,DFO,N,,,,,,,Y,Y,3.1,3.1,3.1,3.1,1H,1H,Y,,Y,,2015,Natural Gas Fired Combined Cycle,,,
10849,Wyeth-Averst Lederle,10521,Lederle Laboratories,NY,Rockland,TG4,OP,CA,Industrial CHP,7,3.1,1.7,1.7,NG,DFO,N,,,,,,,Y,Y,2.2,2.2,2.2,2.2,1H,1H,Y,,Y,,2015,Natural Gas Fired Combined Cycle,,,
58338,Lakeside Beaver Falls LLC,10617,CH Resources Beaver Falls,NY,Lewis,GEN1,OP,CT,IPP CHP,3,65.5,52.9,56.8,NG,DFO,N,NG,DFO,,,,,Y,Y,52.9,56.8,45,50,UNK,UNK,N,,,,2015,Natural Gas Fired Combined Cycle,,,
58338,Lakeside Beaver Falls LLC,10617,CH Resources Beaver Falls,NY,Lewis,GEN2,OP,CA,IPP CHP,3,42.3,31,33.3,NG,DFO,N,NG,DFO,,,,,Y,Y,31,33.3,25,30,UNK,UNK,N,,,,2015,Natural Gas Fired Combined Cycle,,,
3085,Carthage Energy LLC,10620,Carthage Energy LLC,NY,Jefferson,GEN1,OP,CT,IPP Non-CHP,2,40.9,38.2,44.7,NG,DFO,Y,NG,DFO,,,,,Y,Y,40.03,45,40.03,45,1H,1H,Y,Y,Y,,2015,Natural Gas Fired Combined Cycle,,,
58337,Lakeside Syracuse LLC,10621,CH Resources Syracuse,NY,Onondaga,GEN1,SB,CT,IPP Non-CHP,2,65.5,54.8,58.8,NG,DFO,N,,,,,,,Y,Y,54.8,58.8,0,0,UNK,UNK,N,,,,2015,Natural Gas Fired Combined Cycle,,,
58337,Lakeside Syracuse LLC,10621,CH Resources Syracuse,NY,Onondaga,GEN2,SB,CA,IPP Non-CHP,2,37.2,32.2,35.8,NG,DFO,N,,,,,,,Y,Y,32.2,35.8,0,0,UNK,UNK,N,,,,2015,Natural Gas Fired Combined Cycle,,,
16909,Selkirk Cogen Partners LP,10725,Selkirk Cogen,NY,Albany,GEN1,OP,CT,IPP CHP,3,95.2,76.3,105.3,NG,DFO,Y,NG,DFO,,,,,Y,N,80.9,95,80.9,95,OVER,OVER,Y,Y,Y,,2015,Natural Gas Fired Combined Cycle,,,
16909,Selkirk Cogen Partners LP,10725,Selkirk Cogen,NY,Albany,GEN3,OP,CT,IPP CHP,3,95.2,279.6,329.6,NG,DFO,Y,NG,DFO,,,,,Y,N,80.9,95,80.9,95,OVER,OVER,Y,Y,Y,,2015,Natural Gas Fired Combined Cycle,,,
16909,Selkirk Cogen Partners LP,10725,Selkirk Cogen,NY,Albany,GEN4,OP,CT,IPP CHP,3,95.2, , ,NG,DFO,Y,NG,DFO,,,,,Y,N,80.9,95,80.9,95,OVER,OVER,Y,Y,Y,,2015,Natural Gas Fired Combined Cycle,,,
55807,Niagara Generation LLC,50202,WPS Power Niagara,NY,Niagara,GEN1,OS,ST,IPP Non-CHP,2,56.0,41.1,37.1,WDS,BIT,Y,BIT,WDS,,,,,N,, , , , ,,,,,,,2015,Wood/Wood Waste Biomass,,,
21508,Cornell University,50368,Cornell University Central Heat,NY,Tompkins,CT1,OP,CT,Commercial CHP,5,15.0,12.3,14.5,NG,DFO,N,NG,DFO,,,,,Y,Y,12.3,14.5,12.3,14.5,1H,1H,Y,,Y,,2015,Natural Gas Fired Combined Cycle,,,
21508,Cornell University,50368,Cornell University Central Heat,NY,Tompkins,CT2,OP,CT,Commercial CHP,5,15.0,12.3,14.5,NG,DFO,N,NG,DFO,,,,,Y,Y,12.3,14.5,12.3,14.5,1H,1H,Y,,Y,,2015,Natural Gas Fired Combined Cycle,,,
9245,Indeck-Energy Serv Silver Spg,50449,Indeck Silver Springs Energy Center,NY,Wyoming,GEN1,OP,CT,IPP CHP,3,39.4,49,62.6,NG,DFO,Y,NG,DFO,,,,,Y,Y,31.8,45.4,31.8,45.4,1H,1H,Y,Y,Y,,2015,Natural Gas Fired Combined Cycle,,,
9245,Indeck-Energy Serv Silver Spg,50449,Indeck Silver Springs Energy Center,NY,Wyoming,GEN2,OP,CA,IPP CHP,3,17.2, , ,NG,DFO,N,,,,,,,Y,Y,17.2,17.2,17.2,17.2,1H,1H,Y,Y,Y,,2015,Natural Gas Fired Combined Cycle,,,
9244,Indeck-Oswego Ltd Partnership,50450,Indeck Oswego Energy Center,NY,Oswego,GEN1,OP,CT,IPP CHP,3,41.2,47.9,61.3,NG,DFO,Y,NG,DFO,,,,,Y,Y,47.9,61.3,47.9,61.3,1H,1H,Y,Y,Y,,2015,Natural Gas Fired Combined Cycle,,,
9243,Indeck-Yerkes Ltd Partnership,50451,Indeck Yerkes Energy Center,NY,Erie,GEN1,OP,CT,IPP CHP,3,40.6,47.7,58.2,NG,DFO,Y,NG,DFO,,,,,Y,Y,28.4,38.9,28.4,38.9,1H,1H,Y,Y,Y,,2015,Natural Gas Fired Combined Cycle,,,
9243,Indeck-Yerkes Ltd Partnership,50451,Indeck Yerkes Energy Center,NY,Erie,GEN2,OP,CA,IPP CHP,3,19.3, , ,NG,,N,,,,,,,Y,,19.3,19.3,19.3,19.3,1H,1H,Y,Y,Y,,2015,Natural Gas Fired Combined Cycle,,,
9263,Indeck-Corinth Ltd Partnership,50458,Indeck Corinth Energy Center,NY,Saratoga,GEN1,OP,CT,IPP CHP,3,92.0,75.4,92.6,NG,DFO,N,,,,,,,Y,Y,75.4,92.6,75.4,92.6,1H,1H,Y,Y,Y,,2015,Natural Gas Fired Combined Cycle,,,
470,Covanta Energy of Niagara LP,50472,Covanta Niagara LP,NY,Niagara,GEN1,OP,ST,IPP CHP,3,25.0,18,18,MSW,NG,Y,NG,MSW,WDS,,,,N,, , , , ,,,,,,,2015,Municipal Solid Waste,,,
470,Covanta Energy of Niagara LP,50472,Covanta Niagara LP,NY,Niagara,GEN2,OP,ST,IPP CHP,3,25.0,18,18,MSW,NG,Y,NG,MSW,WDS,,,,N,, , , , ,,,,,,,2015,Municipal Solid Waste,,,
18020,Starrett City Inc,50743,Starrett City Cogen Facility,NY,Kings,GEN1,OP,ST,Commercial CHP,5,6.0,5.5,6,NG,RFO,N,,,,,,,Y,N,5.5,5.5,5.8,5.8,1H,1H,N,,,,2015,Natural Gas Steam Turbine,,,
18020,Starrett City Inc,50743,Starrett City Cogen Facility,NY,Kings,GEN2,OP,ST,Commercial CHP,5,6.0,5.5,6,NG,RFO,N,,,,,,,Y,N,5.5,5.5,5.8,5.8,1H,1H,N,,,,2015,Natural Gas Steam Turbine,,,
18020,Starrett City Inc,50743,Starrett City Cogen Facility,NY,Kings,GEN3,SB,IC,Commercial CHP,5,2.0,2,2,DFO,NG,Y,DFO,NG,,,,,Y,Y,1.8,1.8,2,1.8,1H,1H,Y,,Y,,2015,Petroleum Liquids,,,
18020,Starrett City Inc,50743,Starrett City Cogen Facility,NY,Kings,GEN4,SB,IC,Commercial CHP,5,2.0,2,2,DFO,NG,Y,DFO,NG,,,,,Y,Y,1.8,1.8,2,1.8,1H,1H,Y,,Y,,2015,Petroleum Liquids,,,
18020,Starrett City Inc,50743,Starrett City Cogen Facility,NY,Kings,GEN5,SB,IC,Commercial CHP,5,2.0,2,2,DFO,NG,Y,DFO,NG,,,,,Y,Y,1.8,1.8,2,1.8,1H,1H,Y,,Y,,2015,Petroleum Liquids,,,
24202,Carr Street Generating Sta LP,50978,Carr Street Generating Station,NY,Onondaga,GEN1,OP,CT,IPP Non-CHP,2,48.8,33,40,NG,DFO,N,,,,,,,Y,Y,33,40,33,40,1H,1H,Y,Y,Y,,2015,Natural Gas Fired Combined Cycle,,,
24202,Carr Street Generating Sta LP,50978,Carr Street Generating Station,NY,Onondaga,GEN2,OP,CT,IPP Non-CHP,2,48.8,33,40,NG,DFO,N,,,,,,,Y,Y,33,40,33,40,1H,1H,Y,Y,Y,,2015,Natural Gas Fired Combined Cycle,,,
24202,Carr Street Generating Sta LP,50978,Carr Street Generating Station,NY,Onondaga,GEN3,OP,CA,IPP Non-CHP,2,25.0,22.5,25,NG,DFO,N,,,,,,,Y,Y,22.5,25,22.5,25,1H,1H,Y,Y,Y,,2015,Natural Gas Fired Combined Cycle,,,
8688,Hofstra University,51035,Hofstra University,NY,Nassau,GEN1,OP,IC,Commercial CHP,5,1.1,1.1,1.1,NG,DFO,Y,NG,DFO,,,,,N,N, , , , ,,,,,,,2015,Natural Gas Internal Combustion Engine,,,
8688,Hofstra University,51035,Hofstra University,NY,Nassau,GEN2,OP,IC,Commercial CHP,5,1.1,1.1,1.1,NG,DFO,Y,NG,DFO,,,,,N,N, , , , ,,,,,,,2015,Natural Gas Internal Combustion Engine,,,
19153,Nassau Energy Corp,52056,Nassau Energy Corp,NY,NASSAU,GT1,OP,CT,IPP CHP,3,43.0,43,45,NG,DFO,Y,NG,DFO,,,,,Y,Y,43,45,43,43,1H,1H,Y,Y,Y,,2015,Natural Gas Fired Combined Cycle,,,
24210,Riverbay Corp,52168,Riverbay,NY,Bronx,GEN2,OP,ST,Commercial CHP,5,16.0,13.8,15,NG,DFO,N,,,,,,,Y,N,13.8,15,13.8,13.8,6H,6H,Y,Y,Y,,2015,Natural Gas Steam Turbine,,,
24210,Riverbay Corp,52168,Riverbay,NY,Bronx,GEN3,OP,GT,Commercial CHP,5,12.9,11.1,12.1,NG,DFO,N,,,,,,,Y,Y,11.1,12.1,9.8,12.1,6H,6H,Y,Y,Y,,2015,Natural Gas Fired Combustion Turbine,,,
24210,Riverbay Corp,52168,Riverbay,NY,Bronx,GEN4,OP,GT,Commercial CHP,5,12.9,11.1,12.1,NG,DFO,N,,,,,,,Y,Y,11.1,12.1,9.8,12.1,6H,6H,Y,Y,Y,,2015,Natural Gas Fired Combustion Turbine,,,
6838,CCI Rensselaer LLC,54034,Rensselaer Cogen,NY,RENSSELAER,GEN1,OP,CT,IPP Non-CHP,2,49.2,47,55.8,NG,DFO,N,,,,,,,Y,Y,47,58,45,54,6H,6H,Y,Y,Y,,2015,Natural Gas Fired Combined Cycle,,,
6838,CCI Rensselaer LLC,54034,Rensselaer Cogen,NY,RENSSELAER,GEN2,OP,CA,IPP Non-CHP,2,39.0,33.4,30,NG,DFO,N,,,,,,,Y,Y,32.4,33,18,20,6H,6H,Y,Y,Y,,2015,Natural Gas Fired Combined Cycle,,,
11127,Lockport Energy Associates LP,54041,Lockport Energy Associates LP,NY,Niagara,GEN1,OP,CT,IPP CHP,3,48.7,42.6,49,NG,DFO,Y,NG,DFO,,,,,Y,Y,42.6,48,43,49,1H,1H,Y,Y,Y,,2015,Natural Gas Fired Combined Cycle,,,
11127,Lockport Energy Associates LP,54041,Lockport Energy Associates LP,NY,Niagara,GEN2,OP,CT,IPP CHP,3,48.7,42.6,49,NG,DFO,Y,NG,DFO,,,,,Y,Y,42.6,48,43,49,1H,1H,Y,Y,Y,,2015,Natural Gas Fired Combined Cycle,,,
11127,Lockport Energy Associates LP,54041,Lockport Energy Associates LP,NY,Niagara,GEN3,OP,CT,IPP CHP,3,48.7,42.6,49,NG,DFO,Y,NG,DFO,,,,,Y,Y,42.6,48,43,49,1H,1H,Y,Y,Y,,2015,Natural Gas Fired Combined Cycle,,,
9261,Indeck-Olean Ltd Partnership,54076,Indeck Olean Energy Center,NY,Cattaraugus,GEN1,OP,CT,IPP CHP,3,46.0,31.6,39.6,NG,DFO,Y,NG,DFO,,,,,Y,Y,31.1,39.8,31.1,39.8,1H,1H,Y,Y,Y,,2015,Natural Gas Fired Combined Cycle,,,
9261,Indeck-Olean Ltd Partnership,54076,Indeck Olean Energy Center,NY,Cattaraugus,GEN2,OP,CA,IPP CHP,3,44.6,44.6,44.6,NG,,N,,,,,,,Y,Y,46.6,46.6,46.6,46.6,24H,24H,Y,Y,Y,,2015,Natural Gas Fired Combined Cycle,,,
10349,KIAC Partners,54114,Kennedy International Airport Cogen,NY,Queens,GEN1,OP,CT,IPP CHP,3,47.1,50.3,50.7,NG,DFO,N,,,,,,,Y,Y,50.3,50.73,50.3,50.73,1H,1H,N,,,,2015,Natural Gas Fired Combined Cycle,,,
10349,KIAC Partners,54114,Kennedy International Airport Cogen,NY,Queens,GEN2,OP,CT,IPP CHP,3,47.1,48.3,50.7,NG,DFO,N,,,,,,,Y,Y,48.29,50.07,48.29,50.07,1H,1H,N,,,,2015,Natural Gas Fired Combined Cycle,,,
10349,KIAC Partners,54114,Kennedy International Airport Cogen,NY,Queens,GEN3,OP,CA,IPP CHP,3,27.0,27.6,26.4,NG,DFO,N,,,,,,,Y,Y,27.56,26.38,27.56,26.38,1H,1H,N,,,,2015,Natural Gas Fired Combined Cycle,,,
50136,North American Energy Services,54131,Fortistar North Tonawanda,NY,Niagara,GEN1,OP,CT,IPP CHP,3,38.3,40.8,48.5,NG,DFO,Y,NG,DFO,,,,,Y,Y,37.8,38.9,35.37,36.4,1H,1H,Y,Y,Y,,2015,Natural Gas Fired Combined Cycle,,,
13587,Nissequoque Cogen Partners,54149,Stony Brook Cogen Plant,NY,Suffolk,GEN1,OP,GT,IPP CHP,3,47.0,44.5,47.1,NG,DFO,N,,,,,,,Y,Y,42,44,42,44,1H,1H,Y,Y,Y,,2015,Natural Gas Fired Combustion Turbine,,,
15253,Power City Partners LP,54592,Massena Energy Facility,NY,St Lawrence,GEN1,OP,CT,IPP Non-CHP,2,66.5,46,56,NG,DFO,N,,,,,,,Y,Y,46,59,46,59,1H,1H,Y,,Y,,2015,Natural Gas Fired Combined Cycle,,,
13491,New York University,54808,New York University Central Plant,NY,New York,GT1,OP,CT,Commercial CHP,5,5.5,5.5,5.5,NG,DFO,Y,NG,DFO,,,,,Y,Y,5.5,5.5,5.5,5.5,1H,1H,Y,Y,,,2015,Natural Gas Fired Combined Cycle,,,
13491,New York University,54808,New York University Central Plant,NY,New York,GT2,OP,CT,Commercial CHP,5,5.5,5.5,5.5,NG,DFO,Y,NG,DFO,,,,,Y,Y,5.5,5.5,5.5,5.5,1H,1H,Y,Y,,,2015,Natural Gas Fired Combined Cycle,,,
2313,Brooklyn Navy Yard Cogen PLP,54914,Brooklyn Navy Yard Cogeneration,NY,Kings,01,OP,CT,IPP CHP,3,121.0,90,110,NG,DFO,N,,,,,,,Y,Y,85,110,95,110,1H,1H,Y,,Y,,2015,Natural Gas Fired Combined Cycle,,,
2313,Brooklyn Navy Yard Cogen PLP,54914,Brooklyn Navy Yard Cogeneration,NY,Kings,02,OP,CT,IPP CHP,3,121.0,90,110,NG,DFO,N,,,,,,,Y,Y,85,110,95,95,1H,1H,Y,,Y,,2015,Natural Gas Fired Combined Cycle,,,
13582,NRG Astoria Gas Turbine Operations Inc,55243,Astoria Gas Turbines,NY,Queens,2-1,OP,GT,IPP Non-CHP,2,41.9,36.2,44.3,NG,KER,N,,,,,,,Y,Y,36.2,44.3,36.2,44.3,1H,1H,Y,,Y,,2015,Natural Gas Fired Combustion Turbine,,,
13582,NRG Astoria Gas Turbine Operations Inc,55243,Astoria Gas Turbines,NY,Queens,2-2,OP,GT,IPP Non-CHP,2,41.9,33.6,43.7,NG,KER,N,,,,,,,Y,Y,33.6,43.7,33.6,43.7,1H,1H,Y,,Y,,2015,Natural Gas Fired Combustion Turbine,,,
13582,NRG Astoria Gas Turbine Operations Inc,55243,Astoria Gas Turbines,NY,Queens,2-3,OP,GT,IPP Non-CHP,2,41.9,34.4,44.5,NG,KER,N,,,,,,,Y,Y,34.4,44.5,34.4,44.5,1H,1H,Y,,Y,,2015,Natural Gas Fired Combustion Turbine,,,
13582,NRG Astoria Gas Turbine Operations Inc,55243,Astoria Gas Turbines,NY,Queens,2-4,OP,GT,IPP Non-CHP,2,41.9,34,44.9,NG,KER,N,,,,,,,Y,Y,34,44.9,34,44.9,1H,1H,Y,,Y,,2015,Natural Gas Fired Combustion Turbine,,,
13582,NRG Astoria Gas Turbine Operations Inc,55243,Astoria Gas Turbines,NY,Queens,3-1,OP,GT,IPP Non-CHP,2,41.9,32.8,42.3,NG,KER,N,,,,,,,Y,Y,32.8,42.3,32.8,42.3,1H,1H,Y,,Y,,2015,Natural Gas Fired Combustion Turbine,,,
13582,NRG Astoria Gas Turbine Operations Inc,55243,Astoria Gas Turbines,NY,Queens,3-2,OP,GT,IPP Non-CHP,2,41.9,35.5,43,NG,KER,N,,,,,,,Y,Y,35.5,43,35.5,43,1H,1H,Y,,Y,,2015,Natural Gas Fired Combustion Turbine,,,
13582,NRG Astoria Gas Turbine Operations Inc,55243,Astoria Gas Turbines,NY,Queens,3-3,OP,GT,IPP Non-CHP,2,41.9,33.6,43.8,NG,KER,N,,,,,,,Y,Y,33.6,43.8,33.6,43.8,1H,1H,Y,,Y,,2015,Natural Gas Fired Combustion Turbine,,,
13582,NRG Astoria Gas Turbine Operations Inc,55243,Astoria Gas Turbines,NY,Queens,3-4,OP,GT,IPP Non-CHP,2,41.9,35.5,44.7,NG,KER,N,,,,,,,Y,Y,35.5,44.7,35.5,44.7,1H,1H,Y,,Y,,2015,Natural Gas Fired Combustion Turbine,,,
13582,NRG Astoria Gas Turbine Operations Inc,55243,Astoria Gas Turbines,NY,Queens,4-1,OP,GT,IPP Non-CHP,2,41.9,34.4,43.7,NG,KER,N,,,,,,,Y,Y,34.4,43.7,34.4,43.7,1H,1H,Y,,Y,,2015,Natural Gas Fired Combustion Turbine,,,
13582,NRG Astoria Gas Turbine Operations Inc,55243,Astoria Gas Turbines,NY,Queens,4-2,OP,GT,IPP Non-CHP,2,41.9,33.6,42.5,NG,KER,N,,,,,,,Y,Y,33.6,42.5,33.6,42.5,1H,1H,Y,,Y,,2015,Natural Gas Fired Combustion Turbine,,,
13582,NRG Astoria Gas Turbine Operations Inc,55243,Astoria Gas Turbines,NY,Queens,4-3,OP,GT,IPP Non-CHP,2,41.9,33.5,43.1,NG,KER,N,,,,,,,Y,Y,33.5,43.1,33.5,43.1,1H,1H,Y,,Y,,2015,Natural Gas Fired Combustion Turbine,,,
13582,NRG Astoria Gas Turbine Operations Inc,55243,Astoria Gas Turbines,NY,Queens,4-4,OP,GT,IPP Non-CHP,2,41.9,32.6,43.5,NG,KER,N,,,,,,,Y,Y,32.6,43.5,32.6,43.5,1H,1H,Y,,Y,,2015,Natural Gas Fired Combustion Turbine,,,
22979,Astoria Energy LLC,55375,Astoria Energy,NY,Queens,CT1,OP,CT,IPP Non-CHP,2,170.0,156,170,NG,DFO,N,,,,,,,Y,N,165,189,165,189,1H,1H,Y,Y,Y,,2015,Natural Gas Fired Combined Cycle,,,
22979,Astoria Energy LLC,55375,Astoria Energy,NY,Queens,CT2,OP,CT,IPP Non-CHP,2,170.0,156,170,NG,DFO,N,,,,,,,Y,N,165,189,165,189,1H,1H,Y,Y,Y,,2015,Natural Gas Fired Combined Cycle,,,
20323,Wellhead Services Inc,55600,Binghamton Cogen,NY,Broome,1,OP,GT,IPP CHP,3,47.7,42,47,NG,DFO,,,,,,,,Y,Y,42,47,42,47,1H,1H,Y,Y,Y,,2015,Natural Gas Fired Combustion Turbine,,,
49845,"Equus Power I, L.P.,",56032,Equus Freeport Power,NY,Nassau,0001,OP,GT,IPP Non-CHP,2,60.0,47.9,49.2,NG,KER,N,,,,,,,Y,N,47.9, ,47.9, ,A,,Y,,,Y,2015,Natural Gas Fired Combustion Turbine,,,
49845,"Equus Power I, L.P.,",56032,Equus Freeport Power,NY,Nassau,001,OP,GT,IPP Non-CHP,2,60.0,48.1,49.7,NG,KER,N,,,,,,,Y,N,48.1,49.7,48.1,49.7,1H,1H,Y,,,Y,2015,Natural Gas Fired Combustion Turbine,,,
49837,Pinelawn Power LLC,56188,Pinelawn Power LLC,NY,SUFFOLK,CTG,OP,CT,IPP Non-CHP,2,50.0,47,47,NG,KER,N,,,,,,,Y,N,48,49,48,49,1H,1H,Y,Y,Y,,2015,Natural Gas Fired Combined Cycle,,,
15296,New York Power Authority,56196,500MW CC,NY,Queens,CA01,OP,CA,Electric Utility,1,188.0,161.7,176.7,NG,,,,,,,,,Y,, , , , ,1H,,,,,,2015,Natural Gas Fired Combined Cycle,,,
15296,New York Power Authority,56196,500MW CC,NY,Queens,CT01,OP,CT,Electric Utility,1,170.0,146.2,159.8,NG,KER,,,,,,,,Y,, , , , ,1H,,,,,,2015,Natural Gas Fired Combined Cycle,,,
15296,New York Power Authority,56196,500MW CC,NY,Queens,CT02,OP,CT,Electric Utility,1,170.0,146.2,159.8,NG,KER,,,,,,,,Y,, , , , ,1H,,,,,,2015,Natural Gas Fired Combined Cycle,,,
49950,"Caithness Long Island, LLC",56234,Caithness Long Island Energy Center,NY,Suffolk,CT01,OP,CT,IPP Non-CHP,2,196.2,179.9,232.9,NG,DFO,N,,,,,,,Y,Y,175,220,175,200,6H,6H,Y,Y,Y,,2015,Natural Gas Fired Combined Cycle,,,
49950,"Caithness Long Island, LLC",56234,Caithness Long Island Energy Center,NY,Suffolk,ST01,OP,CA,IPP Non-CHP,2,152.7,137,153,NG,,N,,,,,,,Y,Y,138,151,138,151,6H,6H,Y,Y,Y,,2015,Natural Gas Fired Combined Cycle,,,
56480,Empire Generating Co  LLC,56259,Empire Generating Co  LLC,NY,Rensselaer,CT11,OP,CT,IPP CHP,3,179.0,155,190,NG,DFO,N,,,,,,,Y,N,165,190,177,190,1H,1H,Y,,Y,Y,2015,Natural Gas Fired Combined Cycle,,,
56480,Empire Generating Co  LLC,56259,Empire Generating Co  LLC,NY,Rensselaer,CT12,OP,CT,IPP CHP,3,179.0,155,190,NG,DFO,N,,,,,,,Y,N,165,190,177,190,1H,1H,Y,,Y,Y,2015,Natural Gas Fired Combined Cycle,,,
56480,Empire Generating Co  LLC,56259,Empire Generating Co  LLC,NY,Rensselaer,ST13,OP,CA,IPP CHP,3,295.7,270,295.7,NG,DFO,N,,,,,,,Y,N,270,285,175,185,1H,1H,Y,,Y,Y,2015,Natural Gas Fired Combined Cycle,,,
56965,"Auburn Energy, LLC",57636,Auburn LFG Energy Facility,NY,Cayuga,1,OP,IC,IPP Non-CHP,2,1.1,1.1,1.1,LFG,NG,Y,NG,LFG,,,,,N,, , , , ,,,,,,,2015,Landfill Gas,,,
56965,"Auburn Energy, LLC",57636,Auburn LFG Energy Facility,NY,Cayuga,3,OP,IC,IPP Non-CHP,2,1.1,1.1,1.1,LFG,NG,Y,NG,LFG,,,,,N,, , , , ,,,,,,,2015,Landfill Gas,,,
56991,Astoria Energy II LLC,57664,Astoria Energy II,NY,Queens,CT3,OP,CT,IPP Non-CHP,2,200.0,156,188,NG,DFO,N,,,,,,,Y,Y,156,188,156,188,1H,1H,Y,Y,Y,,2015,Natural Gas Fired Combined Cycle,,,
56991,Astoria Energy II LLC,57664,Astoria Energy II,NY,Queens,CT4,OP,CT,IPP Non-CHP,2,200.0,156,188,NG,DFO,N,,,,,,,Y,Y,156,188,156,188,1H,1H,Y,Y,Y,,2015,Natural Gas Fired Combined Cycle,,,
56991,Astoria Energy II LLC,57664,Astoria Energy II,NY,Queens,ST2,OP,CA,IPP Non-CHP,2,250.0,228,236,NG,,N,,,,,,,Y,Y,228,236,228,236,1H,1H,Y,Y,Y,,2015,Natural Gas Fired Combined Cycle,,,
58107,University of Rochester,58157,University of Rochester,NY,Monroe,HP,OP,ST,Commercial CHP,5,18.2,17,17,NG,DFO,N,,,,,,,Y,N,16,17,17,17,1H,6H,Y,Y,Y,,2015,Natural Gas Steam Turbine,,,
58107,University of Rochester,58157,University of Rochester,NY,Monroe,LP,OP,ST,Commercial CHP,5,7.2,7.2,7.2,NG,DFO,N,,,,,,,Y,N,7,7,7,7,1H,6H,Y,Y,Y,,2015,Natural Gas Steam Turbine,,,
58487,Montefiore Medical Center Moses Division,58507,Montefieor Medical Center Moses Division,NY,Bronx,ES006,OP,GT,Commercial CHP,5,3.5,3.5,3.5,NG,DFO,,,,,,,,Y,Y,3.5,3.5,3.5,3.5,6H,6H,N,,,,2015,Natural Gas Fired Combustion Turbine,,,
58487,Montefiore Medical Center Moses Division,58507,Montefieor Medical Center Moses Division,NY,Bronx,S0001,OP,IC,Commercial CHP,5,1.6,1.2,1.2,NG,DFO,,,,,,,,Y,Y,1.2,1.2,1.2,1.2,6H,6H,N,,,,2015,Natural Gas Internal Combustion Engine,,,
58487,Montefiore Medical Center Moses Division,58507,Montefieor Medical Center Moses Division,NY,Bronx,S0002,OP,IC,Commercial CHP,5,1.6,1.2,1.2,NG,,,,,,,,,Y,Y,1.2,1.2,1.2,1.2,6H,6H,N,,,,2015,Natural Gas Internal Combustion Engine,,,
58487,Montefiore Medical Center Moses Division,58507,Montefieor Medical Center Moses Division,NY,Bronx,S0003,OP,IC,Commercial CHP,5,1.6,1.2,1.2,NG,DFO,,,,,,,,Y,Y,1.2,1.2,1.2,1.2,6H,6H,N,,,,2015,Natural Gas Internal Combustion Engine,,,
58971,Danskammer Energy,2480,Danskammer Generating Station,NY,Orange,1,OP,ST,IPP Non-CHP,2,72.0,70.7,68.2,NG,RFO,Y,RFO,NG,,,,,Y,Y,70.7,68.2,70.7,68.2,1H,1H,N,Y,,,2016,Natural Gas Steam Turbine,Y,,
58971,Danskammer Energy,2480,Danskammer Generating Station,NY,Orange,2,OP,ST,IPP Non-CHP,2,73.5,65.7,65.5,NG,RFO,Y,RFO,NG,,,,,Y,Y,65.7,65.5,65.7,65.5,1H,1H,N,Y,,,2016,Natural Gas Steam Turbine,Y,,
3249,Central Hudson Gas & Elec Corp,2487,West Coxsackie,NY,Greene,GT1,OP,GT,Electric Utility,1,21.6,21.3,21.3,NG,,N,,,,,,,Y,Y,19.6,19.6,19.6,19.6,1H,1H,Y,,Y,,2016,Natural Gas Fired Combustion Turbine,Y,,
4226,Consolidated Edison Co-NY Inc,2493,East River,NY,New York,1,OP,GT,Electric Utility,1,180.0,152.3,195.8,NG,KER,N,,,,,,,Y,N,152.3,195.8,143.8,182.8,UNK,UNK,Y,,Y,,2016,Natural Gas Fired Combustion Turbine,Y,,
4226,Consolidated Edison Co-NY Inc,2493,East River,NY,New York,2,OP,GT,Electric Utility,1,180.0,149.1,193.7,NG,KER,N,,,,,,,Y,N,149.1,193.7,148.3,182.8,72H,UNK,Y,,Y,,2016,Natural Gas Fired Combustion Turbine,Y,,
4226,Consolidated Edison Co-NY Inc,2493,East River,NY,New York,6,OP,ST,Electric Utility,1,156.2,143.1,142.8,NG,RFO,N,,,,,,,Y,Y,143.1,142.8,130,140,6H,6H,Y,,,Y,2016,Natural Gas Steam Turbine,Y,,
4226,Consolidated Edison Co-NY Inc,2493,East River,NY,New York,7,OP,ST,Electric Utility,1,200.0,185.6,184.1,NG,RFO,N,,,,,,,Y,Y,185.6,184.1,170,185,6H,6H,Y,,,Y,2016,Natural Gas Steam Turbine,Y,,
54863,U S Power Generating Company LLC,2494,Gowanus Gas Turbines Generating,NY,Kings,GT21,OP,GT,IPP Non-CHP,2,20.0,16.9,21.3,NG,DFO,Y,NG,DFO,,,,,Y,Y,17.2,20.6,17.2,20.6,1H,1H,Y,,Y,,2016,Natural Gas Fired Combustion Turbine,Y,,
54863,U S Power Generating Company LLC,2494,Gowanus Gas Turbines Generating,NY,Kings,GT22,OP,GT,IPP Non-CHP,2,20.0,18.2,22.5,NG,DFO,Y,NG,DFO,,,,,Y,Y,17.7,21.8,17.7,21.8,1H,1H,Y,,Y,,2016,Natural Gas Fired Combustion Turbine,Y,,
54863,U S Power Generating Company LLC,2494,Gowanus Gas Turbines Generating,NY,Kings,GT23,OP,GT,IPP Non-CHP,2,20.0,19,23.7,NG,DFO,Y,NG,DFO,,,,,Y,Y,19.2,23.3,19.2,23.3,1H,1H,Y,,Y,,2016,Natural Gas Fired Combustion Turbine,Y,,
54863,U S Power Generating Company LLC,2494,Gowanus Gas Turbines Generating,NY,Kings,GT24,OP,GT,IPP Non-CHP,2,20.0,17.5,21.7,NG,DFO,Y,NG,DFO,,,,,Y,Y,17.2,21,17.2,21,1H,1H,Y,,Y,,2016,Natural Gas Fired Combustion Turbine,Y,,
54863,U S Power Generating Company LLC,2494,Gowanus Gas Turbines Generating,NY,Kings,GT25,OP,GT,IPP Non-CHP,2,20.0,17.5,22.7,NG,DFO,Y,NG,DFO,,,,,Y,Y,17.4,21,17.4,21,1H,1H,Y,,Y,,2016,Natural Gas Fired Combustion Turbine,Y,,
54863,U S Power Generating Company LLC,2494,Gowanus Gas Turbines Generating,NY,Kings,GT26,OP,GT,IPP Non-CHP,2,20.0,19.1,23.6,NG,DFO,Y,NG,DFO,,,,,Y,Y,18.7,23,18.7,23,1H,1H,Y,,Y,,2016,Natural Gas Fired Combustion Turbine,Y,,
54863,U S Power Generating Company LLC,2494,Gowanus Gas Turbines Generating,NY,Kings,GT27,OP,GT,IPP Non-CHP,2,20.0,19.1,23.5,NG,DFO,Y,NG,DFO,,,,,Y,Y,18.1,22.7,18.1,22.7,1H,1H,Y,,Y,,2016,Natural Gas Fired Combustion Turbine,Y,,
54863,U S Power Generating Company LLC,2494,Gowanus Gas Turbines Generating,NY,Kings,GT28,OP,GT,IPP Non-CHP,2,20.0,17.2,21.6,NG,DFO,Y,NG,DFO,,,,,Y,Y,17.5,21.3,17.5,21.3,1H,1H,Y,,Y,,2016,Natural Gas Fired Combustion Turbine,Y,,
54863,U S Power Generating Company LLC,2494,Gowanus Gas Turbines Generating,NY,Kings,GT31,OP,GT,IPP Non-CHP,2,20.0,16.5,21.7,NG,DFO,Y,NG,DFO,,,,,Y,Y,17.3,20.1,17.3,20.1,1H,1H,Y,,Y,,2016,Natural Gas Fired Combustion Turbine,Y,,
54863,U S Power Generating Company LLC,2494,Gowanus Gas Turbines Generating,NY,Kings,GT32,OP,GT,IPP Non-CHP,2,20.0,16.5,21.7,NG,DFO,Y,NG,DFO,,,,,Y,Y,17.3,20.4,17.3,20.4,1H,1H,Y,,Y,,2016,Natural Gas Fired Combustion Turbine,Y,,
54863,U S Power Generating Company LLC,2494,Gowanus Gas Turbines Generating,NY,Kings,GT33,OP,GT,IPP Non-CHP,2,20.0,17.9,23.3,NG,DFO,Y,NG,DFO,,,,,Y,Y,18.4,23.5,18.4,23.5,1H,1H,Y,,Y,,2016,Natural Gas Fired Combustion Turbine,Y,,
54863,U S Power Generating Company LLC,2494,Gowanus Gas Turbines Generating,NY,Kings,GT34,OP,GT,IPP Non-CHP,2,20.0,16.3,21.5,NG,DFO,Y,NG,DFO,,,,,Y,Y,16.5,21,16.5,21,1H,1H,Y,,Y,,2016,Natural Gas Fired Combustion Turbine,Y,,
54863,U S Power Generating Company LLC,2494,Gowanus Gas Turbines Generating,NY,Kings,GT35,OP,GT,IPP Non-CHP,2,20.0,17,22.3,NG,DFO,Y,NG,DFO,,,,,Y,Y,18.2,21.2,18.2,21.2,1H,1H,Y,,Y,,2016,Natural Gas Fired Combustion Turbine,Y,,
54863,U S Power Generating Company LLC,2494,Gowanus Gas Turbines Generating,NY,Kings,GT36,OP,GT,IPP Non-CHP,2,20.0,15.2,20.3,NG,DFO,Y,NG,DFO,,,,,Y,Y,15.6,18.9,15.6,18.9,1H,1H,Y,,Y,,2016,Natural Gas Fired Combustion Turbine,Y,,
54863,U S Power Generating Company LLC,2494,Gowanus Gas Turbines Generating,NY,Kings,GT37,OP,GT,IPP Non-CHP,2,20.0,17.9,23.1,NG,DFO,Y,NG,DFO,,,,,Y,Y,18.2,20.1,18.2,20.1,1H,1H,Y,,Y,,2016,Natural Gas Fired Combustion Turbine,Y,,
54863,U S Power Generating Company LLC,2494,Gowanus Gas Turbines Generating,NY,Kings,GT38,OP,GT,IPP Non-CHP,2,20.0,18,23.2,NG,DFO,Y,NG,DFO,,,,,Y,Y,17.9,22.4,17.9,22.4,1H,1H,Y,,Y,,2016,Natural Gas Fired Combustion Turbine,Y,,
54863,U S Power Generating Company LLC,2499,Narrows Gas Turbines Generating,NY,Kings,NT11,OP,GT,IPP Non-CHP,2,22.0,18.5,24,NG,DFO,Y,NG,DFO,,,,,Y,Y,19.1,21.9,19.1,21.9,1H,1H,Y,,Y,,2016,Natural Gas Fired Combustion Turbine,Y,,
54863,U S Power Generating Company LLC,2499,Narrows Gas Turbines Generating,NY,Kings,NT12,OP,GT,IPP Non-CHP,2,22.0,16.7,22.7,NG,DFO,Y,NG,DFO,,,,,Y,Y,17.3,20.7,17.3,20.7,1H,1H,Y,,Y,,2016,Natural Gas Fired Combustion Turbine,Y,,
54863,U S Power Generating Company LLC,2499,Narrows Gas Turbines Generating,NY,Kings,NT13,OP,GT,IPP Non-CHP,2,22.0,18.2,23.3,NG,DFO,Y,NG,DFO,,,,,Y,Y,18.3,22.8,18.3,22.8,1H,1H,Y,,Y,,2016,Natural Gas Fired Combustion Turbine,Y,,
54863,U S Power Generating Company LLC,2499,Narrows Gas Turbines Generating,NY,Kings,NT14,OP,GT,IPP Non-CHP,2,22.0,18,23.6,NG,DFO,Y,NG,DFO,,,,,Y,Y,18.4,23.1,18.4,23.1,1H,1H,Y,,Y,,2016,Natural Gas Fired Combustion Turbine,Y,,
54863,U S Power Generating Company LLC,2499,Narrows Gas Turbines Generating,NY,Kings,NT15,OP,GT,IPP Non-CHP,2,22.0,19,23.5,NG,DFO,Y,NG,DFO,,,,,Y,Y,18.6,22.7,18.6,22.7,1H,1H,Y,,Y,,2016,Natural Gas Fired Combustion Turbine,Y,,
54863,U S Power Generating Company LLC,2499,Narrows Gas Turbines Generating,NY,Kings,NT16,OP,GT,IPP Non-CHP,2,22.0,16,21.1,NG,DFO,Y,NG,DFO,,,,,Y,Y,16.6,20,16.6,20,1H,1H,Y,,Y,,2016,Natural Gas Fired Combustion Turbine,Y,,
54863,U S Power Generating Company LLC,2499,Narrows Gas Turbines Generating,NY,Kings,NT17,OP,GT,IPP Non-CHP,2,22.0,16.1,20.5,NG,DFO,Y,NG,DFO,,,,,Y,Y,16.6,20.4,16.6,20.4,1H,1H,Y,,Y,,2016,Natural Gas Fired Combustion Turbine,Y,,
54863,U S Power Generating Company LLC,2499,Narrows Gas Turbines Generating,NY,Kings,NT18,OP,GT,IPP Non-CHP,2,22.0,16.9,22.2,NG,DFO,Y,NG,DFO,,,,,Y,Y,16.6,20.5,16.6,20.5,1H,1H,Y,,Y,,2016,Natural Gas Fired Combustion Turbine,Y,,
54863,U S Power Generating Company LLC,2499,Narrows Gas Turbines Generating,NY,Kings,NT21,OP,GT,IPP Non-CHP,2,22.0,18.4,24.4,NG,DFO,Y,NG,DFO,,,,,Y,Y,18.8,22.6,18.8,22.6,1H,1H,Y,,Y,,2016,Natural Gas Fired Combustion Turbine,Y,,
54863,U S Power Generating Company LLC,2499,Narrows Gas Turbines Generating,NY,Kings,NT22,OP,GT,IPP Non-CHP,2,22.0,17.2,22.5,NG,DFO,Y,NG,DFO,,,,,Y,Y,17.3,21,17.3,21,1H,1H,Y,,Y,,2016,Natural Gas Fired Combustion Turbine,Y,,
54863,U S Power Generating Company LLC,2499,Narrows Gas Turbines Generating,NY,Kings,NT23,OP,GT,IPP Non-CHP,2,22.0,17.9,23.3,NG,DFO,Y,NG,DFO,,,,,Y,Y,18.4,22.4,18.4,22.4,1H,1H,Y,,Y,,2016,Natural Gas Fired Combustion Turbine,Y,,
54863,U S Power Generating Company LLC,2499,Narrows Gas Turbines Generating,NY,Kings,NT24,OP,GT,IPP Non-CHP,2,22.0,18.3,23.2,NG,DFO,Y,NG,DFO,,,,,Y,Y,17.3,21.4,17.3,21.4,1H,1H,Y,,Y,,2016,Natural Gas Fired Combustion Turbine,Y,,
54863,U S Power Generating Company LLC,2499,Narrows Gas Turbines Generating,NY,Kings,NT25,OP,GT,IPP Non-CHP,2,22.0,17.6,24,NG,DFO,Y,NG,DFO,,,,,Y,Y,18.2,22.2,18.2,22.2,1H,1H,Y,,Y,,2016,Natural Gas Fired Combustion Turbine,Y,,
54863,U S Power Generating Company LLC,2499,Narrows Gas Turbines Generating,NY,Kings,NT26,OP,GT,IPP Non-CHP,2,22.0,15.5,21.3,NG,DFO,Y,NG,DFO,,,,,Y,Y,15.9,19.5,15.9,19.5,1H,1H,Y,,Y,,2016,Natural Gas Fired Combustion Turbine,Y,,
54863,U S Power Generating Company LLC,2499,Narrows Gas Turbines Generating,NY,Kings,NT27,OP,GT,IPP Non-CHP,2,22.0,18.3,24.6,NG,DFO,Y,NG,DFO,,,,,Y,Y,18.7,22.8,18.7,22.8,1H,1H,Y,,Y,,2016,Natural Gas Fired Combustion Turbine,Y,,
54863,U S Power Generating Company LLC,2499,Narrows Gas Turbines Generating,NY,Kings,NT28,OP,GT,IPP Non-CHP,2,22.0,15.8,21.6,NG,DFO,Y,NG,DFO,,,,,Y,Y,16.9,20.1,16.9,20.1,1H,1H,Y,,Y,,2016,Natural Gas Fired Combustion Turbine,Y,,
10023,TC Ravenswood LLC,2500,Ravenswood,NY,Queens,1,OP,ST,IPP Non-CHP,2,400.0,366,371.5,NG,RFO,Y,NG,RFO,,,,,Y,Y,366,371.5,366,371.5,6H,6H,Y,,Y,,2016,Natural Gas Steam Turbine,Y,,
10023,TC Ravenswood LLC,2500,Ravenswood,NY,Queens,2,OP,ST,IPP Non-CHP,2,400.0,367.2,376,NG,RFO,Y,NG,RFO,,,,,Y,Y,367.2,376,367.2,376,6H,6H,Y,,Y,,2016,Natural Gas Steam Turbine,Y,,
10023,TC Ravenswood LLC,2500,Ravenswood,NY,Queens,3,OP,ST,IPP Non-CHP,2,1027.0,972.5,973,NG,RFO,Y,NG,RFO,,,,,Y,Y,972.5,973,972.5,973,6H,6H,Y,,Y,,2016,Natural Gas Steam Turbine,Y,,
10023,TC Ravenswood LLC,2500,Ravenswood,NY,Queens,4,OP,CT,IPP Non-CHP,2,170.0,154.8,194.2,NG,KER,N,,,,,,,Y,Y,154.8,194.2,154.8,194.2,6H,6H,Y,Y,Y,,2016,Natural Gas Fired Combined Cycle,Y,,
10023,TC Ravenswood LLC,2500,Ravenswood,NY,Queens,4S,OP,CA,IPP Non-CHP,2,80.0,75.8,82.7,NG,KER,N,,,,,,,Y,Y,75.8,82.7,75.8,82.7,6H,6H,Y,Y,Y,,2016,Natural Gas Fired Combined Cycle,Y,,
10023,TC Ravenswood LLC,2500,Ravenswood,NY,Queens,GT10,SB,GT,IPP Non-CHP,2,25.0,17.9,22.7,NG,KER,N,,,,,,,Y,Y,17.9,22.7,17.9,22.7,1H,1H,Y,Y,Y,,2016,Natural Gas Fired Combustion Turbine,Y,,
10023,TC Ravenswood LLC,2500,Ravenswood,NY,Queens,GT11,SB,GT,IPP Non-CHP,2,25.0,16.8,22.2,NG,KER,N,,,,,,,Y,Y,16.8,22.2,16.8,22.2,1H,1H,Y,Y,Y,,2016,Natural Gas Fired Combustion Turbine,Y,,
10023,TC Ravenswood LLC,2500,Ravenswood,NY,Queens,GT4,OS,GT,IPP Non-CHP,2,21.1,12.9,15.6,NG,KER,N,,,,,,,Y,Y, , , , ,1H,1H,Y,Y,Y,,2016,Natural Gas Fired Combustion Turbine,Y,,
10023,TC Ravenswood LLC,2500,Ravenswood,NY,Queens,GT5,OS,GT,IPP Non-CHP,2,21.1,15.5,17.2,NG,KER,N,,,,,,,Y,Y, , , , ,1H,1H,Y,Y,Y,,2016,Natural Gas Fired Combustion Turbine,Y,,
10023,TC Ravenswood LLC,2500,Ravenswood,NY,Queens,GT6,OS,GT,IPP Non-CHP,2,22.0,12.6,16.5,NG,KER,N,,,,,,,Y,Y, , , , ,1H,1H,Y,Y,Y,,2016,Natural Gas Fired Combustion Turbine,Y,,
10023,TC Ravenswood LLC,2500,Ravenswood,NY,Queens,GT7,OS,GT,IPP Non-CHP,2,22.0,12.7,15.5,NG,KER,N,,,,,,,Y,Y, , , , ,,,N,,,,2016,Natural Gas Fired Combustion Turbine,Y,,
10023,TC Ravenswood LLC,2500,Ravenswood,NY,Queens,GT9,SB,GT,IPP Non-CHP,2,25.0,16.3,21.9,NG,KER,N,,,,,,,Y,Y,16.3,21.9,16.3,21.9,1H,1H,Y,Y,Y,,2016,Natural Gas Fired Combustion Turbine,Y,,
4226,Consolidated Edison Co-NY Inc,2503,59th Street,NY,New York,GT1,OP,GT,Electric Utility,1,17.1,14.4,20.8,NG,KER,N,,,,,,,Y,N,14.4,20.8,14.4,20.8,UNK,UNK,N,,,,2016,Natural Gas Fired Combustion Turbine,Y,,
56505,National Grid Generation LLC,2511,E F Barrett,NY,Nassau,10,OP,GT,Electric Utility,1,41.8,39.6,49.7,NG,DFO,N,,,,,,,Y,Y,39.5,49.3,39.5,49.3,1H,1H,N,,,,2016,Natural Gas Fired Combustion Turbine,Y,,
56505,National Grid Generation LLC,2511,E F Barrett,NY,Nassau,11,OP,GT,Electric Utility,1,41.8,40.1,49.7,NG,DFO,N,,,,,,,Y,Y,40,49.3,40,49.3,1H,1H,N,,,,2016,Natural Gas Fired Combustion Turbine,Y,,
56505,National Grid Generation LLC,2511,E F Barrett,NY,Nassau,12,OP,GT,Electric Utility,1,41.8,40.9,49.3,NG,DFO,N,,,,,,,Y,Y,40.2,48.8,40.2,48.8,1H,1H,N,,,,2016,Natural Gas Fired Combustion Turbine,Y,,
56505,National Grid Generation LLC,2511,E F Barrett,NY,Nassau,3,OP,GT,Electric Utility,1,18.0,17.2,20,NG,DFO,N,,,,,,,Y,Y,17.5,20.4,17.5,20.4,1H,1H,N,,,,2016,Natural Gas Fired Combustion Turbine,Y,,
56505,National Grid Generation LLC,2511,E F Barrett,NY,Nassau,4,OP,GT,Electric Utility,1,18.0,17.1,19.2,NG,DFO,N,,,,,,,Y,Y,17.7,20.5,17.7,20.5,1H,1H,N,,,,2016,Natural Gas Fired Combustion Turbine,Y,,
56505,National Grid Generation LLC,2511,E F Barrett,NY,Nassau,5,OP,GT,Electric Utility,1,18.0,17.3,19.9,NG,DFO,N,,,,,,,Y,Y,17,20,17,20,1H,1H,N,,,,2016,Natural Gas Fired Combustion Turbine,Y,,
56505,National Grid Generation LLC,2511,E F Barrett,NY,Nassau,6,OP,GT,Electric Utility,1,18.0,17.8,20,NG,DFO,N,,,,,,,Y,Y,16.7,20.2,16.7,20.2,1H,1H,N,,,,2016,Natural Gas Fired Combustion Turbine,Y,,
56505,National Grid Generation LLC,2511,E F Barrett,NY,Nassau,8,OP,GT,Electric Utility,1,18.0,16.9,20.4,NG,DFO,N,,,,,,,Y,Y,17,20,17,20,1H,1H,N,,,,2016,Natural Gas Fired Combustion Turbine,Y,,
56505,National Grid Generation LLC,2511,E F Barrett,NY,Nassau,9,OP,GT,Electric Utility,1,41.8,40.7,50.3,NG,DFO,N,,,,,,,Y,Y,39.8,49.2,39.8,49.2,1H,1H,N,,,,2016,Natural Gas Fired Combustion Turbine,Y,,
56505,National Grid Generation LLC,2511,E F Barrett,NY,Nassau,GT1,OP,GT,Electric Utility,1,18.0,17.4,16,NG,DFO,N,,,,,,,Y,Y,16.3,19.3,16.3,19.3,1H,1H,N,,,,2016,Natural Gas Fired Combustion Turbine,Y,,
56505,National Grid Generation LLC,2511,E F Barrett,NY,Nassau,GT2,OP,GT,Electric Utility,1,18.0,17.5,18.7,NG,DFO,N,,,,,,,Y,Y,14.9,17.5,14.9,17.5,1H,1H,N,,,,2016,Natural Gas Fired Combustion Turbine,Y,,
56505,National Grid Generation LLC,2511,E F Barrett,NY,Nassau,ST1,OP,ST,Electric Utility,1,188.0,193,199.2,NG,RFO,Y,NG,RFO,,,,,Y,Y,195.2,194.5,195.2,194.5,6H,6H,N,Y,,,2016,Natural Gas Steam Turbine,Y,,
56505,National Grid Generation LLC,2511,E F Barrett,NY,Nassau,ST2,OP,ST,Electric Utility,1,188.0,192.7,196,NG,RFO,Y,NG,RFO,,,,,Y,Y,196.2,194.2,196.2,194.2,6H,6H,N,Y,,,2016,Natural Gas Steam Turbine,Y,,
56505,National Grid Generation LLC,2516,Northport,NY,Suffolk,2,OP,ST,Electric Utility,1,387.0,399,399,NG,RFO,Y,NG,RFO,,,,,Y,Y,393.5,393.5,393.5,393.5,6H,6H,N,,,,2016,Natural Gas Steam Turbine,Y,,
56505,National Grid Generation LLC,2516,Northport,NY,Suffolk,3,OP,ST,Electric Utility,1,387.0,390.5,390,NG,RFO,Y,NG,RFO,,,,,Y,Y,396,397,396,397,6H,6H,N,,,,2016,Natural Gas Steam Turbine,Y,,
56505,National Grid Generation LLC,2516,Northport,NY,Suffolk,4,OP,ST,Electric Utility,1,387.0,391.7,386.2,NG,RFO,Y,NG,RFO,,,,,Y,Y,395.5,395,395.5,395,6H,6H,N,,,,2016,Natural Gas Steam Turbine,Y,,
56505,National Grid Generation LLC,2516,Northport,NY,Suffolk,ST1,OP,ST,Electric Utility,1,387.0,399.5,397,NG,RFO,Y,NG,RFO,,,,,Y,Y,397.7,387.7,397.7,387.7,6H,6H,N,,,,2016,Natural Gas Steam Turbine,Y,,
56505,National Grid Generation LLC,2517,Port Jefferson,NY,Suffolk,3,OP,ST,Electric Utility,1,188.0,190.3,188.5,NG,RFO,Y,NG,RFO,,,,,Y,Y,195,193.5,195,193.5,6H,6H,N,,,,2016,Natural Gas Steam Turbine,Y,,
56505,National Grid Generation LLC,2517,Port Jefferson,NY,Suffolk,4,OP,ST,Electric Utility,1,188.0,189.5,198.2,NG,RFO,Y,NG,RFO,,,,,Y,Y,197.7,194.5,197.7,194.5,6H,6H,N,,,,2016,Natural Gas Steam Turbine,Y,,
56505,National Grid Generation LLC,2517,Port Jefferson,NY,Suffolk,GT2,OP,GT,Electric Utility,1,53.0,40.5,45.7,NG,KER,N,,,,,,,Y,N,43.3,48.1,43.3,48.1,1H,1H,Y,,Y,,2016,Natural Gas Fired Combustion Turbine,Y,,
56505,National Grid Generation LLC,2517,Port Jefferson,NY,Suffolk,GT3,OP,GT,Electric Utility,1,53.0,41.1,46.3,NG,KER,N,,,,,,,Y,N,39.7,46,39.7,46,1H,1H,Y,,Y,,2016,Natural Gas Fired Combustion Turbine,Y,,
25,Greenidge Generation Holdings LLC,2527,Greenidge Generation LLC,NY,Yates,4,OP,ST,IPP Non-CHP,2,112.0,107.5,106.3,BIT,NG,Y,BIT,NG,WDS,,,,N,, , , , ,,,,,,,2016,Conventional Steam Coal,Y,,
14294,PSEG Power New York Inc,2539,Bethlehem Energy Center,NY,Albany,5,OP,CT,IPP Non-CHP,2,194.3,166.6,187.9,NG,KER,N,,,,,,,Y,Y,170.5,191.1,170.5,191.1,UNK,UNK,Y,Y,,,2016,Natural Gas Fired Combined Cycle,Y,,
14294,PSEG Power New York Inc,2539,Bethlehem Energy Center,NY,Albany,6,OP,CT,IPP Non-CHP,2,194.3,166.6,187.9,NG,KER,N,,,,,,,Y,Y,170.5,191.1,170.5,191.1,UNK,UNK,Y,Y,,,2016,Natural Gas Fired Combined Cycle,Y,,
14294,PSEG Power New York Inc,2539,Bethlehem Energy Center,NY,Albany,7,OP,CT,IPP Non-CHP,2,194.3,182.6,203.9,NG,KER,N,,,,,,,Y,Y,170.5,191.1,170.5,191.1,UNK,UNK,Y,Y,,,2016,Natural Gas Fired Combined Cycle,Y,,
14294,PSEG Power New York Inc,2539,Bethlehem Energy Center,NY,Albany,8,OP,CA,IPP Non-CHP,2,310.2,257,296.6,NG,KER,N,,,,,,,Y,Y,263,300,263,300,UNK,UNK,Y,Y,,,2016,Natural Gas Fired Combined Cycle,Y,,
13923,NRG Oswego Harbor Power Operations Inc,2594,Oswego Harbor Power,NY,Oswego,ST6,OP,ST,IPP Non-CHP,2,901.8,823.3,832.3,RFO,NG,Y,RFO,NG,,,,,Y,Y,180,180,850,850,6H,UNK,Y,Y,,,2016,Petroleum Liquids,Y,,
12792,NRG New York LLC,2625,Bowline Point,NY,Rockland,1,OP,ST,IPP Non-CHP,2,621.0,575,578,NG,RFO,Y,NG,RFO,,,,,Y,Y,572,572,572,572,6H,6H,Y,Y,,,2016,Natural Gas Steam Turbine,Y,,
12792,NRG New York LLC,2625,Bowline Point,NY,Rockland,2,OP,ST,IPP Non-CHP,2,621.0,562,567,NG,RFO,Y,NG,RFO,,,,,Y,Y,562,567,562,567,6H,6H,Y,Y,,,2016,Natural Gas Steam Turbine,Y,,
56142,"Alliance NYGT, LLC",2628,Hillburn,NY,Rockland,GEN1,OP,GT,IPP Non-CHP,2,46.5,33.1,43.8,NG,KER,N,,,,,,,Y,N,33.1,43,33.1,43,1H,1H,Y,,Y,,2016,Natural Gas Fired Combustion Turbine,Y,,
56142,"Alliance NYGT, LLC",2632,Shoemaker,NY,Orange,SHOE,OP,GT,IPP Non-CHP,2,41.9,33,40,NG,KER,N,,,,,,,Y,N,33,43,33,43,1H,1H,Y,,Y,,2016,Natural Gas Fired Combustion Turbine,Y,,
6775,Village of Freeport - (NY),2679,Plant No 2 Freeport,NY,Nassau,CT5,OP,GT,Electric Utility,1,60.5,49,49,NG,KER,N,,,,,,,Y,N,49.5,49.5,49.5,49.5,6H,1H,N,,,,2016,Natural Gas Fired Combustion Turbine,Y,,
16217,Village of Rockville Centre - (NY),2695,Charles P Keller,NY,Nassau,10,OP,IC,Electric Utility,1,3.5,3.2,3.2,NG,DFO,N,,,,,,,Y,Y,2.9,2.9,3.2,3.2,1H,1H,Y,Y,Y,,2016,Natural Gas Internal Combustion Engine,Y,,
16217,Village of Rockville Centre - (NY),2695,Charles P Keller,NY,Nassau,11,OP,IC,Electric Utility,1,5.2,5.2,5.2,NG,DFO,N,,,,,,,Y,Y,4.95,4.95,5.2,5.2,1H,1H,Y,Y,Y,,2016,Natural Gas Internal Combustion Engine,Y,,
16217,Village of Rockville Centre - (NY),2695,Charles P Keller,NY,Nassau,12,OP,IC,Electric Utility,1,5.5,5.5,5.5,NG,DFO,N,,,,,,,Y,Y,5.2,5.2,5.5,5.5,1H,1H,Y,Y,Y,,2016,Natural Gas Internal Combustion Engine,Y,,
16217,Village of Rockville Centre - (NY),2695,Charles P Keller,NY,Nassau,13,OP,IC,Electric Utility,1,5.5,5.5,5.5,NG,DFO,N,,,,,,,Y,Y,5.2,5.2,5.5,5.5,1H,1H,Y,Y,Y,,2016,Natural Gas Internal Combustion Engine,Y,,
16217,Village of Rockville Centre - (NY),2695,Charles P Keller,NY,Nassau,14,OP,IC,Electric Utility,1,6.2,6.2,6.2,NG,DFO,N,,,,,,,Y,Y,6.2,6.2,6.2,6.2,1H,1H,Y,Y,Y,,2016,Natural Gas Internal Combustion Engine,Y,,
16217,Village of Rockville Centre - (NY),2695,Charles P Keller,NY,Nassau,9,OP,IC,Electric Utility,1,3.5,3.2,3.2,NG,DFO,N,,,,,,,Y,Y,2.9,2.9,3.2,3.2,1H,1H,Y,Y,Y,,2016,Natural Gas Internal Combustion Engine,Y,,
15296,New York Power Authority,7314,Richard M Flynn,NY,Suffolk,NA1,OP,CT,Electric Utility,1,108.0,89.6,107.9,NG,DFO,Y,NG,DFO,,,,,Y,N,87.6,108,87.6,108,1H,1H,Y,,,Y,2016,Natural Gas Fired Combined Cycle,Y,,
15296,New York Power Authority,7314,Richard M Flynn,NY,Suffolk,NA2,OP,CA,Electric Utility,1,56.0,44.8,54,NG,DFO,N,,,,,,,Y,N,48.6,54,48.6,54,1H,1H,Y,,,Y,2016,Natural Gas Fired Combined Cycle,Y,,
56505,National Grid Generation LLC,7869,Glenwood Landing,NY,Nassau,GT4,OP,GT,Electric Utility,1,53.0,40,46.8,NG,KER,N,,,,,,,Y,Y,40.6,46,40.6,46,1H,1H,Y,,Y,,2016,Natural Gas Fired Combustion Turbine,Y,,
56505,National Grid Generation LLC,7869,Glenwood Landing,NY,Nassau,GT5,OP,GT,Electric Utility,1,53.0,40,43.2,NG,KER,N,,,,,,,Y,Y,38.6,44.6,38.6,44.6,1H,1H,Y,,Y,,2016,Natural Gas Fired Combustion Turbine,Y,,
5511,CCI Roseton LLC,8006,Roseton Generating Facility,NY,Orange,1,OP,ST,IPP Non-CHP,2,621.0,589.5,611.2,NG,RFO,Y,RFO,NG,,,,,Y,Y,589.5,611.2,589.5,611.2,1H,1H,Y,,,Y,2016,Natural Gas Steam Turbine,Y,,
5511,CCI Roseton LLC,8006,Roseton Generating Facility,NY,Orange,2,OP,ST,IPP Non-CHP,2,621.0,599.5,609,NG,RFO,Y,RFO,NG,,,,,Y,Y,599.5,609,599.5,609,1H,1H,Y,,,Y,2016,Natural Gas Steam Turbine,Y,,
54863,U S Power Generating Company LLC,8906,Astoria Generating Station,NY,Queens,3,OP,ST,IPP Non-CHP,2,376.0,377.2,377.2,NG,RFO,Y,RFO,NG,,,,,Y,Y,361,361,351,351,6H,6H,Y,Y,Y,,2016,Natural Gas Steam Turbine,Y,,
54863,U S Power Generating Company LLC,8906,Astoria Generating Station,NY,Queens,4,OS,ST,IPP Non-CHP,2,387.0,380,387,NG,RFO,Y,RFO,NG,,,,,Y,Y,372,372,361,361,6H,6H,Y,Y,Y,,2016,Natural Gas Steam Turbine,Y,,
54863,U S Power Generating Company LLC,8906,Astoria Generating Station,NY,Queens,ST5,OP,ST,IPP Non-CHP,2,387.0,382.3,385.5,NG,RFO,Y,RFO,NG,,,,,Y,Y,372,372,362,361,6H,6H,Y,Y,Y,,2016,Natural Gas Steam Turbine,Y,,
5624,"RED-Rochester, LLC",10025,"RED-Rochester, LLC",NY,Monroe,17TG,OP,ST,Industrial CHP,7,15.0,15,15,BIT,RFO,Y,RFO,NG,,,,,N,, , , , ,,,,,,,2016,Conventional Steam Coal,N,,
5624,"RED-Rochester, LLC",10025,"RED-Rochester, LLC",NY,Monroe,22TG,OS,ST,Industrial CHP,7,12.5,12.5,12.5,BIT,RFO,Y,RFO,NG,,,,,N,, , , , ,,,,,,,2016,Conventional Steam Coal,Y,,
5624,"RED-Rochester, LLC",10025,"RED-Rochester, LLC",NY,Monroe,41TG,OP,ST,Industrial CHP,7,25.6,25.6,25.6,BIT,NG,Y,RFO,NG,,,,,N,, , , , ,,,,,,,2016,Conventional Steam Coal,Y,,
5624,"RED-Rochester, LLC",10025,"RED-Rochester, LLC",NY,Monroe,42TG,OP,ST,Industrial CHP,7,25.6,25.6,25.6,BIT,NG,Y,RFO,NG,,,,,N,, , , , ,,,,,,,2016,Conventional Steam Coal,Y,,
5624,"RED-Rochester, LLC",10025,"RED-Rochester, LLC",NY,Monroe,43TG,OP,ST,Industrial CHP,7,25.6,25.6,25.6,BIT,NG,Y,RFO,NG,,,,,N,, , , , ,,,,,,,2016,Conventional Steam Coal,Y,,
5624,"RED-Rochester, LLC",10025,"RED-Rochester, LLC",NY,Monroe,44TG,OP,ST,Industrial CHP,7,25.6,25.6,25.6,BIT,DFO,Y,DFO,BIT,,,,,N,, , , , ,,,,,,,2016,Conventional Steam Coal,Y,,
60741,Fortistar Castleton Power,10190,Castleton Energy Center,NY,Rensselaer,GEN1,OP,CT,IPP Non-CHP,2,47.0,70.2,79.2,NG,DFO,Y,NG,DFO,,,,,Y,Y,44,51,43,49,1H,1H,Y,Y,Y,,2016,Natural Gas Fired Combined Cycle,Y,,
1746,Black River Generation LLC,10464,ReEnergy Black River,NY,Jefferson,GEN1,OP,ST,IPP Non-CHP,2,55.5,55,56,WDS,TDF,Y,WDS,DFO,TDF,,,,N,, , , , ,,,,,,,2016,Wood/Wood Waste Biomass,Y,,
56174,Finch Paper LLC,10511,Finch Paper,NY,Warren,GEN6,OP,ST,Industrial CHP,7,29.0,23,27,WDL,NG,N,,,,,,,Y,Y,14,18,8,12,6H,6H,Y,,Y,Y,2016,Wood/Wood Waste Biomass,Y,,
60641,Veolia NA - Municipal & Commercial Business,10521,Lederle Laboratories,NY,Rockland,3A,OP,CA,Industrial CHP,7,1.5,1.5,1.5,NG,DFO,N,,,,,,,Y,Y,1.5,1.5,1.5,1.5,1H,1H,Y,,Y,,2016,Natural Gas Fired Combined Cycle,Y,,
60641,Veolia NA - Municipal & Commercial Business,10521,Lederle Laboratories,NY,Rockland,GEN1,OP,CT,Industrial CHP,7,8.3,8.3,8.3,NG,DFO,N,,,,,,,Y,Y,8.3,8.3,8.3,8.3,1H,1H,Y,,Y,,2016,Natural Gas Fired Combined Cycle,Y,,
60641,Veolia NA - Municipal & Commercial Business,10521,Lederle Laboratories,NY,Rockland,GEN2,OP,CT,Industrial CHP,7,8.3,8.3,8.3,NG,DFO,N,,,,,,,Y,Y,8.3,8.3,8.3,8.3,1H,1H,Y,,Y,,2016,Natural Gas Fired Combined Cycle,Y,,
60641,Veolia NA - Municipal & Commercial Business,10521,Lederle Laboratories,NY,Rockland,GEN3,OP,CA,Industrial CHP,7,2.2,2.2,2.2,NG,DFO,N,,,,,,,Y,Y,3.1,3.1,3.1,3.1,1H,1H,Y,,Y,,2016,Natural Gas Fired Combined Cycle,Y,,
60641,Veolia NA - Municipal & Commercial Business,10521,Lederle Laboratories,NY,Rockland,TG4,OP,CA,Industrial CHP,7,3.1,1.4,1.4,NG,DFO,N,,,,,,,Y,Y,2.2,2.2,2.2,2.2,1H,1H,Y,,Y,,2016,Natural Gas Fired Combined Cycle,Y,,
58338,Lakeside Beaver Falls LLC,10617,CH Resources Beaver Falls,NY,Lewis,GEN1,OP,CT,IPP CHP,3,65.5,50.2,65.3,NG,DFO,N,,,,,,,Y,Y,50.2,60.3,45,50,UNK,UNK,N,,,,2016,Natural Gas Fired Combined Cycle,Y,,
58338,Lakeside Beaver Falls LLC,10617,CH Resources Beaver Falls,NY,Lewis,GEN2,OP,CA,IPP CHP,3,42.3,31,33.3,NG,DFO,N,,,,,,,Y,Y,31,33.3,25,30,UNK,UNK,N,,,,2016,Natural Gas Fired Combined Cycle,Y,,
3085,Carthage Energy LLC,10620,Carthage Energy LLC,NY,Jefferson,GEN1,OP,CT,IPP Non-CHP,2,40.9,38.2,44.7,NG,DFO,Y,NG,DFO,,,,,Y,Y,40.03,45,40.03,45,1H,1H,Y,Y,Y,,2016,Natural Gas Fired Combined Cycle,Y,,
58337,Lakeside Syracuse LLC,10621,CH Resources Syracuse,NY,Onondaga,GEN1,OP,CT,IPP Non-CHP,2,65.5,52.2,61.3,NG,,N,,,,,,,Y,N,52.2,61.3,0,0,UNK,UNK,N,,,,2016,Natural Gas Fired Combined Cycle,N,,
58337,Lakeside Syracuse LLC,10621,CH Resources Syracuse,NY,Onondaga,GEN2,OP,CA,IPP Non-CHP,2,37.2,32.2,35.8,NG,,N,,,,,,,Y,N,32.2,35.8,0,0,UNK,UNK,N,,,,2016,Natural Gas Fired Combined Cycle,N,,
16909,Selkirk Cogen Partners LP,10725,Selkirk Cogen,NY,Albany,GEN1,OP,CT,IPP CHP,3,95.2,78.2,104.3,NG,DFO,Y,NG,DFO,,,,,Y,N,80.9,95,80.9,95,OVER,OVER,Y,Y,Y,,2016,Natural Gas Fired Combined Cycle,Y,,
16909,Selkirk Cogen Partners LP,10725,Selkirk Cogen,NY,Albany,GEN3,OP,CT,IPP CHP,3,95.2,277.3,325.9,NG,DFO,Y,NG,DFO,,,,,Y,N,80.9,95,80.9,95,OVER,OVER,Y,Y,Y,,2016,Natural Gas Fired Combined Cycle,Y,,
16909,Selkirk Cogen Partners LP,10725,Selkirk Cogen,NY,Albany,GEN4,OP,CT,IPP CHP,3,95.2, , ,NG,DFO,Y,NG,DFO,,,,,Y,N,80.9,95,80.9,95,OVER,OVER,Y,Y,Y,,2016,Natural Gas Fired Combined Cycle,Y,,
21508,Cornell University,50368,Cornell University Central Heat,NY,Tompkins,CT1,OP,CT,Commercial CHP,5,15.0,12.3,14.5,NG,DFO,N,NG,DFO,,,,,Y,Y,12.3,14.5,12.3,14.5,1H,1H,Y,,Y,,2016,Natural Gas Fired Combined Cycle,Y,,
21508,Cornell University,50368,Cornell University Central Heat,NY,Tompkins,CT2,OP,CT,Commercial CHP,5,15.0,12.3,14.5,NG,DFO,N,NG,DFO,,,,,Y,Y,12.3,14.5,12.3,14.5,1H,1H,Y,,Y,,2016,Natural Gas Fired Combined Cycle,Y,,
9245,Indeck-Energy Serv Silver Spg,50449,Indeck Silver Springs Energy Center,NY,Wyoming,GEN1,OP,CT,IPP CHP,3,39.4,50.7,62.4,NG,DFO,Y,NG,DFO,,,,,Y,Y,33.5,45.2,33.5,45.2,1H,1H,Y,Y,Y,,2016,Natural Gas Fired Combined Cycle,Y,,
9245,Indeck-Energy Serv Silver Spg,50449,Indeck Silver Springs Energy Center,NY,Wyoming,GEN2,OP,CA,IPP CHP,3,17.2, , ,NG,DFO,N,,,,,,,Y,Y,17.2,17.2,17.2,17.2,1H,1H,Y,Y,Y,,2016,Natural Gas Fired Combined Cycle,Y,,
9244,Indeck-Oswego Ltd Partnership,50450,Indeck Oswego Energy Center,NY,Oswego,GEN1,OP,CT,IPP CHP,3,41.2,49.5,59,NG,DFO,Y,NG,DFO,,,,,Y,Y,47.9,61.3,47.9,61.3,1H,1H,Y,Y,Y,,2016,Natural Gas Fired Combined Cycle,Y,,
9243,Indeck-Yerkes Ltd Partnership,50451,Indeck Yerkes Energy Center,NY,Erie,GEN1,OP,CT,IPP CHP,3,40.6,48,57.4,NG,DFO,Y,NG,DFO,,,,,Y,Y,29,38,29,38,1H,1H,Y,Y,Y,,2016,Natural Gas Fired Combined Cycle,Y,,
9263,Indeck-Corinth Ltd Partnership,50458,Indeck Corinth Energy Center,NY,Saratoga,GEN1,OP,CT,IPP CHP,3,92.0,75.4,93.1,NG,DFO,N,,,,,,,Y,Y,75.73,93.14,75.73,93.14,6H,6H,Y,Y,Y,,2016,Natural Gas Fired Combined Cycle,Y,,
470,Covanta Energy of Niagara LP,50472,"Covanta Niagara I, LLC",NY,Niagara,GEN1,OP,ST,IPP CHP,3,25.0,18,18,MSW,NG,Y,NG,MSW,WDS,OTH,,,N,, , , , ,,,,,,,2016,Municipal Solid Waste,Y,,
470,Covanta Energy of Niagara LP,50472,"Covanta Niagara I, LLC",NY,Niagara,GEN2,OP,ST,IPP CHP,3,25.0,18,18,MSW,NG,Y,NG,MSW,WDS,OTH,,,N,, , , , ,,,,,,,2016,Municipal Solid Waste,Y,,
18020,Starrett City Inc,50743,Starrett City Cogen Facility,NY,Kings,GEN1,OP,ST,Commercial CHP,5,6.0,5.5,6,NG,RFO,N,,,,,,,Y,Y,5.5,5.5,5.8,5.8,1H,1H,N,,,,2016,Natural Gas Steam Turbine,Y,,
18020,Starrett City Inc,50743,Starrett City Cogen Facility,NY,Kings,GEN2,OP,ST,Commercial CHP,5,6.0,5.5,6,NG,RFO,N,,,,,,,Y,Y,5.5,5.5,5.8,5.8,1H,1H,N,,,,2016,Natural Gas Steam Turbine,Y,,
24202,Carr Street Generating Sta LP,50978,Carr Street Generating Station,NY,Onondaga,GEN1,OP,CT,IPP Non-CHP,2,48.8,33,40.8,NG,DFO,N,,,,,,,Y,Y,33,40,33,40,1H,1H,Y,Y,Y,,2016,Natural Gas Fired Combined Cycle,Y,,
24202,Carr Street Generating Sta LP,50978,Carr Street Generating Station,NY,Onondaga,GEN2,OP,CT,IPP Non-CHP,2,48.8,33,40.8,NG,DFO,N,,,,,,,Y,Y,33,40,33,40,1H,1H,Y,Y,Y,,2016,Natural Gas Fired Combined Cycle,Y,,
19153,Nassau Energy Corp,52056,Nassau Energy Corp,NY,Nassau,GT1,OP,CT,IPP CHP,3,43.0,43,45,NG,DFO,Y,NG,DFO,,,,,Y,Y,43,45,43,43,1H,1H,Y,Y,Y,,2016,Natural Gas Fired Combined Cycle,Y,,
24210,Riverbay Corp,52168,Riverbay,NY,Bronx,GEN3,OP,GT,Commercial CHP,5,12.9,11.5,12.3,NG,DFO,N,,,,,,,Y,Y,12.2,12.4,10.31,11,6H,6H,Y,Y,Y,,2016,Natural Gas Fired Combustion Turbine,Y,,
24210,Riverbay Corp,52168,Riverbay,NY,Bronx,GEN4,OP,GT,Commercial CHP,5,12.9,11.5,12.3,NG,DFO,N,,,,,,,Y,Y,12.2,12.4,9.96,11,6H,6H,Y,Y,Y,,2016,Natural Gas Fired Combustion Turbine,Y,,
6838,Rensselaer Generating LLC,54034,Rensselaer Cogen,NY,Rensselaer,GEN1,OP,CT,IPP Non-CHP,2,49.2,47,55.8,NG,DFO,N,,,,,,,Y,Y,47,58,45,54,6H,6H,Y,Y,Y,,2016,Natural Gas Fired Combined Cycle,Y,,
6838,Rensselaer Generating LLC,54034,Rensselaer Cogen,NY,Rensselaer,GEN2,OP,CA,IPP Non-CHP,2,39.0,33.4,30,NG,DFO,N,,,,,,,Y,Y,32.4,33,18,20,6H,6H,Y,Y,Y,,2016,Natural Gas Fired Combined Cycle,Y,,
11127,Lockport Energy Associates LP,54041,Lockport Energy Associates LP,NY,Niagara,GEN1,OP,CT,IPP CHP,3,48.7,42.8,49.6,NG,DFO,Y,NG,DFO,,,,,Y,Y,42.6,48,43,49,1H,1H,Y,Y,Y,,2016,Natural Gas Fired Combined Cycle,Y,,
11127,Lockport Energy Associates LP,54041,Lockport Energy Associates LP,NY,Niagara,GEN2,OP,CT,IPP CHP,3,48.7,42.8,49.6,NG,DFO,Y,NG,DFO,,,,,Y,Y,42.6,48,43,49,1H,1H,Y,Y,Y,,2016,Natural Gas Fired Combined Cycle,Y,,
11127,Lockport Energy Associates LP,54041,Lockport Energy Associates LP,NY,Niagara,GEN3,OP,CT,IPP CHP,3,48.7,42.8,49.6,NG,DFO,Y,NG,DFO,,,,,Y,Y,42.6,48,43,49,1H,1H,Y,Y,Y,,2016,Natural Gas Fired Combined Cycle,Y,,
9261,Indeck-Olean Ltd Partnership,54076,Indeck Olean Energy Center,NY,Cattaraugus,GEN1,OP,CT,IPP CHP,3,46.0,34.2,44.1,NG,DFO,Y,NG,DFO,,,,,Y,Y,32.19,41.23,32.19,41.23,1H,1H,Y,Y,Y,,2016,Natural Gas Fired Combined Cycle,Y,,
9261,Indeck-Olean Ltd Partnership,54076,Indeck Olean Energy Center,NY,Cattaraugus,GEN2,OP,CA,IPP CHP,3,44.6,44.6,44.6,NG,DFO,N,,,,,,,Y,Y,46.6,46.6,46.6,46.6,24H,24H,Y,Y,Y,,2016,Natural Gas Fired Combined Cycle,Y,,
10349,KIAC Partners,54114,Kennedy International Airport Cogen,NY,Queens,GEN1,OP,CT,IPP CHP,3,47.1,48.6,49.8,NG,DFO,N,,,,,,,Y,Y,48.6,49.8,48.6,49.8,1H,1H,N,,,,2016,Natural Gas Fired Combined Cycle,Y,,
10349,KIAC Partners,54114,Kennedy International Airport Cogen,NY,Queens,GEN2,OP,CT,IPP CHP,3,47.1,49.4,49.6,NG,DFO,N,,,,,,,Y,Y,49.4,49.6,49.4,49.6,1H,1H,N,,,,2016,Natural Gas Fired Combined Cycle,Y,,
50136,North American Energy Services,54131,Fortistar North Tonawanda,NY,Niagara,GEN1,OP,CT,IPP CHP,3,38.3,41.6,49.2,NG,DFO,Y,NG,DFO,,,,,Y,Y,42,50,38,40,1H,1H,Y,Y,Y,,2016,Natural Gas Fired Combined Cycle,Y,,
13587,Nissequoque Cogen Partners,54149,Stony Brook Cogen Plant,NY,Suffolk,GEN1,OP,GT,IPP CHP,3,47.0,44.5,47.1,NG,DFO,N,,,,,,,Y,Y,42,44,42,44,1H,1H,Y,Y,Y,,2016,Natural Gas Fired Combustion Turbine,Y,,
15253,Power City Partners LP,54592,Massena Energy Facility,NY,St Lawrence,GEN1,OP,CT,IPP Non-CHP,2,66.5,46,56,NG,DFO,N,,,,,,,Y,Y,46,59,46,59,1H,1H,Y,,Y,,2016,Natural Gas Fired Combined Cycle,Y,,
13491,New York University,54808,New York University Central Plant,NY,New York,GT1,OP,CT,Commercial CHP,5,5.5,5.5,5.5,NG,DFO,Y,NG,DFO,,,,,Y,Y,5.5,5.5,5.5,5.5,1H,1H,Y,Y,,,2016,Natural Gas Fired Combined Cycle,Y,,
13491,New York University,54808,New York University Central Plant,NY,New York,GT2,OP,CT,Commercial CHP,5,5.5,5.5,5.5,NG,DFO,Y,NG,DFO,,,,,Y,Y,5.5,5.5,5.5,5.5,1H,1H,Y,Y,,,2016,Natural Gas Fired Combined Cycle,Y,,
2313,Brooklyn Navy Yard Cogen PLP,54914,Brooklyn Navy Yard Cogeneration,NY,Kings,01,OP,CT,IPP CHP,3,121.0,90,110,NG,DFO,N,,,,,,,Y,Y,85,110,95,110,1H,1H,Y,,Y,,2016,Natural Gas Fired Combined Cycle,Y,,
2313,Brooklyn Navy Yard Cogen PLP,54914,Brooklyn Navy Yard Cogeneration,NY,Kings,02,OP,CT,IPP CHP,3,121.0,90,110,NG,DFO,N,,,,,,,Y,Y,85,110,95,95,1H,1H,Y,,Y,,2016,Natural Gas Fired Combined Cycle,Y,,
13582,NRG Astoria Gas Turbine Operations Inc,55243,Astoria Gas Turbines,NY,Queens,2-1,OP,GT,IPP Non-CHP,2,41.9,36.4,44,NG,KER,N,,,,,,,Y,Y,36.2,44.3,36.2,44.3,1H,1H,Y,,Y,,2016,Natural Gas Fired Combustion Turbine,Y,,
13582,NRG Astoria Gas Turbine Operations Inc,55243,Astoria Gas Turbines,NY,Queens,2-2,OP,GT,IPP Non-CHP,2,41.9,33.2,43.1,NG,KER,N,,,,,,,Y,Y,33.6,43.7,33.6,43.7,1H,1H,Y,,Y,,2016,Natural Gas Fired Combustion Turbine,Y,,
13582,NRG Astoria Gas Turbine Operations Inc,55243,Astoria Gas Turbines,NY,Queens,2-3,OP,GT,IPP Non-CHP,2,41.9,35.9,45,NG,KER,N,,,,,,,Y,Y,34.4,44.5,34.4,44.5,1H,1H,Y,,Y,,2016,Natural Gas Fired Combustion Turbine,Y,,
13582,NRG Astoria Gas Turbine Operations Inc,55243,Astoria Gas Turbines,NY,Queens,2-4,OP,GT,IPP Non-CHP,2,41.9,34.7,45,NG,KER,N,,,,,,,Y,Y,34,44.9,34,44.9,1H,1H,Y,,Y,,2016,Natural Gas Fired Combustion Turbine,Y,,
13582,NRG Astoria Gas Turbine Operations Inc,55243,Astoria Gas Turbines,NY,Queens,3-1,OP,GT,IPP Non-CHP,2,41.9,33.7,43.6,NG,KER,N,,,,,,,Y,Y,32.8,42.3,32.8,42.3,1H,1H,Y,,Y,,2016,Natural Gas Fired Combustion Turbine,Y,,
13582,NRG Astoria Gas Turbine Operations Inc,55243,Astoria Gas Turbines,NY,Queens,3-2,OP,GT,IPP Non-CHP,2,41.9,35.2,45,NG,KER,N,,,,,,,Y,Y,35.5,43,35.5,43,1H,1H,Y,,Y,,2016,Natural Gas Fired Combustion Turbine,Y,,
13582,NRG Astoria Gas Turbine Operations Inc,55243,Astoria Gas Turbines,NY,Queens,3-3,OP,GT,IPP Non-CHP,2,41.9,33.6,43.8,NG,KER,N,,,,,,,Y,Y,33.6,43.8,33.6,43.8,1H,1H,Y,,Y,,2016,Natural Gas Fired Combustion Turbine,Y,,
13582,NRG Astoria Gas Turbine Operations Inc,55243,Astoria Gas Turbines,NY,Queens,3-4,OP,GT,IPP Non-CHP,2,41.9,36.5,45,NG,KER,N,,,,,,,Y,Y,35.5,44.7,35.5,44.7,1H,1H,Y,,Y,,2016,Natural Gas Fired Combustion Turbine,Y,,
13582,NRG Astoria Gas Turbine Operations Inc,55243,Astoria Gas Turbines,NY,Queens,4-1,OP,GT,IPP Non-CHP,2,41.9,34,43.9,NG,KER,N,,,,,,,Y,Y,34.4,43.7,34.4,43.7,1H,1H,Y,,Y,,2016,Natural Gas Fired Combustion Turbine,Y,,
13582,NRG Astoria Gas Turbine Operations Inc,55243,Astoria Gas Turbines,NY,Queens,4-2,OP,GT,IPP Non-CHP,2,41.9,34.1,43.4,NG,KER,N,,,,,,,Y,Y,33.6,42.5,33.6,42.5,1H,1H,Y,,Y,,2016,Natural Gas Fired Combustion Turbine,Y,,
13582,NRG Astoria Gas Turbine Operations Inc,55243,Astoria Gas Turbines,NY,Queens,4-3,OP,GT,IPP Non-CHP,2,41.9,34,43.1,NG,KER,N,,,,,,,Y,Y,33.5,43.1,33.5,43.1,1H,1H,Y,,Y,,2016,Natural Gas Fired Combustion Turbine,Y,,
13582,NRG Astoria Gas Turbine Operations Inc,55243,Astoria Gas Turbines,NY,Queens,4-4,OP,GT,IPP Non-CHP,2,41.9,32.5,42,NG,KER,N,,,,,,,Y,Y,32.6,43.5,32.6,43.5,1H,1H,Y,,Y,,2016,Natural Gas Fired Combustion Turbine,Y,,
22979,Astoria Energy LLC,55375,Astoria Energy,NY,Queens,CT1,OP,CT,IPP Non-CHP,2,170.0,156,170,NG,DFO,N,,,,,,,Y,N,165,189,165,189,1H,1H,Y,Y,Y,,2016,Natural Gas Fired Combined Cycle,Y,,
22979,Astoria Energy LLC,55375,Astoria Energy,NY,Queens,CT2,OP,CT,IPP Non-CHP,2,170.0,156,170,NG,DFO,N,,,,,,,Y,N,165,189,165,189,1H,1H,Y,Y,Y,,2016,Natural Gas Fired Combined Cycle,Y,,
49845,"Equus Power I, L.P.,",56032,Equus Freeport Power,NY,Nassau,0001,OP,GT,IPP Non-CHP,2,60.0,47.9,49.2,NG,KER,N,,,,,,,Y,N,47.9, ,47.9, ,1H,1H,Y,,,Y,2016,Natural Gas Fired Combustion Turbine,Y,,
49845,"Equus Power I, L.P.,",56032,Equus Freeport Power,NY,Nassau,001,OP,GT,IPP Non-CHP,2,60.0,48.1,49.7,NG,KER,N,,,,,,,Y,N,48.1,49.7,48.1,49.7,1H,1H,Y,Y,,,2016,Natural Gas Fired Combustion Turbine,Y,,
49837,Pinelawn Power LLC,56188,Pinelawn Power LLC,NY,Suffolk,CTG,OP,CT,IPP Non-CHP,2,50.0,47,47,NG,KER,N,,,,,,,Y,N,48,49,48,49,1H,1H,Y,Y,Y,,2016,Natural Gas Fired Combined Cycle,Y,,
15296,New York Power Authority,56196,500MW CC,NY,Queens,CT01,OP,CT,Electric Utility,1,170.0,146.2,159.8,NG,DFO,N,,,,,,,Y,N,180,180,180,180,1H,1H,Y,,,Y,2016,Natural Gas Fired Combined Cycle,Y,,
15296,New York Power Authority,56196,500MW CC,NY,Queens,CT02,OP,CT,Electric Utility,1,170.0,146.2,159.8,NG,DFO,N,,,,,,,Y,N,180,180,180,180,1H,1H,Y,,,Y,2016,Natural Gas Fired Combined Cycle,Y,,
49950,"Caithness Long Island, LLC",56234,Caithness Long Island Energy Center,NY,Suffolk,CT01,OP,CT,IPP Non-CHP,2,196.2,179.9,232.9,NG,DFO,N,,,,,,,Y,Y,175,220,175,200,6H,6H,Y,Y,Y,,2016,Natural Gas Fired Combined Cycle,Y,,
56480,Empire Generating Co LLC,56259,Empire Generating Co  LLC,NY,Rensselaer,CT11,OP,CT,IPP CHP,3,179.0,155,190,NG,DFO,N,,,,,,,Y,N,165,190,177,190,1H,1H,Y,,Y,Y,2016,Natural Gas Fired Combined Cycle,Y,,
56480,Empire Generating Co LLC,56259,Empire Generating Co  LLC,NY,Rensselaer,CT12,OP,CT,IPP CHP,3,179.0,155,190,NG,DFO,N,,,,,,,Y,N,165,190,177,190,1H,1H,Y,,Y,Y,2016,Natural Gas Fired Combined Cycle,Y,,
56480,Empire Generating Co LLC,56259,Empire Generating Co  LLC,NY,Rensselaer,ST13,OP,CA,IPP CHP,3,295.7,270,295.7,NG,DFO,N,,,,,,,Y,N,270,285,175,185,1H,1H,Y,,Y,Y,2016,Natural Gas Fired Combined Cycle,Y,,
60545,"City of Auburn, New York",57636,Auburn LFG Energy Facility,NY,Cayuga,1,OS,IC,IPP Non-CHP,2,1.1,1.1,1.1,LFG,NG,Y,NG,LFG,,,,,N,, , , , ,,,,,,,2016,Landfill Gas,Y,,
60545,"City of Auburn, New York",57636,Auburn LFG Energy Facility,NY,Cayuga,3,OS,IC,IPP Non-CHP,2,1.1,1.1,1.1,LFG,NG,Y,NG,LFG,,,,,N,, , , , ,,,,,,,2016,Landfill Gas,Y,,
56991,Astoria Energy II LLC,57664,Astoria Energy II,NY,Queens,CT3,OP,CT,IPP Non-CHP,2,200.0,156,188,NG,DFO,N,,,,,,,Y,Y,156,188,156,188,1H,1H,Y,Y,Y,,2016,Natural Gas Fired Combined Cycle,Y,,
56991,Astoria Energy II LLC,57664,Astoria Energy II,NY,Queens,CT4,OP,CT,IPP Non-CHP,2,200.0,156,188,NG,DFO,N,,,,,,,Y,Y,156,188,156,188,1H,1H,Y,Y,Y,,2016,Natural Gas Fired Combined Cycle,Y,,
58107,University of Rochester,58157,University of Rochester,NY,Monroe,HP,OP,ST,Commercial CHP,5,18.2,17,17,NG,DFO,N,,,,,,,Y,N,16,17,17,17,1H,6H,Y,Y,Y,,2016,Natural Gas Steam Turbine,Y,,
58107,University of Rochester,58157,University of Rochester,NY,Monroe,LP,OP,ST,Commercial CHP,5,7.2,7.2,7.2,NG,DFO,N,,,,,,,Y,N,7,7,7,7,1H,6H,Y,Y,Y,,2016,Natural Gas Steam Turbine,Y,,
58487,Montefiore Medical Center Moses Division,58507,Montefieor Medical Center Moses Division,NY,Bronx,ES006,OP,GT,Commercial CHP,5,5.3,4.8,4.8,NG,DFO,,,,,,,,Y,Y,3.5,3.5,3.5,3.5,6H,6H,N,,,,2016,Natural Gas Fired Combustion Turbine,Y,,
58487,Montefiore Medical Center Moses Division,58507,Montefieor Medical Center Moses Division,NY,Bronx,S0001,OP,IC,Commercial CHP,5,1.6,1.2,1.2,NG,DFO,,,,,,,,Y,Y,1.2,1.2,1.2,1.2,6H,6H,N,,,,2016,Natural Gas Internal Combustion Engine,Y,,
58487,Montefiore Medical Center Moses Division,58507,Montefieor Medical Center Moses Division,NY,Bronx,S0002,OP,IC,Commercial CHP,5,1.6,1.2,1.2,NG,,,,,,,,,Y,Y,1.2,1.2,1.2,1.2,6H,6H,N,,,,2016,Natural Gas Internal Combustion Engine,Y,,
58487,Montefiore Medical Center Moses Division,58507,Montefieor Medical Center Moses Division,NY,Bronx,S0003,OP,IC,Commercial CHP,5,1.6,1.2,1.2,NG,DFO,,,,,,,,Y,Y,1.2,1.2,1.2,1.2,6H,6H,N,,,,2016,Natural Gas Internal Combustion Engine,Y,,
58971,Danskammer Energy,2480,Danskammer Generating Station,NY,Orange,1,OP,ST,IPP Non-CHP,2,72.0,70.7,68.2,NG,RFO,Y,RFO,NG,,,,,Y,Y,70.7,68.2,70.7,68.2,1H,1H,N,,,,2017,Natural Gas Steam Turbine,Y,12.0,1951.0
58971,Danskammer Energy,2480,Danskammer Generating Station,NY,Orange,2,OP,ST,IPP Non-CHP,2,73.5,65.7,65.5,NG,RFO,Y,RFO,NG,,,,,Y,Y,65.7,65.5,65.7,65.5,1H,1H,N,,,,2017,Natural Gas Steam Turbine,Y,9.0,1954.0
3249,Central Hudson Gas & Elec Corp,2487,West Coxsackie,NY,Greene,GT1,OP,GT,Electric Utility,1,21.6,21.3,21.3,NG,KER,N,,,,,,,Y,Y,19.6,19.6,19.6,19.6,1H,1H,Y,,Y,,2017,Natural Gas Fired Combustion Turbine,Y,12.0,1969.0
4226,Consolidated Edison Co-NY Inc,2493,East River,NY,New York,1,OP,GT,Electric Utility,1,180.0,153.1,197.8,NG,KER,N,,,,,,,Y,N,152.3,195.8,143.8,182.8,UNK,UNK,Y,,Y,,2017,Natural Gas Fired Combustion Turbine,Y,4.0,2005.0
4226,Consolidated Edison Co-NY Inc,2493,East River,NY,New York,2,OP,GT,Electric Utility,1,180.0,154,198.5,NG,KER,N,,,,,,,Y,N,149.1,193.7,148.3,182.8,72H,UNK,Y,,Y,,2017,Natural Gas Fired Combustion Turbine,Y,4.0,2005.0
4226,Consolidated Edison Co-NY Inc,2493,East River,NY,New York,6,OP,ST,Electric Utility,1,156.2,143.9,148.6,NG,RFO,N,,,,,,,Y,Y,143.1,142.8,130,140,6H,6H,Y,,,Y,2017,Natural Gas Steam Turbine,Y,11.0,1951.0
4226,Consolidated Edison Co-NY Inc,2493,East River,NY,New York,7,OP,ST,Electric Utility,1,200.0,187,188.6,NG,RFO,N,,,,,,,Y,Y,185.6,184.1,170,185,6H,6H,Y,,,Y,2017,Natural Gas Steam Turbine,Y,6.0,1955.0
54863,U S Power Generating Company LLC,2494,Gowanus Gas Turbines Generating,NY,Kings,GT21,OP,GT,IPP Non-CHP,2,20.0,16.9,21.1,NG,DFO,Y,NG,DFO,,,,,Y,Y,17.2,20.6,17.2,20.6,1H,1H,Y,,Y,,2017,Natural Gas Fired Combustion Turbine,Y,6.0,1971.0
54863,U S Power Generating Company LLC,2494,Gowanus Gas Turbines Generating,NY,Kings,GT22,OP,GT,IPP Non-CHP,2,20.0,17.8,22.6,NG,DFO,Y,NG,DFO,,,,,Y,Y,17.7,21.8,17.7,21.8,1H,1H,Y,,Y,,2017,Natural Gas Fired Combustion Turbine,Y,6.0,1971.0
54863,U S Power Generating Company LLC,2494,Gowanus Gas Turbines Generating,NY,Kings,GT23,OP,GT,IPP Non-CHP,2,20.0,19.1,24,NG,DFO,Y,NG,DFO,,,,,Y,Y,19.2,23.3,19.2,23.3,1H,1H,Y,,Y,,2017,Natural Gas Fired Combustion Turbine,Y,6.0,1971.0
54863,U S Power Generating Company LLC,2494,Gowanus Gas Turbines Generating,NY,Kings,GT24,OP,GT,IPP Non-CHP,2,20.0,17.1,22.1,NG,DFO,Y,NG,DFO,,,,,Y,Y,17.2,21,17.2,21,1H,1H,Y,,Y,,2017,Natural Gas Fired Combustion Turbine,Y,6.0,1971.0
54863,U S Power Generating Company LLC,2494,Gowanus Gas Turbines Generating,NY,Kings,GT25,OP,GT,IPP Non-CHP,2,20.0,17.6,22.2,NG,DFO,Y,NG,DFO,,,,,Y,Y,17.4,21,17.4,21,1H,1H,Y,,Y,,2017,Natural Gas Fired Combustion Turbine,Y,6.0,1971.0
54863,U S Power Generating Company LLC,2494,Gowanus Gas Turbines Generating,NY,Kings,GT26,OP,GT,IPP Non-CHP,2,20.0,19.1,24.3,NG,DFO,Y,NG,DFO,,,,,Y,Y,18.7,23,18.7,23,1H,1H,Y,,Y,,2017,Natural Gas Fired Combustion Turbine,Y,6.0,1971.0
54863,U S Power Generating Company LLC,2494,Gowanus Gas Turbines Generating,NY,Kings,GT27,OP,GT,IPP Non-CHP,2,20.0,18.8,23.8,NG,DFO,Y,NG,DFO,,,,,Y,Y,18.1,22.7,18.1,22.7,1H,1H,Y,,Y,,2017,Natural Gas Fired Combustion Turbine,Y,6.0,1971.0
54863,U S Power Generating Company LLC,2494,Gowanus Gas Turbines Generating,NY,Kings,GT28,OP,GT,IPP Non-CHP,2,20.0,17,22,NG,DFO,Y,NG,DFO,,,,,Y,Y,17.5,21.3,17.5,21.3,1H,1H,Y,,Y,,2017,Natural Gas Fired Combustion Turbine,Y,6.0,1971.0
54863,U S Power Generating Company LLC,2494,Gowanus Gas Turbines Generating,NY,Kings,GT31,OP,GT,IPP Non-CHP,2,20.0,16.8,21.4,NG,DFO,Y,NG,DFO,,,,,Y,Y,17.3,20.1,17.3,20.1,1H,1H,Y,,Y,,2017,Natural Gas Fired Combustion Turbine,Y,7.0,1971.0
54863,U S Power Generating Company LLC,2494,Gowanus Gas Turbines Generating,NY,Kings,GT32,OP,GT,IPP Non-CHP,2,20.0,16.7,21.5,NG,DFO,Y,NG,DFO,,,,,Y,Y,17.3,20.4,17.3,20.4,1H,1H,Y,,Y,,2017,Natural Gas Fired Combustion Turbine,Y,7.0,1971.0
54863,U S Power Generating Company LLC,2494,Gowanus Gas Turbines Generating,NY,Kings,GT33,OP,GT,IPP Non-CHP,2,20.0,18.8,23,NG,DFO,Y,NG,DFO,,,,,Y,Y,18.4,23.5,18.4,23.5,1H,1H,Y,,Y,,2017,Natural Gas Fired Combustion Turbine,Y,7.0,1971.0
54863,U S Power Generating Company LLC,2494,Gowanus Gas Turbines Generating,NY,Kings,GT34,OP,GT,IPP Non-CHP,2,20.0,16.7,22.6,NG,DFO,Y,NG,DFO,,,,,Y,Y,16.5,21,16.5,21,1H,1H,Y,,Y,,2017,Natural Gas Fired Combustion Turbine,Y,7.0,1971.0
54863,U S Power Generating Company LLC,2494,Gowanus Gas Turbines Generating,NY,Kings,GT35,OP,GT,IPP Non-CHP,2,20.0,17,22.3,NG,DFO,Y,NG,DFO,,,,,Y,Y,18.2,21.2,18.2,21.2,1H,1H,Y,,Y,,2017,Natural Gas Fired Combustion Turbine,Y,7.0,1971.0
54863,U S Power Generating Company LLC,2494,Gowanus Gas Turbines Generating,NY,Kings,GT36,OP,GT,IPP Non-CHP,2,20.0,15.5,20.3,NG,DFO,Y,NG,DFO,,,,,Y,Y,15.6,18.9,15.6,18.9,1H,1H,Y,,Y,,2017,Natural Gas Fired Combustion Turbine,Y,7.0,1971.0
54863,U S Power Generating Company LLC,2494,Gowanus Gas Turbines Generating,NY,Kings,GT37,OP,GT,IPP Non-CHP,2,20.0,17.6,23,NG,DFO,Y,NG,DFO,,,,,Y,Y,18.2,20.1,18.2,20.1,1H,1H,Y,,Y,,2017,Natural Gas Fired Combustion Turbine,Y,7.0,1971.0
54863,U S Power Generating Company LLC,2494,Gowanus Gas Turbines Generating,NY,Kings,GT38,OP,GT,IPP Non-CHP,2,20.0,18.3,23.3,NG,DFO,Y,NG,DFO,,,,,Y,Y,17.9,22.4,17.9,22.4,1H,1H,Y,,Y,,2017,Natural Gas Fired Combustion Turbine,Y,7.0,1971.0
54863,U S Power Generating Company LLC,2499,Narrows Gas Turbines Generating,NY,Kings,NT11,OP,GT,IPP Non-CHP,2,22.0,18.9,23.9,NG,DFO,Y,NG,DFO,,,,,Y,Y,19.1,21.9,19.1,21.9,1H,1H,Y,,Y,,2017,Natural Gas Fired Combustion Turbine,Y,5.0,1972.0
54863,U S Power Generating Company LLC,2499,Narrows Gas Turbines Generating,NY,Kings,NT12,OP,GT,IPP Non-CHP,2,22.0,17.3,22.4,NG,DFO,Y,NG,DFO,,,,,Y,Y,17.3,20.7,17.3,20.7,1H,1H,Y,,Y,,2017,Natural Gas Fired Combustion Turbine,Y,5.0,1972.0
54863,U S Power Generating Company LLC,2499,Narrows Gas Turbines Generating,NY,Kings,NT13,OP,GT,IPP Non-CHP,2,22.0,18.9,23.4,NG,DFO,Y,NG,DFO,,,,,Y,Y,18.3,22.8,18.3,22.8,1H,1H,Y,,Y,,2017,Natural Gas Fired Combustion Turbine,Y,5.0,1972.0
54863,U S Power Generating Company LLC,2499,Narrows Gas Turbines Generating,NY,Kings,NT14,OP,GT,IPP Non-CHP,2,22.0,19.1,24.4,NG,DFO,Y,NG,DFO,,,,,Y,Y,18.4,23.1,18.4,23.1,1H,1H,Y,,Y,,2017,Natural Gas Fired Combustion Turbine,Y,5.0,1972.0
54863,U S Power Generating Company LLC,2499,Narrows Gas Turbines Generating,NY,Kings,NT15,OP,GT,IPP Non-CHP,2,22.0,19.8,24.4,NG,DFO,Y,NG,DFO,,,,,Y,Y,18.6,22.7,18.6,22.7,1H,1H,Y,,Y,,2017,Natural Gas Fired Combustion Turbine,Y,5.0,1972.0
54863,U S Power Generating Company LLC,2499,Narrows Gas Turbines Generating,NY,Kings,NT16,OP,GT,IPP Non-CHP,2,22.0,16.5,22.1,NG,DFO,Y,NG,DFO,,,,,Y,Y,16.6,20,16.6,20,1H,1H,Y,,Y,,2017,Natural Gas Fired Combustion Turbine,Y,5.0,1972.0
54863,U S Power Generating Company LLC,2499,Narrows Gas Turbines Generating,NY,Kings,NT17,OP,GT,IPP Non-CHP,2,22.0,15.6,20.6,NG,DFO,Y,NG,DFO,,,,,Y,Y,16.6,20.4,16.6,20.4,1H,1H,Y,,Y,,2017,Natural Gas Fired Combustion Turbine,Y,5.0,1972.0
54863,U S Power Generating Company LLC,2499,Narrows Gas Turbines Generating,NY,Kings,NT18,OP,GT,IPP Non-CHP,2,22.0,17.4,21.9,NG,DFO,Y,NG,DFO,,,,,Y,Y,16.6,20.5,16.6,20.5,1H,1H,Y,,Y,,2017,Natural Gas Fired Combustion Turbine,Y,5.0,1972.0
54863,U S Power Generating Company LLC,2499,Narrows Gas Turbines Generating,NY,Kings,NT21,OP,GT,IPP Non-CHP,2,22.0,18.6,23.8,NG,DFO,Y,NG,DFO,,,,,Y,Y,18.8,22.6,18.8,22.6,1H,1H,Y,,Y,,2017,Natural Gas Fired Combustion Turbine,Y,6.0,1972.0
54863,U S Power Generating Company LLC,2499,Narrows Gas Turbines Generating,NY,Kings,NT22,OP,GT,IPP Non-CHP,2,22.0,16.6,22.6,NG,DFO,Y,NG,DFO,,,,,Y,Y,17.3,21,17.3,21,1H,1H,Y,,Y,,2017,Natural Gas Fired Combustion Turbine,Y,6.0,1972.0
54863,U S Power Generating Company LLC,2499,Narrows Gas Turbines Generating,NY,Kings,NT23,OP,GT,IPP Non-CHP,2,22.0,18,23.8,NG,DFO,Y,NG,DFO,,,,,Y,Y,18.4,22.4,18.4,22.4,1H,1H,Y,,Y,,2017,Natural Gas Fired Combustion Turbine,Y,6.0,1972.0
54863,U S Power Generating Company LLC,2499,Narrows Gas Turbines Generating,NY,Kings,NT24,OP,GT,IPP Non-CHP,2,22.0,18.7,24.1,NG,DFO,Y,NG,DFO,,,,,Y,Y,17.3,21.4,17.3,21.4,1H,1H,Y,,Y,,2017,Natural Gas Fired Combustion Turbine,Y,6.0,1972.0
54863,U S Power Generating Company LLC,2499,Narrows Gas Turbines Generating,NY,Kings,NT25,OP,GT,IPP Non-CHP,2,22.0,18,23.7,NG,DFO,Y,NG,DFO,,,,,Y,Y,18.2,22.2,18.2,22.2,1H,1H,Y,,Y,,2017,Natural Gas Fired Combustion Turbine,Y,6.0,1972.0
54863,U S Power Generating Company LLC,2499,Narrows Gas Turbines Generating,NY,Kings,NT26,OP,GT,IPP Non-CHP,2,22.0,15.4,20.8,NG,DFO,Y,NG,DFO,,,,,Y,Y,15.9,19.5,15.9,19.5,1H,1H,Y,,Y,,2017,Natural Gas Fired Combustion Turbine,Y,6.0,1972.0
54863,U S Power Generating Company LLC,2499,Narrows Gas Turbines Generating,NY,Kings,NT27,OP,GT,IPP Non-CHP,2,22.0,18.1,24.1,NG,DFO,Y,NG,DFO,,,,,Y,Y,18.7,22.8,18.7,22.8,1H,1H,Y,,Y,,2017,Natural Gas Fired Combustion Turbine,Y,6.0,1972.0
54863,U S Power Generating Company LLC,2499,Narrows Gas Turbines Generating,NY,Kings,NT28,OP,GT,IPP Non-CHP,2,22.0,16,21.6,NG,DFO,Y,NG,DFO,,,,,Y,Y,16.9,20.1,16.9,20.1,1H,1H,Y,,Y,,2017,Natural Gas Fired Combustion Turbine,Y,6.0,1972.0
61130,"Helix Ravenswood, LLC",2500,Ravenswood,NY,Queens,1,OP,ST,IPP Non-CHP,2,400.0,368,368,NG,RFO,Y,NG,RFO,,,,,Y,Y,368,368,368,368,6H,6H,Y,,Y,,2017,Natural Gas Steam Turbine,Y,2.0,1963.0
61130,"Helix Ravenswood, LLC",2500,Ravenswood,NY,Queens,2,OP,ST,IPP Non-CHP,2,400.0,372.5,375,NG,RFO,Y,NG,RFO,,,,,Y,Y,372.5,375,372.5,375,6H,6H,Y,,Y,,2017,Natural Gas Steam Turbine,Y,5.0,1963.0
61130,"Helix Ravenswood, LLC",2500,Ravenswood,NY,Queens,3,OP,ST,IPP Non-CHP,2,1027.0,973,974.2,NG,RFO,Y,NG,RFO,,,,,Y,Y,973,974.2,973,974.2,6H,6H,Y,,Y,,2017,Natural Gas Steam Turbine,Y,6.0,1965.0
61130,"Helix Ravenswood, LLC",2500,Ravenswood,NY,Queens,4,OP,CT,IPP Non-CHP,2,170.0,169.7,194.2,NG,KER,N,,,,,,,Y,Y,169.7,194.2,169.7,194.2,6H,6H,Y,Y,Y,,2017,Natural Gas Fired Combined Cycle,Y,12.0,2003.0
61130,"Helix Ravenswood, LLC",2500,Ravenswood,NY,Queens,4S,OP,CA,IPP Non-CHP,2,80.0,79.1,82.7,NG,KER,N,,,,,,,Y,Y,79.1,82.7,79.1,82.7,6H,6H,Y,Y,Y,,2017,Natural Gas Fired Combined Cycle,Y,12.0,2003.0
61130,"Helix Ravenswood, LLC",2500,Ravenswood,NY,Queens,GT10,SB,GT,IPP Non-CHP,2,25.0,19.2,22.2,NG,KER,N,,,,,,,Y,Y,19.2,22.2,19.2,22.2,1H,1H,Y,Y,Y,,2017,Natural Gas Fired Combustion Turbine,Y,7.0,1969.0
61130,"Helix Ravenswood, LLC",2500,Ravenswood,NY,Queens,GT11,SB,GT,IPP Non-CHP,2,25.0,17.3,23.1,NG,KER,N,,,,,,,Y,Y,17.3,23.1,17.3,23.1,1H,1H,Y,Y,Y,,2017,Natural Gas Fired Combustion Turbine,Y,6.0,1969.0
61130,"Helix Ravenswood, LLC",2500,Ravenswood,NY,Queens,GT21,SB,GT,IPP Non-CHP,2,42.9,30.6,41.7,NG,KER,N,,,,,,,Y,Y,30.6,41.7,30.6,41.7,1H,1H,Y,Y,Y,,2017,Natural Gas Fired Combustion Turbine,Y,6.0,1969.0
61130,"Helix Ravenswood, LLC",2500,Ravenswood,NY,Queens,GT22,SB,GT,IPP Non-CHP,2,42.9,32,41.9,NG,KER,N,,,,,,,Y,Y,32,41.9,32,41.9,1H,1H,Y,Y,Y,,2017,Natural Gas Fired Combustion Turbine,Y,6.0,1969.0
61130,"Helix Ravenswood, LLC",2500,Ravenswood,NY,Queens,GT23,SB,GT,IPP Non-CHP,2,42.9,30.7,37.3,NG,KER,N,,,,,,,Y,Y,30.7,37.3,30.7,37.3,1H,1H,Y,Y,Y,,2017,Natural Gas Fired Combustion Turbine,Y,6.0,1969.0
61130,"Helix Ravenswood, LLC",2500,Ravenswood,NY,Queens,GT24,SB,GT,IPP Non-CHP,2,42.9,30.9,41.6,NG,KER,N,,,,,,,Y,Y,30.9,41.6,30.9,41.6,1H,1H,Y,Y,Y,,2017,Natural Gas Fired Combustion Turbine,Y,6.0,1969.0
61130,"Helix Ravenswood, LLC",2500,Ravenswood,NY,Queens,GT31,SB,GT,IPP Non-CHP,2,42.9,30.7,40.8,NG,KER,N,,,,,,,Y,Y,30.7,40.8,30.7,40.8,1H,1H,Y,Y,Y,,2017,Natural Gas Fired Combustion Turbine,Y,6.0,1969.0
61130,"Helix Ravenswood, LLC",2500,Ravenswood,NY,Queens,GT32,SB,GT,IPP Non-CHP,2,42.9,29.7,40.3,NG,KER,N,,,,,,,Y,Y,29.7,40.3,29.7,40.3,1H,1H,Y,Y,Y,,2017,Natural Gas Fired Combustion Turbine,Y,6.0,1969.0
61130,"Helix Ravenswood, LLC",2500,Ravenswood,NY,Queens,GT34,SB,GT,IPP Non-CHP,2,42.9,29.8,40.8,NG,KER,N,,,,,,,Y,Y,29.8,40.8,29.8,40.8,1H,1H,Y,Y,Y,,2017,Natural Gas Fired Combustion Turbine,Y,6.0,1969.0
61130,"Helix Ravenswood, LLC",2500,Ravenswood,NY,Queens,GT4,OS,GT,IPP Non-CHP,2,21.1,12.9,15.6,NG,KER,N,,,,,,,Y,Y,12.9,15.6,12.9,15.6,1H,1H,Y,Y,Y,,2017,Natural Gas Fired Combustion Turbine,Y,6.0,1969.0
61130,"Helix Ravenswood, LLC",2500,Ravenswood,NY,Queens,GT5,OS,GT,IPP Non-CHP,2,21.1,15.5,17.2,NG,KER,N,,,,,,,Y,Y,15.5,17.2,15.5,17.2,1H,1H,Y,Y,Y,,2017,Natural Gas Fired Combustion Turbine,Y,6.0,1969.0
61130,"Helix Ravenswood, LLC",2500,Ravenswood,NY,Queens,GT6,OS,GT,IPP Non-CHP,2,22.0,12.6,16.5,NG,KER,N,,,,,,,Y,Y,12.6,16.5,12.6,16.5,1H,1H,Y,Y,Y,,2017,Natural Gas Fired Combustion Turbine,Y,6.0,1969.0
61130,"Helix Ravenswood, LLC",2500,Ravenswood,NY,Queens,GT9,OS,GT,IPP Non-CHP,2,25.0,16.3,22.8,NG,KER,N,,,,,,,Y,Y,16.3,22.8,16.3,22.8,1H,1H,Y,Y,Y,,2017,Natural Gas Fired Combustion Turbine,Y,6.0,1969.0
4226,Consolidated Edison Co-NY Inc,2503,59th Street,NY,New York,GT1,OP,GT,Electric Utility,1,17.1,14.9,22.2,NG,KER,N,,,,,,,Y,N,14.4,20.8,14.4,20.8,UNK,UNK,N,,,,2017,Natural Gas Fired Combustion Turbine,Y,6.0,1969.0
56505,National Grid Generation LLC,2511,E F Barrett,NY,Nassau,10,OP,GT,Electric Utility,1,41.8,39.6,49.7,NG,DFO,N,,,,,,,Y,Y,39.5,49.3,39.5,49.3,1H,1H,N,,,,2017,Natural Gas Fired Combustion Turbine,Y,6.0,1971.0
56505,National Grid Generation LLC,2511,E F Barrett,NY,Nassau,11,OP,GT,Electric Utility,1,41.8,40.1,49.7,NG,DFO,N,,,,,,,Y,Y,40,49.3,40,49.3,1H,1H,N,,,,2017,Natural Gas Fired Combustion Turbine,Y,6.0,1971.0
56505,National Grid Generation LLC,2511,E F Barrett,NY,Nassau,12,OP,GT,Electric Utility,1,41.8,40.9,49.3,NG,DFO,N,,,,,,,Y,Y,40.2,48.8,40.2,48.8,1H,1H,N,,,,2017,Natural Gas Fired Combustion Turbine,Y,6.0,1971.0
56505,National Grid Generation LLC,2511,E F Barrett,NY,Nassau,3,OP,GT,Electric Utility,1,18.0,17.2,20,NG,DFO,N,,,,,,,Y,Y,17.5,20.4,17.5,20.4,1H,1H,N,,,,2017,Natural Gas Fired Combustion Turbine,Y,6.0,1970.0
56505,National Grid Generation LLC,2511,E F Barrett,NY,Nassau,4,OP,GT,Electric Utility,1,18.0,17.1,19.2,NG,DFO,N,,,,,,,Y,Y,17.7,20.5,17.7,20.5,1H,1H,N,,,,2017,Natural Gas Fired Combustion Turbine,Y,7.0,1970.0
56505,National Grid Generation LLC,2511,E F Barrett,NY,Nassau,5,OP,GT,Electric Utility,1,18.0,17.3,19.9,NG,DFO,N,,,,,,,Y,Y,17,20,17,20,1H,1H,N,,,,2017,Natural Gas Fired Combustion Turbine,Y,7.0,1970.0
56505,National Grid Generation LLC,2511,E F Barrett,NY,Nassau,6,OP,GT,Electric Utility,1,18.0,17.8,20,NG,DFO,N,,,,,,,Y,Y,16.7,20.2,16.7,20.2,1H,1H,N,,,,2017,Natural Gas Fired Combustion Turbine,Y,7.0,1970.0
56505,National Grid Generation LLC,2511,E F Barrett,NY,Nassau,8,OP,GT,Electric Utility,1,18.0,16.9,20.4,NG,DFO,N,,,,,,,Y,Y,17,20,17,20,1H,1H,N,,,,2017,Natural Gas Fired Combustion Turbine,Y,7.0,1970.0
56505,National Grid Generation LLC,2511,E F Barrett,NY,Nassau,9,OP,GT,Electric Utility,1,41.8,40.7,50.3,NG,DFO,N,,,,,,,Y,Y,39.8,49.2,39.8,49.2,1H,1H,N,,,,2017,Natural Gas Fired Combustion Turbine,Y,6.0,1971.0
56505,National Grid Generation LLC,2511,E F Barrett,NY,Nassau,GT1,OP,GT,Electric Utility,1,18.0,17.4,16,NG,DFO,N,,,,,,,Y,Y,16.3,19.3,16.3,19.3,1H,1H,N,,,,2017,Natural Gas Fired Combustion Turbine,Y,6.0,1970.0
56505,National Grid Generation LLC,2511,E F Barrett,NY,Nassau,GT2,OP,GT,Electric Utility,1,18.0,17.5,18.7,NG,DFO,N,,,,,,,Y,Y,14.9,17.5,14.9,17.5,1H,1H,N,,,,2017,Natural Gas Fired Combustion Turbine,Y,6.0,1970.0
56505,National Grid Generation LLC,2511,E F Barrett,NY,Nassau,ST1,OP,ST,Electric Utility,1,188.0,193,199.2,NG,RFO,Y,NG,RFO,,,,,Y,Y,195.2,194.5,195.2,194.5,6H,6H,N,Y,,,2017,Natural Gas Steam Turbine,Y,11.0,1956.0
56505,National Grid Generation LLC,2511,E F Barrett,NY,Nassau,ST2,OP,ST,Electric Utility,1,188.0,192.7,196,NG,RFO,Y,NG,RFO,,,,,Y,Y,196.2,194.2,196.2,194.2,6H,6H,N,Y,,,2017,Natural Gas Steam Turbine,Y,10.0,1963.0
56505,National Grid Generation LLC,2516,Northport,NY,Suffolk,2,OP,ST,Electric Utility,1,387.0,399,399,NG,RFO,Y,NG,RFO,,,,,Y,Y,393.5,393.5,393.5,393.5,6H,6H,N,,,,2017,Natural Gas Steam Turbine,Y,6.0,1968.0
56505,National Grid Generation LLC,2516,Northport,NY,Suffolk,3,OP,ST,Electric Utility,1,387.0,390.5,390,NG,RFO,Y,NG,RFO,,,,,Y,Y,396,397,396,397,6H,6H,N,,,,2017,Natural Gas Steam Turbine,Y,7.0,1972.0
56505,National Grid Generation LLC,2516,Northport,NY,Suffolk,4,OP,ST,Electric Utility,1,387.0,391.7,386.2,NG,RFO,Y,NG,RFO,,,,,Y,Y,395.5,395,395.5,395,6H,6H,N,,,,2017,Natural Gas Steam Turbine,Y,12.0,1977.0
56505,National Grid Generation LLC,2516,Northport,NY,Suffolk,ST1,OP,ST,Electric Utility,1,387.0,399.5,397,NG,RFO,Y,NG,RFO,,,,,Y,Y,397.7,387.7,397.7,387.7,6H,6H,N,,,,2017,Natural Gas Steam Turbine,Y,7.0,1967.0
56505,National Grid Generation LLC,2517,Port Jefferson,NY,Suffolk,3,OP,ST,Electric Utility,1,188.0,190.3,188.5,NG,RFO,Y,NG,RFO,,,,,Y,Y,195,193.5,195,193.5,6H,6H,N,,,,2017,Natural Gas Steam Turbine,Y,11.0,1958.0
56505,National Grid Generation LLC,2517,Port Jefferson,NY,Suffolk,4,OP,ST,Electric Utility,1,188.0,189.5,198.2,NG,RFO,Y,NG,RFO,,,,,Y,Y,197.7,194.5,197.7,194.5,6H,6H,N,,,,2017,Natural Gas Steam Turbine,Y,11.0,1960.0
56505,National Grid Generation LLC,2517,Port Jefferson,NY,Suffolk,GT2,OP,GT,Electric Utility,1,53.0,40.5,45.7,NG,KER,N,,,,,,,Y,N,43.3,48.1,43.3,48.1,1H,1H,Y,,Y,,2017,Natural Gas Fired Combustion Turbine,Y,7.0,2002.0
56505,National Grid Generation LLC,2517,Port Jefferson,NY,Suffolk,GT3,OP,GT,Electric Utility,1,53.0,41.1,46.3,NG,KER,N,,,,,,,Y,N,39.7,46,39.7,46,1H,1H,Y,,Y,,2017,Natural Gas Fired Combustion Turbine,Y,7.0,2002.0
25,Greenidge Generation Holdings LLC,2527,Greenidge Generation LLC,NY,Yates,4,OP,ST,IPP Non-CHP,2,112.0,107.5,106.3,NG,WDS,Y,BIT,NG,WDS,,,,N,, , , , ,,,,,,,2017,Natural Gas Steam Turbine,Y,12.0,1953.0
13923,NRG Oswego Harbor Power Operations Inc,2594,Oswego Harbor Power,NY,Oswego,ST6,OP,ST,IPP Non-CHP,2,901.8,816.5,827.5,RFO,NG,Y,RFO,NG,,,,,Y,Y,180,180,850,850,6H,UNK,Y,Y,,,2017,Petroleum Liquids,Y,12.0,1979.0
12792,NRG New York LLC,2625,Bowline Point,NY,Rockland,1,OP,ST,IPP Non-CHP,2,621.0,575,578,NG,RFO,Y,NG,RFO,,,,,Y,Y,572,572,572,572,6H,6H,Y,Y,,,2017,Natural Gas Steam Turbine,Y,9.0,1972.0
12792,NRG New York LLC,2625,Bowline Point,NY,Rockland,2,OP,ST,IPP Non-CHP,2,621.0,562,567,NG,RFO,Y,NG,RFO,,,,,Y,Y,562,567,562,567,6H,6H,Y,Y,,,2017,Natural Gas Steam Turbine,Y,5.0,1974.0
56142,"Alliance NYGT, LLC",2628,Hillburn,NY,Rockland,GEN1,OP,GT,IPP Non-CHP,2,46.5,33.1,43.8,NG,KER,N,,,,,,,Y,N,33.1,43,33.1,43,1H,1H,Y,,Y,,2017,Natural Gas Fired Combustion Turbine,Y,7.0,1972.0
56142,"Alliance NYGT, LLC",2632,Shoemaker,NY,Orange,SHOE,OP,GT,IPP Non-CHP,2,41.9,33,40,NG,KER,N,,,,,,,Y,N,33,43,33,43,1H,1H,Y,,Y,,2017,Natural Gas Fired Combustion Turbine,Y,7.0,1972.0
6775,Village of Freeport - (NY),2679,Plant No 2 Freeport,NY,Nassau,CT5,OP,GT,Electric Utility,1,60.5,49,49,NG,KER,N,,,,,,,Y,N,49.5,49.5,49.5,49.5,6H,1H,N,,,,2017,Natural Gas Fired Combustion Turbine,Y,4.0,2004.0
9645,Jamestown Board of Public Util,2682,S A Carlson,NY,Chautauqua,5,OP,ST,Electric Utility,1,24.5,22.5,22.5,NG,DFO,N,,,,,,,Y,N,22.5,22.5,7,7,1H,1H,N,,,,2017,Natural Gas Steam Turbine,Y,8.0,1951.0
9645,Jamestown Board of Public Util,2682,S A Carlson,NY,Chautauqua,6,OP,ST,Electric Utility,1,24.5,22.5,22.5,NG,DFO,N,,,,,,,Y,N,22.5,22.5,7,7,1H,1H,N,,,,2017,Natural Gas Steam Turbine,Y,8.0,1968.0
16217,Village of Rockville Centre - (NY),2695,Charles P Keller,NY,Nassau,10,OP,IC,Electric Utility,1,3.5,3.2,3.2,NG,DFO,N,,,,,,,Y,Y,2.9,2.9,3.2,3.2,1H,1H,Y,Y,Y,,2017,Natural Gas Internal Combustion Engine,Y,1.0,1954.0
16217,Village of Rockville Centre - (NY),2695,Charles P Keller,NY,Nassau,11,OP,IC,Electric Utility,1,5.2,5.2,5.2,NG,DFO,N,,,,,,,Y,Y,4.95,4.95,5.2,5.2,1H,1H,Y,Y,Y,,2017,Natural Gas Internal Combustion Engine,Y,1.0,1962.0
16217,Village of Rockville Centre - (NY),2695,Charles P Keller,NY,Nassau,12,OP,IC,Electric Utility,1,5.5,5.5,5.5,NG,DFO,N,,,,,,,Y,Y,5.2,5.2,5.5,5.5,1H,1H,Y,Y,Y,,2017,Natural Gas Internal Combustion Engine,Y,1.0,1967.0
16217,Village of Rockville Centre - (NY),2695,Charles P Keller,NY,Nassau,13,OP,IC,Electric Utility,1,5.5,5.5,5.5,NG,DFO,N,,,,,,,Y,Y,5.2,5.2,5.5,5.5,1H,1H,Y,Y,Y,,2017,Natural Gas Internal Combustion Engine,Y,1.0,1974.0
16217,Village of Rockville Centre - (NY),2695,Charles P Keller,NY,Nassau,14,OP,IC,Electric Utility,1,6.2,6.2,6.2,NG,DFO,N,,,,,,,Y,Y,6.2,6.2,6.2,6.2,1H,1H,Y,Y,Y,,2017,Natural Gas Internal Combustion Engine,Y,9.0,1994.0
16217,Village of Rockville Centre - (NY),2695,Charles P Keller,NY,Nassau,9,OP,IC,Electric Utility,1,3.5,3.2,3.2,NG,DFO,N,,,,,,,Y,Y,2.9,2.9,3.2,3.2,1H,1H,Y,Y,Y,,2017,Natural Gas Internal Combustion Engine,Y,1.0,1954.0
15296,New York Power Authority,7314,Richard M Flynn,NY,Suffolk,NA1,OP,CT,Electric Utility,1,108.0,87.5,103.9,NG,DFO,Y,NG,DFO,,,,,Y,N,87.5,103.9,87.5,103.9,1H,1H,Y,,,Y,2017,Natural Gas Fired Combined Cycle,Y,5.0,1994.0
56505,National Grid Generation LLC,7869,Glenwood Landing,NY,Nassau,GT4,OP,GT,Electric Utility,1,53.0,40,46.8,NG,KER,N,,,,,,,Y,Y,40.6,46,40.6,46,1H,1H,Y,,Y,,2017,Natural Gas Fired Combustion Turbine,Y,6.0,2002.0
56505,National Grid Generation LLC,7869,Glenwood Landing,NY,Nassau,GT5,OP,GT,Electric Utility,1,53.0,40,43.2,NG,KER,N,,,,,,,Y,Y,38.6,44.6,38.6,44.6,1H,1H,Y,,Y,,2017,Natural Gas Fired Combustion Turbine,Y,6.0,2002.0
5511,CCI Roseton LLC,8006,Roseton Generating Facility,NY,Orange,1,OP,ST,IPP Non-CHP,2,621.0,607.7,610,NG,RFO,Y,RFO,NG,,,,,Y,Y,589.5,611.2,589.5,611.2,1H,1H,Y,,,Y,2017,Natural Gas Steam Turbine,Y,12.0,1974.0
5511,CCI Roseton LLC,8006,Roseton Generating Facility,NY,Orange,2,OP,ST,IPP Non-CHP,2,621.0,604,605.7,NG,RFO,Y,RFO,NG,,,,,Y,Y,599.5,609,599.5,609,1H,1H,Y,,,Y,2017,Natural Gas Steam Turbine,Y,9.0,1974.0
54863,U S Power Generating Company LLC,8906,Astoria Generating Station,NY,Queens,3,OP,ST,IPP Non-CHP,2,376.0,379.1,372.9,NG,RFO,Y,RFO,NG,,,,,Y,Y,361,361,351,351,6H,6H,Y,Y,Y,,2017,Natural Gas Steam Turbine,Y,9.0,1958.0
54863,U S Power Generating Company LLC,8906,Astoria Generating Station,NY,Queens,4,OS,ST,IPP Non-CHP,2,387.0,380,387,NG,RFO,Y,RFO,NG,,,,,Y,Y,372,372,361,361,6H,6H,Y,Y,Y,,2017,Natural Gas Steam Turbine,Y,12.0,1961.0
54863,U S Power Generating Company LLC,8906,Astoria Generating Station,NY,Queens,ST5,OP,ST,IPP Non-CHP,2,387.0,381.8,387.4,NG,RFO,Y,RFO,NG,,,,,Y,Y,372,372,362,361,6H,6H,Y,Y,Y,,2017,Natural Gas Steam Turbine,Y,5.0,1962.0
5624,"RED-Rochester, LLC",10025,"RED-Rochester, LLC",NY,Monroe,17TG,OP,ST,Industrial CHP,7,15.0,15,15,BIT,RFO,Y,RFO,NG,,,,,N,, , , , ,,,,,,,2017,Conventional Steam Coal,Y,12.0,1968.0
5624,"RED-Rochester, LLC",10025,"RED-Rochester, LLC",NY,Monroe,22TG,OS,ST,Industrial CHP,7,12.5,12.5,12.5,BIT,RFO,Y,RFO,NG,,,,,N,, , , , ,,,,,,,2017,Conventional Steam Coal,Y,8.0,1954.0
5624,"RED-Rochester, LLC",10025,"RED-Rochester, LLC",NY,Monroe,41TG,OP,ST,Industrial CHP,7,25.6,25.6,25.6,BIT,NG,Y,RFO,NG,,,,,N,, , , , ,,,,,,,2017,Conventional Steam Coal,Y,5.0,1964.0
5624,"RED-Rochester, LLC",10025,"RED-Rochester, LLC",NY,Monroe,42TG,OP,ST,Industrial CHP,7,25.6,25.6,25.6,BIT,NG,Y,RFO,NG,,,,,N,, , , , ,,,,,,,2017,Conventional Steam Coal,Y,8.0,1967.0
5624,"RED-Rochester, LLC",10025,"RED-Rochester, LLC",NY,Monroe,43TG,OP,ST,Industrial CHP,7,25.6,25.6,25.6,BIT,NG,Y,RFO,NG,,,,,N,, , , , ,,,,,,,2017,Conventional Steam Coal,Y,4.0,1969.0
5624,"RED-Rochester, LLC",10025,"RED-Rochester, LLC",NY,Monroe,44TG,OP,ST,Industrial CHP,7,25.6,25.6,25.6,BIT,DFO,Y,DFO,BIT,,,,,N,, , , , ,,,,,,,2017,Conventional Steam Coal,Y,8.0,1987.0
60741,Fortistar Castleton Power,10190,Castleton Energy Center,NY,Rensselaer,GEN1,OP,CT,IPP Non-CHP,2,47.0,70.2,78.7,NG,DFO,Y,NG,DFO,,,,,Y,Y,44,51,43,49,1H,1H,Y,Y,Y,,2017,Natural Gas Fired Combined Cycle,Y,2.0,1992.0
1746,Black River Generation LLC,10464,ReEnergy Black River,NY,Jefferson,GEN1,OP,ST,IPP Non-CHP,2,55.5,55,56,WDS,TDF,Y,WDS,DFO,TDF,,,,N,, , , , ,,,,,,,2017,Wood/Wood Waste Biomass,Y,6.0,1989.0
56174,Finch Paper LLC,10511,Finch Paper,NY,Warren,GEN6,OP,ST,Industrial CHP,7,29.0,23,27,WDL,NG,N,,,,,,,Y,Y,14,18,8,12,6H,6H,Y,,Y,Y,2017,Wood/Wood Waste Biomass,Y,6.0,1987.0
60641,Veolia NA - Municipal & Commercial Business,10521,Lederle Laboratories,NY,Rockland,3A,OP,CA,Industrial CHP,7,1.5,1.5,1.5,NG,DFO,N,,,,,,,Y,Y,1.5,1.5,1.5,1.5,1H,1H,Y,,Y,,2017,Natural Gas Fired Combined Cycle,Y,12.0,1998.0
60641,Veolia NA - Municipal & Commercial Business,10521,Lederle Laboratories,NY,Rockland,GEN1,OP,CT,Industrial CHP,7,8.3,8.3,8.3,NG,DFO,N,,,,,,,Y,Y,8.3,8.3,8.3,8.3,1H,1H,Y,,Y,,2017,Natural Gas Fired Combined Cycle,Y,1.0,1991.0
60641,Veolia NA - Municipal & Commercial Business,10521,Lederle Laboratories,NY,Rockland,GEN2,OP,CT,Industrial CHP,7,8.3,8.3,8.3,NG,DFO,N,,,,,,,Y,Y,8.3,8.3,8.3,8.3,1H,1H,Y,,Y,,2017,Natural Gas Fired Combined Cycle,Y,1.0,1991.0
60641,Veolia NA - Municipal & Commercial Business,10521,Lederle Laboratories,NY,Rockland,GEN3,OP,CA,Industrial CHP,7,2.2,2.2,2.2,NG,DFO,N,,,,,,,Y,Y,3.1,3.1,3.1,3.1,1H,1H,Y,,Y,,2017,Natural Gas Fired Combined Cycle,Y,7.0,1990.0
60641,Veolia NA - Municipal & Commercial Business,10521,Lederle Laboratories,NY,Rockland,TG4,OP,CA,Industrial CHP,7,3.1,1.4,1.4,NG,DFO,N,,,,,,,Y,Y,2.2,2.2,2.2,2.2,1H,1H,Y,,Y,,2017,Natural Gas Fired Combined Cycle,Y,7.0,1997.0
58338,Lakeside Beaver Falls LLC,10617,CH Resources Beaver Falls,NY,Lewis,GEN1,OP,CT,IPP CHP,3,65.5,50.8,63.9,NG,DFO,N,,,,,,,Y,Y,50.8,63.9,45,50,UNK,UNK,N,,,,2017,Natural Gas Fired Combined Cycle,Y,4.0,1995.0
58338,Lakeside Beaver Falls LLC,10617,CH Resources Beaver Falls,NY,Lewis,GEN2,OP,CA,IPP CHP,3,42.3,30.6,31.8,NG,DFO,N,,,,,,,Y,Y,30.6,31.8,25,30,UNK,UNK,N,,,,2017,Natural Gas Fired Combined Cycle,Y,4.0,1995.0
3085,Carthage Energy LLC,10620,Carthage Energy LLC,NY,Jefferson,GEN1,OP,CT,IPP Non-CHP,2,40.9,38.2,44.7,NG,DFO,Y,NG,DFO,,,,,Y,Y,40.03,45,40.03,45,1H,1H,Y,Y,Y,,2017,Natural Gas Fired Combined Cycle,Y,11.0,1991.0
16909,Selkirk Cogen Partners LP,10725,Selkirk Cogen,NY,Albany,GEN1,OP,CT,IPP CHP,3,95.2,78.1,104.3,NG,DFO,Y,NG,DFO,,,,,Y,N,80.9,95,80.9,95,OVER,OVER,Y,Y,Y,,2017,Natural Gas Fired Combined Cycle,Y,4.0,1992.0
16909,Selkirk Cogen Partners LP,10725,Selkirk Cogen,NY,Albany,GEN3,OP,CT,IPP CHP,3,95.2,282.1,325.9,NG,DFO,Y,NG,DFO,,,,,Y,N,80.9,95,80.9,95,OVER,OVER,Y,Y,Y,,2017,Natural Gas Fired Combined Cycle,Y,4.0,1994.0
16909,Selkirk Cogen Partners LP,10725,Selkirk Cogen,NY,Albany,GEN4,OP,CT,IPP CHP,3,95.2, , ,NG,DFO,Y,NG,DFO,,,,,Y,N,80.9,95,80.9,95,OVER,OVER,Y,Y,Y,,2017,Natural Gas Fired Combined Cycle,Y,4.0,1994.0
21508,Cornell University,50368,Cornell University Central Heat,NY,Tompkins,CT1,OP,CT,Commercial CHP,5,15.0,12.3,14.5,NG,DFO,N,NG,DFO,,,,,Y,Y,12.3,14.5,12.3,14.5,1H,1H,Y,,Y,,2017,Natural Gas Fired Combined Cycle,Y,12.0,2009.0
21508,Cornell University,50368,Cornell University Central Heat,NY,Tompkins,CT2,OP,CT,Commercial CHP,5,15.0,12.3,14.5,NG,DFO,N,NG,DFO,,,,,Y,Y,12.3,14.5,12.3,14.5,1H,1H,Y,,Y,,2017,Natural Gas Fired Combined Cycle,Y,12.0,2009.0
9245,Indeck-Energy Serv Silver Spg,50449,Indeck Silver Springs Energy Center,NY,Wyoming,GEN1,OP,CT,IPP CHP,3,39.4,49.1,62.5,NG,DFO,Y,NG,DFO,,,,,Y,Y,31.9,45.3,31.9,45.3,1H,1H,Y,Y,Y,,2017,Natural Gas Fired Combined Cycle,Y,5.0,1991.0
9245,Indeck-Energy Serv Silver Spg,50449,Indeck Silver Springs Energy Center,NY,Wyoming,GEN2,OP,CA,IPP CHP,3,17.2, , ,NG,DFO,N,,,,,,,Y,Y,17.2,17.2,17.2,17.2,1H,1H,Y,Y,Y,,2017,Natural Gas Fired Combined Cycle,Y,5.0,1991.0
9244,Indeck-Oswego Ltd Partnership,50450,Indeck Oswego Energy Center,NY,Oswego,GEN1,OP,CT,IPP CHP,3,41.2,48.9,61.4,NG,DFO,Y,NG,DFO,,,,,Y,Y,48.9,61.4,48.9,61.4,1H,1H,Y,Y,Y,,2017,Natural Gas Fired Combined Cycle,Y,6.0,1990.0
9243,Indeck-Yerkes Ltd Partnership,50451,Indeck Yerkes Energy Center,NY,Erie,GEN1,OP,CT,IPP CHP,3,40.6,47.7,56.7,NG,DFO,Y,NG,DFO,,,,,Y,Y,28.4,37.4,28.4,37.4,1H,1H,Y,Y,Y,,2017,Natural Gas Fired Combined Cycle,Y,12.0,1989.0
9263,Indeck-Corinth Ltd Partnership,50458,Indeck Corinth Energy Center,NY,Saratoga,GEN1,OP,CT,IPP CHP,3,92.0,74.4,92.2,NG,DFO,N,,,,,,,Y,Y,74.4,92.2,74.4,92.2,6H,6H,Y,Y,Y,,2017,Natural Gas Fired Combined Cycle,Y,2.0,1995.0
470,Covanta Energy of Niagara LP,50472,"Covanta Niagara I, LLC",NY,Niagara,GEN1,OP,ST,IPP CHP,3,25.0,18,18,MSW,NG,Y,NG,MSW,WDS,OTH,,,N,, , , , ,,,,,,,2017,Municipal Solid Waste,Y,8.0,1980.0
470,Covanta Energy of Niagara LP,50472,"Covanta Niagara I, LLC",NY,Niagara,GEN2,OP,ST,IPP CHP,3,25.0,18,18,MSW,NG,Y,NG,MSW,WDS,OTH,,,N,, , , , ,,,,,,,2017,Municipal Solid Waste,Y,8.0,1980.0
18020,Starrett City Inc,50743,Starrett City Cogen Facility,NY,Kings,GEN1,OP,ST,Commercial CHP,5,6.0,5.5,6,NG,RFO,N,,,,,,,Y,Y,5.5,5.5,5.8,5.8,1H,1H,N,,,,2017,Natural Gas Steam Turbine,Y,10.0,1974.0
18020,Starrett City Inc,50743,Starrett City Cogen Facility,NY,Kings,GEN2,OP,ST,Commercial CHP,5,6.0,5.5,6,NG,RFO,N,,,,,,,Y,Y,5.5,5.5,5.8,5.8,1H,1H,N,,,,2017,Natural Gas Steam Turbine,Y,10.0,1974.0
24202,Carr Street Generating Sta LP,50978,Carr Street Generating Station,NY,Onondaga,GEN1,OP,CT,IPP Non-CHP,2,48.8,33,40.8,NG,DFO,N,,,,,,,Y,Y,33,40,33,40,1H,1H,Y,Y,Y,,2017,Natural Gas Fired Combined Cycle,Y,7.0,1993.0
24202,Carr Street Generating Sta LP,50978,Carr Street Generating Station,NY,Onondaga,GEN2,OP,CT,IPP Non-CHP,2,48.8,33,40.8,NG,DFO,N,,,,,,,Y,Y,33,40,33,40,1H,1H,Y,Y,Y,,2017,Natural Gas Fired Combined Cycle,Y,7.0,1993.0
19153,Nassau Energy Corp,52056,Nassau Energy Corp,NY,Nassau,GT1,OP,CT,IPP CHP,3,43.0,43,45,NG,DFO,Y,NG,DFO,,,,,Y,Y,43,45,43,43,1H,1H,Y,Y,Y,,2017,Natural Gas Fired Combined Cycle,Y,3.0,1991.0
24210,Riverbay Corp,52168,Riverbay,NY,Bronx,GEN3,OP,GT,Commercial CHP,5,12.9,11.5,12.6,NG,DFO,N,,,,,,,Y,Y,12.5,12.4,12,12,6H,6H,Y,Y,Y,,2017,Natural Gas Fired Combustion Turbine,Y,3.0,2011.0
24210,Riverbay Corp,52168,Riverbay,NY,Bronx,GEN4,OP,GT,Commercial CHP,5,12.9,11.5,12.6,NG,DFO,N,,,,,,,Y,Y,12.5,12.4,12,12,6H,6H,Y,Y,Y,,2017,Natural Gas Fired Combustion Turbine,Y,3.0,2011.0
6838,Rensselaer Generating LLC,54034,Rensselaer Cogen,NY,Rensselaer,GEN1,OP,CT,IPP Non-CHP,2,49.2,47,55.8,NG,DFO,N,,,,,,,Y,Y,47,58,45,54,6H,6H,Y,Y,Y,,2017,Natural Gas Fired Combined Cycle,Y,4.0,1994.0
6838,Rensselaer Generating LLC,54034,Rensselaer Cogen,NY,Rensselaer,GEN2,OP,CA,IPP Non-CHP,2,39.0,33.4,30,NG,DFO,N,,,,,,,Y,Y,32.4,33,18,20,6H,6H,Y,Y,Y,,2017,Natural Gas Fired Combined Cycle,Y,4.0,1994.0
11127,Lockport Energy Associates LP,54041,Lockport Energy Associates LP,NY,Niagara,GEN1,OP,CT,IPP CHP,3,48.7,42.3,51.3,NG,DFO,Y,NG,DFO,,,,,Y,Y,42.6,48,43,49,1H,1H,Y,Y,Y,,2017,Natural Gas Fired Combined Cycle,Y,7.0,1992.0
11127,Lockport Energy Associates LP,54041,Lockport Energy Associates LP,NY,Niagara,GEN2,OP,CT,IPP CHP,3,48.7,42.3,51.3,NG,DFO,Y,NG,DFO,,,,,Y,Y,42.6,48,43,49,1H,1H,Y,Y,Y,,2017,Natural Gas Fired Combined Cycle,Y,7.0,1992.0
11127,Lockport Energy Associates LP,54041,Lockport Energy Associates LP,NY,Niagara,GEN3,OP,CT,IPP CHP,3,48.7,42.3,51.3,NG,DFO,Y,NG,DFO,,,,,Y,Y,42.6,48,43,49,1H,1H,Y,Y,Y,,2017,Natural Gas Fired Combined Cycle,Y,7.0,1992.0
9261,Indeck-Olean Ltd Partnership,54076,Indeck Olean Energy Center,NY,Cattaraugus,GEN1,OP,CT,IPP CHP,3,46.0,34.2,43.2,NG,DFO,Y,NG,DFO,,,,,Y,Y,34.2,43.2,33.2,43.2,1H,1H,Y,Y,Y,,2017,Natural Gas Fired Combined Cycle,Y,1.0,1994.0
9261,Indeck-Olean Ltd Partnership,54076,Indeck Olean Energy Center,NY,Cattaraugus,GEN2,OP,CA,IPP CHP,3,44.6,44.6,44.6,NG,DFO,N,,,,,,,Y,Y,46.6,46.6,46.6,46.6,24H,24H,Y,Y,Y,,2017,Natural Gas Fired Combined Cycle,Y,1.0,1994.0
10349,KIAC Partners,54114,Kennedy International Airport Cogen,NY,Queens,GEN1,OP,CT,IPP CHP,3,47.1,49.9,51,NG,DFO,N,,,,,,,Y,Y,49.9,51,49.9,51,1H,1H,N,,,,2017,Natural Gas Fired Combined Cycle,Y,12.0,1994.0
10349,KIAC Partners,54114,Kennedy International Airport Cogen,NY,Queens,GEN2,OP,CT,IPP CHP,3,47.1,49.7,47.3,NG,DFO,N,,,,,,,Y,Y,49.7,47.3,49.7,47.3,1H,1H,N,,,,2017,Natural Gas Fired Combined Cycle,Y,12.0,1994.0
10349,KIAC Partners,54114,Kennedy International Airport Cogen,NY,Queens,GEN3,OP,CA,IPP CHP,3,27.0,25.9,25.9,NG,DFO,N,,,,,,,Y,Y,25.9,25.9,25.9,25.9,,,N,,,,2017,Natural Gas Fired Combined Cycle,Y,1.0,1995.0
50136,North American Energy Services,54131,Fortistar North Tonawanda,NY,Niagara,GEN1,OP,CT,IPP CHP,3,38.3,39.1,48.5,NG,DFO,Y,NG,DFO,,,,,Y,Y,42,50,38,40,1H,1H,Y,Y,Y,,2017,Natural Gas Fired Combined Cycle,Y,7.0,1993.0
13587,Nissequoque Cogen Partners,54149,Stony Brook Cogen Plant,NY,Suffolk,GEN1,OP,GT,IPP CHP,3,47.0,44.5,47.1,NG,DFO,N,,,,,,,Y,Y,42,44,42,44,1H,1H,Y,Y,Y,,2017,Natural Gas Fired Combustion Turbine,Y,4.0,1995.0
15253,Power City Partners LP,54592,Massena Energy Facility,NY,St Lawrence,GEN1,OP,CT,IPP Non-CHP,2,66.5,46,56,NG,DFO,N,,,,,,,Y,Y,46,59,46,59,1H,1H,Y,,Y,,2017,Natural Gas Fired Combined Cycle,Y,7.0,1992.0
13491,New York University,54808,New York University Central Plant,NY,New York,GT1,OP,CT,Commercial CHP,5,5.5,5.5,5.5,NG,DFO,Y,NG,DFO,,,,,Y,Y,5.5,5.5,5.5,5.5,1H,1H,Y,Y,,,2017,Natural Gas Fired Combined Cycle,Y,12.0,2010.0
13491,New York University,54808,New York University Central Plant,NY,New York,GT2,OP,CT,Commercial CHP,5,5.5,5.5,5.5,NG,DFO,Y,NG,DFO,,,,,Y,Y,5.5,5.5,5.5,5.5,1H,1H,Y,Y,,,2017,Natural Gas Fired Combined Cycle,Y,12.0,2010.0
2313,Brooklyn Navy Yard Cogen PLP,54914,Brooklyn Navy Yard Cogeneration,NY,Kings,01,OP,CT,IPP CHP,3,121.0,90,110,NG,DFO,N,,,,,,,Y,Y,85,110,95,110,1H,1H,Y,,Y,,2017,Natural Gas Fired Combined Cycle,Y,3.0,1996.0
2313,Brooklyn Navy Yard Cogen PLP,54914,Brooklyn Navy Yard Cogeneration,NY,Kings,02,OP,CT,IPP CHP,3,121.0,90,110,NG,DFO,N,,,,,,,Y,Y,85,110,95,110,1H,1H,Y,,Y,,2017,Natural Gas Fired Combined Cycle,Y,3.0,1996.0
13582,NRG Astoria Gas Turbine Operations Inc,55243,Astoria Gas Turbines,NY,Queens,2-1,OP,GT,IPP Non-CHP,2,41.9,35.8,44.6,NG,KER,N,,,,,,,Y,Y,35.8,44.6,35.8,44.6,1H,1H,Y,,Y,,2017,Natural Gas Fired Combustion Turbine,Y,1.0,1970.0
13582,NRG Astoria Gas Turbine Operations Inc,55243,Astoria Gas Turbines,NY,Queens,2-2,OP,GT,IPP Non-CHP,2,41.9,34.1,44.6,NG,KER,N,,,,,,,Y,Y,34.1,44.6,34.1,44.6,1H,1H,Y,,Y,,2017,Natural Gas Fired Combustion Turbine,Y,1.0,1970.0
13582,NRG Astoria Gas Turbine Operations Inc,55243,Astoria Gas Turbines,NY,Queens,2-3,OP,GT,IPP Non-CHP,2,41.9,35.5,45.8,NG,KER,N,,,,,,,Y,Y,35.5,45.8,35.5,45.8,1H,1H,Y,,Y,,2017,Natural Gas Fired Combustion Turbine,Y,1.0,1970.0
13582,NRG Astoria Gas Turbine Operations Inc,55243,Astoria Gas Turbines,NY,Queens,2-4,OP,GT,IPP Non-CHP,2,41.9,35.2,45.5,NG,KER,N,,,,,,,Y,Y,35.2,45.5,35.2,45.5,1H,1H,Y,,Y,,2017,Natural Gas Fired Combustion Turbine,Y,1.0,1970.0
13582,NRG Astoria Gas Turbine Operations Inc,55243,Astoria Gas Turbines,NY,Queens,3-1,OP,GT,IPP Non-CHP,2,41.9,33.2,43.3,NG,KER,N,,,,,,,Y,Y,33.2,43.3,32.2,43.3,1H,1H,Y,,Y,,2017,Natural Gas Fired Combustion Turbine,Y,1.0,1970.0
13582,NRG Astoria Gas Turbine Operations Inc,55243,Astoria Gas Turbines,NY,Queens,3-2,OP,GT,IPP Non-CHP,2,41.9,34.8,44.3,NG,KER,N,,,,,,,Y,Y,34.8,44.3,34.8,44.3,1H,1H,Y,,Y,,2017,Natural Gas Fired Combustion Turbine,Y,1.0,1970.0
13582,NRG Astoria Gas Turbine Operations Inc,55243,Astoria Gas Turbines,NY,Queens,3-3,OP,GT,IPP Non-CHP,2,41.9,34.5,44.3,NG,KER,N,,,,,,,Y,Y,34.5,44.3,34.5,44.3,1H,1H,Y,,Y,,2017,Natural Gas Fired Combustion Turbine,Y,1.0,1970.0
13582,NRG Astoria Gas Turbine Operations Inc,55243,Astoria Gas Turbines,NY,Queens,3-4,OP,GT,IPP Non-CHP,2,41.9,36,45.1,NG,KER,N,,,,,,,Y,Y,36,45.1,36,45.1,1H,1H,Y,,Y,,2017,Natural Gas Fired Combustion Turbine,Y,1.0,1970.0
13582,NRG Astoria Gas Turbine Operations Inc,55243,Astoria Gas Turbines,NY,Queens,4-1,OP,GT,IPP Non-CHP,2,41.9,34.7,45.6,NG,KER,N,,,,,,,Y,Y,34.7,45.6,34.7,45.6,1H,1H,Y,,Y,,2017,Natural Gas Fired Combustion Turbine,Y,1.0,1970.0
13582,NRG Astoria Gas Turbine Operations Inc,55243,Astoria Gas Turbines,NY,Queens,4-2,OP,GT,IPP Non-CHP,2,41.9,33.9,44.8,NG,KER,N,,,,,,,Y,Y,33.9,44.8,33.9,44.8,1H,1H,Y,,Y,,2017,Natural Gas Fired Combustion Turbine,Y,1.0,1970.0
13582,NRG Astoria Gas Turbine Operations Inc,55243,Astoria Gas Turbines,NY,Queens,4-3,OP,GT,IPP Non-CHP,2,41.9,34.6,44.9,NG,KER,N,,,,,,,Y,Y,34.6,44.9,34.6,44.9,1H,1H,Y,,Y,,2017,Natural Gas Fired Combustion Turbine,Y,1.0,1970.0
13582,NRG Astoria Gas Turbine Operations Inc,55243,Astoria Gas Turbines,NY,Queens,4-4,OP,GT,IPP Non-CHP,2,41.9,33,45.1,NG,KER,N,,,,,,,Y,Y,33,45.1,33,45.1,1H,1H,Y,,Y,,2017,Natural Gas Fired Combustion Turbine,Y,1.0,1970.0
22979,Astoria Energy LLC,55375,Astoria Energy,NY,Queens,CT1,OP,CT,IPP Non-CHP,2,170.0,156,170,NG,DFO,N,,,,,,,Y,N,165,189,165,189,1H,1H,Y,Y,Y,,2017,Natural Gas Fired Combined Cycle,Y,5.0,2006.0
22979,Astoria Energy LLC,55375,Astoria Energy,NY,Queens,CT2,OP,CT,IPP Non-CHP,2,170.0,156,170,NG,DFO,N,,,,,,,Y,N,165,189,165,189,1H,1H,Y,Y,Y,,2017,Natural Gas Fired Combined Cycle,Y,5.0,2006.0
49845,"Equus Power I, L.P.,",56032,Equus Freeport Power,NY,Nassau,0001,OP,GT,IPP Non-CHP,2,60.0,47.9,49.2,NG,KER,N,,,,,,,Y,N,47.9, ,47.9, ,1H,1H,Y,,,Y,2017,Natural Gas Fired Combustion Turbine,Y,6.0,2004.0
49845,"Equus Power I, L.P.,",56032,Equus Freeport Power,NY,Nassau,001,OP,GT,IPP Non-CHP,2,60.0,48.1,49.7,NG,KER,N,,,,,,,Y,N,48.1,49.7,48.1,49.7,1H,1H,Y,Y,,,2017,Natural Gas Fired Combustion Turbine,Y,6.0,2004.0
49837,Pinelawn Power LLC,56188,Pinelawn Power LLC,NY,Suffolk,CTG,OP,CT,IPP Non-CHP,2,50.0,47,47,NG,KER,N,,,,,,,Y,N,48,49,48,49,1H,1H,Y,Y,Y,,2017,Natural Gas Fired Combined Cycle,Y,7.0,2005.0
15296,New York Power Authority,56196,500MW CC,NY,Queens,CT01,OP,CT,Electric Utility,1,170.0,151.3,184.4,NG,DFO,N,,,,,,,Y,N,151.3,184.4,151.3,184.4,1H,1H,Y,,,Y,2017,Natural Gas Fired Combined Cycle,Y,12.0,2005.0
15296,New York Power Authority,56196,500MW CC,NY,Queens,CT02,OP,CT,Electric Utility,1,170.0,151.3,184.4,NG,DFO,N,,,,,,,Y,N,151.3,184.4,151.3,184.4,1H,1H,Y,,,Y,2017,Natural Gas Fired Combined Cycle,Y,12.0,2005.0
49950,"Caithness Long Island, LLC",56234,Caithness Long Island Energy Center,NY,Suffolk,CT01,OP,CT,IPP Non-CHP,2,196.2,179.9,232.9,NG,DFO,N,,,,,,,Y,Y,175,220,175,200,6H,6H,Y,Y,Y,,2017,Natural Gas Fired Combined Cycle,Y,8.0,2009.0
56480,Empire Generating Co LLC,56259,Empire Generating Co LLC,NY,Rensselaer,CT11,OP,CT,IPP CHP,3,179.0,155,190,NG,DFO,N,,,,,,,Y,N,165,190,177,190,1H,1H,Y,,Y,Y,2017,Natural Gas Fired Combined Cycle,Y,9.0,2010.0
56480,Empire Generating Co LLC,56259,Empire Generating Co LLC,NY,Rensselaer,CT12,OP,CT,IPP CHP,3,179.0,155,190,NG,DFO,N,,,,,,,Y,N,165,190,177,190,1H,1H,Y,,Y,Y,2017,Natural Gas Fired Combined Cycle,Y,9.0,2010.0
56480,Empire Generating Co LLC,56259,Empire Generating Co LLC,NY,Rensselaer,ST13,OP,CA,IPP CHP,3,295.7,270,295.7,NG,DFO,N,,,,,,,Y,N,270,285,175,185,1H,1H,Y,,Y,Y,2017,Natural Gas Fired Combined Cycle,Y,9.0,2010.0
60545,"City of Auburn, New York",57636,Auburn LFG Energy Facility,NY,Cayuga,1,OS,IC,IPP Non-CHP,2,1.1,1.1,1.1,LFG,NG,Y,NG,LFG,,,,,N,, , , , ,,,,,,,2017,Landfill Gas,Y,1.0,2010.0
60545,"City of Auburn, New York",57636,Auburn LFG Energy Facility,NY,Cayuga,3,OS,IC,IPP Non-CHP,2,1.1,1.1,1.1,LFG,NG,Y,NG,LFG,,,,,N,, , , , ,,,,,,,2017,Landfill Gas,Y,1.0,2010.0
56991,Astoria Energy II LLC,57664,Astoria Energy II,NY,Queens,CT3,OP,CT,IPP Non-CHP,2,200.0,156,188,NG,DFO,N,,,,,,,Y,Y,156,188,156,188,1H,1H,Y,Y,Y,,2017,Natural Gas Fired Combined Cycle,Y,7.0,2011.0
56991,Astoria Energy II LLC,57664,Astoria Energy II,NY,Queens,CT4,OP,CT,IPP Non-CHP,2,200.0,156,188,NG,DFO,N,,,,,,,Y,Y,156,188,156,188,1H,1H,Y,Y,Y,,2017,Natural Gas Fired Combined Cycle,Y,7.0,2011.0
58107,University of Rochester,58157,University of Rochester,NY,Monroe,HP,OP,ST,Commercial CHP,5,18.2,17,17,NG,DFO,N,,,,,,,Y,N,16,17,17,17,1H,6H,Y,Y,Y,,2017,Natural Gas Steam Turbine,Y,10.0,2005.0
58107,University of Rochester,58157,University of Rochester,NY,Monroe,LP,OP,ST,Commercial CHP,5,7.2,7.2,7.2,NG,DFO,N,,,,,,,Y,N,7,7,7,7,1H,6H,Y,Y,Y,,2017,Natural Gas Steam Turbine,Y,10.0,2005.0
58487,Montefiore Medical Center Moses Division,58507,Montefieor Medical Center Moses Division,NY,Bronx,ES006,OP,GT,Commercial CHP,5,5.3,4.8,4.8,NG,DFO,,,,,,,,Y,Y,3.5,3.5,3.5,3.5,6H,6H,N,,,,2017,Natural Gas Fired Combustion Turbine,Y,1.0,2002.0
58487,Montefiore Medical Center Moses Division,58507,Montefieor Medical Center Moses Division,NY,Bronx,S0001,OP,IC,Commercial CHP,5,1.6,1.2,1.2,NG,DFO,,,,,,,,Y,Y,1.2,1.2,1.2,1.2,6H,6H,N,,,,2017,Natural Gas Internal Combustion Engine,Y,1.0,1994.0
58487,Montefiore Medical Center Moses Division,58507,Montefieor Medical Center Moses Division,NY,Bronx,S0002,OP,IC,Commercial CHP,5,1.6,1.2,1.2,NG,DFO,,,,,,,,Y,Y,1.2,1.2,1.2,1.2,6H,6H,N,,,,2017,Natural Gas Internal Combustion Engine,Y,1.0,1994.0
58487,Montefiore Medical Center Moses Division,58507,Montefieor Medical Center Moses Division,NY,Bronx,S0003,OP,IC,Commercial CHP,5,1.6,1.2,1.2,NG,DFO,,,,,,,,Y,Y,1.2,1.2,1.2,1.2,6H,6H,N,,,,2017,Natural Gas Internal Combustion Engine,Y,1.0,1994.0
58971,Danskammer Energy,2480,Danskammer Generating Station,NY,Orange,1,OP,ST,IPP Non-CHP,2,72.0,70.7,68.2,NG,RFO,Y,RFO,NG,,,,,Y,Y,68,68,66,66,1H,1H,N,,,,2018,Natural Gas Steam Turbine,Y,12.0,1951.0
58971,Danskammer Energy,2480,Danskammer Generating Station,NY,Orange,2,OP,ST,IPP Non-CHP,2,73.5,65.7,65.5,NG,RFO,Y,RFO,NG,,,,,Y,Y,65.7,65.5,65,65,1H,1H,N,,,,2018,Natural Gas Steam Turbine,Y,9.0,1954.0
3249,Central Hudson Gas & Elec Corp,2487,West Coxsackie,NY,Greene,GT1,OP,GT,Electric Utility,1,21.6,19.6,23.7,NG,KER,N,,,,,,,Y,Y,19.6,19.6,19.6,19.6,1H,1H,Y,,Y,,2018,Natural Gas Fired Combustion Turbine,Y,12.0,1969.0
4226,Consolidated Edison Co-NY Inc,2493,East River,NY,New York,1,OP,GT,Electric Utility,1,180.0,154.7,200.3,NG,KER,N,,,,,,,Y,N,152.3,195.8,143.8,182.8,UNK,UNK,Y,,Y,,2018,Natural Gas Fired Combustion Turbine,Y,4.0,2005.0
4226,Consolidated Edison Co-NY Inc,2493,East River,NY,New York,2,OP,GT,Electric Utility,1,180.0,153.1,197.3,NG,KER,N,,,,,,,Y,N,149.1,193.7,148.3,182.8,72H,UNK,Y,,Y,,2018,Natural Gas Fired Combustion Turbine,Y,4.0,2005.0
4226,Consolidated Edison Co-NY Inc,2493,East River,NY,New York,6,OP,ST,Electric Utility,1,156.2,145.3,147.1,NG,RFO,N,,,,,,,Y,Y,143.1,142.8,130,140,6H,6H,Y,,,Y,2018,Natural Gas Steam Turbine,Y,11.0,1951.0
4226,Consolidated Edison Co-NY Inc,2493,East River,NY,New York,7,OP,ST,Electric Utility,1,200.0,182.5,188.4,NG,RFO,N,,,,,,,Y,Y,185.6,184.1,170,185,6H,6H,Y,,,Y,2018,Natural Gas Steam Turbine,Y,6.0,1955.0
54863,U S Power Generating Company LLC,2494,Gowanus Gas Turbines Generating,NY,Kings,GT21,OP,GT,IPP Non-CHP,2,20.0,17.1,22.2,NG,DFO,Y,NG,DFO,,,,,Y,Y,17.2,20.6,17.2,20.6,1H,1H,Y,,Y,,2018,Natural Gas Fired Combustion Turbine,Y,6.0,1971.0
54863,U S Power Generating Company LLC,2494,Gowanus Gas Turbines Generating,NY,Kings,GT22,OP,GT,IPP Non-CHP,2,20.0,18.5,23.1,NG,DFO,Y,NG,DFO,,,,,Y,Y,17.7,21.8,17.7,21.8,1H,1H,Y,,Y,,2018,Natural Gas Fired Combustion Turbine,Y,6.0,1971.0
54863,U S Power Generating Company LLC,2494,Gowanus Gas Turbines Generating,NY,Kings,GT23,OP,GT,IPP Non-CHP,2,20.0,20,24.3,NG,DFO,Y,NG,DFO,,,,,Y,Y,19.2,23.3,19.2,23.3,1H,1H,Y,,Y,,2018,Natural Gas Fired Combustion Turbine,Y,6.0,1971.0
54863,U S Power Generating Company LLC,2494,Gowanus Gas Turbines Generating,NY,Kings,GT24,OP,GT,IPP Non-CHP,2,20.0,17.4,22.2,NG,DFO,Y,NG,DFO,,,,,Y,Y,17.2,21,17.2,21,1H,1H,Y,,Y,,2018,Natural Gas Fired Combustion Turbine,Y,6.0,1971.0
54863,U S Power Generating Company LLC,2494,Gowanus Gas Turbines Generating,NY,Kings,GT25,OP,GT,IPP Non-CHP,2,20.0,18.8,23.7,NG,DFO,Y,NG,DFO,,,,,Y,Y,17.4,21,17.4,21,1H,1H,Y,,Y,,2018,Natural Gas Fired Combustion Turbine,Y,6.0,1971.0
54863,U S Power Generating Company LLC,2494,Gowanus Gas Turbines Generating,NY,Kings,GT26,OP,GT,IPP Non-CHP,2,20.0,20.2,24.3,NG,DFO,Y,NG,DFO,,,,,Y,Y,18.7,23,18.7,23,1H,1H,Y,,Y,,2018,Natural Gas Fired Combustion Turbine,Y,6.0,1971.0
54863,U S Power Generating Company LLC,2494,Gowanus Gas Turbines Generating,NY,Kings,GT27,OP,GT,IPP Non-CHP,2,20.0,19.1,23.3,NG,DFO,Y,NG,DFO,,,,,Y,Y,18.1,22.7,18.1,22.7,1H,1H,Y,,Y,,2018,Natural Gas Fired Combustion Turbine,Y,6.0,1971.0
54863,U S Power Generating Company LLC,2494,Gowanus Gas Turbines Generating,NY,Kings,GT28,OP,GT,IPP Non-CHP,2,20.0,16.1,22.1,NG,DFO,Y,NG,DFO,,,,,Y,Y,17.5,21.3,17.5,21.3,1H,1H,Y,,Y,,2018,Natural Gas Fired Combustion Turbine,Y,6.0,1971.0
54863,U S Power Generating Company LLC,2494,Gowanus Gas Turbines Generating,NY,Kings,GT31,OP,GT,IPP Non-CHP,2,20.0,16.7,22.5,NG,DFO,Y,NG,DFO,,,,,Y,Y,17.3,20.1,17.3,20.1,1H,1H,Y,,Y,,2018,Natural Gas Fired Combustion Turbine,Y,7.0,1971.0
54863,U S Power Generating Company LLC,2494,Gowanus Gas Turbines Generating,NY,Kings,GT32,OP,GT,IPP Non-CHP,2,20.0,16.8,21.9,NG,DFO,Y,NG,DFO,,,,,Y,Y,17.3,20.4,17.3,20.4,1H,1H,Y,,Y,,2018,Natural Gas Fired Combustion Turbine,Y,7.0,1971.0
54863,U S Power Generating Company LLC,2494,Gowanus Gas Turbines Generating,NY,Kings,GT33,OP,GT,IPP Non-CHP,2,20.0,18.1,23.6,NG,DFO,Y,NG,DFO,,,,,Y,Y,18.4,23.5,18.4,23.5,1H,1H,Y,,Y,,2018,Natural Gas Fired Combustion Turbine,Y,7.0,1971.0
54863,U S Power Generating Company LLC,2494,Gowanus Gas Turbines Generating,NY,Kings,GT34,OP,GT,IPP Non-CHP,2,20.0,16.2,22,NG,DFO,Y,NG,DFO,,,,,Y,Y,16.5,21,16.5,21,1H,1H,Y,,Y,,2018,Natural Gas Fired Combustion Turbine,Y,7.0,1971.0
54863,U S Power Generating Company LLC,2494,Gowanus Gas Turbines Generating,NY,Kings,GT35,OP,GT,IPP Non-CHP,2,20.0,17.3,23.5,NG,DFO,Y,NG,DFO,,,,,Y,Y,18.2,21.2,18.2,21.2,1H,1H,Y,,Y,,2018,Natural Gas Fired Combustion Turbine,Y,7.0,1971.0
54863,U S Power Generating Company LLC,2494,Gowanus Gas Turbines Generating,NY,Kings,GT36,OP,GT,IPP Non-CHP,2,20.0,15.5,22.1,NG,DFO,Y,NG,DFO,,,,,Y,Y,15.6,18.9,15.6,18.9,1H,1H,Y,,Y,,2018,Natural Gas Fired Combustion Turbine,Y,7.0,1971.0
54863,U S Power Generating Company LLC,2494,Gowanus Gas Turbines Generating,NY,Kings,GT37,OP,GT,IPP Non-CHP,2,20.0,17.9,24.2,NG,DFO,Y,NG,DFO,,,,,Y,Y,18.2,20.1,18.2,20.1,1H,1H,Y,,Y,,2018,Natural Gas Fired Combustion Turbine,Y,7.0,1971.0
54863,U S Power Generating Company LLC,2494,Gowanus Gas Turbines Generating,NY,Kings,GT38,OP,GT,IPP Non-CHP,2,20.0,17.6,24.9,NG,DFO,Y,NG,DFO,,,,,Y,Y,17.9,22.4,17.9,22.4,1H,1H,Y,,Y,,2018,Natural Gas Fired Combustion Turbine,Y,7.0,1971.0
54863,U S Power Generating Company LLC,2499,Narrows Gas Turbines Generating,NY,Kings,NT11,OP,GT,IPP Non-CHP,2,22.0,19.6,24.5,NG,DFO,Y,NG,DFO,,,,,Y,Y,19.1,21.9,19.1,21.9,1H,1H,Y,,Y,,2018,Natural Gas Fired Combustion Turbine,Y,5.0,1972.0
54863,U S Power Generating Company LLC,2499,Narrows Gas Turbines Generating,NY,Kings,NT12,OP,GT,IPP Non-CHP,2,22.0,17.6,24.1,NG,DFO,Y,NG,DFO,,,,,Y,Y,17.3,20.7,17.3,20.7,1H,1H,Y,,Y,,2018,Natural Gas Fired Combustion Turbine,Y,5.0,1972.0
54863,U S Power Generating Company LLC,2499,Narrows Gas Turbines Generating,NY,Kings,NT13,OP,GT,IPP Non-CHP,2,22.0,18.6,24.7,NG,DFO,Y,NG,DFO,,,,,Y,Y,18.3,22.8,18.3,22.8,1H,1H,Y,,Y,,2018,Natural Gas Fired Combustion Turbine,Y,5.0,1972.0
54863,U S Power Generating Company LLC,2499,Narrows Gas Turbines Generating,NY,Kings,NT14,OP,GT,IPP Non-CHP,2,22.0,18.7,24.9,NG,DFO,Y,NG,DFO,,,,,Y,Y,18.4,23.1,18.4,23.1,1H,1H,Y,,Y,,2018,Natural Gas Fired Combustion Turbine,Y,5.0,1972.0
54863,U S Power Generating Company LLC,2499,Narrows Gas Turbines Generating,NY,Kings,NT15,OP,GT,IPP Non-CHP,2,22.0,20.6,24.9,NG,DFO,Y,NG,DFO,,,,,Y,Y,18.6,22.7,18.6,22.7,1H,1H,Y,,Y,,2018,Natural Gas Fired Combustion Turbine,Y,5.0,1972.0
54863,U S Power Generating Company LLC,2499,Narrows Gas Turbines Generating,NY,Kings,NT16,OP,GT,IPP Non-CHP,2,22.0,15.7,21.2,NG,DFO,Y,NG,DFO,,,,,Y,Y,16.6,20,16.6,20,1H,1H,Y,,Y,,2018,Natural Gas Fired Combustion Turbine,Y,5.0,1972.0
54863,U S Power Generating Company LLC,2499,Narrows Gas Turbines Generating,NY,Kings,NT17,OP,GT,IPP Non-CHP,2,22.0,19.8,24.9,NG,DFO,Y,NG,DFO,,,,,Y,Y,16.6,20.4,16.6,20.4,1H,1H,Y,,Y,,2018,Natural Gas Fired Combustion Turbine,Y,5.0,1972.0
54863,U S Power Generating Company LLC,2499,Narrows Gas Turbines Generating,NY,Kings,NT18,OP,GT,IPP Non-CHP,2,22.0,17.4,21.8,NG,DFO,Y,NG,DFO,,,,,Y,Y,16.6,20.5,16.6,20.5,1H,1H,Y,,Y,,2018,Natural Gas Fired Combustion Turbine,Y,5.0,1972.0
54863,U S Power Generating Company LLC,2499,Narrows Gas Turbines Generating,NY,Kings,NT21,OP,GT,IPP Non-CHP,2,22.0,19,24.9,NG,DFO,Y,NG,DFO,,,,,Y,Y,18.8,22.6,18.8,22.6,1H,1H,Y,,Y,,2018,Natural Gas Fired Combustion Turbine,Y,6.0,1972.0
54863,U S Power Generating Company LLC,2499,Narrows Gas Turbines Generating,NY,Kings,NT22,OP,GT,IPP Non-CHP,2,22.0,16.3,23.4,NG,DFO,Y,NG,DFO,,,,,Y,Y,17.3,21,17.3,21,1H,1H,Y,,Y,,2018,Natural Gas Fired Combustion Turbine,Y,6.0,1972.0
54863,U S Power Generating Company LLC,2499,Narrows Gas Turbines Generating,NY,Kings,NT23,OP,GT,IPP Non-CHP,2,22.0,17.7,23.8,NG,DFO,Y,NG,DFO,,,,,Y,Y,18.4,22.4,18.4,22.4,1H,1H,Y,,Y,,2018,Natural Gas Fired Combustion Turbine,Y,6.0,1972.0
54863,U S Power Generating Company LLC,2499,Narrows Gas Turbines Generating,NY,Kings,NT24,OP,GT,IPP Non-CHP,2,22.0,18,24.5,NG,DFO,Y,NG,DFO,,,,,Y,Y,17.3,21.4,17.3,21.4,1H,1H,Y,,Y,,2018,Natural Gas Fired Combustion Turbine,Y,6.0,1972.0
54863,U S Power Generating Company LLC,2499,Narrows Gas Turbines Generating,NY,Kings,NT25,OP,GT,IPP Non-CHP,2,22.0,18.4,23.6,NG,DFO,Y,NG,DFO,,,,,Y,Y,18.2,22.2,18.2,22.2,1H,1H,Y,,Y,,2018,Natural Gas Fired Combustion Turbine,Y,6.0,1972.0
54863,U S Power Generating Company LLC,2499,Narrows Gas Turbines Generating,NY,Kings,NT26,OP,GT,IPP Non-CHP,2,22.0,16.6,21.4,NG,DFO,Y,NG,DFO,,,,,Y,Y,15.9,19.5,15.9,19.5,1H,1H,Y,,Y,,2018,Natural Gas Fired Combustion Turbine,Y,6.0,1972.0
54863,U S Power Generating Company LLC,2499,Narrows Gas Turbines Generating,NY,Kings,NT27,OP,GT,IPP Non-CHP,2,22.0,18.9,24.9,NG,DFO,Y,NG,DFO,,,,,Y,Y,18.7,22.8,18.7,22.8,1H,1H,Y,,Y,,2018,Natural Gas Fired Combustion Turbine,Y,6.0,1972.0
54863,U S Power Generating Company LLC,2499,Narrows Gas Turbines Generating,NY,Kings,NT28,OP,GT,IPP Non-CHP,2,22.0,16.5,22.2,NG,DFO,Y,NG,DFO,,,,,Y,Y,16.9,20.1,16.9,20.1,1H,1H,Y,,Y,,2018,Natural Gas Fired Combustion Turbine,Y,6.0,1972.0
61130,"Helix Ravenswood, LLC",2500,Ravenswood,NY,Queens,1,OP,ST,IPP Non-CHP,2,400.0,368,368,NG,RFO,Y,NG,RFO,,,,,Y,Y,368,368,368,368,6H,6H,Y,,Y,,2018,Natural Gas Steam Turbine,Y,2.0,1963.0
61130,"Helix Ravenswood, LLC",2500,Ravenswood,NY,Queens,2,OP,ST,IPP Non-CHP,2,400.0,372.5,375,NG,RFO,Y,NG,RFO,,,,,Y,Y,372.5,375,372.5,375,6H,6H,Y,,Y,,2018,Natural Gas Steam Turbine,Y,5.0,1963.0
61130,"Helix Ravenswood, LLC",2500,Ravenswood,NY,Queens,3,OP,ST,IPP Non-CHP,2,1027.0,973,974.2,NG,RFO,Y,NG,RFO,,,,,Y,Y,973,974.2,973,974.2,6H,6H,Y,,Y,,2018,Natural Gas Steam Turbine,Y,6.0,1965.0
61130,"Helix Ravenswood, LLC",2500,Ravenswood,NY,Queens,4,OP,CT,IPP Non-CHP,2,170.0,169.7,194.2,NG,KER,N,,,,,,,Y,Y,169.7,194.2,169.7,194.2,6H,6H,Y,Y,Y,,2018,Natural Gas Fired Combined Cycle,Y,12.0,2003.0
61130,"Helix Ravenswood, LLC",2500,Ravenswood,NY,Queens,4S,OP,CA,IPP Non-CHP,2,80.0,79.1,82.7,NG,KER,N,,,,,,,Y,Y,79.1,82.7,79.1,82.7,6H,6H,Y,Y,Y,,2018,Natural Gas Fired Combined Cycle,Y,12.0,2003.0
61130,"Helix Ravenswood, LLC",2500,Ravenswood,NY,Queens,GT10,SB,GT,IPP Non-CHP,2,25.0,19.2,22.2,NG,KER,N,,,,,,,Y,Y,19.2,22.2,19.2,22.2,1H,1H,Y,Y,Y,,2018,Natural Gas Fired Combustion Turbine,Y,7.0,1969.0
61130,"Helix Ravenswood, LLC",2500,Ravenswood,NY,Queens,GT11,SB,GT,IPP Non-CHP,2,25.0,17.3,23.1,NG,KER,N,,,,,,,Y,Y,17.3,23.1,17.3,23.1,1H,1H,Y,Y,Y,,2018,Natural Gas Fired Combustion Turbine,Y,6.0,1969.0
61130,"Helix Ravenswood, LLC",2500,Ravenswood,NY,Queens,GT21,SB,GT,IPP Non-CHP,2,42.9,30.6,41.7,NG,KER,N,,,,,,,Y,Y,30.6,41.7,30.6,41.7,1H,1H,Y,Y,Y,,2018,Natural Gas Fired Combustion Turbine,Y,6.0,1969.0
61130,"Helix Ravenswood, LLC",2500,Ravenswood,NY,Queens,GT22,SB,GT,IPP Non-CHP,2,42.9,32,41.9,NG,KER,N,,,,,,,Y,Y,32,41.9,32,41.9,1H,1H,Y,Y,Y,,2018,Natural Gas Fired Combustion Turbine,Y,6.0,1969.0
61130,"Helix Ravenswood, LLC",2500,Ravenswood,NY,Queens,GT23,SB,GT,IPP Non-CHP,2,42.9,30.7,37.3,NG,KER,N,,,,,,,Y,Y,30.7,37.3,30.7,37.3,1H,1H,Y,Y,Y,,2018,Natural Gas Fired Combustion Turbine,Y,6.0,1969.0
61130,"Helix Ravenswood, LLC",2500,Ravenswood,NY,Queens,GT24,SB,GT,IPP Non-CHP,2,42.9,30.9,41.6,NG,KER,N,,,,,,,Y,Y,30.9,41.6,30.9,41.6,1H,1H,Y,Y,Y,,2018,Natural Gas Fired Combustion Turbine,Y,6.0,1969.0
61130,"Helix Ravenswood, LLC",2500,Ravenswood,NY,Queens,GT31,SB,GT,IPP Non-CHP,2,42.9,30.7,40.8,NG,KER,N,,,,,,,Y,Y,30.7,40.8,30.7,40.8,1H,1H,Y,Y,Y,,2018,Natural Gas Fired Combustion Turbine,Y,6.0,1969.0
61130,"Helix Ravenswood, LLC",2500,Ravenswood,NY,Queens,GT32,SB,GT,IPP Non-CHP,2,42.9,29.7,40.3,NG,KER,N,,,,,,,Y,Y,29.7,40.3,29.7,40.3,1H,1H,Y,Y,Y,,2018,Natural Gas Fired Combustion Turbine,Y,6.0,1969.0
61130,"Helix Ravenswood, LLC",2500,Ravenswood,NY,Queens,GT34,SB,GT,IPP Non-CHP,2,42.9,29.8,40.8,NG,KER,N,,,,,,,Y,Y,29.8,40.8,29.8,40.8,1H,1H,Y,Y,Y,,2018,Natural Gas Fired Combustion Turbine,Y,6.0,1969.0
61130,"Helix Ravenswood, LLC",2500,Ravenswood,NY,Queens,GT4,OS,GT,IPP Non-CHP,2,21.1,12.9,15.6,NG,KER,N,,,,,,,Y,Y,12.9,15.6,12.9,15.6,1H,1H,Y,Y,Y,,2018,Natural Gas Fired Combustion Turbine,Y,6.0,1969.0
61130,"Helix Ravenswood, LLC",2500,Ravenswood,NY,Queens,GT5,OS,GT,IPP Non-CHP,2,21.1,15.5,17.2,NG,KER,N,,,,,,,Y,Y,15.5,17.2,15.5,17.2,1H,1H,Y,Y,Y,,2018,Natural Gas Fired Combustion Turbine,Y,6.0,1969.0
61130,"Helix Ravenswood, LLC",2500,Ravenswood,NY,Queens,GT6,OS,GT,IPP Non-CHP,2,22.0,12.6,16.5,NG,KER,N,,,,,,,Y,Y,12.6,16.5,12.6,16.5,1H,1H,Y,Y,Y,,2018,Natural Gas Fired Combustion Turbine,Y,6.0,1969.0
61130,"Helix Ravenswood, LLC",2500,Ravenswood,NY,Queens,GT9,OS,GT,IPP Non-CHP,2,25.0,16.3,22.8,NG,KER,N,,,,,,,Y,Y,16.3,22.8,16.3,22.8,1H,1H,Y,Y,Y,,2018,Natural Gas Fired Combustion Turbine,Y,6.0,1969.0
4226,Consolidated Edison Co-NY Inc,2503,59th Street,NY,New York,GT1,OP,GT,Electric Utility,1,17.1,15.5,21.6,NG,KER,N,,,,,,,Y,N,14.4,20.8,14.4,20.8,UNK,UNK,N,,,,2018,Natural Gas Fired Combustion Turbine,Y,6.0,1969.0
56505,National Grid Generation LLC,2511,E F Barrett,NY,Nassau,10,OP,GT,Electric Utility,1,41.8,39.6,49.7,NG,DFO,N,,,,,,,Y,Y,39.5,49.3,39.5,49.3,1H,1H,N,,,,2018,Natural Gas Fired Combustion Turbine,Y,6.0,1971.0
56505,National Grid Generation LLC,2511,E F Barrett,NY,Nassau,11,OP,GT,Electric Utility,1,41.8,40.1,49.7,NG,DFO,N,,,,,,,Y,Y,40,49.3,40,49.3,1H,1H,N,,,,2018,Natural Gas Fired Combustion Turbine,Y,6.0,1971.0
56505,National Grid Generation LLC,2511,E F Barrett,NY,Nassau,12,OP,GT,Electric Utility,1,41.8,40.9,49.3,NG,DFO,N,,,,,,,Y,Y,40.2,48.8,40.2,48.8,1H,1H,N,,,,2018,Natural Gas Fired Combustion Turbine,Y,6.0,1971.0
56505,National Grid Generation LLC,2511,E F Barrett,NY,Nassau,3,OP,GT,Electric Utility,1,18.0,17.2,20,NG,DFO,N,,,,,,,Y,Y,17.5,20.4,17.5,20.4,1H,1H,N,,,,2018,Natural Gas Fired Combustion Turbine,Y,6.0,1970.0
56505,National Grid Generation LLC,2511,E F Barrett,NY,Nassau,4,OP,GT,Electric Utility,1,18.0,17.1,19.2,NG,DFO,N,,,,,,,Y,Y,17.7,20.5,17.7,20.5,1H,1H,N,,,,2018,Natural Gas Fired Combustion Turbine,Y,7.0,1970.0
56505,National Grid Generation LLC,2511,E F Barrett,NY,Nassau,5,OP,GT,Electric Utility,1,18.0,17.3,19.9,NG,DFO,N,,,,,,,Y,Y,17,20,17,20,1H,1H,N,,,,2018,Natural Gas Fired Combustion Turbine,Y,7.0,1970.0
56505,National Grid Generation LLC,2511,E F Barrett,NY,Nassau,6,OP,GT,Electric Utility,1,18.0,17.8,20,NG,DFO,N,,,,,,,Y,Y,16.7,20.2,16.7,20.2,1H,1H,N,,,,2018,Natural Gas Fired Combustion Turbine,Y,7.0,1970.0
56505,National Grid Generation LLC,2511,E F Barrett,NY,Nassau,8,OP,GT,Electric Utility,1,18.0,16.9,20.4,NG,DFO,N,,,,,,,Y,Y,17,20,17,20,1H,1H,N,,,,2018,Natural Gas Fired Combustion Turbine,Y,7.0,1970.0
56505,National Grid Generation LLC,2511,E F Barrett,NY,Nassau,9,OP,GT,Electric Utility,1,41.8,40.7,50.3,NG,DFO,N,,,,,,,Y,Y,39.8,49.2,39.8,49.2,1H,1H,N,,,,2018,Natural Gas Fired Combustion Turbine,Y,6.0,1971.0
56505,National Grid Generation LLC,2511,E F Barrett,NY,Nassau,GT1,OP,GT,Electric Utility,1,18.0,17.4,16,NG,DFO,N,,,,,,,Y,Y,16.3,19.3,16.3,19.3,1H,1H,N,,,,2018,Natural Gas Fired Combustion Turbine,Y,6.0,1970.0
56505,National Grid Generation LLC,2511,E F Barrett,NY,Nassau,GT2,OP,GT,Electric Utility,1,18.0,17.5,18.7,NG,DFO,N,,,,,,,Y,Y,14.9,17.5,14.9,17.5,1H,1H,N,,,,2018,Natural Gas Fired Combustion Turbine,Y,6.0,1970.0
56505,National Grid Generation LLC,2511,E F Barrett,NY,Nassau,ST1,OP,ST,Electric Utility,1,188.0,193,199.2,NG,RFO,Y,NG,RFO,,,,,Y,Y,195.2,194.5,195.2,194.5,6H,6H,Y,Y,,,2018,Natural Gas Steam Turbine,Y,11.0,1956.0
56505,National Grid Generation LLC,2511,E F Barrett,NY,Nassau,ST2,OP,ST,Electric Utility,1,188.0,192.7,196,NG,RFO,Y,NG,RFO,,,,,Y,Y,196.2,194.2,196.2,194.2,6H,6H,Y,Y,,,2018,Natural Gas Steam Turbine,Y,10.0,1963.0
56505,National Grid Generation LLC,2516,Northport,NY,Suffolk,2,OP,ST,Electric Utility,1,387.0,399,399,NG,RFO,Y,NG,RFO,,,,,Y,Y,393.5,393.5,393.5,393.5,6H,6H,N,,,,2018,Natural Gas Steam Turbine,Y,6.0,1968.0
56505,National Grid Generation LLC,2516,Northport,NY,Suffolk,3,OP,ST,Electric Utility,1,387.0,390.5,390,NG,RFO,Y,NG,RFO,,,,,Y,Y,396,397,396,397,6H,6H,N,,,,2018,Natural Gas Steam Turbine,Y,7.0,1972.0
56505,National Grid Generation LLC,2516,Northport,NY,Suffolk,4,OP,ST,Electric Utility,1,387.0,391.7,386.2,NG,RFO,Y,NG,RFO,,,,,Y,Y,395.5,395,395.5,395,6H,6H,N,,,,2018,Natural Gas Steam Turbine,Y,12.0,1977.0
56505,National Grid Generation LLC,2516,Northport,NY,Suffolk,ST1,OP,ST,Electric Utility,1,387.0,399.5,397,NG,RFO,Y,NG,RFO,,,,,Y,Y,397.7,387.7,397.7,387.7,6H,6H,N,,,,2018,Natural Gas Steam Turbine,Y,7.0,1967.0
56505,National Grid Generation LLC,2517,Port Jefferson,NY,Suffolk,3,OP,ST,Electric Utility,1,188.0,190.3,188.5,NG,RFO,Y,NG,RFO,,,,,Y,Y,195,193.5,195,193.5,6H,6H,N,,,,2018,Natural Gas Steam Turbine,Y,11.0,1958.0
56505,National Grid Generation LLC,2517,Port Jefferson,NY,Suffolk,4,OP,ST,Electric Utility,1,188.0,189.5,198.2,NG,RFO,Y,NG,RFO,,,,,Y,Y,197.7,194.5,197.7,194.5,6H,6H,N,,,,2018,Natural Gas Steam Turbine,Y,11.0,1960.0
56505,National Grid Generation LLC,2517,Port Jefferson,NY,Suffolk,GT2,OP,GT,Electric Utility,1,53.0,40.5,45.7,NG,KER,N,,,,,,,Y,N,43.3,48.1,43.3,48.1,1H,1H,Y,,Y,,2018,Natural Gas Fired Combustion Turbine,Y,7.0,2002.0
56505,National Grid Generation LLC,2517,Port Jefferson,NY,Suffolk,GT3,OP,GT,Electric Utility,1,53.0,41.1,46.3,NG,KER,N,,,,,,,Y,N,39.7,46,39.7,46,1H,1H,Y,,Y,,2018,Natural Gas Fired Combustion Turbine,Y,7.0,2002.0
25,Greenidge Generation Holdings LLC,2527,Greenidge Generation LLC,NY,Yates,4,OP,ST,IPP Non-CHP,2,112.0,104.5,106.3,NG,WDS,Y,BIT,NG,WDS,,,,N,, , , , ,,,,,,,2018,Natural Gas Steam Turbine,Y,12.0,1953.0
13923,NRG Oswego Harbor Power Operations Inc,2594,Oswego Harbor Power,NY,Oswego,ST6,OP,ST,IPP Non-CHP,2,901.8,816.5,827.5,RFO,NG,Y,RFO,NG,,,,,Y,Y,180,180,850,850,6H,UNK,Y,Y,,,2018,Petroleum Liquids,Y,12.0,1979.0
12792,"GenOn New York, LLC",2625,Bowline Point,NY,Rockland,1,OP,ST,IPP Non-CHP,2,621.0,575,578,NG,RFO,Y,NG,RFO,,,,,Y,Y,572,572,572,572,6H,6H,Y,Y,,,2018,Natural Gas Steam Turbine,Y,9.0,1972.0
12792,"GenOn New York, LLC",2625,Bowline Point,NY,Rockland,2,OP,ST,IPP Non-CHP,2,621.0,562,567,NG,RFO,Y,NG,RFO,,,,,Y,Y,562,567,562,567,6H,6H,Y,Y,,,2018,Natural Gas Steam Turbine,Y,5.0,1974.0
56142,"Alliance NYGT, LLC",2628,Hillburn,NY,Rockland,GEN1,OP,GT,IPP Non-CHP,2,46.5,33.1,43.8,NG,KER,N,,,,,,,Y,N,33.1,43,33.1,43,1H,1H,Y,,Y,,2018,Natural Gas Fired Combustion Turbine,Y,7.0,1972.0
56142,"Alliance NYGT, LLC",2632,Shoemaker,NY,Orange,SHOE,OP,GT,IPP Non-CHP,2,41.9,33,40,NG,KER,N,,,,,,,Y,N,33,43,33,43,1H,1H,Y,,Y,,2018,Natural Gas Fired Combustion Turbine,Y,7.0,1972.0
6775,Village of Freeport - (NY),2679,Plant No 2 Freeport,NY,Nassau,CT5,OP,GT,Electric Utility,1,60.5,49,49,NG,KER,N,,,,,,,Y,N,49.5,49.5,49.5,49.5,6H,1H,N,,,,2018,Natural Gas Fired Combustion Turbine,Y,4.0,2004.0
9645,Jamestown Board of Public Util,2682,S A Carlson,NY,Chautauqua,5,OP,ST,Electric Utility,1,24.5,22.5,22.5,NG,DFO,N,,,,,,,Y,N,22.5,22.5,7,7,1H,1H,N,,,,2018,Natural Gas Steam Turbine,Y,8.0,1951.0
9645,Jamestown Board of Public Util,2682,S A Carlson,NY,Chautauqua,6,OP,ST,Electric Utility,1,24.5,22.5,22.5,NG,DFO,N,,,,,,,Y,N,22.5,22.5,7,7,1H,1H,N,,,,2018,Natural Gas Steam Turbine,Y,8.0,1968.0
16217,Village of Rockville Centre - (NY),2695,Charles P Keller,NY,Nassau,10,OP,IC,Electric Utility,1,3.5,3.2,3.2,NG,DFO,N,,,,,,,Y,Y,2.9,2.9,3.2,3.2,1H,1H,Y,Y,Y,,2018,Natural Gas Internal Combustion Engine,Y,1.0,1954.0
16217,Village of Rockville Centre - (NY),2695,Charles P Keller,NY,Nassau,11,OP,IC,Electric Utility,1,5.2,5.2,5.2,NG,DFO,N,,,,,,,Y,Y,4.95,4.95,5.2,5.2,1H,1H,Y,Y,Y,,2018,Natural Gas Internal Combustion Engine,Y,1.0,1962.0
16217,Village of Rockville Centre - (NY),2695,Charles P Keller,NY,Nassau,12,OP,IC,Electric Utility,1,5.5,5.5,5.5,NG,DFO,N,,,,,,,Y,Y,5.2,5.2,5.5,5.5,1H,1H,Y,Y,Y,,2018,Natural Gas Internal Combustion Engine,Y,1.0,1967.0
16217,Village of Rockville Centre - (NY),2695,Charles P Keller,NY,Nassau,13,OP,IC,Electric Utility,1,5.5,5.5,5.5,NG,DFO,N,,,,,,,Y,Y,5.2,5.2,5.5,5.5,1H,1H,Y,Y,Y,,2018,Natural Gas Internal Combustion Engine,Y,1.0,1974.0
16217,Village of Rockville Centre - (NY),2695,Charles P Keller,NY,Nassau,14,OP,IC,Electric Utility,1,6.2,6.2,6.2,NG,DFO,N,,,,,,,Y,Y,6.2,6.2,6.2,6.2,1H,1H,Y,Y,Y,,2018,Natural Gas Internal Combustion Engine,Y,9.0,1994.0
16217,Village of Rockville Centre - (NY),2695,Charles P Keller,NY,Nassau,9,OP,IC,Electric Utility,1,3.5,3.2,3.2,NG,DFO,N,,,,,,,Y,Y,2.9,2.9,3.2,3.2,1H,1H,Y,Y,Y,,2018,Natural Gas Internal Combustion Engine,Y,1.0,1954.0
15296,New York Power Authority,7314,Richard M Flynn,NY,Suffolk,NA1,OP,CT,Electric Utility,1,108.0,87.5,103.9,NG,DFO,Y,NG,DFO,,,,,Y,N,87.5,103.9,87.5,103.9,1H,1H,Y,,,Y,2018,Natural Gas Fired Combined Cycle,Y,5.0,1994.0
56505,National Grid Generation LLC,7869,Glenwood Landing,NY,Nassau,GT4,OP,GT,Electric Utility,1,53.0,40,46.8,NG,KER,N,,,,,,,Y,Y,40.6,46,40.6,46,1H,1H,Y,,Y,,2018,Natural Gas Fired Combustion Turbine,Y,6.0,2002.0
56505,National Grid Generation LLC,7869,Glenwood Landing,NY,Nassau,GT5,OP,GT,Electric Utility,1,53.0,40,43.2,NG,KER,N,,,,,,,Y,Y,38.6,44.6,38.6,44.6,1H,1H,Y,,Y,,2018,Natural Gas Fired Combustion Turbine,Y,6.0,2002.0
5511,CCI Roseton LLC,8006,Roseton Generating Facility,NY,Orange,1,OP,ST,IPP Non-CHP,2,621.0,584.2,608,NG,RFO,Y,RFO,NG,,,,,Y,Y,589.5,611.2,589.5,611.2,1H,1H,Y,,,Y,2018,Natural Gas Steam Turbine,Y,12.0,1974.0
5511,CCI Roseton LLC,8006,Roseton Generating Facility,NY,Orange,2,OP,ST,IPP Non-CHP,2,621.0,600,603.5,NG,RFO,Y,RFO,NG,,,,,Y,Y,599.5,609,599.5,609,1H,1H,Y,,,Y,2018,Natural Gas Steam Turbine,Y,9.0,1974.0
54863,U S Power Generating Company LLC,8906,Astoria Generating Station,NY,Queens,3,OP,ST,IPP Non-CHP,2,376.0,376.8,374.6,NG,RFO,Y,RFO,NG,,,,,Y,Y,361,361,351,351,6H,6H,Y,Y,Y,,2018,Natural Gas Steam Turbine,Y,9.0,1958.0
54863,U S Power Generating Company LLC,8906,Astoria Generating Station,NY,Queens,4,OS,ST,IPP Non-CHP,2,387.0,380,387,NG,RFO,Y,RFO,NG,,,,,Y,Y,372,372,361,361,6H,6H,Y,Y,Y,,2018,Natural Gas Steam Turbine,Y,12.0,1961.0
54863,U S Power Generating Company LLC,8906,Astoria Generating Station,NY,Queens,ST5,OP,ST,IPP Non-CHP,2,387.0,378.4,387.7,NG,RFO,Y,RFO,NG,,,,,Y,Y,372,372,362,361,6H,6H,Y,Y,Y,,2018,Natural Gas Steam Turbine,Y,5.0,1962.0
5624,"RED-Rochester, LLC",10025,"RED-Rochester, LLC",NY,Monroe,17TG,OP,ST,Industrial CHP,7,15.0,15,15,BIT,RFO,Y,RFO,NG,,,,,N,, , , , ,,,,,,,2018,Conventional Steam Coal,Y,12.0,1968.0
5624,"RED-Rochester, LLC",10025,"RED-Rochester, LLC",NY,Monroe,22TG,OS,ST,Industrial CHP,7,12.5,12.5,12.5,BIT,RFO,Y,RFO,NG,,,,,N,, , , , ,,,,,,,2018,Conventional Steam Coal,Y,8.0,1954.0
5624,"RED-Rochester, LLC",10025,"RED-Rochester, LLC",NY,Monroe,41TG,OP,ST,Industrial CHP,7,25.6,25.6,25.6,BIT,NG,Y,RFO,NG,,,,,N,, , , , ,,,,,,,2018,Conventional Steam Coal,Y,5.0,1964.0
5624,"RED-Rochester, LLC",10025,"RED-Rochester, LLC",NY,Monroe,42TG,OP,ST,Industrial CHP,7,25.6,25.6,25.6,BIT,NG,Y,RFO,NG,,,,,N,, , , , ,,,,,,,2018,Conventional Steam Coal,Y,8.0,1967.0
5624,"RED-Rochester, LLC",10025,"RED-Rochester, LLC",NY,Monroe,43TG,OP,ST,Industrial CHP,7,25.6,25.6,25.6,BIT,NG,Y,RFO,NG,,,,,N,, , , , ,,,,,,,2018,Conventional Steam Coal,Y,4.0,1969.0
5624,"RED-Rochester, LLC",10025,"RED-Rochester, LLC",NY,Monroe,44TG,OP,ST,Industrial CHP,7,25.6,25.6,25.6,BIT,DFO,Y,DFO,BIT,,,,,N,, , , , ,,,,,,,2018,Conventional Steam Coal,Y,8.0,1987.0
60741,Fortistar Castleton Power,10190,Castleton Energy Center,NY,Rensselaer,GEN1,OP,CT,IPP Non-CHP,2,47.0,70.2,78.7,NG,DFO,Y,NG,DFO,,,,,Y,Y,44,51,43,49,1H,1H,Y,Y,Y,,2018,Natural Gas Fired Combined Cycle,Y,2.0,1992.0
1746,Black River Generation LLC,10464,ReEnergy Black River,NY,Jefferson,GEN1,OP,ST,IPP Non-CHP,2,55.5,55,56,WDS,TDF,Y,WDS,DFO,TDF,,,,N,, , , , ,,,,,,,2018,Wood/Wood Waste Biomass,Y,6.0,1989.0
60641,Veolia NA - Municipal & Commercial Business,10521,Lederle Laboratories,NY,Rockland,3A,OP,CA,Industrial CHP,7,1.5,1.5,1.5,NG,DFO,N,,,,,,,Y,Y,1.5,1.5,1.5,1.5,1H,1H,Y,,Y,,2018,Natural Gas Fired Combined Cycle,Y,12.0,1998.0
60641,Veolia NA - Municipal & Commercial Business,10521,Lederle Laboratories,NY,Rockland,GEN1,OP,CT,Industrial CHP,7,8.3,8.3,8.3,NG,DFO,N,,,,,,,Y,Y,8.3,8.3,8.3,8.3,1H,1H,Y,,Y,,2018,Natural Gas Fired Combined Cycle,Y,1.0,1991.0
60641,Veolia NA - Municipal & Commercial Business,10521,Lederle Laboratories,NY,Rockland,GEN2,OP,CT,Industrial CHP,7,8.3,8.3,8.3,NG,DFO,N,,,,,,,Y,Y,8.3,8.3,8.3,8.3,1H,1H,Y,,Y,,2018,Natural Gas Fired Combined Cycle,Y,1.0,1991.0
60641,Veolia NA - Municipal & Commercial Business,10521,Lederle Laboratories,NY,Rockland,GEN3,OP,CA,Industrial CHP,7,2.2,2.2,2.2,NG,DFO,N,,,,,,,Y,Y,3.1,3.1,3.1,3.1,1H,1H,Y,,Y,,2018,Natural Gas Fired Combined Cycle,Y,7.0,1990.0
60641,Veolia NA - Municipal & Commercial Business,10521,Lederle Laboratories,NY,Rockland,TG4,OP,CA,Industrial CHP,7,3.1,1.4,1.4,NG,DFO,N,,,,,,,Y,Y,2.2,2.2,2.2,2.2,1H,1H,Y,,Y,,2018,Natural Gas Fired Combined Cycle,Y,7.0,1997.0
58338,Lakeside Beaver Falls LLC,10617,CH Resources Beaver Falls,NY,Lewis,GEN1,OP,CT,IPP CHP,3,65.5,50.7,59.9,NG,DFO,N,,,,,,,Y,Y,50.8,63.9,45,50,UNK,UNK,N,,,,2018,Natural Gas Fired Combined Cycle,Y,4.0,1995.0
58338,Lakeside Beaver Falls LLC,10617,CH Resources Beaver Falls,NY,Lewis,GEN2,OP,CA,IPP CHP,3,42.3,30.6,31.8,NG,DFO,N,,,,,,,Y,Y,30.6,31.8,25,30,UNK,UNK,N,,,,2018,Natural Gas Fired Combined Cycle,Y,4.0,1995.0
3085,Carthage Energy LLC,10620,Carthage Energy LLC,NY,Jefferson,GEN1,OP,CT,IPP Non-CHP,2,40.9,38.2,44.7,NG,DFO,Y,NG,DFO,,,,,Y,Y,40.03,45,40.03,45,1H,1H,Y,Y,Y,,2018,Natural Gas Fired Combined Cycle,Y,11.0,1991.0
16909,Selkirk Cogen Partners LP,10725,Selkirk Cogen,NY,Albany,GEN1,OP,CT,IPP CHP,3,95.2,78.1,104.3,NG,DFO,Y,NG,DFO,,,,,Y,N,80.9,95,80.9,95,OVER,OVER,Y,Y,Y,,2018,Natural Gas Fired Combined Cycle,Y,4.0,1992.0
16909,Selkirk Cogen Partners LP,10725,Selkirk Cogen,NY,Albany,GEN3,OP,CT,IPP CHP,3,95.2,282.1,325.9,NG,DFO,Y,NG,DFO,,,,,Y,N,80.9,95,80.9,95,OVER,OVER,Y,Y,Y,,2018,Natural Gas Fired Combined Cycle,Y,4.0,1994.0
16909,Selkirk Cogen Partners LP,10725,Selkirk Cogen,NY,Albany,GEN4,OP,CT,IPP CHP,3,95.2, , ,NG,DFO,Y,NG,DFO,,,,,Y,N,80.9,95,80.9,95,OVER,OVER,Y,Y,Y,,2018,Natural Gas Fired Combined Cycle,Y,4.0,1994.0
21508,Cornell University,50368,Cornell University Central Heat,NY,Tompkins,CT1,OP,CT,Commercial CHP,5,15.0,12.3,14.5,NG,DFO,N,NG,DFO,,,,,Y,Y,12.3,14.5,12.3,14.5,1H,1H,Y,,Y,,2018,Natural Gas Fired Combined Cycle,Y,12.0,2009.0
21508,Cornell University,50368,Cornell University Central Heat,NY,Tompkins,CT2,OP,CT,Commercial CHP,5,15.0,12.3,14.5,NG,DFO,N,NG,DFO,,,,,Y,Y,12.3,14.5,12.3,14.5,1H,1H,Y,,Y,,2018,Natural Gas Fired Combined Cycle,Y,12.0,2009.0
9245,Indeck-Energy Serv Silver Spg,50449,Indeck Silver Springs Energy Center,NY,Wyoming,GEN1,OP,CT,IPP CHP,3,39.4,49.5,63.9,NG,DFO,Y,NG,DFO,,,,,Y,Y,32.3,46.7,32.3,46.7,1H,1H,Y,Y,Y,,2018,Natural Gas Fired Combined Cycle,Y,5.0,1991.0
9245,Indeck-Energy Serv Silver Spg,50449,Indeck Silver Springs Energy Center,NY,Wyoming,GEN2,OP,CA,IPP CHP,3,17.2, , ,NG,DFO,N,,,,,,,Y,Y,17.2,17.2,17.2,17.2,1H,1H,Y,Y,Y,,2018,Natural Gas Fired Combined Cycle,Y,5.0,1991.0
9244,Indeck-Oswego Ltd Partnership,50450,Indeck Oswego Energy Center,NY,Oswego,GEN1,OP,CT,IPP CHP,3,41.2,48.9,61.4,NG,DFO,Y,NG,DFO,,,,,Y,Y,48.9,61.4,48.9,61.4,1H,1H,Y,Y,Y,,2018,Natural Gas Fired Combined Cycle,Y,6.0,1990.0
9243,Indeck-Yerkes Ltd Partnership,50451,Indeck Yerkes Energy Center,NY,Erie,GEN1,OP,CT,IPP CHP,3,40.6,47.7,56.7,NG,DFO,Y,NG,DFO,,,,,Y,Y,28.4,37.4,28.4,37.4,1H,1H,Y,Y,Y,,2018,Natural Gas Fired Combined Cycle,Y,12.0,1989.0
9263,Indeck-Corinth Ltd Partnership,50458,Indeck Corinth Energy Center,NY,Saratoga,GEN1,OP,CT,IPP CHP,3,92.0,74.7,92.4,NG,DFO,N,,,,,,,Y,Y,74.7,92.4,74.7,92.4,6H,6H,Y,Y,Y,,2018,Natural Gas Fired Combined Cycle,Y,2.0,1995.0
470,Covanta Energy of Niagara LP,50472,"Covanta Niagara I, LLC",NY,Niagara,GEN1,OP,ST,IPP CHP,3,25.0,18,18,MSW,NG,Y,NG,MSW,WDS,OTH,,,N,, , , , ,,,,,,,2018,Municipal Solid Waste,Y,8.0,1980.0
470,Covanta Energy of Niagara LP,50472,"Covanta Niagara I, LLC",NY,Niagara,GEN2,OP,ST,IPP CHP,3,25.0,18,18,MSW,NG,Y,NG,MSW,WDS,OTH,,,N,, , , , ,,,,,,,2018,Municipal Solid Waste,Y,8.0,1980.0
18020,Starrett City Inc,50743,Starrett City Cogen Facility,NY,Kings,GEN1,OP,ST,Commercial CHP,5,6.0,5.5,6,NG,RFO,N,,,,,,,Y,Y,5.5,5.5,5.8,5.8,1H,1H,N,,,,2018,Natural Gas Steam Turbine,Y,10.0,1974.0
18020,Starrett City Inc,50743,Starrett City Cogen Facility,NY,Kings,GEN2,OP,ST,Commercial CHP,5,6.0,5.5,6,NG,RFO,N,,,,,,,Y,Y,5.5,5.5,5.8,5.8,1H,1H,N,,,,2018,Natural Gas Steam Turbine,Y,10.0,1974.0
24202,Carr Street Generating Sta LP,50978,Carr Street Generating Station,NY,Onondaga,GEN1,OP,CT,IPP Non-CHP,2,48.8,32,40,NG,DFO,N,,,,,,,Y,Y,33,40,33,40,1H,1H,Y,Y,Y,,2018,Natural Gas Fired Combined Cycle,Y,7.0,1993.0
24202,Carr Street Generating Sta LP,50978,Carr Street Generating Station,NY,Onondaga,GEN2,OP,CT,IPP Non-CHP,2,48.8,32,40,NG,DFO,N,,,,,,,Y,Y,33,40,33,40,1H,1H,Y,Y,Y,,2018,Natural Gas Fired Combined Cycle,Y,7.0,1993.0
19153,Nassau Energy Corp,52056,Nassau Energy Corp,NY,Nassau,GT1,OP,CT,IPP CHP,3,43.0,43,45,NG,DFO,Y,NG,DFO,,,,,Y,Y,43,45,43,43,1H,1H,Y,Y,Y,,2018,Natural Gas Fired Combined Cycle,Y,3.0,1991.0
24210,Riverbay Corp,52168,Riverbay,NY,Bronx,GEN3,OP,GT,Commercial CHP,5,12.9,12.3,12.6,NG,DFO,N,,,,,,,Y,Y,12.5,12.4,12,12,6H,6H,Y,Y,Y,,2018,Natural Gas Fired Combustion Turbine,Y,3.0,2011.0
24210,Riverbay Corp,52168,Riverbay,NY,Bronx,GEN4,OP,GT,Commercial CHP,5,12.9,12.3,12.6,NG,DFO,N,,,,,,,Y,Y,12.5,12.4,12,12,6H,6H,Y,Y,Y,,2018,Natural Gas Fired Combustion Turbine,Y,3.0,2011.0
6838,Rensselaer Generating LLC,54034,Rensselaer Cogen,NY,Rensselaer,GEN1,OP,CT,IPP Non-CHP,2,49.2,47,55.8,NG,DFO,N,,,,,,,Y,Y,47,58,45,54,6H,6H,Y,Y,Y,,2018,Natural Gas Fired Combined Cycle,Y,4.0,1994.0
6838,Rensselaer Generating LLC,54034,Rensselaer Cogen,NY,Rensselaer,GEN2,OP,CA,IPP Non-CHP,2,39.0,33.4,30,NG,DFO,N,,,,,,,Y,Y,32.4,33,18,20,6H,6H,Y,Y,Y,,2018,Natural Gas Fired Combined Cycle,Y,4.0,1994.0
11127,Lockport Energy Associates LP,54041,Lockport Energy Associates LP,NY,Niagara,GEN1,OP,CT,IPP CHP,3,48.7,43.6,50.6,NG,DFO,Y,NG,DFO,,,,,Y,Y,42.6,48,43,49,1H,1H,Y,Y,Y,,2018,Natural Gas Fired Combined Cycle,Y,7.0,1992.0
11127,Lockport Energy Associates LP,54041,Lockport Energy Associates LP,NY,Niagara,GEN2,OP,CT,IPP CHP,3,48.7,43.6,50.6,NG,DFO,Y,NG,DFO,,,,,Y,Y,42.6,48,43,49,1H,1H,Y,Y,Y,,2018,Natural Gas Fired Combined Cycle,Y,7.0,1992.0
11127,Lockport Energy Associates LP,54041,Lockport Energy Associates LP,NY,Niagara,GEN3,OP,CT,IPP CHP,3,48.7,43.6,50.6,NG,DFO,Y,NG,DFO,,,,,Y,Y,42.6,48,43,49,1H,1H,Y,Y,Y,,2018,Natural Gas Fired Combined Cycle,Y,7.0,1992.0
9261,Indeck-Olean Ltd Partnership,54076,Indeck Olean Energy Center,NY,Cattaraugus,GEN1,OP,CT,IPP CHP,3,46.0,34.1,43.2,NG,DFO,Y,NG,DFO,,,,,Y,Y,34.1,43.2,34.1,43.2,1H,1H,Y,Y,Y,,2018,Natural Gas Fired Combined Cycle,Y,1.0,1994.0
9261,Indeck-Olean Ltd Partnership,54076,Indeck Olean Energy Center,NY,Cattaraugus,GEN2,OP,CA,IPP CHP,3,44.6,44.6,44.6,NG,DFO,N,,,,,,,Y,Y,46.6,46.6,46.6,46.6,24H,24H,Y,Y,Y,,2018,Natural Gas Fired Combined Cycle,Y,1.0,1994.0
10349,KIAC Partners,54114,Kennedy International Airport Cogen,NY,Queens,GEN1,OP,CT,IPP CHP,3,47.1,48.9,50.3,NG,DFO,N,,,,,,,Y,Y,48.9,50.3,48.9,50.3,1H,1H,N,,,,2018,Natural Gas Fired Combined Cycle,Y,12.0,1994.0
10349,KIAC Partners,54114,Kennedy International Airport Cogen,NY,Queens,GEN2,OP,CT,IPP CHP,3,47.1,47.8,48.9,NG,DFO,N,,,,,,,Y,Y,47.8,48.9,47.8,48.9,1H,1H,N,,,,2018,Natural Gas Fired Combined Cycle,Y,12.0,1994.0
10349,KIAC Partners,54114,Kennedy International Airport Cogen,NY,Queens,GEN3,OP,CA,IPP CHP,3,27.0,27.5,27,NG,DFO,N,,,,,,,Y,Y,27.5,27,27.5,27,1H,1H,N,,,,2018,Natural Gas Fired Combined Cycle,Y,1.0,1995.0
50136,North American Energy Services,54131,Fortistar North Tonawanda,NY,Niagara,GEN1,OP,CT,IPP CHP,3,48.7,39.1,48.5,NG,DFO,Y,NG,DFO,,,,,Y,Y,42,50,38,40,1H,1H,Y,Y,Y,,2018,Natural Gas Fired Combined Cycle,Y,7.0,1993.0
13587,Nissequoque Cogen Partners,54149,Stony Brook Cogen Plant,NY,Suffolk,GEN1,OP,GT,IPP CHP,3,47.0,44.5,47.1,NG,DFO,N,,,,,,,Y,Y,42,44,42,44,1H,1H,Y,Y,Y,,2018,Natural Gas Fired Combustion Turbine,Y,4.0,1995.0
15253,Power City Partners LP,54592,Massena Energy Facility,NY,St Lawrence,GEN1,OP,CT,IPP Non-CHP,2,66.5,46,56,NG,DFO,N,,,,,,,Y,Y,46,59,46,59,1H,1H,Y,,Y,,2018,Natural Gas Fired Combined Cycle,Y,7.0,1992.0
13491,New York University,54808,New York University Central Plant,NY,New York,GT1,OP,CT,Commercial CHP,5,5.5,5.5,5.5,NG,DFO,Y,NG,DFO,,,,,Y,Y,5.5,5.5,5.5,5.5,1H,1H,Y,Y,,,2018,Natural Gas Fired Combined Cycle,Y,12.0,2010.0
13491,New York University,54808,New York University Central Plant,NY,New York,GT2,OP,CT,Commercial CHP,5,5.5,5.5,5.5,NG,DFO,Y,NG,DFO,,,,,Y,Y,5.5,5.5,5.5,5.5,1H,1H,Y,Y,,,2018,Natural Gas Fired Combined Cycle,Y,12.0,2010.0
2313,Brooklyn Navy Yard Cogen PLP,54914,Brooklyn Navy Yard Cogeneration,NY,Kings,01,OP,CT,IPP CHP,3,121.0,90,110,NG,DFO,N,,,,,,,Y,Y,85,110,95,110,1H,1H,Y,,Y,,2018,Natural Gas Fired Combined Cycle,Y,3.0,1996.0
2313,Brooklyn Navy Yard Cogen PLP,54914,Brooklyn Navy Yard Cogeneration,NY,Kings,02,OP,CT,IPP CHP,3,121.0,90,110,NG,DFO,N,,,,,,,Y,Y,85,110,95,110,1H,1H,Y,,Y,,2018,Natural Gas Fired Combined Cycle,Y,3.0,1996.0
13582,NRG Astoria Gas Turbine Operations Inc,55243,Astoria Gas Turbines,NY,Queens,2-1,OP,GT,IPP Non-CHP,2,41.9,36.3,45.1,NG,KER,N,,,,,,,Y,Y,36.3,45.1,36.3,45.1,1H,1H,Y,,Y,,2018,Natural Gas Fired Combustion Turbine,Y,1.0,1970.0
13582,NRG Astoria Gas Turbine Operations Inc,55243,Astoria Gas Turbines,NY,Queens,2-2,OP,GT,IPP Non-CHP,2,41.9,34.8,44.9,NG,KER,N,,,,,,,Y,Y,34.8,44.9,34.8,44.9,1H,1H,Y,,Y,,2018,Natural Gas Fired Combustion Turbine,Y,1.0,1970.0
13582,NRG Astoria Gas Turbine Operations Inc,55243,Astoria Gas Turbines,NY,Queens,2-3,OP,GT,IPP Non-CHP,2,41.9,35.9,46.1,NG,KER,N,,,,,,,Y,Y,35.9,46.1,35.9,46.1,1H,1H,Y,,Y,,2018,Natural Gas Fired Combustion Turbine,Y,1.0,1970.0
13582,NRG Astoria Gas Turbine Operations Inc,55243,Astoria Gas Turbines,NY,Queens,2-4,OP,GT,IPP Non-CHP,2,41.9,35.8,47.4,NG,KER,N,,,,,,,Y,Y,35.8,47.1,35.8,47.1,1H,1H,Y,,Y,,2018,Natural Gas Fired Combustion Turbine,Y,1.0,1970.0
13582,NRG Astoria Gas Turbine Operations Inc,55243,Astoria Gas Turbines,NY,Queens,3-1,OP,GT,IPP Non-CHP,2,41.9,34.1,45.2,NG,KER,N,,,,,,,Y,Y,34.1,45.2,34.1,45.2,1H,1H,Y,,Y,,2018,Natural Gas Fired Combustion Turbine,Y,1.0,1970.0
13582,NRG Astoria Gas Turbine Operations Inc,55243,Astoria Gas Turbines,NY,Queens,3-2,OP,GT,IPP Non-CHP,2,41.9,35.8,44.8,NG,KER,N,,,,,,,Y,Y,35.8,44.8,35.8,44.8,1H,1H,Y,,Y,,2018,Natural Gas Fired Combustion Turbine,Y,1.0,1970.0
13582,NRG Astoria Gas Turbine Operations Inc,55243,Astoria Gas Turbines,NY,Queens,3-3,OP,GT,IPP Non-CHP,2,41.9,35.3,45.4,NG,KER,N,,,,,,,Y,Y,35.3,45.4,35.3,45.4,1H,1H,Y,,Y,,2018,Natural Gas Fired Combustion Turbine,Y,1.0,1970.0
13582,NRG Astoria Gas Turbine Operations Inc,55243,Astoria Gas Turbines,NY,Queens,3-4,OP,GT,IPP Non-CHP,2,41.9,36.8,46.2,NG,KER,N,,,,,,,Y,Y,36.8,46.2,36.8,46.2,1H,1H,Y,,Y,,2018,Natural Gas Fired Combustion Turbine,Y,1.0,1970.0
13582,NRG Astoria Gas Turbine Operations Inc,55243,Astoria Gas Turbines,NY,Queens,4-1,OP,GT,IPP Non-CHP,2,41.9,35.2,45.6,NG,KER,N,,,,,,,Y,Y,35.2,45.6,35.2,45.6,1H,1H,Y,,Y,,2018,Natural Gas Fired Combustion Turbine,Y,1.0,1970.0
13582,NRG Astoria Gas Turbine Operations Inc,55243,Astoria Gas Turbines,NY,Queens,4-2,OP,GT,IPP Non-CHP,2,41.9,34.7,45.5,NG,KER,N,,,,,,,Y,Y,34.7,45.5,34.7,45.5,1H,1H,Y,,Y,,2018,Natural Gas Fired Combustion Turbine,Y,1.0,1970.0
13582,NRG Astoria Gas Turbine Operations Inc,55243,Astoria Gas Turbines,NY,Queens,4-3,OP,GT,IPP Non-CHP,2,41.9,34.9,44.9,NG,KER,N,,,,,,,Y,Y,34.9,44.9,34.9,44.9,1H,1H,Y,,Y,,2018,Natural Gas Fired Combustion Turbine,Y,1.0,1970.0
13582,NRG Astoria Gas Turbine Operations Inc,55243,Astoria Gas Turbines,NY,Queens,4-4,OP,GT,IPP Non-CHP,2,41.9,33.1,44.5,NG,KER,N,,,,,,,Y,Y,33.1,44.9,33.1,44.9,1H,1H,Y,,Y,,2018,Natural Gas Fired Combustion Turbine,Y,1.0,1970.0
22979,Astoria Energy LLC,55375,Astoria Energy,NY,Queens,CT1,OP,CT,IPP Non-CHP,2,170.0,156,170,NG,DFO,N,,,,,,,Y,N,165,189,165,189,1H,1H,Y,Y,Y,,2018,Natural Gas Fired Combined Cycle,Y,5.0,2006.0
22979,Astoria Energy LLC,55375,Astoria Energy,NY,Queens,CT2,OP,CT,IPP Non-CHP,2,170.0,156,170,NG,DFO,N,,,,,,,Y,N,165,189,165,189,1H,1H,Y,Y,Y,,2018,Natural Gas Fired Combined Cycle,Y,5.0,2006.0
49845,"Equus Power I, L.P.,",56032,Equus Freeport Power,NY,Nassau,0001,OP,GT,IPP Non-CHP,2,60.0,46.2,46.2,NG,KER,N,,,,,,,Y,N,46.2,46.2,46.2,46.2,1H,1H,Y,,,Y,2018,Natural Gas Fired Combustion Turbine,Y,6.0,2004.0
49845,"Equus Power I, L.P.,",56032,Equus Freeport Power,NY,Nassau,001,OP,GT,IPP Non-CHP,2,60.0,48.1,49.7,NG,KER,N,,,,,,,Y,N,48.1,49.7,48.1,49.7,1H,1H,Y,Y,,,2018,Natural Gas Fired Combustion Turbine,Y,6.0,2004.0
49837,Pinelawn Power LLC,56188,Pinelawn Power LLC,NY,Suffolk,CTG,OP,CT,IPP Non-CHP,2,50.0,47,47,NG,KER,N,,,,,,,Y,N,47,47,47,47,1H,1H,Y,Y,Y,Y,2018,Natural Gas Fired Combined Cycle,Y,7.0,2005.0
15296,New York Power Authority,56196,500MW CC,NY,Queens,CT01,OP,CT,Electric Utility,1,170.0,151.3,184.4,NG,DFO,N,,,,,,,Y,N,151.3,184.4,151.3,184.4,1H,1H,Y,,,Y,2018,Natural Gas Fired Combined Cycle,Y,12.0,2005.0
15296,New York Power Authority,56196,500MW CC,NY,Queens,CT02,OP,CT,Electric Utility,1,170.0,151.3,184.4,NG,DFO,N,,,,,,,Y,N,151.3,184.4,151.3,184.4,1H,1H,Y,,,Y,2018,Natural Gas Fired Combined Cycle,Y,12.0,2005.0
49950,"Caithness Long Island, LLC",56234,Caithness Long Island Energy Center,NY,Suffolk,CT01,OP,CT,IPP Non-CHP,2,196.2,179.9,232.9,NG,DFO,N,,,,,,,Y,Y,175,220,175,200,6H,6H,Y,Y,Y,,2018,Natural Gas Fired Combined Cycle,Y,8.0,2009.0
56480,Empire Generating Co LLC,56259,Empire Generating Co LLC,NY,Rensselaer,CT11,OP,CT,IPP CHP,3,179.0,155,190,NG,DFO,N,,,,,,,Y,Y,165,190,177,190,1H,1H,Y,,Y,Y,2018,Natural Gas Fired Combined Cycle,Y,9.0,2010.0
56480,Empire Generating Co LLC,56259,Empire Generating Co LLC,NY,Rensselaer,CT12,OP,CT,IPP CHP,3,179.0,155,190,NG,DFO,N,,,,,,,Y,Y,165,190,177,190,1H,1H,Y,,Y,Y,2018,Natural Gas Fired Combined Cycle,Y,9.0,2010.0
56204,"CPV Valley, LLC",56940,CPV Valley Energy Center,NY,Orange,CTG1,OP,CT,IPP Non-CHP,2,235.0,198.2,223,NG,DFO,N,,,,,,,Y,Y,193.7,232,155,224,1H,1H,Y,Y,Y,,2018,Natural Gas Fired Combined Cycle,Y,5.0,2018.0
56204,"CPV Valley, LLC",56940,CPV Valley Energy Center,NY,Orange,CTG2,OP,CT,IPP Non-CHP,2,235.0,198.2,223,NG,DFO,N,,,,,,,Y,Y,193,232,155,224,1H,1H,Y,Y,Y,,2018,Natural Gas Fired Combined Cycle,Y,5.0,2018.0
60545,"City of Auburn, New York",57636,Auburn LFG Energy Facility,NY,Cayuga,1,OS,IC,IPP Non-CHP,2,1.1,1.1,1.1,LFG,NG,Y,NG,LFG,,,,,N,, , , , ,,,,,,,2018,Landfill Gas,Y,1.0,2010.0
60545,"City of Auburn, New York",57636,Auburn LFG Energy Facility,NY,Cayuga,3,OS,IC,IPP Non-CHP,2,1.1,1.1,1.1,LFG,NG,Y,NG,LFG,,,,,N,, , , , ,,,,,,,2018,Landfill Gas,Y,1.0,2010.0
56991,Astoria Energy II LLC,57664,Astoria Energy II,NY,Queens,CT3,OP,CT,IPP Non-CHP,2,200.0,156,188,NG,DFO,N,,,,,,,Y,Y,156,188,156,188,1H,1H,Y,Y,Y,,2018,Natural Gas Fired Combined Cycle,Y,7.0,2011.0
56991,Astoria Energy II LLC,57664,Astoria Energy II,NY,Queens,CT4,OP,CT,IPP Non-CHP,2,200.0,156,188,NG,DFO,N,,,,,,,Y,Y,156,188,156,188,1H,1H,Y,Y,Y,,2018,Natural Gas Fired Combined Cycle,Y,7.0,2011.0
58107,University of Rochester,58157,University of Rochester,NY,Monroe,HP,OP,ST,Commercial CHP,5,18.2,17,17,NG,DFO,N,,,,,,,Y,N,16,17,17,17,1H,6H,Y,Y,Y,,2018,Natural Gas Steam Turbine,Y,10.0,2005.0
58107,University of Rochester,58157,University of Rochester,NY,Monroe,LP,OP,ST,Commercial CHP,5,7.2,7.2,7.2,NG,DFO,N,,,,,,,Y,N,7,7,7,7,1H,6H,Y,Y,Y,,2018,Natural Gas Steam Turbine,Y,10.0,2005.0
58487,Montefiore Medical Center Moses Division,58507,Montefieor Medical Center Moses Division,NY,Bronx,ES006,OP,GT,Commercial CHP,5,5.3,4.8,4.8,NG,DFO,,,,,,,,Y,Y,3.5,3.5,3.5,3.5,6H,6H,N,,,,2018,Natural Gas Fired Combustion Turbine,Y,1.0,2002.0
58487,Montefiore Medical Center Moses Division,58507,Montefieor Medical Center Moses Division,NY,Bronx,S0001,OP,IC,Commercial CHP,5,1.6,1.2,1.2,NG,DFO,,,,,,,,Y,Y,1.2,1.2,1.2,1.2,6H,6H,N,,,,2018,Natural Gas Internal Combustion Engine,Y,1.0,1994.0
58487,Montefiore Medical Center Moses Division,58507,Montefieor Medical Center Moses Division,NY,Bronx,S0002,OP,IC,Commercial CHP,5,1.6,1.2,1.2,NG,DFO,,,,,,,,Y,Y,1.2,1.2,1.2,1.2,6H,6H,N,,,,2018,Natural Gas Internal Combustion Engine,Y,1.0,1994.0
58487,Montefiore Medical Center Moses Division,58507,Montefieor Medical Center Moses Division,NY,Bronx,S0003,OP,IC,Commercial CHP,5,1.6,1.2,1.2,NG,DFO,,,,,,,,Y,Y,1.2,1.2,1.2,1.2,6H,6H,N,,,,2018,Natural Gas Internal Combustion Engine,Y,1.0,1994.0
58971,Danskammer Energy,2480,Danskammer Generating Station,NY,Orange,1,OP,ST,IPP Non-CHP,2,72.0,70.7,68.2,NG,RFO,Y,RFO,NG,,,,,Y,Y,68,68,66,66,1H,1H,N,,,,2019,Natural Gas Steam Turbine,Y,12.0,1951.0
58971,Danskammer Energy,2480,Danskammer Generating Station,NY,Orange,2,OP,ST,IPP Non-CHP,2,73.5,65.7,65.5,NG,RFO,Y,RFO,NG,,,,,Y,Y,65.7,65.5,65,65,1H,1H,N,,,,2019,Natural Gas Steam Turbine,Y,9.0,1954.0
3249,Central Hudson Gas & Elec Corp,2487,West Coxsackie,NY,Greene,GT1,OP,GT,Electric Utility,1,21.6,19.6,23.7,NG,KER,N,,,,,,,Y,Y,19.6,19.6,19.6,19.6,1H,1H,Y,,Y,,2019,Natural Gas Fired Combustion Turbine,Y,12.0,1969.0
4226,Consolidated Edison Co-NY Inc,2493,East River,NY,New York,1,OP,GT,Electric Utility,1,180.0,153.3,199.1,NG,KER,N,,,,,,,Y,N,152.3,195.8,143.8,182.8,UNK,UNK,Y,,Y,,2019,Natural Gas Fired Combustion Turbine,Y,4.0,2005.0
4226,Consolidated Edison Co-NY Inc,2493,East River,NY,New York,2,OP,GT,Electric Utility,1,180.0,154.8,195,NG,KER,N,,,,,,,Y,N,149.1,193.7,148.3,182.8,72H,UNK,Y,,Y,,2019,Natural Gas Fired Combustion Turbine,Y,4.0,2005.0
4226,Consolidated Edison Co-NY Inc,2493,East River,NY,New York,6,OP,ST,Electric Utility,1,156.2,144.5,148.7,NG,DFO,Y,NG,DFO,,,,,Y,Y,143.1,142.8,130,140,6H,6H,Y,,,Y,2019,Natural Gas Steam Turbine,Y,11.0,1951.0
4226,Consolidated Edison Co-NY Inc,2493,East River,NY,New York,7,OP,ST,Electric Utility,1,200.0,186.9,180.3,NG,DFO,Y,NG,DFO,,,,,Y,Y,185.6,184.1,170,185,6H,6H,Y,,,Y,2019,Natural Gas Steam Turbine,Y,6.0,1955.0
54863,U S Power Generating Company LLC,2494,Gowanus Gas Turbines Generating,NY,Kings,GT21,OP,GT,IPP Non-CHP,2,20.0,17,22.5,NG,DFO,Y,NG,DFO,,,,,Y,Y,17,22.5,17,22.5,1H,1H,Y,,Y,,2019,Natural Gas Fired Combustion Turbine,Y,6.0,1971.0
54863,U S Power Generating Company LLC,2494,Gowanus Gas Turbines Generating,NY,Kings,GT22,OP,GT,IPP Non-CHP,2,20.0,18.3,24.1,NG,DFO,Y,NG,DFO,,,,,Y,Y,18.3,24.1,18.3,24.1,1H,1H,Y,,Y,,2019,Natural Gas Fired Combustion Turbine,Y,6.0,1971.0
54863,U S Power Generating Company LLC,2494,Gowanus Gas Turbines Generating,NY,Kings,GT23,OP,GT,IPP Non-CHP,2,20.0,19.1,24.9,NG,DFO,Y,NG,DFO,,,,,Y,Y,19.1,24.9,19.1,24.9,1H,1H,Y,,Y,,2019,Natural Gas Fired Combustion Turbine,Y,6.0,1971.0
54863,U S Power Generating Company LLC,2494,Gowanus Gas Turbines Generating,NY,Kings,GT24,OP,GT,IPP Non-CHP,2,20.0,17.3,23.1,NG,DFO,Y,NG,DFO,,,,,Y,Y,17.3,23.1,17.3,23.1,1H,1H,Y,,Y,,2019,Natural Gas Fired Combustion Turbine,Y,6.0,1971.0
54863,U S Power Generating Company LLC,2494,Gowanus Gas Turbines Generating,NY,Kings,GT25,OP,GT,IPP Non-CHP,2,20.0,18,23.4,NG,DFO,Y,NG,DFO,,,,,Y,Y,18,23.4,18,23.4,1H,1H,Y,,Y,,2019,Natural Gas Fired Combustion Turbine,Y,6.0,1971.0
54863,U S Power Generating Company LLC,2494,Gowanus Gas Turbines Generating,NY,Kings,GT26,OP,GT,IPP Non-CHP,2,20.0,19.5,24.9,NG,DFO,Y,NG,DFO,,,,,Y,Y,19.5,24.9,19.5,24.9,1H,1H,Y,,Y,,2019,Natural Gas Fired Combustion Turbine,Y,6.0,1971.0
54863,U S Power Generating Company LLC,2494,Gowanus Gas Turbines Generating,NY,Kings,GT27,OP,GT,IPP Non-CHP,2,20.0,19.1,24.7,NG,DFO,Y,NG,DFO,,,,,Y,Y,19.1,24.7,19.1,24.7,1H,1H,Y,,Y,,2019,Natural Gas Fired Combustion Turbine,Y,6.0,1971.0
54863,U S Power Generating Company LLC,2494,Gowanus Gas Turbines Generating,NY,Kings,GT28,OP,GT,IPP Non-CHP,2,20.0,17.7,22.9,NG,DFO,Y,NG,DFO,,,,,Y,Y,17.7,22.9,17.7,22.9,1H,1H,Y,,Y,,2019,Natural Gas Fired Combustion Turbine,Y,6.0,1971.0
54863,U S Power Generating Company LLC,2494,Gowanus Gas Turbines Generating,NY,Kings,GT31,OP,GT,IPP Non-CHP,2,20.0,16.9,21.9,NG,DFO,Y,NG,DFO,,,,,Y,Y,16.9,21.9,16.9,21.9,1H,1H,Y,,Y,,2019,Natural Gas Fired Combustion Turbine,Y,7.0,1971.0
54863,U S Power Generating Company LLC,2494,Gowanus Gas Turbines Generating,NY,Kings,GT32,OP,GT,IPP Non-CHP,2,20.0,17.1,22.6,NG,DFO,Y,NG,DFO,,,,,Y,Y,17.1,22.6,17.1,22.6,1H,1H,Y,,Y,,2019,Natural Gas Fired Combustion Turbine,Y,7.0,1971.0
54863,U S Power Generating Company LLC,2494,Gowanus Gas Turbines Generating,NY,Kings,GT33,OP,GT,IPP Non-CHP,2,20.0,18,23.8,NG,DFO,Y,NG,DFO,,,,,Y,Y,18,23.8,18,23.8,1H,1H,Y,,Y,,2019,Natural Gas Fired Combustion Turbine,Y,7.0,1971.0
54863,U S Power Generating Company LLC,2494,Gowanus Gas Turbines Generating,NY,Kings,GT34,OP,GT,IPP Non-CHP,2,20.0,16.2,21.4,NG,DFO,Y,NG,DFO,,,,,Y,Y,16.2,21.4,16.2,21.4,1H,1H,Y,,Y,,2019,Natural Gas Fired Combustion Turbine,Y,7.0,1971.0
54863,U S Power Generating Company LLC,2494,Gowanus Gas Turbines Generating,NY,Kings,GT35,OP,GT,IPP Non-CHP,2,20.0,17.3,22.8,NG,DFO,Y,NG,DFO,,,,,Y,Y,17.3,22.8,17.3,22.8,1H,1H,Y,,Y,,2019,Natural Gas Fired Combustion Turbine,Y,7.0,1971.0
54863,U S Power Generating Company LLC,2494,Gowanus Gas Turbines Generating,NY,Kings,GT36,OP,GT,IPP Non-CHP,2,20.0,15.5,21,NG,DFO,Y,NG,DFO,,,,,Y,Y,15.5,21,15.5,21,1H,1H,Y,,Y,,2019,Natural Gas Fired Combustion Turbine,Y,7.0,1971.0
54863,U S Power Generating Company LLC,2494,Gowanus Gas Turbines Generating,NY,Kings,GT37,OP,GT,IPP Non-CHP,2,20.0,18.1,23.9,NG,DFO,Y,NG,DFO,,,,,Y,Y,18.1,23.9,18.1,23.9,1H,1H,Y,,Y,,2019,Natural Gas Fired Combustion Turbine,Y,7.0,1971.0
54863,U S Power Generating Company LLC,2494,Gowanus Gas Turbines Generating,NY,Kings,GT38,OP,GT,IPP Non-CHP,2,20.0,16.9,23.9,NG,DFO,Y,NG,DFO,,,,,Y,Y,16.9,23.9,16.9,23.9,1H,1H,Y,,Y,,2019,Natural Gas Fired Combustion Turbine,Y,7.0,1971.0
54863,U S Power Generating Company LLC,2499,Narrows Gas Turbines Generating,NY,Kings,NT11,OP,GT,IPP Non-CHP,2,22.0,19.3,24.9,NG,DFO,Y,NG,DFO,,,,,Y,Y,19.3,24.9,19.3,24.9,1H,1H,Y,,Y,,2019,Natural Gas Fired Combustion Turbine,Y,5.0,1972.0
54863,U S Power Generating Company LLC,2499,Narrows Gas Turbines Generating,NY,Kings,NT12,OP,GT,IPP Non-CHP,2,22.0,17.1,23.8,NG,DFO,Y,NG,DFO,,,,,Y,Y,17.1,23.8,17.1,23.8,1H,1H,Y,,Y,,2019,Natural Gas Fired Combustion Turbine,Y,5.0,1972.0
54863,U S Power Generating Company LLC,2499,Narrows Gas Turbines Generating,NY,Kings,NT13,OP,GT,IPP Non-CHP,2,22.0,18.3,24.9,NG,DFO,Y,NG,DFO,,,,,Y,Y,18.3,24.9,18.3,24.9,1H,1H,Y,,Y,,2019,Natural Gas Fired Combustion Turbine,Y,5.0,1972.0
54863,U S Power Generating Company LLC,2499,Narrows Gas Turbines Generating,NY,Kings,NT14,OP,GT,IPP Non-CHP,2,22.0,18.8,24.9,NG,DFO,Y,NG,DFO,,,,,Y,Y,18.8,24.9,18.8,24.9,1H,1H,Y,,Y,,2019,Natural Gas Fired Combustion Turbine,Y,5.0,1972.0
54863,U S Power Generating Company LLC,2499,Narrows Gas Turbines Generating,NY,Kings,NT15,OP,GT,IPP Non-CHP,2,22.0,19.9,24.9,NG,DFO,Y,NG,DFO,,,,,Y,Y,19.9,24.9,19.9,24.9,1H,1H,Y,,Y,,2019,Natural Gas Fired Combustion Turbine,Y,5.0,1972.0
54863,U S Power Generating Company LLC,2499,Narrows Gas Turbines Generating,NY,Kings,NT16,OP,GT,IPP Non-CHP,2,22.0,16.5,22.2,NG,DFO,Y,NG,DFO,,,,,Y,Y,16.5,22.2,16.5,22.2,1H,1H,Y,,Y,,2019,Natural Gas Fired Combustion Turbine,Y,5.0,1972.0
54863,U S Power Generating Company LLC,2499,Narrows Gas Turbines Generating,NY,Kings,NT17,OP,GT,IPP Non-CHP,2,22.0,19.4,24.9,NG,DFO,Y,NG,DFO,,,,,Y,Y,19.4,24.9,19.4,24.9,1H,1H,Y,,Y,,2019,Natural Gas Fired Combustion Turbine,Y,5.0,1972.0
54863,U S Power Generating Company LLC,2499,Narrows Gas Turbines Generating,NY,Kings,NT18,OP,GT,IPP Non-CHP,2,22.0,17.5,23.2,NG,DFO,Y,NG,DFO,,,,,Y,Y,17.5,23.2,17.5,23.2,1H,1H,Y,,Y,,2019,Natural Gas Fired Combustion Turbine,Y,5.0,1972.0
54863,U S Power Generating Company LLC,2499,Narrows Gas Turbines Generating,NY,Kings,NT21,OP,GT,IPP Non-CHP,2,22.0,19.2,24.8,NG,DFO,Y,NG,DFO,,,,,Y,Y,19.2,24.8,19.2,24.8,1H,1H,Y,,Y,,2019,Natural Gas Fired Combustion Turbine,Y,6.0,1972.0
54863,U S Power Generating Company LLC,2499,Narrows Gas Turbines Generating,NY,Kings,NT22,OP,GT,IPP Non-CHP,2,22.0,16.4,22.9,NG,DFO,Y,NG,DFO,,,,,Y,Y,16.4,22.9,16.4,22.9,1H,1H,Y,,Y,,2019,Natural Gas Fired Combustion Turbine,Y,6.0,1972.0
54863,U S Power Generating Company LLC,2499,Narrows Gas Turbines Generating,NY,Kings,NT23,OP,GT,IPP Non-CHP,2,22.0,17.5,23.8,NG,DFO,Y,NG,DFO,,,,,Y,Y,17.5,23.8,17.5,23.8,1H,1H,Y,,Y,,2019,Natural Gas Fired Combustion Turbine,Y,6.0,1972.0
54863,U S Power Generating Company LLC,2499,Narrows Gas Turbines Generating,NY,Kings,NT24,OP,GT,IPP Non-CHP,2,22.0,17.9,24.2,NG,DFO,Y,NG,DFO,,,,,Y,Y,17.9,24.2,17.9,24.2,1H,1H,Y,,Y,,2019,Natural Gas Fired Combustion Turbine,Y,6.0,1972.0
54863,U S Power Generating Company LLC,2499,Narrows Gas Turbines Generating,NY,Kings,NT25,OP,GT,IPP Non-CHP,2,22.0,18.1,24.4,NG,DFO,Y,NG,DFO,,,,,Y,Y,18.1,24.4,18.1,24.4,1H,1H,Y,,Y,,2019,Natural Gas Fired Combustion Turbine,Y,6.0,1972.0
54863,U S Power Generating Company LLC,2499,Narrows Gas Turbines Generating,NY,Kings,NT26,OP,GT,IPP Non-CHP,2,22.0,16.3,21.9,NG,DFO,Y,NG,DFO,,,,,Y,Y,16.3,21.9,16.3,21.9,1H,1H,Y,,Y,,2019,Natural Gas Fired Combustion Turbine,Y,6.0,1972.0
54863,U S Power Generating Company LLC,2499,Narrows Gas Turbines Generating,NY,Kings,NT27,OP,GT,IPP Non-CHP,2,22.0,18.5,24.9,NG,DFO,Y,NG,DFO,,,,,Y,Y,18.5,24.9,18.5,24.9,1H,1H,Y,,Y,,2019,Natural Gas Fired Combustion Turbine,Y,6.0,1972.0
54863,U S Power Generating Company LLC,2499,Narrows Gas Turbines Generating,NY,Kings,NT28,OP,GT,IPP Non-CHP,2,22.0,16.3,21.9,NG,DFO,Y,NG,DFO,,,,,Y,Y,16.3,21.9,16.3,21.9,1H,1H,Y,,Y,,2019,Natural Gas Fired Combustion Turbine,Y,6.0,1972.0
61130,"Helix Ravenswood, LLC",2500,Ravenswood,NY,Queens,1,OP,ST,IPP Non-CHP,2,400.0,370.8,372.8,NG,DFO,Y,NG,RFO,,,,,Y,Y,370.8,372.8,368,368,6H,6H,Y,,Y,,2019,Natural Gas Steam Turbine,Y,2.0,1963.0
61130,"Helix Ravenswood, LLC",2500,Ravenswood,NY,Queens,2,OP,ST,IPP Non-CHP,2,400.0,377.5,375.3,NG,DFO,Y,NG,RFO,,,,,Y,Y,377.5,375.3,372.5,375,6H,6H,Y,,Y,,2019,Natural Gas Steam Turbine,Y,5.0,1963.0
61130,"Helix Ravenswood, LLC",2500,Ravenswood,NY,Queens,3,OP,ST,IPP Non-CHP,2,1027.0,988.5,977.8,NG,DFO,Y,NG,RFO,,,,,Y,Y,988.5,977.8,973,974.2,6H,6H,Y,,Y,,2019,Natural Gas Steam Turbine,Y,6.0,1965.0
61130,"Helix Ravenswood, LLC",2500,Ravenswood,NY,Queens,4,OP,CT,IPP Non-CHP,2,181.0,169.7,164.2,NG,KER,N,,,,,,,Y,Y,169.7,164.2,169.7,164.2,6H,6H,Y,Y,Y,,2019,Natural Gas Fired Combined Cycle,Y,12.0,2003.0
61130,"Helix Ravenswood, LLC",2500,Ravenswood,NY,Queens,4S,OP,CA,IPP Non-CHP,2,87.5,79.1,82.7,NG,KER,N,,,,,,,Y,Y,79.1,82.7,79.1,82.7,6H,6H,Y,Y,Y,,2019,Natural Gas Fired Combined Cycle,Y,12.0,2003.0
61130,"Helix Ravenswood, LLC",2500,Ravenswood,NY,Queens,GT10,OP,GT,IPP Non-CHP,2,25.0,16.5,24.4,NG,KER,N,,,,,,,Y,Y,16.5,24.4,16.5,24.4,1H,1H,Y,Y,Y,,2019,Natural Gas Fired Combustion Turbine,Y,7.0,1969.0
61130,"Helix Ravenswood, LLC",2500,Ravenswood,NY,Queens,GT11,OP,GT,IPP Non-CHP,2,25.0,16.4,22.4,NG,KER,N,,,,,,,Y,Y,16.4,22.4,16.4,22.4,1H,1H,Y,Y,Y,,2019,Natural Gas Fired Combustion Turbine,Y,6.0,1969.0
61130,"Helix Ravenswood, LLC",2500,Ravenswood,NY,Queens,GT21,OS,GT,IPP Non-CHP,2,42.9,30.6,41.7,NG,KER,N,,,,,,,Y,Y,30.6,41.7,30.6,41.7,1H,1H,Y,Y,Y,,2019,Natural Gas Fired Combustion Turbine,Y,6.0,1969.0
61130,"Helix Ravenswood, LLC",2500,Ravenswood,NY,Queens,GT22,OS,GT,IPP Non-CHP,2,42.9,32,41.9,NG,KER,N,,,,,,,Y,Y,32,41.9,32,41.9,1H,1H,Y,Y,Y,,2019,Natural Gas Fired Combustion Turbine,Y,6.0,1969.0
61130,"Helix Ravenswood, LLC",2500,Ravenswood,NY,Queens,GT23,OS,GT,IPP Non-CHP,2,42.9,30.7,37.3,NG,KER,N,,,,,,,Y,Y,30.7,37.3,30.7,37.3,1H,1H,Y,Y,Y,,2019,Natural Gas Fired Combustion Turbine,Y,6.0,1969.0
61130,"Helix Ravenswood, LLC",2500,Ravenswood,NY,Queens,GT24,OS,GT,IPP Non-CHP,2,42.9,30.9,41.6,NG,KER,N,,,,,,,Y,Y,30.9,41.6,30.9,41.6,1H,1H,Y,Y,Y,,2019,Natural Gas Fired Combustion Turbine,Y,6.0,1969.0
61130,"Helix Ravenswood, LLC",2500,Ravenswood,NY,Queens,GT31,OS,GT,IPP Non-CHP,2,42.9,30.7,40.8,NG,KER,N,,,,,,,Y,Y,30.7,40.8,30.7,40.8,1H,1H,Y,Y,Y,,2019,Natural Gas Fired Combustion Turbine,Y,6.0,1969.0
61130,"Helix Ravenswood, LLC",2500,Ravenswood,NY,Queens,GT32,OS,GT,IPP Non-CHP,2,42.9,29.7,40.3,NG,KER,N,,,,,,,Y,Y,29.7,40.3,29.7,40.3,1H,1H,Y,Y,Y,,2019,Natural Gas Fired Combustion Turbine,Y,6.0,1969.0
61130,"Helix Ravenswood, LLC",2500,Ravenswood,NY,Queens,GT34,OS,GT,IPP Non-CHP,2,42.9,29.8,40.8,NG,KER,N,,,,,,,Y,Y,29.8,40.8,29.8,40.8,1H,1H,Y,Y,Y,,2019,Natural Gas Fired Combustion Turbine,Y,6.0,1969.0
61130,"Helix Ravenswood, LLC",2500,Ravenswood,NY,Queens,GT4,OS,GT,IPP Non-CHP,2,21.1,12.9,15.6,NG,KER,N,,,,,,,Y,Y,12.9,15.6,12.9,15.6,1H,1H,Y,Y,Y,,2019,Natural Gas Fired Combustion Turbine,Y,6.0,1969.0
61130,"Helix Ravenswood, LLC",2500,Ravenswood,NY,Queens,GT5,OS,GT,IPP Non-CHP,2,21.1,15.5,17.2,NG,KER,N,,,,,,,Y,Y,15.5,17.2,15.5,17.2,1H,1H,Y,Y,Y,,2019,Natural Gas Fired Combustion Turbine,Y,6.0,1969.0
61130,"Helix Ravenswood, LLC",2500,Ravenswood,NY,Queens,GT6,OS,GT,IPP Non-CHP,2,22.0,12.6,16.5,NG,KER,N,,,,,,,Y,Y,12.6,16.5,12.6,16.5,1H,1H,Y,Y,Y,,2019,Natural Gas Fired Combustion Turbine,Y,6.0,1969.0
61130,"Helix Ravenswood, LLC",2500,Ravenswood,NY,Queens,GT9,OS,GT,IPP Non-CHP,2,25.0,16.3,22.8,NG,KER,N,,,,,,,Y,Y,16.3,22.8,16.3,22.8,1H,1H,Y,Y,Y,,2019,Natural Gas Fired Combustion Turbine,Y,6.0,1969.0
4226,Consolidated Edison Co-NY Inc,2503,59th Street,NY,New York,GT1,OP,GT,Electric Utility,1,17.1,15.6,20.3,NG,KER,N,,,,,,,Y,N,14.4,20.8,14.4,20.8,UNK,UNK,N,,,,2019,Natural Gas Fired Combustion Turbine,Y,6.0,1969.0
56505,National Grid Generation LLC,2511,E F Barrett,NY,Nassau,10,OP,GT,Electric Utility,1,41.8,40.6,50,NG,DFO,N,,,,,,,Y,Y,40.6,50,40.6,50,1H,1H,N,,,,2019,Natural Gas Fired Combustion Turbine,Y,6.0,1971.0
56505,National Grid Generation LLC,2511,E F Barrett,NY,Nassau,11,OP,GT,Electric Utility,1,41.8,40.1,50.5,NG,DFO,N,,,,,,,Y,Y,40.1,50.5,40.1,50.5,1H,1H,N,,,,2019,Natural Gas Fired Combustion Turbine,Y,6.0,1971.0
56505,National Grid Generation LLC,2511,E F Barrett,NY,Nassau,12,OP,GT,Electric Utility,1,41.8,40.9,48.7,NG,DFO,N,,,,,,,Y,Y,40.9,48.7,40.9,48.7,1H,1H,N,,,,2019,Natural Gas Fired Combustion Turbine,Y,6.0,1971.0
56505,National Grid Generation LLC,2511,E F Barrett,NY,Nassau,3,OP,GT,Electric Utility,1,18.0,17.7,20.2,NG,DFO,N,,,,,,,Y,Y,17.7,20.2,17.7,20.2,1H,1H,N,,,,2019,Natural Gas Fired Combustion Turbine,Y,6.0,1970.0
56505,National Grid Generation LLC,2511,E F Barrett,NY,Nassau,4,OP,GT,Electric Utility,1,18.0,16.8,20.5,NG,DFO,N,,,,,,,Y,Y,16.8,20.5,16.8,20.5,1H,1H,N,,,,2019,Natural Gas Fired Combustion Turbine,Y,7.0,1970.0
56505,National Grid Generation LLC,2511,E F Barrett,NY,Nassau,5,OP,GT,Electric Utility,1,18.0,17.6,20.1,NG,DFO,N,,,,,,,Y,Y,17.6,20.1,17.6,20.1,1H,1H,N,,,,2019,Natural Gas Fired Combustion Turbine,Y,7.0,1970.0
56505,National Grid Generation LLC,2511,E F Barrett,NY,Nassau,6,OP,GT,Electric Utility,1,18.0,16.4,19.9,NG,DFO,N,,,,,,,Y,Y,16.4,19.9,16.4,19.9,1H,1H,N,,,,2019,Natural Gas Fired Combustion Turbine,Y,7.0,1970.0
56505,National Grid Generation LLC,2511,E F Barrett,NY,Nassau,8,OP,GT,Electric Utility,1,18.0,15.1,15.2,NG,DFO,N,,,,,,,Y,Y,15.1,15.2,15.1,15.2,1H,1H,N,,,,2019,Natural Gas Fired Combustion Turbine,Y,7.0,1970.0
56505,National Grid Generation LLC,2511,E F Barrett,NY,Nassau,9,OP,GT,Electric Utility,1,41.8,41.2,49.2,NG,DFO,N,,,,,,,Y,Y,41.2,49.2,41.2,49.2,1H,1H,N,,,,2019,Natural Gas Fired Combustion Turbine,Y,6.0,1971.0
56505,National Grid Generation LLC,2511,E F Barrett,NY,Nassau,GT1,OP,GT,Electric Utility,1,18.0,17.4,20.5,NG,DFO,N,,,,,,,Y,Y,17.4,20.5,17.4,20.5,1H,1H,N,,,,2019,Natural Gas Fired Combustion Turbine,Y,6.0,1970.0
56505,National Grid Generation LLC,2511,E F Barrett,NY,Nassau,GT2,OP,GT,Electric Utility,1,18.0,17.6,20.4,NG,DFO,N,,,,,,,Y,Y,17.6,20.4,17.6,20.4,1H,1H,N,,,,2019,Natural Gas Fired Combustion Turbine,Y,6.0,1970.0
56505,National Grid Generation LLC,2511,E F Barrett,NY,Nassau,ST1,OP,ST,Electric Utility,1,188.0,194.2,199.5,NG,RFO,Y,NG,RFO,,,,,Y,Y,194.2,199.5,194.2,199.5,6H,6H,Y,Y,,,2019,Natural Gas Steam Turbine,Y,11.0,1956.0
56505,National Grid Generation LLC,2511,E F Barrett,NY,Nassau,ST2,OP,ST,Electric Utility,1,188.0,178,190.5,NG,RFO,Y,NG,RFO,,,,,Y,Y,178,190.5,178,190.5,6H,6H,Y,Y,,,2019,Natural Gas Steam Turbine,Y,10.0,1963.0
56505,National Grid Generation LLC,2516,Northport,NY,Suffolk,2,OP,ST,Electric Utility,1,387.0,398,399,NG,RFO,Y,NG,RFO,,,,,Y,Y,398,399,398,399,6H,6H,N,,,,2019,Natural Gas Steam Turbine,Y,6.0,1968.0
56505,National Grid Generation LLC,2516,Northport,NY,Suffolk,3,OP,ST,Electric Utility,1,387.0,398.5,394.2,NG,RFO,Y,NG,RFO,,,,,Y,Y,398.5,394.2,398.5,394.2,6H,6H,N,,,,2019,Natural Gas Steam Turbine,Y,7.0,1972.0
56505,National Grid Generation LLC,2516,Northport,NY,Suffolk,4,OP,ST,Electric Utility,1,387.0,398,396.5,NG,RFO,Y,NG,RFO,,,,,Y,Y,398,396.5,398,396.5,6H,6H,N,,,,2019,Natural Gas Steam Turbine,Y,12.0,1977.0
56505,National Grid Generation LLC,2516,Northport,NY,Suffolk,ST1,OP,ST,Electric Utility,1,387.0,397.7,396.2,NG,RFO,Y,NG,RFO,,,,,Y,Y,397.7,396.2,397.7,396.2,6H,6H,N,,,,2019,Natural Gas Steam Turbine,Y,7.0,1967.0
56505,National Grid Generation LLC,2517,Port Jefferson,NY,Suffolk,3,OP,ST,Electric Utility,1,188.0,192,189.2,NG,RFO,Y,NG,RFO,,,,,Y,Y,192,189.2,192,189.2,6H,6H,N,,,,2019,Natural Gas Steam Turbine,Y,11.0,1958.0
56505,National Grid Generation LLC,2517,Port Jefferson,NY,Suffolk,4,OP,ST,Electric Utility,1,188.0,193,194.7,NG,RFO,Y,NG,RFO,,,,,Y,Y,193,194.7,193,194.7,6H,6H,N,,,,2019,Natural Gas Steam Turbine,Y,11.0,1960.0
56505,National Grid Generation LLC,2517,Port Jefferson,NY,Suffolk,GT2,OP,GT,Electric Utility,1,53.0,42.6,46.7,NG,KER,N,,,,,,,Y,N,42.6,46.7,42.6,46.7,1H,1H,Y,,Y,,2019,Natural Gas Fired Combustion Turbine,Y,7.0,2002.0
56505,National Grid Generation LLC,2517,Port Jefferson,NY,Suffolk,GT3,OP,GT,Electric Utility,1,53.0,40.1,47.1,NG,KER,N,,,,,,,Y,N,40.1,47.1,40.1,47.1,1H,1H,Y,,Y,,2019,Natural Gas Fired Combustion Turbine,Y,7.0,2002.0
25,Greenidge Generation Holdings LLC,2527,Greenidge Generation LLC,NY,Yates,4,OP,ST,IPP Non-CHP,2,112.0,104.5,106.3,NG,WDS,Y,BIT,NG,WDS,,,,N,, , , , ,,,,,,,2019,Natural Gas Steam Turbine,Y,12.0,1953.0
13923,NRG Oswego Harbor Power Operations Inc,2594,Oswego Harbor Power,NY,Oswego,ST6,OP,ST,IPP Non-CHP,2,901.8,823.2,830.5,RFO,NG,Y,RFO,NG,,,,,Y,Y,180,180,850,850,6H,UNK,Y,,Y,Y,2019,Petroleum Liquids,Y,12.0,1979.0
12792,"GenOn New York, LLC",2625,Bowline Point,NY,Rockland,1,OP,ST,IPP Non-CHP,2,621.0,575,578,NG,RFO,Y,NG,RFO,,,,,Y,Y,572,572,572,572,6H,6H,Y,Y,,,2019,Natural Gas Steam Turbine,Y,9.0,1972.0
12792,"GenOn New York, LLC",2625,Bowline Point,NY,Rockland,2,OP,ST,IPP Non-CHP,2,621.0,562,567,NG,RFO,Y,NG,RFO,,,,,Y,Y,562,567,562,567,6H,6H,Y,Y,,,2019,Natural Gas Steam Turbine,Y,5.0,1974.0
56142,"Alliance NYGT, LLC",2628,Hillburn,NY,Rockland,GEN1,OP,GT,IPP Non-CHP,2,46.5,33.1,43.8,NG,KER,N,,,,,,,Y,N,33.1,43,33.1,43,1H,1H,Y,,Y,,2019,Natural Gas Fired Combustion Turbine,Y,7.0,1972.0
56142,"Alliance NYGT, LLC",2632,Shoemaker,NY,Orange,SHOE,OP,GT,IPP Non-CHP,2,41.9,33,40,NG,KER,N,,,,,,,Y,N,33,40,33,40,1H,1H,Y,,Y,,2019,Natural Gas Fired Combustion Turbine,Y,7.0,1972.0
6775,Village of Freeport - (NY),2679,Plant No 2 Freeport,NY,Nassau,CT5,OP,GT,Electric Utility,1,60.5,49,49,NG,KER,N,,,,,,,Y,N,49,49,49,49,6H,1H,N,,,,2019,Natural Gas Fired Combustion Turbine,Y,4.0,2004.0
9645,Jamestown Board of Public Util,2682,S A Carlson,NY,Chautauqua,5,OP,ST,Electric Utility,1,24.5,22.5,22.5,NG,DFO,N,,,,,,,Y,N,22.5,22.5,7,7,1H,1H,N,,,,2019,Natural Gas Steam Turbine,Y,8.0,1951.0
9645,Jamestown Board of Public Util,2682,S A Carlson,NY,Chautauqua,6,OP,ST,Electric Utility,1,24.5,22.5,22.5,NG,DFO,N,,,,,,,Y,N,22.5,22.5,7,7,1H,1H,N,,,,2019,Natural Gas Steam Turbine,Y,8.0,1968.0
16217,Village of Rockville Centre - (NY),2695,Charles P Keller,NY,Nassau,10,OP,IC,Electric Utility,1,3.5,3.2,3.2,NG,DFO,N,,,,,,,Y,Y,2.9,2.9,3.2,3.2,1H,1H,Y,Y,Y,,2019,Natural Gas Internal Combustion Engine,Y,1.0,1954.0
16217,Village of Rockville Centre - (NY),2695,Charles P Keller,NY,Nassau,11,OP,IC,Electric Utility,1,5.2,5.2,5.2,NG,DFO,N,,,,,,,Y,Y,4.95,4.95,5.2,5.2,1H,1H,Y,Y,Y,,2019,Natural Gas Internal Combustion Engine,Y,1.0,1962.0
16217,Village of Rockville Centre - (NY),2695,Charles P Keller,NY,Nassau,12,OP,IC,Electric Utility,1,5.5,5.5,5.5,NG,DFO,N,,,,,,,Y,Y,5.2,5.2,5.5,5.5,1H,1H,Y,Y,Y,,2019,Natural Gas Internal Combustion Engine,Y,1.0,1967.0
16217,Village of Rockville Centre - (NY),2695,Charles P Keller,NY,Nassau,13,OP,IC,Electric Utility,1,5.5,5.5,5.5,NG,DFO,N,,,,,,,Y,Y,5.2,5.2,5.5,5.5,1H,1H,Y,Y,Y,,2019,Natural Gas Internal Combustion Engine,Y,1.0,1974.0
16217,Village of Rockville Centre - (NY),2695,Charles P Keller,NY,Nassau,14,OP,IC,Electric Utility,1,6.2,6.2,6.2,NG,DFO,N,,,,,,,Y,Y,6.2,6.2,6.2,6.2,1H,1H,Y,Y,Y,,2019,Natural Gas Internal Combustion Engine,Y,9.0,1994.0
16217,Village of Rockville Centre - (NY),2695,Charles P Keller,NY,Nassau,9,OP,IC,Electric Utility,1,3.5,3.2,3.2,NG,DFO,N,,,,,,,Y,Y,2.9,2.9,3.2,3.2,1H,1H,Y,Y,Y,,2019,Natural Gas Internal Combustion Engine,Y,1.0,1954.0
15296,New York Power Authority,7314,Richard M Flynn,NY,Suffolk,NA1,OP,CT,Electric Utility,1,108.0,87.5,103.9,NG,DFO,Y,NG,DFO,,,,,Y,N,87.5,103.9,87.5,103.9,1H,1H,Y,,,Y,2019,Natural Gas Fired Combined Cycle,Y,5.0,1994.0
56505,National Grid Generation LLC,7869,Glenwood Landing,NY,Nassau,GT4,OP,GT,Electric Utility,1,53.0,42.6,47,NG,KER,N,,,,,,,Y,Y,42.6,47,42.6,47,1H,1H,Y,,Y,,2019,Natural Gas Fired Combustion Turbine,Y,6.0,2002.0
56505,National Grid Generation LLC,7869,Glenwood Landing,NY,Nassau,GT5,OP,GT,Electric Utility,1,53.0,42.5,47,NG,KER,N,,,,,,,Y,Y,42.5,47,42.5,47,1H,1H,Y,,Y,,2019,Natural Gas Fired Combustion Turbine,Y,6.0,2002.0
5511,CCI Roseton LLC,8006,Roseton Generating Facility,NY,Orange,1,OP,ST,IPP Non-CHP,2,621.0,592,595,NG,RFO,Y,RFO,NG,,,,,Y,Y,592,595,592,595,1H,1H,Y,,,Y,2019,Natural Gas Steam Turbine,Y,12.0,1974.0
5511,CCI Roseton LLC,8006,Roseton Generating Facility,NY,Orange,2,OP,ST,IPP Non-CHP,2,621.0,590.7,607.5,NG,RFO,Y,RFO,NG,,,,,Y,Y,590.7,607.5,590.7,607.5,1H,1H,Y,,,Y,2019,Natural Gas Steam Turbine,Y,9.0,1974.0
54863,U S Power Generating Company LLC,8906,Astoria Generating Station,NY,Queens,3,OP,ST,IPP Non-CHP,2,376.0,370.2,373.2,NG,RFO,Y,RFO,NG,,,,,Y,Y,370.2,373.2,370.2,373.2,6H,6H,Y,Y,Y,,2019,Natural Gas Steam Turbine,Y,9.0,1958.0
54863,U S Power Generating Company LLC,8906,Astoria Generating Station,NY,Queens,4,OS,ST,IPP Non-CHP,2,387.0,380,387,NG,RFO,Y,RFO,NG,,,,,Y,Y,372,372,361,361,6H,6H,Y,Y,Y,,2019,Natural Gas Steam Turbine,Y,12.0,1961.0
54863,U S Power Generating Company LLC,8906,Astoria Generating Station,NY,Queens,ST5,OP,ST,IPP Non-CHP,2,387.0,376.9,384.2,NG,RFO,Y,RFO,NG,,,,,Y,Y,376.9,384.2,376.9,384.2,6H,6H,Y,Y,Y,,2019,Natural Gas Steam Turbine,Y,5.0,1962.0
5624,"RED-Rochester, LLC",10025,"RED-Rochester, LLC",NY,Monroe,17TG,OP,ST,Industrial CHP,7,15.0,15,15,BIT,RFO,Y,RFO,NG,,,,,N,, , , , ,,,,,,,2019,Conventional Steam Coal,Y,12.0,1968.0
5624,"RED-Rochester, LLC",10025,"RED-Rochester, LLC",NY,Monroe,22TG,OS,ST,Industrial CHP,7,12.5,12.5,12.5,BIT,RFO,Y,RFO,NG,,,,,N,, , , , ,,,,,,,2019,Conventional Steam Coal,Y,8.0,1954.0
5624,"RED-Rochester, LLC",10025,"RED-Rochester, LLC",NY,Monroe,41TG,OP,ST,Industrial CHP,7,25.6,25.6,25.6,BIT,NG,Y,RFO,NG,,,,,N,, , , , ,,,,,,,2019,Conventional Steam Coal,Y,5.0,1964.0
5624,"RED-Rochester, LLC",10025,"RED-Rochester, LLC",NY,Monroe,42TG,OP,ST,Industrial CHP,7,25.6,25.6,25.6,BIT,NG,Y,RFO,NG,,,,,N,, , , , ,,,,,,,2019,Conventional Steam Coal,Y,8.0,1967.0
5624,"RED-Rochester, LLC",10025,"RED-Rochester, LLC",NY,Monroe,43TG,OP,ST,Industrial CHP,7,25.6,25.6,25.6,BIT,NG,Y,RFO,NG,,,,,N,, , , , ,,,,,,,2019,Conventional Steam Coal,Y,4.0,1969.0
5624,"RED-Rochester, LLC",10025,"RED-Rochester, LLC",NY,Monroe,44TG,OP,ST,Industrial CHP,7,25.6,25.6,25.6,BIT,DFO,Y,DFO,BIT,,,,,N,, , , , ,,,,,,,2019,Conventional Steam Coal,Y,8.0,1987.0
60741,Fortistar Castleton Power,10190,Castleton Energy Center,NY,Rensselaer,GEN1,OP,CT,IPP Non-CHP,2,47.0,67.7,78.8,NG,DFO,Y,NG,DFO,,,,,Y,Y,44,51,43,49,1H,1H,Y,Y,Y,,2019,Natural Gas Fired Combined Cycle,Y,2.0,1992.0
1746,Black River Generation LLC,10464,ReEnergy Black River,NY,Jefferson,GEN1,OP,ST,IPP Non-CHP,2,55.5,55,56,WDS,TDF,Y,WDS,DFO,TDF,,,,N,, , , , ,,,,,,,2019,Wood/Wood Waste Biomass,Y,6.0,1989.0
60641,Veolia NA - Municipal & Commercial Business,10521,Lederle Laboratories,NY,Rockland,3A,OP,CA,Industrial CHP,7,1.5,1.5,1.5,NG,DFO,N,,,,,,,Y,Y,1.5,1.5,1.5,1.5,1H,1H,Y,,Y,,2019,Natural Gas Fired Combined Cycle,Y,12.0,1998.0
60641,Veolia NA - Municipal & Commercial Business,10521,Lederle Laboratories,NY,Rockland,GEN1,OP,CT,Industrial CHP,7,8.3,8.3,8.3,NG,DFO,N,,,,,,,Y,Y,8.3,8.3,8.3,8.3,1H,1H,Y,,Y,,2019,Natural Gas Fired Combined Cycle,Y,1.0,1991.0
60641,Veolia NA - Municipal & Commercial Business,10521,Lederle Laboratories,NY,Rockland,GEN2,OP,CT,Industrial CHP,7,8.3,8.3,8.3,NG,DFO,N,,,,,,,Y,Y,8.3,8.3,8.3,8.3,1H,1H,Y,,Y,,2019,Natural Gas Fired Combined Cycle,Y,1.0,1991.0
60641,Veolia NA - Municipal & Commercial Business,10521,Lederle Laboratories,NY,Rockland,GEN3,OP,CA,Industrial CHP,7,2.2,2.2,2.2,NG,DFO,N,,,,,,,Y,Y,2.2,2.2,2.2,2.2,1H,1H,Y,,Y,,2019,Natural Gas Fired Combined Cycle,Y,7.0,1990.0
60641,Veolia NA - Municipal & Commercial Business,10521,Lederle Laboratories,NY,Rockland,TG4,OP,CA,Industrial CHP,7,3.1,1.4,1.4,NG,DFO,N,,,,,,,Y,Y,1.4,1.4,1.4,1.4,1H,1H,Y,,Y,,2019,Natural Gas Fired Combined Cycle,Y,7.0,1997.0
58338,Lakeside Beaver Falls LLC,10617,CH Resources Beaver Falls,NY,Lewis,GEN1,OP,CT,IPP CHP,3,65.5,49.8,58.7,NG,DFO,N,,,,,,,Y,Y,49.8,58.7,45,50,UNK,UNK,N,,,,2019,Natural Gas Fired Combined Cycle,Y,4.0,1995.0
58338,Lakeside Beaver Falls LLC,10617,CH Resources Beaver Falls,NY,Lewis,GEN2,OP,CA,IPP CHP,3,42.3,30.6,31.8,NG,DFO,N,,,,,,,Y,Y,30.6,31.8,25,30,UNK,UNK,N,,,,2019,Natural Gas Fired Combined Cycle,Y,4.0,1995.0
3085,Carthage Energy LLC,10620,Carthage Energy LLC,NY,Jefferson,GEN1,OP,CT,IPP Non-CHP,2,40.9,40.1,45,NG,DFO,Y,NG,DFO,,,,,Y,Y,40.03,45,40.03,45,1H,1H,Y,Y,Y,,2019,Natural Gas Fired Combined Cycle,Y,11.0,1991.0
16909,Selkirk Cogen Partners LP,10725,Selkirk Cogen,NY,Albany,GEN1,OP,CT,IPP CHP,3,95.2,76.9,105.5,NG,DFO,Y,NG,DFO,,,,,Y,N,76.9,105.5,76.9,105.5,OVER,OVER,Y,Y,Y,,2019,Natural Gas Fired Combined Cycle,Y,4.0,1992.0
16909,Selkirk Cogen Partners LP,10725,Selkirk Cogen,NY,Albany,GEN3,OP,CT,IPP CHP,3,95.2,272.3,333.1,NG,DFO,Y,NG,DFO,,,,,Y,N,80.9,95,80.9,95,OVER,OVER,Y,Y,Y,,2019,Natural Gas Fired Combined Cycle,Y,4.0,1994.0
16909,Selkirk Cogen Partners LP,10725,Selkirk Cogen,NY,Albany,GEN4,OP,CT,IPP CHP,3,95.2, , ,NG,DFO,Y,NG,DFO,,,,,Y,N,80.9,95,80.9,95,OVER,OVER,Y,Y,Y,,2019,Natural Gas Fired Combined Cycle,Y,4.0,1994.0
21508,Cornell University,50368,Cornell University Central Heat,NY,Tompkins,CT1,OP,CT,Commercial CHP,5,15.0,12.3,14.5,NG,DFO,N,NG,DFO,,,,,Y,Y,12.3,14.5,12.3,14.5,1H,1H,Y,,Y,,2019,Natural Gas Fired Combined Cycle,Y,12.0,2009.0
21508,Cornell University,50368,Cornell University Central Heat,NY,Tompkins,CT2,OP,CT,Commercial CHP,5,15.0,12.3,14.5,NG,DFO,N,NG,DFO,,,,,Y,Y,12.3,14.5,12.3,14.5,1H,1H,Y,,Y,,2019,Natural Gas Fired Combined Cycle,Y,12.0,2009.0
9245,Indeck-Energy Serv Silver Spg,50449,Indeck Silver Springs Energy Center,NY,Wyoming,GEN1,OP,CT,IPP CHP,3,39.4,34,45.9,NG,DFO,Y,NG,DFO,,,,,Y,Y,32.6,45.9,32.6,45.9,1H,1H,Y,Y,Y,,2019,Natural Gas Fired Combined Cycle,Y,5.0,1991.0
9245,Indeck-Energy Serv Silver Spg,50449,Indeck Silver Springs Energy Center,NY,Wyoming,GEN2,OP,CA,IPP CHP,3,17.2,15.8,17.2,NG,DFO,N,,,,,,,Y,Y,15.8,17.2,15.8,17.2,1H,1H,Y,Y,Y,,2019,Natural Gas Fired Combined Cycle,Y,5.0,1991.0
9244,Indeck-Oswego Ltd Partnership,50450,Indeck Oswego Energy Center,NY,Oswego,GEN1,OP,CT,IPP CHP,3,41.2,49.8,59.3,NG,DFO,Y,NG,DFO,,,,,Y,Y,49.8,59.3,48.8,58.3,1H,1H,Y,Y,Y,,2019,Natural Gas Fired Combined Cycle,Y,6.0,1990.0
9243,Indeck-Yerkes Ltd Partnership,50451,Indeck Yerkes Energy Center,NY,Erie,GEN1,OP,CT,IPP CHP,3,40.6,48.7,57.8,NG,DFO,Y,NG,DFO,,,,,Y,Y,48.7,57.8,47.7,56.8,1H,1H,Y,Y,Y,,2019,Natural Gas Fired Combined Cycle,Y,12.0,1989.0
9263,Indeck-Corinth Ltd Partnership,50458,Indeck Corinth Energy Center,NY,Saratoga,GEN1,OP,CT,IPP CHP,3,92.0,76.1,94.4,NG,DFO,N,,,,,,,Y,Y,76.1,94.4,76.1,94.4,6H,6H,Y,Y,Y,,2019,Natural Gas Fired Combined Cycle,Y,2.0,1995.0
470,Covanta Energy of Niagara LP,50472,"Covanta Niagara I, LLC",NY,Niagara,GEN1,OP,ST,IPP CHP,3,25.0,18,18,MSW,NG,Y,NG,MSW,WDS,OTH,,,N,, , , , ,,,,,,,2019,Municipal Solid Waste,Y,8.0,1980.0
470,Covanta Energy of Niagara LP,50472,"Covanta Niagara I, LLC",NY,Niagara,GEN2,OP,ST,IPP CHP,3,25.0,18,18,MSW,NG,Y,NG,MSW,WDS,OTH,,,N,, , , , ,,,,,,,2019,Municipal Solid Waste,Y,8.0,1980.0
24202,Carr Street Generating Sta LP,50978,Carr Street Generating Station,NY,Onondaga,GEN1,OP,CT,IPP Non-CHP,2,48.8,33,40,NG,DFO,N,,,,,,,Y,Y,33,40,33,40,1H,1H,Y,Y,Y,,2019,Natural Gas Fired Combined Cycle,Y,7.0,1993.0
24202,Carr Street Generating Sta LP,50978,Carr Street Generating Station,NY,Onondaga,GEN2,OP,CT,IPP Non-CHP,2,48.8,33,40,NG,DFO,N,,,,,,,Y,Y,33,40,33,40,1H,1H,Y,Y,Y,,2019,Natural Gas Fired Combined Cycle,Y,7.0,1993.0
19153,Nassau Energy Corp,52056,Nassau Energy Corp,NY,Nassau,GT1,OP,CT,IPP CHP,3,43.0,43,45,NG,DFO,Y,NG,DFO,,,,,Y,Y,43,45,43,43,1H,1H,Y,Y,Y,,2019,Natural Gas Fired Combined Cycle,Y,3.0,1991.0
24210,Riverbay Corp,52168,Riverbay,NY,Bronx,GEN3,OP,GT,Commercial CHP,5,12.9,12.3,12.6,NG,DFO,N,,,,,,,Y,Y,12.3,12.6,12,12,6H,6H,Y,Y,Y,,2019,Natural Gas Fired Combustion Turbine,Y,3.0,2011.0
24210,Riverbay Corp,52168,Riverbay,NY,Bronx,GEN4,OP,GT,Commercial CHP,5,12.9,12.3,12.6,NG,DFO,N,,,,,,,Y,Y,12.3,12.6,12,12,6H,6H,Y,Y,Y,,2019,Natural Gas Fired Combustion Turbine,Y,3.0,2011.0
6838,Rensselaer Generating LLC,54034,Rensselaer Cogen,NY,Rensselaer,GEN1,OP,CT,IPP Non-CHP,2,49.2,47,58,NG,DFO,N,,,,,,,Y,Y,47,57,45,54,6H,6H,Y,Y,Y,,2019,Natural Gas Fired Combined Cycle,Y,4.0,1994.0
6838,Rensselaer Generating LLC,54034,Rensselaer Cogen,NY,Rensselaer,GEN2,OP,CA,IPP Non-CHP,2,39.0,33.4,30,NG,DFO,N,,,,,,,Y,Y,32.4,27,18,20,6H,6H,Y,Y,Y,,2019,Natural Gas Fired Combined Cycle,Y,4.0,1994.0
11127,Lockport Energy Associates LP,54041,Lockport Energy Associates LP,NY,Niagara,GEN1,OP,CT,IPP CHP,3,48.7,43.6,50.6,NG,DFO,Y,NG,DFO,,,,,Y,Y,42.6,48,43,49,1H,1H,Y,Y,Y,,2019,Natural Gas Fired Combined Cycle,Y,7.0,1992.0
11127,Lockport Energy Associates LP,54041,Lockport Energy Associates LP,NY,Niagara,GEN2,OP,CT,IPP CHP,3,48.7,43.6,50.6,NG,DFO,Y,NG,DFO,,,,,Y,Y,42.6,48,43,49,1H,1H,Y,Y,Y,,2019,Natural Gas Fired Combined Cycle,Y,7.0,1992.0
11127,Lockport Energy Associates LP,54041,Lockport Energy Associates LP,NY,Niagara,GEN3,OP,CT,IPP CHP,3,48.7,43.6,50.6,NG,DFO,Y,NG,DFO,,,,,Y,Y,42.6,48,43,49,1H,1H,Y,Y,Y,,2019,Natural Gas Fired Combined Cycle,Y,7.0,1992.0
9261,Indeck-Olean Ltd Partnership,54076,Indeck Olean Energy Center,NY,Cattaraugus,GEN1,OP,CT,IPP CHP,3,46.0,34.1,43.2,NG,DFO,Y,NG,DFO,,,,,Y,Y,34.1,43.2,34.1,43.2,1H,1H,Y,Y,Y,,2019,Natural Gas Fired Combined Cycle,Y,1.0,1994.0
9261,Indeck-Olean Ltd Partnership,54076,Indeck Olean Energy Center,NY,Cattaraugus,GEN2,OP,CA,IPP CHP,3,44.6,44.6,44.6,NG,DFO,N,,,,,,,Y,Y,44.6,44.6,44.6,44.6,24H,24H,Y,Y,Y,,2019,Natural Gas Fired Combined Cycle,Y,1.0,1994.0
10349,KIAC Partners,54114,Kennedy International Airport Cogen,NY,Queens,GEN1,OP,CT,IPP CHP,3,47.1,49.5,50,NG,DFO,N,,,,,,,Y,Y,49.5,50,49.5,50,1H,1H,N,,,,2019,Natural Gas Fired Combined Cycle,Y,12.0,1994.0
10349,KIAC Partners,54114,Kennedy International Airport Cogen,NY,Queens,GEN2,OP,CT,IPP CHP,3,47.1,47.6,48.6,NG,DFO,N,,,,,,,Y,Y,47.6,48.6,47.6,48.6,1H,1H,N,,,,2019,Natural Gas Fired Combined Cycle,Y,12.0,1994.0
10349,KIAC Partners,54114,Kennedy International Airport Cogen,NY,Queens,GEN3,OP,CA,IPP CHP,3,27.0,27.2,27.3,NG,DFO,N,,,,,,,Y,Y,27.2,27.3,27.2,27.3,1H,1H,N,,,,2019,Natural Gas Fired Combined Cycle,Y,1.0,1995.0
50136,North American Energy Services,54131,Fortistar North Tonawanda,NY,Niagara,GEN1,OP,CT,IPP CHP,3,48.7,39.1,48.5,NG,DFO,Y,NG,DFO,,,,,Y,Y,39,48,38,40,1H,1H,Y,Y,Y,,2019,Natural Gas Fired Combined Cycle,Y,7.0,1993.0
13587,Nissequoque Cogen Partners,54149,Stony Brook Cogen Plant,NY,Suffolk,GEN1,OP,GT,IPP CHP,3,47.0,44.5,47.1,NG,DFO,N,,,,,,,Y,Y,42,44,42,44,1H,1H,Y,Y,Y,,2019,Natural Gas Fired Combustion Turbine,Y,4.0,1995.0
15253,Power City Partners LP,54592,Massena Energy Facility,NY,St Lawrence,GEN1,OP,CT,IPP Non-CHP,2,66.5,46,56,NG,DFO,N,,,,,,,Y,Y,46,56,46,56,1H,1H,Y,,Y,,2019,Natural Gas Fired Combined Cycle,Y,7.0,1992.0
13491,New York University,54808,New York University Central Plant,NY,New York,GT1,OP,CT,Commercial CHP,5,5.5,5.5,5.5,NG,DFO,Y,NG,DFO,,,,,Y,Y,5.5,5.5,5.5,5.5,1H,1H,Y,Y,,,2019,Natural Gas Fired Combined Cycle,Y,12.0,2010.0
13491,New York University,54808,New York University Central Plant,NY,New York,GT2,OP,CT,Commercial CHP,5,5.5,5.5,5.5,NG,DFO,Y,NG,DFO,,,,,Y,Y,5.5,5.5,5.5,5.5,1H,1H,Y,Y,,,2019,Natural Gas Fired Combined Cycle,Y,12.0,2010.0
2313,Brooklyn Navy Yard Cogen PLP,54914,Brooklyn Navy Yard Cogeneration,NY,Kings,01,OP,CT,IPP CHP,3,121.0,90,110,NG,DFO,N,,,,,,,Y,Y,85,110,90,110,1H,1H,Y,,Y,,2019,Natural Gas Fired Combined Cycle,Y,3.0,1996.0
2313,Brooklyn Navy Yard Cogen PLP,54914,Brooklyn Navy Yard Cogeneration,NY,Kings,02,OP,CT,IPP CHP,3,121.0,90,110,NG,DFO,N,,,,,,,Y,Y,85,110,90,110,1H,1H,Y,,Y,,2019,Natural Gas Fired Combined Cycle,Y,3.0,1996.0
13582,NRG Astoria Gas Turbine Operations Inc,55243,Astoria Gas Turbines,NY,Queens,2-1,OP,GT,IPP Non-CHP,2,41.9,35.6,46,NG,KER,N,,,,,,,Y,Y,35.6,46,35.6,46,1H,1H,Y,,Y,,2019,Natural Gas Fired Combustion Turbine,Y,1.0,1970.0
13582,NRG Astoria Gas Turbine Operations Inc,55243,Astoria Gas Turbines,NY,Queens,2-2,OP,GT,IPP Non-CHP,2,41.9,34.2,45.8,NG,KER,N,,,,,,,Y,Y,34.2,45.8,34.2,45.8,1H,1H,Y,,Y,,2019,Natural Gas Fired Combustion Turbine,Y,1.0,1970.0
13582,NRG Astoria Gas Turbine Operations Inc,55243,Astoria Gas Turbines,NY,Queens,2-3,OP,GT,IPP Non-CHP,2,41.9,36.9,47,NG,KER,N,,,,,,,Y,Y,36.9,47,36.9,47,1H,1H,Y,,Y,,2019,Natural Gas Fired Combustion Turbine,Y,1.0,1970.0
13582,NRG Astoria Gas Turbine Operations Inc,55243,Astoria Gas Turbines,NY,Queens,2-4,OP,GT,IPP Non-CHP,2,41.9,35.1,46.6,NG,KER,N,,,,,,,Y,Y,35.1,46.6,35.1,4.6,1H,1H,Y,,Y,,2019,Natural Gas Fired Combustion Turbine,Y,1.0,1970.0
13582,NRG Astoria Gas Turbine Operations Inc,55243,Astoria Gas Turbines,NY,Queens,3-1,OP,GT,IPP Non-CHP,2,41.9,34.6,44.5,NG,KER,N,,,,,,,Y,Y,34.6,44.5,34.6,44.5,1H,1H,Y,,Y,,2019,Natural Gas Fired Combustion Turbine,Y,1.0,1970.0
13582,NRG Astoria Gas Turbine Operations Inc,55243,Astoria Gas Turbines,NY,Queens,3-2,OP,GT,IPP Non-CHP,2,41.9,35.2,45.5,NG,KER,N,,,,,,,Y,Y,35.2,45.5,35.2,45.5,1H,1H,Y,,Y,,2019,Natural Gas Fired Combustion Turbine,Y,1.0,1970.0
13582,NRG Astoria Gas Turbine Operations Inc,55243,Astoria Gas Turbines,NY,Queens,3-3,OP,GT,IPP Non-CHP,2,41.9,34.9,45.2,NG,KER,N,,,,,,,Y,Y,34.9,45.2,34.9,45.2,1H,1H,Y,,Y,,2019,Natural Gas Fired Combustion Turbine,Y,1.0,1970.0
13582,NRG Astoria Gas Turbine Operations Inc,55243,Astoria Gas Turbines,NY,Queens,3-4,OP,GT,IPP Non-CHP,2,41.9,36.1,46.6,NG,KER,N,,,,,,,Y,Y,36.1,46.6,36.1,46.6,1H,1H,Y,,Y,,2019,Natural Gas Fired Combustion Turbine,Y,1.0,1970.0
13582,NRG Astoria Gas Turbine Operations Inc,55243,Astoria Gas Turbines,NY,Queens,4-1,OP,GT,IPP Non-CHP,2,41.9,31.9,44.8,NG,KER,N,,,,,,,Y,Y,31.9,44.8,31.9,44.8,1H,1H,Y,,Y,,2019,Natural Gas Fired Combustion Turbine,Y,1.0,1970.0
13582,NRG Astoria Gas Turbine Operations Inc,55243,Astoria Gas Turbines,NY,Queens,4-2,OP,GT,IPP Non-CHP,2,41.9,33.5,42.8,NG,KER,N,,,,,,,Y,Y,33.5,42.8,33.5,42.8,1H,1H,Y,,Y,,2019,Natural Gas Fired Combustion Turbine,Y,1.0,1970.0
13582,NRG Astoria Gas Turbine Operations Inc,55243,Astoria Gas Turbines,NY,Queens,4-3,OP,GT,IPP Non-CHP,2,41.9,34.1,44.6,NG,KER,N,,,,,,,Y,Y,34.1,44.6,34.1,44.6,1H,1H,Y,,Y,,2019,Natural Gas Fired Combustion Turbine,Y,1.0,1970.0
13582,NRG Astoria Gas Turbine Operations Inc,55243,Astoria Gas Turbines,NY,Queens,4-4,OP,GT,IPP Non-CHP,2,41.9,33.3,44,NG,KER,N,,,,,,,Y,Y,33.3,44,33.3,44,1H,1H,Y,,Y,,2019,Natural Gas Fired Combustion Turbine,Y,1.0,1970.0
22979,Astoria Energy LLC,55375,Astoria Energy,NY,Queens,CT1,OP,CT,IPP Non-CHP,2,170.0,165,189,NG,DFO,N,,,,,,,Y,N,165,189,165,189,1H,1H,Y,Y,Y,,2019,Natural Gas Fired Combined Cycle,Y,5.0,2006.0
22979,Astoria Energy LLC,55375,Astoria Energy,NY,Queens,CT2,OP,CT,IPP Non-CHP,2,170.0,165,189,NG,DFO,N,,,,,,,Y,N,165,189,165,189,1H,1H,Y,Y,Y,,2019,Natural Gas Fired Combined Cycle,Y,5.0,2006.0
49845,"Equus Power I, L.P.,",56032,Equus Freeport Power,NY,Nassau,0001,OP,GT,IPP Non-CHP,2,60.0,46.2,46.2,NG,KER,N,,,,,,,Y,N,46.2,46.2,46.2,46.2,1H,1H,Y,,,Y,2019,Natural Gas Fired Combustion Turbine,Y,6.0,2004.0
49845,"Equus Power I, L.P.,",56032,Equus Freeport Power,NY,Nassau,001,OP,GT,IPP Non-CHP,2,60.0,48.1,49.7,NG,KER,N,,,,,,,Y,N,48.1,49.7,48.1,49.7,1H,1H,Y,Y,,,2019,Natural Gas Fired Combustion Turbine,Y,6.0,2004.0
49837,Pinelawn Power LLC,56188,Pinelawn Power LLC,NY,Suffolk,CTG,OP,CT,IPP Non-CHP,2,50.0,47,47,NG,KER,N,,,,,,,Y,N,47,47,47,47,1H,1H,Y,Y,Y,Y,2019,Natural Gas Fired Combined Cycle,Y,7.0,2005.0
15296,New York Power Authority,56196,500MW CC,NY,Queens,CT01,OP,CT,Electric Utility,1,170.0,153.3,192.7,NG,DFO,N,,,,,,,Y,N,153.3,192.7,153.3,192.7,1H,1H,Y,,,Y,2019,Natural Gas Fired Combined Cycle,Y,12.0,2005.0
15296,New York Power Authority,56196,500MW CC,NY,Queens,CT02,OP,CT,Electric Utility,1,170.0,153.3,192.7,NG,DFO,N,,,,,,,Y,N,153.3,192.7,153.3,192.7,1H,1H,Y,,,Y,2019,Natural Gas Fired Combined Cycle,Y,12.0,2005.0
49950,"Caithness Long Island, LLC",56234,Caithness Long Island Energy Center,NY,Suffolk,CT01,OP,CT,IPP Non-CHP,2,196.2,179.9,232.9,NG,DFO,N,,,,,,,Y,Y,175,220,175,200,6H,6H,Y,Y,Y,,2019,Natural Gas Fired Combined Cycle,Y,8.0,2009.0
56480,Empire Generating Co LLC,56259,Empire Generating Co LLC,NY,Rensselaer,CT11,OP,CT,IPP CHP,3,179.0,155,190,NG,DFO,N,,,,,,,Y,Y,155,190,155,190,1H,1H,Y,,Y,Y,2019,Natural Gas Fired Combined Cycle,Y,9.0,2010.0
56480,Empire Generating Co LLC,56259,Empire Generating Co LLC,NY,Rensselaer,CT12,OP,CT,IPP CHP,3,179.0,155,190,NG,DFO,N,,,,,,,Y,Y,155,190,155,190,1H,1H,Y,,Y,Y,2019,Natural Gas Fired Combined Cycle,Y,9.0,2010.0
56204,"CPV Valley, LLC",56940,CPV Valley Energy Center,NY,Orange,CTG1,OP,CT,IPP Non-CHP,2,235.0,187.4,222.2,NG,DFO,N,,,,,,,Y,Y,187.4,222.2,180,190.4,1H,1H,Y,Y,Y,,2019,Natural Gas Fired Combined Cycle,Y,5.0,2018.0
56204,"CPV Valley, LLC",56940,CPV Valley Energy Center,NY,Orange,CTG2,OP,CT,IPP Non-CHP,2,235.0,187.4,222.2,NG,DFO,N,,,,,,,Y,Y,187.4,222.2,180,192.4,1H,1H,Y,Y,Y,,2019,Natural Gas Fired Combined Cycle,Y,5.0,2018.0
60545,"City of Auburn, New York",57636,Auburn LFG Energy Facility,NY,Cayuga,1,OS,IC,IPP Non-CHP,2,1.1,1.1,1.1,LFG,NG,Y,NG,LFG,,,,,N,, , , , ,,,,,,,2019,Landfill Gas,Y,1.0,2010.0
60545,"City of Auburn, New York",57636,Auburn LFG Energy Facility,NY,Cayuga,3,OS,IC,IPP Non-CHP,2,1.1,1.1,1.1,LFG,NG,Y,NG,LFG,,,,,N,, , , , ,,,,,,,2019,Landfill Gas,Y,1.0,2010.0
56991,Astoria Energy II LLC,57664,Astoria Energy II,NY,Queens,CT3,OP,CT,IPP Non-CHP,2,200.0,156,188,NG,DFO,N,,,,,,,Y,Y,156,188,156,188,1H,1H,Y,Y,Y,,2019,Natural Gas Fired Combined Cycle,Y,7.0,2011.0
56991,Astoria Energy II LLC,57664,Astoria Energy II,NY,Queens,CT4,OP,CT,IPP Non-CHP,2,200.0,156,188,NG,DFO,N,,,,,,,Y,Y,156,188,156,188,1H,1H,Y,Y,Y,,2019,Natural Gas Fired Combined Cycle,Y,7.0,2011.0
58107,University of Rochester,58157,University of Rochester,NY,Monroe,HP,OP,ST,Commercial CHP,5,18.2,17,17,NG,DFO,N,,,,,,,Y,N,16,17,17,17,1H,6H,Y,Y,Y,,2019,Natural Gas Steam Turbine,Y,10.0,2005.0
58107,University of Rochester,58157,University of Rochester,NY,Monroe,LP,OP,ST,Commercial CHP,5,7.2,7.2,7.2,NG,DFO,N,,,,,,,Y,N,7,7,7,7,1H,6H,Y,Y,Y,,2019,Natural Gas Steam Turbine,Y,10.0,2005.0
58487,Montefiore Medical Center Moses Division,58507,Montefieor Medical Center Moses Division,NY,Bronx,ES006,OP,GT,Commercial CHP,5,5.3,4.8,4.8,NG,DFO,,,,,,,,Y,Y,3.5,3.5,3.5,3.5,6H,6H,N,,,,2019,Natural Gas Fired Combustion Turbine,Y,1.0,2002.0
58487,Montefiore Medical Center Moses Division,58507,Montefieor Medical Center Moses Division,NY,Bronx,S0001,OP,IC,Commercial CHP,5,1.6,1.2,1.2,NG,DFO,,,,,,,,Y,Y,1.2,1.2,1.2,1.2,6H,6H,N,,,,2019,Natural Gas Internal Combustion Engine,Y,1.0,1994.0
58487,Montefiore Medical Center Moses Division,58507,Montefieor Medical Center Moses Division,NY,Bronx,S0002,OP,IC,Commercial CHP,5,1.6,1.2,1.2,NG,DFO,,,,,,,,Y,Y,1.2,1.2,1.2,1.2,6H,6H,N,,,,2019,Natural Gas Internal Combustion Engine,Y,1.0,1994.0
58487,Montefiore Medical Center Moses Division,58507,Montefieor Medical Center Moses Division,NY,Bronx,S0003,OP,IC,Commercial CHP,5,1.6,1.2,1.2,NG,DFO,,,,,,,,Y,Y,1.2,1.2,1.2,1.2,6H,6H,N,,,,2019,Natural Gas Internal Combustion Engine,Y,1.0,1994.0
58971,Danskammer Energy,2480,Danskammer Generating Station,NY,Orange,1,OP,ST,IPP Non-CHP,2,72.0,70.7,68.2,NG,RFO,Y,RFO,NG,,,,,Y,Y,68,68,66,66,1H,1H,N,,,,2020,Natural Gas Steam Turbine,Y,12.0,1951.0
58971,Danskammer Energy,2480,Danskammer Generating Station,NY,Orange,2,OP,ST,IPP Non-CHP,2,73.5,65.7,65.5,NG,RFO,Y,RFO,NG,,,,,Y,Y,65.7,65.5,65,65,1H,1H,N,,,,2020,Natural Gas Steam Turbine,Y,9.0,1954.0
3249,Central Hudson Gas & Elec Corp,2487,West Coxsackie,NY,Greene,GT1,OP,GT,Electric Utility,1,21.3,20.2,24.8,NG,KER,N,,,,,,,Y,Y,19.6,19.6,19.6,19.6,1H,1H,Y,,Y,,2020,Natural Gas Fired Combustion Turbine,Y,12.0,1969.0
4226,Consolidated Edison Co-NY Inc,2493,East River,NY,New York,1,OP,GT,Electric Utility,1,180.0,152.8,194.5,NG,KER,N,,,,,,,Y,N,152.3,195.8,143.8,182.8,UNK,UNK,Y,,Y,,2020,Natural Gas Fired Combustion Turbine,Y,4.0,2005.0
4226,Consolidated Edison Co-NY Inc,2493,East River,NY,New York,2,OP,GT,Electric Utility,1,180.0,153.9,197.9,NG,KER,N,,,,,,,Y,N,149.1,193.7,148.3,182.8,72H,UNK,Y,,Y,,2020,Natural Gas Fired Combustion Turbine,Y,4.0,2005.0
4226,Consolidated Edison Co-NY Inc,2493,East River,NY,New York,6,OP,ST,Electric Utility,1,156.2,146.1,151.3,NG,DFO,Y,NG,DFO,,,,,Y,Y,143.1,142.8,130,140,6H,6H,Y,,,Y,2020,Natural Gas Steam Turbine,Y,11.0,1951.0
4226,Consolidated Edison Co-NY Inc,2493,East River,NY,New York,7,OP,ST,Electric Utility,1,200.0,186.8,188.9,NG,DFO,Y,NG,DFO,,,,,Y,Y,185.6,184.1,170,185,6H,6H,Y,,,Y,2020,Natural Gas Steam Turbine,Y,6.0,1955.0
54863,U S Power Generating Company LLC,2494,Gowanus Gas Turbines Generating,NY,Kings,GT21,OP,GT,IPP Non-CHP,2,20.0,17.7,22.4,NG,DFO,Y,NG,DFO,,,,,Y,Y,17,22.5,17,22.5,1H,1H,Y,,Y,,2020,Natural Gas Fired Combustion Turbine,Y,6.0,1971.0
54863,U S Power Generating Company LLC,2494,Gowanus Gas Turbines Generating,NY,Kings,GT22,OP,GT,IPP Non-CHP,2,20.0,15.2,24.6,NG,DFO,Y,NG,DFO,,,,,Y,Y,15.2,24.1,15.2,24.1,1H,1H,Y,,Y,,2020,Natural Gas Fired Combustion Turbine,Y,6.0,1971.0
54863,U S Power Generating Company LLC,2494,Gowanus Gas Turbines Generating,NY,Kings,GT23,OP,GT,IPP Non-CHP,2,20.0,19.1,24.9,NG,DFO,Y,NG,DFO,,,,,Y,Y,19.1,24.9,19.1,24.9,1H,1H,Y,,Y,,2020,Natural Gas Fired Combustion Turbine,Y,6.0,1971.0
54863,U S Power Generating Company LLC,2494,Gowanus Gas Turbines Generating,NY,Kings,GT24,OP,GT,IPP Non-CHP,2,20.0,17.1,22.8,NG,DFO,Y,NG,DFO,,,,,Y,Y,17.3,23.1,17.3,23.1,1H,1H,Y,,Y,,2020,Natural Gas Fired Combustion Turbine,Y,6.0,1971.0
54863,U S Power Generating Company LLC,2494,Gowanus Gas Turbines Generating,NY,Kings,GT25,OP,GT,IPP Non-CHP,2,20.0,17.7,23.3,NG,DFO,Y,NG,DFO,,,,,Y,Y,18,23.4,18,23.4,1H,1H,Y,,Y,,2020,Natural Gas Fired Combustion Turbine,Y,6.0,1971.0
54863,U S Power Generating Company LLC,2494,Gowanus Gas Turbines Generating,NY,Kings,GT26,OP,GT,IPP Non-CHP,2,20.0,19.5,24.3,NG,DFO,Y,NG,DFO,,,,,Y,Y,19.5,24.9,19.5,24.9,1H,1H,Y,,Y,,2020,Natural Gas Fired Combustion Turbine,Y,6.0,1971.0
54863,U S Power Generating Company LLC,2494,Gowanus Gas Turbines Generating,NY,Kings,GT27,OP,GT,IPP Non-CHP,2,20.0,19,24.6,NG,DFO,Y,NG,DFO,,,,,Y,Y,19.1,24.7,19.1,24.7,1H,1H,Y,,Y,,2020,Natural Gas Fired Combustion Turbine,Y,6.0,1971.0
54863,U S Power Generating Company LLC,2494,Gowanus Gas Turbines Generating,NY,Kings,GT28,OP,GT,IPP Non-CHP,2,20.0,17,23.1,NG,DFO,Y,NG,DFO,,,,,Y,Y,17.7,22.9,17.7,22.9,1H,1H,Y,,Y,,2020,Natural Gas Fired Combustion Turbine,Y,6.0,1971.0
54863,U S Power Generating Company LLC,2494,Gowanus Gas Turbines Generating,NY,Kings,GT31,OP,GT,IPP Non-CHP,2,20.0,16.4,22.2,NG,DFO,Y,NG,DFO,,,,,Y,Y,16.9,21.9,16.9,21.9,1H,1H,Y,,Y,,2020,Natural Gas Fired Combustion Turbine,Y,7.0,1971.0
54863,U S Power Generating Company LLC,2494,Gowanus Gas Turbines Generating,NY,Kings,GT32,OP,GT,IPP Non-CHP,2,20.0,16.8,22.8,NG,DFO,Y,NG,DFO,,,,,Y,Y,17.1,22.6,17.1,22.6,1H,1H,Y,,Y,,2020,Natural Gas Fired Combustion Turbine,Y,7.0,1971.0
54863,U S Power Generating Company LLC,2494,Gowanus Gas Turbines Generating,NY,Kings,GT33,OP,GT,IPP Non-CHP,2,20.0,18,24.4,NG,DFO,Y,NG,DFO,,,,,Y,Y,18,23.8,18,23.8,1H,1H,Y,,Y,,2020,Natural Gas Fired Combustion Turbine,Y,7.0,1971.0
54863,U S Power Generating Company LLC,2494,Gowanus Gas Turbines Generating,NY,Kings,GT34,OP,GT,IPP Non-CHP,2,20.0,15.9,22,NG,DFO,Y,NG,DFO,,,,,Y,Y,16.2,21.4,16.2,21.4,1H,1H,Y,,Y,,2020,Natural Gas Fired Combustion Turbine,Y,7.0,1971.0
54863,U S Power Generating Company LLC,2494,Gowanus Gas Turbines Generating,NY,Kings,GT35,OP,GT,IPP Non-CHP,2,20.0,17.3,22.1,NG,DFO,Y,NG,DFO,,,,,Y,Y,17.3,22.8,17.3,22.8,1H,1H,Y,,Y,,2020,Natural Gas Fired Combustion Turbine,Y,7.0,1971.0
54863,U S Power Generating Company LLC,2494,Gowanus Gas Turbines Generating,NY,Kings,GT36,OP,GT,IPP Non-CHP,2,20.0,15.4,21,NG,DFO,Y,NG,DFO,,,,,Y,Y,15.5,21,15.5,21,1H,1H,Y,,Y,,2020,Natural Gas Fired Combustion Turbine,Y,7.0,1971.0
54863,U S Power Generating Company LLC,2494,Gowanus Gas Turbines Generating,NY,Kings,GT37,OP,GT,IPP Non-CHP,2,20.0,17.9,24.3,NG,DFO,Y,NG,DFO,,,,,Y,Y,18.1,23.9,18.1,23.9,1H,1H,Y,,Y,,2020,Natural Gas Fired Combustion Turbine,Y,7.0,1971.0
54863,U S Power Generating Company LLC,2494,Gowanus Gas Turbines Generating,NY,Kings,GT38,OP,GT,IPP Non-CHP,2,20.0,17.8,24,NG,DFO,Y,NG,DFO,,,,,Y,Y,16.9,23.9,16.9,23.9,1H,1H,Y,,Y,,2020,Natural Gas Fired Combustion Turbine,Y,7.0,1971.0
54863,U S Power Generating Company LLC,2499,Narrows Gas Turbines Generating,NY,Kings,NT11,OP,GT,IPP Non-CHP,2,22.0,19.7,24.2,NG,DFO,Y,NG,DFO,,,,,Y,Y,19.3,24.9,19.3,24.9,1H,1H,Y,,Y,,2020,Natural Gas Fired Combustion Turbine,Y,5.0,1972.0
54863,U S Power Generating Company LLC,2499,Narrows Gas Turbines Generating,NY,Kings,NT12,OP,GT,IPP Non-CHP,2,22.0,17.4,23.7,NG,DFO,Y,NG,DFO,,,,,Y,Y,17.1,23.8,17.1,23.8,1H,1H,Y,,Y,,2020,Natural Gas Fired Combustion Turbine,Y,5.0,1972.0
54863,U S Power Generating Company LLC,2499,Narrows Gas Turbines Generating,NY,Kings,NT13,OP,GT,IPP Non-CHP,2,22.0,18.1,24,NG,DFO,Y,NG,DFO,,,,,Y,Y,18.3,24.9,18.3,24.9,1H,1H,Y,,Y,,2020,Natural Gas Fired Combustion Turbine,Y,5.0,1972.0
54863,U S Power Generating Company LLC,2499,Narrows Gas Turbines Generating,NY,Kings,NT14,OP,GT,IPP Non-CHP,2,22.0,18.5,24.7,NG,DFO,Y,NG,DFO,,,,,Y,Y,18.8,24.9,18.8,24.9,1H,1H,Y,,Y,,2020,Natural Gas Fired Combustion Turbine,Y,5.0,1972.0
54863,U S Power Generating Company LLC,2499,Narrows Gas Turbines Generating,NY,Kings,NT15,OP,GT,IPP Non-CHP,2,22.0,19.8,24.9,NG,DFO,Y,NG,DFO,,,,,Y,Y,19.9,24.9,19.9,24.9,1H,1H,Y,,Y,,2020,Natural Gas Fired Combustion Turbine,Y,5.0,1972.0
54863,U S Power Generating Company LLC,2499,Narrows Gas Turbines Generating,NY,Kings,NT16,OP,GT,IPP Non-CHP,2,22.0,16.5,21.7,NG,DFO,Y,NG,DFO,,,,,Y,Y,16.5,22.2,16.5,22.2,1H,1H,Y,,Y,,2020,Natural Gas Fired Combustion Turbine,Y,5.0,1972.0
54863,U S Power Generating Company LLC,2499,Narrows Gas Turbines Generating,NY,Kings,NT17,OP,GT,IPP Non-CHP,2,22.0,19.7,24.6,NG,DFO,Y,NG,DFO,,,,,Y,Y,19.4,24.9,19.4,24.9,1H,1H,Y,,Y,,2020,Natural Gas Fired Combustion Turbine,Y,5.0,1972.0
54863,U S Power Generating Company LLC,2499,Narrows Gas Turbines Generating,NY,Kings,NT18,OP,GT,IPP Non-CHP,2,22.0,17.1,23.6,NG,DFO,Y,NG,DFO,,,,,Y,Y,17.5,23.2,17.5,23.2,1H,1H,Y,,Y,,2020,Natural Gas Fired Combustion Turbine,Y,5.0,1972.0
54863,U S Power Generating Company LLC,2499,Narrows Gas Turbines Generating,NY,Kings,NT21,OP,GT,IPP Non-CHP,2,22.0,18.8,24.8,NG,DFO,Y,NG,DFO,,,,,Y,Y,19.2,24.8,19.2,24.8,1H,1H,Y,,Y,,2020,Natural Gas Fired Combustion Turbine,Y,6.0,1972.0
54863,U S Power Generating Company LLC,2499,Narrows Gas Turbines Generating,NY,Kings,NT22,OP,GT,IPP Non-CHP,2,22.0,16.3,22.4,NG,DFO,Y,NG,DFO,,,,,Y,Y,16.4,22.9,16.4,22.9,1H,1H,Y,,Y,,2020,Natural Gas Fired Combustion Turbine,Y,6.0,1972.0
54863,U S Power Generating Company LLC,2499,Narrows Gas Turbines Generating,NY,Kings,NT23,OP,GT,IPP Non-CHP,2,22.0,17.9,23.3,NG,DFO,Y,NG,DFO,,,,,Y,Y,17.5,23.8,17.5,23.8,1H,1H,Y,,Y,,2020,Natural Gas Fired Combustion Turbine,Y,6.0,1972.0
54863,U S Power Generating Company LLC,2499,Narrows Gas Turbines Generating,NY,Kings,NT24,OP,GT,IPP Non-CHP,2,22.0,18.1,24.9,NG,DFO,Y,NG,DFO,,,,,Y,Y,17.9,24.2,17.9,24.2,1H,1H,Y,,Y,,2020,Natural Gas Fired Combustion Turbine,Y,6.0,1972.0
54863,U S Power Generating Company LLC,2499,Narrows Gas Turbines Generating,NY,Kings,NT25,OP,GT,IPP Non-CHP,2,22.0,18.2,24.2,NG,DFO,Y,NG,DFO,,,,,Y,Y,18.1,24.4,18.1,24.4,1H,1H,Y,,Y,,2020,Natural Gas Fired Combustion Turbine,Y,6.0,1972.0
54863,U S Power Generating Company LLC,2499,Narrows Gas Turbines Generating,NY,Kings,NT26,OP,GT,IPP Non-CHP,2,22.0,15.8,22,NG,DFO,Y,NG,DFO,,,,,Y,Y,16.3,21.9,16.3,21.9,1H,1H,Y,,Y,,2020,Natural Gas Fired Combustion Turbine,Y,6.0,1972.0
54863,U S Power Generating Company LLC,2499,Narrows Gas Turbines Generating,NY,Kings,NT27,OP,GT,IPP Non-CHP,2,22.0,18.9,24.6,NG,DFO,Y,NG,DFO,,,,,Y,Y,18.5,24.9,18.5,24.9,1H,1H,Y,,Y,,2020,Natural Gas Fired Combustion Turbine,Y,6.0,1972.0
54863,U S Power Generating Company LLC,2499,Narrows Gas Turbines Generating,NY,Kings,NT28,OP,GT,IPP Non-CHP,2,22.0,15.7,22.3,NG,DFO,Y,NG,DFO,,,,,Y,Y,16.3,21.9,16.3,21.9,1H,1H,Y,,Y,,2020,Natural Gas Fired Combustion Turbine,Y,6.0,1972.0
61130,"Helix Ravenswood, LLC",2500,Ravenswood,NY,Queens,1,OP,ST,IPP Non-CHP,2,400.0,370.8,375,NG,DFO,Y,NG,RFO,,,,,Y,Y,370.8,372.8,368,368,6H,6H,Y,,Y,,2020,Natural Gas Steam Turbine,Y,2.0,1963.0
61130,"Helix Ravenswood, LLC",2500,Ravenswood,NY,Queens,2,OP,ST,IPP Non-CHP,2,400.0,377.5,378.5,NG,DFO,Y,NG,RFO,,,,,Y,Y,377.5,375.3,372.5,375,6H,6H,Y,,Y,,2020,Natural Gas Steam Turbine,Y,5.0,1963.0
61130,"Helix Ravenswood, LLC",2500,Ravenswood,NY,Queens,3,OP,ST,IPP Non-CHP,2,1027.0,988.5,989.5,NG,DFO,Y,NG,RFO,,,,,Y,Y,988.5,977.8,973,974.2,6H,6H,Y,,Y,,2020,Natural Gas Steam Turbine,Y,6.0,1965.0
61130,"Helix Ravenswood, LLC",2500,Ravenswood,NY,Queens,4,OP,CT,IPP Non-CHP,2,181.0,169.7,164.2,NG,KER,N,,,,,,,Y,Y,169.7,164.2,169.7,164.2,6H,6H,Y,Y,Y,,2020,Natural Gas Fired Combined Cycle,Y,12.0,2003.0
61130,"Helix Ravenswood, LLC",2500,Ravenswood,NY,Queens,4S,OP,CA,IPP Non-CHP,2,87.5,79.1,82.7,NG,KER,N,,,,,,,Y,Y,79.1,82.7,79.1,82.7,6H,6H,Y,Y,Y,,2020,Natural Gas Fired Combined Cycle,Y,12.0,2003.0
61130,"Helix Ravenswood, LLC",2500,Ravenswood,NY,Queens,GT10,OP,GT,IPP Non-CHP,2,25.0,16.5,21.8,NG,KER,N,,,,,,,Y,Y,16.5,21.8,16.5,21.8,1H,1H,Y,Y,Y,,2020,Natural Gas Fired Combustion Turbine,Y,7.0,1969.0
61130,"Helix Ravenswood, LLC",2500,Ravenswood,NY,Queens,GT11,OP,GT,IPP Non-CHP,2,25.0,16.4,22.2,NG,KER,N,,,,,,,Y,Y,16.4,22.4,16.4,22.4,1H,1H,Y,Y,Y,,2020,Natural Gas Fired Combustion Turbine,Y,6.0,1969.0
61130,"Helix Ravenswood, LLC",2500,Ravenswood,NY,Queens,GT21,OS,GT,IPP Non-CHP,2,42.9,30.6,41.7,NG,KER,N,,,,,,,Y,Y,30.6,41.7,30.6,41.7,1H,1H,Y,Y,Y,,2020,Natural Gas Fired Combustion Turbine,Y,6.0,1969.0
61130,"Helix Ravenswood, LLC",2500,Ravenswood,NY,Queens,GT22,OS,GT,IPP Non-CHP,2,42.9,32,41.9,NG,KER,N,,,,,,,Y,Y,32,41.9,32,41.9,1H,1H,Y,Y,Y,,2020,Natural Gas Fired Combustion Turbine,Y,6.0,1969.0
61130,"Helix Ravenswood, LLC",2500,Ravenswood,NY,Queens,GT23,OS,GT,IPP Non-CHP,2,42.9,30.7,37.3,NG,KER,N,,,,,,,Y,Y,30.7,37.3,30.7,37.3,1H,1H,Y,Y,Y,,2020,Natural Gas Fired Combustion Turbine,Y,6.0,1969.0
61130,"Helix Ravenswood, LLC",2500,Ravenswood,NY,Queens,GT24,OS,GT,IPP Non-CHP,2,42.9,30.9,41.6,NG,KER,N,,,,,,,Y,Y,30.9,41.6,30.9,41.6,1H,1H,Y,Y,Y,,2020,Natural Gas Fired Combustion Turbine,Y,6.0,1969.0
61130,"Helix Ravenswood, LLC",2500,Ravenswood,NY,Queens,GT31,OS,GT,IPP Non-CHP,2,42.9,30.7,40.8,NG,KER,N,,,,,,,Y,Y,30.7,40.8,30.7,40.8,1H,1H,Y,Y,Y,,2020,Natural Gas Fired Combustion Turbine,Y,6.0,1969.0
61130,"Helix Ravenswood, LLC",2500,Ravenswood,NY,Queens,GT32,OS,GT,IPP Non-CHP,2,42.9,29.7,40.3,NG,KER,N,,,,,,,Y,Y,29.7,40.3,29.7,40.3,1H,1H,Y,Y,Y,,2020,Natural Gas Fired Combustion Turbine,Y,6.0,1969.0
61130,"Helix Ravenswood, LLC",2500,Ravenswood,NY,Queens,GT34,OS,GT,IPP Non-CHP,2,42.9,29.8,40.8,NG,KER,N,,,,,,,Y,Y,29.8,40.8,29.8,40.8,1H,1H,Y,Y,Y,,2020,Natural Gas Fired Combustion Turbine,Y,6.0,1969.0
4226,Consolidated Edison Co-NY Inc,2503,59th Street,NY,New York,GT1,OP,GT,Electric Utility,1,17.1,15.6,19.5,NG,KER,N,,,,,,,Y,N,14.4,20.8,14.4,20.8,UNK,UNK,N,,,,2020,Natural Gas Fired Combustion Turbine,Y,6.0,1969.0
56505,National Grid Generation LLC,2511,E F Barrett,NY,Nassau,10,OP,GT,Electric Utility,1,41.8,40.6,50,NG,DFO,N,,,,,,,Y,Y,40.6,50,40.6,50,1H,1H,N,,,,2020,Natural Gas Fired Combustion Turbine,Y,6.0,1971.0
56505,National Grid Generation LLC,2511,E F Barrett,NY,Nassau,11,OP,GT,Electric Utility,1,41.8,40.1,50.5,NG,DFO,N,,,,,,,Y,Y,40.1,50.5,40.1,50.5,1H,1H,N,,,,2020,Natural Gas Fired Combustion Turbine,Y,6.0,1971.0
56505,National Grid Generation LLC,2511,E F Barrett,NY,Nassau,12,OP,GT,Electric Utility,1,41.8,40.9,48.7,NG,DFO,N,,,,,,,Y,Y,40.9,48.7,40.9,48.7,1H,1H,N,,,,2020,Natural Gas Fired Combustion Turbine,Y,6.0,1971.0
56505,National Grid Generation LLC,2511,E F Barrett,NY,Nassau,3,OP,GT,Electric Utility,1,18.0,17.7,20.2,NG,DFO,N,,,,,,,Y,Y,17.7,20.2,17.7,20.2,1H,1H,N,,,,2020,Natural Gas Fired Combustion Turbine,Y,6.0,1970.0
56505,National Grid Generation LLC,2511,E F Barrett,NY,Nassau,4,OP,GT,Electric Utility,1,18.0,16.8,20.5,NG,DFO,N,,,,,,,Y,Y,16.8,20.5,16.8,20.5,1H,1H,N,,,,2020,Natural Gas Fired Combustion Turbine,Y,7.0,1970.0
56505,National Grid Generation LLC,2511,E F Barrett,NY,Nassau,5,OP,GT,Electric Utility,1,18.0,17.6,20.1,NG,DFO,N,,,,,,,Y,Y,17.6,20.1,17.6,20.1,1H,1H,N,,,,2020,Natural Gas Fired Combustion Turbine,Y,7.0,1970.0
56505,National Grid Generation LLC,2511,E F Barrett,NY,Nassau,6,OP,GT,Electric Utility,1,18.0,16.4,19.9,NG,DFO,N,,,,,,,Y,Y,16.4,19.9,16.4,19.9,1H,1H,N,,,,2020,Natural Gas Fired Combustion Turbine,Y,7.0,1970.0
56505,National Grid Generation LLC,2511,E F Barrett,NY,Nassau,8,OP,GT,Electric Utility,1,18.0,15.1,15.2,NG,DFO,N,,,,,,,Y,Y,15.1,15.2,15.1,15.2,1H,1H,N,,,,2020,Natural Gas Fired Combustion Turbine,Y,7.0,1970.0
56505,National Grid Generation LLC,2511,E F Barrett,NY,Nassau,9,OP,GT,Electric Utility,1,41.8,41.2,49.2,NG,DFO,N,,,,,,,Y,Y,41.2,49.2,41.2,49.2,1H,1H,N,,,,2020,Natural Gas Fired Combustion Turbine,Y,6.0,1971.0
56505,National Grid Generation LLC,2511,E F Barrett,NY,Nassau,GT1,OP,GT,Electric Utility,1,18.0,17.4,20.5,NG,DFO,N,,,,,,,Y,Y,17.4,20.5,17.4,20.5,1H,1H,N,,,,2020,Natural Gas Fired Combustion Turbine,Y,6.0,1970.0
56505,National Grid Generation LLC,2511,E F Barrett,NY,Nassau,GT2,OP,GT,Electric Utility,1,18.0,17.6,20.4,NG,DFO,N,,,,,,,Y,Y,17.6,20.4,17.6,20.4,1H,1H,N,,,,2020,Natural Gas Fired Combustion Turbine,Y,6.0,1970.0
56505,National Grid Generation LLC,2511,E F Barrett,NY,Nassau,ST1,OP,ST,Electric Utility,1,188.0,194.2,199.5,NG,RFO,Y,NG,RFO,,,,,Y,Y,194.2,199.5,194.2,199.5,6H,6H,Y,Y,,,2020,Natural Gas Steam Turbine,Y,11.0,1956.0
56505,National Grid Generation LLC,2511,E F Barrett,NY,Nassau,ST2,OP,ST,Electric Utility,1,188.0,178,190.5,NG,RFO,Y,NG,RFO,,,,,Y,Y,178,190.5,178,190.5,6H,6H,Y,Y,,,2020,Natural Gas Steam Turbine,Y,10.0,1963.0
56505,National Grid Generation LLC,2516,Northport,NY,Suffolk,2,OP,ST,Electric Utility,1,387.0,398,399,NG,RFO,Y,NG,RFO,,,,,Y,Y,398,399,398,399,6H,6H,N,,,,2020,Natural Gas Steam Turbine,Y,6.0,1968.0
56505,National Grid Generation LLC,2516,Northport,NY,Suffolk,3,OP,ST,Electric Utility,1,387.0,398.5,394.2,NG,RFO,Y,NG,RFO,,,,,Y,Y,398.5,394.2,398.5,394.2,6H,6H,N,,,,2020,Natural Gas Steam Turbine,Y,7.0,1972.0
56505,National Grid Generation LLC,2516,Northport,NY,Suffolk,4,OP,ST,Electric Utility,1,387.0,398,396.5,NG,RFO,Y,NG,RFO,,,,,Y,Y,398,396.5,398,396.5,6H,6H,N,,,,2020,Natural Gas Steam Turbine,Y,12.0,1977.0
56505,National Grid Generation LLC,2516,Northport,NY,Suffolk,ST1,OP,ST,Electric Utility,1,387.0,397.7,396.2,NG,RFO,Y,NG,RFO,,,,,Y,Y,397.7,396.2,397.7,396.2,6H,6H,N,,,,2020,Natural Gas Steam Turbine,Y,7.0,1967.0
56505,National Grid Generation LLC,2517,Port Jefferson,NY,Suffolk,3,OP,ST,Electric Utility,1,188.0,192,189.2,NG,RFO,Y,NG,RFO,,,,,Y,Y,192,189.2,192,189.2,6H,6H,N,,,,2020,Natural Gas Steam Turbine,Y,11.0,1958.0
56505,National Grid Generation LLC,2517,Port Jefferson,NY,Suffolk,4,OP,ST,Electric Utility,1,188.0,193,194.7,NG,RFO,Y,NG,RFO,,,,,Y,Y,193,194.7,193,194.7,6H,6H,N,,,,2020,Natural Gas Steam Turbine,Y,11.0,1960.0
56505,National Grid Generation LLC,2517,Port Jefferson,NY,Suffolk,GT2,OP,GT,Electric Utility,1,53.0,42.6,46.7,NG,KER,N,,,,,,,Y,N,42.6,46.7,42.6,46.7,1H,1H,Y,,Y,,2020,Natural Gas Fired Combustion Turbine,Y,7.0,2002.0
56505,National Grid Generation LLC,2517,Port Jefferson,NY,Suffolk,GT3,OP,GT,Electric Utility,1,53.0,40.1,47.1,NG,KER,N,,,,,,,Y,N,40.1,47.1,40.1,47.1,1H,1H,Y,,Y,,2020,Natural Gas Fired Combustion Turbine,Y,7.0,2002.0
25,Greenidge Generation Holdings LLC,2527,Greenidge Generation LLC,NY,Yates,4,OP,ST,IPP Non-CHP,2,112.0,104.5,106.3,NG,WDS,Y,NG,WDS,,,,,N,, , , , ,,,,,,,2020,Natural Gas Steam Turbine,Y,12.0,1953.0
13923,NRG Oswego Harbor Power Operations Inc,2594,Oswego Harbor Power,NY,Oswego,ST6,OP,ST,IPP Non-CHP,2,901.8,802.7,820.5,RFO,NG,Y,RFO,NG,,,,,Y,Y,180,180,850,850,6H,UNK,Y,,Y,Y,2020,Petroleum Liquids,Y,12.0,1979.0
64082,"GenOn Bowline, LLC",2625,Bowline Point,NY,Rockland,1,OP,ST,IPP Non-CHP,2,621.0,575,578,NG,RFO,Y,NG,RFO,,,,,Y,Y,572,572,572,572,6H,6H,Y,Y,,,2020,Natural Gas Steam Turbine,Y,9.0,1972.0
64082,"GenOn Bowline, LLC",2625,Bowline Point,NY,Rockland,2,OP,ST,IPP Non-CHP,2,621.0,562,567,NG,RFO,Y,NG,RFO,,,,,Y,Y,562,567,562,567,6H,6H,Y,Y,,,2020,Natural Gas Steam Turbine,Y,5.0,1974.0
56142,"Alliance NYGT, LLC",2628,Hillburn,NY,Rockland,GEN1,OP,GT,IPP Non-CHP,2,46.5,33.1,43.8,NG,KER,N,,,,,,,Y,N,33.1,43,33.1,43,1H,1H,Y,,Y,,2020,Natural Gas Fired Combustion Turbine,Y,7.0,1972.0
56142,"Alliance NYGT, LLC",2632,Shoemaker,NY,Orange,SHOE,OP,GT,IPP Non-CHP,2,41.9,33,40,NG,KER,N,,,,,,,Y,N,33,40,33,40,1H,1H,Y,,Y,,2020,Natural Gas Fired Combustion Turbine,Y,7.0,1972.0
6775,Village of Freeport - (NY),2679,Plant No 2 Freeport,NY,Nassau,CT5,OP,GT,Electric Utility,1,60.5,49,49,NG,KER,N,,,,,,,Y,N,49,49,49,49,6H,1H,N,,,,2020,Natural Gas Fired Combustion Turbine,Y,4.0,2004.0
9645,Jamestown Board of Public Util,2682,S A Carlson,NY,Chautauqua,5,OP,ST,Electric Utility,1,24.5,22.5,22.5,NG,DFO,N,,,,,,,Y,N,22.5,22.5,7,7,1H,1H,N,,,,2020,Natural Gas Steam Turbine,Y,8.0,1951.0
9645,Jamestown Board of Public Util,2682,S A Carlson,NY,Chautauqua,6,OP,ST,Electric Utility,1,24.5,22.5,22.5,NG,DFO,N,,,,,,,Y,N,22.5,22.5,7,7,1H,1H,N,,,,2020,Natural Gas Steam Turbine,Y,8.0,1968.0
16217,Village of Rockville Centre - (NY),2695,Charles P Keller,NY,Nassau,10,OP,IC,Electric Utility,1,3.5,3.2,3.2,DFO,NG,N,,,,,,,Y,Y,2.9,2.9,3.2,3.2,1H,1H,Y,Y,Y,,2020,Petroleum Liquids,Y,1.0,1954.0
16217,Village of Rockville Centre - (NY),2695,Charles P Keller,NY,Nassau,11,OP,IC,Electric Utility,1,5.2,5.2,5.2,DFO,NG,N,,,,,,,Y,Y,4.95,4.95,5.2,5.2,1H,1H,Y,Y,Y,,2020,Petroleum Liquids,Y,1.0,1962.0
16217,Village of Rockville Centre - (NY),2695,Charles P Keller,NY,Nassau,12,OP,IC,Electric Utility,1,5.5,5.5,5.5,DFO,NG,N,,,,,,,Y,Y,5.2,5.2,5.5,5.5,1H,1H,Y,Y,Y,,2020,Petroleum Liquids,Y,1.0,1967.0
16217,Village of Rockville Centre - (NY),2695,Charles P Keller,NY,Nassau,13,OP,IC,Electric Utility,1,5.5,5.5,5.5,DFO,NG,N,,,,,,,Y,Y,5.2,5.2,5.5,5.5,1H,1H,Y,Y,Y,,2020,Petroleum Liquids,Y,1.0,1974.0
16217,Village of Rockville Centre - (NY),2695,Charles P Keller,NY,Nassau,14,OP,IC,Electric Utility,1,6.2,6.2,6.2,DFO,NG,N,,,,,,,Y,Y,6.2,6.2,6.2,6.2,1H,1H,Y,Y,Y,,2020,Petroleum Liquids,Y,9.0,1994.0
16217,Village of Rockville Centre - (NY),2695,Charles P Keller,NY,Nassau,9,OP,IC,Electric Utility,1,3.5,3.2,3.2,DFO,NG,N,,,,,,,Y,Y,2.9,2.9,3.2,3.2,1H,1H,Y,Y,Y,,2020,Petroleum Liquids,Y,1.0,1954.0
15296,New York Power Authority,7314,Richard M Flynn,NY,Suffolk,NA1,OP,CT,Electric Utility,1,110.0,87.5,104,NG,DFO,Y,NG,DFO,,,,,Y,N,87.5,103.9,87.5,103.9,1H,1H,Y,,,Y,2020,Natural Gas Fired Combined Cycle,Y,5.0,1994.0
56505,National Grid Generation LLC,7869,Glenwood Landing,NY,Nassau,GT4,OP,GT,Electric Utility,1,53.0,42.6,47,NG,KER,N,,,,,,,Y,Y,42.6,47,42.6,47,1H,1H,Y,,Y,,2020,Natural Gas Fired Combustion Turbine,Y,6.0,2002.0
56505,National Grid Generation LLC,7869,Glenwood Landing,NY,Nassau,GT5,OP,GT,Electric Utility,1,53.0,42.5,47,NG,KER,N,,,,,,,Y,Y,42.5,47,42.5,47,1H,1H,Y,,Y,,2020,Natural Gas Fired Combustion Turbine,Y,6.0,2002.0
5511,CCI Roseton LLC,8006,Roseton Generating Facility,NY,Orange,1,OP,ST,IPP Non-CHP,2,621.0,593.5,604.5,NG,RFO,Y,RFO,NG,,,,,Y,Y,592,595,592,595,1H,1H,Y,,,Y,2020,Natural Gas Steam Turbine,Y,12.0,1974.0
5511,CCI Roseton LLC,8006,Roseton Generating Facility,NY,Orange,2,OP,ST,IPP Non-CHP,2,621.0,599.7,602,NG,RFO,Y,RFO,NG,,,,,Y,Y,590.7,607.5,590.7,607.5,1H,1H,Y,,,Y,2020,Natural Gas Steam Turbine,Y,9.0,1974.0
54863,U S Power Generating Company LLC,8906,Astoria Generating Station,NY,Queens,3,OP,ST,IPP Non-CHP,2,376.0,369.5,369.4,NG,RFO,Y,RFO,NG,,,,,Y,Y,370.2,373.2,370.2,373.2,6H,6H,Y,Y,Y,,2020,Natural Gas Steam Turbine,Y,9.0,1958.0
54863,U S Power Generating Company LLC,8906,Astoria Generating Station,NY,Queens,4,OS,ST,IPP Non-CHP,2,387.0,379.4,376.2,NG,RFO,Y,RFO,NG,,,,,Y,Y,372,372,361,361,6H,6H,Y,Y,Y,,2020,Natural Gas Steam Turbine,Y,12.0,1961.0
54863,U S Power Generating Company LLC,8906,Astoria Generating Station,NY,Queens,ST5,OP,ST,IPP Non-CHP,2,387.0,376.9,384.2,NG,RFO,Y,RFO,NG,,,,,Y,Y,376.9,384.2,376.9,384.2,6H,6H,Y,Y,Y,,2020,Natural Gas Steam Turbine,Y,5.0,1962.0
5624,"RED-Rochester, LLC",10025,"RED-Rochester, LLC",NY,Monroe,17TG,OP,ST,Industrial CHP,7,15.0,15,15,NG,RFO,Y,RFO,NG,,,,,N,, , , , ,,,,,,,2020,Natural Gas Steam Turbine,Y,12.0,1968.0
5624,"RED-Rochester, LLC",10025,"RED-Rochester, LLC",NY,Monroe,41TG,OP,ST,Industrial CHP,7,25.6,25.6,25.6,NG,DFO,Y,RFO,NG,,,,,N,, , , , ,,,,,,,2020,Natural Gas Steam Turbine,Y,5.0,1964.0
5624,"RED-Rochester, LLC",10025,"RED-Rochester, LLC",NY,Monroe,42TG,OP,ST,Industrial CHP,7,25.6,25.6,25.6,NG,DFO,Y,RFO,NG,,,,,N,, , , , ,,,,,,,2020,Natural Gas Steam Turbine,Y,8.0,1967.0
5624,"RED-Rochester, LLC",10025,"RED-Rochester, LLC",NY,Monroe,43TG,OP,ST,Industrial CHP,7,25.6,25.6,25.6,NG,DFO,Y,RFO,NG,,,,,N,, , , , ,,,,,,,2020,Natural Gas Steam Turbine,Y,4.0,1969.0
5624,"RED-Rochester, LLC",10025,"RED-Rochester, LLC",NY,Monroe,44TG,OP,ST,Industrial CHP,7,25.6,25.6,25.6,NG,DFO,Y,DFO,NG,,,,,N,, , , , ,,,,,,,2020,Natural Gas Steam Turbine,Y,8.0,1987.0
60741,Fortistar Castleton Power,10190,Castleton Energy Center,NY,Rensselaer,GEN1,OP,CT,IPP Non-CHP,2,47.0,67.7,76.6,NG,DFO,Y,NG,DFO,,,,,Y,Y,44,51,43,49,1H,1H,Y,Y,Y,,2020,Natural Gas Fired Combined Cycle,Y,2.0,1992.0
1746,Black River Generation LLC,10464,ReEnergy Black River,NY,Jefferson,GEN1,OP,ST,IPP Non-CHP,2,55.5,55,56,WDS,TDF,Y,WDS,DFO,TDF,,,,N,N, , , , ,,,,,,,2020,Wood/Wood Waste Biomass,Y,6.0,1989.0
60641,Veolia NA - Municipal & Commercial Business,10521,Lederle Laboratories,NY,Rockland,3A,OP,CA,Industrial CHP,7,1.5,1.5,1.5,NG,DFO,N,,,,,,,Y,Y,1.5,1.5,1.5,1.5,1H,1H,Y,,Y,,2020,Natural Gas Fired Combined Cycle,Y,12.0,1998.0
60641,Veolia NA - Municipal & Commercial Business,10521,Lederle Laboratories,NY,Rockland,GEN1,OP,CT,Industrial CHP,7,8.3,8.3,8.3,NG,DFO,N,,,,,,,Y,Y,8.3,8.3,8.3,8.3,1H,1H,Y,,Y,,2020,Natural Gas Fired Combined Cycle,Y,1.0,1991.0
60641,Veolia NA - Municipal & Commercial Business,10521,Lederle Laboratories,NY,Rockland,GEN2,OP,CT,Industrial CHP,7,8.3,8.3,8.3,NG,DFO,N,,,,,,,Y,Y,8.3,8.3,8.3,8.3,1H,1H,Y,,Y,,2020,Natural Gas Fired Combined Cycle,Y,1.0,1991.0
60641,Veolia NA - Municipal & Commercial Business,10521,Lederle Laboratories,NY,Rockland,GEN3,OP,CA,Industrial CHP,7,2.2,2.2,2.2,NG,DFO,N,,,,,,,Y,Y,2.2,2.2,2.2,2.2,1H,1H,Y,,Y,,2020,Natural Gas Fired Combined Cycle,Y,7.0,1990.0
60641,Veolia NA - Municipal & Commercial Business,10521,Lederle Laboratories,NY,Rockland,TG4,OP,CA,Industrial CHP,7,3.1,1.4,1.4,NG,DFO,N,,,,,,,Y,Y,1.4,1.4,1.4,1.4,1H,1H,Y,,Y,,2020,Natural Gas Fired Combined Cycle,Y,7.0,1997.0
58338,Lakeside Beaver Falls LLC,10617,CH Resources Beaver Falls,NY,Lewis,GEN1,OP,CT,IPP CHP,3,65.5,48.8,59.6,NG,DFO,N,,,,,,,Y,Y,48.8,59.6,45,50,UNK,UNK,N,,,,2020,Natural Gas Fired Combined Cycle,Y,4.0,1995.0
58338,Lakeside Beaver Falls LLC,10617,CH Resources Beaver Falls,NY,Lewis,GEN2,OP,CA,IPP CHP,3,42.3,30.6,31.8,NG,DFO,N,,,,,,,Y,Y,30.6,31.8,25,30,UNK,UNK,N,,,,2020,Natural Gas Fired Combined Cycle,Y,4.0,1995.0
3085,Carthage Energy LLC,10620,Carthage Energy LLC,NY,Jefferson,GEN1,OP,CT,IPP Non-CHP,2,40.9,40.1,45,NG,DFO,Y,NG,DFO,,,,,Y,Y,40.03,45,40.03,45,1H,1H,Y,Y,Y,,2020,Natural Gas Fired Combined Cycle,Y,11.0,1991.0
16909,Selkirk Cogen Partners LP,10725,Selkirk Cogen,NY,Albany,GEN1,OP,CT,IPP CHP,3,95.2,76.9,105.5,NG,DFO,Y,NG,DFO,,,,,Y,N,76.9,105.5,76.9,105.5,OVER,OVER,Y,Y,Y,,2020,Natural Gas Fired Combined Cycle,Y,4.0,1992.0
16909,Selkirk Cogen Partners LP,10725,Selkirk Cogen,NY,Albany,GEN3,OP,CT,IPP CHP,3,95.2,272.3,333.1,NG,DFO,Y,NG,DFO,,,,,Y,N,80.9,95,80.9,95,OVER,OVER,Y,Y,Y,,2020,Natural Gas Fired Combined Cycle,Y,4.0,1994.0
16909,Selkirk Cogen Partners LP,10725,Selkirk Cogen,NY,Albany,GEN4,OP,CT,IPP CHP,3,95.2, , ,NG,DFO,Y,NG,DFO,,,,,Y,N,80.9,95,80.9,95,OVER,OVER,Y,Y,Y,,2020,Natural Gas Fired Combined Cycle,Y,4.0,1994.0
21508,Cornell University,50368,Cornell University Central Heat,NY,Tompkins,CT1,OP,CT,Commercial CHP,5,15.0,12.3,14.5,NG,DFO,N,,,,,,,Y,Y,12.3,14.5,12.3,14.5,1H,1H,Y,,Y,,2020,Natural Gas Fired Combined Cycle,Y,12.0,2009.0
21508,Cornell University,50368,Cornell University Central Heat,NY,Tompkins,CT2,OP,CT,Commercial CHP,5,15.0,12.3,14.5,NG,DFO,N,,,,,,,Y,Y,12.3,14.5,12.3,14.5,1H,1H,Y,,Y,,2020,Natural Gas Fired Combined Cycle,Y,12.0,2009.0
9245,Indeck-Energy Serv Silver Spg,50449,Indeck Silver Springs Energy Center,NY,Wyoming,GEN1,OP,CT,IPP CHP,3,39.4,34.7,45.1,NG,DFO,Y,NG,DFO,,,,,Y,Y,34.7,45.1,34.7,45.1,1H,1H,Y,Y,Y,,2020,Natural Gas Fired Combined Cycle,Y,5.0,1991.0
9245,Indeck-Energy Serv Silver Spg,50449,Indeck Silver Springs Energy Center,NY,Wyoming,GEN2,OP,CA,IPP CHP,3,17.2,17.2,17.2,NG,DFO,N,,,,,,,Y,Y,17.2,17.2,17.2,17.2,1H,1H,Y,Y,Y,,2020,Natural Gas Fired Combined Cycle,Y,5.0,1991.0
9244,Indeck-Oswego Ltd Partnership,50450,Indeck Oswego Energy Center,NY,Oswego,GEN1,OP,CT,IPP CHP,3,41.2,49.8,58.2,NG,DFO,Y,NG,DFO,,,,,Y,Y,49.8,58.2,48.8,57.2,1H,1H,Y,Y,Y,,2020,Natural Gas Fired Combined Cycle,Y,6.0,1990.0
9243,Indeck-Yerkes Ltd Partnership,50451,Indeck Yerkes Energy Center,NY,Erie,GEN1,OP,CT,IPP CHP,3,40.6,47.4,57.1,NG,DFO,Y,NG,DFO,,,,,Y,Y,47.4,57.1,46.4,56.1,1H,1H,Y,Y,Y,,2020,Natural Gas Fired Combined Cycle,Y,12.0,1989.0
9263,Indeck-Corinth Ltd Partnership,50458,Indeck Corinth Energy Center,NY,Saratoga,GEN1,OP,CT,IPP CHP,3,92.0,75.1,92.2,NG,DFO,N,,,,,,,Y,Y,75.1,92.2,75.1,92.2,6H,6H,Y,Y,Y,,2020,Natural Gas Fired Combined Cycle,Y,2.0,1995.0
470,Covanta Energy of Niagara LP,50472,"Covanta Niagara I, LLC",NY,Niagara,GEN1,OP,ST,IPP CHP,3,25.0,18,18,MSW,NG,Y,NG,MSW,WDS,OTH,,,N,, , , , ,,,,,,,2020,Municipal Solid Waste,Y,8.0,1980.0
470,Covanta Energy of Niagara LP,50472,"Covanta Niagara I, LLC",NY,Niagara,GEN2,OP,ST,IPP CHP,3,25.0,18,18,MSW,NG,Y,NG,MSW,WDS,OTH,,,N,, , , , ,,,,,,,2020,Municipal Solid Waste,Y,8.0,1980.0
24202,Carr Street Generating Sta LP,50978,Carr Street Generating Station,NY,Onondaga,GEN1,OP,CT,IPP Non-CHP,2,48.8,35,41,NG,DFO,N,,,,,,,Y,Y,35,41,33,40,1H,1H,Y,Y,Y,,2020,Natural Gas Fired Combined Cycle,Y,7.0,1993.0
24202,Carr Street Generating Sta LP,50978,Carr Street Generating Station,NY,Onondaga,GEN2,OP,CT,IPP Non-CHP,2,48.8,35,41,NG,DFO,N,,,,,,,Y,Y,35,41,33,40,1H,1H,Y,Y,Y,,2020,Natural Gas Fired Combined Cycle,Y,7.0,1993.0
19153,Nassau Energy Corp,52056,Nassau Energy Corp,NY,Nassau,GT1,OP,CT,IPP CHP,3,43.0,38,45,NG,DFO,Y,NG,DFO,,,,,Y,Y,38,45,38,43,1H,1H,Y,Y,Y,,2020,Natural Gas Fired Combined Cycle,Y,3.0,1991.0
24210,Riverbay Corp,52168,Riverbay,NY,Bronx,GEN3,OP,GT,Commercial CHP,5,12.9,12.3,12.6,NG,DFO,N,,,,,,,Y,Y,12.3,12.6,12,12,6H,6H,Y,Y,Y,,2020,Natural Gas Fired Combustion Turbine,Y,3.0,2011.0
24210,Riverbay Corp,52168,Riverbay,NY,Bronx,GEN4,OP,GT,Commercial CHP,5,12.9,12.3,12.6,NG,DFO,N,,,,,,,Y,Y,12.3,12.6,12,12,6H,6H,Y,Y,Y,,2020,Natural Gas Fired Combustion Turbine,Y,3.0,2011.0
6838,Rensselaer Generating LLC,54034,Rensselaer Cogen,NY,Rensselaer,GEN1,OP,CT,IPP Non-CHP,2,49.2,47,58,NG,DFO,N,,,,,,,Y,Y,47,57,45,54,6H,6H,Y,Y,Y,,2020,Natural Gas Fired Combined Cycle,Y,4.0,1994.0
6838,Rensselaer Generating LLC,54034,Rensselaer Cogen,NY,Rensselaer,GEN2,OP,CA,IPP Non-CHP,2,39.0,33.4,30,NG,DFO,N,,,,,,,Y,Y,32.4,27,18,20,6H,6H,Y,Y,Y,,2020,Natural Gas Fired Combined Cycle,Y,4.0,1994.0
11127,Lockport Energy Associates LP,54041,Lockport Energy Associates LP,NY,Niagara,GEN1,OP,CT,IPP CHP,3,48.7,43.6,50.8,NG,DFO,Y,NG,DFO,,,,,Y,Y,42.6,50.8,43,49,1H,1H,Y,Y,Y,,2020,Natural Gas Fired Combined Cycle,Y,7.0,1992.0
11127,Lockport Energy Associates LP,54041,Lockport Energy Associates LP,NY,Niagara,GEN2,OP,CT,IPP CHP,3,48.7,41.6,50.8,NG,DFO,Y,NG,DFO,,,,,Y,Y,41.6,50.8,43,49,1H,1H,Y,Y,Y,,2020,Natural Gas Fired Combined Cycle,Y,7.0,1992.0
11127,Lockport Energy Associates LP,54041,Lockport Energy Associates LP,NY,Niagara,GEN3,OP,CT,IPP CHP,3,48.7,41.6,50.8,NG,DFO,Y,NG,DFO,,,,,Y,Y,41.6,50.8,43,49,1H,1H,Y,Y,Y,,2020,Natural Gas Fired Combined Cycle,Y,7.0,1992.0
9261,Indeck-Olean Ltd Partnership,54076,Indeck Olean Energy Center,NY,Cattaraugus,GEN1,OP,CT,IPP CHP,3,46.0,34.1,43.2,NG,DFO,Y,NG,DFO,,,,,Y,Y,34.1,43.2,34.1,43.2,1H,1H,Y,Y,Y,,2020,Natural Gas Fired Combined Cycle,Y,1.0,1994.0
9261,Indeck-Olean Ltd Partnership,54076,Indeck Olean Energy Center,NY,Cattaraugus,GEN2,OP,CA,IPP CHP,3,44.6,44.6,44.6,NG,DFO,N,,,,,,,Y,Y,44.6,44.6,44.6,44.6,24H,24H,Y,Y,Y,,2020,Natural Gas Fired Combined Cycle,Y,1.0,1994.0
10349,KIAC Partners,54114,Kennedy International Airport Cogen,NY,Queens,GEN1,OP,CT,IPP CHP,3,47.1,49.2,50.7,NG,DFO,N,,,,,,,Y,Y,49.2,50.7,49.2,50.7,1H,1H,N,,,,2020,Natural Gas Fired Combined Cycle,Y,12.0,1994.0
10349,KIAC Partners,54114,Kennedy International Airport Cogen,NY,Queens,GEN2,OP,CT,IPP CHP,3,47.1,48.5,48.5,NG,DFO,N,,,,,,,Y,Y,48.5,48.5,48.5,48.5,1H,1H,N,,,,2020,Natural Gas Fired Combined Cycle,Y,12.0,1994.0
10349,KIAC Partners,54114,Kennedy International Airport Cogen,NY,Queens,GEN3,OP,CA,IPP CHP,3,27.0,25.3,25.6,NG,DFO,N,,,,,,,Y,Y,25.3,25.6,25.3,25.6,1H,1H,N,,,,2020,Natural Gas Fired Combined Cycle,Y,1.0,1995.0
50136,North American Energy Services,54131,Fortistar North Tonawanda,NY,Niagara,GEN1,OP,CT,IPP CHP,3,48.7,39.1,40.9,NG,DFO,Y,NG,DFO,,,,,Y,Y,39.1,40.9,38,40.9,1H,1H,Y,Y,Y,,2020,Natural Gas Fired Combined Cycle,Y,7.0,1993.0
13587,Nissequoque Cogen Partners,54149,Stony Brook Cogen Plant,NY,Suffolk,GEN1,OP,GT,IPP CHP,3,47.0,44.5,47.1,NG,DFO,N,,,,,,,Y,Y,42,44,42,44,1H,1H,Y,Y,Y,,2020,Natural Gas Fired Combustion Turbine,Y,4.0,1995.0
15253,Power City Partners LP,54592,Massena Energy Facility,NY,St Lawrence,GEN1,OP,CT,IPP Non-CHP,2,66.5,46,56,NG,DFO,N,,,,,,,Y,Y,46,56,46,56,1H,1H,Y,,Y,,2020,Natural Gas Fired Combined Cycle,Y,7.0,1992.0
13491,New York University,54808,New York University Central Plant,NY,New York,GT1,OP,CT,Commercial CHP,5,5.5,5.5,5.5,NG,DFO,Y,NG,DFO,,,,,Y,Y,5.5,5.5,5.5,5.5,1H,1H,Y,Y,,,2020,Natural Gas Fired Combined Cycle,Y,12.0,2010.0
13491,New York University,54808,New York University Central Plant,NY,New York,GT2,OP,CT,Commercial CHP,5,5.5,5.5,5.5,NG,DFO,Y,NG,DFO,,,,,Y,Y,5.5,5.5,5.5,5.5,1H,1H,Y,Y,,,2020,Natural Gas Fired Combined Cycle,Y,12.0,2010.0
2313,Brooklyn Navy Yard Cogen PLP,54914,Brooklyn Navy Yard Cogeneration,NY,Kings,01,OP,CT,IPP CHP,3,121.0,90,110,NG,DFO,N,,,,,,,Y,Y,85,110,90,110,1H,1H,Y,,Y,,2020,Natural Gas Fired Combined Cycle,Y,3.0,1996.0
2313,Brooklyn Navy Yard Cogen PLP,54914,Brooklyn Navy Yard Cogeneration,NY,Kings,02,OP,CT,IPP CHP,3,121.0,90,110,NG,DFO,N,,,,,,,Y,Y,85,110,90,110,1H,1H,Y,,Y,,2020,Natural Gas Fired Combined Cycle,Y,3.0,1996.0
13582,NRG Astoria Gas Turbine Operations Inc,55243,Astoria Gas Turbines,NY,Queens,2-1,OP,GT,IPP Non-CHP,2,41.9,35.1,44.9,NG,KER,N,,,,,,,Y,Y,35.6,46,35.6,46,1H,1H,Y,,Y,,2020,Natural Gas Fired Combustion Turbine,Y,1.0,1970.0
13582,NRG Astoria Gas Turbine Operations Inc,55243,Astoria Gas Turbines,NY,Queens,2-2,OP,GT,IPP Non-CHP,2,41.9,34.6,45.5,NG,KER,N,,,,,,,Y,Y,34.2,45.8,34.2,45.8,1H,1H,Y,,Y,,2020,Natural Gas Fired Combustion Turbine,Y,1.0,1970.0
13582,NRG Astoria Gas Turbine Operations Inc,55243,Astoria Gas Turbines,NY,Queens,2-3,OP,GT,IPP Non-CHP,2,41.9,35.8,45.9,NG,KER,N,,,,,,,Y,Y,36.9,47,36.9,47,1H,1H,Y,,Y,,2020,Natural Gas Fired Combustion Turbine,Y,1.0,1970.0
13582,NRG Astoria Gas Turbine Operations Inc,55243,Astoria Gas Turbines,NY,Queens,2-4,OP,GT,IPP Non-CHP,2,41.9,34.9,45.4,NG,KER,N,,,,,,,Y,Y,35.1,46.6,35.1,4.6,1H,1H,Y,,Y,,2020,Natural Gas Fired Combustion Turbine,Y,1.0,1970.0
13582,NRG Astoria Gas Turbine Operations Inc,55243,Astoria Gas Turbines,NY,Queens,3-1,OP,GT,IPP Non-CHP,2,41.9,34.8,45,NG,KER,N,,,,,,,Y,Y,34.6,44.5,34.6,44.5,1H,1H,Y,,Y,,2020,Natural Gas Fired Combustion Turbine,Y,1.0,1970.0
13582,NRG Astoria Gas Turbine Operations Inc,55243,Astoria Gas Turbines,NY,Queens,3-2,OP,GT,IPP Non-CHP,2,41.9,35.7,44.4,NG,KER,N,,,,,,,Y,Y,35.2,45.5,35.2,45.5,1H,1H,Y,,Y,,2020,Natural Gas Fired Combustion Turbine,Y,1.0,1970.0
13582,NRG Astoria Gas Turbine Operations Inc,55243,Astoria Gas Turbines,NY,Queens,3-3,OP,GT,IPP Non-CHP,2,41.9,35.6,45.2,NG,KER,N,,,,,,,Y,Y,34.9,45.2,34.9,45.2,1H,1H,Y,,Y,,2020,Natural Gas Fired Combustion Turbine,Y,1.0,1970.0
13582,NRG Astoria Gas Turbine Operations Inc,55243,Astoria Gas Turbines,NY,Queens,3-4,OP,GT,IPP Non-CHP,2,41.9,36.2,46.2,NG,KER,N,,,,,,,Y,Y,36.1,46.6,36.1,46.6,1H,1H,Y,,Y,,2020,Natural Gas Fired Combustion Turbine,Y,1.0,1970.0
13582,NRG Astoria Gas Turbine Operations Inc,55243,Astoria Gas Turbines,NY,Queens,4-1,OP,GT,IPP Non-CHP,2,41.9,32.9,44.3,NG,KER,N,,,,,,,Y,Y,31.9,44.8,31.9,44.8,1H,1H,Y,,Y,,2020,Natural Gas Fired Combustion Turbine,Y,1.0,1970.0
13582,NRG Astoria Gas Turbine Operations Inc,55243,Astoria Gas Turbines,NY,Queens,4-2,OP,GT,IPP Non-CHP,2,41.9,33.6,44.5,NG,KER,N,,,,,,,Y,Y,33.5,42.8,33.5,42.8,1H,1H,Y,,Y,,2020,Natural Gas Fired Combustion Turbine,Y,1.0,1970.0
13582,NRG Astoria Gas Turbine Operations Inc,55243,Astoria Gas Turbines,NY,Queens,4-3,OP,GT,IPP Non-CHP,2,41.9,33.7,45.3,NG,KER,N,,,,,,,Y,Y,34.1,44.6,34.1,44.6,1H,1H,Y,,Y,,2020,Natural Gas Fired Combustion Turbine,Y,1.0,1970.0
13582,NRG Astoria Gas Turbine Operations Inc,55243,Astoria Gas Turbines,NY,Queens,4-4,OP,GT,IPP Non-CHP,2,41.9,33.5,44.3,NG,KER,N,,,,,,,Y,Y,33.3,44,33.3,44,1H,1H,Y,,Y,,2020,Natural Gas Fired Combustion Turbine,Y,1.0,1970.0
22979,Astoria Energy LLC,55375,Astoria Energy,NY,Queens,CT1,OP,CT,IPP Non-CHP,2,170.0,165,189,NG,DFO,N,,,,,,,Y,N,165,189,165,189,1H,1H,Y,Y,Y,,2020,Natural Gas Fired Combined Cycle,Y,5.0,2006.0
22979,Astoria Energy LLC,55375,Astoria Energy,NY,Queens,CT2,OP,CT,IPP Non-CHP,2,170.0,165,189,NG,DFO,N,,,,,,,Y,N,165,189,165,189,1H,1H,Y,Y,Y,,2020,Natural Gas Fired Combined Cycle,Y,5.0,2006.0
49845,"Equus Power I, L.P.,",56032,Equus Freeport Power,NY,Nassau,0001,OP,GT,IPP Non-CHP,2,60.0,46.2,46.2,NG,KER,N,,,,,,,Y,N,46.2,46.2,46.2,46.2,1H,1H,Y,,,Y,2020,Natural Gas Fired Combustion Turbine,Y,6.0,2004.0
49845,"Equus Power I, L.P.,",56032,Equus Freeport Power,NY,Nassau,001,OP,GT,IPP Non-CHP,2,60.0,48.1,49.7,NG,KER,N,,,,,,,Y,N,48.1,49.7,48.1,49.7,1H,1H,Y,Y,,,2020,Natural Gas Fired Combustion Turbine,Y,6.0,2004.0
49837,Pinelawn Power LLC,56188,Pinelawn Power LLC,NY,Suffolk,CTG,OP,CT,IPP Non-CHP,2,50.0,47,47,NG,KER,N,,,,,,,Y,N,47,47,47,47,1H,1H,Y,Y,Y,Y,2020,Natural Gas Fired Combined Cycle,Y,7.0,2005.0
15296,New York Power Authority,56196,500MW CC,NY,Queens,CT01,OP,CT,Electric Utility,1,170.0,153.3,192.7,NG,DFO,N,,,,,,,Y,N,153.3,192.7,153.3,192.7,1H,1H,Y,,,Y,2020,Natural Gas Fired Combined Cycle,Y,12.0,2005.0
15296,New York Power Authority,56196,500MW CC,NY,Queens,CT02,OP,CT,Electric Utility,1,170.0,153.3,192.7,NG,DFO,N,,,,,,,Y,N,153.3,192.7,153.3,192.7,1H,1H,Y,,,Y,2020,Natural Gas Fired Combined Cycle,Y,12.0,2005.0
49950,"Caithness Long Island, LLC",56234,Caithness Long Island Energy Center,NY,Suffolk,CT01,OP,CT,IPP Non-CHP,2,196.2,187.7,216,NG,DFO,N,,,,,,,Y,Y,175,220,175,200,6H,6H,Y,Y,Y,,2020,Natural Gas Fired Combined Cycle,Y,8.0,2009.0
56480,Empire Generating Co LLC,56259,Empire Generating Co LLC,NY,Rensselaer,CT11,OP,CT,IPP CHP,3,179.0,155,190,NG,DFO,N,,,,,,,Y,Y,155,190,155,190,1H,1H,Y,,Y,Y,2020,Natural Gas Fired Combined Cycle,Y,9.0,2010.0
56480,Empire Generating Co LLC,56259,Empire Generating Co LLC,NY,Rensselaer,CT12,OP,CT,IPP CHP,3,179.0,155,190,NG,DFO,N,,,,,,,Y,Y,155,190,155,190,1H,1H,Y,,Y,Y,2020,Natural Gas Fired Combined Cycle,Y,9.0,2010.0
56204,"CPV Valley, LLC",56940,CPV Valley Energy Center,NY,Orange,CTG1,OP,CT,IPP Non-CHP,2,235.0,184.3,217.3,NG,DFO,N,,,,,,,Y,Y,184.3,217.3,180,190.4,1H,1H,Y,Y,Y,,2020,Natural Gas Fired Combined Cycle,Y,5.0,2018.0
56204,"CPV Valley, LLC",56940,CPV Valley Energy Center,NY,Orange,CTG2,OP,CT,IPP Non-CHP,2,235.0,184.3,217.3,NG,DFO,N,,,,,,,Y,Y,184.3,217.3,180,192.4,1H,1H,Y,Y,Y,,2020,Natural Gas Fired Combined Cycle,Y,5.0,2018.0
60545,"City of Auburn, New York",57636,Auburn LFG Energy Facility,NY,Cayuga,1,OS,IC,IPP Non-CHP,2,1.1,1.1,1.1,LFG,NG,Y,NG,LFG,,,,,N,, , , , ,,,,,,,2020,Landfill Gas,Y,1.0,2010.0
60545,"City of Auburn, New York",57636,Auburn LFG Energy Facility,NY,Cayuga,3,OS,IC,IPP Non-CHP,2,1.1,1.1,1.1,LFG,NG,Y,NG,LFG,,,,,N,, , , , ,,,,,,,2020,Landfill Gas,Y,1.0,2010.0
56991,Astoria Energy II LLC,57664,Astoria Energy II,NY,Queens,CT3,OP,CT,IPP Non-CHP,2,200.0,156,188,NG,DFO,N,,,,,,,Y,Y,156,188,156,188,1H,1H,Y,Y,Y,,2020,Natural Gas Fired Combined Cycle,Y,7.0,2011.0
56991,Astoria Energy II LLC,57664,Astoria Energy II,NY,Queens,CT4,OP,CT,IPP Non-CHP,2,200.0,156,188,NG,DFO,N,,,,,,,Y,Y,156,188,156,188,1H,1H,Y,Y,Y,,2020,Natural Gas Fired Combined Cycle,Y,7.0,2011.0
58107,University of Rochester,58157,University of Rochester,NY,Monroe,HP,OP,ST,Commercial CHP,5,18.2,17,17,NG,DFO,N,,,,,,,Y,N,16,17,17,17,1H,6H,Y,Y,Y,,2020,Natural Gas Steam Turbine,Y,10.0,2005.0
58107,University of Rochester,58157,University of Rochester,NY,Monroe,LP,OP,ST,Commercial CHP,5,7.2,7.2,7.2,NG,DFO,N,,,,,,,Y,N,7,7,7,7,1H,6H,Y,Y,Y,,2020,Natural Gas Steam Turbine,Y,10.0,2005.0
58487,Montefiore Medical Center Moses Division,58507,Montefieor Medical Center Moses Division,NY,Bronx,ES006,OP,GT,Commercial CHP,5,5.3,4.8,4.8,NG,DFO,,,,,,,,Y,Y,3.5,3.5,3.5,3.5,6H,6H,N,,,,2020,Natural Gas Fired Combustion Turbine,Y,1.0,2002.0
58487,Montefiore Medical Center Moses Division,58507,Montefieor Medical Center Moses Division,NY,Bronx,S0001,OP,IC,Commercial CHP,5,1.6,1.2,1.2,NG,DFO,,,,,,,,Y,Y,1.2,1.2,1.2,1.2,6H,6H,N,,,,2020,Natural Gas Internal Combustion Engine,Y,1.0,1994.0
58487,Montefiore Medical Center Moses Division,58507,Montefieor Medical Center Moses Division,NY,Bronx,S0002,OP,IC,Commercial CHP,5,1.6,1.2,1.2,NG,DFO,,,,,,,,Y,Y,1.2,1.2,1.2,1.2,6H,6H,N,,,,2020,Natural Gas Internal Combustion Engine,Y,1.0,1994.0
58487,Montefiore Medical Center Moses Division,58507,Montefieor Medical Center Moses Division,NY,Bronx,S0003,OP,IC,Commercial CHP,5,1.6,1.2,1.2,NG,DFO,,,,,,,,Y,Y,1.2,1.2,1.2,1.2,6H,6H,N,,,,2020,Natural Gas Internal Combustion Engine,Y,1.0,1994.0
58971,Danskammer Energy,2480,Danskammer Generating Station,NY,Orange,1,OP,ST,IPP Non-CHP,2,72.0,68,68,NG,RFO,Y,RFO,NG,,,,,Y,Y,68,68,66,66,1H,1H,N,,,,2021,Natural Gas Steam Turbine,Y,12.0,1951.0
58971,Danskammer Energy,2480,Danskammer Generating Station,NY,Orange,2,OP,ST,IPP Non-CHP,2,73.5,65.7,65.5,NG,RFO,Y,RFO,NG,,,,,Y,Y,65.7,65.5,65,65,1H,1H,N,,,,2021,Natural Gas Steam Turbine,Y,9.0,1954.0
3249,Central Hudson Gas & Elec Corp,2487,West Coxsackie,NY,Greene,GT1,OP,GT,Electric Utility,1,21.3,20.2,24.8,NG,KER,N,,,,,,,Y,Y,19.6,19.6,19.6,19.6,1H,1H,Y,,Y,,2021,Natural Gas Fired Combustion Turbine,Y,12.0,1969.0
4226,Consolidated Edison Co-NY Inc,2493,East River,NY,New York,1,OP,GT,Electric Utility,1,180.0,155.8,192.5,NG,KER,N,,,,,,,Y,N,152.3,195.8,143.8,182.8,UNK,UNK,Y,,Y,,2021,Natural Gas Fired Combustion Turbine,Y,4.0,2005.0
4226,Consolidated Edison Co-NY Inc,2493,East River,NY,New York,2,OP,GT,Electric Utility,1,180.0,152.9,195,NG,KER,N,,,,,,,Y,N,149.1,193.7,148.3,182.8,72H,UNK,Y,,Y,,2021,Natural Gas Fired Combustion Turbine,Y,4.0,2005.0
4226,Consolidated Edison Co-NY Inc,2493,East River,NY,New York,6,OP,ST,Electric Utility,1,156.2,145.3,150.2,NG,DFO,Y,NG,DFO,RFO,,,,Y,Y,143.1,142.8,130,140,6H,6H,Y,,,Y,2021,Natural Gas Steam Turbine,Y,11.0,1951.0
4226,Consolidated Edison Co-NY Inc,2493,East River,NY,New York,7,OP,ST,Electric Utility,1,200.0,184.8,188.8,NG,DFO,Y,NG,DFO,RFO,,,,Y,Y,185.6,184.1,170,185,6H,6H,Y,,,Y,2021,Natural Gas Steam Turbine,Y,6.0,1955.0
54863,U S Power Generating Company LLC,2494,Gowanus Gas Turbines Generating,NY,Kings,GT21,OP,GT,IPP Non-CHP,2,20.0,17.1,21.6,NG,DFO,Y,NG,DFO,,,,,Y,Y,17,21.6,17,21.6,1H,1H,Y,,Y,,2021,Natural Gas Fired Combustion Turbine,Y,6.0,1971.0
54863,U S Power Generating Company LLC,2494,Gowanus Gas Turbines Generating,NY,Kings,GT22,OP,GT,IPP Non-CHP,2,20.0,16.9,21.5,NG,DFO,Y,NG,DFO,,,,,Y,Y,15.2,21.5,15.2,21.5,1H,1H,Y,,Y,,2021,Natural Gas Fired Combustion Turbine,Y,6.0,1971.0
54863,U S Power Generating Company LLC,2494,Gowanus Gas Turbines Generating,NY,Kings,GT23,OP,GT,IPP Non-CHP,2,20.0,19.1,22.6,NG,DFO,Y,NG,DFO,,,,,Y,Y,19.1,22.6,19.1,22.6,1H,1H,Y,,Y,,2021,Natural Gas Fired Combustion Turbine,Y,6.0,1971.0
54863,U S Power Generating Company LLC,2494,Gowanus Gas Turbines Generating,NY,Kings,GT24,OP,GT,IPP Non-CHP,2,20.0,17.1,22,NG,DFO,Y,NG,DFO,,,,,Y,Y,17.3,23.1,17.3,23.1,1H,1H,Y,,Y,,2021,Natural Gas Fired Combustion Turbine,Y,6.0,1971.0
54863,U S Power Generating Company LLC,2494,Gowanus Gas Turbines Generating,NY,Kings,GT25,OP,GT,IPP Non-CHP,2,20.0,17.8,24,NG,DFO,Y,NG,DFO,,,,,Y,Y,18,23.4,18,23.4,1H,1H,Y,,Y,,2021,Natural Gas Fired Combustion Turbine,Y,6.0,1971.0
54863,U S Power Generating Company LLC,2494,Gowanus Gas Turbines Generating,NY,Kings,GT26,OP,GT,IPP Non-CHP,2,20.0,19.7,24.9,NG,DFO,Y,NG,DFO,,,,,Y,Y,19.5,24.9,19.5,24.9,1H,1H,Y,,Y,,2021,Natural Gas Fired Combustion Turbine,Y,6.0,1971.0
54863,U S Power Generating Company LLC,2494,Gowanus Gas Turbines Generating,NY,Kings,GT27,OP,GT,IPP Non-CHP,2,20.0,19.1,24.9,NG,DFO,Y,NG,DFO,,,,,Y,Y,19.1,24.7,19.1,24.7,1H,1H,Y,,Y,,2021,Natural Gas Fired Combustion Turbine,Y,6.0,1971.0
54863,U S Power Generating Company LLC,2494,Gowanus Gas Turbines Generating,NY,Kings,GT28,OP,GT,IPP Non-CHP,2,20.0,17.3,23.5,NG,DFO,Y,NG,DFO,,,,,Y,Y,17.7,22.9,17.7,22.9,1H,1H,Y,,Y,,2021,Natural Gas Fired Combustion Turbine,Y,6.0,1971.0
54863,U S Power Generating Company LLC,2494,Gowanus Gas Turbines Generating,NY,Kings,GT31,OP,GT,IPP Non-CHP,2,20.0,17,21.5,NG,DFO,Y,NG,DFO,,,,,Y,Y,16.9,21.9,16.9,21.9,1H,1H,Y,,Y,,2021,Natural Gas Fired Combustion Turbine,Y,7.0,1971.0
54863,U S Power Generating Company LLC,2494,Gowanus Gas Turbines Generating,NY,Kings,GT32,OP,GT,IPP Non-CHP,2,20.0,16.9,22,NG,DFO,Y,NG,DFO,,,,,Y,Y,17.1,22.6,17.1,22.6,1H,1H,Y,,Y,,2021,Natural Gas Fired Combustion Turbine,Y,7.0,1971.0
54863,U S Power Generating Company LLC,2494,Gowanus Gas Turbines Generating,NY,Kings,GT33,OP,GT,IPP Non-CHP,2,20.0,18.3,23.7,NG,DFO,Y,NG,DFO,,,,,Y,Y,18,23.8,18,23.8,1H,1H,Y,,Y,,2021,Natural Gas Fired Combustion Turbine,Y,7.0,1971.0
54863,U S Power Generating Company LLC,2494,Gowanus Gas Turbines Generating,NY,Kings,GT34,OP,GT,IPP Non-CHP,2,20.0,15.9,21.6,NG,DFO,Y,NG,DFO,,,,,Y,Y,16.2,21.4,16.2,21.4,1H,1H,Y,,Y,,2021,Natural Gas Fired Combustion Turbine,Y,7.0,1971.0
54863,U S Power Generating Company LLC,2494,Gowanus Gas Turbines Generating,NY,Kings,GT35,OP,GT,IPP Non-CHP,2,20.0,17.3,22.5,NG,DFO,Y,NG,DFO,,,,,Y,Y,17.3,22.8,17.3,22.8,1H,1H,Y,,Y,,2021,Natural Gas Fired Combustion Turbine,Y,7.0,1971.0
54863,U S Power Generating Company LLC,2494,Gowanus Gas Turbines Generating,NY,Kings,GT36,OP,GT,IPP Non-CHP,2,20.0,15.4,20.8,NG,DFO,Y,NG,DFO,,,,,Y,Y,15.5,21,15.5,21,1H,1H,Y,,Y,,2021,Natural Gas Fired Combustion Turbine,Y,7.0,1971.0
54863,U S Power Generating Company LLC,2494,Gowanus Gas Turbines Generating,NY,Kings,GT37,OP,GT,IPP Non-CHP,2,20.0,17.9,23.6,NG,DFO,Y,NG,DFO,,,,,Y,Y,18.1,23.9,18.1,23.9,1H,1H,Y,,Y,,2021,Natural Gas Fired Combustion Turbine,Y,7.0,1971.0
54863,U S Power Generating Company LLC,2494,Gowanus Gas Turbines Generating,NY,Kings,GT38,OP,GT,IPP Non-CHP,2,20.0,17.8,23.7,NG,DFO,Y,NG,DFO,,,,,Y,Y,16.9,23.9,16.9,23.9,1H,1H,Y,,Y,,2021,Natural Gas Fired Combustion Turbine,Y,7.0,1971.0
54863,U S Power Generating Company LLC,2499,Narrows Gas Turbines Generating,NY,Kings,NT11,OP,GT,IPP Non-CHP,2,22.0,19.4,24.4,NG,DFO,Y,NG,DFO,,,,,Y,Y,19.3,24.9,19.3,24.9,1H,1H,Y,,Y,,2021,Natural Gas Fired Combustion Turbine,Y,5.0,1972.0
54863,U S Power Generating Company LLC,2499,Narrows Gas Turbines Generating,NY,Kings,NT12,OP,GT,IPP Non-CHP,2,22.0,17.5,22.7,NG,DFO,Y,NG,DFO,,,,,Y,Y,17.1,23.8,17.1,23.8,1H,1H,Y,,Y,,2021,Natural Gas Fired Combustion Turbine,Y,5.0,1972.0
54863,U S Power Generating Company LLC,2499,Narrows Gas Turbines Generating,NY,Kings,NT13,OP,GT,IPP Non-CHP,2,22.0,18.5,24.4,NG,DFO,Y,NG,DFO,,,,,Y,Y,18.3,24.9,18.3,24.9,1H,1H,Y,,Y,,2021,Natural Gas Fired Combustion Turbine,Y,5.0,1972.0
54863,U S Power Generating Company LLC,2499,Narrows Gas Turbines Generating,NY,Kings,NT14,OP,GT,IPP Non-CHP,2,22.0,18.7,24.9,NG,DFO,Y,NG,DFO,,,,,Y,Y,18.8,24.9,18.8,24.9,1H,1H,Y,,Y,,2021,Natural Gas Fired Combustion Turbine,Y,5.0,1972.0
54863,U S Power Generating Company LLC,2499,Narrows Gas Turbines Generating,NY,Kings,NT15,OP,GT,IPP Non-CHP,2,22.0,20.7,24,NG,DFO,Y,NG,DFO,,,,,Y,Y,19.9,24.9,19.9,24.9,1H,1H,Y,,Y,,2021,Natural Gas Fired Combustion Turbine,Y,5.0,1972.0
54863,U S Power Generating Company LLC,2499,Narrows Gas Turbines Generating,NY,Kings,NT16,OP,GT,IPP Non-CHP,2,22.0,16.3,21.9,NG,DFO,Y,NG,DFO,,,,,Y,Y,16.5,22.2,16.5,22.2,1H,1H,Y,,Y,,2021,Natural Gas Fired Combustion Turbine,Y,5.0,1972.0
54863,U S Power Generating Company LLC,2499,Narrows Gas Turbines Generating,NY,Kings,NT17,OP,GT,IPP Non-CHP,2,22.0,19,24.9,NG,DFO,Y,NG,DFO,,,,,Y,Y,19.4,24.9,19.4,24.9,1H,1H,Y,,Y,,2021,Natural Gas Fired Combustion Turbine,Y,5.0,1972.0
54863,U S Power Generating Company LLC,2499,Narrows Gas Turbines Generating,NY,Kings,NT18,OP,GT,IPP Non-CHP,2,22.0,17.7,23.3,NG,DFO,Y,NG,DFO,,,,,Y,Y,17.5,23.2,17.5,23.2,1H,1H,Y,,Y,,2021,Natural Gas Fired Combustion Turbine,Y,5.0,1972.0
54863,U S Power Generating Company LLC,2499,Narrows Gas Turbines Generating,NY,Kings,NT21,OP,GT,IPP Non-CHP,2,22.0,19.2,24.6,NG,DFO,Y,NG,DFO,,,,,Y,Y,19.2,24.8,19.2,24.8,1H,1H,Y,,Y,,2021,Natural Gas Fired Combustion Turbine,Y,6.0,1972.0
54863,U S Power Generating Company LLC,2499,Narrows Gas Turbines Generating,NY,Kings,NT22,OP,GT,IPP Non-CHP,2,22.0,16.4,22.4,NG,DFO,Y,NG,DFO,,,,,Y,Y,16.4,22.9,16.4,22.9,1H,1H,Y,,Y,,2021,Natural Gas Fired Combustion Turbine,Y,6.0,1972.0
54863,U S Power Generating Company LLC,2499,Narrows Gas Turbines Generating,NY,Kings,NT23,OP,GT,IPP Non-CHP,2,22.0,17.5,23.2,NG,DFO,Y,NG,DFO,,,,,Y,Y,17.5,23.8,17.5,23.8,1H,1H,Y,,Y,,2021,Natural Gas Fired Combustion Turbine,Y,6.0,1972.0
54863,U S Power Generating Company LLC,2499,Narrows Gas Turbines Generating,NY,Kings,NT24,OP,GT,IPP Non-CHP,2,22.0,19.7,23.8,NG,DFO,Y,NG,DFO,,,,,Y,Y,17.9,24.2,17.9,24.2,1H,1H,Y,,Y,,2021,Natural Gas Fired Combustion Turbine,Y,6.0,1972.0
54863,U S Power Generating Company LLC,2499,Narrows Gas Turbines Generating,NY,Kings,NT25,OP,GT,IPP Non-CHP,2,22.0,20.2,24.4,NG,DFO,Y,NG,DFO,,,,,Y,Y,18.1,24.4,18.1,24.4,1H,1H,Y,,Y,,2021,Natural Gas Fired Combustion Turbine,Y,6.0,1972.0
54863,U S Power Generating Company LLC,2499,Narrows Gas Turbines Generating,NY,Kings,NT26,OP,GT,IPP Non-CHP,2,22.0,15.3,21.7,NG,DFO,Y,NG,DFO,,,,,Y,Y,16.3,21.9,16.3,21.9,1H,1H,Y,,Y,,2021,Natural Gas Fired Combustion Turbine,Y,6.0,1972.0
54863,U S Power Generating Company LLC,2499,Narrows Gas Turbines Generating,NY,Kings,NT27,OP,GT,IPP Non-CHP,2,22.0,19,24.2,NG,DFO,Y,NG,DFO,,,,,Y,Y,18.5,24.9,18.5,24.9,1H,1H,Y,,Y,,2021,Natural Gas Fired Combustion Turbine,Y,6.0,1972.0
54863,U S Power Generating Company LLC,2499,Narrows Gas Turbines Generating,NY,Kings,NT28,OP,GT,IPP Non-CHP,2,22.0,16.4,21.4,NG,DFO,Y,NG,DFO,,,,,Y,Y,16.3,21.9,16.3,21.9,1H,1H,Y,,Y,,2021,Natural Gas Fired Combustion Turbine,Y,6.0,1972.0
61130,"Helix Ravenswood, LLC",2500,Ravenswood,NY,Queens,1,OP,ST,IPP Non-CHP,2,400.0,368.5,375,NG,DFO,Y,NG,RFO,,,,,Y,Y,368.5,375,368.5,375,6H,6H,Y,,Y,,2021,Natural Gas Steam Turbine,Y,2.0,1963.0
61130,"Helix Ravenswood, LLC",2500,Ravenswood,NY,Queens,2,OP,ST,IPP Non-CHP,2,400.0,373,378,NG,DFO,Y,NG,RFO,,,,,Y,Y,373,378,373,378,6H,6H,Y,,Y,,2021,Natural Gas Steam Turbine,Y,5.0,1963.0
61130,"Helix Ravenswood, LLC",2500,Ravenswood,NY,Queens,3,OP,ST,IPP Non-CHP,2,1027.0,990,988.7,NG,DFO,Y,NG,RFO,,,,,Y,Y,988.7,990,988.7,990,6H,6H,Y,,Y,,2021,Natural Gas Steam Turbine,Y,6.0,1965.0
61130,"Helix Ravenswood, LLC",2500,Ravenswood,NY,Queens,4,OP,CT,IPP Non-CHP,2,181.0,161.8,192.1,NG,KER,N,,,,,,,Y,Y,161.83,192.1,161.83,192.1,6H,6H,Y,Y,Y,,2021,Natural Gas Fired Combined Cycle,Y,12.0,2003.0
61130,"Helix Ravenswood, LLC",2500,Ravenswood,NY,Queens,4S,OP,CA,IPP Non-CHP,2,87.5,78.3,92.9,NG,KER,N,,,,,,,Y,Y,78.3,92.2,78.3,92.2,6H,6H,Y,Y,Y,,2021,Natural Gas Fired Combined Cycle,Y,12.0,2003.0
61130,"Helix Ravenswood, LLC",2500,Ravenswood,NY,Queens,GT10,OP,GT,IPP Non-CHP,2,25.0,16,22.3,NG,KER,N,,,,,,,Y,Y,16,22.3,16,22.3,1H,1H,Y,Y,Y,,2021,Natural Gas Fired Combustion Turbine,Y,7.0,1969.0
61130,"Helix Ravenswood, LLC",2500,Ravenswood,NY,Queens,GT11,OP,GT,IPP Non-CHP,2,25.0,16.4,22.4,NG,KER,N,,,,,,,Y,Y,16.4,22.4,16.4,22.4,1H,1H,Y,Y,Y,,2021,Natural Gas Fired Combustion Turbine,Y,6.0,1969.0
61130,"Helix Ravenswood, LLC",2500,Ravenswood,NY,Queens,GT21,OS,GT,IPP Non-CHP,2,42.9,30.6,41.7,NG,KER,N,,,,,,,Y,Y,30.6,41.7,30.6,41.7,1H,1H,Y,Y,Y,,2021,Natural Gas Fired Combustion Turbine,Y,6.0,1969.0
61130,"Helix Ravenswood, LLC",2500,Ravenswood,NY,Queens,GT22,OS,GT,IPP Non-CHP,2,42.9,32,41.9,NG,KER,N,,,,,,,Y,Y,32,41.9,32,41.9,1H,1H,Y,Y,Y,,2021,Natural Gas Fired Combustion Turbine,Y,6.0,1969.0
61130,"Helix Ravenswood, LLC",2500,Ravenswood,NY,Queens,GT23,OS,GT,IPP Non-CHP,2,42.9,30.7,37.3,NG,KER,N,,,,,,,Y,Y,30.7,37.3,30.7,37.3,1H,1H,Y,Y,Y,,2021,Natural Gas Fired Combustion Turbine,Y,6.0,1969.0
61130,"Helix Ravenswood, LLC",2500,Ravenswood,NY,Queens,GT24,OS,GT,IPP Non-CHP,2,42.9,30.9,41.6,NG,KER,N,,,,,,,Y,Y,30.9,41.6,30.9,41.6,1H,1H,Y,Y,Y,,2021,Natural Gas Fired Combustion Turbine,Y,6.0,1969.0
61130,"Helix Ravenswood, LLC",2500,Ravenswood,NY,Queens,GT31,OS,GT,IPP Non-CHP,2,42.9,30.7,40.8,NG,KER,N,,,,,,,Y,Y,30.7,40.8,30.7,40.8,1H,1H,Y,Y,Y,,2021,Natural Gas Fired Combustion Turbine,Y,6.0,1969.0
61130,"Helix Ravenswood, LLC",2500,Ravenswood,NY,Queens,GT32,OS,GT,IPP Non-CHP,2,42.9,29.7,40.3,NG,KER,N,,,,,,,Y,Y,29.7,40.3,29.7,40.3,1H,1H,Y,Y,Y,,2021,Natural Gas Fired Combustion Turbine,Y,6.0,1969.0
61130,"Helix Ravenswood, LLC",2500,Ravenswood,NY,Queens,GT34,OS,GT,IPP Non-CHP,2,42.9,29.8,40.8,NG,KER,N,,,,,,,Y,Y,29.8,40.8,29.8,40.8,1H,1H,Y,Y,Y,,2021,Natural Gas Fired Combustion Turbine,Y,6.0,1969.0
4226,Consolidated Edison Co-NY Inc,2503,59th Street,NY,New York,GT1,OP,GT,Electric Utility,1,17.1,13.1,18.8,NG,KER,N,,,,,,,Y,N,14.4,20.8,14.4,20.8,UNK,UNK,N,,,,2021,Natural Gas Fired Combustion Turbine,Y,6.0,1969.0
56505,National Grid Generation LLC,2511,E F Barrett,NY,Nassau,10,OP,GT,Electric Utility,1,41.8,40.6,50,NG,DFO,N,,,,,,,Y,Y,40.6,50,40.6,50,1H,1H,N,,,,2021,Natural Gas Fired Combustion Turbine,Y,6.0,1971.0
56505,National Grid Generation LLC,2511,E F Barrett,NY,Nassau,11,OP,GT,Electric Utility,1,41.8,40.1,50.5,NG,DFO,N,,,,,,,Y,Y,40.1,50.5,40.1,50.5,1H,1H,N,,,,2021,Natural Gas Fired Combustion Turbine,Y,6.0,1971.0
56505,National Grid Generation LLC,2511,E F Barrett,NY,Nassau,12,OP,GT,Electric Utility,1,41.8,40.9,48.7,NG,DFO,N,,,,,,,Y,Y,40.9,48.7,40.9,48.7,1H,1H,N,,,,2021,Natural Gas Fired Combustion Turbine,Y,6.0,1971.0
56505,National Grid Generation LLC,2511,E F Barrett,NY,Nassau,3,OP,GT,Electric Utility,1,18.0,17.7,20.2,NG,DFO,N,,,,,,,Y,Y,17.7,20.2,17.7,20.2,1H,1H,N,,,,2021,Natural Gas Fired Combustion Turbine,Y,6.0,1970.0
56505,National Grid Generation LLC,2511,E F Barrett,NY,Nassau,4,OP,GT,Electric Utility,1,18.0,16.8,20.5,NG,DFO,N,,,,,,,Y,Y,16.8,20.5,16.8,20.5,1H,1H,N,,,,2021,Natural Gas Fired Combustion Turbine,Y,7.0,1970.0
56505,National Grid Generation LLC,2511,E F Barrett,NY,Nassau,5,OP,GT,Electric Utility,1,18.0,17.6,20.1,NG,DFO,N,,,,,,,Y,Y,17.6,20.1,17.6,20.1,1H,1H,N,,,,2021,Natural Gas Fired Combustion Turbine,Y,7.0,1970.0
56505,National Grid Generation LLC,2511,E F Barrett,NY,Nassau,6,OP,GT,Electric Utility,1,18.0,16.4,19.9,NG,DFO,N,,,,,,,Y,Y,16.4,19.9,16.4,19.9,1H,1H,N,,,,2021,Natural Gas Fired Combustion Turbine,Y,7.0,1970.0
56505,National Grid Generation LLC,2511,E F Barrett,NY,Nassau,8,OP,GT,Electric Utility,1,18.0,15.1,15.2,NG,DFO,N,,,,,,,Y,Y,15.1,15.2,15.1,15.2,1H,1H,N,,,,2021,Natural Gas Fired Combustion Turbine,Y,7.0,1970.0
56505,National Grid Generation LLC,2511,E F Barrett,NY,Nassau,9,OP,GT,Electric Utility,1,41.8,41.2,49.2,NG,DFO,N,,,,,,,Y,Y,41.2,49.2,41.2,49.2,1H,1H,N,,,,2021,Natural Gas Fired Combustion Turbine,Y,6.0,1971.0
56505,National Grid Generation LLC,2511,E F Barrett,NY,Nassau,GT1,OP,GT,Electric Utility,1,18.0,17.4,20.5,NG,DFO,N,,,,,,,Y,Y,17.4,20.5,17.4,20.5,1H,1H,N,,,,2021,Natural Gas Fired Combustion Turbine,Y,6.0,1970.0
56505,National Grid Generation LLC,2511,E F Barrett,NY,Nassau,GT2,OP,GT,Electric Utility,1,18.0,17.6,20.4,NG,DFO,N,,,,,,,Y,Y,17.6,20.4,17.6,20.4,1H,1H,N,,,,2021,Natural Gas Fired Combustion Turbine,Y,6.0,1970.0
56505,National Grid Generation LLC,2511,E F Barrett,NY,Nassau,ST1,OP,ST,Electric Utility,1,188.0,194.2,199.5,NG,RFO,Y,NG,RFO,,,,,Y,Y,194.2,199.5,194.2,199.5,6H,6H,Y,Y,,,2021,Natural Gas Steam Turbine,Y,11.0,1956.0
56505,National Grid Generation LLC,2511,E F Barrett,NY,Nassau,ST2,OP,ST,Electric Utility,1,188.0,178,190.5,NG,RFO,Y,NG,RFO,,,,,Y,Y,178,190.5,178,190.5,6H,6H,Y,Y,,,2021,Natural Gas Steam Turbine,Y,10.0,1963.0
56505,National Grid Generation LLC,2516,Northport,NY,Suffolk,2,OP,ST,Electric Utility,1,387.0,398,399,NG,RFO,Y,NG,RFO,,,,,Y,Y,398,399,398,399,6H,6H,N,,,,2021,Natural Gas Steam Turbine,Y,6.0,1968.0
56505,National Grid Generation LLC,2516,Northport,NY,Suffolk,3,OP,ST,Electric Utility,1,387.0,398.5,394.2,NG,RFO,Y,NG,RFO,,,,,Y,Y,398.5,394.2,398.5,394.2,6H,6H,N,,,,2021,Natural Gas Steam Turbine,Y,7.0,1972.0
56505,National Grid Generation LLC,2516,Northport,NY,Suffolk,4,OP,ST,Electric Utility,1,387.0,398,396.5,NG,RFO,Y,NG,RFO,,,,,Y,Y,398,396.5,398,396.5,6H,6H,N,,,,2021,Natural Gas Steam Turbine,Y,12.0,1977.0
56505,National Grid Generation LLC,2516,Northport,NY,Suffolk,ST1,OP,ST,Electric Utility,1,387.0,397.7,396.2,NG,RFO,Y,NG,RFO,,,,,Y,Y,397.7,396.2,397.7,396.2,6H,6H,N,,,,2021,Natural Gas Steam Turbine,Y,7.0,1967.0
56505,National Grid Generation LLC,2517,Port Jefferson,NY,Suffolk,3,OP,ST,Electric Utility,1,188.0,192,189.2,NG,RFO,Y,NG,RFO,,,,,Y,Y,192,189.2,192,189.2,6H,6H,N,,,,2021,Natural Gas Steam Turbine,Y,11.0,1958.0
56505,National Grid Generation LLC,2517,Port Jefferson,NY,Suffolk,4,OP,ST,Electric Utility,1,188.0,193,194.7,NG,RFO,Y,NG,RFO,,,,,Y,Y,193,194.7,193,194.7,6H,6H,N,,,,2021,Natural Gas Steam Turbine,Y,11.0,1960.0
56505,National Grid Generation LLC,2517,Port Jefferson,NY,Suffolk,GT2,OP,GT,Electric Utility,1,53.0,42.6,46.7,NG,KER,N,,,,,,,Y,N,42.6,46.7,42.6,46.7,1H,1H,Y,,Y,,2021,Natural Gas Fired Combustion Turbine,Y,7.0,2002.0
56505,National Grid Generation LLC,2517,Port Jefferson,NY,Suffolk,GT3,OP,GT,Electric Utility,1,53.0,40.1,47.1,NG,KER,N,,,,,,,Y,N,40.1,47.1,40.1,47.1,1H,1H,Y,,Y,,2021,Natural Gas Fired Combustion Turbine,Y,7.0,2002.0
25,Greenidge Generation Holdings LLC,2527,Greenidge Generation LLC,NY,Yates,4,OP,ST,IPP Non-CHP,2,112.0,104.5,106.3,NG,WDS,Y,NG,WDS,,,,,N,, , , , ,,,,,,,2021,Natural Gas Steam Turbine,Y,12.0,1953.0
64701,Oswego Harbor Power,2594,Oswego Harbor Power,NY,Oswego,ST6,OP,ST,IPP Non-CHP,2,901.8,819.5,817.7,RFO,NG,Y,RFO,NG,,,,,Y,Y,180,180,850,850,6H,UNK,Y,,Y,Y,2021,Petroleum Liquids,Y,12.0,1979.0
64082,"GenOn Bowline, LLC",2625,Bowline Point,NY,Rockland,1,OP,ST,IPP Non-CHP,2,621.0,586,593.2,NG,RFO,Y,NG,RFO,,,,,Y,Y,572,572,572,572,6H,6H,Y,Y,,,2021,Natural Gas Steam Turbine,Y,9.0,1972.0
64082,"GenOn Bowline, LLC",2625,Bowline Point,NY,Rockland,2,OP,ST,IPP Non-CHP,2,621.0,573.6,568.8,NG,RFO,Y,NG,RFO,,,,,Y,Y,562,567,562,567,6H,6H,Y,Y,,,2021,Natural Gas Steam Turbine,Y,5.0,1974.0
56142,"Alliance NYGT, LLC",2628,Hillburn,NY,Rockland,GEN1,OP,GT,IPP Non-CHP,2,46.5,33.1,43.8,NG,KER,N,,,,,,,Y,N,33.1,43,33.1,43,1H,1H,Y,,Y,,2021,Natural Gas Fired Combustion Turbine,Y,7.0,1972.0
56142,"Alliance NYGT, LLC",2632,Shoemaker,NY,Orange,SHOE,OP,GT,IPP Non-CHP,2,41.9,33,40,NG,KER,N,,,,,,,Y,N,33,40,33,40,1H,1H,Y,,Y,,2021,Natural Gas Fired Combustion Turbine,Y,7.0,1972.0
6775,Village of Freeport - (NY),2679,Plant No 2 Freeport,NY,Nassau,CT5,OP,GT,Electric Utility,1,60.5,49,49,NG,KER,N,,,,,,,Y,N,49,49,49,49,6H,1H,N,,,,2021,Natural Gas Fired Combustion Turbine,Y,4.0,2004.0
9645,Jamestown Board of Public Util,2682,S A Carlson,NY,Chautauqua,5,OP,ST,Electric Utility,1,24.5,22.5,22.5,NG,DFO,N,,,,,,,Y,N,22.5,22.5,7,7,1H,1H,N,,,,2021,Natural Gas Steam Turbine,Y,8.0,1951.0
9645,Jamestown Board of Public Util,2682,S A Carlson,NY,Chautauqua,6,OP,ST,Electric Utility,1,24.5,22.5,22.5,NG,DFO,N,,,,,,,Y,N,22.5,22.5,7,7,1H,1H,N,,,,2021,Natural Gas Steam Turbine,Y,8.0,1968.0
16217,Village of Rockville Centre - (NY),2695,Charles P Keller,NY,Nassau,10,OP,IC,Electric Utility,1,3.5,3.2,3.2,DFO,NG,N,,,,,,,Y,Y,2.9,2.9,3.2,3.2,1H,1H,Y,Y,Y,,2021,Petroleum Liquids,Y,1.0,1954.0
16217,Village of Rockville Centre - (NY),2695,Charles P Keller,NY,Nassau,11,OP,IC,Electric Utility,1,5.2,5.2,5.2,DFO,NG,N,,,,,,,Y,Y,4.95,4.95,5.2,5.2,1H,1H,Y,Y,Y,,2021,Petroleum Liquids,Y,1.0,1962.0
16217,Village of Rockville Centre - (NY),2695,Charles P Keller,NY,Nassau,12,OP,IC,Electric Utility,1,5.5,5.5,5.5,DFO,NG,N,,,,,,,Y,Y,5.2,5.2,5.5,5.5,1H,1H,Y,Y,Y,,2021,Petroleum Liquids,Y,1.0,1967.0
16217,Village of Rockville Centre - (NY),2695,Charles P Keller,NY,Nassau,13,OP,IC,Electric Utility,1,5.5,5.5,5.5,DFO,NG,N,,,,,,,Y,Y,5.2,5.2,5.5,5.5,1H,1H,Y,Y,Y,,2021,Petroleum Liquids,Y,1.0,1974.0
16217,Village of Rockville Centre - (NY),2695,Charles P Keller,NY,Nassau,14,OP,IC,Electric Utility,1,6.2,6.2,6.2,DFO,NG,N,,,,,,,Y,Y,6.2,6.2,6.2,6.2,1H,1H,Y,Y,Y,,2021,Petroleum Liquids,Y,9.0,1994.0
16217,Village of Rockville Centre - (NY),2695,Charles P Keller,NY,Nassau,9,OP,IC,Electric Utility,1,3.5,3.2,3.2,DFO,NG,N,,,,,,,Y,Y,2.9,2.9,3.2,3.2,1H,1H,Y,Y,Y,,2021,Petroleum Liquids,Y,1.0,1954.0
15296,New York Power Authority,7314,Richard M Flynn,NY,Suffolk,NA1,OP,CT,Electric Utility,1,110.0,87.5,104,NG,DFO,Y,NG,DFO,,,,,Y,N,87.5,103.9,87.5,103.9,1H,1H,Y,,,Y,2021,Natural Gas Fired Combined Cycle,Y,5.0,1994.0
56505,National Grid Generation LLC,7869,Glenwood Landing,NY,Nassau,GT4,OP,GT,Electric Utility,1,53.0,42.6,47,NG,KER,N,,,,,,,Y,Y,42.6,47,42.6,47,1H,1H,Y,,Y,,2021,Natural Gas Fired Combustion Turbine,Y,6.0,2002.0
56505,National Grid Generation LLC,7869,Glenwood Landing,NY,Nassau,GT5,OP,GT,Electric Utility,1,53.0,42.5,47,NG,KER,N,,,,,,,Y,Y,42.5,47,42.5,47,1H,1H,Y,,Y,,2021,Natural Gas Fired Combustion Turbine,Y,6.0,2002.0
5511,CCI Roseton LLC,8006,Roseton Generating Facility,NY,Orange,1,OP,ST,IPP Non-CHP,2,621.0,599,614.7,NG,RFO,Y,RFO,NG,,,,,Y,Y,599,614.7,599,614.7,1H,1H,Y,,,Y,2021,Natural Gas Steam Turbine,Y,12.0,1974.0
5511,CCI Roseton LLC,8006,Roseton Generating Facility,NY,Orange,2,OP,ST,IPP Non-CHP,2,621.0,605.7,605.7,NG,RFO,Y,RFO,NG,,,,,Y,Y,605.7,605.7,605.7,605.7,1H,1H,Y,,,Y,2021,Natural Gas Steam Turbine,Y,9.0,1974.0
54863,U S Power Generating Company LLC,8906,Astoria Generating Station,NY,Queens,3,OP,ST,IPP Non-CHP,2,376.0,371.3,370,NG,RFO,Y,RFO,NG,,,,,Y,Y,370.2,373.2,370.2,373.2,6H,6H,Y,Y,Y,,2021,Natural Gas Steam Turbine,Y,9.0,1958.0
54863,U S Power Generating Company LLC,8906,Astoria Generating Station,NY,Queens,4,OS,ST,IPP Non-CHP,2,387.0,379.4,376.2,NG,RFO,Y,RFO,NG,,,,,Y,Y,372,372,361,361,6H,6H,Y,Y,Y,,2021,Natural Gas Steam Turbine,Y,12.0,1961.0
54863,U S Power Generating Company LLC,8906,Astoria Generating Station,NY,Queens,ST5,OP,ST,IPP Non-CHP,2,387.0,375.1,375.3,NG,RFO,Y,RFO,NG,,,,,Y,Y,376.9,384.2,376.9,384.2,6H,6H,Y,Y,Y,,2021,Natural Gas Steam Turbine,Y,5.0,1962.0
5624,"RED-Rochester, LLC",10025,"RED-Rochester, LLC",NY,Monroe,17TG,OP,ST,Industrial CHP,7,15.0,15,15,NG,RFO,Y,RFO,NG,,,,,N,, , , , ,,,,,,,2021,Natural Gas Steam Turbine,Y,12.0,1968.0
5624,"RED-Rochester, LLC",10025,"RED-Rochester, LLC",NY,Monroe,41TG,OP,ST,Industrial CHP,7,25.6,25.6,25.6,NG,DFO,Y,RFO,NG,,,,,N,, , , , ,,,,,,,2021,Natural Gas Steam Turbine,Y,5.0,1964.0
5624,"RED-Rochester, LLC",10025,"RED-Rochester, LLC",NY,Monroe,42TG,OP,ST,Industrial CHP,7,25.6,25.6,25.6,NG,DFO,Y,RFO,NG,,,,,N,, , , , ,,,,,,,2021,Natural Gas Steam Turbine,Y,8.0,1967.0
5624,"RED-Rochester, LLC",10025,"RED-Rochester, LLC",NY,Monroe,43TG,OP,ST,Industrial CHP,7,25.6,25.6,25.6,NG,DFO,Y,RFO,NG,,,,,N,, , , , ,,,,,,,2021,Natural Gas Steam Turbine,Y,4.0,1969.0
5624,"RED-Rochester, LLC",10025,"RED-Rochester, LLC",NY,Monroe,44TG,OP,ST,Industrial CHP,7,25.6,25.6,25.6,NG,DFO,Y,DFO,NG,,,,,N,, , , , ,,,,,,,2021,Natural Gas Steam Turbine,Y,8.0,1987.0
60741,Fortistar Castleton Power,10190,Castleton Energy Center,NY,Rensselaer,GEN1,OP,CT,IPP Non-CHP,2,47.0,67.7,76.6,NG,DFO,Y,NG,DFO,,,,,Y,Y,44,51,43,49,1H,1H,Y,Y,Y,,2021,Natural Gas Fired Combined Cycle,Y,2.0,1992.0
1746,Black River Generation LLC,10464,ReEnergy Black River,NY,Jefferson,GEN1,OP,ST,IPP Non-CHP,2,55.5,55,56,WDS,TDF,Y,WDS,DFO,TDF,,,,N,, , , , ,,,,,,,2021,Wood/Wood Waste Biomass,Y,6.0,1989.0
60641,Veolia NA - Municipal & Commercial Business,10521,Lederle Laboratories,NY,Rockland,3A,OP,CA,Industrial CHP,7,1.5,1.5,1.5,NG,DFO,N,,,,,,,Y,Y,1.5,1.5,1.5,1.5,1H,1H,Y,,Y,,2021,Natural Gas Fired Combined Cycle,Y,12.0,1998.0
60641,Veolia NA - Municipal & Commercial Business,10521,Lederle Laboratories,NY,Rockland,GEN1,OP,CT,Industrial CHP,7,8.3,8.3,8.3,NG,DFO,N,,,,,,,Y,Y,8.3,8.3,8.3,8.3,1H,1H,Y,,Y,,2021,Natural Gas Fired Combined Cycle,Y,1.0,1991.0
60641,Veolia NA - Municipal & Commercial Business,10521,Lederle Laboratories,NY,Rockland,GEN2,OP,CT,Industrial CHP,7,8.3,8.3,8.3,NG,DFO,N,,,,,,,Y,Y,8.3,8.3,8.3,8.3,1H,1H,Y,,Y,,2021,Natural Gas Fired Combined Cycle,Y,1.0,1991.0
60641,Veolia NA - Municipal & Commercial Business,10521,Lederle Laboratories,NY,Rockland,GEN3,OP,CA,Industrial CHP,7,2.2,2.2,2.2,NG,DFO,N,,,,,,,Y,Y,2.2,2.2,2.2,2.2,1H,1H,Y,,Y,,2021,Natural Gas Fired Combined Cycle,Y,7.0,1990.0
60641,Veolia NA - Municipal & Commercial Business,10521,Lederle Laboratories,NY,Rockland,TG4,OP,CA,Industrial CHP,7,3.1,1.4,1.4,NG,DFO,N,,,,,,,Y,Y,1.4,1.4,1.4,1.4,1H,1H,Y,,Y,,2021,Natural Gas Fired Combined Cycle,Y,7.0,1997.0
58338,Lakeside Beaver Falls LLC,10617,CH Resources Beaver Falls,NY,Lewis,GEN1,OP,CT,IPP CHP,3,65.5,49.7,61,NG,DFO,N,,,,,,,Y,Y,48.8,59.6,45,50,UNK,UNK,N,,,,2021,Natural Gas Fired Combined Cycle,Y,4.0,1995.0
58338,Lakeside Beaver Falls LLC,10617,CH Resources Beaver Falls,NY,Lewis,GEN2,OP,CA,IPP CHP,3,42.3,30.6,31.8,NG,DFO,N,,,,,,,Y,Y,30.6,31.8,25,30,UNK,UNK,N,,,,2021,Natural Gas Fired Combined Cycle,Y,4.0,1995.0
3085,Carthage Energy LLC,10620,Carthage Energy LLC,NY,Jefferson,GEN1,OP,CT,IPP Non-CHP,2,40.9,40.1,45,NG,DFO,Y,NG,DFO,,,,,Y,Y,40.03,45,40.03,45,1H,1H,Y,Y,Y,,2021,Natural Gas Fired Combined Cycle,Y,11.0,1991.0
16909,Selkirk Cogen Partners LP,10725,Selkirk Cogen,NY,Albany,GEN1,OP,CT,IPP CHP,3,95.2,76.9,105.5,NG,DFO,Y,NG,DFO,,,,,Y,N,76.9,105.5,76.9,105.5,OVER,OVER,Y,Y,Y,,2021,Natural Gas Fired Combined Cycle,Y,4.0,1992.0
16909,Selkirk Cogen Partners LP,10725,Selkirk Cogen,NY,Albany,GEN3,OP,CT,IPP CHP,3,95.2,272.3,333.1,NG,DFO,Y,NG,DFO,,,,,Y,N,80.9,95,80.9,95,OVER,OVER,Y,Y,Y,,2021,Natural Gas Fired Combined Cycle,Y,4.0,1994.0
16909,Selkirk Cogen Partners LP,10725,Selkirk Cogen,NY,Albany,GEN4,OP,CT,IPP CHP,3,95.2, , ,NG,DFO,Y,NG,DFO,,,,,Y,N,80.9,95,80.9,95,OVER,OVER,Y,Y,Y,,2021,Natural Gas Fired Combined Cycle,Y,4.0,1994.0
21508,Cornell University,50368,Cornell University Central Heat,NY,Tompkins,CT1,OP,CT,Commercial CHP,5,15.0,12.3,14.5,NG,DFO,N,,,,,,,Y,Y,12.3,14.5,12.3,14.5,1H,1H,Y,,Y,,2021,Natural Gas Fired Combined Cycle,Y,12.0,2009.0
21508,Cornell University,50368,Cornell University Central Heat,NY,Tompkins,CT2,OP,CT,Commercial CHP,5,15.0,12.3,14.5,NG,DFO,N,,,,,,,Y,Y,12.3,14.5,12.3,14.5,1H,1H,Y,,Y,,2021,Natural Gas Fired Combined Cycle,Y,12.0,2009.0
9245,Indeck-Energy Serv Silver Spg,50449,Indeck Silver Springs Energy Center,NY,Wyoming,GEN1,OP,CT,IPP CHP,3,39.4,34.7,45.1,NG,DFO,Y,NG,DFO,,,,,Y,Y,34.7,45.1,34.7,45.1,1H,1H,Y,Y,Y,,2021,Natural Gas Fired Combined Cycle,Y,5.0,1991.0
9245,Indeck-Energy Serv Silver Spg,50449,Indeck Silver Springs Energy Center,NY,Wyoming,GEN2,OP,CA,IPP CHP,3,17.2,17.2,17.2,NG,DFO,N,,,,,,,Y,Y,17.2,17.2,17.2,17.2,1H,1H,Y,Y,Y,,2021,Natural Gas Fired Combined Cycle,Y,5.0,1991.0
9244,Indeck-Oswego Ltd Partnership,50450,Indeck Oswego Energy Center,NY,Oswego,GEN1,OP,CT,IPP CHP,3,41.2,50.6,60.4,NG,DFO,Y,NG,DFO,,,,,Y,Y,50.6,60.4,49.6,59.4,1H,1H,Y,Y,Y,,2021,Natural Gas Fired Combined Cycle,Y,6.0,1990.0
9243,Indeck-Yerkes Ltd Partnership,50451,Indeck Yerkes Energy Center,NY,Erie,GEN1,OP,CT,IPP CHP,3,40.6,47.3,56.8,NG,DFO,Y,NG,DFO,,,,,Y,Y,47.3,56.8,46.3,55.8,1H,1H,Y,Y,Y,,2021,Natural Gas Fired Combined Cycle,Y,12.0,1989.0
9263,Indeck-Corinth Ltd Partnership,50458,Indeck Corinth Energy Center,NY,Saratoga,GEN1,OP,CT,IPP CHP,3,92.0,73.1,91.1,NG,DFO,N,,,,,,,Y,Y,73.08,91.07,73.08,91.07,6H,6H,Y,Y,Y,,2021,Natural Gas Fired Combined Cycle,Y,2.0,1995.0
470,Covanta Energy of Niagara LP,50472,"Covanta Niagara I, LLC",NY,Niagara,GEN1,OP,ST,IPP CHP,3,25.0,18,18,MSW,NG,Y,NG,MSW,WDS,OTH,,,N,, , , , ,,,,,,,2021,Municipal Solid Waste,Y,8.0,1980.0
470,Covanta Energy of Niagara LP,50472,"Covanta Niagara I, LLC",NY,Niagara,GEN2,OP,ST,IPP CHP,3,25.0,18,18,MSW,NG,Y,NG,MSW,WDS,OTH,,,N,, , , , ,,,,,,,2021,Municipal Solid Waste,Y,8.0,1980.0
24202,Carr Street Generating Sta LP,50978,Carr Street Generating Station,NY,Onondaga,GEN1,OP,CT,IPP Non-CHP,2,48.8,35,40,NG,DFO,N,,,,,,,Y,Y,35,40,35,40,1H,1H,Y,Y,Y,,2021,Natural Gas Fired Combined Cycle,Y,7.0,1993.0
24202,Carr Street Generating Sta LP,50978,Carr Street Generating Station,NY,Onondaga,GEN2,OP,CT,IPP Non-CHP,2,48.8,35,40,NG,DFO,N,,,,,,,Y,Y,35,40,35,40,1H,1H,Y,Y,Y,,2021,Natural Gas Fired Combined Cycle,Y,7.0,1993.0
19153,Nassau Energy Corp,52056,Nassau Energy Corp,NY,Nassau,GT1,OP,CT,IPP CHP,3,43.0,38,45,NG,DFO,Y,NG,DFO,,,,,Y,Y,38,45,38,43,1H,1H,Y,Y,Y,,2021,Natural Gas Fired Combined Cycle,Y,3.0,1991.0
24210,Riverbay Corp,52168,Riverbay,NY,Bronx,GEN3,OP,CT,Commercial CHP,5,12.9,12.3,12.6,NG,DFO,N,,,,,,,Y,Y,12.3,12.6,12,12,6H,6H,Y,Y,Y,,2021,Natural Gas Fired Combined Cycle,Y,3.0,2011.0
24210,Riverbay Corp,52168,Riverbay,NY,Bronx,GEN4,OP,CT,Commercial CHP,5,12.9,12.3,12.6,NG,DFO,N,,,,,,,Y,Y,12.3,12.6,12,12,6H,6H,Y,Y,Y,,2021,Natural Gas Fired Combined Cycle,Y,3.0,2011.0
6838,Rensselaer Generating LLC,54034,Rensselaer Cogen,NY,Rensselaer,GEN1,OP,CT,IPP Non-CHP,2,49.2,47,58,NG,DFO,N,,,,,,,Y,Y,47,57,45,54,6H,6H,Y,Y,Y,,2021,Natural Gas Fired Combined Cycle,Y,4.0,1994.0
6838,Rensselaer Generating LLC,54034,Rensselaer Cogen,NY,Rensselaer,GEN2,OP,CA,IPP Non-CHP,2,39.0,33.4,30,NG,DFO,N,,,,,,,Y,Y,32.4,27,18,20,6H,6H,Y,Y,Y,,2021,Natural Gas Fired Combined Cycle,Y,4.0,1994.0
11127,Lockport Energy Associates LP,54041,Lockport Energy Associates LP,NY,Niagara,GEN1,OP,CT,IPP CHP,3,48.7,42.3,50.8,NG,DFO,Y,NG,DFO,,,,,Y,Y,42.6,50.8,43,49,1H,1H,Y,Y,Y,,2021,Natural Gas Fired Combined Cycle,Y,7.0,1992.0
11127,Lockport Energy Associates LP,54041,Lockport Energy Associates LP,NY,Niagara,GEN2,OP,CT,IPP CHP,3,48.7,42.3,50.8,NG,DFO,Y,NG,DFO,,,,,Y,Y,41.6,50.8,43,49,1H,1H,Y,Y,Y,,2021,Natural Gas Fired Combined Cycle,Y,7.0,1992.0
11127,Lockport Energy Associates LP,54041,Lockport Energy Associates LP,NY,Niagara,GEN3,OP,CT,IPP CHP,3,48.7,42.3,50.8,NG,DFO,Y,NG,DFO,,,,,Y,Y,41.6,50.8,43,49,1H,1H,Y,Y,Y,,2021,Natural Gas Fired Combined Cycle,Y,7.0,1992.0
9261,Indeck-Olean Ltd Partnership,54076,Indeck Olean Energy Center,NY,Cattaraugus,GEN1,OP,CT,IPP CHP,3,46.0,34.1,43.2,NG,DFO,Y,NG,DFO,,,,,Y,Y,34.1,43.2,34.1,43.2,1H,1H,Y,Y,Y,,2021,Natural Gas Fired Combined Cycle,Y,1.0,1994.0
9261,Indeck-Olean Ltd Partnership,54076,Indeck Olean Energy Center,NY,Cattaraugus,GEN2,OP,CA,IPP CHP,3,44.6,44.6,44.6,NG,DFO,N,,,,,,,Y,Y,44.6,44.6,44.6,44.6,24H,24H,Y,Y,Y,,2021,Natural Gas Fired Combined Cycle,Y,1.0,1994.0
10349,KIAC Partners,54114,Kennedy International Airport Cogen,NY,Queens,GEN1,OP,CT,IPP CHP,3,47.1,50.1,48.9,NG,DFO,N,,,,,,,Y,Y,50.1,48.9,50.1,48.9,1H,1H,N,,,,2021,Natural Gas Fired Combined Cycle,Y,12.0,1994.0
10349,KIAC Partners,54114,Kennedy International Airport Cogen,NY,Queens,GEN2,OP,CT,IPP CHP,3,47.1,48.6,47.9,NG,DFO,N,,,,,,,Y,Y,48.6,47.9,48.6,47.9,1H,1H,N,,,,2021,Natural Gas Fired Combined Cycle,Y,12.0,1994.0
10349,KIAC Partners,54114,Kennedy International Airport Cogen,NY,Queens,GEN3,OP,CA,IPP CHP,3,27.0,27.4,25.8,NG,DFO,N,,,,,,,Y,Y,25.8,27.4,25.8,27.4,1H,1H,N,,,,2021,Natural Gas Fired Combined Cycle,Y,1.0,1995.0
50136,North American Energy Services,54131,Fortistar North Tonawanda,NY,Niagara,GEN1,OP,CT,IPP CHP,3,48.7,36.8,44.7,NG,DFO,Y,NG,DFO,,,,,Y,Y,39.1,40.9,36.8,40.9,1H,1H,Y,Y,Y,,2021,Natural Gas Fired Combined Cycle,Y,7.0,1993.0
13587,Nissequoque Cogen Partners,54149,Stony Brook Cogen Plant,NY,Suffolk,GEN1,OP,GT,IPP CHP,3,47.0,44.5,47.1,NG,DFO,N,,,,,,,Y,Y,42,44,42,44,1H,1H,Y,Y,Y,,2021,Natural Gas Fired Combustion Turbine,Y,4.0,1995.0
15253,Power City Partners LP,54592,Massena Energy Facility,NY,St Lawrence,GEN1,OP,CT,IPP Non-CHP,2,66.5,46,56,NG,DFO,N,,,,,,,Y,Y,46,56,46,56,1H,1H,Y,,Y,,2021,Natural Gas Fired Combined Cycle,Y,7.0,1992.0
13491,New York University,54808,New York University Central Plant,NY,New York,GT1,OP,CT,Commercial CHP,5,5.5,5.5,5.5,NG,DFO,Y,NG,DFO,,,,,Y,Y,5.5,5.5,5.5,5.5,1H,1H,Y,Y,,,2021,Natural Gas Fired Combined Cycle,Y,12.0,2010.0
13491,New York University,54808,New York University Central Plant,NY,New York,GT2,OP,CT,Commercial CHP,5,5.5,5.5,5.5,NG,DFO,Y,NG,DFO,,,,,Y,Y,5.5,5.5,5.5,5.5,1H,1H,Y,Y,,,2021,Natural Gas Fired Combined Cycle,Y,12.0,2010.0
2313,Brooklyn Navy Yard Cogen PLP,54914,Brooklyn Navy Yard Cogeneration,NY,Kings,01,OP,CT,IPP CHP,3,121.0,90,110,NG,DFO,N,,,,,,,Y,Y,85,110,90,110,1H,1H,Y,,Y,,2021,Natural Gas Fired Combined Cycle,Y,3.0,1996.0
2313,Brooklyn Navy Yard Cogen PLP,54914,Brooklyn Navy Yard Cogeneration,NY,Kings,02,OP,CT,IPP CHP,3,121.0,90,110,NG,DFO,N,,,,,,,Y,Y,85,110,90,110,1H,1H,Y,,Y,,2021,Natural Gas Fired Combined Cycle,Y,3.0,1996.0
13582,NRG Astoria Gas Turbine Operations Inc,55243,Astoria Gas Turbines,NY,Queens,2-1,OP,GT,IPP Non-CHP,2,41.9,34.8,46.4,NG,KER,N,,,,,,,Y,Y,34.8,46.4,34.8,46.4,1H,1H,Y,,Y,,2021,Natural Gas Fired Combustion Turbine,Y,1.0,1970.0
13582,NRG Astoria Gas Turbine Operations Inc,55243,Astoria Gas Turbines,NY,Queens,2-2,OP,GT,IPP Non-CHP,2,41.9,34.7,45.1,NG,KER,N,,,,,,,Y,Y,34.7,45.1,34.7,45.1,1H,1H,Y,,Y,,2021,Natural Gas Fired Combustion Turbine,Y,1.0,1970.0
13582,NRG Astoria Gas Turbine Operations Inc,55243,Astoria Gas Turbines,NY,Queens,2-3,OP,GT,IPP Non-CHP,2,41.9,36.7,46.5,NG,KER,N,,,,,,,Y,Y,36.7,46.5,36.7,46.5,1H,1H,Y,,Y,,2021,Natural Gas Fired Combustion Turbine,Y,1.0,1970.0
13582,NRG Astoria Gas Turbine Operations Inc,55243,Astoria Gas Turbines,NY,Queens,2-4,OP,GT,IPP Non-CHP,2,41.9,35.4,45.7,NG,KER,N,,,,,,,Y,Y,35.4,45.7,35.4,45.7,1H,1H,Y,,Y,,2021,Natural Gas Fired Combustion Turbine,Y,1.0,1970.0
13582,NRG Astoria Gas Turbine Operations Inc,55243,Astoria Gas Turbines,NY,Queens,3-1,OP,GT,IPP Non-CHP,2,41.9,35.5,45.8,NG,KER,N,,,,,,,Y,Y,35.5,45.8,35.5,45.8,1H,1H,Y,,Y,,2021,Natural Gas Fired Combustion Turbine,Y,1.0,1970.0
13582,NRG Astoria Gas Turbine Operations Inc,55243,Astoria Gas Turbines,NY,Queens,3-2,OP,GT,IPP Non-CHP,2,41.9,35.7,45.7,NG,KER,N,,,,,,,Y,Y,35.7,45.7,35.7,45.7,1H,1H,Y,,Y,,2021,Natural Gas Fired Combustion Turbine,Y,1.0,1970.0
13582,NRG Astoria Gas Turbine Operations Inc,55243,Astoria Gas Turbines,NY,Queens,3-3,OP,GT,IPP Non-CHP,2,41.9,34,45.2,NG,KER,N,,,,,,,Y,Y,34,45.2,34,45.2,1H,1H,Y,,Y,,2021,Natural Gas Fired Combustion Turbine,Y,1.0,1970.0
13582,NRG Astoria Gas Turbine Operations Inc,55243,Astoria Gas Turbines,NY,Queens,3-4,OP,GT,IPP Non-CHP,2,41.9,35.3,46.1,NG,KER,N,,,,,,,Y,Y,35.3,46.1,35.3,46.1,1H,1H,Y,,Y,,2021,Natural Gas Fired Combustion Turbine,Y,1.0,1970.0
13582,NRG Astoria Gas Turbine Operations Inc,55243,Astoria Gas Turbines,NY,Queens,4-1,OP,GT,IPP Non-CHP,2,41.9,33.8,43.9,NG,KER,N,,,,,,,Y,Y,33.8,43.9,33.8,43.9,1H,1H,Y,,Y,,2021,Natural Gas Fired Combustion Turbine,Y,1.0,1970.0
13582,NRG Astoria Gas Turbine Operations Inc,55243,Astoria Gas Turbines,NY,Queens,4-2,OP,GT,IPP Non-CHP,2,41.9,34.3,44.9,NG,KER,N,,,,,,,Y,Y,34.3,44.9,34.3,44.9,1H,1H,Y,,Y,,2021,Natural Gas Fired Combustion Turbine,Y,1.0,1970.0
13582,NRG Astoria Gas Turbine Operations Inc,55243,Astoria Gas Turbines,NY,Queens,4-3,OP,GT,IPP Non-CHP,2,41.9,35.3,46.3,NG,KER,N,,,,,,,Y,Y,35.3,46.3,35.3,46.3,1H,1H,Y,,Y,,2021,Natural Gas Fired Combustion Turbine,Y,1.0,1970.0
13582,NRG Astoria Gas Turbine Operations Inc,55243,Astoria Gas Turbines,NY,Queens,4-4,OP,GT,IPP Non-CHP,2,41.9,34.9,45.2,NG,KER,N,,,,,,,Y,Y,34.9,45.2,34.9,45.2,1H,1H,Y,,Y,,2021,Natural Gas Fired Combustion Turbine,Y,1.0,1970.0
22979,Astoria Energy LLC,55375,Astoria Energy,NY,Queens,CT1,OP,CT,IPP Non-CHP,2,170.0,165,189,NG,DFO,N,,,,,,,Y,N,165,189,165,189,1H,1H,Y,Y,Y,,2021,Natural Gas Fired Combined Cycle,Y,5.0,2006.0
22979,Astoria Energy LLC,55375,Astoria Energy,NY,Queens,CT2,OP,CT,IPP Non-CHP,2,170.0,165,189,NG,DFO,N,,,,,,,Y,N,165,189,165,189,1H,1H,Y,Y,Y,,2021,Natural Gas Fired Combined Cycle,Y,5.0,2006.0
49845,"Equus Power I, L.P.,",56032,Equus Freeport Power,NY,Nassau,0001,OP,GT,IPP Non-CHP,2,60.0,45.9,47.7,NG,KER,N,,,,,,,Y,N,46.2,46.2,46.2,46.2,1H,1H,Y,,,Y,2021,Natural Gas Fired Combustion Turbine,Y,6.0,2004.0
49845,"Equus Power I, L.P.,",56032,Equus Freeport Power,NY,Nassau,001,OP,GT,IPP Non-CHP,2,60.0,48.1,49.7,NG,KER,N,,,,,,,Y,N,48.1,49.7,48.1,49.7,1H,1H,Y,Y,,,2021,Natural Gas Fired Combustion Turbine,Y,6.0,2004.0
49837,Pinelawn Power LLC,56188,Pinelawn Power LLC,NY,Suffolk,CTG,OP,CT,IPP Non-CHP,2,50.0,47,47,NG,KER,N,,,,,,,Y,N,47,47,47,47,1H,1H,Y,Y,Y,Y,2021,Natural Gas Fired Combined Cycle,Y,7.0,2005.0
15296,New York Power Authority,56196,500MW CC,NY,Queens,CT01,OP,CT,Electric Utility,1,170.0,153.3,192.7,NG,DFO,N,,,,,,,Y,N,153.3,192.7,153.3,192.7,1H,1H,Y,,,Y,2021,Natural Gas Fired Combined Cycle,Y,12.0,2005.0
15296,New York Power Authority,56196,500MW CC,NY,Queens,CT02,OP,CT,Electric Utility,1,170.0,153.3,192.7,NG,DFO,N,,,,,,,Y,N,153.3,192.7,153.3,192.7,1H,1H,Y,,,Y,2021,Natural Gas Fired Combined Cycle,Y,12.0,2005.0
49950,"Caithness Long Island, LLC",56234,Caithness Long Island Energy Center,NY,Suffolk,CT01,OP,CT,IPP Non-CHP,2,196.2,187.7,216,NG,DFO,N,,,,,,,Y,Y,175,220,175,200,6H,6H,Y,Y,Y,,2021,Natural Gas Fired Combined Cycle,Y,8.0,2009.0
56480,Empire Generating Co LLC,56259,Empire Generating Co LLC,NY,Rensselaer,CT11,OP,CT,IPP CHP,3,179.0,155,190,NG,DFO,N,,,,,,,Y,Y,155,190,155,190,1H,1H,Y,,Y,Y,2021,Natural Gas Fired Combined Cycle,Y,9.0,2010.0
56480,Empire Generating Co LLC,56259,Empire Generating Co LLC,NY,Rensselaer,CT12,OP,CT,IPP CHP,3,179.0,155,190,NG,DFO,N,,,,,,,Y,Y,155,190,155,190,1H,1H,Y,,Y,Y,2021,Natural Gas Fired Combined Cycle,Y,9.0,2010.0
56204,"CPV Valley, LLC",56940,CPV Valley Energy Center,NY,Orange,CTG1,OP,CT,IPP Non-CHP,2,235.0,182.9,221.1,NG,DFO,N,,,,,,,Y,Y,182.91,221.13,180,190.4,1H,1H,Y,Y,Y,,2021,Natural Gas Fired Combined Cycle,Y,5.0,2018.0
56204,"CPV Valley, LLC",56940,CPV Valley Energy Center,NY,Orange,CTG2,OP,CT,IPP Non-CHP,2,235.0,183.3,221.1,NG,DFO,N,,,,,,,Y,Y,183.31,221.13,180,192.4,1H,1H,Y,Y,Y,,2021,Natural Gas Fired Combined Cycle,Y,5.0,2018.0
60545,"City of Auburn, New York",57636,Auburn LFG Energy Facility,NY,Cayuga,1,OS,IC,IPP Non-CHP,2,1.1,1.1,1.1,LFG,NG,Y,NG,LFG,,,,,N,, , , , ,,,,,,,2021,Landfill Gas,Y,1.0,2010.0
60545,"City of Auburn, New York",57636,Auburn LFG Energy Facility,NY,Cayuga,3,OS,IC,IPP Non-CHP,2,1.1,1.1,1.1,LFG,NG,Y,NG,LFG,,,,,N,, , , , ,,,,,,,2021,Landfill Gas,Y,1.0,2010.0
56991,Astoria Energy II LLC,57664,Astoria Energy II,NY,Queens,CT3,OP,CT,IPP Non-CHP,2,200.0,156,188,NG,DFO,N,,,,,,,Y,Y,156,188,156,188,1H,1H,Y,Y,Y,,2021,Natural Gas Fired Combined Cycle,Y,7.0,2011.0
56991,Astoria Energy II LLC,57664,Astoria Energy II,NY,Queens,CT4,OP,CT,IPP Non-CHP,2,200.0,156,188,NG,DFO,N,,,,,,,Y,Y,156,188,156,188,1H,1H,Y,Y,Y,,2021,Natural Gas Fired Combined Cycle,Y,7.0,2011.0
58107,University of Rochester,58157,University of Rochester,NY,Monroe,HP,OP,ST,Commercial CHP,5,18.2,17,17,NG,DFO,N,,,,,,,Y,N,16,17,17,17,1H,6H,Y,Y,Y,,2021,Natural Gas Steam Turbine,Y,10.0,2005.0
58107,University of Rochester,58157,University of Rochester,NY,Monroe,LP,OP,ST,Commercial CHP,5,7.2,7.2,7.2,NG,DFO,N,,,,,,,Y,N,7,7,7,7,1H,6H,Y,Y,Y,,2021,Natural Gas Steam Turbine,Y,10.0,2005.0
58487,Montefiore Medical Center Moses Division,58507,Montefieor Medical Center Moses Division,NY,Bronx,ES006,OP,GT,Commercial CHP,5,5.3,4.8,4.8,NG,DFO,,,,,,,,Y,Y,3.5,3.5,3.5,3.5,6H,6H,N,,,,2021,Natural Gas Fired Combustion Turbine,Y,1.0,2002.0
58487,Montefiore Medical Center Moses Division,58507,Montefieor Medical Center Moses Division,NY,Bronx,S0001,OP,IC,Commercial CHP,5,1.6,1.2,1.2,NG,DFO,,,,,,,,Y,Y,1.2,1.2,1.2,1.2,6H,6H,N,,,,2021,Natural Gas Internal Combustion Engine,Y,1.0,1994.0
58487,Montefiore Medical Center Moses Division,58507,Montefieor Medical Center Moses Division,NY,Bronx,S0002,OP,IC,Commercial CHP,5,1.6,1.2,1.2,NG,DFO,,,,,,,,Y,Y,1.2,1.2,1.2,1.2,6H,6H,N,,,,2021,Natural Gas Internal Combustion Engine,Y,1.0,1994.0
58487,Montefiore Medical Center Moses Division,58507,Montefieor Medical Center Moses Division,NY,Bronx,S0003,OP,IC,Commercial CHP,5,1.6,1.2,1.2,NG,DFO,,,,,,,,Y,Y,1.2,1.2,1.2,1.2,6H,6H,N,,,,2021,Natural Gas Internal Combustion Engine,Y,1.0,1994.0
3249,Central Hudson Gas & Elec Corp,2487,West Coxsackie,NY,Greene,GT1,OP,GT,Electric Utility,1,21.3,20.2,24.8,NG,KER,N,,,,,,,Y,Y,19.6,19.6,19.6,19.6,1H,1H,Y,,Y,,2022,Natural Gas Fired Combustion Turbine,Y,12.0,1969.0
4226,Consolidated Edison Co-NY Inc,2493,East River,NY,New York,1,OP,GT,Electric Utility,1,180.0,155.1,201.6,NG,KER,N,,,,,,,Y,N,152.3,195.8,143.8,182.8,UNK,UNK,Y,,Y,,2022,Natural Gas Fired Combustion Turbine,Y,4.0,2005.0
4226,Consolidated Edison Co-NY Inc,2493,East River,NY,New York,2,OP,GT,Electric Utility,1,180.0,155.8,198.5,NG,KER,N,,,,,,,Y,N,149.1,193.7,148.3,182.8,72H,UNK,Y,,Y,,2022,Natural Gas Fired Combustion Turbine,Y,4.0,2005.0
4226,Consolidated Edison Co-NY Inc,2493,East River,NY,New York,6,OP,ST,Electric Utility,1,156.2,141.4,146.6,NG,DFO,Y,NG,DFO,RFO,,,,Y,Y,143.1,142.8,130,140,6H,6H,Y,,,Y,2022,Natural Gas Steam Turbine,Y,11.0,1951.0
4226,Consolidated Edison Co-NY Inc,2493,East River,NY,New York,7,OP,ST,Electric Utility,1,200.0,184.2,188.1,NG,DFO,Y,NG,DFO,RFO,,,,Y,Y,185.6,184.1,170,185,6H,6H,Y,,,Y,2022,Natural Gas Steam Turbine,Y,6.0,1955.0
54863,U S Power Generating Company LLC,2494,Gowanus Gas Turbines Generating,NY,Kings,GT21,OP,GT,IPP Non-CHP,2,20.0,17.9,23.4,NG,DFO,Y,NG,DFO,,,,,Y,Y,17,21.6,17,21.6,1H,1H,Y,,Y,,2022,Natural Gas Fired Combustion Turbine,Y,6.0,1971.0
54863,U S Power Generating Company LLC,2494,Gowanus Gas Turbines Generating,NY,Kings,GT22,OP,GT,IPP Non-CHP,2,20.0,18.8,24.6,NG,DFO,Y,NG,DFO,,,,,Y,Y,15.2,21.5,15.2,21.5,1H,1H,Y,,Y,,2022,Natural Gas Fired Combustion Turbine,Y,6.0,1971.0
54863,U S Power Generating Company LLC,2494,Gowanus Gas Turbines Generating,NY,Kings,GT23,OP,GT,IPP Non-CHP,2,20.0,20.6,26.9,NG,DFO,Y,NG,DFO,,,,,Y,Y,19.1,22.6,19.1,22.6,1H,1H,Y,,Y,,2022,Natural Gas Fired Combustion Turbine,Y,6.0,1971.0
54863,U S Power Generating Company LLC,2494,Gowanus Gas Turbines Generating,NY,Kings,GT24,OP,GT,IPP Non-CHP,2,20.0,19.3,25.2,NG,DFO,Y,NG,DFO,,,,,Y,Y,17.3,23.1,17.3,23.1,1H,1H,Y,,Y,,2022,Natural Gas Fired Combustion Turbine,Y,6.0,1971.0
54863,U S Power Generating Company LLC,2494,Gowanus Gas Turbines Generating,NY,Kings,GT25,OP,GT,IPP Non-CHP,2,20.0,18.6,24.3,NG,DFO,Y,NG,DFO,,,,,Y,Y,18,23.4,18,23.4,1H,1H,Y,,Y,,2022,Natural Gas Fired Combustion Turbine,Y,6.0,1971.0
54863,U S Power Generating Company LLC,2494,Gowanus Gas Turbines Generating,NY,Kings,GT26,OP,GT,IPP Non-CHP,2,20.0,20.3,26.5,NG,DFO,Y,NG,DFO,,,,,Y,Y,19.5,24.9,19.5,24.9,1H,1H,Y,,Y,,2022,Natural Gas Fired Combustion Turbine,Y,6.0,1971.0
54863,U S Power Generating Company LLC,2494,Gowanus Gas Turbines Generating,NY,Kings,GT27,OP,GT,IPP Non-CHP,2,20.0,19.6,25.6,NG,DFO,Y,NG,DFO,,,,,Y,Y,19.1,24.7,19.1,24.7,1H,1H,Y,,Y,,2022,Natural Gas Fired Combustion Turbine,Y,6.0,1971.0
54863,U S Power Generating Company LLC,2494,Gowanus Gas Turbines Generating,NY,Kings,GT28,OP,GT,IPP Non-CHP,2,20.0,17.7,23.1,NG,DFO,Y,NG,DFO,,,,,Y,Y,17.7,22.9,17.7,22.9,1H,1H,Y,,Y,,2022,Natural Gas Fired Combustion Turbine,Y,6.0,1971.0
54863,U S Power Generating Company LLC,2494,Gowanus Gas Turbines Generating,NY,Kings,GT31,OP,GT,IPP Non-CHP,2,20.0,17.7,23.1,NG,DFO,Y,NG,DFO,,,,,Y,Y,16.9,21.9,16.9,21.9,1H,1H,Y,,Y,,2022,Natural Gas Fired Combustion Turbine,Y,7.0,1971.0
54863,U S Power Generating Company LLC,2494,Gowanus Gas Turbines Generating,NY,Kings,GT32,OP,GT,IPP Non-CHP,2,20.0,17.7,23.1,NG,DFO,Y,NG,DFO,,,,,Y,Y,17.1,22.6,17.1,22.6,1H,1H,Y,,Y,,2022,Natural Gas Fired Combustion Turbine,Y,7.0,1971.0
54863,U S Power Generating Company LLC,2494,Gowanus Gas Turbines Generating,NY,Kings,GT33,OP,GT,IPP Non-CHP,2,20.0,19.8,25.9,NG,DFO,Y,NG,DFO,,,,,Y,Y,18,23.8,18,23.8,1H,1H,Y,,Y,,2022,Natural Gas Fired Combustion Turbine,Y,7.0,1971.0
54863,U S Power Generating Company LLC,2494,Gowanus Gas Turbines Generating,NY,Kings,GT34,OP,GT,IPP Non-CHP,2,20.0,17.9,23.4,NG,DFO,Y,NG,DFO,,,,,Y,Y,16.2,21.4,16.2,21.4,1H,1H,Y,,Y,,2022,Natural Gas Fired Combustion Turbine,Y,7.0,1971.0
54863,U S Power Generating Company LLC,2494,Gowanus Gas Turbines Generating,NY,Kings,GT35,OP,GT,IPP Non-CHP,2,20.0,19,24.8,NG,DFO,Y,NG,DFO,,,,,Y,Y,17.3,22.8,17.3,22.8,1H,1H,Y,,Y,,2022,Natural Gas Fired Combustion Turbine,Y,7.0,1971.0
54863,U S Power Generating Company LLC,2494,Gowanus Gas Turbines Generating,NY,Kings,GT36,OP,GT,IPP Non-CHP,2,20.0,17.6,23,NG,DFO,Y,NG,DFO,,,,,Y,Y,15.5,21,15.5,21,1H,1H,Y,,Y,,2022,Natural Gas Fired Combustion Turbine,Y,7.0,1971.0
54863,U S Power Generating Company LLC,2494,Gowanus Gas Turbines Generating,NY,Kings,GT37,OP,GT,IPP Non-CHP,2,20.0,18.1,23.6,NG,DFO,Y,NG,DFO,,,,,Y,Y,18.1,23.9,18.1,23.9,1H,1H,Y,,Y,,2022,Natural Gas Fired Combustion Turbine,Y,7.0,1971.0
54863,U S Power Generating Company LLC,2494,Gowanus Gas Turbines Generating,NY,Kings,GT38,OP,GT,IPP Non-CHP,2,20.0,19,24.8,NG,DFO,Y,NG,DFO,,,,,Y,Y,16.9,23.9,16.9,23.9,1H,1H,Y,,Y,,2022,Natural Gas Fired Combustion Turbine,Y,7.0,1971.0
54863,U S Power Generating Company LLC,2499,Narrows Gas Turbines Generating,NY,Kings,NT11,OP,GT,IPP Non-CHP,2,22.0,21,27.4,NG,DFO,Y,NG,DFO,,,,,Y,Y,19.3,24.9,19.3,24.9,1H,1H,Y,,Y,,2022,Natural Gas Fired Combustion Turbine,Y,5.0,1972.0
54863,U S Power Generating Company LLC,2499,Narrows Gas Turbines Generating,NY,Kings,NT12,OP,GT,IPP Non-CHP,2,22.0,19.5,25.5,NG,DFO,Y,NG,DFO,,,,,Y,Y,17.1,23.8,17.1,23.8,1H,1H,Y,,Y,,2022,Natural Gas Fired Combustion Turbine,Y,5.0,1972.0
54863,U S Power Generating Company LLC,2499,Narrows Gas Turbines Generating,NY,Kings,NT13,OP,GT,IPP Non-CHP,2,22.0,20.4,26.6,NG,DFO,Y,NG,DFO,,,,,Y,Y,18.3,24.9,18.3,24.9,1H,1H,Y,,Y,,2022,Natural Gas Fired Combustion Turbine,Y,5.0,1972.0
54863,U S Power Generating Company LLC,2499,Narrows Gas Turbines Generating,NY,Kings,NT14,OP,GT,IPP Non-CHP,2,22.0,20.1,26.3,NG,DFO,Y,NG,DFO,,,,,Y,Y,18.8,24.9,18.8,24.9,1H,1H,Y,,Y,,2022,Natural Gas Fired Combustion Turbine,Y,5.0,1972.0
54863,U S Power Generating Company LLC,2499,Narrows Gas Turbines Generating,NY,Kings,NT15,OP,GT,IPP Non-CHP,2,22.0,19.8,25.9,NG,DFO,Y,NG,DFO,,,,,Y,Y,19.9,24.9,19.9,24.9,1H,1H,Y,,Y,,2022,Natural Gas Fired Combustion Turbine,Y,5.0,1972.0
54863,U S Power Generating Company LLC,2499,Narrows Gas Turbines Generating,NY,Kings,NT16,OP,GT,IPP Non-CHP,2,22.0,18.9,24.7,NG,DFO,Y,NG,DFO,,,,,Y,Y,16.5,22.2,16.5,22.2,1H,1H,Y,,Y,,2022,Natural Gas Fired Combustion Turbine,Y,5.0,1972.0
54863,U S Power Generating Company LLC,2499,Narrows Gas Turbines Generating,NY,Kings,NT17,OP,GT,IPP Non-CHP,2,22.0,18.4,24,NG,DFO,Y,NG,DFO,,,,,Y,Y,19.4,24.9,19.4,24.9,1H,1H,Y,,Y,,2022,Natural Gas Fired Combustion Turbine,Y,5.0,1972.0
54863,U S Power Generating Company LLC,2499,Narrows Gas Turbines Generating,NY,Kings,NT18,OP,GT,IPP Non-CHP,2,22.0,19.9,26,NG,DFO,Y,NG,DFO,,,,,Y,Y,17.5,23.2,17.5,23.2,1H,1H,Y,,Y,,2022,Natural Gas Fired Combustion Turbine,Y,5.0,1972.0
54863,U S Power Generating Company LLC,2499,Narrows Gas Turbines Generating,NY,Kings,NT21,OP,GT,IPP Non-CHP,2,22.0,19.4,25.3,NG,DFO,Y,NG,DFO,,,,,Y,Y,19.2,24.8,19.2,24.8,1H,1H,Y,,Y,,2022,Natural Gas Fired Combustion Turbine,Y,6.0,1972.0
54863,U S Power Generating Company LLC,2499,Narrows Gas Turbines Generating,NY,Kings,NT22,OP,GT,IPP Non-CHP,2,22.0,18.7,24.4,NG,DFO,Y,NG,DFO,,,,,Y,Y,16.4,22.9,16.4,22.9,1H,1H,Y,,Y,,2022,Natural Gas Fired Combustion Turbine,Y,6.0,1972.0
54863,U S Power Generating Company LLC,2499,Narrows Gas Turbines Generating,NY,Kings,NT23,OP,GT,IPP Non-CHP,2,22.0,18.4,24,NG,DFO,Y,NG,DFO,,,,,Y,Y,17.5,23.8,17.5,23.8,1H,1H,Y,,Y,,2022,Natural Gas Fired Combustion Turbine,Y,6.0,1972.0
54863,U S Power Generating Company LLC,2499,Narrows Gas Turbines Generating,NY,Kings,NT24,OP,GT,IPP Non-CHP,2,22.0,18.4,24,NG,DFO,Y,NG,DFO,,,,,Y,Y,17.9,24.2,17.9,24.2,1H,1H,Y,,Y,,2022,Natural Gas Fired Combustion Turbine,Y,6.0,1972.0
54863,U S Power Generating Company LLC,2499,Narrows Gas Turbines Generating,NY,Kings,NT25,OP,GT,IPP Non-CHP,2,22.0,19.9,26,NG,DFO,Y,NG,DFO,,,,,Y,Y,18.1,24.4,18.1,24.4,1H,1H,Y,,Y,,2022,Natural Gas Fired Combustion Turbine,Y,6.0,1972.0
54863,U S Power Generating Company LLC,2499,Narrows Gas Turbines Generating,NY,Kings,NT26,OP,GT,IPP Non-CHP,2,22.0,18.1,23.6,NG,DFO,Y,NG,DFO,,,,,Y,Y,16.3,21.9,16.3,21.9,1H,1H,Y,,Y,,2022,Natural Gas Fired Combustion Turbine,Y,6.0,1972.0
54863,U S Power Generating Company LLC,2499,Narrows Gas Turbines Generating,NY,Kings,NT27,OP,GT,IPP Non-CHP,2,22.0,20.7,27,NG,DFO,Y,NG,DFO,,,,,Y,Y,18.5,24.9,18.5,24.9,1H,1H,Y,,Y,,2022,Natural Gas Fired Combustion Turbine,Y,6.0,1972.0
54863,U S Power Generating Company LLC,2499,Narrows Gas Turbines Generating,NY,Kings,NT28,OP,GT,IPP Non-CHP,2,22.0,17.5,22.9,NG,DFO,Y,NG,DFO,,,,,Y,Y,16.3,21.9,16.3,21.9,1H,1H,Y,,Y,,2022,Natural Gas Fired Combustion Turbine,Y,6.0,1972.0
61130,"Helix Ravenswood, LLC",2500,Ravenswood,NY,Queens,1,OP,ST,IPP Non-CHP,2,400.0,368.5,375.8,NG,DFO,Y,NG,RFO,,,,,Y,Y,368.5,375,368.5,375,6H,6H,Y,,Y,,2022,Natural Gas Steam Turbine,Y,2.0,1963.0
61130,"Helix Ravenswood, LLC",2500,Ravenswood,NY,Queens,2,OP,ST,IPP Non-CHP,2,400.0,373,374.3,NG,DFO,Y,NG,RFO,,,,,Y,Y,373,378,373,378,6H,6H,Y,,Y,,2022,Natural Gas Steam Turbine,Y,5.0,1963.0
61130,"Helix Ravenswood, LLC",2500,Ravenswood,NY,Queens,3,OP,ST,IPP Non-CHP,2,1027.0,988.7,968.3,NG,DFO,Y,NG,RFO,,,,,Y,Y,988.7,990,988.7,990,6H,6H,Y,,Y,,2022,Natural Gas Steam Turbine,Y,6.0,1965.0
61130,"Helix Ravenswood, LLC",2500,Ravenswood,NY,Queens,4,OP,CT,IPP Non-CHP,2,181.0,161.8,185.8,NG,KER,N,,,,,,,Y,Y,161.83,192.1,161.83,192.1,6H,6H,Y,Y,Y,,2022,Natural Gas Fired Combined Cycle,Y,12.0,2003.0
61130,"Helix Ravenswood, LLC",2500,Ravenswood,NY,Queens,4S,OP,CA,IPP Non-CHP,2,87.5,78.3,89.8,NG,KER,N,,,,,,,Y,Y,78.3,92.2,78.3,92.2,6H,6H,Y,Y,Y,,2022,Natural Gas Fired Combined Cycle,Y,12.0,2003.0
61130,"Helix Ravenswood, LLC",2500,Ravenswood,NY,Queens,GT10,OS,GT,IPP Non-CHP,2,25.0,16,20.3,NG,KER,N,,,,,,,Y,Y,16,22.3,16,22.3,1H,1H,Y,Y,Y,,2022,Natural Gas Fired Combustion Turbine,Y,7.0,1969.0
61130,"Helix Ravenswood, LLC",2500,Ravenswood,NY,Queens,GT11,OP,GT,IPP Non-CHP,2,25.0,16.4,22.4,NG,KER,N,,,,,,,Y,Y,16.4,22.4,16.4,22.4,1H,1H,Y,Y,Y,,2022,Natural Gas Fired Combustion Turbine,Y,6.0,1969.0
4226,Consolidated Edison Co-NY Inc,2503,59th Street,NY,New York,GT1,OP,GT,Electric Utility,1,17.1,13.1,16.1,NG,KER,N,,,,,,,Y,N,14.4,20.8,14.4,20.8,UNK,UNK,N,,,,2022,Natural Gas Fired Combustion Turbine,Y,6.0,1969.0
56505,National Grid Generation LLC,2511,E F Barrett,NY,Nassau,10,OP,GT,Electric Utility,1,41.8,40.6,50,NG,DFO,N,,,,,,,Y,Y,40.6,50,40.6,50,1H,1H,N,,,,2022,Natural Gas Fired Combustion Turbine,Y,6.0,1971.0
56505,National Grid Generation LLC,2511,E F Barrett,NY,Nassau,11,OP,GT,Electric Utility,1,41.8,40.1,50.5,NG,DFO,N,,,,,,,Y,Y,40.1,50.5,40.1,50.5,1H,1H,N,,,,2022,Natural Gas Fired Combustion Turbine,Y,6.0,1971.0
56505,National Grid Generation LLC,2511,E F Barrett,NY,Nassau,12,OP,GT,Electric Utility,1,41.8,40.9,48.7,NG,DFO,N,,,,,,,Y,Y,40.9,48.7,40.9,48.7,1H,1H,N,,,,2022,Natural Gas Fired Combustion Turbine,Y,6.0,1971.0
56505,National Grid Generation LLC,2511,E F Barrett,NY,Nassau,3,OP,GT,Electric Utility,1,18.0,17.7,20.2,NG,DFO,N,,,,,,,Y,Y,17.7,20.2,17.7,20.2,1H,1H,N,,,,2022,Natural Gas Fired Combustion Turbine,Y,6.0,1970.0
56505,National Grid Generation LLC,2511,E F Barrett,NY,Nassau,4,OP,GT,Electric Utility,1,18.0,16.8,20.5,NG,DFO,N,,,,,,,Y,Y,16.8,20.5,16.8,20.5,1H,1H,N,,,,2022,Natural Gas Fired Combustion Turbine,Y,7.0,1970.0
56505,National Grid Generation LLC,2511,E F Barrett,NY,Nassau,5,OP,GT,Electric Utility,1,18.0,17.6,20.1,NG,DFO,N,,,,,,,Y,Y,17.6,20.1,17.6,20.1,1H,1H,N,,,,2022,Natural Gas Fired Combustion Turbine,Y,7.0,1970.0
56505,National Grid Generation LLC,2511,E F Barrett,NY,Nassau,6,OP,GT,Electric Utility,1,18.0,16.4,19.9,NG,DFO,N,,,,,,,Y,Y,16.4,19.9,16.4,19.9,1H,1H,N,,,,2022,Natural Gas Fired Combustion Turbine,Y,7.0,1970.0
56505,National Grid Generation LLC,2511,E F Barrett,NY,Nassau,8,OP,GT,Electric Utility,1,18.0,15.1,15.2,NG,DFO,N,,,,,,,Y,Y,15.1,15.2,15.1,15.2,1H,1H,N,,,,2022,Natural Gas Fired Combustion Turbine,Y,7.0,1970.0
56505,National Grid Generation LLC,2511,E F Barrett,NY,Nassau,9,OP,GT,Electric Utility,1,41.8,41.2,49.2,NG,DFO,N,,,,,,,Y,Y,41.2,49.2,41.2,49.2,1H,1H,N,,,,2022,Natural Gas Fired Combustion Turbine,Y,6.0,1971.0
56505,National Grid Generation LLC,2511,E F Barrett,NY,Nassau,GT1,OP,GT,Electric Utility,1,18.0,17.4,20.5,NG,DFO,N,,,,,,,Y,Y,17.4,20.5,17.4,20.5,1H,1H,N,,,,2022,Natural Gas Fired Combustion Turbine,Y,6.0,1970.0
56505,National Grid Generation LLC,2511,E F Barrett,NY,Nassau,GT2,OP,GT,Electric Utility,1,18.0,17.6,20.4,NG,DFO,N,,,,,,,Y,Y,17.6,20.4,17.6,20.4,1H,1H,N,,,,2022,Natural Gas Fired Combustion Turbine,Y,6.0,1970.0
56505,National Grid Generation LLC,2511,E F Barrett,NY,Nassau,ST1,OP,ST,Electric Utility,1,188.0,194.2,199.5,NG,RFO,Y,NG,RFO,,,,,Y,Y,194.2,199.5,194.2,199.5,6H,6H,Y,Y,,,2022,Natural Gas Steam Turbine,Y,11.0,1956.0
56505,National Grid Generation LLC,2511,E F Barrett,NY,Nassau,ST2,OP,ST,Electric Utility,1,188.0,178,190.5,NG,RFO,Y,NG,RFO,,,,,Y,Y,178,190.5,178,190.5,6H,6H,Y,Y,,,2022,Natural Gas Steam Turbine,Y,10.0,1963.0
56505,National Grid Generation LLC,2516,Northport,NY,Suffolk,2,OP,ST,Electric Utility,1,387.0,398,399,NG,RFO,Y,NG,RFO,,,,,Y,Y,398,399,398,399,6H,6H,N,,,,2022,Natural Gas Steam Turbine,Y,6.0,1968.0
56505,National Grid Generation LLC,2516,Northport,NY,Suffolk,3,OP,ST,Electric Utility,1,387.0,398.5,394.2,NG,RFO,Y,NG,RFO,,,,,Y,Y,398.5,394.2,398.5,394.2,6H,6H,N,,,,2022,Natural Gas Steam Turbine,Y,7.0,1972.0
56505,National Grid Generation LLC,2516,Northport,NY,Suffolk,4,OP,ST,Electric Utility,1,387.0,398,396.5,NG,RFO,Y,NG,RFO,,,,,Y,Y,398,396.5,398,396.5,6H,6H,N,,,,2022,Natural Gas Steam Turbine,Y,12.0,1977.0
56505,National Grid Generation LLC,2516,Northport,NY,Suffolk,ST1,OP,ST,Electric Utility,1,387.0,397.7,396.2,NG,RFO,Y,NG,RFO,,,,,Y,Y,397.7,396.2,397.7,396.2,6H,6H,N,,,,2022,Natural Gas Steam Turbine,Y,7.0,1967.0
56505,National Grid Generation LLC,2517,Port Jefferson,NY,Suffolk,3,OP,ST,Electric Utility,1,188.0,192,189.2,NG,RFO,Y,NG,RFO,,,,,Y,Y,192,189.2,192,189.2,6H,6H,N,,,,2022,Natural Gas Steam Turbine,Y,11.0,1958.0
56505,National Grid Generation LLC,2517,Port Jefferson,NY,Suffolk,4,OP,ST,Electric Utility,1,188.0,193,194.7,NG,RFO,Y,NG,RFO,,,,,Y,Y,193,194.7,193,194.7,6H,6H,N,,,,2022,Natural Gas Steam Turbine,Y,11.0,1960.0
56505,National Grid Generation LLC,2517,Port Jefferson,NY,Suffolk,GT2,OP,GT,Electric Utility,1,53.0,42.6,46.7,NG,KER,N,,,,,,,Y,N,42.6,46.7,42.6,46.7,1H,1H,Y,,Y,,2022,Natural Gas Fired Combustion Turbine,Y,7.0,2002.0
56505,National Grid Generation LLC,2517,Port Jefferson,NY,Suffolk,GT3,OP,GT,Electric Utility,1,53.0,40.1,47.1,NG,KER,N,,,,,,,Y,N,40.1,47.1,40.1,47.1,1H,1H,Y,,Y,,2022,Natural Gas Fired Combustion Turbine,Y,7.0,2002.0
25,Greenidge Generation Holdings LLC,2527,Greenidge Generation LLC,NY,Yates,4,OP,ST,IPP Non-CHP,2,112.0,104.5,106.3,NG,WDS,Y,NG,WDS,,,,,N,, , , , ,,,,,,,2022,Natural Gas Steam Turbine,Y,12.0,1953.0
65417,Generation Bridge II New York LLC,2539,Bethlehem Energy Center,NY,Albany,5,OP,CT,IPP Non-CHP,2,194.3,178.4,205.8,NG,KER,N,,,,,,,Y,N, , , , ,,,,,,,2022,Natural Gas Fired Combined Cycle,Y,7.0,2005.0
65417,Generation Bridge II New York LLC,2539,Bethlehem Energy Center,NY,Albany,6,OP,CT,IPP Non-CHP,2,194.3,179.7,205.8,NG,RFO,N,,,,,,,Y,N, , , , ,,,,,,,2022,Natural Gas Fired Combined Cycle,Y,7.0,2005.0
64701,Oswego Harbor Power,2594,Oswego Harbor Power,NY,Oswego,ST6,OP,ST,IPP Non-CHP,2,901.8,816,818.5,RFO,NG,Y,RFO,NG,,,,,Y,Y,180,180,850,850,6H,UNK,Y,,Y,Y,2022,Petroleum Liquids,Y,12.0,1979.0
64082,"GenOn Bowline, LLC",2625,Bowline Point,NY,Rockland,1,OP,ST,IPP Non-CHP,2,621.0,586,593.2,NG,RFO,Y,NG,RFO,,,,,Y,Y,572,572,572,572,6H,6H,Y,Y,,,2022,Natural Gas Steam Turbine,Y,9.0,1972.0
64082,"GenOn Bowline, LLC",2625,Bowline Point,NY,Rockland,2,OP,ST,IPP Non-CHP,2,621.0,573.6,568.8,NG,RFO,Y,NG,RFO,,,,,Y,Y,562,567,562,567,6H,6H,Y,Y,,,2022,Natural Gas Steam Turbine,Y,5.0,1974.0
56142,"Alliance NYGT, LLC",2628,Hillburn,NY,Rockland,GEN1,OP,GT,IPP Non-CHP,2,46.5,33.1,43.8,NG,KER,N,,,,,,,Y,N,33.1,43,33.1,43,1H,1H,Y,,Y,,2022,Natural Gas Fired Combustion Turbine,Y,7.0,1972.0
56142,"Alliance NYGT, LLC",2632,Shoemaker,NY,Orange,SHOE,OP,GT,IPP Non-CHP,2,41.9,33,40,NG,KER,N,,,,,,,Y,N,33,40,33,40,1H,1H,Y,,Y,,2022,Natural Gas Fired Combustion Turbine,Y,7.0,1972.0
6775,Village of Freeport - (NY),2679,Plant No 2 Freeport,NY,Nassau,CT5,OP,GT,Electric Utility,1,60.5,49,49,NG,KER,N,,,,,,,Y,N,49,49,49,49,6H,1H,N,,,,2022,Natural Gas Fired Combustion Turbine,Y,4.0,2004.0
9645,Jamestown Board of Public Util,2682,S A Carlson,NY,Chautauqua,5,OP,ST,Electric Utility,1,24.5,22.5,22.5,NG,DFO,N,,,,,,,Y,N,22.5,22.5,7,7,1H,1H,N,,,,2022,Natural Gas Steam Turbine,Y,8.0,1951.0
9645,Jamestown Board of Public Util,2682,S A Carlson,NY,Chautauqua,6,OP,ST,Electric Utility,1,24.5,22.5,22.5,NG,DFO,N,,,,,,,Y,N,22.5,22.5,7,7,1H,1H,N,,,,2022,Natural Gas Steam Turbine,Y,8.0,1968.0
16217,Village of Rockville Centre - (NY),2695,Charles P Keller,NY,Nassau,10,OP,IC,Electric Utility,1,3.5,3.2,3.2,NG,DFO,N,,,,,,,Y,Y,2.9,2.9,3.2,3.2,1H,1H,Y,Y,Y,,2022,Natural Gas Internal Combustion Engine,Y,1.0,1954.0
16217,Village of Rockville Centre - (NY),2695,Charles P Keller,NY,Nassau,11,OP,IC,Electric Utility,1,5.2,5.2,5.2,NG,DFO,N,,,,,,,Y,Y,4.95,4.95,5.2,5.2,1H,1H,Y,Y,Y,,2022,Natural Gas Internal Combustion Engine,Y,1.0,1962.0
16217,Village of Rockville Centre - (NY),2695,Charles P Keller,NY,Nassau,12,OP,IC,Electric Utility,1,5.5,5.5,5.5,NG,DFO,N,,,,,,,Y,Y,5.2,5.2,5.5,5.5,1H,1H,Y,Y,Y,,2022,Natural Gas Internal Combustion Engine,Y,1.0,1967.0
16217,Village of Rockville Centre - (NY),2695,Charles P Keller,NY,Nassau,13,OP,IC,Electric Utility,1,5.5,5.5,5.5,NG,DFO,N,,,,,,,Y,Y,5.2,5.2,5.5,5.5,1H,1H,Y,Y,Y,,2022,Natural Gas Internal Combustion Engine,Y,1.0,1974.0
16217,Village of Rockville Centre - (NY),2695,Charles P Keller,NY,Nassau,14,OP,IC,Electric Utility,1,6.2,6.2,6.2,NG,DFO,N,,,,,,,Y,Y,6.2,6.2,6.2,6.2,1H,1H,Y,Y,Y,,2022,Natural Gas Internal Combustion Engine,Y,9.0,1994.0
16217,Village of Rockville Centre - (NY),2695,Charles P Keller,NY,Nassau,9,OP,IC,Electric Utility,1,3.5,3.2,3.2,NG,DFO,N,,,,,,,Y,Y,2.9,2.9,3.2,3.2,1H,1H,Y,Y,Y,,2022,Natural Gas Internal Combustion Engine,Y,1.0,1954.0
15296,New York Power Authority,7314,Richard M Flynn,NY,Suffolk,NA1,OP,CT,Electric Utility,1,110.0,87.5,104,NG,DFO,Y,NG,DFO,,,,,Y,N,87.5,103.9,87.5,103.9,1H,1H,Y,,,Y,2022,Natural Gas Fired Combined Cycle,Y,5.0,1994.0
56505,National Grid Generation LLC,7869,Glenwood Landing,NY,Nassau,GT4,OP,GT,Electric Utility,1,53.0,42.6,47,NG,KER,N,,,,,,,Y,Y,42.6,47,42.6,47,1H,1H,Y,,Y,,2022,Natural Gas Fired Combustion Turbine,Y,6.0,2002.0
56505,National Grid Generation LLC,7869,Glenwood Landing,NY,Nassau,GT5,OP,GT,Electric Utility,1,53.0,42.5,47,NG,KER,N,,,,,,,Y,Y,42.5,47,42.5,47,1H,1H,Y,,Y,,2022,Natural Gas Fired Combustion Turbine,Y,6.0,2002.0
5511,CCI Roseton LLC,8006,Roseton Generating Facility,NY,Orange,1,OP,ST,IPP Non-CHP,2,621.0,599,602.8,RFO,NG,Y,RFO,NG,,,,,Y,Y,599,602.8,599,602.8,1H,1H,Y,,,Y,2022,Petroleum Liquids,Y,12.0,1974.0
5511,CCI Roseton LLC,8006,Roseton Generating Facility,NY,Orange,2,OP,ST,IPP Non-CHP,2,621.0,605.7,607.7,NG,RFO,Y,RFO,NG,,,,,Y,Y,605.7,607.7,605.7,607.7,1H,1H,Y,,,Y,2022,Natural Gas Steam Turbine,Y,9.0,1974.0
54863,U S Power Generating Company LLC,8906,Astoria Generating Station,NY,Queens,3,OP,ST,IPP Non-CHP,2,376.0,369.9,369.9,NG,RFO,Y,RFO,NG,,,,,Y,Y,370.2,373.2,370.2,373.2,6H,6H,Y,Y,Y,,2022,Natural Gas Steam Turbine,Y,9.0,1958.0
54863,U S Power Generating Company LLC,8906,Astoria Generating Station,NY,Queens,4,OS,ST,IPP Non-CHP,2,387.0,376.3,376.3,NG,RFO,Y,RFO,NG,,,,,Y,Y,372,372,361,361,6H,6H,Y,Y,Y,,2022,Natural Gas Steam Turbine,Y,12.0,1961.0
54863,U S Power Generating Company LLC,8906,Astoria Generating Station,NY,Queens,ST5,OP,ST,IPP Non-CHP,2,387.0,376.3,376.3,NG,RFO,Y,RFO,NG,,,,,Y,Y,376.9,384.2,376.9,384.2,6H,6H,Y,Y,Y,,2022,Natural Gas Steam Turbine,Y,5.0,1962.0
5624,"RED-Rochester, LLC",10025,"RED-Rochester, LLC",NY,Monroe,17TG,OP,ST,Industrial CHP,7,15.0,15,15,NG,RFO,Y,RFO,NG,,,,,N,, , , , ,,,,,,,2022,Natural Gas Steam Turbine,Y,12.0,1968.0
5624,"RED-Rochester, LLC",10025,"RED-Rochester, LLC",NY,Monroe,41TG,OP,ST,Industrial CHP,7,25.6,25.6,25.6,NG,DFO,Y,RFO,NG,,,,,N,, , , , ,,,,,,,2022,Natural Gas Steam Turbine,Y,5.0,1964.0
5624,"RED-Rochester, LLC",10025,"RED-Rochester, LLC",NY,Monroe,42TG,OP,ST,Industrial CHP,7,25.6,25.6,25.6,NG,DFO,Y,RFO,NG,,,,,N,, , , , ,,,,,,,2022,Natural Gas Steam Turbine,Y,8.0,1967.0
5624,"RED-Rochester, LLC",10025,"RED-Rochester, LLC",NY,Monroe,43TG,OP,ST,Industrial CHP,7,25.6,25.6,25.6,NG,DFO,Y,RFO,NG,,,,,N,, , , , ,,,,,,,2022,Natural Gas Steam Turbine,Y,4.0,1969.0
5624,"RED-Rochester, LLC",10025,"RED-Rochester, LLC",NY,Monroe,44TG,OP,ST,Industrial CHP,7,25.6,25.6,25.6,NG,DFO,Y,DFO,NG,,,,,N,, , , , ,,,,,,,2022,Natural Gas Steam Turbine,Y,8.0,1987.0
60741,Fortistar Castleton Power,10190,Castleton Energy Center,NY,Rensselaer,GEN1,OP,CT,IPP Non-CHP,2,47.0,67.7,76.6,NG,DFO,Y,NG,DFO,,,,,Y,Y,44,51,43,49,1H,1H,Y,Y,Y,,2022,Natural Gas Fired Combined Cycle,Y,2.0,1992.0
1746,Black River Generation LLC,10464,ReEnergy Black River,NY,Jefferson,GEN1,OP,ST,IPP Non-CHP,2,55.5,55,56,WDS,TDF,Y,WDS,DFO,TDF,,,,N,, , , , ,,,,,,,2022,Wood/Wood Waste Biomass,Y,6.0,1989.0
60641,Veolia NA - Municipal & Commercial Business,10521,Lederle Laboratories,NY,Rockland,3A,OP,CA,Industrial CHP,7,1.5,1.5,1.5,NG,DFO,N,,,,,,,Y,Y,1.5,1.5,1.5,1.5,1H,1H,Y,,Y,,2022,Natural Gas Fired Combined Cycle,Y,12.0,1998.0
60641,Veolia NA - Municipal & Commercial Business,10521,Lederle Laboratories,NY,Rockland,GEN1,OP,CT,Industrial CHP,7,8.3,8.3,8.3,NG,DFO,N,,,,,,,Y,Y,8.3,8.3,8.3,8.3,1H,1H,Y,,Y,,2022,Natural Gas Fired Combined Cycle,Y,1.0,1991.0
60641,Veolia NA - Municipal & Commercial Business,10521,Lederle Laboratories,NY,Rockland,GEN2,OP,CT,Industrial CHP,7,8.3,8.3,8.3,NG,DFO,N,,,,,,,Y,Y,8.3,8.3,8.3,8.3,1H,1H,Y,,Y,,2022,Natural Gas Fired Combined Cycle,Y,1.0,1991.0
60641,Veolia NA - Municipal & Commercial Business,10521,Lederle Laboratories,NY,Rockland,GEN3,OP,CA,Industrial CHP,7,2.2,2.2,2.2,NG,DFO,N,,,,,,,Y,Y,2.2,2.2,2.2,2.2,1H,1H,Y,,Y,,2022,Natural Gas Fired Combined Cycle,Y,7.0,1990.0
60641,Veolia NA - Municipal & Commercial Business,10521,Lederle Laboratories,NY,Rockland,TG4,OP,CA,Industrial CHP,7,3.1,1.4,1.4,NG,DFO,N,,,,,,,Y,Y,1.4,1.4,1.4,1.4,1H,1H,Y,,Y,,2022,Natural Gas Fired Combined Cycle,Y,7.0,1997.0
58338,Lakeside Beaver Falls LLC,10617,CH Resources Beaver Falls,NY,Lewis,GEN1,OP,CT,IPP CHP,3,65.5,49.7,59.7,NG,DFO,N,,,,,,,Y,Y,49.7,59.7,45,50,UNK,UNK,N,,,,2022,Natural Gas Fired Combined Cycle,Y,4.0,1995.0
58338,Lakeside Beaver Falls LLC,10617,CH Resources Beaver Falls,NY,Lewis,GEN2,OP,CA,IPP CHP,3,42.3,30.6,31.8,NG,DFO,N,,,,,,,Y,Y,30.6,31.8,25,30,UNK,UNK,N,,,,2022,Natural Gas Fired Combined Cycle,Y,4.0,1995.0
3085,Carthage Energy LLC,10620,Carthage Energy LLC,NY,Jefferson,GEN1,OP,CT,IPP Non-CHP,2,40.9,40.1,45,NG,DFO,Y,NG,DFO,,,,,Y,Y,40.03,45,40.03,45,1H,1H,Y,Y,Y,,2022,Natural Gas Fired Combined Cycle,Y,11.0,1991.0
16909,Selkirk Cogen Partners LP,10725,Selkirk Cogen,NY,Albany,GEN1,OP,CT,IPP CHP,3,95.2,76.9,105.5,NG,DFO,Y,NG,DFO,,,,,Y,N,76.9,105.5,76.9,105.5,OVER,OVER,Y,Y,Y,,2022,Natural Gas Fired Combined Cycle,Y,4.0,1992.0
16909,Selkirk Cogen Partners LP,10725,Selkirk Cogen,NY,Albany,GEN3,OP,CT,IPP CHP,3,95.2,272.3,333.1,NG,DFO,Y,NG,DFO,,,,,N,, , , , ,,,,,,,2022,Natural Gas Fired Combined Cycle,Y,4.0,1994.0
16909,Selkirk Cogen Partners LP,10725,Selkirk Cogen,NY,Albany,GEN4,OP,CT,IPP CHP,3,95.2, , ,NG,DFO,Y,NG,DFO,,,,,N,, , , , ,,,,,,,2022,Natural Gas Fired Combined Cycle,Y,4.0,1994.0
21508,Cornell University,50368,Cornell University Central Heat,NY,Tompkins,CT1,OP,CT,Commercial CHP,5,15.0,12.3,14.5,NG,DFO,N,,,,,,,Y,Y,12.3,14.5,12.3,14.5,1H,1H,Y,,Y,,2022,Natural Gas Fired Combined Cycle,Y,12.0,2009.0
21508,Cornell University,50368,Cornell University Central Heat,NY,Tompkins,CT2,OP,CT,Commercial CHP,5,15.0,12.3,14.5,NG,DFO,N,,,,,,,Y,Y,12.3,14.5,12.3,14.5,1H,1H,Y,,Y,,2022,Natural Gas Fired Combined Cycle,Y,12.0,2009.0
9245,Indeck-Energy Serv Silver Spg,50449,Indeck Silver Springs Energy Center,NY,Wyoming,GEN1,OP,CT,IPP CHP,3,39.4,34.7,45.1,NG,DFO,Y,NG,DFO,,,,,Y,Y,34.7,45.1,34.7,45.1,1H,1H,Y,Y,Y,,2022,Natural Gas Fired Combined Cycle,Y,5.0,1991.0
9245,Indeck-Energy Serv Silver Spg,50449,Indeck Silver Springs Energy Center,NY,Wyoming,GEN2,OP,CA,IPP CHP,3,17.2,17.2,17.2,NG,DFO,N,,,,,,,Y,Y,17.2,17.2,17.2,17.2,1H,1H,Y,Y,Y,,2022,Natural Gas Fired Combined Cycle,Y,5.0,1991.0
9244,Indeck-Oswego Ltd Partnership,50450,Indeck Oswego Energy Center,NY,Oswego,GEN1,OP,CT,IPP CHP,3,41.2,52.7,59.9,NG,DFO,Y,NG,DFO,,,,,Y,Y,52.7,59.9,50.7,58.9,1H,1H,Y,Y,Y,,2022,Natural Gas Fired Combined Cycle,Y,6.0,1990.0
9243,Indeck-Yerkes Ltd Partnership,50451,Indeck Yerkes Energy Center,NY,Erie,GEN1,OP,CT,IPP CHP,3,40.6,45.8,57.3,NG,DFO,Y,NG,DFO,,,,,Y,Y,45.8,57.3,44.3,55.8,1H,1H,Y,Y,Y,,2022,Natural Gas Fired Combined Cycle,Y,12.0,1989.0
9263,Indeck-Corinth Ltd Partnership,50458,Indeck Corinth Energy Center,NY,Saratoga,GEN1,OP,CT,IPP CHP,3,92.0,72.7,91.5,NG,DFO,N,,,,,,,Y,Y,72.7,91.5,72.7,91.5,6H,6H,Y,Y,Y,,2022,Natural Gas Fired Combined Cycle,Y,2.0,1995.0
470,Covanta Energy of Niagara LP,50472,"Covanta Niagara I, LLC",NY,Niagara,GEN1,OP,ST,Commercial CHP,5,25.0,18,18,MSW,NG,Y,NG,MSW,WDS,OTH,,,N,, , , , ,,,,,,,2022,Municipal Solid Waste,Y,8.0,1980.0
470,Covanta Energy of Niagara LP,50472,"Covanta Niagara I, LLC",NY,Niagara,GEN2,OP,ST,Commercial CHP,5,25.0,18,18,MSW,NG,Y,NG,MSW,WDS,OTH,,,N,, , , , ,,,,,,,2022,Municipal Solid Waste,Y,8.0,1980.0
24202,Carr Street Generating Sta LP,50978,Carr Street Generating Station,NY,Onondaga,GEN1,OP,CT,IPP Non-CHP,2,48.8,35,40,NG,DFO,N,,,,,,,Y,Y,35,40,35,40,1H,1H,Y,Y,Y,,2022,Natural Gas Fired Combined Cycle,Y,7.0,1993.0
24202,Carr Street Generating Sta LP,50978,Carr Street Generating Station,NY,Onondaga,GEN2,OP,CT,IPP Non-CHP,2,48.8,35,40,NG,DFO,N,,,,,,,Y,Y,35,40,35,40,1H,1H,Y,Y,Y,,2022,Natural Gas Fired Combined Cycle,Y,7.0,1993.0
24210,Riverbay Corp,52168,Riverbay,NY,Bronx,GEN3,OP,CT,Commercial CHP,5,12.9,12.3,12.6,NG,DFO,N,,,,,,,Y,Y,12.3,12.6,12,12,6H,6H,Y,Y,Y,,2022,Natural Gas Fired Combined Cycle,Y,3.0,2011.0
24210,Riverbay Corp,52168,Riverbay,NY,Bronx,GEN4,OP,CT,Commercial CHP,5,12.9,12.3,12.6,NG,DFO,N,,,,,,,Y,Y,12.3,12.6,12,12,6H,6H,Y,Y,Y,,2022,Natural Gas Fired Combined Cycle,Y,3.0,2011.0
6838,Rensselaer Generating LLC,54034,Rensselaer Cogen,NY,Rensselaer,GEN1,OP,CT,IPP Non-CHP,2,49.2,47,58,NG,DFO,N,,,,,,,Y,Y,47,57,45,54,6H,6H,Y,Y,Y,,2022,Natural Gas Fired Combined Cycle,Y,4.0,1994.0
6838,Rensselaer Generating LLC,54034,Rensselaer Cogen,NY,Rensselaer,GEN2,OP,CA,IPP Non-CHP,2,39.0,33.4,30,NG,DFO,N,,,,,,,Y,Y,32.4,27,18,20,6H,6H,Y,Y,Y,,2022,Natural Gas Fired Combined Cycle,Y,4.0,1994.0
11127,Lockport Energy Associates LP,54041,Lockport Energy Associates LP,NY,Niagara,GEN1,OP,CT,IPP CHP,3,48.7,42,49.3,NG,DFO,Y,NG,DFO,,,,,Y,Y,42.6,50.8,43,49,1H,1H,Y,Y,Y,,2022,Natural Gas Fired Combined Cycle,Y,7.0,1992.0
11127,Lockport Energy Associates LP,54041,Lockport Energy Associates LP,NY,Niagara,GEN2,OP,CT,IPP CHP,3,48.7,42,49.3,NG,DFO,Y,NG,DFO,,,,,Y,Y,41.6,50.8,43,49,1H,1H,Y,Y,Y,,2022,Natural Gas Fired Combined Cycle,Y,7.0,1992.0
11127,Lockport Energy Associates LP,54041,Lockport Energy Associates LP,NY,Niagara,GEN3,OP,CT,IPP CHP,3,48.7,42,49.3,NG,DFO,Y,NG,DFO,,,,,Y,Y,41.6,50.8,43,49,1H,1H,Y,Y,Y,,2022,Natural Gas Fired Combined Cycle,Y,7.0,1992.0
9261,Indeck-Olean Ltd Partnership,54076,Indeck Olean Energy Center,NY,Cattaraugus,GEN1,OP,CT,IPP CHP,3,46.0,34.1,43.2,NG,DFO,Y,NG,DFO,,,,,Y,Y,34.1,43.2,34.1,43.2,1H,1H,Y,Y,Y,,2022,Natural Gas Fired Combined Cycle,Y,1.0,1994.0
9261,Indeck-Olean Ltd Partnership,54076,Indeck Olean Energy Center,NY,Cattaraugus,GEN2,OP,CA,IPP CHP,3,44.6,44.6,44.6,NG,DFO,N,,,,,,,Y,Y,44.6,44.6,44.6,44.6,24H,24H,Y,Y,Y,,2022,Natural Gas Fired Combined Cycle,Y,1.0,1994.0
10349,KIAC Partners,54114,Kennedy International Airport Cogen,NY,Queens,GEN1,OP,CT,IPP CHP,3,47.1,49.9,48.9,NG,DFO,N,,,,,,,Y,Y,49.9,48.9,49.9,48.9,1H,1H,N,,,,2022,Natural Gas Fired Combined Cycle,Y,12.0,1994.0
10349,KIAC Partners,54114,Kennedy International Airport Cogen,NY,Queens,GEN2,OP,CT,IPP CHP,3,47.1,50.8,47.9,NG,DFO,N,,,,,,,Y,Y,50.8,47.9,50.8,47.9,1H,1H,N,,,,2022,Natural Gas Fired Combined Cycle,Y,12.0,1994.0
10349,KIAC Partners,54114,Kennedy International Airport Cogen,NY,Queens,GEN3,OP,CA,IPP CHP,3,27.0,26,27.4,NG,DFO,N,,,,,,,Y,Y,26,27.4,26,27.4,1H,1H,N,,,,2022,Natural Gas Fired Combined Cycle,Y,1.0,1995.0
50136,North American Energy Services,54131,Fortistar North Tonawanda,NY,Niagara,GEN1,OP,CT,IPP CHP,3,48.7,37.3,44.7,NG,DFO,Y,NG,DFO,,,,,Y,Y,37.3,44.7,36.8,40.9,1H,1H,Y,Y,Y,,2022,Natural Gas Fired Combined Cycle,Y,7.0,1993.0
13587,Nissequoque Cogen Partners,54149,Stony Brook Cogen Plant,NY,Suffolk,GEN1,OP,GT,IPP CHP,3,47.0,44.5,47.1,NG,DFO,N,,,,,,,Y,Y,42,44,42,44,1H,1H,Y,Y,Y,,2022,Natural Gas Fired Combustion Turbine,Y,4.0,1995.0
15253,Power City Partners LP,54592,Massena Energy Facility,NY,St Lawrence,GEN1,OP,CT,IPP Non-CHP,2,66.5,46,56,NG,DFO,N,,,,,,,Y,Y,46,56,46,56,1H,1H,Y,,Y,,2022,Natural Gas Fired Combined Cycle,Y,7.0,1992.0
13491,New York University,54808,New York University Central Plant,NY,New York,GT1,OP,CT,Commercial CHP,5,5.5,5.5,5.5,NG,DFO,Y,NG,DFO,,,,,Y,Y,5.5,5.5,5.5,5.5,1H,1H,Y,Y,,,2022,Natural Gas Fired Combined Cycle,Y,12.0,2010.0
13491,New York University,54808,New York University Central Plant,NY,New York,GT2,OP,CT,Commercial CHP,5,5.5,5.5,5.5,NG,DFO,Y,NG,DFO,,,,,Y,Y,5.5,5.5,5.5,5.5,1H,1H,Y,Y,,,2022,Natural Gas Fired Combined Cycle,Y,12.0,2010.0
2313,Brooklyn Navy Yard Cogen PLP,54914,Brooklyn Navy Yard Cogeneration,NY,Kings,01,OP,CT,IPP CHP,3,121.0,90,110,NG,DFO,N,,,,,,,Y,Y,85,110,90,110,1H,1H,Y,,Y,,2022,Natural Gas Fired Combined Cycle,Y,3.0,1996.0
2313,Brooklyn Navy Yard Cogen PLP,54914,Brooklyn Navy Yard Cogeneration,NY,Kings,02,OP,CT,IPP CHP,3,121.0,90,110,NG,DFO,N,,,,,,,Y,Y,85,110,90,110,1H,1H,Y,,Y,,2022,Natural Gas Fired Combined Cycle,Y,3.0,1996.0
13582,NRG Astoria Gas Turbine Operations Inc,55243,Astoria Gas Turbines,NY,Queens,2-1,OP,GT,IPP Non-CHP,2,41.9,34.9,46.5,NG,KER,N,,,,,,,Y,Y,34.8,46.4,34.8,46.4,1H,1H,Y,,Y,,2022,Natural Gas Fired Combustion Turbine,Y,1.0,1970.0
13582,NRG Astoria Gas Turbine Operations Inc,55243,Astoria Gas Turbines,NY,Queens,2-2,OP,GT,IPP Non-CHP,2,41.9,34.3,45.6,NG,KER,N,,,,,,,Y,Y,34.7,45.1,34.7,45.1,1H,1H,Y,,Y,,2022,Natural Gas Fired Combustion Turbine,Y,1.0,1970.0
13582,NRG Astoria Gas Turbine Operations Inc,55243,Astoria Gas Turbines,NY,Queens,2-3,OP,GT,IPP Non-CHP,2,41.9,36.3,46.7,NG,KER,N,,,,,,,Y,Y,36.7,46.5,36.7,46.5,1H,1H,Y,,Y,,2022,Natural Gas Fired Combustion Turbine,Y,1.0,1970.0
13582,NRG Astoria Gas Turbine Operations Inc,55243,Astoria Gas Turbines,NY,Queens,2-4,OP,GT,IPP Non-CHP,2,41.9,32.5,45.4,NG,KER,N,,,,,,,Y,Y,35.4,45.7,35.4,45.7,1H,1H,Y,,Y,,2022,Natural Gas Fired Combustion Turbine,Y,1.0,1970.0
13582,NRG Astoria Gas Turbine Operations Inc,55243,Astoria Gas Turbines,NY,Queens,3-1,OP,GT,IPP Non-CHP,2,41.9,34.6,45,NG,KER,N,,,,,,,Y,Y,35.5,45.8,35.5,45.8,1H,1H,Y,,Y,,2022,Natural Gas Fired Combustion Turbine,Y,1.0,1970.0
13582,NRG Astoria Gas Turbine Operations Inc,55243,Astoria Gas Turbines,NY,Queens,3-2,OP,GT,IPP Non-CHP,2,41.9,35.7,45.3,NG,KER,N,,,,,,,Y,Y,35.7,45.7,35.7,45.7,1H,1H,Y,,Y,,2022,Natural Gas Fired Combustion Turbine,Y,1.0,1970.0
13582,NRG Astoria Gas Turbine Operations Inc,55243,Astoria Gas Turbines,NY,Queens,3-3,OP,GT,IPP Non-CHP,2,41.9,33.9,44.6,NG,KER,N,,,,,,,Y,Y,34,45.2,34,45.2,1H,1H,Y,,Y,,2022,Natural Gas Fired Combustion Turbine,Y,1.0,1970.0
13582,NRG Astoria Gas Turbine Operations Inc,55243,Astoria Gas Turbines,NY,Queens,3-4,OP,GT,IPP Non-CHP,2,41.9,34.9,45.5,NG,KER,N,,,,,,,Y,Y,35.3,46.1,35.3,46.1,1H,1H,Y,,Y,,2022,Natural Gas Fired Combustion Turbine,Y,1.0,1970.0
13582,NRG Astoria Gas Turbine Operations Inc,55243,Astoria Gas Turbines,NY,Queens,4-1,OP,GT,IPP Non-CHP,2,41.9,33.6,43.8,NG,KER,N,,,,,,,Y,Y,33.8,43.9,33.8,43.9,1H,1H,Y,,Y,,2022,Natural Gas Fired Combustion Turbine,Y,1.0,1970.0
13582,NRG Astoria Gas Turbine Operations Inc,55243,Astoria Gas Turbines,NY,Queens,4-2,OP,GT,IPP Non-CHP,2,41.9,34.3,44.3,NG,KER,N,,,,,,,Y,Y,34.3,44.9,34.3,44.9,1H,1H,Y,,Y,,2022,Natural Gas Fired Combustion Turbine,Y,1.0,1970.0
13582,NRG Astoria Gas Turbine Operations Inc,55243,Astoria Gas Turbines,NY,Queens,4-3,OP,GT,IPP Non-CHP,2,41.9,35.4,46.4,NG,KER,N,,,,,,,Y,Y,35.3,46.3,35.3,46.3,1H,1H,Y,,Y,,2022,Natural Gas Fired Combustion Turbine,Y,1.0,1970.0
13582,NRG Astoria Gas Turbine Operations Inc,55243,Astoria Gas Turbines,NY,Queens,4-4,OP,GT,IPP Non-CHP,2,41.9,35.2,44.1,NG,KER,N,,,,,,,Y,Y,34.9,45.2,34.9,45.2,1H,1H,Y,,Y,,2022,Natural Gas Fired Combustion Turbine,Y,1.0,1970.0
22979,Astoria Energy LLC,55375,Astoria Energy,NY,Queens,CT1,OP,CT,IPP Non-CHP,2,170.0,165,189,NG,DFO,N,,,,,,,Y,N,165,189,165,189,1H,1H,Y,Y,Y,,2022,Natural Gas Fired Combined Cycle,Y,5.0,2006.0
22979,Astoria Energy LLC,55375,Astoria Energy,NY,Queens,CT2,OP,CT,IPP Non-CHP,2,170.0,165,189,NG,DFO,N,,,,,,,Y,N,165,189,165,189,1H,1H,Y,Y,Y,,2022,Natural Gas Fired Combined Cycle,Y,5.0,2006.0
49845,"Equus Power I, L.P.",56032,Equus Freeport Power,NY,Nassau,0001,OP,GT,IPP Non-CHP,2,60.0,45.9,47.7,NG,KER,N,,,,,,,Y,N,46.2,46.2,46.2,46.2,1H,1H,Y,,,Y,2022,Natural Gas Fired Combustion Turbine,Y,6.0,2004.0
49845,"Equus Power I, L.P.",56032,Equus Freeport Power,NY,Nassau,001,OP,GT,IPP Non-CHP,2,60.0,48.1,49.7,NG,KER,N,,,,,,,Y,N,48.1,49.7,48.1,49.7,1H,1H,Y,Y,,,2022,Natural Gas Fired Combustion Turbine,Y,6.0,2004.0
49837,Pinelawn Power LLC,56188,Pinelawn Power LLC,NY,Suffolk,CTG,OP,CT,IPP Non-CHP,2,50.0,47,47,NG,KER,N,,,,,,,Y,N,47,47,47,47,1H,1H,Y,Y,Y,Y,2022,Natural Gas Fired Combined Cycle,Y,7.0,2005.0
15296,New York Power Authority,56196,500MW CC,NY,Queens,CT01,OP,CT,Electric Utility,1,170.0,153.3,192.7,NG,DFO,N,,,,,,,Y,N,153.3,192.7,153.3,192.7,1H,1H,Y,,,Y,2022,Natural Gas Fired Combined Cycle,Y,12.0,2005.0
15296,New York Power Authority,56196,500MW CC,NY,Queens,CT02,OP,CT,Electric Utility,1,170.0,153.3,192.7,NG,DFO,N,,,,,,,Y,N,153.3,192.7,153.3,192.7,1H,1H,Y,,,Y,2022,Natural Gas Fired Combined Cycle,Y,12.0,2005.0
49950,"Caithness Long Island, LLC",56234,Caithness Long Island Energy Center,NY,Suffolk,CT01,OP,CT,IPP Non-CHP,2,196.2,187.7,216,NG,DFO,N,,,,,,,Y,Y,175,220,175,200,6H,6H,Y,Y,Y,,2022,Natural Gas Fired Combined Cycle,Y,8.0,2009.0
56480,Empire Generating Co LLC,56259,Empire Generating Co LLC,NY,Rensselaer,CT11,OP,CT,IPP CHP,3,179.0,155,190,NG,DFO,N,,,,,,,Y,Y,155,190,155,190,1H,1H,Y,,Y,Y,2022,Natural Gas Fired Combined Cycle,Y,9.0,2010.0
56480,Empire Generating Co LLC,56259,Empire Generating Co LLC,NY,Rensselaer,CT12,OP,CT,IPP CHP,3,179.0,155,190,NG,DFO,N,,,,,,,Y,Y,155,190,155,190,1H,1H,Y,,Y,Y,2022,Natural Gas Fired Combined Cycle,Y,9.0,2010.0
56204,"CPV Valley, LLC",56940,CPV Valley Energy Center,NY,Orange,CTG1,OP,CT,IPP Non-CHP,2,235.0,180.6,216.8,NG,DFO,N,,,,,,,Y,Y,180.64,216.82,180,190.4,1H,1H,Y,Y,Y,,2022,Natural Gas Fired Combined Cycle,Y,5.0,2018.0
56204,"CPV Valley, LLC",56940,CPV Valley Energy Center,NY,Orange,CTG2,OP,CT,IPP Non-CHP,2,235.0,180.6,216.8,NG,DFO,N,,,,,,,Y,Y,180.64,216.82,180,192.4,1H,1H,Y,Y,Y,,2022,Natural Gas Fired Combined Cycle,Y,5.0,2018.0
60545,"City of Auburn, New York",57636,Auburn LFG Energy Facility,NY,Cayuga,1,OS,IC,IPP Non-CHP,2,1.1,1.1,1.1,LFG,NG,Y,NG,LFG,,,,,N,, , , , ,,,,,,,2022,Landfill Gas,Y,1.0,2010.0
60545,"City of Auburn, New York",57636,Auburn LFG Energy Facility,NY,Cayuga,3,OS,IC,IPP Non-CHP,2,1.1,1.1,1.1,LFG,NG,Y,NG,LFG,,,,,N,, , , , ,,,,,,,2022,Landfill Gas,Y,1.0,2010.0
56991,Astoria Energy II LLC,57664,Astoria Energy II,NY,Queens,CT3,OP,CT,IPP Non-CHP,2,200.0,156,188,NG,DFO,N,,,,,,,Y,Y,156,188,156,188,1H,1H,Y,Y,Y,,2022,Natural Gas Fired Combined Cycle,Y,7.0,2011.0
56991,Astoria Energy II LLC,57664,Astoria Energy II,NY,Queens,CT4,OP,CT,IPP Non-CHP,2,200.0,156,188,NG,DFO,N,,,,,,,Y,Y,156,188,156,188,1H,1H,Y,Y,Y,,2022,Natural Gas Fired Combined Cycle,Y,7.0,2011.0
58107,University of Rochester,58157,University of Rochester,NY,Monroe,HP,OP,ST,Commercial CHP,5,18.2,17,17,NG,DFO,N,,,,,,,Y,N,16,17,17,17,1H,6H,Y,Y,Y,,2022,Natural Gas Steam Turbine,Y,10.0,2005.0
58107,University of Rochester,58157,University of Rochester,NY,Monroe,LP,OP,ST,Commercial CHP,5,7.2,7.2,7.2,NG,DFO,N,,,,,,,Y,N,7,7,7,7,1H,6H,Y,Y,Y,,2022,Natural Gas Steam Turbine,Y,10.0,2005.0
58487,Montefiore Medical Center Moses Division,58507,Montefieor Medical Center Moses Division,NY,Bronx,ES006,OP,GT,Commercial CHP,5,5.3,4.8,4.8,NG,DFO,,,,,,,,Y,Y,3.5,3.5,3.5,3.5,6H,6H,N,,,,2022,Natural Gas Fired Combustion Turbine,Y,1.0,2002.0
58487,Montefiore Medical Center Moses Division,58507,Montefieor Medical Center Moses Division,NY,Bronx,ES007,OP,GT,Commercial CHP,5,3.5,3.5,3.5,NG,DFO,,,,,,,,Y,Y,3.5,3.5,3.5,3.5,6H,6H,N,,,,2022,Natural Gas Fired Combustion Turbine,Y,1.0,2002.0
58487,Montefiore Medical Center Moses Division,58507,Montefieor Medical Center Moses Division,NY,Bronx,S0001,OP,IC,Commercial CHP,5,1.6,1.2,1.2,NG,DFO,,,,,,,,Y,Y,1.2,1.2,1.2,1.2,6H,6H,N,,,,2022,Natural Gas Internal Combustion Engine,Y,1.0,1994.0
58487,Montefiore Medical Center Moses Division,58507,Montefieor Medical Center Moses Division,NY,Bronx,S0002,OP,IC,Commercial CHP,5,1.6,1.2,1.2,NG,DFO,,,,,,,,Y,Y,1.2,1.2,1.2,1.2,6H,6H,N,,,,2022,Natural Gas Internal Combustion Engine,Y,1.0,1994.0
58487,Montefiore Medical Center Moses Division,58507,Montefieor Medical Center Moses Division,NY,Bronx,S0003,OP,IC,Commercial CHP,5,1.6,1.2,1.2,NG,DFO,,,,,,,,Y,Y,1.2,1.2,1.2,1.2,6H,6H,N,,,,2022,Natural Gas Internal Combustion Engine,Y,1.0,1994.0
3249,Central Hudson Gas & Elec Corp,2487,West Coxsackie,NY,Greene,GT1,OP,GT,Electric Utility,1,21.3,20.2,24.8,NG,KER,N,,,,,,,Y,Y,19.6,19.6,19.6,19.6,1H,1H,Y,,Y,,2023,Natural Gas Fired Combustion Turbine,Y,12.0,1969.0
4226,Consolidated Edison Co-NY Inc,2493,East River,NY,New York,1,OP,GT,Electric Utility,1,180.0,151.5,197.8,NG,KER,N,,,,,,,Y,N,151.5,197.8,151.5,197.8,UNK,UNK,Y,,Y,,2023,Natural Gas Fired Combustion Turbine,Y,4.0,2005.0
4226,Consolidated Edison Co-NY Inc,2493,East River,NY,New York,2,OP,GT,Electric Utility,1,180.0,155,199.1,NG,KER,N,,,,,,,Y,N,155,199.1,155,199.1,72H,UNK,Y,,Y,,2023,Natural Gas Fired Combustion Turbine,Y,4.0,2005.0
4226,Consolidated Edison Co-NY Inc,2493,East River,NY,New York,6,OP,ST,Electric Utility,1,156.2,141.4,140.5,NG,DFO,Y,NG,DFO,RFO,,,,Y,Y,141.4,140.5,141.4,140.5,6H,6H,Y,,,Y,2023,Natural Gas Steam Turbine,Y,11.0,1951.0
4226,Consolidated Edison Co-NY Inc,2493,East River,NY,New York,7,OP,ST,Electric Utility,1,200.0,182.4,186.7,NG,DFO,Y,NG,DFO,RFO,,,,Y,Y,182.4,186.7,182.4,186.7,6H,6H,Y,,,Y,2023,Natural Gas Steam Turbine,Y,6.0,1955.0
54863,U S Power Generating Company LLC,2494,Gowanus Gas Turbines Generating,NY,Kings,GT21,OP,GT,IPP Non-CHP,2,20.0,17.9,23.4,NG,DFO,Y,NG,DFO,,,,,Y,Y,17,21.6,17,21.6,1H,1H,Y,,Y,,2023,Natural Gas Fired Combustion Turbine,Y,6.0,1971.0
54863,U S Power Generating Company LLC,2494,Gowanus Gas Turbines Generating,NY,Kings,GT22,OP,GT,IPP Non-CHP,2,20.0,18.8,24.6,NG,DFO,Y,NG,DFO,,,,,Y,Y,15.2,21.5,15.2,21.5,1H,1H,Y,,Y,,2023,Natural Gas Fired Combustion Turbine,Y,6.0,1971.0
54863,U S Power Generating Company LLC,2494,Gowanus Gas Turbines Generating,NY,Kings,GT23,OP,GT,IPP Non-CHP,2,20.0,20.6,26.9,NG,DFO,Y,NG,DFO,,,,,Y,Y,19.1,22.6,19.1,22.6,1H,1H,Y,,Y,,2023,Natural Gas Fired Combustion Turbine,Y,6.0,1971.0
54863,U S Power Generating Company LLC,2494,Gowanus Gas Turbines Generating,NY,Kings,GT24,OP,GT,IPP Non-CHP,2,20.0,19.3,25.2,NG,DFO,Y,NG,DFO,,,,,Y,Y,17.3,23.1,17.3,23.1,1H,1H,Y,,Y,,2023,Natural Gas Fired Combustion Turbine,Y,6.0,1971.0
54863,U S Power Generating Company LLC,2494,Gowanus Gas Turbines Generating,NY,Kings,GT25,OP,GT,IPP Non-CHP,2,20.0,18.6,24.3,NG,DFO,Y,NG,DFO,,,,,Y,Y,18,23.4,18,23.4,1H,1H,Y,,Y,,2023,Natural Gas Fired Combustion Turbine,Y,6.0,1971.0
54863,U S Power Generating Company LLC,2494,Gowanus Gas Turbines Generating,NY,Kings,GT26,OP,GT,IPP Non-CHP,2,20.0,20.3,26.5,NG,DFO,Y,NG,DFO,,,,,Y,Y,19.5,24.9,19.5,24.9,1H,1H,Y,,Y,,2023,Natural Gas Fired Combustion Turbine,Y,6.0,1971.0
54863,U S Power Generating Company LLC,2494,Gowanus Gas Turbines Generating,NY,Kings,GT27,OP,GT,IPP Non-CHP,2,20.0,19.6,25.6,NG,DFO,Y,NG,DFO,,,,,Y,Y,19.1,24.7,19.1,24.7,1H,1H,Y,,Y,,2023,Natural Gas Fired Combustion Turbine,Y,6.0,1971.0
54863,U S Power Generating Company LLC,2494,Gowanus Gas Turbines Generating,NY,Kings,GT28,OP,GT,IPP Non-CHP,2,20.0,17.7,23.1,NG,DFO,Y,NG,DFO,,,,,Y,Y,17.7,22.9,17.7,22.9,1H,1H,Y,,Y,,2023,Natural Gas Fired Combustion Turbine,Y,6.0,1971.0
54863,U S Power Generating Company LLC,2494,Gowanus Gas Turbines Generating,NY,Kings,GT31,OP,GT,IPP Non-CHP,2,20.0,17.7,23.1,NG,DFO,Y,NG,DFO,,,,,Y,Y,16.9,21.9,16.9,21.9,1H,1H,Y,,Y,,2023,Natural Gas Fired Combustion Turbine,Y,7.0,1971.0
54863,U S Power Generating Company LLC,2494,Gowanus Gas Turbines Generating,NY,Kings,GT32,OP,GT,IPP Non-CHP,2,20.0,17.7,23.1,NG,DFO,Y,NG,DFO,,,,,Y,Y,17.1,22.6,17.1,22.6,1H,1H,Y,,Y,,2023,Natural Gas Fired Combustion Turbine,Y,7.0,1971.0
54863,U S Power Generating Company LLC,2494,Gowanus Gas Turbines Generating,NY,Kings,GT33,OP,GT,IPP Non-CHP,2,20.0,19.8,25.9,NG,DFO,Y,NG,DFO,,,,,Y,Y,18,23.8,18,23.8,1H,1H,Y,,Y,,2023,Natural Gas Fired Combustion Turbine,Y,7.0,1971.0
54863,U S Power Generating Company LLC,2494,Gowanus Gas Turbines Generating,NY,Kings,GT34,OP,GT,IPP Non-CHP,2,20.0,17.9,23.4,NG,DFO,Y,NG,DFO,,,,,Y,Y,16.2,21.4,16.2,21.4,1H,1H,Y,,Y,,2023,Natural Gas Fired Combustion Turbine,Y,7.0,1971.0
54863,U S Power Generating Company LLC,2494,Gowanus Gas Turbines Generating,NY,Kings,GT35,OP,GT,IPP Non-CHP,2,20.0,19,24.8,NG,DFO,Y,NG,DFO,,,,,Y,Y,17.3,22.8,17.3,22.8,1H,1H,Y,,Y,,2023,Natural Gas Fired Combustion Turbine,Y,7.0,1971.0
54863,U S Power Generating Company LLC,2494,Gowanus Gas Turbines Generating,NY,Kings,GT36,OP,GT,IPP Non-CHP,2,20.0,17.6,23,NG,DFO,Y,NG,DFO,,,,,Y,Y,15.5,21,15.5,21,1H,1H,Y,,Y,,2023,Natural Gas Fired Combustion Turbine,Y,7.0,1971.0
54863,U S Power Generating Company LLC,2494,Gowanus Gas Turbines Generating,NY,Kings,GT37,OP,GT,IPP Non-CHP,2,20.0,18.1,23.6,NG,DFO,Y,NG,DFO,,,,,Y,Y,18.1,23.9,18.1,23.9,1H,1H,Y,,Y,,2023,Natural Gas Fired Combustion Turbine,Y,7.0,1971.0
54863,U S Power Generating Company LLC,2494,Gowanus Gas Turbines Generating,NY,Kings,GT38,OP,GT,IPP Non-CHP,2,20.0,19,24.8,NG,DFO,Y,NG,DFO,,,,,Y,Y,16.9,23.9,16.9,23.9,1H,1H,Y,,Y,,2023,Natural Gas Fired Combustion Turbine,Y,7.0,1971.0
54863,U S Power Generating Company LLC,2499,Narrows Gas Turbines Generating,NY,Kings,NT11,OP,GT,IPP Non-CHP,2,22.0,21,27.4,NG,DFO,Y,NG,DFO,,,,,Y,Y,19.3,24.9,19.3,24.9,1H,1H,Y,,Y,,2023,Natural Gas Fired Combustion Turbine,Y,5.0,1972.0
54863,U S Power Generating Company LLC,2499,Narrows Gas Turbines Generating,NY,Kings,NT12,OP,GT,IPP Non-CHP,2,22.0,19.5,25.5,NG,DFO,Y,NG,DFO,,,,,Y,Y,17.1,23.8,17.1,23.8,1H,1H,Y,,Y,,2023,Natural Gas Fired Combustion Turbine,Y,5.0,1972.0
54863,U S Power Generating Company LLC,2499,Narrows Gas Turbines Generating,NY,Kings,NT13,OP,GT,IPP Non-CHP,2,22.0,20.4,26.6,NG,DFO,Y,NG,DFO,,,,,Y,Y,18.3,24.9,18.3,24.9,1H,1H,Y,,Y,,2023,Natural Gas Fired Combustion Turbine,Y,5.0,1972.0
54863,U S Power Generating Company LLC,2499,Narrows Gas Turbines Generating,NY,Kings,NT14,OP,GT,IPP Non-CHP,2,22.0,20.1,26.3,NG,DFO,Y,NG,DFO,,,,,Y,Y,18.8,24.9,18.8,24.9,1H,1H,Y,,Y,,2023,Natural Gas Fired Combustion Turbine,Y,5.0,1972.0
54863,U S Power Generating Company LLC,2499,Narrows Gas Turbines Generating,NY,Kings,NT15,OP,GT,IPP Non-CHP,2,22.0,19.8,25.9,NG,DFO,Y,NG,DFO,,,,,Y,Y,19.9,24.9,19.9,24.9,1H,1H,Y,,Y,,2023,Natural Gas Fired Combustion Turbine,Y,5.0,1972.0
54863,U S Power Generating Company LLC,2499,Narrows Gas Turbines Generating,NY,Kings,NT16,OP,GT,IPP Non-CHP,2,22.0,18.9,24.7,NG,DFO,Y,NG,DFO,,,,,Y,Y,16.5,22.2,16.5,22.2,1H,1H,Y,,Y,,2023,Natural Gas Fired Combustion Turbine,Y,5.0,1972.0
54863,U S Power Generating Company LLC,2499,Narrows Gas Turbines Generating,NY,Kings,NT17,OP,GT,IPP Non-CHP,2,22.0,18.4,24,NG,DFO,Y,NG,DFO,,,,,Y,Y,19.4,24.9,19.4,24.9,1H,1H,Y,,Y,,2023,Natural Gas Fired Combustion Turbine,Y,5.0,1972.0
54863,U S Power Generating Company LLC,2499,Narrows Gas Turbines Generating,NY,Kings,NT18,OP,GT,IPP Non-CHP,2,22.0,19.9,26,NG,DFO,Y,NG,DFO,,,,,Y,Y,17.5,23.2,17.5,23.2,1H,1H,Y,,Y,,2023,Natural Gas Fired Combustion Turbine,Y,5.0,1972.0
54863,U S Power Generating Company LLC,2499,Narrows Gas Turbines Generating,NY,Kings,NT21,OP,GT,IPP Non-CHP,2,22.0,19.4,25.3,NG,DFO,Y,NG,DFO,,,,,Y,Y,19.2,24.8,19.2,24.8,1H,1H,Y,,Y,,2023,Natural Gas Fired Combustion Turbine,Y,6.0,1972.0
54863,U S Power Generating Company LLC,2499,Narrows Gas Turbines Generating,NY,Kings,NT22,OP,GT,IPP Non-CHP,2,22.0,18.7,24.4,NG,DFO,Y,NG,DFO,,,,,Y,Y,16.4,22.9,16.4,22.9,1H,1H,Y,,Y,,2023,Natural Gas Fired Combustion Turbine,Y,6.0,1972.0
54863,U S Power Generating Company LLC,2499,Narrows Gas Turbines Generating,NY,Kings,NT23,OP,GT,IPP Non-CHP,2,22.0,18.4,24,NG,DFO,Y,NG,DFO,,,,,Y,Y,17.5,23.8,17.5,23.8,1H,1H,Y,,Y,,2023,Natural Gas Fired Combustion Turbine,Y,6.0,1972.0
54863,U S Power Generating Company LLC,2499,Narrows Gas Turbines Generating,NY,Kings,NT24,OP,GT,IPP Non-CHP,2,22.0,18.4,24,NG,DFO,Y,NG,DFO,,,,,Y,Y,17.9,24.2,17.9,24.2,1H,1H,Y,,Y,,2023,Natural Gas Fired Combustion Turbine,Y,6.0,1972.0
54863,U S Power Generating Company LLC,2499,Narrows Gas Turbines Generating,NY,Kings,NT25,OP,GT,IPP Non-CHP,2,22.0,19.9,26,NG,DFO,Y,NG,DFO,,,,,Y,Y,18.1,24.4,18.1,24.4,1H,1H,Y,,Y,,2023,Natural Gas Fired Combustion Turbine,Y,6.0,1972.0
54863,U S Power Generating Company LLC,2499,Narrows Gas Turbines Generating,NY,Kings,NT26,OP,GT,IPP Non-CHP,2,22.0,18.1,23.6,NG,DFO,Y,NG,DFO,,,,,Y,Y,16.3,21.9,16.3,21.9,1H,1H,Y,,Y,,2023,Natural Gas Fired Combustion Turbine,Y,6.0,1972.0
54863,U S Power Generating Company LLC,2499,Narrows Gas Turbines Generating,NY,Kings,NT27,OP,GT,IPP Non-CHP,2,22.0,20.7,27,NG,DFO,Y,NG,DFO,,,,,Y,Y,18.5,24.9,18.5,24.9,1H,1H,Y,,Y,,2023,Natural Gas Fired Combustion Turbine,Y,6.0,1972.0
54863,U S Power Generating Company LLC,2499,Narrows Gas Turbines Generating,NY,Kings,NT28,OP,GT,IPP Non-CHP,2,22.0,17.5,22.9,NG,DFO,Y,NG,DFO,,,,,Y,Y,16.3,21.9,16.3,21.9,1H,1H,Y,,Y,,2023,Natural Gas Fired Combustion Turbine,Y,6.0,1972.0
61130,Ravenswood Operations LLC,2500,Ravenswood,NY,Queens,1,OP,ST,IPP Non-CHP,2,400.0,368.5,375.8,NG,DFO,Y,NG,DFO,,,,,Y,Y,368.5,375.8,368.5,375.8,6H,6H,Y,Y,Y,,2023,Natural Gas Steam Turbine,Y,2.0,1963.0
61130,Ravenswood Operations LLC,2500,Ravenswood,NY,Queens,2,OP,ST,IPP Non-CHP,2,400.0,374.5,374.3,NG,DFO,Y,NG,DFO,,,,,Y,Y,374.5,374.4,374.5,374.4,6H,6H,Y,Y,Y,,2023,Natural Gas Steam Turbine,Y,5.0,1963.0
61130,Ravenswood Operations LLC,2500,Ravenswood,NY,Queens,3,OP,ST,IPP Non-CHP,2,1027.0,987.3,968.3,NG,DFO,Y,NG,DFO,,,,,Y,Y,987.3,968.3,987.3,968.3,6H,6H,Y,Y,Y,,2023,Natural Gas Steam Turbine,Y,6.0,1965.0
61130,Ravenswood Operations LLC,2500,Ravenswood,NY,Queens,4,OP,CT,IPP Non-CHP,2,181.0,150.4,185.8,NG,KER,N,,,,,,,Y,Y,150.4,185.8,150.4,185.8,6H,6H,Y,Y,Y,,2023,Natural Gas Fired Combined Cycle,Y,12.0,2003.0
61130,Ravenswood Operations LLC,2500,Ravenswood,NY,Queens,4S,OP,CA,IPP Non-CHP,2,87.5,72.8,89.8,NG,KER,N,,,,,,,Y,Y,72.8,89.8,72.8,89.8,6H,6H,Y,Y,Y,,2023,Natural Gas Fired Combined Cycle,Y,12.0,2003.0
4226,Consolidated Edison Co-NY Inc,2503,59th Street,NY,New York,GT1,OP,GT,Electric Utility,1,17.1,13.9,17.4,NG,KER,N,,,,,,,Y,N,13.9,17.4,13.9,17.4,UNK,UNK,N,,,,2023,Natural Gas Fired Combustion Turbine,Y,6.0,1969.0
56505,National Grid Generation LLC,2511,E F Barrett,NY,Nassau,10,OP,GT,Electric Utility,1,41.8,40.6,50,NG,DFO,N,,,,,,,Y,Y,40.6,50,40.6,50,1H,1H,N,,,,2023,Natural Gas Fired Combustion Turbine,Y,6.0,1971.0
56505,National Grid Generation LLC,2511,E F Barrett,NY,Nassau,11,OP,GT,Electric Utility,1,41.8,40.1,50.5,NG,DFO,N,,,,,,,Y,Y,40.1,50.5,40.1,50.5,1H,1H,N,,,,2023,Natural Gas Fired Combustion Turbine,Y,6.0,1971.0
56505,National Grid Generation LLC,2511,E F Barrett,NY,Nassau,12,OP,GT,Electric Utility,1,41.8,40.9,48.7,NG,DFO,N,,,,,,,Y,Y,40.9,48.7,40.9,48.7,1H,1H,N,,,,2023,Natural Gas Fired Combustion Turbine,Y,6.0,1971.0
56505,National Grid Generation LLC,2511,E F Barrett,NY,Nassau,3,OP,GT,Electric Utility,1,18.0,17.7,20.2,NG,DFO,N,,,,,,,Y,Y,17.7,20.2,17.7,20.2,1H,1H,N,,,,2023,Natural Gas Fired Combustion Turbine,Y,6.0,1970.0
56505,National Grid Generation LLC,2511,E F Barrett,NY,Nassau,4,OP,GT,Electric Utility,1,18.0,16.8,20.5,NG,DFO,N,,,,,,,Y,Y,16.8,20.5,16.8,20.5,1H,1H,N,,,,2023,Natural Gas Fired Combustion Turbine,Y,7.0,1970.0
56505,National Grid Generation LLC,2511,E F Barrett,NY,Nassau,5,OP,GT,Electric Utility,1,18.0,17.6,20.1,NG,DFO,N,,,,,,,Y,Y,17.6,20.1,17.6,20.1,1H,1H,N,,,,2023,Natural Gas Fired Combustion Turbine,Y,7.0,1970.0
56505,National Grid Generation LLC,2511,E F Barrett,NY,Nassau,6,OP,GT,Electric Utility,1,18.0,16.4,19.9,NG,DFO,N,,,,,,,Y,Y,16.4,19.9,16.4,19.9,1H,1H,N,,,,2023,Natural Gas Fired Combustion Turbine,Y,7.0,1970.0
56505,National Grid Generation LLC,2511,E F Barrett,NY,Nassau,8,OP,GT,Electric Utility,1,18.0,15.1,15.2,NG,DFO,N,,,,,,,Y,Y,15.1,15.2,15.1,15.2,1H,1H,N,,,,2023,Natural Gas Fired Combustion Turbine,Y,7.0,1970.0
56505,National Grid Generation LLC,2511,E F Barrett,NY,Nassau,9,OP,GT,Electric Utility,1,41.8,41.2,49.2,NG,DFO,N,,,,,,,Y,Y,41.2,49.2,41.2,49.2,1H,1H,N,,,,2023,Natural Gas Fired Combustion Turbine,Y,6.0,1971.0
56505,National Grid Generation LLC,2511,E F Barrett,NY,Nassau,GT1,OP,GT,Electric Utility,1,18.0,17.4,20.5,NG,DFO,N,,,,,,,Y,Y,17.4,20.5,17.4,20.5,1H,1H,N,,,,2023,Natural Gas Fired Combustion Turbine,Y,6.0,1970.0
56505,National Grid Generation LLC,2511,E F Barrett,NY,Nassau,GT2,OP,GT,Electric Utility,1,18.0,17.6,20.4,NG,DFO,N,,,,,,,Y,Y,17.6,20.4,17.6,20.4,1H,1H,N,,,,2023,Natural Gas Fired Combustion Turbine,Y,6.0,1970.0
56505,National Grid Generation LLC,2511,E F Barrett,NY,Nassau,ST1,OP,ST,Electric Utility,1,188.0,194.2,199.5,NG,RFO,Y,NG,RFO,,,,,Y,Y,194.2,199.5,194.2,199.5,6H,6H,Y,Y,,,2023,Natural Gas Steam Turbine,Y,11.0,1956.0
56505,National Grid Generation LLC,2511,E F Barrett,NY,Nassau,ST2,OP,ST,Electric Utility,1,188.0,178,190.5,NG,RFO,Y,NG,RFO,,,,,Y,Y,178,190.5,178,190.5,6H,6H,Y,Y,,,2023,Natural Gas Steam Turbine,Y,10.0,1963.0
56505,National Grid Generation LLC,2516,Northport,NY,Suffolk,2,OP,ST,Electric Utility,1,387.0,398,399,NG,RFO,Y,NG,RFO,,,,,Y,Y,398,399,398,399,6H,6H,N,,,,2023,Natural Gas Steam Turbine,Y,6.0,1968.0
56505,National Grid Generation LLC,2516,Northport,NY,Suffolk,3,OP,ST,Electric Utility,1,387.0,398.5,394.2,NG,RFO,Y,NG,RFO,,,,,Y,Y,398.5,394.2,398.5,394.2,6H,6H,N,,,,2023,Natural Gas Steam Turbine,Y,7.0,1972.0
56505,National Grid Generation LLC,2516,Northport,NY,Suffolk,4,OP,ST,Electric Utility,1,387.0,398,396.5,NG,RFO,Y,NG,RFO,,,,,Y,Y,398,396.5,398,396.5,6H,6H,N,,,,2023,Natural Gas Steam Turbine,Y,12.0,1977.0
56505,National Grid Generation LLC,2516,Northport,NY,Suffolk,ST1,OP,ST,Electric Utility,1,387.0,397.7,396.2,NG,RFO,Y,NG,RFO,,,,,Y,Y,397.7,396.2,397.7,396.2,6H,6H,N,,,,2023,Natural Gas Steam Turbine,Y,7.0,1967.0
56505,National Grid Generation LLC,2517,Port Jefferson,NY,Suffolk,3,OP,ST,Electric Utility,1,188.0,192,189.2,NG,RFO,Y,NG,RFO,,,,,Y,Y,192,189.2,192,189.2,6H,6H,N,,,,2023,Natural Gas Steam Turbine,Y,11.0,1958.0
56505,National Grid Generation LLC,2517,Port Jefferson,NY,Suffolk,4,OP,ST,Electric Utility,1,188.0,193,194.7,NG,RFO,Y,NG,RFO,,,,,Y,Y,193,194.7,193,194.7,6H,6H,N,,,,2023,Natural Gas Steam Turbine,Y,11.0,1960.0
56505,National Grid Generation LLC,2517,Port Jefferson,NY,Suffolk,GT2,OP,GT,Electric Utility,1,53.0,42.6,46.7,NG,KER,N,,,,,,,Y,N,42.6,46.7,42.6,46.7,1H,1H,Y,,Y,,2023,Natural Gas Fired Combustion Turbine,Y,7.0,2002.0
56505,National Grid Generation LLC,2517,Port Jefferson,NY,Suffolk,GT3,OP,GT,Electric Utility,1,53.0,40.1,47.1,NG,KER,N,,,,,,,Y,N,40.1,47.1,40.1,47.1,1H,1H,Y,,Y,,2023,Natural Gas Fired Combustion Turbine,Y,7.0,2002.0
25,Greenidge Generation Holdings LLC,2527,Greenidge Generation LLC,NY,Yates,4,OP,ST,IPP Non-CHP,2,112.0,104.5,106.3,NG,WDS,Y,NG,WDS,,,,,N,, , , , ,,,,,,,2023,Natural Gas Steam Turbine,Y,12.0,1953.0
64701,Oswego Harbor Power,2594,Oswego Harbor Power,NY,Oswego,ST6,OP,ST,IPP Non-CHP,2,901.8,808.2,808.7,RFO,NG,Y,RFO,NG,,,,,Y,Y,180,180,850,850,6H,UNK,Y,,Y,,2023,Petroleum Liquids,Y,12.0,1979.0
64082,"Bowline, LLC",2625,Bowline Point,NY,Rockland,1,OP,ST,IPP Non-CHP,2,621.0,586,593.2,NG,RFO,Y,NG,RFO,,,,,Y,Y,572,572,572,572,6H,6H,Y,Y,,,2023,Natural Gas Steam Turbine,Y,9.0,1972.0
64082,"Bowline, LLC",2625,Bowline Point,NY,Rockland,2,OP,ST,IPP Non-CHP,2,621.0,573.6,568.8,NG,RFO,Y,NG,RFO,,,,,Y,Y,562,567,562,567,6H,6H,Y,Y,,,2023,Natural Gas Steam Turbine,Y,5.0,1974.0
56142,"Alliance NYGT, LLC",2628,Hillburn,NY,Rockland,GEN1,OP,GT,IPP Non-CHP,2,46.5,33.1,43.8,NG,KER,N,,,,,,,Y,N,33.1,43,33.1,43,1H,1H,Y,,Y,,2023,Natural Gas Fired Combustion Turbine,Y,7.0,1972.0
56142,"Alliance NYGT, LLC",2632,Shoemaker,NY,Orange,SHOE,OP,GT,IPP Non-CHP,2,41.9,33,40,NG,KER,N,,,,,,,Y,N,33,40,33,40,1H,1H,Y,,Y,,2023,Natural Gas Fired Combustion Turbine,Y,7.0,1972.0
6775,Village of Freeport - (NY),2679,Plant No 2 Freeport,NY,Nassau,CT5,OP,GT,Electric Utility,1,60.5,49,49,NG,KER,N,,,,,,,Y,N,49,49,49,49,6H,1H,N,,,,2023,Natural Gas Fired Combustion Turbine,Y,4.0,2004.0
9645,Jamestown Board of Public Util,2682,S A Carlson,NY,Chautauqua,5,OP,ST,Electric Utility,1,24.5,22.5,22.5,NG,DFO,N,,,,,,,Y,N,22.5,22.5,7,7,1H,1H,N,,,,2023,Natural Gas Steam Turbine,Y,8.0,1951.0
9645,Jamestown Board of Public Util,2682,S A Carlson,NY,Chautauqua,6,OP,ST,Electric Utility,1,24.5,22.5,22.5,NG,DFO,N,,,,,,,Y,N,22.5,22.5,7,7,1H,1H,N,,,,2023,Natural Gas Steam Turbine,Y,8.0,1968.0
16217,Village of Rockville Centre - (NY),2695,Charles P Keller,NY,Nassau,10,OP,IC,Electric Utility,1,3.5,3.2,3.2,NG,DFO,N,,,,,,,Y,Y,2.9,2.9,3.2,3.2,1H,1H,Y,Y,Y,,2023,Natural Gas Internal Combustion Engine,Y,1.0,1954.0
16217,Village of Rockville Centre - (NY),2695,Charles P Keller,NY,Nassau,11,OP,IC,Electric Utility,1,5.2,5.2,5.2,NG,DFO,N,,,,,,,Y,Y,4.95,4.95,5.2,5.2,1H,1H,Y,Y,Y,,2023,Natural Gas Internal Combustion Engine,Y,1.0,1962.0
16217,Village of Rockville Centre - (NY),2695,Charles P Keller,NY,Nassau,12,OP,IC,Electric Utility,1,5.5,5.5,5.5,NG,DFO,N,,,,,,,Y,Y,5.2,5.2,5.5,5.5,1H,1H,Y,Y,Y,,2023,Natural Gas Internal Combustion Engine,Y,1.0,1967.0
16217,Village of Rockville Centre - (NY),2695,Charles P Keller,NY,Nassau,13,OP,IC,Electric Utility,1,5.5,5.5,5.5,NG,DFO,N,,,,,,,Y,Y,5.2,5.2,5.5,5.5,1H,1H,Y,Y,Y,,2023,Natural Gas Internal Combustion Engine,Y,1.0,1974.0
16217,Village of Rockville Centre - (NY),2695,Charles P Keller,NY,Nassau,14,OP,IC,Electric Utility,1,6.2,6.2,6.2,NG,DFO,N,,,,,,,Y,Y,6.2,6.2,6.2,6.2,1H,1H,Y,Y,Y,,2023,Natural Gas Internal Combustion Engine,Y,9.0,1994.0
16217,Village of Rockville Centre - (NY),2695,Charles P Keller,NY,Nassau,9,OP,IC,Electric Utility,1,3.5,3.2,3.2,NG,DFO,N,,,,,,,Y,Y,2.9,2.9,3.2,3.2,1H,1H,Y,Y,Y,,2023,Natural Gas Internal Combustion Engine,Y,1.0,1954.0
15296,New York Power Authority,7314,Richard M Flynn,NY,Suffolk,NA1,OP,CT,Electric Utility,1,170.0,135.5,160,NG,DFO,N,,,,,,,Y,N,135.5,160,135.5,160,1H,1H,Y,Y,Y,,2023,Natural Gas Fired Combined Cycle,Y,5.0,1994.0
56505,National Grid Generation LLC,7869,Glenwood Landing,NY,Nassau,GT4,OP,GT,Electric Utility,1,53.0,42.6,47,NG,KER,N,,,,,,,Y,Y,42.6,47,42.6,47,1H,1H,Y,,Y,,2023,Natural Gas Fired Combustion Turbine,Y,6.0,2002.0
56505,National Grid Generation LLC,7869,Glenwood Landing,NY,Nassau,GT5,OP,GT,Electric Utility,1,53.0,42.5,47,NG,KER,N,,,,,,,Y,Y,42.5,47,42.5,47,1H,1H,Y,,Y,,2023,Natural Gas Fired Combustion Turbine,Y,6.0,2002.0
5511,CCI Roseton LLC,8006,Roseton Generating Facility,NY,Orange,1,OP,ST,IPP Non-CHP,2,621.0,614.8,594.2,NG,RFO,Y,RFO,NG,,,,,Y,Y,614.8,594.2,614.8,594.2,1H,1H,Y,,,Y,2023,Natural Gas Steam Turbine,Y,12.0,1974.0
5511,CCI Roseton LLC,8006,Roseton Generating Facility,NY,Orange,2,OP,ST,IPP Non-CHP,2,621.0,607.7,607.7,NG,RFO,Y,RFO,NG,,,,,Y,Y,607.7,607.7,607.7,607.7,1H,1H,Y,,,Y,2023,Natural Gas Steam Turbine,Y,9.0,1974.0
54863,U S Power Generating Company LLC,8906,Astoria Generating Station,NY,Queens,3,OP,ST,IPP Non-CHP,2,376.0,369.9,369.9,NG,RFO,Y,RFO,NG,,,,,Y,Y,370.2,373.2,370.2,373.2,6H,6H,Y,Y,Y,,2023,Natural Gas Steam Turbine,Y,9.0,1958.0
54863,U S Power Generating Company LLC,8906,Astoria Generating Station,NY,Queens,4,OS,ST,IPP Non-CHP,2,387.0,376.3,376.3,NG,RFO,Y,RFO,NG,,,,,Y,Y,372,372,361,361,6H,6H,Y,Y,Y,,2023,Natural Gas Steam Turbine,Y,12.0,1961.0
54863,U S Power Generating Company LLC,8906,Astoria Generating Station,NY,Queens,ST5,OP,ST,IPP Non-CHP,2,387.0,376.3,376.3,NG,RFO,Y,RFO,NG,,,,,Y,Y,376.9,384.2,376.9,384.2,6H,6H,Y,Y,Y,,2023,Natural Gas Steam Turbine,Y,5.0,1962.0
5624,"RED-Rochester, LLC",10025,"RED-Rochester, LLC",NY,Monroe,17TG,OP,ST,Industrial CHP,7,15.0,15,15,NG,RFO,Y,RFO,NG,,,,,N,, , , , ,,,,,,,2023,Natural Gas Steam Turbine,Y,12.0,1968.0
5624,"RED-Rochester, LLC",10025,"RED-Rochester, LLC",NY,Monroe,41TG,OP,ST,Industrial CHP,7,25.6,25.6,25.6,NG,DFO,Y,RFO,NG,,,,,N,, , , , ,,,,,,,2023,Natural Gas Steam Turbine,Y,5.0,1964.0
5624,"RED-Rochester, LLC",10025,"RED-Rochester, LLC",NY,Monroe,42TG,OP,ST,Industrial CHP,7,25.6,25.6,25.6,NG,DFO,Y,RFO,NG,,,,,N,, , , , ,,,,,,,2023,Natural Gas Steam Turbine,Y,8.0,1967.0
5624,"RED-Rochester, LLC",10025,"RED-Rochester, LLC",NY,Monroe,43TG,OP,ST,Industrial CHP,7,25.6,25.6,25.6,NG,DFO,Y,RFO,NG,,,,,N,, , , , ,,,,,,,2023,Natural Gas Steam Turbine,Y,4.0,1969.0
5624,"RED-Rochester, LLC",10025,"RED-Rochester, LLC",NY,Monroe,44TG,OP,ST,Industrial CHP,7,25.6,25.6,25.6,NG,DFO,Y,DFO,NG,,,,,N,, , , , ,,,,,,,2023,Natural Gas Steam Turbine,Y,8.0,1987.0
60741,Fortistar Castleton Power,10190,Castleton Energy Center,NY,Rensselaer,GEN1,OP,CT,IPP Non-CHP,2,47.0,67.7,76.6,NG,DFO,Y,NG,DFO,,,,,Y,Y,44,51,43,49,1H,1H,Y,Y,Y,,2023,Natural Gas Fired Combined Cycle,Y,2.0,1992.0
1746,Black River Generation LLC,10464,ReEnergy Black River,NY,Jefferson,GEN1,OS,ST,IPP Non-CHP,2,55.5,55,56,WDS,TDF,Y,WDS,DFO,TDF,,,,N,, , , , ,,,,,,,2023,Wood/Wood Waste Biomass,Y,6.0,1989.0
60641,Veolia NA - Municipal & Commercial Business,10521,Lederle Laboratories,NY,Rockland,3A,OP,CA,Industrial CHP,7,1.5,1.5,1.5,NG,DFO,N,,,,,,,Y,Y,1.5,1.5,1.5,1.5,1H,1H,Y,,Y,,2023,Natural Gas Fired Combined Cycle,Y,12.0,1998.0
60641,Veolia NA - Municipal & Commercial Business,10521,Lederle Laboratories,NY,Rockland,GEN1,OP,CT,Industrial CHP,7,8.3,8.3,8.3,NG,DFO,N,,,,,,,Y,Y,8.3,8.3,8.3,8.3,1H,1H,Y,,Y,,2023,Natural Gas Fired Combined Cycle,Y,1.0,1991.0
60641,Veolia NA - Municipal & Commercial Business,10521,Lederle Laboratories,NY,Rockland,GEN2,OP,CT,Industrial CHP,7,8.3,8.3,8.3,NG,DFO,N,,,,,,,Y,Y,8.3,8.3,8.3,8.3,1H,1H,Y,,Y,,2023,Natural Gas Fired Combined Cycle,Y,1.0,1991.0
60641,Veolia NA - Municipal & Commercial Business,10521,Lederle Laboratories,NY,Rockland,GEN3,OP,CA,Industrial CHP,7,2.2,2.2,2.2,NG,DFO,N,,,,,,,Y,Y,2.2,2.2,2.2,2.2,1H,1H,Y,,Y,,2023,Natural Gas Fired Combined Cycle,Y,7.0,1990.0
60641,Veolia NA - Municipal & Commercial Business,10521,Lederle Laboratories,NY,Rockland,TG4,OP,CA,Industrial CHP,7,3.1,1.4,1.4,NG,DFO,N,,,,,,,Y,Y,1.4,1.4,1.4,1.4,1H,1H,Y,,Y,,2023,Natural Gas Fired Combined Cycle,Y,7.0,1997.0
58338,Lakeside Beaver Falls LLC,10617,CH Resources Beaver Falls,NY,Lewis,GEN1,OP,CT,IPP CHP,3,65.5,47.5,59.4,NG,DFO,N,,,,,,,Y,Y,47.5,59.4,45,50,UNK,UNK,N,,,,2023,Natural Gas Fired Combined Cycle,Y,4.0,1995.0
58338,Lakeside Beaver Falls LLC,10617,CH Resources Beaver Falls,NY,Lewis,GEN2,OP,CA,IPP CHP,3,42.3,30.6,31.8,NG,DFO,N,,,,,,,Y,Y,30.6,31.8,25,30,UNK,UNK,N,,,,2023,Natural Gas Fired Combined Cycle,Y,4.0,1995.0
3085,Carthage Energy LLC,10620,Carthage Energy LLC,NY,Jefferson,GEN1,OP,CT,IPP Non-CHP,2,40.9,40.1,45,NG,DFO,Y,NG,DFO,,,,,Y,Y,40.03,45,40.03,45,1H,1H,Y,Y,Y,,2023,Natural Gas Fired Combined Cycle,Y,11.0,1991.0
16909,Selkirk Cogen Partners LP,10725,Selkirk Cogen,NY,Albany,GEN1,OP,CT,IPP CHP,3,95.2,76.9,105.5,NG,DFO,Y,NG,DFO,,,,,Y,N,76.9,105.5,76.9,105.5,OVER,OVER,Y,Y,Y,,2023,Natural Gas Fired Combined Cycle,Y,4.0,1992.0
16909,Selkirk Cogen Partners LP,10725,Selkirk Cogen,NY,Albany,GEN3,OP,CT,IPP CHP,3,95.2,272.3,333.1,NG,DFO,Y,NG,DFO,,,,,N,, , , , ,,,,,,,2023,Natural Gas Fired Combined Cycle,Y,4.0,1994.0
16909,Selkirk Cogen Partners LP,10725,Selkirk Cogen,NY,Albany,GEN4,OP,CT,IPP CHP,3,95.2, , ,NG,DFO,Y,NG,DFO,,,,,N,, , , , ,,,,,,,2023,Natural Gas Fired Combined Cycle,Y,4.0,1994.0
21508,Cornell University,50368,Cornell University Central Heat,NY,Tompkins,CT1,OP,CT,Commercial CHP,5,15.0,12.3,14.5,NG,DFO,N,,,,,,,Y,Y,12.3,14.5,12.3,14.5,1H,1H,Y,,Y,,2023,Natural Gas Fired Combined Cycle,Y,12.0,2009.0
21508,Cornell University,50368,Cornell University Central Heat,NY,Tompkins,CT2,OP,CT,Commercial CHP,5,15.0,12.3,14.5,NG,DFO,N,,,,,,,Y,Y,12.3,14.5,12.3,14.5,1H,1H,Y,,Y,,2023,Natural Gas Fired Combined Cycle,Y,12.0,2009.0
9245,Indeck-Energy Serv Silver Spg,50449,Indeck Silver Springs Energy Center,NY,Wyoming,GEN1,OP,CT,IPP CHP,3,39.4,34.7,45.1,NG,DFO,Y,NG,DFO,,,,,Y,Y,34.7,45.1,34.7,45.1,1H,1H,Y,Y,Y,,2023,Natural Gas Fired Combined Cycle,Y,5.0,1991.0
9245,Indeck-Energy Serv Silver Spg,50449,Indeck Silver Springs Energy Center,NY,Wyoming,GEN2,OP,CA,IPP CHP,3,17.2,17.2,17.2,NG,DFO,N,,,,,,,Y,Y,17.2,17.2,17.2,17.2,1H,1H,Y,Y,Y,,2023,Natural Gas Fired Combined Cycle,Y,5.0,1991.0
9244,Indeck-Oswego Ltd Partnership,50450,Indeck Oswego Energy Center,NY,Oswego,GEN1,OP,CT,IPP CHP,3,41.2,51.8,60.6,NG,DFO,Y,NG,DFO,,,,,Y,Y,51.8,60.6,49.8,58.6,1H,1H,Y,Y,Y,,2023,Natural Gas Fired Combined Cycle,Y,6.0,1990.0
9243,Indeck-Yerkes Ltd Partnership,50451,Indeck Yerkes Energy Center,NY,Erie,GEN1,OP,CT,IPP CHP,3,40.6,43.8,56.5,NG,DFO,Y,NG,DFO,,,,,Y,Y,43.8,56.5,41.8,54.5,1H,1H,Y,Y,Y,,2023,Natural Gas Fired Combined Cycle,Y,12.0,1989.0
9263,Indeck-Corinth Ltd Partnership,50458,Indeck Corinth Energy Center,NY,Saratoga,GEN1,OP,CT,IPP CHP,3,92.0,74.8,91.2,NG,DFO,N,,,,,,,Y,Y,74.8,91.2,74.8,91.2,6H,6H,Y,Y,Y,,2023,Natural Gas Fired Combined Cycle,Y,2.0,1995.0
470,Covanta Energy of Niagara LP,50472,"Covanta Niagara I, LLC",NY,Niagara,GEN1,OP,ST,Commercial CHP,5,25.0,18,18,MSW,NG,Y,NG,MSW,WDS,OTH,,,N,, , , , ,,,,,,,2023,Municipal Solid Waste,Y,8.0,1980.0
470,Covanta Energy of Niagara LP,50472,"Covanta Niagara I, LLC",NY,Niagara,GEN2,OP,ST,Commercial CHP,5,25.0,18,18,MSW,NG,Y,NG,MSW,WDS,OTH,,,N,, , , , ,,,,,,,2023,Municipal Solid Waste,Y,8.0,1980.0
24202,Carr Street Generating Sta LP,50978,Carr Street Generating Station,NY,Onondaga,GEN1,OP,CT,IPP Non-CHP,2,48.8,35,40,NG,DFO,N,,,,,,,Y,Y,35,40,35,40,1H,1H,Y,Y,Y,,2023,Natural Gas Fired Combined Cycle,Y,7.0,1993.0
24202,Carr Street Generating Sta LP,50978,Carr Street Generating Station,NY,Onondaga,GEN2,OP,CT,IPP Non-CHP,2,48.8,35,40,NG,DFO,N,,,,,,,Y,Y,35,40,35,40,1H,1H,Y,Y,Y,,2023,Natural Gas Fired Combined Cycle,Y,7.0,1993.0
24210,Riverbay Corp,52168,Riverbay,NY,Bronx,GEN3,OP,CT,Commercial CHP,5,12.9,12.3,12.6,NG,DFO,N,,,,,,,Y,Y,12.3,12.6,12,12,6H,6H,Y,Y,Y,,2023,Natural Gas Fired Combined Cycle,Y,3.0,2011.0
24210,Riverbay Corp,52168,Riverbay,NY,Bronx,GEN4,OP,CT,Commercial CHP,5,12.9,12.3,12.6,NG,DFO,N,,,,,,,Y,Y,12.3,12.6,12,12,6H,6H,Y,Y,Y,,2023,Natural Gas Fired Combined Cycle,Y,3.0,2011.0
6838,Rensselaer Generating LLC,54034,Rensselaer Cogen,NY,Rensselaer,GEN1,OP,CT,IPP Non-CHP,2,49.2,47,57,NG,DFO,N,,,,,,,Y,Y,47,57,45,54,6H,6H,Y,Y,Y,,2023,Natural Gas Fired Combined Cycle,Y,4.0,1994.0
6838,Rensselaer Generating LLC,54034,Rensselaer Cogen,NY,Rensselaer,GEN2,OP,CA,IPP Non-CHP,2,39.0,32.4,27,NG,DFO,N,,,,,,,Y,Y,32.4,27,18,20,6H,6H,Y,Y,Y,,2023,Natural Gas Fired Combined Cycle,Y,4.0,1994.0
11127,Lockport Energy Associates LP,54041,Lockport Energy Associates LP,NY,Niagara,GEN1,OP,CT,IPP CHP,3,48.7,43.3,48.3,NG,DFO,Y,NG,DFO,,,,,Y,Y,42.6,50.8,43,49,1H,1H,Y,Y,Y,,2023,Natural Gas Fired Combined Cycle,Y,7.0,1992.0
11127,Lockport Energy Associates LP,54041,Lockport Energy Associates LP,NY,Niagara,GEN2,OP,CT,IPP CHP,3,48.7,43.3,48.3,NG,DFO,Y,NG,DFO,,,,,Y,Y,41.6,50.8,43,49,1H,1H,Y,Y,Y,,2023,Natural Gas Fired Combined Cycle,Y,7.0,1992.0
11127,Lockport Energy Associates LP,54041,Lockport Energy Associates LP,NY,Niagara,GEN3,OP,CT,IPP CHP,3,48.7,43.3,48.3,NG,DFO,Y,NG,DFO,,,,,Y,Y,41.6,50.8,43,49,1H,1H,Y,Y,Y,,2023,Natural Gas Fired Combined Cycle,Y,7.0,1992.0
11127,Lockport Energy Associates LP,54041,Lockport Energy Associates LP,NY,Niagara,GEN4,OP,CA,IPP CHP,3,75.2,78,80,NG,DFO,Y,NG,DFO,,,,,Y,Y,78,78,78,78,1H,1H,Y,Y,Y,,2023,Natural Gas Fired Combined Cycle,Y,9.0,1992.0
9261,Indeck-Olean Ltd Partnership,54076,Indeck Olean Energy Center,NY,Cattaraugus,GEN1,OP,CT,IPP CHP,3,46.0,34.1,43.2,NG,DFO,Y,NG,DFO,,,,,Y,Y,34.1,43.2,34.1,43.2,1H,1H,Y,Y,Y,,2023,Natural Gas Fired Combined Cycle,Y,1.0,1994.0
9261,Indeck-Olean Ltd Partnership,54076,Indeck Olean Energy Center,NY,Cattaraugus,GEN2,OP,CA,IPP CHP,3,44.6,44.6,44.6,NG,DFO,N,,,,,,,Y,Y,44.6,44.6,44.6,44.6,24H,24H,Y,Y,Y,,2023,Natural Gas Fired Combined Cycle,Y,1.0,1994.0
10349,KIAC Partners,54114,Kennedy International Airport Cogen,NY,Queens,GEN1,OP,CT,IPP CHP,3,47.1,49,51.1,NG,DFO,N,,,,,,,Y,Y,48.99,51.12,48.99,51.12,1H,1H,N,,,,2023,Natural Gas Fired Combined Cycle,Y,12.0,1994.0
10349,KIAC Partners,54114,Kennedy International Airport Cogen,NY,Queens,GEN2,OP,CT,IPP CHP,3,47.1,51.7,50,NG,DFO,N,,,,,,,Y,Y,51.65,49.96,51.65,49.96,1H,1H,N,,,,2023,Natural Gas Fired Combined Cycle,Y,12.0,1994.0
10349,KIAC Partners,54114,Kennedy International Airport Cogen,NY,Queens,GEN3,OP,CA,IPP CHP,3,27.0,26,24.9,NG,DFO,N,,,,,,,Y,Y,26.02,24.88,26.02,24.88,1H,1H,N,,,,2023,Natural Gas Fired Combined Cycle,Y,1.0,1995.0
50136,North American Energy Services,54131,Fortistar North Tonawanda,NY,Niagara,GEN1,OP,CT,IPP CHP,3,48.7,37.4,44.7,NG,DFO,Y,NG,DFO,,,,,Y,Y,37.3,44.7,36.8,40.9,1H,1H,Y,Y,Y,,2023,Natural Gas Fired Combined Cycle,Y,7.0,1993.0
13587,Nissequoque Cogen Partners,54149,Stony Brook Cogen Plant,NY,Suffolk,GEN1,OP,GT,IPP CHP,3,47.0,44.5,47.1,NG,DFO,N,,,,,,,Y,Y,42,44,42,44,1H,1H,Y,Y,Y,,2023,Natural Gas Fired Combustion Turbine,Y,4.0,1995.0
15253,Power City Partners LP,54592,Massena Energy Facility,NY,St Lawrence,GEN1,OP,CT,IPP Non-CHP,2,66.5,46,56,NG,DFO,N,,,,,,,Y,Y,46,56,46,56,1H,1H,Y,,Y,,2023,Natural Gas Fired Combined Cycle,Y,7.0,1992.0
13491,New York University,54808,New York University Central Plant,NY,New York,GT1,OP,CT,Commercial CHP,5,5.5,5.5,5.5,NG,DFO,Y,NG,DFO,,,,,Y,Y,5.5,5.5,5.5,5.5,1H,1H,Y,Y,,,2023,Natural Gas Fired Combined Cycle,Y,12.0,2010.0
13491,New York University,54808,New York University Central Plant,NY,New York,GT2,OP,CT,Commercial CHP,5,5.5,5.5,5.5,NG,DFO,Y,NG,DFO,,,,,Y,Y,5.5,5.5,5.5,5.5,1H,1H,Y,Y,,,2023,Natural Gas Fired Combined Cycle,Y,12.0,2010.0
2313,Brooklyn Navy Yard Cogen PLP,54914,Brooklyn Navy Yard Cogeneration,NY,Kings,01,OP,CT,IPP CHP,3,121.0,95,110,NG,DFO,N,,,,,,,Y,Y,95,110,95,110,1H,1H,Y,,Y,,2023,Natural Gas Fired Combined Cycle,Y,3.0,1996.0
2313,Brooklyn Navy Yard Cogen PLP,54914,Brooklyn Navy Yard Cogeneration,NY,Kings,02,OP,CT,IPP CHP,3,121.0,95,110,NG,DFO,N,,,,,,,Y,Y,98,113,98,113,1H,1H,Y,,Y,,2023,Natural Gas Fired Combined Cycle,Y,3.0,1996.0
22979,Astoria Energy LLC,55375,Astoria Energy,NY,Queens,CT1,OP,CT,IPP Non-CHP,2,170.0,165,189,NG,DFO,N,,,,,,,Y,N,165,189,165,189,1H,1H,Y,Y,Y,,2023,Natural Gas Fired Combined Cycle,Y,5.0,2006.0
22979,Astoria Energy LLC,55375,Astoria Energy,NY,Queens,CT2,OP,CT,IPP Non-CHP,2,170.0,165,189,NG,DFO,N,,,,,,,Y,N,165,189,165,189,1H,1H,Y,Y,Y,,2023,Natural Gas Fired Combined Cycle,Y,5.0,2006.0
49845,"Equus Power I, L.P.",56032,Equus Freeport Power,NY,Nassau,0001,OP,GT,IPP Non-CHP,2,60.0,45.9,47.1,NG,KER,N,,,,,,,Y,N,46.2,46.2,46.2,46.2,1H,1H,Y,,,Y,2023,Natural Gas Fired Combustion Turbine,Y,6.0,2004.0
49845,"Equus Power I, L.P.",56032,Equus Freeport Power,NY,Nassau,001,OP,GT,IPP Non-CHP,2,60.0,48.1,49.7,NG,KER,N,,,,,,,Y,N,48.1,49.7,48.1,49.7,1H,1H,Y,Y,,,2023,Natural Gas Fired Combustion Turbine,Y,6.0,2004.0
49786,"Jamaica Bay Peaking Facility, LLC",56141,Jamaica Bay Peaking,NY,Queens,2,OP,GT,IPP Non-CHP,2,60.5,55.8,60,NG,KER,N,,,,,,,Y,Y,52.8,60,52.8,60,1H,1H,Y,Y,Y,,2023,Natural Gas Fired Combustion Turbine,Y,7.0,2003.0
49837,Pinelawn Power LLC,56188,Pinelawn Power LLC,NY,Suffolk,CTG,OP,CT,IPP Non-CHP,2,50.0,47,47,NG,KER,N,,,,,,,Y,N,47,47,47,47,1H,1H,Y,Y,Y,Y,2023,Natural Gas Fired Combined Cycle,Y,7.0,2005.0
15296,New York Power Authority,56196,Zeltmann,NY,Queens,CT01,OP,CT,Electric Utility,1,170.0,238,270.2,NG,DFO,N,,,,,,,Y,N,238,270.2,238,270.2,6H,6H,Y,Y,Y,,2023,Natural Gas Fired Combined Cycle,Y,12.0,2005.0
15296,New York Power Authority,56196,Zeltmann,NY,Queens,CT02,OP,CT,Electric Utility,1,170.0,238,270.2,NG,DFO,N,,,,,,,Y,N,238,270.2,238,270.2,6H,6H,Y,Y,Y,,2023,Natural Gas Fired Combined Cycle,Y,12.0,2005.0
49950,"Caithness Long Island, LLC",56234,Caithness Long Island Energy Center,NY,Suffolk,CT01,OP,CT,IPP Non-CHP,2,196.2,187.7,216,NG,DFO,N,,,,,,,Y,Y,175,220,175,200,6H,6H,Y,Y,Y,,2023,Natural Gas Fired Combined Cycle,Y,8.0,2009.0
56480,Empire Generating Co LLC,56259,Empire Generating Co LLC,NY,Rensselaer,CT11,OP,CT,IPP CHP,3,179.0,155,190,NG,DFO,N,,,,,,,Y,Y,155,190,155,190,1H,1H,Y,,Y,Y,2023,Natural Gas Fired Combined Cycle,Y,9.0,2010.0
56480,Empire Generating Co LLC,56259,Empire Generating Co LLC,NY,Rensselaer,CT12,OP,CT,IPP CHP,3,179.0,155,190,NG,DFO,N,,,,,,,Y,Y,155,190,155,190,1H,1H,Y,,Y,Y,2023,Natural Gas Fired Combined Cycle,Y,9.0,2010.0
56204,"CPV Valley, LLC",56940,CPV Valley Energy Center,NY,Orange,CTG1,OP,CT,IPP Non-CHP,2,235.0,188.7,219,NG,DFO,N,,,,,,,Y,Y,188.69,218.97,180,190.4,1H,1H,Y,Y,Y,,2023,Natural Gas Fired Combined Cycle,Y,5.0,2018.0
56204,"CPV Valley, LLC",56940,CPV Valley Energy Center,NY,Orange,CTG2,OP,CT,IPP Non-CHP,2,235.0,188.7,219,NG,DFO,N,,,,,,,Y,Y,188.69,218.97,180,192.4,1H,1H,Y,Y,Y,,2023,Natural Gas Fired Combined Cycle,Y,5.0,2018.0
56204,"CPV Valley, LLC",56940,CPV Valley Energy Center,NY,Orange,STG,OP,CA,IPP Non-CHP,2,300.0,297,302.3,NG,DFO,N,,,,,,,Y,,297,302.3,179.13,183.66,1H,1H,Y,Y,Y,,2023,Natural Gas Fired Combined Cycle,Y,5.0,2018.0
60545,"City of Auburn, New York",57636,Auburn LFG Energy Facility,NY,Cayuga,1,OS,IC,IPP Non-CHP,2,1.1,1.1,1.1,LFG,NG,Y,NG,LFG,,,,,N,, , , , ,,,,,,,2023,Landfill Gas,Y,1.0,2010.0
60545,"City of Auburn, New York",57636,Auburn LFG Energy Facility,NY,Cayuga,3,OS,IC,IPP Non-CHP,2,1.1,1.1,1.1,LFG,NG,Y,NG,LFG,,,,,N,, , , , ,,,,,,,2023,Landfill Gas,Y,1.0,2010.0
56991,Astoria Energy II LLC,57664,Astoria Energy II,NY,Queens,CT3,OP,CT,IPP Non-CHP,2,200.0,156,188,NG,DFO,N,,,,,,,Y,Y,156,188,156,188,1H,1H,Y,Y,Y,,2023,Natural Gas Fired Combined Cycle,Y,7.0,2011.0
56991,Astoria Energy II LLC,57664,Astoria Energy II,NY,Queens,CT4,OP,CT,IPP Non-CHP,2,200.0,156,188,NG,DFO,N,,,,,,,Y,Y,156,188,156,188,1H,1H,Y,Y,Y,,2023,Natural Gas Fired Combined Cycle,Y,7.0,2011.0
58107,University of Rochester,58157,University of Rochester,NY,Monroe,HP,OP,ST,Commercial CHP,5,18.2,17,17,NG,DFO,N,,,,,,,Y,N,16,17,17,17,1H,6H,Y,Y,Y,,2023,Natural Gas Steam Turbine,Y,10.0,2005.0
58107,University of Rochester,58157,University of Rochester,NY,Monroe,LP,OP,ST,Commercial CHP,5,7.2,7.2,7.2,NG,DFO,N,,,,,,,Y,N,7,7,7,7,1H,6H,Y,Y,Y,,2023,Natural Gas Steam Turbine,Y,10.0,2005.0
58487,Montefiore Medical Center Moses Division,58507,Montefieor Medical Center Moses Division,NY,Bronx,ES006,OP,GT,Commercial CHP,5,5.3,4.8,4.8,NG,DFO,,,,,,,,Y,Y,3.5,3.5,3.5,3.5,6H,6H,N,,,,2023,Natural Gas Fired Combustion Turbine,Y,1.0,2002.0
58487,Montefiore Medical Center Moses Division,58507,Montefieor Medical Center Moses Division,NY,Bronx,ES007,OP,GT,Commercial CHP,5,3.5,3.5,3.5,NG,DFO,,,,,,,,Y,Y,3.5,3.5,3.5,3.5,6H,6H,N,,,,2023,Natural Gas Fired Combustion Turbine,Y,1.0,2002.0
58487,Montefiore Medical Center Moses Division,58507,Montefieor Medical Center Moses Division,NY,Bronx,S0001,OP,IC,Commercial CHP,5,1.6,1.2,1.2,NG,DFO,,,,,,,,Y,Y,1.2,1.2,1.2,1.2,6H,6H,N,,,,2023,Natural Gas Internal Combustion Engine,Y,1.0,1994.0
58487,Montefiore Medical Center Moses Division,58507,Montefieor Medical Center Moses Division,NY,Bronx,S0002,OP,IC,Commercial CHP,5,1.6,1.2,1.2,NG,DFO,,,,,,,,Y,Y,1.2,1.2,1.2,1.2,6H,6H,N,,,,2023,Natural Gas Internal Combustion Engine,Y,1.0,1994.0
58487,Montefiore Medical Center Moses Division,58507,Montefieor Medical Center Moses Division,NY,Bronx,S0003,OP,IC,Commercial CHP,5,1.6,1.2,1.2,NG,DFO,,,,,,,,Y,Y,1.2,1.2,1.2,1.2,6H,6H,N,,,,2023,Natural Gas Internal Combustion Engine,Y,1.0,1994.0
3249,Central Hudson Gas & Elec Corp,2487,Coxsackie,NY,Greene,GT1,OP,GT,Electric Utility,1,21.3,20.2,24.8,NG,KER,N,,,,,,,Y,Y,19.6,19.6,19.6,19.6,1H,1H,Y,,Y,,2024,Natural Gas Fired Combustion Turbine,Y,12.0,1969.0
4226,Consolidated Edison Co-NY Inc,2493,East River,NY,New York,1,OP,GT,Electric Utility,1,180.0,153.2,192.8,NG,KER,N,,,,,,,Y,N,153.2,192.8,153.2,192.8,UNK,UNK,Y,,Y,,2024,Natural Gas Fired Combustion Turbine,Y,4.0,2005.0
4226,Consolidated Edison Co-NY Inc,2493,East River,NY,New York,2,OP,GT,Electric Utility,1,180.0,154.5,197.3,NG,KER,N,,,,,,,Y,N,154.5,197.3,154.5,197.3,72H,UNK,Y,,Y,,2024,Natural Gas Fired Combustion Turbine,Y,4.0,2005.0
4226,Consolidated Edison Co-NY Inc,2493,East River,NY,New York,6,OP,ST,Electric Utility,1,156.2,141.5,139.9,NG,DFO,Y,NG,DFO,RFO,,,,Y,Y,141.5,139.9,141.5,139.9,6H,6H,Y,,,Y,2024,Natural Gas Steam Turbine,Y,11.0,1951.0
4226,Consolidated Edison Co-NY Inc,2493,East River,NY,New York,7,OP,ST,Electric Utility,1,200.0,181.5,185,NG,DFO,Y,NG,DFO,RFO,,,,Y,Y,181.5,185,181.5,185,6H,6H,Y,,,Y,2024,Natural Gas Steam Turbine,Y,6.0,1955.0
54863,U S Power Generating Company LLC,2494,Gowanus Gas Turbines Generating,NY,Kings,GT21,OP,GT,IPP Non-CHP,2,20.0,17.9,23.4,NG,DFO,Y,NG,DFO,,,,,Y,Y,17,21.6,17,21.6,1H,1H,Y,,Y,,2024,Natural Gas Fired Combustion Turbine,Y,6.0,1971.0
54863,U S Power Generating Company LLC,2494,Gowanus Gas Turbines Generating,NY,Kings,GT22,OP,GT,IPP Non-CHP,2,20.0,18.8,24.6,NG,DFO,Y,NG,DFO,,,,,Y,Y,15.2,21.5,15.2,21.5,1H,1H,Y,,Y,,2024,Natural Gas Fired Combustion Turbine,Y,6.0,1971.0
54863,U S Power Generating Company LLC,2494,Gowanus Gas Turbines Generating,NY,Kings,GT23,OP,GT,IPP Non-CHP,2,20.0,20.6,26.9,NG,DFO,Y,NG,DFO,,,,,Y,Y,19.1,22.6,19.1,22.6,1H,1H,Y,,Y,,2024,Natural Gas Fired Combustion Turbine,Y,6.0,1971.0
54863,U S Power Generating Company LLC,2494,Gowanus Gas Turbines Generating,NY,Kings,GT24,OP,GT,IPP Non-CHP,2,20.0,19.3,25.2,NG,DFO,Y,NG,DFO,,,,,Y,Y,17.3,23.1,17.3,23.1,1H,1H,Y,,Y,,2024,Natural Gas Fired Combustion Turbine,Y,6.0,1971.0
54863,U S Power Generating Company LLC,2494,Gowanus Gas Turbines Generating,NY,Kings,GT25,OP,GT,IPP Non-CHP,2,20.0,18.6,24.3,NG,DFO,Y,NG,DFO,,,,,Y,Y,18,23.4,18,23.4,1H,1H,Y,,Y,,2024,Natural Gas Fired Combustion Turbine,Y,6.0,1971.0
54863,U S Power Generating Company LLC,2494,Gowanus Gas Turbines Generating,NY,Kings,GT26,OP,GT,IPP Non-CHP,2,20.0,20.3,26.5,NG,DFO,Y,NG,DFO,,,,,Y,Y,19.5,24.9,19.5,24.9,1H,1H,Y,,Y,,2024,Natural Gas Fired Combustion Turbine,Y,6.0,1971.0
54863,U S Power Generating Company LLC,2494,Gowanus Gas Turbines Generating,NY,Kings,GT27,OP,GT,IPP Non-CHP,2,20.0,19.6,25.6,NG,DFO,Y,NG,DFO,,,,,Y,Y,19.1,24.7,19.1,24.7,1H,1H,Y,,Y,,2024,Natural Gas Fired Combustion Turbine,Y,6.0,1971.0
54863,U S Power Generating Company LLC,2494,Gowanus Gas Turbines Generating,NY,Kings,GT28,OP,GT,IPP Non-CHP,2,20.0,17.7,23.1,NG,DFO,Y,NG,DFO,,,,,Y,Y,17.7,22.9,17.7,22.9,1H,1H,Y,,Y,,2024,Natural Gas Fired Combustion Turbine,Y,6.0,1971.0
54863,U S Power Generating Company LLC,2494,Gowanus Gas Turbines Generating,NY,Kings,GT31,OP,GT,IPP Non-CHP,2,20.0,17.7,23.1,NG,DFO,Y,NG,DFO,,,,,Y,Y,16.9,21.9,16.9,21.9,1H,1H,Y,,Y,,2024,Natural Gas Fired Combustion Turbine,Y,7.0,1971.0
54863,U S Power Generating Company LLC,2494,Gowanus Gas Turbines Generating,NY,Kings,GT32,OP,GT,IPP Non-CHP,2,20.0,17.7,23.1,NG,DFO,Y,NG,DFO,,,,,Y,Y,17.1,22.6,17.1,22.6,1H,1H,Y,,Y,,2024,Natural Gas Fired Combustion Turbine,Y,7.0,1971.0
54863,U S Power Generating Company LLC,2494,Gowanus Gas Turbines Generating,NY,Kings,GT33,OP,GT,IPP Non-CHP,2,20.0,19.8,25.9,NG,DFO,Y,NG,DFO,,,,,Y,Y,18,23.8,18,23.8,1H,1H,Y,,Y,,2024,Natural Gas Fired Combustion Turbine,Y,7.0,1971.0
54863,U S Power Generating Company LLC,2494,Gowanus Gas Turbines Generating,NY,Kings,GT34,OP,GT,IPP Non-CHP,2,20.0,17.9,23.4,NG,DFO,Y,NG,DFO,,,,,Y,Y,16.2,21.4,16.2,21.4,1H,1H,Y,,Y,,2024,Natural Gas Fired Combustion Turbine,Y,7.0,1971.0
54863,U S Power Generating Company LLC,2494,Gowanus Gas Turbines Generating,NY,Kings,GT35,OP,GT,IPP Non-CHP,2,20.0,19,24.8,NG,DFO,Y,NG,DFO,,,,,Y,Y,17.3,22.8,17.3,22.8,1H,1H,Y,,Y,,2024,Natural Gas Fired Combustion Turbine,Y,7.0,1971.0
54863,U S Power Generating Company LLC,2494,Gowanus Gas Turbines Generating,NY,Kings,GT36,OP,GT,IPP Non-CHP,2,20.0,17.6,23,NG,DFO,Y,NG,DFO,,,,,Y,Y,15.5,21,15.5,21,1H,1H,Y,,Y,,2024,Natural Gas Fired Combustion Turbine,Y,7.0,1971.0
54863,U S Power Generating Company LLC,2494,Gowanus Gas Turbines Generating,NY,Kings,GT37,OP,GT,IPP Non-CHP,2,20.0,18.1,23.6,NG,DFO,Y,NG,DFO,,,,,Y,Y,18.1,23.9,18.1,23.9,1H,1H,Y,,Y,,2024,Natural Gas Fired Combustion Turbine,Y,7.0,1971.0
54863,U S Power Generating Company LLC,2494,Gowanus Gas Turbines Generating,NY,Kings,GT38,OP,GT,IPP Non-CHP,2,20.0,19,24.8,NG,DFO,Y,NG,DFO,,,,,Y,Y,16.9,23.9,16.9,23.9,1H,1H,Y,,Y,,2024,Natural Gas Fired Combustion Turbine,Y,7.0,1971.0
54863,U S Power Generating Company LLC,2499,Narrows Gas Turbines Generating,NY,Kings,NT11,OP,GT,IPP Non-CHP,2,22.0,21,27.4,NG,DFO,Y,NG,DFO,,,,,Y,Y,19.3,24.9,19.3,24.9,1H,1H,Y,,Y,,2024,Natural Gas Fired Combustion Turbine,Y,5.0,1972.0
54863,U S Power Generating Company LLC,2499,Narrows Gas Turbines Generating,NY,Kings,NT12,OP,GT,IPP Non-CHP,2,22.0,19.5,25.5,NG,DFO,Y,NG,DFO,,,,,Y,Y,17.1,23.8,17.1,23.8,1H,1H,Y,,Y,,2024,Natural Gas Fired Combustion Turbine,Y,5.0,1972.0
54863,U S Power Generating Company LLC,2499,Narrows Gas Turbines Generating,NY,Kings,NT13,OP,GT,IPP Non-CHP,2,22.0,20.4,26.6,NG,DFO,Y,NG,DFO,,,,,Y,Y,18.3,24.9,18.3,24.9,1H,1H,Y,,Y,,2024,Natural Gas Fired Combustion Turbine,Y,5.0,1972.0
54863,U S Power Generating Company LLC,2499,Narrows Gas Turbines Generating,NY,Kings,NT14,OP,GT,IPP Non-CHP,2,22.0,20.1,26.3,NG,DFO,Y,NG,DFO,,,,,Y,Y,18.8,24.9,18.8,24.9,1H,1H,Y,,Y,,2024,Natural Gas Fired Combustion Turbine,Y,5.0,1972.0
54863,U S Power Generating Company LLC,2499,Narrows Gas Turbines Generating,NY,Kings,NT15,OP,GT,IPP Non-CHP,2,22.0,19.8,25.9,NG,DFO,Y,NG,DFO,,,,,Y,Y,19.9,24.9,19.9,24.9,1H,1H,Y,,Y,,2024,Natural Gas Fired Combustion Turbine,Y,5.0,1972.0
54863,U S Power Generating Company LLC,2499,Narrows Gas Turbines Generating,NY,Kings,NT16,OP,GT,IPP Non-CHP,2,22.0,18.9,24.7,NG,DFO,Y,NG,DFO,,,,,Y,Y,16.5,22.2,16.5,22.2,1H,1H,Y,,Y,,2024,Natural Gas Fired Combustion Turbine,Y,5.0,1972.0
54863,U S Power Generating Company LLC,2499,Narrows Gas Turbines Generating,NY,Kings,NT17,OP,GT,IPP Non-CHP,2,22.0,18.4,24,NG,DFO,Y,NG,DFO,,,,,Y,Y,19.4,24.9,19.4,24.9,1H,1H,Y,,Y,,2024,Natural Gas Fired Combustion Turbine,Y,5.0,1972.0
54863,U S Power Generating Company LLC,2499,Narrows Gas Turbines Generating,NY,Kings,NT18,OP,GT,IPP Non-CHP,2,22.0,19.9,26,NG,DFO,Y,NG,DFO,,,,,Y,Y,17.5,23.2,17.5,23.2,1H,1H,Y,,Y,,2024,Natural Gas Fired Combustion Turbine,Y,5.0,1972.0
54863,U S Power Generating Company LLC,2499,Narrows Gas Turbines Generating,NY,Kings,NT21,OP,GT,IPP Non-CHP,2,22.0,19.4,25.3,NG,DFO,Y,NG,DFO,,,,,Y,Y,19.2,24.8,19.2,24.8,1H,1H,Y,,Y,,2024,Natural Gas Fired Combustion Turbine,Y,6.0,1972.0
54863,U S Power Generating Company LLC,2499,Narrows Gas Turbines Generating,NY,Kings,NT22,OP,GT,IPP Non-CHP,2,22.0,18.7,24.4,NG,DFO,Y,NG,DFO,,,,,Y,Y,16.4,22.9,16.4,22.9,1H,1H,Y,,Y,,2024,Natural Gas Fired Combustion Turbine,Y,6.0,1972.0
54863,U S Power Generating Company LLC,2499,Narrows Gas Turbines Generating,NY,Kings,NT23,OP,GT,IPP Non-CHP,2,22.0,18.4,24,NG,DFO,Y,NG,DFO,,,,,Y,Y,17.5,23.8,17.5,23.8,1H,1H,Y,,Y,,2024,Natural Gas Fired Combustion Turbine,Y,6.0,1972.0
54863,U S Power Generating Company LLC,2499,Narrows Gas Turbines Generating,NY,Kings,NT24,OP,GT,IPP Non-CHP,2,22.0,18.4,24,NG,DFO,Y,NG,DFO,,,,,Y,Y,17.9,24.2,17.9,24.2,1H,1H,Y,,Y,,2024,Natural Gas Fired Combustion Turbine,Y,6.0,1972.0
54863,U S Power Generating Company LLC,2499,Narrows Gas Turbines Generating,NY,Kings,NT25,OP,GT,IPP Non-CHP,2,22.0,19.9,26,NG,DFO,Y,NG,DFO,,,,,Y,Y,18.1,24.4,18.1,24.4,1H,1H,Y,,Y,,2024,Natural Gas Fired Combustion Turbine,Y,6.0,1972.0
54863,U S Power Generating Company LLC,2499,Narrows Gas Turbines Generating,NY,Kings,NT26,OP,GT,IPP Non-CHP,2,22.0,18.1,23.6,NG,DFO,Y,NG,DFO,,,,,Y,Y,16.3,21.9,16.3,21.9,1H,1H,Y,,Y,,2024,Natural Gas Fired Combustion Turbine,Y,6.0,1972.0
54863,U S Power Generating Company LLC,2499,Narrows Gas Turbines Generating,NY,Kings,NT27,OP,GT,IPP Non-CHP,2,22.0,20.7,27,NG,DFO,Y,NG,DFO,,,,,Y,Y,18.5,24.9,18.5,24.9,1H,1H,Y,,Y,,2024,Natural Gas Fired Combustion Turbine,Y,6.0,1972.0
54863,U S Power Generating Company LLC,2499,Narrows Gas Turbines Generating,NY,Kings,NT28,OP,GT,IPP Non-CHP,2,22.0,17.5,22.9,NG,DFO,Y,NG,DFO,,,,,Y,Y,16.3,21.9,16.3,21.9,1H,1H,Y,,Y,,2024,Natural Gas Fired Combustion Turbine,Y,6.0,1972.0
61130,Ravenswood Operations LLC,2500,Ravenswood,NY,Queens,1,OP,ST,IPP Non-CHP,2,400.0,363.75,364.5,NG,DFO,Y,NG,DFO,,,,,Y,Y,368.5,375.8,368.5,375.8,6H,6H,Y,Y,Y,,2024,Natural Gas Steam Turbine,Y,2.0,1963.0
61130,Ravenswood Operations LLC,2500,Ravenswood,NY,Queens,2,OP,ST,IPP Non-CHP,2,400.0,375.3,377.5,NG,DFO,Y,NG,DFO,,,,,Y,Y,374.5,374.4,374.5,374.4,6H,6H,Y,Y,Y,,2024,Natural Gas Steam Turbine,Y,5.0,1963.0
61130,Ravenswood Operations LLC,2500,Ravenswood,NY,Queens,3,OP,ST,IPP Non-CHP,2,1027.0,987.3,972.8,NG,DFO,Y,NG,DFO,,,,,Y,Y,987.3,968.3,987.3,968.3,6H,6H,Y,Y,Y,,2024,Natural Gas Steam Turbine,Y,6.0,1965.0
61130,Ravenswood Operations LLC,2500,Ravenswood,NY,Queens,4,OP,CT,IPP Non-CHP,2,181.0,154.1,185.4,NG,DFO,N,,,,,,,Y,Y,150.4,185.8,150.4,185.8,6H,6H,Y,Y,Y,,2024,Natural Gas Fired Combined Cycle,Y,12.0,2003.0
61130,Ravenswood Operations LLC,2500,Ravenswood,NY,Queens,4S,OP,CA,IPP Non-CHP,2,87.5,74.5,89.7,NG,DFO,N,,,,,,,Y,Y,72.8,89.8,72.8,89.8,6H,6H,Y,Y,Y,,2024,Natural Gas Fired Combined Cycle,Y,12.0,2003.0
4226,Consolidated Edison Co-NY Inc,2503,59th Street,NY,New York,GT1,OP,GT,Electric Utility,1,17.1,14.5,16.5,NG,KER,N,,,,,,,Y,N,14.5,16.5,14.5,16.5,UNK,UNK,N,,,,2024,Natural Gas Fired Combustion Turbine,Y,6.0,1969.0
56505,National Grid Generation LLC,2511,E F Barrett,NY,Nassau,10,OP,GT,Electric Utility,1,41.8,40.6,50,NG,DFO,N,,,,,,,Y,Y,40.6,50,40.6,50,1H,1H,N,,,,2024,Natural Gas Fired Combustion Turbine,Y,6.0,1971.0
56505,National Grid Generation LLC,2511,E F Barrett,NY,Nassau,11,OP,GT,Electric Utility,1,41.8,40.1,50.5,NG,DFO,N,,,,,,,Y,Y,40.1,50.5,40.1,50.5,1H,1H,N,,,,2024,Natural Gas Fired Combustion Turbine,Y,6.0,1971.0
56505,National Grid Generation LLC,2511,E F Barrett,NY,Nassau,12,OP,GT,Electric Utility,1,41.8,40.9,48.7,NG,DFO,N,,,,,,,Y,Y,40.9,48.7,40.9,48.7,1H,1H,N,,,,2024,Natural Gas Fired Combustion Turbine,Y,6.0,1971.0
56505,National Grid Generation LLC,2511,E F Barrett,NY,Nassau,3,OP,GT,Electric Utility,1,18.0,17.7,20.2,NG,DFO,N,,,,,,,Y,Y,17.7,20.2,17.7,20.2,1H,1H,N,,,,2024,Natural Gas Fired Combustion Turbine,Y,6.0,1970.0
56505,National Grid Generation LLC,2511,E F Barrett,NY,Nassau,4,OP,GT,Electric Utility,1,18.0,16.8,20.5,NG,DFO,N,,,,,,,Y,Y,16.8,20.5,16.8,20.5,1H,1H,N,,,,2024,Natural Gas Fired Combustion Turbine,Y,7.0,1970.0
56505,National Grid Generation LLC,2511,E F Barrett,NY,Nassau,5,OP,GT,Electric Utility,1,18.0,17.6,20.1,NG,DFO,N,,,,,,,Y,Y,17.6,20.1,17.6,20.1,1H,1H,N,,,,2024,Natural Gas Fired Combustion Turbine,Y,7.0,1970.0
56505,National Grid Generation LLC,2511,E F Barrett,NY,Nassau,6,OP,GT,Electric Utility,1,18.0,16.4,19.9,NG,DFO,N,,,,,,,Y,Y,16.4,19.9,16.4,19.9,1H,1H,N,,,,2024,Natural Gas Fired Combustion Turbine,Y,7.0,1970.0
56505,National Grid Generation LLC,2511,E F Barrett,NY,Nassau,8,OP,GT,Electric Utility,1,18.0,15.1,15.2,NG,DFO,N,,,,,,,Y,Y,15.1,15.2,15.1,15.2,1H,1H,N,,,,2024,Natural Gas Fired Combustion Turbine,Y,7.0,1970.0
56505,National Grid Generation LLC,2511,E F Barrett,NY,Nassau,9,OP,GT,Electric Utility,1,41.8,41.2,49.2,NG,DFO,N,,,,,,,Y,Y,41.2,49.2,41.2,49.2,1H,1H,N,,,,2024,Natural Gas Fired Combustion Turbine,Y,6.0,1971.0
56505,National Grid Generation LLC,2511,E F Barrett,NY,Nassau,GT1,OP,GT,Electric Utility,1,18.0,17.4,20.5,NG,DFO,N,,,,,,,Y,Y,17.4,20.5,17.4,20.5,1H,1H,N,,,,2024,Natural Gas Fired Combustion Turbine,Y,6.0,1970.0
56505,National Grid Generation LLC,2511,E F Barrett,NY,Nassau,GT2,OP,GT,Electric Utility,1,18.0,17.6,20.4,NG,DFO,N,,,,,,,Y,Y,17.6,20.4,17.6,20.4,1H,1H,N,,,,2024,Natural Gas Fired Combustion Turbine,Y,6.0,1970.0
56505,National Grid Generation LLC,2511,E F Barrett,NY,Nassau,ST1,OP,ST,Electric Utility,1,188.0,194.2,199.5,NG,RFO,Y,NG,RFO,,,,,Y,Y,194.2,199.5,194.2,199.5,6H,6H,Y,Y,,,2024,Natural Gas Steam Turbine,Y,11.0,1956.0
56505,National Grid Generation LLC,2511,E F Barrett,NY,Nassau,ST2,OP,ST,Electric Utility,1,188.0,178,190.5,NG,RFO,Y,NG,RFO,,,,,Y,Y,178,190.5,178,190.5,6H,6H,Y,Y,,,2024,Natural Gas Steam Turbine,Y,10.0,1963.0
56505,National Grid Generation LLC,2516,Northport,NY,Suffolk,2,OP,ST,Electric Utility,1,387.0,398,399,NG,RFO,Y,NG,RFO,,,,,Y,Y,398,399,398,399,6H,6H,N,,,,2024,Natural Gas Steam Turbine,Y,6.0,1968.0
56505,National Grid Generation LLC,2516,Northport,NY,Suffolk,3,OP,ST,Electric Utility,1,387.0,398.5,394.2,NG,RFO,Y,NG,RFO,,,,,Y,Y,398.5,394.2,398.5,394.2,6H,6H,N,,,,2024,Natural Gas Steam Turbine,Y,7.0,1972.0
56505,National Grid Generation LLC,2516,Northport,NY,Suffolk,4,OP,ST,Electric Utility,1,387.0,398,396.5,NG,RFO,Y,NG,RFO,,,,,Y,Y,398,396.5,398,396.5,6H,6H,N,,,,2024,Natural Gas Steam Turbine,Y,12.0,1977.0
56505,National Grid Generation LLC,2516,Northport,NY,Suffolk,ST1,OP,ST,Electric Utility,1,387.0,397.7,396.2,NG,RFO,Y,NG,RFO,,,,,Y,Y,397.7,396.2,397.7,396.2,6H,6H,N,,,,2024,Natural Gas Steam Turbine,Y,7.0,1967.0
56505,National Grid Generation LLC,2517,Port Jefferson,NY,Suffolk,3,OP,ST,Electric Utility,1,188.0,192,189.2,NG,RFO,Y,NG,RFO,,,,,Y,Y,192,189.2,192,189.2,6H,6H,N,,,,2024,Natural Gas Steam Turbine,Y,11.0,1958.0
56505,National Grid Generation LLC,2517,Port Jefferson,NY,Suffolk,4,OP,ST,Electric Utility,1,188.0,193,194.7,NG,RFO,Y,NG,RFO,,,,,Y,Y,193,194.7,193,194.7,6H,6H,N,,,,2024,Natural Gas Steam Turbine,Y,11.0,1960.0
56505,National Grid Generation LLC,2517,Port Jefferson,NY,Suffolk,GT2,OP,GT,Electric Utility,1,53.0,42.6,46.7,NG,DFO,N,,,,,,,Y,N,42.6,46.7,42.6,46.7,1H,1H,Y,,Y,,2024,Natural Gas Fired Combustion Turbine,Y,7.0,2002.0
56505,National Grid Generation LLC,2517,Port Jefferson,NY,Suffolk,GT3,OP,GT,Electric Utility,1,53.0,40.1,47.1,NG,DFO,N,,,,,,,Y,N,40.1,47.1,40.1,47.1,1H,1H,Y,,Y,,2024,Natural Gas Fired Combustion Turbine,Y,7.0,2002.0
25,Greenidge Generation Holdings LLC,2527,Greenidge Generation LLC,NY,Yates,4,OP,ST,IPP Non-CHP,2,112.0,104.5,106.3,NG,WDS,Y,NG,WDS,,,,,N,, , , , ,,,,,,,2024,Natural Gas Steam Turbine,Y,12.0,1953.0
65417,GB II New York LLC,2539,Bethlehem Energy Center,NY,Albany,5,OP,CT,IPP Non-CHP,2,194.3,178.4,205.8,NG,KER,N,,,,,,,Y,Y,176,207,176,207,UNK,UNK,N,,,,2024,Natural Gas Fired Combined Cycle,Y,7.0,2005.0
65417,GB II New York LLC,2539,Bethlehem Energy Center,NY,Albany,6,OP,CT,IPP Non-CHP,2,194.3,179.7,205.8,NG,RFO,N,,,,,,,Y,Y,176,207,176,207,UNK,UNK,N,,,,2024,Natural Gas Fired Combined Cycle,N,7.0,2005.0
65417,GB II New York LLC,2539,Bethlehem Energy Center,NY,Albany,7,OP,CT,IPP Non-CHP,2,194.3,177.9,205.8,NG,,N,,,,,,,Y,Y,176,207,176,207,UNK,UNK,N,,,,2024,Natural Gas Fired Combined Cycle,Y,7.0,2005.0
64701,Oswego Harbor Power,2594,Oswego Harbor Power,NY,Oswego,ST6,OP,ST,IPP Non-CHP,2,901.8,790.5,814.5,RFO,NG,Y,RFO,NG,,,,,Y,Y,180,180,850,850,6H,UNK,Y,,Y,,2024,Petroleum Liquids,Y,12.0,1979.0
64082,"Bowline, LLC",2625,Bowline Point,NY,Rockland,1,OP,ST,IPP Non-CHP,2,621.0,586,593.2,NG,RFO,Y,NG,RFO,,,,,Y,Y,572,572,572,572,6H,6H,Y,Y,,,2024,Natural Gas Steam Turbine,Y,9.0,1972.0
64082,"Bowline, LLC",2625,Bowline Point,NY,Rockland,2,OP,ST,IPP Non-CHP,2,621.0,573.6,568.8,NG,RFO,Y,NG,RFO,,,,,Y,Y,562,567,562,567,6H,6H,Y,Y,,,2024,Natural Gas Steam Turbine,Y,5.0,1974.0
56142,"Alliance NYGT, LLC",2628,Hillburn,NY,Rockland,GEN1,OP,GT,IPP Non-CHP,2,46.5,33.1,43.8,NG,KER,N,,,,,,,Y,N,33.1,43,33.1,43,1H,1H,Y,,Y,,2024,Natural Gas Fired Combustion Turbine,Y,7.0,1972.0
56142,"Alliance NYGT, LLC",2632,Shoemaker,NY,Orange,SHOE,OP,GT,IPP Non-CHP,2,41.9,33,40,NG,KER,N,,,,,,,Y,N,33,40,33,40,1H,1H,Y,,Y,,2024,Natural Gas Fired Combustion Turbine,Y,7.0,1972.0
6775,Village of Freeport - (NY),2679,Plant No 2 Freeport,NY,Nassau,CT5,OP,GT,Electric Utility,1,60.5,49,49,NG,KER,N,,,,,,,Y,N,49,49,49,49,6H,1H,N,,,,2024,Natural Gas Fired Combustion Turbine,Y,4.0,2004.0
9645,Jamestown Board of Public Util,2682,S A Carlson,NY,Chautauqua,5,OP,ST,Electric Utility,1,24.5,22.5,22.5,NG,DFO,N,,,,,,,Y,N,22.5,22.5,7,7,1H,1H,N,,,,2024,Natural Gas Steam Turbine,Y,8.0,1951.0
9645,Jamestown Board of Public Util,2682,S A Carlson,NY,Chautauqua,6,OP,ST,Electric Utility,1,24.5,22.5,22.5,NG,DFO,N,,,,,,,Y,N,22.5,22.5,7,7,1H,1H,N,,,,2024,Natural Gas Steam Turbine,Y,8.0,1968.0
16217,Village of Rockville Centre - (NY),2695,Charles P Keller,NY,Nassau,10,OP,IC,Electric Utility,1,3.5,3.2,3.2,NG,DFO,N,,,,,,,Y,Y,2.9,2.9,3.2,3.2,1H,1H,Y,Y,Y,,2024,Natural Gas Internal Combustion Engine,Y,1.0,1954.0
16217,Village of Rockville Centre - (NY),2695,Charles P Keller,NY,Nassau,11,OP,IC,Electric Utility,1,5.2,5.2,5.2,NG,DFO,N,,,,,,,Y,Y,4.95,4.95,5.2,5.2,1H,1H,Y,Y,Y,,2024,Natural Gas Internal Combustion Engine,Y,1.0,1962.0
16217,Village of Rockville Centre - (NY),2695,Charles P Keller,NY,Nassau,12,OP,IC,Electric Utility,1,5.5,5.5,5.5,NG,DFO,N,,,,,,,Y,Y,5.2,5.2,5.5,5.5,1H,1H,Y,Y,Y,,2024,Natural Gas Internal Combustion Engine,Y,1.0,1967.0
16217,Village of Rockville Centre - (NY),2695,Charles P Keller,NY,Nassau,13,OP,IC,Electric Utility,1,5.5,5.5,5.5,NG,DFO,N,,,,,,,Y,Y,5.2,5.2,5.5,5.5,1H,1H,Y,Y,Y,,2024,Natural Gas Internal Combustion Engine,Y,1.0,1974.0
16217,Village of Rockville Centre - (NY),2695,Charles P Keller,NY,Nassau,14,OP,IC,Electric Utility,1,6.2,6.2,6.2,NG,DFO,N,,,,,,,Y,Y,6.2,6.2,6.2,6.2,1H,1H,Y,Y,Y,,2024,Natural Gas Internal Combustion Engine,Y,9.0,1994.0
16217,Village of Rockville Centre - (NY),2695,Charles P Keller,NY,Nassau,9,OP,IC,Electric Utility,1,3.5,3.2,3.2,NG,DFO,N,,,,,,,Y,Y,2.9,2.9,3.2,3.2,1H,1H,Y,Y,Y,,2024,Natural Gas Internal Combustion Engine,Y,1.0,1954.0
15296,New York Power Authority,7314,Richard M Flynn,NY,Suffolk,NA1,OP,CT,Electric Utility,1,110.0,139.5,160,NG,DFO,N,,,,,,,Y,N,135.5,160,135.5,160,1H,1H,Y,Y,Y,,2024,Natural Gas Fired Combined Cycle,Y,5.0,1994.0
56505,National Grid Generation LLC,7869,Glenwood Landing,NY,Nassau,GT4,OP,GT,Electric Utility,1,53.0,42.6,47,NG,KER,N,,,,,,,Y,Y,42.6,47,42.6,47,1H,1H,Y,,Y,,2024,Natural Gas Fired Combustion Turbine,Y,6.0,2002.0
56505,National Grid Generation LLC,7869,Glenwood Landing,NY,Nassau,GT5,OP,GT,Electric Utility,1,53.0,42.5,47,NG,KER,N,,,,,,,Y,Y,42.5,47,42.5,47,1H,1H,Y,,Y,,2024,Natural Gas Fired Combustion Turbine,Y,6.0,2002.0
5511,CCI Roseton LLC,8006,Roseton Generating Facility,NY,Orange,1,OP,ST,IPP Non-CHP,2,621.0,614.8,613.2,NG,RFO,Y,RFO,NG,,,,,Y,Y,614.8,613.2,614.8,613.2,1H,1H,Y,,,Y,2024,Natural Gas Steam Turbine,Y,12.0,1974.0
5511,CCI Roseton LLC,8006,Roseton Generating Facility,NY,Orange,2,OP,ST,IPP Non-CHP,2,621.0,607.7,607.7,NG,RFO,Y,RFO,NG,,,,,Y,Y,607.7,607.7,607.7,607.7,1H,1H,Y,,,Y,2024,Natural Gas Steam Turbine,Y,9.0,1974.0
54863,U S Power Generating Company LLC,8906,Astoria Generating Station,NY,Queens,3,OP,ST,IPP Non-CHP,2,376.0,369.9,369.9,NG,RFO,Y,RFO,NG,,,,,Y,Y,370.2,373.2,370.2,373.2,6H,6H,Y,Y,Y,,2024,Natural Gas Steam Turbine,Y,9.0,1958.0
54863,U S Power Generating Company LLC,8906,Astoria Generating Station,NY,Queens,4,OS,ST,IPP Non-CHP,2,387.0,376.3,376.3,NG,RFO,Y,RFO,NG,,,,,Y,Y,372,372,361,361,6H,6H,Y,Y,Y,,2024,Natural Gas Steam Turbine,Y,12.0,1961.0
54863,U S Power Generating Company LLC,8906,Astoria Generating Station,NY,Queens,ST5,OP,ST,IPP Non-CHP,2,387.0,376.3,376.3,NG,RFO,Y,RFO,NG,,,,,Y,Y,376.9,384.2,376.9,384.2,6H,6H,Y,Y,Y,,2024,Natural Gas Steam Turbine,Y,5.0,1962.0
5624,"RED-Rochester, LLC",10025,"RED-Rochester, LLC",NY,Monroe,17TG,OP,ST,Industrial CHP,7,15.0,15,15,NG,DFO,Y,RFO,NG,,,,,N,, , , , ,,,,,,,2024,Natural Gas Steam Turbine,Y,12.0,1968.0
5624,"RED-Rochester, LLC",10025,"RED-Rochester, LLC",NY,Monroe,41TG,OP,ST,Industrial CHP,7,25.6,25.6,25.6,NG,DFO,Y,RFO,NG,,,,,N,, , , , ,,,,,,,2024,Natural Gas Steam Turbine,Y,5.0,1964.0
5624,"RED-Rochester, LLC",10025,"RED-Rochester, LLC",NY,Monroe,42TG,OP,ST,Industrial CHP,7,25.6,25.6,25.6,NG,DFO,Y,RFO,NG,,,,,N,, , , , ,,,,,,,2024,Natural Gas Steam Turbine,Y,8.0,1967.0
5624,"RED-Rochester, LLC",10025,"RED-Rochester, LLC",NY,Monroe,43TG,OP,ST,Industrial CHP,7,25.6,25.6,25.6,NG,DFO,Y,RFO,NG,,,,,N,, , , , ,,,,,,,2024,Natural Gas Steam Turbine,Y,4.0,1969.0
5624,"RED-Rochester, LLC",10025,"RED-Rochester, LLC",NY,Monroe,44TG,OP,ST,Industrial CHP,7,25.6,25.6,25.6,NG,DFO,Y,DFO,NG,,,,,N,, , , , ,,,,,,,2024,Natural Gas Steam Turbine,Y,8.0,1987.0
60741,Fortistar Castleton Power,10190,Castleton Energy Center,NY,Rensselaer,GEN1,OP,CT,IPP Non-CHP,2,47.0,67,77.3,NG,DFO,Y,NG,DFO,,,,,Y,Y,44,51,43,49,1H,1H,Y,Y,Y,,2024,Natural Gas Fired Combined Cycle,Y,2.0,1992.0
60641,Veolia NA - Municipal & Commercial Business,10521,Lederle Laboratories,NY,Rockland,3A,OP,CA,Industrial CHP,7,1.5,1.5,1.5,NG,DFO,N,,,,,,,Y,Y,1.5,1.5,1.5,1.5,1H,1H,Y,,Y,,2024,Natural Gas Fired Combined Cycle,Y,12.0,1998.0
60641,Veolia NA - Municipal & Commercial Business,10521,Lederle Laboratories,NY,Rockland,GEN1,OP,CT,Industrial CHP,7,8.3,8.3,8.3,NG,DFO,N,,,,,,,Y,Y,8.3,8.3,8.3,8.3,1H,1H,Y,,Y,,2024,Natural Gas Fired Combined Cycle,Y,1.0,1991.0
60641,Veolia NA - Municipal & Commercial Business,10521,Lederle Laboratories,NY,Rockland,GEN2,OP,CT,Industrial CHP,7,8.3,8.3,8.3,NG,DFO,N,,,,,,,Y,Y,8.3,8.3,8.3,8.3,1H,1H,Y,,Y,,2024,Natural Gas Fired Combined Cycle,Y,1.0,1991.0
60641,Veolia NA - Municipal & Commercial Business,10521,Lederle Laboratories,NY,Rockland,GEN3,OP,CA,Industrial CHP,7,2.2,2.2,2.2,NG,DFO,N,,,,,,,Y,Y,2.2,2.2,2.2,2.2,1H,1H,Y,,Y,,2024,Natural Gas Fired Combined Cycle,Y,7.0,1990.0
60641,Veolia NA - Municipal & Commercial Business,10521,Lederle Laboratories,NY,Rockland,TG4,OP,CA,Industrial CHP,7,3.1,1.4,1.4,NG,DFO,N,,,,,,,Y,Y,1.4,1.4,1.4,1.4,1H,1H,Y,,Y,,2024,Natural Gas Fired Combined Cycle,Y,7.0,1997.0
58338,Lakeside Beaver Falls LLC,10617,CH Resources Beaver Falls,NY,Lewis,GEN1,OP,CT,IPP CHP,3,65.5,49.1,58.6,NG,DFO,N,,,,,,,Y,Y,49.1,58.6,45,50,UNK,UNK,N,,,,2024,Natural Gas Fired Combined Cycle,Y,4.0,1995.0
58338,Lakeside Beaver Falls LLC,10617,CH Resources Beaver Falls,NY,Lewis,GEN2,OP,CA,IPP CHP,3,42.3,30.6,31.8,NG,DFO,N,,,,,,,Y,Y,30.6,31.8,25,30,UNK,UNK,N,,,,2024,Natural Gas Fired Combined Cycle,Y,4.0,1995.0
3085,Carthage Energy LLC,10620,Carthage Energy LLC,NY,Jefferson,GEN1,OP,CT,IPP Non-CHP,2,40.9,40.1,45,NG,DFO,Y,NG,DFO,,,,,Y,Y,40.03,45,40.03,45,1H,1H,Y,Y,Y,,2024,Natural Gas Fired Combined Cycle,Y,11.0,1991.0
16909,Selkirk Cogen Partners LP,10725,Selkirk Cogen,NY,Albany,GEN1,OP,CT,IPP CHP,3,95.2,76.1,104.64,NG,DFO,Y,NG,DFO,,,,,Y,N,76.9,105.5,76.9,105.5,OVER,OVER,Y,Y,Y,,2024,Natural Gas Fired Combined Cycle,Y,4.0,1992.0
16909,Selkirk Cogen Partners LP,10725,Selkirk Cogen,NY,Albany,GEN3,OP,CT,IPP CHP,3,95.2,277.19,336.85,NG,DFO,Y,NG,DFO,,,,,N,, , , , ,,,,,,,2024,Natural Gas Fired Combined Cycle,Y,4.0,1994.0
16909,Selkirk Cogen Partners LP,10725,Selkirk Cogen,NY,Albany,GEN4,OP,CT,IPP CHP,3,95.2, , ,NG,DFO,Y,NG,DFO,,,,,N,, , , , ,,,,,,,2024,Natural Gas Fired Combined Cycle,Y,4.0,1994.0
21508,Cornell University,50368,Cornell University Central Heat,NY,Tompkins,CT1,OP,CT,Commercial CHP,5,15.0,12.3,14.5,NG,DFO,N,,,,,,,Y,Y,12.3,14.5,12.3,14.5,1H,1H,Y,,Y,,2024,Natural Gas Fired Combined Cycle,Y,12.0,2009.0
21508,Cornell University,50368,Cornell University Central Heat,NY,Tompkins,CT2,OP,CT,Commercial CHP,5,15.0,12.3,14.5,NG,DFO,N,,,,,,,Y,Y,12.3,14.5,12.3,14.5,1H,1H,Y,,Y,,2024,Natural Gas Fired Combined Cycle,Y,12.0,2009.0
9245,Indeck-Energy Serv Silver Spg,50449,Indeck Silver Springs Energy Center,NY,Wyoming,GEN1,OP,CT,IPP CHP,3,39.4,34.7,45.1,NG,DFO,Y,NG,DFO,,,,,Y,Y,34.7,45.1,34.7,45.1,1H,1H,Y,Y,Y,,2024,Natural Gas Fired Combined Cycle,Y,5.0,1991.0
9245,Indeck-Energy Serv Silver Spg,50449,Indeck Silver Springs Energy Center,NY,Wyoming,GEN2,OP,CA,IPP CHP,3,17.2,17.2,17.2,NG,DFO,N,,,,,,,Y,Y,17.2,17.2,17.2,17.2,1H,1H,Y,Y,Y,,2024,Natural Gas Fired Combined Cycle,Y,5.0,1991.0
9244,Indeck-Oswego Ltd Partnership,50450,Indeck Oswego Energy Center,NY,Oswego,GEN1,OP,CT,IPP CHP,3,41.2,51.9,59,NG,DFO,Y,NG,DFO,,,,,Y,Y,51.9,59,49.9,57,1H,1H,Y,Y,Y,,2024,Natural Gas Fired Combined Cycle,Y,6.0,1990.0
9243,Indeck-Yerkes Ltd Partnership,50451,Indeck Yerkes Energy Center,NY,Erie,GEN1,OP,CT,IPP CHP,3,40.6,43.1,53.8,NG,DFO,Y,NG,DFO,,,,,Y,Y,43.1,53.8,41.1,51.8,1H,1H,Y,Y,Y,,2024,Natural Gas Fired Combined Cycle,Y,12.0,1989.0
9263,Indeck-Corinth Ltd Partnership,50458,Indeck Corinth Energy Center,NY,Saratoga,GEN1,OP,CT,IPP CHP,3,92.0,73.8,87.19,NG,DFO,N,,,,,,,Y,Y,73.8,87.19,73.8,87.19,6H,6H,Y,Y,Y,,2024,Natural Gas Fired Combined Cycle,Y,2.0,1995.0
470,"Reworld Niagara I, LLC",50472,Reworld Niagara I,NY,Niagara,GEN1,OP,ST,Commercial CHP,5,25.0,18,18,MSW,NG,Y,NG,MSW,WDS,OTH,,,N,, , , , ,,,,,,,2024,Municipal Solid Waste,Y,8.0,1980.0
470,"Reworld Niagara I, LLC",50472,Reworld Niagara I,NY,Niagara,GEN2,OP,ST,Commercial CHP,5,25.0,18,18,MSW,NG,Y,NG,MSW,WDS,OTH,,,N,, , , , ,,,,,,,2024,Municipal Solid Waste,Y,8.0,1980.0
24202,Carr Street Generating Sta LP,50978,Carr Street Generating Station,NY,Onondaga,GEN1,OP,CT,IPP Non-CHP,2,48.8,35,40,NG,DFO,N,,,,,,,Y,Y,35,40,35,40,1H,1H,Y,Y,Y,,2024,Natural Gas Fired Combined Cycle,Y,7.0,1993.0
24202,Carr Street Generating Sta LP,50978,Carr Street Generating Station,NY,Onondaga,GEN2,OA,CT,IPP Non-CHP,2,48.8,35,40,NG,DFO,N,,,,,,,Y,Y,35,40,35,40,1H,1H,Y,Y,Y,,2024,Natural Gas Fired Combined Cycle,Y,7.0,1993.0
24210,Riverbay Corp,52168,Riverbay,NY,Bronx,GEN3,OP,CT,Commercial CHP,5,12.9,12.3,12.6,NG,DFO,N,,,,,,,Y,Y,12.3,12.6,12,12,6H,6H,Y,Y,Y,,2024,Natural Gas Fired Combined Cycle,Y,3.0,2011.0
24210,Riverbay Corp,52168,Riverbay,NY,Bronx,GEN4,OP,CT,Commercial CHP,5,12.9,12.3,12.6,NG,DFO,N,,,,,,,Y,Y,12.3,12.6,12,12,6H,6H,Y,Y,Y,,2024,Natural Gas Fired Combined Cycle,Y,3.0,2011.0
6838,Rensselaer Generating LLC,54034,Rensselaer Cogen,NY,Rensselaer,GEN1,OP,CT,IPP Non-CHP,2,49.2,47,57,NG,DFO,N,,,,,,,Y,Y,47,57,45,54,6H,6H,Y,Y,Y,,2024,Natural Gas Fired Combined Cycle,Y,4.0,1994.0
6838,Rensselaer Generating LLC,54034,Rensselaer Cogen,NY,Rensselaer,GEN2,OP,CA,IPP Non-CHP,2,39.0,32.4,27,NG,DFO,N,,,,,,,Y,Y,32.4,27,18,20,6H,6H,Y,Y,Y,,2024,Natural Gas Fired Combined Cycle,Y,4.0,1994.0
11127,Lockport Energy Associates LP,54041,Lockport Energy Associates LP,NY,Niagara,GEN1,OP,CT,IPP CHP,3,48.7,47,50,NG,DFO,Y,NG,DFO,,,,,Y,Y,42.6,50.8,43,49,1H,1H,Y,Y,Y,,2024,Natural Gas Fired Combined Cycle,Y,7.0,1992.0
11127,Lockport Energy Associates LP,54041,Lockport Energy Associates LP,NY,Niagara,GEN2,OP,CT,IPP CHP,3,48.7,47,50,NG,DFO,Y,NG,DFO,,,,,Y,Y,41.6,50.8,43,49,1H,1H,Y,Y,Y,,2024,Natural Gas Fired Combined Cycle,Y,7.0,1992.0
11127,Lockport Energy Associates LP,54041,Lockport Energy Associates LP,NY,Niagara,GEN3,OP,CT,IPP CHP,3,48.7,47,50,NG,DFO,Y,NG,DFO,,,,,Y,Y,41.6,50.8,43,49,1H,1H,Y,Y,Y,,2024,Natural Gas Fired Combined Cycle,Y,7.0,1992.0
11127,Lockport Energy Associates LP,54041,Lockport Energy Associates LP,NY,Niagara,GEN4,OP,CA,IPP CHP,3,75.2,78,80,NG,DFO,Y,NG,DFO,,,,,Y,Y,78,78,78,78,1H,1H,Y,Y,Y,,2024,Natural Gas Fired Combined Cycle,Y,9.0,1992.0
9261,Indeck-Olean Ltd Partnership,54076,Indeck Olean Energy Center,NY,Cattaraugus,GEN1,OP,CT,IPP CHP,3,46.0,34.1,43.2,NG,DFO,Y,NG,DFO,,,,,Y,Y,34.1,43.2,34.1,43.2,1H,1H,Y,Y,Y,,2024,Natural Gas Fired Combined Cycle,Y,1.0,1994.0
9261,Indeck-Olean Ltd Partnership,54076,Indeck Olean Energy Center,NY,Cattaraugus,GEN2,OP,CA,IPP CHP,3,44.6,44.6,44.6,NG,DFO,N,,,,,,,Y,Y,44.6,44.6,44.6,44.6,24H,24H,Y,Y,Y,,2024,Natural Gas Fired Combined Cycle,Y,1.0,1994.0
10349,KIAC Partners,54114,Kennedy International Airport Cogen,NY,Queens,GEN1,OP,CT,IPP CHP,3,47.1,49.97,51.1,NG,DFO,N,,,,,,,Y,Y,49.97,51.12,49.97,51.12,1H,1H,N,,,,2024,Natural Gas Fired Combined Cycle,Y,12.0,1994.0
10349,KIAC Partners,54114,Kennedy International Airport Cogen,NY,Queens,GEN2,OP,CT,IPP CHP,3,47.1,50.65,50,NG,DFO,N,,,,,,,Y,Y,50.65,49.96,50.65,49.96,1H,1H,N,,,,2024,Natural Gas Fired Combined Cycle,Y,12.0,1994.0
10349,KIAC Partners,54114,Kennedy International Airport Cogen,NY,Queens,GEN3,OP,CA,IPP CHP,3,27.0,24.4,24.9,NG,DFO,N,,,,,,,Y,Y,24.4,24.88,24.4,24.88,1H,1H,N,,,,2024,Natural Gas Fired Combined Cycle,Y,1.0,1995.0
50136,North American Energy Services,54131,World Generation X,NY,Niagara,GEN1,OP,CT,IPP CHP,3,48.7,31.7,44.2,NG,DFO,Y,NG,DFO,,,,,Y,Y,31.7,44.2,31.7,40.9,1H,1H,Y,Y,Y,,2024,Natural Gas Fired Combined Cycle,Y,7.0,1993.0
13587,Nissequoque Cogen Partners,54149,Stony Brook Cogen Plant,NY,Suffolk,GEN1,OP,GT,IPP CHP,3,47.0,44.5,47.1,NG,DFO,N,,,,,,,Y,Y,42,44,42,44,1H,1H,Y,Y,Y,,2024,Natural Gas Fired Combustion Turbine,Y,4.0,1995.0
15253,Power City Partners LP,54592,Massena Energy Facility,NY,St Lawrence,GEN1,OP,CT,IPP Non-CHP,2,66.5,46,56,NG,DFO,N,,,,,,,Y,Y,46,56,46,56,1H,1H,Y,,Y,,2024,Natural Gas Fired Combined Cycle,Y,7.0,1992.0
13491,New York University,54808,New York University Central Plant,NY,New York,GT1,OP,CT,Commercial Non-CHP,4,5.5,5.5,5.5,NG,DFO,Y,NG,DFO,,,,,Y,Y,5.5,5.5,5.5,5.5,1H,1H,Y,Y,,,2024,Natural Gas Fired Combined Cycle,Y,12.0,2010.0
13491,New York University,54808,New York University Central Plant,NY,New York,GT2,OP,CT,Commercial Non-CHP,4,5.5,5.5,5.5,NG,DFO,Y,NG,DFO,,,,,Y,Y,5.5,5.5,5.5,5.5,1H,1H,Y,Y,,,2024,Natural Gas Fired Combined Cycle,Y,12.0,2010.0
2313,Brooklyn Navy Yard Cogen PLP,54914,Brooklyn Navy Yard Cogeneration,NY,Kings,01,OP,CT,IPP CHP,3,121.0,95,110,NG,DFO,N,,,,,,,Y,Y,95,110,95,110,1H,1H,Y,,Y,,2024,Natural Gas Fired Combined Cycle,Y,3.0,1996.0
2313,Brooklyn Navy Yard Cogen PLP,54914,Brooklyn Navy Yard Cogeneration,NY,Kings,02,OP,CT,IPP CHP,3,121.0,95,110,NG,DFO,N,,,,,,,Y,Y,98,113,98,113,1H,1H,Y,,Y,,2024,Natural Gas Fired Combined Cycle,Y,3.0,1996.0
22979,Astoria Energy LLC,55375,Astoria Energy,NY,Queens,CT1,OP,CT,IPP Non-CHP,2,170.0,165,189,NG,DFO,N,,,,,,,Y,N,165,189,165,189,1H,1H,Y,Y,Y,,2024,Natural Gas Fired Combined Cycle,Y,5.0,2006.0
22979,Astoria Energy LLC,55375,Astoria Energy,NY,Queens,CT2,OP,CT,IPP Non-CHP,2,170.0,165,189,NG,DFO,N,,,,,,,Y,N,165,189,165,189,1H,1H,Y,Y,Y,,2024,Natural Gas Fired Combined Cycle,Y,5.0,2006.0
49845,"Equus Power I, L.P.",56032,Equus Freeport Power,NY,Nassau,0001,OP,GT,IPP Non-CHP,2,60.0,45.9,47.1,NG,KER,N,,,,,,,Y,N,46.2,46.2,46.2,46.2,1H,1H,Y,,,Y,2024,Natural Gas Fired Combustion Turbine,Y,6.0,2004.0
49845,"Equus Power I, L.P.",56032,Equus Freeport Power,NY,Nassau,001,OP,GT,IPP Non-CHP,2,60.0,48.1,49.7,NG,KER,N,,,,,,,Y,N,48.1,49.7,48.1,49.7,1H,1H,Y,Y,,,2024,Natural Gas Fired Combustion Turbine,Y,6.0,2004.0
49786,"Jamaica Bay Peaking Facility, LLC",56141,Jamaica Bay Peaking,NY,Queens,2,OP,GT,IPP Non-CHP,2,60.5,55.8,60,KER,NG,N,,,,,,,Y,Y,52.8,60,52.8,60,1H,1H,Y,Y,Y,,2024,Petroleum Liquids,Y,7.0,2003.0
49837,Pinelawn Power LLC,56188,Pinelawn Power LLC,NY,Suffolk,CTG,OP,CT,IPP Non-CHP,2,50.0,47,47,NG,KER,N,,,,,,,Y,N,47,47,47,47,1H,1H,Y,Y,Y,Y,2024,Natural Gas Fired Combined Cycle,Y,7.0,2005.0
15296,New York Power Authority,56196,Zeltmann,NY,Queens,CT01,OP,CT,Electric Utility,1,170.0,238,270.2,NG,DFO,N,,,,,,,Y,N,238,270.2,238,270.2,6H,6H,Y,Y,Y,,2024,Natural Gas Fired Combined Cycle,Y,12.0,2005.0
15296,New York Power Authority,56196,Zeltmann,NY,Queens,CT02,OP,CT,Electric Utility,1,170.0,238,270.2,NG,DFO,N,,,,,,,Y,N,238,270.2,238,270.2,6H,6H,Y,Y,Y,,2024,Natural Gas Fired Combined Cycle,Y,12.0,2005.0
49950,"Caithness Long Island, LLC",56234,Caithness Long Island Energy Center,NY,Suffolk,CT01,OP,CT,IPP Non-CHP,2,196.2,187.7,216,NG,DFO,N,,,,,,,Y,Y,175,220,175,200,6H,6H,Y,Y,Y,,2024,Natural Gas Fired Combined Cycle,Y,8.0,2009.0
56480,Empire Generating Co LLC,56259,Empire Generating Co LLC,NY,Rensselaer,CT11,OP,CT,IPP CHP,3,179.0,155,190,NG,DFO,N,,,,,,,Y,Y,155,190,155,190,1H,1H,Y,,Y,Y,2024,Natural Gas Fired Combined Cycle,Y,9.0,2010.0
56480,Empire Generating Co LLC,56259,Empire Generating Co LLC,NY,Rensselaer,CT12,OP,CT,IPP CHP,3,179.0,155,190,NG,DFO,N,,,,,,,Y,Y,155,190,155,190,1H,1H,Y,,Y,Y,2024,Natural Gas Fired Combined Cycle,Y,9.0,2010.0
56204,"CPV Valley, LLC",56940,CPV Valley Energy Center,NY,Orange,CTG1,OP,CT,IPP Non-CHP,2,235.0,172.93,218.29,NG,DFO,N,,,,,,,Y,Y,172.93,218.29,180,190.4,1H,1H,Y,Y,Y,,2024,Natural Gas Fired Combined Cycle,Y,5.0,2018.0
56204,"CPV Valley, LLC",56940,CPV Valley Energy Center,NY,Orange,CTG2,OP,CT,IPP Non-CHP,2,235.0,181.93,217.49,NG,DFO,N,,,,,,,Y,Y,181.93,217.49,180,192.4,1H,1H,Y,Y,Y,,2024,Natural Gas Fired Combined Cycle,Y,5.0,2018.0
56204,"CPV Valley, LLC",56940,CPV Valley Energy Center,NY,Orange,STG,OP,CA,IPP Non-CHP,2,300.5,294.93,302.83,NG,DFO,N,,,,,,,Y,Y,294.93,302.83,179.13,183.66,1H,1H,Y,Y,Y,,2024,Natural Gas Fired Combined Cycle,Y,5.0,2018.0
60545,"City of Auburn, New York",57636,Auburn LFG Energy Facility,NY,Cayuga,1,OS,IC,IPP Non-CHP,2,1.1,1.1,1.1,LFG,NG,Y,NG,LFG,,,,,N,, , , , ,,,,,,,2024,Landfill Gas,Y,1.0,2010.0
60545,"City of Auburn, New York",57636,Auburn LFG Energy Facility,NY,Cayuga,3,OS,IC,IPP Non-CHP,2,1.1,1.1,1.1,LFG,NG,Y,NG,LFG,,,,,N,, , , , ,,,,,,,2024,Landfill Gas,Y,1.0,2010.0
56991,Astoria Energy II LLC,57664,Astoria Energy II,NY,Queens,CT3,OP,CT,IPP Non-CHP,2,200.0,156,188,NG,DFO,N,,,,,,,Y,Y,156,188,156,188,1H,1H,Y,Y,Y,,2024,Natural Gas Fired Combined Cycle,Y,7.0,2011.0
56991,Astoria Energy II LLC,57664,Astoria Energy II,NY,Queens,CT4,OP,CT,IPP Non-CHP,2,200.0,156,188,NG,DFO,N,,,,,,,Y,Y,156,188,156,188,1H,1H,Y,Y,Y,,2024,Natural Gas Fired Combined Cycle,Y,7.0,2011.0
58107,University of Rochester,58157,University of Rochester,NY,Monroe,HP,OA,ST,Commercial CHP,5,18.2,17,17,NG,DFO,N,,,,,,,Y,N,16,17,17,17,1H,6H,Y,Y,Y,,2024,Natural Gas Steam Turbine,Y,10.0,2005.0
58107,University of Rochester,58157,University of Rochester,NY,Monroe,LP,OA,ST,Commercial CHP,5,7.2,7.2,7.2,NG,DFO,N,,,,,,,Y,N,7,7,7,7,1H,6H,Y,Y,Y,,2024,Natural Gas Steam Turbine,Y,10.0,2005.0
58487,Montefiore Medical Center Moses Division,58507,Montefieor Medical Center Moses Division,NY,Bronx,ES006,OP,GT,Commercial CHP,5,5.3,4.8,4.8,NG,DFO,,,,,,,,Y,Y,3.5,3.5,3.5,3.5,6H,6H,N,,,,2024,Natural Gas Fired Combustion Turbine,Y,1.0,2002.0
58487,Montefiore Medical Center Moses Division,58507,Montefieor Medical Center Moses Division,NY,Bronx,S0001,OS,IC,Commercial CHP,5,1.6,1.2,1.2,NG,DFO,,,,,,,,Y,Y,1.2,1.2,1.2,1.2,6H,6H,N,,,,2024,Natural Gas Internal Combustion Engine,Y,1.0,1994.0
58487,Montefiore Medical Center Moses Division,58507,Montefieor Medical Center Moses Division,NY,Bronx,S0002,OS,IC,Commercial CHP,5,1.6,1.2,1.2,NG,DFO,,,,,,,,Y,Y,1.2,1.2,1.2,1.2,6H,6H,N,,,,2024,Natural Gas Internal Combustion Engine,Y,1.0,1994.0
58487,Montefiore Medical Center Moses Division,58507,Montefieor Medical Center Moses Division,NY,Bronx,S0003,OS,IC,Commercial CHP,5,1.6,1.2,1.2,NG,DFO,,,,,,,,Y,Y,1.2,1.2,1.2,1.2,6H,6H,N,,,,2024,Natural Gas Internal Combustion Engine,Y,1.0,1994.0
