Utility ID,Utility Name,Plant Code,Plant Name,State,Boiler ID,Boiler Status,Type of Boiler,New Source Review,New Source Review Permit,New Source Review Month,New Source Review Year,Regulation Sulfur,Standard Sulfur Rate,Standard Sulfur Percent Scrubbed,Unit Sulfur,Period Sulfur,Compliance Year Sulfur,Sulfur Dioxide Control Existing Strategy 1,Sulfur Dioxide Control Existing Strategy 2,Sulfur Dioxide Control Existing Strategy 3,Sulfur Dioxide Control Proposed Strategy 1,Sulfur Dioxide Control Proposed Strategy 2,Sulfur Dioxide Control Proposed Strategy 3,Regulation Nitrogen,Standard Nitrogen Rate,Unit Nitrogen,Period Nitrogen,Compliance Year Nitrogen,Nitrogen Oxide Control Existing Strategy 1,Nitrogen Oxide Control Existing Strategy 2,Nitrogen Oxide Control Existing Strategy 3,Nitrogen Oxide Control Proposed Strategy 1,Nitrogen Oxide Control Proposed Strategy 2,Nitrogen Oxide Control Proposed Strategy 3,Regulation Particulate,Standard Particulate Rate,Unit Particulate,Period Particulate,Compliance Year Particulate,Regulation Mercury,Compliance Year Mercury,Mercury Control Existing Strategy 1,Mercury Control Existing Strategy 2,Mercury Control Existing Strategy 3,Mercury Control Proposed Strategy 1,Mercury Control Proposed Strategy 2,Mercury Control Proposed Strategy 3
7,Tate & Lyle Ingredients Americas Inc,10867,Tate & Lyle Decatur Plant Cogen,IL,COGEN1,OP,N,,, , ,, , ,,, ,,,,,,,, ,,, ,,,,,,,, ,,, ,, ,,,,,,
7,Tate & Lyle Ingredients Americas Inc,10867,Tate & Lyle Decatur Plant Cogen,IL,COGEN2,OP,N,,, , ,, , ,,, ,,,,,,,, ,,, ,,,,,,,, ,,, ,, ,,,,,,
21,AES Shady Point LLC,10671,AES Shady Point LLC,OK,1A,OP,Da,Y,2003-062-TVR,10,2011,FD, ,1,DP,MO,1991,NC,,,NC,,,FD, ,NP,MO,1991,NC,,,NC,,,FD,0.03,PB,PS,1991,FD,1991,BP,,,BP,,
21,AES Shady Point LLC,10671,AES Shady Point LLC,OK,1B,OP,Da,Y,2003-062-TVR,10,2011,FD, ,1,DP,MO,1991,NC,,,NC,,,FD, ,NP,MO,1991,NC,,,NC,,,FD,0.03,PB,PS,1991,FD,1991,BP,,,BP,,
21,AES Shady Point LLC,10671,AES Shady Point LLC,OK,2A,OP,Da,Y,2003-062-TVR,10,2011,FD, ,1,DP,MO,1991,NC,,,NC,,,FD, ,NP,MO,1991,NC,,,NC,,,FD,0.03,PB,PS,1991,FD,1991,BP,,,BP,,
21,AES Shady Point LLC,10671,AES Shady Point LLC,OK,2B,OP,Da,Y,2003-062-TVR,10,2011,FD, ,1,DP,MO,1991,NC,,,NC,,,FD, ,NP,MO,1991,NC,,,NC,,,FD,0.03,PB,PS,1991,FD,1991,BP,,,BP,,
25,Greenidge Generation Holdings LLC,2527,Greenidge Generation LLC,NY,4,RE,N,N,, , ,ST, , ,SB,OT,1988,,,,,,,ST, ,NP,DA,1995,,,,,,,ST,0.28,PB,NV,1971,, ,,,,,,
25,Greenidge Generation Holdings LLC,2527,Greenidge Generation LLC,NY,5,RE,N,N,, , ,ST, , ,SB,MO,1988,,,,,,,ST, ,NP,DA,1995,,,,,,,ST,0.28,PB,NV,1971,, ,,,,,,
25,Greenidge Generation Holdings LLC,2527,Greenidge Generation LLC,NY,6,OP,D,N,, , ,ST,0.19,1,SB,OH,2007,NC,,,NC,,,ST,0.12,NP,OT,1995,AA,LN,SR,SN,,,ST,0.22,PB,NV,1970,ST,2007,BP,CD,ACI,,,
35,AES WR Ltd Partnership,10678,AES Warrior Run Cogeneration Facility,MD,BLR1,OP,Db,N,, , ,ST,0.16,1,SB,TH,2000,CF,,,CF,,,ST,0.1,NP,DA,2000,SN,,,SN,,,ST,20,OP,SM,2000,ST,2014,BR,,,BR,,
52,ACE Cogeneration Co,10002,ACE Cogeneration Facility,CA,CFB,OP,Db,N,, , ,LO,83,1,DH,OH,1990,CF,CF,CF,CF,,,LO,104,NH,OH,1990,CF,NH3,,CF,,,ST,14.6,PH,OH,1990,LO,1990,BR,,,BR,,
82,Ada Cogeneration Ltd Partnership,10819,Ada Cogeneration LP,MI,HRSG1,OP,,,, , ,, , ,,, ,,,,,,,, ,,, ,H20,,,H20,,,, ,,, ,, ,,,,,,
88,Granite Ridge Energy LLC,55170,Granite Ridge,NH,STB1,OP,,,, , ,, , ,,, ,,,,,,,, ,,, ,,,,,,,, ,,, ,, ,,,,,,
88,Granite Ridge Energy LLC,55170,Granite Ridge,NH,STB2,OP,,,, , ,, , ,,, ,,,,,,,, ,,, ,,,,,,,, ,,, ,, ,,,,,,
135,Agrilectric Power Partners Ltd,10593,Agrilectric Power Partners Ltd,LA,BLR1,OP,N,,, , ,, , ,,, ,,,,,,,, ,,, ,,,,,,,, ,,, ,, ,,,,,,
142,AES Beaver Valley,10676,AES Beaver Valley Partners Beaver Valley,PA,2,OP,N,N,, , ,ST,0.7,1,DP,DA,1980,NC,NC,NC,ND,ND,ND,FD,0.45,NP,YR,1994,NC,NC,NC,ND,ND,ND,ST,0.105,PB,PS,1980,FD,2015,EK,,,EK,,
142,AES Beaver Valley,10676,AES Beaver Valley Partners Beaver Valley,PA,3,OP,N,N,, , ,ST,0.7,1,DP,DA,1980,NC,,,ND,,,ST,0.45,NP,MO,1994,NC,,,ND,,,ST,0.105,PB,PS,1980,FD,2015,EK,,,EK,,
142,AES Beaver Valley,10676,AES Beaver Valley Partners Beaver Valley,PA,4,OP,N,N,, , ,ST,0.7,1,DP,DA,1980,NC,,,ND,,,ST,0.45,NP,MO,1994,NC,,,ND,,,ST,0.105,PB,PS,1980,FD,2015,EK,,,EK,,
142,AES Beaver Valley,10676,AES Beaver Valley Partners Beaver Valley,PA,5,OP,N,N,, , ,ST,0.7,1,DP,DA,1986,NC,,,ND,,,ST,0.45,NP,MO,1994,NC,,,ND,,,ST,0.152,PB,PS,1986,FD,2015,EK,,,EK,,
156,AES Deepwater Inc,10670,AES Deepwater,TX,AAB001,RE,Da,Y,9276,7,2008,ST, , ,DP,FT,1986,,,,,,,ST, ,NP,DA,2007,,,,,,,ST,0.03,PB,OH,1986,, ,,,,,,
177,AES Hawaii Inc,10673,AES Hawaii,HI,BLRA,OP,Db,N,, , ,ST,48,1,DM,TH,1992,CF,,,CF,,,ST,25,NM,TH,1992,SN,,,SN,,,ST,20,OP,SM,1992,ST,2015,BR,,,BR,,
177,AES Hawaii Inc,10673,AES Hawaii,HI,BLRB,OP,Db,N,, , ,ST,48,1,DM,TH,1992,CF,,,CF,,,ST,25,NM,TH,1992,SN,,,SN,,,ST,20,OP,SM,1992,ST,2015,BR,,,BR,,
189,PowerSouth Energy Cooperative,56,Charles R Lowman,AL,1,OP,N,N,, , ,ST,4, ,DP,DA,1975,WA,IF,,WA,IF,,FD,0.46,NP,YR,1999,,LN,,,,,ST,0.12,PB,PS,1975,, ,,,,,,
189,PowerSouth Energy Cooperative,56,Charles R Lowman,AL,2,OP,D,N,, , ,FD,1.2, ,DP,TH,1979,WA,IF,,WA,IF,,FD,0.7,NP,TH,1979,SR,,,SR,,,FD,0.1,PB,PS,1979,, ,,,,,,
189,PowerSouth Energy Cooperative,56,Charles R Lowman,AL,3,OP,D,N,, , ,FD,1.2, ,DP,TH,1980,WA,IF,,WA,IF,,FD,0.7,NP,TH,1980,SR,,,SR,,,FD,0.1,PB,PS,1980,, ,,,,,,
189,PowerSouth Energy Cooperative,533,McWilliams,AL,HRSG1,OP,N,N,, , ,, , ,,,1996,,,,,,,ST,25,NM,OH,1996,,,,,,,ST,0.013,PB,OH,1996,, ,,,,,,
189,PowerSouth Energy Cooperative,533,McWilliams,AL,HRSGV1,OP,N,N,, , ,, , ,,,2002,,,,,,,FD,0.013,NP,OH,2002,,,,,,,ST,0.012,PB,OH,2002,, ,,,,,,
189,PowerSouth Energy Cooperative,533,McWilliams,AL,HRSGV2,OP,N,N,, , ,, , ,,,2002,,,,,,,FD,0.013,NP,OH,2002,,,,,,,ST,0.012,PB,OH,2002,, ,,,,,,
195,Alabama Power Co,3,Barry,AL,1,OP,N,N,, , ,ST,1.8, ,DP,DA,1975,NC,SS,WA,NC,SS,WA,FD, ,NP,OT,2000,LN,SN,,LN,SN,,ST,0.12,PB,PS,1975,,2016,,,,,,
195,Alabama Power Co,3,Barry,AL,2,OP,N,N,, , ,ST,1.8, ,DP,DA,1975,NC,SS,WA,NC,SS,WA,FD, ,NP,OT,2000,LN,SN,,LN,SN,,ST,0.12,PB,PS,1975,,2016,,,,,,
195,Alabama Power Co,3,Barry,AL,3,OP,N,N,, , ,ST,1.8, ,DP,DA,1975,NC,SS,WA,NC,SS,WA,FD, ,NP,OT,2000,LN,SN,,LN,SN,,ST,0.12,PB,PS,1975,,2016,,,,,,
195,Alabama Power Co,3,Barry,AL,4,OP,N,N,, , ,ST,1.8, ,DP,DA,1975,NC,SS,WA,NC,SS,WA,FD, ,NP,OT,2000,LN,,,LN,,,ST,0.12,PB,PS,1975,,2016,,,,DSI,ACI,EK
195,Alabama Power Co,3,Barry,AL,5,OP,N,N,, , ,ST,1.8, ,DP,DA,1975,IF,WA,,IF,WA,,FD, ,NP,OT,2000,LN,SR,,LN,SR,,ST,0.12,PB,PS,1975,,2015,,,,JB,,
195,Alabama Power Co,3,Barry,AL,6A,OP,Db,Y,503-1001,12,2003,, , ,,, ,,,,,,,ST, ,NP,TH,2000,LN,SR,,LN,SR,,ST,0.011,PB,NV,2000,, ,,,,,,
195,Alabama Power Co,3,Barry,AL,6B,OP,Db,Y,503-1001,12,2003,, , ,,, ,,,,,,,ST, ,NP,TH,2000,SR,LN,,SR,LN,,ST,0.011,PB,NS,2000,, ,,,,,,
195,Alabama Power Co,3,Barry,AL,7A,OP,Db,Y,503-1001,12,2003,, , ,,, ,,,,,,,ST, ,NP,TH,2001,LN,SR,,LN,SR,,ST,0.011,PB,NS,2001,, ,,,,,,
195,Alabama Power Co,3,Barry,AL,7B,OP,Db,Y,503-1001,12,2003,, , ,,, ,,,,,,,ST, ,NP,TH,2001,LN,SR,,LN,SR,,ST,0.011,PB,NS,2001,, ,,,,,,
195,Alabama Power Co,7,Gadsden,AL,1,OP,N,N,, , ,ST,4, ,DP,DA,1973,NC,SS,WA,NC,SS,WA,FD, ,NP,OT,1996,OT,,,OT,,,ST,0.12,PB,YR,1975,,2015,,,,,,
195,Alabama Power Co,7,Gadsden,AL,2,OP,N,N,, , ,ST,4, ,DP,DA,1973,NC,SS,WA,NC,SS,WA,FD, ,NP,OT,1996,OT,,,OT,,,ST,0.12,PB,YR,1975,,2015,,,,,,
195,Alabama Power Co,8,Gorgas,AL,10,OP,N,N,, , ,ST,4, ,DP,DA,1975,WA,IF,,WA,IF,,FD,0.21,NP,OT,2000,LN,SR,,LN,SR,,ST,0.12,PB,PS,1975,,2016,,,,BP,SP,ACI
195,Alabama Power Co,8,Gorgas,AL,6,OP,N,N,, , ,ST,4, ,DP,DA,1975,NC,SS,WA,NC,SS,WA,FD,0.21,NP,OT,2000,LN,,,LN,,,ST,0.12,PB,PS,1975,,2015,,,,DSI,ACI,EK
195,Alabama Power Co,8,Gorgas,AL,7,OP,N,N,, , ,ST,4, ,DP,DA,1975,NC,SS,WA,NC,SS,WA,FD,0.21,NP,OT,2000,LN,,,LN,,,ST,0.12,PB,PS,1975,,2015,,,,DSI,ACI,EK
195,Alabama Power Co,8,Gorgas,AL,8,OP,N,N,, , ,ST,4, ,DP,DA,1975,IF,WA,,IF,WA,,FD,0.21,NP,OT,2000,LN,,,LN,,,ST,0.12,PB,PS,1975,,2016,,,,BP,SP,ACI
195,Alabama Power Co,8,Gorgas,AL,9,OP,N,N,, , ,ST,4, ,DP,DA,1975,IF,WA,,IF,WA,,FD,0.21,NP,OT,2000,LN,,,LN,,,ST,0.12,PB,PS,1975,,2016,,,,,,
195,Alabama Power Co,10,Greene County,AL,1,OP,N,N,, , ,ST,4, ,DP,DA,1975,NC,SS,WA,NC,SS,WA,FD, ,NP,OT,2000,NC,,,LN,,,ST,0.12,PB,PS,1975,,2016,,,,DSI,ACI,EK
195,Alabama Power Co,10,Greene County,AL,2,OP,N,N,, , ,ST, , ,DP,DA,1975,NC,SS,WA,NC,SS,WA,FD, ,NP,OT,2000,NC,,,LN,,,ST,0.12,PB,PS,1975,,2016,,,,DSI,ACI,EK
195,Alabama Power Co,26,E C Gaston,AL,1,OP,N,N,, , ,ST,3.8, ,DP,DA,1975,NC,SS,WA,NC,SS,WA,FD, ,NP,OT,1996,LN,,,NC,,,ST,0.12,PB,PS,1975,,2016,,,,,,
195,Alabama Power Co,26,E C Gaston,AL,2,OP,N,N,, , ,ST,3.8, ,DP,DA,1975,NC,SS,WA,NC,SS,WA,FD, ,NP,OT,1996,LN,,,NC,,,ST,0.12,PB,PS,1975,,2016,,,,,,
195,Alabama Power Co,26,E C Gaston,AL,3,OP,N,N,, , ,ST,3.8, ,DP,DA,1975,NC,SS,WA,NC,SS,WA,FD, ,NP,OT,1996,LN,,,NC,,,ST,0.12,PB,PS,1975,,2016,,,,,,
195,Alabama Power Co,26,E C Gaston,AL,4,OP,N,N,, , ,ST,3.8, ,DP,DA,1975,NC,SS,WA,NC,SS,WA,FD, ,NP,OT,1996,LN,,,NC,,,ST,0.12,PB,PS,1975,,2016,,,,,,
195,Alabama Power Co,26,E C Gaston,AL,5,OP,N,N,, , ,ST,3.8, ,DP,DA,1975,IF,WA,,IF,WA,,FD, ,NP,OT,1996,LN,SR,,NC,,,ST,0.12,PB,PS,1975,,2016,,,,BP,JB,ACI
195,Alabama Power Co,6001,Joseph M Farley,AL,NSS1,OP,,,, , ,, , ,,, ,,,,,,,, ,,, ,,,,,,,, ,,, ,, ,,,,,,
195,Alabama Power Co,6001,Joseph M Farley,AL,NSS2,OP,,,, , ,, , ,,, ,,,,,,,, ,,, ,,,,,,,, ,,, ,, ,,,,,,
195,Alabama Power Co,6002,James H Miller Jr,AL,1,OP,D,N,, , ,LO,1.2, ,DP,TH,1978,IF,WA,,IF,WA,,LO,0.7,NP,OT,2000,LN,SR,,LN,SR,,LO,0.1,PB,PS,1978,,2015,,,,SP,,
195,Alabama Power Co,6002,James H Miller Jr,AL,2,OP,D,N,, , ,LO,1.2, ,DP,TH,1985,WA,IF,,WA,IF,,LO,0.7,NP,OT,2000,LN,SR,,LN,SR,,LO,0.1,PB,PS,1985,,2015,,,,SP,,
195,Alabama Power Co,6002,James H Miller Jr,AL,3,OP,D,N,, , ,LO,1.2,1,DP,TH,1989,IF,WA,,IF,WA,,LO,0.1,NP,MO,2008,LN,SR,,LN,SR,,LO,0.03,PB,PS,2007,,2015,,,,SP,,
195,Alabama Power Co,6002,James H Miller Jr,AL,4,OP,D,N,, , ,LO,1.2,1,DP,TH,1991,IF,WA,,IF,WA,,LO,0.1,NP,MO,2008,LN,SR,,LN,SR,,LO,0.03,PB,PS,2007,,2015,,,,SP,,
195,Alabama Power Co,7697,Washington County Cogeneration Facility,AL,1,OP,Dc,Y,108-0018,3,2011,, , ,,, ,,,,,,,, ,,, ,,,,,,,, ,,, ,, ,,,,,,
195,Alabama Power Co,7698,General Electric Plastic,AL,HRSG1,OP,,,, , ,, , ,,, ,,,,,,,, ,,, ,,,,,,,, ,,, ,, ,,,,,,
195,Alabama Power Co,7721,Theodore Cogen Facility,AL,HRSG,OP,Dc,Y,503-8073,3,2011,, , ,,, ,,,,,,,, ,,, ,,,,,,,, ,,, ,, ,,,,,,
261,AGC Division of APG Inc,6705,Warrick,IN,1,OP,Db,N,, , ,ST, ,1,DP,DA,1989,IF,,,IF,,,ST,0.38,NP,DA,2013,SN,LN,OV,SN,LN,OV,ST,0.03,PB,DA,2008,, ,SP,,,SP,,
261,AGC Division of APG Inc,6705,Warrick,IN,2,OP,Db,N,, , ,ST, ,1,DP,DA,1989,IF,,,IF,,,ST,0.38,NP,DA,2013,SN,LN,OV,SN,LN,OV,ST,0.03,PB,DA,2008,, ,SP,,,SP,,
261,AGC Division of APG Inc,6705,Warrick,IN,3,OP,Db,N,, , ,ST, ,1,DP,DA,1989,IF,,,IF,,,ST,0.38,NP,DA,2013,SN,LN,OV,SN,LN,OV,ST,0.03,PB,DA,2008,, ,SP,,,SP,,
261,AGC Division of APG Inc,6705,Warrick,IN,4,OP,N,N,, , ,ST,181.2, ,OT,DA,1991,IF,,,IF,,,ST,0.59,NP,NS,1998,SR,LN,,SR,LN,,ST,0.1,PB,PS,2013,ST,2015,SP,,,SP,,
298,City of Alexandria - (LA),6558,D G Hunter,LA,3,SB,N,N,, , ,ST,0.6, ,SU,YR,1965,NC,,,NC,,,ST,0.7,OT,YR,1965,NC,,,NC,,,ST,0.7,PH,YR,1965,, ,,,,,,
298,City of Alexandria - (LA),6558,D G Hunter,LA,4,SB,N,N,, , ,ST,0.6, ,SU,YR,1974,NC,,,NC,,,ST,0.7,OT,YR,1974,NC,,,NC,,,ST,0.7,PH,YR,1974,, ,,,,,,
343,AEP Generating Company,55502,Lawrenceburg Energy Facility,IN,1A,OP,Da,Y,029-30034-00033,5,2011,ST,12.7, ,DH,OH,2004,NC,,,NC,,,ST,24.41,NH,TH,2004,SR,,,SR,,,ST,24.1,PH,OH,2004,, ,,,,,,
343,AEP Generating Company,55502,Lawrenceburg Energy Facility,IN,1B,OP,Da,N,, , ,ST, , ,DH,MO,2006,NC,,,NC,,,ST, ,NH,TH,2006,NC,,,NC,,,ST,24.1,PH,PS,2006,, ,,,,,,
343,AEP Generating Company,55502,Lawrenceburg Energy Facility,IN,2A,OP,Da,N,, , ,ST, , ,DH,MO,2006,NC,,,NC,,,ST, ,NH,TH,2006,NC,,,NC,,,ST,24.1,PH,PS,2006,, ,,,,,,
343,AEP Generating Company,55502,Lawrenceburg Energy Facility,IN,2B,OP,Da,N,, , ,ST, , ,DH,MO,2006,NC,,,NC,,,ST, ,NH,TH,2006,NC,,,NC,,,ST,24.1,PH,PS,2006,, ,,,,,,
450,The Amalgamated Sugar Co,10504,Amalgamated Sugar Twin Falls,ID,SB1,OP,N,,, , ,, , ,,, ,,,,,,,FD,0.7,NP,OH,1974,NC,,,NC,,,, ,,, ,FD,1974,BP,,,BP,,
450,The Amalgamated Sugar Co,10504,Amalgamated Sugar Twin Falls,ID,SB2,OP,N,,, , ,, , ,,, ,,,,,,,, ,,, ,,,,,,,, ,,, ,FD,1946,BP,,,BP,,
470,Covanta Energy of Niagara LP,50472,Covanta Niagara LP,NY,BLR1,OP,N,,, , ,, , ,,, ,,,,,,,, ,,, ,,,,,,,, ,,, ,, ,,,,,,
470,Covanta Energy of Niagara LP,50472,Covanta Niagara LP,NY,BLR2,OP,N,,, , ,, , ,,, ,,,,,,,, ,,, ,,,,,,,, ,,, ,, ,,,,,,
470,Covanta Energy of Niagara LP,50472,Covanta Niagara LP,NY,BLR3,OP,N,,, , ,, , ,,, ,,,,,,,, ,,, ,,,,,,,, ,,, ,, ,,,,,,
470,Covanta Energy of Niagara LP,50472,Covanta Niagara LP,NY,BLR4,OP,N,,, , ,, , ,,, ,,,,,,,, ,,, ,,,,,,,, ,,, ,, ,,,,,,
470,Covanta Energy of Niagara LP,50472,Covanta Niagara LP,NY,BLR5,OP,,,, , ,, , ,,, ,,,,,,,, ,,, ,,,,,,,, ,,, ,, ,,,,,,
473,Covanta Hempstead Company,10642,Covanta Hempstead,NY,1,OP,N,,, , ,, , ,,, ,,,,,,,ST,145.7,NH,OH,2004,SN,LA,,SN,LA,,, ,,, ,ST,2007,BR,,,BR,,
473,Covanta Hempstead Company,10642,Covanta Hempstead,NY,2,OP,N,,, , ,, , ,,, ,,,,,,,ST,145.7,NH,OH,2004,SN,LA,,SN,LA,,, ,,, ,ST,2007,BR,,,BR,,
473,Covanta Hempstead Company,10642,Covanta Hempstead,NY,3,OP,N,,, , ,, , ,,, ,,,,,,,ST,145.7,NH,OH,2004,SN,,,SN,,,, ,,, ,ST,2007,BR,,,BR,,
491,American Crystal Sugar Co,54210,American Crystal Sugar Hillsboro,ND,EUI1,OP,Db,,, , ,, , ,,, ,,,,,,,ST,0.6,NP,OH,2015,NC,,,NC,,,, ,,, ,,2015,ND,,,ACI,,
520,Illinois Power Generating Co,861,Coffeen,IL,01,OP,N,N,, , ,ST,0.35,1,DP,OT,2013,IF,SS,,IF,SS,,ST,0.11,NP,OT,2012,OV,SR,,OV,SR,,ST,0.19,PB,PS,1973,ST,2009,SP,EC,,SP,EC,
520,Illinois Power Generating Co,861,Coffeen,IL,02,OP,N,N,, , ,ST,0.35,1,DP,OT,2013,IF,SS,,IF,SS,,ST,0.11,NP,OT,2012,OV,SR,,OV,SR,,ST,0.15,PB,PS,1972,ST,2009,SP,EK,,SP,EK,
520,Illinois Power Generating Co,6017,Newton,IL,1,OP,D,N,, , ,ST,0.35, ,DP,OT,2013,SS,,,IF,SS,,ST,0.11,NP,OT,2012,OV,LN,,OV,LN,,FD,0.1,PB,PS,1977,ST,2009,ACI,EC,,ACI,EK,SP
520,Illinois Power Generating Co,6017,Newton,IL,2,OP,D,N,, , ,ST,0.35, ,DP,OT,1982,SS,,,IF,SS,,ST,0.11,NP,OT,2003,LN,AA,,LN,AA,,FD,0.1,PB,PS,1982,ST,2009,EC,ACI,,EC,ACI,
528,Covanta Southeastern Connecticut Company,10646,Covanta Southeastern Connecticut Company,CT,BLR1,OP,N,,, , ,, , ,,, ,,,,,,,, ,,, ,,,,SN,,,, ,,, ,, ,,,,,,
528,Covanta Southeastern Connecticut Company,10646,Covanta Southeastern Connecticut Company,CT,BLR2,OP,N,,, , ,, , ,,, ,,,,,,,, ,,, ,,,,SN,,,, ,,, ,, ,,,,,,
542,Covanta Essex Company,10643,Covanta Essex Company,NJ,1,OP,N,,, , ,, , ,,, ,,,,,,,ST,300,NM,OH,1990,SN,NH3,,SN,NH3,,, ,,, ,ST,1990,ACI,SD,,,,
542,Covanta Essex Company,10643,Covanta Essex Company,NJ,2,OP,N,,, , ,, , ,,, ,,,,,,,ST,300,NM,OH,1990,SN,NH3,,SN,NH3,,, ,,, ,ST,1990,ACI,SD,,ACI,SD,
542,Covanta Essex Company,10643,Covanta Essex Company,NJ,3,OP,N,,, , ,ST, , ,,, ,,,,,,,ST,300,NM,OH,1990,SN,NH3,,SN,NH3,,, ,,, ,ST,1990,ACI,SD,,ACI,SD,
547,American Sugar Refining Inc.,54512,Domino Sugar Arabi Plant,LA,1,OP,N,,, , ,, , ,,, ,,,,,,,FD,20,NH,DA,2013,NC,,,MS,,,, ,,, ,FD, ,,,,,,
547,American Sugar Refining Inc.,54512,Domino Sugar Arabi Plant,LA,2,OP,N,,, , ,, , ,,, ,,,,,,,FD,7.5,NH,DA,2013,NC,,,MS,,,, ,,, ,FD, ,,,,,,
547,American Sugar Refining Inc.,54512,Domino Sugar Arabi Plant,LA,3,OS,N,,, , ,, , ,,, ,,,,,,,FD,7.5,NH,DA,2013,NC,,,MS,,,, ,,, ,FD, ,,,,,,
547,American Sugar Refining Inc.,54512,Domino Sugar Arabi Plant,LA,4,OP,N,,, , ,, , ,,, ,,,,,,,FD,7.5,NH,DA,2013,NC,,,MS,,,, ,,, ,FD, ,,,,,,
547,American Sugar Refining Inc.,54512,Domino Sugar Arabi Plant,LA,5,OP,N,,, , ,, , ,,, ,,,,,,,FD,7.5,NH,DA,2013,NC,,,MS,,,, ,,, ,FD, ,,,,,,
547,American Sugar Refining Inc.,54512,Domino Sugar Arabi Plant,LA,6,OP,N,,, , ,, , ,,, ,,,,,,,FD,7.5,NH,DA,2013,NC,,,MS,,,, ,,, ,FD, ,,,,,,
547,American Sugar Refining Inc.,54512,Domino Sugar Arabi Plant,LA,7,OP,N,,, , ,, , ,,, ,,,,,,,FD,56.74,NH,DA,2013,NC,,,MS,,,, ,,, ,FD, ,,,,,,
554,City of Ames - (IA),1122,Ames Electric Services Power Plant,IA,7,OP,N,N,, , ,ST, , ,DP,TH,2003,NC,,,RP,,,ST, ,NP,YR,2008,NC,,,RP,,,ST,0.8,PB,PS,2003,, ,,,,,,
554,City of Ames - (IA),1122,Ames Electric Services Power Plant,IA,8,OP,D,N,, , ,ST, , ,DP,TH,1982,NC,,,RP,,,ST, ,NP,YR,2008,NC,,,RP,,,ST,0.1,PB,PS,1982,, ,,,,,,
563,American Bituminous Power LP,10151,Grant Town Power Plant,WV,BLR1A,OP,,,, , ,, , ,,, ,,,,,,,, ,,, ,NH3,,,,,,, ,,, ,, ,,,,,,
563,American Bituminous Power LP,10151,Grant Town Power Plant,WV,BLR1B,OP,,,, , ,, , ,,, ,,,,,,,, ,,, ,NH3,,,,,,, ,,, ,, ,,,,,,
570,Covanta Delaware Valley LP,10746,Covanta Delaware Valley,PA,BLR1,OP,N,,, , ,ST, , ,,, ,,,,,,,, ,,, ,,,,,,,, ,,, ,, ,,,,,,
570,Covanta Delaware Valley LP,10746,Covanta Delaware Valley,PA,BLR2,OP,N,,, , ,, , ,,, ,,,,,,,, ,,, ,,,,,,,, ,,, ,, ,,,,,,
570,Covanta Delaware Valley LP,10746,Covanta Delaware Valley,PA,BLR3,OP,N,,, , ,, , ,,, ,,,,,,,, ,,, ,,,,,,,, ,,, ,, ,,,,,,
570,Covanta Delaware Valley LP,10746,Covanta Delaware Valley,PA,BLR4,OP,N,,, , ,, , ,,, ,,,,,,,, ,,, ,,,,,,,, ,,, ,, ,,,,,,
570,Covanta Delaware Valley LP,10746,Covanta Delaware Valley,PA,BLR5,OP,N,,, , ,, , ,,, ,,,,,,,, ,,, ,,,,,,,, ,,, ,, ,,,,,,
570,Covanta Delaware Valley LP,10746,Covanta Delaware Valley,PA,BLR6,OP,N,,, , ,, , ,,, ,,,,,,,, ,,, ,,,,,,,, ,,, ,, ,,,,,,
623,Anheuser-Busch Inc,10430,Anheuser-Busch St Louis,MO,B1,OP,N,,, , ,FD, , ,,, ,,,,,,,FD,0.5,NP,YR,1984,MS,,,MS,,,, ,,, ,FD,1985,EK,,,EK,,
623,Anheuser-Busch Inc,10430,Anheuser-Busch St Louis,MO,B5,RE,N,,, , ,FD, , ,,, ,,,,,,,FD,0.5,NP,YR,1947,,,,,,,, ,,, ,FD,1982,EK,,,EK,,
623,Anheuser-Busch Inc,10430,Anheuser-Busch St Louis,MO,B6,RE,N,,, , ,FD, , ,,, ,,,,,,,FD,0.5,NP,YR,1951,,,,,,,, ,,, ,FD,1951,,,,,,
623,Anheuser-Busch Inc,10430,Anheuser-Busch St Louis,MO,B7,OP,N,,, , ,FD, , ,,, ,,,,,,,FD,0.5,NP,YR,1966,MS,,,MS,,,, ,,, ,FD,1966,,,,,,
623,Anheuser-Busch Inc,10430,Anheuser-Busch St Louis,MO,B8,OP,N,,, , ,, , ,,, ,,,,,,,FD,35,NH,YR,1989,MS,,,MS,,,, ,,, ,FD,1989,EK,,,EK,,
623,Anheuser-Busch Inc,10430,Anheuser-Busch St Louis,MO,B9,OP,N,,, , ,, , ,,, ,,,,,,,FD,35,NH,YR,1989,MS,,,MS,,,, ,,, ,FD,1989,EK,,,EK,,
641,ANP Bellingham Energy Company LLC,55211,ANP Bellingham Energy Project,MA,U1,OP,,,, , ,, , ,,, ,,,,,,,, ,,, ,,,,,,,, ,,, ,, ,,,,,,
641,ANP Bellingham Energy Company LLC,55211,ANP Bellingham Energy Project,MA,U2,OP,,,, , ,, , ,,, ,,,,,,,, ,,, ,,,,,,,, ,,, ,, ,,,,,,
656,ANP Blackstone Energy Company LLC,55212,ANP Blackstone Energy Project,MA,U1,OP,,,, , ,, , ,,, ,,,,,,,, ,,, ,,,,,,,, ,,, ,, ,,,,,,
656,ANP Blackstone Energy Company LLC,55212,ANP Blackstone Energy Project,MA,U2,OP,,,, , ,, , ,,, ,,,,,,,, ,,, ,,,,,,,, ,,, ,, ,,,,,,
733,Appalachian Power Co,3775,Clinch River,VA,1,OP,N,N,, , ,ST,1.08, ,DP,TH,2009,SS,,,SS,,,ST, ,OT,YR,2000,SN,OV,LN,SN,OV,LN,FD,0.113,PB,DT,1975,FD,2015,,,,OT,,
733,Appalachian Power Co,3775,Clinch River,VA,2,OP,N,N,, , ,ST,1.08, ,DP,TH,2009,SS,,,SS,,,ST, ,OT,YR,2000,OV,SN,LN,OV,SN,LN,FD,0.113,PB,DT,1975,FD,2015,,,,OT,,
733,Appalachian Power Co,3775,Clinch River,VA,3,OP,N,N,, , ,ST,1.08, ,DP,TH,2009,SS,,,SS,,,ST, ,OT,YR,2000,OV,LN,SN,OT,,,FD,0.113,PB,DT,1975,FD,2015,,,,OT,,
733,Appalachian Power Co,3776,Glen Lyn,VA,51,OP,N,N,, , ,FD, , ,DH,DA,1974,NC,,,NC,,,ST, ,OT,YR,2004,LN,,,OT,,,FD,0.1346,PB,DT,1974,FD,2015,,,,OT,,
733,Appalachian Power Co,3776,Glen Lyn,VA,52,OP,N,N,, , ,FD, , ,DH,DA,1974,NC,,,NC,,,ST, ,OT,YR,2004,LN,,,OT,,,FD,0.1346,PB,DT,1974,FD,2015,,,,OT,,
733,Appalachian Power Co,3776,Glen Lyn,VA,6,OP,N,N,, , ,FD, , ,DH,DA,1975,NC,,,NC,,,ST, ,OT,YR,2004,LN,,,OT,,,FD,0.1346,PB,DT,1975,FD,2015,,,,OT,,
733,Appalachian Power Co,3935,John E Amos,WV,1,OP,N,N,, , ,ST,1.6, ,DP,DA,1977,IF,,,IF,,,FD, ,OT,YR,2000,LN,SR,,LN,SR,,ST,0.05,PB,DT,1978,FD,2015,EK,SP,,EK,SP,
733,Appalachian Power Co,3935,John E Amos,WV,2,OP,N,N,, , ,ST,1.6, ,DP,DA,1977,IF,,,IF,,,FD, ,OT,YR,2000,LN,SR,,LN,SR,,ST,0.05,PB,DT,1978,FD,2015,EK,SP,,EK,SP,
733,Appalachian Power Co,3935,John E Amos,WV,3,OP,N,N,, , ,ST,1.6, ,DP,DA,1977,IF,,,IF,,,FD, ,OT,YR,2000,LN,SR,,LN,SR,,ST,0.05,PB,DT,1973,FD,2015,EK,SP,,EK,SP,
733,Appalachian Power Co,3936,Kanawha River,WV,1,OP,N,N,, , ,ST,1.6, ,DH,DA,1972,NC,,,NC,,,FD, ,OT,YR,2000,LN,,,LN,,,ST,0.05,PB,DT,1975,FD,2015,,,,OT,,
733,Appalachian Power Co,3936,Kanawha River,WV,2,OP,N,N,, , ,ST,1.6, ,DH,DA,1972,NC,,,NC,,,FD, ,OT,YR,2000,LN,,,LN,,,ST,0.05,PB,DT,1975,FD,2015,,,,OT,,
733,Appalachian Power Co,3938,Philip Sporn,WV,11,OP,N,N,, , ,FD, , ,DH,DA,1976,NC,,,OT,,,ST, ,OT,YR,2000,LN,,,OT,,,FD,0.05,PB,DT,1979,FD,2015,,,,OT,,
733,Appalachian Power Co,3938,Philip Sporn,WV,21,OP,N,N,, , ,FD, , ,DH,DA,1976,NC,,,OT,,,ST, ,OT,YR,2000,LN,,,OT,,,FD,0.05,PB,DT,1979,FD,2015,,,,OT,,
733,Appalachian Power Co,3938,Philip Sporn,WV,31,OP,N,N,, , ,FD, , ,DH,DA,1976,NC,,,NC,,,ST, ,OT,YR,2000,LN,,,OT,,,FD,0.05,PB,DT,1979,FD,2015,,,,OT,,
733,Appalachian Power Co,3938,Philip Sporn,WV,41,OP,N,N,, , ,FD, , ,DH,DA,1976,NC,,,OT,,,ST, ,OT,YR,2000,LN,,,OT,,,FD,0.05,PB,DT,1979,FD,2015,,,,OT,,
733,Appalachian Power Co,3938,Philip Sporn,WV,51,RE,N,N,, , ,FD, , ,DH,DA,1976,NC,,,OT,,,ST, ,OT,YR,2000,NC,,,OT,,,FD,0.05,PB,DT,1977,FD,2015,,,,OT,,
733,Appalachian Power Co,6264,Mountaineer,WV,1,OP,D,Y,R13-0075,4,1974,FD,1.1, ,DP,TH,2007,NC,,,NC,,,FD,0.7,OT,TH,2000,SR,LN,,SR,LN,,ST,0.05,PB,DT,1980,FD,2015,SP,EK,,SP,EK,
733,Appalachian Power Co,55350,Dresden Energy Facility,OH,1,OP,Da,Y,P0108298,3,2012,ST,1.8,0,DH,OH,2012,ND,,,ND,,,ST,29,NH,OH,2012,LN,SR,,LN,SR,,ST,21.8,PH,OH,2012,FD,2012,,,,,,
733,Appalachian Power Co,55350,Dresden Energy Facility,OH,2,OP,Da,Y,P0108298,3,2012,ST,1.8,0,DH,OH,2012,ND,,,ND,,,ST,29,NH,OH,2012,LN,SR,,LN,SR,,ST,21.8,PH,OH,2012,FD,2012,,,,,,
745,Applied Energy Inc,10811,Naval Station Energy Facility,CA,HRSG1,OP,,,, , ,, , ,,, ,,,,,,,, ,,, ,,,,,,,, ,,, ,, ,,,,,,
772,Archer Daniels Midland Co,10860,Archer Daniels Midland Clinton,IA,B1,RE,N,,, , ,ST, , ,,, ,,,,,,,ST, ,,, ,,,,,,,ST, ,,, ,, ,,,,,,
772,Archer Daniels Midland Co,10860,Archer Daniels Midland Clinton,IA,B10,RE,N,,, , ,ST, , ,,, ,,,,,,,ST, ,,, ,,,,,,,ST, ,,, ,, ,,,,,,
772,Archer Daniels Midland Co,10860,Archer Daniels Midland Clinton,IA,B2,RE,N,,, , ,ST, , ,,, ,,,,,,,ST, ,,, ,,,,,,,ST, ,,, ,, ,,,,,,
772,Archer Daniels Midland Co,10860,Archer Daniels Midland Clinton,IA,B3,RE,N,,, , ,ST, , ,,, ,,,,,,,ST, ,,, ,,,,,,,ST, ,,, ,, ,,,,,,
772,Archer Daniels Midland Co,10860,Archer Daniels Midland Clinton,IA,B4,RE,N,,, , ,ST, , ,,, ,,,,,,,ST, ,,, ,,,,,,,ST, ,,, ,, ,,,,,,
772,Archer Daniels Midland Co,10860,Archer Daniels Midland Clinton,IA,B5,RE,N,,, , ,ST, , ,,, ,,,,,,,ST, ,,, ,,,,,,,ST, ,,, ,, ,,,,,,
772,Archer Daniels Midland Co,10860,Archer Daniels Midland Clinton,IA,B6,RE,N,,, , ,ST, , ,,, ,,,,,,,ST, ,,, ,,,,,,,ST, ,,, ,, ,,,,,,
772,Archer Daniels Midland Co,10860,Archer Daniels Midland Clinton,IA,B7,RE,N,,, , ,ST, , ,,, ,,,,,,,ST, ,,, ,,,,,,,ST, ,,, ,, ,,,,,,
772,Archer Daniels Midland Co,10860,Archer Daniels Midland Clinton,IA,B8,RE,N,,, , ,ST, , ,,, ,,,,,,,ST, ,,, ,,,,,,,ST, ,,, ,, ,,,,,,
772,Archer Daniels Midland Co,10860,Archer Daniels Midland Clinton,IA,B9,RE,N,,, , ,ST, , ,,, ,,,,,,,ST, ,,, ,,,,,,,ST, ,,, ,, ,,,,,,
772,Archer Daniels Midland Co,10860,Archer Daniels Midland Clinton,IA,CFB1,OP,Db,N,, , ,ST, , ,DP,MO,2009,CF,,,NC,,,ST, ,NP,MO,2009,CF,,,NH3,,,ST,0.018,PB,PS,2009,FD,2016,LIJ,BR,,LIJ,BR,
772,Archer Daniels Midland Co,10860,Archer Daniels Midland Clinton,IA,CFB2,OP,Db,N,, , ,ST, , ,DP,MO,2009,CF,,,NC,,,ST, ,NP,MO,2009,CF,,,NH3,,,ST,0.018,PB,PS,2009,FD,2016,LIJ,BR,,LIJ,BR,
772,Archer Daniels Midland Co,10860,Archer Daniels Midland Clinton,IA,CFB3,OP,Db,N,, , ,ST, , ,DP,MO,2009,CF,,,NC,,,ST, ,NP,MO,2009,CF,,,NH3,,,ST,0.018,PB,PS,2009,FD,2016,LIJ,BR,,LIJ,BR,
772,Archer Daniels Midland Co,10864,Archer Daniels Midland Cedar Rapids,IA,1,OP,Db,N,, , ,FD, , ,DP,TH,1988,CF,,,NC,,,FD, ,NP,MO,1988,SN,,,SN,,,ST,0.03,PB,TH,1988,FD,2016,LIJ,BP,,LIJ,BP,
772,Archer Daniels Midland Co,10864,Archer Daniels Midland Cedar Rapids,IA,2,OP,Db,N,, , ,FD, , ,DP,TH,1988,CF,,,NC,,,FD, ,NP,MO,1988,SN,,,SN,,,ST,0.03,PB,TH,1988,FD,2016,LIJ,BP,,LIJ,BP,
772,Archer Daniels Midland Co,10864,Archer Daniels Midland Cedar Rapids,IA,3,OP,Db,N,, , ,ST, , ,DP,TH,1989,CF,,,NC,,,ST, ,NP,MO,1989,SN,,,SN,,,ST,0.03,PB,TH,1989,FD,2016,LIJ,BP,,LIJ,BP,
772,Archer Daniels Midland Co,10864,Archer Daniels Midland Cedar Rapids,IA,4,OP,Db,N,, , ,ST, , ,DP,TH,1994,CF,,,NC,,,ST, ,NP,MO,1994,SN,,,SN,,,ST,0.03,PB,TH,1994,FD,2016,LIJ,BP,,LIJ,BP,
772,Archer Daniels Midland Co,10864,Archer Daniels Midland Cedar Rapids,IA,5,OP,N,N,, , ,ST, , ,DP,TH,2001,CF,,,NC,,,ST, ,NP,MO,2001,SN,,,SN,,,ST,0.03,PB,TH,2001,FD,2016,LIJ,BR,,LIJ,BR,
772,Archer Daniels Midland Co,10865,Archer Daniels Midland Decatur,IL,CFB1,OP,Db,Y,85060030,6,1985,ST, , ,DP,MO,1987,CF,,,NC,,,FD, ,NP,MO,1987,SN,,,SN,,,ST,0.03,PB,PS,1987,FD,2016,LIJ,BP,,LIJ,BP,
772,Archer Daniels Midland Co,10865,Archer Daniels Midland Decatur,IL,CFB2,OP,Db,Y,85060030,6,1985,ST, , ,DP,MO,1987,CF,,,NC,,,FD, ,NP,MO,1987,SN,,,SN,,,ST,0.03,PB,PS,1987,FD,2016,LIJ,BP,,LIJ,BP,
772,Archer Daniels Midland Co,10865,Archer Daniels Midland Decatur,IL,CFB3,OP,Db,Y,85060030,6,1985,ST, , ,DP,MO,1987,CF,,,NC,,,FD, ,NP,MO,1987,SN,,,SN,,,ST,0.03,PB,PS,1987,FD,2016,LIJ,BP,,LIJ,BP,
772,Archer Daniels Midland Co,10865,Archer Daniels Midland Decatur,IL,CFB4,OP,Db,Y,85060030,6,1985,ST, , ,DP,MO,1987,CF,,,NC,,,FD, ,NP,MO,1987,SN,,,SN,,,ST,0.03,PB,PS,1987,FD,2016,LIJ,BP,,LIJ,BP,
772,Archer Daniels Midland Co,10865,Archer Daniels Midland Decatur,IL,CFB5,OP,Db,Y,85060030,6,1985,ST, , ,DP,MO,1987,CF,,,NC,,,FD, ,NP,MO,1987,SN,,,SN,,,ST,0.03,PB,PS,1987,FD,2016,LIJ,BP,,LIJ,BP,
772,Archer Daniels Midland Co,10865,Archer Daniels Midland Decatur,IL,CFB6,OP,Db,Y,"85060030, 94020006",6,1985,ST, , ,DP,MO,1991,CF,,,NC,,,FD, ,NP,MO,1991,SN,,,SN,,,ST,0.025,PB,PS,1991,FD,2016,LIJ,BP,,LIJ,BP,
772,Archer Daniels Midland Co,10865,Archer Daniels Midland Decatur,IL,CFB7,OP,Db,Y,94020006,2,1994,ST, , ,DP,MO,1996,CF,,,NC,,,ST, ,NP,MO,1996,SN,,,SN,,,ST,0.025,PB,PS,1996,FD,2016,LIJ,BR,,LIJ,BR,
772,Archer Daniels Midland Co,10865,Archer Daniels Midland Decatur,IL,CFB8,OP,Db,Y,94020006,2,1994,ST, , ,DP,MO,1997,CF,,,NC,,,ST, ,NP,MO,1997,SN,,,SN,,,ST,0.025,PB,PS,1997,FD,2016,LIJ,BR,,LIJ,BR,
772,Archer Daniels Midland Co,10865,Archer Daniels Midland Decatur,IL,CFB9,OP,Db,Y,97050097,5,1997,ST, , ,DP,MO,2002,CF,,,NC,,,ST, ,NP,MO,2002,SN,,,SN,,,ST,0.025,PB,PS,2002,FD,2016,LIJ,BR,,LIJ,BR,
772,Archer Daniels Midland Co,57046,Archer Daniels Midland Columbus,NE,CFB1,OP,,,, , ,, , ,,, ,,,,,,,, ,,, ,,,,,,,, ,,, ,, ,,,,,,
772,Archer Daniels Midland Co,57046,Archer Daniels Midland Columbus,NE,CFB2,OP,,,, , ,, , ,,, ,,,,,,,, ,,, ,,,,,,,, ,,, ,, ,,,,,,
796,Arizona Electric Pwr Coop Inc,160,Apache Station,AZ,1,SB,N,N,, , ,FD, , ,DP,TH,1995,NC,,,NC,,,, ,,, ,NC,,,LN,,,, ,,, ,, ,,,,,,
796,Arizona Electric Pwr Coop Inc,160,Apache Station,AZ,2,OP,D,N,, , ,ST, , ,DP,TH,1979,NC,,,NC,,,ST, ,NP,TH,1979,LN,OV,,LN,FR,,ST,0.1,PB,PS,1979,ST,2016,OT,,,ND,,
796,Arizona Electric Pwr Coop Inc,160,Apache Station,AZ,3,OP,D,N,, , ,ST, , ,DP,TH,1979,NC,,,NC,,,ST, ,NP,TH,1979,LN,OV,,LN,,,ST,0.1,PB,PS,1979,ST,2016,OT,,,ND,,
803,Arizona Public Service Co,113,Cholla,AZ,1,OP,N,N,, , ,FD,0.2,1,SB,MO,2016,ND,,,ND,,,FD, ,NP,YR,1997,OV,LN,,,,,FD,0.03,PB,YR,2016,FD,2016,BP,,,ACI,,
803,Arizona Public Service Co,113,Cholla,AZ,2,OP,D,N,, , ,FD,0.15,1,DC,MO,2016,ND,,,ND,,,FD,0.055,NP,MO,2017,OV,,,ND,,,ST,0.015,OP,YR,2016,FD,2016,,,,ND,,
803,Arizona Public Service Co,113,Cholla,AZ,3,OP,D,N,, , ,FD,0.15,1,DP,MO,2013,ND,,,ND,,,FD,0.055,NP,MO,2017,OV,,,ND,,,FD,0.015,PB,YR,2013,FD,2016,BP,,,ACI,,
803,Arizona Public Service Co,113,Cholla,AZ,4,OP,D,N,, , ,FD,0.15,1,SB,MO,2013,ND,,,ND,,,FD,0.055,NP,MO,2017,AA,OV,LN,ND,,,FD,0.015,PB,YR,2013,FD,2016,BP,,,ACI,,
803,Arizona Public Service Co,116,Ocotillo,AZ,1,OP,N,N,, , ,LO, , ,DP,WO,1979,NC,,,NC,,,, ,,, ,,,,,,,LO,239,PH,OH,1979,, ,,,,,,
803,Arizona Public Service Co,116,Ocotillo,AZ,2,OP,N,N,, , ,LO, , ,DP,WO,1979,NC,,,NC,,,, ,,, ,,,,,,,LO,239,PH,OH,1979,, ,,,,,,
803,Arizona Public Service Co,117,West Phoenix,AZ,1B,OP,N,,, , ,, , ,,, ,NC,,,NC,,,, ,,, ,NC,,,NC,,,, ,,, ,, ,,,,,,
803,Arizona Public Service Co,117,West Phoenix,AZ,2B,OP,N,,, , ,, , ,,, ,,,,,,,, ,,, ,,,,,,,, ,,, ,, ,,,,,,
803,Arizona Public Service Co,117,West Phoenix,AZ,3B,OP,N,,, , ,, , ,,, ,,,,,,,, ,,, ,,,,,,,, ,,, ,, ,,,,,,
803,Arizona Public Service Co,117,West Phoenix,AZ,CC4,OP,Dc,Y,V95-006,6,2007,, , ,,, ,,,,,,,LO, ,NP,TH,2001,LN,,,NC,,,LO,17.4,PH,TH,2001,, ,,,,,,
803,Arizona Public Service Co,117,West Phoenix,AZ,CC5A,OP,Db,Y,V95-006,6,2007,, , ,,, ,,,,,,,LO, ,NP,TH,2003,NH3,,,NH3,,,LO,69,PH,OH,2003,, ,,,,,,
803,Arizona Public Service Co,117,West Phoenix,AZ,CC5B,OP,Db,Y,V95-006,6,2007,, , ,,, ,,,,,,,LO, ,NP,TH,2003,NH3,,,NH3,,,LO,69,PH,OH,2003,, ,,,,,,
803,Arizona Public Service Co,118,Saguaro,AZ,1,RE,N,N,, , ,LO, , ,DP,WO,1979,,,,,,,, ,,, ,,,,,,,LO,257,PH,OH,1979,, ,,,,,,
803,Arizona Public Service Co,118,Saguaro,AZ,2,RE,N,N,, , ,LO, , ,DP,WO,1979,NC,,,NC,,,, ,,, ,NC,,,NC,,,LO,241,PH,OH,1979,, ,,,,,,
803,Arizona Public Service Co,120,Yucca,AZ,1,OP,N,,, , ,, , ,,, ,,,,,,,, ,,, ,,,,,,,, ,,, ,, ,,,,,,
803,Arizona Public Service Co,2442,Four Corners,NM,1,RE,N,N,, , ,FD, ,1,SR,DA,2008,IF,,,CF,,,FD,0.85,NP,MO,2007,LN,,,NC,,,FD,0.05,PB,PS,2007,FD,2015,,,,ND,,
803,Arizona Public Service Co,2442,Four Corners,NM,2,RE,N,N,, , ,FD, ,1,SR,DA,2008,IF,,,NC,,,FD,0.85,NP,MO,2007,LN,,,NC,,,FD,0.05,PB,PS,2007,FD,2015,,,,ND,,
803,Arizona Public Service Co,2442,Four Corners,NM,3,RE,N,N,, , ,FD, ,1,SR,DA,2008,IF,,,NC,,,FD,0.65,NP,MO,2007,LN,,,NC,,,FD,0.05,PB,PS,2007,FD,2015,,,,ND,,
803,Arizona Public Service Co,2442,Four Corners,NM,4,OP,N,N,, , ,FD, ,1,SR,DA,2008,IF,,,NC,,,FD,0.65,NP,MO,2007,LN,,,NC,,,FD,0.015,PB,PS,2013,FD,2015,BR,,,BR,,
803,Arizona Public Service Co,2442,Four Corners,NM,5,OP,N,N,, , ,FD, ,1,SR,DA,2008,IF,,,NC,,,FD,0.65,NP,MO,2007,LN,,,NC,,,FD,0.015,PB,PS,2014,FD,2015,BR,,,BR,,
803,Arizona Public Service Co,6008,Palo Verde,AZ,NSS1,OP,,,, , ,, , ,,, ,,,,,,,, ,,, ,,,,,,,, ,,, ,, ,,,,,,
803,Arizona Public Service Co,6008,Palo Verde,AZ,NSS2,OP,,,, , ,, , ,,, ,,,,,,,, ,,, ,,,,,,,, ,,, ,, ,,,,,,
803,Arizona Public Service Co,6008,Palo Verde,AZ,NSS3,OP,,,, , ,, , ,,, ,,,,,,,, ,,, ,,,,,,,, ,,, ,, ,,,,,,
803,Arizona Public Service Co,55455,Red Hawk,AZ,HRSG1A,OP,Db,N,, , ,, , ,,, ,,,,,,,LO, ,NP,TH,2002,SR,,,SR,,,LO,41.8,PH,OH,2002,, ,,,,,,
803,Arizona Public Service Co,55455,Red Hawk,AZ,HRSG1B,OP,Db,N,, , ,, , ,,, ,,,,,,,LO, ,NP,TH,2002,SR,,,SR,,,LO,41.8,PH,OH,2002,, ,,,,,,
803,Arizona Public Service Co,55455,Red Hawk,AZ,HRSG2A,OP,Db,N,, , ,, , ,,, ,,,,,,,LO, ,NP,TH,2002,SR,,,SR,,,LO,41.8,PH,OH,2002,, ,,,,,,
803,Arizona Public Service Co,55455,Red Hawk,AZ,HRSG2B,OP,Db,N,, , ,, , ,,, ,,,,,,,LO, ,NP,TH,2002,SR,,,SR,,,LO,41.8,PH,OH,2002,, ,,,,,,
807,Arkansas Electric Coop Corp,201,Thomas Fitzhugh,AR,2,OP,,,, , ,ST, , ,,, ,,,,,,,, ,,, ,LN,,,,,,, ,,, ,, ,,,,,,
807,Arkansas Electric Coop Corp,202,Carl Bailey,AR,01,OP,N,N,, , ,ST,3250,0,DH,TH,1974,NC,,,NC,,,ST,887,NH,TH,1974,NC,,,NC,,,ST,261,PH,TH,1974,ST,1974,ND,,,,,
807,Arkansas Electric Coop Corp,203,McClellan (AR),AR,01,OP,N,N,, , ,ST,2409.7,0,DH,TH,1974,NC,,,NC,,,ST,869.1,NH,TH,1974,NC,,,NC,,,ST,7.2,PH,TH,1974,ST,1974,ND,,,,,
807,Arkansas Electric Coop Corp,55221,Harry L. Oswald,AR,HRSG1,OP,Db,Y,1842-AOP-R5,3,2010,ST,0.4,0,DH,TH,2002,NC,,,NC,,,ST,22,NM,TH,2002,H20,,,NC,,,ST,5.2,PH,TH,2002,,2002,,,,,,
807,Arkansas Electric Coop Corp,55221,Harry L. Oswald,AR,HRSG2,OP,Db,Y,1842-AOP-R5,3,2010,ST,0.4,0,DH,TH,2002,NC,,,NC,,,ST,22,NM,TH,2002,H20,,,NC,,,ST,5.2,PH,TH,2002,,2002,,,,,,
807,Arkansas Electric Coop Corp,55221,Harry L. Oswald,AR,HRSG3,OP,Db,Y,1842-AOP-R5,3,2010,ST,0.4,0,DH,TH,2002,NC,,,NC,,,ST,22,NM,TH,2002,H20,,,NC,,,ST,5.2,PH,TH,2002,,2002,,,,,,
807,Arkansas Electric Coop Corp,55221,Harry L. Oswald,AR,HRSG4,OP,Db,Y,1842-AOP-R5,3,2010,,0.4,0,DH,TH,2002,NC,,,NC,,,ST,22,NM,TH,2002,H20,,,NC,,,ST,5.2,PH,TH,2002,,2002,,,,,,
807,Arkansas Electric Coop Corp,55221,Harry L. Oswald,AR,HRSG5,OP,Db,Y,1842-AOP-R5,3,2010,ST,0.4,0,DH,TH,2002,NC,,,NC,,,ST,22,NM,TH,2002,H20,,,NC,,,ST,5.2,PH,TH,2002,,2002,,,,,,
807,Arkansas Electric Coop Corp,55221,Harry L. Oswald,AR,HRSG6,OP,Db,Y,1842-AOP-R5,3,2010,ST,0.4,0,DH,TH,2002,NC,,,NC,,,ST,22,NM,TH,2002,H20,,,NC,,,ST,5.2,PH,TH,2002,,2002,,,,,,
807,Arkansas Electric Coop Corp,55221,Harry L. Oswald,AR,HRSG7,OP,Db,Y,1842-AOP-R5,3,2010,ST,0.8,0,DH,TH,2002,NC,,,NC,,,ST,9,NM,TH,2002,H20,,,NC,,,ST,9.2,PH,TH,2002,,2002,,,,,,
807,Arkansas Electric Coop Corp,55714,Magnet Cove,AR,HRSG1,OP,Db,N,, , ,ST,4.8,0,DH,OH,2005,NC,,,NC,,,ST,3.5,NM,DA,2005,SR,NH3,,NC,,,ST,0.013,PH,PS,2005,, ,,,,,,
807,Arkansas Electric Coop Corp,55714,Magnet Cove,AR,HRSG2,OP,Db,N,, , ,ST,4.8,0,DH,OH,2005,NC,,,NC,,,ST,3.5,NM,DA,2005,SR,NH3,,NC,,,ST,0.013,PH,PS,2005,, ,,,,,,
814,Entergy Arkansas Inc,167,Cecil Lynch,AR,2,RE,N,N,, , ,ST, , ,DH,TH,1990,,,,,,,ST, ,NH,TH,1990,,,,,,,ST,12.2,PH,TH,1990,, ,,,,,,
814,Entergy Arkansas Inc,167,Cecil Lynch,AR,3,RE,N,N,, , ,ST, , ,DH,TH,1990,,,,,,,ST, ,NH,TH,1990,,,,,,,ST,22.3,PH,TH,1990,, ,,,,,,
814,Entergy Arkansas Inc,168,Hamilton Moses,AR,1,RE,N,N,, , ,ST, , ,DH,TH,1991,,,,,,,ST, ,NH,TH,1991,,,,,,,ST,40,OP,TH,1991,, ,,,,,,
814,Entergy Arkansas Inc,168,Hamilton Moses,AR,2,RE,N,N,, , ,ST, , ,DH,TH,1991,,,,,,,ST, ,NH,TH,1991,,,,,,,ST,40,OP,TH,1991,, ,,,,,,
814,Entergy Arkansas Inc,169,Harvey Couch,AR,1,RE,N,N,, , ,ST, , ,DH,DA,1990,,,,,,,ST, ,NH,DA,1990,,,,,,,ST,33,PH,DA,1990,, ,,,,,,
814,Entergy Arkansas Inc,169,Harvey Couch,AR,2,RE,N,N,, , ,ST, , ,DH,DA,1990,,,,,,,ST, ,NH,DA,1990,,,,,,,ST,118,PH,DA,1990,, ,,,,,,
814,Entergy Arkansas Inc,170,Lake Catherine,AR,1,RE,N,N,, , ,ST, , ,DH,DA,1990,,,,,,,ST, ,NH,DA,1990,,,,,,,ST,3.5,PH,DA,1990,, ,,,,,,
814,Entergy Arkansas Inc,170,Lake Catherine,AR,2,RE,N,N,, , ,ST, , ,DH,DA,1990,,,,,,,ST, ,NH,DA,1990,,,,,,,ST,3.5,PH,DA,1990,, ,,,,,,
814,Entergy Arkansas Inc,170,Lake Catherine,AR,3,RE,N,N,, , ,ST, , ,DH,DA,1990,,,,,,,ST, ,NH,DA,1990,,,,,,,ST,5.8,PH,DA,1990,, ,,,,,,
814,Entergy Arkansas Inc,170,Lake Catherine,AR,4,OP,N,N,, , ,ST,2000, ,,DA,1990,NC,,,NC,,,ST,3393,NH,DA,1990,MS,,,MS,,,ST,44.5,PH,DA,1990,, ,,,,,,
814,Entergy Arkansas Inc,173,Robert E Ritchie,AR,1,RE,N,N,, , ,ST, , ,DH,DA,1990,,,,,,,ST, ,NH,DA,1990,,,,,,,ST,40,OP,TH,1990,, ,,,,,,
814,Entergy Arkansas Inc,173,Robert E Ritchie,AR,2,RE,N,N,, , ,ST, , ,DH,DA,1990,,,,,,,ST, ,NH,DA,1990,,,,,,,ST,40,OP,TH,1990,, ,,,,,,
814,Entergy Arkansas Inc,6009,White Bluff,AR,1,OP,D,N,, , ,FD, , ,DP,TH,1980,NC,,,NC,,,FD, ,NP,OT,1980,NC,,,NC,,,FD,0.1,PB,OH,1980,FD,2016,,,,ACI,EK,
814,Entergy Arkansas Inc,6009,White Bluff,AR,2,OP,D,N,, , ,FD, , ,DP,TH,1981,NC,,,NC,,,FD, ,NP,OT,1981,NC,,,NC,,,FD,0.1,PB,OH,1981,FD,2016,,,,ACI,EK,
814,Entergy Arkansas Inc,6641,Independence Steam Electric Station,AR,1,OP,D,N,, , ,FD,0.93, ,DP,TH,1983,NC,,,NC,,,FD,0.7,NP,TH,1983,,,,,,,FD,0.04,PB,NV,1983,FD,2016,,,,ACI,,
814,Entergy Arkansas Inc,6641,Independence Steam Electric Station,AR,2,OP,D,N,, , ,FD,0.93, ,DP,TH,1984,NC,,,NC,,,FD,0.7,NP,TH,1985,,,,,,,FD,0.04,PB,NV,1985,FD,2016,,,,ACI,,
814,Entergy Arkansas Inc,8055,Arkansas Nuclear One,AR,NSS1,OP,,,, , ,, , ,,, ,,,,,,,, ,,, ,,,,,,,, ,,, ,, ,,,,,,
814,Entergy Arkansas Inc,8055,Arkansas Nuclear One,AR,NSS2,OP,,,, , ,, , ,,, ,,,,,,,, ,,, ,,,,,,,, ,,, ,, ,,,,,,
814,Entergy Arkansas Inc,55418,Hot Spring Generating Facility,AR,1H1100,OP,Da,N,, , ,ST,13.3, ,DH,DA,2002,NC,,,NC,,,ST,31.9,NH,DA,2002,SR,,,MS,,,ST,27.8,PH,TH,2002,, ,,,,,,
814,Entergy Arkansas Inc,55418,Hot Spring Generating Facility,AR,1H2100,OP,Da,N,, , ,ST,13.3, ,DH,DA,2002,NC,,,NC,,,ST,31.9,NH,DA,2002,SR,,,MS,,,ST,27.8,PH,TH,2002,, ,,,,,,
867,ARCO Products Co-Watson,50216,Watson Cogeneration,CA,91,OP,N,,, , ,ST, , ,DM,FT,1988,,,,,,,ST, ,NM,FT,1988,STM,SR,,NC,,,ST,0,PH,FT,1988,, ,,,,,,
867,ARCO Products Co-Watson,50216,Watson Cogeneration,CA,92,OP,N,,, , ,ST, , ,DM,FT,1988,,,,,,,ST, ,NM,FT,1988,STM,SR,,NC,,,ST,0,PH,FT,1988,, ,,,,,,
867,ARCO Products Co-Watson,50216,Watson Cogeneration,CA,93,OP,N,,, , ,ST, , ,DM,FT,1988,,,,,,,ST, ,NM,FT,1988,STM,SR,,NC,,,ST,0,PH,FT,1988,, ,,,,,,
867,ARCO Products Co-Watson,50216,Watson Cogeneration,CA,94,OP,N,,, , ,ST, , ,DM,FT,1988,,,,,,,ST, ,NM,FT,1988,STM,SR,,NC,,,ST,0,PH,FT,1988,, ,,,,,,
924,"Associated Electric Coop, Inc",2167,New Madrid,MO,1,OP,N,Y,122010-012,12,2010,ST,10, ,DP,TH,1972,SS,,,NC,,,, ,,, ,,,,,,,ST,0.18,PB,TH,1972,FD,2016,EK,OT,,ACI,,
924,"Associated Electric Coop, Inc",2167,New Madrid,MO,2,OP,N,Y,122010-012,12,2010,ST,10, ,DP,TH,1977,SS,,,NC,,,, ,,, ,,,,,,,ST,0.18,PB,TH,1977,FD,2016,EK,OT,,ACI,,
924,"Associated Electric Coop, Inc",2168,Thomas Hill,MO,MB1,OP,N,Y,122010-011,12,2010,ST,8, ,DP,TH,1971,SS,,,NC,,,, ,,, ,,,,,,,ST,0.18,PB,TH,1971,FD,2016,EK,OT,,ACI,,
924,"Associated Electric Coop, Inc",2168,Thomas Hill,MO,MB2,OP,N,Y,122010-011,12,2010,ST,8, ,DP,TH,1971,SS,,,NC,,,, ,,, ,,,,,,,ST,0.18,PB,TH,1971,FD,2016,EK,OT,,ACI,,
924,"Associated Electric Coop, Inc",2168,Thomas Hill,MO,MB3,OP,D,Y,0278-001,2,1978,FD,1.2, ,DP,TH,1982,SS,,,NC,,,FD,0.7,NP,TH,1982,MS,,,OV,LN,SR,FD,0.1,PB,TH,1982,FD,2016,EK,OT,,ACI,,
924,"Associated Electric Coop, Inc",7604,St Francis Energy Facility,MO,HRSG1,OP,,,, , ,, , ,,, ,,,,,,,, ,,, ,,,,,,,, ,,, ,, ,,,,,,
924,"Associated Electric Coop, Inc",7604,St Francis Energy Facility,MO,HRSG2,OP,,,, , ,, , ,,, ,,,,,,,, ,,, ,,,,,,,, ,,, ,, ,,,,,,
924,"Associated Electric Coop, Inc",7757,Chouteau,OK,1,OP,N,Y,98-270-C(PSD),3,1999,ST,1, ,DH,NS,2000,NC,,,NC,,,ST,0.2,NP,TH,2000,LN,SR,,NC,,,ST,0.0035,PB,NS,2000,, ,,,,,,
924,"Associated Electric Coop, Inc",7757,Chouteau,OK,2,OP,N,Y,98-270-C(PSD),3,1999,ST,1, ,DH,NS,2000,NC,,,NC,,,ST,0.2,NP,TH,2000,LN,SR,,NC,,,ST,0.0035,PB,NS,2000,, ,,,,,,
924,"Associated Electric Coop, Inc",7757,Chouteau,OK,3,OP,N,Y,2007-115-c(m-1)(PSD),1,2009,ST,1.06, ,DH,TH,2009,NC,,,NC,,,ST,0.2,NP,TH,2009,LN,SR,,NC,,,ST,0.0035,PB,DA,2009,, ,,,,,,
924,"Associated Electric Coop, Inc",7757,Chouteau,OK,4,OP,N,Y,2007-115-c(m-1)(PSD),1,2009,ST,1.06, ,DH,TH,2009,NC,,,NC,,,ST,0.2,NP,TH,2009,LN,SR,,NC,,,ST,0.0035,PB,DA,2009,, ,,,,,,
924,"Associated Electric Coop, Inc",55340,Dell Power Station,AR,HRSG1,OP,N,Y,1903-AOP-R10,8,2000,ST,0.002, ,DP,OT,2007,NC,,,NC,,,ST,3.5,NM,TH,2007,LN,SR,,NC,,,ST,0.021,PB,PS,2007,, ,,,,,,
924,"Associated Electric Coop, Inc",55340,Dell Power Station,AR,HRSG2,OP,N,Y,1903-AOP-R10,8,2000,ST,0.002, ,DP,OT,2007,NC,,,NC,,,ST,3.5,NM,TH,2007,LN,SR,,NC,,,ST,0.021,PB,PS,2007,, ,,,,,,
986,Aurora Energy LLC,79,Aurora Energy LLC Chena,AK,1,OP,,,, , ,, , ,,, ,,,,,,,, ,,, ,,,,,,,, ,,, ,, ,,,,,,
986,Aurora Energy LLC,79,Aurora Energy LLC Chena,AK,2,OP,,,, , ,, , ,,, ,,,,,,,, ,,, ,,,,,,,, ,,, ,, ,,,,,,
986,Aurora Energy LLC,79,Aurora Energy LLC Chena,AK,3,OP,,,, , ,, , ,,, ,,,,,,,, ,,, ,,,,,,,, ,,, ,, ,,,,,,
986,Aurora Energy LLC,79,Aurora Energy LLC Chena,AK,5,OP,,,, , ,, , ,,, ,,,,,,,, ,,, ,,,,,,,, ,,, ,, ,,,,,,
1009,City of Austin - (MN),1961,Austin Northeast,MN,NEPP,OP,,,, , ,, , ,,, ,,,,,,,ST,0.46,NP,YR,1971,LN,,,LN,,,, ,,, ,ST,1971,EK,,,,,
1015,Austin Energy,3548,Decker Creek,TX,1,OP,N,Y,45532,11,2002,FD, , ,OT,YR,2000,NC,,,NC,,,ST, ,OT,YR,2003,H20,,,NC,,,,15,OP,SM,1971,, ,,,,,,
1015,Austin Energy,3548,Decker Creek,TX,2,OP,D,Y,2629,5,2007,FD, , ,OT,YR,2000,NC,,,NC,,,ST, ,OT,YR,2003,FR,,,NC,,,FD,20,OP,SM,1978,, ,,,,,,
1015,Austin Energy,7900,Sand Hill,TX,5A,OP,Da,Y,48106,9,2008,FD, , ,SU,YR,2004,NC,,,NC,,,FD, ,NM,OH,2004,SR,,,NC,,,ST,5,OP,SM,2004,, ,,,,,,
1074,"Hays Energy, LLC",55144,Hays Energy Project,TX,HRSG,OP,,,, , ,, , ,,, ,,,,,,,, ,,, ,,,,,,,, ,,, ,, ,,,,,,
1182,BASF Corporation,55311,BASF Freeport Works,TX,HRSG,OP,,,, , ,, , ,,, ,,,,,,,, ,,, ,LN,,,,,,, ,,, ,, ,,,,,,
1307,Basin Electric Power Coop,2817,Leland Olds,ND,1,OP,N,N,, , ,ST,0.15, ,DP,TH,1965,IF,,,IF,,,FD,0.86,NP,YR,1997,LN,OV,,LN,OV,,ST,0.07,PB,TH,1974,,2015,EK,SP,,ND,,
1307,Basin Electric Power Coop,2817,Leland Olds,ND,2,OP,N,N,, , ,ST,0.15, ,DP,TH,1975,IF,,,IF,,,FD,0.46,NP,YR,2000,AA,,,AA,,,ST,0.07,PB,TH,1975,,2015,EK,SP,,ND,,
1307,Basin Electric Power Coop,6204,Laramie River Station,WY,1,OP,D,N,, , ,ST,0.2, ,DP,WO,1980,NC,,,NC,,,FD,0.46,NP,YR,1997,LN,OV,,LN,OV,,ST,0.085,PB,TH,1980,,2015,EW,SP,TR,ACI,,
1307,Basin Electric Power Coop,6204,Laramie River Station,WY,2,OP,D,N,, , ,ST,0.2, ,DP,WO,1981,NC,,,NC,,,FD,0.46,NP,YR,1997,LN,OV,,LN,OV,,ST,0.085,PB,TH,1981,,2015,EW,SP,TR,ACI,,
1307,Basin Electric Power Coop,6204,Laramie River Station,WY,3,OP,D,N,, , ,ST,0.2, ,DP,WO,1985,NC,,,NC,,,FD,0.46,NP,YR,1997,LN,OV,,LN,OV,,ST,0.085,PB,TH,1982,,2015,EH,SD,,ACI,,
1307,Basin Electric Power Coop,6469,Antelope Valley,ND,B1,OP,D,N,, , ,ST,3845, ,DH,TH,1983,NC,,,NC,,,ST,0.5,NP,TH,1983,LN,,,,,,ST,0.1,PB,TH,1983,,2015,SD,BR,,ACI,,
1307,Basin Electric Power Coop,6469,Antelope Valley,ND,B2,OP,D,N,, , ,ST,3845, ,DH,TH,1986,NC,,,NC,,,ST,0.5,NP,TH,1986,LN,,,,,,ST,0.1,PB,TH,1986,,2015,SD,BR,,ACI,,
1307,Basin Electric Power Coop,56609,Dry Fork Station,WY,1,OP,Db,N,, , ,ST,0.07, ,DP,YR,2011,IF,,,IF,,,FD,0.05,NP,YR,2011,LN,OV,SR,LN,OV,SR,ST,0.012,PB,OH,2011,ST,2011,BP,CD,ACI,BP,CD,ACI
1307,Basin Electric Power Coop,56610,Deer Creek Station,SD,U1HRSG,OP,N,N,, , ,ST,0.5, ,SU,NV,2012,NC,,,,,,ST,25.8,NH,TH,2012,NC,,,NC,,,ST,23.2,PH,TH,2012,,2012,,,,,,
1616,Berkshire Power Co LLC,55041,Berkshire Power,MA,HRSG1A,OP,,,, , ,, , ,,, ,,,,,,,, ,,, ,,,,,,,, ,,, ,, ,,,,,,
1692,Big Rivers Electric Corp,1381,Kenneth C Coleman,KY,C1,OP,N,N,, , ,ST,5.2, ,DP,DA,1977,IF,,,NC,,,FD,0.49,NP,YR,1997,LN,AA,,NC,,,ST,0.27,PB,TH,1969,FD,2015,,,,LIJ,ACI,SP
1692,Big Rivers Electric Corp,1381,Kenneth C Coleman,KY,C2,OP,N,N,, , ,ST,5.2, ,DP,DA,1977,IF,,,NC,,,FD,0.49,NP,YR,1997,LN,OV,,NC,,,ST,0.27,PB,TH,1970,FD,2015,,,,LIJ,ACI,SP
1692,Big Rivers Electric Corp,1381,Kenneth C Coleman,KY,C3,OP,N,N,, , ,ST,5.2, ,DP,DA,1977,IF,,,NC,,,FD,0.49,NP,YR,1997,LN,OV,,NC,,,ST,0.27,PB,TH,1971,FD,2015,,,,LIJ,ACI,SP
1692,Big Rivers Electric Corp,1382,HMP&L Station Two Henderson,KY,H1,OP,N,N,, , ,ST,5.2, ,DP,DA,1980,IF,,,NC,,,FD,0.49,NP,YR,1997,LN,SR,,NC,,,ST,0.21,PB,TH,1978,FD,2015,,,,TR,,
1692,Big Rivers Electric Corp,1382,HMP&L Station Two Henderson,KY,H2,OP,N,N,, , ,ST,5.2, ,DP,DA,1980,IF,,,NC,,,FD,0.49,NP,YR,1997,LN,SR,,NC,,,ST,0.21,PB,TH,1978,FD,2015,,,,TR,,
1692,Big Rivers Electric Corp,1383,Robert A Reid,KY,R1,OP,N,,, , ,ST, , ,,, ,,,,,,,FD,0.49,NP,YR,1997,LN,OV,,NC,,,ST,0.28,PB,, ,FD,2016,,,,OT,,
1692,Big Rivers Electric Corp,6639,R D Green,KY,G1,OP,D,N,, , ,ST,0.8, ,DP,TH,1980,IF,,,NC,,,ST,0.7,NP,TH,1980,LN,AA,FU,NC,,,ST,0.1,PB,TH,1980,FD,2015,,,,LIJ,ACI,SP
1692,Big Rivers Electric Corp,6639,R D Green,KY,G2,OP,D,N,, , ,ST,0.8, ,DP,TH,1981,IF,,,NC,,,ST,0.7,NP,TH,1981,LN,AA,FU,NC,,,ST,0.1,PB,TH,1981,FD,2015,,,,LIJ,ACI,SP
1692,Big Rivers Electric Corp,6823,D B Wilson,KY,W1,OP,Da,N,, , ,ST,0.6,1,DP,MO,1984,IF,,,NC,,,ST,0.6,NP,MO,1984,LN,SR,,NC,,,ST,0.03,PB,PS,1984,FD,2016,,,,LIJ,TR,
1735,Birchwood Power Partners LP,54304,Birchwood Power,VA,1A,OP,Da,N,, , ,FD,0.1,1,DP,MO,1996,NC,,,NC,,,FD,0.1,NP,MO,1996,LN,SR,OV,NC,,,FD,10,OP,SM,1996,FD,2015,BR,SD,,,,
1745,Biomass One LP,10869,Biomass One LP,OR,NORTH,OP,N,,, , ,, , ,,, ,,,,,,,, ,,, ,,,,,,,, ,,, ,, ,,,,,,
1745,Biomass One LP,10869,Biomass One LP,OR,SOUTH,OP,N,,, , ,, , ,,, ,,,,,,,, ,,, ,,,,,,,, ,,, ,, ,,,,,,
1746,Black River Generation LLC,10464,Black River Generation,NY,E0001,OP,N,,, , ,, , ,,, ,,,,,,,FD, ,,, ,,,,NC,,,, ,,, ,, ,,,,,,
1746,Black River Generation LLC,10464,Black River Generation,NY,E0002,OP,N,,, , ,, , ,,, ,,,,,,,, ,,, ,,,,,,,, ,,, ,, ,,,,,,
1746,Black River Generation LLC,10464,Black River Generation,NY,E0003,OP,N,,, , ,, , ,,, ,,,,,,,, ,,, ,,,,,,,, ,,, ,, ,,,,,,
1924,Boise Packaging & Newsprint LLC,10488,DeRidder Mill,LA,PB1,OP,N,,, , ,, , ,,, ,,,,,,,ST,0.15,NP,OH,2013,OV,,,,,,, ,,, ,FD,2016,VE,,,,,
1924,Boise Packaging & Newsprint LLC,10488,DeRidder Mill,LA,PB2,OP,N,,, , ,, , ,,, ,,,,,,,ST,0.09,NP,OH,2013,OV,FR,,,,,, ,,, ,FD,2016,VE,,,,,
1924,Boise Packaging & Newsprint LLC,10488,DeRidder Mill,LA,PB3,OP,N,,, , ,, , ,,, ,,,,,,,ST,0.01,NP,OH,2013,LN,FR,,,,,, ,,, ,, ,,,,,,
1924,Boise Packaging & Newsprint LLC,10488,DeRidder Mill,LA,PB4,OS,N,,, , ,, , ,,, ,,,,,,,ST,0.01,NP,OH,2013,LN,FR,,,,,, ,,, ,, ,,,,,,
1924,Boise Packaging & Newsprint LLC,10488,DeRidder Mill,LA,REC,OP,N,,, , ,, , ,,, ,,,,,,,ST,166.7,NH,OH,2013,AA,,,,,,, ,,, ,, ,,,,,,
1950,ReEnergy Stratton LLC,50650,ReEnergy Stratton LLC,ME,BLR1,OP,N,,, , ,, , ,,, ,,,,,,,ST,0.24,NP,DA,1989,SR,MS,NC,SR,,,, ,,, ,, ,,,,,,
1951,White Pine Electric Power LLC,10148,White Pine Electric Power,MI,BLR 1,OP,,,, , ,, , ,,, ,,,,,,,, ,,, ,,,,,,,, ,,, ,, ,,,,,,
1951,White Pine Electric Power LLC,10148,White Pine Electric Power,MI,BLR 2,OP,,,, , ,, , ,,, ,,,,,,,, ,,, ,,,,,,,, ,,, ,, ,,,,,,
1981,ReEnergy Ashland LLC,10356,ReEnergy Ashland,ME,BOIL1,OS,N,,, , ,, , ,,, ,,,,,,,ST,0.15,NP,DA,1993,SN,,,SN,,,ST,0.02,PB,, ,, ,,,,,,
1984,ReEnergy Fort Fairfield LLC,7513,ReEnergy Fort Fairfield,ME,BOIL1,OP,N,,, , ,, , ,,, ,,,,,,,ST,0.3,NP,DA,1987,SN,,,MS,,,ST,0.04,PB,, ,, ,,,,,,
1991,Boise White Paper LLC,10486,Boise Cascade International Falls,MN,1,OP,N,,, , ,, , ,,, ,,,,,,,FD,0.2,NP,MO, ,NC,MS,,MS,,,, ,,, ,, ,,,,,,
1991,Boise White Paper LLC,10486,Boise Cascade International Falls,MN,2,OP,N,,, , ,, , ,,, ,,,,,,,FD,100,NH,MO, ,MS,,,MS,,,, ,,, ,FD, ,EW,,,EW,,
1991,Boise White Paper LLC,10486,Boise Cascade International Falls,MN,3,OP,N,,, , ,, , ,,, ,,,,,,,FD,0.05,NP,MO, ,FR,MS,,MS,,,, ,,, ,, ,,,,,,
1991,Boise White Paper LLC,10486,Boise Cascade International Falls,MN,RECBLR,OP,N,,, , ,, , ,,, ,,,,,,,FD,110,NH,MO, ,NC,MS,,MS,,,, ,,, ,, ,EW,,,,,
2053,Bowater Newport Coosa Pines Op,54216,U S Alliance Coosa Pines,AL,AOW1,RE,N,,, , ,, , ,,, ,,,,,,,, ,,, ,,,,,,,, ,,, ,, ,,,,,,
2053,Bowater Newport Coosa Pines Op,54216,U S Alliance Coosa Pines,AL,AOW2,OP,N,,, , ,, , ,,, ,,,,,,,, ,,, ,,,,,,,, ,,, ,, ,,,,,,
2053,Bowater Newport Coosa Pines Op,54216,U S Alliance Coosa Pines,AL,AOW3,RE,N,,, , ,, , ,,, ,,,,,,,, ,,, ,,,,,,,, ,,, ,, ,,,,,,
2053,Bowater Newport Coosa Pines Op,54216,U S Alliance Coosa Pines,AL,AOW4,OP,N,,, , ,, , ,,, ,,,,,,,, ,,, ,,,,,,,, ,,, ,, ,,,,,,
2053,Bowater Newport Coosa Pines Op,54216,U S Alliance Coosa Pines,AL,PB1,OP,,,, , ,, , ,,, ,,,,,,,, ,,, ,,,,,,,, ,,, ,, ,,,,,,
2053,Bowater Newport Coosa Pines Op,54216,U S Alliance Coosa Pines,AL,PB2,OP,,,, , ,, , ,,, ,,,,,,,, ,,, ,,,,,,,, ,,, ,, ,,,,,,
2053,Bowater Newport Coosa Pines Op,54216,U S Alliance Coosa Pines,AL,REC3,OP,,,, , ,, , ,,, ,,,,,,,, ,,, ,,,,,,,, ,,, ,, ,,,,,,
2087,Bowie Power Station LLC,55780,Bowie Power Station LLC,AZ,HRSG1,PL,,Y,, , ,, , ,,, ,,,,,,,, ,,, ,,,,,,,, ,,, ,, ,,,,,,
2087,Bowie Power Station LLC,55780,Bowie Power Station LLC,AZ,HRSG2,PL,,Y,, , ,, , ,,, ,,,,,,,, ,,, ,,,,,,,, ,,, ,, ,,,,,,
2087,Bowie Power Station LLC,55780,Bowie Power Station LLC,AZ,HRSG3,PL,,Y,, , ,, , ,,, ,,,,,,,, ,,, ,,,,,,,, ,,, ,, ,,,,,,
2087,Bowie Power Station LLC,55780,Bowie Power Station LLC,AZ,HRSG4,PL,,Y,, , ,, , ,,, ,,,,,,,, ,,, ,,,,,,,, ,,, ,, ,,,,,,
2091,Phillips 66,52031,Alliance Refinery,LA,B01B3,OP,N,,, , ,, , ,,, ,,,,,,,, ,,, ,,,,,,,, ,,, ,, ,,,,,,
2171,Brazos Valley Energy,55357,Brazos Valley Generating Facility,TX,HRSG1,OP,Db,Y,43965,12,2002,ST, , ,DH,NV,2003,NC,,,NC,,,ST,3,NH,NV,2003,NC,SR,,NC,SR,,ST,38.6,PH,NV,2003,, ,,,,,,
2171,Brazos Valley Energy,55357,Brazos Valley Generating Facility,TX,HRSG2,OP,Db,Y,43965,12,2002,ST, , ,DH,NV,2003,NC,,,NC,,,ST,3,NH,NV,2003,NC,SR,,NC,SR,,ST,38.6,PH,NV,2003,, ,,,,,,
2172,Brazos Electric Power Coop Inc,3627,North Texas,TX,1,OS,N,,, , ,, , ,,, ,,,,,,,, ,,, ,,,,,,,, ,,, ,, ,,,,,,
2172,Brazos Electric Power Coop Inc,3627,North Texas,TX,2,OS,N,,, , ,, , ,,, ,,,,,,,, ,,, ,,,,,,,, ,,, ,, ,,,,,,
2172,Brazos Electric Power Coop Inc,3627,North Texas,TX,3,RE,N,,, , ,, , ,,, ,,,,,,,, ,,, ,,,,,,,, ,,, ,, ,,,,,,
2172,Brazos Electric Power Coop Inc,3628,R W Miller,TX,1,OP,D,Y,45474,11,2002,ST, , ,DP,TH,1996,WA,NC,,WA,NC,,ST, ,NP,WO,1972,NP,NC,,NP,NC,,FD,15,OP,SM,1996,, ,,,,,,
2172,Brazos Electric Power Coop Inc,3628,R W Miller,TX,2,OP,D,Y,45474,11,2002,ST, , ,DP,TH,1996,WA,NC,,WA,NC,,ST, ,NP,WO,1972,NP,NC,,NP,NC,,FD,15,OP,SM,1996,, ,,,,,,
2172,Brazos Electric Power Coop Inc,3628,R W Miller,TX,3,OP,D,Y,739,12,2005,ST,1.4, ,DH,OH,1996,WA,NC,,WA,NC,,ST, ,NH,OH,1996,NP,NC,,NP,NC,,ST,16.57,PH,OH,1996,, ,,,,,,
2172,Brazos Electric Power Coop Inc,54817,Johnson County,TX,HRSG,OP,Da,Y,25384,10,2004,ST,87.22, ,DH,YR,1997,WA,NC,,WA,NC,,ST, ,NH,OH,1997,SR,,,SR,,,ST,57,PH,OH,1997,, ,,,,,,
2172,Brazos Electric Power Coop Inc,55230,Jack County,TX,HRSG1,OP,Da,Y,52756,7,2003,ST,14.5, ,DH,OH,2005,WA,NC,,WA,NC,,ST, ,NM,OH,2005,SR,,,SR,,,ST,34.7,OP,OH,2005,, ,,,,,,
2172,Brazos Electric Power Coop Inc,55230,Jack County,TX,HRSG2,OP,Da,Y,52756,7,2003,ST,14.5, ,DH,OH,2005,WA,NC,,WA,NC,,ST, ,NM,OH,2005,SR,,,SR,,,ST,34.7,OP,OH,2005,, ,,,,,,
2172,Brazos Electric Power Coop Inc,55230,Jack County,TX,HRSG3,OP,Dc,Y,83801,12,2008,ST,11.7, ,DH,OH,2011,WA,NC,,WA,NC,,ST, ,NM,DA,2011,SR,,,SR,,,ST,12,PH,OH,2011,, ,,,,,,
2172,Brazos Electric Power Coop Inc,55230,Jack County,TX,HRSG4,OP,Dc,Y,83801,12,2008,ST,11.7, ,DH,OH,2011,WA,NC,,WA,NC,,ST, ,NM,DA,2011,SR,,,SR,,,ST,12,PH,OH,2011,, ,,,,,,
2226,Bridgewater Power Co LP,10290,Bridgewater Power LP,NH,EU1,OP,N,,, , ,, , ,,, ,,,,,,,, ,,, ,,,,,,,, ,,, ,, ,,,,,,
2232,Bridgeport Energy LLC,55042,Bridgeport Energy Project,CT,HRSG1,OP,,,, , ,, , ,,, ,,,,,,,, ,,, ,,,,,,,, ,,, ,, ,,,,,,
2232,Bridgeport Energy LLC,55042,Bridgeport Energy Project,CT,HRSG2,OP,,,, , ,, , ,,, ,,,,,,,, ,,, ,,,,,,,, ,,, ,, ,,,,,,
2338,Calpine Central LP,56104,Mankato Energy Center,MN,HRSG1,PL,Da,N,01300098-001,9,2004,, , ,,, ,,,,NC,,,ST, ,,, ,NH3,,,NC,,,,0.009,,, ,, ,,,,,,
2338,Calpine Central LP,56104,Mankato Energy Center,MN,HRSG2,OP,Da,Y,01300098-001,9,2004,ST, , ,DC,TH,2006,NC,,,NC,,,ST, ,NM,TH,2006,NC,NH3,,NC,NH3,,ST,0.009,OP,TH,2006,, ,,,,,,
2409,Brownsville Public Utilities Board,3559,Silas Ray,TX,HRSG9,OP,Db,Y,25738,5,2005,ST, , ,,, ,,,,,,,FD,41.1,NH,NV,2001,SR,,,SR,,,ST, ,,, ,, ,,,,,,
2409,Brownsville Public Utilities Board,3559,Silas Ray,TX,SR5,SC,N,,, , ,, , ,,, ,,,,,,,, ,,, ,,,,,,,, ,,, ,, ,,,,,,
2442,City of Bryan - (TX),3561,Bryan (TX),TX,3,OS,N,N,, , ,, , ,,, ,,,,,,,, ,,, ,,,,,,,, ,,, ,, ,,,,,,
2442,City of Bryan - (TX),3561,Bryan (TX),TX,4,OS,N,N,, , ,, , ,,, ,,,,,,,, ,,, ,,,,,,,, ,,, ,, ,,,,,,
2442,City of Bryan - (TX),3561,Bryan (TX),TX,5,OS,N,N,, , ,, , ,,, ,,,,,,,, ,,, ,,,,,,,, ,,, ,, ,,,,,,
2442,City of Bryan - (TX),3561,Bryan (TX),TX,6,OS,N,N,, , ,, , ,,, ,,,,,,,, ,,, ,,,,,,,, ,,, ,, ,,,,,,
2442,City of Bryan - (TX),6243,Dansby,TX,1,OP,D,N,, , ,FD, , ,DP,TH,1978,NC,,,NC,,,FD, ,NP,TH,1978,LN,OV,,NC,,,FD,0.1,PB,TH,1978,, ,,,,,,
2507,City of Burbank Water and Power,6013,Olive,CA,01,SB,Da,Y,25638,7,2008,LO, , ,DP,NV,1977,WA,,,NC,,,LO, ,NM,FT,2003,NH3,SR,,MS,,,LO,0.1,PC,FT,1959,LO,1977,,,,,,
2507,City of Burbank Water and Power,6013,Olive,CA,02,SB,Db,Y,25638,7,2008,LO, , ,DP,NV,1977,WA,,,NC,,,LO, ,NM,FT,2003,NH3,SR,,MS,,,LO,0.1,PC,FT,1965,LO,1977,,,,,,
2507,City of Burbank Water and Power,56046,Magnolia Power Project,CA,HRSG2,OP,N,Y,128243,1,2008,FD, , ,DP,NV,2005,NC,,,NC,,,LO, ,NM,FT,2005,SR,,,SR,,,LO,0.03,PB,DT,2005,LO,2005,,,,,,
2522,Buckeye Florida Ltd Partners,50466,Buckeye Florida LP,FL,1BB,OP,,,, , ,, , ,,, ,,,,,,,, ,,, ,,,,,,,, ,,, ,, ,,,,,,
2522,Buckeye Florida Ltd Partners,50466,Buckeye Florida LP,FL,1PB,OP,,,, , ,, , ,,, ,,,,,,,, ,,, ,,,,,,,, ,,, ,, ,,,,,,
2522,Buckeye Florida Ltd Partners,50466,Buckeye Florida LP,FL,2BB,OP,,,, , ,, , ,,, ,,,,,,,, ,,, ,,,,,,,, ,,, ,, ,,,,,,
2522,Buckeye Florida Ltd Partners,50466,Buckeye Florida LP,FL,2PB,OP,,,, , ,, , ,,, ,,,,,,,, ,,, ,,,,,,,, ,,, ,, ,,,,,,
2522,Buckeye Florida Ltd Partners,50466,Buckeye Florida LP,FL,2RB,OP,,,, , ,, , ,,, ,,,,,,,FD,70.4,NH,MO,2011,NC,,,NC,,,, ,,, ,, ,,,,,,
2522,Buckeye Florida Ltd Partners,50466,Buckeye Florida LP,FL,3RB,OP,,,, , ,, , ,,, ,,,,,,,FD,68.3,NH,MO,2013,NC,,,NC,,,, ,,, ,, ,,,,,,
2522,Buckeye Florida Ltd Partners,50466,Buckeye Florida LP,FL,4RB,OP,,,, , ,, , ,,, ,,,,,,,, ,,, ,,,,,,,, ,,, ,, ,,,,,,
2548,City of Burlington Electric - (VT),589,J C McNeil,VT,1,OP,N,,, , ,, , ,,, ,,,,,,,ST,0.075,NP,EH,2008,SR,,,SR,,,ST, ,,, ,, ,,,,,,
2565,North American Energy Services,10652,Burney Forest Products,CA,BLR1,OP,N,,, , ,, , ,,, ,,,,,,,LO,0.12,NP,TH,1989,NH3,SN,,NH3,SN,,, ,,, ,,1989,,,,,,
2565,North American Energy Services,10652,Burney Forest Products,CA,BLR2,OP,N,,, , ,, , ,,, ,,,,,,,LO,0.12,NP,TH,1989,NH3,SN,,NH3,SN,,, ,,, ,,1989,,,,,,
2799,Calpine Corp - Metcalf Energy Center,55393,Metcalf Energy Center,CA,HRSG 1,OP,Dc,N,, , ,LO,1.28, ,DH,PS,2005,NC,,,NC,,,LO,2.5,NM,OH,2005,NC,SR,,NC,SR,,LO,12,PH,PS,2005,, ,,,,,,
2799,Calpine Corp - Metcalf Energy Center,55393,Metcalf Energy Center,CA,HSRG 2,OP,Db,N,, , ,LO,1.28, ,DH,PS,2005,NC,,,NC,,,LO,2.5,NM,OH,2005,NC,SR,,NC,SR,,LO,12,PH,PS,2005,, ,,,,,,
2820,Calpine Corp - Pastoria Energy Center,55656,"Pastoria Energy Facility, LLC",CA,HRSG01,OP,,,, , ,, , ,,, ,,,,,,,, ,,, ,,,,,,,, ,,, ,, ,,,,,,
2820,Calpine Corp - Pastoria Energy Center,55656,"Pastoria Energy Facility, LLC",CA,HRSG02,OP,,,, , ,, , ,,, ,,,,,,,, ,,, ,,,,,,,, ,,, ,, ,,,,,,
2820,Calpine Corp - Pastoria Energy Center,55656,"Pastoria Energy Facility, LLC",CA,HRSG04,OP,,,, , ,, , ,,, ,,,,,,,, ,,, ,,,,,,,, ,,, ,, ,,,,,,
2838,Baytown Energy Center LLC,55327,Baytown Energy Center,TX,HRSG1,OP,Da,Y,41996,12,2011,ST,28.2, ,DH,OH,2002,OT,,,OT,,,ST,29.3,NH,OH,2002,SR,,,SR,,,ST,28.3,PH,OH,2002,, ,,,,,,
2838,Baytown Energy Center LLC,55327,Baytown Energy Center,TX,HRSG2,OP,Da,Y,41996,12,2011,ST,28.2, ,DH,OH,2002,OT,,,OT,,,ST,29.3,NH,OH,2002,SR,,,SR,,,ST,28.3,PH,OH,2002,, ,,,,,,
2838,Baytown Energy Center LLC,55327,Baytown Energy Center,TX,HRSG3,OP,Da,Y,41996,12,2011,ST,28.2, ,DH,OH,2002,OT,,,OT,,,ST,29.3,NH,OH,2002,SR,,,SR,,,ST,28.3,PH,TH,2002,, ,,,,,,
2843,Los Medanos Energy Center LLC,55217,Los Medanos Energy Center,CA,HRSG1,OP,Db,Y,BAAQMD PTO Plant # 11866,9,2013,ST, , ,DP,OH,2001,NC,,,NC,,,ST, ,NM,NV,2001,NH3,,,NC,,,ST,0.0082,PB,OH,2001,, ,,,,,,
2843,Los Medanos Energy Center LLC,55217,Los Medanos Energy Center,CA,HRSG2,OP,Db,Y,BAAQMD PTO Plant # 11866,9,2012,ST, , ,DP,OH,2001,NC,,,NC,,,ST, ,NM,NV,2001,NH3,,,NH3,,,ST,0.0059,PB,OH,2001,, ,,,,,,
2860,Los Esteros Critical Energy Facility LLC,55748,Los Esteros Critical Energy Center,CA,HRSG1,OP,Db,N,, , ,LO,1.8, ,OT,OH,2013,NC,,,NC,,,LO,2,NM,OH,2013,NC,SR,,NC,SR,,LO,2.5,PH,OH,2013,, ,,,,,,
2860,Los Esteros Critical Energy Facility LLC,55748,Los Esteros Critical Energy Center,CA,HRSG2,OP,Db,N,, , ,LO,1.8, ,DH,OH,2013,NC,,,NC,,,LO,2,NM,OH,2013,NC,SR,,NC,SR,,LO,2.5,PH,OH,2013,, ,,,,,,
2860,Los Esteros Critical Energy Facility LLC,55748,Los Esteros Critical Energy Center,CA,HRSG3,OP,Db,N,, , ,LO,1.8, ,DH,OH,2013,NC,,,NC,,,LO,2,NM,OH,2013,NC,SR,,NC,SR,,LO,2.5,PH,OH,2013,, ,,,,,,
2860,Los Esteros Critical Energy Facility LLC,55748,Los Esteros Critical Energy Center,CA,HRSG4,OP,Db,N,, , ,LO,1.8, ,DH,OH,2013,NC,,,NC,,,LO,2,NM,OH,2013,NC,SR,,NC,SR,,LO,2.5,PH,OH,2013,, ,,,,,,
2867,Calpine Corp-Yuba City,10350,Greenleaf 1 Power Plant,CA,HRSG,OP,,,, , ,, , ,,, ,,,,,,,, ,,, ,,,,,,,, ,,, ,, ,,,,,,
2876,Calvert Cliffs Nuclear PP LLC,6011,Calvert Cliffs Nuclear Power Plant,MD,NSS1,OP,,,, , ,, , ,,, ,,,,,,,, ,,, ,,,,,,,, ,,, ,, ,,,,,,
2876,Calvert Cliffs Nuclear PP LLC,6011,Calvert Cliffs Nuclear Power Plant,MD,NSS2,OP,,,, , ,, , ,,, ,,,,,,,, ,,, ,,,,,,,, ,,, ,, ,,,,,,
2877,Calpine Corp-Magic Valley,55123,Magic Valley Generating Station,TX,HRSG1,OP,Db,N,, , ,ST, , ,DH,DT,2002,NC,NC,NC,NC,NC,NC,ST,0.14,NM,OH,2002,SR,SR,SR,SR,SR,SR,ST,25,PH,YR,2002,ST,2002,,,,,,
2877,Calpine Corp-Magic Valley,55123,Magic Valley Generating Station,TX,HRSG2,OP,Db,N,, , ,ST, , ,DH,DT,2002,NC,NC,NC,NC,NC,NC,ST,0.14,NM,OH,2002,SR,SR,SR,SR,SR,SR,ST,25,PH,YR,2002,ST,2002,,,,,,
2884,Cambria CoGen Co,10641,Cambria Cogen,PA,B1,OP,Db,,, , ,FD, , ,,, ,,,,,,,FD,0.3,NP,NV,1997,SN,,,SN,,,FD,16.8,PH,, ,, ,,,,,,
2884,Cambria CoGen Co,10641,Cambria Cogen,PA,B2,OP,,,, , ,, , ,,, ,,,,,,,, ,,, ,,,,,,,, ,,, ,, ,,,,,,
2891,Westbrook Energy Center,55294,Westbrook Energy Center Power Plant,ME,HRSG1,OP,,,, , ,, , ,,, ,,,,,,,, ,,, ,SR,,,,,,, ,,, ,, ,,,,,,
2891,Westbrook Energy Center,55294,Westbrook Energy Center Power Plant,ME,HRSG2,OP,,,, , ,, , ,,, ,,,,,,,, ,,, ,SR,,,,,,, ,,, ,, ,,,,,,
2897,Calpine Oneta Power LLC,55225,Oneta Energy Center,OK,HRSG-1,OP,Da,Y,2008-357-TRV,5,2011,ST, , ,DP,NV,2002,NC,,,NC,,,ST, ,NP,OH,2002,LN,NC,,LN,NC,,ST,0.262,PB,NV,2002,,2002,,,,,,
2897,Calpine Oneta Power LLC,55225,Oneta Energy Center,OK,HRSG-2,OP,Da,Y,2008-357-TRV,5,2011,ST, , ,DP,NV,2002,NC,,,NC,,,ST, ,NP,OH,2002,LN,NC,,LN,NC,,ST,0.262,PB,NV,2002,,2002,,,,,,
2897,Calpine Oneta Power LLC,55225,Oneta Energy Center,OK,HRSG-3,OP,Da,Y,2008-357-TRV,5,2011,ST, , ,DP,NV,2003,NC,,,NC,,,ST, ,NP,OH,2003,LN,NC,,LN,NC,,ST,0.262,PB,NV,2003,,2002,,,,,,
2897,Calpine Oneta Power LLC,55225,Oneta Energy Center,OK,HRSG-4,OP,Da,Y,2008-357-TRV,5,2011,ST, , ,DP,NV,2002,NC,,,NC,,,ST, ,NP,OH,2002,LN,NC,,LN,NC,,ST,0.262,PB,NV,2002,,2002,,,,,,
2929,Decatur Energy Center LLC,55292,Decatur Energy Center,AL,HRSG1,OP,Db,Y,712-0079,9,2001,FD,0.8, ,SU,NV,2002,NC,,,NC,,,ST,0.013,NP,TH,2002,LN,NH3,SR,NC,SR,,ST,0.005,PB,DT,2002,FD,2002,,,,,,
2929,Decatur Energy Center LLC,55292,Decatur Energy Center,AL,HRSG2,OP,Db,Y,712-0079,9,2001,FD,0.8, ,SU,NV,2002,NC,,,NC,,,ST,0.013,NP,TH,2002,LN,NH3,SR,NC,SR,,ST,0.005,PB,DT,2002,FD,2002,,,,,,
2929,Decatur Energy Center LLC,55292,Decatur Energy Center,AL,HRSG3,OP,Db,Y,712-0079,9,2001,FD,0.8, ,SU,NV,2003,NC,,,NC,,,ST,0.013,NP,TH,2003,LN,NH3,SR,NC,SR,,ST,0.005,PB,DT,2003,FD,2003,,,,,,
2934,Calpine Corp - Hidalgo,55545,Hidalgo Energy Center,TX,HRSG1,OP,,,, , ,, , ,,, ,,,,,,,, ,,, ,,,,,,,, ,,, ,, ,,,,,,
2934,Calpine Corp - Hidalgo,55545,Hidalgo Energy Center,TX,HRSG2,OP,,,, , ,, , ,,, ,,,,,,,, ,,, ,,,,,,,, ,,, ,, ,,,,,,
2999,Caraustar Industries Inc,54235,Rittman Paperboard,OH,B001,RE,,,, , ,, , ,,, ,,,,,,,, ,,, ,,,,,,,, ,,, ,, ,,,,,,
2999,Caraustar Industries Inc,54235,Rittman Paperboard,OH,B003,RE,,,, , ,, , ,,, ,,,,,,,, ,,, ,,,,,,,, ,,, ,, ,,,,,,
3030,Cardinal Cogen Inc,10168,Cardinal Cogen,CA,HRSG1,OP,Db,,, , ,LO, , ,,, ,,,,,,,ST,42,NM,TH,1987,LN,,,LN,,,ST,0.15,PC,, ,, ,,,,,,
3046,Duke Energy Progress - (NC),2706,Asheville,NC,1,OP,N,N,, , ,ST,2.3, ,DP,DA,1977,NC,,,NC,,,ST,1.8,NP,DA,1976,SR,,,SR,,,ST,0.1,PB,DA,1988,FD,2015,EK,TR,,EK,TR,
3046,Duke Energy Progress - (NC),2706,Asheville,NC,2,OP,N,N,, , ,ST,2.3, ,DP,DA,1977,NC,,,NC,,,ST,1.8,NP,DA,1976,SR,,,SR,,,ST,0.1,PB,DA,1988,FD,2015,EK,TR,,EK,TR,
3046,Duke Energy Progress - (NC),2712,Roxboro,NC,1,OP,N,N,, , ,ST,0.547, ,DP,DA,1977,SS,IF,,SS,IF,,ST,1.066,NP,DA,1976,SR,,,SR,,,ST,0.1,PB,DA,1988,FD,2015,TR,,,TR,,
3046,Duke Energy Progress - (NC),2712,Roxboro,NC,2,OP,N,N,, , ,ST,0.547, ,DP,DA,1977,SS,IF,,SS,IF,,ST,1.066,NP,DA,1976,SR,,,SR,,,ST,0.1,PB,DA,1988,FD,2015,TR,,,TR,,
3046,Duke Energy Progress - (NC),2712,Roxboro,NC,3A,OP,N,N,, , ,ST,0.547, ,DP,DA,1977,SS,IF,,SS,IF,,ST,1.066,NP,DA,1976,SR,,,SR,,,ST,0.1,PB,DA,1988,FD,2015,TR,,,TR,,
3046,Duke Energy Progress - (NC),2712,Roxboro,NC,3B,OP,N,N,, , ,ST,0.547, ,DP,DA,1977,SS,IF,,SS,IF,,ST,1.066,NP,DA,1976,SR,,,SR,,,ST,0.1,PB,DA,1988,FD,2015,TR,,,TR,,
3046,Duke Energy Progress - (NC),2712,Roxboro,NC,4A,OP,D,N,, , ,ST,0.547, ,DP,MO,1980,IF,,,IF,,,ST,0.7,NP,TH,1980,SR,,,SR,,,ST,0.1,PB,DA,1980,FD,2015,,,,ND,,
3046,Duke Energy Progress - (NC),2712,Roxboro,NC,4B,OP,D,N,, , ,ST,0.547, ,DP,MO,1980,IF,,,IF,,,ST,0.7,NP,TH,1980,SR,,,SR,,,ST,0.1,PB,DA,1980,FD,2015,,,,ND,,
3046,Duke Energy Progress - (NC),2713,L V Sutton Steam,NC,1,RE,N,N,, , ,ST,2.3, ,DP,DA,1977,,,,,,,ST,1.8,NP,NV,1976,,,,,,,ST,0.11,PB,PS,1988,ST, ,,,,,,
3046,Duke Energy Progress - (NC),2713,L V Sutton Steam,NC,2,RE,N,N,, , ,ST,2.3, ,DP,DA,1977,,,,,,,ST,1.8,NP,NV,1976,,,,,,,ST,0.11,PB,PS,1988,ST, ,,,,,,
3046,Duke Energy Progress - (NC),2713,L V Sutton Steam,NC,3,RE,N,N,, , ,ST,2.3, ,DP,DA,1977,,,,,,,ST,1.8,NP,NV,1976,,,,,,,ST,0.11,PB,PS,1988,ST, ,,,,,,
3046,Duke Energy Progress - (NC),3251,H B Robinson,SC,1,RE,N,N,, , ,ST, , ,DP,NV,1960,,,,,,,, ,,, ,,,,,,,ST,0.41,PB,NV,1960,, ,,,,,,
3046,Duke Energy Progress - (NC),3251,H B Robinson,SC,NSS2,OP,,,, , ,, , ,,, ,,,,,,,, ,,, ,,,,,,,, ,,, ,, ,,,,,,
3046,Duke Energy Progress - (NC),6014,Brunswick Nuclear,NC,NSS1,OP,,,, , ,, , ,,, ,,,,,,,, ,,, ,,,,,,,, ,,, ,, ,,,,,,
3046,Duke Energy Progress - (NC),6014,Brunswick Nuclear,NC,NSS2,OP,,,, , ,, , ,,, ,,,,,,,, ,,, ,,,,,,,, ,,, ,, ,,,,,,
3046,Duke Energy Progress - (NC),6015,Harris,NC,NSS1,OP,,,, , ,, , ,,, ,,,,,,,, ,,, ,,,,,,,, ,,, ,, ,,,,,,
3046,Duke Energy Progress - (NC),6250,Mayo,NC,1A,OP,D,Y,3478,10,1977,ST,1.2, ,DP,TH,1983,NC,,,NC,,,ST,0.7,NP,TH,1983,SR,,,SR,,,ST,0.1,PB,DA,1983,FD,2015,EW,TR,,EW,TR,
3046,Duke Energy Progress - (NC),6250,Mayo,NC,1B,OP,D,Y,3478,10,1977,ST,1.2, ,DP,TH,1983,NC,,,NC,,,ST,0.7,NP,TH,1983,SR,,,SR,,,ST,0.1,PB,DA,1983,FD,2015,EW,TR,,EW,TR,
3046,Duke Energy Progress - (NC),7805,Sherwood H Smith Jr Energy Complex,NC,4,OP,Dc,N,, , ,, , ,,,2011,ND,,,ND,,,FD,2.5,NM,MO,2011,SR,,,NC,,,FD, ,,, ,, ,,,,,,
3046,Duke Energy Progress - (NC),7805,Sherwood H Smith Jr Energy Complex,NC,ST5,OP,Dc,Y,08759T10,4,2009,FD, , ,DP,NV,2011,ND,,,ND,,,FD,2.5,NM,MO,2011,SR,,,NC,,,FD,0.0059,PB,TH,2011,, ,,,,,,
3046,Duke Energy Progress - (NC),58215,Lee Combined Cycle Plant,NC,ST1,OP,,N,, , ,FD,0.06, ,DP,NV,2013,NC,,,NC,,,FD,15,NM,MO,2013,MS,NC,SR,MS,NC,SR,ST,742.6,OT,YR,2013,, ,,,,,,
3046,Duke Energy Progress - (NC),58697,L V Sutton Combined Cycle,NC,01A,OP,N,N,01318T29,6,2013,FD,0.06,0,,NV,2013,NC,,,NC,,,ST,15,NM,MO,2013,NC,,,NC,,,ST,1145.08,OT,YR,2013,, ,,,,,,
3046,Duke Energy Progress - (NC),58697,L V Sutton Combined Cycle,NC,01B,OP,N,N,01318T29,6,2013,FD,0.06,0,,NV,2013,NC,,,NC,,,FD,15,NM,MO,2013,NC,,,NC,,,ST,1145.08,OT,YR,2013,, ,,,,,,
3085,Carthage Energy LLC,10620,Carthage Energy LLC,NY,HRSG,OP,,,, , ,, , ,,, ,,,,,,,ST,42,NM,OH,1991,STM,,,MS,,,, ,,, ,, ,,,,,,
3103,Cargill Inc,10729,Cargill Corn Wet Milling Plant,TN,PCBLR,OP,N,,, , ,, , ,,, ,,,,,,,FD,786,OT,YR,2006,MS,LN,,MS,LN,,, ,,, ,,2016,,,,LIJ,,
3103,Cargill Inc,10729,Cargill Corn Wet Milling Plant,TN,STRBLR,OP,N,,, , ,, , ,,, ,,,,,,,FD,786,OT,YR,2006,LN,MS,,LN,MS,,, ,,, ,,2016,,,,LIJ,,
3106,Cargill Inc North America Sweetners,10855,Cargill Corn Milling Division,IA,STKR1,OP,N,,, , ,, , ,,, ,,,,,,,ST,212.1,OT,OH, ,FR,,,FR,,,, ,,, ,, ,,,,,,
3106,Cargill Inc North America Sweetners,10855,Cargill Corn Milling Division,IA,STKR2,OP,N,,, , ,ST, , ,,, ,,,,,,,ST,212.1,OT,OH, ,FR,,,FR,,,, ,,, ,, ,,,,,,
3106,Cargill Inc North America Sweetners,10855,Cargill Corn Milling Division,IA,STKR3,OP,N,,, , ,ST, , ,,, ,,,,,,,ST,212.1,OT,OH, ,FR,,,FR,,,, ,,, ,, ,,,,,,
3131,Carville Energy LLC,55404,Carville Energy LLC,LA,HRSG1,OP,Da,Y,1280-00092-V1,5,2001,FD, , ,DP,MO,2003,NC,,,NC,,,FD, ,OT,MO,2003,NC,,,NC,,,FD,0.03,PB,NS,2003,, ,,,,,,
3131,Carville Energy LLC,55404,Carville Energy LLC,LA,HRSG2,OP,Da,Y,1280-00092-V1,5,2001,FD, , ,DP,MO,2003,NC,,,NC,,,FD, ,OT,MO,2003,NC,,,NC,,,FD,0.03,PB,NS,2003,, ,,,,,,
3203,Cedar Falls Utilities,1131,Streeter Station,IA,6,OP,,,, , ,, , ,,, ,,,,,,,, ,,, ,,,,,,,, ,,, ,FD,2016,OT,,,OT,,
3203,Cedar Falls Utilities,1131,Streeter Station,IA,7,OP,,,, , ,, , ,,, ,,,,,,,, ,,, ,,,,,,,, ,,, ,,2015,OT,,,OT,,
3242,Central Electric Power Coop - (MO),2169,Chamois,MO,1,OS,,,, , ,, , ,,, ,,,,,,,, ,,, ,,,,,,,, ,,, ,, ,,,,,,
3242,Central Electric Power Coop - (MO),2169,Chamois,MO,2,OS,,,, , ,, , ,,, ,,,,,,,, ,,, ,,,,,,,, ,,, ,, ,,,,,,
3258,Central Iowa Power Cooperative,1218,Fair Station,IA,1,RE,N,N,, , ,ST, , ,,, ,,,,,,,, ,,, ,,,,,,,ST,0.43,PB,, ,, ,,,,,,
3258,Central Iowa Power Cooperative,1218,Fair Station,IA,2,RE,N,N,, , ,ST, , ,,, ,,,,,,,FD,0.46,NH,YR,1999,LN,,,LN,,,ST,0.43,PB,, ,, ,,,,,,
3265,Cleco Power LLC,51,Dolet Hills,LA,1,OP,D,Y,0760-00001-V2,9,2013,FD,1.2,0,DP,TH,2006,NC,,,NC,,,FD,0.46,NP,YR,2008,LN,OV,SN,LN,OV,SN,FD,0.1,PB,NS,2006,FD,2014,,,,BP,ACI,OT
3265,Cleco Power LLC,1400,Teche,LA,1,OP,N,Y,2660-00007-V2,5,2011,ST,0.16, ,DH,OH,2006,NC,,,NC,,,ST,75.2,NH,OH,2006,,,,,,,ST,2.06,PH,OH,2006,, ,,,,,,
3265,Cleco Power LLC,1400,Teche,LA,2,RE,N,Y,2660-00007-V1,11,2009,ST, , ,DH,OH,2006,,,,,,,ST, ,NH,OH,2006,,,,,,,ST,4.05,PH,OH,2006,, ,,,,,,
3265,Cleco Power LLC,1400,Teche,LA,3,OP,N,Y,2660-00007-V2,5,2011,ST,2000, ,DM,TH,2006,NC,,,NC,,,ST,1860,NH,OH,2006,,,,,,,ST,120,PH,OH,2006,, ,,,,,,
3265,Cleco Power LLC,6190,Brame Energy Center,LA,1,OP,N,Y,2360-00030-V2,10,2013,ST,2000, ,DM,TH,2006,NC,,,NC,,,ST,1410,NH,OH,2006,,,,,,,ST,0.6,PB,NS,2006,, ,,,,,,
3265,Cleco Power LLC,6190,Brame Energy Center,LA,2,OP,D,Y,2360-00030-V2,10,2013,FD,1.2,0,DP,TH,2006,NC,,,NC,,,FD,0.46,NP,YR,2008,LN,OV,SN,LN,OV,SN,FD,0.1,PB,NS,2006,FD,2014,,,,BP,DSI,ACI
3265,Cleco Power LLC,6190,Brame Energy Center,LA,3-1,OP,Da,Y,2927-V4,12,2012,ST,0.15,1,DP,MO,2010,CF,IF,,CF,IF,,ST,0.07,NP,YR,2010,CF,SN,,CF,SN,,ST,0.011,PB,MO,2010,, ,,,,,,
3265,Cleco Power LLC,6190,Brame Energy Center,LA,3-2,OP,Da,Y,2927-V4,12,2012,ST,0.15,1,DP,MO,2010,CF,IF,,CF,IF,,ST,0.07,NP,YR,2010,CF,SN,,CF,SN,,ST,0.011,PB,MO,2010,, ,,,,,,
3265,Cleco Power LLC,55173,Acadia Energy Center,LA,HRSG11,OP,Da,Y,0040-00105-V2,8,2009,ST,0.02, ,DP,NS,2002,NC,,,NC,,,ST,31.1,NH,NS,2002,LN,SR,,NC,,,ST,0.03,PB,NS,2002,, ,,,,,,
3265,Cleco Power LLC,55173,Acadia Energy Center,LA,HRSG12,OP,Da,Y,0040-00105-V2,8,2009,ST,0.02, ,DP,NS,2002,NC,,,NC,,,ST,31.1,NH,NS,2002,LN,SR,,NC,,,ST,0.03,PB,NS,2002,, ,,,,,,
3265,Cleco Power LLC,55173,Acadia Energy Center,LA,HRSG24,OP,Da,Y,0040-00105-V2,8,2009,ST,0.02, ,DP,NS,2002,NC,,,NC,,,ST,31.1,NH,NS,2002,LN,SR,,NC,,,ST,0.03,PB,NS,2002,, ,,,,,,
3265,Cleco Power LLC,55173,Acadia Energy Center,LA,HRSG25,OP,Da,Y,0040-00105-V2,8,2009,ST,0.02, ,DP,NS,2002,NC,,,NC,,,ST,31.1,NH,NS,2002,LN,SR,,NC,,,ST,0.03,PB,NS,2002,, ,,,,,,
3303,Florida Power Development,10333,Florida Power Development,FL,1,TS,Db,N,, , ,ST,135, ,DH,OT,2013,NC,SS,,NC,SS,,ST,135,NH,OT,2013,SR,,,SR,,,ST,11.7,PH,OH,1988,FD,2016,DSI,,,DSI,,
3370,Channel Energy Center LLC,55299,Channel Energy Center LLC,TX,HRSG1,OP,Da,N,42179,10,2012,, , ,,, ,,,,,,,ST, ,NM,TH,2002,NH3,,,NH3,,,, ,,, ,, ,,,,,,
3370,Channel Energy Center LLC,55299,Channel Energy Center LLC,TX,HRSG2,OP,Da,N,42179,10,2012,, , ,,, ,,,,,,,ST, ,NM,TH,2002,NH3,,,NH3,,,, ,,, ,, ,,,,,,
3370,Channel Energy Center LLC,55299,Channel Energy Center LLC,TX,HRSG3,CO,,,, , ,, , ,,, ,,,,,,,, ,,, ,,,,,,,, ,,, ,, ,,,,,,
3522,Chugach Electric Assn Inc,57036,Southcentral Power Project,AK,OTSG1,OP,,,, , ,, , ,,, ,,,,,,,, ,,, ,LN,NH3,SR,LN,NH3,SR,, ,,, ,, ,,,,,,
3522,Chugach Electric Assn Inc,57036,Southcentral Power Project,AK,OTSG2,OP,,,, , ,, , ,,, ,,,,,,,, ,,, ,LN,NH3,SR,LN,NH3,SR,, ,,, ,, ,,,,,,
3522,Chugach Electric Assn Inc,57036,Southcentral Power Project,AK,OTSG3,OP,,,, , ,, , ,,, ,,,,,,,, ,,, ,LN,NH3,SR,LN,NH3,SR,, ,,, ,, ,,,,,,
3542,Duke Energy Ohio Inc,2830,Walter C Beckjord,OH,1,RE,N,N,, , ,ST,1.84, ,DP,MO,1979,NC,,,NC,,,, ,,, ,,,,,,,ST,0.1,PB,NV,1974,, ,ND,,,ND,,
3542,Duke Energy Ohio Inc,2830,Walter C Beckjord,OH,2,RE,N,N,, , ,ST,1.84, ,DP,MO,1979,NC,,,NC,,,, ,,, ,,,,,,,ST,0.1,PB,NV,1974,, ,ND,,,ND,,
3542,Duke Energy Ohio Inc,2830,Walter C Beckjord,OH,3,RE,N,N,, , ,ST,1.84, ,DP,MO,1979,NC,,,NC,,,, ,,, ,,,,,,,ST,0.1,PB,NV,1974,, ,ND,,,ND,,
3542,Duke Energy Ohio Inc,2830,Walter C Beckjord,OH,4,OP,N,N,, , ,ST,1.84, ,DP,MO,1979,NC,,,NC,,,, ,,, ,,,,,,,ST,0.1,PB,NV,1975,, ,ND,,,ND,,
3542,Duke Energy Ohio Inc,2830,Walter C Beckjord,OH,5,OP,N,N,, , ,ST,7.19, ,DP,MO,1979,NC,,,NC,,,, ,,, ,,,,,,,ST,0.1,PB,NV,1976,, ,ND,,,ND,,
3542,Duke Energy Ohio Inc,2830,Walter C Beckjord,OH,6,OP,N,N,, , ,ST,7.19, ,DP,MO,1979,NC,,,NC,,,, ,,, ,,,,,,,ST,0.1,PB,NV,1979,, ,ND,,,ND,,
3542,Duke Energy Ohio Inc,2832,Miami Fort,OH,5-1,RE,N,,, , ,ST,5, ,DP,MO,1979,,,,,,,, ,,, ,,,,,,,ST,0.1,PB,NV,1977,, ,,,,,,
3542,Duke Energy Ohio Inc,2832,Miami Fort,OH,5-2,RE,N,,, , ,ST,5, ,DP,MO,1979,,,,,,,, ,,, ,,,,,,,ST,0.1,PB,NV,1977,, ,,,,,,
3542,Duke Energy Ohio Inc,2832,Miami Fort,OH,6,OP,N,N,, , ,ST,5, ,DP,MO,1979,NC,,,NC,,,, ,,, ,,,,,,,ST,0.1,PB,NV,1976,, ,,,,,,
3542,Duke Energy Ohio Inc,2832,Miami Fort,OH,7,OP,N,N,, , ,ST,5.5, ,DP,MO,1979,NC,,,NC,,,, ,,, ,SR,,,SR,,,ST,0.1,PB,NV,1975,, ,,,,,,
3542,Duke Energy Ohio Inc,2832,Miami Fort,OH,8,OP,D,N,, , ,FD,1.2, ,DP,TH,1978,NC,,,NC,,,FD,0.7,NP,TH,1978,SR,OV,LN,NC,,,FD,0.1,PB,NV,1978,, ,,,,,,
3542,Duke Energy Ohio Inc,6019,W H Zimmer,OH,1,OP,Da,N,, , ,ST,0.548,1,DP,MO,1991,IF,,,NC,,,FD,0.6,NP,MO,1991,SR,OV,LN,NC,,,ST,0.025,PB,NV,1991,, ,,,,,,
3549,Choctaw Gas Generating Pro LLC,55694,Quantum Choctaw Power LLC,MS,HSG1,OP,Db,Y,0400-00019,12,2001,ST, , ,DH,OH,2006,NC,,,NC,,,ST, ,NH,DA,2006,NH3,SR,,NH3,,,ST,10,OP,SM,2006,ST,2006,,,,,,
3549,Choctaw Gas Generating Pro LLC,55694,Quantum Choctaw Power LLC,MS,HSG2,OP,Db,Y,0400-00019,12,2001,ST, , ,DH,OH,2006,NC,,,NC,,,ST, ,NH,DA,2006,NH3,SR,,NH3,,,ST,10,OP,SM,2006,ST,2006,,,,,,
3593,"Choctaw Generation L.P, L.L.L.P.",55076,Red Hills Generating Facility,MS,AA001,OP,Da,Y,0400-00011,8,1998,FD,0.25,1,DP,DA,2002,CF,OT,,NC,,,FD,0.2,NP,DA,2002,CF,OT,,NC,,,ST,0.015,PB,DA,2002,FD,2016,BP,LIJ,OT,BP,LIJ,ACI
3593,"Choctaw Generation L.P, L.L.L.P.",55076,Red Hills Generating Facility,MS,AA002,OP,Da,Y,0400-00011,8,1998,FD,0.25,1,DP,DA,2002,CF,OT,,NC,,,FD,0.2,NP,DA,2002,CF,OT,,NC,,,ST,0.015,PB,DA,2002,FD,2016,BP,LIJ,OT,BP,LIJ,ACI
3599,Citizens Thermal Energy,992,CC Perry K,IN,11,OP,N,,, , ,ST, , ,,, ,,,,,,,, ,,, ,,,,,,,, ,,, ,, ,,,,,,
3599,Citizens Thermal Energy,992,CC Perry K,IN,12,OP,N,,, , ,ST, , ,,, ,,,,,,,, ,,, ,,,,,,,, ,,, ,, ,,,,,,
3599,Citizens Thermal Energy,992,CC Perry K,IN,13,OP,N,,, , ,ST, , ,,, ,,,,,,,, ,,, ,,,,,,,, ,,, ,, ,,,,,,
3599,Citizens Thermal Energy,992,CC Perry K,IN,14,OP,N,,, , ,ST, , ,,, ,,,,,,,, ,,, ,,,,,,,, ,,, ,, ,,,,,,
3599,Citizens Thermal Energy,992,CC Perry K,IN,15,OP,N,,, , ,ST, , ,,, ,,,,,,,, ,,, ,,,,,,,, ,,, ,, ,,,,,,
3599,Citizens Thermal Energy,992,CC Perry K,IN,16,OP,N,,, , ,ST, , ,,, ,,,,,,,, ,,, ,,,,,,,, ,,, ,, ,,,,,,
3599,Citizens Thermal Energy,992,CC Perry K,IN,17,OP,N,,, , ,ST, , ,,, ,,,,,,,, ,,, ,,,,,,,, ,,, ,, ,,,,,,
3599,Citizens Thermal Energy,992,CC Perry K,IN,18,OP,N,,, , ,ST, , ,,, ,,,,,,,, ,,, ,,,,,,,, ,,, ,, ,,,,,,
3660,PUD No 1 of Clark County - (WA),7605,River Road Gen Plant,WA,1,OP,,,, , ,, , ,,, ,,,,,,,, ,,, ,,,,,,,, ,,, ,, ,,,,,,
3670,Phelps Dodge Corp-Chino Mines,54667,Chino Mines,NM,9,SB,N,,, , ,, , ,,, ,,,,,,,, ,,, ,,,,,,,, ,,, ,, ,,,,,,
3702,Clarksdale Public Utilities,2059,L L Wilkins,MS,7,OP,,,, , ,, , ,,, ,,,,,,,, ,,, ,,,,,,,, ,,, ,, ,,,,,,
3702,Clarksdale Public Utilities,2059,L L Wilkins,MS,8,OP,,,, , ,, , ,,, ,,,,,,,, ,,, ,,,,,,,, ,,, ,, ,,,,,,
3737,Cleco Evangeline LLC,1396,Coughlin Power Station,LA,6-1,OP,Db,Y,PSD LA-635(M-1),12,1999,FD, , ,DM,NV,2000,NC,,,NC,,,FD, ,NM,NV,2000,SR,,,SR,,,FD,0.6,PB,NV,2000,, ,,,,,,
3737,Cleco Evangeline LLC,1396,Coughlin Power Station,LA,7-1,OP,Db,Y,PSD LA-635(M-1),12,1999,FD, , ,DM,NV,2000,NC,,,NC,,,FD, ,NM,NV,2000,LN,SR,,LN,SR,,FD,0.6,PB,NV,2000,, ,,,,,,
3737,Cleco Evangeline LLC,1396,Coughlin Power Station,LA,7-2,OP,Db,Y,PSD LA-635(M-1),12,1999,FD, , ,DM,NV,2000,NC,,,NC,,,FD, ,NM,NV,2000,LN,SR,,LN,SR,,FD,0.6,PB,NV,2000,, ,,,,,,
3807,Cleveland Cliffs Inc,10849,Silver Bay Power,MN,BLR1,OP,N,N,, , ,FD, , ,DP,YR,1990,NC,,,NC,,,, ,,, ,,,,,,,FD,0.6,PB,SM,1990,, ,,,,,,
3807,Cleveland Cliffs Inc,10849,Silver Bay Power,MN,BLR2,OP,N,N,, , ,FD, , ,DP,YR,1989,NC,,,NC,,,, ,,, ,,,,,,,FD,0.6,PB,SM,1989,, ,,,,,,
3836,CMS Generation Operating LLC,10822,Grayling Generating Station,MI,BOIL1,OP,N,,, , ,, , ,,, ,,,,,,,, ,,, ,,,,,,,, ,,, ,, ,,,,,,
3836,CMS Generation Operating LLC,54751,Genesee Power Station LP,MI,BLR1,OP,N,,, , ,, , ,,, ,,,,,,,, ,,, ,,,,,,,, ,,, ,, ,,,,,,
3837,CMS Generation Operating Co II,10525,Craven County Wood Energy LP,NC,4A,OP,,,, , ,, , ,,, ,,,,,,,, ,,, ,,,,,,,, ,,, ,, ,,,,,,
3890,EFS Cogen Holdings I LLC,50006,Linden Cogen Plant,NJ,HRSG1,OP,Da,Y,105154,12,1990,ST,0.053, ,DP,NV,1992,NC,,,NC,,,ST,0.1,NP,PS,1992,LN,SR,MS,MS,,,FD,0.03,PB,PS,1992,, ,,,,,,
3890,EFS Cogen Holdings I LLC,50006,Linden Cogen Plant,NJ,HRSG2,OP,Da,Y,105153,12,1990,ST,0.053, ,DP,NV,1992,NC,,,NC,,,ST,0.1,NP,PS,1992,LN,SR,MS,MS,,,FD,0.03,PB,PS,1992,, ,,,,,,
3890,EFS Cogen Holdings I LLC,50006,Linden Cogen Plant,NJ,HRSG3,OP,Da,Y,105152,12,1990,ST,0.053, ,DP,NV,1992,NC,,,NC,,,ST,0.1,NP,PS,1992,LN,SR,MS,MS,,,FD,0.03,PB,PS,1992,, ,,,,,,
3890,EFS Cogen Holdings I LLC,50006,Linden Cogen Plant,NJ,HRSG4,OP,Da,Y,112637,12,1990,ST,0.053, ,DP,NV,1992,NC,,,NC,,,ST,0.1,NP,PS,1992,LN,SR,MS,MS,,,FD,0.03,PB,PS,1992,, ,,,,,,
3890,EFS Cogen Holdings I LLC,50006,Linden Cogen Plant,NJ,HRSG5,OP,Da,Y,105151,12,1990,ST,0.053, ,DP,NV,1992,NC,,,NC,,,ST,0.1,NP,PS,1992,LN,SR,MS,MS,,,FD,0.03,PB,PS,1992,, ,,,,,,
3892,City of Coffeyville - (KS),1271,Coffeyville,KS,4,OP,N,,, , ,, , ,,, ,,,,,,,, ,,, ,,,,,,,, ,,, ,, ,,,,,,
3892,City of Coffeyville - (KS),1271,Coffeyville,KS,5,OP,N,,, , ,, , ,,, ,,,,,,,, ,,, ,,,,,,,, ,,, ,, ,,,,,,
3953,Collins Pine Co,10661,Collins Pine Project,CA,4,OP,N,,, , ,, , ,,, ,,,,,,,, ,,, ,,,,,,,, ,,, ,, ,,,,,,
3989,City of Colorado Springs - (CO),492,Martin Drake,CO,5,OP,N,N,, , ,ST,1.2, ,DP,TH,1976,SS,WA,,SS,WA,,FD,0.46,NP,YR,2000,LN,,,LN,,,ST,0.03,PB,DT,1976,ST,2008,BR,,,BR,,
3989,City of Colorado Springs - (CO),492,Martin Drake,CO,6,OP,N,N,, , ,ST,1.2, ,DP,TH,1976,SS,WA,,SS,WA,,FD,0.46,NP,YR,2000,LN,,,LN,,,ST,0.03,PB,DT,1976,ST,2008,BR,,,BR,,
3989,City of Colorado Springs - (CO),492,Martin Drake,CO,7,OP,N,N,, , ,ST,1.2, ,DP,TH,1976,SS,WA,,SS,WA,,FD,0.46,NP,YR,2000,LN,,,LN,,,ST,0.03,PB,DT,1976,ST,2008,BR,,,BR,,
3989,City of Colorado Springs - (CO),493,George Birdsall,CO,1,OP,,,, , ,, , ,,, ,,,,,,,, ,,, ,,,,,,,, ,,, ,, ,,,,,,
3989,City of Colorado Springs - (CO),493,George Birdsall,CO,2,OP,N,,, , ,, , ,,, ,,,,,,,, ,,, ,,,,,,,, ,,, ,, ,,,,,,
3989,City of Colorado Springs - (CO),493,George Birdsall,CO,3,OP,N,,, , ,, , ,,, ,,,,,,,, ,,, ,,,,,,,, ,,, ,, ,,,,,,
3989,City of Colorado Springs - (CO),8219,Ray D Nixon,CO,1,OP,D,N,, , ,ST,1.2, ,DP,TH,1980,SS,WA,,SS,WA,,FD,0.46,NP,YR,1996,LN,,,LN,,,ST,0.03,PB,DT,1980,ST,2008,BR,,,BR,,
3989,City of Colorado Springs - (CO),55283,Front Range Power Plant,CO,HRSG1,OP,Da,Y,99EP0851,9,2002,ST,0.2, ,DP,MO,2002,NC,WA,,NC,WA,,ST,1.6,OT,MO,2002,LN,,,LN,,,ST,0.03,PB,NS,2002,, ,,,,,,
3989,City of Colorado Springs - (CO),55283,Front Range Power Plant,CO,HRSG2,OP,Da,Y,99EP0851,9,2002,ST,0.2, ,DP,MO,2002,NC,WA,,NC,WA,,ST,1.6,OT,MO,2002,LN,,,LN,,,ST,0.03,PB,NS,2002,, ,,,,,,
3998,Desert View Power Inc,10300,Desert View Power,CA,BLR1,OP,N,,, , ,, , ,,, ,,,,,,,FD,94,NM,TH,1992,SN,,,,,,, ,,, ,,1992,,,,,,
3998,Desert View Power Inc,10300,Desert View Power,CA,BLR2,OP,N,,, , ,, , ,,, ,,,,,,,, ,,, ,SN,,,,,,, ,,, ,, ,,,,,,
4028,Columbia Energy LLC,55386,Columbia Energy Center (SC),SC,DB1,OP,Db,N,, , ,FD, , ,DH,OH,2004,NC,,,NC,,,FD,3.5,NM,TH,2004,LN,SR,,NC,SR,,FD,29.3,PH,OH,2004,, ,,,,,,
4028,Columbia Energy LLC,55386,Columbia Energy Center (SC),SC,DB2,OP,Db,N,, , ,FD, , ,DH,OH,2004,NC,,,NC,,,FD,3.5,NM,TH,2004,LN,SR,,NC,SR,,FD,29.3,PH,OH,2004,, ,,,,,,
4045,City of Columbia - (MO),2123,Columbia (MO),MO,6,OP,,,, , ,, , ,,, ,,,,,,,ST,0.8,NP,YR,2015,MS,,,BO,,,, ,,, ,, ,BR,,,ND,,
4045,City of Columbia - (MO),2123,Columbia (MO),MO,7,OP,,,, , ,, , ,,, ,,,,,,,ST,0.8,NP,YR,2015,MS,,,BO,,,, ,,, ,, ,BR,,,ND,,
4045,City of Columbia - (MO),2123,Columbia (MO),MO,8,SB,,,, , ,ST, , ,,, ,,,,,,,ST,0.8,NP,YR,2015,MS,,,LN,FR,,, ,,, ,, ,,,,ND,,
4129,Colmac Clarion Inc,54144,Piney Creek Project,PA,BRBR1,OP,N,,, , ,, , ,,, ,,,,,,,ST,0.192,NP,MO,1992,NH3,,,NH3,,,, ,,, ,, ,BP,,,ND,,
4161,Constellation Power Source Gen,1553,Gould Street,MD,3,OP,N,N,, , ,ST, , ,SU,NV,1971,SS,,,SS,,,ST, ,OT,YR,2008,LN,,,LN,,,ST,0.02,PC,PS,1971,FD,2020,,,,,,
4161,Constellation Power Source Gen,1559,Riverside (MD),MD,4,OP,N,,, , ,, , ,,, ,,,,,,,, ,,, ,,,,,,,, ,,, ,, ,,,,,,
4210,Cordova Energy Co LLC,55188,Cordova Energy,IL,HRSG11,OP,,,, , ,, , ,,, ,,,,,,,, ,,, ,,,,,,,, ,,, ,, ,,,,,,
4210,Cordova Energy Co LLC,55188,Cordova Energy,IL,HRSG21,OP,,,, , ,, , ,,, ,,,,,,,, ,,, ,,,,,,,, ,,, ,, ,,,,,,
4217,Colstrip Energy LP,10784,Colstrip Energy LP,MT,BLR1,OP,N,,, , ,, , ,,, ,,,,,,,ST,328,NH,OH,1990,CF,,,NC,,,, ,,, ,ST,2009,ACI,,,ACI,,
4222,Ingredion Inc - Illinois,54556,Ingredion Incorporated,IL,BLR1,RE,N,,, , ,, , ,,, ,,,,,,,, ,,, ,,,,,,,, ,,, ,, ,,,,,,
4222,Ingredion Inc - Illinois,54556,Ingredion Incorporated,IL,BLR10,OP,,,, , ,, , ,,, ,,,,,,,, ,,, ,,,,,,,, ,,, ,, ,,,,,,
4222,Ingredion Inc - Illinois,54556,Ingredion Incorporated,IL,BLR2,RE,N,,, , ,, , ,,, ,,,,,,,, ,,, ,,,,,,,, ,,, ,, ,,,,,,
4222,Ingredion Inc - Illinois,54556,Ingredion Incorporated,IL,BLR3,RE,N,,, , ,, , ,,, ,,,,,,,, ,,, ,,,,,,,, ,,, ,, ,,,,,,
4222,Ingredion Inc - Illinois,54556,Ingredion Incorporated,IL,BLR5,OP,N,,, , ,, , ,,, ,,,,,,,, ,,, ,,,,,,,, ,,, ,, ,,,,,,
4222,Ingredion Inc - Illinois,54556,Ingredion Incorporated,IL,BLR6,OP,N,,, , ,, , ,,, ,,,,,,,, ,,, ,LN,FR,,FR,,,, ,,, ,, ,,,,,,
4222,Ingredion Inc - Illinois,54556,Ingredion Incorporated,IL,BLR7,OP,,,, , ,, , ,,, ,,,,,,,, ,,, ,LN,FR,,LN,,,, ,,, ,, ,,,,,,
4226,Consolidated Edison Co-NY Inc,2493,East River,NY,60,OP,N,N,, , ,ST, , ,SU,NV,1972,NC,,,NC,,,LO, ,NM,NV,1995,OV,LA,,LN,,,ST,0.1,PB,NV,1973,, ,,,,,,
4226,Consolidated Edison Co-NY Inc,2493,East River,NY,70,OP,N,N,, , ,ST, , ,SU,NV,1972,NC,,,NC,,,LO, ,NM,NV,1995,OV,FR,,LN,,,ST,0.1,PB,NV,1973,, ,,,,,,
4254,Consumers Energy Co,1695,B C Cobb,MI,1,SC,Da,Y,353-99,12,1999,FD, , ,,,2013,SS,RP,,NC,,,FD,0.1,NP,DA,2000,LN,OV,,NC,,,FD,0.03,PB,PS,2000,FD,1970,ND,,,ND,,
4254,Consumers Energy Co,1695,B C Cobb,MI,2,SC,Da,Y,353-99,12,1999,FD, , ,,,2013,SS,RP,,NC,,,FD,0.1,NP,DA,1999,LN,OV,,NC,,,FD,0.03,PB,PS,1999,FD,1970,ND,,,ND,,
4254,Consumers Energy Co,1695,B C Cobb,MI,3,SC,Da,Y,353-99,12,1999,FD, , ,,,2013,SS,RP,,NC,,,FD,0.1,NP,DA,2000,LN,OV,,NC,,,FD,0.03,PB,PS,2000,FD,1970,ND,,,ND,,
4254,Consumers Energy Co,1695,B C Cobb,MI,4,OP,N,N,, , ,ST,1.67, ,DP,MO,1985,SS,,,UE,US,,FD,0.4,NP,YR,1997,NC,,,NC,,,ST,0.18,PG,PS,1971,FD,1970,EK,,,EK,,
4254,Consumers Energy Co,1695,B C Cobb,MI,5,OP,N,N,, , ,ST,1.67, ,DP,MO,1985,SS,,,UE,US,,FD,0.4,NP,YR,1997,LN,OV,,NC,,,ST,0.18,PG,PS,1971,FD,1970,EK,,,EK,,
4254,Consumers Energy Co,1702,Dan E Karn,MI,1,OP,N,N,, , ,ST,1.67, ,DP,MO,1980,SS,,,IF,,,FD,0.4,NP,YR,2000,SR,,,NC,,,ST,0.16,PG,PS,1971,,2015,,,,ACI,,
4254,Consumers Energy Co,1702,Dan E Karn,MI,2,OP,N,N,, , ,ST,1.67, ,DP,MO,1980,SS,,,IF,,,FD,0.46,NP,YR,2000,LN,SR,OV,NC,,,ST,0.16,PG,PS,1971,,2015,,,,ACI,,
4254,Consumers Energy Co,1702,Dan E Karn,MI,3,OP,N,N,, , ,ST,1.11, ,DP,MO,1971,NC,,,IF,,,ST,0.45,NP,DA,2000,LN,OV,,LN,OV,,ST,0.1,PG,PS,1971,FD,1959,,,,,,
4254,Consumers Energy Co,1702,Dan E Karn,MI,4,OP,N,N,, , ,ST,1.11, ,DP,MO,1971,NC,,,IF,,,ST,0.45,NP,DA,1993,LN,OV,,LN,OV,,ST,0.1,PG,PS,1971,FD,1959,,,,,,
4254,Consumers Energy Co,1710,J H Campbell,MI,1,OP,N,N,, , ,ST,1.67, ,DP,MO,1988,SS,,,IF,,,FD,0.4,NP,YR,1996,LN,OV,,NC,,,ST,0.16,PG,PS,1971,,2016,,,,ACI,,
4254,Consumers Energy Co,1710,J H Campbell,MI,2,OP,N,N,, , ,ST,1.67, ,DP,MO,1988,SS,,,IF,,,FD,0.68,NP,YR,2000,LN,SR,,NC,,,ST,0.15,PG,PS,1971,,2016,,,,ACI,,
4254,Consumers Energy Co,1710,J H Campbell,MI,3,OP,D,N,, , ,FD,1.2, ,DP,TH,1980,SS,,,NC,,,FD,0.7,NP,TH,1980,LN,OV,SR,NC,,,FD,0.1,PB,PS,1980,,2016,,,,ACI,,
4254,Consumers Energy Co,1720,J C Weadock,MI,7,OP,N,N,, , ,ST,1.67, ,DP,MO,1980,SS,,,UE,US,,FD,0.4,NP,YR,1997,LN,,,LN,,,ST,0.18,PG,PS,1971,FD,1971,EK,,,EK,,
4254,Consumers Energy Co,1720,J C Weadock,MI,8,OP,N,N,, , ,ST,1.67, ,DP,MO,1980,SS,,,UE,US,,FD,0.4,NP,YR,1997,LN,,,LN,,,ST,0.18,PG,PS,1971,FD,1971,EK,,,EK,,
4254,Consumers Energy Co,1723,J R Whiting,MI,1,OP,N,N,, , ,ST,1.67, ,DP,MO,1980,SS,,,UE,US,,FD,0.46,NP,YR,1997,LN,,,NC,,,ST,0.2,PG,PS,1971,FD,1973,EK,,,EK,,
4254,Consumers Energy Co,1723,J R Whiting,MI,2,OP,N,N,, , ,ST,1.67, ,DP,MO,1980,SS,,,UE,US,,FD,0.46,NP,YR,1997,LN,,,NC,,,ST,0.2,PG,PS,1971,FD,1973,EK,,,EK,,
4254,Consumers Energy Co,1723,J R Whiting,MI,3,OP,N,N,, , ,ST,1.67, ,DP,MO,1980,SS,,,UE,US,,FD,0.46,NP,YR,1997,LN,,,NC,,,ST,0.19,PG,PS,1971,FD,1973,EK,,,EK,,
4254,Consumers Energy Co,55087,Zeeland Generating Station,MI,2A,OP,Da,Y,267-98A,1,2003,FD,0.2, ,DP,OT,2002,NC,,,NC,,,ST,0.013,NP,DA,2002,LN,SR,,SR,,,FD,0.03,PB,PS,2002,FD,2004,,,,,,
4254,Consumers Energy Co,55087,Zeeland Generating Station,MI,2B,OP,Da,Y,267-98A,1,2003,FD,0.2, ,DP,OT,2002,NC,,,NC,,,ST,0.013,NP,DA,2002,LN,SR,,SR,,,FD,0.03,PB,PS,2002,FD,2004,,,,,,
4363,Corn Belt Power Coop,1217,Earl F Wisdom,IA,1,OP,,,, , ,, , ,,, ,,,,,,,ST,0.59,NP,YR,1998,LN,,,LN,,,, ,,, ,ST,2010,,,,,,
4383,Corpus Christi Cogeneration LLC,55206,Corpus Christi Energy Center,TX,HRSG1,OP,Db,N,, , ,ST,48.35, ,DH,OH,2002,OT,,,NC,,,ST,164.75,NH,OH,2002,MS,,,NC,,,ST,35.9,PH,PS,2002,, ,,,,,,
4383,Corpus Christi Cogeneration LLC,55206,Corpus Christi Energy Center,TX,HRSG2,OP,Db,N,, , ,ST,48.35, ,DH,OH,2002,OT,,,NC,,,ST,164.75,NH,OH,2002,MS,,,NC,,,ST,35.9,PH,PS,2002,, ,,,,,,
4405,Cottonwood Energy Co LP,55358,Cottonwood Energy Project,TX,FB1,OP,Da,Y,43890/PSD-TX-965,8,2005,ST,4.5,0,DH,NV,2003,NC,NC,NC,NC,NC,NC,ST,5,NH,NV,2003,NC,NC,NC,NC,NC,NC,ST,6.8,PH,NV,2003,ST, ,,,,,,
4405,Cottonwood Energy Co LP,55358,Cottonwood Energy Project,TX,FB2,OP,Da,Y,43890/PSD-TX-965,8,2005,ST, , ,DH,NV,2003,NC,NC,NC,NC,NC,NC,ST, ,NH,NV,2003,NC,NC,NC,NC,NC,NC,ST,6.8,PH,NV,2003,ST, ,,,,,,
4405,Cottonwood Energy Co LP,55358,Cottonwood Energy Project,TX,FB3,OP,Da,Y,43890/PSD-TX-965,8,2005,ST, , ,DH,NV,2003,NC,NC,NC,NC,NC,NC,ST, ,NH,NV,2003,NC,NC,NC,NC,NC,NC,ST,6.8,PH,NV,2003,ST, ,,,,,,
4405,Cottonwood Energy Co LP,55358,Cottonwood Energy Project,TX,FB4,OP,Da,Y,43890/PSD-TX-965,8,2005,ST, , ,DH,NV,2003,NC,NC,NC,NC,NC,NC,ST, ,NH,NV,2003,NC,NC,NC,NC,NC,NC,ST,6.8,PH,NV,2003,ST, ,,,,,,
4425,Covanta Fairfax Inc,50658,Covanta Fairfax Energy,VA,1,OP,N,N,, , ,FD,29,1,DM,DA,2001,NC,,,NC,,,FD,205,NM,DA,2001,SN,,,SN,,,FD,10,OP,SM,2001,FD,2001,BP,SD,ACI,BP,SD,ACI
4425,Covanta Fairfax Inc,50658,Covanta Fairfax Energy,VA,2,OP,N,N,, , ,FD,29,1,DM,DA,2001,NC,,,NC,,,FD,205,NM,DA,2001,SN,,,SN,,,FD,10,OP,SM,2001,FD,2001,BP,SD,ACI,BP,SD,ACI
4425,Covanta Fairfax Inc,50658,Covanta Fairfax Energy,VA,3,OP,N,N,, , ,FD,29,1,DM,DA,2001,NC,,,NC,,,FD,205,NH,DA,2001,SN,,,SN,,,FD,10,OP,SM,2001,FD,2001,BP,SD,ACI,BP,SD,ACI
4425,Covanta Fairfax Inc,50658,Covanta Fairfax Energy,VA,4,OP,N,N,, , ,FD,29,1,DM,DA,2001,NC,,,NC,,,FD,205,NM,DA,2001,SN,,,SN,,,FD,10,OP,SM,2001,FD,2001,BP,SD,ACI,BP,SD,ACI
4426,NAES Corp,54945,CT Resource Rec Authority Facility,CT,11,OP,N,,, , ,, , ,,, ,,,,,,,, ,,, ,,,,,,,, ,,, ,, ,,,,,,
4426,NAES Corp,54945,CT Resource Rec Authority Facility,CT,12,OP,N,,, , ,, , ,,, ,,,,,,,, ,,, ,,,,,,,, ,,, ,, ,,,,,,
4426,NAES Corp,54945,CT Resource Rec Authority Facility,CT,13,OP,N,,, , ,, , ,,, ,,,,,,,, ,,, ,,,,,,,, ,,, ,, ,,,,,,
4427,Covanta Projects LP,50664,Covanta Wallingford Energy,CT,B101,OP,N,,, , ,FD,29,1,DM,DA,1989,,,,,,,ST,177,NM,DA,1989,NC,NC,NC,NC,NC,NC,FD, ,,, ,FD,1989,ACI,ACI,ACI,ACI,ACI,ACI
4427,Covanta Projects LP,50664,Covanta Wallingford Energy,CT,B102,OP,N,,, , ,, , ,,, ,,,,,,,, ,,, ,,,,,,,, ,,, ,, ,,,,,,
4427,Covanta Projects LP,50664,Covanta Wallingford Energy,CT,B103,OP,N,,, , ,, , ,,, ,,,,,,,, ,,, ,,,,,,,, ,,, ,, ,,,,,,
4435,Covanta Energy Co,10013,Covanta Hennepin Energy,MN,1,OP,N,,, , ,, , ,,, ,,,,,,,FD,205,NM,DA,1989,AA,,,MS,,,, ,,, ,FD,1989,ACI,SD,BR,,,
4435,Covanta Energy Co,10013,Covanta Hennepin Energy,MN,2,OP,N,,, , ,, , ,,, ,,,,,,,FD,205,NM,DA,1989,AA,,,MS,,,FD, ,,, ,FD,1989,ACI,SD,BR,,,
4440,Covanta Union Operations LLC,50960,Union County Resource Recovery,NJ,UNIT1,OP,N,,, , ,, , ,,, ,,,,,,,, ,,, ,,,,,,,, ,,, ,, ,,,,,,
4440,Covanta Union Operations LLC,50960,Union County Resource Recovery,NJ,UNIT2,OP,N,,, , ,, , ,,, ,,,,,,,, ,,, ,,,,,,,, ,,, ,, ,,,,,,
4440,Covanta Union Operations LLC,50960,Union County Resource Recovery,NJ,UNIT3,OP,N,,, , ,, , ,,, ,,,,,,,, ,,, ,,,,,,,, ,,, ,, ,,,,,,
4447,Covanta Lancaster Inc,50859,Lancaster County Resource Recovery,PA,BLR1,OP,N,,, , ,ST, , ,,, ,,,,,,,ST,180,NM,DA,1998,SN,,,MS,,,, ,,, ,ST,1998,ACI,,,,,
4447,Covanta Lancaster Inc,50859,Lancaster County Resource Recovery,PA,BLR2,OP,N,,, , ,ST, , ,,, ,,,,,,,ST,180,NM,DA,1998,SN,,,MS,,,, ,,, ,ST,1998,ACI,,,,,
4447,Covanta Lancaster Inc,50859,Lancaster County Resource Recovery,PA,BLR3,OP,N,,, , ,ST, , ,,, ,,,,,,,ST,180,NM,DA,1991,SN,,,MS,,,, ,,, ,ST,1991,ACI,,,,,
4458,Covanta Warren Energy Resource Co LP,10012,Covanta Warren Energy,NJ,1,OP,,,, , ,, , ,,, ,,,,,,,, ,,, ,,,,,,,, ,,, ,, ,,,,,,
4458,Covanta Warren Energy Resource Co LP,10012,Covanta Warren Energy,NJ,2,OP,,,, , ,, , ,,, ,,,,,,,, ,,, ,,,,,,,, ,,, ,, ,,,,,,
4464,Crockett Cogeneration,55084,Crockett Cogen Project,CA,HRSG1,OP,Da,Y,A8664,11,2008,LO, ,0,DH,DA,1995,NC,,,NC,,,LO, ,NH,TH,1995,NH3,,,NH3,,,LO,329.1,PH,DA,1995,ST,1995,,,,,,
4474,Covanta Bristol Inc,50648,Covanta Bristol Energy,CT,UNIT1,OP,N,,, , ,FD, , ,,, ,,,,,,,, ,,, ,,,,,,,, ,,, ,, ,,,,,,
4474,Covanta Bristol Inc,50648,Covanta Bristol Energy,CT,UNIT2,OP,N,,, , ,, , ,,, ,,,,,,,, ,,, ,,,,,,,, ,,, ,, ,,,,,,
4476,Covanta Marion Inc,50630,Covanta Marion Inc,OR,BLR1,OP,N,,, , ,ST, , ,,, ,,,,,,,ST, ,,, ,,,,NH3,,,, ,,, ,, ,,,,,,
4476,Covanta Marion Inc,50630,Covanta Marion Inc,OR,BLR2,OP,,,, , ,, , ,,, ,,,,,,,, ,,, ,,,,,,,, ,,, ,, ,,,,,,
4482,Covanta Lake Inc,50629,Covanta Lake County Energy,FL,1,OP,N,,, , ,FD, , ,,, ,,,,,,,FD,205,NM,DA,2000,NH3,SN,,NH3,SN,,FD,25,OT,, ,FD,2000,SD,BP,,SD,BP,
4482,Covanta Lake Inc,50629,Covanta Lake County Energy,FL,2,OP,N,,, , ,FD, , ,,, ,,,,,,,FD,205,NM,DA,2000,NH3,SN,,NH3,SN,,FD,25,OT,, ,FD,2000,SD,BP,,SD,BP,
4484,Covanta Babylon Inc,50649,Covanta Babylon Inc,NY,1,OP,N,,, , ,, , ,,, ,,,,,,,ST,150,NH,DA,1989,SN,,,SN,,,, ,,, ,ST,1989,ACI,,,ACI,,
4484,Covanta Babylon Inc,50649,Covanta Babylon Inc,NY,2,OP,N,,, , ,, , ,,, ,,,,,,,ST,150,NM,DA,1989,SN,,,SN,,,, ,,, ,ST,1989,ACI,,,ACI,,
4487,Covanta Onondega LP,50662,Onondaga County Resource Recovery,NY,UNIT1,OP,N,,, , ,ST, , ,,, ,,,,,,,ST,180,NM,DA,1995,NH3,,,NH3,,,, ,,, ,ST,1995,ACI,SD,BP,ACI,SD,BP
4487,Covanta Onondega LP,50662,Onondaga County Resource Recovery,NY,UNIT2,OP,N,,, , ,, , ,,, ,,,,,,,ST,180,NM,DA,1995,NH3,,,NH3,,,, ,,, ,ST,1995,ACI,SD,BP,ACI,SD,BP
4487,Covanta Onondega LP,50662,Onondaga County Resource Recovery,NY,UNIT3,OP,N,,, , ,, , ,,, ,,,,,,,ST,180,NM,DA,1995,NH3,,,NH3,,,, ,,, ,ST,1995,ACI,SD,BP,ACI,SD,BP
4496,Covanta Alexandria/Arlington,50663,Covanta Alexandria/Arlington Energy,VA,B100,OP,N,,, , ,, , ,,, ,,,,,,,, ,,, ,,,,,,,, ,,, ,, ,,,,,,
4496,Covanta Alexandria/Arlington,50663,Covanta Alexandria/Arlington Energy,VA,B200,OP,N,,, , ,, , ,,, ,,,,,,,, ,,, ,,,,,,,, ,,, ,, ,,,,,,
4496,Covanta Alexandria/Arlington,50663,Covanta Alexandria/Arlington Energy,VA,B300,OP,N,,, , ,, , ,,, ,,,,,,,, ,,, ,,,,,,,, ,,, ,, ,,,,,,
4498,Covanta Stanislaus Inc,50632,Covanta Stanislaus Energy,CA,1,OP,,,, , ,LO, , ,,, ,,,,,,,LO,100,NH,OH,1989,NC,,,AA,NH3,,, ,,, ,LO,2001,BP,SD,ACI,BP,SD,ACI
4498,Covanta Stanislaus Inc,50632,Covanta Stanislaus Energy,CA,2,OP,,,, , ,, , ,,, ,,,,,,,LO,100,NH,OH,1989,NC,,,AA,NH3,,LO, ,,, ,LO,2001,BP,SD,ACI,BP,SD,ACI
4508,"Crawfordsville Elec, Lgt & Pwr",1024,Crawfordsville,IN,5,OP,N,,, , ,ST, , ,,, ,,,,,,,, ,,, ,,,,,,,ST,0.8,PB,, ,, ,,,,,,
4508,"Crawfordsville Elec, Lgt & Pwr",1024,Crawfordsville,IN,6,OP,N,,, , ,, , ,,, ,,,,,,,, ,,, ,,,,,,,, ,,, ,, ,,,,,,
4538,Crisp County Power Comm,753,Crisp Plant,GA,ST,OP,N,,, , ,, , ,,, ,,,,,,,, ,,, ,,,,,,,, ,,, ,, ,,,,,,
4580,Georgia-Pacific LLC,10606,Georgia-Pacific Crossett,AR,10A,OP,N,,, , ,, , ,,, ,,,,,,,ST,133.8,NH,OH,1985,MS,,,,,,, ,,, ,ST,1985,VE,,,,,
4580,Georgia-Pacific LLC,10606,Georgia-Pacific Crossett,AR,5A,SB,N,,, , ,, , ,,, ,,,,,,,ST,74,NH,OH,1953,MS,,,,,,, ,,, ,ST, ,,,,,,
4580,Georgia-Pacific LLC,10606,Georgia-Pacific Crossett,AR,6A,SB,N,,, , ,, , ,,, ,,,,,,,ST,120,NH,OH,1962,MS,,,,,,, ,,, ,ST, ,,,,,,
4580,Georgia-Pacific LLC,10606,Georgia-Pacific Crossett,AR,8R,OP,N,,, , ,, , ,,, ,,,,,,,ST,276,NH,OH,1981,MS,,,,,,, ,,, ,ST,1981,EW,,,,,
4580,Georgia-Pacific LLC,10606,Georgia-Pacific Crossett,AR,9A,OP,D,,, , ,, , ,,, ,,,,,,,ST,196,NH,OH,1973,MS,,,,,,, ,,, ,ST,1973,VE,,,,,
4660,CII Carbon LLC,54677,CII Carbon LLC,LA,HRB,OP,N,,, , ,, , ,,, ,,,,,,,ST,90,NH,TH,2010,NC,,,NC,,,ST, ,,, ,, ,,,,,,
4716,Dairyland Power Coop,4140,Alma,WI,B1,RE,N,N,, , ,ST, , ,OT,DA,1988,,,,,,,, ,,, ,,,,,,,ST,0.6,OT,NV,1974,, ,,,,,,
4716,Dairyland Power Coop,4140,Alma,WI,B2,RE,N,N,, , ,ST, , ,OT,DA,1988,,,,,,,, ,,, ,,,,,,,ST,0.6,OT,NV,1974,, ,,,,,,
4716,Dairyland Power Coop,4140,Alma,WI,B3,RE,N,N,, , ,ST, , ,OT,DA,1988,,,,,,,, ,,, ,,,,,,,ST,0.6,OT,NV,1974,, ,,,,,,
4716,Dairyland Power Coop,4140,Alma,WI,B4,OP,N,Y,606034110-P21,9,2009,ST,3.2, ,OT,DA,1987,NC,,,OT,,,FD,0.5,OT,YR,2000,LN,OV,SN,OT,,,ST,0.1,OT,PS,2009,ST,2011,EK,,,OT,,
4716,Dairyland Power Coop,4140,Alma,WI,B5,OP,N,Y,606034110-P21,9,2009,ST,3.2, ,OT,DA,1987,NC,,,OT,,,FD,0.5,OT,YR,2000,LN,OV,SN,OT,,,ST,0.1,OT,PS,2009,ST,2011,EK,,,OT,,
4716,Dairyland Power Coop,4143,Genoa,WI,1,OP,N,Y,663020930-P20,1,2009,ST,4.82, ,OT,DA,1987,IF,,,NC,,,FD,0.45,OT,YR,2000,LN,OV,,SN,,,ST,0.015,OT,PS,2009,ST,2011,BP,EK,SD,ACI,,
4716,Dairyland Power Coop,4271,John P Madgett,WI,B1,OP,D,Y,606034110-P21,9,2009,FD,1.2, ,OT,DA,1979,NC,,,IF,,,FD,0.5,OT,YR,2000,LN,,,SR,,,FD,0.1,OT,PS,1979,ST,2011,BP,EW,,ACI,,
4922,Dayton Power & Light Co,2848,O H Hutchings,OH,H-1,OP,N,N,, , ,ST,1.6,0,DP,MO,1982,UP,,,UP,,,, ,,, ,,,,,,,ST,0.1,PB,PS,1974,, ,,,,,,
4922,Dayton Power & Light Co,2848,O H Hutchings,OH,H-2,OP,N,N,, , ,ST,1.6,0,DP,MO,1982,UP,,,UP,,,, ,,, ,,,,,,,ST,0.1,PB,PS,1974,, ,,,,,,
4922,Dayton Power & Light Co,2848,O H Hutchings,OH,H-3,OP,N,N,, , ,ST,1.6,0,DP,MO,1982,UP,,,UP,,,, ,,, ,,,,,,,ST,0.1,PB,PS,1974,, ,,,,,,
4922,Dayton Power & Light Co,2848,O H Hutchings,OH,H-4,RE,N,N,, , ,ST,1.6,0,DP,MO,1982,UP,,,UP,,,, ,,, ,,,,,,,ST,0.1,PB,PS,1974,, ,,,,,,
4922,Dayton Power & Light Co,2848,O H Hutchings,OH,H-5,OP,N,N,, , ,ST,1.6,0,DP,MO,1982,UP,,,UP,,,, ,,, ,,,,,,,ST,0.1,PB,PS,1974,, ,,,,,,
4922,Dayton Power & Light Co,2848,O H Hutchings,OH,H-6,OP,N,N,, , ,ST,1.6, ,DP,MO,1982,UP,,,UP,,,, ,,, ,,,,,,,ST,0.1,PB,PS,1974,, ,,,,,,
4922,Dayton Power & Light Co,2850,J M Stuart,OH,1,OP,N,N,, , ,ST,3.16,1,DP,MO,1976,IF,,,NC,,,, ,,, ,,,,,,,ST,0.1,PB,PS,1983,, ,,,,,,
4922,Dayton Power & Light Co,2850,J M Stuart,OH,2,OP,N,N,, , ,ST,3.165,1,DP,MO,1976,IF,,,NC,,,, ,,, ,,,,,,,ST,0.1,PB,PS,1983,, ,,,,,,
4922,Dayton Power & Light Co,2850,J M Stuart,OH,3,OP,N,N,, , ,ST,3.16,1,DP,MO,1976,IF,,,NC,,,, ,,, ,,,,,,,ST,0.1,PB,PS,1983,, ,,,,,,
4922,Dayton Power & Light Co,2850,J M Stuart,OH,4,OP,N,N,, , ,ST,3.16,1,DP,MO,1976,IF,,,NC,,,, ,,, ,,,,,,,ST,0.1,PB,PS,1983,, ,,,,,,
4922,Dayton Power & Light Co,6031,Killen Station,OH,2,OP,D,N,, , ,ST,3.16,0,DP,TH,1982,SS,IF,,NC,,,FD,0.6,NP,TH,1982,LN,SR,,NC,,,ST,0.1,PB,PS,1982,, ,,,,,,
4945,Dearborn Industrial Gen Inc,55088,Dearborn Industrial Generation,MI,EUCTG1,OP,Db,,, , ,FD, , ,,,2001,NC,,,NC,,,FD, ,,,2001,NC,,,NC,,,FD, ,,,2001,FD,2001,ND,,,ND,,
4945,Dearborn Industrial Gen Inc,55088,Dearborn Industrial Generation,MI,EUCTG2,OP,Db,,, , ,FD, , ,,,2001,NC,,,NC,,,FD, ,,,2001,NC,,,NC,,,FD, ,,,2001,FD,2001,ND,,,ND,,
4945,Dearborn Industrial Gen Inc,55088,Dearborn Industrial Generation,MI,EUCTG3,OP,Db,,, , ,FD, , ,,,2001,NC,,,NC,,,FD, ,,,2001,NC,,,NC,,,FD, ,,,2001,FD,2001,ND,,,ND,,
4966,Casco Bay Energy Co LLC,55068,Maine Independence Station,ME,HRSG1,OP,,,, , ,, , ,,, ,,,,,,,, ,,, ,SR,,,,,,, ,,, ,, ,,,,,,
4966,Casco Bay Energy Co LLC,55068,Maine Independence Station,ME,HRSG2,OP,,,, , ,, , ,,, ,,,,,,,, ,,, ,SR,,,,,,, ,,, ,, ,,,,,,
4994,Deer Park Energy Center,55464,Deer Park Energy Center,TX,HRSG1,OP,Da,Y,45642,10,2009,ST,31.9, ,DH,OH,2003,SS,,,SS,,,ST,24.3,NH,OH,2003,SR,,,SR,,,ST,33.9,PH,OH,2003,,2003,OT,,,,,
4994,Deer Park Energy Center,55464,Deer Park Energy Center,TX,HRSG2,OP,Da,Y,45642,10,2009,ST,31.9, ,DH,OH,2003,SS,,,SS,,,ST,24.3,NH,OH,2003,SR,,,SR,,,ST,33.9,PH,OH,2003,,2003,OT,,,,,
4994,Deer Park Energy Center,55464,Deer Park Energy Center,TX,HRSG3,OP,Da,Y,45642,10,2009,ST,31.9, ,DH,OH,2004,SS,,,SS,,,ST,24.3,NH,OH,2004,SR,,,SR,,,ST,33.9,PH,OH,2004,,2004,OT,,,,,
4994,Deer Park Energy Center,55464,Deer Park Energy Center,TX,HRSG4,OP,Da,Y,45642,10,2009,ST,31.9, ,DH,OH,2004,SS,,,SS,,,ST,24.3,NH,OH,2004,SR,,,SR,,,ST,33.9,PH,OH,2004,,2004,OT,,,,,
5030,Delta Energy Center LLC,55333,Delta Energy Center,CA,HRSG1,OP,Db,N,, , ,ST, , ,DH,OH,2002,NC,,,NC,,,ST, ,NM,OH,2002,LN,NH3,NC,NC,,,ST,9,PH,OH,2002,, ,,,,,,
5030,Delta Energy Center LLC,55333,Delta Energy Center,CA,HRSG2,OP,Db,N,, , ,ST, , ,DH,OH,2002,NC,,,NC,,,ST, ,NM,OH,2002,LN,NH3,NC,NC,,,ST,9,PH,OH,2002,, ,,,,,,
5030,Delta Energy Center LLC,55333,Delta Energy Center,CA,HRSG3,OP,Db,N,, , ,ST, , ,DH,OH,2002,NC,,,NC,,,ST, ,NM,OH,2002,LN,NH3,NC,NC,,,ST,9,PH,OH,2002,, ,,,,,,
5033,Domtar Industries Inc,50395,Georgia-Pacific Corp - Nekoosa Mill,WI,1,OP,N,,, , ,, , ,,, ,,,,,,,, ,,, ,,,,,,,, ,,, ,, ,,,,,,
5033,Domtar Industries Inc,50395,Georgia-Pacific Corp - Nekoosa Mill,WI,10,OP,N,,, , ,, , ,,, ,,,,,,,, ,,, ,,,,,,,, ,,, ,, ,,,,,,
5033,Domtar Industries Inc,50395,Georgia-Pacific Corp - Nekoosa Mill,WI,14,OP,N,,, , ,, , ,,, ,,,,,,,FD,90,NM,TH,1989,MS,,,,,,, ,,, ,, ,,,,,,
5033,Domtar Industries Inc,50395,Georgia-Pacific Corp - Nekoosa Mill,WI,2,OP,N,,, , ,, , ,,, ,,,,,,,, ,,, ,,,,,,,, ,,, ,, ,,,,,,
5033,Domtar Industries Inc,50395,Georgia-Pacific Corp - Nekoosa Mill,WI,7,OP,N,,, , ,, , ,,, ,,,,,,,, ,,, ,,,,,,,, ,,, ,, ,,,,,,
5107,City of Detroit - (MI),1822,Mistersky,MI,5,RE,N,N,, , ,LO, , ,SU,NV,1985,,,,,,,FD, ,NP,NV,1985,LN,,,LN,,,ST,20,OP,OH,1980,, ,,,,,,
5107,City of Detroit - (MI),1822,Mistersky,MI,6,OS,N,N,, , ,LO, , ,SU,NV,1985,,,,,,,FD, ,NP,NV,1985,LN,,,LN,,,ST,20,OP,OH,1980,, ,,,,,,
5107,City of Detroit - (MI),1822,Mistersky,MI,7,OS,Da,N,, , ,LO, , ,SU,NV,1980,,,,,,,FD, ,NP,NV,1980,OV,,,OV,,,ST,20,OP,OH,1980,, ,,,,,,
5109,DTE Electric Company,1726,Conners Creek,MI,15,RE,Da,N,, , ,ST, , ,DP,OT,2000,,,,,,,ST, ,NP,DA,2000,,,,,,,ST,0.03,PB,OT,2000,, ,,,,,,
5109,DTE Electric Company,1726,Conners Creek,MI,16,RE,Da,N,, , ,ST, , ,DP,OT,2000,,,,,,,ST, ,NP,DA,2000,,,,,,,ST,0.03,PB,OT,2000,, ,,,,,,
5109,DTE Electric Company,1726,Conners Creek,MI,17,RE,Da,N,, , ,ST, , ,DP,OT,2000,,,,,,,ST, ,NP,DA,2000,,,,,,,ST,0.03,PB,OT,2000,, ,,,,,,
5109,DTE Electric Company,1726,Conners Creek,MI,18,RE,Da,N,, , ,ST, , ,DP,OT,2000,,,,,,,ST, ,NP,DA,2000,,,,,,,ST,0.03,PB,OT,2000,, ,,,,,,
5109,DTE Electric Company,1729,Fermi,MI,NSS2,OP,,,, , ,, , ,,, ,,,,,,,, ,,, ,,,,,,,, ,,, ,, ,,,,,,
5109,DTE Electric Company,1731,Harbor Beach,MI,1,RE,N,N,, , ,ST, , ,DP,MO,1980,,,,,,,, ,,, ,,,,,,,ST,0.19,PG,YR,1973,, ,,,,,,
5109,DTE Electric Company,1733,Monroe (MI),MI,1,OP,N,Y,330-05,3,2006,ST, , ,DP,DA,1985,IF,,,NC,,,, ,,, ,,,,,,,ST,0.12,PG,YR,1973,, ,,,,,,
5109,DTE Electric Company,1733,Monroe (MI),MI,2,OP,N,N,, , ,ST, , ,DP,DA,1985,WA,,,IF,,,, ,,, ,,,,,,,,0.12,PG,YR,1973,, ,,,,,,
5109,DTE Electric Company,1733,Monroe (MI),MI,3,OP,N,Y,194-06,8,2006,ST, , ,DP,DA,1985,WA,,,IF,,,, ,,, ,,,,,,,ST,0.12,PG,YR,1973,, ,,,,,,
5109,DTE Electric Company,1733,Monroe (MI),MI,4,OP,N,Y,222-05,11,2005,ST, , ,DP,DA,1985,IF,,,NC,,,, ,,, ,,,,,,,ST,0.12,PG,YR,1973,, ,,,,,,
5109,DTE Electric Company,1740,River Rouge,MI,1,OP,Da,N,, , ,LO, , ,SU,YR,1999,NC,,,ND,,,ST, ,NP,DA,1999,LN,,,ND,,,LO,0.03,PB,YR,1999,, ,,,,,,
5109,DTE Electric Company,1740,River Rouge,MI,2,OP,N,N,, , ,LO, , ,DP,YR,1999,NC,,,ND,,,, ,,, ,,,,,,,LO,0.175,PB,YR,1999,, ,,,,,,
5109,DTE Electric Company,1740,River Rouge,MI,3,OP,N,N,, , ,LO, , ,DP,YR,1999,NC,,,ND,,,, ,,, ,,,,,,,LO,0.175,PB,YR,1999,, ,,,,,,
5109,DTE Electric Company,1743,St Clair,MI,1,OP,N,Y,288-05,1,2006,ST, , ,DP,MO,1978,WA,,,ND,,,, ,,, ,LN,,,NC,,,ST,0.17,PG,YR,1973,, ,,,,,,
5109,DTE Electric Company,1743,St Clair,MI,2,OP,N,Y,288-05,1,2006,ST, , ,DP,MO,1978,WA,,,ND,,,ST, ,,, ,AA,,,NC,,,ST,0.17,PG,YR,1973,, ,,,,,,
5109,DTE Electric Company,1743,St Clair,MI,3,OP,N,N,, , ,ST, , ,DP,MO,1978,WA,,,ND,,,, ,,, ,,,,,,,ST,0.17,PG,YR,1973,, ,,,,,,
5109,DTE Electric Company,1743,St Clair,MI,4,OP,N,N,, , ,ST, , ,DP,MO,1978,WA,,,ND,,,ST, ,,, ,LN,,,NC,,,ST,0.17,PG,YR,1973,, ,,,,,,
5109,DTE Electric Company,1743,St Clair,MI,6,OP,N,N,, , ,ST, , ,DP,MO,1978,WA,,,ND,,,, ,,, ,,,,,,,ST,0.15,PG,YR,1973,, ,,,,,,
5109,DTE Electric Company,1743,St Clair,MI,7,OP,N,N,, , ,ST, , ,DP,MO,1978,WA,,,IF,,,, ,,, ,,,,,,,ST,0.13,PG,YR,1973,, ,,,,,,
5109,DTE Electric Company,1745,Trenton Channel,MI,16,OP,N,N,, , ,ST, , ,SB,MO,1972,NC,,,ND,,,, ,,, ,LN,,,NC,,,ST,0.19,PG,NS,1972,, ,,,,,,
5109,DTE Electric Company,1745,Trenton Channel,MI,17,OP,N,N,, , ,ST, , ,SB,MO,1972,NC,,,ND,,,, ,,, ,,,,,,,ST,0.19,PG,YR,1972,, ,,,,,,
5109,DTE Electric Company,1745,Trenton Channel,MI,18,OP,N,N,, , ,ST, , ,SB,MO,1972,NC,,,ND,,,, ,,, ,,,,,,,ST,0.19,PG,YR,1972,, ,,,,,,
5109,DTE Electric Company,1745,Trenton Channel,MI,19,OP,N,N,, , ,ST, , ,SB,MO,1972,NC,,,ND,,,, ,,, ,,,,,,,ST,0.19,PG,PS,1972,, ,,,,,,
5109,DTE Electric Company,1745,Trenton Channel,MI,9A,OP,N,N,, , ,ST, , ,SB,MO,1972,NC,,,ND,,,, ,,, ,,,,,,,ST,0.15,PG,YR,1972,, ,,,,,,
5109,DTE Electric Company,6034,Belle River,MI,1,OP,Da,N,, , ,FD, , ,DP,TH,1984,NC,,,NC,,,FD, ,NP,TH,1984,NC,,,NC,,,FD,0.1,PB,YR,1984,, ,,,,,,
5109,DTE Electric Company,6034,Belle River,MI,2,OP,Da,N,, , ,FD, , ,DP,TH,1985,NC,,,NC,,,FD, ,NP,TH,1985,NC,,,NC,,,FD,0.1,PB,YR,1985,, ,,,,,,
5109,DTE Electric Company,6035,Greenwood (MI),MI,1,OP,Da,N,, , ,FD, , ,DP,TH,1979,SS,,,SS,,,FD, ,NP,TH,1979,NC,,,NC,,,FD,0.1,PG,YR,1979,, ,,,,,,
5221,Dominion Nuclear Conn Inc,566,Millstone,CT,NSS2,OP,,,, , ,, , ,,, ,,,,,,,, ,,, ,,,,,,,, ,,, ,, ,,,,,,
5221,Dominion Nuclear Conn Inc,566,Millstone,CT,NSS3,OP,,,, , ,, , ,,, ,,,,,,,, ,,, ,,,,,,,, ,,, ,, ,,,,,,
5232,Woodland Pulp LLC,10613,Domtar - Woodland Mill,ME,3RB,OP,N,,, , ,, , ,,, ,,,,,,,, ,,, ,,,,,,,, ,,, ,, ,,,,,,
5232,Woodland Pulp LLC,10613,Domtar - Woodland Mill,ME,9PB,OP,N,,, , ,, , ,,, ,,,,,,,, ,,, ,,,,,,,, ,,, ,, ,,,,,,
5262,Domtar Industries Inc,54104,Ashdown,AR,PB1,OP,N,N,, , ,ST,1285, ,DH,NV,1999,NC,,,NC,,,ST,247.5,NH,PS,1999,MS,,,MS,,,ST,343,PH,PS,2007,ST,1999,,,,,,
5262,Domtar Industries Inc,54104,Ashdown,AR,PB2,OP,D,N,, , ,FD,984, ,DH,TH,1975,NC,,,NC,,,FD,0.7,NP,TH,1975,NC,,,LN,,,FD,82,PH,SM,1975,ST,1975,,,,,,
5262,Domtar Industries Inc,54104,Ashdown,AR,PB3,OP,Db,N,, , ,FD,62, ,DH,TH,1991,NC,,,NC,,,FD,0.3,NP,TH,1991,NC,,,NC,,,FD,19.8,PH,SM,1991,ST,1991,,,,,,
5262,Domtar Industries Inc,54104,Ashdown,AR,RB2,OP,N,N,, , ,ST, , ,DH,TH,1979,NC,,,NC,,,ST,309.2,NH,TH,1979,NC,,,NC,,,ST,20,OP,SM,1979,ST,1979,,,,,,
5262,Domtar Industries Inc,54104,Ashdown,AR,RB3,OP,N,N,, , ,ST, , ,DH,TH,1989,NC,,,NC,,,ST,270,NH,TH,1989,NC,,,NC,,,ST,20,OP,SM,1989,ST,1989,,,,,,
5269,Equipower Resources Corp,876,Kincaid Generation LLC,IL,1,OP,N,Y,13-3086,7,2013,ST,52581, ,DH,OH,1980,SS,WA,,SS,IF,,FD,0.08,NP,MO,2013,OV,SR,,,,,FD,0.03,PB,PS,2013,ST,2009,ACI,EK,,,,
5269,Equipower Resources Corp,876,Kincaid Generation LLC,IL,2,OP,N,Y,13-3086,7,2013,ST,52581, ,DH,OH,1980,SS,WA,,SS,IF,,FD,0.08,NP,MO,2013,OV,SR,,,,,FD,0.03,PB,PS,2013,ST,2009,ACI,EK,,,,
5277,"American Sugar Refining, Inc.",54795,Domino Sugar Baltimore,MD,C1,OP,N,,, , ,, , ,,, ,,,,,,,FD,500,OT,DA,2013,LN,,,LN,,,, ,,, ,, ,,,,,,
5277,"American Sugar Refining, Inc.",54795,Domino Sugar Baltimore,MD,C2,OP,N,,, , ,, , ,,, ,,,,,,,FD,500,OT,DA,2013,LN,,,LN,,,, ,,, ,, ,,,,,,
5277,"American Sugar Refining, Inc.",54795,Domino Sugar Baltimore,MD,C3,OP,N,,, , ,, , ,,, ,,,,,,,FD,500,OT,DA,2013,LN,,,LN,,,, ,,, ,, ,,,,,,
5277,"American Sugar Refining, Inc.",54795,Domino Sugar Baltimore,MD,C4,OP,N,,, , ,, , ,,, ,,,,,,,FD,500,OT,DA,2013,LN,,,LN,,,, ,,, ,, ,,,,,,
5277,"American Sugar Refining, Inc.",54795,Domino Sugar Baltimore,MD,C6,OP,N,,, , ,, , ,,, ,,,,,,,FD,500,OT,DA,2013,LN,,,LN,,,, ,,, ,, ,,,,,,
5310,Doswell Ltd Partnership,52019,Doswell Energy Center,VA,HR501,OP,Da,Y,51018,8,2005,ST,0.8, ,DH,OH,1992,NC,,,NC,,,ST,9,NM,OH,1992,NH3,SR,,NC,,,ST,0.0192,PB,OH,1992,, ,,,,,,
5310,Doswell Ltd Partnership,52019,Doswell Energy Center,VA,HR502,OP,Da,Y,51018,8,2005,ST,0.8, ,DH,OH,1992,NC,,,NC,,,ST,9,NM,OH,1992,NH3,SR,,NC,,,ST,0.0192,PB,OH,1992,, ,,,,,,
5310,Doswell Ltd Partnership,52019,Doswell Energy Center,VA,HR601,OP,Da,Y,51018,8,2005,ST,0.8, ,DH,OH,1992,NC,,,NC,,,ST,9,NM,OH,1992,NH3,SR,,NC,,,ST,0.0192,PB,OH,1992,, ,,,,,,
5310,Doswell Ltd Partnership,52019,Doswell Energy Center,VA,HR602,OP,Da,Y,51018,8,2005,ST,0.8, ,DH,OH,1992,NC,,,NC,,,ST,9,NM,OH,1992,NH3,SR,,NC,,,ST,0.0192,PB,OH,1992,, ,,,,,,
5336,City of Dover - (OH),2914,Dover,OH,4,OP,,,, , ,, , ,,, ,,,,,,,, ,,, ,,,,,,,, ,,, ,, ,,,,,,
5338,Dow Chemical Co,52120,Dow Chemical Texas Operation,TX,G64,OP,Da,N,, , ,ST, , ,OT,OH,1984,,,,,,,ST, ,OT,OH,1984,,,,,,,ST,0.1011,OT,OH,1984,, ,,,,,,
5338,Dow Chemical Co,52120,Dow Chemical Texas Operation,TX,G65,OP,Da,N,, , ,ST, , ,OT,OH,1982,,,,,,,ST, ,OT,OH,1982,,,,,,,ST,0.1011,OT,OH,1982,, ,,,,,,
5347,Dow Chemical Co,52006,LaO Energy Systems,LA,HRU100,OP,Db,N,, , ,, , ,,, ,,,,,,,ST,0.2,NP,DT,2004,STM,,,NC,,,ST,0.6,PB,NS,1997,, ,,,,,,
5347,Dow Chemical Co,52006,LaO Energy Systems,LA,HRU200,OP,Db,N,, , ,, , ,,, ,,,,,,,ST,0.2,NP,DT,2004,STM,,,NC,,,ST,0.6,PB,NS,1997,, ,,,,,,
5347,Dow Chemical Co,55419,Plaquemine Cogeneration Plant,LA,HRU500,OP,Da,N,, , ,FD,0.2, ,DP,MO,2004,NC,,,NC,,,FD,1.6,OT,MO,2004,SR,,,,,,FD,0.3,PB,NS,2004,, ,,,,,,
5347,Dow Chemical Co,55419,Plaquemine Cogeneration Plant,LA,HRU600,OP,Da,N,, , ,FD,0.2, ,DP,MO,2004,NC,,,NC,,,FD,1.6,OT,MO,2004,SR,,,,,,FD,0.3,PB,NS,2004,, ,,,,,,
5347,Dow Chemical Co,55419,Plaquemine Cogeneration Plant,LA,HRU700,OP,Da,N,, , ,FD,0.2, ,DP,MO,2004,NC,,,NC,,,FD,1.6,OT,MO,2004,SR,,,,,,FD,0.3,PB,NS,2004,, ,,,,,,
5347,Dow Chemical Co,55419,Plaquemine Cogeneration Plant,LA,HRU800,OP,Da,N,, , ,FD,0.2, ,DP,MO,2004,NC,,,NC,,,FD,1.6,OT,MO,2004,SR,,,,,,FD,0.3,PB,NS,2004,, ,,,,,,
5352,Dow Chemical Co - St Charles,50152,Dow St Charles Operations,LA,HRSGE,OP,Db,,, , ,ST, , ,,, ,,,,,,,ST,259.1,NH,OH,1996,LN,,,MS,,,, ,,, ,ST,1996,,,,,,
5352,Dow Chemical Co - St Charles,50152,Dow St Charles Operations,LA,HRSGW,OP,Db,,, , ,, , ,,, ,,,,,,,ST,259.1,NH,OH,1996,LN,,,MS,,,ST, ,,, ,ST,1996,,,,,,
5374,Dow Chemical Company-Oyster Creek VIII,54676,Oyster Creek Unit VIII,TX,H81,OP,Db,Y,20869,4,2003,, , ,,, ,,,,,,,, ,,, ,,,,,,,, ,,, ,, ,,,,,,
5374,Dow Chemical Company-Oyster Creek VIII,54676,Oyster Creek Unit VIII,TX,H82,OP,Db,Y,20869,4,2003,, , ,,, ,,,,,,,, ,,, ,,,,,,,, ,,, ,, ,,,,,,
5374,Dow Chemical Company-Oyster Creek VIII,54676,Oyster Creek Unit VIII,TX,H83,OP,Db,Y,20869,4,2003,, , ,,, ,,,,,,,, ,,, ,,,,,,,, ,,, ,, ,,,,,,
5416,"Duke Energy Carolinas, LLC",2718,G G Allen,NC,1,OP,N,N,, , ,ST,1, ,DP,DA,2009,NC,,,ND,,,ST,0.8,NP,DA,2000,NC,,,ND,,,ST,0.25,PB,DA,1986,FD,2015,SP,EC,,ND,,
5416,"Duke Energy Carolinas, LLC",2718,G G Allen,NC,2,OP,N,N,, , ,ST,1, ,DP,DA,2009,NC,,,ND,,,ST,0.8,NP,DA,2000,NC,,,ND,,,ST,0.25,PB,DA,1986,FD,2015,SP,EC,,ND,,
5416,"Duke Energy Carolinas, LLC",2718,G G Allen,NC,3,OP,N,N,, , ,ST,1, ,DP,DA,2009,NC,,,ND,,,ST,0.8,NP,DA,2000,NC,,,ND,,,ST,0.2,PB,DA,1986,FD,2015,SP,EC,,ND,,
5416,"Duke Energy Carolinas, LLC",2718,G G Allen,NC,4,OP,N,N,, , ,ST,1, ,DP,DA,2009,NC,,,ND,,,ST,0.8,NP,DA,2000,NC,,,ND,,,ST,0.2,PB,DA,1986,FD,2015,SP,EC,ACI,ND,,
5416,"Duke Energy Carolinas, LLC",2718,G G Allen,NC,5,OP,N,N,, , ,ST,1, ,DP,DA,2009,NC,,,ND,,,ST,0.8,NP,DA,2000,NC,,,ND,,,ST,0.2,PB,DA,1986,FD,2015,SP,EC,ACI,ND,,
5416,"Duke Energy Carolinas, LLC",2720,Buck,NC,5,RE,Db,N,, , ,ST, , ,DP,DA,1999,,,,,,,ST, ,NP,DA,2000,,,,,,,ST,0.15,PB,DA,1986,, ,,,,,,
5416,"Duke Energy Carolinas, LLC",2720,Buck,NC,6,RE,N,N,, , ,ST, , ,DP,PS,1983,,,,,,,ST, ,NP,NV,1976,,,,,,,ST,0.15,PB,PS,1986,, ,,,,,,
5416,"Duke Energy Carolinas, LLC",2720,Buck,NC,7,RE,N,N,, , ,ST, , ,DP,DA,1999,,,,,,,ST, ,NP,DA,2000,,,,,,,ST,0.15,PB,DA,1986,, ,,,,,,
5416,"Duke Energy Carolinas, LLC",2720,Buck,NC,8,RE,N,N,, , ,ST,1.63, ,DP,DA,1999,,,,OT,,,ST,0.8,NP,DA,2000,NC,,,,,,ST,0.15,PB,DA,1986,FD,2013,OT,,,,,
5416,"Duke Energy Carolinas, LLC",2720,Buck,NC,9,RE,N,N,, , ,ST,1.63, ,DP,DA,1999,OT,,,,,,ST,0.8,NP,DA,2000,NC,,,,,,ST,0.15,PB,DA,1986,FD,2013,OT,,,,,
5416,"Duke Energy Carolinas, LLC",2720,Buck,NC,HRSG1,OP,Db,N,, , ,FD,0.06, ,DP,OT,2011,NC,,,ND,,,ST,2.5,NM,MO,2011,NC,,,ND,,,ST,0.125,PB,PS,2011,FD,2015,OT,,,ND,,
5416,"Duke Energy Carolinas, LLC",2720,Buck,NC,HRSG2,OP,Db,N,, , ,FD, , ,DP,OT,2011,NC,,,ND,,,ST,2.5,NM,MO,2011,NC,,,ND,,,ST,0.125,PB,PS,2011,FD,2015,OT,,,ND,,
5416,"Duke Energy Carolinas, LLC",2721,James E. Rogers Energy Complex,NC,1,RE,N,N,, , ,ST, , ,DP,DA,1999,,,,,,,ST, ,NP,DA,2000,,,,,,,ST,0.25,PB,DA,1986,, ,,,,,,
5416,"Duke Energy Carolinas, LLC",2721,James E. Rogers Energy Complex,NC,2,RE,N,N,, , ,ST, , ,DP,DA,1999,,,,,,,ST, ,NP,DA,2000,,,,,,,ST,0.25,PB,DA,1986,, ,,,,,,
5416,"Duke Energy Carolinas, LLC",2721,James E. Rogers Energy Complex,NC,3,RE,N,N,, , ,ST, , ,DP,DA,1999,,,,,,,ST, ,NP,DA,2000,,,,,,,ST,0.25,PB,DA,1986,, ,,,,,,
5416,"Duke Energy Carolinas, LLC",2721,James E. Rogers Energy Complex,NC,4,RE,N,N,, , ,ST, , ,DP,DA,1999,,,,,,,ST, ,NP,DA,2000,,,,,,,ST,0.25,PB,DA,1986,, ,,,,,,
5416,"Duke Energy Carolinas, LLC",2721,James E. Rogers Energy Complex,NC,5,OP,N,N,, , ,ST,1.6, ,DP,DA,2010,NC,,,NC,,,ST,0.8,NP,DA,2000,NC,,,NC,,,ST,0.25,PB,DA,1986,FD,2015,EC,SP,,ND,,
5416,"Duke Energy Carolinas, LLC",2721,James E. Rogers Energy Complex,NC,6,OP,Da,Y,04044T32,2,2011,ST,0.12, ,DP,OT,2012,NC,,,NC,,,ST,0.07,NP,MO,2012,NC,,,NC,,,ST,0.018,PB,DA,2012,ST,2012,BP,SP,,ND,,
5416,"Duke Energy Carolinas, LLC",2723,Dan River,NC,1,RE,N,N,, , ,ST, , ,DP,DA,1999,,,,,,,ST, ,NP,DA,2000,,,,,,,ST,0.15,PB,DA,1986,, ,,,,,,
5416,"Duke Energy Carolinas, LLC",2723,Dan River,NC,2,RE,N,N,, , ,ST, , ,DP,DA,1999,,,,,,,ST, ,NP,DA,2000,,,,,,,ST,0.15,PB,DA,1986,, ,,,,,,
5416,"Duke Energy Carolinas, LLC",2723,Dan River,NC,3,RE,N,N,, , ,ST, , ,DP,DA,1999,,,,,,,ST, ,NP,DA,2000,,,,,,,ST,0.25,PB,DA,1986,, ,,,,,,
5416,"Duke Energy Carolinas, LLC",2723,Dan River,NC,HRSG1,OP,Db,N,, , ,FD,0.06, ,DP,OT,2011,NC,,,WA,,,FD,15,NM,MO,2011,NC,,,SR,,,FD,16.97,PH,PS,2011,FD, ,ND,,,ND,,
5416,"Duke Energy Carolinas, LLC",2723,Dan River,NC,HRSG2,OP,Db,N,, , ,FD,0.06, ,DP,OT,2011,NC,,,WA,,,FD,15,NM,MO,2011,NC,,,SR,,,ST,16.97,PH,PS,2011,FD, ,ND,,,ND,,
5416,"Duke Energy Carolinas, LLC",2727,Marshall (NC),NC,1,OP,N,N,, , ,ST,0.56, ,DP,DA,2008,NC,,,ND,,,ST,0.8,NP,DA,2000,SN,,,ND,,,ST,0.2,PB,DA,1986,FD,2015,EC,SP,,EC,SP,
5416,"Duke Energy Carolinas, LLC",2727,Marshall (NC),NC,2,OP,N,N,, , ,ST,0.56, ,DP,DA,2008,NC,,,ND,,,ST,0.8,NP,DA,2000,SN,,,ND,,,ST,0.2,PB,DA,1986,FD,2015,EC,SP,,EC,SP,
5416,"Duke Energy Carolinas, LLC",2727,Marshall (NC),NC,3,OP,N,N,, , ,ST,0.56, ,DP,DA,2007,NC,,,ND,,,ST,0.8,NP,DA,2000,SR,LN,,ND,,,ST,0.18,PB,DA,1986,FD,2015,EC,SP,,EC,SP,
5416,"Duke Energy Carolinas, LLC",2727,Marshall (NC),NC,4,OP,N,N,, , ,ST,0.56, ,DP,DA,2007,NC,,,ND,,,ST,0.8,NP,DA,2000,SN,,,ND,,,ST,0.18,PB,DA,1986,FD,2015,EC,SP,ACI,EC,SP,ACI
5416,"Duke Energy Carolinas, LLC",2732,Riverbend,NC,10,RE,N,N,, , ,ST, , ,DP,DA,1999,,,,,,,ST, ,NP,DA,2000,,,,,,,ST,0.12,PB,DA,1986,, ,,,,,,
5416,"Duke Energy Carolinas, LLC",2732,Riverbend,NC,7,RE,N,N,, , ,ST, , ,DP,DA,1999,,,,,,,ST, ,NP,DA,2000,,,,,,,ST,0.12,PB,DA,1986,, ,,,,,,
5416,"Duke Energy Carolinas, LLC",2732,Riverbend,NC,8,RE,N,N,, , ,ST, , ,DP,DA,1999,,,,,,,ST, ,NP,DA,2000,,,,,,,ST,0.12,PB,DA,1986,, ,,,,,,
5416,"Duke Energy Carolinas, LLC",2732,Riverbend,NC,9,RE,N,N,, , ,ST, , ,DP,DA,1999,,,,,,,ST, ,NP,DA,2000,,,,,,,ST,0.12,PB,DA,1986,, ,,,,,,
5416,"Duke Energy Carolinas, LLC",3264,W S Lee,SC,1,OP,N,N,, , ,ST,2.3, ,,DA,2000,NC,,,NC,,,,0.27,NP,OT,2003,NC,,,NC,,,ST,0.6,PB,NV,1981,FD,2015,,,,,,
5416,"Duke Energy Carolinas, LLC",3264,W S Lee,SC,2,OP,N,N,, , ,ST,2.3, ,,DA,2000,NC,,,NC,,,,0.27,NP,OT,2003,NC,,,NC,,,ST,0.6,PB,NV,1981,FD,2015,,,,,,
5416,"Duke Energy Carolinas, LLC",3264,W S Lee,SC,3,OP,N,N,, , ,ST,2.3, ,,DA,2000,NC,,,NC,,,,0.27,NP,OT,2003,NC,,,NC,,,ST,0.58,PB,NV,1981,FD,2015,,,,OT,,
5416,"Duke Energy Carolinas, LLC",3265,Oconee,SC,NSS1,OP,,,, , ,, , ,,, ,,,,,,,, ,,, ,,,,,,,, ,,, ,, ,,,,,,
5416,"Duke Energy Carolinas, LLC",3265,Oconee,SC,NSS2,OP,,,, , ,, , ,,, ,,,,,,,, ,,, ,,,,,,,, ,,, ,, ,,,,,,
5416,"Duke Energy Carolinas, LLC",3265,Oconee,SC,NSS3,OP,,,, , ,, , ,,, ,,,,,,,, ,,, ,,,,,,,, ,,, ,, ,,,,,,
5416,"Duke Energy Carolinas, LLC",6036,Catawba,SC,NSS1,OP,,,, , ,, , ,,, ,,,,,,,, ,,, ,,,,,,,, ,,, ,, ,,,,,,
5416,"Duke Energy Carolinas, LLC",6036,Catawba,SC,NSS2,OP,,,, , ,, , ,,, ,,,,,,,, ,,, ,,,,,,,, ,,, ,, ,,,,,,
5416,"Duke Energy Carolinas, LLC",6038,McGuire,NC,NSS1,OP,,,, , ,, , ,,, ,,,,,,,, ,,, ,,,,,,,, ,,, ,, ,,,,,,
5416,"Duke Energy Carolinas, LLC",6038,McGuire,NC,NSS2,OP,,,, , ,, , ,,, ,,,,,,,, ,,, ,,,,,,,, ,,, ,, ,,,,,,
5416,"Duke Energy Carolinas, LLC",8042,Belews Creek,NC,1,OP,N,N,, , ,ST,1.02, ,DP,DA,2008,NC,,,ND,,,ST,0.8,NP,DA,2001,NC,,,ND,,,ST,0.15,PB,DA,1986,FD,2015,EC,SP,,ND,,
5416,"Duke Energy Carolinas, LLC",8042,Belews Creek,NC,2,OP,N,N,, , ,ST,1.02, ,DP,DA,2008,NC,,,ND,,,ST,0.8,NP,DA,2001,NC,,,ND,,,ST,0.15,PB,DA,1986,FD,2015,EC,SP,,ND,,
5511,CCI Roseton LLC,8006,Roseton Generating Facility,NY,1,OP,N,N,, , ,ST,0.55, ,SU,YR,1974,SS,,,SS,,,ST,0.15,NP,MO,1995,OV,FR,,MS,,,ST,0.1,PB,NV,1974,ST,1974,,,,,,
5511,CCI Roseton LLC,8006,Roseton Generating Facility,NY,2,OP,N,N,, , ,ST,0.55, ,SU,YR,1974,SS,,,SS,,,ST,0.15,NP,MO,1995,OV,FR,,OV,FR,,ST,0.1,PB,NV,1974,ST,1974,,,,,,
5517,Dynegy Midwest Generation Inc,889,Baldwin Energy Complex,IL,1,OP,N,N,, , ,FD,0.1, ,DP,MO,2011,SS,IF,,NC,,,FD,0.1,NP,MO,2005,OV,SR,,NC,,,FD,0.015,PB,OH,2011,ST,2009,BP,SD,ACI,BP,SD,ACI
5517,Dynegy Midwest Generation Inc,889,Baldwin Energy Complex,IL,2,OP,N,N,, , ,FD,0.1, ,DP,MO,2012,SS,IF,,NC,,,FD,0.1,NP,MO,2005,OV,SR,,NC,,,ST,0.015,PB,OH,2012,ST,2009,BP,SD,ACI,BP,SD,ACI
5517,Dynegy Midwest Generation Inc,889,Baldwin Energy Complex,IL,3,OP,N,N,, , ,FD,0.1, ,DP,MO,2010,IF,SS,,NC,,,FD,0.12,NP,MO,2005,LN,OV,,NC,,,FD,0.015,PB,OH,2010,ST,2010,BP,SD,ACI,BP,SD,ACI
5517,Dynegy Midwest Generation Inc,891,Havana,IL,1,RE,N,N,, , ,ST, , ,DP,OH,1972,,,,,,,, ,,, ,,,,,,,ST,0.1,PB,OH,1972,, ,,,,,,
5517,Dynegy Midwest Generation Inc,891,Havana,IL,2,RE,N,N,, , ,ST, , ,DP,OH,1972,,,,,,,, ,,, ,,,,,,,ST,0.1,PB,OH,1972,, ,,,,,,
5517,Dynegy Midwest Generation Inc,891,Havana,IL,3,RE,N,N,, , ,ST, , ,DP,OH,1972,,,,,,,, ,,, ,,,,,,,ST,0.1,PB,OH,1972,, ,,,,,,
5517,Dynegy Midwest Generation Inc,891,Havana,IL,4,RE,N,N,, , ,ST, , ,DP,OH,1972,,,,,,,, ,,, ,,,,,,,ST,0.1,PB,OH,1972,, ,,,,,,
5517,Dynegy Midwest Generation Inc,891,Havana,IL,5,RE,N,N,, , ,ST, , ,DP,OH,1972,,,,,,,, ,,, ,,,,,,,ST,0.1,PB,OH,1972,, ,,,,,,
5517,Dynegy Midwest Generation Inc,891,Havana,IL,6,RE,N,N,, , ,ST, , ,DP,OH,1972,,,,,,,, ,,, ,,,,,,,ST,0.1,PB,OH,1972,, ,,,,,,
5517,Dynegy Midwest Generation Inc,891,Havana,IL,7,RE,N,N,, , ,ST, , ,DP,OH,1972,,,,,,,, ,,, ,,,,,,,ST,0.1,PB,OH,1972,, ,,,,,,
5517,Dynegy Midwest Generation Inc,891,Havana,IL,8,RE,N,N,, , ,ST, , ,DP,OH,1972,,,,,,,, ,,, ,,,,,,,ST,0.1,PB,OH,1972,, ,,,,,,
5517,Dynegy Midwest Generation Inc,891,Havana,IL,9,OP,D,Y,125804AAB,4,1978,FD,0.1, ,DP,MO,2012,SS,IF,,NC,,,FD,0.1,NP,MO,2005,OV,SR,LN,NC,,,FD,0.015,PB,OH,2012,ST,2009,BP,SD,ACI,BP,SD,ACI
5517,Dynegy Midwest Generation Inc,892,Hennepin Power Station,IL,1,OP,N,N,, , ,FD,1.2, ,DP,MO,2005,SS,,,NC,,,ST,0.25,NP,OT,2000,LN,OV,,NC,,,FD,0.03,PB,OH,2009,ST,2009,BP,ACI,EK,BP,ACI,EK
5517,Dynegy Midwest Generation Inc,892,Hennepin Power Station,IL,2,OP,N,N,, , ,FD,1.2, ,DP,MO,2005,SS,,,NC,,,ST,0.25,NP,OT,1996,LN,OV,,LN,OV,,ST,0.03,PB,OH,2009,ST,2009,BP,ACI,EK,BP,ACI,EK
5517,Dynegy Midwest Generation Inc,898,Wood River,IL,1,RE,N,N,, , ,ST, , ,DP,OH,1972,,,,,,,ST, ,NP,OH,1972,,,,,,,, ,,, ,, ,,,,,,
5517,Dynegy Midwest Generation Inc,898,Wood River,IL,2,RE,N,N,, , ,ST, , ,DP,OH,1972,,,,,,,ST, ,NP,OH,1972,,,,,,,, ,,, ,, ,,,,,,
5517,Dynegy Midwest Generation Inc,898,Wood River,IL,3,RE,N,N,, , ,ST, , ,DP,OH,1972,,,,,,,ST, ,NP,OH,1972,,,,,,,, ,,, ,, ,,,,,,
5517,Dynegy Midwest Generation Inc,898,Wood River,IL,4,OP,N,N,, , ,FD,1.2, ,DP,MO,2005,SS,,,NC,,,ST,0.25,NP,OT,2000,LN,,,NC,,,FD,0.03,PB,OH,2007,ST,2013,EK,ACI,,EK,ACI,
5517,Dynegy Midwest Generation Inc,898,Wood River,IL,5,OP,N,N,, , ,FD,1.2, ,DP,MO,2005,SS,,,NC,,,FD,0.25,NP,OT,2000,LN,,,NC,,,FD,0.03,PB,OH,2005,ST,2009,EK,ACI,,EK,ACI,
5519,ExxonMobil Oil Corp,50627,ExxonMobil Oil Joliet Refinery,IL,AUX,OP,,,, , ,, , ,,, ,,,,,,,, ,,, ,,,,,,,, ,,, ,, ,,,,,,
5519,ExxonMobil Oil Corp,50627,ExxonMobil Oil Joliet Refinery,IL,ECO,OP,,,, , ,, , ,,, ,,,,,,,, ,,, ,,,,,,,, ,,, ,, ,,,,,,
5519,ExxonMobil Oil Corp,50627,ExxonMobil Oil Joliet Refinery,IL,HRSG,OP,,,, , ,, , ,,, ,,,,,,,, ,,, ,,,,,,,, ,,, ,, ,,,,,,
5519,ExxonMobil Oil Corp,50627,ExxonMobil Oil Joliet Refinery,IL,WCO,OP,,,, , ,, , ,,, ,,,,,,,, ,,, ,,,,,,,, ,,, ,, ,,,,,,
5580,"East Kentucky Power Coop, Inc",1384,Cooper,KY,1,OP,N,Y,CAN-04-34-KSF,9,2007,ST,3.3, ,DP,DA,1977,NC,,,IF,,,FD,0.5,NP,YR,1995,LN,,,,,,FD,0.03,PB,TH,1977,FD,2015,,,,CD,BP,
5580,"East Kentucky Power Coop, Inc",1384,Cooper,KY,2,OP,N,Y,CAN-04-34-KSF,9,2007,ST,3.3,1,DP,DA,1977,NC,,,NC,,,FD,0.08,NP,YR,1995,LN,,,,,,ST,0.23,PB,TH,1977,FD,2015,,,,CD,BP,
5580,"East Kentucky Power Coop, Inc",1385,Dale,KY,1,OP,N,N,, , ,ST,1.8, ,DP,DA,1977,NC,,,ND,,,FD,0.46,NP,YR,1995,LN,OV,,,,,FD,0.22,PB,TH,1980,FD, ,,,,,,
5580,"East Kentucky Power Coop, Inc",1385,Dale,KY,2,OP,N,N,, , ,ST,1.8, ,DP,DA,1977,NC,,,ND,,,FD,0.46,NP,YR,1995,LN,OV,,,,,ST,0.22,PB,TH,1980,FD, ,,,,,,
5580,"East Kentucky Power Coop, Inc",1385,Dale,KY,3,OP,N,Y,CAN-04-34-KSF,9,2007,ST,1.8, ,DP,DA,1977,NC,,,ND,,,FD,0.46,NP,YR,1995,LN,,,,,,ST,22,PB,TH,1980,FD, ,,,,,,
5580,"East Kentucky Power Coop, Inc",1385,Dale,KY,4,OP,N,Y,CAN-04-34-KSF,9,2007,ST,1.8, ,DP,DA,1977,NC,,,ND,,,FD,0.46,NP,YR,1995,LN,,,,,,ST,0.22,PB,TH,1980,FD, ,,,,,,
5580,"East Kentucky Power Coop, Inc",6041,H L Spurlock,KY,1,OP,N,Y,CAN-04-34-KSF,9,2007,ST,3, ,DP,DA,1977,NC,,,NC,,,FD,0.1,NP,MO,1977,SR,LN,,,,,ST,0.14,PB,TH,1977,FD,2015,,,,ND,,
5580,"East Kentucky Power Coop, Inc",6041,H L Spurlock,KY,2,OP,D,Y,CAN-04-34-KSF,9,2007,ST,1.2, ,DP,TH,1981,NC,,,NC,,,FD, ,NP,MO,1981,LN,SR,,,,,FD,0.14,PB,TH,1981,FD,2015,,,,ND,,
5580,"East Kentucky Power Coop, Inc",6041,H L Spurlock,KY,3,OP,Db,N,, , ,ST,0.2, ,DP,DA,2005,NC,,,NC,,,FD,0.2,NP,DA,2005,SN,,,NC,,,FD,0.015,PB,TH,2005,FD,2015,BP,,,,,
5580,"East Kentucky Power Coop, Inc",6041,H L Spurlock,KY,4,OP,Db,N,, , ,ST,0.15, ,DP,DA,2009,NC,,,NC,,,FD,0.07,NP,MO,2009,SN,,,NC,,,FD,0.015,PB,TH,2009,FD,2008,BP,,,,,
5610,Eastman Chemical Co-TN Ops,50481,Tennessee Eastman Operations,TN,253-25,OP,N,N,, , ,ST,2.4, ,DP,DA,1966,NC,,,SS,,,FD, ,,,2004,NC,,,MS,,,ST,0.0917,PB,PS,1966,, ,,,,,,
5610,Eastman Chemical Co-TN Ops,50481,Tennessee Eastman Operations,TN,253-26,OP,N,N,, , ,ST,2.4, ,DP,DA,1966,NC,,,SS,,,FD, ,OT,OT,2004,LN,,,NC,,,ST,0.0917,PB,PS,1966,, ,,,,,,
5610,Eastman Chemical Co-TN Ops,50481,Tennessee Eastman Operations,TN,253-27,OP,N,N,, , ,ST,2.4, ,DP,DA,1967,NC,,,SS,,,FD, ,OT,OT,2004,LN,,,NC,,,ST,0.0917,PB,PS,1967,, ,,,,,,
5610,Eastman Chemical Co-TN Ops,50481,Tennessee Eastman Operations,TN,253-28,OP,N,N,, , ,ST,2.4, ,DP,DA,1970,NC,,,SS,,,FD, ,OT,OT,2004,LN,,,NC,,,ST,0.0917,PB,PS,1970,, ,,,,,,
5610,Eastman Chemical Co-TN Ops,50481,Tennessee Eastman Operations,TN,253-29,OP,N,N,, , ,ST,2.4, ,DP,DA,1972,NC,,,SS,,,FD, ,OT,OT,2004,LN,,,NC,,,ST,0.0917,PB,PS,1972,, ,,,,,,
5610,Eastman Chemical Co-TN Ops,50481,Tennessee Eastman Operations,TN,325-30,OP,D,Y,992060P,12,1980,ST,317, ,DH,MO,1995,NC,,,NC,,,ST,0.6,NH,MO,1982,NC,,,NC,,,ST,14,PH,MO,1982,, ,,,,,,
5610,Eastman Chemical Co-TN Ops,50481,Tennessee Eastman Operations,TN,325-31,OP,Db,Y,932325P,4,1992,FD,293, ,DH,MO,1995,NC,,,NC,,,ST,0.4,NP,MO,1995,NC,,,NC,,,ST,15.8,PH,PS,1995,, ,,,,,,
5610,Eastman Chemical Co-TN Ops,50481,Tennessee Eastman Operations,TN,423-A,OP,Db,Y,561988,8,2009,ST,4, ,DH,PS,1991,NC,,,NC,,,FD,0.1,NP,PS,1991,LN,FR,,NC,,,ST,5.3,PH,PS,1991,, ,,,,,,
5610,Eastman Chemical Co-TN Ops,50481,Tennessee Eastman Operations,TN,423-B,OP,Db,Y,561988,8,2009,ST,4, ,DH,PS,1991,NC,,,NC,,,FD,0.1,NP,MO,1991,LN,FR,,NC,,,ST,5.3,PH,PS,1991,, ,,,,,,
5610,Eastman Chemical Co-TN Ops,50481,Tennessee Eastman Operations,TN,423-C,OP,Db,Y,561988,8,2009,ST,4, ,DH,PS,1991,NC,,,NC,,,FD,0.1,NP,PS,1991,LN,FR,,NC,,,ST,5.3,PH,PS,1991,, ,,,,,,
5610,Eastman Chemical Co-TN Ops,50481,Tennessee Eastman Operations,TN,83-18,OP,N,N,, , ,ST,2.4, ,DP,OH,1974,NC,,,NC,,,, ,,, ,,,,,,,ST,0.0917,PB,OT,1974,, ,,,,,,
5610,Eastman Chemical Co-TN Ops,50481,Tennessee Eastman Operations,TN,83-19,OP,N,N,, , ,ST,2.4, ,DP,OH,1974,NC,,,NC,,,, ,,, ,,,,,,,ST,0.0917,PB,OT,1974,, ,,,,,,
5610,Eastman Chemical Co-TN Ops,50481,Tennessee Eastman Operations,TN,83-20,OP,N,N,, , ,ST,2.4, ,DP,OH,1974,NC,,,NC,,,, ,,, ,,,,,,,ST,0.0917,PB,OT,1974,, ,,,,,,
5610,Eastman Chemical Co-TN Ops,50481,Tennessee Eastman Operations,TN,83-21,OP,N,N,, , ,ST,2.4, ,DP,OH,1974,NC,,,NC,,,, ,,, ,,,,,,,ST,0.0917,PB,OT,1974,, ,,,,,,
5610,Eastman Chemical Co-TN Ops,50481,Tennessee Eastman Operations,TN,83-22,OP,N,N,, , ,ST,2.4, ,DP,OH,1974,NC,,,NC,,,, ,,, ,,,,,,,ST,0.0917,PB,OT,1974,, ,,,,,,
5610,Eastman Chemical Co-TN Ops,50481,Tennessee Eastman Operations,TN,83-23,OP,N,N,, , ,ST,2.4, ,DP,OH,1973,NC,,,NC,,,, ,,, ,,,,,,,ST,0.0917,PB,OT,1973,, ,,,,,,
5610,Eastman Chemical Co-TN Ops,50481,Tennessee Eastman Operations,TN,83-24,OP,N,N,, , ,ST,2.4, ,DP,OH,1971,NC,,,NC,,,, ,,, ,,,,,,,ST,0.0917,PB,OT,1971,, ,,,,,,
5624,"RED-Rochester, LLC",10025,"RED-Rochester, LLC",NY,13,RE,N,,, , ,ST, , ,DP,YR,1988,,,,,,,ST, ,NP,DA,1995,,,,,,,ST,0.26,PB,OH,1995,, ,,,,,,
5624,"RED-Rochester, LLC",10025,"RED-Rochester, LLC",NY,14,RE,N,,, , ,ST, , ,DP,YR,1988,,,,,,,ST, ,NP,DA,1995,,,,,,,ST,0.26,PB,OH,1995,, ,,,,,,
5624,"RED-Rochester, LLC",10025,"RED-Rochester, LLC",NY,15,RE,N,,, , ,ST, , ,DP,YR,1988,,,,,,,ST, ,NP,DA,1995,,,,,,,ST,0.26,PB,OH,1972,, ,,,,,,
5624,"RED-Rochester, LLC",10025,"RED-Rochester, LLC",NY,41,SB,N,N,, , ,FD, , ,DP,YR,1988,SS,,,SS,,,FD, ,NP,DA,1995,FU,LA,,FU,LA,,ST,0.26,PB,OH,1972,ST,1972,EW,,,EW,,
5624,"RED-Rochester, LLC",10025,"RED-Rochester, LLC",NY,42,OP,N,N,, , ,FD, , ,DP,YR,1988,SS,,,SS,,,ST, ,NP,DA,1995,FU,LA,,FU,LA,,ST,0.26,PB,OH,1972,ST,1972,EW,,,EW,,
5624,"RED-Rochester, LLC",10025,"RED-Rochester, LLC",NY,43,OP,N,N,, , ,FD, , ,DP,YR,1988,SS,,,SS,,,ST, ,NP,DA,1995,FU,LA,,FU,LA,,ST,0.24,PB,OH,1972,ST,1972,EW,,,EW,,
5624,"RED-Rochester, LLC",10025,"RED-Rochester, LLC",NY,44,OP,Da,N,, , ,FD, , ,DP,NV,1987,NC,,,NC,,,ST, ,NP,DA,1995,FU,LA,,FU,LA,,FD,0.1,PB,NV,1987,ST,1987,EW,,,EW,,
5624,"RED-Rochester, LLC",10025,"RED-Rochester, LLC",NY,PB1,OP,N,N,, , ,FD, , ,DP,YR,1988,NC,,,NC,,,ST, ,NP,DA,1995,LA,,,LA,,,ST,0.2,PB,OH,1972,FD,1995,EW,,,EW,,
5624,"RED-Rochester, LLC",10025,"RED-Rochester, LLC",NY,PB2,OP,N,N,, , ,FD, , ,DP,YR,1988,NC,,,NC,,,ST, ,NP,DA,1995,LA,,,LA,,,ST,0.2,PB,OH,1972,FD,1995,EW,,,EW,,
5624,"RED-Rochester, LLC",10025,"RED-Rochester, LLC",NY,PB3,OP,N,N,, , ,FD, , ,DP,YR,1988,NC,,,NC,,,ST, ,NP,DA,1995,LA,,,LA,,,ST,0.2,PB,OH,1972,FD,1995,EW,,,EW,,
5624,"RED-Rochester, LLC",10025,"RED-Rochester, LLC",NY,PB4,OP,N,N,, , ,FD, , ,DP,YR,1988,NC,,,NC,,,ST, ,NP,DA,1995,LA,,,LA,,,ST,0.2,PB,OH,1972,FD,1995,EW,,,EW,,
5670,Ebensburg Power Co,10603,Ebensburg Power,PA,031,OP,Db,,, , ,ST, , ,,, ,,,,,,,FD,0.18,NP,MO,1991,CF,MS,,MS,,,, ,,, ,FD,2016,BP,,,BP,,
5695,Desert Star Energy Center SDG&E,55077,Desert Star Energy Center,NV,1,OP,Db,Y,652,12,2010,LO,4.3, ,OT,YR,2000,NC,,,NC,,,LO,23,NH,TH,2000,LN,SR,,MS,,,LO,44.8,OT,YR,2000,,2000,,,,,,
5695,Desert Star Energy Center SDG&E,55077,Desert Star Energy Center,NV,2,OP,Db,Y,652,12,2010,LO,4.3, ,OT,YR,2000,NC,,,NC,,,LO,23,NH,TH,2000,LN,SR,,MS,,,LO,44.8,OT,YR,2000,FD,2000,,,,,,
5701,El Paso Electric Co,2444,Rio Grande,NM,6,OP,N,N,, , ,, , ,,, ,NC,,,NC,,,ST, ,NP,OH,1974,LA,,,NC,,,, ,,, ,, ,,,,,,
5701,El Paso Electric Co,2444,Rio Grande,NM,7,OP,N,N,, , ,, , ,,, ,NC,,,NC,,,ST, ,NP,OH,1974,LA,,,NC,,,, ,,, ,, ,,,,,,
5701,El Paso Electric Co,2444,Rio Grande,NM,8,OP,N,N,, , ,ST, , ,DH,DT,1972,NC,,,NC,,,ST, ,NP,OH,1974,FR,LN,LA,NC,,,ST,20,OP,NV,1972,, ,,,,,,
5701,El Paso Electric Co,3456,Newman,TX,1,OP,N,N,, , ,ST, , ,SU,NV,1974,NC,,,NC,,,ST, ,NP,OH,2003,LA,,,NC,,,ST,15,OP,SM,1973,, ,,,,,,
5701,El Paso Electric Co,3456,Newman,TX,2,OP,N,N,, , ,ST, , ,SU,NV,1974,NC,,,NC,,,ST, ,NP,OH,2003,LA,,,NC,,,ST,15,OP,SM,1973,, ,,,,,,
5701,El Paso Electric Co,3456,Newman,TX,3,OP,N,N,, , ,ST, , ,SU,NV,1974,NC,,,NC,,,ST, ,NP,OH,2003,FR,LA,,NC,,,ST,15,OP,SM,1973,, ,,,,,,
5701,El Paso Electric Co,3456,Newman,TX,HRSG1,OP,N,N,, , ,ST, , ,DH,OH,1975,NC,,,NC,,,ST, ,NH,OH,1992,H20,,,NC,,,ST,15,OP,SM,1975,, ,,,,,,
5701,El Paso Electric Co,3456,Newman,TX,HRSG2,OP,N,N,, , ,ST, , ,DH,OH,1975,NC,,,NC,,,ST, ,NH,OH,1992,H20,,,NC,,,ST,15,OP,SM,1975,, ,,,,,,
5701,El Paso Electric Co,3456,Newman,TX,HRSG3,OP,N,N,, , ,ST, , ,DH,NS,2010,NC,,,NC,,,ST, ,NH,TH,2010,NH3,SR,,NC,,,ST,15,PH,NS,2010,, ,,,,,,
5701,El Paso Electric Co,3456,Newman,TX,HRSG4,OP,N,N,, , ,ST, , ,DH,NS,2010,NC,,,NC,,,ST, ,NH,TH,2010,NH3,SR,,NC,,,ST,15,PH,NS,2010,, ,,,,,,
5748,Electric Energy Inc,887,Joppa Steam,IL,1,OP,N,N,, , ,ST,0.55, ,DP,YR,2013,SS,,,SS,,,ST,11506,OT,YR,2000,LN,,,LN,,,ST,0.2,PB,OH,1972,ST,2009,ACI,,,ACI,,
5748,Electric Energy Inc,887,Joppa Steam,IL,2,OP,N,N,, , ,ST,0.55, ,DP,YR,2013,SS,,,SS,,,ST,11506,OT,YR,2000,LN,,,LN,,,ST,0.2,PB,OH,1972,,2009,ACI,,,ACI,,
5748,Electric Energy Inc,887,Joppa Steam,IL,3,OP,N,N,, , ,ST,0.55, ,DP,YR,2013,SS,,,SS,,,ST,11506,OT,YR,2000,LN,,,LN,,,ST,0.2,PB,OH,1972,ST,2009,ACI,,,ACI,,
5748,Electric Energy Inc,887,Joppa Steam,IL,4,OP,N,N,, , ,ST,0.55, ,DP,YR,2013,SS,,,SS,,,ST,11506,OT,YR,2000,LN,,,LN,,,ST,0.2,PB,OH,1972,ST,2009,ACI,,,ACI,,
5748,Electric Energy Inc,887,Joppa Steam,IL,5,OP,N,N,, , ,ST,0.55, ,DP,YR,2013,SS,,,SS,,,ST,11506,OT,YR,2000,LN,,,LN,,,ST,0.2,PB,OH,1972,ST,2009,ACI,,,ACI,,
5748,Electric Energy Inc,887,Joppa Steam,IL,6,OP,N,N,, , ,ST,0.55, ,DP,YR,2013,SS,,,SS,,,ST,11506,OT,YR,2000,LN,,,LN,,,ST,0.2,PB,OH,1972,ST,2009,ACI,,,ACI,,
5761,Ennis Power Company LLC,55223,Ennis Power Company LLC,TX,HRSG1,OP,,,, , ,, , ,,, ,,,,,,,, ,,, ,,,,,,,, ,,, ,, ,,,,,,
5860,Empire District Electric Co,1239,Riverton,KS,39,OP,N,,, , ,, , ,,, ,,,,,,,, ,,, ,,,,,,,, ,,, ,, ,,,,,,
5860,Empire District Electric Co,1239,Riverton,KS,40,OP,N,,, , ,, , ,,, ,,,,,,,, ,,, ,,,,,,,, ,,, ,, ,,,,,,
5860,Empire District Electric Co,1239,Riverton,KS,HSG121,PL,N,,, , ,FD, , ,,, ,,,,,,,FD,15,NM,MO,2016,,,,,SR,LN,ST, ,,, ,, ,,,,,,
5860,Empire District Electric Co,1239,Riverton,KS,HSG122,PL,,,, , ,, , ,,, ,,,,,,,, ,,, ,,,,,,,, ,,, ,, ,,,,,,
5860,Empire District Electric Co,2076,Asbury,MO,1,OP,N,N,, , ,ST,12, ,DP,TH,1970,NC,,,IF,,,FD, ,NP,YR,1998,SR,OV,,SR,OV,,ST,40,OP,SM,1970,FD,2015,,,,ACI,,
5860,Empire District Electric Co,7296,State Line Combined Cycle,MO,HRSG21,OP,Db,Y,1099-003,9,1999,ST, , ,SU,DT,2001,NC,,,NC,,,ST, ,NM,MO,2001,SR,,,NC,,,ST,0.01,PB,DT,2001,, ,,,,,,
5860,Empire District Electric Co,7296,State Line Combined Cycle,MO,HRSG22,OP,Db,Y,1099-003,9,1999,ST, , ,SU,DT,2001,NC,,,NC,,,ST, ,NM,MO,2001,SR,,,SR,,,ST,0.012,PB,DT,2001,, ,,,,,,
5906,EDF Renewable Services Inc,58706,Allendale Biomass,SC,1,OP,,,, , ,, , ,,, ,,,,,,,, ,,, ,,,,,,,, ,,, ,, ,,,,,,
5906,EDF Renewable Services Inc,58706,Allendale Biomass,SC,B001,OP,,,, , ,, , ,,, ,,,,,,,, ,,, ,,,,,,,, ,,, ,, ,,,,,,
5906,EDF Renewable Services Inc,58707,Dorchester Biomass,SC,A,OP,,,, , ,, , ,,, ,,,,,,,, ,,, ,,,,,,,, ,,, ,, ,,,,,,
5906,EDF Renewable Services Inc,58707,Dorchester Biomass,SC,B001,OP,,,, , ,, , ,,, ,,,,,,,, ,,, ,,,,,,,, ,,, ,, ,,,,,,
5943,Entergy Nuc Fitzpatrick LLC,6110,James A Fitzpatrick,NY,NSS1,OP,,,, , ,, , ,,, ,,,,,,,, ,,, ,,,,,,,, ,,, ,, ,,,,,,
5956,Entergy Nuclear Vermont Yankee,3751,Vermont Yankee,VT,NSS1,OP,,,, , ,, , ,,, ,,,,,,,, ,,, ,,,,,,,, ,,, ,, ,,,,,,
6027,Entergy Nuclear Indian Point 2,2497,Indian Point 2,NY,NSS2,OP,,,, , ,, , ,,, ,,,,,,,, ,,, ,,,,,,,, ,,, ,, ,,,,,,
6028,Entergy Nuclear Indian Point 3,8907,Indian Point 3,NY,NSS3,OP,,,, , ,, , ,,, ,,,,,,,, ,,, ,,,,,,,, ,,, ,, ,,,,,,
6035,Exelon Power,3161,Eddystone Generating Station,PA,1,RE,N,N,, , ,FD, , ,DC,MO,1982,NC,,,NC,,,ST,0.29,NP,MO,1996,LN,,,NC,,,ST,0.1,PB,NV,1981,, ,,,,,,
6035,Exelon Power,3161,Eddystone Generating Station,PA,2,RE,N,N,, , ,FD, , ,DP,MO,1982,,,,,,,ST, ,NP,MO,1996,,,,,,,ST,0.1,PB,NV,1982,, ,,,,,,
6035,Exelon Power,3161,Eddystone Generating Station,PA,3,OP,N,N,, , ,FD,0.2, ,DC,NV,1974,NC,,,NC,,,FD,0.29,NP,MO,1996,OV,,,,,,FD,0.1,PB,NV,1974,, ,,,,,,
6035,Exelon Power,3161,Eddystone Generating Station,PA,4,OP,N,N,, , ,FD, , ,SU,NV,1976,NC,,,NC,,,ST, ,NP,MO,1996,OV,,,,,,ST,0.1,PB,NV,1976,, ,,,,,,
6035,Exelon Power,3453,Mountain Creek,TX,2,RE,N,N,, , ,FD, , ,DP,NV,1972,SS,SS,SS,,,,ST, ,,, ,,,,NH3,NH3,NH3,, ,,, ,, ,,,,,,
6035,Exelon Power,3453,Mountain Creek,TX,3A,RE,N,N,, , ,FD, , ,DP,NV,1972,SS,SS,SS,,,,ST, ,,, ,,,,,,,, ,,, ,, ,,,,,,
6035,Exelon Power,3453,Mountain Creek,TX,6,OP,N,N,, , ,FD,0.0006, ,DP,NV,1972,SS,SS,SS,NC,NC,NC,ST,74,OT,YR,2001,FR,,,NH3,,,, ,,, ,, ,,,,,,
6035,Exelon Power,3453,Mountain Creek,TX,7,OP,N,N,, , ,FD,0.0006, ,DP,NV,1972,SS,SS,SS,NC,NC,NC,ST,74,OT,YR,2001,FR,,,NH3,,,, ,,, ,, ,,,,,,
6035,Exelon Power,3453,Mountain Creek,TX,8,OP,N,N,, , ,FD,0.0006, ,DP,NV,1972,SS,SS,SS,NC,NC,NC,ST,74,OT,YR,2001,,,,NH3,,,, ,,, ,, ,,,,,,
6035,Exelon Power,3491,Handley,TX,1A,RE,N,N,, , ,ST, , ,DM,TH,1972,,,,,,,ST, ,NP,DA,2001,,,,,,,ST,15,OP,SM,1972,, ,,,,,,
6035,Exelon Power,3491,Handley,TX,1B,RE,N,N,, , ,ST, , ,DM,TH,1972,,,,,,,ST, ,NP,DA,2001,,,,,,,ST,15,OP,SM,1972,, ,,,,,,
6035,Exelon Power,3491,Handley,TX,2,RE,N,N,, , ,ST, , ,DM,TH,1972,,,,,,,ST, ,NP,DA,2001,,,,,,,ST,15,OP,SM,1972,, ,,,,,,
6035,Exelon Power,3491,Handley,TX,3,OP,N,N,, , ,ST, , ,DM,TH,1972,NC,,,NC,,,ST, ,NP,DA,2001,SR,,,SR,,,ST,0.1,PB,WO,1972,, ,,,,,,
6035,Exelon Power,3491,Handley,TX,4,OP,N,N,, , ,ST, , ,DM,TH,1976,NC,,,NC,,,ST, ,NP,DA,2001,SR,,,SR,,,ST,0.1,PB,WO,1976,, ,,,,,,
6035,Exelon Power,3491,Handley,TX,5,OP,N,N,, , ,ST, , ,DM,TH,1977,NC,,,NC,,,ST, ,NP,DA,2001,SR,,,SR,,,ST,0.1,PB,WO,1977,, ,,,,,,
6035,Exelon Power,7701,Fairless Hills,PA,3,RE,,,, , ,, , ,,, ,,,,,,,, ,,, ,,,,,,,, ,,, ,, ,,,,,,
6035,Exelon Power,7701,Fairless Hills,PA,4,OP,,,, , ,, , ,,, ,,,,,,,, ,,, ,,,,,,,, ,,, ,, ,,,,,,
6035,Exelon Power,7701,Fairless Hills,PA,5,OP,,,, , ,, , ,,, ,,,,,,,, ,,, ,,,,,,,, ,,, ,, ,,,,,,
6035,Exelon Power,55139,Wolf Hollow I LP,TX,HRSG1,OP,Db,Y,O2066,6,2004,ST,18.2, ,DH,OH,2003,NC,,,NC,,,ST,9,NH,OH,2003,NH3,,,NH3,,,ST,21.3,PH,OH,2003,ST,2003,,,,,,
6035,Exelon Power,55139,Wolf Hollow I LP,TX,HRSG2,OP,Db,Y,O2066,6,2004,ST,18.2, ,DH,OH,2003,NC,,,NC,,,ST,9,NH,OH,2003,NH3,,,NH3,,,ST,21.3,PH,OH,2003,ST,2003,,,,,,
6036,ESOCO Orrington LLC,50051,Penobscot Energy Recovery,ME,BLR A,OP,N,,, , ,ST, , ,,, ,,,,,,,ST,230,NM,DA,2007,OV,,,MS,,,, ,,, ,ST,2007,BP,SD,,,,
6036,ESOCO Orrington LLC,50051,Penobscot Energy Recovery,ME,BLR B,OP,N,,, , ,, , ,,, ,,,,,,,ST,230,NM,DA,2007,OV,,,MS,,,, ,,, ,ST,2007,BP,SD,,,,
6090,ExxonMobil Oil Corp,50625,ExxonMobil Beaumont Refinery,TX,15,RE,N,,, , ,ST, , ,DC,OT,1997,,,,,,,ST, ,NH,OH,2001,,,,,,,ST, ,OP,SM,1996,, ,,,,,,
6090,ExxonMobil Oil Corp,50625,ExxonMobil Beaumont Refinery,TX,16,RE,N,,, , ,ST, , ,DC,OT,1997,,,,,,,ST, ,NH,OH,2001,,,,,,,ST, ,OP,SM,1996,, ,,,,,,
6090,ExxonMobil Oil Corp,50625,ExxonMobil Beaumont Refinery,TX,17,RE,N,,, , ,ST, , ,DC,OT,1997,,,,,,,ST, ,NH,OH,2001,,,,,,,ST, ,OP,SM,1996,, ,,,,,,
6090,ExxonMobil Oil Corp,50625,ExxonMobil Beaumont Refinery,TX,18,RE,N,,, , ,ST, , ,DC,OT,1997,,,,,,,ST, ,NH,OH,2001,,,,,,,ST, ,OP,SM,1996,, ,,,,,,
6090,ExxonMobil Oil Corp,50625,ExxonMobil Beaumont Refinery,TX,19,RE,N,,, , ,ST, , ,DC,OT,1997,,,,,,,ST, ,NH,OH,2001,,,,,,,ST, ,OP,SM,1996,, ,,,,,,
6090,ExxonMobil Oil Corp,50625,ExxonMobil Beaumont Refinery,TX,22,RE,Da,Y,1202,6,1981,,0, ,DH,OH,2007,NC,,,NC,,,,0,NH,OH,2007,NC,,,NC,,,,0,PH,OH,2007,, ,,,,,,
6090,ExxonMobil Oil Corp,50625,ExxonMobil Beaumont Refinery,TX,24,OP,Db,Y,20862,5,2006,ST,2, ,DH,OH,2006,NC,,,NC,,,ST,9,NM,OH,2006,NC,,,NC,,,, ,PH,OH,2006,, ,,,,,,
6090,ExxonMobil Oil Corp,50625,ExxonMobil Beaumont Refinery,TX,32,RE,N,,, , ,ST, , ,DC,OT,1997,,,,,,,ST, ,NH,OH,2001,,,,,,,ST,0,OP,SM,1996,, ,,,,,,
6090,ExxonMobil Oil Corp,50625,ExxonMobil Beaumont Refinery,TX,33,OP,N,Y,56259,5,2006,ST,18.61, ,DH,OH,2006,NC,,,NC,,,ST,42.78,NH,OH,2006,NC,,,NC,,,ST,2.1,PH,OH,2006,, ,,,,,,
6090,ExxonMobil Oil Corp,50625,ExxonMobil Beaumont Refinery,TX,34,OP,N,Y,56259,5,2006,ST,18.61, ,DH,OH,2006,NC,,,NC,,,ST,42.78,NH,OH,2006,NC,,,NC,,,ST,5.35,PH,OH,2006,, ,,,,,,
6090,ExxonMobil Oil Corp,50625,ExxonMobil Beaumont Refinery,TX,41,OP,Db,Y,19566,9,2007,ST,47.95, ,DH,OH,2007,NC,,,NC,,,ST,66.32,NH,OH,2007,NC,,,NC,,,ST,11.7,PH,OH,2007,, ,,,,,,
6090,ExxonMobil Oil Corp,50625,ExxonMobil Beaumont Refinery,TX,42,OP,Db,Y,19566,9,2007,ST, , ,DH,OH,2007,NC,,,NC,,,ST,66.32,NH,OH,2007,NC,,,NC,,,ST,11.4,PH,OH,2007,, ,,,,,,
6090,ExxonMobil Oil Corp,50625,ExxonMobil Beaumont Refinery,TX,43,OP,Db,Y,19566,9,2007,ST,47.95, ,DH,OH,2007,NC,,,NC,,,ST,66.32,NH,OH,2007,NC,,,NC,,,ST,11.4,PH,OH,2007,, ,,,,,,
6132,City of Fairbury,2236,Fairbury,NE,1,OP,,,, , ,, , ,,, ,,,,,,,, ,,, ,,,,,,,, ,,, ,, ,,,,,,
6204,City of Farmington - (NM),55977,Bluffview,NM,1,OP,Db,,, , ,, , ,,, ,,,,,,,FD,0.2,NP,OH,2005,NH3,NC,SR,NH3,NC,SR,, ,,, ,, ,,,,,,
6306,Fibrominn LLC,55867,Fibrominn Biomass Power Plant,MN,B1,OP,,,, , ,, , ,,, ,,,,,,,ST,0.16,NP,MO,2007,NH3,NC,MS,NC,,,, ,,, ,, ,,,,,,
6452,Florida Power & Light Co,609,Cape Canaveral,FL,1,OP,N,N,, , ,ST, , ,SU,MO,2013,NC,,,,,,ST, ,NM,MO,2013,MS,,,,,,ST,2,PC,MO,2013,, ,,,,,,
6452,Florida Power & Light Co,609,Cape Canaveral,FL,2,OP,N,N,, , ,, , ,,, ,NC,,,,,,, ,,, ,MS,,,,,,, ,,, ,, ,,,,,,
6452,Florida Power & Light Co,609,Cape Canaveral,FL,3,OP,N,N,, , ,, , ,,, ,NC,,,,,,, ,,, ,MS,,,,,,, ,,, ,, ,,,,,,
6452,Florida Power & Light Co,609,Cape Canaveral,FL,PCC1,RE,N,N,, , ,ST, , ,DP,NV,1981,,,,,,,, ,,, ,,,,,,,ST,0.1,PB,NV,1983,, ,,,,,,
6452,Florida Power & Light Co,609,Cape Canaveral,FL,PCC2,RE,N,N,, , ,ST, , ,DP,NV,1981,,,,,,,, ,,, ,,,,,,,ST, ,PB,NV,1983,, ,,,,,,
6452,Florida Power & Light Co,612,Fort Myers,FL,2A,OP,,,, , ,, , ,,, ,,,,,,,, ,,, ,,,,,,,, ,,, ,, ,,,,,,
6452,Florida Power & Light Co,612,Fort Myers,FL,2B,OP,,,, , ,, , ,,, ,,,,,,,, ,,, ,,,,,,,, ,,, ,, ,,,,,,
6452,Florida Power & Light Co,612,Fort Myers,FL,2C,OP,,,, , ,, , ,,, ,,,,,,,, ,,, ,,,,,,,, ,,, ,, ,,,,,,
6452,Florida Power & Light Co,612,Fort Myers,FL,2D,OP,,,, , ,, , ,,, ,,,,,,,, ,,, ,,,,,,,, ,,, ,, ,,,,,,
6452,Florida Power & Light Co,612,Fort Myers,FL,2E,OP,,,, , ,, , ,,, ,,,,,,,, ,,, ,,,,,,,, ,,, ,, ,,,,,,
6452,Florida Power & Light Co,612,Fort Myers,FL,2F,OP,,,, , ,, , ,,, ,,,,,,,, ,,, ,,,,,,,, ,,, ,, ,,,,,,
6452,Florida Power & Light Co,613,Lauderdale,FL,4A,OP,,,, , ,, , ,,, ,,,,,,,, ,,, ,,,,,,,, ,,, ,, ,,,,,,
6452,Florida Power & Light Co,613,Lauderdale,FL,4B,OP,,,, , ,, , ,,, ,,,,,,,, ,,, ,,,,,,,, ,,, ,, ,,,,,,
6452,Florida Power & Light Co,613,Lauderdale,FL,5A,OP,,,, , ,, , ,,, ,,,,,,,, ,,, ,,,,,,,, ,,, ,, ,,,,,,
6452,Florida Power & Light Co,613,Lauderdale,FL,5B,OP,,,, , ,, , ,,, ,,,,,,,, ,,, ,,,,,,,, ,,, ,, ,,,,,,
6452,Florida Power & Light Co,617,Port Everglades,FL,PPE1,RE,N,N,, , ,ST, , ,DP,NV,1982,,,,,,,ST, ,NP,MO,1995,,,,,,,ST,0.1,PB,NV,1982,, ,,,,,,
6452,Florida Power & Light Co,617,Port Everglades,FL,PPE2,re,N,N,, , ,ST, , ,DP,NV,1982,,,,,,,ST, ,NP,MO,1995,,,,,,,ST,0.1,PB,NV,1982,, ,,,,,,
6452,Florida Power & Light Co,617,Port Everglades,FL,PPE3,re,N,N,, , ,ST, , ,DP,NV,1982,,,,,,,ST, ,NP,MO,1993,,,,,,,ST,0.1,PB,NV,1982,, ,,,,,,
6452,Florida Power & Light Co,617,Port Everglades,FL,PPE4,re,N,N,, , ,ST, , ,DP,NV,1982,,,,,,,ST, ,NP,MO,1993,,,,,,,ST,0.1,PB,NV,1982,, ,,,,,,
6452,Florida Power & Light Co,619,Riviera,FL,1,CO,N,,, , ,ST, , ,SU,MO,2014,,,,,,,ST, ,NM,MO,2014,,,,,,,ST,2,PC,MO,2014,, ,,,,,,
6452,Florida Power & Light Co,619,Riviera,FL,PRV3,RE,N,N,, , ,ST, , ,DP,NV,1982,,,,,,,ST, ,NP,MO,1995,,,,,,,ST,0.1,PB,NV,1982,, ,,,,,,
6452,Florida Power & Light Co,619,Riviera,FL,PRV4,RE,N,N,, , ,ST, , ,DP,NV,1982,,,,,,,ST, ,NP,MO,1995,,,,,,,ST,0.1,PB,NV,1982,, ,,,,,,
6452,Florida Power & Light Co,620,Sanford,FL,PSN3,RE,N,N,, , ,ST, , ,DP,NV,1982,,,,,,,, ,,, ,,,,,,,ST,0.1,PB,NV,1982,, ,,,,,,
6452,Florida Power & Light Co,620,Sanford,FL,PSN4,op,,,, , ,, , ,,, ,,,,,,,, ,,, ,,,,,,,, ,,, ,, ,,,,,,
6452,Florida Power & Light Co,620,Sanford,FL,PSN5,OP,N,,, , ,, , ,,, ,,,,,,,, ,,, ,,,,,,,, ,,, ,, ,,,,,,
6452,Florida Power & Light Co,621,Turkey Point,FL,NSS3,OP,N,,, , ,, , ,,, ,,,,,,,, ,,, ,,,,,,,, ,,, ,, ,,,,,,
6452,Florida Power & Light Co,621,Turkey Point,FL,NSS4,OP,N,,, , ,, , ,,, ,,,,,,,, ,,, ,,,,,,,, ,,, ,, ,,,,,,
6452,Florida Power & Light Co,621,Turkey Point,FL,PTP1,OP,N,N,, , ,LO, , ,DP,NV,1982,NC,,,NC,,,ST, ,NP,MO,1995,MS,,,NC,,,ST,0.1,PB,NV,1982,, ,,,,,,
6452,Florida Power & Light Co,621,Turkey Point,FL,PTP2,OP,N,N,, , ,LO, , ,DP,NV,1982,NC,,,NC,,,ST, ,NP,MO,1995,MS,,,MS,,,ST,0.1,PB,NV,1982,, ,,,,,,
6452,Florida Power & Light Co,621,Turkey Point,FL,PTP5,OP,N,,, , ,, , ,,, ,NC,,,NC,,,, ,,, ,LN,STM,SR,LN,STM,SR,, ,,, ,, ,,,,,,
6452,Florida Power & Light Co,6042,Manatee,FL,3A,OP,Da,N,, , ,, , ,,, ,,,,,,,, ,,, ,SR,,,SR,,,, ,,, ,, ,,,,,,
6452,Florida Power & Light Co,6042,Manatee,FL,3B,OP,Da,N,, , ,, , ,,, ,,,,,,,, ,,, ,SR,,,SR,,,, ,,, ,, ,,,,,,
6452,Florida Power & Light Co,6042,Manatee,FL,3C,OP,Da,N,, , ,, , ,,, ,,,,,,,, ,,, ,SR,,,SR,,,, ,,, ,, ,,,,,,
6452,Florida Power & Light Co,6042,Manatee,FL,3D,OP,Da,N,, , ,, , ,,, ,,,,,,,, ,,, ,SR,,,SR,,,, ,,, ,, ,,,,,,
6452,Florida Power & Light Co,6042,Manatee,FL,PMT1,OP,N,N,, , ,ST, , ,DP,NV,1982,NC,,,NC,,,ST, ,NP,MO,1982,OV,FU,LN,NC,,,ST,0.1,PB,NV,1982,, ,,,,,,
6452,Florida Power & Light Co,6042,Manatee,FL,PMT2,OP,N,N,, , ,ST, , ,DP,NV,1982,NC,,,NC,,,ST, ,NP,MO,1982,OV,FU,LN,NC,,,ST,0.1,PB,NV,1982,, ,,,,,,
6452,Florida Power & Light Co,6043,Martin,FL,PMR1,OP,D,N,, , ,FD, , ,DP,NV,1980,NC,,SS,NC,,,FD, ,NP,NV,1980,SR,,,SR,,,FD,0.1,PB,NV,1980,, ,,,,,,
6452,Florida Power & Light Co,6043,Martin,FL,PMR2,OP,D,N,, , ,FD, , ,DP,NV,1980,NC,,SS,NC,,,FD, ,NP,NV,1980,SR,,,SR,,,FD,0.1,PB,NV,1980,, ,,,,,,
6452,Florida Power & Light Co,6043,Martin,FL,PMR3,OP,N,,, , ,, , ,,, ,,,,,,,, ,,, ,,,,,,,, ,,, ,, ,,,,,,
6452,Florida Power & Light Co,6043,Martin,FL,PMR4,OP,N,,, , ,, , ,,, ,,,,,,,, ,,, ,,,,,,,, ,,, ,, ,,,,,,
6452,Florida Power & Light Co,6043,Martin,FL,PMR8A,OP,Da,N,, , ,ST, , ,SU,NV,2004,NC,,,NC,,,ST, ,NM,TH,2004,LN,NH3,SR,NC,,,ST,37,PH,PS,2004,, ,,,,,,
6452,Florida Power & Light Co,6043,Martin,FL,PMR8B,OP,Da,N,, , ,ST, , ,SU,NV,2004,NC,,,NC,,,ST, ,NM,TH,2004,LN,NH3,SR,NC,,,ST,37,PH,PS,2004,, ,,,,,,
6452,Florida Power & Light Co,6043,Martin,FL,PMR8C,OP,Da,N,, , ,ST, , ,SU,NV,2004,NC,,,NC,,,ST, ,NM,TH,2004,LN,NH3,SR,NC,,,ST,37,PH,PS,2004,, ,,,,,,
6452,Florida Power & Light Co,6043,Martin,FL,PMR8D,OP,Da,N,, , ,ST, , ,SU,NV,2004,NC,,,NC,,,ST, ,NM,TH,2004,LN,NH3,SR,NC,,,ST,37,PH,PS,2004,, ,,,,,,
6452,Florida Power & Light Co,6045,St Lucie,FL,NSS1,OP,,,, , ,, , ,,, ,,,,,,,, ,,, ,,,,,,,, ,,, ,, ,,,,,,
6452,Florida Power & Light Co,6045,St Lucie,FL,NSS2,OP,,,, , ,, , ,,, ,,,,,,,, ,,, ,,,,,,,, ,,, ,, ,,,,,,
6452,Florida Power & Light Co,6246,Putnam,FL,HRSG11,OP,N,N,, , ,ST, , ,DP,NV,1982,NC,,,NC,,,, ,,, ,,,,,,,, ,,, ,, ,,,,,,
6452,Florida Power & Light Co,6246,Putnam,FL,HRSG12,OP,N,N,, , ,ST, , ,DP,NV,1982,NC,,,NC,,,, ,,, ,,,,,,,, ,,, ,, ,,,,,,
6452,Florida Power & Light Co,6246,Putnam,FL,HRSG21,OP,N,N,, , ,ST, , ,DP,NV,1982,NC,,,NC,,,, ,,, ,,,,,,,, ,,, ,, ,,,,,,
6452,Florida Power & Light Co,6246,Putnam,FL,HRSG22,OP,N,N,, , ,ST, , ,DP,NV,1982,NC,,,NC,,,, ,,, ,,,,,,,, ,,, ,, ,,,,,,
6452,Florida Power & Light Co,56407,West County Energy Center,FL,PWC11,OP,Dc,Y,PSD-FL-354,1,2007,ST, , ,SU,NV,2010,NC,,,NC,,,ST, ,NM,DA,2010,LN,NH3,,NC,,,ST,2,PC,PS,2010,, ,,,,,,
6452,Florida Power & Light Co,56407,West County Energy Center,FL,PWC12,OP,Dc,Y,PSD-FL-354,1,2007,ST, , ,SU,NV,2010,NC,,,NC,,,ST, ,NM,DA,2010,LN,NH3,,NC,,,ST,2,PC,PS,2010,, ,,,,,,
6452,Florida Power & Light Co,56407,West County Energy Center,FL,PWC13,OP,Dc,Y,PSD-FL-354,1,2007,ST, , ,SU,NV,2010,NC,,,NC,,,ST, ,NM,DA,2010,LN,NH3,,NC,,,ST,2,PC,PS,2010,, ,,,,,,
6452,Florida Power & Light Co,56407,West County Energy Center,FL,PWC21,OP,Dc,Y,PSD-FL-354,1,2007,ST, , ,SU,NV,2010,NC,,,NC,,,ST, ,NM,DA,2010,LN,NH3,,NC,,,ST,2,PC,PS,2010,, ,,,,,,
6452,Florida Power & Light Co,56407,West County Energy Center,FL,PWC22,OP,Dc,Y,PSD-FL-354,1,2007,ST, , ,SU,NV,2010,NC,,,NC,,,ST, ,NM,DA,2010,LN,NH3,,NC,,,ST,2,PC,PS,2010,, ,,,,,,
6452,Florida Power & Light Co,56407,West County Energy Center,FL,PWC23,OP,Dc,Y,PSD-FL-354,1,2007,ST, , ,SU,NV,2010,NC,,,NC,,,ST, ,NM,DA,2010,LN,NH3,,NC,,,ST,2,PC,PS,2010,, ,,,,,,
6452,Florida Power & Light Co,56407,West County Energy Center,FL,PWC31,OP,Dc,Y,PSD-FL-354,1,2007,ST, , ,SU,NV,2011,NC,,,NC,,,ST, ,NM,DA,2011,LN,NH3,,NC,,,ST,2,PC,PS,2011,, ,,,,,,
6452,Florida Power & Light Co,56407,West County Energy Center,FL,PWC32,OP,Dc,Y,PSD-FL-354,1,2007,ST, , ,SU,NV,2011,NC,,,NC,,,ST, ,NM,DA,2011,LN,NH3,,NC,,,ST,2,PC,PS,2011,, ,,,,,,
6452,Florida Power & Light Co,56407,West County Energy Center,FL,PWC33,OP,Dc,Y,PSD-FL-354,1,2007,ST, , ,SU,NV,2011,NC,,,NC,,,ST, ,NM,DA,2011,LN,NH3,,NC,,,ST,2,PC,PS,2011,, ,,,,,,
6455,"Duke Energy Florida, Inc",628,Crystal River,FL,1,OP,N,Y,7,6,1999,ST,2.1, ,DP,DA,1975,NC,,,ND,,,FD,0.57,NP,YR,1975,NC,LN,MS,ND,,,ST,0.1,PB,DT,1975,FD,2016,ND,,,EK,ACI,
6455,"Duke Energy Florida, Inc",628,Crystal River,FL,2,OP,N,Y,7,6,1999,ST,2.1, ,DP,DA,1975,NC,,,ND,,,FD,0.57,NP,YR,1975,NC,MS,LN,ND,,,ST,0.1,PB,DT,1975,FD,2016,ND,,,EK,ACI,
6455,"Duke Energy Florida, Inc",628,Crystal River,FL,4,OP,D,Y,383,5,2007,ST,0.27, ,DP,MO,2010,IF,,,ND,,,ST,2085,OT,YR,2010,LN,SR,,ND,,,FD,0.03,PB,DT,1982,FD,2015,EK,SP,,ND,,
6455,"Duke Energy Florida, Inc",628,Crystal River,FL,5,OP,D,Y,383,5,2007,ST,0.27, ,DP,MO,2009,IF,,,ND,,,ST,2085,OT,YR,2009,LN,SR,,ND,,,FD,0.03,PB,DT,1984,FD,2015,EK,SP,,ND,,
6455,"Duke Energy Florida, Inc",628,Crystal River,FL,NSS3,RE,N,N,, , ,, , ,,, ,,,,,,,, ,,, ,,,,,,,, ,,, ,, ,,,,,,
6455,"Duke Energy Florida, Inc",634,P L Bartow,FL,1,RE,N,N,, , ,ST, , ,DP,NV,1975,,,,,,,, ,,, ,,,,,,,ST,0.1,PB,TH,1975,, ,,,,,,
6455,"Duke Energy Florida, Inc",634,P L Bartow,FL,2,RE,N,N,, , ,ST, , ,DP,NV,1975,,,,,,,, ,,, ,,,,,,,ST,0.1,PB,TH,1975,, ,,,,,,
6455,"Duke Energy Florida, Inc",634,P L Bartow,FL,3,RE,N,N,, , ,ST, , ,DP,NV,1975,,,,,,,, ,,, ,,,,,,,ST,0.1,PB,TH,1975,, ,,,,,,
6455,"Duke Energy Florida, Inc",634,P L Bartow,FL,4A,OP,N,Y,PSD-FL-381,1,2007,FD, , ,DP,NV,2009,ND,,,ND,,,FD, ,NM,MO,2009,ND,,,ND,,,ST,10,OP,SM,2009,, ,,,,,,
6455,"Duke Energy Florida, Inc",634,P L Bartow,FL,4B,OP,N,Y,PSD-FL-381,1,2007,FD, , ,DP,NV,2009,ND,,,ND,,,FD, ,NM,MO,2009,ND,,,ND,,,ST,10,OP,SM,2009,, ,,,,,,
6455,"Duke Energy Florida, Inc",634,P L Bartow,FL,4C,OP,N,Y,PSD-FL-381,1,2007,FD, , ,DP,NV,2009,ND,,,ND,,,FD, ,NM,MO,2009,ND,,,ND,,,ST,10,OP,SM,2009,, ,,,,,,
6455,"Duke Energy Florida, Inc",634,P L Bartow,FL,4D,OP,N,Y,PSD-FL-381,1,2007,FD, , ,DP,NV,2009,ND,,,ND,,,FD, ,NM,MO,2009,ND,,,ND,,,ST,10,OP,SM,2009,, ,,,,,,
6455,"Duke Energy Florida, Inc",638,Suwannee River,FL,1,OP,N,N,, , ,ST, , ,DP,NV,1975,ND,,,ND,,,, ,,, ,,,,,,,ST,0.1,PB,TH,1975,, ,,,,,,
6455,"Duke Energy Florida, Inc",638,Suwannee River,FL,2,OP,N,N,, , ,ST, , ,DP,NV,1975,ND,,,ND,,,, ,,, ,,,,,,,ST,0.1,PB,TH,1975,, ,,,,,,
6455,"Duke Energy Florida, Inc",638,Suwannee River,FL,3,OP,N,N,, , ,ST, , ,DP,NV,1975,ND,,,ND,,,, ,,, ,,,,,,,ST,0.1,PB,TH,1975,, ,,,,,,
6455,"Duke Energy Florida, Inc",7302,Hines Energy Complex,FL,1A,OP,,,, , ,, , ,,, ,,,,,,,, ,,, ,,,,,,,, ,,, ,, ,,,,,,
6455,"Duke Energy Florida, Inc",7302,Hines Energy Complex,FL,1B,OP,,,, , ,, , ,,, ,,,,,,,, ,,, ,,,,,,,, ,,, ,, ,,,,,,
6455,"Duke Energy Florida, Inc",7302,Hines Energy Complex,FL,2A,OP,,,, , ,, , ,,, ,,,,,,,, ,,, ,,,,,,,, ,,, ,, ,,,,,,
6455,"Duke Energy Florida, Inc",7302,Hines Energy Complex,FL,2B,OP,,,, , ,, , ,,, ,,,,,,,, ,,, ,,,,,,,, ,,, ,, ,,,,,,
6455,"Duke Energy Florida, Inc",7302,Hines Energy Complex,FL,3A,OP,,,, , ,, , ,,, ,,,,,,,, ,,, ,,,,,,,, ,,, ,, ,,,,,,
6455,"Duke Energy Florida, Inc",7302,Hines Energy Complex,FL,3B,OP,,,, , ,, , ,,, ,,,,,,,, ,,, ,,,,,,,, ,,, ,, ,,,,,,
6455,"Duke Energy Florida, Inc",7302,Hines Energy Complex,FL,4A,OP,,,, , ,, , ,,, ,,,,,,,, ,,, ,,,,,,,, ,,, ,, ,,,,,,
6455,"Duke Energy Florida, Inc",7302,Hines Energy Complex,FL,4B,OP,,,, , ,, , ,,, ,,,,,,,, ,,, ,,,,,,,, ,,, ,, ,,,,,,
6455,"Duke Energy Florida, Inc",8048,Anclote,FL,1,OP,N,N,, , ,ST, , ,DP,NV,1975,,,,,,,, ,,, ,,,,,,,ST,0.1,PB,TH,1975,, ,ND,,,ND,,
6455,"Duke Energy Florida, Inc",8048,Anclote,FL,2,OP,N,N,, , ,ST, , ,DP,NV,1978,,,,,,,, ,,, ,,,,,,,ST,0.1,PB,TH,1978,, ,ND,,,ND,,
6519,Frontera Generation Limited Partnership,55098,Frontera Energy Center,TX,HRSG1,OP,,,, , ,, , ,,, ,,,,,,,, ,,, ,,,,,,,, ,,, ,, ,,,,,,
6519,Frontera Generation Limited Partnership,55098,Frontera Energy Center,TX,HRSG2,OP,,,, , ,, , ,,, ,,,,,,,, ,,, ,,,,,,,, ,,, ,, ,,,,,,
6526,FirstEnergy Generation Corp,2835,FirstEnergy Ashtabula,OH,10,RE,N,,, , ,ST, , ,DP,MO,1981,NC,,,UP,,,ST, ,NP,YR,2000,,,,AA,,,ST,0.12,PB,TH,1979,, ,,,,,,
6526,FirstEnergy Generation Corp,2835,FirstEnergy Ashtabula,OH,11,RE,N,,, , ,ST, , ,DP,MO,1981,,,,,,,ST, ,NP,YR,2000,,,,,,,ST,0.12,PB,TH,1979,FD, ,,,,,,
6526,FirstEnergy Generation Corp,2835,FirstEnergy Ashtabula,OH,7,OP,N,N,, , ,ST, , ,DP,MO,1981,NC,,,NC,,,ST, ,NP,YR,1996,UE,,,NC,,,ST,0.1,PB,PS,1981,, ,ND,,,ND,,
6526,FirstEnergy Generation Corp,2835,FirstEnergy Ashtabula,OH,8,RE,N,,, , ,ST, , ,DP,MO,1981,,,,,,,ST, ,NP,YR,2000,,,,,,,ST,0.12,PB,TH,1979,FD, ,ND,,,ND,,
6526,FirstEnergy Generation Corp,2837,FirstEnergy Eastlake,OH,1,OP,N,N,, , ,ST, , ,DP,MO,1981,NC,,,UP,,,ST, ,NP,YR,1996,UE,,,UE,,,ST,0.1,PB,PS,1979,, ,ND,,,ND,,
6526,FirstEnergy Generation Corp,2837,FirstEnergy Eastlake,OH,2,OP,N,N,, , ,ST, , ,DP,MO,1981,NC,,,UP,,,ST, ,NP,YR,2000,UE,,,UE,,,ST,0.1,PB,PS,1981,, ,ND,,,ND,,
6526,FirstEnergy Generation Corp,2837,FirstEnergy Eastlake,OH,3,OP,N,N,, , ,ST, , ,DP,MO,1981,NC,,,UP,,,ST, ,NP,YR,1996,UE,,,UE,,,ST,0.1,PB,PS,1980,, ,ND,,,ND,,
6526,FirstEnergy Generation Corp,2837,FirstEnergy Eastlake,OH,4,RE,N,N,, , ,ST, , ,DP,MO,1981,NC,,,UP,,,ST, ,NP,YR,1996,NC,,,UE,,,ST,0.1,PB,PS,1980,, ,,,,,,
6526,FirstEnergy Generation Corp,2837,FirstEnergy Eastlake,OH,5,RE,N,N,, , ,ST, , ,DP,MO,1981,NC,,,UP,,,ST, ,NP,YR,1996,NC,,,UE,,,ST,0.1,PB,PS,1981,, ,,,,,,
6526,FirstEnergy Generation Corp,2838,FirstEnergy Lake Shore,OH,18,OP,N,N,, , ,ST, , ,DP,MO,1981,NC,,,UP,,,ST, ,NP,YR,2000,UE,,,UE,,,ST,0.1,PB,PS,1981,, ,ND,,,ND,,
6526,FirstEnergy Generation Corp,2866,FirstEnergy W H Sammis,OH,1,OP,N,N,, , ,ST, , ,DP,MO,1979,NC,,,NC,,,ST, ,NP,YR,2000,NC,,,NC,,,ST,0.1,PB,PS,1983,, ,ND,,,ND,,
6526,FirstEnergy Generation Corp,2866,FirstEnergy W H Sammis,OH,2,OP,N,N,, , ,ST, , ,DP,MO,1979,NC,,,NC,,,ST, ,NP,YR,2000,NC,,,NC,,,ST,0.1,PB,PS,1982,, ,ND,,,ND,,
6526,FirstEnergy Generation Corp,2866,FirstEnergy W H Sammis,OH,3,OP,N,N,, , ,ST, , ,DP,MO,1979,NC,,,NC,,,ST, ,NP,YR,2000,NC,,,NC,,,ST,0.1,PB,PS,1982,, ,ND,,,ND,,
6526,FirstEnergy Generation Corp,2866,FirstEnergy W H Sammis,OH,4,OP,N,N,, , ,ST, , ,DP,MO,1979,NC,,,NC,,,ST, ,NP,YR,2000,NC,,,NC,,,ST,0.1,PB,PS,1982,, ,ND,,,ND,,
6526,FirstEnergy Generation Corp,2866,FirstEnergy W H Sammis,OH,5,OP,N,N,, , ,ST, , ,DP,MO,1979,NC,,,NC,,,ST, ,NP,YR,1996,NC,,,NC,,,ST,0.1,PB,PS,1984,, ,ND,,,ND,,
6526,FirstEnergy Generation Corp,2866,FirstEnergy W H Sammis,OH,6,OP,N,N,, , ,ST, , ,DP,MO,1979,NC,,,NC,,,ST, ,NP,YR,1996,NC,,,NC,,,ST,0.1,PB,PS,1984,, ,ND,,,ND,,
6526,FirstEnergy Generation Corp,2866,FirstEnergy W H Sammis,OH,7,OP,N,N,, , ,ST, , ,DP,MO,1979,NC,,,NC,,,ST, ,NP,YR,2000,NC,,,NC,,,ST,0.1,PB,PS,1982,, ,ND,,,ND,,
6526,FirstEnergy Generation Corp,2878,FirstEnergy Bay Shore,OH,1,OP,Da,Y,"04-0056, 04-48-02-0006",6,1997,ST, , ,DP,MO,2001,NC,,,NC,,,ST, ,NP,MO,2001,NC,,,NC,,,ST,0.02,PB,PS,2001,, ,ND,,,ND,,
6526,FirstEnergy Generation Corp,2878,FirstEnergy Bay Shore,OH,2,RE,N,N,, , ,ST, , ,DP,DA,1981,,,,,,,ST, ,NP,YR,2000,,,,,,,ST,0.1,PB,PS,1983,, ,,,,,,
6526,FirstEnergy Generation Corp,2878,FirstEnergy Bay Shore,OH,3,RE,N,N,, , ,ST, , ,DP,DA,1981,,,,,,,ST, ,NP,YR,2000,,,,,,,ST,0.1,PB,PS,1983,, ,,,,,,
6526,FirstEnergy Generation Corp,2878,FirstEnergy Bay Shore,OH,4,RE,N,N,, , ,ST, , ,DP,DA,1981,,,,,,,ST, ,NP,YR,2000,,,,,,,ST,0.1,PB,PS,1983,, ,,,,,,
6526,FirstEnergy Generation Corp,6094,FirstEnergy Bruce Mansfield,PA,1,OP,N,N,, , ,ST, , ,DP,MO,1976,NC,,,NC,,,ST, ,NP,MO,1996,NC,,,NC,,,ST,0.1,PB,PS,1976,, ,ND,,,ND,,
6526,FirstEnergy Generation Corp,6094,FirstEnergy Bruce Mansfield,PA,2,OP,N,N,, , ,ST, , ,DP,MO,1977,NC,,,NC,,,ST, ,NP,MO,1996,NC,,,NC,,,ST,0.1,PB,PS,1977,, ,ND,,,ND,,
6526,FirstEnergy Generation Corp,6094,FirstEnergy Bruce Mansfield,PA,3,OP,D,Y,04-00235,12,1979,ST, , ,DP,MO,1980,NC,,,NC,,,FD, ,NP,TH,1980,LN,OV,SR,NC,,,ST,0.1,PB,PS,1980,, ,ND,,,ND,,
6541,Formosa Plastics Corp,10554,Formosa Utility Venture Ltd,TX,THB-10,OP,Db,Y,19166,7,2009,ST, , ,DH,OH,1993,NC,,,NC,,,ST, ,NH,OH,1993,NC,,,NC,,,ST,5.71,PH,OH,1993,, ,,,,,,
6541,Formosa Plastics Corp,10554,Formosa Utility Venture Ltd,TX,THB-20,OP,Db,Y,19166,7,2009,ST, , ,DH,OH,1993,NC,,,NC,,,ST, ,NH,OH,1993,NC,,,NC,,,ST,5.71,PH,OH,1993,, ,,,,,,
6541,Formosa Plastics Corp,10554,Formosa Utility Venture Ltd,TX,THB-30,OP,Db,Y,19166,7,2009,ST, , ,DH,OH,1993,NC,,,NC,,,ST, ,NH,OH,1993,NC,,,NC,,,ST,5.71,PH,OH,1993,, ,,,,,,
6541,Formosa Plastics Corp,10554,Formosa Utility Venture Ltd,TX,THB-40,OP,Db,Y,19166,7,2009,ST, , ,DH,OH,1994,NC,,,NC,,,ST, ,NH,OH,1994,NC,,,NC,,,ST,5.71,PH,OH,1994,, ,,,,,,
6541,Formosa Plastics Corp,10554,Formosa Utility Venture Ltd,TX,THB-50,OP,Db,Y,19166,7,2009,ST, , ,DH,OH,1994,NC,,,NC,,,ST, ,NH,OH,1994,NC,,,NC,,,ST,5.71,PH,OH,1994,, ,,,,,,
6541,Formosa Plastics Corp,10554,Formosa Utility Venture Ltd,TX,THB-60,OP,N,Y,19166,7,2009,ST, , ,DH,OH,2003,NC,,,NC,,,ST, ,NH,OH,2003,NC,,,NC,,,ST,5,PH,OH,2003,, ,,,,,,
6541,Formosa Plastics Corp,56708,CFB Power Plant,TX,H1101,OP,Db,Y,76044,12,2010,ST, , ,SB,YR,2012,CF,NC,,NC,ND,,ST,0.07,NP,MO,2012,CF,NH3,LN,NC,ND,,ST,0.011,PB,YR,2012,ST,2012,BP,ACI,,,,
6541,Formosa Plastics Corp,56708,CFB Power Plant,TX,H1201,OP,Db,Y,76044,12,2010,ST, , ,SB,YR,2012,CF,NC,,NC,ND,,ST,0.07,NP,MO,2012,CF,NH3,LN,NC,ND,,ST,0.011,PB,YR,2012,ST,2012,BP,ACI,,,,
6564,Formosa Plastics Corp,54518,Formosa Plastics,LA,HRSG1,RE,,,, , ,, , ,,, ,,,,,,,, ,,, ,,,,,,,, ,,, ,, ,,,,,,
6564,Formosa Plastics Corp,54518,Formosa Plastics,LA,HRSG2,OP,,,, , ,, , ,,, ,,,,,,,, ,,, ,,,,,,,, ,,, ,, ,,,,,,
6564,Formosa Plastics Corp,54518,Formosa Plastics,LA,HRSG3,OP,,,, , ,, , ,,, ,,,,,,,, ,,, ,,,,,,,, ,,, ,, ,,,,,,
6564,Formosa Plastics Corp,54518,Formosa Plastics,LA,RE,RE,,,, , ,, , ,,, ,,,,,,,, ,,, ,,,,,,,, ,,, ,, ,,,,,,
6589,Georgia-Pacific Consr Prods LP-Muskogee,10362,Muskogee Mill,OK,BLR1,SB,D,N,, , ,FD,0.2, ,DP,NV,1978,NC,,,NC,,,FD,0.2,NP,NV,1978,NC,,,NC,,,FD,0.1,PB,NV,1978,FD,2016,,,,,,
6589,Georgia-Pacific Consr Prods LP-Muskogee,10362,Muskogee Mill,OK,BLR2,OP,D,N,, , ,FD,1.2, ,DP,NV,1979,NC,,,NC,,,FD,0.7,NP,NV,1979,,,,,,,FD,0.1,PB,NV,1979,FD,2016,EW,,,EW,BP,ACI
6589,Georgia-Pacific Consr Prods LP-Muskogee,10362,Muskogee Mill,OK,BLR3,OP,D,N,, , ,FD,1.2, ,DP,NV,1980,NC,,,NC,,,FD,0.7,NP,NV,1980,,,,,,,FD,0.1,PB,NV,1980,FD,2016,BP,,,BP,ACI,
6589,Georgia-Pacific Consr Prods LP-Muskogee,10362,Muskogee Mill,OK,BLR4,OP,D,N,, , ,FD,1.2, ,DP,NV,1984,NC,,,NC,,,FD,0.7,NP,NV,1984,LN,,,LN,,,FD,0.1,PB,NV,1984,FD,2016,BP,,,BP,ACI,
6616,Fort Pierce Utilities Authority,56400,Treasure Coast Energy Center,FL,HRSG1,OP,N,N,, , ,ST,2,0,OT,NV,2008,NC,,,NC,,,ST,2,OT,DA,2008,NC,,,NC,,,ST,0,OT,NV,2008,, ,,,,,,
6693,FPL Energy Marcus Hook LP,55801,FPL Energy Marcus Hook LP,PA,HRSG1,OP,Db,N,PA-23-0089, , ,, , ,,, ,,,,,,,, ,,, ,,,,,,,, ,,, ,, ,,,,,,
6693,FPL Energy Marcus Hook LP,55801,FPL Energy Marcus Hook LP,PA,HRSG2,OP,Db,N,PA-23-0089, , ,, , ,,, ,,,,,,,, ,,, ,,,,,,,, ,,, ,, ,,,,,,
6693,FPL Energy Marcus Hook LP,55801,FPL Energy Marcus Hook LP,PA,HRSG3,OP,Db,N,PA-23-0089, , ,, , ,,, ,,,,,,,, ,,, ,,,,,,,, ,,, ,, ,,,,,,
6738,Franklin Heating Station,54224,Franklin Heating Station,MN,SG1,OP,N,,, , ,, , ,,, ,,,,,,,, ,,, ,,,,,,,, ,,, ,, ,,,,,,
6738,Franklin Heating Station,54224,Franklin Heating Station,MN,SG2,OP,N,,, , ,, , ,,, ,,,,,,,, ,,, ,,,,,,,, ,,, ,, ,,,,,,
6738,Franklin Heating Station,54224,Franklin Heating Station,MN,SG3,OP,N,,, , ,, , ,,, ,,,,,,,, ,,, ,,,,,,,, ,,, ,, ,,,,,,
6738,Franklin Heating Station,54224,Franklin Heating Station,MN,SG4,OP,N,,, , ,, , ,,, ,,,,,,,, ,,, ,,,,,,,, ,,, ,, ,,,,,,
6763,Freestone Power Generation LLC,55226,Freestone Energy Center,TX,1,OP,,,, , ,, , ,,, ,,,,,,,, ,,, ,,,,,,,, ,,, ,, ,,,,,,
6763,Freestone Power Generation LLC,55226,Freestone Energy Center,TX,2,OP,,,, , ,, , ,,, ,,,,,,,, ,,, ,,,,,,,, ,,, ,, ,,,,,,
6763,Freestone Power Generation LLC,55226,Freestone Energy Center,TX,3,OP,,,, , ,, , ,,, ,,,,,,,, ,,, ,,,,,,,, ,,, ,, ,,,,,,
6763,Freestone Power Generation LLC,55226,Freestone Energy Center,TX,4,OP,,,, , ,, , ,,, ,,,,,,,, ,,, ,,,,,,,, ,,, ,, ,,,,,,
6779,City of Fremont - (NE),2240,Lon Wright,NE,6,OP,N,N,, , ,ST,2.5, ,DP,WO,1979,NC,,,NC,,,ST, ,NP,NV,1979,NC,,,NC,,,ST,63.5,PH,TH,1979,, ,,,,,,
6779,City of Fremont - (NE),2240,Lon Wright,NE,7,OP,N,N,, , ,ST,2.5, ,DP,WO,1979,NC,,,NC,,,ST, ,NP,NV,1979,NC,,,NC,,,ST,76.2,PH,TH,1979,, ,,,,,,
6779,City of Fremont - (NE),2240,Lon Wright,NE,8,OP,D,N,, , ,ST,1.2, ,DP,TH,1977,CU,SS,,CU,SS,,ST,0.46,NP,YR,1977,LN,,,NC,,,ST,0.1,PB,TH,1977,, ,,,,,,
6832,Entergy RISE,55107,Entergy Rhode Island State Energy LP,RI,HRSG01,OP,N,N,, , ,ST, , ,DP,OH,2002,NC,,,NC,,,ST, ,NM,OH,2002,NC,,,NC,,,ST,0.009,PB,OH,2002,, ,,,,,,
6832,Entergy RISE,55107,Entergy Rhode Island State Energy LP,RI,HRSG02,OP,N,N,, , ,ST, , ,DP,OH,2002,NC,,,NC,,,ST, ,NM,OH,2002,NC,,,NC,,,ST,0.009,PB,OH,2002,, ,,,,,,
6838,CCI Rensselaer LLC,54034,Rensselaer Cogen,NY,HRSG,OP,Db,N,, , ,ST,0.05, ,SU,DT,1994,NC,SS,,,,,ST,9,NM,OH,1994,NC,SR,STM,NC,SR,STM,, ,,, ,ST,1994,,,,,,
6844,FPLE Forney LP,55480,Forney Energy Center,TX,HRSG 1,OP,Db,Y,O-02402AR,1,2002,ST,28.4, ,DH,OH,2003,SS,,,NC,,,ST,62.2,NH,OH,2003,MS,,,MS,,,ST,14.2,PH,OH,2003,, ,,,,,,
6844,FPLE Forney LP,55480,Forney Energy Center,TX,HRSG 2,OP,Db,Y,O-02402AR,1,2002,ST,28.4, ,DH,OH,2003,SS,,,NC,,,ST,62.2,NH,OH,2003,MS,,,MS,,,ST,14.2,PH,OH,2003,, ,,,,,,
6844,FPLE Forney LP,55480,Forney Energy Center,TX,HRSG 3,OP,Db,Y,O-02402AR,1,2002,ST,28.4, ,DH,OH,2003,SS,,,NC,,,ST,62.2,NH,OH,2003,MS,,,MS,,,ST,14.2,PH,OH,2003,, ,,,,,,
6844,FPLE Forney LP,55480,Forney Energy Center,TX,HRSG 4,OP,Db,Y,O-02402AR,1,2002,ST,28.4, ,DH,OH,2003,SS,,,NC,,,ST,62.2,NH,OH,2003,MS,,,MS,,,ST,14.2,PH,OH,2003,, ,,,,,,
6844,FPLE Forney LP,55480,Forney Energy Center,TX,HRSG 5,OP,Db,Y,O-02402AR,1,2002,ST,28.4, ,DH,OH,2003,SS,,,NC,,,ST,62.2,NH,OH,2003,MS,,,MS,,,ST,14.2,PH,OH,2003,, ,,,,,,
6844,FPLE Forney LP,55480,Forney Energy Center,TX,HRSG 6,OP,Db,Y,O-02402AR,1,2002,ST,28.4, ,DH,OH,2003,SS,,,NC,,,ST,62.2,NH,OH,2003,MS,,,MS,,,ST,14.2,PH,OH,2003,, ,,,,,,
6854,NextEra Energy Seabrook LLC,6115,Seabrook,NH,NSS1,OP,,,, , ,, , ,,, ,,,,,,,, ,,, ,,,,,,,, ,,, ,, ,,,,,,
6909,Gainesville Regional Utilities,663,Deerhaven Generating Station,FL,B1,OP,N,N,, , ,ST,2.75, ,DP,PS,1972,NC,,,NC,,,, ,,, ,,,,,,,ST,0.1,PB,PS,1974,, ,,,,,,
6909,Gainesville Regional Utilities,663,Deerhaven Generating Station,FL,B2,OP,D,N,, , ,ST,1.2, ,DP,TH,1981,IF,,,NC,,,ST,0.7,NP,TH,1981,SR,OV,,NC,,,ST,0.1,PB,TH,1981,, ,,,,,,
6909,Gainesville Regional Utilities,664,John R Kelly,FL,JRK7,RE,N,,, , ,, , ,,, ,,,,,,,, ,,, ,,,,,,,, ,,, ,, ,,,,,,
6909,Gainesville Regional Utilities,664,John R Kelly,FL,JRK8,OP,,,, , ,, , ,,, ,,,,,,,, ,,, ,,,,,,,, ,,, ,, ,,,,,,
6958,City of Garland - (TX),3576,Ray Olinger,TX,BW2,OP,N,N,, , ,FD, , ,DP,YR,1995,SS,,,NC,,,FD, ,NP,DA,2000,FR,OV,,NC,,,FD,15,OP,YR,1980,, ,,,,,,
6958,City of Garland - (TX),3576,Ray Olinger,TX,BW3,OP,D,Y,807,6,2003,FD, , ,DP,YR,1995,SS,,,NC,,,FD, ,NP,DA,1978,LN,FR,OV,NC,,,FD,10,OP,YR,1978,, ,,,,,,
6958,City of Garland - (TX),3576,Ray Olinger,TX,CE1,OP,N,N,, , ,FD, , ,DP,YR,1995,SS,,,NC,,,FD, ,NP,DA,1970,FR,LN,,NC,,,FD,15,OP,YR,1970,, ,,,,,,
6958,City of Garland - (TX),4266,Spencer,TX,1,RE,N,,, , ,, , ,,, ,,,,,,,, ,,, ,,,,,,,, ,,, ,, ,,,,,,
6958,City of Garland - (TX),4266,Spencer,TX,2,RE,N,,, , ,, , ,,, ,,,,,,,, ,,, ,,,,,,,, ,,, ,, ,,,,,,
6958,City of Garland - (TX),4266,Spencer,TX,3,RE,N,,, , ,, , ,,, ,,,,,,,, ,,, ,,,,,,,, ,,, ,, ,,,,,,
6958,City of Garland - (TX),4266,Spencer,TX,4,OP,N,N,, , ,FD, , ,DP,YR,2000,SS,,,NC,,,FD, ,NP,DA,2000,FR,LN,,NC,,,FD,15,OP,YR,2000,, ,,,,,,
6958,City of Garland - (TX),4266,Spencer,TX,5,OP,N,N,, , ,FD, , ,DP,YR,2000,SS,,,NC,,,FD, ,NP,DA,2000,FR,LN,,NC,,,FD,15,OP,YR,2000,, ,,,,,,
7011,Gas Recovery Services-IL Inc,55592,Mallard Lake Electric,IL,HRSG 1,OP,,,, , ,, , ,,, ,,,,,,,, ,,, ,,,,,,,, ,,, ,, ,,,,,,
7011,Gas Recovery Services-IL Inc,55592,Mallard Lake Electric,IL,HRSG 2,OP,,,, , ,, , ,,, ,,,,,,,, ,,, ,,,,,,,, ,,, ,, ,,,,,,
7011,Gas Recovery Services-IL Inc,55592,Mallard Lake Electric,IL,HRSG 3,RE,,,, , ,, , ,,, ,,,,,,,, ,,, ,,,,,,,, ,,, ,, ,,,,,,
7043,Temple-Inland Corp,54427,Gaylord Container Bogalusa,LA,10C,OP,N,,, , ,ST, , ,,, ,,,,,,,, ,,, ,,,,,,,ST,58.3,PH,, ,, ,,,,,,
7043,Temple-Inland Corp,54427,Gaylord Container Bogalusa,LA,12,OP,N,,, , ,ST, , ,,, ,,,,,,,, ,,, ,,,,,,,ST,78.75,PH,, ,, ,,,,,,
7043,Temple-Inland Corp,54427,Gaylord Container Bogalusa,LA,20,OP,N,,, , ,ST, , ,,, ,,,,,,,, ,,, ,,,,,,,ST,27.9,PH,, ,, ,,,,,,
7043,Temple-Inland Corp,54427,Gaylord Container Bogalusa,LA,21,OP,N,,, , ,ST, , ,,, ,,,,,,,, ,,, ,,,,,,,ST,36.3,PH,, ,, ,,,,,,
7049,General Electric Aircraft Engines,10029,General Electric Aircraft Engines,MA,1,OP,,,, , ,, , ,,, ,,,,,,,ST,0.3,NP,DA,1995,LA,,,MS,,,, ,,, ,, ,,,,,,
7049,General Electric Aircraft Engines,10029,General Electric Aircraft Engines,MA,2,OP,,,, , ,, , ,,, ,,,,,,,ST,0.3,NP,DA,1995,LA,,,MS,,,, ,,, ,, ,,,,,,
7049,General Electric Aircraft Engines,10029,General Electric Aircraft Engines,MA,3,OP,,,, , ,, , ,,, ,,,,,,,ST,0.28,NP,DA,1995,FR,,,MS,,,, ,,, ,, ,,,,,,
7049,General Electric Aircraft Engines,10029,General Electric Aircraft Engines,MA,5,OP,,,, , ,, , ,,, ,,,,,,,FD,0.1,NP,MO,1989,OV,LN,,MS,,,, ,,, ,, ,,,,,,
7067,Tata Chemicals Partners,54318,General Chemical,WY,C,OP,D,,, , ,ST, , ,,, ,,,,,,,ST, ,,, ,OV,,,ND,,,, ,,, ,, ,,,,,,
7067,Tata Chemicals Partners,54318,General Chemical,WY,D,OP,D,,, , ,ST, , ,,, ,,,,,,,ST, ,,, ,OV,,,ND,,,, ,,, ,, ,,,,,,
7067,Tata Chemicals Partners,54318,General Chemical,WY,E,OP,N,,, , ,ST, , ,,, ,,,,,,,ST, ,,, ,OV,,,ND,,,, ,,, ,, ,,,,,,
7127,Georgia-Pacific Consr Prods LP-Savannah,10361,Savannah River Mill,GA,3B,OP,N,,, , ,, , ,,, ,,,,,,,FD,0.4,NP,MO,2007,CF,LA,OV,MS,,,, ,,, ,FD,2016,OT,,,,,
7127,Georgia-Pacific Consr Prods LP-Savannah,10361,Savannah River Mill,GA,4B,OP,N,,, , ,, , ,,, ,,,,,,,FD,0.4,NP,MO,2007,CF,LA,OV,MS,,,, ,,, ,FD,2016,OT,,,,,
7127,Georgia-Pacific Consr Prods LP-Savannah,10361,Savannah River Mill,GA,5B,OP,N,,, , ,, , ,,, ,,,,,,,FD,0.4,NP,MO,2007,CF,LA,OV,MS,,,, ,,, ,FD,2016,OT,,,,,
7136,Georgia-Pacific Consr Prods LP-Naheola,10699,Georgia-Pacific Consr Prods LP-Naheola,AL,1,OP,N,,, , ,, , ,,, ,,,,,,,, ,,, ,,,,,,,, ,,, ,FD,1979,EK,,,ND,,
7136,Georgia-Pacific Consr Prods LP-Naheola,10699,Georgia-Pacific Consr Prods LP-Naheola,AL,2,OP,N,,, , ,, , ,,, ,,,,,,,, ,,, ,,,,,,,, ,,, ,FD,1979,EK,,,ND,,
7136,Georgia-Pacific Consr Prods LP-Naheola,10699,Georgia-Pacific Consr Prods LP-Naheola,AL,3,OP,N,,, , ,, , ,,, ,,,,,,,, ,,, ,,,,,,,, ,,, ,, ,,,,,,
7136,Georgia-Pacific Consr Prods LP-Naheola,10699,Georgia-Pacific Consr Prods LP-Naheola,AL,4,OP,N,,, , ,, , ,,, ,,,,,,,ST,100,NM,OH,1993,MS,,,ND,,,, ,,, ,, ,,,,,,
7136,Georgia-Pacific Consr Prods LP-Naheola,10699,Georgia-Pacific Consr Prods LP-Naheola,AL,5,RE,N,,, , ,, , ,,, ,,,,,,,, ,,, ,,,,,,,, ,,, ,, ,,,,,,
7136,Georgia-Pacific Consr Prods LP-Naheola,10699,Georgia-Pacific Consr Prods LP-Naheola,AL,6,RE,N,,, , ,, , ,,, ,,,,,,,, ,,, ,,,,,,,, ,,, ,, ,,,,,,
7140,Georgia Power Co,649,Vogtle,GA,NSS1,OP,,,, , ,, , ,,, ,,,,,,,, ,,, ,,,,,,,, ,,, ,, ,,,,,,
7140,Georgia Power Co,649,Vogtle,GA,NSS2,OP,,,, , ,, , ,,, ,,,,,,,, ,,, ,,,,,,,, ,,, ,, ,,,,,,
7140,Georgia Power Co,649,Vogtle,GA,NSS3,CO,,,, , ,, , ,,, ,,,,,,,, ,,, ,,,,,,,, ,,, ,, ,,,,,,
7140,Georgia Power Co,649,Vogtle,GA,NSS4,CO,,,, , ,, , ,,, ,,,,,,,, ,,, ,,,,,,,, ,,, ,, ,,,,,,
7140,Georgia Power Co,703,Bowen,GA,1BLR,OP,N,N,, , ,ST, ,1,SR,MO,2012,IF,,,NC,,,ST,0.07,NP,MO,2003,LN,OV,SR,MS,,,ST,0.24,PB,PS,1971,, ,,,,,,
7140,Georgia Power Co,703,Bowen,GA,2BLR,OP,N,N,, , ,ST, ,1,SR,MO,2010,IF,,,NC,,,ST,0.07,NP,MO,2003,LN,SR,OV,MS,,,ST,0.24,PB,PS,1972,, ,,,,,,
7140,Georgia Power Co,703,Bowen,GA,3BLR,OP,N,N,, , ,ST, ,1,SR,MO,2010,IF,,,NC,,,ST,0.07,NP,MO,2003,LN,SR,OV,MS,,,ST,0.24,PB,PS,1974,, ,,,,,,
7140,Georgia Power Co,703,Bowen,GA,4BLR,OP,N,N,, , ,ST, ,1,SR,MO,2010,IF,,,NC,,,ST,0.07,NP,MO,2003,LN,SR,OV,MS,,,ST,0.24,PB,PS,1975,, ,,,,,,
7140,Georgia Power Co,708,Hammond,GA,1,OP,N,N,, , ,ST, ,1,SR,MO,2012,IF,,,NC,,,ST,0.42,NP,MO,2003,LN,,,MS,,,ST,0.24,PB,PS,1971,, ,,,,,,
7140,Georgia Power Co,708,Hammond,GA,2,OP,N,N,, , ,ST, ,1,SR,MO,2012,IF,,,NC,,,ST,0.42,NP,MO,2003,LN,,,MS,,,ST,0.24,PB,PS,1969,, ,,,,,,
7140,Georgia Power Co,708,Hammond,GA,3,OP,N,N,, , ,ST, ,1,SR,MO,2012,IF,,,NC,,,ST,0.42,NP,MO,2003,LN,,,MS,,,ST,0.24,PB,PS,1969,, ,,,,,,
7140,Georgia Power Co,708,Hammond,GA,4,OP,N,N,, , ,ST, ,1,SR,MO,2012,IF,,,NC,,,ST,0.07,NP,MO,2003,LN,AA,SR,MS,,,ST,0.24,PB,PS,1969,, ,,,,,,
7140,Georgia Power Co,709,Harllee Branch,GA,1,OP,N,N,, , ,ST,3, ,SU,NV,1972,SS,,,NC,,,ST,0.55,NP,MO,2007,LN,,,MS,,,ST,0.24,PB,PS,1972,, ,,,,,,
7140,Georgia Power Co,709,Harllee Branch,GA,2,RE,N,N,, , ,ST,3, ,SU,NV,1972,SS,,,NC,,,ST,0.55,NP,MO,2007,LN,,,MS,,,ST,0.24,PB,PS,1972,, ,,,,,,
7140,Georgia Power Co,709,Harllee Branch,GA,3,OP,N,N,, , ,ST,3, ,SU,NV,1972,SS,,,NC,,,ST,0.45,NP,MO,2007,LN,,,MS,,,ST,0.24,PB,PS,1972,, ,,,,,,
7140,Georgia Power Co,709,Harllee Branch,GA,4,OP,N,N,, , ,ST,3, ,SU,NV,1972,SS,,,NC,,,ST,0.45,NP,MO,2003,LN,,,MS,,,ST,0.24,PB,PS,1972,, ,,,,,,
7140,Georgia Power Co,710,Jack McDonough,GA,4A,OP,N,N,, , ,ST,0.5, ,OT,NV,2012,NC,,,NC,,,ST,6,NM,MO,2012,SR,LN,,MS,,,FD,0.1,PB,TH,2012,, ,,,,,,
7140,Georgia Power Co,710,Jack McDonough,GA,4B,OP,N,N,, , ,ST,0.5, ,OT,NV,2012,NC,,,NC,,,ST,6,NM,MO,2012,SR,LN,,MS,,,FD,0.1,PB,TH,2012,, ,,,,,,
7140,Georgia Power Co,710,Jack McDonough,GA,5A,OP,N,N,, , ,ST,0.5, ,OT,NV,2012,NC,,,NC,,,ST,6,NM,MO,2012,SR,LN,,MS,,,FD,0.1,PB,TH,2012,, ,,,,,,
7140,Georgia Power Co,710,Jack McDonough,GA,5B,OP,N,N,, , ,ST,0.5, ,OT,NV,2012,NC,,,NC,,,ST,6,NM,MO,2012,SR,LN,,MS,,,FD,0.1,PB,TH,2012,, ,,,,,,
7140,Georgia Power Co,710,Jack McDonough,GA,6A,OP,N,N,, , ,ST,0.5, ,OT,NV,2012,NC,,,NC,,,ST,6,NM,MO,2012,SR,LN,,MS,,,FD,0.1,PB,TH,2012,, ,,,,,,
7140,Georgia Power Co,710,Jack McDonough,GA,6B,OP,N,N,, , ,ST,0.5, ,OT,NV,2012,NC,,,NC,,,ST,6,NM,MO,2012,SR,LN,,MS,,,FD,0.1,PB,TH,2012,, ,,,,,,
7140,Georgia Power Co,710,Jack McDonough,GA,MB1,RE,N,N,, , ,ST, , ,SU,NV,1972,,,,,,,ST, ,NP,MO,2003,,,,,,,ST,0.24,PB,PS,1972,, ,,,,,,
7140,Georgia Power Co,710,Jack McDonough,GA,MB2,RE,N,N,, , ,ST, , ,,, ,,,,,,,ST, ,,, ,,,,,,,ST, ,,, ,, ,,,,,,
7140,Georgia Power Co,715,McManus,GA,1,OP,N,N,, , ,ST,3, ,SU,NV,1972,NC,,,NC,,,, ,,, ,,,,,,,ST,0.525,PB,YR,1972,, ,,,,,,
7140,Georgia Power Co,715,McManus,GA,2,OP,N,N,, , ,ST,3, ,SU,NV,1972,NC,,,NC,,,, ,,, ,,,,,,,ST,0.525,PB,YR,1972,, ,,,,,,
7140,Georgia Power Co,727,Mitchell (GA),GA,3,OP,N,N,, , ,ST,3, ,SU,NV,1972,SS,,,NC,,,FD,0.45,NP,YR,1996,NC,,,NC,,,ST,0.24,PB,PS,1972,, ,,,,,,
7140,Georgia Power Co,728,Yates,GA,Y1BR,OP,N,N,, , ,ST, ,1,SR,MO,2010,IF,,,NC,,,ST,0.38,NP,MO,2003,FU,LN,,MS,,,ST,0.329,PB,PS,1974,, ,,,,,,
7140,Georgia Power Co,728,Yates,GA,Y2BR,OP,N,N,, , ,ST,3, ,SU,NV,1974,SS,,,NC,,,ST,0.38,NP,MO,2003,FU,,,MS,,,ST,0.24,PB,PS,1974,, ,,,,,,
7140,Georgia Power Co,728,Yates,GA,Y3BR,OP,N,N,, , ,ST,3, ,SU,NV,1974,SS,,,NC,,,ST,0.38,NP,MO,2003,FU,,,MS,,,ST,0.24,PB,PS,1974,, ,,,,,,
7140,Georgia Power Co,728,Yates,GA,Y4BR,OP,N,N,, , ,ST,3, ,SU,NV,1974,SS,,,NC,,,ST,0.33,NP,MO,2003,LN,OV,FU,MS,,,ST,0.24,PB,PS,1974,, ,,,,,,
7140,Georgia Power Co,728,Yates,GA,Y5BR,OP,N,N,, , ,ST,3, ,SU,NV,1974,SS,,,NC,,,ST,0.33,NP,MO,2003,LN,OV,FU,MS,,,ST,0.24,PB,PS,1974,, ,,,,,,
7140,Georgia Power Co,728,Yates,GA,Y6BR,OP,N,N,, , ,ST,3, ,SU,NV,1974,SS,,,NC,,,ST,0.26,NP,MO,2003,LN,OV,,MS,,,ST,0.24,PB,PS,1974,, ,,,,,,
7140,Georgia Power Co,728,Yates,GA,Y7BR,OP,N,N,, , ,ST,3, ,SU,NV,1974,SS,,,NC,,,ST,0.26,NP,MO,2003,LN,OV,,MS,,,ST,0.24,PB,PS,1974,, ,,,,,,
7140,Georgia Power Co,733,Kraft,GA,1,OP,N,N,, , ,ST,3, ,SU,NV,1972,SS,,,NC,,,FD,0.45,NP,YR,1996,NC,,,NC,,,ST,0.364,PB,YR,1972,, ,,,,,,
7140,Georgia Power Co,733,Kraft,GA,2,OP,N,N,, , ,ST,3, ,SU,NV,1972,SS,,,NC,,,FD,0.45,NP,YR,1996,NC,,,NC,,,ST,0.364,PB,YR,1972,, ,,,,,,
7140,Georgia Power Co,733,Kraft,GA,3,OP,N,N,, , ,ST,3, ,SU,NV,1972,SS,,,NC,,,FD,0.45,NP,YR,1996,NC,,,NC,,,ST,0.338,PB,YR,1972,, ,,,,,,
7140,Georgia Power Co,733,Kraft,GA,4,OP,N,N,, , ,ST,3, ,SU,NV,1972,SS,,,NC,,,,0.45,NP,YR,1996,NC,,,NC,,,ST,0.396,PB,YR,1972,, ,,,,,,
7140,Georgia Power Co,6051,Edwin I Hatch,GA,NSS1,OP,,,, , ,, , ,,, ,,,,,,,, ,,, ,,,,,,,, ,,, ,, ,,,,,,
7140,Georgia Power Co,6051,Edwin I Hatch,GA,NSS2,OP,,,, , ,, , ,,, ,,,,,,,, ,,, ,,,,,,,, ,,, ,, ,,,,,,
7140,Georgia Power Co,6052,Wansley,GA,1,OP,N,N,, , ,ST, ,1,SR,MO,2010,IF,,,NC,,,ST,0.07,NP,MO,2003,SR,LN,OV,MS,,,ST,0.24,PB,PS,1976,, ,,,,,,
7140,Georgia Power Co,6052,Wansley,GA,2,OP,N,N,, , ,ST, ,1,SR,MO,2010,IF,,,NC,,,ST,0.07,NP,MO,2003,SR,LN,OV,MS,,,ST,0.24,PB,PS,1978,, ,,,,,,
7140,Georgia Power Co,6124,McIntosh,GA,1,OP,N,N,, , ,ST,3, ,SU,NV,1982,NC,,,NC,,,FD,0.5,NP,YR,1996,OV,,,MS,,,ST,0.18,PB,PS,1982,, ,,,,,,
7140,Georgia Power Co,6257,Scherer,GA,1,OP,D,N,, , ,FD,1.2, ,DP,TH,1982,SS,,,IF,,,ST,0.2,NP,MO,2007,OV,SR,,MS,,,FD,0.1,PB,PS,1982,ST,2010,ACI,,,ACI,,
7140,Georgia Power Co,6257,Scherer,GA,2,OP,D,N,, , ,ST, ,1,SR,MO,2013,IF,,,NC,,,ST,0.17,NP,MO,2007,SR,OV,,MS,,,FD,0.1,PB,PS,1984,ST,2009,ACI,,,ACI,,
7140,Georgia Power Co,6257,Scherer,GA,3,OP,D,N,, , ,ST, ,1,SR,MO,2011,IF,,,NC,,,ST,0.15,NP,MO,2007,SR,OV,,,MS,,FD,0.1,PB,PS,1987,ST,2009,ACI,,,ACI,,
7140,Georgia Power Co,6257,Scherer,GA,4,OP,D,N,, , ,ST, ,1,SR,MO,2013,IF,,,NC,,,ST,0.16,NP,MO,2007,SR,OV,,MS,,,FD,0.1,PB,PS,1989,ST,2010,ACI,,,ACI,,
7140,Georgia Power Co,56150,McIntosh Combined Cycle Facility,GA,10A,OP,Da,N,, , ,FD,0.2, ,OT,NV,2005,NC,,,NC,,,FD,2.5,NM,TH,2005,LN,SR,,MS,,,FD,0.009,PB,PS,2005,, ,,,,,,
7140,Georgia Power Co,56150,McIntosh Combined Cycle Facility,GA,10B,OP,Da,N,, , ,FD,0.2, ,OT,NV,2005,NC,,,NC,,,FD,2.5,NM,TH,2005,LN,SR,,MS,,,FD,0.009,PB,PS,2005,, ,,,,,,
7140,Georgia Power Co,56150,McIntosh Combined Cycle Facility,GA,11A,OP,Da,N,, , ,FD,0.2, ,OT,NV,2005,NC,,,NC,,,FD,2.5,NM,TH,2005,LN,SR,,MS,,,FD,0.009,PB,PS,2005,, ,,,,,,
7140,Georgia Power Co,56150,McIntosh Combined Cycle Facility,GA,11B,OP,Da,N,, , ,FD,0.2, ,OT,NV,2005,NC,,,NC,,,FD,2.5,NM,TH,2005,LN,SR,,MS,,,FD,0.009,PB,PS,2005,, ,,,,,,
7166,Georgia-Pacific Monticello LLC,10610,Georgia-Pacific Monticello Paper,MS,COMB,OP,N,,, , ,, , ,,, ,,,,,,,, ,,, ,,,,,,,, ,,, ,, ,,,,,,
7166,Georgia-Pacific Monticello LLC,10610,Georgia-Pacific Monticello Paper,MS,PFI,OP,N,,, , ,, , ,,, ,,,,,,,, ,,, ,,,,,,,, ,,, ,, ,,,,,,
7166,Georgia-Pacific Monticello LLC,10610,Georgia-Pacific Monticello Paper,MS,REC1,OP,N,,, , ,, , ,,, ,,,,,,,, ,,, ,,,,,,,, ,,, ,, ,,,,,,
7166,Georgia-Pacific Monticello LLC,10610,Georgia-Pacific Monticello Paper,MS,REC2,OP,N,,, , ,, , ,,, ,,,,,,,, ,,, ,,,,,,,, ,,, ,, ,,,,,,
7168,CITGO Petroleum Corp,52175,CITGO Refinery Powerhouse,LA,B1,OP,N,,, , ,, , ,,, ,,,,,,,, ,,, ,,,,,,,, ,,, ,, ,,,,,,
7168,CITGO Petroleum Corp,52175,CITGO Refinery Powerhouse,LA,B1A,OP,N,,, , ,, , ,,, ,,,,,,,, ,,, ,,,,,,,, ,,, ,, ,,,,,,
7168,CITGO Petroleum Corp,52175,CITGO Refinery Powerhouse,LA,B1B,OP,N,,, , ,, , ,,, ,,,,,,,, ,,, ,,,,,,,, ,,, ,, ,,,,,,
7168,CITGO Petroleum Corp,52175,CITGO Refinery Powerhouse,LA,B1C,OP,N,,, , ,, , ,,, ,,,,,,,, ,,, ,,,,,,,, ,,, ,, ,,,,,,
7172,Georgia-PacificCedar Springs LLC,54101,Georgia-Pacific Cedar Springs,GA,PB1,OP,N,N,, , ,ST,135,0,DH,DA,1968,OT,,,OT,,,,1753.2,NL,YR,2007,LN,,,LN,,,ST,0.07,PB,PS,1968,ST,2007,LIJ,,,LIJ,,
7172,Georgia-PacificCedar Springs LLC,54101,Georgia-Pacific Cedar Springs,GA,PB2,OP,N,N,, , ,ST,135,0,DH,DA,1968,OT,,,OT,,,,1753.2,NL,YR,2007,LN,,,LN,,,ST,0.07,PB,PS,1968,ST,2007,LIJ,,,LIJ,,
7172,Georgia-PacificCedar Springs LLC,54101,Georgia-Pacific Cedar Springs,GA,RB1,OP,Db,Y,2631-099-0001-V-020,2,2007,ST,300,0,DM,TH,1992,NC,,,NC,,,,154,NH,PS,1992,MS,,,MS,,,ST,46,PH,PS,1992,,1992,,,,,,
7172,Georgia-PacificCedar Springs LLC,54101,Georgia-Pacific Cedar Springs,GA,RB2,OP,Db,Y,2631-099-0001-V-020,2,2007,ST,300,0,DM,TH,1992,NC,,,NC,,,,154,NH,PS,1992,MS,,,MS,,,ST,46,PH,OH,1992,,1992,,,,,,
7172,Georgia-PacificCedar Springs LLC,54101,Georgia-Pacific Cedar Springs,GA,RB3,OP,N,Y,2631-099-0001-V-020,2,2007,ST,350,0,DM,DA,2007,NC,,,NC,,,,0,NH,NS,2007,,,,,,,ST,49.7,PH,PS,2007,,2007,,,,,,
7199,Gilberton Power Co,10113,John B Rich Memorial Power Station,PA,CFB1,OP,N,,, , ,ST, , ,,, ,,,,,,,ST, ,,, ,,,,NC,,,ST,20,OP,, ,, ,,,,,,
7199,Gilberton Power Co,10113,John B Rich Memorial Power Station,PA,CFB2,OP,N,,, , ,ST, , ,,, ,,,,,,,ST, ,,, ,,,,NC,,,ST, ,,, ,, ,,,,,,
7294,City of Glendale - (CA),377,Grayson,CA,3,OP,N,N,, , ,, , ,,, ,,,,,,,LO,0.64,OT,OH,1999,FR,LN,LA,NC,,,LO,0.1,PC,FT,1999,, ,,,,,,
7294,City of Glendale - (CA),377,Grayson,CA,4,OP,N,N,, , ,FD,87, ,OT,YR,2010,NC,,,NC,,,LO,1.14,OT,OH,1999,FR,LN,LA,NC,,,LO,0.1,PC,FT,1999,, ,,,,,,
7294,City of Glendale - (CA),377,Grayson,CA,5,OP,N,N,, , ,FD,42, ,OT,YR,2000,NC,,,NC,,,LO,0.57,OT,OH,1999,FR,LN,LA,NC,,,LO,0.1,PC,FT,1999,, ,,,,,,
7294,City of Glendale - (CA),377,Grayson,CA,8A,OP,N,N,, , ,, , ,,, ,,,,,,,, ,,, ,SR,,,NC,,,, ,,, ,, ,,,,,,
7294,City of Glendale - (CA),377,Grayson,CA,8BC,OP,N,N,, , ,, , ,,, ,,,,,,,, ,,, ,SR,,,NC,,,, ,,, ,, ,,,,,,
7349,"Golden Spread Electric Cooperative, Inc",55065,Mustang Station,TX,HRSG1,OP,Db,Y,32881,12,1997,ST, , ,DH,OH,2000,NC,,,NC,,,ST, ,NM,OH,2000,NC,,,NC,,,ST,22.1,PH,OH,2000,ST,2000,,,,,,
7349,"Golden Spread Electric Cooperative, Inc",55065,Mustang Station,TX,HRSG2,OP,Db,Y,32881,12,1997,ST, , ,DH,OH,2000,NC,,,NC,,,ST, ,NM,OH,2000,NC,,,NC,,,ST,22.1,PH,OH,2000,ST,2000,,,,,,
7353,Golden Valley Elec Assn Inc,6288,Healy,AK,1,OP,N,,, , ,ST, , ,,, ,,,,,,,ST,429,OT,YR,1997,LN,OV,,LN,OV,,ST, ,,, ,FD, ,BR,DSI,,BR,DSI,
7375,Goodyear Tire & Rubber Co,54321,Goodyear Beaumont Chemical Plant,TX,3B101,OP,,,, , ,, , ,,, ,,,,,,,, ,,, ,FR,,,,,,, ,,, ,, ,,,,,,
7375,Goodyear Tire & Rubber Co,54321,Goodyear Beaumont Chemical Plant,TX,3B102,OP,,,, , ,, , ,,, ,,,,,,,, ,,, ,FR,,,,,,, ,,, ,, ,,,,,,
7375,Goodyear Tire & Rubber Co,54321,Goodyear Beaumont Chemical Plant,TX,3B103,OP,,,, , ,, , ,,, ,,,,,,,, ,,, ,FR,,,,,,, ,,, ,, ,,,,,,
7375,Goodyear Tire & Rubber Co,54321,Goodyear Beaumont Chemical Plant,TX,3B104,OP,,,, , ,, , ,,, ,,,,,,,, ,,, ,FR,,,,,,, ,,, ,, ,,,,,,
7375,Goodyear Tire & Rubber Co,54321,Goodyear Beaumont Chemical Plant,TX,3B105,OP,,,, , ,, , ,,, ,,,,,,,, ,,, ,FR,,,,,,, ,,, ,, ,,,,,,
7375,Goodyear Tire & Rubber Co,54321,Goodyear Beaumont Chemical Plant,TX,3B106,OP,,,, , ,, , ,,, ,,,,,,,, ,,, ,FR,,,,,,, ,,, ,, ,,,,,,
7375,Goodyear Tire & Rubber Co,54321,Goodyear Beaumont Chemical Plant,TX,3B107,OP,,,, , ,, , ,,, ,,,,,,,, ,,, ,FR,,,,,,, ,,, ,, ,,,,,,
7375,Goodyear Tire & Rubber Co,54321,Goodyear Beaumont Chemical Plant,TX,3B108,OP,,,, , ,, , ,,, ,,,,,,,, ,,, ,FR,,,,,,, ,,, ,, ,,,,,,
7475,Graphic Packaging Corp,10698,Graphic Packaging,MI,8,OP,N,,, , ,, , ,,, ,,,,,,,, ,,, ,,,,,,,, ,,, ,, ,,,,,,
7475,Graphic Packaging Corp,10698,Graphic Packaging,MI,9,OP,N,,, , ,, , ,,, ,,,,,,,, ,,, ,,,,,,,, ,,, ,, ,,,,,,
7483,City of Grand Haven - (MI),1825,J B Sims,MI,3,OP,Da,,, , ,, , ,,, ,,,,,,,FD,0.6,NP,MO, ,SN,OV,,SN,OV,,, ,,, ,, ,,,,,,
7490,Grand River Dam Authority,165,GREC,OK,1,OP,D,N,, , ,FD,1.2, ,DP,TH,1981,NC,,,NC,,,FD,0.7,NP,TH,1981,NC,,,NC,,,FD,20,OP,SM,1981,, ,ND,,,ND,,
7490,Grand River Dam Authority,165,GREC,OK,2,OP,Da,N,, , ,FD,0.6,1,DP,MO,1986,NC,,,NC,,,FD,0.5,NP,MO,1986,NC,,,NC,,,FD,20,OP,SM,1986,FD,2015,,,,ACI,BP,
7564,Grays Ferry Cogen Partnership,54785,Grays Ferry Cogeneration,PA,1CT,OP,Db,Y,95240,10,1995,LO, , ,,, ,,,,,,,LO,10,NM,OH,1997,,,,,,,LO,0.01,PB,NV,1997,, ,,,,,,
7564,Grays Ferry Cogen Partnership,54785,Grays Ferry Cogeneration,PA,B25,OP,Db,Y,95240,10,1995,LO, , ,,, ,,,,,,,LO, ,NP,NV,1997,,,,,,,LO,0.032,PB,NV,1997,, ,,,,,,
7570,Great River Energy,2039,Elk River,MN,1,OP,N,,, , ,, , ,,, ,,,,,,,, ,,, ,,,,,,,, ,,, ,, ,,,,,,
7570,Great River Energy,2039,Elk River,MN,2,OP,N,,, , ,, , ,,, ,,,,,,,, ,,, ,,,,,,,, ,,, ,, ,,,,,,
7570,Great River Energy,2039,Elk River,MN,3,OP,N,,, , ,, , ,,, ,,,,,,,, ,,, ,,,,,,,, ,,, ,, ,,,,,,
7570,Great River Energy,2824,Stanton,ND,1,OP,N,N,, , ,ST,3, ,DP,TH,1967,NC,,,NC,,,FD,0.46,NP,YR,2000,LN,OV,,NC,,,ST,0.1,PB,OH,1967,FD,2015,,,,ACI,,
7570,Great River Energy,2824,Stanton,ND,10,OP,Da,N,, , ,FD,0.6,1,DP,MO,1982,IF,SS,,NC,,,FD,0.4,NP,YR,2008,LN,OV,,NC,,,FD,0.03,PB,OH,1982,FD,2015,BR,,,ACI,,
7570,Great River Energy,6030,Coal Creek,ND,1,OP,D,Y,T5-F82006,6,2006,FD,6336, ,DH,TH,1980,IF,,,NC,,,FD,5104,NH,YR,2000,LN,OV,,NC,,,FD,528,PH,TH,1980,FD,2015,,,,OT,,
7570,Great River Energy,6030,Coal Creek,ND,2,OP,D,Y,T5-F82006,6,2006,FD,6336, ,DH,TH,1981,IF,,,NC,,,FD,5104,NH,YR,2000,LN,AA,,NC,,,FD,528,PH,TH,1981,FD,2015,,,,OT,,
7570,Great River Energy,56786,Spiritwood Station,ND,1,CO,Da,,7026,9,2007,FD,0.06, ,DP,MO,2013,OT,CF,,CF,IF,,FD, ,NP,MO,2013,OT,,,CF,SN,,FD,0.03,PB,TH,2013,, ,,,,,,
7597,Green Country OP Services LLC,55146,Green Country Energy LLC,OK,1,OP,Db,N,, , ,ST,0.0013, ,DP,OH,2002,NC,,,NC,,,ST,0.031,NP,OH,2002,LN,NH3,SR,LN,NH3,SR,ST,0.009,PB,OH,2002,ST,2002,,,,,,
7597,Green Country OP Services LLC,55146,Green Country Energy LLC,OK,2,OP,Db,N,, , ,ST,0.0013, ,DP,OH,2002,NC,,,NC,,,ST,0.031,NP,OH,2002,LN,NH3,SR,LN,NH3,SR,ST,0.009,PB,OH,2002,ST,2002,,,,,,
7597,Green Country OP Services LLC,55146,Green Country Energy LLC,OK,3,OP,Db,N,, , ,ST,0.0013, ,DP,OH,2002,NC,,,NC,,,ST,0.031,NM,OH,2002,LN,NH3,SR,LN,NH3,SR,ST,0.009,PH,OH,2002,ST,2002,,,,,,
7634,City of Greenville - (TX),4195,Powerlane Plant,TX,1,OP,N,,, , ,FD, , ,,, ,,,,,,,FD, ,,, ,,,,,,,, ,,, ,, ,,,,,,
7634,City of Greenville - (TX),4195,Powerlane Plant,TX,2,OP,N,,, , ,FD, , ,,, ,,,,,,,FD, ,,, ,,,,,,,, ,,, ,, ,,,,,,
7634,City of Greenville - (TX),4195,Powerlane Plant,TX,3,OP,N,,, , ,FD, , ,,, ,,,,,,,FD,98.6,NH,, ,,,,,,,, ,,, ,, ,,,,,,
7651,Greenwood Utilities Comm,2062,Henderson,MS,H1,OP,N,,, , ,, , ,,, ,,,,,,,, ,,, ,,,,,,,, ,,, ,, ,,,,,,
7651,Greenwood Utilities Comm,2062,Henderson,MS,H3,OP,N,,, , ,, , ,,, ,,,,,,,, ,,, ,,,,,,,, ,,, ,, ,,,,,,
7651,Greenwood Utilities Comm,2062,Henderson,MS,HRSG,OP,,,, , ,, , ,,, ,,,,,,,, ,,, ,,,,,,,, ,,, ,, ,,,,,,
7651,Greenwood Utilities Comm,2063,Wright,MS,W1,OP,N,,, , ,, , ,,, ,,,,,,,, ,,, ,,,,,,,, ,,, ,, ,,,,,,
7651,Greenwood Utilities Comm,2063,Wright,MS,W3,OP,,,, , ,, , ,,, ,,,,,,,, ,,, ,,,,,,,, ,,, ,, ,,,,,,
7662,"Gallop Power Greenville, LLC",54852,Greenville Steam,ME,1,OS,Db,,, , ,, , ,,, ,,,,,,,, ,,, ,,,,,,,, ,,, ,, ,,,,,,
7667,Gregory Power Partners LP,55086,Gregory Power Facility,TX,HRSG1A,OP,Db,Y,87153,3,2010,ST, , ,DH,OH,2000,ND,,,ND,,,ST, ,NM,TH,2000,LN,,,ND,,,ST,22,PH,OH,2000,, ,ND,,,ND,,
7667,Gregory Power Partners LP,55086,Gregory Power Facility,TX,HRSG1B,OP,Db,Y,87153,3,2010,ST, , ,DH,OH,2000,ND,,,ND,,,ST, ,NM,TH,2000,LN,,,ND,,,ST,22,PH,OH,2000,, ,ND,,,ND,,
7724,GWF Energy LLC,55933,Tracy Combined Cycle Power Plant,CA,3H0301,OP,Db,N,, , ,LO,2.03,0,DH,TH,2012,NC,,,NC,,,LO,8.1,NH,OH,2012,NH3,LN,SR,NC,,,LO,4.4,PH,TH,2012,, ,,,,,,
7724,GWF Energy LLC,55933,Tracy Combined Cycle Power Plant,CA,4H0401,OP,Db,,, , ,LO,2.03,0,DH,TH,2012,NC,,,NC,,,LO,8.1,NH,OH,2012,NH3,LN,SR,NC,,,LO,4.4,PH,TH,2012,, ,,,,,,
7801,Gulf Power Co,641,Crist,FL,2,RE,N,N,, , ,ST, , ,DP,NS,1972,,,,,,,, ,,, ,,,,,,,ST,0.1,PB,PS,1972,, ,,,,,,
7801,Gulf Power Co,641,Crist,FL,3,RE,N,N,, , ,ST, , ,DP,NS,1972,,,,,,,, ,,, ,,,,,,,ST,0.1,PB,PS,1972,, ,,,,,,
7801,Gulf Power Co,641,Crist,FL,4,OP,N,N,, , ,ST,2.1,0,DP,TH,2010,IF,,,OT,,,ST,0.2,NP,MO,2012,SN,,,OT,,,ST,0.1,PB,TH,1972,FD,2015,,,,JB,OT,
7801,Gulf Power Co,641,Crist,FL,5,OP,N,N,, , ,ST,2.1,0,DP,TH,2010,IF,,,OT,,,FD, ,NP,YR,2000,SN,,,OT,,,ST,0.1,PB,PS,1972,FD,2015,,,,JB,OT,
7801,Gulf Power Co,641,Crist,FL,6,OP,N,N,, , ,ST,2.1,0,DP,TH,2010,IF,,,OT,,,ST,0.2,NP,MO,2012,SR,,,OT,,,ST,0.1,PB,TH,1972,FD,2015,,,,JB,OT,
7801,Gulf Power Co,641,Crist,FL,7,OP,N,N,, , ,ST,2.1,0,DP,TH,2010,IF,,,OT,,,ST,0.2,NP,MO,2012,SR,,,OT,,,ST,0.1,PB,TH,1973,FD,2015,,,,JB,OT,
7801,Gulf Power Co,642,Scholz,FL,1,OP,N,,, , ,FD, , ,,, ,,,,,,,FD, ,,YR,2009,,,,,,,, ,,, ,FD,2015,,,,,,
7801,Gulf Power Co,642,Scholz,FL,2,OP,N,,, , ,FD, , ,,, ,,,,,,,FD, ,,YR,2009,,,,,,,, ,,, ,FD,2015,,,,,,
7801,Gulf Power Co,643,Lansing Smith,FL,1,OP,N,N,, , ,ST,2.1, ,DP,DA,1972,SS,WA,,ND,,,ST,4700,OT,YR,2009,LN,OV,SN,,,,ST,0.1,PB,TH,1977,FD,2015,,,,ND,,
7801,Gulf Power Co,643,Lansing Smith,FL,2,OP,N,N,, , ,ST,2.1, ,DP,DA,1972,SS,WA,,ND,,,ST,4700,OT,YR,2009,LN,OV,SN,,,,ST,0.1,PB,TH,1977,FD,2015,,,,ND,,
7801,Gulf Power Co,643,Lansing Smith,FL,4,OP,Da,N,, , ,ST,2.1, ,DP,DA,2002,NC,,,NC,,,ST,4700,OT,YR,2009,NC,,,NC,,,ST,0.1,PB,TH,2002,FD,2002,,,,,,
7801,Gulf Power Co,643,Lansing Smith,FL,5,OP,Da,N,, , ,ST,2.1, ,DP,DA,2002,NC,,,NC,,,ST,4700,OT,YR,2009,NC,,,NC,,,ST,0.1,PB,TH,2002,FD,2002,,,,,,
7860,NRG Energy Center Dover LLC,10030,NRG Energy Center Dover,DE,COGEN1,RE,,,, , ,, , ,,, ,,,,,,,, ,,, ,,,,,,,, ,,, ,, ,,,,,,
7860,NRG Energy Center Dover LLC,10030,NRG Energy Center Dover,DE,DOVCC1,OP,Da,,, , ,ST, , ,,, ,,,,,,,ST,2.5,NM,OH,2013,SR,,,MS,,,ST,4.53,PH,, ,, ,,,,,,
7869,Hermiston Power Partnership,55328,Hermiston Power Partnership,OR,HRSG 1,OP,Da,Y,30-0118,8,1995,ST,0.2, ,DP,NV,2002,NC,,,NC,,,FD,0.43,OT,MO,2002,SR,LN,,SR,LN,,FD, ,,,2002,, ,,,,,,
7869,Hermiston Power Partnership,55328,Hermiston Power Partnership,OR,HRSG 2,OP,Da,Y,30-0118,8,1995,ST,0.2, ,DP,NV,2002,NC,,,NC,,,FD,0.43,OT,MO,2002,SR,LN,,SR,LN,,FD, ,,,2002,, ,,,,,,
7977,City of Hamilton - (OH),2917,Hamilton (OH),OH,1,OP,N,N,, , ,ST,0, ,DP,DA,1972,NC,,,NC,,,, ,,, ,,,,,,,ST,0.02,PB,OH,1972,, ,,,,,,
7977,City of Hamilton - (OH),2917,Hamilton (OH),OH,7,OP,N,N,, , ,ST,0, ,DP,DA,1972,NC,,,NC,,,, ,,, ,,,,,,,ST,0.02,PB,OH,1972,, ,,,,,,
7977,City of Hamilton - (OH),2917,Hamilton (OH),OH,8,OP,N,N,, , ,ST,1.45, ,DP,DA,1979,RP,,,RP,,,, ,,, ,LN,,,,,,,0.02,PB,PS,2013,, ,,,,,,
7977,City of Hamilton - (OH),2917,Hamilton (OH),OH,9,OP,D,N,, , ,FD,1.2, ,DP,NV,1982,NC,,,NC,,,FD,0.2,NP,YR,2013,LN,,,NC,,,FD,0.1,PB,PS,2013,, ,,,,,,
7977,City of Hamilton - (OH),2917,Hamilton (OH),OH,HRB,SB,Dc,N,, , ,ST,0, ,DP,DA,1993,NC,,,NC,,,ST, ,NP,DA,1997,LN,,,NC,,,ST,0.02,PB,PS,1993,, ,,,,,,
8009,International Paper Co,52140,International Paper Prattville Mill,AL,PB1,OP,N,,, , ,ST, , ,,, ,,,,,,,, ,,, ,,,,,,,ST, ,,, ,,2017,,,,OT,,
8009,International Paper Co,52140,International Paper Prattville Mill,AL,PB2,OP,N,,, , ,ST, , ,,, ,,,,,,,ST, ,,,1980,OV,OT,,OV,OT,,, ,,, ,,2017,,,,EK,OT,
8009,International Paper Co,52140,International Paper Prattville Mill,AL,RF1,OP,N,,, , ,, , ,,, ,,,,,,,, ,,, ,,,,,,,, ,,, ,, ,,,,,,
8009,International Paper Co,52140,International Paper Prattville Mill,AL,RF2,OP,N,,, , ,ST, , ,,, ,,,,,,,, ,,, ,,,,,,,ST, ,,, ,,2017,,,,,,
8181,Harrisburg Authority,10118,Harrisburg Facility,PA,1,OP,Db,,, , ,ST, , ,,, ,,,,,,,ST,135,NM,DA,2005,FR,OV,NH3,FR,OV,NH3,ST, ,,, ,ST,2005,BP,ACI,SD,BP,ACI,SD
8181,Harrisburg Authority,10118,Harrisburg Facility,PA,2,OP,,,, , ,, , ,,, ,,,,,,,ST,135,NM,DA,2005,FR,OV,NH3,FR,OV,NH3,, ,,, ,ST,2005,BP,SD,ACI,BP,SD,ACI
8181,Harrisburg Authority,10118,Harrisburg Facility,PA,3,OP,,,, , ,, , ,,, ,,,,,,,ST,135,NM,DA,2005,FR,OV,NH3,FR,OV,NH3,, ,,, ,ST,2005,BP,SD,ACI,BP,SD,ACI
8245,City of Hastings - (NE),60,Whelan Energy Center,NE,1,OP,N,N,, , ,ST,1.1, ,DP,OH,1981,ND,,,ND,,,ST,0.4,NP,YR,1981,LN,OV,,,,,ST,41.8,PH,TH,1981,FD,2016,,,,ACI,,
8245,City of Hastings - (NE),60,Whelan Energy Center,NE,2,OP,Db,N,, , ,ST,0.12,1,DP,MO,2011,CF,,,NC,,,ST,0.08,NP,MO,2011,OV,LN,NH3,,,,FD,0.018,PB,TH,2011,FD,2015,,,,ACI,,
8245,City of Hastings - (NE),2244,North Denver,NE,4,SB,N,,, , ,ST, , ,,, ,,,,,,,ST, ,,, ,,,,,,,ST,63.41,PH,, ,, ,,,,,,
8245,City of Hastings - (NE),2244,North Denver,NE,5,SB,N,,, , ,ST, , ,,, ,,,,,,,ST, ,,, ,,,,,,,ST,87.22,PH,, ,, ,,,,,,
8286,Hawaiian Commercial and Sugar Company,10604,Hawaiian Comm & Sugar Puunene Mill,HI,BLR1,OP,N,,, , ,, , ,,, ,,,,,,,ST,0.58,NP,TH, ,,,,,,,, ,,, ,FD,2016,VE,,,VE,,
8286,Hawaiian Commercial and Sugar Company,10604,Hawaiian Comm & Sugar Puunene Mill,HI,BLR2,OP,N,,, , ,, , ,,, ,,,,,,,ST,0.58,NP,TH, ,,,,,,,, ,,, ,FD,2016,VE,,,VE,,
8286,Hawaiian Commercial and Sugar Company,10604,Hawaiian Comm & Sugar Puunene Mill,HI,BLR3,OP,N,,, , ,, , ,,, ,,,,,,,FD,0.3,NP,TH, ,,,,,,,, ,,, ,FD,2016,VE,,,VE,,
8287,Hawaii Electric Light Co Inc,772,W H Hill,HI,5,OP,N,,, , ,, , ,,, ,,,,,,,, ,,, ,,,,,,,, ,,, ,, ,,,,,,
8287,Hawaii Electric Light Co Inc,772,W H Hill,HI,6,OP,N,,, , ,, , ,,, ,,,,,,,, ,,, ,,,,,,,, ,,, ,, ,,,,,,
8287,Hawaii Electric Light Co Inc,6478,Shipman,HI,3,OP,N,,, , ,, , ,,, ,,,,,,,, ,,, ,,,,,,,, ,,, ,, ,,,,,,
8287,Hawaii Electric Light Co Inc,6478,Shipman,HI,4,OP,N,,, , ,, , ,,, ,,,,,,,, ,,, ,,,,,,,, ,,, ,, ,,,,,,
8287,Hawaii Electric Light Co Inc,7130,Puna,HI,1,OP,N,,, , ,, , ,,, ,,,,,,,, ,,, ,,,,,,,, ,,, ,, ,,,,,,
8503,Hermiston Generating Co LP,54761,Hermiston Generating Plant,OR,HRSG1,OP,,,, , ,, , ,,, ,,,,,,,, ,,, ,,,,,,,, ,,, ,, ,,,,,,
8503,Hermiston Generating Co LP,54761,Hermiston Generating Plant,OR,HRSG3,OP,,,, , ,, , ,,, ,,,,,,,, ,,, ,,,,,,,, ,,, ,, ,,,,,,
8543,Hibbing Public Utilities Comm,1979,Hibbing,MN,1,OP,N,,, , ,ST, , ,,, ,,,,,,,, ,,, ,,,,,,,ST,0.6,PB,, ,, ,,,,,,
8543,Hibbing Public Utilities Comm,1979,Hibbing,MN,2,OP,N,,, , ,ST, , ,,, ,,,,,,,, ,,, ,,,,,,,ST,0.6,PB,, ,, ,,,,,,
8543,Hibbing Public Utilities Comm,1979,Hibbing,MN,3,OP,N,,, , ,ST, , ,,, ,,,,,,,, ,,, ,,,,,,,ST,0.6,PB,, ,, ,,,,,,
8543,Hibbing Public Utilities Comm,1979,Hibbing,MN,4,OP,N,,, , ,, , ,,, ,,,,,,,ST,0.15,NP,MO,2007,SN,,,NC,,,ST,0.025,PB,, ,, ,,,,,,
8633,Hillsborough County,50858,Hillsborough County Resource Recovery,FL,MWC1B,OP,,,, , ,, , ,,, ,,,,,,,, ,,, ,,,,,,,, ,,, ,, ,,,,,,
8633,Hillsborough County,50858,Hillsborough County Resource Recovery,FL,MWC2C,OP,,,, , ,, , ,,, ,,,,,,,, ,,, ,,,,,,,, ,,, ,, ,,,,,,
8633,Hillsborough County,50858,Hillsborough County Resource Recovery,FL,MWC3D,OP,,,, , ,, , ,,, ,,,,,,,, ,,, ,,,,,,,, ,,, ,, ,,,,,,
8633,Hillsborough County,50858,Hillsborough County Resource Recovery,FL,MWC4E,OP,,,, , ,, , ,,, ,,,,,,,, ,,, ,,,,,,,, ,,, ,, ,,,,,,
8641,Hillman Power Co,10346,Hillman Power LLC,MI,BOIL01,OP,N,,, , ,, , ,,, ,,,,,,,, ,,, ,,,,,,,, ,,, ,, ,,,,,,
8723,City of Holland,1830,James De Young,MI,3,OP,,,, , ,, , ,,, ,,,,,,,, ,,, ,,,,,,,, ,,, ,, ,,,,,,
8723,City of Holland,1830,James De Young,MI,4,OP,,,, , ,, , ,,, ,,,,,,,ST,1,NP,OT,2004,NC,MS,,NC,MS,,, ,,, ,, ,,,,,,
8723,City of Holland,1830,James De Young,MI,5,OP,,,, , ,, , ,,, ,,,,,,,FD,0.46,NP,YR,1999,LN,NC,MS,LN,NC,MS,, ,,, ,, ,,,,,,
8776,City of Holyoke Gas and Electric Dept.,9864,Cabot Holyoke,MA,5,RE,N,,, , ,, , ,,, ,,,,,,,, ,,, ,,,,,,,, ,,, ,, ,,,,,,
8776,City of Holyoke Gas and Electric Dept.,9864,Cabot Holyoke,MA,6,RE,N,,, , ,, , ,,, ,,,,,,,, ,,, ,,,,,,,, ,,, ,, ,,,,,,
8776,City of Holyoke Gas and Electric Dept.,9864,Cabot Holyoke,MA,7,RE,,,, , ,, , ,,, ,,,,,,,, ,,, ,,,,,,,, ,,, ,, ,,,,,,
8776,City of Holyoke Gas and Electric Dept.,9864,Cabot Holyoke,MA,8,RE,,,, , ,, , ,,, ,,,,,,,, ,,, ,,,,,,,, ,,, ,, ,,,,,,
8884,Terrebonne Parish Consol Gov't,1439,Houma,LA,14,OP,,,, , ,, , ,,, ,,,,,,,, ,,, ,,,,,,,, ,,, ,, ,,,,,,
8884,Terrebonne Parish Consol Gov't,1439,Houma,LA,15,OP,,,, , ,, , ,,, ,,,,,,,, ,,, ,,,,,,,, ,,, ,, ,,,,,,
8884,Terrebonne Parish Consol Gov't,1439,Houma,LA,16,OP,,,, , ,, , ,,, ,,,,,,,, ,,, ,,,,,,,, ,,, ,, ,,,,,,
9097,Huntington Resource Recovery,50656,Huntington Resource Recovery Facility,NY,UNIT1,OP,N,,, , ,, , ,,, ,,,,,,,ST,185,NM,TH,1991,SN,,,SN,,,, ,,, ,ST,1991,ACI,,,ACI,,
9097,Huntington Resource Recovery,50656,Huntington Resource Recovery Facility,NY,UNIT2,OP,N,,, , ,, , ,,, ,,,,,,,ST,185,NM,TH,1991,SN,,,SN,,,, ,,, ,ST,1991,ACI,,,ACI,,
9097,Huntington Resource Recovery,50656,Huntington Resource Recovery Facility,NY,UNIT3,OP,N,,, , ,, , ,,, ,,,,,,,ST,185,NM,TH,1991,SN,,,SN,,,, ,,, ,ST,1991,ACI,,,ACI,,
9155,Inland Empire Energy Ctr LLC,55853,Inland Empire Energy Center,CA,1,OP,,,, , ,, , ,,, ,,,,,,,, ,,, ,SR,NH3,,NC,,,, ,,, ,, ,,,,,,
9155,Inland Empire Energy Ctr LLC,55853,Inland Empire Energy Center,CA,2,OP,,,, , ,, , ,,, ,,,,,,,, ,,, ,SR,NH3,,NC,,,, ,,, ,, ,,,,,,
9191,Idaho Power Co,57028,Langley Gulch Power Plant,ID,1,OP,Db,Y,P-2009.0092,6,2010,ST, , ,DH,OH,2012,CF,,,NC,,,ST, ,NH,OH,2012,LN,NH3,SR,NC,,,ST,12.4,PH,OH,2012,FD,2012,,,,,,
9210,International Paper Co-Riegelwood,54656,International Paper Riegelwood Mill,NC,PB1,OP,N,,, , ,ST, , ,,, ,,,,,,,ST,0.8,NP,NS, ,NC,,,NC,,,ST,0.16,OT,, ,, ,,,,,,
9210,International Paper Co-Riegelwood,54656,International Paper Riegelwood Mill,NC,PB2,OP,N,,, , ,ST, , ,,, ,,,,,,,ST,0.8,OT,NS, ,NC,,,NC,,,ST,0.16,OT,, ,, ,,,,,,
9210,International Paper Co-Riegelwood,54656,International Paper Riegelwood Mill,NC,PB3,RE,N,,, , ,, , ,,, ,,,,,,,, ,,, ,,,,,,,, ,,, ,, ,,,,,,
9210,International Paper Co-Riegelwood,54656,International Paper Riegelwood Mill,NC,PB4,RE,N,,, , ,, , ,,, ,,,,,,,, ,,, ,,,,,,,, ,,, ,, ,,,,,,
9210,International Paper Co-Riegelwood,54656,International Paper Riegelwood Mill,NC,PB5,OP,N,,, , ,ST, , ,,, ,,,,,,,ST,0.35,OT,PS, ,NC,,,NC,,,ST,0.0562,OT,, ,, ,,,,,,
9210,International Paper Co-Riegelwood,54656,International Paper Riegelwood Mill,NC,RB3,RE,N,,, , ,, , ,,, ,,,,,,,, ,,, ,,,,,,,, ,,, ,, ,,,,,,
9210,International Paper Co-Riegelwood,54656,International Paper Riegelwood Mill,NC,RB4,OP,N,,, , ,FD, , ,,, ,,,,,,,FD, ,,, ,,,,NC,,,FD,3,OT,, ,, ,,,,,,
9210,International Paper Co-Riegelwood,54656,International Paper Riegelwood Mill,NC,RB5,OP,N,,, , ,FD, , ,,, ,,,,,,,FD,100,NM,PS, ,NC,,,NC,,,FD,0.044,PC,, ,, ,,,,,,
9216,Imperial Irrigation District,389,El Centro,CA,3,RE,N,N,, , ,LO, , ,DH,OH,1977,,,,,,,LO, ,NH,OH,1977,,,,,,,LO,10,PH,OH,1977,, ,,,,,,
9216,Imperial Irrigation District,389,El Centro,CA,4,OP,N,N,, , ,LO,200, ,DH,OH,1977,NC,,,NC,,,LO,140,NH,OH,2000,SR,,,NC,,,LO,10,PH,OH,1977,, ,,,,,,
9216,Imperial Irrigation District,389,El Centro,CA,HRSG31,OP,N,N,, , ,LO, , ,DH,OH,2012,NC,,,NC,,,LO,2,NM,OH,2012,SR,,,NC,,,LO,2.53,PH,OH,2012,, ,,,,,,
9216,Imperial Irrigation District,389,El Centro,CA,HRSG32,OP,N,N,, , ,LO, , ,DH,OH,2012,NC,,,NC,,,LO,2,NM,OH,2012,SR,,,NC,,,LO,2.53,PH,OH,2012,, ,,,,,,
9216,Imperial Irrigation District,389,El Centro,CA,UNIT 2,OP,N,N,, , ,, , ,,,1993,,,,,,,, ,,,1993,,,,,,,, ,,,1993,, ,,,,,,
9231,City of Independence - (MO),2132,Blue Valley,MO,1,OP,N,N,, , ,ST,6.3, ,SU,TH,1979,OT,,,CF,,,, ,,, ,,,,,,,ST,0.18,PB,EH,1979,, ,,,,,,
9231,City of Independence - (MO),2132,Blue Valley,MO,2,OP,N,N,, , ,ST,6.3, ,SB,TH,1979,OT,,,SS,,,, ,,, ,,,,,,,ST,0.18,PB,EH,1979,, ,,,,,,
9231,City of Independence - (MO),2132,Blue Valley,MO,3,OP,N,N,, , ,ST,6.3, ,SB,TH,1979,OT,,,NC,,,ST,0.4,NP,YR,2009,LN,OV,,NC,,,ST,0.18,PB,EH,1979,, ,,,,,,
9231,City of Independence - (MO),2171,Missouri City,MO,1,OP,N,,, , ,, , ,,, ,,,,,,,, ,,, ,,,,,,,, ,,, ,, ,,,,,,
9231,City of Independence - (MO),2171,Missouri City,MO,2,OP,N,,, , ,, , ,,, ,,,,,,,, ,,, ,,,,,,,, ,,, ,, ,,,,,,
9243,Indeck-Yerkes Ltd Partnership,50451,Indeck Yerkes Energy Center,NY,HRSG1,OP,N,,, , ,, , ,,, ,,,,,,,FD,42,NM,OH,1989,STM,,,,,,, ,,, ,FD,1989,,,,,,
9244,Indeck-Oswego Ltd Partnership,50450,Indeck Oswego Energy Center,NY,HRSG1,OP,N,,, , ,, , ,,, ,,,,,,,FD,42,NM,OH,1990,STM,,,,,,, ,,, ,FD,1990,,,,,,
9245,Indeck-Energy Serv Silver Spg,50449,Indeck Silver Springs Energy Center,NY,HRSG1,OP,N,,, , ,, , ,,, ,,,,,,,FD,32,NM,OH,1991,STM,,,,,,, ,,, ,FD,1991,,,,,,
9261,Indeck-Olean Ltd Partnership,54076,Indeck Olean Energy Center,NY,HRSG1,OP,N,,, , ,FD, , ,,, ,,,,,,,ST,9,NM,OH,1994,SR,STM,,SR,STM,,ST,0.004,PB,, ,,1994,,,,,,
9263,Indeck-Corinth Ltd Partnership,50458,Indeck Corinth Energy Center,NY,HRSG1,OP,N,,, , ,, , ,,, ,,,,,,,ST,9,NM,OH,1995,LN,SR,H20,MS,,,, ,,, ,FD,1995,,,,,,
9267,"Hoosier Energy R E C, Inc",1043,Frank E Ratts,IN,1SG1,OP,N,N,, , ,FD, , ,DP,MO,2012,OT,SS,,OT,SS,,FD, ,NP,MO,2012,LN,OV,SN,LN,OV,SN,ST,0.35,PB,NV,1976,, ,,,,,,
9267,"Hoosier Energy R E C, Inc",1043,Frank E Ratts,IN,2SG1,OP,N,N,, , ,FD, , ,DP,MO,2012,OT,SS,,OT,SS,,FD, ,NP,MO,2012,OV,LN,SN,LN,OV,,ST,0.35,PB,NV,1976,, ,,,,,,
9267,"Hoosier Energy R E C, Inc",6213,Merom,IN,1SG1,OP,D,N,, , ,FD,0.15,1,SR,MO,2012,NC,,,NC,,,FD, ,NP,MO,2013,SR,,,SR,,,FD,0.03,PB,PS,2013,,2016,,,,ACI,,
9267,"Hoosier Energy R E C, Inc",6213,Merom,IN,2SG1,OP,D,N,, , ,FD, ,1,SR,MO,2012,NC,,,NC,,,FD,0.08,NP,MO,2012,SR,,,SR,,,FD,0.03,PB,PS,2012,,2016,,,,ACI,,
9269,Indiana-Kentucky Electric Corp,983,Clifty Creek,IN,1,OP,N,N,, , ,FD,4240, ,OT,YR,2010,IF,,,OT,,,FD,1093.5,OT,YR,2009,OV,SR,OT,OT,,,ST,0.24,PB,PS,1979,, ,,,,,,
9269,Indiana-Kentucky Electric Corp,983,Clifty Creek,IN,2,OP,N,N,, , ,FD,4169, ,OT,YR,2010,IF,,,OT,,,FD,1093.5,OT,YR,2009,OV,SR,OT,OT,,,ST,0.24,PB,PS,1979,, ,,,,,,
9269,Indiana-Kentucky Electric Corp,983,Clifty Creek,IN,3,OP,N,N,, , ,FD,4294.5, ,OT,YR,2010,IF,,,OT,,,FD,1093.5,OT,YR,2009,OV,SR,OT,OT,,,ST,0.24,PB,PS,1979,, ,,,,,,
9269,Indiana-Kentucky Electric Corp,983,Clifty Creek,IN,4,OP,N,N,, , ,FD,4224.5, ,OT,YR,2010,IF,,,OT,,,FD,1093.5,OT,YR,2009,OV,SR,OT,OT,,,ST,0.24,PB,PS,1979,, ,,,,,,
9269,Indiana-Kentucky Electric Corp,983,Clifty Creek,IN,5,OP,N,N,, , ,FD,4073, ,OT,YR,2010,IF,,,OT,,,FD,1093.5,OT,YR,2009,OV,SR,OT,OT,,,ST,0.24,PB,PS,1979,, ,,,,,,
9269,Indiana-Kentucky Electric Corp,983,Clifty Creek,IN,6,OP,N,N,, , ,FD,4287, ,OT,YR,2010,IF,,,OT,,,FD,1093.5,OT,YR,2009,OV,OT,,OT,,,ST,0.24,PB,PS,1979,, ,,,,,,
9273,Indianapolis Power & Light Co,990,Harding Street,IN,10,RE,N,N,, , ,ST, , ,DP,MO,1980,,,,,,,FD, ,NH,YR,1995,LA,,,LA,,,ST, ,PB,PS,1980,, ,,,,,,
9273,Indianapolis Power & Light Co,990,Harding Street,IN,50,OP,N,N,, , ,ST,4.7, ,DM,MO,1980,WA,,,WA,,,FD, ,NP,YR,1995,OV,SN,LN,LN,OV,SN,ST,0.14,PB,PS,1980,, ,,,,,,
9273,Indianapolis Power & Light Co,990,Harding Street,IN,60,OP,N,N,, , ,ST,4.7, ,DM,MO,1980,WA,,,WA,,,FD, ,NP,YR,1995,SN,LN,OV,LN,OV,SN,ST,0.135,PB,PS,1980,, ,,,,,,
9273,Indianapolis Power & Light Co,990,Harding Street,IN,70,OP,N,N,, , ,ST,5.3, ,DP,MO,1980,IF,WA,,IF,WA,,FD, ,NP,YR,1995,OV,SR,LN,LN,OV,SR,ST,0.1,PB,DA,1980,, ,,,,,,
9273,Indianapolis Power & Light Co,990,Harding Street,IN,9,RE,N,N,, , ,ST, , ,DP,MO,1980,,,,,,,FD, ,NP,YR,1995,LA,,,LA,,,ST,0.135,PB,PS,1980,, ,,,,,,
9273,Indianapolis Power & Light Co,991,Eagle Valley (IN),IN,1,RE,N,N,, , ,ST, , ,DP,MO,1980,,,,,,,ST, ,NP,YR,1995,,,,,,,ST,0.1,PB,PS,1980,ST, ,,,,,,
9273,Indianapolis Power & Light Co,991,Eagle Valley (IN),IN,2,RE,N,N,, , ,ST, , ,DP,MO,1980,,,,,,,ST, ,NP,YR,1995,,,,,,,ST,0.1,PB,PS,1980,, ,,,,,,
9273,Indianapolis Power & Light Co,991,Eagle Valley (IN),IN,3,OP,N,N,, , ,ST,0.37, ,DP,NV,1980,NC,WA,,NC,WA,,ST,0.87,NP,YR,1995,NC,,,NC,,,ST,0.27,PB,PS,1980,ST,2016,OT,EK,,OT,EK,
9273,Indianapolis Power & Light Co,991,Eagle Valley (IN),IN,4,OP,N,N,, , ,ST,0.27, ,DP,MO,1980,NC,WA,,NC,WA,,ST,0.87,NP,YR,1995,NC,,,NC,,,ST,0.27,PB,PS,1980,ST,2016,EK,OT,,EK,OT,
9273,Indianapolis Power & Light Co,991,Eagle Valley (IN),IN,5,OP,N,N,, , ,ST,0.37, ,DP,MO,1980,NC,WA,,NC,WA,,ST,0.87,NP,YR,1995,NC,,,NC,,,ST,0.27,PB,PS,1980,ST,2016,OT,EK,,OT,EK,
9273,Indianapolis Power & Light Co,991,Eagle Valley (IN),IN,6,OP,N,N,, , ,ST,0.37, ,DP,MO,1980,NC,,,NC,,,ST,0.87,NP,YR,1995,NC,,,NC,,,ST,0.27,PB,PS,1980,ST,2016,EK,OT,,EK,OT,
9273,Indianapolis Power & Light Co,994,AES Petersburg,IN,1,OP,N,N,, , ,ST, , ,DP,MO,1990,NC,,,NC,,,FD, ,NP,YR,1995,LN,,,NC,,,ST,0.8,PB,PS,1988,FD,2015,EK,,,ACI,EK,
9273,Indianapolis Power & Light Co,994,AES Petersburg,IN,2,OP,N,N,, , ,ST, , ,DP,MO,1990,NC,,,NC,,,FD, ,NP,YR,1995,LN,SR,,NC,,,ST,0.44,PB,PS,1988,FD,2015,EK,,,BP,ACI,
9273,Indianapolis Power & Light Co,994,AES Petersburg,IN,3,OP,D,N,, , ,FD, , ,DP,TH,1977,NC,,,NC,,,FD, ,NP,YR,1995,OV,SR,,NC,,,FD,0.1,PB,PS,1985,FD,2016,EK,,,BP,ACI,
9273,Indianapolis Power & Light Co,994,AES Petersburg,IN,4,OP,Da,Y,1631156,2,1978,FD, , ,DP,TH,1986,NC,,,NC,,,FD, ,NP,YR,1995,OV,LN,,NC,,,FD,0.1,PB,PS,1986,FD,2016,EK,,,ACI,EK,
9303,Verso Bucksport LLC,50243,Verso Paper,ME,5,SB,N,,, , ,ST,296.8, ,DH,OH,1972,NC,SS,,NC,SS,,ST,0.55,NP,NV,1972,NC,MS,,NC,MS,,ST,0.075,PB,PS,1972,, ,,,,,,
9303,Verso Bucksport LLC,50243,Verso Paper,ME,6,SC,N,,, , ,ST,180.8, ,DH,OH,1976,NC,SS,,NC,SS,,ST,0.3,NP,NV,1976,NC,MS,,NC,MS,,ST,0.075,PB,PS,1976,, ,,,,,,
9303,Verso Bucksport LLC,50243,Verso Paper,ME,7,RE,N,,, , ,,180.8, ,DH,OH,1976,,,,,,,,0.3,NP,NV,1976,,,,,,,ST,0.075,PB,PS,1976,, ,,,,,,
9303,Verso Bucksport LLC,50243,Verso Paper,ME,8,OP,N,Y,A-22-77-4-A,11,2010,FD,0.8, ,DP,TH,1984,NC,SS,,NC,SS,,FD,0.3,NP,TH,1984,NC,MS,,NC,MS,,ST,0.06,PB,DT,1984,, ,,,,,,
9303,Verso Bucksport LLC,50243,Verso Paper,ME,9,OP,N,,, , ,FD,12, ,DH,OH,2000,NC,,,NC,,,ST,9,NM,DA,2000,NC,MS,,NC,MS,,ST,9,PH,OH,2000,, ,,,,,,
9312,IPC-Mansfield Mill,54091,Mansfield Mill,LA,HRSG,OP,D,Y,PSD-LA-93(M7),7,2004,FD, , ,,,1995,OT,OT,OT,,,,FD, ,NP,OH,1995,NC,,,NC,,,, ,,, ,,2016,,,,,,
9312,IPC-Mansfield Mill,54091,Mansfield Mill,LA,PB1,OP,D,Y,PSD-LA-93(M7),7,2004,, , ,DP,OH,1981,NC,,,NC,,,FD, ,NP,OH,1981,NC,,,NC,,,FD,0.1,PB,SM,1981,FD,2016,,,,,,
9312,IPC-Mansfield Mill,54091,Mansfield Mill,LA,PB2,OP,D,Y,PSD-LA-93(M7),7,2004,FD, , ,DP,OH,1981,NC,,,NC,,,FD, ,NP,OH,1981,NC,,,NC,,,FD,0.1,PB,SM,1981,FD,2016,,,,,,
9312,IPC-Mansfield Mill,54091,Mansfield Mill,LA,RB1,OP,D,Y,PSD-LA-93(M7),7,2004,, , ,,, ,,,,,,,, ,,, ,,,,,,,FD,0.044,PC,SM,1981,FD,2016,,,,,,
9312,IPC-Mansfield Mill,54091,Mansfield Mill,LA,RB2,OP,D,Y,PSD-LA-93(M7),7,2004,, , ,,, ,,,,,,,, ,,, ,,,,,,,FD,0.044,PC,SM,1981,FD,2016,,,,,,
9324,Indiana Michigan Power Co,988,Tanners Creek,IN,U1,OP,N,N,, , ,ST,1.2,0,DP,MO,1977,WA,SS,,NC,,,ST,0.8,NP,YR,2000,LN,,,NC,,,ST,0.09,PB,DT,1977,FD,2015,,,,,,
9324,Indiana Michigan Power Co,988,Tanners Creek,IN,U2,OP,N,N,, , ,ST,1.2,0,DP,MO,1977,WA,SS,,NC,,,ST,0.8,NP,YR,2000,LN,,,NC,,,ST,0.09,PB,DT,1977,FD,2015,,,,,,
9324,Indiana Michigan Power Co,988,Tanners Creek,IN,U3,OP,N,N,, , ,ST,1.2,0,DP,MO,1977,WA,SS,,NC,,,ST,0.8,NP,YR,2000,LN,,,NC,,,FD,0.09,PB,DT,1977,FD,2015,,,,,,
9324,Indiana Michigan Power Co,988,Tanners Creek,IN,U4,OP,N,N,, , ,ST,5.24,0,DP,MO,1977,WA,SS,,NC,,,ST,1.58,NP,YR,2000,OV,,,NC,,,ST,0.1,PB,DT,1977,FD,2015,,,,,,
9324,Indiana Michigan Power Co,6000,Donald C Cook,MI,NSS1,OP,,,, , ,, , ,,, ,,,,,,,, ,,, ,,,,,,,, ,,, ,, ,,,,,,
9324,Indiana Michigan Power Co,6000,Donald C Cook,MI,NSS2,OP,,,, , ,, , ,,, ,,,,,,,, ,,, ,,,,,,,, ,,, ,, ,,,,,,
9324,Indiana Michigan Power Co,6166,Rockport,IN,MB1,OP,D,Y,EPA-5-78-A-1,10,1977,FD,1.2, ,DP,MO,1984,NC,,,NC,,,FD,0.45,NP,YR,1984,LN,OV,,NC,,,ST,0.1,PB,PS,1984,,2015,,,,ACI,,
9324,Indiana Michigan Power Co,6166,Rockport,IN,MB2,OP,D,Y,EPA-5-78-A-1,10,1977,FD,1.2, ,DP,MO,1989,NC,,,NC,,,FD,0.45,NP,YR,1989,LN,OV,,NC,,,ST,0.1,PB,PS,1989,,2015,,,,ACI,,
9332,Indian River Operations Inc,594,Indian River Generating Station,DE,1,RE,N,N,, , ,ST, , ,SU,NV,2008,,,,,,,ST, ,NP,DA,2008,,,,,,,ST,0.3,PB,WO,1981,, ,,,,,,
9332,Indian River Operations Inc,594,Indian River Generating Station,DE,2,RE,N,N,, , ,ST, , ,SU,NV,2008,,,,,,,ST, ,NP,DA,2008,,,,,,,ST,0.3,PB,WO,1981,, ,,,,,,
9332,Indian River Operations Inc,594,Indian River Generating Station,DE,3,RE,N,N,, , ,ST,1.2, ,SU,NV,2008,NC,,,NC,,,ST,0.57,NP,DA,1995,NC,,,NC,,,ST,0.3,PB,WO,1981,ST,2008,ACI,EC,,ACI,EC,
9332,Indian River Operations Inc,594,Indian River Generating Station,DE,4,OP,D,N,, , ,ST,0.2, ,DP,DA,2012,NC,,,NC,,,ST,0.1,NP,DA,2012,NC,,,NC,,,ST,0.075,PB,NV,2012,ST,2012,ACI,CD,LIJ,ACI,CD,LIJ
9348,International Paper,52152,International Paper Franklin Mill,VA,4RB,OS,N,,, , ,, , ,,, ,,,,,,,, ,,, ,,,,,,,, ,,, ,, ,,,,,,
9348,International Paper,52152,International Paper Franklin Mill,VA,5PB,OS,N,,, , ,, , ,,, ,,,,,,,, ,,, ,,,,,,,, ,,, ,, ,,,,,,
9348,International Paper,52152,International Paper Franklin Mill,VA,5RB,OS,N,,, , ,, , ,,, ,,,,,,,, ,,, ,,,,,,,, ,,, ,, ,,,,,,
9348,International Paper,52152,International Paper Franklin Mill,VA,6PB,OS,N,,, , ,, , ,,, ,,,,,,,, ,,, ,,,,,,,, ,,, ,, ,,,,,,
9348,International Paper,52152,International Paper Franklin Mill,VA,6RB,OP,N,,, , ,, , ,,, ,,,,,,,, ,,, ,,,,NC,,,FD, ,PC,, ,, ,,,,,,
9348,International Paper,52152,International Paper Franklin Mill,VA,7PB,OS,N,,, , ,, , ,,, ,,,,,,,, ,,, ,,,,,,,, ,,, ,, ,,,,,,
9348,International Paper,52152,International Paper Franklin Mill,VA,9PB,OP,Db,,, , ,, , ,,, ,,,,,,,FD, ,NP,MO,1998,LN,NH3,,NC,,,, ,,, ,, ,,,,,,
9350,IPC-Ticonderoga,54099,Ticonderoga Mill,NY,PB1,OP,,,, , ,, , ,,, ,,,,,,,, ,,, ,,,,,,,, ,,, ,, ,,,,,,
9350,IPC-Ticonderoga,54099,Ticonderoga Mill,NY,RB1,OP,N,,, , ,, , ,,, ,,,,,,,, ,,, ,,,,,,,, ,,, ,, ,,,,,,
9353,International Paper Co-Augusta,54358,International Paper Augusta Mill,GA,PB1,OP,N,,, , ,, , ,,, ,,,,,,,, ,,, ,,,,,,,, ,,, ,, ,,,,,,
9353,International Paper Co-Augusta,54358,International Paper Augusta Mill,GA,PB2,OP,N,,, , ,, , ,,, ,,,,,,,, ,,, ,,,,,,,, ,,, ,, ,,,,,,
9353,International Paper Co-Augusta,54358,International Paper Augusta Mill,GA,PB3,OP,N,,, , ,, , ,,, ,,,,,,,FD,0.3,NH,TH,1986,OV,,,NC,,,FD,0.075,PB,, ,, ,,,,,,
9353,International Paper Co-Augusta,54358,International Paper Augusta Mill,GA,RB2,OP,N,,, , ,, , ,,, ,,,,,,,, ,,, ,,,,,,,, ,,, ,, ,,,,,,
9353,International Paper Co-Augusta,54358,International Paper Augusta Mill,GA,RB3,OP,N,,, , ,, , ,,, ,,,,,,,FD,0.3,NP,TH,1986,OV,,,MS,,,FD, ,OT,, ,, ,,,,,,
9379,"Inter-Power/AhlCon Partners, L.P.",10143,Colver Power Project,PA,ABB01,OP,Db,N,, , ,ST,0.62,1,SR,MO,1995,CF,,,CF,,,ST,0.2,NP,DA,1995,NH3,,,NH3,,,ST,21.3,PH,OH,1995,, ,,,,,,
9382,International Paper Co-Vicksbg,54100,International Paper Vicksburg Mill,MS,N1BABO,OP,,,, , ,, , ,,, ,,,,,,,, ,,, ,,,,,,,, ,,, ,, ,,,,,,
9382,International Paper Co-Vicksbg,54100,International Paper Vicksburg Mill,MS,N1REBO,OP,,,, , ,, , ,,, ,,,,,,,, ,,, ,,,,,,,, ,,, ,, ,,,,,,
9384,International Paper Co-Courtld,50245,International Paper Courtland Mill,AL,HRSG,OP,N,,, , ,FD, , ,SU,PS,1990,ND,,,ND,,,FD, ,NH,PS,1990,,,,,,,FD,3.1,PH,DT,1990,, ,,,,,,
9384,International Paper Co-Courtld,50245,International Paper Courtland Mill,AL,PB3,OP,N,,, , ,FD, , ,DP,TH,1992,ND,,,ND,,,FD, ,NP,TH,1992,,,,,,,FD,0.03,PB,YR,1992,, ,,,,,,
9384,International Paper Co-Courtld,50245,International Paper Courtland Mill,AL,RB3,OP,N,,, , ,FD, , ,DH,TH,1990,ND,,,ND,,,FD,0,NH,TH,1990,,,,,,,FD,0.027,PC,YR,1990,, ,,,,,,
9385,International Paper Co,54097,International Paper Texarkana Mill,TX,PB1,OP,N,,, , ,, , ,,, ,,,,,,,, ,,, ,,,,,,,, ,,, ,, ,,,,,,
9385,International Paper Co,54097,International Paper Texarkana Mill,TX,PB2,OP,N,,, , ,, , ,,, ,,,,,,,, ,,, ,,,,,,,, ,,, ,, ,,,,,,
9385,International Paper Co,54097,International Paper Texarkana Mill,TX,RB1,OP,,,, , ,, , ,,, ,,,,,,,, ,,, ,,,,,,,, ,,, ,, ,,,,,,
9385,International Paper Co,54097,International Paper Texarkana Mill,TX,RB2,OP,,,, , ,, , ,,, ,,,,,,,, ,,, ,,,,,,,, ,,, ,, ,,,,,,
9390,International Paper Co-GT Mill,54087,International Paper Georgetown Mill,SC,PB01,OP,D,,, , ,FD, , ,DP,TH,1984,NC,,,NC,,,FD, ,NP,TH,1984,NC,,,NC,,,FD, ,OP,SM,1984,, ,,,,,,
9390,International Paper Co-GT Mill,54087,International Paper Georgetown Mill,SC,PB02,OP,D,,, , ,FD, , ,DP,TH,1984,NC,,,NC,,,FD, ,NP,TH,1984,NC,,,NC,,,FD, ,OP,SM,1984,, ,,,,,,
9390,International Paper Co-GT Mill,54087,International Paper Georgetown Mill,SC,RB01,OP,,,, , ,, , ,,, ,,,,,,,, ,,, ,,,,,,,, ,,, ,, ,,,,,,
9390,International Paper Co-GT Mill,54087,International Paper Georgetown Mill,SC,RB02,OP,,,, , ,, , ,,, ,,,,,,,, ,,, ,,,,,,,, ,,, ,, ,,,,,,
9393,International Paper Co-Riverdl,54096,International Paper Riverdale Mill,AL,BLRB1,OP,N,,, , ,, , ,,, ,,,,,,,, ,,, ,,,,,,,, ,,, ,, ,,,,,,
9393,International Paper Co-Riverdl,54096,International Paper Riverdale Mill,AL,BLRB2,OP,N,,, , ,, , ,,, ,,,,,,,, ,,, ,,,,,,,, ,,, ,, ,,,,,,
9393,International Paper Co-Riverdl,54096,International Paper Riverdale Mill,AL,BLRP1,OP,N,,, , ,, , ,,, ,,,,,,,, ,,, ,,,,,,,, ,,, ,, ,,,,,,
9393,International Paper Co-Riverdl,54096,International Paper Riverdale Mill,AL,BLRR1,OP,N,,, , ,, , ,,, ,,,,,,,, ,,, ,,,,,,,, ,,, ,, ,,,,,,
9393,International Paper Co-Riverdl,54096,International Paper Riverdale Mill,AL,BLRR2,OP,N,,, , ,, , ,,, ,,,,,,,, ,,, ,,,,,,,, ,,, ,, ,,,,,,
9393,International Paper Co-Riverdl,54096,International Paper Riverdale Mill,AL,HRSG4,OP,N,,, , ,, , ,,, ,,,,,,,, ,,, ,,,,,,,, ,,, ,, ,,,,,,
9394,Interstate Paper LLC,54281,Interstate Paper LLC Riceboro,GA,MFB,OP,,,, , ,, , ,,, ,,,,,,,, ,,, ,,,,,,,, ,,, ,, ,,,,,,
9394,Interstate Paper LLC,54281,Interstate Paper LLC Riceboro,GA,POW,OP,,,, , ,, , ,,, ,,,,,,,, ,,, ,,,,,,,, ,,, ,, ,,,,,,
9394,Interstate Paper LLC,54281,Interstate Paper LLC Riceboro,GA,REC,OP,,,, , ,, , ,,, ,,,,,,,, ,,, ,,,,,,,, ,,, ,, ,,,,,,
9401,International Paper Co-Pensacola,50250,International Paper Pensacola,FL,1RB,OP,N,,, , ,, , ,,, ,,,,,,,, ,,, ,,,,,,,ST,0.042,PC,, ,, ,,,,,,
9401,International Paper Co-Pensacola,50250,International Paper Pensacola,FL,2RB,OP,N,,, , ,, , ,,, ,,,,,,,, ,,, ,,,,,,,ST,0.042,PC,, ,, ,,,,,,
9401,International Paper Co-Pensacola,50250,International Paper Pensacola,FL,3PB,OP,N,,, , ,ST, , ,,, ,,,,,,,ST,0.2,NH,TH,1986,LA,,,LA,,,ST,0.1,PB,, ,, ,,,,,,
9401,International Paper Co-Pensacola,50250,International Paper Pensacola,FL,4PB,OP,N,,, , ,ST, , ,,, ,,,,,,,ST,0.2,NP,TH,1983,LA,,,LA,,,ST,0.1,PB,, ,, ,,,,,,
9401,International Paper Co-Pensacola,50250,International Paper Pensacola,FL,6PB,OP,N,,, , ,ST, , ,,, ,,,,,,,ST,0.06,NP,DA,1994,FR,LN,,FR,LN,,ST, ,,, ,, ,,,,,,
9417,Interstate Power and Light Co,1046,Dubuque,IA,1,OP,N,,, , ,, , ,,, ,,,,,,,, ,,, ,,,,,,,, ,,, ,, ,,,,,,
9417,Interstate Power and Light Co,1046,Dubuque,IA,5,OP,N,,, , ,, , ,,, ,,,,,,,, ,,, ,,,,,,,, ,,, ,, ,,,,,,
9417,Interstate Power and Light Co,1046,Dubuque,IA,6,OP,N,,, , ,, , ,,, ,,,,,,,, ,,, ,,,,,,,, ,,, ,, ,,,,,,
9417,Interstate Power and Light Co,1047,Lansing,IA,1,RE,N,,, , ,ST, , ,DP,TH,1977,NC,,,SS,NC,,, ,,, ,,,,,,,ST,0.6,PB,PS,1975,, ,,,,,,
9417,Interstate Power and Light Co,1047,Lansing,IA,2,RE,N,N,, , ,ST, , ,DP,TH,1975,,,,,,,, ,,, ,,,,,,,ST,0.6,PB,PS,1975,, ,,,,,,
9417,Interstate Power and Light Co,1047,Lansing,IA,3,RE,N,N,, , ,ST, , ,DH,TH,1977,NC,,,SS,NC,,FD, ,,, ,,,,,,,ST,60,PH,PS,1975,, ,,,,,,
9417,Interstate Power and Light Co,1047,Lansing,IA,4,OP,D,Y,75-A-014-P11,3,2010,FD,1.2, ,DP,TH,1977,NC,,,IF,,,FD,0.7,NP,TH,1977,SR,LN,,NC,,,FD,260,PH,PS,1977,FD,2015,ACI,BP,,ACI,CD,BP
9417,Interstate Power and Light Co,1048,Milton L Kapp,IA,1,RE,N,N,, , ,ST, , ,DM,NS,1990,SS,,,NC,,,ST,0.45,NP,MO,2002,OV,LN,LA,NC,,,ST,0.8,PB,PS,1975,, ,OT,,,,,
9417,Interstate Power and Light Co,1048,Milton L Kapp,IA,2,OP,N,N,, , ,ST,4.3, ,DP,TH,1990,SS,,,NC,,,ST,0.45,NP,MO,2002,OV,LN,LA,NC,,,ST,0.32,PB,PS,1975,FD,2015,OT,,,OT,,
9417,Interstate Power and Light Co,1073,Prairie Creek,IA,1,OP,N,Y,97-A-998-S1,6,1997,ST,5, ,DP,WO,1975,SS,,,NC,,,ST,235,NH,NS,1995,NC,,,NC,,,ST,0.16,PB,PS,1975,FD,2016,EK,,,EK,,
9417,Interstate Power and Light Co,1073,Prairie Creek,IA,2,OP,N,Y,97-A-998-S1,6,1997,ST,5, ,DP,WO,1975,SS,,,NC,,,ST,235,NH,NS,1995,NC,,,NC,,,ST,0.16,PB,PS,1975,FD,2016,EK,,,EK,,
9417,Interstate Power and Light Co,1073,Prairie Creek,IA,3,OP,N,Y,08-A-181-P,8,2008,ST,495.9, ,DH,DA,1975,SS,,,NC,,,,0.46,NP,MO,2010,OV,,,NC,,,LO,0.16,PB,PS,1975,FD,2015,EC,,,ACI,,
9417,Interstate Power and Light Co,1073,Prairie Creek,IA,4,OP,N,N,, , ,LO,1289.3, ,DH,DA,1975,SS,,,NC,,,, ,,, ,OV,LN,,NC,,,LO,0.16,PB,PS,1975,FD,2015,EC,,,ACI,,
9417,Interstate Power and Light Co,1077,Sutherland,IA,1,OP,N,N,, , ,ST,1.9, ,DP,DA,2001,SS,,,NC,,,ST,0.4,NP,MO,2003,LN,,,NC,,,ST,0.38,PB,PS,1976,, ,,,,,,
9417,Interstate Power and Light Co,1077,Sutherland,IA,2,RE,N,N,, , ,ST,0.38, ,DP,DA,2001,,,,SS,,,ST,0,NP,MO,2003,MS,,,LN,,,ST,0.38,PB,PS,1976,, ,,,,,,
9417,Interstate Power and Light Co,1077,Sutherland,IA,3,OP,N,N,, , ,ST,3.2, ,DP,DA,2001,SS,,,NC,,,, ,,, ,OV,,,NC,,,ST,0.38,PB,PS,1977,, ,,,,,,
9417,Interstate Power and Light Co,1104,Burlington (IA),IA,1,OP,N,N,, , ,ST, , ,DP,TH,1968,SS,,,NC,,,ST, ,NP,MO,1996,LN,OV,AA,NC,,,ST,0.8,PB,PS,1968,FD,2015,EC,,,ACI,EC,
9417,Interstate Power and Light Co,1888,Fox Lake,MN,1,OP,N,N,, , ,ST, , ,DP,NS,1976,NC,,,SS,NC,,, ,,, ,,,,,,,ST,0.6,PB,PS,1977,, ,,,,,,
9417,Interstate Power and Light Co,1888,Fox Lake,MN,2,RE,N,N,, , ,ST, , ,DP,NS,1976,NC,,,SS,NC,,, ,,, ,,,,,,,ST,0.6,PB,PS,1977,, ,,,,,,
9417,Interstate Power and Light Co,1888,Fox Lake,MN,3,OP,N,N,, , ,ST, , ,DP,NS,1976,NC,,,SS,NC,,, ,,, ,,,,,,,ST,0.6,PB,PS,1977,, ,,,,,,
9417,Interstate Power and Light Co,6254,Ottumwa,IA,1,OP,D,Y,78-A-019-P9,1,2010,ST,1.2, ,DP,TH,1981,NC,,,IF,,,ST,0.7,NP,TH,2010,LN,OV,,NC,,,ST,0.1,PB,PS,1981,FD,2015,EH,,,EH,BP,SD
9417,Interstate Power and Light Co,8031,Emery Station,IA,1,OP,Da,Y,02-A-634-P2,6,2002,ST,0.0022, ,DP,NS,2004,OT,,,NC,SS,,ST,0.0114,NP,NS,2004,SR,,,NC,,,ST,0.0072,PB,PS,2004,, ,,,,,,
9417,Interstate Power and Light Co,8031,Emery Station,IA,2,OP,Da,Y,02-A-634-P2,6,2002,ST,0.0022, ,DP,NS,2004,OT,,,NC,,,ST,0.0114,NP,NS,2004,SR,,,NC,,,ST,0.0072,PB,PS,2004,, ,,,,,,
9424,International Paper Co-Eastovr,52151,International Paper Eastover Facility,SC,PB1,OP,D,Y,P/C-40-128,2,1982,FD,1.2, ,DP,MO,1984,NC,,,NC,,,FD,0.7,NP,TH,1984,NC,,,NC,,,FD,0.1,PB,PS,1984,, ,,,,,,
9424,International Paper Co-Eastovr,52151,International Paper Eastover Facility,SC,PB2,OP,Db,Y,1900-0046-DD,8,2003,FD,0.3, ,DP,PS,1991,NC,,,NC,,,FD,0.3,NP,MO,1991,NC,,,NC,,,FD,0.05,PB,PS,1991,, ,,,,,,
9424,International Paper Co-Eastovr,52151,International Paper Eastover Facility,SC,RF1,OP,N,Y,P/C-40-131,2,1982,FD,280, ,DM,PS,1984,NC,,,NC,,,FD,210,NM,PS,1984,NC,,,NC,,,FD,0.044,PC,PS,1984,, ,,,,,,
9424,International Paper Co-Eastovr,52151,International Paper Eastover Facility,SC,RF2,OP,N,Y,1900-0046-CB,7,1989,FD,200, ,DM,PS,1991,NC,,,NC,,,FD,150,NM,PS,1991,NC,,,NC,,,FD,0.03,PC,PS,1991,, ,,,,,,
9434,Iowa State University,54201,Iowa State University,IA,BLR1,OP,N,,, , ,FD, , ,,, ,,,,,,,, ,,, ,,,,,,,ST, ,,, ,, ,,,,,,
9434,Iowa State University,54201,Iowa State University,IA,BLR2,OP,N,,, , ,, , ,,, ,,,,,,,, ,,, ,,,,,,,, ,,, ,, ,,,,,,
9434,Iowa State University,54201,Iowa State University,IA,BLR3,OP,N,,, , ,, , ,,, ,,,,,,,, ,,, ,,,,,,,, ,,, ,, ,,,,,,
9434,Iowa State University,54201,Iowa State University,IA,BLR4,OP,N,,, , ,, , ,,, ,,,,,,,, ,,, ,,,,,,,, ,,, ,, ,,,,,,
9434,Iowa State University,54201,Iowa State University,IA,BLR5,OS,N,,, , ,, , ,,, ,,,,,,,, ,,, ,,,,,,,, ,,, ,, ,,,,,,
9434,Iowa State University,54201,Iowa State University,IA,BLR6,RE,N,,, , ,, , ,,, ,,,,,,,, ,,, ,,,,,,,, ,,, ,, ,,,,,,
9434,Iowa State University,54201,Iowa State University,IA,BLR7,RE,N,,, , ,, , ,,, ,,,,,,,, ,,, ,,,,,,,, ,,, ,, ,,,,,,
9454,ArcelorMittal Cleveland Inc,10398,Arcelormittal Cleveland Inc,OH,A,OP,N,,, , ,ST, , ,,, ,,,,,,,, ,,, ,,,,,,,, ,,, ,, ,,,,,,
9454,ArcelorMittal Cleveland Inc,10398,Arcelormittal Cleveland Inc,OH,B,OP,N,,, , ,, , ,,, ,,,,,,,, ,,, ,,,,,,,, ,,, ,, ,,,,,,
9454,ArcelorMittal Cleveland Inc,10398,Arcelormittal Cleveland Inc,OH,C,OP,N,,, , ,, , ,,, ,,,,,,,, ,,, ,,,,,,,, ,,, ,, ,,,,,,
9454,ArcelorMittal Cleveland Inc,10398,Arcelormittal Cleveland Inc,OH,D,OS,N,,, , ,, , ,,, ,,,,,,,, ,,, ,,,,,,,, ,,, ,, ,,,,,,
9617,JEA,207,St Johns River Power Park,FL,1,OP,Da,N,, , ,FD,0.6,1,DP,MO,1987,NC,,,NC,,,FD,0.46,NP,MO,1987,NC,,,NC,,,FD,0.03,PB,NV,1987,FD,2015,SP,,,ND,,
9617,JEA,207,St Johns River Power Park,FL,2,OP,Da,N,, , ,FD,0.6,1,DP,MO,1988,NC,,,NC,,,FD,0.46,NP,MO,1988,NC,,,NC,,,FD,0.03,PB,NV,1988,FD,2015,SP,,,ND,,
9617,JEA,667,Northside Generating Station,FL,1,OP,Db,N,, , ,ST,0.15, ,DP,NV,2002,NC,,,NC,,,ST,0.09,NP,NV,2002,NC,,,NC,,,ST,0.01,PB,NV,2002,FD,2015,BP,SD,,BP,SD,
9617,JEA,667,Northside Generating Station,FL,2,OP,Db,N,, , ,ST,0.15, ,DP,NV,2002,NC,,,NC,,,ST,0.09,NP,NV,2002,NC,,,NC,,,ST,0.01,PB,NV,2002,FD,2015,BP,SD,,BP,SD,
9617,JEA,667,Northside Generating Station,FL,3,OP,N,N,, , ,ST,1.98, ,DP,NV,1977,NC,,,NC,,,ST,0.3,NP,NV,1982,NC,,,NC,,,ST,0.1,PB,NV,1977,, ,,,,,,
9617,JEA,7846,Brandy Branch,FL,HRSG2,OP,Da,N,, , ,ST, , ,DP,NV,2005,NC,,,NC,,,ST,3.5,NP,NV,2005,NC,,,NC,,,ST,0.1,PB,NV,2005,, ,,,,,,
9617,JEA,7846,Brandy Branch,FL,HRSG3,OP,Da,N,, , ,ST, , ,DP,NV,2005,NC,,,NC,,,ST,3.5,NP,NV,2005,NC,,,NC,,,ST,0.1,PB,NV,2005,, ,,,,,,
9628,Hopewell Operating Services LLC,10377,James River Genco LLC,VA,1A,OP,Db,Y,50950,6,2008,ST,0.96, ,DP,NS,1987,IF,IF,IF,IF,IF,IF,ST,0.6,NP,MO,1987,AA,AA,AA,OV,OV,,ST,0.03,PB,NS,1987,ST,2014,BS,BS,BS,BS,BS,BS
9628,Hopewell Operating Services LLC,10377,James River Genco LLC,VA,1B,OP,Db,Y,bbb,6,2008,ST, , ,DP,NS,1987,IF,IF,IF,IF,IF,IF,ST, ,NP,MO,1987,AA,AA,AA,NC,,,ST,0.03,PB,NS,1987,ST,2014,BS,,,DSI,,
9628,Hopewell Operating Services LLC,10377,James River Genco LLC,VA,1C,OP,Db,Y,50950,6,2008,ST, , ,DP,NS,1987,IF,IF,IF,IF,IF,IF,ST, ,NP,MO,1987,AA,AA,AA,NC,,,ST,0.03,PB,NS,1987,ST,2014,BS,,,DSI,,
9628,Hopewell Operating Services LLC,10377,James River Genco LLC,VA,2A,OP,Db,Y,50950,6,2008,ST, , ,DP,NS,1987,IF,IF,IF,IF,IF,IF,ST, ,NP,MO,1987,AA,AA,AA,NC,,,ST,0.03,PB,NS,1987,ST,2014,BS,,,DSI,,
9628,Hopewell Operating Services LLC,10377,James River Genco LLC,VA,2B,OP,Db,Y,50950,6,2008,ST, , ,DP,NS,1987,IF,IF,IF,IF,IF,IF,ST, ,NP,MO,1987,AA,AA,AA,NC,,,ST,0.03,PB,NS,1987,ST,2014,BS,,,DSI,,
9628,Hopewell Operating Services LLC,10377,James River Genco LLC,VA,2C,OP,Db,Y,50950,6,2008,ST, , ,DP,NS,1987,IF,IF,IF,IF,IF,IF,ST, ,NP,MO,1987,AA,AA,AA,NC,,,ST,0.03,PB,NS,1987,ST,2014,BS,,,DSI,,
9645,Jamestown Board of Public Util,2682,S A Carlson,NY,10,OP,D,,, , ,, , ,,, ,,,,,,,, ,,, ,,,,,,,, ,,, ,, ,,,,,,
9645,Jamestown Board of Public Util,2682,S A Carlson,NY,11,RE,,,, , ,, , ,,, ,,,,,,,, ,,, ,,,,,,,, ,,, ,, ,,,,,,
9645,Jamestown Board of Public Util,2682,S A Carlson,NY,12,RE,,,, , ,, , ,,, ,,,,,,,, ,,, ,,,,,,,, ,,, ,, ,,,,,,
9645,Jamestown Board of Public Util,2682,S A Carlson,NY,9,OP,,,, , ,, , ,,, ,,,,,,,, ,,, ,,,,,,,, ,,, ,, ,,,,,,
9645,Jamestown Board of Public Util,2682,S A Carlson,NY,HRSG,OP,,,, , ,, , ,,, ,,,,,,,, ,,, ,,,,,,,, ,,, ,, ,,,,,,
9667,City of Jasper - (IN),6225,Jasper 2,IN,1,SB,N,,, , ,, , ,,, ,,,,,,,, ,NP,NS, ,ND,,,ND,,,, ,,, ,, ,ND,,,ND,,
9686,RockTenn-Jackson Fenandina,10202,Fernandina Beach Mill,FL,4REC,OP,D,,, , ,, , ,,, ,,,,,,,, ,,, ,,,,,,,ST,137.5,PH,DA,1969,, ,,,,,,
9686,RockTenn-Jackson Fenandina,10202,Fernandina Beach Mill,FL,5PWR,OP,D,,, , ,FD, ,0,DH,YR,1968,NC,,,NC,,,, ,,, ,,,,,,,FD,137.1,PH,PS,1968,, ,,,,,,
9686,RockTenn-Jackson Fenandina,10202,Fernandina Beach Mill,FL,5REC,OP,Da,,, , ,, , ,,, ,,,,,,,, ,,, ,,,,,,,ST,83.3,PH,DA,1978,, ,,,,,,
9686,RockTenn-Jackson Fenandina,10202,Fernandina Beach Mill,FL,7PWR,OP,Da,,, , ,FD, , ,DH,NS,1981,NC,,,NC,,,FD, ,NH,NS,1981,NC,,,NC,,,FD,102.1,PH,NS,1981,, ,,,,,,
9788,John Deere Harvester Works Co,10039,John Deere Harvester Works,IL,10,OP,,,, , ,, , ,,, ,,,,,,,, ,,, ,,,,,,,, ,,, ,, ,,,,,,
9788,John Deere Harvester Works Co,10039,John Deere Harvester Works,IL,7,OP,,,, , ,, , ,,, ,,,,,,,, ,,, ,,,,,,,, ,,, ,, ,,,,,,
9788,John Deere Harvester Works Co,10039,John Deere Harvester Works,IL,8,OP,,,, , ,, , ,,, ,,,,,,,, ,,, ,,,,,,,, ,,, ,, ,,,,,,
9788,John Deere Harvester Works Co,10039,John Deere Harvester Works,IL,9,OP,,,, , ,, , ,,, ,,,,,,,, ,,, ,,,,,,,, ,,, ,, ,,,,,,
9996,City of Kansas City - (KS),1294,Kaw,KS,1,SC,N,N,, , ,FD, , ,OT,NV,2000,NC,,,NC,,,, ,,, ,,,,,,,LO,20,OP,SM,1972,, ,,,,,,
9996,City of Kansas City - (KS),1294,Kaw,KS,2,SC,N,N,, , ,FD, , ,OT,NV,2000,NC,,,NC,,,, ,,, ,,,,,,,LO,20,OP,SM,1972,, ,,,,,,
9996,City of Kansas City - (KS),1294,Kaw,KS,3,SC,N,N,, , ,FD, , ,OT,NV,2000,NC,,,NC,,,, ,,, ,,,,,,,LO,20,OP,SM,1972,, ,,,,,,
9996,City of Kansas City - (KS),1295,Quindaro,KS,1,OP,N,N,, , ,FD, , ,OT,NV,2000,SS,,,NC,,,, ,,, ,,,,,,,LO,20,OP,SM,1982,FD,2015,ND,,,OT,,
9996,City of Kansas City - (KS),1295,Quindaro,KS,2,OP,N,N,, , ,FD, , ,OT,NV,2000,SS,,,ND,,,FD, ,NP,NV,2005,LN,,,LN,,,LO,20,OP,SM,1982,FD,2015,ND,,,OT,,
9996,City of Kansas City - (KS),6064,Nearman Creek,KS,N1,OP,D,Y,2090008,9,1976,FD, , ,OT,YR,2000,NC,,,NC,,,FD, ,NP,NV,2000,LN,,,LN,,,FD,0.1,PB,NV,1981,FD,2017,ND,,,JB,,
10000,Kansas City Power & Light Co,1241,La Cygne,KS,1,OP,N,N,, , ,ST,3, ,DP,TH,1977,NC,,,IF,,,ST,0.15,NP,YR,2000,SR,OV,,NC,,,ST,0.12,PB,PS,1977,FD,2015,,,,ACI,LIJ,SP
10000,Kansas City Power & Light Co,1241,La Cygne,KS,2,OP,D,Y,012006-019D,10,2008,FD,1.2, ,DP,TH,1977,NC,,,IF,,,FD,0.7,NP,YR,1996,LN,OV,,SR,,,FD,0.1,PB,PS,1977,FD,2015,,,,ACI,LIJ,SP
10000,Kansas City Power & Light Co,2079,Hawthorn,MO,5A,OP,Da,Y,888,8,1999,LO,0.12, ,DP,MO,2001,NC,,,NC,,,LO,0.08,NP,MO,2001,NC,,,NC,,,LO,0.018,PB,PS,2001,FD,2015,,,,ACI,SD,BP
10000,Kansas City Power & Light Co,2079,Hawthorn,MO,9,OP,Da,Y,883-A,2,2001,LO,150, ,DM,DT,2000,NC,,,NC,,,LO,4,NM,MO,2000,NC,,,NC,,,LO,22.6,PH,DT,2000,, ,,,,,,
10000,Kansas City Power & Light Co,2080,Montrose,MO,1,OP,N,N,, , ,ST, , ,DP,YR,1988,NC,,,NC,,,FD, ,NP,YR,1996,NC,,,OV,,,ST,0.2,PB,DT,1973,FD,2016,,,,ND,,
10000,Kansas City Power & Light Co,2080,Montrose,MO,2,OP,N,N,, , ,ST, , ,DP,YR,1988,NC,,,NC,,,FD, ,NP,YR,1996,OV,,,NC,,,ST,0.2,PB,DT,1973,FD,2016,,,,ACI,,
10000,Kansas City Power & Light Co,2080,Montrose,MO,3,OP,N,N,, , ,ST, , ,DP,YR,1988,NC,,,NC,,,FD, ,NP,YR,1996,OV,,,NC,,,ST,0.2,PB,DT,1973,FD,2016,,,,ACI,,
10000,Kansas City Power & Light Co,6065,Iatan,MO,1,OP,D,Y,012006-019D,10,2008,FD, ,1,DP,MO,1980,NC,,,NC,,,FD, ,NP,MO,1996,NC,,,NC,,,FD,0.0244,PB,MO,1980,ST,2009,ACI,SP,,ACI,SP,
10000,Kansas City Power & Light Co,6065,Iatan,MO,2,OP,Da,N,012006-019C, , ,FD, ,1,DP,MO,2010,NC,,,OT,,,FD, ,NP,MO,2010,NC,,,OT,,,FD,0.0236,PB,MO,2010,ST,2010,ACI,SP,,ACI,SP,
10005,Kansas Gas & Electric Co,1240,Gordon Evans Energy Center,KS,1,OP,N,N,, , ,ST, , ,DP,TH,1971,NC,,,NC,,,, ,,, ,NC,,,NC,,,ST,0.14,PB,PS,1971,, ,,,,,,
10005,Kansas Gas & Electric Co,1240,Gordon Evans Energy Center,KS,2,OP,N,N,, , ,ST, , ,DP,TH,1971,NC,,,NC,,,, ,,, ,NC,,,NC,,,,0.14,PB,PS,1971,, ,,,,,,
10005,Kansas Gas & Electric Co,1242,Murray Gill,KS,1,OP,N,N,, , ,ST,3, ,DP,TH,1971,NC,,,NC,,,, ,,, ,,,,,,,ST,0.15,PB,PS,1971,, ,,,,,,
10005,Kansas Gas & Electric Co,1242,Murray Gill,KS,2,OP,N,N,, , ,ST,3, ,DP,TH,1971,NC,,,NC,,,, ,,, ,,,,,,,ST,0.15,PB,PS,1971,, ,,,,,,
10005,Kansas Gas & Electric Co,1242,Murray Gill,KS,3,OP,N,N,, , ,ST,3, ,DP,TH,1971,NC,,,NC,,,, ,,, ,,,,,,,ST,0.15,PB,PS,1971,, ,,,,,,
10005,Kansas Gas & Electric Co,1242,Murray Gill,KS,4,OP,N,N,, , ,ST,3, ,DP,TH,1971,NC,,,NC,,,, ,,, ,,,,,,,ST,0.15,PB,PS,1971,, ,,,,,,
10023,TC Ravenswood LLC,2500,Ravenswood,NY,10,OP,N,N,, , ,ST, , ,SU,NV,1972,NC,WA,,NC,WA,,LO, ,NM,NV,1995,MS,NC,,MS,NC,,ST,0.1,PB,NV,1973,FD,2014,,,,,,
10023,TC Ravenswood LLC,2500,Ravenswood,NY,20,OP,N,N,, , ,ST, , ,SU,NV,1972,NC,WA,,NC,WA,,LO, ,NM,NV,1995,MS,NC,,MS,NC,,ST,0.1,PB,NV,1973,FD,2014,,,,,,
10023,TC Ravenswood LLC,2500,Ravenswood,NY,30,OP,N,N,, , ,ST, , ,SU,NV,1972,NC,WA,,NC,WA,,LO, ,NM,NV,1995,MS,NC,,MS,NC,,LO,0.1,PB,NV,1971,FD,2014,,,,,,
10023,TC Ravenswood LLC,2500,Ravenswood,NY,40,OP,N,N,, , ,, , ,OT,OT,2005,,,,,,,, ,OT,OT,2005,,,,,,,, ,OT,OT,2005,FD,2014,,,,,,
10162,Kent County,50860,Kent County Waste to Energy Facility,MI,BLR1,OP,N,,, , ,FD, , ,,, ,,,,,,,FD,205,NM,DA,1999,NH3,OV,SN,NH3,OV,SN,FD,10,OP,, ,FD,1999,ACI,BP,SD,ACI,BP,SD
10162,Kent County,50860,Kent County Waste to Energy Facility,MI,BLR2,OP,N,,, , ,FD, , ,,, ,,,,,,,FD,4920,NM,DA,1999,NH3,OV,SN,NH3,OV,SN,FD,10,OP,, ,FD,1999,ACI,BP,SD,ACI,BP,SD
10171,Kentucky Utilities Co,1355,E W Brown,KY,1,OP,N,N,, , ,ST,5.15, ,DP,DA,1975,SS,TU,IF,NC,,,FD,0.5,NP,YR,1996,LN,,,NC,,,ST,40,OP,SM,1974,,2015,SP,EK,,SP,BR,
10171,Kentucky Utilities Co,1355,E W Brown,KY,2,OP,N,N,, , ,ST,5.15, ,DP,DA,1975,SS,TU,IF,NC,,,FD,0.45,NP,YR,1997,OV,LA,LN,NC,,,ST,40,OP,SM,1976,,2015,SP,EK,,SP,BR,
10171,Kentucky Utilities Co,1355,E W Brown,KY,3,OP,N,N,, , ,FD,0.1, ,DP,MO,2010,SS,TU,IF,NC,,,FD,0.07,NP,MO,2012,OV,SR,LN,NC,,,FD,0.03,PB,NV,2010,,2015,SP,EK,,SP,BR,
10171,Kentucky Utilities Co,1356,Ghent,KY,1,OP,D,N,, , ,FD,5.67, ,DP,DA,1996,IF,,,NC,,,FD,0.45,NP,YR,2004,OV,LN,SR,NC,,,ST,0.2,PB,TH,1974,,2015,SP,LIJ,EK,BR,,
10171,Kentucky Utilities Co,1356,Ghent,KY,2,OP,D,N,, , ,FD,1.2, ,DP,TH,2009,IF,,,NC,,,FD,0.7,NP,TH,2004,LN,OV,,NC,,,FD,0.1,PB,TH,1977,,2015,SP,LIJ,EK,BR,,
10171,Kentucky Utilities Co,1356,Ghent,KY,3,OP,D,N,, , ,FD,1.2, ,DP,TH,2007,IF,,,NC,,,FD, ,NP,TH,2004,OV,LN,SR,NC,,,FD,0.1,PB,TH,1981,,2014,SP,LIJ,EK,BR,,
10171,Kentucky Utilities Co,1356,Ghent,KY,4,OP,D,N,, , ,FD,1.5, ,DP,TH,2008,IF,,,NC,,,FD,0.7,NP,TH,2000,OV,LN,SR,NC,,,FD,0.1,PB,TH,1984,,2014,SP,LIJ,EK,BR,,
10171,Kentucky Utilities Co,1357,Green River,KY,4,OP,N,N,, , ,ST,4.57, ,DP,DA,1981,NC,,,NC,,,FD,0.46,NP,YR,2000,LN,,,LN,,,ST,20,OP,SM,1974,, ,EK,,,EK,,
10171,Kentucky Utilities Co,1357,Green River,KY,5,OP,N,N,, , ,ST,4.57, ,DP,DA,1981,NC,,,NC,,,FD,0.5,NP,YR,1997,LN,,,LN,,,ST,20,OP,SM,1975,, ,EW,,,EW,,
10171,Kentucky Utilities Co,1361,Tyrone,KY,1,RE,N,,, , ,ST, , ,DP,DA,1975,,,,,,,, ,,, ,,,,,,,ST,0.22,PB,DA,1972,, ,,,,,,
10171,Kentucky Utilities Co,1361,Tyrone,KY,2,RE,N,,, , ,ST, , ,DP,DA,1975,,,,,,,, ,,, ,,,,,,,ST,0.22,PB,DA,1972,, ,,,,,,
10171,Kentucky Utilities Co,1361,Tyrone,KY,3,RE,N,,, , ,ST, , ,DP,DA,1975,,,,,,,, ,,, ,,,,,,,ST,0.22,PB,DA,1972,, ,,,,,,
10171,Kentucky Utilities Co,1361,Tyrone,KY,4,RE,N,,, , ,ST, , ,DP,DA,1975,,,,,,,, ,,, ,,,,,,,ST,0.22,PB,DA,1972,, ,,,,,,
10171,Kentucky Utilities Co,1361,Tyrone,KY,5,RE,N,,, , ,ST, , ,DP,DA,1982,,,,,,,FD, ,NP,YR,2000,LN,,,LN,,,ST,40,OP,SM,1976,, ,,,,,,
10273,Kimberly-Clark Corp,50410,Chester Operations,PA,10,OP,N,,, , ,, , ,,, ,,,,,,,, ,,, ,,,,,,,, ,,, ,, ,,,,,,
10337,KES Kingsburg LP,10405,Kingsburg Cogen,CA,HRSG1,OP,,,, , ,, , ,,, ,,,,,,,LO,5,NM,NV,2004,MS,,,MS,,,LO, ,,, ,FD,2012,,,,,,
10362,Kiowa Power Partners LLC,55501,Kiamichi Energy Facility,OK,HRSG1,OP,Da,Y,2000-103-TV,7,2004,FD,14.27, ,DH,TH,2002,NC,,,NC,,,FD,115,NH,TH,2002,LN,,,NC,,,FD,20.4,PH,TH,2002,, ,,,,,,
10362,Kiowa Power Partners LLC,55501,Kiamichi Energy Facility,OK,HRSG2,OP,Da,Y,2000-103-TV,7,2004,FD,14.27, ,DH,TH,2002,NC,,,NC,,,FD,115,NH,TH,2002,LN,,,NC,,,FD,20.4,PH,TH,2002,, ,,,,,,
10362,Kiowa Power Partners LLC,55501,Kiamichi Energy Facility,OK,HRSG3,OP,Da,Y,2000-103-TV,7,2004,FD,14.27, ,DH,TH,2002,NC,,,NC,,,FD,115,NH,TH,2002,LN,,,NC,,,FD,20.4,PH,TH,2002,, ,,,,,,
10362,Kiowa Power Partners LLC,55501,Kiamichi Energy Facility,OK,HRSG4,OP,Da,Y,2000-103-TV,7,2004,FD,14.27, ,DH,TH,2002,NC,,,NC,,,FD,115,NH,TH,2002,LN,,,NC,,,FD,20.4,PH,TH,2002,, ,,,,,,
10376,Kissimmee Utility Authority,7238,Cane Island,FL,MS2B,OP,N,,, , ,FD, , ,DM,YR,1995,NC,,,NC,,,FD, ,NM,YR,1995,NC,LN,,LN,,,FD, ,,,1995,FD,1995,,,,,,
10376,Kissimmee Utility Authority,7238,Cane Island,FL,MS3B,OP,N,,, , ,FD, , ,DM,YR,2001,NC,,,NC,,,FD, ,NM,YR,2001,NC,,,LN,,,FD, ,,,2001,FD,2001,,,,,,
10376,Kissimmee Utility Authority,7238,Cane Island,FL,MS4,OP,N,,, , ,FD, , ,DM,YR,2011,NC,,,NC,,,FD, ,NM,YR,2011,NC,,,LN,,,FD, ,,YR,2011,FD,2011,,,,,,
10456,Koppers Inc - Susquehanna,10731,Koppers Susquehanna Plant,PA,1,RE,N,,, , ,, , ,,, ,,,,,,,, ,,, ,,,,,,,, ,,, ,, ,,,,,,
10576,Lake Road Generating Co LP,55149,Lake Road Generating Plant,CT,1HA,OP,,,, , ,, , ,,, ,,,,,,,, ,,, ,,,,,,,, ,,, ,, ,,,,,,
10576,Lake Road Generating Co LP,55149,Lake Road Generating Plant,CT,2HA,OP,,,, , ,, , ,,, ,,,,,,,, ,,, ,,,,,,,, ,,, ,, ,,,,,,
10576,Lake Road Generating Co LP,55149,Lake Road Generating Plant,CT,3HA,OP,,,, , ,, , ,,, ,,,,,,,, ,,, ,,,,,,,, ,,, ,, ,,,,,,
10620,City of Lake Worth - (FL),673,Tom G Smith,FL,S-3,OP,D,,, , ,, , ,,, ,,,,,,,FD, ,,, ,,,,MS,,,, ,,, ,, ,,,,,,
10620,City of Lake Worth - (FL),673,Tom G Smith,FL,S-5,OP,,,, , ,, , ,,, ,,,,,,,, ,,, ,,,,,,,, ,,, ,, ,,,,,,
10623,City of Lakeland - (FL),676,C D McIntosh Jr,FL,1,OP,N,N,, , ,ST, , ,DP,TH,1975,NC,,,NC,,,, ,,, ,NC,,,NC,,,ST,0.1,PB,TH,1975,, ,,,,,,
10623,City of Lakeland - (FL),676,C D McIntosh Jr,FL,2,OP,D,N,, , ,ST, , ,DP,TH,1976,NC,,,NC,,,ST, ,NP,TH,1976,NC,,,NC,,,ST,0.1,PB,TH,1976,, ,,,,,,
10623,City of Lakeland - (FL),676,C D McIntosh Jr,FL,3,OP,D,,, , ,ST, ,1,DP,MO,1995,NC,,,NC,,,ST, ,NP,YR,2011,SR,,,NC,,,ST,0.044,PB,TH,1983,, ,,,,,,
10623,City of Lakeland - (FL),676,C D McIntosh Jr,FL,HRSG,OP,N,N,, , ,ST, , ,SU,NV,2002,NC,,,NC,,,ST, ,NM,TH,2002,SR,,,NC,,,ST,10,OP,SM,2002,, ,,,,,,
10633,City of Lamar - (CO),508,Lamar Plant,CO,4,OS,N,,, , ,, , ,,, ,,,,,,,, ,,, ,,,,,,,, ,,, ,, ,,,,,,
10755,Lamar Power Partners LP,55097,Lamar Power Project,TX,HRSG1,OP,Db,Y,O-02402AR,1,2002,ST,2.5, ,DH,OH,2000,SS,,,NC,,,ST,63,NH,OH,2000,MS,,,MS,,,ST,18.3,PH,OH,2000,, ,,,,,,
10755,Lamar Power Partners LP,55097,Lamar Power Project,TX,HRSG2,OP,Db,Y,O-02402AR,1,2002,ST,2.5, ,DH,OH,2000,SS,,,NC,,,ST,63,NH,OH,2000,MS,,,MS,,,ST,63,PH,OH,2000,, ,,,,,,
10755,Lamar Power Partners LP,55097,Lamar Power Project,TX,HRSG3,OP,Db,Y,O-02402AR,1,2002,ST,2.5, ,DH,OH,2001,SS,,,NC,,,ST,63,NH,OH,2001,MS,,,MS,,,ST,18.3,PH,OH,2001,, ,,,,,,
10755,Lamar Power Partners LP,55097,Lamar Power Project,TX,HRSG4,OP,Db,Y,O-02402AR,1,2002,ST,2.5, ,DH,OH,2001,SS,,,NC,,,ST,63,NH,OH,2001,MS,,,MS,,,ST,20.3,PH,OH,2001,, ,,,,,,
10875,Lee County Board-Commissioners,52010,Lee County Solid Waste Energy,FL,BLR1,OP,N,,, , ,, , ,,, ,,,,,,,ST,320,OT,YR,1994,SN,,,NC,,,FD,5.1,PH,, ,ST,1994,ACI,BP,,,,
10875,Lee County Board-Commissioners,52010,Lee County Solid Waste Energy,FL,BLR2,OP,N,,, , ,, , ,,, ,,,,,,,ST,320,OT,YR,1994,SN,,,NC,,,, ,,, ,ST,1994,ACI,BP,,,,
10875,Lee County Board-Commissioners,52010,Lee County Solid Waste Energy,FL,BLR3,OP,,,, , ,, , ,,, ,,,,,,,ST,289,NH,YR,2007,SN,,,NC,,,, ,,, ,ST,2007,ACI,BP,,,,
11059,Pasadena Cogeneration LP,55047,Pasadena Cogeneration,TX,HRSG1,OP,Da,,, , ,ST, , ,,, ,,,,,,,ST, ,,, ,,,,,,,ST, ,,, ,, ,,,,,,
11059,Pasadena Cogeneration LP,55047,Pasadena Cogeneration,TX,HRSG2,OP,Da,,, , ,ST, , ,,, ,,,,,,,ST, ,,, ,,,,,,,ST, ,,, ,, ,,,,,,
11059,Pasadena Cogeneration LP,55047,Pasadena Cogeneration,TX,HRSG3,OP,Da,,, , ,ST, , ,,, ,,,,,,,ST, ,,, ,,,,,,,ST, ,,, ,, ,,,,,,
11142,City of Logansport - (IN),1032,Logansport,IN,5,OP,N,,, , ,, , ,,, ,,,,,,,, ,,, ,SE,SE,,ND,ND,ND,ST,0.43,PB,, ,, ,,,,,,
11142,City of Logansport - (IN),1032,Logansport,IN,6,OP,N,,, , ,, , ,,, ,,,,,,,, ,,, ,,,,,,,, ,,, ,, ,,,,,,
11169,Longview Fibre Co,54562,Longview Fibre,WA,PB12,RE,N,,, , ,, , ,,, ,,,,,,,, ,,, ,,,,,,,, ,,, ,, ,,,,,,
11169,Longview Fibre Co,54562,Longview Fibre,WA,PB13,OP,N,,, , ,ST, , ,,, ,,,,,,,ST,410,NM,DA,2001,MS,,,MS,,,, ,,, ,, ,,,,,,
11169,Longview Fibre Co,54562,Longview Fibre,WA,PB16,SB,N,,, , ,ST, , ,,, ,,,,,,,,410,NM,DA,1957,MS,,,MS,,,, ,,, ,, ,,,,,,
11169,Longview Fibre Co,54562,Longview Fibre,WA,PB20,OP,N,,, , ,, , ,,, ,,,,,,,ST,0.2,NP,TH,2004,SN,,,SN,,,, ,,, ,, ,,,,,,
11169,Longview Fibre Co,54562,Longview Fibre,WA,RF15,RE,N,,, , ,, , ,,, ,,,,,,,, ,,, ,,,,,,,, ,,, ,, ,,,,,,
11169,Longview Fibre Co,54562,Longview Fibre,WA,RF18,SC,N,,, , ,, , ,,, ,,,,,,,ST,95,NM,DA,2001,MS,,,MS,,,, ,,, ,, ,,,,,,
11169,Longview Fibre Co,54562,Longview Fibre,WA,RF19,OP,N,,, , ,ST, , ,,, ,,,,,,,ST,95,NM,DA,2001,MS,,,MS,,,, ,,, ,, ,,,,,,
11169,Longview Fibre Co,54562,Longview Fibre,WA,RF22,OP,N,,, , ,, , ,,, ,,,,,,,ST,95,NM,TH,2001,MS,,,MS,,,, ,,, ,, ,,,,,,
11208,Los Angeles Department of Water & Power,400,Haynes,CA,1,OP,N,N,, , ,FD, , ,OT,YR,1977,NC,,,NC,,,LO,5,NM,MO,1993,NH3,SR,,,,,LO,0.1,PC,FT,1978,, ,,,,,,
11208,Los Angeles Department of Water & Power,400,Haynes,CA,2,OP,N,N,, , ,FD, , ,OT,YR,1977,NC,,,NC,,,LO,5,NM,MO,1992,NH3,SR,,,,,LO,0.1,PC,FT,1978,, ,,,,,,
11208,Los Angeles Department of Water & Power,400,Haynes,CA,5,RE,N,N,, , ,FD, , ,OT,YR,1977,NC,,,NC,,,LO, ,NM,MO,1992,,,,,,,LO,0.1,PC,FT,1978,, ,,,,,,
11208,Los Angeles Department of Water & Power,400,Haynes,CA,6,RE,N,N,, , ,FD, , ,OT,YR,1977,NC,,,NC,,,LO, ,NM,MO,1992,,,,,,,LO,0.1,PC,FT,1978,, ,,,,,,
11208,Los Angeles Department of Water & Power,400,Haynes,CA,HRSG10,OP,Db,N,, , ,LO, , ,OT,MO,2004,NC,,,NC,,,LO,2,NM,OH,2004,NH3,SR,,,,,LO,0.01,PC,FT,2004,, ,,,,,,
11208,Los Angeles Department of Water & Power,400,Haynes,CA,HRSG9,OP,Db,N,, , ,LO, , ,OT,MO,2004,NC,,,NC,,,LO,2,NM,OH,2004,NH3,SR,,,,,LO,0.01,PC,FT,2004,, ,,,,,,
11208,Los Angeles Department of Water & Power,404,Scattergood,CA,1,OP,N,N,, , ,FD, , ,OT,YR,1978,NC,,,NC,,,LO,5,NM,MO,1992,NH3,SR,,,,,LO,0.1,PC,FT,1978,, ,,,,,,
11208,Los Angeles Department of Water & Power,404,Scattergood,CA,2,OP,N,N,, , ,FD, , ,OT,YR,1978,NC,,,NC,,,LO,5,NM,MO,1992,NH3,SR,,,,,LO,0.1,PC,FT,1978,, ,,,,,,
11208,Los Angeles Department of Water & Power,404,Scattergood,CA,3,OP,D,N,, , ,FD, , ,OT,YR,1978,NC,,,NC,,,LO,5,NM,MO,1992,NH3,SR,,,,,LO,0.1,PC,FT,1978,, ,,,,,,
11208,Los Angeles Department of Water & Power,408,Valley (CA),CA,6,OP,Db,N,, , ,LO, , ,OT,MO,2004,NC,,,NC,,,LO,2.5,NM,OH,2004,NH3,SR,,,,,LO,0.01,PC,FT,2004,, ,,,,,,
11208,Los Angeles Department of Water & Power,408,Valley (CA),CA,7,OP,Db,N,, , ,LO, , ,OT,MO,2004,NC,,,NC,,,LO,2.5,NM,OH,2004,NH3,SR,,,,,LO,0.01,PC,FT,2004,, ,,,,,,
11208,Los Angeles Department of Water & Power,6481,Intermountain Power Project,UT,1SGA,OP,Da,N,, , ,ST,0.138,1,DP,MO,1986,NC,,,CU,,,ST,0.461,NP,MO,1986,LN,OV,MS,AA,,,ST,0.0184,PB,MO,1986,ST,1986,BR,,,ACI,,
11208,Los Angeles Department of Water & Power,6481,Intermountain Power Project,UT,2SGA,OP,Da,N,, , ,ST,0.138,1,DP,MO,1987,NC,,,CU,,,ST,0.461,NP,MO,1987,LN,OV,MS,AA,,,ST,0.0184,PB,MO,1987,ST,1987,BR,,,ACI,,
11217,Los Angeles County Sanitation,10090,Commerce Refuse To Energy,CA,SMB001,OP,N,,, , ,, , ,,, ,,,,,,,LO,190,NM,OH,1986,OV,SN,,MS,,,, ,,, ,FD,1986,BR,SD,,,,
11217,Los Angeles County Sanitation,10471,Spadra Landfill Gas to Energy,CA,SMB001,OP,N,,, , ,, , ,,, ,,,,,,,LO,24,NM,OH,1990,FR,LN,,MS,,,, ,,, ,, ,,,,,,
11217,Los Angeles County Sanitation,10472,Puente Hills Energy Recovery,CA,B300,OP,N,,, , ,, , ,,, ,,,,,,,LO,24,NM,OH,1986,FR,,,MS,,,, ,,, ,, ,,,,,,
11217,Los Angeles County Sanitation,10472,Puente Hills Energy Recovery,CA,B400,OP,N,,, , ,, , ,,, ,,,,,,,LO,24,NM,OH,1986,FR,,,MS,,,, ,,, ,, ,,,,,,
11241,Entergy Louisiana LLC,1402,Little Gypsy,LA,1,OP,N,N,, , ,ST,2000, ,DM,TH,1969,NC,,,NC,,,, ,,,1969,,,,,,,ST,20,OP,SM,1969,, ,,,,,,
11241,Entergy Louisiana LLC,1402,Little Gypsy,LA,2,OP,N,N,, , ,ST,2000, ,DM,TH,1969,NC,,,NC,,,, ,,,1969,,,,,,,ST,20,OP,SM,1969,, ,,,,,,
11241,Entergy Louisiana LLC,1402,Little Gypsy,LA,3,OP,N,N,, , ,ST,2000, ,DM,TH,1969,NC,,,NC,,,, ,,,1969,,,,,,,ST,20,OP,SM,1969,, ,,,,,,
11241,Entergy Louisiana LLC,1403,Nine Mile Point,LA,1,OP,N,N,, , ,ST,2000, ,DM,TH,1969,NC,,,NC,,,, ,,, ,,,,,,,ST,0.6,PB,NV,1969,, ,,,,,,
11241,Entergy Louisiana LLC,1403,Nine Mile Point,LA,2,RE,N,N,, , ,ST,2000, ,DM,TH,1969,NC,,,NC,,,, ,,, ,,,,,,,ST,0.6,PB,NV,1969,, ,,,,,,
11241,Entergy Louisiana LLC,1403,Nine Mile Point,LA,3,OP,N,N,, , ,ST,2000, ,DM,TH,1969,NC,,,NC,,,, ,,, ,,,,,,,ST,6,PB,NV,1969,, ,,,,,,
11241,Entergy Louisiana LLC,1403,Nine Mile Point,LA,4,OP,N,N,, , ,ST,2000, ,DM,TH,1971,NC,,,NC,,,, ,,, ,LA,FR,,,,,ST,0.6,PB,NV,1971,, ,,,,,,
11241,Entergy Louisiana LLC,1403,Nine Mile Point,LA,5,OP,N,N,, , ,ST,2000, ,DM,TH,1973,NC,,,NC,,,, ,,, ,LA,FR,,,,,ST,6,PB,NV,1973,, ,,,,,,
11241,Entergy Louisiana LLC,1404,Sterlington,LA,10,RE,N,N,, , ,ST, , ,DC,NV,1969,,,,,,,ST, ,NO,YR,1969,,,,,,,ST,20,OP,SM,1969,, ,,,,,,
11241,Entergy Louisiana LLC,1404,Sterlington,LA,7AB,OP,N,N,, , ,ST,2000, ,DM,TH,1974,NC,,,NC,,,, ,,, ,,,,,,,ST,20,OP,SM,1974,, ,,,,,,
11241,Entergy Louisiana LLC,4270,Waterford 3,LA,NSS3,OP,,,, , ,, , ,,, ,,,,,,,, ,,, ,,,,,,,, ,,, ,, ,,,,,,
11241,Entergy Louisiana LLC,8056,Waterford 1 & 2,LA,1,OP,D,N,, , ,ST,2000, ,DM,TH,1975,NC,,,NC,,,ST,0.3,NP,MO,1975,LN,,,NC,,,ST,20,OP,SM,1975,, ,,,,,,
11241,Entergy Louisiana LLC,8056,Waterford 1 & 2,LA,2,OP,D,N,, , ,ST,2000, ,DM,TH,1975,NC,,,NC,,,ST,0.3,NP,MO,1975,LN,,,NC,,,ST,20,OP,SM,1975,, ,,,,,,
11241,Entergy Louisiana LLC,55467,Ouachita,LA,1,OP,Da,Y,PSD-LA-651(M-1),7,2009,FD,0.8, ,DP,MO,2002,NC,,,NC,,,FD,0.2,NP,MO,2002,NH3,SR,,NC,,,FD,0.03,PB,OH,2002,, ,,,,,,
11241,Entergy Louisiana LLC,55467,Ouachita,LA,2,OP,Da,Y,PSD-LA-651(M-1),7,2009,FD,0.8, ,DP,MO,2002,NC,,,NC,,,FD,0.2,NP,MO,2002,NH3,SR,,NC,,,FD,0.03,PB,OH,2002,, ,,,,,,
11241,Entergy Louisiana LLC,55467,Ouachita,LA,3,OP,Da,Y,PSD-LA-651(M-1),7,2009,FD,0.8, ,DP,MO,2002,NC,,,NC,,,FD,0.2,NP,MO,2002,NH3,SR,,NC,,,FD,0.03,PB,OH,2002,, ,,,,,,
11241,Entergy Louisiana LLC,55620,Perryville Power Station,LA,1-1,OP,Da,Y,PSD-LA-655(M-2),1,2005,FD,0.8, ,DP,MO,2002,NC,,,NC,,,FD,0.2,NP,MO,2002,NH3,,,NC,,,FD,0.03,PB,OH,2002,, ,,,,,,
11241,Entergy Louisiana LLC,55620,Perryville Power Station,LA,1-2,OP,Da,Y,PSD-LA-655(M-2),1,2005,FD,0.8, ,DP,MO,2002,NC,,,NC,,,FD,0.2,NP,MO,2002,NH3,,,NC,,,FD,0.03,PB,OH,2002,, ,,,,,,
11249,Louisville Gas & Electric Co,1363,Cane Run,KY,4,OP,N,N,, , ,FD,0.426,1,DP,TH,1976,NC,,,NC,,,FD,0.3835,NP,TH,1997,LN,OV,,NC,,,FD,0.01,PB,TH,2011,,1976,SP,,,SP,,
11249,Louisville Gas & Electric Co,1363,Cane Run,KY,5,OP,N,N,, , ,FD,0.29,1,DP,TH,1977,NC,,,NC,,,FD,0.38,NP,TH,1997,LN,,,NC,,,FD,0.015,PB,TH,2011,,1977,SP,,,SP,,
11249,Louisville Gas & Electric Co,1363,Cane Run,KY,6,OP,N,N,, , ,FD,0.26,1,DP,TH,1979,NC,,,NC,,,FD,0.26,NP,TH,1997,LN,OV,,NC,,,FD,0.036,PB,TH,2011,,1979,TR,,,TR,,
11249,Louisville Gas & Electric Co,1363,Cane Run,KY,7,CO,Db,,, , ,, , ,,, ,,,,,,,FD, ,,,2015,,,,ND,,,FD, ,,,2015,, ,,,,,,
11249,Louisville Gas & Electric Co,1364,Mill Creek (KY),KY,1,OP,N,N,, , ,LO,1.2,1,DP,TH,1981,NC,,,NC,,,FD,0.45,NP,YR,1997,LN,OV,LA,NC,,,FD,20,OP,SM,1981,,1981,SP,,,SP,,
11249,Louisville Gas & Electric Co,1364,Mill Creek (KY),KY,2,OP,N,N,, , ,FD,1.2,1,DP,TH,1982,NC,,,NC,,,FD,0.45,NP,YR,1997,LN,OV,LA,NC,,,FD,20,OP,SM,1982,,1982,SP,,,SP,,
11249,Louisville Gas & Electric Co,1364,Mill Creek (KY),KY,3,OP,D,N,, , ,FD,1.2,1,DP,TH,1978,NC,,,NC,,,FD,0.5,NP,YR,1978,LN,SR,LA,NC,,,FD,20,OP,SM,1978,,1978,SP,,,SP,,
11249,Louisville Gas & Electric Co,1364,Mill Creek (KY),KY,4,OP,D,N,, , ,FD,1.2,1,DP,TH,1982,NC,,,NC,,,FD,0.5,NP,YR,1982,LN,SR,LA,NC,,,FD,20,OP,SM,1982,,1982,SP,,,SP,,
11249,Louisville Gas & Electric Co,6071,Trimble County,KY,1,OP,D,Y,V-08-001- R2,1,2010,ST,0.84,1,DP,TH,1990,NC,,,NC,,,ST,0.7,NP,TH,1990,LN,SR,NH3,NC,,,ST,0.1,PB,TH,1990,,1990,SP,LIJ,EC,SP,LIJ,EC
11249,Louisville Gas & Electric Co,6071,Trimble County,KY,2,OP,Db,Y,V-08-001 R2,1,2010,ST,1.4,1,DP,OT,2010,IF,,,NC,,,ST,1,NP,OT,2010,SR,LN,OV,NC,,,ST,0.015,PB,DA,2010,,2011,LIJ,SP,BP,LIJ,SP,BP
11252,Louisiana Generating LLC,1464,Big Cajun 1,LA,1B1,OP,N,N,, , ,FD,0.0006,0,DP,OH,1995,NC,,,NC,,,LO,0.1,NP,MO,2005,UE,,,UE,,,ST,0.6,PB,TH,1972,, ,,,,,,
11252,Louisiana Generating LLC,1464,Big Cajun 1,LA,1B2,OP,N,N,, , ,FD,0.0006,0,DP,OH,1995,NC,,,NC,,,LO,0.1,NP,MO,2005,UE,,,UE,,,ST,0.6,PB,TH,1972,, ,,,,,,
11252,Louisiana Generating LLC,6055,Big Cajun 2,LA,2B1,OP,D,N,, , ,FD,1.2,0,DP,TH,1981,NC,,,ND,,,LO,0.21,NP,MO,2005,OV,LN,,SN,,,FD,0.1,PB,DT,1981,FD,2015,,,,ACI,DSI,
11252,Louisiana Generating LLC,6055,Big Cajun 2,LA,2B2,OP,D,N,, , ,FD,1.2,0,DP,TH,1982,NC,,,ND,,,LO,0.21,NP,MO,2005,OV,LN,,SN,,,FD,0.1,PB,DT,1982,, ,,,,,,
11252,Louisiana Generating LLC,6055,Big Cajun 2,LA,2B3,OP,D,N,, , ,FD,1.2,0,DP,TH,1983,NC,,,ND,,,LO,0.21,NP,MO,2005,OV,LN,,SN,,,FD,0.1,PB,DT,1983,FD,2015,,,,ACI,,
11269,Lower Colorado River Authority,3601,Sim Gideon,TX,1,OP,N,N,, , ,FD,0.0006, ,DP,YR,1995,NC,,,NC,,,, ,,, ,,,,,,,, ,,, ,, ,,,,,,
11269,Lower Colorado River Authority,3601,Sim Gideon,TX,2,OP,N,N,, , ,FD,0.0006, ,DP,YR,1995,NC,,,NC,,,, ,,, ,,,,,,,, ,,, ,, ,,,,,,
11269,Lower Colorado River Authority,3601,Sim Gideon,TX,3,OP,N,N,, , ,FD,0.0006, ,DP,YR,1995,NC,,,NC,,,, ,,, ,,,,,,,, ,,, ,, ,,,,,,
11269,Lower Colorado River Authority,4937,Thomas C Ferguson,TX,1,RE,D,N,, , ,, , ,DH,NS,1998,NC,,,NC,,,, ,NH,YR,1998,NC,,,NC,,,,0,OP,SM,1998,, ,,,,,,
11269,Lower Colorado River Authority,4937,Thomas C Ferguson,TX,CT-1,CO,Db,Y,93938,9,2011,ST,27.07, ,DH,YR,2014,WA,,,WA,,,ST,18.8,NH,YR,2014,NH3,,,NH3,,,ST,33.43,PH,YR,2014,, ,,,,,,
11269,Lower Colorado River Authority,4937,Thomas C Ferguson,TX,CT-2,CO,Db,Y,93938,9,2011,ST,27.07, ,DH,YR,2014,WA,,,WA,,,ST,18.8,NH,YR,2014,NH3,,,NH3,,,ST,33.43,PH,YR,2014,, ,,,,,,
11269,Lower Colorado River Authority,6179,Fayette Power Project,TX,1,OP,D,Y,51770,10,2002,ST,1.2, ,DP,TH,1979,NC,,,NC,,,ST,0.7,NP,TH,2003,NC,,,NC,,,ST,274.37,PH,OH,1979,, ,,,,,,
11269,Lower Colorado River Authority,6179,Fayette Power Project,TX,2,OP,D,Y,51770,10,2002,ST,1.2, ,DP,TH,1980,NC,,,NC,,,ST,0.7,NP,TH,2004,NC,,,NC,,,ST,275.37,PH,OH,1980,, ,,,,,,
11269,Lower Colorado River Authority,6179,Fayette Power Project,TX,3,OP,Da,Y,"PSD-TX-486M3, State 51770",10,2002,ST,0.6, ,DP,TH,1988,NC,,,NC,,,ST,0.5,NP,MO,2005,NC,,,NC,,,ST,123.7,PH,OH,1988,, ,,,,,,
11269,Lower Colorado River Authority,55154,Lost Pines 1 Power Project,TX,1,OP,,,, , ,, , ,,, ,,,,,,,, ,,, ,,,,,,,, ,,, ,, ,,,,,,
11269,Lower Colorado River Authority,55154,Lost Pines 1 Power Project,TX,2,OP,,,, , ,, , ,,, ,,,,,,,, ,,, ,,,,,,,, ,,, ,, ,,,,,,
11275,Lower Mount Bethel Energy LLC,55667,Lower Mount Bethel Energy,PA,HRSG 1,OP,N,N,, , ,, , ,OT,OT,2003,,,,,,,,3.5,OT,OT,2003,SR,,,NC,,,, ,OT,OT,2003,, ,,,,,,
11275,Lower Mount Bethel Energy LLC,55667,Lower Mount Bethel Energy,PA,HRSG 2,OP,N,N,, , ,, , ,OT,OT,2003,,,,,,,,3.5,OT,OT,2003,SR,,,NC,,,, ,OT,OT,2003,, ,,,,,,
11292,City of Lubbock - (TX),3602,Ty Cooke,TX,1,OP,N,,, , ,, , ,,, ,,,,,,,, ,,, ,,,,,,,, ,,, ,, ,,,,,,
11292,City of Lubbock - (TX),3602,Ty Cooke,TX,2,OP,N,,, , ,, , ,,, ,,,,,,,, ,,, ,,,,,,,, ,,, ,, ,,,,,,
11292,City of Lubbock - (TX),3604,J Robert Massengale,TX,4,OS,N,,, , ,, , ,,, ,,,,,,,, ,,, ,,,,,,,, ,,, ,, ,,,,,,
11292,City of Lubbock - (TX),3604,J Robert Massengale,TX,5,OS,N,,, , ,, , ,,, ,,,,,,,, ,,, ,,,,,,,, ,,, ,, ,,,,,,
11292,City of Lubbock - (TX),3604,J Robert Massengale,TX,6A,OP,N,,, , ,, , ,,, ,,,,,,,, ,,, ,,,,,,,, ,,, ,, ,,,,,,
11292,City of Lubbock - (TX),3604,J Robert Massengale,TX,7,OP,N,,, , ,, , ,,, ,,,,,,,, ,,, ,,,,,,,, ,,, ,, ,,,,,,
11292,City of Lubbock - (TX),3604,J Robert Massengale,TX,8,OP,N,,, , ,, , ,,, ,,,,,,,, ,,, ,,,,,,,, ,,, ,, ,,,,,,
11427,Massachusetts Wtr RAuth-Deer I,10823,Deer Island Treatment Plant,MA,B101,OP,N,,, , ,, , ,,, ,,,,,,,, ,,, ,LN,FR,,,,,, ,,, ,, ,,,,,,
11427,Massachusetts Wtr RAuth-Deer I,10823,Deer Island Treatment Plant,MA,B201,OP,N,,, , ,, , ,,, ,,,,,,,, ,,, ,LN,FR,,,,,, ,,, ,, ,,,,,,
11459,March Point Cogeneration Co,54268,March Point Cogeneration,WA,E101,OP,Db,Y,OAC 476,10,1990,LO, ,0,DH,YR,1991,,,,,,,LO, ,NH,YR,1991,,,,,,,LO,11.5,PH,YR,1991,, ,,,,,,
11459,March Point Cogeneration Co,54268,March Point Cogeneration,WA,E201,OP,Db,Y,OAC 475,10,1990,LO, , ,DH,YR,1991,,,,,,,LO, ,NH,YR,1991,,,,,,,LO,11.5,PH,YR,1991,, ,,,,,,
11459,March Point Cogeneration Co,54268,March Point Cogeneration,WA,E301,OP,Db,Y,OAC 476,8,1991,LO, , ,DH,YR,1992,,,,,,,LO, ,NH,YR,1992,,,,,,,LO,17,PH,YR,1992,, ,,,,,,
11479,Madison Gas & Electric Co,3992,Blount Street,WI,1,RE,N,N,, , ,ST, , ,SU,NV,2000,,,,,,,ST, ,OT,YR,2000,,,,,,,ST,1.59,PH,OH,2000,, ,,,,,,
11479,Madison Gas & Electric Co,3992,Blount Street,WI,11,RE,N,N,, , ,ST, , ,SU,NV,2000,,,,,,,, ,,, ,,,,,,,ST,2.48,PH,OH,2000,, ,,,,,,
11479,Madison Gas & Electric Co,3992,Blount Street,WI,2,RE,N,,, , ,ST, , ,SU,NV,2000,,,,,,,ST, ,OT,YR,2000,,,,,,,ST,1.59,PH,OH,2000,, ,,,,,,
11479,Madison Gas & Electric Co,3992,Blount Street,WI,3,RE,N,N,, , ,ST, , ,SU,NV,2000,,,,,,,ST, ,OT,YR,2000,,,,,,,ST,4.26,PH,OH,2000,, ,,,,,,
11479,Madison Gas & Electric Co,3992,Blount Street,WI,5,RE,N,N,, , ,, , ,,, ,,,,,,,, ,,, ,,,,,,,ST,1.34,PH,OH,2000,, ,,,,,,
11479,Madison Gas & Electric Co,3992,Blount Street,WI,6,RE,N,N,, , ,, , ,,, ,,,,,,,, ,,, ,,,,,,,ST,1.37,PH,OH,2000,, ,,,,,,
11479,Madison Gas & Electric Co,3992,Blount Street,WI,7,RE,N,N,, , ,ST, , ,DP,DA,1981,,,,,,,FD, ,NP,YR,2000,OT,,,OT,,,ST,0.6,PB,OH,1975,, ,,,,,,
11479,Madison Gas & Electric Co,3992,Blount Street,WI,8,OP,N,N,, , ,ST,4.25,0,DP,DA,1981,NC,,,NC,,,FD,0.46,NP,YR,2000,OT,,,OT,,,ST,0.6,PB,OH,1973,, ,,,,,,
11479,Madison Gas & Electric Co,3992,Blount Street,WI,9,OP,N,N,, , ,ST,4.25,0,DP,DA,1981,NC,,,NC,,,FD,0.46,NP,YR,2000,OT,,,OT,,,ST,0.6,PB,OH,1973,, ,,,,,,
11479,Madison Gas & Electric Co,7991,West Campus Cogeneration Facility,WI,HRSG1,OP,Db,,, , ,ST, , ,DH,OH,2005,,,,,,,ST,2.5,OT,OT,2005,OT,,,OT,,,ST,8.6,PH,OH,2005,, ,,,,,,
11479,Madison Gas & Electric Co,7991,West Campus Cogeneration Facility,WI,HRSG2,OP,Db,,, , ,ST, , ,DH,OH,2005,,,,,,,ST,2.5,OT,OT,2005,OT,,,OT,,,ST,8.6,PH,OH,2005,, ,,,,,,
11571,Manitowoc Public Utilities,4125,Manitowoc,WI,5,RE,N,N,, , ,ST, , ,DH,OH,2006,,,,,,,ST, ,NH,OH,2006,,,,,,,ST,0.8,PH,OH,2006,, ,,,,,,
11571,Manitowoc Public Utilities,4125,Manitowoc,WI,6,RE,N,N,, , ,ST, , ,DP,NV,1985,,,,,,,, ,,, ,,,,,,,ST,0.6,PB,OH,1972,, ,,,,,,
11571,Manitowoc Public Utilities,4125,Manitowoc,WI,7,RE,N,N,, , ,ST, , ,DP,NV,1985,,,,,,,, ,,, ,,,,,,,ST,0.6,PB,OH,1972,, ,,,,,,
11571,Manitowoc Public Utilities,4125,Manitowoc,WI,8,OP,Da,Y,11-DMM-326,4,2012,ST,0.89,1,DP,MO,1990,CF,,,NC,,,ST,0.55,NP,MO,1990,CF,,,NC,,,ST,0.03,PB,OH,1990,FD,2016,BP,,,BP,,
11571,Manitowoc Public Utilities,4125,Manitowoc,WI,9,OP,Da,Y,11-DMM-326,4,2012,ST,0.3,1,DP,MO,2005,CF,,,NC,,,ST,0.155,NP,MO,2005,CF,SN,,SN,,,ST,0.03,PB,OH,2005,FD,2015,BP,,,BP,,
11701,City of Marquette - (MI),1843,Shiras,MI,1,OS,N,,, , ,, , ,,, ,,,,,,,, ,,, ,,,,,,,FD, ,,, ,, ,,,,,,
11701,City of Marquette - (MI),1843,Shiras,MI,2,OP,N,,, , ,, , ,,, ,,,,,,,ST,0.4,NP,NV,2004,MS,,,MS,,,, ,,, ,FD,2017,ACI,,,ACI,,
11701,City of Marquette - (MI),1843,Shiras,MI,3,OP,N,,, , ,, , ,,, ,,,,,,,ST,0.25,NP,NV,2004,MS,,,MS,,,FD, ,,, ,FD,2016,ACI,,,ACI,,
11732,City of Marshall - (MO),2144,Marshall (MO),MO,3,OS,,,, , ,, , ,,, ,,,,,,,, ,,, ,,,,,,,, ,,, ,, ,,,,,,
11732,City of Marshall - (MO),2144,Marshall (MO),MO,4,OP,,,, , ,, , ,,, ,,,,,,,, ,,, ,ND,,,ND,,,, ,,, ,, ,ND,,,,,
11732,City of Marshall - (MO),2144,Marshall (MO),MO,5,OP,,,, , ,, , ,,, ,,,,,,,, ,,, ,ND,,,ND,,,, ,,, ,, ,ND,,,ND,,
11806,Massachusetts Mun Wholes Electric Co,6081,Stony Brook,MA,1A,OP,N,N,, , ,, , ,,, ,,,,,,,, ,,, ,,,,,,,, ,,, ,, ,,,,,,
11806,Massachusetts Mun Wholes Electric Co,6081,Stony Brook,MA,1B,OP,N,N,, , ,, , ,,, ,,,,,,,, ,,, ,,,,,,,, ,,, ,, ,,,,,,
11806,Massachusetts Mun Wholes Electric Co,6081,Stony Brook,MA,1C,OP,N,N,, , ,, , ,,, ,,,,,,,, ,,, ,,,,,,,, ,,, ,, ,,,,,,
11806,Massachusetts Mun Wholes Electric Co,6081,Stony Brook,MA,CA1,CN,N,N,, , ,ST, , ,SU,OH,2014,,,,,,,ST, ,NP,OH,2014,,,,,,,ST,0.01,PB,OH,2014,, ,,,,,,
11843,Maui Electric Co Ltd,6056,Kahului,HI,K1,OP,,,, , ,, , ,,, ,,,,,,,, ,,, ,,,,,,,, ,,, ,, ,,,,,,
11843,Maui Electric Co Ltd,6056,Kahului,HI,K2,OP,,,, , ,, , ,,, ,,,,,,,, ,,, ,,,,,,,, ,,, ,, ,,,,,,
11843,Maui Electric Co Ltd,6056,Kahului,HI,K3,OP,,,, , ,, , ,,, ,,,,,,,, ,,, ,,,,,,,, ,,, ,, ,,,,,,
11843,Maui Electric Co Ltd,6056,Kahului,HI,K4,OP,,,, , ,, , ,,, ,,,,,,,, ,,, ,,,,,,,, ,,, ,, ,,,,,,
12199,Montana-Dakota Utilities Co,2790,R M Heskett,ND,B1,OP,N,N,, , ,ST, , ,DC,TH,1954,NC,,,ND,,,, ,NP,YR, ,,,,,,,ST,0.1,PB,OH,1954,ST,1975,EK,,,ND,,
12199,Montana-Dakota Utilities Co,2790,R M Heskett,ND,B2,OP,N,N,, , ,ST, , ,DP,TH,1963,NC,,,ND,,,ST, ,NP,YR,1963,CF,,,ND,,,ST,0.06,PB,OH,1963,ST,1975,EK,,,ND,,
12199,Montana-Dakota Utilities Co,6089,Lewis & Clark,MT,B1,OP,,,, , ,, , ,,, ,,,,,,,, ,,, ,,,,,,,, ,,, ,, ,,,,,,
12222,Mead Coated Board Inc,54802,Mead Coated Board,AL,BB1,OP,N,,, , ,, , ,,, ,,,,,,,, ,,, ,,,,,,,, ,,, ,, ,,,,,,
12222,Mead Coated Board Inc,54802,Mead Coated Board,AL,BB2,OP,Da,,, , ,, , ,,, ,,,,,,,, ,,, ,,,,,,,, ,,, ,, ,,,,,,
12222,Mead Coated Board Inc,54802,Mead Coated Board,AL,BB3,OP,Db,,, , ,, , ,,, ,,,,,,,, ,,, ,,,,,,,, ,,, ,, ,,,,,,
12222,Mead Coated Board Inc,54802,Mead Coated Board,AL,PFI,OP,N,,, , ,, , ,,, ,,,,,,,, ,,, ,,,,,,,, ,,, ,, ,,,,,,
12222,Mead Coated Board Inc,54802,Mead Coated Board,AL,REC1,OP,N,,, , ,, , ,,, ,,,,,,,, ,,, ,,,,,,,, ,,, ,, ,,,,,,
12222,Mead Coated Board Inc,54802,Mead Coated Board,AL,REC2,OP,N,,, , ,, , ,,, ,,,,,,,, ,,, ,,,,,,,, ,,, ,, ,,,,,,
12258,Medical Area Total Egy Plt Inc,10883,Medical Area Total Energy Plant,MA,GTHSG1,OP,,,, , ,, , ,,, ,,,,,,,, ,,, ,,,,,,,, ,,, ,, ,,,,,,
12258,Medical Area Total Egy Plt Inc,10883,Medical Area Total Energy Plant,MA,GTHSG2,OP,,,, , ,, , ,,, ,,,,,,,, ,,, ,,,,,,,, ,,, ,, ,,,,,,
12258,Medical Area Total Egy Plt Inc,10883,Medical Area Total Energy Plant,MA,HSG1,OP,,,, , ,, , ,,, ,,,,,,,, ,,, ,,,,,,,, ,,, ,, ,,,,,,
12258,Medical Area Total Egy Plt Inc,10883,Medical Area Total Energy Plant,MA,HSG2,OP,,,, , ,, , ,,, ,,,,,,,, ,,, ,,,,,,,, ,,, ,, ,,,,,,
12258,Medical Area Total Egy Plt Inc,10883,Medical Area Total Energy Plant,MA,PSG1,OP,,,, , ,, , ,,, ,,,,,,,, ,,, ,,,,,,,, ,,, ,, ,,,,,,
12258,Medical Area Total Egy Plt Inc,10883,Medical Area Total Energy Plant,MA,PSG2,OP,,,, , ,, , ,,, ,,,,,,,, ,,, ,,,,,,,, ,,, ,, ,,,,,,
12258,Medical Area Total Egy Plt Inc,10883,Medical Area Total Energy Plant,MA,PSG3,OP,,,, , ,, , ,,, ,,,,,,,, ,,, ,,,,,,,, ,,, ,, ,,,,,,
12298,City of Menasha - (WI),4127,Menasha,WI,B23,OP,N,,, , ,, , ,,, ,,,,,,,, ,,, ,,,,,,,, ,,, ,, ,,,,,,
12298,City of Menasha - (WI),4127,Menasha,WI,B24,OP,N,,, , ,, , ,,, ,,,,,,,, ,,, ,,,,,,,, ,,, ,, ,,,,,,
12307,MeadWestvaco Corp,50101,MeadWestvaco Evadale,TX,PB1,RE,N,,, , ,, , ,,, ,,,,,,,, ,,, ,,,,,,,, ,,, ,,2009,,,,,,
12307,MeadWestvaco Corp,50101,MeadWestvaco Evadale,TX,PB2,OP,N,,, , ,, , ,,, ,,,,,,,FD,268,NH,OH,2009,OV,,,NC,,,, ,,, ,FD,2009,VE,,,,,
12307,MeadWestvaco Corp,50101,MeadWestvaco Evadale,TX,PB5,OP,Db,,, , ,, , ,,, ,,,,,,,,0.05,NP,OH,2009,FR,LN,,NC,,,, ,,, ,FD,2009,,,,,,
12307,MeadWestvaco Corp,50101,MeadWestvaco Evadale,TX,PB6,OP,Db,,, , ,, , ,,, ,,,,,,,FD,238.85,NH,OH,2009,AA,OV,,NC,,,, ,,, ,FD,2009,VE,,,VE,,
12307,MeadWestvaco Corp,50101,MeadWestvaco Evadale,TX,RB2,RE,N,,, , ,, , ,,, ,,,,,,,, ,,, ,,,,,,,, ,,, ,FD,2009,,,,,,
12307,MeadWestvaco Corp,50101,MeadWestvaco Evadale,TX,RB3,OP,N,,, , ,, , ,,, ,,,,,,,FD,141.5,NH,OH,2009,LA,AA,,NC,,,, ,,, ,ST,2009,EK,,,EK,,
12307,MeadWestvaco Corp,50101,MeadWestvaco Evadale,TX,RB4,OP,N,,, , ,, , ,,, ,,,,,,,FD,171.6,NH,OH,2009,LA,AA,,NC,,,, ,,, ,ST,2009,EK,,,EK,,
12311,Merck & Co Inc,10224,Merck Rahway Power Plant,NJ,BLR 10,OP,,,, , ,, , ,,, ,,,,,,,ST,9,NM,TH,2002,LN,SR,,MS,,,ST, ,,, ,ST,2002,,,,,,
12311,Merck & Co Inc,10224,Merck Rahway Power Plant,NJ,BLR 3,OP,,,, , ,, , ,,, ,,,,,,,ST,7,NM,TH,1998,LN,SR,,MS,,,ST, ,,, ,ST,1998,,,,,,
12311,Merck & Co Inc,10224,Merck Rahway Power Plant,NJ,BLR 5,SC,,,, , ,ST, , ,,, ,,,,,,,,22.1,OT,NV,1998,FR,LN,,MS,,,, ,,, ,ST,1998,,,,,,
12311,Merck & Co Inc,10224,Merck Rahway Power Plant,NJ,BLR 7,RE,,,, , ,, , ,,, ,,,,,,,, ,,, ,,,,,,,, ,,, ,, ,,,,,,
12311,Merck & Co Inc,10224,Merck Rahway Power Plant,NJ,BLR 8,RE,,,, , ,, , ,,, ,,,,,,,, ,,, ,,,,,,,, ,,, ,, ,,,,,,
12311,Merck & Co Inc,10224,Merck Rahway Power Plant,NJ,BLR 9,OP,,,, , ,, , ,,, ,,,,,,,ST,7,NM,TH,1999,LN,SR,,MS,,,, ,PG,, ,ST,1999,,,,,,
12341,MidAmerican Energy Co,1081,Riverside,IA,6,RE,N,,, , ,ST, , ,DP,TH,1977,OT,,,OT,,,, ,,, ,,,,,,,ST,0.6,PB,NV,1981,FD, ,,,,,,
12341,MidAmerican Energy Co,1081,Riverside,IA,7,RE,N,N,, , ,ST, , ,DP,TH,2006,RP,,,RP,,,, ,,, ,,,,,,,ST,0.39,PB,NV,1981,, ,,,,,,
12341,MidAmerican Energy Co,1081,Riverside,IA,8,RE,N,N,, , ,ST, , ,DP,TH,2006,RP,,,RP,,,, ,,, ,,,,,,,ST,0.39,PB,NV,1981,, ,,,,,,
12341,MidAmerican Energy Co,1081,Riverside,IA,9,OP,N,N,93-A339-s1, , ,ST,1.2,1,DP,TH,2006,OT,,,OT,,,FD,0.45,NP,YR,1995,LN,OV,OT,LN,OV,OT,ST,0.39,PB,NV,1981,FD,2015,OT,,,OT,,
12341,MidAmerican Energy Co,1082,Walter Scott Jr Energy Center,IA,1,OP,N,N,72-a-162-s4,12,2008,ST,787.2,1,DH,TH,2005,OT,,,OT,,,ST,1149,OT,YR,2005,LN,,,MS,,,ST,229.6,PH,NV,2008,ST,2016,OT,,,OT,,
12341,MidAmerican Energy Co,1082,Walter Scott Jr Energy Center,IA,2,OP,N,Y,72-A-173-P3,3,2008,ST,1.2,1,DP,TH,2002,OT,,,OT,,,ST,1229,OT,YR,2008,LN,,,LN,,,ST,327.25,PH,NV,2008,ST,2016,OT,,,OT,,
12341,MidAmerican Energy Co,1082,Walter Scott Jr Energy Center,IA,3,OP,D,Y,75-A-357-P5,9,2006,ST,0.4,1,DP,TH,2009,IF,,,IF,,,ST,1925,NH,MO,2008,LN,AA,,MS,,,ST,0.027,PB,NV,2009,FD,2015,ACI,SD,,ACI,SD,
12341,MidAmerican Energy Co,1082,Walter Scott Jr Energy Center,IA,4,OP,Da,Y,03-A-425-P2,6,2003,FD,0.1,1,DP,MO,2007,IF,,,IF,,,FD,0.07,NP,MO,2007,LN,OV,SR,LN,OV,SR,FD,0.027,PB,DT,2007,FD,2015,ACI,SD,,ACI,SD,
12341,MidAmerican Energy Co,1091,George Neal North,IA,1,OP,N,Y,05-A-878-P,12,2005,ST,1636,1,DH,TH,2002,ND,,,ND,,,ST,2985,NH,YR,2005,OV,,,OV,,,ST,0.5,PB,NV,1977,FD,2016,OT,,,OT,,
12341,MidAmerican Energy Co,1091,George Neal North,IA,2,OP,N,Y,07-A-951-P,9,2007,ST,1.2,1,DP,TH,2002,ND,,,ND,,,ST,3931,OT,YR,2007,OV,LN,,OV,LN,,ST,0.3,PB,NV,1978,FD,2016,OT,,,OT,,
12341,MidAmerican Energy Co,1091,George Neal North,IA,3,OP,N,Y,07-a-951-p1,1,2012,ST,2200,1,DH,TH,2002,IF,,,IF,,,ST,1045,NH,MO,2005,LN,OV,SN,LN,OV,SN,ST,0.17,PB,NV,1979,FD,2015,ACI,,,ACI,,
12341,MidAmerican Energy Co,6664,Louisa,IA,101,OP,Da,Y,05-A-031-P3,6,2014,ST,3450,1,DH,MO,2007,IF,,,IF,,,ST,1725,NH,MO,2005,LN,AA,,LN,AA,,ST,0.027,PB,NV,2007,FD,2015,ACI,,,ACI,,
12341,MidAmerican Energy Co,7343,George Neal South,IA,4,OP,D,Y,05-A-655-P3,4,2012,ST,2760,1,DH,MO,1979,IF,,,IF,,,ST,1311,NH,YR,2005,LN,OV,,LN,OV,SN,ST,0.1,PB,NV,1979,FD,2015,ACI,,,ACI,,
12341,MidAmerican Energy Co,7985,Greater Des Moines,IA,HRSG1,OP,,,, , ,, , ,,, ,,,,,,,, ,,, ,,,,,,,, ,,, ,, ,,,,,,
12341,MidAmerican Energy Co,7985,Greater Des Moines,IA,HRSG2,OP,,,, , ,, , ,,, ,,,,,,,, ,,, ,,,,,,,, ,,, ,, ,,,,,,
12363,Mesquite Power LLC,55481,Mesquite Generating Station Block 2,AZ,5,OP,Da,N,, , ,LO,30.4, ,DH,OH,2003,NC,,,NC,,,LO, ,NH,OH,2003,LN,SR,,NC,,,LO,30.4,PH,OH,2003,, ,,,,,,
12363,Mesquite Power LLC,55481,Mesquite Generating Station Block 2,AZ,6,OP,Da,N,, , ,LO,30.4, ,DH,OH,2003,NC,,,NC,,,LO, ,NH,OH,2003,LN,SR,,NC,,,LO,30.4,PH,OH,2003,LO,2003,,,,,,
12384,Midwest Generations EME LLC,384,Joliet 29,IL,71,OP,N,N,, , ,ST, , ,DP,OH,1980,NC,,,WA,,,FD, ,NP,YR,2000,LN,OV,SN,NC,,,ST,0.1,PB,OH,1980,ST,2009,ACI,,,ACI,,
12384,Midwest Generations EME LLC,384,Joliet 29,IL,72,OP,N,N,, , ,ST, , ,DP,OH,1980,NC,,,WA,,,FD, ,NP,YR,2000,LN,OV,SN,NC,,,ST,0.1,PB,OH,1980,ST,2009,ACI,,,ACI,,
12384,Midwest Generations EME LLC,384,Joliet 29,IL,81,OP,N,N,, , ,ST, , ,DP,OH,1980,NC,,,WA,,,FD, ,NP,YR,2000,LN,OV,SN,NC,,,ST,0.1,PB,OH,1980,ST,2009,ACI,,,ACI,,
12384,Midwest Generations EME LLC,384,Joliet 29,IL,82,OP,N,N,, , ,ST, , ,DP,OH,1980,NC,,,WA,,,FD, ,NP,YR,2000,LN,OV,SN,NC,,,ST,0.1,PB,OH,1980,ST,2009,ACI,,,ACI,,
12384,Midwest Generations EME LLC,874,Joliet 9,IL,5,OP,N,N,, , ,ST, , ,DP,OH,1980,NC,,,WA,,,FD, ,NP,YR,2000,LN,OV,,NC,,,ST,0.18,PB,OH,1980,ST,2009,ACI,,,ACI,,
12384,Midwest Generations EME LLC,879,Powerton,IL,51,OP,N,N,, , ,ST, , ,DP,OH,1980,NC,,,OT,,,FD, ,NP,YR,2000,OV,,,NC,,,ST,0.1,PB,OH,1980,ST,2009,ACI,,,ACI,,
12384,Midwest Generations EME LLC,879,Powerton,IL,52,OP,N,N,, , ,ST, , ,DP,OH,1980,NC,,,OT,,,FD, ,NP,YR,2000,OV,,,NC,,,ST,0.1,PB,OH,1980,ST,2009,ACI,,,ACI,,
12384,Midwest Generations EME LLC,879,Powerton,IL,61,OP,N,N,, , ,ST, , ,DP,OH,1980,NC,,,OT,,,FD, ,NP,YR,2000,OV,,,NC,,,ST,0.1,PB,OH,1980,ST,2009,ACI,,,ACI,,
12384,Midwest Generations EME LLC,879,Powerton,IL,62,OP,N,N,, , ,ST, , ,DP,OH,1980,NC,,,OT,,,FD, ,NP,YR,2000,OV,,,NC,,,ST,0.1,PB,OH,1980,ST,2009,ACI,,,ACI,,
12384,Midwest Generations EME LLC,883,Waukegan,IL,17,RE,N,,, , ,ST, , ,DP,OH,1980,,,,,,,, ,,, ,,,,,,,ST,0.1,PB,OH,1980,ST, ,,,,,,
12384,Midwest Generations EME LLC,883,Waukegan,IL,7,OP,N,N,, , ,ST, , ,DP,OH,1980,NC,,,OT,,,FD, ,NP,YR,2000,LN,OV,,NC,,,ST,0.1,PB,OH,1980,ST,2008,ACI,,,EH,,
12384,Midwest Generations EME LLC,883,Waukegan,IL,8,OP,N,N,, , ,ST, , ,DP,OH,1980,NC,,,OT,,,FD, ,NP,YR,2000,LN,OV,,NC,,,ST,0.12,PB,OH,1980,ST,2008,ACI,,,EH,,
12384,Midwest Generations EME LLC,884,Will County,IL,1,RE,N,N,, , ,ST, , ,DP,OH,1980,,,,,,,FD, ,NP,YR,2000,OV,,,NC,,,ST,0.1,PB,OH,1980,ST, ,,,,,,
12384,Midwest Generations EME LLC,884,Will County,IL,2,RE,N,N,, , ,ST, , ,DP,OH,1980,,,,,,,FD, ,NP,YR,2000,OV,,,NC,,,ST,0.1,PB,OH,1980,, ,,,,,,
12384,Midwest Generations EME LLC,884,Will County,IL,3,OP,N,N,, , ,ST, , ,DP,OH,1980,NC,,,OT,,,FD, ,NP,YR,2000,LN,OV,,NC,,,ST,0.1,PB,OH,1980,ST,2009,ACI,,,ACI,,
12384,Midwest Generations EME LLC,884,Will County,IL,4,OP,N,N,, , ,ST, , ,DP,OH,1980,NC,,,OT,,,FD, ,NP,YR,2000,LN,OV,,NC,,,ST,0.1,PB,OH,1980,ST,2009,ACI,,,ACI,,
12436,Michigan State University,10328,T B Simon Power Plant,MI,BLR1,OP,,,, , ,, , ,,, ,,,,,,,FD,0.1375,NP,TH,2009,LN,NH3,,LN,NH3,,, ,,, ,FD,2017,BR,,,BR,,
12436,Michigan State University,10328,T B Simon Power Plant,MI,BLR2,OP,,,, , ,, , ,,, ,,,,,,,FD,0.1155,NP,TH,2009,LN,NH3,,LN,NH3,,, ,,, ,FD,2017,BR,,,BR,,
12436,Michigan State University,10328,T B Simon Power Plant,MI,BLR3,OP,,,, , ,, , ,,, ,,,,,,,FD,0.0939,NP,TH,2009,LN,NH3,,LN,NH3,,, ,,, ,FD,2017,OT,,,OT,,
12436,Michigan State University,10328,T B Simon Power Plant,MI,BLR4,OP,,,, , ,, , ,,, ,,,,,,,FD,0.1211,NP,TH,2009,CF,NH3,,CF,NH3,,, ,,, ,FD,2017,BR,,,BR,,
12436,Michigan State University,10328,T B Simon Power Plant,MI,BLR6,OP,,,, , ,, , ,,, ,,,,,,,ST,34.9,OT,YR,2009,NC,,,NC,,,, ,,, ,, ,,,,,,
12465,"System Energy Resources, Inc",6072,Grand Gulf,MS,NSS1,OP,,,, , ,, , ,,, ,,,,,,,, ,,, ,,,,,,,, ,,, ,, ,,,,,,
12490,Middletown Power LLC,562,Middletown,CT,1,RE,,,, , ,, , ,,, ,,,,,,,, ,,, ,,,,,,,, ,,, ,, ,,,,,,
12490,Middletown Power LLC,562,Middletown,CT,2,OP,N,N,, , ,ST, , ,SU,NV,1973,NC,,,NC,,,ST,0.15,NP,DA,1995,SN,,,SN,,,ST,0.14,PB,NV,1974,, ,,,,,,
12490,Middletown Power LLC,562,Middletown,CT,3,OP,N,N,, , ,ST, , ,SU,NV,1968,NC,,,NC,,,ST,0.15,NP,DA,1995,SN,,,SN,,,ST,0.14,PB,NV,1975,, ,,,,,,
12490,Middletown Power LLC,562,Middletown,CT,4,OP,N,N,, , ,ST, , ,SU,NV,1973,NC,,,NC,,,ST,0.15,NP,DA,1995,BF,LA,BO,BF,LA,BO,ST,0.14,PB,NV,1975,, ,,,,,,
12492,Midland Cogeneration Venture,10745,Midland Cogeneration Venture,MI,09HR82,OP,Db,Y,MI-ROP-B6527-2008b,5,2008,ST, , ,DH,OH,1990,NC,,,NC,,,ST, ,NH,DA,1990,NC,,,NC,,,ST,0.75,PH,OH,1990,, ,,,,,,
12492,Midland Cogeneration Venture,10745,Midland Cogeneration Venture,MI,10HR82,OP,Db,Y,MI-ROP-B6527-2008b,5,2008,ST, , ,DH,OH,1990,NC,,,NC,,,ST, ,NH,DA,1990,NC,,,NC,,,ST,0.75,PH,OH,1990,, ,,,,,,
12492,Midland Cogeneration Venture,10745,Midland Cogeneration Venture,MI,11HR82,OP,Db,Y,MI-ROP-B6527-2008b,5,2008,ST, , ,DH,OH,1990,NC,,,NC,,,ST, ,NH,DA,1990,NC,,,NC,,,ST,0.75,PH,OH,1990,, ,,,,,,
12492,Midland Cogeneration Venture,10745,Midland Cogeneration Venture,MI,12HR82,OP,Db,Y,MI-ROP-B6527-2008b,5,2008,ST, , ,DH,OH,1990,NC,,,NC,,,ST, ,NH,DA,1990,NC,,,NC,,,ST,0.75,PH,OH,1990,, ,,,,,,
12492,Midland Cogeneration Venture,10745,Midland Cogeneration Venture,MI,13HR82,OP,Db,Y,MI-ROP-B6527-2008b,5,2008,ST, , ,DH,OH,1990,NC,,,NC,,,ST, ,NH,DA,1990,NC,,,NC,,,ST,0.75,PH,OH,1990,, ,,,,,,
12492,Midland Cogeneration Venture,10745,Midland Cogeneration Venture,MI,14HR82,OP,Db,Y,MI-ROP-B6527-2008b,5,2008,ST, , ,DH,OH,1990,NC,,,NC,,,ST, ,NH,DA,1990,NC,,,NC,,,ST,0.75,PH,OH,1990,, ,,,,,,
12492,Midland Cogeneration Venture,10745,Midland Cogeneration Venture,MI,16E01,OP,Da,Y,MI-ROP-B6527-2008b,4,2008,ST, , ,DP,PS,2008,NC,,,NC,,,ST, ,NH,DA,2008,NC,,,NC,,,ST,2.8,PH,PS,2008,, ,,,,,,
12492,Midland Cogeneration Venture,10745,Midland Cogeneration Venture,MI,17E01,OP,Da,Y,MI-ROP-B6527-2008b,4,2008,ST, , ,DP,PS,2008,NC,,,NC,,,ST, ,NH,DA,2008,NC,,,NC,,,ST,2.8,PH,PS,2008,, ,,,,,,
12492,Midland Cogeneration Venture,10745,Midland Cogeneration Venture,MI,18E01,OP,Da,Y,MI-ROP-B6527-2008b,4,2008,ST, , ,DP,PS,2008,NC,,,NC,,,ST, ,NH,DA,2008,NC,,,NC,,,ST,2.8,PH,PS,2008,, ,,,,,,
12492,Midland Cogeneration Venture,10745,Midland Cogeneration Venture,MI,19E01,OP,Da,Y,MI-ROP-B6527-2008b,4,2008,ST, , ,DP,PS,2008,NC,,,NC,,,ST, ,NH,DA,2008,NC,,,NC,,,ST,2.8,PH,PS,2008,, ,,,,,,
12492,Midland Cogeneration Venture,10745,Midland Cogeneration Venture,MI,20E01,OP,Da,Y,MI-ROP-B6527-2008b,4,2008,ST, , ,DP,PS,2009,NC,,,NC,,,ST, ,NH,DA,2009,NC,,,NC,,,ST,2.8,PH,PS,2009,, ,,,,,,
12492,Midland Cogeneration Venture,10745,Midland Cogeneration Venture,MI,21E01,OP,Da,Y,MI-ROP-B6527-2008b,4,2008,ST, , ,DP,PS,2009,NC,,,NC,,,ST, ,NH,DA,2009,NC,,,NC,,,ST,2.8,PH,PS,2009,, ,,,,,,
12501,Midlothian Energy LLC,55091,Midlothian Energy Facility,TX,HRSG1,OP,,,, , ,, , ,,, ,,,,,,,, ,,, ,,,,,,,, ,,, ,, ,,,,,,
12501,Midlothian Energy LLC,55091,Midlothian Energy Facility,TX,HRSG2,OP,,,, , ,, , ,,, ,,,,,,,, ,,, ,,,,,,,, ,,, ,, ,,,,,,
12501,Midlothian Energy LLC,55091,Midlothian Energy Facility,TX,HRSG3,OP,,,, , ,, , ,,, ,,,,,,,, ,,, ,,,,,,,, ,,, ,, ,,,,,,
12501,Midlothian Energy LLC,55091,Midlothian Energy Facility,TX,HRSG4,OP,,,, , ,, , ,,, ,,,,,,,, ,,, ,,,,,,,, ,,, ,, ,,,,,,
12501,Midlothian Energy LLC,55091,Midlothian Energy Facility,TX,HRSG5,OP,,,, , ,, , ,,, ,,,,,,,, ,,, ,,,,,,,, ,,, ,, ,,,,,,
12501,Midlothian Energy LLC,55091,Midlothian Energy Facility,TX,HRSG6,OP,,,, , ,, , ,,, ,,,,,,,, ,,, ,,,,,,,, ,,, ,, ,,,,,,
12564,Mid-Georgia Cogen LP,55040,Mid-Georgia Cogeneration Facility,GA,101,OP,,,, , ,, , ,,, ,,,,,,,, ,,, ,,,,,,,, ,,, ,, ,,,,,,
12564,Mid-Georgia Cogen LP,55040,Mid-Georgia Cogeneration Facility,GA,201,OP,,,, , ,, , ,,, ,,,,,,,, ,,, ,,,,,,,, ,,, ,, ,,,,,,
12568,Milford Power Co LLC,55126,Milford Power Project,CT,HRSG1,OP,,,, , ,, , ,,, ,,,,,,,, ,,, ,,,,,,,, ,,, ,, ,,,,,,
12568,Milford Power Co LLC,55126,Milford Power Project,CT,HRSG2,OP,,,, , ,, , ,,, ,,,,,,,, ,,, ,,,,,,,, ,,, ,, ,,,,,,
12625,City of Minden - (LA),1447,Minden,LA,1,SB,,,, , ,, , ,,, ,,,,,,,, ,,, ,,,,,,,, ,,, ,, ,,,,,,
12625,City of Minden - (LA),1447,Minden,LA,2,SB,,,, , ,, , ,,, ,,,,,,,, ,,, ,,,,,,,, ,,, ,, ,,,,,,
12628,NRG Chalk Point LLC,1571,Chalk Point LLC,MD,1,OP,N,N,, , ,ST,3.5, ,DP,WO,1978,NC,,,NC,,,ST,0.5,NP,YR,2000,NC,,,NC,,,ST,0.03,PC,DT,1981,, ,,,,,,
12628,NRG Chalk Point LLC,1571,Chalk Point LLC,MD,2,OP,N,N,, , ,ST,3.5, ,DP,WO,1978,NC,,,NC,,,ST,0.5,NP,YR,2000,NC,,,NC,,,ST,0.03,PC,DT,1981,, ,,,,,,
12628,NRG Chalk Point LLC,1571,Chalk Point LLC,MD,3,OP,N,N,, , ,ST,0.01, ,SU,MO,1978,NC,,,NC,,,ST,0.3,NP,TH,2000,NC,,,NC,,,ST,0.02,PC,DT,1979,, ,,,,,,
12628,NRG Chalk Point LLC,1571,Chalk Point LLC,MD,4,OP,D,N,, , ,FD,0.01, ,DP,TH,1981,NC,,,NC,,,FD,0.3,NP,TH,1981,,,,,,,ST,0.02,PC,DT,1981,, ,,,,,,
12631,NRG Delta LLC,228,Contra Costa,CA,10,RE,N,N,, , ,LO, , ,DM,NV,1974,,,,,,,LO, ,NM,OH,1995,,,,,,,LO,0.15,PC,NV,1970,, ,,,,,,
12631,NRG Delta LLC,228,Contra Costa,CA,9,RE,N,N,, , ,LO, , ,DM,NV,1974,,,,,,,LO, ,NM,OH,1995,,,,,,,LO,0.15,PC,NV,1970,, ,,,,,,
12631,NRG Delta LLC,271,Pittsburg Power,CA,5,OP,N,N,, , ,LO, , ,DM,NV,1974,NC,,,NC,,,LO, ,NM,OH,1995,SR,FR,OV,NC,,,LO,0.15,PC,NV,1970,, ,,,,,,
12631,NRG Delta LLC,271,Pittsburg Power,CA,6,OP,N,N,, , ,LO, , ,DM,NV,1974,NC,,,NC,,,LO, ,NM,OH,1995,SR,FR,OV,NC,,,LO,0.15,PC,NV,1970,, ,,,,,,
12631,NRG Delta LLC,271,Pittsburg Power,CA,7,OP,N,N,, , ,LO, , ,DM,NV,1974,NC,,,NC,,,LO, ,NM,OH,1995,FR,MS,OV,NC,,,LO,0.15,PC,NV,1972,, ,,,,,,
12647,Minnesota Power Inc,1891,Syl Laskin,MN,1,OP,N,Y,13700013,11,2008,ST,2, ,DP,OH,1969,NC,,,NC,,,ST,0.2,NP,YR,2008,LN,OV,,NC,MS,,ST,0.6,PB,DT,1971,, ,,,,,,
12647,Minnesota Power Inc,1891,Syl Laskin,MN,2,OP,N,Y,13700013,11,2008,ST,2, ,DP,OH,1969,NC,,,NC,,,ST,0.2,NP,YR,2008,LN,OV,,NC,MS,,ST,0.6,PB,DT,1971,, ,,,,,,
12647,Minnesota Power Inc,1893,Clay Boswell,MN,1,OP,N,N,6100004, , ,ST,4, ,DP,OH,1969,NC,,,NC,,,FD,0.4,NP,YR,2000,LN,OV,SN,NC,,,ST,0.1,PB,PS,1978,, ,,,,,,
12647,Minnesota Power Inc,1893,Clay Boswell,MN,2,OP,N,N,6100004, , ,ST,4, ,DP,OH,1969,NC,,,NC,,,FD,0.4,NP,YR,2000,LN,OV,SN,NC,,,ST,0.1,PB,PS,1978,, ,,,,,,
12647,Minnesota Power Inc,1893,Clay Boswell,MN,3,OP,N,N,100004, , ,ST,0.09, ,DP,MO,2012,NC,,,NC,,,ST,0.07,NP,MO,2012,LN,OV,SR,NC,,,ST,0.014,PB,PS,1973,ST,2010,BP,ACI,,,,
12647,Minnesota Power Inc,1893,Clay Boswell,MN,4,OP,D,N,6100004, , ,ST,0.33, ,DP,YR,1980,NC,,,NC,,,ST,0.7,NP,TH,1980,LN,SN,,NC,,,ST,0.1,PB,PS,1980,ST,2016,,,,CD,ACI,
12647,Minnesota Power Inc,1897,M L Hibbard,MN,3,OP,Db,,, , ,ST, , ,DP,OH,1988,,,,,,,ST, ,NP,MO,1988,OV,,,NC,,,ST,0.025,PB,DA,1988,, ,,,,,,
12647,Minnesota Power Inc,1897,M L Hibbard,MN,4,OP,Db,,, , ,ST, , ,DP,OH,1988,,,,,,,ST, ,NP,MO,1988,OV,,,NC,,,ST,0.025,PB,DA,1988,, ,,,,,,
12647,Minnesota Power Inc,10075,Taconite Harbor Energy Center,MN,1,OP,N,Y,3100001,10,2009,ST,0.78, ,DP,TH,1992,NC,,,NC,,,FD,0.4,NP,YR,1992,SN,LN,OV,NC,,,FD,0.3,PB,PS,1974,, ,,,,,,
12647,Minnesota Power Inc,10075,Taconite Harbor Energy Center,MN,2,OP,N,Y,3100001,10,2009,ST,0.45, ,DP,YR,2009,NC,,,NC,,,ST,0.17,NP,YR,2009,SN,LN,OV,NC,,,FD,0.3,PB,PS,1974,ST,2008,ACI,,,ACI,,
12647,Minnesota Power Inc,10075,Taconite Harbor Energy Center,MN,3,OP,N,Y,3100001,10,2009,ST,0.78, ,DP,TH,1992,NC,,,NC,,,FD,0.4,NP,YR,1992,NC,MS,,NC,,,FD,0.3,PB,PS,1974,, ,,,,,,
12647,Minnesota Power Inc,10686,Rapids Energy Center,MN,5,OP,,,, , ,, , ,,, ,,,,,,,ST,0.7,,, ,,,,NC,,,, ,,, ,, ,,,,,,
12647,Minnesota Power Inc,10686,Rapids Energy Center,MN,6,OP,,,, , ,, , ,,, ,,,,,,,ST, ,,, ,,,,NC,,,, ,,, ,, ,,,,,,
12647,Minnesota Power Inc,10686,Rapids Energy Center,MN,7,OP,,,, , ,, , ,,, ,,,,,,,ST,0.04,,, ,,,,NC,,,, ,OP,, ,, ,,,,,,
12647,Minnesota Power Inc,10686,Rapids Energy Center,MN,8,OP,,,, , ,, , ,,, ,,,,,,,ST, ,,, ,,,,NC,,,, ,,, ,, ,,,,,,
12653,GenOn Mid-Atlantic LLC,1572,Dickerson,MD,1,OP,N,N,, , ,ST, , ,DP,DA,1978,IF,,,NC,,,FD, ,NP,YR,2004,LN,OV,SN,NC,,,ST,0.03,PC,DT,1978,ST,2009,BP,,,BP,,
12653,GenOn Mid-Atlantic LLC,1572,Dickerson,MD,2,OP,N,N,, , ,ST, , ,DP,DA,1978,IF,,,NC,,,FD, ,NP,YR,2004,LN,OV,SN,NC,,,ST,0.03,PC,DT,1978,ST,2009,BP,,,BP,,
12653,GenOn Mid-Atlantic LLC,1572,Dickerson,MD,3,OP,N,N,, , ,ST, , ,DP,DA,1978,IF,,,NC,,,FD, ,NP,YR,2004,LN,OV,SN,NC,,,ST,0.03,PC,DT,1978,ST,2009,BP,,,BP,,
12653,GenOn Mid-Atlantic LLC,1573,Morgantown Generating Plant,MD,1,OP,N,,, , ,ST, , ,DP,OH,1970,NC,,,NC,,,ST, ,NP,MO,2007,LN,OV,SR,MS,,,ST,0.1,PB,DT,1970,, ,,,,,,
12653,GenOn Mid-Atlantic LLC,1573,Morgantown Generating Plant,MD,2,OP,N,,, , ,ST, , ,DP,OH,1970,NC,,,NC,,,ST, ,NP,MO,2007,LN,OV,SR,MS,,,ST,0.1,PB,DT,1970,, ,,,,,,
12658,"Minnkota Power Coop, Inc",2823,Milton R Young,ND,B1,OP,N,N,, , ,FD,0.15,1,DP,MO,2011,NC,,,NC,,,FD,0.36,NP,MO,2011,AA,SN,OT,NC,,,FD,0.03,PB,TH,2007,, ,EK,SP,,ACI,OT,
12658,"Minnkota Power Coop, Inc",2823,Milton R Young,ND,B2,OP,D,N,, , ,FD,0.15,1,DP,MO,2011,NC,,,NC,,,FD,0.35,NP,MO,2010,AA,SN,OT,NC,,,FD,0.03,PB,TH,2010,, ,EK,SP,,ACI,OT,
12667,Minnesota Municipal Power Agny,56164,Faribault Energy Park,MN,HRSG1,OP,Db,N,, , ,ST, , ,DP,YR,2007,NC,,,NC,,,ST,3,NM,TH,2007,LN,SR,NH3,NC,,,ST,7007.3,OP,NS,2007,, ,,,,,,
12685,Entergy Mississippi Inc,2050,Baxter Wilson,MS,1,OP,N,N,, , ,ST,4.8,0,DP,NV,1967,SS,WA,,SS,WA,,FD, ,,,1967,LN,,,SR,,,ST,0.214,PB,NV,1967,, ,,,,,,
12685,Entergy Mississippi Inc,2050,Baxter Wilson,MS,2,OP,N,N,, , ,ST,4.8,0,DP,NV,1971,SS,WA,,SS,WA,,FD, ,,,1971,LN,,,SR,,,ST,0.202,PB,NV,1971,, ,,,,,,
12685,Entergy Mississippi Inc,2053,Rex Brown,MS,1A,RE,N,N,, , ,ST, , ,DP,NV,1972,,,,,,,, ,,, ,,,,,,,ST,0.32,PB,NV,1972,, ,,,,,,
12685,Entergy Mississippi Inc,2053,Rex Brown,MS,1B,RE,N,N,, , ,ST, , ,DP,NV,1972,,,,,,,, ,,, ,,,,,,,ST,0.3,PB,NV,1972,, ,,,,,,
12685,Entergy Mississippi Inc,2053,Rex Brown,MS,3,OP,N,N,, , ,ST,4.8,0,DP,NV,1951,SS,WA,,SS,WA,,FD, ,,,1951,BO,,,SR,,,ST,0.29,PB,NV,1951,, ,,,,,,
12685,Entergy Mississippi Inc,2053,Rex Brown,MS,4,OP,N,N,, , ,ST,4.8,0,DP,NV,1959,SS,WA,,SS,WA,,FD, ,,,1959,BO,,,SR,,,ST,0.25,PB,NV,1959,, ,,,,,,
12685,Entergy Mississippi Inc,8054,Gerald Andrus,MS,1,OP,N,N,, , ,ST,4.8,0,DP,NV,1975,SS,WA,,SS,WA,,FD, ,,,1975,OV,,,SR,,,ST,0.2,PB,NV,1975,, ,,,,,,
12685,Entergy Mississippi Inc,55218,Hinds Energy Facility,MS,H01,OP,,,, , ,, , ,,, ,,,,,,,, ,,, ,,,,,,,, ,,, ,, ,,,,,,
12685,Entergy Mississippi Inc,55218,Hinds Energy Facility,MS,H02,OP,,,, , ,, , ,,, ,,,,,,,, ,,, ,,,,,,,, ,,, ,, ,,,,,,
12685,Entergy Mississippi Inc,55220,Attala,MS,HRSG1,OP,,,, , ,, , ,,, ,,,,,,,, ,,, ,,,,,,,, ,,, ,, ,,,,,,
12685,Entergy Mississippi Inc,55220,Attala,MS,HRSG2,OP,,,, , ,, , ,,, ,,,,,,,, ,,, ,,,,,,,, ,,, ,, ,,,,,,
12686,Mississippi Power Co,2048,Sweatt,MS,1,OP,N,,, , ,, , ,,, ,,,,,,,, ,,, ,,,,,,,, ,,, ,, ,,,,,,
12686,Mississippi Power Co,2048,Sweatt,MS,2,OP,N,,, , ,, , ,,, ,,,,,,,, ,,, ,,,,,,,, ,,, ,, ,,,,,,
12686,Mississippi Power Co,2049,Jack Watson,MS,1,OP,N,N,, , ,FD,4.8, ,DP,NS,1978,NC,,,NC,,,, ,,, ,,,,,,,ST,0.281,PB,NS,1978,, ,,,,,,
12686,Mississippi Power Co,2049,Jack Watson,MS,2,OP,N,N,, , ,FD,4.8, ,DP,NS,1978,NC,,,NC,,,, ,,, ,,,,,,,FD,0.281,PB,NS,1978,, ,,,,,,
12686,Mississippi Power Co,2049,Jack Watson,MS,3,OP,N,N,, , ,FD,4.8, ,DP,NS,1978,NC,,,NC,,,, ,,, ,,,,,,,FD,0.273,PB,NS,1978,, ,,,,,,
12686,Mississippi Power Co,2049,Jack Watson,MS,4,OP,N,N,, , ,FD,4.8, ,DP,NS,1978,NC,,,NC,,,FD, ,NP,YR,2000,LN,OV,,ND,,,FD,0.239,PB,NS,1978,, ,,,,,,
12686,Mississippi Power Co,2049,Jack Watson,MS,5,OP,N,N,, , ,FD,4.8, ,DP,NS,1978,NC,,,NC,,,FD, ,NP,YR,2000,LN,OV,,ND,,,ST,0.212,PB,NS,1978,, ,,,,,,
12686,Mississippi Power Co,6073,Victor J Daniel Jr,MS,1,OP,D,,, , ,FD,1.2, ,DP,NS,1981,NC,,,NC,,,FD,0.7,NP,NS,1981,OV,LN,,MS,,,FD,0.1,PB,NS,1981,, ,,,,,,
12686,Mississippi Power Co,6073,Victor J Daniel Jr,MS,2,OP,D,,, , ,FD,1.2, ,DP,NS,1981,NC,,,NC,,,FD,0.7,NP,YR,1981,OV,LN,,MS,,,FD,0.1,PB,NS,1981,, ,,,,,,
12686,Mississippi Power Co,6073,Victor J Daniel Jr,MS,3A,OP,Db,Y,1280-00090,12,1998,, , ,,, ,,,,,,,FD,0.013,NP,OH,2001,MS,,,MS,,,FD,0.011,PB,TH,2001,, ,,,,,,
12686,Mississippi Power Co,6073,Victor J Daniel Jr,MS,3B,OP,Db,Y,1280-00090,12,1998,, , ,,, ,,,,,,,FD,0.013,NP,OH,2001,MS,,,MS,,,FD,0.011,PB,TH,2001,, ,,,,,,
12686,Mississippi Power Co,6073,Victor J Daniel Jr,MS,4A,OP,Db,Y,1280-00090,12,1998,, , ,,, ,,,,,,,FD,0.013,NP,OH,2001,MS,,,MS,,,FD,0.011,PB,TH,2001,, ,,,,,,
12686,Mississippi Power Co,6073,Victor J Daniel Jr,MS,4B,OP,Db,Y,1280-00090,12,1998,, , ,,, ,,,,,,,FD,0.013,NP,OH,2001,MS,,,MS,,,FD,0.011,PB,TH,2001,, ,,,,,,
12686,Mississippi Power Co,57037,Kemper County IGCC Project,MS,A,CO,Da,Y,1380-00017,10,2008,FD,13.1, ,DH,DA,2013,OT,,,NC,,,FD,210,NH,DA,2013,MS,,,NC,,,FD,52,PH,TH,2013,, ,,,,,,
12686,Mississippi Power Co,57037,Kemper County IGCC Project,MS,B,CO,Da,Y,1380-00017,10,2008,FD,13.1, ,DH,DA,2013,OT,,,NC,,,FD,210,NH,DA,2013,MS,,,NC,,,FD,52,PH,TH,2013,, ,,,,,,
12713,Millennium Power Partners LP,55079,Millennium Power,MA,HRSG1,OP,,,, , ,, , ,,, ,,,,,,,, ,,, ,,,,,,,, ,,, ,, ,,,,,,
12745,Modesto Irrigation District,7266,Woodland,CA,Unit2,OP,,,, , ,, , ,,, ,,,,,,,, ,,, ,,,,,,,, ,,, ,, ,,,,,,
12792,NRG New York LLC,2625,Bowline Point,NY,1,OP,N,N,, , ,ST,0.0037, ,SU,NV,1972,SS,,,SS,,,ST,0.25,NP,NV,1995,AA,,,AA,,,ST,0.1,PB,NV,1972,, ,,,,,,
12792,NRG New York LLC,2625,Bowline Point,NY,2,OP,N,N,, , ,ST,0.0037, ,SU,NV,1974,SS,,,SS,,,ST,0.25,NP,NV,1995,AA,,,AA,,,ST,0.1,PB,NV,1974,, ,,,,,,
12796,Monongahela Power Co,3943,FirstEnergy Fort Martin Power Station,WV,1,OP,N,N,, , ,ST, , ,DP,DA,1976,NC,,,NC,,,FD, ,NP,YR,1997,LN,SN,,NC,,,ST,0.05,PB,PS,1975,, ,ND,,,ND,,
12796,Monongahela Power Co,3943,FirstEnergy Fort Martin Power Station,WV,2,OP,N,N,, , ,ST, , ,DP,DA,1976,NC,,,NC,,,FD, ,NP,YR,1999,LN,SN,,NC,,,ST,0.05,PB,PS,1975,, ,ND,,,ND,,
12807,Michigan South Central Pwr Agy,4259,Endicott Station,MI,1,OP,N,,, , ,, , ,,, ,,,,,,,ST,0.46,NP,MO,1982,OV,LN,LA,NC,,,, ,,, ,FD,2016,EK,SP,,EK,SP,
12949,Morgantown Energy Associates,10743,Morgantown Energy Facility,WV,CFB1,OP,N,,, , ,, , ,,, ,,,,,,,ST,0.4,NP,MO,1991,CF,,,CF,,,, ,,, ,FD,2015,BP,,,BP,,
12949,Morgantown Energy Associates,10743,Morgantown Energy Facility,WV,CFB2,OP,N,,, , ,, , ,,, ,,,,,,,ST,0.4,NP,MO,1991,CF,,,CF,,,, ,,, ,FD,2015,BP,,,BP,,
12971,Worcester Energy Partners Inc,10165,Worcester Energy,ME,1,OS,N,,, , ,, , ,,, ,,,,,,,ST,3.4,NH,OH,2005,LA,,,SN,,,ST,3.7,PH,, ,, ,,,,,,
12971,Worcester Energy Partners Inc,10165,Worcester Energy,ME,2,OS,N,,, , ,, , ,,, ,,,,,,,ST,3.4,NH,OH,2005,LA,,,SN,,,ST,3.7,PH,, ,, ,,,,,,
12971,Worcester Energy Partners Inc,10165,Worcester Energy,ME,3,OS,N,,, , ,, , ,,, ,,,,,,,ST,3.4,NH,OH,2005,LA,,,SN,,,ST,3.7,PH,, ,, ,,,,,,
12981,Motiva Enterprises LLC,50973,Motiva Enterprises Port Arthur Refinery,TX,29,RE,N,Y,6056,12,2010,ST, , ,DH,OH,1990,,,,,,,ST, ,NH,OH,1990,,,,,,,ST,2.1,PH,OH,1990,, ,,,,,,
12981,Motiva Enterprises LLC,50973,Motiva Enterprises Port Arthur Refinery,TX,32,RE,N,Y,6056,12,2010,ST, , ,DH,OH,1990,,,,,,,ST, ,NH,OH,1990,,,,,,,ST,1.9,PH,OH,1990,, ,,,,,,
12981,Motiva Enterprises LLC,50973,Motiva Enterprises Port Arthur Refinery,TX,33,RE,N,Y,6056,12,2010,ST, , ,DH,OH,1990,,,,,,,ST, ,NH,OH,1990,,,,,,,ST,1.9,PH,OH,1990,, ,,,,,,
12981,Motiva Enterprises LLC,50973,Motiva Enterprises Port Arthur Refinery,TX,34,OP,D,Y,3415,12,2009,ST, , ,DH,OH,1990,,,,,,,ST, ,NP,OH,1990,LA,MS,,LA,MS,,ST,12.6,PH,OH,1990,, ,,,,,,
12981,Motiva Enterprises LLC,50973,Motiva Enterprises Port Arthur Refinery,TX,35,OP,D,Y,3415,12,2009,ST, , ,DH,OH,1990,,,,,,,ST, ,NP,OH,1990,LA,MS,,LA,MS,,ST,12.6,PH,OH,1990,, ,,,,,,
12981,Motiva Enterprises LLC,50973,Motiva Enterprises Port Arthur Refinery,TX,36,OP,N,Y,56287,3,2004,ST, , ,DH,OH,2007,,,,,,,ST, ,NH,OH,2007,MS,,,MS,,,ST,1.9,PH,OH,2007,, ,,,,,,
12981,Motiva Enterprises LLC,50973,Motiva Enterprises Port Arthur Refinery,TX,37,OP,N,Y,54322,2,2004,ST, , ,DH,OH,2004,,,,,,,ST, ,NH,OH,2004,NH3,MS,SR,NH3,MS,SR,ST,27.8,PH,OH,2004,, ,,,,,,
12981,Motiva Enterprises LLC,50973,Motiva Enterprises Port Arthur Refinery,TX,41,OP,N,Y,6056,12,2010,ST, , ,DH,OH,2011,,,,,,,ST, ,NH,OH,2011,NH3,MS,SR,NH3,MS,SR,ST,26.62,PH,OH,2011,, ,,,,,,
12981,Motiva Enterprises LLC,50973,Motiva Enterprises Port Arthur Refinery,TX,42,OP,N,Y,6056,12,2010,ST, , ,DH,OH,2011,,,,,,,ST, ,NH,OH,2011,NH3,MS,SR,NH3,MS,SR,ST,26.62,PH,OH,2011,, ,,,,,,
12981,Motiva Enterprises LLC,50973,Motiva Enterprises Port Arthur Refinery,TX,43,OP,N,Y,6056,12,2010,ST, , ,DH,OH,2011,,,,,,,ST, ,NH,OH,2011,NH3,MS,SR,NH3,MS,SR,ST,26.62,PH,OH,2011,, ,,,,,,
12981,Motiva Enterprises LLC,50973,Motiva Enterprises Port Arthur Refinery,TX,44,OP,N,Y,6056,12,2010,ST, , ,DH,OH,2011,,,,,,,ST, ,NH,OH,2011,NH3,MS,SR,NH3,MS,SR,ST,26.62,PH,NV,2011,, ,,,,,,
12981,Motiva Enterprises LLC,50973,Motiva Enterprises Port Arthur Refinery,TX,46,OP,Db,Y,6056,12,2010,ST, , ,DH,OH,2011,,,,,,,ST, ,NP,YR,2011,NH3,SR,FR,NH3,SR,FR,ST,4.44,PH,OH,2011,, ,,,,,,
12981,Motiva Enterprises LLC,50973,Motiva Enterprises Port Arthur Refinery,TX,COB,RE,D,,, , ,ST, , ,DH,FM,1990,,,,,,,, ,NH,FM,1990,,,,,,,ST,12.2,PH,FM,1990,, ,,,,,,
13008,Expera Mosinee LLC,50614,Expera Specialty Solutions - Mosinee Mill,WI,14,OP,,,, , ,, , ,,, ,,,,,,,, ,,, ,,,,,,,, ,,, ,, ,,,,,,
13008,Expera Mosinee LLC,50614,Expera Specialty Solutions - Mosinee Mill,WI,5,OP,,,, , ,, , ,,, ,,,,,,,, ,,, ,,,,,,,, ,,, ,, ,,,,,,
13008,Expera Mosinee LLC,50614,Expera Specialty Solutions - Mosinee Mill,WI,6,OP,,,, , ,, , ,,, ,,,,,,,, ,,, ,,,,,,,, ,,, ,, ,,,,,,
13060,Mt Poso Cogeneration Co,54626,Mt Poso Cogeneration,CA,BL01,OP,N,,, , ,, , ,,, ,,,,,,,, ,,, ,,,,,,,, ,,, ,, ,,,,,,
13100,Municipal Electric Authority,7946,Wansley Unit 9,GA,HRSG1,OP,Da,Y,4911-149-0007-V-02-0,1,2007,, , ,,, ,,,,,,,ST,3.5,NM,MO,2003,SR,LN,NH3,SR,LN,NH3,ST,0.01,PB,PS,2004,, ,,,,,,
13100,Municipal Electric Authority,7946,Wansley Unit 9,GA,HRSG2,OP,Da,Y,4911-149-0007-V-02-0,1,2007,, , ,,, ,,,,,,,ST,3.5,NM,MO,2003,SR,LN,NH3,SR,LN,NH3,ST,0.01,PB,PS,2004,, ,,,,,,
13143,Board of Water Electric & Communications,1167,Muscatine Plant #1,IA,7,OP,N,N,, , ,ST,2272, ,DH,DA,1996,SS,,,SS,,,, ,,, ,MS,,,MS,,,ST,0.42,PB,OH,1975,, ,,,,,,
13143,Board of Water Electric & Communications,1167,Muscatine Plant #1,IA,8,OP,N,N,, , ,ST,2272, ,DH,DA,1996,SS,,,NC,,,ST,0.86,NP,YR,2008,OV,LA,,NC,,,ST,0.3,PB,OH,1977,, ,,,,,,
13143,Board of Water Electric & Communications,1167,Muscatine Plant #1,IA,9,OP,Da,N,, , ,FD,0.56,1,DP,DA,1983,NC,,,,,,ST,0.235,NP,YR,2008,AA,LA,,,,,FD,0.03,PB,OH,1983,, ,,,,,,
13168,NRG Huntley Operations Inc,2549,C R Huntley Generating Station,NY,63,RE,N,,, , ,ST, , ,SB,DA,1974,,,,,,,LO, ,,, ,,,,,,,ST,0.17,PB,NV,1973,, ,,,,,,
13168,NRG Huntley Operations Inc,2549,C R Huntley Generating Station,NY,64,RE,N,,, , ,ST, , ,SB,DA,1974,,,,,,,LO, ,,, ,,,,,,,ST,0.17,PB,NV,1973,, ,,,,,,
13168,NRG Huntley Operations Inc,2549,C R Huntley Generating Station,NY,65,RE,N,,, , ,ST, , ,SB,DA,1974,,,,,,,ST, ,NL,YR,1974,,,,,,,ST,0.17,PB,NV,1973,, ,,,,,,
13168,NRG Huntley Operations Inc,2549,C R Huntley Generating Station,NY,66,RE,N,N,, , ,ST, , ,DP,DA,1974,,,,,,,ST, ,NP,DA, ,,,,,,,ST,0.17,PB,PS,1973,ST, ,,,,,,
13168,NRG Huntley Operations Inc,2549,C R Huntley Generating Station,NY,67,OP,N,N,, , ,ST,3.4, ,DP,DA,1974,SS,,,SS,,,ST,0.12,NP,DA,1974,LN,AA,SN,LN,AA,SN,ST,0.17,PB,PS,1973,ST,2009,BP,,,BP,ACI,
13168,NRG Huntley Operations Inc,2549,C R Huntley Generating Station,NY,68,OP,N,N,, , ,ST,3.4, ,DP,DA,1974,SS,,,SS,,,ST,0.12,NP,DA,1974,LN,AA,SN,LN,AA,SN,ST,0.17,PB,PS,1973,ST,2009,BP,,,BP,ACI,
13192,NRG Arthur Kill Operations Inc,2490,Arthur Kill Generating Station,NY,20,OP,N,N,, , ,ST, , ,SU,NV,1972,NC,NC,NC,NC,NC,NC,LO,0.15,NM,NV,1995,NC,NC,NC,MS,MS,MS,ST,0.1,PB,NV,1971,, ,,,,,,
13192,NRG Arthur Kill Operations Inc,2490,Arthur Kill Generating Station,NY,30,OP,N,N,, , ,ST, , ,SU,NV,1972,NC,NC,NC,NC,NC,NC,ST,0.15,NM,NV,1995,NC,NC,NC,MS,MS,MS,ST,0.1,PB,NV,1971,, ,,,,,,
13337,Nebraska Public Power District,2226,Canaday,NE,1,OP,N,N,, , ,ST, , ,,, ,,,,,,,, ,,, ,,,,,,,ST,0.12,PB,OH,1958,,1958,,,,,,
13337,Nebraska Public Power District,2277,Sheldon,NE,1,OP,Dc,N,158,5,2013,LO,2.5, ,DP,WO,1976,ND,,,ND,,,, ,,, ,,,,,,,LO,0.16,PB,OH,1976,, ,,,,,,
13337,Nebraska Public Power District,2277,Sheldon,NE,2,OP,Dc,Y,136,7,2007,LO,2.5, ,DP,WO,1976,ND,,,ND,,,, ,,, ,,,,,,,,0.16,PB,OH,1975,, ,,,,,,
13337,Nebraska Public Power District,6077,Gerald Gentleman,NE,1,OP,D,N,, , ,ST,1.2, ,DP,TH,1979,NC,OT,,NC,OT,,ST,0.23,OT,MO,1979,LN,OV,MS,LN,OV,MS,ST,0.1,PB,TH,1986,ST,2016,,OT,,BR,ACI,OT
13337,Nebraska Public Power District,6077,Gerald Gentleman,NE,2,OP,D,N,, , ,ST,1.2, ,DP,TH,1982,NC,OT,,NC,OT,,ST,0.23,OT,MO,1982,LN,OV,MS,LN,OV,MS,ST,0.1,PB,TH,1986,ST,2016,,OT,,BR,ACI,OT
13337,Nebraska Public Power District,8000,Beatrice,NE,SG1,OP,,,, , ,, , ,,, ,,,,,,,, ,,, ,,,,,,,, ,,, ,, ,,,,,,
13337,Nebraska Public Power District,8000,Beatrice,NE,SG2,OP,,,, , ,, , ,,, ,,,,,,,, ,,, ,,,,,,,, ,,, ,, ,,,,,,
13337,Nebraska Public Power District,8036,Cooper Nuclear Station,NE,NSS1,OP,,,, , ,, , ,,, ,,,,,,,, ,,, ,,,,,,,, ,,, ,, ,,,,,,
13365,Nevada Cogeneration Assoc # 2,54349,Nevada Cogen Associates 2 Black Mountain,NV,AUX,OP,Db,,, , ,, , ,,, ,,,,,,,LO,12,NH,TH,1999,SR,STM,NH3,SR,STM,NH3,, ,,, ,, ,,,,,,
13399,Nevada Cogeneration Assoc # 1,54350,Nevada Cogen Assoc#1 GarnetVly,NV,AUX,OP,Db,,, , ,, , ,,, ,,,,,,,LO,12,NH,TH,1999,SR,STM,NH3,SR,STM,NH3,LO, ,,, ,, ,,,,,,
13407,Nevada Power Co,2322,Clark (NVE),NV,1,RE,N,,, , ,ST, , ,,, ,,,,,,,ST, ,,, ,,,,,,,ST, ,,, ,, ,,,,,,
13407,Nevada Power Co,2322,Clark (NVE),NV,2,RE,N,,, , ,ST, , ,,, ,,,,,,,ST, ,,, ,,,,,,,ST, ,,, ,, ,,,,,,
13407,Nevada Power Co,2322,Clark (NVE),NV,3,RE,N,,, , ,ST, , ,,, ,,,,,,,ST, ,,, ,,,,,,,ST, ,,, ,, ,,,,,,
13407,Nevada Power Co,2322,Clark (NVE),NV,5,OP,,,, , ,, , ,,, ,,,,,,,, ,,, ,,,,,,,, ,,, ,, ,,,,,,
13407,Nevada Power Co,2322,Clark (NVE),NV,6,OP,,,, , ,, , ,,, ,,,,,,,, ,,, ,,,,,,,, ,,, ,, ,,,,,,
13407,Nevada Power Co,2322,Clark (NVE),NV,7,OP,,,, , ,, , ,,, ,,,,,,,, ,,, ,,,,,,,, ,,, ,, ,,,,,,
13407,Nevada Power Co,2322,Clark (NVE),NV,8,OP,,,, , ,, , ,,, ,,,,,,,, ,,, ,,,,,,,, ,,, ,, ,,,,,,
13407,Nevada Power Co,2324,Reid Gardner,NV,1,OP,N,Y,AP4911-0897.01,11,2012,ST,37,1,DM,TH,2012,IF,,,NC,,,ST,0.46,NP,OT,2012,LN,OV,,NC,,,ST,0.08,PB,OH,1965,FD,2015,BP,SP,,OT,,
13407,Nevada Power Co,2324,Reid Gardner,NV,2,OP,N,Y,AP4911-0897.01,11,2012,ST,0.37,1,DM,TH,2012,IF,,,NC,,,ST,0.46,NP,YR,1995,LN,OV,,NC,,,ST,0.08,PB,OH,2012,FD,2015,BP,SP,,OT,,
13407,Nevada Power Co,2324,Reid Gardner,NV,3,OP,N,Y,AP4911-0897.01,11,2012,ST,0.37,1,DM,TH,2012,IF,,,NC,,,ST,0.7,NP,TH,2012,LN,OV,,NC,,,ST,0.08,PB,OH,2012,FD,2015,BP,SP,,OT,,
13407,Nevada Power Co,2324,Reid Gardner,NV,4,OP,N,Y,AP4911-0897.01,11,2012,ST,85,1,SR,MO,2012,IF,,,NC,,,ST,0.24,NP,OT,2012,LN,OV,,NC,,,ST,0.03,PB,OH,2012,FD,2015,BP,SP,,OT,,
13407,Nevada Power Co,7082,Harry Allen,NV,HRSG5,OP,Da,Y,1584,1,2013,LO,0.5, ,SU,NS,2011,NC,,,NC,,,LO,15.4,NH,OH,2011,SR,,,SR,,,LO,11.5,PH,OH,2011,, ,,,,,,
13407,Nevada Power Co,7082,Harry Allen,NV,HRSG6,OP,Da,Y,1584,1,2013,LO,0.5, ,SU,NS,2011,NC,,,NC,,,LO,15.4,NH,OH,2011,SR,,,SR,,,LO,11.5,PH,OH,2011,, ,,,,,,
13407,Nevada Power Co,55322,Chuck Lenzie Generating Station,NV,HRSG1,OP,Da,Y,1513,3,2010,LO,4.78, ,DH,OH,2006,NC,,,NC,,,LO,28.95,NH,OH,2006,SR,,,SR,,,LO,28.25,PH,OH,2006,, ,,,,,,
13407,Nevada Power Co,55322,Chuck Lenzie Generating Station,NV,HRSG2,OP,Da,Y,1513,3,2010,LO,4.78, ,DH,OH,2006,NC,,,NC,,,LO,28.95,NH,OH,2006,SR,,,SR,,,LO,28.25,PH,OH,2006,, ,,,,,,
13407,Nevada Power Co,55322,Chuck Lenzie Generating Station,NV,HRSG3,OP,Da,Y,1513,3,2010,LO,4.78, ,DH,OH,2006,NC,,,NC,,,LO,28.95,NH,OH,2006,SR,,,SR,,,LO,28.25,PH,OH,2006,, ,,,,,,
13407,Nevada Power Co,55322,Chuck Lenzie Generating Station,NV,HRSG4,OP,Da,Y,1513,3,2010,LO,4.78, ,DH,OH,2006,NC,,,NC,,,LO,28.95,NH,OH,2006,SR,,,SR,,,LO,28.25,PH,OH,2006,, ,,,,,,
13407,Nevada Power Co,55687,Higgins Generating Station,NV,HRSG1,OP,Da,N,, , ,FD,5.2, ,OT,YR,2003,NC,,,NC,,,FD,25.7,NH,OH,2003,SR,,,NC,,,FD,21.1,PH,OH,2003,, ,,,,,,
13407,Nevada Power Co,55687,Higgins Generating Station,NV,HRSG2,OP,Da,N,, , ,FD,5.2, ,DH,OH,2003,NC,,,NC,,,FD,25.7,NH,OH,2003,SR,,,NC,,,FD,21.1,PH,OH,2003,, ,,,,,,
13407,Nevada Power Co,55841,Silverhawk,NV,A01,OP,Da,Y,1584,7,2011,LO,1.5, ,DH,OH,2004,NC,,,NC,,,LO,23,NH,OH,2004,SR,,,SR,,,LO,73.8,OT,YR,2004,, ,,,,,,
13407,Nevada Power Co,55841,Silverhawk,NV,A03,OP,Da,Y,1584,7,2011,LO,1.5, ,DH,OH,2004,NC,,,NC,,,LO,23,NH,OH,2004,SR,,,SR,,,LO,73.8,OT,YR,2004,, ,,,,,,
13478,Entergy New Orleans Inc,1409,Michoud,LA,1,SB,N,N,, , ,ST,2000, ,DM,TH,1969,NC,,,NC,,,, ,,, ,NC,,,NC,,,ST,6,PB,OH,1969,, ,,,,,,
13478,Entergy New Orleans Inc,1409,Michoud,LA,2,OP,N,N,, , ,ST,2000, ,DM,TH,1969,NC,,,NC,,,, ,,, ,BF,,,,,,ST,0.6,PB,OH,1969,, ,,,,,,
13478,Entergy New Orleans Inc,1409,Michoud,LA,3,OP,N,N,, , ,ST,2000, ,DM,TH,1969,NC,,,NC,,,, ,,, ,BF,FR,,,,,ST,0.6,PB,OH,1969,, ,,,,,,
13488,New Ulm Public Utilities Comm,2001,New Ulm,MN,1,OP,,,, , ,, , ,,, ,,,,,,,, ,,, ,,,,,,,, ,,, ,, ,,,,,,
13488,New Ulm Public Utilities Comm,2001,New Ulm,MN,2,OP,,,, , ,, , ,,, ,,,,,,,, ,,, ,,,,,,,, ,,, ,, ,,,,,,
13488,New Ulm Public Utilities Comm,2001,New Ulm,MN,4,OP,,,, , ,, , ,,, ,,,,,,,, ,,, ,,,,,,,, ,,, ,, ,,,,,,
13492,New Hope Power Company,54627,Okeelanta Cogeneration,FL,A,OP,Db,Y,PSD-FL-196(P),6,2005,FD, , ,DP,YR,1996,SS,,,SS,,,FD, ,NP,MO,2008,LN,SN,OV,LN,SN,OV,FD,0.026,PB,PS,1996,FD,1995,EH,,,EH,,
13492,New Hope Power Company,54627,Okeelanta Cogeneration,FL,B,OP,Db,Y,PSD-FL-196(P),6,2005,FD, , ,DP,YR,1996,SS,,,SS,,,FD, ,NP,MO,1996,LN,SN,OV,LN,SN,OV,FD,0.026,PB,PS,1996,FD,1995,EH,,,EH,,
13492,New Hope Power Company,54627,Okeelanta Cogeneration,FL,C,OP,Db,Y,PSD-FL-196(P),6,2005,FD, , ,DP,YR,1996,SS,,,SS,,,FD, ,NP,MO,1996,LN,SN,OV,LN,SN,OV,FD,0.026,PB,PS,1996,FD,1995,EH,,,EH,,
13538,EP Newington Energy LLC,55661,EP Newington Energy LLC,NH,HRSG1,OP,Db,N,, , ,ST,0.0015, ,DP,TH,2002,NC,,,NC,,,ST,2.5,NM,TH,2002,LN,NH3,SR,LN,NH3,SR,ST,0.015,PB,OH,2002,ST,2002,,,,,,
13538,EP Newington Energy LLC,55661,EP Newington Energy LLC,NH,HRSG2,OP,Db,N,, , ,ST, , ,DP,TH,2002,NC,,,NC,,,ST,2.5,NM,TH,2002,LN,NH3,SR,LN,NH3,SR,ST,0.015,PB,OH,2002,ST,2002,,,,,,
13579,Dunkirk Power LLC,2554,Dunkirk Generating Plant,NY,1,SC,N,N,, , ,ST,2.07, ,DP,DA,1974,SS,,,SS,,,ST,0.12,NP,DA,1995,LN,AA,SN,LN,AA,SN,ST,0.22,PB,PS,1973,ST,2009,BP,,,BP,ACI,
13579,Dunkirk Power LLC,2554,Dunkirk Generating Plant,NY,2,OP,N,N,, , ,ST,2.07, ,DP,DA,1974,SS,,,SS,,,ST,0.12,NP,DA,1995,LN,AA,SN,LN,AA,SN,ST,0.23,PB,PS,1973,ST,2009,BP,,,BP,ACI,
13579,Dunkirk Power LLC,2554,Dunkirk Generating Plant,NY,3,SC,N,N,, , ,ST,2.07, ,DP,DA,1974,SS,,,SS,,,ST,0.12,NP,DA,1995,LN,AA,SN,LN,AA,SN,ST,0.16,PB,PS,1973,ST,2009,BP,,,BP,ACI,
13579,Dunkirk Power LLC,2554,Dunkirk Generating Plant,NY,4,SC,N,N,, , ,ST,2.07, ,DP,DA,1974,SS,,,SS,,,ST,0.12,NP,DA,1995,LN,AA,SN,LN,AA,SN,ST,0.16,PB,PS,1973,ST,2009,BP,,,BP,ACI,
13584,NRG El Segundo Operations Inc,330,El Segundo Power,CA,3,RE,N,N,, , ,FD, , ,DC,NV,1977,NC,,,NC,,,LO,7,NM,MO,1974,NC,,,NC,,,LO,0.1,PC,FT,1976,, ,,,,,,
13584,NRG El Segundo Operations Inc,330,El Segundo Power,CA,4,OP,N,N,, , ,LO, , ,DC,NV,1977,NC,,,NC,,,LO,7,NM,MO,1974,FR,SR,,FR,SR,,LO,0.1,PC,FT,1976,, ,,,,,,
13584,NRG El Segundo Operations Inc,57901,El Segundo Energy Center LLC,CA,10,OP,,,, , ,, , ,,, ,,,,,,,, ,,, ,,,,,,,, ,,, ,, ,,,,,,
13584,NRG El Segundo Operations Inc,57901,El Segundo Energy Center LLC,CA,20,OP,,,, , ,, , ,,, ,,,,,,,, ,,, ,,,,,,,, ,,, ,, ,,,,,,
13606,Nine Mile Point Nuclear Sta LLC,2589,Nine Mile Point Nuclear Station,NY,NSS1,OP,,,, , ,, , ,,, ,,,,,,,, ,,, ,,,,,,,, ,,, ,, ,,,,,,
13606,Nine Mile Point Nuclear Sta LLC,2589,Nine Mile Point Nuclear Station,NY,NSS2,OP,,,, , ,, , ,,, ,,,,,,,, ,,, ,,,,,,,, ,,, ,, ,,,,,,
13695,"North Carolina Power Holdings, LLC",10380,Elizabethtown Power LLC,NC,A BLR,OS,,,, , ,, , ,,, ,,,,,,,, ,,, ,,,,,,,, ,,, ,, ,,,,,,
13695,"North Carolina Power Holdings, LLC",10380,Elizabethtown Power LLC,NC,B BLR,OS,,,, , ,, , ,,, ,,,,,,,, ,,, ,,,,,,,, ,,, ,, ,,,,,,
13756,Northern Indiana Pub Serv Co,995,Bailly,IN,7,OP,N,N,, , ,FD,1.2,1,SR,MO,2014,NC,,,NC,,,FD,0.15,NP,YR,2011,SR,OV,,NC,MS,,ST,0.03,PB,PS,2011,, ,,,,,,
13756,Northern Indiana Pub Serv Co,995,Bailly,IN,8,OP,N,N,, , ,FD,1.2,1,SR,OT,2011,CU,,,NC,,,FD,0.15,NP,OT,2011,SR,OV,,NC,MS,,FD,0.03,PB,PS,2011,, ,,,,,,
13756,Northern Indiana Pub Serv Co,997,Michigan City,IN,12,OP,N,N,, , ,ST,6, ,DP,OT,1988,TU,SS,,IF,,,FD,0.12,NP,YR,2011,SR,OV,,NC,MS,,FD,0.24,PB,PS,2011,, ,,,,,,
13756,Northern Indiana Pub Serv Co,997,Michigan City,IN,4,RE,N,N,, , ,ST, , ,DP,OT,1988,,,,,,,, ,,, ,,,,,,,ST,0.24,PB,NS,1981,, ,,,,,,
13756,Northern Indiana Pub Serv Co,997,Michigan City,IN,5,RE,N,N,, , ,ST, , ,DP,OT,1988,,,,,,,, ,,, ,,,,,,,ST,0.24,PB,NS,1981,, ,,,,,,
13756,Northern Indiana Pub Serv Co,997,Michigan City,IN,6,RE,N,N,, , ,ST, , ,DP,OT,1988,,,,,,,, ,,, ,,,,,,,ST,0.24,PB,NS,1981,, ,,,,,,
13756,Northern Indiana Pub Serv Co,6085,R M Schahfer,IN,14,OP,D,N,, , ,ST,0.08, ,DP,OT,1980,NC,,,NC,,,ST,0.12,NP,YR,2011,SR,OV,,NC,MS,,ST,0.03,PB,PS,2011,, ,,,,,,
13756,Northern Indiana Pub Serv Co,6085,R M Schahfer,IN,15,OP,D,N,, , ,ST,6, ,DP,TH,1980,CU,,,IF,,,FD,0.15,NP,MO,2011,OV,LN,SN,MS,,,FD,0.1,PB,PS,2011,FD,2011,,,,ACI,,
13756,Northern Indiana Pub Serv Co,6085,R M Schahfer,IN,17,OP,Da,N,, , ,FD,0.62,1,SR,MO,2011,NC,,,NC,,,FD,0.2,NP,MO,2011,OV,LN,,NC,MS,,FD,0.03,PB,PS,2011,, ,,,,,,
13756,Northern Indiana Pub Serv Co,6085,R M Schahfer,IN,18,OP,Da,N,, , ,FD,0.62,1,SR,MO,2011,NC,,,NC,,,FD,0.2,NP,MO,2011,OV,LN,,NC,MS,,FD,0.03,PB,PS,2011,, ,,,,,,
13756,Northern Indiana Pub Serv Co,55364,Sugar Creek Power,IN,1A,OP,Db,N,, , ,ST,0.0025, ,DP,DT,2003,NC,,,NC,,,FD,3,NM,TH,2003,NH3,SR,,NC,,,ST,0.012,PB,PS,2003,FD,2003,,,,,,
13756,Northern Indiana Pub Serv Co,55364,Sugar Creek Power,IN,1B,OP,Db,N,, , ,ST,0.0025, ,DP,DT,2003,NC,,,NC,,,FD,3,NM,TH,2003,NH3,SR,,NC,,,ST,0.012,PB,PS,2003,FD,2003,,,,,,
13765,Northlake Energy,54995,Indiana Harbor E 5 AC Station,IN,501,OP,N,,, , ,, , ,,, ,,,,,,,, ,,, ,,,,,,,, ,,, ,, ,,,,,,
13765,Northlake Energy,54995,Indiana Harbor E 5 AC Station,IN,502,OP,N,,, , ,, , ,,, ,,,,,,,, ,,, ,,,,,,,, ,,, ,, ,,,,,,
13765,Northlake Energy,54995,Indiana Harbor E 5 AC Station,IN,503,OP,N,,, , ,, , ,,, ,,,,,,,, ,,, ,,,,,,,, ,,, ,, ,,,,,,
13765,Northlake Energy,54995,Indiana Harbor E 5 AC Station,IN,504,OP,N,,, , ,, , ,,, ,,,,,,,, ,,, ,,,,,,,, ,,, ,, ,,,,,,
13781,Northern States Power Co - Minnesota,1904,Black Dog,MN,3,OP,N,Y,03700003-009,3,2009,ST, , ,DP,OH,1976,WA,,,NC,,,FD, ,OT,YR,2000,OT,,,NC,,,ST,0.3,PB,PS,1976,, ,,,,OT,,
13781,Northern States Power Co - Minnesota,1904,Black Dog,MN,4,OP,N,Y,03700003-009,3,2009,ST, , ,DP,OH,1976,WA,,,NC,,,FD, ,OT,YR,2000,OT,,,NC,,,ST,0.3,PB,PS,1976,, ,,,,OT,,
13781,Northern States Power Co - Minnesota,1904,Black Dog,MN,5,OP,Da,Y,03700003-009,3,2009,FD, , ,DP,MO,2002,NC,,,NC,,,FD, ,NM,TH,2002,NC,,,NC,,,FD,29.4,PH,PS,2002,, ,,,,,,
13781,Northern States Power Co - Minnesota,1912,High Bridge,MN,5,RE,N,,, , ,ST, , ,DP,OH,1971,,,,,,,FD, ,NP,YR,1995,,,,,,,ST,0.4,PB,DT,1971,, ,,,,,,
13781,Northern States Power Co - Minnesota,1912,High Bridge,MN,6,RE,N,,, , ,ST, , ,DP,OH,1971,,,,,,,FD, ,NP,YR,1995,,,,,,,ST,0.4,PB,DT,1971,, ,,,,,,
13781,Northern States Power Co - Minnesota,1912,High Bridge,MN,9,OP,N,N,, , ,, , ,,, ,,,,,,,, ,,, ,,,,,,,, ,,, ,, ,,,,,,
13781,Northern States Power Co - Minnesota,1915,Allen S King,MN,1,OP,N,Y,16300005-011,8,2009,FD, , ,DP,MO,2008,IF,,,IF,,,FD, ,NP,MO,2008,OV,SR,,OV,SR,,FD,0.02,PB,PS,2008,ST,2008,ACI,,,ACI,,
13781,Northern States Power Co - Minnesota,1922,Monticello Nuclear Facility,MN,NSS1,OP,,,, , ,, , ,,, ,,,,,,,, ,,, ,,,,,,,, ,,, ,, ,,,,,,
13781,Northern States Power Co - Minnesota,1925,Prairie Island,MN,NSS1,OP,,,, , ,, , ,,, ,,,,,,,, ,,, ,,,,,,,, ,,, ,, ,,,,,,
13781,Northern States Power Co - Minnesota,1925,Prairie Island,MN,NSS2,OP,,,, , ,, , ,,, ,,,,,,,, ,,, ,,,,,,,, ,,, ,, ,,,,,,
13781,Northern States Power Co - Minnesota,1926,Red Wing,MN,1,OP,N,,, , ,ST, , ,,, ,,,,,,,, ,,, ,,,,,,,, ,,, ,, ,,,,,,
13781,Northern States Power Co - Minnesota,1926,Red Wing,MN,2,OP,N,,, , ,, , ,,, ,,,,,,,, ,,, ,,,,,,,, ,,, ,, ,,,,,,
13781,Northern States Power Co - Minnesota,1927,Riverside (MN),MN,6,RE,N,,, , ,ST, , ,,, ,,,,,,,FD, ,,, ,,,,,,,ST, ,,, ,, ,,,,,,
13781,Northern States Power Co - Minnesota,1927,Riverside (MN),MN,7,RE,N,,, , ,ST, , ,,, ,,,,,,,FD, ,,, ,,,,,,,ST, ,,, ,, ,,,,,,
13781,Northern States Power Co - Minnesota,1927,Riverside (MN),MN,7A,OP,,,, , ,, , ,,, ,,,,,,,, ,,, ,,,,,,,, ,,, ,, ,,,,,,
13781,Northern States Power Co - Minnesota,1927,Riverside (MN),MN,8,RE,N,,, , ,ST, , ,,, ,,,,,,,FD, ,,, ,,,,,,,ST, ,,, ,, ,,,,,,
13781,Northern States Power Co - Minnesota,1934,Wilmarth,MN,1,OP,N,,, , ,, , ,,, ,,,,,,,, ,,, ,,,,,,,, ,,, ,, ,,,,,,
13781,Northern States Power Co - Minnesota,1934,Wilmarth,MN,2,OP,N,,, , ,, , ,,, ,,,,,,,, ,,, ,,,,,,,, ,,, ,, ,,,,,,
13781,Northern States Power Co - Minnesota,3982,Bay Front,WI,1,OP,N,,, , ,, , ,,, ,,,,,,,, ,,, ,,,,,,,ST,0.14,PB,, ,, ,,,,,,
13781,Northern States Power Co - Minnesota,3982,Bay Front,WI,2,OP,N,,, , ,, , ,,, ,,,,,,,, ,,, ,,,,,,,ST,0.14,PB,, ,, ,,,,,,
13781,Northern States Power Co - Minnesota,3982,Bay Front,WI,5,OP,N,,, , ,, , ,,, ,,,,,,,, ,,, ,,,,,,,ST,0.6,PB,, ,, ,,,,,,
13781,Northern States Power Co - Minnesota,4005,French Island,WI,1,OP,N,,, , ,, , ,,, ,,,,,,,FD,180,NM,DA,2002,NC,,,NC,,,, ,,, ,FD,2002,ACI,,,,,
13781,Northern States Power Co - Minnesota,4005,French Island,WI,2,OP,N,,, , ,, , ,,, ,,,,,,,FD,180,NM,DA,2002,NC,,,NC,,,, ,,, ,FD,2002,ACI,,,ACI,,
13781,Northern States Power Co - Minnesota,6090,Sherburne County,MN,1,OP,N,Y,14100004-004,1,2013,ST,0.96, ,DP,OT,1976,OT,,,OT,,,FD, ,OT,YR,1995,LN,AA,OT,NC,,,ST,0.09,PB,PS,1976,, ,,,,,,
13781,Northern States Power Co - Minnesota,6090,Sherburne County,MN,2,OP,N,Y,14100004-004,1,2013,ST,0.96, ,DP,OT,1977,OT,,,OT,,,FD, ,OT,YR,1995,LN,AA,OT,NC,,,ST,0.09,PB,PS,1977,, ,,,,,,
13781,Northern States Power Co - Minnesota,6090,Sherburne County,MN,3,OP,Da,Y,14100004-004,1,2013,ST, , ,OT,OT,1987,NC,WA,,NC,,,ST, ,NP,MO,1987,LN,AA,OT,MS,,,ST,0.03,PB,PS,1987,ST,2009,ACI,,,ACI,,
13833,Northeastern Power Co,50039,Kline Township Cogen Facility,PA,1,OP,,,, , ,FD, , ,,, ,,,,,,,FD, ,,,1989,CF,,,NC,,,FD,0.03,PC,, ,FD, ,ND,,,ND,,
13914,Occidental Chemical Corporation,55089,Taft Cogeneration Facility,LA,20F101,OP,Da,Y,2598-V5,6,2013,FD,1.61, ,OT,YR,2002,NC,,,NC,,,FD,134.09,NH,YR,2002,NC,,,NC,,,ST,24.1,PH,YR,2002,, ,,,,,,
13914,Occidental Chemical Corporation,55089,Taft Cogeneration Facility,LA,20F201,OP,Da,Y,2598-V5,6,2013,FD,1.61, ,OT,NS,2002,NC,,,NC,,,FD,134.09,NH,YR,2002,NC,,,NC,,,ST,24.1,PH,YR,2002,, ,,,,,,
13914,Occidental Chemical Corporation,55089,Taft Cogeneration Facility,LA,20F301,OP,Da,Y,2598-V5,6,2013,FD,1.61, ,OT,NS,2002,NC,,,NC,,,FD,134.09,NH,YR,2002,NC,,,NC,,,ST,24.1,PH,YR,2002,, ,,,,,,
13922,Norwalk Power LLC,548,NRG Norwalk Harbor,CT,1,RE,N,N,, , ,ST,0.3,0,SU,NV,1960,NC,,,NC,,,ST, ,NP,DA,1960,SN,,,SN,,,ST,40,OP,SM,1960,, ,,,,,,
13922,Norwalk Power LLC,548,NRG Norwalk Harbor,CT,2,RE,N,N,, , ,ST, ,0,SU,NV,1963,NC,,,NC,,,ST, ,NP,DA,1963,SN,,,SN,,,ST,40,OP,SM,1963,, ,,,,,,
13923,NRG Oswego Harbor Power Operations Inc,2594,Oswego Harbor Power,NY,5,OP,N,N,, , ,ST,0.75,0,SU,DA,1976,NC,,,NC,,,ST,0.25,NP,DA,1976,NC,,,NC,,,ST,0.1,PB,NV,1976,, ,,,,,,
13923,NRG Oswego Harbor Power Operations Inc,2594,Oswego Harbor Power,NY,6,OP,D,N,, , ,ST,0.75,0,SU,TH,1980,NC,,,NC,,,ST,0.22,NP,TH,1980,NC,,,NC,,,ST,0.1,PB,TH,1980,, ,,,,,,
13960,NRG Cabrillo Power Ops Inc,302,Encina,CA,1,OP,N,N,, , ,LO, , ,SU,DA,1969,NC,,,NC,,,LO, ,OT,DA,2003,LN,SR,FR,NC,,,LO,20,OP,DA,1969,ST,1995,,,,,,
13960,NRG Cabrillo Power Ops Inc,302,Encina,CA,2,OP,N,N,, , ,LO, , ,SU,DA,1969,NC,,,NC,,,LO, ,OT,DA,2003,LN,SR,FR,NC,,,LO,20,OP,DA,1969,ST,1995,,,,,,
13960,NRG Cabrillo Power Ops Inc,302,Encina,CA,3,OP,N,N,, , ,LO, , ,SU,DA,1969,NC,,,NC,,,LO, ,OT,DA,2003,LN,SR,FR,NC,,,LO,20,OP,DA,1969,ST,1995,,,,,,
13960,NRG Cabrillo Power Ops Inc,302,Encina,CA,4,OP,N,N,, , ,LO, , ,SU,DA,1973,NC,,,NC,,,LO, ,OT,DA,2003,LN,SR,FR,NC,,,LO,20,OP,DA,1973,ST,1995,,,,,,
13960,NRG Cabrillo Power Ops Inc,302,Encina,CA,5,OP,D,N,, , ,LO, , ,SU,DA,1978,NC,,,NC,,,LO, ,OT,DA,2003,LN,SR,FR,NC,,,FD,20,OP,DA,1978,ST,1995,,,,,,
13982,Ogden Projects Inc-Haverhill,50661,Covanta Haverhill,MA,A,OP,N,,, , ,, , ,,, ,,,,,,,ST,205,NM,DA,2001,SN,,,SN,,,, ,,, ,ST,2001,ACI,,,ACI,,
13982,Ogden Projects Inc-Haverhill,50661,Covanta Haverhill,MA,B,OP,N,,, , ,, , ,,, ,,,,,,,ST,205,NM,DA,2001,SN,,,SN,,,, ,,, ,ST,2001,ACI,,,ACI,,
13994,Oglethorpe Power Corporation,7917,Chattahoochee Energy Facility,GA,8A,OP,Dc,Y,4911-149-0006-V-02-0,7,2003,ST, , ,SU,NS,2002,OT,OT,OT,OT,OT,OT,FD, ,NM,TH,2002,SR,,,,,,FD,0.01,PB,TH,2002,, ,,,,,,
13994,Oglethorpe Power Corporation,7917,Chattahoochee Energy Facility,GA,8B,OP,Dc,Y,4911-149-0006-V-02-0,7,2003,ST, , ,SU,NS,2002,OT,,,OT,,,FD, ,NM,TH,2002,SR,,,SR,,,FD,0.01,PB,TH,2002,, ,,,,,,
13994,Oglethorpe Power Corporation,55382,Thomas A Smith Energy Facility,GA,1H1100,OP,Db,N,, , ,ST, , ,SU,NV,2002,OT,,,OT,,,ST, ,NM,TH,2002,SR,,,SR,,,ST,25,PH,OH,2002,, ,,,,,,
13994,Oglethorpe Power Corporation,55382,Thomas A Smith Energy Facility,GA,1H2100,OP,Db,N,, , ,ST, , ,SU,NV,2002,OT,,,OT,,,ST, ,NM,TH,2002,SR,,,SR,,,ST,25,PH,OH,2002,, ,,,,,,
13994,Oglethorpe Power Corporation,55382,Thomas A Smith Energy Facility,GA,2H1100,OP,Db,N,, , ,ST, , ,SU,NV,2002,OT,,,OT,,,ST, ,NM,TH,2002,SR,,,SR,,,ST,25,PH,OH,2002,, ,,,,,,
13994,Oglethorpe Power Corporation,55382,Thomas A Smith Energy Facility,GA,2H2100,OP,Db,N,, , ,ST, , ,SU,NV,2002,OT,,,OT,,,ST, ,NM,TH,2002,SR,,,SR,,,ST,25,PH,OH,2002,, ,,,,,,
14015,Ohio Valley Electric Corp,2876,Kyger Creek,OH,1,OP,N,N,, , ,FD,4057, ,OT,YR,2010,IF,,,OT,,,FD,1052,OT,YR,2009,OV,SR,OT,OT,,,ST,0.1,PB,PS,1980,, ,,,,,,
14015,Ohio Valley Electric Corp,2876,Kyger Creek,OH,2,OP,N,N,, , ,FD,3905, ,OT,YR,2010,IF,,,OT,,,FD,1053,OT,YR,2009,OV,SR,OT,OT,,,ST,0.1,PB,PS,1980,, ,,,,,,
14015,Ohio Valley Electric Corp,2876,Kyger Creek,OH,3,OP,N,N,, , ,FD,3768, ,OT,YR,2010,IF,,,OT,,,FD,1053,OT,YR,2009,OV,SR,OT,OT,,,ST,0.1,PB,PS,1980,, ,,,,,,
14015,Ohio Valley Electric Corp,2876,Kyger Creek,OH,4,OP,N,N,, , ,FD,3936.5, ,OT,YR,2010,IF,,,OT,,,FD,1053,OT,YR,2009,OV,SR,OT,OT,,,ST,0.1,PB,PS,1980,, ,,,,,,
14015,Ohio Valley Electric Corp,2876,Kyger Creek,OH,5,OP,N,N,, , ,FD,3943.5, ,OT,YR,2010,IF,,,OT,,,FD,1053,OT,YR,2009,OV,SR,OT,OT,,,ST,0.1,PB,PS,1980,, ,,,,,,
14063,Oklahoma Gas & Electric Co,2951,Horseshoe Lake,OK,6,OP,N,N,, , ,ST,0.14, ,DC,DA,1985,NC,,,NC,,,ST, ,,, ,NC,,,NC,,,ST,20,OP,NV,1984,, ,,,,,,
14063,Oklahoma Gas & Electric Co,2951,Horseshoe Lake,OK,7,OP,N,N,, , ,ST,0.14, ,DC,DA,1985,NC,,,NC,,,ST, ,,, ,NC,,,NC,,,ST,20,OP,NV,1984,, ,,,,,,
14063,Oklahoma Gas & Electric Co,2951,Horseshoe Lake,OK,8,OP,N,N,, , ,ST,0.14, ,DC,DA,1985,NC,,,NC,,,ST, ,OT,YR,2004,NC,,,NC,,,ST,20,OP,NV,1984,, ,,,,,,
14063,Oklahoma Gas & Electric Co,2952,Muskogee,OK,3,RE,N,N,, , ,ST, , ,DC,DA,1985,,,,,,,, ,,, ,,,,,,,ST,20,OP,NV,1984,, ,,,,,,
14063,Oklahoma Gas & Electric Co,2952,Muskogee,OK,4,OP,D,N,, , ,FD,0.06, ,SB,MO,1978,SS,,,ND,,,FD,0.15,NP,MO,2015,NC,,,LN,OV,,FD,0.1,PB,NV,1978,FD,2016,EK,,,ACI,,
14063,Oklahoma Gas & Electric Co,2952,Muskogee,OK,5,OP,D,N,, , ,FD,0.06, ,SB,MO,1979,SS,,,ND,,,FD,0.15,NP,MO,2014,LN,OV,,LN,OV,,FD,0.1,PB,NV,1979,FD,2016,EK,,,ACI,,
14063,Oklahoma Gas & Electric Co,2952,Muskogee,OK,6,OP,D,N,, , ,FD,1.2, ,DP,TH,1984,SS,,,SS,,,FD,0.4,NP,YR,1997,NC,,,NC,,,ST,20,OP,NV,1984,FD,2016,EK,,,ACI,,
14063,Oklahoma Gas & Electric Co,2953,Mustang,OK,1,OP,N,N,, , ,ST,0.14, ,DC,DA,1985,NC,,,NC,,,, ,,, ,NC,,,NC,,,ST,20,OP,NV,1984,, ,,,,,,
14063,Oklahoma Gas & Electric Co,2953,Mustang,OK,2,OP,N,N,, , ,ST,0.14, ,DC,DA,1985,NC,,,NC,,,, ,,, ,NC,,,NC,,,ST,20,OP,NV,1984,, ,,,,,,
14063,Oklahoma Gas & Electric Co,2953,Mustang,OK,3,OP,N,N,, , ,ST,0.14, ,DC,DA,1985,NC,,,NC,,,, ,,, ,NC,,,NC,,,ST,20,OP,NV,1984,, ,,,,,,
14063,Oklahoma Gas & Electric Co,2953,Mustang,OK,4,OP,N,N,, , ,ST,0.14, ,DC,DA,1985,NC,,,NC,,,ST, ,,, ,NC,,,NC,,,ST,20,OP,NV,1984,, ,,,,,,
14063,Oklahoma Gas & Electric Co,2956,Seminole (OK),OK,1,OP,N,N,, , ,ST,0.14, ,DC,DA,1985,NC,,,NC,,,FD,0.203,NP,MO,2016,NC,,,LN,OV,FR,ST,20,OP,NV,1984,, ,,,,,,
14063,Oklahoma Gas & Electric Co,2956,Seminole (OK),OK,2,OP,N,N,, , ,ST,0.14, ,DC,DA,1985,NC,,,NC,,,FD,0.212,NP,MO,2016,NC,,,LN,OV,FR,ST,20,OP,NV,1984,, ,,,,,,
14063,Oklahoma Gas & Electric Co,2956,Seminole (OK),OK,3,OP,N,N,, , ,ST,0.14, ,DC,DA,1985,NC,,,NC,,,FD,0.164,NP,MO,2017,FR,,,LN,OV,,ST,20,OP,NV,1984,, ,,,,,,
14063,Oklahoma Gas & Electric Co,6095,Sooner,OK,1,OP,D,N,, , ,FD,0.6, ,SB,MO,1979,SS,,,IF,,,FD,0.15,NP,MO,2014,LN,OV,,LN,OV,,FD,0.1,PB,NV,1979,FD,2016,EK,,,ACI,,
14063,Oklahoma Gas & Electric Co,6095,Sooner,OK,2,OP,D,N,, , ,FD,0.06, ,SB,MO,2019,SS,,,IF,,,FD,0.15,NP,MO,2013,LN,OV,,OV,LN,,FD,0.1,PB,NV,1979,FD,2016,EK,,,ACI,,
14063,Oklahoma Gas & Electric Co,55457,McClain Energy Facility,OK,1,OP,,,, , ,, , ,,, ,,,,,,,, ,,, ,,,,,,,, ,,, ,, ,,,,,,
14063,Oklahoma Gas & Electric Co,55463,Redbud Power Plant,OK,FB1,OP,Da,N,, , ,ST,6.9, ,DP,NV,2003,NC,,,NC,,,ST,34.5,NP,NV,2003,NC,,,NC,,,ST,0.25,PB,NV,2003,, ,,,,,,
14063,Oklahoma Gas & Electric Co,55463,Redbud Power Plant,OK,FB2,OP,Da,N,, , ,ST,6.9, ,DP,NV,2003,NC,,,NC,,,ST,34.5,NP,NV,2003,NC,,,NC,,,ST,0.25,PB,NV,2003,, ,,,,,,
14063,Oklahoma Gas & Electric Co,55463,Redbud Power Plant,OK,FB3,OP,Da,N,, , ,ST,6.9, ,DP,NV,2003,NC,,,NC,,,ST,34.5,NP,NV,2003,NC,,,NC,,,ST,0.25,PB,NV,2003,, ,,,,,,
14063,Oklahoma Gas & Electric Co,55463,Redbud Power Plant,OK,FB4,OP,Da,N,, , ,ST,6.9, ,DP,NV,2003,NC,,,NC,,,ST,34.5,NP,NV,2003,NC,,,NC,,,ST,0.25,PB,NV,2003,, ,,,,,,
14077,Oklahoma Municipal Power Authority,762,Ponca,OK,2,OP,,,, , ,, , ,,, ,,,,,,,, ,,, ,,,,,,,, ,,, ,, ,,,,,,
14077,Oklahoma Municipal Power Authority,7546,Ponca City,OK,HRSG1,OP,,,, , ,, , ,,, ,,,,,,,, ,,, ,,,,,,,, ,,, ,, ,,,,,,
14127,Omaha Public Power District,2289,Fort Calhoun,NE,NSS1,OS,,,, , ,, , ,,, ,,,,,,,, ,,, ,,,,,,,, ,,, ,, ,,,,,,
14127,Omaha Public Power District,2291,North Omaha,NE,1,OP,N,N,, , ,ST,2.5, ,DP,WO,1974,SS,,,NC,,,FD,0.4,NP,YR,2000,MS,,,NC,,,ST,20,OP,SM,1974,, ,,,,,,
14127,Omaha Public Power District,2291,North Omaha,NE,2,OP,N,N,, , ,ST,2.5, ,DP,WO,1974,SS,,,NC,,,FD,0.4,NP,YR,2000,LN,,,NP,,,ST,20,OP,SM,1974,, ,,,,,,
14127,Omaha Public Power District,2291,North Omaha,NE,3,OP,N,N,, , ,ST,2.5, ,DP,WO,1974,SS,,,NC,,,FD,0.4,NP,YR,2000,LN,,,NC,,,ST,20,OP,SM,1974,, ,,,,,,
14127,Omaha Public Power District,2291,North Omaha,NE,4,OP,N,N,, , ,ST,2.5, ,DP,WO,1974,SS,,,NC,,,FD,0.4,NP,YR,2000,MS,,,NC,,,ST,20,OP,SM,1974,, ,,,,,,
14127,Omaha Public Power District,2291,North Omaha,NE,5,OP,N,N,, , ,ST,2.5, ,DP,WO,1974,OT,,,NC,,,ST,0.46,NP,YR,2000,LN,,,NC,,,ST,20,OP,SM,1974,, ,,,,,,
14127,Omaha Public Power District,6096,Nebraska City,NE,1,OP,D,Y,CP07-0049,2,2009,ST,1.2, ,DP,TH,1979,NC,,,NC,,,FD,0.23,NP,MO,1979,LN,OV,,NC,,,ST,20,OP,SM,1979,, ,,,,,,
14127,Omaha Public Power District,6096,Nebraska City,NE,2,OP,Da,Y,CP07-0068,3,2008,ST,0.095, ,DP,MO,2009,NC,,,NC,,,FD,0.07,NP,MO,2009,SR,LN,OV,NC,,,FD,0.013,PB,TH,2009,FD,2009,ACI,BP,SD,,,
14165,NRG Power Midwest LP,2836,Avon Lake,OH,10,OP,N,N,, , ,FD,4.65, ,DP,DA,1981,SS,US,,ND,,,, ,,, ,,,,,,,ST,0.1,PB,TH,1978,, ,,,,,,
14165,NRG Power Midwest LP,2836,Avon Lake,OH,12,OP,N,N,, , ,FD,4.65, ,DP,DA,1981,SS,US,,NC,,,, ,,, ,,,,,,,ST,0.1,PB,TH,1981,, ,,,,,,
14165,NRG Power Midwest LP,3096,Brunot Island,PA,HRSG2A,OP,N,N,, , ,LO,0.00286, ,DP,OH,2002,NC,,,NC,,,LO,3.5,NM,TH,2002,SR,H20,,NC,,,LO,0.02,PB,OH,2002,, ,,,,,,
14165,NRG Power Midwest LP,3096,Brunot Island,PA,HRSG2B,OP,N,N,, , ,LO,0.00286, ,DP,OH,2002,NC,,,NC,,,LO,3.5,NM,TH,2002,SR,H20,,NC,,,LO,0.02,PB,OH,2002,, ,,,,,,
14165,NRG Power Midwest LP,3096,Brunot Island,PA,HRSG3,OP,N,N,, , ,LO,0.00286, ,DP,OH,2002,NC,,,NC,,,LO,3.5,NM,TH,2002,SR,H20,,NC,,,LO,0.02,PB,OH,2002,, ,,,,,,
14165,NRG Power Midwest LP,3098,Elrama Power Plant,PA,1,SC,N,N,, , ,ST,0.6,0,DP,DA,1978,NC,,,NC,,,ST, ,NP,MO,1995,NC,,,NC,,,ST,0.1,PB,NV,1978,, ,,,,,,
14165,NRG Power Midwest LP,3098,Elrama Power Plant,PA,2,SC,N,N,, , ,ST,0.6,0,DP,DA,1978,NC,,,NC,,,ST,0.57,NP,MO,1995,NC,,,NC,,,ST,0.1,PB,NV,1978,, ,,,,,,
14165,NRG Power Midwest LP,3098,Elrama Power Plant,PA,3,SC,N,N,, , ,ST,0.6,0,DP,DA,1978,NC,,,NC,,,ST,0.57,NP,MO,1995,NC,,,NC,,,ST,0.1,PB,NV,1978,, ,,,,,,
14165,NRG Power Midwest LP,3098,Elrama Power Plant,PA,4,SC,N,N,, , ,ST,0.6,0,DP,DA,1978,NC,,,NC,,,ST,0.57,NP,MO,1995,NC,,,NC,,,ST,0.1,PB,NV,1978,, ,,,,,,
14165,NRG Power Midwest LP,3138,New Castle Plant,PA,3,OP,N,N,, , ,ST,2.8,0,DP,MO,1983,SS,WA,,SS,WA,,ST,0.5,NP,MO,1997,LN,,,SN,,,ST,0.1,PB,NV,1978,, ,,,,,,
14165,NRG Power Midwest LP,3138,New Castle Plant,PA,4,OP,N,N,, , ,ST,2.8,0,DP,MO,1983,SS,WA,,SS,WA,,ST,0.5,NP,MO,1997,LN,SN,,LN,SN,,ST,0.1,PB,NV,1978,, ,,,,,,
14165,NRG Power Midwest LP,3138,New Castle Plant,PA,5,OP,N,N,, , ,ST,2.8,0,DP,MO,1983,SS,WA,,SS,WA,,ST,0.5,NP,MO,1997,LN,SN,,LN,SN,,ST,0.1,PB,NV,1978,, ,,,,,,
14165,NRG Power Midwest LP,8226,Cheswick Power Plant,PA,1,OP,N,N,, , ,LO,1.43, ,DP,YR,2009,IF,,,IF,,,LO,0.45,NP,YR,1995,LN,SR,,LN,SR,,LO,0.08,PB,NV,1970,FD,2009,EK,LIJ,TR,EK,LIJ,TR
14184,Orlando CoGen Ltd LP,54466,Orlando Cogen LP,FL,HRSG 1,OP,Db,N,, , ,ST, , ,SU,YR,1993,NC,,,NC,,,ST, ,NH,YR,1993,NC,,,NC,,,ST,0.001,PB,YR,1993,, ,,,,,,
14194,City of Orrville - (OH),2935,Orrville,OH,10,OP,N,,, , ,, , ,,, ,,,,,,,, ,,, ,,,,,,,, ,,, ,, ,,,,,,
14194,City of Orrville - (OH),2935,Orrville,OH,11,OP,N,,, , ,, , ,,, ,,,,,,,, ,,, ,,,,,,,, ,,, ,, ,,,,,,
14194,City of Orrville - (OH),2935,Orrville,OH,12,OP,N,,, , ,, , ,,, ,,,,,,,, ,,, ,,,,,,,, ,,, ,, ,,,,,,
14194,City of Orrville - (OH),2935,Orrville,OH,13,OP,N,,, , ,, , ,,, ,,,,,,,, ,,, ,,,,,,,, ,,, ,, ,,,,,,
14232,Otter Tail Power Co,1943,Hoot Lake,MN,1,RE,N,N,, , ,ST, , ,DH,DA,1990,,,,,,,, ,,, ,,,,,,,ST,0.6,PB,PS,1979,, ,,,,,,
14232,Otter Tail Power Co,1943,Hoot Lake,MN,2,OP,N,N,, , ,ST,3, ,DP,OH,1990,NC,,,NC,,,FD,0.4,NP,YR,1997,LN,OV,,NC,,,ST,0.6,PB,PS,1972,, ,,,,,,
14232,Otter Tail Power Co,1943,Hoot Lake,MN,3,OP,N,N,, , ,ST,3, ,DP,OH,1990,NC,,,NC,,,FD,0.46,NP,YR,2000,LN,OV,,NC,,,ST,0.6,PB,PS,1972,, ,,,,,,
14232,Otter Tail Power Co,6098,Big Stone,SD,1,OP,N,N,, , ,ST,3, ,DP,TH,1975,NC,,,NC,,,FD,0.86,NP,YR,2000,OV,,,NC,,,ST,0.3,PB,PS,1975,, ,,,,,,
14232,Otter Tail Power Co,8222,Coyote,ND,B1,OP,D,N,, , ,ST,1.2, ,DP,TH,1981,IF,NC,,NC,,,FD,0.86,NP,YR,2000,NC,,,NC,,,ST,0.1,PB,PS,1981,, ,,,,,,
14254,Oxy Vinyls LP,50043,Houston Chemical Complex Battleground,TX,HRSG1,OP,,,, , ,, , ,,, ,,,,,,,ST,43.6,NH,OH,1982,LN,SN,,ND,,,ST, ,,, ,, ,,,,,,
14254,Oxy Vinyls LP,50043,Houston Chemical Complex Battleground,TX,HRSG2,OP,,,, , ,, , ,,, ,,,,,,,ST,43.6,NH,OH,1982,LN,SN,,ND,,,, ,,, ,, ,,,,,,
14254,Oxy Vinyls LP,50043,Houston Chemical Complex Battleground,TX,HRSG3,OP,,,, , ,, , ,,, ,,,,,,,ST,4,NM,OH,2005,SN,,,SN,,,, ,,, ,, ,,,,,,
14266,PPL Susquehanna LLC,6103,PPL Susquehanna,PA,NSS1,OP,,,, , ,, , ,,, ,,,,,,,, ,,, ,,,,,,,, ,,, ,, ,,,,,,
14266,PPL Susquehanna LLC,6103,PPL Susquehanna,PA,NSS2,OP,,,, , ,, , ,,, ,,,,,,,, ,,, ,,,,,,,, ,,, ,, ,,,,,,
14268,City of Owensboro - (KY),1374,Elmer Smith,KY,1,OP,N,N,, , ,ST,6, ,DP,NV,1978,NC,,,ND,,,FD, ,,,2004,SR,AA,,NC,,,ST,0.17,PB,NV,1978,FD,2016,,,,SP,,
14268,City of Owensboro - (KY),1374,Elmer Smith,KY,2,OP,N,N,, , ,ST,6, ,DP,NV,1978,NC,,,NC,,,FD,0.45,NP,YR,1995,SN,AA,LN,NC,,,ST,0.14,PB,NV,1978,FD,2016,,,,SP,ACI,DSI
14274,Otay Mesa Energy Center LLC,55345,Otay Mesa Generating Project,CA,HRSG 1,OP,Db,,, , ,LO, , ,OT,NV,2009,WA,,,WA,,,LO,2,NM,TH,2009,NH3,,,NH3,,,LO,11.5,PH,PS,2009,, ,,,,,,
14274,Otay Mesa Energy Center LLC,55345,Otay Mesa Generating Project,CA,HRSG 2,OP,Db,,, , ,LO, , ,OT,NV,2009,WA,,,WA,,,LO,2,NM,TH,2009,NH3,,,NH3,,,LO,11.5,PH,PS,2009,, ,,,,,,
14294,PSEG Power New York Inc,2539,Bethlehem Energy Center,NY,1,RE,,,, , ,, , ,,, ,,,,,,,, ,,, ,,,,,,,, ,,, ,, ,,,,,,
14294,PSEG Power New York Inc,2539,Bethlehem Energy Center,NY,2,RE,,,, , ,, , ,,, ,,,,,,,, ,,, ,,,,,,,, ,,, ,, ,,,,,,
14294,PSEG Power New York Inc,2539,Bethlehem Energy Center,NY,3,RE,,,, , ,, , ,,, ,,,,,,,, ,,, ,,,,,,,, ,,, ,, ,,,,,,
14294,PSEG Power New York Inc,2539,Bethlehem Energy Center,NY,4,RE,,,, , ,, , ,,, ,,,,,,,, ,,, ,,,,,,,, ,,, ,, ,,,,,,
14294,PSEG Power New York Inc,2539,Bethlehem Energy Center,NY,5,OP,Db,Y,4-0122-00044/00021,2,2002,ST,0.0006, ,DP,NV,2005,SS,,,NC,,,ST,0.0073,NP,NV,2005,SR,LN,,NC,,,ST,0.011,PB,NV,2005,, ,,,,,,
14294,PSEG Power New York Inc,2539,Bethlehem Energy Center,NY,6,OP,Db,Y,4-0122-00044/00021,2,2002,ST,0.0006, ,DP,NV,2005,SS,,,NC,,,ST,0.0073,NP,NV,2005,SR,LN,,NC,,,ST,0.011,PB,NV,2005,, ,,,,,,
14294,PSEG Power New York Inc,2539,Bethlehem Energy Center,NY,7,OP,Db,Y,4-0122-00044/00021,2,2008,ST,0.0006, ,DP,NV,2005,SS,,,NC,,,ST,0.0073,NP,NV,2005,SR,LN,,NC,,,ST,0.011,PB,NV,2005,, ,,,,,,
14298,Odessa-Ector Power Partners LP,55215,Odessa Ector Generating Station,TX,HRSG1,OP,Da,Y,41008,7,2012,FD,2.4, ,DH,OH,2001,NC,,,NC,,,FD,60,NH,OH,2001,NC,,,NC,,,FD,18.3,PH,OH,2001,FD,2001,OT,,,OT,,
14298,Odessa-Ector Power Partners LP,55215,Odessa Ector Generating Station,TX,HRSG2,OP,Da,Y,41008,7,2012,FD,2.4, ,DH,OH,2001,NC,,,NC,,,FD,60,NH,OH,2001,NC,,,NC,,,FD,18.3,PH,OH,2001,FD,2001,OT,,,OT,,
14298,Odessa-Ector Power Partners LP,55215,Odessa Ector Generating Station,TX,HRSG3,OP,Da,Y,41008,7,2012,FD,2.4, ,DH,OH,2001,NC,,,NC,,,FD,60,NH,OH,2001,NC,,,NC,,,FD,18.3,PH,OH,2001,FD,2001,OT,,,OT,,
14298,Odessa-Ector Power Partners LP,55215,Odessa Ector Generating Station,TX,HRSG4,OP,Da,Y,41008,7,2012,FD,2.4, ,DH,OH,2001,NC,,,NC,,,FD,60,NH,OH,2001,NC,,,NC,,,FD,18.3,PH,OH,2001,FD,2001,OT,,,OT,,
14306,Eagle 2 US LLC,50489,PPG Powerhouse C,LA,C1,OP,N,,, , ,ST, , ,DM,OH,1977,,,,,,,, ,,, ,,,,,,,ST,0.6,PB,OH,1977,, ,,,,,,
14306,Eagle 2 US LLC,50489,PPG Powerhouse C,LA,C2,OP,N,,, , ,ST, , ,DM,OH,1979,,,,,,,, ,,, ,,,,,,,ST,0.6,PB,OH,1979,, ,,,,,,
14306,Eagle 2 US LLC,50489,PPG Powerhouse C,LA,C4,OP,,,, , ,, , ,,, ,,,,,,,, ,,, ,,,,,,,, ,,, ,, ,,,,,,
14306,Eagle 2 US LLC,50489,PPG Powerhouse C,LA,C5,OP,,,, , ,, , ,,, ,,,,,,,, ,,, ,,,,,,,, ,,, ,, ,,,,,,
14306,Eagle 2 US LLC,55117,RS Cogen,LA,R5,OP,Db,Y,PSD-LA-637(IIII),5,2002,, , ,,,2002,,,,,,,FD, ,NP,TH,2002,LN,SR,NC,LN,SR,NC,ST,20,OP,SM,2002,FD, ,,,,,,
14306,Eagle 2 US LLC,55117,RS Cogen,LA,R6,OP,Db,Y,PSD-LA-637(IIII),5,2002,, , ,,,2002,,,,,,,FD, ,NP,TH,2002,LN,SR,NC,LN,SR,,FD,20,OP,SM,2002,FD, ,,,,,,
14310,P H Glatfelter Co,50397,P H Glatfelter,PA,1PB035,OP,N,N,, , ,ST, , ,DP,MO,1971,SS,,,NC,,,ST, ,NP,MO,1995,LN,OV,,OT,,,ST,3.6,PB,NS,1971,FD,2017,,,,OT,,
14310,P H Glatfelter Co,50397,P H Glatfelter,PA,3PB033,SB,N,N,, , ,ST, , ,DP,MO,1971,SS,,,NC,,,ST, ,NM,YR,1995,OT,,,OT,,,ST,36,PB,NS,1971,FD,2017,,,,OT,,
14310,P H Glatfelter Co,50397,P H Glatfelter,PA,4PB034,OP,N,N,, , ,ST, , ,DP,MO,1971,SS,,,NC,,,ST, ,NP,MO,1994,LN,OV,,OT,,,ST,3.6,PB,NS,1971,FD,2017,,,,OT,,
14310,P H Glatfelter Co,50397,P H Glatfelter,PA,5PB036,OP,Db,Y,67-306-006A,4,1988,ST,0.05, ,DP,DA,1989,CF,SS,,NC,,,ST, ,NH,MO,1989,CF,SN,,NC,,,FD,0.05,PB,NS,1989,FD,2017,,,,DSI,,
14310,P H Glatfelter Co,50397,P H Glatfelter,PA,REC037,OP,Db,Y,67-315-008,8,1993,ST, , ,DC,DA,1994,NC,,,NC,,,ST, ,NM,MO,1994,OT,,,OT,,,ST,35.4,OP,NS,1994,, ,,,,,,
14328,Pacific Gas & Electric Co,6099,Diablo Canyon,CA,NSS1,OP,,,, , ,, , ,,, ,,,,,,,, ,,, ,,,,,,,, ,,, ,, ,,,,,,
14328,Pacific Gas & Electric Co,6099,Diablo Canyon,CA,NSS2,OP,,,, , ,, , ,,, ,,,,,,,, ,,, ,,,,,,,, ,,, ,, ,,,,,,
14328,Pacific Gas & Electric Co,56476,Gateway Generating Station,CA,HRSGA,OP,Db,N,, , ,FD,0.0028, ,DP,OH,2009,NC,,,NC,,,FD,0.0072,NP,OH,2009,LN,SR,,LN,SR,,FD,0.00584,PB,OH,2009,, ,,,,,,
14328,Pacific Gas & Electric Co,56476,Gateway Generating Station,CA,HRSGB,OP,Db,N,, , ,FD,0.0028, ,DP,OH,2009,NC,,,NC,,,FD,0.0072,NP,OH,2009,LN,SR,,LN,SR,,FD,0.00584,PB,OH,2009,, ,,,,,,
14328,Pacific Gas & Electric Co,56532,Colusa Generating Station,CA,HRSGA,OP,Db,N,, , ,FD,0.06, ,DP,OH,2010,NC,,,NC,,,ST,15.3,NH,OH,2010,LN,SR,,LN,SR,,FD,13.5,PH,OH,2010,, ,,,,,,
14328,Pacific Gas & Electric Co,56532,Colusa Generating Station,CA,HRSGB,OP,Db,N,, , ,FD,0.06, ,DP,OH,2010,NC,,,NC,,,ST,15.3,NH,OH,2010,LN,SR,,LN,SR,,FD,13.5,PH,OH,2010,, ,,,,,,
14354,PacifiCorp,3644,Carbon,UT,1,OP,N,N,, , ,ST, , ,SU,NV,1971,NC,,,NC,,,FD, ,NP,YR,1988,NC,,,NC,,,ST,40,OP,SM,1972,FD,2015,OT,,,OT,,
14354,PacifiCorp,3644,Carbon,UT,2,OP,N,N,, , ,ST, , ,SU,NV,1971,NC,,,NC,,,FD, ,NP,YR,1998,NC,,,NC,,,ST,40,OP,SM,1972,FD,2015,,,,,,
14354,PacifiCorp,3648,Gadsby,UT,1,OP,N,N,, , ,ST, , ,SU,NV,1971,NC,,,NC,,,ST, ,NM,DT,1993,NC,,,NC,,,ST,20,OP,SM,1980,FD,1993,,,,,,
14354,PacifiCorp,3648,Gadsby,UT,2,OP,N,N,, , ,ST, , ,SU,NV,1971,NC,,,NC,,,ST, ,NM,DT,1993,NC,,,NC,,,ST,40,OP,SM,1980,FD,1993,,,,,,
14354,PacifiCorp,3648,Gadsby,UT,3,OP,N,N,, , ,ST, , ,SU,NV,1971,NC,,,NC,,,ST, ,NH,DT,1993,NC,,,NC,,,ST,40,OP,SM,1980,FD,1993,,,,,,
14354,PacifiCorp,4158,Dave Johnston,WY,BW41,OP,N,N,, , ,ST, , ,DP,WO,1975,NC,,,NC,,,ST, ,NP,YR,1988,NC,,,NC,,,ST,0.27,PB,WO,1976,FD,2015,EK,,,ACI,DSI,EK
14354,PacifiCorp,4158,Dave Johnston,WY,BW42,OP,N,N,, , ,ST, , ,DP,WO,1975,NC,,,NC,,,ST, ,NP,YR,1988,NC,,,NC,,,ST,0.27,PB,WO,1976,FD,2015,EK,,,ACI,DSI,EK
14354,PacifiCorp,4158,Dave Johnston,WY,BW43,OP,N,N,, , ,ST, , ,DP,WO,1975,IF,,,IF,,,ST, ,NP,YR,1988,LN,,,LN,,,ST,0.23,PB,WO,1976,FD,2015,BR,,,ACI,ACI,BR
14354,PacifiCorp,4158,Dave Johnston,WY,BW44,OP,N,N,, , ,ST, , ,DP,WO,1975,IF,,,IF,,,ST, ,NP,YR,1988,LN,,,LN,,,ST,0.22,PB,WO,1972,FD,2015,BR,,,ACI,DSI,BR
14354,PacifiCorp,4162,Naughton,WY,1,OP,N,N,, , ,ST, , ,DP,WO,1975,IF,,,IF,,,FD, ,NP,YR,1988,NC,,,LN,SR,,ST,0.25,PB,PS,1974,FD,2015,EC,,,DSI,EC,
14354,PacifiCorp,4162,Naughton,WY,2,OP,N,N,, , ,ST, , ,DP,WO,1975,IF,,,IF,,,FD, ,NP,YR,1988,NC,,,LN,SR,,ST,0.24,PB,PS,1976,FD,2015,EC,,,DSI,EC,
14354,PacifiCorp,4162,Naughton,WY,3,OP,N,N,, , ,ST, , ,DP,WO,1981,IF,,,RP,,,FD, ,NP,YR,1988,LN,,,SR,,,ST,0.22,PB,PS,1971,FD,2015,EC,,,DSI,EC,
14354,PacifiCorp,6101,Wyodak,WY,BW91,OP,D,N,, , ,ST, , ,DP,TH,1986,IF,,,IF,,,ST, ,NP,YR,1988,LN,OV,,LN,OV,,ST,0.1,PB,PS,1978,FD,2015,BP,,,DSI,ACI,BP
14354,PacifiCorp,6165,Hunter,UT,1,OP,D,N,, , ,ST, , ,DP,TH,1978,IF,,,IF,,,ST, ,NP,YR,1988,LN,,,OV,LN,,ST,0.05,PB,PS,1978,ST,2014,EC,,,BP,,
14354,PacifiCorp,6165,Hunter,UT,2,OP,D,N,, , ,ST, , ,DP,TH,1980,IF,,,IF,,,ST, ,NP,YR,1988,LN,OV,,LN,OV,,ST,0.05,PB,PS,1980,ST,2012,BP,,,BP,,
14354,PacifiCorp,6165,Hunter,UT,3,OP,Da,N,, , ,ST, , ,DP,MO,1983,IF,,,IF,,,ST, ,NP,YR,1988,OV,LN,,OV,LN,,ST,0.02,PB,PS,1983,ST,2012,BR,,,BR,,
14354,PacifiCorp,8066,Jim Bridger,WY,BW71,OP,N,N,, , ,ST, , ,DP,WO,1990,IF,,,IF,,,ST, ,NP,YR,1998,LN,,,LN,,,ST,0.1,PB,WO,1974,FD,2015,EC,,,ACI,DSI,EC
14354,PacifiCorp,8066,Jim Bridger,WY,BW72,OP,N,N,, , ,ST, , ,DP,WO,1986,IF,,,IF,,,ST, ,NP,YR,1988,LN,,,LN,,,ST,0.1,PB,WO,1975,FD,2015,EC,,,ACI,DSI,EC
14354,PacifiCorp,8066,Jim Bridger,WY,BW73,OP,N,N,, , ,ST, , ,DP,WO,1988,IF,,,IF,,,ST, ,NP,YR,1988,LN,,,LN,SR,,ST,0.1,PB,WO,1976,FD,2015,EC,,,ACI,DSI,EC
14354,PacifiCorp,8066,Jim Bridger,WY,BW74,OP,D,N,, , ,ST, , ,DP,WO,1979,IF,,,IF,,,ST, ,NP,TH,1979,LN,,,LN,SR,,ST,0.1,PB,WO,1979,FD,2015,EC,,,ACI,DSI,EC
14354,PacifiCorp,8069,Huntington,UT,1,OP,D,N,, , ,ST, , ,DP,TH,1977,IF,,,IF,,,FD, ,NP,YR,1988,NC,,,LN,OV,,ST,0.1,PB,PS,1977,ST,2012,BP,,,BP,,
14354,PacifiCorp,8069,Huntington,UT,2,OP,N,N,, , ,ST, , ,SU,NV,1974,IF,,,IF,,,FD, ,NP,YR,1988,LN,,,LN,OV,,ST,40,OP,SM,1974,ST,2012,BP,,,BP,,
14354,PacifiCorp,55662,Chehalis Generating Facility,WA,ST1,OP,,,, , ,, , ,,, ,,,,,,,, ,,, ,,,,,,,, ,,, ,, ,,,,,,
14354,PacifiCorp,56102,Currant Creek,UT,HRSG1A,OP,Db,N,, , ,, , ,,, ,,,,,,,ST, ,NM,TH,2006,SR,,,SR,,,ST,0.066,PB,DA,2006,, ,,,,,,
14354,PacifiCorp,56102,Currant Creek,UT,HRSG1B,OP,Db,N,, , ,, , ,,, ,,,,,,,ST, ,NM,TH,2006,SR,,,SR,,,ST,0.066,PB,DA,2006,, ,,,,,,
14354,PacifiCorp,56237,Lake Side Power Plant,UT,HRSG01,OP,Db,N,, , ,, , ,,, ,,,,,,,ST, ,NM,TH,2007,SR,,,SR,,,ST,10.8,PB,DA,2007,, ,,,,,,
14354,PacifiCorp,56237,Lake Side Power Plant,UT,HRSG02,OP,Db,N,, , ,, , ,,, ,,,,,,,ST, ,NM,TH,2007,SR,,,SR,,,ST,10.8,PB,DA,2007,, ,,,,,,
14354,PacifiCorp,56237,Lake Side Power Plant,UT,HRSG21,PL,Db,N,, , ,, , ,,, ,,,,,,,, ,,,2014,,,,,,,, ,,,2014,, ,,,,,,
14354,PacifiCorp,56237,Lake Side Power Plant,UT,HRSG22,PL,Db,N,, , ,, , ,,, ,,,,,,,, ,,,2014,,,,,,,, ,,,2014,, ,,,,,,
14354,PacifiCorp,58393,,,HRSG21,PL,Db,N,, , ,, , ,,, ,,,,,,,, ,,,2014,,,,,,,, ,,,2014,, ,,,,,,
14354,PacifiCorp,58393,,,HRSG22,PL,Db,N,, , ,, , ,,, ,,,,,,,, ,,,2014,,,,,,,, ,,,2014,, ,,,,,,
14362,Packaging Corp of America,50296,Packaging Corp of America,TN,C1,OP,,,, , ,, , ,,, ,,,,,,,ST,145.6,NH,OH, ,,,,,,,, ,,, ,ST, ,,,,,,
14362,Packaging Corp of America,50296,Packaging Corp of America,TN,C2,OP,,,, , ,, , ,,, ,,,,,,,FD,839.2,NL,YR,2010,SN,,,SN,,,, ,,, ,FD,2010,ND,,,ND,,
14362,Packaging Corp of America,50296,Packaging Corp of America,TN,R1,OP,,,, , ,, , ,,, ,,,,,,,ST,85,NM,OH, ,,,,,,,, ,,, ,ST, ,,,,,,
14362,Packaging Corp of America,50296,Packaging Corp of America,TN,R2,OP,,,, , ,, , ,,, ,,,,,,,ST,85,NM,OH, ,,,,,,,, ,,, ,ST, ,,,,,,
14362,Packaging Corp of America,50296,Packaging Corp of America,TN,R3,OP,,,, , ,, , ,,, ,,,,,,,ST,110,NM,OH, ,,,,,,,, ,,, ,ST, ,,,,,,
14369,Packaging Corp of America,50476,Packaging of America Tomahawk Mill,WI,B10,OP,N,,, , ,, , ,,, ,,,,,,,, ,,, ,,,,,,,, ,,, ,, ,,,,,,
14369,Packaging Corp of America,50476,Packaging of America Tomahawk Mill,WI,B11,OP,N,,, , ,, , ,,, ,,,,,,,ST,0.1,NP,MO,1995,FR,LN,,FR,LN,,, ,,, ,, ,,,,,,
14369,Packaging Corp of America,50476,Packaging of America Tomahawk Mill,WI,B5,OP,N,,, , ,, , ,,, ,,,,,,,ST,0.605,NP,,1990,,,,,,,, ,,, ,, ,,,,,,
14369,Packaging Corp of America,50476,Packaging of America Tomahawk Mill,WI,B7,OP,N,,, , ,, , ,,, ,,,,,,,, ,,, ,,,,,,,, ,,, ,, ,,,,,,
14369,Packaging Corp of America,50476,Packaging of America Tomahawk Mill,WI,B8,OP,N,,, , ,, , ,,, ,,,,,,,, ,,, ,,,,,,,, ,,, ,, ,,,,,,
14369,Packaging Corp of America,50476,Packaging of America Tomahawk Mill,WI,B9,OP,N,,, , ,, , ,,, ,,,,,,,ST,5.3375,OT,YR,2004,LN,,,LN,,,, ,,, ,, ,,,,,,
14372,Pacific Klamath Energy Inc,55103,Klamath Cogeneration Plant,OR,HRSG1,OP,Db,N,, , ,FD,10, ,OT,NV,2001,NC,,,NC,,,ST,4.5,NM,OT,2001,SR,LN,,NC,,,FD,0.1,PC,NV,2001,, ,,,,,,
14372,Pacific Klamath Energy Inc,55103,Klamath Cogeneration Plant,OR,HRSG2,OP,Db,N,, , ,FD,10, ,OT,NV,2001,NC,,,NC,,,ST,4.5,NM,OT,2001,SR,LN,,NC,,,FD,0.1,PC,NV,2001,, ,,,,,,
14381,City of Painesville,2936,Painesville,OH,3,SB,,,, , ,FD, , ,,, ,,,,,,,, ,,, ,,,,,,,FD, ,,, ,, ,,,,,,
14381,City of Painesville,2936,Painesville,OH,4,OP,,,, , ,, , ,,, ,,,,,,,, ,,, ,,,,,,,, ,,, ,, ,,,,,,
14381,City of Painesville,2936,Painesville,OH,5,OP,,,, , ,, , ,,, ,,,,,,,, ,,, ,,,,,,,, ,,, ,, ,,,,,,
14412,Gila River Power Station LP,55306,Gila River Power Station,AZ,3 A,OP,Da,Y,V99-018,7,2008,LO,2.8, ,DH,TH,2003,NC,,,NC,,,LO,2.5,NM,TH,2003,LN,NH3,NC,LN,NH3,NC,LO,9.5,PH,OH,2003,, ,,,,,,
14412,Gila River Power Station LP,55306,Gila River Power Station,AZ,3 B,OP,Da,Y,V99-018,7,2008,LO,2.8, ,DH,TH,2003,NC,,,NC,,,LO,2.5,NM,TH,2003,LN,NH3,NC,LN,NH3,NC,LO,9.5,PH,OH,2003,, ,,,,,,
14412,Gila River Power Station LP,55306,Gila River Power Station,AZ,4 A,OP,Da,Y,V99-018,7,2008,LO,2.8, ,DH,TH,2003,NC,,,NC,,,LO,2.5,NM,TH,2003,LN,NH3,NC,LN,NH3,NC,LO,9.5,PH,OH,2003,, ,,,,,,
14412,Gila River Power Station LP,55306,Gila River Power Station,AZ,4 B,OP,Da,Y,V99-018,7,2008,LO,2.8, ,DH,TH,2003,NC,,,NC,,,LO,2.5,NM,TH,2003,LN,NH3,NC,LN,NH3,NC,LO,9.5,PH,OH,2003,, ,,,,,,
14432,"Panther Creek Power Operating, LLC",50776,Panther Creek Energy Facility,PA,BLR1,OP,N,,, , ,, , ,,, ,,,,,,,ST,0.15,NP,OH,1992,CF,FR,NH3,CF,FR,NH3,, ,,, ,FD,2015,BP,,,BP,,
14432,"Panther Creek Power Operating, LLC",50776,Panther Creek Energy Facility,PA,BLR2,OP,N,,, , ,, , ,,, ,,,,,,,ST,0.15,NP,OH,1992,CF,FR,NH3,CF,FR,NH3,, ,,, ,FD,2015,BP,,,BP,,
14465,Park 500 Philip Morris USA,50275,Park 500 Philip Morris USA,VA,2,RE,N,,, , ,, , ,,, ,,,,,,,ST,0.7,NP,PS,2004,OV,,,,,,ST, ,,, ,ST,2004,EK,,,,,
14465,Park 500 Philip Morris USA,50275,Park 500 Philip Morris USA,VA,3,OP,N,,, , ,, , ,,, ,,,,,,,ST,0.7,NP,PS,2004,OV,,,OV,,,, ,,, ,ST,2004,EK,,,OT,,
14519,Pasco County,50666,Pasco Cnty Solid Waste Resource Recovery,FL,B1,OP,,,, , ,, , ,,, ,,,,,,,FD,205,NM,DA,2000,SN,,,SN,,,FD,25,OT,, ,FD,1994,ACI,,,ACI,,
14519,Pasco County,50666,Pasco Cnty Solid Waste Resource Recovery,FL,B2,OP,,,, , ,, , ,,, ,,,,,,,FD,205,NM,DA,2000,SN,,,SN,,,FD,25,OT,, ,FD,1994,ACI,,,,,
14519,Pasco County,50666,Pasco Cnty Solid Waste Resource Recovery,FL,B3,OP,,,, , ,, , ,,, ,,,,,,,FD,205,NM,DA,2000,SN,,,SN,,,FD,25,OT,, ,FD,1994,ACI,,,,,
14534,City of Pasadena - (CA),420,Broadway (CA),CA,B3,OP,N,,, , ,LO, , ,DM,NV,1977,,,,,,,LO,10,NM,OH,1993,SR,,,SR,,,LO,0.1,PC,NV,1977,, ,,,,,,
14584,Pawtucket Power Associates LP,54056,Pawtucket Power Associates,RI,HRSG,OP,,,, , ,, , ,,, ,,,,,,,, ,,, ,,,,,,,, ,,, ,, ,,,,,,
14597,Algonquin Northern Maine,1513,Caribou Generation Station,ME,1,SC,N,,, , ,, , ,,, ,,,,,,,, ,,, ,,,,,,,, ,,, ,, ,,,,,,
14597,Algonquin Northern Maine,1513,Caribou Generation Station,ME,2,SC,N,,, , ,, , ,,, ,,,,,,,, ,,, ,,,,,,,, ,,, ,, ,,,,,,
14610,Orlando Utilities Comm,564,Stanton Energy Center,FL,1,OP,Da,N,, , ,FD,1.14,1,DP,TH,1987,OT,,,NC,,,FD,0.46,NP,YR,1987,LN,OV,,SR,,,FD,0.03,PB,NV,1987,FD,2015,DSI,,,ACI,,
14610,Orlando Utilities Comm,564,Stanton Energy Center,FL,2,OP,Da,N,, , ,FD,0.25, ,DP,YR,1996,OT,,,NC,,,FD,0.17,NP,MO,1996,SR,LN,OV,NC,,,FD,0.02,PB,NV,1996,FD,2015,OT,,,OT,,
14610,Orlando Utilities Comm,564,Stanton Energy Center,FL,B,OP,Db,Y,PSD-FL-373A,5,2008,ST,2, ,OT,NV,2009,,,,,,,ST,2,NM,NV,2009,SR,,,SR,,,ST,10,OP,SM,2009,, ,,,,,,
14610,Orlando Utilities Comm,55318,Indian River,FL,1,OS,N,N,, , ,, , ,DP,NV,1972,NC,,,NC,,,, ,,, ,,,,,,,,0.1,PB,TH,1972,, ,,,,,,
14610,Orlando Utilities Comm,55318,Indian River,FL,2,OS,N,N,, , ,ST, , ,DP,NV,1972,NC,,,NC,,,, ,,, ,,,,,,,ST,0.1,PB,TH,1972,, ,,,,,,
14610,Orlando Utilities Comm,55318,Indian River,FL,3,OS,N,N,, , ,ST, , ,DP,NV,1974,NC,,,NC,,,, ,,, ,,,,,,,ST,0.1,PB,TH,1974,, ,,,,,,
14839,City of Peru - (IN),1037,Peru (IN),IN,2,OP,N,,, , ,, , ,,, ,,,,,,,, ,,, ,,,,,,,, ,,, ,, ,,,,,,
14839,City of Peru - (IN),1037,Peru (IN),IN,5,OP,N,,, , ,, , ,,, ,,,,,,,, ,,, ,,,,,,,, ,,, ,, ,,,,,,
14928,Pfizer Inc,54236,Pfizer Groton Plant,CT,BLR1,OP,N,,, , ,, , ,,, ,,,,,,,, ,,, ,,,,,,,, ,,, ,, ,,,,,,
14928,Pfizer Inc,54236,Pfizer Groton Plant,CT,BLR2,OP,N,,, , ,, , ,,, ,,,,,,,, ,,, ,,,,,,,, ,,, ,, ,,,,,,
14928,Pfizer Inc,54236,Pfizer Groton Plant,CT,BLR3,OP,N,,, , ,, , ,,, ,,,,,,,, ,,, ,,,,,,,, ,,, ,, ,,,,,,
14928,Pfizer Inc,54236,Pfizer Groton Plant,CT,BLR4,RE,N,,, , ,, , ,,, ,,,,,,,, ,,, ,,,,,,,, ,,, ,, ,,,,,,
14928,Pfizer Inc,54236,Pfizer Groton Plant,CT,BLR5,RE,N,,, , ,, , ,,, ,,,,,,,, ,,, ,,,,,,,, ,,, ,, ,,,,,,
14928,Pfizer Inc,54236,Pfizer Groton Plant,CT,BLR8,RE,N,,, , ,, , ,,, ,,,,,,,, ,,, ,,,,,,,, ,,, ,, ,,,,,,
14928,Pfizer Inc,54236,Pfizer Groton Plant,CT,HRSG1,OP,N,,, , ,, , ,,, ,,,,,,,, ,,, ,SR,,,NC,,,, ,,, ,, ,,,,,,
14932,US Operating Services Company,10043,Logan Generating Company LP,NJ,B01,OP,Db,Y,01-94-2523,2,1997,FD,0.16,1,DM,TH,1994,NC,,,NC,,,FD,0.15,NM,TH,1994,LN,OV,SR,LN,OV,SR,ST,0.018,PB,PS,1994,ST,1994,BR,SD,,BR,SD,
14932,US Operating Services Company,10566,Chambers Cogeneration LP,NJ,BOIL1,OP,Db,Y,65119,12,1998,ST,0.15,1,DP,MO,1994,NC,,,NC,,,ST,90,NM,TH,1994,LN,OV,SR,LN,OV,SR,ST,0.018,PB,PS,1994,ST,1994,BR,SD,,BR,SD,
14932,US Operating Services Company,10566,Chambers Cogeneration LP,NJ,BOIL2,OP,Db,Y,65119,12,1998,ST,0.15,1,DP,MO,1994,NC,,,NC,,,ST,90,NM,TH,1994,LN,OV,SR,LN,OV,SR,ST,0.018,PB,PS,1994,ST,1994,BR,,,BR,,
14932,US Operating Services Company,50974,Scrubgrass Generating Company LP,PA,UNIT 1,OP,Da,,, , ,, , ,,, ,,,,,,,FD,0.19,NP,MO,1993,SN,,,SN,,,, ,,, ,FD,1993,BP,,,BP,,
14932,US Operating Services Company,50974,Scrubgrass Generating Company LP,PA,UNIT 2,OP,Da,,, , ,, , ,,, ,,,,,,,FD,0.22,NP,MO,1993,SN,,,SN,,,, ,,, ,FD,1993,BP,,,BP,,
14932,US Operating Services Company,50976,Indiantown Cogeneration LP,FL,AAB01,OP,Db,Y,PSD-FL-168,3,1992,ST,0.17,1,DP,DA,1995,NC,,,NC,,,ST,0.17,NH,DA,1995,LN,,SR,LN,,SR,ST,10,OP,SM,1995,ST,1995,BR,,,BR,,
14952,ConocoPhillips,50388,Phillips 66 Carbon Plant,CA,K1,OP,N,,, , ,, , ,,, ,,,,,,,, ,,, ,,,,,,,, ,,, ,, ,,,,,,
14952,ConocoPhillips,50388,Phillips 66 Carbon Plant,CA,K2,OP,N,,, , ,, , ,,, ,,,,,,,, ,,, ,,,,,,,, ,,, ,, ,,,,,,
14995,Pinetree Power Fitchburg Inc,54620,Pinetree Power Fitchburg,MA,B1,OP,N,,, , ,, , ,,, ,,,,,,,ST,0.075,NP,ND,2013,NH3,SN,SR,NH3,SN,SR,ST,0.016,PB,, ,, ,,,,,,
15064,Pinetree Power Inc,50208,Pinetree Power,NH,B1,OP,N,,, , ,, , ,,, ,,,,,,,, ,,, ,,,,,,,, ,,, ,, ,,,,,,
15085,Pinetree Power Tamworth Inc,50739,Pinetree Power Tamworth,NH,0100,OP,N,,, , ,, , ,,, ,,,,,,,, ,,, ,,,,,,,, ,,, ,, ,,,,,,
15143,Platte River Power Authority,6761,Rawhide,CO,101,OP,Da,N,, , ,ST,0.19,1,DP,TH,1984,IF,NC,OT,NC,OT,,ST,0.145,NP,MO,2006,LN,AA,OT,LN,AA,MS,FD,0.03,PB,SM,1984,ST,2012,ACI,BR,,ACI,BR,
15147,PSEG Fossil LLC,2398,Bergen Generating Station,NJ,1101,OP,Db,,, , ,ST,0.0006, ,DP,NV,1995,NC,,,NC,,,ST,0.045,NP,NV,1995,LN,H20,,NC,,,ST,0.005,PB,NV,1995,, ,,,,,,
15147,PSEG Fossil LLC,2398,Bergen Generating Station,NJ,1201,OP,Db,,, , ,ST,0.0006, ,DP,NV,1995,NC,,,NC,,,ST,0.045,NP,NV,1995,LN,H20,,NC,,,ST,0.005,PB,NV,1995,, ,,,,,,
15147,PSEG Fossil LLC,2398,Bergen Generating Station,NJ,1301,OP,Db,,, , ,ST,0.0006, ,DP,NV,1995,NC,,,NC,,,ST,0.045,NP,NV,1995,LN,H20,,NC,,,ST,0.005,PB,NV,1995,, ,,,,,,
15147,PSEG Fossil LLC,2398,Bergen Generating Station,NJ,1401,OP,Db,,, , ,ST,0.0006, ,DP,NV,1995,NC,,,NC,,,ST,0.045,NP,NV,1995,LN,H20,,NC,,,ST,0.005,PB,NV,1995,, ,,,,,,
15147,PSEG Fossil LLC,2398,Bergen Generating Station,NJ,2101,OP,Db,Y,BOP 070001,10,2007,ST,0.0006, ,DP,NV,2002,NC,,,NC,,,ST,0.0093,NP,NV,2002,SR,LN,,NC,,,ST,0.0066,PB,NV,2002,, ,,,,,,
15147,PSEG Fossil LLC,2398,Bergen Generating Station,NJ,2201,OP,Db,Y,BOP 070001,10,2007,ST,0.0006, ,DP,NV,2002,NC,,,NC,,,ST,0.0093,NP,NV,2002,SR,LN,,NC,,,ST,0.0066,PB,NV,2002,, ,,,,,,
15147,PSEG Fossil LLC,2403,PSEG Hudson Generating Station,NJ,1,RE,N,N,, , ,ST, , ,DP,NV,1970,,,,,,,ST, ,NP,OT,1995,,,,,,,ST, ,PB,NV,1970,, ,,,,,,
15147,PSEG Fossil LLC,2403,PSEG Hudson Generating Station,NJ,2,OP,N,N,, , ,ST,0.15, ,DP,OT,1972,IF,,,NC,,,ST,0.1,NP,OT,1995,LN,SR,,NC,,,ST,0.1,PB,NV,1972,ST,2010,ACI,BP,SD,,,
15147,PSEG Fossil LLC,2406,PSEG Linden Generating Station,NJ,11,OP,Db,Y,BOP 080001,3,2009,ST,0.0012, ,DP,NV,2006,NC,,,NC,,,ST,0.0086,NP,NV,2006,SR,LN,,NC,,,ST,0.0066,PB,NV,2006,, ,,,,,,
15147,PSEG Fossil LLC,2406,PSEG Linden Generating Station,NJ,12,OP,Db,Y,BOP 080001,3,2009,ST,0.0012, ,DP,NV,2006,NC,,,NC,,,ST,0.0086,NP,NV,2006,SR,LN,,NC,,,ST,0.0066,PB,NV,2006,, ,,,,,,
15147,PSEG Fossil LLC,2406,PSEG Linden Generating Station,NJ,21,OP,Db,Y,BOP 080001,3,2009,ST,0.0012, ,DP,NV,2006,NC,,,NC,,,ST,0.0086,NP,NV,2006,SR,LN,,NC,,,ST,0.0066,PB,NV,2006,, ,,,,,,
15147,PSEG Fossil LLC,2406,PSEG Linden Generating Station,NJ,22,OP,Db,Y,BOP 080001,3,2009,ST,0.0012, ,DP,NV,2006,NC,,,NC,,,ST,0.0086,NP,NV,2006,SR,LN,,NC,,,ST,0.0066,PB,NV,2006,, ,,,,,,
15147,PSEG Fossil LLC,2408,PSEG Mercer Generating Station,NJ,1,OP,N,N,, , ,ST,0.15, ,DP,OT,1972,IF,,,NC,,,ST,0.1,NP,OT,1995,SR,,,NC,,,ST,0.015,PB,NV,1994,ST,2008,ACI,BP,SD,,,
15147,PSEG Fossil LLC,2408,PSEG Mercer Generating Station,NJ,2,OP,N,N,, , ,ST,0.15, ,DP,OT,1972,IF,,,NC,,,ST,0.1,NP,OT,1995,SR,,,NC,,,ST,0.015,PB,NV,1992,ST,2008,ACI,BP,SD,,,
15147,PSEG Fossil LLC,2411,PSEG Sewaren Generating Station,NJ,1,OP,N,N,, , ,ST,0.0017, ,DP,NV,1968,NC,,,NC,,,ST,0.2,NP,OT,1995,NC,,,NC,,,ST,0.1,PB,NV,1968,, ,,,,,,
15147,PSEG Fossil LLC,2411,PSEG Sewaren Generating Station,NJ,2,OP,N,N,, , ,ST,0.0017, ,DP,NV,1968,NC,,,NC,,,ST,0.2,NP,OT,1995,NC,,,NC,,,ST,0.1,PB,NV,1968,, ,,,,,,
15147,PSEG Fossil LLC,2411,PSEG Sewaren Generating Station,NJ,3,OP,N,N,, , ,ST,0.0017, ,DP,NV,1968,NC,,,NC,,,ST,0.2,NP,OT,1995,NC,,,NC,,,ST,0.1,PB,NV,1968,, ,,,,,,
15147,PSEG Fossil LLC,2411,PSEG Sewaren Generating Station,NJ,4,OP,N,N,, , ,ST,0.0017, ,DP,NV,1968,NC,,,NC,,,ST,0.2,NP,OT,1995,NC,,,NC,,,ST,0.1,PB,NV,1968,, ,,,,,,
15248,Portland General Electric Co,6106,Boardman,OR,1SG,OP,D,N,, , ,ST,0.8, ,DP,TH,1980,NC,,,IF,,,ST,0.26,NP,TH,1980,LN,OV,,NC,,,ST,0.04,PB,TH,1980,ST,2013,EK,ACI,,EK,ACI,
15248,Portland General Electric Co,7350,Coyote Springs,OR,SG01,OP,N,,, , ,, , ,,, ,,,,,,,FD,4.5,NM,DA,1995,LN,NH3,SR,NC,,,ST,0.1,PC,NV,1995,, ,,,,,,
15248,Portland General Electric Co,8073,Beaver,OR,1,OP,N,,, , ,, , ,,, ,,,,,,,, ,,, ,,,,,,,, ,,, ,, ,,,,,,
15248,Portland General Electric Co,8073,Beaver,OR,2,OP,N,,, , ,, , ,,, ,,,,,,,, ,,, ,,,,,,,, ,,, ,, ,,,,,,
15248,Portland General Electric Co,8073,Beaver,OR,3,OP,N,,, , ,, , ,,, ,,,,,,,, ,,, ,,,,,,,, ,,, ,, ,,,,,,
15248,Portland General Electric Co,8073,Beaver,OR,4,OP,N,,, , ,, , ,,, ,,,,,,,, ,,, ,,,,,,,, ,,, ,, ,,,,,,
15248,Portland General Electric Co,8073,Beaver,OR,5,OP,N,,, , ,, , ,,, ,,,,,,,, ,,, ,,,,,,,, ,,, ,, ,,,,,,
15248,Portland General Electric Co,8073,Beaver,OR,6,OP,N,,, , ,, , ,,, ,,,,,,,, ,,, ,,,,,,,, ,,, ,, ,,,,,,
15248,Portland General Electric Co,56227,Port Westward,OR,HRSG01,OP,Db,N,, , ,ST,36, ,OT,YR,2007,NC,,,NC,,,FD,2.5,NM,TH,2007,NC,SR,,NC,SR,,ST,0.1,PC,NV,2007,, ,,,,,,
15253,Power City Partners LP,54592,Massena Energy Facility,NY,HRSG1,OP,Db,,, , ,, , ,,, ,,,,,,,ST,9,NM,,1992,NH3,,,NC,,,, ,,, ,, ,,,,,,
15262,Potlatch Land and Lumber LLC,50640,Warren Lumber Mill,AR,BLR1,OP,N,,, , ,, , ,,, ,,,,,,,ST,50.4,NH,OT,1991,FR,H20,OV,NC,,,ST,71.5,PH,, ,ST,1991,EW,,,EW,,
15276,PPL Martins Creek LLC,3148,PPL Martins Creek,PA,1,RE,N,N,, , ,ST, , ,DP,OT,1979,,,,,,,ST, ,NP,MO,1995,,,,,,,ST,1,PB,NV,1972,, ,,,,,,
15276,PPL Martins Creek LLC,3148,PPL Martins Creek,PA,2,RE,N,N,, , ,ST, , ,DP,OT,1979,,,,,,,ST, ,NP,MO,1995,,,,,,,ST,0.1,PB,NV,1972,, ,,,,,,
15276,PPL Martins Creek LLC,3148,PPL Martins Creek,PA,3,OP,N,N,, , ,ST,1.11, ,SU,NV,1975,NC,,,SS,,,ST,0.45,NP,MO,1995,OT,MS,,NC,,,ST,0.1,PB,NV,1975,, ,,,,,,
15276,PPL Martins Creek LLC,3148,PPL Martins Creek,PA,4,OP,N,N,, , ,ST,1.11, ,SU,NV,1977,NC,,,SS,,,ST,0.45,NP,MO,1995,OT,MS,,NC,,,ST,0.1,PB,NV,1977,, ,,,,,,
15296,New York Power Authority,56196,500MW CC,NY,7A,OP,,,, , ,, , ,,, ,,,,,,,, ,,, ,,,,,,,, ,,, ,, ,,,,,,
15296,New York Power Authority,56196,500MW CC,NY,7B,OP,,,, , ,, , ,,, ,,,,,,,, ,,, ,,,,,,,, ,,, ,, ,,,,,,
15298,PPL Montana LLC,2187,J E Corette Plant,MT,2,OP,N,N,, , ,FD,0.57,0,DP,MO,2013,NC,,,NC,,,FD,0.35,NP,YR,2013,NC,,,NC,,,FD,0.25,PB,OT,1986,ST,2010,ACI,,,ACI,,
15298,PPL Montana LLC,6076,Colstrip,MT,1,OP,D,N,, , ,FD,1.2,0,DP,TH,1976,NC,,,NC,,,FD,0.4,NP,TH,1976,NC,,,NC,,,FD,0.1,PB,OT,1976,ST,2010,ACI,,,ACI,,
15298,PPL Montana LLC,6076,Colstrip,MT,2,OP,D,N,, , ,FD,1.2,0,DP,TH,1976,NC,,,NC,,,FD,0.4,NP,TH,1976,NC,,,NC,,,FD,0.1,PB,OT,1976,ST,2010,ACI,,,ACI,,
15298,PPL Montana LLC,6076,Colstrip,MT,3,OP,D,Y,PSD,9,1979,FD,761,0,DH,MO,1984,NC,,,NC,,,FD,0.18,NP,MO,2008,NC,,,NC,,,FD,0.05,PB,OT,1984,ST,2010,ACI,,,ACI,,
15298,PPL Montana LLC,6076,Colstrip,MT,4,OP,D,Y,PSD,9,1979,FD,761,0,DH,MO,1986,NC,,,NC,,,FD,0.18,NP,YR,2008,NC,,,NC,,,FD,0.05,PB,OT,1986,ST,2010,ACI,,,ACI,,
15300,Power Resources Ltd,52176,C R Wing Cogen Plant,TX,HRSG1,OP,Db,,, , ,, , ,,, ,,,,,,,ST,51,NM,OH,1987,STM,,,NC,,,, ,,, ,ST,1987,,,,,,
15300,Power Resources Ltd,52176,C R Wing Cogen Plant,TX,HRSG2,OP,Db,,, , ,, , ,,, ,,,,,,,ST,51,NM,OH,1987,STM,,,NC,,,, ,,, ,ST,1987,,,,,,
15321,City of Pratt- (KS),1317,Pratt,KS,4,RE,N,,, , ,, , ,,, ,,,,,,,, ,,, ,,,,,,,, ,,, ,, ,,,,,,
15321,City of Pratt- (KS),1317,Pratt,KS,5,OP,N,,, , ,, , ,,, ,,,,,,,, ,,, ,,,,,,,, ,,, ,, ,,,,,,
15330,Prairie State Generating Co LLC,55856,Prairie State Generating Station,IL,PC1,OP,Da,Y,1100065,11,2011,FD,0.182,1,DP,OT,2014,IF,,,NC,,,FD,0.07,NP,OT,2014,LN,SR,,NC,,,FD,0.015,PB,TH,2014,FD,2015,DSI,EC,SP,DSI,EC,SP
15330,Prairie State Generating Co LLC,55856,Prairie State Generating Station,IL,PC2,OP,Da,Y,1100065,11,2011,FD,0.128,1,DP,OT,2014,IF,,,NC,,,FD,0.07,NP,OT,2014,LN,SR,,NC,,,FD,0.015,PB,TH,2014,FD,2015,DSI,EC,SP,DSI,EC,SP
15399,Iberdrola Renewables Inc,57398,Lakeview Cogeneration LLC,OR,BOILER,CO,,Y,, , ,, , ,,, ,,,,,,,, ,,, ,,,,,,,, ,,, ,, ,,,,,,
15400,Procter & Gamble Co,50456,Procter & Gamble Cincinnati Plant,OH,4,OP,N,,, , ,, , ,,, ,,,,,,,, ,,, ,,,,,,,, ,,, ,, ,,,,,,
15400,Procter & Gamble Co,50456,Procter & Gamble Cincinnati Plant,OH,PB1,OP,N,,, , ,, , ,,, ,,,,,,,, ,,, ,,,,,,,, ,,, ,, ,,,,,,
15400,Procter & Gamble Co,50456,Procter & Gamble Cincinnati Plant,OH,PB2,OP,,,, , ,, , ,,, ,,,,,,,, ,,, ,,,,,,,, ,,, ,, ,,,,,,
15430,Detroit Renewable Power,10033,Greater Detroit Resource Recovery,MI,11,OP,,,, , ,, , ,,, ,,,,,,,, ,,, ,,,,,,,, ,,, ,, ,,,,,,
15430,Detroit Renewable Power,10033,Greater Detroit Resource Recovery,MI,12,OP,,,, , ,, , ,,, ,,,,,,,, ,,, ,,,,,,,, ,,, ,, ,,,,,,
15430,Detroit Renewable Power,10033,Greater Detroit Resource Recovery,MI,13,OP,,,, , ,, , ,,, ,,,,,,,, ,,, ,,,,,,,, ,,, ,, ,,,,,,
15452,PSEG Power Connecticut LLC,568,Bridgeport Station,CT,BHB2,OS,N,N,, , ,ST, , ,DP,OT,2004,,,,,,,ST, ,NP,OT,2004,,,,,,,ST,0.14,PB,NV,1961,, ,,,,,,
15452,PSEG Power Connecticut LLC,568,Bridgeport Station,CT,BHB3,OP,N,N,, , ,ST,0.33, ,DP,OT,2004,SS,,,NC,,,ST,0.38,NP,OT,2004,LN,,,NC,,,ST,0.1,PB,NV,1968,ST,2008,ACI,BP,,,,
15452,PSEG Power Connecticut LLC,6156,New Haven Harbor,CT,NHB1,OP,N,N,, , ,ST,0.55, ,DP,NV,2004,SS,,,NC,,,ST,0.25,NP,NV,1975,LN,,,NC,,,ST,0.14,PB,NV,1975,, ,,,,,,
15466,Public Service Co of Colorado,465,Arapahoe,CO,3,RE,N,N,, , ,ST,1.1, ,DP,TH,1994,NC,,,NC,,,FD,0.8,NP,YR,2000,NC,,,NC,,,ST,0.1,PB,DT,1982,ST,2009,BR,,,BR,,
15466,Public Service Co of Colorado,465,Arapahoe,CO,4,RE,N,N,, , ,ST,0.88, ,DP,MO,2002,NC,,,NC,,,ST,0.6,NP,MO,2000,NC,,,NC,,,ST,0.1,PB,DT,1982,ST,2009,BR,,,BR,,
15466,Public Service Co of Colorado,469,Cherokee,CO,1,RE,N,N,, , ,ST, , ,DP,MO,2002,,,,,,,ST, ,NP,MO,2000,,,,,,,ST,0.1,PB,DT,1982,, ,,,,,,
15466,Public Service Co of Colorado,469,Cherokee,CO,2,RE,N,N,, , ,ST, , ,DP,TH,1994,,,,,,,FD, ,NP,YR,2000,NC,,,NC,,,ST,0.1,PB,DT,1982,, ,,,,,,
15466,Public Service Co of Colorado,469,Cherokee,CO,3,OP,N,N,, , ,ST,1.1, ,DP,TH,1994,NC,,,NC,,,ST,0.6,NP,MO,1997,NC,,,NC,,,ST,0.1,PB,DT,1982,ST,2009,BR,,,BR,,
15466,Public Service Co of Colorado,469,Cherokee,CO,4,OP,N,N,, , ,ST,0.88, ,DP,MO,2002,NC,,,NC,,,ST,0.45,NP,MO,1994,NC,,,NC,,,ST,0.1,PB,DT,1982,ST,2009,BR,,,BR,,
15466,Public Service Co of Colorado,469,Cherokee,CO,HRSG1,PL,Da,,, , ,, , ,,, ,,,,,,,, ,,, ,,,,,,,, ,,, ,, ,,,,,,
15466,Public Service Co of Colorado,469,Cherokee,CO,HRSG2,PL,Da,,, , ,, , ,,, ,,,,,,,, ,,, ,,,,,,,, ,,, ,, ,,,,,,
15466,Public Service Co of Colorado,470,Comanche (CO),CO,1,OP,N,N,, , ,ST,0.12, ,DP,MO,2009,NC,,,NC,,,FD,0.15,NP,YR,2012,NC,,,NC,,,ST,0.1,PB,DT,1982,ST,2009,ACI,BR,,ACI,BR,
15466,Public Service Co of Colorado,470,Comanche (CO),CO,2,OP,D,N,, , ,ST,0.12, ,DP,MO,2009,NC,,,NC,,,ST,0.15,NP,YR,2012,NC,,,NC,,,ST,0.1,PB,DT,1975,ST,2009,ACI,BR,,ACI,BR,
15466,Public Service Co of Colorado,470,Comanche (CO),CO,3,OP,Da,N,, , ,ST,0.1, ,DP,MO,2010,NC,,,NC,,,ST,0.07,NP,YR,2010,NC,,,NC,,,ST,0.02,PB,PS,2009,ST,2010,ACI,BP,,ACI,BP,
15466,Public Service Co of Colorado,477,Valmont,CO,5,OP,N,N,, , ,ST,1.1, ,DP,TH,1994,NC,,,NC,,,ST,0.45,NP,MO,1994,NC,,,NC,,,ST,0.1,PB,DT,1971,ST,2009,BR,,,BR,,
15466,Public Service Co of Colorado,478,Zuni,CO,1,OP,N,N,, , ,ST, , ,DP,TH,1969,,,,,,,, ,,, ,,,,,,,ST,0.1,PB,NV,1969,, ,,,,,,
15466,Public Service Co of Colorado,478,Zuni,CO,2,OP,N,N,, , ,ST, , ,DP,TH,1969,,,,,,,, ,,, ,,,,,,,ST,0.13,PB,NV,1969,, ,,,,,,
15466,Public Service Co of Colorado,478,Zuni,CO,3,OP,N,N,, , ,ST, , ,DP,TH,1969,,,,,,,, ,,, ,,,,,,,ST,0.1,PB,NV,1969,, ,,,,,,
15466,Public Service Co of Colorado,525,Hayden,CO,H1,OP,N,N,, , ,ST,0.13, ,DP,ND,2000,NC,,,NC,,,FD,0.46,NP,YR,2000,NC,,,NC,,,ST,0.03,PB,DT,2000,ST,2009,BR,,,BR,,
15466,Public Service Co of Colorado,525,Hayden,CO,H2,OP,D,N,, , ,ST,0.13, ,DP,ND,2000,NC,,,NC,,,ST,0.7,NP,TH,2000,NC,,,NC,,,ST,0.03,PB,DT,2000,ST,2009,BR,,,BR,,
15466,Public Service Co of Colorado,6112,Fort St Vrain,CO,2,OP,Da,N,, , ,ST,0.2, ,DP,MO,1998,NC,,,NC,,,ST,17,NM,OH,1998,NC,,,NC,,,ST,0.03,PB,DT,1998,, ,,,,,,
15466,Public Service Co of Colorado,6112,Fort St Vrain,CO,3,OP,Da,N,, , ,ST,0.2, ,DP,MO,1999,NC,,,NC,,,ST,17,NM,OH,1999,NC,,,NC,,,ST,0.03,PB,DT,1999,, ,,,,,,
15466,Public Service Co of Colorado,6112,Fort St Vrain,CO,4,OP,Da,N,, , ,ST,0.2, ,DP,MO,2001,NC,,,NC,,,ST,4,NM,DA,2001,NC,,,NC,,,ST,0.03,PB,DT,2001,, ,,,,,,
15466,Public Service Co of Colorado,6248,Pawnee,CO,1,OP,D,N,, , ,ST,1.2, ,DP,TH,1981,NC,,,NC,,,ST,0.7,NP,TH,1981,NC,,,NC,,,ST,0.1,PB,DT,1981,ST,2009,ACI,BR,,ACI,BR,
15466,Public Service Co of Colorado,55835,Rocky Mountain Energy Center,CO,HRSG 1,OP,Db,N,, , ,ST,0.35, ,DP,TH,2004,NC,,,NC,,,ST,3,NP,OH,2004,NC,,,NC,,,ST,0.00735,PB,PS,2004,, ,,,,,,
15466,Public Service Co of Colorado,55835,Rocky Mountain Energy Center,CO,HRSG 2,OP,Db,N,, , ,ST,0.35, ,DP,TH,2004,NC,,,NC,,,ST,3,NP,OH,2004,NC,,,NC,,,ST,0.00735,PB,PS,2004,, ,,,,,,
15470,Duke Energy Indiana Inc,1001,Cayuga,IN,1,OP,N,N,, , ,ST,4.4, ,DP,MO,1989,ND,,,ND,,,FD, ,NP,YR,1995,LN,OV,,NC,,,ST,0.22,PB,PS,1972,FD,2015,ND,,,ACI,,
15470,Duke Energy Indiana Inc,1001,Cayuga,IN,2,OP,N,N,, , ,ST,4.4, ,DP,MO,1989,ND,,,ND,,,FD, ,NP,YR,1995,LN,OV,,NC,,,ST,0.223,PB,PS,1972,FD,2015,ND,,,ACI,,
15470,Duke Energy Indiana Inc,1004,Edwardsport,IN,6-1,RE,N,N,, , ,ST, , ,OT,DA,1973,,,,,,,, ,,, ,,,,,,,ST,0.223,PB,NV,1972,, ,,,,,,
15470,Duke Energy Indiana Inc,1004,Edwardsport,IN,7-1,RE,N,N,, , ,ST, , ,DP,MO,1973,,,,,,,, ,,, ,,,,,,,ST,0.223,PB,NV,1972,, ,,,,,,
15470,Duke Energy Indiana Inc,1004,Edwardsport,IN,7-2,RE,N,N,, , ,ST, , ,DP,MO,1973,,,,,,,, ,,, ,,,,,,,ST,0.223,PB,NV,1972,, ,,,,,,
15470,Duke Energy Indiana Inc,1004,Edwardsport,IN,8-1,RE,N,N,, , ,ST, , ,DP,MO,1973,,,,,,,, ,,, ,,,,,,,ST,0.223,PB,NV,1972,, ,,,,,,
15470,Duke Energy Indiana Inc,1004,Edwardsport,IN,HRSG1,OP,Db,N,, , ,FD, , ,DP,MO,2012,ND,,,ND,,,FD, ,NP,MO,2012,ND,,,ND,,,FD,0.015,PB,MO,2012,, ,,,,,,
15470,Duke Energy Indiana Inc,1004,Edwardsport,IN,HRSG2,OP,Da,N,, , ,FD, , ,DP,MO,2012,ND,,,ND,,,FD, ,NP,MO,2012,ND,,,ND,,,FD,0.015,PB,MO,2012,, ,,,,,,
15470,Duke Energy Indiana Inc,1007,Noblesville,IN,CT3,OP,,,, , ,, , ,,, ,,,,,,,, ,,, ,,,,,,,, ,,, ,, ,,,,,,
15470,Duke Energy Indiana Inc,1007,Noblesville,IN,CT4,OP,,,, , ,, , ,,, ,,,,,,,, ,,, ,,,,,,,, ,,, ,, ,,,,,,
15470,Duke Energy Indiana Inc,1007,Noblesville,IN,CT5,OP,,,, , ,, , ,,, ,,,,,,,, ,,, ,,,,,,,, ,,, ,, ,,,,,,
15470,Duke Energy Indiana Inc,1008,R Gallagher,IN,1,RE,N,N,, , ,ST, , ,DP,MO,1988,ND,,,ND,,,, ,,, ,,,,,,,ST,0.38,PB,NV,1972,, ,,,,,,
15470,Duke Energy Indiana Inc,1008,R Gallagher,IN,2,OP,N,N,, , ,ST, , ,DP,MO,1988,ND,,,ND,,,, ,,, ,,,,,,,ST,0.38,PB,NV,1972,, ,,,,,,
15470,Duke Energy Indiana Inc,1008,R Gallagher,IN,3,RE,N,N,, , ,ST, , ,DP,MO,1988,ND,,,ND,,,, ,,, ,,,,,,,ST,0.38,PB,NV,1972,, ,,,,,,
15470,Duke Energy Indiana Inc,1008,R Gallagher,IN,4,OP,N,N,, , ,ST, , ,DP,MO,1988,ND,,,ND,,,, ,,, ,,,,,,,ST,0.38,PB,NV,1972,, ,,,,,,
15470,Duke Energy Indiana Inc,1010,Wabash River,IN,2,OP,N,N,, , ,LO, , ,DP,MO,1983,ND,,,ND,,,, ,,, ,,,,,,,LO,0.1338,PB,NV,1979,, ,,,,,,
15470,Duke Energy Indiana Inc,1010,Wabash River,IN,3,OP,N,N,, , ,LO, , ,DP,MO,1983,ND,,,ND,,,, ,,, ,,,,,,,LO,0.1338,PB,NV,1979,, ,,,,,,
15470,Duke Energy Indiana Inc,1010,Wabash River,IN,4,OP,N,N,, , ,LO, , ,DP,MO,1983,ND,,,ND,,,, ,,, ,,,,,,,LO,0.1338,PB,NV,1979,, ,,,,,,
15470,Duke Energy Indiana Inc,1010,Wabash River,IN,5,OP,N,N,, , ,LO, , ,DP,MO,1983,ND,,,ND,,,, ,,, ,,,,,,,LO,0.1338,PB,NV,1979,, ,,,,,,
15470,Duke Energy Indiana Inc,1010,Wabash River,IN,6,OP,N,N,, , ,LO, , ,DP,MO,1983,ND,,,ND,,,, ,,, ,,,,,,,LO,0.1338,PB,NV,1979,, ,,,,,,
15470,Duke Energy Indiana Inc,6113,Gibson,IN,1,OP,D,N,, , ,ST, , ,DP,MO,1991,ND,,,ND,,,, ,,, ,,,,,,,ST,0.12,PB,NV,1976,, ,,,,,,
15470,Duke Energy Indiana Inc,6113,Gibson,IN,2,OP,D,N,, , ,ST, , ,DP,MO,1991,ND,,,ND,,,, ,,, ,,,,,,,ST,0.12,PB,NV,1975,, ,,,,,,
15470,Duke Energy Indiana Inc,6113,Gibson,IN,3,OP,D,N,, , ,ST, , ,DP,MO,1991,ND,,,ND,,,, ,,, ,,,,,,,ST,0.12,PB,NV,1978,, ,,,,,,
15470,Duke Energy Indiana Inc,6113,Gibson,IN,4,OP,Da,N,, , ,ST, , ,DP,MO,1991,ND,,,ND,,,, ,,, ,,,,,,,ST,0.12,PB,NV,1979,, ,,,,,,
15470,Duke Energy Indiana Inc,6113,Gibson,IN,5,OP,Da,N,, , ,ST, , ,DP,MO,1982,ND,,,ND,,,ST, ,NP,MO,1982,ND,,,ND,,,ST,0.1,PB,NV,1982,, ,,,,,,
15472,Public Service Co of NH,2364,Merrimack,NH,1,OP,N,N,, , ,ST, , ,SB,NV,1973,SS,IF,,ND,,,ST, ,NP,DA,1995,NH3,,,ND,,,ST,30,OP,OH,1990,ST,2015,TR,,,ND,,
15472,Public Service Co of NH,2364,Merrimack,NH,2,OP,N,N,, , ,ST, , ,SB,NV,1973,SS,IF,,ND,,,ST, ,NP,DA,1995,NH3,,,ND,,,ST,30,OP,OH,1973,ST,2015,TR,,,ND,,
15472,Public Service Co of NH,2367,Schiller,NH,4,OP,N,N,, , ,ST, , ,DP,DA,1984,SS,,,ND,,,ST, ,NP,YR,1995,OV,NH3,LN,ND,,,ST,0.1,PB,NV,1984,ST,2016,EK,,,ACI,,
15472,Public Service Co of NH,2367,Schiller,NH,5,RE,N,,, , ,ST, , ,DP,DA,2004,,,,,,,ST, ,NP,DA,2004,,,,,,,ST,0.1,PB,NV,2004,, ,,,,,,
15472,Public Service Co of NH,2367,Schiller,NH,5W,OP,Db,Y,tp-b-0501,10,2004,ST, , ,DP,DA,2006,CF,,,ND,,,ST, ,NP,DA,2004,NH3,,,ND,,,FD,0.025,PB,NV,2004,ST,2006,,,,,,
15472,Public Service Co of NH,2367,Schiller,NH,6,OP,N,N,, , ,ST, , ,DP,DA,1985,SS,,,ND,,,ST, ,NP,YR,1995,OV,NH3,LN,ND,,,ST,0.1,PB,NV,1985,ST,2016,EK,,,ACI,,
15472,Public Service Co of NH,8002,Newington,NH,1,OP,N,N,, , ,ST, , ,SU,NV,1974,SS,,,ND,,,ST, ,NP,DA,1992,LN,OV,H20,ND,,,ST,40,OP,OT,1974,, ,,,,,,
15473,Public Service Co of NM,2450,Reeves,NM,1,OP,N,N,, , ,LO,0.49, ,DH,DA,1973,NC,,,NC,,,LO,0.3,NP,MO,1973,NC,,,NC,,,LO,6.2,PH,DA,1973,, ,,,,,,
15473,Public Service Co of NM,2450,Reeves,NM,2,OP,N,N,, , ,LO,0.49, ,DH,DA,1973,NC,,,,,NC,LO,0.3,NP,MO,1973,NC,,,NC,,,LO,6.2,PB,DA,1973,, ,,,,,,
15473,Public Service Co of NM,2450,Reeves,NM,3,OP,N,N,, , ,LO,0.7, ,DH,DA,1973,NC,,,,,NC,LO,0.3,NP,MO,1973,NC,,,NC,,,LO,8.8,PH,DA,1973,, ,,,,,,
15473,Public Service Co of NM,2451,San Juan,NM,1,OP,D,Y,0063-M7,12,2011,ST,0.15,1,DP,MO,2011,NC,,,NC,,,ST,0.3,NP,MO,2011,AA,LN,NC,NC,,,ST,0.05,PB,PS,2011,, ,BP,ACI,,,,
15473,Public Service Co of NM,2451,San Juan,NM,2,OP,N,Y,0063-M7,12,2011,ST,0.15,1,DP,MO,2011,NC,,,NC,,,ST,0.3,NP,MO,2011,AA,LN,NC,NC,,,ST,0.05,PB,PS,2011,, ,BP,ACI,,,,
15473,Public Service Co of NM,2451,San Juan,NM,3,OP,D,Y,0063-M7,12,2011,ST,0.15,1,DP,MO,2011,NC,,,NC,,,ST,0.3,NP,MO,2011,AA,LN,NC,NC,,,ST,0.05,PB,PS,2011,, ,BP,ACI,,,,
15473,Public Service Co of NM,2451,San Juan,NM,4,OP,D,Y,0063-M7,12,2011,ST,0.15,1,DP,MO,2011,NC,,,NC,,,ST,0.3,NP,MO,2011,AA,LN,NC,NC,,,ST,0.05,PB,PS,2011,, ,ACI,BP,,,,
15473,Public Service Co of NM,2475,Algodones,NM,1,SC,,,, , ,, , ,,, ,,,,,,,, ,,, ,,,,,,,, ,,, ,, ,,,,,,
15473,Public Service Co of NM,2475,Algodones,NM,2,SC,,,, , ,, , ,,, ,,,,,,,, ,,, ,,,,,,,, ,,, ,, ,,,,,,
15473,Public Service Co of NM,2475,Algodones,NM,3,SC,,,, , ,, , ,,, ,,,,,,,, ,,, ,,,,,,,, ,,, ,, ,,,,,,
15473,Public Service Co of NM,55210,Afton Generating Station,NM,1,OP,Da,Y,2466-M3,12,2010,ST,3.7, ,DH,DA,2007,NC,,,NC,,,ST,22.3,NH,DA,2007,NH3,,,NC,,,ST,18.1,PH,DA,2007,, ,,,,,,
15473,Public Service Co of NM,55343,Luna Energy Facility,NM,1,OP,Db,Y,PSD-2450-M2R1,6,2013,ST,3.8, ,DH,DA,2005,NC,,,NC,,,ST,21.4,NH,DA,2005,NH3,,,NC,,,ST,19,PH,DA,2005,, ,,,,,,
15473,Public Service Co of NM,55343,Luna Energy Facility,NM,2,OP,Db,N,2450-M2R1,6,2013,ST,3.8, ,DH,DA,2005,NC,,,NC,,,ST,21.4,NH,DA,2005,NH3,,,NC,,,ST,19,PH,DA,2005,, ,,,,,,
15474,Public Service Co of Oklahoma,127,Oklaunion,TX,1,OP,Da,Y,9015,2,2012,ST,0.5,1,SB,TH,1986,NC,,,NC,,,FD,0.5,NP,MO,1986,NC,,,NC,,,ST,0.03,PB,NV,1986,, ,,,,,,
15474,Public Service Co of Oklahoma,2963,Northeastern,OK,3301A,OP,Dc,N,, , ,ST, , ,DH,OH,2001,NC,,,NC,,,ST, ,NH,OH,2001,NC,,,NC,,,ST, ,PH,OH,2001,, ,,,,,,
15474,Public Service Co of Oklahoma,2963,Northeastern,OK,3301B,OP,Dc,N,, , ,ST, , ,DH,OH,2001,NC,,,NC,,,ST, ,NH,OH,2001,NC,,,NC,,,ST, ,PH,OH,2001,, ,,,,,,
15474,Public Service Co of Oklahoma,2963,Northeastern,OK,3302,OP,N,N,, , ,ST, , ,,,2001,NC,,,NC,,,ST,0.28,NP,MO,2013,LN,OV,,LN,OV,,ST,20,OP,SM,2001,, ,,,,,,
15474,Public Service Co of Oklahoma,2963,Northeastern,OK,3313,OP,D,N,, , ,ST, , ,SB,NS,1979,NC,,,NC,,,ST, ,NP,TH,1979,LN,OV,,LN,OV,,ST,0.1,PB,NS,1979,ST,2016,,,,ACI,DSI,BP
15474,Public Service Co of Oklahoma,2963,Northeastern,OK,3314,OP,D,N,, , ,ST, , ,SB,NS,1980,NC,,,NC,,,ST, ,NP,TH,1980,LN,OV,,LN,OV,,ST,0.1,PB,NS,1980,ST,2016,,,,,,
15474,Public Service Co of Oklahoma,2964,Southwestern,OK,8002,OP,N,N,, , ,ST,5, ,OT,NV,1954,NC,,,NC,,,, ,,, ,NC,,,NC,,,, ,,, ,, ,,,,,,
15474,Public Service Co of Oklahoma,2964,Southwestern,OK,8003,OP,N,N,, , ,ST,5, ,OT,NV,1967,NC,,,NC,,,ST,0.45,NP,MO,2013,NC,,,NC,,,, ,,, ,, ,,,,,,
15474,Public Service Co of Oklahoma,2964,Southwestern,OK,801N,OP,N,N,, , ,ST,5, ,OT,NV,1952,NC,,,NC,,,, ,,, ,NC,,,NC,,,, ,,, ,, ,,,,,,
15474,Public Service Co of Oklahoma,2964,Southwestern,OK,801S,OP,N,N,, , ,ST,5, ,DP,NV,1952,NC,,,NC,,,, ,,, ,NC,,,NC,,,, ,,, ,, ,,,,,,
15474,Public Service Co of Oklahoma,2965,Tulsa,OK,1402,OP,N,N,, , ,ST, , ,SU,NS,1956,NC,,,NC,,,ST, ,,,1956,NC,,,NC,,,ST,20,OP,SM,1956,FD,2015,,,,,,
15474,Public Service Co of Oklahoma,2965,Tulsa,OK,1403,RE,N,N,, , ,ST, , ,,,1957,NC,,,NC,,,ST, ,,,1957,NC,,,NC,,,ST, ,,,1957,ST,1957,,,,,,
15474,Public Service Co of Oklahoma,2965,Tulsa,OK,1404,OP,N,N,, , ,ST, , ,DC,FM,1958,NC,,,NC,,,ST, ,,,1958,NC,,,NC,,,ST,20,OP,SM,1958,FD,2015,,,,,,
15474,Public Service Co of Oklahoma,4940,Riverside (OK),OK,1501,OP,N,N,, , ,ST, , ,SU,NS,1974,NC,,,NC,,,ST, ,,,1974,OV,LN,,NC,,,ST,20,OP,SM,1974,ST,1974,,,,,,
15474,Public Service Co of Oklahoma,4940,Riverside (OK),OK,1502,OP,N,N,, , ,ST, , ,SU,NS,1976,NC,,,NC,,,, ,,,1976,OV,LN,,NC,,,ST,20,OP,SM,1976,ST,1976,,,,,,
15474,Public Service Co of Oklahoma,8059,Comanche (OK),OK,7251,OP,N,N,, , ,ST,5, ,OT,NV,1974,NC,,,NC,,,, ,,, ,NC,,,NC,,,, ,,, ,, ,,,,,,
15474,Public Service Co of Oklahoma,8059,Comanche (OK),OK,7252,OP,N,N,, , ,ST,5, ,OT,NV,1974,NC,,,NC,,,, ,,, ,NC,,,NC,,,, ,,, ,, ,,,,,,
15478,PSEG Nuclear LLC,2410,PSEG Salem Generating Station,NJ,NSS1,OP,,,, , ,, , ,,, ,,,,,,,, ,,, ,,,,,,,, ,,, ,, ,,,,,,
15478,PSEG Nuclear LLC,2410,PSEG Salem Generating Station,NJ,NSS2,OP,,,, , ,, , ,,, ,,,,,,,, ,,, ,,,,,,,, ,,, ,, ,,,,,,
15478,PSEG Nuclear LLC,6118,PSEG Hope Creek Generating Station,NJ,NSS1,OP,,,, , ,, , ,,, ,,,,,,,, ,,, ,,,,,,,, ,,, ,, ,,,,,,
15500,Puget Sound Energy Inc,54537,Ferndale Generating Station,WA,HRSGA,OP,,,, , ,, , ,,, ,,,,,,,ST,33,NH,DA,1994,SR,,,SR,,,, ,,, ,ST,1994,,,,,,
15500,Puget Sound Energy Inc,54537,Ferndale Generating Station,WA,HRSGB,OP,,,, , ,, , ,,, ,,,,,,,ST,33,NH,DA,1994,SR,,,SR,,,, ,,, ,ST,1994,,,,,,
15500,Puget Sound Energy Inc,55482,Goldendale Generating Station,WA,HRSG1,OP,Db,N,, , ,ST,1000, ,DM,OH,2004,NC,,,NC,,,ST,2,NM,TH,2004,LN,NH3,SR,NC,,,ST,22.3,PH,OH,2004,, ,,,,,,
15500,Puget Sound Energy Inc,55700,Mint Farm Generating Station,WA,HRSG1,OP,N,N,SW08-15-RO, , ,, , ,DH,OH,2007,,,,,,,, ,NH,OH,2007,,,,,,,,23.2,PH,OH,2007,FD, ,,,,,,
15526,Purdue University,50240,Purdue University,IN,BLR1,OP,N,,, , ,, , ,,, ,,,,,,,, ,,, ,,,,,,,, ,,, ,, ,,,,,,
15526,Purdue University,50240,Purdue University,IN,BLR2,OP,N,,, , ,, , ,,, ,,,,,,,, ,,, ,,,,,,,, ,,, ,, ,,,,,,
15526,Purdue University,50240,Purdue University,IN,BLR3,OP,N,,, , ,, , ,,, ,,,,,,,, ,,, ,,,,,,,, ,,, ,, ,,,,,,
15526,Purdue University,50240,Purdue University,IN,BLR5,OP,N,,, , ,, , ,,, ,,,,,,,, ,,, ,,,,,,,, ,,, ,, ,,,,,,
15526,Purdue University,50240,Purdue University,IN,BLR7,OP,,,, , ,, , ,,, ,,,,,,,, ,,, ,,,,,,,, ,,, ,, ,,,,,,
15534,PPL Montour LLC,3149,PPL Montour,PA,1,OP,N,N,, , ,ST,0.85, ,DP,TH,1979,NC,,,NC,,,ST,0.4,NP,MO,1995,SR,MS,,NC,,,ST,0.1,PB,NV,1979,, ,,,,,,
15534,PPL Montour LLC,3149,PPL Montour,PA,2,OP,N,N,, , ,ST,0.85, ,DP,TH,1979,NC,,,NC,,,ST,0.4,NP,MO,1995,SR,MS,,NC,,,ST,0.1,PB,NV,1979,, ,,,,,,
15537,PPL Brunner Island LLC,3140,PPL Brunner Island,PA,1,OP,N,N,, , ,ST,0.85, ,DP,TH,1979,NC,,,NC,,,ST,0.45,NP,MO,1995,LN,OT,MS,NC,,,ST,0.1,PB,NV,1980,, ,,,,,,
15537,PPL Brunner Island LLC,3140,PPL Brunner Island,PA,2,OP,N,N,, , ,ST,0.85, ,DP,TH,1979,NC,,,NC,,,ST,0.45,NP,MO,1995,LN,OT,MS,NC,,,ST,0.1,PB,NV,1976,, ,,,,,,
15537,PPL Brunner Island LLC,3140,PPL Brunner Island,PA,3,OP,N,N,, , ,ST,0.85, ,DP,TH,1979,NC,,,NC,,,ST,0.45,NP,MO,1995,LN,OT,MS,NC,,,ST,0.1,PB,NV,1981,, ,,,,,,
15597,Riceland Foods Inc.,56079,Riceland Foods Cogeneration Plant,AR,North,OP,N,,, , ,, , ,,, ,,,,,,,ST,99.2,NH,NV,2008,FU,,,FR,,,ST,17.7,OT,, ,, ,,,,,,
15597,Riceland Foods Inc.,56079,Riceland Foods Cogeneration Plant,AR,South,OP,,,, , ,, , ,,, ,,,,,,,, ,,, ,,,,,,,, ,,, ,, ,,,,,,
15708,"Rathdrum Operating Services Co., Inc.",55179,Rathdrum Power LLC,ID,1,OP,Db,Y,T1-2009-0111,2,2010,ST, , ,DH,OH,2001,WA,,,WA,,,ST, ,NM,OH,2001,LN,SR,NH3,LN,SR,NH3,ST,10.7,PH,OH,2001,, ,,,,,,
15726,"Rayonier Performance Fibers, LLC",10560,Rayonier Jesup Mill,GA,PACKB,OP,,,, , ,, , ,,, ,,,,,,,, ,,, ,,,,,,,, ,,, ,, ,,,,,,
15726,"Rayonier Performance Fibers, LLC",10560,Rayonier Jesup Mill,GA,POWB,OP,,,, , ,, , ,,, ,,,,,,,, ,,, ,,,,,,,, ,,, ,, ,,,,,,
15726,"Rayonier Performance Fibers, LLC",10560,Rayonier Jesup Mill,GA,RB5,OP,,,, , ,, , ,,, ,,,,,,,, ,,, ,,,,,,,, ,,, ,, ,,,,,,
15726,"Rayonier Performance Fibers, LLC",10560,Rayonier Jesup Mill,GA,RB6,OP,,,, , ,, , ,,, ,,,,,,,, ,,, ,,,,,,,, ,,, ,, ,,,,,,
15726,"Rayonier Performance Fibers, LLC",10562,Rayonier Fernandina Mill,FL,PB1,RE,N,,, , ,, , ,,, ,,,,,,,, ,,, ,,,,,,,, ,,, ,, ,,,,,,
15726,"Rayonier Performance Fibers, LLC",10562,Rayonier Fernandina Mill,FL,PB2,RE,N,,, , ,, , ,,, ,,,,,,,, ,,, ,,,,,,,, ,,, ,, ,,,,,,
15726,"Rayonier Performance Fibers, LLC",10562,Rayonier Fernandina Mill,FL,PB3,RE,N,,, , ,, , ,,, ,,,,,,,, ,,, ,,,,,,,, ,,, ,, ,,,,,,
15726,"Rayonier Performance Fibers, LLC",10562,Rayonier Fernandina Mill,FL,PB6,OP,,,, , ,, , ,,, ,,,,,,,ST,0.3,NP,TH,2006,CF,FR,NH3,MS,,,, ,,, ,ST,2011,,,,,,
15726,"Rayonier Performance Fibers, LLC",10562,Rayonier Fernandina Mill,FL,REC5,OP,N,,, , ,ST, , ,,, ,,,,,,,ST, ,,, ,,,,,,,, ,,, ,, ,,,,,,
15824,Ecomaine,50225,Regional Waste Systems,ME,1SG1A,OP,N,,, , ,, , ,,, ,,,,,,,, ,,, ,,,,,,,, ,,, ,, ,,,,,,
15824,Ecomaine,50225,Regional Waste Systems,ME,1SG1B,OP,N,,, , ,, , ,,, ,,,,,,,, ,,, ,,,,,,,, ,,, ,, ,,,,,,
15873,GenOn Northeast Management Company,3118,Conemaugh,PA,1,OP,N,N,, , ,ST,0.2, ,DP,TH,1995,NC,,,NC,,,ST,0.45,NP,MO,1995,SR,,,SR,,,,0.1,OP,OH,1976,, ,,,,,,
15873,GenOn Northeast Management Company,3118,Conemaugh,PA,2,OP,N,N,, , ,ST,0.2, ,DP,TH,1996,NC,,,NC,,,ST,0.45,NP,MO,1995,SR,,,SR,,,,0.1,OP,OH,1976,, ,,,,,,
15873,GenOn Northeast Management Company,3136,Keystone,PA,1,OP,N,N,, , ,ST,1.2, ,DP,MO,1982,IF,,,NC,,,ST,0.42,NP,YR,1995,LN,NH3,OV,NC,,,ST,0.1,PB,NV,1976,,2015,SP,,,SP,,
15873,GenOn Northeast Management Company,3136,Keystone,PA,2,OP,N,N,, , ,ST,1.2, ,DP,MO,1982,IF,,,NC,,,ST,0.42,NP,YR,1995,LN,NH3,OV,NC,,,ST,0.1,PB,NV,1976,,2015,SP,,,SP,,
15908,NRG California South LP,329,Coolwater,CA,1,OP,N,N,, , ,LO,500, ,DC,NV,1969,NC,,,ND,,,LO,100,NM,OH,1997,FR,,,FR,,,LO,0.01,PC,OH,1976,, ,,,,,,
15908,NRG California South LP,329,Coolwater,CA,2,OP,N,N,, , ,LO,500, ,DC,NV,1969,NC,,,ND,,,LO,100,NM,OH,1998,FR,,,FR,,,LO,0.01,PC,OH,1976,, ,,,,,,
15908,NRG California South LP,329,Coolwater,CA,31,OP,N,N,, , ,LO,500, ,DC,NV,1999,NC,,,ND,,,LO,42,NM,OH,1999,H20,,,H20,,,LO,0.003,PC,OH,1999,, ,,,,,,
15908,NRG California South LP,329,Coolwater,CA,32,OP,N,N,, , ,LO,500, ,DC,NV,1999,NC,,,ND,,,LO,42,NM,OH,1999,H20,,,H20,,,LO,0.003,PC,OH,1999,, ,,,,,,
15908,NRG California South LP,329,Coolwater,CA,41,OP,N,N,, , ,LO,500, ,DC,NV,1999,NC,,,ND,,,LO,42,NM,OH,1999,H20,,,H20,,,LO,0.003,PC,OH,1999,, ,,,,,,
15908,NRG California South LP,329,Coolwater,CA,42,OP,N,N,, , ,LO,500, ,DC,NV,1999,NC,,,ND,,,LO,42,NM,OH,1999,H20,,,H20,,,LO,0.003,PC,OH,1999,, ,,,,,,
15908,NRG California South LP,331,Etiwanda Generating Station,CA,3,OP,N,N,, , ,, , ,DM,FT,1976,,,,,,,LO,7,NM,OT,2002,SR,,,SR,,,LO,0.1,PC,FT,1976,, ,,,,,,
15908,NRG California South LP,331,Etiwanda Generating Station,CA,4,OP,N,N,, , ,, , ,DM,FT,1977,,,,,,,LO,7,NM,OT,2002,SR,,,SR,,,LO,0.1,PC,FT,1976,, ,,,,,,
15908,NRG California South LP,345,Mandalay,CA,1,OP,N,N,, , ,LO,1159, ,OT,YR,1977,NC,,,NC,,,LO,0.01,NP,NV,1970,FR,LN,SR,NC,,,LO,0.1,PC,NV,1976,, ,,,,,,
15908,NRG California South LP,345,Mandalay,CA,2,OP,N,N,, , ,LO,1190, ,OT,YR,1977,NC,,,NC,,,LO,0.01,OT,NV,1970,SR,,,NC,,,LO,0.1,PC,NV,1976,, ,,,,,,
15908,NRG California South LP,350,Ormond Beach,CA,1,OP,N,N,, , ,LO,0.00026, ,OT,YR,1977,NC,,,NC,,,LO,0.1,OT,DA,1979,FR,LA,NH3,MS,,,LO,0.1,PC,NV,1976,, ,,,,,,
15908,NRG California South LP,350,Ormond Beach,CA,2,OP,N,N,, , ,LO,0.00048, ,OT,YR,1977,NC,,,NC,,,LO,0.1,OT,DA,1979,FR,LA,NH3,MS,,,LO,0.1,PC,NV,1976,, ,,,,,,
15986,Rio Bravo Fresno,10767,Rio Bravo Fresno,CA,CFB,OP,N,,, , ,LO, , ,,, ,,,,,,,LO,0.08,NP,DA,1988,MS,,,MS,,,LO,10,PH,, ,FD,1988,EK,,,EK,,
15989,City of Richmond - (IN),1040,Whitewater Valley,IN,1,OP,N,,, , ,FD, , ,,, ,,,,,,,FD,0.46,NH,YR,1996,LN,OV,LA,LN,OV,LA,, ,,, ,,2016,BP,EK,,BP,EK,ND
15989,City of Richmond - (IN),1040,Whitewater Valley,IN,2,OP,N,,, , ,, , ,,, ,,,,,,,FD,0.4,NP,YR,1996,LA,OV,LN,LA,OV,LN,, ,,, ,,2016,BP,EK,,BP,EK,ND
16001,Rhode Island Hospital,52024,Rhode Island Hospital,RI,2,OP,N,,, , ,, , ,,, ,,,,,,,ST,0.1,NP,OH,1993,FR,,,FR,,,, ,,, ,, ,,,,,,
16001,Rhode Island Hospital,52024,Rhode Island Hospital,RI,3,OP,N,,, , ,, , ,,, ,,,,,,,ST,0.1,NP,OH,1993,FR,,,FR,,,, ,,, ,, ,,,,,,
16001,Rhode Island Hospital,52024,Rhode Island Hospital,RI,4,OP,N,,, , ,, , ,,, ,,,,,,,ST,0.1,NP,OH,1993,FR,,,FR,,,, ,,, ,, ,,,,,,
16001,Rhode Island Hospital,52024,Rhode Island Hospital,RI,5,OP,N,,, , ,, , ,,, ,,,,,,,ST,0.1,NP,OH,1993,FR,,,FR,,,, ,,, ,, ,,,,,,
16001,Rhode Island Hospital,52024,Rhode Island Hospital,RI,6,OP,,,, , ,, , ,,, ,,,,,,,ST,0.036,NP,OH,2004,FR,LN,,FR,LN,,, ,,, ,, ,,,,,,
16002,Rio Bravo Poso,10769,Rio Bravo Poso,CA,CFB,OP,N,,, , ,FD, , ,,, ,,,,,,,FD,38.9,NH,TH,1989,NH3,,,MS,,,, ,,, ,, ,,,,,,
16024,Riverwood Intl USA Inc,54464,Riverwood International Macon Mill,GA,B001,RE,N,,, , ,, , ,,, ,,,,,,,, ,,, ,,,,,,,, ,,, ,, ,,,,,,
16024,Riverwood Intl USA Inc,54464,Riverwood International Macon Mill,GA,B002,OP,N,,, , ,, , ,,, ,,,,,,,, ,,, ,,,,,,,, ,,, ,, ,,,,,,
16024,Riverwood Intl USA Inc,54464,Riverwood International Macon Mill,GA,B003,OP,N,,, , ,, , ,,, ,,,,,,,, ,,, ,,,,,,,, ,,, ,, ,,,,,,
16024,Riverwood Intl USA Inc,54464,Riverwood International Macon Mill,GA,B004,OP,N,,, , ,, , ,,, ,,,,,,,, ,,, ,,,,,,,, ,,, ,, ,,,,,,
16024,Riverwood Intl USA Inc,54464,Riverwood International Macon Mill,GA,D001,OP,Db,,, , ,, , ,,, ,,,,,,,, ,,, ,,,,,,,, ,,, ,, ,,,,,,
16061,Rio Bravo Jasmin,10768,Rio Bravo Jasmin,CA,CFB,OP,N,,, , ,, , ,,, ,,,,,,,, ,,, ,,,,,,,, ,,, ,, ,,,,,,
16064,Graphic Packaging International,50028,Plant 31 Paper Mill,LA,1FW,OP,N,,, , ,, , ,,, ,,,,,,,, ,,, ,,,,,,,, ,,, ,, ,,,,,,
16064,Graphic Packaging International,50028,Plant 31 Paper Mill,LA,1HP,OP,N,,, , ,, , ,,, ,,,,,,,, ,,, ,,,,,,,, ,,, ,, ,,,,,,
16064,Graphic Packaging International,50028,Plant 31 Paper Mill,LA,2FW,OP,N,,, , ,, , ,,, ,,,,,,,, ,,, ,,,,,,,, ,,, ,, ,,,,,,
16064,Graphic Packaging International,50028,Plant 31 Paper Mill,LA,4BW,OP,N,,, , ,, , ,,, ,,,,,,,, ,,, ,,,,,,,, ,,, ,, ,,,,,,
16064,Graphic Packaging International,50028,Plant 31 Paper Mill,LA,5CE,OP,N,,, , ,, , ,,, ,,,,,,,, ,,, ,,,,,,,, ,,, ,, ,,,,,,
16077,Rio Bravo Rocklin,10772,Rio Bravo Rocklin,CA,CFB,OP,N,,, , ,, , ,,, ,,,,,,,LO,115,NM,TH,1989,NH3,,,NH3,,,, ,,, ,,2016,,,,ND,,
16098,"Rio Grande Valley Sugar Growers, Inc.",54338,Rio Grande Valley Sugar Growers,TX,1,OP,N,,, , ,, , ,,, ,,,,,,,ST,42.91,NH,NV,1973,,,,,,,ST,17.83,PH,, ,, ,,,,,,
16098,"Rio Grande Valley Sugar Growers, Inc.",54338,Rio Grande Valley Sugar Growers,TX,2,OP,N,,, , ,, , ,,, ,,,,,,,ST,33.52,NH,NV,1973,,,,,,,ST,23.09,PH,, ,, ,,,,,,
16098,"Rio Grande Valley Sugar Growers, Inc.",54338,Rio Grande Valley Sugar Growers,TX,3,OP,N,,, , ,, , ,,, ,,,,,,,ST,31.32,NH,NV,1973,,,,,,,ST,12.28,PH,, ,, ,,,,,,
16098,"Rio Grande Valley Sugar Growers, Inc.",54338,Rio Grande Valley Sugar Growers,TX,4,OP,N,,, , ,, , ,,, ,,,,,,,ST,33.64,NH,NV,1973,,,,,,,ST,14.77,PH,, ,, ,,,,,,
16098,"Rio Grande Valley Sugar Growers, Inc.",54338,Rio Grande Valley Sugar Growers,TX,6,OP,Db,,, , ,, , ,,, ,,,,,,,ST,113.09,NH,NV,2009,,,,,,,ST,15.75,PH,, ,, ,,,,,,
16181,Rochester Public Utilities,2008,Silver Lake,MN,1,OP,N,,, , ,, , ,,, ,,,,,,,, ,,, ,,,,,,,, ,,, ,, ,,,,,,
16181,Rochester Public Utilities,2008,Silver Lake,MN,2,OP,N,,, , ,, , ,,, ,,,,,,,, ,,, ,,,,,,,, ,,, ,, ,,,,,,
16181,Rochester Public Utilities,2008,Silver Lake,MN,3,OP,N,,, , ,, , ,,, ,,,,,,,, ,,, ,,,,,,,, ,,, ,, ,,,,,,
16181,Rochester Public Utilities,2008,Silver Lake,MN,4,OP,N,,, , ,, , ,,, ,,,,,,,FD,0.46,NP,YR,2000,AA,SN,NH3,OT,,,, ,,, ,, ,,,,,,
16190,Sappi Fine Paper North America-Somerset,50406,Somerset Plant,ME,1HFB,OP,N,N,, , ,ST, , ,DH,DA,1983,SS,,,SS,,,ST, ,NP,MO,2004,BO,LN,,MS,,,ST,0.26,PB,PS,2004,, ,,,,,,
16190,Sappi Fine Paper North America-Somerset,50406,Somerset Plant,ME,2HFB,OP,Db,Y,A-19-70-A-I,12,2004,FD, ,1,DP,MO,1990,NC,,,NC,,,FD, ,NP,MO,1990,OT,,,NC,,,FD,0.03,PB,PS,1990,, ,,,,,,
16190,Sappi Fine Paper North America-Somerset,50406,Somerset Plant,ME,REC,OP,N,Y,AA-19-77-2-A,6,2008,ST, , ,DM,MO,2011,OT,,,SS,,,ST, ,NM,MO,2011,MS,,,MS,,,FD,0.3,PC,PS,2011,, ,,,,,,
16233,Rocky Mountain Power Inc,55749,Hardin Generator Project,MT,PC1,OP,Db,N,, , ,ST,0.11,1,DP,MO,2006,NC,,,NC,,,ST,0.09,NP,MO,2006,LA,LN,NH3,NC,,,ST,0.012,PB,NV,2006,ST,2009,ACI,BP,,ACI,BP,
16294,Roseburg Forest Products Co,50396,Dillard Complex,OR,BLR1,OP,N,,, , ,, , ,,, ,,,,,,,, ,,, ,,,,,,,, ,,, ,, ,,,,,,
16294,Roseburg Forest Products Co,50396,Dillard Complex,OR,BLR2,OP,N,,, , ,, , ,,, ,,,,,,,, ,,, ,,,,,,,, ,,, ,, ,,,,,,
16294,Roseburg Forest Products Co,50396,Dillard Complex,OR,BLR6,OP,N,,, , ,, , ,,, ,,,,,,,, ,,, ,,,,,,,, ,,, ,, ,,,,,,
16295,City of Roseville - (CA),56298,Roseville Energy Park,CA,HRSG1,OP,,,, , ,, , ,,, ,,,,,,,, ,,, ,,,,,,,, ,,, ,, ,,,,,,
16295,City of Roseville - (CA),56298,Roseville Energy Park,CA,HRSG2,OP,,,, , ,, , ,,, ,,,,,,,, ,,, ,,,,,,,, ,,, ,, ,,,,,,
16534,Sacramento Municipal Util Dist,7527,Carson Ice-Gen Project,CA,HRSG,OP,,,, , ,, , ,,, ,,,,,,,, ,,, ,,,,,,,, ,,, ,, ,,,,,,
16534,Sacramento Municipal Util Dist,7551,SCA Cogen 2,CA,HRSGA,OP,,,, , ,, , ,,, ,,,,,,,, ,,, ,,,,,,,, ,,, ,, ,,,,,,
16534,Sacramento Municipal Util Dist,7551,SCA Cogen 2,CA,HRSGB,OP,,,, , ,, , ,,, ,,,,,,,, ,,, ,,,,,,,, ,,, ,, ,,,,,,
16534,Sacramento Municipal Util Dist,7552,SPA Cogen 3,CA,HRSG,OP,,,, , ,, , ,,, ,,,,,,,, ,,, ,,,,,,,, ,,, ,, ,,,,,,
16534,Sacramento Municipal Util Dist,55970,Cosumnes,CA,HRSGA,OP,,,, , ,, , ,,, ,,,,,,,, ,,, ,,,,,,,, ,,, ,, ,,,,,,
16534,Sacramento Municipal Util Dist,55970,Cosumnes,CA,HRSGB,OP,,,, , ,, , ,,, ,,,,,,,, ,,, ,,,,,,,, ,,, ,, ,,,,,,
16534,Sacramento Municipal Util Dist,55970,Cosumnes,CA,HRSGC,CN,,,, , ,, , ,,, ,,,,,,,, ,,, ,,,,,,,, ,,, ,, ,,,,,,
16553,Saguaro Power Co,54271,Saguaro Power,NV,HRSG1,OP,N,,, , ,, , ,,, ,,,,,,,, ,,, ,,,,,,,, ,,, ,, ,,,,,,
16553,Saguaro Power Co,54271,Saguaro Power,NV,HRSG2,OP,N,,, , ,, , ,,, ,,,,,,,, ,,, ,,,,,,,, ,,, ,, ,,,,,,
16572,Salt River Project,141,Agua Fria,AZ,1,OP,N,N,, , ,LO, ,0,DP,TH,1970,ND,,,OT,,,LO, ,,,1970,ND,,,ND,,,LO,237,PH,OH,1970,, ,,,,,,
16572,Salt River Project,141,Agua Fria,AZ,2,OP,N,N,, , ,LO, , ,DP,TH,1970,ND,,,ND,,,, ,,, ,,,,,,,LO,237,PH,OH,1970,, ,,,,,,
16572,Salt River Project,141,Agua Fria,AZ,3,OP,N,N,, , ,LO, , ,DP,TH,1970,NC,,,ND,,,, ,,, ,,,,,,,LO,348,PH,OH,1970,, ,,,,,,
16572,Salt River Project,143,Crosscut,AZ,1,OS,N,,, , ,, , ,,, ,,,,,,,, ,,, ,,,,,,,, ,,, ,, ,,,,,,
16572,Salt River Project,143,Crosscut,AZ,2,OS,N,,, , ,, , ,,, ,,,,,,,, ,,, ,,,,,,,, ,,, ,, ,,,,,,
16572,Salt River Project,143,Crosscut,AZ,3,OS,N,,, , ,, , ,,, ,,,,,,,, ,,, ,,,,,,,, ,,, ,, ,,,,,,
16572,Salt River Project,143,Crosscut,AZ,4,OS,N,,, , ,, , ,,, ,,,,,,,, ,,, ,,,,,,,, ,,, ,, ,,,,,,
16572,Salt River Project,143,Crosscut,AZ,5,OS,N,,, , ,, , ,,, ,,,,,,,, ,,, ,,,,,,,, ,,, ,, ,,,,,,
16572,Salt River Project,143,Crosscut,AZ,6,OS,N,,, , ,, , ,,, ,,,,,,,, ,,, ,,,,,,,, ,,, ,, ,,,,,,
16572,Salt River Project,147,Kyrene,AZ,K-1,OS,N,N,V95-009,12,2010,LO,0.0015,0,SR,NV,1970,NC,,,NC,,,LO,155,NM,TH,1970,NC,,,NC,,,LO,0.01,PB,TH,1970,, ,,,,,,
16572,Salt River Project,147,Kyrene,AZ,K-2,OS,N,N,V95-009,12,2010,LO,0.0015,0,SR,NV,1970,NC,,,NC,,,LO,155,NM,TH,1970,NC,,,NC,,,LO,0.01,PB,TH,1970,, ,,,,,,
16572,Salt River Project,147,Kyrene,AZ,K-7,OP,Da,Y,V95-009,12,2010,LO,3.9,0,OT,OH,2002,NC,,,NC,,,LO,2.5,NM,TH,2002,LN,SR,,NC,,,LO,0.01,PB,TH,2002,, ,,,,,,
16572,Salt River Project,4941,Navajo,AZ,1,OP,N,N,462236, , ,FD,0.1, ,DP,OT,2000,IF,OT,,IF,OT,,FD,0.24,NP,OT,2011,OV,LN,,OV,LN,,FD,0.06,PB,OT,1974,, ,,,,,,
16572,Salt River Project,4941,Navajo,AZ,2,OP,N,N,462236, , ,FD,0.1, ,DP,OT,1999,IF,OT,,IF,OT,,FD,0.24,NP,OT,2010,OV,LN,,OV,LN,,FD,0.06,PB,OT,1975,, ,,,,,,
16572,Salt River Project,4941,Navajo,AZ,3,OP,N,N,, , ,FD,0.1, ,DP,OT,1998,IF,OT,,IF,OT,,FD,0.24,NP,OT,2009,OV,LN,,OV,LN,,FD,0.06,PB,OT,1976,, ,,,,,,
16572,Salt River Project,6177,Coronado,AZ,U1B,OP,D,Y,46236,1,2009,ST,0.08,1,DP,MO,2013,IF,,,OT,,,ST,0.32,NP,MO,2009,OV,LN,,MS,,,ST,0.03,PB,PS,2012,ST,2012,SP,ACI,OT,OT,,
16572,Salt River Project,6177,Coronado,AZ,U2B,OP,D,Y,46236,1,2009,ST,0.08,1,DP,MO,2012,IF,,,OT,,,ST,0.32,NP,MO,2011,OV,LN,,SR,,,ST,0.03,PB,PS,2011,ST,2012,SP,ACI,OT,OT,,
16572,Salt River Project,8068,Santan,AZ,1,OP,N,Y,V95-008,12,2010,LO,0.0015,0,SR,NV,2003,NC,,,NC,,,LO,40,NM,MO,2001,LN,,,NC,,,LO,0.03,PB,OT,2003,, ,,,,,,
16572,Salt River Project,8068,Santan,AZ,2,OP,N,Y,V95-008,12,2010,LO,0.0015,0,SR,NV,2003,NC,,,NC,,,LO,40,NM,MO,2001,LN,,,NC,,,LO,0.03,PB,OT,2003,, ,,,,,,
16572,Salt River Project,8068,Santan,AZ,3,OP,N,Y,V95-008,12,2010,LO,0.0015,0,SR,NV,2003,NC,,,NC,,,LO,40,NM,MO,2001,LN,,,NC,,,LO,0.03,PB,OT,2003,, ,,,,,,
16572,Salt River Project,8068,Santan,AZ,4,OP,N,Y,V95-008,12,2010,LO,0.0015,0,SR,NV,2003,NC,,,NC,,,LO,40,NM,MO,2001,LN,,,NC,,,LO,0.03,PB,OT,2003,, ,,,,,,
16572,Salt River Project,8068,Santan,AZ,5A,OP,Da,Y,V95-008,12,2010,FD,2.5,0,DM,TH,2005,NC,,,NC,,,LO,2,NM,OH,2005,LN,SR,,NC,,,LO,0.01,PB,TH,2005,, ,,,,,,
16572,Salt River Project,8068,Santan,AZ,5B,OP,Da,Y,V95-008,12,2010,FD,2.5,0,DM,TH,2005,NC,,,NC,,,LO,2,NM,OH,2005,LN,SR,,NC,,,LO,0.01,PB,TH,2005,, ,,,,,,
16572,Salt River Project,8068,Santan,AZ,6A,OP,Da,Y,V95-008,12,2010,FD,2.5,0,DM,TH,2006,NC,,,NC,,,LO,2,NM,OH,2006,LN,SR,,NC,,,LO,0.01,PB,TH,2006,, ,,,,,,
16572,Salt River Project,55129,Desert Basin,AZ,HRSG1,OP,Da,N,, , ,ST,0.0075, ,OT,NV,2001,NC,,,NC,,,ST,3,NM,TH,2001,LN,SR,,LN,SR,,ST,23,PH,TH,2001,, ,,,,,,
16572,Salt River Project,55129,Desert Basin,AZ,HRSG2,OP,Da,N,, , ,ST,0.0075, ,OT,NV,2001,NC,,,NC,,,ST,3,NM,TH,2001,LN,SR,,LN,SR,,ST,23,PH,TH,2001,, ,,,,,,
16572,Salt River Project,58557,Mesquite Generating Station Block 1,AZ,1,OP,Da,N,, , ,LO, , ,DH,OH,2003,NC,,,NC,,,LO, ,NH,OH,2003,LN,SR,,NC,,,LO,30.4,PH,OH,2003,, ,,,,,,
16572,Salt River Project,58557,Mesquite Generating Station Block 1,AZ,2,OP,Da,N,, , ,LO, , ,DH,OH,2003,NC,,,NC,,,LO, ,NH,OH,2003,LN,SR,,NC,,,LO,30.4,PH,OH,2003,, ,,,,,,
16604,City of San Antonio - (TX),3609,Leon Creek,TX,3,RE,N,N,, , ,FD, , ,OT,YR,2000,NC,,,NC,,,ST, ,OT,YR,2004,,,,,,,ST,96.7,PH,NV,1953,, ,,,,,,
16604,City of San Antonio - (TX),3609,Leon Creek,TX,4,RE,N,N,, , ,FD, , ,OT,YR,2000,NC,,,NC,,,ST, ,OT,YR,2004,,,,,,,ST,117.8,PH,NV,1959,, ,,,,,,
16604,City of San Antonio - (TX),3611,O W Sommers,TX,1,OP,N,N,, , ,ST,440, ,DM,TH,1972,NC,,,NC,,,ST, ,OT,YR,2004,FR,OV,,NC,,,ST,0.1,PB,WO,1972,, ,,,,,,
16604,City of San Antonio - (TX),3611,O W Sommers,TX,2,OP,N,N,, , ,ST,440, ,DM,TH,1974,NC,,,NC,,,ST, ,OT,YR,2004,FR,OV,,NC,,,ST,0.1,PB,WO,1974,, ,,,,,,
16604,City of San Antonio - (TX),3612,V H Braunig,TX,1,OP,N,N,, , ,ST,440, ,DM,NV,1966,NC,,,NC,,,ST, ,OT,YR,2004,MS,,,NC,,,ST,179.4,PH,NV,1966,, ,,,,,,
16604,City of San Antonio - (TX),3612,V H Braunig,TX,2,OP,N,N,, , ,ST,440, ,DM,NV,1968,NC,,,NC,,,ST, ,OT,YR,2004,MS,,,NC,,,ST,190,PH,NV,1968,, ,,,,,,
16604,City of San Antonio - (TX),3612,V H Braunig,TX,3,OP,N,N,, , ,ST,440, ,DM,NV,1970,NC,,,NC,,,ST, ,OT,YR,2004,FR,OV,,NC,,,ST,0.1,PB,WO,1970,, ,,,,,,
16604,City of San Antonio - (TX),6181,J T Deely,TX,1,OP,D,Y,1491,4,2012,FD,1.2,0,DP,NV,1977,NC,,,NC,,,FD,0.45,NP,YR,1997,LN,AA,,NC,,,FD,0.1,PB,NV,1977,FD,2015,,,,ACI,BR,
16604,City of San Antonio - (TX),6181,J T Deely,TX,2,OP,D,Y,1492,4,2012,FD,1.2,0,DP,NV,1978,NC,,,NC,,,FD,0.45,NP,YR,1997,LN,AA,NH3,NC,,,FD,0.1,PB,NV,1978,FD,2015,,,,ACI,BR,
16604,City of San Antonio - (TX),7097,J K Spruce,TX,BLR1,OP,Da,Y,C-18426,4,2012,ST,0.3,1,SR,MO,1992,NC,,,NC,,,FD,0.3,NP,MO,1992,AA,LN,LA,NC,,,FD,0.03,PB,OH,1992,FD,2015,,,,ACI,BR,SP
16604,City of San Antonio - (TX),7097,J K Spruce,TX,BLR2,OP,Da,Y,70492,4,2012,ST,0.1,1,DP,MO,2010,NC,,,NC,,,ST,0.69,NP,MO,2010,AA,NH3,LN,NC,,,FD,0.015,PB,YR,2010,FD,2015,,,,ACI,BR,SP
16604,City of San Antonio - (TX),7512,Arthur Von Rosenberg,TX,1,OP,Db,Y,38183,12,2011,ST,1, ,OT,NV,2000,NC,,,NC,,,FD,0.1,NP,OH,2000,MS,,,NC,,,FD,0.03,PB,OH,2000,, ,,,,,,
16604,City of San Antonio - (TX),7512,Arthur Von Rosenberg,TX,2,OP,Db,Y,38183,12,2011,ST,1, ,OT,NV,2000,NC,,,NC,,,FD,0.1,NP,OH,2000,MS,,,NC,,,FD,0.03,PB,OH,2000,, ,,,,,,
16604,City of San Antonio - (TX),55137,Rio Nogales Power Project,TX,101,OP,Db,N,40867,5,2014,ST,32.5, ,DH,OH,2002,NC,,,NC,,,ST,104.1,NH,OH,2002,LN,,,NC,,,ST,21.7,PH,OH,2002,FD,2002,,,,,,
16604,City of San Antonio - (TX),55137,Rio Nogales Power Project,TX,201,OP,Db,N,40867,5,2014,ST,32.5, ,DH,OH,2002,NC,,,NC,,,ST,104.1,NH,OH,2002,LN,,,NC,,,ST,21.7,PH,OH,2002,FD,2002,,,,,,
16604,City of San Antonio - (TX),55137,Rio Nogales Power Project,TX,301,OP,Db,N,40867,5,2014,ST,32.5, ,DH,OH,2002,NC,,,NC,,,ST,104.1,NH,OH,2002,LN,,,NC,,,ST,21.7,PH,OH,2002,FD,2002,,,,,,
16609,San Diego Gas & Electric Co,55985,Palomar Energy,CA,HRSG1,OP,Db,Y,APCD2010-PTO-000623-V1,4,2008,, , ,,, ,,,,,,,LO,2,NM,OH,2006,LN,SR,MS,MS,,,LO,14,PH,OH,2006,, ,,,,,,
16609,San Diego Gas & Electric Co,55985,Palomar Energy,CA,HRSG2,OP,Db,Y,APCD2010-PTO-000625-V1,4,2008,, , ,,, ,,,,,,,LO,2,NM,OH,2006,LN,SR,MS,MS,,,LO,14,PH,OH,2006,, ,,,,,,
16624,"San Miguel Electric Coop, Inc",6183,San Miguel,TX,SM-1,OP,D,Y,4180A,3,2009,ST,1.2, ,DP,TH,1982,NC,,,NC,,,ST,0.165,NP,OH,2005,LN,OV,OT,LN,OV,OT,ST,20,OP,SM,1982,FD,2016,EK,VE,OT,EK,VE,OT
16653,Sappi Cloquet LLC,50639,Sappi Cloquet Mill,MN,10RB,OP,N,,, , ,, , ,,, ,,,,,,,, ,,, ,,,,,,,, ,,, ,, ,,,,,,
16653,Sappi Cloquet LLC,50639,Sappi Cloquet Mill,MN,7PB,OP,N,,, , ,, , ,,, ,,,,,,,, ,,, ,,,,,,,, ,,, ,, ,,,,,,
16653,Sappi Cloquet LLC,50639,Sappi Cloquet Mill,MN,8PB,OP,N,,, , ,, , ,,, ,,,,,,,, ,,, ,,,,,,,, ,,, ,, ,,,,,,
16653,Sappi Cloquet LLC,50639,Sappi Cloquet Mill,MN,9PB,OP,N,,, , ,, , ,,, ,,,,,,,, ,,, ,,,,,,,, ,,, ,, ,,,,,,
16655,City of Santa Clara - (CA),56026,Donald Von Raesfeld Power Plant,CA,HRSG1,OP,D,,, , ,LO, , ,DH,OH,2005,,,,,,,LO, ,NM,OH,2005,H20,NH3,SR,H20,NH3,,LO, ,PH,OH,2005,, ,,,,,,
16655,City of Santa Clara - (CA),56026,Donald Von Raesfeld Power Plant,CA,HRSG2,OP,D,,, , ,LO, , ,DH,OH,2005,,,,,,,LO, ,NM,OH,2005,H20,NH3,SR,H20,NH3,,LO, ,PH,OH,2005,, ,,,,,,
16668,Sabine Cogen LP,55104,Sabine Cogen,TX,HRSG1,OP,Da,,, , ,FD, , ,,, ,,,,,,,FD,23.4,NH,OH,1999,LN,NH3,SR,LN,NH3,SR,FD,10.5,PH,, ,, ,,,,,,
16668,Sabine Cogen LP,55104,Sabine Cogen,TX,HRSG2,OP,,,, , ,, , ,,, ,,,,,,,, ,,, ,,,,,,,, ,,, ,, ,,,,,,
16721,S D Warren Co.- Westbrook,50447,S D Warren Westbrook,ME,17,SB,,,, , ,, , ,,, ,,,,,,,, ,,, ,,,,,,,, ,,, ,, ,,,,,,
16721,S D Warren Co.- Westbrook,50447,S D Warren Westbrook,ME,18,SB,,,, , ,, , ,,, ,,,,,,,, ,,, ,,,,,,,, ,,, ,, ,,,,,,
16721,S D Warren Co.- Westbrook,50447,S D Warren Westbrook,ME,20,OS,,,, , ,, , ,,, ,,,,,,,, ,,, ,,,,,,,, ,,, ,, ,,,,,,
16721,S D Warren Co.- Westbrook,50447,S D Warren Westbrook,ME,21,OP,,,, , ,, , ,,, ,,,,,,,ST,0.38,NP,TH, ,OV,,,MS,,,, ,,, ,FD,2016,,,,ND,,
16729,Saranac Power Partners LP,54574,Saranac Facility,NY,HRSG1,OP,,,, , ,, , ,,, ,,,,,,,, ,,, ,,,,,,,, ,,, ,, ,,,,,,
16729,Saranac Power Partners LP,54574,Saranac Facility,NY,HRSG2,OP,,,, , ,, , ,,, ,,,,,,,, ,,, ,,,,,,,, ,,, ,, ,,,,,,
16793,Schuylkill Energy Resource Inc,54634,St Nicholas Cogen Project,PA,1,OP,Da,,, , ,ST, , ,,, ,,,,,,,ST,0.3,NP,MO,1990,OV,,,OV,,,ST, ,,, ,FD,2016,BP,,,BP,,
16899,SERRF Joint Powers Authority,50837,Southeast Resource Recovery,CA,UNIT1,OP,N,,, , ,, , ,,, ,,,,,,,ST,225,NM,FT, ,NH3,SN,,NH3,SN,,, ,,, ,FD,1988,ACI,,,ACI,,
16899,SERRF Joint Powers Authority,50837,Southeast Resource Recovery,CA,UNIT2,OP,N,,, , ,, , ,,, ,,,,,,,ST,225,NM,FT, ,NH3,SN,,NH3,SN,,, ,,, ,FD,1988,ACI,,,ACI,,
16899,SERRF Joint Powers Authority,50837,Southeast Resource Recovery,CA,UNIT3,OP,N,,, , ,, , ,,, ,,,,,,,ST,225,NM,FT, ,NH3,SN,,NH3,SN,,, ,,, ,FD,1988,ACI,,,ACI,,
16909,Selkirk Cogen Partners LP,10725,Selkirk Cogen,NY,HRSG1,OP,Db,N,, , ,ST,0.2, ,SU,NS,1992,NC,,,NC,,,ST,0.091,NP,NS,1992,NC,,,NC,,,ST,0.014,PB,NS,1992,, ,,,,,,
16909,Selkirk Cogen Partners LP,10725,Selkirk Cogen,NY,HRSG2,OP,Db,N,, , ,ST,0.2, ,SU,NS,1994,NC,,,NC,,,ST,0.0181,NP,NS,1994,SR,,,NC,,,ST,0.014,PB,NS,1994,, ,,,,,,
16909,Selkirk Cogen Partners LP,10725,Selkirk Cogen,NY,HRSG3,OP,Db,N,, , ,ST,0.2, ,SU,NS,1994,NC,,,NC,,,ST,0.0181,NP,NS,1994,SR,,,NC,,,ST,0.014,PB,NS,1994,, ,,,,,,
16929,SEMASS Partnership,50290,SEMASS Resource Recovery,MA,1,OP,N,,, , ,, , ,,, ,,,,,,,, ,,, ,,,,,,,, ,,, ,, ,,,,,,
16929,SEMASS Partnership,50290,SEMASS Resource Recovery,MA,2,OP,N,,, , ,, , ,,, ,,,,,,,, ,,, ,,,,,,,, ,,, ,, ,,,,,,
16929,SEMASS Partnership,50290,SEMASS Resource Recovery,MA,3,OP,N,,, , ,, , ,,, ,,,,,,,, ,,, ,,,,,,,, ,,, ,, ,,,,,,
17043,City of Shelby - (OH),2943,Shelby Municipal Light Plant,OH,1,RE,N,,, , ,, , ,,, ,,,,,,,, ,,, ,,,,,,,, ,,, ,, ,,,,,,
17043,City of Shelby - (OH),2943,Shelby Municipal Light Plant,OH,2,RE,N,,, , ,, , ,,, ,,,,,,,, ,,, ,,,,,,,, ,,, ,, ,,,,,,
17043,City of Shelby - (OH),2943,Shelby Municipal Light Plant,OH,3,RE,N,,, , ,, , ,,, ,,,,,,,, ,,, ,,,,,,,, ,,, ,, ,,,,,,
17043,City of Shelby - (OH),2943,Shelby Municipal Light Plant,OH,4,RE,N,,, , ,, , ,,, ,,,,,,,, ,,, ,,,,,,,, ,,, ,, ,,,,,,
17145,Sid Richardson Carbon Ltd,50067,Borger Plant,TX,1,OP,N,,, , ,, , ,,, ,,,,,,,, ,,, ,,,,,,,, ,,, ,, ,,,,,,
17145,Sid Richardson Carbon Ltd,50067,Borger Plant,TX,2,OP,N,,, , ,, , ,,, ,,,,,,,, ,,, ,,,,,,,, ,,, ,, ,,,,,,
17164,Sierra Pacific Industries Inc,10144,Sierra Pacific Lincoln Facility,CA,BLR2,RE,N,,, , ,, , ,,, ,,,,,,,, ,,, ,,,,,,,, ,,, ,, ,,,,,,
17164,Sierra Pacific Industries Inc,10144,Sierra Pacific Lincoln Facility,CA,BLR3,OP,N,,, , ,, , ,,, ,,,,,,,, ,,, ,,,,,,,, ,,, ,, ,,,,,,
17164,Sierra Pacific Industries Inc,50110,Sierra Pacific Burney Facility,CA,BLR1,OP,N,,, , ,, , ,,, ,,,,,,,, ,,, ,,,,,,,, ,,, ,, ,,,,,,
17164,Sierra Pacific Industries Inc,50112,Sierra Pacific Quincy Facility,CA,BLR1,OP,N,,, , ,, , ,,, ,,,,,,,, ,,, ,,,,,,,, ,,, ,, ,,,,,,
17164,Sierra Pacific Industries Inc,50112,Sierra Pacific Quincy Facility,CA,BLR2,OP,N,,, , ,, , ,,, ,,,,,,,, ,,, ,,,,,,,, ,,, ,, ,,,,,,
17164,Sierra Pacific Industries Inc,55882,Sierra Pacific Aberdeen,WA,BLR1,OP,,,, , ,, , ,,, ,,,,,,,, ,,, ,,,,,,,, ,,, ,, ,,,,,,
17164,Sierra Pacific Industries Inc,56406,Sierra Pacific Burlington Facility,WA,BLR1,OP,,,, , ,, , ,,, ,,,,,,,, ,,, ,,,,,,,, ,,, ,, ,,,,,,
17166,Sierra Pacific Power Co,2330,Fort Churchill,NV,1,OP,N,N,, , ,ST, , ,DH,TH,1995,NC,,,NC,,,ST, ,OT,YR,1995,NC,,,NC,,,ST,153.61,PH,OH,1995,, ,,,,,,
17166,Sierra Pacific Power Co,2330,Fort Churchill,NV,2,OP,N,N,, , ,ST, , ,DH,TH,1995,NC,,,NC,,,ST, ,OT,YR,1995,NC,,,NC,,,ST,153.61,PH,OH,1995,, ,,,,,,
17166,Sierra Pacific Power Co,2336,Tracy,NV,1,SB,N,Y,AP49110194.01,3,2004,FD,0.05,0,DP,DA,215,OT,,,NC,,,FD,0.15,NM,YR,2015,OT,,,NC,,,FD,0.03,PB,TH,2015,FD,2015,,,,,,
17166,Sierra Pacific Power Co,2336,Tracy,NV,2,SB,N,Y,Ap4911-0194.01,3,2004,FD,0.05,0,DP,DA,2015,OT,,,NC,,,FD,0.12,NM,YR,2015,OT,,,NC,,,FD,0.03,PB,TH,2015,FD,2015,,,,,,
17166,Sierra Pacific Power Co,2336,Tracy,NV,3,OP,N,Y,Ap4911-0194.01,3,2004,FD,0.05,0,DP,DA,2015,SS,,,NC,,,FD,0.19,NM,YR,2015,LN,OV,,LN,,,FD,0.03,PB,TH,2015,FD,2015,,,,,,
17166,Sierra Pacific Power Co,2336,Tracy,NV,4,OP,Db,Y,Ap4911-0194.01,3,2004,FD,0.54,0,DH,OH,2004,SS,,,NC,,,FD,141,NH,OH,2004,STM,,,NC,,,FD,0.21,PB,OH,2004,FD,2004,,,,,,
17166,Sierra Pacific Power Co,2336,Tracy,NV,8,OP,Db,Y,AP4911-1504,6,2008,FD,2,0,DH,OH,2008,SS,,,NC,,,FD,2,NM,TH,2008,SR,,,NC,,,FD,0.11,PB,TH,2008,FD,2008,,,,,,
17166,Sierra Pacific Power Co,2336,Tracy,NV,9,OP,Db,Y,AP4911-1504,6,2008,FD,2,0,DH,OH,2008,SS,,,NC,,,FD,2,NM,TH,2008,SR,,,NC,,,FD,0.11,PB,TH,2008,FD,2008,,,,,,
17166,Sierra Pacific Power Co,8224,North Valmy,NV,1,OP,Da,N,, , ,ST,1.2, ,DP,TH,1982,SS,,,NC,,,ST,0.7,NP,TH,1982,LN,OV,,LN,OV,,ST,20,OP,SM,1982,FD,1982,BR,,,BR,,
17166,Sierra Pacific Power Co,8224,North Valmy,NV,2,OP,Da,N,, , ,ST,0.6,1,DP,MO,1985,IF,,,NC,,,ST,0.5,NP,MO,1985,LN,OV,,LN,OV,,ST,20,OP,SM,1985,FD,1985,BR,,,BR,,
17177,City of Sikeston - (MO),6768,Sikeston Power Station,MO,1,OP,D,N,, , ,FD,1.2,0,DP,WO,1981,SS,,,NC,,,FD,0.25,NP,WO,1981,SN,,,NC,,,FD,0.1,PB,OH,1981,FD,2016,,,,ACI,,
17235,NRG REMA LLC,2393,Gilbert,NJ,4,OP,D,,, , ,ST, , ,,, ,,,,,,,ST, ,,, ,,,,,,,ST, ,,, ,, ,,,,,,
17235,NRG REMA LLC,2393,Gilbert,NJ,5,OP,,,, , ,, , ,,, ,,,,,,,, ,,, ,,,,,,,, ,,, ,, ,,,,,,
17235,NRG REMA LLC,2393,Gilbert,NJ,6,OP,,,, , ,, , ,,, ,,,,,,,, ,,, ,,,,,,,, ,,, ,, ,,,,,,
17235,NRG REMA LLC,2393,Gilbert,NJ,7,OP,,,, , ,, , ,,, ,,,,,,,, ,,, ,,,,,,,, ,,, ,, ,,,,,,
17235,NRG REMA LLC,3113,Portland (PA),PA,1,OP,N,N,, , ,ST,3.8,0,DP,MO,1958,SS,,,RP,,,ST,0.37,NP,MO,1995,LN,,,LN,,,ST,0.1,PB,PS,1958,, ,,,,,,
17235,NRG REMA LLC,3113,Portland (PA),PA,2,OP,N,N,, , ,ST,2.5,0,DP,MO,1962,SS,,,RP,,,ST,0.58,NP,MO,1996,LN,,,LN,,,ST,0.1,PB,PS,1962,, ,,,,,,
17235,NRG REMA LLC,3115,Titus,PA,1,RE,N,N,, , ,ST,2.7, ,DP,TH,2004,SS,,,ND,,,ST,0.45,NP,MO,1995,LN,,,ND,,,ST,0.1,PB,PS,1974,, ,,,,,,
17235,NRG REMA LLC,3115,Titus,PA,2,RE,N,N,, , ,ST,2.7, ,DP,TH,2004,SS,,,ND,,,ST,0.45,NP,MO,1995,LN,,,ND,,,ST,0.1,PB,PS,1974,, ,,,,,,
17235,NRG REMA LLC,3115,Titus,PA,3,RE,N,N,, , ,ST,2.7, ,DP,TH,2004,SS,,,ND,,,ST,0.45,NP,MO,1995,LN,,,ND,,,ST,0.1,PB,PS,1974,, ,,,,,,
17235,NRG REMA LLC,3131,Shawville,PA,1,OP,N,N,, , ,ST,3.7, ,DP,MO,1982,SS,,,ND,,,ST,0.5,NP,YR,1996,LN,SN,,ND,,,ST,0.1,PB,NV,1976,, ,,,,,,
17235,NRG REMA LLC,3131,Shawville,PA,2,OP,N,N,, , ,ST,3.7, ,DP,MO,1982,SS,,,ND,,,ST,0.5,NP,YR,1996,LN,SN,,ND,,,ST,0.1,PB,NV,1976,, ,,,,,,
17235,NRG REMA LLC,3131,Shawville,PA,3,OP,N,N,, , ,ST,3.7, ,DP,MO,1982,SS,,,ND,,,ST,0.45,NP,YR,1996,LN,SN,,ND,,,ST,0.1,PB,NV,1976,, ,,,,,,
17235,NRG REMA LLC,3131,Shawville,PA,4,OP,N,N,, , ,ST,3.7, ,DP,MO,1982,SS,,,ND,,,ST,0.45,NP,YR,1996,LN,SN,,ND,,,ST,0.1,PB,NV,1976,, ,,,,,,
17254,Sithe/Independence LLC,54547,Sithe Independence Station,NY,HRSG 1,OP,Db,N,, , ,ST, , ,,,1995,WA,,,WA,,,ST, ,NH,OH,1995,SR,,,NC,,,ST,15.9,PH,OH,1995,, ,,,,,,
17254,Sithe/Independence LLC,54547,Sithe Independence Station,NY,HRSG 2,OP,Db,N,, , ,ST, , ,,,1995,WA,,,WA,,,ST, ,NH,OH,1995,SR,,,NC,,,ST,15.9,PH,OH,1995,, ,,,,,,
17254,Sithe/Independence LLC,54547,Sithe Independence Station,NY,HRSG 3,OP,Db,N,, , ,ST, , ,,,1995,WA,,,WA,,,ST, ,NH,OH,1995,SR,,,NC,,,ST,15.9,PH,OH,1995,, ,,,,,,
17254,Sithe/Independence LLC,54547,Sithe Independence Station,NY,HRSG 4,OP,Db,N,, , ,ST, , ,,,1995,WA,,,WA,,,ST, ,NH,OH,1995,SR,,,NC,,,ST,15.9,PH,OH,1995,, ,,,,,,
17330,Walter Coke,50359,Sloss Industries Corp,AL,1,OP,N,,, , ,, , ,,, ,,,,,,,, ,,, ,,,,,,,, ,,, ,, ,,,,,,
17330,Walter Coke,50359,Sloss Industries Corp,AL,2,OS,N,,, , ,, , ,,, ,,,,,,,, ,,, ,,,,,,,, ,,, ,, ,,,,,,
17330,Walter Coke,50359,Sloss Industries Corp,AL,3,OP,N,,, , ,, , ,,, ,,,,,,,, ,,, ,,,,,,,, ,,, ,, ,,,,,,
17330,Walter Coke,50359,Sloss Industries Corp,AL,4,OP,Db,Y,4-07-0355-02,6,2009,FD,1.2,0,,,2009,,,,,,,FD,0.5,,,2009,,,,,,,FD, ,,SM,2009,, ,,,,,,
17355,PowerSmith Cogen Proj LP,50558,PowerSmith Cogeneration Project,OK,HRSG,OP,Db,,, , ,, , ,,, ,,,,,,,ST,0.2,NP,TH,1989,STM,MS,NC,STM,MS,NC,, ,,, ,,1989,,ND,,,ND,
17445,Solid Waste Auth of Palm Beach,50071,Palm Beach Renewable Energy Facility#1,FL,BLR1,OP,N,,, , ,, , ,,, ,,,,,,,FD,250,OT,DA,1989,OV,SN,,MS,,,, ,,, ,FD,1989,BP,SD,ACI,,,
17445,Solid Waste Auth of Palm Beach,50071,Palm Beach Renewable Energy Facility#1,FL,BLR2,OP,N,,, , ,, , ,,, ,,,,,,,FD,250,OT,DA,1989,OV,SN,,MS,,,, ,,, ,FD,1989,BP,SD,ACI,,,
17445,Solid Waste Auth of Palm Beach,57898,Palm Beach Renewable Energy Facility#2,FL,BLR3,CO,,,, , ,, , ,,, ,,,,,,,ST,45,NM,OT,2015,LA,OV,SR,,,,, ,,, ,ST,2015,BP,ACI,,,,
17445,Solid Waste Auth of Palm Beach,57898,Palm Beach Renewable Energy Facility#2,FL,BLR4,CO,,,, , ,, , ,,, ,,,,,,,ST,45,NM,OT,2015,LA,OV,SR,,,,, ,,, ,ST,2015,BP,ACI,,,,
17445,Solid Waste Auth of Palm Beach,57898,Palm Beach Renewable Energy Facility#2,FL,BLR5,CO,,,, , ,, , ,,, ,,,,,,,ST,45,NM,OT,2015,LA,OV,SR,,,,, ,,, ,ST,2015,BP,ACI,,,,
17465,RockTenn-West Point Mill,10017,West Point Mill,VA,PB06,RE,N,N,, , ,ST, , ,DH,NS,1985,,,,,,,, ,,, ,,,,,,,ST,0.263,PB,NS,1985,, ,,,,ND,,
17465,RockTenn-West Point Mill,10017,West Point Mill,VA,PB08,OP,N,N,, , ,ST,0.26, ,DP,MO,1985,NC,,,ND,,,ST,0.52,NP,MO,2005,NC,,,NC,,,ST,31.5,PH,PS,1985,FD,2016,,,,ND,,
17465,RockTenn-West Point Mill,10017,West Point Mill,VA,PB10,OP,D,Y,80VA03,9,2008,ST,0.8, ,DP,TH,1984,NC,,,ND,,,ST,0.3,NP,TH,1984,NC,,,NC,,,ST,0.1,PB,PS,1984,FD,2016,,,,ND,,
17465,RockTenn-West Point Mill,10017,West Point Mill,VA,RF04,OP,N,N,, , ,ST,338.3, ,DH,PS,1991,NC,,,ND,,,ST,155,NH,PS,1991,NC,,,NC,,,ST,72.6,PH,PS,1991,, ,,,,,,
17465,RockTenn-West Point Mill,10017,West Point Mill,VA,RF05,OP,N,Y,40126,7,2004,ST,301, ,DH,TH,1991,NC,,,ND,,,ST,117,NH,PS,1991,NC,,,NC,,,ST,53.3,PH,PS,1991,, ,,,,,,
17539,South Carolina Electric&Gas Company,3280,Canadys Steam,SC,CAN1,RE,N,N,, , ,ST,3.5,0,DP,NV,1974,OT,,,OT,,,FD,0.4,NP,NV,2000,OT,,,OT,,,ST,40,OP,SM,1978,, ,,,,,,
17539,South Carolina Electric&Gas Company,3280,Canadys Steam,SC,CAN2,RE,N,N,, , ,ST,3.5,0,DP,NV,1974,ND,,,OT,,,FD,0.4,NP,NV,2000,LN,,,OT,,,ST,0.6,PB,PS,1978,, ,,,,,,
17539,South Carolina Electric&Gas Company,3280,Canadys Steam,SC,CAN3,RE,N,N,, , ,ST,3.5,0,DP,NV,1974,ND,,,OT,,,FD,0.46,NP,NV,2000,LN,,,OT,,,ST,0.47,PB,PS,1978,, ,,,,,,
17539,South Carolina Electric&Gas Company,3287,McMeekin,SC,MCM1,OP,N,N,, , ,ST,3.5, ,DP,NV,1974,SS,US,,SS,US,,FD,0.45,NP,YR,2000,LN,OV,,LN,OV,,ST,0.03,PB,PS,1978,FD,2016,ND,,,ND,,
17539,South Carolina Electric&Gas Company,3287,McMeekin,SC,MCM2,OP,N,N,, , ,ST,3.5, ,DP,NV,1974,SS,US,,SS,US,,FD,0.45,NP,YR,2000,LN,OV,,LN,OV,,FD,0.03,PB,PS,1978,FD,2016,ND,,,ND,,
17539,South Carolina Electric&Gas Company,3295,Urquhart,SC,HRSG5,OP,N,N,, , ,, , ,,, ,,,,,,,, ,,, ,,,,,,,, ,,, ,, ,,,,,,
17539,South Carolina Electric&Gas Company,3295,Urquhart,SC,HRSG6,OP,N,N,, , ,, , ,,, ,,,,,,,, ,,, ,,,,,,,, ,,, ,, ,,,,,,
17539,South Carolina Electric&Gas Company,3295,Urquhart,SC,URQ3,OP,N,N,, , ,ST,2.3,0,DP,NV,1974,SS,,,NC,,,ST,0,NP,NV,2000,NC,,,NC,,,ST,40,OP,NS,1978,, ,,,,,,
17539,South Carolina Electric&Gas Company,3297,Wateree,SC,WAT1,OP,N,N,, , ,ST,3.5,0,DP,NV,1974,NC,,,NC,,,FD,0.46,NP,YR,2000,LN,SR,,LN,SR,,ST,0.34,PB,PS,1978,FD,2015,BR,SP,,BR,SP,
17539,South Carolina Electric&Gas Company,3297,Wateree,SC,WAT2,OP,N,N,, , ,ST,3.5,0,DP,NV,1974,NC,,,NC,,,FD,0.46,NP,YR,2000,LN,SR,,LN,SR,,ST,0.34,PB,PS,1978,FD,2015,BR,SP,,BR,SP,
17539,South Carolina Electric&Gas Company,6127,V C Summer,SC,NSS1,OP,,,, , ,, , ,,, ,,,,,,,, ,,, ,,,,,,,, ,,, ,, ,,,,,,
17539,South Carolina Electric&Gas Company,6127,V C Summer,SC,NSS2,PL,,,, , ,, , ,,, ,,,,,,,, ,,, ,,,,,,,, ,,, ,, ,,,,,,
17539,South Carolina Electric&Gas Company,6127,V C Summer,SC,NSS3,PL,,,, , ,, , ,,, ,,,,,,,, ,,, ,,,,,,,, ,,, ,, ,,,,,,
17539,South Carolina Electric&Gas Company,7210,Cope,SC,COP1,OP,Da,N,, , ,ST,0.25,1,DP,MO,1996,NC,,,ND,,,ST,0.2,NP,MO,1996,MS,SR,LN,MS,SR,LN,ST,0.02,PB,PS,1996,FD,2015,BR,SD,,BR,SD,
17539,South Carolina Electric&Gas Company,7737,Kapstone,SC,B001,OP,N,,, , ,, , ,,, ,,,,,,,, ,,, ,,,,,,,, ,,, ,, ,,,,,,
17539,South Carolina Electric&Gas Company,7737,Kapstone,SC,RB01,OP,,,, , ,, , ,,, ,,,,,,,, ,,, ,,,,,,,, ,,, ,, ,,,,,,
17539,South Carolina Electric&Gas Company,55927,Jasper,SC,HRSG1,OP,Da,N,, , ,ST,3.5,0,DP,TH,2004,NC,,,NC,,,ST,0.2,NP,NV,2004,MS,NH3,,MS,NH3,,ST,0.44,PB,DA,2004,, ,,,,,,
17539,South Carolina Electric&Gas Company,55927,Jasper,SC,HRSG2,OP,Da,N,, , ,ST,3.5,0,DP,TH,2004,NC,,,NC,,,ST,0.2,NP,NV,2004,MS,NH3,,MS,NH3,,ST,0.44,PB,DA,2004,, ,,,,,,
17539,South Carolina Electric&Gas Company,55927,Jasper,SC,HRSG3,OP,Da,N,, , ,ST,3.5,0,DP,TH,2004,NC,,,NC,,,ST,0.2,NH,DA,2004,MS,NH3,,MS,NH3,,ST,0.44,PB,DA,2004,, ,,,,,,
17543,South Carolina Public Service Authority,130,Cross,SC,1,OP,Da,Y,TV-0420-0030,1,2007,FD,0.15,1,DP,YR,2004,NC,,,NC,,,FD,0.1,NP,MO,2004,SR,,,SR,,,FD,0.03,PB,PS,1995,, ,,,,,,
17543,South Carolina Public Service Authority,130,Cross,SC,2,OP,Da,Y,TV-0420-0030,1,2007,FD,0.26,1,DP,YR,2008,NC,,,NC,,,FD,0.1,NP,MO,2007,SR,,,SR,,,FD,0.03,PB,PS,2004,, ,,,,,,
17543,South Carolina Public Service Authority,130,Cross,SC,3,OP,Da,Y,TV-0420-0030,1,2007,FD,0.13,1,DP,YR,2007,NC,,,NC,,,FD,0.08,NP,MO,2007,SR,,,SR,,,FD,0.015,PB,PS,2007,FD,2007,EK,SP,,,,
17543,South Carolina Public Service Authority,130,Cross,SC,4,OP,Da,Y,TV-0420-0030,1,2007,FD,0.13,1,DP,YR,2008,NC,,,NC,,,FD,0.08,NP,YR,2008,SR,,,SR,,,FD,0.015,PB,PS,2008,FD,2008,EK,SP,,,,
17543,South Carolina Public Service Authority,3319,Jefferies,SC,1,OP,N,N,TV-0420-0003,1,2007,ST,3.5, ,DP,DA,1954,NC,,,NC,,,, ,NP,YR, ,,,,,,,ST,0.6,PB,PS,1954,, ,,,,,,
17543,South Carolina Public Service Authority,3319,Jefferies,SC,2,OP,N,N,TV-420-0003,1,2007,ST,3.5, ,DP,DA,1954,NC,,,NC,,,, ,NP,YR,1954,,,,,,,ST,0.6,PB,PS,1954,, ,,,,,,
17543,South Carolina Public Service Authority,3319,Jefferies,SC,3,RE,N,N,, , ,ST, , ,DP,DA,1970,,,,,,,, ,NP,YR, ,,,,,,,ST,0.54,PB,PS,1970,, ,,,,,,
17543,South Carolina Public Service Authority,3319,Jefferies,SC,4,RE,N,N,, , ,ST, , ,DP,DA,1970,,,,,,,, ,NP,YR, ,,,,,,,ST,0.54,PB,PS,1970,, ,,,,,,
17543,South Carolina Public Service Authority,6249,Winyah,SC,1,OP,N,N,TV-1140-0005,1,2007,FD,2.85,1,DP,DA,1975,NC,,,NC,,,FD,0.11,NP,MO,2007,SR,,,SR,,,FD,0.03,PB,PS,2008,, ,,,,,,
17543,South Carolina Public Service Authority,6249,Winyah,SC,2,OP,D,N,TV-1140-0005,1,2007,FD,1.2,1,DP,TH,1977,NC,,,NC,,,FD,0.12,NP,MO,2008,SR,,,SR,,,FD,0.03,PB,PS,2008,, ,,,,,,
17543,South Carolina Public Service Authority,6249,Winyah,SC,3,OP,D,Y,TV-1140-0005,1,2007,FD,0.52,1,DP,TH,1980,NC,,,NC,,,FD,0.12,NP,MO,2008,SR,,,SR,,,FD,0.1,PB,PS,1980,, ,,,,,,
17543,South Carolina Public Service Authority,6249,Winyah,SC,4,OP,D,Y,TV-1140-0005,1,2007,FD,0.52,1,DP,TH,1981,NC,,,NC,,,FD,0.12,NP,MO,2008,SR,,,SR,,,FD,0.03,PB,PS,2007,, ,,,,,,
17543,South Carolina Public Service Authority,7834,John S Rainey,SC,1A,OP,,,, , ,, , ,,, ,,,,,,,, ,,, ,,,,,,,, ,,, ,, ,,,,,,
17543,South Carolina Public Service Authority,7834,John S Rainey,SC,1B,OP,,,, , ,, , ,,, ,,,,,,,, ,,, ,,,,,,,, ,,, ,, ,,,,,,
17554,"South Carolina Genertg Co, Inc",3298,Williams,SC,WIL1,OP,N,N,, , ,ST,2.3,0,DP,DA,1974,SS,IF,,NC,,,FD,0.4,NP,YR,2000,SR,LN,,NC,,,FD,0.239,PB,PS,1978,ST,2015,EK,SP,,EK,SP,ACI
17566,South Houston Green Power LP,52132,Power Station 4,TX,HRSG1,OP,,,, , ,, , ,,, ,,,,,,,ST,96,NM,OH, ,SR,,,NC,,,ST,38,PH,, ,, ,,,,,,
17566,South Houston Green Power LP,52132,Power Station 4,TX,HRSG2,OP,,,, , ,, , ,,, ,,,,,,,ST,96,NM,OH, ,SR,,,NC,,,ST,38,PH,, ,, ,,,,,,
17566,South Houston Green Power LP,55470,Green Power 2,TX,HRSG1,OP,Db,Y,46042,7,2001,ST,50.5, ,DH,OH,2003,NC,,,NC,,,ST,3.5,NM,TH,1985,SR,,,NC,,,ST,32.8,PH,OH,1985,, ,,,,,,
17566,South Houston Green Power LP,55470,Green Power 2,TX,HRSG2,OP,Db,Y,46042,7,2001,ST,50.5, ,DH,OH,2003,NC,,,NC,,,ST,3.5,NM,TH,2003,SR,,,NC,,,ST,32.8,PH,OH,2004,, ,,,,,,
17566,South Houston Green Power LP,55470,Green Power 2,TX,HRSG3,OP,Db,Y,46042,7,2001,ST,50.5, ,DH,OH,2003,NC,,,NC,,,ST,3.5,NM,TH,2003,SR,,,NC,,,ST,32.8,PH,OH,2004,, ,,,,,,
17568,South Mississippi El Pwr Assn,2070,Moselle,MS,1,RE,N,N,, , ,ST, , ,DP,OH,1974,,,,,,,, ,,, ,,,,,,,ST,0.28,PB,NV,1974,, ,,,,,,
17568,South Mississippi El Pwr Assn,2070,Moselle,MS,2,RE,N,N,, , ,ST, , ,DP,OH,1974,,,,,,,, ,,, ,,,,,,,ST,0.28,PB,NV,1974,, ,,,,,,
17568,South Mississippi El Pwr Assn,2070,Moselle,MS,3,OP,N,N,, , ,ST, , ,DP,OH,1974,SS,,,SS,,,, ,,, ,,,,,,,ST,0.28,PB,NV,1974,, ,,,,,,
17568,South Mississippi El Pwr Assn,2070,Moselle,MS,HRSG1,OP,N,Y,1360-00035,8,2010,, , ,,, ,,,,,,,ST, ,NH,OH,2012,LN,SR,,LN,SR,,ST,16.8,PH,OH,2012,, ,,,,,,
17568,South Mississippi El Pwr Assn,2070,Moselle,MS,HRSG2,OP,N,Y,1360-00035,8,2010,, , ,,, ,,,,,,,ST, ,NH,OH,2012,LN,SR,,LN,SR,,ST,16.8,PH,OH,2012,, ,,,,,,
17568,South Mississippi El Pwr Assn,6061,R D Morrow,MS,1,OP,D,N,, , ,ST, , ,DP,TH,1979,IF,,,IF,,,ST, ,NP,TH,1979,LN,SN,,LN,SN,,ST,0.1,PB,OH,1979,, ,,,,,,
17568,South Mississippi El Pwr Assn,6061,R D Morrow,MS,2,OP,D,N,, , ,ST, , ,DP,TH,1979,IF,,,IF,,,ST, ,NP,TH,1979,LN,SN,,LN,SN,,ST,0.1,PB,OH,1979,, ,,,,,,
17568,South Mississippi El Pwr Assn,55063,Batesville Generation Facility,MS,HRSG1,OP,N,N,, , ,ST, , ,DM,OH,2000,NC,,,ND,,,ST, ,NM,OH,2000,LN,SR,,LN,SR,,ST,0.02,PB,OH,2000,, ,,,,,,
17568,South Mississippi El Pwr Assn,55063,Batesville Generation Facility,MS,HRSG2,OP,N,N,, , ,ST, , ,DM,OH,2000,NC,,,ND,,,ST, ,NM,OH,2000,LN,SR,,LN,SR,,ST,0.02,PB,OH,2000,, ,,,,,,
17568,South Mississippi El Pwr Assn,55063,Batesville Generation Facility,MS,HRSG3,OP,N,N,, , ,ST, , ,DM,OH,2000,NC,,,ND,,,ST, ,NM,OH,2000,LN,SR,,LN,SR,,ST,0.02,PB,OH,2000,, ,,,,,,
17583,"South Texas Electric Coop, Inc",3630,Pearsall,TX,1,OP,,,, , ,, , ,,, ,,,,,,,, ,,, ,,,,,,,, ,,, ,, ,,,,,,
17583,"South Texas Electric Coop, Inc",3630,Pearsall,TX,2,OP,,,, , ,, , ,,, ,,,,,,,, ,,, ,,,,,,,, ,,, ,, ,,,,,,
17583,"South Texas Electric Coop, Inc",3630,Pearsall,TX,3,OP,,,, , ,, , ,,, ,,,,,,,, ,,, ,,,,,,,, ,,, ,, ,,,,,,
17609,Southern California Edison Co,358,Mountainview Generating Station,CA,MV3A,OP,N,Y,SE 04-01,4,2006,ST, , ,DP,OH,2005,NC,,,NC,,,ST, ,NM,OH,2005,MS,,,MS,,,ST,0.1,PC,OH,2005,, ,,,,,,
17609,Southern California Edison Co,358,Mountainview Generating Station,CA,MV3B,OP,N,Y,SE 04-01,4,2006,ST, , ,DP,OH,2005,NC,,,NC,,,ST, ,NM,OH,2005,MS,,,MS,,,ST,0.1,PC,OH,2005,, ,,,,,,
17609,Southern California Edison Co,358,Mountainview Generating Station,CA,MV4A,OP,N,Y,SE 04-01,4,2006,ST, , ,DP,OH,2006,NC,,,NC,,,ST, ,NM,OH,2006,MS,,,MS,,,ST,0.1,PC,OH,2006,, ,,,,,,
17609,Southern California Edison Co,358,Mountainview Generating Station,CA,MV4B,OP,N,Y,SE 04-01,4,2006,ST, , ,DP,OH,2006,NC,,,NC,,,ST, ,NM,OH,2006,MS,,,MS,,,ST,0.1,PC,OH,2006,, ,,,,,,
17609,Southern California Edison Co,360,San Onofre Nuclear Generating Station,CA,NSS2,RE,,,, , ,, , ,,, ,,,,,,,, ,,, ,,,,,,,, ,,, ,, ,,,,,,
17609,Southern California Edison Co,360,San Onofre Nuclear Generating Station,CA,NSS3,RE,,,, , ,, , ,,, ,,,,,,,, ,,, ,,,,,,,, ,,, ,, ,,,,,,
17610,SP Fiber Technologies LLC,54004,Dublin Mill,GA,HRSG,OP,Db,,, , ,FD, , ,,, ,,,,,,,, ,,, ,,,,,,,, ,,, ,, ,,,,,,
17610,SP Fiber Technologies LLC,54004,Dublin Mill,GA,PB1,OP,N,,, , ,FD, , ,,, ,,,,,,,, ,,, ,,,,,,,, ,,, ,, ,,,,,,
17610,SP Fiber Technologies LLC,54004,Dublin Mill,GA,PB2,OP,Db,,, , ,FD, , ,,, ,,,,,,,, ,,, ,,,,,,,, ,,, ,, ,,,,,,
17610,SP Fiber Technologies LLC,54004,Dublin Mill,GA,TB1,CO,,,, , ,, , ,,, ,,,,,,,, ,,, ,,,,,,,, ,,, ,, ,,,,,,
17632,Southern Illinois Power Coop,976,Marion,IL,123,OP,Db,N,, , ,FD, , ,DP,TH,2003,OT,NC,,CF,,,FD, ,NP,YR,2003,SN,,,NC,,,FD,0.1,PC,NV,2003,ST,2009,BR,DSI,EH,BR,DSI,EH
17632,Southern Illinois Power Coop,976,Marion,IL,4,OP,Db,Y,80010054,2,1994,FD, , ,DP,TH,1978,NC,,,IF,,,FD, ,NP,YR,2000,SR,OT,,NC,,,FD,0.1,PB,NV,1978,ST,2009,BR,EH,DSI,BR,EH,DSI
17633,Southern Indiana Gas & Elec Co,1012,F B Culley,IN,1,RE,N,N,, , ,FD, , ,DP,MO,1995,SS,,,NC,,,FD, ,NP,YR,1997,,,,,,,ST,0.68,PB,NV,1972,, ,,,,,,
17633,Southern Indiana Gas & Elec Co,1012,F B Culley,IN,2,OP,N,N,, , ,ST,2.79, ,DP,NV,1995,NC,,,NC,,,ST, ,NP,YR,1997,MS,LN,,NC,,,ST,0.33,PB,NV,1972,FD,2016,,,,DSI,EC,
17633,Southern Indiana Gas & Elec Co,1012,F B Culley,IN,3,OP,N,N,, , ,ST, ,1,SR,MO,2003,NC,,,NC,,,ST, ,NP,MO,2003,SR,,,NC,,,ST,0.015,PB,NV,2006,FD,2016,,,,DSI,BP,
17633,Southern Indiana Gas & Elec Co,6137,A B Brown,IN,1,OP,D,N,, , ,FD,1.2, ,DP,MO,1979,NC,,,NC,,,FD, ,NP,MO,1999,LN,SR,,NC,,,FD,0.1,PB,NV,1979,FD,2016,,,,DSI,BP,
17633,Southern Indiana Gas & Elec Co,6137,A B Brown,IN,2,OP,Da,N,, , ,FD,0.69,1,SR,MO,1986,NC,,,NC,,,FD,0.48,NH,MO,1999,LN,SR,,NC,,,FD,0.03,PB,NV,1986,FD,2016,,,,DSI,EC,
17650,Southern Power Co,7710,H Allen Franklin Combined Cycle,AL,1A,OP,Da,N,, , ,FD,0.0006, ,DP,DT,2002,NC,,,NC,,,FD,0.013,NP,TH,2002,SR,,,NC,,,FD,0.009,PB,DT,2002,, ,,,,,,
17650,Southern Power Co,7710,H Allen Franklin Combined Cycle,AL,1B,OP,Da,N,, , ,FD,0.0006, ,DP,DT,2002,NC,,,NC,,,FD,0.013,NP,TH,2002,SR,,,NC,,,FD,0.009,PB,DT,2002,, ,,,,,,
17650,Southern Power Co,7710,H Allen Franklin Combined Cycle,AL,2A,OP,Da,N,, , ,FD,0.0006, ,DP,DT,2003,NC,,,NC,,,FD,0.013,NP,TH,2003,SR,,,NC,,,FD,0.009,PB,DT,2003,, ,,,,,,
17650,Southern Power Co,7710,H Allen Franklin Combined Cycle,AL,2B,OP,Da,N,, , ,FD,0.0006, ,DP,DT,2003,NC,,,NC,,,FD,0.013,NP,TH,2003,SR,,,NC,,,FD,0.009,PB,DT,2003,, ,,,,,,
17650,Southern Power Co,7710,H Allen Franklin Combined Cycle,AL,3A,OP,Da,N,, , ,FD,0.0006, ,DP,DT,2008,NC,,,NC,,,FD,0.013,NP,TH,2008,SR,,,NC,,,FD,0.009,PB,DT,2008,, ,,,,,,
17650,Southern Power Co,7710,H Allen Franklin Combined Cycle,AL,3B,OP,Da,N,, , ,FD,0.0006, ,DP,DT,2008,NC,,,NC,,,FD,0.013,NP,TH,2008,SR,,,NC,,,FD,0.009,PB,DT,2008,, ,,,,,,
17650,Southern Power Co,7826,Rowan,NC,4,OP,,,, , ,, , ,,, ,,,,,,,, ,,, ,,,,,,,, ,,, ,, ,,,,,,
17650,Southern Power Co,7826,Rowan,NC,5,OP,,,, , ,, , ,,, ,,,,,,,, ,,, ,,,,,,,, ,,, ,, ,,,,,,
17650,Southern Power Co,7897,E B Harris Electric Generating Plant,AL,1A,OP,Da,N,, , ,FD,0.8, ,SU,NV,2003,NC,,,NC,,,FD,0.13,NP,TH,2003,SR,,,NC,,,FD,0.009,PB,DT,2003,, ,,,,,,
17650,Southern Power Co,7897,E B Harris Electric Generating Plant,AL,1B,OP,Da,N,, , ,FD,0.8, ,SU,NV,2003,NC,,,NC,,,FD,0.013,NP,TH,2003,SR,,,NC,,,FD,0.009,PB,DT,2003,, ,,,,,,
17650,Southern Power Co,7897,E B Harris Electric Generating Plant,AL,2A,OP,Da,N,, , ,FD,0.8, ,SU,NV,2003,NC,,,NC,,,FD,0.013,NP,TH,2003,SR,,,NC,,,FD,0.009,PB,DT,2003,, ,,,,,,
17650,Southern Power Co,7897,E B Harris Electric Generating Plant,AL,2B,OP,Da,N,, , ,FD,0.8, ,SU,NV,2003,NC,,,NC,,,FD,0.013,NP,TH,2003,SR,,,NC,,,FD,0.009,PB,DT,2003,, ,,,,,,
17650,Southern Power Co,55708,Nacogdoches Power,TX,BLR1,OP,Db,Y,77679,3,2007,FD,0.05, ,DP,MO,2012,CF,,,NC,,,FD,0.1,NP,MO,2012,CF,SN,,NC,,,FD,0.03,PB,MO,2012,, ,,,,,,
17650,Southern Power Co,55821,Curtis H Stanton Energy Center,FL,25,OP,Da,N,, , ,FD,1.5, ,OT,OT,2003,NC,,,NC,,,FD,0.8,NM,TH,2003,SR,,,NC,,,FD,0.01,PB,OT,2003,, ,,,,,,
17650,Southern Power Co,55821,Curtis H Stanton Energy Center,FL,26,OP,Da,N,, , ,FD,1.5, ,OT,OT,2003,NC,,,NC,,,FD, ,NM,TH,2003,SR,,,NC,,,FD,0.01,PB,OT,2003,, ,,,,,,
17650,Southern Power Co,55965,Wansley Combined Cycle,GA,6A,OP,Da,N,, , ,FD,0.01, ,SU,OT,2002,NC,,,NC,,,FD,3.5,NM,MO,2002,SR,,,NC,,,FD,0.01,PB,DT,2002,, ,,,,,,
17650,Southern Power Co,55965,Wansley Combined Cycle,GA,6B,OP,Da,N,, , ,FD,0.01, ,SU,OT,2002,NC,,,NC,,,FD,3.5,NM,MO,2002,SR,,,NC,,,FD,0.01,PB,DT,2002,, ,,,,,,
17650,Southern Power Co,55965,Wansley Combined Cycle,GA,7A,OP,Da,N,, , ,FD,0.01, ,SU,OT,2002,NC,,,NC,,,FD,3.5,NM,MO,2002,SR,,,NC,,,FD,0.01,PB,DT,2002,, ,,,,,,
17650,Southern Power Co,55965,Wansley Combined Cycle,GA,7B,OP,Da,N,, , ,FD, , ,SU,OT,2002,NC,,,NC,,,FD, ,NM,MO,2002,SR,,,NC,,,FD,0.01,PB,DT,2002,, ,,,,,,
17698,Southwestern Electric Power Co,1416,Arsenal Hill,LA,5A,OP,N,N,, , ,ST,109.2, ,DH,NV,2008,NC,,,NC,,,ST,451,NH,NV,2008,NC,,,NC,,,ST,0.6,PB,NV,1987,, ,,,,,,
17698,Southwestern Electric Power Co,1417,Lieberman,LA,1,OP,N,N,, , ,ST, , ,DH,NV,2009,NC,,,NC,,,ST, ,NH,NV,2009,NC,,,NC,,,ST,2.77,PH,NV,2009,FD,2015,,,,OT,,
17698,Southwestern Electric Power Co,1417,Lieberman,LA,2,OP,N,N,, , ,ST, , ,DH,NV,2009,NC,,,NC,,,ST, ,NH,NV,2009,NC,,,NC,,,ST,2.77,PH,NV,2009,FD,2015,,,,,,
17698,Southwestern Electric Power Co,1417,Lieberman,LA,3,OP,N,N,, , ,ST, , ,DH,NV,2009,NC,,,NC,,,ST, ,NH,NV,2009,NC,,,NC,,,ST,80.67,PH,NV,2009,FD,2015,,,,,,
17698,Southwestern Electric Power Co,1417,Lieberman,LA,4,OP,N,N,, , ,ST, , ,DH,NV,2009,NC,,,NC,,,ST, ,NH,NV,2009,NC,,,NC,,,ST,79.29,PH,NV,2009,FD,2015,,,,,,
17698,Southwestern Electric Power Co,3476,Knox Lee,TX,2,OP,N,N,, , ,, , ,,, ,NC,,,NC,,,, ,,, ,NC,,,NC,,,ST,15,OP,SM,1993,, ,,,,,,
17698,Southwestern Electric Power Co,3476,Knox Lee,TX,3,OP,N,N,, , ,, , ,,, ,NC,,,NC,,,, ,,, ,NC,,,NC,,,ST,15,OP,SM,1993,, ,,,,,,
17698,Southwestern Electric Power Co,3476,Knox Lee,TX,4,OP,N,N,, , ,, , ,,, ,NC,,,NC,,,, ,,, ,NC,,,NC,,,ST,15,OP,SM,1993,, ,,,,,,
17698,Southwestern Electric Power Co,3476,Knox Lee,TX,5,OP,N,N,, , ,ST,0.7, ,SU,NV,2002,NC,,,NC,,,ST,0.18,NP,MO,2002,NC,,,NC,,,ST,15,OP,SM,1993,, ,,,,,,
17698,Southwestern Electric Power Co,3477,Lone Star,TX,1,OP,N,,, , ,ST, , ,,, ,,,,,,,ST,164.71,NH,OH,2005,MS,,,MS,,,ST, ,,, ,, ,,,,,,
17698,Southwestern Electric Power Co,3478,Wilkes,TX,1,OP,N,N,, , ,ST,440, ,DM,TH,1964,NC,,,NC,,,ST,500.6,NH,MO,2011,FR,,,MS,,,ST,150,PH,OH,1964,, ,,,,,,
17698,Southwestern Electric Power Co,3478,Wilkes,TX,2,OP,N,N,, , ,, , ,,, ,,,,,,,ST,0.17,NP,MO,2002,LN,,,MS,,,ST,237,PH,OH,1970,, ,,,,,,
17698,Southwestern Electric Power Co,3478,Wilkes,TX,3,OP,N,N,, , ,, , ,,, ,,,,,,,ST,456.6,NH,MO,2012,H20,LN,,MS,,,ST,237,PH,OH,1971,, ,,,,,,
17698,Southwestern Electric Power Co,6138,Flint Creek,AR,1,OP,D,N,, , ,FD,1.2, ,DP,TH,1978,NC,,,NC,,,FD,0.7,NP,TH,1978,LN,,,LN,,,FD,0.1,PB,TH,1978,, ,,,,,,
17698,Southwestern Electric Power Co,6139,Welsh,TX,1,OP,D,Y,4381-PSD-TX-3,10,2012,FD, , ,DP,TH,1977,NC,,,NC,,,ST, ,NP,MO,2003,LN,OV,,NC,,,FD,0.1,PB,TH,1977,FD,2016,,,,ACI,BP,
17698,Southwestern Electric Power Co,6139,Welsh,TX,2,OP,D,N,4381 PSD-TX-3,3,2007,FD, , ,DP,TH,1980,NC,,,NC,,,ST, ,NP,MO,2005,LN,OV,,NC,,,FD,0.075,PB,TH,1980,FD,2016,,,,OT,,
17698,Southwestern Electric Power Co,6139,Welsh,TX,3,OP,D,N,4381 PSD-TX-3,3,2007,FD, , ,DP,TH,1982,NC,,,NC,,,ST, ,NP,MO,2002,LN,OV,,NC,,,FD,0.069,PB,TH,1982,FD,2016,,,,ACI,BP,
17698,Southwestern Electric Power Co,7902,Pirkey,TX,1,OP,D,Y,6269,6,2008,FD,1.2,1,DP,TH,1985,NC,,,NC,,,ST,0.22,NP,MO,2004,OV,LN,,NC,,,FD,20,OP,SM,1985,FD,2015,,,,ACI,EC,EK
17698,Southwestern Electric Power Co,56564,John W Turk Jr Power Plant,AR,1,OP,Da,Y,2123-AOP-R1,11,2008,FD, , ,DP,MO,2012,NC,,,NC,,,FD, ,NP,DA,2012,LN,OV,SR,NC,,,FD,0.25,PB,TH,2012,FD,2015,,,,ACI,BP,
17698,Southwestern Electric Power Co,56565,J Lamar Stall Unit,LA,HRSG1,OP,,,, , ,, , ,,, ,,,,,,,, ,,, ,,,,,,,, ,,, ,, ,,,,,,
17698,Southwestern Electric Power Co,56565,J Lamar Stall Unit,LA,HRSG2,OP,,,, , ,, , ,,, ,,,,,,,, ,,, ,,,,,,,, ,,, ,, ,,,,,,
17718,Southwestern Public Service Co,2446,Maddox,NM,051B,OP,N,Y,747M1,11,2010,ST,1.5, ,DH,OH,1967,NC,,,NC,,,ST,0.3,NP,OH,1967,OV,,,NC,,,ST,0.05,PB,OH,1967,, ,,,,,,
17718,Southwestern Public Service Co,2454,Cunningham,NM,121B,OP,N,Y,PSD-NM-622-M4,6,2012,ST,2.9, ,DH,OH,1957,NC,,,NC,,,ST,235.2,NH,OH,1957,NC,,,NC,,,ST,6.3,PH,OH,1957,, ,,,,,,
17718,Southwestern Public Service Co,2454,Cunningham,NM,122B,OP,N,Y,PSD-NM-622-M4,6,2012,ST,7.3, ,DH,OH,1965,NC,,,NC,,,ST,585.3,NP,OH,1965,NC,,,NC,,,ST,15.6,PH,OH,1965,, ,,,,,,
17718,Southwestern Public Service Co,3482,Jones,TX,151B,OP,D,Y,1945,11,2013,ST,1346.6, ,DH,NV,1971,WA,,,NC,,,FD,0.3,NP,TH,1971,OV,LN,,NC,NC,,FD,0.1,PB,SM,1971,, ,,,,,,
17718,Southwestern Public Service Co,3482,Jones,TX,152B,OP,N,Y,45590,5,2012,ST,440, ,DM,NV,1974,WA,,,NC,,,, ,,, ,OV,LN,,,,,ST,15,OP,SM,1974,, ,,,,,,
17718,Southwestern Public Service Co,3483,Moore County,TX,3,RE,N,,, , ,, , ,,, ,,,,,,,, ,,, ,,,,,,,, ,,, ,, ,,,,,,
17718,Southwestern Public Service Co,3484,Nichols,TX,141B,OP,N,Y,45589,5,2012,,440, ,DM,NV,1960,NC,,,NC,,,, ,,, ,OV,,,,,,ST,15,OP,SM,1960,, ,,,,,,
17718,Southwestern Public Service Co,3484,Nichols,TX,142B,OP,N,Y,45589,5,2012,,440, ,DM,NV,1962,NC,,,NC,,,, ,,, ,OV,LN,,,,,ST,15,OP,SM,1962,, ,,,,,,
17718,Southwestern Public Service Co,3484,Nichols,TX,143B,OP,N,Y,45589,5,2012,,440, ,DM,NV,1968,NC,,,NC,,,, ,,, ,OV,LN,,,,,ST,15,OP,SM,1968,, ,,,,,,
17718,Southwestern Public Service Co,3485,Plant X,TX,111B,OP,N,Y,45592,5,2012,ST,440, ,DM,NV,1952,NC,,,NC,,,, ,,, ,OV,,,,,,ST,15,OP,SM,1952,, ,,,,,,
17718,Southwestern Public Service Co,3485,Plant X,TX,112B,OP,N,Y,45592,5,2012,ST,440, ,DM,NV,1953,NC,,,NC,,,, ,,, ,OV,,,,,,ST,15,OP,SM,1953,, ,,,,,,
17718,Southwestern Public Service Co,3485,Plant X,TX,113B,OP,N,Y,45592,5,2012,ST,440, ,DM,NV,1955,NC,,,NC,,,, ,,, ,OV,LN,,,,,ST,15,OP,SM,1955,, ,,,,,,
17718,Southwestern Public Service Co,3485,Plant X,TX,114B,OP,N,Y,45592,5,2012,ST,440, ,DM,NV,1964,NC,,,NC,,,, ,,, ,OV,LN,,,,,ST,15,OP,SM,1964,, ,,,,,,
17718,Southwestern Public Service Co,6193,Harrington,TX,061B,OP,D,Y,1388,2,2014,FD,1.2, ,DP,TH,1976,NC,,,NC,,,ST,1452,NH,OH,1976,LN,OV,,LN,OV,,FD,20,OP,SM,1984,FD,2015,EK,,,EK,ACI,
17718,Southwestern Public Service Co,6193,Harrington,TX,062B,OP,D,Y,5129,5,2012,FD,1.2, ,DP,TH,1978,NC,,,NC,,,FD,1341,NH,OH,2010,LN,OV,,LN,OV,,FD,20,OP,SM,1978,FD,2015,BS,,,BS,ACI,
17718,Southwestern Public Service Co,6193,Harrington,TX,063B,OP,D,Y,5129,5,2012,FD,1.2, ,DP,TH,1980,NC,,,NC,,,FD,1161,NH,OH,2007,LN,OV,,LN,OV,,FD,20,OP,SM,1980,FD,2015,BS,,,BS,ACI,
17718,Southwestern Public Service Co,6194,Tolk,TX,171B,OP,D,Y,6029,1,2012,,1.2, ,DP,TH,1982,NC,,,NC,,,ST,2012,NH,OH,1982,LN,OV,,LN,OV,,FD,20,OP,SM,1982,FD,2015,BS,,,BS,ACI,
17718,Southwestern Public Service Co,6194,Tolk,TX,172B,OP,D,Y,6030,5,2012,FD,1.2, ,DP,TH,1986,NC,,,NC,,,FD,2013,NH,TH,1986,LN,OV,,LN,OV,,FD,20,OP,SM,1986,FD,2015,BS,,,BS,ACI,
17828,City of Springfield - (IL),963,Dallman,IL,31,OP,N,N,, , ,ST,0.29, ,DP,TH,1968,IF,,,IF,,,ST,0.14,NP,YR,2010,SR,,,SR,,,ST,0.1,PB,TH,1987,ST,1116,EW,SP,,EW,SP,
17828,City of Springfield - (IL),963,Dallman,IL,32,OP,N,N,, , ,ST,0.29, ,DP,TH,1972,IF,,,IF,,,ST,0.14,NP,YR,2010,SR,,,SR,,,ST,0.1,PB,TH,1987,ST,1116,EW,SP,,EW,SP,
17828,City of Springfield - (IL),963,Dallman,IL,33,OP,D,N,, , ,ST,1.2, ,DP,TH,1983,IF,,,IF,,,FD,0.4,NP,YR,2000,SR,,,SR,,,ST,0.1,PB,NV,1978,ST,1116,EW,SP,,EW,SP,
17828,City of Springfield - (IL),963,Dallman,IL,41,OP,Db,Y,4110050,8,2006,ST,1.4, ,SR,MO,2009,IF,,,IF,,,FD,1,OT,MO,2009,SR,,,SR,,,ST,0.015,PB,PS,2009,ST,1114,BP,SP,,BP,SP,
17833,City Utilities of Springfield - (MO),2161,James River Power Station,MO,1,OP,N,N,, , ,ST,1.5, ,DP,DA,2001,SS,,,NC,,,, ,,, ,,,,,,,ST,0.16,PB,DT,1980,, ,ND,,,ND,,
17833,City Utilities of Springfield - (MO),2161,James River Power Station,MO,2,OP,N,N,, , ,ST,1.5, ,DP,DA,2001,SS,,,NC,,,, ,,, ,,,,,,,ST,0.16,PB,DT,1981,, ,ND,,,ND,,
17833,City Utilities of Springfield - (MO),2161,James River Power Station,MO,3,OP,N,N,, , ,ST,1.5, ,DP,DA,2001,ND,,,ND,,,FD,0.5,NP,YR,1995,LN,OV,SN,NC,,,ST,0.16,PB,DT,1979,, ,ND,,,ND,,
17833,City Utilities of Springfield - (MO),2161,James River Power Station,MO,4,OP,N,N,, , ,ST,1.5, ,DP,DA,2001,SS,WA,NC,ND,,,FD,0.5,NP,YR,1995,LN,OV,SN,NC,,,ST,0.16,PB,DT,1976,FD,2016,,,,BP,ACI,
17833,City Utilities of Springfield - (MO),2161,James River Power Station,MO,5,OP,N,N,, , ,ST,2, ,DP,DA,2001,SS,SU,,NC,,,FD,0.5,NP,YR,1995,LN,OV,SN,NC,,,ST,0.16,PB,DT,1976,FD,2016,,,,BP,ACI,
17833,City Utilities of Springfield - (MO),6195,John Twitty Energy Center,MO,1,OP,D,N,, , ,FD,1.2, ,DP,TH,1977,SU,SS,,SU,SS,,FD,0.7,NP,TH,1977,SR,,,SR,,,FD,0.1,PB,TH,1977,FD,2016,,,,ACI,,
17833,City Utilities of Springfield - (MO),6195,John Twitty Energy Center,MO,2,OP,Da,Y,12-2004-007A,12,2004,FD,0.095,1,DP,MO,2011,CF,,,ND,,,FD,0.08,NP,MO,2011,SR,,,ND,,,FD,0.018,PB,MO,2011,FD,2015,ACI,BP,,ACI,BP,
18020,Starrett City Inc,50743,Starrett City Cogen Facility,NY,1,OP,N,,, , ,, , ,,, ,,,,,,,ST, ,,, ,LA,,,,,,, ,,, ,, ,,,,,,
18020,Starrett City Inc,50743,Starrett City Cogen Facility,NY,2,OP,N,,, , ,, , ,,, ,,,,,,,, ,,, ,LA,,,,,,, ,,, ,, ,,,,,,
18020,Starrett City Inc,50743,Starrett City Cogen Facility,NY,3,OP,N,,, , ,, , ,,, ,,,,,,,, ,,, ,LA,,,,,,, ,,, ,, ,,,,,,
18020,Starrett City Inc,50743,Starrett City Cogen Facility,NY,4,SB,N,,, , ,, , ,,, ,,,,,,,, ,,, ,LA,,,,,,, ,,, ,, ,,,,,,
18125,Stillwater Utilities Authority,3000,Boomer Lake Station,OK,1,OP,,,, , ,, , ,,, ,,,,,,,FD,0.1,NP,MO,1994,LN,FR,,,,,, ,,, ,, ,,,,,,
18125,Stillwater Utilities Authority,3000,Boomer Lake Station,OK,2,OP,,,, , ,, , ,,, ,,,,,,,FD,0.1,NP,MO,1994,LN,FR,,,,,, ,,, ,, ,,,,,,
18147,RockTenn-Hopewell,50813,Hopewell Mill,VA,CB1,OP,N,,, , ,FD, , ,,, ,,,,,,,FD,0.3,NP,YR,2013,LN,,,LN,,,FD, ,,, ,FD,2015,OT,,,OT,,
18147,RockTenn-Hopewell,50813,Hopewell Mill,VA,RB1,OP,N,,, , ,, , ,,, ,,,,,,,, ,,, ,,,,,,,FD, ,,, ,, ,,,,,,
18155,RockTenn,50810,Stone Container Hodge,LA,2RB,OP,N,,, , ,, , ,,, ,,,,,,,, ,,, ,,,,,,,, ,,, ,, ,,,,,,
18155,RockTenn,50810,Stone Container Hodge,LA,3RB,OP,N,,, , ,, , ,,, ,,,,,,,, ,,, ,,,,,,,, ,,, ,, ,,,,,,
18155,RockTenn,50810,Stone Container Hodge,LA,CB,OP,N,,, , ,, , ,,, ,,,,,,,, ,,, ,,,,,,,, ,,, ,, ,,,,,,
18155,RockTenn,50810,Stone Container Hodge,LA,PB,OP,N,,, , ,, , ,,, ,,,,,,,, ,,, ,,,,,,,, ,,, ,, ,,,,,,
18157,Stone Container Corp-Panama Ci,50807,Stone Container Panama City Mill,FL,1RB,OP,N,,, , ,, , ,,, ,,,,,,,, ,,, ,,,,,,,, ,,, ,, ,,,,,,
18157,Stone Container Corp-Panama Ci,50807,Stone Container Panama City Mill,FL,2RB,OP,N,,, , ,, , ,,, ,,,,,,,, ,,, ,,,,,,,, ,,, ,, ,,,,,,
18157,Stone Container Corp-Panama Ci,50807,Stone Container Panama City Mill,FL,3BB,OP,N,,, , ,, , ,,, ,,,,,,,, ,,, ,,,,,,,, ,,, ,, ,,,,,,
18157,Stone Container Corp-Panama Ci,50807,Stone Container Panama City Mill,FL,4BB,OP,N,,, , ,, , ,,, ,,,,,,,, ,,, ,,,,,,,, ,,, ,, ,,,,,,
18158,RockTenn CP LLC Coshocton,50811,RockTenn Coshocton Mill,OH,6,OP,N,,, , ,, , ,,, ,,,,,,,, ,,, ,,,,,,,, ,,, ,, ,,,,,,
18162,RockTenn-Florence,50806,Florence Mill,SC,PB1,OP,N,N,, , ,ST, , ,DP,OT,1963,NC,,,NC,,,, ,,, ,,,,,,,ST,0.07,PB,PS,1963,, ,,,,,,
18162,RockTenn-Florence,50806,Florence Mill,SC,PB3,OP,N,N,, , ,ST, , ,DP,OT,1963,NC,,,NC,,,, ,,, ,,,,,,,ST,0.07,PB,PS,1963,, ,,,,EW,,
18162,RockTenn-Florence,50806,Florence Mill,SC,PB4,OP,Db,N,, , ,FD, , ,DP,TH,1987,NC,,,NC,,,FD, ,NP,MO,1987,OT,,,,,,FD,0.07,PB,PS,1987,, ,,,,EW,,
18162,RockTenn-Florence,50806,Florence Mill,SC,RBF,OP,N,N,, , ,ST, , ,OT,YR,1974,NC,,,NC,,,ST, ,OT,YR,1974,,,,,,,FD,0.04,PC,PS,1974,, ,,,,,,
18315,Sunflower Electric Power Corp,108,Holcomb,KS,SGU1,OP,Da,N,, , ,ST,0.48,1,DP,MO,1983,NC,,,NC,,,FD,0.22,NP,YR,1983,LN,OV,,NC,,,ST,0.03,PB,NV,1983,FD,2015,BR,SD,,ACI,,
18315,Sunflower Electric Power Corp,1230,Cimarron River,KS,1,OP,N,,, , ,, , ,,, ,,,,,,,, ,,, ,,,,,,,, ,,, ,, ,,,,,,
18315,Sunflower Electric Power Corp,1233,Fort Dodge,KS,4,OP,N,N,, , ,ST,3, ,DP,NV,1971,NC,,,NC,,,, ,,, ,,,,,,,ST,40,OP,NV,1971,, ,,,,,,
18315,Sunflower Electric Power Corp,1235,Great Bend - Sunflower,KS,3,OP,N,,, , ,, , ,,, ,,,,,,,, ,,, ,,,,,,,, ,,, ,, ,,,,,,
18315,Sunflower Electric Power Corp,1336,Garden City,KS,GC3,RE,N,N,, , ,, , ,,, ,,,,,,,, ,,, ,,,,,,,ST,40,OP,NV,1962,, ,,,,,,
18315,Sunflower Electric Power Corp,1336,Garden City,KS,S-2,OP,N,N,, , ,ST,3, ,DP,NS,1973,NC,,,NC,,,, ,,, ,,,,,,,ST,20,OP,NV,1973,, ,,,,,,
18320,Sunrise Power Co LLC,55182,Sunrise Power LLC,CA,HRSG1,OP,Db,N,, , ,LO, , ,DH,OH,2003,NC,NC,NC,NC,NC,NC,FD, ,NH,OH,2003,LN,,,LN,SR,,LO,17.8,PH,OH,2003,LO,2003,,,,,,
18320,Sunrise Power Co LLC,55182,Sunrise Power LLC,CA,HRSG2,OP,Db,N,, , ,LO, , ,DH,OH,2003,NC,,,NC,,,FD, ,NH,OH,2003,LN,,,LN,SR,,LO,17.8,PH,OH,2003,LO,2003,,,,,,
18340,PES,52106,Philadelphia Refinery,PA,37,OP,N,,, , ,, , ,,, ,,,,,,,FD,0.04,NP,OT,2009,LN,FR,,NC,,,, ,,, ,, ,,,,,,
18340,PES,52106,Philadelphia Refinery,PA,38,OS,N,,, , ,, , ,,, ,,,,,,,FD,0.04,NP,OT,0,LN,FR,,NC,,,, ,,, ,, ,,,,,,
18340,PES,52106,Philadelphia Refinery,PA,39,OP,N,,, , ,, , ,,, ,,,,,,,FD,0.04,NP,OT,2009,LN,FR,,NC,,,, ,,, ,, ,,,,,,
18340,PES,52106,Philadelphia Refinery,PA,40,OP,N,,, , ,, , ,,, ,,,,,,,FD,0.04,NP,OT,2010,LN,FR,,NC,,,, ,,, ,, ,,,,,,
18340,PES,52106,Philadelphia Refinery,PA,45,PL,,,, , ,, , ,,, ,,,,,,,FD,0.04,NP,OT,2015,SR,FR,LN,,,,, ,,, ,, ,,,,,,
18414,TES Filer City Station LP,50835,TES Filer City Station,MI,1,OP,N,,, , ,, , ,,, ,,,,,,,FD,0.6,NP,MO,1990,MS,NC,,MS,NC,,, ,,, ,FD,1990,BP,SD,,BP,SD,
18414,TES Filer City Station LP,50835,TES Filer City Station,MI,2,OP,N,,, , ,, , ,,, ,,,,,,,FD,0.6,NP,MO,1990,MS,NC,,MS,NC,,, ,,, ,FD,1990,BP,SD,,BP,SD,
18445,City of Tallahassee - (FL),688,Arvah B Hopkins,FL,1,OP,N,N,, , ,ST,0.75, ,DP,PS,1995,SS,,,SS,,,, ,,, ,,,,,,,,0.1,PB,PS,1995,, ,,,,,,
18445,City of Tallahassee - (FL),688,Arvah B Hopkins,FL,2,RE,N,N,, , ,FD,0.06, ,DP,OH,1995,SS,,,SS,,,FD, ,NM,MO,1995,OV,,,FR,,,FD,1,PB,TH,1995,, ,,,,,,
18445,City of Tallahassee - (FL),688,Arvah B Hopkins,FL,2A,OP,N,N,, , ,FD,0.05, ,SU,OT,2008,SS,,,NC,,,ST,5,NM,MO,2008,SR,LN,,NC,,,FD, ,,,1995,, ,,,,,,
18445,City of Tallahassee - (FL),689,S O Purdom,FL,7,RE,N,N,, , ,ST,1.87, ,DP,PS,1993,,,,,,,, ,,, ,,,,,,,,0.1,PB,PS,1993,, ,,,,,,
18445,City of Tallahassee - (FL),689,S O Purdom,FL,9,OP,N,N,, , ,,0.05, ,SU,OT,2000,,,,,,,ST,12,NM,MO,2000,H20,LN,,LN,,,, ,,, ,, ,,,,,,
18454,Tampa Electric Co,645,Big Bend,FL,BB01,OP,N,Y,0570039-061-AV,4,2013,FD,0.2,1,SB,MO,2015,NC,,,NC,SS,,FD,0.12,NP,MO,2010,SR,,,MS,,,ST,0.03,PB,PS,1975,FD,2015,,,,EC,TR,
18454,Tampa Electric Co,645,Big Bend,FL,BB02,OP,N,Y,0570039-061-AV,4,2013,FD,0.2,1,SB,MO,2015,NC,,,NC,SS,,FD,0.12,NP,MO,2009,SR,,,MS,,,ST,0.03,PB,PS,1975,FD,2015,,,,EC,TR,
18454,Tampa Electric Co,645,Big Bend,FL,BB03,OP,N,Y,0570039-061-AV,4,2013,FD,0.2,1,SB,MO,2015,NC,,,NC,SS,,FD,0.12,NP,MO,2008,SR,,,MS,,,ST,0.03,PB,PS,1976,FD,2015,,,,EC,TR,
18454,Tampa Electric Co,645,Big Bend,FL,BB04,OP,Da,Y,0570039-061-AV,4,2013,FD,0.2,1,SB,MO,2015,NC,,,NC,SS,,FD,0.1,NP,MO,2007,SR,,,MS,,,ST,0.01,PB,PS,1985,FD,2015,,,,EC,TR,
18454,Tampa Electric Co,7242,Polk,FL,1A,OP,,,, , ,, , ,,, ,,,,,,,, ,,, ,,,,,,,, ,,, ,, ,,,,,,
18454,Tampa Electric Co,7242,Polk,FL,1B,OP,,,, , ,, , ,,, ,,,,,,,, ,,, ,,,,,,,, ,,, ,, ,,,,,,
18454,Tampa Electric Co,7242,Polk,FL,1C,OP,,,, , ,, , ,,, ,,,,,,,, ,,, ,,,,,,,, ,,, ,, ,,,,,,
18454,Tampa Electric Co,7242,Polk,FL,2A,OP,,,, , ,, , ,,, ,,,,,,,, ,,, ,,,,,,,, ,,, ,, ,,,,,,
18454,Tampa Electric Co,7242,Polk,FL,2B,OP,,,, , ,, , ,,, ,,,,,,,, ,,, ,,,,,,,, ,,, ,, ,,,,,,
18454,Tampa Electric Co,7242,Polk,FL,2C,OP,,,, , ,, , ,,, ,,,,,,,, ,,, ,,,,,,,, ,,, ,, ,,,,,,
18454,Tampa Electric Co,7873,H L Culbreath Bayside Power Station,FL,1A,OP,,,, , ,, , ,,, ,,,,,,,, ,,, ,,,,,,,, ,,, ,, ,,,,,,
18454,Tampa Electric Co,7873,H L Culbreath Bayside Power Station,FL,1B,OP,,,, , ,, , ,,, ,,,,,,,, ,,, ,,,,,,,, ,,, ,, ,,,,,,
18454,Tampa Electric Co,7873,H L Culbreath Bayside Power Station,FL,1C,OP,,,, , ,, , ,,, ,,,,,,,, ,,, ,,,,,,,, ,,, ,, ,,,,,,
18454,Tampa Electric Co,7873,H L Culbreath Bayside Power Station,FL,2A,OP,,,, , ,, , ,,, ,,,,,,,, ,,, ,,,,,,,, ,,, ,, ,,,,,,
18454,Tampa Electric Co,7873,H L Culbreath Bayside Power Station,FL,2B,OP,,,, , ,, , ,,, ,,,,,,,, ,,, ,,,,,,,, ,,, ,, ,,,,,,
18454,Tampa Electric Co,7873,H L Culbreath Bayside Power Station,FL,2C,OP,,,, , ,, , ,,, ,,,,,,,, ,,, ,,,,,,,, ,,, ,, ,,,,,,
18454,Tampa Electric Co,7873,H L Culbreath Bayside Power Station,FL,2D,OP,,,, , ,, , ,,, ,,,,,,,, ,,, ,,,,,,,, ,,, ,, ,,,,,,
18488,City of Taunton,1682,Cleary Flood,MA,8,OP,N,N,, , ,ST,0.5,0,DP,YR,1978,SS,,,SS,,,ST,0.28,NH,DA,1996,LN,,,LA,,,ST,0.12,PB,PS,1979,, ,,,,,,
18488,City of Taunton,1682,Cleary Flood,MA,9,OP,N,N,, , ,ST,0.05,0,DP,YR,1978,SS,,,SS,,,ST,0.17,NP,DA,2014,LN,AA,,LN,,,ST,0.03,PB,PS,1979,, ,,,,,,
18518,Tenaska Gateway Partners Ltd,55132,Tenaska Gateway Generating Station,TX,HRSG1,OP,Da,Y,40039,5,1999,FD,33.5, ,DH,OH,2001,NC,,,NC,,,FD,12.2,NH,OH,2001,LN,,,NC,,,FD,24.8,PH,OH,2001,, ,,,,,,
18518,Tenaska Gateway Partners Ltd,55132,Tenaska Gateway Generating Station,TX,HRSG2,OP,Da,Y,40039,5,1999,FD,33.5, ,DH,OH,2001,NC,,,NC,,,FD,12.2,NH,OH,2001,LN,,,NC,,,FD,24.8,PH,OH,2001,, ,,,,,,
18518,Tenaska Gateway Partners Ltd,55132,Tenaska Gateway Generating Station,TX,HRSG3,OP,Da,Y,40039,5,1999,FD,33.5, ,DH,OH,2001,NC,,,NC,,,FD,12.2,NH,OH,2001,LN,,,NC,,,FD,24.8,PH,OH,2001,, ,,,,,,
18569,Tenaska Virginia Partners LP,55439,Tenaska Virginia Generating Station,VA,HRSG1,OP,Da,Y,40995,1,2008,ST,0.001,0,DP,YR,2004,NC,,,NC,,,ST,0.008,NP,YR,2004,NH3,SR,H20,NC,,,ST,12.2,PB,YR,2004,ST,2004,,,,,,
18569,Tenaska Virginia Partners LP,55439,Tenaska Virginia Generating Station,VA,HRSG2,OP,Da,Y,40995,1,2008,ST,0.001,0,SB,YR,2004,NC,,,NC,,,ST,0.008,NP,YR,2004,NH3,SR,H20,NC,,,ST,31.5,PB,YR,2004,ST,2004,,,,,,
18569,Tenaska Virginia Partners LP,55439,Tenaska Virginia Generating Station,VA,HRSG3,OP,Da,Y,40995,6,2008,ST,0.001,0,SB,YR,2004,NC,,,NC,,,ST,0.008,NP,YR,2004,NH3,SR,H20,NC,,,ST,30.6,PB,YR,2004,ST,2004,,,,,,
18611,Tenaska Frontier Partners Ltd,55062,Tenaska Frontier Generation Station,TX,HRSG1,OP,Da,Y,37391/PSD-TX-897,7,1998,FD,13.4, ,DH,OH,2000,NC,,,NC,,,FD,147,NH,OH,2000,LN,,,NC,,,FD,23.5,PH,OH,2000,, ,,,,,,
18611,Tenaska Frontier Partners Ltd,55062,Tenaska Frontier Generation Station,TX,HRSG2,OP,Da,Y,37391/PSD-TX-897,7,1998,FD,13.4, ,DH,OH,2000,NC,,,NC,,,FD,147,NH,OH,2000,LN,,,NC,,,FD,23.5,PH,OH,2000,, ,,,,,,
18611,Tenaska Frontier Partners Ltd,55062,Tenaska Frontier Generation Station,TX,HRSG3,OP,Da,Y,37391/PSD-TX-897,7,1998,FD,13.4, ,DH,OH,2000,NC,,,NC,,,FD,147,NH,OH,2000,LN,,,NC,,,FD,23.5,PH,OH,2000,, ,,,,,,
18642,Tennessee Valley Authority,46,Browns Ferry,AL,NSS1,OP,,,, , ,, , ,,, ,,,,,,,, ,,, ,,,,,,,, ,,, ,, ,,,,,,
18642,Tennessee Valley Authority,46,Browns Ferry,AL,NSS2,OP,,,, , ,, , ,,, ,,,,,,,, ,,, ,,,,,,,, ,,, ,, ,,,,,,
18642,Tennessee Valley Authority,46,Browns Ferry,AL,NSS3,OP,,,, , ,, , ,,, ,,,,,,,, ,,, ,,,,,,,, ,,, ,, ,,,,,,
18642,Tennessee Valley Authority,47,Colbert,AL,1,OP,N,N,, , ,ST,2.2, ,DP,DA,1991,NC,,,NC,,,FD, ,NP,YR,1996,LN,,,NC,,,ST,0.12,PB,PS,1978,,2016,,,,,,
18642,Tennessee Valley Authority,47,Colbert,AL,2,OP,N,N,, , ,ST,2.2, ,DP,DA,1991,NC,,,NC,,,FD, ,NP,YR,1996,LN,,,NC,,,ST,0.12,PB,PS,1978,,2016,,,,,,
18642,Tennessee Valley Authority,47,Colbert,AL,3,OP,N,N,, , ,ST,2.2, ,DP,DA,1991,NC,,,NC,,,FD, ,NP,YR,1996,LN,,,NC,,,ST,0.12,PB,PS,1978,,2016,,,,,,
18642,Tennessee Valley Authority,47,Colbert,AL,4,OP,N,N,, , ,ST,2.2, ,DP,DA,1991,NC,,,NC,,,FD, ,NP,YR,1996,LN,,,NC,,,ST,0.12,PB,PS,1978,,2016,,,,,,
18642,Tennessee Valley Authority,47,Colbert,AL,5,OP,N,N,, , ,ST,2.2, ,DP,DA,1979,,,,,,,FD, ,NP,YR,1996,LN,,,NC,,,ST,0.12,PB,PS,1978,, ,,,,,,
18642,Tennessee Valley Authority,50,Widows Creek,AL,1,OS,N,N,, , ,ST, , ,DP,DA,1979,,,,,,,FD, ,NP,YR,2000,LN,,,NC,,,ST,0.12,PB,PS,1977,, ,,,,,,
18642,Tennessee Valley Authority,50,Widows Creek,AL,2,OS,N,N,, , ,ST, , ,DP,DA,1979,,,,,,,FD, ,NP,YR,2000,LN,,,NC,,,ST,0.12,PB,PS,1977,, ,,,,,,
18642,Tennessee Valley Authority,50,Widows Creek,AL,3,RE,N,N,, , ,ST, , ,DP,DA,1979,,,,,,,FD, ,NP,YR,2000,LN,,,NC,,,ST,0.12,PB,PS,1977,, ,,,,,,
18642,Tennessee Valley Authority,50,Widows Creek,AL,4,OS,N,N,, , ,ST, , ,DP,DA,1979,,,,,,,FD, ,NP,YR,2000,LN,,,NC,,,ST,0.12,PB,PS,1977,, ,,,,,,
18642,Tennessee Valley Authority,50,Widows Creek,AL,5,RE,N,N,, , ,ST, , ,DP,DA,1979,,,,,,,FD, ,NP,YR,2000,LN,,,NC,,,ST,0.12,PB,PS,1977,, ,,,,,,
18642,Tennessee Valley Authority,50,Widows Creek,AL,6,OP,N,N,, , ,ST, , ,DP,DA,1979,,,,,,,FD, ,NP,YR,2000,LN,,,NC,,,ST,0.12,PB,PS,1977,, ,,,,,,
18642,Tennessee Valley Authority,50,Widows Creek,AL,7,OP,N,N,, , ,ST,0.9, ,DP,DA,1981,NC,,,NC,,,FD, ,NP,YR,2000,LN,OV,,NC,,,ST,0.12,PB,PS,1981,,2015,,,,VE,OT,
18642,Tennessee Valley Authority,50,Widows Creek,AL,8,OP,N,N,, , ,ST,0.9, ,DP,DA,1979,NC,,,NC,,,FD, ,NP,YR,2000,LN,OV,,NC,,,ST,0.12,PB,PS,1978,, ,,,,VE,OT,
18642,Tennessee Valley Authority,1378,Paradise,KY,1,OP,N,N,, , ,ST,1.2, ,DP,DA,1983,NC,,,NC,,,FD, ,NP,YR,2000,OV,,,NC,,,ST,0.11,PB,PS,1983,,2016,,,,VE,OT,
18642,Tennessee Valley Authority,1378,Paradise,KY,2,OP,N,N,, , ,ST,1.2, ,DP,DA,1983,NC,,,NC,,,FD, ,NP,YR,2000,OV,,,NC,,,ST,0.11,PB,PS,1983,,2016,,,,VE,OT,
18642,Tennessee Valley Authority,1378,Paradise,KY,3,OP,N,N,, , ,ST,0.9, ,DP,DA,1981,NC,,,NC,,,FD, ,NP,YR,2000,OV,,,NC,,,ST,0.11,PB,PS,1981,,2015,,,,VE,OT,
18642,Tennessee Valley Authority,1379,Shawnee,KY,1,OP,N,N,, , ,ST,1.2, ,DP,DA,1981,NC,,,NC,,,FD, ,NP,YR,2000,OT,LN,,NC,,,ST,0.11,PB,PS,1981,,2015,,,,BR,,
18642,Tennessee Valley Authority,1379,Shawnee,KY,10,OS,Da,N,, , ,ST, , ,DP,MO,1990,,,,,,,ST, ,NP,MO,1990,,,,,,,ST,0.03,PB,PS,1990,, ,,,,,,
18642,Tennessee Valley Authority,1379,Shawnee,KY,2,OP,N,N,, , ,ST,1.2, ,DP,DA,1981,NC,,,NC,,,FD, ,NP,YR,2000,LN,,,NC,,,ST,0.11,PB,PS,1981,,2015,,,,BR,,
18642,Tennessee Valley Authority,1379,Shawnee,KY,3,OP,N,N,, , ,ST,1.2, ,DP,DA,1981,NC,,,NC,,,FD, ,NP,YR,2000,LN,,,NC,,,ST,0.11,PB,PS,1981,,2015,,,,BR,,
18642,Tennessee Valley Authority,1379,Shawnee,KY,4,OP,N,N,, , ,ST,1.2, ,DP,DA,1981,NC,,,NC,,,FD, ,NP,YR,2000,LN,,,NC,,,ST,0.11,PB,PS,1981,,2015,,,,BR,,
18642,Tennessee Valley Authority,1379,Shawnee,KY,5,OP,N,N,, , ,ST,1.2, ,DP,DA,1980,NC,,,NC,,,FD, ,NP,YR,2000,LN,,,NC,,,ST,0.11,PB,PS,1980,,2015,,,,BR,,
18642,Tennessee Valley Authority,1379,Shawnee,KY,6,OP,N,N,, , ,ST,1.2, ,DP,DA,1980,NC,,,NC,,,FD, ,NP,YR,2000,LN,,,NC,,,ST,0.11,PB,PS,1980,,2015,,,,BR,,
18642,Tennessee Valley Authority,1379,Shawnee,KY,7,OP,N,N,, , ,ST,1.2, ,DP,DA,1980,NC,,,NC,,,FD, ,NP,YR,2000,LN,,,NC,,,ST,0.11,PB,PS,1980,,2015,,,,BR,,
18642,Tennessee Valley Authority,1379,Shawnee,KY,8,OP,N,N,, , ,ST,1.2, ,DP,DA,1981,NC,,,NC,,,FD, ,NP,YR,2000,LN,,,NC,,,ST,0.11,PB,PS,1981,,2015,,,,BR,,
18642,Tennessee Valley Authority,1379,Shawnee,KY,9,OP,N,N,, , ,ST,1.2, ,DP,DA,1981,NC,,,NC,,,FD, ,NP,YR,2000,LN,,,NC,,,ST,0.11,PB,PS,1981,,2015,,,,BR,,
18642,Tennessee Valley Authority,3393,Allen Steam Plant,TN,1,OP,N,N,, , ,LO,4, ,DP,DA,1979,NC,,,NC,,,FD, ,NP,YR,2000,OV,,,NC,,,LO,0.14,PB,PS,1978,,2015,,,,EK,,
18642,Tennessee Valley Authority,3393,Allen Steam Plant,TN,2,OP,N,N,, , ,LO,4, ,DP,DA,1979,NC,,,NC,,,FD, ,NP,YR,2000,OV,,,NC,,,LO,0.14,PB,PS,1978,,2015,,,,EK,,
18642,Tennessee Valley Authority,3393,Allen Steam Plant,TN,3,OP,N,N,, , ,LO,4, ,DP,DA,1979,NC,,,NC,,,FD, ,NP,YR,2000,OV,,,NC,,,LO,0.14,PB,PS,1978,,2015,,,,EK,,
18642,Tennessee Valley Authority,3396,Bull Run,TN,1,OP,N,N,, , ,ST,4, ,DP,DA,1978,NC,,,NC,,,FD, ,NP,YR,2000,NC,,,NC,,,ST,0.1,PB,PS,1978,,2015,SP,OT,,,,
18642,Tennessee Valley Authority,3399,Cumberland (TN),TN,1,OP,N,N,, , ,ST,5, ,DP,DA,1981,NC,,,NC,,,FD, ,NP,YR,2000,LN,,,NC,,,ST,0.1,PB,PS,1982,,2015,SP,OT,,,,
18642,Tennessee Valley Authority,3399,Cumberland (TN),TN,2,OP,D,N,, , ,ST,5, ,DP,DA,1982,NC,,,NC,,,FD, ,NP,YR,2000,LN,,,NC,,,ST,0.1,PB,PS,1982,,2015,,,,SP,OT,
18642,Tennessee Valley Authority,3403,Gallatin (TN),TN,1,OP,N,N,, , ,ST,5, ,DP,DA,1978,NC,,,NC,,,FD,0.44,NP,YR,1996,LN,OV,,NC,,,ST,0.1,PB,PS,1979,,2016,,,,BP,ACI,
18642,Tennessee Valley Authority,3403,Gallatin (TN),TN,2,OP,N,N,, , ,ST,5, ,DP,DA,1978,NC,,,NC,,,FD,0.44,NP,YR,1996,LN,OV,,NC,,,ST,0.1,PB,PS,1979,,2016,,,,BP,ACI,
18642,Tennessee Valley Authority,3403,Gallatin (TN),TN,3,OP,N,N,, , ,ST,5, ,DP,DA,1978,NC,,,NC,,,FD,0.44,NP,YR,1996,LN,OV,,NC,,,ST,0.1,PB,PS,1979,,2016,,,,BP,ACI,
18642,Tennessee Valley Authority,3403,Gallatin (TN),TN,4,OP,N,N,, , ,ST,5, ,DP,DA,1978,NC,,,NC,,,FD,0.44,NP,YR,1996,LN,OV,,NC,,,ST,0.1,PB,PS,1979,,2016,,,,BP,ACI,
18642,Tennessee Valley Authority,3405,John Sevier,TN,1,RE,N,N,, , ,ST, , ,DP,DA,1978,,,,,,,FD, ,NP,YR,1997,LN,OV,,NC,,,ST,0.11,PB,PS,1978,, ,,,,,,
18642,Tennessee Valley Authority,3405,John Sevier,TN,2,RE,N,N,, , ,ST, , ,DP,DA,1978,,,,,,,FD, ,NP,YR,1997,LN,OV,,NC,,,ST,0.11,PB,PS,1978,, ,,,,,,
18642,Tennessee Valley Authority,3405,John Sevier,TN,3,OS,N,N,, , ,ST, , ,DP,DA,1978,,,,,,,FD, ,NP,YR,1997,LN,OV,,NC,,,ST,0.11,PB,PS,1978,, ,,,,,,
18642,Tennessee Valley Authority,3405,John Sevier,TN,4,OS,N,N,, , ,ST, , ,DP,DA,1978,,,,,,,FD, ,NP,YR,1997,LN,OV,,NC,,,ST,0.11,PB,PS,1978,, ,,,,,,
18642,Tennessee Valley Authority,3405,John Sevier,TN,HRSG1,OP,Da,N,, , ,ST, , ,DP,NV,2012,NC,,,NC,,,ST, ,NM,DA,2012,NC,,,NC,,,LO,0.1,PB,TH,2012,, ,,,,,,
18642,Tennessee Valley Authority,3406,Johnsonville,TN,1,OP,N,N,, , ,ST,3.4, ,DP,DA,1982,NC,,,NC,,,FD, ,NP,YR,1996,OT,,,NC,,,ST,0.1,PB,PS,1982,,2016,,,,DSI,EW,
18642,Tennessee Valley Authority,3406,Johnsonville,TN,10,OP,N,N,, , ,ST, , ,DP,DA,1982,NC,,,NC,,,FD, ,NP,YR,1996,LN,,,NC,,,ST,0.1,PB,PS,1982,, ,,,,,,
18642,Tennessee Valley Authority,3406,Johnsonville,TN,2,OP,N,N,, , ,ST,3.4, ,DP,DA,1982,NC,,,NC,,,FD, ,NP,YR,1996,OT,,,NC,,,ST,0.1,PB,PS,1982,,2016,,,,DSI,EW,
18642,Tennessee Valley Authority,3406,Johnsonville,TN,3,OP,N,N,, , ,ST,3.4, ,DP,DA,1982,NC,,,NC,,,FD, ,NP,YR,1996,OT,,,NC,,,ST,0.1,PB,PS,1982,,2016,,,,DSI,EW,
18642,Tennessee Valley Authority,3406,Johnsonville,TN,4,OP,N,N,, , ,ST,3.4, ,DP,DA,1982,NC,,,NC,,,FD, ,NP,YR,1996,OT,,,NC,,,ST,0.1,PB,PS,1982,,2016,,,,DSI,EW,
18642,Tennessee Valley Authority,3406,Johnsonville,TN,5,OP,N,N,, , ,ST, , ,DP,DA,1982,NC,,,NC,,,FD, ,NP,YR,1996,OT,,,NC,,,ST,0.1,PB,PS,1982,, ,,,,,,
18642,Tennessee Valley Authority,3406,Johnsonville,TN,6,OP,N,N,, , ,ST, , ,DP,DA,1982,NC,,,NC,,,FD, ,NP,YR,1996,OT,,,NC,,,ST,0.1,PB,PS,1982,, ,,,,,,
18642,Tennessee Valley Authority,3406,Johnsonville,TN,7,OP,N,N,, , ,ST, , ,DP,DA,1982,NC,,,NC,,,FD, ,NP,YR,1996,LN,,,NC,,,ST,0.1,PB,PS,1982,, ,,,,,,
18642,Tennessee Valley Authority,3406,Johnsonville,TN,8,OP,N,N,, , ,ST, , ,DP,DA,1982,NC,,,NC,,,FD, ,NP,YR,1996,LN,,,NC,,,ST,0.1,PB,PS,1982,, ,,,,,,
18642,Tennessee Valley Authority,3406,Johnsonville,TN,9,OP,N,N,, , ,ST, , ,DP,DA,1982,NC,,,NC,,,FD, ,NP,YR,1996,LN,,,NC,,,ST,0.1,PB,PS,1982,, ,,,,,,
18642,Tennessee Valley Authority,3407,Kingston,TN,1,OP,N,N,, , ,ST,2.8, ,DP,DA,1979,NC,,,NC,,,FD, ,NP,YR,2000,OT,,,NC,,,ST,0.1,PB,PS,1978,,2015,,,,SP,OT,
18642,Tennessee Valley Authority,3407,Kingston,TN,2,OP,N,N,, , ,ST,2.8, ,DP,DA,1979,NC,,,NC,,,FD, ,NP,YR,2000,OT,,,NC,,,ST,0.1,PB,PS,1978,,2015,,,,SP,OT,
18642,Tennessee Valley Authority,3407,Kingston,TN,3,OP,N,N,, , ,ST,2.8, ,DP,DA,1979,NC,,,NC,,,FD, ,NP,YR,2000,OT,,,,,,ST,0.1,PB,PS,1978,,2015,,,,SP,OT,
18642,Tennessee Valley Authority,3407,Kingston,TN,4,OP,N,N,, , ,ST,2.8, ,DP,DA,1979,NC,,,NC,,,FD, ,NP,YR,2000,OT,,,NC,,,ST,0.1,PB,PS,1978,,2015,,,,SP,OT,
18642,Tennessee Valley Authority,3407,Kingston,TN,5,OP,N,N,, , ,ST,2.8, ,DP,DA,1979,NC,,,NC,,,FD, ,NP,YR,2000,OT,LN,OV,NC,,,ST,0.1,PB,PS,1978,,2015,,,,SP,OT,
18642,Tennessee Valley Authority,3407,Kingston,TN,6,OP,N,N,, , ,ST,2.8, ,DP,DA,1979,NC,,,NC,,,FD, ,NP,YR,2000,OT,LN,OV,NC,,,ST,0.1,PB,PS,1978,,2015,,,,SP,OT,
18642,Tennessee Valley Authority,3407,Kingston,TN,7,OP,N,N,, , ,ST,2.8, ,DP,DA,1979,NC,,,NC,,,FD, ,NP,YR,2000,OT,LN,OV,NC,,,ST,0.1,PB,PS,1978,,2015,,,,SP,OT,
18642,Tennessee Valley Authority,3407,Kingston,TN,8,OP,N,N,, , ,ST,2.8, ,DP,DA,1979,NC,,,NC,,,FD, ,NP,YR,2000,OT,LN,OV,NC,,,ST,0.1,PB,PS,1978,,2015,,,,SP,OT,
18642,Tennessee Valley Authority,3407,Kingston,TN,9,OP,N,N,, , ,ST,2.8, ,DP,DA,1979,NC,,,NC,,,FD, ,NP,YR,2000,OT,,,NC,,,ST,0.1,PB,PS,1978,,2015,,,,SP,OT,
18642,Tennessee Valley Authority,6152,Sequoyah,TN,NSS1,OP,,,, , ,, , ,,, ,,,,,,,, ,,, ,,,,,,,, ,,, ,, ,,,,,,
18642,Tennessee Valley Authority,6152,Sequoyah,TN,NSS2,OP,,,, , ,, , ,,, ,,,,,,,, ,,, ,,,,,,,, ,,, ,, ,,,,,,
18642,Tennessee Valley Authority,7722,Watts Bar Nuclear Plant,TN,NSS1,OP,,,, , ,, , ,,, ,,,,,,,, ,,, ,,,,,,,, ,,, ,, ,,,,,,
18642,Tennessee Valley Authority,7722,Watts Bar Nuclear Plant,TN,NSS2,CO,,,, , ,, , ,,, ,,,,,,,, ,,, ,,,,,,,, ,,, ,, ,,,,,,
18642,Tennessee Valley Authority,7845,Lagoon Creek,TN,HRSG,OP,N,,, , ,, , ,,, ,,,,,,,, ,,, ,,,,,,,, ,,, ,, ,,,,,,
18642,Tennessee Valley Authority,55197,Caledonia,MS,1,OP,Da,N,, , ,ST, , ,DH,OH,2003,NC,,,NC,,,ST, ,NM,DA,2003,NC,,,NC,,,ST,24,PH,OH,2003,, ,,,,,,
18642,Tennessee Valley Authority,55197,Caledonia,MS,2,OP,Da,N,, , ,ST, , ,DH,OH,2003,NC,,,NC,,,ST, ,NM,DA,2003,NC,,,NC,,,ST,24,PH,OH,2003,, ,,,,,,
18642,Tennessee Valley Authority,55197,Caledonia,MS,3,OP,Da,N,, , ,ST, , ,DH,OH,2003,NC,,,NC,,,ST, ,NM,DA,2003,NC,,,NC,,,ST,24,PH,OH,2003,, ,,,,,,
18642,Tennessee Valley Authority,55269,TVA Southaven Combined Cycle,MS,1,OP,Da,Y,0680-00095,4,2000,ST, , ,DH,OH,2003,NC,,,NC,,,ST, ,NM,DA,2003,NC,,,NC,,,ST,24,PH,OH,2003,, ,,,,,,
18642,Tennessee Valley Authority,55269,TVA Southaven Combined Cycle,MS,2,OP,Da,Y,0680-00095,4,2000,ST, , ,DH,OH,2003,NC,,,NC,,,ST, ,NM,DA,2003,NC,,,NC,,,ST,24,PH,OH,2003,, ,,,,,,
18642,Tennessee Valley Authority,55269,TVA Southaven Combined Cycle,MS,3,OP,Da,Y,0680-00095,4,2000,ST, , ,DH,OH,2003,NC,,,NC,,,ST, ,NM,DA,2003,NC,,,NC,,,ST,24,PH,OH,2003,, ,,,,,,
18642,Tennessee Valley Authority,55451,Magnolia Power Plant,MS,FB1,OP,Da,N,, , ,ST, , ,DH,NV,2003,NC,,,NC,,,ST, ,NH,TH,2003,NC,,,NC,,,ST,6.8,PH,NV,2003,, ,,,,,,
18642,Tennessee Valley Authority,55451,Magnolia Power Plant,MS,FB2,OP,Da,N,, , ,ST, , ,DH,NV,2003,NC,,,NC,,,ST, ,NH,TH,2003,NC,,,NC,,,ST,6.8,PH,NV,2003,, ,,,,,,
18642,Tennessee Valley Authority,55451,Magnolia Power Plant,MS,FB3,OP,Da,N,, , ,ST, , ,DH,NV,2003,NC,,,NC,,,ST, ,NH,NV,2003,NC,,,NC,,,ST,6.8,PH,NV,2003,, ,,,,,,
18715,Texas Municipal Power Agency,6136,Gibbons Creek,TX,1,OP,D,Y,5699/PSD-TX-18M1,4,2013,FD,6952,0,OT,YR,1983,SS,IF,,IF,,,ST,0.165,NP,YR,2007,AA,LA,LN,AA,LA,LN,FD,20,OP,SM,1983,FD,2016,OT,SP,,OT,SP,
18760,"TPC Group, LLC",50229,Texas Petrochemicals,TX,TPCBLR,OP,N,N,, , ,, , ,,, ,,,,,,,, ,,, ,,,,,,,, ,,, ,, ,,,,,,
18835,Tenaska Alabama B LP,55440,Tenaska Central Alabama Generating Stn,AL,HRSG1,OP,Db,Y,201-0009-X001,2,2001,FD,0.006, ,DP,NV,2003,NC,,,NC,,,FD,0.013,NP,TH,2003,SR,NH3,,SR,NH3,,FD,0.0166,PB,NV,2003,, ,,,,,,
18835,Tenaska Alabama B LP,55440,Tenaska Central Alabama Generating Stn,AL,HRSG2,OP,Db,Y,201-0009-X001,2,2001,FD,0.006, ,DP,NV,2003,NC,,,NC,,,FD,0.013,NP,TH,2003,SR,NH3,,SR,NH3,,FD,0.0166,PB,NV,2003,, ,,,,,,
18835,Tenaska Alabama B LP,55440,Tenaska Central Alabama Generating Stn,AL,HRSG3,OP,Db,Y,201-0009-X001,2,2001,FD,0.006, ,DP,NV,2003,NC,,,NC,,,FD,0.013,NP,TH,2003,SR,NH3,,SR,NH3,,FD,0.0166,PB,NV,2003,, ,,,,,,
19099,TransAlta Centralia Gen LLC,3845,Transalta Centralia Generation,WA,30,RE,Db,Y,PSD-01-01,6,2004,, , ,,,2002,NC,,,NC,,,ST,6.33,NH,OH,2002,CF,,,NC,,,ST,4.1,PH,OH,2002,, ,,,,,,
19099,TransAlta Centralia Gen LLC,3845,Transalta Centralia Generation,WA,40,RE,Db,Y,PSD-01-01,6,2004,ST, , ,,,2002,NC,,,NC,,,ST,6.33,NH,OH,2002,CF,,,NC,,,ST,4.1,PH,OH,2002,, ,,,,,,
19099,TransAlta Centralia Gen LLC,3845,Transalta Centralia Generation,WA,50,RE,Db,Y,PSD-01-01,6,2004,ST, , ,,,2002,NC,,,NC,,,ST,6.33,NH,OH,2002,CF,,,NC,,,ST,4.1,PH,OH,2002,, ,,,,,,
19099,TransAlta Centralia Gen LLC,3845,Transalta Centralia Generation,WA,60,RE,Db,Y,PSD-01-01,6,2004,ST, , ,,,2002,NC,,,NC,,,ST,6.3,NH,OH,2002,CF,,,NC,,,ST,4.1,PH,OH,2002,, ,,,,,,
19099,TransAlta Centralia Gen LLC,3845,Transalta Centralia Generation,WA,BW21,OP,N,Y,PSD-01-01,6,2004,ST,250, ,DM,OH,2003,IF,SS,,NC,,,ST,0.21,NP,MO,2003,AA,LN,NH3,NC,,,ST,30,OP,OH,1974,ST,2013,ACI,,,,,
19099,TransAlta Centralia Gen LLC,3845,Transalta Centralia Generation,WA,BW22,OP,N,Y,PSD-01-01,6,2004,ST,250, ,DM,OH,2002,IF,SS,,NC,,,ST,0.21,NP,MO,2002,AA,LN,NH3,NC,,,ST,0.3,OP,OH,1973,ST,2013,ACI,,,,,
19145,"DTE Tuscola, LLC",55245,Tuscola Station,IL,1,OP,N,,, , ,, , ,,, ,,,,,,,, ,,, ,,,,,,,, ,,, ,, ,,,,,,
19145,"DTE Tuscola, LLC",55245,Tuscola Station,IL,3,OP,N,,, , ,, , ,,, ,,,,,,,, ,,, ,,,,,,,, ,,, ,, ,,,,,,
19145,"DTE Tuscola, LLC",55245,Tuscola Station,IL,4,OP,N,,, , ,, , ,,, ,,,,,,,, ,,, ,,,,,,,, ,,, ,, ,,,,,,
19153,Nassau Energy Corp,52056,Nassau Energy Corp,NY,4,OP,,,, , ,, , ,,, ,,,,,,,ST,42,NM,OH,1995,STM,,,,,,, ,,, ,ST,2008,,,,,,
19173,Colorado Energy Nations Company LLLP,10003,Colorado Energy Nations Company,CO,BLR1,OP,N,,, , ,, , ,,, ,,,,,,,FD,100,NO,OH,1996,MS,,,MS,,,, ,,, ,, ,,,,,,
19173,Colorado Energy Nations Company LLLP,10003,Colorado Energy Nations Company,CO,BLR2,OP,N,,, , ,, , ,,, ,,,,,,,FD,100,NO,OH,1996,MS,,,MS,,,, ,,, ,, ,,,,,,
19173,Colorado Energy Nations Company LLLP,10003,Colorado Energy Nations Company,CO,BLR3,OS,N,,, , ,, , ,,, ,,,,,,,FD,246,OT,YR,2013,UE,,,UE,,,, ,,, ,FD,2016,BP,OT,,BP,OT,
19173,Colorado Energy Nations Company LLLP,10003,Colorado Energy Nations Company,CO,BLR4,OP,D,,, , ,, , ,,, ,,,,,,,FD,0.2,NP,TH,1974,MS,,,MS,,,, ,,, ,FD,2016,OT,,,OT,,
19173,Colorado Energy Nations Company LLLP,10003,Colorado Energy Nations Company,CO,BLR5,OP,D,,, , ,, , ,,, ,,,,,,,FD,0.19,NP,MO,2015,,,,OT,,,, ,,, ,FD,2016,BP,OT,,BP,OT,
19194,Syracuse Energy Corp,50651,Syracuse Energy,NY,1,RE,N,N,, , ,ST, , ,DP,DA,1991,,,,,,,ST, ,NP,DA,1991,,,,,,,ST,0.05,OP,SM,1991,, ,,,,,,
19194,Syracuse Energy Corp,50651,Syracuse Energy,NY,2,RE,N,N,, , ,ST, , ,DP,DA,1991,,,,,,,ST, ,NP,DA,1991,,,,,,,ST,0.05,OP,SM,1991,, ,,,,,,
19194,Syracuse Energy Corp,50651,Syracuse Energy,NY,3,RE,N,N,, , ,ST, , ,DP,DA,1991,,,,,,,ST, ,NP,DA,1991,,,,,,,ST,0.05,OP,SM,1991,, ,,,,,,
19194,Syracuse Energy Corp,50651,Syracuse Energy,NY,4,RE,N,N,, , ,ST, , ,DP,DA,1991,,,,,,,ST, ,NP,DA,1991,,,,,,,ST,0.05,OP,SM,1991,, ,,,,,,
19194,Syracuse Energy Corp,50651,Syracuse Energy,NY,5,RE,N,N,, , ,ST, , ,DP,DA,1991,,,,,,,ST, ,NP,DA,1991,,,,,,,ST,0.05,OP,SM,1991,, ,,,,,,
19281,Turlock Irrigation District,56078,Walnut Energy Center,CA,301,OP,,,, , ,, , ,,, ,,,,,,,, ,,, ,,,,,,,, ,,, ,, ,,,,,,
19316,Two Elk Generation Partners LP,55360,Two Elk Generating Station,WY,1,CO,Da,N,, , ,ST, , ,DP,TH,2015,,,,,,,ST, ,NP,MO,2015,,,,,,,ST,0.018,PB,NV,2015,, ,,,,,,
19365,United States Sugar Corp,50482,Clewiston Sugar House,FL,B1,OP,N,,, , ,, , ,,, ,,,,,,,, ,,, ,,,,,,,, ,,, ,, ,,,,,,
19365,United States Sugar Corp,50482,Clewiston Sugar House,FL,B2,OP,N,,, , ,, , ,,, ,,,,,,,, ,,, ,,,,,,,, ,,, ,, ,,,,,,
19365,United States Sugar Corp,50482,Clewiston Sugar House,FL,B3,RE,N,,, , ,, , ,,, ,,,,,,,, ,,, ,,,,,,,, ,,, ,, ,,,,,,
19365,United States Sugar Corp,50482,Clewiston Sugar House,FL,B4,OP,N,,, , ,, , ,,, ,,,,,,,, ,,, ,,,,,,,, ,,, ,, ,,,,,,
19365,United States Sugar Corp,50482,Clewiston Sugar House,FL,B7,OP,N,,, , ,, , ,,, ,,,,,,,, ,,, ,,,,,,,, ,,, ,, ,,,,,,
19365,United States Sugar Corp,50482,Clewiston Sugar House,FL,B8,OP,,,, , ,, , ,,, ,,,,,,,, ,,, ,,,,,,,, ,,, ,, ,,,,,,
19370,United States Steel Corporation,50730,Fairfield Works,AL,10,OP,N,,, , ,, , ,,, ,,,,,,,, ,,, ,,,,,,,, ,,, ,, ,,,,,,
19370,United States Steel Corporation,50730,Fairfield Works,AL,5,OP,N,,, , ,, , ,,, ,,,,,,,, ,,, ,,,,,,,, ,,, ,, ,,,,,,
19370,United States Steel Corporation,50730,Fairfield Works,AL,8,OP,N,,, , ,, , ,,, ,,,,,,,, ,,, ,,,,,,,, ,,, ,, ,,,,,,
19370,United States Steel Corporation,50730,Fairfield Works,AL,9,OP,N,,, , ,, , ,,, ,,,,,,,, ,,, ,,,,,,,, ,,, ,, ,,,,,,
19391,UGI Development Co,3176,Hunlock Power Station,PA,6,RE,N,,, , ,, , ,,, ,,,,,,,, ,,, ,,,,,,,, ,,, ,, ,,,,,,
19391,UGI Development Co,3176,Hunlock Power Station,PA,HRSG 5,OP,,,, , ,, , ,,, ,,,,,,,, ,,, ,,,,,,,, ,,, ,, ,,,,,,
19391,UGI Development Co,3176,Hunlock Power Station,PA,HRSG 6,OP,,,, , ,, , ,,, ,,,,,,,, ,,, ,,,,,,,, ,,, ,, ,,,,,,
19436,Union Electric Co - (MO),2103,Labadie,MO,1,OP,N,N,, , ,ST,4.8, ,DP,DA,1979,SS,,,NC,,,FD,0.45,NP,YR,1996,LN,OV,,MS,,,ST,0.12,PB,NS,1984,,2016,,,,,,
19436,Union Electric Co - (MO),2103,Labadie,MO,2,OP,N,N,, , ,ST,4.8, ,DP,DA,1979,SS,,,NC,,,FD,0.45,NP,YR,1996,LN,OV,,MS,,,ST,0.12,PB,NS,1983,,2016,,,,,,
19436,Union Electric Co - (MO),2103,Labadie,MO,3,OP,N,N,, , ,ST,4.8, ,DP,DA,1979,SS,,,NC,,,FD,0.45,NP,YR,1996,LN,OV,,MS,,,ST,0.12,PB,NS,1983,,2016,,,,,,
19436,Union Electric Co - (MO),2103,Labadie,MO,4,OP,N,N,, , ,ST,4.8, ,DP,DA,1979,SS,,,NC,,,FD,0.45,NP,YR,1996,LN,OV,,MS,,,ST,0.12,PB,NS,1983,,2016,,,,,,
19436,Union Electric Co - (MO),2104,Meramec,MO,1,OP,N,N,, , ,ST,2.3, ,DP,TH,1979,SS,,,NC,,,FD,0.45,NP,YR,1996,LN,OV,,MS,,,ST,0.12,PB,NS,1982,,2016,,,,,,
19436,Union Electric Co - (MO),2104,Meramec,MO,2,OP,N,N,, , ,ST,2.3, ,DP,TH,1979,SS,,,NC,,,FD,0.45,NP,YR,1996,LN,OV,,MS,,,ST,0.12,PB,NS,1982,,2016,,,,,,
19436,Union Electric Co - (MO),2104,Meramec,MO,3,OP,N,N,, , ,ST,2.3, ,DP,TH,1979,SS,,,NC,,,FD,0.5,NP,YR,1996,LN,OV,,MS,,,ST,0.12,PB,NS,1982,,2016,,,,,,
19436,Union Electric Co - (MO),2104,Meramec,MO,4,OP,N,N,, , ,ST,2.3, ,DP,TH,1979,SS,,,NC,,,FD,0.5,NP,YR,1996,LN,OV,,MS,,,ST,0.12,PB,NS,1982,,2016,,,,,,
19436,Union Electric Co - (MO),2107,Sioux,MO,1,OP,N,N,, , ,ST,4.8, ,DP,DA,1979,SS,,,NC,,,FD,0.86,NP,YR,2000,OV,SN,OT,MS,,,ST,0.12,PB,NS,1979,,2015,,,,,,
19436,Union Electric Co - (MO),2107,Sioux,MO,2,OP,N,N,, , ,ST,0.48, ,DP,DA,1979,SS,,,NC,,,FD,0.86,NP,YR,2000,OV,SN,OT,MS,,,ST,0.12,PB,NS,1979,,2015,,,,,,
19436,Union Electric Co - (MO),6153,Callaway,MO,NSS1,OP,,,, , ,, , ,,, ,,,,,,,, ,,, ,,,,,,,, ,,, ,, ,,,,,,
19436,Union Electric Co - (MO),6155,Rush Island,MO,1,OP,N,N,, , ,ST,2.3, ,DP,TH,1979,SS,,,NC,,,FD,0.45,NP,YR,1996,LN,OV,,MS,,,ST,0.12,PB,NS,1979,,2015,,,,,,
19436,Union Electric Co - (MO),6155,Rush Island,MO,2,OP,N,N,, , ,ST,2.3, ,DP,TH,1979,SS,,,NC,,,FD,0.45,NP,YR,1996,LN,OV,,MS,,,ST,0.12,PB,NS,1979,,2015,,,,,,
19450,Union Carbide Corp-Seadrift,50150,Union Carbide Seadrift Cogen,TX,11HRSG,OP,N,,, , ,, , ,,, ,,,,,,,, ,,, ,,,,,,,, ,,, ,, ,,,,,,
19450,Union Carbide Corp-Seadrift,50150,Union Carbide Seadrift Cogen,TX,6 HRSG,OP,N,,, , ,, , ,,, ,,,,,,,, ,,, ,,,,,,,, ,,, ,, ,,,,,,
19450,Union Carbide Corp-Seadrift,50150,Union Carbide Seadrift Cogen,TX,8 HRSG,OP,N,,, , ,, , ,,, ,,,,,,,, ,,, ,,,,,,,ST, ,,, ,, ,,,,,,
19511,University of Alaska,50711,University of Alaska Fairbanks,AK,BLR1,OP,N,,, , ,, , ,,, ,,,,,,,, ,,, ,,,,,,,, ,,, ,, ,,,,,,
19511,University of Alaska,50711,University of Alaska Fairbanks,AK,BLR2,OP,N,,, , ,, , ,,, ,,,,,,,, ,,, ,,,,,,,, ,,, ,, ,,,,,,
19511,University of Alaska,50711,University of Alaska Fairbanks,AK,BLR3,OP,N,,, , ,, , ,,, ,,,,,,,, ,,, ,,,,,,,, ,,, ,, ,,,,,,
19511,University of Alaska,50711,University of Alaska Fairbanks,AK,BLR4,OP,Db,,, , ,FD, , ,,, ,,,,,,,FD, ,,, ,,,,MS,,,, ,,, ,, ,,,,,,
19517,United States Steel- Clairton,50729,Clairton Works,PA,1BLR,OP,,,, , ,, , ,,, ,,,,,,,, ,,, ,,,,,,,, ,,, ,, ,,,,,,
19517,United States Steel- Clairton,50729,Clairton Works,PA,2BLR,OP,,,, , ,, , ,,, ,,,,,,,, ,,, ,,,,,,,, ,,, ,, ,,,,,,
19517,United States Steel- Clairton,50729,Clairton Works,PA,R1BLR,OP,,,, , ,, , ,,, ,,,,,,,, ,,, ,,,,,,,, ,,, ,, ,,,,,,
19517,United States Steel- Clairton,50729,Clairton Works,PA,R2BLR,OP,,,, , ,, , ,,, ,,,,,,,, ,,, ,,,,,,,, ,,, ,, ,,,,,,
19517,United States Steel- Clairton,50729,Clairton Works,PA,T1BLR,OP,,,, , ,, , ,,, ,,,,,,,, ,,, ,,,,,,,, ,,, ,, ,,,,,,
19517,United States Steel- Clairton,50729,Clairton Works,PA,T2BLR,OP,,,, , ,, , ,,, ,,,,,,,, ,,, ,,,,,,,, ,,, ,, ,,,,,,
19519,United States Steel-Mon Valley,50732,Mon Valley Works,PA,ETBLR1,OP,N,,, , ,, , ,,, ,,,,,,,, ,,, ,,,,,,,, ,,, ,, ,,,,,,
19519,United States Steel-Mon Valley,50732,Mon Valley Works,PA,ETBLR2,OP,N,,, , ,, , ,,, ,,,,,,,, ,,, ,,,,,,,, ,,, ,, ,,,,,,
19519,United States Steel-Mon Valley,50732,Mon Valley Works,PA,ETBLR3,OP,N,,, , ,, , ,,, ,,,,,,,, ,,, ,,,,,,,, ,,, ,, ,,,,,,
19524,University of California-LA,52073,UCLA So Campus Cogen Project,CA,HRSG A,OP,,,, , ,, , ,,, ,,,,,,,LO,5,NH,OH, ,,,,MS,,,LO, ,,, ,, ,,,,,,
19524,University of California-LA,52073,UCLA So Campus Cogen Project,CA,HRSG B,OP,,,, , ,, , ,,, ,,,,,,,, ,,, ,,,,MS,,,, ,,, ,, ,,,,,,
19526,United States Steel-Gary,50733,Gary Works,IN,4BH1,OP,N,N,, , ,ST, , ,DP,DA,1991,NC,NC,NC,NC,NC,NC,ST, ,NP,OT,2004,NC,NC,NC,NC,NC,NC,ST,0.036,PB,DA,1993,, ,,,,,,
19526,United States Steel-Gary,50733,Gary Works,IN,4BH2,OP,N,N,, , ,ST, , ,DP,DA,1991,NC,,,NC,,,ST, ,NP,OT,2004,NC,,,NC,,,ST,0.036,PB,DA,1993,, ,,,,,,
19526,United States Steel-Gary,50733,Gary Works,IN,4BH3,OP,N,N,, , ,ST, , ,DP,DA,1991,NC,,,NC,,,ST, ,NP,OT,2004,NC,,,NC,,,ST,0.036,PB,DA,1993,, ,,,,,,
19526,United States Steel-Gary,50733,Gary Works,IN,TBB1,OP,N,N,, , ,ST, , ,SB,DA,1991,NC,,,NC,,,ST, ,NP,OT,2004,NC,,,NC,,,ST,0.037,PB,DA,1993,, ,,,,,,
19526,United States Steel-Gary,50733,Gary Works,IN,TBB2,OP,N,N,, , ,ST, , ,SB,DA,1991,NC,,,NC,,,ST, ,NP,OT,2004,NC,,,NC,,,ST,0.037,PB,DA,1993,, ,,,,,,
19526,United States Steel-Gary,50733,Gary Works,IN,TBB3,OP,N,N,, , ,ST, , ,SB,DA,1991,NC,,,NC,,,ST, ,NP,OT,2004,NC,,,NC,,,ST,0.037,PB,DA,1993,, ,,,,,,
19526,United States Steel-Gary,50733,Gary Works,IN,TBB4A,OS,Db,N,, , ,ST, , ,SB,DA,1991,NC,,,NC,,,ST, ,NP,DA,2000,NC,,,NC,,,ST,0.012,PB,DA,1993,, ,,,,,,
19526,United States Steel-Gary,50733,Gary Works,IN,TBB5,OP,N,N,, , ,ST, , ,SB,DA,1991,NC,,,NC,,,ST, ,NP,OT,2004,NC,,,NC,,,ST,0.037,PB,DA,1993,, ,,,,,,
19526,United States Steel-Gary,50733,Gary Works,IN,TBB6,OP,D,N,, , ,ST, , ,SB,DA,1991,NC,,,NC,,,ST, ,NP,OT,2001,NC,,,NC,,,ST,0.039,PB,DA,1993,, ,,,,,,
19528,University of Illinois,54780,University of Illinois Abbott Power Plt,IL,B2,OP,N,,, , ,, , ,,, ,,,,,,,, ,,, ,,,,,,,, ,,, ,, ,,,,,,
19528,University of Illinois,54780,University of Illinois Abbott Power Plt,IL,B3,OP,N,,, , ,, , ,,, ,,,,,,,, ,,, ,,,,,,,, ,,, ,, ,,,,,,
19528,University of Illinois,54780,University of Illinois Abbott Power Plt,IL,B4,SB,N,,, , ,, , ,,, ,,,,,,,, ,,, ,,,,,,,, ,,, ,, ,,,,,,
19528,University of Illinois,54780,University of Illinois Abbott Power Plt,IL,B5,OP,,,, , ,, , ,,, ,,,,,,,, ,,, ,,,,,,,, ,,, ,, ,,,,,,
19528,University of Illinois,54780,University of Illinois Abbott Power Plt,IL,B6,OP,N,,, , ,, , ,,, ,,,,,,,, ,,, ,,,,,,,, ,,, ,, ,,,,,,
19528,University of Illinois,54780,University of Illinois Abbott Power Plt,IL,B7,OP,N,,, , ,, , ,,, ,,,,,,,, ,,, ,,,,,,,, ,,, ,, ,,,,,,
19528,University of Illinois,54780,University of Illinois Abbott Power Plt,IL,CR,OP,,,, , ,, , ,,, ,,,,,,,, ,,, ,,,,,,,, ,,, ,, ,,,,,,
19528,University of Illinois,54780,University of Illinois Abbott Power Plt,IL,DB1,OP,,,, , ,, , ,,, ,,,,,,,, ,,, ,,,,,,,, ,,, ,, ,,,,,,
19528,University of Illinois,54780,University of Illinois Abbott Power Plt,IL,DB2,OP,,,, , ,, , ,,, ,,,,,,,, ,,, ,,,,,,,, ,,, ,, ,,,,,,
19533,University of Oklahoma,50307,University of Oklahoma,OK,B1,OP,N,,, , ,, , ,,, ,,,,,,,, ,,, ,,,,,,,, ,,, ,, ,,,,,,
19533,University of Oklahoma,50307,University of Oklahoma,OK,B2,OP,N,,, , ,, , ,,, ,,,,,,,, ,,, ,,,,,,,, ,,, ,, ,,,,,,
19533,University of Oklahoma,50307,University of Oklahoma,OK,B3,OP,N,,, , ,, , ,,, ,,,,,,,, ,,, ,,,,,,,, ,,, ,, ,,,,,,
19533,University of Oklahoma,50307,University of Oklahoma,OK,B4,OP,N,,, , ,, , ,,, ,,,,,,,, ,,, ,,,,,,,, ,,, ,, ,,,,,,
19537,University of Texas at Austin,50118,Hal C Weaver Power Plant,TX,B1,OP,,,, , ,, , ,,, ,,,,,,,, ,,, ,,,,,,,, ,,, ,, ,,,,,,
19537,University of Texas at Austin,50118,Hal C Weaver Power Plant,TX,B2,OP,,,, , ,, , ,,, ,,,,,,,, ,,, ,,,,,,,, ,,, ,, ,,,,,,
19537,University of Texas at Austin,50118,Hal C Weaver Power Plant,TX,B3,OP,,,, , ,, , ,,, ,,,,,,,, ,,, ,,,,,,,, ,,, ,, ,,,,,,
19537,University of Texas at Austin,50118,Hal C Weaver Power Plant,TX,B7,OP,,,, , ,, , ,,, ,,,,,,,, ,,, ,,,,,,,, ,,, ,, ,,,,,,
19537,University of Texas at Austin,50118,Hal C Weaver Power Plant,TX,HRSG10,OP,,,, , ,, , ,,, ,,,,,,,, ,,, ,NH3,,,,,,, ,,, ,, ,,,,,,
19537,University of Texas at Austin,50118,Hal C Weaver Power Plant,TX,HRSG8,SB,,,, , ,, , ,,, ,,,,,,,, ,,, ,,,,,,,, ,,, ,, ,,,,,,
19539,University of Iowa,54775,University of Iowa Main Power Plant,IA,BLR10,OP,N,,, , ,, , ,,, ,,,,,,,ST,92,NH,OH,1975,,,,,,,, ,,, ,, ,,,,,,
19539,University of Iowa,54775,University of Iowa Main Power Plant,IA,BLR11,OP,N,,, , ,, , ,,, ,,,,,,,ST,0.4,NP,OT,1987,CF,,,CF,,,, ,,, ,, ,,,,,,
19539,University of Iowa,54775,University of Iowa Main Power Plant,IA,BLR7,OP,N,,, , ,, , ,,, ,,,,,,,ST,0.1,NP,OT,1991,FR,,,FR,,,, ,,, ,, ,,,,,,
19539,University of Iowa,54775,University of Iowa Main Power Plant,IA,BLR8,OP,N,,, , ,, , ,,, ,,,,,,,ST,0.1,NP,OT,1991,FR,,,FR,,,, ,,, ,, ,,,,,,
19539,University of Iowa,54775,University of Iowa Main Power Plant,IA,BLR9,RE,N,,, , ,, , ,,, ,,,,,,,, ,,, ,,,,,,,, ,,, ,, ,,,,,,
19541,University of North Carolina,54276,Univ of NC Chapel Hill Cogen Facility,NC,6,OP,Db,,, , ,FD, , ,,, ,,,,,,,FD,0.6,NP,MO,1991,CF,,,CF,,,FD,0.051,PB,, ,ST,2013,DSI,,,DSI,,
19541,University of North Carolina,54276,Univ of NC Chapel Hill Cogen Facility,NC,7,OP,Db,,, , ,, , ,,, ,,,,,,,, ,,, ,,,,,,,, ,,, ,, ,,,,,,
19545,Black Hills Power Inc,3325,Ben French,SD,1,OS,N,,, , ,, , ,,, ,,,,,,,, ,,, ,,,,,,,, ,,, ,, ,,,,,,
19545,Black Hills Power Inc,4150,Neil Simpson,WY,5,OP,N,,, , ,, , ,,, ,,,,,,,ST,0.075,NP,PS,1969,LA,,,,,,, ,,, ,ST,1969,EK,,,,,
19545,Black Hills Power Inc,4151,Osage (WY),WY,1,OS,N,,, , ,, , ,,, ,,,,,,,, ,,, ,,,,,,,, ,,, ,, ,,,,,,
19545,Black Hills Power Inc,4151,Osage (WY),WY,2,OS,N,,, , ,, , ,,, ,,,,,,,, ,,, ,,,,,,,, ,,, ,, ,,,,,,
19545,Black Hills Power Inc,4151,Osage (WY),WY,3,OS,N,,, , ,, , ,,, ,,,,,,,, ,,, ,,,,,,,, ,,, ,, ,,,,,,
19545,Black Hills Power Inc,7504,Neil Simpson II,WY,2,OP,N,,, , ,, , ,,, ,,,,,,,ST,0.23,NP,MO,1995,OV,LN,,OV,LN,,, ,,, ,, ,,,,,,
19545,Black Hills Power Inc,55479,Wygen 1,WY,3,OP,,,, , ,, , ,,, ,,,,,,,ST,1.6,NH,MO,2003,OV,LN,SR,OV,LN,SR,, ,,, ,, ,,,,,,
19545,Black Hills Power Inc,56319,Wygen 2,WY,1,OP,,,, , ,, , ,,, ,,,,,,,ST,0.07,NP,MO,2008,OV,LN,SR,OV,LN,SR,, ,,, ,ST,2008,BP,SD,LIJ,BP,SD,LIJ
19545,Black Hills Power Inc,56596,Wygen III,WY,1,OP,Da,Y,CT4517A,11,2008,ST,0.09, ,DP,TH,2010,IF,,,IF,,,ST,0.05,NP,MO,2010,OV,LN,SR,OV,LN,SR,ST,0.012,PB,PS,2010,ST,2010,BP,SD,LIJ,BP,SD,LIJ
19547,Hawaiian Electric Co Inc,764,Honolulu,HI,16,OP,N,N,, , ,ST, , ,SU,NV,1972,NC,,,NC,,,, ,,, ,,,,,,,ST,40,OP,SM,1972,, ,,,,,,
19547,Hawaiian Electric Co Inc,764,Honolulu,HI,17,OP,N,N,, , ,ST, , ,SU,NV,1972,NC,,,NC,,,, ,,, ,,,,,,,ST,40,OP,SM,1972,, ,,,,,,
19547,Hawaiian Electric Co Inc,765,Kahe,HI,1,OP,N,N,, , ,ST, , ,SU,NV,1972,NC,,,NC,,,, ,,, ,,,,,,,ST,40,OP,SM,1972,, ,,,,,,
19547,Hawaiian Electric Co Inc,765,Kahe,HI,2,OP,N,N,, , ,ST, , ,SU,NV,1972,NC,,,NC,,,, ,,, ,,,,,,,ST,40,OP,SM,1972,, ,,,,,,
19547,Hawaiian Electric Co Inc,765,Kahe,HI,3,OP,N,N,, , ,ST, , ,SU,NV,1972,NC,,,NC,,,, ,,, ,,,,,,,ST,40,OP,SM,1972,, ,,,,,,
19547,Hawaiian Electric Co Inc,765,Kahe,HI,4,OP,N,N,, , ,ST, , ,SU,NV,1972,NC,,,NC,,,, ,,, ,,,,,,,ST,40,OP,SM,1972,, ,,,,,,
19547,Hawaiian Electric Co Inc,765,Kahe,HI,5,OP,N,N,, , ,ST, , ,SU,NV,1974,NC,,,NC,,,, ,,, ,,,,,,,ST,20,OP,SM,1974,, ,,,,,,
19547,Hawaiian Electric Co Inc,765,Kahe,HI,6,OP,D,Y,0240-01-C,9,2002,FD, , ,DP,TH,1981,NC,,,NC,,,, ,NP,TH,1989,NC,,,NC,,,ST,0.1,PB,DT,1989,, ,,,,,,
19547,Hawaiian Electric Co Inc,766,Waiau,HI,3,OP,N,N,, , ,ST, , ,SU,NV,1972,NC,,,NC,,,, ,,, ,,,,,,,ST,40,OP,SM,1972,, ,,,,,,
19547,Hawaiian Electric Co Inc,766,Waiau,HI,4,OP,N,N,, , ,ST, , ,SU,NV,1972,NC,,,NC,,,, ,,, ,,,,,,,ST,40,OP,SM,1972,, ,,,,,,
19547,Hawaiian Electric Co Inc,766,Waiau,HI,5,OP,N,N,, , ,ST, , ,SU,NV,1972,NC,,,NC,,,, ,,, ,,,,,,,ST,40,OP,SM,1972,, ,,,,,,
19547,Hawaiian Electric Co Inc,766,Waiau,HI,6,OP,N,N,, , ,ST, , ,SU,NV,1972,NC,,,NC,,,, ,,, ,,,,,,,ST,40,OP,SM,1972,, ,,,,,,
19547,Hawaiian Electric Co Inc,766,Waiau,HI,7,OP,N,N,, , ,ST, , ,SU,NV,1972,NC,,,NC,,,, ,,, ,,,,,,,ST,40,OP,SM,1972,, ,,,,,,
19547,Hawaiian Electric Co Inc,766,Waiau,HI,8,OP,N,N,, , ,ST, , ,SU,NV,1972,NC,,,NC,,,, ,,, ,,,,,,,ST,40,OP,SM,1972,, ,,,,,,
19558,Homer Electric Assn Inc,55966,Nikiski Co-Generation,AK,HRSG,OP,,,, , ,, , ,,, ,,,,,,,, ,,, ,,,,,,,, ,,, ,, ,,,,,,
19564,University of Notre Dame,50366,University of Notre Dame,IN,BLR1,OP,N,,, , ,ST, , ,,, ,,,,,,,, ,,, ,,,,,,,ST, ,,, ,, ,,,,,,
19564,University of Notre Dame,50366,University of Notre Dame,IN,BLR2,OP,N,,, , ,, , ,,, ,,,,,,,, ,,, ,,,,,,,, ,,, ,, ,,,,,,
19564,University of Notre Dame,50366,University of Notre Dame,IN,BLR3,OP,N,,, , ,, , ,,, ,,,,,,,, ,,, ,,,,,,,, ,,, ,, ,,,,,,
19564,University of Notre Dame,50366,University of Notre Dame,IN,BLR4,OP,N,,, , ,, , ,,, ,,,,,,,, ,,, ,,,,,,,, ,,, ,, ,,,,,,
19564,University of Notre Dame,50366,University of Notre Dame,IN,BLR5,OP,N,,, , ,, , ,,, ,,,,,,,, ,,, ,,,,,,,, ,,, ,, ,,,,,,
19564,University of Notre Dame,50366,University of Notre Dame,IN,BLR6,OP,,,, , ,, , ,,, ,,,,,,,ST,30.6,NM,TH,2007,LN,FR,,LN,FR,,, ,,, ,, ,,,,,,
19588,University of Michigan,50431,University of Michigan,MI,1,OP,,,, , ,, , ,,, ,,,,,,,, ,,, ,,,,,,,, ,,, ,, ,,,,,,
19588,University of Michigan,50431,University of Michigan,MI,2,OP,,,, , ,, , ,,, ,,,,,,,, ,,, ,,,,,,,, ,,, ,, ,,,,,,
19588,University of Michigan,50431,University of Michigan,MI,3,OP,,,, , ,, , ,,, ,,,,,,,, ,,, ,,,,,,,, ,,, ,, ,,,,,,
19588,University of Michigan,50431,University of Michigan,MI,4,OP,,,, , ,, , ,,, ,,,,,,,, ,,, ,,,,,,,, ,,, ,, ,,,,,,
19588,University of Michigan,50431,University of Michigan,MI,5,RE,,,, , ,, , ,,, ,,,,,,,, ,,, ,,,,,,,, ,,, ,, ,,,,,,
19588,University of Michigan,50431,University of Michigan,MI,6,OP,,,, , ,, , ,,, ,,,,,,,, ,,, ,,,,,,,, ,,, ,, ,,,,,,
19588,University of Michigan,50431,University of Michigan,MI,7,OP,,,, , ,, , ,,, ,,,,,,,, ,,, ,,,,,,,, ,,, ,, ,,,,,,
19588,University of Michigan,50431,University of Michigan,MI,8,OP,,,, , ,, , ,,, ,,,,,,,, ,,, ,,,,,,,, ,,, ,, ,,,,,,
19685,Valero Refining Co,50121,Valero Refinery Corpus Christi West,TX,B&W,RE,N,,, , ,, , ,,, ,,,,,,,, ,,, ,,,,,,,, ,,, ,, ,,,,,,
19685,Valero Refining Co,50121,Valero Refinery Corpus Christi West,TX,HOC,OP,N,,, , ,, , ,,, ,,,,,,,, ,,, ,,,,,,,, ,,, ,, ,,,,,,
19685,Valero Refining Co,50121,Valero Refinery Corpus Christi West,TX,WHS,OP,,,, , ,, , ,,, ,,,,,,,, ,,, ,,,,,,,, ,,, ,, ,,,,,,
19691,Paulsboro Refining Company - LLC,50628,Paulsboro Refinery,NJ,2A,OP,,,, , ,, , ,,, ,,,,,,,, ,,, ,STM,,,STM,,,, ,,, ,, ,,,,,,
19691,Paulsboro Refining Company - LLC,50628,Paulsboro Refinery,NJ,2B,OP,,,, , ,, , ,,, ,,,,,,,, ,,, ,STM,,,STM,,,, ,,, ,, ,,,,,,
19691,Paulsboro Refining Company - LLC,50628,Paulsboro Refinery,NJ,2C,OP,,,, , ,, , ,,, ,,,,,,,, ,,, ,STM,,,STM,,,, ,,, ,, ,,,,,,
19691,Paulsboro Refining Company - LLC,50628,Paulsboro Refinery,NJ,HRSG,OP,,,, , ,, , ,,, ,,,,,,,, ,,, ,LN,,,LN,,,, ,,, ,, ,,,,,,
19724,Vanderbilt University,52048,Vanderbilt University Power Plant,TN,7,OP,N,,, , ,, , ,,, ,,,,,,,, ,,, ,,,,,,,, ,,, ,, ,,,,,,
19724,Vanderbilt University,52048,Vanderbilt University Power Plant,TN,8,OP,N,,, , ,, , ,,, ,,,,,,,, ,,, ,,,,,,,, ,,, ,, ,,,,,,
19724,Vanderbilt University,52048,Vanderbilt University Power Plant,TN,9,OP,N,,, , ,, , ,,, ,,,,,,,, ,,, ,,,,,,,, ,,, ,, ,,,,,,
19724,Vanderbilt University,52048,Vanderbilt University Power Plant,TN,HRSG1,OP,N,,, , ,, , ,,, ,,,,,,,, ,,, ,,,,,,,, ,,, ,, ,,,,,,
19724,Vanderbilt University,52048,Vanderbilt University Power Plant,TN,HRSG2,OP,N,,, , ,, , ,,, ,,,,,,,, ,,, ,,,,,,,, ,,, ,, ,,,,,,
19781,Viking Energy Corp,50770,Viking Energy of McBain,MI,B1,OP,N,,, , ,ST, , ,,, ,,,,,,,, ,,, ,,,,,,,, ,,, ,, ,,,,,,
19781,Viking Energy Corp,50772,Viking Energy of Lincoln,MI,B1,OP,N,,, , ,, , ,,, ,,,,,,,, ,,, ,,,,,,,, ,,, ,, ,,,,,,
19804,City of Vero Beach - (FL),693,Vero Beach Municipal Power Plant,FL,1,OP,N,N,, , ,FD,1.5, ,SU,NS,1990,NC,,,NC,,,ST, ,,,1961,NC,,,NC,,,ST,20,OP,YR,1961,ST,1961,,,,,,
19804,City of Vero Beach - (FL),693,Vero Beach Municipal Power Plant,FL,3,OP,N,N,, , ,ST,2.75, ,DP,NS,1990,NC,,,NC,,,ST, ,,,1990,NC,,,NC,,,ST,0.1,PB,YR,1971,FD,1990,,,,,,
19804,City of Vero Beach - (FL),693,Vero Beach Municipal Power Plant,FL,4,OP,D,N,, , ,ST,0.8, ,DP,YR,1976,NC,,,NC,,,ST,0.2,NP,YR,1976,NC,,,NC,,,ST,0.1,PB,YR,1976,FD,1976,,,,,,
19804,City of Vero Beach - (FL),693,Vero Beach Municipal Power Plant,FL,CA,OP,N,N,, , ,,0.25, ,DC,,1992,NC,,,NC,,,ST,25,,,1992,NC,,,NC,,,, ,,, ,FD,1992,,,,,,
19830,NRG Vienna Operations Inc,1564,Vienna Operations,MD,8,OP,N,N,, , ,ST,2, ,SU,NV,1971,NC,,,NC,,,ST,0.3,NP,MO,2000,MS,,,NC,,,ST,0.169,PB,WO,1971,, ,,,,,,
19876,Virginia Electric & Power Co,3796,Bremo Bluff,VA,3,OP,N,N,, , ,ST, , ,DH,NS,1972,SS,,,SS,,,FD, ,NP,YR,2000,BF,,,BF,,,ST,128.5,PH,NS,1973,, ,,,,,,
19876,Virginia Electric & Power Co,3796,Bremo Bluff,VA,4,OP,N,N,, , ,ST, , ,DH,NS,1972,SS,,,SS,,,FD, ,NP,YR,2000,LN,AA,,LN,AA,,ST,239.9,PH,NS,1973,, ,,,,,,
19876,Virginia Electric & Power Co,3797,Chesterfield,VA,3,OP,N,N,, , ,ST, , ,DH,MO,1972,NC,,,NC,,,FD, ,NP,YR,1997,LN,,,LN,,,ST,115.5,PH,NS,1972,, ,,,,,,
19876,Virginia Electric & Power Co,3797,Chesterfield,VA,4,OP,N,N,, , ,ST, , ,DH,MO,1972,NC,,,NC,,,FD, ,NP,YR,1997,SR,LN,,SR,LN,,ST,176.1,PH,NS,1972,, ,,,,,,
19876,Virginia Electric & Power Co,3797,Chesterfield,VA,5,OP,N,N,, , ,ST, , ,DH,MO,1972,NC,,,NC,,,FD, ,NP,YR,2000,SR,LN,OV,SR,LN,OV,ST,360.4,PH,NS,1972,, ,,,,,,
19876,Virginia Electric & Power Co,3797,Chesterfield,VA,6,OP,N,N,, , ,ST, , ,DH,MO,1972,NC,,,NC,,,FD, ,NP,YR,2000,SR,,,SR,,,ST,665,PH,NS,1972,, ,,,,,,
19876,Virginia Electric & Power Co,3797,Chesterfield,VA,CT7,OP,N,,, , ,, , ,,, ,,,,,,,, ,,, ,,,,,,,, ,,, ,, ,,,,,,
19876,Virginia Electric & Power Co,3797,Chesterfield,VA,CT8,OP,N,,, , ,, , ,,, ,,,,,,,, ,,, ,,,,,,,, ,,, ,, ,,,,,,
19876,Virginia Electric & Power Co,3803,Chesapeake,VA,1,OP,N,Y,60163,10,1998,ST, , ,DH,MO,1996,NC,,,NC,,,FD, ,NH,MO,1997,AA,,,AA,,,ST,33.9,PH,NS,1984,, ,,,,,,
19876,Virginia Electric & Power Co,3803,Chesapeake,VA,2,OP,N,Y,60163,10,1998,ST, , ,DH,MO,1996,NC,,,NC,,,FD, ,NH,MO,1997,AA,,,AA,,,ST,33.9,PH,NS,1984,, ,,,,,,
19876,Virginia Electric & Power Co,3803,Chesapeake,VA,3,OP,N,N,, , ,ST, , ,SB,NS,1972,NC,,,NC,,,ST, ,OT,OT,2000,NC,,,NC,,,ST,0.11,PB,NS,1972,, ,,,,,,
19876,Virginia Electric & Power Co,3803,Chesapeake,VA,4,OP,N,N,, , ,ST, , ,SB,NS,1972,NC,,,NC,,,ST, ,OT,OT,1997,NC,,,NC,,,ST,0.11,PB,NS,1972,, ,,,,,,
19876,Virginia Electric & Power Co,3804,Possum Point,VA,3,OP,N,Y,NRO-219-04,12,2004,ST, , ,OT,YR,1972,NC,,,NC,,,ST, ,NP,DA,1995,NC,,,NC,,,ST,115,PH,TH,1972,, ,,,,,,
19876,Virginia Electric & Power Co,3804,Possum Point,VA,4,OP,N,Y,NRO-219-04,12,2004,ST, , ,OT,YR,1972,NC,,,NC,,,ST, ,NP,DA,1996,NC,,,NC,,,ST,235,PH,TH,1972,, ,,,,,,
19876,Virginia Electric & Power Co,3804,Possum Point,VA,5,OP,D,N,, , ,FD, , ,DP,TH,1975,SS,,,SS,,,ST, ,NP,TH,1996,NC,,,NC,,,ST,850,PH,TH,1975,, ,,,,,,
19876,Virginia Electric & Power Co,3804,Possum Point,VA,6A,OP,Da,Y,NRO-219-04,12,2004,ST, , ,DH,TH,2003,NC,,,NC,,,ST, ,NM,TH,2003,NC,,,NC,,,ST,3.9,PH,TH,2003,, ,,,,,,
19876,Virginia Electric & Power Co,3804,Possum Point,VA,6B,OP,Da,Y,NRO-219-04,12,2004,ST, , ,DH,TH,2003,NC,,,NC,,,ST, ,NM,TH,2003,NC,,,NC,,,ST,3.9,PH,TH,2003,, ,,,,,,
19876,Virginia Electric & Power Co,3806,Surry,VA,NSS1,OP,,,, , ,, , ,,, ,,,,,,,, ,,, ,,,,,,,, ,,, ,, ,,,,,,
19876,Virginia Electric & Power Co,3806,Surry,VA,NSS2,OP,,,, , ,, , ,,, ,,,,,,,, ,,, ,,,,,,,, ,,, ,, ,,,,,,
19876,Virginia Electric & Power Co,3809,Yorktown,VA,1,OP,N,N,, , ,ST, , ,SB,MO,1972,NC,,,NC,,,FD, ,NP,YR,1997,LN,OV,,NC,,,ST,306,PH,NS,1972,, ,,,,,,
19876,Virginia Electric & Power Co,3809,Yorktown,VA,2,OP,N,N,, , ,ST, , ,SB,MO,1972,NC,,,NC,,,FD, ,NP,YR,1997,LN,OV,,NC,,,ST,188.5,PH,NS,1972,, ,,,,,,
19876,Virginia Electric & Power Co,3809,Yorktown,VA,3,OP,N,N,, , ,ST, , ,SB,MO,1974,NC,,,NC,,,, ,,, ,,,,,,,ST,661,PH,NS,1974,, ,,,,,,
19876,Virginia Electric & Power Co,3954,Mt Storm,WV,1,OP,N,N,, , ,ST, , ,DH,DA,1972,NC,,,NC,,,FD, ,NP,YR,1997,OV,LN,SR,OV,LN,SR,ST,866.85,PH,EH,1973,, ,,,,,,
19876,Virginia Electric & Power Co,3954,Mt Storm,WV,2,OP,N,N,, , ,ST, , ,DH,DA,1972,NC,,,NC,,,FD, ,NP,YR,1998,OV,LN,SR,OV,LN,SR,ST,0.05,PH,EH,1973,, ,,,,,,
19876,Virginia Electric & Power Co,3954,Mt Storm,WV,3,OP,N,N,, , ,ST, , ,DH,DA,1973,NC,,,NC,,,FD, ,NP,YR,1997,OV,LN,SR,OV,LN,SR,ST,0.05,PH,EH,1973,, ,,,,,,
19876,Virginia Electric & Power Co,6168,North Anna,VA,NSS1,OP,,,, , ,, , ,,, ,,,,,,,, ,,, ,,,,,,,, ,,, ,, ,,,,,,
19876,Virginia Electric & Power Co,6168,North Anna,VA,NSS2,OP,,,, , ,, , ,,, ,,,,,,,, ,,, ,,,,,,,, ,,, ,, ,,,,,,
19876,Virginia Electric & Power Co,7213,Clover,VA,1,OP,Da,Y,30867,7,2002,ST, , ,SB,MO,1995,NC,,,NC,,,ST, ,NP,MO,1995,NC,,,NC,,,ST,0.02,PB,NS,1995,, ,,,,,,
19876,Virginia Electric & Power Co,7213,Clover,VA,2,OP,Da,Y,30867,7,2002,ST, , ,SB,MO,1996,NC,,,NC,,,ST, ,NP,MO,1996,NC,,,NC,,,ST,0.02,PB,NS,1996,, ,,,,,,
19876,Virginia Electric & Power Co,10771,Hopewell Power Station,VA,1,SC,N,,, , ,, , ,,, ,,,,,,,, ,,, ,,,,,,,, ,,, ,, ,,,,,,
19876,Virginia Electric & Power Co,10771,Hopewell Power Station,VA,2,OP,,,, , ,, , ,,, ,,,,,,,, ,,, ,,,,,,,, ,,, ,, ,,,,,,
19876,Virginia Electric & Power Co,10773,Altavista Power Station,VA,1,OP,N,,, , ,, , ,,, ,,,,,,,, ,,, ,,,,,,,, ,,, ,, ,,,,,,
19876,Virginia Electric & Power Co,10773,Altavista Power Station,VA,2,OP,,,, , ,, , ,,, ,,,,,,,, ,,, ,,,,,,,, ,,, ,, ,,,,,,
19876,Virginia Electric & Power Co,10774,Southampton Power Station,VA,1,OP,N,,, , ,, , ,,, ,,,,,,,, ,,, ,,,,,,,, ,,, ,, ,,,,,,
19876,Virginia Electric & Power Co,10774,Southampton Power Station,VA,2,OP,,,, , ,, , ,,, ,,,,,,,, ,,, ,,,,,,,, ,,, ,, ,,,,,,
19876,Virginia Electric & Power Co,50966,Bellmeade Power Station,VA,1,OP,Dc,N,, , ,ST, , ,DH,OH,1997,NC,,,NC,,,ST, ,NM,OH,1997,NC,,,NC,,,ST,0.39,PH,OH,1997,, ,,,,,,
19876,Virginia Electric & Power Co,50966,Bellmeade Power Station,VA,2,OP,Dc,N,, , ,ST, , ,DH,OH,1997,NC,,,NC,,,ST, ,NM,OH,1997,NC,,,NC,,,ST,0.39,PH,OH,1997,, ,,,,,,
19876,Virginia Electric & Power Co,52007,Mecklenburg Power Station,VA,BLR1,OP,Da,Y,30861,3,2003,ST, , ,SB,MO,1992,NC,,,NC,,,ST, ,NP,MO,1992,NC,,,NC,,,ST,0.02,PB,NS,1992,, ,,,,,,
19876,Virginia Electric & Power Co,52007,Mecklenburg Power Station,VA,BLR2,OP,Da,Y,30861,3,2003,ST, , ,SB,MO,1992,NC,,,NC,,,ST, ,NP,MO,1992,NC,,,NC,,,ST,0.02,PB,NS,1992,, ,,,,,,
19876,Virginia Electric & Power Co,52118,Multitrade of Pittsylvania LP,VA,101,OP,N,,, , ,, , ,,, ,,,,,,,, ,,, ,,,,,,,, ,,, ,, ,,,,,,
19876,Virginia Electric & Power Co,52118,Multitrade of Pittsylvania LP,VA,102,OP,N,,, , ,, , ,,, ,,,,,,,, ,,, ,,,,,,,, ,,, ,, ,,,,,,
19876,Virginia Electric & Power Co,52118,Multitrade of Pittsylvania LP,VA,103,OP,N,,, , ,, , ,,, ,,,,,,,, ,,, ,,,,,,,, ,,, ,, ,,,,,,
19876,Virginia Electric & Power Co,54844,Gordonsville Energy LP,VA,1,OP,Db,N,, , ,ST, , ,DH,OH,1993,NC,,,NC,,,ST, ,NM,OH,1993,NC,,,NC,,,ST,0.01,PB,OH,1993,, ,,,,,,
19876,Virginia Electric & Power Co,54844,Gordonsville Energy LP,VA,2,OP,Db,N,, , ,ST, , ,DH,OH,1993,NC,,,NC,,,ST, ,NM,OH,1993,NC,,,NC,,,ST,0.01,PB,OH,1993,, ,,,,,,
19876,Virginia Electric & Power Co,55939,Warren County,VA,CT01,CO,,,, , ,, , ,,, ,,,,,,,, ,,, ,,,,,,,, ,,, ,, ,,,,,,
19876,Virginia Electric & Power Co,55939,Warren County,VA,CT02,CO,,,, , ,, , ,,, ,,,,,,,, ,,, ,,,,,,,, ,,, ,, ,,,,,,
19876,Virginia Electric & Power Co,55939,Warren County,VA,CT03,CO,,,, , ,, , ,,, ,,,,,,,, ,,, ,,,,,,,, ,,, ,, ,,,,,,
19876,Virginia Electric & Power Co,56807,Bear Garden,VA,1A,OP,Da,Y,32004,1,2011,ST, , ,DH,TH,2011,NC,,,NC,,,ST, ,NH,TH,2011,NC,,,NC,,,ST,21.8,PH,TH,2011,, ,,,,,,
19876,Virginia Electric & Power Co,56807,Bear Garden,VA,1B,OP,Da,Y,32004,1,2011,ST, , ,DH,TH,2011,NC,,,NC,,,ST, ,NH,TH,2011,NC,,,NC,,,ST,21.8,PH,TH,2011,, ,,,,,,
19876,Virginia Electric & Power Co,56808,Virginia City Hybrid Energy Center,VA,1,OP,Da,Y,11526,6,2008,ST, , ,DP,TH,2012,NC,,,NC,,,ST, ,NP,MO,2012,NC,,,NC,,,ST,0.01,PB,OH,2012,ST,2012,ACI,,,,,
19876,Virginia Electric & Power Co,56808,Virginia City Hybrid Energy Center,VA,2,OP,Da,Y,11526,6,2008,ST, , ,DP,TH,2012,NC,,,NC,,,ST, ,NP,MO,2012,NC,,,NC,,,ST,0.01,PB,OH,2012,ST,2012,ACI,,,,,
19876,Virginia Electric & Power Co,58260,Brunswick County Power Station,VA,HRSG1A,PL,,,, , ,, , ,,, ,,,,,,,, ,,, ,,,,,,,, ,,, ,, ,,,,,,
19876,Virginia Electric & Power Co,58260,Brunswick County Power Station,VA,HRSG1B,PL,,,, , ,, , ,,, ,,,,,,,, ,,, ,,,,,,,, ,,, ,, ,,,,,,
19876,Virginia Electric & Power Co,58260,Brunswick County Power Station,VA,HRSG1C,PL,,,, , ,, , ,,, ,,,,,,,, ,,, ,,,,,,,, ,,, ,, ,,,,,,
19883,City of Virginia - (MN),2018,Virginia,MN,10,OP,N,,, , ,, , ,,, ,,,,,,,ST,0.1,NP,MO, ,,,,LN,,,, ,,, ,, ,,,,,,
19883,City of Virginia - (MN),2018,Virginia,MN,11,OP,,,, , ,, , ,,, ,,,,,,,ST,0.15,NP,MO, ,,,,SN,,,ST,20,OP,, ,, ,,,,,,
19883,City of Virginia - (MN),2018,Virginia,MN,7,OP,N,,, , ,, , ,,, ,,,,,,,ST, ,,, ,,,,OV,,,ST,20,OP,, ,, ,,,,,,
19883,City of Virginia - (MN),2018,Virginia,MN,9,OP,N,,, , ,, , ,,, ,,,,,,,ST,0.58,NH,MO, ,OV,,,OV,,,ST,20,OP,, ,, ,,,,,,
19900,Viking Energy Corp,50771,Viking Energy of Northumberland,PA,B1,OS,N,,, , ,, , ,,, ,,,,,,,, ,,, ,,,,,,,, ,,, ,, ,,,,,,
19946,Wadham Energy Ltd Partners,50293,Wadham Energy LP,CA,BLR100,OP,N,,, , ,, , ,,, ,,,,,,,, ,,, ,,,,,,,, ,,, ,, ,,,,,,
20159,Washington Parish Engy Ctr LLC,55486,Washington Parish Energy Center,LA,HRSG1,CO,Da,N,, , ,ST, , ,DP,DA,2015,,,,,,,ST, ,NP,DA,2015,,,,,,,ST, ,PB,DA,2015,, ,,,,,,
20159,Washington Parish Engy Ctr LLC,55486,Washington Parish Energy Center,LA,HRSG2,CO,Da,N,, , ,ST, , ,DP,DA,2015,,,,,,,ST, ,NP,DA,2015,,,,,,,ST, ,PB,DA,2015,, ,,,,,,
20160,Energy Northwest,371,Columbia Generating Station,WA,NSS2,OP,,,, , ,, , ,,, ,,,,,,,, ,,, ,,,,,,,, ,,, ,, ,,,,,,
20169,Avista Corp,550,Kettle Falls Generating Station,WA,1,OP,,,, , ,, , ,,, ,,,,,,,ST,142,NH,NV,1984,NC,,,MS,,,, ,,, ,,1984,,,,,,
20169,Avista Corp,7931,Coyote Springs II,OR,SG02,OP,Db,N,, , ,, , ,,, ,,,,,,,FD, ,NM,DA,2003,LN,SR,,,,,FD,0.1,PC,NV,2003,, ,,,,,,
20315,City of Wellington - (KS),1330,Wellington 1,KS,4,OP,,,, , ,, , ,,, ,,,,,,,, ,,, ,,,,,,,, ,,, ,, ,,,,,,
20447,"Western Farmers Elec Coop, Inc",3006,Anadarko Plant,OK,1,SB,N,,, , ,, , ,,, ,,,,,,,, ,,, ,,,,,,,, ,,, ,, ,,,,,,
20447,"Western Farmers Elec Coop, Inc",3006,Anadarko Plant,OK,2,SB,N,,, , ,, , ,,, ,,,,,,,, ,,, ,,,,,,,, ,,, ,, ,,,,,,
20447,"Western Farmers Elec Coop, Inc",3006,Anadarko Plant,OK,3,SB,N,,, , ,, , ,,, ,,,,,,,, ,,, ,,,,,,,, ,,, ,, ,,,,,,
20447,"Western Farmers Elec Coop, Inc",3006,Anadarko Plant,OK,4,OP,N,,, , ,, , ,DH,DA,1977,,,,,,,FD, ,NH,DA,1977,,,,NC,,,,8.4,PH,DA,1977,, ,,,,,,
20447,"Western Farmers Elec Coop, Inc",3006,Anadarko Plant,OK,5,OP,N,,, , ,, , ,DH,DA,1977,,,,,,,FD, ,NH,DA,1977,,,,NC,,,,8.4,PH,DA,1977,, ,,,,,,
20447,"Western Farmers Elec Coop, Inc",3006,Anadarko Plant,OK,6,OP,N,,, , ,, , ,DH,DA,1977,,,,,,,FD, ,NH,DA,1977,,,,NC,,,,8.4,PH,DA,1977,, ,,,,,,
20447,"Western Farmers Elec Coop, Inc",3008,Mooreland,OK,1,OP,N,N,, , ,, , ,,, ,,,,,,,, ,,, ,,,,,,,, ,,, ,, ,,,,,,
20447,"Western Farmers Elec Coop, Inc",3008,Mooreland,OK,2,OP,N,N,, , ,, , ,,, ,,,,,,,, ,,, ,,,,,,,, ,,, ,, ,,,,,,
20447,"Western Farmers Elec Coop, Inc",3008,Mooreland,OK,3,OP,D,Y,2003-123-TVR,2,2004,FD, , ,DP,NS,1975,NC,,,NC,,,FD, ,NP,NS,1975,LN,,,NC,,,FD,0.1,PB,NS,1975,, ,,,,,,
20447,"Western Farmers Elec Coop, Inc",6772,Hugo,OK,1,OP,D,Y,97-058-TV,4,2004,ST, , ,OT,YR,1982,NC,,,NC,,,ST, ,OT,YR,1982,OV,LN,,OV,LN,,ST,223.65,OT,YR,1982,FD,2014,,,,DSI,ACI,EW
20492,Weyerhaeuser Co,50184,Weyerhaeuser Columbus MS,MS,COMB,OP,Db,N,, , ,FD, , ,DP,MO,1980,SS,,,SS,,,FD, ,NP,MO,1980,LN,OT,,LN,OT,,FD,0.045,PB,OH,1980,, ,,,,,,
20492,Weyerhaeuser Co,50184,Weyerhaeuser Columbus MS,MS,PKG,OP,Db,N,, , ,FD, , ,DP,OH,1994,SS,,,SS,,,FD, ,NP,OH,1994,LN,FR,,LN,FR,,FD,0.0048,PB,OH,1994,, ,,,,,,
20492,Weyerhaeuser Co,50184,Weyerhaeuser Columbus MS,MS,REC,OP,Db,N,, , ,FD, , ,DM,OH,1990,SS,,,SS,,,FD, ,NM,EH,1990,LN,OT,,LN,OT,,FD,0.023,PC,OH,1990,, ,,,,,,
20505,Weyerhaeuser NR  Port Wentworth,50804,Port Wentworth Mill,GA,4,OP,,,, , ,, , ,,, ,,,,,,,FD,0.3,NP,MO,1990,OV,,,NC,,,, ,,, ,FD,1990,EW,,,EW,,
20505,Weyerhaeuser NR  Port Wentworth,50804,Port Wentworth Mill,GA,RE01,OP,,,, , ,, , ,,, ,,,,,,,FD,174.3,NH,OH,1990,LA,,,NC,,,, ,,, ,FD,1990,EW,,,EW,,
20508,MeadWestvaco Corp,50900,Covington Facility,VA,10PB,OP,N,Y,20328,2,2008,ST,220, ,DH,TH,2008,NC,,,NC,,,ST,66,NH,YR,2008,NC,,,NC,,,ST,2.51,PH,YR,2008,, ,,,,,,
20508,MeadWestvaco Corp,50900,Covington Facility,VA,11PB,OP,Db,Y,20328,2,2008,,105, ,DH,TH,1993,NC,,,NC,,,ST,0.05,NP,YR,1993,LN,FR,,LN,FR,,ST,7.1,PH,YR,1993,, ,,,,,,
20508,MeadWestvaco Corp,50900,Covington Facility,VA,1PB,OP,Db,Y,20328,10,2013,ST,0.06, ,DP,TH,2013,CF,,,CF,,,ST,0.12,NP,YR,2013,SN,,,SN,,,ST,0.009,PB,YR,2013,FD,2013,BP,,,BP,,
20508,MeadWestvaco Corp,50900,Covington Facility,VA,1RB,OP,N,Y,20328,2,2008,ST,713.7, ,OT,DA,2008,NC,,,NC,,,ST,211.2,NH,YR,2008,NC,,,NC,,,ST,58.8,PH,YR,2008,, ,,,,,,
20508,MeadWestvaco Corp,50900,Covington Facility,VA,2RB,OP,N,Y,20328,2,2008,ST,340.7, ,DM,DA,1992,NC,,,NC,,,ST,171.2,NH,YR,1992,NC,,,NC,,,ST,68.3,PH,YR,1992,, ,,,,,,
20508,MeadWestvaco Corp,50900,Covington Facility,VA,6PB,OP,N,Y,20328,2,2008,ST,1831, ,DH,TH,2008,IF,,,IF,,,ST,330,NH,YR,1999,LN,,,LN,,,ST,166.4,OP,OT,2008,FD,2016,SP,EW,,SP,EW,
20508,MeadWestvaco Corp,50900,Covington Facility,VA,7PB,RE,N,Y,20328,2,2008,ST,1831, ,DH,OT,2008,IF,,,IF,,,, ,,, ,,,,,,,ST,166.4,PH,YR,2008,FD,2014,,,,,,
20508,MeadWestvaco Corp,50900,Covington Facility,VA,8PB,RE,N,Y,20328,2,2008,ST,1831, ,DH,OT,2008,IF,,,IF,,,, ,,, ,,,,,,,ST,166.4,PH,YR, ,FD,2014,,,,,,
20508,MeadWestvaco Corp,50900,Covington Facility,VA,9PB,RE,N,Y,20328,2,2008,ST,1831, ,OT,OT,2008,IF,,,IF,,,ST,242,NH,YR,2008,LN,OV,,LN,SN,OV,ST,166.4,PH,YR,2008,FD,2016,SP,EW,,SP,EW,
20511,"Weyerhaeuser Co NR, New Bern CF",50188,Weyerhaeuser New Bern NC,NC,PB1,OP,N,,, , ,, , ,,, ,,,,,,,FD,121,OT,OT,2004,MS,,,UE,,,FD, ,,, ,, ,,,,,,
20511,"Weyerhaeuser Co NR, New Bern CF",50188,Weyerhaeuser New Bern NC,NC,PB2,OP,N,,, , ,, , ,,, ,,,,,,,FD,72,OT,OT,2004,MS,,,LN,FR,NC,, ,,, ,, ,,,,,,
20511,"Weyerhaeuser Co NR, New Bern CF",50188,Weyerhaeuser New Bern NC,NC,RB,OP,N,,, , ,, , ,,, ,,,,,,,, ,,, ,,,,,,,, ,,, ,, ,,,,,,
20541,Wheelabrator Environmental Systems,10503,Wheelabrator Hudson Falls,NY,SG201A,OP,N,,, , ,ST, , ,,, ,,,,,,,FD,205,NM,DA,2000,MS,,,MS,,,ST, ,,, ,ST,1996,ACI,EC,SD,ACI,EC,SD
20541,Wheelabrator Environmental Systems,10503,Wheelabrator Hudson Falls,NY,SG201B,OP,N,,, , ,, , ,,, ,,,,,,,FD,205,NM,DA,2000,MS,,,MS,,,, ,,, ,ST, ,ACI,EC,SD,ACI,EC,SD
20541,Wheelabrator Environmental Systems,10629,Wheelabrator Baltimore Refuse,MD,BLR1,OP,N,,, , ,FD, , ,,, ,,,,,,,ST,298,NH,EH,2012,MS,MS,MS,MS,MS,MS,FD,10,OP,, ,FD,1999,ACI,EH,SD,ACI,EH,SD
20541,Wheelabrator Environmental Systems,10629,Wheelabrator Baltimore Refuse,MD,BLR2,OP,N,,, , ,, , ,,, ,,,,,,,,298,NH,EH,2012,MS,,,MS,,,, ,,, ,FD,1999,ACI,EH,SD,ACI,EH,SD
20541,Wheelabrator Environmental Systems,10629,Wheelabrator Baltimore Refuse,MD,BLR3,OP,N,,, , ,, , ,,, ,,,,,,,ST,298,NH,EH,2012,MS,,,MS,,,, ,,, ,FD,1999,ACI,EH,SD,ACI,EH,SD
20541,Wheelabrator Environmental Systems,50873,Wheelabrator Concord Facility,NH,B1,OP,N,,, , ,, , ,,, ,,,,,,,ST,205,NM,DA,2001,SN,,,SN,,,, ,,, ,ST,2001,BP,SD,ACI,BP,SD,ACI
20541,Wheelabrator Environmental Systems,50873,Wheelabrator Concord Facility,NH,B2,OP,N,,, , ,, , ,,, ,,,,,,,ST,205,NM,DA,2001,SN,,,SN,,,, ,,, ,ST,2001,BP,SD,ACI,BP,SD,ACI
20541,Wheelabrator Environmental Systems,50875,McKay Bay Facility,FL,1,OP,N,,, , ,, , ,,, ,,,,,,,FD,205,NM,DA, ,SN,,,SN,,,, ,,, ,FD, ,ACI,SD,,ACI,SD,
20541,Wheelabrator Environmental Systems,50875,McKay Bay Facility,FL,2,OP,N,,, , ,, , ,,, ,,,,,,,FD,205,NM,DA, ,SN,,,SN,,,, ,,, ,FD, ,ACI,SD,,ACI,SD,
20541,Wheelabrator Environmental Systems,50875,McKay Bay Facility,FL,3,OP,N,,, , ,, , ,,, ,,,,,,,FD,205,NM,DA, ,SN,,,SN,,,, ,,, ,FD, ,ACI,SD,,ACI,SD,
20541,Wheelabrator Environmental Systems,50875,McKay Bay Facility,FL,4,OP,N,,, , ,, , ,,, ,,,,,,,FD,205,NM,DA, ,SN,,,SN,,,, ,,, ,FD, ,ACI,SD,,ACI,SD,
20541,Wheelabrator Environmental Systems,50877,Wheelabrator North Andover,MA,B1,OP,N,,, , ,ST, , ,,, ,,,,,,,ST,205,NM,DA,2001,SN,,,SN,,,, ,,, ,ST,2001,BP,SD,ACI,BP,SD,ACI
20541,Wheelabrator Environmental Systems,50877,Wheelabrator North Andover,MA,B2,OP,N,,, , ,ST, , ,,, ,,,,,,,ST,205,NM,DA,2001,SN,,,SN,,,, ,,, ,ST,2001,BP,SD,ACI,BP,SD,ACI
20541,Wheelabrator Environmental Systems,50878,Wheelabrator Millbury Facility,MA,UNIT1,OP,N,,, , ,FD, , ,,, ,,,,,,,ST,205,NM,DA,2001,SN,,,SN,,,, ,,, ,ST,2001,BP,SD,ACI,BP,SD,ACI
20541,Wheelabrator Environmental Systems,50878,Wheelabrator Millbury Facility,MA,UNIT2,op,N,,, , ,FD, , ,,, ,,,,,,,ST,205,NM,DA,2001,SN,,,SN,,,, ,,, ,ST,2001,BP,SD,ACI,BP,SD,ACI
20541,Wheelabrator Environmental Systems,50879,Wheelabrator Frackville Energy,PA,BLR1,OP,N,,, , ,, , ,,, ,,,,,,,ST,0.21,NP,MO,1988,CF,LA,OV,NC,,,, ,,, ,, ,,,,,,
20541,Wheelabrator Environmental Systems,50880,Wheelabrator Saugus,MA,UNIT1,OP,N,,, , ,, , ,,, ,,,,,,,ST,185,NM,MO,2013,SN,,,SN,,,, ,,, ,ST,2014,BS,ACI,SD,BS,ACI,SD
20541,Wheelabrator Environmental Systems,50880,Wheelabrator Saugus,MA,UNIT2,OP,N,,, , ,, , ,,, ,,,,,,,, ,,, ,,,,,,,, ,,, ,, ,,,,,,
20541,Wheelabrator Environmental Systems,50881,Wheelabrator Shasta,CA,BLR1,OP,N,,, , ,, , ,,, ,,,,,,,ST,0.15,NP,MO,1988,SN,,,SN,,,, ,,, ,ST,1989,,,,,,
20541,Wheelabrator Environmental Systems,50881,Wheelabrator Shasta,CA,BLR2,OP,N,,, , ,, , ,,, ,,,,,,,ST,0.15,NP,MO,1988,SN,,,SN,,,, ,,, ,ST,1989,,,,,,
20541,Wheelabrator Environmental Systems,50881,Wheelabrator Shasta,CA,BLR3,OP,N,,, , ,, , ,,, ,,,,,,,ST,0.15,NP,MO,1988,SN,,,SN,,,, ,,, ,ST,1989,,,,,,
20541,Wheelabrator Environmental Systems,50882,Wheelabrator Westchester,NY,1,OP,N,,, , ,, , ,,, ,,,,,,,ST,184,NM,DA,1999,SN,,,SN,,,FD, ,,, ,ST,1999,ACI,BS,SD,ACI,BS,SD
20541,Wheelabrator Environmental Systems,50882,Wheelabrator Westchester,NY,2,OP,N,,, , ,, , ,,, ,,,,,,,ST,184,NM,DA,1999,SN,,,SN,,,, ,,, ,ST,1999,ACI,BS,SD,ACI,BS,SD
20541,Wheelabrator Environmental Systems,50882,Wheelabrator Westchester,NY,3,OP,N,,, , ,, , ,,, ,,,,,,,ST,184,NM,DA,1999,SN,,,SN,,,, ,,, ,ST,1999,ACI,SD,BS,ACI,SD,BS
20541,Wheelabrator Environmental Systems,50883,Wheelabrator Bridgeport,CT,BLR1,OP,,,, , ,, , ,,, ,,,,,,,ST,200,NM,DA, ,SN,,,SN,,,, ,,, ,ST, ,ACI,SD,BS,ACI,SD,BS
20541,Wheelabrator Environmental Systems,50883,Wheelabrator Bridgeport,CT,BLR2,OP,,,, , ,, , ,,, ,,,,,,,ST,200,NM,DA, ,SN,,,SN,,,, ,,, ,ST, ,ACI,SD,BS,ACI,SD,BS
20541,Wheelabrator Environmental Systems,50883,Wheelabrator Bridgeport,CT,BLR3,OP,,,, , ,, , ,,, ,,,,,,,ST,200,NM,DA, ,SN,,,SN,,,, ,,, ,ST, ,ACI,SD,BS,ACI,SD,BS
20541,Wheelabrator Environmental Systems,50885,Wheelabrator Gloucester LP,NJ,BLR1,OP,N,,, , ,ST, , ,,, ,,,,,,,ST,150,NM,, ,SN,,,SN,,,, ,,, ,ST, ,ACI,BP,SD,ACI,BP,SD
20541,Wheelabrator Environmental Systems,50885,Wheelabrator Gloucester LP,NJ,BLR2,OP,N,,, , ,, , ,,, ,,,,,,,ST,150,NM,, ,SN,,,SN,,,, ,,, ,ST, ,ACI,BP,SD,ACI,BP,SD
20541,Wheelabrator Environmental Systems,50886,Wheelabrator Spokane,WA,1-1A,OP,N,,, , ,, , ,,, ,,,,,,,ST,165,NM,EH,1991,SN,,,SN,,,, ,,, ,FD,1991,ACI,BP,SD,ACI,BP,SD
20541,Wheelabrator Environmental Systems,50886,Wheelabrator Spokane,WA,1-1B,OP,N,,, , ,, , ,,, ,,,,,,,ST,165,NM,EH,1991,SN,,,SN,,,, ,,, ,FD,1991,ACI,BP,SD,ACI,BP,SD
20541,Wheelabrator Environmental Systems,50887,Wheelabrator South Broward,FL,BLR1,OP,N,,, , ,, , ,,, ,,,,,,,FD,205,NM,DA, ,SN,,,SN,,,, ,,, ,FD, ,ACI,BS,SD,ACI,BS,SD
20541,Wheelabrator Environmental Systems,50887,Wheelabrator South Broward,FL,BLR2,OP,N,,, , ,, , ,,, ,,,,,,,FD,205,NM,DA, ,SN,,,SN,,,, ,,, ,FD, ,ACI,BS,SD,ACI,BS,SD
20541,Wheelabrator Environmental Systems,50887,Wheelabrator South Broward,FL,BLR3,OP,N,,, , ,, , ,,, ,,,,,,,FD,205,NM,DA, ,SN,,,SN,,,, ,,, ,FD, ,ACI,BS,SD,ACI,BS,SD
20541,Wheelabrator Environmental Systems,54033,Wheelabrator North Broward,FL,BLR1,OP,N,,, , ,FD, , ,,, ,,,,,,,FD,205,NM,DA, ,SN,,,SN,,,FD,25,,, ,FD,2013,ACI,BS,,ACI,BS,
20541,Wheelabrator Environmental Systems,54033,Wheelabrator North Broward,FL,BLR2,OP,N,,, , ,, , ,,, ,,,,,,,FD,205,NM,DA, ,SN,,,SN,,,, ,,, ,FD,2013,ACI,BS,,ACI,BS,
20541,Wheelabrator Environmental Systems,54033,Wheelabrator North Broward,FL,BLR3,OP,N,,, , ,, , ,,, ,,,,,,,FD,2052,NM,DA, ,SN,,,SN,,,, ,,, ,FD,2013,ACI,BS,,ACI,BS,
20541,Wheelabrator Environmental Systems,54529,Wheelabrator Ridge Energy,FL,0001,OP,N,,, , ,, , ,,, ,,,,,,,,90,NH,MO, ,SN,,,SN,,,, ,,, ,, ,,,,,,
20541,Wheelabrator Environmental Systems,54746,Wheelabrator Falls,PA,1,OP,N,,, , ,, , ,,, ,,,,,,,ST,180,NM,DA, ,SN,,,SN,,,, ,,, ,FD, ,ACI,SD,BS,ACI,SD,BS
20541,Wheelabrator Environmental Systems,54746,Wheelabrator Falls,PA,2,OP,N,,, , ,, , ,,, ,,,,,,,ST,180,NM,DA, ,SN,,,SN,,,, ,,, ,FD, ,ACI,SD,BS,ACI,SD,BS
20541,Wheelabrator Environmental Systems,54758,Wheelabrator Lisbon,CT,BW1,OP,N,,, , ,, , ,,, ,,,,,,,ST,168,NM,DA,2001,SN,,,SN,,,, ,,, ,ST,2001,ACI,SD,BP,ACI,SD,BP
20541,Wheelabrator Environmental Systems,54758,Wheelabrator Lisbon,CT,BW2,OP,N,,, , ,, , ,,, ,,,,,,,ST,168,NM,DA,2001,SN,,,SN,,,, ,,, ,ST,2001,ACI,SD,,ACI,SD,
20541,Wheelabrator Environmental Systems,54998,Wheelabrator Portsmouth,VA,12300,OP,N,,, , ,, , ,,, ,,,,,,,,250,NM,DA, ,,,,,,,, ,,, ,, ,,,,,,
20541,Wheelabrator Environmental Systems,54998,Wheelabrator Portsmouth,VA,12400,OP,N,,, , ,, , ,,, ,,,,,,,,250,NM,DA, ,,,,,,,, ,,, ,, ,,,,,,
20541,Wheelabrator Environmental Systems,54998,Wheelabrator Portsmouth,VA,12500,OP,N,,, , ,, , ,,, ,,,,,,,,250,NM,DA, ,,,,,,,, ,,, ,, ,,,,,,
20541,Wheelabrator Environmental Systems,54998,Wheelabrator Portsmouth,VA,12600,OP,N,,, , ,, , ,,, ,,,,,,,,250,NM,DA, ,,,,,,,, ,,, ,, ,,,,,,
20542,Weyerhaeuser Co,50465,Flint River Operations,GA,PB,OP,,,, , ,, , ,,, ,,,,,,,ST,0.3,NP,MO,2005,OV,,,OV,,,, ,,, ,, ,,,,,,
20542,Weyerhaeuser Co,50465,Flint River Operations,GA,RB,OP,,,, , ,, , ,,, ,,,,,,,FD,100,NM,OT,2005,LA,,,LA,,,, ,,, ,, ,,,,,,
20547,Cosmo Specialty Fibers,50185,Cosmo Specialty Fibers Plant,WA,1RB,OP,N,,, , ,, , ,,, ,,,,,,,, ,,, ,,,,,,,, ,,, ,, ,,,,,,
20547,Cosmo Specialty Fibers,50185,Cosmo Specialty Fibers Plant,WA,2RB,OP,N,,, , ,, , ,,, ,,,,,,,, ,,, ,,,,,,,, ,,, ,, ,,,,,,
20547,Cosmo Specialty Fibers,50185,Cosmo Specialty Fibers Plant,WA,3RB,OP,N,,, , ,, , ,,, ,,,,,,,, ,,, ,,,,,,,, ,,, ,, ,,,,,,
20547,Cosmo Specialty Fibers,50185,Cosmo Specialty Fibers Plant,WA,PB,OP,N,,, , ,, , ,,, ,,,,,,,, ,,, ,,,,,,,, ,,, ,, ,,,,,,
20548,Weyerhaeuser Co,50187,Weyerhaeuser Longview WA,WA,10B,OP,N,,, , ,ST, , ,,, ,,,,,,,ST,140,NM,OH,1995,,,,,,,, ,,, ,, ,,,,,,
20548,Weyerhaeuser Co,50187,Weyerhaeuser Longview WA,WA,11B,OP,N,,, , ,, , ,,, ,,,,,,,FD,0.3,NP,TH,2001,,,,,,,, ,,, ,, ,,,,,,
20548,Weyerhaeuser Co,50187,Weyerhaeuser Longview WA,WA,PB,OP,N,,, , ,, , ,,, ,,,,,,,, ,,, ,,,,,,,, ,,, ,, ,,,,,,
20737,Willmar Municipal Utilities,2022,Willmar,MN,1,RE,D,,, , ,, , ,,, ,,,,,,,ST, ,,, ,,,,,,,, ,,, ,, ,,,,,,
20737,Willmar Municipal Utilities,2022,Willmar,MN,2,SB,N,,, , ,ST, , ,,, ,,,,,,,ST,0.1,NP,NV,1995,LN,,,LN,,,, ,,, ,, ,,,,,,
20737,Willmar Municipal Utilities,2022,Willmar,MN,3,OP,N,,, , ,, , ,,, ,,,,,,,ST,0.4,NP,NV,1995,LN,,,LN,,,, ,,, ,ST,2014,ND,,,ND,,
20813,City of Winfield - (KS),7013,East 12th Street,KS,4,OP,N,,, , ,, , ,,, ,,,,,,,, ,,, ,,,,,,,, ,,, ,, ,,,,,,
20824,Village of Winnetka - (IL),972,Winnetka,IL,4,OP,N,,, , ,, , ,,, ,,,,,,,, ,,, ,,,,,,,, ,,, ,, ,,,,,,
20824,Village of Winnetka - (IL),972,Winnetka,IL,5,OP,N,,, , ,, , ,,, ,,,,,,,, ,,, ,,,,,,,, ,,, ,, ,,,,,,
20824,Village of Winnetka - (IL),972,Winnetka,IL,7,OP,N,,, , ,, , ,,, ,,,,,,,, ,,, ,,,,,,,, ,,, ,, ,,,,,,
20824,Village of Winnetka - (IL),972,Winnetka,IL,8,OP,N,,, , ,, , ,,, ,,,,,,,, ,,, ,,,,,,,, ,,, ,, ,,,,,,
20847,Wisconsin Electric Power Co,1769,Presque Isle,MI,1,RE,N,N,, , ,ST, , ,DP,DA,1980,,,,,,,, ,,, ,,,,,,,ST,0.23,PG,NV,1982,, ,,,,,,
20847,Wisconsin Electric Power Co,1769,Presque Isle,MI,2,RE,N,N,, , ,ST, , ,DP,DA,1980,,,,,,,, ,,, ,,,,,,,ST,0.24,PG,NV,1982,, ,,,,,,
20847,Wisconsin Electric Power Co,1769,Presque Isle,MI,3,RE,N,N,, , ,ST, , ,DP,DA,1980,,,,,,,, ,,, ,,,,,,,ST,0.23,PG,NV,1982,, ,,,,,,
20847,Wisconsin Electric Power Co,1769,Presque Isle,MI,4,RE,N,N,, , ,ST, , ,DP,DA,1980,,,,,,,, ,,, ,,,,,,,ST,0.23,PG,NV,1982,, ,,,,,,
20847,Wisconsin Electric Power Co,1769,Presque Isle,MI,5,OP,N,N,, , ,ST,1.67, ,DP,DA,1980,NC,WA,,NC,WA,,, ,,, ,,,,,,,ST,0.2,PG,NV,1982,FD,2016,ACI,LIJ,,ACI,LIJ,
20847,Wisconsin Electric Power Co,1769,Presque Isle,MI,6,OP,N,N,, , ,ST,1.67, ,DP,DA,1980,NC,WA,,NC,WA,,, ,,, ,,,,,,,ST,0.2,PG,NV,1982,FD,2016,ACI,LIJ,,ACI,LIJ,
20847,Wisconsin Electric Power Co,1769,Presque Isle,MI,7,OP,D,N,, , ,FD,1.2, ,DP,TH,1982,NC,WA,,NC,WA,,ST,0.7,NP,TH,1982,MS,NC,,MS,NC,,ST,0.1,PB,NV,1982,FD,2016,ACI,LIJ,,ACI,LIJ,
20847,Wisconsin Electric Power Co,1769,Presque Isle,MI,8,OP,D,N,, , ,FD,1.2, ,DP,TH,1982,NC,WA,,NC,WA,,ST,0.7,NP,TH,1982,MS,NC,,MS,NC,,ST,0.1,PB,NV,1982,FD,2016,ACI,LIJ,,ACI,LIJ,
20847,Wisconsin Electric Power Co,1769,Presque Isle,MI,9,OP,D,N,, , ,FD,1.2, ,DP,TH,1982,NC,WA,,NC,WA,,ST,0.7,NP,TH,1982,MS,NC,,MS,NC,,ST,0.1,PB,NV,1982,FD,2016,ACI,LIJ,,ACI,LIJ,
20847,Wisconsin Electric Power Co,4040,Port Washington Generating Station,WI,BO11,OP,Db,N,, , ,ST,1.48, ,DH,OH,2008,NC,WA,,NC,WA,,ST,3,NM,MO,2008,MS,NC,,MS,NC,,ST,33,PH,OH,2008,FD,2016,,,,,,
20847,Wisconsin Electric Power Co,4040,Port Washington Generating Station,WI,BO12,OP,Db,N,, , ,ST,1.48, ,DH,OH,2008,NC,WA,,NC,WA,,ST,3,NM,MO,2008,MS,NC,,MS,NC,,ST,33,PH,OH,2008,FD,2016,,,,,,
20847,Wisconsin Electric Power Co,4040,Port Washington Generating Station,WI,BO21,OP,Db,N,, , ,ST,1.48, ,DH,OH,2005,NC,WA,,NC,WA,,ST,3,NM,MO,2005,MS,NC,,MS,NC,,ST,33,PH,OH,2005,FD,2016,,,,,,
20847,Wisconsin Electric Power Co,4040,Port Washington Generating Station,WI,BO22,OP,Db,N,, , ,ST,1.48, ,DH,OH,2005,NC,WA,,NC,WA,,ST,3,NM,MO,2005,MS,NC,,MS,NC,,ST,33,PH,OH,2005,FD,2016,,,,,,
20847,Wisconsin Electric Power Co,4041,South Oak Creek,WI,5,OP,N,N,, , ,ST,0.1, ,DP,MO,2012,NC,WA,,NC,WA,,ST,0.1,NP,MO,2012,MS,NC,,MS,NC,,ST,0.1,PB,NV,2012,FD,2015,ND,,,ND,,
20847,Wisconsin Electric Power Co,4041,South Oak Creek,WI,6,OP,N,N,, , ,ST,0.1, ,DP,MO,2012,NC,WA,,NC,WA,,ST,0.1,NP,MO,2012,MS,NC,,MS,NC,,ST,0.1,PB,NV,2012,FD,2015,ND,,,ND,,
20847,Wisconsin Electric Power Co,4041,South Oak Creek,WI,7,OP,N,N,, , ,ST,0.1, ,DP,MO,2012,NC,WA,,NC,WA,,ST,0.1,NP,MO,2012,MS,NC,,MS,NC,,ST,0.1,PB,NV,2002,FD,2015,ND,,,ND,,
20847,Wisconsin Electric Power Co,4041,South Oak Creek,WI,8,OP,N,N,, , ,ST,0.1, ,DP,MO,2012,NC,WA,,NC,WA,,ST,0.1,NP,MO,2012,MS,NC,,MS,NC,,ST,0.1,PB,NV,2002,FD,2015,ND,,,ND,,
20847,Wisconsin Electric Power Co,4042,Valley (WI),WI,1,OP,N,N,, , ,ST,3.28, ,DP,DA,1985,NC,WA,,NC,WA,,ST,0.28,NP,MO,2008,MS,NC,,MS,NC,,ST,0.15,PB,NV,1972,FD,2016,ND,,,ND,,
20847,Wisconsin Electric Power Co,4042,Valley (WI),WI,2,OP,N,N,, , ,ST,3.28, ,DP,DA,1985,NC,WA,,NC,WA,,ST,0.28,NP,MO,2008,MS,NC,,MS,NC,,ST,0.15,PB,NV,1972,FD,2016,ND,,,ND,,
20847,Wisconsin Electric Power Co,4042,Valley (WI),WI,3,OP,N,N,, , ,ST,3.28, ,DP,DA,1985,NC,WA,,NC,WA,,ST,0.28,NP,MO,2008,MS,NC,,MS,NC,,ST,0.15,PB,NV,1972,FD,2016,ND,,,ND,,
20847,Wisconsin Electric Power Co,4042,Valley (WI),WI,4,OP,N,N,, , ,ST,3.28, ,DP,DA,1985,NC,WA,,NC,WA,,ST,0.28,NP,MO,2008,MS,NC,,MS,NC,,ST,0.15,PB,NV,1972,FD,2016,ND,,,ND,,
20847,Wisconsin Electric Power Co,6170,Pleasant Prairie,WI,1,OP,D,N,, , ,ST,0.1, ,DP,MO,1980,NC,WA,,NC,WA,,ST,0.1,NP,MO,1980,MS,NC,,MS,NC,,ST,0.03,PB,NV,1980,FD,2015,ND,,,ND,,
20847,Wisconsin Electric Power Co,6170,Pleasant Prairie,WI,2,OP,D,N,, , ,ST,0.1, ,DP,MO,1985,NC,WA,,NC,WA,,ST,0.1,NP,MO,1985,MS,NC,,MS,NC,,ST,0.03,PB,NV,1985,FD,2015,ND,,,ND,,
20847,Wisconsin Electric Power Co,7549,Milwaukee County,WI,1,OP,N,,, , ,, , ,,, ,,,,,,,ST,0.25,NP,OH,2016,ND,,,ND,,,ST, ,,, ,FD,2016,ND,,,ND,,
20847,Wisconsin Electric Power Co,7549,Milwaukee County,WI,2,OP,N,,, , ,, , ,,, ,,,,,,,ST,0.25,NP,OH,2016,ND,,,ND,,,, ,,, ,FD,2016,ND,,,ND,,
20847,Wisconsin Electric Power Co,7549,Milwaukee County,WI,3,OP,N,,, , ,, , ,,, ,,,,,,,ST,0.25,NP,OH,2016,ND,,,ND,,,, ,,, ,FD,2016,ND,,,ND,,
20847,Wisconsin Electric Power Co,56068,Elm Road Generating Station,WI,18,OP,Db,N,, , ,ST,0.03, ,DP,MO,2010,NC,WA,,NC,WA,,ST,0.07,NP,MO,2010,SR,LN,,MS,NC,,ST,0.018,PB,TH,2010,ST,2010,BP,SP,,BP,SP,
20847,Wisconsin Electric Power Co,56068,Elm Road Generating Station,WI,19,OP,Db,N,, , ,ST,0.03, ,DP,MO,2010,NC,WA,,NC,WA,,ST,0.07,NP,MO,2010,SR,LN,,MS,NC,,ST,0.018,PB,TH,2010,ST,2010,BP,SP,,BP,SP,
20847,Wisconsin Electric Power Co,58124,Rothschild Biomass Cogen Facility,WI,1,OP,,,, , ,, , ,,, ,,,,,,,ST,0.1,NP,MO,2013,MS,NC,,MS,NC,,, ,,, ,ST,2013,BP,,,BP,,
20856,Wisconsin Power & Light Co,4050,Edgewater,WI,3,SB,N,Y,EPA-5-77-A-3,4,1977,ST,4.07, ,DP,DA,1988,SS,SU,NC,NC,,,ST,0.2,NP,MO,2009,SN,OV,,NC,,,ST,0.13,PB,PS,1984,FD,2015,OT,,,OT,,
20856,Wisconsin Power & Light Co,4050,Edgewater,WI,4,OP,N,Y,EPA-5-77-A-3,4,1977,FD,0.7, ,DP,YR,2013,SS,SU,NC,NC,,,FD,0.17,NP,MO,2013,SN,OV,,NC,,,ST,0.13,PB,PS,1984,FD,2015,OT,,,OT,,
20856,Wisconsin Power & Light Co,4050,Edgewater,WI,5,OP,Da,Y,07-SDD-254,10,2008,FD,1.2, ,DP,TH,1985,NC,,,IF,,,FD,0.08,NP,MO,2013,LN,OV,SR,SR,LN,OV,ST,0.1,PB,PS,1985,FD,2015,OT,,,BP,ACI,CD
20856,Wisconsin Power & Light Co,4054,Nelson Dewey Generating Station,WI,1,OP,N,N,, , ,FD,0.8, ,DP,OT,2013,SS,NC,,NC,,,FD,0.3,NP,OT,2013,SN,,,NC,,,FD,0.1,PB,TH,2013,FD,2015,ACI,OT,,ACI,OT,
20856,Wisconsin Power & Light Co,4054,Nelson Dewey Generating Station,WI,2,OP,N,N,, , ,FD,0.8, ,DP,OT,2013,SS,NC,,NC,,,FD,0.3,NP,OT,2013,SN,,,NC,,,FD,0.1,PB,TH,2013,FD,2015,ACI,OT,,ACI,OT,
20856,Wisconsin Power & Light Co,8023,Columbia (WI),WI,1,OP,D,Y,11-POY-123-R1,6,2013,ST,3.2, ,DP,DA,1986,NC,SS,,IF,,,FD,0.15,NP,YR,2013,MS,LN,,NC,,,ST,0.6,PB,PS,1975,FD,2015,OT,,,EH,ACI,BP
20856,Wisconsin Power & Light Co,8023,Columbia (WI),WI,2,OP,D,Y,11-POY-123-R1,6,2013,FD,1.2, ,DP,TH,1978,NC,,,IF,,,FD,0.7,NP,TH,1978,LN,AA,MS,NC,,,FD,0.1,PB,PS,1978,FD,2015,OT,,,EC,ACI,BP
20856,Wisconsin Power & Light Co,55641,Riverside Energy Center,WI,HRSG1,OP,D,N,, , ,, , ,DH,TH,2004,NC,,,NC,,,ST, ,NM,TH,2004,LN,SR,,NC,,,ST,26.4,PH,TH,2004,, ,,,,,,
20856,Wisconsin Power & Light Co,55641,Riverside Energy Center,WI,HRSG2,OP,D,N,, , ,ST, , ,DH,TH,2004,NC,,,NC,,,ST, ,NM,TH,2004,LN,SR,,NC,,,ST,26.4,PH,TH,2004,, ,,,,,,
20860,Wisconsin Public Service Corp,4072,Pulliam,WI,3,RE,N,N,, , ,ST, , ,DP,DA,1985,,,,,,,ST,0.5,NP,MO,2000,LN,AA,,,,,ST,0.1,PB,NV,1974,ST, ,EC,,,,,
20860,Wisconsin Public Service Corp,4072,Pulliam,WI,4,RE,N,N,, , ,ST, , ,DP,DA,1985,,,,,,,FD, ,NP,YR,2000,,,,,,,ST,0.3,PB,NV,1974,, ,,,,,,
20860,Wisconsin Public Service Corp,4072,Pulliam,WI,5,OP,Da,N,, , ,ST,4.2, ,DP,TH,1985,SS,SU,,SS,SU,,ST,0.5,NP,MO,2000,LN,AA,,LN,AA,,ST,0.1,PB,NS,1974,ST,2015,EC,,,EC,,
20860,Wisconsin Public Service Corp,4072,Pulliam,WI,6,OP,Da,N,, , ,ST,4.2, ,DP,TH,1985,SS,SU,,SS,SU,,ST,0.5,NP,MO,2000,LN,AA,,LN,AA,,ST,0.1,PB,NS,1974,ST,2015,EC,,,EC,,
20860,Wisconsin Public Service Corp,4072,Pulliam,WI,7,OP,Da,Y,13-DMM-177,4,2014,ST,4.2, ,DP,TH,1985,SS,SU,,IF,,,ST,0.5,NP,MO,1995,LN,AA,,LN,AA,,ST,0.1,PB,NS,1974,ST,2015,EC,,,EC,,
20860,Wisconsin Public Service Corp,4072,Pulliam,WI,8,OP,Da,Y,13-DMM-177,4,2014,ST,4.2, ,DP,TH,1985,SS,SU,,IF,,,ST,0.5,NP,MO,1995,LN,AA,,LN,AA,,ST,0.1,PB,NS,1974,ST,2015,ACI,EC,,ACI,DSI,EC
20860,Wisconsin Public Service Corp,4078,Weston,WI,1,OP,N,Y,07-SDD-301,7,2008,ST,763.6, ,DH,TH,2004,SS,,,SS,,,ST,1079.5,NH,YR,2004,LN,AA,,LN,AA,,ST,0.1,PB,NV,1982,ST,2015,EC,,,EC,,
20860,Wisconsin Public Service Corp,4078,Weston,WI,2,OP,N,Y,07-SDD-301,7,2008,ST,890, ,DH,TH,2004,SS,,,SS,,,ST,1258,NH,YR,2004,LN,AA,,LN,AA,,ST,0.1,PB,NV,1982,ST,2015,EC,,,EC,,
20860,Wisconsin Public Service Corp,4078,Weston,WI,3,OP,D,Y,06-SDD-102 12-DCF-171,6,2007,ST,1.2, ,DP,TH,1982,IF,,,OT,,,ST,0.7,NP,TH,1982,LN,AA,,LN,AA,,ST,0.1,PB,NV,1982,ST,2016,BP,,,OT,,
20860,Wisconsin Public Service Corp,4078,Weston,WI,4,OP,Db,Y,03-RV-248,10,2004,ST,0.1,1,DP,MO,2008,IF,,,IF,,,ST,0.06,NP,MO,2008,LN,OV,SR,LN,OV,SR,ST,0.02,PB,TH,2008,ST,2015,ACI,BP,SD,ACI,BP,SD
20860,Wisconsin Public Service Corp,56031,Fox Energy Center,WI,HRSG1,OP,Db,,, , ,ST,6.6, ,DH,TH,2006,NC,,,NC,,,ST,3,NM,DA,2006,NC,,,NC,,,ST,28.4,PH,TH,2006,, ,,,,,,
20860,Wisconsin Public Service Corp,56031,Fox Energy Center,WI,HRSG2,OP,Db,,, , ,ST,6.6, ,DH,TH,2005,NC,,,NC,,,ST,3,NM,DA,2005,NC,,,NC,,,ST,28.4,PH,TH,2005,, ,,,,,,
20893,Wolf Creek Nuclear Optg Corp,210,Wolf Creek Generating Station,KS,NSS1,OP,,,, , ,, , ,,, ,,,,,,,, ,,, ,,,,,,,, ,,, ,, ,,,,,,
21048,Wyandotte Municipal Serv Comm,1866,Wyandotte,MI,5,OP,N,,, , ,, , ,,, ,,,,,,,FD,0.46,NP,YR, ,MS,,,MS,,,, ,,, ,, ,,,,,,
21048,Wyandotte Municipal Serv Comm,1866,Wyandotte,MI,7,OP,D,,, , ,, , ,,, ,,,,,,,FD,0.2,NP,TH,2012,MS,,,MS,,,, ,,, ,, ,,,,,,
21048,Wyandotte Municipal Serv Comm,1866,Wyandotte,MI,8,OP,Da,,, , ,, , ,,, ,,,,,,,FD,0.4,NP,DA,1990,MS,,,MS,,,, ,,, ,, ,,,,,,
21128,York County Solid W & R Auth,50215,York County Resource Recovery,PA,101,OP,N,,, , ,, , ,,, ,,,,,,,ST,165,NM,DA,1994,LA,LN,,NC,,,, ,,, ,ST,1989,SD,BP,ACI,,,
21128,York County Solid W & R Auth,50215,York County Resource Recovery,PA,102,OP,N,,, , ,, , ,,, ,,,,,,,, ,,, ,,,,,,,, ,,, ,, ,,,,,,
21128,York County Solid W & R Auth,50215,York County Resource Recovery,PA,103,OP,N,,, , ,, , ,,, ,,,,,,,, ,,, ,,,,,,,, ,,, ,, ,,,,,,
21461,NRG Canal LLC,1599,Canal,MA,1,OP,N,N,, , ,ST, , ,DP,YR,1995,SS,,,SS,,,ST, ,NP,DA,1995,NH3,,,NH3,,,ST,0.02,PB,PS,1996,, ,,,,,,
21461,NRG Canal LLC,1599,Canal,MA,2,OP,N,N,, , ,ST, , ,DP,YR,1995,SS,,,SS,,,ST, ,NP,DA,1995,FR,,,FR,,,ST,0.02,PB,PS,1996,, ,,,,,,
21463,NRG Kendall LLC,1595,Kendall Square Station,MA,1,RE,N,,, , ,ST, , ,DH,OT,1995,,,,,,,ST, ,NP,DA,1995,NC,,,NC,,,ST,0.12,PB,PS,1972,, ,,,,,,
21463,NRG Kendall LLC,1595,Kendall Square Station,MA,2,OP,N,,, , ,ST, , ,DH,OT,1995,,,,,,,ST, ,NP,DA,1995,,,,NC,,,ST,0.12,PB,PS,1972,, ,,,,,,
21463,NRG Kendall LLC,1595,Kendall Square Station,MA,3,OP,N,,, , ,ST, , ,DH,OT,1995,,,,,,,ST, ,NP,DA,1995,NC,,,NC,,,ST,0.12,PB,PS,1972,, ,,,,,,
21463,NRG Kendall LLC,1595,Kendall Square Station,MA,4,OP,Db,,, , ,ST, , ,DP,OH,2002,,,,,,,ST, ,NP,OH,2002,SR,,,NC,,,ST,0.011,PB,PS,2002,, ,,,,,,
21535,STP Nuclear Operating Co,6251,South Texas Project,TX,NSS1,OP,,,, , ,, , ,,, ,,,,,,,, ,,, ,,,,,,,, ,,, ,, ,,,,,,
21535,STP Nuclear Operating Co,6251,South Texas Project,TX,NSS2,OP,,,, , ,, , ,,, ,,,,,,,, ,,, ,,,,,,,, ,,, ,, ,,,,,,
21554,Seminole Electric Cooperative Inc,136,Seminole (FL),FL,1,OP,Da,Y,1070025-015-AV,1,2010,ST, , ,DP,DA,1983,NC,,,NC,,,ST,0.07,NP,YR,1983,LN,SR,OV,LN,SR,OV,FD,0.03,PB,PS,1983,FD,1983,LIJ,EK,MA,LIJ,EK,MA
21554,Seminole Electric Cooperative Inc,136,Seminole (FL),FL,2,OP,Da,Y,1070025-015-AV,1,2010,ST, , ,DP,DA,1984,NC,,,NC,,,ST,0.07,NP,YR,1984,LN,SR,OV,LN,SR,OV,FD,0.03,PB,PS,1984,FD,1984,LIJ,EK,MA,LIJ,EK,MA
21554,Seminole Electric Cooperative Inc,136,Seminole (FL),FL,3,CN,,,, , ,, , ,,, ,,,,,,,, ,,, ,,,,,,,, ,,, ,, ,,,,,,
21554,Seminole Electric Cooperative Inc,7380,Midulla Generating Station,FL,HRSG1,OP,,,, , ,, , ,,, ,,,,,,,, ,,, ,,,,,,,, ,,, ,, ,,,,,,
21554,Seminole Electric Cooperative Inc,7380,Midulla Generating Station,FL,HRSG2,OP,,,, , ,, , ,,, ,,,,,,,, ,,, ,,,,,,,, ,,, ,, ,,,,,,
21579,New Covert Generating Company  LLC,55297,New Covert Generating Facility,MI,HRSG1,OP,Da,Y,MI-ROP-N6767-2009,11,2009,ST, , ,DC,DA,2004,ND,,,ND,,,ST, ,NM,DA,2004,LN,,,LN,,,ST,33.7,OP,DA,2004,ST,2004,,,,,,
21579,New Covert Generating Company  LLC,55297,New Covert Generating Facility,MI,HRSG2,OP,Da,Y,MI-ROP-N6767-2009,11,2009,ST, , ,SB,DA,2004,ND,,,ND,,,ST, ,NM,DA,2004,LN,,,LN,,,ST,33.4,PH,DA,2004,ST,2004,,,,,,
21579,New Covert Generating Company  LLC,55297,New Covert Generating Facility,MI,HRSG3,OP,Da,Y,MI-ROP-N6767-2009,11,2009,ST, , ,SB,DA,2004,ND,,,ND,,,ST, ,NM,DA,2004,LN,,,LN,,,ST,33.7,PH,DA,2004,ST,2004,,,,,,
21668,Wise County Power Company  LLC,55320,Wise County Power LLC,TX,HRSG1,OP,Db,Y,42734,12,2011,ST,4.24,0,DH,PS,2003,NC,NC,NC,NC,,,ST,9,NM,OH,2003,SR,NH3,,NC,,,ST,31.4,PH,OH,2003,, ,,,,,,
21668,Wise County Power Company  LLC,55320,Wise County Power LLC,TX,HRSG2,OP,Db,Y,42734,12,2011,ST,4.24,0,DH,PS,2003,NC,NC,NC,NC,NC,NC,ST,9,NM,OH,2003,SR,NH3,,NC,,,ST,31.4,PH,OH,2003,, ,,,,,,
21734,Sunnyside Cogeneration Assoc,50951,Sunnyside Cogen Associates,UT,1,OP,,,, , ,, , ,,, ,,,,,,,ST,0.25,NP,MO,1993,CF,LA,FU,NC,,,, ,,, ,, ,,,,,,
21773,Yellowstone Energy LP,50931,Yellowstone Energy LP,MT,BLR1,OP,N,,, , ,, , ,,, ,,,,,,,ST,319,NH,OH,1995,CF,,,NC,,,, ,,, ,,1995,,,,,,
21773,Yellowstone Energy LP,50931,Yellowstone Energy LP,MT,BLR2,OP,N,,, , ,, , ,,, ,,,,,,,ST,319,NH,OH,1995,CF,,,NC,,,, ,,, ,,1995,,,,,,
21970,Northeast Energy Associates LP,10307,Bellingham Cogeneration Facility,MA,HRSG1,OP,N,,, , ,, , ,,, ,,,,,,,, ,,, ,,,,,,,, ,,, ,, ,,,,,,
21970,Northeast Energy Associates LP,10307,Bellingham Cogeneration Facility,MA,HRSG2,OP,,,, , ,, , ,,, ,,,,,,,, ,,, ,,,,,,,, ,,, ,, ,,,,,,
22001,Sunbury Generation LP,3152,Sunbury Generation LP,PA,1A,OP,N,N,, , ,ST,3.7,0,DP,DA,1979,OT,,,OT,,,ST,1.1,NP,MO,1995,LN,,,LN,,,ST,0.1,PB,NV,1973,, ,OT,,,OT,,
22001,Sunbury Generation LP,3152,Sunbury Generation LP,PA,1B,OP,N,N,, , ,ST,3.7,0,DP,DA,1979,OT,,,OT,,,ST,1.1,NP,MO,1995,LN,,,LN,,,ST,0.1,PB,NV,1973,, ,OT,,,OT,,
22001,Sunbury Generation LP,3152,Sunbury Generation LP,PA,2A,OP,N,N,, , ,ST,3.7,0,DP,DA,1979,OT,,,OT,,,ST,1.1,NP,MO,1995,LN,,,LN,,,ST,0.1,PB,NV,1973,, ,OT,,,OT,,
22001,Sunbury Generation LP,3152,Sunbury Generation LP,PA,2B,OS,N,N,, , ,ST,3.7,0,DP,DA,1979,OT,,,OT,,,ST,1.1,NP,MO,1995,LN,,,LN,,,ST,0.1,PB,NV,1973,, ,OT,,,OT,,
22001,Sunbury Generation LP,3152,Sunbury Generation LP,PA,3,OP,N,N,, , ,ST,3.7,0,DP,DA,1979,OT,,,OT,,,ST,1.1,NP,MO,1995,LN,,,LN,,,ST,0.1,PB,NV,1979,, ,OT,,,OT,,
22001,Sunbury Generation LP,3152,Sunbury Generation LP,PA,4,OP,N,N,, , ,ST,3.7,0,DP,DA,1979,OT,,,OT,,,ST,1.1,NP,MO,1995,LN,,,LN,,,ST,0.1,PB,NV,1979,, ,OT,,,OT,,
22048,Pacific Oroville Power Co,54469,Pacific Oroville Power Inc,CA,BLR1,OP,N,,, , ,, , ,,, ,,,,,,,, ,,, ,,,,,,,, ,,, ,, ,,,,,,
22048,Pacific Oroville Power Co,54469,Pacific Oroville Power Inc,CA,BLR2,OP,N,,, , ,, , ,,, ,,,,,,,, ,,, ,,,,,,,, ,,, ,, ,,,,,,
22053,Kentucky Power Co,1353,Big Sandy,KY,BSU1,OP,N,N,, , ,FD, , ,DP,DA,1971,NC,,,RP,,,FD, ,OT,YR,2000,LN,OV,,RP,,,FD,0.24,PB,DT,1971,,2015,OT,,,,,
22053,Kentucky Power Co,1353,Big Sandy,KY,BSU2,OP,N,N,, , ,FD, , ,DP,DA,1971,NC,,,OT,,,FD, ,OT,YR,2000,LN,SR,,OT,,,FD,0.24,PB,DT,1971,,2015,,,,OT,,
22053,Kentucky Power Co,3948,Mitchell (WV),WV,1,OP,N,N,, , ,ST,7.5, ,DP,TH,1977,IF,,,IF,,,FD, ,NP,YR,2000,SR,,,SR,,,ST,0.05,PB,DT,1977,FD,2015,SP,EK,,SP,EK,
22053,Kentucky Power Co,3948,Mitchell (WV),WV,2,OP,N,N,, , ,ST,7.5, ,DP,TH,1977,IF,,,IF,,,FD, ,NP,YR,2000,SR,,,SR,,,ST,0.05,PB,DT,1978,FD,2015,SP,EK,,SP,EK,
22125,"Cayuga Operating Company, LLC",2535,Cayuga Operating Company,NY,1,OP,N,N,, , ,ST,3.4,1,DP,YR,1988,NC,,,NC,,,ST,0.12,NP,DA,1990,SR,LN,,SR,LN,,ST,0.1,PB,NV,1998,ST,2001,SP,,,SP,,
22125,"Cayuga Operating Company, LLC",2535,Cayuga Operating Company,NY,2,OP,N,N,, , ,ST,3.4,1,DP,YR,1988,NC,,,NC,,,ST,0.32,NP,DA,2014,LN,,,LN,,,ST,0.1,PB,NV,1998,ST,2014,SP,OT,,SP,OT,
22129,Somerset Operating Co LLC,6082,Somerset Operating Co LLC,NY,1,OP,Da,N,, , ,FD,0.6, ,DP,MO,1984,NC,,,NC,,,ST,0.45,NP,DA,1995,LN,SR,,,,,FD,0.03,PB,NV,1984,ST,2010,SP,,,,,
22131,Red Oak Power LLC,55239,Red Oak Power LLC,NJ,HRSG1,OP,,,, , ,, , ,,, ,,,,,,,, ,,, ,,,,,,,, ,,, ,, ,,,,,,
22131,Red Oak Power LLC,55239,Red Oak Power LLC,NJ,HRSG2,OP,,,, , ,, , ,,, ,,,,,,,, ,,, ,,,,,,,, ,,, ,, ,,,,,,
22131,Red Oak Power LLC,55239,Red Oak Power LLC,NJ,HRSG3,OP,,,, , ,, , ,,, ,,,,,,,, ,,, ,,,,,,,, ,,, ,, ,,,,,,
22148,AES Alamitos LLC,315,AES Alamitos LLC,CA,1,OP,N,N,115394, , ,LO, , ,OT,NV,1977,NC,NC,NC,ND,ND,ND,LO, ,NM,YR,1974,MS,MS,MS,MS,MS,MS,LO,0.07,PC,WA,1976,ST,1977,,,,,,
22148,AES Alamitos LLC,315,AES Alamitos LLC,CA,2,OP,N,N,115394, , ,LO, , ,OT,NV,1977,NC,NC,NC,NC,NC,NC,LO, ,NM,YR,1974,MS,MS,MS,MS,MS,MS,LO,0.07,PC,WA,1976,ST,1977,,,,,,
22148,AES Alamitos LLC,315,AES Alamitos LLC,CA,3,OP,N,N,115394, , ,LO, , ,OT,NV,1977,NC,NC,NC,NC,NC,NC,LO, ,NM,YR,1974,MS,MS,MS,MS,MS,MS,LO,0.07,PC,WA,1976,ST,1977,,,,,,
22148,AES Alamitos LLC,315,AES Alamitos LLC,CA,4,OP,N,N,115394, , ,LO, , ,OT,NV,1977,NC,NC,NC,NC,NC,NC,LO, ,NM,YR,1974,MS,MS,MS,MS,MS,MS,LO,0.07,PC,WA,1976,ST,1977,,,,,,
22148,AES Alamitos LLC,315,AES Alamitos LLC,CA,5,OP,N,N,115394, , ,LO, , ,OT,NV,1977,NC,NC,NC,NC,NC,NC,LO, ,NM,YR,1974,MS,MS,MS,MS,,,LO,0.05,PC,WA,1976,ST,1977,,,,,,
22148,AES Alamitos LLC,315,AES Alamitos LLC,CA,6,OP,N,N,115394, , ,LO, , ,OT,NV,1977,NC,NC,NC,NC,NC,NC,LO, ,NM,YR,1974,MS,MS,MS,MS,MS,MS,LO,0.05,PC,WA,1976,ST,1977,,,,,,
22174,PEI Power Corp,50279,Archbald Power Station,PA,MAIN,OP,Db,,, , ,FD, , ,,, ,,,,,,,ST,0.06,NH,OH,1998,FR,OV,,FR,OV,,, ,,, ,, ,,,,,,
22199,U S Air Force-Eielson AFB,50392,Eielson AFB Central Heat & Power Plant,AK,1,OP,,,, , ,, , ,,, ,,,,,,,, ,,, ,,,,,,,, ,,, ,, ,,,,,,
22199,U S Air Force-Eielson AFB,50392,Eielson AFB Central Heat & Power Plant,AK,2,OP,,,, , ,, , ,,, ,,,,,,,, ,,, ,,,,,,,, ,,, ,, ,,,,,,
22199,U S Air Force-Eielson AFB,50392,Eielson AFB Central Heat & Power Plant,AK,3,OP,,,, , ,, , ,,, ,,,,,,,, ,,, ,,,,,,,, ,,, ,, ,,,,,,
22199,U S Air Force-Eielson AFB,50392,Eielson AFB Central Heat & Power Plant,AK,4,OP,,,, , ,, , ,,, ,,,,,,,, ,,, ,,,,,,,, ,,, ,, ,,,,,,
22199,U S Air Force-Eielson AFB,50392,Eielson AFB Central Heat & Power Plant,AK,5,OP,,,, , ,, , ,,, ,,,,,,,, ,,, ,,,,,,,, ,,, ,, ,,,,,,
22199,U S Air Force-Eielson AFB,50392,Eielson AFB Central Heat & Power Plant,AK,6,CO,,,, , ,, , ,,, ,,,,,,,, ,,, ,,,,,,,, ,,, ,, ,,,,,,
22218,U S Army-Radford,52072,Radford Army Ammunition Plant,VA,1,RE,N,,, , ,, , ,,, ,,,,,,,, ,,, ,,,,,,,, ,,, ,, ,,,,,,
22218,U S Army-Radford,52072,Radford Army Ammunition Plant,VA,2,OP,N,,, , ,, , ,,, ,,,,,,,, ,,, ,,,,,,,, ,,, ,, ,,,,,,
22218,U S Army-Radford,52072,Radford Army Ammunition Plant,VA,3,OP,N,,, , ,, , ,,, ,,,,,,,, ,,, ,,,,,,,, ,,, ,, ,,,,,,
22218,U S Army-Radford,52072,Radford Army Ammunition Plant,VA,4,OP,N,,, , ,, , ,,, ,,,,,,,, ,,, ,,,,,,,, ,,, ,, ,,,,,,
22218,U S Army-Radford,52072,Radford Army Ammunition Plant,VA,5,OP,N,,, , ,, , ,,, ,,,,,,,, ,,, ,,,,,,,, ,,, ,, ,,,,,,
22290,North Jersey Energy Assoc LP,10308,Sayreville Cogeneration Facility,NJ,HRSG1,OP,,,, , ,, , ,,, ,,,,,,,, ,,, ,,,,,,,, ,,, ,, ,,,,,,
22290,North Jersey Energy Assoc LP,10308,Sayreville Cogeneration Facility,NJ,HRSG2,OP,,,, , ,, , ,,, ,,,,,,,, ,,, ,,,,,,,, ,,, ,, ,,,,,,
22296,Burney Mountain Power,54219,Burney Mountain Power,CA,BLR1,OS,N,,, , ,, , ,,, ,,,,,,,, ,,, ,,,,,,,, ,,, ,, ,,,,,,
22297,Mt Lassen Power,54468,Mt Lassen Power,CA,BLR1,OS,N,,, , ,, , ,,, ,,,,,,,, ,,, ,,,,,,,, ,,, ,, ,,,,,,
22337,Alcoa World Alumina LLC,52069,Point Comfort Operations,TX,HP1,OP,N,,, , ,, , ,,, ,,,,,,,, ,,, ,,,,,,,, ,,, ,, ,,,,,,
22337,Alcoa World Alumina LLC,52069,Point Comfort Operations,TX,HP2,OP,N,,, , ,, , ,,, ,,,,,,,, ,,, ,,,,,,,, ,,, ,, ,,,,,,
22337,Alcoa World Alumina LLC,52069,Point Comfort Operations,TX,HP3,OP,N,,, , ,, , ,,, ,,,,,,,, ,,, ,,,,,,,, ,,, ,, ,,,,,,
22337,Alcoa World Alumina LLC,52069,Point Comfort Operations,TX,HP4,OP,N,,, , ,, , ,,, ,,,,,,,, ,,, ,,,,,,,, ,,, ,, ,,,,,,
22337,Alcoa World Alumina LLC,52069,Point Comfort Operations,TX,HP5,OP,N,,, , ,, , ,,, ,,,,,,,, ,,, ,,,,,,,, ,,, ,, ,,,,,,
22337,Alcoa World Alumina LLC,52069,Point Comfort Operations,TX,HP6,OP,N,,, , ,, , ,,, ,,,,,,,, ,,, ,,,,,,,, ,,, ,, ,,,,,,
22380,NRG Montville Operations Inc,546,Montville Station,CT,5,OP,N,N,, , ,ST, , ,SU,NV,2003,NC,,,NC,,,FD,0.15,NP,DA,1995,BF,,,,,,ST,0.14,PB,NV,1980,, ,,,,,,
22380,NRG Montville Operations Inc,546,Montville Station,CT,6,OP,N,N,, , ,ST, , ,SU,NV,2003,NC,,,NC,,,FD,0.15,NP,DA,1995,BF,,,,,,ST,0.14,PB,NV,1980,, ,,,,,,
22484,AES Redondo Beach LLC,356,AES Redondo Beach LLC,CA,5,OP,N,N,, , ,, , ,,, ,NC,NC,NC,NC,NC,NC,LO, ,NH,FT,1974,MS,MS,MS,MS,MS,MS,LO,0.1,PC,YR,1976,, ,,,,,,
22484,AES Redondo Beach LLC,356,AES Redondo Beach LLC,CA,6,OP,N,N,, , ,, , ,,, ,NC,NC,NC,NC,NC,NC,LO, ,NH,FT,1974,MS,MS,MS,MS,MS,MS,LO,0.1,PC,YR,1976,, ,,,,,,
22484,AES Redondo Beach LLC,356,AES Redondo Beach LLC,CA,7,OP,N,N,, , ,, , ,,, ,NC,NC,NC,NC,NC,NC,LO, ,NH,FT,1974,MS,MS,MS,MS,MS,MS,LO,0.1,PC,YR,1976,, ,,,,,,
22484,AES Redondo Beach LLC,356,AES Redondo Beach LLC,CA,8,OP,N,N,, , ,, , ,,, ,NC,NC,NC,NC,NC,NC,LO, ,NH,FT,1974,MS,MS,MS,MS,MS,MS,LO,0.1,PC,YR,1976,, ,,,,,,
22500,Westar Energy Inc,1248,Hutchinson Energy Center,KS,1,RE,N,N,, , ,ST, , ,DP,TH,1971,NC,,,NC,,,, ,,, ,,,,,,,ST,0.16,PB,PS,1971,, ,,,,,,
22500,Westar Energy Inc,1248,Hutchinson Energy Center,KS,2,RE,N,N,, , ,ST, , ,DP,TH,1971,NC,,,NC,,,, ,,, ,,,,,,,ST,0.16,PB,PS,1971,, ,,,,,,
22500,Westar Energy Inc,1248,Hutchinson Energy Center,KS,3,RE,N,N,, , ,ST, , ,DP,TH,1971,NC,,,NC,,,, ,,, ,,,,,,,ST,0.16,PB,PS,1971,, ,,,,,,
22500,Westar Energy Inc,1248,Hutchinson Energy Center,KS,4,OP,N,N,, , ,ST, , ,DP,TH,1971,NC,,,NC,,,, ,,, ,,,,,,,ST,0.17,PB,PS,1971,, ,,,,,,
22500,Westar Energy Inc,1250,Lawrence Energy Center,KS,3,OP,N,N,, , ,ST,3, ,DP,TH,1971,NC,,,NC,,,ST,0.18,NP,YR,2000,NC,,,NC,,,ST,0.13,PB,PS,1971,, ,,,,,,
22500,Westar Energy Inc,1250,Lawrence Energy Center,KS,4,OP,N,N,, , ,ST,0.15, ,DP,TH,1971,IF,,,NC,,,ST,0.18,NP,YR,2000,LN,OV,,NC,,,ST,0.13,PB,PS,1971,, ,,,,,,
22500,Westar Energy Inc,1250,Lawrence Energy Center,KS,5,OP,N,N,, , ,ST,0.15, ,DP,TH,1971,IF,,,NC,,,ST,0.15,NP,YR,2000,LN,OV,,NC,,,ST,0.13,PB,PS,1971,, ,,,,,,
22500,Westar Energy Inc,1252,Tecumseh Energy Center,KS,10,OP,N,Y,1770030,3,2008,ST,3, ,DP,TH,1971,NC,,,NC,,,ST,0.18,,,1971,LN,,,NC,,,ST,0.16,PB,PS,1971,, ,,,,,,
22500,Westar Energy Inc,1252,Tecumseh Energy Center,KS,9,OP,N,Y,1770030,3,2008,ST,3, ,DP,TH,1971,NC,,,NC,,,ST,0.18,,,1971,LN,OV,,NC,,,ST,0.16,PB,PS,1971,, ,,,,,,
22500,Westar Energy Inc,6068,Jeffrey Energy Center,KS,1,OP,D,Y,1490001,2,2008,FD,0.07, ,DP,MO,2010,IF,,,NC,,,ST,0.15,NP,TH,2011,OV,LN,,OV,LN,NH3,FD,0.03,PB,PS,2010,, ,,,,,,
22500,Westar Energy Inc,6068,Jeffrey Energy Center,KS,2,OP,D,Y,1490001,2,2008,FD,0.07, ,DP,MO,2010,IF,,,NC,,,ST,0.15,NP,TH,2011,OV,LN,,OV,LN,NH3,FD,0.03,PB,PS,2010,, ,,,,,,
22500,Westar Energy Inc,6068,Jeffrey Energy Center,KS,3,OP,D,Y,1490001,2,2008,FD,0.07, ,DP,MO,2010,IF,,,NC,,,ST,0.15,NP,TH,2011,OV,LN,,OV,LN,NH3,FD,0.03,PB,PS,2010,, ,,,,,,
22650,Calpine Corp-Sutter,55112,Sutter Energy Center,CA,HRSG1,OP,Db,N,, , ,FD, , ,DH,TH,2001,NC,,,NC,,,FD, ,NH,OH,2001,LN,SR,,,,,FD,1.86,PH,TH,2001,FD,2001,,,,,,
22650,Calpine Corp-Sutter,55112,Sutter Energy Center,CA,HRSG2,OP,Db,N,, , ,FD, , ,DH,TH,2001,NC,,,NC,,,FD, ,NH,OH,2001,LN,SR,,,,,FD,1.6,PH,TH,2001,FD,2001,,,,,,
22652,Texas City Cogeneration LLC,52088,Texas City Power Plant,TX,HRSG 1,OP,Db,Y,89,9,2005,ST,19.4,0,DH,OH,2005,NC,,,NC,,,ST,476.3,NH,OH,2005,ND,,,NC,,,ST,7,PH,NS,2005,, ,,,,,,
22652,Texas City Cogeneration LLC,52088,Texas City Power Plant,TX,HRSG 2,OP,Db,Y,89,9,2005,ST,19.4,0,DH,OH,2005,NC,,,NC,,,ST,70.4,NH,NS,2005,LN,,,NC,,,ST,7,PH,NS,2005,, ,,,,,,
22652,Texas City Cogeneration LLC,52088,Texas City Power Plant,TX,HRSG 3,OP,Db,Y,89,9,2005,ST,19.4,0,DH,OH,2005,NC,,,NC,,,ST,70.4,NH,OH,2007,LN,,,NC,,,ST,7,PH,OH,2005,, ,,,,,,
22803,SDS Lumber Co,50231,SDS Lumber Gorge Energy Division,WA,821,OP,,,, , ,, , ,,, ,,,,,,,, ,,, ,,,,,,,, ,,, ,, ,,,,,,
22979,Astoria Energy LLC,55375,Astoria Energy,NY,HRSG1,OP,Db,Y,2-6301-00072/00014,12,2001,FD,0.0015, ,DP,PS,2006,NC,,,NC,,,FD,2,NM,TH,2006,NC,SR,,NC,,,FD,0.01,PB,PS,2006,ST,2006,,,,,,
22979,Astoria Energy LLC,55375,Astoria Energy,NY,HRSG2,OP,Db,Y,2-6301-00072/00014,12,2001,FD,0.0015, ,DP,PS,2006,NC,,,NC,,,FD,2,NH,TH,2006,NC,SR,,NC,,,FD,0.01,PB,PS,2006,LO,2006,,,,,,
23013,"EIF Northampton GP, LLC",50888,Northampton Generating Company LP,PA,BLR1,OP,Db,Y,48-306-012,9,2007,ST,0.129,1,DP,DA,1995,CF,NC,,CF,NC,ND,ST,0.1,NP,DA,1995,CF,SN,NC,CF,SN,NC,ST,0.01,PB,OH,1995,, ,,,,,,
23279,Allegheny Energy Supply Co LLC,3179,Hatfields Ferry Power Station,PA,1,RE,N,N,, , ,ST, , ,DP,YR,2010,,,,,,,ST, ,NP,MO,1995,,,,,,,ST,0.075,PB,PS,2010,, ,,,,,,
23279,Allegheny Energy Supply Co LLC,3179,Hatfields Ferry Power Station,PA,2,RE,N,N,, , ,ST, , ,DP,YR,2010,,,,,,,ST, ,NP,MO,1995,,,,,,,ST,0.075,PB,NS,2010,, ,,,,,,
23279,Allegheny Energy Supply Co LLC,3179,Hatfields Ferry Power Station,PA,3,RE,N,N,, , ,ST, , ,DP,YR,2010,,,,,,,ST, ,NP,MO,1995,,,,,,,ST,0.075,PB,NS,2010,, ,,,,,,
23279,Allegheny Energy Supply Co LLC,3181,FirstEnergy Mitchell Power Station,PA,1,RE,N,N,, , ,ST, , ,SU,NV,1983,,,,,,,ST, ,NP,MO,1995,,,,,,,ST,0.1,PB,PS,1973,, ,,,,,,
23279,Allegheny Energy Supply Co LLC,3181,FirstEnergy Mitchell Power Station,PA,2,RE,N,N,, , ,ST, , ,SU,NV,1975,,,,,,,ST, ,NP,MO,1995,,,,,,,ST,0.1,PB,PS,1975,, ,,,,,,
23279,Allegheny Energy Supply Co LLC,3181,FirstEnergy Mitchell Power Station,PA,3,RE,N,N,, , ,ST, , ,SU,NV,1975,,,,,,,ST, ,NP,MO,1995,,,,,,,ST,0.1,PB,PS,1975,, ,,,,,,
23279,Allegheny Energy Supply Co LLC,3181,FirstEnergy Mitchell Power Station,PA,33,RE,N,N,, , ,ST, , ,DP,DA,1983,,,,,,,ST, ,NP,MO,1995,,,,,,,ST,0.1,PB,PS,1973,, ,,,,,,
23279,Allegheny Energy Supply Co LLC,3944,FirstEnergy Harrison Power Station,WV,1,OP,N,N,, , ,ST, , ,DP,DA,1976,NC,,,NC,,,FD, ,NP,YR,1997,LN,,,NC,,,ST,0.05,PB,PS,1975,, ,ND,,,ND,,
23279,Allegheny Energy Supply Co LLC,3944,FirstEnergy Harrison Power Station,WV,2,OP,N,N,, , ,ST, , ,DP,DA,1976,NC,,,NC,,,FD, ,NP,YR,1997,LN,,,NC,,,ST,0.05,PB,PS,1975,, ,ND,,,ND,,
23279,Allegheny Energy Supply Co LLC,3944,FirstEnergy Harrison Power Station,WV,3,OP,N,N,, , ,ST, , ,DP,DA,1976,NC,,,NC,,,FD, ,NP,YR,1997,LN,,,NC,,,ST,0.05,PB,PS,1975,, ,ND,,,ND,,
23279,Allegheny Energy Supply Co LLC,6004,FirstEnergy Pleasants Power Station,WV,1,OP,D,N,, , ,FD, , ,DP,TH,1979,NC,,,NC,,,FD, ,NP,TH,1996,LN,,,NC,,,ST,0.05,PB,PS,1979,, ,ND,,,ND,,
23279,Allegheny Energy Supply Co LLC,6004,FirstEnergy Pleasants Power Station,WV,2,OP,D,N,, , ,FD, , ,DP,TH,1980,NC,,,NC,,,FD, ,NP,TH,1996,LN,,,NC,,,ST,0.05,PB,PS,1980,, ,ND,,,ND,,
23279,Allegheny Energy Supply Co LLC,55710,FirstEnergy Allegheny Energy Units 3 4 & 5,PA,STB,OP,,,, , ,, , ,,, ,,,,,,,, ,,, ,,,,,,,, ,,, ,, ,,,,,,
23330,Bay County Board-County Comm,10250,Bay County Waste to Energy,FL,1,OP,Db,,, , ,ST, , ,,, ,,,,,,,ST,35.57,NH,OH,1986,LA,MS,,MS,NC,,ST,10,OP,, ,ST,1986,BS,ACI,,BS,ACI,
23330,Bay County Board-County Comm,10250,Bay County Waste to Energy,FL,2,OP,Db,,, , ,ST, , ,,, ,,,,,,,ST,35.57,NH,OH,1986,LA,MS,,MS,NC,,ST,10,OP,, ,ST,1986,BS,ACI,,BS,ACI,
23632,Inland Paperboard & Package Inc,10426,Inland Paperboard Packaging Rome,GA,PB1,OS,N,,, , ,, , ,,, ,,,,,,,, ,,, ,,,,,,,, ,,, ,, ,,,,,,
23632,Inland Paperboard & Package Inc,10426,Inland Paperboard Packaging Rome,GA,PB2,OS,N,,, , ,, , ,,, ,,,,,,,, ,,, ,,,,,,,, ,,, ,, ,,,,,,
23632,Inland Paperboard & Package Inc,10426,Inland Paperboard Packaging Rome,GA,PB3,OS,N,,, , ,, , ,,, ,,,,,,,, ,,, ,,,,,,,, ,,, ,, ,,,,,,
23632,Inland Paperboard & Package Inc,10426,Inland Paperboard Packaging Rome,GA,PB4,OP,N,,, , ,FD, , ,,, ,,,,,,,FD,0.5,NP,MO, ,OT,,,OT,,,FD,0.05,PB,, ,, ,,,,,,
23632,Inland Paperboard & Package Inc,10426,Inland Paperboard Packaging Rome,GA,RF5,OP,N,,, , ,FD, , ,,, ,,,,,,,FD,94,NM,MO, ,OT,,,OT,,,FD,0.021,PC,, ,, ,,,,,,
23632,Inland Paperboard & Package Inc,10426,Inland Paperboard Packaging Rome,GA,WFB,OP,Db,,, , ,FD, , ,,, ,,,,,,,ST,0.3,NP,MO, ,OT,,,OT,,,FD,0.025,PB,, ,, ,,,,,,
23693,AES Huntington Beach LLC,335,AES Huntington Beach LLC,CA,1,OP,N,Y,115389,5,2011,FD, , ,OT,NV,1997,NC,,,NC,,,ST, ,NM,MO,2001,MS,MS,MS,MS,MS,MS,ST,0.1,PC,DT,1981,ST,1997,,,,,,
23693,AES Huntington Beach LLC,335,AES Huntington Beach LLC,CA,2,OP,N,Y,115389,5,2011,FD, , ,OT,NV,1997,NC,,,NC,,,ST, ,NM,MO,2001,NC,NC,NC,NC,NC,NC,ST,0.1,PC,DT,1981,ST,1997,,,,,,
23693,AES Huntington Beach LLC,335,AES Huntington Beach LLC,CA,3A,RE,Db,Y,167432,5,2011,FD, , ,DP,DT,2001,NC,,,NC,,,ST, ,NM,OH,1999,,,,,,,ST,0.01,PC,PS,1976,ST,1997,,,,,,
23693,AES Huntington Beach LLC,335,AES Huntington Beach LLC,CA,4A,RE,Db,Y,167432,5,2011,FD, , ,DP,DT,2001,NC,,,NC,,,ST, ,NM,OH,1999,,,,,,,ST,0.01,PC,PS,1976,ST,2001,,,,,,
23815,Blue Ridge Paper Products Inc,50244,Canton North Carolina,NC,10REC,OP,,,, , ,, , ,,, ,,,,,,,, ,,, ,,,,,,,, ,,, ,, ,,,,,,
23815,Blue Ridge Paper Products Inc,50244,Canton North Carolina,NC,11REC,OP,,,, , ,, , ,,, ,,,,,,,, ,,, ,,,,,,,, ,,, ,, ,,,,,,
23815,Blue Ridge Paper Products Inc,50244,Canton North Carolina,NC,4PB,OP,N,,, , ,, , ,,, ,,,,,,,FD,0.7,NP,TH,2002,LN,SN,NH3,MS,,,, ,,, ,, ,,,,,,
23815,Blue Ridge Paper Products Inc,50244,Canton North Carolina,NC,BBB,OP,N,,, , ,, , ,,, ,,,,,,,ST,1.8,NP,OH,2004,LN,LA,,MS,,,, ,,, ,, ,,,,,,
23815,Blue Ridge Paper Products Inc,50244,Canton North Carolina,NC,PGB,OP,N,,, , ,, , ,,, ,,,,,,,ST,1.8,NP,OH,2003,LN,LA,,MS,,,, ,,, ,, ,,,,,,
23815,Blue Ridge Paper Products Inc,50244,Canton North Carolina,NC,RBB,OP,N,,, , ,, , ,,, ,,,,,,,ST,1.8,NP,OH,2003,MS,,,MS,,,, ,,, ,, ,,,,,,
23815,Blue Ridge Paper Products Inc,50244,Canton North Carolina,NC,RCB,OP,N,,, , ,, , ,,, ,,,,,,,ST,1.8,NP,OH,2004,LN,LA,,MS,,,, ,,, ,, ,,,,,,
23931,Resolute Forest Products,50956,Bowater Newsprint Calhoun Operation,TN,BFB,OP,Db,,, , ,, , ,,, ,,,,,,,FD,117.3,NH,OH,1999,NH3,,,NH3,,,, ,,, ,FD,1999,OT,,,OT,,
23931,Resolute Forest Products,50956,Bowater Newsprint Calhoun Operation,TN,PB1,OP,N,,, , ,, , ,,, ,,,,,,,FD,2214,OT,YR,2010,UE,MS,,UE,MS,,, ,,, ,, ,,,,,,
23931,Resolute Forest Products,50956,Bowater Newsprint Calhoun Operation,TN,PB2,OP,N,,, , ,, , ,,, ,,,,,,,FD,2214,OT,YR,2010,LN,MS,,LN,MS,,, ,,, ,, ,,,,,,
23931,Resolute Forest Products,50956,Bowater Newsprint Calhoun Operation,TN,PB3,OP,N,,, , ,, , ,,, ,,,,,,,FD,2214,OT,YR,2010,LN,MS,,LN,MS,,, ,,, ,, ,,,,,,
23931,Resolute Forest Products,50956,Bowater Newsprint Calhoun Operation,TN,RB3,OP,N,,, , ,, , ,,, ,,,,,,,FD,75,NM,OH,1995,MS,,,MS,,,, ,,, ,, ,,,,,,
23955,University of Massachusetts Medical,50087,Univ of Massachusetts Medical Center,MA,1,OP,,,, , ,, , ,,, ,,,,,,,ST,0.2,NP,PS, ,LN,,,MS,,,, ,,, ,, ,,,,,,
23955,University of Massachusetts Medical,50087,Univ of Massachusetts Medical Center,MA,2,OP,,,, , ,, , ,,, ,,,,,,,ST,0.2,NP,PS, ,LN,,,MS,,,, ,,, ,, ,,,,,,
23955,University of Massachusetts Medical,50087,Univ of Massachusetts Medical Center,MA,3,OP,,,, , ,, , ,,, ,,,,,,,ST,0.05,NP,PS,2001,FR,LN,,MS,MS,,, ,,, ,, ,,,,,,
23955,University of Massachusetts Medical,50087,Univ of Massachusetts Medical Center,MA,4,OP,,,, , ,, , ,,, ,,,,,,,ST,0.05,NP,PS,2001,FR,LN,,MS,MS,,, ,,, ,, ,,,,,,
23955,University of Massachusetts Medical,50087,Univ of Massachusetts Medical Center,MA,HRSG,OP,,,, , ,, , ,,, ,,,,,,,ST,0.14,NH,OH,2013,SR,NH3,LN,MS,MS,MS,, ,,, ,, ,,,,,,
24210,Riverbay Corp,52168,Riverbay,NY,U00003,OP,,,, , ,, , ,,, ,,,,,,,ST,0.1,NH,OH,2011,LN,,,NC,,,, ,,, ,, ,,,,,,
24210,Riverbay Corp,52168,Riverbay,NY,U00004,OP,,,, , ,, , ,,, ,,,,,,,ST,2.5,NM,TH,2011,SR,,,NC,,,, ,,, ,, ,,,,,,
24210,Riverbay Corp,52168,Riverbay,NY,U00006,OP,,,, , ,, , ,,, ,,,,,,,ST,2.5,NM,TH,2011,SR,,,NC,,,, ,,, ,, ,,,,,,
24210,Riverbay Corp,52168,Riverbay,NY,U00008,PL,,,, , ,, , ,,, ,,,,,,,, ,,, ,,,,,,,, ,,, ,, ,,,,,,
24211,Tucson Electric Power Co,126,H Wilson Sundt Generating Station,AZ,1,OP,N,,, , ,LO, , ,DP,TH,1958,NC,,,NC,,,, ,,, ,,,,,,,LO,1.02,PH,NS,1958,, ,,,,,,
24211,Tucson Electric Power Co,126,H Wilson Sundt Generating Station,AZ,2,OP,N,,, , ,LO, , ,DP,TH,1960,NC,,,NC,,,, ,,, ,,,,,,,LO,1.02,PH,NS,1960,, ,,,,,,
24211,Tucson Electric Power Co,126,H Wilson Sundt Generating Station,AZ,3,OP,N,,, , ,LO, , ,DP,TH,1962,NC,,,NC,,,, ,,, ,,,,,,,LO,1.02,PH,NS,1962,, ,,,,,,
24211,Tucson Electric Power Co,126,H Wilson Sundt Generating Station,AZ,4,OP,N,,, , ,LO, , ,DP,TH,1988,NC,,,NC,,,LO, ,NP,TH,1988,LN,MS,NC,NC,,,LO,20,OP,SM,1988,, ,,,,,,
24211,Tucson Electric Power Co,8223,Springerville,AZ,1,OP,D,Y,32008,7,2006,FD, , ,DP,TH,1985,NC,,,NC,,,ST, ,NP,TH,1985,LN,AA,MS,,,,ST,0.03,PB,PS,1985,ST,2010,BR,SD,,,,
24211,Tucson Electric Power Co,8223,Springerville,AZ,2,OP,D,Y,32008,7,2006,FD, , ,DP,TH,1990,NC,,,NC,,,ST, ,NP,TH,1990,LN,AA,MS,,,,ST,0.03,PB,PS,1990,ST,2010,BR,SD,,,,
24211,Tucson Electric Power Co,8223,Springerville,AZ,3,OP,Da,Y,32008,7,2006,FD, , ,DP,MO,2006,NC,,,NC,,,FD, ,OT,MO,2006,SR,LN,AA,,,,ST,0.015,PB,TH,2006,ST,2006,BP,SD,,,,
24211,Tucson Electric Power Co,8223,Springerville,AZ,4,OP,Da,Y,32008,12,2009,FD, , ,OT,MO,2009,NC,,,NC,,,FD, ,OT,MO,2009,SR,LN,AA,,,,ST,0.015,PB,TH,2009,ST,2009,BP,SD,,,,
24457,Calpine Eastern Corp,50292,Bethpage Power Plant,NY,HRSG1,OP,,,, , ,, , ,,, ,,,,,,,ST,42,NM,OH, ,STM,,,STM,,,, ,,, ,, ,,,,,,
24457,Calpine Eastern Corp,50292,Bethpage Power Plant,NY,HRSG2,OP,,,, , ,, , ,,, ,,,,,,,ST,42,NM,OH, ,STM,,,STM,,,, ,,, ,, ,,,,,,
24457,Calpine Eastern Corp,50292,Bethpage Power Plant,NY,HRSG3,OP,,,, , ,, , ,,, ,,,,,,,ST,2.5,NM,OH, ,SR,,,SR,,,, ,,, ,, ,,,,,,
25049,Gas Recovery Systems Inc,55596,GRS Arbor Hills,MI,HRSG 1,OP,,,, , ,, , ,,, ,,,,,,,, ,,, ,,,,,,,, ,,, ,, ,,,,,,
25049,Gas Recovery Systems Inc,55596,GRS Arbor Hills,MI,HRSG 2,OP,,,, , ,, , ,,, ,,,,,,,, ,,, ,,,,,,,, ,,, ,, ,,,,,,
25049,Gas Recovery Systems Inc,55596,GRS Arbor Hills,MI,HRSG 3,OP,,,, , ,, , ,,, ,,,,,,,, ,,, ,,,,,,,, ,,, ,, ,,,,,,
26253,Louisiana Energy & Power Authority,1449,Morgan City,LA,1,RE,,,, , ,, , ,,, ,,,,,,,, ,,, ,,,,,,,, ,,, ,, ,,,,,,
26253,Louisiana Energy & Power Authority,1449,Morgan City,LA,2,RE,,,, , ,, , ,,, ,,,,,,,, ,,, ,,,,,,,, ,,, ,, ,,,,,,
26253,Louisiana Energy & Power Authority,1449,Morgan City,LA,3,OP,N,,, , ,, , ,,, ,,,,,,,, ,,, ,,,,,,,, ,,, ,, ,,,,,,
26253,Louisiana Energy & Power Authority,1449,Morgan City,LA,4,OP,N,,, , ,, , ,,, ,,,,,,,, ,,, ,,,,,,,, ,,, ,, ,,,,,,
26253,Louisiana Energy & Power Authority,1455,Plaquemine,LA,1,OS,,,, , ,, , ,,, ,,,,,,,, ,,, ,,,,,,,, ,,, ,, ,,,,,,
26253,Louisiana Energy & Power Authority,1455,Plaquemine,LA,2,OP,,,, , ,, , ,,, ,,,,,,,, ,,, ,,,,,,,, ,,, ,, ,,,,,,
26469,Ingleside Cogeneration LP,55313,Ingleside Cogeneration,TX,20F101,OP,Db,Y,35335,3,2012,ST,0.0007, ,DP,OH,1999,ND,,,ND,,,ST,0.18,NP,OH,1999,ND,,,ND,,,ST,0.02,PB,OH,1999,ST,1999,ND,,,ND,,
26469,Ingleside Cogeneration LP,55313,Ingleside Cogeneration,TX,20F201,OP,Db,Y,35335,3,2012,ST,0.0007, ,DP,OH,1999,ND,,,ND,,,ST,0.18,NP,OH,1999,ND,,,ND,,,ST,0.02,PB,OH,1999,ST,1999,ND,,,ND,,
26840,Port Townsend Paper Co,50544,Port Townsend Paper,WA,10PB,OP,N,,, , ,, , ,,, ,,,,,,,, ,,, ,,,,,,,, ,,, ,, ,,,,,,
26840,Port Townsend Paper Co,50544,Port Townsend Paper,WA,1RB,OP,N,,, , ,, , ,,, ,,,,,,,, ,,, ,,,,,,,, ,,, ,, ,,,,,,
26840,Port Townsend Paper Co,50544,Port Townsend Paper,WA,PKB,OP,N,,, , ,, , ,,, ,,,,,,,, ,,, ,,,,,,,, ,,, ,, ,,,,,,
26853,La Paloma Generating Co LLC,55151,La Paloma Generating LLC,CA,HRSG1,OP,,,, , ,, , ,,, ,,,,,,,, ,,, ,,,,,,,, ,,, ,, ,,,,,,
26853,La Paloma Generating Co LLC,55151,La Paloma Generating LLC,CA,HRSG2,OP,,,, , ,, , ,,, ,,,,,,,, ,,, ,,,,,,,, ,,, ,, ,,,,,,
26853,La Paloma Generating Co LLC,55151,La Paloma Generating LLC,CA,HRSG3,OP,,,, , ,, , ,,, ,,,,,,,, ,,, ,,,,,,,, ,,, ,, ,,,,,,
26853,La Paloma Generating Co LLC,55151,La Paloma Generating LLC,CA,HRSG4,OP,,,, , ,, , ,,, ,,,,,,,, ,,, ,,,,,,,, ,,, ,, ,,,,,,
27031,Liberty Electric Power LLC,55231,Liberty Electric Power Plant,PA,HRSG1,OP,Db,Y,PA-23-0082,1,2011,ST,0.008, ,SU,NV,2002,NC,,,NC,,,ST,3.5,NM,OH,2002,LN,NH3,SR,NC,,,ST,22.6,PH,OH,2002,ST,2002,,,,,,
27031,Liberty Electric Power LLC,55231,Liberty Electric Power Plant,PA,HRSG2,OP,Db,Y,PA-23-0082,1,2011,ST,0.008, ,SU,NV,2002,NC,,,NC,,,ST,3.5,NM,OH,2002,LN,NH3,SR,NC,,,ST,22.6,PH,OH,2002,ST,2002,,,,,,
27131,Imperial Savannah LP,50146,Imperial Savannah LP,GA,A,OP,N,,, , ,, , ,,, ,,,,,,,, ,,, ,,,,,,,FD,40,OP,, ,, ,,,,,,
27131,Imperial Savannah LP,50146,Imperial Savannah LP,GA,B,OP,N,,, , ,, , ,,, ,,,,,,,, ,,, ,,,,,,,FD,40,OP,, ,, ,,,,,,
27131,Imperial Savannah LP,50146,Imperial Savannah LP,GA,C,OP,N,,, , ,, , ,,, ,,,,,,,, ,,, ,,,,,,,FD,40,OP,, ,, ,,,,,,
27131,Imperial Savannah LP,50146,Imperial Savannah LP,GA,D,OP,D,,, , ,FD, , ,,, ,,,,,,,FD,0.2,NP,TH,1985,LN,,,LN,,,FD,20,OP,, ,FD,2014,BR,,,BR,,
27718,RockTenn-Seminole,50803,Seminole Mill,FL,1,OP,N,,, , ,, , ,,, ,,,,,,,, ,,, ,,,,,,,, ,,, ,, ,,,,,,
27718,RockTenn-Seminole,50803,Seminole Mill,FL,2,OP,N,,, , ,, , ,,, ,,,,,,,, ,,, ,,,,,,,, ,,, ,, ,,,,,,
27718,RockTenn-Seminole,50803,Seminole Mill,FL,3,OP,N,,, , ,, , ,,, ,,,,,,,, ,,, ,,,,,,,, ,,, ,, ,,,,,,
27769,Ocean State Power Co,51030,Ocean State Power,RI,HRSG1,OP,N,,, , ,, , ,,, ,,,,,,,ST,9,NM,OH,1990,NH3,SR,,SR,,,, ,,, ,, ,,,,,,
27769,Ocean State Power Co,51030,Ocean State Power,RI,HRSG2,OP,N,,, , ,, , ,,, ,,,,,,,, ,,, ,SR,NH3,H20,,,,, ,,, ,, ,,,,,,
27770,Ocean State Power II,54324,Ocean State Power II,RI,HRSG3,OP,N,,, , ,, , ,,, ,,,,,,,, ,,, ,NH3,H20,SR,,,,, ,,, ,, ,,,,,,
27770,Ocean State Power II,54324,Ocean State Power II,RI,HRSG4,OP,N,,, , ,, , ,,, ,,,,,,,ST,9,NM,OH,1991,NH3,H20,SR,SR,,,, ,,, ,, ,,,,,,
28764,Pine Bluff Energy LLC,55075,Pine Bluff Energy Center,AR,HRSG,OP,Da,,, , ,FD, , ,,, ,,,,,,,FD,115.5,NH,MO,2001,LN,MS,,MS,,,FD,12,PH,, ,FD,2001,,,,,,
29116,Colorado Energy Management LLC,56041,Malburg,CA,M1,OP,,,, , ,, , ,,, ,,,,,,,LO,2,NM,OH,2005,LN,NH3,SR,MS,,,, ,,, ,, ,,,,,,
29116,Colorado Energy Management LLC,56041,Malburg,CA,M2,OP,,,, , ,, , ,,, ,,,,,,,LO,2,NM,OH,2005,LN,NH3,SR,MS,,,, ,,, ,, ,,,,,,
29122,Morgan Energy Center LLC,55293,Morgan Energy Center,AL,HRSG 1,OP,Da,Y,712-0080,6,2000,FD, , ,SU,NS,2003,OT,,,OT,,,FD, ,NP,TH,2003,SR,,,NC,,,FD,0.005,PB,NS,2003,, ,,,,,,
29122,Morgan Energy Center LLC,55293,Morgan Energy Center,AL,HRSG 2,OP,Da,Y,712-0080,6,2000,FD, , ,SU,NS,2003,OT,,,OT,,,FD, ,NP,TH,2003,SR,,,NC,,,FD,0.005,PB,NS,2003,, ,,,,,,
29122,Morgan Energy Center LLC,55293,Morgan Energy Center,AL,HRSG 3,OP,Da,Y,712-0800,6,2000,FD, , ,SU,NS,2003,OT,,,OT,,,FD, ,NP,TH,2003,SR,,,NC,,,FD,0.005,PB,NS,2003,, ,,,,,,
29926,Entergy Nuclear Generation Co,1590,Pilgrim Nuclear Power Station,MA,NSS1,OP,,,, , ,, , ,,, ,,,,,,,, ,,, ,,,,,,,, ,,, ,, ,,,,,,
30002,International Paper Co,50398,International Paper Savanna Mill,GA,13PB,OP,D,N,, , ,ST, , ,DH,PS,1992,NC,,,NC,,,ST, ,NP,PS,1983,NC,,,NC,,,ST,0.075,PB,PS,1983,, ,,,,,,
30002,International Paper Co,50398,International Paper Savanna Mill,GA,15RB,OP,Db,N,, , ,ST, , ,DH,PS,1995,NC,,,NC,,,ST, ,NH,PS,1992,NC,,,NC,,,ST,47.2,PH,PS,1995,, ,,,,,,
30151,"Tri-State G & T Assn, Inc",87,Escalante,NM,1,OP,Da,N,, , ,FD,20,1,DP,MO,1985,NC,,,NC,,,FD,0.45,NP,MO,1985,LN,,,LN,,,ST,0.02,PB,OH,1985,FD,2015,BR,SP,,BR,SP,ACI
30151,"Tri-State G & T Assn, Inc",527,Nucla,CO,1,OP,Da,N,, , ,FD,0.4,1,DP,MO,1988,CF,,,NC,,,FD,0.5,NP,YR,1988,CF,,,CF,,,FD,0.03,PB,PS,1988,,2016,,,,BP,OT,
30151,"Tri-State G & T Assn, Inc",6021,Craig (CO),CO,C1,OP,D,N,, , ,ST,0.13,1,DP,ND,1980,NC,,,NC,,,ST,0.3,NP,YR,1980,OV,LN,,OV,LN,,ST,0.03,PB,WO,1980,,2015,,,,BP,SP,
30151,"Tri-State G & T Assn, Inc",6021,Craig (CO),CO,C2,OP,D,N,, , ,ST,0.13,1,DP,ND,1979,NC,,,NC,,,ST,0.3,NP,YR,1979,OV,LN,,OV,LN,,ST,0.03,PB,WO,1979,,2015,,,,BP,SP,
30151,"Tri-State G & T Assn, Inc",6021,Craig (CO),CO,C3,OP,Da,Y,12-MF322-11,5,2007,FD,0.2,1,DP,DA,1984,NC,,,NC,,,FD,0.46,NP,YR,1984,LN,,,LN,OV,,ST,0.02,PB,NV,1984,,2001,,,,BR,SP,ACI
30151,"Tri-State G & T Assn, Inc",10755,Rifle Generating Station,CO,HR2,OP,,,, , ,, , ,,, ,,,,,,,FD,75,NM,OH, ,LN,,,LN,MS,,, ,,, ,, ,,,,,,
30151,"Tri-State G & T Assn, Inc",10755,Rifle Generating Station,CO,HR3,OP,,,, , ,, , ,,, ,,,,,,,FD,75,NM,OH, ,LN,,,LN,MS,,, ,,, ,, ,,,,,,
30151,"Tri-State G & T Assn, Inc",10755,Rifle Generating Station,CO,HR4,OP,,,, , ,, , ,,, ,,,,,,,FD,75,NM,OH, ,LN,,,LN,MS,,, ,,, ,, ,,,,,,
30151,"Tri-State G & T Assn, Inc",50707,JM Shafer Generating Station,CO,HRSG A,OP,N,,, , ,FD,0.8, ,SR,DT,1994,NC,,,NC,,,ST,25,NM,DA,1994,STM,,,STM,MS,,ST,0.113,PB,YR,1994,, ,,,,,,
30151,"Tri-State G & T Assn, Inc",50707,JM Shafer Generating Station,CO,HRSG B,OP,N,,, , ,FD,0.8, ,SR,DT,1994,NC,,,NC,,,ST,25,NM,DA,1994,STM,,,STM,MS,,ST,0.113,PB,YR,1994,, ,,,,,,
30151,"Tri-State G & T Assn, Inc",50707,JM Shafer Generating Station,CO,HRSG C,OP,Db,,, , ,FD,0.8, ,SR,DT,1994,NC,,,NC,,,ST,25,NM,DA,1994,STM,,,STM,MS,,ST,0.113,PB,YR,1994,, ,,,,,,
30151,"Tri-State G & T Assn, Inc",50707,JM Shafer Generating Station,CO,HRSG D,OP,Db,,, , ,FD,0.8, ,SR,DT,1994,NC,,,NC,,,ST,25,NM,DA,1994,STM,,,STM,MS,,ST,0.113,PB,YR,1994,, ,,,,,,
30151,"Tri-State G & T Assn, Inc",50707,JM Shafer Generating Station,CO,HRSG E,OP,Db,,, , ,FD,0.8, ,SR,DT,1994,NC,,,NC,,,ST,25,NM,DA,1994,STM,,,STM,MS,,ST,0.113,PB,YR,1994,, ,,,,,,
31386,Tenaska Alabama Partners LP,55271,Tenaska Lindsay Hill Generating Station,AL,HRSG1,OP,Db,N,, , ,FD, , ,DP,NV,2002,NC,,,NC,,,FD, ,NP,TH,2002,NC,SR,,NC,SR,,FD,0.03,PB,NV,2002,FD,2002,,,,,,
31386,Tenaska Alabama Partners LP,55271,Tenaska Lindsay Hill Generating Station,AL,HRSG2,OP,Db,N,, , ,FD, , ,DP,NV,2002,NC,,,NC,,,FD, ,NP,TH,2002,NC,SR,,NC,SR,,FD,0.03,PB,NV,2002,FD,2002,,,,,,
31386,Tenaska Alabama Partners LP,55271,Tenaska Lindsay Hill Generating Station,AL,HRSG3,OP,Db,N,, , ,FD, , ,DP,NV,2002,NC,,,NC,,,FD, ,NP,TH,2002,NC,SR,,NC,SR,,FD,0.03,PB,NV,2002,FD,2002,,,,,,
31719,FPL Energy Wyman LLC,1507,William F Wyman,ME,1,OP,N,N,, , ,ST, , ,DP,OH,1978,SS,,,SS,,,ST, ,NP,OH,1994,LN,LA,,LN,LA,,ST,0.2,PB,OH,1983,ST,2018,,,,,,
31719,FPL Energy Wyman LLC,1507,William F Wyman,ME,2,OP,N,N,, , ,ST, , ,DP,OH,1978,SS,,,SS,,,ST, ,NP,OH,1994,LN,LA,,LN,LA,,ST,0.2,PB,OH,1983,ST,2018,,,,,,
31719,FPL Energy Wyman LLC,1507,William F Wyman,ME,3,OP,N,N,, , ,ST, , ,DP,OH,1978,SS,,,SS,,,ST, ,NP,OH,1994,LN,LA,OV,LN,LA,OV,ST,0.2,PB,OH,1983,ST,2018,,,,,,
31719,FPL Energy Wyman LLC,1507,William F Wyman,ME,4,OP,D,N,, , ,ST, , ,DP,OH,1978,SS,,,SS,,,ST, ,NP,OH,1978,LN,FR,OV,LN,FR,OV,ST,0.1,PB,OH,1978,ST,2018,,,,,,
32173,New Athens Generating Company LLC,55405,Athens Generating Plant,NY,HRSG01,OP,,,, , ,, , ,,, ,,,,,,,, ,,, ,,,,,,,, ,,, ,, ,,,,,,
32173,New Athens Generating Company LLC,55405,Athens Generating Plant,NY,HRSG02,OP,,,, , ,, , ,,, ,,,,,,,, ,,, ,,,,,,,, ,,, ,, ,,,,,,
32173,New Athens Generating Company LLC,55405,Athens Generating Plant,NY,HRSG03,OP,,,, , ,, , ,,, ,,,,,,,, ,,, ,,,,,,,, ,,, ,, ,,,,,,
32790,"New Harquahala Generating Co, LLC",55372,Harquahala Generating Project,AZ,HRSG1,OP,,,, , ,, , ,,, ,,,,,,,, ,,, ,,,,,,,, ,,, ,, ,,,,,,
32790,"New Harquahala Generating Co, LLC",55372,Harquahala Generating Project,AZ,HRSG2,OP,,,, , ,, , ,,, ,,,,,,,, ,,, ,,,,,,,, ,,, ,, ,,,,,,
32790,"New Harquahala Generating Co, LLC",55372,Harquahala Generating Project,AZ,HRSG3,OP,,,, , ,, , ,,, ,,,,,,,, ,,, ,,,,,,,, ,,, ,, ,,,,,,
34164,Elk Hills Power LLC,55400,Elk Hills Power LLC,CA,HRSG1,OP,Da,Y,S-3523,2,2016,LO,3.6,1,DH,OH,2008,NC,,,NC,,,LO,2.5,NH,OH,2003,NC,,,NC,,,LO,15,PH,OH,2008,, ,,,,,,
34164,Elk Hills Power LLC,55400,Elk Hills Power LLC,CA,HRSG2,OP,Da,Y,S-3523,2,2016,LO,3.6,1,DH,OH,2007,NC,,,NC,,,LO,2.5,NH,OH,2003,NC,,,NC,,,LO,15,PH,OH,2007,, ,,,,,,
34359,Curators of the University of Missouri,50969,MU Combined Heat and Power Plant,MO,BFB-1,OP,Db,,, , ,, , ,,, ,,,,,,,FD,111.6,OT,YR,2012,MS,,,MS,,,, ,,, ,, ,,,,,,
34359,Curators of the University of Missouri,50969,MU Combined Heat and Power Plant,MO,BLR10,OP,N,,, , ,, , ,,, ,,,,,,,, ,,, ,MS,,,MS,,,, ,,, ,, ,,,,,,
34359,Curators of the University of Missouri,50969,MU Combined Heat and Power Plant,MO,BLR11,RE,N,,, , ,, , ,,, ,,,,,,,, ,,, ,,,,,,,, ,,, ,, ,,,,,,
34359,Curators of the University of Missouri,50969,MU Combined Heat and Power Plant,MO,BLR12,OP,Db,,, , ,, , ,,, ,,,,,,,FD,0.145,NM,MO,1996,MS,,,MS,,,, ,,, ,, ,,,,,,
34359,Curators of the University of Missouri,50969,MU Combined Heat and Power Plant,MO,BLR7,OP,N,,, , ,, , ,,, ,,,,,,,, ,,, ,,,,,,,, ,,, ,, ,,,,,,
34359,Curators of the University of Missouri,50969,MU Combined Heat and Power Plant,MO,BLR8,OP,N,,, , ,, , ,,, ,,,,,,,, ,,, ,,,,,,,, ,,, ,, ,,,,,,
34359,Curators of the University of Missouri,50969,MU Combined Heat and Power Plant,MO,BLR9,OP,N,,, , ,, , ,,, ,,,,,,,, ,,, ,,,,,,,, ,,, ,, ,,,,,,
34359,Curators of the University of Missouri,50969,MU Combined Heat and Power Plant,MO,HRSG1,OP,,,, , ,, , ,,, ,,,,,,,FD,27.4,NM,OH,2001,MS,,,MS,,,, ,,, ,, ,,,,,,
34359,Curators of the University of Missouri,50969,MU Combined Heat and Power Plant,MO,HRSG2,OP,,,, , ,, , ,,, ,,,,,,,FD,27.4,NM,OH,2001,MS,,,MS,,,, ,,, ,, ,,,,,,
34672,DTE Energy Services,50407,Mobile Energy Services LLC,AL,5PB,RE,Db,,, , ,, , ,,, ,,,,,,,, ,,, ,,,,,,,FD,0.15,PB,MO,1985,, ,,,,,,
34672,DTE Energy Services,50407,Mobile Energy Services LLC,AL,7PB,OP,Db,,, , ,FD, , ,DP,MO,1985,NC,,,,,,FD, ,NP,MO,1985,NC,MS,,NC,MS,,FD,0.15,PB,MO,1985,, ,,,,,,
34672,DTE Energy Services,50407,Mobile Energy Services LLC,AL,8PB,SB,Db,,, , ,FD, , ,DP,MO,1985,NC,,,,,,FD, ,NP,MO,1985,LN,NC,MS,LN,NC,MS,FD,0.15,PB,MO,1985,, ,,,,,,
34672,DTE Energy Services,50407,Mobile Energy Services LLC,AL,8RB,RE,Db,,, , ,FD, , ,DP,MO,1994,NC,,,,,,FD, ,NP,MO,1994,,,,,,,FD,1.8,PB,MO,1994,, ,,,,,,
39347,"East Texas Electric Coop, Inc",55664,Harrison County Power Project,TX,HCCP 1,OP,Db,Y,45360,10,2011,ST, , ,,,2003,NC,,,NC,,,ST,5,NM,YR,2003,NC,SR,,NC,,,ST, ,,,2003,ST,2003,,,,ND,,
39347,"East Texas Electric Coop, Inc",55664,Harrison County Power Project,TX,HCCP 2,OP,Db,Y,45360,10,2011,ST, , ,,,2003,NC,,,NC,,,ST,5,NM,YR,2003,NC,SR,,NC,,,ST, ,,,2003,ST,2003,,,,ND,,
39347,"East Texas Electric Coop, Inc",58944,Woodville Renewable Power Project,TX,2771,CO,,,, , ,, , ,,, ,,,,,,,, ,,, ,,,,,,,, ,,, ,, ,,,,,,
40052,AG Energy LP,10803,Ogdensburg Power,NY,HRSG A,OS,,,, , ,, , ,,, ,,,,,,,, ,,, ,,,,,,,, ,,, ,, ,,,,,,
40211,"Wabash Valley Power Assn, Inc",57842,Wabash Valley Power IGCC,IN,1,RE,N,N,, , ,LO, , ,DP,MO,1983,,,,,,,, ,,, ,,,,,,,LO,0.1338,PB,NV,1979,, ,,,,,,
40211,"Wabash Valley Power Assn, Inc",57842,Wabash Valley Power IGCC,IN,1HRSG,OP,,Y,T167-29262-00147,6,2010,FD, , ,SU,YR,1995,WA,NC,,NC,,,FD, ,NM,NV,1995,STM,NC,,,NC,,ST,0.03,PC,NV,1995,, ,,,,,,
40229,Old Dominion Electric Coop,59220,Wildcat Point,MD,HRSG1,PL,Da,Y,9327,4,2014,ST,8.2, ,DH,TH, ,,,,,,,ST,2,NM,TH, ,,,,,,,ST,22.8,PH,TH, ,, ,,,,,,
40229,Old Dominion Electric Coop,59220,Wildcat Point,MD,HRSG2,PL,Da,Y,9327,4,2014,ST,8.2, ,DH,TH, ,,,,,,,ST,2,NM,TH, ,,,,,,,ST,22.8,PH,TH, ,, ,,,,,,
40230,Deseret Generation & Tran Coop,7790,Bonanza,UT,1-1,OP,Da,Y,PSD-UO-001-2001:00,2,2001,FD, , ,DP,YR,1986,NC,,,NC,,,FD, ,NP,YR,1986,NC,,,NC,,,FD,0.03,PB,NV,1986,, ,,,,,,
40430,Lafarge Corp,50305,LaFarge Alpena,MI,K19,OP,,,, , ,, , ,,, ,,,,,,,ST,4.72,OT,MO,2013,NH3,,,NH3,,,ST,20,OP,, ,ST, ,BR,,,BR,,
40430,Lafarge Corp,50305,LaFarge Alpena,MI,K20,OP,,,, , ,, , ,,, ,,,,,,,ST,4.91,OT,MO,2013,NH3,,,NH3,,,ST,20,OP,, ,ST, ,BR,,,BR,,
40430,Lafarge Corp,50305,LaFarge Alpena,MI,K21,OP,,,, , ,, , ,,, ,,,,,,,ST,4.48,OT,MO,2013,NH3,,,NH3,,,ST,20,OP,, ,ST, ,BR,,,BR,,
40430,Lafarge Corp,50305,LaFarge Alpena,MI,K22,OP,,,, , ,, , ,,, ,,,,,,,ST,5.47,OT,MO,2013,NH3,,,NH3,,,ST,20,OP,, ,ST, ,BR,,,SP,,
40430,Lafarge Corp,50305,LaFarge Alpena,MI,K23,OP,,,, , ,, , ,,, ,,,,,,,ST,5.69,OT,MO,2013,NH3,,,NH3,,,ST,20,OP,, ,ST, ,BR,,,SP,,
40575,Utah Associated Mun Power Sys,56177,Nebo Power Station,UT,26130,OP,,,, , ,, , ,,, ,,,,,,,, ,,, ,,,,,,,, ,,, ,, ,,,,,,
40577,"American Mun Power-Ohio, Inc",55701,Fremont Energy Center,OH,P001,OP,Db,Y,03-13549,8,2001,ST,0.0057, ,DP,DT,2005,OT,,,OT,,,ST,3.5,NM,TH,2005,SR,,,SR,,,ST,0.0091,PB,DT,2005,, ,,,,,,
40577,"American Mun Power-Ohio, Inc",55701,Fremont Energy Center,OH,P002,OP,Db,Y,03-13549,8,2001,ST,0.0057, ,DP,DT,2005,OT,,,OT,,,ST,3.5,NM,TH,2005,SR,,,SR,,,ST,0.0091,PB,DT,2005,, ,,,,,,
40606,City of Grand Island - (NE),59,Platte,NE,1,OP,D,N,, , ,ST, , ,DP,TH,1982,OT,,,OT,,,ST, ,NP,YR,1982,LN,,,LN,,,ST,20,OP,SM,1982,ST,1982,EW,,,BP,SD,ACI
40606,City of Grand Island - (NE),2241,C W Burdick,NE,B-1,SB,N,,, , ,, , ,,, ,,,,,,,, ,,, ,,,,,,,, ,,, ,ST,1982,EW,,,BP,SD,
40606,City of Grand Island - (NE),2241,C W Burdick,NE,B-2,SB,N,,, , ,, , ,,, ,,,,,,,, ,,, ,,,,,,,, ,,, ,, ,,,,,,
40606,City of Grand Island - (NE),2241,C W Burdick,NE,B-3,SB,N,,, , ,, , ,,, ,,,,,,,, ,,, ,,,,,,,, ,,, ,, ,,,,,,
40613,Northern California Power Agny,57978,Lodi Energy Center,CA,ST1HRG,OP,,,, , ,, , ,,, ,,,,,,,, ,,, ,,,,,,,, ,,, ,, ,,,,,,
44466,BP PLC,52130,Whiting Refinery,IN,13BLR,RE,,,, , ,, , ,,, ,,,,,,,, ,,, ,,,,,,,, ,,, ,, ,,,,,,
44466,BP PLC,52130,Whiting Refinery,IN,14BLR,RE,,,, , ,, , ,,, ,,,,,,,, ,,, ,,,,,,,, ,,, ,, ,,,,,,
44466,BP PLC,52130,Whiting Refinery,IN,15BLR,RE,,,, , ,, , ,,, ,,,,,,,, ,,, ,,,,,,,, ,,, ,, ,,,,,,
44466,BP PLC,52130,Whiting Refinery,IN,16BLR,RE,,,, , ,, , ,,, ,,,,,,,, ,,, ,,,,,,,, ,,, ,, ,,,,,,
44466,BP PLC,52130,Whiting Refinery,IN,17BLR,RE,,,, , ,, , ,,, ,,,,,,,, ,,, ,,,,,,,, ,,, ,, ,,,,,,
44466,BP PLC,52130,Whiting Refinery,IN,31BLR,OP,,,, , ,, , ,,, ,,,,,,,,0.02,NP,YR,2010,SR,,,SR,,,, ,,, ,, ,,,,,,
44466,BP PLC,52130,Whiting Refinery,IN,32BLR,OP,,,, , ,, , ,,, ,,,,,,,,0.02,NP,YR, ,SR,,,SR,,,, ,,, ,, ,,,,,,
44466,BP PLC,52130,Whiting Refinery,IN,33BLR,OP,,,, , ,, , ,,, ,,,,,,,,0.02,NP,YR, ,SR,,,SR,,,, ,,, ,, ,,,,,,
44466,BP PLC,52130,Whiting Refinery,IN,34BLR,OP,,,, , ,, , ,,, ,,,,,,,,0.02,NP,YR, ,SR,,,SR,,,, ,,, ,, ,,,,,,
44466,BP PLC,52130,Whiting Refinery,IN,36BLR,OP,,,, , ,, , ,,, ,,,,,,,,0.02,NP,YR, ,SR,,,SR,,,, ,,, ,, ,,,,,,
49732,Chevron Products Company-Richmond,52105,Richmond Refinery TG800,CA,1BLR,OP,N,,, , ,FD, , ,,, ,,,,,,,, ,,, ,,,,,,,, ,,, ,, ,,,,,,
49732,Chevron Products Company-Richmond,52105,Richmond Refinery TG800,CA,3BLR,OP,N,,, , ,FD, , ,,, ,,,,,,,, ,,, ,,,,,,,, ,,, ,, ,,,,,,
49732,Chevron Products Company-Richmond,52105,Richmond Refinery TG800,CA,4BLR,OP,N,,, , ,FD, , ,,, ,,,,,,,, ,,, ,,,,,,,, ,,, ,, ,,,,,,
49732,Chevron Products Company-Richmond,52105,Richmond Refinery TG800,CA,5BLR,OP,N,,, , ,FD, , ,,, ,,,,,,,, ,,, ,,,,,,,, ,,, ,, ,,,,,,
49732,Chevron Products Company-Richmond,52105,Richmond Refinery TG800,CA,7BLR,OP,N,,, , ,FD, , ,,, ,,,,,,,, ,,, ,,,,,,,, ,,, ,, ,,,,,,
49732,Chevron Products Company-Richmond,52105,Richmond Refinery TG800,CA,HRSG1,OP,,,, , ,FD, , ,,, ,,,,,,,, ,,, ,,,,,,,, ,,, ,, ,,,,,,
49732,Chevron Products Company-Richmond,52105,Richmond Refinery TG800,CA,HRSG2,OP,,,, , ,FD, , ,,, ,,,,,,,, ,,, ,,,,,,,, ,,, ,, ,,,,,,
49736,"Loring Holdings, LLC",56105,Loring Power Plant,ME,HRSG1,PL,,,, , ,, , ,,, ,,,,,,,, ,,, ,,,,,,,, ,,, ,, ,,,,,,
49745,Cash Creek Generating LLC,56107,Cash Creek,KY,HRSG,PL,N,N,, , ,ST, ,0,DP,TH,2018,,,,OT,,,ST, ,NP,TH,2018,,,,SR,,,ST,0.0048,PB,TH,2018,, ,,,,,,
49745,Cash Creek Generating LLC,56107,Cash Creek,KY,HRSG2,PL,N,N,, , ,ST, , ,DP,TH,2018,,,,OT,,,ST, ,NP,TH,2018,,,,SR,,,ST,0.0048,PB,TH,2018,, ,,,,,,
49756,Illinois Power Resources Generating LLC,856,E D Edwards,IL,1,OP,N,N,, , ,ST,0.35, ,DP,OT,2013,SS,,,SS,,,ST,0.11,NP,OT,2012,LN,,,LN,,,ST,0.2,PB,PS,1972,ST,2009,ACI,EC,,ACI,EC,
49756,Illinois Power Resources Generating LLC,856,E D Edwards,IL,2,OP,N,N,, , ,ST,0.35, ,DP,OT,2013,SS,,,SS,,,ST,0.11,NP,OT,2012,LN,OV,,LN,OV,,ST,0.15,PB,PS,1972,ST,2009,ACI,EC,,ACI,EC,
49756,Illinois Power Resources Generating LLC,856,E D Edwards,IL,3,OP,N,N,, , ,ST,0.35, ,DP,OT,2013,SS,,,SS,,,ST,0.11,NP,OT,2012,LN,SR,OV,LN,SR,OV,ST,0.1,PB,PS,1972,ST,2009,ACI,EC,,ACI,EC,
49756,Illinois Power Resources Generating LLC,6016,Duck Creek,IL,1,OP,D,N,, , ,ST,0.35,1,DP,OT,2013,IF,SS,,IF,SS,,ST,0.11,NP,OT,2012,SR,LN,,SR,LN,,FD,0.1,PB,PS,1976,ST,2009,EK,SP,,EK,SP,
49760,"Covanta Montgomery, Inc.",50657,Montgomery County Resource Recovery,MD,1,OP,N,,, , ,, , ,,, ,,,,,,,ST,180,NM,DA,1995,LN,SN,,LN,SN,,, ,,, ,ST,1995,BR,,,BR,,
49760,"Covanta Montgomery, Inc.",50657,Montgomery County Resource Recovery,MD,2,OP,N,,, , ,, , ,,, ,,,,,,,, ,,, ,,,,,,,, ,,, ,, ,,,,,,
49760,"Covanta Montgomery, Inc.",50657,Montgomery County Resource Recovery,MD,3,OP,N,,, , ,, , ,,, ,,,,,,,, ,,, ,,,,,,,, ,,, ,, ,,,,,,
49768,"Bastrop Energy Partners, LP",55168,Bastrop Energy Center,TX,HRSG1A,OP,Da,Y,41941,8,2010,FD,0.014,0,DP,NV,2002,NC,,,NC,,,FD, ,NP,NV,2002,NC,,,NC,,,FD,0.007,PB,NV,2002,, ,,,,,,
49768,"Bastrop Energy Partners, LP",55168,Bastrop Energy Center,TX,HRSG1B,OP,Da,Y,41941,8,2010,FD,0.014,0,DP,NV,2002,NC,,,NC,,,FD,0.04,NP,NV,2002,NC,,,NC,,,FD,0.007,PB,NV,2002,, ,,,,,,
49775,Middlesex Generating Company LLC,56119,Middlesex Generating Facility,NJ,HRSG1,OP,,,, , ,, , ,,, ,,,,,,,, ,,, ,,,,,,,, ,,, ,, ,,,,,,
49775,Middlesex Generating Company LLC,56119,Middlesex Generating Facility,NJ,HRSG2,OP,,,, , ,, , ,,, ,,,,,,,, ,,, ,,,,,,,, ,,, ,, ,,,,,,
49777,SP Fiber Technologies NW LLC,56124,SPFT - Newberg Cogen,OR,10BLR,OP,,,, , ,, , ,,, ,,,,,,,ST,769,NH,DA,1981,AA,LN,MS,AA,LN,MS,, ,,, ,FD,2016,EW,,,EW,DSI,
49777,SP Fiber Technologies NW LLC,56124,SPFT - Newberg Cogen,OR,2HRSG,RE,,,, , ,, , ,,, ,,,,,,,,769,NH,DA,1980,AA,LN,MS,AA,LN,,, ,,, ,, ,,,,,,
49791,Eastman Cogeneration LP,55176,Eastman Cogeneration Facility,TX,HRSG 1,OP,Da,Y,39842,4,2005,ST, , ,DH,YR,2002,NC,,,NC,,,ST, ,NH,OH,2002,LN,,,LN,,,FD,28,PH,OH,2002,, ,,,,,,
49791,Eastman Cogeneration LP,55176,Eastman Cogeneration Facility,TX,HRSG 2,OP,Da,Y,39842,4,2005,ST, , ,DH,YR,2002,NC,,,NC,,,ST, ,NH,OH,2002,LN,,,LN,,,FD,28,PH,OH,2002,, ,,,,,,
49801,Expera Specialty Solutions,50933,Rhinelander Mill,WI,BLR1,OP,N,,, , ,, , ,,, ,,,,,,,, ,,, ,,,,,,,, ,,, ,, ,,,,,,
49801,Expera Specialty Solutions,50933,Rhinelander Mill,WI,BLR2,OP,N,,, , ,, , ,,, ,,,,,,,, ,,, ,,,,,,,, ,,, ,, ,,,,,,
49801,Expera Specialty Solutions,50933,Rhinelander Mill,WI,BLR3,OP,N,,, , ,, , ,,, ,,,,,,,, ,,, ,,,,,,,, ,,, ,, ,,,,,,
49801,Expera Specialty Solutions,50933,Rhinelander Mill,WI,BLR4,OS,N,,, , ,, , ,,, ,,,,,,,, ,,, ,,,,,,,, ,,, ,, ,,,,,,
49801,Expera Specialty Solutions,50933,Rhinelander Mill,WI,BLR5,RE,N,,, , ,, , ,,, ,,,,,,,, ,,, ,,,,,,,, ,,, ,, ,,,,,,
49801,Expera Specialty Solutions,50933,Rhinelander Mill,WI,BLR7,OP,N,,, , ,, , ,,, ,,,,,,,, ,,, ,,,,,,,, ,,, ,, ,,,,,,
49801,Expera Specialty Solutions,50933,Rhinelander Mill,WI,BLR8,OP,N,,, , ,, , ,,, ,,,,,,,, ,,, ,,,,,,,, ,,, ,, ,,,,,,
49805,Kennecott Utah Copper,56163,Kennecott Power Plant,UT,1,OP,N,N,, , ,, , ,,, ,,,,,,,ST, ,NH,DT,2000,LN,,,LN,,,ST,17.3,PH,DT,2000,, ,,,,,,
49805,Kennecott Utah Copper,56163,Kennecott Power Plant,UT,2,OP,N,N,, , ,, , ,,, ,,,,,,,ST, ,NH,DT,2000,LN,,,LN,,,ST,17.3,PH,DT,2000,, ,,,,,,
49805,Kennecott Utah Copper,56163,Kennecott Power Plant,UT,3,OP,N,N,, , ,, , ,,, ,,,,,,,ST, ,NH,DT,2000,LN,,,LN,,,ST,17.3,PH,DT,2000,, ,,,,,,
49805,Kennecott Utah Copper,56163,Kennecott Power Plant,UT,4,OP,N,N,, , ,, , ,,, ,,,,,,,FD, ,NH,DT,2000,LN,,,OT,,,FD,33.5,PH,DT,2000,, ,,,,,,
49805,Kennecott Utah Copper,56163,Kennecott Power Plant,UT,HRSG,CN,,,, , ,, , ,,, ,,,,,,,, ,,, ,,,,,,,, ,,, ,, ,,,,,,
49837,Pinelawn Power LLC,56188,Pinelawn Power LLC,NY,001,OP,Db,,, , ,FD, , ,,, ,,,,,,,FD,4.33,NH,NV,2005,SR,H20,NH3,MS,,,FD,0.1,PB,, ,, ,,,,,,
49841,Colville Indian Plywood & Veneer,56191,Colville Indian Plywood & Veneer,WA,1,OS,,,, , ,, , ,,, ,,,,,,,, ,,, ,,,,,,,, ,,, ,, ,,,,,,
49841,Colville Indian Plywood & Veneer,56191,Colville Indian Plywood & Veneer,WA,2,OS,,,, , ,, , ,,, ,,,,,,,, ,,, ,,,,,,,, ,,, ,, ,,,,,,
49842,Georgia-Pacific Consr Prods LP-Wauna,56192,Georgia-Pacific Wauna Mill,OR,FBB,OP,,,, , ,, , ,,, ,,,,,,,FD,0.3,NP,MO,1996,CF,AA,NH3,CF,AA,NH3,, ,,, ,FD,2016,,,,LIJ,BP,
49842,Georgia-Pacific Consr Prods LP-Wauna,56192,Georgia-Pacific Wauna Mill,OR,PB,OP,,,, , ,, , ,,, ,,,,,,,, ,,, ,,,,,,,, ,,, ,, ,,,,,,
49846,Covanta Honolulu Resource Recovery,10334,H Power,HI,1,OP,,,, , ,, , ,,, ,,,,,,,ST,260,NM,TH,1990,MS,OV,,MS,,,ST,25,UG,, ,ST,1990,BR,SD,ACI,,,
49846,Covanta Honolulu Resource Recovery,10334,H Power,HI,2,OP,,,, , ,, , ,,, ,,,,,,,ST,260,NM,TH,1990,MS,OV,,MS,,,ST,25,UG,, ,ST,1990,BR,SD,,,,
49846,Covanta Honolulu Resource Recovery,10334,H Power,HI,3,OP,,,, , ,, , ,,, ,,,,,,,ST,100,NM,OT,2012,FR,SN,NH3,MS,,,ST,12,UG,, ,ST,2012,BP,ACI,SD,,,
49889,Mount Carmel Cogen Inc,10343,Foster Wheeler Mt Carmel Cogen,PA,SG-101,OP,N,,, , ,FD, , ,,, ,,,,,,,FD,340,NH,OH,2005,CF,,,NC,,,, ,,, ,FD,2005,BP,LIJ,,,,
49893,Invenergy Services LLC,7999,Grays Harbor Energy Facility,WA,HRSG1,OP,Db,N,, , ,ST,19.8, ,DH,OH,2008,NC,WA,,ND,,,ST,21.7,NH,OH,2008,LN,NH3,SR,,,,ST,0.003,PC,NV,2008,, ,,,,,,
49893,Invenergy Services LLC,7999,Grays Harbor Energy Facility,WA,HRSG2,OP,Db,N,, , ,ST,19.3, ,DH,OH,2008,NC,WA,,ND,,,ST,21.7,NH,OH,2008,LN,NH3,SR,,,,ST,0.003,PC,NV,2008,, ,,,,,,
49893,Invenergy Services LLC,55183,Nelson Energy Center,IL,HRSG1,CO,Da,Y,103814AAC,12,2010,FD,0.2, ,DP,NV,2015,SS,,,NC,,,FD,1.616,OT,MO,2015,SR,,,NC,,,, ,,, ,, ,,,,,,
49893,Invenergy Services LLC,55183,Nelson Energy Center,IL,HRSG2,CO,Da,Y,103814AAC,12,2010,FD,0.2, ,DP,NV,2015,SS,,,NC,,,FD,1.6,OT,MO,2015,SR,,,NC,,,, ,,, ,, ,,,,,,
49896,"Newmont Nevada Energy Investment, LLC",56224,TS Power Plant,NV,BLR100,OP,Da,N,, , ,FD,0.065,1,DP,DA,2008,NC,,,NC,,,FD,0.067,NP,DA,2008,SR,OV,,SR,OV,,FD,0.012,OP,DA,2008,ST,2008,ACI,,,ACI,,
49919,Falcon Power Operating Company,54694,Yuma Cogeneration Associates,AZ,HRSG,OP,,,, , ,, , ,,, ,,,,,,,, ,,, ,,,,,,,, ,,, ,, ,,,,,,
49923,American Eagle Paper Mills,50284,American Eagle Paper Mills,PA,7,OP,D,,, , ,ST, , ,,, ,,,,,,,ST,0.8,NH,OH,1978,,,,RP,,,ST,0.2,PB,, ,ST,1978,,,,OT,,
49942,Eagle Point Power Generation LLC,50561,Eagle Point Power Generation,NJ,0001,OP,Da,,, , ,ST, , ,SB,PS,1991,,,,,,,ST,19,NM,TH,1991,MS,LN,NC,MS,LN,NC,ST,0.016,PB,PS,1991,ST, ,,,,,,
49942,Eagle Point Power Generation LLC,50561,Eagle Point Power Generation,NJ,0002,OP,Da,,, , ,ST, , ,SB,PS,1991,,,,,,,ST,19,NM,TH,1991,MS,LN,NC,MS,LN,NC,ST,0.016,PB,PS,1991,ST, ,,,,,,
49949,Kinder Morgan Production Company LP,56233,EG178 Facility,TX,HRSG A,OP,Db,,, , ,ST, , ,,, ,,,,,,,ST,19.6,NH,OH,2005,NH3,STM,SR,NH3,STM,SR,ST, ,,, ,, ,,,,,,
49949,Kinder Morgan Production Company LP,56233,EG178 Facility,TX,HRSG B,OP,Db,,, , ,ST, , ,,, ,,,,,,,ST,19.6,NH,OH,2005,NH3,STM,SR,NH3,STM,SR,ST, ,,, ,, ,,,,,,
49950,"Caithness Long Island, LLC",56234,Caithness Long Island Energy Center,NY,HRSG01,OP,Da,N,, , ,, , ,,, ,,,,,,,ST,2,NM,TH,2009,SR,,,SR,,,, ,,, ,, ,,,,,,
49965,Constellation Mystic Power LLC,1588,Mystic Generating Station,MA,7,OP,Db,N,, , ,ST,1,0,DP,NV,1982,NC,,,NC,,,ST,0.2,NP,DA,1995,FR,,,NC,,,ST,0.05,PB,NV,1982,FD,1982,EW,,,EW,,
49965,Constellation Mystic Power LLC,1588,Mystic Generating Station,MA,81,OP,Db,N,, , ,ST,0.003,0,SB,NV,2003,NC,,,NC,,,ST,2,NM,OH,2003,LN,SR,,NC,,,ST,0.011,PB,NV,2003,ST,2003,ND,,,ND,,
49965,Constellation Mystic Power LLC,1588,Mystic Generating Station,MA,82,OP,Db,N,, , ,ST,0.003,0,SB,NV,2003,NC,,,NC,,,ST,2,NM,OH,2003,LN,SR,,NC,,,ST,0.011,PB,NV,2003,ST,2003,ND,,,ND,,
49965,Constellation Mystic Power LLC,1588,Mystic Generating Station,MA,93,OP,Db,N,, , ,ST,0.003,0,SB,NV,2003,NC,,,NC,,,ST,2,NM,OH,2003,LN,SR,,SR,,,ST,0.011,PB,NV,2003,ST,2003,ND,,,ND,,
49965,Constellation Mystic Power LLC,1588,Mystic Generating Station,MA,94,OP,Db,N,, , ,ST,0.003,0,SB,NV,2003,NC,,,NC,,,ST,2,NM,OH,2003,LN,SR,,LN,SR,,ST,0.011,PB,NV,2003,ST,2003,ND,,,ND,,
49965,Constellation Mystic Power LLC,55317,Fore River Generating Station,MA,11,OP,Db,N,, , ,ST,0.002,0,SB,NV,2003,NC,,,NC,,,ST,2,NM,OH,2003,LN,SR,,LN,SR,,ST,0.011,PB,NV,2003,ST,2003,ND,,,ND,,
49965,Constellation Mystic Power LLC,55317,Fore River Generating Station,MA,12,OP,Db,N,, , ,ST,0.002,0,SB,NV,2003,NC,,,NC,,,ST,2,NM,OH,2003,LN,SR,,LN,SR,,ST,0.011,PB,NV,2003,ST,2003,ND,,,ND,,
49966,Camden County Energy Recovery Corp,10435,Camden Resource Recovery Facility,NJ,SG101A,OP,N,,, , ,, , ,,, ,,,,,,,ST,150,NM,DA,2011,SN,,,SN,,,ST, ,,, ,ST,2012,ACI,,,ACI,,
49966,Camden County Energy Recovery Corp,10435,Camden Resource Recovery Facility,NJ,SG101B,OP,N,,, , ,, , ,,, ,,,,,,,ST,150,NM,DA,2011,SN,,,SN,,,, ,,, ,ST,2009,ACI,,,ACI,,
49966,Camden County Energy Recovery Corp,10435,Camden Resource Recovery Facility,NJ,SG101C,OP,N,,, , ,, , ,,, ,,,,,,,ST,150,NM,DA,2011,SN,,,SN,,,, ,,, ,ST,2009,ACI,,,ACI,,
49968,Searles Valley Minerals Operations Inc.,10684,Argus Cogen Plant,CA,BLR22,OP,N,,, , ,, , ,,, ,,,,,,,, ,,, ,,,,,,,, ,,, ,, ,,,,,,
49968,Searles Valley Minerals Operations Inc.,10684,Argus Cogen Plant,CA,BLR25,OP,N,,, , ,, , ,,, ,,,,,,,LO,225,NM,FT, ,OV,LN,SN,MS,,,LO,20,OP,, ,, ,,,,,,
49968,Searles Valley Minerals Operations Inc.,10684,Argus Cogen Plant,CA,BLR26,OP,N,,, , ,, , ,,, ,,,,,,,LO,225,NM,FT, ,OV,LN,SN,MS,,,LO,20,OP,, ,, ,,,,,,
49969,"Lincoln Paper and Tissue, LLC",54587,Lincoln Paper & Tissue,ME,2,OP,,,, , ,FD, , ,,, ,,,,,,,FD,223,NM,DA,1972,AA,LA,,MS,,,, ,,, ,, ,EK,,,EK,,
49969,"Lincoln Paper and Tissue, LLC",54587,Lincoln Paper & Tissue,ME,6,SB,,,, , ,, , ,,, ,,,,,,,, ,,, ,,,,UE,,,, ,,, ,, ,,,,,,
49969,"Lincoln Paper and Tissue, LLC",54587,Lincoln Paper & Tissue,ME,7,SB,,,, , ,, , ,,, ,,,,,,,, ,,, ,UE,,,UE,,,, ,,, ,, ,,,,,,
49969,"Lincoln Paper and Tissue, LLC",54587,Lincoln Paper & Tissue,ME,8,OP,,,, , ,, , ,,, ,,,,,,,FD,0.45,NP,DA,1991,AA,LA,,OV,,,, ,,, ,, ,,,,,,
49974,NAES Corporation - (WA),55334,Holland Energy Facility,IL,HRSG 1,OP,Db,N,, , ,ST, , ,DP,OH,2002,NC,,,NC,,,ST, ,NP,OH,2002,MS,,,MS,,,ST,0.01,PB,OH,2002,ST,2002,,,,,,
49974,NAES Corporation - (WA),55334,Holland Energy Facility,IL,HRSG 2,OP,Db,N,, , ,ST, , ,DP,OH,2002,NC,,,NC,,,ST, ,NP,OH,2002,MS,,,MS,,,ST,0.01,PB,OH,2002,ST,2002,,,,,,
49977,CAMS Michigan LLC,54915,Michigan Power LP,MI,HRB101,OP,Db,,, , ,FD, , ,,, ,,,,,,,ST,13.6,NM,DA,1995,FR,LN,,FR,LN,,ST,10.4,PH,OH,1995,, ,,,,,,
49979,Topaz Power Group  LLC,3441,Nueces Bay,TX,5,RE,N,,, , ,, , ,,, ,,,,,,,, ,,, ,,,,,,,, ,,, ,, ,,,,,,
49979,Topaz Power Group  LLC,3441,Nueces Bay,TX,6,RE,N,,, , ,, , ,,, ,,,,,,,, ,,, ,,,,,,,, ,,, ,, ,,,,,,
49979,Topaz Power Group  LLC,3441,Nueces Bay,TX,7,RE,N,,, , ,, , ,,, ,,,,,,,, ,,, ,,,,,,,, ,,, ,, ,,,,,,
49979,Topaz Power Group  LLC,3441,Nueces Bay,TX,8,OP,Db,Y,"81594, PSD-TX-1091",7,2008,ST, , ,DH,YR,2009,OT,,,NC,,,ST, ,NH,YR,2009,NH3,SR,MS,NC,,,ST,36.8,PH,YR,2009,, ,,,,,,
49979,Topaz Power Group  LLC,3441,Nueces Bay,TX,9,OP,Db,Y,"81594, PSD-TX-1091",7,2008,ST, , ,DH,YR,2009,OT,,,NC,,,ST, ,NH,YR,2009,NH3,SR,MS,NC,,,ST,36.8,PH,YR,2009,, ,,,,,,
49979,Topaz Power Group  LLC,4939,Barney M Davis,TX,1,OP,N,Y,45587,11,2002,ST, , ,DM,TH,1992,OT,,,NC,,,ST, ,NP,YR,2003,MS,,,NC,,,ST,15,OP,SM,1989,, ,,,,,,
49979,Topaz Power Group  LLC,4939,Barney M Davis,TX,2,RE,D,Y,1177,6,2004,ST, , ,DH,OH,1993,,,,,,,ST, ,NH,OH,1993,,,,,,,ST,17,PH,OH,1993,, ,,,,,,
49979,Topaz Power Group  LLC,4939,Barney M Davis,TX,3,OP,Db,Y,"81593, PSD-TX-1093",7,2008,ST, , ,DH,YR,2009,OT,,,NC,,,ST, ,NH,YR,2009,NH3,SR,MS,NC,,,ST,36.8,PH,YR,2009,, ,,,,,,
49979,Topaz Power Group  LLC,4939,Barney M Davis,TX,4,OP,Db,Y,"81593, PSD-TX-1093",7,2008,ST, , ,DH,YR,2009,OT,,,NC,,,ST, ,NH,YR,2009,NH3,SR,MS,NC,,,ST,36.8,PH,YR,2009,, ,,,,,,
50003,Brunswick Cellulose Inc.,10605,Brunswick Cellulose,GA,4PB,OP,N,,, , ,ST, , ,,, ,,,,,,,ST,682,OT,YR,2007,NC,,,NC,,,FD,0.05,PB,, ,, ,,,,,,
50003,Brunswick Cellulose Inc.,10605,Brunswick Cellulose,GA,5RB,OP,N,,, , ,ST, , ,,, ,,,,,,,, ,,, ,,,,,,,FD,0.044,PC,, ,, ,,,,,,
50003,Brunswick Cellulose Inc.,10605,Brunswick Cellulose,GA,6PB,OP,Db,,, , ,FD, , ,,, ,,,,,,,FD,0.065,NP,MO,1999,NC,,,NC,,,FD,0.1,PB,, ,, ,,,,,,
50003,Brunswick Cellulose Inc.,10605,Brunswick Cellulose,GA,6RB,OP,Db,,, , ,FD, , ,,, ,,,,,,,FD,100,NM,OT,2013,NC,,,NC,,,FD,0.021,PC,, ,, ,,,,,,
50003,Brunswick Cellulose Inc.,10605,Brunswick Cellulose,GA,7PB,OP,Db,,, , ,FD, , ,,, ,,,,,,,FD,0.08,NP,MO,2003,NC,,,NC,,,FD,0.1,PB,, ,, ,,,,,,
50006,Invista,10795,Camden South Carolina,SC,BLR1,OP,N,,, , ,, , ,,, ,,,,,,,, ,,, ,,,,,,,ST,0.6,PB,, ,, ,,,,,,
50006,Invista,10795,Camden South Carolina,SC,BLR2,OP,N,,, , ,, , ,,, ,,,,,,,, ,,, ,,,,,,,ST,0.6,PB,, ,, ,,,,,,
50006,Invista,10795,Camden South Carolina,SC,BLR3,OP,N,,, , ,, , ,,, ,,,,,,,FD,0.1,NP,NS,2011,LN,SR,,MS,,,, ,,, ,, ,,,,,,
50006,Invista,10795,Camden South Carolina,SC,BLR4,RE,N,,, , ,, , ,,, ,,,,,,,, ,,, ,,,,,,,, ,,, ,, ,,,,,,
50018,"Dominion Energy New England, LLC",3236,Manchester Street,RI,HRSG09,OP,,,, , ,, , ,,, ,,,,,,,, ,,, ,,,,,,,, ,,, ,, ,,,,,,
50018,"Dominion Energy New England, LLC",3236,Manchester Street,RI,HRSG10,OP,,,, , ,, , ,,, ,,,,,,,, ,,, ,,,,,,,, ,,, ,, ,,,,,,
50018,"Dominion Energy New England, LLC",3236,Manchester Street,RI,HRSG11,OP,,,, , ,, , ,,, ,,,,,,,, ,,, ,,,,,,,, ,,, ,, ,,,,,,
50033,PPG Industries Inc Natrium,50491,PPG Natrium Plant,WV,3BLR,OP,N,N,, , ,ST,750, ,DH,DA,1980,NC,,,NC,,,ST,0.35,NP,NS,2002,LN,OV,,LN,OV,,ST,10.27,PH,PS,1980,, ,,,,,,
50033,PPG Industries Inc Natrium,50491,PPG Natrium Plant,WV,4BLR,OP,N,Y,R14-027B,4,2008,ST,1538, ,DH,DA,1980,NC,,,NC,,,, ,,, ,,,,,,,ST,44.6,PH,PS,1980,, ,,,,,,
50033,PPG Industries Inc Natrium,50491,PPG Natrium Plant,WV,5BLR,OP,N,Y,R14-027B,4,2008,ST,1479, ,DH,DA,1980,NC,,,NC,,,, ,,, ,,,,,,,ST,79,PH,PS,1980,, ,,,,,,
50033,PPG Industries Inc Natrium,50491,PPG Natrium Plant,WV,6BLR,OP,N,Y,R13-1637A,11,2004,, , ,,, ,,,,,,,ST,0.15,NP,PS,1993,NC,,,NC,,,, ,,, ,, ,,,,,,
50053,Calhoun Port Authority,3436,E S Joslin,TX,1,OS,Dc,Y,45886,8,2007,ST,0.04, ,DH,NV,2015,ND,,,ND,,,ST, ,NH,NV,2015,ND,,,ND,,,ST,5,OP,SM,2015,, ,,,,,,
50081,AE Operations LLC,55611,Mingo Junction Energy Center,OH,BOIL1,OS,N,,, , ,, , ,,, ,,,,,,,, ,,, ,,,,,,,, ,,, ,, ,,,,,,
50081,AE Operations LLC,55611,Mingo Junction Energy Center,OH,BOIL2,OS,N,,, , ,, , ,,, ,,,,,,,, ,,, ,,,,,,,, ,,, ,, ,,,,,,
50081,AE Operations LLC,55611,Mingo Junction Energy Center,OH,BOIL3,OS,N,,, , ,, , ,,, ,,,,,,,, ,,, ,,,,,,,, ,,, ,, ,,,,,,
50081,AE Operations LLC,55611,Mingo Junction Energy Center,OH,BOIL4,OS,N,,, , ,, , ,,, ,,,,,,,, ,,, ,,,,,,,, ,,, ,, ,,,,,,
50085,Covanta Southeast Florida Renewable Ltd,10062,Miami Dade County Resource Recovery Fac,FL,BLR1,OP,N,,, , ,, , ,,, ,,,,,,,, ,,, ,,,,,,,, ,,, ,, ,,,,,,
50085,Covanta Southeast Florida Renewable Ltd,10062,Miami Dade County Resource Recovery Fac,FL,BLR2,OP,N,,, , ,, , ,,, ,,,,,,,, ,,, ,,,,,,,, ,,, ,, ,,,,,,
50085,Covanta Southeast Florida Renewable Ltd,10062,Miami Dade County Resource Recovery Fac,FL,BLR3,OP,N,,, , ,, , ,,, ,,,,,,,, ,,, ,,,,,,,, ,,, ,, ,,,,,,
50085,Covanta Southeast Florida Renewable Ltd,10062,Miami Dade County Resource Recovery Fac,FL,BLR4,OP,N,,, , ,, , ,,, ,,,,,,,, ,,, ,,,,,,,, ,,, ,, ,,,,,,
50097,NewPage Corp-Luke,50282,Luke Mill,MD,24PB,OP,N,,, , ,, , ,,, ,,,,,,,, ,,, ,,,,,,,, ,,, ,, ,,,,,,
50097,NewPage Corp-Luke,50282,Luke Mill,MD,25PB,OP,N,,, , ,, , ,,, ,,,,,,,, ,,, ,,,,,,,, ,,, ,, ,,,,,,
50097,NewPage Corp-Luke,50282,Luke Mill,MD,26PB,SB,N,,, , ,, , ,,, ,,,,,,,, ,,, ,,,,,,,, ,,, ,, ,,,,,,
50097,NewPage Corp-Luke,50282,Luke Mill,MD,2RB,SB,N,,, , ,, , ,,, ,,,,,,,, ,,, ,,,,,,,, ,,, ,, ,,,,,,
50097,NewPage Corp-Luke,50282,Luke Mill,MD,3RB,OP,N,,, , ,, , ,,, ,,,,,,,, ,,, ,,,,,,,, ,,, ,, ,,,,,,
50100,"R.E. Ginna Nuclear Power Plant, LLC",6122,R E Ginna Nuclear Power Plant,NY,NSS1,OP,,,, , ,, , ,,, ,,,,,,,, ,,, ,,,,,,,, ,,, ,, ,,,,,,
50102,Rock-Tenn Company,54763,Rock-Tenn Mill,AL,PB1,OP,,,, , ,, , ,,, ,,,,,,,, ,,, ,,,,,,,, ,,, ,, ,,,,,,
50102,Rock-Tenn Company,54763,Rock-Tenn Mill,AL,PB2,OS,,,, , ,, , ,,, ,,,,,,,, ,,, ,,,,,,,, ,,, ,, ,,,,,,
50102,Rock-Tenn Company,54763,Rock-Tenn Mill,AL,PB3,OP,,,, , ,, , ,,, ,,,,,,,, ,,, ,,,,,,,, ,,, ,, ,,,,,,
50102,Rock-Tenn Company,54763,Rock-Tenn Mill,AL,R2,SB,,,, , ,, , ,,, ,,,,,,,, ,,, ,,,,,,,, ,,, ,, ,,,,,,
50102,Rock-Tenn Company,54763,Rock-Tenn Mill,AL,R3,OP,,,, , ,, , ,,, ,,,,,,,, ,,, ,,,,,,,, ,,, ,, ,,,,,,
50111,Lafayette Utilities System,1443,Louis Doc Bonin,LA,1,OS,N,N,, , ,ST, , ,DH,NV,1965,ND,ND,ND,ND,ND,ND,ST, ,NH,NV,1965,ND,ND,ND,ND,ND,ND,ST,0.6,PB,NV,1965,, ,ND,ND,ND,ND,ND,ND
50111,Lafayette Utilities System,1443,Louis Doc Bonin,LA,2,OP,N,N,, , ,ST, , ,DH,NV,1970,ND,ND,ND,ND,ND,ND,ST, ,NH,NV,1970,ND,ND,ND,ND,ND,ND,ST,0.6,PB,NV,1970,, ,ND,ND,ND,ND,ND,ND
50111,Lafayette Utilities System,1443,Louis Doc Bonin,LA,3,OP,D,N,, , ,ST, , ,DH,NV,1976,ND,ND,ND,ND,ND,ND,ST, ,NH,NV,1976,ND,ND,ND,ND,ND,ND,FD,0.1,PB,NV,1976,, ,ND,ND,ND,ND,ND,ND
50128,Georgia-Pacific Consr Ops LLC-Palatka,10611,Georgia-Pacific Palatka Operations,FL,4 COMB,OP,N,,, , ,, , ,,, ,,,,,,,, ,,, ,,,,,,,, ,,, ,, ,,,,,,
50128,Georgia-Pacific Consr Ops LLC-Palatka,10611,Georgia-Pacific Palatka Operations,FL,4RB,OP,N,,, , ,, , ,,, ,,,,,,,ST,80,NM,MO,1995,OV,,,MS,,,, ,,, ,, ,,,,,,
50128,Georgia-Pacific Consr Ops LLC-Palatka,10611,Georgia-Pacific Palatka Operations,FL,5,OP,N,,, , ,, , ,,, ,,,,,,,ST,0.125,NP,TH,2008,LN,FR,,MS,,,, ,,, ,, ,,,,,,
50128,Georgia-Pacific Consr Ops LLC-Palatka,10611,Georgia-Pacific Palatka Operations,FL,6,RE,,,, , ,, , ,,, ,,,,,,,, ,,, ,,,,,,,, ,,, ,, ,,,,,,
50128,Georgia-Pacific Consr Ops LLC-Palatka,10611,Georgia-Pacific Palatka Operations,FL,7,OP,N,,, , ,, , ,,, ,,,,,,,FD,0.2,NP,MO,2002,LN,,,MS,,,, ,,, ,, ,,,,,,
50129,Georgia-Pacific Cons Op LLC Port Hudson,10612,Georgia-Pacific Port Hudson,LA,PB1,RE,N,N,, , ,, , ,,, ,,,,,,,, ,,, ,,,,,,,, ,,, ,, ,,,,,,
50129,Georgia-Pacific Cons Op LLC Port Hudson,10612,Georgia-Pacific Port Hudson,LA,PB1SCB,RE,,,, , ,, , ,,, ,,,,,,,, ,,, ,,,,,,,, ,,, ,, ,,,,,,
50129,Georgia-Pacific Cons Op LLC Port Hudson,10612,Georgia-Pacific Port Hudson,LA,PB5,OP,D,Y,PSD-LA-581,1,2002,, , ,,, ,,,,,,,FD,0.1,NP,NS,2002,NC,,,NC,,,FD,0.1,PB,NS,2002,FD,2002,,,,,,
50129,Georgia-Pacific Cons Op LLC Port Hudson,10612,Georgia-Pacific Port Hudson,LA,PB6,OP,Db,Y,PSD-LA-581,8,2005,FD, , ,DP,MO,2007,OT,,,OT,,,FD, ,NP,NS,2007,NC,,,NC,,,FD,0.05,PB,NS,2007,FD,2007,LIJ,EW,,LIJ,EW,
50129,Georgia-Pacific Cons Op LLC Port Hudson,10612,Georgia-Pacific Port Hudson,LA,RB1,OP,N,Y,PSD-LA-581,1,2002,FD, , ,DC,TH,2002,NC,,,NC,,,FD, ,NO,TH,2002,NC,,,NC,,,FD,0.1,UG,TH,2002,ST,2002,EW,,,EW,,
50129,Georgia-Pacific Cons Op LLC Port Hudson,10612,Georgia-Pacific Port Hudson,LA,RB2,OP,N,Y,PSD-LA-581,1,2002,FD, , ,DC,TH,2002,NC,,,NC,,,FD, ,NO,TH,2002,NC,,,NC,,,FD,0.1,UG,TH,2002,ST,2002,EW,,,EW,,
50130,Trigen St Louis Energy Corporation,56309,Trigen St. Louis,MO,HRSG1,OP,Db,,, , ,, , ,,, ,,,,,,,FD,0.2,NP,NV, ,MS,,,MS,,,, ,,, ,, ,,,,,,
50130,Trigen St Louis Energy Corporation,56309,Trigen St. Louis,MO,HRSG2,OP,Db,,, , ,, , ,,, ,,,,,,,FD,0.2,NP,NV, ,MS,,,MS,,,, ,,, ,, ,,,,,,
50133,Leaf River Cellulose  LLC,10233,Leaf River Cellulose LLC,MS,PB,OP,N,,, , ,, , ,,, ,,,,,,,, ,,, ,,,,,,,, ,,, ,, ,,,,,,
50133,Leaf River Cellulose  LLC,10233,Leaf River Cellulose LLC,MS,RB,OP,N,,, , ,, , ,,, ,,,,,,,, ,,, ,,,,,,,, ,,, ,, ,,,,,,
50157,South Point Energy Center LLC,55177,South Point Energy Center,AZ,HRSG A,OP,Db,Y,FM-OP 02-01,5,2003,FD, , ,DH,TH,2001,NC,,,NC,,,FD, ,NH,TH,2001,SR,,,SR,,,FD,22.8,PH,OH,2001,FD,2001,,,,,,
50157,South Point Energy Center LLC,55177,South Point Energy Center,AZ,HRSG B,OP,Db,Y,FM-OP 02-01,5,2003,FD, , ,DH,TH,2001,NC,,,NC,,,FD, ,NH,TH,2001,SR,,,SR,,,FD,22.8,PH,OH,2001,FD,2001,,,,,,
50160,Pedricktown Cogeneration Company LP,10099,Pedricktown Cogeneration Company LP,NJ,HRSG1,OP,,,, , ,, , ,,, ,,,,,,,, ,,, ,,,,,,,, ,,, ,, ,,,,,,
50161,FirstEnergy Nuclear Operating Company,6020,Perry,OH,NSS1,OP,,,, , ,, , ,,, ,,,,,,,, ,,, ,,,,,,,, ,,, ,, ,,,,,,
50161,FirstEnergy Nuclear Operating Company,6040,Beaver Valley,PA,NSS1,OP,,,, , ,, , ,,, ,,,,,,,, ,,, ,,,,,,,, ,,, ,, ,,,,,,
50161,FirstEnergy Nuclear Operating Company,6040,Beaver Valley,PA,NSS2,OP,,,, , ,, , ,,, ,,,,,,,, ,,, ,,,,,,,, ,,, ,, ,,,,,,
50161,FirstEnergy Nuclear Operating Company,6149,Davis Besse,OH,NSS1,OP,,,, , ,, , ,,, ,,,,,,,, ,,, ,,,,,,,, ,,, ,, ,,,,,,
50163,Valero Energy Corporation,52108,Valero Energy Port Arthur Refinery,TX,31,OP,,,, , ,, , ,,, ,,,,,,,, ,,, ,,,,,,,, ,,, ,, ,,,,,,
50163,Valero Energy Corporation,52108,Valero Energy Port Arthur Refinery,TX,32,OP,,,, , ,, , ,,, ,,,,,,,, ,,, ,,,,,,,, ,,, ,, ,,,,,,
50163,Valero Energy Corporation,52108,Valero Energy Port Arthur Refinery,TX,33,OP,,,, , ,, , ,,, ,,,,,,,, ,,, ,,,,,,,, ,,, ,, ,,,,,,
50163,Valero Energy Corporation,52108,Valero Energy Port Arthur Refinery,TX,34,OP,,,, , ,, , ,,, ,,,,,,,, ,,, ,,,,,,,, ,,, ,, ,,,,,,
50163,Valero Energy Corporation,52108,Valero Energy Port Arthur Refinery,TX,35,OP,,,, , ,, , ,,, ,,,,,,,, ,,, ,,,,,,,, ,,, ,, ,,,,,,
50163,Valero Energy Corporation,52108,Valero Energy Port Arthur Refinery,TX,6,RE,,,, , ,, , ,,, ,,,,,,,, ,,, ,,,,,,,, ,,, ,, ,,,,,,
50163,Valero Energy Corporation,52108,Valero Energy Port Arthur Refinery,TX,7,RE,,,, , ,, , ,,, ,,,,,,,, ,,, ,,,,,,,, ,,, ,, ,,,,,,
50168,Maxim Power (USA) Inc,50498,Capital District Energy Center,CT,HRSG,SB,,,, , ,, , ,,, ,,,,,,,, ,,, ,,,,,,,, ,,, ,, ,,,,,,
54693,Osprey Energy Center,55412,Osprey Energy Center Power Plant,FL,HRSG1,OP,Db,N,, , ,ST, , ,OT,OT,2004,NC,,,NC,,,ST,3.5,NM,DA,2004,SR,LN,,NC,,,ST,24.1,PH,DT,2004,, ,,,,,,
54693,Osprey Energy Center,55412,Osprey Energy Center Power Plant,FL,HRSG2,OP,Db,N,, , ,ST, , ,OT,OT,2004,NC,,,NC,,,ST,3.5,NM,DA,2004,SR,LN,,NC,,,ST,24.1,PH,DT,2004,, ,,,,,,
54700,Paris Generation LP,50109,Paris Energy Center,TX,HRSG1,OP,,,, , ,, , ,,, ,,,,,,,, ,,, ,,,,,,,, ,,, ,, ,,,,,,
54700,Paris Generation LP,50109,Paris Energy Center,TX,HRSG2,OP,,,, , ,, , ,,, ,,,,,,,, ,,, ,,,,,,,, ,,, ,, ,,,,,,
54718,Dominion Energy Kewaunee Inc.,8024,Kewaunee,WI,NSS1,RE,,,, , ,, , ,,, ,,,,,,,, ,,, ,,,,,,,, ,,, ,, ,,,,,,
54738,Thilmany LLC,54098,Kaukauna Paper Mill,WI,B07,OP,N,,, , ,, , ,,, ,,,,,,,, ,,, ,UE,,,,,,, ,,, ,, ,,,,,,
54738,Thilmany LLC,54098,Kaukauna Paper Mill,WI,B08,OP,N,,, , ,, , ,,, ,,,,,,,, ,,, ,UE,,,,,,, ,,, ,, ,,,,,,
54738,Thilmany LLC,54098,Kaukauna Paper Mill,WI,B09,OP,N,,, , ,, , ,,, ,,,,,,,, ,,, ,UE,,,,,,, ,,, ,, ,,,,,,
54738,Thilmany LLC,54098,Kaukauna Paper Mill,WI,B10,OP,N,,, , ,, , ,,, ,,,,,,,, ,,, ,UE,,,,,,, ,,, ,, ,,,,,,
54738,Thilmany LLC,54098,Kaukauna Paper Mill,WI,B11,OP,N,,, , ,, , ,,, ,,,,,,,, ,,, ,UE,,,,,,, ,,, ,, ,,,,,,
54745,Temple-Inland,10425,International Paper - Orange,TX,1RB,OP,N,,, , ,, , ,,, ,,,,,,,, ,,, ,,,,,,,, ,,, ,, ,,,,,,
54745,Temple-Inland,10425,International Paper - Orange,TX,2RB,OP,N,,, , ,, , ,,, ,,,,,,,, ,,, ,,,,,,,, ,,, ,, ,,,,,,
54745,Temple-Inland,10425,International Paper - Orange,TX,3PB,OP,,,, , ,, , ,,, ,,,,,,,, ,,, ,,,,,,,, ,,, ,, ,,,,,,
54745,Temple-Inland,10425,International Paper - Orange,TX,BRKBLR,OP,,,, , ,, , ,,, ,,,,,,,, ,,, ,SN,LN,,SN,LN,,, ,,, ,, ,,,,,,
54745,Temple-Inland,10425,International Paper - Orange,TX,PF1BLR,OP,,,, , ,, , ,,, ,,,,,,,, ,,, ,,,,,,,, ,,, ,, ,,,,,,
54755,Morris Cogeneration LLC,55216,Morris Cogeneration LLC,IL,HRSG 1,OP,,,, , ,ST, , ,,, ,,,,,,,, ,,, ,,,,,,,, ,,, ,, ,,,,,,
54755,Morris Cogeneration LLC,55216,Morris Cogeneration LLC,IL,HRSG 2,OP,,,, , ,, , ,,, ,,,,,,,, ,,, ,,,,,,,, ,,, ,, ,,,,,,
54755,Morris Cogeneration LLC,55216,Morris Cogeneration LLC,IL,HRSG 3,OP,,,, , ,ST, , ,,, ,,,,,,,, ,,, ,,,,,,,, ,,, ,, ,,,,,,
54784,NewPage Corporation,10491,Mead Rumford Cogen,ME,3,SB,N,,, , ,, , ,,, ,,,,,,,, ,,, ,,,,,,,, ,,, ,,1990,ND,,,ND,,
54784,NewPage Corporation,10491,Mead Rumford Cogen,ME,5,SB,N,,, , ,, , ,,, ,,,,,,,, ,,, ,,,,,,,ST, ,,, ,,1990,ND,,,ND,,
54784,NewPage Corporation,10495,Rumford Cogeneration,ME,6,OP,Da,N,, , ,ST, , ,DH,TH,1990,NC,,,NC,,,ST, ,NH,DA,1990,MS,,,NC,,,ST,0.2,OP,SM,1990,ST,1990,ND,,,ND,,
54784,NewPage Corporation,10495,Rumford Cogeneration,ME,7,OP,Da,N,, , ,ST, , ,DH,TH,1990,NC,,,NC,,,ST, ,NH,DA,1990,MS,,,NC,,,ST,0.2,OP,SM,1990,ST,1990,ND,,,ND,,
54784,NewPage Corporation,10495,Rumford Cogeneration,ME,CRECV,OP,Da,N,, , ,FD, , ,DH,TH,1990,NC,,,NC,,,FD, ,NH,DA,1990,NC,,,NC,,,FD,0.2,OP,SM,1990,ST,1990,ND,,,ND,,
54788,DG Fairhaven Power LLC,10052,Fairhaven Power,CA,BLR1,OP,,,, , ,, , ,,, ,,,,,,,LO,0.16,NP,DA,1999,OV,LN,AA,OV,LN,AA,LO,0.04,PB,, ,, ,,,,,,
54796,Union Power Partners LP,55380,Union Power Partners LP,AR,1 A,OP,Da,Y,1861-AOP-R6,4,2013,FD, , ,DH,DA,2003,NC,,,NC,,,FD, ,NM,MO,2003,SR,,,SR,,,FD,0.02,PB,TH,2003,FD,2003,,,,,,
54796,Union Power Partners LP,55380,Union Power Partners LP,AR,1 B,OP,Da,Y,1861-AOP-R6,4,2013,FD, , ,DH,DA,2003,NC,,,NC,,,FD, ,NM,MO,2003,SR,,,SR,,,FD,0.02,PB,TH,2003,FD,2003,,,,,,
54796,Union Power Partners LP,55380,Union Power Partners LP,AR,2 A,OP,Da,Y,1861-AOP-R6,4,2013,FD, , ,DH,DA,2003,NC,,,NC,,,FD, ,NM,MO,2003,SR,,,SR,,,FD,0.02,PB,TH,2003,FD,2003,,,,,,
54796,Union Power Partners LP,55380,Union Power Partners LP,AR,2 B,OP,Da,Y,1861-AOP-R6,4,2013,FD, , ,DH,DA,2003,NC,,,NC,,,FD, ,NM,MO,2003,SR,,,SR,,,FD,0.02,PB,TH,2003,FD,2003,,,,,,
54796,Union Power Partners LP,55380,Union Power Partners LP,AR,3 A,OP,Da,Y,1861-AOP-R6,4,2013,FD, , ,DH,DA,2003,NC,,,NC,,,FD, ,NM,MO,2003,SR,,,SR,,,FD,0.02,PB,TH,2003,FD,2003,,,,,,
54796,Union Power Partners LP,55380,Union Power Partners LP,AR,3 B,OP,Da,Y,1861-AOP-R6,4,2013,FD, , ,DH,DA,2003,NC,,,NC,,,FD, ,NM,MO,2003,SR,,,SR,,,FD,0.02,PB,TH,2003,FD,2003,,,,,,
54796,Union Power Partners LP,55380,Union Power Partners LP,AR,4 A,OP,Da,Y,1861-AOP-R6,4,2013,FD, , ,DH,DA,2003,NC,,,NC,,,FD, ,NM,MO,2003,SR,,,SR,,,FD,0.02,PB,TH,2003,FD,2003,,,,,,
54796,Union Power Partners LP,55380,Union Power Partners LP,AR,4 B,OP,Da,Y,1861-AOP-R6,4,2013,FD, , ,DH,DA,2003,NC,,,NC,,,FD, ,NM,MO,2003,SR,,,SR,,,FD,0.02,PB,TH,2003,FD,2003,,,,,,
54802,Dynegy -Moss Landing LLC,260,Dynegy Moss Landing Power Plant,CA,6-1,OP,Da,Y,TV45-02A,6,2010,LO, , ,DH,OH,1974,NC,,,NC,,,LO, ,NP,OH,2001,FR,NH3,SR,NC,,,LO,52.5,PH,OH,1974,ST,1967,,,,,,
54802,Dynegy -Moss Landing LLC,260,Dynegy Moss Landing Power Plant,CA,7-1,OP,Da,Y,TV45-02A,6,2010,LO, , ,DH,OH,1974,NC,,,NC,,,LO, ,NP,OH,2002,FR,NH3,SR,NC,,,LO,52.5,PH,OH,1974,ST,1968,,,,,,
54802,Dynegy -Moss Landing LLC,260,Dynegy Moss Landing Power Plant,CA,HRSG1,OP,Da,Y,TV45-02A,6,2010,LO, , ,DH,OH,2002,NC,,,NC,,,LO, ,NH,OH,2002,NH3,SR,,NC,,,LO,9,PH,OH,2002,ST,2002,,,,,,
54802,Dynegy -Moss Landing LLC,260,Dynegy Moss Landing Power Plant,CA,HRSG2,OP,Da,Y,TV45-02A,6,2010,LO, , ,DH,OH,2002,NC,,,NC,,,LO, ,NH,OH,2002,NH3,SR,,NC,,,LO,9,PH,OH,2002,ST,2002,,,,,,
54802,Dynegy -Moss Landing LLC,260,Dynegy Moss Landing Power Plant,CA,HRSG3,OP,Da,Y,TV45-02A,6,2010,LO, , ,DH,OH,2002,NC,,,NC,,,LO, ,NH,OH,2002,NH3,SR,,NC,,,LO,9,PH,OH,2002,ST,2002,,,,,,
54802,Dynegy -Moss Landing LLC,260,Dynegy Moss Landing Power Plant,CA,HRSG4,OP,Da,Y,TV45-02A,6,2010,LO, , ,DH,OH,2002,NC,,,NC,,,LO, ,NH,OH,2002,NH3,SR,,NC,,,LO,9,PH,OH,2002,ST,2002,,,,,,
54806,DTE Energy Services-Woodland,10836,Woodland Biomass Power Ltd,CA,BLR1,OP,N,,, , ,LO, , ,,, ,,,,,,,LO,26.3,NH,OH,1989,NH3,CF,,NC,,,, ,,, ,FD,1989,,,,,,
54817,Fairless Energy LLC,55298,Fairless Energy Center,PA,HRSG1A,OP,Da,N,, , ,ST, , ,DP,DT,2004,NC,,,NC,,,ST, ,NM,OT,2004,SR,,,NC,,,ST,0.014,PB,PS,2004,FD,2004,,,,,,
54817,Fairless Energy LLC,55298,Fairless Energy Center,PA,HRSG1B,OP,Da,N,, , ,ST, , ,DP,DT,2004,NC,,,NC,,,ST, ,NM,OT,2004,SR,,,NC,,,ST,0.014,PB,PS,2004,FD,2004,,,,,,
54817,Fairless Energy LLC,55298,Fairless Energy Center,PA,HRSG2A,OP,Da,N,, , ,ST, , ,DP,DT,2004,NC,,,NC,,,ST, ,NM,OT,2004,SR,,,NC,,,ST,0.014,PB,PS,2004,FD,2004,,,,,,
54817,Fairless Energy LLC,55298,Fairless Energy Center,PA,HRSG2B,OP,Da,N,, , ,ST, , ,DP,DT,2004,NC,,,CF,,,ST, ,NM,OT,2004,SR,,,NC,,,ST,0.014,PB,PS,2004,FD,2004,,,,,,
54824,SUEZ Energy Generation NA Inc,51026,Ryegate Power Station,VT,BLR1,OP,N,,, , ,, , ,,, ,,,,,,,, ,,, ,SN,,,,,,, ,,, ,, ,,,,,,
54827,Telogia Power LLC,50774,Telogia Power,FL,1,OP,N,,, , ,, , ,,, ,,,,,,,, ,,, ,,,,,,,, ,,, ,, ,,,,,,
54863,U S Power Generating Company LLC,8906,Astoria Generating Station,NY,20,OS,N,N,, , ,ST, , ,SB,NV,1972,WA,,,WA,,,LO, ,NM,NV,2000,LN,,,LN,,,ST,0.03,PB,NV,1973,, ,,,,,,
54863,U S Power Generating Company LLC,8906,Astoria Generating Station,NY,30,OP,N,N,, , ,ST, , ,SU,NV,1972,WA,,,WA,,,LO, ,NM,NV,1995,LN,,,LN,,,ST,0.1,PB,NV,1973,, ,,,,,,
54863,U S Power Generating Company LLC,8906,Astoria Generating Station,NY,40,OS,N,N,, , ,ST, , ,SU,NV,1972,WA,,,WA,,,LO, ,NM,NV,1995,LN,,,LN,,,ST,0.1,PB,NV,1973,, ,,,,,,
54863,U S Power Generating Company LLC,8906,Astoria Generating Station,NY,50,OP,N,N,, , ,ST, , ,SU,NV,1972,WA,,,WA,,,LO, ,NM,NV,1995,LN,,,LN,,,ST,0.1,PB,NV,1973,, ,,,,,,
54880,P H  Glatfelter Company,10244,P H Glatfelter Co -Chillicothe Facility,OH,1,OP,N,,, , ,, , ,,, ,,,,,,,FD,0.08,NP,MO,1993,LN,FR,,NC,,,, ,,, ,, ,,,,,,
54880,P H  Glatfelter Company,10244,P H Glatfelter Co -Chillicothe Facility,OH,2,OP,N,,, , ,, , ,,, ,,,,,,,FD,0.08,NP,MO,1993,LN,FR,,NC,,,, ,,, ,, ,,,,,,
54880,P H  Glatfelter Company,10244,P H Glatfelter Co -Chillicothe Facility,OH,6,OP,N,,, , ,, , ,,, ,,,,,,,ST,0.59,NP,TH,2005,OV,,,NC,,,, ,,, ,, ,,,,,,
54880,P H  Glatfelter Company,10244,P H Glatfelter Co -Chillicothe Facility,OH,7,OP,N,,, , ,, , ,,, ,,,,,,,ST,643,OT,OT,2003,LN,,,NC,,,, ,,, ,, ,,,,,,
54880,P H  Glatfelter Company,10244,P H Glatfelter Co -Chillicothe Facility,OH,8,OP,N,,, , ,, , ,,, ,,,,,,,ST,643,OT,OT,2003,LN,,,NC,,,, ,,, ,, ,,,,,,
54880,P H  Glatfelter Company,10244,P H Glatfelter Co -Chillicothe Facility,OH,9,OP,N,,, , ,, , ,,, ,,,,,,,FD,110,NM,MO,1998,MS,,,NC,,,, ,,, ,, ,,,,,,
54885,NRG Wholesale Generation LP,3130,Seward (PA),PA,1,OP,Da,N,, , ,FD,0.6,1,DP,MO,2004,CF,,,ND,,,ST,0.15,NP,MO,2004,NH3,CF,,NC,,,FD,0.01,PB,TH,2004,, ,,,,,,
54885,NRG Wholesale Generation LP,3130,Seward (PA),PA,2,OP,Da,N,, , ,FD,0.6,1,DP,MO,2004,CF,,,ND,,,ST,0.15,NP,MO,2004,NH3,CF,,NC,,,FD,0.01,PB,TH,2004,, ,,,,,,
54885,NRG Wholesale Generation LP,55706,Choctaw County,MS,HRG101,OS,Db,N,, , ,FD, , ,DH,NS,2003,NC,,,ND,,,FD, ,NH,TH,2003,SR,,,NC,,,FD,20.59,PH,NS,2003,, ,,,,,,
54885,NRG Wholesale Generation LP,55706,Choctaw County,MS,HRG201,OP,Db,N,, , ,FD, , ,DH,NS,2003,NC,,,ND,,,FD, ,NH,TH,2003,SR,,,NC,,,FD,20.59,PH,NS,2003,, ,,,,,,
54885,NRG Wholesale Generation LP,55706,Choctaw County,MS,HRG301,OP,Db,N,, , ,FD, , ,DH,NS,2003,NC,,,ND,,,FD, ,NH,TH,2003,SR,,,NC,,,FD,20.59,PH,NS,2003,, ,,,,,,
54885,NRG Wholesale Generation LP,55976,Hunterstown Power Plant,PA,101,OP,Db,N,, , ,ST,0.0015, ,SB,OH,2003,NC,,,NC,,,ST,3.5,NP,OH,2003,NH3,,,NC,,,ST,0.011,PB,OH,2003,, ,,,,,,
54885,NRG Wholesale Generation LP,55976,Hunterstown Power Plant,PA,201,OP,Db,N,, , ,ST,0.0015, ,SB,OH,2003,NC,,,NC,,,ST,3.5,NP,OH,2003,NH3,,,NC,,,ST,0.011,PB,OH,2003,, ,,,,,,
54885,NRG Wholesale Generation LP,55976,Hunterstown Power Plant,PA,301,OP,Db,N,, , ,ST,0.0015, ,SB,OH,2003,NC,,,NC,,,ST,3.5,NP,OH,2003,NH3,,,NC,,,ST,0.011,PB,OH,2003,, ,,,,,,
54888,NRG Texas Power LLC,298,Limestone,TX,LIM1,OP,Da,Y,Permit 8576,8,2007,FD, , ,DH,TH,1991,NC,,,OT,,,FD, ,NP,YR,1997,LN,OV,,SN,,,FD,0.03,PB,NS,1985,ST,2015,,,,ACI,,
54888,NRG Texas Power LLC,298,Limestone,TX,LIM2,OP,Da,Y,Permit  8576,8,2007,FD, , ,DH,TH,1991,NC,,,OT,,,FD, ,NP,YR,1997,LN,OV,,SN,,,FD,0.03,PB,NS,1986,ST,2015,,,,ACI,,
54888,NRG Texas Power LLC,3460,Cedar Bayou,TX,CBY1,OP,D,Y,1532,12,2004,ST, , ,DP,TH,1994,NC,,,NC,,,ST, ,NH,DA,1999,SR,,,NC,,,FD,0.1,PB,NS,1977,, ,,,,,,
54888,NRG Texas Power LLC,3460,Cedar Bayou,TX,CBY2,OP,D,Y,1532,12,2004,ST, , ,DP,TH,1994,NC,,,NC,,,ST, ,NH,DA,1999,SR,,,NC,,,FD,0.1,PB,NS,1977,, ,,,,,,
54888,NRG Texas Power LLC,3460,Cedar Bayou,TX,CBY3,RE,N,N,, , ,ST, , ,DM,TH,1976,,,,,,,ST, ,NP,DA,1999,,,,,,,ST,0.1,PB,WO,1976,, ,,,,,,
54888,NRG Texas Power LLC,3464,Greens Bayou,TX,GBY5,OP,N,N,, , ,ST, , ,DM,TH,1993,NC,,,NC,,,ST, ,NP,DA,1999,BO,FR,,BO,FR,,ST,0.1,PB,WO,1973,, ,,,,,,
54888,NRG Texas Power LLC,3468,Sam Bertron,TX,SRB1,OP,N,N,, , ,ST, , ,DM,TH,1993,NC,,,NC,,,ST, ,NP,DA,1999,LA,,,LA,,,ST,104,PH,OH,1977,, ,,,,,,
54888,NRG Texas Power LLC,3468,Sam Bertron,TX,SRB2,OP,N,N,, , ,ST, , ,DM,TH,1993,NC,,,NC,,,ST, ,NP,DA,1999,LA,FR,,LA,FR,,ST,104,PH,OH,1977,, ,,,,,,
54888,NRG Texas Power LLC,3468,Sam Bertron,TX,SRB3,OP,N,N,, , ,ST, , ,DM,TH,1993,NC,,,NC,,,ST, ,NP,DA,1999,LA,FR,,LA,FR,,ST,117,PH,OH,1976,, ,,,,,,
54888,NRG Texas Power LLC,3468,Sam Bertron,TX,SRB4,OP,N,N,, , ,ST, , ,DM,TH,1993,NC,,,NC,,,ST, ,NP,DA,1999,LA,FR,,LA,FR,,ST,117,PH,OH,1976,, ,,,,,,
54888,NRG Texas Power LLC,3469,T H Wharton,TX,THW2,RE,N,,, , ,ST, , ,,, ,,,,,,,ST, ,,, ,,,,,,,ST, ,,, ,, ,,,,,,
54888,NRG Texas Power LLC,3469,T H Wharton,TX,THWB31,OP,,,, , ,, , ,,, ,,,,,,,, ,,, ,,,,,,,, ,,, ,, ,,,,,,
54888,NRG Texas Power LLC,3469,T H Wharton,TX,THWB32,OP,,,, , ,, , ,,, ,,,,,,,, ,,, ,,,,,,,, ,,, ,, ,,,,,,
54888,NRG Texas Power LLC,3469,T H Wharton,TX,THWB33,OP,,,, , ,, , ,,, ,,,,,,,, ,,, ,,,,,,,, ,,, ,, ,,,,,,
54888,NRG Texas Power LLC,3469,T H Wharton,TX,THWB34,OP,,,, , ,, , ,,, ,,,,,,,, ,,, ,,,,,,,, ,,, ,, ,,,,,,
54888,NRG Texas Power LLC,3469,T H Wharton,TX,THWB41,OP,,,, , ,, , ,,, ,,,,,,,, ,,, ,,,,,,,, ,,, ,, ,,,,,,
54888,NRG Texas Power LLC,3469,T H Wharton,TX,THWB42,OP,,,, , ,, , ,,, ,,,,,,,, ,,, ,,,,,,,, ,,, ,, ,,,,,,
54888,NRG Texas Power LLC,3469,T H Wharton,TX,THWB43,OP,,,, , ,, , ,,, ,,,,,,,, ,,, ,,,,,,,, ,,, ,, ,,,,,,
54888,NRG Texas Power LLC,3469,T H Wharton,TX,THWB44,OP,,,, , ,, , ,,, ,,,,,,,, ,,, ,,,,,,,, ,,, ,, ,,,,,,
54888,NRG Texas Power LLC,3470,W A Parish,TX,WAP1,OP,N,N,, , ,ST, , ,DM,NS,1976,NC,WA,,NC,,,, ,,, ,MS,LA,BF,FR,LN,,ST,104,PH,OH,1976,, ,,,,,,
54888,NRG Texas Power LLC,3470,W A Parish,TX,WAP2,OP,N,N,, , ,ST, , ,DM,NS,1976,NC,WA,,NC,,,ST, ,NP,DA,1999,MS,LA,BF,FR,LN,,ST,104,PH,OH,1976,, ,,,,,,
54888,NRG Texas Power LLC,3470,W A Parish,TX,WAP3,OP,N,N,, , ,ST, , ,DM,NS,1976,NC,WA,,NC,,,, ,,, ,MS,FR,LA,NC,,,ST,0.1,PB,WO,1976,, ,,,,,,
54888,NRG Texas Power LLC,3470,W A Parish,TX,WAP4,OP,N,N,, , ,, , ,,, ,NC,WA,,NC,,,, ,,, ,MS,FR,LA,NC,,,ST,0.1,PB,WO,1976,, ,,,,,,
54888,NRG Texas Power LLC,3470,W A Parish,TX,WAP5,OP,D,Y,N-033,4,2006,FD, , ,DP,TH,1978,NC,WA,,NC,,,ST, ,NP,DA,1999,MS,LN,SR,NC,,,FD,0.1,PB,NS,1978,ST,2015,BR,,,ACI,,
54888,NRG Texas Power LLC,3470,W A Parish,TX,WAP6,OP,D,Y,N-034,4,2006,FD, , ,DP,TH,1979,NC,WA,,NC,,,ST, ,NP,DA,1999,MS,LN,SR,NC,,,FD,0.1,PB,NS,1979,ST,2015,BR,,,ACI,,
54888,NRG Texas Power LLC,3470,W A Parish,TX,WAP7,OP,D,Y,N-035,4,2006,FD, , ,DP,TH,1980,NC,WA,,NC,,,ST, ,NP,DA,1999,MS,LN,SR,NC,,,FD,0.1,PB,NS,1980,ST,2015,BR,,,ACI,,
54888,NRG Texas Power LLC,3470,W A Parish,TX,WAP8,OP,Da,Y,7704,6,2000,FD, ,1,DP,TH,1982,NC,WA,,NC,,,ST, ,NP,DA,1999,MS,LN,SR,NC,,,FD,0.03,PB,NS,1982,ST,2015,BR,,,ACI,,
54889,Carlyle/Riverstone Renewable Energy,10381,Coastal Carolina Clean Power,NC,1A,OP,N,,, , ,, , ,,, ,,,,,,,, ,,, ,,,,,,,, ,,, ,, ,,,,,,
54889,Carlyle/Riverstone Renewable Energy,10381,Coastal Carolina Clean Power,NC,1B,OP,N,,, , ,, , ,,, ,,,,,,,, ,,, ,,,,,,,, ,,, ,, ,,,,,,
54890,Russell City Energy Company LLC,56467,Russell City Energy Center,CA,HRSG1,OP,Db,Y,15487,11,2010,LO,0.0028, ,SB,OH,2013,NC,,,NC,,,LO,0.00735,NP,OH,2013,MS,LN,NH3,NC,,,LO,0.0036,PB,OH,2013,, ,,,,,,
54890,Russell City Energy Company LLC,56467,Russell City Energy Center,CA,HRSG2,OP,Db,Y,15487,11,2010,LO,0.0028, ,SB,OH,2013,NC,,,NC,,,LO,0.00735,NP,OH,2013,MS,LN,NH3,NC,,,LO,0.0036,PB,OH,2013,, ,,,,,,
54894,Roseburg Forest Products,56469,Roseburg Forest Products Biomass,CA,FW-1,OP,,,, , ,, , ,,, ,,,,,,,, ,,, ,,,,,,,, ,,, ,, ,,,,,,
54899,NAES Corporation - (DE),599,McKee Run,DE,1,OP,N,N,, , ,ST,0.05, ,SU,NV,1992,SS,UP,,SS,UP,,ST,0.3,NP,NV,1998,LA,UE,,LA,UE,,ST,0.075,PB,NV,1981,, ,,,,,,
54899,NAES Corporation - (DE),599,McKee Run,DE,2,OP,N,N,, , ,ST,0.05, ,SU,NV,1992,SS,UP,,SS,UP,,ST,0.3,NP,NV,1998,LA,UE,,LA,UE,,ST,0.075,PB,NV,1981,, ,,,,,,
54899,NAES Corporation - (DE),599,McKee Run,DE,3,OP,N,N,, , ,ST,0.05, ,SU,NV,1992,SS,UE,,SS,UE,,ST,0.307,NP,NV,1998,LA,OV,,LA,OV,,ST,0.075,PB,NV,1981,, ,,,,,,
54907,ReNu Power Holdings LLC,3443,Victoria,TX,6,RE,N,,, , ,ST, , ,SU,NV,1998,,,,,,,ST, ,NP,YR,2000,,,,,,,ST, ,OP,SM,1998,, ,,,,,,
54907,ReNu Power Holdings LLC,3443,Victoria,TX,8,RE,N,,, , ,ST, , ,,, ,,,,,,,ST, ,,, ,,,,,,,ST, ,,, ,, ,,,,,,
54907,ReNu Power Holdings LLC,3443,Victoria,TX,HRSG9,OP,Da,Y,80878,2,2007,ST,27.41,0,DH,OH,2009,NC,,,NC,,,ST,41,NH,OH,2009,AA,NH3,SR,NH3,,,ST,18.8,PH,OH,2009,, ,,,,,,
54915,"Dogwood Power Management, LLC",55178,Dogwood Energy Facility,MO,HRSG1,OP,Da,Y,042009-009,4,2009,, , ,,, ,,,,,,,ST,4,NM,MO,2002,NH3,SR,,NC,,,ST,0.015,PB,DT,2002,, ,,,,,,
54915,"Dogwood Power Management, LLC",55178,Dogwood Energy Facility,MO,HRSG2,OP,Da,Y,042009-009,4,2009,, , ,,, ,,,,,,,ST,4,NM,MO,2002,NH3,SR,,NC,,,ST,0.015,PB,DT,2002,, ,,,,,,
55269,NextEra Energy Duane Arnold LLC,1060,Duane Arnold Energy Center,IA,NSS1,OP,,,, , ,, , ,,, ,,,,,,,, ,,, ,,,,,,,, ,,, ,, ,,,,,,
55307,Colorado Energy Management,10682,Brush Generation Facility,CO,HR1,OP,Db,Y,96OPMR171,7,2002,ST,0.35,0,DC,MO,2002,NC,,,NC,,,FD, ,NH,YR,2002,LN,,,LN,,,ST,0.112,PB,YR,2002,, ,,,,,,
55307,Colorado Energy Management,10682,Brush Generation Facility,CO,HR2,OP,Db,Y,96OPMR153,2,2000,ST,0.35,0,DC,MO,1994,NC,,,NC,,,FD, ,NH,YR,1994,LN,,,LN,,,ST,0.113,PB,YR,1994,, ,,,,,,
55307,Colorado Energy Management,10682,Brush Generation Facility,CO,HR4,OP,Db,Y,00OPMR224,9,2002,ST,0.2,0,DC,MO,2002,NC,,,NC,,,FD, ,NH,YR,2002,LN,,,LN,,,ST,0.03,PB,YR,2002,, ,,,,,,
55307,Colorado Energy Management,10682,Brush Generation Facility,CO,HR5,OP,Db,Y,00OPMR224,9,2002,ST,0.2,0,DC,MO,2002,NC,,,NC,,,FD, ,NH,YR,2002,LN,,,LN,,,ST,0.03,PB,YR,2002,, ,,,,,,
55600,Cadillac Renewable Energy LLC,54415,Cadillac Renewable Energy,MI,101613,OP,N,,, , ,, , ,,, ,,,,,,,FD, ,,YR,2008,SN,,,MS,,,, ,,, ,FD,1993,,,,,,
55649,Ontelaunee Energy Center,55193,Ontelaunee Energy Center,PA,HRSG1,OP,,,, , ,, , ,,, ,,,,,,,, ,,, ,,,,,,,, ,,, ,, ,,,,,,
55649,Ontelaunee Energy Center,55193,Ontelaunee Energy Center,PA,HRSG2,OP,,,, , ,, , ,,, ,,,,,,,, ,,, ,,,,,,,, ,,, ,, ,,,,,,
55727,Orion Engineered Carbons,10072,Engineered Carbons Borger Cogen,TX,WHBOIL,OP,N,,, , ,, , ,,, ,,,,,,,, ,,, ,,,,,,,, ,,, ,, ,,,,,,
55727,Orion Engineered Carbons,10187,Engineered Carbons Echo Cogeneration,TX,COBOIL,OP,N,,, , ,, , ,,, ,,,,,,,, ,,, ,,,,,,,, ,,, ,, ,,,,,,
55729,Duke Energy Kentucky Inc,6018,East Bend,KY,2,OP,D,N,, , ,FD,1.2, ,DP,TH,1981,IF,,,NC,,,FD,0.5,NP,MO,1981,LN,OV,SR,NC,,,FD,0.1,PB,NV,1981,, ,,,,,,
55738,Verso Paper Androscoggin LLC,54085,Androscoggin Mill,ME,PB1,OS,N,,, , ,, , ,,, ,,,,,,,, ,,, ,,,,,,,, ,,, ,, ,,,,,,
55738,Verso Paper Androscoggin LLC,54085,Androscoggin Mill,ME,PB2,OS,N,,, , ,, , ,,, ,,,,,,,, ,,, ,,,,,,,, ,,, ,, ,,,,,,
55738,Verso Paper Androscoggin LLC,54085,Androscoggin Mill,ME,RB1,OP,N,,, , ,, , ,,, ,,,,,,,, ,,, ,,,,,,,, ,,, ,, ,,,,,,
55738,Verso Paper Androscoggin LLC,54085,Androscoggin Mill,ME,RB2,OP,N,,, , ,, , ,,, ,,,,,,,, ,,, ,,,,,,,, ,,, ,, ,,,,,,
55738,Verso Paper Androscoggin LLC,54085,Androscoggin Mill,ME,WFI,OP,N,,, , ,, , ,,, ,,,,,,,, ,,, ,,,,,,,, ,,, ,, ,,,,,,
55739,Edgecombe Operating Services LLC,10384,Edgecombe Genco LLC,NC,1A,OP,Da,Y,6563,7,1989,ST,0.31,1,DP,MO,1990,WA,,,NC,,,ST,0.6,NP,MO,1990,AA,,,NC,,,ST,0.02,PB,NS,1990,,2016,BP,SD,,BP,SD,
55739,Edgecombe Operating Services LLC,10384,Edgecombe Genco LLC,NC,1B,OP,Da,Y,6563,7,1989,ST,0.31,1,DP,MO,1990,WA,,,NC,,,ST,0.6,NP,MO,1990,AA,,,NC,,,ST,0.02,PB,NS,1990,,2016,BP,SD,,BP,SD,
55739,Edgecombe Operating Services LLC,10384,Edgecombe Genco LLC,NC,2A,OP,Da,Y,6563,7,1989,ST,0.31,1,DP,MO,1990,WA,,,NC,,,ST,0.6,NP,MO,1990,AA,,,NC,,,ST,0.02,PB,NS,1990,,2016,BP,SD,,BP,SD,
55739,Edgecombe Operating Services LLC,10384,Edgecombe Genco LLC,NC,2B,OP,Da,Y,6563,7,1989,ST,0.31,1,DP,MO,1990,WA,,,NC,,,ST,0.6,NP,MO,1990,AA,,,NC,,,ST,0.02,PB,NS,1990,,2016,BP,SD,,BP,SD,
55740,Spruance Genco LLC,54081,Spruance Genco LLC,VA,1A,OP,Da,Y,DTE-658-90,3,2006,ST,0.13,1,DP,TH,1992,NC,,,NC,,,ST,0.3,NP,MO,1992,AA,,,AA,,,ST,0.02,PB,NS,1992,ST,1992,SD,,,SD,,
55740,Spruance Genco LLC,54081,Spruance Genco LLC,VA,1B,OP,Da,Y,DTE-658-90,3,2006,ST,0.13,1,DP,TH,1992,NC,,,NC,,,ST,0.3,NP,MO,1992,AA,,,AA,,,ST,0.02,PB,NS,1992,ST,1992,SD,,,SD,,
55740,Spruance Genco LLC,54081,Spruance Genco LLC,VA,2A,OP,Da,Y,DTE-658-90,3,2006,ST,0.13,1,DP,TH,1992,NC,,,NC,,,ST,0.3,NP,MO,1992,AA,,,AA,,,ST,0.02,PB,NS,1992,ST,1992,SD,,,SD,,
55740,Spruance Genco LLC,54081,Spruance Genco LLC,VA,2B,OP,Da,Y,DTE-658-90,3,2006,ST,0.13,1,DP,TH,1992,NC,,,NC,,,ST,0.3,NP,MO,1992,AA,,,AA,,,ST,0.02,PB,NS,1992,ST,1992,SD,,,SD,,
55740,Spruance Genco LLC,54081,Spruance Genco LLC,VA,3A,OP,Da,Y,DTE-658-90,3,2006,ST,0.13,1,DP,TH,1992,NC,,,NC,,,ST,0.3,NP,MO,1992,AA,,,AA,,,ST,0.02,PB,NS,1992,ST,1992,SD,,,SD,,
55740,Spruance Genco LLC,54081,Spruance Genco LLC,VA,3B,OP,Da,Y,DTE-658-90,3,2006,ST,0.13,1,DP,TH,1992,NC,,,NC,,,ST,0.3,NP,MO,1992,AA,,,AA,,,ST,0.02,PB,NS,1992,ST,1992,SD,,,SD,,
55740,Spruance Genco LLC,54081,Spruance Genco LLC,VA,4A,OP,Da,Y,DTE-658-90,3,2006,ST,0.13,1,DP,TH,1992,NC,,,NC,,,ST,0.3,NP,MO,1992,AA,,,AA,,,ST,0.02,PB,NS,1992,ST,1992,SD,,,SD,,
55740,Spruance Genco LLC,54081,Spruance Genco LLC,VA,4B,OP,Da,Y,DTE-658-90,3,2006,ST,0.13,1,DP,TH,1992,NC,,,NC,,,ST,0.3,NP,MO,1992,AA,,,AA,,,ST,0.02,PB,NS,1992,ST,1922,SD,,,SD,,
55768,RC Cape May Holdings LLC,2378,B L England,NJ,1,OP,N,N,, , ,ST, ,0,DH,MO,2004,SS,,,OT,,,ST, ,NP,DA,2012,SN,OV,,OT,,,ST,130,PH,OH,1981,ST,2013,ACI,,,ACI,,
55768,RC Cape May Holdings LLC,2378,B L England,NJ,2,OP,N,N,, , ,ST, ,1,DP,DA,2010,IF,,,RP,,,ST, ,NP,DA,2012,SN,OV,,RP,,,ST,160,PH,OH,1982,ST,2008,ACI,,,ACI,,
55768,RC Cape May Holdings LLC,2378,B L England,NJ,3,OP,N,N,, , ,ST, ,0,DH,OH,1979,SS,,,RP,,,ST, ,NP,DA,1995,SN,,,RP,,,ST,172,PH,OH,1974,ST,2017,ND,,,ND,,
55771,KapStone Kraft Paper Corp,50254,KapStone Kraft Paper Corp,NC,1PB,OP,N,,, , ,ST, , ,,, ,,,,,,,ST,0.8,OT,OH, ,MS,UE,,MS,UE,,ST,0.19,OT,, ,ST,2014,VE,,,VE,,
55771,KapStone Kraft Paper Corp,50254,KapStone Kraft Paper Corp,NC,2PB,OP,N,,, , ,, , ,,, ,,,,,,,ST,0.1,OT,OH, ,,,,NC,,,, ,,, ,, ,,,,,,
55771,KapStone Kraft Paper Corp,50254,KapStone Kraft Paper Corp,NC,3PB,RE,N,,, , ,, , ,,, ,,,,,,,, ,,, ,,,,,,,, ,,, ,, ,,,,,,
55771,KapStone Kraft Paper Corp,50254,KapStone Kraft Paper Corp,NC,4PB,OP,Dc,,, , ,, , ,,, ,,,,,,,FD,0.1,OT,OH,2012,UE,,,UE,,,, ,,, ,, ,,,,,,
55771,KapStone Kraft Paper Corp,50254,KapStone Kraft Paper Corp,NC,7RB,OP,,,, , ,, , ,,, ,,,,,,,, ,,, ,NP,,,NP,,,, ,,, ,, ,,,,,,
55773,"Dighton Power, LLC",55026,Dighton Power Plant,MA,HRSG,OP,,,, , ,, , ,,, ,,,,,,,, ,,, ,,,,,,,, ,,, ,, ,,,,,,
55793,Fusion Paperboard Connecticut LLC,54657,Versailles Mill,CT,PFINO1,OP,,,, , ,, , ,,, ,,,,,,,, ,,, ,,,,,,,, ,,, ,, ,,,,,,
55807,Niagara Generation LLC,50202,WPS Power Niagara,NY,1,OP,N,N,, , ,FD, , ,DP,MO, ,CF,,,CF,,,FD, ,NP,MO, ,SN,,,SN,,,FD, ,PB,PS, ,FD, ,BP,,,BP,,
55808,Westmoreland Partners,54035,Roanoke Valley Energy Facililty I,NC,BLR1,OP,Db,Y,06964T17,6,2007,ST,0.213,1,DP,MO,1993,NC,,,NC,,,ST,0.33,NP,MO,1993,NC,,,NC,,,ST,0.02,PB,SM,1993,ST,2015,BS,CD,,BS,CD,
55808,Westmoreland Partners,54755,Roanoke Valley Energy Facility II,NC,BLR2,OP,N,,, , ,, , ,,, ,,,,,,,ST,0.17,NP,MO,1995,NC,,,NC,,,, ,,, ,ST,2015,BP,,,,,
55839,Domtar Paper Company LLC,55429,Kentucky Mills,KY,3REC,OP,,,, , ,, , ,,, ,,,,,,,ST,150,NM,PS,1984,LA,,,MS,,,, ,,, ,, ,,,,,,
55839,Domtar Paper Company LLC,55429,Kentucky Mills,KY,4REC,OP,,,, , ,, , ,,, ,,,,,,,ST,110,NM,PS,1997,LA,,,MS,,,, ,,, ,, ,,,,,,
55839,Domtar Paper Company LLC,55429,Kentucky Mills,KY,BFB,OP,,,, , ,, , ,,, ,,,,,,,ST,0.25,NP,MO,1998,LA,LN,CF,MS,,,, ,,, ,FD,2016,ND,,,ND,,
55840,EWP RENEWABLE CORP.,10839,DG Whitefield LLC,NH,BLR1,OP,,,, , ,, , ,,, ,,,,,,,FD,0.33,NP,NV,2004,SR,,,SR,,,, ,,, ,, ,,,,,,
55843,Dynegy Morro Bay LLC,259,Dynegy Morro Bay LLC,CA,1,OS,N,N,, , ,ST, ,0,DM,NV,1974,NC,,,NC,,,LO, ,NM,OH,1993,ND,,,ND,,,ST,0.3,PC,OH,1971,, ,,,,,,
55843,Dynegy Morro Bay LLC,259,Dynegy Morro Bay LLC,CA,2,OS,N,N,, , ,ST, ,0,DM,NV,1974,NC,,,NC,,,LO, ,NM,OH,1993,ND,,,ND,,,ST,0.3,PC,OH,1971,, ,,,,,,
55843,Dynegy Morro Bay LLC,259,Dynegy Morro Bay LLC,CA,3,OS,N,N,, , ,ST, ,0,DM,NV,1974,NC,,,NC,,,LO, ,NM,OH,1993,ND,,,ND,,,ST,0.3,PC,OH,1971,, ,,,,,,
55843,Dynegy Morro Bay LLC,259,Dynegy Morro Bay LLC,CA,4,OS,N,N,, , ,ST, ,0,DM,NV,1974,NC,,,NC,,,LO, ,NM,OH,1993,ND,,,ND,,,ST,0.3,PC,OH,1971,, ,,,,,,
55845,CAMS Mackinaw Power Operations LLC,55406,Effingham County Power Project,GA,HRSG1,OP,,,, , ,, , ,,, ,,,,,,,, ,,, ,,,,,,,, ,,, ,, ,,,,,,
55845,CAMS Mackinaw Power Operations LLC,55406,Effingham County Power Project,GA,HRSG2,OP,,,, , ,, , ,,, ,,,,,,,, ,,, ,,,,,,,, ,,, ,, ,,,,,,
55849,Domtar Paper Co LLC Kingsport Mill,10252,Domtar Kingsport Mill,TN,7,RE,N,,, , ,, , ,,, ,,,,,,,, ,,, ,,,,,,,, ,,, ,, ,,,,,,
55849,Domtar Paper Co LLC Kingsport Mill,10252,Domtar Kingsport Mill,TN,REC 2,OP,,,, , ,, , ,,, ,,,,,,,ST,553,OT,YR,2002,OV,,,MS,,,, ,,, ,, ,,,,,,
55849,Domtar Paper Co LLC Kingsport Mill,10252,Domtar Kingsport Mill,TN,THB,OP,N,,, , ,, , ,,, ,,,,,,,ST,1238,OT,YR,1998,CF,FR,OV,MS,,,, ,,, ,ST,1998,EW,,,,,
55850,Thermal Energy Development Part LP,10502,Thermal Energy Development Part LP,CA,02,OP,N,,, , ,, , ,,, ,,,,,,,FD,27.2,NH,NV,1990,SN,NH3,,SN,LA,STM,, ,,, ,FD,2016,EC,DSI,,ND,,
55852,Las Vegas Power Company LLC,55514,Apex Generating Station,NV,CTG01,OP,Da,Y,1520,10,2007,LO, , ,DH,OH,2003,NC,,,NC,,,LO, ,NH,OH,2003,MS,,,MS,,,LO,13,PH,OH,2003,LO,2003,,,,,,
55852,Las Vegas Power Company LLC,55514,Apex Generating Station,NV,CTG02,OP,Da,N,, , ,LO, , ,DH,OH,2003,NC,,,NC,,,LO, ,NH,OH,2003,MS,,,MS,,,LO,13,PH,OH,2003,LO,2003,,,,,,
55861,Sandy Creek Energy Associates  L P,56611,Sandy Creek Energy Station,TX,S01,OP,Db,Y,PSD-TX-1039,7,2006,FD,0.1, ,DP,YR,2012,IF,,,IF,,,FD,0.05,NP,YR,2012,LN,OV,SR,LN,OV,SR,FD,0.03,PB,YR,2012,FD,2013,ACI,BP,SD,ACI,BP,SD
55863,Evergreen Packaging Inc,10627,Pine Bluff Mill,AR,BB1,OP,N,,, , ,, , ,,, ,,,,,,,FD,137.3,NH,PS,1999,MS,,,,,,, ,,, ,ST,1999,,,,,,
55863,Evergreen Packaging Inc,10627,Pine Bluff Mill,AR,PB1,OP,N,,, , ,, , ,,, ,,,,,,,FD,337.7,NH,PS,1999,MS,,,,,,, ,,, ,ST,1999,,,,,,
55863,Evergreen Packaging Inc,10627,Pine Bluff Mill,AR,PB2,RE,N,,, , ,, , ,,, ,,,,,,,FD,337.7,NH,PS,1999,MS,,,,,,, ,,, ,ST,1999,,,,,,
55863,Evergreen Packaging Inc,10627,Pine Bluff Mill,AR,RB2,OP,N,,, , ,, , ,,, ,,,,,,,FD,109.8,NH,PS,1999,MS,,,,,,, ,,, ,ST,1999,EW,,,,,
55863,Evergreen Packaging Inc,10627,Pine Bluff Mill,AR,RB3,OP,N,,, , ,, , ,,, ,,,,,,,FD,109.8,NH,PS,1999,MS,,,,,,, ,,, ,ST,1999,EW,,,,,
55863,Evergreen Packaging Inc,10627,Pine Bluff Mill,AR,RB4,OP,N,,, , ,, , ,,, ,,,,,,,FD,297.8,NH,PS,1999,MS,,,,,,, ,,, ,ST,1999,EW,,,,,
55867,NewPage Corp-Escanaba,10208,Escanaba Mill,MI,10,OP,N,Y,MI-ROP-A0884-2008,7,2008,FD, , ,DM,NS,1984,NC,,,ND,,,FD, ,NM,NS,1984,AA,,,MS,,,FD,0.03,PC,NS,1984,ST,1984,,,,ND,,
55867,NewPage Corp-Escanaba,10208,Escanaba Mill,MI,11,OP,Db,Y,MI-ROP-A0884-2008,7,2008,FD, , ,DP,OT,1986,SS,,,ND,,,FD, ,NP,MO,1986,OV,,,MS,,,FD,0.06,PB,NS,1986,ST,1984,,,,ND,,
55867,NewPage Corp-Escanaba,10208,Escanaba Mill,MI,7,OP,N,Y,MI-ROP-A0884-2008,7,2008,, , ,,, ,,,,ND,,,, ,,, ,OV,,,MS,,,, ,,, ,ST,1984,,,,ND,,
55867,NewPage Corp-Escanaba,10208,Escanaba Mill,MI,8,OP,Db,Y,MI-ROP-A0884-2008,7,2008,, , ,,, ,,,,ND,,,ST, ,NP,OT,1978,OV,,,MS,,,, ,,, ,ST,1984,,,,ND,,
55867,NewPage Corp-Escanaba,10208,Escanaba Mill,MI,9,OP,D,Y,MI-ROP-A0884-2008,7,2008,, , ,,, ,,,,ND,,,ST, ,NP,OT,2004,OV,,,MS,,,ST,0.5,PG,NS,1972,ST,1984,,,,ND,,
55871,"GCS Energy Recovery of Pinellas, Inc",50884,Pinellas County Resource Recovery Facility,FL,B101,OP,N,,, , ,, , ,,, ,,,,,,,, ,,, ,SN,,,,,,, ,,, ,, ,,,,,,
55871,"GCS Energy Recovery of Pinellas, Inc",50884,Pinellas County Resource Recovery Facility,FL,B102,OP,N,,, , ,, , ,,, ,,,,,,,, ,,, ,SN,,,,,,, ,,, ,, ,,,,,,
55871,"GCS Energy Recovery of Pinellas, Inc",50884,Pinellas County Resource Recovery Facility,FL,B103,OP,N,,, , ,, , ,,, ,,,,,,,, ,,, ,SN,,,,,,, ,,, ,, ,,,,,,
55879,Optim Energy LLC,50815,Optim Energy Altura Cogen LLC,TX,HRB1,OP,Db,Y,"9241A, PSD-TX-493M4",9,2002,ST,2,0,DH,NV,2002,NC,,,NC,,,ST,24.63,NH,NV,2002,LN,,,MS,,,ST,14.7,PH,NV,2002,, ,,,,,,
55879,Optim Energy LLC,50815,Optim Energy Altura Cogen LLC,TX,HRB2,OP,Db,Y,"9241A,PSD-TX-493M4",12,1985,ST,2,0,DH,NV,2002,NC,,,NC,,,ST,24.63,NH,NV,2002,LN,,,MS,,,ST,14.7,PH,NV,2002,, ,,,,,,
55893,St Paul Cogeneration LLC,56643,St Paul Cogeneration,MN,7,OP,,,, , ,, , ,,, ,,,,,,,ST,0.15,NP,MO,2003,SN,,,MS,,,FD,0.03,PB,, ,FD,2003,EW,OT,,EW,OT,
55899,Calpine Bosque Energy Center LLC,55172,Bosque County Peaking,TX,HRSG1,OP,N,Y,40620,2,2009,FD, , ,DP,OH,2009,NC,,,NC,,,FD, ,NM,OH,2009,LN,SR,,NC,,,, ,,, ,, ,,,,,,
55899,Calpine Bosque Energy Center LLC,55172,Bosque County Peaking,TX,HRSG2,OP,N,Y,40620,2,2009,FD, , ,DP,OH,2009,NC,,,NC,,,FD, ,NM,OH,2009,LN,SR,,NC,,,, ,,, ,, ,,,,,,
55899,Calpine Bosque Energy Center LLC,55172,Bosque County Peaking,TX,HRSG3,OP,N,N,40620, , ,FD, , ,DP,OH,2001,NC,,,NC,,,FD, ,NM,OH,2001,LN,,,NC,,,, ,,, ,, ,,,,,,
55903,Domtar Paper Company LLC,50189,Domtar Paper Co LLC Plymouth NC,NC,1CB,RE,N,N,, , ,ST, , ,DP,TH,1966,,,,,,,ST, ,NP,TH,1967,,,,,,,ST,0.2053,PB,TH,1965,, ,,,,,,
55903,Domtar Paper Company LLC,50189,Domtar Paper Co LLC Plymouth NC,NC,1HFB,OP,D,N,, , ,FD, , ,DP,TH,1982,NC,,,NC,,,FD,0.2,NH,TH,1982,OV,,,NC,,,FD,0.1,PB,TH,1982,ST,2014,,,,,,
55903,Domtar Paper Company LLC,50189,Domtar Paper Co LLC Plymouth NC,NC,2HFB,OP,D,N,, , ,FD, , ,DP,TH,1982,NC,,,NC,,,FD,0.2,NP,TH,1982,,,,NC,,,FD,0.1,PB,TH,1982,ST,2014,,,,,,
55903,Domtar Paper Company LLC,50189,Domtar Paper Co LLC Plymouth NC,NC,5REC,OP,N,N,, , ,FD, , ,DM,DA,1965,NC,,,NC,,,FD, ,NM,TH,1965,,,,NC,,,FD,0.04,PC,TH,2001,, ,,,,,,
55903,Domtar Paper Company LLC,50189,Domtar Paper Co LLC Plymouth NC,NC,PKG,RE,Db,N,, , ,FD, , ,DP,TH,1997,OT,,,NC,,,FD, ,NP,TH,1997,FR,LN,,NC,,,FD,0.05,PB,TH,1997,, ,,,,,,
55906,NextEra Energy Point Beach LLC,4046,Point Beach Nuclear Plant,WI,GT,OP,,,, , ,, , ,,, ,,,,,,,, ,,, ,,,,,,,, ,,, ,, ,,,,,,
55906,NextEra Energy Point Beach LLC,4046,Point Beach Nuclear Plant,WI,NSS1,OP,,,, , ,, , ,,, ,,,,,,,, ,,, ,,,,,,,, ,,, ,, ,,,,,,
55906,NextEra Energy Point Beach LLC,4046,Point Beach Nuclear Plant,WI,NSS2,OP,,,, , ,, , ,,, ,,,,,,,, ,,, ,,,,,,,, ,,, ,, ,,,,,,
55911,Whitewater Operating Services LLC,55011,LSP-Whitewater LP,WI,1,OP,Db,Y,128085210-P10,6,2010,ST,1.1, ,DH,PS,1997,OT,,,NC,,,ST,4.5,NM,OH,1997,LN,NH3,H20,NC,,,ST,9.7,PH,OH,1997,, ,,,,,,
55912,Cottage Grove Operating Services LLC,55010,LSP-Cottage Grove LP,MN,1,OP,Da,Y,16300087-006,6,2013,ST,59.6,0,DH,DA,1997,WA,,,WA,,,ST,4.5,NM,OH,1997,SR,NH3,,SR,NH3,,ST,73.3,PH,DA,1997,, ,,,,,,
55914,GE Energy Financial Services,50799,Parlin Power Plant,NJ,WH 1,OP,Dc,,, , ,ST, , ,,, ,,,,,,,ST,0.054,NP,OT,1991,LN,SR,MS,MS,,,ST, ,,, ,, ,,,,,,
55914,GE Energy Financial Services,50799,Parlin Power Plant,NJ,WH 2,OP,Dc,,, , ,ST, , ,,, ,,,,,,,ST,0.054,NP,OT,1991,LN,SR,MS,MS,,,ST, ,,, ,, ,,,,,,
55919,Georgia-Pacific Consr Prods LP-Green Bay,10360,Green Bay West Mill,WI,B24,RE,N,N,, , ,ST, , ,DP,DA,1998,,,,,,,, ,,, ,,,,,,,ST,0.3,PB,PS,1998,, ,,,,,,
55919,Georgia-Pacific Consr Prods LP-Green Bay,10360,Green Bay West Mill,WI,B25,RE,N,N,, , ,ST, , ,DP,DA,1998,,,,,,,, ,,, ,,,,,,,ST,0.3,PB,PS,1998,, ,,,,,,
55919,Georgia-Pacific Consr Prods LP-Green Bay,10360,Green Bay West Mill,WI,B26,OP,N,N,, , ,ST,4.55,0,DP,DA,1998,SS,,,SS,,,, ,,, ,,,,,,,ST,0.3,PB,PS,1998,ST,1998,BP,,,BP,,
55919,Georgia-Pacific Consr Prods LP-Green Bay,10360,Green Bay West Mill,WI,B27,OP,N,N,, , ,ST,4.55,0,DP,DA,1998,SS,,,SS,,,, ,,, ,,,,,,,ST,0.3,PB,PS,1998,ST,1998,BP,,,BP,,
55919,Georgia-Pacific Consr Prods LP-Green Bay,10360,Green Bay West Mill,WI,B28,OP,N,N,, , ,ST,4.55,0,DP,DA,1998,SS,,,SS,,,, ,,, ,,,,,,,ST,0.15,PB,PS,1998,, ,,,,,,
55919,Georgia-Pacific Consr Prods LP-Green Bay,10360,Green Bay West Mill,WI,B29,OP,Db,N,, , ,ST,0.7,1,DP,TH,1998,CF,,,CF,,,ST,0.49,NP,TH,1998,CF,,,CF,,,ST,0.05,PB,PS,1998,ST,1998,BP,,,BP,,
55924,GenPower,56671,Longview Power LLC,WV,UHA01,OP,Db,Y,R14-0024D,5,2011,ST,581,1,DP,YR,2011,NC,,,NC,,,ST,397,NP,YR,2011,NC,,,NC,,,ST,0.015,PB,NV,2011,FD,2012,TR,,,TR,,
55925,Novo Biopower LLC,56616,Novo BioPower Plant,AZ,4PB,OP,,,, , ,, , ,,, ,,,,,,,, ,,, ,,,,,,,, ,,, ,, ,,,,,,
55927,Power4Georgians LLC,56675,Plant Washington,GA,MAIN,PL,,,, , ,, , ,,, ,,,,,,,, ,,, ,,,,,,,, ,,, ,, ,,,,,,
55932,Georgia-Pacific Brewton LLC,54789,Georgia-Pacific Brewton Mill,AL,1PB,OP,N,,, , ,, , ,,, ,,,,,,,, ,,, ,,,,,,,, ,,, ,, ,,,,,,
55932,Georgia-Pacific Brewton LLC,54789,Georgia-Pacific Brewton Mill,AL,1RB,OP,N,,, , ,, , ,,, ,,,,,,,, ,,, ,,,,,,,, ,,, ,, ,,,,,,
55932,Georgia-Pacific Brewton LLC,54789,Georgia-Pacific Brewton Mill,AL,2PB,OP,N,,, , ,, , ,,, ,,,,,,,, ,,, ,,,,,,,, ,,, ,FD,2013,,,,,,
55932,Georgia-Pacific Brewton LLC,54789,Georgia-Pacific Brewton Mill,AL,2RB,OP,,,, , ,, , ,,, ,,,,,,,, ,,, ,,,,,,,, ,,, ,, ,,,,,,
55932,Georgia-Pacific Brewton LLC,54789,Georgia-Pacific Brewton Mill,AL,3PB,OP,,,, , ,, , ,,, ,,,,,,,FD,0.7,NP,PS,1981,MS,LN,OV,MS,,,, ,,, ,FD,2013,,,,,,
55932,Georgia-Pacific Brewton LLC,54789,Georgia-Pacific Brewton Mill,AL,3RB,OP,,,, , ,, , ,,, ,,,,,,,FD,104,NH,PS,2002,MS,LN,,MS,,,, ,,, ,, ,,,,,,
55932,Georgia-Pacific Brewton LLC,54789,Georgia-Pacific Brewton Mill,AL,4RB,CO,,,, , ,, , ,,, ,,,,,,,, ,,, ,,,,,,,, ,,, ,, ,,,,,,
55936,Entergy Gulf States - LA LLC,1391,Louisiana 1,LA,1A,OP,N,Y,PSD-LA-538(M-4),12,2013,ST,2000, ,DM,TH,1954,NC,,,NC,,,ST,0.1482,NP,MO,1954,NC,,,NC,,,ST,0.6,PB,OH,1954,, ,,,,,,
55936,Entergy Gulf States - LA LLC,1391,Louisiana 1,LA,2A,OP,N,Y,PSD-LA-538(M-4),12,2013,ST,2000, ,DM,TH,1954,NC,,,NC,,,ST,0.01482,NP,MO,1954,NC,,,NC,,,ST,0.6,PB,OH,1954,, ,,,,,,
55936,Entergy Gulf States - LA LLC,1391,Louisiana 1,LA,3A,OP,N,Y,PSD-LA-538(M-4),12,2013,ST,2000, ,DM,TH,1953,NC,,,NC,,,ST,0.1482,NP,MO,1953,NC,,,NC,,,ST,0.6,PB,OH,1953,, ,,,,,,
55936,Entergy Gulf States - LA LLC,1391,Louisiana 1,LA,4A,OP,Db,Y,PSD-LA-538(M-4),12,2013,ST,2000, ,DM,TH,1987,NC,,,NC,,,ST,0.197,NP,MO,1987,H20,,,NC,,,ST,0.6,PB,OH,1987,, ,,,,,,
55936,Entergy Gulf States - LA LLC,1391,Louisiana 1,LA,5A,OP,Db,Y,PSD-LA-538(M-4),12,2013,ST,2000, ,DM,TH,1999,NC,,,NC,,,ST,0.055,NP,MO,1999,NC,,,NC,,,ST,0.6,PB,OH,1999,, ,,,,,,
55936,Entergy Gulf States - LA LLC,1391,Louisiana 1,LA,9,OP,N,N,, , ,ST,2000, ,DM,TH,1949,NC,,,NC,,,, ,NH,NV,1949,,,,,,,ST,0.6,PB,OH,1949,, ,,,,,,
55936,Entergy Gulf States - LA LLC,1392,Louisiana 2,LA,10,OS,N,N,, , ,ST, , ,DH,NV,1950,NC,,,NC,,,ST, ,NH,NV,1950,NC,,,NC,,,ST,43.9,PH,NV,1950,, ,,,,,,
55936,Entergy Gulf States - LA LLC,1392,Louisiana 2,LA,11,OS,N,N,, , ,ST, , ,DH,NV,1950,NC,,,NC,,,ST, ,NH,NV,1950,NC,,,NC,,,ST,43.9,PH,NV,1950,, ,,,,,,
55936,Entergy Gulf States - LA LLC,1392,Louisiana 2,LA,12,OS,N,N,, , ,ST, , ,DH,NV,1953,NC,,,NC,,,ST, ,NH,NV,1953,NC,,,NC,,,ST,65.8,PH,NV,1953,, ,,,,,,
55936,Entergy Gulf States - LA LLC,1393,R S Nelson,LA,1A,OP,Db,Y,PSD-LA-557(M-1),1,2012,FD,1.2, ,DP,MO,1992,NC,,,NC,,,FD,0.6,NP,MO,1992,CF,,,NC,,,ST,0.051,PB,MO,1992,FD,2014,EH,,,EH,ACI,OT
55936,Entergy Gulf States - LA LLC,1393,R S Nelson,LA,2A,OP,Db,Y,PSD-LA-557(M-1),1,2012,FD,1.2, ,DP,MO,1992,NC,,,NC,,,FD,0.6,NP,MO,1992,CF,,,NC,,,ST,0.051,PB,MO,1992,FD,2014,BP,,,BP,,
55936,Entergy Gulf States - LA LLC,1393,R S Nelson,LA,3,OP,N,N,, , ,ST,2000, ,DM,TH,1960,NC,,,NC,,,, ,NH,, ,OT,,,,,,ST,0.6,PB,NV,1960,, ,,,,,,
55936,Entergy Gulf States - LA LLC,1393,R S Nelson,LA,4,OP,D,N,, , ,FD,0.8, ,SU,NV,1970,NC,,,NC,,,FD,0.2,NP,MO,1970,FR,,,NC,,,FD,0.1,PB,DA,1970,, ,,,,,,
55936,Entergy Gulf States - LA LLC,1393,R S Nelson,LA,6,OP,D,N,, , ,FD,1.2, ,DP,TH,1982,OT,,,NC,,,FD,0.7,NP,TH,1982,OV,OT,,NC,,,FD,0.1,PB,DA,1982,FD,2016,EH,,,EH,ACI,
55936,Entergy Gulf States - LA LLC,1394,Willow Glen,LA,1,SB,N,N,, , ,ST,2000, ,DM,TH,1960,NC,,,NC,,,ST,14.19,OT,NV,1960,NC,,,NC,,,ST,0.6,PB,NV,1960,, ,,,,,,
55936,Entergy Gulf States - LA LLC,1394,Willow Glen,LA,2,OP,N,N,, , ,ST,2000, ,DM,TH,1964,NC,,,NC,,,ST,14.19,OT,NV,1964,NC,,,NC,,,ST,0.6,PB,NV,1964,, ,,,,,,
55936,Entergy Gulf States - LA LLC,1394,Willow Glen,LA,3,OS,D,Y,229,11,1984,ST, , ,DH,NV,1968,NC,,,NC,,,ST, ,NH,NV,1968,NC,,,NC,,,ST,590,PH,NV,1968,, ,,,,,,
55936,Entergy Gulf States - LA LLC,1394,Willow Glen,LA,4,OP,N,N,, , ,ST,2000, ,DM,TH,1973,NC,,,NC,,,ST,14.19,OT,NV,1973,NC,,,NC,,,ST,0.6,PB,NV,1973,, ,,,,,,
55936,Entergy Gulf States - LA LLC,1394,Willow Glen,LA,5,OP,N,N,, , ,ST, , ,DH,NV,1975,NC,,,NC,,,ST, ,NH,NV,1975,NC,,,NC,,,ST,421.36,PH,NV,1975,, ,,,,,,
55936,Entergy Gulf States - LA LLC,6462,River Bend,LA,NSS1,OP,,,, , ,, , ,,, ,,,,,,,, ,,, ,,,,,,,, ,,, ,, ,,,,,,
55937,Entergy Texas Inc.,3457,Lewis Creek,TX,1,OP,N,N,, , ,ST, , ,DM,NV,1970,NC,,,NC,,,ST,0.03,NP,MO,2005,SR,,,NC,,,ST,0.1,PB,NV,1970,, ,,,,,,
55937,Entergy Texas Inc.,3457,Lewis Creek,TX,2,OP,N,N,, , ,ST, , ,DM,NV,1971,NC,,,NC,,,ST,0.03,NP,MO,2005,SR,,,NC,,,ST,0.1,PB,NV,1971,, ,,,,,,
55937,Entergy Texas Inc.,3459,Sabine,TX,1,OP,N,N,, , ,ST, , ,,,1962,NC,,,NC,,,ST,0.1,NP,DA,2005,NC,MS,,NC,,,ST,0.1,PB,NV,1962,, ,,,,,,
55937,Entergy Texas Inc.,3459,Sabine,TX,2,OP,N,N,, , ,ST, , ,DM,YR,1962,NC,,,NC,,,ST,0.1,NP,DA,2005,FR,,,NC,,,ST,0.1,PB,NV,1962,, ,,,,,,
55937,Entergy Texas Inc.,3459,Sabine,TX,3,OP,N,N,, , ,ST, , ,DM,YR,1966,NC,,,NC,,,ST,0.1,NP,DA,2005,FR,,,NC,,,ST,0.1,PB,NV,1966,, ,,,,,,
55937,Entergy Texas Inc.,3459,Sabine,TX,4,OP,N,N,, , ,ST, , ,DM,YR,1974,NC,,,NC,,,ST,0.1,NP,DA,2005,FR,,,NC,,,ST,0.1,PB,NV,1974,, ,,,,,,
55937,Entergy Texas Inc.,3459,Sabine,TX,5,OP,D,Y,719,6,1988,ST,0.32, ,SU,YR,1981,NC,,,NC,,,ST,0.1,NP,DA,2005,LN,BO,,NC,,,ST,0.1,PB,NV,1981,, ,,,,,,
55951,Exelon Nuclear,204,Clinton Power Station,IL,NSS1,OP,,,, , ,, , ,,, ,,,,,,,, ,,, ,,,,,,,, ,,, ,, ,,,,,,
55951,Exelon Nuclear,869,Dresden Generating Station,IL,NSS2,OP,,,, , ,, , ,,, ,,,,,,,, ,,, ,,,,,,,, ,,, ,, ,,,,,,
55951,Exelon Nuclear,869,Dresden Generating Station,IL,NSS3,OP,,,, , ,, , ,,, ,,,,,,,, ,,, ,,,,,,,, ,,, ,, ,,,,,,
55951,Exelon Nuclear,880,Quad Cities Generating Station,IL,NSS1,OP,,,, , ,, , ,,, ,,,,,,,, ,,, ,,,,,,,, ,,, ,, ,,,,,,
55951,Exelon Nuclear,880,Quad Cities Generating Station,IL,NSS2,OP,,,, , ,, , ,,, ,,,,,,,, ,,, ,,,,,,,, ,,, ,, ,,,,,,
55951,Exelon Nuclear,2388,Oyster Creek,NJ,NSS1,OP,,,, , ,, , ,,, ,,,,,,,, ,,, ,,,,,,,, ,,, ,, ,,,,,,
55951,Exelon Nuclear,3166,Peach Bottom,PA,NSS2,OP,,,, , ,, , ,,, ,,,,,,,, ,,, ,,,,,,,, ,,, ,, ,,,,,,
55951,Exelon Nuclear,3166,Peach Bottom,PA,NSS3,OP,,,, , ,, , ,,, ,,,,,,,, ,,, ,,,,,,,, ,,, ,, ,,,,,,
55951,Exelon Nuclear,6022,Braidwood Generation Station,IL,NSS1,OP,,,, , ,, , ,,, ,,,,,,,, ,,, ,,,,,,,, ,,, ,, ,,,,,,
55951,Exelon Nuclear,6022,Braidwood Generation Station,IL,NSS2,OP,,,, , ,, , ,,, ,,,,,,,, ,,, ,,,,,,,, ,,, ,, ,,,,,,
55951,Exelon Nuclear,6023,Byron Generating Station,IL,NSS1,OP,,,, , ,, , ,,, ,,,,,,,, ,,, ,,,,,,,, ,,, ,, ,,,,,,
55951,Exelon Nuclear,6023,Byron Generating Station,IL,NSS2,OP,,,, , ,, , ,,, ,,,,,,,, ,,, ,,,,,,,, ,,, ,, ,,,,,,
55951,Exelon Nuclear,6026,LaSalle Generating Station,IL,NSS1,OP,,,, , ,, , ,,, ,,,,,,,, ,,, ,,,,,,,, ,,, ,, ,,,,,,
55951,Exelon Nuclear,6026,LaSalle Generating Station,IL,NSS2,OP,,,, , ,, , ,,, ,,,,,,,, ,,, ,,,,,,,, ,,, ,, ,,,,,,
55951,Exelon Nuclear,6105,Limerick,PA,NSS1,OP,,,, , ,, , ,,, ,,,,,,,, ,,, ,,,,,,,, ,,, ,, ,,,,,,
55951,Exelon Nuclear,6105,Limerick,PA,NSS2,OP,,,, , ,, , ,,, ,,,,,,,, ,,, ,,,,,,,, ,,, ,, ,,,,,,
55951,Exelon Nuclear,8011,Three Mile Island,PA,NSS1,OP,,,, , ,, , ,,, ,,,,,,,, ,,, ,,,,,,,, ,,, ,, ,,,,,,
55952,Merced Power LLC,56707,El Nido Facility,CA,SD200,OP,Db,,, , ,LO, , ,,, ,,,,,,,LO,14.8,NH,DA,2008,NH3,SN,,MS,,,LO,20,OP,, ,, ,,,,,,
55953,Ampersand Chowchilla Biomass LLC,56706,Ampersand Chowchilla Biomass LLC,CA,SD200,OP,,,, , ,LO, , ,,, ,,,,,,,LO,14.8,NH,DA,2008,NH3,SN,,NC,,,,20,OP,, ,, ,,,,,,
55960,GreenHunter Energy Inc,50363,Mesquite Resource Recovery Project,CA,B201,OS,,,, , ,, , ,,, ,,,,,,,, ,,, ,,,,,,,, ,,, ,, ,,,,,,
55965,NewPage Corporation,10234,Biron Mill,WI,1,SB,N,,, , ,, , ,,, ,,,,,,,, ,,, ,,,,,,,, ,,, ,, ,,,,,,
55965,NewPage Corporation,10234,Biron Mill,WI,2,SB,N,,, , ,, , ,,, ,,,,,,,, ,,, ,,,,,,,, ,,, ,, ,,,,,,
55965,NewPage Corporation,10234,Biron Mill,WI,3,SB,N,,, , ,, , ,,, ,,,,,,,, ,,, ,,,,,,,, ,,, ,, ,,,,,,
55965,NewPage Corporation,10234,Biron Mill,WI,4,OP,N,,, , ,, , ,,, ,,,,,,,, ,,, ,,,,,,,, ,,, ,, ,,,,,,
55965,NewPage Corporation,10234,Biron Mill,WI,5,OP,N,,, , ,, , ,,, ,,,,,,,, ,,, ,,,,,,,, ,,, ,, ,,,,,,
55965,NewPage Corporation,10477,Wisconsin Rapids Pulp Mill,WI,P1,OP,N,,, , ,, , ,,, ,,,,,,,, ,,, ,,,,,,,, ,,, ,, ,,,,,,
55965,NewPage Corporation,10477,Wisconsin Rapids Pulp Mill,WI,P2,OP,N,,, , ,, , ,,, ,,,,,,,, ,,, ,,,,,,,, ,,, ,, ,,,,,,
55965,NewPage Corporation,10477,Wisconsin Rapids Pulp Mill,WI,P3,OP,N,,, , ,, , ,,, ,,,,,,,, ,,, ,,,,,,,, ,,, ,, ,,,,,,
55965,NewPage Corporation,10477,Wisconsin Rapids Pulp Mill,WI,R1,OP,N,,, , ,, , ,,, ,,,,,,,, ,,, ,,,,,,,, ,,, ,, ,,,,,,
55965,NewPage Corporation,10477,Wisconsin Rapids Pulp Mill,WI,R2,OP,N,,, , ,, , ,,, ,,,,,,,, ,,, ,,,,,,,, ,,, ,, ,,,,,,
55965,NewPage Corporation,10477,Wisconsin Rapids Pulp Mill,WI,R3,OP,N,,, , ,, , ,,, ,,,,,,,, ,,, ,,,,,,,, ,,, ,, ,,,,,,
55968,Evergreen BioPower LLC,56781,Evergreen BioPower LLC,OR,3,OP,,,, , ,, , ,,, ,,,,,,,ST,0.24,NH,YR,2007,FR,OV,NC,NC,,,, ,,, ,, ,,,,,,
55983,Luminant Generation Company LLC,3452,Lake Hubbard,TX,1,OP,N,N,, , ,ST,440, ,DM,TH,1992,OT,,,OT,,,ST, ,OT,OT,2005,BF,,,MS,,,ST,0.1,PB,WO,1989,, ,,,,,,
55983,Luminant Generation Company LLC,3452,Lake Hubbard,TX,2,OP,N,N,, , ,ST,440, ,DM,TH,1992,OT,,,OT,,,ST, ,OT,OT,2005,LN,OV,SR,MS,,,ST,0.1,PB,WO,1989,, ,,,,,,
55983,Luminant Generation Company LLC,3490,Graham,TX,1,OP,N,N,, , ,ST,440, ,DM,TH,1992,OT,,,OT,,,ST, ,OT,YR,2004,NC,,,MS,,,ST,15,OP,SM,1993,, ,,,,,,
55983,Luminant Generation Company LLC,3490,Graham,TX,2,OP,N,N,, , ,ST,440, ,DM,TH,1992,OT,,,OT,,,ST, ,OT,YR,2004,BF,FR,,MS,,,ST,0.1,PB,WO,1989,, ,,,,,,
55983,Luminant Generation Company LLC,3494,Permian Basin,TX,5,OS,N,N,, , ,ST,440, ,DM,TH,1992,OT,,,OT,,,ST, ,OT,YR,2004,NC,,,MS,,,ST,15,OP,SM,1993,, ,,,,,,
55983,Luminant Generation Company LLC,3494,Permian Basin,TX,6,SB,N,N,, , ,ST,440, ,DM,TH,1992,OT,,,OT,,,ST, ,OT,YR,2004,FR,,,MS,,,ST,0.1,PB,WO,1989,, ,,,,,,
55983,Luminant Generation Company LLC,3502,Lake Creek,TX,1,OS,N,,, , ,ST,440, ,DM,TH,1992,OT,,,OT,,,ST, ,OT,YR,2004,NC,,,MS,,,ST,15,OP,SM,1993,, ,,,,,,
55983,Luminant Generation Company LLC,3502,Lake Creek,TX,2,OS,N,,, , ,ST,440, ,DM,TH,1992,OT,,,OT,,,ST, ,OT,YR,2004,NC,,,MS,,,ST,15,OP,SM,1993,, ,,,,,,
55983,Luminant Generation Company LLC,3504,Stryker Creek,TX,1,OP,N,N,, , ,ST,440, ,DM,TH,1992,OT,,,OT,,,ST, ,OT,YR,2004,LN,,,MS,,,ST,15,OP,SM,1993,, ,,,,,,
55983,Luminant Generation Company LLC,3504,Stryker Creek,TX,2,OP,N,N,, , ,ST,440, ,DM,TH,1992,OT,,,OT,,,ST,2597.12,OT,YR,2012,LN,OV,,MS,,,ST,0.1,PB,WO,1989,, ,,,,,,
55983,Luminant Generation Company LLC,3507,Trinidad (TX),TX,9,OP,N,N,, , ,ST,440, ,DM,TH,1992,OT,,,OT,,,ST, ,OT,YR,2004,NC,,,MS,,,ST,30,OP,SM,2004,, ,,,,,,
55983,Luminant Generation Company LLC,6145,Comanche Peak,TX,NSS1,OP,,,, , ,, , ,,, ,,,,,,,, ,,, ,,,,,,,, ,,, ,, ,,,,,,
55983,Luminant Generation Company LLC,6145,Comanche Peak,TX,NSS2,OP,,,, , ,, , ,,, ,,,,,,,, ,,, ,,,,,,,, ,,, ,, ,,,,,,
55983,Luminant Generation Company LLC,6146,Martin Lake,TX,1,OP,D,Y,933,9,2004,FD,1.2, ,DP,TH,1995,OT,,,OT,,,FD,0.4,NP,YR,2008,LN,OV,,MS,,,FD,0.1,PB,TH,1995,ST,2008,SP,EC,,,,
55983,Luminant Generation Company LLC,6146,Martin Lake,TX,2,OP,D,Y,933,9,2004,FD,1.2, ,DP,TH,1995,OT,,,OT,,,FD,0.4,NP,YR,2008,LN,OV,,MS,,,FD,0.1,PB,TH,1995,ST,2008,SP,EC,,,,
55983,Luminant Generation Company LLC,6146,Martin Lake,TX,3,OP,D,Y,933,9,2004,FD,1.2, ,DP,TH,1995,OT,,,NC,,,FD,0.4,NP,YR,2008,LN,OV,,MS,,,FD,0.1,PB,TH,1995,ST,2008,SP,EC,,,,
55983,Luminant Generation Company LLC,6147,Monticello,TX,1,OP,N,N,, , ,ST,3, ,DP,TH,1997,OT,,,OT,,,FD,0.4,NP,YR,2008,LN,OV,SN,MS,,,ST,0.3,PB,WO,1989,ST,2008,BR,EC,,,,
55983,Luminant Generation Company LLC,6147,Monticello,TX,2,OP,N,N,, , ,ST,3, ,DP,TH,1997,OT,,,OT,,,FD,0.4,NP,YR,2008,LN,OV,SN,MS,,,ST,0.3,PB,WO,1989,ST,2008,BR,EC,,,,
55983,Luminant Generation Company LLC,6147,Monticello,TX,3,OP,D,Y,2401,10,2006,FD,1.2, ,DP,TH,1995,OT,,,OT,,,FD,0.4,NP,YR,2008,LN,OV,SN,MS,,,ST,800,PH,TH,1996,ST,2008,EC,SP,,,,
55983,Luminant Generation Company LLC,6648,Sandow No 4,TX,4,OP,D,Y,"4980,PSD-TX-28M1",2,2005,FD,1.2, ,DP,TH,1995,OT,,,OT,,,FD,0.08,NP,OT,2010,OV,LN,SR,MS,,,ST,569,PH,TH,1977,ST,2007,EK,SP,,,,
55983,Luminant Generation Company LLC,8063,DeCordova Steam Electric Station,TX,1,RE,N,N,, , ,ST,440, ,DM,TH,1992,OT,,,OT,,,ST, ,OT,YR,2004,OV,FR,,MS,,,ST,0.1,PB,WO,1989,, ,,,,,,
55985,Tesoro Refining and Marketing Company,50530,Equilon Los Angeles Refining,CA,H43,OP,N,,, , ,, , ,,, ,,,,,,,, ,,, ,,,,,,,, ,,, ,, ,,,,,,
55987,CER Generation LLC,55411,Hillabee Energy Center,AL,HRSG1,OP,Db,Y,310-0022-X001,9,2008,FD, , ,DP,DT,2010,NC,,,NC,,,FD, ,NP,TH,2010,SR,,,NC,,,FD,0.011,PB,DT,2010,, ,,,,,,
55987,CER Generation LLC,55411,Hillabee Energy Center,AL,HRSG2,OP,Db,Y,310-0022-X001,9,2008,FD, , ,DP,DT,2010,NC,,,NC,,,FD, ,NP,TH,2010,SR,,,NC,,,FD,0.011,PB,DT,2010,, ,,,,,,
55989,Covanta Mendota LP,10837,Covanta Mendota,CA,B1,OP,N,,, , ,, , ,,, ,,,,,,,, ,,, ,,,,,,,, ,,, ,, ,,,,,,
55993,"Kleen Energy Systems, LLC",56798,Kleen Energy Systems Project,CT,HRSG1,OP,N,Y,104-0131,2,2008,ST,4.9, ,DH,OH,2010,NC,,,NC,,,ST,2,NM,OH,2010,SR,,,MS,,,ST,11,PH,OH,2010,,2010,,,,,,
55993,"Kleen Energy Systems, LLC",56798,Kleen Energy Systems Project,CT,HRSG2,OP,N,Y,104-0133,2,2008,ST,4.9, ,DH,OH,2010,NC,,,NC,,,ST,2,NM,OH,2010,SR,,,MS,,,ST,11,PH,OH,2010,,2010,,,,,,
56020,NRG Cedar Bayou Development Company LLC,56806,Cedar Bayou 4,TX,CBYB41,OP,,,, , ,, , ,,, ,,,,,,,, ,,, ,,,,,,,, ,,, ,, ,,,,,,
56020,NRG Cedar Bayou Development Company LLC,56806,Cedar Bayou 4,TX,CBYB42,OP,,,, , ,, , ,,, ,,,,,,,, ,,, ,,,,,,,, ,,, ,, ,,,,,,
56023,Arizona Solar One LLC,56812,Solana Generating Station,AZ,1,OP,,,, , ,, , ,,, ,,,,,,,, ,,, ,,,,,,,, ,,, ,, ,,,,,,
56031,CPV Maryland LLC,56846,CPV St Charles Energy Center,MD,HRSG1,PL,,,, , ,ST, , ,,,2017,,,,,,,ST, ,,,2017,,,,,,,ST, ,,,2017,ST,2017,,,,,,
56031,CPV Maryland LLC,56846,CPV St Charles Energy Center,MD,HRSG2,PL,,,, , ,FD, , ,,,2017,,,,,,,FD, ,,,2017,,,,,,,FD, ,,,2017,, ,,,,,,
56067,"Plainfield Renewable Energy, LLC",56847,Plainfield Renewable Energy LLC,CT,Boil,OP,,,, , ,, , ,,, ,,,,,,,ST,45.3,NM,DA,2013,AA,OV,SN,SR,,,, ,,, ,ST,2013,BP,LIJ,SP,ND,,
56069,"SunCoke Energy, Inc.",56848,Haverhill North Cogeneration Facility,OH,HRSG10,OP,,,, , ,, , ,,, ,,,,,,,, ,,, ,,,,,,,, ,,, ,, ,,,,,,
56069,"SunCoke Energy, Inc.",56848,Haverhill North Cogeneration Facility,OH,HRSG6,OP,,,, , ,, , ,,, ,,,,,,,, ,,, ,,,,,,,, ,,, ,, ,,,,,,
56069,"SunCoke Energy, Inc.",56848,Haverhill North Cogeneration Facility,OH,HRSG7,OP,,,, , ,, , ,,, ,,,,,,,, ,,, ,,,,,,,, ,,, ,, ,,,,,,
56069,"SunCoke Energy, Inc.",56848,Haverhill North Cogeneration Facility,OH,HRSG8,OP,,,, , ,, , ,,, ,,,,,,,, ,,, ,,,,,,,, ,,, ,, ,,,,,,
56069,"SunCoke Energy, Inc.",56848,Haverhill North Cogeneration Facility,OH,HRSG9,OP,,,, , ,, , ,,, ,,,,,,,, ,,, ,,,,,,,, ,,, ,, ,,,,,,
56069,"SunCoke Energy, Inc.",57822,"Middletown Coke Company, LLC",OH,HRSG1,OP,,,, , ,, , ,,, ,,,,,,,, ,,, ,,,,,,,, ,,, ,, ,,,,,,
56069,"SunCoke Energy, Inc.",57822,"Middletown Coke Company, LLC",OH,HRSG2,OP,,,, , ,, , ,,, ,,,,,,,, ,,, ,,,,,,,, ,,, ,, ,,,,,,
56069,"SunCoke Energy, Inc.",57822,"Middletown Coke Company, LLC",OH,HRSG3,OP,,,, , ,, , ,,, ,,,,,,,, ,,, ,,,,,,,, ,,, ,, ,,,,,,
56069,"SunCoke Energy, Inc.",57822,"Middletown Coke Company, LLC",OH,HRSG4,OP,,,, , ,, , ,,, ,,,,,,,, ,,, ,,,,,,,, ,,, ,, ,,,,,,
56069,"SunCoke Energy, Inc.",57822,"Middletown Coke Company, LLC",OH,HRSG5,OP,,,, , ,, , ,,, ,,,,,,,, ,,, ,,,,,,,, ,,, ,, ,,,,,,
56084,Springfield Power LLC,10838,Springfield Power LLC,NH,BLR1,OP,N,,, , ,, , ,,, ,,,,,,,ST,0.75,NP,ND,2008,OV,LA,SR,OV,LA,SR,, ,,, ,, ,,,,,,
56090,Star  West Gen Griffith Energy LLC,55124,Griffith Energy LLC,AZ,259611,OP,Db,N,, , ,ST,4.2,0,DH,OH,2002,NC,,,NC,,,ST,3,NM,OH,2002,LN,SR,,LN,SR,,ST,27,PH,OH,2002,, ,,,,,,
56090,Star  West Gen Griffith Energy LLC,55124,Griffith Energy LLC,AZ,259612,OP,Db,N,, , ,ST,4.2,0,DH,OH,2002,NC,,,NC,,,ST,3,NM,OH,2002,LN,SR,,LN,SR,,ST,27,PH,OH,2002,, ,,,,,,
56097,Noranda Alumina LLC,50846,Noranda Alumina LLC,LA,PB1,OP,N,,, , ,, , ,,, ,,,,,,,, ,,, ,,,,,,,, ,,, ,, ,,,,,,
56097,Noranda Alumina LLC,50846,Noranda Alumina LLC,LA,PB2,OP,N,,, , ,, , ,,, ,,,,,,,, ,,, ,,,,,,,, ,,, ,, ,,,,,,
56097,Noranda Alumina LLC,50846,Noranda Alumina LLC,LA,PB3,OP,N,,, , ,, , ,,, ,,,,,,,, ,,, ,,,,,,,, ,,, ,, ,,,,,,
56097,Noranda Alumina LLC,50846,Noranda Alumina LLC,LA,PB4,OP,N,,, , ,, , ,,, ,,,,,,,, ,,, ,,,,,,,, ,,, ,, ,,,,,,
56099,Covanta Delano Inc,10840,Covanta Delano Energy,CA,U1,OP,N,,, , ,, , ,,, ,,,,,,,, ,,, ,,,,,,,, ,,, ,, ,,,,,,
56099,Covanta Delano Inc,10840,Covanta Delano Energy,CA,U2,OP,N,,, , ,, , ,,, ,,,,,,,, ,,, ,,,,,,,, ,,, ,, ,,,,,,
56120,Blue Lake Power LLC,10764,Blue Lake Power LLC,CA,Zurn,OP,,,, , ,, , ,,, ,,,,,,,, ,,, ,OV,,,,,,, ,,, ,, ,,,,,,
56133,L'Anse Warden Electric Company LLC,1772,John H Warden,MI,1,OP,,,, , ,, , ,,, ,,,,,,,, ,,, ,,,,,,,, ,,, ,, ,,,,,,
56137,Domtar LLC,54638,Johnsonburg Mill,PA,PC81,OP,,,, , ,, , ,,, ,,,,,,,FD,0.6,NP,MO,1994,LN,,,LN,,,, ,,, ,FD,2016,SP,,,SP,,
56137,Domtar LLC,54638,Johnsonburg Mill,PA,PC82,OP,,,, , ,, , ,,, ,,,,,,,FD,0.6,NP,MO,1994,LN,,,LN,,,, ,,, ,FD,2016,SP,,,SP,,
56137,Domtar LLC,54638,Johnsonburg Mill,PA,RB01,OP,,,, , ,, , ,,, ,,,,,,,FD,100.7,NH,MO,1993,OV,,,OV,,,, ,,, ,, ,,,,,,
56146,Black Hills/Colorado Elec.Util,460,Pueblo,CO,41,RE,N,,, , ,, , ,,, ,,,,,,,, ,,, ,,,,,,,, ,,, ,, ,,,,,,
56146,Black Hills/Colorado Elec.Util,460,Pueblo,CO,49,RE,N,,, , ,, , ,,, ,,,,,,,, ,,, ,,,,,,,, ,,, ,, ,,,,,,
56146,Black Hills/Colorado Elec.Util,462,W N Clark,CO,55,RE,N,,, , ,, , ,,, ,,,,,,,, ,,, ,,,,,,,, ,,, ,, ,,,,,,
56146,Black Hills/Colorado Elec.Util,462,W N Clark,CO,59,RE,N,,, , ,, , ,,, ,,,,,,,, ,,, ,,,,,,,, ,,, ,, ,,,,,,
56147,ArcelorMittal Burns Harbor Inc,10245,ArcelorMittal Burns Harbor,IN,10,OP,N,N,, , ,ST, , ,DP,YR,1969,NC,,,NC,,,ST, ,NP,YR,1969,NC,,,,,,ST,0.09,PB,YR,1969,, ,,,,,,
56147,ArcelorMittal Burns Harbor Inc,10245,ArcelorMittal Burns Harbor,IN,11,OP,N,N,, , ,ST, , ,DP,YR,1969,NC,,,NC,,,ST, ,NP,YR,1969,NC,,,,,,ST,0.09,PB,YR,1969,, ,,,,,,
56147,ArcelorMittal Burns Harbor Inc,10245,ArcelorMittal Burns Harbor,IN,12,OP,N,N,, , ,ST, , ,DP,YR,1971,NC,,,NC,,,ST, ,NP,YR,1971,NC,,,,,,ST,0.09,PB,YR,1971,, ,,,,,,
56148,Aspen Power LLC,56931,Aspen Biomass Power Plant,TX,BoilA,OP,,,, , ,, , ,,, ,,,,,,,FD,0.2,NP,MO,2011,SR,,,SR,,,, ,,, ,, ,,,,,,
56155,Lansing Board of Water and Light,1831,Eckert Station,MI,1,OP,N,N,, , ,ST, , ,DP,DA,1980,SS,,,NC,,,FD, ,NP,YR,2000,LN,OV,,NC,,,ST,0.2,PG,NV,1978,, ,ND,,,,,
56155,Lansing Board of Water and Light,1831,Eckert Station,MI,2,RE,N,N,, , ,ST, , ,DP,DA,1980,OT,,,NC,,,FD, ,NP,YR,2000,,,,NC,,,ST,0.2,PG,NV,1978,, ,ND,,,,,
56155,Lansing Board of Water and Light,1831,Eckert Station,MI,3,OP,N,N,, , ,ST, , ,DP,DA,1980,SS,,,NC,,,FD, ,NP,YR,2000,OV,LN,,NC,,,ST,0.2,PG,NV,1978,, ,ND,,,,,
56155,Lansing Board of Water and Light,1831,Eckert Station,MI,4,OP,N,N,, , ,ST, , ,DP,DA,1980,SS,,,NC,,,FD, ,NP,YR,2000,LN,OV,,NC,,,ST,0.2,PG,NV,1976,FD,2016,ND,,,ACI,,
56155,Lansing Board of Water and Light,1831,Eckert Station,MI,5,OP,N,N,, , ,ST, , ,DP,DA,1980,SS,,,NC,,,FD, ,NP,YR,2000,LN,OV,,NC,,,ST,0.2,PG,NV,1976,FD,2016,ND,,,ACI,,
56155,Lansing Board of Water and Light,1831,Eckert Station,MI,6,OP,N,N,, , ,ST, , ,DP,DA,1980,SS,,,NC,,,FD, ,NP,YR,2000,LN,OV,,NC,,,ST,0.2,PG,NV,1976,FD,2016,ND,,,ACI,,
56155,Lansing Board of Water and Light,1832,Erickson Station,MI,1,OP,N,N,, , ,ST, , ,DP,DA,1980,SS,,,NC,,,FD, ,NP,YR,2000,LN,OV,,NC,,,ST,0.17,PG,NV,1979,FD,2016,ND,,,ACI,,
56155,Lansing Board of Water and Light,58427,Lansing BWL REO Town Plant,MI,HRSG1,OP,,,, , ,, , ,,, ,,,,,,,FD,42.5,NH,OH,2013,LN,,,LN,,,FD,2.1,PH,, ,, ,,,,,,
56155,Lansing Board of Water and Light,58427,Lansing BWL REO Town Plant,MI,HRSG2,OP,,,, , ,, , ,,, ,,,,,,,FD,42.5,NH,OH,2013,LN,,,LN,,,FD,2.1,PH,, ,, ,,,,,,
56164,International Paper - Valliant,50192,International Paper Valliant OK,OK,1,OP,N,,, , ,, , ,,, ,,,,,,,, ,,, ,,,,,,,, ,,, ,, ,,,,,,
56164,International Paper - Valliant,50192,International Paper Valliant OK,OK,2,OP,N,,, , ,, , ,,, ,,,,,,,, ,,, ,,,,,,,, ,,, ,, ,,,,,,
56164,International Paper - Valliant,50192,International Paper Valliant OK,OK,3,OP,N,,, , ,, , ,,, ,,,,,,,, ,,, ,,,,,,,, ,,, ,, ,,,,,,
56165,ArcelorMittal Indiana Harbor West,10397,ArcelorMittal Indiana Harbor West,IN,5HPB,SB,N,N,, , ,ST, , ,DP,DA,2006,NC,,,NC,,,ST,0.17,NP,OT,2004,NC,MS,NP,NC,MS,,ST,0.066,PB,NS,2006,ST,2005,,,,,,
56165,ArcelorMittal Indiana Harbor West,10397,ArcelorMittal Indiana Harbor West,IN,6HPB,OP,N,N,, , ,ST, , ,DP,ND,2006,NC,,,NC,,,ST, ,NP,NS,2006,NC,,,NC,,,ST,0.066,PB,NS,2006,ST, ,,,,,,
56165,ArcelorMittal Indiana Harbor West,10397,ArcelorMittal Indiana Harbor West,IN,7HPB,SB,N,N,, , ,ST, , ,DP,ND,2006,NC,,,NC,,,ST, ,NP,NS,2006,NC,,,NC,,,ST,0.066,PB,NS,2006,ST,2006,,,,,,
56165,ArcelorMittal Indiana Harbor West,10397,ArcelorMittal Indiana Harbor West,IN,8HPB,OP,N,N,, , ,ST, , ,DP,ND,2006,NC,,,NC,,,ST, ,NP,NS,2006,NC,,,NC,,,ST,0.066,PB,NS,2006,ST,2006,,,,,,
56165,ArcelorMittal Indiana Harbor West,10397,ArcelorMittal Indiana Harbor West,IN,9HPB,OP,Db,Y,089-27473-00448,11,2009,ST,0.29, ,SB,,2006,NC,,,NC,,,ST,0.17,NP,FT,2006,NC,,,NC,,,ST,0.01,PC,PS,2006,ST,2006,,,,,,
56174,Finch Paper LLC,10511,Finch Paper,NY,10,OP,N,,, , ,, , ,,, ,,,,,,,ST,464,NM,MO,1995,,,,NC,,,, ,,, ,,1987,,,,,,
56174,Finch Paper LLC,10511,Finch Paper,NY,4,OP,N,,, , ,, , ,,, ,,,,,,,, ,,, ,,,,,,,, ,,, ,, ,,,,,,
56174,Finch Paper LLC,10511,Finch Paper,NY,5,OP,N,,, , ,, , ,,, ,,,,,,,, ,,, ,,,,,,,, ,,, ,, ,,,,,,
56174,Finch Paper LLC,10511,Finch Paper,NY,8,OP,N,,, , ,, , ,,, ,,,,,,,, ,,, ,,,,,,,, ,,, ,, ,,,,,,
56174,Finch Paper LLC,10511,Finch Paper,NY,9,OP,N,,, , ,, , ,,, ,,,,,,,, ,,, ,,,,NC,,,, ,,, ,, ,,,,,,
56187,Verso Paper - Quinnesec,50251,Verso Paper Quinnesec Mich Mill,MI,PB,OP,,,, , ,, , ,,, ,,,,,,,, ,,, ,,,,,,,, ,,, ,, ,,,,,,
56187,Verso Paper - Quinnesec,50251,Verso Paper Quinnesec Mich Mill,MI,RB,OP,,,, , ,, , ,,, ,,,,,,,, ,,, ,,,,,,,, ,,, ,, ,,,,,,
56187,Verso Paper - Quinnesec,50251,Verso Paper Quinnesec Mich Mill,MI,WTB,OP,,,, , ,, , ,,, ,,,,,,,, ,,, ,,,,,,,, ,,, ,, ,,,,,,
56192,Entergy Nuclear Palisades LLC,1715,Palisades,MI,NSS1,OP,,,, , ,, , ,,, ,,,,,,,, ,,, ,,,,,,,, ,,, ,, ,,,,,,
56195,BP Alternative Energy,55259,Whiting Clean Energy,IN,1100,OP,Da,Y,089-11194-00449,7,2000,ST, , ,DH,OH,2002,ND,,,NC,,,ST,3,NM,TH,2002,SR,NH3,,SR,NH3,,ST,0.03,PB,OH,2002,, ,,,,,,
56195,BP Alternative Energy,55259,Whiting Clean Energy,IN,2100,OP,Da,Y,089-11194-00449,7,2000,ST, , ,DH,OH,2002,ND,,,NC,,,ST,3,NM,TH,2002,SR,NH3,,SR,NH3,,ST,0.03,PB,OH,2002,, ,,,,,,
56204,CPV Valley LLC,56940,CPV Valley Energy Center,NY,HRSG1,PL,Db,N,, , ,ST, , ,,,2017,,,,OT,OT,OT,ST, ,,,2016,,,,SR,,,ST, ,,,2016,, ,,,,,,
56204,CPV Valley LLC,56940,CPV Valley Energy Center,NY,HRSG2,PL,Db,N,, , ,ST, , ,,,2016,,,,,,,ST, ,,,2016,,,,,,,ST, ,,,2016,, ,,,,,,
56211,KCP&L Greater Missouri Operations Co,2094,Sibley,MO,1,OP,N,N,, , ,ST,9, ,DP,TH,1978,SS,SU,,SS,SU,,ST,0.68,NP,YR,2005,LA,OV,,SN,,,ST,0.12,PB,NV,1973,FD,2016,,,,EK,,
56211,KCP&L Greater Missouri Operations Co,2094,Sibley,MO,2,OP,N,N,, , ,ST,9, ,DP,TH,1978,SS,SU,,SS,SU,,ST,0.68,NP,YR,2005,OV,LA,,SN,,,ST,0.12,PB,NV,1972,FD,2016,,,,EK,,
56211,KCP&L Greater Missouri Operations Co,2094,Sibley,MO,3,OP,N,N,, , ,ST,9, ,DP,TH,1978,SS,SU,CF,SS,,,FD,0.68,NP,FT,2000,LA,OV,,SR,AA,,ST,0.12,PB,NV,1969,FD,2016,,,,EK,ACI,
56211,KCP&L Greater Missouri Operations Co,2098,Lake Road (MO),MO,1,OP,N,N,, , ,ST,0.0524, ,DP,DA,1978,NC,,,SS,,,, ,,, ,,,,,,,ST,0.14,PB,OH,1975,, ,,,,,,
56211,KCP&L Greater Missouri Operations Co,2098,Lake Road (MO),MO,2,OP,N,N,, , ,ST,0.0524, ,DP,DA,1978,NC,,,SS,,,, ,,, ,,,,,,,ST,0.14,PB,OH,1975,, ,,,,,,
56211,KCP&L Greater Missouri Operations Co,2098,Lake Road (MO),MO,3,OP,N,N,, , ,ST,0.0006, ,DP,DA,1978,NC,,,SS,,,, ,,, ,,,,,,,ST,0.14,PB,OH,1975,, ,,,,,,
56211,KCP&L Greater Missouri Operations Co,2098,Lake Road (MO),MO,4,OP,N,N,, , ,ST,0.0524, ,DP,DA,1978,SS,,,SS,,,, ,,, ,,,,,,,ST,0.14,PB,OH,1975,FD,2016,,,,ND,,
56211,KCP&L Greater Missouri Operations Co,2098,Lake Road (MO),MO,5,OP,N,N,, , ,ST,1.349, ,DP,DA,1978,OT,SS,,SS,,,, ,,, ,,,,,,,ST,0.14,PB,OH,1975,, ,,,,,,
56211,KCP&L Greater Missouri Operations Co,2098,Lake Road (MO),MO,6,OP,N,N,, , ,ST,1.4, ,DH,DA,1978,SS,,,SS,,,, ,,, ,,,,,,,ST,0.14,PB,OH,1975,, ,,,,,,
56211,KCP&L Greater Missouri Operations Co,2098,Lake Road (MO),MO,8,OP,Db,N,, , ,ST,0.05, ,SU,NV,2006,NC,,,NC,,,ST,40,OT,YR,2006,FR,,,NC,,,, ,,, ,, ,,,,,,
56216,Multitrade Rabun Gap LLC,50201,Rabun Gap Cogen Facility,GA,WB1,OP,Db,,, , ,ST, , ,,, ,,,,,,,,249,OT,YR,2010,,MS,NP,,,,, ,,, ,, ,,,,,,
56217,Portsmouth Operating Services LLC,10071,Portsmouth Genco LLC,VA,1A,OP,Db,Y,61049,6,2008,ST,0.96,1,DP,NS,1988,NC,,,NC,,,ST,0.6,NP,MO,1988,AA,,,NC,,,ST,0.03,PB,NS,1988,, ,,,,,,
56217,Portsmouth Operating Services LLC,10071,Portsmouth Genco LLC,VA,1B,OP,Db,Y,61049,6,2008,ST,0.96,1,DP,NS,1988,NC,,,NC,,,ST,0.6,NP,MO,1988,AA,,,NC,,,ST,0.03,PB,NS,1988,, ,,,,,,
56217,Portsmouth Operating Services LLC,10071,Portsmouth Genco LLC,VA,1C,OP,Db,Y,61049,6,2008,ST,0.96,1,DP,NS,1988,NC,,,NC,,,ST,0.6,NP,MO,1988,AA,,,NC,,,ST,0.03,PB,NS,1988,, ,,,,,,
56217,Portsmouth Operating Services LLC,10071,Portsmouth Genco LLC,VA,2A,OP,Db,Y,61049,6,2008,ST,0.96,1,DP,NS,1988,NC,,,NC,,,ST,0.6,NP,MO,1988,AA,,,NC,,,ST,0.03,PB,NS,1988,, ,,,,,,
56217,Portsmouth Operating Services LLC,10071,Portsmouth Genco LLC,VA,2B,OP,Db,Y,61049,6,2008,ST,0.96,1,DP,NS,1988,NC,,,NC,,,ST,0.6,NP,MO,1988,AA,,,NC,,,ST,0.03,PB,NS,1988,, ,,,,,,
56217,Portsmouth Operating Services LLC,10071,Portsmouth Genco LLC,VA,2C,OP,Db,Y,61049,6,2008,ST,0.96,1,DP,NS,1988,NC,,,NC,,,ST,0.6,NP,MO,1988,AA,,,NC,,,ST,0.03,PB,NS,1988,, ,,,,,,
56225,Clearwater Paper Corporation,50637,Clearwater Paper IPP Lewiston,ID,1PWR,OP,N,N,, , ,, , ,,, ,,,,,,,, ,,, ,ND,,,,,,ST,20,OP,OT,1984,, ,,,,,,
56225,Clearwater Paper Corporation,50637,Clearwater Paper IPP Lewiston,ID,2PWR,OP,N,N,, , ,, , ,,, ,,,,,,,, ,,, ,,,,,,,ST,20,OP,OT,1984,, ,,,,,,
56225,Clearwater Paper Corporation,50637,Clearwater Paper IPP Lewiston,ID,4PWR,OP,N,N,, , ,ST, , ,DP,NS,1981,NC,,,NC,,,FD,0.2,NP,TH,1981,MS,,,NC,,,FD,20,OP,SM,1981,, ,,,,,,
56225,Clearwater Paper Corporation,50637,Clearwater Paper IPP Lewiston,ID,4REC,OP,N,N,, , ,, , ,,, ,,,,,,,, ,,, ,,,,,,,ST,40,OP,OT,1971,, ,,,,,,
56225,Clearwater Paper Corporation,50637,Clearwater Paper IPP Lewiston,ID,5REC,OP,N,N,, , ,FD, , ,DM,DA,1987,NC,,,NC,,,FD, ,NM,PS,1987,,,,NC,,,FD,35,OP,SM,1987,, ,,,,,,
56225,Clearwater Paper Corporation,50638,Clearwater Paper APP CB,AR,PB1,OP,N,,, , ,, , ,,, ,,,,,,,ST,0.2,NP,TH,1977,UE,,,MS,,,, ,,, ,ST,1977,,,,,,
56225,Clearwater Paper Corporation,50638,Clearwater Paper APP CB,AR,REC1,OP,N,,, , ,, , ,,, ,,,,,,,ST,110,NM,MO,1977,UE,,,MS,,,, ,,, ,ST,1977,,,,,,
56236,West Deptford Energy LLC,56963,West Deptford Energy Station,NJ,H101,PL,N,Y,BOP080001,2,2009,ST,4.94, ,DH,OH,2014,NC,,,NC,,,ST,2,NM,TH,2014,SR,,,SR,,,ST,10,PH,OH,2014,, ,,,,,,
56236,West Deptford Energy LLC,56963,West Deptford Energy Station,NJ,H102,PL,N,Y,BOP080001,2,2009,ST,4.94, ,DH,OH,2014,NC,,,NC,,,ST,2,NM,TH,2014,SR,,,SR,,,ST,10,PH,OH,2014,, ,,,,,,
56289,International Paper Corporation,50191,IP Springfield Oregon,OR,PB,OP,N,,, , ,, , ,,, ,,,,,,,, ,,, ,,,,,,,, ,,, ,, ,,,,,,
56289,International Paper Corporation,50191,IP Springfield Oregon,OR,PKG,SB,N,,, , ,, , ,,, ,,,,,,,, ,,, ,FR,,,,,,, ,,, ,, ,,,,,,
56289,International Paper Corporation,50191,IP Springfield Oregon,OR,REC3,RE,N,,, , ,, , ,,, ,,,,,,,, ,,, ,,,,,,,, ,,, ,, ,,,,,,
56289,International Paper Corporation,50191,IP Springfield Oregon,OR,REC4,OP,N,,, , ,, , ,,, ,,,,,,,, ,,, ,,,,,,,, ,,, ,, ,,,,,,
56290,CPV Vaca Station LLC,56999,CPV Vaca Station LLC,CA,HRSG1,PL,N,N,, , ,LO, , ,OT,DT,2020,ND,ND,ND,ND,ND,ND,LO, ,NM,OH,2016,ND,ND,ND,ND,ND,ND,LO,9,PH,OH,2016,, ,,,,,,
56290,CPV Vaca Station LLC,56999,CPV Vaca Station LLC,CA,HRSG2,PL,N,N,, , ,LO, , ,OT,DT,2013,,,,ND,ND,ND,LO, ,NM,OH,2013,,,,ND,ND,ND,LO,9,PH,OH,2013,, ,,,,,,
56291,International Paper Co.,54752,Weyerhaeuser Pine Hill Operations,AL,1PB,OP,N,,, , ,, , ,,, ,,,,,,,, ,,, ,,,,,,,, ,,, ,, ,,,,,,
56291,International Paper Co.,54752,Weyerhaeuser Pine Hill Operations,AL,2PB,OP,N,,, , ,, , ,,, ,,,,,,,FD,0.3,NP,TH,1982,OT,,,OT,,,, ,,, ,, ,,,,,,
56291,International Paper Co.,54752,Weyerhaeuser Pine Hill Operations,AL,RECB,OP,N,,, , ,, , ,,, ,,,,,,,FD,902,OT,YR,182,OT,,,OT,,,, ,,, ,, ,,,,,,
56293,DTE Stoneman LLC,4146,E J Stoneman Station,WI,B1,OP,N,,, , ,, , ,,, ,,,,,,,ST,0.2,NP,MO,2010,NH3,SN,,MS,SN,,, ,,, ,ST,2010,,,,,,
56293,DTE Stoneman LLC,4146,E J Stoneman Station,WI,B2,OP,Db,,, , ,ST, , ,,, ,,,,,,,ST,0.2,NP,MO,2010,NH3,SN,,MS,SN,,, ,,, ,ST,2010,EK,,,EK,,
56304,Air Products LLC,55309,Air Products Port Arthur,TX,HRSG,OP,,,, , ,, , ,,, ,,,,,,,, ,,, ,SR,,,NC,,,, ,,, ,, ,,,,,,
56305,Eel River Power LLC,50049,Eel River Power,CA,BLRA,OP,N,,, , ,, , ,,, ,,,,,,,, ,,, ,,,,,,,, ,,, ,, ,,,,,,
56305,Eel River Power LLC,50049,Eel River Power,CA,BLRB,OP,N,,, , ,, , ,,, ,,,,,,,, ,,, ,,,,,,,, ,,, ,, ,,,,,,
56305,Eel River Power LLC,50049,Eel River Power,CA,BLRC,OP,N,,, , ,, , ,,, ,,,,,,,, ,,, ,,,,,,,, ,,, ,, ,,,,,,
56310,Boise White Paper LLC,55044,Boise Cascade Pulp & Paper Mill,AL,PB3,OP,Db,,, , ,, , ,,, ,,,,,,,FD,0.05,NP,MO,1991,FR,,,FR,,,, ,,, ,, ,,,,,,
56310,Boise White Paper LLC,55044,Boise Cascade Pulp & Paper Mill,AL,PB4,OP,Db,,, , ,, , ,,, ,,,,,,,FD,0.05,NP,MO,1995,FR,,,FR,,,, ,,, ,, ,,,,,,
56310,Boise White Paper LLC,55044,Boise Cascade Pulp & Paper Mill,AL,PB5,OP,Db,,, , ,, , ,,, ,,,,,,,FD,0.05,NP,MO,1997,FR,,,FR,,,, ,,, ,, ,,,,,,
56310,Boise White Paper LLC,55044,Boise Cascade Pulp & Paper Mill,AL,RB1,OP,N,,, , ,, , ,,, ,,,,,,,, ,,, ,,,,,,,, ,,, ,, ,,,,,,
56316,Covanta WBH LLC,50660,Covanta WBH LLC,OK,1,OP,N,,, , ,, , ,,, ,,,,,,,, ,,, ,,,,,,,, ,,, ,, ,,,,,,
56316,Covanta WBH LLC,50660,Covanta WBH LLC,OK,2,OP,N,,, , ,, , ,,, ,,,,,,,, ,,, ,,,,,,,, ,,, ,, ,,,,,,
56316,Covanta WBH LLC,50660,Covanta WBH LLC,OK,3,OP,N,,, , ,, , ,,, ,,,,,,,, ,,, ,,,,,,,, ,,, ,, ,,,,,,
56358,CAMS NM LLC,56458,Hobbs Generating Station,NM,HRSG1,OP,Db,Y,PSD-3449-M1,9,2011,ST,0.06, ,SB,DA,2008,NC,,,NC,,,ST,0.008,NP,OH,2008,NH3,SR,,NC,,,ST,0.0089,PB,OH,2008,, ,,,,,,
56358,CAMS NM LLC,56458,Hobbs Generating Station,NM,HRSG2,OP,Db,Y,PSD-3449-M1,9,2011,ST,0.06, ,SB,DA,2008,NC,,,NC,,,ST,0.008,NP,OH,2008,NH3,SR,,NC,,,ST,0.0089,PB,OH,2008,, ,,,,,,
56364,United States Steel Granite City Works,57072,Granite City Works,IL,PB-1,OP,,,, , ,, , ,,, ,,,,,,,, ,,, ,,,,,,,, ,,, ,, ,,,,,,
56380,EIF Channelview Cogeneration LLC,55187,Channelview Cogeneration Plant,TX,HRSG1,OP,Db,Y,41775-PSD-TX-946/N-017,6,2012,ST,38.7, ,DH,OH,2002,NC,,,NC,,,ST,3,NM,YR,2002,SR,,,MS,,,ST,5,OP,SM,2002,, ,,,,,,
56380,EIF Channelview Cogeneration LLC,55187,Channelview Cogeneration Plant,TX,HRSG2,OP,Db,Y,41775-PSD-TX-946/N-017,6,2012,ST,38.7, ,DH,OH,2002,NC,,,NC,,,ST,3,NM,YR,2002,SR,,,MS,,,ST,5,OP,SM,2002,, ,,,,,,
56380,EIF Channelview Cogeneration LLC,55187,Channelview Cogeneration Plant,TX,HRSG3,OP,Db,Y,41775-PSD-TX-946/N-017,6,2012,ST,38.7, ,DH,OH,2002,NC,,,NC,,,ST,3,NM,YR,2002,SR,,,MS,,,ST,5,OP,SM,2002,, ,,,,,,
56380,EIF Channelview Cogeneration LLC,55187,Channelview Cogeneration Plant,TX,HRSG4,OP,Db,Y,41775-PSD-TX-946/N-017,6,2012,ST,38.7, ,DH,OH,2002,NC,,,NC,,,ST,3,NM,YR,2002,SR,,,MS,,,ST,5,OP,SM,2002,, ,,,,,,
56389,Doyon Utilities - Ft. Wainwright,50308,Utility Plants Section,AK,3,OP,N,,, , ,, , ,,, ,,,,,,,, ,,, ,,,,,,,, ,,, ,, ,,,,,,
56389,Doyon Utilities - Ft. Wainwright,50308,Utility Plants Section,AK,4,OP,N,,, , ,, , ,,, ,,,,,,,, ,,, ,,,,,,,, ,,, ,, ,,,,,,
56389,Doyon Utilities - Ft. Wainwright,50308,Utility Plants Section,AK,5,OP,,,, , ,, , ,,, ,,,,,,,, ,,, ,,,,,,,, ,,, ,, ,,,,,,
56389,Doyon Utilities - Ft. Wainwright,50308,Utility Plants Section,AK,6,OP,N,,, , ,, , ,,, ,,,,,,,, ,,, ,,,,,,,, ,,, ,, ,,,,,,
56389,Doyon Utilities - Ft. Wainwright,50308,Utility Plants Section,AK,7,OP,N,,, , ,, , ,,, ,,,,,,,, ,,, ,,,,,,,, ,,, ,, ,,,,,,
56389,Doyon Utilities - Ft. Wainwright,50308,Utility Plants Section,AK,8,OP,N,,, , ,, , ,,, ,,,,,,,, ,,, ,,,,,,,, ,,, ,, ,,,,,,
56398,DTE Pontiac North LLC,10111,DTE Pontiac North LLC,MI,9BLR,RE,,,, , ,, , ,,, ,,,,,,,, ,,, ,,,,,,,, ,,, ,, ,,,,,,
56400,Simpson Tacoma Kraft Co LLC,57099,Simpson Tacoma Kraft Biomass,WA,4RB,OP,,,, , ,, , ,,, ,,,,,,,FD,85,NM,MO,1973,MS,,,MS,,,, ,,, ,, ,,,,,,
56400,Simpson Tacoma Kraft Co LLC,57099,Simpson Tacoma Kraft Biomass,WA,7PB,OP,,,, , ,, , ,,, ,,,,,,,FD,0.3,NP,MO,1991,OV,,,MS,,,, ,,, ,, ,,,,,,
56401,NAEA Energy Massachusetts  LLC,1642,NAEA Energy Massachusetts LLC,MA,3,OP,N,N,, , ,ST,1, ,SU,NV,1983,NC,,,SS,,,FD,0.25,OT,DA,1995,AA,,,NC,,,ST,0.12,OT,NV,1972,, ,,,,,,
56402,Covanta  Maine LLC,10765,Indeck Jonesboro Energy Center,ME,CFB002,SB,N,,, , ,, , ,,, ,,,,,,,, ,,, ,,,,,,,, ,,, ,, ,,,,,,
56402,Covanta  Maine LLC,10766,Indeck West Enfield Energy Center,ME,CFB001,OP,N,,, , ,, , ,,, ,,,,,,,, ,,, ,,,,,,,, ,,, ,, ,,,,,,
56413,Koda Energy LLC,57119,Koda Biomass Plant,MN,1111,OP,,,, , ,, , ,,, ,,,,,,,FD,0.25,NP,MO,2009,SN,LA,OV,SN,LA,OV,, ,,, ,FD,2015,,,,,,
56448,Red Shield Acquisition LLC,10700,Red Shield Envir Old Town Facility,ME,BLR1,OP,,,, , ,, , ,,, ,,,,,,,ST,0.25,NP,DA,2006,LA,,,LA,,,, ,,, ,ST,2006,EW,,,EW,,
56448,Red Shield Acquisition LLC,10700,Red Shield Envir Old Town Facility,ME,BLR2,RE,,,, , ,, , ,,, ,,,,,,,ST,69.72,NH,DA,2006,LA,,,LA,,,, ,,, ,, ,,,,,,
56448,Red Shield Acquisition LLC,10700,Red Shield Envir Old Town Facility,ME,RB4,OP,,,, , ,, , ,,, ,,,,,,,ST,150,NM,DA,2006,LA,,,LA,,,, ,,, ,, ,,,,,,
56476,Ameresco,57138,Savannah River Site Biomass Cogen,SC,HRSG1,OP,,,, , ,, , ,,, ,,,,,,,FD,0.13,NP,MO,2012,NH3,,,NH3,,,FD,20,OP,, ,, ,BP,,,BP,,
56476,Ameresco,57138,Savannah River Site Biomass Cogen,SC,HRSG2,OP,,,, , ,, , ,,, ,,,,,,,FD,0.13,NP,MO,2012,NH3,,,NH3,,,FD,20,OP,, ,, ,BP,,,BP,,
56479,PIC Group Inc,10190,Castleton Energy Center,NY,HRSG-1,OP,,,, , ,, , ,,, ,,,,,,,FD,25,NM,OH,1992,STM,,,,,,, ,,, ,,1992,,,,,,
56480,Empire Generating Co  LLC,56259,Empire Generating Co  LLC,NY,HRSG11,OP,N,Y,3814-00052/0003,7,2014,FD,0.06,0,DP,NV,2010,NC,,,NC,,,ST,2,NM,TH,2010,SR,NH3,LN,MS,,,ST,0.012,PB,PS,2010,, ,,,,,,
56480,Empire Generating Co  LLC,56259,Empire Generating Co  LLC,NY,HRSG12,OP,N,Y,3814-00052/0003,7,2014,FD,0.06,0,DP,NV,2010,NC,,,NC,,,ST,2,NM,TH,2010,SR,NH3,LN,MS,,,ST,0.012,PB,PS,2010,, ,,,,,,
56488,Ascend Performance Materials,10418,Ascend Performance Materials Texas Inc.,TX,H1,OP,N,,, , ,, , ,,, ,,,,,,,ST,0.2,NP,MO,2005,LN,,,LN,,,, ,,, ,, ,,,,,,
56488,Ascend Performance Materials,10418,Ascend Performance Materials Texas Inc.,TX,H101,OP,N,,, , ,, , ,,, ,,,,,,,ST,166,NH,OH,2000,OT,,,OT,,,, ,,, ,, ,,,,,,
56488,Ascend Performance Materials,10418,Ascend Performance Materials Texas Inc.,TX,H4,OP,N,,, , ,, , ,,, ,,,,,,,ST,140,NH,OH,1997,OT,,,OT,,,, ,,, ,, ,,,,,,
56488,Ascend Performance Materials,10418,Ascend Performance Materials Texas Inc.,TX,H5,OP,N,,, , ,, , ,,, ,,,,,,,ST,120,NH,OH,1997,OT,,,OT,,,, ,,, ,, ,,,,,,
56500,KPAQ Industries LLC,10697,St Francisville Mill,LA,RB,OP,N,,, , ,, , ,,, ,,,,,,,ST,95.63,NH,PS,2012,AA,,,AA,,,ST,0.044,PC,, ,, ,,,,,,
56505,National Grid Generation LLC,2511,E F Barrett,NY,10,OP,N,N,, , ,ST,0.401,0,SU,NV,1971,NC,,,NC,,,ST,0.15,NP,OH,1995,NC,,,NC,,,ST,0.1,PB,NV,1971,, ,,,,,,
56505,National Grid Generation LLC,2511,E F Barrett,NY,20,OP,N,N,, , ,ST,0.401,0,SU,NV,1971,NC,,,NC,,,ST,0.15,NP,OH,1995,OV,,,NC,,,ST,0.1,PB,NV,1971,, ,,,,,,
56505,National Grid Generation LLC,2516,Northport,NY,1,OP,N,N,, , ,ST,1.1,0,SU,NV,1976,NC,,,SS,,,ST,0.15,NP,OH,1995,OV,,,NC,,,ST,0.1,PB,NV,1971,, ,,,,,,
56505,National Grid Generation LLC,2516,Northport,NY,2,OP,N,N,, , ,ST,1.1,0,SU,NV,1976,NC,,,SS,,,ST,0.15,NP,OH,1995,OV,,,NC,,,ST,0.1,PB,NV,1971,, ,,,,,,
56505,National Grid Generation LLC,2516,Northport,NY,3,OP,N,N,, , ,ST,1.1,0,SU,NV,1976,NC,,,SS,,,ST,0.15,NP,OH,1995,OV,,,NC,,,ST,0.1,PB,NV,1972,, ,,,,,,
56505,National Grid Generation LLC,2516,Northport,NY,4,OP,D,N,, , ,FD,0.8,0,SU,NV,1977,SS,,,SS,,,FD,0.15,NP,OH,1995,OV,,,NC,,,ST,0.8,PB,NV,1977,, ,,,,,,
56505,National Grid Generation LLC,2517,Port Jefferson,NY,1,RE,N,N,, , ,ST,1.1,0,SU,NV,1971,NC,,,SS,,,ST,0.15,NP,OH,1995,OV,,,NC,,,ST,0.1,PB,NV,1971,, ,,,,,,
56505,National Grid Generation LLC,2517,Port Jefferson,NY,2,RE,N,,, , ,ST, , ,SU,NV,1971,,,,,,,ST, ,NP,OH,1995,,,,,,,ST,0.1,PB,NV,1971,, ,,,,,,
56505,National Grid Generation LLC,2517,Port Jefferson,NY,3,OP,N,N,, , ,ST,0.045,1,SU,NV,1976,NC,,,SS,,,ST,0.15,NP,OH,1995,OV,,,NC,,,ST,0.1,PB,NV,1971,, ,,,,,,
56505,National Grid Generation LLC,2517,Port Jefferson,NY,4,OP,N,N,, , ,ST,1.1,0,SU,NV,1976,NC,,,SS,,,ST,0.15,NP,OH,1995,OV,,,NC,,,ST,0.1,PB,NV,1971,, ,,,,,,
56516,"Morris Energy Operations Company, LLC",10751,Camden Plant Holding LLC,NJ,HRSG1,OP,,,, , ,, , ,,, ,,,,,,,, ,,, ,,,,,,,, ,,, ,, ,,,,,,
56516,"Morris Energy Operations Company, LLC",52026,Dartmouth Power Associates LP,MA,HRSG,OP,,,, , ,, , ,,, ,,,,,,,, ,,, ,,,,,,,, ,,, ,, ,,,,,,
56516,"Morris Energy Operations Company, LLC",54693,York Generation Company LLC,PA,HRSG 1,OP,,,, , ,, , ,,, ,,,,,,,, ,,, ,,,,,,,, ,,, ,, ,,,,,,
56516,"Morris Energy Operations Company, LLC",54693,York Generation Company LLC,PA,HRSG 2,OP,,,, , ,, , ,,, ,,,,,,,, ,,, ,,,,,,,, ,,, ,, ,,,,,,
56516,"Morris Energy Operations Company, LLC",54693,York Generation Company LLC,PA,HRSG 3,RE,,,, , ,, , ,,, ,,,,,,,, ,,, ,,,,,,,, ,,, ,, ,,,,,,
56516,"Morris Energy Operations Company, LLC",54693,York Generation Company LLC,PA,HRSG 4,RE,,,, , ,, , ,,, ,,,,,,,, ,,, ,,,,,,,, ,,, ,, ,,,,,,
56516,"Morris Energy Operations Company, LLC",54693,York Generation Company LLC,PA,HRSG 5,OP,,,, , ,, , ,,, ,,,,,,,, ,,, ,,,,,,,, ,,, ,, ,,,,,,
56516,"Morris Energy Operations Company, LLC",54693,York Generation Company LLC,PA,HRSG 6,OP,,,, , ,, , ,,, ,,,,,,,, ,,, ,,,,,,,, ,,, ,, ,,,,,,
56534,Cricket Valley Energy Center LLC,57185,Cricket Valley Energy,NY,U1HRSG,PL,N,N,, , ,FD, , ,DP,NV,2015,,,,SS,,,ST, ,NP,NV,2015,,,,ND,,,FD,0.007,PB,NV,2015,, ,,,,,,
56534,Cricket Valley Energy Center LLC,57185,Cricket Valley Energy,NY,U2HRSG,PL,N,N,, , ,FD, , ,DP,NV,2015,,,,SS,,,ST, ,NP,NV,2015,,,,ND,,,FD,0.007,PB,NV,2015,, ,,,,,,
56534,Cricket Valley Energy Center LLC,57185,Cricket Valley Energy,NY,U3HRSG,PL,N,N,, , ,FD, , ,DP,NV,2015,,,,SS,,,ST, ,NP,NV,2015,,,,ND,,,FD,0.007,PB,NV,2015,, ,,,,,,
56559,High Desert Power Project LLC,55518,High Desert Power Plant,CA,1,OP,Db,N,, , ,LO,1.2, ,DH,OH,2003,SS,,,NC,,,LO,18,NH,OH,2003,SR,,,NC,,,LO,18.14,PH,OH,2003,, ,,,,,,
56559,High Desert Power Project LLC,55518,High Desert Power Plant,CA,2,OP,Db,N,, , ,LO,1.2, ,DH,OH,2003,SS,,,NC,,,LO,18,NH,OH,2003,SR,,,NC,,,LO,18.14,PH,OH,2003,, ,,,,,,
56559,High Desert Power Project LLC,55518,High Desert Power Plant,CA,3,OP,Db,N,, , ,LO,1.2, ,DH,OH,2003,SS,,,NC,,,LO,18,NH,OH,2003,SR,,,NC,,,LO,18.14,PH,OH,2003,, ,,,,,,
56570,Coleto Creek Power LP,6178,Coleto Creek,TX,1,OP,D,Y,3687,10,2007,ST,7597, ,DH,OH,1982,NC,,,NC,,,ST,1151,NH,OH,1982,OV,,,NC,,,ST,211,PH,OH,1982,ST,2016,,,,BP,ACI,
56598,"Major Oak Power, LLC",7030,Twin Oaks Power One,TX,U1,OP,Da,N,, , ,FD,0.58,1,DP,YR,1990,CF,,,CF,,,ST,0.165,NH,YR,1990,NH3,SN,,NH3,SN,,FD,0.03,PB,SM,1990,FD,2016,,,,ACI,,
56598,"Major Oak Power, LLC",7030,Twin Oaks Power One,TX,U2,OP,Da,N,, , ,FD,0.58,1,DP,YR,1991,CF,,,CF,,,ST,0.165,NP,YR,1991,NH3,SN,,NH3,SN,,FD,0.03,PB,SM,1991,FD,2016,,,,ACI,,
56600,Ascend Performance Materials LLC,10416,Pensacola Florida Plant,FL,BO4,OP,N,,, , ,, , ,,, ,,,,,,,, ,,, ,,,,,,,, ,,, ,, ,,,,,,
56600,Ascend Performance Materials LLC,10416,Pensacola Florida Plant,FL,BO5,OP,N,,, , ,, , ,,, ,,,,,,,, ,,, ,,,,,,,, ,,, ,, ,,,,,,
56600,Ascend Performance Materials LLC,10416,Pensacola Florida Plant,FL,BO6,OP,N,,, , ,, , ,,, ,,,,,,,, ,,, ,,,,,,,, ,,, ,, ,,,,,,
56600,Ascend Performance Materials LLC,10416,Pensacola Florida Plant,FL,BO7,OP,N,,, , ,, , ,,, ,,,,,,,, ,,, ,,,,,,,, ,,, ,, ,,,,,,
56600,Ascend Performance Materials LLC,10416,Pensacola Florida Plant,FL,BO8,OP,N,,, , ,, , ,,, ,,,,,,,, ,,, ,,,,,,,, ,,, ,, ,,,,,,
56600,Ascend Performance Materials LLC,10416,Pensacola Florida Plant,FL,BO9,OP,,,, , ,, , ,,, ,,,,,,,, ,,, ,,,,,,,, ,,, ,, ,,,,,,
56601,Covanta MacArthur Renewable Energy,51038,MacArthur Waste to Energy Facility,NY,B1,OP,D,,, , ,, , ,,, ,,,,,,,ST,170,NM,DA,1990,OV,LA,OT,OV,LA,OT,, ,,, ,ST,1990,BR,SP,,BR,SP,
56601,Covanta MacArthur Renewable Energy,51038,MacArthur Waste to Energy Facility,NY,B2,OP,,,, , ,ST, , ,,, ,,,,,,,ST,170,NM,DA,1990,OV,LA,,OV,LA,,, ,,, ,ST,1990,BR,SP,,BR,SP,
56605,Delaware City Refining Company LLC,52193,Delaware City Plant,DE,BLR1,OS,N,N,, , ,ST, , ,SU,NV,1993,NC,,,NC,,,ST,0.4,NP,DA,2000,MS,,,MS,,,ST,20,OP,YR,1993,ST,1975,,,,,,
56605,Delaware City Refining Company LLC,52193,Delaware City Plant,DE,BLR2,OP,N,N,, , ,ST, , ,SU,NV,2004,NC,,,NC,,,ST, ,NP,DA,2004,STM,,,STM,,,ST,20,OP,YR,2004,ST,1970,,,,,,
56605,Delaware City Refining Company LLC,52193,Delaware City Plant,DE,BLR3,OP,N,N,, , ,ST, , ,SU,NV,1993,NC,,,NC,,,ST, ,NP,DA,2000,STM,,,STM,,,ST,20,PB,YR,1993,ST,1970,,,,,,
56605,Delaware City Refining Company LLC,52193,Delaware City Plant,DE,BLR4,OP,N,N,, , ,ST, , ,SU,NV,1993,NC,,,NC,,,ST, ,NP,DA,1999,STM,,,STM,,,ST,20,OP,YR,1993,ST,1970,,,,,,
56605,Delaware City Refining Company LLC,52193,Delaware City Plant,DE,HRSG 1,OP,Db,N,, , ,ST, , ,SU,NV,2001,NC,,,NC,,,ST, ,NM,DA,2001,MS,,,MS,,,ST,0.009,PB,YR,2001,ST,2000,,,,,,
56605,Delaware City Refining Company LLC,52193,Delaware City Plant,DE,HRSG 2,OP,Db,N,, , ,ST, , ,SU,NV,2001,NC,,,NC,,,ST, ,NM,DA,2001,MS,,,MS,,,ST,0.009,PB,YR,2001,ST,2000,,,,,,
56606,Calpine New Jersey Generation LLC,2384,Deepwater,NJ,1,OP,N,N,, , ,ST, , ,DH,NV,1979,NC,,,NC,,,ST, ,NP,MO,1995,NC,,,NC,,,ST,30.8,PH,NV,1972,ST,2007,,,,,,
56606,Calpine New Jersey Generation LLC,2384,Deepwater,NJ,8,OP,N,N,, , ,ST, , ,DH,NV,1968,NC,,,NC,,,ST, ,NP,NV,1995,NC,,,NC,,,ST,12.1,PH,NV,1972,ST,2007,,,,,,
56607,Calpine Bethlehem LLC,55690,Bethlehem Power Plant,PA,HRSG1,OP,,,, , ,, , ,,, ,,,,,,,, ,,, ,,,,,,,, ,,, ,, ,,,,,,
56607,Calpine Bethlehem LLC,55690,Bethlehem Power Plant,PA,HRSG2,OP,,,, , ,, , ,,, ,,,,,,,, ,,, ,,,,,,,, ,,, ,, ,,,,,,
56607,Calpine Bethlehem LLC,55690,Bethlehem Power Plant,PA,HRSG3,OP,,,, , ,, , ,,, ,,,,,,,, ,,, ,,,,,,,, ,,, ,, ,,,,,,
56607,Calpine Bethlehem LLC,55690,Bethlehem Power Plant,PA,HRSG5,OP,,,, , ,, , ,,, ,,,,,,,, ,,, ,,,,,,,, ,,, ,, ,,,,,,
56607,Calpine Bethlehem LLC,55690,Bethlehem Power Plant,PA,HRSG6,OP,,,, , ,, , ,,, ,,,,,,,, ,,, ,,,,,,,, ,,, ,, ,,,,,,
56607,Calpine Bethlehem LLC,55690,Bethlehem Power Plant,PA,HRSG7,OP,,,, , ,, , ,,, ,,,,,,,, ,,, ,,,,,,,, ,,, ,, ,,,,,,
56608,Calpine Mid-Merit LLC,55524,York Energy Center,PA,HRSG1,OP,,,, , ,, , ,,, ,,,,,,,, ,,, ,,,,,,,, ,,, ,, ,,,,,,
56608,Calpine Mid-Merit LLC,55524,York Energy Center,PA,HRSG2,OP,,,, , ,, , ,,, ,,,,,,,, ,,, ,,,,,,,, ,,, ,, ,,,,,,
56608,Calpine Mid-Merit LLC,55524,York Energy Center,PA,HRSG3,OP,,,, , ,, , ,,, ,,,,,,,, ,,, ,,,,,,,, ,,, ,, ,,,,,,
56609,Calpine Mid-Atlantic Generation LLC,593,Edge Moor,DE,3,OP,N,N,, , ,ST, , ,DP,NV,2009,NC,,,NC,,,ST, ,NP,DA,2009,NC,,,NC,,,ST,59.59,PH,OH,1983,, ,,,,,,
56609,Calpine Mid-Atlantic Generation LLC,593,Edge Moor,DE,4,OP,N,N,, , ,ST, , ,DP,NV,2009,NC,,,NC,,,ST, ,NP,DA,2009,NC,,,NC,,,ST,118.37,PH,OH,1982,, ,,,,,,
56609,Calpine Mid-Atlantic Generation LLC,593,Edge Moor,DE,5,OP,N,N,, , ,ST, , ,SU,NV,1973,NC,,,NC,,,, ,NP,DA,2009,NC,,,,,,ST,349.58,PH,OH,1973,, ,,,,,,
56609,Calpine Mid-Atlantic Generation LLC,7153,Hay Road,DE,HRSG1,OP,,,, , ,, , ,,, ,,,,,,,, ,,, ,,,,,,,, ,,, ,, ,,,,,,
56609,Calpine Mid-Atlantic Generation LLC,7153,Hay Road,DE,HRSG2,OP,,,, , ,, , ,,, ,,,,,,,, ,,, ,,,,,,,, ,,, ,, ,,,,,,
56609,Calpine Mid-Atlantic Generation LLC,7153,Hay Road,DE,HRSG3,OP,,,, , ,, , ,,, ,,,,,,,, ,,, ,,,,,,,, ,,, ,, ,,,,,,
56609,Calpine Mid-Atlantic Generation LLC,7153,Hay Road,DE,HRSG5,OP,,,, , ,, , ,,, ,,,,,,,, ,,, ,,,,,,,, ,,, ,, ,,,,,,
56609,Calpine Mid-Atlantic Generation LLC,7153,Hay Road,DE,HRSG6,OP,,,, , ,, , ,,, ,,,,,,,, ,,, ,,,,,,,, ,,, ,, ,,,,,,
56609,Calpine Mid-Atlantic Generation LLC,7153,Hay Road,DE,HRSG7,OP,,,, , ,, , ,,, ,,,,,,,, ,,, ,,,,,,,, ,,, ,, ,,,,,,
56611,Gainesville Renewable Energy Center LLC,57241,Gainesville Renewable Energy Center,FL,BLR1,OP,Da,N,, , ,ST,0.029, ,DP,DA,2013,NC,,,NC,,,ST,0.07,NP,DA,2013,CF,SR,,CF,SR,,ST,0.0098,PB,PS,2013,ST,2013,DSI,,,DSI,,
56613,Frederickson Power LP,55818,Frederickson Power LP,WA,HRSG-1,OP,Da,Y,PSCAA AOP#10645,11,2001,LO,1.8, ,DM,OH,2002,NC,,,NC,,,LO,3,NM,EH,2002,LN,SR,,LN,SR,,LO,0.0028,PC,OH,2002,, ,,,,,,
56616,ArcelorMittal Warren Inc,54207,ArcelorMittal Warren,OH,1,OP,N,,, , ,ST, , ,,, ,,,,,,,FD,0.2,NP,FT,2013,LA,,,MS,,,, ,,, ,FD,2013,ND,,,ND,,
56616,ArcelorMittal Warren Inc,54207,ArcelorMittal Warren,OH,2,OP,N,,, , ,, , ,,, ,,,,,,,FD,0.2,NP,FT,2013,LA,,,MS,,,, ,,, ,FD,2013,ND,,,ND,,
56616,ArcelorMittal Warren Inc,54207,ArcelorMittal Warren,OH,3,OP,N,,, , ,ST, , ,,, ,,,,,,,FD,0.2,NP,FT,2013,LA,,,MS,,,, ,,, ,FD,2013,ND,,,ND,,
56641,Tonopah Solar Energy LLC,57275,Crescent Dunes Solar Energy,NV,TSE-B1,CO,,,, , ,, , ,,, ,,,,,,,, ,,, ,,,,,,,, ,,, ,, ,,,,,,
56641,Tonopah Solar Energy LLC,57275,Crescent Dunes Solar Energy,NV,TSE-B2,CO,,,, , ,, , ,,, ,,,,,,,, ,,, ,,,,,,,, ,,, ,, ,,,,,,
56646,Covanta Plymouth Renewable Energy L P,54625,Covanta Plymouth Renewable Energy,PA,1,OP,N,,, , ,ST, , ,,, ,,,,,,,ST, ,,, ,SN,,,SN,,,ST, ,,, ,ST, ,ACI,,,,,
56646,Covanta Plymouth Renewable Energy L P,54625,Covanta Plymouth Renewable Energy,PA,2,OP,N,,, , ,ST, , ,,, ,,,,,,,ST, ,,, ,SN,,,SN,,,ST, ,,, ,ST, ,ACI,,,ACI,,
56652,DTE Stockton LLC,54238,Stockton Biomass,CA,BIOMS1,TS,Db,,, , ,LO, , ,,, ,,,,,,,LO,0.065,NP,DA,2014,SR,,,SR,,,FD, ,,, ,,2014,,,,,,
56652,DTE Stockton LLC,54238,Stockton Biomass,CA,N64514,RE,,,, , ,, , ,,, ,,,,,,,, ,,, ,,,,,,,, ,,, ,, ,,,,,,
56652,DTE Stockton LLC,54238,Stockton Biomass,CA,N64516,RE,,,, , ,, , ,,, ,,,,,,,, ,,, ,,,,,,,, ,,, ,, ,,,,,,
56660,Mojave Solar LLC,57331,Mojave Solar Project,CA,MSP1,CN,,,, , ,, , ,,, ,,,,,,,, ,,, ,,,,,,,, ,,, ,, ,,,,,,
56660,Mojave Solar LLC,57331,Mojave Solar Project,CA,MSP2,CN,,,, , ,, , ,,, ,,,,,,,, ,,, ,,,,,,,, ,,, ,, ,,,,,,
56691,Garrison Energy Center LLC,57349,Garrison Energy Center LLC,DE,HRSG1,CO,Db,Y,APC-2012/0098,1,2013,LO, , ,DH,OH,2015,,,,,,,ST, ,NM,OH,2015,,,,,,,ST,32.1,PH,OH,2015,, ,,,,,,
56723,Genesis Solar LLC,57394,Genesis Solar Energy Project,CA,SOLAR,PL,,,, , ,, , ,,, ,,,,,,,, ,,, ,,,,,,,, ,,, ,, ,,,,,,
56730,Cedar Bay Operating Services LLC,10672,Cedar Bay Generating Company LP,FL,CBA,OP,Da,Y,PSD-FL-137F,3,2002,ST,0.3,1,DP,TH,1994,CF,NC,,CF,NC,,ST,0.17,NP,MO,1994,CF,SN,,CF,SN,,ST,0.02,PB,PS,1994,FD,2015,DSI,BP,,DSI,BP,
56730,Cedar Bay Operating Services LLC,10672,Cedar Bay Generating Company LP,FL,CBB,OP,Da,Y,PSD-FL-137F,3,2002,ST,0.3,1,DP,TH,1994,CF,NC,,CF,NC,,ST,0.17,NP,MO,1994,CF,SN,,CF,SN,,ST,0.02,PB,PS,1994,FD,2015,BP,DSI,,BP,DSI,
56730,Cedar Bay Operating Services LLC,10672,Cedar Bay Generating Company LP,FL,CBC,OP,Da,Y,PSD-FL-137F,3,2002,ST,0.3,1,DP,TH,1994,CF,NC,,CF,NC,,ST,0.17,NP,MO,1994,CF,SN,,CF,SN,,ST,0.02,PB,PS,1994,FD,2015,BP,DSI,,BP,DSI,
56765,CER Colorado Bend Energy Partners LP,56350,Colorado Bend Energy Center,TX,HRSG1,OP,Db,N,, , ,ST, , ,DP,OH,2007,NC,,,NC,,,ST, ,NM,DA,2007,LN,NH3,,NC,,,ST, ,PB,OH,2007,, ,,,,,,
56765,CER Colorado Bend Energy Partners LP,56350,Colorado Bend Energy Center,TX,HRSG2,OP,Db,N,, , ,ST, , ,DP,OH,2007,NC,,,NC,,,ST, ,NM,DA,2007,LN,NH3,,NC,,,ST, ,PB,OH,2007,, ,,,,,,
56765,CER Colorado Bend Energy Partners LP,56350,Colorado Bend Energy Center,TX,HRSG3,OP,Db,N,, , ,ST, , ,DP,OH,2008,NC,,,NC,,,LO, ,NM,DA,2008,LN,NH3,,NC,,,ST, ,PB,OH,2008,, ,,,,,,
56765,CER Colorado Bend Energy Partners LP,56350,Colorado Bend Energy Center,TX,HRSG4,OP,Db,N,, , ,ST, , ,DP,OH,2008,NC,,,NC,,,LO, ,NM,DA,2008,LN,NH3,,NC,,,ST, ,PB,OH,2008,, ,,,,,,
56766,CER Quail Run Energy Partners LP,56349,Quail Run Energy Center,TX,HRSG1,OP,Db,Y,0-2886,10,2006,ST, , ,DH,OH,2007,NC,,,NC,,,ST, ,NH,TH,2007,LN,NH3,,NC,,,ST,10.4,PH,OH,2007,, ,,,,,,
56766,CER Quail Run Energy Partners LP,56349,Quail Run Energy Center,TX,HRSG2,OP,Db,Y,0-2886,10,2006,ST, , ,DH,OH,2007,NC,,,NC,,,ST, ,NH,TH,2007,LN,NH3,,NC,,,ST,10.4,PH,OH,2007,, ,,,,,,
56766,CER Quail Run Energy Partners LP,56349,Quail Run Energy Center,TX,HRSG3,OP,Db,Y,0-2886,10,2006,ST, , ,DH,OH,2008,NC,,,NC,,,ST, ,NH,TH,2008,LN,NH3,,NC,,,ST,10.4,PH,OH,2008,, ,,,,,,
56766,CER Quail Run Energy Partners LP,56349,Quail Run Energy Center,TX,HRSG4,OP,Db,Y,0-2886,10,2006,ST, , ,DH,OH,2008,NC,,,NC,,,ST, ,NH,TH,2008,LN,NH3,,NC,,,ST,10.4,PH,OH,2008,, ,,,,,,
56776,Seneca Sustainable Energy LLC,57457,Seneca Sustainable Energy LLC,OR,1,OP,,,, , ,, , ,,, ,,,,,,,, ,,, ,,,,,,,, ,,, ,, ,,,,,,
56788,Domtar Paper Company Bennettsville,57470,Marlboro Mill,SC,RF-P1,OP,,,, , ,, , ,,, ,,,,,,,ST,100,NM,YR,1990,,,,,,,, ,,, ,ST,1990,,,,,,
56788,Domtar Paper Company Bennettsville,57470,Marlboro Mill,SC,UA-P2,OP,,,, , ,, , ,,, ,,,,,,,ST,0.3,NP,PS,1994,,,,,,,, ,,, ,ST,1994,,,,,,
56812,Arlington Valley LLC,55282,Arlington Valley Energy Facility,AZ,HRSG1,OP,Da,N,, , ,FD,5.25, ,DH,OH,2002,NC,,,NC,,,FD,2.5,NM,TH,2002,NC,SR,,NC,SR,,FD,27,PH,OH,2002,, ,,,,,,
56812,Arlington Valley LLC,55282,Arlington Valley Energy Facility,AZ,HRSG2,OP,Da,N,, , ,FD,5.25, ,DH,OH,2002,NC,,,NC,,,FD,2.5,NM,TH,2002,NC,SR,,NC,SR,,FD,27,PH,OH,2002,, ,,,,,,
56866,HL Power Company,10777,HL Power,CA,ZURN1,OP,N,,, , ,, , ,,, ,,,,,,,, ,,, ,,,,,,,, ,,, ,, ,,,,,,
56872,Contra Costa Generating Station LLC,57552,Oakley Generating Station,CA,HRSG1,PL,,,, , ,, , ,,, ,,,,,,,, ,,, ,,,,,,,, ,,, ,, ,,,,,,
56872,Contra Costa Generating Station LLC,57552,Oakley Generating Station,CA,HRSG2,PL,,,, , ,, , ,,, ,,,,,,,, ,,, ,,,,,,,, ,,, ,, ,,,,,,
56881,Valley NG Power Company LLC,3508,Valley (TX),TX,1,SB,N,N,, , ,ST,440, ,DM,TH,1992,OT,,,OT,,,ST, ,OT,YR,2004,LN,OV,,MS,,,ST,15,OP,SM,1993,, ,,,,,,
56881,Valley NG Power Company LLC,3508,Valley (TX),TX,2,SB,N,N,, , ,ST,440, ,DM,TH,1992,OT,,,OT,,,ST, ,OT,YR,2004,BF,,,MS,,,ST,0.1,PB,WO,1989,, ,,,,,,
56881,Valley NG Power Company LLC,3508,Valley (TX),TX,3,SB,N,N,, , ,, , ,,, ,,,,,,,ST, ,OT,YR,2004,NC,,,MS,,,ST,0.1,PB,WO,1989,, ,,,,,,
56884,Big Brown Power Company LLC,3497,Big Brown,TX,1,OP,N,N,, , ,ST,3, ,DP,TH,1997,OT,,,OT,,,FD,0.4,NP,YR,2008,LN,OV,SN,MS,,,ST,0.3,PB,WO,1989,ST,2008,BP,EC,,,,
56884,Big Brown Power Company LLC,3497,Big Brown,TX,2,OP,N,N,, , ,ST,3, ,DP,TH,1997,OT,,,OT,,,FD,0.4,NP,YR,2008,LN,OV,SN,MS,,,ST,0.3,PB,WO,1989,ST,2008,BP,EC,,,,
56963,"Beaver Wood Energy Fair Haven, LLC",57634,"Beaver Wood Energy Fair Haven, LLC",VT,BLR1,PL,,,, , ,, , ,,, ,,,,,,,, ,,, ,,,,,,,, ,,, ,, ,,,,,,
56964,Sundevil Power Holdings LLC,59338,Sundevil Power Holdings - Gila River,AZ,1 A,OP,Da,Y,V99-018,7,2008,LO,2.8, ,DH,TH,2003,NC,,,NC,,,LO,2.5,NM,TH,2003,LN,NH3,SR,LN,NH3,SR,LO,9.5,PH,OH,2003,, ,,,,,,
56964,Sundevil Power Holdings LLC,59338,Sundevil Power Holdings - Gila River,AZ,1 B,OP,Da,Y,V99-018,7,2008,LO,2.8, ,DH,TH,2003,NC,,,NC,,,LO,2.5,NM,TH,2003,LN,NH3,SR,LN,NH3,SR,LO,9.5,PH,OH,2003,, ,,,,,,
56964,Sundevil Power Holdings LLC,59338,Sundevil Power Holdings - Gila River,AZ,2 A,OP,Da,Y,V99-018,7,2008,LO,2.8, ,DH,TH,2003,NC,,,NC,,,LO,2.5,NM,TH,2003,LN,NH3,SR,LN,NH3,SR,LO,9.5,PH,OH,2003,, ,,,,,,
56964,Sundevil Power Holdings LLC,59338,Sundevil Power Holdings - Gila River,AZ,2 B,OP,Da,Y,V99-018,7,2008,LO,2.8, ,DH,TH,2003,NC,,,NC,,,LO,2.5,NM,TH,2003,LN,NH3,SR,LN,NH3,SR,LO,9.5,PH,OH,2003,, ,,,,,,
56991,Astoria Energy II LLC,57664,Astoria Energy II,NY,HRSG3,OP,Db,Y,2-6301-00072/00014,12,2001,ST, ,0,DP,PS,2011,NC,,,NC,,,ST,2,NM,PS,2011,NC,SR,,NC,,,FD,0.01,PB,PS,2011,, ,,,,,,
56991,Astoria Energy II LLC,57664,Astoria Energy II,NY,HRSG4,OP,Db,Y,2-6301-00072/00014,12,2001,ST, ,0,DP,PS,2011,NC,,,NC,,,FD, ,NM,PS,201,NC,SR,,NC,,,FD,0.01,PB,OH,2011,, ,,,,,,
57045,Guadalupe Power Partners LP,55153,Guadalupe Generating Station,TX,HRSG1,OP,Db,Y,38659,2,2012,ST,2.8, ,DH,OH,2000,NC,,,NC,,,ST,79,NH,OH,2000,LN,,,LN,,,ST,20,PH,OH,2000,, ,,,,,,
57045,Guadalupe Power Partners LP,55153,Guadalupe Generating Station,TX,HRSG2,OP,Db,Y,38659,2,2012,ST,2.8, ,DH,OH,2000,NC,,,NC,,,ST,79,NH,OH,2000,LN,,,LN,,,ST,20,PH,OH,2000,, ,,,,,,
57045,Guadalupe Power Partners LP,55153,Guadalupe Generating Station,TX,HRSG3,OP,Db,Y,38659,2,2012,ST,2.8, ,DH,OH,2000,NC,,,NC,,,ST,79,NH,OH,2000,LN,,,LN,,,ST,20,PH,OH,2000,, ,,,,,,
57045,Guadalupe Power Partners LP,55153,Guadalupe Generating Station,TX,HRSG4,OP,Db,Y,38659,2,2012,ST,2.8, ,DH,OH,2000,NC,,,NC,,,ST,79,NH,OH,2000,LN,,,LN,,,ST,20,PH,OH,2000,, ,,,,,,
57097,Oak Grove Management Co LLC,6180,Oak Grove (TX),TX,1,OP,Da,Y,76474 PSD-TX-1056,6,2007,FD,1.4, ,OT,OT,2009,OT,,,OT,,,ST,0.08,NP,OT,2009,LN,OV,SR,MS,,,ST,0.04,PB,YR,2009,ST,2009,BP,SP,ACI,,,
57097,Oak Grove Management Co LLC,6180,Oak Grove (TX),TX,2,OP,Da,Y,76474 PSD-TX-1056,6,2007,FD,1.4, ,OT,OT,2010,OT,,,OT,,,ST,0.08,NP,OT,2010,LN,OV,SR,MS,,,ST,0.04,PB,YR,2010,ST,2010,BP,SP,ACI,,,
57098,Sandow Power Co LLC,52071,Sandow No 5,TX,5A,OP,Da,Y,48437,9,2003,FD,1.4, ,OT,OT,2009,OT,,,OT,,,FD,0.08,NP,OT,2011,CF,SN,,MS,,,FD,0.015,PB,TH,2009,ST,2009,BP,,,,,
57098,Sandow Power Co LLC,52071,Sandow No 5,TX,5B,OP,Da,Y,48437,9,2003,FD,1.4, ,OT,OT,2009,OT,,,OT,,,FD,0.08,NP,OT,2011,CF,SN,,MS,,,FD,0.015,PB,TH,2009,ST,2009,BP,,,,,
57098,Sandow Power Co LLC,52071,Sandow No 5,TX,SANDW1,RE,N,,, , ,ST, , ,DP,PS,1995,,,,,,,ST, ,NH,PS,2001,,,,,,,ST,0.1,PB,PS,1989,, ,,,,,,
57098,Sandow Power Co LLC,52071,Sandow No 5,TX,SANDW2,RE,N,,, , ,ST, , ,DP,PS,1995,,,,,,,ST, ,NH,PS,2000,,,,,,,ST,0.1,PB,PS,1989,, ,,,,,,
57098,Sandow Power Co LLC,52071,Sandow No 5,TX,SANDW3,RE,N,,, , ,ST, , ,DP,PS,1995,,,,,,,ST, ,NH,PS,2002,,,,,,,ST,0.1,PB,PS,1989,, ,,,,,,
57141,Dynegy Kendall Energy LLC,55131,Kendall County Generation Facility,IL,B1,OP,Db,N,, , ,ST,13.4,0,DH,OH,2002,SS,,,SS,,,ST,36,NM,OH,2002,LN,NH3,,LN,NH3,,ST,36.7,PH,OH,2002,, ,,,,,,
57141,Dynegy Kendall Energy LLC,55131,Kendall County Generation Facility,IL,B2,OP,Db,N,, , ,ST,13.4,0,DH,OH,2002,SS,,,SS,,,ST,36,NM,OH,2002,LN,NH3,,LN,NH3,,ST,36.7,PH,OH,2002,, ,,,,,,
57141,Dynegy Kendall Energy LLC,55131,Kendall County Generation Facility,IL,B3,OP,Db,N,, , ,ST,13.4,0,DH,OH,2002,SS,,,SS,,,ST,36,NM,OH,2002,LN,NH3,,LN,NH3,,ST,36.7,PH,OH,2002,ST, ,,,,,,
57141,Dynegy Kendall Energy LLC,55131,Kendall County Generation Facility,IL,B4,OP,Db,N,, , ,ST,13.4,0,DH,OH,2002,SS,,,SS,,,ST,36,NM,OH,2002,LN,NH3,,LN,NH3,,ST,36.7,PH,OH,2002,, ,,,,,,
57151,Celanese Acetate LLC,52089,Celanese Acetate LLC,VA,BLR10,CO,Db,,, , ,, , ,,, ,,,,,,,ST,0.036,NP,MO,2015,LN,,,LN,,,ST, ,,, ,,2015,,,,,,
57151,Celanese Acetate LLC,52089,Celanese Acetate LLC,VA,BLR11,CO,Db,,, , ,, , ,,, ,,,,,,,ST,0.036,NP,MO,2015,LN,,,LN,,,, ,,, ,,2015,,,,,,
57151,Celanese Acetate LLC,52089,Celanese Acetate LLC,VA,BLR12,CO,Db,,, , ,, , ,,, ,,,,,,,ST,0.036,NP,MO,2015,LN,,,LN,,,, ,,, ,,2015,,,,,,
57151,Celanese Acetate LLC,52089,Celanese Acetate LLC,VA,BLR13,CO,Db,,, , ,, , ,,, ,,,,,,,ST,0.036,NP,MO,2015,LN,,,LN,,,, ,,, ,,2015,,,,,,
57151,Celanese Acetate LLC,52089,Celanese Acetate LLC,VA,BLR14,CO,Db,,, , ,, , ,,, ,,,,,,,ST,0.036,NP,MO,2015,LN,,,LN,,,, ,,, ,,2015,,,,,,
57151,Celanese Acetate LLC,52089,Celanese Acetate LLC,VA,NO1BLR,OP,N,,, , ,, , ,,, ,,,,,,,, ,,, ,,,,,,,, ,,, ,, ,,,,,,
57151,Celanese Acetate LLC,52089,Celanese Acetate LLC,VA,NO2BLR,OP,N,,, , ,, , ,,, ,,,,,,,, ,,, ,,,,,,,, ,,, ,, ,,,,,,
57151,Celanese Acetate LLC,52089,Celanese Acetate LLC,VA,NO3BLR,OP,N,,, , ,, , ,,, ,,,,,,,, ,,, ,,,,,,,, ,,, ,, ,,,,,,
57151,Celanese Acetate LLC,52089,Celanese Acetate LLC,VA,NO4BLR,OP,N,,, , ,, , ,,, ,,,,,,,, ,,, ,,,,,,,, ,,, ,, ,,,,,,
57151,Celanese Acetate LLC,52089,Celanese Acetate LLC,VA,NO5BLR,OP,N,,, , ,, , ,,, ,,,,,,,, ,,, ,,,,,,,, ,,, ,, ,,,,,,
57151,Celanese Acetate LLC,52089,Celanese Acetate LLC,VA,NO6BLR,OP,N,,, , ,, , ,,, ,,,,,,,, ,,, ,,,,,,,, ,,, ,, ,,,,,,
57151,Celanese Acetate LLC,52089,Celanese Acetate LLC,VA,NO7BLR,OP,N,,, , ,, , ,,, ,,,,,,,, ,,, ,,,,,,,, ,,, ,, ,,,,,,
57151,Celanese Acetate LLC,52089,Celanese Acetate LLC,VA,NO8BLR,OP,N,,, , ,, , ,,, ,,,,,,,, ,,, ,,,,,,,, ,,, ,, ,,,,,,
57151,Celanese Acetate LLC,52089,Celanese Acetate LLC,VA,NO9BLR,OP,N,,, , ,, , ,,, ,,,,,,,, ,,, ,,,,,,,, ,,, ,, ,,,,,,
57160,DuPont Sabine River Works,55120,SRW Cogen LP,TX,DB1A,OP,Da,Y,40496PSDTX929,1,2009,, , ,DP,OH,2001,NC,,,NC,,,FD, ,NP,OH,2001,NC,,,NC,,,,0.03,PB,OH,2001,, ,,,,,,
57160,DuPont Sabine River Works,55120,SRW Cogen LP,TX,DB1B,OP,Da,Y,40496PSDTX929,1,2009,, , ,DP,OH,2001,NC,,,NC,,,FD, ,NP,OH,2001,NC,,,NC,,,,0.03,PB,OH,2001,, ,,,,,,
57182,ReEnergy Sterling CT LP,50736,Exeter Energy LP,CT,B1,OS,N,,, , ,, , ,,, ,,,,,,,, ,,, ,,,,,,,, ,,, ,, ,,,,,,
57182,ReEnergy Sterling CT LP,50736,Exeter Energy LP,CT,B2,OS,N,,, , ,, , ,,, ,,,,,,,, ,,, ,,,,,,,, ,,, ,, ,,,,,,
57207,Great Northern Paper Company LLC,55829,Millinocket Mill,ME,MB1,RE,N,N,, , ,ST, , ,SU,NV,1988,,,,,,,ST, ,NP,DA,1995,,,,,,,ST,74,PH,PS,1991,, ,,,,,,
57207,Great Northern Paper Company LLC,55829,Millinocket Mill,ME,MB2,RE,N,N,, , ,ST, , ,SU,NV,1988,,,,,,,ST, ,NP,DA,1995,,,,,,,ST,40,OP,SM,1991,, ,,,,,,
57207,Great Northern Paper Company LLC,55829,Millinocket Mill,ME,MB3,RE,N,N,, , ,ST, , ,SU,NV,1988,,,,,,,ST, ,NP,DT,1995,,,,,,,ST,40,OP,SM,1991,, ,,,,,,
57207,Great Northern Paper Company LLC,55830,East Millinocket Mill,ME,EB1,OS,N,,, , ,, , ,,, ,,,,,,,, ,,, ,,,,,,,, ,,, ,, ,,,,,,
57207,Great Northern Paper Company LLC,55830,East Millinocket Mill,ME,EB2,OS,N,,, , ,, , ,,, ,,,,,,,, ,,, ,,,,,,,, ,,, ,, ,,,,,,
57207,Great Northern Paper Company LLC,55830,East Millinocket Mill,ME,EB3,OS,N,,, , ,, , ,,, ,,,,,,,, ,,, ,,,,,,,, ,,, ,, ,,,,,,
57218,L'Energia Energy,54586,L'Energia Energy Center,MA,HRSG,OP,,,, , ,, , ,,, ,,,,,,,ST,0.0074,NH,OH,2008,H20,NH3,SR,H20,NH3,SR,, ,,, ,ST,2008,,,,,,
57242,Coyote Canyon Energy LLC,10395,GRS Coyote Canyon,CA,1,OP,N,,, , ,, , ,,, ,,,,,,,, ,,, ,,,,,,,, ,,, ,, ,,,,,,
57277,Hidden Hills Solar I LLC,57905,Hidden Hills Solar Plant 1,CA,B1A,PL,,,, , ,, , ,,, ,,,,,,,, ,,, ,,,,,,,, ,,, ,, ,,,,,,
57278,Hidden Hills Solar II LLC,57906,Hidden Hills Solar Plant 2,CA,B1B,PL,,,, , ,, , ,,, ,,,,,,,, ,,, ,,,,,,,, ,,, ,, ,,,,,,
57279,California Portland Cement Co,57907,Colton Plant,CA,P2-1,OS,,,, , ,, , ,,, ,,,,,,,, ,,, ,,,,,,,, ,,, ,, ,,,,,,
57279,California Portland Cement Co,57907,Colton Plant,CA,P2-2,OS,,,, , ,, , ,,, ,,,,,,,, ,,, ,,,,,,,, ,,, ,, ,,,,,,
57279,California Portland Cement Co,57907,Colton Plant,CA,P3-1,OS,,,, , ,, , ,,, ,,,,,,,, ,,, ,,,,,,,, ,,, ,, ,,,,,,
57281,University of Cincinnati,57908,Central Utility Plant Cincinnati,OH,HRSG1,OP,Dc,,, , ,ST, , ,,, ,,,,,,,ST,0.1,NP,OH,2004,LN,LA,,LN,LA,,ST,2.07,PH,, ,, ,,,,,,
57281,University of Cincinnati,57908,Central Utility Plant Cincinnati,OH,HRSG2,OP,Dc,,, , ,ST, , ,,, ,,,,,,,ST,0.1,NP,OH,2004,LN,LA,,LN,LA,,ST,2.07,PH,, ,, ,,,,,,
57282,Piedmont Green Power,57909,Piedmont Green Power,GA,BLR1,OP,,,, , ,, , ,,, ,,,,,,,ST,249,OT,YR,2014,CF,NH3,SN,CF,NH3,,, ,OT,, ,ST,203,BP,OT,,BP,OT,
57297,FMC Westvaco,57915,FMC Westvaco,WY,1BLR,SB,,,, , ,, , ,,, ,,,,,,,ST,0.23,NP,YR,1952,LA,,,NC,,,, ,,, ,, ,,,,,,
57297,FMC Westvaco,57915,FMC Westvaco,WY,2BLR,SB,,,, , ,, , ,,, ,,,,,,,ST,0.23,NP,YR,1952,LA,,,NC,,,, ,,, ,, ,,,,,,
57297,FMC Westvaco,57915,FMC Westvaco,WY,3BLR,SB,,,, , ,, , ,,, ,,,,,,,ST,0.23,NP,YR,1963,LA,,,NC,,,, ,,, ,, ,,,,,,
57297,FMC Westvaco,57915,FMC Westvaco,WY,4BLR,SB,,,, , ,, , ,,, ,,,,,,,ST,0.23,NP,YR,1966,LA,,,NC,,,, ,,, ,, ,,,,,,
57297,FMC Westvaco,57915,FMC Westvaco,WY,6BLR,OP,,,, , ,ST, , ,,, ,,,,,,,ST,284,NH,MO,1976,LN,OV,,NC,,,ST, ,,, ,, ,,,,,,
57297,FMC Westvaco,57915,FMC Westvaco,WY,7BLR,OP,,,, , ,, , ,,, ,,,,,,,ST,284,NH,MO,1976,LN,OV,,NC,,,ST, ,,, ,, ,,,,,,
57297,FMC Westvaco,57915,FMC Westvaco,WY,8BLR,SB,,,, , ,, , ,,, ,,,,,,,ST,0.1,NP,OH,1995,LN,LA,,NC,,,, ,,, ,, ,,,,,,
57300,Bayer CropScience,57917,Bayer CropScience Institute Plant,WV,10,OP,,,, , ,ST, , ,,, ,,,,,,,ST,789,NH,OH,2007,LN,LN,LN,LN,LN,LN,, ,,, ,FD,2016,ND,ND,ND,ND,ND,ND
57300,Bayer CropScience,57917,Bayer CropScience Institute Plant,WV,11,OP,,,, , ,, , ,,, ,,,,,,,, ,,, ,,,,,,,, ,,, ,, ,,,,,,
57300,Bayer CropScience,57917,Bayer CropScience Institute Plant,WV,12,OP,,,, , ,, , ,,, ,,,,,,,ST,789,,, ,,,,,,,, ,,, ,, ,,,,,,
57302,Sonoco Products Co,57919,Sonoco Products Co,SC,10,OP,,,, , ,, , ,,, ,,,,,,,, ,,, ,,,,,,,, ,,, ,, ,,,,,,
57302,Sonoco Products Co,57919,Sonoco Products Co,SC,11,OP,,,, , ,, , ,,, ,,,,,,,, ,,, ,SN,,,NC,,,, ,,, ,, ,,,,,,
57302,Sonoco Products Co,57919,Sonoco Products Co,SC,2,RE,,,, , ,, , ,,, ,,,,,,,, ,,, ,,,,,,,, ,,, ,, ,,,,,,
57302,Sonoco Products Co,57919,Sonoco Products Co,SC,3,OP,,,, , ,, , ,,, ,,,,,,,, ,,, ,,,,,,,, ,,, ,, ,,,,,,
57302,Sonoco Products Co,57919,Sonoco Products Co,SC,4,OP,,,, , ,, , ,,, ,,,,,,,, ,,, ,,,,,,,, ,,, ,, ,,,,,,
57302,Sonoco Products Co,57919,Sonoco Products Co,SC,6,RE,,,, , ,, , ,,, ,,,,,,,, ,,, ,,,,,,,, ,,, ,, ,,,,,,
57302,Sonoco Products Co,57919,Sonoco Products Co,SC,9,OP,,,, , ,, , ,,, ,,,,,,,, ,,, ,SR,,,NC,,,, ,,, ,, ,,,,,,
57322,Naval Facilities Engineering Command,57944,Goddard Steam Plant,MD,BLR1,OP,,,, , ,ST, , ,,, ,,,,,,,ST,0.65,NH,WA,1998,LN,,,LN,,,ST, ,,, ,ST, ,ND,,,ND,,
57322,Naval Facilities Engineering Command,57944,Goddard Steam Plant,MD,BLR2,OP,,,, , ,ST, , ,,, ,,,,,,,ST,0.65,NH,WA,1998,LN,,,LN,,,ST, ,,, ,ST, ,ND,,,ND,,
57322,Naval Facilities Engineering Command,57944,Goddard Steam Plant,MD,BLR3,OP,,,, , ,, , ,,, ,,,,,,,ST,0.65,NH,WA,1998,LN,,,LN,,,ST, ,,, ,ST, ,ND,,,ND,,
57332,Roquette America,57953,Roquette America,IA,COGEN,OP,,,, , ,, , ,,, ,,,,,,,, ,,, ,,,,,,,, ,,, ,, ,,,,,,
57332,Roquette America,57953,Roquette America,IA,HRSG,SB,,,, , ,, , ,,, ,,,,,,,, ,,, ,,,,,,,, ,,, ,, ,,,,,,
57341,Foster Wheeler Twin Cities,57966,Southeast Steam Plant,MN,SG-201,OP,,,, , ,FD, , ,,, ,,,,,,,FD,53.06,NH,MO,1999,LN,,,LN,,,, ,,, ,FD,2014,OT,,,OT,,
57341,Foster Wheeler Twin Cities,57966,Southeast Steam Plant,MN,SG-203,OP,,,, , ,, , ,,, ,,,,,,,, ,,, ,,,,,,,, ,,, ,, ,,,,,,
57356,Alabama River Cellulose LLC,10216,Alabama River Pulp,AL,PB1,OP,,,, , ,, , ,,, ,,,,,,,FD,0.3,NP,TH,1978,MS,,,MS,,,, ,,, ,FD,1978,,,,,,
57356,Alabama River Cellulose LLC,10216,Alabama River Pulp,AL,RB1,OP,,,, , ,, , ,,, ,,,,,,,FD,90,NM,TH,1978,MS,,,MS,,,, ,,, ,, ,,,,,,
57356,Alabama River Cellulose LLC,54429,Alabama Pine Pulp,AL,PB2,OP,N,,, , ,, , ,,, ,,,,,,,FD,0.1,NP,TH,1991,MS,,,MS,,,, ,,, ,, ,,,,,,
57356,Alabama River Cellulose LLC,54429,Alabama Pine Pulp,AL,RB2,OP,N,,, , ,, , ,,, ,,,,,,,FD,75,NM,TH,1991,MS,,,MS,,,, ,,, ,, ,,,,,,
57377,PPG - O&M Panda Temple Power LLC,58001,Panda Temple Power Station,TX,HRSG1,PL,N,Y,83503/PSDTX1111,10,2008,FD, , ,,,2014,,,,ND,,,FD, ,,,2014,,,,LN,SR,,FD, ,,,2014,, ,,,,,,
57377,PPG - O&M Panda Temple Power LLC,58001,Panda Temple Power Station,TX,HRSG2,PL,N,Y,83503/PSDTX1111,10,2008,FD, , ,,,2014,,,,ND,,,FD, ,,,2014,,,,LN,SR,,FD, ,,,2014,, ,,,,,,
57377,PPG - O&M Panda Temple Power LLC,58001,Panda Temple Power Station,TX,HRSG3,PL,N,Y,83503/PSDTX1111,10,2008,FD, , ,,,2015,,,,ND,,,FD, ,,,2015,LN,,,LN,SR,,FD, ,,,2015,, ,,,,,,
57377,PPG - O&M Panda Temple Power LLC,58001,Panda Temple Power Station,TX,HRSG4,PL,N,Y,83503/PSDTX1111,10,2008,FD, , ,,,2015,,,,ND,,,FD, ,,,2015,,,,LN,SR,,FD, ,,,2015,, ,,,,,,
57379,PPG - O&M Panda Sherman Power LLC,58005,Panda Sherman Power Station,TX,HRSG1,CO,N,Y,87225/PSDTX1198,3,2010,FD,4.03, ,DH,OH,2014,,,,WA,,,FD,22,NH,OH,2014,,,,SR,,,FD,15.4,PH,OH,2014,, ,,,,,,
57379,PPG - O&M Panda Sherman Power LLC,58005,Panda Sherman Power Station,TX,HRSG2,CO,N,Y,87225/PSDTX1198,3,2010,FD,4.03, ,DH,OH,2014,,,,WA,,,FD,22,NH,OH,2014,,,,SR,,,FD,15.4,PH,OH,2014,, ,,,,,,
57393,Duke Energy Commercial Asset Management,55397,Washington Energy Facility,OH,DB1,OP,Da,,606792,7,2002,ST,1.52, ,DH,OH,2002,NC,,,NC,,,ST,28.6,NH,OH,2002,SR,,,SR,,,ST,23.4,PH,OH,2002,, ,,,,,,
57393,Duke Energy Commercial Asset Management,55397,Washington Energy Facility,OH,DB2,OP,Da,,606792,7,2002,ST,1.52, ,DH,OH,2002,NC,,,NC,,,ST,28.6,NH,OH,2002,SR,,,SR,,,ST,23.4,PH,OH,2002,, ,,,,,,
57393,Duke Energy Commercial Asset Management,55516,Fayette Energy Facility,PA,DB1,OP,Da,,PA2600535A,1,2002,ST,14.5, ,DH,OH,2003,NC,,,NC,,,ST,21.6,NH,OH,2003,NC,,,NC,,,ST,34.8,PH,OH,2003,, ,,,,,,
57393,Duke Energy Commercial Asset Management,55516,Fayette Energy Facility,PA,DB2,OP,Da,,PA2600535A,1,2002,ST,14.5, ,DH,OH,2003,NC,,,NC,,,ST,21.6,NH,OH,2003,NC,,,NC,,,ST,34.8,PH,OH,2003,, ,,,,,,
57393,Duke Energy Commercial Asset Management,55736,Hanging Rock Energy Facility,OH,1HR1,OP,Da,,700503,12,2001,ST,1.52, ,DH,OH,2003,NC,,,NC,,,ST,27.6,NH,OH,2003,SR,,,SR,,,ST,19.9,PH,OH,2003,, ,,,,,,
57393,Duke Energy Commercial Asset Management,55736,Hanging Rock Energy Facility,OH,1HR2,OP,Da,,700503,12,2001,ST,1.52, ,DH,OH,2003,NC,,,NC,,,ST,27.6,NH,OH,2003,SR,,,SR,,,ST,19.9,PH,OH,2003,, ,,,,,,
57393,Duke Energy Commercial Asset Management,55736,Hanging Rock Energy Facility,OH,2HR1,OP,Da,,700503,12,2001,ST,1.52, ,DH,OH,2003,NC,,,NC,,,ST,27.6,NH,OH,2003,SR,,,SR,,,ST,19.9,PH,OH,2003,, ,,,,,,
57393,Duke Energy Commercial Asset Management,55736,Hanging Rock Energy Facility,OH,2HR2,OP,Da,,700503,12,2001,ST,1.52, ,DH,OH,2003,NC,,,NC,,,ST,27.6,NH,OH,2003,SR,,,SR,,,ST,19.9,PH,OH,2003,, ,,,,,,
57400,"Evergreen Community Power, LLC",58023,Evergreen Community Power,PA,1,OP,,,, , ,, , ,,, ,,,,,,,ST,0.042,NP,MO,2009,SR,,,SR,,,, ,,, ,ST,2009,EH,,,EH,,
57430,"Berlin Station, LLC",58054,Burgess BioPower,NH,ST01,OP,Da,,, , ,FD, , ,,, ,,,,,,,FD,0.06,NP,,2014,SR,,,MS,,,FD,0.01,PB,, ,, ,,,,,,
57431,ReEnergy Biomass LLC,54526,ReEnergy Biomass LLC,NY,00001,OP,,,, , ,, , ,,, ,,,,,,,ST,0.2,NP,OH,1992,MS,,,MS,,,, ,,, ,,1992,,,,,,
57432,ReEnergy Livermore Falls,10354,ReEnergy Livermore Falls,ME,1,OP,Db,,, , ,, , ,,, ,,,,,,,ST,0.1,NP,DA,1992,NH3,SN,,NH3,SN,,, ,,, ,, ,,,,,,
57433,ReEnergy Chateaugay LLC,50277,ReEnergy Chateaugay Power Station,NY,BLR1,OP,,,, , ,, , ,,, ,,,,,,,, ,,, ,,,,,,,, ,,, ,, ,,,,,,
57437,MillerCoors LLC Trenton Brewery,58059,MillerCoors Trenton Brewery,OH,B001,RE,,,, , ,, , ,,, ,,,,,,,, ,,, ,,,,,,,, ,,, ,, ,,,,,,
57437,MillerCoors LLC Trenton Brewery,58059,MillerCoors Trenton Brewery,OH,B002,RE,,,, , ,, , ,,, ,,,,,,,, ,,, ,,,,,,,, ,,, ,, ,,,,,,
57442,"PCA, Filer City Mill",58066,"PCA, Filer City Mill",MI,B1,OP,Db,,, , ,ST, , ,,, ,,,,,,,, ,,, ,,,,,,,ST, ,,, ,, ,,,,,,
57442,"PCA, Filer City Mill",58066,"PCA, Filer City Mill",MI,B2,OP,Db,,, , ,ST, , ,,, ,,,,,,,ST,0.2,NP,MO,1998,LN,,,MS,,,ST,0.051,PB,, ,, ,,,,,,
57442,"PCA, Filer City Mill",58066,"PCA, Filer City Mill",MI,B4,OP,Db,,, , ,ST, , ,,, ,,,,,,,ST,0.17,NP,MO,2003,LN,,,MS,,,, ,,, ,, ,,,,,,
57457,"Hess NEC, LLC",58079,Newark Energy Center,NJ,HRSG-1,CO,Db,Y,08857-BOP13001,1,2013,ST,2.5, ,DH,PS,2015,,,,OT,,,FD,0.0073,NP,TH,2015,,,,LN,NH3,SR,FD,253.1,PH,PS,2015,, ,,,,,,
57457,"Hess NEC, LLC",58079,Newark Energy Center,NJ,HRSG-2,CO,Db,Y,08857-BOP13001,1,2013,ST,2.5, ,DH,PS,2015,,,,OT,,,FD,0.0073,NP,TH,2015,,,,LN,NH3,SR,FD,253.1,PH,PS,2015,, ,,,,,,
57481,Red River Mill Intl Paper Company,58108,International Paper Red River Mill,LA,2 HFB,OP,,,, , ,, , ,,, ,,,,,,,, ,,, ,,,,,,,, ,,, ,, ,,,,,,
57481,Red River Mill Intl Paper Company,58108,International Paper Red River Mill,LA,3 RB,OP,,,, , ,, , ,,, ,,,,,,,, ,,, ,,,,,,,, ,,, ,, ,,,,,,
57492,Georgia-Pacific Toledo LLC,58109,Georgia-Pacific Toledo Mill,OR,PB3,OP,N,,, , ,, , ,,, ,,,,,,,, ,,, ,LA,,,NC,,,ST,0.1,PC,NV, ,, ,,,,,,
57492,Georgia-Pacific Toledo LLC,58109,Georgia-Pacific Toledo Mill,OR,PB5,OP,Db,,, , ,, , ,,, ,,,,,,,ST,0.1,NP,DA,2006,LA,,,MS,,,ST,0.1,PB,NV,2006,, ,,,,,,
57492,Georgia-Pacific Toledo LLC,58109,Georgia-Pacific Toledo Mill,OR,REC1,OP,N,,, , ,ST,300,0,DM,TH,2006,NC,,,,,,, ,,, ,,,,,,,ST,0.033,PC,DA,2006,, ,,,,,,
57492,Georgia-Pacific Toledo LLC,58109,Georgia-Pacific Toledo Mill,OR,REC2,OP,N,,, , ,ST, , ,,, ,,,,,,,, ,,, ,,,,,,,, ,,, ,, ,,,,,,
57499,NRG Energy Services,57073,Ivanpah 2,CA,BLR1,OP,Db,,, , ,LO, , ,,, ,,,,,,,LO, ,,, ,,,,,,,LO, ,,, ,, ,,,,,,
57499,NRG Energy Services,57074,Ivanpah 1,CA,BLR1,OP,Db,,, , ,LO, , ,,, ,,,,,,,LO, ,,, ,,,,,,,LO, ,,, ,, ,,,,,,
57499,NRG Energy Services,57075,Ivanpah 3,CA,BLR1,OP,Db,,, , ,LO, , ,,, ,,,,,,,LO, ,,, ,,,,,,,LO, ,,, ,, ,,,,,,
57501,NAES Salem Harbor,1626,Salem Harbor,MA,1,OS,N,N,, , ,ST, , ,DP,YR,1995,SS,UE,,SS,UE,,ST, ,NP,DA,1995,,,,,,,ST,0.12,PB,NV,1995,, ,,,,,,
57501,NAES Salem Harbor,1626,Salem Harbor,MA,2,OS,N,N,, , ,ST, , ,DP,YR,1995,SS,UE,,SS,UE,,ST, ,NP,DA,1995,,,,,,,ST,0.12,PB,NV,1995,, ,,,,,,
57501,NAES Salem Harbor,1626,Salem Harbor,MA,3,OP,N,N,, , ,ST, , ,DP,YR,1995,SS,UE,,SS,UE,,ST, ,NP,DA,1995,SN,LN,,SN,LN,,ST,0.12,PB,NV,1995,ST,2014,ND,,,ND,,
57501,NAES Salem Harbor,1626,Salem Harbor,MA,4,OP,N,N,, , ,ST, , ,DP,YR,1995,SS,UE,,SS,UE,,ST, ,NP,DA,1995,LN,,,LN,,,ST,0.04,PB,NV,1995,ST,2014,ND,,,ND,,
58107,University of Rochester,58157,University of Rochester,NY,5,OP,,,, , ,, , ,,, ,,,,,,,, ,,, ,,,,,,,, ,,, ,, ,,,,,,
58107,University of Rochester,58157,University of Rochester,NY,6,OP,,,, , ,, , ,,, ,,,,,,,, ,,, ,,,,,,,, ,,, ,, ,,,,,,
58107,University of Rochester,58157,University of Rochester,NY,7,OP,,,, , ,, , ,,, ,,,,,,,, ,,, ,,,,,,,, ,,, ,, ,,,,,,
58107,University of Rochester,58157,University of Rochester,NY,9,OP,,,, , ,, , ,,, ,,,,,,,, ,,, ,,,,,,,, ,,, ,, ,,,,,,
58113,"Texas A&M, Utilities & Energy Services",58151,Central Utility Plant - Texas A&M,TX,B001,OP,,,, , ,, , ,,, ,,,,,,,ST,2.34,NH,OH,2012,SR,NH3,,SR,NH3,,, ,,, ,, ,,,,,,
58113,"Texas A&M, Utilities & Energy Services",58151,Central Utility Plant - Texas A&M,TX,B012,SB,,,, , ,, , ,,, ,,,,,,,ST,0.035,NP,OH,2006,LN,FR,,LN,FR,,, ,,, ,, ,,,,,,
58173,Ormet Primary Aluminum Corp-Burnside,58200,Burnside Alumina Div,LA,BLR2,OP,,,, , ,, , ,,, ,,,,,,,, ,,, ,,,,,,,, ,,, ,, ,,,,,,
58173,Ormet Primary Aluminum Corp-Burnside,58200,Burnside Alumina Div,LA,BLR3,OP,,,, , ,, , ,,, ,,,,,,,, ,,, ,,,,,,,, ,,, ,, ,,,,,,
58173,Ormet Primary Aluminum Corp-Burnside,58200,Burnside Alumina Div,LA,BLR4,OP,,,, , ,, , ,,, ,,,,,,,, ,,, ,,,,,,,, ,,, ,, ,,,,,,
58177,Raven Power Holdings LLC,602,Brandon Shores,MD,1,OP,D,N,, , ,FD,1.2, ,DP,TH,1984,IF,,,NC,,,FD,0.46,NP,OT,1984,SR,LN,AA,NC,,,ST,0.03,PC,PS,1984,ST,2013,BP,ACI,,,,
58177,Raven Power Holdings LLC,602,Brandon Shores,MD,2,OP,D,N,, , ,FD,1.2, ,DP,TH,1991,IF,,,NC,,,FD,0.46,NP,OT,1991,SR,LN,BF,NC,,,ST,0.03,PC,PS,1991,ST,2013,BP,,,,,
58177,Raven Power Holdings LLC,1552,C P Crane,MD,1,OP,N,N,, , ,ST,3.5, ,DP,TH,1983,SS,,,IF,,,FD,0.86,NP,OT,2000,SN,OV,,NC,,,ST,0.03,PC,PS,1983,ST,2013,BR,ACI,,,,
58177,Raven Power Holdings LLC,1552,C P Crane,MD,2,OP,N,N,, , ,ST,3.5, ,DP,TH,1983,SS,,,IF,,,FD,0.86,NP,OT,2000,SN,OV,,NC,,,ST,0.03,PC,PS,1983,ST,2013,BR,ACI,,,,
58177,Raven Power Holdings LLC,1554,Herbert A Wagner,MD,1,OP,N,N,, , ,ST,1, ,SU,NV,1972,NC,,,NC,,,ST,0.3,NP,OT,2012,NC,,,NC,,,ST,0.02,PC,PS,1977,, ,,,,,,
58177,Raven Power Holdings LLC,1554,Herbert A Wagner,MD,2,OP,N,N,, , ,ST,1, ,SU,NV,1972,NC,,,NC,,,ST,0.46,NP,OT,2000,LN,SN,,NC,,,ST,0.03,PC,PS,1988,ST,2013,ACI,,,ND,,
58177,Raven Power Holdings LLC,1554,Herbert A Wagner,MD,3,OP,N,N,, , ,ST,1, ,SU,NV,1972,NC,,,NC,,,ST,0.5,NP,OT,2012,LN,OV,SR,NC,,,ST,0.03,PC,PS,1987,ST,2013,ACI,,,ND,,
58177,Raven Power Holdings LLC,1554,Herbert A Wagner,MD,4,OP,N,N,, , ,ST,1, ,SU,NV,1972,NC,,,NC,,,ST,0.3,NP,OT,2012,LN,BF,,NC,,,ST,0.02,PC,PS,1978,, ,,,,,,
58185,"FirstLight Power Resources, Inc. - MA",1606,Mount Tom,MA,1,OP,N,N,, , ,ST, , ,DP,YR,2010,NC,,,NC,,,ST, ,NP,DA,2006,NC,,,NC,,,ST,0.03,PB,NV,2010,ST,1960,ACI,,,ACI,,
58199,PPL Ironwood LLC,55337,PPL Ironwood LLC,PA,HRSG11,OP,,,, , ,, , ,,, ,,,,,,,, ,,, ,,,,,,,, ,,, ,, ,,,,,,
58199,PPL Ironwood LLC,55337,PPL Ironwood LLC,PA,HRSG12,OP,,,, , ,, , ,,, ,,,,,,,, ,,, ,,,,,,,, ,,, ,, ,,,,,,
58209,CPI USA NC Southport LLC,10378,CPI USA NC Southport,NC,1A,OP,Db,N,, , ,ST,1.47, ,DP,NS,1987,SS,WA,,SS,,,ST, ,NP,MO,1987,OV,,,OV,,,ST,20,OP,SM,1987,ST,1987,BP,,,BP,,
58209,CPI USA NC Southport LLC,10378,CPI USA NC Southport,NC,1B,OP,Db,N,, , ,ST,1.47, ,SB,NV,1987,SS,WA,,SS,,,ST, ,NP,MO,1987,OV,,,OV,,,ST,20,OP,SM,1987,ST,1987,BP,,,BP,,
58209,CPI USA NC Southport LLC,10378,CPI USA NC Southport,NC,1C,OP,Db,N,, , ,ST,1.47, ,SB,NV,1987,SS,WA,,SS,,,ST, ,NP,MO,1987,OV,,,OV,,,ST,20,OP,SM,1987,ST,1987,BP,,,BP,,
58209,CPI USA NC Southport LLC,10378,CPI USA NC Southport,NC,2A,OP,Db,N,, , ,ST,1.47, ,DP,NV,1987,SS,WA,,SS,,,ST, ,NP,MO,1987,OV,,,OV,,,ST,20,OP,SM,1987,ST,1987,BP,,,BP,,
58209,CPI USA NC Southport LLC,10378,CPI USA NC Southport,NC,2B,OP,Db,N,, , ,ST,1.47, ,DP,NV,1987,SS,WA,,SS,,,ST, ,NP,MO,1987,OV,,,OV,,,ST,20,OP,SM,1987,ST,1987,BP,,,BP,,
58209,CPI USA NC Southport LLC,10378,CPI USA NC Southport,NC,2C,OP,Db,N,, , ,ST,1.47, ,DP,NV,1987,SS,WA,,SS,,,ST, ,NP,MO,1987,OV,,,OV,,,ST,20,OP,SM,1987,ST,1987,BP,,,BP,,
58210,CPI USA NC Roxboro LLC,10379,CPI USA NC Roxboro,NC,1A,OP,N,,, , ,, , ,,, ,,,,,,,, ,,, ,,,,,,,, ,,, ,, ,,,,,,
58210,CPI USA NC Roxboro LLC,10379,CPI USA NC Roxboro,NC,1B,OP,N,,, , ,, , ,,, ,,,,,,,, ,,, ,,,,,,,, ,,, ,, ,,,,,,
58210,CPI USA NC Roxboro LLC,10379,CPI USA NC Roxboro,NC,1C,OP,N,,, , ,, , ,,, ,,,,,,,, ,,, ,,,,,,,, ,,, ,, ,,,,,,
58224,Westwood Generation LLC,50611,Westwood Generation LLC,PA,031,OP,,,, , ,, , ,,, ,,,,,,,ST,0.3,NP,MO,1987,CF,,,NC,,,, ,,, ,FD,1987,BP,,,BP,,
58246,Escanaba Operating Services LLC,1771,Escanaba,MI,1,OP,,,, , ,ST, , ,,, ,,,,,,,, ,,, ,,,,,,,, ,,, ,, ,,,,,,
58246,Escanaba Operating Services LLC,1771,Escanaba,MI,2,OP,,,, , ,, , ,,, ,,,,,,,, ,,, ,,,,,,,, ,,, ,, ,,,,,,
58287,Rain CII Carbon LLC,58310,Lake Charles Plant,LA,B-1,OP,,,, , ,, , ,,, ,,,,,,,, ,,, ,,,,,,,, ,,, ,, ,,,,,,
58337,Lakeside Syracuse LLC,10621,CH Resources Syracuse,NY,HRSG50,SB,Db,,, , ,, , ,,, ,,,,,,,, ,,, ,,,,,,,, ,,, ,, ,,,,,,
58338,Lakeside Beaver Falls LLC,10617,CH Resources Beaver Falls,NY,HRSG50,OP,Db,,, , ,, , ,,, ,,,,,,,, ,,, ,,,,,,,, ,,, ,, ,,,,,,
58341,Nippon Paper Industries USA,58352,NPI USA Cogeneration Plant,WA,B-11,OP,,,, , ,, , ,,, ,,,,,,,FD,0.1,NP,YR,2014,AA,NH3,,AA,NH3,,, ,,, ,FD,2014,EK,SP,,EK,SP,
58371,"NextEra Blythe Solar Energy Center, LLC",57273,Blythe Solar Power Project,CA,A,CN,,,, , ,, , ,,, ,,,,,,,, ,,, ,,,,,,,, ,,, ,, ,,,,,,
58371,"NextEra Blythe Solar Energy Center, LLC",57273,Blythe Solar Power Project,CA,B,PL,,,, , ,, , ,,, ,,,,,,,, ,,, ,,,,,,,, ,,, ,, ,,,,,,
58409,Future Power PA,58409,Good Spring NGCC,PA,HRSG,PL,N,Y,54-00082A,3,2014,FD, , ,,, ,,,,,,,FD, ,NH,NS,2017,NH3,,,NH3,,,FD, ,PH,NS,2017,FD,2017,,,,,,
58453,AltaGas Blythe Operations Inc,55295,Blythe Energy Inc,CA,HRSG1,OP,N,N,, , ,FD,2.7, ,DH,OH,2003,NC,,,NC,,,FD,2.5,NM,OH,2003,NC,SR,,NC,SR,,FD,11.5,PH,OH,2003,, ,,,,,,
58453,AltaGas Blythe Operations Inc,55295,Blythe Energy Inc,CA,HRSG2,OP,N,N,, , ,FD,2.7, ,DH,OH,2003,NC,,,NC,,,FD,2.5,NM,OH,2003,NC,SR,,NC,SR,,FD,11.5,PH,OH,2003,, ,,,,,,
58460,Buena Vista Biomass LLC,58472,Buena Vista Biomass Power,CA,1,OP,,,, , ,, , ,,, ,,,,,,,, ,,, ,,,,,,,, ,,, ,, ,,,,,,
58517,"SWG Arapahoe, LLC",55200,Arapahoe Combustion Turbine Project,CO,HRSG5,OP,Db,,, , ,ST, , ,OT,YR,2002,,,,,,,ST,39,OT,YR,2002,SR,,,SR,,,ST,14.9,OT,YR,2002,, ,,,,,,
58517,"SWG Arapahoe, LLC",55200,Arapahoe Combustion Turbine Project,CO,HSRG6,OP,Db,,, , ,ST, , ,OT,YR,2002,,,,,,,ST,39,OT,YR,2002,SR,,,SR,,,ST,14.9,OT,YR,2002,, ,,,,,,
58524,South Boston Energy LLC,58560,Halifax County Biomass,VA,BLR1,OP,Db,,, , ,ST, , ,,, ,,,,,,,ST,0.085,NP,DA,2014,NH3,SR,,NH3,SR,,, ,,, ,ST,2014,,,,,,
58534,Brayton Point Energy LLC,1619,Brayton Point,MA,1,OP,N,N,, , ,ST, , ,DM,DA,1982,IF,,,NC,,,ST, ,NH,DA,1994,NH3,,,NC,,,ST,0.08,OT,OH,1982,ST,2009,ACI,BP,,,,
58534,Brayton Point Energy LLC,1619,Brayton Point,MA,2,OP,N,N,, , ,ST, , ,DM,DA,1982,IF,,,NC,,,ST, ,NM,DA,1994,LN,,,NC,,,ST,0.08,OT,OH,1982,ST,2009,ACI,BP,,,,
58534,Brayton Point Energy LLC,1619,Brayton Point,MA,3,OP,N,N,, , ,ST, , ,DM,DA,1982,IF,,,NC,,,ST, ,NM,DA,1995,LN,NH3,,NC,NC,,ST,0.08,OT,OH,1982,ST,2009,ACI,BP,,,,
58534,Brayton Point Energy LLC,1619,Brayton Point,MA,4,OP,N,N,, , ,ST, , ,DM,DA,1977,NC,,,NC,,,ST, ,NP,DA,1994,LN,,,NC,,,ST,0.03,OT,OH,1974,, ,,,,,,
58535,Eagle Valley Clean Energy LLC,58574,Eagle Valley Clean Energy LLC Biomass,CO,01,OP,,,, , ,, , ,,, ,,,,,,,FD,0.03,NP,YR,2014,FR,NH3,,FR,NH3,,, ,,, ,,2013,,,,,,
58550,"Indeck Energy-Alexandria, LLC",58595,Indeck Energy-Alexandria,NH,B1,OP,,,, , ,, , ,,, ,,,,,,,ST,0.075,NP,ND,2008,NH3,,,NH3,,,ST, ,,, ,, ,,,,,,
58566,Abengoa Bioenergy Biomass of Kansas,58613,ABBK Biomass Plant,KS,2000,OP,Db,Y,1890231,9,2011,FD,0.21,1,DP,MO,2014,OT,,,IF,,,FD,0.3,NP,MO,2014,LN,,,SR,OV,,FD,0.32,PB,MO,2014,FD,2014,BP,,,SD,BP,DSI
58615,NRG Homer City Services LLC,3122,Homer City Generating Station,PA,1,OP,N,N,, , ,ST,3.7, ,DP,MO,1969,NC,,,IF,,,ST,0.5,NP,MO,1996,SR,LN,OV,NC,,,ST,0.1,PB,PS,1976,ST,2016,,,,CD,ACI,
58615,NRG Homer City Services LLC,3122,Homer City Generating Station,PA,2,OP,N,N,, , ,ST,3.7, ,DP,MO,1969,NC,,,IF,,,ST,0.5,NP,MO,1996,SR,LN,OV,NC,,,ST,0.1,PB,NV,1976,ST,2016,,,,CD,ACI,
58615,NRG Homer City Services LLC,3122,Homer City Generating Station,PA,3,OP,D,N,, , ,ST,0.4, ,DP,MO,1976,IF,,,NC,,,ST,0.5,NP,MO,1996,SR,LN,OV,NC,,,ST,0.1,PB,NV,1976,ST,2016,SP,,,ND,,
58620,AEP Generation Resources Inc,2828,Cardinal,OH,1,OP,N,N,, , ,ST,1.056, ,DP,MO,2008,IF,,,IF,,,FD,0.68,NP,YR,2000,SR,LN,,SR,LN,,ST,0.03,PB,DT,1980,FD,2015,,,,JB,EC,
58620,AEP Generation Resources Inc,2828,Cardinal,OH,2,OP,N,N,, , ,ST,1.056, ,DP,MO,2007,IF,,,IF,,,FD,0.68,NP,YR,2000,SR,LN,,SR,LN,,ST,0.03,PB,DT,1980,FD,2015,,,,JB,EC,
58620,AEP Generation Resources Inc,2828,Cardinal,OH,3,OP,N,N,, , ,ST,0.66, ,DP,MO,2012,IF,,,IF,,,FD,0.46,OT,YR,2000,SR,LN,,SR,LN,,ST,0.1,PB,DT,1980,FD,2015,,,,JB,EH,
58620,AEP Generation Resources Inc,2840,Conesville,OH,1,RE,N,N,, , ,ST, , ,DP,MO,1982,OT,,,OT,,,ST, ,OT,YR,2000,OT,,,OT,,,ST,0.1,PB,DT,1977,FD,2015,,,,OT,,
58620,AEP Generation Resources Inc,2840,Conesville,OH,2,RE,N,N,, , ,ST, , ,DP,MO,1970,OT,,,OT,,,ST, ,OT,YR,2000,OT,,,OT,,,ST,0.1,PB,DT,1977,FD,2015,,,,OT,,
58620,AEP Generation Resources Inc,2840,Conesville,OH,3,RE,N,N,, , ,ST, , ,DP,MO,1970,OT,,,OT,,,ST, ,OT,YR,2000,OT,,,OT,,,ST,0.1,PB,DT,1977,FD,2015,,,,OT,,
58620,AEP Generation Resources Inc,2840,Conesville,OH,4,OP,N,N,, , ,ST,0.9, ,DP,MO,2009,IF,,,IF,,,FD,0.45,NP,YR,1977,SR,,,SR,,,ST,0.1,PB,DT,1984,FD,2015,,,,JB,OT,
58620,AEP Generation Resources Inc,2840,Conesville,OH,5,OP,D,N,, , ,FD,1.2, ,DP,TH,1976,NC,,,NC,,,FD,0.4,NP,YR,2000,OV,,,OV,,,FD,0.1,PB,DT,1976,FD,2015,,,,OT,EK,SP
58620,AEP Generation Resources Inc,2840,Conesville,OH,6,OP,D,N,, , ,FD,1.2, ,DP,TH,1978,NC,,,NC,,,FD,0.4,NP,YR,2000,OV,,,OV,,,FD,0.1,PB,DT,1978,FD,2015,,,,OT,EK,SP
58620,AEP Generation Resources Inc,2843,Picway,OH,9,OP,N,N,, , ,ST,5.6, ,DP,MO,2001,SS,,,OT,,,FD,0.5,NP,YR,2000,LN,,,OT,,,ST,0.1,PB,DT,1976,FD,2015,,,,OT,,
58620,AEP Generation Resources Inc,2872,Muskingum River,OH,1,OP,N,N,, , ,ST,7.6, ,DP,MO,1980,SS,,,NC,,,FD,0.84,NP,YR,2000,OV,,,NC,,,ST,0.1,PB,DT,1972,FD,2015,,,,OT,,
58620,AEP Generation Resources Inc,2872,Muskingum River,OH,2,OP,N,N,, , ,ST,7.6, ,DP,MO,1980,SS,,,NC,,,FD,0.84,NP,YR,2000,OV,,,NC,,,ST,0.1,PB,DT,1972,FD,2015,,,,OT,,
58620,AEP Generation Resources Inc,2872,Muskingum River,OH,3,OP,N,N,, , ,ST,7.6, ,DP,MO,1980,SS,,,NC,,,FD,0.86,NP,YR,2000,OV,,,NC,,,ST,0.1,PB,DT,1972,FD,2015,OT,,,,,
58620,AEP Generation Resources Inc,2872,Muskingum River,OH,4,OP,N,N,, , ,ST,7.6, ,DP,MO,1980,SS,,,NC,,,FD,0.86,NP,YR,2000,OV,,,NC,,,ST,0.1,PB,DT,1971,FD,2015,OT,,,,,
58620,AEP Generation Resources Inc,2872,Muskingum River,OH,5,OP,N,N,, , ,ST,7.6, ,DP,MO,1980,SS,,,NC,,,FD,0.68,NP,YR,2000,LN,SR,,NC,,,ST,0.1,PB,DT,1980,FD,2015,OT,,,,,
58620,AEP Generation Resources Inc,3947,Kammer,WV,1,OP,N,N,, , ,ST,2.7, ,DP,DA,2000,NC,,,NC,,,FD, ,NP,YR,2000,OV,,,OV,,,ST,0.05,PB,DT,1978,FD,2015,,,,OT,,
58620,AEP Generation Resources Inc,3947,Kammer,WV,2,OP,N,N,, , ,ST,2.7, ,DP,DA,2000,NC,,,NC,,,FD, ,NP,YR,2000,OV,,,OV,,,ST,0.05,PB,DT,1978,FD,2015,,,,OT,,
58620,AEP Generation Resources Inc,3947,Kammer,WV,3,OP,N,N,, , ,ST,2.7, ,DP,DA,2000,NC,,,NC,,,FD, ,NP,YR,2000,OV,,,OV,,,ST,0.05,PB,DT,1978,FD,2015,,,,OT,,
58620,AEP Generation Resources Inc,8102,General James M Gavin,OH,1,OP,N,N,, , ,ST,2.15, ,DP,MO,1974,IF,,,IF,,,FD, ,NP,YR,2000,SR,,,SR,LN,,ST,0.1,PB,DT,1974,FD,2015,EC,,,EC,,
58620,AEP Generation Resources Inc,8102,General James M Gavin,OH,2,OP,N,N,, , ,ST,2.15, ,DH,MO,1975,IF,,,IF,,,FD, ,NP,YR,2000,SR,,,SR,LN,,ST,0.1,PB,DT,1975,FD,2015,EC,,,EC,,
58620,AEP Generation Resources Inc,55503,AEP Waterford Facility,OH,HRSG1,OP,Da,Y,06-06739,3,2007,ST,14, ,DH,OH,2003,NC,WA,,NC,,,ST,3.5,NM,OH,2003,LN,SR,,NC,,,ST,25,PH,OH,2003,FD,2003,,,,,,
58620,AEP Generation Resources Inc,55503,AEP Waterford Facility,OH,HRSG2,OP,Da,N,, , ,ST,14, ,DH,OH,2003,NC,,,NC,,,ST,3.5,NM,OH,2003,LN,SR,,NC,,,ST,25,PH,OH,2003,FD,2003,,,,,,
58620,AEP Generation Resources Inc,55503,AEP Waterford Facility,OH,HRSG3,OP,Da,N,, , ,ST,14, ,DH,OH,2003,NC,,,NC,,,ST,3.5,NM,OH,2003,LN,SR,,NC,,,ST,25,PH,OH,2003,FD,2003,,,,,,
58650,IHI Power Services Corp,50560,Pacific-Ultrapower Chinese Station,CA,B101,OP,N,,, , ,LO, , ,,, ,,,,,,,LO,58.3,NH,DA, ,CF,NH3,OV,CF,NH3,OV,LO, ,,, ,, ,,,,,,
58651,"Allegany Generating Station, LLC",7784,Allegany Cogen,NY,HRSG,OP,Dc,,, , ,FD, , ,,, ,,,,,,,FD,9,NM,OH,1994,H20,SR,,H20,SR,,FD, ,,, ,, ,,,,,,
58666,AlphaGen Power LLC,55270,Jackson Power Facility,MI,HRSG1,OP,Db,N,, , ,, , ,,, ,,,,,,,ST,25,NP,MO,2002,MS,,,MS,,,, ,,, ,, ,,,,,,
58666,AlphaGen Power LLC,55270,Jackson Power Facility,MI,HRSG2,OP,Db,N,, , ,, , ,,, ,,,,,,,ST,25,NP,MO,2002,MS,,,MS,,,, ,,, ,, ,,,,,,
58666,AlphaGen Power LLC,55270,Jackson Power Facility,MI,HRSG3,OP,Db,N,, , ,, , ,,, ,,,,,,,ST,25,NP,MO,2002,MS,,,MS,,,, ,,, ,, ,,,,,,
58666,AlphaGen Power LLC,55270,Jackson Power Facility,MI,HRSG4,OP,Db,N,, , ,, , ,,, ,,,,,,,ST,25,NP,MO,2002,MS,,,MS,,,, ,,, ,, ,,,,,,
58666,AlphaGen Power LLC,55270,Jackson Power Facility,MI,HRSG5,OP,Db,N,, , ,, , ,,, ,,,,,,,ST,25,NP,MO,2002,MS,,,MS,,,, ,,, ,, ,,,,,,
58666,AlphaGen Power LLC,55270,Jackson Power Facility,MI,HRSG6,OP,Db,N,, , ,, , ,,, ,,,,,,,ST,25,NP,MO,2002,MS,,,MS,,,, ,,, ,, ,,,,,,
58666,AlphaGen Power LLC,55270,Jackson Power Facility,MI,HRSG7,OP,Db,N,, , ,, , ,,, ,,,,,,,ST,9,NP,MO,2002,MS,,,MS,,,, ,,, ,, ,,,,,,
58676,Ameren Energy Medina Valley,862,Grand Tower Energy Center LLC,IL,1,OP,,,, , ,, , ,,, ,,,,,,,, ,,, ,,,,,,,, ,,, ,, ,,,,,,
58676,Ameren Energy Medina Valley,862,Grand Tower Energy Center LLC,IL,2,OP,,,, , ,, , ,,, ,,,,,,,, ,,, ,,,,,,,, ,,, ,, ,,,,,,
58905,NAES Corporation - Plum Point,56456,Plum Point Energy Station,AR,BLR1,OP,Da,Y,1995-AOP-R2,1,2008,FD,0.16, ,DP,TH,2009,IF,,,IF,,,FD,0.09,NP,DA,2009,LN,OV,SR,LN,OV,SR,FD,0.02,PB,YR,2009,FD,2009,BS,ACI,,BS,ACI,
58945,Wood Group Power Plant Services Inc,54423,Quantum Lake Power LP,FL,HRSG1,OP,N,,, , ,, , ,,, ,,,,,,,ST,25,NM,DA,1993,H20,,,H20,,,, ,,, ,ST,1993,,,,,,
58945,Wood Group Power Plant Services Inc,54423,Quantum Lake Power LP,FL,HRSG2,OP,N,,, , ,, , ,,, ,,,,,,,ST,25,NM,DA,1993,H20,,,H20,,,, ,,, ,ST,1993,,,,,,
58945,Wood Group Power Plant Services Inc,54424,Quantum Pasco Power LP,FL,HRSG1,OP,,,, , ,, , ,,, ,,,,,,,ST,25,NM,DA,1993,H20,,,H20,,,, ,,, ,, ,,,,,,
58945,Wood Group Power Plant Services Inc,54424,Quantum Pasco Power LP,FL,HRSG2,OP,,,, , ,, , ,,, ,,,,,,,ST,25,NM,DA,1993,H20,,,H20,,,, ,,, ,, ,,,,,,
58971,Danskammer Energy,2480,Danskammer Generating Station,NY,1,OP,N,N,, , ,ST, , ,SU,NV,1972,NC,,,NC,,,ST, ,NP,DA,1995,NC,,,NC,,,ST,0.1,PB,NV,1972,, ,,,,,,
58971,Danskammer Energy,2480,Danskammer Generating Station,NY,2,OP,N,N,, , ,ST, , ,SU,NV,1972,NC,,,NC,,,ST, ,NP,DA,1995,NC,,,NC,,,ST,0.1,PB,NV,1972,, ,,,,,,
58971,Danskammer Energy,2480,Danskammer Generating Station,NY,3,OP,N,N,, , ,ST, , ,SB,DA,1987,NC,,,NC,,,ST, ,NP,DA,1995,OV,LN,,OV,LN,,ST,0.03,PB,NV,1987,, ,,,,,,
58971,Danskammer Energy,2480,Danskammer Generating Station,NY,4,OP,N,N,, , ,ST, , ,SB,DA,1987,NC,,,NC,,,ST, ,NP,DA,1995,OV,LN,,OV,LN,,ST,0.03,PB,NV,1987,, ,,,,,,
59186,Mesquite Lake Water & Power Plant #1,57154,Imperial Valley Resource Recovery,CA,B1,OS,,,, , ,, , ,,, ,,,,,,,, ,,, ,,,,,,,, ,,, ,, ,,,,,,
59191,Humboldt Bay Harbor Rec & Con Dist,10074,Pulp Mill Power House,CA,RECBOI,OS,N,,, , ,, , ,,, ,,,,,,,, ,,, ,,,,,,,, ,,, ,, ,,,,,,
