Utility ID,Utility Name,Plant Code,Plant Name,State,County,Generator ID,Status,Prime Mover,Sector Name,Sector,Nameplate Capacity (MW),Summer Capacity (MW),Winter Capacity (MW),Energy Source 1,Energy Source 2,Cofire Fuels?,Cofire Energy Source 1,Cofire Energy Source 2,Cofire Energy Source 3,Cofire Energy Source 4,Cofire Energy Source 5,Cofire Energy Source 6,Switch Between Oil and Natural Gas?,Switch When Operating?,Net Summer Capacity with Natural Gas (MW),Net Winter Capacity with Natural Gas (MW),Net Summer Capacity with Oil (MW),Net Winter Capacity with Oil (MW),Time to Switch From Gas to Oil,Time to Switch From Oil to Gas,Factors that Limit Switching?,Storage Limits?,Air Permit Limits?,Other Limits?
25,Greenidge Generation Holdings LLC,2527,Greenidge Generation LLC,NY,Yates,4,OP,ST,IPP Non-CHP,2,112.5,107.5,106.3,BIT,WDS,Y,BIT,NG,WDS,SUB,DFO,,N,, , , , ,,,,,,
52,ACE Cogeneration Co,10002,ACE Cogeneration Facility,CA,San Bernardino,GEN1,OP,ST,IPP CHP,3,108.0,101.2,101.5,BIT,,Y,BIT,PC,,,,,N,, , , , ,,,,,,
142,AES Beaver Valley,10676,AES Beaver Valley Partners Beaver Valley,PA,Beaver,GEN2,SB,ST,IPP CHP,3,35.0,32,31.5,BIT,PC,Y,BIT,PC,,,,,N,, , , , ,,,,,,
142,AES Beaver Valley,10676,AES Beaver Valley Partners Beaver Valley,PA,Beaver,GEN3,SB,ST,IPP CHP,3,114.0,114,120,BIT,PC,Y,BIT,PC,,,,,N,, , , , ,,,,,,
177,AES Hawaii Inc,10673,AES Hawaii,HI,Honolulu,GEN1,OP,ST,IPP CHP,3,203.0,180,180,BIT,WO,Y,SUB,TDF,WO,DFO,WC,OBS,N,, , , , ,,,,,,
189,PowerSouth Energy Cooperative,533,McWilliams,AL,Covington,1,OP,CA,Electric Utility,1,7.5,9,9,NG,DFO,N,,,,,,,Y,N,10, ,10, ,6H,,Y,Y,,
189,PowerSouth Energy Cooperative,533,McWilliams,AL,Covington,2,OP,CA,Electric Utility,1,7.5,9,9,NG,DFO,N,,,,,,,Y,N,10, ,10, ,6H,,Y,Y,,
189,PowerSouth Energy Cooperative,533,McWilliams,AL,Covington,3,OP,CA,Electric Utility,1,25.0,22,22,NG,DFO,N,,,,,,,Y,N,20, ,20, ,6H,,N,,,
189,PowerSouth Energy Cooperative,533,McWilliams,AL,Covington,4,OP,CT,Electric Utility,1,107.0,108,116,NG,DFO,N,,,,,,,Y,Y,109, ,109, ,1H,1H,N,,,
189,PowerSouth Energy Cooperative,7063,McIntosh (AL),AL,Washington,2,OP,GT,Electric Utility,1,113.0,114,120,NG,DFO,N,,,,,,,Y,Y,114, ,114, ,6H,,Y,Y,Y,
189,PowerSouth Energy Cooperative,7063,McIntosh (AL),AL,Washington,3,OP,GT,Electric Utility,1,113.0,114,120,NG,DFO,N,,,,,,,Y,Y,114, ,114, ,6H,,Y,Y,Y,
195,Alabama Power Co,10,Greene County,AL,Greene,GT10,OP,GT,Electric Utility,1,80.0,85,101,NG,DFO,N,,,,,,,Y,Y,80, ,80, ,24H,,Y,,,Y
195,Alabama Power Co,10,Greene County,AL,Greene,GT2,OP,GT,Electric Utility,1,80.0,84,100,NG,DFO,N,,,,,,,Y,Y,80, ,80, ,24H,,Y,,,Y
195,Alabama Power Co,10,Greene County,AL,Greene,GT3,OP,GT,Electric Utility,1,80.0,82,98,NG,DFO,N,,,,,,,Y,Y,80, ,80, ,24H,,Y,,,Y
195,Alabama Power Co,10,Greene County,AL,Greene,GT4,OP,GT,Electric Utility,1,80.0,81,97,NG,DFO,N,,,,,,,Y,Y,80, ,80, ,24H,,Y,,,Y
195,Alabama Power Co,10,Greene County,AL,Greene,GT5,OP,GT,Electric Utility,1,80.0,82,98,NG,DFO,N,,,,,,,Y,Y,80, ,80, ,24H,,Y,,,Y
195,Alabama Power Co,10,Greene County,AL,Greene,GT6,OP,GT,Electric Utility,1,80.0,81,97,NG,DFO,N,,,,,,,Y,Y,80, ,80, ,24H,,Y,,,Y
195,Alabama Power Co,10,Greene County,AL,Greene,GT7,OP,GT,Electric Utility,1,80.0,80,96,NG,DFO,N,,,,,,,Y,Y,80, ,80, ,24H,,Y,,,Y
195,Alabama Power Co,10,Greene County,AL,Greene,GT8,OP,GT,Electric Utility,1,80.0,83,99,NG,DFO,N,,,,,,,Y,Y,80, ,80, ,24H,,Y,,,Y
195,Alabama Power Co,10,Greene County,AL,Greene,GT9,OP,GT,Electric Utility,1,80.0,82,98,NG,DFO,N,,,,,,,Y,Y,80, ,80, ,24H,,Y,,,Y
261,AGC Division of APG Inc,6705,Warrick,IN,Warrick,1,OP,ST,IPP CHP,3,166.6,148,149,BIT,NG,Y,NG,BIT,,,,,N,, , , , ,,,,,,
261,AGC Division of APG Inc,6705,Warrick,IN,Warrick,2,OP,ST,IPP CHP,3,166.6,148,149,BIT,NG,Y,NG,BIT,,,,,N,, , , , ,,,,,,
261,AGC Division of APG Inc,6705,Warrick,IN,Warrick,3,OP,ST,IPP CHP,3,166.6,148,149,BIT,NG,Y,NG,BIT,,,,,N,, , , , ,,,,,,
261,AGC Division of APG Inc,6705,Warrick,IN,Warrick,4,OP,ST,IPP CHP,3,323.0,301,302.5,BIT,NG,Y,NG,BIT,,,,,N,, , , , ,,,,,,
291,Algonquin Windsor Locks LLC,10567,Algonquin Windsor Locks,CT,HARTFORD,GTG,OP,CT,IPP CHP,3,40.0,35,45,NG,DFO,Y,NG,DFO,,,,,Y,Y,35,44,35,44,1H,1H,Y,Y,,
295,City of Alexandria - (MN),1958,Alexandria,MN,Douglas,IC2,SB,IC,Electric Utility,1,4.0,3.6,3.6,DFO,NG,N,,,,,,,Y,Y,3.5,3.5,3.6,3.6,1H,1H,N,,,
295,City of Alexandria - (MN),1958,Alexandria,MN,Douglas,IC3,SB,IC,Electric Utility,1,4.0,3.6,3.6,DFO,NG,N,,,,,,,Y,Y,3.5,3.5,3.6,3.6,1H,1H,N,,,
298,City of Alexandria - (LA),6558,D G Hunter,LA,Rapides,3,SB,ST,Electric Utility,1,55.0,50,50,NG,DFO,N,,,,,,,Y,Y,50,50,40,40,6H,24H,Y,Y,Y,
298,City of Alexandria - (LA),6558,D G Hunter,LA,Rapides,4,SB,ST,Electric Utility,1,85.0,80,80,NG,DFO,N,,,,,,,Y,Y,70,70,65,65,6H,24H,Y,Y,Y,
309,City of Algona - (IA),1120,Algona,IA,Kossuth,6,OP,IC,Electric Utility,1,3.2,3.2,3.2,DFO,NG,N,,,,,,,Y,Y,3.2,3.2,3.2,3.2,1H,1H,Y,,Y,
309,City of Algona - (IA),1120,Algona,IA,Kossuth,7,OP,IC,Electric Utility,1,4.1,4.1,4.1,DFO,NG,N,,,,,,,Y,Y,4.1,4.1,4.1,4.1,1H,1H,Y,,Y,
327,Air Liquide Large Industries U S LP,10298,Bayou Cogen Plant,TX,Harris,GEN1,OP,GT,Industrial CHP,7,75.0,65,85,NG,OG,Y,NG,OG,,,,,,, , , , ,,,,,,
327,Air Liquide Large Industries U S LP,10298,Bayou Cogen Plant,TX,Harris,GEN2,OP,GT,Industrial CHP,7,75.0,65,85,NG,OG,Y,NG,OG,,,,,,, , , , ,,,,,,
327,Air Liquide Large Industries U S LP,10298,Bayou Cogen Plant,TX,Harris,GEN3,OP,GT,Industrial CHP,7,75.0,65,85,NG,OG,Y,NG,OG,,,,,,, , , , ,,,,,,
327,Air Liquide Large Industries U S LP,10298,Bayou Cogen Plant,TX,Harris,GEN4,OP,GT,Industrial CHP,7,75.0,65,85,NG,OG,Y,NG,OG,,,,,,, , , , ,,,,,,
405,City of Alta - (IA),1121,Alta Municipal Utilities,IA,Buena Vista,3,SB,IC,Electric Utility,1,1.1,1,1.1,DFO,NG,N,,,,,,,Y,,1,1.1,1,1.1,UNK,UNK,Y,,,Y
470,Covanta Energy of Niagara LP,50472,Covanta Niagara LP,NY,Niagara,GEN1,OP,ST,IPP CHP,3,25.0,18,18,MSW,WDS,Y,NG,MSW,WDS,,,,N,, , , , ,,,,,,
470,Covanta Energy of Niagara LP,50472,Covanta Niagara LP,NY,Niagara,GEN2,OP,ST,IPP CHP,3,25.0,18,18,MSW,WDS,Y,NG,MSW,WDS,,,,N,, , , , ,,,,,,
554,City of Ames - (IA),1122,Ames Electric Services Power Plant,IA,Story,7,OP,ST,Electric Utility,1,37.5,32.6,32.6,SUB,OBS,Y,SUB,OBS,,,,,N,, , , , ,,,,,,
554,City of Ames - (IA),1122,Ames Electric Services Power Plant,IA,Story,8,OP,ST,Electric Utility,1,71.3,67,67,SUB,OBS,Y,SUB,OBS,,,,,N,, , , , ,,,,,,
599,Anchorage Municipal Light and Power,75,Anchorage 1,AK,Anchorage,1,OP,GT,Electric Utility,1,12.5,14,16.2,NG,DFO,Y,NG,DFO,,,,,Y,Y,12.5, ,12.5, ,1H,1H,Y,Y,,
599,Anchorage Municipal Light and Power,75,Anchorage 1,AK,Anchorage,2,OP,GT,Electric Utility,1,12.5,14,16.2,NG,DFO,Y,NG,DFO,,,,,Y,Y,12.5, ,12.5, ,1H,1H,Y,Y,,
599,Anchorage Municipal Light and Power,75,Anchorage 1,AK,Anchorage,4,OP,GT,Electric Utility,1,27.0,31.1,33.2,NG,DFO,Y,NG,DFO,,,,,Y,Y,31, ,31, ,1H,1H,Y,Y,,
599,Anchorage Municipal Light and Power,6559,George M Sullivan Generation Plant 2,AK,Anchorage,5,OP,CT,Electric Utility,1,38.1,33.8,37.4,NG,DFO,Y,NG,DFO,,,,,Y,Y,33.8, ,33.8, ,1H,1H,Y,Y,,
599,Anchorage Municipal Light and Power,6559,George M Sullivan Generation Plant 2,AK,Anchorage,7,OP,CT,Electric Utility,1,102.6,102.6,81.8,NG,DFO,Y,NG,DFO,,,,,Y,Y,74.4, ,74.4, ,1H,1H,Y,Y,,
623,Anheuser-Busch Inc,10430,Anheuser-Busch St Louis,MO,St Louis City,GEN1,OP,ST,Industrial CHP,7,11.0,11,11,BIT,NG,Y,BIT,WDS,,,,,N,, , , , ,,,,,,
623,Anheuser-Busch Inc,10430,Anheuser-Busch St Louis,MO,St Louis City,GEN3,OP,ST,Industrial CHP,7,11.0,11,11,BIT,NG,Y,BIT,WDS,,,,,N,, , , , ,,,,,,
623,Anheuser-Busch Inc,10430,Anheuser-Busch St Louis,MO,St Louis City,GEN4,OP,ST,Industrial CHP,7,4.1,4.1,4.1,BIT,NG,Y,BIT,WDS,,,,,N,, , , , ,,,,,,
695,City of Ansley - (NE),2214,Ansley,NE,Custer,2,OP,IC,Electric Utility,1,0.9,0.8,0.8,NG,DFO,Y,NG,DFO,,,,,Y,Y,0.8,0.8,0.8,0.8,1H,1H,Y,Y,,
701,City of Anthony - (KS),1258,Anthony,KS,Harper,IC1,OP,IC,Electric Utility,1,4.1,4.1,4.1,NG,DFO,Y,DFO,NG,,,,,Y,Y,4.1, ,4.1, ,1H,1H,N,,,
701,City of Anthony - (KS),1258,Anthony,KS,Harper,IC2,OP,IC,Electric Utility,1,3.0,3,3,NG,DFO,Y,DFO,NG,,,,,Y,Y,3, ,3, ,1H,1H,N,,,
701,City of Anthony - (KS),1258,Anthony,KS,Harper,IC3,OP,IC,Electric Utility,1,4.0,4,4,NG,DFO,Y,DFO,NG,,,,,Y,Y,4, ,4, ,1H,1H,N,,,
765,City of Arcadia - (WI),4100,Arcadia Electric,WI,Trempealeau,5,OP,IC,Electric Utility,1,3.0,3,3,NG,DFO,N,,,,,,,Y,Y,2.7, ,3,3,1H,6H,Y,,,Y
765,City of Arcadia - (WI),4100,Arcadia Electric,WI,Trempealeau,6,OP,IC,Electric Utility,1,3.0,3,3,NG,DFO,N,,,,,,,Y,Y,2.6, ,3, ,1H,6H,Y,,,Y
772,Archer Daniels Midland Co,10860,Archer Daniels Midland Clinton,IA,Clinton,1A,OP,ST,Industrial CHP,7,75.0,75,75,SUB,BIT,Y,SUB,BIT,WDS,TDF,OBS,PC,N,, , , , ,,,,,,
772,Archer Daniels Midland Co,10860,Archer Daniels Midland Clinton,IA,Clinton,2A,OP,ST,Industrial CHP,7,105.0,105,105,SUB,BIT,Y,SUB,BIT,WDS,TDF,OBS,PC,N,, , , , ,,,,,,
772,Archer Daniels Midland Co,54316,Archer Daniels Midland Southport,NC,Brunswick,GEN1,SB,GT,Industrial CHP,7,18.0,15,18,NG,DFO,N,,,,,,,Y,Y,12,15,12,15,1H,1H,Y,Y,Y,Y
772,Archer Daniels Midland Co,54316,Archer Daniels Midland Southport,NC,Brunswick,GEN2,SB,GT,Industrial CHP,7,17.5,15,17.5,NG,DFO,N,,,,,,,Y,Y,12,15,12,15,1H,1H,Y,Y,Y,Y
772,Archer Daniels Midland Co,54316,Archer Daniels Midland Southport,NC,Brunswick,GEN3,SB,GT,Industrial CHP,7,17.0,15,17,NG,DFO,N,,,,,,,Y,Y,12,15,12,15,1H,1H,Y,Y,Y,Y
772,Archer Daniels Midland Co,57046,Archer Daniels Midland Columbus,NE,PLATTE,GEN1,OP,ST,Industrial CHP,7,71.4,61,61,SUB,BIT,Y,SUB,BIT,TDF,AB,WDS,OBS,N,, , , , ,,,,,,
796,Arizona Electric Pwr Coop Inc,160,Apache Station,AZ,Cochise,GT2,SB,GT,Electric Utility,1,20.4,18.5,20,NG,DFO,Y,NG,DFO,,,,,Y,Y,18.5,20,16,18,1H,1H,N,,,
796,Arizona Electric Pwr Coop Inc,160,Apache Station,AZ,Cochise,GT4,SB,GT,Electric Utility,1,60.5,38,44,NG,DFO,N,,,,,,,Y,Y,38,38,38,38,1H,1H,N,,,
803,Arizona Public Service Co,118,Saguaro,AZ,Pinal,GT1,OP,GT,Electric Utility,1,53.1,50,62,NG,DFO,Y,NG,DFO,,,,,Y,N,50, ,50, ,UNK,UNK,N,,,
803,Arizona Public Service Co,118,Saguaro,AZ,Pinal,GT2,OP,GT,Electric Utility,1,53.1,50,62,NG,DFO,Y,NG,DFO,,,,,Y,N,50, ,50, ,UNK,UNK,N,,,
803,Arizona Public Service Co,120,Yucca,AZ,Yuma,GT1,OP,GT,Electric Utility,1,23.6,18,22,NG,DFO,Y,NG,DFO,,,,,Y,N,18,19,18,19,UNK,,N,,,
803,Arizona Public Service Co,120,Yucca,AZ,Yuma,GT2,OP,GT,Electric Utility,1,23.6,18,22,NG,DFO,Y,NG,DFO,,,,,Y,N,18,19,18,19,UNK,,N,,,
803,Arizona Public Service Co,120,Yucca,AZ,Yuma,GT3,OP,GT,Electric Utility,1,72.4,52,62,NG,DFO,Y,NG,DFO,,,,,Y,N,52, ,52, ,UNK,,N,,,
803,Arizona Public Service Co,120,Yucca,AZ,Yuma,ST1,OP,ST,Electric Utility,1,86.7,75,75,NG,RFO,N,,,,,,,Y,N,75, ,75, ,UNK,UNK,Y,Y,,
807,Arkansas Electric Coop Corp,201,Thomas Fitzhugh,AR,Franklin,1,OP,CA,Electric Utility,1,59.0,61,62,NG,DFO,N,,,,,,,Y,Y,61,61,62, ,1H,1H,Y,Y,,
807,Arkansas Electric Coop Corp,201,Thomas Fitzhugh,AR,Franklin,2,OP,CT,Electric Utility,1,126.0,101,110,NG,DFO,Y,NG,DFO,,,,,Y,Y,101,101,110, ,1H,1H,Y,Y,,
807,Arkansas Electric Coop Corp,202,Carl Bailey,AR,Woodruff,1,OP,ST,Electric Utility,1,120.0,122,122,NG,RFO,Y,NG,RFO,,,,,Y,Y,122,122,110,110,1H,1H,Y,Y,,
807,Arkansas Electric Coop Corp,203,McClellan (AR),AR,Ouachita,1,OP,ST,Electric Utility,1,136.0,134,134,NG,RFO,Y,NG,RFO,,,,,Y,Y,134,134,134,134,1H,1H,Y,Y,,
867,ARCO Products Co-Watson,50216,Watson Cogeneration,CA,Los Angeles,GN91,OP,CT,Industrial CHP,7,82.0,82,82,NG,OG,Y,NG,OG,WO,,,,Y,Y,82, ,82, ,1H,1H,Y,Y,Y,
867,ARCO Products Co-Watson,50216,Watson Cogeneration,CA,Los Angeles,GN92,OP,CT,Industrial CHP,7,82.0,82,82,NG,OG,Y,NG,OG,WO,,,,Y,Y,82, ,82, ,1H,1H,Y,Y,Y,
867,ARCO Products Co-Watson,50216,Watson Cogeneration,CA,Los Angeles,GN93,OP,CT,Industrial CHP,7,82.0,82,82,NG,OG,Y,NG,OG,WO,,,,Y,Y,82, ,82, ,1H,1H,Y,Y,Y,
867,ARCO Products Co-Watson,50216,Watson Cogeneration,CA,Los Angeles,GN94,OP,CT,Industrial CHP,7,82.0,82,82,NG,OG,Y,NG,OG,WO,,,,Y,Y,82, ,82, ,1H,1H,Y,Y,Y,
911,City of Ashland - (KS),1259,Ashland,KS,Clark,1,SB,IC,Electric Utility,1,0.6,0.6,0.6,NG,DFO,Y,NG,DFO,,,,,Y,N,1.4,1.4,4.9,4.9,1H,1H,N,,,
911,City of Ashland - (KS),1259,Ashland,KS,Clark,2,SB,IC,Electric Utility,1,0.9,0.7,0.8,NG,DFO,Y,NG,DFO,,,,,Y,N,1.4,1.4,4.9,4.9,1H,1H,N,,,
924,"Associated Electric Coop, Inc",7848,Holden,MO,Johnson,11,OP,GT,Electric Utility,1,107.1,70,84,NG,DFO,N,,,,,,,Y,N,70,118,70,118,1H,1H,Y,,Y,
924,"Associated Electric Coop, Inc",7848,Holden,MO,Johnson,12,OP,GT,Electric Utility,1,107.1,70,84,NG,DFO,N,,,,,,,Y,N,70,118,70,118,1H,1H,Y,,Y,
924,"Associated Electric Coop, Inc",7848,Holden,MO,Johnson,13,OP,GT,Electric Utility,1,107.1,70,84,NG,DFO,N,,,,,,,Y,N,70,118,70,118,1H,1H,Y,,Y,
924,"Associated Electric Coop, Inc",55340,Dell Power Station,AR,Mississippi,CTG1,OP,CT,Electric Utility,1,199.3,150,171,NG,DFO,N,NG,DFO,,,,,Y,N,150, ,150, ,6H,6H,N,,,
924,"Associated Electric Coop, Inc",55340,Dell Power Station,AR,Mississippi,CTG2,OP,CT,Electric Utility,1,199.3,151,173,NG,DFO,N,NG,DFO,,,,,Y,N,151, ,150, ,6H,6H,N,,,
965,Atlantic Municipal Utilities,1124,Atlantic,IA,Cass,1,OP,IC,Electric Utility,1,5.3,4,4,DFO,NG,N,,,,,,,Y,Y,4,4,4,4,1H,1H,Y,Y,Y,
965,Atlantic Municipal Utilities,1124,Atlantic,IA,Cass,6,OP,GT,Electric Utility,1,10.0,9.8,10,NG,DFO,N,,,,,,,Y,Y,9.8,10,9.8,10,1H,1H,Y,Y,Y,
993,Auburn Board of Public Works,2215,Auburn,NE,Nemaha,1,OP,IC,Electric Utility,1,2.4,2.2,2.4,NG,DFO,N,,,,,,,Y,Y,2.2, ,2.2, ,1H,1H,Y,Y,Y,
993,Auburn Board of Public Works,2215,Auburn,NE,Nemaha,2,OP,IC,Electric Utility,1,1.0,0.9,1,NG,DFO,N,,,,,,,Y,Y,0.9, ,0.9, ,1H,1H,Y,Y,Y,
993,Auburn Board of Public Works,2215,Auburn,NE,Nemaha,4A,OP,IC,Electric Utility,1,3.7,3.7,3.7,NG,DFO,N,,,,,,,Y,Y,3.7, ,3.7, ,1H,1H,Y,Y,Y,
993,Auburn Board of Public Works,2215,Auburn,NE,Nemaha,5,OP,IC,Electric Utility,1,3.3,3,3.3,NG,DFO,N,,,,,,,Y,Y,3, ,3, ,1H,1H,Y,Y,Y,
993,Auburn Board of Public Works,2215,Auburn,NE,Nemaha,6,OP,IC,Electric Utility,1,2.7,2.5,2.7,NG,DFO,N,,,,,,,Y,Y,2.5, ,2.5, ,1H,1H,Y,Y,Y,
993,Auburn Board of Public Works,2215,Auburn,NE,Nemaha,7,OP,IC,Electric Utility,1,5.6,5.2,5.6,NG,DFO,N,,,,,,,Y,Y,5.2, ,5.2, ,1H,1H,Y,Y,Y,
998,City of Augusta - (KS),1261,Augusta Electric Plant No 1,KS,Butler,1,SB,IC,Electric Utility,1,1.1,1.1,1.1,NG,DFO,Y,NG,DFO,,,,,N,, , , , ,,,,,,
998,City of Augusta - (KS),1261,Augusta Electric Plant No 1,KS,Butler,3,SB,IC,Electric Utility,1,1.0,1,1,NG,DFO,Y,NG,DFO,,,,,N,, , , , ,,,,,,
998,City of Augusta - (KS),1261,Augusta Electric Plant No 1,KS,Butler,5,SB,IC,Electric Utility,1,2.2,2.2,2.2,NG,DFO,Y,NG,DFO,,,,,N,, , , , ,,,,,,
998,City of Augusta - (KS),1261,Augusta Electric Plant No 1,KS,Butler,6,SB,IC,Electric Utility,1,2.2,2.2,2.2,NG,DFO,Y,NG,DFO,,,,,N,, , , , ,,,,,,
998,City of Augusta - (KS),1261,Augusta Electric Plant No 1,KS,Butler,7,SB,IC,Electric Utility,1,2.0,2,2,NG,DFO,Y,NG,DFO,,,,,N,, , , , ,,,,,,
998,City of Augusta - (KS),6791,Augusta Electric Plant No 2,KS,BUTLER,1,OP,IC,Electric Utility,1,4.0,4,4,NG,DFO,Y,NG,DFO,,,,,N,, , , , ,,,,,,
998,City of Augusta - (KS),6791,Augusta Electric Plant No 2,KS,BUTLER,2,OP,IC,Electric Utility,1,4.0,4,4,NG,DFO,Y,NG,DFO,,,,,N,, , , , ,,,,,,
998,City of Augusta - (KS),6791,Augusta Electric Plant No 2,KS,BUTLER,3,OP,IC,Electric Utility,1,6.0,6,6,NG,DFO,Y,NG,DFO,,,,,N,, , , , ,,,,,,
998,City of Augusta - (KS),6791,Augusta Electric Plant No 2,KS,BUTLER,4,OP,IC,Electric Utility,1,6.7,6.6,6.6,NG,DFO,Y,NG,DFO,,,,,N,, , , , ,,,,,,
1148,City of Baldwin City- (KS),1262,Baldwin City Plant No 1,KS,Douglas,4,OP,IC,Electric Utility,1,2.0,1.6,1.6,DFO,NG,N,,,,,,,Y,, , , , ,1H,,,,,
1148,City of Baldwin City- (KS),1262,Baldwin City Plant No 1,KS,Douglas,5,OP,IC,Electric Utility,1,1.1,0.9,0.9,DFO,NG,N,,,,,,,Y,, , , , ,1H,,,,,
1148,City of Baldwin City- (KS),1262,Baldwin City Plant No 1,KS,Douglas,6,OP,IC,Electric Utility,1,1.1,0.9,0.9,DFO,NG,N,,,,,,,Y,, , , , ,1H,,,,,
1148,City of Baldwin City- (KS),8020,Baldwin City Plant No 2,KS,Douglas,7,OP,IC,Electric Utility,1,3.2,3,3,DFO,NG,N,,,,,,,Y,, , , , ,1H,1H,N,,,
1148,City of Baldwin City- (KS),8020,Baldwin City Plant No 2,KS,Douglas,8,OP,IC,Electric Utility,1,3.2,3,3,DFO,NG,N,,,,,,,Y,, , , , ,1H,1H,N,,,
1182,BASF Corporation,10319,Geismar,LA,Ascension,GEN2,OP,GT,Industrial CHP,7,41.2,39.2,43.2,NG,OG,Y,NG,OG,,,,,N,, , , , ,,,,,,
1194,Baptist Memorial Hospital,10008,Baptist Medical Center,FL,DUVAL,TG-2,OS,GT,Commercial CHP,5,2.5,2.2,2.5,NG,DFO,N,,,,,,,Y,Y,2.3,2.5,2.1,2.3,1H,1H,Y,Y,Y,
1194,Baptist Memorial Hospital,10008,Baptist Medical Center,FL,DUVAL,TG-3,OP,GT,Commercial CHP,5,3.0,2.7,3,NG,DFO,N,,,,,,,Y,Y,2.7,3,2.5,2.7,1H,1H,Y,Y,Y,
1194,Baptist Memorial Hospital,10008,Baptist Medical Center,FL,DUVAL,TG-4,OP,GT,Commercial CHP,5,3.5,3.2,3.5,NG,DFO,N,,,,,,,Y,Y,3.3,3.4,3.1,3.3,1H,1H,Y,Y,Y,
1276,"Barrow Utils & Elec Coop, Inc",7173,Barrow,AK,North Slope,12,OP,GT,Electric Utility,1,5.0,5,5,NG,DFO,N,,,,,,,Y,Y,5,5.7,5,5.7,1H,1H,Y,Y,Y,
1276,"Barrow Utils & Elec Coop, Inc",7173,Barrow,AK,North Slope,6,OP,GT,Electric Utility,1,2.5,2.5,2.5,NG,DFO,N,,,,,,,Y,Y,2.5,3,2.5,3,1H,1H,Y,Y,Y,
1276,"Barrow Utils & Elec Coop, Inc",7173,Barrow,AK,North Slope,7,OP,GT,Electric Utility,1,2.5,2.5,2.5,NG,DFO,N,,,,,,,Y,Y,2.5,3,2.5,3,1H,1H,Y,Y,Y,
1276,"Barrow Utils & Elec Coop, Inc",7173,Barrow,AK,North Slope,8,OP,GT,Electric Utility,1,2.5,2.5,2.5,NG,DFO,N,,,,,,,Y,Y,2.5,3,2.5,3,1H,1H,Y,Y,Y,
1366,City of Bay City - (MI),7398,Water Street Station,MI,Bay,GEN1,OP,IC,Electric Utility,1,5.7,5.5,5.5,NG,DFO,Y,NG,DFO,,,,,Y,Y,5.5,5.5,5.5,5.5,1H,1H,Y,Y,Y,
1366,City of Bay City - (MI),7398,Water Street Station,MI,Bay,GEN2,OP,IC,Electric Utility,1,6.9,6.5,6.5,NG,DFO,Y,NG,DFO,,,,,Y,Y,6.5,6.5,6.5,6.5,1H,1H,Y,Y,Y,
1366,City of Bay City - (MI),7399,Henry Station,MI,Bay,GEN3,OP,IC,Electric Utility,1,7.7,7.5,7.5,NG,DFO,N,NG,DFO,,,,,Y,Y,7.5,7.5,7.5,7.5,1H,1H,Y,Y,Y,
1366,City of Bay City - (MI),7399,Henry Station,MI,Bay,GEN4,OP,IC,Electric Utility,1,7.7,7.5,7.5,NG,DFO,N,NG,DFO,,,,,Y,Y,7.5,7.5,7.5,7.5,1H,,Y,Y,Y,
1512,City of Belleville - (KS),1263,Belleville,KS,Republic,4,OP,IC,Electric Utility,1,1.0,1,1,DFO,NG,Y,DFO,NG,,,,,Y,Y,1, ,1, ,1H,,N,,,
1512,City of Belleville - (KS),1263,Belleville,KS,Republic,5,OP,IC,Electric Utility,1,1.7,1.7,1.7,DFO,NG,Y,DFO,NG,,,,,Y,Y,1.7, ,1.7, ,1H,,N,,,
1512,City of Belleville - (KS),1263,Belleville,KS,Republic,6,OP,IC,Electric Utility,1,3.7,3.7,3.7,DFO,NG,Y,DFO,NG,,,,,Y,Y,3.7, ,3.7, ,1H,1H,N,,,
1512,City of Belleville - (KS),1263,Belleville,KS,Republic,7,OP,IC,Electric Utility,1,5.1,5.1,5.1,DFO,NG,Y,DFO,NG,,,,,Y,Y,5.1, ,5.1, ,1H,1H,N,,,
1525,City of Beloit - (KS),1264,Beloit,KS,Mitchell,1,OP,IC,Electric Utility,1,1.5,1.1,1.1,DFO,NG,Y,DFO,NG,,,,,Y,,1.1,1.1,1.1,1.1,1H,1H,N,,,
1525,City of Beloit - (KS),1264,Beloit,KS,Mitchell,2,OP,IC,Electric Utility,1,1.5,1.1,1.1,DFO,NG,Y,DFO,NG,,,,,Y,,1.1,1.1,1.1,1,1H,1H,N,,,
1525,City of Beloit - (KS),1264,Beloit,KS,Mitchell,3,OP,IC,Electric Utility,1,2.0,2,2,DFO,NG,Y,DFO,NG,,,,,Y,,2,2,2,2,1H,1H,N,,,
1525,City of Beloit - (KS),1264,Beloit,KS,Mitchell,4,OP,IC,Electric Utility,1,3.5,3,3,DFO,NG,Y,NG,DFO,,,,,Y,,3,3,3,3,1H,1H,N,,,
1525,City of Beloit - (KS),1264,Beloit,KS,Mitchell,5,OP,IC,Electric Utility,1,0.7,0.6,0.6,DFO,NG,Y,NG,DFO,,,,,Y,,650,650,650,650,1H,1H,N,,,
1525,City of Beloit - (KS),1264,Beloit,KS,Mitchell,6,OP,IC,Electric Utility,1,4.1,3.5,3.5,DFO,NG,Y,NG,DFO,,,,,Y,,3.6,3.6,3.6,3.6,1H,1H,N,,,
1525,City of Beloit - (KS),1264,Beloit,KS,Mitchell,7,OP,IC,Electric Utility,1,6.0,5.5,5.5,DFO,NG,Y,NG,DFO,,,,,Y,,5.6,5.6,5.6,5.6,1H,1H,,,,
1692,Big Rivers Electric Corp,1382,HMP&L Station Two Henderson,KY,Henderson,1,OP,ST,Electric Utility,1,200.0,153,153,BIT,DFO,Y,BIT,PC,DFO,,,,N,N, , , , ,,,,,,
1692,Big Rivers Electric Corp,1382,HMP&L Station Two Henderson,KY,Henderson,2,OP,ST,Electric Utility,1,205.0,159,159,BIT,DFO,Y,BIT,PC,DFO,,,,N,N, , , , ,,,,,,
1692,Big Rivers Electric Corp,1383,Robert A Reid,KY,Webster,1,OP,ST,Electric Utility,1,96.0,65,65,BIT,NG,Y,BIT,NG,DFO,,,,N,N, , , , ,,,,,,
1692,Big Rivers Electric Corp,1383,Robert A Reid,KY,Webster,GEN2,SB,GT,Electric Utility,1,98.8,58,65,DFO,NG,N,,,,,,,Y,Y,65,65,65,65,6H,,Y,Y,,Y
1692,Big Rivers Electric Corp,6639,R D Green,KY,Webster,1,OP,ST,Electric Utility,1,293.0,231,231,BIT,PC,Y,BIT,PC,DFO,,,,N,N, , , , ,,,,,,
1692,Big Rivers Electric Corp,6639,R D Green,KY,Webster,2,OP,ST,Electric Utility,1,293.0,223,223,BIT,PC,Y,BIT,PC,DFO,,,,N,N, , , , ,,,,,,
1692,Big Rivers Electric Corp,6823,D B Wilson,KY,Ohio,1,OP,ST,Electric Utility,1,509.4,417,417,BIT,PC,Y,BIT,PC,,,,,N,, , , , ,,,,,,
1746,Black River Generation LLC,10464,Black River Generation,NY,Jefferson,GEN1,OP,ST,Electric Utility,1,55.5,55,56,WDS,TDF,Y,WDS,DFO,TDF,,,,Y,N, , , , ,,,N,,,
1883,Blue Earth Light & Water,1967,Blue Earth,MN,Faribault,IC1,OP,IC,Electric Utility,1,1.5,1.5,1.5,DFO,NG,Y,DFO,NG,,,,,,, , , , ,,,,,,
1924,Boise Packaging & Newsprint LLC,10488,DeRidder Mill,LA,Beauregard,TG,OP,ST,Industrial CHP,7,61.5,61.5,61.5,BLQ,WDS,Y,BLQ,NG,WDS,TDF,,,N,, , , , ,,,,,,
1947,Bob Jones University,10280,Bob Jones University Cogen Plant,SC,GREENVILLE,ENG2,SB,IC,Commercial CHP,5,1.1,1.1,1.1,NG,DFO,Y,DFO,NG,,,,,Y,Y,1.1,1.1,1.1,1.1,1H,1H,Y,Y,Y,
1947,Bob Jones University,10280,Bob Jones University Cogen Plant,SC,GREENVILLE,ENG3,SB,IC,Commercial CHP,5,1.1,1.1,1.1,NG,DFO,Y,DFO,NG,,,,,Y,Y,1.1,1.1,1.1,1.1,1H,1H,Y,Y,Y,
1947,Bob Jones University,10280,Bob Jones University Cogen Plant,SC,GREENVILLE,ENG4,SB,IC,Commercial CHP,5,1.1,1.1,1.1,NG,DFO,Y,DFO,NG,,,,,Y,Y,1.1,1.1,1.1,1.1,1H,1H,Y,Y,Y,
1950,ReEnergy Stratton LLC,50650,ReEnergy Stratton LLC,ME,Franklin,UNI1,OP,ST,IPP Non-CHP,2,45.7,45,44.3,WDS,DFO,Y,WDS,DFO,,,,,,, , , , ,,,,,,
1951,White Pine Electric Power LLC,10148,White Pine Electric Power,MI,Ontonagon,GEN1,OP,ST,IPP Non-CHP,2,20.0,18,18,BIT,NG,Y,BIT,NG,,,,,N,, , , , ,,,,,,
1951,White Pine Electric Power LLC,10148,White Pine Electric Power,MI,Ontonagon,GEN2,OP,ST,IPP Non-CHP,2,20.0,18,18,BIT,NG,Y,BIT,NG,,,,,N,, , , , ,,,,,,
1951,White Pine Electric Power LLC,10148,White Pine Electric Power,MI,Ontonagon,GEN3,OS,ST,IPP Non-CHP,2,20.0,18,18,BIT,NG,Y,BIT,NG,,,,,N,, , , , ,,,,,,
1991,Boise White Paper LLC,10486,Boise Cascade International Falls,MN,Koochiching,GEN1,OP,ST,Industrial CHP,7,4.0,4,4,BLQ,WDS,Y,BLQ,WDS,NG,,,,N,, , , , ,,,,,,
1991,Boise White Paper LLC,10486,Boise Cascade International Falls,MN,Koochiching,GEN2,OP,ST,Industrial CHP,7,4.0,4,4,BLQ,WDS,Y,BLQ,WDS,NG,,,,N,, , , , ,,,,,,
1991,Boise White Paper LLC,10486,Boise Cascade International Falls,MN,Koochiching,GEN3,OP,ST,Industrial CHP,7,7.5,7.5,7.5,BLQ,WDS,Y,BLQ,WDS,NG,,,,N,, , , , ,,,,,,
1991,Boise White Paper LLC,10486,Boise Cascade International Falls,MN,Koochiching,GEN4,OP,ST,Industrial CHP,7,7.5,7.5,7.5,BLQ,WDS,Y,BLQ,WDS,NG,,,,N,, , , , ,,,,,,
1991,Boise White Paper LLC,10486,Boise Cascade International Falls,MN,Koochiching,GEN5,OP,ST,Industrial CHP,7,6.2,6.2,6.2,WDS,NG,Y,WDS,NG,,,,,N,, , , , ,,,,,,
2010,City of Bountiful,3665,Bountiful City,UT,Davis,IC8,OP,IC,Electric Utility,1,7.0,7,7,NG,DFO,Y,NG,DFO,,,,,Y,Y,7, ,6, ,1H,1H,Y,Y,Y,
2144,Town of Braintree - (MA),1660,Potter Station 2,MA,Norfolk,CC2,OP,CT,Electric Utility,1,76.0,62.6,77.6,NG,DFO,Y,NG,DFO,,,,,Y,Y,62.6,77.6,62.6,77.6,6H,6H,Y,,Y,
2144,Town of Braintree - (MA),1660,Potter Station 2,MA,Norfolk,WAT1,OP,GT,Electric Utility,1,58.0,52.6,57.4,NG,DFO,Y,NG,DFO,,,,,Y,Y,58,58,58,58,1H,1H,N,,,
2144,Town of Braintree - (MA),1660,Potter Station 2,MA,Norfolk,WAT2,OP,GT,Electric Utility,1,58.0,52.6,57.4,NG,DFO,Y,NG,DFO,,,,,Y,Y,58,58,58,58,1H,1H,N,,,
2172,Brazos Electric Power Coop Inc,3627,North Texas,TX,Parker,1,OS,ST,Electric Utility,1,16.5,16.5,16.5,NG,DFO,Y,NG,DFO,,,,,Y,Y,16.5, ,16.5, ,6H,6H,N,,,
2172,Brazos Electric Power Coop Inc,3627,North Texas,TX,Parker,2,OS,ST,Electric Utility,1,16.5,16.5,16.5,NG,DFO,Y,NG,DFO,,,,,Y,Y,16.5, ,16.5, ,6H,6H,N,,,
2172,Brazos Electric Power Coop Inc,3628,R W Miller,TX,Palo Pinto,2,OP,ST,Electric Utility,1,100.0,100,100,NG,DFO,Y,NG,DFO,,,,,Y,Y,100,120,80,120,6H,6H,Y,,Y,
2172,Brazos Electric Power Coop Inc,3628,R W Miller,TX,Palo Pinto,3,OP,ST,Electric Utility,1,200.0,200,200,NG,DFO,Y,NG,DFO,,,,,Y,Y,200,208,180,208,6H,6H,Y,,Y,
2172,Brazos Electric Power Coop Inc,3628,R W Miller,TX,Palo Pinto,4,OP,GT,Electric Utility,1,118.8,104,104,NG,DFO,,,,,,,,Y,, , , , ,6H,6H,,,Y,
2172,Brazos Electric Power Coop Inc,3628,R W Miller,TX,Palo Pinto,5,OP,GT,Electric Utility,1,118.8,104,104,NG,DFO,,,,,,,,Y,, , , , ,6H,6H,,,Y,
2172,Brazos Electric Power Coop Inc,54817,Johnson County,TX,Johnson,GT-1,OP,CT,Electric Utility,1,178.2,163,174,NG,DFO,N,,,,,,,Y,Y,163,177,152,177,6H,6H,Y,,Y,
2188,City of Breese - (IL),934,Breese,IL,Clinton,2,SB,IC,Electric Utility,1,3.0,3,3,DFO,NG,Y,DFO,NG,,,,,N,, , , , ,,,,,,
2188,City of Breese - (IL),934,Breese,IL,Clinton,IC3,SB,IC,Electric Utility,1,3.0,3,3,DFO,NG,Y,DFO,NG,,,,,N,, , , , ,,,,,,
2265,Bristol-Myers Squibb Co,54829,Bristol Myers Squibb New Brunswick,NJ,Middlesex,GEN1,OP,GT,Industrial CHP,7,9.5,8.8,10.5,NG,DFO,N,,,,,,,Y,N,8.8,10.5,8.8,10.5,1H,1H,Y,Y,Y,
2265,Bristol-Myers Squibb Co,54829,Bristol Myers Squibb New Brunswick,NJ,Middlesex,GEN2,SB,ST,Industrial CHP,7,1.0,0.6,1,NG,DFO,N,,,,,,,Y,N,0.6,1,0.6,1,1H,1H,Y,Y,Y,
2265,Bristol-Myers Squibb Co,58947,Bristol Myers Squibb Lawrenceville,NJ,Mercer,TG101,OP,GT,IPP Non-CHP,2,4.4,4,4.4,NG,DFO,N,,,,,,,Y,Y,4,4.4,3.8,4,1H,1H,Y,Y,Y,
2277,City of Broken Bow - (NE),2221,Broken Bow,NE,Custer,2,OP,IC,Electric Utility,1,3.5,3.5,3.5,NG,DFO,,,,,,,,Y,,3.5,3.5,3.5,3.5,1H,1H,N,,,
2277,City of Broken Bow - (NE),2221,Broken Bow,NE,Custer,4,OP,IC,Electric Utility,1,0.8,0.7,0.7,NG,DFO,,,,,,,,Y,,0.7,0.7,0.7,0.7,1H,1H,N,,,
2277,City of Broken Bow - (NE),2221,Broken Bow,NE,Custer,5,OP,IC,Electric Utility,1,1.0,1,1,NG,DFO,,,,,,,,Y,,1,1,1,1,1H,1H,N,,,
2277,City of Broken Bow - (NE),2221,Broken Bow,NE,Custer,6,OP,IC,Electric Utility,1,2.1,2,2,NG,DFO,,,,,,,,Y,N,2,2,1.8,1.8,1H,1H,N,,,
2313,Brooklyn Navy Yard Cogen PLP,54914,Brooklyn Navy Yard Cogeneration,NY,Kings,01,OP,CT,IPP CHP,3,121.0,90,110,NG,DFO,N,,,,,,,Y,Y,85, ,95, ,1H,1H,Y,,Y,
2313,Brooklyn Navy Yard Cogen PLP,54914,Brooklyn Navy Yard Cogeneration,NY,Kings,02,OP,CT,IPP CHP,3,121.0,90,110,NG,DFO,N,,,,,,,Y,Y,85, ,95, ,1H,1H,Y,,Y,
2338,Calpine Central LP,56104,Mankato Energy Center,MN,Blue Earth,CTG2,OP,CT,IPP Non-CHP,2,210.0,160,200,NG,DFO,Y,NG,DFO,,,,,Y,Y,160,200,155,195,1H,1H,Y,Y,Y,
2439,City of Bryan - (OH),2903,Bryan (OH),OH,Williams,1,OP,GT,Electric Utility,1,15.8,12.5,19.5,NG,DFO,N,,,,,,,Y,Y,12.5, ,12.5, ,6H,1H,Y,Y,,
2439,City of Bryan - (OH),2903,Bryan (OH),OH,Williams,2,OP,GT,Electric Utility,1,16.0,12.5,19.5,NG,DFO,N,,,,,,,Y,Y,12.5, ,12.5, ,6H,1H,Y,Y,,
2439,City of Bryan - (OH),2903,Bryan (OH),OH,Williams,6,OP,GT,Electric Utility,1,5.0,4,6,NG,DFO,N,,,,,,,Y,Y,4, ,4, ,UNK,UNK,Y,Y,,Y
2468,Bucknell University,54333,Bucknell University,PA,Union,G001,OP,CT,Commercial CHP,5,4.7,4.3,5.5,NG,DFO,N,,,,,,,Y,Y,4.3,5.5,4.3,5.5,1H,1H,Y,,Y,
2468,Bucknell University,54333,Bucknell University,PA,Union,G502,OP,CA,Commercial CHP,5,1.2,0.5,1.2,NG,DFO,N,,,,,,,Y,Y,1.2,1.2,1.2,1.2,1H,1H,Y,,Y,
2507,City of Burbank Water and Power,7987,Lake One,CA,Los Angeles,L1,OP,GT,Electric Utility,1,60.5,48,48,NG,OBG,Y,NG,OBG,,,,,N,, , , , ,,,,,,
2507,City of Burbank Water and Power,56046,Magnolia Power Project,CA,Los Angeles,1,OP,CT,Electric Utility,1,198.9,161,165,NG,OBG,Y,NG,OBG,,,,,N,, , , , ,,,,,,
2507,City of Burbank Water and Power,56046,Magnolia Power Project,CA,Los Angeles,2,OP,CA,Electric Utility,1,188.7,140,140,NG,OBG,Y,NG,OBG,,,,,N,, , , , ,,,,,,
2522,Buckeye Florida Ltd Partners,50466,Buckeye Florida LP,FL,Taylor,GEN2,OP,ST,Industrial CHP,7,8.2,7.8,7.8,BLQ,WDS,Y,RFO,NG,WDS,BLQ,,,N,, , , , ,,,,,,
2522,Buckeye Florida Ltd Partners,50466,Buckeye Florida LP,FL,Taylor,GEN3,OP,ST,Industrial CHP,7,10.4,8.7,9.5,BLQ,WDS,Y,RFO,NG,WDS,BLQ,,,N,, , , , ,,,,,,
2522,Buckeye Florida Ltd Partners,50466,Buckeye Florida LP,FL,Taylor,GEN4,OP,ST,Industrial CHP,7,14.8,11.3,11.7,BLQ,WDS,Y,RFO,NG,WDS,BLQ,,,N,, , , , ,,,,,,
2522,Buckeye Florida Ltd Partners,50466,Buckeye Florida LP,FL,Taylor,GEN5,OP,ST,Industrial CHP,7,11.0,9,8.9,BLQ,WDS,Y,RFO,NG,WDS,BLQ,,,N,, , , , ,,,,,,
2522,Buckeye Florida Ltd Partners,50466,Buckeye Florida LP,FL,Taylor,GEN6,OP,ST,Industrial CHP,7,25.0,7.1,10.1,BLQ,WDS,Y,RFO,NG,WDS,BLQ,,,N,, , , , ,,,,,,
2547,City of Burlingame - (KS),1265,Burlingame,KS,Osage,1,OP,IC,Electric Utility,1,1.1,1,1.1,NG,DFO,Y,NG,DFO,,,,,N,N, , , , ,,,,,,
2547,City of Burlingame - (KS),1265,Burlingame,KS,Osage,3,OP,IC,Electric Utility,1,0.9,0.8,0.8,NG,DFO,Y,NG,DFO,,,,,N,N, , , , ,,,,,,
2547,City of Burlingame - (KS),1265,Burlingame,KS,Osage,4,OP,IC,Electric Utility,1,1.1,1,1.1,NG,DFO,Y,NG,DFO,,,,,N,N, , , , ,,,,,,
2547,City of Burlingame - (KS),1265,Burlingame,KS,Osage,5,OP,IC,Electric Utility,1,0.9,0.8,0.8,NG,DFO,Y,NG,DFO,,,,,N,N, , , , ,,,,,,
2548,City of Burlington Electric - (VT),589,J C McNeil,VT,Chittenden,1,OP,ST,Electric Utility,1,59.5,52,54,WDS,NG,Y,WDS,NG,DFO,,,,Y,Y,52,54,15,15,1H,1H,Y,,,Y
2551,City of Burlington - (KS),1266,Burlington (KS),KS,Coffey,4A,SB,IC,Electric Utility,1,2.3,2.3,2.3,NG,DFO,N,,,,,,,Y,, , , , ,1H,,Y,Y,,
2551,City of Burlington - (KS),1266,Burlington (KS),KS,Coffey,5,SB,IC,Electric Utility,1,1.0,1,1,NG,DFO,N,,,,,,,Y,Y,1,1,1,1,1H,,Y,Y,,
2551,City of Burlington - (KS),1266,Burlington (KS),KS,Coffey,IC6,SB,IC,Electric Utility,1,4.8,4.8,4.8,NG,DFO,N,,,,,,,Y,,4.8,4.8,4.8,4.8,1H,,Y,Y,,
2671,Baconton Power LLC,55304,Baconton Power Plant,GA,Mitchell,CT1,OP,GT,IPP Non-CHP,2,60.5,49,49,NG,DFO,N,,,,,,,Y,Y,49.25, ,48.5, ,1H,1H,Y,Y,,
2671,Baconton Power LLC,55304,Baconton Power Plant,GA,Mitchell,CT4,OP,GT,IPP Non-CHP,2,60.5,49,49,NG,DFO,N,,,,,,,Y,Y,49.25, ,48.5, ,1H,1H,Y,Y,,
2671,Baconton Power LLC,55304,Baconton Power Plant,GA,Mitchell,CT5,OP,GT,IPP Non-CHP,2,60.5,49,49,NG,DFO,N,,,,,,,Y,Y,49.25, ,48.5, ,1H,1H,Y,Y,,
2671,Baconton Power LLC,55304,Baconton Power Plant,GA,Mitchell,CT6,OP,GT,IPP Non-CHP,2,60.5,49,49,NG,DFO,N,,,,,,,Y,Y,49.25, ,48.5, ,1H,1H,Y,Y,,
2769,Cargill Inc,54965,Cargill Salt,MI,St Clair,ACTG,OP,ST,Industrial CHP,7,2.0,2,2,BIT,NG,Y,BIT,NG,,,,,,, , , , ,,,,,,
2872,Auburndale Peaker Energy Center LLC,55833,Auburndale Peaker Energy Center,FL,Polk,CTP,OP,GT,IPP Non-CHP,2,130.1,117,126,NG,DFO,N,,,,,,,Y,Y,117,126,115,124,1H,1H,Y,Y,Y,
3037,City of Carlyle - (IL),936,Carlyle,IL,CLINTON,1,SB,IC,Electric Utility,1,3.0,3,3,DFO,NG,Y,DFO,NG,,,,,Y,Y,3, ,3, ,1H,6H,Y,Y,,
3037,City of Carlyle - (IL),936,Carlyle,IL,CLINTON,7,SB,IC,Electric Utility,1,2.0,2,2,DFO,NG,Y,DFO,NG,,,,,Y,Y,2, ,2, ,1H,6H,Y,Y,,
3040,City of Carmi - (IL),937,Carmi,IL,White,10,OP,IC,Electric Utility,1,1.7,1.6,1.6,DFO,NG,Y,NG,DFO,,,,,Y,Y,1.64,1.64,1.64,1.64,1H,6H,Y,,,Y
3040,City of Carmi - (IL),937,Carmi,IL,White,11,OP,IC,Electric Utility,1,2.7,2.7,2.7,DFO,NG,Y,NG,DFO,,,,,Y,Y,2.67,2.67,2.67,2.67,1H,6H,Y,,,Y
3040,City of Carmi - (IL),937,Carmi,IL,White,12,OP,IC,Electric Utility,1,2.0,1.8,1.8,DFO,NG,Y,NG,DFO,,,,,Y,Y,1.84,1.84,1.84,1.84,1H,6H,Y,,,Y
3040,City of Carmi - (IL),937,Carmi,IL,White,13,OP,IC,Electric Utility,1,4.4,4.3,4.3,DFO,NG,Y,NG,DFO,,,,,Y,Y,4.4,4.4,4.4,4.4,1H,6H,Y,,,Y
3040,City of Carmi - (IL),937,Carmi,IL,White,8,OP,IC,Electric Utility,1,1.4,1.2,1.2,DFO,NG,Y,NG,DFO,,,,,Y,Y,1.18,1.18,1.18,1.18,1H,6H,Y,,,Y
3040,City of Carmi - (IL),937,Carmi,IL,White,9,OP,IC,Electric Utility,1,1.7,1.5,1.5,DFO,NG,Y,NG,DFO,,,,,Y,Y,1.46,1.46,1.46,1.46,1H,6H,Y,,,Y
3046,Duke Energy Progress - (NC),2706,Asheville,NC,Buncombe,GT1,OP,GT,Electric Utility,1,211.7,164,185,NG,DFO,Y,DFO,NG,,,,,Y,Y,164,185,164,185,1H,1H,Y,Y,Y,Y
3046,Duke Energy Progress - (NC),2706,Asheville,NC,Buncombe,GT2,OP,GT,Electric Utility,1,211.8,160,185,NG,DFO,Y,DFO,NG,,,,,Y,Y,160,185,160,185,1H,1H,Y,Y,Y,Y
3046,Duke Energy Progress - (NC),2713,L V Sutton Steam,NC,New Hanover,GTA,OP,GT,Electric Utility,1,37.5,24,31,DFO,,,,,,,,,Y,,24,31,24,31,6H,,Y,Y,Y,
3046,Duke Energy Progress - (NC),2713,L V Sutton Steam,NC,New Hanover,GTB,OP,GT,Electric Utility,1,37.5,26,31,DFO,,,,,,,,,Y,,26,31,26,31,6H,,Y,Y,Y,
3046,Duke Energy Progress - (NC),3250,Darlington County,SC,Darlington,1,OP,GT,Electric Utility,1,66.8,52,65,NG,DFO,N,,,,,,,Y,Y,52,65,52,65,1H,1H,Y,Y,Y,Y
3046,Duke Energy Progress - (NC),3250,Darlington County,SC,Darlington,12,OP,GT,Electric Utility,1,158.0,118,133,NG,DFO,N,,,,,,,Y,Y,118,133,118,133,1H,1H,Y,Y,Y,Y
3046,Duke Energy Progress - (NC),3250,Darlington County,SC,Darlington,13,OP,GT,Electric Utility,1,158.0,116,133,NG,DFO,N,,,,,,,Y,Y,116,133,116,133,1H,1H,Y,Y,Y,Y
3046,Duke Energy Progress - (NC),3250,Darlington County,SC,Darlington,3,OP,GT,Electric Utility,1,66.8,52,67,NG,DFO,N,,,,,,,Y,Y,52,67,52,67,1H,1H,Y,Y,Y,Y
3046,Duke Energy Progress - (NC),3250,Darlington County,SC,Darlington,5,OP,GT,Electric Utility,1,66.8,52,66,NG,DFO,N,,,,,,,Y,Y,52,66,52,66,1H,1H,Y,Y,Y,Y
3046,Duke Energy Progress - (NC),3250,Darlington County,SC,Darlington,7,OP,GT,Electric Utility,1,66.8,51,67,NG,DFO,N,,,,,,,Y,Y,51,67,51,67,1H,1H,Y,Y,Y,Y
3046,Duke Energy Progress - (NC),7538,Wayne County,NC,Wayne,1,OP,GT,Electric Utility,1,211.8,177,192,NG,DFO,N,,,,,,,Y,Y,177,192,177,192,1H,1H,Y,Y,Y,Y
3046,Duke Energy Progress - (NC),7538,Wayne County,NC,Wayne,2,OP,GT,Electric Utility,1,211.8,174,192,NG,DFO,N,,,,,,,Y,Y,174,192,174,192,1H,1H,Y,Y,Y,Y
3046,Duke Energy Progress - (NC),7538,Wayne County,NC,Wayne,3,OP,GT,Electric Utility,1,211.8,173,193,NG,DFO,N,,,,,,,Y,Y,173,193,173,193,1H,1H,Y,Y,Y,Y
3046,Duke Energy Progress - (NC),7538,Wayne County,NC,Wayne,4,OP,GT,Electric Utility,1,211.8,170,191,NG,DFO,N,,,,,,,Y,Y,170,191,170,191,1H,1H,Y,Y,Y,Y
3046,Duke Energy Progress - (NC),7538,Wayne County,NC,Wayne,5,OP,GT,Electric Utility,1,211.8,169,197,NG,DFO,N,,,,,,,Y,Y,169,197,169,197,1H,1H,Y,Y,Y,Y
3046,Duke Energy Progress - (NC),7805,Sherwood H Smith Jr Energy Complex,NC,Richmond,001,OP,GT,Electric Utility,1,211.8,157,183,NG,DFO,N,,,,,,,Y,Y,157,183,157,183,1H,1H,Y,Y,Y,
3046,Duke Energy Progress - (NC),7805,Sherwood H Smith Jr Energy Complex,NC,Richmond,002,OP,GT,Electric Utility,1,211.8,156,183,NG,DFO,N,,,,,,,Y,Y,156,183,156,183,1H,1H,Y,Y,Y,
3046,Duke Energy Progress - (NC),7805,Sherwood H Smith Jr Energy Complex,NC,Richmond,003,OP,GT,Electric Utility,1,211.8,155,185,NG,DFO,N,,,,,,,Y,Y,155,185,155,185,1H,1H,Y,Y,Y,
3046,Duke Energy Progress - (NC),7805,Sherwood H Smith Jr Energy Complex,NC,Richmond,004,OP,GT,Electric Utility,1,211.8,163,186,NG,DFO,N,,,,,,,Y,Y,163,186,163,186,1H,1H,Y,Y,Y,
3046,Duke Energy Progress - (NC),7805,Sherwood H Smith Jr Energy Complex,NC,Richmond,10,OP,CT,Electric Utility,1,191.2,178,214,NG,DFO,N,,,,,,,Y,Y,178,214,178,214,6H,6H,Y,Y,Y,
3046,Duke Energy Progress - (NC),7805,Sherwood H Smith Jr Energy Complex,NC,Richmond,6,OP,GT,Electric Utility,1,195.3,153,187,NG,DFO,N,,,,,,,Y,Y,153,187,153,187,1H,1H,Y,Y,Y,
3046,Duke Energy Progress - (NC),7805,Sherwood H Smith Jr Energy Complex,NC,Richmond,7,OP,CT,Electric Utility,1,195.3,160,189,NG,DFO,N,,,,,,,Y,Y,160,189,160,189,6H,6H,Y,Y,Y,
3046,Duke Energy Progress - (NC),7805,Sherwood H Smith Jr Energy Complex,NC,Richmond,8,OP,CT,Electric Utility,1,195.3,157,189,NG,DFO,N,,,,,,,Y,Y,157,189,157,189,6H,6H,Y,Y,Y,
3046,Duke Energy Progress - (NC),7805,Sherwood H Smith Jr Energy Complex,NC,Richmond,9,OP,CT,Electric Utility,1,191.2,178,214,NG,DFO,N,,,,,,,Y,Y,178,214,178,214,6H,6H,Y,Y,Y,
3046,Duke Energy Progress - (NC),58215,Lee Combined Cycle Plant,NC,Wayne,1A,OP,CT,Electric Utility,1,180.0,179,223,NG,DFO,N,,,,,,,Y,Y,179,223,179,223,6H,6H,Y,Y,Y,
3046,Duke Energy Progress - (NC),58215,Lee Combined Cycle Plant,NC,Wayne,1B,OP,CT,Electric Utility,1,180.0,179,222,NG,DFO,N,,,,,,,Y,Y,179,223,179,223,6H,6H,Y,Y,Y,
3046,Duke Energy Progress - (NC),58215,Lee Combined Cycle Plant,NC,Wayne,1C,OP,CT,Electric Utility,1,180.0,179,223,NG,DFO,N,,,,,,,Y,Y,179,223,179,223,6H,6H,Y,Y,Y,
3046,Duke Energy Progress - (NC),58215,Lee Combined Cycle Plant,NC,Wayne,ST1,OP,CA,Electric Utility,1,380.0,379,379,NG,DFO,N,,,,,,,Y,Y,379,3793,379,379,6H,6H,Y,Y,Y,
3082,Carrollton Board of Public Wks,2120,Carrollton,MO,Carroll,10,OP,IC,Electric Utility,1,6.1,6,6,NG,DFO,Y,NG,DFO,,,,,Y,Y,6, ,6, ,1H,1H,Y,,Y,
3082,Carrollton Board of Public Wks,2120,Carrollton,MO,Carroll,3,OP,IC,Electric Utility,1,1.8,1.8,1.8,NG,DFO,Y,NG,DFO,,,,,Y,Y,1.8, ,1.8, ,1H,1H,Y,,Y,
3082,Carrollton Board of Public Wks,2120,Carrollton,MO,Carroll,7,OP,IC,Electric Utility,1,2.5,2.5,2.5,NG,DFO,Y,NG,DFO,,,,,Y,Y,2.5, ,2.5, ,1H,1H,Y,,Y,
3082,Carrollton Board of Public Wks,2120,Carrollton,MO,Carroll,8,OP,IC,Electric Utility,1,4.1,3.7,3.7,NG,DFO,Y,NG,DFO,,,,,Y,Y,3.7, ,3.7, ,1H,1H,Y,,Y,
3082,Carrollton Board of Public Wks,2120,Carrollton,MO,Carroll,9,OP,IC,Electric Utility,1,4.1,3.7,3.7,NG,DFO,Y,NG,DFO,,,,,Y,Y,3.7, ,3.7, ,1H,1H,Y,,Y,
3085,Carthage Energy LLC,10620,Carthage Energy LLC,NY,Jefferson,GEN1,SB,CT,IPP Non-CHP,2,40.9,38.2,44.7,NG,DFO,Y,NG,DFO,,,,,Y,Y,40.03,45,40.03,45,1H,1H,Y,Y,Y,
3103,Cargill Inc,10729,Cargill Corn Wet Milling Plant,TN,Shelby,GEN1,OP,ST,Industrial CHP,7,25.0,10.3,10.3,BIT,NG,Y,BIT,NG,,,,,N,N, , , , ,UNK,,,,,
3113,City of Carthage - (MO),2121,Carthage,MO,Jasper,10,OP,IC,Electric Utility,1,7.0,6,6,NG,DFO,Y,NG,DFO,,,,,Y,Y,5.5,5.5,5.5,5.5,1H,1H,Y,,,Y
3113,City of Carthage - (MO),2121,Carthage,MO,Jasper,11,OP,IC,Electric Utility,1,4.5,4,4,NG,DFO,Y,NG,DFO,,,,,Y,Y,3.5,3.5,3.5,3.5,1H,1H,Y,,,Y
3113,City of Carthage - (MO),2121,Carthage,MO,Jasper,12,OP,IC,Electric Utility,1,4.5,4,4,NG,DFO,Y,NG,DFO,,,,,Y,Y,3.5,3.5,3.5,3.5,1H,1H,Y,,,Y
3113,City of Carthage - (MO),2121,Carthage,MO,Jasper,13,OP,IC,Electric Utility,1,6.0,5.5,5.5,NG,DFO,Y,NG,DFO,,,,,Y,Y,5.5,5.5,5.5,5.5,1H,1H,Y,,,Y
3113,City of Carthage - (MO),2121,Carthage,MO,Jasper,14,OP,IC,Electric Utility,1,6.0,5.5,5.5,NG,DFO,Y,NG,DFO,,,,,Y,Y,5.5,5.5,5.5,5.5,1H,1H,Y,,,Y
3113,City of Carthage - (MO),2121,Carthage,MO,Jasper,6,OP,IC,Electric Utility,1,2.5,2,2,NG,DFO,Y,NG,DFO,,,,,Y,Y,1.8,1.8,1.8,1.8,1H,1H,Y,,,Y
3113,City of Carthage - (MO),2121,Carthage,MO,Jasper,7,OP,IC,Electric Utility,1,3.0,2.2,2.2,NG,DFO,Y,NG,DFO,,,,,Y,Y,2.2,2.2,2.2,2.2,1H,1H,Y,,,Y
3113,City of Carthage - (MO),2121,Carthage,MO,Jasper,8,OP,IC,Electric Utility,1,3.3,2.5,2.5,NG,DFO,Y,NG,DFO,,,,,Y,Y,2.2,2.2,2.2,2.2,1H,1H,Y,,,Y
3113,City of Carthage - (MO),2121,Carthage,MO,Jasper,9,OP,IC,Electric Utility,1,5.0,4,4,NG,DFO,Y,NG,DFO,,,,,Y,Y,3.8,3.8,3.8,3.8,1H,1H,Y,,,Y
3137,Cascade Municipal Utilities,1129,Cascade,IA,Jones,2,SB,IC,Electric Utility,1,2.0,1.9,2,DFO,NG,N,,,,,,,Y,Y,1.8,1.8,1.9,2,1H,1H,Y,,,Y
3156,Village of Cashton - (WI),4107,Cashton,WI,Monroe,5,OP,IC,Electric Utility,1,1.1,1.1,1.1,NG,DFO,N,,,,,,,Y,N,1.1, ,1.1, ,UNK,,Y,Y,,
3203,Cedar Falls Utilities,1130,Gas Turbine (IA),IA,Black Hawk,1,OP,GT,Electric Utility,1,19.6,15,21,NG,DFO,Y,NG,DFO,,,,,Y,Y,15,21,15,15,1H,1H,N,,,
3203,Cedar Falls Utilities,1130,Gas Turbine (IA),IA,Black Hawk,2,OP,GT,Electric Utility,1,23.8,19,24.9,NG,DFO,Y,NG,DFO,,,,,Y,Y,19,24.9,19,19,6H,6H,Y,Y,Y,Y
3203,Cedar Falls Utilities,1131,Streeter Station,IA,Black Hawk,6,OP,ST,Electric Utility,1,16.5,15.7,11.6,BIT,NG,Y,NG,BIT,,,,,N,, , , , ,,,,,,
3203,Cedar Falls Utilities,1131,Streeter Station,IA,Black Hawk,7,OP,ST,Electric Utility,1,35.0,33.7,33.7,NG,BIT,Y,NG,BIT,,,,,N,, , , , ,,,,,,
3249,Central Hudson Gas & Elec Corp,2487,West Coxsackie,NY,Greene,GT1,OP,GT,Electric Utility,1,21.6,21.3,21.3,KER,NG,N,,,,,,,Y,Y,19.6, ,19.6, ,1H,1H,Y,,Y,
3258,Central Iowa Power Cooperative,1206,Summit Lake,IA,UNION,GT1,OP,CT,Electric Utility,1,27.0,27.5,31.9,NG,DFO,Y,NG,DFO,,,,,Y,Y,27.5,31.9,27.5,31.9,1H,1H,Y,Y,Y,
3258,Central Iowa Power Cooperative,1206,Summit Lake,IA,UNION,GT2,OP,CT,Electric Utility,1,35.3,27.9,32.4,NG,DFO,Y,NG,DFO,,,,,Y,Y,27.9,32.4,27.9,32.4,1H,1H,Y,Y,,
3265,Cleco Power LLC,6190,Brame Energy Center,LA,Rapides,1,OP,ST,Electric Utility,1,445.5,422,422,NG,RFO,Y,NG,DFO,RFO,,,,Y,Y,440, ,430, ,UNK,,Y,,,Y
3265,Cleco Power LLC,6190,Brame Energy Center,LA,Rapides,3,OP,ST,Electric Utility,1,703.8,628,628,PC,BIT,Y,PC,SUB,LIG,BIT,WDS,,N,, , , , ,,,,,,
3304,Central Michigan University,56190,Central Michigan University,MI,Isabella,GT1,SB,GT,Commercial CHP,5,3.8,3.2,3.9,NG,DFO,N,,,,,,,Y,Y,3.2, ,3.2, ,UNK,,Y,,,Y
3329,Borough of Chambersburg,7397,Falling Spring,PA,FRANKLIN,5,OP,IC,Electric Utility,1,2.0,2.1,2.1,NG,DFO,Y,NG,DFO,,,,,Y,Y,2.1, ,2.1, ,1H,,Y,,Y,
3329,Borough of Chambersburg,7397,Falling Spring,PA,FRANKLIN,6,OP,IC,Electric Utility,1,2.0,2.1,2.1,NG,DFO,Y,NG,DFO,,,,,Y,Y,2.1, ,2.1, ,1H,,Y,,Y,
3329,Borough of Chambersburg,7397,Falling Spring,PA,FRANKLIN,7,OP,IC,Electric Utility,1,3.2,2.9,2.9,NG,DFO,Y,NG,DFO,,,,,Y,Y,3.1, ,3.1, ,1H,,Y,,Y,
3329,Borough of Chambersburg,55997,Orchard Park,PA,FRANKLIN,10,OP,IC,Electric Utility,1,6.0,5.8,5.8,NG,DFO,Y,NG,DFO,,,,,Y,Y,5.8,5.8,5.7,5.7,1H,1H,Y,,Y,
3329,Borough of Chambersburg,55997,Orchard Park,PA,FRANKLIN,11,OP,IC,Electric Utility,1,6.0,5.8,5.8,NG,DFO,Y,NG,DFO,,,,,Y,Y,5.8,5.8,5.7,5.7,1H,1H,Y,,Y,
3329,Borough of Chambersburg,55997,Orchard Park,PA,FRANKLIN,8,OP,IC,Electric Utility,1,6.0,5.8,5.8,NG,DFO,Y,NG,DFO,,,,,Y,Y,5.8,5.8,5.7,5.7,1H,1H,Y,,Y,
3329,Borough of Chambersburg,55997,Orchard Park,PA,FRANKLIN,9,OP,IC,Electric Utility,1,6.0,5.8,5.8,NG,DFO,Y,NG,DFO,,,,,Y,Y,5.8,5.8,5.7,5.7,1H,1H,Y,,Y,
3370,Channel Energy Center LLC,55299,Channel Energy Center LLC,TX,Harris,CTG1,OP,CT,IPP CHP,3,215.0,185,210,NG,OG,Y,NG,OG,,,,,,, , , , ,,,,,,
3370,Channel Energy Center LLC,55299,Channel Energy Center LLC,TX,Harris,CTG2,OP,CT,IPP CHP,3,215.0,185,210,NG,OG,Y,NG,OG,,,,,,, , , , ,,,,,,
3453,Chevron Refinery-Hawaii,10194,Hawaii Cogen,HI,Honolulu,GEN1,OP,GT,Industrial CHP,7,3.0,3.2,3.2,OG,WO,N,,,,,,,Y,Y,3.2,3.2,3.2,3.2,1H,1H,Y,,,Y
3453,Chevron Refinery-Hawaii,10194,Hawaii Cogen,HI,Honolulu,GEN2,OP,GT,Industrial CHP,7,3.0,3.2,3.2,OG,WO,N,,,,,,,Y,,3.2,3.2,3.2,3.2,1H,1H,Y,,,Y
3453,Chevron Refinery-Hawaii,10194,Hawaii Cogen,HI,Honolulu,GEN3,OP,GT,Industrial CHP,7,3.0,3,3,WO,OG,N,,,,,,,Y,,3,3,3,3,1H,1H,Y,,,Y
3453,Chevron Refinery-Hawaii,10194,Hawaii Cogen,HI,Honolulu,GEN4,OP,GT,Industrial CHP,7,3.2,3.2,3.2,WO,OG,N,,,,,,,Y,,3.2,3.2,3.2,3.2,1H,1H,Y,,,Y
3486,Chillicothe Municipal Utils,2122,Chillicothe,MO,Livingston,GT1,OP,GT,Electric Utility,1,40.0,40,42,NG,DFO,N,,,,,,,Y,Y,40,42,40,42,1H,1H,Y,,,Y
3486,Chillicothe Municipal Utils,2122,Chillicothe,MO,Livingston,GT2,OP,GT,Electric Utility,1,40.0,40,42,NG,DFO,N,,,,,,,Y,Y,40,42,40,42,1H,1H,Y,,,Y
3599,Citizens Thermal Energy,992,CC Perry K,IN,Marion,4,OP,ST,IPP CHP,3,15.0,10,10,BIT,PUR,Y,NG,DFO,BIT,,,,,, , , , ,,,,,,
3599,Citizens Thermal Energy,992,CC Perry K,IN,Marion,6,OP,ST,IPP CHP,3,5.0,3,5,BIT,NG,Y,NG,BIT,,,,,,, , , , ,,,,,,Y
3702,Clarksdale Public Utilities,2059,L L Wilkins,MS,Coahoma,8,OP,CT,Electric Utility,1,16.2,13.2,15,NG,DFO,N,,,,,,,Y,Y,13, ,13, ,6H,,N,,,
3702,Clarksdale Public Utilities,2059,L L Wilkins,MS,Coahoma,9,OP,CS,Electric Utility,1,25.5,22,23,NG,DFO,N,,,,,,,Y,Y,23, ,25, ,6H,,N,,,
3710,City of Clay Center - (KS),1270,Clay Center,KS,Clay,5,OP,ST,Electric Utility,1,3.0,3,3,NG,DFO,Y,NG,DFO,,,,,Y,Y,3, ,3, ,1H,1H,N,,,
3710,City of Clay Center - (KS),1270,Clay Center,KS,Clay,6,OP,ST,Electric Utility,1,5.0,5,5,NG,DFO,Y,NG,DFO,,,,,Y,Y,5,5,5,5,1H,1H,N,,,
3710,City of Clay Center - (KS),1270,Clay Center,KS,Clay,IC1,OP,IC,Electric Utility,1,0.9,0.9,0.9,NG,DFO,Y,NG,DFO,,,,,Y,Y,0.9, ,0.9, ,1H,,Y,Y,,
3710,City of Clay Center - (KS),1270,Clay Center,KS,Clay,IC2,OP,IC,Electric Utility,1,2.1,2,2,NG,DFO,Y,NG,DFO,,,,,Y,Y,2.1, ,2.1, ,1H,,Y,Y,,
3710,City of Clay Center - (KS),1270,Clay Center,KS,Clay,IC3,OP,IC,Electric Utility,1,5.1,5,5,NG,DFO,Y,NG,DFO,,,,,Y,Y,5, ,5, ,1H,,Y,Y,,
3710,City of Clay Center - (KS),1270,Clay Center,KS,Clay,IC4,OP,IC,Electric Utility,1,3.5,3.5,3.5,NG,DFO,Y,NG,DFO,,,,,Y,Y,3.5, ,3.5, ,1H,,Y,Y,,
3710,City of Clay Center - (KS),1270,Clay Center,KS,Clay,IC5,OP,IC,Electric Utility,1,3.5,3.5,3.5,NG,DFO,Y,NG,DFO,,,,,Y,Y,3.5, ,3.5, ,1H,,Y,Y,,
3710,City of Clay Center - (KS),1270,Clay Center,KS,Clay,IC6,OP,IC,Electric Utility,1,6.8,6.8,6.8,NG,DFO,Y,NG,DFO,,,,,Y,Y,6.8, ,6.8, ,1H,,Y,Y,,
3762,City of Cleveland - (OH),2906,Collinwood,OH,Cuyahoga,3,OP,GT,Electric Utility,1,16.0,16,18,NG,DFO,Y,NG,DFO,,,,,Y,Y,16, ,16, ,1H,,Y,Y,,
3762,City of Cleveland - (OH),2909,West 41st Street,OH,Cuyahoga,1,OP,GT,Electric Utility,1,16.0,16,18,NG,DFO,Y,NG,DFO,,,,,Y,Y,16, ,16, ,1H,,Y,Y,,
3762,City of Cleveland - (OH),2909,West 41st Street,OH,Cuyahoga,2,OP,GT,Electric Utility,1,16.0,16,18,NG,DFO,Y,NG,DFO,,,,,Y,Y,16, ,16, ,1H,,Y,Y,,
3813,Village of Clinton - (MI),1818,Clinton,MI,LENAWEE,6,OP,IC,Electric Utility,1,2.0,2,2,NG,DFO,Y,DFO,NG,,,,,Y,Y,0.64, ,0.64, ,UNK,UNK,Y,,,Y
3836,CMS Generation Operating LLC,10822,Grayling Generating Station,MI,Crawford,GEN1,OP,ST,IPP Non-CHP,2,38.0,38,38,WDS,TDF,Y,WDS,TDF,,,,,,, , , , ,,,,,,
3836,CMS Generation Operating LLC,54751,Genesee Power Station LP,MI,Genesee,GEN1,OP,ST,IPP Non-CHP,2,39.5,35,35,WDS,TDF,Y,WDS,TDF,,,,,,, , , , ,,,,,,
3837,CMS Generation Operating Co II,10525,Craven County Wood Energy LP,NC,Craven,1UNI,OP,ST,IPP Non-CHP,2,50.0,48,48,WDS,OBS,Y,WDS,OBS,WO,,,,N,, , , , ,,,,,,
3890,EFS Cogen Holdings I LLC,50006,Linden Cogen Plant,NJ,Union,GTG1,OP,CT,IPP CHP,3,95.2,94.3,100,NG,WO,N,,,,,,,Y,Y,94.62,100,94.5,100,6H,6H,Y,Y,Y,
3890,EFS Cogen Holdings I LLC,50006,Linden Cogen Plant,NJ,Union,GTG2,OP,CT,IPP CHP,3,95.2,94.3,100,NG,WO,N,,,,,,,Y,Y,94.62,100,94.5,100,6H,6H,Y,Y,Y,
3890,EFS Cogen Holdings I LLC,50006,Linden Cogen Plant,NJ,Union,GTG3,OP,CT,IPP CHP,3,95.2,94.3,100,NG,WO,N,,,,,,,Y,Y,94.62,100,94.5,100,6H,6H,Y,Y,Y,
3890,EFS Cogen Holdings I LLC,50006,Linden Cogen Plant,NJ,Union,GTG4,OP,CT,IPP CHP,3,95.2,94.3,100,NG,WO,N,,,,,,,Y,Y,94.62,100,94.5,100,6H,6H,Y,Y,Y,
3890,EFS Cogen Holdings I LLC,50006,Linden Cogen Plant,NJ,Union,GTG5,OP,CT,IPP CHP,3,95.2,94.3,100,NG,WO,N,,,,,,,Y,Y,94.62,100,94.5,100,6H,6H,Y,Y,Y,
3890,EFS Cogen Holdings I LLC,50006,Linden Cogen Plant,NJ,Union,GTG6,OP,CT,IPP CHP,3,212.5,151.9,178.4,NG,DFO,N,,,,,,,Y,Y,165.1,184.2,160.3,191.8,6H,6H,Y,Y,Y,
3913,City of Colby - (KS),1272,Colby City of,KS,THOMAS,3,OP,IC,Electric Utility,1,2.5,1.8,1.8,DFO,NG,Y,DFO,NG,,,,,Y,,1.8,1.8,0,0,UNK,UNK,Y,,,Y
3913,City of Colby - (KS),1272,Colby City of,KS,THOMAS,4,OP,IC,Electric Utility,1,1.7,1.2,1.2,DFO,NG,Y,DFO,NG,,,,,Y,Y,1.2,1.2,1.2,1.2,1H,1H,N,,,
3913,City of Colby - (KS),1272,Colby City of,KS,THOMAS,5,OP,IC,Electric Utility,1,1.3,1,1,DFO,NG,Y,DFO,NG,,,,,Y,Y,1,1,1,1,1H,1H,N,,,
3913,City of Colby - (KS),1272,Colby City of,KS,THOMAS,6,OP,IC,Electric Utility,1,4.5,3.5,3.5,DFO,NG,Y,DFO,NG,,,,,Y,Y,3.5,3.5,3.5,3.5,1H,1H,N,,,
3913,City of Colby - (KS),1272,Colby City of,KS,THOMAS,7,OP,IC,Electric Utility,1,4.5,3.5,3.5,DFO,NG,Y,DFO,NG,,,,,Y,Y,3.5,3.5,3.5,3.5,1H,1H,N,,,
3913,City of Colby - (KS),1272,Colby City of,KS,THOMAS,8,OP,IC,Electric Utility,1,2.7,2.5,2.5,DFO,NG,Y,DFO,NG,,,,,Y,Y,2.5,2.5,2.5,2.5,1H,1H,N,,,
3989,City of Colorado Springs - (CO),492,Martin Drake,CO,El Paso,5,OP,ST,Electric Utility,1,50.0,46,46,SUB,BIT,Y,BIT,SUB,NG,WDS,,,N,, , , , ,,,,,,
3989,City of Colorado Springs - (CO),492,Martin Drake,CO,El Paso,6,OP,ST,Electric Utility,1,75.0,77,77,SUB,BIT,Y,BIT,SUB,NG,,,,N,, , , , ,,,,,,
3989,City of Colorado Springs - (CO),492,Martin Drake,CO,El Paso,7,OP,ST,Electric Utility,1,132.0,131,131,SUB,BIT,Y,BIT,SUB,NG,,,,N,, , , , ,,,,,,
3989,City of Colorado Springs - (CO),493,George Birdsall,CO,El Paso,1,OP,ST,Electric Utility,1,17.3,16,16,NG,DFO,Y,NG,DFO,,,,,Y,Y,16,16,14,14,6H,1H,Y,Y,,
3989,City of Colorado Springs - (CO),493,George Birdsall,CO,El Paso,2,OP,ST,Electric Utility,1,18.8,16,16,NG,DFO,Y,NG,DFO,,,,,Y,Y,16,16,14,14,6H,1H,Y,Y,,
3989,City of Colorado Springs - (CO),493,George Birdsall,CO,El Paso,3,OP,ST,Electric Utility,1,23.5,23,23,NG,DFO,Y,NG,DFO,,,,,Y,Y,23,23,21,21,6H,1H,Y,Y,,
3998,Desert View Power Inc,10300,Desert View Power,CA,Riverside,GEN1,OP,ST,IPP Non-CHP,2,55.5,47,47,WDS,PC,Y,WDS,PC,NG,TDF,,,N,, , , , ,,,,,,
4028,Columbia Energy LLC,55386,Columbia Energy Center (SC),SC,Calhoun,CT1,OP,CT,IPP CHP,3,197.0,151.5,180.1,NG,DFO,N,,,,,,,Y,Y,151.5,180.1,151.5,180.1,1H,1H,Y,Y,Y,
4028,Columbia Energy LLC,55386,Columbia Energy Center (SC),SC,Calhoun,CT2,OP,CT,IPP CHP,3,197.0,151.5,180.1,NG,DFO,N,,,,,,,Y,Y,151.5,180.1,151.5,180.1,1H,1H,Y,Y,Y,
4129,Colmac Clarion Inc,54144,Piney Creek Project,PA,CLARION,GEN1,OA,ST,IPP Non-CHP,2,36.2,32.5,32.5,WC,WDS,Y,WC,WDS,OTH,,,,N,, , , , ,,,,,,
4180,Connecticut Mun Elec Engy Coop,6635,A L Pierce,CT,New Haven,4,OP,GT,Electric Utility,1,84.0,77,93,NG,DFO,N,,,,,,,Y,Y,84, ,84, ,1H,1H,Y,Y,Y,
4208,Phillips 66 Company,50119,Phillips 66 Rodeo Refinery,CA,Contra Costa,GENA,OP,GT,Industrial CHP,7,18.3,15.4,15.9,OG,NG,Y,NG,OG,,,,,N,, , , , ,,,,,,
4208,Phillips 66 Company,50119,Phillips 66 Rodeo Refinery,CA,Contra Costa,GENB,OP,GT,Industrial CHP,7,18.3,16.4,17.1,OG,NG,Y,NG,OG,,,,,N,, , , , ,,,,,,
4208,Phillips 66 Company,50119,Phillips 66 Rodeo Refinery,CA,Contra Costa,GENC,OP,GT,Industrial CHP,7,18.3,16.2,16.7,OG,NG,Y,NG,OG,,,,,N,, , , , ,,,,,,
4226,Consolidated Edison Co-NY Inc,2493,East River,NY,New York,1,OP,GT,Electric Utility,1,180.0,144.2,180.4,NG,DFO,N,,,,,,,Y,N,143.8, ,143.8, ,UNK,,Y,,Y,
4226,Consolidated Edison Co-NY Inc,2493,East River,NY,New York,2,OP,GT,Electric Utility,1,180.0,143.3,181.8,NG,DFO,N,,,,,,,Y,N,148.3, ,148.3, ,UNK,,Y,,Y,
4226,Consolidated Edison Co-NY Inc,2493,East River,NY,New York,6,OP,ST,Electric Utility,1,156.2,137.7,137.9,RFO,NG,N,,,,,,,Y,Y,132.2, ,130, ,6H,,Y,,,Y
4226,Consolidated Edison Co-NY Inc,2493,East River,NY,New York,7,OP,ST,Electric Utility,1,200.0,184.1,185,RFO,NG,N,,,,,,,Y,Y,176.7, ,170, ,6H,,Y,,,Y
4254,Consumers Energy Co,1702,Dan E Karn,MI,Bay,3,OP,ST,Electric Utility,1,692.5,629,636,NG,RFO,Y,NG,RFO,,,,,Y,Y,380, ,638, ,6H,6H,Y,Y,,
4254,Consumers Energy Co,1702,Dan E Karn,MI,Bay,4,OP,ST,Electric Utility,1,709.8,575,578,NG,RFO,Y,NG,RFO,,,,,Y,Y,380, ,638, ,6H,6H,Y,Y,,
4363,Corn Belt Power Coop,1217,Earl F Wisdom,IA,Clay,2,OP,GT,Electric Utility,1,81.6,76,80,NG,DFO,N,,,,,,,Y,Y,74,78,76,80,1H,1H,Y,Y,Y,
4383,Corpus Christi Cogeneration LLC,55206,Corpus Christi Energy Center,TX,Nueces,ST1,OP,CA,IPP CHP,3,195.5,165,165,NG,OG,Y,NG,OG,,,,,,, , , , ,,,,,,
4417,Ingredion Inc - Winston Salem,54618,Ingredion Winston Salem,NC,Forsyth,7500,OP,ST,Industrial CHP,7,7.5,6.6,6.6,WDS,BIT,Y,WDS,BIT,,,,,N,, , , , ,,,,,,
4417,Ingredion Inc - Winston Salem,54618,Ingredion Winston Salem,NC,Forsyth,900,OP,ST,Industrial CHP,7,0.9,0.4,0.5,WDS,BIT,Y,WDS,BIT,,,,,N,, , , , ,,,,,,
4527,City of Crete,2231,Crete,NE,Saline,7,OP,IC,Electric Utility,1,6.0,6,6.1,NG,DFO,Y,NG,DFO,,,,,Y,Y,6,6,6,6,1H,1H,N,,,
4580,Georgia-Pacific LLC,10606,Georgia-Pacific Crossett,AR,Ashley,GEN4,OP,ST,Industrial CHP,7,25.0,28,28,BLQ,WDS,Y,BLQ,WDS,NG,WO,TDF,DFO,N,N, , , , ,,,,,,
4580,Georgia-Pacific LLC,10606,Georgia-Pacific Crossett,AR,Ashley,GEN5,OP,ST,Industrial CHP,7,30.6,30.6,30.6,BLQ,WDS,Y,BLQ,WDS,NG,WO,TDF,DFO,N,N, , , , ,,,,,,
4580,Georgia-Pacific LLC,10606,Georgia-Pacific Crossett,AR,Ashley,GEN6,OP,ST,Industrial CHP,7,36.0,36,36,BLQ,WDS,Y,BLQ,WDS,NG,WO,TDF,DFO,N,N, , , , ,,,,,,
4627,City of Cumberland - (WI),4112,Cumberland (WI),WI,Barron,5,OP,IC,Electric Utility,1,2.0,2.1,2.1,NG,DFO,N,,,,,,,Y,Y,2.1, ,2.1, ,1H,,N,,,
4627,City of Cumberland - (WI),4112,Cumberland (WI),WI,Barron,7,OP,IC,Electric Utility,1,6.6,6.2,6.2,NG,DFO,N,,,,,,,Y,Y,6.22, ,6.22, ,1H,,N,,,
4627,City of Cumberland - (WI),4112,Cumberland (WI),WI,Barron,8,OP,IC,Electric Utility,1,3.5,3.5,3.5,NG,DFO,N,,,,,,,Y,Y,3.5, ,3.5, ,1H,,N,,,
4661,City of Curtis - (NE),2232,Curtis,NE,FRONTIER,2,OP,IC,Electric Utility,1,0.9,0.8,0.8,NG,DFO,Y,NG,DFO,,,,,Y,Y,0.8, ,0.8, ,UNK,UNK,Y,,Y,
4661,City of Curtis - (NE),2232,Curtis,NE,FRONTIER,3,OP,IC,Electric Utility,1,1.1,1,1,NG,DFO,Y,NG,DFO,,,,,Y,Y,1, ,1, ,UNK,UNK,Y,,Y,
4661,City of Curtis - (NE),2232,Curtis,NE,FRONTIER,4,OP,IC,Electric Utility,1,1.4,1.2,1.2,NG,DFO,Y,NG,DFO,,,,,Y,Y,1.2, ,1.2, ,UNK,UNK,Y,,Y,
4667,City of Cushing - (OK),2975,Cushing,OK,Payne,1,OP,IC,Electric Utility,1,2.5,1.8,1.8,DFO,NG,Y,DFO,NG,,,,,N,, , , , ,,,,,,
4667,City of Cushing - (OK),2975,Cushing,OK,Payne,10,OP,IC,Electric Utility,1,4.5,4,4,DFO,NG,Y,DFO,NG,,,,,N,, , , , ,,,,,,
4667,City of Cushing - (OK),2975,Cushing,OK,Payne,11,OP,IC,Electric Utility,1,6.3,6.3,6.3,DFO,NG,Y,DFO,NG,,,,,N,, , , , ,,,,,,
4667,City of Cushing - (OK),2975,Cushing,OK,Payne,2,OP,IC,Electric Utility,1,1.0,0.8,0.8,DFO,NG,Y,DFO,NG,,,,,N,, , , , ,,,,,,
4667,City of Cushing - (OK),2975,Cushing,OK,Payne,3,OP,IC,Electric Utility,1,0.5,0.4,0.4,DFO,NG,Y,DFO,NG,,,,,N,, , , , ,,,,,,
4667,City of Cushing - (OK),2975,Cushing,OK,Payne,4,OP,IC,Electric Utility,1,0.5,0.4,0.4,DFO,NG,Y,DFO,NG,,,,,N,, , , , ,,,,,,
4667,City of Cushing - (OK),2975,Cushing,OK,Payne,5,OP,IC,Electric Utility,1,0.5,0.4,0.4,DFO,NG,Y,DFO,NG,,,,,N,, , , , ,,,,,,
4667,City of Cushing - (OK),2975,Cushing,OK,Payne,6,OP,IC,Electric Utility,1,0.8,0.6,0.6,DFO,NG,Y,DFO,NG,,,,,N,, , , , ,,,,,,
4667,City of Cushing - (OK),2975,Cushing,OK,Payne,7,OP,IC,Electric Utility,1,2.5,1.9,1.9,DFO,NG,Y,DFO,NG,,,,,N,, , , , ,,,,,,
4667,City of Cushing - (OK),2975,Cushing,OK,Payne,8,OP,IC,Electric Utility,1,2.5,1.9,1.9,DFO,NG,Y,DFO,NG,,,,,N,, , , , ,,,,,,
4667,City of Cushing - (OK),2975,Cushing,OK,Payne,9,OP,IC,Electric Utility,1,3.0,2.7,2.7,DFO,NG,Y,DFO,NG,,,,,N,, , , , ,,,,,,
4716,Dairyland Power Coop,7863,Elk Mound,WI,Chippewa,1,OP,GT,Electric Utility,1,35.5,34.5,45.4,NG,DFO,N,,,,,,,Y,Y,34.5,45.4,36.5,47.4,1H,1H,Y,,Y,
4716,Dairyland Power Coop,7863,Elk Mound,WI,Chippewa,2,OP,GT,Electric Utility,1,35.5,35.2,45.6,NG,DFO,N,,,,,,,Y,Y,35.2,45.6,37.2,47.6,1H,1H,Y,,Y,
4836,City of David City,2233,David City,NE,Butler,1,OP,IC,Electric Utility,1,1.5,1.3,1.3,NG,DFO,N,,,,,,,Y,Y,1.3,1.3,1.3,1.3,6H,6H,N,,,
4836,City of David City,2233,David City,NE,Butler,3,OP,IC,Electric Utility,1,1.0,0.9,0.9,NG,DFO,N,,,,,,,Y,Y,0.9,0.9,0.9,0.9,6H,6H,N,,,
4836,City of David City,2233,David City,NE,Butler,4,OP,IC,Electric Utility,1,2.3,1.8,1.8,NG,DFO,N,,,,,,,Y,Y,1.8,1.8,1.8,1.8,6H,6H,N,,,
4922,Dayton Power & Light Co,2847,Frank M Tait,OH,Montgomery,GT1,OP,GT,Electric Utility,1,103.5,88,100,NG,DFO,N,,,,,,,Y,Y,88, ,88, ,6H,6H,N,,,
4922,Dayton Power & Light Co,2847,Frank M Tait,OH,Montgomery,GT2,OP,GT,Electric Utility,1,106.1,89,102,NG,DFO,N,,,,,,,Y,Y,89, ,89, ,6H,6H,N,,,
4922,Dayton Power & Light Co,2847,Frank M Tait,OH,Montgomery,GT3,OP,GT,Electric Utility,1,84.2,79,102,NG,DFO,N,,,,,,,Y,Y,79, ,79, ,6H,6H,N,,,
4922,Dayton Power & Light Co,2848,O H Hutchings,OH,Montgomery,7,OP,GT,Electric Utility,1,32.6,25,33,NG,DFO,N,,,,,,,Y,Y,25, ,25, ,72H,72H,N,,,
4922,Dayton Power & Light Co,2854,Yankee Street,OH,Montgomery,1,OP,GT,Electric Utility,1,18.5,19.5,22,NG,DFO,N,,,,,,,Y,Y,19.5, ,19.5, ,6H,6H,N,,,
4922,Dayton Power & Light Co,2854,Yankee Street,OH,Montgomery,2,OP,GT,Electric Utility,1,18.5,19.5,22,NG,DFO,N,,,,,,,Y,Y,19.5, ,19.5, ,6H,6H,N,,,
4922,Dayton Power & Light Co,2854,Yankee Street,OH,Montgomery,3,OP,GT,Electric Utility,1,18.5,19.3,22,NG,DFO,N,,,,,,,Y,Y,19.3, ,19.3, ,6H,6H,N,,,
4922,Dayton Power & Light Co,2854,Yankee Street,OH,Montgomery,4,OP,GT,Electric Utility,1,17.5,11,11,NG,DFO,N,,,,,,,Y,Y,11, ,11, ,6H,6H,N,,,
4922,Dayton Power & Light Co,2854,Yankee Street,OH,Montgomery,5,OP,GT,Electric Utility,1,17.5,8,8,NG,DFO,N,,,,,,,Y,Y,8, ,8, ,6H,6H,N,,,
4922,Dayton Power & Light Co,2854,Yankee Street,OH,Montgomery,6,OP,GT,Electric Utility,1,17.5,12,12,NG,DFO,N,,,,,,,Y,Y,13, ,13, ,6H,6H,N,,,
4922,Dayton Power & Light Co,2854,Yankee Street,OH,Montgomery,7,OP,GT,Electric Utility,1,17.5,11,11,NG,DFO,N,,,,,,,Y,Y,11, ,11, ,6H,6H,N,,,
5015,Delano Municipal Utilities,1969,Delano,MN,WRIGHT,2,OP,IC,Electric Utility,1,1.1,1.1,1.1,NG,DFO,N,,,,,,,Y,,0.9,0.9,1.1,1.1,1H,1H,N,,,
5015,Delano Municipal Utilities,1969,Delano,MN,WRIGHT,3,OP,IC,Electric Utility,1,1.3,1.3,1.3,NG,DFO,N,,,,,,,Y,,0.9,0.9,1.1,1.1,1H,1H,N,,,
5036,City of Delta - (CO),496,Delta (CO),CO,Delta,1,OP,IC,Electric Utility,1,0.8,0.8,0.8,NG,DFO,,,,,,,,Y,,0.8,0.8,0.8,0.8,1H,1H,Y,Y,,
5036,City of Delta - (CO),496,Delta (CO),CO,Delta,2,OP,IC,Electric Utility,1,0.4,0.4,0.4,NG,DFO,,,,,,,,Y,,0.4,0.4,0.4,0.4,1H,1H,Y,Y,,
5036,City of Delta - (CO),496,Delta (CO),CO,Delta,6,OP,IC,Electric Utility,1,1.2,1.2,1.2,NG,DFO,,,,,,,,Y,N,1.2,1.2,1.2,1.2,1H,1H,Y,Y,,
5036,City of Delta - (CO),496,Delta (CO),CO,Delta,7,OP,IC,Electric Utility,1,2.1,1.8,2,NG,DFO,,,,,,,,Y,,1.8,2,1.8,2,1H,1H,Y,Y,,
5060,Delta Person LP,55039,Rio Bravo,NM,Bernalillo,GT1,OP,GT,IPP Non-CHP,2,150.0,140,140,NG,DFO,N,,,,,,,Y,Y,140, ,140, ,1H,1H,Y,Y,Y,
5065,Equistar Chemicals LP,57884,Lake Charles Polymers,LA,Calcasieu,G-901,OP,IC,Industrial Non-CHP,6,8.4,8,8.5,NG,OG,Y,PG,,,,,,N,, , , , ,,,,,,
5065,Equistar Chemicals LP,57884,Lake Charles Polymers,LA,Calcasieu,G-902,OP,IC,Industrial Non-CHP,6,8.4,8,8.5,NG,OG,Y,PG,,,,,,N,, , , , ,,,,,,
5084,Delaware Municipal Electric Corp,7962,Warren F Sam Beasley Generation Station,DE,Kent,001,OP,GT,Electric Utility,1,45.0,48,48,NG,DFO,N,,,,,,,Y,Y,48, ,48, ,1H,1H,Y,Y,Y,
5084,Delaware Municipal Electric Corp,7962,Warren F Sam Beasley Generation Station,DE,Kent,002,OP,GT,Electric Utility,1,51.0,50,50,NG,DFO,N,,,,,,,Y,Y,50, ,48, ,1H,1H,Y,Y,Y,
5109,DTE Electric Company,1733,Monroe (MI),MI,Monroe,1,OP,ST,Electric Utility,1,817.2,668,770,SUB,BIT,Y,SUB,BIT,,,,,,, , , , ,,,,,,
5109,DTE Electric Company,1733,Monroe (MI),MI,Monroe,2,OP,ST,Electric Utility,1,822.6,748,795,SUB,BIT,Y,SUB,BIT,,,,,,, , , , ,,,,,,
5109,DTE Electric Company,1733,Monroe (MI),MI,Monroe,3,OP,ST,Electric Utility,1,822.6,752,795,SUB,BIT,Y,SUB,BIT,,,,,,, , , , ,,,,,,
5109,DTE Electric Company,1733,Monroe (MI),MI,Monroe,4,OP,ST,Electric Utility,1,817.2,762,775,SUB,BIT,Y,SUB,BIT,,,,,,, , , , ,,,,,,
5109,DTE Electric Company,1734,Northeast (MI),MI,Macomb,5,OP,GT,Electric Utility,1,23.4,15,24,DFO,NG,N,,,,,,,Y,N,17, ,17, ,UNK,,N,,,
5109,DTE Electric Company,1740,River Rouge,MI,Wayne,2,OP,ST,Electric Utility,1,292.5,251,260,SUB,BIT,Y,SUB,BIT,NG,OG,,,,, , , , ,,,,,,
5109,DTE Electric Company,1740,River Rouge,MI,Wayne,3,OP,ST,Electric Utility,1,358.1,276,280,SUB,BIT,Y,SUB,BIT,NG,OG,,,,, , , , ,,,,,,
5109,DTE Electric Company,1743,St Clair,MI,St Clair,1,OP,ST,Electric Utility,1,168.7,152,158,SUB,BIT,Y,SUB,BIT,DFO,RFO,WO,,,, , , , ,,,,,,
5109,DTE Electric Company,1743,St Clair,MI,St Clair,11,OP,GT,Electric Utility,1,18.5,18,23,DFO,NG,N,,,,,,,Y,N,18, ,18, ,1H,,N,,,
5109,DTE Electric Company,1743,St Clair,MI,St Clair,2,OP,ST,Electric Utility,1,156.2,153,162,SUB,BIT,Y,SUB,BIT,WO,,,,,, , , , ,,,,,,
5109,DTE Electric Company,1743,St Clair,MI,St Clair,3,OP,ST,Electric Utility,1,156.2,165,168,SUB,BIT,Y,SUB,BIT,,WO,,,,, , , , ,,,,,,
5109,DTE Electric Company,1743,St Clair,MI,St Clair,4,OP,ST,Electric Utility,1,168.7,147,155,SUB,BIT,Y,SUB,BIT,WO,,,,,, , , , ,,,,,,
5109,DTE Electric Company,1743,St Clair,MI,St Clair,6,OP,ST,Electric Utility,1,352.7,307,321,SUB,BIT,Y,SUB,BIT,NG,,,,,, , , , ,,,,,,
5109,DTE Electric Company,1743,St Clair,MI,St Clair,7,OP,ST,Electric Utility,1,544.5,450,450,SUB,BIT,Y,SUB,BIT,DFO,,,,,, , , , ,,,,,,
5109,DTE Electric Company,1745,Trenton Channel,MI,Wayne,7,OP,ST,Electric Utility,1,120.0,111,110,SUB,BIT,Y,SUB,BIT,,,,,,, , , , ,,,,,,
5109,DTE Electric Company,1745,Trenton Channel,MI,Wayne,8,OP,ST,Electric Utility,1,120.0,78,100,SUB,BIT,Y,SUB,BIT,,,,,,, , , , ,,,,,,
5109,DTE Electric Company,1745,Trenton Channel,MI,Wayne,9,OP,ST,Electric Utility,1,535.5,524,520,SUB,BIT,Y,SUB,BIT,,,,,,, , , , ,,,,,,
5109,DTE Electric Company,6034,Belle River,MI,St Clair,ST1,OP,ST,Electric Utility,1,697.5,642,635,SUB,DFO,Y,SUB,DFO,,,,,,, , , , ,,,,,,
5109,DTE Electric Company,6034,Belle River,MI,St Clair,ST2,OP,ST,Electric Utility,1,697.5,642,635,SUB,DFO,Y,SUB,DFO,,,,,,, , , , ,,,,,,
5109,DTE Electric Company,6035,Greenwood (MI),MI,St Clair,1,OP,ST,Electric Utility,1,815.4,772,785,NG,RFO,Y,NG,RFO,,,,,Y,Y,550, ,785, ,UNK,,N,,,
5178,Dinwiddie Power Inc,54766,Boydton Plank Road Cogen Plant,VA,Dinwiddie,GEN1,OP,IC,IPP Non-CHP,2,0.3,0.3,0.3,WO,DFO,Y,DFO,WO,NG,,,,N,, , , , ,,,,,,
5178,Dinwiddie Power Inc,54766,Boydton Plank Road Cogen Plant,VA,Dinwiddie,GEN10,OP,IC,IPP Non-CHP,2,0.3,0.3,0.3,WO,DFO,Y,DFO,WO,NG,,,,N,, , , , ,,,,,,
5178,Dinwiddie Power Inc,54766,Boydton Plank Road Cogen Plant,VA,Dinwiddie,GEN11,OP,IC,IPP Non-CHP,2,0.3,0.3,0.3,WO,DFO,Y,DFO,WO,NG,,,,N,, , , , ,,,,,,
5178,Dinwiddie Power Inc,54766,Boydton Plank Road Cogen Plant,VA,Dinwiddie,GEN12,OP,IC,IPP Non-CHP,2,0.3,0.3,0.3,WO,DFO,Y,DFO,WO,NG,,,,N,, , , , ,,,,,,
5178,Dinwiddie Power Inc,54766,Boydton Plank Road Cogen Plant,VA,Dinwiddie,GEN13,OP,IC,IPP Non-CHP,2,0.3,0.3,0.3,WO,DFO,Y,DFO,WO,NG,,,,N,, , , , ,,,,,,
5178,Dinwiddie Power Inc,54766,Boydton Plank Road Cogen Plant,VA,Dinwiddie,GEN14,OP,IC,IPP Non-CHP,2,0.3,0.3,0.3,WO,DFO,Y,DFO,WO,NG,,,,N,, , , , ,,,,,,
5178,Dinwiddie Power Inc,54766,Boydton Plank Road Cogen Plant,VA,Dinwiddie,GEN15,OP,IC,IPP Non-CHP,2,0.3,0.3,0.3,WO,DFO,Y,DFO,WO,NG,,,,N,, , , , ,,,,,,
5178,Dinwiddie Power Inc,54766,Boydton Plank Road Cogen Plant,VA,Dinwiddie,GEN16,OP,IC,IPP Non-CHP,2,0.3,0.3,0.3,WO,DFO,Y,DFO,WO,NG,,,,N,, , , , ,,,,,,
5178,Dinwiddie Power Inc,54766,Boydton Plank Road Cogen Plant,VA,Dinwiddie,GEN17,OP,IC,IPP Non-CHP,2,0.3,0.3,0.3,WO,DFO,Y,DFO,WO,NG,,,,N,, , , , ,,,,,,
5178,Dinwiddie Power Inc,54766,Boydton Plank Road Cogen Plant,VA,Dinwiddie,GEN18,OP,IC,IPP Non-CHP,2,0.3,0.3,0.3,WO,DFO,Y,DFO,WO,NG,,,,N,, , , , ,,,,,,
5178,Dinwiddie Power Inc,54766,Boydton Plank Road Cogen Plant,VA,Dinwiddie,GEN19,OP,IC,IPP Non-CHP,2,0.3,0.3,0.3,WO,DFO,Y,DFO,WO,NG,,,,N,, , , , ,,,,,,
5178,Dinwiddie Power Inc,54766,Boydton Plank Road Cogen Plant,VA,Dinwiddie,GEN2,OP,IC,IPP Non-CHP,2,0.3,0.3,0.3,WO,DFO,Y,DFO,WO,NG,,,,N,, , , , ,,,,,,
5178,Dinwiddie Power Inc,54766,Boydton Plank Road Cogen Plant,VA,Dinwiddie,GEN20,OP,IC,IPP Non-CHP,2,0.3,0.3,0.3,WO,DFO,Y,DFO,WO,NG,,,,N,, , , , ,,,,,,
5178,Dinwiddie Power Inc,54766,Boydton Plank Road Cogen Plant,VA,Dinwiddie,GEN21,OP,IC,IPP Non-CHP,2,0.3,0.3,0.3,WO,DFO,Y,DFO,WO,NG,,,,N,, , , , ,,,,,,
5178,Dinwiddie Power Inc,54766,Boydton Plank Road Cogen Plant,VA,Dinwiddie,GEN22,OP,IC,IPP Non-CHP,2,0.3,0.3,0.3,WO,DFO,Y,DFO,WO,NG,,,,N,, , , , ,,,,,,
5178,Dinwiddie Power Inc,54766,Boydton Plank Road Cogen Plant,VA,Dinwiddie,GEN23,OP,IC,IPP Non-CHP,2,0.3,0.3,0.3,WO,DFO,Y,DFO,WO,NG,,,,N,, , , , ,,,,,,
5178,Dinwiddie Power Inc,54766,Boydton Plank Road Cogen Plant,VA,Dinwiddie,GEN24,OP,IC,IPP Non-CHP,2,0.3,0.3,0.3,WO,DFO,Y,DFO,WO,NG,,,,N,, , , , ,,,,,,
5178,Dinwiddie Power Inc,54766,Boydton Plank Road Cogen Plant,VA,Dinwiddie,GEN25,OP,IC,IPP Non-CHP,2,0.3,0.3,0.3,WO,DFO,Y,DFO,WO,NG,,,,N,, , , , ,,,,,,
5178,Dinwiddie Power Inc,54766,Boydton Plank Road Cogen Plant,VA,Dinwiddie,GEN26,OP,IC,IPP Non-CHP,2,0.3,0.3,0.3,WO,DFO,Y,DFO,WO,NG,,,,N,, , , , ,,,,,,
5178,Dinwiddie Power Inc,54766,Boydton Plank Road Cogen Plant,VA,Dinwiddie,GEN27,OP,IC,IPP Non-CHP,2,0.3,0.3,0.3,WO,DFO,Y,DFO,WO,NG,,,,N,, , , , ,,,,,,
5178,Dinwiddie Power Inc,54766,Boydton Plank Road Cogen Plant,VA,Dinwiddie,GEN28,OP,IC,IPP Non-CHP,2,0.3,0.3,0.3,WO,DFO,Y,DFO,WO,NG,,,,N,, , , , ,,,,,,
5178,Dinwiddie Power Inc,54766,Boydton Plank Road Cogen Plant,VA,Dinwiddie,GEN29,OP,IC,IPP Non-CHP,2,0.3,0.3,0.3,WO,DFO,Y,DFO,WO,NG,,,,N,, , , , ,,,,,,
5178,Dinwiddie Power Inc,54766,Boydton Plank Road Cogen Plant,VA,Dinwiddie,GEN3,OP,IC,IPP Non-CHP,2,0.3,0.3,0.3,WO,DFO,Y,DFO,WO,NG,,,,N,, , , , ,,,,,,
5178,Dinwiddie Power Inc,54766,Boydton Plank Road Cogen Plant,VA,Dinwiddie,GEN30,OP,IC,IPP Non-CHP,2,0.3,0.3,0.3,WO,DFO,Y,DFO,WO,NG,,,,N,, , , , ,,,,,,
5178,Dinwiddie Power Inc,54766,Boydton Plank Road Cogen Plant,VA,Dinwiddie,GEN31,OP,IC,IPP Non-CHP,2,0.3,0.3,0.3,WO,DFO,Y,DFO,WO,NG,,,,N,, , , , ,,,,,,
5178,Dinwiddie Power Inc,54766,Boydton Plank Road Cogen Plant,VA,Dinwiddie,GEN32,OP,IC,IPP Non-CHP,2,0.3,0.3,0.3,WO,DFO,Y,DFO,WO,NG,,,,N,, , , , ,,,,,,
5178,Dinwiddie Power Inc,54766,Boydton Plank Road Cogen Plant,VA,Dinwiddie,GEN33,OP,IC,IPP Non-CHP,2,0.3,0.3,0.3,WO,DFO,Y,DFO,WO,NG,,,,N,, , , , ,,,,,,
5178,Dinwiddie Power Inc,54766,Boydton Plank Road Cogen Plant,VA,Dinwiddie,GEN34,OP,IC,IPP Non-CHP,2,0.3,0.3,0.3,WO,DFO,Y,DFO,WO,NG,,,,N,, , , , ,,,,,,
5178,Dinwiddie Power Inc,54766,Boydton Plank Road Cogen Plant,VA,Dinwiddie,GEN4,OP,IC,IPP Non-CHP,2,0.3,0.3,0.3,WO,DFO,Y,DFO,WO,NG,,,,N,, , , , ,,,,,,
5178,Dinwiddie Power Inc,54766,Boydton Plank Road Cogen Plant,VA,Dinwiddie,GEN5,OP,IC,IPP Non-CHP,2,0.3,0.3,0.3,WO,DFO,Y,DFO,WO,NG,,,,N,, , , , ,,,,,,
5178,Dinwiddie Power Inc,54766,Boydton Plank Road Cogen Plant,VA,Dinwiddie,GEN6,OP,IC,IPP Non-CHP,2,0.3,0.3,0.3,WO,DFO,Y,DFO,WO,NG,,,,N,, , , , ,,,,,,
5178,Dinwiddie Power Inc,54766,Boydton Plank Road Cogen Plant,VA,Dinwiddie,GEN7,OP,IC,IPP Non-CHP,2,0.3,0.3,0.3,WO,DFO,Y,DFO,WO,NG,,,,N,, , , , ,,,,,,
5178,Dinwiddie Power Inc,54766,Boydton Plank Road Cogen Plant,VA,Dinwiddie,GEN8,OP,IC,IPP Non-CHP,2,0.3,0.3,0.3,WO,DFO,Y,DFO,WO,NG,,,,N,, , , , ,,,,,,
5178,Dinwiddie Power Inc,54766,Boydton Plank Road Cogen Plant,VA,Dinwiddie,GEN9,OP,IC,IPP Non-CHP,2,0.3,0.3,0.3,WO,DFO,Y,DFO,WO,NG,,,,N,, , , , ,,,,,,
5232,Woodland Pulp LLC,10613,Domtar - Woodland Mill,ME,Washington,TG10,OP,ST,Industrial CHP,7,23.0,26,26,BLQ,WDS,Y,BLQ,RFO,WDS,,,,N,, , , , ,,,,,,
5232,Woodland Pulp LLC,10613,Domtar - Woodland Mill,ME,Washington,TG11,OP,ST,Industrial CHP,7,26.8,20,20,BLQ,WDS,Y,BLQ,RFO,WDS,,,,N,, , , , ,,,,,,
5262,Domtar Industries Inc,54104,Ashdown,AR,Little River,GEN1,OP,ST,Industrial CHP,7,19.5,17,17,BLQ,WDS,Y,WDS,NG,RFO,TDF,BIT,BLQ,Y,Y,15,15,10,10,UNK,UNK,Y,Y,Y,
5262,Domtar Industries Inc,54104,Ashdown,AR,Little River,GEN2,OP,ST,Industrial CHP,7,47.0,40,40,BLQ,WDS,Y,WDS,BIT,NG,TDF,RFO,BLQ,Y,Y,15,15,10,10,UNK,UNK,Y,Y,Y,
5262,Domtar Industries Inc,54104,Ashdown,AR,Little River,GEN3,OP,ST,Industrial CHP,7,45.0,33,33,BLQ,WDS,Y,BLQ,WDS,NG,TDF,RFO,BIT,Y,Y,15,15,10,10,UNK,UNK,Y,Y,Y,
5262,Domtar Industries Inc,54104,Ashdown,AR,Little River,GEN4,OP,ST,Industrial CHP,7,45.0,38,38,BLQ,WDS,Y,BLQ,WDS,NG,TDF,BIT,RFO,Y,Y,15,15,10,10,UNK,UNK,Y,Y,Y,
5277,"American Sugar Refining, Inc.",54795,Domino Sugar Baltimore,MD,Baltimore City,GEN1,OP,ST,Industrial CHP,7,5.0,5,5,NG,RFO,N,,,,,,,Y,N,5, ,5, ,1H,1H,Y,Y,Y,Y
5277,"American Sugar Refining, Inc.",54795,Domino Sugar Baltimore,MD,Baltimore City,GEN2,OP,ST,Industrial CHP,7,2.5,2.5,2.5,NG,RFO,N,,,,,,,Y,N,2.5, ,2.5, ,1H,1H,Y,Y,Y,Y
5310,Doswell Ltd Partnership,52019,Doswell Energy Center,VA,Hanover,GEN1,OP,CT,IPP Non-CHP,2,122.0,104.7,122,NG,DFO,N,,,,,,,Y,Y,104.7, ,104.7, ,1H,1H,Y,,Y,
5310,Doswell Ltd Partnership,52019,Doswell Energy Center,VA,Hanover,GEN2,OP,CT,IPP Non-CHP,2,122.0,104.7,122,NG,DFO,N,,,,,,,Y,Y,104.7, ,104.7, ,1H,1H,Y,,Y,
5310,Doswell Ltd Partnership,52019,Doswell Energy Center,VA,Hanover,GEN3,OP,CA,IPP Non-CHP,2,132.0,123,132,NG,,N,,,,,,,Y,N,132, ,132, ,UNK,,Y,,Y,
5310,Doswell Ltd Partnership,52019,Doswell Energy Center,VA,Hanover,GEN4,OP,CT,IPP Non-CHP,2,122.0,104.7,122,NG,DFO,N,,,,,,,Y,Y,104.7, ,104.7, ,1H,,Y,,Y,
5310,Doswell Ltd Partnership,52019,Doswell Energy Center,VA,Hanover,GEN5,OP,CT,IPP Non-CHP,2,122.0,104.7,122,NG,DFO,N,,,,,,,Y,Y,104.7, ,104.7, ,1H,,Y,,Y,
5310,Doswell Ltd Partnership,52019,Doswell Energy Center,VA,Hanover,GEN6,OP,CA,IPP Non-CHP,2,132.0,123,132,NG,,N,,,,,,,Y,N,132, ,132, ,1H,,Y,,Y,
5310,Doswell Ltd Partnership,52019,Doswell Energy Center,VA,Hanover,GEN7,OP,GT,IPP Non-CHP,2,187.0,149,187,NG,DFO,N,,,,,,,Y,Y,149, ,156, ,1H,,Y,,Y,
5347,Dow Chemical Co,52006,LaO Energy Systems,LA,Iberville,GEN7,OP,CT,Industrial CHP,7,125.0,95,114,NG,OG,Y,NG,OG,,,,,N,, , , , ,,,,,,
5347,Dow Chemical Co,55419,Plaquemine Cogeneration Plant,LA,Iberville,G500,OP,CT,Industrial CHP,7,198.0,151,186,NG,OG,Y,NG,,,OG,,,N,, , , , ,,,,,,
5347,Dow Chemical Co,55419,Plaquemine Cogeneration Plant,LA,Iberville,G600,OP,CT,Industrial CHP,7,198.0,151,186,NG,OG,Y,NG,,,OG,,,N,, , , , ,,,,,,
5347,Dow Chemical Co,55419,Plaquemine Cogeneration Plant,LA,Iberville,G700,OP,CT,Industrial CHP,7,198.0,151,186,NG,OG,Y,NG,,,OG,,,N,, , , , ,,,,,,
5347,Dow Chemical Co,55419,Plaquemine Cogeneration Plant,LA,Iberville,G800,OP,CT,Industrial CHP,7,198.0,151,186,NG,OG,Y,NG,,,OG,,,N,, , , , ,,,,,,
5416,"Duke Energy Carolinas, LLC",3264,W S Lee,SC,Anderson,7,OP,GT,Electric Utility,1,54.0,41,41,NG,DFO,N,,,,,,,Y,Y,41,54,41,54,1H,1H,Y,Y,Y,
5416,"Duke Energy Carolinas, LLC",3264,W S Lee,SC,Anderson,8,OP,GT,Electric Utility,1,54.0,41,41,NG,DFO,N,,,,,,,Y,Y,41,54,41,54,1H,1H,Y,Y,Y,
5416,"Duke Energy Carolinas, LLC",7277,Lincoln Combustion,NC,Lincoln,1,OP,GT,Electric Utility,1,109.6,79.2,93,NG,DFO,Y,NG,DFO,,,,,Y,Y,79,93,79,93,1H,1H,Y,Y,Y,
5416,"Duke Energy Carolinas, LLC",7277,Lincoln Combustion,NC,Lincoln,10,OP,GT,Electric Utility,1,109.6,79.2,93,NG,DFO,Y,NG,DFO,,,,,Y,Y,79,93,79,93,1H,1H,Y,Y,Y,
5416,"Duke Energy Carolinas, LLC",7277,Lincoln Combustion,NC,Lincoln,11,OP,GT,Electric Utility,1,109.6,79.2,93,NG,DFO,Y,NG,DFO,,,,,Y,Y,79,93,79,93,1H,1H,Y,Y,Y,
5416,"Duke Energy Carolinas, LLC",7277,Lincoln Combustion,NC,Lincoln,12,OP,GT,Electric Utility,1,109.6,79.2,93,NG,DFO,Y,NG,DFO,,,,,Y,Y,79,93,79,93,1H,1H,Y,Y,Y,
5416,"Duke Energy Carolinas, LLC",7277,Lincoln Combustion,NC,Lincoln,13,OP,GT,Electric Utility,1,109.6,79.2,93,NG,DFO,Y,NG,DFO,,,,,Y,Y,79,93,79,93,1H,1H,Y,Y,Y,
5416,"Duke Energy Carolinas, LLC",7277,Lincoln Combustion,NC,Lincoln,14,OP,GT,Electric Utility,1,109.6,79.2,93,NG,DFO,Y,NG,DFO,,,,,Y,Y,79,93,79,93,1H,1H,Y,Y,Y,
5416,"Duke Energy Carolinas, LLC",7277,Lincoln Combustion,NC,Lincoln,15,OP,GT,Electric Utility,1,109.6,79.2,93,NG,DFO,Y,NG,DFO,,,,,Y,Y,79,93,79,93,1H,1H,Y,Y,Y,
5416,"Duke Energy Carolinas, LLC",7277,Lincoln Combustion,NC,Lincoln,16,OP,GT,Electric Utility,1,109.6,79.2,93,NG,DFO,Y,NG,DFO,,,,,Y,Y,79,93,79,93,1H,1H,Y,Y,Y,
5416,"Duke Energy Carolinas, LLC",7277,Lincoln Combustion,NC,Lincoln,2,OP,GT,Electric Utility,1,109.6,79.2,93,NG,DFO,Y,NG,DFO,,,,,Y,Y,79,93,79,93,1H,1H,Y,Y,Y,
5416,"Duke Energy Carolinas, LLC",7277,Lincoln Combustion,NC,Lincoln,3,OP,GT,Electric Utility,1,109.6,79.2,93,NG,DFO,Y,NG,DFO,,,,,Y,Y,79,93,79,93,1H,1H,Y,Y,Y,
5416,"Duke Energy Carolinas, LLC",7277,Lincoln Combustion,NC,Lincoln,4,OP,GT,Electric Utility,1,109.6,79.2,93,NG,DFO,Y,NG,DFO,,,,,Y,Y,79,93,79,93,1H,1H,Y,Y,Y,
5416,"Duke Energy Carolinas, LLC",7277,Lincoln Combustion,NC,Lincoln,5,OP,GT,Electric Utility,1,109.6,79.2,93,NG,DFO,Y,NG,DFO,,,,,Y,Y,79,93,79,93,1H,1H,Y,Y,Y,
5416,"Duke Energy Carolinas, LLC",7277,Lincoln Combustion,NC,Lincoln,6,OP,GT,Electric Utility,1,109.6,79.2,93,NG,DFO,Y,NG,DFO,,,,,Y,Y,79,93,79,93,1H,1H,Y,Y,Y,
5416,"Duke Energy Carolinas, LLC",7277,Lincoln Combustion,NC,Lincoln,7,OP,GT,Electric Utility,1,109.6,79.2,93,NG,DFO,Y,NG,DFO,,,,,Y,Y,79,93,79,93,1H,1H,Y,Y,Y,
5416,"Duke Energy Carolinas, LLC",7277,Lincoln Combustion,NC,Lincoln,8,OP,GT,Electric Utility,1,109.6,79.2,93,NG,DFO,Y,NG,DFO,,,,,Y,Y,79,93,79,93,1H,1H,Y,Y,Y,
5416,"Duke Energy Carolinas, LLC",7277,Lincoln Combustion,NC,Lincoln,9,OP,GT,Electric Utility,1,109.6,79.2,93,NG,DFO,Y,NG,DFO,,,,,Y,Y,79,93,79,93,1H,1H,Y,Y,Y,
5416,"Duke Energy Carolinas, LLC",7981,Mill Creek (SC),SC,Cherokee,1,OP,GT,Electric Utility,1,99.9,74.4,92.4,NG,DFO,N,,,,,,,Y,Y,74,92,74,92,1H,1H,Y,Y,Y,
5416,"Duke Energy Carolinas, LLC",7981,Mill Creek (SC),SC,Cherokee,2,OP,GT,Electric Utility,1,99.9,74.4,92.4,NG,DFO,N,,,,,,,Y,Y,74,92,74,92,1H,1H,Y,Y,Y,
5416,"Duke Energy Carolinas, LLC",7981,Mill Creek (SC),SC,Cherokee,3,OP,GT,Electric Utility,1,99.9,74.4,92.4,NG,DFO,N,,,,,,,Y,Y,74,92,74,92,1H,1H,Y,Y,Y,
5416,"Duke Energy Carolinas, LLC",7981,Mill Creek (SC),SC,Cherokee,4,OP,GT,Electric Utility,1,99.9,74.4,92.4,NG,DFO,N,,,,,,,Y,Y,74,92,74,92,1H,1H,Y,Y,Y,
5416,"Duke Energy Carolinas, LLC",7981,Mill Creek (SC),SC,Cherokee,5,OP,GT,Electric Utility,1,99.9,74.4,92.4,NG,DFO,N,,,,,,,Y,Y,74,92,74,92,1H,1H,Y,Y,Y,
5416,"Duke Energy Carolinas, LLC",7981,Mill Creek (SC),SC,Cherokee,6,OP,GT,Electric Utility,1,99.9,74.4,92.4,NG,DFO,N,,,,,,,Y,Y,74,92,74,92,1H,1H,Y,Y,Y,
5416,"Duke Energy Carolinas, LLC",7981,Mill Creek (SC),SC,Cherokee,7,OP,GT,Electric Utility,1,99.9,74.4,92.4,NG,DFO,N,,,,,,,Y,Y,74,92,74,92,1H,1H,Y,Y,Y,
5416,"Duke Energy Carolinas, LLC",7981,Mill Creek (SC),SC,Cherokee,8,OP,GT,Electric Utility,1,99.9,74.4,92.4,NG,DFO,N,,,,,,,Y,Y,74,92,74,92,1H,1H,Y,Y,Y,
5416,"Duke Energy Carolinas, LLC",55116,Rockingham County CT Station,NC,Rockingham,CT1,SB,GT,Electric Utility,1,195.5,165,179,NG,DFO,N,,,,,,,Y,Y,165,179,165,179,1H,1H,Y,Y,Y,
5416,"Duke Energy Carolinas, LLC",55116,Rockingham County CT Station,NC,Rockingham,CT2,SB,GT,Electric Utility,1,195.5,165,179,NG,DFO,N,,,,,,,Y,Y,165,179,1651,179,1H,1H,Y,Y,Y,
5416,"Duke Energy Carolinas, LLC",55116,Rockingham County CT Station,NC,Rockingham,CT3,SB,GT,Electric Utility,1,195.5,165,179,NG,DFO,N,,,,,,,Y,Y,165,179,165,179,1H,1H,Y,Y,Y,
5416,"Duke Energy Carolinas, LLC",55116,Rockingham County CT Station,NC,Rockingham,CT4,SB,GT,Electric Utility,1,195.5,165,179,NG,DFO,N,,,,,,,Y,Y,165,179,165,179,1H,1H,Y,Y,Y,
5416,"Duke Energy Carolinas, LLC",55116,Rockingham County CT Station,NC,Rockingham,CT5,SB,GT,Electric Utility,1,195.5,165,179,NG,DFO,N,,,,,,,Y,Y,165,179,165,179,1H,1H,Y,Y,Y,
5483,DuPage County,54987,Woodridge Greene Valley Treatment Plant,IL,DuPage,FM01,OP,IC,Commercial CHP,5,1.5,1.5,1.5,NG,DFO,Y,DFO,NG,OBG,,,,Y,Y,1.5,1.5,1.5,1.5,1H,1H,N,,,
5511,CCI Roseton LLC,8006,Roseton Generating Facility,NY,Orange,1,OP,ST,IPP Non-CHP,2,621.0,639,638.5,NG,RFO,Y,RFO,NG,,,,,Y,Y,619,618,619,618,1H,1H,Y,,,Y
5511,CCI Roseton LLC,8006,Roseton Generating Facility,NY,Orange,2,OP,ST,IPP Non-CHP,2,621.0,607.5,615,NG,RFO,Y,RFO,NG,,,,,Y,Y,587.5,595,587.5,595,1H,1H,Y,,,Y
5517,Dynegy Midwest Generation Inc,892,Hennepin Power Station,IL,Putnam,1,OP,ST,IPP Non-CHP,2,75.0,68,70,SUB,NG,Y,SUB,NG,,,,,N,, , , , ,,,,,,
5517,Dynegy Midwest Generation Inc,892,Hennepin Power Station,IL,Putnam,2,OP,ST,IPP Non-CHP,2,231.3,217,226,SUB,NG,Y,SUB,NG,,,,,N,, , , , ,,,,,,
5517,Dynegy Midwest Generation Inc,898,Wood River,IL,Madison,4,OP,ST,IPP Non-CHP,2,112.5,88,91,SUB,NG,Y,SUB,NG,,,,,N,, , , , ,,,,,,
5517,Dynegy Midwest Generation Inc,898,Wood River,IL,Madison,5,OP,ST,IPP Non-CHP,2,387.6,368,374,SUB,NG,Y,SUB,NG,,,,,N,, , , , ,,,,,,
5529,City of Durant - (IA),6220,Durant,IA,Cedar,6A,SB,IC,Electric Utility,1,2.0,2.1,2.1,DFO,NG,Y,NG,DFO,,,,,Y,Y,2.07,2.07,2.07,2.07,1H,1H,N,,,
5530,E F Kenilworth LLC,10805,Kenilworth Energy Facility,NJ,Union,GEN1,OP,CT,IPP CHP,3,22.0,20,22,NG,DFO,N,,,,,,,Y,Y,20.2, ,20.2, ,6H,,Y,,Y,
5530,E F Kenilworth LLC,10805,Kenilworth Energy Facility,NJ,Union,GEN2,OP,CA,IPP CHP,3,6.8,4.5,5.5,NG,DFO,N,,,,,,,Y,Y,6.8, ,6.8, ,6H,,Y,,Y,
5534,DSM Pharmaceuticals Inc,54887,DSM Pharmaceuticals,NC,Pitt,GEN1,SB,GT,Industrial CHP,7,4.0,3.5,4,NG,DFO,N,,,,,,,Y,Y,3.8, ,3.5, ,1H,1H,Y,Y,Y,
5571,East Bay Municipal Util Dist,56036,WWTP Power Generation Station,CA,Alameda,GEN1,OP,IC,Commercial CHP,5,2.2,2,2,OBG,DFO,Y,DFO,NG,OBG,,,,Y,Y,1.95, ,1.95, ,6H,UNK,Y,Y,Y,
5571,East Bay Municipal Util Dist,56036,WWTP Power Generation Station,CA,Alameda,GEN2,OP,IC,Commercial CHP,5,2.2,2,2,OBG,DFO,Y,DFO,NG,OBG,,,,Y,Y,1.95, ,1.95, ,6H,UNK,Y,Y,Y,
5571,East Bay Municipal Util Dist,56036,WWTP Power Generation Station,CA,Alameda,GEN3,OP,IC,Commercial CHP,5,2.2,2,2,OBG,DFO,Y,DFO,NG,OBG,,,,Y,Y,1.95, ,1.95, ,6H,UNK,Y,Y,Y,
5580,"East Kentucky Power Coop, Inc",54,J K Smith,KY,Clark,GT1,OP,GT,Electric Utility,1,149.0,104,142,NG,DFO,Y,NG,DFO,,,,,Y,Y,104,42,104,42,1H,1H,Y,Y,Y,
5580,"East Kentucky Power Coop, Inc",54,J K Smith,KY,Clark,GT2,OP,GT,Electric Utility,1,149.0,104,142,NG,DFO,Y,NG,DFO,,,,,Y,Y,104,142,104,142,1H,1H,Y,Y,Y,
5580,"East Kentucky Power Coop, Inc",54,J K Smith,KY,Clark,GT3,OP,GT,Electric Utility,1,149.0,104,142,NG,DFO,Y,AB,DFO,,,,,Y,Y,104,142,104,142,1H,1H,Y,Y,Y,
5580,"East Kentucky Power Coop, Inc",54,J K Smith,KY,Clark,GT4,OP,GT,Electric Utility,1,108.0,74,98,NG,DFO,Y,NG,DFO,,,,,Y,Y,74,98,74,98,1H,1H,Y,Y,Y,
5580,"East Kentucky Power Coop, Inc",54,J K Smith,KY,Clark,GT5,OP,GT,Electric Utility,1,108.0,74,98,NG,DFO,Y,NG,DFO,,,,,Y,Y,74,98,74,98,1H,1H,Y,Y,Y,
5580,"East Kentucky Power Coop, Inc",54,J K Smith,KY,Clark,GT6,OP,GT,Electric Utility,1,98.0,74,98,NG,DFO,Y,NG,DFO,,,,,Y,Y,74,98,74,98,1H,1H,Y,Y,Y,
5580,"East Kentucky Power Coop, Inc",54,J K Smith,KY,Clark,GT7,OP,GT,Electric Utility,1,98.0,74,98,NG,DFO,Y,NG,DFO,,,,,Y,Y,74,98,74,98,1H,1H,Y,Y,Y,
5580,"East Kentucky Power Coop, Inc",6041,H L Spurlock,KY,Mason,3,OP,ST,Electric Utility,1,329.4,268,268,BIT,WC,Y,BIT,WC,TDF,WDS,,,N,, , , , ,,,,,,
5580,"East Kentucky Power Coop, Inc",6041,H L Spurlock,KY,Mason,4,OP,ST,Electric Utility,1,329.4,268,268,BIT,WC,Y,BIT,WC,TDF,WDS,,,N,, , , , ,,,,,,
5623,Rousselot Inc,50955,Rousselot Inc,MA,Essex,GEN1,SB,ST,Industrial CHP,7,1.5,1.5,1.5,NG,RFO,Y,NG,RFO,,,,,Y,Y,1.5, ,1.5, ,1H,1H,N,,,
5623,Rousselot Inc,50955,Rousselot Inc,MA,Essex,GEN2,SB,ST,Industrial CHP,7,1.5,1.5,1.5,NG,RFO,Y,NG,RFO,,,,,Y,Y,1.5, ,1.5, ,1H,1H,N,,,
5623,Rousselot Inc,50955,Rousselot Inc,MA,Essex,GEN3,OP,ST,Industrial CHP,7,3.7,3.3,3.3,NG,RFO,Y,NG,RFO,,,,,Y,Y,3.3, ,3.3, ,1H,1H,N,,,
5624,"RED-Rochester, LLC",10025,"RED-Rochester, LLC",NY,Monroe,41TG,OP,ST,Industrial CHP,7,25.6,25.6,25.6,BIT,NG,Y,RFO,NG,,,,,N,, , , , ,,,,,,
5624,"RED-Rochester, LLC",10025,"RED-Rochester, LLC",NY,Monroe,42TG,OP,ST,Industrial CHP,7,25.6,25.6,25.6,BIT,NG,Y,RFO,NG,,,,,N,, , , , ,,,,,,
5624,"RED-Rochester, LLC",10025,"RED-Rochester, LLC",NY,Monroe,43TG,OP,ST,Industrial CHP,7,25.6,25.6,25.6,BIT,NG,Y,RFO,NG,,,,,N,, , , , ,,,,,,
5624,"RED-Rochester, LLC",10025,"RED-Rochester, LLC",NY,Monroe,44TG,OP,ST,Industrial CHP,7,25.6,25.6,25.6,BIT,DFO,Y,DFO,BIT,,,,,N,, , , , ,,,,,,
5701,El Paso Electric Co,3456,Newman,TX,El Paso,1,OP,ST,Electric Utility,1,81.6,74,74,NG,DFO,Y,NG,DFO,,,,,Y,Y,74, ,74, ,6H,6H,Y,,Y,
5701,El Paso Electric Co,3456,Newman,TX,El Paso,2,OP,ST,Electric Utility,1,81.6,76,76,NG,DFO,Y,NG,DFO,,,,,Y,Y,76, ,76, ,6H,6H,Y,,Y,
5701,El Paso Electric Co,3456,Newman,TX,El Paso,3,OP,ST,Electric Utility,1,121.8,102,102,NG,DFO,Y,NG,DFO,,,,,Y,Y,97, ,97, ,6H,6H,Y,,Y,
5748,Electric Energy Inc,887,Joppa Steam,IL,Massac,1,OP,ST,IPP Non-CHP,2,183.3,159,167,SUB,NG,Y,SUB,NG,,,,,,, , , , ,,,,,,
5748,Electric Energy Inc,887,Joppa Steam,IL,Massac,4,OP,ST,IPP Non-CHP,2,183.3,160,167,SUB,NG,Y,SUB,NG,,,,,,, , , , ,,,,,,
5773,City of Elk River,1971,Elk River City of,MN,SHERBURNE,3,SB,IC,Electric Utility,1,3.0,3,3,DFO,NG,N,,,,,,,Y,Y,2.5,2.5,3,3,1H,1H,Y,,,Y
5773,City of Elk River,1971,Elk River City of,MN,SHERBURNE,4,SB,IC,Electric Utility,1,5.0,5,5,DFO,NG,N,,,,,,,Y,Y,4.3,4.3,5,5,1H,1H,Y,,,Y
5802,City of Ellinwood - (KS),1274,Ellinwood,KS,BARTON,1,OP,IC,Electric Utility,1,2.1,1.8,1.8,DFO,NG,Y,DFO,NG,,,,,Y,Y,1.8,1.8,1.8,1.8,1H,1H,Y,Y,,
5802,City of Ellinwood - (KS),1274,Ellinwood,KS,BARTON,2,OP,IC,Electric Utility,1,1.4,1.3,1.3,DFO,NG,Y,DFO,NG,,,,,Y,Y,1.3,1.3,1.3,1.3,1H,1H,Y,Y,,
5802,City of Ellinwood - (KS),1274,Ellinwood,KS,BARTON,3,OP,IC,Electric Utility,1,0.6,0.3,0.3,DFO,NG,Y,DFO,NG,,,,,Y,Y,0.5,0.5,0.5,0.5,1H,1H,Y,Y,,
5802,City of Ellinwood - (KS),1274,Ellinwood,KS,BARTON,4,OP,IC,Electric Utility,1,1.1,1,1,DFO,NG,Y,DFO,NG,,,,,Y,Y,0.85,0.85,1,1,1H,1H,Y,Y,,
5802,City of Ellinwood - (KS),1274,Ellinwood,KS,BARTON,5,OP,IC,Electric Utility,1,3.3,2.5,2.5,DFO,NG,Y,DFO,NG,,,,,Y,Y,2.5,2.5,2.7,2.7,1H,1H,Y,Y,,
5834,City of Elroy - (WI),4113,Elroy,WI,Juneau,5,OP,IC,Electric Utility,1,2.0,2.2,2.2,DFO,NG,Y,DFO,NG,,,,,Y,Y,1.8, ,2, ,1H,,N,,,
5860,Empire District Electric Co,1239,Riverton,KS,Cherokee,10,OP,GT,Electric Utility,1,16.3,16,17,NG,DFO,N,,,,,,,Y,N,18, ,18, ,1H,1H,Y,,Y,
5860,Empire District Electric Co,1239,Riverton,KS,Cherokee,11,OP,GT,Electric Utility,1,16.3,17,17,NG,DFO,N,,,,,,,Y,N,18, ,18, ,1H,1H,Y,,Y,
5860,Empire District Electric Co,1239,Riverton,KS,Cherokee,7,OP,ST,Electric Utility,1,37.5,38,38,SUB,BIT,Y,NG,SUB,BIT,,,,N,, , , , ,,,,,,
5860,Empire District Electric Co,1239,Riverton,KS,Cherokee,8,OP,ST,Electric Utility,1,50.0,54,54,SUB,BIT,Y,NG,SUB,BIT,,,,N,, , , , ,,,,,,
5860,Empire District Electric Co,1239,Riverton,KS,Cherokee,9,OP,GT,Electric Utility,1,12.5,12,12,NG,DFO,N,,,,,,,Y,N,12, ,12, ,UNK,,Y,Y,,
5860,Empire District Electric Co,2076,Asbury,MO,Jasper,1,OP,ST,Electric Utility,1,212.8,189,189,SUB,BIT,Y,SUB,BIT,,,,,N,N, , , , ,,,,,,
5860,Empire District Electric Co,6223,Empire Energy Center,MO,Jasper,1,OP,GT,Electric Utility,1,129.0,82,86,NG,JF,N,,,,,,,Y,Y,86, ,86, ,1H,,Y,Y,,
5860,Empire District Electric Co,6223,Empire Energy Center,MO,Jasper,2,OP,GT,Electric Utility,1,129.0,82,86,NG,JF,N,,,,,,,Y,Y,86, ,86, ,1H,,Y,Y,,
5860,Empire District Electric Co,6223,Empire Energy Center,MO,Jasper,3,OP,GT,Electric Utility,1,60.5,49,62,NG,JF,N,,,,,,,Y,Y,49, ,49, ,1H,,Y,Y,,
5860,Empire District Electric Co,6223,Empire Energy Center,MO,Jasper,4,OP,GT,Electric Utility,1,60.5,49,62,NG,JF,N,,,,,,,Y,Y,49, ,49, ,1H,,Y,Y,,
5860,Empire District Electric Co,7296,State Line Combined Cycle,MO,Jasper,1,OP,GT,Electric Utility,1,123.0,94,96,NG,JF,N,,,,,,,Y,Y,94,104,94,104,1H,1H,Y,,Y,
5959,Erie Coke Corp,50920,Erie Coke,PA,Erie,1,SB,ST,Industrial CHP,7,2.5,1,1.3,OG,NG,Y,OG,NG,,,,,N,N, , , , ,,,,,,
6035,Exelon Power,3161,Eddystone Generating Station,PA,Delaware,3,OP,ST,IPP Non-CHP,2,391.0,380,380,RFO,NG,Y,RFO,NG,,,,,Y,Y,250,250,380,380,6H,6H,Y,Y,,
6035,Exelon Power,3161,Eddystone Generating Station,PA,Delaware,4,OP,ST,IPP Non-CHP,2,391.0,380,380,RFO,NG,Y,RFO,NG,,,,,Y,Y,250,250,380,380,6H,6H,Y,Y,,
6035,Exelon Power,3491,Handley,TX,Tarrant,4,OP,ST,IPP Non-CHP,2,455.0,435,435,NG,DFO,Y,DFO,,,,,,N,, , , , ,,,,,,
6035,Exelon Power,3491,Handley,TX,Tarrant,5,OP,ST,IPP Non-CHP,2,455.0,435,435,NG,DFO,Y,DFO,,,,,,N,, , , , ,,,,,,
6035,Exelon Power,7701,Fairless Hills,PA,Bucks,A,OP,ST,IPP CHP,3,30.0,30,30,LFG,NG,Y,LFG,NG,,,,,N,, , , , ,,,,,,
6035,Exelon Power,7701,Fairless Hills,PA,Bucks,B,OP,ST,IPP CHP,3,30.0,30,30,LFG,NG,Y,LFG,NG,,,,,N,, , , , ,,,,,,
6036,ESOCO Orrington LLC,50051,Penobscot Energy Recovery,ME,Penobscot,GEN1,OP,ST,Commercial Non-CHP,4,25.3,21.2,21.2,MSW,DFO,Y,MSW,DFO,WDS,,,,N,, , , , ,,,,,,
6132,City of Fairbury,2236,Fairbury,NE,Jefferson,1,OP,ST,Electric Utility,1,4.0,3.8,4,NG,RFO,,,,,,,,Y,Y, , , , ,UNK,UNK,Y,,Y,Y
6132,City of Fairbury,2236,Fairbury,NE,Jefferson,2,OP,ST,Electric Utility,1,2.5,2.5,2.5,NG,RFO,,,,,,,,Y,Y, , , , ,UNK,UNK,Y,,Y,Y
6132,City of Fairbury,2236,Fairbury,NE,Jefferson,4,SB,ST,Electric Utility,1,12.5,12.5,13,NG,RFO,,,,,,,,Y,Y, , , , ,UNK,UNK,Y,,Y,Y
6175,City of Falls City - (NE),2237,Falls City,NE,Richardson,3,OP,IC,Electric Utility,1,2.7,2.3,2.3,NG,DFO,N,,,,,,,Y,Y,2.3, ,2, ,1H,1H,Y,Y,Y,
6175,City of Falls City - (NE),2237,Falls City,NE,Richardson,4,OP,IC,Electric Utility,1,1.1,0.8,0.8,NG,DFO,N,,,,,,,Y,Y,0.8, ,0.8, ,1H,1H,Y,Y,Y,
6175,City of Falls City - (NE),2237,Falls City,NE,Richardson,5,OP,IC,Electric Utility,1,2.0,1.4,1.4,NG,DFO,N,,,,,,,Y,Y,1.4, ,1.2, ,1H,1H,Y,Y,Y,
6175,City of Falls City - (NE),2237,Falls City,NE,Richardson,6,OP,IC,Electric Utility,1,2.5,2,2,NG,DFO,N,,,,,,,Y,Y,2, ,2, ,1H,1H,Y,Y,Y,
6175,City of Falls City - (NE),2237,Falls City,NE,Richardson,7,OP,IC,Electric Utility,1,6.2,5.9,5.9,NG,DFO,N,,,,,,,Y,Y,5.9, ,5.9, ,1H,,Y,Y,Y,
6175,City of Falls City - (NE),2237,Falls City,NE,Richardson,8,OP,IC,Electric Utility,1,6.0,6,6,NG,DFO,N,,,,,,,Y,Y,6, ,6, ,1H,,Y,Y,Y,
6192,City of Farmer City - (IL),941,Farmer City,IL,DeWitt,1,OP,IC,Electric Utility,1,1.5,1.3,1.3,NG,DFO,Y,DFO,NG,,,,,N,Y,1.3, ,1.3, ,,,,,,
6192,City of Farmer City - (IL),941,Farmer City,IL,DeWitt,5,OP,IC,Electric Utility,1,3.5,2.8,2.8,NG,DFO,Y,DFO,NG,,,,,N,Y,2.7, ,2.7, ,,,,,,
6235,Public Works Comm-City of Fayetteville,1016,Butler-Warner Generation Plant,NC,Cumberland,1,OP,CT,Electric Utility,1,28.8,20,25,NG,DFO,Y,NG,DFO,,,,,Y,Y,20,25,20,25,1H,1H,N,,,
6235,Public Works Comm-City of Fayetteville,1016,Butler-Warner Generation Plant,NC,Cumberland,2,OP,CT,Electric Utility,1,28.8,20,25,NG,DFO,Y,NG,DFO,,,,,Y,Y,20,25,20,25,1H,1H,N,,,
6235,Public Works Comm-City of Fayetteville,1016,Butler-Warner Generation Plant,NC,Cumberland,3,OP,CT,Electric Utility,1,28.8,20,25,NG,DFO,Y,NG,DFO,,,,,Y,Y,20,25,20,25,1H,1H,N,,,
6235,Public Works Comm-City of Fayetteville,1016,Butler-Warner Generation Plant,NC,Cumberland,4,OP,GT,Electric Utility,1,28.8,20,25,NG,DFO,Y,NG,DFO,,,,,Y,Y,20,25,20,25,1H,1H,N,,,
6235,Public Works Comm-City of Fayetteville,1016,Butler-Warner Generation Plant,NC,Cumberland,5,OP,GT,Electric Utility,1,28.8,20,25,NG,DFO,Y,NG,DFO,,,,,Y,Y,20,25,20,25,1H,1H,N,,,
6235,Public Works Comm-City of Fayetteville,1016,Butler-Warner Generation Plant,NC,Cumberland,6,OP,CT,Electric Utility,1,28.8,20,25,NG,DFO,Y,NG,DFO,,,,,Y,Y,20,25,20,25,1H,1H,N,,,
6235,Public Works Comm-City of Fayetteville,1016,Butler-Warner Generation Plant,NC,Cumberland,7,OP,CT,Electric Utility,1,28.8,20,25,NG,DFO,Y,NG,DFO,,,,,Y,Y,20,25,20,25,1H,1H,N,,,
6235,Public Works Comm-City of Fayetteville,1016,Butler-Warner Generation Plant,NC,Cumberland,8,OP,CT,Electric Utility,1,28.8,20,25,NG,DFO,Y,NG,DFO,,,,,Y,Y,20,25,20,25,1H,1H,N,,,
6306,Fibrominn LLC,55867,Fibrominn Biomass Power Plant,MN,Swift,G1,OP,ST,IPP Non-CHP,2,64.0,55,55,AB,WDS,Y,AB,WDS,,,,,,, , , , ,,,,,,
6452,Florida Power & Light Co,609,Cape Canaveral,FL,Brevard,3A,OP,CT,Electric Utility,1,265.0, , ,NG,DFO,N,,,,,,,Y,Y,249, ,227, ,6H,6H,Y,,Y,
6452,Florida Power & Light Co,609,Cape Canaveral,FL,Brevard,3B,OP,CT,Electric Utility,1,265.0, , ,NG,DFO,N,,,,,,,Y,Y,249, ,227, ,6H,6H,Y,,Y,
6452,Florida Power & Light Co,609,Cape Canaveral,FL,Brevard,3C,OP,CT,Electric Utility,1,265.0, , ,NG,DFO,N,,,,,,,Y,Y,249, ,227, ,6H,6H,Y,,Y,
6452,Florida Power & Light Co,609,Cape Canaveral,FL,Brevard,3ST,OP,CA,Electric Utility,1,500.0,1210,1355,NG,DFO,N,,,,,,,Y,Y,279, ,227, ,6H,6H,Y,,Y,
6452,Florida Power & Light Co,612,Fort Myers,FL,Lee,CT1,OP,GT,Electric Utility,1,181.0,315,370,NG,DFO,,,,,,,,Y,,148,161,154,167,1H,,Y,Y,,
6452,Florida Power & Light Co,612,Fort Myers,FL,Lee,CT2,OP,GT,Electric Utility,1,181.0, , ,NG,DFO,,,,,,,,Y,,148,161,154,167,1H,,Y,Y,Y,
6452,Florida Power & Light Co,613,Lauderdale,FL,Broward,1,OP,GT,Electric Utility,1,34.2,35,40,NG,DFO,N,,,,,,,Y,Y,35, ,35, ,1H,1H,N,,,
6452,Florida Power & Light Co,613,Lauderdale,FL,Broward,10,OP,GT,Electric Utility,1,34.2,35,40,NG,DFO,N,,,,,,,Y,Y,35, ,35, ,1H,1H,N,,,
6452,Florida Power & Light Co,613,Lauderdale,FL,Broward,11,OP,GT,Electric Utility,1,34.2,35,40,NG,DFO,N,,,,,,,Y,Y,35, ,35, ,1H,1H,N,,,
6452,Florida Power & Light Co,613,Lauderdale,FL,Broward,12,OP,GT,Electric Utility,1,34.2,35,40,NG,DFO,N,,,,,,,Y,Y,35, ,35, ,1H,1H,N,,,
6452,Florida Power & Light Co,613,Lauderdale,FL,Broward,13,OP,GT,Electric Utility,1,34.2,35,40,NG,DFO,N,,,,,,,Y,Y,35, ,35, ,1H,1H,N,,,
6452,Florida Power & Light Co,613,Lauderdale,FL,Broward,14,OP,GT,Electric Utility,1,34.2,35,40,NG,DFO,N,,,,,,,Y,Y,35, ,35, ,1H,1H,N,,,
6452,Florida Power & Light Co,613,Lauderdale,FL,Broward,15,OP,GT,Electric Utility,1,34.2,35,40,NG,DFO,N,,,,,,,Y,Y,35, ,35, ,1H,1H,N,,,
6452,Florida Power & Light Co,613,Lauderdale,FL,Broward,16,OP,GT,Electric Utility,1,34.2,35,40,NG,DFO,N,,,,,,,Y,Y,35, ,35, ,1H,1H,N,,,
6452,Florida Power & Light Co,613,Lauderdale,FL,Broward,17,OP,GT,Electric Utility,1,34.2,35,40,NG,DFO,N,,,,,,,Y,Y,35, ,35, ,1H,1H,N,,,
6452,Florida Power & Light Co,613,Lauderdale,FL,Broward,18,OP,GT,Electric Utility,1,34.2,35,40,NG,DFO,N,,,,,,,Y,Y,35, ,35, ,1H,1H,N,,,
6452,Florida Power & Light Co,613,Lauderdale,FL,Broward,19,OP,GT,Electric Utility,1,34.2,35,40,NG,DFO,N,,,,,,,Y,Y,35, ,35, ,1H,1H,N,,,
6452,Florida Power & Light Co,613,Lauderdale,FL,Broward,2,OP,GT,Electric Utility,1,34.2,35,40,NG,DFO,N,,,,,,,Y,Y,35, ,35, ,1H,1H,N,,,
6452,Florida Power & Light Co,613,Lauderdale,FL,Broward,20,OP,GT,Electric Utility,1,34.2,35,40,NG,DFO,N,,,,,,,Y,Y,35, ,35, ,1H,1H,N,,,
6452,Florida Power & Light Co,613,Lauderdale,FL,Broward,21,OP,GT,Electric Utility,1,34.2,35,40,NG,DFO,N,,,,,,,Y,Y,35, ,35, ,1H,1H,N,,,
6452,Florida Power & Light Co,613,Lauderdale,FL,Broward,22,OP,GT,Electric Utility,1,34.2,35,40,NG,DFO,N,,,,,,,Y,Y,35, ,35, ,1H,1H,N,,,
6452,Florida Power & Light Co,613,Lauderdale,FL,Broward,23,OP,GT,Electric Utility,1,34.2,35,40,NG,DFO,N,,,,,,,Y,Y,35, ,35, ,1H,1H,N,,,
6452,Florida Power & Light Co,613,Lauderdale,FL,Broward,24,OP,GT,Electric Utility,1,34.2,35,40,NG,DFO,N,,,,,,,Y,Y,35, ,35, ,1H,1H,N,,,
6452,Florida Power & Light Co,613,Lauderdale,FL,Broward,3,OP,GT,Electric Utility,1,34.2,35,40,NG,DFO,N,,,,,,,Y,Y,35, ,35, ,1H,1H,N,,,
6452,Florida Power & Light Co,613,Lauderdale,FL,Broward,4,OP,GT,Electric Utility,1,34.2,35,40,NG,DFO,N,,,,,,,Y,Y,35, ,35, ,1H,1H,N,,,
6452,Florida Power & Light Co,613,Lauderdale,FL,Broward,4GT1,OP,CT,Electric Utility,1,185.0, , ,NG,DFO,N,,,,,,,Y,Y,185, ,185, ,1H,,N,,,
6452,Florida Power & Light Co,613,Lauderdale,FL,Broward,4GT2,OP,CT,Electric Utility,1,185.0, , ,NG,DFO,N,,,,,,,Y,Y,185, ,185, ,1H,,N,,,
6452,Florida Power & Light Co,613,Lauderdale,FL,Broward,5,OP,GT,Electric Utility,1,34.2,35,40,NG,DFO,N,,,,,,,Y,Y,35, ,35, ,1H,1H,N,,,
6452,Florida Power & Light Co,613,Lauderdale,FL,Broward,5GT1,OP,CT,Electric Utility,1,185.0, , ,NG,DFO,N,,,,,,,Y,Y,185, ,185, ,1H,,N,,,
6452,Florida Power & Light Co,613,Lauderdale,FL,Broward,5GT2,OP,CT,Electric Utility,1,185.0, , ,NG,DFO,N,,,,,,,Y,Y,185, ,185, ,1H,,N,,,
6452,Florida Power & Light Co,613,Lauderdale,FL,Broward,6,OP,GT,Electric Utility,1,34.2,35,40,NG,DFO,N,,,,,,,Y,Y,35, ,35, ,1H,1H,N,,,
6452,Florida Power & Light Co,613,Lauderdale,FL,Broward,7,OP,GT,Electric Utility,1,34.2,35,40,NG,DFO,N,,,,,,,Y,Y,35, ,35, ,1H,1H,N,,,
6452,Florida Power & Light Co,613,Lauderdale,FL,Broward,8,OP,GT,Electric Utility,1,34.2,35,40,NG,DFO,N,,,,,,,Y,Y,35, ,35, ,1H,1H,N,,,
6452,Florida Power & Light Co,613,Lauderdale,FL,Broward,9,OP,GT,Electric Utility,1,34.2,35,40,NG,DFO,N,,,,,,,Y,Y,35, ,35, ,1H,1H,N,,,
6452,Florida Power & Light Co,613,Lauderdale,FL,Broward,ST4,OP,CA,Electric Utility,1,151.2,442,485,NG,DFO,N,,,,,,,Y,Y,430, ,430, ,1H,,N,,,
6452,Florida Power & Light Co,613,Lauderdale,FL,Broward,ST5,OP,CA,Electric Utility,1,151.2,442,485,NG,DFO,N,,,,,,,Y,Y,429, ,429, ,1H,,N,,,
6452,Florida Power & Light Co,617,Port Everglades,FL,Broward,10,OP,GT,Electric Utility,1,34.2,35,40,NG,DFO,N,,,,,,,Y,Y,34, ,34, ,1H,,N,,,
6452,Florida Power & Light Co,617,Port Everglades,FL,Broward,11,OP,GT,Electric Utility,1,34.2,35,40,NG,DFO,N,,,,,,,Y,Y,34, ,34, ,1H,,N,,,
6452,Florida Power & Light Co,617,Port Everglades,FL,Broward,12,OP,GT,Electric Utility,1,34.2,35,40,NG,DFO,N,,,,,,,Y,Y,34, ,34, ,1H,,N,,,
6452,Florida Power & Light Co,617,Port Everglades,FL,Broward,6,OP,GT,Electric Utility,1,34.2,35,40,NG,DFO,N,,,,,,,Y,Y,34, ,34, ,1H,,N,,,
6452,Florida Power & Light Co,617,Port Everglades,FL,Broward,7,OP,GT,Electric Utility,1,34.2,35,40,NG,DFO,N,,,,,,,Y,Y,34, ,34, ,1H,,N,,,
6452,Florida Power & Light Co,617,Port Everglades,FL,Broward,8,OP,GT,Electric Utility,1,34.2,35,40,NG,DFO,N,,,,,,,Y,Y,34, ,34, ,1H,,N,,,
6452,Florida Power & Light Co,617,Port Everglades,FL,Broward,9,OP,GT,Electric Utility,1,34.2,35,40,NG,DFO,N,,,,,,,Y,Y,34, ,34, ,1H,,N,,,
6452,Florida Power & Light Co,617,Port Everglades,FL,Broward,GT1,OP,GT,Electric Utility,1,34.2,35,40,NG,DFO,N,,,,,,,Y,Y,34, ,34, ,1H,,N,,,
6452,Florida Power & Light Co,617,Port Everglades,FL,Broward,GT2,OP,GT,Electric Utility,1,34.2,35,40,NG,DFO,N,,,,,,,Y,Y,34, ,34, ,1H,,N,,,
6452,Florida Power & Light Co,617,Port Everglades,FL,Broward,GT3,OP,GT,Electric Utility,1,34.2,35,40,NG,DFO,N,,,,,,,Y,Y,34, ,34, ,1H,1H,N,,,
6452,Florida Power & Light Co,617,Port Everglades,FL,Broward,GT4,OP,GT,Electric Utility,1,34.2,35,40,NG,DFO,N,,,,,,,Y,Y,34, ,34, ,1H,1H,N,,,
6452,Florida Power & Light Co,617,Port Everglades,FL,Broward,GT5,OP,GT,Electric Utility,1,34.2,35,40,NG,DFO,N,,,,,,,Y,Y,34, ,34, ,1H,1H,N,,,
6452,Florida Power & Light Co,621,Turkey Point,FL,Miami-Dade,5CA,OP,CA,Electric Utility,1,472.0,1148,1178,NG,,N,,,,,,,Y,Y,451,467,333,359,1H,,Y,Y,Y,
6452,Florida Power & Light Co,621,Turkey Point,FL,Miami-Dade,5CTA,OP,CT,Electric Utility,1,188.0, , ,NG,DFO,N,,,,,,,Y,Y,160,173,165,178,1H,,Y,Y,Y,
6452,Florida Power & Light Co,621,Turkey Point,FL,Miami-Dade,5CTB,OP,CT,Electric Utility,1,188.0, , ,NG,DFO,N,,,,,,,Y,Y,160,173,165,178,1H,,Y,Y,Y,
6452,Florida Power & Light Co,621,Turkey Point,FL,Miami-Dade,5CTC,OP,CT,Electric Utility,1,188.0, , ,NG,DFO,N,,,,,,,Y,Y,160,173,165,178,1H,,Y,Y,Y,
6452,Florida Power & Light Co,621,Turkey Point,FL,Miami-Dade,5CTD,OP,CT,Electric Utility,1,188.0, , ,NG,DFO,N,,,,,,,Y,Y,160,173,165,178,1H,,Y,Y,Y,
6452,Florida Power & Light Co,621,Turkey Point,FL,Miami-Dade,ST1,OP,ST,Electric Utility,1,402.0,396,398,RFO,NG,Y,RFO,NG,,,,,Y,Y,398, ,398, ,1H,,N,,,
6452,Florida Power & Light Co,621,Turkey Point,FL,Miami-Dade,ST2,OP,ST,Electric Utility,1,402.0,392,394,RFO,NG,Y,RFO,NG,,,,,Y,Y,400, ,400, ,,,N,,,
6452,Florida Power & Light Co,6042,Manatee,FL,Manatee,1,OP,ST,Electric Utility,1,863.3,812,822,RFO,NG,Y,RFO,NG,,,,,Y,Y,814, ,814, ,1H,,N,,,
6452,Florida Power & Light Co,6042,Manatee,FL,Manatee,2,OP,ST,Electric Utility,1,863.3,812,822,RFO,NG,Y,RFO,NG,,,,,Y,Y,814, ,814, ,1H,,N,,,
6452,Florida Power & Light Co,6043,Martin,FL,Martin,1,OP,ST,Electric Utility,1,934.5,826,832,RFO,NG,Y,RFO,NG,,,,,Y,Y,828, ,828, ,1H,,N,,,
6452,Florida Power & Light Co,6043,Martin,FL,Martin,2,OP,ST,Electric Utility,1,934.5,826,832,RFO,NG,Y,RFO,NG,,,,,Y,Y,821, ,821, ,1H,,N,,,
6452,Florida Power & Light Co,6043,Martin,FL,Martin,8,OP,CA,Electric Utility,1,471.7,1105,1180,NG,SUN,N,,,,,,,Y,Y,439,458,333,359,1H,,Y,Y,Y,
6452,Florida Power & Light Co,6043,Martin,FL,Martin,8A,OP,CT,Electric Utility,1,188.2, , ,NG,DFO,N,,,,,,,Y,Y,160,173,165,178,1H,,Y,Y,Y,
6452,Florida Power & Light Co,6043,Martin,FL,Martin,8B,OP,CT,Electric Utility,1,188.2, , ,NG,DFO,N,,,,,,,Y,Y,160,173,165,178,1H,,Y,Y,Y,
6452,Florida Power & Light Co,6043,Martin,FL,Martin,8C,OP,CT,Electric Utility,1,188.2, , ,NG,DFO,N,,,,,,,Y,Y,160,173,165,178,1H,,Y,Y,Y,
6452,Florida Power & Light Co,6043,Martin,FL,Martin,8D,OP,CT,Electric Utility,1,188.2, , ,NG,DFO,N,,,,,,,Y,Y,160,173,165,178,1H,,Y,Y,Y,
6452,Florida Power & Light Co,6246,Putnam,FL,Putnam,1GT1,OP,CT,Electric Utility,1,85.0, , ,NG,DFO,N,,,,,,,Y,Y,85, ,85, ,1H,,N,,,
6452,Florida Power & Light Co,6246,Putnam,FL,Putnam,1GT2,OP,CT,Electric Utility,1,85.0, , ,NG,DFO,N,,,,,,,Y,Y,85, ,85, ,1H,,N,,,
6452,Florida Power & Light Co,6246,Putnam,FL,Putnam,1ST,OP,CA,Electric Utility,1,120.0,249,265,NG,DFO,N,,,,,,,Y,Y,249, ,249, ,1H,,N,,,
6452,Florida Power & Light Co,6246,Putnam,FL,Putnam,2GT1,OP,CT,Electric Utility,1,85.0, , ,NG,DFO,N,,,,,,,Y,Y,85, ,85, ,1H,,N,,,
6452,Florida Power & Light Co,6246,Putnam,FL,Putnam,2GT2,OP,CT,Electric Utility,1,85.0, , ,NG,DFO,N,,,,,,,Y,Y,85, ,85, ,1H,,N,,,
6452,Florida Power & Light Co,6246,Putnam,FL,Putnam,2ST,OP,CA,Electric Utility,1,120.0,249,265,NG,DFO,N,,,,,,,Y,Y,249, ,249, ,1H,,N,,,
6452,Florida Power & Light Co,56407,West County Energy Center,FL,Palm Beach,1A,OP,CT,Electric Utility,1,298.0,232,270,NG,DFO,Y,NG,DFO,,,,,Y,Y,243, ,202, ,1H,,Y,,Y,
6452,Florida Power & Light Co,56407,West County Energy Center,FL,Palm Beach,1B,OP,CT,Electric Utility,1,298.0,232,270,NG,DFO,Y,NG,DFO,,,,,Y,Y,243, ,202, ,1H,,Y,,Y,
6452,Florida Power & Light Co,56407,West County Energy Center,FL,Palm Beach,1C,OP,CT,Electric Utility,1,298.0,232,270,NG,DFO,Y,NG,DFO,,,,,Y,Y,243, ,202, ,1H,,Y,,Y,
6452,Florida Power & Light Co,56407,West County Energy Center,FL,Palm Beach,1ST,OP,CA,Electric Utility,1,527.0,523,525,NG,DFO,N,,,,,,,Y,Y,423, ,290, ,1H,,Y,,Y,
6452,Florida Power & Light Co,56407,West County Energy Center,FL,Palm Beach,2A,OP,CT,Electric Utility,1,298.0,232,270,NG,DFO,Y,NG,DFO,,,,,Y,Y,243, ,202, ,1H,,Y,,Y,
6452,Florida Power & Light Co,56407,West County Energy Center,FL,Palm Beach,2B,OP,CT,Electric Utility,1,298.0,232,270,NG,DFO,Y,NG,DFO,,,,,Y,Y,243, ,202, ,1H,,Y,,Y,
6452,Florida Power & Light Co,56407,West County Energy Center,FL,Palm Beach,2C,OP,CT,Electric Utility,1,298.0,232,270,NG,DFO,Y,NG,DFO,,,,,Y,Y,243, ,202, ,1H,,Y,,Y,
6452,Florida Power & Light Co,56407,West County Energy Center,FL,Palm Beach,2ST,OP,CA,Electric Utility,1,527.0,523,525,NG,DFO,N,,,,,,,Y,Y,423, ,290, ,1H,,Y,,Y,
6452,Florida Power & Light Co,56407,West County Energy Center,FL,Palm Beach,3A,OP,CT,Electric Utility,1,298.0,232,270,NG,DFO,Y,NG,DFO,,,,,Y,Y,243, ,202, ,1H,,Y,,Y,
6452,Florida Power & Light Co,56407,West County Energy Center,FL,Palm Beach,3B,OP,CT,Electric Utility,1,298.0,244,282,NG,DFO,Y,NG,DFO,,,,,Y,Y,243, ,202, ,1H,,Y,,Y,
6452,Florida Power & Light Co,56407,West County Energy Center,FL,Palm Beach,3C,OP,CT,Electric Utility,1,298.0,232,270,NG,DFO,Y,NG,DFO,,,,,Y,Y,243, ,202, ,1H,,Y,,Y,
6452,Florida Power & Light Co,56407,West County Energy Center,FL,Palm Beach,3ST,OP,CA,Electric Utility,1,527.0,523,527,NG,DFO,N,,,,,,,Y,Y,423, ,290, ,1H,,Y,,Y,
6455,"Duke Energy Florida, Inc",624,Avon Park,FL,Highlands,P1,OP,GT,Electric Utility,1,33.7,24,35,NG,DFO,N,,,,,,,Y,Y,24,35,24,35,1H,1H,Y,Y,Y,
6455,"Duke Energy Florida, Inc",630,Higgins,FL,Pinellas,P1,OP,GT,Electric Utility,1,33.7,20,20,NG,DFO,N,,,,,,,Y,Y,20,20,20,20,1H,1H,Y,Y,Y,
6455,"Duke Energy Florida, Inc",630,Higgins,FL,Pinellas,P2,OP,GT,Electric Utility,1,33.7,25,25,NG,DFO,N,,,,,,,Y,Y,25,25,25,25,1H,1H,Y,Y,Y,
6455,"Duke Energy Florida, Inc",630,Higgins,FL,Pinellas,P3,OP,GT,Electric Utility,1,42.9,30,36,NG,DFO,N,,,,,,,Y,Y,30,36,30,36,1H,1H,Y,Y,Y,
6455,"Duke Energy Florida, Inc",630,Higgins,FL,Pinellas,P4,OP,GT,Electric Utility,1,42.9,30,35,NG,DFO,N,,,,,,,Y,Y,30,35,30,35,1H,1H,Y,Y,Y,
6455,"Duke Energy Florida, Inc",634,P L Bartow,FL,Pinellas,4AGT,OP,CT,Electric Utility,1,208.0,173,203,NG,DFO,N,,,,,,,Y,Y,173,201,173,201,24H,24H,Y,Y,Y,
6455,"Duke Energy Florida, Inc",634,P L Bartow,FL,Pinellas,4BGT,OP,CT,Electric Utility,1,208.0,175,206,NG,DFO,N,,,,,,,Y,Y,175,203,175,203,24H,24H,Y,Y,Y,
6455,"Duke Energy Florida, Inc",634,P L Bartow,FL,Pinellas,4CGT,OP,CT,Electric Utility,1,208.0,172,206,NG,DFO,N,,,,,,,Y,Y,172,201,172,201,24H,24H,Y,Y,Y,
6455,"Duke Energy Florida, Inc",634,P L Bartow,FL,Pinellas,4DGT,OP,CT,Electric Utility,1,208.0,172,203,NG,DFO,N,,,,,,,Y,Y,172,201,172,201,24H,24H,Y,Y,Y,
6455,"Duke Energy Florida, Inc",634,P L Bartow,FL,Pinellas,4ST,OP,CA,Electric Utility,1,421.0,382,367,NG,DFO,N,,,,,,,Y,Y,382,429,382,429,24H,24H,Y,Y,Y,
6455,"Duke Energy Florida, Inc",634,P L Bartow,FL,Pinellas,P2,OP,GT,Electric Utility,1,55.7,43,57,NG,DFO,N,,,,,,,Y,Y,43,57,43,57,6H,6H,Y,Y,Y,
6455,"Duke Energy Florida, Inc",634,P L Bartow,FL,Pinellas,P4,OP,GT,Electric Utility,1,55.7,49,61,NG,DFO,N,,,,,,,Y,Y,49,61,49,61,24H,24H,Y,Y,Y,
6455,"Duke Energy Florida, Inc",638,Suwannee River,FL,Suwannee,1,OP,ST,Electric Utility,1,34.5,28,28,RFO,NG,N,,,,,,,Y,Y,30, ,30, ,UNK,,Y,Y,,
6455,"Duke Energy Florida, Inc",638,Suwannee River,FL,Suwannee,2,OP,ST,Electric Utility,1,37.5,29,28,RFO,NG,N,,,,,,,Y,Y,30, ,30, ,UNK,,Y,Y,,
6455,"Duke Energy Florida, Inc",638,Suwannee River,FL,Suwannee,3,OP,ST,Electric Utility,1,75.0,71,73,RFO,NG,N,,,,,,,Y,Y,71, ,71, ,UNK,,Y,Y,,
6455,"Duke Energy Florida, Inc",638,Suwannee River,FL,Suwannee,P1,OP,GT,Electric Utility,1,61.2,52,67,NG,DFO,N,,,,,,,Y,Y,52,67,52,67,1H,1H,Y,Y,Y,
6455,"Duke Energy Florida, Inc",638,Suwannee River,FL,Suwannee,P3,OP,GT,Electric Utility,1,61.2,52,60,NG,DFO,N,,,,,,,Y,Y,51,60,51,60,1H,1H,Y,Y,Y,
6455,"Duke Energy Florida, Inc",6046,DeBary,FL,Volusia,7,OP,GT,Electric Utility,1,115.0,83,94,NG,DFO,N,,,,,,,Y,Y,83,94,83,94,1H,1H,Y,Y,Y,
6455,"Duke Energy Florida, Inc",6046,DeBary,FL,Volusia,8,OP,GT,Electric Utility,1,115.0,83,96,NG,DFO,N,,,,,,,Y,Y,83,96,83,96,1H,1H,Y,Y,Y,
6455,"Duke Energy Florida, Inc",6046,DeBary,FL,Volusia,9,OP,GT,Electric Utility,1,115.0,81,97,NG,DFO,N,,,,,,,Y,Y,81,97,81,97,1H,1H,Y,Y,Y,
6455,"Duke Energy Florida, Inc",7302,Hines Energy Complex,FL,Polk,1GT,OP,CT,Electric Utility,1,173.4,151,174,NG,DFO,N,,,,,,,Y,Y,170, ,170, ,UNK,,Y,Y,Y,
6455,"Duke Energy Florida, Inc",7302,Hines Energy Complex,FL,Polk,1GT2,OP,CT,Electric Utility,1,173.4,151,174,NG,DFO,N,,,,,,,Y,Y,170, ,170, ,UNK,,Y,Y,Y,
6455,"Duke Energy Florida, Inc",7302,Hines Energy Complex,FL,Polk,1ST,OP,CA,Electric Utility,1,199.7,160,180,NG,DFO,N,,,,,,,Y,Y,160, ,160, ,UNK,,Y,Y,Y,
6455,"Duke Energy Florida, Inc",7302,Hines Energy Complex,FL,Polk,2GT,OP,CT,Electric Utility,1,167.7,154,186,NG,DFO,N,,,,,,,Y,Y,154,186,154,186,6H,6H,Y,Y,Y,
6455,"Duke Energy Florida, Inc",7302,Hines Energy Complex,FL,Polk,2GT2,OP,CT,Electric Utility,1,167.7,154,186,NG,DFO,N,,,,,,,Y,Y,154,186,154,186,6H,6H,Y,Y,Y,
6455,"Duke Energy Florida, Inc",7302,Hines Energy Complex,FL,Polk,2ST,OP,CA,Electric Utility,1,180.6,182,191,NG,DFO,N,,,,,,,Y,Y,182,191,182,191,6H,6H,Y,Y,Y,
6455,"Duke Energy Florida, Inc",7302,Hines Energy Complex,FL,Polk,3GT,OP,CT,Electric Utility,1,193.0,155,186,NG,DFO,N,,,,,,,Y,Y,155,186,155,186,6H,6H,Y,Y,Y,
6455,"Duke Energy Florida, Inc",7302,Hines Energy Complex,FL,Polk,3GT2,OP,CT,Electric Utility,1,193.0,155,186,NG,DFO,N,,,,,,,Y,Y,155,186,155,186,6H,6H,Y,Y,Y,
6455,"Duke Energy Florida, Inc",7302,Hines Energy Complex,FL,Polk,3ST,OP,CA,Electric Utility,1,204.0,178,192,NG,DFO,N,,,,,,,Y,Y,178,192,178,192,6H,6H,Y,Y,Y,
6455,"Duke Energy Florida, Inc",7302,Hines Energy Complex,FL,Polk,4GT,OP,CT,Electric Utility,1,199.0,151,182,NG,DFO,N,,,,,,,Y,Y,151,182,151,182,6H,6H,Y,Y,Y,
6455,"Duke Energy Florida, Inc",7302,Hines Energy Complex,FL,Polk,4GT2,OP,CT,Electric Utility,1,199.0,151,182,NG,DFO,N,,,,,,,Y,Y,151,182,151,182,6H,6H,Y,Y,Y,
6455,"Duke Energy Florida, Inc",7302,Hines Energy Complex,FL,Polk,4ST,OP,CA,Electric Utility,1,212.0,170,180,NG,DFO,N,,,,,,,Y,Y,170,180,170,180,6H,6H,Y,Y,Y,
6455,"Duke Energy Florida, Inc",8048,Anclote,FL,Pasco,1,OP,ST,Electric Utility,1,556.2,501,506,NG,RFO,N,,,,,,,Y,Y,501, ,501, ,UNK,,Y,Y,,
6455,"Duke Energy Florida, Inc",8048,Anclote,FL,Pasco,2,OP,ST,Electric Utility,1,556.2,490,511,NG,RFO,N,,,,,,,Y,Y,510, ,510, ,UNK,,Y,Y,,
6455,"Duke Energy Florida, Inc",8049,Intercession City,FL,Osceola,P10,OP,GT,Electric Utility,1,115.0,82,95,NG,DFO,N,,,,,,,Y,Y,82,95,82,95,1H,1H,Y,Y,Y,
6455,"Duke Energy Florida, Inc",8049,Intercession City,FL,Osceola,P12,OP,GT,Electric Utility,1,115.0,76,92,NG,DFO,N,,,,,,,Y,Y,76,92,76,92,1H,1H,Y,Y,Y,
6455,"Duke Energy Florida, Inc",8049,Intercession City,FL,Osceola,P13,OP,GT,Electric Utility,1,115.0,76,92,NG,DFO,N,,,,,,,Y,Y,76,92,76,92,1H,1H,Y,Y,Y,
6455,"Duke Energy Florida, Inc",8049,Intercession City,FL,Osceola,P14,OP,GT,Electric Utility,1,115.0,77,92,NG,DFO,N,,,,,,,Y,Y,77,92,77,92,1H,1H,Y,Y,Y,
6455,"Duke Energy Florida, Inc",8049,Intercession City,FL,Osceola,P7,OP,GT,Electric Utility,1,115.0,83,94,NG,DFO,N,,,,,,,Y,Y,83,94,83,94,1H,1H,Y,Y,Y,
6455,"Duke Energy Florida, Inc",8049,Intercession City,FL,Osceola,P8,OP,GT,Electric Utility,1,115.0,81,95,NG,DFO,N,,,,,,,Y,Y,81,95,81,95,1H,1H,Y,Y,Y,
6455,"Duke Energy Florida, Inc",8049,Intercession City,FL,Osceola,P9,OP,GT,Electric Utility,1,115.0,82,95,NG,DFO,N,,,,,,,Y,Y,82,95,82,95,1H,1H,Y,Y,Y,
6526,FirstEnergy Generation Corp,2869,FirstEnergy West Lorain,OH,Lorain,2,OP,GT,IPP Non-CHP,2,85.0,85,85,NG,DFO,N,,,,,,,Y,Y,74, ,74, ,1H,1H,Y,Y,Y,Y
6526,FirstEnergy Generation Corp,2869,FirstEnergy West Lorain,OH,Lorain,3,OP,GT,IPP Non-CHP,2,85.0,85,85,NG,DFO,N,,,,,,,Y,Y,74, ,74, ,1H,1H,Y,Y,Y,Y
6526,FirstEnergy Generation Corp,2869,FirstEnergy West Lorain,OH,Lorain,4,OP,GT,IPP Non-CHP,2,85.0,85,85,NG,DFO,N,,,,,,,Y,Y,74, ,74, ,1H,,Y,Y,Y,Y
6526,FirstEnergy Generation Corp,2869,FirstEnergy West Lorain,OH,Lorain,5,OP,GT,IPP Non-CHP,2,85.0,85,85,NG,DFO,N,,,,,,,Y,Y,74, ,74, ,1H,1H,Y,Y,Y,Y
6526,FirstEnergy Generation Corp,2869,FirstEnergy West Lorain,OH,Lorain,6,OP,GT,IPP Non-CHP,2,85.0,85,85,NG,DFO,N,,,,,,,Y,Y,85, ,85, ,1H,1H,Y,Y,Y,Y
6526,FirstEnergy Generation Corp,2878,FirstEnergy Bay Shore,OH,Lucas,1,OP,ST,IPP Non-CHP,2,150.5,136,136,PC,,Y,PC,BIT,,,,,N,, , , , ,,,,,,
6541,Formosa Plastics Corp,10554,Formosa Utility Venture Ltd,TX,Calhoun,ST1,OP,CA,Industrial CHP,7,33.5,28.5,28.5,NG,OG,Y,NG,OG,,,,,,, , , , ,,,,,,
6541,Formosa Plastics Corp,10554,Formosa Utility Venture Ltd,TX,Calhoun,ST2,OP,CA,Industrial CHP,7,66.3,57.5,57.5,NG,OG,Y,NG,OG,,,,,,, , , , ,,,,,,
6541,Formosa Plastics Corp,10554,Formosa Utility Venture Ltd,TX,Calhoun,ST3,OP,CA,Industrial CHP,7,55.0,47.3,51.7,NG,OG,Y,NG,OG,,,,,,, , , , ,,,,,,
6541,Formosa Plastics Corp,10554,Formosa Utility Venture Ltd,TX,Calhoun,TBG1,OP,CT,Industrial CHP,7,82.5,72,90,NG,OG,Y,NG,OG,,,,,,, , , , ,,,,,,
6541,Formosa Plastics Corp,10554,Formosa Utility Venture Ltd,TX,Calhoun,TBG2,OP,CT,Industrial CHP,7,82.5,72,90,NG,OG,Y,NG,OG,,,,,,, , , , ,,,,,,
6541,Formosa Plastics Corp,10554,Formosa Utility Venture Ltd,TX,Calhoun,TBG3,OP,CT,Industrial CHP,7,82.5,72,90,NG,OG,Y,NG,OG,,,,,,, , , , ,,,,,,
6541,Formosa Plastics Corp,10554,Formosa Utility Venture Ltd,TX,Calhoun,TBG4,OP,CT,Industrial CHP,7,82.5,72,90,NG,OG,Y,NG,OG,,,,,,, , , , ,,,,,,
6541,Formosa Plastics Corp,10554,Formosa Utility Venture Ltd,TX,Calhoun,TBG5,OP,CT,Industrial CHP,7,82.5,72,90,NG,OG,Y,NG,OG,,,,,,, , , , ,,,,,,
6589,Georgia-Pacific Consr Prods LP-Muskogee,10362,Muskogee Mill,OK,Muskogee,GEN1,OP,ST,Industrial CHP,7,25.0,12,15.3,SUB,NG,Y,SUB,NG,BIT,,,,N,, , , , ,,,,,,
6589,Georgia-Pacific Consr Prods LP-Muskogee,10362,Muskogee Mill,OK,Muskogee,GEN2,OP,ST,Industrial CHP,7,44.5,20.1,33.5,SUB,NG,Y,SUB,NG,BIT,,,,N,, , , , ,,,,,,
6589,Georgia-Pacific Consr Prods LP-Muskogee,10362,Muskogee Mill,OK,Muskogee,GEN3,OP,ST,Industrial CHP,7,44.5,36,33.8,SUB,NG,Y,SUB,NG,BIT,,,,N,, , , , ,,,,,,
6616,Fort Pierce Utilities Authority,56400,Treasure Coast Energy Center,FL,St Lucie,CT1,OP,CT,Electric Utility,1,219.6,158.8,188.8,NG,DFO,N,,,,,,,Y,Y,155,165,155,165,1H,6H,Y,Y,Y,
6723,City of Franklin - (NE),2238,Franklin (NE),NE,Franklin,1,OP,IC,Electric Utility,1,0.6,0.6,0.6,NG,DFO,Y,NG,DFO,,,,,N,, , , , ,,,,,,
6723,City of Franklin - (NE),2238,Franklin (NE),NE,Franklin,2,OP,IC,Electric Utility,1,1.3,1.3,1.3,NG,DFO,Y,NG,DFO,,,,,N,, , , , ,,,,,,
6723,City of Franklin - (NE),2238,Franklin (NE),NE,Franklin,3,OP,IC,Electric Utility,1,1.1,1.1,1.1,NG,DFO,Y,NG,DFO,,,,,N,, , , , ,,,,,,
6723,City of Franklin - (NE),2238,Franklin (NE),NE,Franklin,4,OP,IC,Electric Utility,1,0.9,0.9,0.9,NG,DFO,Y,NG,DFO,,,,,N,, , , , ,,,,,,
6738,Franklin Heating Station,54224,Franklin Heating Station,MN,Olmsted,DG6,SB,IC,Commercial CHP,5,2.4,2.3,2.4,NG,DFO,Y,NG,DFO,,,,,Y,Y,2.2, ,2.35, ,1H,,Y,,Y,
6738,Franklin Heating Station,54224,Franklin Heating Station,MN,Olmsted,DG7,SB,IC,Commercial CHP,5,2.4,2.3,2.4,NG,DFO,Y,NG,DFO,,,,,Y,Y,2.2, ,2.35, ,1H,,Y,,Y,
6738,Franklin Heating Station,54224,Franklin Heating Station,MN,Olmsted,GEN1,OP,ST,Commercial CHP,5,2.5,2,2,NG,RFO,Y,NG,RFO,,,,,Y,Y,2, ,2, ,1H,,Y,,Y,
6738,Franklin Heating Station,54224,Franklin Heating Station,MN,Olmsted,GEN2,OP,ST,Commercial CHP,5,2.5,2,2,NG,RFO,Y,NG,RFO,,,,,Y,Y,2, ,2, ,1H,,Y,,Y,
6738,Franklin Heating Station,54224,Franklin Heating Station,MN,Olmsted,GEN3,OP,ST,Commercial CHP,5,6.3,6.1,6.1,NG,RFO,Y,NG,RFO,,,,,Y,Y,6.1, ,6.1, ,1H,,Y,,Y,
6775,Village of Freeport - (NY),2679,Plant No 2 Freeport,NY,Nassau,CT5,OP,GT,Electric Utility,1,60.5,49,49,NG,KER,N,,,,,,,Y,Y,49.5, ,49.5, ,6H,,N,,,
6779,City of Fremont - (NE),2240,Lon Wright,NE,Dodge,5OT,OP,GT,Electric Utility,1,40.0,40,40,NG,DFO,Y,DFO,NG,,,,,Y,Y,38,36,38,36,1H,1H,Y,Y,Y,
6779,City of Fremont - (NE),2240,Lon Wright,NE,Dodge,6,OP,ST,Electric Utility,1,16.5,15,15,SUB,NG,Y,SUB,NG,,,,,N,, , , , ,,,,,,
6779,City of Fremont - (NE),2240,Lon Wright,NE,Dodge,7,OP,ST,Electric Utility,1,22.0,20,20,SUB,NG,Y,SUB,NG,,,,,N,, , , , ,,,,,,
6779,City of Fremont - (NE),2240,Lon Wright,NE,Dodge,8,OP,ST,Electric Utility,1,91.5,85,85,SUB,NG,Y,SUB,NG,,,,,N,, , , , ,,,,,,
6831,Ft Worth City of,54520,Village Creek Water Reclamation Facility,TX,Tarrant,TG1,OP,GT,Commercial Non-CHP,4,5.3,4.2,5.3,OBG,LFG,Y,OBG,LFG,NG,,,,N,, , , , ,,,,,,
6831,Ft Worth City of,54520,Village Creek Water Reclamation Facility,TX,Tarrant,TG2,OP,GT,Commercial Non-CHP,4,5.3,4.2,5.3,OBG,LFG,Y,OBG,LFG,NG,,,,N,, , , , ,,,,,,
6838,CCI Rensselaer LLC,54034,Rensselaer Cogen,NY,RENSSELAER,GEN1,OP,CT,IPP Non-CHP,2,49.2,47,55.8,NG,DFO,N,,,,,,,Y,Y,47,58,45,56,6H,6H,Y,Y,Y,
6838,CCI Rensselaer LLC,54034,Rensselaer Cogen,NY,RENSSELAER,GEN2,OP,CA,IPP Non-CHP,2,39.0,33.4,27.5,NG,DFO,N,,,,,,,Y,Y,32.4,33,23.8,20,6H,6H,Y,Y,Y,
6839,City of Fulton - (MO),2126,Fulton (MO),MO,Callaway,GT4,OP,GT,Electric Utility,1,21.2,15,19.6,NG,DFO,Y,DFO,NG,,,,,Y,Y,15, ,15, ,1H,1H,Y,Y,,
6839,City of Fulton - (MO),2126,Fulton (MO),MO,Callaway,IC1,OP,IC,Electric Utility,1,5.0,4.1,4.5,DFO,NG,Y,NG,DFO,,,,,Y,Y,4, ,4.4, ,1H,1H,Y,Y,,
6839,City of Fulton - (MO),2126,Fulton (MO),MO,Callaway,IC3,OP,IC,Electric Utility,1,7.0,6.2,6.8,DFO,NG,Y,NG,DFO,,,,,Y,Y,6, ,6.2, ,72H,,N,,,
6909,Gainesville Regional Utilities,663,Deerhaven Generating Station,FL,Alachua,1,OP,ST,Electric Utility,1,75.0,75,75,NG,RFO,Y,NG,RFO,,,,,Y,Y,75,75,75,75,6H,1H,Y,Y,,
6909,Gainesville Regional Utilities,663,Deerhaven Generating Station,FL,Alachua,GT1,OP,GT,Electric Utility,1,24.6,17.5,20,NG,DFO,N,,,,,,,Y,Y,17.5,20,17.5,20,1H,1H,Y,Y,,
6909,Gainesville Regional Utilities,663,Deerhaven Generating Station,FL,Alachua,GT2,OP,GT,Electric Utility,1,24.6,17.5,20,NG,DFO,N,,,,,,,Y,Y,17.5,20,17.5,20,1H,1H,Y,Y,,
6909,Gainesville Regional Utilities,663,Deerhaven Generating Station,FL,Alachua,GT3,OP,GT,Electric Utility,1,96.1,75,81,NG,DFO,N,,,,,,,Y,Y,75,81,75,81,1H,1H,Y,Y,,
6909,Gainesville Regional Utilities,664,John R Kelly,FL,Alachua,8,OP,CA,Electric Utility,1,50.0,37,37,NG,DFO,N,,,,,,,Y,Y,37,37,37,37,1H,1H,Y,Y,Y,
6909,Gainesville Regional Utilities,664,John R Kelly,FL,Alachua,CT04,OP,CT,Electric Utility,1,96.1,75,81,NG,DFO,N,,,,,,,Y,Y,75,81,75,81,1H,1H,Y,Y,Y,
6949,City of Gardner - (KS),7281,Gardner Energy Center,KS,Johnson,CT1,OP,GT,Electric Utility,1,19.6,13.5,14,NG,DFO,N,,,,,,,Y,N,13.5, ,13.5, ,72H,24H,N,,,
6949,City of Gardner - (KS),7281,Gardner Energy Center,KS,Johnson,CT2,OP,GT,Electric Utility,1,19.6,13.5,14,NG,DFO,N,,,,,,,Y,N,13.5, ,13.5, ,72H,24H,N,,,
6965,City of Garnett - (KS),1278,Garnett Municipal,KS,Anderson,1,OP,IC,Electric Utility,1,1.5,1.3,1.3,DFO,NG,N,,,,,,,Y,Y,1.5, ,1.3, ,UNK,,Y,Y,,
6965,City of Garnett - (KS),1278,Garnett Municipal,KS,Anderson,3,OP,IC,Electric Utility,1,1.5,1.3,1.3,DFO,NG,N,,,,,,,Y,Y,1.5, ,1.3, ,UNK,,Y,Y,,
6965,City of Garnett - (KS),1278,Garnett Municipal,KS,Anderson,4,OP,IC,Electric Utility,1,0.9,0.8,0.8,DFO,NG,N,,,,,,,Y,Y,0.9, ,0.8, ,UNK,,Y,Y,,
6965,City of Garnett - (KS),1278,Garnett Municipal,KS,Anderson,IC5,OP,IC,Electric Utility,1,2.4,2.1,2.1,DFO,NG,,,,,,,,Y,Y, , , , ,,,,,,
7019,Gay & Robinson Inc,50333,Gay Robinson,HI,KAUAI,ST4,OS,ST,Industrial CHP,7,4.0,2.5,3.8,AB,DFO,Y,AB,DFO,,,,,N,, , , , ,,,,,,
7049,General Electric Aircraft Engines,10029,General Electric Aircraft Engines,MA,Essex,GEN8,OS,GT,Industrial CHP,7,21.1,19.1,19.1,NG,DFO,N,,,,,,,Y,Y,21.1,21.1,21.1,21.1,6H,1H,Y,Y,,
7095,City of Geneseo - (IL),944,Geneseo,IL,Henry,1,OP,IC,Electric Utility,1,5.6,4.4,4.4,NG,DFO,Y,NG,DFO,,,,,Y,Y,5.6, ,5.6, ,1H,1H,N,,,
7095,City of Geneseo - (IL),944,Geneseo,IL,Henry,2,OP,IC,Electric Utility,1,3.5,2.8,2.8,NG,DFO,Y,NG,DFO,,,,,Y,Y,3.5, ,3.5, ,1H,1H,N,,,
7095,City of Geneseo - (IL),944,Geneseo,IL,Henry,3,OP,IC,Electric Utility,1,3.5,2.8,2.8,NG,DFO,Y,NG,DFO,,,,,Y,Y,3.5, ,3.5, ,1H,1H,N,,,
7095,City of Geneseo - (IL),944,Geneseo,IL,Henry,4,OP,IC,Electric Utility,1,1.6,1.3,1.3,NG,DFO,Y,NG,DFO,,,,,Y,Y,1.6, ,1.6, ,1H,1H,N,,,
7095,City of Geneseo - (IL),944,Geneseo,IL,Henry,5A,OP,IC,Electric Utility,1,4.4,3.4,3.4,NG,DFO,Y,NG,DFO,,,,,Y,Y,4.4, ,4.4, ,1H,1H,N,,,
7095,City of Geneseo - (IL),944,Geneseo,IL,Henry,6A,OP,IC,Electric Utility,1,3.0,2.4,2.4,NG,DFO,Y,NG,DFO,,,,,Y,Y,3, ,3, ,1H,1H,N,,,
7095,City of Geneseo - (IL),944,Geneseo,IL,Henry,7,OP,IC,Electric Utility,1,3.0,2.4,2.4,NG,DFO,Y,NG,DFO,,,,,Y,Y,3, ,3, ,1H,1H,N,,,
7127,Georgia-Pacific Consr Prods LP-Savannah,10361,Savannah River Mill,GA,Effingham,GEN1,SB,GT,Industrial CHP,7,25.2,21.4,24.7,NG,DFO,N,,,,,,,Y,Y,18,18,18,18,6H,6H,N,,,
7127,Georgia-Pacific Consr Prods LP-Savannah,10361,Savannah River Mill,GA,Effingham,GEN2,SB,GT,Industrial CHP,7,25.2,21.4,24.7,NG,DFO,N,,,,,,,Y,Y,18,18,18,18,6H,6H,N,,,
7127,Georgia-Pacific Consr Prods LP-Savannah,10361,Savannah River Mill,GA,Effingham,GEN3,OP,ST,Industrial CHP,7,45.0,41.9,42.3,PC,BIT,Y,PC,BIT,,,,,N,, , , , ,,,,,,
7127,Georgia-Pacific Consr Prods LP-Savannah,10361,Savannah River Mill,GA,Effingham,GEN4,OP,ST,Industrial CHP,7,45.0,41.9,42.3,PC,BIT,Y,PC,BIT,,,,,N,, , , , ,,,,,,
7136,Georgia-Pacific Consr Prods LP-Naheola,10699,Georgia-Pacific Consr Prods LP-Naheola,AL,Choctaw,GEN1,OP,ST,Industrial CHP,7,15.6,14.5,14.7,BLQ,BIT,Y,BLQ,BIT,DFO,NG,WDS,,Y,Y,14.5,14.5,14.5,14.5,6H,6H,N,,,
7136,Georgia-Pacific Consr Prods LP-Naheola,10699,Georgia-Pacific Consr Prods LP-Naheola,AL,Choctaw,GEN2,OP,ST,Industrial CHP,7,15.6,14.5,14.7,BLQ,BIT,Y,BLQ,BIT,DFO,NG,WDS,,Y,Y,14.5,14.5,14.5,14.5,6H,6H,N,,,
7136,Georgia-Pacific Consr Prods LP-Naheola,10699,Georgia-Pacific Consr Prods LP-Naheola,AL,Choctaw,GT3,OP,ST,Industrial CHP,7,47.1,43.8,44.3,BLQ,NG,Y,BLQ,DFO,NG,,,,Y,Y,15,15,25,25,6H,6H,N,,,
7140,Georgia Power Co,710,Jack McDonough,GA,Cobb,3A,OP,GT,Electric Utility,1,41.8,32,40,NG,DFO,N,,,,,,,Y,Y,32, ,32, ,1H,1H,Y,,Y,
7140,Georgia Power Co,710,Jack McDonough,GA,Cobb,3B,OP,GT,Electric Utility,1,41.8,32,40,NG,DFO,N,,,,,,,Y,Y,32, ,32, ,1H,1H,Y,,Y,
7140,Georgia Power Co,710,Jack McDonough,GA,Cobb,5ACT,OP,CT,Electric Utility,1,232.5,231.5,269,NG,DFO,N,,,,,,,Y,N,231.5, ,231.5, ,1H,1H,Y,,Y,
7140,Georgia Power Co,710,Jack McDonough,GA,Cobb,CT4A,OP,CT,Electric Utility,1,232.5,231.5,269,NG,DFO,N,,,,,,,Y,N,231.5, ,231.5, ,1H,1H,Y,,Y,
7140,Georgia Power Co,728,Yates,GA,Coweta,1,OP,ST,Electric Utility,1,122.5,97,97,BIT,NG,Y,BIT,NG,,,,,N,, , , , ,,,,,,
7140,Georgia Power Co,728,Yates,GA,Coweta,2,OP,ST,Electric Utility,1,122.5,103,103,BIT,NG,Y,BIT,NG,,,,,N,, , , , ,,,,,,
7140,Georgia Power Co,728,Yates,GA,Coweta,3,OP,ST,Electric Utility,1,122.5,111,111,BIT,NG,Y,BIT,NG,,,,,N,, , , , ,,,,,,
7140,Georgia Power Co,728,Yates,GA,Coweta,4,OP,ST,Electric Utility,1,156.2,133,133,BIT,NG,Y,BIT,NG,,,,,N,, , , , ,,,,,,
7140,Georgia Power Co,728,Yates,GA,Coweta,5,OP,ST,Electric Utility,1,156.2,135,135,BIT,NG,Y,BIT,NG,,,,,N,, , , , ,,,,,,
7140,Georgia Power Co,728,Yates,GA,Coweta,6,OP,ST,Electric Utility,1,403.7,352,352,BIT,NG,Y,BIT,NG,,,,,N,, , , , ,,,,,,
7140,Georgia Power Co,728,Yates,GA,Coweta,7,OP,ST,Electric Utility,1,403.7,355,355,BIT,NG,Y,BIT,NG,,,,,N,, , , , ,,,,,,
7140,Georgia Power Co,732,Boulevard,GA,Chatham,1,OP,GT,Electric Utility,1,15.6,14,18.6,NG,DFO,N,,,,,,,Y,,14,18.6,14,18.6,1H,1H,N,,,
7140,Georgia Power Co,733,Kraft,GA,Chatham,4,OP,ST,Electric Utility,1,126.0,115,115,NG,RFO,N,,,,,,,Y,Y,115, ,115, ,UNK,,N,,,
7140,Georgia Power Co,733,Kraft,GA,Chatham,PWA,OP,GT,Electric Utility,1,18.5,17,20.3,NG,DFO,N,,,,,,,Y,Y,17, ,17, ,1H,1H,N,,,
7140,Georgia Power Co,6124,McIntosh,GA,Effingham,CT1,OP,GT,Electric Utility,1,101.3,82.2,94.5,NG,DFO,N,,,,,,,Y,Y,82.2,94.5,82.2,94.5,1H,1H,Y,,Y,
7140,Georgia Power Co,6124,McIntosh,GA,Effingham,CT2,OP,GT,Electric Utility,1,101.3,82.2,94.5,NG,DFO,N,,,,,,,Y,Y,82.2,94.5,82.2,94.5,1H,1H,Y,,Y,
7140,Georgia Power Co,6124,McIntosh,GA,Effingham,CT3,OP,GT,Electric Utility,1,101.3,82.2,94.5,NG,DFO,N,,,,,,,Y,Y,82.2,94.5,82.2,94.5,1H,1H,Y,,Y,
7140,Georgia Power Co,6124,McIntosh,GA,Effingham,CT4,OP,GT,Electric Utility,1,101.3,82.2,94.5,NG,DFO,N,,,,,,,Y,Y,82.2,94.5,82.2,94.5,1H,1H,Y,,Y,
7140,Georgia Power Co,6124,McIntosh,GA,Effingham,CT5,OP,GT,Electric Utility,1,101.3,82.2,94.5,NG,DFO,N,,,,,,,Y,Y,82.2,94.5,82.2,94.5,1H,1H,Y,,Y,
7140,Georgia Power Co,6124,McIntosh,GA,Effingham,CT6,OP,GT,Electric Utility,1,101.3,82.2,94.5,NG,DFO,N,,,,,,,Y,Y,82.2,94.5,82.2,94.5,1H,1H,Y,,Y,
7140,Georgia Power Co,6124,McIntosh,GA,Effingham,CT7,OP,GT,Electric Utility,1,101.3,82.2,94.5,NG,DFO,N,,,,,,,Y,Y,82.2,94.5,82.2,94.5,1H,1H,Y,,Y,
7140,Georgia Power Co,6124,McIntosh,GA,Effingham,CT8,OP,GT,Electric Utility,1,101.3,82.2,94.5,NG,DFO,N,,,,,,,Y,Y,82.2,94.5,82.2,94.5,1H,1H,Y,,Y,
7140,Georgia Power Co,7348,Robins,GA,Houston,1,OP,GT,Electric Utility,1,91.9,80,93,NG,DFO,N,,,,,,,Y,Y,80, ,80, ,1H,1H,Y,,Y,
7140,Georgia Power Co,7348,Robins,GA,Houston,2,OP,GT,Electric Utility,1,91.9,80,93,NG,DFO,N,,,,,,,Y,Y,80, ,80, ,1H,1H,Y,,Y,
7140,Georgia Power Co,56150,McIntosh Combined Cycle Facility,GA,Effingham,C10A,OP,CT,Electric Utility,1,203.2, , ,NG,DFO,N,,,,,,,Y,Y,174.8, ,174.8, ,1H,1H,N,,,
7140,Georgia Power Co,56150,McIntosh Combined Cycle Facility,GA,Effingham,C10B,OP,CT,Electric Utility,1,203.2, , ,NG,DFO,N,,,,,,,Y,Y,174.8, ,174.8, ,1H,1H,N,,,
7140,Georgia Power Co,56150,McIntosh Combined Cycle Facility,GA,Effingham,C11A,OP,CT,Electric Utility,1,203.2, , ,NG,DFO,N,,,,,,,Y,Y,174.8, ,174.8, ,1H,1H,N,,,
7140,Georgia Power Co,56150,McIntosh Combined Cycle Facility,GA,Effingham,C11B,OP,CT,Electric Utility,1,203.2, , ,NG,DFO,N,,,,,,,Y,Y,174.8, ,174.8, ,1H,1H,N,,,
7166,Georgia-Pacific Monticello LLC,10610,Georgia-Pacific Monticello Paper,MS,Lawrence,GEN1,OP,ST,Industrial CHP,7,32.6,26.1,26.5,BLQ,WDS,Y,NG,WDS,TDF,BLQ,,,N,, , , , ,,,,,,
7166,Georgia-Pacific Monticello LLC,10610,Georgia-Pacific Monticello Paper,MS,Lawrence,GEN2,OP,ST,Industrial CHP,7,32.2,31.2,31,BLQ,WDS,Y,NG,WDS,TDF,BLQ,,,N,, , , , ,,,,,,
7167,GP Big Island LLC,50479,Georgia-Pacific Big Island,VA,Bedford,GEN1,OP,ST,Industrial CHP,7,7.5,6.5,7,WDS,BIT,Y,WDS,OBS,BIT,DFO,,,N,, , , , ,,,,,,
7168,CITGO Petroleum Corp,52175,CITGO Refinery Powerhouse,LA,Calcasieu,GEN1,OS,ST,Industrial CHP,7,25.0,7.4,6.1,OG,NG,Y,NG,OG,,,,,,, , , , ,,,,,,
7168,CITGO Petroleum Corp,52175,CITGO Refinery Powerhouse,LA,Calcasieu,GEN2,OP,ST,Industrial CHP,7,25.0,9.4,7.7,OG,NG,Y,NG,OG,,,,,,, , , , ,,,,,,
7168,CITGO Petroleum Corp,52175,CITGO Refinery Powerhouse,LA,Calcasieu,GEN3,OP,ST,Industrial CHP,7,25.0,17.5,18.5,OG,NG,Y,NG,OG,,,,,,, , , , ,,,,,,
7172,Georgia-PacificCedar Springs LLC,54101,Georgia-Pacific Cedar Springs,GA,Early,GEN1,OP,ST,Industrial CHP,7,50.0,45,50,BLQ,BIT,Y,BLQ,RFO,WDS,DFO,BIT,NG,N,, , , , ,,,,,,
7172,Georgia-PacificCedar Springs LLC,54101,Georgia-Pacific Cedar Springs,GA,Early,GEN2,OP,ST,Industrial CHP,7,51.2,45,50,BLQ,BIT,Y,BLQ,RFO,WDS,DFO,BIT,NG,N,, , , , ,,,,,,
7191,Axiall Corp,55051,Axiall Plaquemine,LA,Iberville,X773,OP,GT,Industrial CHP,7,102.0,80,90,NG,OG,Y,NG,OG,,,,,N,, , , , ,,,,,,
7191,Axiall Corp,55051,Axiall Plaquemine,LA,Iberville,X774,OP,GT,Industrial CHP,7,102.0,80,90,NG,OG,Y,NG,OG,,,,,N,, , , , ,,,,,,
7191,Axiall Corp,55051,Axiall Plaquemine,LA,Iberville,X775,OP,GT,Industrial CHP,7,102.0,80,90,NG,OG,Y,NG,OG,,,,,N,, , , , ,,,,,,
7209,The Gillette Company,54225,Gillette SBMC,MA,Suffolk,CTG3,OP,GT,Industrial CHP,7,7.2,7.2,7.2,NG,DFO,N,,,,,,,Y,Y,7.2,7.6,6.2,7.2,1H,1H,Y,,Y,
7209,The Gillette Company,54225,Gillette SBMC,MA,Suffolk,TG2,OP,ST,Industrial CHP,7,5.0,5,5,NG,DFO,N,,,,,,,Y,Y,5, ,5, ,1H,1H,Y,,Y,
7257,City of Girard - (KS),1279,Girard,KS,Crawford,1,OP,IC,Electric Utility,1,1.4,1.1,1.1,NG,DFO,Y,DFO,NG,,,,,N,, , , , ,,,,,,
7257,City of Girard - (KS),1279,Girard,KS,Crawford,4,OP,IC,Electric Utility,1,2.2,1.8,1.8,NG,DFO,Y,DFO,NG,,,,,N,, , , , ,,,,,,
7257,City of Girard - (KS),1279,Girard,KS,Crawford,6,OP,IC,Electric Utility,1,3.5,3.2,3.3,NG,DFO,Y,DFO,NG,,,,,N,, , , , ,,,,,,
7257,City of Girard - (KS),1279,Girard,KS,Crawford,7,OP,IC,Electric Utility,1,3.7,3.4,3.4,NG,DFO,Y,DFO,NG,,,,,N,, , , , ,,,,,,
7292,Glencoe Light & Power Comm,1975,Glencoe,MN,McLeod,5,OP,IC,Electric Utility,1,1.3,1,1,DFO,NG,Y,DFO,NG,,,,,N,, , , , ,,,,,,
7292,Glencoe Light & Power Comm,1975,Glencoe,MN,McLeod,7,OP,IC,Electric Utility,1,4.1,3.2,3.2,DFO,NG,Y,DFO,NG,,,,,N,, , , , ,,,,,,
7292,Glencoe Light & Power Comm,1975,Glencoe,MN,McLeod,8,OP,IC,Electric Utility,1,5.6,4.4,4.4,DFO,NG,Y,DFO,NG,,,,,N,, , , , ,,,,,,
7292,Glencoe Light & Power Comm,1975,Glencoe,MN,McLeod,9,OP,IC,Electric Utility,1,7.1,5.7,5.7,DFO,NG,Y,DFO,NG,,,,,N,, , , , ,,,,,,
7294,City of Glendale - (CA),377,Grayson,CA,Los Angeles,3,OP,ST,Electric Utility,1,23.0,18,18,LFG,NG,Y,NG,LFG,,,,,N,, , , , ,,,,,,
7294,City of Glendale - (CA),377,Grayson,CA,Los Angeles,4,OP,ST,Electric Utility,1,50.0,40,40,LFG,NG,Y,NG,LFG,,,,,N,, , , , ,,,,,,
7294,City of Glendale - (CA),377,Grayson,CA,Los Angeles,5,OP,ST,Electric Utility,1,50.0,40,40,LFG,NG,Y,NG,LFG,,,,,N,, , , , ,,,,,,
7374,City of Goodland - (KS),1280,Goodland,KS,Sherman,10,OP,IC,Electric Utility,1,2.0,1.8,2,NG,DFO,Y,NG,DFO,,,,,N,, , , , ,,,,,,
7374,City of Goodland - (KS),1280,Goodland,KS,Sherman,11,OP,IC,Electric Utility,1,4.3,3.5,3.8,NG,DFO,Y,NG,DFO,,,,,N,, , , , ,,,,,,
7374,City of Goodland - (KS),1280,Goodland,KS,Sherman,12,OP,IC,Electric Utility,1,1.0,0.8,0.9,NG,DFO,Y,NG,DFO,,,,,N,, , , , ,,,,,,
7374,City of Goodland - (KS),1280,Goodland,KS,Sherman,13,OP,IC,Electric Utility,1,1.3,1.1,1.3,NG,DFO,Y,NG,DFO,,,,,N,, , , , ,,,,,,
7374,City of Goodland - (KS),1280,Goodland,KS,Sherman,6,OP,IC,Electric Utility,1,2.2,1.8,2.1,NG,DFO,Y,NG,DFO,,,,,N,, , , , ,,,,,,
7374,City of Goodland - (KS),1280,Goodland,KS,Sherman,7,OP,IC,Electric Utility,1,2.2,1.8,2.1,NG,DFO,Y,NG,DFO,,,,,N,, , , , ,,,,,,
7374,City of Goodland - (KS),1280,Goodland,KS,Sherman,8,OP,IC,Electric Utility,1,5.0,4.6,4.8,NG,DFO,Y,NG,DFO,,,,,N,, , , , ,,,,,,
7375,Goodyear Tire & Rubber Co,54321,Goodyear Beaumont Chemical Plant,TX,Jefferson,3N80,OP,ST,Industrial CHP,7,14.8,13,13.5,NG,WO,Y,NG,WO,,,,,N,, , , , ,,,,,,
7475,Graphic Packaging Corp,10698,Graphic Packaging,MI,Kalamazoo,GEN1,OS,ST,Industrial CHP,7,10.0,5,7,NG,RFO,Y,NG,RFO,,,,,N,Y,5, ,5, ,UNK,,,,,
7570,Great River Energy,2039,Elk River,MN,Sherburne,1,OP,ST,Electric Utility,1,11.5,8.4,8.5,MSW,NG,Y,MSW,NG,,,,,N,N, , , , ,UNK,,,,,
7570,Great River Energy,2039,Elk River,MN,Sherburne,2,OP,ST,Electric Utility,1,11.5,8.1,8.1,MSW,NG,Y,MSW,NG,,,,,N,N, , , , ,UNK,,,,,
7570,Great River Energy,2039,Elk River,MN,Sherburne,3,OP,ST,Electric Utility,1,25.0,15.1,15.1,MSW,NG,Y,MSW,NG,,,,,N,N, , , , ,UNK,,,,,
7570,Great River Energy,2039,Elk River,MN,Sherburne,CT,OP,GT,Electric Utility,1,191.3,195.9,223,NG,DFO,N,,,,,,,Y,Y,195.9,223,175.7,210.3,1H,1H,N,,,
7570,Great River Energy,7843,Pleasant Valley (MN),MN,Mower,11,OP,GT,Electric Utility,1,167.5,154.2,175.7,NG,DFO,N,,,,,,,Y,N,154.2,175.7,143.8,166.7,1H,1H,N,,,
7570,Great River Energy,7843,Pleasant Valley (MN),MN,Mower,12,OP,GT,Electric Utility,1,167.5,151.6,175.7,NG,DFO,N,,,,,,,Y,N,151.6,175.7,146.7,170.2,1H,1H,N,,,
7570,Great River Energy,7843,Pleasant Valley (MN),MN,Mower,13,OP,GT,Electric Utility,1,132.8,118,135.1,NG,DFO,N,,,,,,,Y,Y,118,135.2,108.2,127.4,1H,1H,N,,,
7570,Great River Energy,7925,Lakefield Junction,MN,Martin,1,OP,GT,Electric Utility,1,89.3,86.6,101.5,NG,DFO,N,,,,,,,Y,Y,86.6,101.5,82.2,97.2,1H,1H,N,,,
7570,Great River Energy,7925,Lakefield Junction,MN,Martin,2,OP,GT,Electric Utility,1,89.3,88.5,101.5,NG,DFO,N,,,,,,,Y,Y,88.5,101.5,79.3,93.8,1H,1H,N,,,
7570,Great River Energy,7925,Lakefield Junction,MN,Martin,3,OP,GT,Electric Utility,1,89.3,86.4,101.3,NG,DFO,N,,,,,,,Y,Y,86.4,101.3,78.4,92.8,1H,1H,N,,,
7570,Great River Energy,7925,Lakefield Junction,MN,Martin,4,OP,GT,Electric Utility,1,89.3,87.2,102.3,NG,DFO,N,,,,,,,Y,Y,87.2,102.3,79.7,94.4,1H,1H,N,,,
7570,Great River Energy,7925,Lakefield Junction,MN,Martin,5,OP,GT,Electric Utility,1,89.3,87.5,102.5,NG,DFO,N,,,,,,,Y,Y,87.2,102.3,81.8,94.4,1H,1H,N,,,
7570,Great River Energy,7925,Lakefield Junction,MN,Martin,6,OP,GT,Electric Utility,1,89.3,86.7,101.7,NG,DFO,N,,,,,,,Y,Y,87.5,102.5,81.8,96.8,1H,1H,N,,,
7634,City of Greenville - (TX),4195,Powerlane Plant,TX,HUNT,ST1,OP,ST,Electric Utility,1,16.5,20,20,NG,DFO,N,,,,,,,Y,Y,20, ,14.5, ,1H,,Y,,Y,
7634,City of Greenville - (TX),4195,Powerlane Plant,TX,HUNT,ST2,OP,ST,Electric Utility,1,25.0,26,26,NG,DFO,N,,,,,,,Y,Y,26, ,22, ,1H,,Y,,Y,
7634,City of Greenville - (TX),4195,Powerlane Plant,TX,HUNT,ST3,OP,ST,Electric Utility,1,43.2,41,41,NG,DFO,N,,,,,,,Y,Y,41, ,38, ,1H,,Y,,Y,
7651,Greenwood Utilities Comm,2062,Henderson,MS,Leflore,H2,OS,GT,Electric Utility,1,13.5,13,15,NG,DFO,N,,,,,,,Y,Y,13, ,13, ,1H,,N,,,
7743,Grundy Center Mun Light & Power,1145,Grundy Center City Light Plant,IA,GRUNDY,IC1,OP,IC,Electric Utility,1,2.2,2.2,2.2,DFO,NG,N,,,,,,,Y,Y,2.2,2.2,2.2,2.2,1H,1H,Y,Y,,
7743,Grundy Center Mun Light & Power,1145,Grundy Center City Light Plant,IA,GRUNDY,IC2,OP,IC,Electric Utility,1,3.5,3.5,3.5,DFO,NG,N,,,,,,,Y,Y,3.5,3.5,3.5,3.5,1H,1H,Y,Y,,
7743,Grundy Center Mun Light & Power,1145,Grundy Center City Light Plant,IA,GRUNDY,IC3,OP,IC,Electric Utility,1,3.0,3,3,DFO,NG,N,,,,,,,Y,Y,3,3,3,3,1H,1H,Y,Y,,
7801,Gulf Power Co,641,Crist,FL,Escambia,4,OP,ST,Electric Utility,1,93.7,75,75,BIT,NG,Y,NG,BIT,,,,,N,, , , , ,,,,,,
7801,Gulf Power Co,641,Crist,FL,Escambia,5,OP,ST,Electric Utility,1,93.7,75,75,BIT,NG,Y,NG,BIT,,,,,N,, , , , ,,,,,,
7801,Gulf Power Co,641,Crist,FL,Escambia,6,OP,ST,Electric Utility,1,369.7,299,299,BIT,NG,Y,NG,BIT,,,,,N,, , , , ,,,,,,
7860,NRG Energy Center Dover LLC,10030,NRG Energy Center Dover,DE,Kent,KD-2,OP,GT,IPP CHP,3,50.0,44,50,NG,DFO,N,,,,,,,Y,Y,44, ,44, ,1H,1H,Y,Y,Y,
7977,City of Hamilton - (OH),2917,Hamilton (OH),OH,Butler,9,OP,ST,Electric Utility,1,50.6,51,50,NG,BIT,Y,NG,BIT,,,,,N,N, , , , ,,,,,,
8009,International Paper Co,52140,International Paper Prattville Mill,AL,Autauga,GEN1,OP,ST,Industrial CHP,7,40.5,35.2,33,BLQ,WDS,Y,WDS,NG,WO,OBG,DFO,,Y,N,40.5, ,40.5, ,UNK,UNK,Y,,Y,Y
8009,International Paper Co,52140,International Paper Prattville Mill,AL,Autauga,GEN2,OP,ST,Industrial CHP,7,49.3,44.3,44.1,BLQ,WDS,Y,WDS,BIT,WO,OBG,NG,DFO,N,, , , , ,,,,,,
8153,Hartford Steam Co,52061,Hartford Hospital Cogeneration,CT,HARTFORD,GEN3,OP,CT,Commercial CHP,5,6.2,5.2,6.2,NG,DFO,N,,,,,,,Y,Y,5.3, ,5.2, ,1H,,Y,Y,Y,
8198,City of Harrisonburg - (VA),56006,Harrisonburg Power Plant,VA,HARRISONBURG CITY,ST-1,OP,ST,Electric Utility,1,2.5,2.7,2.7,NG,DFO,N,,,,,,,Y,Y,2.7,2.7,2.7,2.7,1H,1H,Y,Y,Y,Y
8205,City of Hart Hydro - (MI),1827,Hart,MI,OCEANA,4,OP,IC,Electric Utility,1,1.4,1.4,1.4,NG,DFO,N,,,,,,,Y,Y,1.1, ,1.1, ,1H,1H,N,,,
8205,City of Hart Hydro - (MI),1827,Hart,MI,OCEANA,IC1,OP,IC,Electric Utility,1,1.7,1.7,1.7,DFO,NG,N,,,,,,,Y,Y,1.3,1.3,1.3,1.3,1H,1H,N,,,
8205,City of Hart Hydro - (MI),1827,Hart,MI,OCEANA,IC3,OP,IC,Electric Utility,1,2.0,2,2,DFO,NG,N,,,,,,,Y,Y,2, ,2, ,1H,,N,,,
8245,City of Hastings - (NE),2243,Don Henry,NE,Adams,1,SB,GT,Electric Utility,1,22.0,18,18,NG,DFO,N,,,,,,,Y,Y,18,18,18,18,1H,1H,Y,Y,Y,Y
8286,Hawaiian Commercial and Sugar Company,10604,Hawaiian Comm & Sugar Puunene Mill,HI,Maui,PUU3,OP,ST,Industrial CHP,7,10.0,10,10,AB,BIT,Y,WO,OBL,DFO,BIT,AB,,N,, , , , ,,,,,,
8286,Hawaiian Commercial and Sugar Company,10604,Hawaiian Comm & Sugar Puunene Mill,HI,Maui,PUU4,OP,ST,Industrial CHP,7,20.0,20,20,AB,BIT,Y,AB,OBL,DFO,BIT,WO,,N,, , , , ,,,,,,
8286,Hawaiian Commercial and Sugar Company,10604,Hawaiian Comm & Sugar Puunene Mill,HI,Maui,PUU5,OP,ST,Industrial CHP,7,16.1,16.1,16.1,AB,BIT,Y,AB,DFO,BIT,WO,,,N,, , , , ,,,,,,
8486,PInova Inc,10120,PInova Inc,GA,GLYNN,GEN5,OP,ST,Industrial CHP,7,7.1,7.1,7.1,WDS,NG,Y,WDS,OBL,NG,,,,N,, , , , ,,,,,,
8486,PInova Inc,10120,PInova Inc,GA,GLYNN,GEN6,OS,ST,Industrial CHP,7,2.0,2,2,WDS,NG,Y,WDS,OBL,,,,,N,, , , , ,,,,,,
8567,City of Higginsville - (MO),2131,Higginsville,MO,LAFAYETTE,3,OP,IC,Electric Utility,1,2.4,2.4,2.4,DFO,NG,Y,DFO,NG,,,,,Y,N,2.4,2.4,2.4, ,1H,1H,N,,,
8567,City of Higginsville - (MO),2131,Higginsville,MO,LAFAYETTE,4,OP,GT,Electric Utility,1,40.0,37.5,40,NG,DFO,N,DFO,NG,,,,,Y,N,37.5,40,37.5,40,1H,1H,N,,,
8573,City of Highland,946,Highland,IL,Madison,IC5,SB,IC,Electric Utility,1,2.0,2,2,DFO,NG,N,,,,,,,Y,Y,2, ,2, ,1H,1H,Y,Y,Y,
8573,City of Highland,946,Highland,IL,Madison,IC6,SB,IC,Electric Utility,1,2.0,2,2,DFO,NG,N,,,,,,,Y,Y,2, ,2, ,1H,1H,Y,Y,Y,
8573,City of Highland,946,Highland,IL,Madison,IC7,SB,IC,Electric Utility,1,4.4,4,4,DFO,NG,N,,,,,,,Y,Y,4, ,4, ,1H,1H,Y,Y,Y,
8573,City of Highland,946,Highland,IL,Madison,IC8,SB,IC,Electric Utility,1,4.4,4,4,DFO,NG,N,,,,,,,Y,Y,4, ,4, ,1H,1H,Y,Y,Y,
8599,City of Hill City,1285,Hill City,KS,GRAHAM,1,OP,IC,Electric Utility,1,1.3,1.1,1.2,NG,DFO,N,,,,,,,Y,, , , , ,1H,1H,Y,Y,,
8599,City of Hill City,1285,Hill City,KS,GRAHAM,2,OP,IC,Electric Utility,1,1.3,1.1,1.2,NG,DFO,N,,,,,,,Y,, , , , ,1H,1H,Y,Y,,
8599,City of Hill City,1285,Hill City,KS,GRAHAM,3,OP,IC,Electric Utility,1,0.6,0.6,0.6,NG,DFO,N,,,,,,,Y,, , , , ,1H,1H,Y,Y,,
8599,City of Hill City,1285,Hill City,KS,GRAHAM,4,OP,IC,Electric Utility,1,1.1,1,1,NG,DFO,N,,,,,,,Y,, , , , ,1H,1H,Y,Y,,
8599,City of Hill City,1285,Hill City,KS,GRAHAM,5,OP,IC,Electric Utility,1,1.3,1.2,1.2,NG,DFO,N,,,,,,,Y,, , , , ,1H,1H,Y,Y,,
8599,City of Hill City,1285,Hill City,KS,GRAHAM,6,OP,IC,Electric Utility,1,1.3,1.2,1.2,NG,DFO,N,,,,,,,Y,Y, , , , ,1H,1H,Y,Y,,
8631,Hillsdale Board of Public Wks,1829,Hillsdale,MI,Hillsdale,3,OP,IC,Electric Utility,1,3.5,2.4,2.4,NG,DFO,N,,,,,,,Y,Y,2.4,2.4,2.4,2.4,1H,1H,Y,Y,,
8631,Hillsdale Board of Public Wks,1829,Hillsdale,MI,Hillsdale,4,OP,IC,Electric Utility,1,4.1,3.7,3.7,NG,DFO,N,,,,,,,Y,Y,3.7,3.7,3.7,3.7,1H,1H,Y,Y,,
8631,Hillsdale Board of Public Wks,1829,Hillsdale,MI,Hillsdale,5,OP,IC,Electric Utility,1,5.6,5.6,5.6,NG,DFO,N,,,,,,,Y,Y,5.6,5.6,5.6,5.6,1H,1H,Y,Y,,
8631,Hillsdale Board of Public Wks,1829,Hillsdale,MI,Hillsdale,6,OP,IC,Electric Utility,1,6.0,6,6,NG,DFO,N,,,,,,,Y,Y,6,6,6,6,1H,1H,Y,Y,,
8641,Hillman Power Co,10346,Hillman Power LLC,MI,Montmorency,GEN1,OP,ST,IPP Non-CHP,2,20.0,17.7,18.1,WDS,TDF,Y,WDS,TDF,,,,,,, , , , ,,,,,,
8688,Hofstra University,51035,Hofstra University,NY,Nassau,GEN1,OP,IC,Commercial CHP,5,1.1,1.1,1.1,NG,DFO,Y,NG,DFO,,,,,N,N, , , , ,,,,,,
8688,Hofstra University,51035,Hofstra University,NY,Nassau,GEN2,OP,IC,Commercial CHP,5,1.1,1.1,1.1,NG,DFO,Y,NG,DFO,,,,,N,N, , , , ,,,,,,
8701,Hoffman LaRoche Inc,10123,Hoffmann LaRoche,NJ,Essex,TG01,OP,GT,Industrial CHP,7,5.3,4.1,5.3,NG,DFO,N,,,,,,,Y,Y,4.1, ,4, ,1H,1H,N,,,
8701,Hoffman LaRoche Inc,10123,Hoffmann LaRoche,NJ,Essex,TG03,OP,GT,Industrial CHP,7,5.3,4.1,5.3,NG,DFO,N,,,,,,,Y,Y,4.1, ,4, ,1H,1H,N,,,
8703,City of Hoisington - (KS),1286,Hoisington,KS,Barton,6,OP,IC,Electric Utility,1,2.0,2,2,NG,DFO,Y,NG,DFO,,,,,Y,Y,2,2,2,2,1H,1H,N,,,
8703,City of Hoisington - (KS),1286,Hoisington,KS,Barton,7,OP,IC,Electric Utility,1,4.0,4,4,NG,DFO,Y,NG,DFO,,,,,Y,Y,3.65,3.65,3.65,3.65,1H,1H,N,,,
8703,City of Hoisington - (KS),1286,Hoisington,KS,Barton,8,OP,IC,Electric Utility,1,7.0,7,7,NG,DFO,Y,NG,DFO,,,,,Y,Y,6.38,6.38,6.38,6.38,1H,1H,N,,,
8723,City of Holland,7268,491 E 48th Street,MI,Allegan,7,OP,GT,Electric Utility,1,39.1,32,39,NG,DFO,N,,,,,,,Y,,35,39,35,39,1H,1H,N,,,
8723,City of Holland,7268,491 E 48th Street,MI,Allegan,8,OP,GT,Electric Utility,1,39.1,32,39,NG,DFO,N,,,,,,,Y,,35,39,35,39,1H,1H,N,,,
8795,City of Homestead - (FL),665,G W Ivey,FL,Miami Dade,13,OP,IC,Electric Utility,1,2.0,1.8,1.8,NG,DFO,N,,,,,,,Y,Y,1.8,1.8,1.8,1.8,1H,1H,Y,,Y,
8795,City of Homestead - (FL),665,G W Ivey,FL,Miami Dade,14,OP,IC,Electric Utility,1,2.0,1.8,1.8,NG,DFO,N,,,,,,,Y,Y,1.8,1.8,1.8,1.8,1H,1H,Y,,Y,
8795,City of Homestead - (FL),665,G W Ivey,FL,Miami Dade,15,OP,IC,Electric Utility,1,2.0,1.8,1.8,NG,DFO,N,,,,,,,Y,Y,1.8,1.8,1.8,1.8,1H,1H,Y,,Y,
8795,City of Homestead - (FL),665,G W Ivey,FL,Miami Dade,16,OP,IC,Electric Utility,1,2.0,1.8,1.8,NG,DFO,N,,,,,,,Y,Y,1.8,1.8,1.8,1.8,1H,1H,Y,,Y,
8795,City of Homestead - (FL),665,G W Ivey,FL,Miami Dade,17,OP,IC,Electric Utility,1,2.0,1.8,1.8,NG,DFO,N,,,,,,,Y,Y,1.8,1.8,1.8,1.8,1H,1H,Y,,Y,
8795,City of Homestead - (FL),665,G W Ivey,FL,Miami Dade,19,OP,IC,Electric Utility,1,8.8,8,8,NG,DFO,N,,,,,,,Y,Y,8,8,8,8,1H,1H,Y,,Y,
8795,City of Homestead - (FL),665,G W Ivey,FL,Miami Dade,2,OP,IC,Electric Utility,1,2.0,1.8,1.8,NG,DFO,N,,,,,,,Y,Y,1.8,1.8,1.8,1.8,1H,1H,Y,,Y,
8795,City of Homestead - (FL),665,G W Ivey,FL,Miami Dade,20,OP,IC,Electric Utility,1,6.4,6,6,NG,DFO,N,,,,,,,Y,Y,6,6,6,6,1H,1H,Y,,Y,
8795,City of Homestead - (FL),665,G W Ivey,FL,Miami Dade,21,OP,IC,Electric Utility,1,6.4,6,6,NG,DFO,N,,,,,,,Y,Y,6,6,6,6,1H,1H,Y,,Y,
8795,City of Homestead - (FL),665,G W Ivey,FL,Miami Dade,3,OP,IC,Electric Utility,1,2.0,1.8,1.8,NG,DFO,N,,,,,,,Y,Y,1.8,1.8,1.8,1.8,1H,1H,Y,,Y,
8927,Hunterdon Cogeneration LP,54707,Hunterdon Cogen Facility,NJ,Hunterdon,1,OP,GT,Commercial CHP,5,4.1,4.1,4.1,NG,DFO,N,,,,,,,Y,Y,4.1,4.1,4.1,4.1,1H,1H,Y,,Y,
8973,Town of Hudson - (MA),9038,Cherry Street,MA,MIDDLESEX,10,OP,IC,Electric Utility,1,2.2,2.1,2.1,DFO,NG,N,,,,,,,Y,Y,2.1, ,2.1,2.1,1H,1H,N,,,
8973,Town of Hudson - (MA),9038,Cherry Street,MA,MIDDLESEX,11,OP,IC,Electric Utility,1,2.2,2.1,2.1,DFO,NG,N,,,,,,,Y,Y,2.1, ,2.1,2.1,1H,1H,N,,,
8973,Town of Hudson - (MA),9038,Cherry Street,MA,MIDDLESEX,12,OP,IC,Electric Utility,1,5.6,4.9,4.9,DFO,NG,N,,,,,,,Y,Y,4.99, ,4.99,4.99,1H,1H,Y,Y,Y,Y
8973,Town of Hudson - (MA),9038,Cherry Street,MA,MIDDLESEX,8,OP,IC,Electric Utility,1,4.0,3.4,3.4,DFO,NG,N,,,,,,,Y,Y,3.4,3.4,3.4,3.4,1H,1H,Y,Y,Y,Y
9011,City of Hugoton - (KS),7011,Hugoton 2,KS,Stevens,10,OP,IC,Electric Utility,1,4.3,4,4,DFO,NG,Y,DFO,NG,,,,,Y,, , , , ,1H,1H,,Y,Y,
9011,City of Hugoton - (KS),7011,Hugoton 2,KS,Stevens,11,OP,IC,Electric Utility,1,2.5,2.2,2.2,DFO,NG,Y,DFO,NG,,,,,Y,, , , , ,1H,1H,,Y,Y,
9011,City of Hugoton - (KS),7011,Hugoton 2,KS,Stevens,12,OP,IC,Electric Utility,1,3.0,2.8,2.8,DFO,NG,Y,DFO,NG,,,,,Y,, , , , ,1H,1H,,Y,Y,
9011,City of Hugoton - (KS),7011,Hugoton 2,KS,Stevens,7,OP,IC,Electric Utility,1,2.3,2,2,DFO,NG,Y,DFO,NG,,,,,Y,, , , , ,1H,1H,,,,
9011,City of Hugoton - (KS),7011,Hugoton 2,KS,Stevens,8,OP,IC,Electric Utility,1,2.0,1.8,1.8,DFO,NG,Y,DFO,NG,,,,,Y,, , , , ,1H,1H,,,,
9011,City of Hugoton - (KS),7011,Hugoton 2,KS,Stevens,9A,OP,IC,Electric Utility,1,4.3,4,4,DFO,NG,Y,DFO,NG,,,,,Y,, , , , ,1H,1H,,,,
9130,Hutchinson Utilities Comm,1980,Hutchinson Plant #1,MN,McLeod,3,OP,IC,Electric Utility,1,4.5,3.9,3.9,NG,DFO,N,,,,,,,Y,Y,3.9,4.5,3.9,4.5,1H,1H,N,,,
9130,Hutchinson Utilities Comm,1980,Hutchinson Plant #1,MN,McLeod,4,OP,IC,Electric Utility,1,4.0,3.9,3.9,NG,DFO,N,,,,,,,Y,Y,3.9,4.5,3.9,4.5,1H,1H,N,,,
9130,Hutchinson Utilities Comm,1980,Hutchinson Plant #1,MN,McLeod,8,OP,CS,Electric Utility,1,16.0,13,13.3,NG,DFO,N,,,,,,,Y,N,11, ,11, ,UNK,,Y,Y,,
9210,International Paper Co-Riegelwood,54656,International Paper Riegelwood Mill,NC,Columbus,NO 1,OP,ST,Industrial CHP,7,7.5,7.8,8.3,BLQ,WDS,Y,BLQ,WDS,RFO,NG,,,Y,Y,7.5, ,7.5, ,UNK,UNK,N,,,
9210,International Paper Co-Riegelwood,54656,International Paper Riegelwood Mill,NC,Columbus,NO 2,OP,ST,Industrial CHP,7,10.0,8.3,8.7,BLQ,WDS,Y,BLQ,WDS,RFO,NG,,,Y,Y,8, ,8, ,UNK,UNK,N,,,
9210,International Paper Co-Riegelwood,54656,International Paper Riegelwood Mill,NC,Columbus,NO3,OP,ST,Industrial CHP,7,44.0,44.5,40.7,BLQ,WDS,Y,BLQ,WDS,RFO,NG,,,Y,Y,40, ,40, ,UNK,UNK,N,,,
9216,Imperial Irrigation District,389,El Centro,CA,Imperial,2A,OP,CT,Electric Utility,1,89.9,76,83,NG,DFO,Y,NG,DFO,,,,,Y,Y,71,74,71,74,1H,1H,Y,,Y,
9216,Imperial Irrigation District,389,El Centro,CA,Imperial,4,OP,ST,Electric Utility,1,81.6,70,72,NG,RFO,Y,NG,RFO,,,,,Y,Y,64,70,64,70,6H,6H,Y,,Y,
9216,Imperial Irrigation District,6060,Coachella,CA,Riverside,1,OP,GT,Electric Utility,1,23.1,20.1,20.1,NG,DFO,Y,NG,DFO,,,,,Y,Y,20, ,19, ,1H,1H,Y,,Y,
9216,Imperial Irrigation District,6060,Coachella,CA,Riverside,2,OP,GT,Electric Utility,1,23.1,20,20,NG,DFO,Y,NG,DFO,,,,,Y,Y,20,24,19,24,1H,1H,Y,,Y,
9216,Imperial Irrigation District,6060,Coachella,CA,Riverside,3,OP,GT,Electric Utility,1,23.1,20.7,20.7,NG,DFO,Y,NG,DFO,,,,,Y,Y,20,24,19,24,1H,1H,Y,,Y,
9216,Imperial Irrigation District,6060,Coachella,CA,Riverside,4,OP,GT,Electric Utility,1,23.1,20.8,20.8,NG,DFO,Y,NG,DFO,,,,,Y,Y,20,24,19,24,1H,1H,Y,,Y,
9216,Imperial Irrigation District,7824,Rockwood,CA,Imperial,1,OP,GT,Electric Utility,1,24.9,24.1,24.1,NG,DFO,N,,,,,,,Y,Y,19,25,19,25,1H,1H,N,,,
9231,City of Independence - (MO),2132,Blue Valley,MO,Jackson,2,OP,ST,Electric Utility,1,25.0,21,21,BIT,NG,Y,BIT,DFO,NG,,,,N,Y, , , , ,UNK,,,,,
9231,City of Independence - (MO),2132,Blue Valley,MO,Jackson,3,OP,ST,Electric Utility,1,65.0,51,51,BIT,NG,Y,BIT,DFO,NG,,,,Y,Y,51,51,51,51,UNK,UNK,Y,Y,,
9231,City of Independence - (MO),2132,Blue Valley,MO,Jackson,GT1,OS,GT,Electric Utility,1,61.0,50,50,NG,DFO,Y,DFO,NG,,,,,Y,Y,41, ,41, ,UNK,UNK,Y,Y,,
9231,City of Independence - (MO),2132,Blue Valley,MO,Jackson,ST1,OP,ST,Electric Utility,1,25.0,21,21,BIT,NG,Y,BIT,DFO,NG,,,,Y,Y,21,21,21,21,UNK,UNK,Y,Y,,
9231,City of Independence - (MO),2135,Station H,MO,Jackson,1,OP,GT,Electric Utility,1,19.0,19,19,NG,DFO,Y,DFO,NG,,,,,Y,Y,19, ,19, ,1H,1H,Y,Y,,
9231,City of Independence - (MO),2135,Station H,MO,Jackson,2,OP,GT,Electric Utility,1,24.0,20,20,NG,DFO,Y,DFO,NG,,,,,Y,Y,20, ,20, ,1H,1H,Y,Y,,
9234,Indiana Municipal Power Agency,7335,Richmond,IN,Wayne,RCT1,OP,GT,Electric Utility,1,41.4,34,42,NG,DFO,Y,NG,DFO,,,,,Y,Y,34,45,34,45,1H,1H,Y,Y,Y,
9234,Indiana Municipal Power Agency,7335,Richmond,IN,Wayne,RCT2,OP,GT,Electric Utility,1,41.4,34,42,NG,DFO,Y,NG,DFO,,,,,Y,Y,34,45,34,45,1H,1H,Y,Y,Y,
9234,Indiana Municipal Power Agency,7336,Anderson,IN,Madison,ACT1,OP,GT,Electric Utility,1,41.4,34,42,NG,DFO,Y,NG,DFO,,,,,Y,Y,34,45,34,45,1H,1H,Y,Y,Y,
9234,Indiana Municipal Power Agency,7336,Anderson,IN,Madison,ACT2,OP,GT,Electric Utility,1,41.4,34,42,NG,DFO,Y,NG,DFO,,,,,Y,Y,34,45,34,45,1H,1H,Y,Y,Y,
9234,Indiana Municipal Power Agency,7336,Anderson,IN,Madison,ACT3,OP,GT,Electric Utility,1,85.9,72,90,NG,DFO,Y,NG,DFO,,,,,Y,Y,72,92,72,92,1H,1H,Y,Y,Y,
9243,Indeck-Yerkes Ltd Partnership,50451,Indeck Yerkes Energy Center,NY,Erie,GEN1,OP,CT,IPP CHP,3,40.6,45.9,56.2,NG,DFO,Y,NG,DFO,,,,,Y,Y,26.6, ,26.6, ,1H,1H,Y,Y,Y,
9243,Indeck-Yerkes Ltd Partnership,50451,Indeck Yerkes Energy Center,NY,Erie,GEN2,OP,CA,IPP CHP,3,19.3, , ,NG,,,,,,,,,Y,,19.3, ,19.3, ,1H,1H,Y,Y,Y,
9244,Indeck-Oswego Ltd Partnership,50450,Indeck Oswego Energy Center,NY,Oswego,GEN1,OP,CT,IPP CHP,3,41.2,49.3,61.5,NG,DFO,Y,NG,DFO,,,,,Y,Y,49.3,61.5,49.3,61.5,1H,1H,Y,Y,Y,
9245,Indeck-Energy Serv Silver Spg,50449,Indeck Silver Springs Energy Center,NY,Wyoming,GEN1,OP,CT,IPP CHP,3,39.4,50.7,61.3,NG,DFO,Y,NG,DFO,,,,,Y,Y,33.5,44.1,33.5,44.1,1H,1H,Y,Y,Y,
9245,Indeck-Energy Serv Silver Spg,50449,Indeck Silver Springs Energy Center,NY,Wyoming,GEN2,OP,CA,IPP CHP,3,17.2, , ,NG,DFO,N,,,,,,,Y,,17.2,17.2,17.2,17.2,1H,1H,Y,Y,Y,
9261,Indeck-Olean Ltd Partnership,54076,Indeck Olean Energy Center,NY,Cattaraugus,GEN1,OP,CT,IPP CHP,3,46.0,31.1,39.8,NG,DFO,Y,NG,DFO,,,,,Y,Y,31.1,39.8,31.1,39.8,1H,1H,Y,Y,Y,
9261,Indeck-Olean Ltd Partnership,54076,Indeck Olean Energy Center,NY,Cattaraugus,GEN2,OP,CA,IPP CHP,3,44.6,44.6,44.6,NG,,N,,,,,,,Y,Y,46.6,46.6,46.6,46.6,24H,24H,Y,Y,Y,
9263,Indeck-Corinth Ltd Partnership,50458,Indeck Corinth Energy Center,NY,Saratoga,GEN1,OP,CT,IPP CHP,3,92.0,78,84.4,NG,KER,N,,,,,,,Y,Y,78,84.4,78,84.4,1H,1H,Y,Y,Y,
9269,Indiana-Kentucky Electric Corp,983,Clifty Creek,IN,Jefferson,1,OP,ST,Electric Utility,1,217.3,195.5,199.7,BIT,SUB,Y,SUB,BIT,,,,,,, , , , ,,,,,,
9269,Indiana-Kentucky Electric Corp,983,Clifty Creek,IN,Jefferson,2,OP,ST,Electric Utility,1,217.3,195.5,199.7,BIT,SUB,Y,SUB,BIT,,,,,,, , , , ,,,,,,
9269,Indiana-Kentucky Electric Corp,983,Clifty Creek,IN,Jefferson,3,OP,ST,Electric Utility,1,217.3,195.5,199.7,BIT,SUB,Y,SUB,BIT,,,,,,, , , , ,,,,,,
9269,Indiana-Kentucky Electric Corp,983,Clifty Creek,IN,Jefferson,4,OP,ST,Electric Utility,1,217.3,195.5,199.7,BIT,SUB,Y,SUB,BIT,,,,,,, , , , ,,,,,,
9269,Indiana-Kentucky Electric Corp,983,Clifty Creek,IN,Jefferson,5,OP,ST,Electric Utility,1,217.3,195.5,199.7,BIT,SUB,Y,SUB,BIT,,,,,,, , , , ,,,,,,
9269,Indiana-Kentucky Electric Corp,983,Clifty Creek,IN,Jefferson,6,OP,ST,Electric Utility,1,217.3,195.5,199.7,BIT,SUB,Y,SUB,BIT,,,,,,, , , , ,,,,,,
9273,Indianapolis Power & Light Co,990,Harding Street,IN,Marion,GT4,OP,GT,Electric Utility,1,83.0,67,67,NG,DFO,N,,,,,,,Y,Y,67,67,67,67,1H,1H,Y,Y,Y,
9273,Indianapolis Power & Light Co,990,Harding Street,IN,Marion,GT5,OP,GT,Electric Utility,1,83.0,67,67,NG,DFO,N,,,,,,,Y,Y,67,67,67,67,1H,1H,Y,Y,Y,
9275,Indianola Municipal Utilities,1150,Indianola,IA,Warren,5,OP,IC,Electric Utility,1,4.0,4,4,DFO,NG,Y,DFO,NG,,,,,Y,Y,0, ,3.7,3.7,6H,1H,N,,,
9275,Indianola Municipal Utilities,1150,Indianola,IA,Warren,6,OP,IC,Electric Utility,1,5.1,5,5,DFO,NG,Y,DFO,NG,,,,,Y,Y,0, ,4.7,4.7,6H,1H,N,,,
9303,Verso Bucksport LLC,50243,Verso Paper,ME,Hancock,GEN2,OP,ST,Industrial CHP,7,15.6,21,21,NG,WDS,Y,WDS,RFO,SLW,TDF,BIT,NG,Y,Y,10, ,10, ,24H,24H,Y,Y,Y,
9303,Verso Bucksport LLC,50243,Verso Paper,ME,Hancock,GEN3,OP,ST,Industrial CHP,7,72.0,72,72,NG,WDS,Y,WDS,RFO,SLW,TDF,BIT,NG,Y,Y,30, ,30, ,24H,24H,Y,Y,Y,
9303,Verso Bucksport LLC,50243,Verso Paper,ME,Hancock,GEN4,OP,GT,Industrial CHP,7,186.8,156.8,183.1,NG,DFO,N,,,,,,,Y,Y,169, ,178, ,6H,24H,N,,,
9303,Verso Bucksport LLC,50243,Verso Paper,ME,Hancock,GEN5,OP,ST,Industrial CHP,7,24.0,24,24,NG,WDS,Y,NG,WDS,RFO,,,,Y,Y,24, ,24, ,24H,,Y,Y,Y,
9312,IPC-Mansfield Mill,54091,Mansfield Mill,LA,DeSoto,GEN1,OP,ST,Industrial CHP,7,40.0,24.6,23,BLQ,WDS,Y,NG,WO,,,,,N,N,9, ,26, ,,,,,,
9312,IPC-Mansfield Mill,54091,Mansfield Mill,LA,DeSoto,GEN2,OP,ST,Industrial CHP,7,40.0,25.6,27.1,BLQ,WDS,Y,NG,WO,,,,,N,N,9, ,26, ,,,,,,
9312,IPC-Mansfield Mill,54091,Mansfield Mill,LA,DeSoto,GEN3,OP,ST,Industrial CHP,7,30.0,22.1,22.2,BLQ,WDS,Y,NG,WO,,,,,N,N,9, ,26, ,,,,,,
9335,Indiana University of Penn,10129,Indiana University of Pennsylvania,PA,INDIANA,GEN1,OP,IC,Commercial CHP,5,6.1,6,6,NG,DFO,Y,NG,DFO,,,,,Y,Y,6,6,6,6,1H,,Y,,Y,
9335,Indiana University of Penn,10129,Indiana University of Pennsylvania,PA,INDIANA,GEN2,OP,IC,Commercial CHP,5,6.1,6,6,NG,DFO,Y,NG,DFO,,,,,Y,Y,6,6,6,6,1H,,Y,,Y,
9335,Indiana University of Penn,10129,Indiana University of Pennsylvania,PA,INDIANA,GEN3,OP,IC,Commercial CHP,5,6.1,6,6,NG,DFO,Y,NG,DFO,,,,,Y,Y,6,6,6,6,1H,,Y,,Y,
9335,Indiana University of Penn,10129,Indiana University of Pennsylvania,PA,INDIANA,GEN4,OP,IC,Commercial CHP,5,6.1,6,6,NG,DFO,Y,NG,DFO,,,,,Y,Y,6,6,6,6,1H,,Y,,Y,
9348,International Paper,52152,International Paper Franklin Mill,VA,Isle of Wight,GEN9,OP,ST,Industrial CHP,7,36.1,36.1,36.1,BLQ,NG,Y,NG,,,,,,,, , , , ,,,,,,
9350,IPC-Ticonderoga,54099,Ticonderoga Mill,NY,Essex,GEN1,OP,ST,Industrial CHP,7,42.1,41,39,RFO,BLQ,Y,RFO,BLQ,WDS,OG,,,N,, , , , ,,,,,,
9353,International Paper Co-Augusta,54358,International Paper Augusta Mill,GA,Richmond,1,OP,ST,Industrial CHP,7,27.0,25.3,25.4,BLQ,BIT,Y,BIT,NG,BLQ,WDS,,,N,, , , , ,,,,,,
9353,International Paper Co-Augusta,54358,International Paper Augusta Mill,GA,Richmond,2,OP,ST,Industrial CHP,7,39.0,36.5,36.7,BLQ,BIT,Y,BIT,NG,BLQ,WDS,,,N,, , , , ,,,,,,
9353,International Paper Co-Augusta,54358,International Paper Augusta Mill,GA,Richmond,3,OP,ST,Industrial CHP,7,18.7,17.5,17.6,BLQ,BIT,Y,BIT,NG,BLQ,WDS,,,N,, , , , ,,,,,,
9384,International Paper Co-Courtld,50245,International Paper Courtland Mill,AL,Lawrence,ABB,OP,ST,Industrial CHP,7,61.2,62,62,BLQ,WDS,Y,BLQ,TDF,NG,SLW,WDS,,N,, , , , ,,,,,,
9384,International Paper Co-Courtld,50245,International Paper Courtland Mill,AL,Lawrence,GE,OP,ST,Industrial CHP,7,27.5,27,27,BLQ,WDS,Y,BLQ,TDF,NG,SLW,WDS,,N,, , , , ,,,,,,
9385,International Paper Co,54097,International Paper Texarkana Mill,TX,Cass,GEN1,OP,ST,Industrial CHP,7,25.0,25,25,BLQ,NG,Y,BLQ,NG,RFO,,,,,, , , , ,UNK,,,,,
9385,International Paper Co,54097,International Paper Texarkana Mill,TX,Cass,GEN2,OP,ST,Industrial CHP,7,40.0,40,40,BLQ,WDS,Y,BLQ,WDS,NG,RFO,,,Y,Y,20, ,15, ,UNK,UNK,Y,,,Y
9393,International Paper Co-Riverdl,54096,International Paper Riverdale Mill,AL,Dallas,GEN1,OP,ST,Industrial CHP,7,11.6,7,8,NG,BLQ,Y,DFO,NG,BLQ,,,,N,N, , , , ,UNK,,,,,
9393,International Paper Co-Riverdl,54096,International Paper Riverdale Mill,AL,Dallas,GEN2,OP,ST,Industrial CHP,7,37.4,31,31,NG,BLQ,Y,DFO,NG,BLQ,,,,N,N, , , , ,UNK,,,,,
9393,International Paper Co-Riverdl,54096,International Paper Riverdale Mill,AL,Dallas,GEN3,OP,CA,Industrial CHP,7,17.0,5,9,NG,,Y,DFO,NG,BLQ,,,,N,N, , , , ,UNK,,,,,
9393,International Paper Co-Riverdl,54096,International Paper Riverdale Mill,AL,Dallas,GEN4,SB,CT,Industrial CHP,7,38.2,32,31,NG,DFO,Y,NG,DFO,,,,,Y,Y,32, ,32, ,,,Y,,Y,
9394,Interstate Paper LLC,54281,Interstate Paper LLC Riceboro,GA,Liberty,577A,OP,ST,Industrial CHP,7,14.5,14.5,14.5,BLQ,RFO,Y,NG,BLQ,TDF,WDS,,,,, , , , ,,,,,,
9401,International Paper Co-Pensacola,50250,International Paper Pensacola,FL,Escambia,GEN1,OP,ST,Industrial CHP,7,39.6,36,36,BLQ,WDS,Y,BLQ,NG,WDS,BIT,,,N,, , , , ,,,,,,
9401,International Paper Co-Pensacola,50250,International Paper Pensacola,FL,Escambia,GEN2,OP,ST,Industrial CHP,7,43.2,40,40,BLQ,WDS,Y,BLQ,NG,WDS,BIT,,,N,, , , , ,,,,,,
9417,Interstate Power and Light Co,1048,Milton L Kapp,IA,Clinton,2,OP,ST,Electric Utility,1,218.5,204.1,205.5,SUB,NG,Y,SUB,NG,,,,,N,, , , , ,,,,,,
9417,Interstate Power and Light Co,1073,Prairie Creek,IA,Linn,3,OP,ST,Electric Utility,1,50.0,34.2,38.5,SUB,NG,Y,SUB,NG,,,,,N,, , , , ,,,,,,
9417,Interstate Power and Light Co,1073,Prairie Creek,IA,Linn,4,OP,ST,Electric Utility,1,148.8,119.6,123.7,SUB,NG,Y,SUB,NG,,,,,N,, , , , ,,,,,,
9424,International Paper Co-Eastovr,52151,International Paper Eastover Facility,SC,Richland,GEN1,OP,ST,Industrial CHP,7,48.4,46,46,BLQ,BIT,Y,BLQ,RFO,BIT,,,,N,, , , , ,,,,,,
9424,International Paper Co-Eastovr,52151,International Paper Eastover Facility,SC,Richland,GEN2,OP,ST,Industrial CHP,7,61.2,57,57,BLQ,BIT,Y,BLQ,WDS,WO,TDF,RFO,,N,, , , , ,,,,,,
9436,Mosaic Phosphates Co.,10198,Mosaic Phosphates Uncle Sam,LA,St James,GEN2,OP,ST,Industrial CHP,7,11.0,11,11,OTH,NG,Y,OTH,NG,,,,,N,, , , , ,,,,,,
9442,Town of Ipswich - (MA),1670,High Street Station,MA,ESSEX,1,SB,IC,Electric Utility,1,1.2,1.2,1.3,NG,DFO,N,,,,,,,Y,Y,1.2, ,1.2, ,1H,1H,N,,,
9442,Town of Ipswich - (MA),1670,High Street Station,MA,ESSEX,10,SB,IC,Electric Utility,1,1.2,1.2,1.3,NG,DFO,N,,,,,,,Y,Y,1.2, ,1.2, ,1H,1H,N,,,
9442,Town of Ipswich - (MA),1670,High Street Station,MA,ESSEX,11,SB,IC,Electric Utility,1,1.2,1.2,1.1,NG,DFO,N,,,,,,,Y,Y,1.2, ,1.2, ,1H,1H,N,,,
9442,Town of Ipswich - (MA),1670,High Street Station,MA,ESSEX,12,SB,IC,Electric Utility,1,1.2,1.2,1.3,NG,DFO,N,,,,,,,Y,Y,1.2, ,1.2, ,1H,,N,,,
9442,Town of Ipswich - (MA),1670,High Street Station,MA,ESSEX,2,SB,IC,Electric Utility,1,1.3,1.3,1.3,NG,DFO,N,,,,,,,Y,Y,1.3, ,1.3, ,1H,,Y,,Y,
9442,Town of Ipswich - (MA),1670,High Street Station,MA,ESSEX,6,SB,IC,Electric Utility,1,1.1,1.2,1.2,NG,DFO,N,,,,,,,Y,Y,1.2, ,1.2, ,1H,,Y,,Y,
9442,Town of Ipswich - (MA),1670,High Street Station,MA,ESSEX,9,SB,IC,Electric Utility,1,1.3,1.3,1.3,NG,DFO,N,,,,,,,Y,Y,1.3, ,1.3, ,1H,,Y,,Y,
9454,ArcelorMittal Cleveland Inc,10398,Arcelormittal Cleveland Inc,OH,Cuyahoga,GEN3,OP,ST,Industrial CHP,7,10.0,10,10,BFG,NG,Y,BFG,NG,,,,,N,Y,10, ,10, ,,,,,,
9454,ArcelorMittal Cleveland Inc,10398,Arcelormittal Cleveland Inc,OH,Cuyahoga,GEN5,OP,ST,Industrial CHP,7,10.0,10,10,BFG,NG,Y,BFG,NG,,,,,N,Y,10, ,10, ,,,,,,
9454,ArcelorMittal Cleveland Inc,10398,Arcelormittal Cleveland Inc,OH,Cuyahoga,GENA,OS,ST,Industrial CHP,7,15.0,15,15,BFG,NG,Y,BFG,NG,,,,,N,Y,10, ,10, ,,,,,,
9454,ArcelorMittal Cleveland Inc,10398,Arcelormittal Cleveland Inc,OH,Cuyahoga,GENB,OP,ST,Industrial CHP,7,10.0,10,10,BFG,NG,Y,BFG,NG,RFO,,,,Y,Y,10, ,10, ,UNK,UNK,Y,Y,Y,Y
9454,ArcelorMittal Cleveland Inc,10398,Arcelormittal Cleveland Inc,OH,Cuyahoga,GENC,OP,ST,Industrial CHP,7,23.0,23,23,BFG,NG,Y,BFG,NG,RFO,,,,Y,Y,22, ,22, ,UNK,UNK,Y,Y,Y,Y
9603,City of Jackson - (MO),2137,Jackson (MO),MO,Cape Girardeau,3,OP,IC,Electric Utility,1,1.0,1,1,DFO,NG,Y,DFO,NG,,,,,Y,N,0.9,0.9,0.9,0.9,1H,1H,N,,,
9603,City of Jackson - (MO),2137,Jackson (MO),MO,Cape Girardeau,4,OP,IC,Electric Utility,1,1.0,1,1,DFO,NG,Y,DFO,NG,,,,,Y,N,1,1,1,1,1H,1H,N,,,
9603,City of Jackson - (MO),2137,Jackson (MO),MO,Cape Girardeau,5,OP,IC,Electric Utility,1,0.7,0.6,0.6,DFO,,N,,,,,,,Y,,0.6,0.6,0.6,0.6,1H,1H,N,,,
9603,City of Jackson - (MO),2137,Jackson (MO),MO,Cape Girardeau,6,OP,IC,Electric Utility,1,1.0,1,1,DFO,,N,,,,,,,Y,N,1,1,1,1,1H,1H,N,,,
9603,City of Jackson - (MO),2137,Jackson (MO),MO,Cape Girardeau,7,OP,IC,Electric Utility,1,6.8,6.5,6.8,DFO,NG,Y,DFO,NG,,,,,Y,N,6.5,6.5,6.5,6.5,UNK,UNK,N,,,
9603,City of Jackson - (MO),2137,Jackson (MO),MO,Cape Girardeau,8,OP,IC,Electric Utility,1,6.8,6.5,6.8,DFO,NG,Y,DFO,NG,,,,,Y,N,6.5,6.5,6.5,6.5,UNK,UNK,N,,,
9603,City of Jackson - (MO),2137,Jackson (MO),MO,Cape Girardeau,9,OP,IC,Electric Utility,1,3.0,2.7,3,DFO,NG,Y,DFO,NG,,,,,Y,N,2.7,2.7,2.7,2.7,UNK,UNK,N,,,
9617,JEA,207,St Johns River Power Park,FL,Duval,1,OP,ST,Electric Utility,1,679.0,626,638,BIT,PC,Y,BIT,PC,,,,,N,, , , , ,,,,,,
9617,JEA,207,St Johns River Power Park,FL,Duval,2,OP,ST,Electric Utility,1,679.0,626,638,BIT,PC,Y,BIT,PC,,,,,N,, , , , ,,,,,,
9617,JEA,666,J D Kennedy,FL,Duval,GT37,OP,GT,Electric Utility,1,185.0,158.6,191.2,NG,DFO,N,,,,,,,Y,N,150,185.9,178.6,191.2,72H,1H,Y,,Y,
9617,JEA,666,J D Kennedy,FL,Duval,GT38,OP,GT,Electric Utility,1,185.0,158.6,191.2,NG,DFO,N,,,,,,,Y,N,150,185.9,178.6,191.2,72H,1H,Y,,Y,
9617,JEA,667,Northside Generating Station,FL,Duval,1,OP,ST,Electric Utility,1,297.5,293,293,PC,BIT,Y,BIT,PC,NG,,,,N,, , , , ,,,,,,
9617,JEA,667,Northside Generating Station,FL,Duval,2,OP,ST,Electric Utility,1,297.5,293,293,PC,BIT,Y,BIT,PC,NG,,,,N,, , , , ,,,,,,
9617,JEA,667,Northside Generating Station,FL,Duval,ST3,OP,ST,Electric Utility,1,563.7,524,524,NG,RFO,Y,NG,RFO,,,,,Y,Y,524,524,524,524,1H,1H,N,,,
9617,JEA,7846,Brandy Branch,FL,Duval,001,OP,GT,Electric Utility,1,185.0,158.6,191.2,NG,DFO,N,,,,,,,Y,N,150,185.9,150,191.2,1H,1H,Y,,Y,
9617,JEA,7846,Brandy Branch,FL,Duval,002,OP,CT,Electric Utility,1,185.0,158.6,191.2,NG,DFO,N,,,,,,,Y,N,150,185.9,150,191.2,1H,1H,Y,,Y,
9617,JEA,7846,Brandy Branch,FL,Duval,003,OP,CT,Electric Utility,1,185.0,158.6,191.2,NG,DFO,N,,,,,,,Y,N,150,185.9,150,191.2,1H,1H,Y,,Y,
9617,JEA,7846,Brandy Branch,FL,Duval,004,OP,CA,Electric Utility,1,228.1,185,190,NG,,N,,,,,,,Y,N,195.5,215.5,201,222.7,1H,1H,Y,,Y,
9617,JEA,56799,Greenland Energy Center,FL,Duval,1,OP,GT,Electric Utility,1,190.4,148,184.1,NG,DFO,N,,,,,,,Y,N,150,185.9,178.6,191.2,OVER,1H,Y,Y,Y,
9617,JEA,56799,Greenland Energy Center,FL,Duval,2,OP,GT,Electric Utility,1,190.4,148,184.1,NG,DFO,N,,,,,,,Y,N,150,185.9,178.6,191.2,OVER,1H,Y,Y,Y,
9650,City of Janesville - (MN),1982,Janesville,MN,Waseca,1,OP,IC,Electric Utility,1,1.1,0.9,1,DFO,NG,Y,DFO,NG,,,,,Y,Y,0.9, ,0.9, ,1H,1H,N,,,
9650,City of Janesville - (MN),1982,Janesville,MN,Waseca,2,OP,IC,Electric Utility,1,1.3,1.1,1.2,DFO,NG,Y,DFO,NG,,,,,Y,Y,1.1, ,1.1, ,1H,1H,N,,,
9650,City of Janesville - (MN),1982,Janesville,MN,Waseca,3,OP,IC,Electric Utility,1,0.7,0.5,0.6,DFO,NG,Y,DFO,NG,,,,,Y,Y,0.5, ,0.5, ,1H,1H,N,,,
9686,RockTenn-Jackson Fenandina,10202,Fernandina Beach Mill,FL,Nassau,GEN5,OP,ST,Industrial CHP,7,44.0,30,30,BIT,BLQ,Y,RFO,WDS,,BLQ,BLQ,,N,, , , , ,,,,,,
9686,RockTenn-Jackson Fenandina,10202,Fernandina Beach Mill,FL,Nassau,GEN6,OP,ST,Industrial CHP,7,74.4,50,50,BIT,BLQ,Y,RFO,BLQ,,BIT,WDS,,N,, , , , ,,,,,,
9732,City of Jetmore,1292,Jetmore,KS,HODGEMAN,1,OP,IC,Electric Utility,1,1.0,1,1,DFO,NG,Y,DFO,NG,,,,,Y,Y,1, ,1, ,1H,1H,Y,,,Y
9732,City of Jetmore,1292,Jetmore,KS,HODGEMAN,2,SB,IC,Electric Utility,1,0.4,0.4,0.4,DFO,NG,Y,DFO,NG,,,,,Y,Y,0.4, ,0.4, ,1H,1H,Y,,,Y
9732,City of Jetmore,1292,Jetmore,KS,HODGEMAN,5,OP,IC,Electric Utility,1,1.5,1.5,1.5,DFO,NG,Y,DFO,NG,,,,,Y,Y,1.5, ,1.5, ,1H,1H,Y,,,Y
9776,City of Johnson - (KS),6579,Johnson,KS,Stanton,1,OP,IC,Electric Utility,1,0.6,0.6,0.6,DFO,NG,,,,,,,,Y,Y,0.5,0.5,0.5,0.5,UNK,UNK,Y,,,Y
9776,City of Johnson - (KS),6579,Johnson,KS,Stanton,2,OP,IC,Electric Utility,1,0.9,0.7,0.7,DFO,NG,,,,,,,,Y,Y,0.8,0.8,0.8,0.8,UNK,UNK,Y,,,Y
9776,City of Johnson - (KS),6579,Johnson,KS,Stanton,4,OP,IC,Electric Utility,1,0.5,0.5,0.5,DFO,NG,,,,,,,,Y,Y,0.25,0.25,0.25,0.25,UNK,UNK,Y,,,Y
9776,City of Johnson - (KS),6579,Johnson,KS,Stanton,5,OP,IC,Electric Utility,1,0.3,0.3,0.3,DFO,NG,,,,,,,,Y,Y,0.2,0.2,0.2,0.2,UNK,UNK,Y,,,Y
9776,City of Johnson - (KS),6579,Johnson,KS,Stanton,7,OP,IC,Electric Utility,1,1.5,1.2,1.2,DFO,NG,,,,,,,,Y,Y,1.1,1.1,1.1,1.1,UNK,UNK,Y,,,Y
9776,City of Johnson - (KS),6579,Johnson,KS,Stanton,8,OP,IC,Electric Utility,1,1.2,1.1,1.1,NG,DFO,,,,,,,,Y,Y,1.1,1.1,1.1,1.1,UNK,UNK,Y,,,Y
9776,City of Johnson - (KS),6579,Johnson,KS,Stanton,IC6,OP,IC,Electric Utility,1,1.5,1.2,1.2,DFO,NG,,,,,,,,Y,Y,1.1,1.1,1.1,1.1,UNK,UNK,Y,,,Y
9879,City Water and Light Plant,56505,Jonesboro City Water & Light Plant,AR,Craighead,SN01,OP,GT,Electric Utility,1,24.5,20,23,NG,DFO,N,,,,,,,Y,Y,20, ,20, ,1H,1H,Y,Y,Y,
9879,City Water and Light Plant,56505,Jonesboro City Water & Light Plant,AR,Craighead,SN02,OP,GT,Electric Utility,1,21.4,19,22,NG,DFO,N,,,,,,,Y,Y,19, ,19, ,1H,1H,Y,Y,Y,
9879,City Water and Light Plant,56505,Jonesboro City Water & Light Plant,AR,Craighead,SN04,OP,GT,Electric Utility,1,60.5,46,49,NG,DFO,N,,,,,,,Y,Y,46, ,46, ,1H,1H,Y,Y,Y,
9879,City Water and Light Plant,56505,Jonesboro City Water & Light Plant,AR,Craighead,SN06,OP,GT,Electric Utility,1,57.4,46,49,NG,DFO,N,,,,,,,Y,Y,46, ,46, ,1H,,Y,Y,Y,
9973,City of Kahoka,2138,Kahoka,MO,Clark,7,SB,IC,Electric Utility,1,0.8,0.7,0.8,NG,DFO,Y,DFO,NG,,,,,Y,Y,0.7, ,0.7, ,UNK,,N,,,
9973,City of Kahoka,2138,Kahoka,MO,Clark,8,SB,IC,Electric Utility,1,1.5,1.4,1.5,NG,DFO,Y,DFO,NG,,,,,Y,Y,1.4, ,1.4, ,UNK,,N,,,
9973,City of Kahoka,2138,Kahoka,MO,Clark,9,SB,IC,Electric Utility,1,0.9,0.8,0.9,NG,DFO,Y,DFO,NG,,,,,Y,Y,0.8, ,0.8, ,UNK,,N,,,
9996,City of Kansas City - (KS),1295,Quindaro,KS,Wyandotte,GT1,OP,GT,Electric Utility,1,17.9,13,13,NG,DFO,N,,,,,,,Y,N,13, ,13, ,1H,1H,N,,,
9996,City of Kansas City - (KS),1295,Quindaro,KS,Wyandotte,ST1,OP,ST,Electric Utility,1,81.6,72,72,SUB,NG,Y,SUB,NG,,,,,N,N, , , , ,,,,,,
9996,City of Kansas City - (KS),1295,Quindaro,KS,Wyandotte,ST2,OP,ST,Electric Utility,1,157.5,135,135,SUB,NG,Y,SUB,NG,,,,,N,N, , , , ,,,,,,
9996,City of Kansas City - (KS),6064,Nearman Creek,KS,Wyandotte,CT4,OP,GT,Electric Utility,1,94.0,76,76,NG,DFO,N,,,,,,,Y,Y,85, ,88,88,1H,1H,N,,,
10005,Kansas Gas & Electric Co,1240,Gordon Evans Energy Center,KS,Sedgwick,GT1,OP,GT,Electric Utility,1,98.3,68,68,NG,DFO,Y,NG,DFO,,,,,Y,Y,74, ,74, ,1H,1H,N,,,
10005,Kansas Gas & Electric Co,1240,Gordon Evans Energy Center,KS,Sedgwick,GT2,OP,GT,Electric Utility,1,98.3,66,66,NG,DFO,Y,NG,DFO,,,,,Y,Y,71, ,71, ,1H,1H,N,,,
10005,Kansas Gas & Electric Co,1240,Gordon Evans Energy Center,KS,Sedgwick,GT3,OP,GT,Electric Utility,1,178.5,150,150,NG,DFO,Y,NG,DFO,,,,,Y,Y,150, ,150, ,1H,1H,N,,,
10023,TC Ravenswood LLC,2500,Ravenswood,NY,Queens,1,OP,ST,IPP Non-CHP,2,400.0,365.7,363.6,NG,RFO,Y,NG,RFO,,,,,Y,Y,365.7, ,365.7, ,6H,6H,Y,,Y,
10023,TC Ravenswood LLC,2500,Ravenswood,NY,Queens,2,OP,ST,IPP Non-CHP,2,400.0,364.2,373.7,NG,RFO,Y,NG,RFO,,,,,Y,Y,364.2, ,364.2, ,6H,6H,Y,,Y,
10023,TC Ravenswood LLC,2500,Ravenswood,NY,Queens,3,OP,ST,IPP Non-CHP,2,1027.0,963.7,960.1,NG,RFO,Y,NG,RFO,,,,,Y,Y,963.7, ,963.7, ,6H,6H,Y,,Y,
10023,TC Ravenswood LLC,2500,Ravenswood,NY,Queens,4,OP,CT,IPP Non-CHP,2,170.0,153.7,195.2,NG,KER,N,,,,,,,Y,Y,153.7, ,153.7, ,6H,6H,Y,Y,Y,
10023,TC Ravenswood LLC,2500,Ravenswood,NY,Queens,4S,OP,CA,IPP Non-CHP,2,80.0,74.7,81.3,NG,KER,N,,,,,,,Y,Y,74.7, ,74.7, ,6H,6H,Y,Y,Y,
10023,TC Ravenswood LLC,2500,Ravenswood,NY,Queens,GT10,SB,GT,IPP Non-CHP,2,25.0,17.8,22.8,NG,KER,N,,,,,,,Y,Y,17.8, ,17.8, ,1H,1H,Y,Y,Y,
10023,TC Ravenswood LLC,2500,Ravenswood,NY,Queens,GT11,SB,GT,IPP Non-CHP,2,25.0,17.5,22.8,NG,KER,N,,,,,,,Y,Y,17.5, ,17.5, ,1H,1H,Y,Y,Y,
10023,TC Ravenswood LLC,2500,Ravenswood,NY,Queens,GT4,SB,GT,IPP Non-CHP,2,21.1,14.2,15.4,NG,KER,N,,,,,,,Y,Y,14.2, ,14.2, ,1H,1H,Y,Y,Y,
10023,TC Ravenswood LLC,2500,Ravenswood,NY,Queens,GT5,SB,GT,IPP Non-CHP,2,21.1,13.4,15.6,NG,KER,N,,,,,,,Y,Y,13.4, ,13.4, ,1H,1H,Y,Y,Y,
10023,TC Ravenswood LLC,2500,Ravenswood,NY,Queens,GT6,SB,GT,IPP Non-CHP,2,22.0,13.1,15.8,NG,KER,N,,,,,,,Y,Y,13.1, ,13.1, ,1H,1H,Y,Y,Y,
10023,TC Ravenswood LLC,2500,Ravenswood,NY,Queens,GT7,OS,GT,IPP Non-CHP,2,22.0, , ,NG,KER,N,,,,,,,Y,Y, , , , ,,,N,,,
10023,TC Ravenswood LLC,2500,Ravenswood,NY,Queens,GT9,SB,GT,IPP Non-CHP,2,25.0,17,21.7,NG,KER,N,,,,,,,Y,Y,17, ,17, ,1H,1H,Y,Y,Y,
10152,City of Kennett - (MO),2139,Kennett,MO,Dunklin,10,OP,IC,Electric Utility,1,6.2,5.6,5.6,NG,DFO,,,,,,,,Y,, , , , ,1H,,N,,,
10152,City of Kennett - (MO),2139,Kennett,MO,Dunklin,11,OP,IC,Electric Utility,1,6.2,5.6,5.6,NG,DFO,,,,,,,,Y,, , , , ,1H,,N,,,
10152,City of Kennett - (MO),2139,Kennett,MO,Dunklin,4,OP,IC,Electric Utility,1,2.5,2.2,2.2,NG,DFO,Y,DFO,NG,,,,,Y,Y,2.5, ,2.5, ,1H,,N,,,
10152,City of Kennett - (MO),2139,Kennett,MO,Dunklin,6,OP,IC,Electric Utility,1,2.0,1.8,1.8,NG,DFO,Y,DFO,NG,,,,,Y,Y,2, ,2, ,1H,,N,,,
10152,City of Kennett - (MO),2139,Kennett,MO,Dunklin,7,OP,IC,Electric Utility,1,2.5,2.2,2.2,NG,DFO,Y,DFO,NG,,,,,Y,Y,2.5, ,2.5, ,1H,,N,,,
10152,City of Kennett - (MO),2139,Kennett,MO,Dunklin,8,OP,IC,Electric Utility,1,3.1,2.8,2.8,NG,DFO,Y,DFO,NG,,,,,Y,Y,3.1, ,3.1, ,1H,,N,,,
10152,City of Kennett - (MO),2139,Kennett,MO,Dunklin,9,OP,IC,Electric Utility,1,6.2,5.6,5.6,NG,DFO,Y,DFO,NG,,,,,Y,Y,6, ,6, ,1H,,N,,,
10171,Kentucky Utilities Co,1355,E W Brown,KY,Mercer,10,OP,GT,Electric Utility,1,126.0,102,138,NG,DFO,N,,,,,,,Y,Y,102,128,102,128,6H,6H,N,,,
10171,Kentucky Utilities Co,1355,E W Brown,KY,Mercer,11,OP,GT,Electric Utility,1,126.0,102,128,NG,DFO,N,,,,,,,Y,Y,102,128,102,128,6H,6H,N,,,
10171,Kentucky Utilities Co,1355,E W Brown,KY,Mercer,6,OP,GT,Electric Utility,1,176.8,146,171,NG,DFO,N,,,,,,,Y,N,146,171,146,171,72H,72H,N,,,
10171,Kentucky Utilities Co,1355,E W Brown,KY,Mercer,7,OP,GT,Electric Utility,1,176.8,146,171,NG,DFO,N,,,,,,,Y,N,146,171,146,171,72H,72H,N,,,
10171,Kentucky Utilities Co,1355,E W Brown,KY,Mercer,8,OP,GT,Electric Utility,1,126.0,102,128,NG,DFO,N,,,,,,,Y,Y,102,128,102,128,6H,6H,N,,,
10171,Kentucky Utilities Co,1355,E W Brown,KY,Mercer,9,OP,GT,Electric Utility,1,126.0,102,138,NG,DFO,N,,,,,,,Y,Y,102,128,102,128,6H,6H,N,,,
10171,Kentucky Utilities Co,1358,Haefling,KY,Fayette,1,OP,GT,Electric Utility,1,20.7,12,14,NG,DFO,Y,DFO,NG,,,,,Y,Y,12,14,12,14,6H,6H,Y,Y,Y,
10171,Kentucky Utilities Co,1358,Haefling,KY,Fayette,2,OP,GT,Electric Utility,1,20.7,12,14,NG,DFO,Y,DFO,NG,,,,,Y,Y,12,14,12,14,6H,6H,Y,Y,Y,
10260,City of Kimball - (NE),2248,Kimball,NE,Kimball,1,OP,IC,Electric Utility,1,1.0,0.7,0.8,NG,DFO,Y,NG,DFO,,,,,Y,Y,0.7,0.8,0.7,0.8,1H,,N,,,
10260,City of Kimball - (NE),2248,Kimball,NE,Kimball,2,OP,IC,Electric Utility,1,1.0,0.7,0.8,NG,DFO,Y,NG,DFO,,,,,Y,Y,0.7,0.8,0.7,0.8,1H,,N,,,
10260,City of Kimball - (NE),2248,Kimball,NE,Kimball,3,OP,IC,Electric Utility,1,1.3,1,1.1,NG,DFO,Y,AB,DFO,,,,,Y,Y,1,1.1,1,1.1,1H,,N,,,
10260,City of Kimball - (NE),2248,Kimball,NE,Kimball,4,OP,IC,Electric Utility,1,1.3,1,1.1,NG,DFO,Y,NG,DFO,,,,,Y,Y,1,1.1,1,1.1,1H,1H,N,,,
10260,City of Kimball - (NE),2248,Kimball,NE,Kimball,6,OP,IC,Electric Utility,1,3.9,3.6,3.7,NG,DFO,Y,NG,DFO,,,,,Y,Y,3.6,3.7,3.6,3.7,1H,1H,N,,,
10273,Kimberly-Clark Corp,50410,Chester Operations,PA,Delaware,5,OP,ST,Industrial CHP,7,67.0,67,67,WC,PC,Y,WC,PC,,,,,N,, , , , ,,,,,,
10320,City of Kingfisher - (OK),2986,Kingfisher,OK,Kingfisher,3,OP,IC,Electric Utility,1,2.8,2.9,2.9,NG,DFO,,,,,,,,Y,, , , , ,1H,1H,N,,,
10320,City of Kingfisher - (OK),2986,Kingfisher,OK,Kingfisher,4,OP,IC,Electric Utility,1,1.3,1.2,1.2,NG,DFO,,,,,,,,Y,, , , , ,1H,1H,N,,,
10320,City of Kingfisher - (OK),2986,Kingfisher,OK,Kingfisher,5,OP,IC,Electric Utility,1,3.1,3,3,NG,DFO,,,,,,,,Y,, , , , ,1H,1H,N,,,
10320,City of Kingfisher - (OK),2986,Kingfisher,OK,Kingfisher,IC1,OP,IC,Electric Utility,1,1.1,1,1,NG,DFO,,,,,,,,Y,, , , , ,1H,1H,N,,,
10320,City of Kingfisher - (OK),2986,Kingfisher,OK,Kingfisher,IC2,OP,IC,Electric Utility,1,0.8,0.6,0.6,NG,DFO,,,,,,,,Y,, , , , ,1H,1H,N,,,
10321,City of Kingman - (KS),1296,Kingman Municipal Power and Light Plant,KS,KINGMAN,2,SB,IC,Electric Utility,1,2.2,1.9,2,NG,DFO,N,,,,,,,Y,Y,1.9,1.2,1.9,1.2,1H,,N,,,
10321,City of Kingman - (KS),1296,Kingman Municipal Power and Light Plant,KS,KINGMAN,4,OP,IC,Electric Utility,1,2.2,1.9,2,NG,DFO,N,,,,,,,Y,Y,1.9,1.4,1.9,1.4,1H,,N,,,
10321,City of Kingman - (KS),1296,Kingman Municipal Power and Light Plant,KS,KINGMAN,6,OP,IC,Electric Utility,1,3.5,3.4,3.4,NG,DFO,N,,,,,,,Y,Y,3.4,1.6,3.4,1.6,1H,1H,N,,,
10321,City of Kingman - (KS),1296,Kingman Municipal Power and Light Plant,KS,KINGMAN,7,OP,IC,Electric Utility,1,2.4,2.1,2.1,NG,DFO,N,,,,,,,Y,Y,2.1,1.5,2.1,1.5,1H,1H,N,,,
10321,City of Kingman - (KS),1296,Kingman Municipal Power and Light Plant,KS,KINGMAN,8,OP,IC,Electric Utility,1,2.5,2.4,2.4,NG,DFO,N,,,,,,,Y,Y,2.4,1.8,2.4,1.8,1H,1H,N,,,
10321,City of Kingman - (KS),1296,Kingman Municipal Power and Light Plant,KS,KINGMAN,9,OP,IC,Electric Utility,1,6.3,6.3,6.3,NG,DFO,N,,,,,,,Y,Y,6.3,4,6.3,4,1H,1H,Y,,Y,
10349,KIAC Partners,54114,Kennedy International Airport Cogen,NY,Queens,GEN1,OP,CT,IPP CHP,3,47.1,48.4,49.8,NG,DFO,N,,,,,,,Y,Y,48.4,49.8,48.4,49.8,1H,1H,N,,,
10349,KIAC Partners,54114,Kennedy International Airport Cogen,NY,Queens,GEN2,OP,CT,IPP CHP,3,47.1,48,48.7,NG,DFO,N,,,,,,,Y,Y,48,48.7,48,48.7,1H,1H,N,,,
10349,KIAC Partners,54114,Kennedy International Airport Cogen,NY,Queens,GEN3,OP,CA,IPP CHP,3,27.0,25.9,26.4,NG,DFO,N,,,,,,,Y,Y,25.9,26.4,25.9,26.4,1H,1H,N,,,
10376,Kissimmee Utility Authority,7238,Cane Island,FL,Osceola,1,OP,GT,Electric Utility,1,42.0,32,40,NG,DFO,N,,,,,,,Y,Y,33, ,33, ,1H,1H,Y,,Y,
10376,Kissimmee Utility Authority,7238,Cane Island,FL,Osceola,2,OP,CT,Electric Utility,1,80.0,69,79,NG,DFO,N,,,,,,,Y,N,73, ,73, ,6H,,Y,,Y,
10376,Kissimmee Utility Authority,7238,Cane Island,FL,Osceola,3,OP,CT,Electric Utility,1,167.5,150,160,NG,DFO,N,,,,,,,Y,N,153, ,153, ,6H,6H,Y,,Y,
10559,City of La Crosse - (KS),1297,La Crosse,KS,Rush,1,OP,IC,Electric Utility,1,1.1,0.7,0.7,DFO,NG,,,,,,,,Y,Y,1,1,1,1,1H,1H,N,,,
10559,City of La Crosse - (KS),1297,La Crosse,KS,Rush,2,OP,IC,Electric Utility,1,1.1,0.9,0.9,DFO,NG,,,,,,,,Y,Y,1,1,1,1,1H,1H,N,,,
10559,City of La Crosse - (KS),1297,La Crosse,KS,Rush,5,OP,IC,Electric Utility,1,1.5,1.5,1.5,DFO,NG,,,,,,,,Y,Y, , , , ,1H,,N,,,
10559,City of La Crosse - (KS),1297,La Crosse,KS,Rush,6,OP,IC,Electric Utility,1,1.8,1.5,1.5,DFO,NG,,,,,,,,Y,Y, , , , ,1H,,N,,,
10596,City of Lake Crystal - (MN),1985,Lake Crystal,MN,Blue Earth,1,OP,IC,Electric Utility,1,0.6,0.6,0.6,DFO,,N,DFO,NG,,,,,Y,,0.6,0.5,0.6,0.55,1H,1H,N,,,
10596,City of Lake Crystal - (MN),1985,Lake Crystal,MN,Blue Earth,3,OP,IC,Electric Utility,1,2.0,2,2,DFO,NG,Y,DFO,NG,,,,,Y,,1.9,1.9,2,2,1H,1H,N,,,
10606,City of Lake Mills,1154,Lake Mills,IA,Winnebago,1A,OP,IC,Electric Utility,1,3.0,3,3,DFO,NG,N,,,,,,,Y,Y,3, ,3, ,1H,1H,Y,,Y,
10606,City of Lake Mills,1154,Lake Mills,IA,Winnebago,4,OP,IC,Electric Utility,1,1.3,1.3,1.3,DFO,NG,N,,,,,,,Y,Y,1.2, ,1.2, ,1H,1H,Y,,Y,
10606,City of Lake Mills,1154,Lake Mills,IA,Winnebago,5,OP,IC,Electric Utility,1,0.9,0.9,0.9,DFO,NG,N,,,,,,,Y,Y,0.9, ,0.9, ,1H,1H,Y,,Y,
10620,City of Lake Worth - (FL),673,Tom G Smith,FL,Palm Beach,GT2,OP,CT,Electric Utility,1,21.4,21,23,NG,DFO,N,,,,,,,Y,Y,19, ,19, ,6H,1H,N,,,
10620,City of Lake Worth - (FL),673,Tom G Smith,FL,Palm Beach,S3,OP,ST,Electric Utility,1,26.5,22,24,NG,RFO,N,,,,,,,Y,Y,26, ,26, ,6H,,Y,,Y,
10620,City of Lake Worth - (FL),673,Tom G Smith,FL,Palm Beach,S5,OP,CA,Electric Utility,1,10.0,9,9,NG,DFO,N,,,,,,,Y,Y,10, ,10, ,6H,,Y,,Y,
10623,City of Lakeland - (FL),675,Larsen Memorial,FL,Polk,2,OP,GT,Electric Utility,1,11.2,10,14,NG,DFO,N,,,,,,,Y,Y,10, ,10, ,6H,6H,N,,,
10623,City of Lakeland - (FL),675,Larsen Memorial,FL,Polk,3,OP,GT,Electric Utility,1,11.2,9,13,NG,DFO,N,,,,,,,Y,Y,9, ,9, ,6H,6H,N,,,
10623,City of Lakeland - (FL),675,Larsen Memorial,FL,Polk,8,OP,CT,Electric Utility,1,86.2,76,93,NG,DFO,N,,,,,,,Y,Y,73, ,76, ,6H,6H,Y,,Y,
10623,City of Lakeland - (FL),676,C D McIntosh Jr,FL,Polk,3,OP,ST,Electric Utility,1,363.8,342,342,BIT,PC,Y,BIT,PC,,,,,N,, , , , ,,,,,,
10623,City of Lakeland - (FL),676,C D McIntosh Jr,FL,Polk,GT1,OP,GT,Electric Utility,1,26.6,16,19,NG,DFO,N,,,,,,,Y,Y,16,19,16,19,1H,1H,N,,,
10623,City of Lakeland - (FL),676,C D McIntosh Jr,FL,Polk,ST1,OP,ST,Electric Utility,1,103.5,85,85,NG,RFO,Y,NG,RFO,,,,,Y,Y,85,85,85,85,6H,6H,N,,,
10623,City of Lakeland - (FL),676,C D McIntosh Jr,FL,Polk,ST2,OP,ST,Electric Utility,1,126.0,106,106,NG,RFO,Y,NG,RFO,,,,,Y,Y,106,106,103,103,6H,6H,N,,,
10628,City of Lakin - (KS),7393,Lakin Municipal,KS,Kearny,LK1,OP,IC,Electric Utility,1,4.4,4.1,4.1,NG,DFO,Y,NG,DFO,,,,,Y,Y,4.1, ,4.1, ,1H,,N,,,
10650,City of Lamoni - (IA),1155,Lamoni Municipal Utilities,IA,Decatur,1,OP,IC,Electric Utility,1,2.8,2.7,2.8,DFO,NG,N,,,,,,,Y,Y,2.6, ,2.7, ,1H,1H,N,,,
10650,City of Lamoni - (IA),1155,Lamoni Municipal Utilities,IA,Decatur,5,OP,IC,Electric Utility,1,1.1,1.1,1.1,DFO,NG,N,,,,,,,Y,Y,1.07, ,1.07, ,1H,1H,N,,,
10713,City of Larned - (KS),1299,Larned,KS,Pawnee,IC5,OP,IC,Electric Utility,1,6.4,6,6,DFO,NG,Y,DFO,NG,,,,,Y,Y,5.4, ,6.2, ,1H,,N,,,
10760,City of Laurel - (NE),2249,Laurel,NE,Cedar,1,SB,IC,Electric Utility,1,1.3,1.1,1.2,NG,DFO,Y,DFO,NG,,,,,Y,N,1.3, ,1.1, ,UNK,UNK,Y,Y,Y,
10760,City of Laurel - (NE),2249,Laurel,NE,Cedar,2,SB,IC,Electric Utility,1,0.9,0.7,0.8,NG,DFO,Y,DFO,NG,,,,,Y,N,0.9, ,0.7, ,UNK,UNK,Y,Y,Y,
10760,City of Laurel - (NE),2249,Laurel,NE,Cedar,4,SB,IC,Electric Utility,1,0.4,0.3,0.4,NG,DFO,Y,DFO,NG,,,,,Y,N,0.04, ,0.04, ,UNK,UNK,Y,Y,Y,
10760,City of Laurel - (NE),2249,Laurel,NE,Cedar,6,SB,IC,Electric Utility,1,0.2,0.2,0.2,NG,DFO,Y,DFO,NG,,,,,Y,N,0.02, ,0.02, ,UNK,UNK,Y,Y,Y,
10760,City of Laurel - (NE),2249,Laurel,NE,Cedar,7,SB,IC,Electric Utility,1,1.3,1.1,1.2,NG,DFO,Y,DFO,NG,,,,,Y,N,1.3, ,1.3, ,UNK,UNK,Y,Y,Y,
10849,Wyeth-Averst Lederle,10521,Lederle Laboratories,NY,Rockland,3A,OP,CA,Industrial CHP,7,1.5,1.5,1.5,NG,DFO,N,,,,,,,Y,Y,1.5,1.5,1.5,1.5,1H,,Y,,Y,
10849,Wyeth-Averst Lederle,10521,Lederle Laboratories,NY,Rockland,GEN1,OP,CT,Industrial CHP,7,8.3,8.3,8.3,NG,DFO,N,,,,,,,Y,Y,8.3,8.3,8.3,8.3,1H,1H,Y,,Y,
10849,Wyeth-Averst Lederle,10521,Lederle Laboratories,NY,Rockland,GEN2,OP,CT,Industrial CHP,7,8.3,8.3,8.3,NG,DFO,N,,,,,,,Y,Y,8.3,8.3,8.3,8.3,1H,1H,Y,,Y,
10849,Wyeth-Averst Lederle,10521,Lederle Laboratories,NY,Rockland,GEN3,OP,CA,Industrial CHP,7,2.2,2.2,2.2,NG,DFO,N,,,,,,,Y,Y,3.1,3.1,3.1,3.1,1H,1H,Y,,Y,
10849,Wyeth-Averst Lederle,10521,Lederle Laboratories,NY,Rockland,TG4,OP,CA,Industrial CHP,7,3.1,2,2,NG,DFO,N,,,,,,,Y,Y,2.2,2.2,2.2,2.2,1H,,Y,,Y,
11017,City of Lincoln Center - (KS),1300,Lincoln,KS,LINCOLN,1,OP,IC,Electric Utility,1,1.3,1.1,1.1,NG,DFO,N,,,,,,,Y,Y,1.2, ,1.2, ,6H,6H,Y,,,Y
11017,City of Lincoln Center - (KS),1300,Lincoln,KS,LINCOLN,2,OP,IC,Electric Utility,1,1.3,1.1,1.1,NG,DFO,N,,,,,,,Y,Y,1.2, ,1.2, ,6H,6H,Y,,,Y
11017,City of Lincoln Center - (KS),1300,Lincoln,KS,LINCOLN,5,OP,IC,Electric Utility,1,1.3,1.1,1.1,NG,DFO,N,,,,,,,Y,Y,1.2, ,1.2, ,6H,6H,Y,,,Y
11017,City of Lincoln Center - (KS),1300,Lincoln,KS,LINCOLN,6,OP,IC,Electric Utility,1,2.5,2.2,2.2,NG,DFO,N,,,,,,,Y,Y,2.5, ,2.5, ,6H,6H,Y,,,Y
11017,City of Lincoln Center - (KS),1300,Lincoln,KS,LINCOLN,7,OP,IC,Electric Utility,1,3.5,3,3,NG,DFO,N,,,,,,,Y,Y,3.5, ,3.5, ,6H,6H,Y,,,Y
11018,Lincoln Electric System,2250,J Street,NE,Lancaster,1,OP,GT,Electric Utility,1,27.0,29,31.7,NG,DFO,N,,,,,,,Y,Y,29, ,29.6, ,1H,1H,N,,,
11018,Lincoln Electric System,6373,Rokeby,NE,Lancaster,1,OP,GT,Electric Utility,1,72.4,72,72,NG,DFO,N,,,,,,,Y,Y,72, ,72.7, ,1H,1H,N,,,
11018,Lincoln Electric System,6373,Rokeby,NE,Lancaster,2,OP,GT,Electric Utility,1,95.4,89,88.9,NG,DFO,N,,,,,,,Y,Y,89, ,95, ,1H,,N,,,
11018,Lincoln Electric System,6373,Rokeby,NE,Lancaster,3,OP,GT,Electric Utility,1,95.4,94,96,NG,DFO,N,,,,,,,Y,Y,94, ,96, ,1H,,N,,,
11018,Lincoln Electric System,7887,Terry Bundy Generating Station,NE,Lancaster,2,OP,CT,Electric Utility,1,60.5,47,48,NG,DFO,N,,,,,,,Y,Y,47, ,48, ,1H,1H,Y,,Y,
11018,Lincoln Electric System,7887,Terry Bundy Generating Station,NE,Lancaster,3,OP,CT,Electric Utility,1,60.5,47,48,NG,DFO,N,,,,,,,Y,Y,47, ,47, ,1H,1H,N,,,
11018,Lincoln Electric System,7887,Terry Bundy Generating Station,NE,Lancaster,4,OP,GT,Electric Utility,1,60.5,47,48,NG,DFO,N,,,,,,,Y,Y,47, ,48, ,1H,1H,N,,,
11064,Litchfield Public Utilities,1989,Litchfield,MN,Meeker,5,SB,IC,Electric Utility,1,2.1,2.1,2.1,DFO,NG,Y,NG,,,,,,N,Y, , , , ,1H,,,,,
11064,Litchfield Public Utilities,1989,Litchfield,MN,Meeker,6,SB,IC,Electric Utility,1,2.1,2.1,2.1,DFO,NG,Y,NG,,,,,,N,, , , , ,1H,,,,,
11127,Lockport Energy Associates LP,54041,Lockport Energy Associates LP,NY,Niagara,GEN1,OP,CT,IPP CHP,3,48.7,40.3,49,NG,DFO,Y,NG,DFO,,,,,Y,Y,42.6, ,43, ,1H,,Y,Y,Y,
11127,Lockport Energy Associates LP,54041,Lockport Energy Associates LP,NY,Niagara,GEN2,OP,CT,IPP CHP,3,48.7,40.3,49,NG,DFO,Y,NG,DFO,,,,,Y,Y,42.6, ,43, ,1H,1H,Y,Y,Y,
11127,Lockport Energy Associates LP,54041,Lockport Energy Associates LP,NY,Niagara,GEN3,OP,CT,IPP CHP,3,48.7,43,49,NG,DFO,Y,NG,DFO,,,,,Y,Y,42.6, ,43, ,1H,,Y,Y,Y,
11161,Loma Linda University,10206,Loma Linda University Cogen,CA,SAN BERNARDINO,GEN1,OP,CT,Commercial CHP,5,5.2,4.8,4.8,NG,DFO,N,,,,,,,Y,Y,4.8, ,4, ,1H,,Y,,Y,
11161,Loma Linda University,10206,Loma Linda University Cogen,CA,SAN BERNARDINO,GEN2,OP,CT,Commercial CHP,5,5.2,4.8,4.8,NG,DFO,N,,,,,,,Y,Y,4.8, ,4, ,1H,1H,Y,,Y,
11169,Longview Fibre Co,54562,Longview Fibre,WA,Cowlitz,4,OP,ST,Industrial CHP,7,10.0,10,10,BLQ,OBS,Y,,,,,,,N,N, , , , ,,,,,,
11169,Longview Fibre Co,54562,Longview Fibre,WA,Cowlitz,6,OP,ST,Industrial CHP,7,20.0,22,22,BLQ,OBS,Y,,,,,,,N,N, , , , ,,,,,,
11169,Longview Fibre Co,54562,Longview Fibre,WA,Cowlitz,7,OP,ST,Industrial CHP,7,25.0,25,25,BLQ,OBS,Y,,,,,,,N,N, , , , ,,,,,,
11208,Los Angeles Department of Water & Power,399,Harbor,CA,Los Angeles,10A,OP,CT,Electric Utility,1,85.3,79.5,82,NG,OBG,Y,NG,OBG,,,,,Y,Y,75, ,77, ,UNK,,Y,Y,Y,
11208,Los Angeles Department of Water & Power,399,Harbor,CA,Los Angeles,10B,OP,CT,Electric Utility,1,85.3,79.5,82,NG,OBG,Y,NG,OBG,,,,,Y,Y,75, ,77, ,UNK,,Y,Y,Y,
11208,Los Angeles Department of Water & Power,399,Harbor,CA,Los Angeles,GT10,OP,GT,Electric Utility,1,60.5,47.4,47.4,NG,OBG,Y,NG,OBG,,,,,Y,Y,47.4, ,47.4, ,6H,6H,Y,Y,Y,
11208,Los Angeles Department of Water & Power,399,Harbor,CA,Los Angeles,GT11,OP,GT,Electric Utility,1,60.5,47.4,47.4,NG,OBG,Y,NG,OBG,,,,,Y,Y,47.4, ,47.4, ,6H,6H,Y,,Y,
11208,Los Angeles Department of Water & Power,399,Harbor,CA,Los Angeles,GT12,OP,GT,Electric Utility,1,60.5,47.4,47.4,NG,OBG,Y,NG,OBG,,,,,Y,Y,47.4, ,47.4, ,6H,6H,Y,Y,Y,
11208,Los Angeles Department of Water & Power,399,Harbor,CA,Los Angeles,GT13,OP,GT,Electric Utility,1,60.5,47.4,47.4,NG,OBG,Y,NG,OBG,,,,,Y,Y,47.4, ,47.4, ,6H,6H,Y,Y,Y,
11208,Los Angeles Department of Water & Power,399,Harbor,CA,Los Angeles,GT14,OP,GT,Electric Utility,1,60.5,47.4,47.4,NG,OBG,Y,NG,OBG,,,,,Y,Y,47.4, ,47.4, ,6H,6H,Y,Y,Y,
11208,Los Angeles Department of Water & Power,400,Haynes,CA,Los Angeles,1,OP,ST,Electric Utility,1,230.0,222,222,NG,OBG,Y,NG,OBG,,,,,N,, , , , ,,,,,,
11208,Los Angeles Department of Water & Power,400,Haynes,CA,Los Angeles,10,OP,CT,Electric Utility,1,182.8,157.5,162.5,NG,OBG,Y,NG,OBG,,,,,Y,N,170, ,170, ,24H,,Y,,Y,
11208,Los Angeles Department of Water & Power,400,Haynes,CA,Los Angeles,11,OP,GT,Electric Utility,1,108.2,96.3,100,NG,OBG,Y,NG,OBG,,,,,N,, , , , ,,,,,,
11208,Los Angeles Department of Water & Power,400,Haynes,CA,Los Angeles,12,OP,GT,Electric Utility,1,108.2,96.3,100,NG,OBG,Y,NG,OBG,,,,,N,, , , , ,,,,,,
11208,Los Angeles Department of Water & Power,400,Haynes,CA,Los Angeles,13,OP,GT,Electric Utility,1,108.2,96.3,100,NG,OBG,Y,NG,OBG,,,,,N,, , , , ,,,,,,
11208,Los Angeles Department of Water & Power,400,Haynes,CA,Los Angeles,14,OP,GT,Electric Utility,1,108.2,96.3,100,NG,OBG,Y,NG,OBG,,,,,N,, , , , ,,,,,,
11208,Los Angeles Department of Water & Power,400,Haynes,CA,Los Angeles,15,OP,GT,Electric Utility,1,108.2,96.3,100,NG,OBG,Y,NG,OBG,,,,,N,, , , , ,,,,,,
11208,Los Angeles Department of Water & Power,400,Haynes,CA,Los Angeles,16,OP,GT,Electric Utility,1,108.2,96.3,100,NG,OBG,Y,NG,OBG,,,,,N,, , , , ,,,,,,
11208,Los Angeles Department of Water & Power,400,Haynes,CA,Los Angeles,2,OP,ST,Electric Utility,1,230.0,222,222,NG,RFO,Y,NG,OBG,,,,,N,, , , , ,,,,,,
11208,Los Angeles Department of Water & Power,400,Haynes,CA,Los Angeles,9,OP,CT,Electric Utility,1,182.8,157.5,162.5,NG,OBG,Y,NG,OBG,,,,,Y,N,170, ,170, ,24H,,Y,Y,Y,
11208,Los Angeles Department of Water & Power,404,Scattergood,CA,Los Angeles,1,OP,ST,Electric Utility,1,163.2,174,183,NG,OBG,Y,NG,OBG,,,,,N,, , , , ,,,,,,
11208,Los Angeles Department of Water & Power,404,Scattergood,CA,Los Angeles,2,OP,ST,Electric Utility,1,163.2,177,184,NG,OBG,Y,NG,OBG,,,,,N,, , , , ,,,,,,
11208,Los Angeles Department of Water & Power,404,Scattergood,CA,Los Angeles,3,OP,ST,Electric Utility,1,496.8,445,450,NG,OBG,Y,NG,OBG,,,,,N,, , , , ,,,,,,
11208,Los Angeles Department of Water & Power,408,Valley (CA),CA,Los Angeles,5,OP,GT,Electric Utility,1,60.5,43,43,NG,OBG,Y,NG,OBG,,,,,Y,Y,42, ,42, ,6H,6H,Y,Y,Y,
11208,Los Angeles Department of Water & Power,408,Valley (CA),CA,Los Angeles,6,OP,CT,Electric Utility,1,182.8,156,159,NG,OBG,Y,NG,OBG,,,,,Y,Y,154, ,152, ,UNK,,Y,Y,Y,
11208,Los Angeles Department of Water & Power,408,Valley (CA),CA,Los Angeles,7,OP,CT,Electric Utility,1,182.8,156,159,NG,OBG,Y,NG,OBG,,,,,Y,Y,154, ,152, ,UNK,,Y,Y,Y,
11216,Los Angeles County,10478,Pitchess Cogen Station,CA,Los Angeles,GEN1,OP,CT,Commercial CHP,5,20.9,21.5,20.9,NG,DFO,N,,,,,,,Y,Y,21.5,21.5,20,20,6H,6H,Y,,Y,
11216,Los Angeles County,10478,Pitchess Cogen Station,CA,Los Angeles,GEN2,OP,CA,Commercial CHP,5,7.4,5.7,6,NG,DFO,N,,,,,,,Y,N,5.7,5.72,5,5,6H,6H,Y,,Y,
11216,Los Angeles County,10884,Olive View Medical Center,CA,Los Angeles,CTC1,OP,GT,Commercial CHP,5,2.8,2.7,2.7,NG,DFO,N,,,,,,,Y,Y,1.2, ,1, ,6H,1H,Y,,Y,
11216,Los Angeles County,10884,Olive View Medical Center,CA,Los Angeles,CTC2,OP,GT,Commercial CHP,5,2.8,2.7,2.7,NG,DFO,N,,,,,,,Y,Y,1.2, ,1, ,6H,1H,Y,,Y,
11217,Los Angeles County Sanitation,10090,Commerce Refuse To Energy,CA,Los Angeles,GEN1,OP,ST,IPP Non-CHP,2,12.0,9,9,MSW,NG,Y,MSW,NG,,,,,,, , , , ,,,,,,
11217,Los Angeles County Sanitation,10091,Total Energy Facilities,CA,Los Angeles,G2,OP,CT,Commercial CHP,5,9.9,8,9,OBG,NG,Y,OBG,NG,,,,,,, , , , ,,,,,,
11217,Los Angeles County Sanitation,10091,Total Energy Facilities,CA,Los Angeles,G3,OP,CT,Commercial CHP,5,9.9,8,9,OBG,NG,Y,OBG,NG,,,,,,, , , , ,,,,,,
11217,Los Angeles County Sanitation,10091,Total Energy Facilities,CA,Los Angeles,GEN1,OP,CT,Commercial CHP,5,9.9,8,9,OBG,NG,Y,OBG,NG,,,,,,, , , , ,,,,,,
11217,Los Angeles County Sanitation,10471,Spadra Landfill Gas to Energy,CA,Los Angeles,GEN1,OP,ST,Commercial Non-CHP,4,10.6,5,5,LFG,NG,Y,OBG,NG,,,,,,, , , , ,,,,,,
11241,Entergy Louisiana LLC,1401,Buras,LA,Plaquemines,8,OP,GT,Electric Utility,1,20.7,12,12,NG,DFO,Y,NG,DFO,,,,,Y,Y,12, ,12, ,1H,1H,N,,,
11241,Entergy Louisiana LLC,1402,Little Gypsy,LA,St Charles,2,OP,ST,Electric Utility,1,420.7,410.7,415,NG,DFO,Y,NG,DFO,,,,,Y,Y,415, ,332, ,24H,24H,Y,Y,Y,
11241,Entergy Louisiana LLC,1403,Nine Mile Point,LA,Jefferson,5,OP,ST,Electric Utility,1,895.1,716.9,731,NG,DFO,Y,NG,DFO,,,,,Y,Y,740, ,500, ,24H,,N,,,
11241,Entergy Louisiana LLC,1403,Nine Mile Point,LA,Jefferson,6(4),OP,ST,Electric Utility,1,895.1,699.1,715,NG,DFO,Y,NG,DFO,,,,,Y,Y,730, ,500, ,24H,,N,,,
11241,Entergy Louisiana LLC,1404,Sterlington,LA,Ouachita,7A,OP,CT,Electric Utility,1,59.3,44,56,NG,DFO,Y,DFO,NG,,,,,Y,Y,47, ,48, ,,,Y,,,Y
11241,Entergy Louisiana LLC,1404,Sterlington,LA,Ouachita,7B,OP,CT,Electric Utility,1,66.0,44,55,NG,DFO,Y,DFO,NG,,,,,Y,Y,47, ,48, ,,,Y,,,Y
11241,Entergy Louisiana LLC,8056,Waterford 1 & 2,LA,St Charles,1,OA,ST,Electric Utility,1,445.5,410.9,411,NG,RFO,Y,NG,RFO,,,,,Y,Y,411, ,411, ,24H,,Y,,,Y
11241,Entergy Louisiana LLC,8056,Waterford 1 & 2,LA,St Charles,2,OP,ST,Electric Utility,1,445.5,410.8,411,NG,RFO,Y,NG,RFO,,,,,Y,Y,411, ,411, ,24H,,Y,,,Y
11249,Louisville Gas & Electric Co,1363,Cane Run,KY,Jefferson,11,OP,GT,Electric Utility,1,16.3,14,14,NG,DFO,N,,,,,,,Y,Y,14,14,14,14,6H,6H,N,,,
11415,"M.A. Patout & Son Limited, LLC",51008,Enterprise Sugar Factory,LA,Iberia,1000,OP,ST,Industrial CHP,7,1.0,1,1,AB,NG,Y,AB,NG,,,,,N,, , , , ,,,,,,
11415,"M.A. Patout & Son Limited, LLC",51008,Enterprise Sugar Factory,LA,Iberia,2000,SB,ST,Industrial CHP,7,2.0,2,2,AB,NG,Y,AB,NG,,,,,N,, , , , ,,,,,,
11427,Massachusetts Wtr RAuth-Deer I,10823,Deer Island Treatment Plant,MA,Suffolk,S101,OP,ST,Commercial CHP,5,17.5,9,17.5,OBG,DFO,Y,DFO,OBG,,,,,N,, , , , ,,,,,,
11451,Madison Paper Industries Inc,10186,Anson Abenaki Hydros,ME,Somerset,STG1,OP,ST,Industrial CHP,7,3.0,2,2.5,NG,RFO,N,,,,,,,Y,N,2, ,2, ,6H,6H,Y,Y,,
11459,March Point Cogeneration Co,54268,March Point Cogeneration,WA,Skagit,GTG1,OP,CT,IPP CHP,3,46.6,39.6,42.1,NG,DFO,Y,NG,OG,DFO,,,,Y,Y,39.6, ,39.6, ,24H,,Y,,Y,
11459,March Point Cogeneration Co,54268,March Point Cogeneration,WA,Skagit,GTG2,OP,CT,IPP CHP,3,46.6,40,42.7,NG,DFO,Y,NG,OG,DFO,,,,Y,Y,40, ,40, ,24H,,Y,,Y,
11459,March Point Cogeneration Co,54268,March Point Cogeneration,WA,Skagit,GTG3,OP,CT,IPP CHP,3,46.6,40.6,43.4,NG,DFO,Y,NG,OG,DFO,,,,Y,Y,40.6, ,40.6, ,24H,,Y,,Y,
11460,City of Macon - (MO),2141,Macon,MO,Macon,3,SB,IC,Electric Utility,1,5.0,4.6,4.6,DFO,NG,N,,,,,,,Y,Y,4.6, ,4.6, ,1H,6H,N,,,
11479,Madison Gas & Electric Co,7991,West Campus Cogeneration Facility,WI,Dane,1,OP,CT,Electric Utility,1,54.0,32.3,32.3,NG,DFO,N,,,,,,,Y,Y,32.3,32.3,32.3,32.3,1H,1H,Y,,Y,
11479,Madison Gas & Electric Co,7991,West Campus Cogeneration Facility,WI,Dane,CT2,OP,CT,Electric Utility,1,54.0,33.5,33.5,NG,DFO,N,,,,,,,Y,Y,33.5,33.5,33.5,33.5,1H,1H,Y,,Y,
11479,Madison Gas & Electric Co,7991,West Campus Cogeneration Facility,WI,Dane,STG1,OP,CA,Electric Utility,1,61.3,59.4,59.4,NG,DFO,N,,,,,,,Y,Y,59.4,59.4,59.4,59.4,1H,1H,Y,,Y,
11481,City of Madison - (NE),7469,Madison Utilities,NE,Madison,FM1,OP,IC,Electric Utility,1,2.0,1.7,1.7,DFO,NG,N,,,,,,,Y,Y,1.7, ,1.7, ,UNK,UNK,N,,,
11481,City of Madison - (NE),7469,Madison Utilities,NE,Madison,FM2,OP,IC,Electric Utility,1,1.3,1,1,DFO,NG,N,,,,,,,Y,Y,1, ,1, ,UNK,UNK,N,,,
11481,City of Madison - (NE),7469,Madison Utilities,NE,Madison,FM3,OP,IC,Electric Utility,1,1.1,0.9,0.9,DFO,NG,N,,,,,,,Y,Y,0.9, ,0.9, ,UNK,UNK,N,,,
11481,City of Madison - (NE),7469,Madison Utilities,NE,Madison,FM5,OP,IC,Electric Utility,1,1.4,1,1,DFO,NG,N,,,,,,,Y,Y,1, ,1, ,UNK,UNK,N,,,
11540,City of Malden - (MO),2142,Malden,MO,Dunklin,5,SB,IC,Electric Utility,1,1.4,1.2,1.2,DFO,NG,N,,,,,,,Y,Y,1.2,1.2,1.2,1.2,1H,1H,N,,,
11540,City of Malden - (MO),2142,Malden,MO,Dunklin,6,SB,IC,Electric Utility,1,2.0,1.8,1.8,DFO,NG,N,,,,,,,Y,Y,1.8,1.8,1.8,1.8,1H,1H,N,,,
11540,City of Malden - (MO),2142,Malden,MO,Dunklin,7,SB,IC,Electric Utility,1,2.8,2.5,2.5,DFO,NG,N,,,,,,,Y,Y,2.5,2.5,2.5,2.5,1H,1H,N,,,
11540,City of Malden - (MO),2142,Malden,MO,Dunklin,8,SB,IC,Electric Utility,1,4.3,3.8,3.8,DFO,NG,N,,,,,,,Y,Y,3.5,3.5,3.8,3.8,1H,6H,N,,,
11566,City of Mangum - (OK),2991,Mangum,OK,GREER,1,OP,IC,Electric Utility,1,1.1,0.9,0.9,NG,DFO,,,,,,,,Y,Y, , , , ,1H,1H,N,,,
11566,City of Mangum - (OK),2991,Mangum,OK,GREER,4,OP,IC,Electric Utility,1,1.5,1.2,1.2,NG,DFO,,,,,,,,Y,Y, , , , ,1H,1H,N,,,
11566,City of Mangum - (OK),2991,Mangum,OK,GREER,5,OP,IC,Electric Utility,1,2.0,1.7,1.7,NG,DFO,,,,,,,,Y,Y, , , , ,1H,1H,N,,,
11566,City of Mangum - (OK),2991,Mangum,OK,GREER,6,OP,IC,Electric Utility,1,2.1,1.6,1.6,NG,DFO,,,,,,,,Y,Y, , , , ,1H,1H,N,,,
11571,Manitowoc Public Utilities,4125,Manitowoc,WI,Manitowoc,5,OP,ST,Electric Utility,1,22.0,22,22,PC,SUB,Y,BIT,PC,WDS,SUB,,,,, , , , ,,,,,,
11571,Manitowoc Public Utilities,4125,Manitowoc,WI,Manitowoc,6,OP,ST,Electric Utility,1,32.0,26.5,26.5,PC,SUB,Y,BIT,PC,WDS,SUB,,,,, , , , ,,,,,,
11571,Manitowoc Public Utilities,4125,Manitowoc,WI,Manitowoc,9,OP,ST,Electric Utility,1,63.4,58.4,58.4,PC,WDS,Y,PC,SUB,BIT,WDS,,,N,, , , , ,,,,,,
11571,Manitowoc Public Utilities,4125,Manitowoc,WI,Manitowoc,IC2,SB,IC,Electric Utility,1,5.5,5,5,NG,DFO,Y,NG,DFO,,,,,Y,Y,5,5,5,5,UNK,UNK,Y,Y,,Y
11571,Manitowoc Public Utilities,7795,Custer Energy Center,WI,Manitowoc,1,OP,GT,Electric Utility,1,24.5,22,24,NG,DFO,Y,NG,DFO,,,,,Y,Y,22,24,22,24,1H,1H,Y,Y,,
11611,City of Maquoketa - (IA),1162,Maquoketa 1,IA,Jackson,1A,SB,IC,Electric Utility,1,3.1,2.8,3,NG,DFO,Y,DFO,NG,,,,,Y,Y,2.8,3,3,3,1H,1H,N,,,
11611,City of Maquoketa - (IA),1162,Maquoketa 1,IA,Jackson,2A,SB,IC,Electric Utility,1,3.1,2.8,3,NG,DFO,Y,DFO,NG,,,,,Y,Y,2.8,3,3,3,1H,1H,N,,,
11611,City of Maquoketa - (IA),1162,Maquoketa 1,IA,Jackson,3,SB,IC,Electric Utility,1,2.1,1.8,1.9,NG,DFO,Y,DFO,NG,,,,,Y,Y,1.8,1.9,1.8,1.9,1H,1H,N,,,
11611,City of Maquoketa - (IA),1162,Maquoketa 1,IA,Jackson,5,SB,IC,Electric Utility,1,1.7,1.4,1.5,NG,DFO,Y,DFO,NG,,,,,Y,Y,1.4,1.5,1.4,1.5,1H,1H,N,,,
11611,City of Maquoketa - (IA),1162,Maquoketa 1,IA,Jackson,6,SB,IC,Electric Utility,1,2.5,2.1,2.2,NG,DFO,Y,DFO,NG,,,,,Y,Y,2.1,2.2,2.2,2.2,1H,1H,N,,,
11611,City of Maquoketa - (IA),1162,Maquoketa 1,IA,Jackson,7,SB,IC,Electric Utility,1,6.5,6,6.1,NG,DFO,Y,DFO,NG,,,,,Y,Y,6,6.1,6.1,6.1,1H,1H,N,,,
11626,City of Marceline - (MO),7470,Marceline,MO,Linn,2,SB,IC,Electric Utility,1,3.0,3,3,DFO,NG,Y,DFO,NG,,,,,Y,Y,3,2,3,2.2,1H,1H,N,,,
11701,City of Marquette - (MI),1843,Shiras,MI,Marquette,2,OP,ST,Electric Utility,1,21.0,19.5,19.5,BIT,WDS,Y,BIT,WDS,,,,,N,, , , , ,,,,,,
11704,Maryland Environmental Service,10693,Eastern Correctional Institute,MD,Somerset,1147,OP,ST,Commercial CHP,5,1.9,1.3,0.8,WDS,DFO,Y,WDS,DFO,,,,,N,, , , , ,,,,,,
11704,Maryland Environmental Service,10693,Eastern Correctional Institute,MD,Somerset,1148,OP,ST,Commercial CHP,5,1.9,1.3,0.8,WDS,DFO,Y,WDS,DFO,,,,,N,, , , , ,,,,,,
11713,City of Marshall - (MI),1844,Marshall (MI),MI,Calhoun,IC2,OP,IC,Electric Utility,1,1.1,0.9,0.9,NG,DFO,N,,,,,,,Y,Y,0.9, ,0.9, ,1H,1H,N,,,
11713,City of Marshall - (MI),1844,Marshall (MI),MI,Calhoun,IC3,OP,IC,Electric Utility,1,2.1,1.9,1.9,NG,DFO,N,,,,,,,Y,Y,1.8, ,1.8, ,1H,1H,N,,,
11713,City of Marshall - (MI),1844,Marshall (MI),MI,Calhoun,IC5,OP,IC,Electric Utility,1,1.7,1.4,1.4,NG,DFO,N,,,,,,,Y,Y,1.4, ,1.4, ,1H,1H,N,,,
11713,City of Marshall - (MI),1844,Marshall (MI),MI,Calhoun,IC6,OP,IC,Electric Utility,1,5.7,5.6,5.6,NG,DFO,N,,,,,,,Y,Y,5.7, ,5.7, ,1H,1H,N,,,
11732,City of Marshall - (MO),2144,Marshall (MO),MO,Saline,10,OP,IC,Electric Utility,1,6.3,6.3,6.3,NG,DFO,,,,,,,,Y,,6.3,6.3,6.3,6.3,1H,1H,Y,,Y,
11732,City of Marshall - (MO),2144,Marshall (MO),MO,Saline,11,OP,IC,Electric Utility,1,6.3,6.3,6.3,NG,DFO,,,,,,,,Y,,6.3,6.3,6.3,6.3,1H,1H,Y,,Y,
11732,City of Marshall - (MO),2144,Marshall (MO),MO,Saline,4,OP,ST,Electric Utility,1,6.0,5.8,5.9,BIT,NG,Y,BIT,WDS,,,,,N,, , , , ,,,,,,
11732,City of Marshall - (MO),2144,Marshall (MO),MO,Saline,GT1,OP,GT,Electric Utility,1,15.2,14,17,NG,DFO,N,,,,,,,Y,Y,14.5, ,14, ,1H,,N,,,
11740,City of Marshfield - (WI),56480,Marshfield Utilities Gas Plant,WI,WOOD,M1,OP,GT,Electric Utility,1,60.4,53.3,60.2,NG,DFO,N,,,,,,,Y,Y,53.3,60.2,52,54,1H,1H,Y,Y,Y,
11806,Massachusetts Mun Wholes Electric Co,6081,Stony Brook,MA,Hampden,CT1,OP,CT,Electric Utility,1,85.0,69.7,87,DFO,NG,Y,DFO,NG,,,,,Y,Y,69.7, ,69.7, ,1H,1H,Y,Y,,
11806,Massachusetts Mun Wholes Electric Co,6081,Stony Brook,MA,Hampden,CT2,OP,CT,Electric Utility,1,85.0,69.7,87,DFO,NG,Y,DFO,NG,,,,,Y,Y,69.7, ,69.7, ,1H,1H,Y,Y,,
11806,Massachusetts Mun Wholes Electric Co,6081,Stony Brook,MA,Hampden,CT3,OP,CT,Electric Utility,1,85.0,69.7,87,DFO,NG,Y,DFO,NG,,,,,Y,Y,69.7, ,69.7, ,1H,1H,Y,Y,,
11820,Massachusetts Inst of Tech,54907,Mass Inst Tech Cntrl Utilities/Cogen Plt,MA,Middlesex,CTG1,OP,GT,Commercial CHP,5,21.2,19,23,NG,DFO,N,,,,,,,Y,Y,19,21,19,21,1H,1H,Y,,Y,
12186,McMinnville Electric System,55928,McMinnville,TN,Warren,12,OP,IC,Electric Utility,1,2.0,1.8,1.8,OBL,DFO,Y,OBL,DFO,,,,,N,, , , , ,,,,,,
12199,Montana-Dakota Utilities Co,2176,Glendive GT,MT,Dawson,GT-2,OP,GT,Electric Utility,1,43.0,40.1,43.2,NG,,N,NG,DFO,,,,,Y,N,40.4,42,38.7,40.3,1H,1H,Y,Y,,
12199,Montana-Dakota Utilities Co,2176,Glendive GT,MT,Dawson,GT1,OP,GT,Electric Utility,1,40.7,34.8,40.9,NG,DFO,N,NG,DFO,,,,,Y,N,34.6,43.7,32.6,41.7,1H,1H,Y,Y,,
12199,Montana-Dakota Utilities Co,2177,Miles City GT,MT,Custer,1,OP,GT,Electric Utility,1,23.3,23.6,27.5,NG,DFO,N,NG,DFO,,,,,Y,Y,22.6,24.5,20.6,22.5,1H,1H,Y,Y,,
12199,Montana-Dakota Utilities Co,6089,Lewis & Clark,MT,Richland,1,OP,ST,Electric Utility,1,50.0,53.1,44,LIG,NG,Y,LIG,NG,,,,,N,, , , , ,,,,,,
12208,City of McPherson - (KS),1305,McPherson 2,KS,McPherson,GT1,OP,GT,Electric Utility,1,72.4,52,60,NG,DFO,N,,,,,,,Y,Y,52,60,50,60,1H,1H,N,,,
12208,City of McPherson - (KS),1305,McPherson 2,KS,McPherson,GT3,OP,GT,Electric Utility,1,71.2,52,60,NG,DFO,N,,,,,,,Y,Y,52,60,50,60,1H,1H,N,,,
12208,City of McPherson - (KS),7515,McPherson 3,KS,McPherson,NA1,OP,GT,Electric Utility,1,115.6,79.3,99.9,NG,DFO,N,,,,,,,Y,Y,80,99,78,85,1H,1H,Y,Y,,
12221,MRWPCA,54951,Monterey Regional Water Cogen Facility,CA,Monterey,EG1,OP,IC,Commercial CHP,5,0.6,0.6,0.6,OBG,NG,Y,OBG,NG,,,,,N,, , , , ,,,,,,
12221,MRWPCA,54951,Monterey Regional Water Cogen Facility,CA,Monterey,EG2,OP,IC,Commercial CHP,5,0.6,0.6,0.6,OBG,NG,Y,OBG,NG,,,,,N,, , , , ,,,,,,
12221,MRWPCA,54951,Monterey Regional Water Cogen Facility,CA,Monterey,EG3,OP,IC,Commercial CHP,5,0.6,0.6,0.6,OBG,NG,Y,OBG,NG,,,,,N,, , , , ,,,,,,
12222,Mead Coated Board Inc,54802,Mead Coated Board,AL,Russell,GEN1,OP,ST,Industrial CHP,7,32.0,32,32,WDS,BLQ,Y,WDS,BLQ,NG,DFO,,,N,, , , , ,UNK,,,,,
12222,Mead Coated Board Inc,54802,Mead Coated Board,AL,Russell,GEN2,OP,ST,Industrial CHP,7,55.5,55.5,55.5,WDS,BLQ,Y,WDS,BLQ,NG,DFO,,,N,, , , , ,UNK,,,,,
12242,City of Meade - (KS),1306,Meade,KS,Meade,2,OP,IC,Electric Utility,1,0.9,0.8,0.8,NG,DFO,Y,DFO,NG,,,,,Y,N,0.6, ,0.6, ,1H,1H,N,,,
12242,City of Meade - (KS),1306,Meade,KS,Meade,3,OP,IC,Electric Utility,1,1.1,1.1,1.1,NG,DFO,Y,DFO,NG,,,,,Y,N,0.9, ,0.9, ,1H,1H,N,,,
12242,City of Meade - (KS),1306,Meade,KS,Meade,4,OP,IC,Electric Utility,1,1.4,1.3,1.4,NG,DFO,Y,DFO,NG,,,,,Y,N,1.3, ,1.3, ,1H,1H,N,,,
12242,City of Meade - (KS),1306,Meade,KS,Meade,5,OP,IC,Electric Utility,1,2.1,1.7,1.7,DFO,NG,Y,DFO,NG,,,,,Y,N,1.7, ,1.7, ,1H,1H,N,,,
12242,City of Meade - (KS),1306,Meade,KS,Meade,6,OP,IC,Electric Utility,1,2.7,1.9,2,NG,DFO,Y,DFO,NG,,,,,Y,N,1.9, ,2, ,1H,1H,N,,,
12258,Medical Area Total Egy Plt Inc,10883,Medical Area Total Energy Plant,MA,Suffolk,CT1,OP,GT,Commercial CHP,5,12.5,12.5,12.5,NG,DFO,N,,,,,,,Y,Y,11.5, ,10.5, ,1H,1H,N,,,
12258,Medical Area Total Egy Plt Inc,10883,Medical Area Total Energy Plant,MA,Suffolk,CT2,OP,GT,Commercial CHP,5,12.5,12.5,12.5,NG,DFO,N,,,,,,,Y,Y,11.5, ,10.5, ,1H,1H,N,,,
12294,City of Memphis - (MO),2145,Memphis,MO,Scotland,1,OP,IC,Electric Utility,1,0.6,0.6,0.6,DFO,NG,N,,,,,,,Y,Y,0.6, ,0.6, ,1H,1H,N,,,
12294,City of Memphis - (MO),2145,Memphis,MO,Scotland,8,OP,IC,Electric Utility,1,1.3,1.3,1.3,DFO,NG,N,,,,,,,Y,Y,1.2, ,1.2, ,1H,1H,N,,,
12294,City of Memphis - (MO),2145,Memphis,MO,Scotland,9,OP,IC,Electric Utility,1,1.3,1.3,1.3,DFO,NG,N,,,,,,,Y,Y,1.2, ,1.2, ,1H,1H,N,,,
12303,Merck & Co Inc-West Point,52149,West Point (PA),PA,Montgomery,GEN1,OS,ST,Industrial CHP,7,3.0,3,3,NG,DFO,N,,,,,,,Y,N,3,3,3,3,UNK,UNK,Y,,Y,
12307,MeadWestvaco Corp,50101,MeadWestvaco Evadale,TX,Jasper,GEN1,OP,ST,Industrial CHP,7,7.5,9.5,9.5,BLQ,WDS,Y,BLQ,WDS,NG,,,,N,, , , , ,,,,,,
12307,MeadWestvaco Corp,50101,MeadWestvaco Evadale,TX,Jasper,GEN2,OP,ST,Industrial CHP,7,32.6,36,36,BLQ,WDS,Y,BLQ,WDS,NG,,,,N,, , , , ,,,,,,
12307,MeadWestvaco Corp,50101,MeadWestvaco Evadale,TX,Jasper,GEN3,OP,ST,Industrial CHP,7,17.6,18,18,BLQ,WDS,Y,BLQ,WDS,NG,,,,N,, , , , ,,,,,,
12311,Merck & Co Inc,10224,Merck Rahway Power Plant,NJ,UNION,GEN8,OP,ST,Industrial CHP,7,5.0,4.8,4.8,NG,DFO,Y,NG,DFO,,,,,Y,N,4.8, ,4.8, ,6H,,Y,,Y,
12311,Merck & Co Inc,10224,Merck Rahway Power Plant,NJ,UNION,GEN9,OP,ST,Industrial CHP,7,10.8,10,10.2,NG,DFO,Y,NG,DFO,,,,,Y,N,10, ,10, ,6H,,Y,,Y,
12320,Merck & Co Inc,52148,Elkton,VA,Rockingham,GEN1,OP,ST,Industrial CHP,7,7.2,1.2,2.6,NG,DFO,N,,,,,,,Y,Y,6, ,6, ,1H,1H,Y,Y,,
12341,MidAmerican Energy Co,1081,Riverside,IA,Scott,5,OP,ST,Electric Utility,1,136.0,133.3,133.3,SUB,NG,Y,SUB,NG,,,,,N,, , , , ,,,,,,
12341,MidAmerican Energy Co,1082,Walter Scott Jr Energy Center,IA,Pottawattamie,1,OP,ST,Electric Utility,1,49.0,37.4,37.4,SUB,NG,Y,SUB,NG,,,,,N,, , , , ,,,,,,
12341,MidAmerican Energy Co,1082,Walter Scott Jr Energy Center,IA,Pottawattamie,2,OP,ST,Electric Utility,1,81.6,80.8,80.8,SUB,NG,Y,SUB,NG,,,,,N,, , , , ,,,,,,
12341,MidAmerican Energy Co,1091,George Neal North,IA,Woodbury,1,OP,ST,Electric Utility,1,147.0,134.3,134.3,SUB,NG,Y,BIT,SUB,NG,,,,N,, , , , ,,,,,,
12341,MidAmerican Energy Co,1091,George Neal North,IA,Woodbury,2,OP,ST,Electric Utility,1,349.2,283.7,283.7,SUB,NG,Y,BIT,SUB,,,,,N,, , , , ,,,,,,
12341,MidAmerican Energy Co,6063,Electrifarm,IA,Black Hawk,1,OP,GT,Electric Utility,1,71.2,59.2,74.7,NG,DFO,Y,NG,DFO,,,,,Y,Y,60, ,60, ,1H,1H,N,,,
12341,MidAmerican Energy Co,6063,Electrifarm,IA,Black Hawk,2,OP,GT,Electric Utility,1,89.0,66.5,81,NG,DFO,Y,NG,DFO,,,,,Y,Y,67.8, ,67.8, ,1H,1H,N,,,
12341,MidAmerican Energy Co,6063,Electrifarm,IA,Black Hawk,3,OP,GT,Electric Utility,1,103.9,69.4,88.7,NG,DFO,Y,NG,DFO,,,,,Y,Y,72, ,72, ,1H,1H,N,,,
12341,MidAmerican Energy Co,7145,Pleasant Hill,IA,Polk,1,OP,GT,Electric Utility,1,41.4,38,47,NG,DFO,Y,NG,DFO,,,,,Y,Y,38.5, ,38.5, ,1H,1H,N,,,
12341,MidAmerican Energy Co,7145,Pleasant Hill,IA,Polk,2,OP,GT,Electric Utility,1,41.4,37.8,47,NG,DFO,Y,NG,DFO,,,,,Y,Y,38.5, ,38.5, ,1H,1H,N,,,
12341,MidAmerican Energy Co,7145,Pleasant Hill,IA,Polk,3,OP,GT,Electric Utility,1,97.0,84.2,100,NG,DFO,Y,NG,DFO,,,,,Y,Y,83.5, ,83.5, ,1H,1H,N,,,
12341,MidAmerican Energy Co,8029,Sycamore (IA),IA,Polk,1,OP,GT,Electric Utility,1,78.8,75.5,95,NG,DFO,Y,NG,DFO,,,,,Y,Y,74.5, ,74.5, ,1H,1H,N,,,
12341,MidAmerican Energy Co,8029,Sycamore (IA),IA,Polk,2,OP,GT,Electric Utility,1,78.8,73,95,NG,DFO,Y,NG,DFO,,,,,Y,Y,74.5, ,74.5, ,1H,1H,N,,,
12411,Miami Dade Water & Sewer Dept,54624,South District Wastewater Treatment Plt,FL,Miami Dade,2,OP,IC,Commercial CHP,5,0.9,0.9,0.9,OBG,LFG,Y,OBG,LFG,NG,,,,N,, , , , ,,,,,,
12411,Miami Dade Water & Sewer Dept,54624,South District Wastewater Treatment Plt,FL,Miami Dade,3,OP,IC,Commercial CHP,5,0.9,0.9,0.9,OBG,LFG,Y,OBG,LFG,NG,,,,N,, , , , ,,,,,,
12436,Michigan State University,10328,T B Simon Power Plant,MI,Ingham,GEN1,OP,ST,Commercial CHP,5,12.5,12.5,12.5,NG,BIT,Y,BIT,NG,,,,,N,, , , , ,,,,,,
12436,Michigan State University,10328,T B Simon Power Plant,MI,Ingham,GEN2,OP,ST,Commercial CHP,5,12.5,12.5,12.5,NG,BIT,Y,BIT,NG,,,,,N,, , , , ,,,,,,
12436,Michigan State University,10328,T B Simon Power Plant,MI,Ingham,GEN3,OP,ST,Commercial CHP,5,15.0,15,15,NG,BIT,Y,BIT,NG,,,,,N,, , , , ,,,,,,
12436,Michigan State University,10328,T B Simon Power Plant,MI,Ingham,GEN4,OP,ST,Commercial CHP,5,21.0,21,21,NG,BIT,Y,BIT,NG,WDS,,,,N,, , , , ,,,,,,
12436,Michigan State University,10328,T B Simon Power Plant,MI,Ingham,GEN5,OP,ST,Commercial CHP,5,24.0,23.8,23.8,NG,BIT,Y,BIT,NG,,,,,N,, , , , ,,,,,,
12490,Middletown Power LLC,562,Middletown,CT,Middlesex,2,OP,ST,IPP Non-CHP,2,113.6,117,120,RFO,NG,Y,RFO,NG,,,,,Y,Y,117,120,117,120,6H,6H,Y,Y,,
12490,Middletown Power LLC,562,Middletown,CT,Middlesex,3,OP,ST,IPP Non-CHP,2,239.4,236,245,RFO,NG,Y,RFO,NG,,,,,Y,Y,236,245,236,245,6H,6H,Y,Y,,
12564,Mid-Georgia Cogen LP,55040,Mid-Georgia Cogeneration Facility,GA,Houston,CT1,OP,CT,IPP CHP,3,106.5,101.5,115,NG,DFO,N,,,,,,,Y,Y,101.5,115,101.5,120,1H,1H,Y,Y,,
12564,Mid-Georgia Cogen LP,55040,Mid-Georgia Cogeneration Facility,GA,Houston,CT2,OP,CT,IPP CHP,3,106.5,101.5,115,NG,DFO,N,,,,,,,Y,Y,106.5,115,101.5,120,1H,1H,Y,Y,,
12564,Mid-Georgia Cogen LP,55040,Mid-Georgia Cogeneration Facility,GA,Houston,ST1,OP,CA,IPP CHP,3,110.0,100,100,NG,DFO,N,,,,,,,Y,Y,100,100,91,91,1H,1H,Y,Y,,
12619,Milwaukee Metro Sewerage Dist,54851,MMSD Jones Island Wastewater,WI,Milwaukee,GEN1,OP,GT,Commercial CHP,5,17.5,13,15,NG,DFO,Y,NG,DFO,,,,,Y,Y,13, ,13, ,1H,1H,Y,Y,Y,
12619,Milwaukee Metro Sewerage Dist,54851,MMSD Jones Island Wastewater,WI,Milwaukee,SOL1,OP,GT,Commercial CHP,5,4.6,4.6,4.6,LFG,NG,Y,LFG,NG,,,,,N,, , , , ,,,,,,
12619,Milwaukee Metro Sewerage Dist,54851,MMSD Jones Island Wastewater,WI,Milwaukee,SOL2,OP,GT,Commercial CHP,5,4.6,4.6,4.6,LFG,NG,Y,LFG,NG,,,,,N,, , , , ,,,,,,
12619,Milwaukee Metro Sewerage Dist,54851,MMSD Jones Island Wastewater,WI,Milwaukee,SOL3,OP,GT,Commercial CHP,5,4.6,4.6,4.6,LFG,NG,Y,LFG,NG,,,,,N,, , , , ,,,,,,
12628,NRG Chalk Point LLC,1571,Chalk Point LLC,MD,Prince Georges,3,OP,ST,IPP Non-CHP,2,659.0,582,582,RFO,NG,Y,RFO,NG,,,,,Y,Y,612,612,612, ,6H,6H,Y,,Y,
12628,NRG Chalk Point LLC,1571,Chalk Point LLC,MD,Prince Georges,4,OP,ST,IPP Non-CHP,2,659.0,582,582,RFO,NG,Y,RFO,NG,,,,,Y,Y,612,612,612, ,6H,6H,Y,,Y,
12628,NRG Chalk Point LLC,1571,Chalk Point LLC,MD,Prince Georges,GT3,OP,GT,IPP Non-CHP,2,103.0,73,92,DFO,NG,N,,,,,,,Y,Y,86,86,86,86,1H,1H,Y,,Y,
12628,NRG Chalk Point LLC,1571,Chalk Point LLC,MD,Prince Georges,GT4,OP,GT,IPP Non-CHP,2,103.0,73,92,DFO,NG,N,,,,,,,Y,Y,86,86,86,86,1H,1H,Y,,Y,
12628,NRG Chalk Point LLC,1571,Chalk Point LLC,MD,Prince Georges,GT5,OP,GT,IPP Non-CHP,2,125.0,81,107,DFO,NG,N,,,,,,,Y,Y,109,109,109,109,1H,1H,Y,,Y,
12628,NRG Chalk Point LLC,1571,Chalk Point LLC,MD,Prince Georges,GT6,OP,GT,IPP Non-CHP,2,125.0,81,107,DFO,NG,N,,,,,,,Y,Y,109,109,109,109,1H,1H,Y,,Y,
12628,NRG Chalk Point LLC,1571,Chalk Point LLC,MD,Prince Georges,SGT1,OP,GT,IPP Non-CHP,2,94.0,71,90,DFO,NG,N,,,,,,,Y,Y,84,109,84,109,1H,1H,Y,,Y,
12632,Minnesota Mining & Mfg Co,10184,Central Utility Plant,TX,Travis,EG1,OP,IC,Commercial CHP,5,6.0,1.9,2.6,NG,DFO,Y,NG,DFO,,,,,Y,Y,6,6,6,6,1H,1H,Y,,Y,
12632,Minnesota Mining & Mfg Co,10184,Central Utility Plant,TX,Travis,EG2,OP,IC,Commercial CHP,5,6.0,2.8,2.2,NG,DFO,Y,NG,DFO,,,,,Y,Y,6,6,6,6,1H,1H,Y,,Y,
12632,Minnesota Mining & Mfg Co,10184,Central Utility Plant,TX,Travis,TG1,OP,ST,Commercial CHP,5,2.3,2.3,2.2,NG,DFO,Y,NG,DFO,,,,,Y,Y,2.3,2.3,2.3,2.3,1H,1H,Y,,Y,
12647,Minnesota Power Inc,1891,Syl Laskin,MN,St Louis,1,OP,ST,Electric Utility,1,58.0,44.4,44.4,SUB,NG,Y,SUB,NG,,,,,,, , , , ,,,,,,
12647,Minnesota Power Inc,1891,Syl Laskin,MN,St Louis,2,OP,ST,Electric Utility,1,58.0,44.5,44.5,SUB,NG,Y,SUB,NG,,,,,,, , , , ,,,,,,
12647,Minnesota Power Inc,1897,M L Hibbard,MN,St Louis,3,OP,ST,Industrial CHP,7,35.3,25.6,25.6,WDS,SUB,Y,WDS,SUB,NG,,,,N,, , , , ,,,,,,
12647,Minnesota Power Inc,1897,M L Hibbard,MN,St Louis,4,OP,ST,Industrial CHP,7,37.5,32.4,32.4,WDS,SUB,Y,WDS,SUB,,,,,N,, , , , ,,,,,,
12647,Minnesota Power Inc,10686,Rapids Energy Center,MN,Itasca,7,OP,ST,Electric Utility,1,14.0,15.1,15.1,WDS,SUB,Y,WDS,SUB,,,,,N,, , , , ,,,,,,
12653,GenOn Mid-Atlantic LLC,1572,Dickerson,MD,Montgomery,2,OP,ST,IPP Non-CHP,2,196.0,179,179,BIT,DFO,Y,BIT,DFO,,,,,,, , , , ,,,,,,
12653,GenOn Mid-Atlantic LLC,1572,Dickerson,MD,Montgomery,3,OP,ST,IPP Non-CHP,2,196.0,179,179,BIT,DFO,Y,BIT,DFO,,,,,,, , , , ,,,,,,
12653,GenOn Mid-Atlantic LLC,1572,Dickerson,MD,Montgomery,GT2,OP,GT,IPP Non-CHP,2,163.0,147,167,NG,DFO,N,,,,,,,Y,Y,147,167,147,163,1H,1H,N,,,
12653,GenOn Mid-Atlantic LLC,1572,Dickerson,MD,Montgomery,GT3,OP,GT,IPP Non-CHP,2,163.0,147,167,NG,DFO,N,,,,,,,Y,Y,147,167,147,163,1H,1H,N,,,
12653,GenOn Mid-Atlantic LLC,1572,Dickerson,MD,Montgomery,ST1,OP,ST,IPP Non-CHP,2,196.0,179,179,BIT,DFO,Y,BIT,DFO,,,,,,, , , , ,1H,,,,,
12653,GenOn Mid-Atlantic LLC,1573,Morgantown Generating Plant,MD,Charles,ST1,OP,ST,IPP Non-CHP,2,626.0,596,596,BIT,DFO,Y,BIT,RFO,,,,,N,, , , , ,,,,,,
12653,GenOn Mid-Atlantic LLC,1573,Morgantown Generating Plant,MD,Charles,ST2,OP,ST,IPP Non-CHP,2,626.0,609,609,BIT,DFO,Y,BIT,RFO,,,,,N,, , , , ,,,,,,
12667,Minnesota Municipal Power Agny,56164,Faribault Energy Park,MN,Rice,EU01,OP,CT,Electric Utility,1,212.5,153,182,NG,DFO,N,,,,,,,Y,Y,153,185,160,185,1H,1H,N,,,
12667,Minnesota Municipal Power Agny,56164,Faribault Energy Park,MN,Rice,HRSG,OP,CA,Electric Utility,1,122.0,108,108,NG,DFO,N,,,,,,,Y,Y,108,108,86,86,1H,1H,N,,,
12685,Entergy Mississippi Inc,2050,Baxter Wilson,MS,Warren,1,OP,ST,Electric Utility,1,544.6,495.6,515,NG,RFO,Y,NG,RFO,,,,,Y,Y,500, ,400, ,6H,,N,,,
12685,Entergy Mississippi Inc,2050,Baxter Wilson,MS,Warren,2,OP,ST,Electric Utility,1,783.0,667.1,684,NG,RFO,Y,NG,RFO,,,,,Y,Y,720, ,650, ,6H,,N,,,
12685,Entergy Mississippi Inc,8054,Gerald Andrus,MS,Washington,1,OP,ST,Electric Utility,1,781.4,672.6,691,NG,RFO,Y,NG,RFO,,,,,Y,Y,741, ,741, ,6H,6H,N,,,
12686,Mississippi Power Co,2049,Jack Watson,MS,Harrison,4,OP,ST,Electric Utility,1,299.2,232,232,BIT,NG,Y,BIT,NG,,,,,N,, , , , ,,,,,,
12686,Mississippi Power Co,2049,Jack Watson,MS,Harrison,5,OP,ST,Electric Utility,1,578.0,474,474,BIT,NG,Y,BIT,NG,,,,,N,, , , , ,,,,,,
12686,Mississippi Power Co,6073,Victor J Daniel Jr,MS,Jackson,1,OP,ST,Electric Utility,1,548.3,510,510,SUB,BIT,Y,BIT,SUB,,,,,N,, , , , ,,,,,,
12686,Mississippi Power Co,6073,Victor J Daniel Jr,MS,Jackson,2,OP,ST,Electric Utility,1,548.3,510,510,SUB,BIT,Y,BIT,SUB,,,,,N,, , , , ,,,,,,
12713,Millennium Power Partners LP,55079,Millennium Power,MA,Worcester,CT01,OP,CT,IPP Non-CHP,2,230.0,214.8,246.2,NG,DFO,N,,,,,,,Y,Y,214.5, ,214.5, ,UNK,UNK,Y,Y,Y,
12736,Exxon Mobil Oil Corporation,50624,ExxonMobil Oil Torrance Refinery,CA,Los Angeles,GTG1,OP,GT,Industrial CHP,7,22.5,22.5,22.5,NG,OG,Y,NG,OG,,,,,N,N, , , , ,,,,,,
12745,Modesto Irrigation District,151,McClure,CA,Stanislaus,1,OP,GT,Electric Utility,1,71.2,56,61,DFO,NG,Y,DFO,NG,KER,JF,,,Y,Y,56, ,56, ,1H,1H,Y,,Y,
12745,Modesto Irrigation District,151,McClure,CA,Stanislaus,2,OP,GT,Electric Utility,1,71.2,56,61,DFO,NG,Y,DFO,NG,KER,JF,,,Y,Y,56, ,56, ,1H,1H,Y,,Y,
12792,NRG New York LLC,2625,Bowline Point,NY,Rockland,1,OP,ST,IPP Non-CHP,2,621.0,575,578,NG,RFO,Y,NG,RFO,,,,,Y,Y,572,572,572,572,24H,24H,Y,Y,,
12792,NRG New York LLC,2625,Bowline Point,NY,Rockland,2,OP,ST,IPP Non-CHP,2,621.0,578,578,NG,RFO,Y,NG,RFO,,,,,Y,Y,167,167,167,167,24H,24H,Y,Y,,
12807,Michigan South Central Pwr Agy,4259,Endicott Station,MI,HILLSDALE,1,OP,ST,Electric Utility,1,55.0,50,55,BIT,TDF,Y,TDF,BIT,PC,,,,N,N, , , , ,,,,,,
12839,City of Montezuma - (IA),1165,Montezuma,IA,Poweshiek,6,OP,IC,Electric Utility,1,1.7,1.6,1.7,NG,DFO,Y,DFO,NG,,,,,Y,Y,1.6, ,1.7, ,1H,1H,Y,,Y,
12839,City of Montezuma - (IA),1165,Montezuma,IA,Poweshiek,7,OP,IC,Electric Utility,1,2.5,2.3,2.5,NG,DFO,Y,DFO,NG,,,,,Y,Y,2.3, ,2.5, ,1H,1H,Y,,Y,
12900,City of Mora - (MN),1997,Mora,MN,Kanabec,2,OP,IC,Electric Utility,1,1.1,1.2,1.2,NG,DFO,N,,,,,,,Y,N,1.2,1.2,1.2,1.2,6H,6H,N,,,
12900,City of Mora - (MN),1997,Mora,MN,Kanabec,5,OP,IC,Electric Utility,1,5.7,5.7,5.7,NG,DFO,N,,,,,,,Y,N,5.7,5.7,5.7,5.7,6H,6H,N,,,
12900,City of Mora - (MN),1997,Mora,MN,Kanabec,6,OP,IC,Electric Utility,1,7.0,6.3,6.3,NG,DFO,N,,,,,,,Y,N,6.3,6.3,6.3,6.3,6H,6H,N,,,
12986,Morton Salt Inc,54335,Morton Salt Rittman,OH,Wayne,GEN1,OP,ST,Industrial CHP,7,1.5,1.5,1.5,BIT,NG,Y,BIT,NG,,,,,N,, , , , ,,,,,,
13008,Expera Mosinee LLC,50614,Expera Specialty Solutions - Mosinee Mill,WI,Marathon,GEN1,OP,ST,Industrial CHP,7,15.0,13,13,BLQ,BIT,Y,BIT,BLQ,NG,SLW,WDS,RFO,N,, , , , ,,,,,,
13008,Expera Mosinee LLC,50614,Expera Specialty Solutions - Mosinee Mill,WI,Marathon,WEST,OP,ST,Industrial CHP,7,5.0,5,5,BLQ,BIT,Y,BIT,BLQ,RFO,WDS,SLW,NG,N,, , , , ,,,,,,
13048,City of Mountain Lake - (MN),1998,Mountain Lake,MN,Cottonwood,2,OP,IC,Electric Utility,1,1.1,0.9,1.1,DFO,NG,Y,DFO,NG,,,,,Y,Y,0.9, ,0.9, ,1H,1H,Y,Y,,
13048,City of Mountain Lake - (MN),1998,Mountain Lake,MN,Cottonwood,4,OP,IC,Electric Utility,1,2.0,1.8,1.9,DFO,NG,Y,DFO,NG,,,,,Y,Y,1.8, ,1.8, ,1H,1H,Y,Y,,
13048,City of Mountain Lake - (MN),1998,Mountain Lake,MN,Cottonwood,5,OP,IC,Electric Utility,1,1.3,1.2,1.3,DFO,NG,Y,DFO,NG,,,,,Y,Y,1.2, ,1.2, ,1H,1H,Y,Y,,
13060,Mt Poso Cogeneration Co,54626,Mt Poso Cogeneration,CA,Kern,TG01,OP,ST,IPP CHP,3,62.0,42.4,42.4,WDS,NG,Y,WDS,NG,,,,,,, , , , ,,,,,,
13095,City of Mulvane - (KS),1308,Mulvane Power Plant,KS,Sumner,3,OP,IC,Electric Utility,1,1.3,1.2,1.2,NG,DFO,,,,,,,,Y,,1.2,1.2,1.2,1.2,1H,1H,N,,,
13095,City of Mulvane - (KS),1308,Mulvane Power Plant,KS,Sumner,4,OP,IC,Electric Utility,1,1.3,1.2,1.2,NG,DFO,,,,,,,,Y,,1.2,1.2,1.2,1.2,1H,1H,N,,,
13095,City of Mulvane - (KS),1308,Mulvane Power Plant,KS,Sumner,6,OP,IC,Electric Utility,1,2.0,1.9,2,NG,DFO,,,,,,,,Y,Y,1.9,2,1.9,2,1H,1H,N,,,
13143,Board of Water Electric & Communications,1167,Muscatine Plant #1,IA,Muscatine,7,OP,ST,Electric Utility,1,25.0,24.5,24.5,SUB,NG,Y,SUB,NG,,,,,N,N, , , , ,,,,,,
13143,Board of Water Electric & Communications,1167,Muscatine Plant #1,IA,Muscatine,8,OP,ST,Electric Utility,1,75.0,25.1,25.1,SUB,NG,Y,SUB,NG,,,,,N,N, , , , ,,,,,,
13143,Board of Water Electric & Communications,1167,Muscatine Plant #1,IA,Muscatine,8A,OP,ST,Electric Utility,1,18.0,18.8,18.8,SUB,NG,Y,SUB,NG,,,,,N,N, , , , ,,,,,,
13444,City of New Hampton - (IA),1168,New Hampton,IA,Chickasaw,3,SB,IC,Electric Utility,1,3.5,3.5,3.5,NG,DFO,N,,,,,,,Y,Y,3.5, ,3.5, ,1H,1H,N,,,
13444,City of New Hampton - (IA),1168,New Hampton,IA,Chickasaw,4,SB,IC,Electric Utility,1,6.2,5,5,NG,DFO,N,,,,,,,Y,Y,5, ,5, ,1H,1H,N,,,
13444,City of New Hampton - (IA),1168,New Hampton,IA,Chickasaw,5,SB,IC,Electric Utility,1,6.2,5,5,NG,DFO,N,,,,,,,Y,Y,5, ,5, ,1H,1H,N,,,
13478,Entergy New Orleans Inc,1409,Michoud,LA,Orleans,3,OP,ST,Electric Utility,1,582.2,541.9,539,NG,,Y,NG,RFO,,,,,N,, , , , ,,,,,,
13480,New Prague Utilities Comm,1999,New Prague,MN,Le Sueur,2,OP,IC,Electric Utility,1,4.4,4.4,4.4,NG,DFO,Y,NG,DFO,,,,,N,N, , , , ,1H,1H,,,,
13480,New Prague Utilities Comm,1999,New Prague,MN,Le Sueur,3,OP,IC,Electric Utility,1,2.4,2.4,2.4,NG,DFO,Y,NG,DFO,,,,,N,N, , , , ,1H,,,,,
13480,New Prague Utilities Comm,1999,New Prague,MN,Le Sueur,4,OP,IC,Electric Utility,1,3.5,3.5,3.5,NG,DFO,Y,NG,DFO,,,,,N,N, , , , ,1H,,,,,
13480,New Prague Utilities Comm,1999,New Prague,MN,Le Sueur,6,OP,IC,Electric Utility,1,6.0,5.9,5.9,NG,DFO,Y,NG,DFO,,,,,N,N, , , , ,1H,,,,,
13491,New York University,54808,New York University Central Plant,NY,New York,GT1,OP,CT,Commercial CHP,5,5.5,5.5,5.5,NG,DFO,Y,NG,DFO,,,,,Y,Y,5.5,5.5,5.5,5.5,1H,1H,Y,Y,,
13491,New York University,54808,New York University Central Plant,NY,New York,GT2,OP,CT,Commercial CHP,5,5.5,5.5,5.5,NG,DFO,Y,NG,DFO,,,,,Y,Y,5.5,5.5,5.5,5.5,1H,1H,Y,Y,,
13492,New Hope Power Company,54627,Okeelanta Cogeneration,FL,Palm Beach,GEN1,OP,ST,IPP CHP,3,74.9,74.9,74.9,AB,WDS,Y,AB,DFO,NG,WDS,,,N,, , , , ,,,,,,
13492,New Hope Power Company,54627,Okeelanta Cogeneration,FL,Palm Beach,GEN2,OP,ST,IPP CHP,3,54.0,30,30,AB,WDS,Y,AB,DFO,NG,WDS,,,N,, , , , ,,,,,,
13538,EP Newington Energy LLC,55661,EP Newington Energy LLC,NH,Rockingham,GT-1,OP,CT,IPP Non-CHP,2,185.6,152,183,NG,DFO,N,,,,,,,Y,Y,152,183,156,186,1H,6H,Y,Y,Y,
13538,EP Newington Energy LLC,55661,EP Newington Energy LLC,NH,Rockingham,GT-2,OP,CT,IPP Non-CHP,2,185.6,152,183,NG,DFO,N,,,,,,,Y,Y,152,183,156,186,1H,6H,Y,Y,Y,
13542,Newman & Co Inc,54250,Newman (PA),PA,PHILADELPHIA,001,OP,ST,Industrial CHP,7,1.8,1.8,1.8,NG,RFO,N,,,,,,,Y,Y,1.8,1.8,1.8,1.8,1H,1H,N,,,
13582,NRG Astoria Gas Turbine Operations Inc,55243,Astoria Gas Turbines,NY,Queens,2-1,OP,GT,IPP Non-CHP,2,41.9,37.3,43.9,NG,KER,N,,,,,,,Y,Y,35,43.9,35,43.9,1H,1H,Y,,Y,Y
13582,NRG Astoria Gas Turbine Operations Inc,55243,Astoria Gas Turbines,NY,Queens,2-2,OP,GT,IPP Non-CHP,2,41.9,35.1,43.1,NG,KER,N,,,,,,,Y,Y,35,43.1,35,43.1,1H,1H,Y,,Y,Y
13582,NRG Astoria Gas Turbine Operations Inc,55243,Astoria Gas Turbines,NY,Queens,2-3,OP,GT,IPP Non-CHP,2,41.9,35.9,42.8,NG,KER,N,,,,,,,Y,Y,35,42.8,35,42.8,1H,1H,Y,,Y,Y
13582,NRG Astoria Gas Turbine Operations Inc,55243,Astoria Gas Turbines,NY,Queens,2-4,OP,GT,IPP Non-CHP,2,41.9,34.8,41.1,NG,KER,N,,,,,,,Y,Y,35,41.1,35,41.1,1H,1H,Y,,Y,Y
13582,NRG Astoria Gas Turbine Operations Inc,55243,Astoria Gas Turbines,NY,Queens,3-1,OP,GT,IPP Non-CHP,2,41.9,33.7,43,NG,KER,N,,,,,,,Y,Y,35,43,35,43,1H,1H,Y,,Y,Y
13582,NRG Astoria Gas Turbine Operations Inc,55243,Astoria Gas Turbines,NY,Queens,3-2,OP,GT,IPP Non-CHP,2,41.9,34.7,43,NG,KER,N,,,,,,,Y,Y,35,43,35,43,1H,1H,Y,,Y,Y
13582,NRG Astoria Gas Turbine Operations Inc,55243,Astoria Gas Turbines,NY,Queens,3-3,OP,GT,IPP Non-CHP,2,41.9,32.2,42.8,NG,KER,N,,,,,,,Y,Y,35,42.8,35,42.8,1H,1H,Y,,Y,Y
13582,NRG Astoria Gas Turbine Operations Inc,55243,Astoria Gas Turbines,NY,Queens,3-4,OP,GT,IPP Non-CHP,2,41.9,34.6,42.9,NG,KER,N,,,,,,,Y,Y,35,42.9,35,42.9,1H,1H,Y,,Y,Y
13582,NRG Astoria Gas Turbine Operations Inc,55243,Astoria Gas Turbines,NY,Queens,4-1,OP,GT,IPP Non-CHP,2,41.9,32.9,43.6,NG,KER,N,,,,,,,Y,Y,35,43.6,35,43.6,1H,1H,Y,,Y,Y
13582,NRG Astoria Gas Turbine Operations Inc,55243,Astoria Gas Turbines,NY,Queens,4-2,OP,GT,IPP Non-CHP,2,41.9,32.1,43.5,NG,KER,N,,,,,,,Y,Y,35,43.5,35,43.5,1H,1H,Y,,Y,Y
13582,NRG Astoria Gas Turbine Operations Inc,55243,Astoria Gas Turbines,NY,Queens,4-3,OP,GT,IPP Non-CHP,2,41.9,33,43.2,NG,KER,N,,,,,,,Y,Y,35,43.2,35,43.2,1H,1H,Y,,Y,Y
13582,NRG Astoria Gas Turbine Operations Inc,55243,Astoria Gas Turbines,NY,Queens,4-4,OP,GT,IPP Non-CHP,2,41.9,34,43.1,NG,KER,N,,,,,,,Y,Y,35,43.1,35,43.1,1H,1H,Y,,Y,Y
13587,Nissequoque Cogen Partners,54149,Stony Brook Cogen Plant,NY,Suffolk,GEN1,OP,GT,IPP CHP,3,47.0,44.5,47.1,NG,DFO,N,,,,,,,Y,Y,42,44,42,44,1H,1H,Y,Y,Y,
13630,North Carolina Mun Power Agny #1,57505,Monroe Generating Station,NC,Union,1,OP,GT,Electric Utility,1,15.0,12,15,NG,DFO,N,,,,,,,Y,Y,12, ,12, ,1H,1H,Y,Y,Y,
13630,North Carolina Mun Power Agny #1,57505,Monroe Generating Station,NC,Union,2,OP,GT,Electric Utility,1,15.0,12,15,NG,DFO,N,,,,,,,Y,Y,12, ,12, ,1H,1H,Y,Y,Y,
13683,North Carolina El Member Corp,56249,Anson County Generation Facility,NC,Anson,1,OP,GT,Electric Utility,1,57.3,56.5,61.1,NG,DFO,N,,,,,,,Y,Y,56.5, ,54.9, ,1H,1H,Y,Y,Y,
13683,North Carolina El Member Corp,56249,Anson County Generation Facility,NC,Anson,2,OP,GT,Electric Utility,1,57.3,56.5,61.1,NG,DFO,N,,,,,,,Y,Y,56.5, ,54.9, ,1H,1H,Y,Y,Y,
13683,North Carolina El Member Corp,56249,Anson County Generation Facility,NC,Anson,3,OP,GT,Electric Utility,1,57.3,56.5,61.1,NG,DFO,N,,,,,,,Y,Y,56.5, ,54.9, ,1H,1H,Y,Y,Y,
13683,North Carolina El Member Corp,56249,Anson County Generation Facility,NC,Anson,4,OP,GT,Electric Utility,1,57.3,56.5,61.1,NG,DFO,N,,,,,,,Y,Y,56.5, ,54.9, ,1H,1H,Y,Y,Y,
13683,North Carolina El Member Corp,56249,Anson County Generation Facility,NC,Anson,5,OP,GT,Electric Utility,1,57.3,56.5,61.1,NG,DFO,N,,,,,,,Y,Y,56.5, ,54.9, ,1H,1H,Y,Y,Y,
13683,North Carolina El Member Corp,56249,Anson County Generation Facility,NC,Anson,6,OP,GT,Electric Utility,1,57.3,56.5,61.1,NG,DFO,N,,,,,,,Y,Y,56.5, ,54.9, ,1H,1H,Y,Y,Y,
13683,North Carolina El Member Corp,56292,Hamlet Generating Facility,NC,Richmond,ES1,OP,GT,Electric Utility,1,57.3,56.5,61.1,NG,DFO,N,,,,,,,Y,Y,56.5, ,54.9, ,1H,1H,Y,Y,Y,
13683,North Carolina El Member Corp,56292,Hamlet Generating Facility,NC,Richmond,ES2,OP,GT,Electric Utility,1,57.3,56.5,61.1,NG,DFO,N,,,,,,,Y,Y,56.5, ,54.9, ,1H,1H,Y,Y,Y,
13683,North Carolina El Member Corp,56292,Hamlet Generating Facility,NC,Richmond,ES3,OP,GT,Electric Utility,1,57.3,56.5,61.1,NG,DFO,N,,,,,,,Y,Y,56.5, ,54.9, ,1H,1H,Y,Y,Y,
13683,North Carolina El Member Corp,56292,Hamlet Generating Facility,NC,Richmond,ES4,OP,GT,Electric Utility,1,57.3,56.5,61.1,NG,DFO,N,,,,,,,Y,Y,56.5, ,54.9, ,1H,1H,Y,Y,Y,
13683,North Carolina El Member Corp,56292,Hamlet Generating Facility,NC,Richmond,ES5,OP,GT,Electric Utility,1,57.3,56.5,61.1,NG,DFO,N,,,,,,,Y,Y,56.5, ,54.9, ,1H,1H,Y,Y,Y,
13683,North Carolina El Member Corp,56292,Hamlet Generating Facility,NC,Richmond,ES6,OP,GT,Electric Utility,1,57.3,56.5,61.1,NG,DFO,N,,,,,,,Y,Y,56.5, ,54.9, ,1H,1H,Y,Y,Y,
13695,"North Carolina Power Holdings, LLC",10380,Elizabethtown Power LLC,NC,Bladen,GEN1,OS,ST,IPP CHP,3,34.7,32,32,BIT,TDF,Y,BIT,TDF,,,,,N,, , , , ,,,,,,
13756,Northern Indiana Pub Serv Co,995,Bailly,IN,Porter,7,OP,ST,Electric Utility,1,190.4,160,160,BIT,NG,Y,BIT,NG,,,,,N,, , , , ,,,,,,
13756,Northern Indiana Pub Serv Co,995,Bailly,IN,Porter,8,OP,ST,Electric Utility,1,413.1,320,320,BIT,NG,Y,BIT,NG,,,,,N,, , , , ,,,,,,
13756,Northern Indiana Pub Serv Co,997,Michigan City,IN,LaPorte,12,OP,ST,Electric Utility,1,540.0,469,469,SUB,BIT,Y,SUB,BIT,NG,,,,N,, , , , ,,,,,,
13756,Northern Indiana Pub Serv Co,6085,R M Schahfer,IN,Jasper,15,OP,ST,Electric Utility,1,556.4,472,472,SUB,NG,Y,SUB,NG,,,,,N,, , , , ,,,,,,
13756,Northern Indiana Pub Serv Co,6085,R M Schahfer,IN,Jasper,17,OP,ST,Electric Utility,1,423.5,361,361,BIT,NG,Y,BIT,NG,,,,,N,, , , , ,,,,,,
13756,Northern Indiana Pub Serv Co,6085,R M Schahfer,IN,Jasper,18,OP,ST,Electric Utility,1,423.5,361,361,BIT,NG,Y,BIT,NG,,,,,N,, , , , ,,,,,,
13765,Northlake Energy,54995,Indiana Harbor E 5 AC Station,IN,Lake,17TG,OP,ST,Industrial CHP,7,90.0,90,90,BFG,NG,Y,BFG,NG,,,,,N,N, , , , ,,,,,,
13781,Northern States Power Co - Minnesota,1910,Granite City,MN,Benton,1,OP,GT,Electric Utility,1,18.0,13,16,NG,DFO,N,NG,DFO,,,,,Y,Y,13,16,13,16,1H,,N,,,
13781,Northern States Power Co - Minnesota,1910,Granite City,MN,Benton,2,OP,GT,Electric Utility,1,18.0,13,16,NG,DFO,N,NG,DFO,,,,,Y,Y,13,16,13,16,1H,,N,,,
13781,Northern States Power Co - Minnesota,1910,Granite City,MN,Benton,3,OP,GT,Electric Utility,1,18.0,13,16,NG,DFO,N,NG,DFO,,,,,Y,Y,13,16,13,16,1H,,N,,,
13781,Northern States Power Co - Minnesota,1910,Granite City,MN,Benton,4,OP,GT,Electric Utility,1,18.0,13,16,NG,DFO,N,NG,DFO,,,,,Y,Y,13,16,13,16,1H,,N,,,
13781,Northern States Power Co - Minnesota,1913,Inver Hills,MN,Dakota,1,OP,GT,Electric Utility,1,46.8,47,62,NG,DFO,Y,NG,DFO,,,,,Y,Y,47,62,47,62,1H,1H,N,,,
13781,Northern States Power Co - Minnesota,1913,Inver Hills,MN,Dakota,2,OP,GT,Electric Utility,1,46.8,47,62,NG,DFO,Y,NG,DFO,,,,,Y,Y,47,62,47,62,1H,1H,N,,,
13781,Northern States Power Co - Minnesota,1913,Inver Hills,MN,Dakota,3,OP,GT,Electric Utility,1,46.8,47,62,NG,DFO,Y,NG,DFO,,,,,Y,Y,47,62,47,62,1H,1H,N,,,
13781,Northern States Power Co - Minnesota,1913,Inver Hills,MN,Dakota,4,OP,GT,Electric Utility,1,46.8,47,62,NG,DFO,Y,NG,DFO,,,,,Y,Y,47,62,47,62,1H,1H,N,,,
13781,Northern States Power Co - Minnesota,1913,Inver Hills,MN,Dakota,5,OP,GT,Electric Utility,1,46.8,47,61,NG,DFO,Y,NG,DFO,,,,,Y,Y,47,62,47,62,1H,1H,N,,,
13781,Northern States Power Co - Minnesota,1913,Inver Hills,MN,Dakota,6,OP,GT,Electric Utility,1,46.8,47,62,NG,DFO,Y,NG,DFO,,,,,Y,Y,47,62,47,62,1H,1H,N,,,
13781,Northern States Power Co - Minnesota,1926,Red Wing,MN,Goodhue,1,OP,ST,Electric Utility,1,11.5,9,9,MSW,NG,Y,MSW,NG,WDS,,,,N,, , , , ,,,,,,
13781,Northern States Power Co - Minnesota,1926,Red Wing,MN,Goodhue,2,OP,ST,Electric Utility,1,11.5,9,9,MSW,NG,Y,MSW,NG,WDS,,,,N,, , , , ,,,,,,
13781,Northern States Power Co - Minnesota,1934,Wilmarth,MN,Blue Earth,1,OP,ST,Electric Utility,1,12.5,9,9,MSW,NG,Y,MSW,NG,WDS,,,,N,, , , , ,,,,,,
13781,Northern States Power Co - Minnesota,1934,Wilmarth,MN,Blue Earth,2,OP,ST,Electric Utility,1,12.5,9,9,MSW,NG,Y,MSW,NG,WDS,,,,N,, , , , ,,,,,,
13781,Northern States Power Co - Minnesota,3982,Bay Front,WI,Ashland,4,OP,ST,Electric Utility,1,20.0,15,15,WDS,TDF,Y,WDS,SUB,NG,TDF,,,N,, , , , ,6H,,,,,
13781,Northern States Power Co - Minnesota,3982,Bay Front,WI,Ashland,5,OP,ST,Electric Utility,1,20.0,18,18,WDS,TDF,Y,WDS,SUB,NG,TDF,,,N,, , , , ,6H,,,,,
13781,Northern States Power Co - Minnesota,3982,Bay Front,WI,Ashland,6,OP,ST,Electric Utility,1,27.2,23,23,SUB,NG,Y,SUB,NG,,,,,N,, , , , ,6H,,,,,
13781,Northern States Power Co - Minnesota,3984,Northern States Flambeau,WI,PRICE,1,OP,GT,Electric Utility,1,16.3,12,16,NG,DFO,Y,NG,DFO,,,,,Y,Y,13,17,10,10,1H,1H,Y,Y,,
13781,Northern States Power Co - Minnesota,4005,French Island,WI,La Crosse,1,OP,ST,Electric Utility,1,15.2,9,9,WDS,MSW,Y,MSW,WDS,,,,,N,, , , , ,,,,,,
13781,Northern States Power Co - Minnesota,4005,French Island,WI,La Crosse,2,OP,ST,Electric Utility,1,15.2,8,8,WDS,MSW,Y,MSW,WDS,,,,,N,, , , , ,,,,,,
13781,Northern States Power Co - Minnesota,4014,Wheaton,WI,Chippewa,1,OP,GT,Electric Utility,1,48.5,44,56,NG,DFO,Y,NG,DFO,,,,,Y,Y,44,56,43.1,54.8,1H,1H,Y,Y,,
13781,Northern States Power Co - Minnesota,4014,Wheaton,WI,Chippewa,2,OP,GT,Electric Utility,1,48.5,55,70,NG,DFO,Y,NG,DFO,,,,,Y,Y,55,70,53.9,68.6,1H,1H,Y,Y,,
13781,Northern States Power Co - Minnesota,4014,Wheaton,WI,Chippewa,3,OP,GT,Electric Utility,1,48.5,44,56,NG,DFO,Y,NG,DFO,,,,,Y,Y,44,56,43.1,54.8,1H,1H,Y,Y,,
13781,Northern States Power Co - Minnesota,4014,Wheaton,WI,Chippewa,4,OP,GT,Electric Utility,1,48.5,47,61,NG,DFO,Y,NG,DFO,,,,,Y,Y,47,61,46,59.7,1H,1H,Y,Y,,
13781,Northern States Power Co - Minnesota,7237,Angus Anson,SD,Minnehaha,1,OP,GT,Electric Utility,1,119.7,90,109,NG,DFO,Y,NG,DFO,,,,,Y,Y,90,109,90,109,1H,6H,Y,,Y,
13781,Northern States Power Co - Minnesota,7237,Angus Anson,SD,Minnehaha,2,OP,GT,Electric Utility,1,119.7,90,109,NG,DFO,Y,NG,DFO,,,,,Y,Y,90,109,90,109,1H,6H,Y,,Y,
13809,NorthWestern Energy - (SD),3338,Aberdeen CT,SD,Brown,2,OP,GT,Electric Utility,1,82.2,52,60,NG,DFO,,,,,,,,Y,Y,52,60,50,58,1H,1H,N,,,
13809,NorthWestern Energy - (SD),3344,Huron,SD,Beadle,1,SB,GT,Electric Utility,1,15.0,11,14.5,NG,DFO,N,,,,,,,Y,Y,11, ,11, ,1H,1H,Y,Y,,
13809,NorthWestern Energy - (SD),3344,Huron,SD,Beadle,2A,SB,GT,Electric Utility,1,42.9,43.7,49,NG,DFO,N,,,,,,,Y,Y,42.9, ,42.9, ,1H,1H,Y,Y,,
13809,NorthWestern Energy - (SD),3347,Redfield,SD,Spink,1,SB,IC,Electric Utility,1,1.3,1.3,1.3,NG,DFO,N,,,,,,,Y,Y,1, ,1, ,1H,1H,Y,Y,,
13809,NorthWestern Energy - (SD),3347,Redfield,SD,Spink,2,SB,IC,Electric Utility,1,1.3,1.3,1.3,NG,DFO,N,,,,,,,Y,Y,1, ,1, ,1H,1H,Y,Y,,
13809,NorthWestern Energy - (SD),3347,Redfield,SD,Spink,3,SB,IC,Electric Utility,1,1.3,1.3,1.3,NG,DFO,N,,,,,,,Y,Y,1, ,1, ,1H,1H,Y,Y,,
13809,NorthWestern Energy - (SD),8034,Yankton,SD,Yankton,1,SB,IC,Electric Utility,1,2.2,2.2,2.2,NG,DFO,N,,,,,,,Y,Y,2, ,2, ,1H,1H,Y,Y,,
13809,NorthWestern Energy - (SD),8034,Yankton,SD,Yankton,3,SB,IC,Electric Utility,1,6.5,6.5,6.5,NG,DFO,N,,,,,,,Y,Y,6, ,6, ,1H,1H,Y,Y,,
13875,NRG Energy Center Paxton LLC,50373,Paxton Creek Cogeneration,PA,Dauphin,GEN1,SB,IC,IPP CHP,3,6.3,6,6,NG,DFO,Y,NG,DFO,,,,,Y,Y,6, ,6, ,1H,1H,Y,Y,,
13875,NRG Energy Center Paxton LLC,50373,Paxton Creek Cogeneration,PA,Dauphin,GEN2,SB,IC,IPP CHP,3,6.3,6,6,NG,DFO,Y,NG,DFO,,,,,Y,Y,6, ,6, ,1H,1H,Y,Y,,
13923,NRG Oswego Harbor Power Operations Inc,2594,Oswego Harbor Power,NY,Oswego,ST6,OP,ST,IPP Non-CHP,2,901.8,824.5,832,RFO,NG,Y,RFO,NG,,,,,Y,Y,180,180,850,850,6H,UNK,Y,Y,,
13943,Ocean County Utilities Auth,54569,Bayville Central Facility,NJ,Ocean,COG1,OP,IC,Commercial CHP,5,0.3,0.3,0.3,OBG,NG,Y,OBG,NG,,,,,,, , , , ,,,,,,
13943,Ocean County Utilities Auth,54569,Bayville Central Facility,NJ,Ocean,COG2,OP,IC,Commercial CHP,5,0.3,0.3,0.3,OBG,NG,Y,OBG,NG,,,,,,, , , , ,,,,,,
13943,Ocean County Utilities Auth,54569,Bayville Central Facility,NJ,Ocean,COG3,OP,IC,Commercial CHP,5,0.3,0.3,0.3,OBG,NG,Y,OBG,NG,,,,,,, , , , ,,,,,,
13948,City of Oberlin - (KS),1312,Oberlin (KS),KS,Decatur,1,SB,IC,Electric Utility,1,1.1,0.9,0.9,NG,DFO,Y,DFO,NG,,,,,Y,Y,0.7, ,0.7, ,1H,1H,N,,,
13948,City of Oberlin - (KS),1312,Oberlin (KS),KS,Decatur,2,SB,IC,Electric Utility,1,0.8,0.6,0.6,NG,DFO,Y,DFO,NG,,,,,Y,Y,0.5, ,0.5, ,1H,1H,N,,,
13948,City of Oberlin - (KS),1312,Oberlin (KS),KS,Decatur,4,SB,IC,Electric Utility,1,1.5,1.2,1.2,NG,DFO,Y,DFO,NG,,,,,Y,Y,1.1, ,1.1, ,1H,1H,N,,,
13948,City of Oberlin - (KS),1312,Oberlin (KS),KS,Decatur,5,SB,IC,Electric Utility,1,2.0,1.3,1.3,NG,DFO,Y,DFO,NG,,,,,Y,Y,1.3, ,1.3, ,1H,1H,N,,,
13948,City of Oberlin - (KS),1312,Oberlin (KS),KS,Decatur,6,SB,IC,Electric Utility,1,1.5,1.2,1.2,NG,DFO,Y,DFO,NG,,,,,Y,Y,1.2, ,1.2, ,1H,1H,N,,,
13949,City of Oberlin - (OH),2933,Oberlin (OH),OH,Lorain,2A,OP,IC,Electric Utility,1,3.1,3.1,3.1,NG,DFO,N,,,,,,,Y,Y,3.1,3.1,3.1,3.1,1H,1H,Y,,Y,
13949,City of Oberlin - (OH),2933,Oberlin (OH),OH,Lorain,3A,OP,IC,Electric Utility,1,3.1,3.1,3.1,NG,DFO,N,,,,,,,Y,Y,3.1,3.1,3.1,3.1,1H,1H,Y,,Y,
13949,City of Oberlin - (OH),2933,Oberlin (OH),OH,Lorain,5,OP,IC,Electric Utility,1,2.0,2,2,NG,DFO,N,,,,,,,Y,Y,1.75,1.75,2,2,1H,1H,N,,,
13949,City of Oberlin - (OH),2933,Oberlin (OH),OH,Lorain,6,OP,IC,Electric Utility,1,2.5,2,2,DFO,NG,N,,,,,,,Y,Y,2.1,2.1,2.5,2.5,1H,1H,N,,,
13949,City of Oberlin - (OH),2933,Oberlin (OH),OH,Lorain,7,OP,IC,Electric Utility,1,2.7,2.7,2.7,DFO,NG,N,,,,,,,Y,Y,2.65,2.65,2.65,2.65,1H,1H,N,,,
13949,City of Oberlin - (OH),2933,Oberlin (OH),OH,Lorain,8,OP,IC,Electric Utility,1,3.0,3,3,DFO,NG,N,,,,,,,Y,Y,2.8,2.8,3,3,1H,1H,N,,,
13990,City of Ogden - (IA),1169,Ogden,IA,Boone,4,SB,IC,Electric Utility,1,0.4,0.5,0.5,DFO,NG,Y,DFO,NG,,,,,Y,Y,0.48,0.48,0.48,0.48,1H,1H,N,,,
13990,City of Ogden - (IA),1169,Ogden,IA,Boone,5,SB,IC,Electric Utility,1,1.0,1,1,DFO,NG,Y,DFO,NG,,,,,Y,Y,1,1,1,1,1H,1H,N,,,
13990,City of Ogden - (IA),1169,Ogden,IA,Boone,6,SB,IC,Electric Utility,1,2.5,2.5,2.5,DFO,NG,Y,DFO,NG,,,,,Y,Y,2.5,2.5,2.5,2.5,1H,1H,N,,,
13994,Oglethorpe Power Corporation,7916,Talbot County Energy,GA,Talbot,5,OP,GT,Electric Utility,1,121.0,96.5,116.4,NG,DFO,N,,,,,,,Y,Y,112.75, ,112.75, ,1H,,Y,Y,Y,
13994,Oglethorpe Power Corporation,7916,Talbot County Energy,GA,Talbot,6,OP,GT,Electric Utility,1,121.0,95.3,116.4,NG,DFO,N,,,,,,,Y,Y,112.75, ,112.75, ,1H,,Y,Y,Y,
13994,Oglethorpe Power Corporation,54538,Hartwell Energy Facility,GA,Hart,MAG1,OP,GT,Electric Utility,1,180.0,147,174,NG,DFO,N,,,,,,,Y,Y,150.96, ,150.96, ,1H,1H,Y,Y,,
13994,Oglethorpe Power Corporation,54538,Hartwell Energy Facility,GA,Hart,MAG2,OP,GT,Electric Utility,1,180.0,142,174,NG,DFO,N,,,,,,,Y,Y,150.87, ,150.87, ,1H,1H,Y,Y,,
14015,Ohio Valley Electric Corp,2876,Kyger Creek,OH,Gallia,1,OP,ST,Electric Utility,1,217.3,194,198.7,BIT,SUB,Y,BIT,SUB,,,,,N,, , , , ,,,,,,
14015,Ohio Valley Electric Corp,2876,Kyger Creek,OH,Gallia,2,OP,ST,Electric Utility,1,217.3,192.2,198,BIT,SUB,Y,BIT,SUB,,,,,N,, , , , ,,,,,,
14015,Ohio Valley Electric Corp,2876,Kyger Creek,OH,Gallia,3,OP,ST,Electric Utility,1,217.3,192.2,198,BIT,SUB,Y,BIT,SUB,,,,,N,, , , , ,,,,,,
14015,Ohio Valley Electric Corp,2876,Kyger Creek,OH,Gallia,4,OP,ST,Electric Utility,1,217.3,192.2,198,BIT,SUB,Y,BIT,SUB,,,,,N,, , , , ,,,,,,
14015,Ohio Valley Electric Corp,2876,Kyger Creek,OH,Gallia,5,OP,ST,Electric Utility,1,217.3,192.2,198,BIT,SUB,Y,BIT,SUB,,,,,N,, , , , ,,,,,,
14030,Oklahoma State University,54779,Oklahoma State University,OK,Payne,GEN1,OP,ST,Commercial CHP,5,1.5,1.6,1.6,NG,DFO,Y,NG,DFO,,,,,Y,Y,1.6,1.6,1.6,1.6,6H,6H,N,,,
14030,Oklahoma State University,54779,Oklahoma State University,OK,Payne,GEN2,OP,ST,Commercial CHP,5,1.5,1.6,1.8,NG,DFO,Y,NG,DFO,,,,,Y,Y,1.6,1.6,1.6,1.6,6H,6H,N,,,
14030,Oklahoma State University,54779,Oklahoma State University,OK,Payne,GEN4,OP,ST,Commercial CHP,5,5.0,5.2,5.6,NG,DFO,Y,NG,DFO,,,,,Y,Y,5.2,5.2,5.2,5.2,6H,6H,N,,,
14063,Oklahoma Gas & Electric Co,2951,Horseshoe Lake,OK,Oklahoma,6,OP,ST,Electric Utility,1,163.0,169,162,NG,RFO,Y,NG,RFO,,,,,Y,Y,158.5, ,150, ,UNK,UNK,Y,,,Y
14063,Oklahoma Gas & Electric Co,2951,Horseshoe Lake,OK,Oklahoma,ST7,OP,ST,Electric Utility,1,220.0,185.5,212.3,NG,RFO,Y,NG,RFO,,,,,Y,Y,209, ,209, ,UNK,UNK,Y,,,Y
14077,Oklahoma Municipal Power Authority,7546,Ponca City,OK,Kay,3,OP,CT,Electric Utility,1,54.0,44.1,44.1,NG,DFO,Y,NG,DFO,,,,,Y,Y,44, ,41.8, ,1H,1H,N,,,
14127,Omaha Public Power District,2291,North Omaha,NE,Douglas,1,OP,ST,Electric Utility,1,73.5,82.3,55.8,SUB,NG,Y,SUB,NG,,,,,N,, , , , ,,,,,,
14127,Omaha Public Power District,2291,North Omaha,NE,Douglas,2,OP,ST,Electric Utility,1,108.8,108.8,95.1,SUB,NG,Y,SUB,NG,,,,,N,, , , , ,,,,,,
14127,Omaha Public Power District,2291,North Omaha,NE,Douglas,3,OP,ST,Electric Utility,1,108.8,108.4,95.1,SUB,NG,Y,SUB,NG,,,,,N,, , , , ,,,,,,
14127,Omaha Public Power District,2291,North Omaha,NE,Douglas,4,OP,ST,Electric Utility,1,136.0,138.4,115,SUB,NG,Y,SUB,NG,,,,,N,, , , , ,,,,,,
14127,Omaha Public Power District,2291,North Omaha,NE,Douglas,5,OP,ST,Electric Utility,1,217.6,210.4,173.4,SUB,NG,Y,SUB,NG,,,,,N,, , , , ,,,,,,
14127,Omaha Public Power District,2292,Sarpy County,NE,Sarpy,1,OP,GT,Electric Utility,1,55.4,55.8,55.8,NG,DFO,N,,,,,,,Y,Y,55, ,55, ,1H,,Y,Y,,
14127,Omaha Public Power District,2292,Sarpy County,NE,Sarpy,2,OP,GT,Electric Utility,1,55.4,56.8,56.8,NG,DFO,N,,,,,,,Y,Y,55, ,55, ,1H,,Y,Y,,
14127,Omaha Public Power District,2292,Sarpy County,NE,Sarpy,3,OP,GT,Electric Utility,1,105.6,106.8,106.8,NG,DFO,N,,,,,,,Y,Y,105, ,105, ,1H,,Y,Y,,
14127,Omaha Public Power District,2292,Sarpy County,NE,Sarpy,4,OP,GT,Electric Utility,1,58.9,47.9,47.9,NG,DFO,N,,,,,,,Y,Y,47, ,47, ,1H,,Y,Y,,
14127,Omaha Public Power District,2292,Sarpy County,NE,Sarpy,5,OP,GT,Electric Utility,1,58.9,48,48,NG,DFO,N,,,,,,,Y,Y,47, ,47, ,1H,,Y,Y,,
14165,NRG Power Midwest LP,8226,Cheswick Power Plant,PA,Allegheny,1,OP,ST,IPP Non-CHP,2,637.0,563,563,BIT,NG,Y,NG,BIT,SUB,,,,N,, , , , ,,,,,,
14172,City of Ord - (NE),2294,Ord,NE,Valley,1,OP,IC,Electric Utility,1,5.0,5,5,DFO,NG,N,,,,,,,Y,Y,5,0,5,5,1H,1H,N,,,
14172,City of Ord - (NE),2294,Ord,NE,Valley,2,OP,IC,Electric Utility,1,1.5,1,1,DFO,NG,N,,,,,,,Y,Y,1,1,1,1,1H,1H,N,,,
14172,City of Ord - (NE),2294,Ord,NE,Valley,3,OP,IC,Electric Utility,1,2.5,2,2,DFO,NG,N,,,,,,,Y,Y,2,2,2,2,1H,1H,N,,,
14199,City of Osage City - (KS),1313,Osage City,KS,OSAGE,1,OP,IC,Electric Utility,1,1.1,0.9,0.9,NG,DFO,Y,NG,DFO,,,,,N,, , , , ,,,,,,
14199,City of Osage City - (KS),1313,Osage City,KS,OSAGE,2,OP,IC,Electric Utility,1,1.2,1.1,1.1,NG,DFO,Y,NG,DFO,,,,,N,, , , , ,,,,,,
14199,City of Osage City - (KS),1313,Osage City,KS,OSAGE,4,OP,IC,Electric Utility,1,2.0,1.9,1.9,NG,DFO,Y,NG,DFO,,,,,N,, , , , ,,,,,,
14199,City of Osage City - (KS),1313,Osage City,KS,OSAGE,5,OP,IC,Electric Utility,1,2.0,1.9,1.9,NG,DFO,Y,NG,DFO,,,,,N,, , , , ,,,,,,
14199,City of Osage City - (KS),1313,Osage City,KS,OSAGE,7,OP,IC,Electric Utility,1,1.7,1.5,1.5,NG,DFO,Y,NG,DFO,,,,,N,, , , , ,,,,,,
14199,City of Osage City - (KS),1313,Osage City,KS,OSAGE,IC3,OP,IC,Electric Utility,1,2.0,1.9,1.9,NG,DFO,Y,NG,DFO,,,,,N,, , , , ,,,,,,
14199,City of Osage City - (KS),1313,Osage City,KS,OSAGE,IC6,OP,IC,Electric Utility,1,1.1,0.9,0.9,NG,DFO,Y,NG,DFO,,,,,N,, , , , ,,,,,,
14201,City of Osage - (IA),1172,Osage (IA),IA,MITCHELL,5,OP,IC,Electric Utility,1,3.2,3.1,3.1,NG,DFO,N,,,,,,,Y,Y,3.1, ,3.1, ,1H,,N,,,
14201,City of Osage - (IA),1172,Osage (IA),IA,MITCHELL,6,OP,IC,Electric Utility,1,6.2,6,6,DFO,NG,N,,,,,,,Y,Y,6, ,6, ,1H,,N,,,
14203,City of Osawatomie - (KS),1314,Osawatomie City of,KS,MIAMI,2,SB,IC,Electric Utility,1,2.3,1.8,1.8,DFO,NG,Y,DFO,NG,,,,,Y,Y,1.8, ,1.8, ,1H,,N,,,
14203,City of Osawatomie - (KS),1314,Osawatomie City of,KS,MIAMI,4,SB,IC,Electric Utility,1,1.2,1,1,DFO,NG,Y,DFO,NG,,,,,Y,Y,1, ,1, ,1H,,N,,,
14203,City of Osawatomie - (KS),1314,Osawatomie City of,KS,MIAMI,5,SB,IC,Electric Utility,1,3.1,2.8,2.8,DFO,NG,Y,DFO,NG,,,,,Y,Y,2.8, ,2.8, ,1H,,N,,,
14214,City of Osborne - (KS),1315,Osborne,KS,Osborne,1,SB,IC,Electric Utility,1,2.3,1.8,2,DFO,NG,Y,DFO,NG,,,,,Y,Y,1.2, ,1.8, ,1H,1H,N,,,
14214,City of Osborne - (KS),1315,Osborne,KS,Osborne,2,SB,IC,Electric Utility,1,2.0,1.8,2,DFO,NG,Y,DFO,NG,,,,,Y,Y,1.2, ,1.8, ,1H,1H,N,,,
14214,City of Osborne - (KS),1315,Osborne,KS,Osborne,3,SB,IC,Electric Utility,1,1.1,0.7,0.9,DFO,NG,Y,DFO,NG,,,,,Y,Y,0.7, ,0.7, ,1H,1H,N,,,
14229,City of Ottawa - (KS),1316,Ottawa,KS,Franklin,IC3,OP,IC,Electric Utility,1,3.7,3.2,3.2,NG,DFO,Y,NG,DFO,,,,,Y,Y,3.2, ,3.2, ,1H,1H,N,,,
14229,City of Ottawa - (KS),1316,Ottawa,KS,Franklin,IC4,OP,IC,Electric Utility,1,3.5,3,3,NG,DFO,Y,NG,DFO,,,,,Y,Y,3, ,3, ,1H,1H,N,,,
14229,City of Ottawa - (KS),1316,Ottawa,KS,Franklin,IC6,OP,IC,Electric Utility,1,6.0,5.9,5.9,NG,DFO,Y,NG,DFO,,,,,Y,Y,5.9, ,5.9, ,1H,1H,N,,,
14229,City of Ottawa - (KS),1316,Ottawa,KS,Franklin,IC7,OP,IC,Electric Utility,1,6.0,5.9,5.9,NG,DFO,Y,NG,DFO,,,,,Y,Y,5.9, ,5.9, ,1H,1H,N,,,
14232,Otter Tail Power Co,7947,Solway CT,MN,Beltrami,1,SB,GT,Electric Utility,1,50.0,41.9,41.9,NG,DFO,N,,,,,,,Y,Y,43,48,43,48,1H,1H,Y,,Y,
14268,City of Owensboro - (KY),1374,Elmer Smith,KY,Daviess,1,OP,ST,Electric Utility,1,163.2,138,140.8,BIT,TDF,Y,BIT,TDF,PC,,,,N,, , , , ,,,,,,
14268,City of Owensboro - (KY),1374,Elmer Smith,KY,Daviess,2,OP,ST,Electric Utility,1,282.1,260.7,265.6,BIT,,Y,BIT,PC,,,,,N,, , , , ,,,,,,
14277,Village of Oxford - (NE),2295,Oxford (NE),NE,Furnas,2,OP,IC,Electric Utility,1,0.6,0.5,0.6,NG,DFO,Y,DFO,NG,,,,,Y,Y,0.5, ,0.5, ,1H,,Y,Y,Y,
14277,Village of Oxford - (NE),2295,Oxford (NE),NE,Furnas,3,OP,IC,Electric Utility,1,0.9,0.8,0.9,NG,DFO,Y,DFO,NG,,,,,Y,Y, , , , ,1H,,Y,Y,Y,
14277,Village of Oxford - (NE),2295,Oxford (NE),NE,Furnas,4,OP,IC,Electric Utility,1,0.6,0.5,0.6,NG,DFO,Y,DFO,NG,,,,,Y,Y,0.5, ,0.5, ,1H,,Y,Y,Y,
14277,Village of Oxford - (NE),2295,Oxford (NE),NE,Furnas,5,OP,IC,Electric Utility,1,1.3,1.2,1.3,NG,DFO,Y,DFO,NG,,,,,Y,Y,1.2, ,1.2, ,1H,,Y,Y,Y,
14294,PSEG Power New York Inc,2539,Bethlehem Energy Center,NY,Albany,5,OP,CT,IPP Non-CHP,2,194.3,164,188,NG,KER,N,,,,,,,Y,Y,164,188,164,188,UNK,UNK,Y,Y,,
14294,PSEG Power New York Inc,2539,Bethlehem Energy Center,NY,Albany,6,OP,CT,IPP Non-CHP,2,194.3,164,188,NG,KER,N,,,,,,,Y,Y,164,188,164,188,UNK,UNK,Y,Y,,
14294,PSEG Power New York Inc,2539,Bethlehem Energy Center,NY,Albany,7,OP,CT,IPP Non-CHP,2,194.3,164,188,NG,KER,N,,,,,,,Y,Y,164,188,164,188,UNK,UNK,Y,Y,,
14294,PSEG Power New York Inc,2539,Bethlehem Energy Center,NY,Albany,8,OP,CA,IPP Non-CHP,2,310.2,263,300,NG,KER,N,,,,,,,Y,Y,263,300,263,300,UNK,UNK,Y,Y,,
14310,P H Glatfelter Co,50397,P H Glatfelter,PA,York,GEN1,OP,ST,Industrial CHP,7,6.0,5,5,BIT,RFO,Y,BIT,DFO,RFO,,,,N,, , , , ,,,,,,
14310,P H Glatfelter Co,50397,P H Glatfelter,PA,York,GEN2,SB,ST,Industrial CHP,7,5.9,4,3.9,BIT,RFO,Y,BIT,DFO,RFO,,,,N,, , , , ,,,,,,
14310,P H Glatfelter Co,50397,P H Glatfelter,PA,York,GEN3,OP,ST,Industrial CHP,7,5.1,4,4.3,BIT,RFO,Y,BIT,DFO,RFO,,,,N,, , , , ,,,,,,
14310,P H Glatfelter Co,50397,P H Glatfelter,PA,York,GEN4,OP,ST,Industrial CHP,7,7.5,8.7,8,BIT,BLQ,Y,BIT,DFO,RFO,,,,N,, , , , ,,,,,,
14310,P H Glatfelter Co,50397,P H Glatfelter,PA,York,GEN5,OP,ST,Industrial CHP,7,45.9,36.1,33.1,BIT,WDS,Y,BIT,WDS,SLW,DFO,,,N,, , , , ,,,,,,
14310,P H Glatfelter Co,50397,P H Glatfelter,PA,York,GEN6,OP,ST,Industrial CHP,7,39.1,31.2,28.8,BLQ,BIT,Y,BLQ,DFO,RFO,,,,N,, , , , ,,,,,,
14328,Pacific Gas & Electric Co,246,Humboldt Bay,CA,Humboldt,IC1,OP,IC,Electric Utility,1,16.7,16.3,16.3,NG,DFO,N,,,,,,,Y,Y,16.3,16.3,16.3,16.3,1H,1H,Y,Y,Y,
14328,Pacific Gas & Electric Co,246,Humboldt Bay,CA,Humboldt,IC10,OP,IC,Electric Utility,1,16.7,16.3,16.3,NG,DFO,N,,,,,,,Y,Y,16.3,16.3,16.3,16.3,1H,1H,Y,Y,Y,
14328,Pacific Gas & Electric Co,246,Humboldt Bay,CA,Humboldt,IC2,OP,IC,Electric Utility,1,16.7,16.3,16.3,NG,DFO,N,,,,,,,Y,Y,16.3,16.3,16.3,16.3,1H,1H,Y,Y,Y,
14328,Pacific Gas & Electric Co,246,Humboldt Bay,CA,Humboldt,IC3,OP,IC,Electric Utility,1,16.7,16.3,16.3,NG,DFO,N,,,,,,,Y,Y,16.3,16.3,16.3,16.3,1H,1H,Y,Y,Y,
14328,Pacific Gas & Electric Co,246,Humboldt Bay,CA,Humboldt,IC4,OP,IC,Electric Utility,1,16.7,16.3,16.3,NG,DFO,N,,,,,,,Y,Y,16.3,16.3,16.3,16.3,1H,1H,Y,Y,Y,
14328,Pacific Gas & Electric Co,246,Humboldt Bay,CA,Humboldt,IC5,OP,IC,Electric Utility,1,16.7,16.3,16.3,NG,DFO,N,,,,,,,Y,Y,16.3,16.3,16.3,16.3,1H,1H,Y,Y,Y,
14328,Pacific Gas & Electric Co,246,Humboldt Bay,CA,Humboldt,IC6,OP,IC,Electric Utility,1,16.7,16.3,16.3,NG,DFO,N,,,,,,,Y,Y,16.3,16.3,16.3,16.3,1H,1H,Y,Y,Y,
14328,Pacific Gas & Electric Co,246,Humboldt Bay,CA,Humboldt,IC7,OP,IC,Electric Utility,1,16.7,16.3,16.3,NG,DFO,N,,,,,,,Y,Y,16.3,16.3,16.3,16.3,1H,1H,Y,Y,Y,
14328,Pacific Gas & Electric Co,246,Humboldt Bay,CA,Humboldt,IC8,OP,IC,Electric Utility,1,16.7,16.3,16.3,NG,DFO,N,,,,,,,Y,Y,16.3,16.3,16.3,16.3,1H,1H,Y,Y,Y,
14328,Pacific Gas & Electric Co,246,Humboldt Bay,CA,Humboldt,IC9,OP,IC,Electric Utility,1,16.7,16.7,16.7,NG,DFO,N,,,,,,,Y,Y,16.3,16.3,16.3,16.3,1H,1H,Y,Y,Y,
14354,PacifiCorp,55662,Chehalis Generating Facility,WA,Lewis,CA,OP,CA,Electric Utility,1,195.5,157,167,NG,DFO,N,,,,,,,Y,Y,165, ,172.6, ,OVER,,Y,,Y,
14354,PacifiCorp,55662,Chehalis Generating Facility,WA,Lewis,CT1,OP,CT,Electric Utility,1,198.9,160,170,NG,DFO,N,,,,,,,Y,N,165, ,168.7, ,OVER,,Y,,Y,
14354,PacifiCorp,55662,Chehalis Generating Facility,WA,Lewis,CT2,OP,CT,Electric Utility,1,198.9,160,170,NG,DFO,N,,,,,,,Y,Y,165, ,168.7, ,72H,,Y,,Y,
14354,PacifiCorp,57759,Consumer Products (Camas) LLC,WA,Clark,STG1,OP,ST,Industrial Non-CHP,6,61.5,10,14,PUR,,Y,BLQ,NG,WDS,SLW,,,N,, , , , ,,,,,,
14381,City of Painesville,2936,Painesville,OH,Lake,3,SB,ST,Electric Utility,1,7.5,7,7,BIT,NG,Y,NG,,,,,,N,, , , , ,,,,,,
14381,City of Painesville,2936,Painesville,OH,Lake,5,OP,ST,Electric Utility,1,16.5,15.5,15.5,BIT,NG,Y,NG,,,,,,N,, , , , ,,,,,,
14381,City of Painesville,2936,Painesville,OH,Lake,7,OP,ST,Electric Utility,1,22.0,17.5,17.5,BIT,NG,Y,NG,,,,,,N,, , , , ,,,,,,
14381,City of Painesville,2936,Painesville,OH,Lake,ST2,SB,ST,Electric Utility,1,7.5,7,7,BIT,NG,Y,NG,,,,,,N,, , , , ,,,,,,
14400,City of Palmyra - (MO),2150,Palmyra Municipal,MO,Marion,3,OP,IC,Electric Utility,1,1.5,1.2,1.4,DFO,NG,Y,DFO,NG,,,,,Y,,1.2,1.4,1.2,1.4,1H,1H,N,,,
14400,City of Palmyra - (MO),2150,Palmyra Municipal,MO,Marion,4,OP,IC,Electric Utility,1,0.8,0.7,0.7,DFO,NG,Y,DFO,NG,,,,,Y,,0.7,0.7,0.7,0.7,1H,1H,N,,,
14400,City of Palmyra - (MO),7304,Palmyra Municipal 2,MO,MARION,IC10,OP,IC,Electric Utility,1,3.5,3.5,3.5,NG,DFO,Y,DFO,NG,,,,,Y,,3.5,3.5,3.5,3.5,1H,1H,N,,,
14400,City of Palmyra - (MO),7304,Palmyra Municipal 2,MO,MARION,IC9,OP,IC,Electric Utility,1,3.5,3.5,3.5,NG,DFO,Y,DFO,NG,,,,,Y,,3.5,3.5,3.5,3.5,1H,1H,N,,,
14410,"KMC Thermo, LLC",54832,Brandywine Power Facility,MD,Prince Georges,1,OP,CT,IPP CHP,3,98.7, , ,NG,DFO,N,,,,,,,Y,Y,76.7, ,76.7, ,1H,1H,Y,,Y,
14410,"KMC Thermo, LLC",54832,Brandywine Power Facility,MD,Prince Georges,2,OP,CT,IPP CHP,3,98.7, , ,NG,DFO,N,,,,,,,Y,Y,76.7, ,76.7, ,1H,1H,Y,,Y,
14410,"KMC Thermo, LLC",54832,Brandywine Power Facility,MD,Prince Georges,3,OP,CA,IPP CHP,3,91.4,230,230,NG,DFO,N,,,,,,,Y,Y,76.7, ,76.7, ,1H,1H,Y,,Y,
14465,Park 500 Philip Morris USA,50275,Park 500 Philip Morris USA,VA,Chesterfield,TG3,OP,ST,Industrial CHP,7,13.0,10.5,11.5,BIT,DFO,Y,NG,DFO,,,,,Y,Y,10.5,11.5,10.5,11.5,6H,6H,N,,,
14584,Pawtucket Power Associates LP,54056,Pawtucket Power Associates,RI,Providence,GEN1,OP,CT,IPP Non-CHP,2,41.8,33,42,NG,DFO,Y,NG,DFO,,,,,Y,Y,33,41,33,41,1H,1H,N,,,
14600,Payson City Corporation,7408,Payson,UT,UTAH,86-1,OP,IC,Electric Utility,1,2.6,2.6,2.6,NG,DFO,Y,NG,DFO,,,,,Y,Y,2.6,2.6,2.6,2.6,1H,1H,N,,,
14600,Payson City Corporation,7408,Payson,UT,UTAH,86-2,OP,IC,Electric Utility,1,2.6,2.6,2.6,NG,DFO,Y,NG,DFO,,,,,Y,Y,2.6,2.6,2.6,2.6,1H,1H,N,,,
14600,Payson City Corporation,7408,Payson,UT,UTAH,86-3,OP,IC,Electric Utility,1,2.5,2,2,NG,DFO,Y,NG,DFO,,,,,Y,Y,2,2,2,2,1H,1H,N,,,
14600,Payson City Corporation,7408,Payson,UT,UTAH,86-4,OP,IC,Electric Utility,1,2.0,2,2,NG,DFO,Y,NG,DFO,,,,,Y,Y,2,2,2,2,1H,1H,N,,,
14605,City of Peabody - (MA),1678,Waters River,MA,Essex,1,OP,GT,Electric Utility,1,21.3,16.1,22.1,NG,DFO,N,,,,,,,Y,Y,16.05,22.1,16.05,22.1,1H,1H,Y,Y,Y,
14605,City of Peabody - (MA),1678,Waters River,MA,Essex,2,OP,GT,Electric Utility,1,43.6,30.5,45.8,NG,DFO,N,,,,,,,Y,Y,30.51,45.8,30.51,45.8,1H,1H,Y,Y,Y,
14610,Orlando Utilities Comm,564,Stanton Energy Center,FL,Orange,1,OP,ST,Electric Utility,1,464.5,440,443,BIT,,Y,BIT,NG,LFG,,,,,N, , , , ,,,,,,
14610,Orlando Utilities Comm,564,Stanton Energy Center,FL,Orange,2,OP,ST,Electric Utility,1,464.5,456,456,BIT,LFG,Y,BIT,NG,LFG,,,,,N, , , , ,,,,,,
14610,Orlando Utilities Comm,564,Stanton Energy Center,FL,Orange,B,OP,CA,Electric Utility,1,129.8,128,130,NG,DFO,N,,,,,,,Y,Y,128, ,128, ,6H,6H,Y,Y,Y,
14610,Orlando Utilities Comm,564,Stanton Energy Center,FL,Orange,B1,OP,CT,Electric Utility,1,203.2,167,170,NG,DFO,N,,,,,,,Y,Y,167, ,167, ,6H,6H,Y,Y,Y,
14610,Orlando Utilities Comm,683,Indian River Plant,FL,Brevard,A,OP,GT,Electric Utility,1,41.4,37,48,NG,DFO,N,,,,,,,Y,Y,37,48,36, ,1H,,N,,,
14610,Orlando Utilities Comm,683,Indian River Plant,FL,Brevard,B,OP,GT,Electric Utility,1,41.4,37,48,NG,DFO,N,,,,,,,Y,Y,37,48,36, ,1H,,N,,,
14610,Orlando Utilities Comm,683,Indian River Plant,FL,Brevard,C,OP,GT,Electric Utility,1,130.0,108,127,NG,DFO,N,,,,,,,Y,Y,108,127,111, ,1H,,Y,,Y,
14610,Orlando Utilities Comm,683,Indian River Plant,FL,Brevard,D,OP,GT,Electric Utility,1,130.0,108,127,NG,DFO,Y,NG,DFO,,,,,Y,Y,108,127,111, ,1H,,Y,,Y,
14610,Orlando Utilities Comm,55318,Indian River,FL,Brevard,1,OS,ST,Electric Utility,1,79.0,75.5,79,NG,RFO,Y,RFO,NG,,,,,Y,Y,79, ,79, ,UNK,,Y,,Y,
14610,Orlando Utilities Comm,55318,Indian River,FL,Brevard,2,OS,ST,Electric Utility,1,213.0,181.3,186,NG,RFO,Y,RFO,NG,,,,,Y,Y,176, ,176, ,UNK,,Y,,Y,
14610,Orlando Utilities Comm,55318,Indian River,FL,Brevard,3,OS,ST,Electric Utility,1,317.0,319.6,320,NG,RFO,Y,RFO,NG,,,,,Y,Y,295, ,311, ,UNK,,Y,,Y,
14656,City of Pender - (NE),2296,Pender,NE,Thurston,1,OP,IC,Electric Utility,1,1.5,1.2,1.2,NG,DFO,,,,,,,,Y,Y,1.1,1.1,1.2,1.2,1H,1H,N,,,
14656,City of Pender - (NE),2296,Pender,NE,Thurston,3,OP,IC,Electric Utility,1,0.5,0.5,0.5,NG,DFO,N,,,,,,,Y,Y,0.5,0.5,0.5,0.5,1H,,N,,,
14656,City of Pender - (NE),2296,Pender,NE,Thurston,4,OP,IC,Electric Utility,1,0.9,0.8,0.8,NG,DFO,N,,,,,,,Y,Y,0.8,0.8,0.8,0.8,1H,1H,N,,,
14928,Pfizer Inc,54236,Pfizer Groton Plant,CT,New London,GT-1,OP,GT,Industrial CHP,7,10.0,9.5,10.5,NG,DFO,N,,,,,,,Y,Y,9.5,10.5,9.5,10.5,UNK,UNK,Y,,Y,
14928,Pfizer Inc,54236,Pfizer Groton Plant,CT,New London,TG 2,OP,ST,Industrial CHP,7,2.5,2.5,2.5,NG,DFO,Y,NG,DFO,,,,,Y,Y,2.5,2.5,2.5,2.5,6H,6H,Y,,Y,
14928,Pfizer Inc,54236,Pfizer Groton Plant,CT,New London,TG 3,OP,ST,Industrial CHP,7,10.0,9.4,9.4,NG,DFO,Y,NG,DFO,,,,,Y,Y,10,10,10,10,6H,6H,Y,,Y,
14928,Pfizer Inc,54236,Pfizer Groton Plant,CT,New London,TG 4,OP,ST,Industrial CHP,7,10.0,10,10,NG,DFO,Y,NG,DFO,,,,,Y,Y,10,10,10,10,6H,6H,Y,,Y,
14928,Pfizer Inc,54236,Pfizer Groton Plant,CT,New London,TG5,OP,ST,Industrial CHP,7,7.5,7.5,7.5,NG,DFO,Y,NG,DFO,,,,,Y,Y,7.5,7.5,7.5,7.5,6H,6H,Y,,Y,
14989,Freeport McMoRan Inc,54734,Freeport McMoRan,NM,Grant,1,SB,IC,Industrial Non-CHP,6,3.0,2.9,2.9,NG,DFO,N,,,,,,,Y,Y,2.5, ,2.5, ,,,Y,,Y,
14989,Freeport McMoRan Inc,54734,Freeport McMoRan,NM,Grant,10,OS,IC,Industrial Non-CHP,6,3.0,2.9,2.9,NG,DFO,N,,,,,,,Y,Y,2.5, ,2.5, ,,,Y,,Y,
14989,Freeport McMoRan Inc,54734,Freeport McMoRan,NM,Grant,11,SB,IC,Industrial Non-CHP,6,3.0,2.9,2.9,NG,DFO,N,,,,,,,Y,Y,2.5, ,2.5, ,,,Y,,Y,
14989,Freeport McMoRan Inc,54734,Freeport McMoRan,NM,Grant,12,SB,IC,Industrial Non-CHP,6,3.0,2.9,2.9,NG,DFO,N,,,,,,,Y,Y,2.5, ,2.5, ,,,Y,,Y,
14989,Freeport McMoRan Inc,54734,Freeport McMoRan,NM,Grant,13,SB,IC,Industrial Non-CHP,6,3.0,2.9,2.9,NG,DFO,N,,,,,,,Y,Y,2.5, ,2.5, ,,,Y,,Y,
14989,Freeport McMoRan Inc,54734,Freeport McMoRan,NM,Grant,14,SB,IC,Industrial Non-CHP,6,3.0,2.9,2.9,NG,DFO,N,,,,,,,Y,Y,2.5, ,2.5, ,,,Y,,Y,
14989,Freeport McMoRan Inc,54734,Freeport McMoRan,NM,Grant,15,SB,IC,Industrial Non-CHP,6,3.1,2.9,2.9,NG,DFO,N,,,,,,,Y,Y,2.5, ,2.5, ,,,Y,,Y,
14989,Freeport McMoRan Inc,54734,Freeport McMoRan,NM,Grant,2,OS,IC,Industrial Non-CHP,6,3.0,2.9,2.9,NG,DFO,N,,,,,,,Y,Y,2.5, ,2.5, ,,,Y,,Y,
14989,Freeport McMoRan Inc,54734,Freeport McMoRan,NM,Grant,3,SB,IC,Industrial Non-CHP,6,3.1,2.9,2.9,NG,DFO,N,,,,,,,Y,Y,2.5, ,2.5, ,,,Y,,Y,
14989,Freeport McMoRan Inc,54734,Freeport McMoRan,NM,Grant,4,SB,IC,Industrial Non-CHP,6,3.1,2.9,2.9,NG,DFO,N,,,,,,,Y,Y,2.5, ,2.5, ,,,Y,,Y,
14989,Freeport McMoRan Inc,54734,Freeport McMoRan,NM,Grant,5,OS,IC,Industrial Non-CHP,6,3.0,2.9,2.9,NG,DFO,N,,,,,,,Y,Y,2.5, ,2.5, ,,,Y,,Y,
14989,Freeport McMoRan Inc,54734,Freeport McMoRan,NM,Grant,6,OS,IC,Industrial Non-CHP,6,3.0,2.9,2.9,NG,DFO,N,,,,,,,Y,Y,2.5, ,2.5, ,,,Y,,Y,
14989,Freeport McMoRan Inc,54734,Freeport McMoRan,NM,Grant,7,SB,IC,Industrial Non-CHP,6,3.1,2.9,2.9,NG,DFO,N,,,,,,,Y,Y,2.5, ,2.5, ,,,Y,,Y,
14989,Freeport McMoRan Inc,54734,Freeport McMoRan,NM,Grant,8,SB,IC,Industrial Non-CHP,6,3.0,2.9,2.9,NG,DFO,N,,,,,,,Y,Y,2.5, ,2.5, ,,,Y,,Y,
14989,Freeport McMoRan Inc,54734,Freeport McMoRan,NM,Grant,9,OS,IC,Industrial Non-CHP,6,3.0,2.9,2.9,NG,DFO,N,,,,,,,Y,Y,2.5, ,2.5, ,,,Y,,Y,
15114,"Pittsfield Generating Company,  LP",50002,Pittsfield Generating LP,MA,Berkshire,GEN1,OP,CT,IPP CHP,3,40.0,35.2,44.1,NG,DFO,Y,NG,DFO,,,,,Y,Y,33.8, ,33.8, ,1H,1H,Y,,Y,
15114,"Pittsfield Generating Company,  LP",50002,Pittsfield Generating LP,MA,Berkshire,GEN2,OP,CT,IPP CHP,3,40.0,35.2,44.1,NG,DFO,Y,NG,DFO,,,,,Y,Y,33.8, ,33.8, ,1H,1H,Y,,Y,
15114,"Pittsfield Generating Company,  LP",50002,Pittsfield Generating LP,MA,Berkshire,GEN3,OP,CT,IPP CHP,3,40.0,35.2,44.1,NG,DFO,Y,NG,DFO,,,,,Y,Y,33.8, ,33.8, ,1H,1H,Y,,Y,
15143,Platte River Power Authority,6761,Rawhide,CO,Larimer,1,OP,ST,Electric Utility,1,293.6,280,280,SUB,DFO,Y,SUB,DFO,,,,,N,, , , , ,,,,,,
15147,PSEG Fossil LLC,2398,Bergen Generating Station,NJ,Bergen,1101,OP,CT,IPP Non-CHP,2,112.5,112.5,112.5,NG,KER,N,,,,,,,Y,Y,116,118,116,118,6H,6H,N,,,
15147,PSEG Fossil LLC,2398,Bergen Generating Station,NJ,Bergen,1201,OP,CT,IPP Non-CHP,2,112.5,112.5,112.5,NG,KER,N,,,,,,,Y,Y,116,118,116,118,6H,6H,N,,,
15147,PSEG Fossil LLC,2398,Bergen Generating Station,NJ,Bergen,1301,OP,CT,IPP Non-CHP,2,112.5,112.5,112.5,NG,KER,N,,,,,,,Y,Y,116,118,116,118,6H,6H,N,,,
15147,PSEG Fossil LLC,2398,Bergen Generating Station,NJ,Bergen,1401,OP,CT,IPP Non-CHP,2,112.5,112.5,112.5,NG,KER,N,,,,,,,Y,Y,116,118,116,118,6H,6H,N,,,
15147,PSEG Fossil LLC,2398,Bergen Generating Station,NJ,Bergen,1501,OP,CA,IPP Non-CHP,2,325.2,178,178,NG,KER,N,,,,,,,Y,Y,164,166,164,166,6H,6H,N,,,
15147,PSEG Fossil LLC,2398,Bergen Generating Station,NJ,Bergen,2101,OP,CT,IPP Non-CHP,2,183.6,164,164,NG,KER,N,,,,,,,Y,Y,164,164,164,164,6H,6H,N,,,
15147,PSEG Fossil LLC,2398,Bergen Generating Station,NJ,Bergen,2201,OP,CT,IPP Non-CHP,2,183.6,164,164,NG,KER,N,,,,,,,Y,Y,164,164,164,164,6H,6H,N,,,
15147,PSEG Fossil LLC,2398,Bergen Generating Station,NJ,Bergen,2301,OP,CA,IPP Non-CHP,2,258.4,231,231,NG,,N,,,,,,,Y,Y,231,231,231,231,6H,6H,N,,,
15147,PSEG Fossil LLC,2399,PSEG Burlington Generating Station,NJ,Burlington,121,OP,GT,IPP Non-CHP,2,60.5,42.5,42.5,NG,KER,Y,NG,KER,,,,,Y,Y,42.5,42.5,42.5,42.5,1H,1H,N,,,
15147,PSEG Fossil LLC,2399,PSEG Burlington Generating Station,NJ,Burlington,122,OP,GT,IPP Non-CHP,2,60.5,42.4,42.4,NG,KER,Y,NG,KER,,,,,Y,Y,42.4,42.4,42.4,42.4,1H,1H,N,,,
15147,PSEG Fossil LLC,2399,PSEG Burlington Generating Station,NJ,Burlington,123,OP,GT,IPP Non-CHP,2,60.5,43,43,NG,KER,Y,NG,KER,,,,,Y,Y,43,43,43,43,1H,1H,N,,,
15147,PSEG Fossil LLC,2399,PSEG Burlington Generating Station,NJ,Burlington,124,OP,GT,IPP Non-CHP,2,60.5,42.1,42.1,NG,KER,Y,NG,KER,,,,,Y,Y,42.1,42.1,42.1,42.1,1H,1H,N,,,
15147,PSEG Fossil LLC,2401,PSEG Essex Generating Station,NJ,Essex,101,OP,GT,IPP Non-CHP,2,41.8,42,43,NG,KER,Y,NG,KER,,,,,Y,Y,42,43,42,43,1H,1H,N,,,
15147,PSEG Fossil LLC,2401,PSEG Essex Generating Station,NJ,Essex,102,OP,GT,IPP Non-CHP,2,41.8,42,43,NG,KER,Y,NG,KER,,,,,Y,Y,42,43,42,43,1H,1H,N,,,
15147,PSEG Fossil LLC,2401,PSEG Essex Generating Station,NJ,Essex,103,OP,GT,IPP Non-CHP,2,41.8,42,43,NG,KER,Y,NG,KER,,,,,Y,Y,42,43,42,43,1H,1H,N,,,
15147,PSEG Fossil LLC,2401,PSEG Essex Generating Station,NJ,Essex,104,OP,GT,IPP Non-CHP,2,41.8,42,43,NG,KER,Y,NG,KER,,,,,Y,N,42,43,42,43,1H,1H,N,,,
15147,PSEG Fossil LLC,2401,PSEG Essex Generating Station,NJ,Essex,9,OP,GT,IPP Non-CHP,2,93.6,81,83,NG,KER,Y,NG,KER,,,,,Y,Y,81,83,81,83,1H,1H,Y,,Y,
15147,PSEG Fossil LLC,2403,PSEG Hudson Generating Station,NJ,Hudson,2,OP,ST,IPP Non-CHP,2,659.7,620,620,BIT,NG,Y,BIT,NG,,,,,N,, , , , ,,,,,,
15147,PSEG Fossil LLC,2404,PSEG Kearny Generating Station,NJ,Hudson,N121,OP,GT,IPP Non-CHP,2,60.5,43.8,44.5,NG,KER,Y,NG,KER,,,,,Y,Y,43.8,44.5,43.8,44.5,1H,1H,N,,,
15147,PSEG Fossil LLC,2404,PSEG Kearny Generating Station,NJ,Hudson,N122,OP,GT,IPP Non-CHP,2,60.5,43.7,44.5,NG,KER,Y,NG,KER,,,,,Y,Y,43.7,44.5,43.7,44.5,1H,1H,N,,,
15147,PSEG Fossil LLC,2404,PSEG Kearny Generating Station,NJ,Hudson,N123,OP,GT,IPP Non-CHP,2,60.5,43.8,44.5,NG,KER,Y,NG,KER,,,,,Y,Y,43.8,44.5,43.8,44.5,1H,1H,N,,,
15147,PSEG Fossil LLC,2404,PSEG Kearny Generating Station,NJ,Hudson,N124,OP,GT,IPP Non-CHP,2,60.5,43.7,44.5,NG,KER,Y,NG,KER,,,,,Y,Y,43.7,44.5,43.7,44.5,1H,1H,N,,,
15147,PSEG Fossil LLC,2406,PSEG Linden Generating Station,NJ,Union,1001,OP,CA,IPP Non-CHP,2,315.0,286,286,NG,KER,N,,,,,,,Y,N,282.42,282.42,250.89,250.89,6H,1H,Y,Y,Y,Y
15147,PSEG Fossil LLC,2406,PSEG Linden Generating Station,NJ,Union,1101,OP,CT,IPP Non-CHP,2,181.4,165,165,NG,KER,N,,,,,,,Y,Y,167.79,167.79,149.05,149.05,6H,1H,Y,Y,Y,Y
15147,PSEG Fossil LLC,2406,PSEG Linden Generating Station,NJ,Union,1201,OP,CT,IPP Non-CHP,2,181.4,165,165,NG,KER,N,,,,,,,Y,Y,167.79,167.79,149.05,149.05,6H,1H,Y,Y,Y,Y
15147,PSEG Fossil LLC,2406,PSEG Linden Generating Station,NJ,Union,2001,OP,CA,IPP Non-CHP,2,315.0,286,286,NG,KER,N,,,,,,,Y,Y,282.42,282.42,250.89,250.89,6H,1H,Y,Y,Y,Y
15147,PSEG Fossil LLC,2406,PSEG Linden Generating Station,NJ,Union,2101,OP,CT,IPP Non-CHP,2,181.4,165,165,NG,KER,N,,,,,,,Y,Y,167.79,167.79,149.05,149.05,6H,1H,Y,Y,Y,Y
15147,PSEG Fossil LLC,2406,PSEG Linden Generating Station,NJ,Union,2201,OP,CT,IPP Non-CHP,2,181.4,165,165,NG,KER,N,,,,,,,Y,Y,167.79,167.79,149.05,149.05,6H,1H,Y,Y,Y,Y
15147,PSEG Fossil LLC,2406,PSEG Linden Generating Station,NJ,Union,5,OP,GT,IPP Non-CHP,2,96.1,86,90.5,NG,KER,Y,NG,KER,,,,,Y,Y,86,90.5,86,90.5,1H,1H,Y,,Y,
15147,PSEG Fossil LLC,2406,PSEG Linden Generating Station,NJ,Union,6,OP,GT,IPP Non-CHP,2,96.1,86,89.5,NG,KER,Y,NG,KER,,,,,Y,Y,86,89.5,86,89.5,1H,1H,Y,,Y,
15147,PSEG Fossil LLC,2406,PSEG Linden Generating Station,NJ,Union,7,OP,GT,IPP Non-CHP,2,96.1,84,84.1,NG,KER,Y,NG,KER,,,,,Y,Y,84,84.1,84,84.1,1H,1H,Y,,Y,
15147,PSEG Fossil LLC,2406,PSEG Linden Generating Station,NJ,Union,8,OP,GT,IPP Non-CHP,2,96.1,84,84.1,NG,KER,Y,NG,KER,,,,,Y,Y,84,84.1,84,84.1,1H,1H,Y,,Y,
15147,PSEG Fossil LLC,2408,PSEG Mercer Generating Station,NJ,Mercer,1,OP,ST,IPP Non-CHP,2,326.4,316,316,BIT,NG,Y,BIT,NG,,,,,N,, , , , ,,,,,,
15147,PSEG Fossil LLC,2408,PSEG Mercer Generating Station,NJ,Mercer,2,OP,ST,IPP Non-CHP,2,326.4,316,316,BIT,NG,Y,BIT,NG,,,,,N,, , , , ,,,,,,
15246,City of Portland - (MI),1851,Frank Jenkins,MI,IONIA,5,SB,IC,Electric Utility,1,2.0,1.7,1.7,DFO,NG,Y,DFO,NG,,,,,Y,Y,1.7, ,2, ,1H,1H,Y,Y,,
15246,City of Portland - (MI),1851,Frank Jenkins,MI,IONIA,6,SB,IC,Electric Utility,1,1.0,1,1,DFO,NG,Y,DFO,NG,,,,,Y,Y,0.9, ,1, ,1H,1H,Y,Y,,
15248,Portland General Electric Co,8073,Beaver,OR,Columbia,1,OP,CT,Electric Utility,1,68.3,54,60,NG,DFO,Y,NG,DFO,,,,,Y,Y,55.3,63,55.3,63,1H,1H,Y,,Y,
15248,Portland General Electric Co,8073,Beaver,OR,Columbia,2,OP,CT,Electric Utility,1,68.3,54,60,NG,DFO,Y,NG,DFO,,,,,Y,Y,55.3,63,55.3,63,1H,1H,Y,,Y,
15248,Portland General Electric Co,8073,Beaver,OR,Columbia,3,OP,CT,Electric Utility,1,68.3,54,60,NG,DFO,Y,NG,DFO,,,,,Y,Y,55.3,63,55.3,63,1H,1H,Y,,Y,
15248,Portland General Electric Co,8073,Beaver,OR,Columbia,4,OP,CT,Electric Utility,1,68.3,54,60,NG,DFO,Y,NG,DFO,,,,,Y,Y,55.3,63,55.3,63,1H,1H,Y,,Y,
15248,Portland General Electric Co,8073,Beaver,OR,Columbia,5,OP,CT,Electric Utility,1,68.3,54,60,NG,DFO,Y,NG,DFO,,,,,Y,Y,55.3,63,55.3,63,1H,1H,Y,,Y,
15248,Portland General Electric Co,8073,Beaver,OR,Columbia,6,OP,CT,Electric Utility,1,68.3,54,60,NG,DFO,Y,NG,DFO,,,,,Y,Y,55.3,63,55.3,63,1H,1H,Y,,Y,
15253,Power City Partners LP,54592,Massena Energy Facility,NY,St Lawrence,GEN1,OP,CT,IPP Non-CHP,2,66.5,46,56,NG,DFO,N,,,,,,,Y,Y,46,59,46,59,1H,1H,Y,,Y,
15276,PPL Martins Creek LLC,3148,PPL Martins Creek,PA,Northampton,3,OP,ST,IPP Non-CHP,2,850.5,850,850,NG,DFO,Y,NG,RFO,,,,,Y,Y,670,670,850,850,6H,6H,Y,,Y,
15276,PPL Martins Creek LLC,3148,PPL Martins Creek,PA,Northampton,4,OP,ST,IPP Non-CHP,2,850.5,850,850,NG,DFO,Y,NG,RFO,,,,,Y,Y,670,670,850,850,6H,6H,Y,,Y,
15296,New York Power Authority,7314,Richard M Flynn,NY,Suffolk,NA1,OP,CT,Electric Utility,1,108.0,87.6,113,NG,DFO,Y,NG,DFO,,,,,Y,N,87.6, ,87.6, ,1H,,Y,,,Y
15296,New York Power Authority,7314,Richard M Flynn,NY,Suffolk,NA2,OP,CA,Electric Utility,1,56.0,48.6,51.5,NG,DFO,N,,,,,,,Y,N,48.6, ,48.6, ,1H,,Y,,,Y
15296,New York Power Authority,56196,500MW CC,NY,Queens,CA01,OP,CA,Electric Utility,1,188.0,161.7,176.7,NG,,,,,,,,,Y,, , , , ,1H,,,,,
15296,New York Power Authority,56196,500MW CC,NY,Queens,CT01,OP,CT,Electric Utility,1,170.0,146.2,159.8,NG,KER,,,,,,,,Y,, , , , ,1H,,,,,
15296,New York Power Authority,56196,500MW CC,NY,Queens,CT02,OP,CT,Electric Utility,1,170.0,146.2,159.8,NG,KER,,,,,,,,Y,, , , , ,1H,,,,,
15321,City of Pratt- (KS),1317,Pratt,KS,Pratt,5,OP,ST,Electric Utility,1,14.0,13,14,NG,DFO,Y,NG,DFO,,,,,Y,Y,13, ,13, ,24H,,Y,,Y,
15321,City of Pratt- (KS),7447,Pratt 2,KS,Pratt,IC2,OP,IC,Electric Utility,1,8.0,7.6,7.6,NG,DFO,Y,NG,DFO,,,,,Y,Y,8, ,8, ,1H,1H,Y,,Y,
15321,City of Pratt- (KS),7447,Pratt 2,KS,Pratt,IC3,OP,IC,Electric Utility,1,8.0,7.6,7.6,NG,DFO,Y,NG,DFO,,,,,Y,Y,8, ,8, ,1H,1H,Y,,Y,
15348,Preston Public Utilities Comm,2004,Preston (MN),MN,Fillmore,6,OP,IC,Electric Utility,1,2.0,2.2,2.2,NG,DFO,,,,,,,,Y,Y,2.2,2.2,2.2,2.2,1H,1H,N,,,
15388,City of Princeton - (IL),957,Princeton (IL),IL,Bureau,1,SB,IC,Electric Utility,1,2.3,2.3,2.3,NG,DFO,Y,DFO,NG,,,,,N,Y,2.3, ,2.3, ,,,,,,
15388,City of Princeton - (IL),957,Princeton (IL),IL,Bureau,2,SB,IC,Electric Utility,1,3.0,3,3,NG,DFO,Y,DFO,NG,,,,,N,Y,3, ,3, ,,,,,,
15388,City of Princeton - (IL),957,Princeton (IL),IL,Bureau,3,SB,IC,Electric Utility,1,3.4,3.4,3.4,NG,DFO,Y,DFO,NG,,,,,N,Y,3.4, ,3.4, ,,,,,,
15388,City of Princeton - (IL),957,Princeton (IL),IL,Bureau,4,SB,IC,Electric Utility,1,3.4,3.4,3.4,NG,DFO,Y,DFO,NG,,,,,N,Y,3.4, ,3.4, ,,,,,,
15388,City of Princeton - (IL),957,Princeton (IL),IL,Bureau,5,SB,IC,Electric Utility,1,4.4,4.4,4.4,NG,DFO,Y,DFO,NG,,,,,N,Y,4.4, ,4.4, ,,,,,,
15388,City of Princeton - (IL),957,Princeton (IL),IL,Bureau,6,SB,IC,Electric Utility,1,5.6,5.5,5.5,NG,DFO,Y,DFO,NG,,,,,N,Y,5.5,5.5,5.5,5.5,,,,,,
15388,City of Princeton - (IL),957,Princeton (IL),IL,Bureau,7,SB,IC,Electric Utility,1,7.0,7,7,NG,DFO,Y,DFO,NG,,,,,N,Y,7,7,7,7,,,,,,
15388,City of Princeton - (IL),957,Princeton (IL),IL,Bureau,8,SB,IC,Electric Utility,1,8.8,8.7,8.7,NG,DFO,Y,DFO,NG,,,,,N,Y,8.7,8.7,8.7,8.7,,,,,,
15400,Procter & Gamble Co,50456,Procter & Gamble Cincinnati Plant,OH,Hamilton,GEN1,OP,ST,Industrial CHP,7,12.5,11.7,11.8,BIT,NG,Y,BIT,NG,,,,,N,, , , , ,,,,,,
15444,Provo City Corp,3686,Provo,UT,UTAH,5,OP,IC,Electric Utility,1,2.5,2.5,2.5,NG,DFO,N,,,,,,,Y,Y,2.5, ,2.5, ,1H,,Y,,Y,
15444,Provo City Corp,3686,Provo,UT,UTAH,6,OP,IC,Electric Utility,1,2.5,2.5,2.5,NG,DFO,Y,DFO,NG,,,,,Y,Y,2.5,2.5,2.5,2.5,1H,,Y,,Y,
15444,Provo City Corp,3686,Provo,UT,UTAH,7,OP,IC,Electric Utility,1,2.5,2.5,2.5,NG,DFO,Y,DFO,NG,,,,,Y,Y,2.5,2.5,2.5,2.5,1H,,Y,,Y,
15444,Provo City Corp,3686,Provo,UT,UTAH,8,OP,IC,Electric Utility,1,2.5,2.5,2.5,NG,DFO,Y,DFO,NG,,,,,Y,Y,2.5,2.5,2.5,2.5,1H,,Y,,Y,
15452,PSEG Power Connecticut LLC,568,Bridgeport Station,CT,Fairfield,3,OP,ST,IPP Non-CHP,2,400.0,383.4,385,SUB,RFO,Y,SUB,RFO,,,,,N,, , , , ,,,,,,
15452,PSEG Power Connecticut LLC,6156,New Haven Harbor,CT,New Haven,1,OP,ST,IPP Non-CHP,2,460.0,447.9,453.4,RFO,NG,Y,RFO,NG,,,,,Y,Y,150,150,447.9,453.4,1H,1H,Y,,,Y
15452,PSEG Power Connecticut LLC,6156,New Haven Harbor,CT,New Haven,2,OP,GT,IPP Non-CHP,2,60.5,43.2,48.6,KER,NG,N,,,,,,,Y,Y,43.2,48.6,43.2,48.6,1H,1H,Y,Y,,
15452,PSEG Power Connecticut LLC,6156,New Haven Harbor,CT,New Haven,3,OP,GT,IPP Non-CHP,2,60.5,43.2,48.6,KER,NG,N,,,,,,,Y,Y,43.2,48.6,43.2,48.6,1H,1H,Y,Y,,
15452,PSEG Power Connecticut LLC,6156,New Haven Harbor,CT,New Haven,4,OP,GT,IPP Non-CHP,2,60.5,43.2,48.6,KER,NG,N,,,,,,,Y,Y,43.2,48.6,43.2,48.6,1H,1H,Y,Y,,
15466,Public Service Co of Colorado,464,Alamosa,CO,Alamosa,CT1,OP,GT,Electric Utility,1,26.6,13,17,NG,DFO,Y,NG,DFO,,,,,Y,Y,13,17,11.5,11.5,1H,1H,Y,Y,Y,
15466,Public Service Co of Colorado,464,Alamosa,CO,Alamosa,CT2,OP,GT,Electric Utility,1,26.6,14,18,NG,DFO,Y,NG,DFO,,,,,Y,Y,14,18,13.5,13.5,1H,1H,Y,Y,Y,
15466,Public Service Co of Colorado,469,Cherokee,CO,Adams,3,OP,ST,Electric Utility,1,170.5,152,152,BIT,NG,Y,BIT,NG,,,,,N,, , , , ,,,,,,
15466,Public Service Co of Colorado,469,Cherokee,CO,Adams,4,OP,ST,Electric Utility,1,380.8,352,352,BIT,NG,Y,BIT,NG,,,,,N,, , , , ,,,,,,
15466,Public Service Co of Colorado,471,Fruita,CO,Mesa,1,OP,GT,Electric Utility,1,26.6,18,18,NG,DFO,Y,NG,DFO,,,,,Y,Y,14,18,13.5,13.5,1H,1H,Y,Y,Y,
15466,Public Service Co of Colorado,477,Valmont,CO,Boulder,5,OP,ST,Electric Utility,1,191.7,184,184,BIT,NG,Y,BIT,NG,,,,,N,, , , , ,,,,,,
15466,Public Service Co of Colorado,478,Zuni,CO,Denver,2,OP,ST,Electric Utility,1,75.0,59,60,NG,RFO,Y,NG,RFO,,,,,Y,Y,59,60,59,60,1H,1H,Y,,Y,
15466,Public Service Co of Colorado,8067,Fort Lupton,CO,Weld,1,OP,GT,Electric Utility,1,39.2,45,50,NG,DFO,N,,,,,,,Y,Y,43,45,43,45,1H,1H,Y,Y,Y,
15466,Public Service Co of Colorado,8067,Fort Lupton,CO,Weld,2,OP,GT,Electric Utility,1,39.2,45,50,NG,DFO,N,,,,,,,Y,Y,44.7,47,44.7,47,1H,1H,Y,Y,Y,
15466,Public Service Co of Colorado,55645,Blue Spruce Energy Center,CO,Adams,CT01,OP,GT,Electric Utility,1,198.9,130,144,NG,DFO,N,,,,,,,Y,Y,130,144,130,144,1H,1H,N,,,
15466,Public Service Co of Colorado,55645,Blue Spruce Energy Center,CO,Adams,CT02,OP,GT,Electric Utility,1,198.9,134,148,NG,DFO,N,,,,,,,Y,Y,134,148,138,148,1H,1H,N,,,
15470,Duke Energy Indiana Inc,1001,Cayuga,IN,Vermillion,4,OP,GT,Electric Utility,1,121.0,99,120,NG,DFO,Y,NG,DFO,,,,,Y,Y,99,120,99,120,1H,1H,Y,Y,Y,
15470,Duke Energy Indiana Inc,1004,Edwardsport,IN,Knox,CT1,OP,CT,Electric Utility,1,236.5, , ,SGC,NG,Y,SGC,NG,,,,,N,, , , , ,,,,,,
15470,Duke Energy Indiana Inc,1004,Edwardsport,IN,Knox,CT2,OP,CT,Electric Utility,1,236.5, , ,SGC,NG,Y,SGC,NG,,,,,N,, , , , ,,,,,,
15472,Public Service Co of NH,2367,Schiller,NH,Rockingham,4,OP,ST,Electric Utility,1,50.0,47.5,48,BIT,RFO,Y,BIT,RFO,,,,,N,, , , , ,,,,,,
15472,Public Service Co of NH,2367,Schiller,NH,Rockingham,6,OP,ST,Electric Utility,1,50.0,47.9,48.6,BIT,RFO,Y,BIT,RFO,,,,,N,, , , , ,,,,,,
15472,Public Service Co of NH,8002,Newington,NH,Rockingham,1,OP,ST,Electric Utility,1,414.0,400.2,400.2,RFO,NG,Y,RFO,NG,,,,,Y,Y,310, ,402, ,6H,,N,,,
15474,Public Service Co of Oklahoma,2963,Northeastern,OK,Rogers,3,OP,ST,Electric Utility,1,473.0,460,460,SUB,NG,Y,NG,SUB,,,,,,, , , , ,,,,,,
15474,Public Service Co of Oklahoma,2963,Northeastern,OK,Rogers,4,OP,ST,Electric Utility,1,473.0,460,460,SUB,NG,Y,NG,SUB,,,,,,, , , , ,,,,,,
15474,Public Service Co of Oklahoma,4940,Riverside (OK),OK,Tulsa,1,OP,ST,Electric Utility,1,473.0,454,454,NG,DFO,Y,NG,DFO,,,,,Y,Y,454, ,390, ,UNK,,Y,,,Y
15474,Public Service Co of Oklahoma,4940,Riverside (OK),OK,Tulsa,2,OP,ST,Electric Utility,1,473.0,455,455,NG,DFO,Y,NG,DFO,,,,,Y,Y,455, ,410, ,UNK,,Y,,,Y
15500,Puget Sound Energy Inc,99,Frederickson,WA,Pierce,1,SB,GT,Electric Utility,1,88.9,67,81.1,NG,DFO,Y,NG,DFO,,,,,Y,Y,67,81.1,67,81.1,1H,1H,N,,,
15500,Puget Sound Energy Inc,99,Frederickson,WA,Pierce,2,SB,GT,Electric Utility,1,88.9,67,81.1,NG,DFO,Y,NG,DFO,,,,,Y,Y,67,81.1,67,81.1,1H,1H,N,,,
15500,Puget Sound Energy Inc,607,Fredonia,WA,Skagit,1,SB,GT,Electric Utility,1,129.1,93,114,NG,DFO,N,,,,,,,Y,Y,108,120,108,102,1H,1H,Y,Y,,
15500,Puget Sound Energy Inc,607,Fredonia,WA,Skagit,2,SB,GT,Electric Utility,1,129.1,93,114,NG,DFO,N,,,,,,,Y,Y,108,120,108,120,1H,1H,Y,Y,,
15500,Puget Sound Energy Inc,607,Fredonia,WA,Skagit,3,SB,GT,Electric Utility,1,58.9,47,60,NG,DFO,N,,,,,,,Y,Y,46.7,62,46.7,54,1H,1H,Y,Y,Y,
15500,Puget Sound Energy Inc,607,Fredonia,WA,Skagit,4,SB,GT,Electric Utility,1,58.9,47,60,NG,DFO,N,,,,,,,Y,Y,46.7,62,46.7,54,1H,1H,Y,Y,Y,
15500,Puget Sound Energy Inc,6120,Whitehorn,WA,Whatcom,2,SB,GT,Electric Utility,1,84.6,67,81.1,NG,DFO,Y,NG,DFO,,,,,Y,Y,65,81,65,81,1H,1H,N,,,
15500,Puget Sound Energy Inc,6120,Whitehorn,WA,Whatcom,3,OP,GT,Electric Utility,1,84.6,67,81.1,NG,DFO,Y,NG,DFO,,,,,Y,Y,65,81,65,81,1H,1H,N,,,
15500,Puget Sound Energy Inc,7870,Encogen,WA,Whatcom,CTG1,OP,CT,Electric Utility,1,39.4,34.5,42.2,NG,DFO,Y,NG,DFO,,,,,Y,Y,39.4, ,39.4, ,1H,1H,Y,,,Y
15500,Puget Sound Energy Inc,7870,Encogen,WA,Whatcom,CTG2,OP,CT,Electric Utility,1,39.4,34.5,42.2,NG,DFO,Y,NG,DFO,,,,,Y,Y,39.4, ,39.4, ,1H,1H,Y,,,Y
15500,Puget Sound Energy Inc,7870,Encogen,WA,Whatcom,CTG3,OP,CT,Electric Utility,1,39.4,34.5,42.2,NG,DFO,Y,NG,DFO,,,,,Y,Y,39.4, ,39.4, ,1H,1H,Y,,,Y
15500,Puget Sound Energy Inc,54537,Ferndale Generating Station,WA,Whatcom,CT1A,OP,CT,Electric Utility,1,95.9,86,94,NG,DFO,Y,NG,DFO,,,,,Y,Y,86,94,84.7,92.3,1H,1H,N,,,
15500,Puget Sound Energy Inc,54537,Ferndale Generating Station,WA,Whatcom,CT1B,OP,CT,Electric Utility,1,95.9,86,94,NG,DFO,Y,NG,DFO,,,,,Y,Y,86,94,84.7,92.3,1H,1H,N,,,
15526,Purdue University,50240,Purdue University,IN,Tippecanoe,GEN1,OP,ST,Commercial CHP,5,30.8,30.8,30.8,BIT,NG,Y,BIT,NG,,,,,N,, , , , ,,,,,,
15526,Purdue University,50240,Purdue University,IN,Tippecanoe,GEN2,OP,ST,Commercial CHP,5,10.6,7,10.6,BIT,NG,Y,BIT,NG,,,,,N,, , , , ,,,,,,
15534,PPL Montour LLC,3149,PPL Montour,PA,Montour,1,OP,ST,IPP Non-CHP,2,864.9,755,755,BIT,DFO,Y,DFO,,,,,,N,, , , , ,,,,,,
15534,PPL Montour LLC,3149,PPL Montour,PA,Montour,11,OP,ST,IPP Non-CHP,2,17.2,11,11,BIT,DFO,Y,DFO,,,,,,N,, , , , ,,,,,,
15534,PPL Montour LLC,3149,PPL Montour,PA,Montour,2,OP,ST,IPP Non-CHP,2,893.0,750,750,BIT,DFO,Y,DFO,,,,,,N,, , , , ,,,,,,
15537,PPL Brunner Island LLC,3140,PPL Brunner Island,PA,York,1,OP,ST,IPP Non-CHP,2,363.3,313,313,BIT,DFO,Y,DFO,,,,,,N,, , , , ,,,,,,
15537,PPL Brunner Island LLC,3140,PPL Brunner Island,PA,York,2,OP,ST,IPP Non-CHP,2,405.0,373,373,BIT,DFO,Y,DFO,,,,,,N,, , , , ,,,,,,
15537,PPL Brunner Island LLC,3140,PPL Brunner Island,PA,York,3,OP,ST,IPP Non-CHP,2,847.8,742,742,BIT,DFO,Y,DFO,,,,,,,, , , , ,,,,,,
15726,"Rayonier Performance Fibers, LLC",10560,Rayonier Jesup Mill,GA,Wayne,GEN2,OP,ST,Industrial Non-CHP,6,5.0,4.7,4.7,WDS,RFO,Y,WDS,RFO,NG,BLQ,DFO,,Y,Y,4.65, ,4.65, ,6H,,N,,,
15726,"Rayonier Performance Fibers, LLC",10560,Rayonier Jesup Mill,GA,Wayne,GEN3,OP,ST,Industrial Non-CHP,6,7.5,7,7.1,WDS,RFO,Y,WDS,RFO,NG,BLQ,DFO,,Y,Y,6.98, ,6.98, ,6H,,N,,,
15726,"Rayonier Performance Fibers, LLC",10560,Rayonier Jesup Mill,GA,Wayne,GEN4,OP,ST,Industrial Non-CHP,6,7.5,7,7.1,WDS,RFO,Y,RFO,BLQ,NG,WDS,DFO,,Y,Y,6.98, ,6.98, ,6H,,N,,,
15726,"Rayonier Performance Fibers, LLC",10560,Rayonier Jesup Mill,GA,Wayne,GEN5,OP,ST,Industrial Non-CHP,6,30.0,27.9,28.2,BLQ,RFO,Y,BLQ,RFO,NG,WDS,DFO,,Y,Y,4, ,27, ,6H,,N,,,
15726,"Rayonier Performance Fibers, LLC",10560,Rayonier Jesup Mill,GA,Wayne,GEN6,OP,ST,Industrial Non-CHP,6,27.0,25.1,25.4,BLQ,RFO,Y,BLQ,RFO,,,,,N,, , , , ,6H,,,,,
15726,"Rayonier Performance Fibers, LLC",10562,Rayonier Fernandina Mill,FL,Nassau,GEN3,OS,ST,Industrial CHP,7,7.5,6.5,6.5,WDS,RFO,Y,WDS,RFO,TDF,,,,N,, , , , ,,,,,,
15726,"Rayonier Performance Fibers, LLC",10562,Rayonier Fernandina Mill,FL,Nassau,GEN4,OP,ST,Industrial CHP,7,20.0,21,21,WDS,RFO,Y,WDL,RFO,,TDF,,,N,, , , , ,,,,,,
15726,"Rayonier Performance Fibers, LLC",10562,Rayonier Fernandina Mill,FL,Nassau,GEN5,OP,ST,Industrial CHP,7,22.0,21,21,WDS,RFO,Y,WDL,RFO,TDF,,,,N,, , , , ,,,,,,
15773,City of Red Cloud - (NE),2299,Red Cloud,NE,Webster,1,OP,IC,Electric Utility,1,0.5,0.5,0.5,DFO,NG,Y,DFO,NG,,,,,Y,N,0.5, ,0.5, ,UNK,,Y,,Y,
15773,City of Red Cloud - (NE),2299,Red Cloud,NE,Webster,2,OP,IC,Electric Utility,1,0.9,0.6,0.6,DFO,NG,Y,DFO,NG,,,,,Y,N,0.6, ,0.6, ,UNK,,Y,,Y,
15773,City of Red Cloud - (NE),2299,Red Cloud,NE,Webster,3,OP,IC,Electric Utility,1,1.3,1.2,1.2,DFO,NG,Y,DFO,NG,,,,,Y,N,1.2, ,1.2, ,UNK,,Y,,Y,
15773,City of Red Cloud - (NE),2299,Red Cloud,NE,Webster,4,OP,IC,Electric Utility,1,1.3,1.2,1.2,DFO,NG,Y,DFO,NG,,,,,Y,N,1.2, ,1.2, ,UNK,,Y,,Y,
15773,City of Red Cloud - (NE),2299,Red Cloud,NE,Webster,5,OP,IC,Electric Utility,1,2.2,2.2,2.2,DFO,NG,Y,DFO,NG,,,,,Y,N,2.2, ,2.2, ,UNK,,Y,,Y,
15776,Reedy Creek Improvement Dist,7294,Central Energy Plant,FL,Orange,GTG,OP,CT,Electric Utility,1,61.5,48,48,NG,DFO,N,,,,,,,Y,Y,48,48,48,48,1H,1H,Y,,Y,
15793,Redwood Falls Public Util Comm,2009,Redwood Falls,MN,Redwood,7,OP,IC,Electric Utility,1,5.8,6,6,DFO,NG,N,,,,,,,Y,Y,5, ,5, ,1H,,Y,Y,,
15860,City of Rensselaer - (IN),1038,Rensselaer City Light Plant,IN,JASPER,14,SB,IC,Electric Utility,1,5.0,4.8,4.8,DFO,NG,N,,,,,,,Y,Y,4.8, ,4.8, ,1H,,N,,,
15908,NRG California South LP,329,Coolwater,CA,San Bernardino,1,OP,ST,IPP Non-CHP,2,65.3,63,63,NG,DFO,Y,NG,DFO,,,,,Y,Y,65,65,65,65,6H,,Y,Y,,
15908,NRG California South LP,329,Coolwater,CA,San Bernardino,2,OP,ST,IPP Non-CHP,2,82.0,82,82,NG,DFO,Y,NG,DFO,,,,,Y,Y,81,81,81,81,6H,,Y,Y,,
16001,Rhode Island Hospital,52024,Rhode Island Hospital,RI,Providence,GEN2,OP,ST,Commercial CHP,5,1.7,1.7,1.7,NG,RFO,N,,,,,,,Y,Y,1.7,1.7,1.7,1.7,1H,1H,N,,,
16001,Rhode Island Hospital,52024,Rhode Island Hospital,RI,Providence,GEN4,OP,ST,Commercial CHP,5,1.7,1.7,1.7,NG,RFO,N,,,,,,,Y,Y,1.7,1.7,1.7,1.7,1H,1H,N,,,
16001,Rhode Island Hospital,52024,Rhode Island Hospital,RI,Providence,NEW1,OP,ST,Commercial CHP,5,3.5,3.5,3.5,NG,RFO,N,,,,,,,Y,Y,3.5,3.5,3.5,3.5,1H,1H,N,,,
16001,Rhode Island Hospital,52024,Rhode Island Hospital,RI,Providence,NEW3,OP,ST,Commercial CHP,5,3.5,3.5,3.5,NG,RFO,N,,,,,,,Y,Y,3.5,3.5,3.5,3.5,1H,1H,N,,,
16002,Rio Bravo Poso,10769,Rio Bravo Poso,CA,Kern,UP8,OP,ST,IPP CHP,3,38.2,33,33,BIT,PC,Y,BIT,PC,,,,,,, , , , ,,,,,,
16024,Riverwood Intl USA Inc,54464,Riverwood International Macon Mill,GA,Bibb,0001,OP,ST,Industrial CHP,7,7.5,9,9,NG,WDS,Y,BLQ,WDS,BIT,WO,NG,,Y,Y,9, ,9, ,UNK,6H,Y,Y,Y,
16024,Riverwood Intl USA Inc,54464,Riverwood International Macon Mill,GA,Bibb,0002,OP,ST,Industrial CHP,7,5.0,4.7,4.7,NG,WDS,Y,BLQ,WDS,BIT,WO,NG,,Y,Y,4.7, ,4.7, ,UNK,6H,Y,Y,Y,
16024,Riverwood Intl USA Inc,54464,Riverwood International Macon Mill,GA,Bibb,0003,OP,ST,Industrial CHP,7,5.0,4.7,4.7,NG,WDS,Y,BLQ,WDS,BIT,WO,NG,,Y,Y,4.7, ,4.7, ,UNK,6H,Y,Y,Y,
16024,Riverwood Intl USA Inc,54464,Riverwood International Macon Mill,GA,Bibb,0004,OP,ST,Industrial CHP,7,15.9,21.6,21.6,NG,WDS,Y,BLQ,WDS,BIT,WO,NG,,Y,Y,21.6, ,21.6, ,UNK,6H,Y,Y,Y,
16024,Riverwood Intl USA Inc,54464,Riverwood International Macon Mill,GA,Bibb,0005,OP,ST,Industrial CHP,7,40.0,39.5,39.5,WDS,NG,Y,WDS,,,NG,,,N,, , , , ,,,,,,
16061,Rio Bravo Jasmin,10768,Rio Bravo Jasmin,CA,Kern,UP9,OP,ST,IPP CHP,3,38.2,33,33,BIT,PC,Y,SUB,PC,,,,,N,, , , , ,,,,,,
16064,Graphic Packaging International,50028,Plant 31 Paper Mill,LA,Ouachita,GEN5,OP,ST,Industrial CHP,7,25.0,25,25,NG,WDS,Y,NG,WDS,BLQ,,,,,, , , , ,,,,,,
16064,Graphic Packaging International,50028,Plant 31 Paper Mill,LA,Ouachita,GEN6,OP,ST,Industrial CHP,7,20.0,20,20,NG,WDS,Y,NG,WDS,BLQ,,,,,, , , , ,,,,,,
16098,"Rio Grande Valley Sugar Growers, Inc.",54338,Rio Grande Valley Sugar Growers,TX,Hidalgo,GENA,OP,ST,Industrial CHP,7,2.5,2.5,2.5,AB,NG,Y,AB,NG,,,,,N,, , , , ,,,,,,
16098,"Rio Grande Valley Sugar Growers, Inc.",54338,Rio Grande Valley Sugar Growers,TX,Hidalgo,GENB,OP,ST,Industrial CHP,7,2.5,2.5,2.5,AB,NG,Y,AB,NG,,,,,N,, , , , ,,,,,,
16098,"Rio Grande Valley Sugar Growers, Inc.",54338,Rio Grande Valley Sugar Growers,TX,Hidalgo,GENC,OP,ST,Industrial CHP,7,2.5,2.5,2.5,AB,NG,Y,AB,NG,,,,,N,, , , , ,,,,,,
16098,"Rio Grande Valley Sugar Growers, Inc.",54338,Rio Grande Valley Sugar Growers,TX,Hidalgo,GEND,OP,ST,Industrial CHP,7,16.0,10,10,AB,NG,Y,AB,NG,,,,,N,, , , , ,,,,,,
16179,Rochelle Municipal Utilities,960,North Ninth Street,IL,Ogle,10,OP,IC,Electric Utility,1,2.5,2,2,NG,DFO,Y,DFO,NG,,,,,N,Y,2, ,2, ,,,,,,
16179,Rochelle Municipal Utilities,960,North Ninth Street,IL,Ogle,3,OP,IC,Electric Utility,1,2.5,2,2,NG,DFO,Y,DFO,NG,,,,,N,Y,2, ,2, ,,,,,,
16179,Rochelle Municipal Utilities,960,North Ninth Street,IL,Ogle,6,OP,IC,Electric Utility,1,2.5,2,2,NG,DFO,Y,DFO,NG,,,,,N,Y,2, ,2, ,,,,,,
16179,Rochelle Municipal Utilities,960,North Ninth Street,IL,Ogle,7,OP,IC,Electric Utility,1,3.8,3.5,3.5,NG,DFO,Y,DFO,NG,,,,,N,Y,3.5, ,3.5, ,,,,,,
16179,Rochelle Municipal Utilities,960,North Ninth Street,IL,Ogle,9,OP,IC,Electric Utility,1,3.5,3,3,NG,DFO,Y,DFO,NG,,,,,N,Y,3, ,3, ,,,,,,
16179,Rochelle Municipal Utilities,961,South Main Street,IL,Ogle,1,OP,IC,Electric Utility,1,2.5,1.6,1.6,NG,DFO,Y,NG,DFO,,,,,N,Y,1.6, ,1.6, ,,,,,,
16179,Rochelle Municipal Utilities,961,South Main Street,IL,Ogle,2,OP,IC,Electric Utility,1,2.5,2,2,NG,DFO,Y,NG,DFO,,,,,N,Y,2, ,2, ,,,,,,
16181,Rochester Public Utilities,2008,Silver Lake,MN,Olmsted,1,OP,ST,Electric Utility,1,8.0,6.6,6.6,BIT,NG,Y,BIT,NG,,,,,N,, , , , ,,,,,,
16181,Rochester Public Utilities,2008,Silver Lake,MN,Olmsted,2,OP,ST,Electric Utility,1,12.0,7,7,BIT,NG,Y,BIT,NG,,,,,N,, , , , ,,,,,,
16181,Rochester Public Utilities,2008,Silver Lake,MN,Olmsted,3,OP,ST,Electric Utility,1,25.0,20,20,BIT,NG,Y,BIT,NG,,,,,N,, , , , ,,,,,,
16181,Rochester Public Utilities,2008,Silver Lake,MN,Olmsted,4,OP,ST,Electric Utility,1,54.0,46.4,46.4,BIT,NG,Y,BIT,NG,,,,,N,, , , , ,,,,,,
16181,Rochester Public Utilities,6058,Cascade Creek,MN,Olmsted,1,OP,GT,Electric Utility,1,35.0,27.9,30.2,NG,DFO,N,,,,,,,Y,Y,28, ,27.9, ,1H,1H,N,,,
16181,Rochester Public Utilities,6058,Cascade Creek,MN,Olmsted,2,OP,GT,Electric Utility,1,49.9,49.5,49.9,NG,DFO,N,,,,,,,Y,Y,47.5, ,47.5, ,1H,1H,N,,,
16190,Sappi Fine Paper North America-Somerset,50406,Somerset Plant,ME,Somerset,GEN1,OP,ST,Industrial CHP,7,48.5,50,50,BLQ,WDS,Y,BLQ,WDS,RFO,TDF,SLW,,Y,N, , , , ,6H,6H,N,,,
16190,Sappi Fine Paper North America-Somerset,50406,Somerset Plant,ME,Somerset,GEN2,OP,ST,Industrial CHP,7,68.4,65,65,BLQ,WDS,Y,BLQ,WDS,RFO,TDF,SLW,,Y,N, , , , ,6H,6H,N,,,
16217,Village of Rockville Centre - (NY),2695,Charles P Keller,NY,Nassau,10,OP,IC,Electric Utility,1,3.5,3.2,3.2,NG,DFO,N,,,,,,,Y,Y,2.9, ,3.2, ,1H,1H,Y,Y,Y,
16217,Village of Rockville Centre - (NY),2695,Charles P Keller,NY,Nassau,11,OP,IC,Electric Utility,1,5.2,5.2,5.2,NG,DFO,N,,,,,,,Y,Y,4.95, ,5.2, ,1H,1H,Y,Y,Y,
16217,Village of Rockville Centre - (NY),2695,Charles P Keller,NY,Nassau,12,OP,IC,Electric Utility,1,5.5,5.5,5.5,NG,DFO,N,,,,,,,Y,Y,5.2, ,5.5, ,1H,1H,Y,Y,Y,
16217,Village of Rockville Centre - (NY),2695,Charles P Keller,NY,Nassau,13,OP,IC,Electric Utility,1,5.5,5.5,5.5,NG,DFO,N,,,,,,,Y,Y,5.2, ,5.5, ,1H,1H,Y,Y,Y,
16217,Village of Rockville Centre - (NY),2695,Charles P Keller,NY,Nassau,14,OP,IC,Electric Utility,1,6.2,6.2,6.2,NG,DFO,N,,,,,,,Y,Y,6.2, ,6.2, ,1H,1H,Y,Y,Y,
16217,Village of Rockville Centre - (NY),2695,Charles P Keller,NY,Nassau,9,OP,IC,Electric Utility,1,3.5,3.2,3.2,NG,DFO,N,,,,,,,Y,Y,2.9, ,3.2, ,1H,1H,Y,Y,Y,
16294,Roseburg Forest Products Co,50396,Dillard Complex,OR,Douglas,GEN1,OP,ST,Industrial CHP,7,5.0,5,5,WDS,NG,Y,WDS,NG,,,,,N,, , , , ,,,,,,
16294,Roseburg Forest Products Co,50396,Dillard Complex,OR,Douglas,GEN2,OP,ST,Industrial CHP,7,5.0,5,5,WDS,NG,Y,WDS,NG,,,,,N,, , , , ,,,,,,
16294,Roseburg Forest Products Co,50396,Dillard Complex,OR,Douglas,GEN3,OP,ST,Industrial CHP,7,7.0,7,7,WDS,NG,Y,WDS,NG,,,,,N,, , , , ,,,,,,
16294,Roseburg Forest Products Co,50396,Dillard Complex,OR,Douglas,GEN4,OP,ST,Industrial CHP,7,11.5,11.5,11.5,WDS,NG,Y,WDS,NG,,,,,N,, , , , ,,,,,,
16294,Roseburg Forest Products Co,50396,Dillard Complex,OR,Douglas,GEN5,OP,ST,Industrial CHP,7,11.5,11.5,11.5,WDS,NG,Y,WDS,NG,,,,,N,, , , , ,,,,,,
16294,Roseburg Forest Products Co,50396,Dillard Complex,OR,Douglas,GEN6,OS,ST,Industrial CHP,7,11.5,11.5,11.5,WDS,NG,Y,WDS,NG,,,,,N,, , , , ,,,,,,
16295,City of Roseville - (CA),7452,Roseville,CA,Placer,1,SB,GT,Electric Utility,1,27.4,21.2,24.2,NG,DFO,Y,NG,DFO,,,,,N,N,25.2, ,25.2, ,,,,,,
16295,City of Roseville - (CA),7452,Roseville,CA,Placer,2,SB,GT,Electric Utility,1,27.4,21.2,24.2,NG,DFO,Y,NG,DFO,,,,,N,N,25.2, ,25.2, ,,,,,,
16440,City of Russell - (KS),1319,Russell Downtown,KS,Russell,11,OP,IC,Electric Utility,1,3.6,3.2,3.2,NG,DFO,Y,NG,DFO,,,,,N,, , , , ,,,,,,
16440,City of Russell - (KS),1319,Russell Downtown,KS,Russell,12,OP,IC,Electric Utility,1,3.6,3.2,3.2,NG,DFO,Y,NG,DFO,,,,,N,, , , , ,,,,,,
16440,City of Russell - (KS),1319,Russell Downtown,KS,Russell,7,OP,IC,Electric Utility,1,3.5,3,3,NG,DFO,Y,NG,DFO,,,,,N,, , , , ,,,,,,
16518,City of Sabetha - (KS),1320,Sabetha Power Plant,KS,Nemaha,11,OP,IC,Electric Utility,1,3.0,2.7,2.7,DFO,NG,N,,,,,,,Y,Y,2.5,2.5,2.5,2.5,1H,1H,N,,,
16518,City of Sabetha - (KS),1320,Sabetha Power Plant,KS,Nemaha,12,OP,IC,Electric Utility,1,4.4,4.1,4.1,NG,DFO,N,,,,,,,Y,,3.5,3.5,3.5,3.5,1H,1H,N,,,
16518,City of Sabetha - (KS),1320,Sabetha Power Plant,KS,Nemaha,2,OP,IC,Electric Utility,1,1.5,1.2,1.2,DFO,NG,N,,,,,,,Y,Y, , , , ,1H,1H,N,,,
16518,City of Sabetha - (KS),1320,Sabetha Power Plant,KS,Nemaha,3,OP,IC,Electric Utility,1,0.8,0.6,0.6,DFO,NG,,,,,,,,Y,,0.5,0.5,0.5,0.5,1H,1H,Y,,,Y
16518,City of Sabetha - (KS),1320,Sabetha Power Plant,KS,Nemaha,4,OP,IC,Electric Utility,1,1.0,0.7,0.7,DFO,NG,,,,,,,,Y,,0.5,0.5,0.5,0.5,1H,1H,Y,,,Y
16518,City of Sabetha - (KS),1320,Sabetha Power Plant,KS,Nemaha,5,OP,IC,Electric Utility,1,1.4,1.2,1.2,DFO,NG,,,,,,,,Y,,1,1,1,1,1H,1H,Y,,,Y
16518,City of Sabetha - (KS),1320,Sabetha Power Plant,KS,Nemaha,6,OP,IC,Electric Utility,1,1.4,1.2,1.2,DFO,NG,N,,,,,,,Y,,1,1,1,1,1H,1H,Y,,,Y
16518,City of Sabetha - (KS),1320,Sabetha Power Plant,KS,Nemaha,7,OP,IC,Electric Utility,1,2.2,1.8,1.8,DFO,NG,N,,,,,,,Y,,1.5,1.5,1.5,1.5,1H,1H,Y,,,Y
16518,City of Sabetha - (KS),1320,Sabetha Power Plant,KS,Nemaha,8,OP,IC,Electric Utility,1,2.5,2.1,2.1,DFO,NG,N,,,,,,,Y,,1.5,1.5,1.5,1.5,1H,1H,Y,,,Y
16518,City of Sabetha - (KS),1320,Sabetha Power Plant,KS,Nemaha,IC9,OP,IC,Electric Utility,1,1.1,1,1,DFO,NG,,,,,,,,Y,,1,1,1,1,1H,1H,N,,,
16534,Sacramento Municipal Util Dist,7527,Carson Ice-Gen Project,CA,Sacramento,CCCT,OP,GT,Electric Utility,1,54.0,51.2,51.2,NG,OBG,Y,NG,OBG,,,,,N,N, , , , ,,,,,,
16534,Sacramento Municipal Util Dist,55970,Cosumnes,CA,Sacramento,2,OP,CT,Electric Utility,1,170.0,153,159.8,NG,OBG,Y,NG,OBG,,,,,N,, , , , ,,,,,,
16553,Saguaro Power Co,54271,Saguaro Power,NV,Clark,CTG1,OP,CT,IPP CHP,3,45.1,36,38,NG,DFO,Y,NG,DFO,,,,,Y,Y,36,38,36,35,1H,1H,Y,,Y,
16553,Saguaro Power Co,54271,Saguaro Power,NV,Clark,CTG2,OP,CT,IPP CHP,3,45.1,36,38,NG,DFO,Y,NG,DFO,,,,,Y,Y,36,38,36,35,1H,1H,Y,,Y,
16572,Salt River Project,141,Agua Fria,AZ,Maricopa,AF1,OP,ST,Electric Utility,1,113.6,113,114,NG,DFO,Y,NG,DFO,,,,,Y,Y,113,113,113,113,6H,,Y,,Y,
16572,Salt River Project,141,Agua Fria,AZ,Maricopa,AF2,OP,ST,Electric Utility,1,113.6,113,114,NG,DFO,Y,NG,DFO,,,,,Y,Y,113,113,113,113,6H,,Y,,Y,
16572,Salt River Project,141,Agua Fria,AZ,Maricopa,AF3,OP,ST,Electric Utility,1,163.2,181,184,NG,DFO,Y,NG,DFO,,,,,Y,Y,181,181,181,181,6H,,Y,,Y,
16572,Salt River Project,141,Agua Fria,AZ,Maricopa,AF4,OP,GT,Electric Utility,1,80.5,73,87,NG,DFO,Y,NG,DFO,,,,,Y,Y,73, ,72, ,1H,,Y,,Y,
16572,Salt River Project,141,Agua Fria,AZ,Maricopa,AF5,OP,GT,Electric Utility,1,71.2,73,82,NG,DFO,Y,NG,DFO,,,,,Y,Y,73, ,72, ,1H,,Y,,Y,
16572,Salt River Project,141,Agua Fria,AZ,Maricopa,AF6,OP,GT,Electric Utility,1,71.2,73,82,NG,DFO,Y,NG,DFO,,,,,Y,Y,73, ,72, ,1H,,Y,,Y,
16572,Salt River Project,147,Kyrene,AZ,Maricopa,KY1,OS,ST,Electric Utility,1,34.5,34,34,NG,,N,,,,,,,Y,Y,34,34,34,34,1H,1H,Y,Y,Y,Y
16572,Salt River Project,147,Kyrene,AZ,Maricopa,KY2,OS,ST,Electric Utility,1,73.5,72,72,NG,,N,,,,,,,Y,Y,72,72,72,72,1H,1H,Y,Y,Y,Y
16572,Salt River Project,147,Kyrene,AZ,Maricopa,KY4,OP,GT,Electric Utility,1,53.1,59,62.5,NG,DFO,N,NG,DFO,,,,,Y,Y,59,59,59,59,1H,1H,Y,Y,Y,Y
16572,Salt River Project,147,Kyrene,AZ,Maricopa,KY5,OP,GT,Electric Utility,1,60.3,53,62,NG,DFO,N,NG,DFO,,,,,Y,Y,53,53,53,53,1H,1H,Y,Y,Y,Y
16572,Salt River Project,147,Kyrene,AZ,Maricopa,KY6,OP,GT,Electric Utility,1,60.3,53,62,NG,DFO,N,NG,DFO,,,,,Y,Y,53,53,53,53,1H,1H,Y,Y,Y,Y
16604,City of San Antonio - (TX),3611,O W Sommers,TX,Bexar,1,OP,ST,Electric Utility,1,446.0,420,420,NG,,Y,NG,DFO,,,,,Y,Y,420,420,350,350,24H,24H,Y,Y,,
16604,City of San Antonio - (TX),3611,O W Sommers,TX,Bexar,2,OP,ST,Electric Utility,1,446.0,410,410,NG,,Y,NG,DFO,,,,,Y,Y,410,410,350,350,24H,24H,Y,Y,,
16604,City of San Antonio - (TX),3612,V H Braunig,TX,Bexar,1,OP,ST,Electric Utility,1,225.0,220,220,NG,,Y,NG,DFO,,,,,Y,Y,220, ,200, ,24H,,Y,Y,,
16604,City of San Antonio - (TX),3612,V H Braunig,TX,Bexar,2,OP,ST,Electric Utility,1,252.0,235,235,NG,,Y,NG,DFO,,,,,Y,Y,235, ,220, ,24H,,Y,Y,,
16604,City of San Antonio - (TX),3612,V H Braunig,TX,Bexar,3,OP,ST,Electric Utility,1,417.0,412,412,NG,,Y,NG,DFO,,,,,Y,Y,412, ,390, ,24H,,Y,Y,,
16604,City of San Antonio - (TX),3612,V H Braunig,TX,Bexar,5,OP,GT,Electric Utility,1,61.0,47,47,NG,DFO,N,,,,,,,Y,N,47,47,46,46,6H,,Y,Y,Y,
16604,City of San Antonio - (TX),3612,V H Braunig,TX,Bexar,6,OP,GT,Electric Utility,1,61.0,47,47,NG,DFO,N,,,,,,,Y,N,47,47,46,46,6H,,Y,Y,Y,
16604,City of San Antonio - (TX),3612,V H Braunig,TX,Bexar,7,OP,GT,Electric Utility,1,61.0,47,47,NG,DFO,N,,,,,,,Y,N,47,47,46,46,6H,,Y,Y,Y,
16604,City of San Antonio - (TX),3612,V H Braunig,TX,Bexar,8,OP,GT,Electric Utility,1,61.0,47,47,NG,DFO,N,,,,,,,Y,N,47,47,46,46,6H,,Y,Y,Y,
16604,City of San Antonio - (TX),6181,J T Deely,TX,Bexar,1,OP,ST,Electric Utility,1,486.0,420,420,SUB,,Y,SUB,NG,,,,,N,, , , , ,,,,,,
16604,City of San Antonio - (TX),6181,J T Deely,TX,Bexar,2,OP,ST,Electric Utility,1,446.0,420,420,SUB,,Y,SUB,NG,,,,,N,, , , , ,,,,,,
16604,City of San Antonio - (TX),7097,J K Spruce,TX,Bexar,1,OP,ST,Electric Utility,1,566.0,555,555,SUB,,Y,SUB,NG,,,,,N,, , , , ,,,,,,
16604,City of San Antonio - (TX),7097,J K Spruce,TX,Bexar,2,OP,ST,Electric Utility,1,878.0,785,785,SUB,,Y,SUB,NG,,,,,N,, , , , ,,,,,,
16653,Sappi Cloquet LLC,50639,Sappi Cloquet Mill,MN,Carlton,GEN3,OP,ST,Industrial CHP,7,19.2,14.8,17.5,WDS,DFO,Y,BLQ,NG,WDS,SLW,DFO,,Y,Y,14.8, ,17.5, ,1H,,N,,,
16653,Sappi Cloquet LLC,50639,Sappi Cloquet Mill,MN,Carlton,GEN4,OP,ST,Industrial CHP,7,41.5,41.5,41.5,WDS,DFO,Y,BLQ,NG,WDS,SLW,DFO,,Y,Y,20.5, ,22.5, ,1H,,N,,,
16653,Sappi Cloquet LLC,50639,Sappi Cloquet Mill,MN,Carlton,GEN5,OP,ST,Industrial CHP,7,27.6,14,15,BLQ,NG,Y,BLQ,NG,,,,,,, , , , ,,,,,,
16655,City of Santa Clara - (CA),7231,Gianera,CA,Santa Clara,1,OP,GT,Electric Utility,1,32.3,26,32,NG,DFO,Y,NG,DFO,,,,,N,N, , , , ,,,,,,
16655,City of Santa Clara - (CA),7231,Gianera,CA,Santa Clara,2,OP,GT,Electric Utility,1,32.3,26,32,NG,DFO,Y,NG,DFO,,,,,N,N, , , , ,,,,,,
16657,San Jose/Santa Clara Water P C,56080,SJ/SC WPCP,CA,Santa Clara,E2,OP,IC,Commercial CHP,5,0.8,0.8,0.8,OBG,LFG,Y,NG,OBG,LFG,DFO,,,Y,Y,0.8, ,0.8, ,1H,1H,N,,,
16657,San Jose/Santa Clara Water P C,56080,SJ/SC WPCP,CA,Santa Clara,E3,OP,IC,Commercial CHP,5,0.8,0.8,0.8,OBG,LFG,Y,NG,OBG,LFG,DFO,,,Y,Y,0.8, ,0.8, ,1H,1H,N,,,
16657,San Jose/Santa Clara Water P C,56080,SJ/SC WPCP,CA,Santa Clara,E5,OP,IC,Commercial CHP,5,1.8,1.8,1.8,OBG,LFG,Y,NG,LFG,OBG,DFO,,,Y,Y,1.8, ,1.8, ,1H,1H,N,,,
16657,San Jose/Santa Clara Water P C,56080,SJ/SC WPCP,CA,Santa Clara,EG1,OP,IC,Commercial CHP,5,2.8,2.8,2.8,NG,OBG,Y,NG,LFG,OBG,DFO,,,Y,Y,2.8, ,2.8, ,1H,1H,Y,,Y,
16667,City of Sargent - (NE),2300,Sargent,NE,Custer,1,OP,IC,Electric Utility,1,1.1,1.1,1.1,DFO,NG,,,,,,,,Y,, , , , ,6H,,,,,
16667,City of Sargent - (NE),2300,Sargent,NE,Custer,3,OP,IC,Electric Utility,1,0.9,0.9,0.9,DFO,NG,,,,,,,,Y,, , , , ,6H,,,,,
16667,City of Sargent - (NE),2300,Sargent,NE,Custer,4,OP,IC,Electric Utility,1,0.4,0.4,0.4,DFO,NG,,,,,,,,Y,, , , , ,6H,,,,,
16721,S D Warren Co.- Westbrook,50447,S D Warren Westbrook,ME,Cumberland,GEN9,OP,ST,Industrial CHP,7,47.5,40.5,47.5,WDS,BIT,Y,WDS,BIT,RFO,DFO,,,N,, , , , ,,,,,,
16721,S D Warren Co.- Westbrook,50447,S D Warren Westbrook,ME,Cumberland,GN10,OP,ST,Industrial CHP,7,15.0,15.8,15.8,WDS,BIT,Y,WDS,BIT,RFO,DFO,,,N,, , , , ,,,,,,
16732,San Jose State University Fclts Dev &Ops,10548,San Jose Cogeneration,CA,Santa Clara,GEN1,OP,GT,Commercial CHP,5,6.0,5.6,5.6,NG,DFO,N,,,,,,,Y,Y,5.6,5.6,5,5,1H,1H,N,,,
16909,Selkirk Cogen Partners LP,10725,Selkirk Cogen,NY,Albany,GEN1,OP,CT,IPP CHP,3,95.2,76.6,102.7,NG,DFO,Y,NG,DFO,,,,,Y,N,80.9,95,80.9,95,OVER,OVER,Y,Y,Y,
16909,Selkirk Cogen Partners LP,10725,Selkirk Cogen,NY,Albany,GEN3,OP,CT,IPP CHP,3,95.2,271.6,334.2,NG,DFO,Y,NG,DFO,,,,,Y,N,80.9,95,80.9,95,OVER,OVER,Y,Y,Y,
16909,Selkirk Cogen Partners LP,10725,Selkirk Cogen,NY,Albany,GEN4,OP,CT,IPP CHP,3,95.2, , ,NG,DFO,Y,NG,DFO,,,,,Y,N,80.9,95,80.9,95,OVER,,Y,Y,Y,
16988,City of Sharon Springs - (KS),1324,Sharon Spring,KS,Wallace,1,OP,IC,Electric Utility,1,1.0,0.9,1,NG,DFO,Y,NG,DFO,,,,,Y,Y,1, ,1, ,6H,6H,N,,,
16988,City of Sharon Springs - (KS),1324,Sharon Spring,KS,Wallace,2,OP,IC,Electric Utility,1,1.0,1,1,NG,DFO,Y,NG,DFO,,,,,Y,Y,1, ,1, ,6H,6H,N,,,
16988,City of Sharon Springs - (KS),1324,Sharon Spring,KS,Wallace,3,OP,IC,Electric Utility,1,0.4,0.4,0.4,NG,DFO,Y,NG,DFO,,,,,Y,Y,0.4, ,0.4, ,6H,6H,N,,,
16988,City of Sharon Springs - (KS),1324,Sharon Spring,KS,Wallace,4,OP,IC,Electric Utility,1,0.6,0.6,0.6,NG,DFO,Y,NG,DFO,,,,,Y,Y,0.6, ,0.6, ,6H,6H,N,,,
17043,City of Shelby - (OH),2943,Shelby Municipal Light Plant,OH,Richland,IC1,OP,IC,Electric Utility,1,3.0,3,3,DFO,NG,Y,DFO,NG,,,,,Y,Y,2.7,2.7,2.7,2.7,1H,1H,N,,,
17149,City of Sidney - (NE),2302,Sidney (NE),NE,Cheyenne,1,OP,IC,Electric Utility,1,1.2,1,1.1,NG,DFO,Y,DFO,NG,,,,,Y,Y,0.96, ,0.96, ,UNK,UNK,Y,,Y,Y
17149,City of Sidney - (NE),2302,Sidney (NE),NE,Cheyenne,2,OP,IC,Electric Utility,1,2.2,2,2.1,NG,DFO,Y,DFO,NG,,,,,Y,Y,1.7, ,1.7, ,UNK,UNK,Y,,Y,Y
17149,City of Sidney - (NE),2302,Sidney (NE),NE,Cheyenne,4,OP,IC,Electric Utility,1,1.0,0.8,0.8,NG,DFO,Y,DFO,NG,,,,,Y,Y,0.8, ,0.8, ,UNK,UNK,Y,,Y,Y
17149,City of Sidney - (NE),2302,Sidney (NE),NE,Cheyenne,5,OP,IC,Electric Utility,1,3.1,2.5,2.5,NG,DFO,Y,DFO,NG,,,,,Y,Y,2.5, ,2.5, ,UNK,UNK,Y,,Y,Y
17166,Sierra Pacific Power Co,2330,Fort Churchill,NV,Lyon,1,OP,ST,Electric Utility,1,115.0,113,113,NG,RFO,Y,NG,RFO,,,,,Y,Y,113, ,113, ,1H,,Y,,Y,
17166,Sierra Pacific Power Co,2330,Fort Churchill,NV,Lyon,2,OP,ST,Electric Utility,1,115.0,113,113,NG,RFO,Y,NG,RFO,,,,,Y,Y,113, ,113, ,1H,,Y,,Y,
17166,Sierra Pacific Power Co,2336,Tracy,NV,Storey,GT3,OP,GT,Electric Utility,1,85.0,66.3,72,NG,DFO,,,,,,,,Y,Y, , , , ,6H,,Y,Y,,
17166,Sierra Pacific Power Co,2336,Tracy,NV,Storey,GT4,OP,GT,Electric Utility,1,85.0,66.3,72,NG,,,,,,,,,Y,Y, , , , ,6H,,Y,Y,,
17166,Sierra Pacific Power Co,2336,Tracy,NV,Storey,ST1,OP,ST,Electric Utility,1,50.0,53,53,NG,DFO,N,,,,,,,Y,Y,53, ,53, ,6H,,Y,,Y,
17166,Sierra Pacific Power Co,2336,Tracy,NV,Storey,ST2,OP,ST,Electric Utility,1,75.0,83,83,NG,RFO,N,,,,,,,Y,Y,83, ,83, ,6H,,Y,,Y,
17235,NRG REMA LLC,2390,Sayreville,NJ,Middlesex,GT2,OP,GT,IPP Non-CHP,2,53.0,50,70,NG,DFO,N,,,,,,,Y,N,50, ,50, ,1H,1H,Y,,Y,
17235,NRG REMA LLC,2390,Sayreville,NJ,Middlesex,GT3,OP,GT,IPP Non-CHP,2,53.0,50,70,NG,DFO,N,,,,,,,Y,N,50, ,50, ,1H,1H,Y,,Y,
17235,NRG REMA LLC,2390,Sayreville,NJ,Middlesex,GT4,OP,GT,IPP Non-CHP,2,53.0,50,70,NG,DFO,N,,,,,,,Y,N,50, ,50, ,1H,1H,Y,,Y,
17235,NRG REMA LLC,2393,Gilbert,NJ,Hunterdon,4,OP,CT,IPP Non-CHP,2,54.0,47,56,NG,DFO,Y,NG,DFO,,,,,Y,Y,49, ,49, ,1H,1H,Y,,Y,
17235,NRG REMA LLC,2393,Gilbert,NJ,Hunterdon,5,OP,CT,IPP Non-CHP,2,54.0,47,56,NG,DFO,Y,NG,DFO,,,,,Y,Y,49, ,49, ,1H,1H,Y,Y,Y,
17235,NRG REMA LLC,2393,Gilbert,NJ,Hunterdon,6,OP,CT,IPP Non-CHP,2,54.0,49,56,NG,DFO,Y,NG,DFO,,,,,Y,Y,51, ,51, ,1H,1H,Y,Y,Y,
17235,NRG REMA LLC,2393,Gilbert,NJ,Hunterdon,7,OP,CT,IPP Non-CHP,2,54.0,47,56,NG,DFO,N,,,,,,,Y,Y,49, ,49, ,1H,1H,Y,Y,Y,
17235,NRG REMA LLC,2393,Gilbert,NJ,Hunterdon,9,OP,GT,IPP Non-CHP,2,161.0,150,167,NG,DFO,N,,,,,,,Y,N,150, ,150, ,1H,1H,Y,Y,Y,
17235,NRG REMA LLC,2393,Gilbert,NJ,Hunterdon,C1,OP,GT,IPP Non-CHP,2,24.0,20,25,NG,DFO,N,,,,,,,Y,N,20,20,20,20,1H,1H,Y,Y,Y,
17235,NRG REMA LLC,2393,Gilbert,NJ,Hunterdon,C2,OP,GT,IPP Non-CHP,2,24.0,22,28,NG,DFO,N,,,,,,,Y,N,22,20,22,20,1H,1H,Y,Y,Y,
17235,NRG REMA LLC,2393,Gilbert,NJ,Hunterdon,C3,OP,GT,IPP Non-CHP,2,24.0,22,28,NG,DFO,N,,,,,,,Y,N,22,20,22,20,1H,1H,Y,Y,Y,
17235,NRG REMA LLC,2393,Gilbert,NJ,Hunterdon,C4,OP,GT,IPP Non-CHP,2,24.0,22,28,NG,DFO,N,,,,,,,Y,N,22,20,22,20,1H,1H,Y,Y,Y,
17235,NRG REMA LLC,3110,Hunterstown,PA,Adams,1,OP,GT,IPP Non-CHP,2,20.0,18,25,DFO,NG,N,,,,,,,Y,Y,20,20,20,20,6H,6H,Y,,Y,
17235,NRG REMA LLC,3110,Hunterstown,PA,Adams,2,OP,GT,IPP Non-CHP,2,20.0,17,25,DFO,NG,N,,,,,,,Y,Y,20,20,20,20,6H,6H,Y,,Y,
17235,NRG REMA LLC,3110,Hunterstown,PA,Adams,3,OP,GT,IPP Non-CHP,2,20.0,18,25,DFO,NG,N,,,,,,,Y,Y,20,20,20,20,6H,6H,Y,,Y,
17235,NRG REMA LLC,3113,Portland (PA),PA,Northampton,3,OP,GT,IPP Non-CHP,2,18.0,13,16,DFO,NG,N,,,,,,,Y,Y,15, ,15, ,1H,,N,,,
17235,NRG REMA LLC,3113,Portland (PA),PA,Northampton,4,OP,GT,IPP Non-CHP,2,20.0,17,20,DFO,NG,N,,,,,,,Y,Y,20, ,20, ,1H,,N,,,
17235,NRG REMA LLC,3132,Warren,PA,Warren,3,OP,GT,IPP Non-CHP,2,53.1,46,57,DFO,NG,N,,,,,,,Y,N,57,57,57,57,6H,6H,Y,,Y,
17235,NRG REMA LLC,8227,Glen Gardner,NJ,Hunterdon,1,OP,GT,IPP Non-CHP,2,20.0,18,18,NG,DFO,N,,,,,,,Y,Y,20,20,20,20,1H,1H,Y,,Y,
17235,NRG REMA LLC,8227,Glen Gardner,NJ,Hunterdon,2,OP,GT,IPP Non-CHP,2,20.0,18,18,NG,DFO,N,,,,,,,Y,Y,20,20,20,20,1H,1H,Y,,Y,
17235,NRG REMA LLC,8227,Glen Gardner,NJ,Hunterdon,3,OP,GT,IPP Non-CHP,2,19.6,18,18,NG,DFO,N,,,,,,,Y,Y,20,20,20,20,1H,1H,Y,,Y,
17235,NRG REMA LLC,8227,Glen Gardner,NJ,Hunterdon,4,OP,GT,IPP Non-CHP,2,20.0,18,18,NG,DFO,N,,,,,,,Y,Y,20,20,20,20,1H,1H,Y,,Y,
17235,NRG REMA LLC,8227,Glen Gardner,NJ,Hunterdon,5,OP,GT,IPP Non-CHP,2,20.0,18,18,NG,DFO,N,,,,,,,Y,Y,20,20,20,20,1H,1H,Y,,Y,
17235,NRG REMA LLC,8227,Glen Gardner,NJ,Hunterdon,6,OP,GT,IPP Non-CHP,2,20.0,18,18,NG,DFO,N,,,,,,,Y,Y,20,20,20,20,1H,1H,Y,,Y,
17235,NRG REMA LLC,8227,Glen Gardner,NJ,Hunterdon,7,OP,GT,IPP Non-CHP,2,20.0,18,18,NG,DFO,N,,,,,,,Y,Y,20,20,20,20,1H,1H,Y,,Y,
17235,NRG REMA LLC,8227,Glen Gardner,NJ,Hunterdon,8,OP,GT,IPP Non-CHP,2,20.0,18,18,NG,DFO,N,,,,,,,Y,Y,20,20,20,20,1H,1H,Y,,Y,
17465,RockTenn-West Point Mill,10017,West Point Mill,VA,King William,GEN8,SB,ST,Industrial CHP,7,5.0,5,5,BLQ,WDS,Y,BLQ,NG,,,,,N,, , , , ,,,,,,
17465,RockTenn-West Point Mill,10017,West Point Mill,VA,King William,GEN9,OP,ST,Industrial CHP,7,10.0,10,10,BLQ,WDS,Y,BLQ,NG,,,,,N,, , , , ,,,,,,
17465,RockTenn-West Point Mill,10017,West Point Mill,VA,King William,GN10,OP,ST,Industrial CHP,7,25.0,25,25,BLQ,WDS,Y,BLQ,NG,,,,,N,, , , , ,,,,,,
17465,RockTenn-West Point Mill,10017,West Point Mill,VA,King William,GN11,OP,ST,Industrial CHP,7,15.0,15,15,BLQ,WDS,Y,BLQ,NG,,,,,N,, , , , ,,,,,,
17465,RockTenn-West Point Mill,10017,West Point Mill,VA,King William,GN12,OP,ST,Industrial CHP,7,46.0,46,46,BLQ,WDS,Y,BLQ,NG,,,,,N,, , , , ,,,,,,
17539,South Carolina Electric&Gas Company,3281,Coit GT,SC,Richland,1,OP,GT,Electric Utility,1,19.6,14,19,NG,DFO,N,,,,,,,Y,Y,14,19,14,19,6H,6H,Y,,Y,
17539,South Carolina Electric&Gas Company,3281,Coit GT,SC,Richland,2,OP,GT,Electric Utility,1,19.6,14,19,NG,DFO,N,,,,,,,Y,Y,14,19,14,19,6H,6H,Y,,Y,
17539,South Carolina Electric&Gas Company,3285,Hagood,SC,Charleston,4,OP,GT,Electric Utility,1,122.0,86,99,NG,DFO,N,,,,,,,Y,Y,86,99,86,99,1H,1H,N,,,
17539,South Carolina Electric&Gas Company,3285,Hagood,SC,Charleston,5,OP,GT,Electric Utility,1,32.0,20,23,NG,DFO,N,,,,,,,Y,Y,20,23,20,23,1H,1H,N,,,
17539,South Carolina Electric&Gas Company,3285,Hagood,SC,Charleston,6,OP,GT,Electric Utility,1,32.0,20,23,NG,DFO,N,,,,,,,Y,Y,20,23,20,23,1H,1H,N,,,
17539,South Carolina Electric&Gas Company,3287,McMeekin,SC,Lexington,1,OP,ST,Electric Utility,1,146.8,125,125,BIT,DFO,Y,DFO,NG,,,,,N,, , , , ,,,,,,
17539,South Carolina Electric&Gas Company,3287,McMeekin,SC,Lexington,2,OP,ST,Electric Utility,1,146.8,125,125,BIT,DFO,Y,DFO,NG,,,,,N,, , , , ,,,,,,
17539,South Carolina Electric&Gas Company,3291,Parr GT,SC,Fairfield,GT1,OP,GT,Electric Utility,1,17.5,15.5,18.5,NG,DFO,Y,NG,DFO,,,,,Y,Y,13.5,17,13.5,17,6H,6H,N,,,
17539,South Carolina Electric&Gas Company,3291,Parr GT,SC,Fairfield,GT2,OP,GT,Electric Utility,1,17.5,15.5,18.5,NG,DFO,Y,NG,DFO,,,,,Y,Y,13.5,17,13.5,17,6H,6H,N,,,
17539,South Carolina Electric&Gas Company,3291,Parr GT,SC,Fairfield,GT3,OP,GT,Electric Utility,1,19.5,19,22,NG,DFO,Y,NG,DFO,,,,,Y,Y,16.5,19,16.5,19,6H,6H,N,,,
17539,South Carolina Electric&Gas Company,3291,Parr GT,SC,Fairfield,GT4,OP,GT,Electric Utility,1,19.5,19,22,NG,DFO,Y,NG,DFO,,,,,Y,Y,16.5,19,16.5,19,6H,6H,N,,,
17539,South Carolina Electric&Gas Company,3295,Urquhart,SC,Aiken,1,OP,CA,Electric Utility,1,75.0,64,65,NG,DFO,N,,,,,,,Y,Y,64,65,64,65,1H,1H,N,,,
17539,South Carolina Electric&Gas Company,3295,Urquhart,SC,Aiken,2,OP,CA,Electric Utility,1,75.0,64,66,NG,DFO,N,,,,,,,Y,Y,64,66,64,66,1H,1H,N,,,
17539,South Carolina Electric&Gas Company,3295,Urquhart,SC,Aiken,CT1,OP,CT,Electric Utility,1,198.9,162,177,NG,DFO,N,,,,,,,Y,Y,162,177,162,177,1H,1H,N,,,
17539,South Carolina Electric&Gas Company,3295,Urquhart,SC,Aiken,CT2,OP,CT,Electric Utility,1,198.9,168,176,NG,DFO,N,,,,,,,Y,Y,168,176,168,176,1H,1H,N,,,
17539,South Carolina Electric&Gas Company,3295,Urquhart,SC,Aiken,GT1,OP,GT,Electric Utility,1,19.6,15,20,NG,DFO,N,,,,,,,Y,Y,13,16,13,16,1H,1H,N,,,
17539,South Carolina Electric&Gas Company,3295,Urquhart,SC,Aiken,GT2,OP,GT,Electric Utility,1,16.3,14,17,NG,DFO,N,,,,,,,Y,Y,14,17,14,17,1H,1H,N,,,
17539,South Carolina Electric&Gas Company,3295,Urquhart,SC,Aiken,GT3,OP,GT,Electric Utility,1,16.3,11,15,NG,DFO,N,,,,,,,Y,Y,12,15,12,15,1H,1H,N,,,
17539,South Carolina Electric&Gas Company,3295,Urquhart,SC,Aiken,GT4,OP,GT,Electric Utility,1,58.9,47,50,NG,DFO,N,,,,,,,Y,Y,48,49,48,49,1H,1H,N,,,
17539,South Carolina Electric&Gas Company,7737,Kapstone,SC,Charleston,1,OP,ST,Electric Utility,1,99.2,85,85,BIT,WDS,Y,BIT,WDS,DFO,BLQ,,,N,N, , , , ,,,,,,
17539,South Carolina Electric&Gas Company,55927,Jasper,SC,Jasper,CT1,OP,CT,Electric Utility,1,198.9,158,171,NG,DFO,N,,,,,,,Y,Y,156,171,156,171,1H,1H,Y,,Y,
17539,South Carolina Electric&Gas Company,55927,Jasper,SC,Jasper,CT2,OP,CT,Electric Utility,1,198.9,168,177,NG,DFO,N,,,,,,,Y,Y,164,177,164,177,1H,1H,Y,,Y,
17539,South Carolina Electric&Gas Company,55927,Jasper,SC,Jasper,CT3,OP,CT,Electric Utility,1,198.9,151,174,NG,DFO,N,,,,,,,Y,Y,147,174,147,174,1H,1H,Y,,Y,
17543,South Carolina Public Service Authority,7834,John S Rainey,SC,Anderson,CT1A,OP,CT,Electric Utility,1,165.0,150,170,NG,DFO,N,,,,,,,Y,N,146,146,146,146,UNK,UNK,Y,,Y,
17543,South Carolina Public Service Authority,7834,John S Rainey,SC,Anderson,CT1B,OP,CT,Electric Utility,1,165.0,150,170,NG,DFO,N,,,,,,,Y,N,146,146,146,146,UNK,UNK,Y,,Y,
17543,South Carolina Public Service Authority,7834,John S Rainey,SC,Anderson,CT2A,OP,GT,Electric Utility,1,165.0,146,180,NG,DFO,N,,,,,,,Y,N,146,146,146,146,UNK,UNK,Y,,Y,
17543,South Carolina Public Service Authority,7834,John S Rainey,SC,Anderson,CT2B,OP,GT,Electric Utility,1,165.0,146,180,NG,DFO,N,,,,,,,Y,N,146,146,146,146,UNK,UNK,Y,,Y,
17554,"South Carolina Genertg Co, Inc",3298,Williams,SC,Berkeley,1,OP,GT,Electric Utility,1,26.9,20,26,NG,DFO,Y,NG,DFO,,,,,Y,Y,20,26,20,26,6H,6H,Y,Y,,
17554,"South Carolina Genertg Co, Inc",3298,Williams,SC,Berkeley,2,OP,GT,Electric Utility,1,26.9,20,26,NG,DFO,Y,NG,DFO,,,,,Y,Y,20,26,20,26,6H,6H,Y,Y,,
17568,South Mississippi El Pwr Assn,2070,Moselle,MS,Jones,3,OP,ST,Electric Utility,1,59.0,59,59,NG,RFO,N,,,,,,,Y,Y,59, ,59, ,6H,6H,Y,Y,Y,
17568,South Mississippi El Pwr Assn,2070,Moselle,MS,Jones,4,OP,GT,Electric Utility,1,83.0,75,83,NG,DFO,N,,,,,,,Y,Y,75, ,75, ,6H,6H,Y,Y,Y,
17583,"South Texas Electric Coop, Inc",3630,Pearsall,TX,Frio,1,OP,ST,Electric Utility,1,22.0,23,23,NG,DFO,N,,,,,,,Y,Y,22,22,22,22,1H,1H,N,,,
17583,"South Texas Electric Coop, Inc",3630,Pearsall,TX,Frio,2,OP,ST,Electric Utility,1,22.0,23,23,NG,DFO,N,,,,,,,Y,Y,22,22,22,22,1H,1H,N,,,
17583,"South Texas Electric Coop, Inc",3630,Pearsall,TX,Frio,3,OP,ST,Electric Utility,1,22.0,23,23,NG,DFO,N,,,,,,,Y,Y,22,22,22,22,1H,1H,N,,,
17583,"South Texas Electric Coop, Inc",3631,Sam Rayburn,TX,Victoria,1,OP,GT,Electric Utility,1,11.2,10.5,13,NG,DFO,N,,,,,,,Y,N,11,11,11,11,6H,6H,N,,,
17583,"South Texas Electric Coop, Inc",3631,Sam Rayburn,TX,Victoria,10,OP,CA,Electric Utility,1,42.0,37,37,NG,,N,,,,,,,Y,Y,36,36,36,36,1H,1H,Y,,Y,
17583,"South Texas Electric Coop, Inc",3631,Sam Rayburn,TX,Victoria,2,OP,GT,Electric Utility,1,11.2,11.5,14,NG,DFO,N,,,,,,,Y,N,11,11,11,11,6H,6H,N,,,
17583,"South Texas Electric Coop, Inc",3631,Sam Rayburn,TX,Victoria,7,OP,CT,Electric Utility,1,49.2,49,49,NG,DFO,N,,,,,,,Y,N,49,49,48,48,1H,1H,Y,,Y,
17583,"South Texas Electric Coop, Inc",3631,Sam Rayburn,TX,Victoria,8,OP,CT,Electric Utility,1,49.2,49,49,NG,DFO,N,,,,,,,Y,N,49,49,48,48,1H,1H,Y,,Y,
17583,"South Texas Electric Coop, Inc",3631,Sam Rayburn,TX,Victoria,9,OP,CT,Electric Utility,1,49.2,48,48,NG,DFO,N,,,,,,,Y,N,48,49,48,48,1H,1H,Y,,Y,
17604,Southern Minnesota Beet Sugar,54533,Southern Minnesota Beet Sugar,MN,Renville,0001,OA,ST,Industrial CHP,7,7.5,7.5,7.5,SUB,RFO,Y,SUB,RFO,,,,,N,, , , , ,,,,,,
17610,SP Fiber Technologies LLC,54004,Dublin Mill,GA,Laurens,GEN1,OP,ST,Industrial CHP,7,45.0,44,44,BIT,OBS,Y,BIT,NG,OBS,TDF,,,N,, , , , ,,,,,,
17610,SP Fiber Technologies LLC,54004,Dublin Mill,GA,Laurens,GEN2,OP,GT,Industrial CHP,7,37.1,40,42,NG,DFO,Y,NG,DFO,,,,,Y,Y,32, ,32, ,OVER,6H,Y,Y,,
17632,Southern Illinois Power Coop,976,Marion,IL,Williamson,5,SB,GT,Electric Utility,1,75.0,70,80,NG,DFO,N,,,,,,,Y,Y,70,90,70,90,1H,1H,N,,,
17632,Southern Illinois Power Coop,976,Marion,IL,Williamson,6,SB,GT,Electric Utility,1,75.0,70,80,NG,DFO,N,,,,,,,Y,Y,70,90,70,90,1H,1H,N,,,
17633,Southern Indiana Gas & Elec Co,1011,Broadway (IN),IN,Vanderburgh,2,OP,GT,Electric Utility,1,88.8,65,75,NG,DFO,N,,,,,,,Y,N,65,75,65,75,UNK,6H,Y,Y,,
17633,Southern Indiana Gas & Elec Co,6137,A B Brown,IN,Posey,4,OP,GT,Electric Utility,1,88.2,80,87,NG,DFO,N,,,,,,,Y,N,80,87,80,87,24H,24H,Y,Y,,
17650,Southern Power Co,7709,Dahlberg,GA,Jackson,1,OP,GT,IPP Non-CHP,2,91.9,74.8,89,NG,DFO,N,,,,,,,Y,Y,75,89,75,89,6H,6H,N,,,
17650,Southern Power Co,7709,Dahlberg,GA,Jackson,10,OP,GT,IPP Non-CHP,2,91.9,75.2,89,NG,DFO,N,,,,,,,Y,Y,75,89,75,89,6H,6H,N,,,
17650,Southern Power Co,7709,Dahlberg,GA,Jackson,2,OP,GT,IPP Non-CHP,2,91.9,74,89,NG,DFO,N,,,,,,,Y,Y,75,89,75,89,6H,6H,N,,,
17650,Southern Power Co,7709,Dahlberg,GA,Jackson,3,OP,GT,IPP Non-CHP,2,91.9,74.7,89,NG,DFO,N,,,,,,,Y,Y,75,89,75,89,6H,6H,N,,,
17650,Southern Power Co,7709,Dahlberg,GA,Jackson,4,OP,GT,IPP Non-CHP,2,91.9,75,89,NG,DFO,N,,,,,,,Y,Y,75,89,75,89,6H,6H,N,,,
17650,Southern Power Co,7709,Dahlberg,GA,Jackson,5,OP,GT,IPP Non-CHP,2,91.9,74.7,89,NG,DFO,N,,,,,,,Y,Y,75,89,75,89,6H,6H,N,,,
17650,Southern Power Co,7709,Dahlberg,GA,Jackson,6,OP,GT,IPP Non-CHP,2,91.9,74.9,89,NG,DFO,N,,,,,,,Y,Y,75,89,75,89,6H,6H,N,,,
17650,Southern Power Co,7709,Dahlberg,GA,Jackson,7,OP,GT,IPP Non-CHP,2,91.9,75,89,NG,DFO,N,,,,,,,Y,Y,75,89,75,89,6H,6H,N,,,
17650,Southern Power Co,7709,Dahlberg,GA,Jackson,8,OP,GT,IPP Non-CHP,2,91.9,74,89,NG,DFO,N,,,,,,,Y,Y,75,89,75,89,6H,6H,N,,,
17650,Southern Power Co,7709,Dahlberg,GA,Jackson,9,OP,GT,IPP Non-CHP,2,91.9,75,89,NG,DFO,N,,,,,,,Y,Y,75,89,75,89,6H,6H,N,,,
17650,Southern Power Co,7826,Rowan,NC,Rowan,001,OP,GT,IPP Non-CHP,2,199.4,154,178,NG,DFO,N,,,,,,,Y,Y,154,178,154,178,6H,6H,N,,,
17650,Southern Power Co,7826,Rowan,NC,Rowan,002,OP,GT,IPP Non-CHP,2,199.4,154,178,NG,DFO,N,,,,,,,Y,Y,154,178,154,178,6H,6H,N,,,
17650,Southern Power Co,7826,Rowan,NC,Rowan,003,OP,GT,IPP Non-CHP,2,199.4,154,178,NG,DFO,N,,,,,,,Y,Y,154,178,154,178,6H,6H,N,,,
17650,Southern Power Co,7826,Rowan,NC,Rowan,4,OP,CT,IPP Non-CHP,2,199.4,462.6,503,NG,DFO,N,,,,,,,Y,Y,462.6,503,462.6,503,6H,6H,N,,,
17650,Southern Power Co,55267,Edward L. Addison Generating Plant,GA,Upson,712,OP,GT,IPP Non-CHP,2,175.3,151.7,172,NG,DFO,N,,,,,,,Y,Y,151.74,172.02,151.74,172.02,6H,6H,Y,,Y,
17650,Southern Power Co,55267,Edward L. Addison Generating Plant,GA,Upson,713,OP,GT,IPP Non-CHP,2,175.3,152.1,172.4,NG,DFO,N,,,,,,,Y,Y,152.1,172.4,152.1,172.4,6H,6H,Y,,Y,
17650,Southern Power Co,55267,Edward L. Addison Generating Plant,GA,Upson,714,OP,GT,IPP Non-CHP,2,175.3,149.5,169.5,NG,DFO,N,,,,,,,Y,Y,149.48,169.46,148.48,169.46,6H,6H,Y,,Y,
17650,Southern Power Co,55267,Edward L. Addison Generating Plant,GA,Upson,715,OP,GT,IPP Non-CHP,2,175.3,145.5,165,NG,DFO,N,,,,,,,Y,Y,145.53,164.98,145.53,164.98,6H,6H,Y,,Y,
17650,Southern Power Co,55286,Oleander Power Project LP,FL,Brevard,OG1,OP,GT,IPP Non-CHP,2,198.9,163.8,175.6,NG,DFO,N,,,,,,,Y,Y,163.8,175.6,163.8,175.6,6H,6H,N,,,
17650,Southern Power Co,55286,Oleander Power Project LP,FL,Brevard,OG2,OP,GT,IPP Non-CHP,2,198.9,155.4,166.5,NG,DFO,N,,,,,,,Y,Y,155.4,166.5,155.4,166.5,6H,6H,N,,,
17650,Southern Power Co,55286,Oleander Power Project LP,FL,Brevard,OG3,OP,GT,IPP Non-CHP,2,198.9,155.1,166.3,NG,DFO,N,,,,,,,Y,Y,155.1,166.3,155.1,166.3,6H,6H,N,,,
17650,Southern Power Co,55286,Oleander Power Project LP,FL,Brevard,OG4,OP,GT,IPP Non-CHP,2,198.9,155.7,166.8,NG,DFO,N,,,,,,,Y,Y,155.7,166.8,155.7,166.8,6H,6H,N,,,
17650,Southern Power Co,55286,Oleander Power Project LP,FL,Brevard,OG5,OP,GT,IPP Non-CHP,2,198.8,160.2,182,NG,DFO,N,,,,,,,Y,Y,160.2,182,160.2,182,6H,6H,N,,,
17650,Southern Power Co,55821,Curtis H Stanton Energy Center,FL,Orange,A,OP,CT,IPP Non-CHP,2,203.2,656.9,656.9,NG,DFO,N,,,,,,,Y,Y,656.9,659.6,659.6,659.6,6H,6H,N,,,
17650,Southern Power Co,55821,Curtis H Stanton Energy Center,FL,Orange,B,OP,CT,IPP Non-CHP,2,203.2, , ,NG,DFO,N,,,,,,,Y,Y, , , , ,6H,6H,N,,,
17650,Southern Power Co,57029,Cleveland Cnty Generating Facility,NC,Cleveland,1,OP,GT,IPP Non-CHP,2,184.0,180,210,NG,DFO,N,,,,,,,Y,Y,178,180,178,180,6H,6H,Y,,Y,
17650,Southern Power Co,57029,Cleveland Cnty Generating Facility,NC,Cleveland,2,OP,GT,IPP Non-CHP,2,184.0,180,210,NG,DFO,N,,,,,,,Y,Y,178,180,178,180,6H,6H,Y,,Y,
17650,Southern Power Co,57029,Cleveland Cnty Generating Facility,NC,Cleveland,3,OP,GT,IPP Non-CHP,2,184.0,180,210,NG,DFO,N,,,,,,,Y,Y,178,180,178,180,6H,6H,Y,,Y,
17650,Southern Power Co,57029,Cleveland Cnty Generating Facility,NC,Cleveland,4,OP,GT,IPP Non-CHP,2,184.0,180,210,NG,DFO,N,,,,,,,Y,Y,178,180,178,180,6H,6H,Y,,Y,
17690,SOWEGA Power LLC,7768,Sowega Power,GA,Mitchell,CTG2,OP,GT,IPP Non-CHP,2,49.8,48.5,48.5,NG,DFO,N,,,,,,,Y,Y,48.5,48.5,48.5,48.5,1H,1H,Y,Y,Y,
17690,SOWEGA Power LLC,7768,Sowega Power,GA,Mitchell,CTG3,OP,GT,IPP Non-CHP,2,49.8,48.5,48.5,NG,DFO,N,,,,,,,Y,Y,48.5,48.5,48.5,48.5,1H,1H,Y,Y,Y,
17698,Southwestern Electric Power Co,1417,Lieberman,LA,Caddo,3,OP,ST,Electric Utility,1,114.0,109,109,NG,RFO,Y,NG,DFO,,,,,Y,Y,109,109,109,109,6H,6H,Y,Y,Y,
17698,Southwestern Electric Power Co,1417,Lieberman,LA,Caddo,4,OP,ST,Electric Utility,1,114.0,108,108,NG,RFO,Y,NG,DFO,,,,,Y,Y,108,108,108,108,6H,6H,Y,Y,Y,
17698,Southwestern Electric Power Co,3476,Knox Lee,TX,Gregg,5,OP,ST,Electric Utility,1,351.0,342,348,NG,RFO,Y,NG,RFO,,,,,Y,Y,342, ,285, ,24H,,Y,,Y,
17698,Southwestern Electric Power Co,3478,Wilkes,TX,Marion,1,OP,ST,Electric Utility,1,180.0,174,174,NG,DFO,Y,NG,DFO,RFO,,,,Y,Y,174,174,168,168,6H,1H,N,,,
17718,Southwestern Public Service Co,3482,Jones,TX,Lubbock,1,OP,ST,Electric Utility,1,247.5,243,243,NG,DFO,Y,NG,DFO,,,,,Y,N,243, ,243, ,6H,,Y,,,Y
17718,Southwestern Public Service Co,3482,Jones,TX,Lubbock,2,OP,ST,Electric Utility,1,247.5,243,243,NG,DFO,Y,NG,DFO,,,,,Y,N,243, ,243, ,6H,,Y,,,Y
17718,Southwestern Public Service Co,3485,Plant X,TX,Lamb,2,OP,ST,Electric Utility,1,98.0,90,90,NG,DFO,Y,NG,DFO,,,,,Y,N,91, ,91, ,1H,,N,,,
17718,Southwestern Public Service Co,3485,Plant X,TX,Lamb,4,OP,ST,Electric Utility,1,190.4,190,190,NG,DFO,Y,NG,DFO,,,,,Y,N,189, ,125, ,1H,,N,,,
17718,Southwestern Public Service Co,6193,Harrington,TX,Potter,1,OP,ST,Electric Utility,1,360.0,339,339,SUB,NG,Y,SUB,NG,,,,,N,, , , , ,,,,,,
17718,Southwestern Public Service Co,6193,Harrington,TX,Potter,2,OP,ST,Electric Utility,1,360.0,339,339,SUB,NG,Y,SUB,NG,,,,,N,, , , , ,,,,,,
17718,Southwestern Public Service Co,6193,Harrington,TX,Potter,3,OP,ST,Electric Utility,1,360.0,340,340,SUB,NG,Y,SUB,NG,,,,,N,, , , , ,,,,,,
17718,Southwestern Public Service Co,6194,Tolk,TX,Lamb,1,OP,ST,Electric Utility,1,567.9,532,532,SUB,NG,Y,SUB,NG,,,,,N,, , , , ,,,,,,
17718,Southwestern Public Service Co,6194,Tolk,TX,Lamb,2,OP,ST,Electric Utility,1,567.9,535,535,SUB,NG,Y,SUB,NG,,,,,N,, , , , ,,,,,,
17824,Spring Valley Pub Utils Comm,2013,Spring Valley,MN,Fillmore,2,OP,IC,Electric Utility,1,1.1,1.1,1.1,DFO,NG,N,,,,,,,Y,Y,1.07, ,1.07, ,1H,1H,Y,,,Y
17824,Spring Valley Pub Utils Comm,2013,Spring Valley,MN,Fillmore,3,OP,IC,Electric Utility,1,2.0,2,2,DFO,NG,N,,,,,,,Y,Y,2, ,2, ,1H,1H,Y,,,Y
17828,City of Springfield - (IL),7425,Interstate,IL,Sangamon,1,OP,GT,Electric Utility,1,138.6,112,129,NG,DFO,N,,,,,,,Y,Y,128,128,127,127,72H,72H,Y,Y,Y,
17833,City Utilities of Springfield - (MO),2161,James River Power Station,MO,Greene,1,OP,ST,Electric Utility,1,22.0,21,21,SUB,NG,Y,SUB,NG,,,,,N,, , , , ,,,,,,
17833,City Utilities of Springfield - (MO),2161,James River Power Station,MO,Greene,2,OP,ST,Electric Utility,1,22.0,21,21,SUB,NG,Y,SUB,NG,,,,,N,, , , , ,,,,,,
17833,City Utilities of Springfield - (MO),2161,James River Power Station,MO,Greene,3,OP,ST,Electric Utility,1,44.0,41,41,SUB,NG,Y,SUB,NG,,,,,N,, , , , ,,,,,,
17833,City Utilities of Springfield - (MO),2161,James River Power Station,MO,Greene,4,OP,ST,Electric Utility,1,60.0,56,56,SUB,NG,Y,SUB,NG,,,,,N,, , , , ,,,,,,
17833,City Utilities of Springfield - (MO),2161,James River Power Station,MO,Greene,5,OP,ST,Electric Utility,1,105.0,97,97,SUB,NG,Y,SUB,NG,,,,,N,, , , , ,,,,,,
17833,City Utilities of Springfield - (MO),2161,James River Power Station,MO,Greene,GT1,OP,GT,Electric Utility,1,96.0,75,75,NG,DFO,Y,NG,DFO,,,,,Y,Y,75, ,75, ,1H,1H,Y,,Y,
17833,City Utilities of Springfield - (MO),2161,James River Power Station,MO,Greene,GT2,OP,GT,Electric Utility,1,101.5,80,80,NG,DFO,Y,NG,DFO,,,,,Y,Y,75, ,75, ,1H,1H,Y,,Y,
17833,City Utilities of Springfield - (MO),6195,John Twitty Energy Center,MO,Greene,GT1,OP,GT,Electric Utility,1,57.0,52,56,NG,DFO,N,,,,,,,Y,N,52, ,52, ,1H,,Y,,Y,
17833,City Utilities of Springfield - (MO),6195,John Twitty Energy Center,MO,Greene,GT2,OP,GT,Electric Utility,1,52.0,52,56,NG,DFO,N,,,,,,,Y,N,52, ,52, ,1H,,Y,,Y,
17833,City Utilities of Springfield - (MO),6195,John Twitty Energy Center,MO,Greene,ST1,OP,ST,Electric Utility,1,194.0,184,184,SUB,NG,Y,SUB,NG,BIT,,,,N,, , , , ,,,,,,
17833,City Utilities of Springfield - (MO),6195,John Twitty Energy Center,MO,Greene,ST2,OP,ST,Electric Utility,1,300.0,275,275,SUB,NG,Y,SUB,NG,,,,,N,, , , , ,,,,,,
17834,City of Springfield - (CO),8100,Springfield (CO),CO,BACA,1,SB,IC,Electric Utility,1,1.2,1.2,1.2,DFO,NG,Y,NG,DFO,,,,,Y,Y,1.2, ,1.2, ,6H,6H,Y,Y,,
17834,City of Springfield - (CO),8100,Springfield (CO),CO,BACA,2,SB,IC,Electric Utility,1,0.2,0.2,0.2,DFO,NG,Y,NG,DFO,,,,,Y,Y,0.2, ,0.2, ,6H,6H,Y,Y,,
17834,City of Springfield - (CO),8100,Springfield (CO),CO,BACA,IC4,SB,IC,Electric Utility,1,0.5,0.5,0.5,DFO,NG,Y,DFO,NG,,,,,Y,Y,0.5, ,0.5, ,6H,6H,Y,Y,,
17834,City of Springfield - (CO),8100,Springfield (CO),CO,BACA,IC5,SB,IC,Electric Utility,1,0.8,0.8,0.8,DFO,NG,Y,DFO,NG,,,,,Y,Y,0.8, ,0.8, ,6H,6H,Y,Y,,
17872,City of St Francis - (KS),1321,St Francis,KS,Cheyenne,2,OP,IC,Electric Utility,1,1.5,1.5,1.5,DFO,NG,Y,DFO,NG,,,,,Y,Y,1.5, ,1.5, ,UNK,UNK,N,,,
17872,City of St Francis - (KS),1321,St Francis,KS,Cheyenne,3,OP,IC,Electric Utility,1,0.8,0.8,0.8,DFO,NG,Y,DFO,NG,,,,,Y,Y,0.8, ,0.8, ,UNK,UNK,N,,,
17872,City of St Francis - (KS),1321,St Francis,KS,Cheyenne,4,OP,IC,Electric Utility,1,2.7,2.7,2.7,DFO,NG,Y,DFO,NG,,,,,Y,Y,2.7, ,2.7, ,UNK,UNK,N,,,
17872,City of St Francis - (KS),1321,St Francis,KS,Cheyenne,5,OP,IC,Electric Utility,1,0.9,0.9,0.9,DFO,NG,Y,DFO,NG,,,,,Y,Y,0.9, ,0.9, ,UNK,UNK,N,,,
17886,City of St Louis - (MI),1852,St Louis,MI,Gratiot,1,SB,IC,Electric Utility,1,1.3,1.3,1.3,DFO,NG,,,,,,,,Y,, , , , ,1H,,,,,
17886,City of St Louis - (MI),1852,St Louis,MI,Gratiot,7,SB,IC,Electric Utility,1,1.1,1.1,1.1,DFO,NG,,,,,,,,Y,, , , , ,1H,,,,,
17897,St Mary's Hospital,54262,Saint Marys Hospital Power Plant,MN,Olmsted,4,OP,CA,Commercial CHP,5,3.0,2.7,2.7,NG,DFO,N,,,,,,,Y,Y,2.7, ,2.7, ,1H,1H,N,,,
17897,St Mary's Hospital,54262,Saint Marys Hospital Power Plant,MN,Olmsted,6,SB,IC,Commercial CHP,5,2.7,2.7,2.7,NG,DFO,N,,,,,,,Y,Y,2.5, ,2.6, ,1H,,Y,,Y,
17924,City of Stafford - (KS),1325,Stafford,KS,Stafford,2,OP,IC,Electric Utility,1,0.9,0.9,0.9,DFO,NG,Y,DFO,NG,,,,,N,, , , , ,,,,,,
17924,City of Stafford - (KS),1325,Stafford,KS,Stafford,3,OP,IC,Electric Utility,1,0.8,0.8,0.8,DFO,NG,Y,DFO,NG,,,,,N,N, , , , ,,,,,,
17924,City of Stafford - (KS),1325,Stafford,KS,Stafford,4,OP,IC,Electric Utility,1,1.4,1.4,1.4,DFO,NG,Y,DFO,NG,,,,,N,N, , , , ,,,,,,
17924,City of Stafford - (KS),1325,Stafford,KS,Stafford,5,OP,IC,Electric Utility,1,1.1,1.1,1.1,DFO,NG,Y,DFO,NG,,,,,N,N, , , , ,,,,,,
17946,City of Stanberry - (MO),8110,Stanberry,MO,Gentry,1,SB,IC,Electric Utility,1,1.1,1.1,1.1,NG,DFO,N,,,,,,,Y,N,1.1,1.1,1.1,1.1,1H,1H,Y,Y,,Y
17946,City of Stanberry - (MO),8110,Stanberry,MO,Gentry,2,SB,IC,Electric Utility,1,1.1,1.1,1.1,NG,DFO,N,,,,,,,Y,N,1.1,1.1,1.1,1.1,1H,1H,Y,Y,,Y
17946,City of Stanberry - (MO),8110,Stanberry,MO,Gentry,IC6,SB,IC,Electric Utility,1,1.8,1.8,1.8,NG,DFO,N,,,,,,,Y,N,1.5,1.5,1.5,1.5,1H,1H,Y,Y,,Y
18000,State of Rhode Island,50621,Central Power Plant,RI,Providence,GEN3,OP,ST,Commercial CHP,5,2.0,2,2,RFO,NG,N,,,,,,,Y,Y,2, ,2, ,,,N,,,
18000,State of Rhode Island,50621,Central Power Plant,RI,Providence,GEN4,OP,ST,Commercial CHP,5,2.0,2,2,RFO,NG,N,,,,,,,Y,Y,2, ,2, ,,,N,,,
18000,State of Rhode Island,50621,Central Power Plant,RI,Providence,GEN5,OP,GT,Commercial CHP,5,3.0,2.8,3.8,DFO,NG,N,,,,,,,Y,Y,2.8, ,2.8, ,1H,,Y,,Y,
18000,State of Rhode Island,50621,Central Power Plant,RI,Providence,GEN6,OP,GT,Commercial CHP,5,3.0,2.8,3.8,DFO,NG,N,,,,,,,Y,Y,2.8, ,2.8, ,1H,,Y,,Y,
18014,City of State Center - (IA),1187,State Center,IA,Marshall,6,OP,IC,Electric Utility,1,2.5,2.5,2.5,NG,DFO,Y,DFO,NG,,,,,Y,Y,2.5, ,2.5, ,6H,6H,Y,Y,,
18020,Starrett City Inc,50743,Starrett City Cogen Facility,NY,Kings,GEN1,OP,ST,Commercial CHP,5,6.0,5.5,6,NG,RFO,N,,,,,,,Y,N,5.5, ,5.8,5.8,1H,1H,N,,,
18020,Starrett City Inc,50743,Starrett City Cogen Facility,NY,Kings,GEN2,OP,ST,Commercial CHP,5,6.0,5.5,6,NG,RFO,N,,,,,,,Y,N,5.5, ,5.8,5.8,1H,1H,N,,,
18020,Starrett City Inc,50743,Starrett City Cogen Facility,NY,Kings,GEN3,SB,IC,Commercial CHP,5,2.0,2,2,DFO,NG,Y,DFO,NG,,,,,Y,Y,1.8, ,2,1.8,1H,1H,Y,,Y,
18020,Starrett City Inc,50743,Starrett City Cogen Facility,NY,Kings,GEN4,SB,IC,Commercial CHP,5,2.0,2,2,DFO,NG,Y,DFO,NG,,,,,Y,Y,1.8, ,2, ,1H,1H,Y,,Y,
18020,Starrett City Inc,50743,Starrett City Cogen Facility,NY,Kings,GEN5,SB,IC,Commercial CHP,5,2.0,2,2,DFO,NG,Y,DFO,NG,,,,,Y,Y,1.8, ,2, ,1H,1H,Y,,Y,
18028,State of Wisconsin,54407,Waupun Correctional Central Heating Plt,WI,Dodge,1,OP,ST,Commercial CHP,5,1.0,0.2,0.3,BIT,NG,Y,BIT,NG,DFO,WDS,,,Y,N,0.2, ,0.2, ,24H,24H,Y,Y,,
18028,State of Wisconsin,54407,Waupun Correctional Central Heating Plt,WI,Dodge,2,OP,ST,Commercial CHP,5,1.0,0.5,0.8,BIT,NG,Y,BIT,NG,DFO,WDS,,,Y,N,0.5, ,0.5, ,24H,24H,Y,Y,,
18086,City of Sterling - (KS),1326,Sterling,KS,Rice,1,OP,IC,Electric Utility,1,1.5,1.3,1.3,DFO,NG,N,,,,,,,Y,Y,1.3,1.3,1.3,1.3,1H,1H,N,,,
18086,City of Sterling - (KS),1326,Sterling,KS,Rice,2,OP,IC,Electric Utility,1,0.5,0.4,0.4,DFO,NG,N,,,,,,,Y,Y,0.4,0.4,0.4,0.4,1H,1H,N,,,
18086,City of Sterling - (KS),1326,Sterling,KS,Rice,3,OP,IC,Electric Utility,1,3.0,2.2,2.2,DFO,NG,N,,,,,,,Y,Y,2.2,2.2,2.2,2.2,1H,1H,N,,,
18086,City of Sterling - (KS),1326,Sterling,KS,Rice,4,OP,IC,Electric Utility,1,1.1,0.8,0.8,DFO,NG,N,,,,,,,Y,Y,0.8,0.8,0.8,0.8,1H,1H,N,,,
18086,City of Sterling - (KS),1326,Sterling,KS,Rice,5,OP,IC,Electric Utility,1,1.4,1.2,1.2,DFO,NG,N,,,,,,,Y,Y,1.2,1.2,1.2,1.2,1H,1H,N,,,
18086,City of Sterling - (KS),1326,Sterling,KS,Rice,6,OP,IC,Electric Utility,1,1.4,1.2,1.2,DFO,NG,N,,,,,,,Y,Y,1.2,1.2,1.2,1.2,1H,1H,N,,,
18086,City of Sterling - (KS),1326,Sterling,KS,Rice,7,OP,IC,Electric Utility,1,1.4,1.2,1.2,DFO,NG,N,,,,,,,Y,Y,1.2,1.2,1.2,1.2,1H,1H,N,,,
18137,City of Stockton - (KS),1327,Stockton,KS,ROOKS,1,OP,IC,Electric Utility,1,1.1,1,1,NG,DFO,Y,NG,DFO,,,,,N,, , , , ,,,,,,
18137,City of Stockton - (KS),1327,Stockton,KS,ROOKS,2,OP,IC,Electric Utility,1,1.1,1,1,NG,DFO,Y,NG,DFO,,,,,N,Y, , , , ,,,,,,
18137,City of Stockton - (KS),1327,Stockton,KS,ROOKS,3,OP,IC,Electric Utility,1,2.0,1.7,1.7,NG,DFO,Y,NG,DFO,,,,,N,, , , , ,,,,,,
18137,City of Stockton - (KS),1327,Stockton,KS,ROOKS,4,OP,IC,Electric Utility,1,0.5,0.5,0.5,NG,DFO,Y,NG,DFO,,,,,N,, , , , ,,,,,,
18137,City of Stockton - (KS),1327,Stockton,KS,ROOKS,5,OP,IC,Electric Utility,1,1.3,1.2,1.2,NG,DFO,Y,NG,DFO,,,,,N,, , , , ,,,,,,
18147,RockTenn-Hopewell,50813,Hopewell Mill,VA,Hopewell City,GEN1,OP,ST,Industrial CHP,7,47.6,40.7,40.7,BLQ,WDS,Y,WDS,BIT,NG,,,,Y,N,40.7,40.7,40.7,40.7,OVER,72H,Y,,,Y
18157,Stone Container Corp-Panama Ci,50807,Stone Container Panama City Mill,FL,Bay,GEN3,OP,ST,Industrial CHP,7,4.0,4,4,BLQ,NG,Y,BLQ,RFO,NG,,,,N,, , , , ,,,,,,
18157,Stone Container Corp-Panama Ci,50807,Stone Container Panama City Mill,FL,Bay,GEN4,OP,ST,Industrial CHP,7,10.0,10,10,BLQ,NG,Y,BLQ,RFO,NG,,,,N,, , , , ,,,,,,
18157,Stone Container Corp-Panama Ci,50807,Stone Container Panama City Mill,FL,Bay,GEN6,OP,ST,Industrial CHP,7,20.0,21.8,21.8,WDS,NG,Y,WDS,BIT,RFO,NG,,,N,, , , , ,,,,,,
18158,RockTenn CP LLC Coshocton,50811,RockTenn Coshocton Mill,OH,COSHOCTON,GEN1,OP,ST,Industrial CHP,7,16.5,12,14.2,WDS,NG,Y,NG,WDS,,,,,N,, , , , ,,,,,,
18162,RockTenn-Florence,50806,Florence Mill,SC,Florence,GEN1,OP,ST,Industrial CHP,7,12.5,12.5,12.5,BLQ,WDS,Y,NG,WDS,RFO,,,,Y,Y,9.1, ,9.1, ,UNK,UNK,N,,,
18162,RockTenn-Florence,50806,Florence Mill,SC,Florence,GEN2,OP,ST,Industrial CHP,7,16.0,16,16,BLQ,WDS,Y,NG,WDS,RFO,,,,Y,Y,11.7, ,11.7, ,UNK,UNK,N,,,
18162,RockTenn-Florence,50806,Florence Mill,SC,Florence,GEN3,OP,ST,Industrial CHP,7,79.1,74.8,74.8,WDS,BIT,Y,BIT,WDS,RFO,NG,,,N,, , , , ,UNK,,,,,
18177,City of Story City - (IA),1188,Story City,IA,Story,1,OP,IC,Electric Utility,1,1.3,1.3,1.3,DFO,NG,Y,DFO,NG,,,,,N,, , , , ,,,,,,
18177,City of Story City - (IA),1188,Story City,IA,Story,2,OP,IC,Electric Utility,1,2.0,2,2,DFO,NG,Y,DFO,NG,,,,,N,, , , , ,,,,,,
18177,City of Story City - (IA),1188,Story City,IA,Story,4A,OP,IC,Electric Utility,1,3.5,3.1,3.2,DFO,NG,Y,DFO,NG,,,,,N,, , , , ,,,,,,
18177,City of Story City - (IA),1188,Story City,IA,Story,5A,OP,IC,Electric Utility,1,3.1,3.1,3.1,DFO,NG,Y,DFO,NG,,,,,N,Y, , , , ,,1H,,,,
18177,City of Story City - (IA),1188,Story City,IA,Story,6,OP,IC,Electric Utility,1,2.0,2,2,DFO,NG,Y,DFO,NG,,,,,N,Y, , , , ,,1H,,,,
18177,City of Story City - (IA),1188,Story City,IA,Story,7,OP,IC,Electric Utility,1,2.0,2,2,DFO,NG,Y,DFO,NG,,,,,N,Y, , , , ,,1H,,,,
18231,City of Stuart - (IA),1190,Stuart (IA),IA,Guthrie,1,OP,IC,Electric Utility,1,0.6,0.6,0.6,DFO,NG,Y,NG,DFO,,,,,Y,Y,0.6,0.6,0.6,0.6,1H,1H,N,,,
18231,City of Stuart - (IA),1190,Stuart (IA),IA,Guthrie,2,OP,IC,Electric Utility,1,1.1,1.1,1.1,DFO,NG,Y,NG,DFO,,,,,Y,,1.1,1.1,1.1,1.1,1H,1H,N,,,
18231,City of Stuart - (IA),1190,Stuart (IA),IA,Guthrie,4,OP,IC,Electric Utility,1,1.1,1,1,DFO,NG,Y,NG,DFO,,,,,Y,,1,1,1,1,1H,1H,N,,,
18252,City of Sturgis,1855,Sturgis City  Diesel Plant,MI,St Joseph,6,OP,IC,Electric Utility,1,6.0,6,6,NG,DFO,Y,NG,DFO,,,,,Y,Y,6,6,6,6,1H,1H,Y,Y,,
18277,City of Sullivan - (IL),969,Sullivan (IL),IL,Moultrie,1,SB,IC,Electric Utility,1,4.3,4.3,4.3,DFO,NG,Y,DFO,NG,,,,,N,Y,3.8, ,4.3, ,,,,,,
18277,City of Sullivan - (IL),969,Sullivan (IL),IL,Moultrie,10,SB,IC,Electric Utility,1,2.4,2.2,2.4,DFO,NG,Y,DFO,NG,,,,,N,Y,2.2, ,2.4, ,,,,,,
18277,City of Sullivan - (IL),969,Sullivan (IL),IL,Moultrie,11,SB,IC,Electric Utility,1,2.0,2,2,DFO,NG,Y,DFO,NG,,,,,N,Y,2, ,2, ,,,,,,
18277,City of Sullivan - (IL),969,Sullivan (IL),IL,Moultrie,12,SB,IC,Electric Utility,1,1.1,1,1,DFO,NG,Y,DFO,NG,,,,,N,Y,0.9, ,1, ,,,,,,
18277,City of Sullivan - (IL),969,Sullivan (IL),IL,Moultrie,2,SB,IC,Electric Utility,1,2.0,2,2,DFO,NG,Y,DFO,NG,,,,,N,Y,1.8, ,1.9, ,,,,,,
18277,City of Sullivan - (IL),969,Sullivan (IL),IL,Moultrie,3,SB,IC,Electric Utility,1,1.5,1.3,1.5,DFO,NG,Y,DFO,NG,,,,,N,Y,1.2, ,1.4, ,,,,,,
18277,City of Sullivan - (IL),969,Sullivan (IL),IL,Moultrie,4,SB,IC,Electric Utility,1,1.1,0.9,1.1,DFO,NG,Y,DFO,NG,,,,,N,Y,1, ,1, ,,,,,,
18277,City of Sullivan - (IL),969,Sullivan (IL),IL,Moultrie,6,SB,IC,Electric Utility,1,0.6,0.6,0.6,DFO,NG,Y,DFO,NG,,,,,N,Y,0.5, ,0.6, ,,,,,,
18277,City of Sullivan - (IL),969,Sullivan (IL),IL,Moultrie,9,SB,IC,Electric Utility,1,2.4,2.2,2.4,DFO,NG,Y,DFO,NG,,,,,N,Y,2.2, ,2.4, ,,,,,,
18323,Toledo Refining Company,50965,Toledo Ref Power Recovery Train,OH,Lucas,GEN1,OP,OT,Industrial CHP,7,6.0,6,6,PC,OG,Y,OG,NG,LFG,,,,N,, , , , ,,,,,,
18340,PES,52106,Philadelphia Refinery,PA,Philadelphia,GEN1,OP,ST,Industrial CHP,7,10.0,5.5,6.6,OG,NG,Y,OG,PG,NG,,,,N,, , , , ,,,,,,
18340,PES,52106,Philadelphia Refinery,PA,Philadelphia,GEN2,OS,ST,Industrial CHP,7,10.0,6.7,6,OG,NG,Y,OG,PG,NG,,,,N,, , , , ,,,,,,
18340,PES,52106,Philadelphia Refinery,PA,Philadelphia,GEN3,OP,ST,Industrial CHP,7,10.0,7.3,6.8,OG,NG,Y,OG,PG,NG,,,,N,, , , , ,,,,,,
18414,TES Filer City Station LP,50835,TES Filer City Station,MI,Manistee,GEN1,OP,ST,IPP CHP,3,70.0,60,60,BIT,SUB,Y,BIT,PC,WDS,TDF,SUB,,N,, , , , ,,,,,,
18445,City of Tallahassee - (FL),688,Arvah B Hopkins,FL,Leon,1,OP,ST,Electric Utility,1,75.0,76,78,NG,RFO,Y,NG,RFO,,,,,Y,Y,75,78,53,78,6H,1H,Y,,Y,
18445,City of Tallahassee - (FL),688,Arvah B Hopkins,FL,Leon,2,OP,CA,Electric Utility,1,259.2,140,145,OTH,,N,,,,,,,Y,Y,235,265,250,275,1H,1H,Y,,Y,
18445,City of Tallahassee - (FL),688,Arvah B Hopkins,FL,Leon,CT 2A,OP,CT,Electric Utility,1,198.9,160,185,NG,DFO,N,,,,,,,Y,Y,160,175,160,175,1H,1H,Y,,Y,
18445,City of Tallahassee - (FL),688,Arvah B Hopkins,FL,Leon,GT1,OP,GT,Electric Utility,1,16.3,12,14,NG,DFO,N,,,,,,,Y,Y,12,14,12,14,1H,1H,Y,,Y,
18445,City of Tallahassee - (FL),688,Arvah B Hopkins,FL,Leon,GT2,OP,GT,Electric Utility,1,27.0,24,26,NG,DFO,N,,,,,,,Y,Y,22,27,22,27,1H,1H,Y,,Y,
18445,City of Tallahassee - (FL),688,Arvah B Hopkins,FL,Leon,GT3,OP,GT,Electric Utility,1,60.0,46,48,NG,DFO,N,,,,,,,Y,Y,42,48,42,48,1H,1H,Y,,Y,
18445,City of Tallahassee - (FL),688,Arvah B Hopkins,FL,Leon,GT4,OP,GT,Electric Utility,1,60.0,46,48,NG,DFO,N,,,,,,,Y,Y,46, ,46, ,1H,1H,Y,,Y,
18445,City of Tallahassee - (FL),689,S O Purdom,FL,Wakulla,8,OP,CT,Electric Utility,1,160.0,150,182,NG,DFO,N,,,,,,,Y,Y,158, ,158, ,UNK,UNK,N,,,
18445,City of Tallahassee - (FL),689,S O Purdom,FL,Wakulla,9,OP,CA,Electric Utility,1,87.0,72,76,NG,DFO,N,,,,,,,Y,Y,75, ,75, ,UNK,UNK,N,,,
18445,City of Tallahassee - (FL),689,S O Purdom,FL,Wakulla,GT1,OP,GT,Electric Utility,1,15.0,10,10,NG,DFO,N,,,,,,,Y,Y,10, ,10, ,UNK,UNK,N,,,
18445,City of Tallahassee - (FL),689,S O Purdom,FL,Wakulla,GT2,OP,GT,Electric Utility,1,15.0,10,10,NG,DFO,N,,,,,,,Y,Y,10, ,10, ,UNK,UNK,N,,,
18454,Tampa Electric Co,645,Big Bend,FL,Hillsborough,GT4,OP,GT,Electric Utility,1,62.0,56,61,NG,DFO,N,,,,,,,Y,Y,56, ,56, ,1H,,Y,,Y,
18454,Tampa Electric Co,7242,Polk,FL,Polk,2,OP,GT,Electric Utility,1,175.8,151,183,NG,DFO,N,,,,,,,Y,Y,151, ,158, ,1H,,Y,,Y,
18454,Tampa Electric Co,7242,Polk,FL,Polk,3,OP,GT,Electric Utility,1,175.8,151,183,NG,DFO,N,,,,,,,Y,Y,151, ,158, ,1H,,Y,,Y,
18488,City of Taunton,1682,Cleary Flood,MA,Bristol,9A,OP,CT,Electric Utility,1,23.0,18,21.4,DFO,NG,Y,DFO,NG,,,,,Y,N,18, ,18,21.4,1H,1H,N,,,
18488,City of Taunton,1682,Cleary Flood,MA,Bristol,CA9,OP,CA,Electric Utility,1,95.0,87,85,DFO,NG,Y,DFO,NG,,,,,Y,Y,85,87,85,87,1H,1H,N,,,
18518,Tenaska Gateway Partners Ltd,55132,Tenaska Gateway Generating Station,TX,Rusk,GTG1,OP,CT,IPP Non-CHP,2,183.2,150,170,NG,DFO,N,,,,,,,Y,Y,150,170,140,140,6H,6H,Y,Y,,
18518,Tenaska Gateway Partners Ltd,55132,Tenaska Gateway Generating Station,TX,Rusk,GTG2,OP,CT,IPP Non-CHP,2,183.2,147,167,NG,DFO,N,,,,,,,Y,Y,147,167,140,140,6H,6H,Y,Y,,
18518,Tenaska Gateway Partners Ltd,55132,Tenaska Gateway Generating Station,TX,Rusk,GTG3,OP,CT,IPP Non-CHP,2,183.2,149,169,NG,DFO,N,,,,,,,Y,Y,149,169,140,140,6H,6H,Y,Y,,
18525,City of Tecumseh,2308,Tecumseh,NE,JOHNSON,1,OP,IC,Electric Utility,1,0.7,0.6,0.6,DFO,NG,N,,,,,,,Y,N,0.6, ,0.6, ,UNK,UNK,Y,,Y,
18525,City of Tecumseh,2308,Tecumseh,NE,JOHNSON,2,OP,IC,Electric Utility,1,1.5,1.4,1.4,DFO,NG,N,,,,,,,Y,Y,1.4, ,1.4, ,UNK,UNK,Y,,Y,
18525,City of Tecumseh,2308,Tecumseh,NE,JOHNSON,3,OP,IC,Electric Utility,1,1.1,1,1,DFO,NG,N,,,,,,,Y,N,1, ,1, ,UNK,UNK,Y,,Y,
18525,City of Tecumseh,2308,Tecumseh,NE,JOHNSON,4,OP,IC,Electric Utility,1,1.3,1.2,1.2,DFO,NG,N,,,,,,,Y,N,1.2, ,1.2, ,UNK,UNK,Y,,Y,
18525,City of Tecumseh,2308,Tecumseh,NE,JOHNSON,5A,OP,IC,Electric Utility,1,2.4,2.4,2.4,DFO,NG,N,,,,,,,Y,Y,2.4, ,2.4, ,UNK,UNK,Y,,Y,
18535,Tenaska Georgia Partners LP,55061,Tenaska Georgia Generation Facility,GA,Heard,GTG1,OP,GT,IPP Non-CHP,2,183.2,155,177,NG,DFO,N,,,,,,,Y,Y,157,157,0,157,1H,1H,Y,Y,Y,
18535,Tenaska Georgia Partners LP,55061,Tenaska Georgia Generation Facility,GA,Heard,GTG2,OP,GT,IPP Non-CHP,2,183.2,155,177,NG,DFO,N,,,,,,,Y,Y,157,157,0,157,1H,1H,Y,Y,Y,
18535,Tenaska Georgia Partners LP,55061,Tenaska Georgia Generation Facility,GA,Heard,GTG3,OP,GT,IPP Non-CHP,2,183.2,155,177,NG,DFO,N,,,,,,,Y,Y,157,157,0,157,1H,1H,Y,Y,Y,
18535,Tenaska Georgia Partners LP,55061,Tenaska Georgia Generation Facility,GA,Heard,GTG4,OP,GT,IPP Non-CHP,2,183.2,156,180,NG,DFO,N,,,,,,,Y,Y,157,157,0,157,1H,1H,Y,Y,Y,
18535,Tenaska Georgia Partners LP,55061,Tenaska Georgia Generation Facility,GA,Heard,GTG5,OP,GT,IPP Non-CHP,2,183.2,156,180,NG,DFO,N,,,,,,,Y,Y,157,157,0,157,1H,1H,Y,Y,Y,
18535,Tenaska Georgia Partners LP,55061,Tenaska Georgia Generation Facility,GA,Heard,GTG6,OP,GT,IPP Non-CHP,2,183.2,156,180,NG,DFO,N,,,,,,,Y,Y,157,157,0,157,1H,1H,Y,Y,Y,
18569,Tenaska Virginia Partners LP,55439,Tenaska Virginia Generating Station,VA,Fluvanna,CTG1,OP,CT,IPP Non-CHP,2,183.3,166,167,NG,DFO,N,,,,,,,Y,Y,169,180,0,180,24H,6H,Y,Y,Y,
18569,Tenaska Virginia Partners LP,55439,Tenaska Virginia Generating Station,VA,Fluvanna,CTG2,OP,CT,IPP Non-CHP,2,183.3,166,167,NG,DFO,N,,,,,,,Y,Y,169,180,0,180,24H,6H,Y,Y,Y,
18569,Tenaska Virginia Partners LP,55439,Tenaska Virginia Generating Station,VA,Fluvanna,CTG3,OP,CT,IPP Non-CHP,2,183.3,172,173,NG,DFO,N,,,,,,,Y,Y,175,186,0,180,24H,6H,Y,Y,Y,
18569,Tenaska Virginia Partners LP,55439,Tenaska Virginia Generating Station,VA,Fluvanna,STG1,OP,CA,IPP Non-CHP,2,396.2,395.1,396,NG,,N,,,,,,,Y,Y,398,398,0,300,24H,6H,Y,Y,Y,
18611,Tenaska Frontier Partners Ltd,55062,Tenaska Frontier Generation Station,TX,Grimes,GTG1,OP,CT,IPP Non-CHP,2,183.2,155,177,NG,,N,,,,,,,Y,N,155,177,164,182,24H,,Y,,Y,
18611,Tenaska Frontier Partners Ltd,55062,Tenaska Frontier Generation Station,TX,Grimes,GTG2,OP,CT,IPP Non-CHP,2,183.2,155,177,NG,,N,,,,,,,Y,N,155,177,164,182,24H,24H,Y,,Y,
18611,Tenaska Frontier Partners Ltd,55062,Tenaska Frontier Generation Station,TX,Grimes,GTG3,OP,CT,IPP Non-CHP,2,183.2,155,177,NG,,N,,,,,,,Y,N,155,177,164,182,24H,24H,Y,,Y,
18617,Tesoro Alaska Company LLC,52184,Tesoro Kenai Cogeneration Plant,AK,Kenai Peninsula,GEN1,OP,GT,Industrial CHP,7,4.3,4.2,4.7,NG,DFO,N,,,,,,,Y,Y,4.21,4.68,3.99,4.58,1H,1H,N,,,
18617,Tesoro Alaska Company LLC,52184,Tesoro Kenai Cogeneration Plant,AK,Kenai Peninsula,GEN2,OP,GT,Industrial CHP,7,4.3,4.2,4.7,NG,DFO,N,,,,,,,Y,Y,4.21,4.68,3.99,4.58,1H,1H,N,,,
18642,Tennessee Valley Authority,47,Colbert,AL,Colbert,GT1,OP,GT,Electric Utility,1,59.5,45.4,60.8,NG,DFO,N,,,,,,,Y,Y,48.8, ,47.5, ,1H,,Y,,Y,
18642,Tennessee Valley Authority,47,Colbert,AL,Colbert,GT2,OP,GT,Electric Utility,1,59.5,45.4,60.8,NG,DFO,N,,,,,,,Y,Y,48.8, ,47.5, ,1H,,Y,,Y,
18642,Tennessee Valley Authority,47,Colbert,AL,Colbert,GT3,OP,GT,Electric Utility,1,59.5,45.4,60.8,NG,DFO,N,,,,,,,Y,Y,48.8, ,47.5, ,1H,,Y,,Y,
18642,Tennessee Valley Authority,47,Colbert,AL,Colbert,GT4,OP,GT,Electric Utility,1,59.5,45.4,60.8,NG,DFO,N,,,,,,,Y,Y,48.8, ,47.5, ,1H,,Y,,Y,
18642,Tennessee Valley Authority,47,Colbert,AL,Colbert,GT5,OP,GT,Electric Utility,1,59.5,45.4,60.8,NG,DFO,N,,,,,,,Y,Y,48.8, ,47.5, ,1H,,Y,,Y,
18642,Tennessee Valley Authority,47,Colbert,AL,Colbert,GT6,OP,GT,Electric Utility,1,59.5,45.4,60.8,NG,DFO,N,,,,,,,Y,Y,48.8, ,47.5, ,1H,,Y,,Y,
18642,Tennessee Valley Authority,47,Colbert,AL,Colbert,GT7,OP,GT,Electric Utility,1,59.5,45.4,60.8,NG,DFO,N,,,,,,,Y,Y,48.8, ,47.5, ,1H,,Y,,Y,
18642,Tennessee Valley Authority,47,Colbert,AL,Colbert,GT8,OP,GT,Electric Utility,1,59.5,45.4,60.8,NG,DFO,N,,,,,,,Y,Y,48.8, ,47.5, ,1H,,Y,,Y,
18642,Tennessee Valley Authority,3393,Allen Steam Plant,TN,Shelby,G10,OP,GT,Electric Utility,1,23.9,15.1,20.4,NG,DFO,N,,,,,,,Y,Y,15.1, ,15.7, ,1H,,Y,,Y,
18642,Tennessee Valley Authority,3393,Allen Steam Plant,TN,Shelby,G11,OP,GT,Electric Utility,1,23.9,15.1,20.4,NG,DFO,N,,,,,,,Y,Y,15.1, ,15.7, ,24H,,Y,,Y,
18642,Tennessee Valley Authority,3393,Allen Steam Plant,TN,Shelby,G12,OP,GT,Electric Utility,1,23.9,15.1,20.4,NG,DFO,N,,,,,,,Y,Y,15.1, ,15.7, ,1H,,Y,,Y,
18642,Tennessee Valley Authority,3393,Allen Steam Plant,TN,Shelby,G13,OP,GT,Electric Utility,1,23.9,15.1,20.4,NG,DFO,N,,,,,,,Y,Y,15.1, ,15.7, ,1H,,Y,,Y,
18642,Tennessee Valley Authority,3393,Allen Steam Plant,TN,Shelby,G14,OP,GT,Electric Utility,1,23.9,15.1,20.4,NG,DFO,N,,,,,,,Y,Y,15.1, ,15.7, ,1H,,Y,,Y,
18642,Tennessee Valley Authority,3393,Allen Steam Plant,TN,Shelby,G15,OP,GT,Electric Utility,1,23.9,15.1,20.4,NG,DFO,N,,,,,,,Y,Y,15.1, ,15.7, ,UNK,,Y,,Y,
18642,Tennessee Valley Authority,3393,Allen Steam Plant,TN,Shelby,G16,OP,GT,Electric Utility,1,23.9,15.1,20.4,NG,DFO,N,,,,,,,Y,Y,15.1, ,15.7, ,1H,,Y,,Y,
18642,Tennessee Valley Authority,3393,Allen Steam Plant,TN,Shelby,G17,OP,GT,Electric Utility,1,59.6,46.4,62.2,NG,DFO,N,,,,,,,Y,Y,46.4, ,44.8, ,1H,,Y,,Y,
18642,Tennessee Valley Authority,3393,Allen Steam Plant,TN,Shelby,G18,OP,GT,Electric Utility,1,59.6,46.4,62.2,NG,DFO,N,,,,,,,Y,Y,46.4, ,44.8, ,1H,,Y,,Y,
18642,Tennessee Valley Authority,3393,Allen Steam Plant,TN,Shelby,G19,OP,GT,Electric Utility,1,59.6,46.4,62.2,NG,DFO,N,,,,,,,Y,Y,46.4, ,44.8, ,1H,,Y,,Y,
18642,Tennessee Valley Authority,3393,Allen Steam Plant,TN,Shelby,G20,OP,GT,Electric Utility,1,59.6,46.4,62.2,NG,DFO,N,,,,,,,Y,Y,46.4, ,44.8, ,1H,,Y,,Y,
18642,Tennessee Valley Authority,3393,Allen Steam Plant,TN,Shelby,GT1,OP,GT,Electric Utility,1,23.9,15.1,20.4,NG,DFO,N,,,,,,,Y,Y,16.4, ,17, ,1H,,Y,,Y,
18642,Tennessee Valley Authority,3393,Allen Steam Plant,TN,Shelby,GT2,OP,GT,Electric Utility,1,23.9,15.1,20.4,NG,DFO,N,,,,,,,Y,Y,16.4, ,17, ,1H,,Y,,Y,
18642,Tennessee Valley Authority,3393,Allen Steam Plant,TN,Shelby,GT3,OP,GT,Electric Utility,1,23.9,15.1,20.4,NG,DFO,N,,,,,,,Y,Y,16.4, ,17, ,1H,,Y,,Y,
18642,Tennessee Valley Authority,3393,Allen Steam Plant,TN,Shelby,GT4,OP,GT,Electric Utility,1,23.9,15.1,20.4,NG,DFO,N,,,,,,,Y,Y,16.4, ,17, ,1H,,Y,,Y,
18642,Tennessee Valley Authority,3393,Allen Steam Plant,TN,Shelby,GT5,OP,GT,Electric Utility,1,23.9,15.1,20.4,NG,DFO,N,,,,,,,Y,Y,16.4, ,17, ,1H,,Y,,Y,
18642,Tennessee Valley Authority,3393,Allen Steam Plant,TN,Shelby,GT6,OP,GT,Electric Utility,1,23.9,15.1,20.4,NG,DFO,N,,,,,,,Y,Y,16.4, ,17, ,1H,,Y,,Y,
18642,Tennessee Valley Authority,3393,Allen Steam Plant,TN,Shelby,GT7,OP,GT,Electric Utility,1,23.9,15.1,20.4,NG,DFO,N,,,,,,,Y,Y,16.4, ,17, ,1H,,Y,,Y,
18642,Tennessee Valley Authority,3393,Allen Steam Plant,TN,Shelby,GT8,OP,GT,Electric Utility,1,23.9,15.1,20.4,NG,DFO,N,,,,,,,Y,Y,16.4, ,17, ,1H,,Y,,Y,
18642,Tennessee Valley Authority,3393,Allen Steam Plant,TN,Shelby,GT9,OP,GT,Electric Utility,1,23.9,15.1,20.4,NG,DFO,N,,,,,,,Y,Y,16.4, ,17, ,1H,,Y,,Y,
18642,Tennessee Valley Authority,3403,Gallatin (TN),TN,Sumner,GT1,OP,GT,Electric Utility,1,81.3,71.5,88.7,NG,DFO,N,,,,,,,Y,Y,71.5, ,70.9, ,1H,,Y,,Y,
18642,Tennessee Valley Authority,3403,Gallatin (TN),TN,Sumner,GT2,OP,GT,Electric Utility,1,81.3,71.5,88.7,NG,DFO,N,,,,,,,Y,Y,71.5, ,70.9, ,1H,,Y,,Y,
18642,Tennessee Valley Authority,3403,Gallatin (TN),TN,Sumner,GT3,OP,GT,Electric Utility,1,81.3,71.5,88.7,NG,DFO,N,,,,,,,Y,Y,71.5, ,70.9, ,1H,,Y,,Y,
18642,Tennessee Valley Authority,3403,Gallatin (TN),TN,Sumner,GT4,OP,GT,Electric Utility,1,81.3,71.5,88.7,NG,DFO,N,,,,,,,Y,Y,71.5, ,70.9, ,1H,,Y,,Y,
18642,Tennessee Valley Authority,3403,Gallatin (TN),TN,Sumner,GT5,OP,GT,Electric Utility,1,84.5,73.4,93.7,NG,DFO,N,,,,,,,Y,Y,78.3, ,75.1, ,1H,,Y,,Y,
18642,Tennessee Valley Authority,3403,Gallatin (TN),TN,Sumner,GT6,OP,GT,Electric Utility,1,84.5,73.4,93.7,NG,DFO,N,,,,,,,Y,Y,78.3, ,75.1, ,1H,,Y,,Y,
18642,Tennessee Valley Authority,3403,Gallatin (TN),TN,Sumner,GT7,OP,GT,Electric Utility,1,84.5,73.4,93.7,NG,DFO,N,,,,,,,Y,Y,78.3, ,75.1, ,1H,,Y,,Y,
18642,Tennessee Valley Authority,3403,Gallatin (TN),TN,Sumner,GT8,OP,GT,Electric Utility,1,84.5,73.4,93.7,NG,DFO,N,,,,,,,Y,Y,78.3, ,75.1, ,1H,,Y,,Y,
18642,Tennessee Valley Authority,3406,Johnsonville,TN,Humphreys,G10,OP,GT,Electric Utility,1,68.0,47.1,62.5,NG,DFO,N,,,,,,,Y,N,51.5, ,50.3, ,1H,,Y,,Y,
18642,Tennessee Valley Authority,3406,Johnsonville,TN,Humphreys,G11,OP,GT,Electric Utility,1,68.0,47.1,62.5,NG,DFO,N,,,,,,,Y,N,51.5, ,50.3, ,1H,,Y,,Y,
18642,Tennessee Valley Authority,3406,Johnsonville,TN,Humphreys,G12,OP,GT,Electric Utility,1,68.0,47.1,62.5,NG,DFO,N,,,,,,,Y,N,51.5, ,50.3, ,1H,,Y,,Y,
18642,Tennessee Valley Authority,3406,Johnsonville,TN,Humphreys,G13,OP,GT,Electric Utility,1,68.0,47.1,62.5,NG,DFO,N,,,,,,,Y,N,51.5, ,50.3, ,1H,,Y,,Y,
18642,Tennessee Valley Authority,3406,Johnsonville,TN,Humphreys,G14,OP,GT,Electric Utility,1,68.0,47.1,62.5,NG,DFO,N,,,,,,,Y,N,51.5, ,50.3, ,1H,,Y,,Y,
18642,Tennessee Valley Authority,3406,Johnsonville,TN,Humphreys,G15,OP,GT,Electric Utility,1,68.0,47.1,62.5,NG,DFO,N,,,,,,,Y,N,51.5, ,50.3, ,1H,,Y,,Y,
18642,Tennessee Valley Authority,3406,Johnsonville,TN,Humphreys,G16,OP,GT,Electric Utility,1,68.0,47.1,62.5,NG,DFO,N,,,,,,,Y,N,51.5, ,50.3, ,1H,,Y,,Y,
18642,Tennessee Valley Authority,3406,Johnsonville,TN,Humphreys,G17,OP,GT,Electric Utility,1,84.5,72.8,93,NG,DFO,N,,,,,,,Y,N,77.8, ,75.1, ,1H,,Y,,Y,
18642,Tennessee Valley Authority,3406,Johnsonville,TN,Humphreys,G18,OP,GT,Electric Utility,1,84.5,72.8,93,NG,DFO,N,,,,,,,Y,N,77.8, ,75.1, ,1H,,Y,,Y,
18642,Tennessee Valley Authority,3406,Johnsonville,TN,Humphreys,G19,OP,GT,Electric Utility,1,84.5,72.8,93,NG,DFO,N,,,,,,,Y,N,77.8, ,75.1, ,1H,,Y,,Y,
18642,Tennessee Valley Authority,3406,Johnsonville,TN,Humphreys,G20,OP,GT,Electric Utility,1,84.5,72.8,93,NG,DFO,N,,,,,,,Y,N,77.8, ,75.1, ,1H,,Y,,Y,
18642,Tennessee Valley Authority,3406,Johnsonville,TN,Humphreys,GT1,OP,GT,Electric Utility,1,68.0,47.1,62.5,NG,DFO,N,,,,,,,Y,N,51.5, ,50.3, ,1H,,Y,,Y,
18642,Tennessee Valley Authority,3406,Johnsonville,TN,Humphreys,GT2,OP,GT,Electric Utility,1,68.0,47.1,62.5,NG,DFO,N,,,,,,,Y,N,51.5, ,50.3, ,1H,,Y,,Y,
18642,Tennessee Valley Authority,3406,Johnsonville,TN,Humphreys,GT3,OP,GT,Electric Utility,1,68.0,47.1,62.5,NG,DFO,N,,,,,,,Y,N,51.5, ,50.3, ,1H,,Y,,Y,
18642,Tennessee Valley Authority,3406,Johnsonville,TN,Humphreys,GT4,OP,GT,Electric Utility,1,68.0,47.1,62.5,NG,DFO,N,,,,,,,Y,N,51.5, ,50.3, ,1H,,Y,,Y,
18642,Tennessee Valley Authority,3406,Johnsonville,TN,Humphreys,GT5,OP,GT,Electric Utility,1,68.0,47.1,62.5,NG,DFO,N,,,,,,,Y,N,51.5, ,50.3, ,1H,,Y,,Y,
18642,Tennessee Valley Authority,3406,Johnsonville,TN,Humphreys,GT6,OP,GT,Electric Utility,1,68.0,47.1,62.5,NG,DFO,N,,,,,,,Y,N,51.5, ,50.3, ,1H,,Y,,Y,
18642,Tennessee Valley Authority,3406,Johnsonville,TN,Humphreys,GT7,OP,GT,Electric Utility,1,68.0,47.1,62.5,NG,DFO,N,,,,,,,Y,N,51.5, ,50.3, ,1H,,Y,,Y,
18642,Tennessee Valley Authority,3406,Johnsonville,TN,Humphreys,GT8,OP,GT,Electric Utility,1,68.0,47.1,62.5,NG,DFO,N,,,,,,,Y,N,51.5, ,50.3, ,1H,,Y,,Y,
18642,Tennessee Valley Authority,3406,Johnsonville,TN,Humphreys,GT9,OP,GT,Electric Utility,1,68.0,47.1,62.5,NG,DFO,N,,,,,,,Y,N,51.5, ,50.3, ,1H,,Y,,Y,
18642,Tennessee Valley Authority,7845,Lagoon Creek,TN,Haywood,GT1,OP,GT,Electric Utility,1,84.5,73.9,94.3,NG,DFO,N,,,,,,,Y,Y,78.8, ,75.2, ,1H,,Y,,Y,
18642,Tennessee Valley Authority,7845,Lagoon Creek,TN,Haywood,GT10,OP,GT,Electric Utility,1,86.2,72.7,92.8,NG,DFO,N,,,,,,,Y,Y,77.6, ,74.3, ,1H,,Y,,Y,
18642,Tennessee Valley Authority,7845,Lagoon Creek,TN,Haywood,GT11,OP,GT,Electric Utility,1,86.2,72.7,92.8,NG,DFO,N,,,,,,,Y,Y,77.6, ,74.3, ,1H,,Y,,Y,
18642,Tennessee Valley Authority,7845,Lagoon Creek,TN,Haywood,GT12,OP,GT,Electric Utility,1,86.2,72.7,92.8,NG,DFO,N,,,,,,,Y,Y,77.6, ,74.3, ,1H,,Y,,Y,
18642,Tennessee Valley Authority,7845,Lagoon Creek,TN,Haywood,GT2,OP,GT,Electric Utility,1,84.5,73.9,94.3,NG,DFO,N,,,,,,,Y,Y,78.8, ,75.2, ,1H,,Y,,Y,
18642,Tennessee Valley Authority,7845,Lagoon Creek,TN,Haywood,GT3,OP,GT,Electric Utility,1,84.5,73.9,94.3,NG,DFO,N,,,,,,,Y,Y,78.8, ,75.2, ,1H,,Y,,Y,
18642,Tennessee Valley Authority,7845,Lagoon Creek,TN,Haywood,GT4,OP,GT,Electric Utility,1,84.5,73.9,94.3,NG,DFO,N,,,,,,,Y,Y,78.8, ,75.2, ,1H,,Y,,Y,
18642,Tennessee Valley Authority,7845,Lagoon Creek,TN,Haywood,GT5,OP,GT,Electric Utility,1,84.5,73.9,94.3,NG,DFO,N,,,,,,,Y,Y,78.8, ,75.2, ,1H,,Y,,Y,
18642,Tennessee Valley Authority,7845,Lagoon Creek,TN,Haywood,GT6,OP,GT,Electric Utility,1,84.5,73.9,94.3,NG,DFO,N,,,,,,,Y,Y,78.8, ,75.2, ,1H,,Y,,Y,
18642,Tennessee Valley Authority,7845,Lagoon Creek,TN,Haywood,GT7,OP,GT,Electric Utility,1,84.5,73.9,94.3,NG,DFO,N,,,,,,,Y,Y,78.8, ,75.2, ,1H,,Y,,Y,
18642,Tennessee Valley Authority,7845,Lagoon Creek,TN,Haywood,GT8,OP,GT,Electric Utility,1,84.5,73.9,94.3,NG,DFO,N,,,,,,,Y,Y,78.8, ,75.2, ,1H,,Y,,Y,
18642,Tennessee Valley Authority,7845,Lagoon Creek,TN,Haywood,GT9,OP,GT,Electric Utility,1,86.2,72.7,92.8,NG,DFO,N,,,,,,,Y,Y,77.6, ,74.3, ,1H,,Y,,Y,
18642,Tennessee Valley Authority,7960,Kemper County,MS,Kemper,GT1,OP,GT,Electric Utility,1,93.0,73.3,93.6,NG,DFO,N,,,,,,,Y,Y,78.2, ,80, ,1H,,Y,,Y,
18642,Tennessee Valley Authority,7960,Kemper County,MS,Kemper,GT2,OP,GT,Electric Utility,1,93.0,73.3,93.6,NG,DFO,N,,,,,,,Y,Y,78.2, ,80, ,1H,,Y,,Y,
18642,Tennessee Valley Authority,7960,Kemper County,MS,Kemper,GT3,OP,GT,Electric Utility,1,93.0,73.3,93.6,NG,DFO,N,,,,,,,Y,Y,78.2, ,80, ,1H,,Y,,Y,
18642,Tennessee Valley Authority,7960,Kemper County,MS,Kemper,GT4,OP,GT,Electric Utility,1,93.0,73.3,93.6,NG,DFO,N,,,,,,,Y,Y,78.2, ,80, ,1H,,Y,,Y,
18642,Tennessee Valley Authority,55232,Marshall Energy Facility,KY,Marshall,CT1,OP,GT,Electric Utility,1,86.0,72.7,92.8,NG,DFO,Y,NG,DFO,,,,,Y,Y,75, ,74.5, ,1H,,Y,,Y,
18642,Tennessee Valley Authority,55232,Marshall Energy Facility,KY,Marshall,CT2,OP,GT,Electric Utility,1,86.0,72.7,92.8,NG,DFO,Y,NG,DFO,,,,,Y,Y,75, ,74.5, ,1H,,Y,,Y,
18642,Tennessee Valley Authority,55232,Marshall Energy Facility,KY,Marshall,CT3,OP,GT,Electric Utility,1,86.0,72.7,92.8,NG,DFO,Y,NG,DFO,,,,,Y,Y,75, ,74.5, ,1H,,Y,,Y,
18642,Tennessee Valley Authority,55232,Marshall Energy Facility,KY,Marshall,CT4,SB,GT,Electric Utility,1,86.0,72.7,92.8,NG,DFO,Y,NG,DFO,,,,,Y,Y,75, ,74.5, ,1H,,Y,,Y,
18642,Tennessee Valley Authority,55232,Marshall Energy Facility,KY,Marshall,CT5,SB,GT,Electric Utility,1,86.0,72.7,92.8,NG,DFO,Y,NG,DFO,,,,,Y,Y,75, ,74.5, ,1H,,Y,,Y,
18642,Tennessee Valley Authority,55232,Marshall Energy Facility,KY,Marshall,CT6,SB,GT,Electric Utility,1,86.0,72.7,92.8,NG,DFO,Y,NG,DFO,,,,,Y,Y,75, ,74.5, ,1H,,Y,,Y,
18642,Tennessee Valley Authority,55232,Marshall Energy Facility,KY,Marshall,CT7,SB,GT,Electric Utility,1,86.0,72.7,92.8,NG,DFO,Y,NG,DFO,,,,,Y,Y,75, ,74.5, ,1H,,Y,,Y,
18642,Tennessee Valley Authority,55232,Marshall Energy Facility,KY,Marshall,CT8,SB,GT,Electric Utility,1,86.0,72.7,92.8,NG,DFO,Y,NG,DFO,,,,,Y,Y,75, ,74.5, ,1H,,Y,,Y,
18668,Tesoro Refining and Marketing Co LLC,52133,Tesoro Mandan Cogeneration Plant,ND,Morton,GEN1,OP,ST,Industrial CHP,7,2.5,2.8,2.8,OG,NG,Y,OG,NG,WO,RFO,,,N,, , , , ,,,,,,
18668,Tesoro Refining and Marketing Co LLC,52133,Tesoro Mandan Cogeneration Plant,ND,Morton,GEN2,OP,ST,Industrial CHP,7,2.5,2.8,2.8,OG,NG,Y,OG,NG,WO,RFO,,,N,, , , , ,,,,,,
18668,Tesoro Refining and Marketing Co LLC,52133,Tesoro Mandan Cogeneration Plant,ND,Morton,GEN3,OP,ST,Industrial CHP,7,2.5,2.8,2.8,OG,NG,Y,OG,NG,WO,RFO,,,N,, , , , ,,,,,,
18835,Tenaska Alabama B LP,55440,Tenaska Central Alabama Generating Stn,AL,Autauga,CTG1,OP,CT,IPP Non-CHP,2,179.0,174.3,189,NG,,N,,,,,,,Y,Y,174.3,189,174.3,189,6H,6H,N,,,
18835,Tenaska Alabama B LP,55440,Tenaska Central Alabama Generating Stn,AL,Autauga,CTG2,OP,CT,IPP Non-CHP,2,179.0,173.6,188,NG,,N,,,,,,,Y,Y,173.6,188,173.6,188,6H,6H,N,,,
18835,Tenaska Alabama B LP,55440,Tenaska Central Alabama Generating Stn,AL,Autauga,CTG3,OP,CT,IPP Non-CHP,2,179.0,177.4,190,NG,,N,,,,,,,Y,Y,177.4,190,177.4,190,6H,6H,N,,,
18895,Thumb Electric Coop of Mich,1874,Caro,MI,Tuscola,6,OP,IC,Electric Utility,1,2.0,2,2,DFO,,,,,,,,,Y,, , , , ,,,,,,
18947,City of Tipton - (IA),8106,Tipton,IA,Cedar,1A,OP,IC,Electric Utility,1,2.0,2,2,NG,DFO,Y,NG,DFO,,,,,Y,Y,2,0,2,2,1H,1H,Y,,,Y
18947,City of Tipton - (IA),8106,Tipton,IA,Cedar,2,OP,IC,Electric Utility,1,1.3,1.2,1.2,NG,DFO,Y,NG,DFO,,,,,Y,Y,1.2, ,1.2,1.2,1H,,Y,,,Y
18947,City of Tipton - (IA),8106,Tipton,IA,Cedar,3,OP,IC,Electric Utility,1,1.3,1.2,1.2,NG,DFO,Y,NG,DFO,,,,,Y,Y,1.2, ,1.2,1.2,1H,,Y,,,Y
19062,City of Traer - (IA),1192,Traer Main,IA,Tama,3,SB,IC,Electric Utility,1,1.1,1,1,DFO,NG,Y,DFO,NG,,,,,N,, , , , ,,,,,,
19062,City of Traer - (IA),1192,Traer Main,IA,Tama,4,SB,IC,Electric Utility,1,1.1,1,1,DFO,NG,Y,DFO,NG,,,,,N,, , , , ,,,,,,
19062,City of Traer - (IA),1192,Traer Main,IA,Tama,6,SB,IC,Electric Utility,1,1.3,1.2,1.2,DFO,NG,Y,DFO,NG,,,,,N,, , , , ,,,,,,
19068,Colorado Golden Energy Corp.,10180,Metro Wastewater Reclamation District,CO,Denver,5,OP,GT,IPP CHP,3,3.5,2.5,3.1,OBG,NG,Y,OBG,NG,,,,,N,, , , , ,,,,,,
19068,Colorado Golden Energy Corp.,10180,Metro Wastewater Reclamation District,CO,Denver,6,OP,GT,IPP CHP,3,3.5,2.5,3.1,OBG,NG,Y,OBG,NG,,,,,N,, , , , ,,,,,,
19091,"Suez Energy Generation NA, Inc.",10633,Hopewell Cogeneration,VA,Prince George,GT1,OP,CT,IPP CHP,3,101.0,84.1,101,NG,DFO,Y,NG,DFO,,,,,Y,Y,84.1, ,84.1, ,1H,1H,Y,Y,,
19091,"Suez Energy Generation NA, Inc.",10633,Hopewell Cogeneration,VA,Prince George,GT2,OP,CT,IPP CHP,3,101.0,84.1,101,NG,DFO,Y,NG,DFO,,,,,Y,Y,84.1, ,84.1, ,1H,1H,Y,Y,,
19091,"Suez Energy Generation NA, Inc.",10633,Hopewell Cogeneration,VA,Prince George,GT3,OP,CT,IPP CHP,3,101.0,84.1,101,NG,DFO,Y,NG,DFO,,,,,Y,Y,84.1, ,84.1, ,OVER,1H,Y,Y,,
19145,"DTE Tuscola, LLC",55245,Tuscola Station,IL,Douglas,TG1,OP,ST,Industrial CHP,7,6.0,3.8,3.5,BIT,NG,Y,BIT,NG,,,,,N,, , , , ,,,,,,
19145,"DTE Tuscola, LLC",55245,Tuscola Station,IL,Douglas,TG2,OP,ST,Industrial CHP,7,6.0,4.9,4.6,BIT,NG,Y,BIT,NG,,,,,N,, , , , ,,,,,,
19145,"DTE Tuscola, LLC",55245,Tuscola Station,IL,Douglas,TG3,OP,ST,Industrial CHP,7,6.0,4.8,5,BIT,NG,Y,BIT,NG,,,,,N,, , , , ,,,,,,
19148,Veolia Energy Trenton L.P,50094,Veolia Energy Trenton L.P.,NJ,Mercer,7214,OP,IC,Commercial CHP,5,6.0,0.1,3,NG,DFO,N,,,,,,,Y,Y,0.1,3,0.1,3,1H,1H,Y,,Y,
19153,Nassau Energy Corp,52056,Nassau Energy Corp,NY,NASSAU,GT1,OP,CT,IPP CHP,3,43.0,43,45,NG,DFO,Y,NG,DFO,,,,,Y,Y,43,45,43,43,1H,1H,Y,Y,Y,
19165,Trigen-Cinergy Solutions College Park,56038,UMCP CHP Plant,MD,Prince Georges,1,OP,GT,IPP CHP,3,11.0,9.4,10.8,NG,DFO,N,,,,,,,Y,Y,9.4, ,9.4, ,1H,1H,N,,,
19165,Trigen-Cinergy Solutions College Park,56038,UMCP CHP Plant,MD,Prince Georges,2,OP,GT,IPP CHP,3,11.0,9.4,10.8,NG,DFO,N,,,,,,,Y,Y,9.4, ,9.4, ,1H,1H,N,,,
19165,Trigen-Cinergy Solutions College Park,56038,UMCP CHP Plant,MD,Prince Georges,3,OP,ST,IPP CHP,3,5.4,2,5.1,NG,DFO,N,,,,,,,Y,Y,2, ,2, ,UNK,UNK,Y,,,Y
19173,Colorado Energy Nations Company LLLP,10003,Colorado Energy Nations Company,CO,Jefferson,GEN1,OP,ST,IPP CHP,3,7.5,10,10,BIT,NG,Y,BIT,NG,WO,,,,Y,Y,10,10,10,10,24H,6H,Y,,Y,
19173,Colorado Energy Nations Company LLLP,10003,Colorado Energy Nations Company,CO,Jefferson,GEN2,OP,ST,IPP CHP,3,7.5,10,10,BIT,NG,Y,BIT,NG,WO,,,,Y,Y,10, ,10, ,24H,6H,Y,,Y,
19173,Colorado Energy Nations Company LLLP,10003,Colorado Energy Nations Company,CO,Jefferson,GEN3,OP,ST,IPP CHP,3,20.0,20,20,BIT,NG,Y,BIT,NG,WO,,,,Y,Y,20, ,20, ,24H,6H,Y,,Y,
19237,Truman Public Utilities Comm,2015,Truman,MN,Martin,3,SB,IC,Electric Utility,1,2.2,2,2,DFO,NG,Y,DFO,NG,,,,,Y,Y,1.8, ,2, ,,,N,,,
19281,Turlock Irrigation District,4256,Walnut,CA,Stanislaus,1,OP,GT,Electric Utility,1,24.9,23.5,24.9,NG,DFO,N,,,,,,,Y,Y,23.5, ,23.5, ,1H,,Y,,Y,
19281,Turlock Irrigation District,4256,Walnut,CA,Stanislaus,2,OP,GT,Electric Utility,1,24.9,23.5,24.9,NG,DFO,N,,,,,,,Y,Y,23.5, ,23.5, ,1H,,Y,,Y,
19363,University of M&D-New Jersey,50411,University of Medicine Dentistry NJ,NJ,Essex,GEN1,OP,GT,Commercial CHP,5,3.5,3.4,3.7,NG,DFO,N,,,,,,,Y,Y,3.4,3.5,3.4,3.5,6H,6H,N,,,
19363,University of M&D-New Jersey,50411,University of Medicine Dentistry NJ,NJ,Essex,GEN2,OP,GT,Commercial CHP,5,3.5,3.4,3.7,NG,DFO,N,,,,,,,Y,Y,3.4,3.5,3.4,3.5,6H,6H,N,,,
19363,University of M&D-New Jersey,50411,University of Medicine Dentistry NJ,NJ,Essex,GEN3,OP,GT,Commercial CHP,5,3.5,3.4,3.7,NG,DFO,N,,,,,,,Y,Y,3.4,3.5,3.4,3.5,6H,6H,N,,,
19365,United States Sugar Corp,50482,Clewiston Sugar House,FL,Hendry,TG5,OS,ST,Industrial CHP,7,21.6,11,11,AB,DFO,Y,AB,DFO,,,,,N,, , , , ,,,,,,
19365,United States Sugar Corp,50482,Clewiston Sugar House,FL,Hendry,TG6,OP,ST,Industrial CHP,7,15.0,14,14.1,AB,DFO,Y,AB,DFO,,,,,N,, , , , ,,,,,,
19365,United States Sugar Corp,50482,Clewiston Sugar House,FL,Hendry,TG7,OP,ST,Industrial CHP,7,20.0,18.6,18.6,AB,DFO,Y,AB,DFO,,,,,N,, , , , ,,,,,,
19365,United States Sugar Corp,50482,Clewiston Sugar House,FL,Hendry,TG8,OP,ST,Industrial CHP,7,14.0,12,12,AB,DFO,Y,AB,DFO,,,,,N,, , , , ,,,,,,
19436,Union Electric Co - (MO),913,Venice,IL,Madison,GT2,OP,GT,Electric Utility,1,61.0,49,59,NG,DFO,N,,,,,,,Y,N,48, ,48, ,6H,,Y,Y,,
19436,Union Electric Co - (MO),2104,Meramec,MO,St Louis,GT2,OP,GT,Electric Utility,1,56.0,49,61,NG,DFO,N,,,,,,,Y,Y,53, ,52, ,6H,6H,Y,Y,,
19436,Union Electric Co - (MO),7964,Peno Creek,MO,Pike,GT1,OP,GT,Electric Utility,1,60.0,48,59,NG,DFO,N,,,,,,,Y,Y,47, ,47, ,6H,6H,Y,Y,,
19436,Union Electric Co - (MO),7964,Peno Creek,MO,Pike,GT2,OP,GT,Electric Utility,1,60.0,48,59,NG,DFO,N,,,,,,,Y,Y,47, ,47, ,6H,6H,Y,Y,,
19436,Union Electric Co - (MO),7964,Peno Creek,MO,Pike,GT3,OP,GT,Electric Utility,1,60.0,48,59,NG,DFO,N,,,,,,,Y,Y,47, ,47, ,6H,6H,Y,Y,,
19436,Union Electric Co - (MO),7964,Peno Creek,MO,Pike,GT4,OP,GT,Electric Utility,1,60.0,48,59,NG,DFO,N,,,,,,,Y,Y,47, ,47, ,6H,6H,Y,Y,,
19436,Union Electric Co - (MO),55204,Kinmundy,IL,Marion,1,OP,GT,Electric Utility,1,135.0,104,126,NG,DFO,N,,,,,,,Y,Y,116, ,113, ,6H,6H,Y,Y,,
19436,Union Electric Co - (MO),55204,Kinmundy,IL,Marion,2,OP,GT,Electric Utility,1,135.0,104,126,NG,DFO,N,,,,,,,Y,Y,116, ,113, ,6H,6H,Y,Y,,
19474,City of Unionville - (MO),2164,Unionville City of,MO,PUTNAM,2,OP,IC,Electric Utility,1,1.7,1.7,1.7,DFO,NG,N,,,,,,,Y,Y,1.5, ,1.5, ,,,N,,,
19474,City of Unionville - (MO),2164,Unionville City of,MO,PUTNAM,8,OP,IC,Electric Utility,1,1.3,1.1,1.1,DFO,NG,N,,,,,,,Y,Y,1, ,1, ,UNK,,N,,,
19511,University of Alaska,50711,University of Alaska Fairbanks,AK,Fairbanks North Star,GEN3,OP,ST,Commercial CHP,5,10.0,8.1,10,SUB,DFO,N,,,,,,,Y,Y,1, ,1, ,6H,6H,N,,,
19519,United States Steel-Mon Valley,50732,Mon Valley Works,PA,Allegheny,GEN1,OP,ST,Industrial CHP,7,25.0,28,30,BFG,OG,Y,BFG,OG,NG,,,,,, , , , ,,,,,,
19519,United States Steel-Mon Valley,50732,Mon Valley Works,PA,Allegheny,GEN2,OP,ST,Industrial CHP,7,25.0,28,30,BFG,OG,Y,BFG,OG,NG,,,,,, , , , ,,,,,,
19519,United States Steel-Mon Valley,50732,Mon Valley Works,PA,Allegheny,GEN3,OP,ST,Industrial CHP,7,2.5,1.9,1.9,BFG,OG,Y,BFG,OG,NG,,,,,, , , , ,,,,,,
19524,University of California-LA,52073,UCLA So Campus Cogen Project,CA,LOS ANGELES,GEN1,OP,CT,Commercial CHP,5,14.5,12.5,13.5,NG,LFG,N,,,,,,,Y,Y,12.5,13.5,12.5,13.5,1H,UNK,Y,Y,Y,
19524,University of California-LA,52073,UCLA So Campus Cogen Project,CA,LOS ANGELES,GEN2,OP,CT,Commercial CHP,5,14.5,12.5,13.5,NG,LFG,N,,,,,,,Y,Y,12.5,13.5,12.5,13.5,1H,UNK,Y,Y,Y,
19526,United States Steel-Gary,50733,Gary Works,IN,Lake,STG1,OP,ST,Industrial CHP,7,161.0,161,140,BFG,OG,Y,BFG,OG,NG,RFO,,,N,, , , , ,,,,,,
19528,University of Illinois,54044,University of Illinois Cogen Facility,IL,Cook,GEN1,OP,IC,Commercial CHP,5,6.3,6.3,6.3,NG,DFO,Y,DFO,NG,,,,,Y,Y,6.3, ,6.3, ,1H,1H,Y,Y,Y,
19528,University of Illinois,54044,University of Illinois Cogen Facility,IL,Cook,GEN2,OP,IC,Commercial CHP,5,6.3,6.3,6.3,NG,DFO,Y,DFO,NG,,,,,Y,Y,6.3, ,6.3, ,1H,1H,Y,Y,Y,
19528,University of Illinois,54780,University of Illinois Abbott Power Plt,IL,Champaign,T1,OP,ST,Commercial CHP,5,3.0,3,3,NG,DFO,Y,NG,DFO,,,,,Y,Y,3,3,3,3,6H,6H,Y,,Y,
19528,University of Illinois,54780,University of Illinois Abbott Power Plt,IL,Champaign,T10,OP,ST,Commercial CHP,5,12.5,12.5,12.5,BIT,NG,Y,DFO,NG,BIT,,,,Y,Y,12.5,12.5,12.5,12.5,24H,24H,Y,,Y,
19528,University of Illinois,54780,University of Illinois Abbott Power Plt,IL,Champaign,T11,OP,ST,Commercial CHP,5,12.5,12.5,12.5,BIT,NG,Y,DFO,NG,BIT,,,,Y,Y,12.5,12.5,12.5,12.5,24H,24H,Y,,Y,
19528,University of Illinois,54780,University of Illinois Abbott Power Plt,IL,Champaign,T12,OP,ST,Commercial CHP,5,7.0,7,7,BIT,NG,Y,DFO,NG,BIT,,,,Y,Y,7,7,7,7,24H,24H,Y,,Y,
19528,University of Illinois,54780,University of Illinois Abbott Power Plt,IL,Champaign,T2,OP,ST,Commercial CHP,5,3.0,3,3,NG,DFO,Y,NG,DFO,,,,,Y,Y,3,3,3,3,6H,6H,Y,,Y,
19528,University of Illinois,54780,University of Illinois Abbott Power Plt,IL,Champaign,T3,OP,ST,Commercial CHP,5,3.0,3,3,NG,DFO,Y,NG,DFO,,,,,Y,Y,3,3,3,3,6H,6H,Y,,Y,
19528,University of Illinois,54780,University of Illinois Abbott Power Plt,IL,Champaign,T4,OP,ST,Commercial CHP,5,3.0,3,3,NG,DFO,Y,NG,DFO,,,,,Y,Y,3,3,3,3,6H,6H,Y,,Y,
19528,University of Illinois,54780,University of Illinois Abbott Power Plt,IL,Champaign,T6,OP,ST,Commercial CHP,5,7.5,7.5,7.5,BIT,NG,Y,NG,DFO,BIT,,,,Y,Y,7.5,7.5,7.5,7.5,24H,24H,Y,,Y,
19528,University of Illinois,54780,University of Illinois Abbott Power Plt,IL,Champaign,T7,OP,ST,Commercial CHP,5,7.5,7.5,7.5,BIT,NG,Y,NG,DFO,BIT,,,,Y,Y,7.5,7.5,7.5,7.5,24H,24H,Y,,Y,
19528,University of Illinois,54780,University of Illinois Abbott Power Plt,IL,Champaign,T8,OP,GT,Commercial CHP,5,13.0,13,13,NG,DFO,Y,NG,DFO,,,,,Y,Y,11,15,10,13,24H,24H,Y,,Y,
19528,University of Illinois,54780,University of Illinois Abbott Power Plt,IL,Champaign,T9,OP,GT,Commercial CHP,5,13.0,13,13,NG,DFO,Y,NG,DFO,,,,,Y,Y,11,15,10,13,24H,24H,Y,,Y,
19537,University of Texas at Austin,50118,Hal C Weaver Power Plant,TX,Travis,GEN4,OP,CA,Commercial CHP,5,7.6,7.6,7.6,NG,DFO,N,,,,,,,Y,Y,7.6, ,7.6, ,6H,,Y,Y,Y,
19537,University of Texas at Austin,50118,Hal C Weaver Power Plant,TX,Travis,GEN5,OP,CA,Commercial CHP,5,6.0,6,6,NG,DFO,N,,,,,,,Y,Y,6, ,6, ,6H,,Y,Y,Y,
19537,University of Texas at Austin,50118,Hal C Weaver Power Plant,TX,Travis,GEN7,OP,CA,Commercial CHP,5,28.8,27.6,27.2,NG,DFO,N,,,,,,,Y,Y,28.8, ,28.8, ,6H,,Y,Y,Y,
19537,University of Texas at Austin,50118,Hal C Weaver Power Plant,TX,Travis,GEN9,OP,CA,Commercial CHP,5,27.2,26.1,25.7,NG,DFO,N,,,,,,,Y,Y,25, ,25, ,6H,,Y,Y,Y,
19539,University of Iowa,54775,University of Iowa Main Power Plant,IA,Johnson,GEN1,OP,ST,Commercial CHP,5,3.0,3,3,BIT,OBS,Y,BIT,OBS,NG,,,,N,, , , , ,,,,,,
19539,University of Iowa,54775,University of Iowa Main Power Plant,IA,Johnson,GEN2,OP,ST,Commercial CHP,5,3.0,3,3,BIT,OBS,Y,BIT,OBS,NG,,,,N,, , , , ,,,,,,
19539,University of Iowa,54775,University of Iowa Main Power Plant,IA,Johnson,GEN6,OP,ST,Commercial CHP,5,15.0,15,15,BIT,OBS,Y,BIT,OBS,NG,,,,N,, , , , ,,,,,,
19545,Black Hills Power Inc,3325,Ben French,SD,Pennington,GT1,OP,GT,Electric Utility,1,25.0,17,25,NG,DFO,Y,DFO,NG,,,,,Y,Y,18.5,22.5,18.5,22.5,1H,1H,Y,Y,,Y
19545,Black Hills Power Inc,3325,Ben French,SD,Pennington,GT2,OP,GT,Electric Utility,1,25.0,17,25,NG,DFO,Y,DFO,NG,,,,,Y,Y,18.5,22.5,18.5,22.5,1H,1H,Y,Y,,Y
19545,Black Hills Power Inc,3325,Ben French,SD,Pennington,GT3,OP,GT,Electric Utility,1,25.0,17,25,NG,DFO,Y,DFO,NG,,,,,Y,Y,18.5,22.5,18.5,22.5,1H,1H,Y,Y,,Y
19545,Black Hills Power Inc,3325,Ben French,SD,Pennington,GT4,OP,GT,Electric Utility,1,25.0,17,25,NG,DFO,Y,DFO,NG,,,,,Y,Y,18.5,22.5,18.5,22.5,1H,1H,Y,Y,,Y
19545,Black Hills Power Inc,3325,Ben French,SD,Pennington,ST1,OP,ST,Electric Utility,1,25.0,21.6,21.6,SUB,DFO,Y,SUB,DFO,NG,,,,Y,Y,21.6,21.6,21.6,21.6,1H,1H,Y,Y,,Y
19564,University of Notre Dame,50366,University of Notre Dame,IN,ST JOSEPH,GEN1,OP,ST,Commercial CHP,5,3.0,3,3,BIT,NG,Y,BIT,NG,DFO,,,,Y,Y,3, ,3, ,1H,1H,Y,Y,,Y
19564,University of Notre Dame,50366,University of Notre Dame,IN,ST JOSEPH,GEN2,OP,ST,Commercial CHP,5,1.7,1.7,1.7,BIT,NG,Y,BIT,NG,DFO,,,,Y,Y,1.7, ,1.7, ,1H,1H,Y,Y,,Y
19564,University of Notre Dame,50366,University of Notre Dame,IN,ST JOSEPH,GEN5,OP,ST,Commercial CHP,5,2.0,2,2,BIT,NG,Y,BIT,NG,DFO,,,,Y,Y,2, ,2, ,1H,1H,N,,,
19564,University of Notre Dame,50366,University of Notre Dame,IN,ST JOSEPH,GEN6,OP,ST,Commercial CHP,5,5.0,5,5,BIT,NG,Y,BIT,NG,DFO,,,,Y,Y,5, ,5, ,1H,1H,N,,,
19564,University of Notre Dame,50366,University of Notre Dame,IN,ST JOSEPH,GEN7,OP,ST,Commercial CHP,5,9.4,9.4,9.4,BIT,NG,Y,BIT,NG,DFO,,,,Y,Y,9.4, ,9.4, ,1H,1H,N,,,
19588,University of Michigan,50431,University of Michigan,MI,Washtenaw,TG1,OP,CA,Commercial CHP,5,12.5,11.5,11.5,NG,DFO,N,,,,,,,Y,N,11.47, ,11.47, ,24H,,Y,Y,Y,
19588,University of Michigan,50431,University of Michigan,MI,Washtenaw,TG10,OP,CT,Commercial CHP,5,3.5,3,3.6,NG,DFO,N,,,,,,,Y,Y,3, ,3, ,24H,,Y,Y,Y,
19588,University of Michigan,50431,University of Michigan,MI,Washtenaw,TG7,OP,CA,Commercial CHP,5,12.5,11.5,11.5,NG,DFO,N,,,,,,,Y,N,11.47, ,11.47, ,24H,,Y,Y,Y,
19588,University of Michigan,50431,University of Michigan,MI,Washtenaw,TG8,OP,CA,Commercial CHP,5,12.5,11.5,11.5,NG,DFO,N,,,,,,,Y,N,11.47, ,11.47, ,24H,,Y,Y,Y,
19588,University of Michigan,50431,University of Michigan,MI,Washtenaw,TG9,OP,CT,Commercial CHP,5,3.5,3,3.6,NG,DFO,N,,,,,,,Y,Y,3, ,3, ,24H,,Y,Y,Y,
19663,Utah State University,58139,Central Energy Plant USU,UT,Cache,TURBI,OP,GT,Commercial Non-CHP,4,5.0,4.4,4.6,NG,DFO,N,,,,,,,Y,Y,4.4, ,4.4, ,1H,1H,Y,Y,,
19664,University of Washington,54809,University of Washington Power Plant,WA,King,TG2,OP,ST,Commercial CHP,5,5.0,1,5,NG,DFO,Y,NG,DFO,,,,,Y,Y,1,5,1,5,6H,6H,Y,Y,Y,
19676,Valero Refining Co California,55851,Valero Refinery Cogeneration Unit 1,CA,Solano,GT 1,OP,GT,Industrial CHP,7,51.0,45.4,46.8,NG,OG,Y,OG,NG,,,,,N,, , , , ,,,,,,
19691,Paulsboro Refining Company - LLC,50628,Paulsboro Refinery,NJ,Gloucester,GEN2,OP,ST,Industrial CHP,7,15.0,11.7,12.7,NG,OG,Y,OG,NG,DFO,,,,N,N,11.7, ,11.7, ,24H,,,,,
19691,Paulsboro Refining Company - LLC,50628,Paulsboro Refinery,NJ,Gloucester,GEN3,OP,ST,Industrial CHP,7,15.0,11.7,12.7,NG,OG,Y,OG,NG,DFO,,,,N,Y,11.7, ,11.7, ,24H,,,,,
19728,"UNS Electric, Inc",6515,Valencia,AZ,Santa Cruz,GT1,SB,GT,Electric Utility,1,18.0,13.5,14.8,NG,DFO,Y,NG,DFO,,,,,Y,Y,14.7, ,14.7, ,1H,,N,,,
19728,"UNS Electric, Inc",6515,Valencia,AZ,Santa Cruz,GT2,SB,GT,Electric Utility,1,18.0,13.5,14.8,NG,DFO,Y,NG,DFO,,,,,Y,Y,14.7, ,14.7, ,1H,,N,,,
19728,"UNS Electric, Inc",6515,Valencia,AZ,Santa Cruz,GT3,SB,GT,Electric Utility,1,18.0,13.5,14.8,NG,DFO,Y,NG,DFO,,,,,Y,Y,14.7, ,14.7, ,1H,,N,,,
19728,"UNS Electric, Inc",6515,Valencia,AZ,Santa Cruz,GT4,OP,GT,Electric Utility,1,54.0,19.8,21.2,NG,DFO,Y,NG,DFO,,,,,Y,Y,18.9, ,18.9, ,1H,,N,,,
19781,Viking Energy Corp,50770,Viking Energy of McBain,MI,Missaukee,GEN1,OP,ST,IPP Non-CHP,2,18.0,16.3,16.3,WDS,TDF,Y,WDS,TDF,NG,,,,,, , , , ,,,,,,
19781,Viking Energy Corp,50772,Viking Energy of Lincoln,MI,Alcona,GEN1,OP,ST,IPP Non-CHP,2,18.0,16.3,16.3,WDS,TDF,Y,WDS,TDF,NG,,,,,, , , , ,,,,,,
19804,City of Vero Beach - (FL),693,Vero Beach Municipal Power Plant,FL,Indian River,3,OP,ST,Electric Utility,1,33.0,33,33,NG,RFO,N,NG,,,DFO,,,Y,Y,33,33,33, ,UNK,UNK,Y,,Y,
19804,City of Vero Beach - (FL),693,Vero Beach Municipal Power Plant,FL,Indian River,4,OP,ST,Electric Utility,1,55.0,56,56,NG,RFO,Y,NG,RFO,,,,,Y,Y,56,56,56, ,UNK,UNK,Y,,Y,
19804,City of Vero Beach - (FL),693,Vero Beach Municipal Power Plant,FL,Indian River,5,OP,CT,Electric Utility,1,41.4,35,40,NG,DFO,N,,,,,,,Y,Y,35,40,34, ,UNK,UNK,Y,,Y,
19856,City of Vineland - (NJ),2434,Howard Down,NJ,Cumberland,11,OP,GT,Electric Utility,1,68.2,59.9,62.1,NG,DFO,N,,,,,,,Y,Y,59.9,62.1,59.9,61,1H,1H,Y,Y,Y,
19865,City of Vinton - (IA),1194,Vinton,IA,Benton,1,OP,IC,Electric Utility,1,1.3,1.2,1.2,DFO,NG,Y,DFO,NG,,,,,Y,,1.36,1.36,1.36,1.36,1H,1H,Y,Y,,
19865,City of Vinton - (IA),1194,Vinton,IA,Benton,6,OP,IC,Electric Utility,1,2.5,2.5,2.5,DFO,NG,Y,DFO,NG,,,,,Y,,2.5,2.5,2.5,2.5,1H,1H,Y,Y,,
19865,City of Vinton - (IA),1194,Vinton,IA,Benton,7,OP,IC,Electric Utility,1,3.7,3.7,3.7,DFO,NG,Y,DFO,NG,,,,,Y,,3.75,3.75,3.75,3.75,1H,1H,Y,Y,,
19865,City of Vinton - (IA),1194,Vinton,IA,Benton,8,OP,IC,Electric Utility,1,5.6,5.6,5.6,DFO,NG,Y,DFO,NG,,,,,Y,,5.63,5.63,5.63,5.63,1H,1H,Y,Y,,
19865,City of Vinton - (IA),1194,Vinton,IA,Benton,9,OP,IC,Electric Utility,1,3.0,3,3,DFO,NG,Y,DFO,NG,,,,,Y,,3,3,3,3,1H,1H,Y,Y,,
19876,Virginia Electric & Power Co,3797,Chesterfield,VA,Chesterfield,CT7,OP,CT,Electric Utility,1,145.0,142,166,NG,DFO,Y,NG,DFO,,,,,Y,Y,135, ,135, ,1H,1H,Y,Y,Y,
19876,Virginia Electric & Power Co,3797,Chesterfield,VA,Chesterfield,CT8,OP,CT,Electric Utility,1,148.0,140,175,NG,DFO,Y,NG,DFO,,,,,Y,Y,133, ,133, ,1H,1H,Y,Y,Y,
19876,Virginia Electric & Power Co,3804,Possum Point,VA,Prince William,6A,OP,CT,Electric Utility,1,174.0,148.5,176.5,NG,DFO,N,,,,,,,Y,Y,140, ,140, ,6H,6H,Y,Y,Y,
19876,Virginia Electric & Power Co,3804,Possum Point,VA,Prince William,6B,OP,CT,Electric Utility,1,174.0,148.5,176.5,NG,DFO,N,,,,,,,Y,Y,140, ,140, ,6H,6H,Y,Y,Y,
19876,Virginia Electric & Power Co,7032,Gravel Neck,VA,Surry,3,OP,GT,Electric Utility,1,91.9,85,98,NG,DFO,N,,,,,,,Y,Y,73, ,73, ,1H,1H,Y,Y,Y,
19876,Virginia Electric & Power Co,7032,Gravel Neck,VA,Surry,4,OP,GT,Electric Utility,1,91.9,85,97,NG,DFO,N,,,,,,,Y,Y,73, ,73, ,1H,1H,Y,Y,Y,
19876,Virginia Electric & Power Co,7032,Gravel Neck,VA,Surry,5,OP,GT,Electric Utility,1,91.9,85,98,NG,DFO,N,,,,,,,Y,Y,73, ,73, ,1H,1H,Y,Y,Y,
19876,Virginia Electric & Power Co,7032,Gravel Neck,VA,Surry,6,OP,GT,Electric Utility,1,91.9,85,97,NG,DFO,N,,,,,,,Y,Y,79, ,79, ,1H,1H,Y,Y,Y,
19876,Virginia Electric & Power Co,7212,Darbytown,VA,Henrico,1,OP,GT,Electric Utility,1,92.1,84,98,NG,DFO,N,,,,,,,Y,Y,72, ,72, ,1H,1H,Y,Y,Y,
19876,Virginia Electric & Power Co,7212,Darbytown,VA,Henrico,2,OP,GT,Electric Utility,1,92.1,84,97,NG,DFO,N,,,,,,,Y,Y,78, ,78, ,1H,1H,Y,Y,Y,
19876,Virginia Electric & Power Co,7212,Darbytown,VA,Henrico,3,OP,GT,Electric Utility,1,92.1,84,95,NG,DFO,N,,,,,,,Y,Y,72, ,72, ,1H,1H,Y,Y,Y,
19876,Virginia Electric & Power Co,7212,Darbytown,VA,Henrico,4,OP,GT,Electric Utility,1,92.1,84,97,NG,DFO,N,,,,,,,Y,Y,72, ,72, ,1H,1H,Y,Y,Y,
19876,Virginia Electric & Power Co,7838,Remington,VA,Fauquier,1,OP,GT,Electric Utility,1,178.5,153,187,NG,DFO,N,,,,,,,Y,Y,145, ,145, ,1H,,Y,Y,Y,
19876,Virginia Electric & Power Co,7838,Remington,VA,Fauquier,2,OP,GT,Electric Utility,1,170.0,151,187,NG,DFO,N,,,,,,,Y,Y,146, ,146, ,1H,1H,Y,Y,Y,
19876,Virginia Electric & Power Co,7838,Remington,VA,Fauquier,3,OP,GT,Electric Utility,1,178.5,152,187,NG,DFO,N,,,,,,,Y,Y,145, ,145, ,1H,1H,Y,Y,Y,
19876,Virginia Electric & Power Co,7838,Remington,VA,Fauquier,4,OP,GT,Electric Utility,1,178.5,152,187,NG,DFO,N,,,,,,,Y,Y,145, ,145, ,1H,1H,Y,Y,Y,
19876,Virginia Electric & Power Co,7839,Ladysmith,VA,Caroline,1,OP,GT,Electric Utility,1,178.5,151,183,NG,DFO,N,,,,,,,Y,Y,145, ,145, ,1H,1H,Y,Y,Y,
19876,Virginia Electric & Power Co,7839,Ladysmith,VA,Caroline,2,OP,GT,Electric Utility,1,178.5,151,183,NG,DFO,N,,,,,,,Y,Y,151, ,151, ,1H,1H,Y,Y,Y,
19876,Virginia Electric & Power Co,7839,Ladysmith,VA,Caroline,3,OP,GT,Electric Utility,1,178.5,161,183,NG,DFO,N,,,,,,,Y,Y,161, ,161, ,1H,1H,Y,Y,Y,
19876,Virginia Electric & Power Co,7839,Ladysmith,VA,Caroline,4,OP,GT,Electric Utility,1,178.5,160,183,NG,DFO,N,,,,,,,Y,Y,160, ,160, ,1H,1H,Y,Y,Y,
19876,Virginia Electric & Power Co,7839,Ladysmith,VA,Caroline,5,OP,GT,Electric Utility,1,178.5,160,183,NG,DFO,N,,,,,,,Y,Y,160, ,160, ,1H,1H,Y,Y,Y,
19876,Virginia Electric & Power Co,50555,Rosemary Power Station,NC,Halifax,GEN1,OP,CT,Electric Utility,1,86.0,75,88,NG,DFO,Y,NG,DFO,,,,,Y,Y,80, ,75, ,1H,,Y,Y,Y,
19876,Virginia Electric & Power Co,50555,Rosemary Power Station,NC,Halifax,GEN2,OP,CT,Electric Utility,1,40.0,36,44,NG,DFO,Y,NG,DFO,,,,,Y,Y,40, ,35, ,1H,,Y,Y,Y,
19876,Virginia Electric & Power Co,50966,Bellmeade Power Station,VA,Richmond City,1,OP,CT,Electric Utility,1,110.0,95,95,NG,DFO,N,,,,,,,Y,Y,77.5, ,77.5, ,1H,1H,Y,Y,Y,
19876,Virginia Electric & Power Co,50966,Bellmeade Power Station,VA,Richmond City,2,OP,CT,Electric Utility,1,110.0,95,95,NG,DFO,N,,,,,,,Y,Y,76.5, ,76.5, ,1H,1H,Y,Y,Y,
19876,Virginia Electric & Power Co,52087,Elizabeth River Power Station,VA,Chesapeake,GEN1,SB,GT,Electric Utility,1,129.6,116,121,NG,DFO,N,,,,,,,Y,Y,103, ,103, ,1H,1H,Y,Y,Y,
19876,Virginia Electric & Power Co,52087,Elizabeth River Power Station,VA,Chesapeake,GEN2,SB,GT,Electric Utility,1,129.6,116,120,NG,DFO,N,,,,,,,Y,Y,103, ,103, ,1H,1H,Y,Y,Y,
19876,Virginia Electric & Power Co,52087,Elizabeth River Power Station,VA,Chesapeake,GEN3,SB,GT,Electric Utility,1,129.6,116,124,NG,DFO,N,,,,,,,Y,Y,103, ,103, ,1H,1H,Y,Y,Y,
19876,Virginia Electric & Power Co,54844,Gordonsville Energy LP,VA,Louisa,GOR1,OP,CT,Electric Utility,1,97.2,68.4,84.3,NG,DFO,N,,,,,,,Y,Y,71.4, ,71.4, ,OVER,1H,Y,Y,Y,
19876,Virginia Electric & Power Co,54844,Gordonsville Energy LP,VA,Louisa,GOR2,OP,CT,Electric Utility,1,97.2,68.4,82.3,NG,DFO,N,,,,,,,Y,Y,68.4, ,68.4, ,OVER,1H,Y,Y,Y,
19876,Virginia Electric & Power Co,56807,Bear Garden,VA,Buckingham,1A,OP,CT,Electric Utility,1,145.0,165,165,NG,DFO,N,,,,,,,Y,Y,141.5, ,152.9, ,6H,,Y,Y,Y,
19876,Virginia Electric & Power Co,56807,Bear Garden,VA,Buckingham,1B,OP,CT,Electric Utility,1,152.0,170,170,NG,DFO,N,,,,,,,Y,Y,147.5, ,160.7, ,6H,,Y,Y,Y,
19876,Virginia Electric & Power Co,56808,Virginia City Hybrid Energy Center,VA,Wise,1,OP,ST,Electric Utility,1,668.0,610,620,BIT,WC,Y,BIT,WC,WDS,,,,,, , , , ,,,,,,
19968,City of Wahoo - (NE),2310,Wahoo,NE,Saunders,1,OP,IC,Electric Utility,1,2.5,2.1,2.1,NG,DFO,,,,,,,,Y,Y,2.1,2.2,2.2,2.2,1H,1H,Y,Y,Y,
19968,City of Wahoo - (NE),2310,Wahoo,NE,Saunders,3,OP,IC,Electric Utility,1,4.4,4.4,4.4,NG,DFO,,,,,,,,Y,,4.4,4.4,4.4,4.4,1H,1H,Y,Y,Y,
19968,City of Wahoo - (NE),2310,Wahoo,NE,Saunders,4,OP,IC,Electric Utility,1,1.2,1.1,1.1,NG,DFO,,,,,,,,Y,,1.1,1.1,1.1,1.1,1H,1H,Y,Y,Y,
19968,City of Wahoo - (NE),2310,Wahoo,NE,Saunders,5,OP,IC,Electric Utility,1,2.1,2.2,2.2,NG,DFO,,,,,,,,Y,,2.1,2.1,2.1,2.1,1H,1H,Y,Y,Y,
19968,City of Wahoo - (NE),2310,Wahoo,NE,Saunders,6,OP,IC,Electric Utility,1,3.5,3.4,3.4,NG,DFO,,,,,,,,Y,Y,3.4,3.4,3.4,3.4,1H,1H,Y,Y,Y,
19980,City of Wakefield - (NE),2311,Wakefield,NE,Dixon,2,OP,IC,Electric Utility,1,0.6,0.5,0.5,NG,DFO,Y,NG,DFO,,,,,Y,N,0.5, ,0.5, ,6H,6H,Y,Y,Y,
19980,City of Wakefield - (NE),2311,Wakefield,NE,Dixon,5,OP,IC,Electric Utility,1,1.3,1,1,NG,DFO,Y,NG,DFO,,,,,Y,N,1, ,1, ,6H,6H,Y,Y,Y,
19980,City of Wakefield - (NE),2311,Wakefield,NE,Dixon,6,OP,IC,Electric Utility,1,1.3,1.1,1.1,NG,DFO,Y,NG,DFO,,,,,Y,N,1.1, ,1.1, ,6H,6H,Y,Y,Y,
19980,City of Wakefield - (NE),2311,Wakefield,NE,Dixon,IC4,OP,IC,Electric Utility,1,0.9,0.6,0.6,NG,DFO,Y,NG,DFO,,,,,Y,N,0.6, ,0.6, ,6H,6H,Y,Y,Y,
20069,City of Wamego - (KS),1328,Wamego,KS,POTTAWATOMIE,1,OP,IC,Electric Utility,1,1.3,1.3,1.3,NG,DFO,Y,NG,DFO,,,,,Y,Y,1.2, ,1.3, ,UNK,UNK,Y,,Y,
20069,City of Wamego - (KS),1328,Wamego,KS,POTTAWATOMIE,3,OP,IC,Electric Utility,1,1.3,1.3,1.3,NG,DFO,Y,NG,DFO,,,,,Y,Y,1.2, ,1.3, ,UNK,UNK,Y,,Y,
20069,City of Wamego - (KS),1328,Wamego,KS,POTTAWATOMIE,4,OP,IC,Electric Utility,1,1.1,1.1,1.1,NG,DFO,Y,NG,DFO,,,,,Y,Y,1, ,1.1, ,UNK,UNK,Y,,Y,
20069,City of Wamego - (KS),1328,Wamego,KS,POTTAWATOMIE,5,OP,IC,Electric Utility,1,2.0,1.8,2,NG,DFO,Y,NG,DFO,,,,,Y,Y,2, ,2, ,UNK,UNK,Y,,Y,
20069,City of Wamego - (KS),1328,Wamego,KS,POTTAWATOMIE,6,OP,IC,Electric Utility,1,2.4,2.2,2.4,NG,DFO,Y,NG,DFO,,,,,Y,Y,2.3, ,2.4, ,UNK,UNK,Y,,Y,
20069,City of Wamego - (KS),1328,Wamego,KS,POTTAWATOMIE,7,OP,IC,Electric Utility,1,1.3,1.3,1.3,NG,DFO,Y,NG,DFO,,,,,Y,Y,1.2, ,1.2, ,UNK,UNK,Y,,Y,
20069,City of Wamego - (KS),1328,Wamego,KS,POTTAWATOMIE,8,OP,IC,Electric Utility,1,1.3,1.3,1.3,NG,DFO,Y,NG,DFO,,,,,Y,Y,1.2, ,1.2, ,UNK,UNK,Y,,Y,
20069,City of Wamego - (KS),1328,Wamego,KS,POTTAWATOMIE,9,OP,IC,Electric Utility,1,1.3,1.3,1.3,NG,DFO,Y,NG,DFO,,,,,Y,Y,1.2, ,1.2, ,UNK,UNK,Y,,Y,
20169,Avista Corp,550,Kettle Falls Generating Station,WA,Stevens,1,OP,ST,Electric Utility,1,50.7,50,50.7,WDS,NG,Y,WDS,NG,,,,,N,, , , , ,,,,,,
20180,City of Waterloo - (IL),971,Waterloo,IL,Monroe,1,SB,IC,Electric Utility,1,3.1,2.7,2.7,DFO,NG,Y,DFO,NG,,,,,N,Y,2.7, ,2.7, ,,,,,,
20180,City of Waterloo - (IL),971,Waterloo,IL,Monroe,12,SB,GT,Electric Utility,1,6.6,6.6,7,NG,DFO,N,,,,,,,Y,Y,6.6,7.5,6.6,7.2,1H,1H,N,,,
20180,City of Waterloo - (IL),971,Waterloo,IL,Monroe,13,OP,GT,Electric Utility,1,7.0,6.6,7,NG,DFO,N,,,,,,,Y,Y,6.6,7.5,6.3,7.2,1H,1H,N,,,
20180,City of Waterloo - (IL),971,Waterloo,IL,Monroe,4,SB,IC,Electric Utility,1,2.0,1.8,1.8,DFO,NG,Y,DFO,NG,,,,,N,Y,1.8, ,1.8, ,,,,,,
20180,City of Waterloo - (IL),971,Waterloo,IL,Monroe,7,SB,IC,Electric Utility,1,1.7,1.5,1.5,DFO,NG,Y,DFO,NG,,,,,N,Y,1.5, ,1.5, ,,,,,,
20214,Waverly Municipal Elec Utility,6554,Waverly Municipal Electric North Plant,IA,Bremer,7,OP,IC,Electric Utility,1,3.5,3.5,3.5,NG,DFO,N,,,,,,,Y,Y,3.5, ,3.5, ,1H,,Y,Y,,
20214,Waverly Municipal Elec Utility,6554,Waverly Municipal Electric North Plant,IA,Bremer,8,OP,IC,Electric Utility,1,3.7,3.7,3.7,NG,DFO,N,,,,,,,Y,Y,3.7, ,3.7, ,1H,,Y,Y,,
20214,Waverly Municipal Elec Utility,6554,Waverly Municipal Electric North Plant,IA,Bremer,9,OP,IC,Electric Utility,1,3.7,3.7,3.7,NG,DFO,N,,,,,,,Y,Y,3.7, ,3.7, ,1H,,Y,Y,,
20315,City of Wellington - (KS),7339,Wellington 2,KS,SUMNER,6,OP,GT,Electric Utility,1,20.0,21,21,NG,DFO,N,,,,,,,Y,Y,18, ,18, ,1H,1H,N,,,
20380,City of West Liberty - (IA),1200,West Liberty,IA,Muscatine,3,SB,IC,Electric Utility,1,3.0,2.7,2.7,DFO,NG,Y,DFO,NG,,,,,N,Y,2.7, ,2.7, ,,,,,,
20397,City of West Point - (NE),2313,West Point Municipal,NE,Cuming,2,OP,IC,Electric Utility,1,0.9,0.9,0.9,NG,DFO,Y,NG,DFO,,,,,N,, , , , ,,,,,,
20397,City of West Point - (NE),2313,West Point Municipal,NE,Cuming,3,OP,IC,Electric Utility,1,1.2,1.2,1.2,NG,DFO,Y,NG,DFO,,,,,N,, , , , ,,,,,,
20397,City of West Point - (NE),2313,West Point Municipal,NE,Cuming,4,OP,IC,Electric Utility,1,2.3,2.3,2.3,NG,DFO,Y,NG,DFO,,,,,N,, , , , ,,,,,,
20397,City of West Point - (NE),2313,West Point Municipal,NE,Cuming,5,OS,IC,Electric Utility,1,4.1,4.1,4.1,NG,DFO,Y,NG,DFO,,,,,N,, , , , ,,,,,,
20421,Western Minnesota Mun Pwr Agny,56013,Exira,IA,Audubon,U1,OP,GT,Electric Utility,1,60.5,46.5,46.7,NG,DFO,Y,DFO,NG,,,,,Y,Y,46.48,46.67,46.48,46.67,1H,1H,Y,Y,,Y
20421,Western Minnesota Mun Pwr Agny,56013,Exira,IA,Audubon,U2,OP,GT,Electric Utility,1,60.5,46.5,46.7,NG,DFO,Y,DFO,NG,,,,,Y,Y,46.48,46.67,46.48,46.67,1H,1H,Y,Y,,Y
20421,Western Minnesota Mun Pwr Agny,56013,Exira,IA,Audubon,U3,OP,GT,Electric Utility,1,60.5,46.5,46.7,NG,DFO,Y,NG,DFO,,,,,Y,Y,46.48,46.67,46.48,46.67,1H,1H,Y,Y,,Y
20492,Weyerhaeuser Co,50184,Weyerhaeuser Columbus MS,MS,Lowndes,TG1,OP,ST,Industrial CHP,7,64.0,64,64,BLQ,WDS,Y,WDS,NG,DFO,BIT,,,N,, , , , ,,,,,,
20492,Weyerhaeuser Co,50184,Weyerhaeuser Columbus MS,MS,Lowndes,TG2,OP,ST,Industrial CHP,7,46.0,46,46,BLQ,WDS,Y,WDS,NG,DFO,BIT,,,N,, , , , ,,,,,,
20492,Weyerhaeuser Co,50184,Weyerhaeuser Columbus MS,MS,Lowndes,TG3,OP,ST,Industrial CHP,7,14.6,14.6,14.6,BLQ,WDS,Y,WDS,NG,DFO,BIT,,,N,, , , , ,,,,,,
20492,Weyerhaeuser Co,50184,Weyerhaeuser Columbus MS,MS,Lowndes,TG4,SB,ST,Industrial CHP,7,4.0,4,4,BLQ,WDS,Y,WDS,NG,DFO,BIT,,,N,, , , , ,,,,,,
20505,Weyerhaeuser NR  Port Wentworth,50804,Port Wentworth Mill,GA,Chatham,GEN4,OP,ST,Industrial CHP,7,47.3,17,20,BLQ,WDS,Y,BLQ,WDS,NG,DFO,OBG,SLW,N,, , , , ,,,,,,
20505,Weyerhaeuser NR  Port Wentworth,50804,Port Wentworth Mill,GA,Chatham,GEN5,OP,ST,Industrial CHP,7,25.0,22,22,BLQ,WDS,Y,BLQ,WDS,NG,DFO,OBG,SLW,N,, , , , ,,,,,,
20508,MeadWestvaco Corp,50900,Covington Facility,VA,Covington City,GEN3,OP,ST,Industrial CHP,7,10.5,10.5,10.5,BIT,NG,Y,BLQ,BIT,NG,WDS,RFO,DFO,Y,Y,10.5, ,10.5, ,UNK,UNK,Y,Y,Y,
20508,MeadWestvaco Corp,50900,Covington Facility,VA,Covington City,GEN4,OP,ST,Industrial CHP,7,34.0,32.5,32.5,BLQ,BIT,Y,BLQ,BIT,NG,WDS,RFO,DFO,Y,Y,17, ,32.5, ,UNK,UNK,Y,Y,Y,Y
20508,MeadWestvaco Corp,50900,Covington Facility,VA,Covington City,GEN5,OP,ST,Industrial CHP,7,34.0,32.5,32.5,BIT,WDS,Y,BLQ,BIT,NG,WDS,RFO,DFO,Y,Y,20, ,20, ,UNK,UNK,Y,Y,Y,Y
20508,MeadWestvaco Corp,50900,Covington Facility,VA,Covington City,GEN7,OP,ST,Industrial CHP,7,82.4,81,82.4,WDS,BLQ,Y,WDS,NG,,BLQ,RFO,,Y,Y,0, ,13, ,UNK,,Y,,,Y
20511,"Weyerhaeuser Co NR, New Bern CF",50188,Weyerhaeuser New Bern NC,NC,Craven,TG1,OP,ST,Industrial CHP,7,29.7,29.7,29.7,BLQ,NG,Y,BLQ,NG,RFO,,,,Y,Y,23, ,20,20,UNK,UNK,Y,Y,Y,
20541,Wheelabrator Environmental Systems,50881,Wheelabrator Shasta,CA,Shasta,GEN1,OP,ST,IPP Non-CHP,2,18.3,18.8,18.8,WDS,AB,Y,NG,WDS,AB,,,,,, , , , ,,,,,,
20541,Wheelabrator Environmental Systems,50881,Wheelabrator Shasta,CA,Shasta,GEN2,OP,ST,IPP Non-CHP,2,18.3,18.8,18.8,WDS,AB,Y,NG,WDS,AB,,,,,, , , , ,,,,,,
20541,Wheelabrator Environmental Systems,50881,Wheelabrator Shasta,CA,Shasta,GEN3,OP,ST,IPP Non-CHP,2,18.3,18.8,18.8,WDS,AB,Y,NG,WDS,AB,,,,,, , , , ,,,,,,
20541,Wheelabrator Environmental Systems,54529,Wheelabrator Ridge Energy,FL,Polk,0001,OP,ST,IPP Non-CHP,2,45.5,47.1,47.1,WDS,TDF,Y,WDS,TDF,LFG,,,,N,, , , , ,,,,,,
20547,Cosmo Specialty Fibers,50185,Cosmo Specialty Fibers Plant,WA,Grays Harbor,TG1,OP,ST,Industrial CHP,7,7.5,8.5,9,WDL,WDS,Y,WDL,WDS,RFO,WO,,,,, , , , ,,,,,,
20547,Cosmo Specialty Fibers,50185,Cosmo Specialty Fibers Plant,WA,Grays Harbor,TG2,OP,ST,Industrial CHP,7,7.5,8.5,9,WDL,WDS,Y,WDL,WDS,RFO,WO,,,,, , , , ,,,,,,
20548,Weyerhaeuser Co,50187,Weyerhaeuser Longview WA,WA,Cowlitz,TG1,OP,ST,Industrial CHP,7,5.0,4.7,4.7,BLQ,NG,Y,BLQ,RFO,NG,,,,Y,Y,4.65, ,4.65, ,72H,,Y,Y,,
20548,Weyerhaeuser Co,50187,Weyerhaeuser Longview WA,WA,Cowlitz,TG2,OP,ST,Industrial CHP,7,5.0,4.7,4.7,BLQ,NG,Y,BLQ,RFO,NG,,,,Y,Y,4.65, ,4.65, ,72H,,Y,Y,,
20548,Weyerhaeuser Co,50187,Weyerhaeuser Longview WA,WA,Cowlitz,TG4,OP,ST,Industrial CHP,7,18.0,18,18,BLQ,NG,Y,BLQ,RFO,NG,,,,Y,Y,18, ,18, ,72H,,Y,Y,,
20548,Weyerhaeuser Co,50187,Weyerhaeuser Longview WA,WA,Cowlitz,TG5,OP,ST,Industrial CHP,7,31.4,29.2,29.5,WDS,SUB,Y,WDS,SUB,,,,,,, , , , ,,,,Y,Y,
20604,City of Whittemore - (IA),1201,Whittemore,IA,Kossuth,4,OP,IC,Electric Utility,1,1.1,1.1,1.1,DFO,NG,,,,,,,,Y,, , , , ,1H,1H,,,,
20680,William Beaumont Hospital,50937,William Beaumont Hospital,MI,Oakland,GENA,SB,IC,Commercial Non-CHP,4,1.9,1.9,1.9,DFO,NG,Y,NG,DFO,,,,,Y,Y,1.9, ,1.9, ,1H,,Y,,Y,
20680,William Beaumont Hospital,50937,William Beaumont Hospital,MI,Oakland,GENB,SB,IC,Commercial Non-CHP,4,1.9,1.9,1.9,DFO,NG,Y,NG,DFO,,,,,Y,Y,1.9, ,1.9, ,1H,,Y,,Y,
20737,Willmar Municipal Utilities,2022,Willmar,MN,Kandiyohi,3,OP,ST,Electric Utility,1,18.0,15.9,15.9,SUB,NG,Y,SUB,NG,AB,,,,N,, , , , ,,,,,,
20835,City of Winterset - (IA),1203,Winterset,IA,Madison,2,OP,IC,Electric Utility,1,1.5,1.5,1.5,DFO,NG,,,,,,,,Y,Y,1.4,1.4,1.4,1.4,1H,1H,N,,,
20835,City of Winterset - (IA),1203,Winterset,IA,Madison,3,OP,IC,Electric Utility,1,1.7,1.7,1.7,DFO,NG,,,,,,,,Y,,1.7,1.7,1.7,1.7,1H,1H,N,,,
20835,City of Winterset - (IA),1203,Winterset,IA,Madison,4,OP,IC,Electric Utility,1,4.4,4.4,4.4,DFO,NG,,,,,,,,Y,,4.4,4.4,3.7,3.7,1H,1H,N,,,
20838,Win-Sam Inc,54606,University of Texas at San Antonio,TX,Bexar,GEN1,OP,IC,Commercial CHP,5,3.4,3.3,3.4,NG,DFO,Y,NG,DFO,,,,,N,, , , , ,,,,,,
20847,Wisconsin Electric Power Co,6253,Germantown,WI,Washington,5,OP,GT,Electric Utility,1,90.9,78,96,NG,DFO,N,,,,,,,Y,Y,78,96,78,96,1H,1H,Y,,Y,
20847,Wisconsin Electric Power Co,7159,Concord,WI,Jefferson,1,OP,GT,Electric Utility,1,95.4,88,100,NG,DFO,N,,,,,,,Y,Y,88,100,88,100,1H,1H,Y,,Y,
20847,Wisconsin Electric Power Co,7159,Concord,WI,Jefferson,2,OP,GT,Electric Utility,1,95.4,88,100,NG,DFO,N,,,,,,,Y,Y,88,100,88,100,1H,1H,Y,,Y,
20847,Wisconsin Electric Power Co,7159,Concord,WI,Jefferson,3,OP,GT,Electric Utility,1,95.4,88,100,NG,DFO,N,,,,,,,Y,Y,88,100,88,100,1H,1H,Y,,Y,
20847,Wisconsin Electric Power Co,7159,Concord,WI,Jefferson,4,OP,GT,Electric Utility,1,95.4,88,100,NG,DFO,N,,,,,,,Y,Y,88,100,88,100,1H,1H,Y,,Y,
20847,Wisconsin Electric Power Co,7270,Paris (WI),WI,Kenosha,1,OP,GT,Electric Utility,1,95.4,88,100,NG,DFO,N,,,,,,,Y,Y,88,100,88,100,1H,1H,Y,,Y,
20847,Wisconsin Electric Power Co,7270,Paris (WI),WI,Kenosha,2,OP,GT,Electric Utility,1,95.4,88,100,NG,DFO,N,,,,,,,Y,Y,88,100,88,100,1H,1H,Y,,Y,
20847,Wisconsin Electric Power Co,7270,Paris (WI),WI,Kenosha,3,OP,GT,Electric Utility,1,95.4,88,100,NG,DFO,N,,,,,,,Y,Y,88,100,88,100,1H,1H,Y,,Y,
20847,Wisconsin Electric Power Co,7270,Paris (WI),WI,Kenosha,4,OP,GT,Electric Utility,1,95.4,88,100,NG,DFO,N,,,,,,,Y,Y,88,100,88,100,1H,1H,Y,,Y,
20856,Wisconsin Power & Light Co,4050,Edgewater,WI,Sheboygan,3,SB,ST,Electric Utility,1,60.0,47.2,48.7,SUB,TDF,Y,TDF,,,,,,N,, , , , ,,,,,,
20856,Wisconsin Power & Light Co,4050,Edgewater,WI,Sheboygan,4,OP,ST,Electric Utility,1,330.0,297.1,297.4,SUB,TDF,Y,TDF,,,,,,N,, , , , ,,,,,,
20856,Wisconsin Power & Light Co,4057,Rock River,WI,Rock,3,OP,GT,Electric Utility,1,37.5,26.1,31.9,NG,DFO,N,,,,,,,Y,Y,31.18, ,31.18, ,6H,,Y,Y,Y,
20856,Wisconsin Power & Light Co,4057,Rock River,WI,Rock,5,OP,GT,Electric Utility,1,56.7,41.9,52.5,NG,DFO,N,,,,,,,Y,Y,51.23, ,51.23, ,6H,,Y,Y,Y,
20856,Wisconsin Power & Light Co,4057,Rock River,WI,Rock,6,OA,GT,Electric Utility,1,56.7,44.2,55,NG,DFO,N,,,,,,,Y,Y,53, ,53, ,6H,,Y,Y,Y,
20856,Wisconsin Power & Light Co,7203,South Fond Du Lac,WI,Fond Du Lac,CT1,OP,GT,Electric Utility,1,95.4,76.4,87.3,NG,DFO,N,,,,,,,Y,Y,85.89, ,85.89, ,6H,UNK,Y,Y,Y,
20856,Wisconsin Power & Light Co,7203,South Fond Du Lac,WI,Fond Du Lac,CT2,OP,GT,Electric Utility,1,95.4,74.4,85.1,NG,DFO,N,,,,,,,Y,Y,83.69, ,83.69, ,6H,UNK,Y,Y,Y,
20856,Wisconsin Power & Light Co,7203,South Fond Du Lac,WI,Fond Du Lac,CT3,OP,GT,Electric Utility,1,95.4,78.6,89.8,NG,DFO,N,,,,,,,Y,Y,88.39, ,88.39, ,6H,UNK,Y,Y,Y,
20856,Wisconsin Power & Light Co,7203,South Fond Du Lac,WI,Fond Du Lac,CT4,OP,GT,Electric Utility,1,95.4,78,89.1,NG,DFO,N,,,,,,,Y,Y,87.71, ,87.71, ,6H,UNK,Y,Y,Y,
20856,Wisconsin Power & Light Co,55135,Alliant Energy Neenah,WI,Winnebago,CT01,OP,GT,Electric Utility,1,185.5,150.4,171.3,NG,DFO,N,,,,,,,Y,Y,150.4, ,150.4, ,6H,,Y,Y,Y,
20856,Wisconsin Power & Light Co,55135,Alliant Energy Neenah,WI,Winnebago,CT02,OP,GT,Electric Utility,1,185.5,149.3,170,NG,DFO,N,,,,,,,Y,Y,149.3, ,149.3, ,6H,,Y,Y,Y,
20858,WPPI Energy,55836,Island Street Peaking Plant,WI,Outagamie,FT81,OP,GT,Electric Utility,1,60.5,55.8,60.1,NG,DFO,N,,,,,,,Y,Y,53,62,47,54,1H,1H,N,,,
20860,Wisconsin Public Service Corp,4072,Pulliam,WI,Brown,31,OP,GT,Electric Utility,1,91.0,87,109.3,NG,DFO,N,,,,,,,Y,Y,87,109.3,87,109.3,1H,1H,Y,,Y,
20860,Wisconsin Public Service Corp,4072,Pulliam,WI,Brown,5,OP,ST,Electric Utility,1,50.0,47.7,48.2,SUB,NG,Y,SUB,NG,,,,,,, , , , ,,,,,,
20860,Wisconsin Public Service Corp,4072,Pulliam,WI,Brown,6,OP,ST,Electric Utility,1,69.0,69.8,71,SUB,NG,Y,SUB,NG,,,,,,, , , , ,,,,,,
20860,Wisconsin Public Service Corp,4072,Pulliam,WI,Brown,7,OP,ST,Electric Utility,1,81.6,78.5,79.3,SUB,NG,Y,SUB,NG,,,,,,, , , , ,,,,,,
20860,Wisconsin Public Service Corp,4072,Pulliam,WI,Brown,8,OP,ST,Electric Utility,1,149.6,132,132.7,SUB,NG,Y,SUB,NG,,,,,,, , , , ,,,,,,
20860,Wisconsin Public Service Corp,4076,West Marinette,WI,Marinette,31,OP,GT,Electric Utility,1,41.8,39.2,46.5,NG,DFO,N,,,,,,,Y,Y,39.2,48.5,39.2,48.5,1H,1H,Y,Y,Y,
20860,Wisconsin Public Service Corp,4076,West Marinette,WI,Marinette,32,OP,GT,Electric Utility,1,41.8,39.2,46.5,NG,DFO,N,,,,,,,Y,Y,39.1,48.5,39.1,48.5,1H,1H,Y,Y,Y,
20860,Wisconsin Public Service Corp,4076,West Marinette,WI,Marinette,33,OP,GT,Electric Utility,1,83.5,78,98.1,NG,DFO,Y,DFO,NG,,,,,Y,Y,78.7,98.7,78.7,98.7,1H,1H,Y,Y,Y,
20860,Wisconsin Public Service Corp,4078,Weston,WI,Marathon,1,OP,ST,Electric Utility,1,60.0,50.7,51.3,SUB,NG,Y,SUB,NG,,,,,,, , , , ,,,,,,
20860,Wisconsin Public Service Corp,4078,Weston,WI,Marathon,2,OP,ST,Electric Utility,1,81.6,76.9,78.5,SUB,NG,Y,SUB,NG,,,,,,, , , , ,,,,,,
20860,Wisconsin Public Service Corp,4078,Weston,WI,Marathon,3,OP,ST,Electric Utility,1,350.5,325.7,327.8,SUB,NG,Y,SUB,NG,,,,,,, , , , ,,,,,,
20860,Wisconsin Public Service Corp,4078,Weston,WI,Marathon,32,OP,GT,Electric Utility,1,56.7,44,58.8,NG,DFO,N,,,,,,,Y,Y,44,58.8,44,58.78,1H,1H,Y,Y,Y,
20860,Wisconsin Public Service Corp,4078,Weston,WI,Marathon,4,OP,ST,Electric Utility,1,595.0,541.8,545.7,SUB,NG,Y,SUB,NG,,,,,N,N, , , , ,,,,,,
20860,Wisconsin Public Service Corp,55029,De Pere Energy Center,WI,Brown,CT01,OP,GT,Electric Utility,1,187.2,171.3,196.2,NG,DFO,Y,DFO,NG,,,,,Y,Y,171.3,196.2,171.3,196.2,1H,1H,Y,Y,Y,Y
20860,Wisconsin Public Service Corp,56031,Fox Energy Center,WI,Outagamie,CTG1,OP,CT,IPP Non-CHP,2,185.0,165.4,188.4,NG,DFO,N,,,,,,,Y,Y,165.4,188.4,165.4,188.4,1H,1H,Y,Y,Y,
20860,Wisconsin Public Service Corp,56031,Fox Energy Center,WI,Outagamie,CTG2,OP,CT,IPP Non-CHP,2,185.0,161.3,183.8,NG,DFO,N,,,,,,,Y,Y,161.3,183.8,161.3,183.8,1H,1H,Y,Y,Y,
20910,Wolverine Power Supply Coop,1881,Vestaburg,MI,Montcalm,8,OP,GT,Electric Utility,1,23.7,18.5,25.5,NG,DFO,Y,NG,DFO,,,,,Y,Y,18, ,18, ,1H,1H,N,,,
21048,Wyandotte Municipal Serv Comm,1866,Wyandotte,MI,Wayne,4,OP,ST,Electric Utility,1,11.5,10.5,11.5,BIT,SUB,Y,NG,BIT,TDF,,,,N,, , , , ,,,,,,
21048,Wyandotte Municipal Serv Comm,1866,Wyandotte,MI,Wayne,5,OP,ST,Electric Utility,1,22.0,22,24,NG,SUB,Y,NG,TDF,BIT,,,,N,, , , , ,,,,,,
21048,Wyandotte Municipal Serv Comm,1866,Wyandotte,MI,Wayne,6,OP,ST,Electric Utility,1,7.5,7.5,7.5,NG,SUB,Y,NG,TDF,BIT,,,,N,, , , , ,,,,,,
21048,Wyandotte Municipal Serv Comm,1866,Wyandotte,MI,Wayne,7,OP,ST,Electric Utility,1,32.0,32,35,BIT,SUB,Y,BIT,NG,TDF,,,,N,, , , , ,,,,,,
21095,Public Serv Comm of Yazoo City,2067,Yazoo,MS,Yazoo,GT1,OP,CT,Electric Utility,1,16.5,14.7,16.7,NG,DFO,N,,,,,,,Y,Y,14.7,16.7,14.7,16.7,1H,1H,N,,,
21158,City of Zeeland - (MI),1867,Zeeland,MI,Ottawa,1,OP,IC,Electric Utility,1,1.4,1.5,1.5,NG,DFO,N,,,,,,,Y,Y,1.4,1.4,1.4,1.4,1H,1H,N,,,
21158,City of Zeeland - (MI),1867,Zeeland,MI,Ottawa,10,OP,IC,Electric Utility,1,5.6,6.2,6.2,NG,DFO,N,,,,,,,Y,Y,5.6,5.6,5.6,5.6,1H,1H,N,,,
21158,City of Zeeland - (MI),1867,Zeeland,MI,Ottawa,11,OP,IC,Electric Utility,1,6.0,6.6,6.6,NG,DFO,N,,,,,,,Y,Y,6,6,6,6,1H,1H,N,,,
21158,City of Zeeland - (MI),1867,Zeeland,MI,Ottawa,2,OP,IC,Electric Utility,1,1.1,1.2,1.2,NG,DFO,N,,,,,,,Y,Y,1.1,1.1,1.1,1.1,1H,1H,N,,,
21158,City of Zeeland - (MI),1867,Zeeland,MI,Ottawa,7,OA,IC,Electric Utility,1,2.0,2,2,NG,DFO,N,,,,,,,Y,Y,2,2,2,2,1H,1H,N,,,
21158,City of Zeeland - (MI),1867,Zeeland,MI,Ottawa,8,OP,IC,Electric Utility,1,1.7,1.5,1.5,NG,DFO,N,,,,,,,Y,Y,1.7,1.7,1.7,1.7,1H,1H,N,,,
21158,City of Zeeland - (MI),1867,Zeeland,MI,Ottawa,9,OP,IC,Electric Utility,1,4.5,5,5,NG,DFO,N,,,,,,,Y,Y,4.5,1.7,4.5,1.7,1H,1H,N,,,
21191,Zion Energy LLC,55392,Zion Energy Center,IL,Lake,CTG1,OP,GT,IPP Non-CHP,2,198.9,152,181,NG,DFO,N,,,,,,,Y,Y,152, ,160, ,1H,1H,N,,,
21191,Zion Energy LLC,55392,Zion Energy Center,IL,Lake,CTG2,OP,GT,IPP Non-CHP,2,198.9,152,181,NG,DFO,N,,,,,,,Y,Y,152, ,160, ,1H,1H,N,,,
21191,Zion Energy LLC,55392,Zion Energy Center,IL,Lake,CTG3,OP,GT,IPP Non-CHP,2,198.9,152,181,NG,DFO,N,,,,,,,Y,Y,152, ,160, ,1H,1H,N,,,
21223,University of Northern Iowa,50088,University of Northern Iowa,IA,Black Hawk,GEN1,OP,ST,Commercial CHP,5,7.5,7.5,7.5,BIT,PC,Y,BIT,PC,,,,,N,, , , , ,,,,,,
21461,NRG Canal LLC,1599,Canal,MA,Barnstable,2,OP,ST,IPP Non-CHP,2,580.0,553,562,RFO,NG,Y,RFO,NG,,,,,Y,N,340,340,553,562,1H,1H,Y,,,Y
21463,NRG Kendall LLC,1595,Kendall Square Station,MA,Middlesex,GEN4,OP,CT,IPP CHP,3,186.2,146,163,NG,DFO,N,,,,,,,Y,Y,155, ,155, ,6H,6H,Y,Y,Y,
21508,Cornell University,50368,Cornell University Central Heat,NY,Tompkins,CT1,OP,CT,Commercial CHP,5,15.0,12.3,14.5,NG,DFO,N,NG,DFO,,,,,Y,Y,12.3,14.5,12.3,14.5,1H,1H,Y,,Y,
21508,Cornell University,50368,Cornell University Central Heat,NY,Tompkins,CT2,OP,CT,Commercial CHP,5,15.0,12.3,14.5,NG,DFO,N,NG,DFO,,,,,Y,Y,12.3,14.5,12.3,14.5,1H,1H,Y,,Y,
21533,City of Minneapolis - (KS),1307,Minneapolis City of,KS,OTTAWA,3,OP,IC,Electric Utility,1,1.3,1.2,1.2,NG,DFO,N,,,,,,,Y,Y,1.1,1.1,1.1,1.1,1H,,N,,,
21533,City of Minneapolis - (KS),1307,Minneapolis City of,KS,OTTAWA,4,OP,IC,Electric Utility,1,0.7,0.5,0.5,NG,DFO,N,,,,,,,Y,Y,0.6,0.6,0.6,0.6,1H,,N,,,
21533,City of Minneapolis - (KS),1307,Minneapolis City of,KS,OTTAWA,5,OP,IC,Electric Utility,1,2.1,1.8,1.8,NG,DFO,N,,,,,,,Y,Y,1.8,1.8,2,2,1H,,N,,,
21533,City of Minneapolis - (KS),1307,Minneapolis City of,KS,OTTAWA,6,OP,IC,Electric Utility,1,3.0,2.7,2.7,NG,DFO,N,,,,,,,Y,Y,2.9,2.9,2.9,2.9,1H,,N,,,
21554,Seminole Electric Cooperative Inc,7380,Midulla Generating Station,FL,Hardee,CT1,OP,CT,Electric Utility,1,199.0,151,180,NG,DFO,N,,,,,,,Y,Y,151,170,148,170,6H,6H,Y,,Y,
21554,Seminole Electric Cooperative Inc,7380,Midulla Generating Station,FL,Hardee,CT2,OP,CT,Electric Utility,1,199.0,151,180,NG,DFO,N,,,,,,,Y,Y,151,170,148,170,6H,6H,Y,,Y,
21554,Seminole Electric Cooperative Inc,7380,Midulla Generating Station,FL,Hardee,GT4,OP,GT,Electric Utility,1,62.0,54,62,NG,DFO,N,,,,,,,Y,Y,54,59,52,49,6H,6H,Y,,Y,
21554,Seminole Electric Cooperative Inc,7380,Midulla Generating Station,FL,Hardee,GT5,OP,GT,Electric Utility,1,62.0,54,62,NG,DFO,N,,,,,,,Y,Y,54,59,52,49,6H,6H,Y,,Y,
21554,Seminole Electric Cooperative Inc,7380,Midulla Generating Station,FL,Hardee,GT6,OP,GT,Electric Utility,1,62.0,54,62,NG,DFO,N,,,,,,,Y,Y,54,59,52,49,6H,6H,Y,,Y,
21554,Seminole Electric Cooperative Inc,7380,Midulla Generating Station,FL,Hardee,GT7,OP,GT,Electric Utility,1,62.0,54,62,NG,DFO,N,,,,,,,Y,Y,54,59,52,49,6H,6H,Y,,Y,
21554,Seminole Electric Cooperative Inc,7380,Midulla Generating Station,FL,Hardee,GT8,OP,GT,Electric Utility,1,62.0,54,62,NG,DFO,N,,,,,,,Y,Y,54,59,52,49,6H,6H,Y,,Y,
21554,Seminole Electric Cooperative Inc,7380,Midulla Generating Station,FL,Hardee,ST3,OP,CA,Electric Utility,1,189.0,179,179,NG,DFO,N,,,,,,,Y,N,168,179,162,179,6H,,Y,Y,,
21621,United Technologies,54605,Pratt & Whitney,CT,Hartford,FT-8,OP,GT,Industrial CHP,7,25.8,28,31,NG,JF,N,,,,,,,Y,Y,28,31,27,27,1H,1H,N,,,
21622,The University of Texas at Dallas,54607,University of Texas at Dallas,TX,Collin,GEN1,SB,IC,Commercial CHP,5,3.5,3.5,3.5,NG,DFO,Y,NG,DFO,,,,,N,N, , , , ,UNK,,,,,
21964,University of New Mexico,50906,Ford Utilities Center,NM,BERNALILLO,4,OP,ST,Commercial CHP,5,1.1,0.7,0.7,NG,,N,,,,,,,Y,,0.5,0.7,0.5,0.7,1H,1H,Y,Y,Y,
21970,Northeast Energy Associates LP,10307,Bellingham Cogeneration Facility,MA,Norfolk,CT1,OP,CT,IPP CHP,3,128.7,102,126,NG,DFO,N,,,,,,,Y,Y,97, ,78, ,1H,1H,N,,,
21970,Northeast Energy Associates LP,10307,Bellingham Cogeneration Facility,MA,Norfolk,CT2,OP,CT,IPP CHP,3,128.7,102,126,NG,DFO,N,,,,,,,Y,Y,97, ,78, ,1H,1H,N,,,
22001,Sunbury Generation LP,3152,Sunbury Generation LP,PA,Snyder,1,OP,ST,IPP Non-CHP,2,89.1,80,80,BIT,WC,Y,BIT,WC,PC,,,,N,, , , , ,,,,,,
22001,Sunbury Generation LP,3152,Sunbury Generation LP,PA,Snyder,2,OP,ST,IPP Non-CHP,2,89.1,80,80,BIT,WC,Y,BIT,WC,PC,,,,N,, , , , ,,,,,,
22208,University of Colorado,54372,University of Colorado,CO,Boulder,GT1,OP,CT,Commercial CHP,5,16.0,15,16,NG,DFO,N,,,,,,,Y,N,15, ,15, ,1H,,Y,,Y,
22208,University of Colorado,54372,University of Colorado,CO,Boulder,GT2,OP,CT,Commercial CHP,5,16.0,15,16,NG,DFO,N,,,,,,,Y,N,15, ,15, ,1H,,Y,,Y,
22214,Sweeny Cogeneration LP,55015,Sweeny Cogen Facility,TX,Brazoria,GEN1,OP,GT,IPP CHP,3,143.0,109,126,NG,OG,Y,NG,OG,,,,,N,, , , , ,,,,,,
22214,Sweeny Cogeneration LP,55015,Sweeny Cogen Facility,TX,Brazoria,GEN2,OP,GT,IPP CHP,3,143.0,109,126,NG,OG,Y,NG,OG,,,,,N,, , , , ,,,,,,
22214,Sweeny Cogeneration LP,55015,Sweeny Cogen Facility,TX,Brazoria,GEN3,OP,GT,IPP CHP,3,143.0,109,126,NG,OG,Y,NG,OG,,,,,N,, , , , ,,,,,,
22214,Sweeny Cogeneration LP,55015,Sweeny Cogen Facility,TX,Brazoria,GEN4,OP,GT,IPP CHP,3,143.0,109,126,NG,OG,Y,NG,OG,,,,,N,, , , , ,,,,,,
22331,Salem Energy Systems LLC,54984,Salem Energy Systems LLC,NC,Forsyth,UNT1,OP,GT,IPP Non-CHP,2,4.5,3.3,3.6,LFG,,Y,LFG,DFO,,,,,N,, , , , ,,,,,,
22350,Devon Power LLC,544,Devon Station,CT,New Haven,11,OP,GT,IPP Non-CHP,2,51.0,29.3,38.8,KER,NG,N,,,,,,,Y,Y,29.3, ,29.3, ,1H,1H,N,,,
22350,Devon Power LLC,544,Devon Station,CT,New Haven,12,OP,GT,IPP Non-CHP,2,51.0,29.2,38.4,KER,NG,N,,,,,,,Y,Y,29.2, ,29.2, ,1H,1H,N,,,
22350,Devon Power LLC,544,Devon Station,CT,New Haven,13,OP,GT,IPP Non-CHP,2,51.0,29.9,38.9,KER,NG,N,,,,,,,Y,Y,29.9, ,29.9, ,1H,1H,N,,,
22350,Devon Power LLC,544,Devon Station,CT,New Haven,14,OP,GT,IPP Non-CHP,2,51.0,29.7,40.3,KER,NG,N,,,,,,,Y,Y,29.7, ,29.7, ,1H,1H,N,,,
22380,NRG Montville Operations Inc,546,Montville Station,CT,New London,5,OP,ST,IPP Non-CHP,2,75.0,81,83,RFO,NG,Y,RFO,NG,,,,,Y,Y,81,81,81,81,6H,6H,Y,Y,,
22500,Westar Energy Inc,1248,Hutchinson Energy Center,KS,Reno,GT1,OP,GT,Electric Utility,1,71.0,54,54,NG,DFO,N,,,,,,,Y,Y,56, ,46, ,6H,,N,,,
22500,Westar Energy Inc,1248,Hutchinson Energy Center,KS,Reno,GT2,OP,GT,Electric Utility,1,71.0,52,52,NG,DFO,N,,,,,,,Y,Y,56, ,46, ,6H,,N,,,
22500,Westar Energy Inc,1248,Hutchinson Energy Center,KS,Reno,GT3,OP,GT,Electric Utility,1,71.0,55,55,NG,DFO,N,,,,,,,Y,Y,56, ,46, ,6H,,N,,,
22500,Westar Energy Inc,1250,Lawrence Energy Center,KS,Douglas,3,OP,ST,Electric Utility,1,49.0,51,51,SUB,NG,Y,SUB,NG,,,,,N,, , , , ,,,,,,
22500,Westar Energy Inc,1250,Lawrence Energy Center,KS,Douglas,4,OP,ST,Electric Utility,1,114.0,109,109,SUB,NG,Y,SUB,NG,,,,,N,, , , , ,,,,,,
22500,Westar Energy Inc,1250,Lawrence Energy Center,KS,Douglas,5,OP,ST,Electric Utility,1,403.0,374,374,SUB,NG,Y,SUB,NG,,,,,N,, , , , ,,,,,,
22500,Westar Energy Inc,1252,Tecumseh Energy Center,KS,Shawnee,7,OP,ST,Electric Utility,1,82.0,70,70,SUB,NG,Y,SUB,NG,,,,,N,, , , , ,,,,,,
22500,Westar Energy Inc,1252,Tecumseh Energy Center,KS,Shawnee,8,OP,ST,Electric Utility,1,150.0,127,127,SUB,NG,Y,SUB,NG,,,,,N,, , , , ,,,,,,
22979,Astoria Energy LLC,55375,Astoria Energy,NY,Queens,CT1,OP,CT,IPP Non-CHP,2,170.0,156,170,NG,DFO,N,,,,,,,Y,Y,156,170,156,170,1H,1H,Y,Y,Y,
22979,Astoria Energy LLC,55375,Astoria Energy,NY,Queens,CT2,OP,CT,IPP Non-CHP,2,170.0,156,170,NG,DFO,N,,,,,,,Y,Y,156,170,156,170,1H,1H,Y,Y,Y,
22979,Astoria Energy LLC,55375,Astoria Energy,NY,Queens,ST1,OP,CA,IPP Non-CHP,2,180.0,228,266,NG,DFO,N,,,,,,,Y,Y,228,266,228,266,1H,1H,Y,Y,Y,
23013,"EIF Northampton GP, LLC",50888,Northampton Generating Company LP,PA,Northampton,GEN1,OP,ST,IPP CHP,3,114.1,112,112,WC,TDF,Y,WC,PC,WDS,TDF,WO,,N,, , , , ,,,,,,
23931,Resolute Forest Products,50956,Bowater Newsprint Calhoun Operation,TN,McMinn,GEN1,OP,ST,Industrial CHP,7,19.0,19,19,BLQ,WDS,Y,BLQ,WDS,SLW,TDF,BIT,,N,, , , , ,,,,,,
23931,Resolute Forest Products,50956,Bowater Newsprint Calhoun Operation,TN,McMinn,GEN2,OP,ST,Industrial CHP,7,19.2,20,20,BLQ,WDS,Y,BLQ,WDS,SLW,TDF,BIT,,N,, , , , ,,,,,,
23931,Resolute Forest Products,50956,Bowater Newsprint Calhoun Operation,TN,McMinn,GEN3,OP,ST,Industrial CHP,7,25.0,27,27,BLQ,WDS,Y,BLQ,WDS,SLW,TDF,BIT,,N,, , , , ,,,,,,
23955,University of Massachusetts Medical,50087,Univ of Massachusetts Medical Center,MA,Worcester,GEN1,OP,ST,Commercial CHP,5,2.5,1.5,1.5,NG,RFO,N,,,,,,,Y,N,1.5, ,1.5, ,1H,,Y,,Y,
23955,University of Massachusetts Medical,50087,Univ of Massachusetts Medical Center,MA,Worcester,GEN2,OP,ST,Commercial CHP,5,2.5,1.5,1.5,NG,RFO,N,,,,,,,Y,N,1.5, ,1.5, ,1H,,Y,,Y,
23955,University of Massachusetts Medical,50087,Univ of Massachusetts Medical Center,MA,Worcester,GEN3,OP,ST,Commercial CHP,5,5.0,3,3,NG,RFO,N,,,,,,,Y,N,3, ,3, ,1H,,Y,,Y,
23955,University of Massachusetts Medical,50087,Univ of Massachusetts Medical Center,MA,Worcester,GEN4,OP,GT,Commercial CHP,5,7.5,6,7.5,NG,DFO,N,,,,,,,Y,Y,6, ,6, ,1H,,N,,,
24008,University of Oregon,54950,Univ of Oregon Central Power Station,OR,Lane,CTG1,OP,CT,Commercial CHP,5,7.5,7.5,7.5,NG,DFO,N,,,,,,,Y,Y,7.5,8,6.9,7,1H,1H,Y,,Y,
24121,Calpine -RockGen Energy,55391,RockGen Energy Center,WI,Dane,01,OP,GT,IPP Non-CHP,2,187.0,157,157,NG,DFO,N,,,,,,,Y,Y,157, ,0, ,1H,1H,Y,Y,Y,
24121,Calpine -RockGen Energy,55391,RockGen Energy Center,WI,Dane,02,OP,GT,IPP Non-CHP,2,187.0,157,157,NG,DFO,N,,,,,,,Y,Y,157, ,0, ,1H,1H,Y,Y,Y,
24121,Calpine -RockGen Energy,55391,RockGen Energy Center,WI,Dane,03,OP,GT,IPP Non-CHP,2,187.0,157,157,NG,DFO,N,,,,,,,Y,Y,157, ,0, ,1H,1H,Y,Y,Y,
24202,Carr Street Generating Sta LP,50978,Carr Street Generating Station,NY,Onondaga,GEN1,OP,CT,IPP Non-CHP,2,48.8,33,40,NG,DFO,N,,,,,,,Y,Y,33,40,33,40,1H,1H,Y,,Y,
24202,Carr Street Generating Sta LP,50978,Carr Street Generating Station,NY,Onondaga,GEN2,OP,CT,IPP Non-CHP,2,48.8,33,40,NG,DFO,N,,,,,,,Y,Y,33,40,33,40,1H,1H,Y,,Y,
24202,Carr Street Generating Sta LP,50978,Carr Street Generating Station,NY,Onondaga,GEN3,OP,CA,IPP Non-CHP,2,25.0,22.5,25,NG,DFO,N,,,,,,,Y,Y,22.5,25,22.5,25,1H,1H,Y,,Y,
24210,Riverbay Corp,52168,Riverbay,NY,Bronx,GEN2,OP,ST,Commercial CHP,5,16.0,13.8,15,NG,DFO,N,,,,,,,Y,N,13.8,15,13.8,13.8,6H,6H,Y,Y,Y,
24210,Riverbay Corp,52168,Riverbay,NY,Bronx,GEN3,OP,GT,Commercial CHP,5,12.9,11.1,12.1,NG,DFO,N,,,,,,,Y,Y,11.1,12.1,9.8, ,6H,6H,Y,Y,Y,
24210,Riverbay Corp,52168,Riverbay,NY,Bronx,GEN4,OP,GT,Commercial CHP,5,12.9,11.1,12.1,NG,DFO,N,,,,,,,Y,Y,11.1,12.1,9.8, ,6H,6H,Y,Y,Y,
24211,Tucson Electric Power Co,126,H Wilson Sundt Generating Station,AZ,Pima,4,OP,ST,Electric Utility,1,173.3,156,156,SUB,NG,Y,SUB,LFG,NG,,,,N,N, , , , ,,,,,,
24211,Tucson Electric Power Co,126,H Wilson Sundt Generating Station,AZ,Pima,GT1,OP,GT,Electric Utility,1,27.0,24,26.8,NG,DFO,Y,NG,DFO,,,,,Y,Y,24, ,24, ,1H,1H,N,,,
24211,Tucson Electric Power Co,126,H Wilson Sundt Generating Station,AZ,Pima,GT2,OP,GT,Electric Utility,1,27.0,24,26.8,NG,DFO,Y,NG,DFO,,,,,Y,Y,24, ,24, ,1H,1H,N,,,
24211,Tucson Electric Power Co,126,H Wilson Sundt Generating Station,AZ,Pima,ST1,OP,ST,Electric Utility,1,108.8,81,81,NG,RFO,N,,,,,,,Y,Y,81, ,81, ,1H,1H,N,,,
24211,Tucson Electric Power Co,126,H Wilson Sundt Generating Station,AZ,Pima,ST2,OP,ST,Electric Utility,1,108.8,81,81,NG,RFO,N,,,,,,,Y,Y,81, ,81, ,1H,1H,N,,,
24211,Tucson Electric Power Co,126,H Wilson Sundt Generating Station,AZ,Pima,ST3,OP,ST,Electric Utility,1,113.6,104,104,NG,RFO,N,,,,,,,Y,Y,105, ,105, ,1H,1H,N,,,
24211,Tucson Electric Power Co,6088,North Loop,AZ,PIMA,1,OP,GT,Electric Utility,1,27.0,25,26.8,NG,DFO,Y,NG,DFO,,,,,Y,Y,25, ,25, ,1H,1H,N,,,
24211,Tucson Electric Power Co,6088,North Loop,AZ,PIMA,2,OP,GT,Electric Utility,1,27.0,25,26.8,NG,DFO,Y,NG,DFO,,,,,Y,Y,25, ,25, ,1H,1H,N,,,
24211,Tucson Electric Power Co,6088,North Loop,AZ,PIMA,3,OP,GT,Electric Utility,1,27.0,25,26.8,NG,DFO,Y,NG,DFO,,,,,Y,Y,23, ,23, ,1H,1H,N,,,
26253,Louisiana Energy & Power Authority,1453,New Roads,LA,Pointe Coupee,1,OP,IC,Electric Utility,1,2.3,1.8,1.8,NG,DFO,Y,NG,DFO,,,,,Y,Y,1.8,1.8,1.8,1.8,1H,1H,Y,,,Y
26253,Louisiana Energy & Power Authority,1453,New Roads,LA,Pointe Coupee,2,OP,IC,Electric Utility,1,0.6,0.6,0.6,NG,DFO,Y,NG,DFO,,,,,Y,Y,0.6,0.6,0.6,0.6,1H,1H,Y,,,Y
26253,Louisiana Energy & Power Authority,1453,New Roads,LA,Pointe Coupee,3,OP,IC,Electric Utility,1,1.1,0.7,0.7,NG,DFO,Y,NG,DFO,,,,,Y,Y,0.7,0.7,0.7,0.7,1H,1H,Y,,,Y
26253,Louisiana Energy & Power Authority,1453,New Roads,LA,Pointe Coupee,4,OP,IC,Electric Utility,1,1.7,1.2,1.2,NG,DFO,Y,NG,DFO,,,,,Y,Y,1.2,1.2,1.2,1.2,1H,1H,Y,,,Y
26253,Louisiana Energy & Power Authority,1453,New Roads,LA,Pointe Coupee,5,OP,IC,Electric Utility,1,1.7,1.2,1.2,NG,DFO,Y,NG,DFO,,,,,Y,Y,1.2,1.2,1.2,1.2,1H,1H,Y,,,Y
26253,Louisiana Energy & Power Authority,1453,New Roads,LA,Pointe Coupee,6,OP,IC,Electric Utility,1,2.0,1.5,1.5,NG,DFO,Y,NG,DFO,,,,,Y,Y,1.5,1.5,1.5,1.5,1H,1H,Y,,,Y
26469,Ingleside Cogeneration LP,55313,Ingleside Cogeneration,TX,San Patricio,CTG1,OP,CT,Industrial CHP,7,170.1,155,179,NG,OTH,Y,OTH,NG,,,,,,, , , , ,,,,,,
26469,Ingleside Cogeneration LP,55313,Ingleside Cogeneration,TX,San Patricio,CTG2,OP,CT,Industrial CHP,7,170.1,155,179,NG,OTH,Y,OTH,NG,,,,,,, , , , ,,,,,,
26642,PE Bay Shore LLC,54541,Entenmanns Energy Center,NY,Suffolk,1,OP,IC,IPP CHP,3,1.3,1.3,1.3,NG,DFO,Y,NG,DFO,,,,,Y,N,1.3,1.3,1.3,1.3,6H,6H,N,,,
26642,PE Bay Shore LLC,54541,Entenmanns Energy Center,NY,Suffolk,2,OP,IC,IPP CHP,3,1.3,1.3,1.3,NG,DFO,Y,NG,DFO,,,,,Y,N,1.3,1.3,1.3,1.3,6H,6H,N,,,
26642,PE Bay Shore LLC,54541,Entenmanns Energy Center,NY,Suffolk,3,OP,IC,IPP CHP,3,1.3,1.3,1.3,NG,DFO,Y,NG,DFO,,,,,Y,N,1.3,1.3,1.3,1.3,6H,6H,N,,,
26840,Port Townsend Paper Co,50544,Port Townsend Paper,WA,Jefferson,GEN4,SB,ST,Industrial CHP,7,3.0,3,3,BLQ,WO,Y,BLQ,WO,WDS,,,,N,, , , , ,,,,,,
26840,Port Townsend Paper Co,50544,Port Townsend Paper,WA,Jefferson,GEN6,OP,ST,Industrial CHP,7,7.5,7.5,7.5,BLQ,WO,Y,BLQ,WO,WDS,,,,N,, , , , ,,,,,,
27131,Imperial Savannah LP,50146,Imperial Savannah LP,GA,Chatham,GENA,OP,ST,Industrial CHP,7,2.7,2.7,2.7,BIT,NG,Y,BIT,NG,,,,,N,, , , , ,,,,,,
27131,Imperial Savannah LP,50146,Imperial Savannah LP,GA,Chatham,GENB,OP,ST,Industrial CHP,7,3.0,3,3,BIT,NG,Y,BIT,NG,,,,,N,, , , , ,,,,,,
27131,Imperial Savannah LP,50146,Imperial Savannah LP,GA,Chatham,GENC,OP,ST,Industrial CHP,7,1.0,1,1,BIT,NG,Y,BIT,NG,,,,,N,, , , , ,,,,,,
27131,Imperial Savannah LP,50146,Imperial Savannah LP,GA,Chatham,GEND,OA,ST,Industrial CHP,7,5.0,4.5,4.5,BIT,NG,Y,BIT,NG,,,,,N,, , , , ,,,,,,
27378,Tenet Hospital Ltd,50241,Providence Memorial Hospital,TX,El Paso,9541,SB,IC,Commercial CHP,5,2.1,2.1,2.1,NG,DFO,N,,,,,,,Y,N,1.75,1.75,2.1,2.1,1H,6H,N,,,
27378,Tenet Hospital Ltd,50241,Providence Memorial Hospital,TX,El Paso,9542,SB,IC,Commercial CHP,5,2.1,2.1,2.1,NG,DFO,N,,,,,,,Y,N,1.75,1.75,2.1,2.1,1H,6H,N,,,
28764,Pine Bluff Energy LLC,55075,Pine Bluff Energy Center,AR,Jefferson,CT01,OP,CT,IPP CHP,3,180.0,145,180,NG,DFO,N,,,,,,,Y,N, , , , ,UNK,,Y,Y,Y,
29295,City of Wells - (MN),2020,Wells IC,MN,Faribault,1,OP,IC,Electric Utility,1,1.3,1.3,1.3,DFO,NG,N,,,,,,,Y,Y,1.3, ,1.3, ,1H,1H,N,,,
29295,City of Wells - (MN),2020,Wells IC,MN,Faribault,2,OP,IC,Electric Utility,1,1.3,1.3,1.3,DFO,NG,N,,,,,,,Y,Y,1.3, ,1.3, ,1H,1H,N,,,
29295,City of Wells - (MN),2020,Wells IC,MN,Faribault,3,OP,IC,Electric Utility,1,1.1,1.1,1.1,DFO,NG,N,,,,,,,Y,Y,1.1, ,1.1, ,1H,1H,N,,,
29295,City of Wells - (MN),2020,Wells IC,MN,Faribault,4,OP,IC,Electric Utility,1,2.3,2.1,2.1,DFO,NG,N,,,,,,,Y,Y,2.1, ,2.1, ,1H,1H,N,,,
29295,City of Wells - (MN),2020,Wells IC,MN,Faribault,5,OP,IC,Electric Utility,1,2.3,2.3,2.3,DFO,NG,N,,,,,,,Y,Y,2.3, ,2.3, ,1H,1H,N,,,
29305,City of Madelia - (MN),30,Madelia,MN,WATONWAN,1,OP,IC,Electric Utility,1,3.1,3.1,3.1,NG,DFO,Y,DFO,NG,,,,,Y,Y,3.1,3.1,3.1,3.1,1H,1H,Y,Y,,
29305,City of Madelia - (MN),30,Madelia,MN,WATONWAN,2,OP,IC,Electric Utility,1,2.0,1.5,2,NG,DFO,Y,NG,DFO,,,,,Y,Y,1.8,1.8,2,2,1H,1H,Y,Y,,
29305,City of Madelia - (MN),30,Madelia,MN,WATONWAN,3,OP,IC,Electric Utility,1,1.1,0.9,1,NG,DFO,Y,NG,DFO,,,,,Y,Y,0.9,0.9,0.9,0.9,1H,1H,Y,Y,,
29305,City of Madelia - (MN),30,Madelia,MN,WATONWAN,4,OP,IC,Electric Utility,1,4.3,3.7,4,NG,DFO,Y,NG,DFO,,,,,Y,Y,3.75,3.75,4.3,4.3,1H,1H,Y,Y,,
29305,City of Madelia - (MN),30,Madelia,MN,WATONWAN,5,OP,IC,Electric Utility,1,1.3,1.1,1.2,NG,DFO,Y,NG,DFO,,,,,Y,Y,1.1,1.1,1.2,1.2,1H,1H,Y,,Y,
29767,Illinois Institute-Technology,52021,ITT Cogen Facility,IL,COOK,GEN1,SB,GT,Commercial CHP,5,3.7,3.5,3.7,NG,DFO,N,,,,,,,Y,Y,3.5,3.7,3,3.5,1H,1H,Y,,Y,
29767,Illinois Institute-Technology,52021,ITT Cogen Facility,IL,COOK,GEN2,SB,GT,Commercial CHP,5,3.7,3.5,3.7,NG,DFO,N,,,,,,,Y,Y,3.5,3.7,3,3.5,1H,1H,Y,,Y,
30067,Rolls Royce Corp,54286,Rolls Royce,IN,Marion,N8OT,OP,GT,Industrial CHP,7,5.0,4,4.5,LFG,NG,Y,LFG,NG,,,,,N,, , , , ,,,,,,
30151,"Tri-State G & T Assn, Inc",7975,Pyramid,NM,Hidalgo,1,OP,GT,Electric Utility,1,46.5,39.5,45.6,NG,DFO,N,,,,,,,Y,Y,39.5,45.6,40,45.6,6H,6H,Y,Y,Y,
30151,"Tri-State G & T Assn, Inc",7975,Pyramid,NM,Hidalgo,2,OP,GT,Electric Utility,1,46.5,39.5,45.6,NG,DFO,N,,,,,,,Y,Y,39.5,45.6,40,45.6,6H,6H,Y,Y,Y,
30151,"Tri-State G & T Assn, Inc",7975,Pyramid,NM,Hidalgo,3,OP,GT,Electric Utility,1,46.5,39.5,45.6,NG,DFO,N,,,,,,,Y,Y,39.5,45.6,40,45.6,6H,6H,Y,Y,Y,
30151,"Tri-State G & T Assn, Inc",7975,Pyramid,NM,Hidalgo,4,OP,GT,Electric Utility,1,46.5,39.5,45.6,NG,DFO,N,,,,,,,Y,Y,39.5,45.6,40,45.6,6H,6H,Y,Y,Y,
30151,"Tri-State G & T Assn, Inc",55504,Limon Generating Station,CO,Lincoln,L1,OP,GT,Electric Utility,1,77.1,67,75,NG,DFO,N,,,,,,,Y,Y,67,75,67,75,6H,6H,Y,Y,Y,
30151,"Tri-State G & T Assn, Inc",55504,Limon Generating Station,CO,Lincoln,L2,OP,GT,Electric Utility,1,77.1,67,75,NG,DFO,N,,,,,,,Y,Y,67,75,67,75,6H,6H,Y,Y,Y,
30151,"Tri-State G & T Assn, Inc",55505,Frank Knutson,CO,Adams,BR1,OP,GT,Electric Utility,1,77.1,67,75,NG,DFO,N,,,,,,,Y,Y,67,75,67,75,6H,6H,Y,Y,Y,
30151,"Tri-State G & T Assn, Inc",55505,Frank Knutson,CO,Adams,BR2,OP,GT,Electric Utility,1,77.1,67,75,NG,DFO,N,,,,,,,Y,Y,67,75,67,75,6H,6H,Y,Y,Y,
31386,Tenaska Alabama Partners LP,55271,Tenaska Lindsay Hill Generating Station,AL,Autauga,GTG1,OP,CT,IPP Non-CHP,2,183.1,152,160,NG,DFO,N,,,,,,,Y,Y,152,160,158,168,6H,6H,Y,Y,,
31386,Tenaska Alabama Partners LP,55271,Tenaska Lindsay Hill Generating Station,AL,Autauga,GTG2,OP,CT,IPP Non-CHP,2,183.1,152,160,NG,DFO,N,,,,,,,Y,Y,152,160,158,168,6H,6H,Y,Y,,
31386,Tenaska Alabama Partners LP,55271,Tenaska Lindsay Hill Generating Station,AL,Autauga,GTG3,OP,CT,IPP Non-CHP,2,183.1,149,160,NG,DFO,N,,,,,,,Y,Y,152,160,158,168,6H,6H,Y,Y,,
34028,Calhoun Power Co LLC,55409,Calhoun Energy Center,AL,Calhoun,CAL1,OP,GT,IPP Non-CHP,2,187.0,158,188,NG,DFO,N,,,,,,,Y,Y,158, ,158, ,1H,1H,Y,,Y,
34028,Calhoun Power Co LLC,55409,Calhoun Energy Center,AL,Calhoun,CAL2,OP,GT,IPP Non-CHP,2,187.0,158,188,NG,DFO,N,,,,,,,Y,Y,158, ,158, ,1H,1H,Y,,Y,
34028,Calhoun Power Co LLC,55409,Calhoun Energy Center,AL,Calhoun,CAL3,OP,GT,IPP Non-CHP,2,187.0,158,188,NG,DFO,N,,,,,,,Y,Y,158, ,158, ,1H,1H,Y,,Y,
34028,Calhoun Power Co LLC,55409,Calhoun Energy Center,AL,Calhoun,CAL4,OP,GT,IPP Non-CHP,2,187.0,158,188,NG,DFO,N,,,,,,,Y,Y,158, ,158, ,1H,1H,Y,,Y,
34359,Curators of the University of Missouri,50969,MU Combined Heat and Power Plant,MO,Boone,GEN1,OP,ST,Commercial CHP,5,6.2,6,6.1,BIT,NG,Y,BIT,NG,DFO,,WDS,,Y,Y,6, ,6, ,1H,1H,Y,,Y,
34359,Curators of the University of Missouri,50969,MU Combined Heat and Power Plant,MO,Boone,GEN2,OP,ST,Commercial CHP,5,12.5,12.2,12.3,BIT,NG,Y,BIT,NG,DFO,,WDS,,Y,Y,12.2, ,12.2, ,1H,1H,Y,,Y,
34359,Curators of the University of Missouri,50969,MU Combined Heat and Power Plant,MO,Boone,GEN3,OP,ST,Commercial CHP,5,19.8,19.2,19.4,BIT,NG,Y,BIT,NG,DFO,WDS,,,Y,Y,19.2, ,19.2, ,1H,1H,Y,,Y,
34359,Curators of the University of Missouri,50969,MU Combined Heat and Power Plant,MO,Boone,GEN4,OP,ST,Commercial CHP,5,14.5,13.3,13.4,BIT,NG,Y,BIT,NG,DFO,WDS,,,Y,Y,13.3, ,13.3, ,1H,1H,Y,,Y,
34359,Curators of the University of Missouri,50969,MU Combined Heat and Power Plant,MO,Boone,NTG1,OP,GT,Commercial CHP,5,17.3,11.4,14.5,NG,DFO,N,,,,,,,Y,Y,11.4, ,11.4, ,1H,1H,Y,,Y,
34359,Curators of the University of Missouri,50969,MU Combined Heat and Power Plant,MO,Boone,NTG2,OP,GT,Commercial CHP,5,17.3,11.4,14.5,NG,DFO,N,,,,,,,Y,Y,11.4, ,11.4, ,1H,1H,Y,,Y,
34672,DTE Energy Services,50407,Mobile Energy Services LLC,AL,Mobile,GEN5,OP,ST,IPP CHP,3,61.0,56.1,55.6,WDS,NG,Y,WDS,BIT,NG,,,,N,, , , , ,,,,,,
34672,DTE Energy Services,50407,Mobile Energy Services LLC,AL,Mobile,GEN6,OS,ST,IPP CHP,3,35.7,33.2,33.6,WDS,NG,Y,WDS,BIT,NG,,,,N,, , , , ,,,,,,
38215,Phillips 66 - Los Angeles,54451,Los Angeles Refinery Wilmington,CA,Los Angeles,G2,OP,GT,Industrial CHP,7,58.5,45,48,OG,NG,Y,OG,NG,,,,,N,, , , , ,,,,,,
39125,Vandolah Power Co LLC,55415,Vandolah Power Station,FL,Hardee,G101,OP,GT,IPP Non-CHP,2,182.0,161.5,171.5,NG,DFO,Y,NG,DFO,,,,,Y,Y,161.5,171.5,161.5,171.5,1H,1H,Y,,Y,
39125,Vandolah Power Co LLC,55415,Vandolah Power Station,FL,Hardee,G201,OP,GT,IPP Non-CHP,2,182.0,161.5,171.5,NG,DFO,Y,NG,DFO,,,,,Y,Y,161.5,171.5,161.5,171.5,1H,1H,Y,,Y,
39125,Vandolah Power Co LLC,55415,Vandolah Power Station,FL,Hardee,G301,OP,GT,IPP Non-CHP,2,182.0,161.5,171.5,NG,DFO,Y,NG,DFO,,,,,Y,Y,161.5,171.5,161.5,171.5,1H,1H,Y,,Y,
39125,Vandolah Power Co LLC,55415,Vandolah Power Station,FL,Hardee,G401,OP,GT,IPP Non-CHP,2,182.0,161.5,171.5,NG,DFO,Y,NG,DFO,,,,,Y,Y,161.5,171.5,161.5,171.5,1H,1H,Y,,Y,
40192,Shady Hills Power Co LLC,55414,Shady Hills Generating Station,FL,Pasco,G101,OP,GT,IPP Non-CHP,2,180.4,154.4,170.2,NG,DFO,N,,,,,,,Y,Y,156,172,160,180,6H,1H,Y,,Y,
40192,Shady Hills Power Co LLC,55414,Shady Hills Generating Station,FL,Pasco,G201,OP,GT,IPP Non-CHP,2,180.4,154.4,170.2,NG,DFO,N,,,,,,,Y,Y,156,172,160,180,6H,1H,Y,,Y,
40192,Shady Hills Power Co LLC,55414,Shady Hills Generating Station,FL,Pasco,G301,OP,GT,IPP Non-CHP,2,180.4,154.4,170.2,NG,DFO,N,,,,,,,Y,Y,156,172,160,180,6H,1H,Y,,Y,
40229,Old Dominion Electric Coop,7836,Marsh Run Generating,VA,Fauquier,1,OP,GT,Electric Utility,1,171.1,160.8,187,NG,DFO,N,,,,,,,Y,Y,160.8, ,165, ,1H,1H,Y,Y,,
40229,Old Dominion Electric Coop,7836,Marsh Run Generating,VA,Fauquier,2,OP,GT,Electric Utility,1,171.1,159.3,187,NG,DFO,N,,,,,,,Y,Y,159.3, ,165, ,1H,1H,Y,Y,,
40229,Old Dominion Electric Coop,7836,Marsh Run Generating,VA,Fauquier,3,OP,GT,Electric Utility,1,171.1,160,187,NG,DFO,N,,,,,,,Y,Y,159, ,165, ,1H,1H,Y,Y,,
40229,Old Dominion Electric Coop,7837,Louisa Generating,VA,Louisa,1,OP,GT,Electric Utility,1,84.5,76.5,92,NG,DFO,N,,,,,,,Y,Y,75, ,76, ,1H,1H,Y,Y,,
40229,Old Dominion Electric Coop,7837,Louisa Generating,VA,Louisa,2,OP,GT,Electric Utility,1,84.5,77,92,NG,DFO,N,,,,,,,Y,Y,75, ,76, ,1H,1H,Y,Y,,
40229,Old Dominion Electric Coop,7837,Louisa Generating,VA,Louisa,3,OP,GT,Electric Utility,1,84.5,77,92,NG,DFO,N,,,,,,,Y,Y,75, ,76, ,1H,1H,Y,Y,,
40229,Old Dominion Electric Coop,7837,Louisa Generating,VA,Louisa,4,OP,GT,Electric Utility,1,84.5,77,92,NG,DFO,N,,,,,,,Y,Y,75, ,76, ,1H,1H,Y,Y,,
40229,Old Dominion Electric Coop,7837,Louisa Generating,VA,Louisa,5,OP,GT,Electric Utility,1,171.1,158,187,NG,DFO,N,,,,,,,Y,Y,158, ,162, ,1H,1H,Y,Y,,
40307,"Prairie Power, Inc",7818,Alsey,IL,Scott,1,OP,GT,Electric Utility,1,30.0,30,34.7,NG,DFO,N,,,,,,,Y,N,31.03, ,0, ,24H,,Y,Y,Y,
40307,"Prairie Power, Inc",7818,Alsey,IL,Scott,2,OP,GT,Electric Utility,1,30.0,30,34.7,NG,DFO,N,,,,,,,Y,N,32.18, ,0, ,24H,,Y,Y,Y,
40307,"Prairie Power, Inc",7818,Alsey,IL,Scott,3,OP,GT,Electric Utility,1,20.0,18,20.3,NG,DFO,N,,,,,,,Y,N,19.1, ,0, ,24H,,Y,Y,Y,
40307,"Prairie Power, Inc",7818,Alsey,IL,Scott,4,OP,GT,Electric Utility,1,20.0,18,19.4,NG,DFO,N,,,,,,,Y,N,19.71, ,0, ,24H,,Y,Y,Y,
40307,"Prairie Power, Inc",7818,Alsey,IL,Scott,5,OP,GT,Electric Utility,1,25.0,25,26.7,NG,DFO,N,,,,,,,Y,N,22.93, ,0, ,24H,,Y,Y,Y,
40430,Lafarge Corp,50305,LaFarge Alpena,MI,Alpena,GE10,OP,ST,Industrial CHP,7,3.2,3.2,3.2,PC,SUB,Y,PC,SUB,OTH,OBL,WDS,OTH,N,N, , , , ,,,,,,
40430,Lafarge Corp,50305,LaFarge Alpena,MI,Alpena,GEN6,OP,ST,Industrial CHP,7,12.0,12,12,PC,SUB,Y,PC,SUB,OTH,OBL,WDS,OTH,N,N, , , , ,,,,,,
40430,Lafarge Corp,50305,LaFarge Alpena,MI,Alpena,GEN7,OP,ST,Industrial CHP,7,10.0,10,10,PC,SUB,Y,PC,SUB,OTH,OBL,WDS,OTH,N,N, , , , ,,,,,,
40430,Lafarge Corp,50305,LaFarge Alpena,MI,Alpena,GEN8,OP,ST,Industrial CHP,7,11.0,11,11,PC,SUB,Y,PC,SUB,OTH,OBL,WDS,OTH,N,, , , , ,,,,,,
40430,Lafarge Corp,50305,LaFarge Alpena,MI,Alpena,GEN9,OP,ST,Industrial CHP,7,11.0,11,11,PC,SUB,Y,PC,SUB,OTH,OBL,WDS,OTH,N,, , , , ,,,,,,
40580,Southern Minnesota Mun P Agny,1973,Fairmont (MN),MN,Martin,6,OP,IC,Electric Utility,1,6.5,6,6,DFO,NG,Y,DFO,NG,,,,,N,Y,6.14, ,6.3, ,,,,,,
40580,Southern Minnesota Mun P Agny,1973,Fairmont (MN),MN,Martin,7,OP,IC,Electric Utility,1,6.5,6,6,DFO,NG,Y,DFO,NG,,,,,N,Y,6.5, ,6.5, ,,,,,,
40606,City of Grand Island - (NE),2241,C W Burdick,NE,Hall,1,SB,ST,Electric Utility,1,18.7,16.5,16.5,NG,RFO,Y,NG,RFO,,,,,Y,Y,16.5, ,16.5, ,1H,1H,Y,,Y,
40606,City of Grand Island - (NE),2241,C W Burdick,NE,Hall,2,SB,ST,Electric Utility,1,24.9,22,22,NG,RFO,Y,NG,RFO,,,,,Y,Y,22, ,22, ,1H,1H,Y,,Y,
40606,City of Grand Island - (NE),2241,C W Burdick,NE,Hall,3,SB,ST,Electric Utility,1,54.4,54,54,NG,RFO,Y,NG,RFO,,,,,Y,Y,54, ,54, ,1H,1H,Y,,Y,
40606,City of Grand Island - (NE),2241,C W Burdick,NE,Hall,GT1,OP,GT,Electric Utility,1,16.0,13.6,14.8,NG,DFO,Y,NG,DFO,,,,,Y,Y,14, ,14, ,1H,1H,Y,Y,,
40606,City of Grand Island - (NE),2241,C W Burdick,NE,Hall,GT2,OP,GT,Electric Utility,1,63.4,34,40,NG,DFO,N,,,,,,,Y,Y,34, ,34, ,1H,1H,Y,Y,,
40606,City of Grand Island - (NE),2241,C W Burdick,NE,Hall,GT3,OP,GT,Electric Utility,1,63.4,34,40,NG,DFO,N,,,,,,,Y,Y,34, ,34, ,1H,1H,Y,Y,,
40613,Northern California Power Agny,7450,Alameda,CA,Alameda,1,SB,GT,Electric Utility,1,27.4,21.8,24,NG,DFO,Y,NG,DFO,,,,,Y,Y,24.9,24.9,24.9,24.9,72H,6H,Y,,Y,
40613,Northern California Power Agny,7450,Alameda,CA,Alameda,2,SB,GT,Electric Utility,1,27.4,21.8,24,NG,DFO,Y,NG,DFO,,,,,Y,Y,24.9,24.9,24.9,24.9,72H,6H,Y,,Y,
40613,Northern California Power Agny,7451,Lodi,CA,San Joaquin,1,SB,GT,Electric Utility,1,27.4,23.3,25.3,NG,DFO,Y,NG,DFO,,,,,Y,Y,25.2,25.2,25.2,25.2,72H,6H,Y,,Y,
49777,SP Fiber Technologies NW LLC,56124,SPFT - Newberg Cogen,OR,Yamhill,TG1,OP,ST,Industrial CHP,7,12.5,5.3,5.8,WDS,NG,Y,WDS,SLW,NG,NG,,,N,, , , , ,,,,,,
49777,SP Fiber Technologies NW LLC,56124,SPFT - Newberg Cogen,OR,Yamhill,TG2,OP,ST,Industrial CHP,7,42.8,7.7,8.1,WDS,NG,Y,WDS,SLW,NG,NG,,,N,, , , , ,,,,,,
49791,Eastman Cogeneration LP,55176,Eastman Cogeneration Facility,TX,Harrison,GEN3,OP,CA,IPP CHP,3,127.7,109.8,120,NG,OG,Y,NG,OG,,,,,N,, , , , ,,,,,,
49801,Expera Specialty Solutions,50933,Rhinelander Mill,WI,Oneida,GEN5,SB,ST,Industrial CHP,7,10.0,4,7,NG,BIT,N,,,,,,,Y,N,4, ,4, ,6H,6H,Y,Y,Y,
49837,Pinelawn Power LLC,56188,Pinelawn Power LLC,NY,SUFFOLK,CTG,OP,CT,IPP Non-CHP,2,50.0,47,47,NG,KER,N,,,,,,,Y,N,48, ,48, ,1H,1H,Y,Y,Y,
49842,Georgia-Pacific Consr Prods LP-Wauna,56192,Georgia-Pacific Wauna Mill,OR,Clatsop,1,OP,ST,Industrial CHP,7,36.0,22,26,BLQ,NG,Y,NG,BLQ,,,,,N,, , , , ,,,,,,
49845,"Equus Power I, L.P.,",56032,Equus Freeport Power,NY,Nassau,0001,OP,GT,IPP Non-CHP,2,60.0,47.9,49.2,NG,KER,N,,,,,,,Y,N,47.9, ,47.9, ,A,,Y,,,Y
49845,"Equus Power I, L.P.,",56032,Equus Freeport Power,NY,Nassau,001,OP,GT,IPP Non-CHP,2,60.0,47.7,49.2,NG,KER,N,,,,,,,Y,N,47.7,49.2,47.7,49.2,1H,1H,Y,,,Y
49889,Mount Carmel Cogen Inc,10343,Foster Wheeler Mt Carmel Cogen,PA,Northumberland,TG1,OP,ST,IPP CHP,3,47.3,43,40,WC,NG,Y,WC,NG,PG,,,,N,, , , , ,,,,,,
49893,Invenergy Services LLC,50949,Hardee Power Station,FL,Hardee,GEN1,OP,CT,IPP Non-CHP,2,86.0,70,85,NG,DFO,N,,,,,,,Y,N,72,89,72,89,1H,UNK,Y,Y,Y,
49893,Invenergy Services LLC,50949,Hardee Power Station,FL,Hardee,GEN2,OP,CT,IPP Non-CHP,2,86.0,70,85,NG,DFO,N,,,,,,,Y,Y,72,89,72,89,1H,UNK,Y,Y,Y,
49893,Invenergy Services LLC,50949,Hardee Power Station,FL,Hardee,GEN4,OP,GT,IPP Non-CHP,2,84.0,70,84,NG,DFO,N,,,,,,,Y,Y,72,90,72,90,1H,,N,,,
49893,Invenergy Services LLC,50949,Hardee Power Station,FL,Hardee,GEN5,OP,GT,IPP Non-CHP,2,90.0,70,85,NG,DFO,N,,,,,,,Y,N,73,91,73,91,1H,,N,,,
49893,Invenergy Services LLC,56241,Cannon Falls Energy Center,MN,Goodhue,UNT1,OP,GT,IPP Non-CHP,2,204.0,199,199,NG,DFO,N,,,,,,,Y,Y,155, ,164, ,1H,1H,Y,Y,Y,
49893,Invenergy Services LLC,56241,Cannon Falls Energy Center,MN,Goodhue,UNT2,OP,GT,IPP Non-CHP,2,204.0,199,199,NG,DFO,N,,,,,,,Y,Y,155, ,164, ,1H,1H,Y,Y,Y,
49893,Invenergy Services LLC,56445,Spindle Hill Energy Center,CO,Weld,GEN1,OP,GT,IPP Non-CHP,2,197.0,135,150,NG,DFO,N,,,,,,,Y,Y,135, ,143, ,1H,1H,Y,Y,Y,
49893,Invenergy Services LLC,56445,Spindle Hill Energy Center,CO,Weld,GEN2,OP,GT,IPP Non-CHP,2,197.0,135,158,NG,DFO,N,,,,,,,Y,Y,135, ,143, ,1H,1H,Y,Y,Y,
49901,Northern Star Generation Services Co LLC,54426,Mulberry Cogeneration Facility,FL,Polk,GT1,OP,CT,IPP CHP,3,82.0,76,80,NG,DFO,Y,DFO,,,,,,Y,Y,78,95,78,95,1H,1H,Y,Y,Y,
49905,Delta Power Services,50849,PE Berkeley,CA,Alameda,GEN1,OP,CT,Commercial CHP,5,23.0,21,23,NG,DFO,N,,,,,,,Y,Y,21.35,18,19,19,24H,24H,Y,Y,Y,
49919,Falcon Power Operating Company,54694,Yuma Cogeneration Associates,AZ,Yuma,GEN1,OP,CT,IPP CHP,3,44.1,35.1,37.4,NG,DFO,N,,,,,,,Y,N,35.1,37.4,35.1,37.4,OVER,OVER,Y,Y,,
49919,Falcon Power Operating Company,54694,Yuma Cogeneration Associates,AZ,Yuma,GEN2,OP,CA,IPP CHP,3,18.5,17.1,16.5,NG,DFO,N,,,,,,,Y,N,17.1,16.5,15.5,16.5,OVER,OVER,Y,Y,,
49950,"Caithness Long Island, LLC",56234,Caithness Long Island Energy Center,NY,Suffolk,CT01,OP,CT,IPP Non-CHP,2,196.2,170,223,NG,DFO,N,,,,,,,Y,Y,175, ,175, ,6H,6H,Y,Y,Y,
49950,"Caithness Long Island, LLC",56234,Caithness Long Island Energy Center,NY,Suffolk,ST01,OP,CA,IPP Non-CHP,2,152.7,137,153,NG,,N,,,,,,,Y,Y,138, ,138, ,6H,6H,Y,Y,Y,
49965,Constellation Mystic Power LLC,1588,Mystic Generating Station,MA,Middlesex,7,OP,ST,IPP Non-CHP,2,617.0,575.5,559.3,NG,RFO,Y,RFO,NG,,,,,Y,Y,575.5,559.3,575.5,559.3,6H,6H,Y,Y,,
49967,"Decorative Panels International, Inc.",10149,Decorative Panels Intl,MI,Alpena,GEN1,OP,ST,Industrial CHP,7,7.5,6.8,7.2,BIT,NG,Y,BIT,NG,SLW,WDS,,,N,N, , , , ,,,,,,
49969,"Lincoln Paper and Tissue, LLC",54587,Lincoln Paper & Tissue,ME,Lincoln,TG-3,OP,ST,Industrial CHP,7,13.5,9,11,BLQ,WDS,Y,RFO,SLW,WDS,,,,N,, , , , ,,,,,,
49969,"Lincoln Paper and Tissue, LLC",54587,Lincoln Paper & Tissue,ME,Lincoln,WEST,OP,ST,Industrial CHP,7,4.0,3.5,4.5,BLQ,WDS,Y,RFO,WDS,SLW,,,,N,, , , , ,,,,,,
49981,Diamond Generating Corporation,55542,Larkspur Energy Facility,CA,San Diego,CTG1,OP,GT,IPP Non-CHP,2,49.9,45.6,45.6,NG,DFO,Y,NG,DFO,,,,,Y,Y,45.6,45.6,45.6,45.6,6H,1H,Y,,Y,
49981,Diamond Generating Corporation,55542,Larkspur Energy Facility,CA,San Diego,CTG2,OP,GT,IPP Non-CHP,2,49.9,46,46,NG,DFO,Y,NG,DFO,,,,,Y,Y,46,46,46,46,6H,1H,Y,,Y,
50003,Brunswick Cellulose Inc.,10605,Brunswick Cellulose,GA,Glynn,GEN3,OP,ST,Industrial CHP,7,9.2,9.2,9.2,BLQ,WDS,Y,BLQ,NG,WDS,DFO,RFO,TDF,Y,Y,9.2,9.2,9.2, ,UNK,UNK,Y,Y,Y,
50003,Brunswick Cellulose Inc.,10605,Brunswick Cellulose,GA,Glynn,GEN4,OP,ST,Industrial CHP,7,50.0,50,50,BLQ,WDS,Y,BLQ,NG,WDS,DFO,RFO,TDF,Y,Y,50,50,50, ,UNK,UNK,Y,Y,Y,
50003,Brunswick Cellulose Inc.,10605,Brunswick Cellulose,GA,Glynn,GEN5,OP,ST,Industrial CHP,7,13.0,13,13,BLQ,WDS,Y,BLQ,NG,WDS,DFO,RFO,TDF,Y,Y,13,13,13, ,UNK,UNK,Y,Y,Y,
50006,Invista,10795,Camden South Carolina,SC,Kershaw,GEN1,OP,ST,Industrial CHP,7,5.5,5.5,5.5,BIT,NG,Y,BIT,NG,,,,,N,, , , , ,,,,,,
50006,Invista,10795,Camden South Carolina,SC,Kershaw,GEN2,OS,ST,Industrial CHP,7,5.5,5.5,5.5,BIT,NG,Y,BIT,NG,,,,,N,, , , , ,,,,,,
50006,Invista,10795,Camden South Carolina,SC,Kershaw,GEN3,OP,ST,Industrial CHP,7,19.0,17.5,18,BIT,NG,Y,BIT,NG,,,,,N,, , , , ,,,,,,
50018,"Dominion Energy New England, LLC",3236,Manchester Street,RI,Providence,G10A,OP,CT,IPP Non-CHP,2,125.0,102.1,115.6,NG,DFO,N,,,,,,,Y,N,95.14, ,95.14, ,24H,,Y,,Y,
50018,"Dominion Energy New England, LLC",3236,Manchester Street,RI,Providence,G11A,OP,CT,IPP Non-CHP,2,125.0,102.2,115.6,NG,DFO,N,,,,,,,Y,N,95.08, ,95.08, ,24H,,Y,,Y,
50018,"Dominion Energy New England, LLC",3236,Manchester Street,RI,Providence,GE10,OP,CA,IPP Non-CHP,2,48.0,46.9,54.5,NG,DFO,N,,,,,,,Y,N,46.86,108.6,95.14, ,6H,6H,Y,,Y,
50018,"Dominion Energy New England, LLC",3236,Manchester Street,RI,Providence,GE11,OP,CA,IPP Non-CHP,2,46.0,46.8,54.4,NG,DFO,N,,,,,,,Y,N,46.8,54.5,95.08,54.5,6H,6H,Y,,Y,
50018,"Dominion Energy New England, LLC",3236,Manchester Street,RI,Providence,GE9A,OP,CT,IPP Non-CHP,2,125.0,102.1,115.6,NG,DFO,N,,,,,,,Y,N,95.14,108.6,95.14,108.6,6H,6H,Y,,Y,
50018,"Dominion Energy New England, LLC",3236,Manchester Street,RI,Providence,GEN9,OP,CA,IPP Non-CHP,2,46.0,46.9,54.5,NG,DFO,N,,,,,,,Y,N,46.86,54.5,46.86,54.5,24H,,Y,,Y,
50045,Phillips 66 Company,56284,Santa Maria EPG,CA,San Luis Obispo,EPG,OP,ST,Industrial Non-CHP,6,5.5,5.3,5.3,OG,NG,Y,OG,NG,,,,,N,, , , , ,,,,,,
50096,NRG Florida LP,55192,Osceola (FL),FL,Osceola,CTG1,OP,GT,IPP Non-CHP,2,200.0,157,157,NG,DFO,N,,,,,,,Y,Y,157, ,170, ,1H,,Y,,Y,
50096,NRG Florida LP,55192,Osceola (FL),FL,Osceola,CTG2,OP,GT,IPP Non-CHP,2,200.0,157,157,NG,DFO,N,,,,,,,Y,Y,157, ,170, ,1H,,Y,,Y,
50096,NRG Florida LP,55192,Osceola (FL),FL,Osceola,CTG3,OP,GT,IPP Non-CHP,2,200.0,157,157,NG,DFO,N,,,,,,,Y,Y,157, ,170, ,1H,,Y,,Y,
50097,NewPage Corp-Luke,50282,Luke Mill,MD,Allegany,GEN1,OP,ST,Industrial CHP,7,35.0,32,26,BIT,BLQ,Y,BIT,BLQ,RFO,DFO,NG,,N,, , , , ,,,,,,
50097,NewPage Corp-Luke,50282,Luke Mill,MD,Allegany,GEN2,OP,ST,Industrial CHP,7,30.0,28,24,BIT,BLQ,Y,BIT,BLQ,NG,DFO,RFO,,Y,N,20, ,20, ,UNK,,N,,,
50102,Rock-Tenn Company,54763,Rock-Tenn Mill,AL,Marengo,2TG,OP,ST,Industrial CHP,7,12.5,8.6,10.8,BLQ,WDS,Y,DFO,BIT,NG,,,,N,, , , , ,,,,,,
50129,Georgia-Pacific Cons Op LLC Port Hudson,10612,Georgia-Pacific Port Hudson,LA,East Baton Rouge,GEN1,OP,ST,Industrial CHP,7,67.7,67.7,67.7,BLQ,NG,Y,BLQ,NG,,,,,N,, , , , ,,,,,,
50129,Georgia-Pacific Cons Op LLC Port Hudson,10612,Georgia-Pacific Port Hudson,LA,East Baton Rouge,GEN2,OP,ST,Industrial CHP,7,60.0,60,60,PC,WDS,Y,PC,WDS,NG,,,,N,, , , , ,,,,,,
50136,North American Energy Services,54131,Fortistar North Tonawanda,NY,Niagara,GEN1,OP,CT,IPP CHP,3,38.3,37.8,38.9,NG,DFO,Y,NG,DFO,,,,,Y,Y,37.8,38.9,35.37,36.4,1H,1H,Y,Y,Y,
50160,Pedricktown Cogeneration Company LP,10099,Pedricktown Cogeneration Company LP,NJ,Salem,GEN1,OP,CT,IPP CHP,3,92.1,79,91.2,NG,KER,N,,,,,,,Y,Y,79,91.2,67,77,1H,1H,Y,,Y,
50168,Maxim Power (USA) Inc,7138,Forked River,NJ,Ocean,1,OP,GT,IPP Non-CHP,2,38.4,34,44,NG,DFO,Y,NG,DFO,,,,,Y,Y,34, ,34, ,1H,1H,N,,,
50168,Maxim Power (USA) Inc,7138,Forked River,NJ,Ocean,2,OP,GT,IPP Non-CHP,2,38.4,31,41,NG,DFO,Y,NG,DFO,,,,,Y,Y,32, ,32, ,1H,1H,N,,,
50168,Maxim Power (USA) Inc,50498,Capital District Energy Center,CT,Hartford,GTG,SB,CT,IPP CHP,3,44.1,31.9,34.9,NG,DFO,Y,NG,DFO,,,,,Y,Y,32, ,32, ,1H,1H,Y,,Y,
54700,Paris Generation LP,50109,Paris Energy Center,TX,Lamar,GEN1,OP,CT,IPP Non-CHP,2,80.0,78,91,NG,DFO,Y,NG,DFO,,,,,Y,Y,78, ,78, ,1H,1H,Y,Y,Y,
54700,Paris Generation LP,50109,Paris Energy Center,TX,Lamar,GEN2,OP,CT,IPP Non-CHP,2,80.0,80,94,NG,DFO,Y,NG,DFO,,,,,Y,Y,80, ,80, ,1H,1H,Y,Y,Y,
54738,Thilmany LLC,54098,Kaukauna Paper Mill,WI,Outagamie,GEN1,OP,ST,Industrial CHP,7,6.0,6,6,BLQ,BIT,Y,BIT,PC,NG,WDS,BLQ,RFO,Y,Y,2, ,1, ,1H,1H,Y,,Y,
54738,Thilmany LLC,54098,Kaukauna Paper Mill,WI,Outagamie,GEN2,OP,ST,Industrial CHP,7,11.0,11,11,BLQ,BIT,Y,BIT,PC,NG,WDS,BLQ,RFO,Y,Y,8, ,5, ,1H,1H,Y,,Y,
54738,Thilmany LLC,54098,Kaukauna Paper Mill,WI,Outagamie,GEN3,OP,ST,Industrial CHP,7,15.6,15.6,15.6,BLQ,BIT,Y,BIT,PC,NG,WDS,BLQ,RFO,Y,Y,15, ,9, ,1H,1H,Y,,Y,
54738,Thilmany LLC,54098,Kaukauna Paper Mill,WI,Outagamie,GEN4,OP,ST,Industrial CHP,7,12.0,12,12,BIT,PC,Y,BIT,PC,NG,RFO,TDF,WDS,Y,Y,2, ,12, ,6H,6H,N,,,
54784,NewPage Corporation,10491,Mead Rumford Cogen,ME,Oxford,3STG,SB,ST,Industrial CHP,7,12.5,12.5,12.5,RFO,NG,Y,RFO,NG,,,,,Y,Y,12.5, ,12.5, ,24H,,N,,,
54784,NewPage Corporation,10495,Rumford Cogeneration,ME,Oxford,GEN1,OP,ST,IPP CHP,3,102.6,85,95,BIT,TDF,Y,BIT,TDF,WDS,,,,,, , , , ,,,,,,
54788,DG Fairhaven Power LLC,10052,Fairhaven Power,CA,Humboldt,GEN1,OP,ST,IPP Non-CHP,2,18.8,16,16,WDS,NG,Y,WDS,NG,,,,,N,, , , , ,,,,,,
54810,Broad River Energy LLC,55166,Broad River Energy Center,SC,Cherokee,CT01,OP,GT,IPP Non-CHP,2,197.0,171.1,174.4,NG,DFO,N,,,,,,,Y,Y,171.1,174.4,170,170,1H,1H,Y,Y,Y,
54810,Broad River Energy LLC,55166,Broad River Energy Center,SC,Cherokee,CT02,OP,GT,IPP Non-CHP,2,197.0,168.9,170,NG,DFO,N,,,,,,,Y,Y,168.9,170,170,170,1H,1H,Y,Y,Y,
54810,Broad River Energy LLC,55166,Broad River Energy Center,SC,Cherokee,CT03,OP,GT,IPP Non-CHP,2,197.0,164.6,167.6,NG,DFO,N,,,,,,,Y,Y,164.6,167.6,170,170,1H,1H,Y,Y,Y,
54810,Broad River Energy LLC,55166,Broad River Energy Center,SC,Cherokee,CT04,OP,GT,IPP Non-CHP,2,197.0,168.6,195.2,NG,DFO,N,,,,,,,Y,Y,168.6,195.2,170,170,1H,1H,Y,Y,Y,
54810,Broad River Energy LLC,55166,Broad River Energy Center,SC,Cherokee,CT05,OP,GT,IPP Non-CHP,2,197.0,167.2,193.6,NG,DFO,N,,,,,,,Y,Y,167.2,193.6,170,170,1H,1H,Y,Y,Y,
54863,U S Power Generating Company LLC,2494,Gowanus Gas Turbines Generating,NY,Kings,GT11,OP,GT,IPP Non-CHP,2,20.0,18.9,24.5,DFO,KER,Y,DFO,KER,,,,,,, , , , ,1H,,,,,
54863,U S Power Generating Company LLC,2494,Gowanus Gas Turbines Generating,NY,Kings,GT12,OP,GT,IPP Non-CHP,2,20.0,18.5,20.8,DFO,KER,Y,DFO,KER,,,,,,, , , , ,1H,,,,,
54863,U S Power Generating Company LLC,2494,Gowanus Gas Turbines Generating,NY,Kings,GT13,OP,GT,IPP Non-CHP,2,20.0,15.2,22,DFO,KER,Y,DFO,KER,,,,,,, , , , ,1H,,,,,
54863,U S Power Generating Company LLC,2494,Gowanus Gas Turbines Generating,NY,Kings,GT14,OP,GT,IPP Non-CHP,2,20.0,16,20.9,DFO,KER,Y,DFO,KER,,,,,,, , , , ,1H,,,,,
54863,U S Power Generating Company LLC,2494,Gowanus Gas Turbines Generating,NY,Kings,GT15,OP,GT,IPP Non-CHP,2,20.0,16,20.9,DFO,KER,Y,DFO,KER,,,,,,, , , , ,1H,,,,,
54863,U S Power Generating Company LLC,2494,Gowanus Gas Turbines Generating,NY,Kings,GT16,OP,GT,IPP Non-CHP,2,20.0,16.9,22.4,DFO,KER,Y,DFO,KER,,,,,,, , , , ,1H,,,,,
54863,U S Power Generating Company LLC,2494,Gowanus Gas Turbines Generating,NY,Kings,GT17,OP,GT,IPP Non-CHP,2,20.0,16.8,21.5,DFO,KER,Y,DFO,KER,,,,,,, , , , ,1H,,,,,
54863,U S Power Generating Company LLC,2494,Gowanus Gas Turbines Generating,NY,Kings,GT18,OP,GT,IPP Non-CHP,2,20.0,15.5,19.9,DFO,KER,Y,DFO,KER,,,,,,, , , , ,1H,,,,,
54863,U S Power Generating Company LLC,2494,Gowanus Gas Turbines Generating,NY,Kings,GT21,OP,GT,IPP Non-CHP,2,20.0,17,22,NG,DFO,Y,NG,DFO,KER,,,,Y,Y,17, ,17, ,1H,,Y,,Y,
54863,U S Power Generating Company LLC,2494,Gowanus Gas Turbines Generating,NY,Kings,GT22,OP,GT,IPP Non-CHP,2,20.0,18.1,23.9,NG,DFO,Y,NG,DFO,KER,,,,Y,Y,18.1, ,18.1, ,1H,,Y,,Y,
54863,U S Power Generating Company LLC,2494,Gowanus Gas Turbines Generating,NY,Kings,GT23,OP,GT,IPP Non-CHP,2,20.0,19.2,24.2,NG,DFO,Y,NG,DFO,KER,,,,Y,Y,19.2, ,19.2, ,1H,,Y,,Y,
54863,U S Power Generating Company LLC,2494,Gowanus Gas Turbines Generating,NY,Kings,GT24,OP,GT,IPP Non-CHP,2,20.0,17.1,22.8,NG,DFO,Y,NG,DFO,KER,,,,Y,Y,17.1, ,17.1, ,1H,,Y,,Y,
54863,U S Power Generating Company LLC,2494,Gowanus Gas Turbines Generating,NY,Kings,GT25,OP,GT,IPP Non-CHP,2,20.0,17.4,22.2,NG,DFO,Y,NG,DFO,KER,,,,Y,Y,17.4, ,17.4, ,1H,,Y,,Y,
54863,U S Power Generating Company LLC,2494,Gowanus Gas Turbines Generating,NY,Kings,GT26,OP,GT,IPP Non-CHP,2,20.0,18.9,24.4,NG,DFO,Y,NG,DFO,KER,,,,Y,Y,18.9, ,18.9, ,1H,,Y,,Y,
54863,U S Power Generating Company LLC,2494,Gowanus Gas Turbines Generating,NY,Kings,GT27,OP,GT,IPP Non-CHP,2,20.0,18.7,23.7,NG,DFO,Y,NG,DFO,KER,,,,Y,Y,18.7, ,18.7, ,1H,,Y,,Y,
54863,U S Power Generating Company LLC,2494,Gowanus Gas Turbines Generating,NY,Kings,GT28,OP,GT,IPP Non-CHP,2,20.0,17,21.6,NG,DFO,Y,NG,DFO,KER,,,,Y,Y,17, ,17, ,1H,,Y,,Y,
54863,U S Power Generating Company LLC,2494,Gowanus Gas Turbines Generating,NY,Kings,GT31,OP,GT,IPP Non-CHP,2,20.0,16.6,21.7,NG,DFO,Y,NG,DFO,KER,,,,Y,Y,16.6, ,16.6, ,1H,,Y,,Y,
54863,U S Power Generating Company LLC,2494,Gowanus Gas Turbines Generating,NY,Kings,GT32,OP,GT,IPP Non-CHP,2,20.0,16.6,21.7,NG,DFO,Y,NG,DFO,KER,,,,Y,Y,16.6, ,16.6, ,1H,,Y,,Y,
54863,U S Power Generating Company LLC,2494,Gowanus Gas Turbines Generating,NY,Kings,GT33,OP,GT,IPP Non-CHP,2,20.0,18.2,23.6,NG,DFO,Y,NG,DFO,KER,,,,Y,Y,18.2, ,18.2, ,1H,,Y,,Y,
54863,U S Power Generating Company LLC,2494,Gowanus Gas Turbines Generating,NY,Kings,GT34,OP,GT,IPP Non-CHP,2,20.0,16.3,21,NG,DFO,Y,NG,DFO,KER,,,,Y,Y,16.3, ,16.3, ,1H,,Y,,Y,
54863,U S Power Generating Company LLC,2494,Gowanus Gas Turbines Generating,NY,Kings,GT35,OP,GT,IPP Non-CHP,2,20.0,18.5,22.9,NG,DFO,Y,NG,DFO,KER,,,,Y,Y,18.5, ,18.5, ,1H,,Y,,Y,
54863,U S Power Generating Company LLC,2494,Gowanus Gas Turbines Generating,NY,Kings,GT36,OP,GT,IPP Non-CHP,2,20.0,16.2,20,NG,DFO,Y,NG,DFO,KER,,,,Y,Y,16.2, ,16.2, ,1H,,Y,,Y,
54863,U S Power Generating Company LLC,2494,Gowanus Gas Turbines Generating,NY,Kings,GT37,OP,GT,IPP Non-CHP,2,20.0,16.9,21.7,NG,DFO,Y,NG,DFO,KER,,,,Y,Y,16.9, ,16.9, ,1H,,Y,,Y,
54863,U S Power Generating Company LLC,2494,Gowanus Gas Turbines Generating,NY,Kings,GT38,OP,GT,IPP Non-CHP,2,20.0,17.4,23.4,NG,DFO,Y,NG,DFO,KER,,,,Y,Y,17.4, ,17.4, ,1H,,Y,,Y,
54863,U S Power Generating Company LLC,2494,Gowanus Gas Turbines Generating,NY,Kings,GT41,OP,GT,IPP Non-CHP,2,20.0,14.6,20.6,DFO,KER,Y,DFO,KER,,,,,,, , , , ,,,,,,
54863,U S Power Generating Company LLC,2494,Gowanus Gas Turbines Generating,NY,Kings,GT42,OP,GT,IPP Non-CHP,2,20.0,17.4,23,DFO,KER,Y,DFO,KER,,,,,,, , , , ,1H,,,,,
54863,U S Power Generating Company LLC,2494,Gowanus Gas Turbines Generating,NY,Kings,GT43,OP,GT,IPP Non-CHP,2,20.0,17.5,23.4,DFO,KER,Y,DFO,KER,,,,,,, , , , ,1H,,,,,
54863,U S Power Generating Company LLC,2494,Gowanus Gas Turbines Generating,NY,Kings,GT44,OP,GT,IPP Non-CHP,2,20.0,15.9,21.7,DFO,KER,Y,DFO,KER,,,,,,, , , , ,1H,,,,,
54863,U S Power Generating Company LLC,2494,Gowanus Gas Turbines Generating,NY,Kings,GT45,OP,GT,IPP Non-CHP,2,20.0,16.1,20.7,DFO,KER,Y,DFO,KER,,,,,,, , , , ,1H,,,,,
54863,U S Power Generating Company LLC,2494,Gowanus Gas Turbines Generating,NY,Kings,GT46,OP,GT,IPP Non-CHP,2,20.0,17.9,22.6,DFO,KER,Y,DFO,KER,,,,,,, , , , ,1H,,,,,
54863,U S Power Generating Company LLC,2494,Gowanus Gas Turbines Generating,NY,Kings,GT47,OP,GT,IPP Non-CHP,2,20.0,16.6,21.6,DFO,KER,Y,DFO,KER,,,,,,, , , , ,1H,,,,,
54863,U S Power Generating Company LLC,2494,Gowanus Gas Turbines Generating,NY,Kings,GT48,OP,GT,IPP Non-CHP,2,20.0,17.5,23.3,DFO,KER,Y,DFO,KER,,,,,,, , , , ,1H,,,,,
54863,U S Power Generating Company LLC,2499,Narrows Gas Turbines Generating,NY,Kings,NT11,OP,GT,IPP Non-CHP,2,22.0,18.7,24.7,NG,DFO,Y,NG,DFO,KER,,,,Y,Y,18.7, ,18.7, ,1H,,Y,,Y,
54863,U S Power Generating Company LLC,2499,Narrows Gas Turbines Generating,NY,Kings,NT12,OP,GT,IPP Non-CHP,2,22.0,16.9,23.4,NG,DFO,Y,NG,DFO,KER,,,,Y,Y,16.9, ,16.9, ,1H,,Y,,Y,
54863,U S Power Generating Company LLC,2499,Narrows Gas Turbines Generating,NY,Kings,NT13,OP,GT,IPP Non-CHP,2,22.0,18.4,24.3,NG,DFO,Y,NG,DFO,KER,,,,Y,Y,18.4, ,18.4, ,1H,,Y,,Y,
54863,U S Power Generating Company LLC,2499,Narrows Gas Turbines Generating,NY,Kings,NT14,OP,GT,IPP Non-CHP,2,22.0,18.8,24.9,NG,DFO,Y,NG,DFO,KER,,,,Y,Y,18.8, ,18.8, ,1H,,Y,,Y,
54863,U S Power Generating Company LLC,2499,Narrows Gas Turbines Generating,NY,Kings,NT15,OP,GT,IPP Non-CHP,2,22.0,18.7,24.4,NG,DFO,Y,NG,DFO,KER,,,,Y,Y,18.7, ,18.7, ,1H,,Y,,Y,
54863,U S Power Generating Company LLC,2499,Narrows Gas Turbines Generating,NY,Kings,NT16,OP,GT,IPP Non-CHP,2,22.0,17.1,23.7,NG,DFO,Y,NG,DFO,KER,,,,Y,Y,17.1, ,17.1, ,1H,,Y,,Y,
54863,U S Power Generating Company LLC,2499,Narrows Gas Turbines Generating,NY,Kings,NT17,OP,GT,IPP Non-CHP,2,22.0,17.4,23,NG,DFO,Y,NG,DFO,KER,,,,Y,Y,17.4, ,17.4, ,1H,,Y,,Y,
54863,U S Power Generating Company LLC,2499,Narrows Gas Turbines Generating,NY,Kings,NT18,OP,GT,IPP Non-CHP,2,22.0,17.3,22.2,NG,DFO,Y,NG,DFO,KER,,,,Y,Y,17.3, ,17.3, ,1H,,Y,,Y,
54863,U S Power Generating Company LLC,2499,Narrows Gas Turbines Generating,NY,Kings,NT21,OP,GT,IPP Non-CHP,2,22.0,18.5,23.8,NG,DFO,Y,NG,DFO,KER,,,,Y,Y,18.5, ,18.5, ,1H,,Y,,Y,
54863,U S Power Generating Company LLC,2499,Narrows Gas Turbines Generating,NY,Kings,NT22,OP,GT,IPP Non-CHP,2,22.0,17.8,22.2,NG,DFO,Y,NG,DFO,KER,,,,Y,Y,17.8, ,17.8, ,1H,,Y,,Y,
54863,U S Power Generating Company LLC,2499,Narrows Gas Turbines Generating,NY,Kings,NT23,OP,GT,IPP Non-CHP,2,22.0,17,22.4,NG,DFO,Y,NG,DFO,KER,,,,Y,Y,17, ,17, ,1H,,Y,,Y,
54863,U S Power Generating Company LLC,2499,Narrows Gas Turbines Generating,NY,Kings,NT24,OP,GT,IPP Non-CHP,2,22.0,18.3,23.6,NG,DFO,Y,NG,DFO,KER,,,,Y,Y,18.3, ,18.3, ,1H,,Y,,Y,
54863,U S Power Generating Company LLC,2499,Narrows Gas Turbines Generating,NY,Kings,NT25,OP,GT,IPP Non-CHP,2,22.0,18.2,23.7,NG,DFO,Y,NG,DFO,KER,,,,Y,Y,18.2, ,18.2, ,1H,,Y,,Y,
54863,U S Power Generating Company LLC,2499,Narrows Gas Turbines Generating,NY,Kings,NT26,OP,GT,IPP Non-CHP,2,22.0,16.5,21.2,NG,DFO,Y,NG,DFO,KER,,,,Y,Y,16.5, ,16.5, ,1H,,Y,,Y,
54863,U S Power Generating Company LLC,2499,Narrows Gas Turbines Generating,NY,Kings,NT27,OP,GT,IPP Non-CHP,2,22.0,19,23.9,NG,DFO,Y,NG,DFO,KER,,,,Y,Y,19, ,19, ,1H,,Y,,Y,
54863,U S Power Generating Company LLC,2499,Narrows Gas Turbines Generating,NY,Kings,NT28,OP,GT,IPP Non-CHP,2,22.0,17.4,21.4,NG,DFO,Y,NG,DFO,KER,,,,Y,Y,17.4, ,17.4, ,1H,,Y,,Y,
54863,U S Power Generating Company LLC,8906,Astoria Generating Station,NY,Queens,3,OP,ST,IPP Non-CHP,2,376.0,374.3,376.6,RFO,NG,Y,RFO,NG,,,,,Y,Y,361,361,351,351,6H,6H,Y,Y,Y,
54863,U S Power Generating Company LLC,8906,Astoria Generating Station,NY,Queens,4,OS,ST,IPP Non-CHP,2,387.0,380,387,RFO,NG,Y,RFO,NG,,,,,Y,Y,372,372,361,361,6H,,Y,Y,Y,
54863,U S Power Generating Company LLC,8906,Astoria Generating Station,NY,Queens,ST5,OP,ST,IPP Non-CHP,2,387.0,380,382,RFO,NG,Y,RFO,NG,,,,,Y,Y,372,372,362,361,6H,,Y,Y,Y,
54876,Flambeau River Papers,50620,Flambeau River Papers,WI,PRICE,GEN1,OP,ST,Industrial CHP,7,5.7,4.7,4.7,WDS,BIT,Y,WDS,DFO,BIT,,,,N,, , , , ,,,,,,
54880,P H  Glatfelter Company,10244,P H Glatfelter Co -Chillicothe Facility,OH,Ross,T-10,OA,ST,Industrial CHP,7,10.6, , ,BLQ,BIT,Y,WDS,TDF,,,,,N,, , , , ,,,,,,
54880,P H  Glatfelter Company,10244,P H Glatfelter Co -Chillicothe Facility,OH,Ross,T-11,OP,ST,Industrial CHP,7,24.0,10.7,13.8,BLQ,BIT,Y,WDS,TDF,,,,,N,, , , , ,,,,,,
54880,P H  Glatfelter Company,10244,P H Glatfelter Co -Chillicothe Facility,OH,Ross,T-12,OP,ST,Industrial CHP,7,31.0,15.8,20.3,BLQ,BIT,Y,WDS,TDF,,,,,N,, , , , ,,,,,,
54880,P H  Glatfelter Company,10244,P H Glatfelter Co -Chillicothe Facility,OH,Ross,T-13,OP,ST,Industrial CHP,7,27.2,17.1,18.5,BIT,BLQ,Y,WDS,TDF,,,,,N,, , , , ,,,,,,
54885,NRG Wholesale Generation LP,3130,Seward (PA),PA,Indiana,FB1,OP,ST,IPP Non-CHP,2,585.0,521,521,WC,BIT,Y,WC,BIT,,,,,N,N, , , , ,,,,,,
54888,NRG Texas Power LLC,298,Limestone,TX,Limestone,1,OP,ST,IPP Non-CHP,2,893.0,831,831,LIG,SUB,Y,LIG,SUB,NG,PC,,,N,, , , , ,,,,,,
54888,NRG Texas Power LLC,298,Limestone,TX,Limestone,2,OP,ST,IPP Non-CHP,2,956.8,858,858,LIG,SUB,Y,LIG,SUB,NG,PC,,,N,, , , , ,,,,,,
54888,NRG Texas Power LLC,3464,Greens Bayou,TX,Harris,5,OP,ST,IPP Non-CHP,2,446.4,406,406,NG,DFO,Y,NG,DFO,,,,,Y,Y,406, ,408, ,UNK,,N,,,
54888,NRG Texas Power LLC,3470,W A Parish,TX,Fort Bend,5,OP,ST,IPP Non-CHP,2,734.1,659,659,SUB,NG,Y,SUB,NG,,,,,N,, , , , ,,,,,,
54888,NRG Texas Power LLC,3470,W A Parish,TX,Fort Bend,6,OP,ST,IPP Non-CHP,2,734.1,653,653,SUB,NG,Y,SUB,NG,,,,,N,, , , , ,,,,,,
54888,NRG Texas Power LLC,3470,W A Parish,TX,Fort Bend,7,OP,ST,IPP Non-CHP,2,614.6,577,577,SUB,NG,Y,SUB,NG,,,,,,, , , , ,,,,,,
54895,FirstLight Power Resources Services LLC,56629,Waterbury Generation,CT,New Haven,10,OP,GT,IPP Non-CHP,2,96.0,95,100,NG,DFO,N,,,,,,,Y,Y,96, ,89.9, ,1H,1H,Y,,Y,
54899,NAES Corporation - (DE),599,McKee Run,DE,Kent,1,OP,ST,IPP Non-CHP,2,18.8,17,17,NG,DFO,Y,NG,DFO,,,,,Y,Y,17,17,17,17,1H,1H,Y,,,Y
54899,NAES Corporation - (DE),599,McKee Run,DE,Kent,2,OP,ST,IPP Non-CHP,2,18.8,17,17,NG,DFO,Y,NG,DFO,,,,,Y,Y,17,17,17,17,1H,1H,Y,,,Y
54899,NAES Corporation - (DE),599,McKee Run,DE,Kent,3,OP,ST,IPP Non-CHP,2,113.6,102,102,NG,DFO,Y,NG,DFO,,,,,Y,Y,102,102,102,102,1H,1H,Y,,,Y
54899,NAES Corporation - (DE),7318,Van Sant Station,DE,Kent,1,OP,GT,IPP Non-CHP,2,45.1,39,39,NG,DFO,Y,NG,DFO,,,,,Y,Y,39,45,39,45,1H,1H,N,,,
54911,Tesoro Refng Marketing Co Mntn Region,56509,Tesoro SLC Cogeneration Plant,UT,Salt Lake,1,OP,GT,Industrial CHP,7,12.5,11,12.5,NG,OG,Y,OG,,,,,,N,, , , , ,,,,,,
54911,Tesoro Refng Marketing Co Mntn Region,56509,Tesoro SLC Cogeneration Plant,UT,Salt Lake,2,OP,GT,Industrial CHP,7,12.5,11,12.5,NG,OG,Y,OG,,,,,,N,, , , , ,,,,,,
55738,Verso Paper Androscoggin LLC,54085,Androscoggin Mill,ME,Franklin,GEN1,OP,ST,Industrial CHP,7,25.0,25,25,BLQ,WDS,Y,RFO,WO,WDS,SLW,NG,,N,, , , , ,,,,,,
55738,Verso Paper Androscoggin LLC,54085,Androscoggin Mill,ME,Franklin,GEN2,OP,ST,Industrial CHP,7,25.0,25,25,BLQ,WDS,Y,RFO,WO,WDS,SLW,NG,,N,, , , , ,,,,,,
55738,Verso Paper Androscoggin LLC,54085,Androscoggin Mill,ME,Franklin,GEN3,OP,ST,Industrial CHP,7,30.0,30,30,BLQ,WDS,Y,RFO,WO,WDS,SLW,NG,,N,, , , , ,,,,,,
55738,Verso Paper Androscoggin LLC,55031,Androscoggin Energy Center,ME,Franklin,CT01,OP,GT,Industrial CHP,7,54.5,47.2,58.4,NG,KER,N,,,,,,,Y,Y,47.22,58.38,47.22,58.38,6H,6H,Y,Y,Y,
55738,Verso Paper Androscoggin LLC,55031,Androscoggin Energy Center,ME,Franklin,CT02,OP,GT,Industrial CHP,7,54.5,45.3,56.4,NG,KER,N,,,,,,,Y,Y,45.17,56.32,45.17,56.32,6H,6H,Y,Y,Y,
55738,Verso Paper Androscoggin LLC,55031,Androscoggin Energy Center,ME,Franklin,CT03,OP,GT,Industrial CHP,7,54.5,44.1,55.3,NG,KER,N,,,,,,,Y,Y,44.1,55.25,44.1,55.25,6H,6H,Y,Y,Y,
55749,Pleasants Energy LLC,55349,Pleasants Energy LLC,WV,Pleasants,1,OP,GT,IPP Non-CHP,2,172.0,160.2,160.2,NG,DFO,N,,,,,,,Y,Y,151.1, ,160.2, ,1H,1H,Y,,Y,
55749,Pleasants Energy LLC,55349,Pleasants Energy LLC,WV,Pleasants,2,OP,GT,IPP Non-CHP,2,172.0,163.7,163.7,NG,DFO,N,,,,,,,Y,Y,154.2, ,161.1, ,1H,1H,Y,,Y,
55768,RC Cape May Holdings LLC,2378,B L England,NJ,Cape May,1,OP,ST,IPP Non-CHP,2,136.0,113,113,BIT,SUB,Y,BIT,SUB,DFO,TDF,,,N,, , , , ,,,,,,
55768,RC Cape May Holdings LLC,2378,B L England,NJ,Cape May,2,OP,ST,IPP Non-CHP,2,163.2,155,155,BIT,SUB,Y,BIT,SUB,DFO,TDF,,,N,, , , , ,,,,,,
55771,KapStone Kraft Paper Corp,50254,KapStone Kraft Paper Corp,NC,Halifax,GEN1,OP,ST,Industrial CHP,7,28.3,30,30,BLQ,BIT,Y,WDS,RFO,NG,,,,Y,N, , , , ,1H,,N,,,
55793,Fusion Paperboard Connecticut LLC,54657,Versailles Mill,CT,New London,NO1,OP,ST,Industrial CHP,7,20.0,14,15,NG,RFO,N,,,,,,,Y,Y,14, ,14, ,6H,6H,Y,Y,,
55807,Niagara Generation LLC,50202,WPS Power Niagara,NY,Niagara,GEN1,OA,ST,IPP Non-CHP,2,56.0,49.1,49.1,WDS,BIT,Y,TDF,WDS,,,,,N,, , , , ,,,,,,
55839,Domtar Paper Company LLC,55429,Kentucky Mills,KY,Hancock,01,OP,ST,Industrial CHP,7,88.0,49,60,BLQ,WDS,Y,BLQ,WDS,NG,SLW,,,N,, , , , ,,,,,,
55845,CAMS Mackinaw Power Operations LLC,7764,MPC Generating,GA,Walton,1,OP,GT,IPP Non-CHP,2,185.4,147.5,169,NG,DFO,N,,,,,,,Y,Y,147.5,169,140.7,169,1H,1H,Y,,Y,
55845,CAMS Mackinaw Power Operations LLC,7764,MPC Generating,GA,Walton,2,OP,GT,IPP Non-CHP,2,200.7,155,182,NG,DFO,N,,,,,,,Y,Y,155,182,154.9,182,1H,1H,Y,,Y,
55846,Newark Bay Cogeneration Partnership LP,50385,Newark Bay Cogeneration Partnership LP,NJ,Essex,GEN1,OP,CT,IPP CHP,3,42.0,42,49.5,NG,KER,Y,NG,KER,,,,,Y,N,42,49.5,40,47,6H,6H,Y,,Y,
55846,Newark Bay Cogeneration Partnership LP,50385,Newark Bay Cogeneration Partnership LP,NJ,Essex,GEN2,OP,CT,IPP CHP,3,42.0,42,49.5,NG,KER,Y,NG,KER,,,,,Y,N,42,49.5,40,47,6H,6H,Y,,Y,
55846,Newark Bay Cogeneration Partnership LP,50385,Newark Bay Cogeneration Partnership LP,NJ,Essex,GEN3,OP,CA,IPP CHP,3,55.0,36.2,37.2,NG,KER,N,,,,,,,Y,N,36.2, ,36.2, ,6H,,Y,,Y,
55850,Thermal Energy Development Part LP,10502,Thermal Energy Development Part LP,CA,San Joaquin,GEN1,OP,ST,IPP Non-CHP,2,23.0,18.5,18.5,WDS,AB,Y,WDS,AB,,,,,N,, , , , ,,,,,,
55863,Evergreen Packaging Inc,10627,Pine Bluff Mill,AR,Jefferson,1TG1,OP,ST,Industrial CHP,7,40.0,32,31,BLQ,PUR,Y,RFO,NG,TDF,WDS,BLQ,,N,, , , , ,,,,,,
55863,Evergreen Packaging Inc,10627,Pine Bluff Mill,AR,Jefferson,2TG1,OP,ST,Industrial CHP,7,20.0,15,15,BLQ,PUR,Y,RFO,NG,TDF,WDS,BLQ,,N,, , , , ,,,,,,
55863,Evergreen Packaging Inc,10627,Pine Bluff Mill,AR,Jefferson,3TG1,OP,ST,Industrial CHP,7,25.0,13,13,BLQ,PUR,Y,RFO,NG,TDF,WDS,BLQ,,N,, , , , ,,,,,,
55867,NewPage Corp-Escanaba,10208,Escanaba Mill,MI,Delta,NO.7,OP,ST,Industrial CHP,7,38.6,32,32,NG,WDS,Y,NG,RFO,BIT,SLW,,,Y,Y,26, ,18,18,6H,,Y,,Y,
55867,NewPage Corp-Escanaba,10208,Escanaba Mill,MI,Delta,NO.8,OP,ST,Industrial CHP,7,29.8,23,23,NG,WDS,Y,BLQ,WDS,NG,RFO,,,Y,Y,7, ,8,8,6H,,Y,,Y,
55867,NewPage Corp-Escanaba,10208,Escanaba Mill,MI,Delta,NO9,OP,ST,Industrial CHP,7,54.0,45,45,NG,WDS,Y,BIT,WDS,NG,SLW,,,N,, , , , ,6H,,,,,
55893,St Paul Cogeneration LLC,56643,St Paul Cogeneration,MN,Ramsey,1,OP,ST,IPP CHP,3,37.0,33,25,WDS,NG,Y,WDS,NG,AB,,,,N,, , , , ,,,,,,
55903,Domtar Paper Company LLC,50189,Domtar Paper Co LLC Plymouth NC,NC,Martin,TG10,OP,ST,Industrial CHP,7,72.0,74,74,WDS,NG,Y,WDS,RFO,SLW,NG,,,N,, , , , ,,,,,,
55903,Domtar Paper Company LLC,50189,Domtar Paper Co LLC Plymouth NC,NC,Martin,TG7,SB,ST,Industrial CHP,7,7.5,7.5,7.5,BLQ,WDS,Y,DFO,BLQ,RFO,WDS,NG,,N,, , , , ,,,,,,
55903,Domtar Paper Company LLC,50189,Domtar Paper Co LLC Plymouth NC,NC,Martin,TG8,SB,ST,Industrial CHP,7,25.0,23.8,23.8,BLQ,WDS,Y,DFO,BLQ,WDS,RFO,NG,,N,, , , , ,,,,,,
55903,Domtar Paper Company LLC,50189,Domtar Paper Co LLC Plymouth NC,NC,Martin,TG9,OP,ST,Industrial CHP,7,42.0,40.8,40.8,BLQ,DFO,Y,BLQ,DFO,WDS,RFO,NG,,N,, , , , ,,,,,,
55911,Whitewater Operating Services LLC,55011,LSP-Whitewater LP,WI,Jefferson,CTG1,OP,CT,IPP CHP,3,177.3,162,175,NG,DFO,N,,,,,,,Y,Y,154.18,183.11,148.18,176.2,1H,1H,Y,,Y,
55912,Cottage Grove Operating Services LLC,55010,LSP-Cottage Grove LP,MN,Washington,CTG1,OP,CT,IPP CHP,3,177.3,154,168,NG,DFO,N,,,,,,,Y,Y,154,154,154,154,6H,6H,Y,,Y,
55914,GE Energy Financial Services,50799,Parlin Power Plant,NJ,Middlesex,GEN1,OP,CT,IPP CHP,3,45.9,37,43.5,NG,DFO,N,,,,,,,Y,Y,36.9,43.5,36.9,43.5,1H,1H,Y,,Y,
55914,GE Energy Financial Services,50799,Parlin Power Plant,NJ,Middlesex,GEN2,OP,CT,IPP CHP,3,45.9,37.6,44.1,NG,DFO,N,,,,,,,Y,Y,36,40.7,36,40.7,1H,1H,Y,,Y,
55914,GE Energy Financial Services,50799,Parlin Power Plant,NJ,Middlesex,GEN3,OP,CA,IPP CHP,3,21.6,21,21,NG,DFO,,,,,,,,Y,Y,20.6,20.6,20.6,20.6,1H,1H,Y,,Y,
55914,GE Energy Financial Services,50799,Parlin Power Plant,NJ,Middlesex,GEN4,OP,CA,IPP CHP,3,21.6,21,21,NG,DFO,,,,,,,,Y,Y, , , , ,1H,,Y,,Y,
55919,Georgia-Pacific Consr Prods LP-Green Bay,10360,Green Bay West Mill,WI,Brown,GEN10,OP,ST,Industrial CHP,7,28.2,26.4,26.5,BIT,PC,Y,BIT,PC,DFO,SUB,,,N,, , , , ,,,,,,
55919,Georgia-Pacific Consr Prods LP-Green Bay,10360,Green Bay West Mill,WI,Brown,GEN5,OS,ST,Industrial CHP,7,10.0,7.5,7.5,BIT,PC,Y,BIT,PC,DFO,SUB,,,N,, , , , ,,,,,,
55919,Georgia-Pacific Consr Prods LP-Green Bay,10360,Green Bay West Mill,WI,Brown,GEN6,OP,ST,Industrial CHP,7,18.7,18,18,BIT,PC,Y,BIT,PC,DFO,SUB,,,N,, , , , ,,,,,,
55919,Georgia-Pacific Consr Prods LP-Green Bay,10360,Green Bay West Mill,WI,Brown,GEN7,OP,ST,Industrial CHP,7,28.9,23,23,BIT,PC,Y,BIT,PC,DFO,SUB,,,N,, , , , ,,,,,,
55919,Georgia-Pacific Consr Prods LP-Green Bay,10360,Green Bay West Mill,WI,Brown,GEN9,OP,ST,Industrial CHP,7,43.2,38,38,BIT,PC,Y,BIT,PC,DFO,SUB,,,N,, , , , ,,,,,,
55925,Novo Biopower LLC,56616,Novo BioPower Plant,AZ,Navajo,G3,OP,ST,IPP Non-CHP,2,27.2,26,25,WDS,OBS,Y,WDS,OBS,NG,,,,,, , , , ,,,,,,
55932,Georgia-Pacific Brewton LLC,54789,Georgia-Pacific Brewton Mill,AL,Escambia,1TG,OP,ST,Industrial CHP,7,12.5,10.5,11,BLQ,WDS,Y,NG,RFO,WDS,DFO,BLQ,,Y,Y,8,8,10,10,6H,6H,Y,,,Y
55932,Georgia-Pacific Brewton LLC,54789,Georgia-Pacific Brewton Mill,AL,Escambia,2TG,OP,ST,Industrial CHP,7,12.5,12,11.9,BLQ,WDS,Y,NG,RFO,WDS,DFO,BLQ,,Y,Y,8,8,12,12,6H,6H,Y,,,Y
55932,Georgia-Pacific Brewton LLC,54789,Georgia-Pacific Brewton Mill,AL,Escambia,3TG,OP,ST,Industrial CHP,7,15.9,13.9,15.7,BLQ,WDS,Y,NG,RFO,WDS,DFO,BLQ,,Y,Y,8,8,14,14,6H,6H,Y,,,Y
55936,Entergy Gulf States - LA LLC,1394,Willow Glen,LA,Iberville,4,OP,ST,Electric Utility,1,591.8,480.7,482,NG,RFO,Y,RFO,DFO,NG,,,,N,, , , , ,,,,,,
55936,Entergy Gulf States - LA LLC,1394,Willow Glen,LA,Iberville,5,OS,ST,Electric Utility,1,591.8,485,485,NG,RFO,Y,RFO,DFO,NG,,,,N,, , , , ,,,,,,
55938,Industrial Power Generating Company LLC,56680,Wicomico,MD,Wicomico,1,OP,IC,IPP Non-CHP,2,0.3,0.3,0.3,LFG,DFO,Y,LFG,DFO,,,,,N,, , , , ,,,,,,
55938,Industrial Power Generating Company LLC,56680,Wicomico,MD,Wicomico,10,OP,IC,IPP Non-CHP,2,0.3,0.3,0.3,LFG,DFO,Y,LFG,DFO,,,,,N,, , , , ,,,,,,
55938,Industrial Power Generating Company LLC,56680,Wicomico,MD,Wicomico,11,OP,IC,IPP Non-CHP,2,0.3,0.3,0.3,LFG,DFO,Y,LFG,DFO,,,,,N,, , , , ,,,,,,
55938,Industrial Power Generating Company LLC,56680,Wicomico,MD,Wicomico,12,OP,IC,IPP Non-CHP,2,0.3,0.3,0.3,LFG,DFO,Y,LFG,DFO,,,,,N,, , , , ,,,,,,
55938,Industrial Power Generating Company LLC,56680,Wicomico,MD,Wicomico,13,OP,IC,IPP Non-CHP,2,0.3,0.3,0.3,LFG,DFO,Y,LFG,DFO,,,,,N,, , , , ,,,,,,
55938,Industrial Power Generating Company LLC,56680,Wicomico,MD,Wicomico,14,OP,IC,IPP Non-CHP,2,0.3,0.3,0.3,LFG,DFO,Y,LFG,DFO,,,,,N,, , , , ,,,,,,
55938,Industrial Power Generating Company LLC,56680,Wicomico,MD,Wicomico,15,OP,IC,IPP Non-CHP,2,0.3,0.3,0.3,LFG,DFO,Y,LFG,DFO,,,,,N,, , , , ,,,,,,
55938,Industrial Power Generating Company LLC,56680,Wicomico,MD,Wicomico,16,OP,IC,IPP Non-CHP,2,0.3,0.3,0.3,LFG,DFO,Y,LFG,DFO,,,,,N,, , , , ,,,,,,
55938,Industrial Power Generating Company LLC,56680,Wicomico,MD,Wicomico,17,OP,IC,IPP Non-CHP,2,0.3,0.3,0.3,LFG,DFO,Y,LFG,DFO,,,,,N,, , , , ,,,,,,
55938,Industrial Power Generating Company LLC,56680,Wicomico,MD,Wicomico,18,OP,IC,IPP Non-CHP,2,0.3,0.3,0.3,LFG,DFO,Y,LFG,DFO,,,,,N,, , , , ,,,,,,
55938,Industrial Power Generating Company LLC,56680,Wicomico,MD,Wicomico,2,OP,IC,IPP Non-CHP,2,0.3,0.3,0.3,LFG,DFO,Y,LFG,DFO,,,,,N,, , , , ,,,,,,
55938,Industrial Power Generating Company LLC,56680,Wicomico,MD,Wicomico,3,OP,IC,IPP Non-CHP,2,0.3,0.3,0.3,LFG,DFO,Y,LFG,DFO,,,,,N,, , , , ,,,,,,
55938,Industrial Power Generating Company LLC,56680,Wicomico,MD,Wicomico,4,OP,IC,IPP Non-CHP,2,0.3,0.3,0.3,LFG,DFO,Y,LFG,DFO,,,,,N,, , , , ,,,,,,
55938,Industrial Power Generating Company LLC,56680,Wicomico,MD,Wicomico,5,OP,IC,IPP Non-CHP,2,0.3,0.3,0.3,LFG,DFO,Y,LFG,DFO,,,,,N,, , , , ,,,,,,
55938,Industrial Power Generating Company LLC,56680,Wicomico,MD,Wicomico,6,OP,IC,IPP Non-CHP,2,0.3,0.3,0.3,LFG,DFO,Y,LFG,DFO,,,,,N,, , , , ,,,,,,
55938,Industrial Power Generating Company LLC,56680,Wicomico,MD,Wicomico,7,OP,IC,IPP Non-CHP,2,0.3,0.3,0.3,LFG,DFO,Y,LFG,DFO,,,,,N,, , , , ,,,,,,
55938,Industrial Power Generating Company LLC,56680,Wicomico,MD,Wicomico,8,OP,IC,IPP Non-CHP,2,0.3,0.3,0.3,LFG,DFO,Y,LFG,DFO,,,,,N,, , , , ,,,,,,
55938,Industrial Power Generating Company LLC,56680,Wicomico,MD,Wicomico,9,OP,IC,IPP Non-CHP,2,0.3,0.3,0.3,LFG,DFO,Y,LFG,DFO,,,,,N,, , , , ,,,,,,
55938,Industrial Power Generating Company LLC,56681,Amelia,VA,Amelia,1,OP,IC,IPP Non-CHP,2,0.3,0.3,0.3,LFG,WO,Y,LFG,WO,DFO,,,,N,, , , , ,,,,,,
55938,Industrial Power Generating Company LLC,56681,Amelia,VA,Amelia,10,OP,IC,IPP Non-CHP,2,0.3,0.3,0.3,LFG,WO,Y,LFG,WO,DFO,,,,N,, , , , ,,,,,,
55938,Industrial Power Generating Company LLC,56681,Amelia,VA,Amelia,11,OP,IC,IPP Non-CHP,2,0.3,0.3,0.3,LFG,WO,Y,LFG,WO,DFO,,,,N,, , , , ,,,,,,
55938,Industrial Power Generating Company LLC,56681,Amelia,VA,Amelia,12,OP,IC,IPP Non-CHP,2,0.3,0.3,0.3,LFG,WO,Y,LFG,WO,DFO,,,,N,, , , , ,,,,,,
55938,Industrial Power Generating Company LLC,56681,Amelia,VA,Amelia,13,OP,IC,IPP Non-CHP,2,0.3,0.3,0.3,LFG,WO,Y,LFG,WO,DFO,,,,N,, , , , ,,,,,,
55938,Industrial Power Generating Company LLC,56681,Amelia,VA,Amelia,14,OP,IC,IPP Non-CHP,2,0.3,0.3,0.3,LFG,WO,Y,LFG,WO,DFO,,,,N,, , , , ,,,,,,
55938,Industrial Power Generating Company LLC,56681,Amelia,VA,Amelia,15,OP,IC,IPP Non-CHP,2,0.3,0.3,0.3,LFG,WO,Y,LFG,WO,DFO,,,,N,, , , , ,,,,,,
55938,Industrial Power Generating Company LLC,56681,Amelia,VA,Amelia,16,OP,IC,IPP Non-CHP,2,0.3,0.3,0.3,LFG,WO,Y,LFG,WO,DFO,,,,N,, , , , ,,,,,,
55938,Industrial Power Generating Company LLC,56681,Amelia,VA,Amelia,17,OP,IC,IPP Non-CHP,2,0.3,0.3,0.3,LFG,WO,Y,LFG,WO,DFO,,,,N,, , , , ,,,,,,
55938,Industrial Power Generating Company LLC,56681,Amelia,VA,Amelia,18,OP,IC,IPP Non-CHP,2,0.3,0.3,0.3,LFG,WO,Y,LFG,WO,DFO,,,,N,, , , , ,,,,,,
55938,Industrial Power Generating Company LLC,56681,Amelia,VA,Amelia,19,OP,IC,IPP Non-CHP,2,0.3,0.3,0.3,LFG,WO,Y,LFG,WO,DFO,,,,N,, , , , ,,,,,,
55938,Industrial Power Generating Company LLC,56681,Amelia,VA,Amelia,2,OP,IC,IPP Non-CHP,2,0.3,0.3,0.3,LFG,WO,Y,LFG,WO,DFO,,,,N,, , , , ,,,,,,
55938,Industrial Power Generating Company LLC,56681,Amelia,VA,Amelia,20,OP,IC,IPP Non-CHP,2,0.3,0.3,0.3,LFG,WO,Y,LFG,WO,DFO,,,,N,, , , , ,,,,,,
55938,Industrial Power Generating Company LLC,56681,Amelia,VA,Amelia,21,OP,IC,IPP Non-CHP,2,0.3,0.3,0.3,LFG,WO,Y,LFG,WO,DFO,,,,N,, , , , ,,,,,,
55938,Industrial Power Generating Company LLC,56681,Amelia,VA,Amelia,22,OP,IC,IPP Non-CHP,2,0.3,0.3,0.3,LFG,WO,Y,LFG,WO,DFO,,,,N,, , , , ,,,,,,
55938,Industrial Power Generating Company LLC,56681,Amelia,VA,Amelia,23,OP,IC,IPP Non-CHP,2,0.3,0.3,0.3,LFG,WO,Y,LFG,WO,DFO,,,,N,, , , , ,,,,,,
55938,Industrial Power Generating Company LLC,56681,Amelia,VA,Amelia,24,OP,IC,IPP Non-CHP,2,0.3,0.3,0.3,LFG,WO,Y,LFG,WO,DFO,,,,N,, , , , ,,,,,,
55938,Industrial Power Generating Company LLC,56681,Amelia,VA,Amelia,25,OP,IC,IPP Non-CHP,2,0.3,0.3,0.3,LFG,WO,Y,LFG,WO,DFO,,,,N,, , , , ,,,,,,
55938,Industrial Power Generating Company LLC,56681,Amelia,VA,Amelia,26,OP,IC,IPP Non-CHP,2,0.3,0.3,0.3,LFG,WO,Y,LFG,WO,DFO,,,,N,, , , , ,,,,,,
55938,Industrial Power Generating Company LLC,56681,Amelia,VA,Amelia,27,OP,IC,IPP Non-CHP,2,0.3,0.3,0.3,LFG,WO,Y,LFG,WO,DFO,,,,N,, , , , ,,,,,,
55938,Industrial Power Generating Company LLC,56681,Amelia,VA,Amelia,28,OP,IC,IPP Non-CHP,2,0.3,0.3,0.3,LFG,WO,Y,LFG,WO,DFO,,,,N,, , , , ,,,,,,
55938,Industrial Power Generating Company LLC,56681,Amelia,VA,Amelia,29,OP,IC,IPP Non-CHP,2,0.3,0.3,0.3,LFG,WO,Y,LFG,WO,DFO,,,,N,, , , , ,,,,,,
55938,Industrial Power Generating Company LLC,56681,Amelia,VA,Amelia,3,OP,IC,IPP Non-CHP,2,0.3,0.3,0.3,LFG,WO,Y,LFG,WO,DFO,,,,N,, , , , ,,,,,,
55938,Industrial Power Generating Company LLC,56681,Amelia,VA,Amelia,30,OP,IC,IPP Non-CHP,2,0.3,0.3,0.3,LFG,WO,Y,LFG,WO,DFO,,,,N,, , , , ,,,,,,
55938,Industrial Power Generating Company LLC,56681,Amelia,VA,Amelia,31,OP,IC,IPP Non-CHP,2,0.3,0.3,0.3,LFG,WO,Y,LFG,DFO,WO,,,,N,, , , , ,,,,,,
55938,Industrial Power Generating Company LLC,56681,Amelia,VA,Amelia,32,OP,IC,IPP Non-CHP,2,0.3,0.3,0.3,LFG,WO,Y,LFG,DFO,WO,,,,N,, , , , ,,,,,,
55938,Industrial Power Generating Company LLC,56681,Amelia,VA,Amelia,33,OP,IC,IPP Non-CHP,2,0.3,0.3,0.3,LFG,WO,Y,LFG,DFO,WO,,,,N,, , , , ,,,,,,
55938,Industrial Power Generating Company LLC,56681,Amelia,VA,Amelia,34,OP,IC,IPP Non-CHP,2,0.3,0.3,0.3,LFG,WO,Y,LFG,DFO,WO,,,,N,, , , , ,,,,,,
55938,Industrial Power Generating Company LLC,56681,Amelia,VA,Amelia,35,OP,IC,IPP Non-CHP,2,0.3,0.3,0.3,LFG,WO,Y,LFG,DFO,WO,,,,N,, , , , ,,,,,,
55938,Industrial Power Generating Company LLC,56681,Amelia,VA,Amelia,36,OP,IC,IPP Non-CHP,2,0.3,0.3,0.3,LFG,WO,Y,LFG,DFO,WO,,,,N,, , , , ,,,,,,
55938,Industrial Power Generating Company LLC,56681,Amelia,VA,Amelia,37,OP,IC,IPP Non-CHP,2,0.3,0.3,0.3,LFG,WO,Y,LFG,DFO,WO,,,,N,, , , , ,,,,,,
55938,Industrial Power Generating Company LLC,56681,Amelia,VA,Amelia,38,OP,IC,IPP Non-CHP,2,0.3,0.3,0.3,LFG,WO,Y,LFG,DFO,WO,,,,N,, , , , ,,,,,,
55938,Industrial Power Generating Company LLC,56681,Amelia,VA,Amelia,39,OP,IC,IPP Non-CHP,2,0.3,0.3,0.3,LFG,WO,Y,LFG,DFO,WO,,,,N,, , , , ,,,,,,
55938,Industrial Power Generating Company LLC,56681,Amelia,VA,Amelia,4,OP,IC,IPP Non-CHP,2,0.3,0.3,0.3,LFG,WO,Y,LFG,DFO,WO,,,,N,, , , , ,,,,,,
55938,Industrial Power Generating Company LLC,56681,Amelia,VA,Amelia,40,OP,IC,IPP Non-CHP,2,0.3,0.3,0.3,LFG,WO,Y,LFG,DFO,WO,,,,N,, , , , ,,,,,,
55938,Industrial Power Generating Company LLC,56681,Amelia,VA,Amelia,41,OP,IC,IPP Non-CHP,2,0.3,0.3,0.3,LFG,WO,Y,LFG,DFO,WO,,,,N,, , , , ,,,,,,
55938,Industrial Power Generating Company LLC,56681,Amelia,VA,Amelia,42,OP,IC,IPP Non-CHP,2,0.3,0.3,0.3,LFG,WO,Y,LFG,DFO,WO,,,,N,, , , , ,,,,,,
55938,Industrial Power Generating Company LLC,56681,Amelia,VA,Amelia,43,OP,IC,IPP Non-CHP,2,0.3,0.3,0.3,LFG,WO,Y,LFG,DFO,WO,,,,N,, , , , ,,,,,,
55938,Industrial Power Generating Company LLC,56681,Amelia,VA,Amelia,44,OP,IC,IPP Non-CHP,2,0.3,0.3,0.3,LFG,WO,Y,LFG,DFO,WO,,,,N,, , , , ,,,,,,
55938,Industrial Power Generating Company LLC,56681,Amelia,VA,Amelia,45,OP,IC,IPP Non-CHP,2,0.3,0.3,0.3,LFG,WO,Y,LFG,DFO,WO,,,,N,, , , , ,,,,,,
55938,Industrial Power Generating Company LLC,56681,Amelia,VA,Amelia,46,OP,IC,IPP Non-CHP,2,0.3,0.3,0.3,LFG,WO,Y,LFG,DFO,WO,,,,N,, , , , ,,,,,,
55938,Industrial Power Generating Company LLC,56681,Amelia,VA,Amelia,47,OP,IC,IPP Non-CHP,2,0.3,0.3,0.3,LFG,WO,Y,LFG,DFO,WO,,,,N,, , , , ,,,,,,
55938,Industrial Power Generating Company LLC,56681,Amelia,VA,Amelia,48,OP,IC,IPP Non-CHP,2,0.3,0.3,0.3,LFG,WO,Y,LFG,WO,DFO,,,,N,, , , , ,,,,,,
55938,Industrial Power Generating Company LLC,56681,Amelia,VA,Amelia,5,OP,IC,IPP Non-CHP,2,0.3,0.3,0.3,LFG,WO,Y,LFG,WO,DFO,,,,N,, , , , ,,,,,,
55938,Industrial Power Generating Company LLC,56681,Amelia,VA,Amelia,6,OP,IC,IPP Non-CHP,2,0.3,0.3,0.3,LFG,WO,Y,LFG,WO,DFO,,,,N,, , , , ,,,,,,
55938,Industrial Power Generating Company LLC,56681,Amelia,VA,Amelia,7,OP,IC,IPP Non-CHP,2,0.3,0.3,0.3,LFG,WO,Y,LFG,WO,DFO,,,,N,, , , , ,,,,,,
55938,Industrial Power Generating Company LLC,56681,Amelia,VA,Amelia,8,OP,IC,IPP Non-CHP,2,0.3,0.3,0.3,LFG,WO,Y,LFG,WO,DFO,,,,N,, , , , ,,,,,,
55938,Industrial Power Generating Company LLC,56681,Amelia,VA,Amelia,9,OP,IC,IPP Non-CHP,2,0.3,0.3,0.3,LFG,WO,Y,LFG,WO,DFO,,,,N,, , , , ,,,,,,
55938,Industrial Power Generating Company LLC,56682,Brunswick Landfill Gas,VA,Brunswick,10,OP,IC,IPP Non-CHP,2,0.3,0.3,0.3,LFG,DFO,Y,LFG,DFO,,,,,,, , , , ,,,,,,
55938,Industrial Power Generating Company LLC,56682,Brunswick Landfill Gas,VA,Brunswick,11,OP,IC,IPP Non-CHP,2,0.3,0.3,0.3,LFG,DFO,Y,LFG,DFO,,,,,,, , , , ,,,,,,
55938,Industrial Power Generating Company LLC,56682,Brunswick Landfill Gas,VA,Brunswick,12,OP,IC,IPP Non-CHP,2,0.3,0.3,0.3,LFG,DFO,Y,LFG,DFO,,,,,,, , , , ,,,,,,
55938,Industrial Power Generating Company LLC,56682,Brunswick Landfill Gas,VA,Brunswick,13,OP,IC,IPP Non-CHP,2,0.3,0.3,0.3,LFG,DFO,Y,LFG,DFO,,,,,,, , , , ,,,,,,
55938,Industrial Power Generating Company LLC,56682,Brunswick Landfill Gas,VA,Brunswick,14,OP,IC,IPP Non-CHP,2,0.3,0.3,0.3,LFG,DFO,Y,LFG,DFO,,,,,,, , , , ,,,,,,
55938,Industrial Power Generating Company LLC,56682,Brunswick Landfill Gas,VA,Brunswick,15,OP,IC,IPP Non-CHP,2,0.3,0.3,0.3,LFG,DFO,Y,LFG,DFO,,,,,,, , , , ,,,,,,
55938,Industrial Power Generating Company LLC,56682,Brunswick Landfill Gas,VA,Brunswick,16,OP,IC,IPP Non-CHP,2,0.3,0.3,0.3,LFG,DFO,Y,LFG,DFO,,,,,N,, , , , ,,,,,,
55938,Industrial Power Generating Company LLC,56682,Brunswick Landfill Gas,VA,Brunswick,17,OP,IC,IPP Non-CHP,2,0.3,0.3,0.3,LFG,DFO,Y,LFG,DFO,,,,,N,, , , , ,,,,,,
55938,Industrial Power Generating Company LLC,56682,Brunswick Landfill Gas,VA,Brunswick,18,OP,IC,IPP Non-CHP,2,0.3,0.3,0.3,LFG,DFO,Y,LFG,DFO,,,,,N,, , , , ,,,,,,
55938,Industrial Power Generating Company LLC,56682,Brunswick Landfill Gas,VA,Brunswick,19,OP,IC,IPP Non-CHP,2,0.3,0.3,0.3,LFG,DFO,Y,LFG,DFO,,,,,N,, , , , ,,,,,,
55938,Industrial Power Generating Company LLC,56682,Brunswick Landfill Gas,VA,Brunswick,2,OP,IC,IPP Non-CHP,2,0.3,0.3,0.3,LFG,DFO,Y,LFG,DFO,,,,,N,, , , , ,,,,,,
55938,Industrial Power Generating Company LLC,56682,Brunswick Landfill Gas,VA,Brunswick,20,OP,IC,IPP Non-CHP,2,0.3,0.3,0.3,LFG,DFO,Y,LFG,DFO,,,,,N,, , , , ,,,,,,
55938,Industrial Power Generating Company LLC,56682,Brunswick Landfill Gas,VA,Brunswick,21,OP,IC,IPP Non-CHP,2,0.3,0.3,0.3,LFG,DFO,Y,LFG,DFO,,,,,N,, , , , ,,,,,,
55938,Industrial Power Generating Company LLC,56682,Brunswick Landfill Gas,VA,Brunswick,22,OP,IC,IPP Non-CHP,2,0.3,0.3,0.3,LFG,DFO,Y,LFG,DFO,,,,,N,, , , , ,,,,,,
55938,Industrial Power Generating Company LLC,56682,Brunswick Landfill Gas,VA,Brunswick,23,OP,IC,IPP Non-CHP,2,0.3,0.3,0.3,LFG,DFO,Y,LFG,DFO,,,,,N,, , , , ,,,,,,
55938,Industrial Power Generating Company LLC,56682,Brunswick Landfill Gas,VA,Brunswick,24,OP,IC,IPP Non-CHP,2,0.3,0.3,0.3,LFG,DFO,Y,LFG,DFO,,,,,N,, , , , ,,,,,,
55938,Industrial Power Generating Company LLC,56682,Brunswick Landfill Gas,VA,Brunswick,25,OP,IC,IPP Non-CHP,2,0.3,0.3,0.3,LFG,DFO,Y,LFG,DFO,,,,,N,, , , , ,,,,,,
55938,Industrial Power Generating Company LLC,56682,Brunswick Landfill Gas,VA,Brunswick,26,OP,IC,IPP Non-CHP,2,0.3,0.3,0.3,LFG,DFO,Y,LFG,DFO,,,,,N,, , , , ,,,,,,
55938,Industrial Power Generating Company LLC,56682,Brunswick Landfill Gas,VA,Brunswick,27,OP,IC,IPP Non-CHP,2,0.3,0.3,0.3,LFG,DFO,Y,LFG,DFO,,,,,N,, , , , ,,,,,,
55938,Industrial Power Generating Company LLC,56682,Brunswick Landfill Gas,VA,Brunswick,28,OP,IC,IPP Non-CHP,2,0.3,0.3,0.3,LFG,DFO,Y,LFG,DFO,,,,,N,, , , , ,,,,,,
55938,Industrial Power Generating Company LLC,56682,Brunswick Landfill Gas,VA,Brunswick,29,OP,IC,IPP Non-CHP,2,0.3,0.3,0.3,LFG,DFO,Y,LFG,DFO,,,,,N,, , , , ,,,,,,
55938,Industrial Power Generating Company LLC,56682,Brunswick Landfill Gas,VA,Brunswick,3,OP,IC,IPP Non-CHP,2,0.3,0.3,0.3,LFG,DFO,Y,LFG,DFO,,,,,N,, , , , ,,,,,,
55938,Industrial Power Generating Company LLC,56682,Brunswick Landfill Gas,VA,Brunswick,30,OP,IC,IPP Non-CHP,2,0.3,0.3,0.3,LFG,DFO,Y,LFG,DFO,,,,,N,, , , , ,,,,,,
55938,Industrial Power Generating Company LLC,56682,Brunswick Landfill Gas,VA,Brunswick,31,OP,IC,IPP Non-CHP,2,0.3,0.3,0.3,LFG,DFO,Y,LFG,DFO,,,,,N,, , , , ,,,,,,
55938,Industrial Power Generating Company LLC,56682,Brunswick Landfill Gas,VA,Brunswick,32,OP,IC,IPP Non-CHP,2,0.3,0.3,0.3,LFG,DFO,Y,LFG,DFO,,,,,N,, , , , ,,,,,,
55938,Industrial Power Generating Company LLC,56682,Brunswick Landfill Gas,VA,Brunswick,33,OP,IC,IPP Non-CHP,2,0.3,0.3,0.3,LFG,DFO,Y,LFG,DFO,,,,,N,, , , , ,,,,,,
55938,Industrial Power Generating Company LLC,56682,Brunswick Landfill Gas,VA,Brunswick,34,OP,IC,IPP Non-CHP,2,0.3,0.3,0.3,LFG,DFO,Y,LFG,DFO,,,,,N,, , , , ,,,,,,
55938,Industrial Power Generating Company LLC,56682,Brunswick Landfill Gas,VA,Brunswick,35,OP,IC,IPP Non-CHP,2,0.3,0.3,0.3,LFG,DFO,Y,LFG,DFO,,,,,N,, , , , ,,,,,,
55938,Industrial Power Generating Company LLC,56682,Brunswick Landfill Gas,VA,Brunswick,36,OP,IC,IPP Non-CHP,2,0.3,0.3,0.3,LFG,DFO,Y,LFG,DFO,,,,,N,, , , , ,,,,,,
55938,Industrial Power Generating Company LLC,56682,Brunswick Landfill Gas,VA,Brunswick,4,OP,IC,IPP Non-CHP,2,0.3,0.3,0.3,LFG,DFO,Y,LFG,DFO,,,,,N,, , , , ,,,,,,
55938,Industrial Power Generating Company LLC,56682,Brunswick Landfill Gas,VA,Brunswick,5,OP,IC,IPP Non-CHP,2,0.3,0.3,0.3,LFG,DFO,Y,LFG,DFO,,,,,N,, , , , ,,,,,,
55938,Industrial Power Generating Company LLC,56682,Brunswick Landfill Gas,VA,Brunswick,6,OP,IC,IPP Non-CHP,2,0.3,0.3,0.3,LFG,DFO,Y,LFG,DFO,,,,,N,, , , , ,,,,,,
55938,Industrial Power Generating Company LLC,56682,Brunswick Landfill Gas,VA,Brunswick,7,OP,IC,IPP Non-CHP,2,0.3,0.3,0.3,LFG,DFO,Y,LFG,DFO,,,,,N,, , , , ,,,,,,
55938,Industrial Power Generating Company LLC,56682,Brunswick Landfill Gas,VA,Brunswick,8,OP,IC,IPP Non-CHP,2,0.3,0.3,0.3,LFG,DFO,Y,LFG,DFO,,,,,N,, , , , ,,,,,,
55938,Industrial Power Generating Company LLC,56682,Brunswick Landfill Gas,VA,Brunswick,9,OP,IC,IPP Non-CHP,2,0.3,0.3,0.3,LFG,DFO,Y,LFG,DFO,,,,,N,, , , , ,,,,,,
55938,Industrial Power Generating Company LLC,56683,Charles City,VA,Charles City,1,OP,IC,IPP Non-CHP,2,0.3,0.3,0.3,LFG,WO,Y,LFG,WO,DFO,,,,N,, , , , ,,,,,,
55938,Industrial Power Generating Company LLC,56683,Charles City,VA,Charles City,10,OP,IC,IPP Non-CHP,2,0.3,0.3,0.3,LFG,WO,Y,LFG,WO,DFO,,,,N,, , , , ,,,,,,
55938,Industrial Power Generating Company LLC,56683,Charles City,VA,Charles City,11,OP,IC,IPP Non-CHP,2,0.3,0.3,0.3,LFG,WO,Y,LFG,WO,DFO,,,,N,, , , , ,,,,,,
55938,Industrial Power Generating Company LLC,56683,Charles City,VA,Charles City,12,OP,IC,IPP Non-CHP,2,0.3,0.3,0.3,LFG,WO,Y,LFG,DFO,WO,,,,,, , , , ,,,,,,
55938,Industrial Power Generating Company LLC,56683,Charles City,VA,Charles City,13,OP,IC,IPP Non-CHP,2,0.3,0.3,0.3,LFG,WO,Y,LFG,DFO,WO,,,,,, , , , ,,,,,,
55938,Industrial Power Generating Company LLC,56683,Charles City,VA,Charles City,14,OP,IC,IPP Non-CHP,2,0.3,0.3,0.3,LFG,WO,Y,LFG,DFO,WO,,,,,, , , , ,,,,,,
55938,Industrial Power Generating Company LLC,56683,Charles City,VA,Charles City,15,OP,IC,IPP Non-CHP,2,0.3,0.3,0.3,LFG,WO,Y,LFG,DFO,WO,,,,N,, , , , ,,,,,,
55938,Industrial Power Generating Company LLC,56683,Charles City,VA,Charles City,16,OP,IC,IPP Non-CHP,2,0.3,0.3,0.3,LFG,WO,Y,LFG,DFO,WO,,,,N,, , , , ,,,,,,
55938,Industrial Power Generating Company LLC,56683,Charles City,VA,Charles City,17,OP,IC,IPP Non-CHP,2,0.3,0.3,0.3,LFG,WO,Y,LFG,DFO,WO,,,,N,, , , , ,,,,,,
55938,Industrial Power Generating Company LLC,56683,Charles City,VA,Charles City,18,OP,IC,IPP Non-CHP,2,0.3,0.3,0.3,LFG,WO,Y,LFG,DFO,WO,,,,N,, , , , ,,,,,,
55938,Industrial Power Generating Company LLC,56683,Charles City,VA,Charles City,19,OP,IC,IPP Non-CHP,2,0.3,0.3,0.3,LFG,WO,Y,LFG,DFO,WO,,,,N,, , , , ,,,,,,
55938,Industrial Power Generating Company LLC,56683,Charles City,VA,Charles City,2,OP,IC,IPP Non-CHP,2,0.3,0.3,0.3,LFG,WO,Y,LFG,DFO,WO,,,,N,, , , , ,,,,,,
55938,Industrial Power Generating Company LLC,56683,Charles City,VA,Charles City,20,OP,IC,IPP Non-CHP,2,0.3,0.3,0.3,LFG,WO,Y,LFG,DFO,WO,,,,N,, , , , ,,,,,,
55938,Industrial Power Generating Company LLC,56683,Charles City,VA,Charles City,21,OP,IC,IPP Non-CHP,2,0.3,0.3,0.3,LFG,WO,Y,LFG,DFO,WO,,,,N,, , , , ,,,,,,
55938,Industrial Power Generating Company LLC,56683,Charles City,VA,Charles City,22,OP,IC,IPP Non-CHP,2,0.3,0.3,0.3,LFG,WO,Y,LFG,DFO,WO,,,,N,, , , , ,,,,,,
55938,Industrial Power Generating Company LLC,56683,Charles City,VA,Charles City,23,OP,IC,IPP Non-CHP,2,0.3,0.3,0.3,LFG,WO,Y,LFG,DFO,WO,,,,N,, , , , ,,,,,,
55938,Industrial Power Generating Company LLC,56683,Charles City,VA,Charles City,24,OP,IC,IPP Non-CHP,2,0.3,0.3,0.3,LFG,WO,Y,LFG,DFO,WO,,,,N,, , , , ,,,,,,
55938,Industrial Power Generating Company LLC,56683,Charles City,VA,Charles City,25,OP,IC,IPP Non-CHP,2,0.3,0.3,0.3,LFG,WO,Y,LFG,DFO,WO,,,,N,, , , , ,,,,,,
55938,Industrial Power Generating Company LLC,56683,Charles City,VA,Charles City,26,OP,IC,IPP Non-CHP,2,0.3,0.3,0.3,LFG,WO,Y,LFG,DFO,WO,,,,N,, , , , ,,,,,,
55938,Industrial Power Generating Company LLC,56683,Charles City,VA,Charles City,27,OP,IC,IPP Non-CHP,2,0.3,0.3,0.3,LFG,WO,Y,LFG,DFO,WO,,,,N,, , , , ,,,,,,
55938,Industrial Power Generating Company LLC,56683,Charles City,VA,Charles City,28,OP,IC,IPP Non-CHP,2,0.3,0.3,0.3,LFG,WO,Y,LFG,DFO,WO,,,,N,, , , , ,,,,,,
55938,Industrial Power Generating Company LLC,56683,Charles City,VA,Charles City,29,OP,IC,IPP Non-CHP,2,0.3,0.3,0.3,LFG,WO,Y,LFG,DFO,WO,,,,N,, , , , ,,,,,,
55938,Industrial Power Generating Company LLC,56683,Charles City,VA,Charles City,3,OP,IC,IPP Non-CHP,2,0.3,0.3,0.3,LFG,WO,Y,LFG,DFO,WO,,,,N,, , , , ,,,,,,
55938,Industrial Power Generating Company LLC,56683,Charles City,VA,Charles City,30,OP,IC,IPP Non-CHP,2,0.3,0.3,0.3,LFG,WO,Y,LFG,DFO,WO,,,,N,, , , , ,,,,,,
55938,Industrial Power Generating Company LLC,56683,Charles City,VA,Charles City,31,OP,IC,IPP Non-CHP,2,0.3,0.3,0.3,LFG,WO,Y,LFG,DFO,WO,,,,N,, , , , ,,,,,,
55938,Industrial Power Generating Company LLC,56683,Charles City,VA,Charles City,32,OP,IC,IPP Non-CHP,2,0.3,0.3,0.3,LFG,WO,Y,LFG,DFO,WO,,,,N,, , , , ,,,,,,
55938,Industrial Power Generating Company LLC,56683,Charles City,VA,Charles City,33,OP,IC,IPP Non-CHP,2,0.3,0.3,0.3,LFG,WO,Y,LFG,DFO,WO,,,,N,, , , , ,,,,,,
55938,Industrial Power Generating Company LLC,56683,Charles City,VA,Charles City,34,OP,IC,IPP Non-CHP,2,0.3,0.3,0.3,LFG,WO,Y,LFG,DFO,WO,,,,N,, , , , ,,,,,,
55938,Industrial Power Generating Company LLC,56683,Charles City,VA,Charles City,35,OP,IC,IPP Non-CHP,2,0.3,0.3,0.3,LFG,WO,Y,LFG,DFO,WO,,,,N,, , , , ,,,,,,
55938,Industrial Power Generating Company LLC,56683,Charles City,VA,Charles City,36,OP,IC,IPP Non-CHP,2,0.3,0.3,0.3,LFG,WO,Y,LFG,DFO,WO,,,,N,, , , , ,,,,,,
55938,Industrial Power Generating Company LLC,56683,Charles City,VA,Charles City,37,OP,IC,IPP Non-CHP,2,0.3,0.3,0.3,LFG,WO,Y,LFG,DFO,WO,,,,N,, , , , ,,,,,,
55938,Industrial Power Generating Company LLC,56683,Charles City,VA,Charles City,38,OP,IC,IPP Non-CHP,2,0.3,0.3,0.3,LFG,WO,Y,LFG,DFO,WO,,,,N,, , , , ,,,,,,
55938,Industrial Power Generating Company LLC,56683,Charles City,VA,Charles City,39,OP,IC,IPP Non-CHP,2,0.3,0.3,0.3,LFG,WO,Y,LFG,DFO,WO,,,,N,, , , , ,,,,,,
55938,Industrial Power Generating Company LLC,56683,Charles City,VA,Charles City,4,OP,IC,IPP Non-CHP,2,0.3,0.3,0.3,LFG,WO,Y,LFG,DFO,WO,,,,N,, , , , ,,,,,,
55938,Industrial Power Generating Company LLC,56683,Charles City,VA,Charles City,40,OP,IC,IPP Non-CHP,2,0.3,0.3,0.3,LFG,WO,Y,LFG,DFO,WO,,,,N,, , , , ,,,,,,
55938,Industrial Power Generating Company LLC,56683,Charles City,VA,Charles City,41,OP,IC,IPP Non-CHP,2,0.3,0.3,0.3,LFG,WO,Y,LFG,DFO,WO,,,,N,, , , , ,,,,,,
55938,Industrial Power Generating Company LLC,56683,Charles City,VA,Charles City,42,OP,IC,IPP Non-CHP,2,0.3,0.3,0.3,LFG,WO,Y,LFG,DFO,WO,,,,N,, , , , ,,,,,,
55938,Industrial Power Generating Company LLC,56683,Charles City,VA,Charles City,43,OP,IC,IPP Non-CHP,2,0.3,0.3,0.3,LFG,WO,Y,LFG,DFO,WO,,,,N,, , , , ,,,,,,
55938,Industrial Power Generating Company LLC,56683,Charles City,VA,Charles City,44,OP,IC,IPP Non-CHP,2,0.3,0.3,0.3,LFG,WO,Y,LFG,DFO,WO,,,,N,, , , , ,,,,,,
55938,Industrial Power Generating Company LLC,56683,Charles City,VA,Charles City,45,OP,IC,IPP Non-CHP,2,0.3,0.3,0.3,LFG,WO,Y,LFG,DFO,WO,,,,N,, , , , ,,,,,,
55938,Industrial Power Generating Company LLC,56683,Charles City,VA,Charles City,46,OP,IC,IPP Non-CHP,2,0.3,0.3,0.3,LFG,WO,Y,LFG,DFO,WO,,,,N,, , , , ,,,,,,
55938,Industrial Power Generating Company LLC,56683,Charles City,VA,Charles City,47,OP,IC,IPP Non-CHP,2,0.3,0.3,0.3,LFG,WO,Y,LFG,DFO,WO,,,,N,, , , , ,,,,,,
55938,Industrial Power Generating Company LLC,56683,Charles City,VA,Charles City,48,OP,IC,IPP Non-CHP,2,0.3,0.3,0.3,LFG,WO,Y,LFG,DFO,WO,,,,N,, , , , ,,,,,,
55938,Industrial Power Generating Company LLC,56683,Charles City,VA,Charles City,5,OP,IC,IPP Non-CHP,2,0.3,0.3,0.3,LFG,WO,Y,LFG,DFO,WO,,,,N,, , , , ,,,,,,
55938,Industrial Power Generating Company LLC,56683,Charles City,VA,Charles City,6,OP,IC,IPP Non-CHP,2,0.3,0.3,0.3,LFG,WO,Y,LFG,DFO,WO,,,,N,, , , , ,,,,,,
55938,Industrial Power Generating Company LLC,56683,Charles City,VA,Charles City,7,OP,IC,IPP Non-CHP,2,0.3,0.3,0.3,LFG,WO,Y,LFG,DFO,WO,,,,N,, , , , ,,,,,,
55938,Industrial Power Generating Company LLC,56683,Charles City,VA,Charles City,8,OP,IC,IPP Non-CHP,2,0.3,0.3,0.3,LFG,WO,Y,LFG,DFO,WO,,,,N,, , , , ,,,,,,
55938,Industrial Power Generating Company LLC,56683,Charles City,VA,Charles City,9,OP,IC,IPP Non-CHP,2,0.3,0.3,0.3,LFG,WO,Y,LFG,DFO,WO,,,,N,, , , , ,,,,,,
55938,Industrial Power Generating Company LLC,56684,Chesterfield Landfill Gas,VA,Chesterfield,1,OP,IC,IPP Non-CHP,2,0.3,0.3,0.3,LFG,DFO,Y,LFG,DFO,,,,,N,, , , , ,,,,,,
55938,Industrial Power Generating Company LLC,56684,Chesterfield Landfill Gas,VA,Chesterfield,10,OP,IC,IPP Non-CHP,2,0.3,0.3,0.3,LFG,DFO,Y,LFG,DFO,,,,,N,, , , , ,,,,,,
55938,Industrial Power Generating Company LLC,56684,Chesterfield Landfill Gas,VA,Chesterfield,11,OP,IC,IPP Non-CHP,2,0.3,0.3,0.3,LFG,DFO,Y,LFG,DFO,,,,,N,, , , , ,,,,,,
55938,Industrial Power Generating Company LLC,56684,Chesterfield Landfill Gas,VA,Chesterfield,12,OP,IC,IPP Non-CHP,2,0.3,0.3,0.3,LFG,DFO,Y,LFG,DFO,,,,,N,, , , , ,,,,,,
55938,Industrial Power Generating Company LLC,56684,Chesterfield Landfill Gas,VA,Chesterfield,13,OP,IC,IPP Non-CHP,2,0.3,0.3,0.3,LFG,DFO,Y,LFG,DFO,,,,,N,, , , , ,,,,,,
55938,Industrial Power Generating Company LLC,56684,Chesterfield Landfill Gas,VA,Chesterfield,14,OP,IC,IPP Non-CHP,2,0.3,0.3,0.3,LFG,DFO,Y,LFG,DFO,,,,,N,, , , , ,,,,,,
55938,Industrial Power Generating Company LLC,56684,Chesterfield Landfill Gas,VA,Chesterfield,15,OP,IC,IPP Non-CHP,2,0.3,0.3,0.3,LFG,DFO,Y,LFG,DFO,,,,,N,, , , , ,,,,,,
55938,Industrial Power Generating Company LLC,56684,Chesterfield Landfill Gas,VA,Chesterfield,16,OP,IC,IPP Non-CHP,2,0.3,0.3,0.3,LFG,DFO,Y,LFG,DFO,,,,,N,, , , , ,,,,,,
55938,Industrial Power Generating Company LLC,56684,Chesterfield Landfill Gas,VA,Chesterfield,17,OP,IC,IPP Non-CHP,2,0.3,0.3,0.3,LFG,DFO,Y,LFG,DFO,,,,,N,, , , , ,,,,,,
55938,Industrial Power Generating Company LLC,56684,Chesterfield Landfill Gas,VA,Chesterfield,18,OP,IC,IPP Non-CHP,2,0.3,0.3,0.3,LFG,DFO,Y,LFG,DFO,,,,,N,, , , , ,,,,,,
55938,Industrial Power Generating Company LLC,56684,Chesterfield Landfill Gas,VA,Chesterfield,19,OP,IC,IPP Non-CHP,2,0.3,0.3,0.3,LFG,DFO,Y,LFG,DFO,,,,,N,, , , , ,,,,,,
55938,Industrial Power Generating Company LLC,56684,Chesterfield Landfill Gas,VA,Chesterfield,2,OP,IC,IPP Non-CHP,2,0.3,0.3,0.3,LFG,DFO,Y,LFG,DFO,,,,,N,, , , , ,,,,,,
55938,Industrial Power Generating Company LLC,56684,Chesterfield Landfill Gas,VA,Chesterfield,20,OP,IC,IPP Non-CHP,2,0.3,0.3,0.3,LFG,DFO,Y,LFG,DFO,,,,,N,, , , , ,,,,,,
55938,Industrial Power Generating Company LLC,56684,Chesterfield Landfill Gas,VA,Chesterfield,21,OP,IC,IPP Non-CHP,2,0.3,0.3,0.3,LFG,DFO,Y,LFG,DFO,,,,,N,, , , , ,,,,,,
55938,Industrial Power Generating Company LLC,56684,Chesterfield Landfill Gas,VA,Chesterfield,22,OP,IC,IPP Non-CHP,2,0.3,0.3,0.3,LFG,DFO,Y,LFG,DFO,,,,,N,, , , , ,,,,,,
55938,Industrial Power Generating Company LLC,56684,Chesterfield Landfill Gas,VA,Chesterfield,23,OP,IC,IPP Non-CHP,2,0.3,0.3,0.3,LFG,DFO,Y,LFG,DFO,,,,,N,, , , , ,,,,,,
55938,Industrial Power Generating Company LLC,56684,Chesterfield Landfill Gas,VA,Chesterfield,24,OP,IC,IPP Non-CHP,2,0.3,0.3,0.3,LFG,DFO,Y,LFG,DFO,,,,,N,, , , , ,,,,,,
55938,Industrial Power Generating Company LLC,56684,Chesterfield Landfill Gas,VA,Chesterfield,25,OP,IC,IPP Non-CHP,2,0.3,0.3,0.3,LFG,DFO,Y,LFG,DFO,,,,,N,, , , , ,,,,,,
55938,Industrial Power Generating Company LLC,56684,Chesterfield Landfill Gas,VA,Chesterfield,26,OP,IC,IPP Non-CHP,2,0.3,0.3,0.3,LFG,DFO,Y,LFG,DFO,,,,,N,, , , , ,,,,,,
55938,Industrial Power Generating Company LLC,56684,Chesterfield Landfill Gas,VA,Chesterfield,27,OP,IC,IPP Non-CHP,2,0.3,0.3,0.3,LFG,DFO,Y,LFG,DFO,,,,,N,, , , , ,,,,,,
55938,Industrial Power Generating Company LLC,56684,Chesterfield Landfill Gas,VA,Chesterfield,28,OP,IC,IPP Non-CHP,2,0.3,0.3,0.3,LFG,DFO,Y,LFG,DFO,,,,,N,, , , , ,,,,,,
55938,Industrial Power Generating Company LLC,56684,Chesterfield Landfill Gas,VA,Chesterfield,29,OP,IC,IPP Non-CHP,2,0.3,0.3,0.3,LFG,DFO,Y,LFG,DFO,,,,,N,, , , , ,,,,,,
55938,Industrial Power Generating Company LLC,56684,Chesterfield Landfill Gas,VA,Chesterfield,3,OP,IC,IPP Non-CHP,2,0.3,0.3,0.3,LFG,DFO,Y,LFG,DFO,,,,,N,, , , , ,,,,,,
55938,Industrial Power Generating Company LLC,56684,Chesterfield Landfill Gas,VA,Chesterfield,30,OP,IC,IPP Non-CHP,2,0.3,0.3,0.3,LFG,DFO,Y,LFG,DFO,,,,,N,, , , , ,,,,,,
55938,Industrial Power Generating Company LLC,56684,Chesterfield Landfill Gas,VA,Chesterfield,31,OP,IC,IPP Non-CHP,2,0.3,0.3,0.3,LFG,DFO,Y,LFG,DFO,,,,,N,, , , , ,,,,,,
55938,Industrial Power Generating Company LLC,56684,Chesterfield Landfill Gas,VA,Chesterfield,32,OP,IC,IPP Non-CHP,2,0.3,0.3,0.3,LFG,DFO,Y,LFG,DFO,,,,,N,, , , , ,,,,,,
55938,Industrial Power Generating Company LLC,56684,Chesterfield Landfill Gas,VA,Chesterfield,33,OP,IC,IPP Non-CHP,2,0.3,0.3,0.3,LFG,DFO,Y,LFG,DFO,,,,,N,, , , , ,,,,,,
55938,Industrial Power Generating Company LLC,56684,Chesterfield Landfill Gas,VA,Chesterfield,34,OP,IC,IPP Non-CHP,2,0.3,0.3,0.3,LFG,DFO,Y,LFG,DFO,,,,,N,, , , , ,,,,,,
55938,Industrial Power Generating Company LLC,56684,Chesterfield Landfill Gas,VA,Chesterfield,35,OP,IC,IPP Non-CHP,2,0.3,0.3,0.3,LFG,DFO,Y,LFG,DFO,,,,,N,, , , , ,,,,,,
55938,Industrial Power Generating Company LLC,56684,Chesterfield Landfill Gas,VA,Chesterfield,36,OP,IC,IPP Non-CHP,2,0.3,0.3,0.3,LFG,DFO,Y,LFG,DFO,,,,,N,, , , , ,,,,,,
55938,Industrial Power Generating Company LLC,56684,Chesterfield Landfill Gas,VA,Chesterfield,37,OP,IC,IPP Non-CHP,2,0.3,0.3,0.3,LFG,DFO,Y,LFG,DFO,,,,,N,, , , , ,,,,,,
55938,Industrial Power Generating Company LLC,56684,Chesterfield Landfill Gas,VA,Chesterfield,38,OP,IC,IPP Non-CHP,2,0.3,0.3,0.3,LFG,DFO,Y,LFG,DFO,,,,,N,, , , , ,,,,,,
55938,Industrial Power Generating Company LLC,56684,Chesterfield Landfill Gas,VA,Chesterfield,39,OP,IC,IPP Non-CHP,2,0.3,0.3,0.3,LFG,DFO,Y,LFG,DFO,,,,,N,, , , , ,,,,,,
55938,Industrial Power Generating Company LLC,56684,Chesterfield Landfill Gas,VA,Chesterfield,4,OP,IC,IPP Non-CHP,2,0.3,0.3,0.3,LFG,DFO,Y,LFG,DFO,,,,,N,, , , , ,,,,,,
55938,Industrial Power Generating Company LLC,56684,Chesterfield Landfill Gas,VA,Chesterfield,40,OP,IC,IPP Non-CHP,2,0.3,0.3,0.3,LFG,DFO,Y,LFG,DFO,,,,,N,, , , , ,,,,,,
55938,Industrial Power Generating Company LLC,56684,Chesterfield Landfill Gas,VA,Chesterfield,41,OP,IC,IPP Non-CHP,2,0.3,0.3,0.3,LFG,DFO,Y,LFG,DFO,,,,,N,, , , , ,,,,,,
55938,Industrial Power Generating Company LLC,56684,Chesterfield Landfill Gas,VA,Chesterfield,42,OP,IC,IPP Non-CHP,2,0.3,0.3,0.3,LFG,DFO,Y,LFG,DFO,,,,,N,, , , , ,,,,,,
55938,Industrial Power Generating Company LLC,56684,Chesterfield Landfill Gas,VA,Chesterfield,43,OP,IC,IPP Non-CHP,2,0.3,0.3,0.3,LFG,DFO,Y,LFG,DFO,,,,,N,, , , , ,,,,,,
55938,Industrial Power Generating Company LLC,56684,Chesterfield Landfill Gas,VA,Chesterfield,44,OP,IC,IPP Non-CHP,2,0.3,0.3,0.3,LFG,DFO,Y,LFG,DFO,,,,,N,, , , , ,,,,,,
55938,Industrial Power Generating Company LLC,56684,Chesterfield Landfill Gas,VA,Chesterfield,45,OP,IC,IPP Non-CHP,2,0.3,0.3,0.3,LFG,DFO,Y,LFG,DFO,,,,,N,, , , , ,,,,,,
55938,Industrial Power Generating Company LLC,56684,Chesterfield Landfill Gas,VA,Chesterfield,46,OP,IC,IPP Non-CHP,2,0.3,0.3,0.3,LFG,DFO,Y,LFG,DFO,,,,,N,, , , , ,,,,,,
55938,Industrial Power Generating Company LLC,56684,Chesterfield Landfill Gas,VA,Chesterfield,47,OP,IC,IPP Non-CHP,2,0.3,0.3,0.3,LFG,DFO,Y,LFG,DFO,,,,,N,, , , , ,,,,,,
55938,Industrial Power Generating Company LLC,56684,Chesterfield Landfill Gas,VA,Chesterfield,48,OP,IC,IPP Non-CHP,2,0.3,0.3,0.3,LFG,DFO,Y,LFG,DFO,,,,,N,, , , , ,,,,,,
55938,Industrial Power Generating Company LLC,56684,Chesterfield Landfill Gas,VA,Chesterfield,5,OP,IC,IPP Non-CHP,2,0.3,0.3,0.3,LFG,DFO,Y,LFG,DFO,,,,,N,, , , , ,,,,,,
55938,Industrial Power Generating Company LLC,56684,Chesterfield Landfill Gas,VA,Chesterfield,6,OP,IC,IPP Non-CHP,2,0.3,0.3,0.3,LFG,DFO,Y,LFG,DFO,,,,,N,, , , , ,,,,,,
55938,Industrial Power Generating Company LLC,56684,Chesterfield Landfill Gas,VA,Chesterfield,7,OP,IC,IPP Non-CHP,2,0.3,0.3,0.3,LFG,DFO,Y,LFG,DFO,,,,,N,, , , , ,,,,,,
55938,Industrial Power Generating Company LLC,56684,Chesterfield Landfill Gas,VA,Chesterfield,8,OP,IC,IPP Non-CHP,2,0.3,0.3,0.3,LFG,DFO,Y,LFG,DFO,,,,,N,, , , , ,,,,,,
55938,Industrial Power Generating Company LLC,56684,Chesterfield Landfill Gas,VA,Chesterfield,9,OP,IC,IPP Non-CHP,2,0.3,0.3,0.3,LFG,DFO,Y,LFG,DFO,,,,,N,, , , , ,,,,,,
55938,Industrial Power Generating Company LLC,56686,King & Queen,VA,King and Queen,1,OP,IC,IPP Non-CHP,2,0.3,0.3,0.3,LFG,DFO,Y,LFG,DFO,,,,,N,, , , , ,,,,,,
55938,Industrial Power Generating Company LLC,56686,King & Queen,VA,King and Queen,10,OP,IC,IPP Non-CHP,2,0.3,0.3,0.3,LFG,DFO,Y,LFG,DFO,,,,,N,, , , , ,,,,,,
55938,Industrial Power Generating Company LLC,56686,King & Queen,VA,King and Queen,11,OP,IC,IPP Non-CHP,2,0.3,0.3,0.3,LFG,DFO,Y,LFG,DFO,,,,,N,, , , , ,,,,,,
55938,Industrial Power Generating Company LLC,56686,King & Queen,VA,King and Queen,12,OP,IC,IPP Non-CHP,2,0.3,0.3,0.3,LFG,DFO,Y,LFG,DFO,,,,,N,, , , , ,,,,,,
55938,Industrial Power Generating Company LLC,56686,King & Queen,VA,King and Queen,13,OP,IC,IPP Non-CHP,2,0.3,0.3,0.3,LFG,DFO,Y,LFG,DFO,,,,,N,, , , , ,,,,,,
55938,Industrial Power Generating Company LLC,56686,King & Queen,VA,King and Queen,14,OP,IC,IPP Non-CHP,2,0.3,0.3,0.3,LFG,DFO,Y,LFG,DFO,,,,,N,, , , , ,,,,,,
55938,Industrial Power Generating Company LLC,56686,King & Queen,VA,King and Queen,15,OP,IC,IPP Non-CHP,2,0.3,0.3,0.3,LFG,DFO,Y,LFG,DFO,,,,,N,, , , , ,,,,,,
55938,Industrial Power Generating Company LLC,56686,King & Queen,VA,King and Queen,16,OP,IC,IPP Non-CHP,2,0.3,0.3,0.3,LFG,DFO,Y,LFG,DFO,,,,,N,, , , , ,,,,,,
55938,Industrial Power Generating Company LLC,56686,King & Queen,VA,King and Queen,17,OP,IC,IPP Non-CHP,2,0.3,0.3,0.3,LFG,DFO,Y,LFG,DFO,,,,,N,, , , , ,,,,,,
55938,Industrial Power Generating Company LLC,56686,King & Queen,VA,King and Queen,18,OP,IC,IPP Non-CHP,2,0.3,0.3,0.3,LFG,DFO,Y,LFG,DFO,,,,,N,, , , , ,,,,,,
55938,Industrial Power Generating Company LLC,56686,King & Queen,VA,King and Queen,19,OP,IC,IPP Non-CHP,2,0.3,0.3,0.3,LFG,DFO,Y,LFG,DFO,,,,,N,, , , , ,,,,,,
55938,Industrial Power Generating Company LLC,56686,King & Queen,VA,King and Queen,2,OP,IC,IPP Non-CHP,2,0.3,0.3,0.3,LFG,DFO,Y,LFG,DFO,,,,,N,, , , , ,,,,,,
55938,Industrial Power Generating Company LLC,56686,King & Queen,VA,King and Queen,20,OP,IC,IPP Non-CHP,2,0.3,0.3,0.3,LFG,DFO,Y,LFG,DFO,,,,,N,, , , , ,,,,,,
55938,Industrial Power Generating Company LLC,56686,King & Queen,VA,King and Queen,21,OP,IC,IPP Non-CHP,2,0.3,0.3,0.3,LFG,DFO,Y,LFG,DFO,,,,,N,, , , , ,,,,,,
55938,Industrial Power Generating Company LLC,56686,King & Queen,VA,King and Queen,22,OP,IC,IPP Non-CHP,2,0.3,0.3,0.3,LFG,DFO,Y,LFG,DFO,,,,,N,, , , , ,,,,,,
55938,Industrial Power Generating Company LLC,56686,King & Queen,VA,King and Queen,23,OP,IC,IPP Non-CHP,2,0.3,0.3,0.3,LFG,DFO,Y,LFG,DFO,,,,,N,, , , , ,,,,,,
55938,Industrial Power Generating Company LLC,56686,King & Queen,VA,King and Queen,24,OP,IC,IPP Non-CHP,2,0.3,0.3,0.3,LFG,DFO,Y,LFG,DFO,,,,,N,, , , , ,,,,,,
55938,Industrial Power Generating Company LLC,56686,King & Queen,VA,King and Queen,25,OP,IC,IPP Non-CHP,2,0.3,0.3,0.3,LFG,DFO,Y,LFG,DFO,,,,,N,, , , , ,,,,,,
55938,Industrial Power Generating Company LLC,56686,King & Queen,VA,King and Queen,26,OP,IC,IPP Non-CHP,2,0.3,0.3,0.3,LFG,DFO,Y,LFG,DFO,,,,,N,, , , , ,,,,,,
55938,Industrial Power Generating Company LLC,56686,King & Queen,VA,King and Queen,27,OP,IC,IPP Non-CHP,2,0.3,0.3,0.3,LFG,DFO,Y,LFG,DFO,,,,,N,, , , , ,,,,,,
55938,Industrial Power Generating Company LLC,56686,King & Queen,VA,King and Queen,28,OP,IC,IPP Non-CHP,2,0.3,0.3,0.3,LFG,DFO,Y,LFG,DFO,,,,,N,, , , , ,,,,,,
55938,Industrial Power Generating Company LLC,56686,King & Queen,VA,King and Queen,29,OP,IC,IPP Non-CHP,2,0.3,0.3,0.3,LFG,DFO,Y,LFG,DFO,,,,,N,, , , , ,,,,,,
55938,Industrial Power Generating Company LLC,56686,King & Queen,VA,King and Queen,3,OP,IC,IPP Non-CHP,2,0.3,0.3,0.3,LFG,DFO,Y,LFG,DFO,,,,,N,, , , , ,,,,,,
55938,Industrial Power Generating Company LLC,56686,King & Queen,VA,King and Queen,30,OP,IC,IPP Non-CHP,2,0.3,0.3,0.3,LFG,DFO,Y,LFG,DFO,,,,,N,, , , , ,,,,,,
55938,Industrial Power Generating Company LLC,56686,King & Queen,VA,King and Queen,31,OP,IC,IPP Non-CHP,2,0.3,0.3,0.3,LFG,DFO,Y,LFG,DFO,,,,,N,, , , , ,,,,,,
55938,Industrial Power Generating Company LLC,56686,King & Queen,VA,King and Queen,32,OP,IC,IPP Non-CHP,2,0.3,0.3,0.3,LFG,DFO,Y,LFG,DFO,,,,,N,, , , , ,,,,,,
55938,Industrial Power Generating Company LLC,56686,King & Queen,VA,King and Queen,33,OP,IC,IPP Non-CHP,2,0.3,0.3,0.3,LFG,DFO,Y,LFG,DFO,,,,,N,, , , , ,,,,,,
55938,Industrial Power Generating Company LLC,56686,King & Queen,VA,King and Queen,34,OP,IC,IPP Non-CHP,2,0.3,0.3,0.3,LFG,DFO,Y,LFG,DFO,,,,,N,, , , , ,,,,,,
55938,Industrial Power Generating Company LLC,56686,King & Queen,VA,King and Queen,35,OP,IC,IPP Non-CHP,2,0.3,0.3,0.3,LFG,DFO,Y,LFG,DFO,,,,,N,, , , , ,,,,,,
55938,Industrial Power Generating Company LLC,56686,King & Queen,VA,King and Queen,36,OP,IC,IPP Non-CHP,2,0.3,0.3,0.3,LFG,DFO,Y,LFG,DFO,,,,,N,, , , , ,,,,,,
55938,Industrial Power Generating Company LLC,56686,King & Queen,VA,King and Queen,4,OP,IC,IPP Non-CHP,2,0.3,0.3,0.3,LFG,DFO,Y,LFG,DFO,,,,,N,, , , , ,,,,,,
55938,Industrial Power Generating Company LLC,56686,King & Queen,VA,King and Queen,5,OP,IC,IPP Non-CHP,2,0.3,0.3,0.3,LFG,DFO,Y,LFG,DFO,,,,,N,, , , , ,,,,,,
55938,Industrial Power Generating Company LLC,56686,King & Queen,VA,King and Queen,6,OP,IC,IPP Non-CHP,2,0.3,0.3,0.3,LFG,DFO,Y,LFG,DFO,,,,,N,, , , , ,,,,,,
55938,Industrial Power Generating Company LLC,56686,King & Queen,VA,King and Queen,7,OP,IC,IPP Non-CHP,2,0.3,0.3,0.3,LFG,DFO,Y,LFG,DFO,,,,,N,, , , , ,,,,,,
55938,Industrial Power Generating Company LLC,56686,King & Queen,VA,King and Queen,8,OP,IC,IPP Non-CHP,2,0.3,0.3,0.3,LFG,DFO,Y,LFG,DFO,,,,,N,, , , , ,,,,,,
55938,Industrial Power Generating Company LLC,56686,King & Queen,VA,King and Queen,9,OP,IC,IPP Non-CHP,2,0.3,0.3,0.3,LFG,DFO,Y,LFG,DFO,,,,,N,, , , , ,,,,,,
55938,Industrial Power Generating Company LLC,56687,Mountain View,PA,Franklin,1,OP,IC,IPP Non-CHP,2,0.3,0.3,0.3,LFG,WO,Y,LFG,WO,DFO,,,,N,, , , , ,,,,,,
55938,Industrial Power Generating Company LLC,56687,Mountain View,PA,Franklin,10,OP,IC,IPP Non-CHP,2,0.3,0.3,0.3,LFG,WO,Y,LFG,WO,DFO,,,,N,, , , , ,,,,,,
55938,Industrial Power Generating Company LLC,56687,Mountain View,PA,Franklin,11,OP,IC,IPP Non-CHP,2,0.3,0.3,0.3,LFG,WO,Y,LFG,WO,DFO,,,,N,, , , , ,,,,,,
55938,Industrial Power Generating Company LLC,56687,Mountain View,PA,Franklin,12,OP,IC,IPP Non-CHP,2,0.3,0.3,0.3,LFG,WO,Y,LFG,WO,DFO,,,,N,, , , , ,,,,,,
55938,Industrial Power Generating Company LLC,56687,Mountain View,PA,Franklin,13,OP,IC,IPP Non-CHP,2,0.3,0.3,0.3,LFG,WO,Y,LFG,WO,DFO,,,,N,, , , , ,,,,,,
55938,Industrial Power Generating Company LLC,56687,Mountain View,PA,Franklin,14,OP,IC,IPP Non-CHP,2,0.3,0.3,0.3,LFG,WO,Y,LFG,WO,DFO,,,,N,, , , , ,,,,,,
55938,Industrial Power Generating Company LLC,56687,Mountain View,PA,Franklin,15,OP,IC,IPP Non-CHP,2,0.3,0.3,0.3,LFG,WO,Y,LFG,WO,DFO,,,,N,, , , , ,,,,,,
55938,Industrial Power Generating Company LLC,56687,Mountain View,PA,Franklin,16,OP,IC,IPP Non-CHP,2,0.3,0.3,0.3,LFG,WO,Y,LFG,WO,DFO,,,,N,, , , , ,,,,,,
55938,Industrial Power Generating Company LLC,56687,Mountain View,PA,Franklin,17,OP,IC,IPP Non-CHP,2,0.3,0.3,0.3,LFG,WO,Y,LFG,WO,DFO,,,,N,, , , , ,,,,,,
55938,Industrial Power Generating Company LLC,56687,Mountain View,PA,Franklin,18,OP,IC,IPP Non-CHP,2,0.3,0.3,0.3,LFG,WO,Y,LFG,WO,,,,,N,, , , , ,,,,,,
55938,Industrial Power Generating Company LLC,56687,Mountain View,PA,Franklin,19,OP,IC,IPP Non-CHP,2,0.3,0.3,0.3,LFG,WO,Y,LFG,WO,DFO,,,,N,, , , , ,,,,,,
55938,Industrial Power Generating Company LLC,56687,Mountain View,PA,Franklin,2,OP,IC,IPP Non-CHP,2,0.3,0.3,0.3,LFG,WO,Y,LFG,WO,DFO,,,,N,, , , , ,,,,,,
55938,Industrial Power Generating Company LLC,56687,Mountain View,PA,Franklin,20,OP,IC,IPP Non-CHP,2,0.3,0.3,0.3,LFG,WO,Y,LFG,WO,DFO,,,,N,, , , , ,,,,,,
55938,Industrial Power Generating Company LLC,56687,Mountain View,PA,Franklin,21,OP,IC,IPP Non-CHP,2,0.3,0.3,0.3,LFG,WO,Y,LFG,WO,DFO,,,,N,, , , , ,,,,,,
55938,Industrial Power Generating Company LLC,56687,Mountain View,PA,Franklin,22,OP,IC,IPP Non-CHP,2,0.3,0.3,0.3,LFG,WO,Y,LFG,WO,DFO,,,,N,, , , , ,,,,,,
55938,Industrial Power Generating Company LLC,56687,Mountain View,PA,Franklin,23,OP,IC,IPP Non-CHP,2,0.3,0.3,0.3,LFG,WO,Y,LFG,WO,DFO,,,,N,, , , , ,,,,,,
55938,Industrial Power Generating Company LLC,56687,Mountain View,PA,Franklin,24,OP,IC,IPP Non-CHP,2,0.3,0.3,0.3,LFG,WO,Y,LFG,WO,,,,,,, , , , ,,,,,,
55938,Industrial Power Generating Company LLC,56687,Mountain View,PA,Franklin,25,OP,IC,IPP Non-CHP,2,0.3,0.3,0.3,LFG,WO,Y,LFG,WO,,,,,,, , , , ,,,,,,
55938,Industrial Power Generating Company LLC,56687,Mountain View,PA,Franklin,26,OP,IC,IPP Non-CHP,2,0.3,0.3,0.3,LFG,WO,Y,LFG,WO,DFO,,,,N,, , , , ,,,,,,
55938,Industrial Power Generating Company LLC,56687,Mountain View,PA,Franklin,27,OP,IC,IPP Non-CHP,2,0.3,0.3,0.3,LFG,WO,Y,LFG,WO,DFO,,,,N,, , , , ,,,,,,
55938,Industrial Power Generating Company LLC,56687,Mountain View,PA,Franklin,28,OP,IC,IPP Non-CHP,2,0.3,0.3,0.3,LFG,WO,Y,LFG,WO,DFO,,,,N,, , , , ,,,,,,
55938,Industrial Power Generating Company LLC,56687,Mountain View,PA,Franklin,29,OP,IC,IPP Non-CHP,2,0.3,0.3,0.3,LFG,WO,Y,LFG,WO,,,,,,, , , , ,,,,,,
55938,Industrial Power Generating Company LLC,56687,Mountain View,PA,Franklin,3,OP,IC,IPP Non-CHP,2,0.3,0.3,0.3,LFG,WO,Y,LFG,WO,,,,,,, , , , ,,,,,,
55938,Industrial Power Generating Company LLC,56687,Mountain View,PA,Franklin,30,OP,IC,IPP Non-CHP,2,0.3,0.3,0.3,LFG,WO,Y,LFG,WO,,,,,,, , , , ,,,,,,
55938,Industrial Power Generating Company LLC,56687,Mountain View,PA,Franklin,31,OP,IC,IPP Non-CHP,2,0.3,0.3,0.3,LFG,WO,Y,LFG,WO,DFO,,,,N,, , , , ,,,,,,
55938,Industrial Power Generating Company LLC,56687,Mountain View,PA,Franklin,32,OP,IC,IPP Non-CHP,2,0.3,0.3,0.3,LFG,WO,Y,LFG,WO,DFO,,,,N,, , , , ,,,,,,
55938,Industrial Power Generating Company LLC,56687,Mountain View,PA,Franklin,33,OP,IC,IPP Non-CHP,2,0.3,0.3,0.3,LFG,WO,Y,LFG,WO,DFO,,,,N,, , , , ,,,,,,
55938,Industrial Power Generating Company LLC,56687,Mountain View,PA,Franklin,34,OP,IC,IPP Non-CHP,2,0.3,0.3,0.3,LFG,WO,Y,LFG,WO,DFO,,,,N,, , , , ,,,,,,
55938,Industrial Power Generating Company LLC,56687,Mountain View,PA,Franklin,35,OP,IC,IPP Non-CHP,2,0.3,0.3,0.3,LFG,WO,Y,LFG,WO,DFO,,,,N,, , , , ,,,,,,
55938,Industrial Power Generating Company LLC,56687,Mountain View,PA,Franklin,36,OP,IC,IPP Non-CHP,2,0.3,0.3,0.3,LFG,WO,Y,LFG,WO,DFO,,,,N,, , , , ,,,,,,
55938,Industrial Power Generating Company LLC,56687,Mountain View,PA,Franklin,37,OP,IC,IPP Non-CHP,2,0.3,0.3,0.3,LFG,WO,Y,LFG,WO,DFO,,,,N,, , , , ,,,,,,
55938,Industrial Power Generating Company LLC,56687,Mountain View,PA,Franklin,38,OP,IC,IPP Non-CHP,2,0.3,0.3,0.3,LFG,WO,Y,LFG,WO,DFO,,,,N,, , , , ,,,,,,
55938,Industrial Power Generating Company LLC,56687,Mountain View,PA,Franklin,39,OP,IC,IPP Non-CHP,2,0.3,0.3,0.3,LFG,WO,Y,LFG,WO,DFO,,,,N,, , , , ,,,,,,
55938,Industrial Power Generating Company LLC,56687,Mountain View,PA,Franklin,4,OP,IC,IPP Non-CHP,2,0.3,0.3,0.3,LFG,WO,Y,LFG,WO,DFO,,,,N,, , , , ,,,,,,
55938,Industrial Power Generating Company LLC,56687,Mountain View,PA,Franklin,40,OP,IC,IPP Non-CHP,2,0.3,0.3,0.3,LFG,WO,Y,LFG,WO,DFO,,,,N,, , , , ,,,,,,
55938,Industrial Power Generating Company LLC,56687,Mountain View,PA,Franklin,41,OP,IC,IPP Non-CHP,2,0.3,0.3,0.3,LFG,WO,Y,LFG,WO,DFO,,,,N,, , , , ,,,,,,
55938,Industrial Power Generating Company LLC,56687,Mountain View,PA,Franklin,42,OP,IC,IPP Non-CHP,2,0.3,0.3,0.3,LFG,WO,Y,LFG,WO,DFO,,,,N,, , , , ,,,,,,
55938,Industrial Power Generating Company LLC,56687,Mountain View,PA,Franklin,43,OP,IC,IPP Non-CHP,2,0.3,0.3,0.3,LFG,WO,Y,LFG,WO,DFO,,,,N,, , , , ,,,,,,
55938,Industrial Power Generating Company LLC,56687,Mountain View,PA,Franklin,44,OP,IC,IPP Non-CHP,2,0.3,0.3,0.3,LFG,WO,Y,LFG,WO,DFO,,,,N,, , , , ,,,,,,
55938,Industrial Power Generating Company LLC,56687,Mountain View,PA,Franklin,45,OP,IC,IPP Non-CHP,2,0.3,0.3,0.3,LFG,WO,Y,LFG,WO,DFO,,,,N,, , , , ,,,,,,
55938,Industrial Power Generating Company LLC,56687,Mountain View,PA,Franklin,46,OP,IC,IPP Non-CHP,2,0.3,0.3,0.3,LFG,WO,Y,LFG,WO,DFO,,,,N,, , , , ,,,,,,
55938,Industrial Power Generating Company LLC,56687,Mountain View,PA,Franklin,47,OP,IC,IPP Non-CHP,2,0.3,0.3,0.3,LFG,WO,Y,LFG,WO,DFO,,,,N,, , , , ,,,,,,
55938,Industrial Power Generating Company LLC,56687,Mountain View,PA,Franklin,48,OP,IC,IPP Non-CHP,2,0.3,0.3,0.3,LFG,WO,Y,LFG,WO,DFO,,,,N,, , , , ,,,,,,
55938,Industrial Power Generating Company LLC,56687,Mountain View,PA,Franklin,5,OP,IC,IPP Non-CHP,2,0.3,0.3,0.3,LFG,WO,Y,LFG,WO,DFO,,,,N,, , , , ,,,,,,
55938,Industrial Power Generating Company LLC,56687,Mountain View,PA,Franklin,6,OP,IC,IPP Non-CHP,2,0.3,0.3,0.3,LFG,WO,Y,LFG,WO,DFO,,,,N,, , , , ,,,,,,
55938,Industrial Power Generating Company LLC,56687,Mountain View,PA,Franklin,7,OP,IC,IPP Non-CHP,2,0.3,0.3,0.3,LFG,WO,Y,LFG,WO,DFO,,,,N,, , , , ,,,,,,
55938,Industrial Power Generating Company LLC,56687,Mountain View,PA,Franklin,8,OP,IC,IPP Non-CHP,2,0.3,0.3,0.3,LFG,WO,Y,LFG,WO,DFO,,,,N,, , , , ,,,,,,
55938,Industrial Power Generating Company LLC,56687,Mountain View,PA,Franklin,9,OP,IC,IPP Non-CHP,2,0.3,0.3,0.3,LFG,WO,Y,LFG,WO,DFO,,,,N,, , , , ,,,,,,
55938,Industrial Power Generating Company LLC,56688,New Bern,NC,Craven,1,OP,IC,IPP Non-CHP,2,0.3,0.3,0.3,LFG,DFO,Y,LFG,DFO,,,,,N,, , , , ,,,,,,
55938,Industrial Power Generating Company LLC,56688,New Bern,NC,Craven,10,OP,IC,IPP Non-CHP,2,0.3,0.3,0.3,LFG,DFO,Y,LFG,DFO,,,,,N,, , , , ,,,,,,
55938,Industrial Power Generating Company LLC,56688,New Bern,NC,Craven,11,OP,IC,IPP Non-CHP,2,0.3,0.3,0.3,LFG,DFO,Y,LFG,DFO,,,,,N,, , , , ,,,,,,
55938,Industrial Power Generating Company LLC,56688,New Bern,NC,Craven,12,OP,IC,IPP Non-CHP,2,0.3,0.3,0.3,LFG,DFO,Y,LFG,DFO,,,,,N,, , , , ,,,,,,
55938,Industrial Power Generating Company LLC,56688,New Bern,NC,Craven,13,OP,IC,IPP Non-CHP,2,0.3,0.3,0.3,LFG,DFO,Y,LFG,DFO,,,,,N,, , , , ,,,,,,
55938,Industrial Power Generating Company LLC,56688,New Bern,NC,Craven,14,OP,IC,IPP Non-CHP,2,0.3,0.3,0.3,LFG,DFO,Y,LFG,DFO,,,,,N,, , , , ,,,,,,
55938,Industrial Power Generating Company LLC,56688,New Bern,NC,Craven,15,OP,IC,IPP Non-CHP,2,0.3,0.3,0.3,LFG,DFO,Y,LFG,DFO,,,,,N,, , , , ,,,,,,
55938,Industrial Power Generating Company LLC,56688,New Bern,NC,Craven,16,OP,IC,IPP Non-CHP,2,0.3,0.3,0.3,LFG,DFO,Y,LFG,DFO,,,,,N,, , , , ,,,,,,
55938,Industrial Power Generating Company LLC,56688,New Bern,NC,Craven,17,OP,IC,IPP Non-CHP,2,0.3,0.3,0.3,LFG,DFO,Y,LFG,DFO,,,,,N,, , , , ,,,,,,
55938,Industrial Power Generating Company LLC,56688,New Bern,NC,Craven,18,OP,IC,IPP Non-CHP,2,0.3,0.3,0.3,LFG,DFO,Y,LFG,DFO,,,,,N,, , , , ,,,,,,
55938,Industrial Power Generating Company LLC,56688,New Bern,NC,Craven,2,OP,IC,IPP Non-CHP,2,0.3,0.3,0.3,LFG,DFO,Y,LFG,DFO,,,,,N,, , , , ,,,,,,
55938,Industrial Power Generating Company LLC,56688,New Bern,NC,Craven,3,OP,IC,IPP Non-CHP,2,0.3,0.3,0.3,LFG,DFO,Y,LFG,DFO,,,,,N,, , , , ,,,,,,
55938,Industrial Power Generating Company LLC,56688,New Bern,NC,Craven,4,OP,IC,IPP Non-CHP,2,0.3,0.3,0.3,LFG,DFO,Y,LFG,DFO,,,,,N,, , , , ,,,,,,
55938,Industrial Power Generating Company LLC,56688,New Bern,NC,Craven,5,OP,IC,IPP Non-CHP,2,0.3,0.3,0.3,LFG,DFO,Y,LFG,DFO,,,,,N,, , , , ,,,,,,
55938,Industrial Power Generating Company LLC,56688,New Bern,NC,Craven,6,OP,IC,IPP Non-CHP,2,0.3,0.3,0.3,LFG,DFO,Y,LFG,DFO,,,,,N,, , , , ,,,,,,
55938,Industrial Power Generating Company LLC,56688,New Bern,NC,Craven,7,OP,IC,IPP Non-CHP,2,0.3,0.3,0.3,LFG,DFO,Y,LFG,DFO,,,,,N,, , , , ,,,,,,
55938,Industrial Power Generating Company LLC,56688,New Bern,NC,Craven,8,OP,IC,IPP Non-CHP,2,0.3,0.3,0.3,LFG,DFO,Y,LFG,DFO,,,,,N,, , , , ,,,,,,
55938,Industrial Power Generating Company LLC,56688,New Bern,NC,Craven,9,OP,IC,IPP Non-CHP,2,0.3,0.3,0.3,LFG,DFO,Y,LFG,DFO,,,,,N,, , , , ,,,,,,
55938,Industrial Power Generating Company LLC,56690,Pine Grove,PA,Schuylkill,1,OP,IC,IPP Non-CHP,2,0.3,0.3,0.3,LFG,DFO,Y,LFG,DFO,,,,,N,, , , , ,,,,,,
55938,Industrial Power Generating Company LLC,56690,Pine Grove,PA,Schuylkill,10,OP,IC,IPP Non-CHP,2,0.3,0.3,0.3,LFG,DFO,Y,LFG,DFO,,,,,N,, , , , ,,,,,,
55938,Industrial Power Generating Company LLC,56690,Pine Grove,PA,Schuylkill,11,OP,IC,IPP Non-CHP,2,0.3,0.3,0.3,LFG,DFO,Y,LFG,DFO,,,,,N,, , , , ,,,,,,
55938,Industrial Power Generating Company LLC,56690,Pine Grove,PA,Schuylkill,12,OP,IC,IPP Non-CHP,2,0.3,0.3,0.3,LFG,DFO,Y,LFG,DFO,,,,,N,, , , , ,,,,,,
55938,Industrial Power Generating Company LLC,56690,Pine Grove,PA,Schuylkill,13,OP,IC,IPP Non-CHP,2,0.3,0.3,0.3,LFG,DFO,Y,LFG,DFO,,,,,N,, , , , ,,,,,,
55938,Industrial Power Generating Company LLC,56690,Pine Grove,PA,Schuylkill,14,OP,IC,IPP Non-CHP,2,0.3,0.3,0.3,LFG,DFO,Y,LFG,DFO,,,,,N,, , , , ,,,,,,
55938,Industrial Power Generating Company LLC,56690,Pine Grove,PA,Schuylkill,15,OP,IC,IPP Non-CHP,2,0.3,0.3,0.3,LFG,DFO,Y,LFG,DFO,,,,,N,, , , , ,,,,,,
55938,Industrial Power Generating Company LLC,56690,Pine Grove,PA,Schuylkill,16,OP,IC,IPP Non-CHP,2,0.3,0.3,0.3,LFG,DFO,Y,LFG,DFO,,,,,N,, , , , ,,,,,,
55938,Industrial Power Generating Company LLC,56690,Pine Grove,PA,Schuylkill,17,OP,IC,IPP Non-CHP,2,0.3,0.3,0.3,LFG,DFO,Y,LFG,DFO,,,,,N,, , , , ,,,,,,
55938,Industrial Power Generating Company LLC,56690,Pine Grove,PA,Schuylkill,18,OP,IC,IPP Non-CHP,2,0.3,0.3,0.3,LFG,DFO,Y,LFG,DFO,,,,,N,, , , , ,,,,,,
55938,Industrial Power Generating Company LLC,56690,Pine Grove,PA,Schuylkill,2,OP,IC,IPP Non-CHP,2,0.3,0.3,0.3,LFG,DFO,Y,LFG,DFO,,,,,N,, , , , ,,,,,,
55938,Industrial Power Generating Company LLC,56690,Pine Grove,PA,Schuylkill,3,OP,IC,IPP Non-CHP,2,0.3,0.3,0.3,LFG,DFO,Y,LFG,DFO,,,,,N,, , , , ,,,,,,
55938,Industrial Power Generating Company LLC,56690,Pine Grove,PA,Schuylkill,4,OP,IC,IPP Non-CHP,2,0.3,0.3,0.3,LFG,DFO,Y,LFG,DFO,,,,,N,, , , , ,,,,,,
55938,Industrial Power Generating Company LLC,56690,Pine Grove,PA,Schuylkill,5,OP,IC,IPP Non-CHP,2,0.3,0.3,0.3,LFG,DFO,Y,LFG,DFO,,,,,N,, , , , ,,,,,,
55938,Industrial Power Generating Company LLC,56690,Pine Grove,PA,Schuylkill,6,OP,IC,IPP Non-CHP,2,0.3,0.3,0.3,LFG,DFO,Y,LFG,DFO,,,,,N,, , , , ,,,,,,
55938,Industrial Power Generating Company LLC,56690,Pine Grove,PA,Schuylkill,7,OP,IC,IPP Non-CHP,2,0.3,0.3,0.3,LFG,DFO,Y,LFG,DFO,,,,,N,, , , , ,,,,,,
55938,Industrial Power Generating Company LLC,56690,Pine Grove,PA,Schuylkill,8,OP,IC,IPP Non-CHP,2,0.3,0.3,0.3,LFG,DFO,Y,LFG,DFO,,,,,N,, , , , ,,,,,,
55938,Industrial Power Generating Company LLC,56690,Pine Grove,PA,Schuylkill,9,OP,IC,IPP Non-CHP,2,0.3,0.3,0.3,LFG,DFO,Y,LFG,DFO,,,,,N,, , , , ,,,,,,
55938,Industrial Power Generating Company LLC,56693,Virginia Beach,VA,Virginia Beach City,1,OP,IC,IPP Non-CHP,2,0.3,0.3,0.3,LFG,WO,Y,LFG,DFO,WO,,,,N,, , , , ,,,,,,
55938,Industrial Power Generating Company LLC,56693,Virginia Beach,VA,Virginia Beach City,10,OP,IC,IPP Non-CHP,2,0.3,0.3,0.3,LFG,WO,Y,LFG,DFO,WO,,,,N,, , , , ,,,,,,
55938,Industrial Power Generating Company LLC,56693,Virginia Beach,VA,Virginia Beach City,11,OP,IC,IPP Non-CHP,2,0.3,0.3,0.3,LFG,WO,Y,LFG,DFO,WO,,,,N,, , , , ,,,,,,
55938,Industrial Power Generating Company LLC,56693,Virginia Beach,VA,Virginia Beach City,12,OP,IC,IPP Non-CHP,2,0.3,0.3,0.3,LFG,WO,Y,LFG,DFO,WO,,,,N,, , , , ,,,,,,
55938,Industrial Power Generating Company LLC,56693,Virginia Beach,VA,Virginia Beach City,13,OP,IC,IPP Non-CHP,2,0.3,0.3,0.3,LFG,WO,Y,LFG,DFO,WO,,,,N,, , , , ,,,,,,
55938,Industrial Power Generating Company LLC,56693,Virginia Beach,VA,Virginia Beach City,14,OP,IC,IPP Non-CHP,2,0.3,0.3,0.3,LFG,WO,Y,LFG,DFO,WO,,,,N,, , , , ,,,,,,
55938,Industrial Power Generating Company LLC,56693,Virginia Beach,VA,Virginia Beach City,15,OP,IC,IPP Non-CHP,2,0.3,0.3,0.3,LFG,WO,Y,LFG,DFO,WO,,,,N,, , , , ,,,,,,
55938,Industrial Power Generating Company LLC,56693,Virginia Beach,VA,Virginia Beach City,16,OP,IC,IPP Non-CHP,2,0.3,0.3,0.3,LFG,WO,Y,LFG,DFO,WO,,,,N,, , , , ,,,,,,
55938,Industrial Power Generating Company LLC,56693,Virginia Beach,VA,Virginia Beach City,17,OP,IC,IPP Non-CHP,2,0.3,0.3,0.3,LFG,WO,Y,LFG,DFO,WO,,,,N,, , , , ,,,,,,
55938,Industrial Power Generating Company LLC,56693,Virginia Beach,VA,Virginia Beach City,18,OP,IC,IPP Non-CHP,2,0.3,0.3,0.3,LFG,WO,Y,LFG,DFO,WO,,,,N,, , , , ,,,,,,
55938,Industrial Power Generating Company LLC,56693,Virginia Beach,VA,Virginia Beach City,19,OP,IC,IPP Non-CHP,2,0.3,0.3,0.3,LFG,WO,Y,LFG,DFO,WO,,,,N,, , , , ,,,,,,
55938,Industrial Power Generating Company LLC,56693,Virginia Beach,VA,Virginia Beach City,2,OP,IC,IPP Non-CHP,2,0.3,0.3,0.3,LFG,WO,Y,LFG,DFO,WO,,,,N,, , , , ,,,,,,
55938,Industrial Power Generating Company LLC,56693,Virginia Beach,VA,Virginia Beach City,20,OP,IC,IPP Non-CHP,2,0.3,0.3,0.3,LFG,WO,Y,LFG,DFO,WO,,,,N,, , , , ,,,,,,
55938,Industrial Power Generating Company LLC,56693,Virginia Beach,VA,Virginia Beach City,21,OP,IC,IPP Non-CHP,2,0.3,0.3,0.3,LFG,WO,Y,LFG,DFO,WO,,,,N,, , , , ,,,,,,
55938,Industrial Power Generating Company LLC,56693,Virginia Beach,VA,Virginia Beach City,22,OP,IC,IPP Non-CHP,2,0.3,0.3,0.3,LFG,WO,Y,LFG,DFO,WO,,,,N,, , , , ,,,,,,
55938,Industrial Power Generating Company LLC,56693,Virginia Beach,VA,Virginia Beach City,23,OP,IC,IPP Non-CHP,2,0.3,0.3,0.3,LFG,WO,Y,LFG,DFO,WO,,,,N,, , , , ,,,,,,
55938,Industrial Power Generating Company LLC,56693,Virginia Beach,VA,Virginia Beach City,24,OP,IC,IPP Non-CHP,2,0.3,0.3,0.3,LFG,WO,Y,LFG,DFO,WO,,,,N,, , , , ,,,,,,
55938,Industrial Power Generating Company LLC,56693,Virginia Beach,VA,Virginia Beach City,25,OP,IC,IPP Non-CHP,2,0.3,0.3,0.3,LFG,WO,Y,LFG,DFO,WO,,,,N,, , , , ,,,,,,
55938,Industrial Power Generating Company LLC,56693,Virginia Beach,VA,Virginia Beach City,26,OP,IC,IPP Non-CHP,2,0.3,0.3,0.3,LFG,WO,Y,LFG,DFO,WO,,,,N,, , , , ,,,,,,
55938,Industrial Power Generating Company LLC,56693,Virginia Beach,VA,Virginia Beach City,27,OP,IC,IPP Non-CHP,2,0.3,0.3,0.3,LFG,WO,Y,LFG,DFO,WO,,,,N,, , , , ,,,,,,
55938,Industrial Power Generating Company LLC,56693,Virginia Beach,VA,Virginia Beach City,28,OP,IC,IPP Non-CHP,2,0.3,0.3,0.3,LFG,WO,Y,LFG,DFO,WO,,,,N,, , , , ,,,,,,
55938,Industrial Power Generating Company LLC,56693,Virginia Beach,VA,Virginia Beach City,29,OP,IC,IPP Non-CHP,2,0.3,0.3,0.3,LFG,WO,Y,LFG,DFO,WO,,,,N,, , , , ,,,,,,
55938,Industrial Power Generating Company LLC,56693,Virginia Beach,VA,Virginia Beach City,3,OP,IC,IPP Non-CHP,2,0.3,0.3,0.3,LFG,WO,Y,LFG,DFO,WO,,,,N,, , , , ,,,,,,
55938,Industrial Power Generating Company LLC,56693,Virginia Beach,VA,Virginia Beach City,30,OP,IC,IPP Non-CHP,2,0.3,0.3,0.3,LFG,WO,Y,LFG,DFO,WO,,,,N,, , , , ,,,,,,
55938,Industrial Power Generating Company LLC,56693,Virginia Beach,VA,Virginia Beach City,31,OP,IC,IPP Non-CHP,2,0.3,0.3,0.3,LFG,WO,Y,LFG,DFO,WO,,,,N,, , , , ,,,,,,
55938,Industrial Power Generating Company LLC,56693,Virginia Beach,VA,Virginia Beach City,32,OP,IC,IPP Non-CHP,2,0.3,0.3,0.3,LFG,WO,Y,LFG,DFO,WO,,,,N,, , , , ,,,,,,
55938,Industrial Power Generating Company LLC,56693,Virginia Beach,VA,Virginia Beach City,33,OP,IC,IPP Non-CHP,2,0.3,0.3,0.3,LFG,WO,Y,LFG,DFO,WO,,,,N,, , , , ,,,,,,
55938,Industrial Power Generating Company LLC,56693,Virginia Beach,VA,Virginia Beach City,34,OP,IC,IPP Non-CHP,2,0.3,0.3,0.3,LFG,WO,Y,LFG,DFO,WO,,,,N,, , , , ,,,,,,
55938,Industrial Power Generating Company LLC,56693,Virginia Beach,VA,Virginia Beach City,35,OP,IC,IPP Non-CHP,2,0.3,0.3,0.3,LFG,WO,Y,LFG,DFO,WO,,,,N,, , , , ,,,,,,
55938,Industrial Power Generating Company LLC,56693,Virginia Beach,VA,Virginia Beach City,36,OP,IC,IPP Non-CHP,2,0.3,0.3,0.3,LFG,WO,Y,LFG,DFO,WO,,,,N,, , , , ,,,,,,
55938,Industrial Power Generating Company LLC,56693,Virginia Beach,VA,Virginia Beach City,4,OP,IC,IPP Non-CHP,2,0.3,0.3,0.3,LFG,WO,Y,LFG,DFO,WO,,,,N,, , , , ,,,,,,
55938,Industrial Power Generating Company LLC,56693,Virginia Beach,VA,Virginia Beach City,5,OP,IC,IPP Non-CHP,2,0.3,0.3,0.3,LFG,WO,Y,LFG,DFO,WO,,,,N,, , , , ,,,,,,
55938,Industrial Power Generating Company LLC,56693,Virginia Beach,VA,Virginia Beach City,6,OP,IC,IPP Non-CHP,2,0.3,0.3,0.3,LFG,WO,Y,LFG,DFO,WO,,,,N,, , , , ,,,,,,
55938,Industrial Power Generating Company LLC,56693,Virginia Beach,VA,Virginia Beach City,7,OP,IC,IPP Non-CHP,2,0.3,0.3,0.3,LFG,WO,Y,LFG,DFO,WO,,,,N,, , , , ,,,,,,
55938,Industrial Power Generating Company LLC,56693,Virginia Beach,VA,Virginia Beach City,8,OP,IC,IPP Non-CHP,2,0.3,0.3,0.3,LFG,WO,Y,LFG,DFO,WO,,,,N,, , , , ,,,,,,
55938,Industrial Power Generating Company LLC,56693,Virginia Beach,VA,Virginia Beach City,9,OP,IC,IPP Non-CHP,2,0.3,0.3,0.3,LFG,WO,Y,LFG,DFO,WO,,,,N,, , , , ,,,,,,
55938,Industrial Power Generating Company LLC,57298,Cedar Hills,WA,King,1,OP,IC,IPP Non-CHP,2,0.3,0.3,0.3,LFG,DFO,Y,LFG,DFO,,,,,N,, , , , ,,,,,,
55938,Industrial Power Generating Company LLC,57298,Cedar Hills,WA,King,10,OP,IC,IPP Non-CHP,2,0.3,0.3,0.3,LFG,DFO,Y,LFG,DFO,,,,,N,, , , , ,,,,,,
55938,Industrial Power Generating Company LLC,57298,Cedar Hills,WA,King,11,OP,IC,IPP Non-CHP,2,0.3,0.3,0.3,LFG,DFO,Y,LFG,DFO,,,,,N,, , , , ,,,,,,
55938,Industrial Power Generating Company LLC,57298,Cedar Hills,WA,King,12,OP,IC,IPP Non-CHP,2,0.3,0.3,0.3,LFG,DFO,Y,LFG,DFO,,,,,N,, , , , ,,,,,,
55938,Industrial Power Generating Company LLC,57298,Cedar Hills,WA,King,13,OP,IC,IPP Non-CHP,2,0.3,0.3,0.3,LFG,DFO,Y,LFG,DFO,,,,,N,, , , , ,,,,,,
55938,Industrial Power Generating Company LLC,57298,Cedar Hills,WA,King,14,OP,IC,IPP Non-CHP,2,0.3,0.3,0.3,LFG,DFO,Y,LFG,DFO,,,,,N,, , , , ,,,,,,
55938,Industrial Power Generating Company LLC,57298,Cedar Hills,WA,King,15,OP,IC,IPP Non-CHP,2,0.3,0.3,0.3,LFG,DFO,Y,LFG,DFO,,,,,N,, , , , ,,,,,,
55938,Industrial Power Generating Company LLC,57298,Cedar Hills,WA,King,16,OP,IC,IPP Non-CHP,2,0.3,0.3,0.3,LFG,DFO,Y,LFG,DFO,,,,,N,, , , , ,,,,,,
55938,Industrial Power Generating Company LLC,57298,Cedar Hills,WA,King,17,OP,IC,IPP Non-CHP,2,0.3,0.3,0.3,LFG,DFO,Y,LFG,DFO,,,,,N,, , , , ,,,,,,
55938,Industrial Power Generating Company LLC,57298,Cedar Hills,WA,King,18,OP,IC,IPP Non-CHP,2,0.3,0.3,0.3,LFG,DFO,Y,LFG,DFO,,,,,N,, , , , ,,,,,,
55938,Industrial Power Generating Company LLC,57298,Cedar Hills,WA,King,2,OP,IC,IPP Non-CHP,2,0.3,0.3,0.3,LFG,DFO,Y,LFG,DFO,,,,,N,, , , , ,,,,,,
55938,Industrial Power Generating Company LLC,57298,Cedar Hills,WA,King,3,OP,IC,IPP Non-CHP,2,0.3,0.3,0.3,LFG,DFO,Y,LFG,DFO,,,,,N,, , , , ,,,,,,
55938,Industrial Power Generating Company LLC,57298,Cedar Hills,WA,King,4,OP,IC,IPP Non-CHP,2,0.3,0.3,0.3,LFG,DFO,Y,LFG,DFO,,,,,N,, , , , ,,,,,,
55938,Industrial Power Generating Company LLC,57298,Cedar Hills,WA,King,5,OP,IC,IPP Non-CHP,2,0.3,0.3,0.3,LFG,DFO,Y,LFG,DFO,,,,,N,, , , , ,,,,,,
55938,Industrial Power Generating Company LLC,57298,Cedar Hills,WA,King,6,OP,IC,IPP Non-CHP,2,0.3,0.3,0.3,LFG,DFO,Y,LFG,DFO,,,,,N,, , , , ,,,,,,
55938,Industrial Power Generating Company LLC,57298,Cedar Hills,WA,King,7,OP,IC,IPP Non-CHP,2,0.3,0.3,0.3,LFG,DFO,Y,LFG,DFO,,,,,N,, , , , ,,,,,,
55938,Industrial Power Generating Company LLC,57298,Cedar Hills,WA,King,8,OP,IC,IPP Non-CHP,2,0.3,0.3,0.3,LFG,DFO,Y,LFG,DFO,,,,,N,, , , , ,,,,,,
55938,Industrial Power Generating Company LLC,57298,Cedar Hills,WA,King,9,OP,IC,IPP Non-CHP,2,0.3,0.3,0.3,LFG,DFO,Y,LFG,DFO,,,,,N,, , , , ,,,,,,
55938,Industrial Power Generating Company LLC,57356,Henrico,VA,Henrico,1,OP,IC,IPP Non-CHP,2,0.3,0.3,0.3,LFG,DFO,Y,LFG,DFO,,,,,N,, , , , ,,,,,,
55938,Industrial Power Generating Company LLC,57356,Henrico,VA,Henrico,10,OP,IC,IPP Non-CHP,2,0.3,0.3,0.3,LFG,DFO,Y,LFG,DFO,,,,,N,, , , , ,,,,,,
55938,Industrial Power Generating Company LLC,57356,Henrico,VA,Henrico,11,OP,IC,IPP Non-CHP,2,0.3,0.3,0.3,LFG,DFO,Y,LFG,DFO,,,,,N,, , , , ,,,,,,
55938,Industrial Power Generating Company LLC,57356,Henrico,VA,Henrico,12,OP,IC,IPP Non-CHP,2,0.3,0.3,0.3,LFG,DFO,Y,LFG,DFO,,,,,N,, , , , ,,,,,,
55938,Industrial Power Generating Company LLC,57356,Henrico,VA,Henrico,2,OP,IC,IPP Non-CHP,2,0.3,0.3,0.3,LFG,DFO,Y,LFG,DFO,,,,,N,, , , , ,,,,,,
55938,Industrial Power Generating Company LLC,57356,Henrico,VA,Henrico,3,OP,IC,IPP Non-CHP,2,0.3,0.3,0.3,LFG,DFO,Y,LFG,DFO,,,,,N,, , , , ,,,,,,
55938,Industrial Power Generating Company LLC,57356,Henrico,VA,Henrico,4,OP,IC,IPP Non-CHP,2,0.3,0.3,0.3,LFG,DFO,Y,LFG,DFO,,,,,N,, , , , ,,,,,,
55938,Industrial Power Generating Company LLC,57356,Henrico,VA,Henrico,5,OP,IC,IPP Non-CHP,2,0.3,0.3,0.3,LFG,DFO,Y,LFG,DFO,,,,,N,, , , , ,,,,,,
55938,Industrial Power Generating Company LLC,57356,Henrico,VA,Henrico,6,OP,IC,IPP Non-CHP,2,0.3,0.3,0.3,LFG,DFO,Y,LFG,DFO,,,,,N,, , , , ,,,,,,
55938,Industrial Power Generating Company LLC,57356,Henrico,VA,Henrico,7,OP,IC,IPP Non-CHP,2,0.3,0.3,0.3,LFG,DFO,Y,LFG,DFO,,,,,N,, , , , ,,,,,,
55938,Industrial Power Generating Company LLC,57356,Henrico,VA,Henrico,8,OP,IC,IPP Non-CHP,2,0.3,0.3,0.3,LFG,DFO,Y,LFG,DFO,,,,,N,, , , , ,,,,,,
55938,Industrial Power Generating Company LLC,57356,Henrico,VA,Henrico,9,OP,IC,IPP Non-CHP,2,0.3,0.3,0.3,LFG,DFO,Y,LFG,DFO,,,,,N,, , , , ,,,,,,
55965,NewPage Corporation,10234,Biron Mill,WI,Wood,GEN5,OP,ST,Industrial CHP,7,21.5,20,20,SUB,NG,Y,SUB,WDS,,,,,N,, , , , ,,,,,,
55965,NewPage Corporation,10476,Whiting Mill,WI,Portage,GEN4,OS,ST,Industrial CHP,7,4.1,4.1,4.1,SUB,WDS,Y,SUB,WDS,,,,,N,, , , , ,,,,,,
55965,NewPage Corporation,10477,Wisconsin Rapids Pulp Mill,WI,Wood,GEN1,OP,ST,Industrial CHP,7,32.0,27.2,32,BLQ,SUB,Y,SUB,WDS,,,,,,, , , , ,,,,,,
55965,NewPage Corporation,10477,Wisconsin Rapids Pulp Mill,WI,Wood,GEN2,OP,ST,Industrial CHP,7,40.3,37.5,40.3,BLQ,SUB,Y,SUB,WDS,,,,,,, , , , ,,,,,,
55983,Luminant Generation Company LLC,3452,Lake Hubbard,TX,Dallas,1,OP,ST,IPP Non-CHP,2,396.5,392,392,NG,DFO,Y,NG,DFO,,,,,Y,Y,100, , , ,UNK,UNK,N,,,
55983,Luminant Generation Company LLC,3452,Lake Hubbard,TX,Dallas,2,OP,ST,IPP Non-CHP,2,531.0,515,515,NG,DFO,Y,NG,DFO,,,,,N,, , , , ,UNK,UNK,,,,
55983,Luminant Generation Company LLC,3490,Graham,TX,Young,2,OP,ST,IPP Non-CHP,2,387.0,390,390,NG,RFO,Y,NG,RFO,,,,,Y,Y, , , , ,UNK,UNK,N,,,
55983,Luminant Generation Company LLC,3492,Morgan Creek,TX,Mitchell,CT1,OP,GT,IPP Non-CHP,2,89.4,68,81,NG,DFO,N,,,,,,,Y,Y,76, ,86, ,1H,1H,Y,,Y,
55983,Luminant Generation Company LLC,3492,Morgan Creek,TX,Mitchell,CT2,OP,GT,IPP Non-CHP,2,89.4,68,81,NG,DFO,N,,,,,,,Y,Y,76, ,86, ,1H,1H,Y,,Y,
55983,Luminant Generation Company LLC,3492,Morgan Creek,TX,Mitchell,CT3,OP,GT,IPP Non-CHP,2,89.4,68,81,NG,DFO,N,,,,,,,Y,Y,76, ,86, ,1H,1H,Y,,Y,
55983,Luminant Generation Company LLC,3492,Morgan Creek,TX,Mitchell,CT4,OP,GT,IPP Non-CHP,2,89.4,68,81,NG,DFO,N,,,,,,,Y,Y,76, ,86, ,1H,1H,Y,,Y,
55983,Luminant Generation Company LLC,3492,Morgan Creek,TX,Mitchell,CT5,OP,GT,IPP Non-CHP,2,89.4,68,81,NG,DFO,N,,,,,,,Y,Y,76, ,86, ,1H,1H,Y,,Y,
55983,Luminant Generation Company LLC,3492,Morgan Creek,TX,Mitchell,CT6,OP,GT,IPP Non-CHP,2,89.4,67,81,NG,DFO,N,,,,,,,Y,Y,76, ,86, ,1H,1H,Y,,Y,
55983,Luminant Generation Company LLC,3494,Permian Basin,TX,Ward,CT1,OP,GT,IPP Non-CHP,2,89.4,68,80,NG,DFO,N,,,,,,,Y,Y,72, ,86, ,1H,1H,Y,,Y,
55983,Luminant Generation Company LLC,3494,Permian Basin,TX,Ward,CT2,OP,GT,IPP Non-CHP,2,89.4,68,80,NG,DFO,N,,,,,,,Y,Y,72, ,86, ,1H,1H,Y,,Y,
55983,Luminant Generation Company LLC,3494,Permian Basin,TX,Ward,CT3,OP,GT,IPP Non-CHP,2,89.4,68,80,NG,DFO,N,,,,,,,Y,Y,72, ,86, ,1H,1H,Y,,Y,
55983,Luminant Generation Company LLC,3494,Permian Basin,TX,Ward,CT4,OP,GT,IPP Non-CHP,2,89.4,68,80,NG,DFO,N,,,,,,,Y,Y,72, ,86, ,1H,1H,Y,,Y,
55983,Luminant Generation Company LLC,3494,Permian Basin,TX,Ward,CT5,OP,GT,IPP Non-CHP,2,89.4,68,80,NG,DFO,N,,,,,,,Y,Y,72, ,86, ,1H,1H,Y,,Y,
55983,Luminant Generation Company LLC,3502,Lake Creek,TX,McLennan,ST1,OS,ST,IPP Non-CHP,2,79.6,87,87,NG,DFO,Y,NG,DFO,,,,,N,, , , , ,,,,,,
55983,Luminant Generation Company LLC,3502,Lake Creek,TX,McLennan,ST2,OS,ST,IPP Non-CHP,2,236.0,230,230,NG,DFO,Y,NG,DFO,,,,,N,, , , , ,,,,,,
55983,Luminant Generation Company LLC,3504,Stryker Creek,TX,Cherokee,ST1,OP,ST,IPP Non-CHP,2,176.8,167,167,NG,RFO,Y,NG,RFO,,,,,N,, , , , ,,,,,,
55983,Luminant Generation Company LLC,3504,Stryker Creek,TX,Cherokee,ST2,OP,ST,IPP Non-CHP,2,526.6,502,502,NG,RFO,Y,NG,RFO,,,,,N,, , , , ,,,,,,
55983,Luminant Generation Company LLC,3507,Trinidad (TX),TX,Henderson,6,OP,ST,IPP Non-CHP,2,239.3,226,226,NG,DFO,Y,NG,RFO,,,,,N,Y, , , , ,,,,,,
55983,Luminant Generation Company LLC,6146,Martin Lake,TX,Rusk,1,OP,ST,IPP Non-CHP,2,793.2,800,815,LIG,SUB,Y,LIG,SUB,,,,,,, , , , ,,,,,,
55983,Luminant Generation Company LLC,6146,Martin Lake,TX,Rusk,2,OP,ST,IPP Non-CHP,2,793.2,805,820,LIG,SUB,Y,LIG,SUB,,,,,,, , , , ,,,,,,
55983,Luminant Generation Company LLC,6146,Martin Lake,TX,Rusk,3,OP,ST,IPP Non-CHP,2,793.2,805,820,LIG,SUB,Y,LIG,SUB,,,,,,, , , , ,,,,,,
55983,Luminant Generation Company LLC,6147,Monticello,TX,Titus,1,OP,ST,IPP Non-CHP,2,593.4,535,580,SUB,LIG,Y,LIG,SUB,,,,,,, , , , ,,,,,,
55983,Luminant Generation Company LLC,6147,Monticello,TX,Titus,2,OP,ST,IPP Non-CHP,2,593.4,535,580,SUB,LIG,Y,LIG,SUB,,,,,,, , , , ,,,,,,
55983,Luminant Generation Company LLC,6147,Monticello,TX,Titus,3,OP,ST,IPP Non-CHP,2,793.2,795,795,SUB,LIG,Y,LIG,SUB,,,,,,, , , , ,,,,,,
55983,Luminant Generation Company LLC,8063,DeCordova Steam Electric Station,TX,Hood,CT1,OP,GT,IPP Non-CHP,2,89.4,80,80,NG,DFO,N,,,,,,,Y,Y,75, ,89, ,1H,1H,Y,,Y,
55983,Luminant Generation Company LLC,8063,DeCordova Steam Electric Station,TX,Hood,CT2,OP,GT,IPP Non-CHP,2,89.4,80,80,NG,DFO,N,,,,,,,Y,Y,75, ,89, ,1H,1H,Y,,Y,
55983,Luminant Generation Company LLC,8063,DeCordova Steam Electric Station,TX,Hood,CT3,OP,GT,IPP Non-CHP,2,89.4,80,80,NG,DFO,N,,,,,,,Y,Y,75, ,89, ,1H,1H,Y,,Y,
55983,Luminant Generation Company LLC,8063,DeCordova Steam Electric Station,TX,Hood,CT4,OP,GT,IPP Non-CHP,2,89.4,80,80,NG,DFO,N,,,,,,,Y,Y,75, ,89, ,1H,1H,Y,,Y,
55985,Tesoro Refining and Marketing Company,50530,Equilon Los Angeles Refining,CA,Los Angeles,GEN1,OP,GT,Industrial CHP,7,30.0,25,25,OG,NG,Y,OG,NG,,,,,N,, , , , ,,,,,,
55985,Tesoro Refining and Marketing Company,50530,Equilon Los Angeles Refining,CA,Los Angeles,GEN2,OP,GT,Industrial CHP,7,30.0,25,25,OG,NG,Y,OG,NG,,,,,N,, , , , ,,,,,,
55985,Tesoro Refining and Marketing Company,50530,Equilon Los Angeles Refining,CA,Los Angeles,GEN3,OP,ST,Industrial CHP,7,23.0,15,15,OG,NG,Y,OG,NG,,,,,N,, , , , ,,,,,,
55988,Virginia Polytechnic Inst and State Unv,56785,Virginia Tech Power Plant,VA,MONTGOMERY,WG01,OP,ST,Commercial CHP,5,6.3,2.5,6.3,BIT,NG,Y,BIT,NG,DFO,,,,Y,Y,2.5,5.5,2.5,5.5,1H,1H,Y,,,Y
55993,"Kleen Energy Systems, LLC",56798,Kleen Energy Systems Project,CT,Middlesex,U1,OP,CT,IPP Non-CHP,2,199.0,177,195,NG,DFO,N,,,,,,,Y,Y,177,195,163,180,1H,1H,Y,Y,Y,Y
55993,"Kleen Energy Systems, LLC",56798,Kleen Energy Systems Project,CT,Middlesex,U2,OP,CT,IPP Non-CHP,2,199.0,177,195,NG,DFO,N,,,,,,,Y,Y,176,195,163,180,1H,1H,Y,Y,Y,Y
56133,L'Anse Warden Electric Company LLC,1772,John H Warden,MI,Baraga,1,OP,ST,IPP Non-CHP,2,18.7,17.7,17.7,WDS,TDF,Y,WDS,TDF,NG,,,,,, , , , ,,,,,,
56137,Domtar LLC,54638,Johnsonburg Mill,PA,Elk,PT1,OP,ST,Industrial CHP,7,54.0,49,49,BLQ,BIT,Y,BLQ,BIT,NG,DFO,,,N,, , , , ,,,,,,
56142,"Alliance NYGT, LLC",2628,Hillburn,NY,Rockland,GEN1,OP,GT,IPP Non-CHP,2,46.5,33.1,43.8,NG,KER,N,,,,,,,Y,N,33.1, ,33.1, ,1H,1H,Y,,Y,
56142,"Alliance NYGT, LLC",2632,Shoemaker,NY,Orange,SHOE,OP,GT,IPP Non-CHP,2,41.9,33,40,NG,KER,N,,,,,,,Y,N,33, ,33, ,1H,1H,Y,,Y,
56160,NAEA Operating Company LLC,54640,NAEA Lakewood LLC,NJ,Ocean,GEN1,SB,CT,IPP Non-CHP,2,77.9,69.2,76.9,NG,DFO,N,,,,,,,Y,Y,69.2, ,69.2, ,1H,1H,Y,,Y,
56160,NAEA Operating Company LLC,54640,NAEA Lakewood LLC,NJ,Ocean,GEN2,SB,CT,IPP Non-CHP,2,77.9,69.2,76.9,NG,DFO,N,,,,,,,Y,Y,69.2, ,69.2, ,1H,1H,Y,,Y,
56160,NAEA Operating Company LLC,54640,NAEA Lakewood LLC,NJ,Ocean,GEN3,SB,CA,IPP Non-CHP,2,82.7,79.7,82.2,NG,DFO,N,,,,,,,Y,Y,79.7, ,79.7, ,UNK,UNK,Y,,Y,
56164,International Paper - Valliant,50192,International Paper Valliant OK,OK,McCurtain,TG1,OP,ST,Industrial CHP,7,68.0,57.8,57.8,BLQ,NG,Y,BLQ,NG,WDS,RFO,,,Y,Y,25, ,25, ,UNK,,Y,,Y,
56174,Finch Paper LLC,10511,Finch Paper,NY,Warren,GEN6,OP,ST,Industrial CHP,7,29.0,23,27,WDL,NG,N,,,,,,,Y,Y,14,18,8,12,6H,6H,Y,,Y,Y
56205,Philadelphia Water Department,58326,PWD Northeast WPCP Biogas Cogen Plant,PA,Philadelphia,NBG1,OP,IC,Commercial Non-CHP,4,1.4,1.4,1.4,OBG,NG,Y,OBG,NG,,,,,N,, , , , ,,,,,,
56205,Philadelphia Water Department,58326,PWD Northeast WPCP Biogas Cogen Plant,PA,Philadelphia,NBG2,OP,IC,Commercial Non-CHP,4,1.4,1.4,1.4,OBG,NG,Y,OBG,NG,,,,,N,, , , , ,,,,,,
56205,Philadelphia Water Department,58326,PWD Northeast WPCP Biogas Cogen Plant,PA,Philadelphia,NBG3,OP,IC,Commercial Non-CHP,4,1.4,1.4,1.4,OBG,NG,Y,OBG,NG,,,,,N,, , , , ,,,,,,
56205,Philadelphia Water Department,58326,PWD Northeast WPCP Biogas Cogen Plant,PA,Philadelphia,NBG4,OP,IC,Commercial Non-CHP,4,1.4,1.4,1.4,OBG,NG,Y,OBG,NG,,,,,N,, , , , ,,,,,,
56214,Hazleton Generation LLC,10870,Hazelton,PA,Luzerne,GEN2,SB,GT,IPP Non-CHP,2,33.0,27.8,27.8,NG,DFO,N,,,,,,,Y,N,30, ,30, ,1H,1H,N,,,
56214,Hazleton Generation LLC,10870,Hazelton,PA,Luzerne,GEN3,SB,GT,IPP Non-CHP,2,33.0,28.4,28.4,NG,DFO,N,,,,,,,Y,N,30, ,30, ,1H,1H,N,,,
56214,Hazleton Generation LLC,10870,Hazelton,PA,Luzerne,GEN4,SB,GT,IPP Non-CHP,2,33.0,29,29,NG,DFO,N,,,,,,,Y,N,30, ,30, ,1H,1H,N,,,
56225,Clearwater Paper Corporation,50637,Clearwater Paper IPP Lewiston,ID,Nez Perce,GEN1,OS,ST,Industrial CHP,7,10.0,1,9.4,NG,,Y,BLQ,NG,,,,,N,, , , , ,,,,,,
56225,Clearwater Paper Corporation,50637,Clearwater Paper IPP Lewiston,ID,Nez Perce,GEN2,OS,ST,Industrial CHP,7,10.0,3.3,9.4,NG,,Y,BLQ,NG,,,,,N,, , , , ,,,,,,
56225,Clearwater Paper Corporation,50637,Clearwater Paper IPP Lewiston,ID,Nez Perce,GEN3,OP,ST,Industrial CHP,7,28.8,25.2,25.3,BLQ,WDS,Y,BLQ,WDS,NG,,,,N,, , , , ,,,,,,
56225,Clearwater Paper Corporation,50637,Clearwater Paper IPP Lewiston,ID,Nez Perce,GEN4,OP,ST,Industrial CHP,7,65.0,24,23.9,BLQ,WDS,Y,BLQ,WDS,NG,,,,N,, , , , ,,,,,,
56225,Clearwater Paper Corporation,50638,Clearwater Paper APP CB,AR,Desha,GEN1,OP,ST,Industrial CHP,7,20.0,20,20,NG,BLQ,Y,NG,BLQ,DFO,WO,,,Y,Y,20, ,20, ,1H,1H,Y,Y,Y,
56267,Bayonne Energy Center LLC,56964,Bayonne Energy Center,NJ,Hudson,GT1,OP,GT,IPP Non-CHP,2,64.0,61.2,64,NG,DFO,N,,,,,,,Y,Y,61.2,64,58,58,1H,1H,Y,,Y,
56267,Bayonne Energy Center LLC,56964,Bayonne Energy Center,NJ,Hudson,GT2,OP,GT,IPP Non-CHP,2,64.0,59.4,64,NG,DFO,N,,,,,,,Y,Y,59.4,64,58,58,1H,1H,Y,,Y,
56267,Bayonne Energy Center LLC,56964,Bayonne Energy Center,NJ,Hudson,GT3,OP,GT,IPP Non-CHP,2,64.0,58.9,64,NG,DFO,N,,,,,,,Y,Y,58.9,64,58,58,1H,1H,Y,,Y,
56267,Bayonne Energy Center LLC,56964,Bayonne Energy Center,NJ,Hudson,GT4,OP,GT,IPP Non-CHP,2,64.0,59.7,64,NG,DFO,N,,,,,,,Y,Y,59.7,64,58,58,1H,1H,Y,,Y,
56267,Bayonne Energy Center LLC,56964,Bayonne Energy Center,NJ,Hudson,GT5,OP,GT,IPP Non-CHP,2,64.0,59.4,64,NG,DFO,N,,,,,,,Y,Y,59.4,64,58,58,1H,1H,Y,,Y,
56267,Bayonne Energy Center LLC,56964,Bayonne Energy Center,NJ,Hudson,GT6,OP,GT,IPP Non-CHP,2,64.0,59.9,64,NG,DFO,N,,,,,,,Y,Y,59.9,64,58,58,1H,1H,Y,,Y,
56267,Bayonne Energy Center LLC,56964,Bayonne Energy Center,NJ,Hudson,GT7,OP,GT,IPP Non-CHP,2,64.0,60.5,64,NG,DFO,N,,,,,,,Y,Y,60.5,64,58,58,1H,1H,Y,,Y,
56267,Bayonne Energy Center LLC,56964,Bayonne Energy Center,NJ,Hudson,GT8,OP,GT,IPP Non-CHP,2,64.0,60.9,64,NG,DFO,N,,,,,,,Y,Y,60.9,64,58,58,1H,1H,Y,,Y,
56289,International Paper Corporation,50191,IP Springfield Oregon,OR,Lane,TG1,OS,ST,Industrial CHP,7,7.5,7.5,7.5,BLQ,NG,Y,BLQ,NG,DFO,,,,N,Y,7.5, ,7.5, ,,,,,,
56289,International Paper Corporation,50191,IP Springfield Oregon,OR,Lane,TG2,OS,ST,Industrial CHP,7,5.0,5,5,BLQ,NG,Y,BLQ,NG,DFO,,,,N,Y,5, ,5, ,,,,,,
56289,International Paper Corporation,50191,IP Springfield Oregon,OR,Lane,TG3,OS,ST,Industrial CHP,7,12.5,12.5,12.5,BLQ,NG,Y,BLQ,NG,DFO,,,,N,Y,12.5, ,12.5, ,,,,,,
56289,International Paper Corporation,50191,IP Springfield Oregon,OR,Lane,TG4,OP,ST,Industrial CHP,7,40.0,33,33,BLQ,NG,Y,BLQ,NG,DFO,,,,N,Y,20, ,12, ,,,,,,
56291,International Paper Co.,54752,Weyerhaeuser Pine Hill Operations,AL,Wilcox,NO1,OP,ST,Industrial CHP,7,40.0,40,40,WDS,NG,Y,NG,WDS,,,,,N,N, , , , ,,,,,,
56291,International Paper Co.,54752,Weyerhaeuser Pine Hill Operations,AL,Wilcox,NO2,OP,ST,Industrial CHP,7,37.4,34.8,35.1,BLQ,RFO,Y,NG,BLQ,RFO,,,,N,N,6, ,20, ,,,,,,
56352,GenConn Devon LLC,57070,GenConn Devon LLC,CT,New Haven,15,OP,GT,IPP Non-CHP,2,60.5,46.9,49.2,KER,NG,N,,,,,,,Y,Y,48.5,49.3,46.9,49.2,1H,1H,Y,,Y,
56352,GenConn Devon LLC,57070,GenConn Devon LLC,CT,New Haven,16,OP,GT,IPP Non-CHP,2,60.5,46.9,49.2,KER,NG,N,,,,,,,Y,Y,48.5,49.3,46.9,49.2,1H,1H,Y,,Y,
56352,GenConn Devon LLC,57070,GenConn Devon LLC,CT,New Haven,17,OP,GT,IPP Non-CHP,2,60.5,46.9,49.2,KER,NG,N,,,,,,,Y,Y,48.5,49.3,46.9,49.2,1H,1H,Y,,Y,
56352,GenConn Devon LLC,57070,GenConn Devon LLC,CT,New Haven,18,OP,GT,IPP Non-CHP,2,60.5,46.9,49.2,KER,NG,N,,,,,,,Y,Y,48.5,49.3,46.9,49.2,1H,1H,Y,,Y,
56354,GenConn Middletown LLC,57068,GenConn Middletown LLC,CT,Middlesex,12,OP,GT,IPP Non-CHP,2,60.5,48.5,49.2,KER,NG,N,,,,,,,Y,Y,48.5,49.3,46.9,49.2,1H,1H,Y,Y,,
56354,GenConn Middletown LLC,57068,GenConn Middletown LLC,CT,Middlesex,13,OP,GT,IPP Non-CHP,2,60.5,48.5,49.2,KER,NG,N,,,,,,,Y,Y,48.5,49.3,46.9,49.2,1H,1H,Y,Y,,
56354,GenConn Middletown LLC,57068,GenConn Middletown LLC,CT,Middlesex,14,OP,GT,IPP Non-CHP,2,60.5,48.5,49.2,KER,NG,N,,,,,,,Y,Y,48.5,49.3,46.9,49.2,1H,1H,Y,Y,,
56354,GenConn Middletown LLC,57068,GenConn Middletown LLC,CT,Middlesex,15,OP,GT,IPP Non-CHP,2,60.5,48.5,49.2,KER,NG,N,,,,,,,Y,Y,48.5,49.3,46.9,49.2,1H,1H,Y,Y,,
56401,NAEA Energy Massachusetts  LLC,1642,NAEA Energy Massachusetts LLC,MA,Hampden,3,OP,ST,IPP Non-CHP,2,113.6,101.2,100.1,RFO,NG,Y,NG,RFO,,,,,Y,N,95,101,95,101,6H,6H,N,,,
56401,NAEA Energy Massachusetts  LLC,1642,NAEA Energy Massachusetts LLC,MA,Hampden,GT-1,OP,GT,IPP Non-CHP,2,60.0,37.8,47.8,NG,DFO,N,,,,,,,Y,N,38,45,38,45,1H,1H,N,,,
56401,NAEA Energy Massachusetts  LLC,1642,NAEA Energy Massachusetts LLC,MA,Hampden,GT-2,OP,GT,IPP Non-CHP,2,60.0,37.7,47.7,NG,DFO,N,,,,,,,Y,N,38,45,38,45,1H,1H,N,,,
56406,Newark America,57103,Newark America Mill,MA,WORCESTER,1,SB,ST,Industrial CHP,7,6.3,3,3,NG,DFO,N,,,,,,,Y,N,3, ,3, ,6H,6H,Y,,Y,
56412,IPA Operations Inc - Armstrong,55347,Armstrong,PA,Armstrong,1,OP,GT,IPP Non-CHP,2,172.0,155.4,169,NG,DFO,N,,,,,,,Y,Y,155.4,170,151.4,188,1H,1H,Y,Y,Y,
56412,IPA Operations Inc - Armstrong,55347,Armstrong,PA,Armstrong,2,OP,GT,IPP Non-CHP,2,172.0,155.3,169,NG,DFO,N,,,,,,,Y,Y,155.3,170,151.4,188,1H,1H,Y,Y,Y,
56412,IPA Operations Inc - Armstrong,55347,Armstrong,PA,Armstrong,3,OP,GT,IPP Non-CHP,2,172.0,146.4,169,NG,DFO,N,,,,,,,Y,Y,146.4,170,151.4,188,1H,1H,Y,Y,Y,
56412,IPA Operations Inc - Armstrong,55347,Armstrong,PA,Armstrong,4,OP,GT,IPP Non-CHP,2,172.0,146,169,NG,DFO,N,,,,,,,Y,Y,146,170,151.4,188,1H,1H,Y,Y,Y,
56413,Koda Energy LLC,57119,Koda Biomass Plant,MN,SCOTT,2222,OP,ST,IPP CHP,3,23.4,20.3,20.3,AB,WDS,Y,NG,AB,WDS,,,,N,, , , , ,,,,,,
56448,Red Shield Acquisition LLC,10700,Red Shield Envir Old Town Facility,ME,Penobscot,TG4,OP,ST,Industrial CHP,7,12.5,7.5,12.5,BLQ,RFO,Y,BLQ,RFO,NG,,,,Y,Y,7.5, ,7.5, ,1H,1H,N,,,
56476,Ameresco,57138,Savannah River Site Biomass Cogen,SC,Aiken,1,OP,ST,IPP CHP,3,20.8,16,9,WDS,TDF,Y,WDS,TDF,DFO,,,,N,, , , , ,,,,,,
56478,University of Michigan NCampus Research,54604,Warner Lambert,MI,WASHTENAW,5164,OP,GT,Commercial CHP,5,3.0,2.8,3.2,NG,DFO,N,,,,,,,Y,Y,2.6, ,2.6, ,1H,1H,Y,Y,,
56479,PIC Group Inc,10190,Castleton Energy Center,NY,Rensselaer,GEN1,OP,CT,IPP Non-CHP,2,47.0,43,47,NG,DFO,Y,NG,DFO,,,,,Y,Y,42, ,41, ,1H,1H,Y,Y,Y,
56480,Empire Generating Co  LLC,56259,Empire Generating Co  LLC,NY,Rensselaer,CT11,OP,CT,IPP CHP,3,179.0,155,190,NG,DFO,N,,,,,,,Y,N,165,190,177,190,1H,1H,Y,,Y,Y
56480,Empire Generating Co  LLC,56259,Empire Generating Co  LLC,NY,Rensselaer,CT12,OP,CT,IPP CHP,3,179.0,155,190,NG,DFO,N,,,,,,,Y,N,165,190,177,190,1H,1H,Y,,Y,Y
56480,Empire Generating Co  LLC,56259,Empire Generating Co  LLC,NY,Rensselaer,ST13,OP,CA,IPP CHP,3,295.7,270,295.7,NG,DFO,N,,,,,,,Y,N,270,285,175,185,1H,1H,Y,,Y,Y
56490,LS Power Development LLC,55422,DeSoto County Plant,FL,DeSoto,DES1,OP,GT,IPP Non-CHP,2,199.4,159,184,NG,DFO,N,,,,,,,Y,Y,159.51,175,170.2,184,1H,1H,Y,Y,Y,
56490,LS Power Development LLC,55422,DeSoto County Plant,FL,DeSoto,DES2,OP,GT,IPP Non-CHP,2,199.4,161,188,NG,DFO,N,,,,,,,Y,Y,161,175,170.2,184,1H,1H,Y,Y,Y,
56505,National Grid Generation LLC,2511,E F Barrett,NY,Nassau,10,OP,GT,Electric Utility,1,41.8,39.5,49.3,NG,DFO,N,,,,,,,Y,Y,39.5,49.3,39.5,49.3,1H,,N,,,
56505,National Grid Generation LLC,2511,E F Barrett,NY,Nassau,11,OP,GT,Electric Utility,1,41.8,40,49.3,NG,DFO,N,,,,,,,Y,Y,40,49.3,40,49.3,1H,,N,,,
56505,National Grid Generation LLC,2511,E F Barrett,NY,Nassau,12,OP,GT,Electric Utility,1,41.8,40.2,48.8,NG,DFO,N,,,,,,,Y,Y,40.2,48.8,40.2,48.8,1H,,N,,,
56505,National Grid Generation LLC,2511,E F Barrett,NY,Nassau,3,OP,GT,Electric Utility,1,18.0,17.5,20.4,NG,DFO,N,,,,,,,Y,Y,17.5,20.4,17.5,20.4,1H,,N,,,
56505,National Grid Generation LLC,2511,E F Barrett,NY,Nassau,4,OP,GT,Electric Utility,1,18.0,17.7,20.5,NG,DFO,N,,,,,,,Y,Y,17.7,20.5,17.7,20.5,1H,,N,,,
56505,National Grid Generation LLC,2511,E F Barrett,NY,Nassau,5,OP,GT,Electric Utility,1,18.0,17,20,NG,DFO,N,,,,,,,Y,Y,17,20,17,20,1H,,N,,,
56505,National Grid Generation LLC,2511,E F Barrett,NY,Nassau,6,OP,GT,Electric Utility,1,18.0,16.7,20.2,NG,DFO,N,,,,,,,Y,Y,16.7,20.2,16.7,20.2,1H,,N,,,
56505,National Grid Generation LLC,2511,E F Barrett,NY,Nassau,8,OP,GT,Electric Utility,1,18.0,17,20,NG,DFO,N,,,,,,,Y,Y,17,20,17,20,1H,,N,,,
56505,National Grid Generation LLC,2511,E F Barrett,NY,Nassau,9,OP,GT,Electric Utility,1,41.8,39.8,49.2,NG,DFO,N,,,,,,,Y,Y,39.8,49.2,39.8,49.2,1H,,N,,,
56505,National Grid Generation LLC,2511,E F Barrett,NY,Nassau,GT1,OP,GT,Electric Utility,1,18.0,16.3,19.3,NG,DFO,N,,,,,,,Y,Y,16.3,19.3,16.3,19.3,1H,,N,,,
56505,National Grid Generation LLC,2511,E F Barrett,NY,Nassau,GT2,OP,GT,Electric Utility,1,18.0,14.9,17.5,NG,DFO,N,,,,,,,Y,Y,14.9,17.5,14.9,17.5,1H,,N,,,
56505,National Grid Generation LLC,2511,E F Barrett,NY,Nassau,ST1,OP,ST,Electric Utility,1,188.0,195.2,194.2,NG,RFO,Y,NG,RFO,,,,,Y,Y,195.2,194.5,195.2,194.5,6H,6H,Y,Y,,
56505,National Grid Generation LLC,2511,E F Barrett,NY,Nassau,ST2,OP,ST,Electric Utility,1,188.0,196.2,196.2,NG,RFO,Y,NG,RFO,,,,,Y,Y,196.2,194.2,196.2,194.2,6H,6H,Y,Y,,
56505,National Grid Generation LLC,2516,Northport,NY,Suffolk,2,OP,ST,Electric Utility,1,387.0,393.5,393.5,NG,RFO,Y,NG,RFO,,,,,Y,Y,393.5,393.5,393.5,393.5,6H,6H,N,,,
56505,National Grid Generation LLC,2516,Northport,NY,Suffolk,3,OP,ST,Electric Utility,1,387.0,396,397,NG,RFO,Y,NG,RFO,,,,,Y,Y,396,397,396,397,6H,6H,N,,,
56505,National Grid Generation LLC,2516,Northport,NY,Suffolk,4,OP,ST,Electric Utility,1,387.0,395.5,395,NG,RFO,Y,NG,RFO,,,,,Y,Y,395.5,395,395.5,395,6H,,N,,,
56505,National Grid Generation LLC,2516,Northport,NY,Suffolk,ST1,OP,ST,Electric Utility,1,387.0,395.7,387.7,NG,RFO,Y,NG,RFO,,,,,Y,Y,397.7,387.7,397.7,387.7,6H,6H,N,,,
56505,National Grid Generation LLC,2517,Port Jefferson,NY,Suffolk,3,OP,ST,Electric Utility,1,188.0,195,193.5,NG,RFO,Y,NG,RFO,,,,,Y,Y,195,193.5,195,193.5,6H,,N,,,
56505,National Grid Generation LLC,2517,Port Jefferson,NY,Suffolk,4,OP,ST,Electric Utility,1,188.0,197.7,194.5,NG,RFO,Y,NG,RFO,,,,,Y,Y,197.7,194.5,197.7,194.5,6H,,N,,,
56505,National Grid Generation LLC,2517,Port Jefferson,NY,Suffolk,GT2,OP,GT,Electric Utility,1,53.0,43.3,48.1,NG,KER,N,,,,,,,Y,Y,43.3,48.1,43.3,48.1,1H,1H,Y,,Y,
56505,National Grid Generation LLC,2517,Port Jefferson,NY,Suffolk,GT3,OP,GT,Electric Utility,1,53.0,39.7,46,NG,KER,N,,,,,,,Y,Y,39.7,46,39.7,46,1H,1H,Y,,Y,
56505,National Grid Generation LLC,7869,Glenwood Landing,NY,Nassau,GT4,OP,GT,Electric Utility,1,53.0,40.6,46,NG,KER,N,,,,,,,Y,Y,40.6,46,40.6,46,1H,1H,Y,,Y,
56505,National Grid Generation LLC,7869,Glenwood Landing,NY,Nassau,GT5,OP,GT,Electric Utility,1,53.0,38.6,44.6,NG,KER,N,,,,,,,Y,Y,38.6,44.6,38.6,44.6,1H,1H,Y,,Y,
56516,"Morris Energy Operations Company, LLC",10751,Camden Plant Holding LLC,NJ,Camden,GEN1,OP,CT,IPP Non-CHP,2,95.2,94.9,92.6,NG,KER,N,,,,,,,Y,Y,94.9,92.6,94.9,92.6,1H,1H,Y,,Y,
56516,"Morris Energy Operations Company, LLC",50497,Bayonne Plant Holding LLC,NJ,Hudson,GTG1,OP,CT,IPP CHP,3,43.4,39.5,43.5,NG,KER,N,,,,,,,Y,Y,39.5,43.5,39.5,43.5,1H,1H,N,,,
56516,"Morris Energy Operations Company, LLC",50497,Bayonne Plant Holding LLC,NJ,Hudson,GTG2,OP,CT,IPP CHP,3,43.4,39.5,43.5,NG,KER,N,,,,,,,Y,Y,39.5,43.5,39.5,43.5,1H,1H,N,,,
56516,"Morris Energy Operations Company, LLC",50497,Bayonne Plant Holding LLC,NJ,Hudson,GTG3,OP,CT,IPP CHP,3,43.4,39.5,43.5,NG,KER,N,,,,,,,Y,Y,39.5,43.5,39.5,43.5,1H,1H,N,,,
56516,"Morris Energy Operations Company, LLC",50852,Elmwood Energy Holdings LLC,NJ,Bergen,GEN1,OP,CT,IPP CHP,3,59.0,51,59,NG,DFO,N,,,,,,,Y,Y,51,59,53,59,1H,1H,Y,,Y,
56516,"Morris Energy Operations Company, LLC",52026,Dartmouth Power Associates LP,MA,Bristol,GEN1,OP,CT,IPP Non-CHP,2,45.0,36,42,NG,DFO,N,,,,,,,Y,N,36,42,36,40,1H,1H,N,,,
56516,"Morris Energy Operations Company, LLC",52026,Dartmouth Power Associates LP,MA,Bristol,GEN3,OP,GT,IPP Non-CHP,2,24.7,20.6,23.4,NG,DFO,N,,,,,,,Y,N,20.6,23.4,20.6,23.4,1H,1H,N,,,
56533,Troy Energy LLC,55348,Troy Energy LLC,OH,Wood,1,OP,GT,IPP Non-CHP,2,172.0,146,169,NG,DFO,N,,,,,,,Y,Y,146, ,152, ,1H,1H,Y,Y,Y,
56533,Troy Energy LLC,55348,Troy Energy LLC,OH,Wood,2,OP,GT,IPP Non-CHP,2,172.0,146,169,NG,DFO,N,,,,,,,Y,Y,146, ,152, ,1H,1H,Y,Y,Y,
56533,Troy Energy LLC,55348,Troy Energy LLC,OH,Wood,3,OP,GT,IPP Non-CHP,2,172.0,146,169,NG,DFO,N,,,,,,,Y,Y,146, ,152, ,1H,1H,Y,Y,Y,
56533,Troy Energy LLC,55348,Troy Energy LLC,OH,Wood,4,OP,GT,IPP Non-CHP,2,172.0,146,169,NG,DFO,N,,,,,,,Y,Y,146, ,152, ,1H,1H,Y,Y,Y,
56596,Union Tribune LLC,10600,Union Tribune Publishing,CA,San Diego,GEN1,OP,GT,Industrial CHP,7,3.1,3.1,3.1,NG,DFO,N,,,,,,,Y,,3.1,3.1,3.1,3.1,1H,1H,Y,,Y,
56598,"Major Oak Power, LLC",7030,Twin Oaks Power One,TX,Robertson,1,OP,ST,IPP Non-CHP,2,174.6,152,153,LIG,NG,Y,LIG,SUB,PC,,,,N,, , , , ,,,,,,
56598,"Major Oak Power, LLC",7030,Twin Oaks Power One,TX,Robertson,2,OP,ST,IPP Non-CHP,2,174.6,153,154,LIG,NG,Y,LIG,SUB,PC,,,,N,, , , , ,,,,,,
56600,Ascend Performance Materials LLC,10416,Pensacola Florida Plant,FL,Escambia,GEN1,OP,ST,Industrial CHP,7,5.0,5,5,NG,RFO,N,,,,,,,Y,Y,5, ,5, ,6H,6H,Y,Y,,
56600,Ascend Performance Materials LLC,10416,Pensacola Florida Plant,FL,Escambia,GEN2,OP,ST,Industrial CHP,7,5.0,5,5,NG,RFO,N,,,,,,,Y,Y,5, ,5, ,6H,6H,Y,Y,,
56600,Ascend Performance Materials LLC,10416,Pensacola Florida Plant,FL,Escambia,GEN3,OP,ST,Industrial CHP,7,6.0,6,6,NG,RFO,N,,,,,,,Y,Y,6, ,6, ,6H,6H,Y,Y,,
56606,Calpine New Jersey Generation LLC,2379,Carlls Corner,NJ,Cumberland,CA1,OP,GT,IPP Non-CHP,2,41.9,37.4,45.3,NG,KER,N,,,,,,,Y,N,37.4, ,37.4, ,6H,,Y,,Y,
56606,Calpine New Jersey Generation LLC,2379,Carlls Corner,NJ,Cumberland,CA2,OP,GT,IPP Non-CHP,2,41.9,41.2,49.8,NG,KER,N,,,,,,,Y,N,38.9, ,38.9, ,6H,,Y,,Y,
56606,Calpine New Jersey Generation LLC,2384,Deepwater,NJ,Salem,1,OP,ST,IPP Non-CHP,2,81.6,78.9,79.5,NG,DFO,,,,,,,,Y,N, , , , ,UNK,,Y,,Y,
56606,Calpine New Jersey Generation LLC,2384,Deepwater,NJ,Salem,6,OP,ST,IPP Non-CHP,2,73.5,81.2,82,NG,DFO,,,,,,,,Y,N, , , , ,UNK,,Y,,Y,
56606,Calpine New Jersey Generation LLC,5083,Cumberland (NJ),NJ,Cumberland,CUMB,OP,GT,IPP Non-CHP,2,99.4,86.6,104.1,NG,KER,N,,,,,,,Y,N,79.5, ,79.5, ,1H,,Y,,Y,
56606,Calpine New Jersey Generation LLC,5083,Cumberland (NJ),NJ,Cumberland,CUMB2,OP,GT,IPP Non-CHP,2,131.8,96.5,102,NG,KER,N,,,,,,,Y,N,92.9, ,92.9, ,1H,,Y,,Y,
56606,Calpine New Jersey Generation LLC,7288,Sherman Avenue,NJ,Cumberland,SEHR,OP,GT,IPP Non-CHP,2,112.8,82.4,99,NG,KER,N,,,,,,,Y,N,82.4, ,82.4, ,1H,,N,,,
56607,Calpine Bethlehem LLC,55690,Bethlehem Power Plant,PA,Northampton,CTG1,OP,CT,IPP Non-CHP,2,140.0,126,121,NG,DFO,N,,,,,,,Y,Y,127, ,127, ,6H,6H,Y,Y,Y,
56607,Calpine Bethlehem LLC,55690,Bethlehem Power Plant,PA,Northampton,CTG2,OP,CT,IPP Non-CHP,2,140.0,126,121,NG,DFO,N,,,,,,,Y,Y,127, ,127, ,6H,6H,Y,Y,Y,
56607,Calpine Bethlehem LLC,55690,Bethlehem Power Plant,PA,Northampton,CTG3,OP,CT,IPP Non-CHP,2,140.0,126,121,NG,DFO,N,,,,,,,Y,Y,127, ,127, ,6H,6H,Y,Y,Y,
56607,Calpine Bethlehem LLC,55690,Bethlehem Power Plant,PA,Northampton,CTG5,OP,CT,IPP Non-CHP,2,140.0,126,121,NG,DFO,N,,,,,,,Y,Y,127, ,127, ,6H,6H,Y,Y,Y,
56607,Calpine Bethlehem LLC,55690,Bethlehem Power Plant,PA,Northampton,CTG6,OP,CT,IPP Non-CHP,2,140.0,126,121,NG,DFO,N,,,,,,,Y,Y,127, ,127, ,6H,6H,Y,Y,Y,
56607,Calpine Bethlehem LLC,55690,Bethlehem Power Plant,PA,Northampton,CTG7,OP,CT,IPP Non-CHP,2,140.0,126,121,NG,DFO,N,,,,,,,Y,Y,127, ,127, ,6H,6H,Y,Y,Y,
56607,Calpine Bethlehem LLC,55690,Bethlehem Power Plant,PA,Northampton,STG4,OP,CA,IPP Non-CHP,2,230.0,187,177,NG,DFO,N,,,,,,,Y,Y,193, ,193, ,6H,6H,Y,Y,Y,
56607,Calpine Bethlehem LLC,55690,Bethlehem Power Plant,PA,Northampton,STG8,OP,CA,IPP Non-CHP,2,230.0,187,177,NG,DFO,N,,,,,,,Y,Y,193, ,193, ,6H,6H,Y,Y,Y,
56608,Calpine Mid-Merit LLC,55524,York Energy Center,PA,York,CTG1,OP,CT,IPP Non-CHP,2,120.0,113,113,NG,DFO,N,,,,,,,Y,Y,120, ,120, ,6H,,Y,,Y,
56608,Calpine Mid-Merit LLC,55524,York Energy Center,PA,York,CTG2,OP,CT,IPP Non-CHP,2,120.0,122,122,NG,DFO,N,,,,,,,Y,Y,120, ,120, ,6H,,Y,,Y,
56608,Calpine Mid-Merit LLC,55524,York Energy Center,PA,York,CTG3,OP,CT,IPP Non-CHP,2,120.0,122,122,NG,DFO,N,,,,,,,Y,Y,120, ,120, ,6H,,Y,,Y,
56609,Calpine Mid-Atlantic Generation LLC,593,Edge Moor,DE,New Castle,3,OP,ST,IPP CHP,3,75.0,86,86,NG,RFO,Y,NG,,RFO,DFO,,,Y,Y,86, ,86, ,6H,,N,,,
56609,Calpine Mid-Atlantic Generation LLC,593,Edge Moor,DE,New Castle,4,OP,ST,IPP CHP,3,176.8,174,174,NG,RFO,Y,NG,,RFO,DFO,,,Y,Y,174, ,174, ,6H,,N,,,
56609,Calpine Mid-Atlantic Generation LLC,593,Edge Moor,DE,New Castle,5,OP,ST,IPP CHP,3,446.0,450,450,NG,RFO,Y,RFO,NG,,DFO,,,Y,Y,450, ,450, ,6H,,N,,,
56609,Calpine Mid-Atlantic Generation LLC,7153,Hay Road,DE,New Castle,HR1,OP,CT,IPP Non-CHP,2,122.0,126,126,NG,KER,N,,,,,,,Y,Y,126, ,120, ,6H,6H,Y,,Y,
56609,Calpine Mid-Atlantic Generation LLC,7153,Hay Road,DE,New Castle,HR2,OP,CT,IPP Non-CHP,2,122.0,126,126,NG,KER,N,,,,,,,Y,Y,126, ,120, ,6H,6H,Y,,Y,
56609,Calpine Mid-Atlantic Generation LLC,7153,Hay Road,DE,New Castle,HR3,OP,CT,IPP Non-CHP,2,122.0,126,126,NG,KER,N,,,,,,,Y,Y,126, ,120, ,6H,6H,Y,,Y,
56609,Calpine Mid-Atlantic Generation LLC,7153,Hay Road,DE,New Castle,HR4,OP,CA,IPP Non-CHP,2,200.0,187,187,NG,KER,N,,,,,,,Y,Y,187, ,182, ,6H,6H,Y,,Y,
56609,Calpine Mid-Atlantic Generation LLC,7153,Hay Road,DE,New Castle,HR5,OP,CT,IPP Non-CHP,2,144.0,128,128,NG,KER,N,,,,,,,Y,Y,126, ,121, ,6H,6H,Y,,Y,
56609,Calpine Mid-Atlantic Generation LLC,7153,Hay Road,DE,New Castle,HR6,OP,CT,IPP Non-CHP,2,144.0,128,128,NG,KER,N,,,,,,,Y,Y,126, ,121, ,6H,6H,Y,,Y,
56609,Calpine Mid-Atlantic Generation LLC,7153,Hay Road,DE,New Castle,HR7,OP,CT,IPP Non-CHP,2,144.0,128,128,NG,KER,N,,,,,,,Y,Y,126, ,121, ,6H,6H,Y,,Y,
56609,Calpine Mid-Atlantic Generation LLC,7153,Hay Road,DE,New Castle,HR8,OP,CA,IPP Non-CHP,2,195.0,187,187,NG,KER,N,,,,,,,Y,Y,187, ,177, ,6H,6H,Y,,Y,
56652,DTE Stockton LLC,54238,Stockton Biomass,CA,San Joaquin,STG,OA,ST,IPP CHP,3,54.0,45,45,WDS,NG,Y,WDS,NG,,,,,N,, , , , ,,,,,,
56730,Cedar Bay Operating Services LLC,10672,Cedar Bay Generating Company LP,FL,Duval,GEN1,OP,ST,IPP CHP,3,291.6,250,250,BIT,WDS,Y,BIT,WDS,,,,,N,, , , , ,,,,,,
56815,NorthWestern Energy DGGS,56908,Dave Gates Generating Station,MT,Deer Lodge,1,OP,GT,Electric Utility,1,67.7,44.1,48.1,NG,DFO,N,,,,,,,Y,Y,42.6,48.1,42.6,48.1,1H,1H,Y,Y,Y,
56815,NorthWestern Energy DGGS,56908,Dave Gates Generating Station,MT,Deer Lodge,2,OP,GT,Electric Utility,1,67.7,44.1,48.1,NG,DFO,N,,,,,,,Y,Y,42.6,48.1,42.6,48.1,1H,1H,Y,Y,Y,
56815,NorthWestern Energy DGGS,56908,Dave Gates Generating Station,MT,Deer Lodge,3,OP,GT,Electric Utility,1,67.7,44.1,48.1,NG,DFO,N,,,,,,,Y,Y,42.6,48.1,42.6,48.1,1H,1H,Y,Y,Y,
56881,Valley NG Power Company LLC,3508,Valley (TX),TX,Fannin,1,SB,ST,IPP Non-CHP,2,198.9,174,174,NG,DFO,Y,NG,DFO,,,,,Y,Y, , , , ,UNK,UNK,N,,,
56881,Valley NG Power Company LLC,3508,Valley (TX),TX,Fannin,2,SB,ST,IPP Non-CHP,2,580.5,520,520,NG,DFO,Y,NG,DFO,,,,,Y,Y, , , , ,UNK,UNK,N,,,
56884,Big Brown Power Company LLC,3497,Big Brown,TX,Freestone,1,OP,ST,IPP Non-CHP,2,593.4,600,606,SUB,LIG,Y,LIG,SUB,,,,,N,, , , , ,,,,,,
56884,Big Brown Power Company LLC,3497,Big Brown,TX,Freestone,2,OP,ST,IPP Non-CHP,2,593.4,595,602,SUB,LIG,Y,LIG,SUB,,,,,N,, , , , ,,,,,,
56898,Sunnyvale City of WPCP,57557,Sunnyvale City of WPCP,CA,Santa Clara,S-14,OP,IC,Electric Utility,1,0.8,0.8,0.8,LFG,OBG,Y,LFG,OBG,NG,,,,N,, , , , ,,,,,,
56898,Sunnyvale City of WPCP,57557,Sunnyvale City of WPCP,CA,Santa Clara,S-15,OP,IC,Electric Utility,1,0.8,0.8,0.8,LFG,OBG,Y,LFG,OBG,NG,,,,N,, , , , ,,,,,,
56960,Gastonia City of,57629,Gaston Memorial Hospital,NC,Gaston,GMH1,OP,IC,Commercial Non-CHP,4,1.8,1.8,1.8,DFO,NG,N,,,,,,,Y,N,1.8,1.8,1.8,1.8,UNK,UNK,N,,,
56965,"Auburn Energy, LLC",57636,Auburn LFG Energy Facility,NY,Cayuga,1,OP,IC,IPP Non-CHP,2,1.1,1.1,1.1,LFG,NG,Y,NG,LFG,,,,,N,, , , , ,,,,,,
56965,"Auburn Energy, LLC",57636,Auburn LFG Energy Facility,NY,Cayuga,2,OP,IC,IPP Non-CHP,2,1.1,1.1,1.1,LFG,NG,Y,NG,LFG,,,,,N,, , , , ,,,,,,
56965,"Auburn Energy, LLC",57636,Auburn LFG Energy Facility,NY,Cayuga,3,OP,IC,IPP Non-CHP,2,1.1,1.1,1.1,LFG,NG,Y,NG,LFG,,,,,N,, , , , ,,,,,,
56968,Oregon State University,57653,Oregon State University Energy Center,OR,Benton,CTG,OP,CT,Commercial CHP,5,5.5,5.2,5.5,NG,DFO,Y,NG,DFO,,,,,Y,Y,5.2,5.5,5.2,5.5,1H,1H,N,,,
56991,Astoria Energy II LLC,57664,Astoria Energy II,NY,Queens,CT3,OP,CT,IPP Non-CHP,2,200.0,156,188,NG,DFO,N,,,,,,,Y,Y,156, ,156, ,1H,1H,Y,Y,Y,
56991,Astoria Energy II LLC,57664,Astoria Energy II,NY,Queens,CT4,OP,CT,IPP Non-CHP,2,200.0,156,188,NG,DFO,N,,,,,,,Y,Y,156, ,156, ,1H,1H,Y,Y,Y,
56991,Astoria Energy II LLC,57664,Astoria Energy II,NY,Queens,ST2,OP,CA,IPP Non-CHP,2,250.0,228,236,NG,DFO,N,,,,,,,Y,Y,249, ,220, ,1H,1H,Y,Y,Y,
57032,UTAS Aerostructures,57713,"Rohr Inc, a UTC Aerospace Systems Company",CA,San Diego,151,OP,IC,Industrial CHP,7,3.2,3.2,3.2,NG,DFO,Y,NG,DFO,,,,,N,, , , , ,,,,,,
57032,UTAS Aerostructures,57713,"Rohr Inc, a UTC Aerospace Systems Company",CA,San Diego,152,OP,IC,Industrial CHP,7,3.2,3.2,3.2,NG,DFO,Y,NG,DFO,,,,,N,, , , , ,,,,,,
57032,UTAS Aerostructures,57713,"Rohr Inc, a UTC Aerospace Systems Company",CA,San Diego,153,OP,IC,Industrial CHP,7,3.2,3.2,3.2,NG,DFO,Y,NG,DFO,,,,,N,, , , , ,,,,,,
57097,Oak Grove Management Co LLC,6180,Oak Grove (TX),TX,Robertson,OG1,OP,ST,IPP Non-CHP,2,916.8,840,840,LIG,NG,Y,LIG,NG,,,,,,, , , , ,,,,,,
57097,Oak Grove Management Co LLC,6180,Oak Grove (TX),TX,Robertson,OG2,OP,ST,IPP Non-CHP,2,878.6,825,825,LIG,NG,Y,LIG,NG,,,,,N,, , , , ,,,,,,
57098,Sandow Power Co LLC,52071,Sandow No 5,TX,Milam,5,OP,ST,IPP Non-CHP,2,661.5,570,570,LIG,DFO,Y,LIG,DFO,,,,,N,, , , , ,,,,,,
57103,US GSA Heating and Transmission,57788,US GSA Heating and Transmission,DC,District of Columbia,TG1,OP,GT,Commercial CHP,5,5.4,4.5,5,NG,DFO,N,,,,,,,Y,Y,5, ,5, ,1H,6H,,,Y,
57103,US GSA Heating and Transmission,57788,US GSA Heating and Transmission,DC,District of Columbia,TG2,OP,GT,Commercial CHP,5,5.4,4.5,5,NG,DFO,N,,,,,,,Y,Y,5, ,5, ,1H,6H,,,Y,
57123,Middlebury College Biomass,57804,Middlebury College,VT,Addison,1,OS,ST,Commercial Non-CHP,4,0.2,0.1,0.1,WDS,RFO,Y,WDS,RFO,,,,,N,, , , , ,,,,,,
57123,Middlebury College Biomass,57804,Middlebury College,VT,Addison,2,OP,ST,Commercial Non-CHP,4,0.6,0.4,0.6,WDS,RFO,Y,WDS,RFO,,,,,N,, , , , ,,,,,,
57123,Middlebury College Biomass,57804,Middlebury College,VT,Addison,3,OP,ST,Commercial Non-CHP,4,0.8,0.3,0.8,WDS,RFO,Y,WDS,RFO,,,,,N,, , , , ,,,,,,
57182,ReEnergy Sterling CT LP,50736,Exeter Energy LP,CT,Windham,GEN1,OS,ST,IPP Non-CHP,2,31.3,26,26,TDF,PG,Y,TDF,OBS,,,,,,, , , , ,,,,,,
57183,Shasta Renewable Resources LLC,57857,Shasta Renewable Resources Plant,CA,Shasta,1,OP,ST,IPP CHP,3,5.5,5.5,5.5,WDS,NG,Y,AB,,,,,,N,, , , , ,,,,,,
57207,Great Northern Paper Company LLC,55830,East Millinocket Mill,ME,Penobscot,M2S1,OS,ST,Industrial CHP,7,15.6,14.5,14.7,WDS,RFO,Y,WDS,RFO,,,,,N,, , , , ,,,,,,
57207,Great Northern Paper Company LLC,55830,East Millinocket Mill,ME,Penobscot,M2S2,OS,ST,Industrial CHP,7,15.6,14.5,14.7,WDS,RFO,Y,WDS,RFO,,,,,N,, , , , ,,,,,,
57207,Great Northern Paper Company LLC,55830,East Millinocket Mill,ME,Penobscot,M2S3,OS,ST,Industrial CHP,7,30.2,28.1,28.4,WDS,RFO,Y,WDS,RFO,,,,,N,, , , , ,,,,,,
57218,L'Energia Energy,54586,L'Energia Energy Center,MA,Middlesex,TRENT,OP,CT,IPP Non-CHP,2,57.9,58,58,NG,DFO,N,,,,,,,Y,Y,58,58,58,58,1H,1H,Y,,Y,
57218,L'Energia Energy,54586,L'Energia Energy Center,MA,Middlesex,VAX,OP,CA,IPP Non-CHP,2,27.1,17,19,NG,DFO,N,,,,,,,Y,Y,17,19,17,19,1H,1H,Y,,Y,
57281,University of Cincinnati,57908,Central Utility Plant Cincinnati,OH,Hamilton,CTG1,OP,CT,Commercial CHP,5,11.9,12.5,12.5,NG,DFO,N,,,,,,,Y,Y,12.5,12.5,12.5,12.5,6H,6H,Y,Y,Y,
57281,University of Cincinnati,57908,Central Utility Plant Cincinnati,OH,Hamilton,CTG2,OP,CT,Commercial CHP,5,11.9,12.5,12.5,NG,DFO,N,,,,,,,Y,Y,12.5,12.5,12.5,12.5,6H,6H,Y,Y,Y,
57281,University of Cincinnati,57908,Central Utility Plant Cincinnati,OH,Hamilton,STG,OP,CA,Commercial CHP,5,21.5,21.5,21.5,NG,DFO,N,,,,,,,Y,Y,21.5,21.5,8,8,6H,6H,Y,Y,Y,
57281,University of Cincinnati,57929,East Campus Utility Plant,OH,Hamilton,P008,OP,IC,Commercial Non-CHP,4,1.5,1.5,1.5,DFO,OBL,Y,DFO,OBL,,,,,N,, , , , ,,,,,,
57281,University of Cincinnati,57929,East Campus Utility Plant,OH,Hamilton,STG,OA,ST,Commercial Non-CHP,4,1.3,1.2,1.2,NG,DFO,Y,BIT,WDS,,,,,Y,Y,1,1,1,1,6H,6H,Y,Y,Y,
57302,Sonoco Products Co,57919,Sonoco Products Co,SC,Darlington,2,SB,ST,Industrial CHP,7,2.5,2.5,2.5,NG,BIT,Y,NG,BIT,,,,,N,, , , , ,,,,,,
57302,Sonoco Products Co,57919,Sonoco Products Co,SC,Darlington,3,OP,ST,Industrial CHP,7,10.0,10,10,NG,BIT,Y,NG,BIT,,,,,N,, , , , ,,,,,,
57302,Sonoco Products Co,57919,Sonoco Products Co,SC,Darlington,4,OP,ST,Industrial CHP,7,28.0,28,28,BIT,WDS,Y,NG,BIT,WDS,,,,N,, , , , ,,,,,,
57322,Naval Facilities Engineering Command,57944,Goddard Steam Plant,MD,Charles,1,OP,ST,Commercial Non-CHP,4,6.2,5,3.5,BIT,RFO,Y,BIT,RFO,,,,,N,, , , , ,,,,,,
57322,Naval Facilities Engineering Command,57944,Goddard Steam Plant,MD,Charles,2,OP,ST,Commercial Non-CHP,4,6.2,5,3.5,BIT,RFO,Y,BIT,RFO,,,,,N,, , , , ,,,,,,
57324,Michigan Sugar Company,57949,MSC Sebewaing,MI,Huron,1,OP,ST,Industrial Non-CHP,6,1.5, ,1.4,BIT,NG,N,,,,,,,Y,N,0,1.4,0,1.4,24H,24H,Y,Y,,
57324,Michigan Sugar Company,57949,MSC Sebewaing,MI,Huron,2,OP,ST,Industrial Non-CHP,6,1.0, ,0.9,BIT,NG,N,,,,,,,Y,N,0,0.9,0,0.9,24H,24H,Y,Y,,
57324,Michigan Sugar Company,57950,MSC Croswell,MI,Sanilac,1,OP,ST,Industrial Non-CHP,6,1.3, ,1.2,BIT,NG,N,,,,,,,Y,N,0,1.2,0,1.2,24H,24H,Y,Y,,
57332,Roquette America,57953,Roquette America,IA,Lee,ST,OP,ST,Industrial CHP,7,34.4,32,32,PC,BIT,Y,PC,BIT,,,,,N,, , , , ,,,,,,
57341,Foster Wheeler Twin Cities,57966,Southeast Steam Plant,MN,Hennepin,SSP,OP,ST,Commercial Non-CHP,4,13.0,0.1,9,NG,DFO,N,,,,,,,Y,Y,0,10,0,10,6H,6H,Y,,,Y
57356,Alabama River Cellulose LLC,54429,Alabama Pine Pulp,AL,Monroe,GEN2,OP,ST,Industrial CHP,7,69.0,64.2,64.9,BLQ,WDS,Y,BLQ,WDS,DFO,NG,,,Y,Y,34,34,34,34,6H,6H,N,,,
57400,"Evergreen Community Power, LLC",58023,Evergreen Community Power,PA,Berks,ECP,OP,ST,Industrial CHP,7,33.0,25,25,WDS,OBS,Y,OBS,NG,,,,,N,, , , , ,,,,,,
57427,RockTenn-Battle Creek Mill,58052,Battle Creek Mill,MI,Calhoun,1TG,OP,ST,Industrial CHP,7,2.0,0.8,1.2,NG,DFO,N,,,,,,,Y,Y,0.8,1,0.8,1,6H,6H,Y,Y,,
57427,RockTenn-Battle Creek Mill,58052,Battle Creek Mill,MI,Calhoun,2TG,OS,ST,Industrial CHP,7,2.0,0.8,1.2,NG,DFO,N,,,,,,,Y,Y,0.4,0.6,0.4,0.6,UNK,UNK,Y,Y,,
57440,"SABIC IP Mt. Vernon, LLC",58063,SABIC Innovative Plastics Mt. Vernon,IN,Posey,1,OA,ST,Industrial Non-CHP,6,5.5,3,3,BIT,NG,Y,BIT,NG,,,,,N,, , , , ,,,,,,
57442,"PCA, Filer City Mill",58066,"PCA, Filer City Mill",MI,Manistee,TG2,OP,ST,Industrial Non-CHP,6,8.0,2,2,BIT,NG,Y,BIT,NG,,,,,N,N, , , , ,,,,,,
57442,"PCA, Filer City Mill",58066,"PCA, Filer City Mill",MI,Manistee,TG3,OP,ST,Industrial Non-CHP,6,11.5,4,7,BIT,NG,Y,BIT,NG,,,,,N,N, , , , ,,,,,,
57478,CAMS Nevada LLC,54854,Sun Peak Generating Station,NV,Clark,5657,SB,GT,IPP Non-CHP,2,74.0,74,74,NG,DFO,N,,,,,,,Y,N,74,74,74,74,UNK,UNK,Y,Y,Y,
57478,CAMS Nevada LLC,54854,Sun Peak Generating Station,NV,Clark,5658,SB,GT,IPP Non-CHP,2,74.0,74,74,NG,DFO,N,,,,,,,Y,N,74,74,74,74,UNK,UNK,Y,Y,Y,
57478,CAMS Nevada LLC,54854,Sun Peak Generating Station,NV,Clark,5659,SB,GT,IPP Non-CHP,2,74.0,74,74,NG,DFO,N,,,,,,,Y,N,74,74,74,74,UNK,UNK,Y,Y,Y,
57501,NAES Salem Harbor,1626,Salem Harbor,MA,Essex,3,OP,ST,IPP Non-CHP,2,165.7,149.8,149.9,BIT,RFO,Y,BIT,RFO,,,,,N,, , , , ,,,,,,
58082,Fair Oaks Dairy Farm LLC,58129,Fair Oaks Generating Facility,IN,Jasper,GEN1,OP,IC,Industrial CHP,7,1.1,0.8,0.8,OBG,,Y,OBG,NG,,,,,N,, , , , ,,,,,,
58097,Kent State University,58140,Summit Street Power Plant,OH,Portage,GT-1,OP,GT,Commercial CHP,5,5.7,4.9,5.6,NG,DFO,N,,,,,,,Y,Y,4.9, ,4.9, ,1H,1H,N,,,
58099,Emcor Energy Services,58180,UNH 7.9 MW Plant,NH,Strafford,1,OP,GT,Commercial CHP,5,7.9,7,7,LFG,NG,N,,,,,,,Y,Y,7.9, ,7.9, ,1H,1H,Y,Y,Y,
58107,University of Rochester,58157,University of Rochester,NY,Monroe,HP,OP,ST,Commercial CHP,5,18.2,17,17,NG,DFO,N,,,,,,,Y,N,16,17,17,17,1H,1H,Y,Y,Y,
58107,University of Rochester,58157,University of Rochester,NY,Monroe,LP,OP,ST,Commercial CHP,5,7.2,7.2,7.2,NG,DFO,N,,,,,,,Y,N,7,7,7,7,1H,1H,Y,Y,Y,
58109,President & Trustees of Williams College,58160,Williams College - Campus CHP,MA,Berkshire,GEN2,OP,ST,Commercial CHP,5,3.0,3,3,NG,RFO,Y,NG,RFO,DFO,,,,Y,Y,3,3,0,3,1H,1H,Y,Y,Y,
58113,"Texas A&M, Utilities & Energy Services",58151,Central Utility Plant - Texas A&M,TX,Brazos,STG02,OP,CA,Commercial CHP,5,11.0,11,11,NG,DFO,Y,NG,DFO,,,,,Y,Y,11,11,11,11,6H,6H,Y,Y,Y,
58113,"Texas A&M, Utilities & Energy Services",58151,Central Utility Plant - Texas A&M,TX,Brazos,STG04,OP,CA,Commercial CHP,5,5.0,5,5,NG,DFO,Y,NG,DFO,,,,,Y,Y,5,5,5,5,6H,6H,Y,Y,Y,
58122,Eastern Maine Medical Center,58153,Eastern Maine Medical Center,ME,Penobscot,COGE,OP,GT,Commercial CHP,5,3.8,3.8,5,NG,DFO,N,,,,,,,Y,Y,3.8,5,3.7,5,1H,1H,Y,Y,Y,
58130,University of Connecticut,58159,UCONN Cogen Facility,CT,Tolland,CGT1,OP,CT,Commercial CHP,5,6.9,6.4,6.4,NG,DFO,N,,,,,,,Y,Y,6.39, ,6.39, ,1H,1H,Y,Y,Y,
58130,University of Connecticut,58159,UCONN Cogen Facility,CT,Tolland,CGT2,OP,CT,Commercial CHP,5,6.9,6.4,6.4,NG,DFO,N,,,,,,,Y,Y,6.39, ,6.39, ,1H,1H,Y,Y,Y,
58130,University of Connecticut,58159,UCONN Cogen Facility,CT,Tolland,CGT3,OP,CT,Commercial CHP,5,6.9,6.4,6.4,NG,DFO,N,,,,,,,Y,Y,6.39, ,6.39, ,1H,1H,Y,Y,Y,
58152,Amherst College,58185,Amherst College Co Gen,MA,Hampshire,CTG,OP,GT,Commercial CHP,5,1.2,1.2,1.2,NG,DFO,N,,,,,,,Y,Y,1.2,1.2,1.2,1.2,1H,1H,Y,,Y,
58152,Amherst College,58185,Amherst College Co Gen,MA,Hampshire,STG,OP,ST,Commercial CHP,5,0.5,0.5,0.5,NG,RFO,N,,,,,,,Y,N,0.5,0.5,0.5,0.5,1H,1H,Y,,Y,
58153,US Magnesium,58191,US Magnesium,UT,Tooele,GT1,OP,GT,Industrial CHP,7,16.0,10,13,NG,DFO,Y,NG,DFO,,,,,Y,Y,11,13,11,12,6H,1H,N,,,
58153,US Magnesium,58191,US Magnesium,UT,Tooele,GT2,OP,GT,Industrial CHP,7,16.0,10,13,NG,DFO,Y,NG,DFO,,,,,Y,Y,11,13,11,12,6H,1H,N,,,
58153,US Magnesium,58191,US Magnesium,UT,Tooele,GT3,OP,GT,Industrial CHP,7,16.0,10,13,NG,DFO,Y,NG,DFO,,,,,Y,Y,11,13,11,12,6H,1H,N,,,
58156,Rand Whitney Containerboard L.P.,58184,Rand Whitney CHP Plant,CT,New London,TG-1,OP,GT,Industrial CHP,7,14.6,14.6,14.6,NG,DFO,N,,,,,,,Y,Y,14.6,14.6,14.4,14.4,1H,1H,Y,,Y,
58159,Penn State University,58194,West Campus Steam Plant,PA,Centre,WC 2,OP,ST,Commercial CHP,5,2.5,0.5,1,BIT,NG,Y,BIT,NG,,,,,N,, , , , ,,,,,,
58159,Penn State University,58194,West Campus Steam Plant,PA,Centre,WC 3,OP,ST,Commercial CHP,5,3.5,0.6,2.8,BIT,NG,Y,BIT,NG,,,,,N,, , , , ,,,,,,
58159,Penn State University,58195,East Campus Steam Plant,PA,Centre,CT1,OP,GT,Commercial CHP,5,7.0,5.5,8.4,NG,DFO,N,,,,,,,Y,Y,5.51,8.37,4.5,7.8,1H,1H,Y,,Y,
58171,University of California-San Francisco,58198,Parnassus Central Utility Plant,CA,San Francisco,GTG1,OP,CT,Commercial CHP,5,5.0,5,5,NG,DFO,N,,,,,,,Y,Y,5,5,5,5,1H,1H,Y,Y,Y,
58171,University of California-San Francisco,58198,Parnassus Central Utility Plant,CA,San Francisco,GTG2,OP,CT,Commercial CHP,5,5.0,5,5,NG,DFO,N,,,,,,,Y,Y,5,5,5,5,1H,1H,Y,Y,Y,
58176,Veolia Energy Kansas City,58205,Grand Ave Plant,MO,Jackson,1,OP,ST,IPP CHP,3,5.0,4.8,4.8,BIT,NG,Y,BIT,NG,,,,,,, , , , ,,,,,,
58177,Raven Power Holdings LLC,1552,C P Crane,MD,Baltimore,1,OP,ST,IPP Non-CHP,2,190.4,190,190,SUB,BIT,Y,SUB,BIT,NG,,,,N,, , , , ,,,,,,
58177,Raven Power Holdings LLC,1552,C P Crane,MD,Baltimore,2,OP,ST,IPP Non-CHP,2,209.4,195,195,SUB,BIT,Y,SUB,BIT,NG,,,,N,, , , , ,,,,,,
58177,Raven Power Holdings LLC,1554,Herbert A Wagner,MD,Anne Arundel,1,OP,ST,IPP Non-CHP,2,132.8,126,126,NG,RFO,N,,,,,,,Y,Y,126,126,126,126,72H,72H,Y,,Y,
58178,GSA Metropolitan Service Center,58207,Central Utility Plant at White Oak,MD,Montgomery,G1,OP,IC,Commercial CHP,5,5.7,5.6,5.6,NG,DFO,N,,,,,,,Y,Y,5,5,5.6,5.6,1H,1H,Y,Y,Y,
58178,GSA Metropolitan Service Center,58207,Central Utility Plant at White Oak,MD,Montgomery,G5,OP,GT,Commercial CHP,5,4.3,4.3,4.6,NG,,N,,,,,,,Y,Y,5,5,5,5,1H,1H,Y,Y,Y,
58209,CPI USA NC Southport LLC,10378,CPI USA NC Southport,NC,BRUNSWICK,GEN1,OP,ST,IPP CHP,3,67.5,53.5,53.5,WDS,TDF,Y,BIT,TDF,WDS,,,,N,, , , , ,,,,,,
58209,CPI USA NC Southport LLC,10378,CPI USA NC Southport,NC,BRUNSWICK,GEN2,OP,ST,IPP CHP,3,67.5,53.5,53.5,WDS,TDF,Y,BIT,TDF,WDS,,,,N,, , , , ,,,,,,
58210,CPI USA NC Roxboro LLC,10379,CPI USA NC Roxboro,NC,PERSON,GEN1,OP,ST,IPP Non-CHP,2,67.5,47,47,WDS,TDF,Y,BIT,TDF,WDS,,,,N,, , , , ,,,,,,
58240,COT/Division of Water Reclamation,58263,Bay View Cogeneration Facility,OH,Lucas,GTG,OP,GT,Electric Utility,1,5.5,4.4,5,LFG,OBG,Y,LFG,OBG,NG,,,,,N, , , , ,,,,,,
58240,COT/Division of Water Reclamation,58263,Bay View Cogeneration Facility,OH,Lucas,STG,OP,ST,Electric Utility,1,6.5,4,5,LFG,OBG,Y,LFG,OBG,NG,,,,,N, , , , ,,,,,,
58247,National Centers for Animal Health,58265,NCAH Central Utility Plant,IA,Story,S-7A,OP,GT,Commercial CHP,5,1.0,1,1,NG,DFO,Y,NG,DFO,,,,,Y,Y,1,1,1,1,6H,6H,Y,Y,Y,
58337,Lakeside Syracuse LLC,10621,CH Resources Syracuse,NY,Onondaga,GEN1,SB,CT,IPP Non-CHP,2,65.5,59,64.7,NG,DFO,N,,,,,,,Y,Y,59, ,50, ,UNK,,N,,,
58337,Lakeside Syracuse LLC,10621,CH Resources Syracuse,NY,Onondaga,GEN2,SB,CA,IPP Non-CHP,2,37.2,33.5,36.7,NG,DFO,N,,,,,,,Y,Y,33.5, ,25, ,UNK,,N,,,
58338,Lakeside Beaver Falls LLC,10617,CH Resources Beaver Falls,NY,Lewis,GEN1,OP,CT,IPP CHP,3,65.5,52.5,57.7,NG,DFO,N,NG,DFO,,,,,Y,Y,52, ,45, ,UNK,UNK,N,,,
58338,Lakeside Beaver Falls LLC,10617,CH Resources Beaver Falls,NY,Lewis,GEN2,OP,CA,IPP CHP,3,42.3,34,37.2,NG,DFO,N,NG,DFO,,,,,Y,Y,34, ,25, ,UNK,UNK,N,,,
58368,"Doyon Utilities, LLC",58380,JBER Landfill Gas Power Plant,AK,Anchorage,1,OP,IC,Commercial Non-CHP,4,2.3,1.4,1.4,LFG,NG,Y,NG,LFG,,,,,N,, , , , ,,,,,,
58368,"Doyon Utilities, LLC",58380,JBER Landfill Gas Power Plant,AK,Anchorage,2,OP,IC,Commercial Non-CHP,4,2.3,1.4,1.4,LFG,NG,Y,NG,LFG,,,,,N,, , , , ,,,,,,
58368,"Doyon Utilities, LLC",58380,JBER Landfill Gas Power Plant,AK,Anchorage,3,OP,IC,Commercial Non-CHP,4,2.3,1.4,1.4,LFG,NG,Y,NG,LFG,,,,,N,, , , , ,,,,,,
58368,"Doyon Utilities, LLC",58380,JBER Landfill Gas Power Plant,AK,Anchorage,4,OP,IC,Commercial Non-CHP,4,2.3,1.4,1.4,LFG,NG,Y,NG,LFG,,,,,N,, , , , ,,,,,,
58368,"Doyon Utilities, LLC",58380,JBER Landfill Gas Power Plant,AK,Anchorage,5,OP,IC,Commercial Non-CHP,4,2.3,1.4,1.4,LFG,NG,Y,LFG,NG,,,,,N,, , , , ,,,,,,
58460,Buena Vista Biomass LLC,58472,Buena Vista Biomass Power,CA,Amador,1,OP,ST,IPP Non-CHP,2,22.5,17.8,17.8,WDS,NG,Y,WDS,NG,,,,,N,, , , , ,,,,,,
58487,Montefiore Medical Center Moses Division,58507,Montefieor Medical Center Moses Division,NY,Bronx,ES006,OP,GT,Commercial CHP,5,3.5,3.5,3.5,NG,DFO,,,,,,,,Y,Y,3.5,3.5,3.5,3.5,6H,6H,N,,,
58487,Montefiore Medical Center Moses Division,58507,Montefieor Medical Center Moses Division,NY,Bronx,S0001,OP,IC,Commercial CHP,5,1.6,1.2,1.2,NG,DFO,,,,,,,,Y,Y,1.2,1.2,1.2,1.2,6H,6H,N,,,
58487,Montefiore Medical Center Moses Division,58507,Montefieor Medical Center Moses Division,NY,Bronx,S0002,OP,IC,Commercial CHP,5,1.6,1.2,1.2,NG,,,,,,,,,Y,Y,1.2,1.2,1.2,1.2,6H,6H,N,,,
58487,Montefiore Medical Center Moses Division,58507,Montefieor Medical Center Moses Division,NY,Bronx,S0003,OP,IC,Commercial CHP,5,1.6,1.2,1.2,NG,DFO,,,,,,,,Y,Y,1.2,1.2,1.2,1.2,6H,6H,N,,,
58534,Brayton Point Energy LLC,1619,Brayton Point,MA,Bristol,1,OP,ST,IPP Non-CHP,2,241.0,239.3,246.7,BIT,NG,Y,BIT,NG,,,,,N,, , , , ,,,,,,
58534,Brayton Point Energy LLC,1619,Brayton Point,MA,Bristol,2,OP,ST,IPP Non-CHP,2,241.0,238.9,249.3,BIT,NG,Y,BIT,NG,,,,,N,, , , , ,,,,,,
58534,Brayton Point Energy LLC,1619,Brayton Point,MA,Bristol,3,OP,ST,IPP Non-CHP,2,642.6,605.3,637.1,BIT,NG,Y,BIT,NG,,,,,N,, , , , ,,,,,,
58534,Brayton Point Energy LLC,1619,Brayton Point,MA,Bristol,4,OP,ST,IPP Non-CHP,2,475.5,435,445.5,RFO,NG,Y,RFO,NG,,,,,Y,Y,435,445,435,445,1H,1H,N,,,
58542,Trustees of Princeton University,58584,Princeton University Cogeneration,NJ,Mercer,GT1,OP,GT,Commercial CHP,5,15.5,15.5,15.5,NG,,N,,,,,,,Y,Y,15.5, ,15.5, ,1H,1H,Y,Y,Y,
58548,State of CA DGS BPM,58593,DGS Central Utility Plant,CA,Sacramento,STG,SB,ST,Commercial CHP,5,2.9,2.9,2.9,NG,DFO,Y,DFO,DFO,,,,,Y,Y,2.9,2.9,2.9,2.9,6H,6H,Y,,Y,
58595,INEOS New Planet BioEnergy,58648,Indian River BioEnergy Center,FL,Indian River,ST803,OP,ST,Industrial Non-CHP,6,6.4,6.4,6.4,OBG,LFG,Y,OBG,LFG,NG,,,,N,, , , , ,,,,,,
58676,Ameren Energy Medina Valley,55201,Gibson City Energy Center LLC,IL,Ford,1,OP,GT,IPP Non-CHP,2,135.0,114,116,NG,DFO,N,,,,,,,Y,Y,116,120,116,120,1H,1H,Y,Y,,
58676,Ameren Energy Medina Valley,55201,Gibson City Energy Center LLC,IL,Ford,2,OP,GT,IPP Non-CHP,2,135.0,114,116,NG,DFO,N,,,,,,,Y,Y,116,120,116,120,1H,1H,Y,Y,,
58789,DOD USMC Marine Air Ground Combat,58914,MCAGCC Cogen Plant 1,CA,San Bernardino,CG1,OP,GT,IPP Non-CHP,2,7.2,7,7,NG,DFO,N,,,,,,,Y,N,7,7.1,6.2,6.3,1H,1H,Y,,Y,
58824,City of Santa Rosa,58960,Subregional Water Reclamation Facility,CA,Sonoma,S200,OP,IC,Commercial CHP,5,1.1,1.1,1.1,OBG,NG,Y,OBG,NG,,,,,N,, , , , ,,,,,,
58824,City of Santa Rosa,58960,Subregional Water Reclamation Facility,CA,Sonoma,S201,OP,IC,Commercial CHP,5,1.1,1.1,1.1,OBG,NG,Y,OBG,NG,,,,,N,, , , , ,,,,,,
58824,City of Santa Rosa,58960,Subregional Water Reclamation Facility,CA,Sonoma,S202,OP,IC,Commercial CHP,5,1.1,1.1,1.1,OBG,NG,Y,OBG,NG,,,,,N,, , , , ,,,,,,
58824,City of Santa Rosa,58960,Subregional Water Reclamation Facility,CA,Sonoma,S203,OP,IC,Commercial CHP,5,1.1,1.1,1.1,OBG,NG,Y,OBG,NG,,,,,N,, , , , ,,,,,,
58835,Akron Energy Systems LLC,54265,Akron Recycle Energy Plant,OH,Summit,1,OS,ST,Commercial CHP,5,2.0,2,2,WDS,TDF,Y,WDS,TDF,NG,WO,,,Y,Y,2, ,2, ,UNK,UNK,Y,Y,Y,
58835,Akron Energy Systems LLC,54265,Akron Recycle Energy Plant,OH,Summit,2,OS,ST,Commercial CHP,5,2.0,2,2,WDS,TDF,Y,WDS,TDF,NG,WO,,,Y,Y,2, ,2, ,UNK,UNK,Y,Y,Y,
58945,Wood Group Power Plant Services Inc,54423,Quantum Lake Power LP,FL,Lake,GT1,OP,CT,IPP CHP,3,48.8,48.5,48.5,NG,DFO,N,,,,,,,Y,Y,48.5,48.5,48.5,48.5,1H,1H,Y,Y,Y,
58945,Wood Group Power Plant Services Inc,54423,Quantum Lake Power LP,FL,Lake,GT2,OP,CT,IPP CHP,3,58.9,48.5,48.5,NG,DFO,N,,,,,,,Y,Y,48.5,48.5,48.5,48.5,1H,1H,Y,Y,Y,
58945,Wood Group Power Plant Services Inc,54424,Quantum Pasco Power LP,FL,Pasco,GT1,OP,CT,IPP CHP,3,57.4,48.5,48.5,NG,DFO,N,,,,,,,Y,Y,48.8, ,48.8, ,1H,,Y,Y,Y,
58945,Wood Group Power Plant Services Inc,54424,Quantum Pasco Power LP,FL,Pasco,GT2,OP,CT,IPP CHP,3,57.4,48.5,48.5,NG,DFO,N,,,,,,,Y,Y,48.8, ,48.8, ,1H,,Y,Y,Y,
58945,Wood Group Power Plant Services Inc,54658,Quantum Auburndale Power LP,FL,Polk,CT,OP,CT,IPP CHP,3,121.5,111.3,117,NG,DFO,N,,,,,,,Y,Y,111.3,107.9,100,100,6H,1H,Y,,Y,
58971,Danskammer Energy,2480,Danskammer Generating Station,NY,Orange,1,OA,ST,IPP Non-CHP,2,72.0,52.5,66.5,RFO,NG,Y,RFO,NG,,,,,Y,Y,63.7, ,63.5, ,1H,1H,Y,Y,,
58971,Danskammer Energy,2480,Danskammer Generating Station,NY,Orange,2,OA,ST,IPP Non-CHP,2,73.5,51,64,RFO,NG,Y,RFO,NG,,,,,Y,Y,64, ,61.7, ,1H,1H,Y,Y,,
58971,Danskammer Energy,2480,Danskammer Generating Station,NY,Orange,3,OA,ST,IPP Non-CHP,2,147.1,137.5,136.2,BIT,NG,Y,BIT,NG,,,,,N,, , , , ,,,,,,
58971,Danskammer Energy,2480,Danskammer Generating Station,NY,Orange,4,OA,ST,IPP Non-CHP,2,239.4,232,234.5,BIT,NG,Y,BIT,NG,,,,,N,, , , , ,,,,,,
59069,CIP II/AR Bridgewater Holdings LLC,10122,CIP II/AR Bridgewater Holdings - NJCOE,NJ,Somerset,02,OP,GT,Commercial CHP,5,5.0,4.1,4.1,NG,DFO,Y,NG,DFO,,,,,Y,Y,4,4.5,3.8,4.2,1H,1H,N,,,
59173,City of Tulare Water Pollution Control,59395,City of Tulare Water Facility,CA,Tulare,C2550,OP,IC,Commercial CHP,5,0.5,0.4,0.4,OBG,NG,Y,OBG,NG,,,,,N,, , , , ,,,,,,
59191,Humboldt Bay Harbor Rec & Con Dist,10074,Pulp Mill Power House,CA,Humboldt,GEN1,OS,ST,Industrial CHP,7,20.0,20,20,BLQ,NG,Y,BLQ,NG,,,,,N,, , , , ,,,,,,
