Utility ID,Utility Name,Plant Code,Plant Name,State,County,Generator ID,Status,Technology,Prime Mover,Sector Name,Sector,Nameplate Capacity (MW),Summer Capacity (MW),Winter Capacity (MW),Energy Source 1,Energy Source 2,Multiple Fuels?,Cofire Fuels?,Cofire Energy Source 1,Cofire Energy Source 2,Cofire Energy Source 3,Cofire Energy Source 4,Cofire Energy Source 5,Cofire Energy Source 6,Switch Between Oil and Natural Gas?,Switch When Operating?,Net Summer Capacity with Natural Gas (MW),Net Winter Capacity with Natural Gas (MW),Net Summer Capacity with Oil (MW),Net Winter Capacity with Oil (MW),Time to Switch From Gas to Oil,Time to Switch From Oil to Gas,Factors that Limit Switching?,Storage Limits?,Air Permit Limits?,Other Limits?
195,Alabama Power Co,10,Greene County,AL,Greene,GT10,OP,Natural Gas Fired Combustion Turbine,GT,Electric Utility,1,80.0,85,101,NG,DFO,Y,N,,,,,,,Y,Y,80,101,80,101,1H,1H,Y,,,Y
195,Alabama Power Co,10,Greene County,AL,Greene,GT2,OP,Natural Gas Fired Combustion Turbine,GT,Electric Utility,1,80.0,84,100,NG,DFO,Y,N,,,,,,,Y,Y,80,100,80,100,1H,1H,Y,,,Y
195,Alabama Power Co,10,Greene County,AL,Greene,GT3,OP,Natural Gas Fired Combustion Turbine,GT,Electric Utility,1,80.0,82,98,NG,DFO,Y,N,,,,,,,Y,Y,80,98,80,98,1H,1H,Y,,,Y
195,Alabama Power Co,10,Greene County,AL,Greene,GT4,OP,Natural Gas Fired Combustion Turbine,GT,Electric Utility,1,80.0,81,97,NG,DFO,Y,N,,,,,,,Y,Y,80,97,80,97,1H,1H,Y,,,Y
195,Alabama Power Co,10,Greene County,AL,Greene,GT5,OP,Natural Gas Fired Combustion Turbine,GT,Electric Utility,1,80.0,82,98,NG,DFO,Y,N,,,,,,,Y,Y,80,98,80,98,1H,1H,Y,,,Y
195,Alabama Power Co,10,Greene County,AL,Greene,GT6,OP,Natural Gas Fired Combustion Turbine,GT,Electric Utility,1,80.0,81,97,NG,DFO,Y,N,,,,,,,Y,Y,80,97,80,97,1H,1H,Y,,,Y
195,Alabama Power Co,10,Greene County,AL,Greene,GT7,OP,Natural Gas Fired Combustion Turbine,GT,Electric Utility,1,80.0,80,96,NG,DFO,Y,N,,,,,,,Y,Y,80,96,80,96,1H,1H,Y,,,Y
195,Alabama Power Co,10,Greene County,AL,Greene,GT8,OP,Natural Gas Fired Combustion Turbine,GT,Electric Utility,1,80.0,83,99,NG,DFO,Y,N,,,,,,,Y,Y,80,99,80,99,1H,1H,Y,,,Y
195,Alabama Power Co,10,Greene County,AL,Greene,GT9,OP,Natural Gas Fired Combustion Turbine,GT,Electric Utility,1,80.0,82,98,NG,DFO,Y,N,,,,,,,Y,Y,80,98,80,98,1H,1H,Y,,,Y
29305,City of Madelia - (MN),30,Madelia,MN,Watonwan,1,OP,Natural Gas Internal Combustion Engine,IC,Electric Utility,1,3.1,3.1,3.1,NG,DFO,Y,Y,DFO,NG,,,,,Y,Y,3.1,3.1,3.1,3.1,1H,1H,Y,Y,,
29305,City of Madelia - (MN),30,Madelia,MN,Watonwan,2,OP,Natural Gas Internal Combustion Engine,IC,Electric Utility,1,2.0,1.5,2,NG,DFO,Y,Y,NG,DFO,,,,,Y,Y,1.8,1.8,2,2,1H,1H,Y,Y,,
29305,City of Madelia - (MN),30,Madelia,MN,Watonwan,3,OP,Natural Gas Internal Combustion Engine,IC,Electric Utility,1,1.1,0.9,1,NG,DFO,Y,Y,NG,DFO,,,,,Y,Y,0.9,0.9,0.9,0.9,1H,1H,Y,Y,,
29305,City of Madelia - (MN),30,Madelia,MN,Watonwan,4,OP,Natural Gas Internal Combustion Engine,IC,Electric Utility,1,4.3,3.7,4,NG,DFO,Y,Y,NG,DFO,,,,,Y,Y,3.75,3.75,4.3,4.3,1H,1H,Y,Y,,
29305,City of Madelia - (MN),30,Madelia,MN,Watonwan,5,OP,Natural Gas Internal Combustion Engine,IC,Electric Utility,1,1.3,1.1,1.2,NG,DFO,Y,Y,NG,DFO,,,,,Y,Y,1.1,1.1,1.2,1.2,1H,1H,Y,,Y,
18642,Tennessee Valley Authority,47,Colbert,AL,Colbert,GT1,OP,Natural Gas Fired Combustion Turbine,GT,Electric Utility,1,59.5,45.4,60.8,NG,DFO,Y,N,,,,,,,Y,Y,48.8,60.8,47.5,59.1,1H,1H,Y,,Y,
18642,Tennessee Valley Authority,47,Colbert,AL,Colbert,GT2,OP,Natural Gas Fired Combustion Turbine,GT,Electric Utility,1,59.5,45.4,60.8,NG,DFO,Y,N,,,,,,,Y,Y,48.8,60.8,47.5,59.1,1H,1H,Y,,Y,
18642,Tennessee Valley Authority,47,Colbert,AL,Colbert,GT3,OP,Natural Gas Fired Combustion Turbine,GT,Electric Utility,1,59.5,45.4,60.8,NG,DFO,Y,N,,,,,,,Y,Y,48.8,60.8,47.5,59.1,1H,1H,Y,,Y,
18642,Tennessee Valley Authority,47,Colbert,AL,Colbert,GT4,OP,Natural Gas Fired Combustion Turbine,GT,Electric Utility,1,59.5,45.4,60.8,NG,DFO,Y,N,,,,,,,Y,Y,48.8,60.8,47.5,59.1,1H,1H,Y,,Y,
18642,Tennessee Valley Authority,47,Colbert,AL,Colbert,GT5,OP,Natural Gas Fired Combustion Turbine,GT,Electric Utility,1,59.5,45.4,60.8,NG,DFO,Y,N,,,,,,,Y,Y,48.8,60.8,47.5,59.1,1H,1H,Y,,Y,
18642,Tennessee Valley Authority,47,Colbert,AL,Colbert,GT6,OP,Natural Gas Fired Combustion Turbine,GT,Electric Utility,1,59.5,45.4,60.8,NG,DFO,Y,N,,,,,,,Y,Y,48.8,60.8,47.5,59.1,1H,1H,Y,,Y,
18642,Tennessee Valley Authority,47,Colbert,AL,Colbert,GT7,OP,Natural Gas Fired Combustion Turbine,GT,Electric Utility,1,59.5,45.4,60.8,NG,DFO,Y,N,,,,,,,Y,Y,48.8,60.8,47.5,59.1,1H,1H,Y,,Y,
18642,Tennessee Valley Authority,47,Colbert,AL,Colbert,GT8,OP,Natural Gas Fired Combustion Turbine,GT,Electric Utility,1,59.5,45.4,60.8,NG,DFO,Y,N,,,,,,,Y,Y,48.8,60.8,47.5,59.1,1H,1H,Y,,Y,
5580,"East Kentucky Power Coop, Inc",54,J K Smith,KY,Clark,GT1,OP,Natural Gas Fired Combustion Turbine,GT,Electric Utility,1,149.0,104,142,NG,DFO,Y,Y,NG,DFO,,,,,Y,Y,104,42,104,42,1H,1H,Y,Y,Y,
5580,"East Kentucky Power Coop, Inc",54,J K Smith,KY,Clark,GT2,OP,Natural Gas Fired Combustion Turbine,GT,Electric Utility,1,149.0,104,142,NG,DFO,Y,Y,NG,DFO,,,,,Y,Y,104,142,104,142,1H,1H,Y,Y,Y,
5580,"East Kentucky Power Coop, Inc",54,J K Smith,KY,Clark,GT3,OP,Natural Gas Fired Combustion Turbine,GT,Electric Utility,1,149.0,104,142,NG,DFO,Y,Y,AB,DFO,,,,,Y,Y,104,142,104,142,1H,1H,Y,Y,Y,
5580,"East Kentucky Power Coop, Inc",54,J K Smith,KY,Clark,GT4,OP,Natural Gas Fired Combustion Turbine,GT,Electric Utility,1,108.0,74,98,NG,DFO,Y,Y,NG,DFO,,,,,Y,Y,74,98,74,98,1H,1H,Y,Y,Y,
5580,"East Kentucky Power Coop, Inc",54,J K Smith,KY,Clark,GT5,OP,Natural Gas Fired Combustion Turbine,GT,Electric Utility,1,108.0,74,98,NG,DFO,Y,Y,NG,DFO,,,,,Y,Y,74,98,74,98,1H,1H,Y,Y,Y,
5580,"East Kentucky Power Coop, Inc",54,J K Smith,KY,Clark,GT6,OP,Natural Gas Fired Combustion Turbine,GT,Electric Utility,1,98.0,74,98,NG,DFO,Y,Y,NG,DFO,,,,,Y,Y,74,98,74,98,1H,1H,Y,Y,Y,
5580,"East Kentucky Power Coop, Inc",54,J K Smith,KY,Clark,GT7,OP,Natural Gas Fired Combustion Turbine,GT,Electric Utility,1,98.0,74,98,NG,DFO,Y,Y,NG,DFO,,,,,Y,Y,74,98,74,98,1H,1H,Y,Y,Y,
599,Anchorage Municipal Light and Power,75,Anchorage 1,AK,Anchorage,4,OP,Natural Gas Fired Combustion Turbine,GT,Electric Utility,1,27.0,31.1,33.2,NG,DFO,Y,Y,NG,DFO,,,,,Y,Y,31,33.6,31,33.6,1H,1H,Y,Y,,
15500,Puget Sound Energy Inc,99,Frederickson,WA,Pierce,1,OP,Natural Gas Fired Combustion Turbine,GT,Electric Utility,1,88.9,67,81.1,NG,DFO,Y,Y,NG,DFO,,,,,Y,Y,67,81.1,67,81.1,1H,1H,Y,Y,,
15500,Puget Sound Energy Inc,99,Frederickson,WA,Pierce,2,OP,Natural Gas Fired Combustion Turbine,GT,Electric Utility,1,88.9,67,81.1,NG,DFO,Y,Y,NG,DFO,,,,,Y,Y,67,81.1,67,81.1,1H,1H,Y,Y,,
803,Arizona Public Service Co,120,Yucca,AZ,Yuma,GT1,OP,Natural Gas Fired Combustion Turbine,GT,Electric Utility,1,23.6,18,22,NG,DFO,Y,N,,,,,,,Y,N,18,19,18,19,UNK,1H,N,,,
803,Arizona Public Service Co,120,Yucca,AZ,Yuma,GT2,OP,Natural Gas Fired Combustion Turbine,GT,Electric Utility,1,23.6,18,22,NG,DFO,Y,N,,,,,,,Y,N,18,19,18,19,UNK,1H,N,,,
803,Arizona Public Service Co,120,Yucca,AZ,Yuma,ST1,OP,Natural Gas Steam Turbine,ST,Electric Utility,1,86.7,75,75,NG,RFO,Y,N,,,,,,,Y,N,75,75,75,75,UNK,UNK,Y,Y,,
24211,Tucson Electric Power Co,126,H Wilson Sundt Generating Station,AZ,Pima,4,OP,Natural Gas Steam Turbine,ST,Electric Utility,1,173.3,156,156,NG,LFG,Y,Y,NG,LFG,,,,,N,, , , , ,,,,,,
24211,Tucson Electric Power Co,126,H Wilson Sundt Generating Station,AZ,Pima,GT1,OP,Natural Gas Fired Combustion Turbine,GT,Electric Utility,1,27.0,24,26.8,NG,DFO,Y,N,,,,,,,Y,Y,24,24,24,24,1H,1H,N,,,
24211,Tucson Electric Power Co,126,H Wilson Sundt Generating Station,AZ,Pima,GT2,OP,Natural Gas Fired Combustion Turbine,GT,Electric Utility,1,27.0,24,26.8,NG,DFO,Y,N,,,,,,,Y,Y,24,24,24,24,1H,1H,N,,,
16572,Salt River Project,141,Agua Fria,AZ,Maricopa,AF1,OP,Natural Gas Steam Turbine,ST,Electric Utility,1,113.6,113,114,NG,DFO,Y,Y,NG,DFO,,,,,Y,Y,113,113,113,113,6H,6H,Y,,Y,
16572,Salt River Project,141,Agua Fria,AZ,Maricopa,AF2,OP,Natural Gas Steam Turbine,ST,Electric Utility,1,113.6,113,114,NG,DFO,Y,Y,NG,DFO,,,,,Y,Y,113,113,113,113,6H,6H,Y,,Y,
16572,Salt River Project,141,Agua Fria,AZ,Maricopa,AF3,OP,Natural Gas Steam Turbine,ST,Electric Utility,1,163.2,181,184,NG,DFO,Y,Y,NG,DFO,,,,,Y,Y,181,181,181,181,6H,6H,Y,,Y,
16572,Salt River Project,141,Agua Fria,AZ,Maricopa,AF4,OP,Natural Gas Fired Combustion Turbine,GT,Electric Utility,1,80.5,73,87,NG,DFO,Y,Y,NG,DFO,,,,,Y,Y,73,87,73,87,1H,1H,Y,,Y,
16572,Salt River Project,141,Agua Fria,AZ,Maricopa,AF5,OP,Natural Gas Fired Combustion Turbine,GT,Electric Utility,1,71.2,73,82,NG,DFO,Y,Y,NG,DFO,,,,,Y,Y,73,82,73,82,1H,1H,Y,,Y,
16572,Salt River Project,141,Agua Fria,AZ,Maricopa,AF6,OP,Natural Gas Fired Combustion Turbine,GT,Electric Utility,1,71.2,73,82,NG,DFO,Y,Y,NG,DFO,,,,,Y,Y,73,82,73,82,1H,1H,Y,,Y,
16572,Salt River Project,147,Kyrene,AZ,Maricopa,KY1,OS,Natural Gas Steam Turbine,ST,Electric Utility,1,34.5,34,34,NG,DFO,Y,N,,,,,,,Y,Y,34,34,34,34,1H,1H,Y,Y,Y,Y
16572,Salt River Project,147,Kyrene,AZ,Maricopa,KY2,OS,Natural Gas Steam Turbine,ST,Electric Utility,1,73.5,72,72,NG,DFO,Y,N,,,,,,,Y,Y,72,72,72,72,1H,1H,Y,Y,Y,Y
16572,Salt River Project,147,Kyrene,AZ,Maricopa,KY4,OP,Natural Gas Fired Combustion Turbine,GT,Electric Utility,1,53.1,59,62.5,NG,DFO,Y,N,,,,,,,Y,Y,59,63,59,63,1H,1H,Y,Y,Y,Y
16572,Salt River Project,147,Kyrene,AZ,Maricopa,KY5,OP,Natural Gas Fired Combustion Turbine,GT,Electric Utility,1,60.3,53,62,NG,DFO,N,N,NG,DFO,,,,,Y,Y,53,62,53,62,1H,1H,Y,Y,Y,Y
16572,Salt River Project,147,Kyrene,AZ,Maricopa,KY6,OP,Natural Gas Fired Combustion Turbine,GT,Electric Utility,1,60.3,53,62,NG,DFO,Y,N,NG,DFO,,,,,Y,Y,62,53,53,62,1H,1H,Y,Y,Y,Y
12745,Modesto Irrigation District,151,McClure,CA,Stanislaus,1,OP,Petroleum Liquids,GT,Electric Utility,1,71.2,56,61,DFO,NG,Y,Y,DFO,NG,,,,,Y,Y,56,61,56,61,1H,1H,Y,Y,Y,Y
12745,Modesto Irrigation District,151,McClure,CA,Stanislaus,2,OP,Natural Gas Fired Combustion Turbine,GT,Electric Utility,1,71.2,56,61,NG,DFO,Y,Y,NG,DFO,,,,,Y,Y,56,61,56,61,1H,1H,Y,Y,Y,Y
796,Arizona Electric Pwr Coop Inc,160,Apache Station,AZ,Cochise,GT2,SB,Natural Gas Fired Combustion Turbine,GT,Electric Utility,1,20.4,18.5,20,NG,DFO,Y,Y,NG,DFO,,,,,Y,Y,18.5,20,16,18,1H,1H,N,,,
796,Arizona Electric Pwr Coop Inc,160,Apache Station,AZ,Cochise,GT4,SB,Natural Gas Fired Combustion Turbine,GT,Electric Utility,1,60.5,38,44,NG,DFO,Y,N,,,,,,,Y,Y,38,38,38,38,1H,1H,N,,,
807,Arkansas Electric Coop Corp,201,Thomas Fitzhugh,AR,Franklin,1,OP,Natural Gas Fired Combined Cycle,CA,Electric Utility,1,59.0,61,62,NG,DFO,Y,N,,,,,,,Y,Y,61,61,41,62,1H,1H,Y,Y,,
807,Arkansas Electric Coop Corp,201,Thomas Fitzhugh,AR,Franklin,2,OP,Natural Gas Fired Combined Cycle,CT,Electric Utility,1,126.0,101,110,NG,DFO,Y,Y,NG,DFO,,,,,Y,Y,101,101,101,110,1H,1H,Y,Y,,
807,Arkansas Electric Coop Corp,202,Carl Bailey,AR,Woodruff,1,OP,Natural Gas Steam Turbine,ST,Electric Utility,1,120.0,122,122,NG,RFO,Y,Y,NG,RFO,,,,,Y,Y,122,122,110,110,1H,1H,Y,Y,,
807,Arkansas Electric Coop Corp,203,McClellan (AR),AR,Ouachita,1,OP,Natural Gas Steam Turbine,ST,Electric Utility,1,136.0,134,134,NG,RFO,Y,N,NG,RFO,,,,,Y,Y,134,134,134,134,1H,1H,Y,Y,,
9617,JEA,207,St Johns River Power Park,FL,Duval,1,OP,Conventional Steam Coal,ST,Electric Utility,1,679.0,626,638,BIT,NG,Y,Y,BIT,PC,,,,,N,, , , , ,,,,,,
9617,JEA,207,St Johns River Power Park,FL,Duval,2,OP,Conventional Steam Coal,ST,Electric Utility,1,679.0,626,638,BIT,NG,Y,Y,BIT,PC,,,,,N,, , , , ,,,,,,
14328,Pacific Gas & Electric Co,246,Humboldt Bay,CA,Humboldt,IC1,OP,Natural Gas Internal Combustion Engine,IC,Electric Utility,1,16.7,16.3,16.3,NG,DFO,Y,Y,NG,DFO,,,,,Y,Y,16.3,16.3,16.3,16.3,1H,1H,Y,Y,Y,
14328,Pacific Gas & Electric Co,246,Humboldt Bay,CA,Humboldt,IC10,OP,Natural Gas Internal Combustion Engine,IC,Electric Utility,1,16.7,16.3,16.3,NG,DFO,Y,Y,NG,DFO,,,,,Y,Y,16.3,16.3,16.3,16.3,1H,1H,Y,Y,Y,
14328,Pacific Gas & Electric Co,246,Humboldt Bay,CA,Humboldt,IC2,OP,Natural Gas Internal Combustion Engine,IC,Electric Utility,1,16.7,16.3,16.3,NG,DFO,Y,Y,NG,DFO,,,,,Y,Y,16.3,16.3,16.3,16.3,1H,1H,Y,Y,Y,
14328,Pacific Gas & Electric Co,246,Humboldt Bay,CA,Humboldt,IC3,OP,Natural Gas Internal Combustion Engine,IC,Electric Utility,1,16.7,16.3,16.3,NG,DFO,Y,Y,NG,DFO,,,,,Y,Y,16.3,16.3,16.3,16.3,1H,1H,Y,Y,Y,
14328,Pacific Gas & Electric Co,246,Humboldt Bay,CA,Humboldt,IC4,OP,Natural Gas Internal Combustion Engine,IC,Electric Utility,1,16.7,16.3,16.3,NG,DFO,Y,Y,NG,DFO,,,,,Y,Y,16.3,16.3,16.3,16.3,1H,1H,Y,Y,Y,
14328,Pacific Gas & Electric Co,246,Humboldt Bay,CA,Humboldt,IC5,OP,Natural Gas Internal Combustion Engine,IC,Electric Utility,1,16.7,16.3,16.3,NG,DFO,Y,Y,NG,DFO,,,,,Y,Y,16.3,16.3,16.3,16.3,1H,1H,Y,Y,Y,
14328,Pacific Gas & Electric Co,246,Humboldt Bay,CA,Humboldt,IC6,OP,Natural Gas Internal Combustion Engine,IC,Electric Utility,1,16.7,16.3,16.3,NG,DFO,Y,Y,NG,DFO,,,,,Y,Y,16.3,16.3,16.3,16.3,1H,1H,Y,Y,Y,
14328,Pacific Gas & Electric Co,246,Humboldt Bay,CA,Humboldt,IC7,OP,Natural Gas Internal Combustion Engine,IC,Electric Utility,1,16.7,16.3,16.3,NG,DFO,Y,Y,NG,DFO,,,,,Y,Y,16.3,16.3,16.3,16.3,1H,1H,Y,Y,Y,
14328,Pacific Gas & Electric Co,246,Humboldt Bay,CA,Humboldt,IC8,OP,Natural Gas Internal Combustion Engine,IC,Electric Utility,1,16.7,16.3,16.3,NG,DFO,Y,Y,NG,DFO,,,,,Y,Y,16.3,16.3,16.3,16.3,1H,1H,Y,Y,Y,
14328,Pacific Gas & Electric Co,246,Humboldt Bay,CA,Humboldt,IC9,OP,Natural Gas Internal Combustion Engine,IC,Electric Utility,1,16.7,16.7,16.7,NG,DFO,Y,Y,NG,DFO,,,,,Y,Y,16.3,16.3,16.3,16.3,1H,1H,Y,Y,Y,
54888,NRG Texas Power LLC,298,Limestone,TX,Limestone,1,OP,Conventional Steam Coal,ST,IPP Non-CHP,2,893.0,831,831,SUB,LIG,Y,Y,LIG,SUB,NG,PC,,,N,, , , , ,,,,,,
54888,NRG Texas Power LLC,298,Limestone,TX,Limestone,2,OP,Conventional Steam Coal,ST,IPP Non-CHP,2,956.8,858,858,SUB,LIG,Y,Y,LIG,SUB,NG,PC,,,N,, , , , ,,,,,,
7294,City of Glendale - (CA),377,Grayson,CA,Los Angeles,3,OP,Landfill Gas,ST,Electric Utility,1,23.0,18,18,LFG,NG,Y,Y,NG,LFG,,,,,N,, , , , ,,,,,,
7294,City of Glendale - (CA),377,Grayson,CA,Los Angeles,4,OP,Natural Gas Steam Turbine,ST,Electric Utility,1,50.0,40,40,NG,LFG,Y,Y,NG,LFG,,,,,N,, , , , ,,,,,,
7294,City of Glendale - (CA),377,Grayson,CA,Los Angeles,5,OP,Natural Gas Steam Turbine,ST,Electric Utility,1,50.0,40,40,NG,LFG,Y,Y,NG,LFG,,,,,N,, , , , ,,,,,,
9216,Imperial Irrigation District,389,El Centro,CA,Imperial,2A,OP,Natural Gas Fired Combined Cycle,CT,Electric Utility,1,89.9,71,73,NG,DFO,Y,Y,NG,DFO,,,,,Y,Y,71,73,71,73,1H,1H,Y,,Y,
9216,Imperial Irrigation District,389,El Centro,CA,Imperial,4,OP,Natural Gas Steam Turbine,ST,Electric Utility,1,81.6,70,72,NG,RFO,Y,Y,NG,RFO,,,,,Y,Y,70,72,70,72,6H,6H,Y,,Y,
11208,Los Angeles Department of Water & Power,399,Harbor,CA,Los Angeles,10A,OP,Natural Gas Fired Combined Cycle,CT,Electric Utility,1,85.3,72,73,NG,OBG,Y,Y,NG,OBG,,,,,Y,Y,72,73,72,73,1H,1H,Y,Y,Y,
11208,Los Angeles Department of Water & Power,399,Harbor,CA,Los Angeles,10B,OP,Natural Gas Fired Combined Cycle,CT,Electric Utility,1,85.3,72,73,NG,OBG,Y,Y,NG,OBG,,,,,Y,Y,72,73,72,73,1H,1H,Y,Y,Y,
11208,Los Angeles Department of Water & Power,399,Harbor,CA,Los Angeles,GT10,OP,Natural Gas Fired Combustion Turbine,GT,Electric Utility,1,60.5,47.4,47.4,NG,OBG,Y,Y,NG,OBG,,,,,Y,Y,47.4,47.4,47.4,47.4,1H,1H,Y,Y,Y,
11208,Los Angeles Department of Water & Power,399,Harbor,CA,Los Angeles,GT11,OP,Natural Gas Fired Combustion Turbine,GT,Electric Utility,1,60.5,47.4,47.4,NG,OBG,Y,Y,NG,OBG,,,,,Y,Y,47.4,47.4,47.4,47.4,1H,1H,Y,Y,Y,
11208,Los Angeles Department of Water & Power,399,Harbor,CA,Los Angeles,GT12,OP,Natural Gas Fired Combustion Turbine,GT,Electric Utility,1,60.5,47.4,47.4,NG,OBG,Y,Y,NG,OBG,,,,,Y,Y,47.4,47.4,47.4,47.4,1H,1H,Y,Y,Y,
11208,Los Angeles Department of Water & Power,399,Harbor,CA,Los Angeles,GT13,OP,Natural Gas Fired Combustion Turbine,GT,Electric Utility,1,60.5,47.4,47.4,NG,OBG,Y,Y,NG,OBG,,,,,Y,Y,47.4,47.4,47.4,47.4,1H,1H,Y,Y,Y,
11208,Los Angeles Department of Water & Power,399,Harbor,CA,Los Angeles,GT14,OP,Natural Gas Fired Combustion Turbine,GT,Electric Utility,1,60.5,47.4,47.4,NG,OBG,Y,Y,NG,OBG,,,,,Y,Y,47.4,47.4,47.4,47.4,1H,1H,Y,Y,Y,
11208,Los Angeles Department of Water & Power,400,Haynes,CA,Los Angeles,1,OP,Natural Gas Steam Turbine,ST,Electric Utility,1,230.0,222,222,NG,OBG,Y,Y,NG,OBG,,,,,N,, , , , ,,,,,,
11208,Los Angeles Department of Water & Power,400,Haynes,CA,Los Angeles,10,OP,Natural Gas Fired Combined Cycle,CT,Electric Utility,1,182.8,157.5,162.5,NG,OBG,Y,Y,NG,OBG,,,,,Y,Y,170,155,170,155,1H,1H,Y,Y,Y,
11208,Los Angeles Department of Water & Power,400,Haynes,CA,Los Angeles,11,OP,Natural Gas Fired Combustion Turbine,GT,Electric Utility,1,108.2,96.3,100,NG,OBG,Y,Y,NG,OBG,,,,,N,, , , , ,,,,,,
11208,Los Angeles Department of Water & Power,400,Haynes,CA,Los Angeles,12,OP,Natural Gas Fired Combustion Turbine,GT,Electric Utility,1,108.2,96.3,100,NG,OBG,Y,Y,NG,OBG,,,,,N,, , , , ,,,,,,
11208,Los Angeles Department of Water & Power,400,Haynes,CA,Los Angeles,13,OP,Natural Gas Fired Combustion Turbine,GT,Electric Utility,1,108.2,96.3,100,NG,OBG,Y,Y,NG,OBG,,,,,N,, , , , ,,,,,,
11208,Los Angeles Department of Water & Power,400,Haynes,CA,Los Angeles,14,OP,Natural Gas Fired Combustion Turbine,GT,Electric Utility,1,108.2,96.3,100,NG,OBG,Y,Y,NG,OBG,,,,,N,, , , , ,,,,,,
11208,Los Angeles Department of Water & Power,400,Haynes,CA,Los Angeles,15,OP,Natural Gas Fired Combustion Turbine,GT,Electric Utility,1,108.2,96.3,100,NG,OBG,Y,Y,NG,OBG,,,,,N,, , , , ,,,,,,
11208,Los Angeles Department of Water & Power,400,Haynes,CA,Los Angeles,16,OP,Natural Gas Fired Combustion Turbine,GT,Electric Utility,1,108.2,96.3,100,NG,OBG,Y,Y,NG,OBG,,,,,N,, , , , ,,,,,,
11208,Los Angeles Department of Water & Power,400,Haynes,CA,Los Angeles,2,OP,Natural Gas Steam Turbine,ST,Electric Utility,1,230.0,222,222,NG,OBG,Y,Y,NG,OBG,,,,,N,, , , , ,,,,,,
11208,Los Angeles Department of Water & Power,400,Haynes,CA,Los Angeles,9,OP,Natural Gas Fired Combined Cycle,CT,Electric Utility,1,182.8,157.5,162.5,NG,OBG,Y,Y,NG,OBG,,,,,Y,Y,170,155,170,155,1H,1H,Y,Y,Y,
11208,Los Angeles Department of Water & Power,404,Scattergood,CA,Los Angeles,1,OP,Natural Gas Steam Turbine,ST,Electric Utility,1,163.2,107,111.8,NG,OBG,Y,Y,NG,OBG,,,,,N,, , , , ,,,,,,
11208,Los Angeles Department of Water & Power,404,Scattergood,CA,Los Angeles,2,OP,Natural Gas Steam Turbine,ST,Electric Utility,1,163.2,177,184,NG,OBG,Y,Y,NG,OBG,,,,,N,, , , , ,,,,,,
11208,Los Angeles Department of Water & Power,404,Scattergood,CA,Los Angeles,4,OP,Natural Gas Fired Combined Cycle,CT,Electric Utility,1,216.9,204,211.2,NG,OG,Y,Y,NG,OBG,,,,,N,, , , , ,,,,,,
11208,Los Angeles Department of Water & Power,404,Scattergood,CA,Los Angeles,6,OP,Natural Gas Fired Combustion Turbine,GT,Electric Utility,1,106.9,102,102,NG,OBG,Y,Y,NG,OBG,,,,,N,, , , , ,,,,,,
11208,Los Angeles Department of Water & Power,404,Scattergood,CA,Los Angeles,7,OP,Natural Gas Fired Combustion Turbine,GT,Electric Utility,1,106.9,102,102,NG,OBG,Y,Y,NG,OBG,,,,,N,, , , , ,,,,,,
11208,Los Angeles Department of Water & Power,408,Valley (CA),CA,Los Angeles,5,OP,Natural Gas Fired Combustion Turbine,GT,Electric Utility,1,60.5,43,43,NG,DFO,Y,Y,NG,OBG,,,,,Y,Y,42,43,42,43,1H,1H,Y,Y,Y,
11208,Los Angeles Department of Water & Power,408,Valley (CA),CA,Los Angeles,6,OP,Natural Gas Fired Combined Cycle,CT,Electric Utility,1,182.8,156,162,NG,OBG,Y,Y,NG,OBG,,,,,Y,Y,154,155,152,155,1H,1H,Y,Y,Y,
11208,Los Angeles Department of Water & Power,408,Valley (CA),CA,Los Angeles,7,OP,Natural Gas Fired Combined Cycle,CT,Electric Utility,1,182.8,156,162,NG,OBG,Y,Y,NG,OBG,,,,,Y,Y,154,155,152,155,1H,1H,Y,Y,Y,
15466,Public Service Co of Colorado,464,Alamosa,CO,Alamosa,CT1,OP,Natural Gas Fired Combustion Turbine,GT,Electric Utility,1,26.6,13,17,NG,DFO,Y,Y,NG,DFO,,,,,Y,Y,13,17,11.5,11.5,1H,1H,Y,Y,Y,
15466,Public Service Co of Colorado,464,Alamosa,CO,Alamosa,CT2,OP,Natural Gas Fired Combustion Turbine,GT,Electric Utility,1,26.6,14,18,NG,DFO,Y,Y,NG,DFO,,,,,Y,Y,14,18,13.5,13.5,1H,1H,Y,Y,Y,
15466,Public Service Co of Colorado,469,Cherokee,CO,Adams,4,OP,Conventional Steam Coal,ST,Electric Utility,1,380.8,352,352,BIT,NG,Y,Y,BIT,NG,,,,,N,, , , , ,,,,,,
15466,Public Service Co of Colorado,471,Fruita,CO,Mesa,1,OP,Natural Gas Fired Combustion Turbine,GT,Electric Utility,1,26.6,14,18,NG,DFO,Y,Y,NG,DFO,,,,,Y,Y,14,18,13.5,13.5,1H,1H,Y,Y,Y,
15466,Public Service Co of Colorado,477,Valmont,CO,Boulder,5,OP,Conventional Steam Coal,ST,Electric Utility,1,191.7,184,184,BIT,NG,Y,Y,BIT,NG,,,,,N,, , , , ,,,,,,
3989,City of Colorado Springs - (CO),492,Martin Drake,CO,El Paso,6,OP,Conventional Steam Coal,ST,Electric Utility,1,75.0,77,77,SUB,NG,Y,Y,SUB,NG,,,,,N,, , , , ,,,,,,
3989,City of Colorado Springs - (CO),492,Martin Drake,CO,El Paso,7,OP,Conventional Steam Coal,ST,Electric Utility,1,132.0,131,131,SUB,NG,Y,Y,SUB,NG,,,,,N,, , , , ,,,,,,
3989,City of Colorado Springs - (CO),493,George Birdsall,CO,El Paso,1,OP,Natural Gas Steam Turbine,ST,Electric Utility,1,17.3,16,16,NG,DFO,Y,Y,NG,DFO,,,,,Y,Y,16,16,14,14,6H,1H,Y,Y,,
3989,City of Colorado Springs - (CO),493,George Birdsall,CO,El Paso,2,OP,Natural Gas Steam Turbine,ST,Electric Utility,1,18.8,16,16,NG,DFO,Y,Y,NG,DFO,,,,,Y,Y,16,16,14,14,6H,1H,Y,Y,,
3989,City of Colorado Springs - (CO),493,George Birdsall,CO,El Paso,3,OP,Natural Gas Steam Turbine,ST,Electric Utility,1,23.5,23,23,NG,DFO,Y,Y,NG,DFO,,,,,Y,Y,23,23,21,21,6H,1H,Y,Y,,
189,PowerSouth Energy Cooperative,533,McWilliams,AL,Covington,4,OP,Natural Gas Fired Combined Cycle,CT,Electric Utility,1,107.0,108,116,NG,DFO,Y,N,,,,,,,Y,Y,109,109,109,109,1H,1H,N,,,
22350,Devon Power LLC,544,Devon Station,CT,New Haven,11,OP,Petroleum Liquids,GT,IPP Non-CHP,2,51.0,29.3,38.8,KER,NG,Y,N,,,,,,,Y,Y,29.3,38.8,29.3,38.8,1H,1H,N,,,
22350,Devon Power LLC,544,Devon Station,CT,New Haven,12,OP,Petroleum Liquids,GT,IPP Non-CHP,2,51.0,29.2,38.4,KER,NG,Y,N,,,,,,,Y,Y,29.2,38.4,29.2,38.4,1H,1H,N,,,
22350,Devon Power LLC,544,Devon Station,CT,New Haven,13,OP,Petroleum Liquids,GT,IPP Non-CHP,2,51.0,29.9,38.9,KER,NG,Y,N,,,,,,,Y,Y,29.9,38.9,29.9,38.9,1H,1H,N,,,
22350,Devon Power LLC,544,Devon Station,CT,New Haven,14,OP,Petroleum Liquids,GT,IPP Non-CHP,2,51.0,29.7,40.3,KER,NG,Y,N,,,,,,,Y,Y,29.7,40.3,29.7,40.3,1H,1H,N,,,
22380,NRG Montville Operations Inc,546,Montville Station,CT,New London,5,OP,Petroleum Liquids,ST,IPP Non-CHP,2,75.0,81,83,RFO,NG,Y,Y,RFO,NG,,,,,Y,Y,81,81,81,81,6H,6H,Y,Y,,
12490,Middletown Power LLC,562,Middletown,CT,Middlesex,2,OP,Natural Gas Steam Turbine,ST,IPP Non-CHP,2,113.6,117,120,NG,RFO,Y,Y,RFO,NG,,,,,Y,Y,117,120,117,120,6H,6H,Y,Y,,
12490,Middletown Power LLC,562,Middletown,CT,Middlesex,3,OP,Natural Gas Steam Turbine,ST,IPP Non-CHP,2,239.4,236,245,NG,RFO,Y,Y,RFO,NG,,,,,Y,Y,236,245,236,245,6H,6H,Y,Y,,
14610,Orlando Utilities Comm,564,Stanton Energy Center,FL,Orange,1,OP,Conventional Steam Coal,ST,Electric Utility,1,464.5,440,443,BIT,NG,Y,Y,BIT,NG,LFG,,,,N,, , , , ,,,,,,
14610,Orlando Utilities Comm,564,Stanton Energy Center,FL,Orange,2,OP,Conventional Steam Coal,ST,Electric Utility,1,464.5,456,456,BIT,NG,Y,Y,BIT,NG,LFG,,,,N,, , , , ,,,,,,
14610,Orlando Utilities Comm,564,Stanton Energy Center,FL,Orange,B,OP,Natural Gas Fired Combined Cycle,CA,Electric Utility,1,129.8,128,130,NG,DFO,Y,N,,,,,,,Y,Y,128,130,128,130,6H,6H,Y,Y,Y,
14610,Orlando Utilities Comm,564,Stanton Energy Center,FL,Orange,B1,OP,Natural Gas Fired Combined Cycle,CT,Electric Utility,1,203.2,167,170,NG,DFO,Y,N,,,,,,,Y,Y,167,170,167,170,6H,6H,Y,Y,Y,
15452,PSEG Power Connecticut LLC,568,Bridgeport Station,CT,Fairfield,3,OP,Conventional Steam Coal,ST,IPP Non-CHP,2,400.0,383.4,385,SUB,RFO,Y,Y,SUB,RFO,,,,,N,, , , , ,,,,,,
2548,City of Burlington Electric - (VT),589,J C McNeil,VT,Chittenden,1,OP,Wood/Wood Waste Biomass,ST,Electric Utility,1,59.5,52,54,WDS,NG,Y,Y,WDS,NG,DFO,,,,Y,Y,52,54,15,15,1H,1H,Y,,,Y
56609,Calpine Mid-Atlantic Generation LLC,593,Edge Moor,DE,New Castle,3,OP,Natural Gas Steam Turbine,ST,IPP Non-CHP,2,75.0,86,86,NG,RFO,Y,Y,NG,RFO,DFO,,,,Y,Y,86,86,86,0,6H,UNK,N,,,
56609,Calpine Mid-Atlantic Generation LLC,593,Edge Moor,DE,New Castle,4,OP,Natural Gas Steam Turbine,ST,IPP Non-CHP,2,176.8,174,174,NG,RFO,Y,Y,NG,RFO,DFO,,,,Y,Y,174,174,174,0,6H,UNK,N,,,
56609,Calpine Mid-Atlantic Generation LLC,593,Edge Moor,DE,New Castle,5,OP,Natural Gas Steam Turbine,ST,IPP Non-CHP,2,446.0,450,450,NG,RFO,Y,Y,RFO,NG,DFO,,,,Y,Y,450,230,450,450,6H,6H,N,,,
54899,NAES Corporation - (DE),599,McKee Run,DE,Kent,1,OP,Natural Gas Steam Turbine,ST,IPP Non-CHP,2,18.8,17.1,17.7,NG,DFO,Y,Y,NG,DFO,,,,,Y,Y,17,17,17,17,1H,1H,Y,,,Y
54899,NAES Corporation - (DE),599,McKee Run,DE,Kent,2,OP,Natural Gas Steam Turbine,ST,IPP Non-CHP,2,18.8,17.4,18.2,NG,DFO,Y,Y,NG,DFO,,,,,Y,Y,17,17,17,17,1H,1H,Y,,,Y
54899,NAES Corporation - (DE),599,McKee Run,DE,Kent,3,OP,Natural Gas Steam Turbine,ST,IPP Non-CHP,2,113.6,103.2,104.5,NG,DFO,Y,Y,NG,DFO,,,,,Y,Y,102,102,102,102,1H,1H,Y,,,Y
15500,Puget Sound Energy Inc,607,Fredonia,WA,Skagit,1,SB,Natural Gas Fired Combustion Turbine,GT,Electric Utility,1,129.1,93,114,NG,DFO,Y,N,,,,,,,Y,Y,108,120,108,120,1H,1H,Y,Y,,
15500,Puget Sound Energy Inc,607,Fredonia,WA,Skagit,2,SB,Natural Gas Fired Combustion Turbine,GT,Electric Utility,1,129.1,93,114,NG,DFO,Y,N,,,,,,,Y,Y,108,120,108,120,1H,1H,Y,Y,,
15500,Puget Sound Energy Inc,607,Fredonia,WA,Skagit,3,SB,Natural Gas Fired Combustion Turbine,GT,Electric Utility,1,58.9,47,60,NG,DFO,Y,N,,,,,,,Y,Y,46.7,62,46.7,54,1H,1H,Y,Y,Y,
15500,Puget Sound Energy Inc,607,Fredonia,WA,Skagit,4,SB,Natural Gas Fired Combustion Turbine,GT,Electric Utility,1,58.9,47,60,NG,DFO,Y,N,,,,,,,Y,Y,46.7,62,46.7,54,1H,1H,Y,Y,Y,
6452,Florida Power & Light Co,609,Cape Canaveral,FL,Brevard,3A,OP,Natural Gas Fired Combined Cycle,CT,Electric Utility,1,265.0, , ,NG,DFO,Y,N,,,,,,,Y,Y,249,248,227,209,6H,6H,Y,,Y,
6452,Florida Power & Light Co,609,Cape Canaveral,FL,Brevard,3B,OP,Natural Gas Fired Combined Cycle,CT,Electric Utility,1,265.0, , ,NG,DFO,Y,N,,,,,,,Y,Y,249,248,227,209,6H,6H,Y,,Y,
6452,Florida Power & Light Co,609,Cape Canaveral,FL,Brevard,3C,OP,Natural Gas Fired Combined Cycle,CT,Electric Utility,1,265.0, , ,NG,DFO,Y,N,,,,,,,Y,Y,249,248,227,209,6H,6H,Y,,Y,
6452,Florida Power & Light Co,609,Cape Canaveral,FL,Brevard,3ST,OP,Natural Gas Fired Combined Cycle,CA,Electric Utility,1,500.0,1210,1355,NG,DFO,Y,N,,,,,,,Y,Y,279,489,227,321,6H,6H,Y,,Y,
6452,Florida Power & Light Co,612,Fort Myers,FL,Lee,CT1,OP,Natural Gas Fired Combustion Turbine,GT,Electric Utility,1,188.2,182,200,NG,DFO,Y,Y,NG,DFO,,,,,Y,Y,148,161,154,167,1H,,Y,Y,,
6452,Florida Power & Light Co,612,Fort Myers,FL,Lee,CT2,OP,Natural Gas Fired Combustion Turbine,GT,Electric Utility,1,188.2,182,200,NG,DFO,Y,Y,NG,DFO,,,,,Y,Y,148,161,154,167,1H,,Y,Y,Y,
6452,Florida Power & Light Co,613,Lauderdale,FL,Broward,3,OP,Natural Gas Fired Combustion Turbine,GT,Electric Utility,1,34.2,35,40,NG,DFO,Y,N,,,,,,,Y,Y,35,29,35,29,1H,1H,N,,,
6452,Florida Power & Light Co,613,Lauderdale,FL,Broward,4GT1,OP,Natural Gas Fired Combined Cycle,CT,Electric Utility,1,185.0, , ,NG,DFO,Y,N,,,,,,,Y,Y,185,158,185,156,1H,1H,N,,,
6452,Florida Power & Light Co,613,Lauderdale,FL,Broward,4GT2,OP,Natural Gas Fired Combined Cycle,CT,Electric Utility,1,185.0, , ,NG,DFO,Y,N,,,,,,,Y,Y,185,158,185,156,1H,1H,N,,,
6452,Florida Power & Light Co,613,Lauderdale,FL,Broward,5,OP,Natural Gas Fired Combustion Turbine,GT,Electric Utility,1,34.2,35,40,NG,DFO,Y,N,,,,,,,Y,Y,35,29,35,29,1H,1H,N,,,
6452,Florida Power & Light Co,613,Lauderdale,FL,Broward,5GT1,OP,Natural Gas Fired Combined Cycle,CT,Electric Utility,1,185.0, , ,NG,DFO,Y,N,,,,,,,Y,Y,185,158,185,156,1H,1H,N,,,
6452,Florida Power & Light Co,613,Lauderdale,FL,Broward,5GT2,OP,Natural Gas Fired Combined Cycle,CT,Electric Utility,1,185.0, , ,NG,DFO,Y,N,,,,,,,Y,Y,185,158,185,156,1H,1H,N,,,
6452,Florida Power & Light Co,613,Lauderdale,FL,Broward,6A,OP,Natural Gas Fired Combustion Turbine,GT,Electric Utility,1,229.5,231,223,NG,DFO,Y,N,,,,,,,Y,Y,234,226,234,237,1H,1H,N,,,
6452,Florida Power & Light Co,613,Lauderdale,FL,Broward,6B,OP,Natural Gas Fired Combustion Turbine,GT,Electric Utility,1,229.5,231,223,NG,DFO,Y,N,,,,,,,Y,Y,234,226,234,237,1H,1H,N,,,
6452,Florida Power & Light Co,613,Lauderdale,FL,Broward,6C,OP,Natural Gas Fired Combustion Turbine,GT,Electric Utility,1,229.5,231,223,NG,DFO,Y,N,,,,,,,Y,Y,237,226,234,237,1H,1H,N,,,
6452,Florida Power & Light Co,613,Lauderdale,FL,Broward,ST4,OP,Natural Gas Fired Combined Cycle,CA,Electric Utility,1,151.2,442,485,NG,DFO,Y,N,,,,,,,Y,Y,430,130,430,128,1H,1H,N,,,
6452,Florida Power & Light Co,613,Lauderdale,FL,Broward,ST5,OP,Natural Gas Fired Combined Cycle,CA,Electric Utility,1,151.2,442,485,NG,DFO,Y,N,,,,,,,Y,Y,429,130,429,128,1H,1H,N,,,
6452,Florida Power & Light Co,617,Port Everglades,FL,Broward,5A,OP,Natural Gas Fired Combined Cycle,CT,Electric Utility,1,296.0,1260,1370,NG,DFO,Y,N,,,,,,,Y,Y,276,306,258,285,6H,6H,Y,,Y,
6452,Florida Power & Light Co,617,Port Everglades,FL,Broward,5B,OP,Natural Gas Fired Combined Cycle,CT,Electric Utility,1,296.0, , ,NG,DFO,Y,N,,,,,,,Y,Y,276,306,258,285,6H,6H,Y,,Y,
6452,Florida Power & Light Co,617,Port Everglades,FL,Broward,5C,OP,Natural Gas Fired Combined Cycle,CT,Electric Utility,1,296.0, , ,NG,DFO,Y,N,,,,,,,Y,Y,276,306,258,285,6H,6H,Y,,Y,
6452,Florida Power & Light Co,619,Riviera,FL,Palm Beach,5A,OP,Natural Gas Fired Combined Cycle,CT,Electric Utility,1,265.0, , ,NG,DFO,Y,N,,,,,,,Y,Y,249,248,227,209,6H,6H,Y,,Y,
6452,Florida Power & Light Co,619,Riviera,FL,Palm Beach,5B,OP,Natural Gas Fired Combined Cycle,CT,Electric Utility,1,265.0, , ,NG,DFO,Y,N,,,,,,,Y,Y,249,248,227,209,6H,6H,Y,,Y,
6452,Florida Power & Light Co,619,Riviera,FL,Palm Beach,5C,OP,Natural Gas Fired Combined Cycle,CT,Electric Utility,1,265.0, , ,NG,DFO,Y,N,,,,,,,Y,Y,249,248,227,209,6H,6H,Y,,Y,
6452,Florida Power & Light Co,619,Riviera,FL,Palm Beach,5ST,OP,Natural Gas Fired Combined Cycle,CA,Electric Utility,1,500.0,1212,1344,NG,DFO,Y,N,,,,,,,Y,Y,249,489,227,321,6H,6H,Y,,Y,
6452,Florida Power & Light Co,621,Turkey Point,FL,Miami Dade,5CA,OP,Natural Gas Fired Combined Cycle,CA,Electric Utility,1,472.0,1148,1178,NG,DFO,Y,N,,,,,,,Y,Y,451,467,333,359,1H,6H,Y,Y,Y,
6452,Florida Power & Light Co,621,Turkey Point,FL,Miami Dade,5CTA,OP,Natural Gas Fired Combined Cycle,CT,Electric Utility,1,188.0, , ,NG,DFO,Y,N,,,,,,,Y,Y,160,173,165,178,1H,6H,Y,Y,Y,
6452,Florida Power & Light Co,621,Turkey Point,FL,Miami Dade,5CTB,OP,Natural Gas Fired Combined Cycle,CT,Electric Utility,1,188.0, , ,NG,DFO,Y,N,,,,,,,Y,Y,160,173,165,178,1H,6H,Y,Y,Y,
6452,Florida Power & Light Co,621,Turkey Point,FL,Miami Dade,5CTC,OP,Natural Gas Fired Combined Cycle,CT,Electric Utility,1,188.0, , ,NG,DFO,Y,N,,,,,,,Y,Y,160,173,165,178,1H,6H,Y,Y,Y,
6452,Florida Power & Light Co,621,Turkey Point,FL,Miami Dade,5CTD,OP,Natural Gas Fired Combined Cycle,CT,Electric Utility,1,188.0, , ,NG,DFO,Y,N,,,,,,,Y,Y,160,173,165,178,1H,6H,Y,Y,Y,
6455,"Duke Energy Florida, LLC",624,Avon Park,FL,Highlands,P1,OP,Natural Gas Fired Combustion Turbine,GT,Electric Utility,1,33.7,24,25,NG,DFO,Y,N,,,,,,,Y,Y,24,35,24,35,1H,1H,Y,Y,Y,
6455,"Duke Energy Florida, LLC",630,Higgins,FL,Pinellas,P1,OP,Natural Gas Fired Combustion Turbine,GT,Electric Utility,1,33.7,20,20,NG,DFO,Y,N,,,,,,,Y,Y,20,20,20,20,1H,1H,Y,Y,Y,
6455,"Duke Energy Florida, LLC",630,Higgins,FL,Pinellas,P2,OP,Natural Gas Fired Combustion Turbine,GT,Electric Utility,1,33.7,25,25,NG,DFO,Y,N,,,,,,,Y,Y,25,25,25,25,1H,1H,Y,Y,Y,
6455,"Duke Energy Florida, LLC",630,Higgins,FL,Pinellas,P3,OP,Natural Gas Fired Combustion Turbine,GT,Electric Utility,1,42.9,31,36,NG,DFO,Y,N,,,,,,,Y,Y,30,36,30,36,1H,1H,Y,Y,Y,
6455,"Duke Energy Florida, LLC",630,Higgins,FL,Pinellas,P4,OP,Natural Gas Fired Combustion Turbine,GT,Electric Utility,1,42.9,31,35,NG,DFO,Y,N,,,,,,,Y,Y,30,35,30,35,1H,1H,Y,Y,Y,
6455,"Duke Energy Florida, LLC",634,P L Bartow,FL,Pinellas,4AGT,OP,Natural Gas Fired Combined Cycle,CT,Electric Utility,1,208.2,183,183,NG,DFO,Y,N,,,,,,,Y,Y,173,201,173,201,24H,24H,Y,Y,Y,
6455,"Duke Energy Florida, LLC",634,P L Bartow,FL,Pinellas,4BGT,OP,Natural Gas Fired Combined Cycle,CT,Electric Utility,1,208.2,180,180,NG,DFO,Y,N,,,,,,,Y,Y,175,203,175,203,24H,24H,Y,Y,Y,
6455,"Duke Energy Florida, LLC",634,P L Bartow,FL,Pinellas,4CGT,OP,Natural Gas Fired Combined Cycle,CT,Electric Utility,1,208.2,187,187,NG,DFO,Y,N,,,,,,,Y,Y,172,201,172,201,24H,24H,Y,Y,Y,
6455,"Duke Energy Florida, LLC",634,P L Bartow,FL,Pinellas,4DGT,OP,Natural Gas Fired Combined Cycle,CT,Electric Utility,1,208.2,184,184,NG,DFO,Y,N,,,,,,,Y,Y,172,201,172,201,24H,24H,Y,Y,Y,
6455,"Duke Energy Florida, LLC",634,P L Bartow,FL,Pinellas,4ST,OP,Natural Gas Fired Combined Cycle,CA,Electric Utility,1,421.2,386,386,NG,DFO,Y,N,,,,,,,Y,Y,382,429,382,429,24H,24H,Y,Y,Y,
6455,"Duke Energy Florida, LLC",634,P L Bartow,FL,Pinellas,P2,OP,Natural Gas Fired Combustion Turbine,GT,Electric Utility,1,55.4,42,57,NG,DFO,Y,N,,,,,,,Y,Y,43,57,43,57,6H,6H,Y,Y,Y,
6455,"Duke Energy Florida, LLC",634,P L Bartow,FL,Pinellas,P4,OP,Natural Gas Fired Combustion Turbine,GT,Electric Utility,1,55.4,47,61,NG,DFO,Y,N,,,,,,,Y,Y,49,61,49,61,24H,24H,Y,Y,Y,
6455,"Duke Energy Florida, LLC",638,Suwannee River,FL,Suwannee,P1,OP,Natural Gas Fired Combustion Turbine,GT,Electric Utility,1,61.2,49,67,NG,DFO,Y,N,,,,,,,Y,Y,52,67,52,67,1H,1H,Y,Y,Y,
6455,"Duke Energy Florida, LLC",638,Suwannee River,FL,Suwannee,P3,OP,Natural Gas Fired Combustion Turbine,GT,Electric Utility,1,61.2,50,67,NG,DFO,Y,N,,,,,,,Y,Y,52,67,52,67,1H,1H,Y,Y,Y,
7801,Gulf Power Co,641,Crist,FL,Escambia,4,OP,Conventional Steam Coal,ST,Electric Utility,1,93.7,75,75,BIT,NG,Y,Y,NG,BIT,,,,,N,, , , , ,,,,,,
7801,Gulf Power Co,641,Crist,FL,Escambia,5,OP,Conventional Steam Coal,ST,Electric Utility,1,93.7,75,75,BIT,NG,Y,Y,NG,BIT,,,,,N,, , , , ,,,,,,
7801,Gulf Power Co,641,Crist,FL,Escambia,6,OP,Conventional Steam Coal,ST,Electric Utility,1,369.7,299,299,BIT,NG,Y,Y,NG,BIT,,,,,N,, , , , ,,,,,,
7801,Gulf Power Co,641,Crist,FL,Escambia,7,OP,Conventional Steam Coal,ST,Electric Utility,1,578.0,475,475,BIT,NG,Y,Y,NG,BIT,,,,,N,, , , , ,,,,,,
18454,Tampa Electric Co,645,Big Bend,FL,Hillsborough,GT4,OP,Natural Gas Fired Combustion Turbine,GT,Electric Utility,1,62.0,56,61,NG,DFO,N,N,,,,,,,Y,Y,56,61,56,61,1H,1H,Y,,Y,
18454,Tampa Electric Co,645,Big Bend,FL,Hillsborough,ST1,OP,Conventional Steam Coal,ST,Electric Utility,1,445.5,385,395,BIT,NG,Y,Y,NG,,,,,,N,, , , , ,,,,,,
18454,Tampa Electric Co,645,Big Bend,FL,Hillsborough,ST2,OP,Conventional Steam Coal,ST,Electric Utility,1,445.5,385,395,BIT,NG,Y,Y,NG,,,,,,N,, , , , ,,,,,,
18454,Tampa Electric Co,645,Big Bend,FL,Hillsborough,ST3,OP,Conventional Steam Coal,ST,Electric Utility,1,445.5,395,400,BIT,NG,Y,Y,NG,,,,,,N,, , , , ,,,,,,
18454,Tampa Electric Co,645,Big Bend,FL,Hillsborough,ST4,OP,Conventional Steam Coal,ST,Electric Utility,1,486.0,437,442,BIT,NG,Y,Y,NG,,,,,,N,, , , , ,,,,,,
6909,Gainesville Regional Utilities,663,Deerhaven Generating Station,FL,Alachua,1,OP,Natural Gas Steam Turbine,ST,Electric Utility,1,75.0,75,75,NG,RFO,Y,Y,NG,RFO,,,,,Y,Y,75,75,75,75,6H,1H,Y,Y,Y,
6909,Gainesville Regional Utilities,663,Deerhaven Generating Station,FL,Alachua,GT1,OP,Natural Gas Fired Combustion Turbine,GT,Electric Utility,1,24.6,17.5,20,NG,DFO,Y,N,,,,,,,Y,Y,17.5,20,17.5,20,1H,1H,Y,Y,,
6909,Gainesville Regional Utilities,663,Deerhaven Generating Station,FL,Alachua,GT2,OP,Natural Gas Fired Combustion Turbine,GT,Electric Utility,1,24.6,17.5,20,NG,DFO,Y,N,,,,,,,Y,Y,17.5,20,17.5,20,1H,1H,Y,Y,,
6909,Gainesville Regional Utilities,663,Deerhaven Generating Station,FL,Alachua,GT3,OP,Natural Gas Fired Combustion Turbine,GT,Electric Utility,1,96.1,75,81,NG,DFO,Y,N,,,,,,,Y,Y,75,81,75,81,1H,1H,Y,Y,,
6909,Gainesville Regional Utilities,664,John R Kelly,FL,Alachua,8,OP,Natural Gas Fired Combined Cycle,CA,Electric Utility,1,50.0,37,37,NG,DFO,Y,N,,,,,,,Y,Y,37,37,37,37,1H,1H,Y,Y,Y,
6909,Gainesville Regional Utilities,664,John R Kelly,FL,Alachua,CT04,OP,Natural Gas Fired Combined Cycle,CT,Electric Utility,1,96.1,75,81,NG,DFO,Y,N,,,,,,,Y,Y,75,81,75,81,1H,1H,Y,Y,Y,
8795,City of Homestead - (FL),665,G W Ivey,FL,Miami Dade,13,OP,Natural Gas Internal Combustion Engine,IC,Electric Utility,1,2.0,1.8,1.8,NG,DFO,Y,N,,,,,,,Y,Y,1.8,1.8,1.8,1.8,1H,1H,Y,,Y,
8795,City of Homestead - (FL),665,G W Ivey,FL,Miami Dade,14,OP,Natural Gas Internal Combustion Engine,IC,Electric Utility,1,2.0,1.8,1.8,NG,DFO,Y,N,,,,,,,Y,Y,1.8,1.8,1.8,1.8,1H,1H,Y,,Y,
8795,City of Homestead - (FL),665,G W Ivey,FL,Miami Dade,15,OP,Natural Gas Internal Combustion Engine,IC,Electric Utility,1,2.0,1.8,1.8,NG,DFO,Y,N,,,,,,,Y,Y,1.8,1.8,1.8,1.8,1H,1H,Y,,Y,
8795,City of Homestead - (FL),665,G W Ivey,FL,Miami Dade,16,OP,Natural Gas Internal Combustion Engine,IC,Electric Utility,1,2.0,1.8,1.8,NG,DFO,Y,N,,,,,,,Y,Y,1.8,1.8,1.8,1.8,1H,1H,Y,,Y,
8795,City of Homestead - (FL),665,G W Ivey,FL,Miami Dade,17,OP,Natural Gas Internal Combustion Engine,IC,Electric Utility,1,2.0,1.8,1.8,NG,DFO,Y,N,,,,,,,Y,Y,1.8,1.8,1.8,1.8,1H,1H,Y,,Y,
8795,City of Homestead - (FL),665,G W Ivey,FL,Miami Dade,19,OP,Natural Gas Internal Combustion Engine,IC,Electric Utility,1,8.8,8,8,NG,DFO,Y,N,,,,,,,Y,Y,8,8,8,8,1H,1H,Y,,Y,
8795,City of Homestead - (FL),665,G W Ivey,FL,Miami Dade,2,OP,Natural Gas Internal Combustion Engine,IC,Electric Utility,1,2.0,1.8,1.8,NG,DFO,Y,N,,,,,,,Y,Y,1.8,1.8,1.8,1.8,1H,1H,Y,,Y,
8795,City of Homestead - (FL),665,G W Ivey,FL,Miami Dade,20,OP,Natural Gas Internal Combustion Engine,IC,Electric Utility,1,6.4,6,6,NG,DFO,Y,N,,,,,,,Y,Y,6,6,6,6,1H,1H,Y,,Y,
8795,City of Homestead - (FL),665,G W Ivey,FL,Miami Dade,21,OP,Natural Gas Internal Combustion Engine,IC,Electric Utility,1,6.4,6,6,NG,DFO,Y,N,,,,,,,Y,Y,6,6,6,6,,,Y,,Y,
8795,City of Homestead - (FL),665,G W Ivey,FL,Miami Dade,3,OP,Natural Gas Internal Combustion Engine,IC,Electric Utility,1,2.0,1.8,1.8,NG,DFO,N,N,,,,,,,Y,Y,1.8,1.8,1.8,1.8,,,Y,,Y,
9617,JEA,666,J D Kennedy,FL,Duval,GT37,OP,Natural Gas Fired Combustion Turbine,GT,Electric Utility,1,185.0,158.6,191.2,NG,DFO,Y,N,,,,,,,Y,Y,150,185.9,178.6,191.2,72H,1H,Y,,Y,
9617,JEA,666,J D Kennedy,FL,Duval,GT38,OP,Natural Gas Fired Combustion Turbine,GT,Electric Utility,1,185.0,158.6,191.2,NG,DFO,Y,N,,,,,,,Y,Y,150,185.9,178.6,191.2,72H,1H,Y,,Y,
9617,JEA,667,Northside Generating Station,FL,Duval,1,OP,Conventional Steam Coal,ST,Electric Utility,1,297.5,293,293,BIT,PC,Y,Y,BIT,PC,NG,,,,N,, , , , ,,,,,,
9617,JEA,667,Northside Generating Station,FL,Duval,2,OP,Conventional Steam Coal,ST,Electric Utility,1,297.5,293,293,BIT,PC,Y,Y,BIT,PC,NG,,,,N,, , , , ,,,,,,
9617,JEA,667,Northside Generating Station,FL,Duval,ST3,OP,Natural Gas Steam Turbine,ST,Electric Utility,1,563.7,524,524,NG,RFO,Y,Y,NG,RFO,,,,,Y,Y,524,524,524,524,1H,1H,N,,,
10620,City of Lake Worth - (FL),673,Tom G Smith,FL,Palm Beach,GT2,OP,Natural Gas Fired Combined Cycle,CT,Electric Utility,1,21.4,21,23,NG,DFO,Y,N,,,,,,,Y,Y,19,19,19,19,6H,1H,N,,,
10620,City of Lake Worth - (FL),673,Tom G Smith,FL,Palm Beach,S3,OP,Natural Gas Steam Turbine,ST,Electric Utility,1,26.5,22,24,NG,RFO,Y,N,,,,,,,Y,Y,26,26,26,26,6H,6H,Y,,Y,
10620,City of Lake Worth - (FL),673,Tom G Smith,FL,Palm Beach,S5,OP,Natural Gas Fired Combined Cycle,CA,Electric Utility,1,10.0,9,9,NG,DFO,Y,N,,,,,,,Y,Y,10,10,10,10,6H,6H,Y,,Y,
10623,City of Lakeland - (FL),675,Larsen Memorial,FL,Polk,2,OP,Natural Gas Fired Combustion Turbine,GT,Electric Utility,1,11.2,10,14,NG,DFO,Y,N,,,,,,,Y,Y,10,14,10,14,6H,6H,N,,,
10623,City of Lakeland - (FL),675,Larsen Memorial,FL,Polk,3,OP,Natural Gas Fired Combustion Turbine,GT,Electric Utility,1,11.2,9,13,NG,DFO,Y,N,,,,,,,Y,Y,9,13,9,13,6H,6H,N,,,
10623,City of Lakeland - (FL),675,Larsen Memorial,FL,Polk,8,OP,Natural Gas Fired Combined Cycle,CT,Electric Utility,1,86.2,76,93,NG,DFO,Y,N,,,,,,,Y,Y,73,90,76,93,1H,1H,Y,,Y,
10623,City of Lakeland - (FL),676,C D McIntosh Jr,FL,Polk,3,OP,Conventional Steam Coal,ST,Electric Utility,1,363.8,342,342,BIT,NG,Y,Y,BIT,NG,,,,,N,, , , , ,,,,,,
10623,City of Lakeland - (FL),676,C D McIntosh Jr,FL,Polk,GT1,OP,Natural Gas Fired Combustion Turbine,GT,Electric Utility,1,26.6,16,19,NG,DFO,Y,N,,,,,,,Y,Y,16,19,16,19,1H,1H,N,,,
10623,City of Lakeland - (FL),676,C D McIntosh Jr,FL,Polk,ST2,OP,Natural Gas Steam Turbine,ST,Electric Utility,1,126.0,106,106,NG,RFO,Y,Y,NG,RFO,,,,,Y,Y,106,106,103,103,1H,1H,N,,,
14610,Orlando Utilities Comm,683,Indian River Plant,FL,Brevard,A,OP,Natural Gas Fired Combustion Turbine,GT,Electric Utility,1,41.4,37,48,NG,DFO,Y,N,,,,,,,Y,Y,37,48,36,48,1H,1H,N,,,
14610,Orlando Utilities Comm,683,Indian River Plant,FL,Brevard,B,OP,Natural Gas Fired Combustion Turbine,GT,Electric Utility,1,41.4,37,48,NG,DFO,Y,N,,,,,,,Y,Y,37,48,36,48,1H,1H,N,,,
14610,Orlando Utilities Comm,683,Indian River Plant,FL,Brevard,C,OP,Natural Gas Fired Combustion Turbine,GT,Electric Utility,1,130.0,108,127,NG,DFO,Y,N,,,,,,,Y,Y,108,127,111,127,1H,1H,Y,,Y,
14610,Orlando Utilities Comm,683,Indian River Plant,FL,Brevard,D,OP,Natural Gas Fired Combustion Turbine,GT,Electric Utility,1,130.0,108,127,NG,DFO,Y,N,NG,DFO,,,,,Y,Y,108,127,111,127,1H,1H,Y,,Y,
18445,City of Tallahassee - (FL),688,Arvah B Hopkins,FL,Leon,CT 2A,OP,Natural Gas Fired Combined Cycle,CT,Electric Utility,1,198.9,159,185,NG,DFO,Y,N,,,,,,,Y,Y,160,175,160,175,1H,1H,Y,,Y,
18445,City of Tallahassee - (FL),688,Arvah B Hopkins,FL,Leon,GT1,OP,Natural Gas Fired Combustion Turbine,GT,Electric Utility,1,16.3,12,14,NG,DFO,Y,N,,,,,,,Y,Y,12,14,12,14,1H,1H,Y,,Y,
18445,City of Tallahassee - (FL),688,Arvah B Hopkins,FL,Leon,GT2,OP,Natural Gas Fired Combustion Turbine,GT,Electric Utility,1,27.0,24,26,NG,DFO,Y,N,,,,,,,Y,Y,22,27,22,27,1H,1H,Y,,Y,
18445,City of Tallahassee - (FL),688,Arvah B Hopkins,FL,Leon,GT3,OP,Natural Gas Fired Combustion Turbine,GT,Electric Utility,1,60.0,46,48,NG,DFO,Y,N,,,,,,,Y,Y,42,48,42,48,1H,1H,Y,,Y,
18445,City of Tallahassee - (FL),688,Arvah B Hopkins,FL,Leon,GT4,OP,Natural Gas Fired Combustion Turbine,GT,Electric Utility,1,60.0,46,48,NG,DFO,Y,N,,,,,,,Y,Y,42,48,42,48,1H,1H,Y,,Y,
18445,City of Tallahassee - (FL),689,S O Purdom,FL,Wakulla,8,OP,Natural Gas Fired Combined Cycle,CT,Electric Utility,1,160.0,154,182,NG,DFO,Y,N,,,,,,,Y,Y,150,182,150,182,UNK,UNK,N,,,
18445,City of Tallahassee - (FL),689,S O Purdom,FL,Wakulla,GT1,OP,Natural Gas Fired Combustion Turbine,GT,Electric Utility,1,15.0,10,10,NG,DFO,Y,N,,,,,,,Y,Y,10,10,10,10,UNK,UNK,N,,,
18445,City of Tallahassee - (FL),689,S O Purdom,FL,Wakulla,GT2,OP,Natural Gas Fired Combustion Turbine,GT,Electric Utility,1,15.0,10,10,NG,DFO,Y,N,,,,,,,Y,Y,10,10,10,10,UNK,UNK,N,,,
7140,Georgia Power Co,710,Jack McDonough,GA,Cobb,3A,OP,Natural Gas Fired Combustion Turbine,GT,Electric Utility,1,41.8,32,40,NG,DFO,Y,N,,,,,,,Y,Y,32,40,32,40,1H,1H,Y,,Y,
7140,Georgia Power Co,710,Jack McDonough,GA,Cobb,3B,OP,Natural Gas Fired Combustion Turbine,GT,Electric Utility,1,41.8,32,40,NG,DFO,Y,N,,,,,,,Y,Y,32,40,32,40,1H,1H,Y,,Y,
7140,Georgia Power Co,710,Jack McDonough,GA,Cobb,5ACT,OP,Natural Gas Fired Combined Cycle,CT,Electric Utility,1,232.5,224,266,NG,DFO,Y,N,,,,,,,Y,N,231.5,269,231.5,269,1H,1H,Y,,Y,
7140,Georgia Power Co,710,Jack McDonough,GA,Cobb,CT4A,OP,Natural Gas Fired Combined Cycle,CT,Electric Utility,1,232.5,223,265,NG,DFO,Y,N,,,,,,,Y,N,223,265,223,265,1H,1H,Y,,Y,
7140,Georgia Power Co,732,Boulevard,GA,Chatham,1,OP,Petroleum Liquids,GT,Electric Utility,1,15.6,14,18.6,DFO,NG,Y,N,,,,,,,Y,Y,14,18.6,14,18.6,1H,1H,N,,,
4538,Crisp County Power Comm,753,Crisp Plant,GA,Worth,1,OP,Conventional Steam Coal,ST,Electric Utility,1,12.5,10,10,BIT,NG,Y,Y,BIT,NG,,,,,N,, , , , ,,,,,,
5748,Electric Energy Inc,887,Joppa Steam,IL,Massac,1,OP,Conventional Steam Coal,ST,IPP Non-CHP,2,183.3,159,167,RC,SUB,Y,Y,SUB,NG,,,,,N,, , , , ,,,,,,
5748,Electric Energy Inc,887,Joppa Steam,IL,Massac,4,OP,Conventional Steam Coal,ST,IPP Non-CHP,2,183.3,160,167,RC,NG,Y,Y,SUB,NG,,,,,N,, , , , ,,,,,,
5517,Dynegy Midwest Generation Inc,892,Hennepin Power Station,IL,Putnam,1,OP,Conventional Steam Coal,ST,IPP Non-CHP,2,75.0,66,68,RC,SUB,Y,Y,SUB,NG,,,,,N,, , , , ,,,,,,
5517,Dynegy Midwest Generation Inc,892,Hennepin Power Station,IL,Putnam,2,OP,Conventional Steam Coal,ST,IPP Non-CHP,2,231.3,218,226,RC,SUB,Y,Y,SUB,NG,,,,,N,, , , , ,,,,,,
19436,Union Electric Co - (MO),913,Venice,IL,Madison,GT2,OP,Natural Gas Fired Combustion Turbine,GT,Electric Utility,1,61.0,48,59,NG,DFO,Y,N,,,,,,,Y,N,48,53,48,53,6H,6H,Y,Y,,
2188,City of Breese - (IL),934,Breese,IL,Clinton,2,SB,Petroleum Liquids,IC,Electric Utility,1,3.0,3,3,DFO,NG,Y,Y,DFO,NG,,,,,N,, , , , ,,,,,,
2188,City of Breese - (IL),934,Breese,IL,Clinton,IC3,SB,Petroleum Liquids,IC,Electric Utility,1,3.0,3,3,DFO,NG,Y,Y,DFO,NG,,,,,N,, , , , ,,,,,,
3037,City of Carlyle - (IL),936,Carlyle,IL,Clinton,1,SB,Petroleum Liquids,IC,Electric Utility,1,3.0,3,3,DFO,NG,Y,Y,DFO,NG,,,,,Y,Y,3,3,3,3,1H,6H,Y,Y,,
3037,City of Carlyle - (IL),936,Carlyle,IL,Clinton,7,SB,Petroleum Liquids,IC,Electric Utility,1,2.0,2,2,DFO,NG,Y,Y,DFO,NG,,,,,Y,Y,2,2,2,2,1H,6H,Y,Y,,
3040,City of Carmi - (IL),937,Carmi,IL,White,10,OP,Petroleum Liquids,IC,Electric Utility,1,1.7,1.6,1.6,DFO,NG,Y,Y,NG,DFO,,,,,Y,Y,1.64,1.64,1.64,1.64,1H,6H,Y,,,Y
3040,City of Carmi - (IL),937,Carmi,IL,White,11,OP,Petroleum Liquids,IC,Electric Utility,1,2.7,2.7,2.7,DFO,NG,Y,Y,NG,DFO,,,,,Y,Y,2.67,2.67,2.67,2.67,1H,6H,Y,,,Y
3040,City of Carmi - (IL),937,Carmi,IL,White,12,OP,Petroleum Liquids,IC,Electric Utility,1,2.0,1.8,1.8,DFO,NG,Y,Y,NG,DFO,,,,,Y,Y,1.84,1.84,1.84,1.84,1H,6H,Y,,,Y
3040,City of Carmi - (IL),937,Carmi,IL,White,13,OP,Petroleum Liquids,IC,Electric Utility,1,4.4,4.3,4.3,DFO,NG,Y,Y,NG,DFO,,,,,Y,Y,4.4,4.4,4.4,4.4,1H,6H,Y,,,Y
3040,City of Carmi - (IL),937,Carmi,IL,White,8,OP,Petroleum Liquids,IC,Electric Utility,1,1.4,1.2,1.2,DFO,NG,Y,Y,NG,DFO,,,,,Y,Y,1.18,1.18,1.18,1.18,1H,6H,Y,,,Y
3040,City of Carmi - (IL),937,Carmi,IL,White,9,OP,Petroleum Liquids,IC,Electric Utility,1,1.7,1.5,1.5,DFO,NG,Y,Y,NG,DFO,,,,,Y,Y,1.46,1.46,1.46,1.46,1H,6H,Y,,,Y
6192,City of Farmer City - (IL),941,Farmer City,IL,DeWitt,1,OP,Natural Gas Internal Combustion Engine,IC,Electric Utility,1,1.5,1.3,1.3,NG,DFO,Y,Y,DFO,NG,,,,,N,Y,1.3, ,1.3, ,,,,,,
6192,City of Farmer City - (IL),941,Farmer City,IL,DeWitt,5,OP,Natural Gas Internal Combustion Engine,IC,Electric Utility,1,3.5,2.8,2.8,NG,DFO,Y,Y,DFO,NG,,,,,N,Y,2.7, ,2.7, ,,,,,,
7095,City of Geneseo - (IL),944,Geneseo,IL,Henry,1,OP,Natural Gas Internal Combustion Engine,IC,Electric Utility,1,5.6,4.4,4.4,NG,DFO,Y,Y,NG,DFO,,,,,Y,Y,5.6,5.6,5.6,5.6,1H,1H,N,,,
7095,City of Geneseo - (IL),944,Geneseo,IL,Henry,2,OP,Natural Gas Internal Combustion Engine,IC,Electric Utility,1,3.5,2.8,2.8,NG,DFO,Y,Y,NG,DFO,,,,,Y,Y,3.5,3.5,3.5,3.5,1H,1H,N,,,
7095,City of Geneseo - (IL),944,Geneseo,IL,Henry,3,OP,Natural Gas Internal Combustion Engine,IC,Electric Utility,1,3.5,2.8,2.8,NG,DFO,Y,Y,NG,DFO,,,,,Y,Y,3.5,3.5,3.5,3.5,1H,1H,N,,,
7095,City of Geneseo - (IL),944,Geneseo,IL,Henry,4,OP,Natural Gas Internal Combustion Engine,IC,Electric Utility,1,1.6,1.3,1.3,NG,DFO,Y,Y,NG,DFO,,,,,Y,Y,1.6,1.6,1.6,1.6,1H,1H,N,,,
7095,City of Geneseo - (IL),944,Geneseo,IL,Henry,5A,OP,Natural Gas Internal Combustion Engine,IC,Electric Utility,1,4.4,3.4,3.4,NG,DFO,Y,Y,NG,DFO,,,,,Y,Y,4.4,4.4,4.4,4.4,1H,1H,N,,,
7095,City of Geneseo - (IL),944,Geneseo,IL,Henry,6A,OP,Natural Gas Internal Combustion Engine,IC,Electric Utility,1,3.0,2.4,2.4,NG,DFO,Y,Y,NG,DFO,,,,,Y,Y,3,3,3,3,1H,1H,N,,,
7095,City of Geneseo - (IL),944,Geneseo,IL,Henry,7,OP,Natural Gas Internal Combustion Engine,IC,Electric Utility,1,3.0,2.4,2.4,NG,DFO,Y,Y,NG,DFO,,,,,Y,Y,3,3,3,3,1H,1H,N,,,
8573,City of Highland,946,Highland,IL,Madison,IC5,SB,Petroleum Liquids,IC,Electric Utility,1,2.0,2,2,DFO,NG,Y,N,,,,,,,Y,Y,2,2,2,0,1H,1H,Y,Y,Y,
8573,City of Highland,946,Highland,IL,Madison,IC6,SB,Petroleum Liquids,IC,Electric Utility,1,2.0,2,2,DFO,NG,Y,N,,,,,,,Y,Y,2,2,2,0,1H,1H,Y,Y,Y,
8573,City of Highland,946,Highland,IL,Madison,IC7,SB,Petroleum Liquids,IC,Electric Utility,1,4.4,4,4,DFO,NG,Y,N,,,,,,,Y,Y,4,4,4,0,1H,1H,Y,Y,Y,
8573,City of Highland,946,Highland,IL,Madison,IC8,SB,Petroleum Liquids,IC,Electric Utility,1,4.4,4,4,DFO,NG,Y,N,,,,,,,Y,Y,4,4,4,0,1H,1H,Y,Y,Y,
15388,City of Princeton - (IL),957,Princeton (IL),IL,Bureau,1,SB,Natural Gas Internal Combustion Engine,IC,Electric Utility,1,2.3,2.3,2.3,NG,DFO,Y,Y,DFO,NG,,,,,Y,Y,2.3,2.3,2.3,2.3,1H,6H,N,,,
15388,City of Princeton - (IL),957,Princeton (IL),IL,Bureau,2,SB,Natural Gas Internal Combustion Engine,IC,Electric Utility,1,3.0,3,3,NG,DFO,Y,Y,DFO,NG,,,,,Y,Y,3,3,3,3,1H,6H,N,,,
15388,City of Princeton - (IL),957,Princeton (IL),IL,Bureau,3,SB,Natural Gas Internal Combustion Engine,IC,Electric Utility,1,3.4,3.4,3.4,NG,DFO,Y,Y,DFO,NG,,,,,Y,Y,3.4,3.4,3.4,3.4,1H,6H,N,,,
15388,City of Princeton - (IL),957,Princeton (IL),IL,Bureau,4,SB,Natural Gas Internal Combustion Engine,IC,Electric Utility,1,3.4,3.4,3.4,NG,DFO,Y,Y,DFO,NG,,,,,Y,Y,3.4,3.4,3.4,3.4,1H,6H,N,,,
15388,City of Princeton - (IL),957,Princeton (IL),IL,Bureau,5,SB,Natural Gas Internal Combustion Engine,IC,Electric Utility,1,4.4,4.4,4.4,NG,DFO,Y,Y,DFO,NG,,,,,Y,Y,4.4,4.4,4.4,5.5,1H,6H,N,,,
15388,City of Princeton - (IL),957,Princeton (IL),IL,Bureau,6,SB,Natural Gas Internal Combustion Engine,IC,Electric Utility,1,5.6,5.5,5.5,NG,DFO,Y,Y,DFO,NG,,,,,Y,Y,5.5,5.5,5.5,5.5,1H,6H,N,,,
15388,City of Princeton - (IL),957,Princeton (IL),IL,Bureau,7,SB,Natural Gas Internal Combustion Engine,IC,Electric Utility,1,7.0,7,7,NG,DFO,Y,Y,DFO,NG,,,,,Y,Y,7,7,7,7,1H,6H,N,,,
15388,City of Princeton - (IL),957,Princeton (IL),IL,Bureau,8,SB,Natural Gas Internal Combustion Engine,IC,Electric Utility,1,8.8,8.7,8.7,NG,DFO,Y,Y,DFO,NG,,,,,Y,Y,8.7,8.7,8.7,8.7,1H,6H,N,,,
16179,Rochelle Municipal Utilities,960,North Ninth Street,IL,Ogle,10,OP,Natural Gas Internal Combustion Engine,IC,Electric Utility,1,2.5,2,2,NG,DFO,Y,Y,DFO,NG,,,,,Y,Y,2,2,2,2,1H,6H,N,,,
16179,Rochelle Municipal Utilities,960,North Ninth Street,IL,Ogle,3,OP,Natural Gas Internal Combustion Engine,IC,Electric Utility,1,2.5,2,2,NG,DFO,Y,Y,DFO,NG,,,,,Y,Y,2,2,2,2,1H,6H,N,,,
16179,Rochelle Municipal Utilities,960,North Ninth Street,IL,Ogle,6,OP,Natural Gas Internal Combustion Engine,IC,Electric Utility,1,2.5,2,2,NG,DFO,Y,Y,DFO,NG,,,,,Y,Y,2,2,2,2,1H,6H,N,,,
16179,Rochelle Municipal Utilities,960,North Ninth Street,IL,Ogle,7,OP,Natural Gas Internal Combustion Engine,IC,Electric Utility,1,3.8,3.5,3.5,NG,DFO,Y,Y,DFO,NG,,,,,Y,Y,3.5,3.5,3.5,3.5,1H,6H,N,,,
16179,Rochelle Municipal Utilities,960,North Ninth Street,IL,Ogle,9,OP,Natural Gas Internal Combustion Engine,IC,Electric Utility,1,3.5,3,3,NG,DFO,Y,Y,DFO,NG,,,,,Y,N,3,3,3,3,1H,6H,N,,,
16179,Rochelle Municipal Utilities,961,South Main Street,IL,Ogle,1,SB,Natural Gas Internal Combustion Engine,IC,Electric Utility,1,2.5,1.6,1.6,NG,DFO,Y,Y,NG,DFO,,,,,Y,Y,1.6,1.6,1.6,1.6,1H,1H,N,,,
16179,Rochelle Municipal Utilities,961,South Main Street,IL,Ogle,2,SB,Natural Gas Internal Combustion Engine,IC,Electric Utility,1,2.5,2,2,NG,DFO,Y,Y,NG,DFO,,,,,Y,Y,2,2,2,2,1H,1H,N,,,
20180,City of Waterloo - (IL),971,Waterloo,IL,Monroe,4,SB,Petroleum Liquids,IC,Electric Utility,1,2.0,1.8,1.8,DFO,NG,Y,Y,DFO,NG,,,,,N,, , , , ,,,,,,
20824,Village of Winnetka - (IL),972,Winnetka,IL,Cook,4,OP,Natural Gas Steam Turbine,ST,Electric Utility,1,9.4,9.4,9.4,NG,DFO,Y,Y,NG,DFO,,,,,Y,Y,9.4,9.4,9.4,9.4,6H,6H,Y,Y,Y,
20824,Village of Winnetka - (IL),972,Winnetka,IL,Cook,6,OP,Natural Gas Steam Turbine,ST,Electric Utility,1,6.3,6.3,6.3,NG,DFO,Y,Y,NG,DFO,,,,,Y,Y,6.3,6.3,6.3,6.3,6H,6H,Y,Y,Y,
20824,Village of Winnetka - (IL),972,Winnetka,IL,Cook,7,OP,Natural Gas Steam Turbine,ST,Electric Utility,1,12.5,12.5,12.5,NG,DFO,Y,Y,NG,DFO,,,,,Y,Y,12.5,12.5,12.5,12.5,6H,6H,Y,Y,Y,
17632,Southern Illinois Power Coop,976,Marion,IL,Williamson,5,SB,Natural Gas Fired Combustion Turbine,GT,Electric Utility,1,75.0,70,80,NG,DFO,Y,Y,NG,DFO,,,,,Y,Y,70,90,70,90,1H,1H,Y,Y,Y,
17632,Southern Illinois Power Coop,976,Marion,IL,Williamson,6,SB,Natural Gas Fired Combustion Turbine,GT,Electric Utility,1,75.0,70,80,NG,DFO,Y,Y,NG,DFO,,,,,Y,Y,70,90,70,90,1H,1H,Y,Y,Y,
9273,Indianapolis Power & Light Co,990,Harding Street,IN,Marion,GT4,OP,Natural Gas Fired Combustion Turbine,GT,Electric Utility,1,83.0,67,67,NG,DFO,Y,N,,,,,,,Y,Y,67,67,67,67,1H,1H,Y,Y,Y,
9273,Indianapolis Power & Light Co,990,Harding Street,IN,Marion,GT5,OP,Natural Gas Fired Combustion Turbine,GT,Electric Utility,1,83.0,67,67,NG,DFO,Y,N,,,,,,,Y,Y,67,67,67,67,1H,1H,Y,Y,Y,
3599,Citizens Thermal Energy,992,CC Perry K,IN,Marion,4,OS,Natural Gas Steam Turbine,ST,IPP CHP,3,15.0,10,10,NG,PUR,Y,N,NG,DFO,,,,,Y,N,15,15,15,15,,,Y,Y,Y,
13756,Northern Indiana Pub Serv Co,995,Bailly,IN,Porter,7,OP,Conventional Steam Coal,ST,Electric Utility,1,190.4,160,160,BIT,NG,Y,Y,BIT,NG,,,,,N,, , , , ,,,,,,
13756,Northern Indiana Pub Serv Co,995,Bailly,IN,Porter,8,OP,Conventional Steam Coal,ST,Electric Utility,1,413.1,320,320,BIT,NG,Y,Y,BIT,NG,,,,,N,, , , , ,,,,,,
13756,Northern Indiana Pub Serv Co,997,Michigan City,IN,LaPorte,12,OP,Conventional Steam Coal,ST,Electric Utility,1,540.0,469,469,SUB,BIT,Y,Y,SUB,BIT,NG,,,,N,, , , , ,,,,,,
15470,"Duke Energy Indiana, LLC",1001,Cayuga,IN,Vermillion,4,OP,Natural Gas Fired Combustion Turbine,GT,Electric Utility,1,112.5,80,120,NG,DFO,Y,Y,NG,DFO,,,,,Y,Y,99,120,99,120,1H,1H,Y,Y,Y,
15470,"Duke Energy Indiana, LLC",1004,Edwardsport,IN,Knox,CT1,OP,Coal Integrated Gasification Combined Cycle,CT,Electric Utility,1,236.5, , ,SGC,NG,Y,Y,SGC,NG,,,,,N,, , , , ,,,,,,
15470,"Duke Energy Indiana, LLC",1004,Edwardsport,IN,Knox,CT2,OP,Coal Integrated Gasification Combined Cycle,CT,Electric Utility,1,236.5, , ,SGC,NG,Y,Y,SGC,NG,,,,,N,, , , , ,,,,,,
6235,Public Works Comm-City of Fayetteville,1016,Butler-Warner Generation Plant,NC,Cumberland,1,OP,Natural Gas Fired Combined Cycle,CT,Electric Utility,1,28.8,20,25,NG,DFO,Y,Y,NG,DFO,,,,,Y,Y,20,25,20,25,1H,1H,N,,,
6235,Public Works Comm-City of Fayetteville,1016,Butler-Warner Generation Plant,NC,Cumberland,2,OP,Natural Gas Fired Combined Cycle,CT,Electric Utility,1,28.8,20,25,NG,DFO,Y,Y,NG,DFO,,,,,Y,Y,20,25,20,25,1H,1H,N,,,
6235,Public Works Comm-City of Fayetteville,1016,Butler-Warner Generation Plant,NC,Cumberland,3,OP,Natural Gas Fired Combined Cycle,CT,Electric Utility,1,28.8,20,25,NG,DFO,Y,Y,NG,DFO,,,,,Y,Y,20,25,20,25,1H,1H,N,,,
6235,Public Works Comm-City of Fayetteville,1016,Butler-Warner Generation Plant,NC,Cumberland,4,OP,Natural Gas Fired Combustion Turbine,GT,Electric Utility,1,28.8,20,25,NG,DFO,Y,Y,NG,DFO,,,,,Y,Y,20,25,20,25,1H,1H,N,,,
6235,Public Works Comm-City of Fayetteville,1016,Butler-Warner Generation Plant,NC,Cumberland,5,OP,Natural Gas Fired Combustion Turbine,GT,Electric Utility,1,28.8,20,25,NG,DFO,Y,Y,NG,DFO,,,,,Y,Y,20,25,20,25,1H,1H,N,,,
6235,Public Works Comm-City of Fayetteville,1016,Butler-Warner Generation Plant,NC,Cumberland,6,OP,Natural Gas Fired Combined Cycle,CT,Electric Utility,1,28.8,20,25,NG,DFO,Y,Y,NG,DFO,,,,,Y,Y,20,25,20,25,1H,1H,N,,,
6235,Public Works Comm-City of Fayetteville,1016,Butler-Warner Generation Plant,NC,Cumberland,7,OP,Natural Gas Fired Combined Cycle,CT,Electric Utility,1,28.8,20,25,NG,DFO,Y,Y,NG,DFO,,,,,Y,Y,20,25,20,25,1H,1H,N,,,
6235,Public Works Comm-City of Fayetteville,1016,Butler-Warner Generation Plant,NC,Cumberland,8,OP,Natural Gas Fired Combined Cycle,CT,Electric Utility,1,28.8,20,25,NG,DFO,Y,Y,NG,DFO,,,,,Y,Y,20,25,20,25,1H,1H,N,,,
15860,City of Rensselaer - (IN),1038,Rensselaer City Light Plant,IN,Jasper,14,OP,Natural Gas Internal Combustion Engine,IC,Electric Utility,1,5.0,4.8,4.8,NG,DFO,Y,N,,,,,,,Y,Y,4.8,4.8,4.8,4.8,1H,1H,N,,,
9417,Interstate Power and Light Co,1073,Prairie Creek,IA,Linn,1,OP,Conventional Steam Coal,ST,Electric Utility,1,14.6,3.7,3.7,SUB,NG,Y,Y,SUB,NG,,,,,N,, , , , ,,,,,,
9417,Interstate Power and Light Co,1073,Prairie Creek,IA,Linn,3,OP,Conventional Steam Coal,ST,Electric Utility,1,50.0,36.8,39.8,SUB,NG,Y,Y,SUB,NG,,,,,N,, , , , ,,,,,,
9417,Interstate Power and Light Co,1073,Prairie Creek,IA,Linn,4,OP,Conventional Steam Coal,ST,Electric Utility,1,148.8,122.6,127.5,SUB,NG,Y,Y,SUB,NG,,,,,N,, , , , ,,,,,,
309,City of Algona - (IA),1120,Algona,IA,Kossuth,6,OP,Petroleum Liquids,IC,Electric Utility,1,3.2,3.2,3.2,DFO,NG,Y,N,,,,,,,Y,Y,3.2,3.2,3.2,3.2,1H,1H,Y,,Y,
309,City of Algona - (IA),1120,Algona,IA,Kossuth,7,OP,Petroleum Liquids,IC,Electric Utility,1,4.1,4.1,4.1,DFO,NG,Y,N,,,,,,,Y,Y,4.1,4.1,4.1,4.1,1H,1H,Y,,Y,
554,City of Ames - (IA),1122,Ames Electric Services Power Plant,IA,Story,7,OP,Natural Gas Steam Turbine,ST,Electric Utility,1,37.5,37.4,37.4,NG,OBS,Y,Y,NG,OBS,,,,,N,, , , , ,,,,,,
554,City of Ames - (IA),1122,Ames Electric Services Power Plant,IA,Story,8,OP,Natural Gas Steam Turbine,ST,Electric Utility,1,71.3,68,68,NG,OBS,Y,Y,NG,OBS,,,,,N,, , , , ,,,,,,
965,Atlantic Municipal Utilities,1124,Atlantic,IA,Cass,6,OP,Natural Gas Fired Combustion Turbine,GT,Electric Utility,1,10.0,9.8,10,NG,DFO,Y,N,,,,,,,Y,Y,9.8,10,9.8,10,1H,1H,Y,Y,Y,
3137,Cascade Municipal Utilities,1129,Cascade,IA,Dubuque,2,SB,Petroleum Liquids,IC,Electric Utility,1,2.0,1.9,2,DFO,NG,Y,Y,DFO,NG,,,,,Y,Y,1.8,1.8,1.9,2,1H,1H,Y,,,Y
3203,Cedar Falls Utilities,1130,Gas Turbine (IA),IA,Black Hawk,1,OP,Natural Gas Fired Combustion Turbine,GT,Electric Utility,1,19.6,18.4,18.4,NG,DFO,Y,Y,NG,DFO,,,,,Y,Y,18.4,24,18,24,1H,1H,N,,,
3203,Cedar Falls Utilities,1130,Gas Turbine (IA),IA,Black Hawk,2,OP,Natural Gas Fired Combustion Turbine,GT,Electric Utility,1,23.8,16.3,16.3,NG,DFO,Y,Y,NG,DFO,,,,,Y,Y,22.4,28,21,28,6H,6H,Y,Y,Y,Y
3203,Cedar Falls Utilities,1131,Streeter Station,IA,Black Hawk,6,OP,Conventional Steam Coal,ST,Electric Utility,1,16.5,16.1,16.1,BIT,NG,Y,Y,NG,BIT,,,,,N,, , , , ,,,,,,
3203,Cedar Falls Utilities,1131,Streeter Station,IA,Black Hawk,7,OP,Natural Gas Steam Turbine,ST,Electric Utility,1,35.0,37.3,37.3,NG,BIT,Y,Y,NG,BIT,,,,,N,, , , , ,,,,,,
5998,City of Estherville - (IA),1137,Estherville,IA,Emmet,3,OP,Natural Gas Internal Combustion Engine,IC,Electric Utility,1,3.0,2.7,2.8,NG,DFO,Y,N,,,,,,,Y,Y,2.7,2.8,2.7,2.8,1H,1H,N,,,
5998,City of Estherville - (IA),1137,Estherville,IA,Emmet,4,OA,Natural Gas Internal Combustion Engine,IC,Electric Utility,1,4.0,3.6,3.6,NG,DFO,Y,N,,,,,,,Y,Y,3.6,3.6,3.6,3.6,1H,1H,N,,,
5998,City of Estherville - (IA),1137,Estherville,IA,Emmet,5,OP,Natural Gas Internal Combustion Engine,IC,Electric Utility,1,4.0,3.6,3.6,NG,DFO,Y,N,,,,,,,Y,Y,3.6,3.6,3.6,3.6,1H,1H,N,,,
5998,City of Estherville - (IA),1137,Estherville,IA,Emmet,7,OP,Natural Gas Internal Combustion Engine,IC,Electric Utility,1,3.0,2.7,2.8,NG,DFO,Y,N,,,,,,,Y,Y,2.7,2.8,2.7,2.8,1H,1H,N,,,
7743,Grundy Center Mun Light & Power,1145,Grundy Center City Light Plant,IA,Grundy,IC1,OP,Petroleum Liquids,IC,Electric Utility,1,2.2,2.2,2.2,DFO,NG,N,N,,,,,,,Y,Y,2.2,2.2,2.2,2.2,1H,1H,Y,Y,,Y
7743,Grundy Center Mun Light & Power,1145,Grundy Center City Light Plant,IA,Grundy,IC2,OP,Petroleum Liquids,IC,Electric Utility,1,3.5,3.5,3.5,DFO,NG,N,N,,,,,,,Y,Y,3.5,3.5,3.5,3.5,1H,1H,Y,Y,,Y
7743,Grundy Center Mun Light & Power,1145,Grundy Center City Light Plant,IA,Grundy,IC3,OP,Petroleum Liquids,IC,Electric Utility,1,3.0,3,3,DFO,NG,N,N,,,,,,,Y,Y,3,3,3,3,1H,1H,Y,Y,,
9275,Indianola Municipal Utilities,1150,Indianola,IA,Warren,5,OP,Petroleum Liquids,IC,Electric Utility,1,4.0,4,4,DFO,NG,Y,Y,DFO,NG,,,,,Y,Y,3.7,3.9,3.7,3.9,6H,1H,N,,,
9275,Indianola Municipal Utilities,1150,Indianola,IA,Warren,6,OP,Petroleum Liquids,IC,Electric Utility,1,5.1,5,5,DFO,NG,Y,Y,DFO,NG,,,,,Y,Y,4.7,4.5,4.7,4.5,6H,1H,N,,,
10606,City of Lake Mills,1154,Lake Mills,IA,Winnebago,1A,OP,Petroleum Liquids,IC,Electric Utility,1,3.0,3,3,DFO,NG,Y,N,,,,,,,Y,Y,3,3,3,3,1H,1H,Y,,Y,
10606,City of Lake Mills,1154,Lake Mills,IA,Winnebago,4,OP,Petroleum Liquids,IC,Electric Utility,1,1.3,1.3,1.3,DFO,NG,Y,N,,,,,,,Y,Y,1.2,1.2,1.2,1.2,1H,1H,Y,,Y,
10606,City of Lake Mills,1154,Lake Mills,IA,Winnebago,5,OP,Petroleum Liquids,IC,Electric Utility,1,0.9,0.9,0.9,DFO,NG,Y,N,,,,,,,Y,Y,0.9,0.9,0.9,0.9,1H,1H,Y,,Y,
10650,City of Lamoni - (IA),1155,Lamoni Municipal Utilities,IA,Decatur,1,OP,Petroleum Liquids,IC,Electric Utility,1,2.8,2.7,2.8,DFO,NG,Y,N,,,,,,,Y,Y,2.6,2.3,2.7,2.6,1H,1H,N,,,
10650,City of Lamoni - (IA),1155,Lamoni Municipal Utilities,IA,Decatur,5,OP,Petroleum Liquids,IC,Electric Utility,1,1.1,1.1,1.1,DFO,NG,Y,N,,,,,,,Y,Y,1.07,0.9,1.07,0.9,1H,1H,N,,,
11611,City of Maquoketa - (IA),1162,Maquoketa 1,IA,Jackson,1A,SB,Natural Gas Internal Combustion Engine,IC,Electric Utility,1,3.1,2.8,3,NG,DFO,Y,Y,DFO,NG,,,,,Y,Y,2.8,3,3,3,1H,1H,N,,,
11611,City of Maquoketa - (IA),1162,Maquoketa 1,IA,Jackson,2A,SB,Natural Gas Internal Combustion Engine,IC,Electric Utility,1,3.1,2.8,3,NG,DFO,Y,Y,DFO,NG,,,,,Y,Y,2.8,3,3,3,1H,1H,N,,,
11611,City of Maquoketa - (IA),1162,Maquoketa 1,IA,Jackson,3,SB,Natural Gas Internal Combustion Engine,IC,Electric Utility,1,2.1,1.8,1.9,NG,DFO,Y,Y,DFO,NG,,,,,Y,Y,1.8,1.9,1.8,1.9,1H,1H,N,,,
11611,City of Maquoketa - (IA),1162,Maquoketa 1,IA,Jackson,5,SB,Natural Gas Internal Combustion Engine,IC,Electric Utility,1,1.7,1.4,1.5,NG,DFO,Y,Y,DFO,NG,,,,,Y,Y,1.4,1.5,1.4,1.5,1H,1H,N,,,
11611,City of Maquoketa - (IA),1162,Maquoketa 1,IA,Jackson,6,SB,Natural Gas Internal Combustion Engine,IC,Electric Utility,1,2.5,2.1,2.2,NG,DFO,Y,Y,DFO,NG,,,,,Y,Y,2.1,2.2,2.2,2.2,1H,1H,N,,,
11611,City of Maquoketa - (IA),1162,Maquoketa 1,IA,Jackson,7,SB,Natural Gas Internal Combustion Engine,IC,Electric Utility,1,6.5,6,6.1,NG,DFO,Y,Y,DFO,NG,,,,,Y,Y,6,6.1,6.1,6.1,1H,1H,N,,,
12839,City of Montezuma - (IA),1165,Montezuma,IA,Poweshiek,6,SB,Natural Gas Internal Combustion Engine,IC,Electric Utility,1,1.7,1.6,1.7,NG,DFO,Y,Y,DFO,NG,,,,,Y,Y,1.6,1.6,1.7,1.6,1H,1H,Y,,Y,
12839,City of Montezuma - (IA),1165,Montezuma,IA,Poweshiek,7,SB,Natural Gas Internal Combustion Engine,IC,Electric Utility,1,2.5,2.3,2.5,NG,DFO,Y,Y,DFO,NG,,,,,Y,Y,2.3,2.3,2.5,2.5,1H,1H,Y,,Y,
13444,City of New Hampton - (IA),1168,New Hampton,IA,Chickasaw,3,SB,Natural Gas Internal Combustion Engine,IC,Electric Utility,1,3.5,3.5,3.5,NG,DFO,Y,N,,,,,,,Y,Y,3.5,3.5,3.5,3.5,1H,1H,Y,,Y,
13444,City of New Hampton - (IA),1168,New Hampton,IA,Chickasaw,4,SB,Natural Gas Internal Combustion Engine,IC,Electric Utility,1,6.2,5,5,NG,DFO,Y,N,,,,,,,Y,Y,5,5,5,5,1H,1H,Y,,Y,
13444,City of New Hampton - (IA),1168,New Hampton,IA,Chickasaw,5,SB,Natural Gas Internal Combustion Engine,IC,Electric Utility,1,6.2,5,5,NG,DFO,Y,N,,,,,,,Y,Y,5,5,5,5,1H,1H,Y,,Y,
13990,City of Ogden - (IA),1169,Ogden,IA,Boone,4,SB,Petroleum Liquids,IC,Electric Utility,1,0.4,0.5,0.5,DFO,NG,Y,Y,DFO,NG,,,,,Y,Y,0.48,0.48,0.48,0.48,1H,1H,N,,,
13990,City of Ogden - (IA),1169,Ogden,IA,Boone,5,SB,Petroleum Liquids,IC,Electric Utility,1,1.0,1,1,DFO,NG,Y,Y,DFO,NG,,,,,Y,Y,1,1,1,1,1H,1H,N,,,
13990,City of Ogden - (IA),1169,Ogden,IA,Boone,6,SB,Petroleum Liquids,IC,Electric Utility,1,2.5,2.5,2.5,DFO,NG,Y,Y,DFO,NG,,,,,Y,Y,2.5,2.5,2.5,2.5,1H,1H,N,,,
18014,City of State Center - (IA),1187,State Center,IA,Marshall,6,OP,Petroleum Liquids,IC,Electric Utility,1,2.5,2.5,2.5,DFO,NG,Y,Y,DFO,NG,,,,,Y,Y,2.5,2.5,2.5,2.5,6H,6H,Y,Y,,
18177,City of Story City - (IA),1188,Story City,IA,Story,1,OP,Petroleum Liquids,IC,Electric Utility,1,1.3,1.3,1.3,DFO,NG,Y,Y,DFO,NG,,,,,N,, , , , ,,,,,,
18177,City of Story City - (IA),1188,Story City,IA,Story,2,OP,Petroleum Liquids,IC,Electric Utility,1,2.0,2,2,DFO,NG,Y,Y,DFO,NG,,,,,N,, , , , ,,,,,,
18177,City of Story City - (IA),1188,Story City,IA,Story,4A,OP,Petroleum Liquids,IC,Electric Utility,1,3.5,3.1,3.2,DFO,NG,Y,Y,DFO,NG,,,,,N,, , , , ,,,,,,
18177,City of Story City - (IA),1188,Story City,IA,Story,5A,OP,Petroleum Liquids,IC,Electric Utility,1,3.1,3.1,3.1,DFO,NG,Y,Y,DFO,NG,,,,,N,, , , , ,,,,,,
18177,City of Story City - (IA),1188,Story City,IA,Story,6,OP,Petroleum Liquids,IC,Electric Utility,1,2.0,2,2,DFO,NG,Y,Y,DFO,NG,,,,,N,, , , , ,,,,,,
18177,City of Story City - (IA),1188,Story City,IA,Story,7,OP,Petroleum Liquids,IC,Electric Utility,1,2.0,2,2,DFO,NG,Y,Y,DFO,NG,,,,,N,Y, , , , ,,,,,,
18231,City of Stuart - (IA),1190,Stuart (IA),IA,Guthrie,1,OP,Petroleum Liquids,IC,Electric Utility,1,0.6,0.6,0.6,DFO,NG,Y,Y,NG,DFO,,,,,Y,Y,0.6,0.6,0.6,0.6,1H,1H,N,,,
18231,City of Stuart - (IA),1190,Stuart (IA),IA,Guthrie,2,OP,Petroleum Liquids,IC,Electric Utility,1,1.1,1.1,1.1,DFO,NG,Y,Y,NG,DFO,,,,,Y,Y,1.1,1.1,1.1,1.1,1H,1H,N,,,
18231,City of Stuart - (IA),1190,Stuart (IA),IA,Guthrie,4,OP,Petroleum Liquids,IC,Electric Utility,1,1.1,1,1,DFO,NG,Y,Y,NG,DFO,,,,,Y,Y,1,1,1,1,1H,1H,N,,,
19062,City of Traer - (IA),1192,Traer Main,IA,Tama,3,SB,Petroleum Liquids,IC,Electric Utility,1,1.1,1,1,DFO,NG,Y,Y,DFO,NG,,,,,N,, , , , ,,,,,,
19062,City of Traer - (IA),1192,Traer Main,IA,Tama,4,SB,Petroleum Liquids,IC,Electric Utility,1,1.1,1,1,DFO,NG,Y,Y,DFO,NG,,,,,N,, , , , ,,,,,,
19062,City of Traer - (IA),1192,Traer Main,IA,Tama,6,SB,Petroleum Liquids,IC,Electric Utility,1,1.3,1.2,1.2,DFO,NG,Y,Y,DFO,NG,,,,,N,, , , , ,,,,,,
19865,City of Vinton - (IA),1194,Vinton,IA,Benton,1,OP,Petroleum Liquids,IC,Electric Utility,1,1.3,1.2,1.2,DFO,NG,Y,Y,DFO,NG,,,,,Y,N,1.36,1.36,1.36,1.36,1H,1H,Y,Y,,
19865,City of Vinton - (IA),1194,Vinton,IA,Benton,6,OP,Petroleum Liquids,IC,Electric Utility,1,2.5,2.5,2.5,DFO,NG,Y,Y,DFO,NG,,,,,Y,Y,2.5,2.5,2.5,2.5,1H,1H,Y,Y,,
19865,City of Vinton - (IA),1194,Vinton,IA,Benton,7,OP,Petroleum Liquids,IC,Electric Utility,1,3.7,3.7,3.7,DFO,NG,Y,Y,DFO,NG,,,,,Y,Y,3.75,3.75,3.75,3.75,1H,1H,Y,Y,,
19865,City of Vinton - (IA),1194,Vinton,IA,Benton,8,OP,Petroleum Liquids,IC,Electric Utility,1,5.6,5.6,5.6,DFO,NG,Y,Y,DFO,NG,,,,,Y,Y,5.63,5.63,5.63,5.63,1H,1H,Y,Y,,
19865,City of Vinton - (IA),1194,Vinton,IA,Benton,9,OP,Petroleum Liquids,IC,Electric Utility,1,3.0,3,3,DFO,NG,Y,Y,DFO,NG,,,,,Y,Y,3,3,3,3,1H,1H,Y,Y,,
20380,City of West Liberty - (IA),1200,West Liberty,IA,Muscatine,3,SB,Petroleum Liquids,IC,Electric Utility,1,3.0,2.7,2.7,DFO,NG,Y,Y,DFO,NG,,,,,Y,Y,2.7,2.7,2.7,2.7,1H,6H,N,,,
20604,City of Whittemore - (IA),1201,Whittemore,IA,Kossuth,4,SB,Petroleum Liquids,IC,Electric Utility,1,1.1,1.1,1.1,DFO,NG,Y,N,,,,,,,Y,Y,1.1,1.1,1.1,1.1,1H,1H,N,,,
20835,City of Winterset - (IA),1203,Winterset,IA,Madison,2,OP,Petroleum Liquids,IC,Electric Utility,1,1.5,1.5,1.5,DFO,NG,Y,,,,,,,,Y,Y,1.4,1.4,1.4,1.4,1H,1H,N,,,
20835,City of Winterset - (IA),1203,Winterset,IA,Madison,3,OP,Petroleum Liquids,IC,Electric Utility,1,1.7,1.7,1.7,DFO,NG,Y,,,,,,,,Y,Y,1.7,1.7,1.7,1.7,1H,1H,N,,,
20835,City of Winterset - (IA),1203,Winterset,IA,Madison,4,OP,Petroleum Liquids,IC,Electric Utility,1,4.4,4.4,4.4,DFO,NG,Y,,,,,,,,Y,Y,4.4,4.4,3.7,3.7,1H,1H,N,,,
3258,Central Iowa Power Cooperative,1206,Summit Lake,IA,Union,GT1,OP,Natural Gas Fired Combined Cycle,CT,Electric Utility,1,27.0,27.5,31.9,NG,DFO,Y,Y,NG,DFO,,,,,Y,Y,27.9,33.7,27.9,33.7,1H,1H,Y,Y,Y,
3258,Central Iowa Power Cooperative,1206,Summit Lake,IA,Union,GT2,OP,Natural Gas Fired Combined Cycle,CT,Electric Utility,1,35.3,27.9,32.4,NG,DFO,Y,Y,NG,DFO,,,,,Y,Y,28,33.9,28,33.9,1H,1H,Y,Y,,
4363,Corn Belt Power Coop,1217,Earl F Wisdom,IA,Clay,1,OP,Natural Gas Steam Turbine,ST,Electric Utility,1,37.5,37.5,38,NG,DFO,Y,Y,NG,DFO,,,,,Y,Y,37.5,38,37.5,38,6H,6H,Y,Y,Y,
4363,Corn Belt Power Coop,1217,Earl F Wisdom,IA,Clay,2,OP,Natural Gas Fired Combustion Turbine,GT,Electric Utility,1,81.6,76,80,NG,DFO,Y,N,,,,,,,Y,Y,74,78,76,80,1H,1H,Y,Y,Y,
5860,Empire District Electric Co,1239,Riverton,KS,Cherokee,10,OP,Natural Gas Fired Combustion Turbine,GT,Electric Utility,1,16.3,13,17,NG,DFO,Y,N,,,,,,,Y,N,13,17,13,17,1H,1H,Y,,Y,
5860,Empire District Electric Co,1239,Riverton,KS,Cherokee,11,OP,Natural Gas Fired Combustion Turbine,GT,Electric Utility,1,16.3,15,17,NG,DFO,Y,N,,,,,,,Y,N,15,17,15,17,1H,1H,Y,,Y,
10005,Kansas Gas & Electric Co,1240,Gordon Evans Energy Center,KS,Sedgwick,GT1,OP,Natural Gas Fired Combustion Turbine,GT,Electric Utility,1,98.3,73,73,NG,DFO,Y,N,,,,,,,Y,Y,74,74,74,74,1H,1H,N,,,
10005,Kansas Gas & Electric Co,1240,Gordon Evans Energy Center,KS,Sedgwick,GT2,OP,Natural Gas Fired Combustion Turbine,GT,Electric Utility,1,98.3,71,71,NG,DFO,Y,N,,,,,,,Y,Y,71,71,71,71,1H,1H,N,,,
10005,Kansas Gas & Electric Co,1240,Gordon Evans Energy Center,KS,Sedgwick,GT3,OP,Natural Gas Fired Combustion Turbine,GT,Electric Utility,1,178.5,148,148,NG,DFO,Y,N,,,,,,,Y,Y,150,150,150,150,1H,1H,N,,,
22500,Westar Energy Inc,1248,Hutchinson Energy Center,KS,Reno,GT1,OP,Natural Gas Fired Combustion Turbine,GT,Electric Utility,1,71.0,56,56,NG,DFO,N,N,,,,,,,Y,Y,56,56,50,46,1H,1H,N,,,
22500,Westar Energy Inc,1248,Hutchinson Energy Center,KS,Reno,GT2,OP,Natural Gas Fired Combustion Turbine,GT,Electric Utility,1,71.0,52,52,NG,DFO,N,N,,,,,,,Y,Y,56,56,50,46,1H,1H,N,,,
22500,Westar Energy Inc,1248,Hutchinson Energy Center,KS,Reno,GT3,OP,Natural Gas Fired Combustion Turbine,GT,Electric Utility,1,71.0,57,57,NG,DFO,N,N,,,,,,,Y,Y,56,56,50,46,1H,6H,N,,,
22500,Westar Energy Inc,1250,Lawrence Energy Center,KS,Douglas,4,OP,Conventional Steam Coal,ST,Electric Utility,1,114.0,104,104,SUB,NG,Y,Y,SUB,NG,,,,,N,, , , , ,,,,,,
22500,Westar Energy Inc,1250,Lawrence Energy Center,KS,Douglas,5,OP,Conventional Steam Coal,ST,Electric Utility,1,403.0,370,370,SUB,NG,Y,Y,SUB,NG,,,,,N,, , , , ,,,,,,
22500,Westar Energy Inc,1252,Tecumseh Energy Center,KS,Shawnee,7,OP,Conventional Steam Coal,ST,Electric Utility,1,82.0,65,65,SUB,NG,Y,Y,SUB,NG,,,,,N,, , , , ,,,,,,
701,City of Anthony - (KS),1258,Anthony,KS,Harper,IC1,OP,Natural Gas Internal Combustion Engine,IC,Electric Utility,1,4.1,4.1,4.1,NG,DFO,Y,Y,DFO,NG,,,,,Y,Y,4.1,4.1,4.1,4.1,1H,1H,N,,,
701,City of Anthony - (KS),1258,Anthony,KS,Harper,IC2,OP,Natural Gas Internal Combustion Engine,IC,Electric Utility,1,3.0,3,3,NG,DFO,Y,Y,DFO,NG,,,,,Y,Y,3,3,3,3,1H,1H,N,,,
701,City of Anthony - (KS),1258,Anthony,KS,Harper,IC3,OP,Natural Gas Internal Combustion Engine,IC,Electric Utility,1,4.0,4,4,NG,DFO,Y,Y,DFO,NG,,,,,Y,Y,4,4,4,4,1H,1H,N,,,
911,City of Ashland - (KS),1259,Ashland,KS,Clark,1,SB,Natural Gas Internal Combustion Engine,IC,Electric Utility,1,0.6,0.6,0.6,NG,DFO,Y,Y,NG,DFO,,,,,Y,N,1.4,1.4,4.9,4.9,1H,1H,N,,,
911,City of Ashland - (KS),1259,Ashland,KS,Clark,2,SB,Natural Gas Internal Combustion Engine,IC,Electric Utility,1,0.9,0.7,0.7,NG,DFO,Y,Y,NG,DFO,,,,,Y,N,1.4,1.4,4.9,4.9,1H,1H,N,,,
998,City of Augusta - (KS),1261,Augusta Electric Plant No 1,KS,Butler,1,SB,Natural Gas Internal Combustion Engine,IC,Electric Utility,1,1.1,1.1,1.1,NG,DFO,Y,Y,NG,DFO,,,,,N,, , , , ,,,,,,
998,City of Augusta - (KS),1261,Augusta Electric Plant No 1,KS,Butler,3,SB,Natural Gas Internal Combustion Engine,IC,Electric Utility,1,1.0,1,1,NG,DFO,Y,Y,NG,DFO,,,,,N,, , , , ,,,,,,
998,City of Augusta - (KS),1261,Augusta Electric Plant No 1,KS,Butler,5,SB,Natural Gas Internal Combustion Engine,IC,Electric Utility,1,2.2,2.2,2.2,NG,DFO,Y,Y,NG,DFO,,,,,N,, , , , ,,,,,,
998,City of Augusta - (KS),1261,Augusta Electric Plant No 1,KS,Butler,6,SB,Natural Gas Internal Combustion Engine,IC,Electric Utility,1,2.2,2.2,2.2,NG,DFO,Y,Y,NG,DFO,,,,,N,, , , , ,,,,,,
998,City of Augusta - (KS),1261,Augusta Electric Plant No 1,KS,Butler,7,SB,Natural Gas Internal Combustion Engine,IC,Electric Utility,1,2.0,2,2,NG,DFO,Y,Y,NG,DFO,,,,,N,, , , , ,,,,,,
1148,City of Baldwin City- (KS),1262,Baldwin City Plant No 1,KS,Douglas,4,OP,Petroleum Liquids,IC,Electric Utility,1,2.0,1.5,1.5,DFO,NG,Y,N,,,,,,,Y,Y,1.5,1.5,1.5,1.5,1H,1H,Y,,,Y
1148,City of Baldwin City- (KS),1262,Baldwin City Plant No 1,KS,Douglas,5,OP,Petroleum Liquids,IC,Electric Utility,1,1.1,0.7,0.7,DFO,NG,Y,N,,,,,,,Y,Y,0.7,0.7,0.7,0.7,1H,1H,Y,,,Y
1148,City of Baldwin City- (KS),1262,Baldwin City Plant No 1,KS,Douglas,6,OP,Petroleum Liquids,IC,Electric Utility,1,1.1,0.7,0.7,DFO,NG,Y,N,,,,,,,Y,Y,0.7,0.7,0.7,0.7,1H,1H,Y,,,Y
1512,City of Belleville - (KS),1263,Belleville,KS,Republic,4,OP,Petroleum Liquids,IC,Electric Utility,1,1.0,1,1,DFO,NG,Y,Y,DFO,NG,,,,,Y,Y,1,1,1,1,1H,1H,N,,,
1512,City of Belleville - (KS),1263,Belleville,KS,Republic,5,OP,Petroleum Liquids,IC,Electric Utility,1,1.7,1.7,1.7,DFO,NG,Y,Y,DFO,NG,,,,,Y,Y,1.7,1.7,1.7,1.7,1H,1H,N,,,
1512,City of Belleville - (KS),1263,Belleville,KS,Republic,6,OP,Petroleum Liquids,IC,Electric Utility,1,3.7,3.7,3.7,DFO,NG,Y,Y,DFO,NG,,,,,Y,Y,3.7,3.7,3.7,3.7,1H,1H,N,,,
1512,City of Belleville - (KS),1263,Belleville,KS,Republic,7,OP,Petroleum Liquids,IC,Electric Utility,1,5.1,5.1,5.1,DFO,NG,Y,Y,DFO,NG,,,,,Y,Y,5.1,5.1,5.1,5.1,1H,1H,N,,,
1525,City of Beloit - (KS),1264,Beloit,KS,Mitchell,1,OP,Petroleum Liquids,IC,Electric Utility,1,1.5,1.1,1.1,DFO,NG,Y,Y,DFO,NG,,,,,Y,N,1.1,1.1,1.1,1.1,1H,1H,Y,,,Y
1525,City of Beloit - (KS),1264,Beloit,KS,Mitchell,2,OP,Petroleum Liquids,IC,Electric Utility,1,1.5,1.1,1.1,DFO,NG,Y,Y,DFO,NG,,,,,Y,Y,1.1,1.1,1.1,1,1H,1H,Y,,,Y
1525,City of Beloit - (KS),1264,Beloit,KS,Mitchell,3,OP,Petroleum Liquids,IC,Electric Utility,1,2.0,2,2,DFO,NG,Y,Y,DFO,NG,,,,,Y,Y,2,2,2,2,1H,1H,Y,,,Y
1525,City of Beloit - (KS),1264,Beloit,KS,Mitchell,4,OP,Petroleum Liquids,IC,Electric Utility,1,3.5,3,3,DFO,NG,Y,Y,NG,DFO,,,,,Y,Y,3,3,3,3,1H,1H,Y,,,Y
1525,City of Beloit - (KS),1264,Beloit,KS,Mitchell,5,OP,Petroleum Liquids,IC,Electric Utility,1,0.7,0.6,0.6,DFO,NG,Y,Y,NG,DFO,,,,,Y,Y,0.65,0.65,0.65,0.65,1H,1H,Y,,,Y
1525,City of Beloit - (KS),1264,Beloit,KS,Mitchell,6,OP,Petroleum Liquids,IC,Electric Utility,1,4.1,3.5,3.5,DFO,NG,Y,Y,NG,DFO,,,,,Y,Y,3.6,3.6,3.6,3.6,1H,1H,Y,,,Y
1525,City of Beloit - (KS),1264,Beloit,KS,Mitchell,7,OP,Petroleum Liquids,IC,Electric Utility,1,6.0,5.5,5.5,DFO,NG,Y,Y,NG,DFO,,,,,Y,Y,5.6,5.6,5.6,5.6,1H,1H,Y,,,Y
2547,City of Burlingame - (KS),1265,Burlingame,KS,Osage,1,OP,Natural Gas Internal Combustion Engine,IC,Electric Utility,1,1.1,1,1.1,NG,DFO,Y,Y,NG,DFO,,,,,N,, , , , ,,,,,,
2547,City of Burlingame - (KS),1265,Burlingame,KS,Osage,3,OP,Natural Gas Internal Combustion Engine,IC,Electric Utility,1,0.9,0.8,0.8,NG,DFO,Y,Y,NG,DFO,,,,,N,, , , , ,,,,,,
2547,City of Burlingame - (KS),1265,Burlingame,KS,Osage,4,OP,Natural Gas Internal Combustion Engine,IC,Electric Utility,1,1.1,1,1.1,NG,DFO,Y,Y,NG,DFO,,,,,N,, , , , ,,,,,,
2547,City of Burlingame - (KS),1265,Burlingame,KS,Osage,5,OP,Natural Gas Internal Combustion Engine,IC,Electric Utility,1,0.9,0.8,0.8,NG,DFO,Y,Y,NG,DFO,,,,,N,, , , , ,,,,,,
2551,City of Burlington - (KS),1266,Burlington (KS),KS,Coffey,4A,SB,Natural Gas Internal Combustion Engine,IC,Electric Utility,1,2.3,2.3,2.3,NG,DFO,Y,N,,,,,,,Y,Y,2.3,2.3,2.3,2.3,1H,1H,Y,Y,,
2551,City of Burlington - (KS),1266,Burlington (KS),KS,Coffey,5,SB,Natural Gas Internal Combustion Engine,IC,Electric Utility,1,1.0,1,1,NG,DFO,Y,N,,,,,,,Y,Y,1,1,1,1,1H,1H,Y,Y,,
2551,City of Burlington - (KS),1266,Burlington (KS),KS,Coffey,IC6,SB,Natural Gas Internal Combustion Engine,IC,Electric Utility,1,4.8,4.8,4.8,NG,DFO,Y,N,,,,,,,Y,Y,4.8,4.8,4.8,4.8,1H,1H,Y,Y,,
3710,City of Clay Center - (KS),1270,Clay Center,KS,Clay,5,OP,Natural Gas Steam Turbine,ST,Electric Utility,1,3.0,3,3,NG,DFO,Y,Y,NG,DFO,,,,,Y,Y,3,3,3,3,1H,1H,N,,,
3710,City of Clay Center - (KS),1270,Clay Center,KS,Clay,6,OP,Natural Gas Steam Turbine,ST,Electric Utility,1,5.0,5,5,NG,DFO,Y,Y,NG,DFO,,,,,Y,Y,5,5,5,5,1H,1H,N,,,
3710,City of Clay Center - (KS),1270,Clay Center,KS,Clay,IC1,OP,Natural Gas Internal Combustion Engine,IC,Electric Utility,1,0.9,0.9,0.9,NG,DFO,Y,Y,NG,DFO,,,,,Y,Y,0.9,0.9,0.9,0.9,1H,1H,Y,Y,,
3710,City of Clay Center - (KS),1270,Clay Center,KS,Clay,IC2,OP,Natural Gas Internal Combustion Engine,IC,Electric Utility,1,2.1,2,2,NG,DFO,Y,Y,NG,DFO,,,,,Y,Y,2.1,2.1,2.1,2.1,1H,1H,Y,Y,,
3710,City of Clay Center - (KS),1270,Clay Center,KS,Clay,IC3,OP,Natural Gas Internal Combustion Engine,IC,Electric Utility,1,5.1,5,5,NG,DFO,Y,Y,NG,DFO,,,,,Y,Y,5,5.1,5,5.1,1H,1H,Y,Y,,
3710,City of Clay Center - (KS),1270,Clay Center,KS,Clay,IC4,OP,Natural Gas Internal Combustion Engine,IC,Electric Utility,1,3.5,3.5,3.5,NG,DFO,Y,Y,NG,DFO,,,,,Y,Y,3.5,3.5,3.5,3.5,1H,1H,Y,Y,,
3710,City of Clay Center - (KS),1270,Clay Center,KS,Clay,IC5,OP,Natural Gas Internal Combustion Engine,IC,Electric Utility,1,3.5,3.5,3.5,NG,DFO,Y,Y,NG,DFO,,,,,Y,Y,3.5,3.5,3.5,3.5,1H,1H,Y,Y,,
3710,City of Clay Center - (KS),1270,Clay Center,KS,Clay,IC6,OP,Natural Gas Internal Combustion Engine,IC,Electric Utility,1,6.8,6.8,6.8,NG,DFO,Y,Y,NG,DFO,,,,,Y,Y,6.8,6.8,6.8,6.8,1H,1H,Y,Y,,
3913,City of Colby - (KS),1272,Colby City of,KS,Thomas,3,OP,Petroleum Liquids,IC,Electric Utility,1,2.5,1.8,1.8,DFO,NG,Y,Y,DFO,NG,,,,,Y,N,1.8,1.8,0,0,UNK,UNK,N,,,
3913,City of Colby - (KS),1272,Colby City of,KS,Thomas,4,OP,Petroleum Liquids,IC,Electric Utility,1,1.7,1.2,1.2,DFO,NG,Y,Y,DFO,NG,,,,,Y,Y,1.2,1.2,1.2,1.2,1H,1H,N,,,
3913,City of Colby - (KS),1272,Colby City of,KS,Thomas,5,OP,Petroleum Liquids,IC,Electric Utility,1,1.3,1,1,DFO,NG,Y,Y,DFO,NG,,,,,Y,Y,1,1,1,1,1H,1H,N,,,
3913,City of Colby - (KS),1272,Colby City of,KS,Thomas,6,OP,Petroleum Liquids,IC,Electric Utility,1,4.5,3.5,3.5,DFO,NG,Y,Y,DFO,NG,,,,,Y,Y,3.5,3.5,3.5,3.5,1H,1H,N,,,
3913,City of Colby - (KS),1272,Colby City of,KS,Thomas,7,OP,Petroleum Liquids,IC,Electric Utility,1,4.5,3.5,3.5,DFO,NG,Y,Y,DFO,NG,,,,,Y,Y,3.5,3.5,3.5,3.5,1H,1H,N,,,
3913,City of Colby - (KS),1272,Colby City of,KS,Thomas,8,OP,Petroleum Liquids,IC,Electric Utility,1,2.7,2.5,2.5,DFO,NG,Y,Y,DFO,NG,,,,,Y,Y,2.5,2.5,2.5,2.5,1H,1H,N,,,
5802,City of Ellinwood - (KS),1274,Ellinwood,KS,Barton,1,OP,Petroleum Liquids,IC,Electric Utility,1,2.1,1.8,1.8,DFO,NG,N,Y,DFO,NG,,,,,Y,Y,1.8,1.8,1.8,1.8,1H,1H,Y,Y,,
5802,City of Ellinwood - (KS),1274,Ellinwood,KS,Barton,2,OP,Petroleum Liquids,IC,Electric Utility,1,1.4,1.3,1.3,DFO,NG,N,Y,DFO,NG,,,,,Y,Y,1.3,1.3,1.3,1.3,1H,1H,Y,Y,,
5802,City of Ellinwood - (KS),1274,Ellinwood,KS,Barton,3,OP,Petroleum Liquids,IC,Electric Utility,1,0.6,0.3,0.3,DFO,NG,N,Y,DFO,NG,,,,,Y,Y,0.5,0.5,0.5,0.5,1H,1H,Y,Y,,
5802,City of Ellinwood - (KS),1274,Ellinwood,KS,Barton,4,OP,Petroleum Liquids,IC,Electric Utility,1,1.1,1,1,DFO,NG,N,Y,DFO,NG,,,,,Y,Y,0.85,0.85,1,1,1H,1H,Y,Y,,
5802,City of Ellinwood - (KS),1274,Ellinwood,KS,Barton,5,OP,Petroleum Liquids,IC,Electric Utility,1,3.3,2.5,2.5,DFO,NG,N,Y,DFO,NG,,,,,Y,Y,2.5,2.5,2.7,2.7,1H,1H,Y,Y,,
6965,City of Garnett - (KS),1278,Garnett Municipal,KS,Anderson,1,OP,Petroleum Liquids,IC,Electric Utility,1,1.5,1.3,1.3,DFO,NG,Y,N,,,,,,,Y,Y,1.5,1.2,1.3,1.5,UNK,1H,Y,Y,,
6965,City of Garnett - (KS),1278,Garnett Municipal,KS,Anderson,3,OP,Petroleum Liquids,IC,Electric Utility,1,1.5,1.3,1.3,DFO,NG,Y,N,,,,,,,Y,Y,1.5,1.2,1.3,1.5,UNK,1H,Y,Y,,
6965,City of Garnett - (KS),1278,Garnett Municipal,KS,Anderson,4,OP,Petroleum Liquids,IC,Electric Utility,1,0.9,0.8,0.8,DFO,NG,Y,N,,,,,,,Y,Y,0.9,0.8,0.8,0.8,UNK,1H,Y,Y,,
6965,City of Garnett - (KS),1278,Garnett Municipal,KS,Anderson,IC5,OP,Petroleum Liquids,IC,Electric Utility,1,2.4,2.1,2.1,DFO,NG,N,,,,,,,,Y,Y,1.8,1.8,2,2,1H,1H,N,,,
7374,City of Goodland - (KS),1280,Goodland,KS,Sherman,10,OP,Natural Gas Internal Combustion Engine,IC,Electric Utility,1,2.0,1.8,2,NG,DFO,Y,Y,NG,DFO,,,,,N,, , , , ,,,,,,
7374,City of Goodland - (KS),1280,Goodland,KS,Sherman,11,OP,Natural Gas Internal Combustion Engine,IC,Electric Utility,1,4.3,3.5,3.8,NG,DFO,Y,Y,NG,DFO,,,,,N,, , , , ,,,,,,
7374,City of Goodland - (KS),1280,Goodland,KS,Sherman,12,OP,Natural Gas Internal Combustion Engine,IC,Electric Utility,1,1.0,0.8,0.9,NG,DFO,Y,Y,NG,DFO,,,,,N,, , , , ,,,,,,
7374,City of Goodland - (KS),1280,Goodland,KS,Sherman,13,OP,Natural Gas Internal Combustion Engine,IC,Electric Utility,1,1.3,1.1,1.3,NG,DFO,Y,Y,NG,DFO,,,,,N,, , , , ,,,,,,
7374,City of Goodland - (KS),1280,Goodland,KS,Sherman,6,OP,Natural Gas Internal Combustion Engine,IC,Electric Utility,1,2.2,1.8,2.1,NG,DFO,Y,Y,NG,DFO,,,,,N,, , , , ,,,,,,
7374,City of Goodland - (KS),1280,Goodland,KS,Sherman,7,OP,Natural Gas Internal Combustion Engine,IC,Electric Utility,1,2.2,1.8,2.1,NG,DFO,Y,Y,NG,DFO,,,,,N,, , , , ,,,,,,
7374,City of Goodland - (KS),1280,Goodland,KS,Sherman,8,OP,Natural Gas Internal Combustion Engine,IC,Electric Utility,1,5.0,4.6,4.8,NG,DFO,Y,Y,NG,DFO,,,,,N,, , , , ,,,,,,
8599,City of Hill City,1285,Hill City,KS,Graham,1,OP,Natural Gas Internal Combustion Engine,IC,Electric Utility,1,1.3,1.1,1.2,NG,DFO,Y,N,,,,,,,Y,Y,1.3,1.3,1.1,1.1,1H,1H,Y,Y,,
8599,City of Hill City,1285,Hill City,KS,Graham,2,OP,Natural Gas Internal Combustion Engine,IC,Electric Utility,1,1.3,1.1,1.2,NG,DFO,Y,N,,,,,,,Y,Y,1.3,1.3,1.1,1.1,1H,1H,Y,Y,,
8599,City of Hill City,1285,Hill City,KS,Graham,3,OP,Natural Gas Internal Combustion Engine,IC,Electric Utility,1,0.6,0.6,0.6,NG,DFO,Y,N,,,,,,,Y,Y,0.6,0.6,0.5,0.5,1H,1H,Y,Y,,
8599,City of Hill City,1285,Hill City,KS,Graham,4,OP,Natural Gas Internal Combustion Engine,IC,Electric Utility,1,1.1,1,1,NG,DFO,Y,N,,,,,,,Y,Y,1,1,0.8,0.8,1H,1H,Y,Y,,
8599,City of Hill City,1285,Hill City,KS,Graham,5,OP,Natural Gas Internal Combustion Engine,IC,Electric Utility,1,1.3,1.2,1.2,NG,DFO,Y,N,,,,,,,Y,Y,1.3,1.3,1.1,1.1,1H,1H,Y,Y,,
8599,City of Hill City,1285,Hill City,KS,Graham,6,OP,Natural Gas Internal Combustion Engine,IC,Electric Utility,1,1.3,1.2,1.2,NG,DFO,Y,N,,,,,,,Y,Y,1.3,1.3,1.1,1.1,1H,1H,Y,Y,,
8703,City of Hoisington - (KS),1286,Hoisington,KS,Barton,6,OP,Natural Gas Internal Combustion Engine,IC,Electric Utility,1,2.0,2,2,NG,DFO,Y,Y,NG,DFO,,,,,Y,Y,2,2,2,2,1H,1H,N,,,
8703,City of Hoisington - (KS),1286,Hoisington,KS,Barton,7,OP,Natural Gas Internal Combustion Engine,IC,Electric Utility,1,4.0,4,4,NG,DFO,Y,Y,NG,DFO,,,,,Y,Y,3.65,3.65,3.65,3.65,1H,1H,N,,,
8703,City of Hoisington - (KS),1286,Hoisington,KS,Barton,8,OP,Natural Gas Internal Combustion Engine,IC,Electric Utility,1,7.0,7,7,NG,DFO,Y,Y,NG,DFO,,,,,Y,Y,6.38,6.38,6.38,6.38,1H,1H,N,,,
10321,City of Kingman - (KS),1296,Kingman Municipal Power and Light Plant,KS,Kingman,2,SB,Natural Gas Internal Combustion Engine,IC,Electric Utility,1,2.2,1.9,2,NG,DFO,Y,N,,,,,,,Y,Y,1.9,1.2,1.9,1.2,1H,1H,N,,,
10321,City of Kingman - (KS),1296,Kingman Municipal Power and Light Plant,KS,Kingman,4,OP,Natural Gas Internal Combustion Engine,IC,Electric Utility,1,2.2,1.9,2,NG,DFO,Y,N,,,,,,,Y,Y,1.9,1.4,1.9,1.4,1H,1H,N,,,
10321,City of Kingman - (KS),1296,Kingman Municipal Power and Light Plant,KS,Kingman,6,OP,Natural Gas Internal Combustion Engine,IC,Electric Utility,1,3.5,3.4,3.4,NG,DFO,Y,N,,,,,,,Y,Y,3.4,1.6,3.4,1.6,1H,1H,N,,,
10321,City of Kingman - (KS),1296,Kingman Municipal Power and Light Plant,KS,Kingman,7,OP,Natural Gas Internal Combustion Engine,IC,Electric Utility,1,2.4,2.1,2.1,NG,DFO,Y,N,,,,,,,Y,Y,2.1,1.5,2.1,1.5,1H,1H,N,,,
10321,City of Kingman - (KS),1296,Kingman Municipal Power and Light Plant,KS,Kingman,8,OP,Natural Gas Internal Combustion Engine,IC,Electric Utility,1,2.5,2.4,2.4,NG,DFO,Y,N,,,,,,,Y,Y,2.4,1.8,2.4,1.8,1H,1H,N,,,
10321,City of Kingman - (KS),1296,Kingman Municipal Power and Light Plant,KS,Kingman,9,OP,Natural Gas Internal Combustion Engine,IC,Electric Utility,1,6.3,6.3,6.3,NG,DFO,Y,N,,,,,,,Y,Y,6.3,4,6.3,4,1H,1H,Y,,Y,
10559,City of La Crosse - (KS),1297,La Crosse,KS,Rush,1,OP,Petroleum Liquids,IC,Electric Utility,1,1.1,0.7,0.7,DFO,NG,Y,N,,,,,,,Y,Y,1,1,1,1,1H,1H,N,,,
10559,City of La Crosse - (KS),1297,La Crosse,KS,Rush,2,OP,Petroleum Liquids,IC,Electric Utility,1,1.1,0.9,0.9,DFO,NG,Y,N,,,,,,,Y,Y,1,1,1,1,1H,1H,N,,,
10559,City of La Crosse - (KS),1297,La Crosse,KS,Rush,5,OP,Petroleum Liquids,IC,Electric Utility,1,1.5,1.5,1.5,DFO,NG,Y,,,,,,,,Y,Y,1.5,1.5,1.5,1.5,1H,1H,N,,,
10559,City of La Crosse - (KS),1297,La Crosse,KS,Rush,6,OP,Petroleum Liquids,IC,Electric Utility,1,1.8,1.5,1.5,DFO,NG,Y,,,,,,,,Y,Y,1.8,1.8,1.8,1.8,1H,1H,N,,,
10713,City of Larned - (KS),1299,Larned,KS,Pawnee,IC5,OP,Petroleum Liquids,IC,Electric Utility,1,6.4,6,6,DFO,NG,Y,Y,DFO,NG,,,,,Y,Y,5.4,5.4,6.2,6.2,1H,1H,N,,,
11017,City of Lincoln Center - (KS),1300,Lincoln,KS,Lincoln,1,OP,Natural Gas Internal Combustion Engine,IC,Electric Utility,1,1.3,1.1,1.1,NG,DFO,Y,N,,,,,,,Y,Y,1.2,1.2,1.2,1.2,6H,6H,N,,,
11017,City of Lincoln Center - (KS),1300,Lincoln,KS,Lincoln,2,OP,Natural Gas Internal Combustion Engine,IC,Electric Utility,1,1.3,1.1,1.1,NG,DFO,Y,N,,,,,,,Y,Y,1.2,1.2,1.2,1.2,6H,6H,N,,,
11017,City of Lincoln Center - (KS),1300,Lincoln,KS,Lincoln,5,OP,Natural Gas Internal Combustion Engine,IC,Electric Utility,1,1.3,1.1,1.1,NG,DFO,Y,N,,,,,,,Y,Y,1.2,1.2,1.2,1.2,6H,6H,N,,,
11017,City of Lincoln Center - (KS),1300,Lincoln,KS,Lincoln,6,OP,Natural Gas Internal Combustion Engine,IC,Electric Utility,1,2.5,2.2,2.2,NG,DFO,Y,N,,,,,,,Y,Y,2.5,2.5,2.5,2.5,6H,6H,N,,,
11017,City of Lincoln Center - (KS),1300,Lincoln,KS,Lincoln,7,OP,Natural Gas Internal Combustion Engine,IC,Electric Utility,1,3.5,3,3,NG,DFO,Y,N,,,,,,,Y,Y,3.5,3.5,3.5,3.5,6H,6H,N,,,
12208,City of McPherson - (KS),1305,McPherson 2,KS,McPherson,GT1,OP,Natural Gas Fired Combustion Turbine,GT,Electric Utility,1,72.4,52,60,NG,DFO,Y,N,,,,,,,Y,Y,52,60,50,60,1H,1H,N,,,
12208,City of McPherson - (KS),1305,McPherson 2,KS,McPherson,GT3,OP,Natural Gas Fired Combustion Turbine,GT,Electric Utility,1,71.2,52,60,NG,DFO,Y,N,,,,,,,Y,Y,52,60,50,60,1H,1H,N,,,
12242,City of Meade - (KS),1306,Meade,KS,Meade,2,OP,Natural Gas Internal Combustion Engine,IC,Electric Utility,1,0.9,0.8,0.8,NG,DFO,Y,Y,DFO,NG,,,,,Y,N,0.6,0.6,0.6,0.6,1H,1H,N,,,
12242,City of Meade - (KS),1306,Meade,KS,Meade,3,OP,Natural Gas Internal Combustion Engine,IC,Electric Utility,1,1.1,1.1,1.1,NG,DFO,Y,Y,DFO,NG,,,,,Y,N,0.9,0.9,0.9,0.9,1H,1H,N,,,
12242,City of Meade - (KS),1306,Meade,KS,Meade,4,OP,Natural Gas Internal Combustion Engine,IC,Electric Utility,1,1.4,1.3,1.4,NG,DFO,Y,Y,DFO,NG,,,,,Y,N,1.3,1.3,1.3,1.3,1H,1H,N,,,
12242,City of Meade - (KS),1306,Meade,KS,Meade,5,OP,Petroleum Liquids,IC,Electric Utility,1,2.1,1.7,1.7,DFO,NG,Y,Y,DFO,NG,,,,,Y,N,1.7,1.8,1.7,1.8,1H,1H,N,,,
12242,City of Meade - (KS),1306,Meade,KS,Meade,6,OP,Natural Gas Internal Combustion Engine,IC,Electric Utility,1,2.7,1.9,2,NG,DFO,Y,Y,DFO,NG,,,,,Y,N,1.9,1.9,1.9,1.9,1H,1H,N,,,
21533,City of Minneapolis - (KS),1307,Minneapolis City of,KS,Ottawa,3,OP,Natural Gas Internal Combustion Engine,IC,Electric Utility,1,1.3,1.2,1.2,NG,DFO,Y,N,,,,,,,Y,Y,1.1,1.1,1.1,1.1,1H,1H,N,,,
21533,City of Minneapolis - (KS),1307,Minneapolis City of,KS,Ottawa,4,OP,Natural Gas Internal Combustion Engine,IC,Electric Utility,1,0.7,0.5,0.5,NG,DFO,Y,N,,,,,,,Y,Y,0.6,0.6,0.6,0.6,1H,1H,N,,,
21533,City of Minneapolis - (KS),1307,Minneapolis City of,KS,Ottawa,5,OP,Natural Gas Internal Combustion Engine,IC,Electric Utility,1,2.1,1.8,1.8,NG,DFO,Y,N,,,,,,,Y,Y,1.8,1.8,2,2,1H,1H,N,,,
21533,City of Minneapolis - (KS),1307,Minneapolis City of,KS,Ottawa,6,OP,Natural Gas Internal Combustion Engine,IC,Electric Utility,1,3.0,2.7,2.7,NG,DFO,Y,N,,,,,,,Y,Y,2.9,2.9,2.9,2.9,1H,1H,N,,,
13948,City of Oberlin - (KS),1312,Oberlin (KS),KS,Decatur,1,SB,Natural Gas Internal Combustion Engine,IC,Electric Utility,1,1.1,0.9,0.9,NG,DFO,Y,Y,DFO,NG,,,,,Y,Y,0.7,0.7,0.7,0.7,1H,1H,N,,,
13948,City of Oberlin - (KS),1312,Oberlin (KS),KS,Decatur,2,SB,Natural Gas Internal Combustion Engine,IC,Electric Utility,1,0.8,0.6,0.6,NG,DFO,Y,Y,DFO,NG,,,,,Y,Y,0.5,0.5,0.5,0.5,1H,1H,N,,,
13948,City of Oberlin - (KS),1312,Oberlin (KS),KS,Decatur,4,SB,Natural Gas Internal Combustion Engine,IC,Electric Utility,1,1.5,1.2,1.2,NG,DFO,Y,Y,DFO,NG,,,,,Y,Y,1.1,1.1,1.1,1.1,1H,1H,N,,,
13948,City of Oberlin - (KS),1312,Oberlin (KS),KS,Decatur,5,SB,Natural Gas Internal Combustion Engine,IC,Electric Utility,1,2.0,1.3,1.3,NG,DFO,Y,Y,DFO,NG,,,,,Y,Y,1.3,1.3,1.3,1.3,1H,1H,N,,,
13948,City of Oberlin - (KS),1312,Oberlin (KS),KS,Decatur,6,SB,Natural Gas Internal Combustion Engine,IC,Electric Utility,1,1.5,1.2,1.2,NG,DFO,Y,Y,DFO,NG,,,,,Y,Y,1.2,1.2,1.2,1.2,1H,1H,N,,,
14199,City of Osage City - (KS),1313,Osage City,KS,Osage,1,OP,Natural Gas Internal Combustion Engine,IC,Electric Utility,1,1.1,0.9,0.9,NG,DFO,Y,Y,NG,DFO,,,,,N,, , , , ,,,,,,
14199,City of Osage City - (KS),1313,Osage City,KS,Osage,2,OP,Natural Gas Internal Combustion Engine,IC,Electric Utility,1,1.2,1.1,1.1,NG,DFO,Y,Y,NG,DFO,,,,,N,, , , , ,,,,,,
14199,City of Osage City - (KS),1313,Osage City,KS,Osage,4,OP,Natural Gas Internal Combustion Engine,IC,Electric Utility,1,2.0,1.9,1.9,NG,DFO,Y,Y,NG,DFO,,,,,N,, , , , ,,,,,,
14199,City of Osage City - (KS),1313,Osage City,KS,Osage,5,OP,Natural Gas Internal Combustion Engine,IC,Electric Utility,1,2.0,1.9,1.9,NG,DFO,Y,Y,NG,DFO,,,,,N,, , , , ,,,,,,
14199,City of Osage City - (KS),1313,Osage City,KS,Osage,7,OP,Natural Gas Internal Combustion Engine,IC,Electric Utility,1,1.7,1.5,1.5,NG,DFO,Y,Y,NG,DFO,,,,,N,, , , , ,,,,,,
14199,City of Osage City - (KS),1313,Osage City,KS,Osage,IC3,OP,Natural Gas Internal Combustion Engine,IC,Electric Utility,1,2.0,1.9,1.9,NG,DFO,Y,Y,NG,DFO,,,,,N,, , , , ,,,,,,
14199,City of Osage City - (KS),1313,Osage City,KS,Osage,IC6,OP,Natural Gas Internal Combustion Engine,IC,Electric Utility,1,1.1,0.9,0.9,NG,DFO,Y,Y,NG,DFO,,,,,N,, , , , ,,,,,,
14203,City of Osawatomie - (KS),1314,Osawatomie City of,KS,Miami,2,SB,Petroleum Liquids,IC,Electric Utility,1,2.3,1.8,1.8,DFO,NG,Y,Y,DFO,NG,,,,,Y,Y,1.8,1.8,1.8,1.8,1H,1H,N,,,
14203,City of Osawatomie - (KS),1314,Osawatomie City of,KS,Miami,4,SB,Petroleum Liquids,IC,Electric Utility,1,1.2,1,1,DFO,NG,Y,Y,DFO,NG,,,,,Y,Y,1,1,1,1,1H,1H,N,,,
14203,City of Osawatomie - (KS),1314,Osawatomie City of,KS,Miami,5,SB,Petroleum Liquids,IC,Electric Utility,1,3.1,2.8,2.8,DFO,NG,Y,Y,DFO,NG,,,,,Y,Y,2.8,2.6,2.8,2.6,1H,1H,N,,,
14214,City of Osborne - (KS),1315,Osborne,KS,Osborne,1,SB,Petroleum Liquids,IC,Electric Utility,1,2.3,1.4,1.6,DFO,NG,Y,Y,DFO,NG,,,,,N,Y,1.2,1.2,1.8,1.8,,,N,,,
14214,City of Osborne - (KS),1315,Osborne,KS,Osborne,2,SB,Petroleum Liquids,IC,Electric Utility,1,2.0,1.4,1.6,DFO,NG,Y,Y,DFO,NG,,,,,N,Y,1.2,1.2,1.8,1.8,,,N,,,
14214,City of Osborne - (KS),1315,Osborne,KS,Osborne,3,SB,Petroleum Liquids,IC,Electric Utility,1,1.1,0.6,0.7,DFO,NG,Y,Y,DFO,NG,,,,,N,Y,0.7,0.7,0.7,0.7,,,N,,,
14229,City of Ottawa - (KS),1316,Ottawa,KS,Franklin,IC3,OP,Natural Gas Internal Combustion Engine,IC,Electric Utility,1,3.7,3.2,3.2,NG,DFO,Y,Y,NG,DFO,,,,,Y,Y,3.2,3.2,3.2,3.2,1H,1H,N,,,
14229,City of Ottawa - (KS),1316,Ottawa,KS,Franklin,IC4,OP,Natural Gas Internal Combustion Engine,IC,Electric Utility,1,3.5,3,3,NG,DFO,Y,Y,NG,DFO,,,,,Y,Y,3,3,3,3,1H,1H,N,,,
14229,City of Ottawa - (KS),1316,Ottawa,KS,Franklin,IC6,OP,Natural Gas Internal Combustion Engine,IC,Electric Utility,1,6.0,5.9,5.9,NG,DFO,Y,Y,NG,DFO,,,,,Y,Y,5.9,5.9,5.9,5.9,1H,1H,N,,,
14229,City of Ottawa - (KS),1316,Ottawa,KS,Franklin,IC7,OP,Natural Gas Internal Combustion Engine,IC,Electric Utility,1,6.0,5.9,5.9,NG,DFO,Y,Y,NG,DFO,,,,,Y,Y,5.9,5.9,5.9,5.9,1H,1H,N,,,
16440,City of Russell - (KS),1319,Russell Downtown,KS,Russell,11,OP,Natural Gas Internal Combustion Engine,IC,Electric Utility,1,3.6,3.2,3.2,NG,DFO,Y,Y,NG,DFO,,,,,N,, , , , ,,,,,,
16440,City of Russell - (KS),1319,Russell Downtown,KS,Russell,12,OP,Natural Gas Internal Combustion Engine,IC,Electric Utility,1,3.6,3.2,3.2,NG,DFO,Y,Y,NG,DFO,,,,,N,, , , , ,,,,,,
16440,City of Russell - (KS),1319,Russell Downtown,KS,Russell,7,OP,Natural Gas Internal Combustion Engine,IC,Electric Utility,1,3.5,3,3,NG,DFO,Y,Y,NG,DFO,,,,,N,, , , , ,,,,,,
16518,City of Sabetha - (KS),1320,Sabetha Power Plant,KS,Nemaha,11,OP,Petroleum Liquids,IC,Electric Utility,1,3.0,2.7,2.7,DFO,NG,Y,N,,,,,,,Y,Y,2.5,2.5,2.5,2.5,1H,1H,N,,,
16518,City of Sabetha - (KS),1320,Sabetha Power Plant,KS,Nemaha,12,OP,Natural Gas Internal Combustion Engine,IC,Electric Utility,1,4.4,4.1,4.1,NG,DFO,Y,N,,,,,,,Y,Y,3.5,3.5,3.5,3.5,1H,1H,N,,,
16518,City of Sabetha - (KS),1320,Sabetha Power Plant,KS,Nemaha,2,OP,Petroleum Liquids,IC,Electric Utility,1,1.5,1.2,1.2,DFO,NG,Y,N,,,,,,,Y,Y,1.5,1.5,1.5,1.5,1H,1H,N,,,
16518,City of Sabetha - (KS),1320,Sabetha Power Plant,KS,Nemaha,3,OP,Petroleum Liquids,IC,Electric Utility,1,0.8,0.6,0.6,DFO,NG,Y,N,,,,,,,Y,Y,0.5,0.5,0.5,0.5,1H,1H,Y,,,Y
16518,City of Sabetha - (KS),1320,Sabetha Power Plant,KS,Nemaha,4,OP,Petroleum Liquids,IC,Electric Utility,1,1.0,0.7,0.7,DFO,NG,Y,,,,,,,,Y,Y,0.5,0.5,0.5,0.5,1H,1H,Y,,,Y
16518,City of Sabetha - (KS),1320,Sabetha Power Plant,KS,Nemaha,5,OP,Petroleum Liquids,IC,Electric Utility,1,1.4,1.2,1.2,DFO,NG,Y,,,,,,,,Y,Y,1,1,1,1,1H,1H,Y,,,Y
16518,City of Sabetha - (KS),1320,Sabetha Power Plant,KS,Nemaha,6,OP,Petroleum Liquids,IC,Electric Utility,1,1.4,1.2,1.2,DFO,NG,Y,N,,,,,,,Y,Y,1,1,1,1,1H,1H,Y,,,Y
16518,City of Sabetha - (KS),1320,Sabetha Power Plant,KS,Nemaha,7,OP,Petroleum Liquids,IC,Electric Utility,1,2.2,1.8,1.8,DFO,NG,Y,N,,,,,,,Y,Y,1.5,1.5,1.5,1.5,1H,1H,Y,,,Y
16518,City of Sabetha - (KS),1320,Sabetha Power Plant,KS,Nemaha,8,OP,Petroleum Liquids,IC,Electric Utility,1,2.5,2.1,2.1,DFO,NG,Y,N,,,,,,,Y,Y,1.5,1.5,1.5,1.5,1H,1H,Y,,,Y
16518,City of Sabetha - (KS),1320,Sabetha Power Plant,KS,Nemaha,IC10,OP,Petroleum Liquids,IC,Electric Utility,1,2.5,2.1,2.1,DFO,NG,Y,N,,,,,,,Y,Y,1.5,1.5,1.5,1.5,1H,1H,Y,,,Y
16518,City of Sabetha - (KS),1320,Sabetha Power Plant,KS,Nemaha,IC9,OP,Petroleum Liquids,IC,Electric Utility,1,1.1,1,1,DFO,NG,Y,,,,,,,,Y,Y,1,1,1,1,1H,1H,N,,,
17872,City of St Francis - (KS),1321,St Francis,KS,Cheyenne,2,OP,Petroleum Liquids,IC,Electric Utility,1,1.5,1.5,1.5,DFO,NG,Y,Y,DFO,NG,,,,,Y,Y,1.5,1.5,1.5,1.5,UNK,UNK,N,,,
17872,City of St Francis - (KS),1321,St Francis,KS,Cheyenne,4,OP,Petroleum Liquids,IC,Electric Utility,1,2.7,2.7,2.7,DFO,NG,Y,Y,DFO,NG,,,,,Y,Y,2.7,2.7,2.7,2.7,UNK,UNK,N,,,
17872,City of St Francis - (KS),1321,St Francis,KS,Cheyenne,5,OP,Petroleum Liquids,IC,Electric Utility,1,0.9,0.9,0.9,DFO,NG,Y,Y,DFO,NG,,,,,Y,Y,0.9,0.9,0.9,0.9,UNK,UNK,N,,,
16988,City of Sharon Springs - (KS),1324,Sharon Spring,KS,Wallace,1,OP,Natural Gas Internal Combustion Engine,IC,Electric Utility,1,1.0,0.9,1,NG,DFO,Y,Y,NG,DFO,,,,,Y,Y,1,1,1,1,6H,6H,N,,,
16988,City of Sharon Springs - (KS),1324,Sharon Spring,KS,Wallace,2,OP,Natural Gas Internal Combustion Engine,IC,Electric Utility,1,1.0,1,1,NG,DFO,Y,Y,NG,DFO,,,,,Y,Y,1,1,1,1,6H,6H,N,,,
16988,City of Sharon Springs - (KS),1324,Sharon Spring,KS,Wallace,3,OP,Natural Gas Internal Combustion Engine,IC,Electric Utility,1,0.4,0.4,0.4,NG,DFO,Y,Y,NG,DFO,,,,,Y,Y,0.4,0.4,0.4,0.4,6H,6H,N,,,
16988,City of Sharon Springs - (KS),1324,Sharon Spring,KS,Wallace,4,OP,Natural Gas Internal Combustion Engine,IC,Electric Utility,1,0.6,0.6,0.6,NG,DFO,Y,Y,NG,DFO,,,,,Y,Y,0.6,0.6,0.6,0.6,6H,6H,N,,,
17924,City of Stafford - (KS),1325,Stafford,KS,Stafford,4,OP,Petroleum Liquids,IC,Electric Utility,1,1.4,1.4,1.4,DFO,NG,Y,Y,DFO,NG,,,,,N,, , , , ,,,,,,
17924,City of Stafford - (KS),1325,Stafford,KS,Stafford,5,OP,Petroleum Liquids,IC,Electric Utility,1,1.1,1.1,1.1,DFO,NG,Y,Y,DFO,NG,,,,,N,, , , , ,,,,,,
18086,City of Sterling - (KS),1326,Sterling,KS,Rice,1,OP,Petroleum Liquids,IC,Electric Utility,1,1.5,1.3,1.3,DFO,NG,Y,N,,,,,,,Y,Y,1.3,1.3,1.3,1.3,1H,1H,N,,,
18086,City of Sterling - (KS),1326,Sterling,KS,Rice,2,OP,Petroleum Liquids,IC,Electric Utility,1,0.5,0.4,0.4,DFO,NG,Y,N,,,,,,,Y,Y,0.4,0.4,0.4,0.4,1H,1H,N,,,
18086,City of Sterling - (KS),1326,Sterling,KS,Rice,3,OP,Petroleum Liquids,IC,Electric Utility,1,3.0,2.2,2.2,DFO,NG,Y,N,,,,,,,Y,Y,2.2,2.2,2.2,2.2,1H,1H,N,,,
18086,City of Sterling - (KS),1326,Sterling,KS,Rice,4,OP,Petroleum Liquids,IC,Electric Utility,1,1.1,0.8,0.8,DFO,NG,Y,N,,,,,,,Y,Y,0.8,0.8,0.8,0.8,1H,1H,N,,,
18086,City of Sterling - (KS),1326,Sterling,KS,Rice,5,OP,Petroleum Liquids,IC,Electric Utility,1,1.4,1.2,1.2,DFO,NG,Y,N,,,,,,,Y,Y,1.2,1.2,1.2,1.2,1H,1H,N,,,
18086,City of Sterling - (KS),1326,Sterling,KS,Rice,6,OP,Petroleum Liquids,IC,Electric Utility,1,1.4,1.2,1.2,DFO,NG,Y,N,,,,,,,Y,Y,1.2,1.2,1.2,1.2,1H,1H,N,,,
18086,City of Sterling - (KS),1326,Sterling,KS,Rice,7,OP,Petroleum Liquids,IC,Electric Utility,1,1.4,1.2,1.2,DFO,NG,Y,N,,,,,,,Y,Y,1.2,1.2,1.2,1.2,1H,1H,N,,,
18137,City of Stockton - (KS),1327,Stockton,KS,Rooks,1,OP,Natural Gas Internal Combustion Engine,IC,Electric Utility,1,1.1,0.9,0.9,NG,DFO,Y,Y,NG,DFO,,,,,N,, , , , ,,,,,,
18137,City of Stockton - (KS),1327,Stockton,KS,Rooks,2,OP,Natural Gas Internal Combustion Engine,IC,Electric Utility,1,1.1,0.9,0.9,NG,DFO,Y,Y,NG,DFO,,,,,N,Y, , , , ,,,,,,
18137,City of Stockton - (KS),1327,Stockton,KS,Rooks,3,OP,Natural Gas Internal Combustion Engine,IC,Electric Utility,1,2.0,1.7,1.7,NG,DFO,Y,Y,NG,DFO,,,,,N,, , , , ,,,,,,
18137,City of Stockton - (KS),1327,Stockton,KS,Rooks,4,OP,Natural Gas Internal Combustion Engine,IC,Electric Utility,1,0.5,0.5,0.5,NG,DFO,Y,Y,NG,DFO,,,,,N,, , , , ,,,,,,
18137,City of Stockton - (KS),1327,Stockton,KS,Rooks,5,OP,Natural Gas Internal Combustion Engine,IC,Electric Utility,1,1.3,1,1,NG,DFO,Y,Y,NG,DFO,,,,,N,, , , , ,,,,,,
20069,City of Wamego - (KS),1328,Wamego,KS,Pottawatomie,1,OP,Natural Gas Internal Combustion Engine,IC,Electric Utility,1,1.3,1.3,1.3,NG,DFO,Y,Y,NG,DFO,,,,,Y,Y,1.2,1.25,1.3,1.25,UNK,UNK,Y,,Y,
20069,City of Wamego - (KS),1328,Wamego,KS,Pottawatomie,10,OP,Natural Gas Internal Combustion Engine,IC,Electric Utility,1,3.2,2.9,3.2,NG,DFO,Y,Y,NG,DFO,,,,,Y,Y, , , , ,UNK,UNK,Y,,Y,
20069,City of Wamego - (KS),1328,Wamego,KS,Pottawatomie,3,OP,Natural Gas Internal Combustion Engine,IC,Electric Utility,1,1.3,1.3,1.3,NG,DFO,Y,Y,NG,DFO,,,,,Y,Y,1.2,1.25,1.3,1.25,UNK,UNK,Y,,Y,
20069,City of Wamego - (KS),1328,Wamego,KS,Pottawatomie,4,OP,Natural Gas Internal Combustion Engine,IC,Electric Utility,1,1.1,1.1,1.1,NG,DFO,Y,Y,NG,DFO,,,,,Y,Y,1,1,1.1,1,UNK,UNK,Y,,Y,
20069,City of Wamego - (KS),1328,Wamego,KS,Pottawatomie,5,OP,Natural Gas Internal Combustion Engine,IC,Electric Utility,1,2.0,1.8,2,NG,DFO,Y,Y,NG,DFO,,,,,Y,Y,2,1.9,2,1.9,UNK,UNK,Y,,Y,
20069,City of Wamego - (KS),1328,Wamego,KS,Pottawatomie,6,OP,Natural Gas Internal Combustion Engine,IC,Electric Utility,1,2.4,2.2,2.4,NG,DFO,Y,Y,NG,DFO,,,,,Y,Y,2.3,2.2,2.4,2.2,UNK,UNK,Y,,Y,
20069,City of Wamego - (KS),1328,Wamego,KS,Pottawatomie,7,OP,Natural Gas Internal Combustion Engine,IC,Electric Utility,1,1.3,1.3,1.3,NG,DFO,Y,Y,NG,DFO,,,,,Y,Y,1.2,1.25,1.2,1.25,UNK,UNK,Y,,Y,
20069,City of Wamego - (KS),1328,Wamego,KS,Pottawatomie,8,OP,Natural Gas Internal Combustion Engine,IC,Electric Utility,1,1.3,1.3,1.3,NG,DFO,Y,Y,NG,DFO,,,,,Y,Y,1.2,1.25,1.2,1.25,UNK,UNK,Y,,Y,
20069,City of Wamego - (KS),1328,Wamego,KS,Pottawatomie,9,OP,Natural Gas Internal Combustion Engine,IC,Electric Utility,1,1.3,1.3,1.3,NG,DFO,Y,Y,NG,DFO,,,,,Y,Y,1.2,1.25,1.2,1.25,UNK,UNK,Y,,Y,
10171,Kentucky Utilities Co,1355,E W Brown,KY,Mercer,10,OP,Natural Gas Fired Combustion Turbine,GT,Electric Utility,1,126.0,121,138,NG,DFO,Y,N,,,,,,,Y,Y,121,138,121,138,6H,6H,N,,,
10171,Kentucky Utilities Co,1355,E W Brown,KY,Mercer,11,OP,Natural Gas Fired Combustion Turbine,GT,Electric Utility,1,126.0,121,128,NG,DFO,Y,N,,,,,,,Y,Y,121,128,121,128,6H,6H,N,,,
10171,Kentucky Utilities Co,1355,E W Brown,KY,Mercer,6,OP,Natural Gas Fired Combustion Turbine,GT,Electric Utility,1,176.8,146,171,NG,DFO,Y,N,,,,,,,Y,N,146,171,146,171,72H,72H,N,,,
10171,Kentucky Utilities Co,1355,E W Brown,KY,Mercer,7,OP,Natural Gas Fired Combustion Turbine,GT,Electric Utility,1,176.8,146,171,NG,DFO,Y,N,,,,,,,Y,N,146,171,146,171,72H,72H,N,,,
10171,Kentucky Utilities Co,1355,E W Brown,KY,Mercer,8,OP,Natural Gas Fired Combustion Turbine,GT,Electric Utility,1,126.0,121,128,NG,DFO,Y,N,,,,,,,Y,Y,121,128,121,128,6H,6H,N,,,
10171,Kentucky Utilities Co,1355,E W Brown,KY,Mercer,9,OP,Natural Gas Fired Combustion Turbine,GT,Electric Utility,1,126.0,121,138,NG,DFO,Y,N,,,,,,,Y,Y,121,138,121,138,6H,6H,N,,,
10171,Kentucky Utilities Co,1358,Haefling,KY,Fayette,1,OP,Natural Gas Fired Combustion Turbine,GT,Electric Utility,1,20.7,12,14,NG,DFO,Y,Y,DFO,NG,,,,,Y,Y,12,14,12,14,6H,6H,Y,Y,Y,
10171,Kentucky Utilities Co,1358,Haefling,KY,Fayette,2,OP,Natural Gas Fired Combustion Turbine,GT,Electric Utility,1,20.7,12,14,NG,DFO,Y,Y,DFO,NG,,,,,Y,Y,12,14,12,14,6H,6H,Y,Y,Y,
11249,Louisville Gas & Electric Co,1363,Cane Run,KY,Jefferson,11,OP,Natural Gas Fired Combustion Turbine,GT,Electric Utility,1,16.3,14,14,NG,DFO,Y,N,,,,,,,Y,Y,14,14,14,14,6H,6H,N,,,
14268,City of Owensboro - (KY),1374,Elmer Smith,KY,Daviess,1,OP,Conventional Steam Coal,ST,Electric Utility,1,163.2,137,142.3,BIT,TDF,Y,Y,BIT,TDF,PC,,,,N,, , , , ,,,,,,
14268,City of Owensboro - (KY),1374,Elmer Smith,KY,Daviess,2,OP,Conventional Steam Coal,ST,Electric Utility,1,282.1,262.8,265.5,BIT,PC,Y,Y,BIT,PC,,,,,N,, , , , ,,,,,,
1692,Big Rivers Electric Corp,1382,HMP&L Station Two Henderson,KY,Henderson,1,OP,Conventional Steam Coal,ST,Electric Utility,1,200.0,153,153,BIT,DFO,Y,Y,BIT,PC,,,,,N,, , , , ,,,,,,
1692,Big Rivers Electric Corp,1382,HMP&L Station Two Henderson,KY,Henderson,2,OP,Conventional Steam Coal,ST,Electric Utility,1,205.0,159,159,BIT,DFO,Y,Y,BIT,PC,,,,,N,, , , , ,,,,,,
1692,Big Rivers Electric Corp,1383,Robert A Reid,KY,Webster,GEN2,OP,Natural Gas Fired Combustion Turbine,GT,Electric Utility,1,98.8,58,65,NG,DFO,Y,N,,,,,,,Y,Y,65,65,65,65,6H,1H,Y,Y,,Y
11241,Entergy Louisiana LLC,1394,Willow Glen,LA,Iberville,4,OS,Natural Gas Steam Turbine,ST,Electric Utility,1,591.8,482,490,NG,RFO,Y,Y,RFO,DFO,NG,,,,N,, , , , ,,,,,,
11241,Entergy Louisiana LLC,1401,Buras,LA,Plaquemines,8,OP,Natural Gas Fired Combustion Turbine,GT,Electric Utility,1,20.7,11,12,NG,DFO,Y,Y,NG,DFO,,,,,Y,Y,12,12,12,12,1H,1H,N,,,
11241,Entergy Louisiana LLC,1402,Little Gypsy,LA,St Charles,2,OP,Natural Gas Steam Turbine,ST,Electric Utility,1,420.7,411.7,419.4,NG,DFO,Y,Y,NG,DFO,,,,,Y,Y,415,410,332,327,24H,24H,Y,Y,Y,
11241,Entergy Louisiana LLC,1403,Nine Mile Point,LA,Jefferson,5,OP,Natural Gas Steam Turbine,ST,Electric Utility,1,895.1,761.2,761.2,NG,DFO,Y,Y,NG,DFO,,,,,Y,Y,740,731,500,280,24H,UNK,N,,,
11241,Entergy Louisiana LLC,1403,Nine Mile Point,LA,Jefferson,6(4),OP,Natural Gas Steam Turbine,ST,Electric Utility,1,895.1,560.2,608,NG,DFO,Y,Y,NG,DFO,,,,,Y,Y,730,715,500,280,24H,UNK,N,,,
11241,Entergy Louisiana LLC,1403,Nine Mile Point,LA,Jefferson,6A,OP,Natural Gas Fired Combined Cycle,CT,Electric Utility,1,194.7, , ,NG,DFO,Y,N,,,,,,,Y,Y,561,620,520,580,1H,6H,Y,,Y,
11241,Entergy Louisiana LLC,1403,Nine Mile Point,LA,Jefferson,6B,OP,Natural Gas Fired Combined Cycle,CT,Electric Utility,1,194.7, , ,NG,DFO,Y,,,,,,,,Y,Y,175,183,178.5,186.6,1H,1H,N,,,
11241,Entergy Louisiana LLC,1404,Sterlington,LA,Ouachita,7A,OP,Natural Gas Fired Combined Cycle,CT,Electric Utility,1,59.3,53.3,59.2,NG,DFO,Y,Y,DFO,NG,,,,,Y,Y,47,135,48,135,1H,1H,Y,,,Y
11241,Entergy Louisiana LLC,1404,Sterlington,LA,Ouachita,7B,OS,Natural Gas Fired Combined Cycle,CT,Electric Utility,1,66.0,44,55,NG,DFO,Y,Y,DFO,NG,,,,,Y,Y,47,135,48,135,1H,1H,Y,,,Y
17698,Southwestern Electric Power Co,1417,Lieberman,LA,Caddo,3,OP,Natural Gas Steam Turbine,ST,Electric Utility,1,114.0,109,109,NG,RFO,Y,Y,NG,DFO,,,,,Y,Y,109,109,109,109,6H,6H,Y,Y,Y,
17698,Southwestern Electric Power Co,1417,Lieberman,LA,Caddo,4,OP,Natural Gas Steam Turbine,ST,Electric Utility,1,114.0,108,108,NG,RFO,Y,Y,NG,DFO,,,,,Y,Y,108,108,108,108,6H,6H,Y,Y,Y,
13483,City of New Roads - (LA),1453,New Roads,LA,Pointe Coupee,1,OP,Natural Gas Internal Combustion Engine,IC,Electric Utility,1,2.3,1.8,1.8,NG,DFO,Y,Y,NG,DFO,,,,,Y,Y,1.8,1.8,1.8,1.8,1H,1H,Y,,,Y
13483,City of New Roads - (LA),1453,New Roads,LA,Pointe Coupee,2,OP,Natural Gas Internal Combustion Engine,IC,Electric Utility,1,0.6,0.6,0.6,NG,DFO,Y,Y,NG,DFO,,,,,Y,Y,0.6,0.6,0.6,0.6,1H,1H,Y,,,Y
13483,City of New Roads - (LA),1453,New Roads,LA,Pointe Coupee,3,OP,Natural Gas Internal Combustion Engine,IC,Electric Utility,1,1.1,0.7,0.7,NG,DFO,Y,Y,NG,DFO,,,,,Y,Y,0.7,0.7,0.7,0.7,1H,1H,Y,,,Y
13483,City of New Roads - (LA),1453,New Roads,LA,Pointe Coupee,4,OP,Natural Gas Internal Combustion Engine,IC,Electric Utility,1,1.7,1.2,1.2,NG,DFO,Y,Y,NG,DFO,,,,,Y,Y,1.2,1.2,1.2,1.2,1H,1H,Y,,,Y
13483,City of New Roads - (LA),1453,New Roads,LA,Pointe Coupee,5,OP,Natural Gas Internal Combustion Engine,IC,Electric Utility,1,1.7,1.2,1.2,NG,DFO,Y,Y,NG,DFO,,,,,Y,Y,1.2,1.2,1.2,1.2,1H,1H,Y,,,Y
13483,City of New Roads - (LA),1453,New Roads,LA,Pointe Coupee,6,OP,Natural Gas Internal Combustion Engine,IC,Electric Utility,1,2.0,1.5,1.5,NG,DFO,Y,Y,NG,DFO,,,,,Y,Y,1.5,1.5,1.5,1.5,1H,1H,Y,,,Y
60415,"CP Crane Power, LLC",1552,"CP Crane Power, LLC",MD,Baltimore,1,OP,Conventional Steam Coal,ST,IPP Non-CHP,2,190.4,190,190,SUB,BIT,Y,Y,SUB,BIT,,,,,N,, , , , ,,,,,,
60415,"CP Crane Power, LLC",1552,"CP Crane Power, LLC",MD,Baltimore,2,OP,Conventional Steam Coal,ST,IPP Non-CHP,2,209.4,195,195,SUB,BIT,Y,Y,SUB,BIT,,,,,N,, , , , ,,,,,,
60422,H.A. Wagner LLC,1554,Herbert A Wagner,MD,Anne Arundel,1,OP,Natural Gas Steam Turbine,ST,IPP Non-CHP,2,132.8,126,126,NG,RFO,Y,N,,,,,,,Y,Y,126,126,126,126,72H,72H,Y,,Y,
4161,Constellation Power Source Gen,1556,Perryman,MD,Harford,GT6,OP,Natural Gas Fired Combustion Turbine,GT,IPP Non-CHP,2,141.0,109.8,131,NG,DFO,Y,N,,,,,,,Y,Y,109,115,109,120,1H,1H,Y,,Y,
12628,NRG Chalk Point LLC,1571,Chalk Point LLC,MD,Prince Georges,GT3,OP,Natural Gas Fired Combustion Turbine,GT,IPP Non-CHP,2,103.0,73,92,NG,DFO,Y,N,,,,,,,Y,Y,86,86,86,86,1H,1H,Y,,Y,
12628,NRG Chalk Point LLC,1571,Chalk Point LLC,MD,Prince Georges,GT4,OP,Natural Gas Fired Combustion Turbine,GT,IPP Non-CHP,2,103.0,73,92,NG,DFO,Y,N,,,,,,,Y,Y,86,86,86,86,1H,1H,Y,,Y,
12628,NRG Chalk Point LLC,1571,Chalk Point LLC,MD,Prince Georges,GT6,OP,Natural Gas Fired Combustion Turbine,GT,IPP Non-CHP,2,125.0,81,107,NG,DFO,Y,N,,,,,,,Y,Y,109,109,109,109,1H,1H,Y,,Y,
12628,NRG Chalk Point LLC,1571,Chalk Point LLC,MD,Prince Georges,SGT1,OP,Natural Gas Fired Combustion Turbine,GT,IPP Non-CHP,2,94.0,71,90,NG,DFO,Y,N,,,,,,,Y,Y,84,109,84,109,1H,1H,Y,,Y,
12628,NRG Chalk Point LLC,1571,Chalk Point LLC,MD,Prince Georges,ST1,OP,Conventional Steam Coal,ST,IPP Non-CHP,2,364.0,331,331,BIT,NG,Y,Y,DFO,NG,,,,,N,, , , , ,,,,,,
12628,NRG Chalk Point LLC,1571,Chalk Point LLC,MD,Prince Georges,ST2,OP,Conventional Steam Coal,ST,IPP Non-CHP,2,364.0,336,337,BIT,NG,Y,Y,DFO,NG,,,,,N,, , , , ,,,,,,
12653,GenOn Mid-Atlantic LLC,1572,Dickerson,MD,Montgomery,2,OP,Conventional Steam Coal,ST,IPP Non-CHP,2,196.0,173,173,BIT,DFO,Y,Y,BIT,DFO,,,,,,, , , , ,,,,,,
12653,GenOn Mid-Atlantic LLC,1572,Dickerson,MD,Montgomery,3,OP,Conventional Steam Coal,ST,IPP Non-CHP,2,196.0,173,173,BIT,DFO,Y,Y,BIT,DFO,,,,,,, , , , ,,,,,,
12653,GenOn Mid-Atlantic LLC,1572,Dickerson,MD,Montgomery,GT2,OP,Natural Gas Fired Combustion Turbine,GT,IPP Non-CHP,2,163.0,147,167,NG,DFO,Y,N,,,,,,,Y,Y,147,167,147,163,1H,1H,N,,,
12653,GenOn Mid-Atlantic LLC,1572,Dickerson,MD,Montgomery,GT3,OP,Natural Gas Fired Combustion Turbine,GT,IPP Non-CHP,2,163.0,147,167,NG,DFO,Y,N,,,,,,,Y,Y,147,167,147,163,1H,1H,N,,,
12653,GenOn Mid-Atlantic LLC,1572,Dickerson,MD,Montgomery,ST1,OP,Conventional Steam Coal,ST,IPP Non-CHP,2,196.0,173,173,BIT,DFO,Y,Y,BIT,DFO,,,,,,, , , , ,,,,,,
49965,Constellation Mystic Power LLC,1588,Mystic Generating Station,MA,Middlesex,7,OP,Petroleum Liquids,ST,IPP Non-CHP,2,617.0,570.8,559.8,RFO,NG,Y,Y,RFO,NG,,,,,Y,Y,575.5,559.3,575.5,559.3,6H,6H,Y,Y,,
59528,Veolia - Kendall Green Energy,1595,Kendall Square Station,MA,Middlesex,GEN4,OP,Natural Gas Fired Combined Cycle,CT,IPP CHP,3,186.2,160.5,187.4,NG,DFO,Y,N,,,,,,,Y,Y,160.5,187.4,160.5,187.4,1H,6H,Y,Y,Y,
21461,NRG Canal LLC,1599,Canal,MA,Barnstable,2,OP,Petroleum Liquids,ST,IPP Non-CHP,2,580.0,553,562,RFO,NG,Y,Y,RFO,NG,,,,,Y,N,340,340,553,562,1H,1H,Y,,,Y
58534,Brayton Point Energy LLC,1619,Brayton Point,MA,Bristol,1,OP,Conventional Steam Coal,ST,IPP Non-CHP,2,241.0,225.2,233.2,BIT,NG,Y,Y,BIT,NG,,,,,N,, , , , ,,,,,,
58534,Brayton Point Energy LLC,1619,Brayton Point,MA,Bristol,2,OP,Conventional Steam Coal,ST,IPP Non-CHP,2,241.0,237.8,236.9,BIT,NG,Y,Y,BIT,NG,,,,,N,, , , , ,,,,,,
58534,Brayton Point Energy LLC,1619,Brayton Point,MA,Bristol,3,OP,Conventional Steam Coal,ST,IPP Non-CHP,2,642.6,575,584.9,BIT,NG,Y,Y,BIT,NG,,,,,N,, , , , ,,,,,,
58534,Brayton Point Energy LLC,1619,Brayton Point,MA,Bristol,4,OP,Petroleum Liquids,ST,IPP Non-CHP,2,475.5,435,432.7,RFO,NG,Y,Y,RFO,NG,,,,,Y,Y,435,445,435,445,1H,1H,N,,,
56401,NAEA Energy Massachusetts LLC,1642,Essential Power Massachusetts LLC,MA,Hampden,3,OP,Natural Gas Steam Turbine,ST,IPP Non-CHP,2,113.6,94.3,100.1,NG,RFO,Y,Y,NG,RFO,,,,,Y,Y,95,101,95,101,6H,6H,N,,,
56401,NAEA Energy Massachusetts LLC,1642,Essential Power Massachusetts LLC,MA,Hampden,GT-1,OP,Natural Gas Fired Combustion Turbine,GT,IPP Non-CHP,2,60.0,38.7,48,NG,DFO,Y,N,,,,,,,Y,Y,38,45,38,45,1H,1H,N,,,
56401,NAEA Energy Massachusetts LLC,1642,Essential Power Massachusetts LLC,MA,Hampden,GT-2,OP,Natural Gas Fired Combustion Turbine,GT,IPP Non-CHP,2,60.0,37.4,47.4,NG,DFO,Y,N,,,,,,,Y,Y,38,45,38,45,1H,1H,N,,,
2144,Town of Braintree - (MA),1660,Potter Station 2,MA,Norfolk,CC2,OP,Natural Gas Fired Combined Cycle,CT,Electric Utility,1,76.0,62.6,77.6,NG,DFO,Y,N,NG,DFO,,,,,Y,Y,62.6,77.6,62.6,77.6,6H,6H,Y,,Y,
2144,Town of Braintree - (MA),1660,Potter Station 2,MA,Norfolk,WAT1,OP,Natural Gas Fired Combustion Turbine,GT,Electric Utility,1,58.0,52.6,57.4,NG,DFO,Y,Y,NG,DFO,,,,,Y,Y,58,58,58,58,1H,1H,N,,,
2144,Town of Braintree - (MA),1660,Potter Station 2,MA,Norfolk,WAT2,OP,Natural Gas Fired Combustion Turbine,GT,Electric Utility,1,58.0,52.6,57.4,NG,DFO,Y,Y,NG,DFO,,,,,Y,Y,58,58,58,58,1H,1H,N,,,
9442,Town of Ipswich - (MA),1670,High Street Station,MA,Essex,1,SB,Natural Gas Internal Combustion Engine,IC,Electric Utility,1,1.2,1.2,1.3,NG,DFO,Y,N,,,,,,,Y,Y,1.2,1.2,1.2,1.2,1H,1H,N,,,
9442,Town of Ipswich - (MA),1670,High Street Station,MA,Essex,10,OP,Natural Gas Internal Combustion Engine,IC,Electric Utility,1,1.2,1.2,1.3,NG,DFO,Y,N,,,,,,,Y,Y,1.2,1.2,1.2,1.2,1H,1H,N,,,
9442,Town of Ipswich - (MA),1670,High Street Station,MA,Essex,11,OP,Natural Gas Internal Combustion Engine,IC,Electric Utility,1,1.2,1.2,1.1,NG,DFO,Y,N,,,,,,,Y,Y,1.2,1.2,1.2,1.2,1H,1H,N,,,
9442,Town of Ipswich - (MA),1670,High Street Station,MA,Essex,12,OP,Natural Gas Internal Combustion Engine,IC,Electric Utility,1,1.2,1.2,1.3,NG,DFO,Y,N,,,,,,,Y,Y,1.2,1.2,1.2,1.2,1H,1H,N,,,
9442,Town of Ipswich - (MA),1670,High Street Station,MA,Essex,2,OP,Natural Gas Internal Combustion Engine,IC,Electric Utility,1,1.3,1.3,1.3,NG,DFO,Y,N,,,,,,,Y,Y,1.3,1.3,1.3,1.3,1H,1H,Y,,Y,
9442,Town of Ipswich - (MA),1670,High Street Station,MA,Essex,6,OP,Natural Gas Internal Combustion Engine,IC,Electric Utility,1,1.1,1.2,1.2,NG,DFO,Y,N,,,,,,,Y,Y,1.2,1.2,1.2,1.2,1H,1H,Y,,Y,
9442,Town of Ipswich - (MA),1670,High Street Station,MA,Essex,9,OP,Natural Gas Internal Combustion Engine,IC,Electric Utility,1,1.3,1.3,1.3,NG,DFO,Y,N,,,,,,,Y,Y,1.3,1.3,1.3,1.3,1H,1H,Y,,Y,
14605,City of Peabody - (MA),1678,Waters River,MA,Essex,1,OP,Natural Gas Fired Combustion Turbine,GT,Electric Utility,1,21.3,16.1,22.1,NG,DFO,Y,N,,,,,,,Y,Y,16.05,22.1,16.05,22.1,1H,1H,Y,Y,Y,
14605,City of Peabody - (MA),1678,Waters River,MA,Essex,2,OP,Natural Gas Fired Combustion Turbine,GT,Electric Utility,1,43.6,30.5,45.8,NG,DFO,Y,N,,,,,,,Y,Y,30.51,45.8,30.51,45.8,1H,1H,Y,Y,Y,
18488,City of Taunton,1682,Cleary Flood,MA,Bristol,9A,OP,Natural Gas Fired Combined Cycle,CT,Electric Utility,1,23.0,18,21.4,NG,DFO,Y,Y,DFO,NG,,,,,Y,N,18,21.4,18,21.4,1H,1H,N,,,
18488,City of Taunton,1682,Cleary Flood,MA,Bristol,CA9,OP,Natural Gas Fired Combined Cycle,CA,Electric Utility,1,95.0,87,85,NG,DFO,Y,Y,DFO,NG,,,,,Y,Y,85,87,85,87,1H,1H,N,,,
4254,Consumers Energy Co,1702,Dan E Karn,MI,Bay,1A,OP,Conventional Steam Coal,ST,Electric Utility,1,136.0,128,128,SUB,BIT,Y,Y,BIT,RFO,,,,,,, , , , ,,,,,,
4254,Consumers Energy Co,1702,Dan E Karn,MI,Bay,1B,OP,Conventional Steam Coal,ST,Electric Utility,1,136.0,127,127,SUB,BIT,Y,Y,BIT,RFO,,,,,,, , , , ,,,,,,
4254,Consumers Energy Co,1702,Dan E Karn,MI,Bay,2A,OP,Conventional Steam Coal,ST,Electric Utility,1,136.0,130,130,SUB,BIT,Y,Y,BIT,RFO,,,,,,, , , , ,,,,,,
4254,Consumers Energy Co,1702,Dan E Karn,MI,Bay,2B,OP,Conventional Steam Coal,ST,Electric Utility,1,136.0,130,130,SUB,BIT,Y,Y,BIT,RFO,,,,,,, , , , ,,,,,,
4254,Consumers Energy Co,1702,Dan E Karn,MI,Bay,3,OP,Natural Gas Steam Turbine,ST,Electric Utility,1,692.5,392,393,NG,RFO,Y,Y,NG,RFO,,,,,Y,Y,600,606,638,638,6H,6H,Y,Y,,
4254,Consumers Energy Co,1702,Dan E Karn,MI,Bay,4,OP,Natural Gas Steam Turbine,ST,Electric Utility,1,709.8,608,612,NG,RFO,Y,Y,NG,RFO,,,,,Y,Y,551,557,638,638,6H,6H,Y,Y,,
5109,DTE Electric Company,1733,Monroe (MI),MI,Monroe,1,OP,Conventional Steam Coal,ST,Electric Utility,1,817.2,758,758,RC,SUB,Y,Y,SUB,BIT,DFO,PC,,,N,, , , , ,,,,,,
5109,DTE Electric Company,1733,Monroe (MI),MI,Monroe,2,OP,Conventional Steam Coal,ST,Electric Utility,1,822.6,773,783,RC,SUB,Y,Y,SUB,BIT,DFO,PC,,,N,, , , , ,,,,,,
5109,DTE Electric Company,1733,Monroe (MI),MI,Monroe,3,OP,Conventional Steam Coal,ST,Electric Utility,1,822.6,773,783,RC,SUB,Y,Y,SUB,BIT,DFO,PC,,,N,, , , , ,,,,,,
5109,DTE Electric Company,1733,Monroe (MI),MI,Monroe,4,OP,Conventional Steam Coal,ST,Electric Utility,1,817.2,762,762,RC,SUB,Y,Y,SUB,BIT,DFO,PC,,,N,, , , , ,,,,,,
5109,DTE Electric Company,1734,Northeast (MI),MI,Macomb,5,OP,Natural Gas Fired Combustion Turbine,GT,Electric Utility,1,23.4,18,24,NG,DFO,Y,N,,,,,,,Y,N,17,24,17,24,UNK,UNK,N,,,
5109,DTE Electric Company,1740,River Rouge,MI,Wayne,3,OP,Conventional Steam Coal,ST,Electric Utility,1,358.1,272,280,SUB,BIT,Y,Y,SUB,BIT,NG,OG,BFG,,N,, , , , ,,,,,,
5109,DTE Electric Company,1743,St Clair,MI,St Clair,1,OP,Conventional Steam Coal,ST,Electric Utility,1,168.7,151,158,RC,SUB,Y,Y,SUB,BIT,DFO,RFO,WO,,N,, , , , ,,,,,,
5109,DTE Electric Company,1743,St Clair,MI,St Clair,2,OP,Conventional Steam Coal,ST,Electric Utility,1,156.2,154,162,RC,SUB,Y,Y,SUB,BIT,DFO,RFO,WO,,N,, , , , ,,,,,,
5109,DTE Electric Company,1743,St Clair,MI,St Clair,3,OP,Conventional Steam Coal,ST,Electric Utility,1,156.2,160,168,RC,SUB,Y,Y,SUB,BIT,DFO,RFO,WO,,N,, , , , ,,,,,,
5109,DTE Electric Company,1743,St Clair,MI,St Clair,4,OP,Conventional Steam Coal,ST,Electric Utility,1,168.7,151,158,RC,SUB,Y,Y,SUB,BIT,DFO,RFO,WO,,N,, , , , ,,,,,,
5109,DTE Electric Company,1743,St Clair,MI,St Clair,6,OP,Conventional Steam Coal,ST,Electric Utility,1,352.7,311,320,RC,SUB,Y,Y,SUB,BIT,NG,,,,N,, , , , ,,,,,,
5109,DTE Electric Company,1743,St Clair,MI,St Clair,7,OP,Conventional Steam Coal,ST,Electric Utility,1,544.5,440,450,RC,SUB,Y,Y,SUB,BIT,DFO,,,,N,, , , , ,,,,,,
5109,DTE Electric Company,1745,Trenton Channel,MI,Wayne,9,OP,Conventional Steam Coal,ST,Electric Utility,1,535.5,520,520,SUB,BIT,Y,Y,SUB,BIT,DFO,OTH,,,N,, , , , ,,,,,,
56133,L'Anse Warden Electric Company LLC,1772,John H Warden,MI,Baraga,1,OP,Wood/Wood Waste Biomass,ST,IPP Non-CHP,2,18.7,17.7,17.7,WDS,TDF,Y,Y,WDS,TDF,NG,,,,N,, , , , ,,,,,,
3813,Village of Clinton - (MI),1818,Clinton,MI,Lenawee,6,OP,Petroleum Liquids,IC,Electric Utility,1,2.0,2,2,DFO,NG,N,Y,DFO,NG,,,,,Y,Y,0.64,2,0.64,2,UNK,UNK,Y,,,Y
8205,City of Hart Hydro - (MI),1827,Hart,MI,Oceana,4,OP,Natural Gas Internal Combustion Engine,IC,Electric Utility,1,1.4,1.4,1.4,NG,DFO,Y,N,,,,,,,Y,Y,1.1,1.1,1.1,1.1,1H,1H,N,,,
8205,City of Hart Hydro - (MI),1827,Hart,MI,Oceana,IC1,OP,Petroleum Liquids,IC,Electric Utility,1,1.7,1.7,1.7,DFO,NG,Y,N,,,,,,,Y,Y,1.3,1.3,1.3,1.3,1H,1H,N,,,
8205,City of Hart Hydro - (MI),1827,Hart,MI,Oceana,IC3,OP,Petroleum Liquids,IC,Electric Utility,1,2.0,2,2,DFO,NG,Y,N,,,,,,,Y,Y,2,2,2,2,1H,1H,N,,,
8631,Hillsdale Board of Public Wks,1829,Hillsdale,MI,Hillsdale,3,OP,Natural Gas Internal Combustion Engine,IC,Electric Utility,1,3.5,2.4,2.4,NG,DFO,Y,N,,,,,,,Y,Y,2.4,2.4,2.4,2.4,1H,1H,Y,Y,,
8631,Hillsdale Board of Public Wks,1829,Hillsdale,MI,Hillsdale,4,OP,Natural Gas Internal Combustion Engine,IC,Electric Utility,1,4.1,3.7,3.7,NG,DFO,Y,N,,,,,,,Y,Y,3.7,3.7,3.7,3.7,1H,1H,Y,Y,,
8631,Hillsdale Board of Public Wks,1829,Hillsdale,MI,Hillsdale,5,OP,Natural Gas Internal Combustion Engine,IC,Electric Utility,1,5.6,5.6,5.6,NG,DFO,Y,N,,,,,,,Y,Y,5.6,5.6,5.6,5.6,1H,1H,Y,Y,,
8631,Hillsdale Board of Public Wks,1829,Hillsdale,MI,Hillsdale,6,OP,Natural Gas Internal Combustion Engine,IC,Electric Utility,1,6.0,6,6,NG,DFO,Y,N,,,,,,,Y,Y,6,6,6,6,1H,1H,Y,Y,,
11701,City of Marquette - (MI),1843,Shiras,MI,Marquette,2,OP,Conventional Steam Coal,ST,Electric Utility,1,21.0,19.5,19.5,BIT,WDS,Y,Y,BIT,WDS,,,,,N,, , , , ,,,,,,
11713,City of Marshall - (MI),1844,Marshall (MI),MI,Calhoun,IC2,OS,Natural Gas Internal Combustion Engine,IC,Electric Utility,1,1.1,0.9,0.9,NG,DFO,Y,N,,,,,,,Y,Y,0.9,0.9,0.9,0.9,1H,1H,N,,,
11713,City of Marshall - (MI),1844,Marshall (MI),MI,Calhoun,IC3,OP,Natural Gas Internal Combustion Engine,IC,Electric Utility,1,2.1,1.9,1.9,NG,DFO,Y,N,,,,,,,Y,Y,1.8,1.8,1.8,1.8,1H,1H,N,,,
11713,City of Marshall - (MI),1844,Marshall (MI),MI,Calhoun,IC5,OP,Natural Gas Internal Combustion Engine,IC,Electric Utility,1,1.7,1.4,1.4,NG,DFO,Y,N,,,,,,,Y,Y,1.4,1.4,1.4,1.4,1H,1H,N,,,
11713,City of Marshall - (MI),1844,Marshall (MI),MI,Calhoun,IC6,OP,Natural Gas Internal Combustion Engine,IC,Electric Utility,1,5.7,5.6,5.6,NG,DFO,Y,N,,,,,,,Y,Y,5.7,5.7,5.7,5.7,1H,1H,N,,,
15246,City of Portland - (MI),1851,Frank Jenkins,MI,Ionia,5,SB,Petroleum Liquids,IC,Electric Utility,1,2.0,1.7,1.7,DFO,NG,Y,Y,DFO,NG,,,,,Y,Y,1.7,1.7,2,2,1H,1H,Y,Y,,
15246,City of Portland - (MI),1851,Frank Jenkins,MI,Ionia,6,SB,Petroleum Liquids,IC,Electric Utility,1,1.0,1,1,DFO,NG,Y,Y,DFO,NG,,,,,Y,Y,0.9,0.9,1,0.9,1H,1H,Y,Y,,
17886,City of St Louis - (MI),1852,St Louis,MI,Gratiot,1,SB,Petroleum Liquids,IC,Electric Utility,1,1.3,1.3,1.3,DFO,NG,Y,N,,,,,,,Y,Y,1.3,1.3,1.3,1.3,1H,1H,N,,,
17886,City of St Louis - (MI),1852,St Louis,MI,Gratiot,7,SB,Petroleum Liquids,IC,Electric Utility,1,1.1,1.1,1.1,DFO,NG,Y,N,,,,,,,Y,Y,1.1,1.1,1.1,1.1,1H,1H,N,,,
18252,City of Sturgis,1855,Sturgis City  Diesel Plant,MI,St Joseph,6,OP,Natural Gas Internal Combustion Engine,IC,Electric Utility,1,6.0,6,6,NG,DFO,Y,Y,NG,DFO,,,,,Y,Y,6,6,6,6,1H,1H,Y,Y,,
21158,City of Zeeland - (MI),1867,Zeeland,MI,Ottawa,1,OP,Natural Gas Internal Combustion Engine,IC,Electric Utility,1,1.4,1.5,1.5,NG,DFO,Y,N,,,,,,,Y,Y,1.4,1.4,1.4,1.4,1H,1H,N,,,
21158,City of Zeeland - (MI),1867,Zeeland,MI,Ottawa,10,OP,Natural Gas Internal Combustion Engine,IC,Electric Utility,1,5.6,6,6.2,NG,DFO,Y,N,,,,,,,Y,Y,5.6,5.6,5.6,5.6,1H,1H,N,,,
21158,City of Zeeland - (MI),1867,Zeeland,MI,Ottawa,11,OP,Natural Gas Internal Combustion Engine,IC,Electric Utility,1,6.0,6.4,6.6,NG,DFO,Y,N,,,,,,,Y,Y,6,6,6,6,1H,1H,N,,,
21158,City of Zeeland - (MI),1867,Zeeland,MI,Ottawa,2,OP,Natural Gas Internal Combustion Engine,IC,Electric Utility,1,1.1,1.2,1.2,NG,DFO,Y,N,,,,,,,Y,Y,1.1,1.1,1.1,1.1,1H,1H,N,,,
21158,City of Zeeland - (MI),1867,Zeeland,MI,Ottawa,7,OP,Natural Gas Internal Combustion Engine,IC,Electric Utility,1,2.0,2,2,NG,DFO,Y,N,,,,,,,Y,Y,2,2,2,2,1H,1H,N,,,
21158,City of Zeeland - (MI),1867,Zeeland,MI,Ottawa,8,OP,Natural Gas Internal Combustion Engine,IC,Electric Utility,1,1.7,1.5,1.5,NG,DFO,Y,N,,,,,,,Y,Y,1.7,1.7,1.7,1.7,1H,1H,N,,,
21158,City of Zeeland - (MI),1867,Zeeland,MI,Ottawa,9,OP,Natural Gas Internal Combustion Engine,IC,Electric Utility,1,4.5,5,5,NG,DFO,Y,N,,,,,,,Y,Y,4.5,4.5,4.5,4.5,1H,1H,N,,,
18895,Thumb Electric Coop of Mich,1875,Ubly,MI,Huron,6,OP,Petroleum Liquids,IC,Electric Utility,1,1.5,1.5,1.5,DFO,NG,Y,,,,,,,,Y,Y,1,1,1,1,1H,1H,N,,,
18895,Thumb Electric Coop of Mich,1875,Ubly,MI,Huron,8,OP,Petroleum Liquids,IC,Electric Utility,1,2.5,2.5,2.5,DFO,NG,Y,N,,,,,,,Y,Y,1,1,1,1,1H,1H,N,,,
18895,Thumb Electric Coop of Mich,1875,Ubly,MI,Huron,9,OP,Petroleum Liquids,IC,Electric Utility,1,1.5,1.5,1.5,DFO,NG,Y,N,,,,,,,Y,Y,1,1,1,1,1H,1H,N,,,
20910,Wolverine Power Supply Coop,1881,Vestaburg,MI,Montcalm,8,OP,Natural Gas Fired Combustion Turbine,GT,Electric Utility,1,23.7,18.5,25.5,NG,DFO,Y,Y,NG,DFO,,,,,Y,Y,18.5,25.5,18.5,25.5,1H,1H,N,,,
12647,"ALLETE, Inc.",1897,M L Hibbard,MN,St Louis,3,OP,Wood/Wood Waste Biomass,ST,Commercial CHP,5,35.3,26.1,26.1,WDS,SUB,N,Y,WDS,SUB,NG,,,,N,, , , , ,,,,,,
12647,"ALLETE, Inc.",1897,M L Hibbard,MN,St Louis,4,OP,Wood/Wood Waste Biomass,ST,Commercial CHP,5,37.5,33.7,33.7,WDS,SUB,N,Y,WDS,SUB,,,,,N,, , , , ,,,,,,
13781,Northern States Power Co - Minnesota,1910,Granite City,MN,Benton,1,OP,Natural Gas Fired Combustion Turbine,GT,Electric Utility,1,18.0,13,16,NG,DFO,Y,N,NG,DFO,,,,,Y,Y,13,16,13,16,1H,1H,N,,,
13781,Northern States Power Co - Minnesota,1910,Granite City,MN,Benton,2,OP,Natural Gas Fired Combustion Turbine,GT,Electric Utility,1,18.0,13,16,NG,DFO,Y,N,NG,DFO,,,,,Y,Y,13,16,13,16,1H,1H,N,,,
13781,Northern States Power Co - Minnesota,1910,Granite City,MN,Benton,3,OP,Natural Gas Fired Combustion Turbine,GT,Electric Utility,1,18.0,13,16,NG,DFO,Y,N,NG,DFO,,,,,Y,Y,13,16,13,16,1H,1H,N,,,
13781,Northern States Power Co - Minnesota,1910,Granite City,MN,Benton,4,OP,Natural Gas Fired Combustion Turbine,GT,Electric Utility,1,18.0,13,16,NG,DFO,Y,N,NG,DFO,,,,,Y,Y,13,16,13,16,1H,1H,N,,,
13781,Northern States Power Co - Minnesota,1913,Inver Hills,MN,Dakota,1,OP,Natural Gas Fired Combustion Turbine,GT,Electric Utility,1,46.8,47,62,NG,DFO,Y,Y,NG,DFO,,,,,Y,Y,47,62,47,62,1H,1H,N,,,
13781,Northern States Power Co - Minnesota,1913,Inver Hills,MN,Dakota,2,OP,Natural Gas Fired Combustion Turbine,GT,Electric Utility,1,46.8,47,62,NG,DFO,Y,Y,NG,DFO,,,,,Y,Y,47,62,47,62,1H,1H,N,,,
13781,Northern States Power Co - Minnesota,1913,Inver Hills,MN,Dakota,3,OP,Natural Gas Fired Combustion Turbine,GT,Electric Utility,1,46.8,47,62,NG,DFO,Y,Y,NG,DFO,,,,,Y,Y,47,62,47,62,1H,1H,N,,,
13781,Northern States Power Co - Minnesota,1913,Inver Hills,MN,Dakota,4,OP,Natural Gas Fired Combustion Turbine,GT,Electric Utility,1,46.8,47,62,NG,DFO,Y,Y,NG,DFO,,,,,Y,Y,47,62,47,62,1H,1H,N,,,
13781,Northern States Power Co - Minnesota,1913,Inver Hills,MN,Dakota,5,OP,Natural Gas Fired Combustion Turbine,GT,Electric Utility,1,46.8,47,61,NG,DFO,Y,Y,NG,DFO,,,,,Y,Y,47,62,47,62,1H,1H,N,,,
13781,Northern States Power Co - Minnesota,1913,Inver Hills,MN,Dakota,6,OP,Natural Gas Fired Combustion Turbine,GT,Electric Utility,1,46.8,47,62,NG,DFO,Y,Y,NG,DFO,,,,,Y,Y,47,62,47,62,1H,1H,N,,,
13781,Northern States Power Co - Minnesota,1926,Red Wing,MN,Goodhue,1,OP,Municipal Solid Waste,ST,Electric Utility,1,11.5,9,9,MSW,NG,Y,Y,MSW,NG,WDS,,,,N,, , , , ,,,,,,
13781,Northern States Power Co - Minnesota,1926,Red Wing,MN,Goodhue,2,OP,Municipal Solid Waste,ST,Electric Utility,1,11.5,9,9,MSW,NG,Y,Y,MSW,NG,WDS,,,,N,, , , , ,,,,,,
13781,Northern States Power Co - Minnesota,1934,Wilmarth,MN,Blue Earth,1,OP,Municipal Solid Waste,ST,Electric Utility,1,12.5,9,9,MSW,NG,Y,Y,MSW,NG,WDS,,,,N,, , , , ,,,,,,
13781,Northern States Power Co - Minnesota,1934,Wilmarth,MN,Blue Earth,2,OP,Municipal Solid Waste,ST,Electric Utility,1,12.5,9,9,MSW,NG,Y,Y,MSW,NG,WDS,,,,N,, , , , ,,,,,,
40580,Southern Minnesota Mun P Agny,1973,Fairmont (MN),MN,Martin,6,OP,Petroleum Liquids,IC,Electric Utility,1,6.5,6,6,DFO,NG,Y,Y,DFO,NG,,,,,N,,6.14, ,6.3, ,,,,,,
40580,Southern Minnesota Mun P Agny,1973,Fairmont (MN),MN,Martin,7,OP,Petroleum Liquids,IC,Electric Utility,1,6.5,6,6,DFO,NG,Y,Y,DFO,NG,,,,,N,,6.5, ,6.5, ,,,,,,
7292,Glencoe Light & Power Comm,1975,Glencoe,MN,McLeod,5,OP,Petroleum Liquids,IC,Electric Utility,1,1.3,1,1,DFO,NG,Y,Y,DFO,NG,,,,,Y,Y,1,1,1,1,1H,1H,Y,Y,,
7292,Glencoe Light & Power Comm,1975,Glencoe,MN,McLeod,7,OP,Petroleum Liquids,IC,Electric Utility,1,4.1,3.2,3.2,DFO,NG,Y,Y,DFO,NG,,,,,Y,Y,3.5,3.5,3.5,3.5,1H,1H,Y,Y,,
7292,Glencoe Light & Power Comm,1975,Glencoe,MN,McLeod,8,OP,Petroleum Liquids,IC,Electric Utility,1,5.6,4.4,4.4,DFO,NG,Y,Y,DFO,NG,,,,,Y,Y,5.4,5.4,5.4,5.4,1H,1H,Y,Y,,
7292,Glencoe Light & Power Comm,1975,Glencoe,MN,McLeod,9,OP,Petroleum Liquids,IC,Electric Utility,1,7.1,5.7,5.7,DFO,NG,Y,Y,DFO,NG,,,,,Y,Y,6.1,6.1,6.1,6.1,1H,1H,Y,Y,,
8543,Hibbing Public Utilities Comm,1979,Hibbing,MN,St Louis,3,OP,Conventional Steam Coal,ST,Electric Utility,1,10.0,10,10,SUB,WDS,Y,Y,SUB,WDS,NG,,,,N,, , , , ,,,,,,
8543,Hibbing Public Utilities Comm,1979,Hibbing,MN,St Louis,5,OP,Conventional Steam Coal,ST,Electric Utility,1,19.5,19.5,19.5,SUB,WDS,Y,Y,SUB,WDS,NG,,,,N,, , , , ,,,,,,
8543,Hibbing Public Utilities Comm,1979,Hibbing,MN,St Louis,6,OP,Conventional Steam Coal,ST,Electric Utility,1,6.4,1,6.4,SUB,WDS,Y,Y,SUB,WDS,NG,,,,N,, , , , ,,,,,,
9130,Hutchinson Utilities Comm,1980,Hutchinson Plant #1,MN,McLeod,3,OP,Natural Gas Internal Combustion Engine,IC,Electric Utility,1,4.5,3.9,3.9,NG,DFO,Y,N,,,,,,,Y,Y,3.9,4.5,3.9,4.5,1H,1H,N,,,
9130,Hutchinson Utilities Comm,1980,Hutchinson Plant #1,MN,McLeod,4,OP,Natural Gas Internal Combustion Engine,IC,Electric Utility,1,4.0,3.9,3.9,NG,DFO,Y,N,,,,,,,Y,Y,3.9,4.5,3.9,4.5,1H,1H,N,,,
9650,City of Janesville - (MN),1982,Janesville,MN,Waseca,1,OP,Petroleum Liquids,IC,Electric Utility,1,1.1,0.9,1,DFO,NG,Y,Y,DFO,NG,,,,,Y,Y,1.3,1.3,1.3,1.3,1H,1H,N,,,Y
9650,City of Janesville - (MN),1982,Janesville,MN,Waseca,2,OP,Petroleum Liquids,IC,Electric Utility,1,1.3,1.1,1.2,DFO,NG,Y,Y,DFO,NG,,,,,Y,Y,1.1,1.1,1.1,1.1,1H,1H,N,,,Y
9650,City of Janesville - (MN),1982,Janesville,MN,Waseca,3,OP,Petroleum Liquids,IC,Electric Utility,1,0.7,0.5,0.6,DFO,NG,Y,Y,DFO,NG,,,,,Y,Y,0.5,0.5,0.5,0.5,1H,1H,N,,,Y
10596,City of Lake Crystal - (MN),1985,Lake Crystal,MN,Blue Earth,3,OP,Petroleum Liquids,IC,Electric Utility,1,2.0,2,2,DFO,NG,Y,Y,DFO,NG,,,,,Y,Y,1.9,1.9,2,2,1H,1H,N,,,
11064,Litchfield Public Utilities,1989,Litchfield,MN,Meeker,5,SB,Petroleum Liquids,IC,Electric Utility,1,2.1,2.1,2.1,DFO,NG,Y,Y,NG,DFO,,,,,N,Y, , , , ,,,,,Y,
11064,Litchfield Public Utilities,1989,Litchfield,MN,Meeker,6,SB,Petroleum Liquids,IC,Electric Utility,1,2.1,2.1,2.1,DFO,NG,Y,Y,NG,DFO,,,,,N,Y, , , , ,,,,,Y,
12900,City of Mora - (MN),1997,Mora,MN,Kanabec,2,OP,Natural Gas Internal Combustion Engine,IC,Electric Utility,1,1.1,1.2,1.2,NG,DFO,Y,N,,,,,,,Y,N,1.2,1.2,1.2,1.2,1H,1H,N,,,
12900,City of Mora - (MN),1997,Mora,MN,Kanabec,5,OP,Natural Gas Internal Combustion Engine,IC,Electric Utility,1,5.7,5.7,5.7,NG,DFO,Y,N,,,,,,,Y,N,5.7,5.7,5.7,5.7,1H,1H,N,,,
12900,City of Mora - (MN),1997,Mora,MN,Kanabec,6,OA,Petroleum Liquids,IC,Electric Utility,1,7.0,6.3,6.3,DFO,NG,Y,N,,,,,,,Y,N,6.3,6.3,6.3,6.3,1H,1H,N,,,
13048,City of Mountain Lake - (MN),1998,Mountain Lake,MN,Cottonwood,2,OP,Petroleum Liquids,IC,Electric Utility,1,1.1,0.9,1.1,DFO,NG,Y,Y,DFO,NG,,,,,Y,Y,0.9,0.9,0.9,0.9,1H,1H,Y,Y,,
13048,City of Mountain Lake - (MN),1998,Mountain Lake,MN,Cottonwood,5,OP,Petroleum Liquids,IC,Electric Utility,1,1.3,1.2,1.3,DFO,NG,Y,Y,DFO,NG,,,,,Y,Y,1.2,1.2,1.2,1.2,6H,1H,Y,Y,,
13480,New Prague Utilities Comm,1999,New Prague,MN,Le Sueur,2,OP,Natural Gas Internal Combustion Engine,IC,Electric Utility,1,4.4,4.4,4.4,NG,DFO,Y,Y,NG,DFO,,,,,N,, , , , ,,,,,,
13480,New Prague Utilities Comm,1999,New Prague,MN,Le Sueur,3,OP,Natural Gas Internal Combustion Engine,IC,Electric Utility,1,2.4,2.4,2.4,NG,DFO,Y,Y,NG,DFO,,,,,N,, , , , ,,,,,,
13480,New Prague Utilities Comm,1999,New Prague,MN,Le Sueur,4,OP,Natural Gas Internal Combustion Engine,IC,Electric Utility,1,3.5,3.5,3.5,NG,DFO,Y,Y,NG,DFO,,,,,N,, , , , ,,,,,,
13480,New Prague Utilities Comm,1999,New Prague,MN,Le Sueur,6,OP,Natural Gas Internal Combustion Engine,IC,Electric Utility,1,6.0,5.9,5.9,NG,DFO,Y,Y,NG,DFO,,,,,N,, , , , ,,,,,,
15348,Preston Public Utilities Comm,2004,Preston (MN),MN,Fillmore,5,OP,Natural Gas Internal Combustion Engine,IC,Electric Utility,1,1.1,1.1,1.1,NG,DFO,Y,Y,NG,DFO,,,,,Y,Y,1.1,1.1,1.1,1.1,1H,1H,N,,,
15348,Preston Public Utilities Comm,2004,Preston (MN),MN,Fillmore,6,OP,Natural Gas Internal Combustion Engine,IC,Electric Utility,1,2.0,2.2,2.2,NG,DFO,Y,Y,NG,DFO,,,,,Y,Y,2.2,2.2,2.2,2.2,1H,1H,N,,,
15793,Redwood Falls Public Util Comm,2009,Redwood Falls,MN,Redwood,7,OP,Natural Gas Internal Combustion Engine,IC,Electric Utility,1,5.8,6,6,NG,DFO,Y,N,,,,,,,Y,Y,5,5,5,5,1H,1H,Y,Y,,
17824,Spring Valley Pub Utils Comm,2013,Spring Valley,MN,Fillmore,2,OP,Petroleum Liquids,IC,Electric Utility,1,1.1,1.1,1.1,DFO,NG,Y,N,,,,,,,Y,N,1.07,1.07,1.07,1.07,1H,1H,N,,,
17824,Spring Valley Pub Utils Comm,2013,Spring Valley,MN,Fillmore,3,OP,Petroleum Liquids,IC,Electric Utility,1,2.0,2,2,DFO,NG,Y,N,,,,,,,Y,N,2,2,2,2,1H,1H,N,,,
19237,Truman Public Utilities Comm,2015,Truman,MN,Martin,3,SB,Petroleum Liquids,IC,Electric Utility,1,2.2,2,2,DFO,NG,Y,Y,DFO,NG,,,,,Y,Y,1.8,1.8,2,2,1H,1H,N,,,
29295,City of Wells - (MN),2020,Wells IC,MN,Faribault,1,OP,Petroleum Liquids,IC,Electric Utility,1,1.3,1.3,1.3,DFO,NG,Y,N,,,,,,,Y,Y,1.3,1.3,1.3,1.3,1H,1H,N,,,
29295,City of Wells - (MN),2020,Wells IC,MN,Faribault,2,OP,Petroleum Liquids,IC,Electric Utility,1,1.3,1.3,1.3,DFO,NG,Y,N,,,,,,,Y,Y,1.3,1.3,1.3,1.3,1H,1H,N,,,
29295,City of Wells - (MN),2020,Wells IC,MN,Faribault,3,OP,Petroleum Liquids,IC,Electric Utility,1,1.1,1.1,1.1,DFO,NG,Y,N,,,,,,,Y,Y,1.1,1.1,1.1,1.1,1H,1H,N,,,
29295,City of Wells - (MN),2020,Wells IC,MN,Faribault,4,OP,Petroleum Liquids,IC,Electric Utility,1,2.3,2.1,2.1,DFO,NG,Y,N,,,,,,,Y,Y,2.1,2.1,2.1,2.1,1H,1H,N,,,
29295,City of Wells - (MN),2020,Wells IC,MN,Faribault,5,OP,Petroleum Liquids,IC,Electric Utility,1,2.3,2.3,2.3,DFO,NG,Y,N,,,,,,,Y,Y,2.3,2.3,2.3,2.3,1H,1H,N,,,
20737,Willmar Municipal Utilities,2022,Willmar,MN,Kandiyohi,3,OP,Conventional Steam Coal,ST,Electric Utility,1,18.0,15.9,15.9,SUB,NG,Y,Y,SUB,NG,AB,,,,N,, , , , ,,,,,,
7570,Great River Energy,2039,Elk River,MN,Sherburne,1,OP,Municipal Solid Waste,ST,Electric Utility,1,11.5,7.6,7.6,MSW,DFO,Y,Y,MSW,NG,,,,,N,, , , , ,,,,,,
7570,Great River Energy,2039,Elk River,MN,Sherburne,2,OP,Municipal Solid Waste,ST,Electric Utility,1,11.5,7.9,7.9,MSW,DFO,Y,Y,MSW,NG,,,,,N,, , , , ,,,,,,
7570,Great River Energy,2039,Elk River,MN,Sherburne,3,OP,Municipal Solid Waste,ST,Electric Utility,1,25.0,15,15,MSW,DFO,Y,Y,MSW,NG,,,,,N,, , , , ,,,,,,
12685,Entergy Mississippi Inc,2050,Baxter Wilson,MS,Warren,1,OP,Natural Gas Steam Turbine,ST,Electric Utility,1,544.6,546.6,560.7,NG,DFO,Y,Y,NG,RFO,,,,,Y,Y,500,520,400,420,6H,6H,N,,,
12685,Entergy Mississippi Inc,2050,Baxter Wilson,MS,Warren,2,OP,Natural Gas Steam Turbine,ST,Electric Utility,1,783.0,677.9,698.7,NG,DFO,Y,Y,NG,RFO,,,,,Y,Y,720,720,650,650,6H,6H,N,,,
7651,Greenwood Utilities Comm,2062,Henderson,MS,Leflore,H2,OS,Natural Gas Fired Combustion Turbine,GT,Electric Utility,1,13.5,13,15,NG,DFO,N,N,,,,,,,Y,Y,13,13,13,13,1H,1H,N,,,
21095,Public Serv Comm of Yazoo City,2067,Yazoo,MS,Yazoo,GT1,OP,Natural Gas Fired Combined Cycle,CT,Electric Utility,1,16.5,14.7,16.7,NG,DFO,Y,N,,,,,,,Y,Y,14.7,16.7,14.7,16.7,1H,1H,N,,,
17568,Cooperative Energy,2070,Moselle,MS,Jones,3,OP,Natural Gas Steam Turbine,ST,Electric Utility,1,59.0,59,59,NG,RFO,Y,Y,DFO,NG,,,,,Y,Y,59,59,59,59,6H,6H,Y,Y,Y,
17568,Cooperative Energy,2070,Moselle,MS,Jones,4,OP,Natural Gas Fired Combustion Turbine,GT,Electric Utility,1,83.0,75,83,NG,DFO,Y,N,,,,,,,Y,Y,75,83.5,75,83.5,6H,6H,Y,Y,Y,
5860,Empire District Electric Co,2076,Asbury,MO,Jasper,1,OP,Conventional Steam Coal,ST,Electric Utility,1,212.8,198,198,SUB,BIT,Y,Y,SUB,BIT,TDF,,,,N,, , , , ,,,,,,
19436,Union Electric Co - (MO),2104,Meramec,MO,St Louis,GT2,OP,Natural Gas Fired Combustion Turbine,GT,Electric Utility,1,56.0,49,61,NG,DFO,Y,N,,,,,,,Y,Y,53,55,52,55,6H,6H,Y,Y,,
3082,Carrollton Board of Public Wks,2120,Carrollton,MO,Carroll,10,OP,Natural Gas Internal Combustion Engine,IC,Electric Utility,1,6.1,6,6,NG,DFO,Y,Y,NG,DFO,,,,,Y,Y,6.3,6.3,6.3,6.3,1H,1H,Y,,Y,
3082,Carrollton Board of Public Wks,2120,Carrollton,MO,Carroll,3,OP,Natural Gas Internal Combustion Engine,IC,Electric Utility,1,1.8,1.8,1.8,NG,DFO,Y,Y,NG,DFO,,,,,Y,Y,1.8,1.8,1.8,1.8,1H,1H,Y,,Y,
3082,Carrollton Board of Public Wks,2120,Carrollton,MO,Carroll,7,OP,Natural Gas Internal Combustion Engine,IC,Electric Utility,1,2.5,2.5,2.5,NG,DFO,Y,Y,NG,DFO,,,,,Y,Y,2.5,2.5,2.5,2.5,1H,1H,Y,,Y,
3082,Carrollton Board of Public Wks,2120,Carrollton,MO,Carroll,8,OP,Natural Gas Internal Combustion Engine,IC,Electric Utility,1,4.1,3.7,3.7,NG,DFO,Y,Y,NG,DFO,,,,,Y,Y,4.1,4.1,4.1,4.1,1H,1H,Y,,Y,
3082,Carrollton Board of Public Wks,2120,Carrollton,MO,Carroll,9,OP,Natural Gas Internal Combustion Engine,IC,Electric Utility,1,4.1,3.7,3.7,NG,DFO,Y,Y,NG,DFO,,,,,Y,Y,4.1,4.1,4.1,4.1,1H,1H,Y,,Y,
3113,City of Carthage - (MO),2121,Carthage,MO,Jasper,10,SB,Natural Gas Internal Combustion Engine,IC,Electric Utility,1,7.0,6,6,NG,DFO,Y,Y,NG,DFO,,,,,Y,Y,5.5,5.5,5.5,5.5,1H,1H,Y,,,Y
3113,City of Carthage - (MO),2121,Carthage,MO,Jasper,11,OP,Natural Gas Internal Combustion Engine,IC,Electric Utility,1,4.5,4,4,NG,DFO,Y,Y,NG,DFO,,,,,Y,Y,3.5,3.5,3.5,3.5,1H,1H,Y,,,Y
3113,City of Carthage - (MO),2121,Carthage,MO,Jasper,12,OP,Natural Gas Internal Combustion Engine,IC,Electric Utility,1,4.5,4,4,NG,DFO,Y,Y,NG,DFO,,,,,Y,Y,3.5,3.5,3.5,3.5,1H,1H,Y,,,Y
3113,City of Carthage - (MO),2121,Carthage,MO,Jasper,13,OP,Natural Gas Internal Combustion Engine,IC,Electric Utility,1,6.0,5.5,5.5,NG,DFO,Y,Y,NG,DFO,,,,,Y,Y,5.5,5.5,5.5,5.5,1H,1H,Y,,,Y
3113,City of Carthage - (MO),2121,Carthage,MO,Jasper,14,OP,Natural Gas Internal Combustion Engine,IC,Electric Utility,1,6.0,5.5,5.5,NG,DFO,Y,Y,NG,DFO,,,,,Y,Y,5.5,5.5,5.5,5.5,1H,1H,Y,,,Y
3113,City of Carthage - (MO),2121,Carthage,MO,Jasper,6,SB,Natural Gas Internal Combustion Engine,IC,Electric Utility,1,2.5,2,2,NG,DFO,Y,Y,NG,DFO,,,,,Y,Y,1.8,1.8,1.8,1.8,1H,1H,Y,,,Y
3113,City of Carthage - (MO),2121,Carthage,MO,Jasper,7,SB,Natural Gas Internal Combustion Engine,IC,Electric Utility,1,3.0,2.2,2.2,NG,DFO,Y,Y,NG,DFO,,,,,Y,Y,2.2,2.2,2.2,2.2,1H,1H,Y,,,Y
3486,Chillicothe Municipal Utils,2122,Chillicothe,MO,Livingston,GT1,OP,Natural Gas Fired Combustion Turbine,GT,Electric Utility,1,40.0,40,42,NG,DFO,Y,N,,,,,,,Y,Y,40,42,40,42,1H,1H,Y,,,Y
3486,Chillicothe Municipal Utils,2122,Chillicothe,MO,Livingston,GT2,OP,Natural Gas Fired Combustion Turbine,GT,Electric Utility,1,40.0,40,42,NG,DFO,Y,N,,,,,,,Y,Y,40,42,40,42,1H,1H,Y,,,Y
6839,City of Fulton - (MO),2126,Fulton (MO),MO,Callaway,GT4,OP,Natural Gas Fired Combustion Turbine,GT,Electric Utility,1,21.2,15,19.6,NG,DFO,Y,Y,DFO,NG,,,,,Y,Y,15,19.6,15,19.6,1H,1H,Y,Y,,
6839,City of Fulton - (MO),2126,Fulton (MO),MO,Callaway,IC1,OP,Petroleum Liquids,IC,Electric Utility,1,5.0,4.1,4.5,DFO,NG,Y,Y,NG,DFO,,,,,Y,Y,4,4.4,4,4.4,1H,1H,Y,Y,,
6839,City of Fulton - (MO),2126,Fulton (MO),MO,Callaway,IC3,OP,Petroleum Liquids,IC,Electric Utility,1,7.0,6.2,6.8,DFO,NG,Y,Y,NG,DFO,,,,,Y,Y,6,6.2,6,6.2,1H,1H,N,,,
8567,City of Higginsville - (MO),2131,Higginsville,MO,Lafayette,3,OS,Petroleum Liquids,IC,Electric Utility,1,2.4,2.4,2.4,DFO,NG,Y,N,DFO,NG,,,,,Y,N,2.4,2.4,2.4,2.4,1H,1H,N,,,
8567,City of Higginsville - (MO),2131,Higginsville,MO,Lafayette,4,OP,Natural Gas Fired Combustion Turbine,GT,Electric Utility,1,40.0,37.5,40,NG,DFO,Y,N,DFO,NG,,,,,Y,N,37.5,40,37.5,40,1H,1H,N,,,
8567,City of Higginsville - (MO),2131,Higginsville,MO,Lafayette,5,OP,Petroleum Liquids,IC,Electric Utility,1,1.2,1.2,1.2,DFO,NG,Y,N,,,,,,,Y,N,3.6,3.8,3.6,3.8,1H,1H,N,,,
9231,City of Independence - (MO),2132,Blue Valley,MO,Jackson,2,OP,Natural Gas Steam Turbine,ST,Electric Utility,1,25.0,21,21,NG,DFO,Y,Y,BIT,DFO,NG,,,,Y,Y,25,25,25,25,1H,1H,Y,Y,,
9231,City of Independence - (MO),2132,Blue Valley,MO,Jackson,3,OP,Natural Gas Steam Turbine,ST,Electric Utility,1,65.0,51,51,NG,DFO,Y,Y,BIT,DFO,NG,,,,Y,Y,51,51,51,51,1H,1H,Y,Y,,
9231,City of Independence - (MO),2132,Blue Valley,MO,Jackson,ST1,OP,Natural Gas Steam Turbine,ST,Electric Utility,1,25.0,21,21,NG,DFO,Y,Y,BIT,DFO,NG,,,,Y,Y,21,21,21,21,1H,1H,Y,Y,,
9231,City of Independence - (MO),2135,Station H,MO,Jackson,1,OP,Natural Gas Fired Combustion Turbine,GT,Electric Utility,1,19.0,19,19,NG,DFO,Y,Y,DFO,NG,,,,,Y,Y,19,19,19,19,1H,1H,Y,Y,,
9231,City of Independence - (MO),2135,Station H,MO,Jackson,2,OP,Natural Gas Fired Combustion Turbine,GT,Electric Utility,1,24.0,20,20,NG,DFO,Y,Y,DFO,NG,,,,,Y,Y,20,20,20,20,1H,1H,Y,Y,,
9603,City of Jackson - (MO),2137,Jackson (MO),MO,Cape Girardeau,3,OP,Petroleum Liquids,IC,Electric Utility,1,1.0,1,1,DFO,NG,Y,Y,DFO,NG,,,,,Y,N,0.9,0.9,0.9,0.9,1H,1H,N,,,
9603,City of Jackson - (MO),2137,Jackson (MO),MO,Cape Girardeau,4,OP,Petroleum Liquids,IC,Electric Utility,1,1.0,1,1,DFO,NG,Y,Y,DFO,NG,,,,,Y,N,1,1,1,1,1H,1H,N,,,
9603,City of Jackson - (MO),2137,Jackson (MO),MO,Cape Girardeau,7,OP,Petroleum Liquids,IC,Electric Utility,1,6.8,6.5,6.8,DFO,NG,Y,Y,DFO,NG,,,,,Y,N,6.5,6.5,6.5,6.5,UNK,UNK,N,,,
9603,City of Jackson - (MO),2137,Jackson (MO),MO,Cape Girardeau,8,OP,Petroleum Liquids,IC,Electric Utility,1,6.8,6.5,6.8,DFO,NG,Y,Y,DFO,NG,,,,,Y,N,6.5,6.5,6.5,6.5,UNK,UNK,N,,,
9603,City of Jackson - (MO),2137,Jackson (MO),MO,Cape Girardeau,9,OP,Petroleum Liquids,IC,Electric Utility,1,3.0,2.7,3,DFO,NG,Y,Y,DFO,NG,,,,,Y,N,2.7,2.7,2.7,2.7,UNK,UNK,N,,,
9973,City of Kahoka,2138,Kahoka,MO,Clark,7,SB,Natural Gas Internal Combustion Engine,IC,Electric Utility,1,0.8,0.7,0.8,NG,DFO,Y,Y,DFO,NG,,,,,N,Y,0.7, ,0.7, ,,,,,,
9973,City of Kahoka,2138,Kahoka,MO,Clark,8,SB,Natural Gas Internal Combustion Engine,IC,Electric Utility,1,1.5,1.4,1.5,NG,DFO,Y,Y,DFO,NG,,,,,N,Y,1.4, ,1.4, ,,,,,,
9973,City of Kahoka,2138,Kahoka,MO,Clark,9,SB,Natural Gas Internal Combustion Engine,IC,Electric Utility,1,0.9,0.8,0.9,NG,DFO,Y,Y,DFO,NG,,,,,N,Y,0.8, ,0.8, ,,,,,,
10152,City of Kennett - (MO),2139,Kennett,MO,Dunklin,10,OP,Natural Gas Internal Combustion Engine,IC,Electric Utility,1,6.2,5.6,5.6,NG,DFO,Y,Y,DFO,NG,,,,,Y,Y,6.2,6.2,6.2,6.2,1H,1H,Y,,,Y
10152,City of Kennett - (MO),2139,Kennett,MO,Dunklin,11,OP,Natural Gas Internal Combustion Engine,IC,Electric Utility,1,6.2,5.6,5.6,NG,DFO,Y,Y,DFO,NG,,,,,Y,Y,6.2,6.2,6.2,6.2,1H,1H,Y,,,Y
10152,City of Kennett - (MO),2139,Kennett,MO,Dunklin,4,OP,Natural Gas Internal Combustion Engine,IC,Electric Utility,1,2.5,2.2,2.2,NG,DFO,Y,Y,DFO,NG,,,,,Y,Y,2.5,2.5,2.5,2.5,1H,1H,Y,,,Y
10152,City of Kennett - (MO),2139,Kennett,MO,Dunklin,6,OP,Natural Gas Internal Combustion Engine,IC,Electric Utility,1,2.0,1.8,1.8,NG,DFO,Y,Y,DFO,NG,,,,,Y,Y,2,2,2,2,1H,1H,Y,,,Y
10152,City of Kennett - (MO),2139,Kennett,MO,Dunklin,7,OP,Natural Gas Internal Combustion Engine,IC,Electric Utility,1,2.5,2.2,2.2,NG,DFO,Y,Y,DFO,NG,,,,,Y,Y,2.5,2.5,2.5,2.5,1H,1H,Y,,,Y
10152,City of Kennett - (MO),2139,Kennett,MO,Dunklin,8,OP,Natural Gas Internal Combustion Engine,IC,Electric Utility,1,3.1,2.8,2.8,NG,DFO,Y,Y,DFO,NG,,,,,Y,Y,3.1,3.1,3.1,3.1,1H,1H,Y,,,Y
10152,City of Kennett - (MO),2139,Kennett,MO,Dunklin,9,OP,Natural Gas Internal Combustion Engine,IC,Electric Utility,1,6.2,5.6,5.6,NG,DFO,Y,Y,DFO,NG,,,,,Y,Y,6.2,6.2,6.2,6.2,1H,1H,Y,,,Y
11460,City of Macon - (MO),2141,Macon,MO,Macon,3,SB,Petroleum Liquids,IC,Electric Utility,1,5.0,4.6,4.6,DFO,NG,Y,N,,,,,,,Y,Y,4.6,4.6,4.6,4.6,1H,6H,N,,,
11540,City of Malden - (MO),2142,Malden,MO,Dunklin,5,SB,Petroleum Liquids,IC,Electric Utility,1,1.4,1.2,1.2,DFO,NG,Y,Y,DFO,NG,,,,,N,, , , , ,,,,,,
11732,City of Marshall - (MO),2144,Marshall (MO),MO,Saline,10,OP,Natural Gas Internal Combustion Engine,IC,Electric Utility,1,6.3,6.3,6.3,NG,DFO,Y,N,,,,,,,Y,Y,6.3,6.3,6.3,6.3,1H,1H,Y,,Y,
11732,City of Marshall - (MO),2144,Marshall (MO),MO,Saline,11,OP,Natural Gas Internal Combustion Engine,IC,Electric Utility,1,6.3,6.3,6.3,NG,DFO,Y,N,,,,,,,Y,Y,6.3,6.3,6.3,6.3,1H,1H,Y,,Y,
11732,City of Marshall - (MO),2144,Marshall (MO),MO,Saline,GT1,OP,Natural Gas Fired Combustion Turbine,GT,Electric Utility,1,15.2,14,17,NG,DFO,Y,N,,,,,,,Y,Y,14.5,14.5,14,14,1H,1H,N,,,
12294,City of Memphis - (MO),2145,Memphis,MO,Scotland,1,OP,Petroleum Liquids,IC,Electric Utility,1,0.6,0.6,0.6,DFO,NG,Y,N,,,,,,,Y,Y,0.6,0.6,0.6,0.6,1H,1H,N,,,
12294,City of Memphis - (MO),2145,Memphis,MO,Scotland,8,OP,Petroleum Liquids,IC,Electric Utility,1,1.3,1.3,1.3,DFO,NG,Y,N,,,,,,,Y,Y,1.2,1.2,1.2,1.2,1H,1H,N,,,
12294,City of Memphis - (MO),2145,Memphis,MO,Scotland,9,OP,Petroleum Liquids,IC,Electric Utility,1,1.3,1.3,1.3,DFO,NG,Y,N,,,,,,,Y,Y,1.2,1.2,1.2,1.2,1H,1H,N,,,
17833,City Utilities of Springfield - (MO),2161,James River Power Station,MO,Greene,GT1,OP,Natural Gas Fired Combustion Turbine,GT,Electric Utility,1,96.0,75,75,NG,DFO,Y,N,NG,DFO,,,,,Y,Y,75,75,75,75,1H,1H,Y,,Y,
17833,City Utilities of Springfield - (MO),2161,James River Power Station,MO,Greene,GT2,OP,Natural Gas Fired Combustion Turbine,GT,Electric Utility,1,101.5,80,80,NG,DFO,Y,N,NG,DFO,,,,,Y,Y,80,80,80,80,1H,1H,Y,,Y,
19474,City of Unionville - (MO),2164,Unionville City of,MO,Putnam,2,OP,Petroleum Liquids,IC,Electric Utility,1,1.7,1.7,1.7,DFO,NG,Y,N,,,,,,,Y,Y,1.5,1.5,1.5,1.5,UNK,UNK,N,,,
19474,City of Unionville - (MO),2164,Unionville City of,MO,Putnam,8,OP,Petroleum Liquids,IC,Electric Utility,1,1.3,1.1,1.1,DFO,NG,Y,N,,,,,,,Y,Y,1,1,1,1,UNK,UNK,N,,,
12199,Montana-Dakota Utilities Co,2176,Glendive GT,MT,Dawson,GT-2,OP,Natural Gas Fired Combustion Turbine,GT,Electric Utility,1,43.0,40.1,43.2,NG,DFO,Y,Y,NG,DFO,,,,,Y,N,40.4,42,38.7,40.3,1H,1H,Y,Y,,
12199,Montana-Dakota Utilities Co,2176,Glendive GT,MT,Dawson,GT1,OP,Natural Gas Fired Combustion Turbine,GT,Electric Utility,1,40.7,34.8,40.9,NG,DFO,Y,Y,NG,DFO,,,,,Y,N,34.6,43.7,32.6,41.7,1H,1H,Y,Y,,
12199,Montana-Dakota Utilities Co,2177,Miles City GT,MT,Custer,1,OP,Natural Gas Fired Combustion Turbine,GT,Electric Utility,1,23.3,23.6,27.5,NG,DFO,Y,Y,NG,DFO,,,,,Y,N,22.6,24.5,20.6,22.5,1H,1H,Y,Y,,
695,City of Ansley - (NE),2214,Ansley,NE,Custer,2,OP,Natural Gas Internal Combustion Engine,IC,Electric Utility,1,0.9,0.8,0.8,NG,DFO,Y,Y,NG,DFO,,,,,Y,Y,0.8,0.8,0.8,0.8,1H,1H,Y,Y,,
993,Auburn Board of Public Works,2215,Auburn,NE,Nemaha,1,OP,Natural Gas Internal Combustion Engine,IC,Electric Utility,1,2.4,2.2,2.4,NG,DFO,Y,N,,,,,,,Y,Y,2.2,2.2,2.2,2.2,1H,1H,Y,Y,Y,
993,Auburn Board of Public Works,2215,Auburn,NE,Nemaha,2,OP,Natural Gas Internal Combustion Engine,IC,Electric Utility,1,1.0,0.9,1,NG,DFO,Y,N,,,,,,,Y,Y,0.9,0.9,0.9,0.9,1H,1H,Y,Y,Y,
993,Auburn Board of Public Works,2215,Auburn,NE,Nemaha,4A,OP,Natural Gas Internal Combustion Engine,IC,Electric Utility,1,3.7,3.7,3.7,NG,DFO,Y,N,,,,,,,Y,Y,3.7,3.7,3.7,3.7,1H,1H,Y,Y,Y,
993,Auburn Board of Public Works,2215,Auburn,NE,Nemaha,5,OP,Natural Gas Internal Combustion Engine,IC,Electric Utility,1,3.3,3,3.3,NG,DFO,Y,N,,,,,,,Y,Y,3,3,3,3,1H,1H,Y,Y,Y,
993,Auburn Board of Public Works,2215,Auburn,NE,Nemaha,6,OP,Natural Gas Internal Combustion Engine,IC,Electric Utility,1,2.7,2.5,2.7,NG,DFO,Y,N,,,,,,,Y,Y,2.5,2.5,2.5,2.5,1H,1H,Y,Y,Y,
993,Auburn Board of Public Works,2215,Auburn,NE,Nemaha,7,OP,Natural Gas Internal Combustion Engine,IC,Electric Utility,1,5.6,5.2,5.6,NG,DFO,Y,N,,,,,,,Y,Y,5.2,5.2,5.2,5.2,1H,1H,Y,Y,Y,
2277,City of Broken Bow - (NE),2221,Broken Bow,NE,Custer,2,OP,Natural Gas Internal Combustion Engine,IC,Electric Utility,1,3.5,3.5,3.5,NG,DFO,Y,N,,,,,,,Y,Y,3.5,3.5,3.5,3.5,1H,1H,N,,,
2277,City of Broken Bow - (NE),2221,Broken Bow,NE,Custer,4,OP,Natural Gas Internal Combustion Engine,IC,Electric Utility,1,0.8,0.7,0.7,NG,DFO,Y,N,,,,,,,Y,Y,0.7,0.7,0.7,0.7,1H,1H,N,,,
2277,City of Broken Bow - (NE),2221,Broken Bow,NE,Custer,5,OP,Natural Gas Internal Combustion Engine,IC,Electric Utility,1,1.0,1,1,NG,DFO,Y,N,,,,,,,Y,Y,1,1,1,1,1H,1H,N,,,
2277,City of Broken Bow - (NE),2221,Broken Bow,NE,Custer,6,OP,Natural Gas Internal Combustion Engine,IC,Electric Utility,1,2.1,2,2,NG,DFO,Y,N,,,,,,,Y,N,2,2,1.8,1.8,1H,1H,N,,,Y
4527,City of Crete,2231,Crete,NE,Saline,7,OP,Natural Gas Internal Combustion Engine,IC,Electric Utility,1,6.0,6,6.1,NG,DFO,Y,Y,NG,DFO,,,,,Y,Y,6,6,6,6,1H,1H,N,,,
4661,City of Curtis - (NE),2232,Curtis,NE,Frontier,2,OP,Natural Gas Internal Combustion Engine,IC,Electric Utility,1,0.9,0.8,0.8,NG,DFO,Y,N,NG,DFO,,,,,Y,Y,0.8,0.8,0.8,0.8,UNK,UNK,Y,Y,Y,
4661,City of Curtis - (NE),2232,Curtis,NE,Frontier,3,OP,Natural Gas Internal Combustion Engine,IC,Electric Utility,1,1.1,1,1,NG,DFO,Y,N,NG,DFO,,,,,Y,Y,1,1,1,1,UNK,UNK,Y,Y,Y,
4661,City of Curtis - (NE),2232,Curtis,NE,Frontier,4,OP,Natural Gas Internal Combustion Engine,IC,Electric Utility,1,1.4,1.2,1.2,NG,DFO,Y,N,NG,DFO,,,,,Y,Y,1.2,1.2,1.2,1.2,UNK,UNK,Y,Y,Y,
4836,City of David City,2233,David City,NE,Butler,1,OP,Natural Gas Internal Combustion Engine,IC,Electric Utility,1,1.5,1.3,1.3,NG,DFO,Y,N,,,,,,,Y,Y,1.3,1.3,1.3,1.3,6H,6H,N,,,
4836,City of David City,2233,David City,NE,Butler,3,OP,Natural Gas Internal Combustion Engine,IC,Electric Utility,1,1.0,0.9,0.9,NG,DFO,Y,N,,,,,,,Y,Y,0.9,0.9,0.9,0.9,6H,6H,N,,,
4836,City of David City,2233,David City,NE,Butler,4,OP,Natural Gas Internal Combustion Engine,IC,Electric Utility,1,2.3,1.8,1.8,NG,DFO,Y,N,,,,,,,Y,Y,1.8,1.8,1.8,1.8,6H,6H,N,,,
5850,City of Emerson - (NE),2235,Emerson,NE,Dixon,2,OP,Natural Gas Internal Combustion Engine,IC,Electric Utility,1,1.1,1.1,1.1,NG,DFO,Y,N,,,,,,,Y,Y,1.1,1.1,1.1,1.1,1H,1H,N,,,
5850,City of Emerson - (NE),2235,Emerson,NE,Dixon,4,OP,Natural Gas Internal Combustion Engine,IC,Electric Utility,1,0.4,0.4,0.4,NG,DFO,Y,N,,,,,,,Y,Y,0.4,0.4,0.4,0.4,1H,1H,N,,,
6132,City of Fairbury,2236,Fairbury,NE,Jefferson,1,OP,Natural Gas Steam Turbine,ST,Electric Utility,1,4.0,3.8,4,NG,RFO,N,N,,,,,,,Y,Y,4.4,4.4,4.4,4.4,UNK,UNK,Y,,Y,Y
6132,City of Fairbury,2236,Fairbury,NE,Jefferson,2,OP,Natural Gas Steam Turbine,ST,Electric Utility,1,2.5,2.5,2.5,NG,RFO,N,,,,,,,,Y,Y,2.5,2.5,2.5,2.5,UNK,UNK,Y,,Y,Y
6132,City of Fairbury,2236,Fairbury,NE,Jefferson,4,SB,Natural Gas Steam Turbine,ST,Electric Utility,1,12.5,12.5,13,NG,RFO,N,,,,,,,,Y,Y,12.5,13,12.5,13,UNK,UNK,Y,,Y,Y
6175,City of Falls City - (NE),2237,Falls City,NE,Richardson,3,OP,Natural Gas Internal Combustion Engine,IC,Electric Utility,1,2.7,2.3,2.3,NG,DFO,Y,N,,,,,,,Y,Y,2.3,2.3,2,2,1H,1H,Y,Y,Y,
6175,City of Falls City - (NE),2237,Falls City,NE,Richardson,4,OP,Natural Gas Internal Combustion Engine,IC,Electric Utility,1,1.1,0.8,0.8,NG,DFO,Y,N,,,,,,,Y,Y,0.8,0.8,0.8,0.8,1H,1H,Y,Y,Y,
6175,City of Falls City - (NE),2237,Falls City,NE,Richardson,5,OP,Natural Gas Internal Combustion Engine,IC,Electric Utility,1,2.0,1.4,1.4,NG,DFO,Y,N,,,,,,,Y,Y,1.4,1.4,1.2,1.2,1H,1H,Y,Y,Y,
6175,City of Falls City - (NE),2237,Falls City,NE,Richardson,6,OP,Natural Gas Internal Combustion Engine,IC,Electric Utility,1,2.5,2,2,NG,DFO,Y,N,,,,,,,Y,Y,2,2,2,2,1H,1H,Y,Y,Y,
6175,City of Falls City - (NE),2237,Falls City,NE,Richardson,7,OP,Natural Gas Internal Combustion Engine,IC,Electric Utility,1,6.2,5.9,5.9,NG,DFO,Y,N,,,,,,,Y,Y,5.9,5.9,5.9,5.9,1H,1H,Y,Y,Y,
6175,City of Falls City - (NE),2237,Falls City,NE,Richardson,8,OP,Natural Gas Internal Combustion Engine,IC,Electric Utility,1,6.0,6,6,NG,DFO,Y,N,,,,,,,Y,Y,6,6,6,6,1H,1H,Y,Y,Y,
6723,City of Franklin - (NE),2238,Franklin (NE),NE,Franklin,1,OP,Natural Gas Internal Combustion Engine,IC,Electric Utility,1,0.6,0.6,0.6,NG,DFO,Y,Y,NG,DFO,,,,,N,, , , , ,,,,,,
6723,City of Franklin - (NE),2238,Franklin (NE),NE,Franklin,2,OP,Natural Gas Internal Combustion Engine,IC,Electric Utility,1,1.3,1.3,1.3,NG,DFO,Y,Y,NG,DFO,,,,,N,, , , , ,,,,,,
6723,City of Franklin - (NE),2238,Franklin (NE),NE,Franklin,3,OP,Natural Gas Internal Combustion Engine,IC,Electric Utility,1,1.1,1.1,1.1,NG,DFO,Y,Y,NG,DFO,,,,,N,, , , , ,,,,,,
6723,City of Franklin - (NE),2238,Franklin (NE),NE,Franklin,4,OP,Natural Gas Internal Combustion Engine,IC,Electric Utility,1,0.9,0.9,0.9,NG,DFO,Y,Y,NG,DFO,,,,,N,, , , , ,,,,,,
6779,City of Fremont - (NE),2240,Lon Wright,NE,Dodge,5OT,OP,Natural Gas Fired Combustion Turbine,GT,Electric Utility,1,40.0,38,36,NG,DFO,Y,N,,,,,,,Y,Y,38,36,38,36,1H,1H,Y,Y,Y,
40606,City of Grand Island - (NE),2241,C W Burdick,NE,Hall,3,SB,Natural Gas Steam Turbine,ST,Electric Utility,1,54.4,54,54,NG,RFO,Y,N,NG,RFO,,,,,Y,Y,54,54,54,54,1H,1H,Y,,Y,
40606,City of Grand Island - (NE),2241,C W Burdick,NE,Hall,GT1,OP,Natural Gas Fired Combustion Turbine,GT,Electric Utility,1,16.0,13.6,14.8,NG,DFO,Y,Y,NG,DFO,,,,,Y,Y,14,16,14,16,1H,1H,Y,Y,,
40606,City of Grand Island - (NE),2241,C W Burdick,NE,Hall,GT2,OP,Natural Gas Fired Combustion Turbine,GT,Electric Utility,1,63.4,34,40,NG,DFO,Y,N,,,,,,,Y,Y,34,40,34,40,1H,1H,Y,Y,,
40606,City of Grand Island - (NE),2241,C W Burdick,NE,Hall,GT3,OP,Natural Gas Fired Combustion Turbine,GT,Electric Utility,1,63.4,34,40,NG,DFO,Y,N,,,,,,,Y,Y,34,40,34,40,1H,1H,Y,Y,,
8245,City of Hastings - (NE),2243,Don Henry,NE,Adams,1,SB,Natural Gas Fired Combustion Turbine,GT,Electric Utility,1,22.0,18,18,NG,DFO,Y,N,,,,,,,Y,Y,18,18,18,18,1H,1H,Y,Y,Y,Y
10260,City of Kimball - (NE),2248,Kimball,NE,Kimball,1,OP,Natural Gas Internal Combustion Engine,IC,Electric Utility,1,1.0,0.7,0.8,NG,DFO,Y,Y,NG,DFO,,,,,Y,Y,0.7,0.8,0.7,0.8,1H,UNK,N,,,
10260,City of Kimball - (NE),2248,Kimball,NE,Kimball,2,OP,Natural Gas Internal Combustion Engine,IC,Electric Utility,1,1.0,0.7,0.8,NG,DFO,Y,Y,NG,DFO,,,,,Y,Y,0.7,0.8,0.7,0.8,1H,UNK,N,,,
10260,City of Kimball - (NE),2248,Kimball,NE,Kimball,3,OP,Natural Gas Internal Combustion Engine,IC,Electric Utility,1,1.3,1,1.1,NG,DFO,Y,Y,AB,DFO,,,,,Y,Y,1,1.1,1,1.1,1H,UNK,N,,,
10260,City of Kimball - (NE),2248,Kimball,NE,Kimball,4,OP,Natural Gas Internal Combustion Engine,IC,Electric Utility,1,1.3,1,1.1,NG,DFO,Y,Y,NG,DFO,,,,,Y,Y,1,1.1,1,1.1,1H,1H,N,,,
10260,City of Kimball - (NE),2248,Kimball,NE,Kimball,6,OP,Natural Gas Internal Combustion Engine,IC,Electric Utility,1,3.9,3.6,3.7,NG,DFO,Y,Y,NG,DFO,,,,,Y,Y,3.6,3.7,3.6,3.7,1H,1H,N,,,
10760,City of Laurel - (NE),2249,Laurel,NE,Cedar,1,SB,Natural Gas Internal Combustion Engine,IC,Electric Utility,1,1.3,1.1,1.2,NG,DFO,Y,Y,DFO,NG,,,,,Y,Y,1.3,1.3,1.1,1.1,UNK,UNK,Y,Y,Y,
10760,City of Laurel - (NE),2249,Laurel,NE,Cedar,2,SB,Natural Gas Internal Combustion Engine,IC,Electric Utility,1,0.9,0.7,0.8,NG,DFO,Y,Y,DFO,NG,,,,,Y,Y,0.9,0.9,0.7,0.7,UNK,UNK,Y,Y,Y,
10760,City of Laurel - (NE),2249,Laurel,NE,Cedar,7,SB,Natural Gas Internal Combustion Engine,IC,Electric Utility,1,1.3,1.1,1.2,NG,DFO,Y,Y,DFO,NG,,,,,Y,Y,1.3,1.3,1.3,1.3,UNK,UNK,Y,Y,Y,
11018,Lincoln Electric System,2250,J Street,NE,Lancaster,1,OP,Natural Gas Fired Combustion Turbine,GT,Electric Utility,1,27.0,29,31.7,NG,DFO,Y,N,,,,,,,Y,Y,29,31.7,31,31.7,1H,1H,N,,,
14127,Omaha Public Power District,2291,North Omaha,NE,Douglas,4,OP,Conventional Steam Coal,ST,Electric Utility,1,136.0,99.1,111.8,SUB,NG,Y,Y,SUB,NG,,,,,N,, , , , ,,,,,,
14127,Omaha Public Power District,2291,North Omaha,NE,Douglas,5,OP,Conventional Steam Coal,ST,Electric Utility,1,217.6,216.7,174.8,SUB,NG,Y,Y,SUB,NG,,,,,N,, , , , ,,,,,,
14127,Omaha Public Power District,2292,Sarpy County,NE,Sarpy,1,OP,Natural Gas Fired Combustion Turbine,GT,Electric Utility,1,55.4,55.3,55.3,NG,DFO,Y,N,,,,,,,Y,Y,55.3,55.3,55.3,55.3,1H,1H,Y,Y,,
14127,Omaha Public Power District,2292,Sarpy County,NE,Sarpy,2,OP,Natural Gas Fired Combustion Turbine,GT,Electric Utility,1,55.4,56.4,56.4,NG,DFO,Y,N,,,,,,,Y,Y,56.4,56.4,56.4,56.4,1H,1H,Y,Y,,
14127,Omaha Public Power District,2292,Sarpy County,NE,Sarpy,3,OP,Natural Gas Fired Combustion Turbine,GT,Electric Utility,1,105.6,107.7,107.7,NG,DFO,Y,N,,,,,,,Y,Y,107.7,107.7,107.7,107.7,1H,1H,Y,Y,,
14127,Omaha Public Power District,2292,Sarpy County,NE,Sarpy,4,OP,Natural Gas Fired Combustion Turbine,GT,Electric Utility,1,58.9,49,49,NG,DFO,Y,N,NG,DFO,,,,,Y,Y,49,49,49,49,1H,1H,Y,Y,,
14127,Omaha Public Power District,2292,Sarpy County,NE,Sarpy,5,OP,Natural Gas Fired Combustion Turbine,GT,Electric Utility,1,58.9,48.1,48.1,NG,DFO,Y,N,NG,DFO,,,,,Y,Y,48.1,48.1,48.1,48.1,1H,1H,Y,Y,,
14172,City of Ord - (NE),2294,Ord,NE,Valley,1,OP,Petroleum Liquids,IC,Electric Utility,1,5.0,5,5,DFO,NG,Y,N,,,,,,,Y,Y,5,0,5,5,1H,1H,N,,,
14172,City of Ord - (NE),2294,Ord,NE,Valley,2,OP,Petroleum Liquids,IC,Electric Utility,1,1.5,1,1,DFO,NG,Y,N,,,,,,,Y,Y,1,1,1,1,1H,1H,N,,,
14172,City of Ord - (NE),2294,Ord,NE,Valley,3,OP,Petroleum Liquids,IC,Electric Utility,1,2.5,2,2,DFO,NG,Y,N,,,,,,,Y,Y,2,2,2,2,1H,1H,N,,,
14277,Village of Oxford - (NE),2295,Oxford (NE),NE,Furnas,2,OP,Natural Gas Internal Combustion Engine,IC,Electric Utility,1,0.6,0.5,0.6,NG,DFO,Y,Y,DFO,NG,,,,,Y,Y,0.5,0.5,0.5,1.2,1H,1H,Y,Y,Y,
14277,Village of Oxford - (NE),2295,Oxford (NE),NE,Furnas,3,OP,Natural Gas Internal Combustion Engine,IC,Electric Utility,1,0.9,0.8,0.9,NG,DFO,Y,Y,DFO,NG,,,,,Y,Y,0.5,0.5,0.5,1.2,1H,1H,Y,Y,Y,
14277,Village of Oxford - (NE),2295,Oxford (NE),NE,Furnas,4,OP,Natural Gas Internal Combustion Engine,IC,Electric Utility,1,0.6,0.5,0.6,NG,DFO,Y,Y,DFO,NG,,,,,Y,Y,0.5,0.5,0.5,1.2,1H,1H,Y,Y,Y,
14277,Village of Oxford - (NE),2295,Oxford (NE),NE,Furnas,5,OP,Natural Gas Internal Combustion Engine,IC,Electric Utility,1,1.3,1.2,1.3,NG,DFO,Y,Y,DFO,NG,,,,,Y,Y,1.2,1.2,1.2,1.2,1H,1H,Y,Y,Y,
14656,City of Pender - (NE),2296,Pender,NE,Thurston,1,OP,Natural Gas Internal Combustion Engine,IC,Electric Utility,1,1.5,1.2,1.2,NG,DFO,Y,,,,,,,,Y,Y,1.1,1.1,1.2,1.2,1H,1H,N,,,
14656,City of Pender - (NE),2296,Pender,NE,Thurston,3,OP,Natural Gas Internal Combustion Engine,IC,Electric Utility,1,0.5,0.5,0.5,NG,DFO,Y,N,,,,,,,Y,Y,0.5,0.5,0.5,0.5,1H,1H,N,,,
14656,City of Pender - (NE),2296,Pender,NE,Thurston,4,OP,Natural Gas Internal Combustion Engine,IC,Electric Utility,1,0.9,0.8,0.8,NG,DFO,Y,N,,,,,,,Y,Y,0.8,0.8,0.8,0.8,1H,1H,N,,,
15773,City of Red Cloud - (NE),2299,Red Cloud,NE,Webster,2,OP,Petroleum Liquids,IC,Electric Utility,1,0.9,0.6,0.6,DFO,NG,Y,Y,DFO,NG,,,,,Y,N,0.6,0.6,0.6,0.6,UNK,UNK,Y,,Y,
15773,City of Red Cloud - (NE),2299,Red Cloud,NE,Webster,3,OP,Petroleum Liquids,IC,Electric Utility,1,1.3,1.2,1.2,DFO,NG,Y,Y,DFO,NG,,,,,Y,N,1.2,1.2,1.2,1.2,UNK,UNK,Y,,Y,
15773,City of Red Cloud - (NE),2299,Red Cloud,NE,Webster,4,OP,Petroleum Liquids,IC,Electric Utility,1,1.3,1.2,1.2,DFO,NG,Y,Y,DFO,NG,,,,,Y,N,1.2,1.2,1.2,1.2,UNK,UNK,Y,,Y,
15773,City of Red Cloud - (NE),2299,Red Cloud,NE,Webster,5,OP,Petroleum Liquids,IC,Electric Utility,1,2.2,2.2,2.2,DFO,NG,Y,Y,DFO,NG,,,,,Y,N,2.2,2.2,2.2,2.2,UNK,UNK,Y,,Y,
17149,City of Sidney - (NE),2302,Sidney (NE),NE,Cheyenne,1,OP,Natural Gas Internal Combustion Engine,IC,Electric Utility,1,1.2,1,1.1,NG,DFO,Y,Y,DFO,NG,,,,,Y,Y,0.96,0.96,0.96,0.96,UNK,UNK,Y,,Y,Y
17149,City of Sidney - (NE),2302,Sidney (NE),NE,Cheyenne,5,OP,Natural Gas Internal Combustion Engine,IC,Electric Utility,1,3.1,2.5,2.5,NG,DFO,Y,Y,DFO,NG,,,,,Y,Y,2.5,2.5,2.5,2.5,UNK,UNK,Y,,Y,Y
18525,City of Tecumseh,2308,Tecumseh,NE,Johnson,2,OP,Petroleum Liquids,IC,Electric Utility,1,1.5,1.4,1.4,DFO,NG,Y,N,,,,,,,Y,Y,1.4,1.4,1.4,1.4,UNK,UNK,Y,,Y,
18525,City of Tecumseh,2308,Tecumseh,NE,Johnson,3,OP,Petroleum Liquids,IC,Electric Utility,1,1.1,1,1,DFO,NG,Y,N,,,,,,,Y,Y,1,1,1,1,UNK,UNK,Y,,Y,
18525,City of Tecumseh,2308,Tecumseh,NE,Johnson,4,OP,Petroleum Liquids,IC,Electric Utility,1,1.3,1.2,1.2,DFO,NG,Y,N,,,,,,,Y,Y,1.2,1.2,1.2,1.2,UNK,UNK,Y,,Y,
18525,City of Tecumseh,2308,Tecumseh,NE,Johnson,5A,OP,Petroleum Liquids,IC,Electric Utility,1,2.4,2.4,2.4,DFO,NG,Y,N,,,,,,,Y,Y,2.4,2.4,2.4,2.4,UNK,UNK,Y,,Y,
19968,City of Wahoo - (NE),2310,Wahoo,NE,Saunders,1,OP,Natural Gas Internal Combustion Engine,IC,Electric Utility,1,2.5,2.1,2.1,NG,DFO,Y,N,,,,,,,Y,Y,2.1,2.2,2.2,2.2,1H,1H,Y,Y,Y,
19968,City of Wahoo - (NE),2310,Wahoo,NE,Saunders,3,OP,Natural Gas Internal Combustion Engine,IC,Electric Utility,1,4.4,4.4,4.4,NG,DFO,Y,N,,,,,,,Y,Y,4.4,4.4,4.4,4.4,1H,1H,Y,Y,Y,
19968,City of Wahoo - (NE),2310,Wahoo,NE,Saunders,4,OP,Natural Gas Internal Combustion Engine,IC,Electric Utility,1,1.2,1.1,1.1,NG,DFO,Y,N,,,,,,,Y,Y,1.1,1.1,1.1,1.1,1H,1H,Y,Y,Y,
19968,City of Wahoo - (NE),2310,Wahoo,NE,Saunders,5,OP,Natural Gas Internal Combustion Engine,IC,Electric Utility,1,2.1,2.2,2.2,NG,DFO,Y,N,,,,,,,Y,Y,2.1,2.1,2.1,2.1,1H,1H,Y,Y,Y,
19968,City of Wahoo - (NE),2310,Wahoo,NE,Saunders,6,OP,Natural Gas Internal Combustion Engine,IC,Electric Utility,1,3.5,3.4,3.4,NG,DFO,Y,N,,,,,,,Y,Y,3.4,3.4,3.4,3.4,1H,1H,Y,Y,Y,
19980,City of Wakefield - (NE),2311,Wakefield,NE,Dixon,2,OP,Natural Gas Internal Combustion Engine,IC,Electric Utility,1,0.6,0.5,0.5,NG,DFO,Y,Y,NG,DFO,,,,,Y,N,0.6,0.6,0.6,0.6,6H,6H,Y,Y,Y,
19980,City of Wakefield - (NE),2311,Wakefield,NE,Dixon,5,OP,Natural Gas Internal Combustion Engine,IC,Electric Utility,1,1.3,1,1,NG,DFO,Y,Y,NG,DFO,,,,,Y,N,1.3,1.3,1.3,1.3,6H,6H,Y,Y,Y,
19980,City of Wakefield - (NE),2311,Wakefield,NE,Dixon,6,OP,Natural Gas Internal Combustion Engine,IC,Electric Utility,1,1.3,1.1,1.1,NG,DFO,Y,Y,NG,DFO,,,,,Y,N,1.3,1.3,1.3,1.3,6H,6H,Y,Y,Y,
19980,City of Wakefield - (NE),2311,Wakefield,NE,Dixon,IC4,OP,Natural Gas Internal Combustion Engine,IC,Electric Utility,1,0.9,0.6,0.6,NG,DFO,Y,Y,NG,DFO,,,,,Y,N,0.9,0.9,0.9,0.9,6H,6H,Y,Y,Y,
20397,City of West Point - (NE),2313,West Point Municipal,NE,Cuming,2,OP,Natural Gas Internal Combustion Engine,IC,Electric Utility,1,0.9,0.9,0.9,NG,DFO,Y,Y,NG,DFO,,,,,N,, , , , ,,,,,,
20397,City of West Point - (NE),2313,West Point Municipal,NE,Cuming,3,OP,Natural Gas Internal Combustion Engine,IC,Electric Utility,1,1.2,1.2,1.2,NG,DFO,Y,Y,NG,DFO,,,,,N,, , , , ,,,,,,
20397,City of West Point - (NE),2313,West Point Municipal,NE,Cuming,4,OP,Natural Gas Internal Combustion Engine,IC,Electric Utility,1,2.3,2.3,2.3,NG,DFO,Y,Y,NG,DFO,,,,,N,, , , , ,,,,,,
20397,City of West Point - (NE),2313,West Point Municipal,NE,Cuming,5,OS,Natural Gas Internal Combustion Engine,IC,Electric Utility,1,4.1,4.1,4.1,NG,DFO,Y,Y,NG,DFO,,,,,N,, , , , ,,,,,,
15472,Public Service Co of NH,2367,Schiller,NH,Rockingham,4,OP,Conventional Steam Coal,ST,Electric Utility,1,50.0,47.5,48,BIT,RFO,Y,Y,BIT,RFO,,,,,N,, , , , ,,,,,,
15472,Public Service Co of NH,2367,Schiller,NH,Rockingham,5,OP,Wood/Wood Waste Biomass,ST,Electric Utility,1,50.0,43.1,42.6,WDS,BIT,Y,Y,WDS,,,,,,N,, , , , ,,,,,,
15472,Public Service Co of NH,2367,Schiller,NH,Rockingham,6,OP,Conventional Steam Coal,ST,Electric Utility,1,50.0,47.9,48.6,BIT,RFO,Y,Y,BIT,RFO,,,,,N,, , , , ,,,,,,
56606,Calpine New Jersey Generation LLC,2379,Carlls Corner,NJ,Cumberland,CA1,OP,Natural Gas Fired Combustion Turbine,GT,IPP Non-CHP,2,41.9,37.4,45.3,NG,KER,Y,N,,,,,,,Y,N,37.4,46.3,37.4,46.3,6H,6H,Y,,Y,
56606,Calpine New Jersey Generation LLC,2379,Carlls Corner,NJ,Cumberland,CA2,OP,Natural Gas Fired Combustion Turbine,GT,IPP Non-CHP,2,41.9,41.2,49.8,NG,KER,Y,N,,,,,,,Y,N,38.9,48.7,38.9,48.7,6H,6H,Y,,Y,
15147,PSEG Fossil LLC,2398,Bergen Generating Station,NJ,Bergen,1101,OP,Natural Gas Fired Combined Cycle,CT,IPP Non-CHP,2,112.5,110,110,NG,KER,Y,N,,,,,,,Y,Y,116,118,116,118,6H,6H,N,,,
15147,PSEG Fossil LLC,2398,Bergen Generating Station,NJ,Bergen,1201,OP,Natural Gas Fired Combined Cycle,CT,IPP Non-CHP,2,112.5,110,110,NG,KER,Y,N,,,,,,,Y,Y,116,118,116,118,6H,6H,N,,,
15147,PSEG Fossil LLC,2398,Bergen Generating Station,NJ,Bergen,1301,OP,Natural Gas Fired Combined Cycle,CT,IPP Non-CHP,2,112.5,110,110,NG,KER,Y,N,,,,,,,Y,Y,116,118,116,118,6H,6H,N,,,
15147,PSEG Fossil LLC,2398,Bergen Generating Station,NJ,Bergen,1401,OP,Natural Gas Fired Combined Cycle,CT,IPP Non-CHP,2,112.5,110,110,NG,KER,Y,N,,,,,,,Y,Y,116,118,116,118,6H,6H,N,,,
15147,PSEG Fossil LLC,2398,Bergen Generating Station,NJ,Bergen,1501,OP,Natural Gas Fired Combined Cycle,CA,IPP Non-CHP,2,325.2,198,198,NG,KER,Y,N,,,,,,,Y,Y,164,166,164,166,6H,6H,N,,,
15147,PSEG Fossil LLC,2398,Bergen Generating Station,NJ,Bergen,2101,OP,Natural Gas Fired Combined Cycle,CT,IPP Non-CHP,2,183.6,177.3,177.3,NG,KER,Y,N,,,,,,,Y,Y,164,164,164,164,6H,6H,N,,,
15147,PSEG Fossil LLC,2398,Bergen Generating Station,NJ,Bergen,2201,OP,Natural Gas Fired Combined Cycle,CT,IPP Non-CHP,2,183.6,177.3,177.3,NG,KER,Y,N,,,,,,,Y,Y,164,164,164,164,6H,6H,N,,,
15147,PSEG Fossil LLC,2398,Bergen Generating Station,NJ,Bergen,2301,OP,Natural Gas Fired Combined Cycle,CA,IPP Non-CHP,2,258.4,236.4,236.4,NG,,N,N,,,,,,,Y,Y,231,231,231,231,6H,6H,N,,,
15147,PSEG Fossil LLC,2399,PSEG Burlington Generating Station,NJ,Burlington,121,OP,Natural Gas Fired Combustion Turbine,GT,IPP Non-CHP,2,60.5,42,42,NG,KER,Y,Y,NG,KER,,,,,Y,Y,43.5,43.5,43.5,43.5,1H,1H,N,,,
15147,PSEG Fossil LLC,2399,PSEG Burlington Generating Station,NJ,Burlington,122,OP,Natural Gas Fired Combustion Turbine,GT,IPP Non-CHP,2,60.5,42,42,NG,KER,Y,Y,NG,KER,,,,,Y,Y,42.8,42.8,42.8,42.8,1H,1H,N,,,
15147,PSEG Fossil LLC,2399,PSEG Burlington Generating Station,NJ,Burlington,123,OP,Natural Gas Fired Combustion Turbine,GT,IPP Non-CHP,2,60.5,42,42,NG,KER,Y,Y,NG,KER,,,,,Y,Y,42.7,42.7,42.7,42.7,1H,1H,N,,,
15147,PSEG Fossil LLC,2399,PSEG Burlington Generating Station,NJ,Burlington,124,OP,Natural Gas Fired Combustion Turbine,GT,IPP Non-CHP,2,60.5,42,42,NG,KER,Y,Y,NG,KER,,,,,Y,Y,43.5,43.5,43.5,43.5,1H,1H,N,,,
15147,PSEG Fossil LLC,2401,PSEG Essex Generating Station,NJ,Essex,9,OP,Natural Gas Fired Combustion Turbine,GT,IPP Non-CHP,2,93.6,81,81,NG,KER,Y,Y,NG,KER,,,,,Y,Y,81,83,81,83,1H,1H,Y,,Y,
15147,PSEG Fossil LLC,2403,PSEG Hudson Generating Station,NJ,Hudson,2,OP,Natural Gas Steam Turbine,ST,IPP Non-CHP,2,659.7,565,565,NG,BIT,Y,Y,BIT,NG,,,,,N,, , , , ,,,,,,
15147,PSEG Fossil LLC,2404,PSEG Kearny Generating Station,NJ,Hudson,N121,OP,Natural Gas Fired Combustion Turbine,GT,IPP Non-CHP,2,60.5,44.5,44.5,NG,KER,Y,Y,NG,KER,,,,,Y,Y,43.8,44.5,43.8,44.5,1H,1H,N,,,
15147,PSEG Fossil LLC,2404,PSEG Kearny Generating Station,NJ,Hudson,N122,OP,Natural Gas Fired Combustion Turbine,GT,IPP Non-CHP,2,60.5,44.5,44.5,NG,KER,Y,Y,NG,KER,,,,,Y,Y,43.7,44.5,43.7,44.5,1H,1H,N,,,
15147,PSEG Fossil LLC,2404,PSEG Kearny Generating Station,NJ,Hudson,N123,OP,Natural Gas Fired Combustion Turbine,GT,IPP Non-CHP,2,60.5,44.5,44.5,NG,KER,Y,Y,NG,KER,,,,,Y,Y,43.8,44.5,43.8,44.5,1H,1H,N,,,
15147,PSEG Fossil LLC,2404,PSEG Kearny Generating Station,NJ,Hudson,N124,OP,Natural Gas Fired Combustion Turbine,GT,IPP Non-CHP,2,60.5,44.5,44.5,NG,KER,Y,Y,NG,KER,,,,,Y,Y,43.7,44.5,43.7,44.5,1H,1H,N,,,
15147,PSEG Fossil LLC,2406,PSEG Linden Generating Station,NJ,Union,1001,OP,Natural Gas Fired Combined Cycle,CA,IPP Non-CHP,2,315.0,238.4,238.4,NG,DFO,Y,N,,,,,,,Y,N,312,313,250.89,250.89,6H,1H,Y,Y,Y,Y
15147,PSEG Fossil LLC,2406,PSEG Linden Generating Station,NJ,Union,1101,OP,Natural Gas Fired Combined Cycle,CT,IPP Non-CHP,2,181.4,188.3,188.3,NG,DFO,Y,N,,,,,,,Y,Y,178.5,202,149.05,149.05,6H,1H,Y,Y,Y,Y
15147,PSEG Fossil LLC,2406,PSEG Linden Generating Station,NJ,Union,1201,OP,Natural Gas Fired Combined Cycle,CT,IPP Non-CHP,2,181.4,188.3,188.3,NG,DFO,Y,N,,,,,,,Y,Y,178.5,202,149.05,149.05,6H,1H,Y,Y,Y,Y
15147,PSEG Fossil LLC,2406,PSEG Linden Generating Station,NJ,Union,2001,OP,Natural Gas Fired Combined Cycle,CA,IPP Non-CHP,2,315.0,238.4,238.4,NG,DFO,Y,N,,,,,,,Y,Y,312,313,250.89,250.89,6H,1H,Y,Y,Y,Y
15147,PSEG Fossil LLC,2406,PSEG Linden Generating Station,NJ,Union,2101,OP,Natural Gas Fired Combined Cycle,CT,IPP Non-CHP,2,181.4,188.3,188.3,NG,DFO,Y,N,,,,,,,Y,Y,178.5,202,149.05,149.05,6H,1H,Y,Y,Y,Y
15147,PSEG Fossil LLC,2406,PSEG Linden Generating Station,NJ,Union,2201,OP,Natural Gas Fired Combined Cycle,CT,IPP Non-CHP,2,181.4,188.3,188.3,NG,DFO,Y,N,,,,,,,Y,Y,178.5,202,149.05,149.05,6H,1H,Y,Y,Y,Y
15147,PSEG Fossil LLC,2406,PSEG Linden Generating Station,NJ,Union,5,OP,Natural Gas Fired Combustion Turbine,GT,IPP Non-CHP,2,96.1,86,86,NG,KER,Y,Y,NG,KER,,,,,Y,Y,86,90.5,86,90.5,1H,1H,Y,,Y,
15147,PSEG Fossil LLC,2406,PSEG Linden Generating Station,NJ,Union,6,OP,Natural Gas Fired Combustion Turbine,GT,IPP Non-CHP,2,96.1,86,86,NG,KER,Y,Y,NG,KER,,,,,Y,Y,86,89.5,86,89.5,1H,1H,Y,,Y,
15147,PSEG Fossil LLC,2406,PSEG Linden Generating Station,NJ,Union,7,OP,Natural Gas Fired Combustion Turbine,GT,IPP Non-CHP,2,96.1,84,84,NG,KER,Y,Y,NG,KER,,,,,Y,Y,84,84.1,84,84.1,1H,1H,Y,,Y,
15147,PSEG Fossil LLC,2406,PSEG Linden Generating Station,NJ,Union,8,OP,Natural Gas Fired Combustion Turbine,GT,IPP Non-CHP,2,96.1,80.2,80.2,NG,KER,Y,Y,NG,KER,,,,,Y,Y,84,84.1,84,84.1,1H,1H,Y,,Y,
15147,PSEG Fossil LLC,2408,PSEG Mercer Generating Station,NJ,Mercer,1,OP,Conventional Steam Coal,ST,IPP Non-CHP,2,326.4,316,316,BIT,NG,Y,Y,BIT,NG,,,,,N,, , , , ,,,,,,
15147,PSEG Fossil LLC,2408,PSEG Mercer Generating Station,NJ,Mercer,2,OP,Conventional Steam Coal,ST,IPP Non-CHP,2,326.4,316,316,BIT,NG,Y,Y,BIT,NG,,,,,N,, , , , ,,,,,,
19856,City of Vineland - (NJ),2434,Howard Down,NJ,Cumberland,11,OP,Natural Gas Fired Combustion Turbine,GT,Electric Utility,1,68.2,55,60,NG,DFO,Y,N,,,,,,,Y,Y,60.3,60.4,59.2,59.2,1H,1H,Y,Y,Y,
58971,Danskammer Energy,2480,Danskammer Generating Station,NY,Orange,1,OP,Natural Gas Steam Turbine,ST,IPP Non-CHP,2,72.0,70.7,68.2,NG,RFO,Y,Y,RFO,NG,,,,,Y,Y,70.7,68.2,70.7,68.2,1H,1H,N,Y,,
58971,Danskammer Energy,2480,Danskammer Generating Station,NY,Orange,2,OP,Natural Gas Steam Turbine,ST,IPP Non-CHP,2,73.5,65.7,65.5,NG,RFO,Y,Y,RFO,NG,,,,,Y,Y,65.7,65.5,65.7,65.5,1H,1H,N,Y,,
3249,Central Hudson Gas & Elec Corp,2487,West Coxsackie,NY,Greene,GT1,OP,Natural Gas Fired Combustion Turbine,GT,Electric Utility,1,21.6,21.3,21.3,NG,,Y,N,,,,,,,Y,Y,19.6,19.6,19.6,19.6,1H,1H,Y,,Y,
4226,Consolidated Edison Co-NY Inc,2493,East River,NY,New York,1,OP,Natural Gas Fired Combustion Turbine,GT,Electric Utility,1,180.0,152.3,195.8,NG,KER,Y,N,,,,,,,Y,N,152.3,195.8,143.8,182.8,UNK,UNK,Y,,Y,
4226,Consolidated Edison Co-NY Inc,2493,East River,NY,New York,2,OP,Natural Gas Fired Combustion Turbine,GT,Electric Utility,1,180.0,149.1,193.7,NG,KER,Y,N,,,,,,,Y,N,149.1,193.7,148.3,182.8,72H,UNK,Y,,Y,
4226,Consolidated Edison Co-NY Inc,2493,East River,NY,New York,6,OP,Natural Gas Steam Turbine,ST,Electric Utility,1,156.2,143.1,142.8,NG,RFO,Y,N,,,,,,,Y,Y,143.1,142.8,130,140,6H,6H,Y,,,Y
4226,Consolidated Edison Co-NY Inc,2493,East River,NY,New York,7,OP,Natural Gas Steam Turbine,ST,Electric Utility,1,200.0,185.6,184.1,NG,RFO,Y,N,,,,,,,Y,Y,185.6,184.1,170,185,6H,6H,Y,,,Y
54863,U S Power Generating Company LLC,2494,Gowanus Gas Turbines Generating,NY,Kings,GT21,OP,Natural Gas Fired Combustion Turbine,GT,IPP Non-CHP,2,20.0,16.9,21.3,NG,DFO,Y,Y,NG,DFO,,,,,Y,Y,17.2,20.6,17.2,20.6,1H,1H,Y,,Y,
54863,U S Power Generating Company LLC,2494,Gowanus Gas Turbines Generating,NY,Kings,GT22,OP,Natural Gas Fired Combustion Turbine,GT,IPP Non-CHP,2,20.0,18.2,22.5,NG,DFO,Y,Y,NG,DFO,,,,,Y,Y,17.7,21.8,17.7,21.8,1H,1H,Y,,Y,
54863,U S Power Generating Company LLC,2494,Gowanus Gas Turbines Generating,NY,Kings,GT23,OP,Natural Gas Fired Combustion Turbine,GT,IPP Non-CHP,2,20.0,19,23.7,NG,DFO,Y,Y,NG,DFO,,,,,Y,Y,19.2,23.3,19.2,23.3,1H,1H,Y,,Y,
54863,U S Power Generating Company LLC,2494,Gowanus Gas Turbines Generating,NY,Kings,GT24,OP,Natural Gas Fired Combustion Turbine,GT,IPP Non-CHP,2,20.0,17.5,21.7,NG,DFO,Y,Y,NG,DFO,,,,,Y,Y,17.2,21,17.2,21,1H,1H,Y,,Y,
54863,U S Power Generating Company LLC,2494,Gowanus Gas Turbines Generating,NY,Kings,GT25,OP,Natural Gas Fired Combustion Turbine,GT,IPP Non-CHP,2,20.0,17.5,22.7,NG,DFO,Y,Y,NG,DFO,,,,,Y,Y,17.4,21,17.4,21,1H,1H,Y,,Y,
54863,U S Power Generating Company LLC,2494,Gowanus Gas Turbines Generating,NY,Kings,GT26,OP,Natural Gas Fired Combustion Turbine,GT,IPP Non-CHP,2,20.0,19.1,23.6,NG,DFO,Y,Y,NG,DFO,,,,,Y,Y,18.7,23,18.7,23,1H,1H,Y,,Y,
54863,U S Power Generating Company LLC,2494,Gowanus Gas Turbines Generating,NY,Kings,GT27,OP,Natural Gas Fired Combustion Turbine,GT,IPP Non-CHP,2,20.0,19.1,23.5,NG,DFO,Y,Y,NG,DFO,,,,,Y,Y,18.1,22.7,18.1,22.7,1H,1H,Y,,Y,
54863,U S Power Generating Company LLC,2494,Gowanus Gas Turbines Generating,NY,Kings,GT28,OP,Natural Gas Fired Combustion Turbine,GT,IPP Non-CHP,2,20.0,17.2,21.6,NG,DFO,Y,Y,NG,DFO,,,,,Y,Y,17.5,21.3,17.5,21.3,1H,1H,Y,,Y,
54863,U S Power Generating Company LLC,2494,Gowanus Gas Turbines Generating,NY,Kings,GT31,OP,Natural Gas Fired Combustion Turbine,GT,IPP Non-CHP,2,20.0,16.5,21.7,NG,DFO,Y,Y,NG,DFO,,,,,Y,Y,17.3,20.1,17.3,20.1,1H,1H,Y,,Y,
54863,U S Power Generating Company LLC,2494,Gowanus Gas Turbines Generating,NY,Kings,GT32,OP,Natural Gas Fired Combustion Turbine,GT,IPP Non-CHP,2,20.0,16.5,21.7,NG,DFO,Y,Y,NG,DFO,,,,,Y,Y,17.3,20.4,17.3,20.4,1H,1H,Y,,Y,
54863,U S Power Generating Company LLC,2494,Gowanus Gas Turbines Generating,NY,Kings,GT33,OP,Natural Gas Fired Combustion Turbine,GT,IPP Non-CHP,2,20.0,17.9,23.3,NG,DFO,Y,Y,NG,DFO,,,,,Y,Y,18.4,23.5,18.4,23.5,1H,1H,Y,,Y,
54863,U S Power Generating Company LLC,2494,Gowanus Gas Turbines Generating,NY,Kings,GT34,OP,Natural Gas Fired Combustion Turbine,GT,IPP Non-CHP,2,20.0,16.3,21.5,NG,DFO,Y,Y,NG,DFO,,,,,Y,Y,16.5,21,16.5,21,1H,1H,Y,,Y,
54863,U S Power Generating Company LLC,2494,Gowanus Gas Turbines Generating,NY,Kings,GT35,OP,Natural Gas Fired Combustion Turbine,GT,IPP Non-CHP,2,20.0,17,22.3,NG,DFO,Y,Y,NG,DFO,,,,,Y,Y,18.2,21.2,18.2,21.2,1H,1H,Y,,Y,
54863,U S Power Generating Company LLC,2494,Gowanus Gas Turbines Generating,NY,Kings,GT36,OP,Natural Gas Fired Combustion Turbine,GT,IPP Non-CHP,2,20.0,15.2,20.3,NG,DFO,Y,Y,NG,DFO,,,,,Y,Y,15.6,18.9,15.6,18.9,1H,1H,Y,,Y,
54863,U S Power Generating Company LLC,2494,Gowanus Gas Turbines Generating,NY,Kings,GT37,OP,Natural Gas Fired Combustion Turbine,GT,IPP Non-CHP,2,20.0,17.9,23.1,NG,DFO,Y,Y,NG,DFO,,,,,Y,Y,18.2,20.1,18.2,20.1,1H,1H,Y,,Y,
54863,U S Power Generating Company LLC,2494,Gowanus Gas Turbines Generating,NY,Kings,GT38,OP,Natural Gas Fired Combustion Turbine,GT,IPP Non-CHP,2,20.0,18,23.2,NG,DFO,Y,Y,NG,DFO,,,,,Y,Y,17.9,22.4,17.9,22.4,1H,1H,Y,,Y,
54863,U S Power Generating Company LLC,2499,Narrows Gas Turbines Generating,NY,Kings,NT11,OP,Natural Gas Fired Combustion Turbine,GT,IPP Non-CHP,2,22.0,18.5,24,NG,DFO,Y,Y,NG,DFO,,,,,Y,Y,19.1,21.9,19.1,21.9,1H,1H,Y,,Y,
54863,U S Power Generating Company LLC,2499,Narrows Gas Turbines Generating,NY,Kings,NT12,OP,Natural Gas Fired Combustion Turbine,GT,IPP Non-CHP,2,22.0,16.7,22.7,NG,DFO,Y,Y,NG,DFO,,,,,Y,Y,17.3,20.7,17.3,20.7,1H,1H,Y,,Y,
54863,U S Power Generating Company LLC,2499,Narrows Gas Turbines Generating,NY,Kings,NT13,OP,Natural Gas Fired Combustion Turbine,GT,IPP Non-CHP,2,22.0,18.2,23.3,NG,DFO,Y,Y,NG,DFO,,,,,Y,Y,18.3,22.8,18.3,22.8,1H,1H,Y,,Y,
54863,U S Power Generating Company LLC,2499,Narrows Gas Turbines Generating,NY,Kings,NT14,OP,Natural Gas Fired Combustion Turbine,GT,IPP Non-CHP,2,22.0,18,23.6,NG,DFO,Y,Y,NG,DFO,,,,,Y,Y,18.4,23.1,18.4,23.1,1H,1H,Y,,Y,
54863,U S Power Generating Company LLC,2499,Narrows Gas Turbines Generating,NY,Kings,NT15,OP,Natural Gas Fired Combustion Turbine,GT,IPP Non-CHP,2,22.0,19,23.5,NG,DFO,Y,Y,NG,DFO,,,,,Y,Y,18.6,22.7,18.6,22.7,1H,1H,Y,,Y,
54863,U S Power Generating Company LLC,2499,Narrows Gas Turbines Generating,NY,Kings,NT16,OP,Natural Gas Fired Combustion Turbine,GT,IPP Non-CHP,2,22.0,16,21.1,NG,DFO,Y,Y,NG,DFO,,,,,Y,Y,16.6,20,16.6,20,1H,1H,Y,,Y,
54863,U S Power Generating Company LLC,2499,Narrows Gas Turbines Generating,NY,Kings,NT17,OP,Natural Gas Fired Combustion Turbine,GT,IPP Non-CHP,2,22.0,16.1,20.5,NG,DFO,Y,Y,NG,DFO,,,,,Y,Y,16.6,20.4,16.6,20.4,1H,1H,Y,,Y,
54863,U S Power Generating Company LLC,2499,Narrows Gas Turbines Generating,NY,Kings,NT18,OP,Natural Gas Fired Combustion Turbine,GT,IPP Non-CHP,2,22.0,16.9,22.2,NG,DFO,Y,Y,NG,DFO,,,,,Y,Y,16.6,20.5,16.6,20.5,1H,1H,Y,,Y,
54863,U S Power Generating Company LLC,2499,Narrows Gas Turbines Generating,NY,Kings,NT21,OP,Natural Gas Fired Combustion Turbine,GT,IPP Non-CHP,2,22.0,18.4,24.4,NG,DFO,Y,Y,NG,DFO,,,,,Y,Y,18.8,22.6,18.8,22.6,1H,1H,Y,,Y,
54863,U S Power Generating Company LLC,2499,Narrows Gas Turbines Generating,NY,Kings,NT22,OP,Natural Gas Fired Combustion Turbine,GT,IPP Non-CHP,2,22.0,17.2,22.5,NG,DFO,Y,Y,NG,DFO,,,,,Y,Y,17.3,21,17.3,21,1H,1H,Y,,Y,
54863,U S Power Generating Company LLC,2499,Narrows Gas Turbines Generating,NY,Kings,NT23,OP,Natural Gas Fired Combustion Turbine,GT,IPP Non-CHP,2,22.0,17.9,23.3,NG,DFO,Y,Y,NG,DFO,,,,,Y,Y,18.4,22.4,18.4,22.4,1H,1H,Y,,Y,
54863,U S Power Generating Company LLC,2499,Narrows Gas Turbines Generating,NY,Kings,NT24,OP,Natural Gas Fired Combustion Turbine,GT,IPP Non-CHP,2,22.0,18.3,23.2,NG,DFO,Y,Y,NG,DFO,,,,,Y,Y,17.3,21.4,17.3,21.4,1H,1H,Y,,Y,
54863,U S Power Generating Company LLC,2499,Narrows Gas Turbines Generating,NY,Kings,NT25,OP,Natural Gas Fired Combustion Turbine,GT,IPP Non-CHP,2,22.0,17.6,24,NG,DFO,Y,Y,NG,DFO,,,,,Y,Y,18.2,22.2,18.2,22.2,1H,1H,Y,,Y,
54863,U S Power Generating Company LLC,2499,Narrows Gas Turbines Generating,NY,Kings,NT26,OP,Natural Gas Fired Combustion Turbine,GT,IPP Non-CHP,2,22.0,15.5,21.3,NG,DFO,Y,Y,NG,DFO,,,,,Y,Y,15.9,19.5,15.9,19.5,1H,1H,Y,,Y,
54863,U S Power Generating Company LLC,2499,Narrows Gas Turbines Generating,NY,Kings,NT27,OP,Natural Gas Fired Combustion Turbine,GT,IPP Non-CHP,2,22.0,18.3,24.6,NG,DFO,Y,Y,NG,DFO,,,,,Y,Y,18.7,22.8,18.7,22.8,1H,1H,Y,,Y,
54863,U S Power Generating Company LLC,2499,Narrows Gas Turbines Generating,NY,Kings,NT28,OP,Natural Gas Fired Combustion Turbine,GT,IPP Non-CHP,2,22.0,15.8,21.6,NG,DFO,Y,Y,NG,DFO,,,,,Y,Y,16.9,20.1,16.9,20.1,1H,1H,Y,,Y,
10023,TC Ravenswood LLC,2500,Ravenswood,NY,Queens,1,OP,Natural Gas Steam Turbine,ST,IPP Non-CHP,2,400.0,366,371.5,NG,RFO,Y,Y,NG,RFO,,,,,Y,Y,366,371.5,366,371.5,6H,6H,Y,,Y,
10023,TC Ravenswood LLC,2500,Ravenswood,NY,Queens,2,OP,Natural Gas Steam Turbine,ST,IPP Non-CHP,2,400.0,367.2,376,NG,RFO,Y,Y,NG,RFO,,,,,Y,Y,367.2,376,367.2,376,6H,6H,Y,,Y,
10023,TC Ravenswood LLC,2500,Ravenswood,NY,Queens,3,OP,Natural Gas Steam Turbine,ST,IPP Non-CHP,2,1027.0,972.5,973,NG,RFO,Y,Y,NG,RFO,,,,,Y,Y,972.5,973,972.5,973,6H,6H,Y,,Y,
10023,TC Ravenswood LLC,2500,Ravenswood,NY,Queens,4,OP,Natural Gas Fired Combined Cycle,CT,IPP Non-CHP,2,170.0,154.8,194.2,NG,KER,Y,N,,,,,,,Y,Y,154.8,194.2,154.8,194.2,6H,6H,Y,Y,Y,
10023,TC Ravenswood LLC,2500,Ravenswood,NY,Queens,4S,OP,Natural Gas Fired Combined Cycle,CA,IPP Non-CHP,2,80.0,75.8,82.7,NG,KER,Y,N,,,,,,,Y,Y,75.8,82.7,75.8,82.7,6H,6H,Y,Y,Y,
10023,TC Ravenswood LLC,2500,Ravenswood,NY,Queens,GT10,SB,Natural Gas Fired Combustion Turbine,GT,IPP Non-CHP,2,25.0,17.9,22.7,NG,KER,Y,N,,,,,,,Y,Y,17.9,22.7,17.9,22.7,1H,1H,Y,Y,Y,
10023,TC Ravenswood LLC,2500,Ravenswood,NY,Queens,GT11,SB,Natural Gas Fired Combustion Turbine,GT,IPP Non-CHP,2,25.0,16.8,22.2,NG,KER,Y,N,,,,,,,Y,Y,16.8,22.2,16.8,22.2,1H,1H,Y,Y,Y,
10023,TC Ravenswood LLC,2500,Ravenswood,NY,Queens,GT4,OS,Natural Gas Fired Combustion Turbine,GT,IPP Non-CHP,2,21.1,12.9,15.6,NG,KER,Y,N,,,,,,,Y,Y, , , , ,1H,1H,Y,Y,Y,
10023,TC Ravenswood LLC,2500,Ravenswood,NY,Queens,GT5,OS,Natural Gas Fired Combustion Turbine,GT,IPP Non-CHP,2,21.1,15.5,17.2,NG,KER,Y,N,,,,,,,Y,Y, , , , ,1H,1H,Y,Y,Y,
10023,TC Ravenswood LLC,2500,Ravenswood,NY,Queens,GT6,OS,Natural Gas Fired Combustion Turbine,GT,IPP Non-CHP,2,22.0,12.6,16.5,NG,KER,Y,N,,,,,,,Y,Y, , , , ,1H,1H,Y,Y,Y,
10023,TC Ravenswood LLC,2500,Ravenswood,NY,Queens,GT7,OS,Natural Gas Fired Combustion Turbine,GT,IPP Non-CHP,2,22.0,12.7,15.5,NG,KER,Y,N,,,,,,,Y,Y, , , , ,,,N,,,
10023,TC Ravenswood LLC,2500,Ravenswood,NY,Queens,GT9,SB,Natural Gas Fired Combustion Turbine,GT,IPP Non-CHP,2,25.0,16.3,21.9,NG,KER,Y,N,,,,,,,Y,Y,16.3,21.9,16.3,21.9,1H,1H,Y,Y,Y,
4226,Consolidated Edison Co-NY Inc,2503,59th Street,NY,New York,GT1,OP,Natural Gas Fired Combustion Turbine,GT,Electric Utility,1,17.1,14.4,20.8,NG,KER,Y,N,,,,,,,Y,N,14.4,20.8,14.4,20.8,UNK,UNK,N,,,
56505,National Grid Generation LLC,2511,E F Barrett,NY,Nassau,10,OP,Natural Gas Fired Combustion Turbine,GT,Electric Utility,1,41.8,39.6,49.7,NG,DFO,Y,N,,,,,,,Y,Y,39.5,49.3,39.5,49.3,1H,1H,N,,,
56505,National Grid Generation LLC,2511,E F Barrett,NY,Nassau,11,OP,Natural Gas Fired Combustion Turbine,GT,Electric Utility,1,41.8,40.1,49.7,NG,DFO,Y,N,,,,,,,Y,Y,40,49.3,40,49.3,1H,1H,N,,,
56505,National Grid Generation LLC,2511,E F Barrett,NY,Nassau,12,OP,Natural Gas Fired Combustion Turbine,GT,Electric Utility,1,41.8,40.9,49.3,NG,DFO,Y,N,,,,,,,Y,Y,40.2,48.8,40.2,48.8,1H,1H,N,,,
56505,National Grid Generation LLC,2511,E F Barrett,NY,Nassau,3,OP,Natural Gas Fired Combustion Turbine,GT,Electric Utility,1,18.0,17.2,20,NG,DFO,Y,N,,,,,,,Y,Y,17.5,20.4,17.5,20.4,1H,1H,N,,,
56505,National Grid Generation LLC,2511,E F Barrett,NY,Nassau,4,OP,Natural Gas Fired Combustion Turbine,GT,Electric Utility,1,18.0,17.1,19.2,NG,DFO,Y,N,,,,,,,Y,Y,17.7,20.5,17.7,20.5,1H,1H,N,,,
56505,National Grid Generation LLC,2511,E F Barrett,NY,Nassau,5,OP,Natural Gas Fired Combustion Turbine,GT,Electric Utility,1,18.0,17.3,19.9,NG,DFO,Y,N,,,,,,,Y,Y,17,20,17,20,1H,1H,N,,,
56505,National Grid Generation LLC,2511,E F Barrett,NY,Nassau,6,OP,Natural Gas Fired Combustion Turbine,GT,Electric Utility,1,18.0,17.8,20,NG,DFO,Y,N,,,,,,,Y,Y,16.7,20.2,16.7,20.2,1H,1H,N,,,
56505,National Grid Generation LLC,2511,E F Barrett,NY,Nassau,8,OP,Natural Gas Fired Combustion Turbine,GT,Electric Utility,1,18.0,16.9,20.4,NG,DFO,Y,N,,,,,,,Y,Y,17,20,17,20,1H,1H,N,,,
56505,National Grid Generation LLC,2511,E F Barrett,NY,Nassau,9,OP,Natural Gas Fired Combustion Turbine,GT,Electric Utility,1,41.8,40.7,50.3,NG,DFO,Y,N,,,,,,,Y,Y,39.8,49.2,39.8,49.2,1H,1H,N,,,
56505,National Grid Generation LLC,2511,E F Barrett,NY,Nassau,GT1,OP,Natural Gas Fired Combustion Turbine,GT,Electric Utility,1,18.0,17.4,16,NG,DFO,Y,N,,,,,,,Y,Y,16.3,19.3,16.3,19.3,1H,1H,N,,,
56505,National Grid Generation LLC,2511,E F Barrett,NY,Nassau,GT2,OP,Natural Gas Fired Combustion Turbine,GT,Electric Utility,1,18.0,17.5,18.7,NG,DFO,Y,N,,,,,,,Y,Y,14.9,17.5,14.9,17.5,1H,1H,N,,,
56505,National Grid Generation LLC,2511,E F Barrett,NY,Nassau,ST1,OP,Natural Gas Steam Turbine,ST,Electric Utility,1,188.0,193,199.2,NG,RFO,Y,Y,NG,RFO,,,,,Y,Y,195.2,194.5,195.2,194.5,6H,6H,N,Y,,
56505,National Grid Generation LLC,2511,E F Barrett,NY,Nassau,ST2,OP,Natural Gas Steam Turbine,ST,Electric Utility,1,188.0,192.7,196,NG,RFO,Y,Y,NG,RFO,,,,,Y,Y,196.2,194.2,196.2,194.2,6H,6H,N,Y,,
56505,National Grid Generation LLC,2516,Northport,NY,Suffolk,2,OP,Natural Gas Steam Turbine,ST,Electric Utility,1,387.0,399,399,NG,RFO,Y,Y,NG,RFO,,,,,Y,Y,393.5,393.5,393.5,393.5,6H,6H,N,,,
56505,National Grid Generation LLC,2516,Northport,NY,Suffolk,3,OP,Natural Gas Steam Turbine,ST,Electric Utility,1,387.0,390.5,390,NG,RFO,Y,Y,NG,RFO,,,,,Y,Y,396,397,396,397,6H,6H,N,,,
56505,National Grid Generation LLC,2516,Northport,NY,Suffolk,4,OP,Natural Gas Steam Turbine,ST,Electric Utility,1,387.0,391.7,386.2,NG,RFO,Y,Y,NG,RFO,,,,,Y,Y,395.5,395,395.5,395,6H,6H,N,,,
56505,National Grid Generation LLC,2516,Northport,NY,Suffolk,ST1,OP,Natural Gas Steam Turbine,ST,Electric Utility,1,387.0,399.5,397,NG,RFO,Y,Y,NG,RFO,,,,,Y,Y,397.7,387.7,397.7,387.7,6H,6H,N,,,
56505,National Grid Generation LLC,2517,Port Jefferson,NY,Suffolk,3,OP,Natural Gas Steam Turbine,ST,Electric Utility,1,188.0,190.3,188.5,NG,RFO,Y,Y,NG,RFO,,,,,Y,Y,195,193.5,195,193.5,6H,6H,N,,,
56505,National Grid Generation LLC,2517,Port Jefferson,NY,Suffolk,4,OP,Natural Gas Steam Turbine,ST,Electric Utility,1,188.0,189.5,198.2,NG,RFO,Y,Y,NG,RFO,,,,,Y,Y,197.7,194.5,197.7,194.5,6H,6H,N,,,
56505,National Grid Generation LLC,2517,Port Jefferson,NY,Suffolk,GT2,OP,Natural Gas Fired Combustion Turbine,GT,Electric Utility,1,53.0,40.5,45.7,NG,KER,Y,N,,,,,,,Y,N,43.3,48.1,43.3,48.1,1H,1H,Y,,Y,
56505,National Grid Generation LLC,2517,Port Jefferson,NY,Suffolk,GT3,OP,Natural Gas Fired Combustion Turbine,GT,Electric Utility,1,53.0,41.1,46.3,NG,KER,Y,N,,,,,,,Y,N,39.7,46,39.7,46,1H,1H,Y,,Y,
25,Greenidge Generation Holdings LLC,2527,Greenidge Generation LLC,NY,Yates,4,OP,Conventional Steam Coal,ST,IPP Non-CHP,2,112.0,107.5,106.3,BIT,NG,Y,Y,BIT,NG,WDS,,,,N,, , , , ,,,,,,
14294,PSEG Power New York Inc,2539,Bethlehem Energy Center,NY,Albany,5,OP,Natural Gas Fired Combined Cycle,CT,IPP Non-CHP,2,194.3,166.6,187.9,NG,KER,Y,N,,,,,,,Y,Y,170.5,191.1,170.5,191.1,UNK,UNK,Y,Y,,
14294,PSEG Power New York Inc,2539,Bethlehem Energy Center,NY,Albany,6,OP,Natural Gas Fired Combined Cycle,CT,IPP Non-CHP,2,194.3,166.6,187.9,NG,KER,Y,N,,,,,,,Y,Y,170.5,191.1,170.5,191.1,UNK,UNK,Y,Y,,
14294,PSEG Power New York Inc,2539,Bethlehem Energy Center,NY,Albany,7,OP,Natural Gas Fired Combined Cycle,CT,IPP Non-CHP,2,194.3,182.6,203.9,NG,KER,Y,N,,,,,,,Y,Y,170.5,191.1,170.5,191.1,UNK,UNK,Y,Y,,
14294,PSEG Power New York Inc,2539,Bethlehem Energy Center,NY,Albany,8,OP,Natural Gas Fired Combined Cycle,CA,IPP Non-CHP,2,310.2,257,296.6,NG,KER,Y,N,,,,,,,Y,Y,263,300,263,300,UNK,UNK,Y,Y,,
13923,NRG Oswego Harbor Power Operations Inc,2594,Oswego Harbor Power,NY,Oswego,ST6,OP,Petroleum Liquids,ST,IPP Non-CHP,2,901.8,823.3,832.3,RFO,NG,Y,Y,RFO,NG,,,,,Y,Y,180,180,850,850,6H,UNK,Y,Y,,
12792,NRG New York LLC,2625,Bowline Point,NY,Rockland,1,OP,Natural Gas Steam Turbine,ST,IPP Non-CHP,2,621.0,575,578,NG,RFO,Y,Y,NG,RFO,,,,,Y,Y,572,572,572,572,6H,6H,Y,Y,,
12792,NRG New York LLC,2625,Bowline Point,NY,Rockland,2,OP,Natural Gas Steam Turbine,ST,IPP Non-CHP,2,621.0,562,567,NG,RFO,Y,Y,NG,RFO,,,,,Y,Y,562,567,562,567,6H,6H,Y,Y,,
56142,"Alliance NYGT, LLC",2628,Hillburn,NY,Rockland,GEN1,OP,Natural Gas Fired Combustion Turbine,GT,IPP Non-CHP,2,46.5,33.1,43.8,NG,KER,Y,N,,,,,,,Y,N,33.1,43,33.1,43,1H,1H,Y,,Y,
56142,"Alliance NYGT, LLC",2632,Shoemaker,NY,Orange,SHOE,OP,Natural Gas Fired Combustion Turbine,GT,IPP Non-CHP,2,41.9,33,40,NG,KER,Y,N,,,,,,,Y,N,33,43,33,43,1H,1H,Y,,Y,
6775,Village of Freeport - (NY),2679,Plant No 2 Freeport,NY,Nassau,CT5,OP,Natural Gas Fired Combustion Turbine,GT,Electric Utility,1,60.5,49,49,NG,KER,Y,N,,,,,,,Y,N,49.5,49.5,49.5,49.5,6H,1H,N,,,
16217,Village of Rockville Centre - (NY),2695,Charles P Keller,NY,Nassau,10,OP,Natural Gas Internal Combustion Engine,IC,Electric Utility,1,3.5,3.2,3.2,NG,DFO,Y,N,,,,,,,Y,Y,2.9,2.9,3.2,3.2,1H,1H,Y,Y,Y,
16217,Village of Rockville Centre - (NY),2695,Charles P Keller,NY,Nassau,11,OP,Natural Gas Internal Combustion Engine,IC,Electric Utility,1,5.2,5.2,5.2,NG,DFO,Y,N,,,,,,,Y,Y,4.95,4.95,5.2,5.2,1H,1H,Y,Y,Y,
16217,Village of Rockville Centre - (NY),2695,Charles P Keller,NY,Nassau,12,OP,Natural Gas Internal Combustion Engine,IC,Electric Utility,1,5.5,5.5,5.5,NG,DFO,Y,N,,,,,,,Y,Y,5.2,5.2,5.5,5.5,1H,1H,Y,Y,Y,
16217,Village of Rockville Centre - (NY),2695,Charles P Keller,NY,Nassau,13,OP,Natural Gas Internal Combustion Engine,IC,Electric Utility,1,5.5,5.5,5.5,NG,DFO,Y,N,,,,,,,Y,Y,5.2,5.2,5.5,5.5,1H,1H,Y,Y,Y,
16217,Village of Rockville Centre - (NY),2695,Charles P Keller,NY,Nassau,14,OP,Natural Gas Internal Combustion Engine,IC,Electric Utility,1,6.2,6.2,6.2,NG,DFO,Y,N,,,,,,,Y,Y,6.2,6.2,6.2,6.2,1H,1H,Y,Y,Y,
16217,Village of Rockville Centre - (NY),2695,Charles P Keller,NY,Nassau,9,OP,Natural Gas Internal Combustion Engine,IC,Electric Utility,1,3.5,3.2,3.2,NG,DFO,Y,N,,,,,,,Y,Y,2.9,2.9,3.2,3.2,1H,1H,Y,Y,Y,
3046,Duke Energy Progress - (NC),2706,Asheville,NC,Buncombe,GT1,OP,Natural Gas Fired Combustion Turbine,GT,Electric Utility,1,211.7,160,185,NG,DFO,Y,Y,DFO,NG,,,,,Y,Y,160,185,160,185,1H,1H,Y,Y,Y,Y
3046,Duke Energy Progress - (NC),2706,Asheville,NC,Buncombe,GT2,OP,Natural Gas Fired Combustion Turbine,GT,Electric Utility,1,211.8,160,185,NG,DFO,Y,Y,DFO,NG,,,,,Y,Y,160,185,160,185,1H,1H,Y,Y,Y,Y
4922,Dayton Power & Light Co,2847,Frank M Tait,OH,Montgomery,GT1,OP,Natural Gas Fired Combustion Turbine,GT,Electric Utility,1,103.5,88,100,NG,DFO,Y,N,,,,,,,Y,Y,88,100,88,100,6H,6H,N,,,
4922,Dayton Power & Light Co,2847,Frank M Tait,OH,Montgomery,GT2,OP,Natural Gas Fired Combustion Turbine,GT,Electric Utility,1,106.1,89,102,NG,DFO,Y,N,,,,,,,Y,Y,89,102,89,102,6H,6H,N,,,
4922,Dayton Power & Light Co,2847,Frank M Tait,OH,Montgomery,GT3,OP,Natural Gas Fired Combustion Turbine,GT,Electric Utility,1,84.2,79,102,NG,DFO,Y,N,,,,,,,Y,Y,79,102,79,102,6H,6H,N,,,
4922,Dayton Power & Light Co,2847,Frank M Tait,OH,Montgomery,IC1,OP,Petroleum Liquids,IC,Electric Utility,1,2.7,2.5,2.5,DFO,NG,Y,N,,,,,,,Y,Y,80,100,80,100,6H,6H,N,,,
4922,Dayton Power & Light Co,2847,Frank M Tait,OH,Montgomery,IC2,OP,Petroleum Liquids,IC,Electric Utility,1,2.7,2.5,2.5,DFO,NG,Y,N,,,,,,,Y,Y,80,100,80,100,6H,6H,N,,,
4922,Dayton Power & Light Co,2847,Frank M Tait,OH,Montgomery,IC3,OP,Petroleum Liquids,IC,Electric Utility,1,2.7,2.5,2.5,DFO,NG,Y,N,,,,,,,Y,Y,80,100,80,100,6H,6H,N,,,
4922,Dayton Power & Light Co,2847,Frank M Tait,OH,Montgomery,IC4,OP,Petroleum Liquids,IC,Electric Utility,1,2.7,2.5,2.5,DFO,,Y,N,,,,,,,Y,N,80,100,80,80,6H,6H,N,,,
4922,Dayton Power & Light Co,2848,O H Hutchings,OH,Montgomery,7,OP,Natural Gas Fired Combustion Turbine,GT,Electric Utility,1,32.6,25,33,NG,DFO,N,N,,,,,,,Y,Y,25,33,25,33,72H,72H,N,,,
4922,Dayton Power & Light Co,2854,Yankee Street,OH,Montgomery,1,OP,Natural Gas Fired Combustion Turbine,GT,Electric Utility,1,18.5,19.5,22,NG,DFO,N,N,,,,,,,Y,Y,19.5,22,19.5,22,6H,6H,N,,,
4922,Dayton Power & Light Co,2854,Yankee Street,OH,Montgomery,2,OP,Natural Gas Fired Combustion Turbine,GT,Electric Utility,1,18.5,19.5,22,NG,DFO,N,N,,,,,,,Y,Y,19.5,22,19.5,22,6H,6H,N,,,
4922,Dayton Power & Light Co,2854,Yankee Street,OH,Montgomery,3,OP,Natural Gas Fired Combustion Turbine,GT,Electric Utility,1,18.5,19.3,22,NG,DFO,N,N,,,,,,,Y,Y,19.3,22,19.3,22,6H,6H,N,,,
4922,Dayton Power & Light Co,2854,Yankee Street,OH,Montgomery,4,OP,Natural Gas Fired Combustion Turbine,GT,Electric Utility,1,17.5,11,11,NG,DFO,N,N,,,,,,,Y,Y,11,11,11,11,6H,6H,N,,,
4922,Dayton Power & Light Co,2854,Yankee Street,OH,Montgomery,5,OP,Natural Gas Fired Combustion Turbine,GT,Electric Utility,1,17.5,9,9,NG,DFO,N,N,,,,,,,Y,Y,9,9,9,9,6H,6H,N,,,
4922,Dayton Power & Light Co,2854,Yankee Street,OH,Montgomery,6,OP,Natural Gas Fired Combustion Turbine,GT,Electric Utility,1,17.5,12,12,NG,DFO,N,N,,,,,,,Y,Y,13,13,13,13,6H,6H,N,,,
4922,Dayton Power & Light Co,2854,Yankee Street,OH,Montgomery,7,OP,Natural Gas Fired Combustion Turbine,GT,Electric Utility,1,17.5,11,11,NG,DFO,N,N,,,,,,,Y,Y,11,11,11,11,6H,6H,N,,,
6526,FirstEnergy Generation Corp,2869,FirstEnergy West Lorain,OH,Lorain,2,OP,Natural Gas Fired Combustion Turbine,GT,IPP Non-CHP,2,85.0,85,85,NG,DFO,Y,N,,,,,,,Y,Y,74,85,74,85,1H,1H,Y,Y,Y,Y
6526,FirstEnergy Generation Corp,2869,FirstEnergy West Lorain,OH,Lorain,3,OP,Natural Gas Fired Combustion Turbine,GT,IPP Non-CHP,2,85.0,85,85,NG,DFO,Y,N,,,,,,,Y,Y,74,85,74,85,1H,1H,Y,Y,Y,Y
6526,FirstEnergy Generation Corp,2869,FirstEnergy West Lorain,OH,Lorain,4,OP,Natural Gas Fired Combustion Turbine,GT,IPP Non-CHP,2,85.0,85,85,NG,DFO,Y,N,,,,,,,Y,Y,74,85,74,85,1H,1H,Y,Y,Y,Y
6526,FirstEnergy Generation Corp,2869,FirstEnergy West Lorain,OH,Lorain,5,OP,Natural Gas Fired Combustion Turbine,GT,IPP Non-CHP,2,85.0,85,85,NG,DFO,Y,N,,,,,,,Y,Y,74,85,74,85,1H,1H,Y,Y,Y,Y
6526,FirstEnergy Generation Corp,2869,FirstEnergy West Lorain,OH,Lorain,6,OP,Natural Gas Fired Combustion Turbine,GT,IPP Non-CHP,2,85.0,85,85,NG,DFO,Y,N,,,,,,,Y,Y,74,85,74,85,1H,1H,Y,Y,Y,Y
2439,City of Bryan - (OH),2903,Bryan (OH),OH,Williams,1,OP,Natural Gas Fired Combustion Turbine,GT,Electric Utility,1,15.8,12.5,19.5,NG,DFO,Y,N,,,,,,,Y,Y,12.5,19,12.5,19,1H,1H,Y,Y,,
2439,City of Bryan - (OH),2903,Bryan (OH),OH,Williams,2,OP,Natural Gas Fired Combustion Turbine,GT,Electric Utility,1,16.0,12.5,19.5,NG,DFO,Y,N,,,,,,,Y,Y,12.5,19,12.5,19,1H,1H,Y,Y,,
3762,City of Cleveland - (OH),2906,Collinwood,OH,Cuyahoga,3,OP,Natural Gas Fired Combustion Turbine,GT,Electric Utility,1,16.0,16,18,NG,DFO,Y,Y,NG,DFO,,,,,Y,Y,16,16,16,16,1H,1H,Y,Y,,
3762,City of Cleveland - (OH),2909,West 41st Street,OH,Cuyahoga,1,OP,Natural Gas Fired Combustion Turbine,GT,Electric Utility,1,16.0,16,18,NG,DFO,Y,Y,NG,DFO,,,,,Y,Y,16,16,16,16,1H,1H,Y,Y,,
3762,City of Cleveland - (OH),2909,West 41st Street,OH,Cuyahoga,2,OP,Natural Gas Fired Combustion Turbine,GT,Electric Utility,1,16.0,16,18,NG,DFO,Y,Y,NG,DFO,,,,,Y,Y,16,16,16,16,1H,1H,Y,Y,,
7977,City of Hamilton - (OH),2917,Hamilton (OH),OH,Butler,9,SB,Natural Gas Steam Turbine,ST,Electric Utility,1,50.6,51,50,NG,BIT,Y,Y,NG,BIT,,,,,N,, , , , ,,,,,,
13949,City of Oberlin - (OH),2933,Oberlin (OH),OH,Lorain,2A,OP,Natural Gas Internal Combustion Engine,IC,Electric Utility,1,3.1,3.1,3.1,NG,DFO,Y,N,,,,,,,Y,Y,3.1,3.1,3.1,3.1,1H,1H,Y,,Y,
13949,City of Oberlin - (OH),2933,Oberlin (OH),OH,Lorain,3A,OP,Natural Gas Internal Combustion Engine,IC,Electric Utility,1,3.1,3.1,3.1,NG,DFO,Y,N,,,,,,,Y,Y,3.1,3.1,3.1,3.1,1H,1H,Y,,Y,
13949,City of Oberlin - (OH),2933,Oberlin (OH),OH,Lorain,6,OP,Natural Gas Internal Combustion Engine,IC,Electric Utility,1,2.5,2,2,NG,DFO,Y,N,,,,,,,Y,Y,2.3,2.3,2.5,2.5,1H,1H,N,,,
13949,City of Oberlin - (OH),2933,Oberlin (OH),OH,Lorain,7,OP,Natural Gas Internal Combustion Engine,IC,Electric Utility,1,2.7,2.7,2.7,NG,DFO,Y,N,,,,,,,Y,Y,2.7,2.7,2.7,2.7,1H,1H,N,,,
13949,City of Oberlin - (OH),2933,Oberlin (OH),OH,Lorain,8,OP,Natural Gas Internal Combustion Engine,IC,Electric Utility,1,3.0,3,3,NG,DFO,Y,N,,,,,,,Y,Y,2.8,2.8,3,3,1H,1H,N,,,
14381,City of Painesville,2936,Painesville,OH,Lake,3,SB,Conventional Steam Coal,ST,Electric Utility,1,7.5,7,7,BIT,NG,Y,Y,NG,,,,,,N,, , , , ,,,,,,
14381,City of Painesville,2936,Painesville,OH,Lake,5,OP,Conventional Steam Coal,ST,Electric Utility,1,16.5,15.5,15.5,BIT,NG,Y,Y,NG,,,,,,N,, , , , ,,,,,,
14381,City of Painesville,2936,Painesville,OH,Lake,7,OP,Conventional Steam Coal,ST,Electric Utility,1,22.0,17.5,17.5,BIT,NG,Y,Y,NG,,,,,,N,, , , , ,,,,,,
14381,City of Painesville,2936,Painesville,OH,Lake,ST2,SB,Conventional Steam Coal,ST,Electric Utility,1,7.5,7,7,BIT,NG,Y,Y,NG,,,,,,N,, , , , ,,,,,,
17043,City of Shelby - (OH),2943,Shelby Municipal Light Plant,OH,Richland,IC1,OP,Petroleum Liquids,IC,Electric Utility,1,3.0,3,3,DFO,NG,Y,Y,DFO,NG,,,,,N,,2.7,2.7,2.7,2.7,,,N,,,
14063,Oklahoma Gas & Electric Co,2951,Horseshoe Lake,OK,Oklahoma,6,OP,Natural Gas Steam Turbine,ST,Electric Utility,1,163.0,167,167,NG,RFO,Y,Y,NG,RFO,,,,,Y,Y,158.5,158.5,150,150,UNK,UNK,Y,,,Y
14063,Oklahoma Gas & Electric Co,2951,Horseshoe Lake,OK,Oklahoma,ST7,OP,Natural Gas Steam Turbine,ST,Electric Utility,1,220.0,213.7,213.7,NG,RFO,Y,Y,NG,RFO,,,,,Y,Y,209,209,209,209,UNK,UNK,Y,,,Y
15474,Public Service Co of Oklahoma,2963,Northeastern,OK,Rogers,3,OP,Conventional Steam Coal,ST,Electric Utility,1,473.0,460,460,SUB,NG,Y,Y,NG,SUB,,,,,,, , , , ,,,,,,
4667,City of Cushing - (OK),2975,Cushing,OK,Payne,1,OP,Petroleum Liquids,IC,Electric Utility,1,2.5,1.8,1.8,DFO,NG,Y,Y,DFO,NG,,,,,N,, , , , ,,,,,,
4667,City of Cushing - (OK),2975,Cushing,OK,Payne,10,OP,Petroleum Liquids,IC,Electric Utility,1,4.5,4,4,DFO,NG,Y,Y,DFO,NG,,,,,N,, , , , ,,,,,,
4667,City of Cushing - (OK),2975,Cushing,OK,Payne,11,OP,Petroleum Liquids,IC,Electric Utility,1,6.3,6.3,6.3,DFO,NG,Y,Y,DFO,NG,,,,,N,, , , , ,,,,,,
4667,City of Cushing - (OK),2975,Cushing,OK,Payne,2,OP,Petroleum Liquids,IC,Electric Utility,1,1.0,0.8,0.8,DFO,NG,Y,Y,DFO,NG,,,,,N,, , , , ,,,,,,
4667,City of Cushing - (OK),2975,Cushing,OK,Payne,3,OP,Petroleum Liquids,IC,Electric Utility,1,0.5,0.4,0.4,DFO,NG,Y,Y,DFO,NG,,,,,N,, , , , ,,,,,,
4667,City of Cushing - (OK),2975,Cushing,OK,Payne,4,OP,Petroleum Liquids,IC,Electric Utility,1,0.5,0.4,0.4,DFO,NG,Y,Y,DFO,NG,,,,,N,, , , , ,,,,,,
4667,City of Cushing - (OK),2975,Cushing,OK,Payne,5,OP,Petroleum Liquids,IC,Electric Utility,1,0.5,0.4,0.4,DFO,NG,Y,Y,DFO,NG,,,,,N,, , , , ,,,,,,
4667,City of Cushing - (OK),2975,Cushing,OK,Payne,6,OP,Petroleum Liquids,IC,Electric Utility,1,0.8,0.6,0.6,DFO,NG,Y,Y,DFO,NG,,,,,N,, , , , ,,,,,,
4667,City of Cushing - (OK),2975,Cushing,OK,Payne,7,OP,Petroleum Liquids,IC,Electric Utility,1,2.5,1.9,1.9,DFO,NG,Y,Y,DFO,NG,,,,,N,, , , , ,,,,,,
4667,City of Cushing - (OK),2975,Cushing,OK,Payne,8,OP,Petroleum Liquids,IC,Electric Utility,1,2.5,1.9,1.9,DFO,NG,Y,Y,DFO,NG,,,,,N,, , , , ,,,,,,
4667,City of Cushing - (OK),2975,Cushing,OK,Payne,9,OP,Petroleum Liquids,IC,Electric Utility,1,3.0,2.7,2.7,DFO,NG,Y,Y,DFO,NG,,,,,N,, , , , ,,,,,,
10320,City of Kingfisher - (OK),2986,Kingfisher,OK,Kingfisher,3,OP,Natural Gas Internal Combustion Engine,IC,Electric Utility,1,2.8,2.9,2.9,NG,DFO,Y,N,,,,,,,Y,Y,2.9,2.9,2.9,2.9,1H,1H,N,,,
10320,City of Kingfisher - (OK),2986,Kingfisher,OK,Kingfisher,4,OP,Natural Gas Internal Combustion Engine,IC,Electric Utility,1,1.3,1.2,1.2,NG,DFO,Y,N,,,,,,,Y,Y,1.2,1.2,1.2,1.2,1H,1H,N,,,
10320,City of Kingfisher - (OK),2986,Kingfisher,OK,Kingfisher,5,OP,Natural Gas Internal Combustion Engine,IC,Electric Utility,1,3.1,3,3,NG,DFO,Y,N,,,,,,,Y,Y,3,3,3,3,1H,1H,N,,,
10320,City of Kingfisher - (OK),2986,Kingfisher,OK,Kingfisher,IC1,OP,Natural Gas Internal Combustion Engine,IC,Electric Utility,1,1.1,1,1,NG,DFO,Y,N,,,,,,,Y,Y,1,1,1,1,1H,1H,N,,,
10320,City of Kingfisher - (OK),2986,Kingfisher,OK,Kingfisher,IC2,OP,Natural Gas Internal Combustion Engine,IC,Electric Utility,1,0.8,0.6,0.6,NG,DFO,Y,N,,,,,,,Y,Y,0.6,0.6,0.6,0.6,1H,1H,N,,,
11566,City of Mangum - (OK),2991,Mangum,OK,Greer,1,OP,Natural Gas Internal Combustion Engine,IC,Electric Utility,1,1.1,0.9,0.9,NG,DFO,Y,N,,,,,,,Y,Y,0.9,0.9,0.9,0.9,1H,1H,N,,,
11566,City of Mangum - (OK),2991,Mangum,OK,Greer,4,OP,Natural Gas Internal Combustion Engine,IC,Electric Utility,1,1.5,1.2,1.2,NG,DFO,Y,N,,,,,,,Y,Y,1.2,1.2,1.2,1.2,1H,1H,N,,,
11566,City of Mangum - (OK),2991,Mangum,OK,Greer,5,OP,Natural Gas Internal Combustion Engine,IC,Electric Utility,1,2.0,1.7,1.7,NG,DFO,Y,N,,,,,,,Y,Y,1.7,1.7,1.7,1.7,1H,1H,N,,,
11566,City of Mangum - (OK),2991,Mangum,OK,Greer,6,OP,Natural Gas Internal Combustion Engine,IC,Electric Utility,1,2.1,1.6,1.6,NG,DFO,Y,N,,,,,,,Y,Y,1.6,1.6,1.6,1.6,1H,1H,N,,,
17235,NRG REMA LLC,3110,Hunterstown,PA,Adams,1,OP,Petroleum Liquids,GT,IPP Non-CHP,2,20.0,18,25,DFO,NG,Y,N,,,,,,,Y,Y,20,20,20,20,6H,6H,Y,,Y,
17235,NRG REMA LLC,3110,Hunterstown,PA,Adams,2,OP,Petroleum Liquids,GT,IPP Non-CHP,2,20.0,17,25,DFO,NG,Y,N,,,,,,,Y,Y,20,20,20,20,6H,6H,Y,,Y,
17235,NRG REMA LLC,3110,Hunterstown,PA,Adams,3,OP,Petroleum Liquids,GT,IPP Non-CHP,2,20.0,18,25,DFO,NG,Y,N,,,,,,,Y,Y,20,20,20,20,6H,6H,Y,,Y,
17235,NRG REMA LLC,3113,Portland (PA),PA,Northampton,3,OP,Petroleum Liquids,GT,IPP Non-CHP,2,18.0,13,16,DFO,NG,Y,N,,,,,,,Y,Y,15,15,15,15,1H,1H,N,,,
17235,NRG REMA LLC,3113,Portland (PA),PA,Northampton,4,OP,Petroleum Liquids,GT,IPP Non-CHP,2,20.0,17,20,DFO,NG,Y,N,,,,,,,Y,Y,20,20,20,20,1H,1H,N,,,
17235,NRG REMA LLC,3132,Warren,PA,Warren,3,OP,Petroleum Liquids,GT,IPP Non-CHP,2,53.1,46,57,DFO,NG,Y,N,,,,,,,Y,N,57,57,57,57,6H,6H,Y,,Y,
15537,Brunner Island LLC,3140,Brunner Island,PA,York,1,OP,Conventional Steam Coal,ST,IPP Non-CHP,2,363.3,306,321,RC,BIT,Y,Y,NG,,,,,,N,, , , , ,,,,,,
15537,Brunner Island LLC,3140,Brunner Island,PA,York,2,OP,Conventional Steam Coal,ST,IPP Non-CHP,2,405.0,363,378,RC,BIT,Y,Y,NG,,,,,,N,, , , , ,,,,,,
15537,Brunner Island LLC,3140,Brunner Island,PA,York,3,OP,Conventional Steam Coal,ST,IPP Non-CHP,2,847.8,742,760.6,RC,NG,Y,Y,NG,,,,,,N,, , , , ,,,,,,
15276,TalenEnergy Martins Creek LLC,3148,TalenEnergy Martins Creek,PA,Northampton,3,OP,Natural Gas Steam Turbine,ST,IPP Non-CHP,2,850.5,850,861.4,NG,DFO,Y,N,NG,RFO,,,,,Y,Y,670,670,850,850,6H,6H,Y,,Y,
15276,TalenEnergy Martins Creek LLC,3148,TalenEnergy Martins Creek,PA,Northampton,4,OP,Natural Gas Steam Turbine,ST,IPP Non-CHP,2,850.5,850,868.3,NG,DFO,Y,N,NG,RFO,,,,,Y,Y,670,670,850,850,6H,6H,Y,,Y,
15534,TalenEnergy Montour LLC,3149,TalenEnergy Montour,PA,Montour,1,OP,Conventional Steam Coal,ST,IPP Non-CHP,2,864.9,752,768.3,RC,BIT,N,Y,DFO,,,,,,N,, , , , ,,,,,,
15534,TalenEnergy Montour LLC,3149,TalenEnergy Montour,PA,Montour,2,OP,Conventional Steam Coal,ST,IPP Non-CHP,2,893.0,752,768.4,RC,DFO,N,Y,DFO,,,,,,N,, , , , ,,,,,,
6035,Exelon Power,3161,Eddystone Generating Station,PA,Delaware,3,OP,Natural Gas Steam Turbine,ST,IPP Non-CHP,2,391.0,380,380,NG,DFO,Y,Y,RFO,NG,,,,,Y,Y,250,250,380,380,6H,6H,Y,Y,,
6035,Exelon Power,3161,Eddystone Generating Station,PA,Delaware,4,OP,Natural Gas Steam Turbine,ST,IPP Non-CHP,2,391.0,380,380,NG,DFO,Y,Y,RFO,NG,,,,,Y,Y,250,250,380,380,6H,6H,Y,Y,,
50018,"Dominion Energy New England, LLC",3236,Manchester Street,RI,Providence,G10A,OP,Natural Gas Fired Combined Cycle,CT,IPP Non-CHP,2,125.0,110.1,115.6,NG,DFO,Y,N,,,,,,,Y,N,110.1,115.6,0,100.1,UNK,6H,Y,,Y,
50018,"Dominion Energy New England, LLC",3236,Manchester Street,RI,Providence,G11A,OP,Natural Gas Fired Combined Cycle,CT,IPP Non-CHP,2,125.0,110.2,115.6,NG,DFO,Y,N,,,,,,,Y,N,110.2,115.6,0,100.1,UNK,6H,Y,,Y,
50018,"Dominion Energy New England, LLC",3236,Manchester Street,RI,Providence,GE10,OP,Natural Gas Fired Combined Cycle,CA,IPP Non-CHP,2,48.0,46.9,54.4,NG,DFO,Y,N,,,,,,,Y,N,46.9,54.4,0,46.9,6H,6H,Y,,Y,
50018,"Dominion Energy New England, LLC",3236,Manchester Street,RI,Providence,GE11,OP,Natural Gas Fired Combined Cycle,CA,IPP Non-CHP,2,46.0,46.8,54.4,NG,DFO,Y,N,,,,,,,Y,N,46.8,54.4,0,46.8,6H,6H,Y,,Y,
50018,"Dominion Energy New England, LLC",3236,Manchester Street,RI,Providence,GE9A,OP,Natural Gas Fired Combined Cycle,CT,IPP Non-CHP,2,125.0,107.1,115.6,NG,DFO,Y,N,,,,,,,Y,N,107.1,115.6,0,100.1,6H,6H,Y,,Y,
50018,"Dominion Energy New England, LLC",3236,Manchester Street,RI,Providence,GEN9,OP,Natural Gas Fired Combined Cycle,CA,IPP Non-CHP,2,46.0,46.9,54.5,NG,DFO,Y,N,,,,,,,Y,N,46.9,54.4,0,46.9,6H,6H,Y,,Y,
3046,Duke Energy Progress - (NC),3250,Darlington County,SC,Darlington,1,OP,Natural Gas Fired Combustion Turbine,GT,Electric Utility,1,66.8,50,63,NG,DFO,Y,N,,,,,,,Y,Y,50,63,50,63,1H,1H,Y,Y,Y,Y
3046,Duke Energy Progress - (NC),3250,Darlington County,SC,Darlington,12,OP,Natural Gas Fired Combustion Turbine,GT,Electric Utility,1,158.0,118,133,NG,DFO,Y,N,,,,,,,Y,Y,118,133,118,133,1H,1H,Y,Y,Y,Y
3046,Duke Energy Progress - (NC),3250,Darlington County,SC,Darlington,13,OP,Natural Gas Fired Combustion Turbine,GT,Electric Utility,1,158.0,116,133,NG,DFO,Y,N,,,,,,,Y,Y,116,133,116,133,1H,1H,Y,Y,Y,Y
3046,Duke Energy Progress - (NC),3250,Darlington County,SC,Darlington,3,OP,Natural Gas Fired Combustion Turbine,GT,Electric Utility,1,66.8,50,63,NG,DFO,Y,N,,,,,,,Y,Y,50,63,50,63,1H,1H,Y,Y,Y,Y
3046,Duke Energy Progress - (NC),3250,Darlington County,SC,Darlington,5,OP,Natural Gas Fired Combustion Turbine,GT,Electric Utility,1,66.8,49,66,NG,DFO,Y,N,,,,,,,Y,Y,49,66,49,66,1H,1H,Y,Y,Y,Y
3046,Duke Energy Progress - (NC),3250,Darlington County,SC,Darlington,7,OP,Natural Gas Fired Combustion Turbine,GT,Electric Utility,1,66.8,49,65,NG,DFO,Y,N,,,,,,,Y,Y,49,65,49,65,1H,1H,Y,Y,Y,Y
5416,"Duke Energy Carolinas, LLC",3264,W S Lee,SC,Anderson,7,OP,Natural Gas Fired Combustion Turbine,GT,Electric Utility,1,54.0,42,41,NG,DFO,Y,N,,,,,,,Y,Y,42,41,42,41,1H,1H,Y,Y,Y,
5416,"Duke Energy Carolinas, LLC",3264,W S Lee,SC,Anderson,8,OP,Natural Gas Fired Combustion Turbine,GT,Electric Utility,1,54.0,42,41,NG,DFO,Y,N,,,,,,,Y,Y,42,41,42,41,1H,1H,Y,Y,Y,
17539,South Carolina Electric&Gas Company,3281,Coit GT,SC,Richland,1,OP,Natural Gas Fired Combustion Turbine,GT,Electric Utility,1,19.6,14,18,NG,DFO,Y,N,,,,,,,Y,Y,14,19,14,19,6H,6H,Y,,Y,
17539,South Carolina Electric&Gas Company,3281,Coit GT,SC,Richland,2,OP,Natural Gas Fired Combustion Turbine,GT,Electric Utility,1,19.6,12,18,NG,DFO,Y,N,,,,,,,Y,Y,14,19,14,19,6H,6H,Y,,Y,
17539,South Carolina Electric&Gas Company,3285,Hagood,SC,Charleston,4,OP,Natural Gas Fired Combustion Turbine,GT,Electric Utility,1,122.0,88,99,NG,DFO,Y,N,,,,,,,Y,Y,86,99,86,99,1H,1H,N,,,
17539,South Carolina Electric&Gas Company,3285,Hagood,SC,Charleston,5,OP,Natural Gas Fired Combustion Turbine,GT,Electric Utility,1,27.4,18,21,NG,DFO,Y,N,,,,,,,Y,Y,20,23,20,23,1H,1H,N,,,
17539,South Carolina Electric&Gas Company,3285,Hagood,SC,Charleston,6,OP,Natural Gas Fired Combustion Turbine,GT,Electric Utility,1,27.9,20,21,NG,DFO,Y,N,,,,,,,Y,Y,20,23,20,23,1H,1H,N,,,
17539,South Carolina Electric&Gas Company,3291,Parr GT,SC,Fairfield,GT1,OP,Natural Gas Fired Combustion Turbine,GT,Electric Utility,1,19.6,13.5,17,NG,DFO,Y,Y,NG,DFO,,,,,Y,Y,13.5,17,13.5,17,6H,6H,N,,,
17539,South Carolina Electric&Gas Company,3291,Parr GT,SC,Fairfield,GT2,OP,Natural Gas Fired Combustion Turbine,GT,Electric Utility,1,19.6,13.5,17,NG,DFO,Y,Y,NG,DFO,,,,,Y,Y,13.5,17,13.5,17,6H,6H,N,,,
17539,South Carolina Electric&Gas Company,3291,Parr GT,SC,Fairfield,GT3,OP,Natural Gas Fired Combustion Turbine,GT,Electric Utility,1,22.3,16.5,19.5,NG,DFO,Y,Y,NG,DFO,,,,,Y,Y,16.5,19,16.5,19,6H,6H,N,,,
17539,South Carolina Electric&Gas Company,3291,Parr GT,SC,Fairfield,GT4,OP,Natural Gas Fired Combustion Turbine,GT,Electric Utility,1,22.3,16.5,19.5,NG,DFO,Y,Y,NG,DFO,,,,,Y,Y,16.5,19,16.5,19,6H,6H,N,,,
17539,South Carolina Electric&Gas Company,3295,Urquhart,SC,Aiken,1,OP,Natural Gas Fired Combined Cycle,CA,Electric Utility,1,75.0,64,65,NG,DFO,Y,N,,,,,,,Y,Y,64,65,64,65,1H,1H,N,,,
17539,South Carolina Electric&Gas Company,3295,Urquhart,SC,Aiken,2,OP,Natural Gas Fired Combined Cycle,CA,Electric Utility,1,75.0,64,66,NG,DFO,Y,N,,,,,,,Y,Y,64,66,64,66,1H,1H,N,,,
17539,South Carolina Electric&Gas Company,3295,Urquhart,SC,Aiken,CT1,OP,Natural Gas Fired Combined Cycle,CT,Electric Utility,1,198.9,162,177,NG,DFO,Y,N,,,,,,,Y,Y,162,177,162,177,1H,1H,N,,Y,
17539,South Carolina Electric&Gas Company,3295,Urquhart,SC,Aiken,CT2,OP,Natural Gas Fired Combined Cycle,CT,Electric Utility,1,198.9,168,176,NG,DFO,Y,N,,,,,,,Y,Y,168,176,168,176,1H,1H,N,,Y,
17539,South Carolina Electric&Gas Company,3295,Urquhart,SC,Aiken,GT1,OP,Natural Gas Fired Combustion Turbine,GT,Electric Utility,1,19.6,13,16,NG,DFO,Y,N,,,,,,,Y,Y,13,16,13,16,1H,1H,N,,,
17539,South Carolina Electric&Gas Company,3295,Urquhart,SC,Aiken,GT2,OP,Natural Gas Fired Combustion Turbine,GT,Electric Utility,1,16.3,14,17,NG,DFO,Y,N,,,,,,,Y,Y,14,17,14,17,1H,1H,N,,,
17539,South Carolina Electric&Gas Company,3295,Urquhart,SC,Aiken,GT3,OP,Natural Gas Fired Combustion Turbine,GT,Electric Utility,1,16.3,11,15,NG,DFO,Y,N,,,,,,,Y,Y,12,15,12,15,1H,1H,N,,,
17539,South Carolina Electric&Gas Company,3295,Urquhart,SC,Aiken,GT4,OP,Natural Gas Fired Combustion Turbine,GT,Electric Utility,1,58.9,48,49,NG,DFO,Y,N,,,,,,,Y,Y,48,49,48,49,1H,1H,N,,,
17554,"South Carolina Genertg Co, Inc",3298,Williams,SC,Berkeley,1,OP,Natural Gas Fired Combustion Turbine,GT,Electric Utility,1,26.9,20,26,NG,DFO,Y,Y,NG,DFO,,,,,Y,Y,20,26,20,26,6H,6H,Y,Y,,
17554,"South Carolina Genertg Co, Inc",3298,Williams,SC,Berkeley,2,OP,Natural Gas Fired Combustion Turbine,GT,Electric Utility,1,26.9,20,26,NG,DFO,Y,Y,NG,DFO,,,,,Y,Y,20,26,20,26,6H,6H,Y,Y,,
19545,"Black Hills Power, Inc. d/b/a",3325,Ben French,SD,Pennington,GT1,OP,Natural Gas Fired Combustion Turbine,GT,Electric Utility,1,25.0,17,25,NG,DFO,Y,N,DFO,NG,,,,,Y,Y,18.5,22.5,18.5,22.5,1H,1H,Y,Y,,
19545,"Black Hills Power, Inc. d/b/a",3325,Ben French,SD,Pennington,GT2,OP,Natural Gas Fired Combustion Turbine,GT,Electric Utility,1,25.0,17,25,NG,DFO,Y,N,DFO,NG,,,,,Y,Y,18.5,22.5,18.5,22.5,1H,1H,Y,Y,,
19545,"Black Hills Power, Inc. d/b/a",3325,Ben French,SD,Pennington,GT3,OP,Natural Gas Fired Combustion Turbine,GT,Electric Utility,1,25.0,17,25,NG,DFO,Y,N,DFO,NG,,,,,Y,Y,18.5,22.5,18.5,22.5,1H,1H,Y,Y,,
19545,"Black Hills Power, Inc. d/b/a",3325,Ben French,SD,Pennington,GT4,OP,Natural Gas Fired Combustion Turbine,GT,Electric Utility,1,25.0,17,25,NG,DFO,Y,N,DFO,NG,,,,,Y,Y,18.5,22.5,18.5,22.5,1H,1H,Y,Y,,
13809,NorthWestern Energy - (SD),3338,Aberdeen CT,SD,Brown,2,OP,Natural Gas Fired Combustion Turbine,GT,Electric Utility,1,82.2,52,60,NG,DFO,Y,,,,,,,,Y,Y,52,60,50,58,1H,1H,N,,,
13809,NorthWestern Energy - (SD),3344,Huron,SD,Beadle,1,SB,Natural Gas Fired Combustion Turbine,GT,Electric Utility,1,15.0,11,14.5,NG,DFO,Y,N,,,,,,,Y,Y,11,14.5,11,14.5,1H,1H,Y,Y,,
13809,NorthWestern Energy - (SD),3344,Huron,SD,Beadle,2A,SB,Natural Gas Fired Combustion Turbine,GT,Electric Utility,1,42.9,43.7,49,NG,DFO,Y,N,,,,,,,Y,Y,42.9,42.9,42.9,42.9,1H,1H,Y,Y,,
18642,Tennessee Valley Authority,3393,Allen Steam Plant,TN,Shelby,G10,OP,Natural Gas Fired Combustion Turbine,GT,Electric Utility,1,23.9,15.1,20.4,NG,DFO,Y,N,,,,,,,Y,Y,15.1,22.6,15.7,22.6,1H,1H,Y,,Y,
18642,Tennessee Valley Authority,3393,Allen Steam Plant,TN,Shelby,G11,OP,Natural Gas Fired Combustion Turbine,GT,Electric Utility,1,23.9,15.1,20.4,NG,DFO,Y,N,,,,,,,Y,Y,15.1,22.6,15.7,22.6,24H,1H,Y,,Y,
18642,Tennessee Valley Authority,3393,Allen Steam Plant,TN,Shelby,G12,OP,Natural Gas Fired Combustion Turbine,GT,Electric Utility,1,23.9,15.1,20.4,NG,DFO,Y,N,,,,,,,Y,Y,15.1,22.6,15.7,22.6,1H,1H,Y,,Y,
18642,Tennessee Valley Authority,3393,Allen Steam Plant,TN,Shelby,G13,OP,Natural Gas Fired Combustion Turbine,GT,Electric Utility,1,23.9,15.1,20.4,NG,DFO,Y,N,,,,,,,Y,Y,15.1,22.6,15.7,22.6,1H,1H,Y,,Y,
18642,Tennessee Valley Authority,3393,Allen Steam Plant,TN,Shelby,G14,OP,Natural Gas Fired Combustion Turbine,GT,Electric Utility,1,23.9,15.1,20.4,NG,DFO,Y,N,,,,,,,Y,Y,15.1,22.6,15.7,22.6,1H,1H,Y,,Y,
18642,Tennessee Valley Authority,3393,Allen Steam Plant,TN,Shelby,G15,OP,Natural Gas Fired Combustion Turbine,GT,Electric Utility,1,23.9,15.1,20.4,NG,DFO,Y,N,,,,,,,Y,Y,15.1,22.6,15.7,22.6,UNK,1H,Y,,Y,
18642,Tennessee Valley Authority,3393,Allen Steam Plant,TN,Shelby,G16,OP,Natural Gas Fired Combustion Turbine,GT,Electric Utility,1,23.9,15.1,20.4,NG,DFO,Y,N,,,,,,,Y,Y,15.1,22.6,15.7,22.6,1H,1H,Y,,Y,
18642,Tennessee Valley Authority,3393,Allen Steam Plant,TN,Shelby,G17,OP,Natural Gas Fired Combustion Turbine,GT,Electric Utility,1,59.6,46.4,62.2,NG,DFO,Y,N,,,,,,,Y,Y,46.4,22.6,44.8,60,1H,1H,Y,,Y,
18642,Tennessee Valley Authority,3393,Allen Steam Plant,TN,Shelby,G18,OP,Natural Gas Fired Combustion Turbine,GT,Electric Utility,1,59.6,46.4,62.2,NG,DFO,Y,N,,,,,,,Y,Y,46.4,22.6,44.8,60,1H,1H,Y,,Y,
18642,Tennessee Valley Authority,3393,Allen Steam Plant,TN,Shelby,G19,OP,Natural Gas Fired Combustion Turbine,GT,Electric Utility,1,59.6,46.4,62.2,NG,DFO,Y,N,,,,,,,Y,Y,46.4,22.6,44.8,60,1H,1H,Y,,Y,
18642,Tennessee Valley Authority,3393,Allen Steam Plant,TN,Shelby,G20,OP,Natural Gas Fired Combustion Turbine,GT,Electric Utility,1,59.6,46.4,62.2,NG,DFO,Y,N,,,,,,,Y,Y,46.4,22.6,44.8,22.6,1H,1H,Y,,Y,
18642,Tennessee Valley Authority,3393,Allen Steam Plant,TN,Shelby,GT1,OP,Natural Gas Fired Combustion Turbine,GT,Electric Utility,1,23.9,15.1,20.4,NG,DFO,Y,N,,,,,,,Y,Y,16.4,22.6,17,22.6,1H,1H,Y,,Y,
18642,Tennessee Valley Authority,3393,Allen Steam Plant,TN,Shelby,GT2,OP,Natural Gas Fired Combustion Turbine,GT,Electric Utility,1,23.9,15.1,20.4,NG,DFO,Y,N,,,,,,,Y,Y,16.4,22.6,17,22.6,1H,1H,Y,,Y,
18642,Tennessee Valley Authority,3393,Allen Steam Plant,TN,Shelby,GT3,OP,Natural Gas Fired Combustion Turbine,GT,Electric Utility,1,23.9,15.1,20.4,NG,DFO,Y,N,,,,,,,Y,Y,16.4,22.6,17,22.6,1H,1H,Y,,Y,
18642,Tennessee Valley Authority,3393,Allen Steam Plant,TN,Shelby,GT4,OP,Natural Gas Fired Combustion Turbine,GT,Electric Utility,1,23.9,15.1,20.4,NG,DFO,Y,N,,,,,,,Y,Y,16.4,22.6,17,22.6,1H,1H,Y,,Y,
18642,Tennessee Valley Authority,3393,Allen Steam Plant,TN,Shelby,GT5,OP,Natural Gas Fired Combustion Turbine,GT,Electric Utility,1,23.9,15.1,20.4,NG,DFO,Y,N,,,,,,,Y,Y,16.4,22.6,17,22.6,1H,1H,Y,,Y,
18642,Tennessee Valley Authority,3393,Allen Steam Plant,TN,Shelby,GT6,OP,Natural Gas Fired Combustion Turbine,GT,Electric Utility,1,23.9,15.1,20.4,NG,DFO,Y,N,,,,,,,Y,Y,16.4,22.6,17,22.6,1H,1H,Y,,Y,
18642,Tennessee Valley Authority,3393,Allen Steam Plant,TN,Shelby,GT7,OP,Natural Gas Fired Combustion Turbine,GT,Electric Utility,1,23.9,15.1,20.4,NG,DFO,Y,N,,,,,,,Y,Y,16.4,22.6,17,22.6,1H,1H,Y,,Y,
18642,Tennessee Valley Authority,3393,Allen Steam Plant,TN,Shelby,GT8,OP,Natural Gas Fired Combustion Turbine,GT,Electric Utility,1,23.9,15.1,20.4,NG,DFO,Y,N,,,,,,,Y,Y,16.4,22.6,17,22.6,1H,1H,Y,,Y,
18642,Tennessee Valley Authority,3393,Allen Steam Plant,TN,Shelby,GT9,OP,Natural Gas Fired Combustion Turbine,GT,Electric Utility,1,23.9,15.1,20.4,NG,DFO,Y,N,,,,,,,Y,Y,16.4,22.6,17,22.6,1H,1H,Y,,Y,
18642,Tennessee Valley Authority,3403,Gallatin (TN),TN,Sumner,GT1,OP,Natural Gas Fired Combustion Turbine,GT,Electric Utility,1,81.3,71.5,88.7,NG,DFO,Y,N,,,,,,,Y,Y,71.5,95.9,70.9,94.9,1H,1H,Y,,Y,
18642,Tennessee Valley Authority,3403,Gallatin (TN),TN,Sumner,GT2,OP,Natural Gas Fired Combustion Turbine,GT,Electric Utility,1,81.3,71.5,88.7,NG,DFO,Y,N,,,,,,,Y,Y,71.5,95.9,70.9,94.9,1H,1H,Y,,Y,
18642,Tennessee Valley Authority,3403,Gallatin (TN),TN,Sumner,GT3,OP,Natural Gas Fired Combustion Turbine,GT,Electric Utility,1,81.3,71.5,88.7,NG,DFO,Y,N,,,,,,,Y,Y,71.5,95.9,70.9,94.9,1H,1H,Y,,Y,
18642,Tennessee Valley Authority,3403,Gallatin (TN),TN,Sumner,GT4,OP,Natural Gas Fired Combustion Turbine,GT,Electric Utility,1,81.3,71.5,88.7,NG,DFO,Y,N,,,,,,,Y,Y,71.5,95.9,70.9,94.9,1H,1H,Y,,Y,
18642,Tennessee Valley Authority,3403,Gallatin (TN),TN,Sumner,GT5,OP,Natural Gas Fired Combustion Turbine,GT,Electric Utility,1,84.5,73.4,93.7,NG,DFO,Y,N,,,,,,,Y,Y,78.3,100.4,75.1,95.8,1H,1H,Y,,Y,
18642,Tennessee Valley Authority,3403,Gallatin (TN),TN,Sumner,GT6,OP,Natural Gas Fired Combustion Turbine,GT,Electric Utility,1,84.5,73.4,93.7,NG,DFO,Y,N,,,,,,,Y,Y,78.3,100.4,75.1,95.8,1H,1H,Y,,Y,
18642,Tennessee Valley Authority,3403,Gallatin (TN),TN,Sumner,GT7,OP,Natural Gas Fired Combustion Turbine,GT,Electric Utility,1,84.5,73.4,93.7,NG,DFO,Y,N,,,,,,,Y,Y,78.3,100.4,75.1,95.8,1H,1H,Y,,Y,
18642,Tennessee Valley Authority,3403,Gallatin (TN),TN,Sumner,GT8,OP,Natural Gas Fired Combustion Turbine,GT,Electric Utility,1,84.5,73.4,93.7,NG,DFO,Y,N,,,,,,,Y,Y,78.3,100.4,75.1,95.8,1H,1H,Y,,Y,
18642,Tennessee Valley Authority,3406,Johnsonville,TN,Humphreys,G10,OP,Natural Gas Fired Combustion Turbine,GT,Electric Utility,1,68.0,47.1,62.5,NG,DFO,Y,N,,,,,,,Y,N,51.5,68.6,50.3,66.9,1H,1H,Y,,Y,
18642,Tennessee Valley Authority,3406,Johnsonville,TN,Humphreys,G11,OP,Natural Gas Fired Combustion Turbine,GT,Electric Utility,1,68.0,47.1,62.5,NG,DFO,Y,N,,,,,,,Y,N,51.5,68.6,50.3,66.9,1H,1H,Y,,Y,
18642,Tennessee Valley Authority,3406,Johnsonville,TN,Humphreys,G12,OP,Natural Gas Fired Combustion Turbine,GT,Electric Utility,1,68.0,47.1,62.5,NG,DFO,Y,N,,,,,,,Y,N,51.5,68.6,50.3,66.9,1H,1H,Y,,Y,
18642,Tennessee Valley Authority,3406,Johnsonville,TN,Humphreys,G13,OP,Natural Gas Fired Combustion Turbine,GT,Electric Utility,1,68.0,47.1,62.5,NG,DFO,Y,N,,,,,,,Y,N,51.5,68.6,50.3,66.9,1H,1H,Y,,Y,
18642,Tennessee Valley Authority,3406,Johnsonville,TN,Humphreys,G14,OP,Natural Gas Fired Combustion Turbine,GT,Electric Utility,1,68.0,47.1,62.5,NG,DFO,Y,N,,,,,,,Y,N,51.5,68.6,50.3,66.9,1H,1H,Y,,Y,
18642,Tennessee Valley Authority,3406,Johnsonville,TN,Humphreys,G15,OP,Natural Gas Fired Combustion Turbine,GT,Electric Utility,1,68.0,47.1,62.5,NG,DFO,Y,N,,,,,,,Y,N,51.5,68.6,50.3,66.9,1H,1H,Y,,Y,
18642,Tennessee Valley Authority,3406,Johnsonville,TN,Humphreys,G16,OP,Natural Gas Fired Combustion Turbine,GT,Electric Utility,1,68.0,47.1,62.5,NG,DFO,Y,N,,,,,,,Y,N,51.5,68.6,50.3,66.9,1H,1H,Y,,Y,
18642,Tennessee Valley Authority,3406,Johnsonville,TN,Humphreys,G17,OP,Natural Gas Fired Combustion Turbine,GT,Electric Utility,1,84.5,72.8,93,NG,DFO,Y,N,,,,,,,Y,N,77.8,100.2,75.1,66.9,1H,1H,Y,,Y,
18642,Tennessee Valley Authority,3406,Johnsonville,TN,Humphreys,G18,OP,Natural Gas Fired Combustion Turbine,GT,Electric Utility,1,84.5,72.8,93,NG,DFO,Y,N,,,,,,,Y,N,77.8,100.2,75.1,66.9,1H,1H,Y,,Y,
18642,Tennessee Valley Authority,3406,Johnsonville,TN,Humphreys,G19,OP,Natural Gas Fired Combustion Turbine,GT,Electric Utility,1,84.5,72.8,93,NG,DFO,Y,N,,,,,,,Y,N,77.8,100.2,75.1,66.9,1H,1H,Y,,Y,
18642,Tennessee Valley Authority,3406,Johnsonville,TN,Humphreys,G20,OP,Natural Gas Fired Combustion Turbine,GT,Electric Utility,1,84.5,72.8,93,NG,DFO,Y,N,,,,,,,Y,N,77.8,100.2,75.1,66.9,1H,1H,Y,,Y,
18642,Tennessee Valley Authority,3406,Johnsonville,TN,Humphreys,GT1,OP,Natural Gas Fired Combustion Turbine,GT,Electric Utility,1,68.0,47.1,62.5,NG,DFO,Y,N,,,,,,,Y,N,51.5,68.6,50.3,66.9,1H,1H,Y,,Y,
18642,Tennessee Valley Authority,3406,Johnsonville,TN,Humphreys,GT2,OP,Natural Gas Fired Combustion Turbine,GT,Electric Utility,1,68.0,47.1,62.5,NG,DFO,Y,N,,,,,,,Y,N,51.5,68.6,50.3,66.9,1H,1H,Y,,Y,
18642,Tennessee Valley Authority,3406,Johnsonville,TN,Humphreys,GT3,OP,Natural Gas Fired Combustion Turbine,GT,Electric Utility,1,68.0,47.1,62.5,NG,DFO,Y,N,,,,,,,Y,N,51.5,68.6,50.3,66.9,1H,1H,Y,,Y,
18642,Tennessee Valley Authority,3406,Johnsonville,TN,Humphreys,GT4,OP,Natural Gas Fired Combustion Turbine,GT,Electric Utility,1,68.0,47.1,62.5,NG,DFO,Y,N,,,,,,,Y,N,51.5,68.6,50.3,66.9,1H,1H,Y,,Y,
18642,Tennessee Valley Authority,3406,Johnsonville,TN,Humphreys,GT5,OP,Natural Gas Fired Combustion Turbine,GT,Electric Utility,1,68.0,47.1,62.5,NG,DFO,Y,N,,,,,,,Y,N,51.5,68.6,50.3,66.9,1H,1H,Y,,Y,
18642,Tennessee Valley Authority,3406,Johnsonville,TN,Humphreys,GT6,OP,Natural Gas Fired Combustion Turbine,GT,Electric Utility,1,68.0,47.1,62.5,NG,DFO,Y,N,,,,,,,Y,N,51.5,68.6,50.3,66.9,1H,1H,Y,,Y,
18642,Tennessee Valley Authority,3406,Johnsonville,TN,Humphreys,GT7,OP,Natural Gas Fired Combustion Turbine,GT,Electric Utility,1,68.0,47.1,62.5,NG,DFO,Y,N,,,,,,,Y,N,51.5,68.6,50.3,66.9,1H,1H,Y,,Y,
18642,Tennessee Valley Authority,3406,Johnsonville,TN,Humphreys,GT8,OP,Natural Gas Fired Combustion Turbine,GT,Electric Utility,1,68.0,47.1,62.5,NG,DFO,Y,N,,,,,,,Y,N,51.5,68.6,50.3,66.9,1H,1H,Y,,Y,
18642,Tennessee Valley Authority,3406,Johnsonville,TN,Humphreys,GT9,OP,Natural Gas Fired Combustion Turbine,GT,Electric Utility,1,68.0,47.1,62.5,NG,DFO,Y,N,,,,,,,Y,N,51.5,68.6,50.3,66.9,1H,1H,Y,,Y,
5701,El Paso Electric Co,3456,Newman,TX,El Paso,1,OP,Natural Gas Steam Turbine,ST,Electric Utility,1,81.6,74,74,NG,DFO,Y,Y,NG,DFO,,,,,Y,Y,74,76,74,76,6H,6H,Y,,Y,
5701,El Paso Electric Co,3456,Newman,TX,El Paso,2,OP,Natural Gas Steam Turbine,ST,Electric Utility,1,81.6,76,76,NG,DFO,Y,Y,NG,DFO,,,,,Y,Y,76,76,76,76,6H,6H,Y,,Y,
5701,El Paso Electric Co,3456,Newman,TX,El Paso,3,OP,Natural Gas Steam Turbine,ST,Electric Utility,1,121.8,102,102,NG,DFO,Y,Y,NG,DFO,,,,,Y,Y,97,97,97,97,6H,6H,Y,,Y,
54888,NRG Texas Power LLC,3470,W A Parish,TX,Fort Bend,5,OP,Conventional Steam Coal,ST,IPP Non-CHP,2,734.1,659,659,SUB,NG,Y,Y,SUB,NG,,,,,N,, , , , ,,,,,,
54888,NRG Texas Power LLC,3470,W A Parish,TX,Fort Bend,6,OP,Conventional Steam Coal,ST,IPP Non-CHP,2,734.1,653,653,SUB,NG,Y,Y,SUB,NG,,,,,N,, , , , ,,,,,,
54888,NRG Texas Power LLC,3470,W A Parish,TX,Fort Bend,7,OP,Conventional Steam Coal,ST,IPP Non-CHP,2,614.6,577,577,SUB,NG,Y,Y,SUB,NG,,,,,N,, , , , ,,,,,,
17698,Southwestern Electric Power Co,3476,Knox Lee,TX,Gregg,5,OP,Natural Gas Steam Turbine,ST,Electric Utility,1,351.0,342,348,NG,DFO,Y,Y,NG,DFO,,,,,N,Y,342,342,285,285,,,,,,
17698,Southwestern Electric Power Co,3478,Wilkes,TX,Marion,1,OP,Natural Gas Steam Turbine,ST,Electric Utility,1,180.0,174,174,NG,DFO,Y,Y,NG,DFO,RFO,,,,Y,Y,174,174,168,168,6H,1H,N,,,
17718,Southwestern Public Service Co,3482,Jones,TX,Lubbock,1,OP,Natural Gas Steam Turbine,ST,Electric Utility,1,247.5,243,243,NG,DFO,Y,Y,SUB,NG,,,,,N,Y,243,243,160,160,,,Y,,Y,Y
17718,Southwestern Public Service Co,3482,Jones,TX,Lubbock,2,OP,Natural Gas Steam Turbine,ST,Electric Utility,1,247.5,243,243,NG,DFO,Y,Y,SUB,NG,,,,,N,Y,243,243,190,190,,,Y,,Y,Y
17718,Southwestern Public Service Co,3485,Plant X,TX,Lamb,2,OP,Natural Gas Steam Turbine,ST,Electric Utility,1,98.0,90,90,NG,DFO,Y,Y,NG,DFO,,,,,Y,Y,91,91,91,91,6H,1H,N,,,
17718,Southwestern Public Service Co,3485,Plant X,TX,Lamb,4,OP,Natural Gas Steam Turbine,ST,Electric Utility,1,190.4,190,190,NG,DFO,Y,Y,NG,DFO,,,,,Y,Y,189,189,189,189,6H,1H,N,,,
6035,Exelon Power,3491,Handley,TX,Tarrant,4,OP,Natural Gas Steam Turbine,ST,IPP Non-CHP,2,455.0,435,435,NG,DFO,Y,Y,DFO,,,,,,N,, , , , ,,,,,,
6035,Exelon Power,3491,Handley,TX,Tarrant,5,OP,Natural Gas Steam Turbine,ST,IPP Non-CHP,2,455.0,435,435,NG,DFO,Y,Y,DFO,,,,,,N,, , , , ,,,,,,
55983,Luminant Generation Company LLC,3492,Morgan Creek,TX,Mitchell,CT1,OP,Natural Gas Fired Combustion Turbine,GT,IPP Non-CHP,2,89.4,68,81,NG,DFO,Y,N,,,,,,,Y,Y,68,81,68,81,1H,1H,Y,,Y,
55983,Luminant Generation Company LLC,3492,Morgan Creek,TX,Mitchell,CT2,OP,Natural Gas Fired Combustion Turbine,GT,IPP Non-CHP,2,89.4,68,81,NG,DFO,Y,N,,,,,,,Y,Y,68,81,68,81,1H,1H,Y,,Y,
55983,Luminant Generation Company LLC,3492,Morgan Creek,TX,Mitchell,CT3,OP,Natural Gas Fired Combustion Turbine,GT,IPP Non-CHP,2,89.4,68,81,NG,DFO,Y,N,,,,,,,Y,Y,68,81,68,81,1H,1H,Y,,Y,
55983,Luminant Generation Company LLC,3492,Morgan Creek,TX,Mitchell,CT4,OP,Natural Gas Fired Combustion Turbine,GT,IPP Non-CHP,2,89.4,68,81,NG,DFO,Y,N,,,,,,,Y,Y,68,81,68,81,1H,1H,Y,,Y,
55983,Luminant Generation Company LLC,3492,Morgan Creek,TX,Mitchell,CT5,OP,Natural Gas Fired Combustion Turbine,GT,IPP Non-CHP,2,89.4,68,81,NG,DFO,Y,N,,,,,,,Y,Y,68,81,68,81,1H,1H,Y,,Y,
55983,Luminant Generation Company LLC,3492,Morgan Creek,TX,Mitchell,CT6,OP,Natural Gas Fired Combustion Turbine,GT,IPP Non-CHP,2,89.4,67,81,NG,DFO,Y,N,,,,,,,Y,Y,67,81,67,81,1H,1H,Y,,Y,
55983,Luminant Generation Company LLC,3494,Permian Basin,TX,Ward,CT1,OP,Natural Gas Fired Combustion Turbine,GT,IPP Non-CHP,2,89.4,68,71,NG,DFO,Y,N,,,,,,,Y,Y,68,71,68,71,1H,1H,Y,,Y,
55983,Luminant Generation Company LLC,3494,Permian Basin,TX,Ward,CT2,OP,Natural Gas Fired Combustion Turbine,GT,IPP Non-CHP,2,89.4,65,71,NG,DFO,Y,N,,,,,,,Y,Y,65,71,65,71,1H,1H,Y,,Y,
55983,Luminant Generation Company LLC,3494,Permian Basin,TX,Ward,CT3,OP,Natural Gas Fired Combustion Turbine,GT,IPP Non-CHP,2,89.4,68,74,NG,DFO,Y,N,,,,,,,Y,Y,68,74,68,74,1H,1H,Y,,Y,
55983,Luminant Generation Company LLC,3494,Permian Basin,TX,Ward,CT4,OP,Natural Gas Fired Combustion Turbine,GT,IPP Non-CHP,2,89.4,69,75,NG,DFO,Y,N,,,,,,,Y,Y,69,75,69,75,1H,1H,Y,,Y,
55983,Luminant Generation Company LLC,3494,Permian Basin,TX,Ward,CT5,OP,Natural Gas Fired Combustion Turbine,GT,IPP Non-CHP,2,89.4,70,75,NG,DFO,Y,N,,,,,,,Y,Y,70,75,70,75,1H,1H,Y,,Y,
55983,Luminant Generation Company LLC,3497,Big Brown,TX,Freestone,1,OP,Conventional Steam Coal,ST,IPP Non-CHP,2,593.4,606,606,SUB,LIG,Y,Y,LIG,SUB,,,,,N,, , , , ,,,,,,
55983,Luminant Generation Company LLC,3497,Big Brown,TX,Freestone,2,OP,Conventional Steam Coal,ST,IPP Non-CHP,2,593.4,602,602,SUB,LIG,Y,Y,LIG,SUB,,,,,N,, , , , ,,,,,,
16604,City of San Antonio - (TX),3611,O W Sommers,TX,Bexar,1,OP,Natural Gas Steam Turbine,ST,Electric Utility,1,446.0,420,420,NG,DFO,Y,Y,NG,DFO,,,,,Y,Y,420,420,350,350,24H,24H,Y,Y,,
16604,City of San Antonio - (TX),3611,O W Sommers,TX,Bexar,2,OP,Natural Gas Steam Turbine,ST,Electric Utility,1,446.0,410,410,NG,DFO,Y,Y,NG,DFO,,,,,Y,Y,410,410,350,350,24H,24H,Y,Y,,
16604,City of San Antonio - (TX),3612,V H Braunig,TX,Bexar,1,OP,Natural Gas Steam Turbine,ST,Electric Utility,1,225.0,220,220,NG,DFO,Y,Y,NG,DFO,,,,,Y,Y,220,220,200,200,24H,24H,Y,Y,,
16604,City of San Antonio - (TX),3612,V H Braunig,TX,Bexar,2,OP,Natural Gas Steam Turbine,ST,Electric Utility,1,252.0,230,230,NG,DFO,Y,Y,NG,DFO,,,,,Y,Y,235,235,220,220,24H,24H,Y,Y,,
16604,City of San Antonio - (TX),3612,V H Braunig,TX,Bexar,3,OP,Natural Gas Steam Turbine,ST,Electric Utility,1,417.0,412,412,NG,DFO,Y,Y,NG,DFO,,,,,Y,Y,412,412,390,390,24H,24H,Y,Y,,
16604,City of San Antonio - (TX),3612,V H Braunig,TX,Bexar,5,OP,Natural Gas Fired Combustion Turbine,GT,Electric Utility,1,61.0,48,48,NG,DFO,Y,N,,,,,,,Y,N,47,47,46,46,6H,6H,Y,Y,Y,
16604,City of San Antonio - (TX),3612,V H Braunig,TX,Bexar,6,OP,Natural Gas Fired Combustion Turbine,GT,Electric Utility,1,61.0,48,48,NG,DFO,Y,N,,,,,,,Y,N,47,47,46,46,6H,6H,Y,Y,Y,
16604,City of San Antonio - (TX),3612,V H Braunig,TX,Bexar,7,OP,Natural Gas Fired Combustion Turbine,GT,Electric Utility,1,61.0,48,48,NG,DFO,Y,N,,,,,,,Y,N,47,47,46,46,6H,6H,Y,Y,Y,
16604,City of San Antonio - (TX),3612,V H Braunig,TX,Bexar,8,OP,Natural Gas Fired Combustion Turbine,GT,Electric Utility,1,61.0,47,47,NG,DFO,Y,N,,,,,,,Y,N,47,47,46,46,6H,6H,Y,Y,Y,
2172,Brazos Electric Power Coop Inc,3628,R W Miller,TX,Palo Pinto,2,OP,Natural Gas Steam Turbine,ST,Electric Utility,1,100.0,100,100,NG,DFO,Y,Y,NG,DFO,,,,,Y,Y,100,120,80,120,6H,6H,Y,,Y,
2172,Brazos Electric Power Coop Inc,3628,R W Miller,TX,Palo Pinto,3,OP,Natural Gas Steam Turbine,ST,Electric Utility,1,200.0,200,200,NG,DFO,Y,Y,NG,DFO,,,,,Y,Y,200,208,180,208,6H,6H,Y,,Y,
2172,Brazos Electric Power Coop Inc,3628,R W Miller,TX,Palo Pinto,4,OP,Natural Gas Fired Combustion Turbine,GT,Electric Utility,1,118.8,104,104,NG,DFO,Y,Y,NG,DFO,,,,,Y,Y,118.8,104,118.8,104,6H,6H,Y,,Y,
2172,Brazos Electric Power Coop Inc,3628,R W Miller,TX,Palo Pinto,5,OP,Natural Gas Fired Combustion Turbine,GT,Electric Utility,1,118.8,104,104,NG,DFO,Y,Y,NG,DFO,,,,,Y,Y,118.8,104,118.8,104,6H,6H,Y,,Y,
17583,"South Texas Electric Coop, Inc",3630,Pearsall,TX,Frio,1,OP,Natural Gas Steam Turbine,ST,Electric Utility,1,22.0,23,23,NG,DFO,Y,N,,,,,,,Y,Y,22,22,22,22,1H,1H,N,,,
17583,"South Texas Electric Coop, Inc",3630,Pearsall,TX,Frio,2,OP,Natural Gas Steam Turbine,ST,Electric Utility,1,22.0,23,23,NG,DFO,Y,N,,,,,,,Y,Y,22,22,22,22,1H,1H,N,,,
17583,"South Texas Electric Coop, Inc",3630,Pearsall,TX,Frio,3,OP,Natural Gas Steam Turbine,ST,Electric Utility,1,22.0,23,23,NG,DFO,N,N,,,,,,,Y,Y,22,22,22,22,1H,1H,N,,,
17583,"South Texas Electric Coop, Inc",3631,Sam Rayburn,TX,Victoria,1,OP,Natural Gas Fired Combustion Turbine,GT,Electric Utility,1,11.2,10.5,13,NG,DFO,Y,N,,,,,,,Y,N,11,11,11,11,6H,6H,N,,,
17583,"South Texas Electric Coop, Inc",3631,Sam Rayburn,TX,Victoria,10,OP,Natural Gas Fired Combined Cycle,CA,Electric Utility,1,42.0,37,37,NG,,N,N,,,,,,,Y,Y,36,36,36,36,1H,1H,Y,,Y,
17583,"South Texas Electric Coop, Inc",3631,Sam Rayburn,TX,Victoria,2,OP,Natural Gas Fired Combustion Turbine,GT,Electric Utility,1,11.2,11.5,14,NG,DFO,Y,N,,,,,,,Y,N,11,11,11,11,6H,6H,N,,,
17583,"South Texas Electric Coop, Inc",3631,Sam Rayburn,TX,Victoria,7,OP,Natural Gas Fired Combined Cycle,CT,Electric Utility,1,49.2,49,49,NG,DFO,Y,N,,,,,,,Y,N,49,49,48,48,1H,1H,Y,,Y,
17583,"South Texas Electric Coop, Inc",3631,Sam Rayburn,TX,Victoria,8,OP,Natural Gas Fired Combined Cycle,CT,Electric Utility,1,49.2,49,49,NG,DFO,Y,N,,,,,,,Y,N,49,49,48,48,1H,1H,Y,,Y,
17583,"South Texas Electric Coop, Inc",3631,Sam Rayburn,TX,Victoria,9,OP,Natural Gas Fired Combined Cycle,CT,Electric Utility,1,49.2,48,48,NG,DFO,Y,N,,,,,,,Y,N,48,49,48,48,1H,1H,Y,,Y,
19876,Virginia Electric & Power Co,3797,Chesterfield,VA,Chesterfield,CT7,OP,Natural Gas Fired Combined Cycle,CT,Electric Utility,1,145.0,142,166,NG,DFO,Y,Y,NG,DFO,,,,,Y,Y,142,142,142,142,1H,1H,Y,Y,Y,
19876,Virginia Electric & Power Co,3797,Chesterfield,VA,Chesterfield,CT8,OP,Natural Gas Fired Combined Cycle,CT,Electric Utility,1,148.0,140,175,NG,DFO,Y,Y,NG,DFO,,,,,Y,Y,140,140,140,140,1H,1H,Y,Y,Y,
19876,Virginia Electric & Power Co,3804,Possum Point,VA,Prince William,6A,OP,Natural Gas Fired Combined Cycle,CT,Electric Utility,1,174.0,148.5,176.5,NG,DFO,Y,N,,,,,,,Y,Y,148.5,176.5,148.5,176.5,6H,6H,Y,Y,Y,
19876,Virginia Electric & Power Co,3804,Possum Point,VA,Prince William,6B,OP,Natural Gas Fired Combined Cycle,CT,Electric Utility,1,174.0,148.5,176.5,NG,DFO,Y,N,,,,,,,Y,Y,148.5,176.5,148.5,176.5,6H,6H,Y,Y,Y,
13781,Northern States Power Co - Minnesota,3982,Bay Front,WI,Ashland,4,OP,Wood/Wood Waste Biomass,ST,Electric Utility,1,20.0,15,15,WDS,TDF,Y,Y,WDS,SUB,NG,TDF,,,N,, , , , ,,,,,,
13781,Northern States Power Co - Minnesota,3982,Bay Front,WI,Ashland,5,OP,Wood/Wood Waste Biomass,ST,Electric Utility,1,20.0,18,18,WDS,TDF,Y,Y,WDS,SUB,NG,TDF,,,N,, , , , ,,,,,,
13781,Northern States Power Co - Minnesota,4005,French Island,WI,La Crosse,1,OP,Wood/Wood Waste Biomass,ST,Electric Utility,1,15.2,9,9,WDS,MSW,Y,Y,WDS,MSW,,,,,N,, , , , ,,,,,,
13781,Northern States Power Co - Minnesota,4005,French Island,WI,La Crosse,2,OP,Wood/Wood Waste Biomass,ST,Electric Utility,1,15.2,7,7,WDS,MSW,Y,Y,WDS,MSW,,,,,N,, , , , ,,,,,,
13781,Northern States Power Co - Minnesota,4014,Wheaton,WI,Chippewa,1,OP,Natural Gas Fired Combustion Turbine,GT,Electric Utility,1,48.5,44,56,NG,DFO,Y,Y,NG,DFO,,,,,Y,Y,44,56,43.1,54.8,1H,1H,Y,Y,,
13781,Northern States Power Co - Minnesota,4014,Wheaton,WI,Chippewa,2,OA,Natural Gas Fired Combustion Turbine,GT,Electric Utility,1,48.5,55,70,NG,DFO,Y,Y,NG,DFO,,,,,Y,Y,55,70,53.9,68.6,1H,1H,Y,Y,,
13781,Northern States Power Co - Minnesota,4014,Wheaton,WI,Chippewa,3,OP,Natural Gas Fired Combustion Turbine,GT,Electric Utility,1,48.5,44,56,NG,DFO,Y,Y,NG,DFO,,,,,Y,Y,44,56,43.1,54.8,1H,1H,Y,Y,,
13781,Northern States Power Co - Minnesota,4014,Wheaton,WI,Chippewa,4,OP,Natural Gas Fired Combustion Turbine,GT,Electric Utility,1,48.5,47,61,NG,DFO,Y,Y,NG,DFO,,,,,Y,Y,47,61,46,59.7,1H,1H,Y,Y,,
20856,Wisconsin Power & Light Co,4050,Edgewater,WI,Sheboygan,4,OP,Conventional Steam Coal,ST,Electric Utility,1,351.0,294.4,295.6,SUB,,Y,Y,TDF,SUB,,,,,N,, , , , ,,,,,,
20856,Wisconsin Power & Light Co,4057,Rock River,WI,Rock,3,OP,Natural Gas Fired Combustion Turbine,GT,Electric Utility,1,37.5,24.3,29.6,NG,DFO,Y,N,,,,,,,Y,Y,31.18,31.9,31.18,31.9,OVER,6H,Y,Y,Y,
20856,Wisconsin Power & Light Co,4057,Rock River,WI,Rock,5,OP,Natural Gas Fired Combustion Turbine,GT,Electric Utility,1,56.7,50.7,59.6,NG,DFO,Y,N,,,,,,,Y,Y,51.23,52.5,51.23,52.5,OVER,6H,Y,Y,Y,
20856,Wisconsin Power & Light Co,4057,Rock River,WI,Rock,6,OP,Natural Gas Fired Combustion Turbine,GT,Electric Utility,1,56.7,51.2,60.2,NG,DFO,Y,N,,,,,,,Y,Y,53,55,53,55,OVER,6H,Y,Y,Y,
20860,Wisconsin Public Service Corp,4072,Pulliam,WI,Brown,31,OP,Natural Gas Fired Combustion Turbine,GT,Electric Utility,1,91.0,80.8,104.4,NG,DFO,Y,N,,,,,,,Y,Y,80.8,104.4,80.8,104.4,1H,1H,Y,,Y,
20860,Wisconsin Public Service Corp,4072,Pulliam,WI,Brown,7,OP,Conventional Steam Coal,ST,Electric Utility,1,81.6,77.4,79.2,SUB,NG,Y,Y,SUB,NG,,,,,N,, , , , ,,,,,,
20860,Wisconsin Public Service Corp,4072,Pulliam,WI,Brown,8,OP,Conventional Steam Coal,ST,Electric Utility,1,149.6,133.2,135.7,SUB,NG,Y,Y,SUB,NG,,,,,N,, , , , ,,,,,,
20860,Wisconsin Public Service Corp,4076,West Marinette,WI,Marinette,31,OP,Natural Gas Fired Combustion Turbine,GT,Electric Utility,1,41.8,38.4,49,NG,DFO,Y,N,,,,,,,Y,Y,38.4,49,38.4,49,1H,1H,Y,Y,Y,
20860,Wisconsin Public Service Corp,4076,West Marinette,WI,Marinette,32,OP,Natural Gas Fired Combustion Turbine,GT,Electric Utility,1,41.8,34.9,45.4,NG,DFO,Y,N,,,,,,,Y,Y,34.9,45.4,34.9,45.4,1H,1H,Y,Y,Y,
20860,Wisconsin Public Service Corp,4076,West Marinette,WI,Marinette,33,OP,Natural Gas Fired Combustion Turbine,GT,Electric Utility,1,103.5,76.1,98,NG,DFO,Y,Y,DFO,NG,,,,,Y,Y,76.1,98,76.1,98,1H,1H,Y,Y,Y,
20860,Wisconsin Public Service Corp,4078,Weston,WI,Marathon,31,OP,Natural Gas Fired Combustion Turbine,GT,Electric Utility,1,19.6,11.9,18.9,NG,DFO,Y,N,,,,,,,Y,N, , , , ,,,,,,
20860,Wisconsin Public Service Corp,4078,Weston,WI,Marathon,32,OP,Natural Gas Fired Combustion Turbine,GT,Electric Utility,1,56.7,39,55.8,NG,DFO,Y,N,,,,,,,Y,Y,39,55.8,39,55.8,1H,1H,Y,Y,Y,
765,City of Arcadia - (WI),4100,Arcadia Electric,WI,Trempealeau,5,SB,Natural Gas Internal Combustion Engine,IC,Electric Utility,1,3.0,3,3,NG,DFO,Y,N,,,,,,,Y,Y,2.7,2.7,3,3,1H,6H,Y,,,Y
765,City of Arcadia - (WI),4100,Arcadia Electric,WI,Trempealeau,6,SB,Natural Gas Internal Combustion Engine,IC,Electric Utility,1,3.0,3,3,NG,DFO,Y,N,,,,,,,Y,Y,2.6,2.6,3,2.9,1H,6H,Y,,,Y
3156,Village of Cashton - (WI),4107,Cashton,WI,Monroe,5,OP,Natural Gas Internal Combustion Engine,IC,Electric Utility,1,1.1,1.1,1.1,NG,DFO,N,N,,,,,,,Y,N,1.1,0.12,1.1,1.1,1H,1H,Y,Y,,
4627,City of Cumberland - (WI),4112,Cumberland (WI),WI,Barron,5,OP,Natural Gas Internal Combustion Engine,IC,Electric Utility,1,2.0,2.1,2.1,NG,DFO,Y,N,,,,,,,Y,Y,2,2,2,2,1H,1H,N,Y,Y,
4627,City of Cumberland - (WI),4112,Cumberland (WI),WI,Barron,7,OP,Natural Gas Internal Combustion Engine,IC,Electric Utility,1,6.6,6.2,6.2,NG,DFO,Y,N,,,,,,,Y,Y,6.22,6.22,6.22,6.22,1H,1H,N,Y,Y,
4627,City of Cumberland - (WI),4112,Cumberland (WI),WI,Barron,8,OP,Natural Gas Internal Combustion Engine,IC,Electric Utility,1,3.5,3.5,3.5,NG,DFO,Y,N,,,,,,,Y,Y,3.5,3.5,3.5,3.5,1H,1H,N,Y,Y,
5834,City of Elroy - (WI),4113,Elroy,WI,Juneau,5,OP,Petroleum Liquids,IC,Electric Utility,1,2.0,2.2,2.2,DFO,NG,Y,Y,DFO,NG,,,,,N,Y,1.8,1.8,2,1.8,,,N,,,
11571,Manitowoc Public Utilities,4125,Manitowoc,WI,Manitowoc,5,OP,Wood/Wood Waste Biomass,ST,Electric Utility,1,22.0,22,22,WDS,PC,Y,Y,BIT,PC,WDS,SUB,,,,, , , , ,,,,,,
11571,Manitowoc Public Utilities,4125,Manitowoc,WI,Manitowoc,6,OP,Wood/Wood Waste Biomass,ST,Electric Utility,1,32.0,22,22,WDS,PC,Y,Y,BIT,PC,WDS,SUB,,,,, , , , ,,,,,,
11571,Manitowoc Public Utilities,4125,Manitowoc,WI,Manitowoc,9,OP,Petroleum Coke,ST,Electric Utility,1,63.4,58.4,58.4,PC,WDS,Y,Y,PC,SUB,BIT,WDS,,,N,, , , , ,,,,,,
11571,Manitowoc Public Utilities,4125,Manitowoc,WI,Manitowoc,IC2,SB,Natural Gas Internal Combustion Engine,IC,Electric Utility,1,5.5,5,5,NG,DFO,Y,Y,NG,DFO,,,,,Y,Y,5,5,5,5,UNK,UNK,Y,Y,,Y
7634,City of Greenville - (TX),4195,Powerlane Plant,TX,Hunt,ST1,OP,Natural Gas Steam Turbine,ST,Electric Utility,1,16.5,20,20,NG,DFO,Y,N,,,,,,,Y,Y,20,20,16,16,1H,1H,Y,,Y,Y
7634,City of Greenville - (TX),4195,Powerlane Plant,TX,Hunt,ST2,OP,Natural Gas Steam Turbine,ST,Electric Utility,1,25.0,26,26,NG,DFO,Y,N,,,,,,,Y,Y,26,26,22,22,1H,1H,Y,,Y,Y
7634,City of Greenville - (TX),4195,Powerlane Plant,TX,Hunt,ST3,OP,Natural Gas Steam Turbine,ST,Electric Utility,1,43.2,41,41,NG,DFO,Y,N,,,,,,,Y,Y,41,41,38,38,1H,1H,Y,,Y,Y
19281,Turlock Irrigation District,4256,Walnut,CA,Stanislaus,1,OP,Natural Gas Fired Combustion Turbine,GT,Electric Utility,1,24.9,23.5,24.9,NG,DFO,Y,Y,NG,DFO,,,,,Y,Y,23.5,24.9,23.5,24.9,1H,1H,Y,,Y,
19281,Turlock Irrigation District,4256,Walnut,CA,Stanislaus,2,OP,Natural Gas Fired Combustion Turbine,GT,Electric Utility,1,24.9,23.5,24.9,NG,DFO,Y,Y,NG,DFO,,,,,Y,Y,23.5,24.9,23.5,24.9,1H,1H,Y,,Y,
15474,Public Service Co of Oklahoma,4940,Riverside (OK),OK,Tulsa,1,OP,Natural Gas Steam Turbine,ST,Electric Utility,1,473.0,454,454,NG,DFO,Y,Y,NG,DFO,,,,,Y,Y,454,453,390,375,UNK,UNK,Y,,,Y
15474,Public Service Co of Oklahoma,4940,Riverside (OK),OK,Tulsa,2,OP,Natural Gas Steam Turbine,ST,Electric Utility,1,473.0,455,455,NG,DFO,Y,Y,NG,DFO,,,,,Y,Y,455,455,410,375,UNK,UNK,Y,,,Y
56606,Calpine New Jersey Generation LLC,5083,Cumberland (NJ),NJ,Cumberland,CUMB,OP,Natural Gas Fired Combustion Turbine,GT,IPP Non-CHP,2,99.4,86.6,104.1,NG,KER,Y,N,,,,,,,Y,N,85.4,105.1,85.4,105.1,6H,6H,Y,,Y,
56606,Calpine New Jersey Generation LLC,5083,Cumberland (NJ),NJ,Cumberland,CUMB2,OP,Natural Gas Fired Combustion Turbine,GT,IPP Non-CHP,2,131.8,96.5,102,NG,KER,Y,N,,,,,,,Y,N,92.9,102.5,92.9,102.5,6H,6H,Y,,Y,
5109,DTE Electric Company,6034,Belle River,MI,St Clair,ST1,OP,Conventional Steam Coal,ST,Electric Utility,1,697.5,635,635,RC,SUB,Y,Y,SUB,DFO,,,,,N,, , , , ,,,,,,
5109,DTE Electric Company,6034,Belle River,MI,St Clair,ST2,OP,Conventional Steam Coal,ST,Electric Utility,1,697.5,635,635,RC,SUB,Y,Y,SUB,DFO,,,,,N,, , , , ,,,,,,
5109,DTE Electric Company,6035,Greenwood (MI),MI,St Clair,1,OP,Natural Gas Steam Turbine,ST,Electric Utility,1,815.4,785,785,NG,RFO,Y,Y,NG,RFO,,,,,Y,N,785,785,785,785,1H,1H,N,,,
5580,"East Kentucky Power Coop, Inc",6041,H L Spurlock,KY,Mason,3,OP,Conventional Steam Coal,ST,Electric Utility,1,329.4,268,268,BIT,TDF,Y,Y,BIT,WC,TDF,WDS,,,N,, , , , ,,,,,,
5580,"East Kentucky Power Coop, Inc",6041,H L Spurlock,KY,Mason,4,OP,Conventional Steam Coal,ST,Electric Utility,1,329.4,268,268,BIT,TDF,Y,Y,BIT,WC,TDF,WDS,,,N,, , , , ,,,,,,
6452,Florida Power & Light Co,6042,Manatee,FL,Manatee,1,OP,Petroleum Liquids,ST,Electric Utility,1,863.3,812,822,RFO,NG,Y,Y,RFO,NG,,,,,Y,Y,814,522,814,795,1H,1H,N,,,
6452,Florida Power & Light Co,6042,Manatee,FL,Manatee,2,OP,Petroleum Liquids,ST,Electric Utility,1,863.3,812,822,RFO,NG,Y,Y,RFO,NG,,,,,Y,Y,814,522,814,795,1H,1H,N,,,
6452,Florida Power & Light Co,6043,Martin,FL,Martin,1,OP,Petroleum Liquids,ST,Electric Utility,1,934.5,826,832,RFO,NG,Y,Y,RFO,NG,,,,,Y,Y,828,539,828,767,1H,1H,N,,,
6452,Florida Power & Light Co,6043,Martin,FL,Martin,2,OP,Petroleum Liquids,ST,Electric Utility,1,934.5,826,832,RFO,NG,Y,Y,RFO,NG,,,,,Y,Y,821,539,821,767,1H,1H,N,,,
6452,Florida Power & Light Co,6043,Martin,FL,Martin,8,OP,Natural Gas Fired Combined Cycle,CA,Electric Utility,1,471.7,1105,1180,NG,SUN,Y,N,,,,,,,Y,Y,439,458,333,359,1H,6H,Y,Y,Y,
6452,Florida Power & Light Co,6043,Martin,FL,Martin,8A,OP,Natural Gas Fired Combined Cycle,CT,Electric Utility,1,188.2, , ,NG,DFO,Y,N,,,,,,,Y,Y,160,173,165,178,1H,6H,Y,Y,Y,
6452,Florida Power & Light Co,6043,Martin,FL,Martin,8B,OP,Natural Gas Fired Combined Cycle,CT,Electric Utility,1,188.2, , ,NG,DFO,Y,N,,,,,,,Y,Y,160,173,165,178,1H,6H,Y,Y,Y,
6452,Florida Power & Light Co,6043,Martin,FL,Martin,8C,OP,Natural Gas Fired Combined Cycle,CT,Electric Utility,1,188.2, , ,NG,DFO,Y,N,,,,,,,Y,Y,160,173,165,178,1H,6H,Y,Y,Y,
6452,Florida Power & Light Co,6043,Martin,FL,Martin,8D,OP,Natural Gas Fired Combined Cycle,CT,Electric Utility,1,188.2, , ,NG,DFO,Y,N,,,,,,,Y,Y,160,173,165,178,1H,6H,Y,Y,Y,
6455,"Duke Energy Florida, LLC",6046,DeBary,FL,Volusia,7,OP,Natural Gas Fired Combustion Turbine,GT,Electric Utility,1,103.5,79,97,NG,DFO,Y,N,,,,,,,Y,Y,83,94,83,94,1H,1H,Y,Y,Y,
6455,"Duke Energy Florida, LLC",6046,DeBary,FL,Volusia,8,OP,Natural Gas Fired Combustion Turbine,GT,Electric Utility,1,103.5,78,96,NG,DFO,Y,N,,,,,,,Y,Y,83,96,83,96,1H,1H,Y,Y,Y,
6455,"Duke Energy Florida, LLC",6046,DeBary,FL,Volusia,9,OP,Natural Gas Fired Combustion Turbine,GT,Electric Utility,1,103.5,80,97,NG,DFO,Y,N,,,,,,,Y,Y,81,97,81,97,1H,1H,Y,Y,Y,
11252,Louisiana Generating LLC,6055,Big Cajun 2,LA,Pointe Coupee,1,OP,Conventional Steam Coal,ST,IPP Non-CHP,2,657.9,580,580,SUB,NG,Y,Y,SUB,NG,,,,,N,, , , , ,,,,,,
11252,Louisiana Generating LLC,6055,Big Cajun 2,LA,Pointe Coupee,3,OP,Conventional Steam Coal,ST,IPP Non-CHP,2,619.0,588,588,SUB,NG,Y,Y,SUB,NG,,,,,N,, , , , ,,,,,,
16181,Rochester Public Utilities,6058,Cascade Creek,MN,Olmsted,1,OP,Natural Gas Fired Combustion Turbine,GT,Electric Utility,1,35.0,27.9,30.2,NG,DFO,Y,N,,,,,,,Y,Y,28,30,27.9,30,1H,1H,N,,,
16181,Rochester Public Utilities,6058,Cascade Creek,MN,Olmsted,2,OP,Natural Gas Fired Combustion Turbine,GT,Electric Utility,1,49.9,49.5,49.9,NG,DFO,Y,N,,,,,,,Y,Y,47.5,47.5,47.5,47.5,1H,1H,N,,,
9216,Imperial Irrigation District,6060,Coachella,CA,Riverside,1,OP,Natural Gas Fired Combustion Turbine,GT,Electric Utility,1,23.1,20.1,20.1,NG,DFO,Y,Y,NG,DFO,,,,,Y,Y,18,21.5,18,21.5,1H,1H,Y,,Y,
9216,Imperial Irrigation District,6060,Coachella,CA,Riverside,2,OP,Natural Gas Fired Combustion Turbine,GT,Electric Utility,1,23.1,20,20,NG,DFO,Y,Y,NG,DFO,,,,,Y,Y,18,21.5,18,21.5,1H,1H,Y,,Y,
9216,Imperial Irrigation District,6060,Coachella,CA,Riverside,3,OP,Natural Gas Fired Combustion Turbine,GT,Electric Utility,1,23.1,20.7,20.7,NG,DFO,Y,Y,NG,DFO,,,,,Y,Y,18,21.5,18,21.5,1H,1H,Y,,Y,
9216,Imperial Irrigation District,6060,Coachella,CA,Riverside,4,OP,Natural Gas Fired Combustion Turbine,GT,Electric Utility,1,23.1,20.8,20.8,NG,DFO,Y,Y,NG,DFO,,,,,Y,Y,18,21.5,18,21.5,1H,1H,Y,,Y,
12341,MidAmerican Energy Co,6063,Electrifarm,IA,Black Hawk,1,OP,Natural Gas Fired Combustion Turbine,GT,Electric Utility,1,71.2,59.2,74.7,NG,DFO,N,Y,NG,DFO,,,,,Y,Y,60,72.8,60,72.8,1H,1H,N,,,
12341,MidAmerican Energy Co,6063,Electrifarm,IA,Black Hawk,2,OP,Natural Gas Fired Combustion Turbine,GT,Electric Utility,1,89.0,66.5,81,NG,DFO,N,Y,NG,DFO,,,,,Y,Y,67.8,78.5,67.8,78.5,1H,1H,N,,,
12341,MidAmerican Energy Co,6063,Electrifarm,IA,Black Hawk,3,OP,Natural Gas Fired Combustion Turbine,GT,Electric Utility,1,103.9,69.4,88.7,NG,DFO,N,Y,NG,DFO,,,,,Y,Y,72,86.5,72,86.5,1H,1H,N,,,
9996,City of Kansas City - (KS),6064,Nearman Creek,KS,Wyandotte,CT4,OP,Natural Gas Fired Combustion Turbine,GT,Electric Utility,1,94.0,76,76,NG,DFO,Y,N,,,,,,,Y,Y,85,88,88,88,1H,1H,N,,,
12686,Mississippi Power Co,6073,Victor J Daniel Jr,MS,Jackson,1,OP,Conventional Steam Coal,ST,Electric Utility,1,548.3,510,510,BIT,SUB,Y,Y,BIT,SUB,DFO,,,,N,, , , , ,,,,,,
12686,Mississippi Power Co,6073,Victor J Daniel Jr,MS,Jackson,2,OP,Conventional Steam Coal,ST,Electric Utility,1,548.3,510,510,BIT,SUB,Y,Y,BIT,SUB,DFO,,,,N,, , , , ,,,,,,
11806,Massachusetts Mun Wholes Electric Co,6081,Stony Brook,MA,Hampden,CT1,OP,Petroleum Liquids,CT,Electric Utility,1,85.0,69.7,87,DFO,NG,Y,N,DFO,NG,,,,,Y,Y,69.7,90,69.7,90,1H,1H,Y,Y,,
11806,Massachusetts Mun Wholes Electric Co,6081,Stony Brook,MA,Hampden,CT2,OP,Petroleum Liquids,CT,Electric Utility,1,85.0,69.7,87,DFO,NG,Y,N,DFO,NG,,,,,Y,Y,69.7,90,69.7,90,1H,1H,Y,Y,,
11806,Massachusetts Mun Wholes Electric Co,6081,Stony Brook,MA,Hampden,CT3,OP,Petroleum Liquids,CT,Electric Utility,1,85.0,69.7,87,DFO,NG,Y,N,DFO,NG,,,,,Y,Y,69.7,90,69.7,90,1H,1H,Y,Y,,
13756,Northern Indiana Pub Serv Co,6085,R M Schahfer,IN,Jasper,14,OP,Conventional Steam Coal,ST,Electric Utility,1,540.0,431,431,SUB,NG,Y,Y,BIT,SUB,NG,,,,,, , , , ,,,,,,
13756,Northern Indiana Pub Serv Co,6085,R M Schahfer,IN,Jasper,15,OP,Conventional Steam Coal,ST,Electric Utility,1,556.4,472,472,SUB,NG,Y,Y,SUB,NG,,,,,N,, , , , ,,,,,,
13756,Northern Indiana Pub Serv Co,6085,R M Schahfer,IN,Jasper,17,OP,Conventional Steam Coal,ST,Electric Utility,1,423.5,361,361,BIT,NG,Y,Y,BIT,NG,,,,,N,, , , , ,,,,,,
13756,Northern Indiana Pub Serv Co,6085,R M Schahfer,IN,Jasper,18,OP,Conventional Steam Coal,ST,Electric Utility,1,423.5,361,361,BIT,NG,Y,Y,BIT,NG,,,,,N,, , , , ,,,,,,
24211,Tucson Electric Power Co,6088,North Loop,AZ,Pima,1,OP,Natural Gas Fired Combustion Turbine,GT,Electric Utility,1,27.0,25,26.8,NG,DFO,Y,Y,NG,DFO,,,,,Y,Y,25,25,25,25,1H,1H,N,,,
24211,Tucson Electric Power Co,6088,North Loop,AZ,Pima,2,OP,Natural Gas Fired Combustion Turbine,GT,Electric Utility,1,27.0,25,26.8,NG,DFO,Y,Y,NG,DFO,,,,,Y,Y,25,25,25,25,1H,1H,N,,,
24211,Tucson Electric Power Co,6088,North Loop,AZ,Pima,3,OP,Natural Gas Fired Combustion Turbine,GT,Electric Utility,1,27.0,25,26.8,NG,DFO,Y,Y,NG,DFO,,,,,Y,Y,23,23,23,23,1H,1H,N,,,
12199,Montana-Dakota Utilities Co,6089,Lewis & Clark,MT,Richland,1,OP,Conventional Steam Coal,ST,Electric Utility,1,50.0,53.1,44,LIG,NG,Y,Y,LIG,NG,,,,,N,, , , , ,,,,,,
14232,Otter Tail Power Co,6098,Big Stone,SD,Grant,1,OP,Conventional Steam Coal,ST,Electric Utility,1,450.0,474,474,SUB,DFO,Y,Y,PC,WO,AB,WDS,,,N,, , , , ,,,,,,
15500,Puget Sound Energy Inc,6120,Whitehorn,WA,Whatcom,2,OP,Natural Gas Fired Combustion Turbine,GT,Electric Utility,1,84.6,67,81.1,NG,DFO,Y,Y,NG,DFO,,,,,Y,Y,65,81,65,81,1H,1H,N,,,
15500,Puget Sound Energy Inc,6120,Whitehorn,WA,Whatcom,3,OP,Natural Gas Fired Combustion Turbine,GT,Electric Utility,1,84.6,67,81.1,NG,DFO,Y,Y,NG,DFO,,,,,Y,Y,65,81,65,81,1H,1H,N,,,
7140,Georgia Power Co,6124,McIntosh,GA,Effingham,CT1,OP,Natural Gas Fired Combustion Turbine,GT,Electric Utility,1,101.3,82.2,94.5,NG,DFO,Y,N,,,,,,,Y,Y,82.2,94.5,82.2,94.5,1H,1H,Y,,Y,
7140,Georgia Power Co,6124,McIntosh,GA,Effingham,CT2,OP,Natural Gas Fired Combustion Turbine,GT,Electric Utility,1,101.3,82.2,94.5,NG,DFO,Y,N,,,,,,,Y,Y,82.2,94.5,82.2,94.5,1H,1H,Y,,Y,
7140,Georgia Power Co,6124,McIntosh,GA,Effingham,CT3,OP,Natural Gas Fired Combustion Turbine,GT,Electric Utility,1,101.3,82.2,94.5,NG,DFO,Y,N,,,,,,,Y,Y,82.2,94.5,82.2,94.5,1H,1H,Y,,Y,
7140,Georgia Power Co,6124,McIntosh,GA,Effingham,CT4,OP,Natural Gas Fired Combustion Turbine,GT,Electric Utility,1,101.3,82.2,94.5,NG,DFO,Y,N,,,,,,,Y,Y,82.2,94.5,82.2,94.5,1H,1H,Y,,Y,
7140,Georgia Power Co,6124,McIntosh,GA,Effingham,CT5,OP,Natural Gas Fired Combustion Turbine,GT,Electric Utility,1,101.3,82.2,94.5,NG,DFO,Y,N,,,,,,,Y,Y,82.2,94.5,82.2,94.5,1H,1H,Y,,Y,
7140,Georgia Power Co,6124,McIntosh,GA,Effingham,CT6,OP,Natural Gas Fired Combustion Turbine,GT,Electric Utility,1,101.3,82.2,94.5,NG,DFO,Y,N,,,,,,,Y,Y,82.2,94.5,82.2,94.5,1H,1H,Y,,Y,
7140,Georgia Power Co,6124,McIntosh,GA,Effingham,CT7,OP,Natural Gas Fired Combustion Turbine,GT,Electric Utility,1,101.3,82.2,94.5,NG,DFO,Y,N,,,,,,,Y,Y,82.2,94.5,82.2,94.5,1H,1H,Y,,Y,
7140,Georgia Power Co,6124,McIntosh,GA,Effingham,CT8,OP,Natural Gas Fired Combustion Turbine,GT,Electric Utility,1,101.3,82.2,94.5,NG,DFO,Y,N,,,,,,,Y,Y,82.2,94.5,82.2,94.5,1H,1H,Y,,Y,
17633,Southern Indiana Gas & Elec Co,6137,A B Brown,IN,Posey,4,OP,Natural Gas Fired Combustion Turbine,GT,Electric Utility,1,88.2,80,87,NG,DFO,Y,N,,,,,,,Y,Y,80,87,80,87,24H,24H,Y,Y,,
55983,Luminant Generation Company LLC,6146,Martin Lake,TX,Rusk,1,OP,Conventional Steam Coal,ST,IPP Non-CHP,2,793.2,800,815,LIG,SUB,Y,Y,LIG,SUB,,,,,N,, , , , ,,,,,,
55983,Luminant Generation Company LLC,6146,Martin Lake,TX,Rusk,2,OP,Conventional Steam Coal,ST,IPP Non-CHP,2,793.2,805,820,LIG,SUB,Y,Y,LIG,SUB,,,,,N,, , , , ,,,,,,
55983,Luminant Generation Company LLC,6146,Martin Lake,TX,Rusk,3,OP,Conventional Steam Coal,ST,IPP Non-CHP,2,793.2,805,820,LIG,SUB,Y,Y,LIG,SUB,,,,,N,, , , , ,,,,,,
55983,Luminant Generation Company LLC,6147,Monticello,TX,Titus,1,OP,Conventional Steam Coal,ST,IPP Non-CHP,2,593.4,535,580,SUB,LIG,Y,Y,LIG,SUB,,,,,N,, , , , ,,,,,,
55983,Luminant Generation Company LLC,6147,Monticello,TX,Titus,2,OP,Conventional Steam Coal,ST,IPP Non-CHP,2,593.4,535,580,SUB,LIG,Y,Y,LIG,SUB,,,,,N,, , , , ,,,,,,
55983,Luminant Generation Company LLC,6147,Monticello,TX,Titus,3,OP,Conventional Steam Coal,ST,IPP Non-CHP,2,793.2,795,795,SUB,LIG,Y,Y,LIG,SUB,,,,,N,, , , , ,,,,,,
15452,PSEG Power Connecticut LLC,6156,New Haven Harbor,CT,New Haven,1,OP,Petroleum Liquids,ST,IPP Non-CHP,2,460.0,447.9,436.6,RFO,NG,Y,Y,RFO,NG,,,,,Y,Y,150,150,447.9,453.4,1H,1H,Y,,,Y
15452,PSEG Power Connecticut LLC,6156,New Haven Harbor,CT,New Haven,2,OP,Petroleum Liquids,GT,IPP Non-CHP,2,60.5,42.9,48.6,KER,NG,Y,N,,,,,,,Y,Y,43.2,48.6,43.2,48.6,1H,1H,Y,Y,,
15452,PSEG Power Connecticut LLC,6156,New Haven Harbor,CT,New Haven,3,OP,Petroleum Liquids,GT,IPP Non-CHP,2,60.5,42.9,48.6,KER,NG,Y,N,,,,,,,Y,Y,43.2,48.6,43.2,48.6,1H,1H,Y,Y,,
15452,PSEG Power Connecticut LLC,6156,New Haven Harbor,CT,New Haven,4,OP,Petroleum Liquids,GT,IPP Non-CHP,2,60.5,42.9,48.6,KER,NG,Y,N,,,,,,,Y,Y,43.2,48.6,43.2,48.6,1H,1H,Y,Y,,
55983,Luminant Generation Company LLC,6180,Oak Grove (TX),TX,Robertson,OG1,OP,Conventional Steam Coal,ST,IPP Non-CHP,2,916.8,840,840,LIG,NG,Y,Y,LIG,NG,,,,,N,, , , , ,,,,,,
55983,Luminant Generation Company LLC,6180,Oak Grove (TX),TX,Robertson,OG2,OP,Conventional Steam Coal,ST,IPP Non-CHP,2,878.6,825,825,LIG,NG,Y,Y,LIG,NG,,,,,N,, , , , ,,,,,,
3265,Cleco Power LLC,6190,Brame Energy Center,LA,Rapides,1,OP,Natural Gas Steam Turbine,ST,Electric Utility,1,445.5,421.1,422,NG,RFO,Y,Y,NG,DFO,RFO,,,,Y,Y,400,400, , ,UNK,UNK,Y,,,Y
3265,Cleco Power LLC,6190,Brame Energy Center,LA,Rapides,3,OP,Petroleum Coke,ST,Electric Utility,1,703.8,627.7,628,PC,BIT,Y,Y,PC,SUB,LIG,BIT,WDS,,N,, , , , ,,,,,,
17718,Southwestern Public Service Co,6193,Harrington,TX,Potter,1,OP,Conventional Steam Coal,ST,Electric Utility,1,360.0,339,339,SUB,NG,Y,Y,SUB,NG,,,,,N,, , , , ,,,,,,
17718,Southwestern Public Service Co,6193,Harrington,TX,Potter,2,OP,Conventional Steam Coal,ST,Electric Utility,1,360.0,339,339,SUB,NG,Y,Y,SUB,NG,,,,,N,, , , , ,,,,,,
17718,Southwestern Public Service Co,6193,Harrington,TX,Potter,3,OP,Conventional Steam Coal,ST,Electric Utility,1,360.0,340,340,SUB,NG,Y,Y,SUB,NG,,,,,N,, , , , ,,,,,,
17718,Southwestern Public Service Co,6194,Tolk,TX,Lamb,1,OP,Conventional Steam Coal,ST,Electric Utility,1,567.9,532,532,SUB,NG,Y,Y,SUB,NG,,,,,N,, , , , ,,,,,,
17718,Southwestern Public Service Co,6194,Tolk,TX,Lamb,2,OP,Conventional Steam Coal,ST,Electric Utility,1,567.9,535,535,SUB,NG,Y,Y,SUB,NG,,,,,N,, , , , ,,,,,,
17833,City Utilities of Springfield - (MO),6195,John Twitty Energy Center,MO,Greene,ST1,OP,Conventional Steam Coal,ST,Electric Utility,1,194.0,184,184,SUB,NG,Y,Y,SUB,NG,BIT,,,,N,, , , , ,,,,,,
17833,City Utilities of Springfield - (MO),6195,John Twitty Energy Center,MO,Greene,ST2,OP,Conventional Steam Coal,ST,Electric Utility,1,300.0,275,275,SUB,NG,Y,Y,SUB,NG,,,,,N,, , , , ,,,,,,
9267,"Hoosier Energy R E C, Inc",6213,Merom,IN,Sullivan,1,OP,Conventional Steam Coal,ST,Electric Utility,1,540.0,493,499,BIT,DFO,Y,Y,BIT,DFO,,,,,N,, , , , ,,,,,,
9267,"Hoosier Energy R E C, Inc",6213,Merom,IN,Sullivan,2,OP,Conventional Steam Coal,ST,Electric Utility,1,540.0,490,497,BIT,DFO,Y,Y,BIT,DFO,,,,,N,, , , , ,,,,,,
5529,City of Durant - (IA),6220,Durant,IA,Cedar,6A,SB,Petroleum Liquids,IC,Electric Utility,1,2.0,2.1,2.1,DFO,NG,Y,Y,NG,DFO,,,,,Y,Y,2.07,2.07,2.07,2.07,1H,1H,N,,,
5860,Empire District Electric Co,6223,Empire Energy Center,MO,Jasper,1,OP,Natural Gas Fired Combustion Turbine,GT,Electric Utility,1,129.0,82,86,NG,JF,Y,N,,,,,,,Y,Y,86,86,88,88,1H,1H,Y,Y,,
5860,Empire District Electric Co,6223,Empire Energy Center,MO,Jasper,2,OP,Natural Gas Fired Combustion Turbine,GT,Electric Utility,1,129.0,82,92,NG,JF,Y,N,,,,,,,Y,Y,86,92,80,80,1H,1H,Y,Y,,
5860,Empire District Electric Co,6223,Empire Energy Center,MO,Jasper,3,OP,Natural Gas Fired Combustion Turbine,GT,Electric Utility,1,60.5,49,62,NG,JF,Y,N,,,,,,,Y,Y,49,49,49,49,1H,1H,Y,Y,,
5860,Empire District Electric Co,6223,Empire Energy Center,MO,Jasper,4,OP,Natural Gas Fired Combustion Turbine,GT,Electric Utility,1,60.5,49,62,NG,JF,Y,N,,,,,,,Y,Y,49,49,49,49,1H,1H,Y,Y,,
20847,Wisconsin Electric Power Co,6253,Germantown,WI,Washington,5,OP,Natural Gas Fired Combustion Turbine,GT,Electric Utility,1,90.9,78,96,NG,DFO,Y,N,,,,,,,Y,Y,78,96,78,96,1H,1H,Y,,Y,
7353,Golden Valley Elec Assn Inc,6288,Healy,AK,Denali,1,OP,Conventional Steam Coal,ST,Electric Utility,1,28.0,25,25,LIG,WC,Y,Y,LIG,DFO,,,,,N,, , , , ,,,,,,
7353,Golden Valley Elec Assn Inc,6288,Healy,AK,Denali,2,OP,Conventional Steam Coal,ST,Electric Utility,1,62.0,50,50,LIG,WC,Y,Y,LIG,DFO,,,,,N,, , , , ,,,,,,
11018,Lincoln Electric System,6373,Rokeby,NE,Lancaster,1,OP,Natural Gas Fired Combustion Turbine,GT,Electric Utility,1,72.4,72,72,NG,DFO,Y,N,,,,,,,Y,Y,72,72,72,72,1H,1H,N,,,
11018,Lincoln Electric System,6373,Rokeby,NE,Lancaster,2,OP,Natural Gas Fired Combustion Turbine,GT,Electric Utility,1,95.4,89,88.9,NG,DFO,Y,N,,,,,,,Y,Y,89,91,84,91,1H,6H,Y,,,Y
11018,Lincoln Electric System,6373,Rokeby,NE,Lancaster,3,OP,Natural Gas Fired Combustion Turbine,GT,Electric Utility,1,95.4,94,96,NG,DFO,Y,N,,,,,,,Y,Y,94,96,96,96,1H,6H,Y,,,Y
10071,Kauai Island Utility Cooperative,6474,Port Allen (HI),HI,Kauai,ST1,OP,Petroleum Liquids,ST,Electric Utility,1,10.0,9,9,DFO,WO,Y,Y,DFO,WO,,,,,N,, , , , ,,,,,,
19728,"UNS Electric, Inc",6515,Valencia,AZ,Santa Cruz,GT1,SB,Natural Gas Fired Combustion Turbine,GT,Electric Utility,1,18.0,13.5,14.8,NG,DFO,Y,Y,NG,DFO,,,,,Y,Y,14.7,13.5,14.7,13.5,1H,1H,N,,,
19728,"UNS Electric, Inc",6515,Valencia,AZ,Santa Cruz,GT2,SB,Natural Gas Fired Combustion Turbine,GT,Electric Utility,1,18.0,13.5,14.8,NG,DFO,Y,Y,NG,DFO,,,,,Y,Y,14.7,13.5,14.7,13.5,1H,1H,N,,,
19728,"UNS Electric, Inc",6515,Valencia,AZ,Santa Cruz,GT3,SB,Natural Gas Fired Combustion Turbine,GT,Electric Utility,1,18.0,13.5,14.8,NG,DFO,Y,Y,NG,DFO,,,,,Y,Y,14.7,13.5,14.7,13.5,1H,1H,N,,,
19728,"UNS Electric, Inc",6515,Valencia,AZ,Santa Cruz,GT4,OP,Natural Gas Fired Combustion Turbine,GT,Electric Utility,1,54.0,19.8,21.2,NG,DFO,Y,Y,NG,DFO,,,,,Y,Y,18.9,20,18.9,20,1H,1H,N,,,
20214,Waverly Municipal Elec Utility,6554,Waverly Municipal Electric North Plant,IA,Bremer,7,OP,Natural Gas Internal Combustion Engine,IC,Electric Utility,1,3.5,3.5,3.5,NG,DFO,Y,N,,,,,,,Y,Y,3.5,3.5,3.5,3.5,1H,1H,Y,Y,,
20214,Waverly Municipal Elec Utility,6554,Waverly Municipal Electric North Plant,IA,Bremer,8,OP,Natural Gas Internal Combustion Engine,IC,Electric Utility,1,3.7,3.7,3.7,NG,DFO,Y,N,,,,,,,Y,Y,3.7,3.7,3.7,3.7,1H,1H,Y,Y,,
20214,Waverly Municipal Elec Utility,6554,Waverly Municipal Electric North Plant,IA,Bremer,9,OP,Natural Gas Internal Combustion Engine,IC,Electric Utility,1,3.7,3.7,3.7,NG,DFO,Y,N,,,,,,,Y,Y,3.7,3.7,3.7,3.7,1H,1H,Y,Y,,
599,Anchorage Municipal Light and Power,6559,George M Sullivan Generation Plant 2,AK,Anchorage,7,OP,Natural Gas Fired Combined Cycle,CT,Electric Utility,1,102.6,102.6,81.8,NG,DFO,Y,Y,NG,DFO,,,,,Y,Y,74.4,81.8,74.4,81.8,1H,1H,Y,Y,,
9776,City of Johnson - (KS),6579,Johnson,KS,Stanton,1,OP,Petroleum Liquids,IC,Electric Utility,1,0.6,0.6,0.6,DFO,NG,Y,,,,,,,,Y,Y,0.5,0.5,0.5,0.5,UNK,UNK,Y,,,Y
9776,City of Johnson - (KS),6579,Johnson,KS,Stanton,2,OP,Petroleum Liquids,IC,Electric Utility,1,0.9,0.7,0.7,DFO,NG,Y,N,,,,,,,Y,Y,0.8,0.8,0.8,0.8,UNK,UNK,Y,,,Y
9776,City of Johnson - (KS),6579,Johnson,KS,Stanton,4,OP,Petroleum Liquids,IC,Electric Utility,1,0.5,0.5,0.5,DFO,NG,Y,N,,,,,,,Y,Y,0.25,0.25,0.25,0.25,UNK,UNK,Y,,,Y
9776,City of Johnson - (KS),6579,Johnson,KS,Stanton,5,OP,Petroleum Liquids,IC,Electric Utility,1,0.3,0.3,0.3,DFO,NG,Y,N,,,,,,,Y,Y,0.2,0.2,0.2,0.2,UNK,UNK,Y,,,Y
9776,City of Johnson - (KS),6579,Johnson,KS,Stanton,7,OP,Petroleum Liquids,IC,Electric Utility,1,1.5,1.2,1.2,DFO,NG,Y,,,,,,,,Y,Y,1.1,1.1,1.1,1.1,UNK,UNK,Y,,,Y
9776,City of Johnson - (KS),6579,Johnson,KS,Stanton,8,OP,Natural Gas Internal Combustion Engine,IC,Electric Utility,1,1.2,1.1,1.1,NG,DFO,Y,,,,,,,,Y,Y,1.1,1.1,1.1,1.1,UNK,UNK,Y,,,Y
9776,City of Johnson - (KS),6579,Johnson,KS,Stanton,IC6,OP,Petroleum Liquids,IC,Electric Utility,1,1.5,1.2,1.2,DFO,NG,Y,,,,,,,,Y,Y,1.1,1.1,1.1,1.1,UNK,UNK,Y,,,Y
4180,Connecticut Mun Elec Engy Coop,6635,A L Pierce,CT,New Haven,4,OP,Natural Gas Fired Combustion Turbine,GT,Electric Utility,1,84.0,74.1,94.6,NG,DFO,Y,N,,,,,,,Y,Y,74.1,94.6,74.1,94.6,1H,1H,Y,Y,Y,
1692,Big Rivers Electric Corp,6639,R D Green,KY,Webster,1,OP,Conventional Steam Coal,ST,Electric Utility,1,293.0,231,231,BIT,PC,Y,Y,BIT,PC,,,,,N,, , , , ,,,,,,
1692,Big Rivers Electric Corp,6639,R D Green,KY,Webster,2,OP,Conventional Steam Coal,ST,Electric Utility,1,293.0,223,223,BIT,PC,Y,Y,BIT,PC,,,,,N,, , , , ,,,,,,
261,AGC Division of APG Inc,6705,Warrick,IN,Warrick,1,OP,Conventional Steam Coal,ST,IPP CHP,3,166.6,148,151,BIT,NG,Y,Y,NG,BIT,,,,,N,, , , , ,,,,,,
261,AGC Division of APG Inc,6705,Warrick,IN,Warrick,2,OP,Conventional Steam Coal,ST,IPP CHP,3,166.6,151,150,BIT,NG,Y,Y,NG,BIT,,,,,N,, , , , ,,,,,,
261,AGC Division of APG Inc,6705,Warrick,IN,Warrick,3,OP,Conventional Steam Coal,ST,IPP CHP,3,166.6,153,152,BIT,NG,Y,Y,NG,BIT,,,,,N,, , , , ,,,,,,
261,AGC Division of APG Inc,6705,Warrick,IN,Warrick,4,OP,Conventional Steam Coal,ST,IPP CHP,3,323.0,299,299,BIT,NG,Y,Y,NG,BIT,,,,,N,, , , , ,,,,,,
998,City of Augusta - (KS),6791,Augusta Electric Plant No 2,KS,Butler,1,OP,Natural Gas Internal Combustion Engine,IC,Electric Utility,1,4.0,4,4,NG,DFO,Y,Y,NG,DFO,,,,,N,, , , , ,,,,,,
998,City of Augusta - (KS),6791,Augusta Electric Plant No 2,KS,Butler,2,OP,Natural Gas Internal Combustion Engine,IC,Electric Utility,1,4.0,4,4,NG,DFO,Y,Y,NG,DFO,,,,,N,, , , , ,,,,,,
998,City of Augusta - (KS),6791,Augusta Electric Plant No 2,KS,Butler,3,OP,Natural Gas Internal Combustion Engine,IC,Electric Utility,1,6.0,6,6,NG,DFO,Y,Y,NG,DFO,,,,,N,, , , , ,,,,,,
998,City of Augusta - (KS),6791,Augusta Electric Plant No 2,KS,Butler,4,OP,Natural Gas Internal Combustion Engine,IC,Electric Utility,1,6.7,6.6,6.6,NG,DFO,Y,Y,NG,DFO,,,,,N,, , , , ,,,,,,
1692,Big Rivers Electric Corp,6823,D B Wilson,KY,Ohio,1,OP,Conventional Steam Coal,ST,Electric Utility,1,509.4,417,417,BIT,PC,Y,Y,BIT,PC,,,,,N,, , , , ,,,,,,
9011,City of Hugoton - (KS),7011,Hugoton 2,KS,Stevens,10,OP,Petroleum Liquids,IC,Electric Utility,1,4.3,4,4,DFO,NG,Y,Y,DFO,NG,,,,,Y,Y,2.6,2.6,2.6,2.6,1H,1H,Y,Y,Y,
9011,City of Hugoton - (KS),7011,Hugoton 2,KS,Stevens,11,OP,Petroleum Liquids,IC,Electric Utility,1,2.5,2.2,2.2,DFO,NG,Y,Y,DFO,NG,,,,,Y,Y,1.5,1.5,1.5,1.5,1H,1H,Y,Y,Y,
9011,City of Hugoton - (KS),7011,Hugoton 2,KS,Stevens,12,OP,Petroleum Liquids,IC,Electric Utility,1,3.0,2.8,2.8,DFO,NG,Y,Y,DFO,NG,,,,,Y,Y,1.8,1.8,1.8,1.8,1H,1H,Y,Y,Y,
9011,City of Hugoton - (KS),7011,Hugoton 2,KS,Stevens,7,OP,Petroleum Liquids,IC,Electric Utility,1,2.3,2,2,DFO,NG,Y,Y,DFO,NG,,,,,Y,Y,1.5,1.5,1.5,1.5,1H,1H,Y,Y,Y,
9011,City of Hugoton - (KS),7011,Hugoton 2,KS,Stevens,8,OP,Petroleum Liquids,IC,Electric Utility,1,2.0,1.8,1.8,DFO,NG,Y,Y,DFO,NG,,,,,Y,Y,0.9,0.9,0.9,0.9,1H,1H,Y,Y,Y,
9011,City of Hugoton - (KS),7011,Hugoton 2,KS,Stevens,9A,OP,Petroleum Liquids,IC,Electric Utility,1,4.3,4,4,DFO,NG,Y,Y,DFO,NG,,,,,Y,Y,3.2,3.2,3.2,3.2,1H,1H,Y,Y,Y,
3355,City of Chanute,7018,Chanute 3,KS,Neosho,10,OP,Natural Gas Internal Combustion Engine,IC,Electric Utility,1,7.6,6.9,6.9,NG,DFO,Y,N,,,,,,,Y,Y,6.9,6.9,6.9,6.9,1H,1H,Y,,Y,
3355,City of Chanute,7018,Chanute 3,KS,Neosho,9,OP,Natural Gas Internal Combustion Engine,IC,Electric Utility,1,7.6,6.9,6.9,NG,DFO,Y,N,,,,,,,Y,Y,6.9,6.9,6.9,6.9,1H,1H,Y,,Y,
56598,"Major Oak Power, LLC",7030,Major Oak Power,TX,Robertson,1,OP,Conventional Steam Coal,ST,IPP Non-CHP,2,174.6,152,153,LIG,NG,Y,Y,LIG,SUB,PC,NG,,,N,, , , , ,,,,,,
56598,"Major Oak Power, LLC",7030,Major Oak Power,TX,Robertson,2,OP,Conventional Steam Coal,ST,IPP Non-CHP,2,174.6,153,154,LIG,NG,Y,Y,LIG,SUB,PC,NG,,,N,, , , , ,,,,,,
19876,Virginia Electric & Power Co,7032,Gravel Neck,VA,Surry,3,OP,Natural Gas Fired Combustion Turbine,GT,Electric Utility,1,91.9,85,98,NG,DFO,Y,N,,,,,,,Y,Y,73,98,73,98,1H,1H,Y,Y,Y,
19876,Virginia Electric & Power Co,7032,Gravel Neck,VA,Surry,4,OP,Natural Gas Fired Combustion Turbine,GT,Electric Utility,1,91.9,85,97,NG,DFO,Y,N,,,,,,,Y,Y,73,97,73,97,1H,1H,Y,Y,Y,
19876,Virginia Electric & Power Co,7032,Gravel Neck,VA,Surry,5,OP,Natural Gas Fired Combustion Turbine,GT,Electric Utility,1,91.9,85,98,NG,DFO,Y,N,,,,,,,Y,Y,73,98,73,98,1H,1H,Y,Y,Y,
19876,Virginia Electric & Power Co,7032,Gravel Neck,VA,Surry,6,OP,Natural Gas Fired Combustion Turbine,GT,Electric Utility,1,91.9,85,97,NG,DFO,Y,N,,,,,,,Y,Y,79,97,79,97,1H,1H,Y,Y,Y,
189,PowerSouth Energy Cooperative,7063,McIntosh (AL),AL,Washington,2,OP,Natural Gas Fired Combustion Turbine,GT,Electric Utility,1,113.0,114,120,NG,DFO,Y,N,,,,,,,Y,Y,114,120,114,120,6H,1H,Y,Y,Y,
189,PowerSouth Energy Cooperative,7063,McIntosh (AL),AL,Washington,3,OP,Natural Gas Fired Combustion Turbine,GT,Electric Utility,1,113.0,114,120,NG,DFO,Y,N,,,,,,,Y,Y,114,120,114,120,6H,1H,Y,Y,Y,
50168,Maxim Power (USA) Inc,7138,Forked River,NJ,Ocean,1,OP,Natural Gas Fired Combustion Turbine,GT,IPP Non-CHP,2,38.4,34,44,NG,DFO,Y,N,NG,DFO,,,,,Y,Y,34,44,34,44,1H,1H,N,,,
50168,Maxim Power (USA) Inc,7138,Forked River,NJ,Ocean,2,OP,Natural Gas Fired Combustion Turbine,GT,IPP Non-CHP,2,38.4,31,41,NG,DFO,Y,N,NG,DFO,,,,,Y,Y,32,41,32,41,1H,1H,N,,,
12341,MidAmerican Energy Co,7145,Pleasant Hill,IA,Polk,1,OP,Natural Gas Fired Combustion Turbine,GT,Electric Utility,1,41.4,38,47,NG,DFO,N,Y,NG,DFO,,,,,Y,Y,38.5,47,38.5,47,1H,1H,N,,,
12341,MidAmerican Energy Co,7145,Pleasant Hill,IA,Polk,2,OP,Natural Gas Fired Combustion Turbine,GT,Electric Utility,1,41.4,37.8,47,NG,DFO,N,Y,NG,DFO,,,,,Y,Y,38.5,47,38.5,47,1H,1H,N,,,
12341,MidAmerican Energy Co,7145,Pleasant Hill,IA,Polk,3,OP,Natural Gas Fired Combustion Turbine,GT,Electric Utility,1,97.0,84.2,100,NG,DFO,N,Y,NG,DFO,,,,,Y,Y,83.5,102,83.5,102,1H,1H,N,,,
56609,Calpine Mid-Atlantic Generation LLC,7153,Hay Road,DE,New Castle,HR1,OP,Natural Gas Fired Combined Cycle,CT,IPP Non-CHP,2,122.0,126,126,NG,OTH,Y,N,,,,,,,Y,Y,126,125,120,125,6H,6H,Y,,Y,
56609,Calpine Mid-Atlantic Generation LLC,7153,Hay Road,DE,New Castle,HR2,OP,Natural Gas Fired Combined Cycle,CT,IPP Non-CHP,2,122.0,126,126,NG,OTH,Y,N,,,,,,,Y,Y,126,125,120,125,6H,6H,Y,,Y,
56609,Calpine Mid-Atlantic Generation LLC,7153,Hay Road,DE,New Castle,HR3,OP,Natural Gas Fired Combined Cycle,CT,IPP Non-CHP,2,122.0,126,126,NG,OTH,Y,N,,,,,,,Y,Y,126,125,120,125,6H,6H,Y,,Y,
56609,Calpine Mid-Atlantic Generation LLC,7153,Hay Road,DE,New Castle,HR4,OP,Natural Gas Fired Combined Cycle,CA,IPP Non-CHP,2,200.0,187,187,NG,OTH,Y,N,,,,,,,Y,Y,187,185,182,185,6H,6H,Y,,Y,
56609,Calpine Mid-Atlantic Generation LLC,7153,Hay Road,DE,New Castle,HR5,OP,Natural Gas Fired Combined Cycle,CT,IPP Non-CHP,2,144.0,128,128,NG,OTH,Y,N,,,,,,,Y,Y,126,128,121,128,6H,6H,Y,,Y,
56609,Calpine Mid-Atlantic Generation LLC,7153,Hay Road,DE,New Castle,HR6,OP,Natural Gas Fired Combined Cycle,CT,IPP Non-CHP,2,144.0,128,128,NG,OTH,Y,N,,,,,,,Y,Y,126,128,121,128,6H,6H,Y,,Y,
56609,Calpine Mid-Atlantic Generation LLC,7153,Hay Road,DE,New Castle,HR7,OP,Natural Gas Fired Combined Cycle,CT,IPP Non-CHP,2,144.0,128,128,NG,OTH,Y,N,,,,,,,Y,Y,126,128,121,128,6H,6H,Y,,Y,
56609,Calpine Mid-Atlantic Generation LLC,7153,Hay Road,DE,New Castle,HR8,OP,Natural Gas Fired Combined Cycle,CA,IPP Non-CHP,2,195.0,187,187,NG,OTH,N,N,,,,,,,Y,Y,187,185,177,185,6H,6H,Y,,Y,
20847,Wisconsin Electric Power Co,7159,Concord,WI,Jefferson,1,OP,Natural Gas Fired Combustion Turbine,GT,Electric Utility,1,95.4,88,100,NG,DFO,Y,N,,,,,,,Y,Y,88,100,88,100,1H,1H,Y,,Y,
20847,Wisconsin Electric Power Co,7159,Concord,WI,Jefferson,2,OP,Natural Gas Fired Combustion Turbine,GT,Electric Utility,1,95.4,88,100,NG,DFO,Y,N,,,,,,,Y,Y,88,100,88,100,1H,1H,Y,,Y,
20847,Wisconsin Electric Power Co,7159,Concord,WI,Jefferson,3,OP,Natural Gas Fired Combustion Turbine,GT,Electric Utility,1,95.4,88,100,NG,DFO,Y,N,,,,,,,Y,Y,88,100,88,100,1H,1H,Y,,Y,
20847,Wisconsin Electric Power Co,7159,Concord,WI,Jefferson,4,OP,Natural Gas Fired Combustion Turbine,GT,Electric Utility,1,95.4,88,100,NG,DFO,Y,N,,,,,,,Y,Y,88,100,88,100,1H,1H,Y,,Y,
1276,"Barrow Utils & Elec Coop, Inc",7173,Barrow,AK,North Slope,12,OP,Natural Gas Fired Combustion Turbine,GT,Electric Utility,1,5.0,5,5,NG,DFO,Y,N,,,,,,,Y,Y,5,5.7,5,5.7,1H,1H,Y,Y,Y,
1276,"Barrow Utils & Elec Coop, Inc",7173,Barrow,AK,North Slope,6,OP,Natural Gas Fired Combustion Turbine,GT,Electric Utility,1,2.5,2.5,2.5,NG,DFO,Y,N,,,,,,,Y,Y,2.5,3,2.5,3,1H,1H,Y,Y,Y,
1276,"Barrow Utils & Elec Coop, Inc",7173,Barrow,AK,North Slope,7,OP,Natural Gas Fired Combustion Turbine,GT,Electric Utility,1,2.5,2.5,2.5,NG,DFO,Y,N,,,,,,,Y,Y,2.5,3,2.5,3,1H,1H,Y,Y,Y,
1276,"Barrow Utils & Elec Coop, Inc",7173,Barrow,AK,North Slope,8,OP,Natural Gas Fired Combustion Turbine,GT,Electric Utility,1,2.5,2.5,2.5,NG,DFO,Y,N,,,,,,,Y,Y,2.5,3,2.5,3,1H,1H,Y,Y,Y,
20856,Wisconsin Power & Light Co,7203,South Fond Du Lac,WI,Fond Du Lac,CT1,OP,Natural Gas Fired Combustion Turbine,GT,Electric Utility,1,95.4,79.9,89.9,NG,DFO,Y,N,,,,,,,Y,Y,85.89,87.3,85.89,87.3,6H,UNK,Y,Y,Y,
20856,Wisconsin Power & Light Co,7203,South Fond Du Lac,WI,Fond Du Lac,CT2,OP,Natural Gas Fired Combustion Turbine,GT,Electric Utility,1,95.4,79.5,89.5,NG,DFO,Y,N,,,,,,,Y,Y,83.69,85.07,83.69,85.07,6H,UNK,Y,Y,Y,
20856,Wisconsin Power & Light Co,7203,South Fond Du Lac,WI,Fond Du Lac,CT3,OP,Natural Gas Fired Combustion Turbine,GT,Electric Utility,1,95.4,82.3,92.7,NG,DFO,Y,N,,,,,,,Y,Y,88.39,89.72,88.39,89.72,6H,UNK,Y,Y,Y,
20856,Wisconsin Power & Light Co,7203,South Fond Du Lac,WI,Fond Du Lac,CT4,OP,Natural Gas Fired Combustion Turbine,GT,Electric Utility,1,95.4,84,94.6,NG,DFO,Y,N,,,,,,,Y,Y,87.71,89.15,87.71,89.15,6H,UNK,Y,Y,Y,
17539,South Carolina Electric&Gas Company,7210,Cope,SC,Orangeburg,ST1,OP,Conventional Steam Coal,ST,Electric Utility,1,417.3,415,415,RC,BIT,Y,Y,BIT,NG,,,,,N,, , , , ,,,,,,
19876,Virginia Electric & Power Co,7212,Darbytown,VA,Henrico,1,OP,Natural Gas Fired Combustion Turbine,GT,Electric Utility,1,92.1,84,98,NG,DFO,Y,N,,,,,,,Y,Y,72,98,72,98,1H,1H,Y,Y,Y,
19876,Virginia Electric & Power Co,7212,Darbytown,VA,Henrico,2,OP,Natural Gas Fired Combustion Turbine,GT,Electric Utility,1,92.1,84,97,NG,DFO,Y,N,,,,,,,Y,Y,78,97,78,97,1H,1H,Y,Y,Y,
19876,Virginia Electric & Power Co,7212,Darbytown,VA,Henrico,3,OP,Natural Gas Fired Combustion Turbine,GT,Electric Utility,1,92.1,84,95,NG,DFO,Y,N,,,,,,,Y,Y,72,95,72,95,1H,1H,Y,Y,Y,
19876,Virginia Electric & Power Co,7212,Darbytown,VA,Henrico,4,OP,Natural Gas Fired Combustion Turbine,GT,Electric Utility,1,92.1,84,97,NG,DFO,Y,N,,,,,,,Y,Y,72,97,72,97,1H,1H,Y,Y,Y,
16655,City of Santa Clara - (CA),7231,Gianera,CA,Santa Clara,1,OP,Natural Gas Fired Combustion Turbine,GT,Electric Utility,1,32.3,24.8,24.8,NG,DFO,Y,N,NG,DFO,,,,,Y,N,24.8,24.8,24.8,24.8,1H,1H,Y,,Y,Y
16655,City of Santa Clara - (CA),7231,Gianera,CA,Santa Clara,2,OP,Natural Gas Fired Combustion Turbine,GT,Electric Utility,1,32.3,24.8,24.8,NG,DFO,Y,N,NG,DFO,,,,,Y,N,24.8,24.8,24.8,24.8,1H,1H,Y,,Y,Y
13781,Northern States Power Co - Minnesota,7237,Angus Anson,SD,Minnehaha,1,OP,Natural Gas Fired Combustion Turbine,GT,Electric Utility,1,119.7,90,109,NG,DFO,Y,Y,NG,DFO,,,,,Y,Y,90,109,90,109,1H,6H,Y,,Y,
13781,Northern States Power Co - Minnesota,7237,Angus Anson,SD,Minnehaha,2,OP,Natural Gas Fired Combustion Turbine,GT,Electric Utility,1,119.7,90,109,NG,DFO,Y,Y,NG,DFO,,,,,Y,Y,90,109,90,109,1H,6H,Y,,Y,
10376,Kissimmee Utility Authority,7238,Cane Island,FL,Osceola,1,OP,Natural Gas Fired Combustion Turbine,GT,Electric Utility,1,42.0,32,40,NG,DFO,Y,N,,,,,,,Y,Y,44,46,40,44,1H,1H,Y,,Y,
10376,Kissimmee Utility Authority,7238,Cane Island,FL,Osceola,2,OP,Natural Gas Fired Combined Cycle,CT,Electric Utility,1,80.0,69,79,NG,DFO,Y,N,,,,,,,Y,Y,73,75,72,74,6H,6H,Y,,Y,
10376,Kissimmee Utility Authority,7238,Cane Island,FL,Osceola,3,OP,Natural Gas Fired Combined Cycle,CT,Electric Utility,1,167.5,150,160,NG,DFO,Y,N,,,,,,,Y,Y,153,155,153,155,6H,6H,Y,,Y,
18454,Tampa Electric Co,7242,Polk,FL,Polk,2,OP,Natural Gas Fired Combustion Turbine,GT,Electric Utility,1,175.8,151,183,NG,DFO,Y,N,,,,,,,Y,Y,151,183,159,187,1H,1H,Y,,Y,
18454,Tampa Electric Co,7242,Polk,FL,Polk,3,OP,Natural Gas Fired Combustion Turbine,GT,Electric Utility,1,175.8,151,183,NG,DFO,Y,N,,,,,,,Y,Y,151,183,159,187,1H,1H,Y,,Y,
12745,Modesto Irrigation District,7266,Woodland,CA,Stanislaus,NA1,OP,Natural Gas Fired Combustion Turbine,GT,Electric Utility,1,50.4,48,50,NG,DFO,Y,N,,,,,,,Y,N,48,50,48,50,OVER,OVER,Y,Y,,
8723,City of Holland,7268,491 E 48th Street,MI,Allegan,7,OP,Natural Gas Fired Combustion Turbine,GT,Electric Utility,1,39.1,32,39,NG,DFO,Y,Y,NG,DFO,,,,,Y,Y,35,39,35,39,1H,1H,N,,,
8723,City of Holland,7268,491 E 48th Street,MI,Allegan,8,OP,Natural Gas Fired Combustion Turbine,GT,Electric Utility,1,39.1,32,39,NG,DFO,Y,Y,NG,DFO,,,,,Y,Y,35,39,35,39,1H,1H,N,,,
20847,Wisconsin Electric Power Co,7270,Paris (WI),WI,Kenosha,1,OP,Natural Gas Fired Combustion Turbine,GT,Electric Utility,1,95.4,88,100,NG,DFO,Y,N,,,,,,,Y,Y,88,100,88,100,1H,1H,Y,,Y,
20847,Wisconsin Electric Power Co,7270,Paris (WI),WI,Kenosha,2,OP,Natural Gas Fired Combustion Turbine,GT,Electric Utility,1,95.4,88,100,NG,DFO,Y,N,,,,,,,Y,Y,88,100,88,100,1H,1H,Y,,Y,
20847,Wisconsin Electric Power Co,7270,Paris (WI),WI,Kenosha,3,OP,Natural Gas Fired Combustion Turbine,GT,Electric Utility,1,95.4,88,100,NG,DFO,Y,N,,,,,,,Y,Y,88,100,88,100,1H,1H,Y,,Y,
20847,Wisconsin Electric Power Co,7270,Paris (WI),WI,Kenosha,4,OP,Natural Gas Fired Combustion Turbine,GT,Electric Utility,1,95.4,88,100,NG,DFO,Y,N,,,,,,,Y,Y,88,100,88,100,1H,1H,Y,,Y,
5416,"Duke Energy Carolinas, LLC",7277,Lincoln Combustion,NC,Lincoln,1,OP,Natural Gas Fired Combustion Turbine,GT,Electric Utility,1,109.6,76,93,NG,DFO,Y,N,NG,DFO,,,,,Y,Y,76,93,76,93,1H,1H,Y,Y,Y,
5416,"Duke Energy Carolinas, LLC",7277,Lincoln Combustion,NC,Lincoln,10,OP,Natural Gas Fired Combustion Turbine,GT,Electric Utility,1,109.6,75,93,NG,DFO,Y,N,NG,DFO,,,,,Y,Y,75,93,75,93,1H,1H,Y,Y,Y,
5416,"Duke Energy Carolinas, LLC",7277,Lincoln Combustion,NC,Lincoln,11,OP,Natural Gas Fired Combustion Turbine,GT,Electric Utility,1,109.6,74,93,NG,DFO,Y,N,NG,DFO,,,,,Y,Y,74,93,74,93,1H,1H,Y,Y,Y,
5416,"Duke Energy Carolinas, LLC",7277,Lincoln Combustion,NC,Lincoln,12,OP,Natural Gas Fired Combustion Turbine,GT,Electric Utility,1,109.6,75,93,NG,DFO,Y,N,NG,DFO,,,,,Y,Y,75,93,75,93,1H,1H,Y,Y,Y,
5416,"Duke Energy Carolinas, LLC",7277,Lincoln Combustion,NC,Lincoln,13,OP,Natural Gas Fired Combustion Turbine,GT,Electric Utility,1,109.6,74,93,NG,DFO,Y,N,NG,DFO,,,,,Y,Y,74,93,74,93,1H,1H,Y,Y,Y,
5416,"Duke Energy Carolinas, LLC",7277,Lincoln Combustion,NC,Lincoln,14,OP,Natural Gas Fired Combustion Turbine,GT,Electric Utility,1,109.6,74,93,NG,DFO,Y,N,NG,DFO,,,,,Y,Y,74,93,74,93,1H,1H,Y,Y,Y,
5416,"Duke Energy Carolinas, LLC",7277,Lincoln Combustion,NC,Lincoln,15,OP,Natural Gas Fired Combustion Turbine,GT,Electric Utility,1,109.6,73,93,NG,DFO,Y,N,NG,DFO,,,,,Y,Y,73,93,73,93,1H,1H,Y,Y,Y,
5416,"Duke Energy Carolinas, LLC",7277,Lincoln Combustion,NC,Lincoln,16,OP,Natural Gas Fired Combustion Turbine,GT,Electric Utility,1,109.6,73,93,NG,DFO,Y,N,NG,DFO,,,,,Y,Y,73,93,73,93,1H,1H,Y,Y,Y,
5416,"Duke Energy Carolinas, LLC",7277,Lincoln Combustion,NC,Lincoln,2,OP,Natural Gas Fired Combustion Turbine,GT,Electric Utility,1,109.6,76,93,NG,DFO,Y,N,NG,DFO,,,,,Y,Y,76,93,76,93,1H,1H,Y,Y,Y,
5416,"Duke Energy Carolinas, LLC",7277,Lincoln Combustion,NC,Lincoln,3,OP,Natural Gas Fired Combustion Turbine,GT,Electric Utility,1,109.6,75,93,NG,DFO,Y,N,NG,DFO,,,,,Y,Y,75,93,75,93,1H,1H,Y,Y,Y,
5416,"Duke Energy Carolinas, LLC",7277,Lincoln Combustion,NC,Lincoln,4,OP,Natural Gas Fired Combustion Turbine,GT,Electric Utility,1,109.6,75,93,NG,DFO,Y,N,NG,DFO,,,,,Y,Y,75,93,75,93,1H,1H,Y,Y,Y,
5416,"Duke Energy Carolinas, LLC",7277,Lincoln Combustion,NC,Lincoln,5,OP,Natural Gas Fired Combustion Turbine,GT,Electric Utility,1,109.6,74,93,NG,DFO,Y,N,NG,DFO,,,,,Y,Y,74,93,74,93,1H,1H,Y,Y,Y,
5416,"Duke Energy Carolinas, LLC",7277,Lincoln Combustion,NC,Lincoln,6,OP,Natural Gas Fired Combustion Turbine,GT,Electric Utility,1,109.6,73,93,NG,DFO,Y,N,NG,DFO,,,,,Y,Y,73,93,73,93,1H,1H,Y,Y,Y,
5416,"Duke Energy Carolinas, LLC",7277,Lincoln Combustion,NC,Lincoln,7,OP,Natural Gas Fired Combustion Turbine,GT,Electric Utility,1,109.6,76,93,NG,DFO,Y,N,NG,DFO,,,,,Y,Y,76,93,76,93,1H,1H,Y,Y,Y,
5416,"Duke Energy Carolinas, LLC",7277,Lincoln Combustion,NC,Lincoln,8,OP,Natural Gas Fired Combustion Turbine,GT,Electric Utility,1,109.6,75,93,NG,DFO,Y,N,NG,DFO,,,,,Y,Y,75,93,75,93,1H,1H,Y,Y,Y,
5416,"Duke Energy Carolinas, LLC",7277,Lincoln Combustion,NC,Lincoln,9,OP,Natural Gas Fired Combustion Turbine,GT,Electric Utility,1,109.6,75,93,NG,DFO,Y,N,NG,DFO,,,,,Y,N,75,93,75,93,1H,1H,Y,Y,Y,
6949,City of Gardner - (KS),7281,Gardner Energy Center,KS,Johnson,CT1,OP,Natural Gas Fired Combustion Turbine,GT,Electric Utility,1,19.6,13.5,14,NG,DFO,Y,N,,,,,,,Y,N,13.5,14,13.5,14,OVER,OVER,N,,,
6949,City of Gardner - (KS),7281,Gardner Energy Center,KS,Johnson,CT2,OP,Natural Gas Fired Combustion Turbine,GT,Electric Utility,1,19.6,13.5,14,NG,DFO,Y,N,,,,,,,Y,N,13.5,14,13.5,14,OVER,OVER,N,,,
56606,Calpine New Jersey Generation LLC,7288,Sherman Avenue,NJ,Cumberland,SEHR,OP,Natural Gas Fired Combustion Turbine,GT,IPP Non-CHP,2,112.8,82.4,99,NG,KER,Y,N,,,,,,,Y,N,83.9,100.8,83.9,100.8,6H,6H,N,,,
15776,Reedy Creek Improvement Dist,7294,Central Energy Plant,FL,Orange,GTG,OP,Natural Gas Fired Combined Cycle,CT,Electric Utility,1,61.5,48,48,NG,DFO,Y,N,,,,,,,Y,Y,48,48,48,48,1H,1H,Y,,Y,
5860,Empire District Electric Co,7296,State Line Combined Cycle,MO,Jasper,1,OP,Natural Gas Fired Combustion Turbine,GT,Electric Utility,1,123.0,94,104,NG,JF,N,N,,,,,,,Y,Y,94,104,94,104,1H,1H,Y,Y,Y,
6455,"Duke Energy Florida, LLC",7302,Hines Energy Complex,FL,Polk,1GT,OP,Natural Gas Fired Combined Cycle,CT,Electric Utility,1,173.4,167,174,NG,DFO,Y,N,,,,,,,Y,Y,151,174,151,174,6H,6H,Y,Y,Y,
6455,"Duke Energy Florida, LLC",7302,Hines Energy Complex,FL,Polk,1GT2,OP,Natural Gas Fired Combined Cycle,CT,Electric Utility,1,173.4,167,174,NG,DFO,Y,N,,,,,,,Y,Y,151,174,151,174,6H,6H,Y,Y,Y,
6455,"Duke Energy Florida, LLC",7302,Hines Energy Complex,FL,Polk,1ST,OP,Natural Gas Fired Combined Cycle,CA,Electric Utility,1,199.7,166,180,NG,DFO,Y,N,,,,,,,Y,Y,160,180,160,180,6H,6H,Y,Y,Y,
6455,"Duke Energy Florida, LLC",7302,Hines Energy Complex,FL,Polk,2GT,OP,Natural Gas Fired Combined Cycle,CT,Electric Utility,1,167.7,176,186,NG,DFO,Y,N,,,,,,,Y,Y,154,186,154,186,6H,6H,Y,Y,Y,
6455,"Duke Energy Florida, LLC",7302,Hines Energy Complex,FL,Polk,2GT2,OP,Natural Gas Fired Combined Cycle,CT,Electric Utility,1,167.7,176,186,NG,DFO,Y,N,,,,,,,Y,Y,154,186,154,186,6H,6H,Y,Y,Y,
6455,"Duke Energy Florida, LLC",7302,Hines Energy Complex,FL,Polk,2ST,OP,Natural Gas Fired Combined Cycle,CA,Electric Utility,1,180.6,180,191,NG,DFO,Y,N,,,,,,,Y,Y,182,191,182,191,6H,6H,Y,Y,Y,
6455,"Duke Energy Florida, LLC",7302,Hines Energy Complex,FL,Polk,3GT,OP,Natural Gas Fired Combined Cycle,CT,Electric Utility,1,193.0,175,186,NG,DFO,Y,N,,,,,,,Y,Y,155,186,155,186,6H,6H,Y,Y,Y,
6455,"Duke Energy Florida, LLC",7302,Hines Energy Complex,FL,Polk,3GT2,OP,Natural Gas Fired Combined Cycle,CT,Electric Utility,1,193.0,175,186,NG,DFO,Y,N,,,,,,,Y,Y,155,186,155,186,6H,6H,Y,Y,Y,
6455,"Duke Energy Florida, LLC",7302,Hines Energy Complex,FL,Polk,3ST,OP,Natural Gas Fired Combined Cycle,CA,Electric Utility,1,204.0,176,192,NG,DFO,Y,N,,,,,,,Y,Y,178,192,178,192,6H,6H,Y,Y,Y,
6455,"Duke Energy Florida, LLC",7302,Hines Energy Complex,FL,Polk,4GT,OP,Natural Gas Fired Combined Cycle,CT,Electric Utility,1,199.0,168,182,NG,DFO,Y,N,,,,,,,Y,Y,151,182,151,182,6H,6H,Y,Y,Y,
6455,"Duke Energy Florida, LLC",7302,Hines Energy Complex,FL,Polk,4GT2,OP,Natural Gas Fired Combined Cycle,CT,Electric Utility,1,199.0,167,182,NG,DFO,Y,N,,,,,,,Y,Y,151,182,151,182,6H,6H,Y,Y,Y,
6455,"Duke Energy Florida, LLC",7302,Hines Energy Complex,FL,Polk,4ST,OP,Natural Gas Fired Combined Cycle,CA,Electric Utility,1,212.5,174,180,NG,DFO,Y,N,,,,,,,Y,Y,170,180,170,180,6H,6H,Y,Y,Y,
15296,New York Power Authority,7314,Richard M Flynn,NY,Suffolk,NA1,OP,Natural Gas Fired Combined Cycle,CT,Electric Utility,1,108.0,89.6,107.9,NG,DFO,Y,Y,NG,DFO,,,,,Y,N,87.6,108,87.6,108,1H,1H,Y,,,Y
15296,New York Power Authority,7314,Richard M Flynn,NY,Suffolk,NA2,OP,Natural Gas Fired Combined Cycle,CA,Electric Utility,1,56.0,44.8,54,NG,DFO,Y,N,,,,,,,Y,N,48.6,54,48.6,54,1H,1H,Y,,,Y
54899,NAES Corporation - (DE),7318,Van Sant Station,DE,Kent,1,OP,Natural Gas Fired Combustion Turbine,GT,IPP Non-CHP,2,45.1,43.2,52.4,NG,DFO,Y,Y,NG,DFO,,,,,Y,Y,39,45,39,45,1H,1H,Y,,,Y
9234,Indiana Municipal Power Agency,7335,Richmond,IN,Wayne,RCT1,OP,Natural Gas Fired Combustion Turbine,GT,Electric Utility,1,41.4,34,42,NG,DFO,Y,Y,NG,DFO,,,,,Y,Y,34,45,34,45,1H,1H,Y,Y,Y,
9234,Indiana Municipal Power Agency,7335,Richmond,IN,Wayne,RCT2,OP,Natural Gas Fired Combustion Turbine,GT,Electric Utility,1,41.4,34,42,NG,DFO,Y,Y,NG,DFO,,,,,Y,Y,34,45,34,45,1H,1H,Y,Y,Y,
9234,Indiana Municipal Power Agency,7336,Anderson,IN,Madison,ACT1,OP,Natural Gas Fired Combustion Turbine,GT,Electric Utility,1,41.4,34,42,NG,DFO,Y,Y,NG,DFO,,,,,Y,Y,34,45,34,45,1H,1H,Y,Y,Y,
9234,Indiana Municipal Power Agency,7336,Anderson,IN,Madison,ACT2,OP,Natural Gas Fired Combustion Turbine,GT,Electric Utility,1,41.4,34,42,NG,DFO,Y,Y,NG,DFO,,,,,Y,Y,34,45,34,45,1H,1H,Y,Y,Y,
9234,Indiana Municipal Power Agency,7336,Anderson,IN,Madison,ACT3,OP,Natural Gas Fired Combustion Turbine,GT,Electric Utility,1,85.9,72,90,NG,DFO,Y,Y,NG,DFO,,,,,Y,Y,72,92,72,92,1H,1H,Y,Y,Y,
20315,City of Wellington - (KS),7339,Wellington 2,KS,Sumner,6,OP,Natural Gas Fired Combustion Turbine,GT,Electric Utility,1,20.0,21,21,NG,DFO,Y,N,,,,,,,Y,Y,18,20,18,20,1H,1H,Y,Y,Y,
7140,Georgia Power Co,7348,Robins,GA,Houston,1,OP,Natural Gas Fired Combustion Turbine,GT,Electric Utility,1,91.9,80,93,NG,DFO,Y,N,,,,,,,Y,Y,80,93,80,93,1H,1H,Y,,Y,
7140,Georgia Power Co,7348,Robins,GA,Houston,2,OP,Natural Gas Fired Combustion Turbine,GT,Electric Utility,1,91.9,80,93,NG,DFO,Y,N,,,,,,,Y,Y,80,93,80,93,1H,1H,Y,,Y,
21554,Seminole Electric Cooperative Inc,7380,Midulla Generating Station,FL,Hardee,CT1,OP,Natural Gas Fired Combined Cycle,CT,Electric Utility,1,199.0,151,180,NG,DFO,Y,N,,,,,,,Y,Y,151,180,148,170,6H,6H,Y,,Y,
21554,Seminole Electric Cooperative Inc,7380,Midulla Generating Station,FL,Hardee,CT2,OP,Natural Gas Fired Combined Cycle,CT,Electric Utility,1,199.0,151,180,NG,DFO,Y,N,,,,,,,Y,Y,151,180,148,170,6H,6H,Y,,Y,
21554,Seminole Electric Cooperative Inc,7380,Midulla Generating Station,FL,Hardee,GT4,OP,Natural Gas Fired Combustion Turbine,GT,Electric Utility,1,62.0,54,62,NG,DFO,Y,N,,,,,,,Y,Y,54,62,53,56,1H,1H,Y,,Y,
21554,Seminole Electric Cooperative Inc,7380,Midulla Generating Station,FL,Hardee,GT5,OP,Natural Gas Fired Combustion Turbine,GT,Electric Utility,1,62.0,54,62,NG,DFO,Y,N,,,,,,,Y,Y,54,62,53,56,1H,1H,Y,,Y,
21554,Seminole Electric Cooperative Inc,7380,Midulla Generating Station,FL,Hardee,GT6,OP,Natural Gas Fired Combustion Turbine,GT,Electric Utility,1,62.0,54,62,NG,DFO,Y,N,,,,,,,Y,Y,54,62,53,56,1H,1H,Y,,Y,
21554,Seminole Electric Cooperative Inc,7380,Midulla Generating Station,FL,Hardee,GT7,OP,Natural Gas Fired Combustion Turbine,GT,Electric Utility,1,62.0,54,62,NG,DFO,Y,N,,,,,,,Y,Y,54,62,53,56,1H,1H,Y,,Y,
21554,Seminole Electric Cooperative Inc,7380,Midulla Generating Station,FL,Hardee,GT8,OP,Natural Gas Fired Combustion Turbine,GT,Electric Utility,1,62.0,54,62,NG,DFO,Y,N,,,,,,,Y,Y,54,62,53,56,1H,1H,Y,,Y,
21554,Seminole Electric Cooperative Inc,7380,Midulla Generating Station,FL,Hardee,ST3,OP,Natural Gas Fired Combined Cycle,CA,Electric Utility,1,189.0,179,179,NG,DFO,Y,N,,,,,,,Y,Y,179,179,162,162,1H,1H,Y,Y,,
10628,City of Lakin - (KS),7393,Lakin Municipal,KS,Kearny,LK1,OP,Natural Gas Internal Combustion Engine,IC,Electric Utility,1,4.4,4.1,4.1,NG,DFO,Y,Y,NG,DFO,,,,,Y,Y,4.1,4.1,4.1,4.1,1H,1H,N,,,
3329,Borough of Chambersburg,7397,Falling Spring,PA,Franklin,5,OP,Natural Gas Internal Combustion Engine,IC,Electric Utility,1,2.0,2.1,2.1,NG,DFO,Y,Y,NG,DFO,,,,,Y,Y,2.1,2.1,2.1,2.1,1H,1H,Y,Y,Y,
3329,Borough of Chambersburg,7397,Falling Spring,PA,Franklin,6,OP,Natural Gas Internal Combustion Engine,IC,Electric Utility,1,2.0,2.1,2.1,NG,DFO,Y,Y,NG,DFO,,,,,Y,Y,2.1,2.1,2.1,2.1,1H,1H,Y,Y,Y,
3329,Borough of Chambersburg,7397,Falling Spring,PA,Franklin,7,OP,Natural Gas Internal Combustion Engine,IC,Electric Utility,1,3.2,2.9,2.9,NG,DFO,Y,Y,NG,DFO,,,,,Y,Y,2.9,2.9,2.9,2.9,1H,1H,Y,Y,Y,
1366,City of Bay City - (MI),7398,Water Street Station,MI,Bay,GEN1,OP,Natural Gas Internal Combustion Engine,IC,Electric Utility,1,5.7,5.5,5.5,NG,DFO,Y,Y,NG,DFO,,,,,Y,Y,5.5,5.5,5.5,5.5,6H,6H,Y,Y,Y,
1366,City of Bay City - (MI),7398,Water Street Station,MI,Bay,GEN2,OP,Natural Gas Internal Combustion Engine,IC,Electric Utility,1,6.9,6.5,6.5,NG,DFO,Y,Y,NG,DFO,,,,,Y,Y,6.5,6.5,6.5,6.5,6H,6H,Y,Y,Y,
1366,City of Bay City - (MI),7399,Henry Station,MI,Bay,GEN3,OP,Natural Gas Internal Combustion Engine,IC,Electric Utility,1,7.7,7.5,7.5,NG,DFO,Y,Y,NG,DFO,,,,,Y,Y,7.5,7.5,7.5,7.5,1H,1H,Y,Y,Y,
1366,City of Bay City - (MI),7399,Henry Station,MI,Bay,GEN4,OP,Natural Gas Internal Combustion Engine,IC,Electric Utility,1,7.7,7.5,7.5,NG,DFO,Y,Y,NG,DFO,,,,,Y,Y,7.5,7.5,7.5,7.5,1H,1H,Y,Y,Y,
14600,Payson City Corporation,7408,Payson,UT,Utah,86-1,OP,Natural Gas Internal Combustion Engine,IC,Electric Utility,1,2.6,2.6,2.6,NG,DFO,Y,Y,NG,DFO,,,,,Y,Y,2.6,2.6,2.6,2.6,1H,1H,N,,,
14600,Payson City Corporation,7408,Payson,UT,Utah,86-2,OP,Natural Gas Internal Combustion Engine,IC,Electric Utility,1,2.6,2.6,2.6,NG,DFO,Y,Y,NG,DFO,,,,,Y,Y,2.6,2.6,2.6,2.6,1H,1H,N,,,
14600,Payson City Corporation,7408,Payson,UT,Utah,86-3,OP,Natural Gas Internal Combustion Engine,IC,Electric Utility,1,2.5,2,2,NG,DFO,Y,Y,NG,DFO,,,,,Y,Y,2,2,2,2,1H,1H,N,,,
14600,Payson City Corporation,7408,Payson,UT,Utah,86-4,OP,Natural Gas Internal Combustion Engine,IC,Electric Utility,1,2.0,2,2,NG,DFO,Y,Y,NG,DFO,,,,,Y,Y,2,2,2,2,1H,1H,N,,,
17828,City of Springfield - (IL),7425,Interstate,IL,Sangamon,1,OP,Natural Gas Fired Combustion Turbine,GT,Electric Utility,1,138.6,112,129,NG,DFO,Y,N,,,,,,,Y,Y,128,128,127,127,72H,72H,Y,Y,Y,
15321,City of Pratt- (KS),7447,Pratt 2,KS,Pratt,IC2,OP,Natural Gas Internal Combustion Engine,IC,Electric Utility,1,8.0,7.6,7.6,NG,DFO,Y,Y,NG,DFO,,,,,Y,Y,8,8,8,8,1H,1H,Y,,Y,
15321,City of Pratt- (KS),7447,Pratt 2,KS,Pratt,IC3,OP,Natural Gas Internal Combustion Engine,IC,Electric Utility,1,8.0,7.6,7.6,NG,DFO,Y,Y,NG,DFO,,,,,Y,Y,8,8,8,8,1H,1H,Y,,Y,
40613,Northern California Power Agny,7450,Alameda,CA,Alameda,1,SB,Natural Gas Fired Combustion Turbine,GT,Electric Utility,1,27.4,21.8,24,NG,DFO,Y,N,,,,,,,Y,Y,24.9,24.9,24.9,24.9,72H,6H,Y,,Y,
40613,Northern California Power Agny,7450,Alameda,CA,Alameda,2,SB,Natural Gas Fired Combustion Turbine,GT,Electric Utility,1,27.4,21.8,24,NG,DFO,Y,N,,,,,,,Y,Y,24.9,24.9,24.9,24.9,72H,6H,Y,,Y,
40613,Northern California Power Agny,7451,Lodi,CA,San Joaquin,1,SB,Natural Gas Fired Combustion Turbine,GT,Electric Utility,1,27.4,23.3,25.3,NG,DFO,Y,N,,,,,,,Y,Y,25.2,25.2,25.2,25.2,72H,6H,Y,,Y,
11481,City of Madison - (NE),7469,Madison Utilities,NE,Madison,FM1,OP,Petroleum Liquids,IC,Electric Utility,1,2.0,1.7,1.7,DFO,NG,Y,N,,,,,,,Y,Y,1.7,1.7,1.7,1.7,UNK,UNK,Y,Y,Y,
11481,City of Madison - (NE),7469,Madison Utilities,NE,Madison,FM2,OP,Petroleum Liquids,IC,Electric Utility,1,1.3,1,1,DFO,NG,Y,N,,,,,,,Y,Y,1,1,1,1,UNK,UNK,Y,Y,Y,
11481,City of Madison - (NE),7469,Madison Utilities,NE,Madison,FM3,OP,Petroleum Liquids,IC,Electric Utility,1,1.1,0.9,0.9,DFO,NG,Y,N,,,,,,,Y,Y,0.9,0.9,0.9,0.9,UNK,UNK,Y,Y,Y,
11481,City of Madison - (NE),7469,Madison Utilities,NE,Madison,FM5,OP,Petroleum Liquids,IC,Electric Utility,1,1.4,1,1,DFO,NG,Y,N,,,,,,,Y,Y,1,1,1,1,UNK,UNK,N,Y,Y,
12208,City of McPherson - (KS),7515,McPherson 3,KS,McPherson,NA1,OP,Natural Gas Fired Combustion Turbine,GT,Electric Utility,1,115.6,79.3,99.9,NG,DFO,Y,N,,,,,,,Y,Y,80,99,78,85,1H,1H,N,,,
16534,Sacramento Municipal Util Dist,7527,Carson Ice-Gen Project,CA,Sacramento,CCCT,OP,Natural Gas Fired Combined Cycle,CT,Electric Utility,1,54.0,51.2,51.2,NG,OBG,Y,Y,NG,OBG,,,,,N,, , , , ,,,,,,
3046,Duke Energy Progress - (NC),7538,Wayne County,NC,Wayne,1,OP,Natural Gas Fired Combustion Turbine,GT,Electric Utility,1,195.2,177,192,NG,DFO,Y,N,,,,,,,Y,Y,177,192,177,192,1H,1H,Y,Y,Y,Y
3046,Duke Energy Progress - (NC),7538,Wayne County,NC,Wayne,2,OP,Natural Gas Fired Combustion Turbine,GT,Electric Utility,1,195.2,174,192,NG,DFO,Y,N,,,,,,,Y,Y,174,192,174,192,1H,1H,Y,Y,Y,Y
3046,Duke Energy Progress - (NC),7538,Wayne County,NC,Wayne,3,OP,Natural Gas Fired Combustion Turbine,GT,Electric Utility,1,195.2,173,193,NG,DFO,Y,N,,,,,,,Y,Y,173,193,173,193,1H,1H,Y,Y,Y,Y
3046,Duke Energy Progress - (NC),7538,Wayne County,NC,Wayne,4,OP,Natural Gas Fired Combustion Turbine,GT,Electric Utility,1,195.2,170,185,NG,DFO,Y,N,,,,,,,Y,Y,170,185,170,185,1H,1H,Y,Y,Y,Y
3046,Duke Energy Progress - (NC),7538,Wayne County,NC,Wayne,5,OP,Natural Gas Fired Combustion Turbine,GT,Electric Utility,1,198.9,163,197,NG,DFO,Y,N,,,,,,,Y,Y,163,197,163,197,1H,1H,Y,Y,Y,Y
14077,Oklahoma Municipal Power Authority,7546,Ponca City,OK,Kay,3,OP,Natural Gas Fired Combined Cycle,CT,Electric Utility,1,54.0,44.1,44.1,NG,DFO,N,N,,,,,,,Y,Y,44,44,41.8,41.8,1H,1H,N,,,
6035,Exelon Power,7701,Fairless Hills,PA,Bucks,A,OP,Landfill Gas,ST,IPP Non-CHP,2,30.0,30,30,LFG,NG,Y,Y,LFG,NG,,,,,N,, , , , ,,,,,,
6035,Exelon Power,7701,Fairless Hills,PA,Bucks,B,OP,Landfill Gas,ST,IPP Non-CHP,2,30.0,30,30,LFG,NG,Y,Y,LFG,NG,,,,,N,, , , , ,,,,,,
17650,Southern Power Co,7709,Dahlberg,GA,Jackson,1,OP,Natural Gas Fired Combustion Turbine,GT,IPP Non-CHP,2,91.9,74.8,89,NG,DFO,Y,N,,,,,,,Y,Y,74.8,89,74.8,89,6H,6H,N,,,
17650,Southern Power Co,7709,Dahlberg,GA,Jackson,10,OP,Natural Gas Fired Combustion Turbine,GT,IPP Non-CHP,2,91.9,75.2,89,NG,DFO,Y,N,,,,,,,Y,Y,75.2,89,75.2,89,6H,6H,N,,,
17650,Southern Power Co,7709,Dahlberg,GA,Jackson,2,OP,Natural Gas Fired Combustion Turbine,GT,IPP Non-CHP,2,91.9,74,89,NG,DFO,Y,N,,,,,,,Y,Y,74,89,74,89,6H,6H,N,,,
17650,Southern Power Co,7709,Dahlberg,GA,Jackson,3,OP,Natural Gas Fired Combustion Turbine,GT,IPP Non-CHP,2,91.9,74.7,89,NG,DFO,Y,N,,,,,,,Y,Y,74.7,89,74.7,89,6H,6H,N,,,
17650,Southern Power Co,7709,Dahlberg,GA,Jackson,4,OP,Natural Gas Fired Combustion Turbine,GT,IPP Non-CHP,2,91.9,73.2,89,NG,DFO,Y,N,,,,,,,Y,Y,73.2,89,73.2,89,6H,6H,N,,,
17650,Southern Power Co,7709,Dahlberg,GA,Jackson,5,OP,Natural Gas Fired Combustion Turbine,GT,IPP Non-CHP,2,91.9,74.7,89,NG,DFO,Y,N,,,,,,,Y,Y,74.7,89,74.7,89,6H,6H,N,,,
17650,Southern Power Co,7709,Dahlberg,GA,Jackson,6,OP,Natural Gas Fired Combustion Turbine,GT,IPP Non-CHP,2,91.9,74.9,89,NG,DFO,Y,N,,,,,,,Y,Y,74.9,89,74.9,89,6H,6H,N,,,
17650,Southern Power Co,7709,Dahlberg,GA,Jackson,7,OP,Natural Gas Fired Combustion Turbine,GT,IPP Non-CHP,2,91.9,75,89,NG,DFO,Y,N,,,,,,,Y,Y,75,89,75,89,6H,6H,N,,,
17650,Southern Power Co,7709,Dahlberg,GA,Jackson,8,OP,Natural Gas Fired Combustion Turbine,GT,IPP Non-CHP,2,91.9,74,89,NG,DFO,Y,N,,,,,,,Y,Y,74,89,74,89,6H,6H,N,,,
17650,Southern Power Co,7709,Dahlberg,GA,Jackson,9,OP,Natural Gas Fired Combustion Turbine,GT,IPP Non-CHP,2,91.9,76.1,89,NG,DFO,Y,N,,,,,,,Y,Y,76.1,89,76.1,89,6H,6H,N,,,
17539,South Carolina Electric&Gas Company,7737,Kapstone,SC,Charleston,1,OP,Wood/Wood Waste Biomass,ST,Electric Utility,1,99.2,85,85,WDS,BIT,Y,Y,BIT,WDS,DFO,BLQ,,,N,, , , , ,,,,,,
59421,"SEPG Operating Services, LLC MPC",7764,MPC Generating,GA,Walton,1,OP,Natural Gas Fired Combustion Turbine,GT,IPP Non-CHP,2,185.4,147.5,169,NG,DFO,Y,N,,,,,,,Y,Y,147.5,169,140.7,169,1H,1H,Y,,Y,
59421,"SEPG Operating Services, LLC MPC",7764,MPC Generating,GA,Walton,2,OP,Natural Gas Fired Combustion Turbine,GT,IPP Non-CHP,2,200.7,155,182,NG,DFO,Y,N,,,,,,,Y,Y,155,182,154.9,182,1H,1H,Y,,Y,
17690,SOWEGA Power LLC,7768,Sowega Power,GA,Mitchell,CTG2,OP,Natural Gas Fired Combustion Turbine,GT,IPP Non-CHP,2,49.8,48.5,48.5,NG,DFO,Y,N,,,,,,,Y,Y,48.5,48.5,48.5,48.5,1H,1H,Y,Y,Y,
17690,SOWEGA Power LLC,7768,Sowega Power,GA,Mitchell,CTG3,OP,Natural Gas Fired Combustion Turbine,GT,IPP Non-CHP,2,49.8,48.5,48.5,NG,DFO,Y,N,,,,,,,Y,Y,48.5,48.5,48.5,48.5,1H,1H,Y,Y,Y,
11571,Manitowoc Public Utilities,7795,Custer Energy Center,WI,Manitowoc,1,OP,Natural Gas Fired Combustion Turbine,GT,Electric Utility,1,24.5,22,24,NG,DFO,Y,Y,NG,DFO,,,,,Y,Y,22,24,22,24,1H,1H,Y,Y,,
3046,Duke Energy Progress - (NC),7805,Sherwood H Smith Jr Energy Complex,NC,Richmond,001,OP,Natural Gas Fired Combustion Turbine,GT,Electric Utility,1,199.4,157,183,NG,DFO,Y,N,,,,,,,Y,Y,157,183,157,183,1H,1H,Y,Y,Y,
3046,Duke Energy Progress - (NC),7805,Sherwood H Smith Jr Energy Complex,NC,Richmond,002,OP,Natural Gas Fired Combustion Turbine,GT,Electric Utility,1,199.4,156,183,NG,DFO,Y,N,,,,,,,Y,Y,156,183,156,183,1H,1H,Y,Y,Y,
3046,Duke Energy Progress - (NC),7805,Sherwood H Smith Jr Energy Complex,NC,Richmond,003,OP,Natural Gas Fired Combustion Turbine,GT,Electric Utility,1,199.4,155,185,NG,DFO,Y,N,,,,,,,Y,Y,155,185,155,185,1H,1H,Y,Y,Y,
3046,Duke Energy Progress - (NC),7805,Sherwood H Smith Jr Energy Complex,NC,Richmond,004,OP,Natural Gas Fired Combustion Turbine,GT,Electric Utility,1,199.4,159,186,NG,DFO,Y,N,,,,,,,Y,Y,159,186,159,186,1H,1H,Y,Y,Y,
3046,Duke Energy Progress - (NC),7805,Sherwood H Smith Jr Energy Complex,NC,Richmond,10,OP,Natural Gas Fired Combined Cycle,CT,Electric Utility,1,191.2,175,214,NG,DFO,Y,N,,,,,,,Y,Y,175,214,175,214,6H,6H,Y,Y,Y,
3046,Duke Energy Progress - (NC),7805,Sherwood H Smith Jr Energy Complex,NC,Richmond,6,OP,Natural Gas Fired Combustion Turbine,GT,Electric Utility,1,199.4,145,179,NG,DFO,Y,N,,,,,,,Y,Y,145,179,145,179,1H,1H,Y,Y,Y,
3046,Duke Energy Progress - (NC),7805,Sherwood H Smith Jr Energy Complex,NC,Richmond,7,OP,Natural Gas Fired Combined Cycle,CT,Electric Utility,1,199.4,154,189,NG,DFO,Y,N,,,,,,,Y,Y,154,189,154,189,6H,6H,Y,Y,Y,
3046,Duke Energy Progress - (NC),7805,Sherwood H Smith Jr Energy Complex,NC,Richmond,8,OP,Natural Gas Fired Combined Cycle,CT,Electric Utility,1,199.4,153,189,NG,DFO,Y,N,,,,,,,Y,Y,153,189,153,189,6H,6H,Y,Y,Y,
3046,Duke Energy Progress - (NC),7805,Sherwood H Smith Jr Energy Complex,NC,Richmond,9,OP,Natural Gas Fired Combined Cycle,CT,Electric Utility,1,191.2,174,214,NG,DFO,Y,N,,,,,,,Y,Y,174,214,174,214,6H,6H,Y,Y,Y,
3046,Duke Energy Progress - (NC),7805,Sherwood H Smith Jr Energy Complex,NC,Richmond,ST4,OP,Natural Gas Fired Combined Cycle,CA,Electric Utility,1,195.5,169,175,NG,DFO,Y,N,,,,,,,Y,Y,169,175,169,175,6H,6H,Y,Y,Y,
3046,Duke Energy Progress - (NC),7805,Sherwood H Smith Jr Energy Complex,NC,Richmond,ST5,OP,Natural Gas Fired Combined Cycle,CA,Electric Utility,1,271.1,248,246,NG,DFO,Y,N,,,,,,,Y,Y,248,246,248,246,6H,6H,Y,Y,Y,
40307,"Prairie Power, Inc",7818,Alsey,IL,Scott,3,OP,Natural Gas Fired Combustion Turbine,GT,Electric Utility,1,20.0,18,20.3,NG,DFO,Y,N,,,,,,,Y,Y,19.3,19.3,0,19.3,1H,1H,Y,Y,Y,
40307,"Prairie Power, Inc",7818,Alsey,IL,Scott,4,OP,Natural Gas Fired Combustion Turbine,GT,Electric Utility,1,20.0,18,19.4,NG,DFO,Y,N,,,,,,,Y,Y,17.5,17.5,0,17.5,1H,1H,Y,Y,Y,
40307,"Prairie Power, Inc",7818,Alsey,IL,Scott,6,OP,Natural Gas Fired Combustion Turbine,GT,Electric Utility,1,48.0,42,45,NG,DFO,Y,N,,,,,,,Y,Y,42,45,42,45,1H,1H,Y,Y,Y,
9216,Imperial Irrigation District,7824,Rockwood,CA,Imperial,1,OP,Natural Gas Fired Combustion Turbine,GT,Electric Utility,1,24.9,24.1,24.1,NG,DFO,Y,Y,DFO,,,,,,Y,Y,19,25,19,25,1H,1H,N,,,
17650,Southern Power Co,7826,Rowan,NC,Rowan,001,OP,Natural Gas Fired Combustion Turbine,GT,IPP Non-CHP,2,199.4,154,178,NG,DFO,Y,N,,,,,,,Y,Y,154,178,154,178,6H,6H,N,,,
17650,Southern Power Co,7826,Rowan,NC,Rowan,002,OP,Natural Gas Fired Combustion Turbine,GT,IPP Non-CHP,2,199.4,154,178,NG,DFO,Y,N,,,,,,,Y,Y,154,178,154,178,6H,6H,N,,,
17650,Southern Power Co,7826,Rowan,NC,Rowan,003,OP,Natural Gas Fired Combustion Turbine,GT,IPP Non-CHP,2,199.4,154,178,NG,DFO,Y,N,,,,,,,Y,Y,154,178,154,178,6H,6H,N,,,
17650,Southern Power Co,7826,Rowan,NC,Rowan,4,OP,Natural Gas Fired Combined Cycle,CT,IPP Non-CHP,2,199.4,140.9,160.1,NG,DFO,Y,N,,,,,,,Y,Y,140.9,160.1,140.9,160.1,6H,6H,N,,,
17543,South Carolina Public Service Authority,7834,John S Rainey,SC,Anderson,CT1A,OP,Natural Gas Fired Combined Cycle,CT,Electric Utility,1,165.0,150,170,NG,DFO,Y,N,,,,,,,Y,N,146,146,146,146,UNK,UNK,Y,,Y,
17543,South Carolina Public Service Authority,7834,John S Rainey,SC,Anderson,CT1B,OP,Natural Gas Fired Combined Cycle,CT,Electric Utility,1,165.0,150,170,NG,DFO,Y,N,,,,,,,Y,N,146,146,146,146,UNK,UNK,Y,,Y,
17543,South Carolina Public Service Authority,7834,John S Rainey,SC,Anderson,CT2A,OP,Natural Gas Fired Combustion Turbine,GT,Electric Utility,1,165.0,146,180,NG,DFO,Y,N,,,,,,,Y,N,146,146,146,146,UNK,UNK,Y,,Y,
17543,South Carolina Public Service Authority,7834,John S Rainey,SC,Anderson,CT2B,OP,Natural Gas Fired Combustion Turbine,GT,Electric Utility,1,165.0,146,180,NG,DFO,Y,N,,,,,,,Y,N,146,146,146,146,UNK,UNK,Y,,Y,
40229,Old Dominion Electric Coop,7836,Marsh Run Generation Facility,VA,Fauquier,1,OP,Natural Gas Fired Combustion Turbine,GT,Electric Utility,1,171.1,161,187,NG,DFO,Y,N,,,,,,,Y,Y,160.8,192,165,198,1H,1H,Y,Y,,
40229,Old Dominion Electric Coop,7836,Marsh Run Generation Facility,VA,Fauquier,2,OP,Natural Gas Fired Combustion Turbine,GT,Electric Utility,1,171.1,159.3,187,NG,DFO,Y,N,,,,,,,Y,Y,159.3,192,165,198,1H,1H,Y,Y,,
40229,Old Dominion Electric Coop,7836,Marsh Run Generation Facility,VA,Fauquier,3,OP,Natural Gas Fired Combustion Turbine,GT,Electric Utility,1,171.1,161,187,NG,DFO,Y,N,,,,,,,Y,Y,161,192,165,198,1H,1H,Y,Y,,
40229,Old Dominion Electric Coop,7837,Louisa Generation Facility,VA,Louisa,1,OP,Natural Gas Fired Combustion Turbine,GT,Electric Utility,1,84.5,76.5,92,NG,DFO,Y,N,,,,,,,Y,Y,76.5,92,77,94,1H,1H,Y,Y,,
40229,Old Dominion Electric Coop,7837,Louisa Generation Facility,VA,Louisa,2,OP,Natural Gas Fired Combustion Turbine,GT,Electric Utility,1,84.5,77,92,NG,DFO,Y,N,,,,,,,Y,Y,76,92,77,94,1H,1H,Y,Y,,
40229,Old Dominion Electric Coop,7837,Louisa Generation Facility,VA,Louisa,3,OP,Natural Gas Fired Combustion Turbine,GT,Electric Utility,1,84.5,77.3,92,NG,DFO,Y,N,,,,,,,Y,Y,76,92,77,94,1H,1H,Y,Y,,
40229,Old Dominion Electric Coop,7837,Louisa Generation Facility,VA,Louisa,4,OP,Natural Gas Fired Combustion Turbine,GT,Electric Utility,1,84.5,77.2,92,NG,DFO,Y,N,,,,,,,Y,Y,76,92,77,94,1H,1H,Y,Y,,
40229,Old Dominion Electric Coop,7837,Louisa Generation Facility,VA,Louisa,5,OP,Natural Gas Fired Combustion Turbine,GT,Electric Utility,1,171.1,158,187,NG,DFO,Y,N,,,,,,,Y,Y,158,189,162,192,1H,1H,Y,Y,,
19876,Virginia Electric & Power Co,7838,Remington,VA,Fauquier,1,OP,Natural Gas Fired Combustion Turbine,GT,Electric Utility,1,178.5,153,187,NG,DFO,Y,N,,,,,,,Y,Y,153,187,153,187,1H,1H,Y,Y,Y,
19876,Virginia Electric & Power Co,7838,Remington,VA,Fauquier,2,OP,Natural Gas Fired Combustion Turbine,GT,Electric Utility,1,170.0,151,187,NG,DFO,Y,N,,,,,,,Y,Y,151,187,151,187,1H,1H,Y,Y,Y,
19876,Virginia Electric & Power Co,7838,Remington,VA,Fauquier,3,OP,Natural Gas Fired Combustion Turbine,GT,Electric Utility,1,178.5,152,187,NG,DFO,Y,N,,,,,,,Y,Y,152,187,152,187,1H,1H,Y,Y,Y,
19876,Virginia Electric & Power Co,7838,Remington,VA,Fauquier,4,OP,Natural Gas Fired Combustion Turbine,GT,Electric Utility,1,178.5,152,187,NG,DFO,Y,N,,,,,,,Y,Y,152,188,152,188,1H,1H,Y,Y,Y,
19876,Virginia Electric & Power Co,7839,Ladysmith,VA,Caroline,1,OP,Natural Gas Fired Combustion Turbine,GT,Electric Utility,1,178.5,151,183,NG,DFO,Y,N,,,,,,,Y,Y,151,183,151,183,1H,1H,Y,Y,Y,
19876,Virginia Electric & Power Co,7839,Ladysmith,VA,Caroline,2,OP,Natural Gas Fired Combustion Turbine,GT,Electric Utility,1,178.5,151,183,NG,DFO,Y,N,,,,,,,Y,Y,151,183,151,183,1H,1H,Y,Y,Y,
19876,Virginia Electric & Power Co,7839,Ladysmith,VA,Caroline,3,OP,Natural Gas Fired Combustion Turbine,GT,Electric Utility,1,178.5,161,183,NG,DFO,Y,N,,,,,,,Y,Y,161,183,161,183,1H,1H,Y,Y,Y,
19876,Virginia Electric & Power Co,7839,Ladysmith,VA,Caroline,4,OP,Natural Gas Fired Combustion Turbine,GT,Electric Utility,1,178.5,160,183,NG,DFO,Y,N,,,,,,,Y,Y,160,183,160,183,1H,1H,Y,Y,Y,
19876,Virginia Electric & Power Co,7839,Ladysmith,VA,Caroline,5,OP,Natural Gas Fired Combustion Turbine,GT,Electric Utility,1,178.5,160,183,NG,DFO,Y,N,,,,,,,Y,Y,160,183,160,183,1H,1H,Y,Y,Y,
7570,Great River Energy,7843,Pleasant Valley (MN),MN,Mower,11,OP,Natural Gas Fired Combustion Turbine,GT,Electric Utility,1,167.5,156.4,175.3,NG,DFO,Y,N,,,,,,,Y,N,154.2,175.7,143.8,166.7,1H,1H,N,,,
7570,Great River Energy,7843,Pleasant Valley (MN),MN,Mower,12,OP,Natural Gas Fired Combustion Turbine,GT,Electric Utility,1,167.5,159.5,176,NG,DFO,Y,N,,,,,,,Y,N,151.6,175.7,146.7,170.2,1H,1H,N,,,
7570,Great River Energy,7843,Pleasant Valley (MN),MN,Mower,13,OP,Natural Gas Fired Combustion Turbine,GT,Electric Utility,1,132.8,124,135,NG,DFO,Y,N,,,,,,,Y,Y,118,135.2,108.2,127.4,1H,1H,N,,,
18642,Tennessee Valley Authority,7845,Lagoon Creek,TN,Haywood,GT1,OP,Natural Gas Fired Combustion Turbine,GT,Electric Utility,1,84.5,73.9,94.3,NG,DFO,Y,N,,,,,,,Y,Y,78.8,101.1,75.2,96,1H,1H,Y,,Y,
18642,Tennessee Valley Authority,7845,Lagoon Creek,TN,Haywood,GT10,OP,Natural Gas Fired Combustion Turbine,GT,Electric Utility,1,86.2,72.7,92.8,NG,DFO,Y,N,,,,,,,Y,Y,77.6,99.4,74.3,94.8,1H,1H,Y,,Y,
18642,Tennessee Valley Authority,7845,Lagoon Creek,TN,Haywood,GT11,OP,Natural Gas Fired Combustion Turbine,GT,Electric Utility,1,86.2,72.7,92.8,NG,DFO,Y,N,,,,,,,Y,Y,77.6,99.4,74.3,94.8,1H,1H,Y,,Y,
18642,Tennessee Valley Authority,7845,Lagoon Creek,TN,Haywood,GT12,OP,Natural Gas Fired Combustion Turbine,GT,Electric Utility,1,86.2,72.7,92.8,NG,DFO,Y,N,,,,,,,Y,Y,77.6,99.4,74.3,94.8,1H,1H,Y,,Y,
18642,Tennessee Valley Authority,7845,Lagoon Creek,TN,Haywood,GT2,OP,Natural Gas Fired Combustion Turbine,GT,Electric Utility,1,84.5,73.9,94.3,NG,DFO,Y,N,,,,,,,Y,Y,78.8,101.1,75.2,96,1H,1H,Y,,Y,
18642,Tennessee Valley Authority,7845,Lagoon Creek,TN,Haywood,GT3,OP,Natural Gas Fired Combustion Turbine,GT,Electric Utility,1,84.5,73.9,94.3,NG,DFO,Y,N,,,,,,,Y,Y,78.8,101.1,75.2,96,1H,1H,Y,,Y,
18642,Tennessee Valley Authority,7845,Lagoon Creek,TN,Haywood,GT4,OP,Natural Gas Fired Combustion Turbine,GT,Electric Utility,1,84.5,73.9,94.3,NG,DFO,Y,N,,,,,,,Y,Y,78.8,101.1,75.2,96,1H,1H,Y,,Y,
18642,Tennessee Valley Authority,7845,Lagoon Creek,TN,Haywood,GT5,OP,Natural Gas Fired Combustion Turbine,GT,Electric Utility,1,84.5,73.9,94.3,NG,DFO,Y,N,,,,,,,Y,Y,78.8,101.1,75.2,96,1H,1H,Y,,Y,
18642,Tennessee Valley Authority,7845,Lagoon Creek,TN,Haywood,GT6,OP,Natural Gas Fired Combustion Turbine,GT,Electric Utility,1,84.5,73.9,94.3,NG,DFO,Y,N,,,,,,,Y,Y,78.8,101.1,75.2,96,1H,1H,Y,,Y,
18642,Tennessee Valley Authority,7845,Lagoon Creek,TN,Haywood,GT7,OP,Natural Gas Fired Combustion Turbine,GT,Electric Utility,1,84.5,73.9,94.3,NG,DFO,Y,N,,,,,,,Y,Y,78.8,101.1,75.2,96,1H,1H,Y,,Y,
18642,Tennessee Valley Authority,7845,Lagoon Creek,TN,Haywood,GT8,OP,Natural Gas Fired Combustion Turbine,GT,Electric Utility,1,84.5,73.9,94.3,NG,DFO,Y,N,,,,,,,Y,Y,78.8,101.1,75.2,96,1H,1H,Y,,Y,
18642,Tennessee Valley Authority,7845,Lagoon Creek,TN,Haywood,GT9,OP,Natural Gas Fired Combustion Turbine,GT,Electric Utility,1,86.2,72.7,92.8,NG,DFO,Y,N,,,,,,,Y,Y,77.6,101.1,74.3,96,1H,1H,Y,,Y,
9617,JEA,7846,Brandy Branch,FL,Duval,001,OP,Natural Gas Fired Combustion Turbine,GT,Electric Utility,1,185.0,158.6,191.2,NG,DFO,Y,N,,,,,,,Y,Y,150,185.9,150,191.2,1H,1H,Y,,Y,
9617,JEA,7846,Brandy Branch,FL,Duval,002,OP,Natural Gas Fired Combined Cycle,CT,Electric Utility,1,185.0,158.6,191.2,NG,DFO,Y,N,,,,,,,Y,Y,150,185.9,150,191.2,1H,1H,Y,,Y,
9617,JEA,7846,Brandy Branch,FL,Duval,003,OP,Natural Gas Fired Combined Cycle,CT,Electric Utility,1,185.0,158.6,191.2,NG,DFO,Y,N,,,,,,,Y,Y,150,185.9,150,191.2,1H,1H,Y,,Y,
9617,JEA,7846,Brandy Branch,FL,Duval,004,OP,Natural Gas Fired Combined Cycle,CA,Electric Utility,1,228.1,185,190,NG,,Y,N,,,,,,,Y,N,195.5,215.5,201,222.7,1H,1H,Y,,Y,
924,"Associated Electric Coop, Inc",7848,Holden,MO,Johnson,11,OP,Natural Gas Fired Combustion Turbine,GT,Electric Utility,1,107.1,81,100,NG,DFO,Y,N,,,,,,,Y,N,113,122,113,122,1H,1H,Y,,Y,
924,"Associated Electric Coop, Inc",7848,Holden,MO,Johnson,12,OP,Natural Gas Fired Combustion Turbine,GT,Electric Utility,1,107.1,81,100,NG,DFO,Y,N,,,,,,,Y,N,113,122,113,122,1H,1H,Y,,Y,
924,"Associated Electric Coop, Inc",7848,Holden,MO,Johnson,13,OP,Natural Gas Fired Combustion Turbine,GT,Electric Utility,1,107.1,81,100,NG,DFO,Y,N,,,,,,,Y,N,113,122,113,122,1H,1H,Y,,Y,
4716,Dairyland Power Coop,7863,Elk Mound,WI,Chippewa,1,OP,Natural Gas Fired Combustion Turbine,GT,Electric Utility,1,35.5,34.5,45.5,NG,DFO,Y,N,,,,,,,Y,Y,34.5,45.5,34.5,45.5,1H,1H,Y,,Y,
4716,Dairyland Power Coop,7863,Elk Mound,WI,Chippewa,2,OP,Natural Gas Fired Combustion Turbine,GT,Electric Utility,1,35.5,34.9,45.3,NG,DFO,Y,N,,,,,,,Y,Y,34.9,45.3,34.9,45.3,1H,1H,Y,,Y,
56505,National Grid Generation LLC,7869,Glenwood Landing,NY,Nassau,GT4,OP,Natural Gas Fired Combustion Turbine,GT,Electric Utility,1,53.0,40,46.8,NG,KER,Y,N,,,,,,,Y,Y,40.6,46,40.6,46,1H,1H,Y,,Y,
56505,National Grid Generation LLC,7869,Glenwood Landing,NY,Nassau,GT5,OP,Natural Gas Fired Combustion Turbine,GT,Electric Utility,1,53.0,40,43.2,NG,KER,Y,N,,,,,,,Y,Y,38.6,44.6,38.6,44.6,1H,1H,Y,,Y,
15500,Puget Sound Energy Inc,7870,Encogen,WA,Whatcom,CTG1,OP,Natural Gas Fired Combined Cycle,CT,Electric Utility,1,39.4,34.5,42.2,NG,DFO,Y,Y,NG,DFO,,,,,Y,Y,39.4,42,39.4,36,1H,1H,Y,Y,Y,
15500,Puget Sound Energy Inc,7870,Encogen,WA,Whatcom,CTG2,OP,Natural Gas Fired Combined Cycle,CT,Electric Utility,1,39.4,34.5,42.2,NG,DFO,Y,Y,NG,DFO,,,,,Y,Y,39.4,42,39.4,36,1H,1H,Y,Y,Y,
15500,Puget Sound Energy Inc,7870,Encogen,WA,Whatcom,CTG3,OP,Natural Gas Fired Combined Cycle,CT,Electric Utility,1,39.4,34.5,42.2,NG,DFO,Y,Y,NG,DFO,,,,,Y,Y,39.4,42,39.4,36,1H,1H,Y,Y,Y,Y
25422,National Power Coop Inc,7872,Robert P Mone Plant,OH,Van Wert,1,OP,Natural Gas Fired Combustion Turbine,GT,Electric Utility,1,198.0,145,180,NG,DFO,Y,N,,,,,,,Y,Y,148.2,188,160.1,196.4,1H,1H,Y,Y,Y,
25422,National Power Coop Inc,7872,Robert P Mone Plant,OH,Van Wert,2,OP,Natural Gas Fired Combustion Turbine,GT,Electric Utility,1,198.0,145,180,NG,DFO,Y,N,,,,,,,Y,Y,148.2,188,160.1,196.4,1H,1H,Y,Y,Y,
25422,National Power Coop Inc,7872,Robert P Mone Plant,OH,Van Wert,3,OP,Natural Gas Fired Combustion Turbine,GT,Electric Utility,1,198.0,145,180,NG,DFO,Y,N,,,,,,,Y,Y,148.2,188,160.1,196.4,1H,1H,Y,Y,Y,
11018,Lincoln Electric System,7887,Terry Bundy Generating Station,NE,Lancaster,2,OP,Natural Gas Fired Combined Cycle,CT,Electric Utility,1,60.5,47,48,NG,DFO,Y,N,,,,,,,Y,Y,47,48,45,46,1H,1H,Y,,Y,
11018,Lincoln Electric System,7887,Terry Bundy Generating Station,NE,Lancaster,3,OP,Natural Gas Fired Combined Cycle,CT,Electric Utility,1,60.5,47,48,NG,DFO,Y,N,,,,,,,Y,Y,47,48,45,46,1H,1H,N,,,
11018,Lincoln Electric System,7887,Terry Bundy Generating Station,NE,Lancaster,4,OP,Natural Gas Fired Combustion Turbine,GT,Electric Utility,1,60.5,47,48,NG,DFO,Y,N,,,,,,,Y,Y,47,48,45,46,1H,1H,N,,,
13994,Oglethorpe Power Corporation,7916,Talbot County Energy,GA,Talbot,5,OP,Natural Gas Fired Combustion Turbine,GT,Electric Utility,1,121.0,96.5,116.4,NG,DFO,Y,Y,NG,DFO,,,,,Y,Y,96.5,116.45,96.5,116.45,1H,1H,Y,Y,Y,
13994,Oglethorpe Power Corporation,7916,Talbot County Energy,GA,Talbot,6,OP,Natural Gas Fired Combustion Turbine,GT,Electric Utility,1,121.0,95.3,116.4,NG,DFO,Y,Y,NG,DFO,,,,,Y,Y,96.5,116.45,96.5,116.45,1H,1H,Y,Y,Y,
7570,Great River Energy,7925,Lakefield Junction,MN,Martin,1,OP,Natural Gas Fired Combustion Turbine,GT,Electric Utility,1,89.3,86.8,101.8,NG,DFO,Y,N,,,,,,,Y,Y,86.6,101.5,82.2,97.2,1H,1H,N,,,
7570,Great River Energy,7925,Lakefield Junction,MN,Martin,2,OP,Natural Gas Fired Combustion Turbine,GT,Electric Utility,1,89.3,83,97.4,NG,DFO,Y,N,,,,,,,Y,Y,88.5,101.5,79.3,93.8,1H,1H,N,,,
7570,Great River Energy,7925,Lakefield Junction,MN,Martin,3,OP,Natural Gas Fired Combustion Turbine,GT,Electric Utility,1,89.3,83.9,98.4,NG,DFO,Y,N,,,,,,,Y,Y,86.4,101.3,78.4,92.8,1H,1H,N,,,
7570,Great River Energy,7925,Lakefield Junction,MN,Martin,4,OP,Natural Gas Fired Combustion Turbine,GT,Electric Utility,1,89.3,84,98.5,NG,DFO,Y,N,,,,,,,Y,Y,87.2,102.3,79.7,94.4,1H,1H,N,,,
7570,Great River Energy,7925,Lakefield Junction,MN,Martin,5,OP,Natural Gas Fired Combustion Turbine,GT,Electric Utility,1,89.3,84.7,99.3,NG,DFO,Y,N,,,,,,,Y,Y,87.2,102.3,81.8,94.4,1H,1H,N,,,
7570,Great River Energy,7925,Lakefield Junction,MN,Martin,6,OP,Natural Gas Fired Combustion Turbine,GT,Electric Utility,1,89.3,83,97.4,NG,DFO,Y,N,,,,,,,Y,Y,87.5,102.5,81.8,96.8,1H,1H,N,,,
14232,Otter Tail Power Co,7947,Solway CT,MN,Beltrami,1,SB,Natural Gas Fired Combustion Turbine,GT,Electric Utility,1,50.0,43.1,47,NG,DFO,Y,N,,,,,,,Y,Y,43,48,43,48,1H,1H,Y,,Y,
18642,Tennessee Valley Authority,7960,Kemper County,MS,Kemper,GT1,OP,Natural Gas Fired Combustion Turbine,GT,Electric Utility,1,93.0,73.3,93.6,NG,DFO,Y,N,,,,,,,Y,Y,78.2,100.3,80,95.3,1H,1H,Y,,Y,
18642,Tennessee Valley Authority,7960,Kemper County,MS,Kemper,GT2,OP,Natural Gas Fired Combustion Turbine,GT,Electric Utility,1,93.0,73.3,93.6,NG,DFO,Y,N,,,,,,,Y,Y,78.2,100.3,80,95.3,1H,1H,Y,,Y,
18642,Tennessee Valley Authority,7960,Kemper County,MS,Kemper,GT3,OP,Natural Gas Fired Combustion Turbine,GT,Electric Utility,1,93.0,73.3,93.6,NG,DFO,Y,N,,,,,,,Y,Y,78.2,100.3,80,95.3,1H,1H,Y,,Y,
18642,Tennessee Valley Authority,7960,Kemper County,MS,Kemper,GT4,OP,Natural Gas Fired Combustion Turbine,GT,Electric Utility,1,93.0,73.3,93.6,NG,DFO,Y,N,,,,,,,Y,Y,78.2,100.3,80,95.3,1H,1H,Y,,Y,
5084,Delaware Municipal Electric Corp,7962,Warren F Sam Beasley Generation Station,DE,Kent,001,OP,Natural Gas Fired Combustion Turbine,GT,Electric Utility,1,45.0,48,48,NG,DFO,Y,N,,,,,,,Y,Y,48,48,48,48,1H,1H,Y,Y,Y,
5084,Delaware Municipal Electric Corp,7962,Warren F Sam Beasley Generation Station,DE,Kent,002,OP,Natural Gas Fired Combustion Turbine,GT,Electric Utility,1,51.0,50,50,NG,DFO,Y,N,,,,,,,Y,Y,49,49,49,49,1H,1H,Y,Y,Y,
19436,Union Electric Co - (MO),7964,Peno Creek,MO,Pike,GT1,OP,Natural Gas Fired Combustion Turbine,GT,Electric Utility,1,60.0,47,59,NG,DFO,Y,N,,,,,,,Y,Y,47,49,47,49,6H,6H,Y,Y,,
19436,Union Electric Co - (MO),7964,Peno Creek,MO,Pike,GT2,OP,Natural Gas Fired Combustion Turbine,GT,Electric Utility,1,60.0,47,59,NG,DFO,Y,N,,,,,,,Y,Y,47,49,47,49,6H,6H,Y,Y,,
19436,Union Electric Co - (MO),7964,Peno Creek,MO,Pike,GT3,OP,Natural Gas Fired Combustion Turbine,GT,Electric Utility,1,60.0,47,59,NG,DFO,Y,N,,,,,,,Y,Y,47,49,47,49,6H,6H,Y,Y,,
19436,Union Electric Co - (MO),7964,Peno Creek,MO,Pike,GT4,OP,Natural Gas Fired Combustion Turbine,GT,Electric Utility,1,60.0,47,59,NG,DFO,Y,N,,,,,,,Y,Y,47,49,47,49,6H,6H,Y,Y,,
30151,"Tri-State G & T Assn, Inc",7975,Pyramid,NM,Hidalgo,1,OP,Natural Gas Fired Combustion Turbine,GT,Electric Utility,1,46.5,39.5,45.6,NG,DFO,Y,N,,,,,,,Y,Y,39.5,45.6,40,45.6,1H,1H,Y,Y,Y,
30151,"Tri-State G & T Assn, Inc",7975,Pyramid,NM,Hidalgo,2,OP,Natural Gas Fired Combustion Turbine,GT,Electric Utility,1,46.5,39.5,45.6,NG,DFO,Y,N,,,,,,,Y,Y,39.5,45.6,40,45.6,1H,1H,Y,Y,Y,
30151,"Tri-State G & T Assn, Inc",7975,Pyramid,NM,Hidalgo,3,OP,Natural Gas Fired Combustion Turbine,GT,Electric Utility,1,46.5,39.5,45.6,NG,DFO,Y,N,,,,,,,Y,Y,39.5,45.6,40,45.6,1H,1H,Y,Y,Y,
30151,"Tri-State G & T Assn, Inc",7975,Pyramid,NM,Hidalgo,4,OP,Natural Gas Fired Combustion Turbine,GT,Electric Utility,1,46.5,39.5,45.6,NG,DFO,Y,N,,,,,,,Y,Y,39.5,45.6,40,45.6,1H,1H,Y,Y,Y,
5416,"Duke Energy Carolinas, LLC",7981,Mill Creek (SC),SC,Cherokee,1,OP,Natural Gas Fired Combustion Turbine,GT,Electric Utility,1,99.9,71,92.4,NG,DFO,Y,N,,,,,,,Y,N,71,92.4,71,92.4,1H,1H,Y,Y,Y,
5416,"Duke Energy Carolinas, LLC",7981,Mill Creek (SC),SC,Cherokee,2,OP,Natural Gas Fired Combustion Turbine,GT,Electric Utility,1,99.9,70,92.4,NG,DFO,Y,N,,,,,,,Y,N,70,92.4,70,92.4,1H,1H,Y,Y,Y,
5416,"Duke Energy Carolinas, LLC",7981,Mill Creek (SC),SC,Cherokee,3,OP,Natural Gas Fired Combustion Turbine,GT,Electric Utility,1,99.9,71,92.4,NG,DFO,Y,N,,,,,,,Y,N,71,92.4,71,92.4,1H,1H,Y,Y,Y,
5416,"Duke Energy Carolinas, LLC",7981,Mill Creek (SC),SC,Cherokee,4,OP,Natural Gas Fired Combustion Turbine,GT,Electric Utility,1,99.9,70,92.4,NG,DFO,Y,N,,,,,,,Y,N,70,92.4,70,92.4,1H,1H,Y,Y,Y,
5416,"Duke Energy Carolinas, LLC",7981,Mill Creek (SC),SC,Cherokee,5,OP,Natural Gas Fired Combustion Turbine,GT,Electric Utility,1,99.9,69,92.4,NG,DFO,Y,N,,,,,,,Y,N,69,92.4,69,92.4,1H,1H,Y,Y,Y,
5416,"Duke Energy Carolinas, LLC",7981,Mill Creek (SC),SC,Cherokee,6,OP,Natural Gas Fired Combustion Turbine,GT,Electric Utility,1,99.9,71,92.4,NG,DFO,Y,N,,,,,,,Y,N,71,92.4,71,92.4,1H,1H,Y,Y,Y,
5416,"Duke Energy Carolinas, LLC",7981,Mill Creek (SC),SC,Cherokee,7,OP,Natural Gas Fired Combustion Turbine,GT,Electric Utility,1,99.9,70,92.4,NG,DFO,Y,N,,,,,,,Y,N,70,92.4,70,92.4,1H,1H,Y,Y,Y,
5416,"Duke Energy Carolinas, LLC",7981,Mill Creek (SC),SC,Cherokee,8,OP,Natural Gas Fired Combustion Turbine,GT,Electric Utility,1,99.9,71,92.4,NG,DFO,Y,N,,,,,,,Y,N,71,92.4,71,92.4,1H,1H,Y,Y,Y,
2507,City of Burbank Water and Power,7987,Lake One,CA,Los Angeles,L1,OP,Natural Gas Fired Combustion Turbine,GT,Electric Utility,1,60.5,48,48,NG,OBG,Y,Y,NG,OBG,,,,,N,, , , , ,,,,,,
11479,Madison Gas & Electric Co,7991,West Campus Cogeneration Facility,WI,Dane,1,OP,Natural Gas Fired Combined Cycle,CT,Electric Utility,1,54.0,32.3,32.3,NG,DFO,Y,N,,,,,,,Y,Y,32.3,32.3,32.3,32.3,UNK,UNK,Y,,Y,Y
11479,Madison Gas & Electric Co,7991,West Campus Cogeneration Facility,WI,Dane,CT2,OP,Natural Gas Fired Combined Cycle,CT,Electric Utility,1,54.0,32.2,32.2,NG,DFO,Y,N,,,,,,,Y,Y,32.2,32.2,32.2,32.2,UNK,UNK,Y,,Y,Y
11479,Madison Gas & Electric Co,7991,West Campus Cogeneration Facility,WI,Dane,STG1,OP,Natural Gas Fired Combined Cycle,CA,Electric Utility,1,61.3,59.9,59.9,NG,DFO,Y,N,,,,,,,Y,Y,59.9,59.9,59.9,59.9,UNK,UNK,Y,,Y,Y
15472,Public Service Co of NH,8002,Newington,NH,Rockingham,1,OP,Natural Gas Steam Turbine,ST,Electric Utility,1,414.0,400.2,400.2,NG,RFO,Y,Y,RFO,NG,,,,,Y,Y,310,310,402,400,6H,1H,N,,,
5511,CCI Roseton LLC,8006,Roseton Generating Facility,NY,Orange,1,OP,Natural Gas Steam Turbine,ST,IPP Non-CHP,2,621.0,589.5,611.2,NG,RFO,Y,Y,RFO,NG,,,,,Y,Y,589.5,611.2,589.5,611.2,1H,1H,Y,,,Y
5511,CCI Roseton LLC,8006,Roseton Generating Facility,NY,Orange,2,OP,Natural Gas Steam Turbine,ST,IPP Non-CHP,2,621.0,599.5,609,NG,RFO,Y,Y,RFO,NG,,,,,Y,Y,599.5,609,599.5,609,1H,1H,Y,,,Y
1148,City of Baldwin City- (KS),8020,Baldwin City Plant No 2,KS,Douglas,7,OP,Petroleum Liquids,IC,Electric Utility,1,3.2,3,3,DFO,NG,Y,N,,,,,,,Y,Y,3,3,3,3,1H,1H,Y,,,Y
1148,City of Baldwin City- (KS),8020,Baldwin City Plant No 2,KS,Douglas,8,OP,Petroleum Liquids,IC,Electric Utility,1,3.2,3,3,DFO,NG,Y,N,,,,,,,Y,Y,3,3,3,3,1H,1H,Y,,,Y
12341,MidAmerican Energy Co,8029,Sycamore (IA),IA,Polk,1,OP,Natural Gas Fired Combustion Turbine,GT,Electric Utility,1,78.8,75.5,95,NG,DFO,N,Y,NG,DFO,,,,,Y,Y,74.5,96.2,74.5,96.2,1H,1H,N,,,
12341,MidAmerican Energy Co,8029,Sycamore (IA),IA,Polk,2,OP,Natural Gas Fired Combustion Turbine,GT,Electric Utility,1,78.8,73,95,NG,DFO,N,Y,NG,DFO,,,,,Y,Y,74.5,96.2,74.5,96.2,1H,1H,N,,,
13809,NorthWestern Energy - (SD),8034,Yankton,SD,Yankton,1,SB,Natural Gas Internal Combustion Engine,IC,Electric Utility,1,2.2,2.2,2.2,NG,DFO,Y,N,,,,,,,Y,Y,2,2,2,2,1H,1H,Y,Y,,
13809,NorthWestern Energy - (SD),8034,Yankton,SD,Yankton,3,SB,Natural Gas Internal Combustion Engine,IC,Electric Utility,1,6.5,6.5,6.5,NG,DFO,Y,N,,,,,,,Y,Y,6,6,6,6,1H,1H,Y,Y,,
6455,"Duke Energy Florida, LLC",8048,Anclote,FL,Pasco,1,OP,Natural Gas Steam Turbine,ST,Electric Utility,1,556.2,508,524,NG,RFO,Y,N,,,,,,,Y,Y,521,524,521,524,UNK,UNK,Y,Y,,
6455,"Duke Energy Florida, LLC",8048,Anclote,FL,Pasco,2,OP,Natural Gas Steam Turbine,ST,Electric Utility,1,556.2,505,524,NG,RFO,Y,N,,,,,,,Y,Y,520,524,520,524,UNK,UNK,Y,Y,,
6455,"Duke Energy Florida, LLC",8049,Intercession City,FL,Osceola,P10,OP,Natural Gas Fired Combustion Turbine,GT,Electric Utility,1,103.5,78,95,NG,DFO,Y,N,,,,,,,Y,Y,82,95,82,95,1H,1H,Y,Y,Y,
6455,"Duke Energy Florida, LLC",8049,Intercession City,FL,Osceola,P12,OP,Natural Gas Fired Combustion Turbine,GT,Electric Utility,1,98.2,73,92,NG,DFO,Y,N,,,,,,,Y,Y,76,92,76,92,1H,1H,Y,Y,Y,
6455,"Duke Energy Florida, LLC",8049,Intercession City,FL,Osceola,P13,OP,Natural Gas Fired Combustion Turbine,GT,Electric Utility,1,98.2,75,92,NG,DFO,Y,N,,,,,,,Y,Y,76,92,76,92,1H,1H,Y,Y,Y,
6455,"Duke Energy Florida, LLC",8049,Intercession City,FL,Osceola,P14,OP,Natural Gas Fired Combustion Turbine,GT,Electric Utility,1,98.2,72,92,NG,DFO,Y,N,,,,,,,Y,Y,77,92,77,92,1H,1H,Y,Y,Y,
6455,"Duke Energy Florida, LLC",8049,Intercession City,FL,Osceola,P7,OP,Natural Gas Fired Combustion Turbine,GT,Electric Utility,1,103.5,78,94,NG,DFO,Y,N,,,,,,,Y,Y,83,94,83,94,1H,1H,Y,Y,Y,
6455,"Duke Energy Florida, LLC",8049,Intercession City,FL,Osceola,P8,OP,Natural Gas Fired Combustion Turbine,GT,Electric Utility,1,103.5,79,95,NG,DFO,Y,N,,,,,,,Y,Y,81,95,81,95,1H,1H,Y,Y,Y,
6455,"Duke Energy Florida, LLC",8049,Intercession City,FL,Osceola,P9,OP,Natural Gas Fired Combustion Turbine,GT,Electric Utility,1,103.5,79,95,NG,DFO,Y,N,,,,,,,Y,Y,82,95,82,95,1H,1H,Y,Y,Y,
12685,Entergy Mississippi Inc,8054,Gerald Andrus,MS,Washington,1,OP,Natural Gas Steam Turbine,ST,Electric Utility,1,781.4,731.9,748,NG,RFO,Y,Y,NG,RFO,,,,,Y,Y,741,741,741,741,6H,6H,N,,,
11241,Entergy Louisiana LLC,8056,Waterford 1 & 2,LA,St Charles,1,OP,Natural Gas Steam Turbine,ST,Electric Utility,1,445.5,410.3,411,NG,RFO,Y,Y,NG,RFO,,,,,Y,Y,411,411,411,411,24H,6H,Y,,,Y
11241,Entergy Louisiana LLC,8056,Waterford 1 & 2,LA,St Charles,2,OP,Natural Gas Steam Turbine,ST,Electric Utility,1,445.5,411,411,NG,RFO,Y,Y,NG,RFO,,,,,Y,Y,411,411,411,411,24H,6H,Y,,,Y
55983,Luminant Generation Company LLC,8063,DeCordova Steam Electric Station,TX,Hood,CT1,OP,Natural Gas Fired Combustion Turbine,GT,IPP Non-CHP,2,89.4,71,80,NG,DFO,Y,N,,,,,,,Y,Y,68,77,89,77,1H,1H,Y,,Y,
55983,Luminant Generation Company LLC,8063,DeCordova Steam Electric Station,TX,Hood,CT2,OP,Natural Gas Fired Combustion Turbine,GT,IPP Non-CHP,2,89.4,70,80,NG,DFO,Y,N,,,,,,,Y,Y,70,80,89,80,1H,1H,Y,,Y,
55983,Luminant Generation Company LLC,8063,DeCordova Steam Electric Station,TX,Hood,CT3,OP,Natural Gas Fired Combustion Turbine,GT,IPP Non-CHP,2,89.4,69,79,NG,DFO,Y,N,,,,,,,Y,Y,69,79,89,79,1H,1H,Y,,Y,
55983,Luminant Generation Company LLC,8063,DeCordova Steam Electric Station,TX,Hood,CT4,OP,Natural Gas Fired Combustion Turbine,GT,IPP Non-CHP,2,89.4,68,77,NG,DFO,Y,N,,,,,,,Y,Y,68,77,89,77,1H,1H,Y,,Y,
15466,Public Service Co of Colorado,8067,Fort Lupton,CO,Weld,1,OP,Natural Gas Fired Combustion Turbine,GT,Electric Utility,1,50.4,44,50,NG,DFO,Y,N,,,,,,,Y,Y,45,50,43,45,1H,1H,Y,Y,Y,
15466,Public Service Co of Colorado,8067,Fort Lupton,CO,Weld,2,OP,Natural Gas Fired Combustion Turbine,GT,Electric Utility,1,50.4,44,50,NG,DFO,Y,N,,,,,,,Y,Y,45,50,44.7,47,1H,1H,Y,Y,Y,
15248,Portland General Electric Co,8073,Beaver,OR,Columbia,1,OP,Natural Gas Fired Combined Cycle,CT,Electric Utility,1,68.3,54,60,NG,DFO,Y,Y,NG,DFO,,,,,Y,Y,55.3,63,55.3,63,1H,1H,Y,,Y,
15248,Portland General Electric Co,8073,Beaver,OR,Columbia,2,OP,Natural Gas Fired Combined Cycle,CT,Electric Utility,1,68.3,54,60,NG,DFO,Y,Y,NG,DFO,,,,,Y,Y,55.3,63,55.3,63,1H,1H,Y,,Y,
15248,Portland General Electric Co,8073,Beaver,OR,Columbia,3,OP,Natural Gas Fired Combined Cycle,CT,Electric Utility,1,68.3,54,60,NG,DFO,Y,Y,NG,DFO,,,,,Y,Y,55.3,63,55.3,63,1H,1H,Y,,Y,
15248,Portland General Electric Co,8073,Beaver,OR,Columbia,4,OP,Natural Gas Fired Combined Cycle,CT,Electric Utility,1,68.3,54,60,NG,DFO,Y,Y,NG,DFO,,,,,Y,Y,55.3,63,55.3,63,1H,1H,Y,,Y,
15248,Portland General Electric Co,8073,Beaver,OR,Columbia,5,OP,Natural Gas Fired Combined Cycle,CT,Electric Utility,1,68.3,54,60,NG,DFO,Y,Y,NG,DFO,,,,,Y,Y,55.3,63,55.3,63,1H,1H,Y,,Y,
15248,Portland General Electric Co,8073,Beaver,OR,Columbia,6,OP,Natural Gas Fired Combined Cycle,CT,Electric Utility,1,68.3,54,60,NG,DFO,Y,Y,NG,DFO,,,,,Y,Y,55.3,63,55.3,63,1H,1H,Y,,Y,
17834,City of Springfield - (CO),8100,Springfield (CO),CO,Baca,1,SB,Petroleum Liquids,IC,Electric Utility,1,1.2,1.2,1.2,DFO,NG,Y,Y,NG,DFO,,,,,Y,Y,1.2,1.2,1.2,1.2,6H,6H,Y,Y,Y,
17834,City of Springfield - (CO),8100,Springfield (CO),CO,Baca,2,SB,Petroleum Liquids,IC,Electric Utility,1,0.2,0.2,0.2,DFO,NG,Y,Y,NG,DFO,,,,,Y,Y,0.2,0.2,0.2,0.2,6H,6H,Y,Y,Y,
17834,City of Springfield - (CO),8100,Springfield (CO),CO,Baca,IC4,SB,Petroleum Liquids,IC,Electric Utility,1,0.5,0.5,0.5,DFO,NG,Y,Y,DFO,NG,,,,,Y,Y,0.5,0.5,0.5,0.5,6H,6H,Y,Y,Y,
17834,City of Springfield - (CO),8100,Springfield (CO),CO,Baca,IC5,SB,Petroleum Liquids,IC,Electric Utility,1,0.8,0.8,0.8,DFO,NG,Y,Y,DFO,NG,,,,,Y,Y,0.8,0.8,0.8,0.8,6H,6H,Y,Y,Y,
18947,City of Tipton - (IA),8106,Tipton,IA,Cedar,1A,OP,Natural Gas Internal Combustion Engine,IC,Electric Utility,1,2.0,2,2,NG,DFO,Y,Y,NG,DFO,,,,,Y,Y,2,0,2,2,1H,1H,Y,,,Y
18947,City of Tipton - (IA),8106,Tipton,IA,Cedar,2,OP,Natural Gas Internal Combustion Engine,IC,Electric Utility,1,1.3,1.2,1.2,NG,DFO,Y,Y,NG,DFO,,,,,Y,Y,1.2,0,1.2,1.2,1H,6H,Y,,,Y
18947,City of Tipton - (IA),8106,Tipton,IA,Cedar,3,OP,Natural Gas Internal Combustion Engine,IC,Electric Utility,1,1.3,1.2,1.2,NG,DFO,Y,Y,NG,DFO,,,,,Y,Y,1.2,0,1.2,1.2,1H,6H,Y,,,Y
17946,City of Stanberry - (MO),8110,Stanberry,MO,Gentry,1,SB,Natural Gas Internal Combustion Engine,IC,Electric Utility,1,1.1,1.1,1.1,NG,DFO,Y,N,,,,,,,Y,N,1.1,1.1,1.1,1.1,1H,1H,Y,Y,,Y
17946,City of Stanberry - (MO),8110,Stanberry,MO,Gentry,2,SB,Natural Gas Internal Combustion Engine,IC,Electric Utility,1,1.1,1.1,1.1,NG,DFO,Y,N,,,,,,,Y,N,1.1,1.1,1.1,1.1,1H,1H,Y,Y,,Y
17946,City of Stanberry - (MO),8110,Stanberry,MO,Gentry,IC6,SB,Natural Gas Internal Combustion Engine,IC,Electric Utility,1,1.8,1.8,1.8,NG,DFO,Y,N,,,,,,,Y,N,1.5,1.5,1.5,1.5,1H,1H,Y,Y,,Y
14165,NRG Power Midwest LP,8226,Cheswick Power Plant,PA,Allegheny,1,OP,Conventional Steam Coal,ST,IPP Non-CHP,2,637.0,565,565,BIT,NG,Y,Y,NG,BIT,SUB,,,,N,, , , , ,,,,,,
54863,U S Power Generating Company LLC,8906,Astoria Generating Station,NY,Queens,3,OP,Natural Gas Steam Turbine,ST,IPP Non-CHP,2,376.0,377.2,377.2,NG,RFO,Y,Y,RFO,NG,,,,,Y,Y,361,361,351,351,6H,6H,Y,Y,Y,
54863,U S Power Generating Company LLC,8906,Astoria Generating Station,NY,Queens,4,OS,Natural Gas Steam Turbine,ST,IPP Non-CHP,2,387.0,380,387,NG,RFO,Y,Y,RFO,NG,,,,,Y,Y,372,372,361,361,6H,6H,Y,Y,Y,
54863,U S Power Generating Company LLC,8906,Astoria Generating Station,NY,Queens,ST5,OP,Natural Gas Steam Turbine,ST,IPP Non-CHP,2,387.0,382.3,385.5,NG,RFO,Y,Y,RFO,NG,,,,,Y,Y,372,372,362,361,6H,6H,Y,Y,Y,
8973,Town of Hudson - (MA),9038,Cherry Street,MA,Middlesex,10,OP,Petroleum Liquids,IC,Electric Utility,1,2.2,1.9,1.9,DFO,NG,Y,N,,,,,,,Y,Y,1.9, ,1.9,1.9,1H,1H,Y,Y,Y,Y
8973,Town of Hudson - (MA),9038,Cherry Street,MA,Middlesex,11,OP,Petroleum Liquids,IC,Electric Utility,1,2.2,1.9,1.9,DFO,NG,Y,N,,,,,,,Y,Y,1.9, ,1.9,1.9,1H,1H,Y,Y,Y,Y
8973,Town of Hudson - (MA),9038,Cherry Street,MA,Middlesex,12,OP,Petroleum Liquids,IC,Electric Utility,1,5.6,4.9,4.9,DFO,NG,Y,N,,,,,,,Y,Y,4.99, ,4.99,4.99,1H,1H,Y,Y,Y,Y
8973,Town of Hudson - (MA),9038,Cherry Street,MA,Middlesex,8,OP,Petroleum Liquids,IC,Electric Utility,1,4.0,3.4,3.4,DFO,NG,Y,N,,,,,,,Y,Y,3.4, ,3.4,3.4,1H,1H,Y,Y,Y,Y
19173,Colorado Energy Nations Company LLC,10003,Colorado Energy Nations Company,CO,Jefferson,GEN1,OP,Natural Gas Steam Turbine,ST,IPP CHP,3,7.5,10,10,NG,BIT,Y,Y,NG,BIT,WO,,,,Y,Y,10,10,10,10,24H,6H,Y,,Y,
19173,Colorado Energy Nations Company LLC,10003,Colorado Energy Nations Company,CO,Jefferson,GEN2,OP,Natural Gas Steam Turbine,ST,IPP CHP,3,7.5,10,10,NG,BIT,Y,Y,NG,BIT,WO,,,,Y,Y,10,10,10,10,24H,6H,Y,,Y,
19173,Colorado Energy Nations Company LLC,10003,Colorado Energy Nations Company,CO,Jefferson,GEN3,OP,Natural Gas Steam Turbine,ST,IPP CHP,3,20.0,20,20,NG,BIT,Y,Y,NG,BIT,WO,,,,Y,Y,20,20,20,20,24H,6H,Y,,Y,
1194,Baptist Memorial Hospital,10008,Baptist Medical Center,FL,Duval,TG-2,OP,Natural Gas Fired Combustion Turbine,GT,Commercial CHP,5,2.5,2.2,2.5,NG,DFO,Y,N,,,,,,,Y,Y,2.3,2.5,2.1,2.3,1H,1H,Y,Y,Y,
1194,Baptist Memorial Hospital,10008,Baptist Medical Center,FL,Duval,TG-3,OP,Natural Gas Fired Combustion Turbine,GT,Commercial CHP,5,3.0,2.7,3,NG,DFO,Y,N,,,,,,,Y,Y,2.7,3,2.5,2.7,1H,1H,Y,Y,Y,
1194,Baptist Memorial Hospital,10008,Baptist Medical Center,FL,Duval,TG-4,OP,Natural Gas Fired Combustion Turbine,GT,Commercial CHP,5,3.5,3.2,3.5,NG,DFO,Y,N,,,,,,,Y,Y,3.3,3.4,3.1,3.3,1H,1H,Y,Y,Y,
17465,WestRock-West Point Mill,10017,WestRock-West Point Mill,VA,King William,GEN8,SB,Wood/Wood Waste Biomass,ST,Industrial CHP,7,5.0,5,5,BLQ,NG,Y,Y,BLQ,NG,,,,,N,, , , , ,,,,,,
17465,WestRock-West Point Mill,10017,WestRock-West Point Mill,VA,King William,GEN9,OP,Wood/Wood Waste Biomass,ST,Industrial CHP,7,10.0,10,10,BLQ,NG,Y,Y,BLQ,NG,,,,,N,, , , , ,,,,,,
17465,WestRock-West Point Mill,10017,WestRock-West Point Mill,VA,King William,GN10,OP,Wood/Wood Waste Biomass,ST,Industrial CHP,7,25.0,25,25,BLQ,NG,Y,Y,BLQ,NG,,,,,N,, , , , ,,,,,,
17465,WestRock-West Point Mill,10017,WestRock-West Point Mill,VA,King William,GN11,OP,Wood/Wood Waste Biomass,ST,Industrial CHP,7,15.0,15,15,BLQ,NG,Y,Y,BLQ,NG,,,,,N,, , , , ,,,,,,
17465,WestRock-West Point Mill,10017,WestRock-West Point Mill,VA,King William,GN12,OP,Wood/Wood Waste Biomass,ST,Industrial CHP,7,46.0,46,46,BLQ,NG,Y,Y,BLQ,NG,,,,,N,, , , , ,,,,,,
5624,"RED-Rochester, LLC",10025,"RED-Rochester, LLC",NY,Monroe,17TG,OP,Conventional Steam Coal,ST,Industrial CHP,7,15.0,15,15,BIT,RFO,N,Y,RFO,NG,,,,,N,, , , , ,,,,,,
5624,"RED-Rochester, LLC",10025,"RED-Rochester, LLC",NY,Monroe,22TG,OS,Conventional Steam Coal,ST,Industrial CHP,7,12.5,12.5,12.5,BIT,RFO,Y,Y,RFO,NG,,,,,N,, , , , ,,,,,,
5624,"RED-Rochester, LLC",10025,"RED-Rochester, LLC",NY,Monroe,41TG,OP,Conventional Steam Coal,ST,Industrial CHP,7,25.6,25.6,25.6,BIT,NG,Y,Y,RFO,NG,,,,,N,, , , , ,,,,,,
5624,"RED-Rochester, LLC",10025,"RED-Rochester, LLC",NY,Monroe,42TG,OP,Conventional Steam Coal,ST,Industrial CHP,7,25.6,25.6,25.6,BIT,NG,Y,Y,RFO,NG,,,,,N,, , , , ,,,,,,
5624,"RED-Rochester, LLC",10025,"RED-Rochester, LLC",NY,Monroe,43TG,OP,Conventional Steam Coal,ST,Industrial CHP,7,25.6,25.6,25.6,BIT,NG,Y,Y,RFO,NG,,,,,N,, , , , ,,,,,,
5624,"RED-Rochester, LLC",10025,"RED-Rochester, LLC",NY,Monroe,44TG,OP,Conventional Steam Coal,ST,Industrial CHP,7,25.6,25.6,25.6,BIT,DFO,Y,Y,DFO,BIT,,,,,N,, , , , ,,,,,,
7860,NRG Energy Center Dover LLC,10030,NRG Energy Center Dover,DE,Kent,KD-2,OP,Natural Gas Fired Combustion Turbine,GT,IPP CHP,3,50.0,44,50,NG,DFO,Y,N,,,,,,,Y,Y,44,49,44,49,1H,1H,Y,Y,Y,
54788,DG Fairhaven Power LLC,10052,Fairhaven Power,CA,Humboldt,GEN1,OP,Wood/Wood Waste Biomass,ST,IPP Non-CHP,2,18.8,16,16,WDS,NG,Y,Y,WDS,NG,,,,,N,, , , , ,,,,,,
55727,Orion Engineered Carbons,10072,Engineered Carbons Borger Cogen,TX,Hutchinson,GEN1,OP,Other Gases,ST,Industrial Non-CHP,6,20.0,18.8,18.8,OG,NG,Y,Y,NG,OG,,,,,N,, , , , ,,,,,,
59191,Humboldt Bay Harbor Rec & Con Dist,10074,Pulp Mill Power House,CA,Humboldt,GEN1,OS,Wood/Wood Waste Biomass,ST,Industrial CHP,7,20.0,20,20,BLQ,NG,Y,Y,BLQ,NG,,,,,N,, , , , ,,,,,,
11217,Los Angeles County Sanitation,10090,Commerce Refuse To Energy,CA,Los Angeles,GEN1,OP,Municipal Solid Waste,ST,IPP Non-CHP,2,12.0,10,10,MSW,NG,N,Y,MSW,NG,,,,,N,, , , , ,,,,,,
11217,Los Angeles County Sanitation,10091,Total Energy Facilities,CA,Los Angeles,G2,OP,Other Waste Biomass,CT,Commercial CHP,5,9.9,8,9,OBG,NG,Y,N,,,,,,,Y,, , , , ,,,,,,
11217,Los Angeles County Sanitation,10091,Total Energy Facilities,CA,Los Angeles,G3,OP,Other Waste Biomass,CT,Commercial CHP,5,9.9,8,9,OBG,NG,Y,N,,,,,,,Y,, , , , ,,,,,,
11217,Los Angeles County Sanitation,10091,Total Energy Facilities,CA,Los Angeles,GEN1,OP,Other Waste Biomass,CT,Commercial CHP,5,9.9,8,9,OBG,NG,Y,N,,,,,,,Y,, , , , ,,,,,,
50160,Pedricktown Cogeneration Company LP,10099,Pedricktown Cogeneration Company LP,NJ,Salem,GEN1,OP,Natural Gas Fired Combined Cycle,CT,IPP Non-CHP,2,92.1,117.3,117.3,NG,DFO,Y,N,,,,,,,Y,Y,115.3,115.3,115.3,115.3,1H,1H,Y,Y,Y,
50160,Pedricktown Cogeneration Company LP,10099,Pedricktown Cogeneration Company LP,NJ,Salem,GEN2,OP,Natural Gas Fired Combined Cycle,CA,IPP Non-CHP,2,42.4, , ,NG,DFO,Y,N,,,,,,,Y,Y, , , , ,1H,1H,Y,Y,,
8486,PInova Inc,10120,PInova Inc,GA,Glynn,GEN5,OP,Wood/Wood Waste Biomass,ST,Industrial CHP,7,7.1,7.1,7.1,WDS,NG,Y,Y,WDS,OBL,NG,,,,N,, , , , ,,,,,,
59069,CIP II/AR Bridgewater Holdings LLC,10122,CIP II/AR Bridgewater Holdings - NJCOE,NJ,Somerset,02,OP,Natural Gas Fired Combustion Turbine,GT,Commercial CHP,5,5.0,4.1,4.1,NG,DFO,Y,N,,,,,,,Y,Y,3.8,4.2,3.5,3.8,1H,1H,N,,,
60557,"PB Nutclif Master, LLC",10123,Hoffmann LaRoche,NJ,Essex,TG01,OA,Natural Gas Fired Combustion Turbine,GT,Industrial CHP,7,5.3,4.1,5.3,NG,DFO,Y,N,,,,,,,Y,Y,4.1,5.2,4,4.7,1H,1H,N,,,
60557,"PB Nutclif Master, LLC",10123,Hoffmann LaRoche,NJ,Essex,TG03,OA,Natural Gas Fired Combustion Turbine,GT,Industrial CHP,7,5.3,4.1,5.3,NG,DFO,Y,N,,,,,,,Y,Y,4.1,5.2,4,4.7,1H,1H,N,,,
9335,Indiana University of Penn,10129,Indiana University of Pennsylvania,PA,Indiana,GEN1,OP,Natural Gas Internal Combustion Engine,IC,Commercial CHP,5,6.1,6,6,NG,DFO,Y,Y,NG,DFO,,,,,Y,Y,6,6,6,6,1H,1H,Y,,Y,
9335,Indiana University of Penn,10129,Indiana University of Pennsylvania,PA,Indiana,GEN2,OP,Natural Gas Internal Combustion Engine,IC,Commercial CHP,5,6.1,6,6,NG,DFO,Y,Y,NG,DFO,,,,,Y,Y,6,6,6,6,1H,1H,Y,,Y,
9335,Indiana University of Penn,10129,Indiana University of Pennsylvania,PA,Indiana,GEN3,OP,Natural Gas Internal Combustion Engine,IC,Commercial CHP,5,6.1,6,6,NG,DFO,Y,Y,NG,DFO,,,,,Y,Y,6,6,6,6,1H,1H,Y,,Y,
9335,Indiana University of Penn,10129,Indiana University of Pennsylvania,PA,Indiana,GEN4,OP,Natural Gas Internal Combustion Engine,IC,Commercial CHP,5,6.1,6,6,NG,DFO,Y,Y,NG,DFO,,,,,Y,Y,6,6,6,6,1H,1H,Y,,Y,
563,American Bituminous Power LP,10151,Grant Town Power Plant,WV,Marion,GEN1,OP,Conventional Steam Coal,ST,IPP Non-CHP,2,95.7,80,80,WC,NG,Y,Y,WC,NG,,,,,N,, , , , ,,,,,,
19068,"Colorado Energy Nations Company, LLC",10180,Metro Wastewater Reclamation District,CO,Denver,5,OP,Other Waste Biomass,GT,IPP CHP,3,3.5,2.5,3.1,OBG,NG,Y,Y,OBG,NG,,,,,N,, , , , ,,,,,,
19068,"Colorado Energy Nations Company, LLC",10180,Metro Wastewater Reclamation District,CO,Denver,6,OP,Other Waste Biomass,GT,IPP CHP,3,3.5,2.5,3.1,OBG,NG,Y,Y,OBG,NG,,,,,N,, , , , ,,,,,,
12632,Minnesota Mining & Mfg Co,10184,Central Utility Plant,TX,Travis,EG1,OP,Natural Gas Fired Combined Cycle,CT,Commercial CHP,5,6.0,2.2,3.5,NG,DFO,Y,Y,NG,DFO,,,,,Y,Y,6,6,6,6,1H,1H,Y,,Y,
12632,Minnesota Mining & Mfg Co,10184,Central Utility Plant,TX,Travis,EG2,OP,Natural Gas Fired Combined Cycle,CT,Commercial CHP,5,6.0,2.8,2.5,NG,DFO,Y,Y,NG,DFO,,,,,Y,Y,6,6,6,6,1H,1H,Y,,Y,
12632,Minnesota Mining & Mfg Co,10184,Central Utility Plant,TX,Travis,TG1,OP,Natural Gas Fired Combined Cycle,CA,Commercial CHP,5,2.3,2.1,2.3,NG,DFO,Y,N,NG,DFO,,,,,Y,Y,2.3,2.3,2.3,2.3,1H,1H,Y,,Y,
11451,Madison Paper Industries Inc,10186,Anson Abenaki Hydros,ME,Somerset,STG1,SB,Natural Gas Steam Turbine,ST,Industrial CHP,7,3.0,2,2.5,NG,RFO,Y,N,,,,,,,Y,N,2,2,2,2,6H,6H,Y,Y,,
60741,Fortistar Castleton Power,10190,Castleton Energy Center,NY,Rensselaer,GEN1,OP,Natural Gas Fired Combined Cycle,CT,IPP Non-CHP,2,47.0,70.2,79.2,NG,DFO,Y,Y,NG,DFO,,,,,Y,Y,44,51,43,49,1H,1H,Y,Y,Y,
3453,Island Energy Services,10194,Hawaii Cogen,HI,Honolulu,GEN1,OP,Other Gases,GT,Industrial CHP,7,3.0,3.2,3.2,OG,WO,Y,N,,,,,,,Y,Y,3.2,3.2,3.2,3.2,1H,1H,Y,,,Y
3453,Island Energy Services,10194,Hawaii Cogen,HI,Honolulu,GEN2,OP,Petroleum Liquids,GT,Industrial CHP,7,3.0,3.2,3.2,WO,OG,Y,N,,,,,,,Y,Y,3.2,3.2,3.2,3.2,1H,1H,Y,,,Y
3453,Island Energy Services,10194,Hawaii Cogen,HI,Honolulu,GEN3,OP,Other Gases,GT,Industrial CHP,7,3.0,3.2,3.2,OG,WO,Y,N,,,,,,,Y,Y,3.2,3.2,3.2,3.2,1H,1H,Y,,,Y
3453,Island Energy Services,10194,Hawaii Cogen,HI,Honolulu,GEN4,OP,Petroleum Liquids,GT,Industrial CHP,7,3.2,3.2,3.2,WO,OG,Y,N,,,,,,,Y,Y,3.2,3.2,3.2,3.2,1H,1H,Y,,,Y
9436,Mosaic Phosphates Co.,10198,Mosaic Phosphates Uncle Sam,LA,St James,GEN2,OP,All Other,ST,Industrial CHP,7,11.0,11,11,WH,NG,Y,Y,OTH,NG,,,,,N,, , , , ,,,,,,
9436,Mosaic Phosphates Co.,10198,Mosaic Phosphates Uncle Sam,LA,St James,GEN3,OP,All Other,ST,Industrial CHP,7,15.0,15,15,WH,NG,Y,Y,OTH,NG,,,,,N,, , , , ,,,,,,
11161,Loma Linda University,10206,Loma Linda University Cogen,CA,San Bernardino,GEN1,OP,Natural Gas Fired Combustion Turbine,GT,Commercial CHP,5,5.2,4.8,4.8,NG,DFO,Y,N,,,,,,,Y,Y,4.8,4.8,4,4,1H,1H,Y,,Y,
11161,Loma Linda University,10206,Loma Linda University Cogen,CA,San Bernardino,GEN2,OP,Natural Gas Fired Combustion Turbine,GT,Commercial CHP,5,5.2,4.8,4.8,NG,DFO,Y,N,,,,,,,Y,Y,4.8,4.8,4,4,1H,1H,Y,,Y,
55867,Verso Escanaba LLC,10208,Escanaba Mill,MI,Delta,NO.7,OP,Wood/Wood Waste Biomass,ST,Industrial CHP,7,38.6,32,32,BLQ,NG,Y,Y,NG,RFO,BIT,SLW,,,Y,Y,26,26,18,18,6H,1H,Y,,Y,
55867,Verso Escanaba LLC,10208,Escanaba Mill,MI,Delta,NO.8,OP,Wood/Wood Waste Biomass,ST,Industrial CHP,7,29.8,23,23,BLQ,NG,Y,Y,BLQ,WDS,NG,RFO,,,Y,Y,7,7,8,8,6H,1H,Y,,Y,
55867,Verso Escanaba LLC,10208,Escanaba Mill,MI,Delta,NO9,OP,Wood/Wood Waste Biomass,ST,Industrial CHP,7,54.0,45,45,BLQ,NG,Y,Y,BIT,WDS,NG,SLW,,,N,, , , , ,,,,,,
12311,Merck & Co Inc,10224,Merck Rahway Power Plant,NJ,Union,GEN8,OP,Natural Gas Steam Turbine,ST,Industrial CHP,7,5.0,4.8,4.8,NG,DFO,Y,Y,NG,DFO,,,,,Y,N,4.8,4.8,4.8,4.8,6H,24H,Y,,Y,
12311,Merck & Co Inc,10224,Merck Rahway Power Plant,NJ,Union,GEN9,OP,Natural Gas Steam Turbine,ST,Industrial CHP,7,10.8,10,10.2,NG,DFO,Y,Y,NG,DFO,,,,,Y,N,10,10,10,10,6H,24H,Y,,Y,
60660,Catalyst Paper - Biron Mill,10234,Biron Mill,WI,Wood,GEN5,OP,Conventional Steam Coal,ST,Industrial CHP,7,21.5,20,20,SUB,NG,N,Y,SUB,WDS,,,,,N,, , , , ,,,,,,
54880,P H Glatfelter Company,10244,P H Glatfelter Co -Chillicothe Facility,OH,Ross,T-10,OA,Wood/Wood Waste Biomass,ST,Industrial CHP,7,10.6,7.3,4.5,BLQ,BIT,Y,Y,WDS,TDF,,,,,N,, , , , ,,,,,,
54880,P H Glatfelter Company,10244,P H Glatfelter Co -Chillicothe Facility,OH,Ross,T-11,OP,Wood/Wood Waste Biomass,ST,Industrial CHP,7,24.0,12.5,14.1,BLQ,BIT,Y,Y,WDS,TDF,,,,,N,, , , , ,,,,,,
54880,P H Glatfelter Company,10244,P H Glatfelter Co -Chillicothe Facility,OH,Ross,T-12,OP,Wood/Wood Waste Biomass,ST,Industrial CHP,7,31.0,16.4,21.8,BLQ,BIT,Y,Y,WDS,TDF,,,,,N,, , , , ,,,,,,
54880,P H Glatfelter Company,10244,P H Glatfelter Co -Chillicothe Facility,OH,Ross,T-13,OP,Conventional Steam Coal,ST,Industrial CHP,7,27.2,12.6,13.7,BIT,BLQ,Y,Y,WDS,TDF,,,,,N,, , , , ,,,,,,
327,Air Liquide Large Industries U S LP,10298,Bayou Cogen Plant,TX,Harris,GEN4,OP,Natural Gas Fired Combustion Turbine,GT,Industrial CHP,7,79.6,65,85,NG,OG,N,Y,NG,OG,,,,,,, , , , ,,,,,,
3998,Desert View Power Inc,10300,Desert View Power,CA,Riverside,GEN1,OP,Wood/Wood Waste Biomass,ST,IPP Non-CHP,2,55.5,47,47,WDS,NG,Y,Y,WDS,PC,NG,TDF,,,N,, , , , ,,,,,,
21970,Northeast Energy Associates LP,10307,Bellingham Cogeneration Facility,MA,Norfolk,CT1,OP,Natural Gas Fired Combined Cycle,CT,IPP Non-CHP,2,128.7,102,126,NG,DFO,Y,N,,,,,,,Y,Y,97,112,78,89.6,1H,1H,N,,,
21970,Northeast Energy Associates LP,10307,Bellingham Cogeneration Facility,MA,Norfolk,CT2,OP,Natural Gas Fired Combined Cycle,CT,IPP Non-CHP,2,128.7,102,126,NG,DFO,Y,N,,,,,,,Y,Y,97,112,78,89.6,1H,1H,N,,,
1182,BASF Corporation,10319,Geismar,LA,Ascension,GEN2,OP,Natural Gas Fired Combustion Turbine,GT,Industrial CHP,7,41.2,39.2,43.2,NG,OG,Y,Y,NG,OG,,,,,N,, , , , ,,,,,,
12436,Michigan State University,10328,T B Simon Power Plant,MI,Ingham,GEN4,OP,Natural Gas Steam Turbine,ST,Commercial CHP,5,21.0,21,21,NG,BIT,Y,Y,BIT,NG,WDS,,,,N,, , , , ,,,,,,
49889,Mount Carmel Cogen Inc,10343,Foster Wheeler Mt Carmel Cogen,PA,Northumberland,TG1,OP,Conventional Steam Coal,ST,IPP CHP,3,47.3,43,40,WC,NG,Y,Y,WC,NG,PG,,,,N,, , , , ,,,,,,
8641,Hillman Power Co,10346,Hillman Power LLC,MI,Montmorency,GEN1,OP,Wood/Wood Waste Biomass,ST,IPP Non-CHP,2,20.0,17.7,18.1,WDS,TDF,Y,Y,WDS,TDF,NG,,,,N,, , , , ,,,,,,
55919,Georgia-Pacific Consr Prods LP-Green Bay,10360,Green Bay West Mill,WI,Brown,GEN6,OP,Natural Gas Steam Turbine,ST,Industrial CHP,7,18.7,18,18,NG,BIT,Y,Y,NG,BIT,PC,DFO,,,N,, , , , ,,,,,,
55919,Georgia-Pacific Consr Prods LP-Green Bay,10360,Green Bay West Mill,WI,Brown,GEN7,OP,Natural Gas Steam Turbine,ST,Industrial CHP,7,28.9,23,23,NG,BIT,Y,Y,NG,BIT,PC,DFO,,,N,, , , , ,,,,,,
55919,Georgia-Pacific Consr Prods LP-Green Bay,10360,Green Bay West Mill,WI,Brown,GEN9,OP,Natural Gas Steam Turbine,ST,Industrial CHP,7,43.2,38,38,NG,BIT,Y,Y,NG,BIT,PC,DFO,,,N,, , , , ,,,,,,
7127,Georgia-Pacific Consr Prods LP-Savannah,10361,Savannah River Mill,GA,Effingham,GEN1,SB,Natural Gas Fired Combustion Turbine,GT,Industrial CHP,7,25.2,21.4,24.7,NG,DFO,,N,,,,,,,Y,Y,18,18,18,18,6H,6H,Y,Y,,
7127,Georgia-Pacific Consr Prods LP-Savannah,10361,Savannah River Mill,GA,Effingham,GEN2,OA,Natural Gas Fired Combustion Turbine,GT,Industrial CHP,7,25.2,21.4,24.7,NG,DFO,,N,,,,,,,Y,Y,18,18,18,18,6H,6H,Y,Y,,
7127,Georgia-Pacific Consr Prods LP-Savannah,10361,Savannah River Mill,GA,Effingham,GEN3,OP,Petroleum Coke,ST,Industrial CHP,7,45.0,41.9,42.3,PC,BIT,,Y,PC,BIT,,,,,N,, , , , ,,,,,,
7127,Georgia-Pacific Consr Prods LP-Savannah,10361,Savannah River Mill,GA,Effingham,GEN4,OP,Petroleum Coke,ST,Industrial CHP,7,45.0,41.9,42.3,PC,BIT,Y,Y,PC,BIT,,,,,N,, , , , ,,,,,,
6589,Georgia-Pacific Consr Prods LP-Muskogee,10362,Muskogee Mill,OK,Muskogee,GEN1,OP,Conventional Steam Coal,ST,Industrial CHP,7,25.0,8.4,11.3,SUB,NG,Y,Y,SUB,NG,BIT,,,,N,, , , , ,,,,,,
6589,Georgia-Pacific Consr Prods LP-Muskogee,10362,Muskogee Mill,OK,Muskogee,GEN2,OP,Conventional Steam Coal,ST,Industrial CHP,7,44.5,26.3,16.2,SUB,NG,Y,Y,SUB,NG,BIT,,,,N,, , , , ,,,,,,
6589,Georgia-Pacific Consr Prods LP-Muskogee,10362,Muskogee Mill,OK,Muskogee,GEN3,OP,Conventional Steam Coal,ST,Industrial CHP,7,44.5,33.6,31.8,SUB,NG,Y,Y,SUB,NG,BIT,,,,N,, , , , ,,,,,,
58209,CPI USA NC Southport LLC,10378,CPI USA NC Southport,NC,Brunswick,GEN1,OP,Wood/Wood Waste Biomass,ST,IPP CHP,3,67.5,48,48,WDS,TDF,Y,Y,BIT,TDF,WDS,,,,N,, , , , ,,,,,,
58209,CPI USA NC Southport LLC,10378,CPI USA NC Southport,NC,Brunswick,GEN2,OP,Wood/Wood Waste Biomass,ST,IPP CHP,3,67.5,48,48,WDS,TDF,Y,Y,BIT,TDF,WDS,,,,N,, , , , ,,,,,,
58210,CPI USA NC Roxboro LLC,10379,CPI USA NC Roxboro,NC,Person,GEN1,OP,Wood/Wood Waste Biomass,ST,IPP Non-CHP,2,67.5,47,47,WDS,TDF,Y,Y,BIT,TDF,WDS,,,,N,, , , , ,,,,,,
59621,North Carolina Renewable Power,10380,Elizabethtown Power LLC,NC,Bladen,GEN1,OS,Conventional Steam Coal,ST,IPP CHP,3,34.7,32,32,BIT,TDF,Y,Y,BIT,TDF,,,,,N,, , , , ,,,,,,
59593,NC Renewable Power - Lumberton LLC,10382,Lumberton,NC,Robeson,GEN1,OP,Wood/Wood Waste Biomass,ST,IPP CHP,3,34.7,34.7,34.7,WDS,OBS,Y,Y,WDS,OBS,,,,,N,, , , , ,,,,,,
9454,ArcelorMittal Cleveland Inc,10398,Arcelormittal Cleveland Inc,OH,Cuyahoga,GEN3,OA,Other Gases,ST,Industrial CHP,7,10.0,10,10,BFG,NG,Y,Y,BFG,NG,,,,,N,Y,10, ,10, ,,,,,,
9454,ArcelorMittal Cleveland Inc,10398,Arcelormittal Cleveland Inc,OH,Cuyahoga,GEN5,OP,Other Gases,ST,Industrial CHP,7,10.0,10,10,BFG,NG,Y,Y,BFG,NG,,,,,N,Y,10, ,10, ,,,,,,
9454,ArcelorMittal Cleveland Inc,10398,Arcelormittal Cleveland Inc,OH,Cuyahoga,GENA,OS,Other Gases,ST,Industrial CHP,7,15.0,15,15,BFG,NG,Y,Y,BFG,NG,,,,,N,Y,10, ,10, ,,,,,,
9454,ArcelorMittal Cleveland Inc,10398,Arcelormittal Cleveland Inc,OH,Cuyahoga,GENB,OP,Other Gases,ST,Industrial CHP,7,10.0,10,10,BFG,NG,Y,Y,BFG,NG,,,,,N,Y,10,10,10,10,,,Y,Y,Y,Y
9454,ArcelorMittal Cleveland Inc,10398,Arcelormittal Cleveland Inc,OH,Cuyahoga,GENC,OP,Other Gases,ST,Industrial CHP,7,23.0,23,23,BFG,NG,Y,Y,BFG,NG,,,,,N,Y,22,22,22,22,,,Y,Y,Y,Y
56600,Ascend Performance Materials LLC,10416,Pensacola Florida Plant,FL,Escambia,GEN1,OP,Natural Gas Steam Turbine,ST,Industrial CHP,7,5.0,5,5,NG,OG,Y,N,,,,,,,Y,Y,5,5,5,5,6H,6H,Y,Y,,
56600,Ascend Performance Materials LLC,10416,Pensacola Florida Plant,FL,Escambia,GEN2,OP,Natural Gas Steam Turbine,ST,Industrial CHP,7,5.0,5,5,NG,OG,Y,N,,,,,,,Y,Y,5,5,5,5,6H,6H,Y,Y,,
56600,Ascend Performance Materials LLC,10416,Pensacola Florida Plant,FL,Escambia,GEN3,OP,Natural Gas Steam Turbine,ST,Industrial CHP,7,6.0,6,6,NG,OG,Y,N,,,,,,,Y,Y,6,6,6,6,6H,6H,Y,Y,,
1746,Black River Generation LLC,10464,ReEnergy Black River,NY,Jefferson,GEN1,OP,Wood/Wood Waste Biomass,ST,IPP Non-CHP,2,55.5,55,56,WDS,TDF,Y,Y,WDS,DFO,TDF,,,,N,, , , , ,,,,,,
55965,Verso Corporation,10477,Wisconsin Rapids Pulp Mill,WI,Wood,GEN1,OP,Wood/Wood Waste Biomass,ST,Industrial CHP,7,32.0,27.2,32,BLQ,SUB,Y,Y,SUB,WDS,,,,,,, , , , ,,,,,,
55965,Verso Corporation,10477,Wisconsin Rapids Pulp Mill,WI,Wood,GEN2,OP,Wood/Wood Waste Biomass,ST,Industrial CHP,7,40.3,37.5,40.3,BLQ,SUB,Y,Y,SUB,WDS,,,,,,, , , , ,,,,,,
11216,Los Angeles County,10478,Pitchess Cogen Station,CA,Los Angeles,GEN1,OP,Natural Gas Fired Combined Cycle,CT,Commercial CHP,5,20.9,21.5,20.9,NG,DFO,Y,N,,,,,,,Y,Y,21.5,21.5,20,20,6H,6H,Y,,Y,
11216,Los Angeles County,10478,Pitchess Cogen Station,CA,Los Angeles,GEN2,OP,Natural Gas Fired Combined Cycle,CA,Commercial CHP,5,7.4,5.7,6,NG,DFO,Y,N,,,,,,,Y,N,5.7,5.72,5,5,6H,6H,Y,,Y,
1991,Boise White Paper LLC,10486,Boise Cascade International Falls,MN,Koochiching,GEN 6,OP,Wood/Wood Waste Biomass,ST,Industrial CHP,7,52.3,40,40,BLQ,NG,Y,Y,BLQ,WDS,NG,SLW,,,N,, , , , ,,,,,,
1991,Boise White Paper LLC,10486,Boise Cascade International Falls,MN,Koochiching,GEN5,SB,Wood/Wood Waste Biomass,ST,Industrial CHP,7,6.2,6.2,6.2,BLQ,NG,Y,Y,WDS,NG,,,,,N,, , , , ,,,,,,
1924,Boise Packaging & Newsprint LLC,10488,DeRidder Mill,LA,Beauregard,TG,OP,Wood/Wood Waste Biomass,ST,Industrial CHP,7,61.5,61.5,61.5,BLQ,WDS,Y,Y,BLQ,NG,WDS,TDF,,,N,, , , , ,,,,,,
60999,"Catalyst Paper Operations, Inc",10491,Mead Rumford Cogen,ME,Oxford,3STG,SB,Natural Gas Steam Turbine,ST,Industrial CHP,7,12.5,12.5,12.5,NG,RFO,Y,Y,RFO,NG,,,,,Y,Y,12.5,12.5,12.5,12.5,6H,6H,N,,,
60999,"Catalyst Paper Operations, Inc",10495,Rumford Cogeneration,ME,Oxford,GEN1,OP,Wood/Wood Waste Biomass,ST,IPP CHP,3,102.6,85,95,BLQ,TDF,Y,Y,BIT,TDF,WDS,,,,N,, , , , ,,,,,,
55850,Thermal Energy Development Part LP,10502,Thermal Energy Development Part LP,CA,San Joaquin,GEN1,OA,Wood/Wood Waste Biomass,ST,IPP Non-CHP,2,23.0,18.5,18.5,WDS,AB,Y,Y,WDS,AB,,,,,N,, , , , ,,,,,,
56174,Finch Paper LLC,10511,Finch Paper,NY,Warren,GEN6,OP,Wood/Wood Waste Biomass,ST,Industrial CHP,7,29.0,23,27,WDL,NG,Y,N,,,,,,,Y,Y,14,18,8,12,6H,6H,Y,,Y,Y
60641,Veolia NA - Municipal & Commercial Business,10521,Lederle Laboratories,NY,Rockland,3A,OP,Natural Gas Fired Combined Cycle,CA,Industrial CHP,7,1.5,1.5,1.5,NG,DFO,Y,N,,,,,,,Y,Y,1.5,1.5,1.5,1.5,1H,1H,Y,,Y,
60641,Veolia NA - Municipal & Commercial Business,10521,Lederle Laboratories,NY,Rockland,GEN1,OP,Natural Gas Fired Combined Cycle,CT,Industrial CHP,7,8.3,8.3,8.3,NG,DFO,Y,N,,,,,,,Y,Y,8.3,8.3,8.3,8.3,1H,1H,Y,,Y,
60641,Veolia NA - Municipal & Commercial Business,10521,Lederle Laboratories,NY,Rockland,GEN2,OP,Natural Gas Fired Combined Cycle,CT,Industrial CHP,7,8.3,8.3,8.3,NG,DFO,Y,N,,,,,,,Y,Y,8.3,8.3,8.3,8.3,1H,1H,Y,,Y,
60641,Veolia NA - Municipal & Commercial Business,10521,Lederle Laboratories,NY,Rockland,GEN3,OP,Natural Gas Fired Combined Cycle,CA,Industrial CHP,7,2.2,2.2,2.2,NG,DFO,Y,N,,,,,,,Y,Y,3.1,3.1,3.1,3.1,1H,1H,Y,,Y,
60641,Veolia NA - Municipal & Commercial Business,10521,Lederle Laboratories,NY,Rockland,TG4,OP,Natural Gas Fired Combined Cycle,CA,Industrial CHP,7,3.1,1.4,1.4,NG,DFO,Y,N,,,,,,,Y,Y,2.2,2.2,2.2,2.2,1H,1H,Y,,Y,
3837,CMS Generation Operating Co II,10525,Craven County Wood Energy LP,NC,Craven,1UNI,OP,Wood/Wood Waste Biomass,ST,IPP Non-CHP,2,50.0,47,47,WDS,OBS,Y,Y,WDS,OBS,WO,,,,N,, , , , ,,,,,,
16732,San Jose State University Fclts Dev &Ops,10548,San Jose Cogeneration,CA,Santa Clara,GEN1,OP,Natural Gas Fired Combustion Turbine,GT,Commercial CHP,5,6.0,5.6,5.6,NG,DFO,Y,N,,,,,,,Y,Y,5.6,5.6,5,5,1H,1H,Y,Y,Y,Y
15726,Rayonier Advanced Materials,10560,Rayonier Advanced Materials - Jesup Plant,GA,Wayne,GEN2,OP,Wood/Wood Waste Biomass,ST,Industrial CHP,7,5.0,4.7,4.7,BLQ,WDS,Y,Y,WDS,RFO,NG,BLQ,DFO,,Y,Y,4.65,4.65,4.65,4.65,6H,6H,N,,,
15726,Rayonier Advanced Materials,10560,Rayonier Advanced Materials - Jesup Plant,GA,Wayne,GEN3,OP,Wood/Wood Waste Biomass,ST,Industrial CHP,7,7.5,7,7.1,BLQ,WDS,Y,Y,WDS,RFO,NG,BLQ,DFO,,Y,Y,6.98,6.98,6.98,6.98,6H,6H,N,,,
15726,Rayonier Advanced Materials,10560,Rayonier Advanced Materials - Jesup Plant,GA,Wayne,GEN4,OP,Wood/Wood Waste Biomass,ST,Industrial CHP,7,7.5,7,7.1,BLQ,WDS,Y,Y,RFO,BLQ,NG,WDS,DFO,,Y,Y,6.98,6.98,6.98,6.98,6H,6H,N,,,
15726,Rayonier Advanced Materials,10560,Rayonier Advanced Materials - Jesup Plant,GA,Wayne,GEN5,OP,Wood/Wood Waste Biomass,ST,Industrial CHP,7,30.0,27.9,28.2,BLQ,WDS,Y,Y,BLQ,RFO,NG,WDS,DFO,,Y,Y,4,4,27,27,6H,6H,N,,,
15726,Rayonier Advanced Materials,10560,Rayonier Advanced Materials - Jesup Plant,GA,Wayne,GEN6,OP,Wood/Wood Waste Biomass,ST,Industrial CHP,7,27.0,25.1,25.4,BLQ,RFO,Y,Y,BLQ,RFO,,,,,N,, , , , ,,,,,,
15726,Rayonier Advanced Materials,10562,Fernandina Plant,FL,Nassau,GEN4,OP,Other Waste Biomass,ST,Industrial CHP,7,20.0,21,21,OBS,WDS,Y,Y,WDL,RFO,TDF,,,,N,, , , , ,,,,,,
15726,Rayonier Advanced Materials,10562,Fernandina Plant,FL,Nassau,GEN5,OP,Wood/Wood Waste Biomass,ST,Industrial CHP,7,22.0,21,21,WDS,RFO,Y,Y,WDL,RFO,TDF,,,,N,, , , , ,,,,,,
14932,US Operating Services Company,10566,Chambers Cogeneration LP,NJ,Salem,GEN1,OP,Conventional Steam Coal,ST,IPP CHP,3,285.0,244,242,BIT,DFO,Y,Y,BIT,DFO,,,,,N,, , , , ,,,,,,
291,Algonquin Windsor Locks LLC,10567,Algonquin Windsor Locks,CT,Hartford,GTG,OP,Natural Gas Fired Combined Cycle,CT,IPP CHP,3,40.0,35,45,NG,DFO,Y,N,NG,DFO,,,,,Y,Y,35,44,35,44,1H,1H,Y,Y,,
50003,Brunswick Cellulose LLC,10605,Brunswick Cellulose,GA,Glynn,GEN3,OP,Wood/Wood Waste Biomass,ST,Industrial CHP,7,9.2,9.2,9.2,BLQ,WDS,Y,Y,BLQ,NG,WDS,DFO,RFO,TDF,Y,Y,9.2,9.2,9.2,9.2,UNK,UNK,Y,Y,Y,
50003,Brunswick Cellulose LLC,10605,Brunswick Cellulose,GA,Glynn,GEN4,OP,Wood/Wood Waste Biomass,ST,Industrial CHP,7,50.0,50,50,BLQ,WDS,Y,Y,BLQ,NG,WDS,DFO,RFO,TDF,Y,Y,50,50,50,50,UNK,UNK,Y,Y,Y,
50003,Brunswick Cellulose LLC,10605,Brunswick Cellulose,GA,Glynn,GEN5,OP,Wood/Wood Waste Biomass,ST,Industrial CHP,7,13.0,13,13,BLQ,WDS,Y,Y,BLQ,NG,WDS,DFO,RFO,TDF,Y,Y,13,13,13,13,UNK,UNK,Y,Y,Y,
4580,Georgia-Pacific LLC,10606,Georgia-Pacific Crossett LLC,AR,Ashley,GEN4,OP,Wood/Wood Waste Biomass,ST,Industrial CHP,7,25.0,28,28,BLQ,NG,Y,Y,BLQ,WDS,NG,WO,TDF,DFO,N,, , , , ,,,,,,
4580,Georgia-Pacific LLC,10606,Georgia-Pacific Crossett LLC,AR,Ashley,GEN5,OP,Wood/Wood Waste Biomass,ST,Industrial CHP,7,30.6,30.6,30.6,BLQ,NG,Y,Y,BLQ,WDS,NG,WO,TDF,DFO,N,, , , , ,,,,,,
4580,Georgia-Pacific LLC,10606,Georgia-Pacific Crossett LLC,AR,Ashley,GEN6,OP,Wood/Wood Waste Biomass,ST,Industrial CHP,7,36.0,36,36,BLQ,NG,Y,Y,BLQ,WDS,NG,WO,TDF,DFO,N,, , , , ,,,,,,
7166,Georgia-Pacific Monticello LLC,10610,Georgia-Pacific Monticello Paper,MS,Lawrence,GEN1,OP,Wood/Wood Waste Biomass,ST,Industrial CHP,7,32.6,22.6,23.8,BLQ,WDS,Y,Y,NG,WDS,TDF,BLQ,,,N,, , , , ,,,,,,
7166,Georgia-Pacific Monticello LLC,10610,Georgia-Pacific Monticello Paper,MS,Lawrence,GEN2,OP,Wood/Wood Waste Biomass,ST,Industrial CHP,7,32.2,31.2,29.2,BLQ,WDS,Y,Y,NG,WDS,TDF,BLQ,,,N,, , , , ,,,,,,
50128,Georgia-Pacific Consr Ops LLC-Palatka,10611,Georgia-Pacific Palatka Operations,FL,Putnam,GEN4,OP,Wood/Wood Waste Biomass,ST,Industrial CHP,7,47.8,44.6,45.1,BLQ,NG,Y,Y,BLQ,NG,WDS,,,,N,, , , , ,,,,,,
50128,Georgia-Pacific Consr Ops LLC-Palatka,10611,Georgia-Pacific Palatka Operations,FL,Putnam,GEN8,OP,Wood/Wood Waste Biomass,ST,Industrial CHP,7,32.0,25.1,25.4,BLQ,NG,Y,Y,BLQ,NG,WDS,,,,N,, , , , ,,,,,,
50129,Georgia-Pacific Cons Op LLC Port Hudson,10612,Georgia-Pacific Port Hudson,LA,East Baton Rouge,GEN1,OP,Wood/Wood Waste Biomass,ST,Industrial CHP,7,67.7,67.7,67.7,BLQ,NG,Y,Y,BLQ,NG,,,,,N,, , , , ,,,,,,
50129,Georgia-Pacific Cons Op LLC Port Hudson,10612,Georgia-Pacific Port Hudson,LA,East Baton Rouge,GEN2,OP,Petroleum Coke,ST,Industrial CHP,7,60.0,60,60,PC,WDS,Y,Y,PC,WDS,NG,,,,N,, , , , ,,,,,,
5232,Woodland Pulp LLC,10613,Domtar - Woodland Mill,ME,Washington,TG10,OP,Wood/Wood Waste Biomass,ST,Industrial CHP,7,23.0,26,26,BLQ,NG,Y,Y,BLQ,RFO,WDS,,,,N,, , , , ,,,,,,
5232,Woodland Pulp LLC,10613,Domtar - Woodland Mill,ME,Washington,TG11,OP,Wood/Wood Waste Biomass,ST,Industrial CHP,7,26.8,20,20,BLQ,NG,Y,Y,BLQ,RFO,WDS,,,,N,, , , , ,,,,,,
58338,Lakeside Beaver Falls LLC,10617,CH Resources Beaver Falls,NY,Lewis,GEN1,OP,Natural Gas Fired Combined Cycle,CT,IPP CHP,3,65.5,50.2,65.3,NG,DFO,Y,N,,,,,,,Y,Y,50.2,60.3,45,50,UNK,UNK,N,,,
58338,Lakeside Beaver Falls LLC,10617,CH Resources Beaver Falls,NY,Lewis,GEN2,OP,Natural Gas Fired Combined Cycle,CA,IPP CHP,3,42.3,31,33.3,NG,DFO,Y,N,,,,,,,Y,Y,31,33.3,25,30,UNK,UNK,N,,,
3085,Carthage Energy LLC,10620,Carthage Energy LLC,NY,Jefferson,GEN1,OP,Natural Gas Fired Combined Cycle,CT,IPP Non-CHP,2,40.9,38.2,44.7,NG,DFO,Y,Y,NG,DFO,,,,,Y,Y,40.03,45,40.03,45,1H,1H,Y,Y,Y,
58337,Lakeside Syracuse LLC,10621,CH Resources Syracuse,NY,Onondaga,GEN1,OP,Natural Gas Fired Combined Cycle,CT,IPP Non-CHP,2,65.5,52.2,61.3,NG,,N,N,,,,,,,Y,N,52.2,61.3,0,0,UNK,UNK,N,,,
58337,Lakeside Syracuse LLC,10621,CH Resources Syracuse,NY,Onondaga,GEN2,OP,Natural Gas Fired Combined Cycle,CA,IPP Non-CHP,2,37.2,32.2,35.8,NG,,N,N,,,,,,,Y,N,32.2,35.8,0,0,UNK,UNK,N,,,
55863,Evergreen Packaging Inc,10627,Pine Bluff Mill,AR,Jefferson,1TG1,OP,Wood/Wood Waste Biomass,ST,Industrial CHP,7,40.0,32,31,BLQ,PUR,N,Y,RFO,NG,TDF,WDS,BLQ,,N,, , , , ,,,,,,
55863,Evergreen Packaging Inc,10627,Pine Bluff Mill,AR,Jefferson,2TG1,OP,Wood/Wood Waste Biomass,ST,Industrial CHP,7,20.0,15,15,BLQ,PUR,N,Y,RFO,NG,TDF,WDS,BLQ,,N,, , , , ,,,,,,
55863,Evergreen Packaging Inc,10627,Pine Bluff Mill,AR,Jefferson,3TG1,OP,Wood/Wood Waste Biomass,ST,Industrial CHP,7,25.0,13,13,BLQ,PUR,N,Y,RFO,NG,TDF,WDS,BLQ,,N,, , , , ,,,,,,
19091,GDF Suez NA - Hopewell,10633,Hopewell Cogeneration,VA,Prince George,GT1,OP,Natural Gas Fired Combined Cycle,CT,IPP CHP,3,101.0,94.1,101,NG,DFO,Y,Y,NG,DFO,,,,,Y,Y,84.1,104,84.1,104,1H,1H,Y,Y,,
19091,GDF Suez NA - Hopewell,10633,Hopewell Cogeneration,VA,Prince George,GT2,OP,Natural Gas Fired Combined Cycle,CT,IPP CHP,3,101.0,94.1,101,NG,DFO,Y,Y,NG,DFO,,,,,Y,Y,84.1,104,84.1,104,1H,1H,Y,Y,,
19091,GDF Suez NA - Hopewell,10633,Hopewell Cogeneration,VA,Prince George,GT3,OP,Natural Gas Fired Combined Cycle,CT,IPP CHP,3,101.0,94.1,101,NG,DFO,Y,Y,NG,DFO,,,,,Y,Y,84.1,104,84.1,104,OVER,1H,Y,Y,,
2565,North American Energy Services,10652,Burney Forest Products,CA,Shasta,GEN1,OP,Wood/Wood Waste Biomass,ST,IPP CHP,3,31.0,31,31,WDS,NG,Y,Y,WDS,NG,,,,,N,, , , , ,,,,,,
21,AES Shady Point LLC,10671,AES Shady Point LLC,OK,Le Flore,GEN1,OP,Conventional Steam Coal,ST,IPP CHP,3,175.0,160,160,RC,SUB,Y,Y,SUB,BIT,TDF,,,,N,, , , , ,,,,,,
21,AES Shady Point LLC,10671,AES Shady Point LLC,OK,Le Flore,GEN2,OP,Conventional Steam Coal,ST,IPP CHP,3,175.0,160,160,RC,SUB,Y,Y,SUB,BIT,TDF,,,,N,, , , , ,,,,,,
177,AES Hawaii Inc,10673,AES Hawaii,HI,Honolulu,GEN1,OP,Conventional Steam Coal,ST,IPP CHP,3,203.0,180,180,BIT,SUB,Y,Y,SUB,TDF,WO,DFO,WC,OBS,N,, , , , ,,,,,,
49968,Searles Valley Minerals Operations Inc.,10684,Argus Cogen Plant,CA,San Bernardino,TG5,SB,Conventional Steam Coal,ST,Industrial CHP,7,7.5,7,7,RC,NG,Y,Y,BIT,NG,,,,,N,, , , , ,,,,,,
49968,Searles Valley Minerals Operations Inc.,10684,Argus Cogen Plant,CA,San Bernardino,TG8,OP,Conventional Steam Coal,ST,Industrial CHP,7,27.5,25,25,RC,NG,Y,Y,BIT,NG,,,,,N,, , , , ,,,,,,
49968,Searles Valley Minerals Operations Inc.,10684,Argus Cogen Plant,CA,San Bernardino,TG9,OP,Conventional Steam Coal,ST,Industrial CHP,7,27.5,25,25,RC,NG,Y,Y,BIT,NG,,,,,N,, , , , ,,,,,,
12647,"ALLETE, Inc.",10686,Rapids Energy Center,MN,Itasca,7,OP,Wood/Wood Waste Biomass,ST,Electric Utility,1,14.0,15.1,15.1,WDS,SUB,N,Y,WDS,SUB,,,,,N,, , , , ,,,,,,
11704,Maryland Environmental Service,10693,Eastern Correctional Institute,MD,Somerset,1147,OP,Wood/Wood Waste Biomass,ST,Commercial CHP,5,1.9,1.3,0.8,WDS,DFO,Y,Y,WDS,DFO,,,,,N,, , , , ,,,,,,Y
11704,Maryland Environmental Service,10693,Eastern Correctional Institute,MD,Somerset,1148,OP,Wood/Wood Waste Biomass,ST,Commercial CHP,5,1.9,1.3,0.8,WDS,DFO,Y,Y,WDS,DFO,,,,,N,, , , , ,,,,,,Y
7475,Graphic Packaging Corp,10698,Graphic Packaging,MI,Kalamazoo,GEN1,OS,Natural Gas Steam Turbine,ST,Industrial CHP,7,10.0,5,7,NG,RFO,Y,Y,NG,RFO,,,,,Y,Y,5,7,5,7,UNK,UNK,N,,,
7136,Georgia-Pacific Consr Prods LP-Naheola,10699,Georgia-Pacific Consr Prods LP-Naheola,AL,Choctaw,GEN1,OP,Wood/Wood Waste Biomass,ST,Industrial CHP,7,15.6,12.4,12.5,BLQ,NG,Y,Y,BLQ,BIT,DFO,NG,WDS,,Y,Y,12.4,12.5,12.4,12.5,6H,6H,N,,,
7136,Georgia-Pacific Consr Prods LP-Naheola,10699,Georgia-Pacific Consr Prods LP-Naheola,AL,Choctaw,GEN2,OP,Wood/Wood Waste Biomass,ST,Industrial CHP,7,15.6,12.4,12.5,BLQ,NG,Y,Y,BLQ,BIT,DFO,NG,WDS,,Y,Y,12.4,12.5,12.4,12.5,6H,6H,N,,,
7136,Georgia-Pacific Consr Prods LP-Naheola,10699,Georgia-Pacific Consr Prods LP-Naheola,AL,Choctaw,GT3,OP,Wood/Wood Waste Biomass,ST,Industrial CHP,7,47.2,37.4,37.7,BLQ,NG,Y,Y,BLQ,DFO,NG,,,,Y,Y,30,30.6,24.5,25,6H,6H,N,,,
56448,MFGR LLC,10700,Red Shield Envir Old Town Facility,ME,Penobscot,TG4,OS,Wood/Wood Waste Biomass,ST,Industrial CHP,7,12.5,7.5,12.5,BLQ,RFO,Y,Y,BLQ,RFO,NG,,,,Y,Y,7.5,3.86,7.5,5.17,1H,1H,N,,,
16909,Selkirk Cogen Partners LP,10725,Selkirk Cogen,NY,Albany,GEN1,OP,Natural Gas Fired Combined Cycle,CT,IPP CHP,3,95.2,78.2,104.3,NG,DFO,Y,Y,NG,DFO,,,,,Y,N,80.9,95,80.9,95,OVER,OVER,Y,Y,Y,
16909,Selkirk Cogen Partners LP,10725,Selkirk Cogen,NY,Albany,GEN3,OP,Natural Gas Fired Combined Cycle,CT,IPP CHP,3,95.2,277.3,325.9,NG,DFO,Y,Y,NG,DFO,,,,,Y,N,80.9,95,80.9,95,OVER,OVER,Y,Y,Y,
16909,Selkirk Cogen Partners LP,10725,Selkirk Cogen,NY,Albany,GEN4,OP,Natural Gas Fired Combined Cycle,CT,IPP CHP,3,95.2, , ,NG,DFO,Y,Y,NG,DFO,,,,,Y,N,80.9,95,80.9,95,OVER,OVER,Y,Y,Y,
50006,Invista,10795,Camden South Carolina,SC,Kershaw,GEN3,OP,Natural Gas Steam Turbine,ST,Industrial CHP,7,19.0,17.5,18,NG,DFO,Y,Y,BIT,NG,DFO,,,,Y,Y,18,18,11,2.5,1H,1H,N,,,
5530,E F Kenilworth LLC,10805,Kenilworth Energy Facility,NJ,Union,GEN1,OP,Natural Gas Fired Combined Cycle,CT,IPP CHP,3,22.0,20,22,NG,DFO,Y,N,,,,,,,Y,Y,20.2,21.5,20.2,21.5,1H,1H,Y,,Y,
5530,E F Kenilworth LLC,10805,Kenilworth Energy Facility,NJ,Union,GEN2,OP,Natural Gas Fired Combined Cycle,CA,IPP CHP,3,6.8,4.5,5.5,NG,DFO,Y,N,,,,,,,Y,Y,3.7,4.3,3.7,4.3,1H,1H,Y,,Y,
745,Applied Energy Inc,10810,NTC/MCRD Energy Facility,CA,San Diego,GEN1,OP,Natural Gas Fired Combined Cycle,CT,IPP CHP,3,23.0,21.6,22,NG,DFO,Y,N,,,,,,,Y,Y,21.6,22,21.6,22,1H,1H,N,,,
745,Applied Energy Inc,10811,Naval Station Energy Facility,CA,San Diego,GEN1,OP,Natural Gas Fired Combined Cycle,CT,IPP CHP,3,38.4,36.7,37.5,NG,,Y,N,,,,,,,Y,Y,36.7,37.5,36.7,37.5,1H,1H,N,,,
3836,CMS Generation Operating LLC,10822,Grayling Generating Station,MI,Crawford,GEN1,OP,Wood/Wood Waste Biomass,ST,IPP Non-CHP,2,38.0,38,38,WDS,TDF,Y,Y,WDS,TDF,,,,,N,, , , , ,,,,,,
11427,Massachusetts Wtr RAuth-Deer I,10823,Deer Island Treatment Plant,MA,Suffolk,S101,OP,Other Waste Biomass,ST,Commercial CHP,5,17.5,9,17.5,OBG,DFO,Y,Y,DFO,OBG,,,,,N,, , , , ,,,,,,
772,Archer Daniels Midland Co,10860,Archer Daniels Midland Clinton,IA,Clinton,1A,OP,Conventional Steam Coal,ST,Industrial CHP,7,75.0,75,75,SUB,OBS,Y,Y,SUB,BIT,WDS,TDF,OBS,PC,N,, , , , ,,,,,,
772,Archer Daniels Midland Co,10860,Archer Daniels Midland Clinton,IA,Clinton,2A,OP,Conventional Steam Coal,ST,Industrial CHP,7,105.0,105,105,SUB,OBS,Y,Y,SUB,BIT,WDS,TDF,OBS,PC,N,, , , , ,,,,,,
772,Archer Daniels Midland Co,10865,Archer Daniels Midland Decatur,IL,Macon,GEN2,OP,Conventional Steam Coal,ST,Industrial CHP,7,31.0,31,31,BIT,SUB,Y,Y,SUB,BIT,,,,,N,, , , , ,,,,,,
772,Archer Daniels Midland Co,10865,Archer Daniels Midland Decatur,IL,Macon,GEN3,OP,Conventional Steam Coal,ST,Industrial CHP,7,31.0,31,31,BIT,SUB,Y,Y,SUB,BIT,,,,,N,, , , , ,,,,,,
772,Archer Daniels Midland Co,10865,Archer Daniels Midland Decatur,IL,Macon,GEN4,OP,Conventional Steam Coal,ST,Industrial CHP,7,31.0,31,31,BIT,SUB,Y,Y,SUB,BIT,,,,,N,, , , , ,,,,,,
772,Archer Daniels Midland Co,10865,Archer Daniels Midland Decatur,IL,Macon,GEN5,OP,Conventional Steam Coal,ST,Industrial CHP,7,31.0,31,31,BIT,SUB,Y,Y,SUB,BIT,,,,,N,, , , , ,,,,,,
772,Archer Daniels Midland Co,10865,Archer Daniels Midland Decatur,IL,Macon,GEN6,OP,Conventional Steam Coal,ST,Industrial CHP,7,31.0,31,31,BIT,SUB,Y,Y,SUB,BIT,,,,,N,, , , , ,,,,,,
772,Archer Daniels Midland Co,10865,Archer Daniels Midland Decatur,IL,Macon,GEN7,OP,Conventional Steam Coal,ST,Industrial CHP,7,75.0,75,75,BIT,SUB,Y,Y,SUB,BIT,,,,,N,, , , , ,,,,,,
772,Archer Daniels Midland Co,10865,Archer Daniels Midland Decatur,IL,Macon,GEN8,OP,Conventional Steam Coal,ST,Industrial CHP,7,105.0,105,105,BIT,SUB,Y,Y,SUB,BIT,,,,,N,, , , , ,,,,,,
56214,Hazleton Generation LLC,10870,Hazelton,PA,Luzerne,GEN2,SB,Natural Gas Fired Combustion Turbine,GT,IPP Non-CHP,2,33.0,28.3,29.8,NG,DFO,Y,N,,,,,,,Y,Y,28.3,29.8,28.3,29.8,1H,1H,N,Y,,
56214,Hazleton Generation LLC,10870,Hazelton,PA,Luzerne,GEN3,SB,Natural Gas Fired Combustion Turbine,GT,IPP Non-CHP,2,33.0,29.3,31,NG,DFO,Y,N,,,,,,,Y,Y,29.3,31,29.3,31,1H,1H,N,Y,,
56214,Hazleton Generation LLC,10870,Hazelton,PA,Luzerne,GEN4,SB,Natural Gas Fired Combustion Turbine,GT,IPP Non-CHP,2,33.0,29.1,31.2,NG,DFO,Y,N,,,,,,,Y,Y,30,29.1,30,31.2,1H,1H,N,Y,,
12258,Medical Area Total Egy Plt Inc,10883,Medical Area Total Energy Plant,MA,Suffolk,CT1,OP,Natural Gas Fired Combustion Turbine,GT,Commercial CHP,5,12.5,12.5,12.5,NG,DFO,Y,N,,,,,,,Y,Y,11.5,11.6,10.5,10.6,1H,1H,N,,,
12258,Medical Area Total Egy Plt Inc,10883,Medical Area Total Energy Plant,MA,Suffolk,CT2,OP,Natural Gas Fired Combustion Turbine,GT,Commercial CHP,5,12.5,12.5,12.5,NG,DFO,Y,N,,,,,,,Y,Y,11.5,11.6,10.5,10.6,1H,1H,N,,,
11216,Los Angeles County,10884,Olive View Medical Center,CA,Los Angeles,CTC1,OP,Natural Gas Fired Combustion Turbine,GT,Commercial CHP,5,2.8,2.7,2.7,NG,DFO,Y,N,,,,,,,Y,Y,1.2,1.2,1,1,6H,1H,Y,,Y,
11216,Los Angeles County,10884,Olive View Medical Center,CA,Los Angeles,CTC2,OP,Natural Gas Fired Combustion Turbine,GT,Commercial CHP,5,2.8,2.7,2.7,NG,DFO,Y,N,,,,,,,Y,Y,1.2,1.2,1,1,6H,1H,Y,,Y,
15114,"Pittsfield Generating Company, LP",50002,Pittsfield Generating LP,MA,Berkshire,GEN1,OP,Natural Gas Fired Combined Cycle,CT,IPP CHP,3,40.7,35.2,43.3,NG,DFO,Y,Y,NG,DFO,,,,,Y,Y,35.19,43.34,33.8,43.34,1H,1H,Y,,Y,
15114,"Pittsfield Generating Company, LP",50002,Pittsfield Generating LP,MA,Berkshire,GEN2,OP,Natural Gas Fired Combined Cycle,CT,IPP CHP,3,40.7,35.2,43.3,NG,DFO,Y,Y,NG,DFO,,,,,Y,Y,35.19,43.34,35.19,43.34,1H,1H,Y,,Y,
15114,"Pittsfield Generating Company, LP",50002,Pittsfield Generating LP,MA,Berkshire,GEN3,OP,Natural Gas Fired Combined Cycle,CT,IPP CHP,3,40.7,35.2,43.3,NG,DFO,Y,Y,NG,DFO,,,,,Y,Y,35.19,43.34,35.19,43.34,1H,1H,Y,,Y,
3890,EFS Cogen Holdings I LLC,50006,Linden Cogen Plant,NJ,Union,GTG1,OP,Natural Gas Fired Combined Cycle,CT,IPP CHP,3,95.2,95.2,100,NG,WO,Y,N,,,,,,,Y,Y,94.62,100,94.5,100,6H,6H,Y,Y,Y,
3890,EFS Cogen Holdings I LLC,50006,Linden Cogen Plant,NJ,Union,GTG2,OP,Natural Gas Fired Combined Cycle,CT,IPP CHP,3,95.2,95.2,100,NG,WO,Y,N,,,,,,,Y,Y,94.62,100,94.5,100,6H,6H,Y,Y,Y,
3890,EFS Cogen Holdings I LLC,50006,Linden Cogen Plant,NJ,Union,GTG3,OP,Natural Gas Fired Combined Cycle,CT,IPP CHP,3,95.2,95.2,100,NG,WO,Y,N,,,,,,,Y,Y,94.62,100,94.5,100,6H,6H,Y,Y,Y,
3890,EFS Cogen Holdings I LLC,50006,Linden Cogen Plant,NJ,Union,GTG4,OP,Natural Gas Fired Combined Cycle,CT,IPP CHP,3,95.2,95.2,100,NG,WO,Y,N,,,,,,,Y,Y,94.62,100,94.5,100,6H,6H,Y,Y,Y,
3890,EFS Cogen Holdings I LLC,50006,Linden Cogen Plant,NJ,Union,GTG5,OP,Natural Gas Fired Combined Cycle,CT,IPP CHP,3,95.2,95.2,100,NG,WO,Y,N,,,,,,,Y,Y,94.62,100,94.5,100,6H,6H,Y,Y,Y,
3890,EFS Cogen Holdings I LLC,50006,Linden Cogen Plant,NJ,Union,GTG6,OP,Natural Gas Fired Combined Cycle,CT,IPP CHP,3,212.5,155.7,181.8,NG,DFO,Y,N,,,,,,,Y,Y,165.1,184.2,160.3,191.8,6H,6H,Y,Y,Y,
16064,Graphic Packaging International,50028,Plant 31 Paper Mill,LA,Ouachita,GEN5,OP,Wood/Wood Waste Biomass,ST,Industrial CHP,7,25.0,25,25,BLQ,NG,Y,Y,NG,WDS,BLQ,,,,N,, , , , ,,,,,,
16064,Graphic Packaging International,50028,Plant 31 Paper Mill,LA,Ouachita,GEN6,OP,Wood/Wood Waste Biomass,ST,Industrial CHP,7,20.0,20,20,BLQ,NG,Y,Y,NG,WDS,BLQ,,,,N,, , , , ,,,,,,
6036,ESOCO Orrington LLC,50051,Penobscot Energy Recovery,ME,Penobscot,GEN1,OP,Municipal Solid Waste,ST,Commercial Non-CHP,4,25.3,21.2,21.2,MSW,DFO,Y,Y,MSW,DFO,WDS,,,,N,, , , , ,,,,,,
17145,Sid Richardson Carbon Ltd,50067,Borger Plant,TX,Hutchinson,GEN1,OP,Other Gases,ST,Industrial CHP,7,37.5,27.5,27.5,BFG,NG,,Y,NG,BFG,,,,,N,, , , , ,,,,,,
23955,University of Massachusetts Medical,50087,Univ of Massachusetts Medical Center,MA,Worcester,GEN1,OP,Natural Gas Steam Turbine,ST,Commercial CHP,5,2.5,1.5,1.5,NG,RFO,N,N,,,,,,,Y,N,1.5,1.5,1.5,1.5,1H,1H,Y,,Y,
23955,University of Massachusetts Medical,50087,Univ of Massachusetts Medical Center,MA,Worcester,GEN2,OP,Natural Gas Steam Turbine,ST,Commercial CHP,5,2.5,1.5,1.5,NG,RFO,N,N,,,,,,,Y,N,1.5,1.5,1.5,1.5,1H,1H,Y,,Y,
23955,University of Massachusetts Medical,50087,Univ of Massachusetts Medical Center,MA,Worcester,GEN3,OP,Natural Gas Steam Turbine,ST,Commercial CHP,5,5.0,3,3,NG,RFO,N,N,,,,,,,Y,N,3,1.5,3,1.5,1H,1H,Y,,Y,
23955,University of Massachusetts Medical,50087,Univ of Massachusetts Medical Center,MA,Worcester,GEN4,OP,Natural Gas Fired Combustion Turbine,GT,Commercial CHP,5,7.5,6,7.5,NG,DFO,Y,N,,,,,,,Y,Y,6,6,6,6,1H,1H,N,Y,,
21223,University of Northern Iowa,50088,University of Northern Iowa,IA,Black Hawk,GEN1,OP,Conventional Steam Coal,ST,Commercial CHP,5,7.5,7.5,7.5,BIT,PC,Y,Y,BIT,PC,,,,,N,, , , , ,,,,,,
19148,Veolia Energy Trenton L.P,50094,Veolia Energy Trenton L.P.,NJ,Mercer,7214,OP,Natural Gas Internal Combustion Engine,IC,Commercial CHP,5,6.0,5.8,5.8,NG,DFO,Y,N,,,,,,,Y,Y,0.1,3,0.1,3,1H,1H,Y,,Y,
12307,WestRock (TX),50101,WestRock (TX),TX,Jasper,GEN1,OP,Wood/Wood Waste Biomass,ST,Industrial CHP,7,7.5,9.5,9.5,BLQ,WDS,Y,Y,BLQ,WDS,NG,,,,N,, , , , ,,,,,,
12307,WestRock (TX),50101,WestRock (TX),TX,Jasper,GEN2,OP,Wood/Wood Waste Biomass,ST,Industrial CHP,7,32.6,32,33,BLQ,WDS,Y,Y,BLQ,WDS,NG,,,,N,, , , , ,,,,,,
12307,WestRock (TX),50101,WestRock (TX),TX,Jasper,GEN3,OP,Wood/Wood Waste Biomass,ST,Industrial CHP,7,17.6,18,18,BLQ,WDS,Y,Y,BLQ,WDS,NG,,,,N,, , , , ,,,,,,
54700,Paris Generation LP,50109,Paris Energy Center,TX,Lamar,GEN1,OP,Natural Gas Fired Combined Cycle,CT,IPP Non-CHP,2,87.8,78,91,NG,DFO,Y,Y,NG,DFO,,,,,Y,Y,78,91,78,91,1H,1H,Y,Y,Y,
54700,Paris Generation LP,50109,Paris Energy Center,TX,Lamar,GEN2,OP,Natural Gas Fired Combined Cycle,CT,IPP Non-CHP,2,87.8,80,94,NG,DFO,Y,Y,NG,DFO,,,,,Y,Y,80,94,80,94,1H,1H,Y,Y,Y,
19537,University of Texas at Austin,50118,Hal C Weaver Power Plant,TX,Travis,GEN4,OP,Natural Gas Fired Combined Cycle,CA,Commercial CHP,5,7.6,7.6,7.6,NG,DFO,Y,N,,,,,,,Y,Y,7.6,6,7.6,0,1H,UNK,Y,Y,Y,
19537,University of Texas at Austin,50118,Hal C Weaver Power Plant,TX,Travis,GEN5,OP,Natural Gas Fired Combined Cycle,CA,Commercial CHP,5,6.0,6,6,NG,DFO,Y,N,,,,,,,Y,Y,6,6,6,0,6H,6H,Y,Y,Y,
19537,University of Texas at Austin,50118,Hal C Weaver Power Plant,TX,Travis,GEN7,OP,Natural Gas Fired Combined Cycle,CA,Commercial CHP,5,28.8,27.6,27.2,NG,DFO,Y,N,,,,,,,Y,Y,28.8,25,28.8,25,6H,6H,Y,Y,Y,
19537,University of Texas at Austin,50118,Hal C Weaver Power Plant,TX,Travis,GEN9,OP,Natural Gas Fired Combined Cycle,CA,Commercial CHP,5,27.2,26.1,25.7,NG,DFO,Y,N,,,,,,,Y,Y,25,25,25,25,6H,6H,Y,Y,Y,
4208,Phillips 66 Company,50119,Phillips 66 Rodeo Refinery,CA,Contra Costa,GENA,OP,Other Gases,GT,Industrial CHP,7,18.3,15.3,15.5,OG,NG,Y,Y,NG,OG,,,,,N,, , , , ,,,,,,
4208,Phillips 66 Company,50119,Phillips 66 Rodeo Refinery,CA,Contra Costa,GENB,OP,Other Gases,GT,Industrial CHP,7,18.3,15.4,16.6,OG,NG,Y,Y,NG,OG,,,,,N,, , , , ,,,,,,
4208,Phillips 66 Company,50119,Phillips 66 Rodeo Refinery,CA,Contra Costa,GENC,OP,Other Gases,GT,Industrial CHP,7,18.3,14.9,16.4,OG,NG,Y,Y,NG,OG,,,,,N,, , , , ,,,,,,
27131,Imperial Savannah LP,50146,Imperial Savannah LP,GA,Chatham,GENA,OP,Natural Gas Steam Turbine,ST,Industrial CHP,7,2.7,2.7,2.7,NG,BIT,Y,Y,BIT,NG,,,,,N,, , , , ,,,,,,
27131,Imperial Savannah LP,50146,Imperial Savannah LP,GA,Chatham,GENC,OP,Natural Gas Steam Turbine,ST,Industrial CHP,7,1.0,1,1,NG,BIT,Y,Y,BIT,NG,,,,,N,, , , , ,,,,,,
27131,Imperial Savannah LP,50146,Imperial Savannah LP,GA,Chatham,GEND,OP,Natural Gas Steam Turbine,ST,Industrial CHP,7,5.0,4.5,4.5,NG,BIT,Y,Y,BIT,NG,,,,,N,, , , , ,,,,,,
20492,International Paper Columbus Mill,50184,Columbus MS,MS,Lowndes,TG1,OP,Wood/Wood Waste Biomass,ST,Industrial CHP,7,64.0,64,64,BLQ,WDS,Y,Y,WDS,NG,DFO,BIT,,,N,, , , , ,,,,,,
20492,International Paper Columbus Mill,50184,Columbus MS,MS,Lowndes,TG2,OP,Wood/Wood Waste Biomass,ST,Industrial CHP,7,46.0,46,46,BLQ,WDS,Y,Y,WDS,NG,DFO,BIT,,,N,, , , , ,,,,,,
20492,International Paper Columbus Mill,50184,Columbus MS,MS,Lowndes,TG3,OP,Wood/Wood Waste Biomass,ST,Industrial CHP,7,14.6,14.6,14.6,BLQ,WDS,Y,Y,WDS,NG,DFO,BIT,,,N,, , , , ,,,,,,
20492,International Paper Columbus Mill,50184,Columbus MS,MS,Lowndes,TG4,SB,Wood/Wood Waste Biomass,ST,Industrial CHP,7,4.0,4,4,BLQ,WDS,Y,Y,WDS,NG,DFO,BIT,,,N,, , , , ,,,,,,
20547,Cosmo Specialty Fibers,50185,Cosmo Specialty Fibers Plant,WA,Grays Harbor,TG1,OP,Wood/Wood Waste Biomass,ST,Industrial CHP,7,7.5,8.5,9,WDL,WDS,Y,Y,WDL,WDS,RFO,WO,,,N,, , , , ,,,,,,
20547,Cosmo Specialty Fibers,50185,Cosmo Specialty Fibers Plant,WA,Grays Harbor,TG2,OP,Wood/Wood Waste Biomass,ST,Industrial CHP,7,7.5,8.5,9,WDL,WDS,Y,Y,WDL,WDS,RFO,WO,,,N,, , , , ,,,,,,
60561,Nippon Dynawave Packaging Co.,50187,Nippon Dynawave Packaging Longview WA,WA,Cowlitz,TG1,OP,Wood/Wood Waste Biomass,ST,Industrial CHP,7,8.0,7.4,7.5,BLQ,NG,Y,Y,BLQ,RFO,NG,,,,Y,Y,6.3,6.3,6.3,6.3,72H,6H,Y,Y,,
60561,Nippon Dynawave Packaging Co.,50187,Nippon Dynawave Packaging Longview WA,WA,Cowlitz,TG2,OP,Wood/Wood Waste Biomass,ST,Industrial CHP,7,5.0,4.7,4.7,BLQ,NG,Y,Y,BLQ,RFO,NG,,,,Y,Y,4.7,4.7,4.7,4.7,72H,6H,Y,Y,,
60561,Nippon Dynawave Packaging Co.,50187,Nippon Dynawave Packaging Longview WA,WA,Cowlitz,TG4,OP,Wood/Wood Waste Biomass,ST,Industrial CHP,7,18.0,16.7,16.9,BLQ,NG,Y,Y,BLQ,RFO,NG,,,,Y,Y,16.7,16.9,16.7,16.9,72H,6H,Y,Y,,
60561,Nippon Dynawave Packaging Co.,50187,Nippon Dynawave Packaging Longview WA,WA,Cowlitz,TG5,OP,Wood/Wood Waste Biomass,ST,Industrial CHP,7,31.4,29.2,29.5,WDS,SUB,Y,Y,WDS,SUB,DFO,SLW,,,N,, , , , ,,,,,,
20511,International Paper Co. - New Bern Mill,50188,International Paper Co. - New Bern Mill,NC,Craven,TG2,OP,Wood/Wood Waste Biomass,ST,Industrial CHP,7,38.1,29,33,BLQ,NG,Y,Y,BLQ,NG,DFO,RFO,OBG,,Y,Y,24,24,10,10,OVER,72H,Y,Y,Y,
55903,Domtar Paper Company LLC,50189,Domtar Paper Co LLC Plymouth NC,NC,Martin,TG10,OP,Wood/Wood Waste Biomass,ST,Industrial CHP,7,72.0,74,74,WDS,NG,Y,Y,WDS,RFO,SLW,NG,DFO,,Y,Y,43.94,43.94,38.77,38.77,UNK,UNK,Y,Y,Y,
55903,Domtar Paper Company LLC,50189,Domtar Paper Co LLC Plymouth NC,NC,Martin,TG7,OS,Wood/Wood Waste Biomass,ST,Industrial CHP,7,7.5,7.5,7.5,BLQ,WDS,Y,Y,DFO,BLQ,RFO,WDS,NG,,N,, , , , ,,,,,,
55903,Domtar Paper Company LLC,50189,Domtar Paper Co LLC Plymouth NC,NC,Martin,TG9,OP,Wood/Wood Waste Biomass,ST,Industrial CHP,7,42.0,40.8,40.8,BLQ,DFO,Y,Y,BLQ,DFO,WDS,RFO,NG,,N,, , , , ,,,,,,
56289,International Paper Corporation,50191,IP Springfield Oregon,OR,Lane,TG1,OS,Wood/Wood Waste Biomass,ST,Industrial CHP,7,7.5,7.5,7.5,BLQ,NG,Y,Y,BLQ,NG,DFO,,,,Y,Y,7.5,7.5,7.5,7.5,UNK,UNK,Y,,Y,
56289,International Paper Corporation,50191,IP Springfield Oregon,OR,Lane,TG2,OS,Wood/Wood Waste Biomass,ST,Industrial CHP,7,5.0,5,5,BLQ,NG,Y,Y,BLQ,NG,DFO,,,,Y,Y,5,5,5,5,UNK,UNK,Y,,Y,
56289,International Paper Corporation,50191,IP Springfield Oregon,OR,Lane,TG3,OS,Wood/Wood Waste Biomass,ST,Industrial CHP,7,12.5,12.5,12.5,BLQ,NG,Y,Y,BLQ,NG,DFO,,,,Y,Y,12.5,12.5,12.5,12.5,UNK,UNK,Y,,Y,
56289,International Paper Corporation,50191,IP Springfield Oregon,OR,Lane,TG4,OP,Wood/Wood Waste Biomass,ST,Industrial CHP,7,40.0,33,33,BLQ,NG,Y,Y,BLQ,NG,,,,,N,N,20, ,12, ,,,,,,
56164,International Paper - Valliant,50192,International Paper Valliant OK,OK,McCurtain,TG1,OP,Wood/Wood Waste Biomass,ST,Industrial CHP,7,68.0,57.8,57.8,BLQ,NG,Y,Y,BLQ,NG,WDS,RFO,,,Y,Y,25,25,17.5,17.5,UNK,UNK,Y,,Y,
867,ARCO Products Co-Watson,50216,Watson Cogeneration,CA,Los Angeles,GN91,OP,Natural Gas Fired Combined Cycle,CT,Industrial CHP,7,82.0,82,82,NG,OG,Y,Y,NG,OG,WO,,,,Y,Y,82,82,82,82,1H,1H,Y,Y,Y,
867,ARCO Products Co-Watson,50216,Watson Cogeneration,CA,Los Angeles,GN92,OP,Natural Gas Fired Combined Cycle,CT,Industrial CHP,7,82.0,82,82,NG,OG,Y,Y,NG,OG,WO,,,,Y,Y,82,82,82,82,1H,1H,Y,Y,Y,
867,ARCO Products Co-Watson,50216,Watson Cogeneration,CA,Los Angeles,GN93,OP,Natural Gas Fired Combined Cycle,CT,Industrial CHP,7,82.0,82,82,NG,OG,Y,Y,NG,OG,WO,,,,Y,Y,82,82,82,82,1H,1H,Y,Y,Y,
867,ARCO Products Co-Watson,50216,Watson Cogeneration,CA,Los Angeles,GN94,OP,Natural Gas Fired Combined Cycle,CT,Industrial CHP,7,82.0,82,82,NG,OG,Y,Y,NG,OG,WO,,,,Y,Y,82,82,82,82,1H,1H,Y,Y,Y,
22045,Oxnard City of,50224,Oxnard Wastewater Treatment Plant,CA,Ventura,7610,OP,Other Waste Biomass,IC,Commercial CHP,5,0.5,0.4,0.4,OBG,NG,Y,Y,OBG,NG,,,,,N,, , , , ,,,,,,
22045,Oxnard City of,50224,Oxnard Wastewater Treatment Plant,CA,Ventura,7710,OP,Other Waste Biomass,IC,Commercial CHP,5,0.5,0.4,0.4,OBG,NG,Y,Y,OBG,NG,,,,,N,, , , , ,,,,,,
22045,Oxnard City of,50224,Oxnard Wastewater Treatment Plant,CA,Ventura,7810,OP,Other Waste Biomass,IC,Commercial CHP,5,0.5,0.4,0.4,OBG,NG,Y,Y,OBG,NG,,,,,N,, , , , ,,,,,,
15526,Purdue University,50240,Purdue University,IN,Tippecanoe,GEN1,OP,Natural Gas Steam Turbine,ST,Commercial CHP,5,30.8,30.8,30.8,NG,BIT,Y,Y,BIT,NG,,,,,N,, , , , ,,,,,,
15526,Purdue University,50240,Purdue University,IN,Tippecanoe,GEN2,OP,Natural Gas Steam Turbine,ST,Commercial CHP,5,10.6,7,10.6,NG,BIT,Y,Y,BIT,NG,,,,,N,, , , , ,,,,,,
27378,Tenet Hospital Ltd,50241,Providence Memorial Hospital,TX,El Paso,9541,SB,Natural Gas Internal Combustion Engine,IC,Commercial CHP,5,2.1,2.1,2.1,NG,DFO,Y,N,,,,,,,Y,N,1.75,1.75,2.1,2.1,1H,6H,N,,,
27378,Tenet Hospital Ltd,50241,Providence Memorial Hospital,TX,El Paso,9542,SB,Natural Gas Internal Combustion Engine,IC,Commercial CHP,5,2.1,2.1,2.1,NG,DFO,Y,N,,,,,,,Y,N,1.75,1.75,2.1,2.1,1H,6H,N,,,
9303,Bucksport Generation LLC,50243,Bucksport Generation LLC,ME,Hancock,GEN2,OP,Wood/Wood Waste Biomass,ST,IPP CHP,3,15.6,21, ,WDS,NG,N,Y,WDS,SLW,NG,,,,,, , , , ,,,,,,
9303,Bucksport Generation LLC,50243,Bucksport Generation LLC,ME,Hancock,GEN3,OP,Wood/Wood Waste Biomass,ST,IPP CHP,3,72.0,72,72,WDS,NG,Y,Y,WDS,SLW,NG,,,,N,, , , , ,,,,,,
9303,Bucksport Generation LLC,50243,Bucksport Generation LLC,ME,Hancock,GEN4,OP,Natural Gas Fired Combustion Turbine,GT,IPP CHP,3,186.8,156.8,183.1,NG,DFO,Y,N,,,,,,,Y,Y,169,180,178,183,6H,24H,Y,,Y,Y
9303,Bucksport Generation LLC,50243,Bucksport Generation LLC,ME,Hancock,GEN5,OP,Wood/Wood Waste Biomass,ST,IPP CHP,3,24.0,24,24,WDS,NG,Y,Y,NG,WDS,SLW,,,,N,Y,24,24, , ,,,,,,
56187,Verso Paper - Quinnesec,50251,Verso Paper Quinnesec Mich Mill,MI,Dickinson,GEN1,OP,Wood/Wood Waste Biomass,ST,Industrial CHP,7,28.0,28,28,BLQ,WDS,Y,Y,BLQ,NG,WDS,BIT,,,N,, , , , ,,,,,,
56187,Verso Paper - Quinnesec,50251,Verso Paper Quinnesec Mich Mill,MI,Dickinson,GEN2,OP,Wood/Wood Waste Biomass,ST,Industrial CHP,7,28.0,31,31,WDS,NG,Y,Y,BLQ,NG,WDS,BIT,,,N,, , , , ,,,,,,
55771,KapStone Kraft Paper Corp,50254,KapStone Kraft Paper Corp,NC,Halifax,GEN1,OP,Wood/Wood Waste Biomass,ST,Industrial CHP,7,28.3,30,30,BLQ,BIT,Y,Y,WDS,RFO,NG,,,,Y,Y,8,8,8,8,1H,1H,Y,Y,,
14465,Park 500 Philip Morris USA,50275,Park 500 Philip Morris USA,VA,Chesterfield,TG3,OP,Natural Gas Steam Turbine,ST,Industrial CHP,7,13.0,10.5,11.5,NG,DFO,Y,N,NG,DFO,,,,,Y,Y,10.5,11.5,10.5,11.5,6H,6H,N,,,
22174,PEI Power Corp,50279,Archbald Power Station,PA,Lackawanna,GEN1,OP,Landfill Gas,ST,IPP Non-CHP,2,23.2,20,20,LFG,NG,Y,Y,OG,NG,,,,,N,, , , , ,,,,,,
50097,Verso Luke LLC,50282,Luke Mill,MD,Allegany,GEN1,OP,Conventional Steam Coal,ST,Industrial CHP,7,35.0,32,26,BIT,BLQ,Y,Y,BIT,BLQ,RFO,DFO,NG,,N,, , , , ,,,,,,
50097,Verso Luke LLC,50282,Luke Mill,MD,Allegany,GEN2,OP,Conventional Steam Coal,ST,Industrial CHP,7,30.0,28,24,BIT,BLQ,Y,Y,BIT,BLQ,NG,DFO,RFO,,Y,N,20,20,20,20,UNK,UNK,N,,,
40430,Lafarge Corp,50305,LaFarge Alpena,MI,Alpena,GE10,OP,Petroleum Coke,ST,Industrial CHP,7,3.2,3.2,3.2,PC,SUB,Y,Y,PC,SUB,OTH,OBL,WDS,OTH,N,, , , , ,,,,,,
40430,Lafarge Corp,50305,LaFarge Alpena,MI,Alpena,GEN6,OP,Petroleum Coke,ST,Industrial CHP,7,12.0,12,12,PC,SUB,Y,Y,PC,SUB,OTH,OBL,WDS,OTH,N,, , , , ,,,,,,
40430,Lafarge Corp,50305,LaFarge Alpena,MI,Alpena,GEN7,OP,Petroleum Coke,ST,Industrial CHP,7,10.0,10,10,PC,SUB,Y,Y,PC,SUB,OTH,OBL,WDS,OTH,N,, , , , ,,,,,,
40430,Lafarge Corp,50305,LaFarge Alpena,MI,Alpena,GEN8,OP,Petroleum Coke,ST,Industrial CHP,7,11.0,11,11,PC,SUB,Y,Y,PC,SUB,OTH,OBL,WDS,OTH,N,, , , , ,,,,,,
40430,Lafarge Corp,50305,LaFarge Alpena,MI,Alpena,GEN9,OP,Petroleum Coke,ST,Industrial CHP,7,11.0,11,11,PC,SUB,Y,Y,PC,SUB,OTH,OBL,WDS,OTH,N,, , , , ,,,,,,
19564,University of Notre Dame,50366,University of Notre Dame,IN,St Joseph,GEN1,OP,Natural Gas Steam Turbine,ST,Commercial CHP,5,3.0,3,3,NG,BIT,Y,Y,BIT,NG,DFO,,,,Y,Y,3,3,3,3,1H,1H,Y,Y,,Y
19564,University of Notre Dame,50366,University of Notre Dame,IN,St Joseph,GEN2,OP,Natural Gas Steam Turbine,ST,Commercial CHP,5,1.7,1.7,1.7,NG,BIT,Y,Y,BIT,NG,DFO,,,,Y,Y,1.7,1.7,1.7,1.7,1H,1H,Y,Y,,Y
19564,University of Notre Dame,50366,University of Notre Dame,IN,St Joseph,GEN5,OP,Conventional Steam Coal,ST,Commercial CHP,5,2.0,2,2,BIT,NG,Y,Y,BIT,NG,DFO,,,,Y,Y,2,2,2,2,1H,1H,N,,,
19564,University of Notre Dame,50366,University of Notre Dame,IN,St Joseph,GEN6,OP,Conventional Steam Coal,ST,Commercial CHP,5,5.0,5,5,BIT,NG,Y,Y,BIT,NG,DFO,,,,Y,Y,5,5,5,5,1H,1H,N,,,
19564,University of Notre Dame,50366,University of Notre Dame,IN,St Joseph,GEN7,OP,Conventional Steam Coal,ST,Commercial CHP,5,9.4,9.4,9.4,BIT,NG,Y,Y,BIT,NG,DFO,,,,Y,Y,9.4,9.4,9.4,9.4,1H,1H,N,,,
21508,Cornell University,50368,Cornell University Central Heat,NY,Tompkins,CT1,OP,Natural Gas Fired Combined Cycle,CT,Commercial CHP,5,15.0,12.3,14.5,NG,DFO,Y,N,NG,DFO,,,,,Y,Y,12.3,14.5,12.3,14.5,1H,1H,Y,,Y,
21508,Cornell University,50368,Cornell University Central Heat,NY,Tompkins,CT2,OP,Natural Gas Fired Combined Cycle,CT,Commercial CHP,5,15.0,12.3,14.5,NG,DFO,Y,N,NG,DFO,,,,,Y,Y,12.3,14.5,12.3,14.5,1H,1H,Y,,Y,
13875,NRG Energy Center Paxton LLC,50373,Paxton Creek Cogeneration,PA,Dauphin,GEN1,SB,Natural Gas Internal Combustion Engine,IC,IPP CHP,3,6.3,6,6,NG,DFO,Y,Y,NG,DFO,,,,,Y,Y,6,6,6,6,1H,1H,Y,Y,,
13875,NRG Energy Center Paxton LLC,50373,Paxton Creek Cogeneration,PA,Dauphin,GEN2,SB,Natural Gas Internal Combustion Engine,IC,IPP CHP,3,6.3,6,6,NG,DFO,Y,Y,NG,DFO,,,,,Y,Y,6,6,6,6,1H,1H,Y,Y,,
16294,Roseburg Forest Products Co,50396,Dillard Complex,OR,Douglas,GEN1,OP,Wood/Wood Waste Biomass,ST,Industrial CHP,7,5.0,5,5,WDS,NG,Y,Y,WDS,NG,,,,,N,, , , , ,,,,,,
16294,Roseburg Forest Products Co,50396,Dillard Complex,OR,Douglas,GEN2,OP,Wood/Wood Waste Biomass,ST,Industrial CHP,7,5.0,5,5,WDS,NG,Y,Y,WDS,NG,,,,,N,, , , , ,,,,,,
16294,Roseburg Forest Products Co,50396,Dillard Complex,OR,Douglas,GEN3,OP,Wood/Wood Waste Biomass,ST,Industrial CHP,7,7.0,7,7,WDS,NG,Y,Y,WDS,NG,,,,,N,, , , , ,,,,,,
16294,Roseburg Forest Products Co,50396,Dillard Complex,OR,Douglas,GEN4,OP,Wood/Wood Waste Biomass,ST,Industrial CHP,7,11.5,11.5,11.5,WDS,NG,Y,Y,WDS,NG,,,,,N,, , , , ,,,,,,
16294,Roseburg Forest Products Co,50396,Dillard Complex,OR,Douglas,GEN5,OP,Wood/Wood Waste Biomass,ST,Industrial CHP,7,11.5,11.5,11.5,WDS,NG,Y,Y,WDS,NG,,,,,N,, , , , ,,,,,,
16294,Roseburg Forest Products Co,50396,Dillard Complex,OR,Douglas,GEN6,OS,Wood/Wood Waste Biomass,ST,Industrial CHP,7,11.5,11.5,11.5,WDS,NG,Y,Y,WDS,NG,,,,,N,, , , , ,,,,,,
14310,P H Glatfelter Co,50397,P H Glatfelter,PA,York,GEN1,OP,Conventional Steam Coal,ST,Industrial CHP,7,6.0,5,5,BIT,RFO,N,Y,BIT,DFO,RFO,,,,N,, , , , ,,,,,,
14310,P H Glatfelter Co,50397,P H Glatfelter,PA,York,GEN2,OS,Conventional Steam Coal,ST,Industrial CHP,7,5.9,4,3.9,BIT,RFO,N,Y,BIT,DFO,RFO,,,,N,, , , , ,,,,,,
14310,P H Glatfelter Co,50397,P H Glatfelter,PA,York,GEN3,OP,Conventional Steam Coal,ST,Industrial CHP,7,5.1,4,4.3,BIT,RFO,N,Y,BIT,DFO,RFO,,,,N,, , , , ,,,,,,
14310,P H Glatfelter Co,50397,P H Glatfelter,PA,York,GEN4,OP,Conventional Steam Coal,ST,Industrial CHP,7,7.5,8.7,8,BIT,BLQ,N,Y,BIT,DFO,RFO,,,,N,, , , , ,,,,,,
14310,P H Glatfelter Co,50397,P H Glatfelter,PA,York,GEN5,OP,Conventional Steam Coal,ST,Industrial CHP,7,45.9,36.1,33.1,BIT,WDS,N,Y,BIT,WDS,SLW,DFO,,,N,, , , , ,,,,,,
14310,P H Glatfelter Co,50397,P H Glatfelter,PA,York,GEN6,OP,Wood/Wood Waste Biomass,ST,Industrial CHP,7,39.1,31.2,28.8,BLQ,BIT,N,Y,BLQ,DFO,RFO,,,,N,, , , , ,,,,,,
30002,International Paper Co,50398,International Paper Savanna Mill,GA,Chatham,GE10,OP,Wood/Wood Waste Biomass,ST,Industrial CHP,7,82.8,82.7,82.8,BLQ,NG,N,Y,BLQ,NG,,,,,N,N, , , , ,,,,,,
30002,International Paper Co,50398,International Paper Savanna Mill,GA,Chatham,GEN9,OP,Natural Gas Steam Turbine,ST,Industrial CHP,7,71.2,71.2,71.2,NG,WDS,N,Y,BLQ,NG,,,,,N,, , , , ,,,,,,
16190,Sappi Fine Paper North America-Somerset,50406,Somerset Plant,ME,Somerset,GEN1,OP,Wood/Wood Waste Biomass,ST,Industrial CHP,7,45.9,48.8,48.8,BLQ,WDS,Y,Y,BLQ,WDS,RFO,TDF,SLW,NG,Y,Y,50,50,50,50,6H,6H,Y,,,Y
16190,Sappi Fine Paper North America-Somerset,50406,Somerset Plant,ME,Somerset,GEN2,OP,Wood/Wood Waste Biomass,ST,Industrial CHP,7,61.2,51,51,BLQ,NG,Y,Y,BLQ,WDS,RFO,TDF,SLW,NG,Y,Y,65,65,65,65,6H,6H,Y,,,Y
34672,DTE Energy Services,50407,Mobile Energy Services LLC,AL,Mobile,GEN5,OP,Wood/Wood Waste Biomass,ST,IPP CHP,3,61.0,56.1,55.6,WDS,NG,N,Y,WDS,BIT,NG,,,,N,, , , , ,,,,,,
34672,DTE Energy Services,50407,Mobile Energy Services LLC,AL,Mobile,GEN6,OS,Wood/Wood Waste Biomass,ST,IPP CHP,3,35.7,33.2,33.6,WDS,NG,N,Y,WDS,BIT,NG,,,,N,, , , , ,,,,,,
10273,Kimberly-Clark Corp,50410,Chester Operations,PA,Delaware,5,OP,Petroleum Coke,ST,Industrial CHP,7,67.0,67,67,PC,WC,Y,Y,WC,PC,NG,,,,N,, , , , ,,,,,,
58485,"Rutgers, The State University of NJ",50411,Rutgers Biomedical and Health Cogen,NJ,Essex,GEN1,OP,Natural Gas Fired Combustion Turbine,GT,Commercial CHP,5,3.5,3.4,3.7,NG,DFO,Y,N,,,,,,,Y,Y,3.4,3.5,3.4,3.5,6H,6H,N,,,
58485,"Rutgers, The State University of NJ",50411,Rutgers Biomedical and Health Cogen,NJ,Essex,GEN2,OP,Natural Gas Fired Combustion Turbine,GT,Commercial CHP,5,3.5,3.4,3.7,NG,DFO,Y,N,,,,,,,Y,Y,3.4,3.5,3.4,3.5,6H,6H,N,,,
58485,"Rutgers, The State University of NJ",50411,Rutgers Biomedical and Health Cogen,NJ,Essex,GEN3,OP,Natural Gas Fired Combustion Turbine,GT,Commercial CHP,5,3.5,3.4,3.7,NG,DFO,Y,N,,,,,,,Y,Y,3.4,3.5,3.4,3.5,6H,6H,N,,,
19588,University of Michigan,50431,University of Michigan,MI,Washtenaw,TG1,OP,Natural Gas Fired Combined Cycle,CA,Commercial CHP,5,12.5,11.5,11.5,NG,DFO,Y,N,,,,,,,Y,N,11.47,11.47,11.47,11.47,24H,UNK,Y,Y,Y,
19588,University of Michigan,50431,University of Michigan,MI,Washtenaw,TG10,OP,Natural Gas Fired Combined Cycle,CT,Commercial CHP,5,3.5,5,5,NG,DFO,Y,N,,,,,,,Y,Y,3,3,3,3,24H,UNK,Y,Y,Y,
19588,University of Michigan,50431,University of Michigan,MI,Washtenaw,TG7,OP,Natural Gas Fired Combined Cycle,CA,Commercial CHP,5,12.5,11.5,11.5,NG,DFO,Y,N,,,,,,,Y,N,11.47,11.47,11.47,11.47,24H,UNK,Y,Y,Y,
19588,University of Michigan,50431,University of Michigan,MI,Washtenaw,TG8,OP,Natural Gas Fired Combined Cycle,CA,Commercial CHP,5,12.5,11.5,11.5,NG,DFO,Y,N,,,,,,,Y,N,11.47,11.47,11.47,11.47,24H,UNK,Y,Y,Y,
16721,S D Warren Co.- Westbrook,50447,S D Warren Westbrook,ME,Cumberland,GEN9,OP,Wood/Wood Waste Biomass,ST,Industrial CHP,7,47.5,40.5,47.5,WDS,BIT,Y,Y,WDS,BIT,RFO,DFO,,,N,, , , , ,,,,,,
16721,S D Warren Co.- Westbrook,50447,S D Warren Westbrook,ME,Cumberland,GN10,OP,Wood/Wood Waste Biomass,ST,Industrial CHP,7,15.0,15.8,15.8,WDS,BIT,Y,Y,WDS,BIT,RFO,DFO,,,N,, , , , ,,,,,,
9245,Indeck-Energy Serv Silver Spg,50449,Indeck Silver Springs Energy Center,NY,Wyoming,GEN1,OP,Natural Gas Fired Combined Cycle,CT,IPP CHP,3,39.4,50.7,62.4,NG,DFO,Y,Y,NG,DFO,,,,,Y,Y,33.5,45.2,33.5,45.2,1H,1H,Y,Y,Y,
9245,Indeck-Energy Serv Silver Spg,50449,Indeck Silver Springs Energy Center,NY,Wyoming,GEN2,OP,Natural Gas Fired Combined Cycle,CA,IPP CHP,3,17.2, , ,NG,DFO,Y,N,,,,,,,Y,Y,17.2,17.2,17.2,17.2,1H,1H,Y,Y,Y,
9244,Indeck-Oswego Ltd Partnership,50450,Indeck Oswego Energy Center,NY,Oswego,GEN1,OP,Natural Gas Fired Combined Cycle,CT,IPP CHP,3,41.2,49.5,59,NG,DFO,Y,Y,NG,DFO,,,,,Y,Y,47.9,61.3,47.9,61.3,1H,1H,Y,Y,Y,
9243,Indeck-Yerkes Ltd Partnership,50451,Indeck Yerkes Energy Center,NY,Erie,GEN1,OP,Natural Gas Fired Combined Cycle,CT,IPP CHP,3,40.6,48,57.4,NG,DFO,Y,Y,NG,DFO,,,,,Y,Y,29,38,29,38,1H,1H,Y,Y,Y,
15400,Procter & Gamble Co,50456,Procter & Gamble Cincinnati Plant,OH,Hamilton,GEN1,OP,Natural Gas Steam Turbine,ST,Industrial CHP,7,12.5,11.7,11.8,NG,BIT,N,Y,NG,BIT,,,,,N,, , , , ,,,,,,
9263,Indeck-Corinth Ltd Partnership,50458,Indeck Corinth Energy Center,NY,Saratoga,GEN1,OP,Natural Gas Fired Combined Cycle,CT,IPP CHP,3,92.0,75.4,93.1,NG,DFO,Y,N,,,,,,,Y,Y,75.73,93.14,75.73,93.14,6H,6H,Y,Y,Y,
20542,Weyerhaeuser Co,50465,Flint River Operations,GA,Macon,GEN1,OP,Wood/Wood Waste Biomass,ST,Industrial CHP,7,46.6,46.6,46.6,BLQ,WDS,N,Y,BLQ,DFO,WDS,NG,,,N,N, , , , ,,,,,,
20542,Weyerhaeuser Co,50465,Flint River Operations,GA,Macon,GEN2,OP,Wood/Wood Waste Biomass,ST,Industrial CHP,7,38.5,30.5,30.5,WDS,NG,N,Y,WDS,NG,BLQ,DFO,,,N,N, , , , ,,,,,,
470,Covanta Energy of Niagara LP,50472,"Covanta Niagara I, LLC",NY,Niagara,GEN1,OP,Municipal Solid Waste,ST,IPP CHP,3,25.0,18,18,MSW,NG,Y,Y,NG,MSW,WDS,OTH,,,N,, , , , ,,,,,,
470,Covanta Energy of Niagara LP,50472,"Covanta Niagara I, LLC",NY,Niagara,GEN2,OP,Municipal Solid Waste,ST,IPP CHP,3,25.0,18,18,MSW,NG,Y,Y,NG,MSW,WDS,OTH,,,N,, , , , ,,,,,,
20558,White Springs Agrici Chem Inc,50474,Swift Creek Chemical Complex,FL,Hamilton,SCC,OP,All Other,ST,Industrial CHP,7,21.0,15.9,15.9,OTH,NG,Y,N,,,,,,,Y,N,15.9,15.9,15.9,15.9,6H,6H,N,,,
14369,PCA-Tomahawk Mill,50476,Packaging of America Tomahawk Mill,WI,Lincoln,GEN1,OP,Natural Gas Steam Turbine,ST,Industrial CHP,7,6.3,5.4,5.8,NG,WDS,Y,Y,BIT,WDS,NG,BLQ,OBS,DFO,N,, , , , ,,,,,,
14369,PCA-Tomahawk Mill,50476,Packaging of America Tomahawk Mill,WI,Lincoln,GEN2,OP,Natural Gas Steam Turbine,ST,Industrial CHP,7,9.4,8.2,8.9,NG,WDS,Y,Y,BIT,WDS,NG,BLQ,OBS,DFO,N,, , , , ,,,,,,
7167,GP Big Island LLC,50479,Georgia-Pacific Big Island,VA,Bedford,GEN1,OP,Wood/Wood Waste Biomass,ST,Industrial CHP,7,7.5,6.5,7,WDS,NG,Y,Y,WDS,OBS,NG,,,,N,, , , , ,,,,,,
19365,United States Sugar Corp,50482,Clewiston Sugar House,FL,Hendry,TG5,OS,Other Waste Biomass,ST,Industrial CHP,7,21.6,11,11,AB,DFO,Y,Y,AB,DFO,,,,,N,, , , , ,,,,,,
19365,United States Sugar Corp,50482,Clewiston Sugar House,FL,Hendry,TG6,OP,Other Waste Biomass,ST,Industrial CHP,7,15.0,14,14.1,AB,DFO,Y,Y,AB,DFO,,,,,N,, , , , ,,,,,,
19365,United States Sugar Corp,50482,Clewiston Sugar House,FL,Hendry,TG7,OP,Other Waste Biomass,ST,Industrial CHP,7,20.0,18.6,18.6,AB,DFO,Y,Y,AB,DFO,,,,,N,, , , , ,,,,,,
19365,United States Sugar Corp,50482,Clewiston Sugar House,FL,Hendry,TG8,OP,Other Waste Biomass,ST,Industrial CHP,7,14.0,12,12,AB,DFO,Y,Y,AB,DFO,,,,,N,, , , , ,,,,,,
50168,Maxim Power (USA) Inc,50498,Capital District Energy Center,CT,Hartford,GTG,SB,Natural Gas Fired Combined Cycle,CT,IPP CHP,3,44.1,31.9,34.9,NG,DFO,Y,N,NG,DFO,,,,,Y,Y,32,41,32,41,1H,1H,Y,,Y,
55985,Tesoro Refining and Marketing Company,50530,Equilon Los Angeles Refining,CA,Los Angeles,GEN1,OP,Other Gases,GT,Industrial CHP,7,30.0,25,25,OG,NG,Y,Y,OG,NG,,,,,N,, , , , ,,,,,,
55985,Tesoro Refining and Marketing Company,50530,Equilon Los Angeles Refining,CA,Los Angeles,GEN2,OP,Other Gases,GT,Industrial CHP,7,30.0,25,25,OG,NG,Y,Y,OG,NG,,,,,N,, , , , ,,,,,,
26840,Port Townsend Paper Co,50544,Port Townsend Paper,WA,Jefferson,GEN6,OP,Wood/Wood Waste Biomass,ST,Industrial CHP,7,7.5,7.5,7.5,BLQ,WDS,Y,Y,BLQ,WDS,NG,WO,,,N,N, , , , ,,,,,,
19876,Virginia Electric & Power Co,50555,Rosemary Power Station,NC,Halifax,GEN1,OP,Natural Gas Fired Combined Cycle,CT,Electric Utility,1,86.0,75,88,NG,DFO,Y,Y,NG,DFO,,,,,Y,Y,75,88,75,88,1H,1H,Y,Y,Y,
19876,Virginia Electric & Power Co,50555,Rosemary Power Station,NC,Halifax,GEN2,OP,Natural Gas Fired Combined Cycle,CT,Electric Utility,1,40.0,36,44,NG,DFO,Y,Y,NG,DFO,,,,,Y,Y,36,44,36,44,1H,1H,Y,Y,Y,
13008,Expera Mosinee LLC,50614,Expera Specialty Solutions - Mosinee Mill,WI,Marathon,GEN1,OP,Wood/Wood Waste Biomass,ST,Industrial CHP,7,15.0,13,13,BLQ,BIT,Y,Y,BIT,BLQ,NG,SLW,WDS,RFO,N,, , , , ,,,,,,
13008,Expera Mosinee LLC,50614,Expera Specialty Solutions - Mosinee Mill,WI,Marathon,WEST,OP,Wood/Wood Waste Biomass,ST,Industrial CHP,7,5.0,5,5,BLQ,BIT,Y,Y,BIT,BLQ,RFO,WDS,SLW,NG,N,, , , , ,,,,,,
54876,Flambeau River Papers,50620,Flambeau River Papers,WI,Price,GEN1,OP,Wood/Wood Waste Biomass,ST,Industrial CHP,7,5.7,4.7,4.7,WDS,BIT,Y,Y,WDS,DFO,BIT,,,,N,, , , , ,,,,,,
18000,State of Rhode Island,50621,Central Power Plant,RI,Providence,GEN3,OP,Petroleum Liquids,ST,Commercial CHP,5,2.0,2,2,DFO,NG,Y,N,,,,,,,Y,Y,2.5,2.5,2.5,2.5,1H,1H,N,,,
18000,State of Rhode Island,50621,Central Power Plant,RI,Providence,GEN4,OP,Petroleum Liquids,ST,Commercial CHP,5,2.0,2,2,DFO,NG,Y,N,,,,,,,Y,Y,2,2,2,2,1H,1H,N,,,
18000,State of Rhode Island,50621,Central Power Plant,RI,Providence,GEN5,OP,Petroleum Liquids,GT,Commercial CHP,5,3.0,2.8,3.8,DFO,NG,Y,N,,,,,,,Y,Y,2.8,3.8,2.8,3.8,1H,1H,Y,,Y,
18000,State of Rhode Island,50621,Central Power Plant,RI,Providence,GEN6,OP,Petroleum Liquids,GT,Commercial CHP,5,3.0,2.8,3.8,DFO,NG,Y,N,,,,,,,Y,Y,2.8,3.8,2.8,3.8,1H,1H,Y,,Y,
60657,"Torrance Refining Company, LLC",50624,"Torrance Refining Company, LLC",CA,Los Angeles,GTG1,OA,Natural Gas Fired Combustion Turbine,GT,Industrial CHP,7,22.5,22.5,22.5,NG,OG,Y,Y,NG,OG,,,,,N,, , , , ,,,,,,
19691,Paulsboro Refining Company - LLC,50628,Paulsboro Refinery,NJ,Gloucester,GEN2,OP,Other Gases,ST,Industrial CHP,7,15.0,11.7,12.7,OG,DFO,Y,Y,OG,NG,DFO,,,,N,,11.7, ,11.7, ,,,,,,
19691,Paulsboro Refining Company - LLC,50628,Paulsboro Refinery,NJ,Gloucester,GEN3,OP,Other Gases,ST,Industrial CHP,7,15.0,11.7,12.7,OG,DFO,Y,Y,OG,NG,DFO,,,,N,,11.7, ,11.7, ,,,,,,
4482,Covanta Lake Inc,50629,Covanta Lake County Energy,FL,Lake,GEN1,OP,Municipal Solid Waste,ST,IPP Non-CHP,2,15.5,12.5,12.5,MSW,NG,Y,Y,MSW,NG,,,,,N,, , , , ,,,,,,
56225,Clearwater Paper Corporation,50637,Clearwater Paper IPP Lewiston,ID,Nez Perce,GEN3,OP,Wood/Wood Waste Biomass,ST,Industrial CHP,7,28.8,25.2,25.3,BLQ,WDS,Y,Y,BLQ,WDS,NG,,,,N,, , , , ,,,,,,
56225,Clearwater Paper Corporation,50637,Clearwater Paper IPP Lewiston,ID,Nez Perce,GEN4,OP,Wood/Wood Waste Biomass,ST,Industrial CHP,7,65.0,24,24,BLQ,WDS,Y,Y,BLQ,WDS,NG,,,,N,, , , , ,,,,,,
56225,Clearwater Paper Corporation,50638,Clearwater Paper APP CB,AR,Desha,GEN1,OP,Wood/Wood Waste Biomass,ST,Industrial CHP,7,28.0,28,28,BLQ,NG,Y,Y,NG,BLQ,DFO,WO,,,Y,Y,20,20,20,20,6H,6H,Y,Y,Y,
16653,Sappi Cloquet LLC,50639,Sappi Cloquet Mill,MN,Carlton,GEN3,OP,Wood/Wood Waste Biomass,ST,Industrial CHP,7,19.2,14.8,17.5,WDS,NG,Y,Y,BLQ,NG,WDS,SLW,DFO,,Y,Y,14.8,14.8,17.5,17.5,1H,1H,N,,,
16653,Sappi Cloquet LLC,50639,Sappi Cloquet Mill,MN,Carlton,GEN4,OP,Wood/Wood Waste Biomass,ST,Industrial CHP,7,41.5,41.5,41.5,WDS,NG,Y,Y,BLQ,NG,WDS,SLW,DFO,,Y,Y,41.5,41.5,41.5,41.5,1H,1H,N,,,
16653,Sappi Cloquet LLC,50639,Sappi Cloquet Mill,MN,Carlton,GEN5,OP,Wood/Wood Waste Biomass,ST,Industrial CHP,7,27.6,14,15,BLQ,NG,Y,Y,BLQ,NG,,,,,N,, , , , ,,,,,,
1950,ReEnergy Stratton LLC,50650,ReEnergy Stratton LLC,ME,Franklin,UNI1,OP,Wood/Wood Waste Biomass,ST,IPP Non-CHP,2,45.7,45.2,46.1,WDS,DFO,Y,Y,WDS,DFO,,,,,N,, , , , ,,,,,,
56316,Covanta Tulsa Renewable Energy LLC,50660,Covanta Tulsa Renewable Energy LLC,OK,Tulsa,GEN1,OA,Municipal Solid Waste,ST,Industrial CHP,7,16.8,15.6,15.8,MSW,NG,Y,Y,MSW,NG,,,,,N,, , , , ,,,,,,
19511,University of Alaska,50711,University of Alaska Fairbanks,AK,Fairbanks North Star,GEN3,OP,Conventional Steam Coal,ST,Commercial CHP,5,10.0,8.1,10,SUB,DFO,Y,N,,,,,,,Y,Y,4,2,1,8,6H,6H,Y,,Y,
19519,United States Steel-Mon Valley,50732,Mon Valley Works,PA,Allegheny,GEN1,OA,Other Gases,ST,Industrial CHP,7,25.0,28,32,BFG,OG,Y,Y,BFG,OG,NG,,,,N,, , , , ,,,,,,
19519,United States Steel-Mon Valley,50732,Mon Valley Works,PA,Allegheny,GEN2,OP,Other Gases,ST,Industrial CHP,7,25.0,28,30,BFG,OG,Y,Y,BFG,OG,NG,,,,N,, , , , ,,,,,,
19519,United States Steel-Mon Valley,50732,Mon Valley Works,PA,Allegheny,GEN3,OP,Other Gases,ST,Industrial CHP,7,2.5,1.9,1.9,BFG,OG,Y,Y,BFG,OG,NG,,,,N,, , , , ,,,,,,
57182,ReEnergy Sterling CT LP,50736,Exeter Energy LP,CT,Windham,GEN1,OS,All Other,ST,IPP Non-CHP,2,31.3,26,26,TDF,PG,N,Y,TDF,OBS,,,,,N,, , , , ,,,,,,
18020,Starrett City Inc,50743,Starrett City Cogen Facility,NY,Kings,GEN1,OP,Natural Gas Steam Turbine,ST,Commercial CHP,5,6.0,5.5,6,NG,RFO,Y,N,,,,,,,Y,Y,5.5,5.5,5.8,5.8,1H,1H,N,,,
18020,Starrett City Inc,50743,Starrett City Cogen Facility,NY,Kings,GEN2,OP,Natural Gas Steam Turbine,ST,Commercial CHP,5,6.0,5.5,6,NG,RFO,Y,N,,,,,,,Y,Y,5.5,5.5,5.8,5.8,1H,1H,N,,,
19781,Viking Energy Corp,50770,Viking Energy of McBain,MI,Missaukee,GEN1,OP,Wood/Wood Waste Biomass,ST,IPP Non-CHP,2,18.0,16.3,18,WDS,TDF,Y,Y,WDS,TDF,NG,,,,N,, , , , ,,,,,,
19781,Viking Energy Corp,50772,Viking Energy of Lincoln,MI,Alcona,GEN1,OP,Wood/Wood Waste Biomass,ST,IPP Non-CHP,2,18.0,16.3,16.3,WDS,TDF,Y,Y,WDS,TDF,NG,,,,,, , , , ,,,,,,
55914,GE Energy Financial Services,50799,Parlin Power Plant,NJ,Middlesex,GEN1,OP,Natural Gas Fired Combined Cycle,CT,IPP Non-CHP,2,45.9,35.9,42.2,NG,DFO,Y,N,,,,,,,Y,Y,36.9,43.5,36.9,43.5,1H,1H,Y,,Y,
55914,GE Energy Financial Services,50799,Parlin Power Plant,NJ,Middlesex,GEN2,OP,Natural Gas Fired Combined Cycle,CT,IPP Non-CHP,2,45.9,37.5,43.7,NG,DFO,Y,N,,,,,,,Y,Y,36,40.7,36,40.7,1H,1H,Y,,Y,
20505,International Paper Port Wentworth Mill,50804,Port Wentworth Mill,GA,Chatham,GEN4,OP,Wood/Wood Waste Biomass,ST,Industrial CHP,7,47.3,35,47.3,BLQ,WDS,Y,Y,BLQ,WDS,NG,OBG,OBL,SLW,N,, , , , ,,,,,,
20505,International Paper Port Wentworth Mill,50804,Port Wentworth Mill,GA,Chatham,GEN5,OP,Wood/Wood Waste Biomass,ST,Industrial CHP,7,25.0,20,25,BLQ,WDS,Y,Y,BLQ,WDS,NG,OBG,OBL,SLW,N,, , , , ,,,,,,
18157,WestRock Corp-Panama City,50807,WestRock Panama City Mill,FL,Bay,GEN3,OP,Wood/Wood Waste Biomass,ST,Industrial CHP,7,4.0,4,4,BLQ,NG,Y,Y,BLQ,RFO,NG,,,,N,, , , , ,,,,,,
18157,WestRock Corp-Panama City,50807,WestRock Panama City Mill,FL,Bay,GEN4,OP,Wood/Wood Waste Biomass,ST,Industrial CHP,7,10.0,10,10,BLQ,NG,Y,Y,BLQ,RFO,NG,,,,N,, , , , ,,,,,,
18157,WestRock Corp-Panama City,50807,WestRock Panama City Mill,FL,Bay,GEN6,OP,Wood/Wood Waste Biomass,ST,Industrial CHP,7,20.0,21.8,21.8,WDS,NG,Y,Y,WDS,BIT,RFO,NG,,,N,, , , , ,,,,,,
18147,RockTenn-Hopewell,50813,Hopewell Mill,VA,Hopewell City,GEN1,OP,Wood/Wood Waste Biomass,ST,Industrial CHP,7,47.6,40.7,40.7,BLQ,WDS,Y,Y,WDS,BIT,NG,,,,Y,Y,40.7,40.7,40.7,40.7,OVER,72H,Y,,Y,Y
18414,TES Filer City Station LP,50835,TES Filer City Station,MI,Manistee,GEN1,OP,Conventional Steam Coal,ST,IPP CHP,3,70.0,60,60,BIT,TDF,Y,Y,BIT,SUB,WDS,TDF,NG,,N,, , , , ,,,,,,
49905,Olympus Power,50849,PE Berkeley,CA,Alameda,GEN1,OP,Natural Gas Fired Combined Cycle,CT,Commercial CHP,5,23.0,21,23,NG,DFO,Y,N,,,,,,,Y,Y,21.35,21.35,19,19,24H,24H,Y,Y,Y,
56516,"Morris Energy Operations Company, LLC",50852,Elmwood Energy Holdings LLC,NJ,Bergen,GEN1,OP,Natural Gas Fired Combined Cycle,CT,IPP Non-CHP,2,59.0,70,70,NG,,Y,N,,,,,,,Y,Y,71,71,71,71,1H,1H,Y,,Y,
20541,Wheelabrator Environmental Systems,50881,Wheelabrator Shasta,CA,Shasta,GEN1,OP,Wood/Wood Waste Biomass,ST,IPP Non-CHP,2,18.3,18.8,18.8,WDS,AB,Y,Y,WDS,AB,,,,,N,, , , , ,,,,,,
20541,Wheelabrator Environmental Systems,50881,Wheelabrator Shasta,CA,Shasta,GEN2,OP,Wood/Wood Waste Biomass,ST,IPP Non-CHP,2,18.3,18.8,18.8,WDS,AB,Y,Y,WDS,AB,,,,,N,, , , , ,,,,,,
20541,Wheelabrator Environmental Systems,50881,Wheelabrator Shasta,CA,Shasta,GEN3,OP,Wood/Wood Waste Biomass,ST,IPP Non-CHP,2,18.3,18.8,18.8,WDS,AB,Y,Y,WDS,AB,,,,,N,, , , , ,,,,,,
23013,"EIF Northampton GP, LLC",50888,Northampton Generating Company LP,PA,Northampton,GEN1,OP,Conventional Steam Coal,ST,IPP CHP,3,134.1,112,112,WC,TDF,Y,Y,WC,PC,WDS,TDF,WO,,N,, , , , ,,,,,,
20508,WestRock Corp,50900,Covington Facility,VA,Covington City,GEN3,OP,Conventional Steam Coal,ST,Industrial CHP,7,10.5,10.5,10.5,BIT,NG,Y,Y,BLQ,BIT,NG,WDS,RFO,DFO,Y,Y,10.5,10.5,10.5,10.5,UNK,UNK,Y,Y,Y,
20508,WestRock Corp,50900,Covington Facility,VA,Covington City,GEN4,OP,Wood/Wood Waste Biomass,ST,Industrial CHP,7,34.0,32.5,32.5,BLQ,BIT,Y,Y,BLQ,BIT,NG,WDS,RFO,DFO,Y,Y,17,10.5,32.5,10.5,UNK,UNK,Y,Y,Y,Y
20508,WestRock Corp,50900,Covington Facility,VA,Covington City,GEN5,OP,Conventional Steam Coal,ST,Industrial CHP,7,34.0,32.5,32.5,BIT,WDS,Y,Y,BLQ,BIT,NG,WDS,RFO,DFO,Y,Y,20,20,20,20,UNK,UNK,Y,Y,Y,Y
20508,WestRock Corp,50900,Covington Facility,VA,Covington City,GEN7,OP,Wood/Wood Waste Biomass,ST,Industrial CHP,7,82.4,81,82.4,WDS,BLQ,Y,Y,WDS,NG,BLQ,RFO,,,Y,Y,0,0,13,0,UNK,UNK,Y,,,Y
5959,Erie Coke Corp,50920,Erie Coke,PA,Erie,1,SB,Other Gases,ST,Industrial CHP,7,2.5,1,1.3,OG,NG,Y,Y,OG,NG,,,,,N,, , , , ,,,,,,
49801,Expera Specialty Solutions,50933,Rhinelander Mill,WI,Oneida,GEN5,SB,Natural Gas Steam Turbine,ST,Industrial CHP,7,10.0,4,7,NG,BIT,Y,N,,,,,,,Y,Y,4,7,4,7,6H,6H,Y,Y,Y,
20680,William Beaumont Hospital,50937,William Beaumont Hospital,MI,Oakland,GENA,SB,Petroleum Liquids,IC,Commercial Non-CHP,4,1.9,1.9,1.9,DFO,NG,Y,Y,NG,DFO,,,,,Y,Y,1.9,1.9,1.9,1.9,1H,1H,Y,,Y,
20680,William Beaumont Hospital,50937,William Beaumont Hospital,MI,Oakland,GENB,SB,Petroleum Liquids,IC,Commercial Non-CHP,4,1.9,1.9,1.9,DFO,NG,Y,Y,NG,DFO,,,,,Y,Y,1.9,1.9,1.9,1.9,1H,1H,Y,,Y,
49893,Invenergy Services LLC,50949,Hardee Power Station,FL,Hardee,GEN1,OP,Natural Gas Fired Combined Cycle,CT,IPP Non-CHP,2,95.9,70,85,NG,DFO,N,N,,,,,,,Y,N,72,89,72,89,1H,UNK,Y,Y,Y,
49893,Invenergy Services LLC,50949,Hardee Power Station,FL,Hardee,GEN2,OP,Natural Gas Fired Combined Cycle,CT,IPP Non-CHP,2,95.9,70,85,NG,DFO,N,N,,,,,,,Y,Y,72,89,72,89,1H,UNK,Y,Y,Y,
49893,Invenergy Services LLC,50949,Hardee Power Station,FL,Hardee,GEN4,OP,Natural Gas Fired Combustion Turbine,GT,IPP Non-CHP,2,86.5,70,84,NG,DFO,Y,N,,,,,,,Y,Y,72,90,72,90,1H,1H,N,,,
49893,Invenergy Services LLC,50949,Hardee Power Station,FL,Hardee,GEN5,OP,Natural Gas Fired Combustion Turbine,GT,IPP Non-CHP,2,95.9,85,85,NG,DFO,Y,N,,,,,,,Y,Y,73,91,73,91,1H,1H,N,,,
5623,Rousselot Inc,50955,Rousselot Inc,MA,Essex,GEN1,SB,Natural Gas Steam Turbine,ST,Industrial CHP,7,1.5,1.5,1.5,NG,RFO,Y,N,NG,RFO,,,,,Y,Y,1.5,1.5,1.5,1.5,1H,1H,Y,,,Y
5623,Rousselot Inc,50955,Rousselot Inc,MA,Essex,GEN2,SB,Natural Gas Steam Turbine,ST,Industrial CHP,7,1.5,1.5,1.5,NG,RFO,Y,N,NG,RFO,,,,,Y,Y,1.5,1.5,1.5,1.5,1H,1H,Y,,,Y
5623,Rousselot Inc,50955,Rousselot Inc,MA,Essex,GEN3,OP,Natural Gas Steam Turbine,ST,Industrial CHP,7,3.7,3.3,3.3,NG,RFO,Y,N,NG,RFO,,,,,Y,Y,3.3,3.3,3.3,3.3,1H,1H,Y,,,Y
18323,Toledo Refining Company,50965,Toledo Ref Power Recovery Train,OH,Lucas,GEN1,OP,Petroleum Coke,OT,Industrial CHP,7,6.0,6,6,PC,OG,Y,Y,OG,NG,LFG,,,,N,, , , , ,,,,,,
19876,Virginia Electric & Power Co,50966,Bellmeade Power Station,VA,Richmond City,1,OP,Natural Gas Fired Combined Cycle,CT,Electric Utility,1,110.0,95,95,NG,DFO,Y,N,,,,,,,Y,Y,95,95,95,95,1H,1H,Y,Y,Y,
19876,Virginia Electric & Power Co,50966,Bellmeade Power Station,VA,Richmond City,2,OP,Natural Gas Fired Combined Cycle,CT,Electric Utility,1,110.0,95,95,NG,DFO,Y,N,,,,,,,Y,Y,95,95,95,95,1H,1H,Y,Y,Y,
34359,Curators of the University of Missouri,50969,MU Combined Heat and Power Plant,MO,Boone,GEN1,OP,Conventional Steam Coal,ST,Commercial CHP,5,6.2,6,6.1,BIT,WDS,Y,Y,BIT,NG,DFO,WDS,,,Y,Y,6,6,6,6,1H,1H,Y,,Y,
34359,Curators of the University of Missouri,50969,MU Combined Heat and Power Plant,MO,Boone,GEN2,OP,Conventional Steam Coal,ST,Commercial CHP,5,12.5,12.2,12.3,BIT,WDS,Y,Y,BIT,NG,DFO,WDS,,,Y,Y,12.2,12.2,12.2,12.2,1H,1H,Y,,Y,
34359,Curators of the University of Missouri,50969,MU Combined Heat and Power Plant,MO,Boone,GEN3,OP,Conventional Steam Coal,ST,Commercial CHP,5,19.8,19.2,19.4,BIT,WDS,Y,Y,BIT,NG,DFO,WDS,,,Y,Y,19.2,19.2,19.2,19.2,1H,1H,Y,,Y,
34359,Curators of the University of Missouri,50969,MU Combined Heat and Power Plant,MO,Boone,GEN4,OP,Conventional Steam Coal,ST,Commercial CHP,5,14.5,13.3,13.4,BIT,WDS,Y,Y,BIT,NG,DFO,WDS,,,Y,Y,13.3,13.3,13.3,13.3,1H,1H,Y,,Y,
34359,Curators of the University of Missouri,50969,MU Combined Heat and Power Plant,MO,Boone,NTG1,OP,Natural Gas Fired Combustion Turbine,GT,Commercial CHP,5,17.3,11.4,14.5,NG,DFO,Y,N,,,,,,,Y,Y,11.4,11.4,11.4,11.4,1H,1H,Y,,Y,
34359,Curators of the University of Missouri,50969,MU Combined Heat and Power Plant,MO,Boone,NTG2,OP,Natural Gas Fired Combustion Turbine,GT,Commercial CHP,5,17.3,11.4,14.5,NG,DFO,Y,N,,,,,,,Y,Y,11.4,11.4,11.4,11.4,1H,1H,Y,,Y,
24202,Carr Street Generating Sta LP,50978,Carr Street Generating Station,NY,Onondaga,GEN1,OP,Natural Gas Fired Combined Cycle,CT,IPP Non-CHP,2,48.8,33,40.8,NG,DFO,Y,N,,,,,,,Y,Y,33,40,33,40,1H,1H,Y,Y,Y,
24202,Carr Street Generating Sta LP,50978,Carr Street Generating Station,NY,Onondaga,GEN2,OP,Natural Gas Fired Combined Cycle,CT,IPP Non-CHP,2,48.8,33,40.8,NG,DFO,Y,N,,,,,,,Y,Y,33,40,33,40,1H,1H,Y,Y,Y,
11415,"M.A. Patout & Son Limited, LLC",51008,Enterprise Sugar Factory,LA,Iberia,1000,OP,Other Waste Biomass,ST,Industrial CHP,7,1.0,1,1,AB,NG,Y,Y,AB,NG,,,,,N,, , , , ,,,,,,
11415,"M.A. Patout & Son Limited, LLC",51008,Enterprise Sugar Factory,LA,Iberia,2000,SB,Other Waste Biomass,ST,Industrial CHP,7,2.0,2,2,AB,NG,Y,Y,AB,NG,,,,,N,, , , , ,,,,,,
27769,Ocean State Power Co,51030,Ocean State Power,RI,Providence,GEN1,OP,Natural Gas Fired Combined Cycle,CT,IPP Non-CHP,2,82.8,71.2,77.8,NG,DFO,Y,Y,NG,DFO,,,,,Y,Y,75,82,75,82,1H,1H,Y,Y,Y,
27769,Ocean State Power Co,51030,Ocean State Power,RI,Providence,GEN2,OP,Natural Gas Fired Combined Cycle,CT,IPP Non-CHP,2,82.8,71.2,77.8,NG,DFO,Y,Y,NG,DFO,,,,,Y,Y,75,82,75,82,1H,1H,Y,Y,Y,
5310,Doswell Ltd Partnership,52019,Doswell Energy Center,VA,Hanover,GEN1,OP,Natural Gas Fired Combined Cycle,CT,IPP Non-CHP,2,122.0,104.7,122,NG,DFO,Y,N,,,,,,,Y,Y,104.7,122,104.7,122,1H,1H,Y,,Y,
5310,Doswell Ltd Partnership,52019,Doswell Energy Center,VA,Hanover,GEN2,OP,Natural Gas Fired Combined Cycle,CT,IPP Non-CHP,2,122.0,104.7,122,NG,DFO,Y,N,,,,,,,Y,Y,104.7,122,104.7,122,1H,1H,Y,,Y,
5310,Doswell Ltd Partnership,52019,Doswell Energy Center,VA,Hanover,GEN3,OP,Natural Gas Fired Combined Cycle,CA,IPP Non-CHP,2,132.0,123,132,NG,,N,N,,,,,,,Y,Y,132,132,132,132,1H,1H,Y,,Y,
5310,Doswell Ltd Partnership,52019,Doswell Energy Center,VA,Hanover,GEN4,OP,Natural Gas Fired Combined Cycle,CT,IPP Non-CHP,2,122.0,104.7,122,NG,DFO,Y,N,,,,,,,Y,Y,104.7,122,104.7,122,1H,1H,Y,,Y,
5310,Doswell Ltd Partnership,52019,Doswell Energy Center,VA,Hanover,GEN5,OP,Natural Gas Fired Combined Cycle,CT,IPP Non-CHP,2,122.0,104.7,122,NG,DFO,Y,N,,,,,,,Y,Y,104.7,122,104.7,122,1H,1H,Y,,Y,
5310,Doswell Ltd Partnership,52019,Doswell Energy Center,VA,Hanover,GEN6,OP,Natural Gas Fired Combined Cycle,CA,IPP Non-CHP,2,132.0,123,132,NG,,N,N,,,,,,,Y,Y,132,132,132,132,1H,1H,Y,,Y,
5310,Doswell Ltd Partnership,52019,Doswell Energy Center,VA,Hanover,GEN7,OP,Natural Gas Fired Combustion Turbine,GT,IPP Non-CHP,2,187.0,149,187,NG,DFO,Y,N,,,,,,,Y,Y,151,188,161,188,1H,1H,Y,,Y,
29767,Illinois Institute-Technology,52021,ITT Cogen Facility,IL,Cook,GEN1,SB,Natural Gas Fired Combustion Turbine,GT,Commercial CHP,5,3.7,3.5,3.7,NG,DFO,Y,N,,,,,,,Y,Y,3.5,3.7,3,3.5,1H,1H,Y,Y,Y,
29767,Illinois Institute-Technology,52021,ITT Cogen Facility,IL,Cook,GEN2,SB,Natural Gas Fired Combustion Turbine,GT,Commercial CHP,5,3.7,3.5,3.7,NG,DFO,Y,N,,,,,,,Y,Y,3.5,3.7,3,3.5,1H,1H,Y,Y,Y,
16001,Rhode Island Hospital,52024,Rhode Island Hospital,RI,Providence,GEN2,OP,Natural Gas Steam Turbine,ST,Commercial CHP,5,1.7,1.7,1.7,NG,RFO,Y,N,,,,,,,Y,Y,1.7,1.7,1.7,1.7,1H,1H,Y,Y,,
16001,Rhode Island Hospital,52024,Rhode Island Hospital,RI,Providence,GEN4,OP,Natural Gas Steam Turbine,ST,Commercial CHP,5,1.7,1.7,1.7,NG,RFO,Y,N,,,,,,,Y,Y,1.7,1.7,1.7,1.7,1H,1H,Y,Y,,
16001,Rhode Island Hospital,52024,Rhode Island Hospital,RI,Providence,NEW1,OP,Natural Gas Steam Turbine,ST,Commercial CHP,5,3.5,3.5,3.5,NG,RFO,Y,N,,,,,,,Y,Y,3.5,3.5,3.5,3.5,1H,1H,Y,Y,,
16001,Rhode Island Hospital,52024,Rhode Island Hospital,RI,Providence,NEW3,OP,Natural Gas Steam Turbine,ST,Commercial CHP,5,3.5,3.5,3.5,NG,RFO,Y,N,,,,,,,Y,Y,3.5,3.5,3.5,3.5,1H,1H,Y,Y,,
56516,"Morris Energy Operations Company, LLC",52026,Dartmouth Power Associates LP,MA,Bristol,GEN1,OP,Natural Gas Fired Combined Cycle,CT,IPP Non-CHP,2,45.0,62.1,67.7,NG,DFO,Y,N,,,,,,,Y,Y,62.1,67.8,62.1,67.8,1H,1H,Y,,Y,
56516,"Morris Energy Operations Company, LLC",52026,Dartmouth Power Associates LP,MA,Bristol,GEN2,OP,Natural Gas Fired Combined Cycle,CA,IPP Non-CHP,2,32.0, , ,NG,DFO,Y,N,,,,,,,Y,Y, , , , ,1H,1H,Y,,Y,
56516,"Morris Energy Operations Company, LLC",52026,Dartmouth Power Associates LP,MA,Bristol,GEN3,OP,Natural Gas Fired Combustion Turbine,GT,IPP Non-CHP,2,24.7,19.6,21.8,NG,DFO,Y,N,,,,,,,Y,N,19.6,21.8,19.6,21.8,1H,1H,Y,,Y,
2091,Phillips 66,52031,Alliance Refinery,LA,Plaquemines,GEN2,OP,Other Gases,ST,Industrial Non-CHP,6,19.0,19,19,OG,NG,Y,Y,OG,NG,,,,,N,, , , , ,,,,,,
19153,Nassau Energy Corp,52056,Nassau Energy Corp,NY,Nassau,GT1,OP,Natural Gas Fired Combined Cycle,CT,IPP CHP,3,43.0,43,45,NG,DFO,Y,Y,NG,DFO,,,,,Y,Y,43,45,43,43,1H,1H,Y,Y,Y,
8153,Hartford Steam Co,52061,Hartford Hospital Cogeneration,CT,Hartford,GEN3,OP,Natural Gas Fired Combined Cycle,CT,Commercial CHP,5,6.2,5.2,6.2,NG,DFO,Y,N,,,,,,,Y,Y,5.3,6.2,5.2,6,1H,6H,Y,Y,Y,
55983,Luminant Generation Company LLC,52071,Sandow No 5,TX,Milam,5,OP,Conventional Steam Coal,ST,IPP Non-CHP,2,661.5,600,600,LIG,DFO,Y,Y,LIG,DFO,,,,,N,, , , , ,,,,,,
19524,University of California-LA,52073,UCLA So Campus Cogen Project,CA,Los Angeles,GEN1,OP,Natural Gas Fired Combined Cycle,CT,Commercial CHP,5,14.5,12.5,13.5,NG,LFG,Y,N,,,,,,,Y,Y,12.5,13.5,12.5,13.5,1H,UNK,Y,Y,Y,
19524,University of California-LA,52073,UCLA So Campus Cogen Project,CA,Los Angeles,GEN2,OP,Natural Gas Fired Combined Cycle,CT,Commercial CHP,5,14.5,12.5,13.5,NG,LFG,Y,N,,,,,,,Y,Y,12.5,13.5,12.5,13.5,1H,UNK,Y,Y,Y,
19876,Virginia Electric & Power Co,52087,Elizabeth River Power Station,VA,Chesapeake City,GEN1,SB,Natural Gas Fired Combustion Turbine,GT,Electric Utility,1,129.6,116,121,NG,DFO,Y,N,,,,,,,Y,Y,103,121,103,121,1H,1H,Y,Y,Y,
19876,Virginia Electric & Power Co,52087,Elizabeth River Power Station,VA,Chesapeake City,GEN2,SB,Natural Gas Fired Combustion Turbine,GT,Electric Utility,1,129.6,116,120,NG,DFO,Y,N,,,,,,,Y,Y,103,120,103,120,1H,1H,Y,Y,Y,
19876,Virginia Electric & Power Co,52087,Elizabeth River Power Station,VA,Chesapeake City,GEN3,SB,Natural Gas Fired Combustion Turbine,GT,Electric Utility,1,129.6,116,124,NG,DFO,Y,N,,,,,,,Y,Y,103,124,103,124,1H,1H,Y,Y,Y,
57151,Celanese Acetate LLC,52089,Celanese Acetate LLC,VA,Giles,GEN1,OP,Natural Gas Steam Turbine,ST,Industrial CHP,7,6.0,6,6,NG,DFO,Y,Y,NG,DFO,,,,,Y,Y,6,6,6,6,1H,1H,Y,Y,Y,
57151,Celanese Acetate LLC,52089,Celanese Acetate LLC,VA,Giles,GEN2,OP,Natural Gas Steam Turbine,ST,Industrial CHP,7,6.0,6,6,NG,DFO,Y,Y,NG,DFO,,,,,Y,Y,6,6,6,6,1H,1H,Y,Y,Y,
57151,Celanese Acetate LLC,52089,Celanese Acetate LLC,VA,Giles,GEN3,OP,Natural Gas Steam Turbine,ST,Industrial CHP,7,6.0,6,6,NG,DFO,Y,Y,NG,DFO,,,,,Y,Y,6,6,6,6,1H,1H,Y,Y,Y,
57151,Celanese Acetate LLC,52089,Celanese Acetate LLC,VA,Giles,GEN4,OP,Natural Gas Steam Turbine,ST,Industrial CHP,7,9.2,9.2,9.2,NG,DFO,Y,Y,NG,DFO,,,,,Y,Y,9.2,9.2,9.2,9.2,1H,1H,Y,Y,Y,
18340,PES,52106,Philadelphia Refinery,PA,Philadelphia,GEN1,OA,Other Gases,ST,Industrial CHP,7,10.0,5.5,6.6,OG,NG,Y,Y,OG,PG,NG,,,,N,, , , , ,,,,,,
18340,PES,52106,Philadelphia Refinery,PA,Philadelphia,GEN2,OS,Other Gases,ST,Industrial CHP,7,10.0,6.7,6,OG,NG,Y,Y,OG,PG,NG,,,,N,, , , , ,,,,,,
18340,PES,52106,Philadelphia Refinery,PA,Philadelphia,GEN3,OP,Other Gases,ST,Industrial CHP,7,10.0,6.7,7.4,OG,NG,Y,Y,OG,PG,NG,,,,N,, , , , ,,,,,,
49732,Chevron Products Company-Richmond,52109,Richmond Cogen,CA,Contra Costa,GEN1,OP,Natural Gas Fired Combined Cycle,CT,Industrial CHP,7,62.6,50,52,NG,OG,Y,Y,OG,,,,,,N,, , , , ,,,,,,
49732,Chevron Products Company-Richmond,52109,Richmond Cogen,CA,Contra Costa,GEN2,OP,Natural Gas Fired Combined Cycle,CT,Industrial CHP,7,62.6,50,52,NG,OG,Y,Y,OG,,,,,,N,, , , , ,,,,,,
18668,Tesoro Refining and Marketing Co LLC,52133,Tesoro Mandan Cogeneration Plant,ND,Morton,GEN1,OP,Other Gases,ST,Industrial CHP,7,2.5,2.8,2.8,OG,NG,Y,Y,OG,NG,WO,,,,N,, , , , ,,,,,,
18668,Tesoro Refining and Marketing Co LLC,52133,Tesoro Mandan Cogeneration Plant,ND,Morton,GEN2,OP,Other Gases,ST,Industrial CHP,7,2.5,2.8,2.8,OG,NG,Y,Y,OG,NG,WO,,,,N,, , , , ,,,,,,
18668,Tesoro Refining and Marketing Co LLC,52133,Tesoro Mandan Cogeneration Plant,ND,Morton,GEN3,OP,Other Gases,ST,Industrial CHP,7,2.5,2.8,2.8,OG,NG,Y,Y,OG,NG,WO,RFO,,,N,, , , , ,,,,,,
8009,International Paper Co,52140,International Paper Prattville Mill,AL,Autauga,GEN1,OP,Wood/Wood Waste Biomass,ST,Industrial CHP,7,40.5,34.8,37.5,BLQ,WDS,Y,Y,WDS,NG,OBG,,,,N,, , , , ,,,,,,
8009,International Paper Co,52140,International Paper Prattville Mill,AL,Autauga,GEN2,OP,Wood/Wood Waste Biomass,ST,Industrial CHP,7,49.3,46.6,46.8,BLQ,WDS,Y,Y,WDS,BIT,OBG,NG,,,N,, , , , ,,,,,,
12320,Merck & Co Inc,52148,Elkton,VA,Rockingham,GEN1,OP,Natural Gas Steam Turbine,ST,Industrial CHP,7,7.2,1.2,2.6,NG,DFO,Y,N,,,,,,,Y,Y,6,6,6,6,1H,1H,Y,Y,,
12320,Merck & Co Inc,52148,Elkton,VA,Rockingham,GEN5,OP,Natural Gas Steam Turbine,ST,Industrial CHP,7,0.4,0.1,0.1,NG,DFO,Y,N,,,,,,,Y,Y,0.4,0.4,0.4,0.4,1H,1H,Y,Y,,
9424,International Paper Co-Eastovr,52151,International Paper Eastover Facility,SC,Richland,GEN1,OP,Wood/Wood Waste Biomass,ST,Industrial CHP,7,48.4,46,46,BLQ,NG,Y,Y,BLQ,RFO,NG,WO,,,N,, , , , ,,,,,,
9424,International Paper Co-Eastovr,52151,International Paper Eastover Facility,SC,Richland,GEN2,OP,Wood/Wood Waste Biomass,ST,Industrial CHP,7,61.2,57,57,BLQ,NG,Y,Y,BLQ,WDS,DFO,TDF,RFO,WO,N,, , , , ,,,,,,
9348,International Paper,52152,International Paper Franklin Mill,VA,Isle of Wight,GEN9,OP,Wood/Wood Waste Biomass,ST,Industrial CHP,7,36.1,36.1,36.1,BLQ,NG,Y,Y,NG,,,,,,,, , , , ,,,,,,
24210,Riverbay Corp,52168,Riverbay,NY,Bronx,GEN3,OP,Natural Gas Fired Combustion Turbine,GT,Commercial CHP,5,12.9,11.5,12.3,NG,DFO,Y,N,,,,,,,Y,Y,12.2,12.4,10.31,11,6H,6H,Y,Y,Y,
24210,Riverbay Corp,52168,Riverbay,NY,Bronx,GEN4,OP,Natural Gas Fired Combustion Turbine,GT,Commercial CHP,5,12.9,11.5,12.3,NG,DFO,Y,N,,,,,,,Y,Y,12.2,12.4,9.96,11,6H,6H,Y,Y,Y,
18617,Tesoro Alaska Company LLC,52184,Tesoro Kenai Cogeneration Plant,AK,Kenai Peninsula,GEN1,OP,Natural Gas Fired Combustion Turbine,GT,Industrial CHP,7,4.3,4.2,4.7,NG,DFO,Y,N,,,,,,,Y,Y,4.21,4.68,3.99,4.58,1H,1H,N,,,
18617,Tesoro Alaska Company LLC,52184,Tesoro Kenai Cogeneration Plant,AK,Kenai Peninsula,GEN2,OP,Natural Gas Fired Combustion Turbine,GT,Industrial CHP,7,4.3,4.2,4.7,NG,DFO,Y,N,,,,,,,Y,Y,4.21,4.68,3.99,4.58,1H,1H,N,,,
56605,Delaware City Refining Company LLC,52193,Delaware City Plant,DE,New Castle,G1,OP,Other Gases,ST,Industrial CHP,7,27.5,29.5,29.5,OG,NG,Y,Y,NG,OG,,,,,N,, , , , ,,,,,,
56605,Delaware City Refining Company LLC,52193,Delaware City Plant,DE,New Castle,G2,OP,Other Gases,ST,Industrial CHP,7,27.5,29.5,29.5,OG,NG,Y,Y,NG,OG,,,,,N,, , , , ,,,,,,
56605,Delaware City Refining Company LLC,52193,Delaware City Plant,DE,New Castle,G3,OP,Other Gases,ST,Industrial CHP,7,75.0,66,66,OG,NG,Y,Y,NG,OG,,,,,N,, , , , ,,,,,,
56605,Delaware City Refining Company LLC,52193,Delaware City Plant,DE,New Castle,G4,OP,Other Gases,ST,Industrial CHP,7,10.0,10,10,OG,NG,Y,Y,NG,OG,,,,,N,, , , , ,,,,,,
17610,SP Fiber Technologies LLC,54004,"WestRock Southeast, LLC.",GA,Laurens,GEN1,OP,All Other,ST,Industrial CHP,7,45.0,44,44,TDF,WDS,Y,Y,BIT,NG,OBS,TDF,,,N,, , , , ,,,,,,
17610,SP Fiber Technologies LLC,54004,"WestRock Southeast, LLC.",GA,Laurens,GEN2,OP,Natural Gas Fired Combustion Turbine,GT,Industrial CHP,7,37.1,40,42,NG,DFO,Y,Y,NG,DFO,,,,,Y,Y,32,32,32,32,OVER,6H,Y,Y,,
6838,Rensselaer Generating LLC,54034,Rensselaer Cogen,NY,Rensselaer,GEN1,OP,Natural Gas Fired Combined Cycle,CT,IPP Non-CHP,2,49.2,47,55.8,NG,DFO,Y,N,,,,,,,Y,Y,47,58,45,54,6H,6H,Y,Y,Y,
6838,Rensselaer Generating LLC,54034,Rensselaer Cogen,NY,Rensselaer,GEN2,OP,Natural Gas Fired Combined Cycle,CA,IPP Non-CHP,2,39.0,33.4,30,NG,DFO,Y,N,,,,,,,Y,Y,32.4,33,18,20,6H,6H,Y,Y,Y,
11127,Lockport Energy Associates LP,54041,Lockport Energy Associates LP,NY,Niagara,GEN1,OP,Natural Gas Fired Combined Cycle,CT,IPP CHP,3,48.7,42.8,49.6,NG,DFO,Y,Y,NG,DFO,,,,,Y,Y,42.6,48,43,49,1H,1H,Y,Y,Y,
11127,Lockport Energy Associates LP,54041,Lockport Energy Associates LP,NY,Niagara,GEN2,OP,Natural Gas Fired Combined Cycle,CT,IPP CHP,3,48.7,42.8,49.6,NG,DFO,Y,Y,NG,DFO,,,,,Y,Y,42.6,48,43,49,1H,1H,Y,Y,Y,
11127,Lockport Energy Associates LP,54041,Lockport Energy Associates LP,NY,Niagara,GEN3,OP,Natural Gas Fired Combined Cycle,CT,IPP CHP,3,48.7,42.8,49.6,NG,DFO,Y,Y,NG,DFO,,,,,Y,Y,42.6,48,43,49,1H,1H,Y,Y,Y,
19528,University of Illinois,54044,University of Illinois Cogen Facility,IL,Cook,GEN1,OP,Natural Gas Internal Combustion Engine,IC,Commercial CHP,5,6.3,6.3,6.3,NG,DFO,Y,Y,DFO,NG,,,,,Y,Y,6.3,6.3,6.3,6.3,1H,1H,Y,Y,Y,
19528,University of Illinois,54044,University of Illinois Cogen Facility,IL,Cook,GEN2,OP,Natural Gas Internal Combustion Engine,IC,Commercial CHP,5,6.3,6.3,6.3,NG,DFO,Y,Y,DFO,NG,,,,,Y,Y,6.3,6.3,6.3,6.3,1H,1H,Y,Y,Y,
14584,Pawtucket Power Associates LP,54056,Pawtucket Power Associates,RI,Providence,GEN1,OP,Natural Gas Fired Combined Cycle,CT,IPP Non-CHP,2,41.8,33,42,NG,DFO,Y,Y,NG,DFO,,,,,Y,Y,33,41,33,41,1H,1H,N,,,
9261,Indeck-Olean Ltd Partnership,54076,Indeck Olean Energy Center,NY,Cattaraugus,GEN1,OP,Natural Gas Fired Combined Cycle,CT,IPP CHP,3,46.0,34.2,44.1,NG,DFO,Y,Y,NG,DFO,,,,,Y,Y,32.19,41.23,32.19,41.23,1H,1H,Y,Y,Y,
9261,Indeck-Olean Ltd Partnership,54076,Indeck Olean Energy Center,NY,Cattaraugus,GEN2,OP,Natural Gas Fired Combined Cycle,CA,IPP CHP,3,44.6,44.6,44.6,NG,DFO,Y,N,,,,,,,Y,Y,46.6,46.6,46.6,46.6,24H,24H,Y,Y,Y,
55738,Verso Paper Androscoggin LLC,54085,Androscoggin Mill,ME,Franklin,GEN1,OP,Wood/Wood Waste Biomass,ST,Industrial CHP,7,25.0,25,25,BLQ,WDS,Y,Y,RFO,WO,WDS,SLW,NG,,N,, , , , ,,,,,,
55738,Verso Paper Androscoggin LLC,54085,Androscoggin Mill,ME,Franklin,GEN2,OP,Wood/Wood Waste Biomass,ST,Industrial CHP,7,25.0,25,25,BLQ,WDS,Y,Y,RFO,WO,WDS,SLW,NG,,N,, , , , ,,,,,,
55738,Verso Paper Androscoggin LLC,54085,Androscoggin Mill,ME,Franklin,GEN3,OP,Wood/Wood Waste Biomass,ST,Industrial CHP,7,30.0,30,30,BLQ,WDS,Y,Y,RFO,WO,WDS,SLW,NG,,N,, , , , ,,,,,,
9390,International Paper Co-GT Mill,54087,International Paper Georgetown Mill,SC,Georgetown,GEN1,OP,Wood/Wood Waste Biomass,ST,Industrial CHP,7,25.6,25.3,25.6,BLQ,RFO,Y,Y,BLQ,,,,,,N,N, , , , ,,,,,,
9390,International Paper Co-GT Mill,54087,International Paper Georgetown Mill,SC,Georgetown,GEN2,OP,Wood/Wood Waste Biomass,ST,Industrial CHP,7,29.5,27.4,27.7,WDS,TDF,Y,Y,WDS,,,,,,N,N, , , , ,,,,,,
9390,International Paper Co-GT Mill,54087,International Paper Georgetown Mill,SC,Georgetown,GEN3,OP,Wood/Wood Waste Biomass,ST,Industrial CHP,7,40.5,37.7,38.1,WDS,TDF,Y,Y,WDS,,,,,,N,N, , , , ,,,,,,
9312,IPC-Mansfield Mill,54091,Mansfield Mill,LA,DeSoto,GEN1,OP,Wood/Wood Waste Biomass,ST,Industrial CHP,7,40.0,24.6,27.8,BLQ,WDS,N,Y,NG,WO,,,,,N,,9, ,26, ,,,,,,
9312,IPC-Mansfield Mill,54091,Mansfield Mill,LA,DeSoto,GEN2,OP,Wood/Wood Waste Biomass,ST,Industrial CHP,7,40.0,25.6,27.7,BLQ,WDS,N,Y,NG,WO,,,,,N,,9, ,26, ,,,,,,
9312,IPC-Mansfield Mill,54091,Mansfield Mill,LA,DeSoto,GEN3,OP,Wood/Wood Waste Biomass,ST,Industrial CHP,7,30.0,22.1,25,BLQ,WDS,N,Y,NG,WO,,,,,N,,9, ,26, ,,,,,,
9393,International Paper Co-Riverdl,54096,International Paper Riverdale Mill,AL,Dallas,GEN1,OP,Wood/Wood Waste Biomass,ST,Industrial CHP,7,11.6,11.6,11.6,BLQ,NG,Y,Y,DFO,NG,BLQ,,,,N,, , , , ,,,,,,
9393,International Paper Co-Riverdl,54096,International Paper Riverdale Mill,AL,Dallas,GEN4,SB,Natural Gas Fired Combined Cycle,CT,Industrial CHP,7,38.2,38.2,38.2,NG,DFO,Y,Y,NG,DFO,,,,,N,, , , , ,,,,,,
9385,International Paper Co,54097,International Paper Texarkana Mill,TX,Cass,GEN1,OP,Wood/Wood Waste Biomass,ST,Industrial CHP,7,25.0,25,25,BLQ,NG,N,Y,BLQ,NG,RFO,,,,,, , , , ,,,,,,
9385,International Paper Co,54097,International Paper Texarkana Mill,TX,Cass,GEN2,OP,Wood/Wood Waste Biomass,ST,Industrial CHP,7,40.0,40,40,BLQ,OBS,N,Y,BLQ,WDS,NG,RFO,,,Y,Y,20,20,15,15,UNK,UNK,Y,,,Y
54738,Thilmany LLC,54098,Kaukauna Paper Mill,WI,Outagamie,GEN1,OP,Wood/Wood Waste Biomass,ST,Industrial CHP,7,6.0,6,6,BLQ,NG,Y,Y,BIT,PC,NG,WDS,BLQ,RFO,Y,Y,2,2,1,1,1H,1H,Y,,Y,
54738,Thilmany LLC,54098,Kaukauna Paper Mill,WI,Outagamie,GEN2,OP,Wood/Wood Waste Biomass,ST,Industrial CHP,7,11.0,11,11,BLQ,NG,Y,Y,BIT,PC,NG,WDS,BLQ,RFO,Y,Y,8,8,5,5,1H,1H,Y,,Y,
54738,Thilmany LLC,54098,Kaukauna Paper Mill,WI,Outagamie,GEN3,OP,Wood/Wood Waste Biomass,ST,Industrial CHP,7,15.6,15.6,15.6,BLQ,NG,Y,Y,BIT,PC,NG,WDS,BLQ,RFO,Y,Y,15,15,9,9,1H,1H,Y,,Y,
54738,Thilmany LLC,54098,Kaukauna Paper Mill,WI,Outagamie,GEN4,OP,Conventional Steam Coal,ST,Industrial CHP,7,12.0,12,12,BIT,PC,Y,Y,BIT,PC,NG,RFO,TDF,WDS,Y,Y,2,2,12,12,6H,6H,N,,,
7172,Georgia-Pacific Cedar Springs LLC,54101,Georgia-Pacific Cedar Springs,GA,Early,GEN1,OP,Wood/Wood Waste Biomass,ST,Industrial CHP,7,50.0,45,50,BLQ,WDS,Y,Y,BLQ,RFO,WDS,DFO,BIT,NG,N,, , , , ,,,,,,
7172,Georgia-Pacific Cedar Springs LLC,54101,Georgia-Pacific Cedar Springs,GA,Early,GEN2,OP,Wood/Wood Waste Biomass,ST,Industrial CHP,7,51.2,45,50,BLQ,WDS,Y,Y,BLQ,RFO,WDS,DFO,BIT,NG,N,, , , , ,,,,,,
5262,Domtar Industries Inc,54104,Ashdown,AR,Little River,GEN1,OP,Wood/Wood Waste Biomass,ST,Industrial CHP,7,19.5,17,17,BLQ,NG,Y,Y,WDS,NG,RFO,TDF,BIT,BLQ,Y,Y,15,15,10,10,UNK,UNK,Y,Y,Y,
5262,Domtar Industries Inc,54104,Ashdown,AR,Little River,GEN2,OP,Wood/Wood Waste Biomass,ST,Industrial CHP,7,47.0,40,40,BLQ,NG,Y,Y,WDS,BIT,NG,TDF,RFO,BLQ,Y,Y,15,15,10,10,UNK,UNK,Y,Y,Y,
5262,Domtar Industries Inc,54104,Ashdown,AR,Little River,GEN3,OP,Wood/Wood Waste Biomass,ST,Industrial CHP,7,45.0,33,33,BLQ,NG,Y,Y,BLQ,WDS,NG,TDF,RFO,BIT,Y,Y,15,15,10,10,UNK,UNK,Y,Y,Y,
5262,Domtar Industries Inc,54104,Ashdown,AR,Little River,GEN4,OP,Wood/Wood Waste Biomass,ST,Industrial CHP,7,45.0,38,38,BLQ,NG,Y,Y,BLQ,WDS,NG,TDF,BIT,RFO,Y,Y,15,15,10,10,UNK,UNK,Y,Y,Y,
10349,KIAC Partners,54114,Kennedy International Airport Cogen,NY,Queens,GEN1,OP,Natural Gas Fired Combined Cycle,CT,IPP CHP,3,47.1,48.6,49.8,NG,DFO,Y,N,,,,,,,Y,Y,48.6,49.8,48.6,49.8,1H,1H,N,,,
10349,KIAC Partners,54114,Kennedy International Airport Cogen,NY,Queens,GEN2,OP,Natural Gas Fired Combined Cycle,CT,IPP CHP,3,47.1,49.4,49.6,NG,DFO,Y,N,,,,,,,Y,Y,49.4,49.6,49.4,49.6,1H,1H,N,,,
50136,North American Energy Services,54131,Fortistar North Tonawanda,NY,Niagara,GEN1,OP,Natural Gas Fired Combined Cycle,CT,IPP CHP,3,38.3,41.6,49.2,NG,DFO,Y,Y,NG,DFO,,,,,Y,Y,42,50,38,40,1H,1H,Y,Y,Y,
13587,Nissequoque Cogen Partners,54149,Stony Brook Cogen Plant,NY,Suffolk,GEN1,OP,Natural Gas Fired Combustion Turbine,GT,IPP CHP,3,47.0,44.5,47.1,NG,DFO,Y,N,,,,,,,Y,Y,42,44,42,44,1H,1H,Y,Y,Y,
6738,Franklin Heating Station,54224,Franklin Heating Station,MN,Olmsted,DG6,SB,Natural Gas Internal Combustion Engine,IC,Commercial CHP,5,2.4,2.3,2.4,NG,DFO,Y,Y,NG,DFO,,,,,Y,Y,2.2,2.2,2.35,2.35,1H,1H,Y,,Y,
6738,Franklin Heating Station,54224,Franklin Heating Station,MN,Olmsted,DG7,SB,Natural Gas Internal Combustion Engine,IC,Commercial CHP,5,2.4,2.3,2.4,NG,DFO,Y,Y,NG,DFO,,,,,Y,Y,2.2,2.5,2.35,2.35,1H,1H,Y,,Y,
6738,Franklin Heating Station,54224,Franklin Heating Station,MN,Olmsted,GEN1,OP,Natural Gas Steam Turbine,ST,Commercial CHP,5,2.5,2,2,NG,DFO,Y,Y,NG,DFO,,,,,Y,Y,2,2,2,2,1H,1H,Y,,Y,
6738,Franklin Heating Station,54224,Franklin Heating Station,MN,Olmsted,GEN2,OP,Natural Gas Steam Turbine,ST,Commercial CHP,5,2.5,2,2,NG,DFO,Y,Y,NG,DFO,,,,,Y,Y,2,2,2,2,1H,1H,Y,,Y,
6738,Franklin Heating Station,54224,Franklin Heating Station,MN,Olmsted,GEN3,OP,Natural Gas Steam Turbine,ST,Commercial CHP,5,6.3,6.1,6.1,NG,DFO,Y,Y,NG,DFO,,,,,Y,Y,6.1,6.1,6.1,6.1,1H,1H,Y,,Y,
7209,The Gillette Company,54225,Gillette SBMC,MA,Suffolk,CTG3,OP,Natural Gas Fired Combustion Turbine,GT,Industrial CHP,7,7.2,7.2,7.2,NG,DFO,Y,N,,,,,,,Y,Y,7.2,7.6,6.2,7.2,1H,1H,Y,,Y,
5989,Erving Paper Mills Inc,54228,Erving Paper Mills,MA,Franklin,2,OP,Natural Gas Steam Turbine,ST,Industrial CHP,7,0.6,0.3,0.3,NG,OTH,Y,N,,,,,,,Y,Y,0.6,0.6,0.6,0.6,1H,1H,Y,Y,,
5989,Erving Paper Mills Inc,54228,Erving Paper Mills,MA,Franklin,3,OP,Natural Gas Fired Combustion Turbine,GT,Industrial CHP,7,5.6,5.6,5.6,NG,DFO,Y,N,,,,,,,Y,Y,3.7,6,3.7,6,1H,1H,N,,,
14928,Pfizer Inc,54236,Pfizer Groton Plant,CT,New London,GT-1,OP,Natural Gas Fired Combustion Turbine,GT,Industrial CHP,7,10.0,9.5,10.5,NG,DFO,Y,N,,,,,,,Y,Y,9.5,10.5,9.5,10.5,1H,1H,Y,,Y,
14928,Pfizer Inc,54236,Pfizer Groton Plant,CT,New London,TG 3,OP,Natural Gas Steam Turbine,ST,Industrial CHP,7,10.0,9.4,9.4,NG,DFO,Y,Y,NG,DFO,,,,,Y,Y,10,10,10,10,6H,6H,Y,,Y,
14928,Pfizer Inc,54236,Pfizer Groton Plant,CT,New London,TG 4,OP,Natural Gas Steam Turbine,ST,Industrial CHP,7,10.0,5,5,NG,DFO,Y,Y,NG,DFO,,,,,Y,Y,5,5,5,5,6H,6H,Y,,Y,
14928,Pfizer Inc,54236,Pfizer Groton Plant,CT,New London,TG5,OP,Natural Gas Steam Turbine,ST,Industrial CHP,7,7.5,7.5,7.5,NG,DFO,Y,Y,NG,DFO,,,,,Y,Y,7.5,7.5,7.5,7.5,6H,6H,Y,,Y,
13542,Newman & Co Inc,54250,Newman (PA),PA,Philadelphia,001,OP,Natural Gas Steam Turbine,ST,Industrial CHP,7,1.8,1.8,1.8,NG,RFO,Y,N,,,,,,,Y,Y,1.8,1.8,1.8,1.8,1H,1H,N,,,
17897,St Mary's Hospital,54262,Saint Marys Hospital Power Plant,MN,Olmsted,4,OP,Natural Gas Steam Turbine,ST,Commercial CHP,5,3.0,2.7,2.7,NG,DFO,Y,N,,,,,,,Y,Y,2.7,2.7,2.7,2.7,1H,1H,N,,,
17897,St Mary's Hospital,54262,Saint Marys Hospital Power Plant,MN,Olmsted,6,SB,Natural Gas Internal Combustion Engine,IC,Commercial CHP,5,2.7,2.7,2.7,NG,DFO,Y,N,,,,,,,Y,Y,2.5,2.5,2.6,2.6,UNK,UNK,Y,,Y,
58835,Akron Energy Systems LLC,54265,Akron Recycle Energy Plant,OH,Summit,1,OS,Wood/Wood Waste Biomass,ST,Commercial CHP,5,2.0,2,2,WDS,TDF,Y,Y,WDS,TDF,NG,WO,,,Y,Y,2,2,2,2,UNK,UNK,Y,Y,Y,
58835,Akron Energy Systems LLC,54265,Akron Recycle Energy Plant,OH,Summit,2,OS,Wood/Wood Waste Biomass,ST,Commercial CHP,5,2.0,2,2,WDS,TDF,Y,Y,WDS,TDF,NG,WO,,,Y,Y,2,2,2,2,UNK,UNK,Y,Y,Y,
11459,March Point Cogeneration Co,54268,March Point Cogeneration,WA,Skagit,GTG1,OP,Natural Gas Fired Combustion Turbine,GT,IPP CHP,3,46.6,39.6,42.1,NG,DFO,Y,Y,NG,OG,DFO,,,,Y,Y,39.6,42.1,39.6,41,24H,24H,Y,,Y,
16553,Saguaro Power Co,54271,Saguaro Power,NV,Clark,CTG1,OP,Natural Gas Fired Combined Cycle,CT,IPP CHP,3,45.1,36,38,NG,DFO,Y,Y,NG,DFO,,,,,Y,Y,36,38,36,35,1H,1H,Y,,Y,
16553,Saguaro Power Co,54271,Saguaro Power,NV,Clark,CTG2,OP,Natural Gas Fired Combined Cycle,CT,IPP CHP,3,45.1,36,38,NG,DFO,Y,Y,NG,DFO,,,,,Y,Y,36,38,36,35,1H,1H,Y,,Y,
9394,Interstate Paper LLC,54281,Interstate Paper LLC Riceboro,GA,Liberty,577A,OP,Wood/Wood Waste Biomass,ST,Industrial CHP,7,14.5,14.5,14.5,BLQ,WDS,Y,Y,NG,BLQ,TDF,WDS,,,N,, , , , ,,,,,,
30067,Rolls Royce Corp,54286,Rolls Royce,IN,Marion,N8OT,OP,Landfill Gas,GT,Industrial CHP,7,5.0,4,4.5,LFG,NG,Y,Y,LFG,NG,,,,,N,, , , , ,,,,,,
772,Archer Daniels Midland Co,54316,Archer Daniels Midland Southport,NC,Brunswick,GEN1,SB,Natural Gas Fired Combustion Turbine,GT,Industrial CHP,7,18.0,15,18,NG,DFO,Y,N,,,,,,,Y,Y,12,15,12,15,1H,1H,Y,Y,Y,Y
772,Archer Daniels Midland Co,54316,Archer Daniels Midland Southport,NC,Brunswick,GEN2,SB,Natural Gas Fired Combustion Turbine,GT,Industrial CHP,7,17.5,15,17.5,NG,DFO,Y,N,,,,,,,Y,Y,12,15,12,15,1H,1H,Y,Y,Y,Y
772,Archer Daniels Midland Co,54316,Archer Daniels Midland Southport,NC,Brunswick,GEN3,SB,Natural Gas Fired Combustion Turbine,GT,Industrial CHP,7,17.0,15,17,NG,DFO,Y,N,,,,,,,Y,Y,12,15,12,15,1H,1H,Y,Y,Y,Y
27770,Ocean State Power II,54324,Ocean State Power II,RI,Providence,GEN1,OP,Natural Gas Fired Combined Cycle,CT,IPP Non-CHP,2,82.8,71.2,77.8,NG,DFO,Y,Y,NG,DFO,,,,,Y,Y,75,82,75,82,1H,1H,Y,Y,Y,
27770,Ocean State Power II,54324,Ocean State Power II,RI,Providence,GEN2,OP,Natural Gas Fired Combined Cycle,CT,IPP Non-CHP,2,82.8,71.2,77.8,NG,DFO,Y,Y,NG,DFO,,,,,Y,Y,75,82,75,82,1H,1H,Y,Y,Y,
2468,Bucknell University,54333,Bucknell University,PA,Union,G001,OP,Natural Gas Fired Combined Cycle,CT,Commercial CHP,5,4.7,4.3,5.5,NG,DFO,Y,N,,,,,,,Y,Y,4.5,5.5,4.5,5.5,1H,1H,Y,,Y,
2468,Bucknell University,54333,Bucknell University,PA,Union,G502,OP,Natural Gas Fired Combined Cycle,CA,Commercial CHP,5,1.2,0.5,1.2,NG,DFO,Y,N,,,,,,,Y,Y,1.2,1.2,1.2,1.2,1H,1H,Y,,Y,
12986,Morton Salt Inc,54335,Morton Salt Rittman,OH,Wayne,GEN2,OP,Natural Gas Steam Turbine,ST,Industrial CHP,7,2.5,2.5,2.5,NG,BIT,Y,Y,BIT,NG,,,,,N,, , , , ,,,,,,
16098,"Rio Grande Valley Sugar Growers, Inc.",54338,Rio Grande Valley Sugar Growers,TX,Hidalgo,GENA,OP,Other Waste Biomass,ST,Industrial CHP,7,2.5,2.5,2.5,AB,NG,Y,Y,AB,NG,,,,,N,, , , , ,,,,,,
16098,"Rio Grande Valley Sugar Growers, Inc.",54338,Rio Grande Valley Sugar Growers,TX,Hidalgo,GENB,OP,Other Waste Biomass,ST,Industrial CHP,7,2.5,2.5,2.5,AB,NG,Y,Y,AB,NG,,,,,N,, , , , ,,,,,,
16098,"Rio Grande Valley Sugar Growers, Inc.",54338,Rio Grande Valley Sugar Growers,TX,Hidalgo,GENC,OP,Other Waste Biomass,ST,Industrial CHP,7,2.5,2.5,2.5,AB,NG,Y,Y,AB,NG,,,,,N,, , , , ,,,,,,
16098,"Rio Grande Valley Sugar Growers, Inc.",54338,Rio Grande Valley Sugar Growers,TX,Hidalgo,GEND,OP,Other Waste Biomass,ST,Industrial CHP,7,16.0,10,10,AB,NG,Y,Y,AB,NG,,,,,N,, , , , ,,,,,,
9353,International Paper Co-Augusta,54358,International Paper Augusta Mill,GA,Richmond,1,OP,Wood/Wood Waste Biomass,ST,Industrial CHP,7,27.0,25.3,25.4,BLQ,WDS,N,Y,BIT,NG,BLQ,WDS,,,N,, , , , ,,,,,,
9353,International Paper Co-Augusta,54358,International Paper Augusta Mill,GA,Richmond,2,OP,Wood/Wood Waste Biomass,ST,Industrial CHP,7,39.0,36.5,36.7,BLQ,WDS,N,Y,BIT,NG,BLQ,WDS,,,N,, , , , ,,,,,,
9353,International Paper Co-Augusta,54358,International Paper Augusta Mill,GA,Richmond,3,OP,Wood/Wood Waste Biomass,ST,Industrial CHP,7,18.7,17.5,17.6,BLQ,WDS,N,Y,BIT,NG,BLQ,WDS,,,N,, , , , ,,,,,,
22208,University of Colorado,54372,University of Colorado,CO,Boulder,GT1,OP,Natural Gas Fired Combined Cycle,CT,Commercial CHP,5,16.0,15,16,NG,DFO,Y,N,,,,,,,Y,N,15,15,15,15,1H,6H,Y,,Y,
22208,University of Colorado,54372,University of Colorado,CO,Boulder,GT2,OP,Natural Gas Fired Combined Cycle,CT,Commercial CHP,5,16.0,15,16,NG,DFO,Y,N,,,,,,,Y,N,15,15,15,15,1H,6H,Y,,Y,
18028,State of Wisconsin,54407,Waupun Correctional Central Heating Plt,WI,Dodge,1,OP,Natural Gas Steam Turbine,ST,Commercial CHP,5,1.0,0.2,0.3,NG,DFO,Y,Y,BIT,NG,DFO,WDS,,,N,, , , , ,,,,,,
18028,State of Wisconsin,54407,Waupun Correctional Central Heating Plt,WI,Dodge,2,OP,Natural Gas Steam Turbine,ST,Commercial CHP,5,1.0,0.5,0.8,NG,DFO,Y,Y,BIT,NG,DFO,WDS,,,Y,N,0.5,0.5,0.5,0.5,24H,24H,Y,Y,,
58945,EthosEnergy Power Plant Services,54424,Quantum Pasco Power LP,FL,Pasco,GT1,OP,Natural Gas Fired Combined Cycle,CT,IPP CHP,3,57.4,48.5,48.5,NG,DFO,Y,N,,,,,,,Y,Y,48.8,48.8,48.8,48.8,1H,1H,Y,Y,Y,
58945,EthosEnergy Power Plant Services,54424,Quantum Pasco Power LP,FL,Pasco,GT2,OP,Natural Gas Fired Combined Cycle,CT,IPP CHP,3,57.4,48.5,48.5,NG,DFO,Y,N,,,,,,,Y,Y,48.8,48.8,48.8,48.8,1H,1H,Y,Y,Y,
49901,Northern Star Generation Services Co LLC,54426,Mulberry Cogeneration Facility,FL,Polk,GT1,OP,Natural Gas Fired Combined Cycle,CT,IPP CHP,3,82.0,76,80,NG,DFO,Y,Y,DFO,,,,,,Y,Y,78,95,78,95,1H,1H,Y,Y,Y,
7043,Temple-Inland Corp,54427,Gaylord Container Bogalusa,LA,Washington,NO10,OP,Wood/Wood Waste Biomass,ST,Industrial CHP,7,37.0,34.4,34.8,WDS,BLQ,Y,Y,NG,WDS,,,,,N,, , , , ,,,,,,
7043,Temple-Inland Corp,54427,Gaylord Container Bogalusa,LA,Washington,NO8,OP,Wood/Wood Waste Biomass,ST,Industrial CHP,7,25.0,22.5,23.5,WDS,BLQ,Y,Y,NG,WDS,,,,,N,, , , , ,,,,,,
7043,Temple-Inland Corp,54427,Gaylord Container Bogalusa,LA,Washington,NO9,OP,Wood/Wood Waste Biomass,ST,Industrial CHP,7,37.5,34.9,35.3,WDS,BLQ,Y,Y,NG,WDS,,,,,N,, , , , ,,,,,,
38215,Phillips 66 - Los Angeles,54451,Los Angeles Refinery Wilmington,CA,Los Angeles,G2,OP,Other Gases,GT,Industrial CHP,7,58.5,45,48,OG,NG,Y,Y,OG,NG,,,,,N,, , , , ,,,,,,
16024,Riverwood Intl USA Inc,54464,Riverwood International Macon Mill,GA,Bibb,0001,OP,Wood/Wood Waste Biomass,ST,Industrial CHP,7,7.5,9,9,BLQ,WDS,Y,Y,BLQ,WDS,BIT,WO,NG,,Y,Y,9,9,0,0,UNK,UNK,Y,Y,Y,
16024,Riverwood Intl USA Inc,54464,Riverwood International Macon Mill,GA,Bibb,0002,OP,Wood/Wood Waste Biomass,ST,Industrial CHP,7,5.0,4.7,4.7,BLQ,WDS,Y,Y,BLQ,WDS,BIT,WO,NG,,Y,Y,4.7,4.7,0,0,UNK,UNK,Y,Y,Y,
16024,Riverwood Intl USA Inc,54464,Riverwood International Macon Mill,GA,Bibb,0003,OP,Wood/Wood Waste Biomass,ST,Industrial CHP,7,5.0,4.7,4.7,BLQ,WDS,Y,Y,BLQ,WDS,BIT,WO,NG,,Y,Y,4.7,4.7,0,0,UNK,UNK,Y,Y,Y,
16024,Riverwood Intl USA Inc,54464,Riverwood International Macon Mill,GA,Bibb,0004,OP,Wood/Wood Waste Biomass,ST,Industrial CHP,7,15.9,21.6,21.6,BLQ,WDS,Y,Y,BLQ,WDS,BIT,WO,NG,,Y,Y,21.6,21.6,0,0,UNK,UNK,Y,Y,Y,
16024,Riverwood Intl USA Inc,54464,Riverwood International Macon Mill,GA,Bibb,0005,OP,Wood/Wood Waste Biomass,ST,Industrial CHP,7,40.0,39.5,39.5,WDS,NG,Y,Y,WDS,NG,,,,,N,, , , , ,,,,,,
6831,Ft Worth City of,54520,Village Creek Water Reclamation Facility,TX,Tarrant,TG1,OP,Other Waste Biomass,GT,Commercial CHP,5,5.3,4.2,5.3,OBG,LFG,Y,Y,OBG,LFG,NG,,,,N,, , , , ,,,,,,
6831,Ft Worth City of,54520,Village Creek Water Reclamation Facility,TX,Tarrant,TG2,OP,Other Waste Biomass,GT,Commercial CHP,5,5.3,4.2,5.3,OBG,LFG,Y,Y,OBG,LFG,NG,,,,N,, , , , ,,,,,,
20541,Wheelabrator Environmental Systems,54529,Wheelabrator Ridge Energy,FL,Polk,0001,OP,Wood/Wood Waste Biomass,ST,IPP Non-CHP,2,45.5,47.1,47.1,WDS,TDF,Y,Y,WDS,TDF,LFG,,,,N,, , , , ,,,,,,
17604,Southern Minnesota Beet Sugar,54533,Southern Minnesota Beet Sugar,MN,Renville,0001,OP,Conventional Steam Coal,ST,Industrial CHP,7,7.5,7.5,7.5,SUB,NG,Y,Y,SUB,RFO,NG,,,,Y,Y,7.5,7.5,7.5,7.5,1H,1H,Y,,Y,Y
15500,Puget Sound Energy Inc,54537,Ferndale Generating Station,WA,Whatcom,CT1A,OP,Natural Gas Fired Combined Cycle,CT,Electric Utility,1,95.9,86,94,NG,DFO,Y,Y,NG,DFO,,,,,Y,Y,86,94,84.7,92.3,1H,1H,N,,,
15500,Puget Sound Energy Inc,54537,Ferndale Generating Station,WA,Whatcom,CT1B,OP,Natural Gas Fired Combined Cycle,CT,Electric Utility,1,95.9,86,94,NG,DFO,Y,Y,NG,DFO,,,,,Y,Y,86,94,84.7,92.3,1H,1H,N,,,
13994,Oglethorpe Power Corporation,54538,Hartwell Energy Facility,GA,Hart,MAG1,OP,Natural Gas Fired Combustion Turbine,GT,Electric Utility,1,180.0,149.5,174,NG,DFO,Y,N,,,,,,,Y,Y,150.96,174,150.96,174,1H,1H,Y,Y,,
13994,Oglethorpe Power Corporation,54538,Hartwell Energy Facility,GA,Hart,MAG2,OP,Natural Gas Fired Combustion Turbine,GT,Electric Utility,1,180.0,144.2,174,NG,DFO,Y,N,,,,,,,Y,Y,150.87,174,150.87,174,1H,1H,Y,Y,,
11169,Longview Fibre Co,54562,Longview Fibre,WA,Cowlitz,4,OP,Wood/Wood Waste Biomass,ST,Industrial CHP,7,10.0,10,10,BLQ,WDS,Y,Y,WDS,NG,OBL,,,,N,, , , , ,,,,,,
11169,Longview Fibre Co,54562,Longview Fibre,WA,Cowlitz,6,OP,Wood/Wood Waste Biomass,ST,Industrial CHP,7,20.0,22,22,BLQ,WDS,Y,Y,WDS,NG,OBL,,,,N,, , , , ,,,,,,
11169,Longview Fibre Co,54562,Longview Fibre,WA,Cowlitz,7,OP,Wood/Wood Waste Biomass,ST,Industrial CHP,7,25.0,25,25,BLQ,WDS,Y,Y,WDS,NG,OBL,,,,N,, , , , ,,,,,,
13943,Ocean County Utilities Auth,54569,Bayville Central Facility,NJ,Ocean,COG1,OP,Other Waste Biomass,IC,Commercial CHP,5,0.3,0.3,0.3,OBG,NG,Y,Y,OBG,NG,,,,,,, , , , ,,,,,,
13943,Ocean County Utilities Auth,54569,Bayville Central Facility,NJ,Ocean,COG2,OP,Other Waste Biomass,IC,Commercial CHP,5,0.3,0.3,0.3,OBG,NG,Y,Y,OBG,NG,,,,,,, , , , ,,,,,,
13943,Ocean County Utilities Auth,54569,Bayville Central Facility,NJ,Ocean,COG3,OP,Other Waste Biomass,IC,Commercial CHP,5,0.3,0.3,0.3,OBG,NG,Y,Y,OBG,NG,,,,,,, , , , ,,,,,,
56171,Bicent Power,54586,Tanner Street Generation,MA,Middlesex,TRENT,OP,Natural Gas Fired Combined Cycle,CT,IPP Non-CHP,2,57.9,58,58,NG,DFO,Y,N,,,,,,,Y,Y,58,58,58,58,1H,1H,Y,,Y,
56171,Bicent Power,54586,Tanner Street Generation,MA,Middlesex,VAX,OP,Natural Gas Fired Combined Cycle,CA,IPP Non-CHP,2,27.1,17,19,NG,DFO,Y,N,,,,,,,Y,Y,17,19,17,19,1H,1H,Y,,Y,
15253,Power City Partners LP,54592,Massena Energy Facility,NY,St Lawrence,GEN1,OP,Natural Gas Fired Combined Cycle,CT,IPP Non-CHP,2,66.5,46,56,NG,DFO,Y,N,,,,,,,Y,Y,46,59,46,59,1H,1H,Y,,Y,
56478,University of Michigan NCampus Research,54604,Warner Lambert,MI,Washtenaw,5164,OP,Natural Gas Fired Combustion Turbine,GT,Commercial CHP,5,3.0,2.8,3.2,NG,DFO,Y,N,,,,,,,Y,Y,2.6,3.5,2.6,3.5,1H,1H,Y,Y,,
21621,United Technologies,54605,Pratt & Whitney,CT,Hartford,FT-8,OA,Natural Gas Fired Combustion Turbine,GT,Industrial CHP,7,25.8,28,31,NG,DFO,Y,N,,,,,,,Y,Y,28,31,27,27,1H,1H,Y,Y,Y,
21622,The University of Texas at Dallas,54607,University of Texas at Dallas,TX,Collin,GEN1,SB,Natural Gas Internal Combustion Engine,IC,Commercial CHP,5,3.5,3.5,3.5,NG,DFO,Y,Y,NG,DFO,,,,,N,, , , , ,,,,,,
4417,Ingredion Inc - Winston Salem,54618,Ingredion Winston Salem,NC,Forsyth,7500,OP,Wood/Wood Waste Biomass,ST,Industrial CHP,7,7.5,6.6,6.6,WDS,BIT,Y,Y,WDS,BIT,,,,,N,, , , , ,,,,,,
4417,Ingredion Inc - Winston Salem,54618,Ingredion Winston Salem,NC,Forsyth,900,OP,Wood/Wood Waste Biomass,ST,Industrial CHP,7,0.9,0.4,0.5,WDS,BIT,Y,Y,WDS,BIT,,,,,N,, , , , ,,,,,,
12411,Miami Dade Water & Sewer Dept,54624,South District Wastewater Treatment Plt,FL,Miami Dade,1A,OP,Other Waste Biomass,IC,Commercial CHP,5,2.0,2,2,OBG,NG,Y,Y,OBG,NG,LFG,,,,N,, , , , ,,,,,,
12411,Miami Dade Water & Sewer Dept,54624,South District Wastewater Treatment Plt,FL,Miami Dade,2A,OP,Other Waste Biomass,IC,Commercial CHP,5,2.0,2,2,OBG,NG,Y,Y,OBG,NG,LFG,,,,N,, , , , ,,,,,,
12411,Miami Dade Water & Sewer Dept,54624,South District Wastewater Treatment Plt,FL,Miami Dade,3A,OP,Other Waste Biomass,IC,Commercial CHP,5,2.0,2,2,OBG,NG,Y,Y,OBG,NG,LFG,,,,N,, , , , ,,,,,,
12411,Miami Dade Water & Sewer Dept,54624,South District Wastewater Treatment Plt,FL,Miami Dade,4A,OP,Other Waste Biomass,IC,Commercial CHP,5,2.0,2,2,OBG,NG,Y,Y,OBG,NG,LFG,,,,N,, , , , ,,,,,,
13060,Mt Poso Cogeneration Co,54626,Mt Poso Cogeneration,CA,Kern,TG01,OP,Wood/Wood Waste Biomass,ST,IPP CHP,3,62.0,42.4,42.4,WDS,NG,Y,Y,WDS,NG,,,,,N,, , , , ,,,,,,
13492,New Hope Power Company,54627,Okeelanta Cogeneration,FL,Palm Beach,GEN1,OA,Other Waste Biomass,ST,IPP CHP,3,74.9,74.9,74.9,AB,NG,Y,Y,AB,DFO,NG,WDS,,,N,, , , , ,,,,,,
13492,New Hope Power Company,54627,Okeelanta Cogeneration,FL,Palm Beach,GEN2,OP,Other Waste Biomass,ST,IPP CHP,3,54.0,30,30,AB,NG,Y,Y,AB,DFO,NG,WDS,,,N,, , , , ,,,,,,
56137,Domtar LLC,54638,Johnsonburg Mill,PA,Elk,PT1,OP,Wood/Wood Waste Biomass,ST,Industrial CHP,7,54.0,49,49,BLQ,BIT,Y,Y,BLQ,BIT,NG,DFO,,,N,, , , , ,,,,,,
60789,Nautilus Power LLC,54640,NAEA Lakewood LLC,NJ,Ocean,GEN1,SB,Natural Gas Fired Combined Cycle,CT,IPP Non-CHP,2,77.9,77.2,84.9,NG,DFO,Y,N,,,,,,,Y,Y,69.2,92,69.2,83,1H,1H,Y,,Y,
60789,Nautilus Power LLC,54640,NAEA Lakewood LLC,NJ,Ocean,GEN2,SB,Natural Gas Fired Combined Cycle,CT,IPP Non-CHP,2,77.9,76.2,83.9,NG,DFO,Y,N,,,,,,,Y,Y,69.2,92,69.2,83,1H,1H,Y,,Y,
60789,Nautilus Power LLC,54640,NAEA Lakewood LLC,NJ,Ocean,GEN3,SB,Natural Gas Fired Combined Cycle,CA,IPP Non-CHP,2,81.0,79.7,82.2,NG,DFO,Y,N,,,,,,,Y,Y,79.7,270,79.7,256,UNK,UNK,Y,,Y,
9210,International Paper Co-Riegelwood,54656,International Paper Riegelwood Mill,NC,Columbus,NO 1,OP,Wood/Wood Waste Biomass,ST,Industrial CHP,7,7.5,7.8,8.3,BLQ,NG,Y,Y,BLQ,WDS,RFO,NG,,,Y,Y,7.5,7.5,7.5,7.5,UNK,UNK,N,,,
9210,International Paper Co-Riegelwood,54656,International Paper Riegelwood Mill,NC,Columbus,NO 2,OP,Wood/Wood Waste Biomass,ST,Industrial CHP,7,10.0,8.3,8.7,BLQ,NG,Y,Y,BLQ,WDS,RFO,NG,,,Y,Y,8,8,8,8,UNK,UNK,N,,,
9210,International Paper Co-Riegelwood,54656,International Paper Riegelwood Mill,NC,Columbus,NO3,OP,Wood/Wood Waste Biomass,ST,Industrial CHP,7,44.0,44.5,40.7,BLQ,NG,Y,Y,BLQ,WDS,RFO,NG,,,Y,Y,40,40,40,40,UNK,UNK,N,,,
8927,Hunterdon Cogeneration LP,54707,Hunterdon Cogen Facility,NJ,Hunterdon,1,SB,Natural Gas Fired Combustion Turbine,GT,Commercial CHP,5,4.1,4.1,4.1,NG,DFO,Y,N,,,,,,,Y,Y,4.1,4.1,4.1,4.1,1H,1H,Y,,Y,
14989,Freeport McMoRan Inc,54734,Freeport McMoRan,NM,Grant,1,SB,Petroleum Liquids,IC,Industrial Non-CHP,6,3.0,2.9,2.9,DFO,NG,Y,N,,,,,,,Y,Y,2.5,2.5,2.5,2.5,UNK,UNK,Y,,Y,
14989,Freeport McMoRan Inc,54734,Freeport McMoRan,NM,Grant,10,OS,Petroleum Liquids,IC,Industrial Non-CHP,6,3.0,2.9,2.9,DFO,NG,Y,N,,,,,,,Y,Y,2.5,2.5,2.5,2.5,UNK,UNK,Y,,Y,
14989,Freeport McMoRan Inc,54734,Freeport McMoRan,NM,Grant,11,SB,Petroleum Liquids,IC,Industrial Non-CHP,6,3.0,2.9,2.9,DFO,NG,Y,N,,,,,,,Y,Y,2.5,2.5,2.5,2.5,UNK,UNK,Y,,Y,
14989,Freeport McMoRan Inc,54734,Freeport McMoRan,NM,Grant,12,SB,Petroleum Liquids,IC,Industrial Non-CHP,6,3.0,2.9,2.9,DFO,NG,Y,N,,,,,,,Y,Y,2.5,2.5,2.5,2.5,UNK,UNK,Y,,Y,
14989,Freeport McMoRan Inc,54734,Freeport McMoRan,NM,Grant,13,SB,Petroleum Liquids,IC,Industrial Non-CHP,6,3.0,2.9,2.9,DFO,NG,Y,N,,,,,,,Y,Y,2.5,2.5,2.5,2.5,UNK,UNK,Y,,Y,
14989,Freeport McMoRan Inc,54734,Freeport McMoRan,NM,Grant,14,SB,Petroleum Liquids,IC,Industrial Non-CHP,6,3.0,2.9,2.9,DFO,NG,Y,N,,,,,,,Y,Y,2.5,2.5,2.5,2.5,UNK,UNK,Y,,Y,
14989,Freeport McMoRan Inc,54734,Freeport McMoRan,NM,Grant,15,SB,Petroleum Liquids,IC,Industrial Non-CHP,6,3.1,2.9,2.9,DFO,NG,Y,N,,,,,,,Y,Y,2.5,2.5,2.5,2.5,UNK,UNK,Y,,Y,
14989,Freeport McMoRan Inc,54734,Freeport McMoRan,NM,Grant,2,OS,Petroleum Liquids,IC,Industrial Non-CHP,6,3.0,2.9,2.9,DFO,NG,Y,N,,,,,,,Y,Y,2.5,2.5,2.5,2.5,UNK,UNK,Y,,Y,
14989,Freeport McMoRan Inc,54734,Freeport McMoRan,NM,Grant,3,SB,Petroleum Liquids,IC,Industrial Non-CHP,6,3.1,2.9,2.9,DFO,NG,Y,N,,,,,,,Y,Y,2.5,2.5,2.5,2.5,UNK,UNK,Y,,Y,
14989,Freeport McMoRan Inc,54734,Freeport McMoRan,NM,Grant,4,SB,Petroleum Liquids,IC,Industrial Non-CHP,6,3.1,2.9,2.9,DFO,NG,Y,N,,,,,,,Y,Y,2.5,2.5,2.5,2.5,UNK,UNK,Y,,Y,
14989,Freeport McMoRan Inc,54734,Freeport McMoRan,NM,Grant,5,OS,Petroleum Liquids,IC,Industrial Non-CHP,6,3.0,2.9,2.9,DFO,NG,Y,N,,,,,,,Y,Y,2.5,2.5,2.5,2.5,UNK,UNK,Y,,Y,
14989,Freeport McMoRan Inc,54734,Freeport McMoRan,NM,Grant,6,OS,Petroleum Liquids,IC,Industrial Non-CHP,6,3.0,2.9,2.9,DFO,NG,Y,N,,,,,,,Y,Y,2.5,2.5,2.5,2.5,UNK,UNK,Y,,Y,
14989,Freeport McMoRan Inc,54734,Freeport McMoRan,NM,Grant,7,SB,Petroleum Liquids,IC,Industrial Non-CHP,6,3.1,2.9,2.9,DFO,NG,Y,N,,,,,,,Y,Y,2.5,2.5,2.5,2.5,UNK,UNK,Y,,Y,
14989,Freeport McMoRan Inc,54734,Freeport McMoRan,NM,Grant,8,SB,Petroleum Liquids,IC,Industrial Non-CHP,6,3.0,2.9,2.9,DFO,NG,Y,N,,,,,,,Y,Y,2.5,2.5,2.5,2.5,UNK,UNK,Y,,Y,
14989,Freeport McMoRan Inc,54734,Freeport McMoRan,NM,Grant,9,OS,Petroleum Liquids,IC,Industrial Non-CHP,6,3.0,2.9,2.9,DFO,NG,Y,N,,,,,,,Y,Y,2.5,2.5,2.5,2.5,UNK,UNK,Y,,Y,
3836,CMS Generation Operating LLC,54751,Genesee Power Station LP,MI,Genesee,GEN1,OP,Wood/Wood Waste Biomass,ST,IPP Non-CHP,2,39.5,35,35,WDS,TDF,Y,Y,WDS,TDF,,,,,N,, , , , ,,,,,,
56291,International Paper Co.,54752,Weyerhaeuser Pine Hill Operations,AL,Wilcox,NO1,OP,Wood/Wood Waste Biomass,ST,Industrial CHP,7,40.0,40,40,WDS,NG,Y,Y,NG,WDS,,,,,N,, , , , ,,,,,,
56291,International Paper Co.,54752,Weyerhaeuser Pine Hill Operations,AL,Wilcox,NO2,OP,Wood/Wood Waste Biomass,ST,Industrial CHP,7,37.4,34.8,35.1,BLQ,RFO,Y,Y,NG,BLQ,RFO,,,,N,N,6, ,20, ,,,,,,
59976,"WestRock Mill Company, LLC",54763,Rock-Tenn Mill,AL,Marengo,2TG,OP,Wood/Wood Waste Biomass,ST,Industrial CHP,7,12.5,8.6,10.8,BLQ,WDS,N,Y,DFO,BIT,NG,,,,N,, , , , ,,,,,,
5178,Dinwiddie Power Inc,54766,Boydton Plank Road Cogen Plant,VA,Dinwiddie,GEN1,OP,Petroleum Liquids,IC,IPP Non-CHP,2,0.3,0.3,0.3,DFO,NG,Y,Y,DFO,NG,,,,,N,, , , , ,,,,,,
5178,Dinwiddie Power Inc,54766,Boydton Plank Road Cogen Plant,VA,Dinwiddie,GEN10,OP,Petroleum Liquids,IC,IPP Non-CHP,2,0.3,0.3,0.3,DFO,NG,Y,Y,DFO,NG,,,,,N,, , , , ,,,,,,
5178,Dinwiddie Power Inc,54766,Boydton Plank Road Cogen Plant,VA,Dinwiddie,GEN11,OP,Petroleum Liquids,IC,IPP Non-CHP,2,0.3,0.3,0.3,DFO,NG,Y,Y,DFO,NG,,,,,N,, , , , ,,,,,,
5178,Dinwiddie Power Inc,54766,Boydton Plank Road Cogen Plant,VA,Dinwiddie,GEN12,OP,Petroleum Liquids,IC,IPP Non-CHP,2,0.3,0.3,0.3,DFO,NG,Y,Y,DFO,NG,,,,,N,, , , , ,,,,,,
5178,Dinwiddie Power Inc,54766,Boydton Plank Road Cogen Plant,VA,Dinwiddie,GEN13,OP,Petroleum Liquids,IC,IPP Non-CHP,2,0.3,0.3,0.3,DFO,NG,Y,Y,DFO,NG,,,,,N,, , , , ,,,,,,
5178,Dinwiddie Power Inc,54766,Boydton Plank Road Cogen Plant,VA,Dinwiddie,GEN14,OP,Petroleum Liquids,IC,IPP Non-CHP,2,0.3,0.3,0.3,DFO,NG,Y,Y,WO,NG,,,,,N,, , , , ,,,,,,
5178,Dinwiddie Power Inc,54766,Boydton Plank Road Cogen Plant,VA,Dinwiddie,GEN15,OP,Petroleum Liquids,IC,IPP Non-CHP,2,0.3,0.3,0.3,DFO,NG,Y,Y,DFO,NG,,,,,N,, , , , ,,,,,,
5178,Dinwiddie Power Inc,54766,Boydton Plank Road Cogen Plant,VA,Dinwiddie,GEN16,OP,Petroleum Liquids,IC,IPP Non-CHP,2,0.3,0.3,0.3,DFO,NG,Y,Y,DFO,NG,,,,,N,, , , , ,,,,,,
5178,Dinwiddie Power Inc,54766,Boydton Plank Road Cogen Plant,VA,Dinwiddie,GEN17,OP,Petroleum Liquids,IC,IPP Non-CHP,2,0.3,0.3,0.3,DFO,NG,Y,Y,DFO,NG,,,,,N,, , , , ,,,,,,
5178,Dinwiddie Power Inc,54766,Boydton Plank Road Cogen Plant,VA,Dinwiddie,GEN18,OP,Petroleum Liquids,IC,IPP Non-CHP,2,0.3,0.3,0.3,DFO,NG,Y,Y,DFO,NG,,,,,N,, , , , ,,,,,,
5178,Dinwiddie Power Inc,54766,Boydton Plank Road Cogen Plant,VA,Dinwiddie,GEN19,OP,Petroleum Liquids,IC,IPP Non-CHP,2,0.3,0.3,0.3,DFO,NG,Y,Y,DFO,NG,,,,,N,, , , , ,,,,,,
5178,Dinwiddie Power Inc,54766,Boydton Plank Road Cogen Plant,VA,Dinwiddie,GEN2,OP,Petroleum Liquids,IC,IPP Non-CHP,2,0.3,0.3,0.3,DFO,NG,Y,Y,DFO,NG,,,,,N,, , , , ,,,,,,
5178,Dinwiddie Power Inc,54766,Boydton Plank Road Cogen Plant,VA,Dinwiddie,GEN20,OP,Petroleum Liquids,IC,IPP Non-CHP,2,0.3,0.3,0.3,DFO,NG,Y,Y,DFO,NG,,,,,N,, , , , ,,,,,,
5178,Dinwiddie Power Inc,54766,Boydton Plank Road Cogen Plant,VA,Dinwiddie,GEN21,OP,Petroleum Liquids,IC,IPP Non-CHP,2,0.3,0.3,0.3,DFO,NG,Y,Y,DFO,NG,,,,,N,, , , , ,,,,,,
5178,Dinwiddie Power Inc,54766,Boydton Plank Road Cogen Plant,VA,Dinwiddie,GEN22,OP,Petroleum Liquids,IC,IPP Non-CHP,2,0.3,0.3,0.3,DFO,NG,Y,Y,DFO,NG,,,,,N,, , , , ,,,,,,
5178,Dinwiddie Power Inc,54766,Boydton Plank Road Cogen Plant,VA,Dinwiddie,GEN23,OP,Petroleum Liquids,IC,IPP Non-CHP,2,0.3,0.3,0.3,DFO,NG,Y,Y,DFO,NG,,,,,N,, , , , ,,,,,,
5178,Dinwiddie Power Inc,54766,Boydton Plank Road Cogen Plant,VA,Dinwiddie,GEN24,OP,Petroleum Liquids,IC,IPP Non-CHP,2,0.3,0.3,0.3,DFO,NG,Y,Y,DFO,NG,,,,,N,, , , , ,,,,,,
5178,Dinwiddie Power Inc,54766,Boydton Plank Road Cogen Plant,VA,Dinwiddie,GEN25,OP,Petroleum Liquids,IC,IPP Non-CHP,2,0.3,0.3,0.3,DFO,NG,Y,Y,DFO,NG,,,,,N,, , , , ,,,,,,
5178,Dinwiddie Power Inc,54766,Boydton Plank Road Cogen Plant,VA,Dinwiddie,GEN26,OP,Petroleum Liquids,IC,IPP Non-CHP,2,0.3,0.3,0.3,DFO,NG,Y,Y,DFO,NG,,,,,N,, , , , ,,,,,,
5178,Dinwiddie Power Inc,54766,Boydton Plank Road Cogen Plant,VA,Dinwiddie,GEN27,OP,Petroleum Liquids,IC,IPP Non-CHP,2,0.3,0.3,0.3,DFO,NG,Y,Y,DFO,NG,,,,,N,, , , , ,,,,,,
5178,Dinwiddie Power Inc,54766,Boydton Plank Road Cogen Plant,VA,Dinwiddie,GEN28,OP,Petroleum Liquids,IC,IPP Non-CHP,2,0.3,0.3,0.3,DFO,NG,Y,Y,DFO,NG,,,,,N,, , , , ,,,,,,
5178,Dinwiddie Power Inc,54766,Boydton Plank Road Cogen Plant,VA,Dinwiddie,GEN29,OP,Petroleum Liquids,IC,IPP Non-CHP,2,0.3,0.3,0.3,DFO,NG,Y,Y,DFO,NG,,,,,N,, , , , ,,,,,,
5178,Dinwiddie Power Inc,54766,Boydton Plank Road Cogen Plant,VA,Dinwiddie,GEN3,OP,Petroleum Liquids,IC,IPP Non-CHP,2,0.3,0.3,0.3,DFO,NG,Y,Y,DFO,NG,,,,,N,, , , , ,,,,,,
5178,Dinwiddie Power Inc,54766,Boydton Plank Road Cogen Plant,VA,Dinwiddie,GEN30,OP,Petroleum Liquids,IC,IPP Non-CHP,2,0.3,0.3,0.3,DFO,NG,Y,Y,DFO,NG,,,,,N,, , , , ,,,,,,
5178,Dinwiddie Power Inc,54766,Boydton Plank Road Cogen Plant,VA,Dinwiddie,GEN31,OP,Petroleum Liquids,IC,IPP Non-CHP,2,0.3,0.3,0.3,DFO,NG,Y,Y,DFO,NG,,,,,N,, , , , ,,,,,,
5178,Dinwiddie Power Inc,54766,Boydton Plank Road Cogen Plant,VA,Dinwiddie,GEN32,OP,Petroleum Liquids,IC,IPP Non-CHP,2,0.3,0.3,0.3,DFO,NG,Y,Y,DFO,NG,,,,,N,, , , , ,,,,,,
5178,Dinwiddie Power Inc,54766,Boydton Plank Road Cogen Plant,VA,Dinwiddie,GEN33,OP,Petroleum Liquids,IC,IPP Non-CHP,2,0.3,0.3,0.3,DFO,NG,Y,Y,DFO,NG,,,,,N,, , , , ,,,,,,
5178,Dinwiddie Power Inc,54766,Boydton Plank Road Cogen Plant,VA,Dinwiddie,GEN34,OP,Petroleum Liquids,IC,IPP Non-CHP,2,0.3,0.3,0.3,DFO,NG,Y,Y,DFO,NG,,,,,N,, , , , ,,,,,,
5178,Dinwiddie Power Inc,54766,Boydton Plank Road Cogen Plant,VA,Dinwiddie,GEN4,OP,Petroleum Liquids,IC,IPP Non-CHP,2,0.3,0.3,0.3,DFO,NG,Y,Y,DFO,NG,,,,,N,, , , , ,,,,,,
5178,Dinwiddie Power Inc,54766,Boydton Plank Road Cogen Plant,VA,Dinwiddie,GEN5,OP,Petroleum Liquids,IC,IPP Non-CHP,2,0.3,0.3,0.3,DFO,NG,Y,Y,DFO,NG,,,,,N,, , , , ,,,,,,
5178,Dinwiddie Power Inc,54766,Boydton Plank Road Cogen Plant,VA,Dinwiddie,GEN6,OP,Petroleum Liquids,IC,IPP Non-CHP,2,0.3,0.3,0.3,DFO,NG,Y,Y,DFO,NG,,,,,N,, , , , ,,,,,,
5178,Dinwiddie Power Inc,54766,Boydton Plank Road Cogen Plant,VA,Dinwiddie,GEN7,OP,Petroleum Liquids,IC,IPP Non-CHP,2,0.3,0.3,0.3,DFO,NG,Y,Y,DFO,NG,,,,,N,, , , , ,,,,,,
5178,Dinwiddie Power Inc,54766,Boydton Plank Road Cogen Plant,VA,Dinwiddie,GEN8,OP,Petroleum Liquids,IC,IPP Non-CHP,2,0.3,0.3,0.3,DFO,NG,Y,Y,DFO,NG,,,,,N,, , , , ,,,,,,
5178,Dinwiddie Power Inc,54766,Boydton Plank Road Cogen Plant,VA,Dinwiddie,GEN9,OP,Petroleum Liquids,IC,IPP Non-CHP,2,0.3,0.3,0.3,DFO,NG,Y,Y,DFO,NG,,,,,N,, , , , ,,,,,,
19539,University of Iowa,54775,University of Iowa Main Power Plant,IA,Johnson,GEN1,OP,Conventional Steam Coal,ST,Commercial CHP,5,3.0,3,3,BIT,NG,Y,Y,BIT,OBS,NG,,,,N,, , , , ,,,,,,
19539,University of Iowa,54775,University of Iowa Main Power Plant,IA,Johnson,GEN2,OP,Conventional Steam Coal,ST,Commercial CHP,5,3.0,3,3,BIT,NG,Y,Y,BIT,OBS,NG,,,,N,, , , , ,,,,,,
19539,University of Iowa,54775,University of Iowa Main Power Plant,IA,Johnson,GEN6,OP,Conventional Steam Coal,ST,Commercial CHP,5,15.0,15,15,BIT,NG,Y,Y,BIT,OBS,NG,,,,N,, , , , ,,,,,,
14030,Oklahoma State University,54779,Oklahoma State University,OK,Payne,GEN1,OP,Natural Gas Steam Turbine,ST,Commercial CHP,5,1.5,1.6,1.6,NG,DFO,Y,Y,NG,DFO,,,,,Y,Y,1.6,1.6,1.6,1.6,6H,6H,N,,,
14030,Oklahoma State University,54779,Oklahoma State University,OK,Payne,GEN2,OP,Natural Gas Steam Turbine,ST,Commercial CHP,5,1.5,1.6,1.8,NG,DFO,Y,Y,NG,DFO,,,,,Y,Y,1.6,1.6,1.6,1.6,6H,6H,N,,,
14030,Oklahoma State University,54779,Oklahoma State University,OK,Payne,GEN4,OP,Natural Gas Steam Turbine,ST,Commercial CHP,5,5.0,5.2,5.6,NG,DFO,Y,Y,NG,DFO,,,,,Y,Y,5.2,5.2,5.2,5.2,6H,6H,N,,,
19528,University of Illinois,54780,University of Illinois Abbott Power Plt,IL,Champaign,T1,OP,Natural Gas Steam Turbine,ST,Commercial CHP,5,3.0,3,3,NG,BIT,Y,Y,NG,DFO,,,,,Y,Y,3,3,3,3,6H,6H,Y,,Y,
19528,University of Illinois,54780,University of Illinois Abbott Power Plt,IL,Champaign,T10,OP,Natural Gas Steam Turbine,ST,Commercial CHP,5,12.5,12.5,12.5,NG,BIT,Y,Y,DFO,NG,BIT,,,,Y,Y,12.5,12.5,12.5,12.5,24H,24H,Y,,Y,
19528,University of Illinois,54780,University of Illinois Abbott Power Plt,IL,Champaign,T11,OP,Natural Gas Steam Turbine,ST,Commercial CHP,5,12.5,12.5,12.5,NG,BIT,Y,Y,DFO,NG,BIT,,,,Y,Y,12.5,12.5,12.5,12.5,24H,24H,Y,,Y,
19528,University of Illinois,54780,University of Illinois Abbott Power Plt,IL,Champaign,T12,OP,Natural Gas Steam Turbine,ST,Commercial CHP,5,7.0,7,7,NG,BIT,Y,Y,DFO,NG,BIT,,,,Y,Y,7,7,7,7,24H,24H,Y,,Y,
19528,University of Illinois,54780,University of Illinois Abbott Power Plt,IL,Champaign,T2,OP,Natural Gas Steam Turbine,ST,Commercial CHP,5,3.0,3,3,NG,BIT,Y,Y,NG,DFO,,,,,Y,Y,3,3,3,3,6H,6H,Y,,Y,
19528,University of Illinois,54780,University of Illinois Abbott Power Plt,IL,Champaign,T3,OP,Natural Gas Steam Turbine,ST,Commercial CHP,5,3.0,3,3,NG,BIT,Y,Y,NG,DFO,,,,,Y,Y,3,3,3,3,6H,6H,Y,,Y,
19528,University of Illinois,54780,University of Illinois Abbott Power Plt,IL,Champaign,T4,OP,Natural Gas Steam Turbine,ST,Commercial CHP,5,3.0,3,3,NG,BIT,Y,Y,NG,DFO,,,,,Y,Y,3,3,3,3,6H,6H,Y,,Y,
19528,University of Illinois,54780,University of Illinois Abbott Power Plt,IL,Champaign,T6,OP,Natural Gas Steam Turbine,ST,Commercial CHP,5,7.5,7.5,7.5,NG,BIT,Y,Y,NG,DFO,BIT,,,,Y,Y,7.5,7.5,7.5,7.5,24H,24H,Y,,Y,
19528,University of Illinois,54780,University of Illinois Abbott Power Plt,IL,Champaign,T7,OP,Natural Gas Steam Turbine,ST,Commercial CHP,5,7.5,7.5,7.5,NG,BIT,Y,Y,NG,DFO,BIT,,,,Y,Y,7.5,7.5,7.5,7.5,24H,24H,Y,,Y,
19528,University of Illinois,54780,University of Illinois Abbott Power Plt,IL,Champaign,T8,OP,Natural Gas Fired Combustion Turbine,GT,Commercial CHP,5,13.0,11,15,NG,DFO,Y,Y,NG,DFO,,,,,Y,Y,11,15,10,13,24H,24H,Y,,Y,
19528,University of Illinois,54780,University of Illinois Abbott Power Plt,IL,Champaign,T9,OP,Natural Gas Fired Combustion Turbine,GT,Commercial CHP,5,13.0,11,15,NG,DFO,Y,Y,NG,DFO,,,,,Y,Y,11,15,10,13,24H,24H,Y,,Y,
7564,Grays Ferry Cogen Partnership,54785,Grays Ferry Cogeneration,PA,Philadelphia,GEN1,OP,Natural Gas Fired Combined Cycle,CA,IPP CHP,3,57.6,56.6,56.6,NG,DFO,Y,Y,DFO,,,,,,Y,Y,56.6,56.6,56.6,56.6,6H,6H,N,,,
55932,Georgia-Pacific Brewton LLC,54789,Georgia-Pacific Brewton Mill,AL,Escambia,1TG,OP,Wood/Wood Waste Biomass,ST,Industrial CHP,7,12.5,11.4,10.4,BLQ,NG,Y,Y,DFO,RFO,WDS,BLQ,,,Y,Y,12.5,12.5,12,12,6H,6H,Y,,,Y
55932,Georgia-Pacific Brewton LLC,54789,Georgia-Pacific Brewton Mill,AL,Escambia,2TG,OP,Wood/Wood Waste Biomass,ST,Industrial CHP,7,12.5,12.6,13.2,BLQ,NG,Y,Y,NG,RFO,WDS,BLQ,,,Y,Y,12.5,12.5,12,12,6H,6H,Y,,,Y
55932,Georgia-Pacific Brewton LLC,54789,Georgia-Pacific Brewton Mill,AL,Escambia,3TG,OP,Wood/Wood Waste Biomass,ST,Industrial CHP,7,15.9,15.5,16.2,BLQ,NG,Y,Y,NG,RFO,WDS,BLQ,,,Y,Y,15.9,15.9,14,14,6H,6H,Y,,,Y
5277,"American Sugar Refining, Inc.",54795,Domino Sugar Baltimore,MD,Baltimore City,GEN1,OP,Natural Gas Steam Turbine,ST,Industrial CHP,7,5.0,5,5,NG,RFO,Y,N,,,,,,,Y,N,5,5,5,5,1H,1H,Y,Y,Y,Y
5277,"American Sugar Refining, Inc.",54795,Domino Sugar Baltimore,MD,Baltimore City,GEN2,OP,Natural Gas Steam Turbine,ST,Industrial CHP,7,2.5,2.5,2.5,NG,RFO,Y,N,,,,,,,Y,N,2.5,2.5,2.5,2.5,1H,1H,Y,Y,Y,Y
12222,Mead Coated Board Inc,54802,Mead Coated Board,AL,Russell,GEN1,OP,Wood/Wood Waste Biomass,ST,Industrial CHP,7,32.0,32,32,BLQ,WDS,Y,Y,WDS,BLQ,NG,DFO,,,N,, , , , ,,,,,,
12222,Mead Coated Board Inc,54802,Mead Coated Board,AL,Russell,GEN2,OP,Wood/Wood Waste Biomass,ST,Industrial CHP,7,55.5,55.5,55.5,BLQ,WDS,Y,Y,WDS,BLQ,NG,DFO,,,N,, , , , ,,,,,,
13491,New York University,54808,New York University Central Plant,NY,New York,GT1,OP,Natural Gas Fired Combined Cycle,CT,Commercial CHP,5,5.5,5.5,5.5,NG,DFO,Y,Y,NG,DFO,,,,,Y,Y,5.5,5.5,5.5,5.5,1H,1H,Y,Y,,
13491,New York University,54808,New York University Central Plant,NY,New York,GT2,OP,Natural Gas Fired Combined Cycle,CT,Commercial CHP,5,5.5,5.5,5.5,NG,DFO,Y,Y,NG,DFO,,,,,Y,Y,5.5,5.5,5.5,5.5,1H,1H,Y,Y,,
19664,University of Washington,54809,University of Washington Power Plant,WA,King,TG2,OP,Natural Gas Steam Turbine,ST,Commercial CHP,5,5.0,5,5,NG,DFO,Y,Y,NG,DFO,,,,,Y,Y,1,5,1,5,6H,6H,Y,Y,Y,
2172,Brazos Electric Power Coop Inc,54817,Johnson County,TX,Johnson,GT-1,OP,Natural Gas Fired Combined Cycle,CT,Electric Utility,1,178.2,163,174,NG,DFO,Y,Y,NG,DFO,,,,,Y,Y,163,177,152,177,6H,6H,Y,,Y,
2265,Bristol-Myers Squibb Co,54829,Bristol Myers Squibb New Brunswick,NJ,Middlesex,GEN1,OP,Natural Gas Fired Combustion Turbine,GT,Industrial CHP,7,9.5,8.8,10.5,NG,DFO,Y,N,,,,,,,Y,N,8.8,10.5,8.8,10.5,1H,1H,Y,Y,Y,
2265,Bristol-Myers Squibb Co,54829,Bristol Myers Squibb New Brunswick,NJ,Middlesex,GEN2,SB,Natural Gas Steam Turbine,ST,Industrial CHP,7,1.0,0.6,1,NG,DFO,Y,N,,,,,,,Y,N,0.6,1,0.6,1,1H,1H,Y,Y,Y,
14410,"KMC Thermo, LLC",54832,Brandywine Power Facility,MD,Prince Georges,1,OP,Natural Gas Fired Combined Cycle,CT,IPP CHP,3,98.7, , ,NG,DFO,Y,N,,,,,,,Y,Y,72,84,72,84,1H,1H,Y,,Y,
14410,"KMC Thermo, LLC",54832,Brandywine Power Facility,MD,Prince Georges,2,OP,Natural Gas Fired Combined Cycle,CT,IPP CHP,3,98.7, , ,NG,DFO,Y,N,,,,,,,Y,Y,72,84,72,84,1H,1H,Y,,Y,
14410,"KMC Thermo, LLC",54832,Brandywine Power Facility,MD,Prince Georges,3,OP,Natural Gas Fired Combined Cycle,CA,IPP CHP,3,91.4,230,230,NG,DFO,Y,N,,,,,,,Y,Y,86,86,86,86,1H,1H,Y,,Y,
19876,Virginia Electric & Power Co,54844,Gordonsville Energy LP,VA,Louisa,GOR1,OP,Natural Gas Fired Combined Cycle,CT,Electric Utility,1,97.2,68.4,84.3,NG,DFO,Y,N,,,,,,,Y,Y,71.4,135,71.4,135,OVER,1H,Y,Y,Y,
19876,Virginia Electric & Power Co,54844,Gordonsville Energy LP,VA,Louisa,GOR2,OP,Natural Gas Fired Combined Cycle,CT,Electric Utility,1,97.2,68.4,82.3,NG,DFO,Y,N,,,,,,,Y,Y,68.4,133,68.4,133,OVER,1H,Y,Y,Y,
12619,Milwaukee Metro Sewerage Dist,54851,MMSD Jones Island Wastewater,WI,Milwaukee,GEN1,OP,Natural Gas Fired Combustion Turbine,GT,Commercial CHP,5,17.5,13,15,NG,DFO,Y,Y,NG,DFO,,,,,Y,Y,13,13,13,13,1H,1H,Y,Y,Y,
12619,Milwaukee Metro Sewerage Dist,54851,MMSD Jones Island Wastewater,WI,Milwaukee,SOL1,OP,Landfill Gas,GT,Commercial CHP,5,4.6,4.6,4.6,LFG,NG,Y,Y,LFG,NG,,,,,N,, , , , ,,,,,,
12619,Milwaukee Metro Sewerage Dist,54851,MMSD Jones Island Wastewater,WI,Milwaukee,SOL2,OP,Landfill Gas,GT,Commercial CHP,5,4.6,4.6,4.6,LFG,NG,Y,Y,LFG,NG,,,,,N,, , , , ,,,,,,
12619,Milwaukee Metro Sewerage Dist,54851,MMSD Jones Island Wastewater,WI,Milwaukee,SOL3,OP,Landfill Gas,GT,Commercial CHP,5,4.6,4.6,4.6,LFG,NG,Y,Y,LFG,NG,,,,,N,, , , , ,,,,,,
13407,Nevada Power Co,54854,Sun Peak Generating Station,NV,Clark,5657,SB,Natural Gas Fired Combustion Turbine,GT,Electric Utility,1,74.0,74,74,NG,DFO,Y,N,,,,,,,Y,N,74,74,74,74,UNK,UNK,Y,Y,Y,
13407,Nevada Power Co,54854,Sun Peak Generating Station,NV,Clark,5658,SB,Natural Gas Fired Combustion Turbine,GT,Electric Utility,1,74.0,74,74,NG,DFO,Y,N,,,,,,,Y,N,74,74,74,74,UNK,UNK,Y,Y,Y,
13407,Nevada Power Co,54854,Sun Peak Generating Station,NV,Clark,5659,SB,Natural Gas Fired Combustion Turbine,GT,Electric Utility,1,74.0,74,74,NG,DFO,Y,N,,,,,,,Y,N,74,74,74,74,UNK,UNK,Y,Y,Y,
59895,Patheon Manufacturing Service LLC,54887,DSM Pharmaceuticals,NC,Pitt,GEN1,SB,Natural Gas Fired Combustion Turbine,GT,Industrial CHP,7,4.0,3.5,4,NG,DFO,Y,N,,,,,,,Y,Y,3.8,3.5,4,3.6,1H,1H,Y,Y,Y,
11820,Massachusetts Inst of Tech,54907,Mass Inst Tech Cntrl Utilities/Cogen Plt,MA,Middlesex,CTG1,OP,Natural Gas Fired Combustion Turbine,GT,Commercial CHP,5,21.2,19,23,NG,DFO,Y,N,,,,,,,Y,Y,19,21,19,21,1H,1H,Y,,Y,
2313,Brooklyn Navy Yard Cogen PLP,54914,Brooklyn Navy Yard Cogeneration,NY,Kings,01,OP,Natural Gas Fired Combined Cycle,CT,IPP CHP,3,121.0,90,110,NG,DFO,Y,N,,,,,,,Y,Y,85,110,95,110,1H,1H,Y,,Y,
2313,Brooklyn Navy Yard Cogen PLP,54914,Brooklyn Navy Yard Cogeneration,NY,Kings,02,OP,Natural Gas Fired Combined Cycle,CT,IPP CHP,3,121.0,90,110,NG,DFO,Y,N,,,,,,,Y,Y,85,110,95,95,1H,1H,Y,,Y,
24008,University of Oregon,54950,Univ of Oregon Central Power Station,OR,Lane,CTG1,OP,Natural Gas Fired Combined Cycle,CT,Commercial CHP,5,7.5,7.5,7.5,NG,DFO,Y,N,,,,,,,Y,Y,7.5,8,6.9,7,1H,1H,Y,,Y,
12221,MRWPCA,54951,Monterey Regional Water Cogen Facility,CA,Monterey,EG1,OP,Other Waste Biomass,IC,Commercial CHP,5,0.6,0.6,0.6,OBG,NG,Y,Y,OBG,NG,,,,,N,, , , , ,,,,,,
12221,MRWPCA,54951,Monterey Regional Water Cogen Facility,CA,Monterey,EG2,OP,Other Waste Biomass,IC,Commercial CHP,5,0.6,0.6,0.6,OBG,NG,Y,Y,OBG,NG,,,,,N,, , , , ,,,,,,
12221,MRWPCA,54951,Monterey Regional Water Cogen Facility,CA,Monterey,EG3,OP,Other Waste Biomass,IC,Commercial CHP,5,0.6,0.6,0.6,OBG,NG,Y,Y,OBG,NG,,,,,N,, , , , ,,,,,,
5483,DuPage County,54987,Woodridge Greene Valley Treatment Plant,IL,DuPage,FM01,SB,Natural Gas Internal Combustion Engine,IC,Commercial CHP,5,1.5,1.5,1.5,NG,DFO,Y,Y,DFO,NG,OBG,,,,Y,Y,1.5,1.5,1.5,1.5,1H,1H,N,,,
13765,Northlake Energy,54995,Indiana Harbor E 5 AC Station,IN,Lake,17TG,OP,Other Gases,ST,Industrial CHP,7,90.0,90,90,BFG,NG,Y,Y,BFG,NG,,,,,N,, , , , ,,,,,,
55912,Cottage Grove Operating Services LLC,55010,LSP-Cottage Grove LP,MN,Washington,CTG1,OP,Natural Gas Fired Combined Cycle,CT,IPP CHP,3,177.3,154,168,NG,DFO,Y,N,,,,,,,Y,Y,154,154,154,154,6H,6H,Y,,Y,
55911,Whitewater Operating Services LLC,55011,LSP-Whitewater LP,WI,Jefferson,CTG1,OP,Natural Gas Fired Combined Cycle,CT,IPP CHP,3,177.3,162,175,NG,DFO,Y,N,,,,,,,Y,Y,154.18,183.11,148.18,176.2,6H,6H,Y,,Y,
22214,Sweeny Cogeneration LP,55015,Sweeny Cogen Facility,TX,Brazoria,GEN1,OP,Natural Gas Fired Combustion Turbine,GT,IPP CHP,3,143.0,109,126,NG,OG,Y,Y,NG,OG,,,,,N,, , , , ,,,,,,
22214,Sweeny Cogeneration LP,55015,Sweeny Cogen Facility,TX,Brazoria,GEN2,OP,Natural Gas Fired Combustion Turbine,GT,IPP CHP,3,143.0,109,126,NG,OG,Y,Y,NG,OG,,,,,N,, , , , ,,,,,,
22214,Sweeny Cogeneration LP,55015,Sweeny Cogen Facility,TX,Brazoria,GEN3,OP,Natural Gas Fired Combustion Turbine,GT,IPP CHP,3,143.0,109,126,NG,OG,Y,Y,NG,OG,,,,,N,, , , , ,,,,,,
22214,Sweeny Cogeneration LP,55015,Sweeny Cogen Facility,TX,Brazoria,GEN4,OP,Natural Gas Fired Combustion Turbine,GT,IPP CHP,3,143.0,109,126,NG,OG,Y,Y,NG,OG,,,,,N,, , , , ,,,,,,
20860,Wisconsin Public Service Corp,55029,De Pere Energy Center,WI,Brown,CT01,OP,Natural Gas Fired Combustion Turbine,GT,Electric Utility,1,192.3,169.5,196.2,NG,DFO,Y,Y,DFO,NG,,,,,Y,Y,169.5,196.2,169.5,196.2,1H,1H,Y,Y,Y,Y
55738,Verso Paper Androscoggin LLC,55031,Androscoggin Energy Center,ME,Franklin,CT01,OP,Natural Gas Fired Combustion Turbine,GT,Industrial CHP,7,54.5,47.2,58.4,NG,DFO,Y,N,,,,,,,Y,Y,47.22,58.38,47.22,58.38,6H,6H,Y,Y,Y,
55738,Verso Paper Androscoggin LLC,55031,Androscoggin Energy Center,ME,Franklin,CT02,OP,Natural Gas Fired Combustion Turbine,GT,Industrial CHP,7,54.5,45.2,56.3,NG,DFO,Y,N,,,,,,,Y,Y,45.17,56.32,45.17,56.32,6H,6H,Y,Y,Y,
55738,Verso Paper Androscoggin LLC,55031,Androscoggin Energy Center,ME,Franklin,CT03,OP,Natural Gas Fired Combustion Turbine,GT,Industrial CHP,7,54.5,44.1,55.3,NG,DFO,Y,N,,,,,,,Y,Y,44.1,55.25,44.1,55.25,6H,6H,Y,Y,Y,
15473,Public Service Co of NM,55039,Rio Bravo,NM,Bernalillo,GT1,OP,Natural Gas Fired Combustion Turbine,GT,Electric Utility,1,150.0,138,148,NG,DFO,Y,N,,,,,,,Y,Y,138,148,148,150,1H,1H,Y,Y,Y,
12564,"SEPG Operating Services, LLC MGC",55040,Mid-Georgia Cogeneration Facility,GA,Houston,CT1,OP,Natural Gas Fired Combined Cycle,CT,IPP CHP,3,106.5,101.5,115,NG,DFO,Y,N,,,,,,,Y,Y,101.5,115,101.5,120,1H,1H,Y,Y,,
12564,"SEPG Operating Services, LLC MGC",55040,Mid-Georgia Cogeneration Facility,GA,Houston,CT2,OP,Natural Gas Fired Combined Cycle,CT,IPP CHP,3,106.5,101.5,115,NG,DFO,Y,N,,,,,,,Y,Y,101.5,115,101.5,120,1H,1H,Y,Y,,
7191,Axiall Corp,55051,Axiall Plaquemine,LA,Iberville,X773,OP,Natural Gas Fired Combustion Turbine,GT,Industrial CHP,7,102.0,75,90,NG,OG,Y,Y,NG,OG,,,,,N,, , , , ,,,,,,
7191,Axiall Corp,55051,Axiall Plaquemine,LA,Iberville,X774,OP,Natural Gas Fired Combustion Turbine,GT,Industrial CHP,7,102.0,75,90,NG,OG,Y,Y,NG,OG,,,,,N,, , , , ,,,,,,
7191,Axiall Corp,55051,Axiall Plaquemine,LA,Iberville,X775,OP,Natural Gas Fired Combustion Turbine,GT,Industrial CHP,7,102.0,75,90,NG,OG,Y,Y,NG,OG,,,,,N,, , , , ,,,,,,
18535,Tenaska Georgia Partners LP,55061,Tenaska Georgia Generation Facility,GA,Heard,GTG1,OP,Natural Gas Fired Combustion Turbine,GT,IPP Non-CHP,2,183.2,157.5,165.8,NG,DFO,Y,N,,,,,,,Y,Y,157.5,157.5,0,165.8,1H,1H,Y,Y,Y,
18535,Tenaska Georgia Partners LP,55061,Tenaska Georgia Generation Facility,GA,Heard,GTG2,OP,Natural Gas Fired Combustion Turbine,GT,IPP Non-CHP,2,183.2,157.5,165.8,NG,DFO,Y,N,,,,,,,Y,Y,157.5,157.5,0,165.8,1H,1H,Y,Y,Y,
18535,Tenaska Georgia Partners LP,55061,Tenaska Georgia Generation Facility,GA,Heard,GTG3,OP,Natural Gas Fired Combustion Turbine,GT,IPP Non-CHP,2,183.2,157.5,165.8,NG,DFO,Y,N,,,,,,,Y,Y,157.5,157.5,0,165.8,1H,1H,Y,Y,Y,
18535,Tenaska Georgia Partners LP,55061,Tenaska Georgia Generation Facility,GA,Heard,GTG4,OP,Natural Gas Fired Combustion Turbine,GT,IPP Non-CHP,2,183.2,157.5,165.8,NG,DFO,Y,N,,,,,,,Y,Y,157.5,157.5,0,165.8,1H,1H,Y,Y,Y,
18535,Tenaska Georgia Partners LP,55061,Tenaska Georgia Generation Facility,GA,Heard,GTG5,OP,Natural Gas Fired Combustion Turbine,GT,IPP Non-CHP,2,183.2,157.5,165.8,NG,DFO,Y,N,,,,,,,Y,Y,157.5,157.5,0,165.8,1H,1H,Y,Y,Y,
18535,Tenaska Georgia Partners LP,55061,Tenaska Georgia Generation Facility,GA,Heard,GTG6,OP,Natural Gas Fired Combustion Turbine,GT,IPP Non-CHP,2,183.2,157.5,165.8,NG,DFO,Y,N,,,,,,,Y,Y,157.5,157.5,0,165.8,1H,1H,Y,Y,Y,
18611,Tenaska Frontier Partners Ltd,55062,Tenaska Frontier Generation Station,TX,Grimes,GTG1,OP,Natural Gas Fired Combined Cycle,CT,IPP Non-CHP,2,183.2,155,177,NG,DFO,Y,N,,,,,,,Y,Y,155,177,164,182,24H,24H,Y,,Y,
18611,Tenaska Frontier Partners Ltd,55062,Tenaska Frontier Generation Station,TX,Grimes,GTG2,OP,Natural Gas Fired Combined Cycle,CT,IPP Non-CHP,2,183.2,155,177,NG,DFO,Y,N,,,,,,,Y,Y,155,177,164,182,24H,24H,Y,,Y,
18611,Tenaska Frontier Partners Ltd,55062,Tenaska Frontier Generation Station,TX,Grimes,GTG3,OP,Natural Gas Fired Combined Cycle,CT,IPP Non-CHP,2,183.2,155,177,NG,DFO,Y,N,,,,,,,Y,Y,155,177,164,182,24H,24H,Y,,Y,
12713,Millennium Power Partners LP,55079,Millennium Power,MA,Worcester,CT01,OP,Natural Gas Fired Combined Cycle,CT,IPP Non-CHP,2,230.0,214.8,246.2,NG,DFO,Y,N,,,,,,,Y,Y,214.5,246.2,214.5,246.2,UNK,UNK,Y,Y,Y,
5416,"Duke Energy Carolinas, LLC",55116,Rockingham County CT Station,NC,Rockingham,CT1,SB,Natural Gas Fired Combustion Turbine,GT,Electric Utility,1,195.5,165,179,NG,DFO,Y,N,,,,,,,Y,Y,165,179,165,179,1H,1H,Y,Y,Y,
5416,"Duke Energy Carolinas, LLC",55116,Rockingham County CT Station,NC,Rockingham,CT2,SB,Natural Gas Fired Combustion Turbine,GT,Electric Utility,1,195.5,165,179,NG,DFO,Y,N,,,,,,,Y,Y,165,179,165,179,1H,1H,Y,Y,Y,
5416,"Duke Energy Carolinas, LLC",55116,Rockingham County CT Station,NC,Rockingham,CT3,SB,Natural Gas Fired Combustion Turbine,GT,Electric Utility,1,195.5,165,179,NG,DFO,Y,N,,,,,,,Y,Y,165,179,165,179,1H,1H,Y,Y,Y,
5416,"Duke Energy Carolinas, LLC",55116,Rockingham County CT Station,NC,Rockingham,CT4,SB,Natural Gas Fired Combustion Turbine,GT,Electric Utility,1,195.5,165,179,NG,DFO,Y,N,,,,,,,Y,Y,165,179,165,179,1H,1H,Y,Y,Y,
5416,"Duke Energy Carolinas, LLC",55116,Rockingham County CT Station,NC,Rockingham,CT5,SB,Natural Gas Fired Combustion Turbine,GT,Electric Utility,1,195.5,165,179,NG,DFO,Y,N,,,,,,,Y,Y,165,179,165,179,1H,1H,Y,Y,Y,
18518,Tenaska Gateway Partners Ltd,55132,Tenaska Gateway Generating Station,TX,Rusk,GTG1,OP,Natural Gas Fired Combined Cycle,CT,IPP Non-CHP,2,183.2,148,169,NG,DFO,Y,N,,,,,,,Y,Y,150,170,140,140,6H,6H,Y,Y,,
18518,Tenaska Gateway Partners Ltd,55132,Tenaska Gateway Generating Station,TX,Rusk,GTG2,OP,Natural Gas Fired Combined Cycle,CT,IPP Non-CHP,2,183.2,149,169,NG,DFO,Y,N,,,,,,,Y,Y,147,167,140,140,6H,6H,Y,Y,,
18518,Tenaska Gateway Partners Ltd,55132,Tenaska Gateway Generating Station,TX,Rusk,GTG3,OP,Natural Gas Fired Combined Cycle,CT,IPP Non-CHP,2,183.2,150,170,NG,DFO,Y,N,,,,,,,Y,Y,149,169,140,140,6H,6H,Y,Y,,
20856,Wisconsin Power & Light Co,55135,Alliant Energy Neenah,WI,Winnebago,CT01,OP,Natural Gas Fired Combustion Turbine,GT,Electric Utility,1,185.5,151.3,173.9,NG,DFO,Y,N,,,,,,,Y,Y,150.4,171.3,150.4,171.3,6H,6H,Y,Y,Y,
20856,Wisconsin Power & Light Co,55135,Alliant Energy Neenah,WI,Winnebago,CT02,OP,Natural Gas Fired Combustion Turbine,GT,Electric Utility,1,185.5,147.6,169.6,NG,DFO,Y,N,,,,,,,Y,Y,149.3,170,149.3,170,6H,6H,Y,Y,Y,
54810,Broad River Energy LLC,55166,Broad River Energy Center,SC,Cherokee,CT01,OP,Natural Gas Fired Combustion Turbine,GT,IPP Non-CHP,2,197.0,173.2,200.4,NG,DFO,Y,N,,,,,,,Y,Y,173.2,200.4,170,170,1H,1H,Y,Y,Y,
54810,Broad River Energy LLC,55166,Broad River Energy Center,SC,Cherokee,CT02,OP,Natural Gas Fired Combustion Turbine,GT,IPP Non-CHP,2,197.0,169.6,196.3,NG,DFO,Y,N,,,,,,,Y,Y,169.6,196.3,170,170,1H,1H,Y,Y,Y,
54810,Broad River Energy LLC,55166,Broad River Energy Center,SC,Cherokee,CT03,OP,Natural Gas Fired Combustion Turbine,GT,IPP Non-CHP,2,197.0,169.4,196.1,NG,DFO,Y,N,,,,,,,Y,Y,169.4,196.1,170,170,1H,1H,Y,Y,Y,
54810,Broad River Energy LLC,55166,Broad River Energy Center,SC,Cherokee,CT04,OP,Natural Gas Fired Combustion Turbine,GT,IPP Non-CHP,2,197.0,166.9,193.2,NG,DFO,Y,N,,,,,,,Y,Y,166.9,193.2,170,170,1H,1H,Y,Y,Y,
54810,Broad River Energy LLC,55166,Broad River Energy Center,SC,Cherokee,CT05,OP,Natural Gas Fired Combustion Turbine,GT,IPP Non-CHP,2,197.0,169.2,195.9,NG,DFO,Y,N,,,,,,,Y,Y,169.2,195.9,170,170,1H,1H,Y,Y,Y,
50096,NRG Florida LP,55192,Osceola (FL),FL,Osceola,CTG1,OS,Natural Gas Fired Combustion Turbine,GT,IPP Non-CHP,2,200.0,157,157,NG,DFO,Y,N,,,,,,,Y,Y,157,170,170,170,1H,1H,Y,,Y,
50096,NRG Florida LP,55192,Osceola (FL),FL,Osceola,CTG2,OS,Natural Gas Fired Combustion Turbine,GT,IPP Non-CHP,2,200.0,157,157,NG,DFO,Y,N,,,,,,,Y,Y,157,170,170,170,1H,1H,Y,,Y,
50096,NRG Florida LP,55192,Osceola (FL),FL,Osceola,CTG3,OS,Natural Gas Fired Combustion Turbine,GT,IPP Non-CHP,2,200.0,157,157,NG,DFO,Y,N,,,,,,,Y,Y,157,170,170,170,1H,1H,Y,,Y,
59371,Mainline Generation LLC,55201,Gibson City Energy Center LLC,IL,Ford,1,OP,Natural Gas Fired Combustion Turbine,GT,IPP Non-CHP,2,135.0,114,116,NG,DFO,Y,N,,,,,,,Y,Y,116,120,116,120,1H,1H,Y,Y,,
59371,Mainline Generation LLC,55201,Gibson City Energy Center LLC,IL,Ford,2,OP,Natural Gas Fired Combustion Turbine,GT,IPP Non-CHP,2,135.0,114,116,NG,DFO,Y,N,,,,,,,Y,Y,116,120,116,120,1H,1H,Y,Y,,
19436,Union Electric Co - (MO),55204,Kinmundy,IL,Marion,1,OP,Natural Gas Fired Combustion Turbine,GT,Electric Utility,1,135.0,104,126,NG,DFO,Y,N,,,,,,,Y,Y,116,116,113,113,6H,6H,Y,Y,,
19436,Union Electric Co - (MO),55204,Kinmundy,IL,Marion,2,OP,Natural Gas Fired Combustion Turbine,GT,Electric Utility,1,135.0,103,126,NG,DFO,Y,N,,,,,,,Y,Y,116,116,113,113,6H,6H,Y,Y,,
18642,Tennessee Valley Authority,55232,Marshall Energy Facility,KY,Marshall,CT1,OP,Natural Gas Fired Combustion Turbine,GT,Electric Utility,1,86.0,72.7,92.8,NG,DFO,Y,Y,NG,DFO,,,,,Y,Y,75,99.4,74.5,94.8,1H,1H,Y,,Y,
18642,Tennessee Valley Authority,55232,Marshall Energy Facility,KY,Marshall,CT2,OP,Natural Gas Fired Combustion Turbine,GT,Electric Utility,1,86.0,72.7,92.8,NG,DFO,Y,Y,NG,DFO,,,,,Y,Y,75,99.4,74.5,94.8,1H,1H,Y,,Y,
18642,Tennessee Valley Authority,55232,Marshall Energy Facility,KY,Marshall,CT3,OP,Natural Gas Fired Combustion Turbine,GT,Electric Utility,1,86.0,72.7,92.8,NG,DFO,Y,Y,NG,DFO,,,,,Y,Y,75,99.4,74.5,94.8,1H,1H,Y,,Y,
18642,Tennessee Valley Authority,55232,Marshall Energy Facility,KY,Marshall,CT4,SB,Natural Gas Fired Combustion Turbine,GT,Electric Utility,1,86.0,72.7,92.8,NG,DFO,Y,Y,NG,DFO,,,,,Y,Y,75,99.4,74.5,94.8,1H,1H,Y,,Y,
18642,Tennessee Valley Authority,55232,Marshall Energy Facility,KY,Marshall,CT5,SB,Natural Gas Fired Combustion Turbine,GT,Electric Utility,1,86.0,72.7,92.8,NG,DFO,Y,Y,NG,DFO,,,,,Y,Y,75,99.4,74.5,94.8,1H,1H,Y,,Y,
18642,Tennessee Valley Authority,55232,Marshall Energy Facility,KY,Marshall,CT6,SB,Natural Gas Fired Combustion Turbine,GT,Electric Utility,1,86.0,72.7,92.8,NG,DFO,Y,Y,NG,DFO,,,,,Y,Y,75,99.4,74.5,94.8,1H,1H,Y,,Y,
18642,Tennessee Valley Authority,55232,Marshall Energy Facility,KY,Marshall,CT7,SB,Natural Gas Fired Combustion Turbine,GT,Electric Utility,1,86.0,72.7,92.8,NG,DFO,Y,Y,NG,DFO,,,,,Y,Y,75,99.4,74.5,94.8,1H,1H,Y,,Y,
18642,Tennessee Valley Authority,55232,Marshall Energy Facility,KY,Marshall,CT8,SB,Natural Gas Fired Combustion Turbine,GT,Electric Utility,1,86.0,72.7,92.8,NG,DFO,Y,Y,NG,DFO,,,,,Y,Y,75,99.4,74.5,94.8,1H,1H,Y,,Y,
13582,NRG Astoria Gas Turbine Operations Inc,55243,Astoria Gas Turbines,NY,Queens,2-1,OP,Natural Gas Fired Combustion Turbine,GT,IPP Non-CHP,2,41.9,36.4,44,NG,KER,Y,N,,,,,,,Y,Y,36.2,44.3,36.2,44.3,1H,1H,Y,,Y,
13582,NRG Astoria Gas Turbine Operations Inc,55243,Astoria Gas Turbines,NY,Queens,2-2,OP,Natural Gas Fired Combustion Turbine,GT,IPP Non-CHP,2,41.9,33.2,43.1,NG,KER,Y,N,,,,,,,Y,Y,33.6,43.7,33.6,43.7,1H,1H,Y,,Y,
13582,NRG Astoria Gas Turbine Operations Inc,55243,Astoria Gas Turbines,NY,Queens,2-3,OP,Natural Gas Fired Combustion Turbine,GT,IPP Non-CHP,2,41.9,35.9,45,NG,KER,Y,N,,,,,,,Y,Y,34.4,44.5,34.4,44.5,1H,1H,Y,,Y,
13582,NRG Astoria Gas Turbine Operations Inc,55243,Astoria Gas Turbines,NY,Queens,2-4,OP,Natural Gas Fired Combustion Turbine,GT,IPP Non-CHP,2,41.9,34.7,45,NG,KER,Y,N,,,,,,,Y,Y,34,44.9,34,44.9,1H,1H,Y,,Y,
13582,NRG Astoria Gas Turbine Operations Inc,55243,Astoria Gas Turbines,NY,Queens,3-1,OP,Natural Gas Fired Combustion Turbine,GT,IPP Non-CHP,2,41.9,33.7,43.6,NG,KER,Y,N,,,,,,,Y,Y,32.8,42.3,32.8,42.3,1H,1H,Y,,Y,
13582,NRG Astoria Gas Turbine Operations Inc,55243,Astoria Gas Turbines,NY,Queens,3-2,OP,Natural Gas Fired Combustion Turbine,GT,IPP Non-CHP,2,41.9,35.2,45,NG,KER,Y,N,,,,,,,Y,Y,35.5,43,35.5,43,1H,1H,Y,,Y,
13582,NRG Astoria Gas Turbine Operations Inc,55243,Astoria Gas Turbines,NY,Queens,3-3,OP,Natural Gas Fired Combustion Turbine,GT,IPP Non-CHP,2,41.9,33.6,43.8,NG,KER,Y,N,,,,,,,Y,Y,33.6,43.8,33.6,43.8,1H,1H,Y,,Y,
13582,NRG Astoria Gas Turbine Operations Inc,55243,Astoria Gas Turbines,NY,Queens,3-4,OP,Natural Gas Fired Combustion Turbine,GT,IPP Non-CHP,2,41.9,36.5,45,NG,KER,Y,N,,,,,,,Y,Y,35.5,44.7,35.5,44.7,1H,1H,Y,,Y,
13582,NRG Astoria Gas Turbine Operations Inc,55243,Astoria Gas Turbines,NY,Queens,4-1,OP,Natural Gas Fired Combustion Turbine,GT,IPP Non-CHP,2,41.9,34,43.9,NG,KER,Y,N,,,,,,,Y,Y,34.4,43.7,34.4,43.7,1H,1H,Y,,Y,
13582,NRG Astoria Gas Turbine Operations Inc,55243,Astoria Gas Turbines,NY,Queens,4-2,OP,Natural Gas Fired Combustion Turbine,GT,IPP Non-CHP,2,41.9,34.1,43.4,NG,KER,Y,N,,,,,,,Y,Y,33.6,42.5,33.6,42.5,1H,1H,Y,,Y,
13582,NRG Astoria Gas Turbine Operations Inc,55243,Astoria Gas Turbines,NY,Queens,4-3,OP,Natural Gas Fired Combustion Turbine,GT,IPP Non-CHP,2,41.9,34,43.1,NG,KER,Y,N,,,,,,,Y,Y,33.5,43.1,33.5,43.1,1H,1H,Y,,Y,
13582,NRG Astoria Gas Turbine Operations Inc,55243,Astoria Gas Turbines,NY,Queens,4-4,OP,Natural Gas Fired Combustion Turbine,GT,IPP Non-CHP,2,41.9,32.5,42,NG,KER,Y,N,,,,,,,Y,Y,32.6,43.5,32.6,43.5,1H,1H,Y,,Y,
17650,Southern Power Co,55267,Edward L. Addison Generating Plant,GA,Upson,712,OP,Natural Gas Fired Combustion Turbine,GT,IPP Non-CHP,2,175.3,151.6,172,NG,DFO,Y,N,,,,,,,Y,Y,151.6,172,151.6,172,6H,6H,Y,,Y,
17650,Southern Power Co,55267,Edward L. Addison Generating Plant,GA,Upson,713,OP,Natural Gas Fired Combustion Turbine,GT,IPP Non-CHP,2,175.3,148.6,172,NG,DFO,Y,N,,,,,,,Y,Y,148.6,172,148.6,172,6H,6H,Y,,Y,
17650,Southern Power Co,55267,Edward L. Addison Generating Plant,GA,Upson,714,OP,Natural Gas Fired Combustion Turbine,GT,IPP Non-CHP,2,175.3,150.5,172,NG,DFO,Y,N,,,,,,,Y,Y,150.5,172,150.5,172,6H,6H,Y,,Y,
17650,Southern Power Co,55267,Edward L. Addison Generating Plant,GA,Upson,715,OP,Natural Gas Fired Combustion Turbine,GT,IPP Non-CHP,2,175.3,144.4,172,NG,DFO,Y,N,,,,,,,Y,Y,144.4,172,144.4,172,6H,6H,Y,,Y,
31386,Tenaska Alabama Partners LP,55271,Tenaska Lindsay Hill Generating Station,AL,Autauga,GTG1,OP,Natural Gas Fired Combined Cycle,CT,IPP Non-CHP,2,183.1,152,160,NG,DFO,Y,N,,,,,,,Y,Y,152,160,158,168,6H,6H,Y,Y,,
31386,Tenaska Alabama Partners LP,55271,Tenaska Lindsay Hill Generating Station,AL,Autauga,GTG2,OP,Natural Gas Fired Combined Cycle,CT,IPP Non-CHP,2,183.1,152,160,NG,DFO,Y,N,,,,,,,Y,Y,152,160,158,168,6H,6H,Y,Y,,
31386,Tenaska Alabama Partners LP,55271,Tenaska Lindsay Hill Generating Station,AL,Autauga,GTG3,OP,Natural Gas Fired Combined Cycle,CT,IPP Non-CHP,2,183.1,149,160,NG,DFO,Y,N,,,,,,,Y,Y,152,160,158,168,6H,6H,Y,Y,,
17650,Southern Power Co,55286,Oleander Power Project LP,FL,Brevard,OG1,OP,Natural Gas Fired Combustion Turbine,GT,IPP Non-CHP,2,198.9,163.8,175.6,NG,DFO,Y,N,,,,,,,Y,Y,163.8,175.6,163.8,175.6,6H,6H,N,,,
17650,Southern Power Co,55286,Oleander Power Project LP,FL,Brevard,OG2,OP,Natural Gas Fired Combustion Turbine,GT,IPP Non-CHP,2,198.9,155.4,166.5,NG,DFO,Y,N,,,,,,,Y,Y,155.4,166.5,155.4,166.5,6H,6H,N,,,
17650,Southern Power Co,55286,Oleander Power Project LP,FL,Brevard,OG3,OP,Natural Gas Fired Combustion Turbine,GT,IPP Non-CHP,2,198.9,155.1,166.3,NG,DFO,Y,N,,,,,,,Y,Y,155.1,166.3,155.1,166.3,6H,6H,N,,,
17650,Southern Power Co,55286,Oleander Power Project LP,FL,Brevard,OG4,OP,Natural Gas Fired Combustion Turbine,GT,IPP Non-CHP,2,198.9,155.7,166.8,NG,DFO,Y,N,,,,,,,Y,Y,155.7,166.8,155.7,166.8,6H,6H,N,,,
17650,Southern Power Co,55286,Oleander Power Project LP,FL,Brevard,OG5,OP,Natural Gas Fired Combustion Turbine,GT,IPP Non-CHP,2,198.8,160.2,182,NG,DFO,Y,N,,,,,,,Y,Y,160.2,182,160.2,182,6H,6H,N,,,
3370,Channel Energy Center LLC,55299,Channel Energy Center LLC,TX,Harris,CTG2,OP,Natural Gas Fired Combined Cycle,CT,IPP CHP,3,215.0,185,210,NG,OG,Y,Y,NG,OG,,,,,N,, , , , ,,,,,,
3370,Channel Energy Center LLC,55299,Channel Energy Center LLC,TX,Harris,CTG3,OP,Natural Gas Fired Combined Cycle,CT,IPP CHP,3,208.8,183,189,NG,OG,Y,Y,NG,OG,,,,,N,, , , , ,,,,,,
2671,Baconton Power LLC,55304,Baconton Power Plant,GA,Mitchell,CT1,OP,Natural Gas Fired Combustion Turbine,GT,IPP Non-CHP,2,60.5,49,49,NG,DFO,Y,N,,,,,,,Y,Y,49.25,49.25,48.5,48.5,1H,1H,Y,Y,,
2671,Baconton Power LLC,55304,Baconton Power Plant,GA,Mitchell,CT4,OP,Natural Gas Fired Combustion Turbine,GT,IPP Non-CHP,2,60.5,49,49,NG,DFO,Y,N,,,,,,,Y,Y,49.25,49.25,48.5,48.5,1H,1H,Y,Y,,
2671,Baconton Power LLC,55304,Baconton Power Plant,GA,Mitchell,CT5,OP,Natural Gas Fired Combustion Turbine,GT,IPP Non-CHP,2,60.5,49,49,NG,DFO,Y,N,,,,,,,Y,Y,49.25,49.25,48.5,48.5,1H,1H,Y,Y,,
2671,Baconton Power LLC,55304,Baconton Power Plant,GA,Mitchell,CT6,OP,Natural Gas Fired Combustion Turbine,GT,IPP Non-CHP,2,60.5,49,49,NG,DFO,Y,N,,,,,,,Y,Y,49.25,49.25,48.5,48.5,1H,1H,Y,Y,,
59368,"Calpine Fore River Energy Center, LLC",55317,Fore River Generating Station,MA,Norfolk,GT11,OP,Natural Gas Fired Combined Cycle,CT,IPP Non-CHP,2,278.6,228.8,265.7,NG,DFO,Y,N,,,,,,,Y,Y,228.8,265.7,0,230,6H,6H,Y,,Y,
59368,"Calpine Fore River Energy Center, LLC",55317,Fore River Generating Station,MA,Norfolk,GT12,OP,Natural Gas Fired Combined Cycle,CT,IPP Non-CHP,2,278.6,228.1,264.9,NG,DFO,Y,N,,,,,,,Y,Y,228.1,264.9,0,230,6H,6H,Y,,Y,
59368,"Calpine Fore River Energy Center, LLC",55317,Fore River Generating Station,MA,Norfolk,ST15,OP,Natural Gas Fired Combined Cycle,CA,IPP Non-CHP,2,315.0,269.1,312.4,NG,DFO,Y,N,,,,,,,Y,Y,269.1,312.4,0,250,6H,6H,Y,,Y,
14610,Orlando Utilities Comm,55318,Indian River,FL,Brevard,1,OS,Natural Gas Steam Turbine,ST,Electric Utility,1,79.0,75.5,79,NG,RFO,Y,Y,RFO,NG,,,,,Y,Y,79,79,79,79,6H,6H,Y,,Y,
14610,Orlando Utilities Comm,55318,Indian River,FL,Brevard,2,OS,Natural Gas Steam Turbine,ST,Electric Utility,1,213.0,181.3,186,NG,RFO,Y,Y,RFO,NG,,,,,Y,Y,176,176,176,176,6H,6H,Y,,Y,
14610,Orlando Utilities Comm,55318,Indian River,FL,Brevard,3,OS,Natural Gas Steam Turbine,ST,Electric Utility,1,317.0,319.6,320,NG,RFO,Y,Y,RFO,NG,,,,,Y,Y,295,295,311,311,6H,6H,Y,,Y,
924,"Associated Electric Coop, Inc",55340,Dell Power Station,AR,Mississippi,CTG1,OP,Natural Gas Fired Combined Cycle,CT,Electric Utility,1,199.3,143,177,NG,DFO,Y,N,NG,DFO,,,,,Y,N,163,184,163,184,6H,6H,N,,,
924,"Associated Electric Coop, Inc",55340,Dell Power Station,AR,Mississippi,CTG2,OP,Natural Gas Fired Combined Cycle,CT,Electric Utility,1,199.3,142,175,NG,DFO,Y,N,NG,DFO,,,,,Y,N,165,182,165,182,6H,6H,N,,,
56412,IPA Operations Inc - Armstrong,55347,Armstrong,PA,Armstrong,1,OP,Natural Gas Fired Combustion Turbine,GT,IPP Non-CHP,2,172.0,155.4,169,NG,DFO,Y,N,,,,,,,Y,Y,155.4,170,151.4,188,1H,1H,Y,Y,Y,
56412,IPA Operations Inc - Armstrong,55347,Armstrong,PA,Armstrong,2,OP,Natural Gas Fired Combustion Turbine,GT,IPP Non-CHP,2,172.0,155.3,169,NG,DFO,Y,N,,,,,,,Y,Y,155.3,170,151.4,188,1H,1H,Y,Y,Y,
56412,IPA Operations Inc - Armstrong,55347,Armstrong,PA,Armstrong,3,OP,Natural Gas Fired Combustion Turbine,GT,IPP Non-CHP,2,172.0,146.4,169,NG,DFO,Y,N,,,,,,,Y,Y,146.4,170,151.4,188,1H,1H,Y,Y,Y,
56412,IPA Operations Inc - Armstrong,55347,Armstrong,PA,Armstrong,4,OP,Natural Gas Fired Combustion Turbine,GT,IPP Non-CHP,2,172.0,146,169,NG,DFO,Y,N,,,,,,,Y,Y,146,170,151.4,188,1H,1H,Y,Y,Y,
56533,Troy Energy LLC,55348,Troy Energy LLC,OH,Wood,1,OP,Natural Gas Fired Combustion Turbine,GT,IPP Non-CHP,2,172.0,146,169,NG,DFO,Y,N,,,,,,,Y,Y,146,160,152,170,1H,1H,Y,Y,Y,
56533,Troy Energy LLC,55348,Troy Energy LLC,OH,Wood,2,OP,Natural Gas Fired Combustion Turbine,GT,IPP Non-CHP,2,172.0,146,169,NG,DFO,Y,N,,,,,,,Y,Y,146,160,152,170,1H,1H,Y,Y,Y,
56533,Troy Energy LLC,55348,Troy Energy LLC,OH,Wood,3,OP,Natural Gas Fired Combustion Turbine,GT,IPP Non-CHP,2,172.0,146,169,NG,DFO,Y,N,,,,,,,Y,Y,146,160,152,170,1H,1H,Y,Y,Y,
56533,Troy Energy LLC,55348,Troy Energy LLC,OH,Wood,4,OP,Natural Gas Fired Combustion Turbine,GT,IPP Non-CHP,2,172.0,146,169,NG,DFO,Y,N,,,,,,,Y,Y,146,160,152,170,1H,1H,Y,Y,Y,
55749,Pleasants Energy LLC,55349,Pleasants Energy LLC,WV,Pleasants,1,OP,Natural Gas Fired Combustion Turbine,GT,IPP Non-CHP,2,172.0,160.2,160.2,NG,DFO,Y,N,,,,,,,Y,Y,151.1,151.1,160.2,160.2,1H,1H,Y,,Y,
55749,Pleasants Energy LLC,55349,Pleasants Energy LLC,WV,Pleasants,2,OP,Natural Gas Fired Combustion Turbine,GT,IPP Non-CHP,2,172.0,161.1,161.1,NG,DFO,Y,N,,,,,,,Y,Y,154.2,154.2,161.1,161.1,1H,1H,Y,,Y,
22979,Astoria Energy LLC,55375,Astoria Energy,NY,Queens,CT1,OP,Natural Gas Fired Combined Cycle,CT,IPP Non-CHP,2,170.0,156,170,NG,DFO,Y,N,,,,,,,Y,N,165,189,165,189,1H,1H,Y,Y,Y,
22979,Astoria Energy LLC,55375,Astoria Energy,NY,Queens,CT2,OP,Natural Gas Fired Combined Cycle,CT,IPP Non-CHP,2,170.0,156,170,NG,DFO,Y,N,,,,,,,Y,N,165,189,165,189,1H,1H,Y,Y,Y,
4028,Columbia Energy LLC,55386,Columbia Energy Center (SC),SC,Calhoun,CT2,OP,Natural Gas Fired Combined Cycle,CT,IPP CHP,3,197.0,151.5,180.1,NG,DFO,Y,N,,,,,,,Y,Y,151.5,180.1,151.5,180.1,1H,1H,Y,Y,Y,
24121,Calpine -RockGen Energy,55391,RockGen Energy Center,WI,Dane,01,OP,Natural Gas Fired Combustion Turbine,GT,IPP Non-CHP,2,187.0,157,157,NG,DFO,Y,N,,,,,,,Y,Y,155,162,0,0,1H,1H,Y,Y,Y,
24121,Calpine -RockGen Energy,55391,RockGen Energy Center,WI,Dane,02,OP,Natural Gas Fired Combustion Turbine,GT,IPP Non-CHP,2,187.0,157,157,NG,DFO,Y,N,,,,,,,Y,Y,155,162,0,0,1H,1H,Y,Y,Y,
24121,Calpine -RockGen Energy,55391,RockGen Energy Center,WI,Dane,03,OP,Natural Gas Fired Combustion Turbine,GT,IPP Non-CHP,2,187.0,157,157,NG,DFO,Y,N,,,,,,,Y,Y,155,162,0,0,1H,1H,Y,Y,Y,
21191,Zion Energy LLC,55392,Zion Energy Center,IL,Lake,CTG1,OP,Natural Gas Fired Combustion Turbine,GT,IPP Non-CHP,2,198.9,152,181,NG,DFO,Y,N,,,,,,,Y,Y,156,165,165,175,1H,1H,N,,,
21191,Zion Energy LLC,55392,Zion Energy Center,IL,Lake,CTG2,OP,Natural Gas Fired Combustion Turbine,GT,IPP Non-CHP,2,198.9,152,181,NG,DFO,Y,N,,,,,,,Y,Y,156,165,165,175,1H,1H,N,,,
21191,Zion Energy LLC,55392,Zion Energy Center,IL,Lake,CTG3,OP,Natural Gas Fired Combustion Turbine,GT,IPP Non-CHP,2,198.9,152,181,NG,DFO,Y,N,,,,,,,Y,Y,156,165,165,175,1H,1H,N,,,
34028,Calhoun Power Co LLC,55409,Calhoun Energy Center,AL,Calhoun,CAL1,OP,Natural Gas Fired Combustion Turbine,GT,IPP Non-CHP,2,187.0,158,188,NG,DFO,Y,N,,,,,,,Y,Y,158,188,158,188,1H,1H,Y,,Y,
34028,Calhoun Power Co LLC,55409,Calhoun Energy Center,AL,Calhoun,CAL2,OP,Natural Gas Fired Combustion Turbine,GT,IPP Non-CHP,2,187.0,158,188,NG,DFO,Y,N,,,,,,,Y,Y,158,188,158,188,1H,1H,Y,,Y,
34028,Calhoun Power Co LLC,55409,Calhoun Energy Center,AL,Calhoun,CAL3,OP,Natural Gas Fired Combustion Turbine,GT,IPP Non-CHP,2,187.0,158,188,NG,DFO,Y,N,,,,,,,Y,Y,158,188,158,188,1H,1H,Y,,Y,
34028,Calhoun Power Co LLC,55409,Calhoun Energy Center,AL,Calhoun,CAL4,OP,Natural Gas Fired Combustion Turbine,GT,IPP Non-CHP,2,187.0,158,188,NG,DFO,Y,N,,,,,,,Y,Y,158,188,158,188,1H,1H,Y,,Y,
40192,Shady Hills Power Co LLC,55414,Shady Hills Generating Station,FL,Pasco,G101,OP,Natural Gas Fired Combustion Turbine,GT,IPP Non-CHP,2,180.4,154.4,170.2,NG,DFO,Y,N,,,,,,,Y,Y,156,172,160,180,6H,1H,Y,,Y,
40192,Shady Hills Power Co LLC,55414,Shady Hills Generating Station,FL,Pasco,G201,OP,Natural Gas Fired Combustion Turbine,GT,IPP Non-CHP,2,180.4,154.4,170.2,NG,DFO,Y,N,,,,,,,Y,Y,156,172,160,180,6H,1H,Y,,Y,
40192,Shady Hills Power Co LLC,55414,Shady Hills Generating Station,FL,Pasco,G301,OP,Natural Gas Fired Combustion Turbine,GT,IPP Non-CHP,2,180.4,154.4,170.2,NG,DFO,Y,N,,,,,,,Y,Y,156,172,160,180,6H,1H,Y,,Y,
39125,Vandolah Power Co LLC,55415,Vandolah Power Station,FL,Hardee,G101,OP,Natural Gas Fired Combustion Turbine,GT,IPP Non-CHP,2,182.0,161.5,171.5,NG,DFO,Y,Y,NG,DFO,,,,,Y,Y,161.5,171.5,161.5,171.5,1H,1H,Y,,Y,
39125,Vandolah Power Co LLC,55415,Vandolah Power Station,FL,Hardee,G201,OP,Natural Gas Fired Combustion Turbine,GT,IPP Non-CHP,2,182.0,161.5,171.5,NG,DFO,Y,Y,NG,DFO,,,,,Y,Y,161.5,171.5,161.5,171.5,1H,1H,Y,,Y,
39125,Vandolah Power Co LLC,55415,Vandolah Power Station,FL,Hardee,G301,OP,Natural Gas Fired Combustion Turbine,GT,IPP Non-CHP,2,182.0,161.5,171.5,NG,DFO,Y,Y,NG,DFO,,,,,Y,Y,161.5,171.5,161.5,171.5,1H,1H,Y,,Y,
39125,Vandolah Power Co LLC,55415,Vandolah Power Station,FL,Hardee,G401,OP,Natural Gas Fired Combustion Turbine,GT,IPP Non-CHP,2,182.0,161.5,171.5,NG,DFO,Y,Y,NG,DFO,,,,,Y,Y,161.5,171.5,161.5,171.5,1H,1H,Y,,Y,
5347,Dow Chemical Co,55419,Plaquemine Cogeneration Plant,LA,Iberville,G500,OP,Natural Gas Fired Combined Cycle,CT,Industrial CHP,7,198.0,151,186,NG,OG,Y,Y,NG,OG,,,,,N,, , , , ,,,,,,
5347,Dow Chemical Co,55419,Plaquemine Cogeneration Plant,LA,Iberville,G600,OP,Natural Gas Fired Combined Cycle,CT,Industrial CHP,7,198.0,151,186,NG,OG,Y,Y,NG,OG,,,,,N,, , , , ,,,,,,
5347,Dow Chemical Co,55419,Plaquemine Cogeneration Plant,LA,Iberville,G700,OP,Natural Gas Fired Combined Cycle,CT,Industrial CHP,7,198.0,151,186,NG,OG,Y,Y,NG,OG,,,,,N,, , , , ,,,,,,
5347,Dow Chemical Co,55419,Plaquemine Cogeneration Plant,LA,Iberville,G800,OP,Natural Gas Fired Combined Cycle,CT,Industrial CHP,7,198.0,151,186,NG,OG,Y,Y,NG,OG,,,,,N,, , , , ,,,,,,
55839,Domtar Paper Company LLC,55429,Kentucky Mills,KY,Hancock,01,OP,Wood/Wood Waste Biomass,ST,Industrial CHP,7,88.0,49,60,BLQ,WDS,Y,Y,BLQ,WDS,NG,SLW,,,N,, , , , ,,,,,,
18569,Tenaska Virginia Partners LP,55439,Tenaska Virginia Generating Station,VA,Fluvanna,CTG1,OP,Natural Gas Fired Combined Cycle,CT,IPP Non-CHP,2,183.3,176.9,207.2,NG,DFO,Y,N,,,,,,,Y,Y,176.9,207.2,0,207.2,1H,1H,Y,Y,Y,
18569,Tenaska Virginia Partners LP,55439,Tenaska Virginia Generating Station,VA,Fluvanna,CTG2,OP,Natural Gas Fired Combined Cycle,CT,IPP Non-CHP,2,183.3,176.9,208.5,NG,DFO,Y,N,,,,,,,Y,Y,176.9,208.5,0,208.5,1H,1H,Y,Y,Y,
18569,Tenaska Virginia Partners LP,55439,Tenaska Virginia Generating Station,VA,Fluvanna,CTG3,OP,Natural Gas Fired Combined Cycle,CT,IPP Non-CHP,2,183.3,183.3,204.8,NG,DFO,Y,N,,,,,,,Y,Y,183.3,204.8,0,204.8,1H,1H,Y,Y,Y,
18569,Tenaska Virginia Partners LP,55439,Tenaska Virginia Generating Station,VA,Fluvanna,STG1,OP,Natural Gas Fired Combined Cycle,CA,IPP Non-CHP,2,396.2,406.6,388.9,NG,,N,N,,,,,,,Y,Y,406.2,388.9,0,280,1H,1H,Y,Y,Y,
18835,Tenaska Alabama B LP,55440,Tenaska Central Alabama Generating Stn,AL,Autauga,CTG1,OP,Natural Gas Fired Combined Cycle,CT,IPP Non-CHP,2,179.0,172.5,190.1,NG,DFO,Y,N,,,,,,,Y,Y,172.5,190.1,172.5,190.1,6H,6H,N,,,
18835,Tenaska Alabama B LP,55440,Tenaska Central Alabama Generating Stn,AL,Autauga,CTG2,OP,Natural Gas Fired Combined Cycle,CT,IPP Non-CHP,2,179.0,171.4,189.1,NG,DFO,Y,N,,,,,,,Y,Y,171.4,189.1,171.4,171.4,6H,6H,N,,,
18835,Tenaska Alabama B LP,55440,Tenaska Central Alabama Generating Stn,AL,Autauga,CTG3,OP,Natural Gas Fired Combined Cycle,CT,IPP Non-CHP,2,179.0,176.1,189.7,NG,DFO,Y,N,,,,,,,Y,Y,176.1,189.7,176.1,176.1,6H,6H,N,,,
30151,"Tri-State G & T Assn, Inc",55504,Limon Generating Station,CO,Lincoln,L1,OP,Natural Gas Fired Combustion Turbine,GT,Electric Utility,1,77.1,67,75,NG,DFO,Y,N,,,,,,,Y,Y,67,75,67,75,1H,1H,Y,Y,Y,
30151,"Tri-State G & T Assn, Inc",55504,Limon Generating Station,CO,Lincoln,L2,OP,Natural Gas Fired Combustion Turbine,GT,Electric Utility,1,77.1,67,75,NG,DFO,Y,N,,,,,,,Y,Y,67,75,67,75,1H,1H,Y,Y,Y,
30151,"Tri-State G & T Assn, Inc",55505,Frank Knutson,CO,Adams,BR1,OP,Natural Gas Fired Combustion Turbine,GT,Electric Utility,1,77.1,67,75,NG,DFO,Y,N,,,,,,,Y,Y,67,75,67,75,1H,1H,Y,Y,Y,
30151,"Tri-State G & T Assn, Inc",55505,Frank Knutson,CO,Adams,BR2,OP,Natural Gas Fired Combustion Turbine,GT,Electric Utility,1,77.1,67,75,NG,DFO,Y,N,,,,,,,Y,Y,67,75,67,75,1H,1H,Y,Y,Y,
56608,Calpine Mid-Merit LLC,55524,York Energy Center,PA,York,CTG1,OP,Natural Gas Fired Combined Cycle,CT,IPP Non-CHP,2,120.0,113,113,NG,DFO,Y,N,,,,,,,Y,N,120,120,120,120,6H,6H,Y,,Y,
56608,Calpine Mid-Merit LLC,55524,York Energy Center,PA,York,CTG2,OP,Natural Gas Fired Combined Cycle,CT,IPP Non-CHP,2,120.0,122,122,NG,DFO,Y,N,,,,,,,Y,N,120,120,120,120,6H,6H,Y,,Y,
56608,Calpine Mid-Merit LLC,55524,York Energy Center,PA,York,CTG3,OP,Natural Gas Fired Combined Cycle,CT,IPP Non-CHP,2,120.0,122,122,NG,DFO,Y,N,,,,,,,Y,N,120,120,120,120,6H,6H,Y,,Y,
56608,Calpine Mid-Merit LLC,55524,York Energy Center,PA,York,STG1,OP,Natural Gas Fired Combined Cycle,CA,IPP Non-CHP,2,200.0,188,188,NG,DFO,Y,N,,,,,,,Y,N,188,188,188,188,6H,6H,Y,,Y,
49981,Diamond Generating Corporation,55542,Larkspur Energy Facility,CA,San Diego,CTG1,OP,Natural Gas Fired Combustion Turbine,GT,IPP Non-CHP,2,49.9,45.6,45.6,NG,DFO,Y,Y,NG,DFO,,,,,Y,Y,45.6,45.6,45.6,45.6,6H,1H,Y,,Y,
49981,Diamond Generating Corporation,55542,Larkspur Energy Facility,CA,San Diego,CTG2,OP,Natural Gas Fired Combustion Turbine,GT,IPP Non-CHP,2,49.9,46,46,NG,DFO,Y,Y,NG,DFO,,,,,Y,Y,46,46,46,46,6H,1H,Y,,Y,
15466,Public Service Co of Colorado,55645,Blue Spruce Energy Center,CO,Adams,CT01,OP,Natural Gas Fired Combustion Turbine,GT,Electric Utility,1,198.9,130,144,NG,DFO,Y,N,,,,,,,Y,Y,130,144,130,144,1H,1H,N,,,
15466,Public Service Co of Colorado,55645,Blue Spruce Energy Center,CO,Adams,CT02,OP,Natural Gas Fired Combustion Turbine,GT,Electric Utility,1,198.9,134,148,NG,DFO,Y,N,,,,,,,Y,Y,134,148,138,148,1H,1H,N,,,
13538,Essential Power Newington LLC,55661,Essential Power Newington LLC,NH,Rockingham,GT-1,OP,Natural Gas Fired Combined Cycle,CT,IPP Non-CHP,2,185.6,161,195,NG,DFO,Y,N,,,,,,,Y,Y,176,200,176,200,6H,6H,Y,Y,Y,
13538,Essential Power Newington LLC,55661,Essential Power Newington LLC,NH,Rockingham,GT-2,OP,Natural Gas Fired Combined Cycle,CT,IPP Non-CHP,2,185.6,161,195,NG,DFO,Y,N,,,,,,,Y,Y,176,200,176,200,6H,6H,Y,Y,Y,
56607,Calpine Bethlehem LLC,55690,Bethlehem Power Plant,PA,Northampton,CTG1,OP,Natural Gas Fired Combined Cycle,CT,IPP Non-CHP,2,127.0,118,118,NG,DFO,Y,N,,,,,,,Y,N,118,118,118,118,6H,6H,Y,Y,Y,
56607,Calpine Bethlehem LLC,55690,Bethlehem Power Plant,PA,Northampton,CTG2,OP,Natural Gas Fired Combined Cycle,CT,IPP Non-CHP,2,127.0,127,127,NG,DFO,Y,N,,,,,,,Y,N,127,127,127,127,6H,6H,Y,Y,Y,
56607,Calpine Bethlehem LLC,55690,Bethlehem Power Plant,PA,Northampton,CTG3,OP,Natural Gas Fired Combined Cycle,CT,IPP Non-CHP,2,127.0,127,127,NG,DFO,Y,N,,,,,,,Y,N,127,127,127,127,6H,6H,Y,Y,Y,
56607,Calpine Bethlehem LLC,55690,Bethlehem Power Plant,PA,Northampton,CTG5,OP,Natural Gas Fired Combined Cycle,CT,IPP Non-CHP,2,127.0,118,118,NG,DFO,Y,N,,,,,,,Y,N,118,118,118,118,6H,6H,Y,Y,Y,
56607,Calpine Bethlehem LLC,55690,Bethlehem Power Plant,PA,Northampton,CTG6,OP,Natural Gas Fired Combined Cycle,CT,IPP Non-CHP,2,127.0,127,127,NG,DFO,Y,N,,,,,,,Y,N,127,127,127,127,6H,6H,Y,Y,Y,
56607,Calpine Bethlehem LLC,55690,Bethlehem Power Plant,PA,Northampton,CTG7,OP,Natural Gas Fired Combined Cycle,CT,IPP Non-CHP,2,127.0,127,127,NG,DFO,Y,N,,,,,,,Y,N,127,127,127,127,6H,6H,Y,Y,Y,
56607,Calpine Bethlehem LLC,55690,Bethlehem Power Plant,PA,Northampton,STG4,OP,Natural Gas Fired Combined Cycle,CA,IPP Non-CHP,2,195.5,195,195,NG,DFO,Y,N,,,,,,,Y,Y,195,195,195,195,6H,6H,Y,Y,Y,
56607,Calpine Bethlehem LLC,55690,Bethlehem Power Plant,PA,Northampton,STG8,OP,Natural Gas Fired Combined Cycle,CA,IPP Non-CHP,2,195.5,195,195,NG,DFO,Y,N,,,,,,,Y,Y,195,195,195,195,6H,6H,Y,Y,Y,
17650,Southern Power Co,55821,Curtis H Stanton Energy Center,FL,Orange,A,OP,Natural Gas Fired Combined Cycle,CT,IPP Non-CHP,2,203.2,188,188,NG,DFO,Y,N,,,,,,,Y,Y,188,188,188,188,6H,6H,N,,,
17650,Southern Power Co,55821,Curtis H Stanton Energy Center,FL,Orange,B,OP,Natural Gas Fired Combined Cycle,CT,IPP Non-CHP,2,203.2,188,188,NG,DFO,Y,N,,,,,,,Y,Y,188,188,188,188,6H,6H,N,,,
57207,"HC-50 MAIN STREET, LLC",55830,East Millinocket Mill,ME,Penobscot,M2S1,OS,Wood/Wood Waste Biomass,ST,Industrial CHP,7,15.6,14.5,14.7,WDS,RFO,,Y,WDS,RFO,,,,,N,, , , , ,,,,,,
57207,"HC-50 MAIN STREET, LLC",55830,East Millinocket Mill,ME,Penobscot,M2S2,OS,Wood/Wood Waste Biomass,ST,Industrial CHP,7,15.6,14.5,14.7,WDS,RFO,,Y,WDS,RFO,,,,,N,, , , , ,,,,,,
57207,"HC-50 MAIN STREET, LLC",55830,East Millinocket Mill,ME,Penobscot,M2S3,OS,Wood/Wood Waste Biomass,ST,Industrial CHP,7,30.2,28.1,28.4,WDS,RFO,,Y,WDS,RFO,,,,,N,, , , , ,,,,,,
2872,Auburndale Peaker Energy Center LLC,55833,Auburndale Peaker Energy Center,FL,Polk,CTP,OP,Natural Gas Fired Combustion Turbine,GT,IPP Non-CHP,2,130.1,117,126,NG,DFO,Y,N,,,,,,,Y,Y,117,126,115,124,1H,1H,Y,Y,Y,
20858,WPPI Energy,55836,Island Street Peaking Plant,WI,Outagamie,FT81,OP,Natural Gas Fired Combustion Turbine,GT,Electric Utility,1,60.5,51.3,60.1,NG,DFO,Y,N,,,,,,,Y,Y,53,62,47,54,1H,1H,N,,,
19676,Valero Refining Co California,55851,Valero Refinery Cogeneration Unit 1,CA,Solano,GT 1,OP,Natural Gas Fired Combustion Turbine,GT,Industrial CHP,7,51.0,45.4,46.8,NG,OG,Y,Y,OG,NG,,,,,N,, , , , ,,,,,,
6306,"Benson Power, LLC.",55867,Benson Power Biomass Plant,MN,Swift,G1,OP,Wood/Wood Waste Biomass,ST,IPP Non-CHP,2,62.5,55,55,WDS,AB,Y,Y,WDS,AB,,,,,N,, , , , ,,,,,,
17539,South Carolina Electric&Gas Company,55927,Jasper,SC,Jasper,CT1,OP,Natural Gas Fired Combined Cycle,CT,Electric Utility,1,198.9,156,171,NG,DFO,Y,N,,,,,,,Y,Y,156,171,156,171,1H,1H,Y,,Y,
17539,South Carolina Electric&Gas Company,55927,Jasper,SC,Jasper,CT2,OP,Natural Gas Fired Combined Cycle,CT,Electric Utility,1,198.9,164,177,NG,DFO,Y,N,,,,,,,Y,Y,164,177,164,177,1H,1H,Y,,Y,
17539,South Carolina Electric&Gas Company,55927,Jasper,SC,Jasper,CT3,OP,Natural Gas Fired Combined Cycle,CT,Electric Utility,1,198.9,147,174,NG,DFO,Y,N,,,,,,,Y,Y,147,174,147,174,1H,1H,Y,,Y,
12186,McMinnville Electric System,55928,McMinnville,TN,Warren,12,OP,Other Waste Biomass,IC,Electric Utility,1,2.0,1.8,1.8,OBL,DFO,Y,Y,OBL,DFO,,,,,N,, , , , ,,,,,,
16534,Sacramento Municipal Util Dist,55970,Cosumnes,CA,Sacramento,2,OP,Natural Gas Fired Combined Cycle,CT,Electric Utility,1,170.0,166,178,NG,OBG,Y,Y,NG,OBG,,,,,N,, , , , ,,,,,,
3329,Borough of Chambersburg,55997,Orchard Park,PA,Franklin,10,OP,Natural Gas Internal Combustion Engine,IC,Electric Utility,1,6.0,5.8,5.8,NG,DFO,Y,Y,NG,DFO,,,,,Y,Y,5.8,5.8,5.7,5.7,1H,1H,Y,Y,Y,
3329,Borough of Chambersburg,55997,Orchard Park,PA,Franklin,11,OP,Natural Gas Internal Combustion Engine,IC,Electric Utility,1,6.0,5.8,5.8,NG,DFO,Y,Y,NG,DFO,,,,,Y,Y,5.8,5.8,5.7,5.7,1H,1H,Y,Y,Y,
3329,Borough of Chambersburg,55997,Orchard Park,PA,Franklin,8,OP,Natural Gas Internal Combustion Engine,IC,Electric Utility,1,6.0,5.8,5.8,NG,DFO,Y,Y,NG,DFO,,,,,Y,Y,5.8,5.8,5.7,5.7,1H,1H,Y,Y,Y,
3329,Borough of Chambersburg,55997,Orchard Park,PA,Franklin,9,OP,Natural Gas Internal Combustion Engine,IC,Electric Utility,1,6.0,5.8,5.8,NG,DFO,Y,Y,NG,DFO,,,,,Y,Y,5.8,5.8,5.7,5.7,1H,1H,Y,Y,Y,
20421,Western Minnesota Mun Pwr Agny,56013,Exira,IA,Audubon,U1,OP,Natural Gas Fired Combustion Turbine,GT,Electric Utility,1,60.5,46.5,46.7,NG,DFO,Y,Y,DFO,NG,,,,,Y,Y,46.48,46.67,46.48,46.67,1H,1H,Y,Y,,Y
20421,Western Minnesota Mun Pwr Agny,56013,Exira,IA,Audubon,U2,OP,Natural Gas Fired Combustion Turbine,GT,Electric Utility,1,60.5,46.5,46.7,NG,DFO,Y,Y,DFO,NG,,,,,Y,Y,46.48,46.67,46.48,46.67,1H,1H,Y,Y,,Y
20421,Western Minnesota Mun Pwr Agny,56013,Exira,IA,Audubon,U3,OP,Natural Gas Fired Combustion Turbine,GT,Electric Utility,1,60.5,46.5,46.7,NG,DFO,Y,Y,NG,DFO,,,,,Y,Y,46.48,46.67,46.48,46.67,1H,1H,Y,Y,,Y
20860,Wisconsin Public Service Corp,56031,Fox Energy Center,WI,Outagamie,CTG1,OP,Natural Gas Fired Combined Cycle,CT,Electric Utility,1,198.9,165.9,199.7,NG,DFO,Y,N,,,,,,,Y,Y,165.9,199.7,165.9,199.7,1H,1H,Y,Y,Y,
20860,Wisconsin Public Service Corp,56031,Fox Energy Center,WI,Outagamie,CTG2,OP,Natural Gas Fired Combined Cycle,CT,Electric Utility,1,198.9,158.3,191.2,NG,DFO,Y,N,,,,,,,Y,Y,158.3,191.9,158.3,191.9,1H,1H,Y,Y,Y,
49845,"Equus Power I, L.P.,",56032,Equus Freeport Power,NY,Nassau,0001,OP,Natural Gas Fired Combustion Turbine,GT,IPP Non-CHP,2,60.0,47.9,49.2,NG,KER,Y,N,,,,,,,Y,N,47.9, ,47.9, ,1H,1H,Y,,,Y
49845,"Equus Power I, L.P.,",56032,Equus Freeport Power,NY,Nassau,001,OP,Natural Gas Fired Combustion Turbine,GT,IPP Non-CHP,2,60.0,48.1,49.7,NG,KER,Y,N,,,,,,,Y,N,48.1,49.7,48.1,49.7,1H,1H,Y,Y,,
5571,East Bay Municipal Util Dist,56036,WWTP Power Generation Station,CA,Alameda,GEN1,OP,Other Waste Biomass,IC,Commercial CHP,5,2.2,2,2,OBG,DFO,Y,Y,DFO,NG,OBG,,,,Y,Y,1.95,1.95,1.95,1.95,6H,UNK,Y,Y,Y,
5571,East Bay Municipal Util Dist,56036,WWTP Power Generation Station,CA,Alameda,GEN2,OP,Other Waste Biomass,IC,Commercial CHP,5,2.2,2,2,OBG,DFO,Y,Y,DFO,NG,OBG,,,,Y,Y,1.95,1.95,1.95,1.95,6H,UNK,Y,Y,Y,
5571,East Bay Municipal Util Dist,56036,WWTP Power Generation Station,CA,Alameda,GEN3,OP,Other Waste Biomass,IC,Commercial CHP,5,2.2,2,2,OBG,DFO,Y,Y,DFO,NG,OBG,,,,Y,Y,1.95,1.95,1.95,1.95,6H,UNK,Y,Y,Y,
19165,Trigen-Cinergy Solutions College Park,56038,UMCP CHP Plant,MD,Prince Georges,1,OP,Natural Gas Fired Combustion Turbine,GT,IPP CHP,3,11.0,9.4,10.8,NG,DFO,Y,N,,,,,,,Y,Y,9.4,10.5,9.4,10.5,1H,1H,N,,,
19165,Trigen-Cinergy Solutions College Park,56038,UMCP CHP Plant,MD,Prince Georges,2,OP,Natural Gas Fired Combustion Turbine,GT,IPP CHP,3,11.0,9.4,10.8,NG,DFO,Y,N,,,,,,,Y,Y,9.4,10.5,9.4,10.5,1H,1H,N,,,
19165,Trigen-Cinergy Solutions College Park,56038,UMCP CHP Plant,MD,Prince Georges,3,OP,Natural Gas Steam Turbine,ST,IPP CHP,3,5.4,2,5.1,NG,DFO,Y,N,,,,,,,Y,Y,2,3.5,2,3.5,UNK,UNK,Y,,,Y
16657,San Jose/Santa Clara Water P C,56080,SJ/SC WPCP,CA,Santa Clara,E2,OP,Other Waste Biomass,IC,Commercial CHP,5,0.8,0.8,0.8,OBG,NG,Y,Y,NG,OBG,DFO,,,,Y,Y,0.8,0.8,0.8,0.8,1H,1H,N,,,
16657,San Jose/Santa Clara Water P C,56080,SJ/SC WPCP,CA,Santa Clara,E5,OP,Other Waste Biomass,IC,Commercial CHP,5,1.8,1.8,1.8,OBG,NG,Y,Y,NG,OBG,DFO,,,,Y,Y,1.8,1.8,1.8,1.8,1H,1H,N,,,
16657,San Jose/Santa Clara Water P C,56080,SJ/SC WPCP,CA,Santa Clara,EG1,OP,Natural Gas Internal Combustion Engine,IC,Commercial CHP,5,2.8,2.8,2.8,NG,OBG,Y,Y,NG,OBG,DFO,,,,Y,Y,2.8,2.8,2.8,2.8,1H,1H,Y,,Y,
16657,San Jose/Santa Clara Water P C,56080,SJ/SC WPCP,CA,Santa Clara,EG2,OP,Natural Gas Internal Combustion Engine,IC,Commercial CHP,5,2.8,2.8,2.8,NG,OBG,Y,Y,OBG,NG,,,,,N,,2.8,2.8,2.8,2.8,,,,,,
16657,San Jose/Santa Clara Water P C,56080,SJ/SC WPCP,CA,Santa Clara,EG3,OP,Natural Gas Internal Combustion Engine,IC,Commercial CHP,5,2.8,2.8,2.8,NG,OBG,Y,Y,OBG,NG,,,,,N,,2.8,2.8,2.8,2.8,,,,,,
17650,Southern Power Co,56104,Mankato Energy Center,MN,Blue Earth,CTG2,OP,Natural Gas Fired Combined Cycle,CT,IPP Non-CHP,2,210.0,174,187,NG,DFO,Y,Y,NG,DFO,,,,,Y,Y,174,187,174,187,1H,1H,Y,Y,Y,
7140,Georgia Power Co,56150,McIntosh Combined Cycle Facility,GA,Effingham,C10A,OP,Natural Gas Fired Combined Cycle,CT,Electric Utility,1,203.2,189.6,196.8,NG,DFO,Y,N,,,,,,,Y,Y,189.6,196.8,189.6,196.8,1H,1H,N,,,
7140,Georgia Power Co,56150,McIntosh Combined Cycle Facility,GA,Effingham,C10B,OP,Natural Gas Fired Combined Cycle,CT,Electric Utility,1,203.2,189.6,196.8,NG,DFO,Y,N,,,,,,,Y,Y,189.6,196.8,189.6,196.8,1H,1H,N,,,
7140,Georgia Power Co,56150,McIntosh Combined Cycle Facility,GA,Effingham,C11A,OP,Natural Gas Fired Combined Cycle,CT,Electric Utility,1,203.2,187.9,197.9,NG,DFO,Y,N,,,,,,,Y,Y,187.9,197.9,187.9,197.9,1H,1H,N,,,
7140,Georgia Power Co,56150,McIntosh Combined Cycle Facility,GA,Effingham,C11B,OP,Natural Gas Fired Combined Cycle,CT,Electric Utility,1,203.2,187.9,198,NG,DFO,Y,N,,,,,,,Y,Y,187.9,198,187.9,198,1H,1H,N,,,
12667,Minnesota Municipal Power Agny,56164,Faribault Energy Park,MN,Rice,EU01,OP,Natural Gas Fired Combined Cycle,CT,Electric Utility,1,212.5,153,182,NG,DFO,Y,N,,,,,,,Y,Y,153,185,160,185,1H,1H,N,,,
12667,Minnesota Municipal Power Agny,56164,Faribault Energy Park,MN,Rice,HRSG,OP,Natural Gas Fired Combined Cycle,CA,Electric Utility,1,122.0,108,108,NG,DFO,Y,N,,,,,,,Y,Y,108,108,86,86,1H,1H,N,,,
49837,Pinelawn Power LLC,56188,Pinelawn Power LLC,NY,Suffolk,CTG,OP,Natural Gas Fired Combined Cycle,CT,IPP Non-CHP,2,50.0,47,47,NG,KER,Y,N,,,,,,,Y,N,48,49,48,49,1H,1H,Y,Y,Y,
3304,Central Michigan University,56190,Central Michigan University,MI,Isabella,GT1,OP,Natural Gas Fired Combustion Turbine,GT,Commercial CHP,5,3.8,3.2,3.9,NG,DFO,Y,N,,,,,,,Y,N,3.2,4.2,3.2,4.2,1H,1H,Y,,,Y
3304,Central Michigan University,56190,Central Michigan University,MI,Isabella,STM1,OP,Natural Gas Steam Turbine,ST,Commercial CHP,5,1.0,1,1,NG,WDS,Y,Y,WDS,NG,,,,,N,, ,0, ,0,,UNK,N,,,
15296,New York Power Authority,56196,500MW CC,NY,Queens,CT01,OP,Natural Gas Fired Combined Cycle,CT,Electric Utility,1,170.0,146.2,159.8,NG,DFO,Y,N,,,,,,,Y,N,180,180,180,180,1H,1H,Y,,,Y
15296,New York Power Authority,56196,500MW CC,NY,Queens,CT02,OP,Natural Gas Fired Combined Cycle,CT,Electric Utility,1,170.0,146.2,159.8,NG,DFO,Y,N,,,,,,,Y,N,180,180,180,180,1H,1H,Y,,,Y
49950,"Caithness Long Island, LLC",56234,Caithness Long Island Energy Center,NY,Suffolk,CT01,OP,Natural Gas Fired Combined Cycle,CT,IPP Non-CHP,2,196.2,179.9,232.9,NG,DFO,Y,N,,,,,,,Y,Y,175,220,175,200,6H,6H,Y,Y,Y,
49893,Invenergy Services LLC,56241,Cannon Falls Energy Center,MN,Goodhue,UNT1,OP,Natural Gas Fired Combustion Turbine,GT,IPP Non-CHP,2,173.4,158,181,NG,DFO,Y,N,,,,,,,Y,Y,155,155,164,164,1H,1H,Y,Y,Y,
49893,Invenergy Services LLC,56241,Cannon Falls Energy Center,MN,Goodhue,UNT2,OP,Natural Gas Fired Combustion Turbine,GT,IPP Non-CHP,2,173.4,158,181,NG,DFO,Y,N,,,,,,,Y,Y,155,155,164,164,1H,1H,Y,Y,Y,
13683,North Carolina El Member Corp,56249,Anson County Generation Facility,NC,Anson,1,OP,Natural Gas Fired Combustion Turbine,GT,Electric Utility,1,57.3,56.5,61.1,NG,DFO,Y,N,,,,,,,Y,Y,56.5,62.5,54.9,54.9,1H,1H,Y,Y,Y,
13683,North Carolina El Member Corp,56249,Anson County Generation Facility,NC,Anson,2,OP,Natural Gas Fired Combustion Turbine,GT,Electric Utility,1,57.3,56.5,61.1,NG,DFO,Y,N,,,,,,,Y,Y,56.5,62.5,54.9,54.9,1H,1H,Y,Y,Y,
13683,North Carolina El Member Corp,56249,Anson County Generation Facility,NC,Anson,3,OP,Natural Gas Fired Combustion Turbine,GT,Electric Utility,1,57.3,56.5,61.1,NG,DFO,Y,N,,,,,,,Y,Y,56.5,62.5,54.9,54.9,1H,1H,Y,Y,Y,
13683,North Carolina El Member Corp,56249,Anson County Generation Facility,NC,Anson,4,OP,Natural Gas Fired Combustion Turbine,GT,Electric Utility,1,57.3,56.5,61.1,NG,DFO,Y,N,,,,,,,Y,Y,56.5,62.5,54.9,54.9,1H,1H,Y,Y,Y,
13683,North Carolina El Member Corp,56249,Anson County Generation Facility,NC,Anson,5,OP,Natural Gas Fired Combustion Turbine,GT,Electric Utility,1,57.3,56.5,61.1,NG,DFO,Y,N,,,,,,,Y,Y,56.5,62.5,54.9,54.9,1H,1H,Y,Y,Y,
13683,North Carolina El Member Corp,56249,Anson County Generation Facility,NC,Anson,6,OP,Natural Gas Fired Combustion Turbine,GT,Electric Utility,1,57.3,56.5,61.1,NG,DFO,Y,N,,,,,,,Y,Y,56.5,62.5,54.9,54.9,1H,1H,Y,Y,Y,
56480,Empire Generating Co LLC,56259,Empire Generating Co  LLC,NY,Rensselaer,CT11,OP,Natural Gas Fired Combined Cycle,CT,IPP CHP,3,179.0,155,190,NG,DFO,Y,N,,,,,,,Y,N,165,190,177,190,1H,1H,Y,,Y,Y
56480,Empire Generating Co LLC,56259,Empire Generating Co  LLC,NY,Rensselaer,CT12,OP,Natural Gas Fired Combined Cycle,CT,IPP CHP,3,179.0,155,190,NG,DFO,Y,N,,,,,,,Y,N,165,190,177,190,1H,1H,Y,,Y,Y
56480,Empire Generating Co LLC,56259,Empire Generating Co  LLC,NY,Rensselaer,ST13,OP,Natural Gas Fired Combined Cycle,CA,IPP CHP,3,295.7,270,295.7,NG,DFO,Y,N,,,,,,,Y,N,270,285,175,185,1H,1H,Y,,Y,Y
50045,Phillips 66 Company,56284,Santa Maria EPG,CA,San Luis Obispo,EPG,OP,Other Gases,ST,Industrial Non-CHP,6,5.5,5.3,5.3,OG,NG,Y,Y,OG,NG,,,,,N,, , , , ,,,,,,
13683,North Carolina El Member Corp,56292,Hamlet Generating Facility,NC,Richmond,ES1,OP,Natural Gas Fired Combustion Turbine,GT,Electric Utility,1,57.3,56.5,61.1,NG,DFO,Y,N,,,,,,,Y,Y,56.5,62.5,54.9,54.9,1H,1H,Y,Y,Y,
13683,North Carolina El Member Corp,56292,Hamlet Generating Facility,NC,Richmond,ES2,OP,Natural Gas Fired Combustion Turbine,GT,Electric Utility,1,57.3,56.5,61.1,NG,DFO,Y,N,,,,,,,Y,Y,56.5,62.5,54.9,54.9,1H,1H,Y,Y,Y,
13683,North Carolina El Member Corp,56292,Hamlet Generating Facility,NC,Richmond,ES3,OP,Natural Gas Fired Combustion Turbine,GT,Electric Utility,1,57.3,56.5,61.1,NG,DFO,Y,N,,,,,,,Y,Y,56.5,62.5,54.9,54.9,1H,1H,Y,Y,Y,
13683,North Carolina El Member Corp,56292,Hamlet Generating Facility,NC,Richmond,ES4,OP,Natural Gas Fired Combustion Turbine,GT,Electric Utility,1,57.3,56.5,61.1,NG,DFO,Y,N,,,,,,,Y,Y,56.5,62.5,54.9,54.9,1H,1H,Y,Y,Y,
13683,North Carolina El Member Corp,56292,Hamlet Generating Facility,NC,Richmond,ES5,OP,Natural Gas Fired Combustion Turbine,GT,Electric Utility,1,57.3,56.5,61.1,NG,DFO,Y,N,,,,,,,Y,Y,56.5,62.5,54.9,54.9,1H,1H,Y,Y,Y,
13683,North Carolina El Member Corp,56292,Hamlet Generating Facility,NC,Richmond,ES6,OP,Natural Gas Fired Combustion Turbine,GT,Electric Utility,1,57.3,56.5,61.1,NG,DFO,Y,N,,,,,,,Y,Y,56.5,62.5,54.9,54.9,1H,1H,Y,Y,Y,
19547,Hawaiian Electric Co Inc,56329,Campbell Industrial Park,HI,Honolulu,CIP1,OP,Other Waste Biomass,GT,Electric Utility,1,113.0,113,113,OBL,DFO,Y,Y,DFO,OBL,,,,,N,, , , , ,,,,,,
6616,Fort Pierce Utilities Authority,56400,Treasure Coast Energy Center,FL,St Lucie,CT1,OP,Natural Gas Fired Combined Cycle,CT,Electric Utility,1,219.6,158.8,188.8,NG,DFO,Y,N,,,,,,,Y,Y,155,165,155,165,1H,6H,Y,Y,Y,
6452,Florida Power & Light Co,56407,West County Energy Center,FL,Palm Beach,1A,OP,Natural Gas Fired Combined Cycle,CT,Electric Utility,1,298.0,232,270,NG,DFO,Y,Y,NG,DFO,,,,,Y,Y,243,243,202,201,1H,1H,Y,,Y,
6452,Florida Power & Light Co,56407,West County Energy Center,FL,Palm Beach,1B,OP,Natural Gas Fired Combined Cycle,CT,Electric Utility,1,298.0,232,270,NG,DFO,Y,Y,NG,DFO,,,,,Y,Y,243,243,202,201,1H,1H,Y,,Y,
6452,Florida Power & Light Co,56407,West County Energy Center,FL,Palm Beach,1C,OP,Natural Gas Fired Combined Cycle,CT,Electric Utility,1,298.0,232,270,NG,DFO,Y,Y,NG,DFO,,,,,Y,Y,243,243,202,201,1H,1H,Y,,Y,
6452,Florida Power & Light Co,56407,West County Energy Center,FL,Palm Beach,1ST,OP,Natural Gas Fired Combined Cycle,CA,Electric Utility,1,527.0,523,525,NG,DFO,Y,N,,,,,,,Y,Y,423,487,290,268,1H,1H,Y,,Y,
6452,Florida Power & Light Co,56407,West County Energy Center,FL,Palm Beach,2A,OP,Natural Gas Fired Combined Cycle,CT,Electric Utility,1,298.0,232,270,NG,DFO,Y,Y,NG,DFO,,,,,Y,Y,243,243,202,201,1H,1H,Y,,Y,
6452,Florida Power & Light Co,56407,West County Energy Center,FL,Palm Beach,2B,OP,Natural Gas Fired Combined Cycle,CT,Electric Utility,1,298.0,232,270,NG,DFO,Y,Y,NG,DFO,,,,,Y,Y,243,243,202,201,1H,1H,Y,,Y,
6452,Florida Power & Light Co,56407,West County Energy Center,FL,Palm Beach,2C,OP,Natural Gas Fired Combined Cycle,CT,Electric Utility,1,298.0,232,270,NG,DFO,Y,Y,NG,DFO,,,,,Y,Y,243,243,202,201,1H,1H,Y,,Y,
6452,Florida Power & Light Co,56407,West County Energy Center,FL,Palm Beach,2ST,OP,Natural Gas Fired Combined Cycle,CA,Electric Utility,1,527.0,523,525,NG,DFO,Y,N,,,,,,,Y,Y,423,487,290,268,1H,1H,Y,,Y,
6452,Florida Power & Light Co,56407,West County Energy Center,FL,Palm Beach,3A,OP,Natural Gas Fired Combined Cycle,CT,Electric Utility,1,298.0,232,270,NG,DFO,Y,Y,NG,DFO,,,,,Y,Y,243,243,202,201,1H,1H,Y,,Y,
6452,Florida Power & Light Co,56407,West County Energy Center,FL,Palm Beach,3B,OP,Natural Gas Fired Combined Cycle,CT,Electric Utility,1,298.0,244,282,NG,DFO,Y,Y,NG,DFO,,,,,Y,Y,243,243,202,201,1H,1H,Y,,Y,
6452,Florida Power & Light Co,56407,West County Energy Center,FL,Palm Beach,3C,OP,Natural Gas Fired Combined Cycle,CT,Electric Utility,1,298.0,232,270,NG,DFO,Y,Y,NG,DFO,,,,,Y,Y,243,243,202,201,1H,1H,Y,,Y,
6452,Florida Power & Light Co,56407,West County Energy Center,FL,Palm Beach,3ST,OP,Natural Gas Fired Combined Cycle,CA,Electric Utility,1,527.0,523,527,NG,DFO,Y,N,,,,,,,Y,Y,423,487,290,268,1H,1H,Y,,Y,
49893,Invenergy Services LLC,56445,Spindle Hill Energy Center,CO,Weld,GEN1,OP,Natural Gas Fired Combustion Turbine,GT,IPP Non-CHP,2,210.0,135,155,NG,DFO,Y,N,,,,,,,Y,N,135,135,143,143,1H,1H,Y,Y,Y,
49893,Invenergy Services LLC,56445,Spindle Hill Energy Center,CO,Weld,GEN2,OP,Natural Gas Fired Combustion Turbine,GT,IPP Non-CHP,2,210.0,135,155,NG,DFO,Y,N,,,,,,,Y,N,135,135,143,143,1H,1H,Y,Y,Y,
11740,City of Marshfield - (WI),56480,Marshfield Utilities Gas Plant,WI,Wood,M1,OP,Natural Gas Fired Combustion Turbine,GT,Electric Utility,1,60.4,53.3,60.2,NG,DFO,Y,N,,,,,,,Y,Y,53.3,60.2,51.1,53.7,1H,1H,Y,Y,Y,
9879,City Water and Light Plant,56505,Jonesboro City Water & Light Plant,AR,Craighead,SN01,OP,Natural Gas Fired Combustion Turbine,GT,Electric Utility,1,24.5,20,23,NG,DFO,Y,N,,,,,,,Y,Y,20,23,20,22,1H,1H,Y,Y,Y,
9879,City Water and Light Plant,56505,Jonesboro City Water & Light Plant,AR,Craighead,SN02,OP,Natural Gas Fired Combustion Turbine,GT,Electric Utility,1,21.4,19,22,NG,DFO,Y,N,,,,,,,Y,Y,19,22.5,19,21.5,1H,1H,Y,Y,Y,
9879,City Water and Light Plant,56505,Jonesboro City Water & Light Plant,AR,Craighead,SN04,OP,Natural Gas Fired Combustion Turbine,GT,Electric Utility,1,60.5,46,49,NG,DFO,Y,N,,,,,,,Y,Y,46,47.5,46,46.5,1H,1H,Y,Y,Y,
9879,City Water and Light Plant,56505,Jonesboro City Water & Light Plant,AR,Craighead,SN06,OP,Natural Gas Fired Combustion Turbine,GT,Electric Utility,1,57.4,46,49,NG,DFO,Y,N,,,,,,,Y,Y,46,48.5,46,47.5,1H,1H,Y,Y,Y,
54911,Tesoro Refng Marketing Co Mntn Region,56509,Tesoro SLC Cogeneration Plant,UT,Salt Lake,1,OP,Natural Gas Fired Combustion Turbine,GT,Industrial CHP,7,12.5,11,12.5,NG,OG,Y,Y,OG,NG,,,,,N,, , , , ,,,,,,
54911,Tesoro Refng Marketing Co Mntn Region,56509,Tesoro SLC Cogeneration Plant,UT,Salt Lake,2,OP,Natural Gas Fired Combustion Turbine,GT,Industrial CHP,7,12.5,11,12.5,NG,OG,Y,Y,OG,NG,,,,,N,, , , , ,,,,,,
55925,Novo Biopower LLC,56616,Novo BioPower Plant,AZ,Navajo,G3,OP,Wood/Wood Waste Biomass,ST,IPP Non-CHP,2,27.2,22.2,22.2,WDS,NG,Y,Y,WDS,OBS,NG,,,,N,, , , , ,,,,,,
54895,FirstLight Power Resources Services LLC,56629,Waterbury Generation,CT,New Haven,10,OP,Natural Gas Fired Combustion Turbine,GT,IPP Non-CHP,2,96.0,95,100,NG,KER,Y,N,,,,,,,Y,Y,96,96,89.9,90,1H,1H,Y,,Y,
55893,St Paul Cogeneration LLC,56643,St Paul Cogeneration,MN,Ramsey,1,OP,Wood/Wood Waste Biomass,ST,IPP CHP,3,37.0,33,25,WDS,NG,Y,Y,WDS,NG,AB,,,,N,, , , , ,,,,,,
55938,Industrial Power Generating Company LLC,56680,Wicomico,MD,Wicomico,1,OP,Landfill Gas,IC,IPP Non-CHP,2,0.3,0.3,0.3,LFG,DFO,Y,Y,DFO,LFG,,,,,N,, , , , ,,,,,,
55938,Industrial Power Generating Company LLC,56680,Wicomico,MD,Wicomico,10,OP,Landfill Gas,IC,IPP Non-CHP,2,0.3,0.3,0.3,LFG,DFO,Y,Y,DFO,LFG,,,,,N,, , , , ,,,,,,
55938,Industrial Power Generating Company LLC,56680,Wicomico,MD,Wicomico,11,OP,Landfill Gas,IC,IPP Non-CHP,2,0.3,0.3,0.3,LFG,DFO,Y,Y,DFO,LFG,,,,,N,, , , , ,,,,,,
55938,Industrial Power Generating Company LLC,56680,Wicomico,MD,Wicomico,12,OP,Landfill Gas,IC,IPP Non-CHP,2,0.3,0.3,0.3,LFG,DFO,Y,Y,DFO,LFG,,,,,N,, , , , ,,,,,,
55938,Industrial Power Generating Company LLC,56680,Wicomico,MD,Wicomico,13,OP,Landfill Gas,IC,IPP Non-CHP,2,0.3,0.3,0.3,LFG,DFO,Y,Y,DFO,LFG,,,,,N,, , , , ,,,,,,
55938,Industrial Power Generating Company LLC,56680,Wicomico,MD,Wicomico,14,OP,Landfill Gas,IC,IPP Non-CHP,2,0.3,0.3,0.3,LFG,DFO,Y,Y,DFO,LFG,,,,,N,, , , , ,,,,,,
55938,Industrial Power Generating Company LLC,56680,Wicomico,MD,Wicomico,15,OP,Landfill Gas,IC,IPP Non-CHP,2,0.3,0.3,0.3,LFG,DFO,Y,Y,DFO,LFG,,,,,N,, , , , ,,,,,,
55938,Industrial Power Generating Company LLC,56680,Wicomico,MD,Wicomico,16,OP,Landfill Gas,IC,IPP Non-CHP,2,0.3,0.3,0.3,LFG,DFO,Y,Y,DFO,LFG,,,,,N,, , , , ,,,,,,
55938,Industrial Power Generating Company LLC,56680,Wicomico,MD,Wicomico,17,OP,Landfill Gas,IC,IPP Non-CHP,2,0.3,0.3,0.3,LFG,DFO,Y,Y,DFO,LFG,,,,,N,, , , , ,,,,,,
55938,Industrial Power Generating Company LLC,56680,Wicomico,MD,Wicomico,18,OP,Landfill Gas,IC,IPP Non-CHP,2,0.3,0.3,0.3,LFG,DFO,Y,Y,DFO,LFG,,,,,N,, , , , ,,,,,,
55938,Industrial Power Generating Company LLC,56680,Wicomico,MD,Wicomico,2,OP,Landfill Gas,IC,IPP Non-CHP,2,0.3,0.3,0.3,LFG,DFO,Y,Y,DFO,LFG,,,,,N,, , , , ,,,,,,
55938,Industrial Power Generating Company LLC,56680,Wicomico,MD,Wicomico,3,OP,Landfill Gas,IC,IPP Non-CHP,2,0.3,0.3,0.3,LFG,DFO,Y,Y,DFO,LFG,,,,,N,, , , , ,,,,,,
55938,Industrial Power Generating Company LLC,56680,Wicomico,MD,Wicomico,4,OP,Landfill Gas,IC,IPP Non-CHP,2,0.3,0.3,0.3,LFG,DFO,Y,Y,DFO,LFG,,,,,N,, , , , ,,,,,,
55938,Industrial Power Generating Company LLC,56680,Wicomico,MD,Wicomico,5,OP,Landfill Gas,IC,IPP Non-CHP,2,0.3,0.3,0.3,LFG,DFO,Y,Y,DFO,LFG,,,,,N,, , , , ,,,,,,
55938,Industrial Power Generating Company LLC,56680,Wicomico,MD,Wicomico,6,OP,Landfill Gas,IC,IPP Non-CHP,2,0.3,0.3,0.3,LFG,DFO,Y,Y,DFO,LFG,,,,,N,, , , , ,,,,,,
55938,Industrial Power Generating Company LLC,56680,Wicomico,MD,Wicomico,7,OP,Landfill Gas,IC,IPP Non-CHP,2,0.3,0.3,0.3,LFG,DFO,Y,Y,DFO,LFG,,,,,N,, , , , ,,,,,,
55938,Industrial Power Generating Company LLC,56680,Wicomico,MD,Wicomico,8,OP,Landfill Gas,IC,IPP Non-CHP,2,0.3,0.3,0.3,LFG,DFO,Y,Y,DFO,LFG,,,,,N,, , , , ,,,,,,
55938,Industrial Power Generating Company LLC,56680,Wicomico,MD,Wicomico,9,OP,Landfill Gas,IC,IPP Non-CHP,2,0.3,0.3,0.3,LFG,DFO,Y,Y,DFO,LFG,,,,,N,, , , , ,,,,,,
55938,Industrial Power Generating Company LLC,56681,Amelia,VA,Amelia,1,OP,Landfill Gas,IC,IPP Non-CHP,2,0.3,0.3,0.3,LFG,DFO,Y,Y,DFO,LFG,,,,,N,, , , , ,,,,,,
55938,Industrial Power Generating Company LLC,56681,Amelia,VA,Amelia,10,OP,Landfill Gas,IC,IPP Non-CHP,2,0.3,0.3,0.3,LFG,DFO,Y,Y,DFO,LFG,,,,,N,, , , , ,,,,,,
55938,Industrial Power Generating Company LLC,56681,Amelia,VA,Amelia,11,OP,Landfill Gas,IC,IPP Non-CHP,2,0.3,0.3,0.3,LFG,DFO,Y,Y,DFO,LFG,,,,,N,, , , , ,,,,,,
55938,Industrial Power Generating Company LLC,56681,Amelia,VA,Amelia,12,OP,Landfill Gas,IC,IPP Non-CHP,2,0.3,0.3,0.3,LFG,DFO,Y,Y,DFO,LFG,,,,,N,, , , , ,,,,,,
55938,Industrial Power Generating Company LLC,56681,Amelia,VA,Amelia,13,OP,Landfill Gas,IC,IPP Non-CHP,2,0.3,0.3,0.3,LFG,DFO,Y,Y,DFO,LFG,,,,,N,, , , , ,,,,,,
55938,Industrial Power Generating Company LLC,56681,Amelia,VA,Amelia,14,OP,Landfill Gas,IC,IPP Non-CHP,2,0.3,0.3,0.3,LFG,DFO,Y,Y,DFO,LFG,,,,,N,, , , , ,,,,,,
55938,Industrial Power Generating Company LLC,56681,Amelia,VA,Amelia,15,OP,Landfill Gas,IC,IPP Non-CHP,2,0.3,0.3,0.3,LFG,DFO,Y,Y,DFO,LFG,,,,,N,, , , , ,,,,,,
55938,Industrial Power Generating Company LLC,56681,Amelia,VA,Amelia,16,OP,Landfill Gas,IC,IPP Non-CHP,2,0.3,0.3,0.3,LFG,DFO,Y,Y,DFO,LFG,,,,,N,, , , , ,,,,,,
55938,Industrial Power Generating Company LLC,56681,Amelia,VA,Amelia,17,OP,Landfill Gas,IC,IPP Non-CHP,2,0.3,0.3,0.3,LFG,DFO,Y,Y,DFO,LFG,,,,,N,, , , , ,,,,,,
55938,Industrial Power Generating Company LLC,56681,Amelia,VA,Amelia,18,OP,Landfill Gas,IC,IPP Non-CHP,2,0.3,0.3,0.3,LFG,DFO,Y,Y,DFO,LFG,,,,,N,, , , , ,,,,,,
55938,Industrial Power Generating Company LLC,56681,Amelia,VA,Amelia,19,OP,Landfill Gas,IC,IPP Non-CHP,2,0.3,0.3,0.3,LFG,DFO,Y,Y,DFO,LFG,,,,,N,, , , , ,,,,,,
55938,Industrial Power Generating Company LLC,56681,Amelia,VA,Amelia,2,OP,Landfill Gas,IC,IPP Non-CHP,2,0.3,0.3,0.3,LFG,DFO,Y,Y,DFO,LFG,,,,,N,, , , , ,,,,,,
55938,Industrial Power Generating Company LLC,56681,Amelia,VA,Amelia,20,OP,Landfill Gas,IC,IPP Non-CHP,2,0.3,0.3,0.3,LFG,DFO,Y,Y,DFO,LFG,,,,,N,, , , , ,,,,,,
55938,Industrial Power Generating Company LLC,56681,Amelia,VA,Amelia,21,OP,Landfill Gas,IC,IPP Non-CHP,2,0.3,0.3,0.3,LFG,DFO,Y,Y,DFO,LFG,,,,,N,, , , , ,,,,,,
55938,Industrial Power Generating Company LLC,56681,Amelia,VA,Amelia,22,OP,Landfill Gas,IC,IPP Non-CHP,2,0.3,0.3,0.3,LFG,DFO,Y,Y,DFO,LFG,,,,,N,, , , , ,,,,,,
55938,Industrial Power Generating Company LLC,56681,Amelia,VA,Amelia,23,OP,Landfill Gas,IC,IPP Non-CHP,2,0.3,0.3,0.3,LFG,DFO,Y,Y,DFO,LFG,,,,,N,, , , , ,,,,,,
55938,Industrial Power Generating Company LLC,56681,Amelia,VA,Amelia,24,OP,Landfill Gas,IC,IPP Non-CHP,2,0.3,0.3,0.3,LFG,DFO,Y,Y,DFO,LFG,,,,,N,, , , , ,,,,,,
55938,Industrial Power Generating Company LLC,56681,Amelia,VA,Amelia,25,OP,Landfill Gas,IC,IPP Non-CHP,2,0.3,0.3,0.3,LFG,DFO,Y,Y,DFO,LFG,,,,,N,, , , , ,,,,,,
55938,Industrial Power Generating Company LLC,56681,Amelia,VA,Amelia,26,OP,Landfill Gas,IC,IPP Non-CHP,2,0.3,0.3,0.3,LFG,DFO,Y,Y,DFO,LFG,,,,,N,, , , , ,,,,,,
55938,Industrial Power Generating Company LLC,56681,Amelia,VA,Amelia,27,OP,Landfill Gas,IC,IPP Non-CHP,2,0.3,0.3,0.3,LFG,DFO,Y,Y,DFO,LFG,,,,,N,, , , , ,,,,,,
55938,Industrial Power Generating Company LLC,56681,Amelia,VA,Amelia,28,OP,Landfill Gas,IC,IPP Non-CHP,2,0.3,0.3,0.3,LFG,DFO,Y,Y,DFO,LFG,,,,,N,, , , , ,,,,,,
55938,Industrial Power Generating Company LLC,56681,Amelia,VA,Amelia,29,OP,Landfill Gas,IC,IPP Non-CHP,2,0.3,0.3,0.3,LFG,DFO,Y,Y,DFO,LFG,,,,,N,, , , , ,,,,,,
55938,Industrial Power Generating Company LLC,56681,Amelia,VA,Amelia,3,OP,Landfill Gas,IC,IPP Non-CHP,2,0.3,0.3,0.3,LFG,DFO,Y,Y,DFO,LFG,,,,,N,, , , , ,,,,,,
55938,Industrial Power Generating Company LLC,56681,Amelia,VA,Amelia,30,OP,Landfill Gas,IC,IPP Non-CHP,2,0.3,0.3,0.3,LFG,DFO,Y,Y,DFO,LFG,,,,,N,, , , , ,,,,,,
55938,Industrial Power Generating Company LLC,56681,Amelia,VA,Amelia,31,OP,Landfill Gas,IC,IPP Non-CHP,2,0.3,0.3,0.3,LFG,DFO,Y,Y,DFO,LFG,,,,,N,, , , , ,,,,,,
55938,Industrial Power Generating Company LLC,56681,Amelia,VA,Amelia,32,OP,Landfill Gas,IC,IPP Non-CHP,2,0.3,0.3,0.3,LFG,DFO,Y,Y,DFO,LFG,,,,,N,, , , , ,,,,,,
55938,Industrial Power Generating Company LLC,56681,Amelia,VA,Amelia,33,OP,Landfill Gas,IC,IPP Non-CHP,2,0.3,0.3,0.3,LFG,DFO,Y,Y,DFO,LFG,,,,,N,, , , , ,,,,,,
55938,Industrial Power Generating Company LLC,56681,Amelia,VA,Amelia,34,OP,Landfill Gas,IC,IPP Non-CHP,2,0.3,0.3,0.3,LFG,DFO,Y,Y,DFO,LFG,,,,,N,, , , , ,,,,,,
55938,Industrial Power Generating Company LLC,56681,Amelia,VA,Amelia,35,OP,Landfill Gas,IC,IPP Non-CHP,2,0.3,0.3,0.3,LFG,DFO,Y,Y,DFO,LFG,,,,,N,, , , , ,,,,,,
55938,Industrial Power Generating Company LLC,56681,Amelia,VA,Amelia,36,OP,Landfill Gas,IC,IPP Non-CHP,2,0.3,0.3,0.3,LFG,DFO,Y,Y,DFO,LFG,,,,,N,, , , , ,,,,,,
55938,Industrial Power Generating Company LLC,56681,Amelia,VA,Amelia,37,OP,Landfill Gas,IC,IPP Non-CHP,2,0.3,0.3,0.3,LFG,DFO,Y,Y,DFO,LFG,,,,,N,, , , , ,,,,,,
55938,Industrial Power Generating Company LLC,56681,Amelia,VA,Amelia,38,OP,Landfill Gas,IC,IPP Non-CHP,2,0.3,0.3,0.3,LFG,DFO,Y,Y,DFO,LFG,,,,,N,, , , , ,,,,,,
55938,Industrial Power Generating Company LLC,56681,Amelia,VA,Amelia,39,OP,Landfill Gas,IC,IPP Non-CHP,2,0.3,0.3,0.3,LFG,DFO,Y,Y,DFO,LFG,,,,,N,, , , , ,,,,,,
55938,Industrial Power Generating Company LLC,56681,Amelia,VA,Amelia,4,OP,Landfill Gas,IC,IPP Non-CHP,2,0.3,0.3,0.3,LFG,DFO,Y,Y,DFO,LFG,,,,,N,, , , , ,,,,,,
55938,Industrial Power Generating Company LLC,56681,Amelia,VA,Amelia,40,OP,Landfill Gas,IC,IPP Non-CHP,2,0.3,0.3,0.3,LFG,DFO,Y,Y,DFO,LFG,,,,,N,, , , , ,,,,,,
55938,Industrial Power Generating Company LLC,56681,Amelia,VA,Amelia,41,OP,Landfill Gas,IC,IPP Non-CHP,2,0.3,0.3,0.3,LFG,DFO,Y,Y,DFO,LFG,,,,,N,, , , , ,,,,,,
55938,Industrial Power Generating Company LLC,56681,Amelia,VA,Amelia,42,OP,Landfill Gas,IC,IPP Non-CHP,2,0.3,0.3,0.3,LFG,DFO,Y,Y,DFO,LFG,,,,,N,, , , , ,,,,,,
55938,Industrial Power Generating Company LLC,56681,Amelia,VA,Amelia,43,OP,Landfill Gas,IC,IPP Non-CHP,2,0.3,0.3,0.3,LFG,DFO,Y,Y,DFO,LFG,,,,,N,, , , , ,,,,,,
55938,Industrial Power Generating Company LLC,56681,Amelia,VA,Amelia,44,OP,Landfill Gas,IC,IPP Non-CHP,2,0.3,0.3,0.3,LFG,DFO,Y,Y,DFO,LFG,,,,,N,, , , , ,,,,,,
55938,Industrial Power Generating Company LLC,56681,Amelia,VA,Amelia,45,OP,Landfill Gas,IC,IPP Non-CHP,2,0.3,0.3,0.3,LFG,DFO,Y,Y,DFO,LFG,,,,,N,, , , , ,,,,,,
55938,Industrial Power Generating Company LLC,56681,Amelia,VA,Amelia,46,OP,Landfill Gas,IC,IPP Non-CHP,2,0.3,0.3,0.3,LFG,DFO,Y,Y,DFO,LFG,,,,,N,, , , , ,,,,,,
55938,Industrial Power Generating Company LLC,56681,Amelia,VA,Amelia,47,OP,Landfill Gas,IC,IPP Non-CHP,2,0.3,0.3,0.3,LFG,DFO,Y,Y,DFO,LFG,,,,,N,, , , , ,,,,,,
55938,Industrial Power Generating Company LLC,56681,Amelia,VA,Amelia,48,OP,Landfill Gas,IC,IPP Non-CHP,2,0.3,0.3,0.3,LFG,DFO,Y,Y,DFO,LFG,,,,,N,, , , , ,,,,,,
55938,Industrial Power Generating Company LLC,56681,Amelia,VA,Amelia,5,OP,Landfill Gas,IC,IPP Non-CHP,2,0.3,0.3,0.3,LFG,DFO,Y,Y,DFO,LFG,,,,,N,, , , , ,,,,,,
55938,Industrial Power Generating Company LLC,56681,Amelia,VA,Amelia,6,OP,Landfill Gas,IC,IPP Non-CHP,2,0.3,0.3,0.3,LFG,DFO,Y,Y,DFO,LFG,,,,,N,, , , , ,,,,,,
55938,Industrial Power Generating Company LLC,56681,Amelia,VA,Amelia,7,OP,Landfill Gas,IC,IPP Non-CHP,2,0.3,0.3,0.3,LFG,DFO,Y,Y,DFO,LFG,,,,,N,, , , , ,,,,,,
55938,Industrial Power Generating Company LLC,56681,Amelia,VA,Amelia,8,OP,Landfill Gas,IC,IPP Non-CHP,2,0.3,0.3,0.3,LFG,DFO,Y,Y,DFO,LFG,,,,,N,, , , , ,,,,,,
55938,Industrial Power Generating Company LLC,56681,Amelia,VA,Amelia,9,OP,Landfill Gas,IC,IPP Non-CHP,2,0.3,0.3,0.3,LFG,DFO,Y,Y,DFO,LFG,,,,,N,, , , , ,,,,,,
55938,Industrial Power Generating Company LLC,56682,Brunswick Landfill Gas,VA,Brunswick,10,OP,Landfill Gas,IC,IPP Non-CHP,2,0.3,0.3,0.3,LFG,DFO,Y,Y,DFO,LFG,,,,,,, , , , ,,,,,,
55938,Industrial Power Generating Company LLC,56682,Brunswick Landfill Gas,VA,Brunswick,11,OP,Landfill Gas,IC,IPP Non-CHP,2,0.3,0.3,0.3,LFG,DFO,Y,Y,DFO,LFG,,,,,,, , , , ,,,,,,
55938,Industrial Power Generating Company LLC,56682,Brunswick Landfill Gas,VA,Brunswick,12,OP,Landfill Gas,IC,IPP Non-CHP,2,0.3,0.3,0.3,LFG,DFO,Y,Y,DFO,LFG,,,,,,, , , , ,,,,,,
55938,Industrial Power Generating Company LLC,56682,Brunswick Landfill Gas,VA,Brunswick,13,OP,Landfill Gas,IC,IPP Non-CHP,2,0.3,0.3,0.3,LFG,DFO,Y,Y,DFO,LFG,,,,,,, , , , ,,,,,,
55938,Industrial Power Generating Company LLC,56682,Brunswick Landfill Gas,VA,Brunswick,14,OP,Landfill Gas,IC,IPP Non-CHP,2,0.3,0.3,0.3,LFG,DFO,Y,Y,DFO,LFG,,,,,,, , , , ,,,,,,
55938,Industrial Power Generating Company LLC,56682,Brunswick Landfill Gas,VA,Brunswick,15,OP,Landfill Gas,IC,IPP Non-CHP,2,0.3,0.3,0.3,LFG,DFO,Y,Y,DFO,LFG,,,,,,, , , , ,,,,,,
55938,Industrial Power Generating Company LLC,56682,Brunswick Landfill Gas,VA,Brunswick,16,OP,Landfill Gas,IC,IPP Non-CHP,2,0.3,0.3,0.3,LFG,DFO,Y,Y,DFO,LFG,,,,,N,, , , , ,,,,,,
55938,Industrial Power Generating Company LLC,56682,Brunswick Landfill Gas,VA,Brunswick,17,OP,Landfill Gas,IC,IPP Non-CHP,2,0.3,0.3,0.3,LFG,DFO,Y,Y,DFO,LFG,,,,,N,, , , , ,,,,,,
55938,Industrial Power Generating Company LLC,56682,Brunswick Landfill Gas,VA,Brunswick,18,OP,Landfill Gas,IC,IPP Non-CHP,2,0.3,0.3,0.3,LFG,DFO,Y,Y,DFO,LFG,,,,,N,, , , , ,,,,,,
55938,Industrial Power Generating Company LLC,56682,Brunswick Landfill Gas,VA,Brunswick,19,OP,Landfill Gas,IC,IPP Non-CHP,2,0.3,0.3,0.3,LFG,DFO,Y,Y,DFO,LFG,,,,,N,, , , , ,,,,,,
55938,Industrial Power Generating Company LLC,56682,Brunswick Landfill Gas,VA,Brunswick,2,OP,Landfill Gas,IC,IPP Non-CHP,2,0.3,0.3,0.3,LFG,DFO,Y,Y,DFO,LFG,,,,,N,, , , , ,,,,,,
55938,Industrial Power Generating Company LLC,56682,Brunswick Landfill Gas,VA,Brunswick,20,OP,Landfill Gas,IC,IPP Non-CHP,2,0.3,0.3,0.3,LFG,DFO,Y,Y,DFO,LFG,,,,,N,, , , , ,,,,,,
55938,Industrial Power Generating Company LLC,56682,Brunswick Landfill Gas,VA,Brunswick,21,OP,Landfill Gas,IC,IPP Non-CHP,2,0.3,0.3,0.3,LFG,DFO,Y,Y,DFO,LFG,,,,,N,, , , , ,,,,,,
55938,Industrial Power Generating Company LLC,56682,Brunswick Landfill Gas,VA,Brunswick,22,OP,Landfill Gas,IC,IPP Non-CHP,2,0.3,0.3,0.3,LFG,DFO,Y,Y,DFO,LFG,,,,,N,, , , , ,,,,,,
55938,Industrial Power Generating Company LLC,56682,Brunswick Landfill Gas,VA,Brunswick,23,OP,Landfill Gas,IC,IPP Non-CHP,2,0.3,0.3,0.3,LFG,DFO,Y,Y,DFO,LFG,,,,,N,, , , , ,,,,,,
55938,Industrial Power Generating Company LLC,56682,Brunswick Landfill Gas,VA,Brunswick,24,OP,Landfill Gas,IC,IPP Non-CHP,2,0.3,0.3,0.3,LFG,DFO,Y,Y,DFO,LFG,,,,,N,, , , , ,,,,,,
55938,Industrial Power Generating Company LLC,56682,Brunswick Landfill Gas,VA,Brunswick,25,OP,Landfill Gas,IC,IPP Non-CHP,2,0.3,0.3,0.3,LFG,DFO,Y,Y,DFO,LFG,,,,,N,, , , , ,,,,,,
55938,Industrial Power Generating Company LLC,56682,Brunswick Landfill Gas,VA,Brunswick,26,OP,Landfill Gas,IC,IPP Non-CHP,2,0.3,0.3,0.3,LFG,DFO,Y,Y,DFO,LFG,,,,,N,, , , , ,,,,,,
55938,Industrial Power Generating Company LLC,56682,Brunswick Landfill Gas,VA,Brunswick,27,OP,Landfill Gas,IC,IPP Non-CHP,2,0.3,0.3,0.3,LFG,DFO,Y,Y,DFO,LFG,,,,,N,, , , , ,,,,,,
55938,Industrial Power Generating Company LLC,56682,Brunswick Landfill Gas,VA,Brunswick,28,OP,Landfill Gas,IC,IPP Non-CHP,2,0.3,0.3,0.3,LFG,DFO,Y,Y,DFO,LFG,,,,,N,, , , , ,,,,,,
55938,Industrial Power Generating Company LLC,56682,Brunswick Landfill Gas,VA,Brunswick,29,OP,Landfill Gas,IC,IPP Non-CHP,2,0.3,0.3,0.3,LFG,DFO,Y,Y,DFO,LFG,,,,,N,, , , , ,,,,,,
55938,Industrial Power Generating Company LLC,56682,Brunswick Landfill Gas,VA,Brunswick,3,OP,Landfill Gas,IC,IPP Non-CHP,2,0.3,0.3,0.3,LFG,DFO,Y,Y,DFO,LFG,,,,,N,, , , , ,,,,,,
55938,Industrial Power Generating Company LLC,56682,Brunswick Landfill Gas,VA,Brunswick,30,OP,Landfill Gas,IC,IPP Non-CHP,2,0.3,0.3,0.3,LFG,DFO,Y,Y,DFO,LFG,,,,,N,, , , , ,,,,,,
55938,Industrial Power Generating Company LLC,56682,Brunswick Landfill Gas,VA,Brunswick,31,OP,Landfill Gas,IC,IPP Non-CHP,2,0.3,0.3,0.3,LFG,DFO,Y,Y,DFO,LFG,,,,,N,, , , , ,,,,,,
55938,Industrial Power Generating Company LLC,56682,Brunswick Landfill Gas,VA,Brunswick,32,OP,Landfill Gas,IC,IPP Non-CHP,2,0.3,0.3,0.3,LFG,DFO,Y,Y,DFO,LFG,,,,,N,, , , , ,,,,,,
55938,Industrial Power Generating Company LLC,56682,Brunswick Landfill Gas,VA,Brunswick,33,OP,Landfill Gas,IC,IPP Non-CHP,2,0.3,0.3,0.3,LFG,DFO,Y,Y,DFO,LFG,,,,,N,, , , , ,,,,,,
55938,Industrial Power Generating Company LLC,56682,Brunswick Landfill Gas,VA,Brunswick,34,OP,Landfill Gas,IC,IPP Non-CHP,2,0.3,0.3,0.3,LFG,DFO,Y,Y,DFO,LFG,,,,,N,, , , , ,,,,,,
55938,Industrial Power Generating Company LLC,56682,Brunswick Landfill Gas,VA,Brunswick,35,OP,Landfill Gas,IC,IPP Non-CHP,2,0.3,0.3,0.3,LFG,DFO,Y,Y,DFO,LFG,,,,,N,, , , , ,,,,,,
55938,Industrial Power Generating Company LLC,56682,Brunswick Landfill Gas,VA,Brunswick,36,OP,Landfill Gas,IC,IPP Non-CHP,2,0.3,0.3,0.3,LFG,DFO,Y,Y,DFO,LFG,,,,,N,, , , , ,,,,,,
55938,Industrial Power Generating Company LLC,56682,Brunswick Landfill Gas,VA,Brunswick,4,OP,Landfill Gas,IC,IPP Non-CHP,2,0.3,0.3,0.3,LFG,DFO,Y,Y,DFO,LFG,,,,,N,, , , , ,,,,,,
55938,Industrial Power Generating Company LLC,56682,Brunswick Landfill Gas,VA,Brunswick,5,OP,Landfill Gas,IC,IPP Non-CHP,2,0.3,0.3,0.3,LFG,DFO,Y,Y,DFO,LFG,,,,,N,, , , , ,,,,,,
55938,Industrial Power Generating Company LLC,56682,Brunswick Landfill Gas,VA,Brunswick,6,OP,Landfill Gas,IC,IPP Non-CHP,2,0.3,0.3,0.3,LFG,DFO,Y,Y,DFO,LFG,,,,,N,, , , , ,,,,,,
55938,Industrial Power Generating Company LLC,56682,Brunswick Landfill Gas,VA,Brunswick,7,OP,Landfill Gas,IC,IPP Non-CHP,2,0.3,0.3,0.3,LFG,DFO,Y,Y,DFO,LFG,,,,,N,, , , , ,,,,,,
55938,Industrial Power Generating Company LLC,56682,Brunswick Landfill Gas,VA,Brunswick,8,OP,Landfill Gas,IC,IPP Non-CHP,2,0.3,0.3,0.3,LFG,DFO,Y,Y,DFO,LFG,,,,,N,, , , , ,,,,,,
55938,Industrial Power Generating Company LLC,56682,Brunswick Landfill Gas,VA,Brunswick,9,OP,Landfill Gas,IC,IPP Non-CHP,2,0.3,0.3,0.3,LFG,DFO,Y,Y,DFO,LFG,,,,,N,, , , , ,,,,,,
55938,Industrial Power Generating Company LLC,56683,Charles City,VA,Charles City,1,OP,Landfill Gas,IC,IPP Non-CHP,2,0.3,0.3,0.3,LFG,DFO,Y,Y,DFO,LFG,,,,,N,, , , , ,,,,,,
55938,Industrial Power Generating Company LLC,56683,Charles City,VA,Charles City,10,OP,Landfill Gas,IC,IPP Non-CHP,2,0.3,0.3,0.3,LFG,DFO,Y,Y,DFO,LFG,,,,,N,, , , , ,,,,,,
55938,Industrial Power Generating Company LLC,56683,Charles City,VA,Charles City,11,OP,Landfill Gas,IC,IPP Non-CHP,2,0.3,0.3,0.3,LFG,DFO,Y,Y,DFO,LFG,,,,,N,, , , , ,,,,,,
55938,Industrial Power Generating Company LLC,56683,Charles City,VA,Charles City,12,OP,Landfill Gas,IC,IPP Non-CHP,2,0.3,0.3,0.3,LFG,DFO,Y,Y,DFO,LFG,,,,,,, , , , ,,,,,,
55938,Industrial Power Generating Company LLC,56683,Charles City,VA,Charles City,13,OP,Landfill Gas,IC,IPP Non-CHP,2,0.3,0.3,0.3,LFG,DFO,Y,Y,DFO,LFG,,,,,,, , , , ,,,,,,
55938,Industrial Power Generating Company LLC,56683,Charles City,VA,Charles City,14,OP,Landfill Gas,IC,IPP Non-CHP,2,0.3,0.3,0.3,LFG,DFO,Y,Y,DFO,LFG,,,,,,, , , , ,,,,,,
55938,Industrial Power Generating Company LLC,56683,Charles City,VA,Charles City,15,OP,Landfill Gas,IC,IPP Non-CHP,2,0.3,0.3,0.3,LFG,DFO,Y,Y,DFO,LFG,,,,,N,, , , , ,,,,,,
55938,Industrial Power Generating Company LLC,56683,Charles City,VA,Charles City,16,OP,Landfill Gas,IC,IPP Non-CHP,2,0.3,0.3,0.3,LFG,DFO,Y,Y,DFO,LFG,,,,,N,, , , , ,,,,,,
55938,Industrial Power Generating Company LLC,56683,Charles City,VA,Charles City,17,OP,Landfill Gas,IC,IPP Non-CHP,2,0.3,0.3,0.3,LFG,DFO,Y,Y,DFO,LFG,,,,,N,, , , , ,,,,,,
55938,Industrial Power Generating Company LLC,56683,Charles City,VA,Charles City,18,OP,Landfill Gas,IC,IPP Non-CHP,2,0.3,0.3,0.3,LFG,DFO,Y,Y,DFO,LFG,,,,,N,, , , , ,,,,,,
55938,Industrial Power Generating Company LLC,56683,Charles City,VA,Charles City,19,OP,Landfill Gas,IC,IPP Non-CHP,2,0.3,0.3,0.3,LFG,DFO,Y,Y,DFO,LFG,,,,,N,, , , , ,,,,,,
55938,Industrial Power Generating Company LLC,56683,Charles City,VA,Charles City,2,OP,Landfill Gas,IC,IPP Non-CHP,2,0.3,0.3,0.3,LFG,DFO,Y,Y,DFO,LFG,,,,,N,, , , , ,,,,,,
55938,Industrial Power Generating Company LLC,56683,Charles City,VA,Charles City,20,OP,Landfill Gas,IC,IPP Non-CHP,2,0.3,0.3,0.3,LFG,DFO,Y,Y,DFO,LFG,,,,,N,, , , , ,,,,,,
55938,Industrial Power Generating Company LLC,56683,Charles City,VA,Charles City,21,OP,Landfill Gas,IC,IPP Non-CHP,2,0.3,0.3,0.3,LFG,DFO,Y,Y,DFO,LFG,,,,,N,, , , , ,,,,,,
55938,Industrial Power Generating Company LLC,56683,Charles City,VA,Charles City,22,OP,Landfill Gas,IC,IPP Non-CHP,2,0.3,0.3,0.3,LFG,DFO,Y,Y,DFO,LFG,,,,,N,, , , , ,,,,,,
55938,Industrial Power Generating Company LLC,56683,Charles City,VA,Charles City,23,OP,Landfill Gas,IC,IPP Non-CHP,2,0.3,0.3,0.3,LFG,DFO,Y,Y,DFO,LFG,,,,,N,, , , , ,,,,,,
55938,Industrial Power Generating Company LLC,56683,Charles City,VA,Charles City,24,OP,Landfill Gas,IC,IPP Non-CHP,2,0.3,0.3,0.3,LFG,DFO,Y,Y,DFO,LFG,,,,,N,, , , , ,,,,,,
55938,Industrial Power Generating Company LLC,56683,Charles City,VA,Charles City,25,OP,Landfill Gas,IC,IPP Non-CHP,2,0.3,0.3,0.3,LFG,DFO,Y,Y,DFO,LFG,,,,,N,, , , , ,,,,,,
55938,Industrial Power Generating Company LLC,56683,Charles City,VA,Charles City,26,OP,Landfill Gas,IC,IPP Non-CHP,2,0.3,0.3,0.3,LFG,DFO,Y,Y,DFO,LFG,,,,,N,, , , , ,,,,,,
55938,Industrial Power Generating Company LLC,56683,Charles City,VA,Charles City,27,OP,Landfill Gas,IC,IPP Non-CHP,2,0.3,0.3,0.3,LFG,DFO,Y,Y,DFO,LFG,,,,,N,, , , , ,,,,,,
55938,Industrial Power Generating Company LLC,56683,Charles City,VA,Charles City,28,OP,Landfill Gas,IC,IPP Non-CHP,2,0.3,0.3,0.3,LFG,DFO,Y,Y,DFO,LFG,,,,,N,, , , , ,,,,,,
55938,Industrial Power Generating Company LLC,56683,Charles City,VA,Charles City,29,OP,Landfill Gas,IC,IPP Non-CHP,2,0.3,0.3,0.3,LFG,DFO,Y,Y,DFO,LFG,,,,,N,, , , , ,,,,,,
55938,Industrial Power Generating Company LLC,56683,Charles City,VA,Charles City,3,OP,Landfill Gas,IC,IPP Non-CHP,2,0.3,0.3,0.3,LFG,DFO,Y,Y,DFO,LFG,,,,,N,, , , , ,,,,,,
55938,Industrial Power Generating Company LLC,56683,Charles City,VA,Charles City,30,OP,Landfill Gas,IC,IPP Non-CHP,2,0.3,0.3,0.3,LFG,DFO,Y,Y,DFO,LFG,,,,,N,, , , , ,,,,,,
55938,Industrial Power Generating Company LLC,56683,Charles City,VA,Charles City,31,OP,Landfill Gas,IC,IPP Non-CHP,2,0.3,0.3,0.3,LFG,DFO,Y,Y,DFO,LFG,,,,,N,, , , , ,,,,,,
55938,Industrial Power Generating Company LLC,56683,Charles City,VA,Charles City,32,OP,Landfill Gas,IC,IPP Non-CHP,2,0.3,0.3,0.3,LFG,DFO,Y,Y,DFO,LFG,,,,,N,, , , , ,,,,,,
55938,Industrial Power Generating Company LLC,56683,Charles City,VA,Charles City,33,OP,Landfill Gas,IC,IPP Non-CHP,2,0.3,0.3,0.3,LFG,DFO,Y,Y,DFO,LFG,,,,,N,, , , , ,,,,,,
55938,Industrial Power Generating Company LLC,56683,Charles City,VA,Charles City,34,OP,Landfill Gas,IC,IPP Non-CHP,2,0.3,0.3,0.3,LFG,DFO,Y,Y,DFO,LFG,,,,,N,, , , , ,,,,,,
55938,Industrial Power Generating Company LLC,56683,Charles City,VA,Charles City,35,OP,Landfill Gas,IC,IPP Non-CHP,2,0.3,0.3,0.3,LFG,DFO,Y,Y,DFO,LFG,,,,,N,, , , , ,,,,,,
55938,Industrial Power Generating Company LLC,56683,Charles City,VA,Charles City,36,OP,Landfill Gas,IC,IPP Non-CHP,2,0.3,0.3,0.3,LFG,DFO,Y,Y,DFO,LFG,,,,,N,, , , , ,,,,,,
55938,Industrial Power Generating Company LLC,56683,Charles City,VA,Charles City,37,OP,Landfill Gas,IC,IPP Non-CHP,2,0.3,0.3,0.3,LFG,DFO,Y,Y,DFO,LFG,,,,,N,, , , , ,,,,,,
55938,Industrial Power Generating Company LLC,56683,Charles City,VA,Charles City,38,OP,Landfill Gas,IC,IPP Non-CHP,2,0.3,0.3,0.3,LFG,DFO,Y,Y,DFO,LFG,,,,,N,, , , , ,,,,,,
55938,Industrial Power Generating Company LLC,56683,Charles City,VA,Charles City,39,OP,Landfill Gas,IC,IPP Non-CHP,2,0.3,0.3,0.3,LFG,DFO,Y,Y,DFO,LFG,,,,,N,, , , , ,,,,,,
55938,Industrial Power Generating Company LLC,56683,Charles City,VA,Charles City,4,OP,Landfill Gas,IC,IPP Non-CHP,2,0.3,0.3,0.3,LFG,DFO,Y,Y,DFO,LFG,,,,,N,, , , , ,,,,,,
55938,Industrial Power Generating Company LLC,56683,Charles City,VA,Charles City,40,OP,Landfill Gas,IC,IPP Non-CHP,2,0.3,0.3,0.3,LFG,DFO,Y,Y,DFO,LFG,,,,,N,, , , , ,,,,,,
55938,Industrial Power Generating Company LLC,56683,Charles City,VA,Charles City,41,OP,Landfill Gas,IC,IPP Non-CHP,2,0.3,0.3,0.3,LFG,DFO,Y,Y,DFO,LFG,,,,,N,, , , , ,,,,,,
55938,Industrial Power Generating Company LLC,56683,Charles City,VA,Charles City,42,OP,Landfill Gas,IC,IPP Non-CHP,2,0.3,0.3,0.3,LFG,DFO,Y,Y,DFO,LFG,,,,,N,, , , , ,,,,,,
55938,Industrial Power Generating Company LLC,56683,Charles City,VA,Charles City,43,OP,Landfill Gas,IC,IPP Non-CHP,2,0.3,0.3,0.3,LFG,DFO,Y,Y,DFO,LFG,,,,,N,, , , , ,,,,,,
55938,Industrial Power Generating Company LLC,56683,Charles City,VA,Charles City,44,OP,Landfill Gas,IC,IPP Non-CHP,2,0.3,0.3,0.3,LFG,DFO,Y,Y,DFO,LFG,,,,,N,, , , , ,,,,,,
55938,Industrial Power Generating Company LLC,56683,Charles City,VA,Charles City,45,OP,Landfill Gas,IC,IPP Non-CHP,2,0.3,0.3,0.3,LFG,DFO,Y,Y,DFO,LFG,,,,,N,, , , , ,,,,,,
55938,Industrial Power Generating Company LLC,56683,Charles City,VA,Charles City,46,OP,Landfill Gas,IC,IPP Non-CHP,2,0.3,0.3,0.3,LFG,DFO,Y,Y,DFO,LFG,,,,,N,, , , , ,,,,,,
55938,Industrial Power Generating Company LLC,56683,Charles City,VA,Charles City,47,OP,Landfill Gas,IC,IPP Non-CHP,2,0.3,0.3,0.3,LFG,DFO,Y,Y,DFO,LFG,,,,,N,, , , , ,,,,,,
55938,Industrial Power Generating Company LLC,56683,Charles City,VA,Charles City,48,OP,Landfill Gas,IC,IPP Non-CHP,2,0.3,0.3,0.3,LFG,DFO,Y,Y,DFO,LFG,,,,,N,, , , , ,,,,,,
55938,Industrial Power Generating Company LLC,56683,Charles City,VA,Charles City,5,OP,Landfill Gas,IC,IPP Non-CHP,2,0.3,0.3,0.3,LFG,DFO,Y,Y,DFO,LFG,,,,,N,, , , , ,,,,,,
55938,Industrial Power Generating Company LLC,56683,Charles City,VA,Charles City,6,OP,Landfill Gas,IC,IPP Non-CHP,2,0.3,0.3,0.3,LFG,DFO,Y,Y,DFO,LFG,,,,,N,, , , , ,,,,,,
55938,Industrial Power Generating Company LLC,56683,Charles City,VA,Charles City,7,OP,Landfill Gas,IC,IPP Non-CHP,2,0.3,0.3,0.3,LFG,DFO,Y,Y,DFO,LFG,,,,,N,, , , , ,,,,,,
55938,Industrial Power Generating Company LLC,56683,Charles City,VA,Charles City,8,OP,Landfill Gas,IC,IPP Non-CHP,2,0.3,0.3,0.3,LFG,DFO,Y,Y,DFO,LFG,,,,,N,, , , , ,,,,,,
55938,Industrial Power Generating Company LLC,56683,Charles City,VA,Charles City,9,OP,Landfill Gas,IC,IPP Non-CHP,2,0.3,0.3,0.3,LFG,DFO,Y,Y,DFO,LFG,,,,,N,, , , , ,,,,,,
55938,Industrial Power Generating Company LLC,56684,Chesterfield Landfill Gas,VA,Chesterfield,1,OP,Landfill Gas,IC,IPP Non-CHP,2,0.3,0.3,0.3,LFG,DFO,Y,Y,DFO,LFG,,,,,N,, , , , ,,,,,,
55938,Industrial Power Generating Company LLC,56684,Chesterfield Landfill Gas,VA,Chesterfield,10,OP,Landfill Gas,IC,IPP Non-CHP,2,0.3,0.3,0.3,LFG,DFO,Y,Y,DFO,LFG,,,,,N,, , , , ,,,,,,
55938,Industrial Power Generating Company LLC,56684,Chesterfield Landfill Gas,VA,Chesterfield,11,OP,Landfill Gas,IC,IPP Non-CHP,2,0.3,0.3,0.3,LFG,DFO,Y,Y,DFO,LFG,,,,,N,, , , , ,,,,,,
55938,Industrial Power Generating Company LLC,56684,Chesterfield Landfill Gas,VA,Chesterfield,12,OP,Landfill Gas,IC,IPP Non-CHP,2,0.3,0.3,0.3,LFG,DFO,Y,Y,DFO,LFG,,,,,N,, , , , ,,,,,,
55938,Industrial Power Generating Company LLC,56684,Chesterfield Landfill Gas,VA,Chesterfield,13,OP,Landfill Gas,IC,IPP Non-CHP,2,0.3,0.3,0.3,LFG,DFO,Y,Y,DFO,LFG,,,,,N,, , , , ,,,,,,
55938,Industrial Power Generating Company LLC,56684,Chesterfield Landfill Gas,VA,Chesterfield,14,OP,Landfill Gas,IC,IPP Non-CHP,2,0.3,0.3,0.3,LFG,DFO,Y,Y,DFO,LFG,,,,,N,, , , , ,,,,,,
55938,Industrial Power Generating Company LLC,56684,Chesterfield Landfill Gas,VA,Chesterfield,15,OP,Landfill Gas,IC,IPP Non-CHP,2,0.3,0.3,0.3,LFG,DFO,Y,Y,DFO,LFG,,,,,N,, , , , ,,,,,,
55938,Industrial Power Generating Company LLC,56684,Chesterfield Landfill Gas,VA,Chesterfield,16,OP,Landfill Gas,IC,IPP Non-CHP,2,0.3,0.3,0.3,LFG,DFO,Y,Y,DFO,LFG,,,,,N,, , , , ,,,,,,
55938,Industrial Power Generating Company LLC,56684,Chesterfield Landfill Gas,VA,Chesterfield,17,OP,Landfill Gas,IC,IPP Non-CHP,2,0.3,0.3,0.3,LFG,DFO,Y,Y,DFO,LFG,,,,,N,, , , , ,,,,,,
55938,Industrial Power Generating Company LLC,56684,Chesterfield Landfill Gas,VA,Chesterfield,18,OP,Landfill Gas,IC,IPP Non-CHP,2,0.3,0.3,0.3,LFG,DFO,Y,Y,DFO,LFG,,,,,N,, , , , ,,,,,,
55938,Industrial Power Generating Company LLC,56684,Chesterfield Landfill Gas,VA,Chesterfield,19,OP,Landfill Gas,IC,IPP Non-CHP,2,0.3,0.3,0.3,LFG,DFO,Y,Y,DFO,LFG,,,,,N,, , , , ,,,,,,
55938,Industrial Power Generating Company LLC,56684,Chesterfield Landfill Gas,VA,Chesterfield,2,OP,Landfill Gas,IC,IPP Non-CHP,2,0.3,0.3,0.3,LFG,DFO,Y,Y,DFO,LFG,,,,,N,, , , , ,,,,,,
55938,Industrial Power Generating Company LLC,56684,Chesterfield Landfill Gas,VA,Chesterfield,20,OP,Landfill Gas,IC,IPP Non-CHP,2,0.3,0.3,0.3,LFG,DFO,Y,Y,DFO,LFG,,,,,N,, , , , ,,,,,,
55938,Industrial Power Generating Company LLC,56684,Chesterfield Landfill Gas,VA,Chesterfield,21,OP,Landfill Gas,IC,IPP Non-CHP,2,0.3,0.3,0.3,LFG,DFO,Y,Y,DFO,LFG,,,,,N,, , , , ,,,,,,
55938,Industrial Power Generating Company LLC,56684,Chesterfield Landfill Gas,VA,Chesterfield,22,OP,Landfill Gas,IC,IPP Non-CHP,2,0.3,0.3,0.3,LFG,DFO,Y,Y,DFO,LFG,,,,,N,, , , , ,,,,,,
55938,Industrial Power Generating Company LLC,56684,Chesterfield Landfill Gas,VA,Chesterfield,23,OP,Landfill Gas,IC,IPP Non-CHP,2,0.3,0.3,0.3,LFG,DFO,Y,Y,DFO,LFG,,,,,N,, , , , ,,,,,,
55938,Industrial Power Generating Company LLC,56684,Chesterfield Landfill Gas,VA,Chesterfield,24,OP,Landfill Gas,IC,IPP Non-CHP,2,0.3,0.3,0.3,LFG,DFO,Y,Y,DFO,LFG,,,,,N,, , , , ,,,,,,
55938,Industrial Power Generating Company LLC,56684,Chesterfield Landfill Gas,VA,Chesterfield,25,OP,Landfill Gas,IC,IPP Non-CHP,2,0.3,0.3,0.3,LFG,DFO,Y,Y,DFO,LFG,,,,,N,, , , , ,,,,,,
55938,Industrial Power Generating Company LLC,56684,Chesterfield Landfill Gas,VA,Chesterfield,26,OP,Landfill Gas,IC,IPP Non-CHP,2,0.3,0.3,0.3,LFG,DFO,Y,Y,DFO,LFG,,,,,N,, , , , ,,,,,,
55938,Industrial Power Generating Company LLC,56684,Chesterfield Landfill Gas,VA,Chesterfield,27,OP,Landfill Gas,IC,IPP Non-CHP,2,0.3,0.3,0.3,LFG,DFO,Y,Y,DFO,LFG,,,,,N,, , , , ,,,,,,
55938,Industrial Power Generating Company LLC,56684,Chesterfield Landfill Gas,VA,Chesterfield,28,OP,Landfill Gas,IC,IPP Non-CHP,2,0.3,0.3,0.3,LFG,DFO,Y,Y,DFO,LFG,,,,,N,, , , , ,,,,,,
55938,Industrial Power Generating Company LLC,56684,Chesterfield Landfill Gas,VA,Chesterfield,29,OP,Landfill Gas,IC,IPP Non-CHP,2,0.3,0.3,0.3,LFG,DFO,Y,Y,DFO,LFG,,,,,N,, , , , ,,,,,,
55938,Industrial Power Generating Company LLC,56684,Chesterfield Landfill Gas,VA,Chesterfield,3,OP,Landfill Gas,IC,IPP Non-CHP,2,0.3,0.3,0.3,LFG,DFO,Y,Y,DFO,LFG,,,,,N,, , , , ,,,,,,
55938,Industrial Power Generating Company LLC,56684,Chesterfield Landfill Gas,VA,Chesterfield,30,OP,Landfill Gas,IC,IPP Non-CHP,2,0.3,0.3,0.3,LFG,DFO,Y,Y,DFO,LFG,,,,,N,, , , , ,,,,,,
55938,Industrial Power Generating Company LLC,56684,Chesterfield Landfill Gas,VA,Chesterfield,31,OP,Landfill Gas,IC,IPP Non-CHP,2,0.3,0.3,0.3,LFG,DFO,Y,Y,DFO,LFG,,,,,N,, , , , ,,,,,,
55938,Industrial Power Generating Company LLC,56684,Chesterfield Landfill Gas,VA,Chesterfield,32,OP,Landfill Gas,IC,IPP Non-CHP,2,0.3,0.3,0.3,LFG,DFO,Y,Y,DFO,LFG,,,,,N,, , , , ,,,,,,
55938,Industrial Power Generating Company LLC,56684,Chesterfield Landfill Gas,VA,Chesterfield,33,OP,Landfill Gas,IC,IPP Non-CHP,2,0.3,0.3,0.3,LFG,DFO,Y,Y,DFO,LFG,,,,,N,, , , , ,,,,,,
55938,Industrial Power Generating Company LLC,56684,Chesterfield Landfill Gas,VA,Chesterfield,34,OP,Landfill Gas,IC,IPP Non-CHP,2,0.3,0.3,0.3,LFG,DFO,Y,Y,DFO,LFG,,,,,N,, , , , ,,,,,,
55938,Industrial Power Generating Company LLC,56684,Chesterfield Landfill Gas,VA,Chesterfield,35,OP,Landfill Gas,IC,IPP Non-CHP,2,0.3,0.3,0.3,LFG,DFO,Y,Y,DFO,LFG,,,,,N,, , , , ,,,,,,
55938,Industrial Power Generating Company LLC,56684,Chesterfield Landfill Gas,VA,Chesterfield,36,OP,Landfill Gas,IC,IPP Non-CHP,2,0.3,0.3,0.3,LFG,DFO,Y,Y,DFO,LFG,,,,,N,, , , , ,,,,,,
55938,Industrial Power Generating Company LLC,56684,Chesterfield Landfill Gas,VA,Chesterfield,37,OP,Landfill Gas,IC,IPP Non-CHP,2,0.3,0.3,0.3,LFG,DFO,Y,Y,DFO,LFG,,,,,N,, , , , ,,,,,,
55938,Industrial Power Generating Company LLC,56684,Chesterfield Landfill Gas,VA,Chesterfield,38,OP,Landfill Gas,IC,IPP Non-CHP,2,0.3,0.3,0.3,LFG,DFO,Y,Y,DFO,LFG,,,,,N,, , , , ,,,,,,
55938,Industrial Power Generating Company LLC,56684,Chesterfield Landfill Gas,VA,Chesterfield,39,OP,Landfill Gas,IC,IPP Non-CHP,2,0.3,0.3,0.3,LFG,DFO,Y,Y,DFO,LFG,,,,,N,, , , , ,,,,,,
55938,Industrial Power Generating Company LLC,56684,Chesterfield Landfill Gas,VA,Chesterfield,4,OP,Landfill Gas,IC,IPP Non-CHP,2,0.3,0.3,0.3,LFG,DFO,Y,Y,DFO,LFG,,,,,N,, , , , ,,,,,,
55938,Industrial Power Generating Company LLC,56684,Chesterfield Landfill Gas,VA,Chesterfield,40,OP,Landfill Gas,IC,IPP Non-CHP,2,0.3,0.3,0.3,LFG,DFO,Y,Y,DFO,LFG,,,,,N,, , , , ,,,,,,
55938,Industrial Power Generating Company LLC,56684,Chesterfield Landfill Gas,VA,Chesterfield,41,OP,Landfill Gas,IC,IPP Non-CHP,2,0.3,0.3,0.3,LFG,DFO,Y,Y,DFO,LFG,,,,,N,, , , , ,,,,,,
55938,Industrial Power Generating Company LLC,56684,Chesterfield Landfill Gas,VA,Chesterfield,42,OP,Landfill Gas,IC,IPP Non-CHP,2,0.3,0.3,0.3,LFG,DFO,Y,Y,DFO,LFG,,,,,N,, , , , ,,,,,,
55938,Industrial Power Generating Company LLC,56684,Chesterfield Landfill Gas,VA,Chesterfield,43,OP,Landfill Gas,IC,IPP Non-CHP,2,0.3,0.3,0.3,LFG,DFO,Y,Y,DFO,LFG,,,,,N,, , , , ,,,,,,
55938,Industrial Power Generating Company LLC,56684,Chesterfield Landfill Gas,VA,Chesterfield,44,OP,Landfill Gas,IC,IPP Non-CHP,2,0.3,0.3,0.3,LFG,DFO,Y,Y,DFO,LFG,,,,,N,, , , , ,,,,,,
55938,Industrial Power Generating Company LLC,56684,Chesterfield Landfill Gas,VA,Chesterfield,45,OP,Landfill Gas,IC,IPP Non-CHP,2,0.3,0.3,0.3,LFG,DFO,Y,Y,DFO,LFG,,,,,N,, , , , ,,,,,,
55938,Industrial Power Generating Company LLC,56684,Chesterfield Landfill Gas,VA,Chesterfield,46,OP,Landfill Gas,IC,IPP Non-CHP,2,0.3,0.3,0.3,LFG,DFO,Y,Y,DFO,LFG,,,,,N,, , , , ,,,,,,
55938,Industrial Power Generating Company LLC,56684,Chesterfield Landfill Gas,VA,Chesterfield,47,OP,Landfill Gas,IC,IPP Non-CHP,2,0.3,0.3,0.3,LFG,DFO,Y,Y,DFO,LFG,,,,,N,, , , , ,,,,,,
55938,Industrial Power Generating Company LLC,56684,Chesterfield Landfill Gas,VA,Chesterfield,48,OP,Landfill Gas,IC,IPP Non-CHP,2,0.3,0.3,0.3,LFG,DFO,Y,Y,DFO,LFG,,,,,N,, , , , ,,,,,,
55938,Industrial Power Generating Company LLC,56684,Chesterfield Landfill Gas,VA,Chesterfield,5,OP,Landfill Gas,IC,IPP Non-CHP,2,0.3,0.3,0.3,LFG,DFO,Y,Y,DFO,LFG,,,,,N,, , , , ,,,,,,
55938,Industrial Power Generating Company LLC,56684,Chesterfield Landfill Gas,VA,Chesterfield,6,OP,Landfill Gas,IC,IPP Non-CHP,2,0.3,0.3,0.3,LFG,DFO,Y,Y,DFO,LFG,,,,,N,, , , , ,,,,,,
55938,Industrial Power Generating Company LLC,56684,Chesterfield Landfill Gas,VA,Chesterfield,7,OP,Landfill Gas,IC,IPP Non-CHP,2,0.3,0.3,0.3,LFG,DFO,Y,Y,DFO,LFG,,,,,N,, , , , ,,,,,,
55938,Industrial Power Generating Company LLC,56684,Chesterfield Landfill Gas,VA,Chesterfield,8,OP,Landfill Gas,IC,IPP Non-CHP,2,0.3,0.3,0.3,LFG,DFO,Y,Y,DFO,LFG,,,,,N,, , , , ,,,,,,
55938,Industrial Power Generating Company LLC,56684,Chesterfield Landfill Gas,VA,Chesterfield,9,OP,Landfill Gas,IC,IPP Non-CHP,2,0.3,0.3,0.3,LFG,DFO,Y,Y,DFO,LFG,,,,,N,, , , , ,,,,,,
55938,Industrial Power Generating Company LLC,56686,King & Queen,VA,King and Queen,1,OP,Landfill Gas,IC,IPP Non-CHP,2,0.3,0.3,0.3,LFG,DFO,Y,Y,DFO,LFG,,,,,N,, , , , ,,,,,,
55938,Industrial Power Generating Company LLC,56686,King & Queen,VA,King and Queen,10,OP,Landfill Gas,IC,IPP Non-CHP,2,0.3,0.3,0.3,LFG,DFO,Y,Y,DFO,LFG,,,,,N,, , , , ,,,,,,
55938,Industrial Power Generating Company LLC,56686,King & Queen,VA,King and Queen,11,OP,Landfill Gas,IC,IPP Non-CHP,2,0.3,0.3,0.3,LFG,DFO,Y,Y,DFO,LFG,,,,,N,, , , , ,,,,,,
55938,Industrial Power Generating Company LLC,56686,King & Queen,VA,King and Queen,12,OP,Landfill Gas,IC,IPP Non-CHP,2,0.3,0.3,0.3,LFG,DFO,Y,Y,DFO,LFG,,,,,N,, , , , ,,,,,,
55938,Industrial Power Generating Company LLC,56686,King & Queen,VA,King and Queen,13,OP,Landfill Gas,IC,IPP Non-CHP,2,0.3,0.3,0.3,LFG,DFO,Y,Y,DFO,LFG,,,,,N,, , , , ,,,,,,
55938,Industrial Power Generating Company LLC,56686,King & Queen,VA,King and Queen,14,OP,Landfill Gas,IC,IPP Non-CHP,2,0.3,0.3,0.3,LFG,DFO,Y,Y,DFO,LFG,,,,,N,, , , , ,,,,,,
55938,Industrial Power Generating Company LLC,56686,King & Queen,VA,King and Queen,15,OP,Landfill Gas,IC,IPP Non-CHP,2,0.3,0.3,0.3,LFG,DFO,Y,Y,DFO,LFG,,,,,N,, , , , ,,,,,,
55938,Industrial Power Generating Company LLC,56686,King & Queen,VA,King and Queen,16,OP,Landfill Gas,IC,IPP Non-CHP,2,0.3,0.3,0.3,LFG,DFO,Y,Y,DFO,LFG,,,,,N,, , , , ,,,,,,
55938,Industrial Power Generating Company LLC,56686,King & Queen,VA,King and Queen,17,OP,Landfill Gas,IC,IPP Non-CHP,2,0.3,0.3,0.3,LFG,DFO,Y,Y,DFO,LFG,,,,,N,, , , , ,,,,,,
55938,Industrial Power Generating Company LLC,56686,King & Queen,VA,King and Queen,18,OP,Landfill Gas,IC,IPP Non-CHP,2,0.3,0.3,0.3,LFG,DFO,Y,Y,DFO,LFG,,,,,N,, , , , ,,,,,,
55938,Industrial Power Generating Company LLC,56686,King & Queen,VA,King and Queen,19,OP,Landfill Gas,IC,IPP Non-CHP,2,0.3,0.3,0.3,LFG,DFO,Y,Y,DFO,LFG,,,,,N,, , , , ,,,,,,
55938,Industrial Power Generating Company LLC,56686,King & Queen,VA,King and Queen,2,OP,Landfill Gas,IC,IPP Non-CHP,2,0.3,0.3,0.3,LFG,DFO,Y,Y,DFO,LFG,,,,,N,, , , , ,,,,,,
55938,Industrial Power Generating Company LLC,56686,King & Queen,VA,King and Queen,20,OP,Landfill Gas,IC,IPP Non-CHP,2,0.3,0.3,0.3,LFG,DFO,Y,Y,DFO,LFG,,,,,N,, , , , ,,,,,,
55938,Industrial Power Generating Company LLC,56686,King & Queen,VA,King and Queen,21,OP,Landfill Gas,IC,IPP Non-CHP,2,0.3,0.3,0.3,LFG,DFO,Y,Y,DFO,LFG,,,,,N,, , , , ,,,,,,
55938,Industrial Power Generating Company LLC,56686,King & Queen,VA,King and Queen,22,OP,Landfill Gas,IC,IPP Non-CHP,2,0.3,0.3,0.3,LFG,DFO,Y,Y,DFO,LFG,,,,,N,, , , , ,,,,,,
55938,Industrial Power Generating Company LLC,56686,King & Queen,VA,King and Queen,23,OP,Landfill Gas,IC,IPP Non-CHP,2,0.3,0.3,0.3,LFG,DFO,Y,Y,DFO,LFG,,,,,N,, , , , ,,,,,,
55938,Industrial Power Generating Company LLC,56686,King & Queen,VA,King and Queen,24,OP,Landfill Gas,IC,IPP Non-CHP,2,0.3,0.3,0.3,LFG,DFO,Y,Y,DFO,LFG,,,,,N,, , , , ,,,,,,
55938,Industrial Power Generating Company LLC,56686,King & Queen,VA,King and Queen,25,OP,Landfill Gas,IC,IPP Non-CHP,2,0.3,0.3,0.3,LFG,DFO,Y,Y,DFO,LFG,,,,,N,, , , , ,,,,,,
55938,Industrial Power Generating Company LLC,56686,King & Queen,VA,King and Queen,26,OP,Landfill Gas,IC,IPP Non-CHP,2,0.3,0.3,0.3,LFG,DFO,Y,Y,DFO,LFG,,,,,N,, , , , ,,,,,,
55938,Industrial Power Generating Company LLC,56686,King & Queen,VA,King and Queen,27,OP,Landfill Gas,IC,IPP Non-CHP,2,0.3,0.3,0.3,LFG,DFO,Y,Y,DFO,LFG,,,,,N,, , , , ,,,,,,
55938,Industrial Power Generating Company LLC,56686,King & Queen,VA,King and Queen,28,OP,Landfill Gas,IC,IPP Non-CHP,2,0.3,0.3,0.3,LFG,DFO,Y,Y,DFO,LFG,,,,,N,, , , , ,,,,,,
55938,Industrial Power Generating Company LLC,56686,King & Queen,VA,King and Queen,29,OP,Landfill Gas,IC,IPP Non-CHP,2,0.3,0.3,0.3,LFG,DFO,Y,Y,DFO,LFG,,,,,N,, , , , ,,,,,,
55938,Industrial Power Generating Company LLC,56686,King & Queen,VA,King and Queen,3,OP,Landfill Gas,IC,IPP Non-CHP,2,0.3,0.3,0.3,LFG,DFO,Y,Y,DFO,LFG,,,,,N,, , , , ,,,,,,
55938,Industrial Power Generating Company LLC,56686,King & Queen,VA,King and Queen,30,OP,Landfill Gas,IC,IPP Non-CHP,2,0.3,0.3,0.3,LFG,DFO,Y,Y,DFO,LFG,,,,,N,, , , , ,,,,,,
55938,Industrial Power Generating Company LLC,56686,King & Queen,VA,King and Queen,31,OP,Landfill Gas,IC,IPP Non-CHP,2,0.3,0.3,0.3,LFG,DFO,Y,Y,DFO,LFG,,,,,N,, , , , ,,,,,,
55938,Industrial Power Generating Company LLC,56686,King & Queen,VA,King and Queen,32,OP,Landfill Gas,IC,IPP Non-CHP,2,0.3,0.3,0.3,LFG,DFO,Y,Y,DFO,LFG,,,,,N,, , , , ,,,,,,
55938,Industrial Power Generating Company LLC,56686,King & Queen,VA,King and Queen,33,OP,Landfill Gas,IC,IPP Non-CHP,2,0.3,0.3,0.3,LFG,DFO,Y,Y,DFO,LFG,,,,,N,, , , , ,,,,,,
55938,Industrial Power Generating Company LLC,56686,King & Queen,VA,King and Queen,34,OP,Landfill Gas,IC,IPP Non-CHP,2,0.3,0.3,0.3,LFG,DFO,Y,Y,DFO,LFG,,,,,N,, , , , ,,,,,,
55938,Industrial Power Generating Company LLC,56686,King & Queen,VA,King and Queen,35,OP,Landfill Gas,IC,IPP Non-CHP,2,0.3,0.3,0.3,LFG,DFO,Y,Y,DFO,LFG,,,,,N,, , , , ,,,,,,
55938,Industrial Power Generating Company LLC,56686,King & Queen,VA,King and Queen,36,OP,Landfill Gas,IC,IPP Non-CHP,2,0.3,0.3,0.3,LFG,DFO,Y,Y,DFO,LFG,,,,,N,, , , , ,,,,,,
55938,Industrial Power Generating Company LLC,56686,King & Queen,VA,King and Queen,4,OP,Landfill Gas,IC,IPP Non-CHP,2,0.3,0.3,0.3,LFG,DFO,Y,Y,DFO,LFG,,,,,N,, , , , ,,,,,,
55938,Industrial Power Generating Company LLC,56686,King & Queen,VA,King and Queen,5,OP,Landfill Gas,IC,IPP Non-CHP,2,0.3,0.3,0.3,LFG,DFO,Y,Y,DFO,LFG,,,,,N,, , , , ,,,,,,
55938,Industrial Power Generating Company LLC,56686,King & Queen,VA,King and Queen,6,OP,Landfill Gas,IC,IPP Non-CHP,2,0.3,0.3,0.3,LFG,DFO,Y,Y,DFO,LFG,,,,,N,, , , , ,,,,,,
55938,Industrial Power Generating Company LLC,56686,King & Queen,VA,King and Queen,7,OP,Landfill Gas,IC,IPP Non-CHP,2,0.3,0.3,0.3,LFG,DFO,Y,Y,DFO,LFG,,,,,N,, , , , ,,,,,,
55938,Industrial Power Generating Company LLC,56686,King & Queen,VA,King and Queen,8,OP,Landfill Gas,IC,IPP Non-CHP,2,0.3,0.3,0.3,LFG,DFO,Y,Y,DFO,LFG,,,,,N,, , , , ,,,,,,
55938,Industrial Power Generating Company LLC,56686,King & Queen,VA,King and Queen,9,OP,Landfill Gas,IC,IPP Non-CHP,2,0.3,0.3,0.3,LFG,DFO,Y,Y,DFO,LFG,,,,,N,, , , , ,,,,,,
55938,Industrial Power Generating Company LLC,56687,Mountain View,PA,Franklin,1,OP,Landfill Gas,IC,IPP Non-CHP,2,0.3,0.3,0.3,LFG,DFO,Y,Y,DFO,LFG,,,,,N,, , , , ,,,,,,
55938,Industrial Power Generating Company LLC,56687,Mountain View,PA,Franklin,10,OP,Landfill Gas,IC,IPP Non-CHP,2,0.3,0.3,0.3,LFG,DFO,Y,Y,DFO,LFG,,,,,N,, , , , ,,,,,,
55938,Industrial Power Generating Company LLC,56687,Mountain View,PA,Franklin,11,OP,Landfill Gas,IC,IPP Non-CHP,2,0.3,0.3,0.3,LFG,DFO,Y,Y,DFO,LFG,,,,,N,, , , , ,,,,,,
55938,Industrial Power Generating Company LLC,56687,Mountain View,PA,Franklin,12,OP,Landfill Gas,IC,IPP Non-CHP,2,0.3,0.3,0.3,LFG,DFO,Y,Y,LFG,DFO,,,,,N,, , , , ,,,,,,
55938,Industrial Power Generating Company LLC,56687,Mountain View,PA,Franklin,13,OP,Landfill Gas,IC,IPP Non-CHP,2,0.3,0.3,0.3,LFG,DFO,Y,Y,LFG,DFO,,,,,N,, , , , ,,,,,,
55938,Industrial Power Generating Company LLC,56687,Mountain View,PA,Franklin,14,OP,Landfill Gas,IC,IPP Non-CHP,2,0.3,0.3,0.3,LFG,DFO,Y,Y,LFG,DFO,,,,,N,, , , , ,,,,,,
55938,Industrial Power Generating Company LLC,56687,Mountain View,PA,Franklin,15,OP,Landfill Gas,IC,IPP Non-CHP,2,0.3,0.3,0.3,LFG,DFO,Y,Y,DFO,LFG,,,,,N,, , , , ,,,,,,
55938,Industrial Power Generating Company LLC,56687,Mountain View,PA,Franklin,16,OP,Landfill Gas,IC,IPP Non-CHP,2,0.3,0.3,0.3,LFG,DFO,Y,Y,DFO,LFG,,,,,N,, , , , ,,,,,,
55938,Industrial Power Generating Company LLC,56687,Mountain View,PA,Franklin,17,OP,Landfill Gas,IC,IPP Non-CHP,2,0.3,0.3,0.3,LFG,DFO,Y,Y,DFO,LFG,,,,,N,, , , , ,,,,,,
55938,Industrial Power Generating Company LLC,56687,Mountain View,PA,Franklin,18,OP,Landfill Gas,IC,IPP Non-CHP,2,0.3,0.3,0.3,LFG,DFO,Y,Y,DFO,LFG,,,,,N,, , , , ,,,,,,
55938,Industrial Power Generating Company LLC,56687,Mountain View,PA,Franklin,19,OP,Landfill Gas,IC,IPP Non-CHP,2,0.3,0.3,0.3,LFG,DFO,Y,Y,DFO,LFG,,,,,N,, , , , ,,,,,,
55938,Industrial Power Generating Company LLC,56687,Mountain View,PA,Franklin,2,OP,Landfill Gas,IC,IPP Non-CHP,2,0.3,0.3,0.3,LFG,DFO,Y,Y,DFO,LFG,,,,,N,, , , , ,,,,,,
55938,Industrial Power Generating Company LLC,56687,Mountain View,PA,Franklin,20,OP,Landfill Gas,IC,IPP Non-CHP,2,0.3,0.3,0.3,LFG,DFO,Y,Y,DFO,LFG,,,,,N,, , , , ,,,,,,
55938,Industrial Power Generating Company LLC,56687,Mountain View,PA,Franklin,21,OP,Landfill Gas,IC,IPP Non-CHP,2,0.3,0.3,0.3,LFG,DFO,Y,Y,DFO,LFG,,,,,N,, , , , ,,,,,,
55938,Industrial Power Generating Company LLC,56687,Mountain View,PA,Franklin,22,OP,Landfill Gas,IC,IPP Non-CHP,2,0.3,0.3,0.3,LFG,DFO,Y,Y,DFO,LFG,,,,,N,, , , , ,,,,,,
55938,Industrial Power Generating Company LLC,56687,Mountain View,PA,Franklin,23,OP,Landfill Gas,IC,IPP Non-CHP,2,0.3,0.3,0.3,LFG,DFO,Y,Y,DFO,LFG,,,,,N,, , , , ,,,,,,
55938,Industrial Power Generating Company LLC,56687,Mountain View,PA,Franklin,24,OP,Landfill Gas,IC,IPP Non-CHP,2,0.3,0.3,0.3,LFG,DFO,Y,Y,DFO,LFG,,,,,,, , , , ,,,,,,
55938,Industrial Power Generating Company LLC,56687,Mountain View,PA,Franklin,25,OP,Landfill Gas,IC,IPP Non-CHP,2,0.3,0.3,0.3,LFG,DFO,Y,Y,DFO,LFG,,,,,,, , , , ,,,,,,
55938,Industrial Power Generating Company LLC,56687,Mountain View,PA,Franklin,26,OP,Landfill Gas,IC,IPP Non-CHP,2,0.3,0.3,0.3,LFG,DFO,Y,Y,DFO,LFG,,,,,N,, , , , ,,,,,,
55938,Industrial Power Generating Company LLC,56687,Mountain View,PA,Franklin,27,OP,Landfill Gas,IC,IPP Non-CHP,2,0.3,0.3,0.3,LFG,DFO,Y,Y,DFO,LFG,,,,,N,, , , , ,,,,,,
55938,Industrial Power Generating Company LLC,56687,Mountain View,PA,Franklin,28,OP,Landfill Gas,IC,IPP Non-CHP,2,0.3,0.3,0.3,LFG,DFO,Y,Y,DFO,LFG,,,,,N,, , , , ,,,,,,
55938,Industrial Power Generating Company LLC,56687,Mountain View,PA,Franklin,29,OP,Landfill Gas,IC,IPP Non-CHP,2,0.3,0.3,0.3,LFG,DFO,Y,Y,DFO,LFG,,,,,,, , , , ,,,,,,
55938,Industrial Power Generating Company LLC,56687,Mountain View,PA,Franklin,3,OP,Landfill Gas,IC,IPP Non-CHP,2,0.3,0.3,0.3,LFG,DFO,Y,Y,DFO,LFG,,,,,,, , , , ,,,,,,
55938,Industrial Power Generating Company LLC,56687,Mountain View,PA,Franklin,30,OP,Landfill Gas,IC,IPP Non-CHP,2,0.3,0.3,0.3,LFG,DFO,Y,Y,DFO,LFG,,,,,,, , , , ,,,,,,
55938,Industrial Power Generating Company LLC,56687,Mountain View,PA,Franklin,31,OP,Landfill Gas,IC,IPP Non-CHP,2,0.3,0.3,0.3,LFG,DFO,Y,Y,DFO,LFG,,,,,N,, , , , ,,,,,,
55938,Industrial Power Generating Company LLC,56687,Mountain View,PA,Franklin,32,OP,Landfill Gas,IC,IPP Non-CHP,2,0.3,0.3,0.3,LFG,DFO,Y,Y,DFO,LFG,,,,,N,, , , , ,,,,,,
55938,Industrial Power Generating Company LLC,56687,Mountain View,PA,Franklin,33,OP,Landfill Gas,IC,IPP Non-CHP,2,0.3,0.3,0.3,LFG,DFO,Y,Y,DFO,LFG,,,,,N,, , , , ,,,,,,
55938,Industrial Power Generating Company LLC,56687,Mountain View,PA,Franklin,34,OP,Landfill Gas,IC,IPP Non-CHP,2,0.3,0.3,0.3,LFG,DFO,Y,Y,DFO,LFG,,,,,N,, , , , ,,,,,,
55938,Industrial Power Generating Company LLC,56687,Mountain View,PA,Franklin,35,OP,Landfill Gas,IC,IPP Non-CHP,2,0.3,0.3,0.3,LFG,DFO,Y,Y,DFO,LFG,,,,,N,, , , , ,,,,,,
55938,Industrial Power Generating Company LLC,56687,Mountain View,PA,Franklin,36,OP,Landfill Gas,IC,IPP Non-CHP,2,0.3,0.3,0.3,LFG,DFO,Y,Y,DFO,LFG,,,,,N,, , , , ,,,,,,
55938,Industrial Power Generating Company LLC,56687,Mountain View,PA,Franklin,37,OP,Landfill Gas,IC,IPP Non-CHP,2,0.3,0.3,0.3,LFG,DFO,Y,Y,DFO,LFG,,,,,N,, , , , ,,,,,,
55938,Industrial Power Generating Company LLC,56687,Mountain View,PA,Franklin,38,OP,Landfill Gas,IC,IPP Non-CHP,2,0.3,0.3,0.3,LFG,DFO,Y,Y,DFO,LFG,,,,,N,, , , , ,,,,,,
55938,Industrial Power Generating Company LLC,56687,Mountain View,PA,Franklin,39,OP,Landfill Gas,IC,IPP Non-CHP,2,0.3,0.3,0.3,LFG,DFO,Y,Y,DFO,LFG,,,,,N,, , , , ,,,,,,
55938,Industrial Power Generating Company LLC,56687,Mountain View,PA,Franklin,4,OP,Landfill Gas,IC,IPP Non-CHP,2,0.3,0.3,0.3,LFG,DFO,Y,Y,DFO,LFG,,,,,N,, , , , ,,,,,,
55938,Industrial Power Generating Company LLC,56687,Mountain View,PA,Franklin,40,OP,Landfill Gas,IC,IPP Non-CHP,2,0.3,0.3,0.3,LFG,DFO,Y,Y,DFO,LFG,,,,,N,, , , , ,,,,,,
55938,Industrial Power Generating Company LLC,56687,Mountain View,PA,Franklin,41,OP,Landfill Gas,IC,IPP Non-CHP,2,0.3,0.3,0.3,LFG,DFO,Y,Y,DFO,LFG,,,,,N,, , , , ,,,,,,
55938,Industrial Power Generating Company LLC,56687,Mountain View,PA,Franklin,42,OP,Landfill Gas,IC,IPP Non-CHP,2,0.3,0.3,0.3,LFG,DFO,Y,Y,DFO,LFG,,,,,N,, , , , ,,,,,,
55938,Industrial Power Generating Company LLC,56687,Mountain View,PA,Franklin,43,OP,Landfill Gas,IC,IPP Non-CHP,2,0.3,0.3,0.3,LFG,DFO,Y,Y,DFO,LFG,,,,,N,, , , , ,,,,,,
55938,Industrial Power Generating Company LLC,56687,Mountain View,PA,Franklin,44,OP,Landfill Gas,IC,IPP Non-CHP,2,0.3,0.3,0.3,LFG,DFO,Y,Y,DFO,LFG,,,,,N,, , , , ,,,,,,
55938,Industrial Power Generating Company LLC,56687,Mountain View,PA,Franklin,45,OP,Landfill Gas,IC,IPP Non-CHP,2,0.3,0.3,0.3,LFG,DFO,Y,Y,DFO,LFG,,,,,N,, , , , ,,,,,,
55938,Industrial Power Generating Company LLC,56687,Mountain View,PA,Franklin,46,OP,Landfill Gas,IC,IPP Non-CHP,2,0.3,0.3,0.3,LFG,DFO,Y,Y,DFO,LFG,,,,,N,, , , , ,,,,,,
55938,Industrial Power Generating Company LLC,56687,Mountain View,PA,Franklin,47,OP,Landfill Gas,IC,IPP Non-CHP,2,0.3,0.3,0.3,LFG,DFO,Y,Y,DFO,LFG,,,,,N,, , , , ,,,,,,
55938,Industrial Power Generating Company LLC,56687,Mountain View,PA,Franklin,48,OP,Landfill Gas,IC,IPP Non-CHP,2,0.3,0.3,0.3,LFG,DFO,Y,Y,DFO,LFG,,,,,N,, , , , ,,,,,,
55938,Industrial Power Generating Company LLC,56687,Mountain View,PA,Franklin,5,OP,Landfill Gas,IC,IPP Non-CHP,2,0.3,0.3,0.3,LFG,DFO,Y,Y,DFO,LFG,,,,,N,, , , , ,,,,,,
55938,Industrial Power Generating Company LLC,56687,Mountain View,PA,Franklin,6,OP,Landfill Gas,IC,IPP Non-CHP,2,0.3,0.3,0.3,LFG,DFO,Y,Y,DFO,LFG,,,,,N,, , , , ,,,,,,
55938,Industrial Power Generating Company LLC,56687,Mountain View,PA,Franklin,7,OP,Landfill Gas,IC,IPP Non-CHP,2,0.3,0.3,0.3,LFG,DFO,Y,Y,DFO,LFG,,,,,N,, , , , ,,,,,,
55938,Industrial Power Generating Company LLC,56687,Mountain View,PA,Franklin,8,OP,Landfill Gas,IC,IPP Non-CHP,2,0.3,0.3,0.3,LFG,DFO,Y,Y,DFO,LFG,,,,,N,, , , , ,,,,,,
55938,Industrial Power Generating Company LLC,56687,Mountain View,PA,Franklin,9,OP,Landfill Gas,IC,IPP Non-CHP,2,0.3,0.3,0.3,LFG,DFO,Y,Y,DFO,LFG,,,,,N,, , , , ,,,,,,
55938,Industrial Power Generating Company LLC,56688,New Bern,NC,Craven,1,OP,Landfill Gas,IC,IPP Non-CHP,2,0.3,0.3,0.3,LFG,DFO,Y,Y,DFO,LFG,,,,,N,, , , , ,,,,,,
55938,Industrial Power Generating Company LLC,56688,New Bern,NC,Craven,10,OP,Landfill Gas,IC,IPP Non-CHP,2,0.3,0.3,0.3,LFG,DFO,Y,Y,DFO,LFG,,,,,N,, , , , ,,,,,,
55938,Industrial Power Generating Company LLC,56688,New Bern,NC,Craven,11,OP,Landfill Gas,IC,IPP Non-CHP,2,0.3,0.3,0.3,LFG,DFO,Y,Y,DFO,LFG,,,,,N,, , , , ,,,,,,
55938,Industrial Power Generating Company LLC,56688,New Bern,NC,Craven,12,OP,Landfill Gas,IC,IPP Non-CHP,2,0.3,0.3,0.3,LFG,DFO,Y,Y,DFO,LFG,,,,,N,, , , , ,,,,,,
55938,Industrial Power Generating Company LLC,56688,New Bern,NC,Craven,13,OP,Landfill Gas,IC,IPP Non-CHP,2,0.3,0.3,0.3,LFG,DFO,Y,Y,DFO,LFG,,,,,N,, , , , ,,,,,,
55938,Industrial Power Generating Company LLC,56688,New Bern,NC,Craven,14,OP,Landfill Gas,IC,IPP Non-CHP,2,0.3,0.3,0.3,LFG,DFO,Y,Y,DFO,LFG,,,,,N,, , , , ,,,,,,
55938,Industrial Power Generating Company LLC,56688,New Bern,NC,Craven,15,OP,Landfill Gas,IC,IPP Non-CHP,2,0.3,0.3,0.3,LFG,DFO,Y,Y,DFO,LFG,,,,,N,, , , , ,,,,,,
55938,Industrial Power Generating Company LLC,56688,New Bern,NC,Craven,16,OP,Landfill Gas,IC,IPP Non-CHP,2,0.3,0.3,0.3,LFG,DFO,Y,Y,DFO,LFG,,,,,N,, , , , ,,,,,,
55938,Industrial Power Generating Company LLC,56688,New Bern,NC,Craven,17,OP,Landfill Gas,IC,IPP Non-CHP,2,0.3,0.3,0.3,LFG,DFO,Y,Y,DFO,LFG,,,,,N,, , , , ,,,,,,
55938,Industrial Power Generating Company LLC,56688,New Bern,NC,Craven,18,OP,Landfill Gas,IC,IPP Non-CHP,2,0.3,0.3,0.3,LFG,DFO,Y,Y,DFO,LFG,,,,,N,, , , , ,,,,,,
55938,Industrial Power Generating Company LLC,56688,New Bern,NC,Craven,2,OP,Landfill Gas,IC,IPP Non-CHP,2,0.3,0.3,0.3,LFG,DFO,Y,Y,DFO,LFG,,,,,N,, , , , ,,,,,,
55938,Industrial Power Generating Company LLC,56688,New Bern,NC,Craven,3,OP,Landfill Gas,IC,IPP Non-CHP,2,0.3,0.3,0.3,LFG,DFO,Y,Y,DFO,LFG,,,,,N,, , , , ,,,,,,
55938,Industrial Power Generating Company LLC,56688,New Bern,NC,Craven,4,OP,Landfill Gas,IC,IPP Non-CHP,2,0.3,0.3,0.3,LFG,DFO,Y,Y,DFO,LFG,,,,,N,, , , , ,,,,,,
55938,Industrial Power Generating Company LLC,56688,New Bern,NC,Craven,5,OP,Landfill Gas,IC,IPP Non-CHP,2,0.3,0.3,0.3,LFG,DFO,Y,Y,DFO,LFG,,,,,N,, , , , ,,,,,,
55938,Industrial Power Generating Company LLC,56688,New Bern,NC,Craven,6,OP,Landfill Gas,IC,IPP Non-CHP,2,0.3,0.3,0.3,LFG,DFO,Y,Y,DFO,LFG,,,,,N,, , , , ,,,,,,
55938,Industrial Power Generating Company LLC,56688,New Bern,NC,Craven,7,OP,Landfill Gas,IC,IPP Non-CHP,2,0.3,0.3,0.3,LFG,DFO,Y,Y,DFO,LFG,,,,,N,, , , , ,,,,,,
55938,Industrial Power Generating Company LLC,56688,New Bern,NC,Craven,8,OP,Landfill Gas,IC,IPP Non-CHP,2,0.3,0.3,0.3,LFG,DFO,Y,Y,DFO,LFG,,,,,N,, , , , ,,,,,,
55938,Industrial Power Generating Company LLC,56688,New Bern,NC,Craven,9,OP,Landfill Gas,IC,IPP Non-CHP,2,0.3,0.3,0.3,LFG,DFO,Y,Y,DFO,LFG,,,,,N,, , , , ,,,,,,
55938,Industrial Power Generating Company LLC,56690,Pine Grove,PA,Schuylkill,1,OP,Landfill Gas,IC,IPP Non-CHP,2,0.3,0.3,0.3,LFG,DFO,Y,Y,DFO,LFG,,,,,N,, , , , ,,,,,,
55938,Industrial Power Generating Company LLC,56690,Pine Grove,PA,Schuylkill,10,OP,Landfill Gas,IC,IPP Non-CHP,2,0.3,0.3,0.3,LFG,DFO,Y,Y,DFO,LFG,,,,,N,, , , , ,,,,,,
55938,Industrial Power Generating Company LLC,56690,Pine Grove,PA,Schuylkill,11,OP,Landfill Gas,IC,IPP Non-CHP,2,0.3,0.3,0.3,LFG,DFO,Y,Y,DFO,LFG,,,,,N,, , , , ,,,,,,
55938,Industrial Power Generating Company LLC,56690,Pine Grove,PA,Schuylkill,12,OP,Landfill Gas,IC,IPP Non-CHP,2,0.3,0.3,0.3,LFG,DFO,Y,Y,DFO,LFG,,,,,N,, , , , ,,,,,,
55938,Industrial Power Generating Company LLC,56690,Pine Grove,PA,Schuylkill,13,OP,Landfill Gas,IC,IPP Non-CHP,2,0.3,0.3,0.3,LFG,DFO,Y,Y,DFO,LFG,,,,,N,, , , , ,,,,,,
55938,Industrial Power Generating Company LLC,56690,Pine Grove,PA,Schuylkill,14,OP,Landfill Gas,IC,IPP Non-CHP,2,0.3,0.3,0.3,LFG,DFO,Y,Y,DFO,LFG,,,,,N,, , , , ,,,,,,
55938,Industrial Power Generating Company LLC,56690,Pine Grove,PA,Schuylkill,15,OP,Landfill Gas,IC,IPP Non-CHP,2,0.3,0.3,0.3,LFG,DFO,Y,Y,DFO,LFG,,,,,N,, , , , ,,,,,,
55938,Industrial Power Generating Company LLC,56690,Pine Grove,PA,Schuylkill,16,OP,Landfill Gas,IC,IPP Non-CHP,2,0.3,0.3,0.3,LFG,DFO,Y,Y,DFO,LFG,,,,,N,, , , , ,,,,,,
55938,Industrial Power Generating Company LLC,56690,Pine Grove,PA,Schuylkill,17,OP,Landfill Gas,IC,IPP Non-CHP,2,0.3,0.3,0.3,LFG,DFO,Y,Y,DFO,LFG,,,,,N,, , , , ,,,,,,
55938,Industrial Power Generating Company LLC,56690,Pine Grove,PA,Schuylkill,18,OP,Landfill Gas,IC,IPP Non-CHP,2,0.3,0.3,0.3,LFG,DFO,Y,Y,DFO,LFG,,,,,N,, , , , ,,,,,,
55938,Industrial Power Generating Company LLC,56690,Pine Grove,PA,Schuylkill,2,OP,Landfill Gas,IC,IPP Non-CHP,2,0.3,0.3,0.3,LFG,DFO,Y,Y,DFO,LFG,,,,,N,, , , , ,,,,,,
55938,Industrial Power Generating Company LLC,56690,Pine Grove,PA,Schuylkill,3,OP,Landfill Gas,IC,IPP Non-CHP,2,0.3,0.3,0.3,LFG,DFO,Y,Y,DFO,LFG,,,,,N,, , , , ,,,,,,
55938,Industrial Power Generating Company LLC,56690,Pine Grove,PA,Schuylkill,4,OP,Landfill Gas,IC,IPP Non-CHP,2,0.3,0.3,0.3,LFG,DFO,Y,Y,DFO,LFG,,,,,N,, , , , ,,,,,,
55938,Industrial Power Generating Company LLC,56690,Pine Grove,PA,Schuylkill,5,OP,Landfill Gas,IC,IPP Non-CHP,2,0.3,0.3,0.3,LFG,DFO,Y,Y,DFO,LFG,,,,,N,, , , , ,,,,,,
55938,Industrial Power Generating Company LLC,56690,Pine Grove,PA,Schuylkill,6,OP,Landfill Gas,IC,IPP Non-CHP,2,0.3,0.3,0.3,LFG,DFO,Y,Y,DFO,LFG,,,,,N,, , , , ,,,,,,
55938,Industrial Power Generating Company LLC,56690,Pine Grove,PA,Schuylkill,7,OP,Landfill Gas,IC,IPP Non-CHP,2,0.3,0.3,0.3,LFG,DFO,Y,Y,DFO,LFG,,,,,N,, , , , ,,,,,,
55938,Industrial Power Generating Company LLC,56690,Pine Grove,PA,Schuylkill,8,OP,Landfill Gas,IC,IPP Non-CHP,2,0.3,0.3,0.3,LFG,DFO,Y,Y,DFO,LFG,,,,,N,, , , , ,,,,,,
55938,Industrial Power Generating Company LLC,56690,Pine Grove,PA,Schuylkill,9,OP,Landfill Gas,IC,IPP Non-CHP,2,0.3,0.3,0.3,LFG,DFO,Y,Y,DFO,LFG,,,,,N,, , , , ,,,,,,
55938,Industrial Power Generating Company LLC,56693,Virginia Beach,VA,Virginia Beach City,1,OP,Landfill Gas,IC,IPP Non-CHP,2,0.3,0.3,0.3,LFG,DFO,Y,Y,DFO,LFG,,,,,N,, , , , ,,,,,,
55938,Industrial Power Generating Company LLC,56693,Virginia Beach,VA,Virginia Beach City,10,OP,Landfill Gas,IC,IPP Non-CHP,2,0.3,0.3,0.3,LFG,DFO,Y,Y,DFO,LFG,,,,,N,, , , , ,,,,,,
55938,Industrial Power Generating Company LLC,56693,Virginia Beach,VA,Virginia Beach City,11,OP,Landfill Gas,IC,IPP Non-CHP,2,0.3,0.3,0.3,LFG,DFO,Y,Y,DFO,LFG,,,,,N,, , , , ,,,,,,
55938,Industrial Power Generating Company LLC,56693,Virginia Beach,VA,Virginia Beach City,12,OP,Landfill Gas,IC,IPP Non-CHP,2,0.3,0.3,0.3,LFG,DFO,Y,Y,DFO,LFG,,,,,N,, , , , ,,,,,,
55938,Industrial Power Generating Company LLC,56693,Virginia Beach,VA,Virginia Beach City,13,OP,Landfill Gas,IC,IPP Non-CHP,2,0.3,0.3,0.3,LFG,DFO,Y,Y,DFO,LFG,,,,,N,, , , , ,,,,,,
55938,Industrial Power Generating Company LLC,56693,Virginia Beach,VA,Virginia Beach City,14,OP,Landfill Gas,IC,IPP Non-CHP,2,0.3,0.3,0.3,LFG,DFO,Y,Y,DFO,LFG,,,,,N,, , , , ,,,,,,
55938,Industrial Power Generating Company LLC,56693,Virginia Beach,VA,Virginia Beach City,15,OP,Landfill Gas,IC,IPP Non-CHP,2,0.3,0.3,0.3,LFG,DFO,Y,Y,DFO,LFG,,,,,N,, , , , ,,,,,,
55938,Industrial Power Generating Company LLC,56693,Virginia Beach,VA,Virginia Beach City,16,OP,Landfill Gas,IC,IPP Non-CHP,2,0.3,0.3,0.3,LFG,DFO,Y,Y,DFO,LFG,,,,,N,, , , , ,,,,,,
55938,Industrial Power Generating Company LLC,56693,Virginia Beach,VA,Virginia Beach City,17,OP,Landfill Gas,IC,IPP Non-CHP,2,0.3,0.3,0.3,LFG,DFO,Y,Y,DFO,LFG,,,,,N,, , , , ,,,,,,
55938,Industrial Power Generating Company LLC,56693,Virginia Beach,VA,Virginia Beach City,18,OP,Landfill Gas,IC,IPP Non-CHP,2,0.3,0.3,0.3,LFG,DFO,Y,Y,DFO,LFG,,,,,N,, , , , ,,,,,,
55938,Industrial Power Generating Company LLC,56693,Virginia Beach,VA,Virginia Beach City,19,OP,Landfill Gas,IC,IPP Non-CHP,2,0.3,0.3,0.3,LFG,DFO,Y,Y,DFO,LFG,,,,,N,, , , , ,,,,,,
55938,Industrial Power Generating Company LLC,56693,Virginia Beach,VA,Virginia Beach City,2,OP,Landfill Gas,IC,IPP Non-CHP,2,0.3,0.3,0.3,LFG,DFO,Y,Y,DFO,LFG,,,,,N,, , , , ,,,,,,
55938,Industrial Power Generating Company LLC,56693,Virginia Beach,VA,Virginia Beach City,20,OP,Landfill Gas,IC,IPP Non-CHP,2,0.3,0.3,0.3,LFG,DFO,Y,Y,DFO,LFG,,,,,N,, , , , ,,,,,,
55938,Industrial Power Generating Company LLC,56693,Virginia Beach,VA,Virginia Beach City,21,OP,Landfill Gas,IC,IPP Non-CHP,2,0.3,0.3,0.3,LFG,DFO,Y,Y,DFO,LFG,,,,,N,, , , , ,,,,,,
55938,Industrial Power Generating Company LLC,56693,Virginia Beach,VA,Virginia Beach City,22,OP,Landfill Gas,IC,IPP Non-CHP,2,0.3,0.3,0.3,LFG,DFO,Y,Y,DFO,LFG,,,,,N,, , , , ,,,,,,
55938,Industrial Power Generating Company LLC,56693,Virginia Beach,VA,Virginia Beach City,23,OP,Landfill Gas,IC,IPP Non-CHP,2,0.3,0.3,0.3,LFG,DFO,Y,Y,DFO,LFG,,,,,N,, , , , ,,,,,,
55938,Industrial Power Generating Company LLC,56693,Virginia Beach,VA,Virginia Beach City,24,OP,Landfill Gas,IC,IPP Non-CHP,2,0.3,0.3,0.3,LFG,DFO,Y,Y,DFO,LFG,,,,,N,, , , , ,,,,,,
55938,Industrial Power Generating Company LLC,56693,Virginia Beach,VA,Virginia Beach City,25,OP,Landfill Gas,IC,IPP Non-CHP,2,0.3,0.3,0.3,LFG,DFO,Y,Y,DFO,LFG,,,,,N,, , , , ,,,,,,
55938,Industrial Power Generating Company LLC,56693,Virginia Beach,VA,Virginia Beach City,26,OP,Landfill Gas,IC,IPP Non-CHP,2,0.3,0.3,0.3,LFG,DFO,Y,Y,DFO,LFG,,,,,N,, , , , ,,,,,,
55938,Industrial Power Generating Company LLC,56693,Virginia Beach,VA,Virginia Beach City,27,OP,Landfill Gas,IC,IPP Non-CHP,2,0.3,0.3,0.3,LFG,DFO,Y,Y,DFO,LFG,,,,,N,, , , , ,,,,,,
55938,Industrial Power Generating Company LLC,56693,Virginia Beach,VA,Virginia Beach City,28,OP,Landfill Gas,IC,IPP Non-CHP,2,0.3,0.3,0.3,LFG,DFO,Y,Y,DFO,LFG,,,,,N,, , , , ,,,,,,
55938,Industrial Power Generating Company LLC,56693,Virginia Beach,VA,Virginia Beach City,29,OP,Landfill Gas,IC,IPP Non-CHP,2,0.3,0.3,0.3,LFG,DFO,Y,Y,DFO,LFG,,,,,N,, , , , ,,,,,,
55938,Industrial Power Generating Company LLC,56693,Virginia Beach,VA,Virginia Beach City,3,OP,Landfill Gas,IC,IPP Non-CHP,2,0.3,0.3,0.3,LFG,DFO,Y,Y,DFO,LFG,,,,,N,, , , , ,,,,,,
55938,Industrial Power Generating Company LLC,56693,Virginia Beach,VA,Virginia Beach City,30,OP,Landfill Gas,IC,IPP Non-CHP,2,0.3,0.3,0.3,LFG,DFO,Y,Y,DFO,LFG,,,,,N,, , , , ,,,,,,
55938,Industrial Power Generating Company LLC,56693,Virginia Beach,VA,Virginia Beach City,31,OP,Landfill Gas,IC,IPP Non-CHP,2,0.3,0.3,0.3,LFG,DFO,Y,Y,DFO,LFG,,,,,N,, , , , ,,,,,,
55938,Industrial Power Generating Company LLC,56693,Virginia Beach,VA,Virginia Beach City,32,OP,Landfill Gas,IC,IPP Non-CHP,2,0.3,0.3,0.3,LFG,DFO,Y,Y,DFO,LFG,,,,,N,, , , , ,,,,,,
55938,Industrial Power Generating Company LLC,56693,Virginia Beach,VA,Virginia Beach City,33,OP,Landfill Gas,IC,IPP Non-CHP,2,0.3,0.3,0.3,LFG,DFO,Y,Y,DFO,LFG,,,,,N,, , , , ,,,,,,
55938,Industrial Power Generating Company LLC,56693,Virginia Beach,VA,Virginia Beach City,34,OP,Landfill Gas,IC,IPP Non-CHP,2,0.3,0.3,0.3,LFG,DFO,Y,Y,DFO,LFG,,,,,N,, , , , ,,,,,,
55938,Industrial Power Generating Company LLC,56693,Virginia Beach,VA,Virginia Beach City,35,OP,Landfill Gas,IC,IPP Non-CHP,2,0.3,0.3,0.3,LFG,DFO,Y,Y,DFO,LFG,,,,,N,, , , , ,,,,,,
55938,Industrial Power Generating Company LLC,56693,Virginia Beach,VA,Virginia Beach City,36,OP,Landfill Gas,IC,IPP Non-CHP,2,0.3,0.3,0.3,LFG,DFO,Y,Y,DFO,LFG,,,,,N,, , , , ,,,,,,
55938,Industrial Power Generating Company LLC,56693,Virginia Beach,VA,Virginia Beach City,4,OP,Landfill Gas,IC,IPP Non-CHP,2,0.3,0.3,0.3,LFG,DFO,Y,Y,DFO,LFG,,,,,N,, , , , ,,,,,,
55938,Industrial Power Generating Company LLC,56693,Virginia Beach,VA,Virginia Beach City,5,OP,Landfill Gas,IC,IPP Non-CHP,2,0.3,0.3,0.3,LFG,DFO,Y,Y,DFO,LFG,,,,,N,, , , , ,,,,,,
55938,Industrial Power Generating Company LLC,56693,Virginia Beach,VA,Virginia Beach City,6,OP,Landfill Gas,IC,IPP Non-CHP,2,0.3,0.3,0.3,LFG,DFO,Y,Y,DFO,LFG,,,,,N,, , , , ,,,,,,
55938,Industrial Power Generating Company LLC,56693,Virginia Beach,VA,Virginia Beach City,7,OP,Landfill Gas,IC,IPP Non-CHP,2,0.3,0.3,0.3,LFG,DFO,Y,Y,DFO,LFG,,,,,N,, , , , ,,,,,,
55938,Industrial Power Generating Company LLC,56693,Virginia Beach,VA,Virginia Beach City,8,OP,Landfill Gas,IC,IPP Non-CHP,2,0.3,0.3,0.3,LFG,DFO,Y,Y,DFO,LFG,,,,,N,, , , , ,,,,,,
55938,Industrial Power Generating Company LLC,56693,Virginia Beach,VA,Virginia Beach City,9,OP,Landfill Gas,IC,IPP Non-CHP,2,0.3,0.3,0.3,LFG,DFO,Y,Y,DFO,LFG,,,,,N,, , , , ,,,,,,
55988,Virginia Polytechnic Inst and State Unv,56785,Virginia Tech Power Plant,VA,Montgomery,WG01,OP,Natural Gas Steam Turbine,ST,Commercial CHP,5,6.3,2.5,6.3,NG,BIT,Y,Y,BIT,NG,DFO,,,,Y,Y,2.5,5.5,2.5,5.5,1H,1H,Y,,,Y
7570,Great River Energy,56786,Spiritwood Station,ND,Stutsman,1,OP,Conventional Steam Coal,ST,Electric Utility,1,106.2,90,90,LIG,NG,Y,Y,LIG,NG,PG,,,,N,, , , , ,,,,,,
55993,"Kleen Energy Systems, LLC",56798,Kleen Energy Systems Project,CT,Middlesex,U1,OP,Natural Gas Fired Combined Cycle,CT,IPP Non-CHP,2,199.0,177,195,NG,DFO,Y,N,,,,,,,Y,Y,177,195,163,180,6H,6H,Y,Y,Y,Y
55993,"Kleen Energy Systems, LLC",56798,Kleen Energy Systems Project,CT,Middlesex,U2,OP,Natural Gas Fired Combined Cycle,CT,IPP Non-CHP,2,199.0,177,195,NG,DFO,Y,N,,,,,,,Y,Y,176,195,163,180,6H,6H,Y,Y,Y,Y
9617,JEA,56799,Greenland Energy Center,FL,Duval,1,OP,Natural Gas Fired Combustion Turbine,GT,Electric Utility,1,190.4,148,184.1,NG,DFO,Y,N,,,,,,,Y,N,150,185.9,178.6,191.2,OVER,1H,Y,Y,Y,
9617,JEA,56799,Greenland Energy Center,FL,Duval,2,OP,Natural Gas Fired Combustion Turbine,GT,Electric Utility,1,190.4,148,184.1,NG,DFO,Y,N,,,,,,,Y,N,150,185.9,178.6,191.2,OVER,1H,Y,Y,Y,
19876,Virginia Electric & Power Co,56807,Bear Garden,VA,Buckingham,1A,OP,Natural Gas Fired Combined Cycle,CT,Electric Utility,1,145.0,165,181,NG,DFO,Y,N,,,,,,,Y,Y,165,181,165,181,6H,6H,Y,Y,Y,
19876,Virginia Electric & Power Co,56807,Bear Garden,VA,Buckingham,1B,OP,Natural Gas Fired Combined Cycle,CT,Electric Utility,1,152.0,170,187,NG,DFO,Y,N,,,,,,,Y,Y,170,187,170,187,6H,6H,Y,Y,Y,
19876,Virginia Electric & Power Co,56808,Virginia City Hybrid Energy Center,VA,Wise,1,OP,Conventional Steam Coal,ST,Electric Utility,1,668.0,610,624,BIT,WDS,Y,Y,BIT,WC,WDS,,,,,, , , , ,,,,,,
56815,NorthWestern Energy DGGS,56908,Dave Gates Generating Station,MT,Deer Lodge,1,OP,Natural Gas Fired Combustion Turbine,GT,Electric Utility,1,67.7,44.1,48.1,NG,DFO,Y,N,,,,,,,Y,Y,42.6,48.1,42.6,48.1,1H,1H,Y,Y,Y,
56815,NorthWestern Energy DGGS,56908,Dave Gates Generating Station,MT,Deer Lodge,2,OP,Natural Gas Fired Combustion Turbine,GT,Electric Utility,1,67.7,44.1,48.1,NG,DFO,Y,N,,,,,,,Y,Y,42.6,48.1,42.6,48.1,1H,1H,Y,Y,Y,
56815,NorthWestern Energy DGGS,56908,Dave Gates Generating Station,MT,Deer Lodge,3,OP,Natural Gas Fired Combustion Turbine,GT,Electric Utility,1,67.7,44.1,48.1,NG,DFO,Y,N,,,,,,,Y,Y,42.6,48.1,42.6,48.1,1H,1H,Y,Y,Y,
56267,Bayonne Energy Center LLC,56964,Bayonne Energy Center,NJ,Hudson,GT1,OP,Natural Gas Fired Combustion Turbine,GT,IPP Non-CHP,2,64.0,59.9,63.1,NG,DFO,Y,N,,,,,,,Y,Y,61.2,64,58,58,1H,1H,Y,,Y,
56267,Bayonne Energy Center LLC,56964,Bayonne Energy Center,NJ,Hudson,GT2,OP,Natural Gas Fired Combustion Turbine,GT,IPP Non-CHP,2,64.0,58.9,62.7,NG,DFO,Y,N,,,,,,,Y,Y,59.4,64,58,58,1H,1H,Y,,Y,
56267,Bayonne Energy Center LLC,56964,Bayonne Energy Center,NJ,Hudson,GT3,OP,Natural Gas Fired Combustion Turbine,GT,IPP Non-CHP,2,64.0,60,62.7,NG,DFO,Y,N,,,,,,,Y,Y,58.9,64,58,58,1H,1H,Y,,Y,
56267,Bayonne Energy Center LLC,56964,Bayonne Energy Center,NJ,Hudson,GT4,OP,Natural Gas Fired Combustion Turbine,GT,IPP Non-CHP,2,64.0,57.9,62.4,NG,DFO,Y,N,,,,,,,Y,Y,59.7,64,58,58,1H,1H,Y,,Y,
56267,Bayonne Energy Center LLC,56964,Bayonne Energy Center,NJ,Hudson,GT5,OP,Natural Gas Fired Combustion Turbine,GT,IPP Non-CHP,2,64.0,59.9,63.2,NG,DFO,Y,N,,,,,,,Y,Y,59.4,64,58,58,1H,1H,Y,,Y,
56267,Bayonne Energy Center LLC,56964,Bayonne Energy Center,NJ,Hudson,GT6,OP,Natural Gas Fired Combustion Turbine,GT,IPP Non-CHP,2,64.0,58.1,62.2,NG,DFO,Y,N,,,,,,,Y,Y,59.9,64,58,58,1H,1H,Y,,Y,
56267,Bayonne Energy Center LLC,56964,Bayonne Energy Center,NJ,Hudson,GT7,OP,Natural Gas Fired Combustion Turbine,GT,IPP Non-CHP,2,64.0,58.6,62.7,NG,DFO,Y,N,,,,,,,Y,Y,60.5,64,58,58,1H,1H,Y,,Y,
56267,Bayonne Energy Center LLC,56964,Bayonne Energy Center,NJ,Hudson,GT8,OP,Natural Gas Fired Combustion Turbine,GT,IPP Non-CHP,2,64.0,59.9,62.8,NG,DFO,Y,N,,,,,,,Y,Y,60.9,64,58,58,1H,1H,Y,,Y,
17650,Southern Power Co,57029,Cleveland Cnty Generating Facility,NC,Cleveland,1,OP,Natural Gas Fired Combustion Turbine,GT,IPP Non-CHP,2,184.0,185,195,NG,DFO,Y,N,,,,,,,Y,Y,185,195,185,195,6H,6H,Y,,Y,
17650,Southern Power Co,57029,Cleveland Cnty Generating Facility,NC,Cleveland,2,OP,Natural Gas Fired Combustion Turbine,GT,IPP Non-CHP,2,184.0,187,195,NG,DFO,Y,N,,,,,,,Y,Y,187,195,187,195,6H,6H,Y,,Y,
17650,Southern Power Co,57029,Cleveland Cnty Generating Facility,NC,Cleveland,3,OP,Natural Gas Fired Combustion Turbine,GT,IPP Non-CHP,2,184.0,183.2,195,NG,DFO,Y,N,,,,,,,Y,Y,183.2,195,183.2,195,6H,6H,Y,,Y,
17650,Southern Power Co,57029,Cleveland Cnty Generating Facility,NC,Cleveland,4,OP,Natural Gas Fired Combustion Turbine,GT,IPP Non-CHP,2,184.0,183,195,NG,DFO,Y,N,,,,,,,Y,Y,183,195,183,195,6H,6H,Y,,Y,
12686,Mississippi Power Co,57037,Kemper County IGCC Project,MS,Kemper,1A,OP,Natural Gas Fired Combined Cycle,CT,Electric Utility,1,235.5,204.5,227.3,NG,SGC,Y,Y,NG,SGC,,,,,N,, , , , ,,,,,,
12686,Mississippi Power Co,57037,Kemper County IGCC Project,MS,Kemper,1B,OP,Natural Gas Fired Combined Cycle,CT,Electric Utility,1,235.5,204.5,227.3,NG,SGC,Y,Y,NG,SGC,,,,,N,, , , , ,,,,,,
772,Archer Daniels Midland Co,57046,Archer Daniels Midland Columbus,NE,Platte,GEN1,OP,Conventional Steam Coal,ST,Industrial CHP,7,71.4,61,61,SUB,BIT,Y,Y,SUB,BIT,TDF,AB,WDS,OBS,N,, , , , ,,,,,,
56354,GenConn Middletown LLC,57068,GenConn Middletown LLC,CT,Middlesex,12,OP,Petroleum Liquids,GT,IPP Non-CHP,2,60.5,48.5,49.2,KER,NG,Y,N,,,,,,,Y,Y,48.5,49.3,46.9,49.2,1H,1H,Y,Y,,
56354,GenConn Middletown LLC,57068,GenConn Middletown LLC,CT,Middlesex,13,OP,Petroleum Liquids,GT,IPP Non-CHP,2,60.5,48.5,49.2,KER,NG,Y,N,,,,,,,Y,Y,48.5,49.3,46.9,49.2,1H,1H,Y,Y,,
56354,GenConn Middletown LLC,57068,GenConn Middletown LLC,CT,Middlesex,14,OP,Petroleum Liquids,GT,IPP Non-CHP,2,60.5,48.5,49.2,KER,NG,Y,N,,,,,,,Y,Y,48.5,49.3,46.9,49.2,1H,1H,Y,Y,,
56354,GenConn Middletown LLC,57068,GenConn Middletown LLC,CT,Middlesex,15,OP,Petroleum Liquids,GT,IPP Non-CHP,2,60.5,48.5,49.2,KER,NG,Y,N,,,,,,,Y,Y,48.5,49.3,46.9,49.2,1H,1H,Y,Y,,
56352,GenConn Devon LLC,57070,GenConn Devon LLC,CT,New Haven,15,OP,Petroleum Liquids,GT,IPP Non-CHP,2,60.5,46.9,49.2,KER,NG,Y,N,,,,,,,Y,Y,48.5,49.3,46.9,49.2,1H,1H,Y,,Y,
56352,GenConn Devon LLC,57070,GenConn Devon LLC,CT,New Haven,16,OP,Petroleum Liquids,GT,IPP Non-CHP,2,60.5,46.9,49.2,KER,NG,Y,N,,,,,,,Y,Y,48.5,49.3,46.9,49.2,1H,1H,Y,,Y,
56352,GenConn Devon LLC,57070,GenConn Devon LLC,CT,New Haven,17,OP,Petroleum Liquids,GT,IPP Non-CHP,2,60.5,46.9,49.2,KER,NG,Y,N,,,,,,,Y,Y,48.5,49.3,46.9,49.2,1H,1H,Y,,Y,
56352,GenConn Devon LLC,57070,GenConn Devon LLC,CT,New Haven,18,OP,Petroleum Liquids,GT,IPP Non-CHP,2,60.5,46.9,49.2,KER,NG,Y,N,,,,,,,Y,Y,48.5,49.3,46.9,49.2,1H,1H,Y,,Y,
59348,WestRock (WA),57099,WestRock (WA),WA,Pierce,STG1,OP,Wood/Wood Waste Biomass,ST,Industrial CHP,7,64.0,55,55,BLQ,WDS,Y,Y,BLQ,WDS,WO,NG,,,N,N, , , , ,,,,,,
56406,Newark America,57103,Newark America Mill,MA,Worcester,1,OP,Natural Gas Steam Turbine,ST,Industrial CHP,7,6.3,3,3,NG,DFO,Y,N,,,,,,,Y,N,3,3.3,3,3.3,24H,6H,Y,,Y,
56413,Koda Energy LLC,57119,Koda Biomass Plant,MN,Scott,2222,OP,Other Waste Biomass,ST,IPP CHP,3,23.4,20.3,20.3,AB,WDS,Y,Y,NG,AB,WDS,,,,N,, , , , ,,,,,,
56476,Ameresco,57138,Savannah River Site Biomass Cogen,SC,Aiken,1,OP,Wood/Wood Waste Biomass,ST,IPP CHP,3,20.8,19,17,WDS,TDF,Y,Y,WDS,TDF,DFO,,,,N,, , , , ,,,,,,
11217,Los Angeles County Sanitation,57163,Calabasas Gas to Energy Facility,CA,Los Angeles,GEN1,OP,Landfill Gas,GT,Commercial Non-CHP,4,4.6,3.3,3.6,LFG,NG,Y,Y,LFG,NG,,,,,N,, , , , ,,,,,,
11217,Los Angeles County Sanitation,57163,Calabasas Gas to Energy Facility,CA,Los Angeles,GEN2,OP,Landfill Gas,GT,Commercial Non-CHP,4,4.6,3.3,3.6,LFG,NG,Y,Y,LFG,NG,,,,,N,, , , , ,,,,,,
11217,Los Angeles County Sanitation,57163,Calabasas Gas to Energy Facility,CA,Los Angeles,GEN3,OP,Landfill Gas,GT,Commercial Non-CHP,4,4.6,3.3,3.6,LFG,NG,Y,Y,LFG,NG,,,,,N,, , , , ,,,,,,
60736,"Bio Energy Washington, LLC",57298,Cedar Hills,WA,King,1,OP,Landfill Gas,IC,IPP Non-CHP,2,0.3,0.3,0.3,LFG,DFO,Y,Y,LFG,DFO,,,,,N,, , , , ,,,,,,
60736,"Bio Energy Washington, LLC",57298,Cedar Hills,WA,King,10,OP,Landfill Gas,IC,IPP Non-CHP,2,0.3,0.3,0.3,LFG,DFO,Y,Y,LFG,DFO,,,,,N,, , , , ,,,,,,
60736,"Bio Energy Washington, LLC",57298,Cedar Hills,WA,King,11,OP,Landfill Gas,IC,IPP Non-CHP,2,0.3,0.3,0.3,LFG,DFO,Y,Y,LFG,DFO,,,,,N,, , , , ,,,,,,
60736,"Bio Energy Washington, LLC",57298,Cedar Hills,WA,King,12,OP,Landfill Gas,IC,IPP Non-CHP,2,0.3,0.3,0.3,LFG,DFO,Y,Y,LFG,DFO,,,,,N,, , , , ,,,,,,
60736,"Bio Energy Washington, LLC",57298,Cedar Hills,WA,King,13,OP,Landfill Gas,IC,IPP Non-CHP,2,0.3,0.3,0.3,LFG,DFO,Y,Y,LFG,DFO,,,,,N,, , , , ,,,,,,
60736,"Bio Energy Washington, LLC",57298,Cedar Hills,WA,King,14,OP,Landfill Gas,IC,IPP Non-CHP,2,0.3,0.3,0.3,LFG,DFO,Y,Y,LFG,DFO,,,,,N,, , , , ,,,,,,
60736,"Bio Energy Washington, LLC",57298,Cedar Hills,WA,King,15,OP,Landfill Gas,IC,IPP Non-CHP,2,0.3,0.3,0.3,LFG,DFO,Y,Y,LFG,DFO,,,,,N,, , , , ,,,,,,
60736,"Bio Energy Washington, LLC",57298,Cedar Hills,WA,King,16,OP,Landfill Gas,IC,IPP Non-CHP,2,0.3,0.3,0.3,LFG,DFO,Y,Y,LFG,DFO,,,,,N,, , , , ,,,,,,
60736,"Bio Energy Washington, LLC",57298,Cedar Hills,WA,King,17,OP,Landfill Gas,IC,IPP Non-CHP,2,0.3,0.3,0.3,LFG,DFO,Y,Y,LFG,DFO,,,,,N,, , , , ,,,,,,
60736,"Bio Energy Washington, LLC",57298,Cedar Hills,WA,King,18,OP,Landfill Gas,IC,IPP Non-CHP,2,0.3,0.3,0.3,LFG,DFO,Y,Y,LFG,DFO,,,,,N,, , , , ,,,,,,
60736,"Bio Energy Washington, LLC",57298,Cedar Hills,WA,King,2,OP,Landfill Gas,IC,IPP Non-CHP,2,0.3,0.3,0.3,LFG,DFO,Y,Y,LFG,DFO,,,,,N,, , , , ,,,,,,
60736,"Bio Energy Washington, LLC",57298,Cedar Hills,WA,King,3,OP,Landfill Gas,IC,IPP Non-CHP,2,0.3,0.3,0.3,LFG,DFO,Y,Y,LFG,DFO,,,,,N,, , , , ,,,,,,
60736,"Bio Energy Washington, LLC",57298,Cedar Hills,WA,King,4,OP,Landfill Gas,IC,IPP Non-CHP,2,0.3,0.3,0.3,LFG,DFO,Y,Y,LFG,DFO,,,,,N,, , , , ,,,,,,
60736,"Bio Energy Washington, LLC",57298,Cedar Hills,WA,King,5,OP,Landfill Gas,IC,IPP Non-CHP,2,0.3,0.3,0.3,LFG,DFO,Y,Y,LFG,DFO,,,,,N,, , , , ,,,,,,
60736,"Bio Energy Washington, LLC",57298,Cedar Hills,WA,King,6,OP,Landfill Gas,IC,IPP Non-CHP,2,0.3,0.3,0.3,LFG,DFO,Y,Y,LFG,DFO,,,,,N,, , , , ,,,,,,
60736,"Bio Energy Washington, LLC",57298,Cedar Hills,WA,King,7,OP,Landfill Gas,IC,IPP Non-CHP,2,0.3,0.3,0.3,LFG,DFO,Y,Y,LFG,DFO,,,,,N,, , , , ,,,,,,
60736,"Bio Energy Washington, LLC",57298,Cedar Hills,WA,King,8,OP,Landfill Gas,IC,IPP Non-CHP,2,0.3,0.3,0.3,LFG,DFO,Y,Y,LFG,DFO,,,,,N,, , , , ,,,,,,
60736,"Bio Energy Washington, LLC",57298,Cedar Hills,WA,King,9,OP,Landfill Gas,IC,IPP Non-CHP,2,0.3,0.3,0.3,LFG,DFO,Y,Y,LFG,DFO,,,,,N,, , , , ,,,,,,
56691,Garrison Energy Center LLC,57349,Garrison Energy Center LLC,DE,Kent,CTG1,OP,Natural Gas Fired Combined Cycle,CT,IPP Non-CHP,2,235.0,193,200,NG,DFO,Y,N,,,,,,,Y,Y,193,200,143,150,6H,6H,Y,,Y,
56691,Garrison Energy Center LLC,57349,Garrison Energy Center LLC,DE,Kent,STG2,OP,Natural Gas Fired Combined Cycle,CA,IPP Non-CHP,2,126.0,123,124,NG,DFO,Y,N,,,,,,,Y,Y,123,124,73,74,6H,6H,Y,,Y,
55938,Industrial Power Generating Company LLC,57356,Henrico,VA,Henrico,1,OP,Landfill Gas,IC,IPP Non-CHP,2,0.3,0.3,0.3,LFG,DFO,Y,Y,DFO,LFG,,,,,N,, , , , ,,,,,,
55938,Industrial Power Generating Company LLC,57356,Henrico,VA,Henrico,10,OP,Landfill Gas,IC,IPP Non-CHP,2,0.3,0.3,0.3,LFG,DFO,Y,Y,DFO,LFG,,,,,N,, , , , ,,,,,,
55938,Industrial Power Generating Company LLC,57356,Henrico,VA,Henrico,11,OP,Landfill Gas,IC,IPP Non-CHP,2,0.3,0.3,0.3,LFG,DFO,Y,Y,DFO,LFG,,,,,N,, , , , ,,,,,,
55938,Industrial Power Generating Company LLC,57356,Henrico,VA,Henrico,12,OP,Landfill Gas,IC,IPP Non-CHP,2,0.3,0.3,0.3,LFG,DFO,Y,Y,DFO,LFG,,,,,N,, , , , ,,,,,,
55938,Industrial Power Generating Company LLC,57356,Henrico,VA,Henrico,2,OP,Landfill Gas,IC,IPP Non-CHP,2,0.3,0.3,0.3,LFG,DFO,Y,Y,DFO,LFG,,,,,N,, , , , ,,,,,,
55938,Industrial Power Generating Company LLC,57356,Henrico,VA,Henrico,3,OP,Landfill Gas,IC,IPP Non-CHP,2,0.3,0.3,0.3,LFG,DFO,Y,Y,DFO,LFG,,,,,N,, , , , ,,,,,,
55938,Industrial Power Generating Company LLC,57356,Henrico,VA,Henrico,4,OP,Landfill Gas,IC,IPP Non-CHP,2,0.3,0.3,0.3,LFG,DFO,Y,Y,DFO,LFG,,,,,N,, , , , ,,,,,,
55938,Industrial Power Generating Company LLC,57356,Henrico,VA,Henrico,5,OP,Landfill Gas,IC,IPP Non-CHP,2,0.3,0.3,0.3,LFG,DFO,Y,Y,DFO,LFG,,,,,N,, , , , ,,,,,,
55938,Industrial Power Generating Company LLC,57356,Henrico,VA,Henrico,6,OP,Landfill Gas,IC,IPP Non-CHP,2,0.3,0.3,0.3,LFG,DFO,Y,Y,DFO,LFG,,,,,N,, , , , ,,,,,,
55938,Industrial Power Generating Company LLC,57356,Henrico,VA,Henrico,7,OP,Landfill Gas,IC,IPP Non-CHP,2,0.3,0.3,0.3,LFG,DFO,Y,Y,DFO,LFG,,,,,N,, , , , ,,,,,,
55938,Industrial Power Generating Company LLC,57356,Henrico,VA,Henrico,8,OP,Landfill Gas,IC,IPP Non-CHP,2,0.3,0.3,0.3,LFG,DFO,Y,Y,DFO,LFG,,,,,N,, , , , ,,,,,,
55938,Industrial Power Generating Company LLC,57356,Henrico,VA,Henrico,9,OP,Landfill Gas,IC,IPP Non-CHP,2,0.3,0.3,0.3,LFG,DFO,Y,Y,DFO,LFG,,,,,N,, , , , ,,,,,,
56749,UTS SJ1 LLC,57420,UTS SJ1 LLC,CA,Santa Clara,0001,OP,Other Natural Gas,FC,IPP CHP,3,1.5,1.4,1.4,NG,OBG,Y,Y,NG,OBG,,,,,,, , , , ,,,,,,
13630,North Carolina Mun Power Agny #1,57505,Monroe Generating Station,NC,Union,1,OP,Natural Gas Fired Combustion Turbine,GT,Electric Utility,1,15.0,12,15,NG,DFO,Y,N,,,,,,,Y,Y,12,15,12,15,1H,1H,Y,Y,Y,
13630,North Carolina Mun Power Agny #1,57505,Monroe Generating Station,NC,Union,2,OP,Natural Gas Fired Combustion Turbine,GT,Electric Utility,1,15.0,12,15,NG,DFO,Y,N,,,,,,,Y,Y,12,15,12,15,1H,1H,Y,Y,Y,
56898,Sunnyvale City of WPCP,57557,Sunnyvale City of WPCP,CA,Santa Clara,S-14,OP,Landfill Gas,IC,Electric Utility,1,0.8,0.8,0.8,LFG,OBG,Y,Y,LFG,OBG,NG,,,,N,, , , , ,,,,,,
56898,Sunnyvale City of WPCP,57557,Sunnyvale City of WPCP,CA,Santa Clara,S-15,OP,Landfill Gas,IC,Electric Utility,1,0.8,0.8,0.8,LFG,OBG,Y,Y,LFG,OBG,NG,,,,N,, , , , ,,,,,,
56960,Gastonia City of,57629,Gaston Memorial Hospital,NC,Gaston,GMH1,OP,Petroleum Liquids,IC,Commercial Non-CHP,4,1.8,1.8,1.8,DFO,NG,Y,N,,,,,,,Y,N,1.8,1.8,1.8,1.8,UNK,UNK,N,Y,,
60545,"City of Auburn, New York",57636,Auburn LFG Energy Facility,NY,Cayuga,1,OS,Landfill Gas,IC,IPP Non-CHP,2,1.1,1.1,1.1,LFG,NG,Y,Y,NG,LFG,,,,,N,, , , , ,,,,,,
60545,"City of Auburn, New York",57636,Auburn LFG Energy Facility,NY,Cayuga,3,OS,Landfill Gas,IC,IPP Non-CHP,2,1.1,1.1,1.1,LFG,NG,Y,Y,NG,LFG,,,,,N,, , , , ,,,,,,
56968,Oregon State University,57653,Oregon State University Energy Center,OR,Benton,CTG,OP,Natural Gas Fired Combined Cycle,CT,Commercial CHP,5,5.5,5.2,5.5,NG,DFO,Y,N,NG,DFO,,,,,Y,Y,5.2,5.5,5.2,5.5,1H,1H,N,,,
56991,Astoria Energy II LLC,57664,Astoria Energy II,NY,Queens,CT3,OP,Natural Gas Fired Combined Cycle,CT,IPP Non-CHP,2,200.0,156,188,NG,DFO,Y,N,,,,,,,Y,Y,156,188,156,188,1H,1H,Y,Y,Y,
56991,Astoria Energy II LLC,57664,Astoria Energy II,NY,Queens,CT4,OP,Natural Gas Fired Combined Cycle,CT,IPP Non-CHP,2,200.0,156,188,NG,DFO,Y,N,,,,,,,Y,Y,156,188,156,188,1H,1H,Y,Y,Y,
57032,UTAS Aerostructures,57713,"Rohr Inc, a UTC Aerospace Systems Company",CA,San Diego,151,OP,Natural Gas Internal Combustion Engine,IC,Industrial CHP,7,3.2,3.2,3.2,NG,DFO,Y,Y,NG,DFO,,,,,N,, , , , ,,,,,,
57032,UTAS Aerostructures,57713,"Rohr Inc, a UTC Aerospace Systems Company",CA,San Diego,152,OP,Natural Gas Internal Combustion Engine,IC,Industrial CHP,7,3.2,3.2,3.2,NG,DFO,Y,Y,NG,DFO,,,,,N,, , , , ,,,,,,
57032,UTAS Aerostructures,57713,"Rohr Inc, a UTC Aerospace Systems Company",CA,San Diego,153,OP,Natural Gas Internal Combustion Engine,IC,Industrial CHP,7,3.2,3.2,3.2,NG,DFO,Y,Y,NG,DFO,,,,,N,, , , , ,,,,,,
59936,Georgia-Pacific Consumer Prod. (Camas) LLC,57759,Consumer Products (Camas) LLC,WA,Clark,STG1,OP,Wood/Wood Waste Biomass,ST,Industrial CHP,7,72.3,10,14,BLQ,NG,Y,Y,BLQ,NG,WDS,OBS,,,N,, , , , ,,,,,,
57103,US GSA Heating and Transmission,57788,US GSA Heating and Transmission,DC,District of Columbia,TG1,OP,Natural Gas Fired Combustion Turbine,GT,Commercial CHP,5,5.4,4.5,5,NG,DFO,Y,N,,,,,,,Y,Y,5,5,5,5,1H,6H,Y,,Y,
57103,US GSA Heating and Transmission,57788,US GSA Heating and Transmission,DC,District of Columbia,TG2,OP,Natural Gas Fired Combustion Turbine,GT,Commercial CHP,5,5.4,4.5,5,NG,DFO,Y,N,,,,,,,Y,Y,5,5,5,5,1H,6H,Y,,Y,
57123,Middlebury College Biomass,57804,Middlebury College,VT,Addison,2,OP,Wood/Wood Waste Biomass,ST,Commercial CHP,5,0.6,0.4,0.6,WDS,NG,Y,N,,,,,,,Y,Y,0.4,0.6,0.4,0.6,1H,1H,N,,,
57123,Middlebury College Biomass,57804,Middlebury College,VT,Addison,3,OP,Wood/Wood Waste Biomass,ST,Commercial CHP,5,0.8,0.3,0.8,WDS,NG,Y,N,,,,,,,Y,Y,0.3,0.8,0.3,0.8,1H,1H,N,,,
5065,Equistar Chemicals LP,57884,Lake Charles Polymers,LA,Calcasieu,G-901,OP,Natural Gas Internal Combustion Engine,IC,Industrial Non-CHP,6,8.4,8,8.5,NG,OG,Y,Y,PG,,,,,,N,, , , , ,,,,,,
5065,Equistar Chemicals LP,57884,Lake Charles Polymers,LA,Calcasieu,G-902,OP,Natural Gas Internal Combustion Engine,IC,Industrial Non-CHP,6,8.4,8,8.5,NG,OG,Y,Y,PG,,,,,,N,, , , , ,,,,,,
11770,City of Martinsville - (VA),57893,Martinsville LFG Generator,VA,Henry,LFG1,OP,Landfill Gas,IC,Electric Utility,1,1.1,1,1,LFG,NG,Y,Y,LFG,NG,,,,,N,, , , , ,,,,,,
57281,University of Cincinnati,57908,Central Utility Plant Cincinnati,OH,Hamilton,CTG1,OP,Natural Gas Fired Combined Cycle,CT,Commercial CHP,5,11.9,12.5,12.5,NG,DFO,Y,N,,,,,,,Y,Y,12.5,12.5,12.5,12.5,6H,6H,Y,Y,Y,
57281,University of Cincinnati,57908,Central Utility Plant Cincinnati,OH,Hamilton,CTG2,OP,Natural Gas Fired Combined Cycle,CT,Commercial CHP,5,11.9,12.5,12.5,NG,DFO,Y,N,,,,,,,Y,Y,12.5,12.5,12.5,12.5,6H,6H,Y,Y,Y,
57281,University of Cincinnati,57908,Central Utility Plant Cincinnati,OH,Hamilton,STG,OP,Natural Gas Fired Combined Cycle,CA,Commercial CHP,5,21.5,21.5,21.5,NG,DFO,Y,N,,,,,,,Y,Y,21.5,21.5,8,8,6H,6H,Y,Y,Y,
57296,Sidney Sugars Incorporated,57914,Sidney MT Plant,MT,Richland,1,OP,Conventional Steam Coal,ST,Industrial CHP,7,2.0,2,2,LIG,NG,Y,Y,LIG,NG,,,,,N,, , , , ,,,,,,
57296,Sidney Sugars Incorporated,57914,Sidney MT Plant,MT,Richland,2,OP,Conventional Steam Coal,ST,Industrial CHP,7,2.0,2,2,LIG,NG,Y,Y,LIG,NG,,,,,N,, , , , ,,,,,,
57297,Tronox,57915,Tronox,WY,Sweetwater,1,OP,Conventional Steam Coal,ST,Industrial CHP,7,3.5,3.5,3.5,SUB,NG,Y,Y,SUB,NG,,,,,N,, , , , ,,,,,,
57297,Tronox,57915,Tronox,WY,Sweetwater,2,OP,Conventional Steam Coal,ST,Industrial CHP,7,3.5,3.5,3.5,SUB,NG,Y,Y,SUB,NG,,,,,N,, , , , ,,,,,,
57297,Tronox,57915,Tronox,WY,Sweetwater,3,OP,Conventional Steam Coal,ST,Industrial CHP,7,4.0,4,4,SUB,NG,Y,Y,SUB,NG,,,,,N,, , , , ,,,,,,
57297,Tronox,57915,Tronox,WY,Sweetwater,4,OP,Conventional Steam Coal,ST,Industrial CHP,7,10.0,10,10,SUB,NG,N,Y,SUB,NG,,,,,N,, , , , ,,,,,,
57297,Tronox,57915,Tronox,WY,Sweetwater,5,OP,Conventional Steam Coal,ST,Industrial CHP,7,10.0,11.5,11.5,SUB,NG,N,Y,SUB,NG,,,,,N,, , , , ,,,,,,
57297,Tronox,57915,Tronox,WY,Sweetwater,6,OP,Conventional Steam Coal,ST,Industrial CHP,7,10.0,14.1,14.1,SUB,NG,N,Y,SUB,NG,,,,,N,, , , , ,,,,,,
57302,Sonoco Products Co,57919,Sonoco Products Co,SC,Darlington,2,SB,Natural Gas Steam Turbine,ST,Industrial CHP,7,2.5,2.5,2.5,NG,BIT,N,Y,NG,BIT,WDS,,,,N,, , , , ,,,,,,
57302,Sonoco Products Co,57919,Sonoco Products Co,SC,Darlington,3,OP,Wood/Wood Waste Biomass,ST,Industrial CHP,7,10.0,10,10,WDS,BIT,N,Y,NG,BIT,WDS,,,,N,, , , , ,,,,,,
57302,Sonoco Products Co,57919,Sonoco Products Co,SC,Darlington,4,OP,Conventional Steam Coal,ST,Industrial CHP,7,28.0,28,28,BIT,WDS,N,Y,NG,BIT,WDS,,,,N,, , , , ,,,,,,
57281,University of Cincinnati,57929,East Campus Utility Plant,OH,Hamilton,P008,OP,Petroleum Liquids,IC,Commercial Non-CHP,4,1.5,1.5,1.5,DFO,OBL,Y,Y,DFO,OBL,,,,,N,, , , , ,,,,,,
57281,University of Cincinnati,57929,East Campus Utility Plant,OH,Hamilton,STG,OP,Natural Gas Steam Turbine,ST,Commercial Non-CHP,4,1.3,1.2,1.2,NG,DFO,Y,Y,BIT,WDS,OBS,,,,Y,Y,1,1,1,1,6H,6H,Y,Y,Y,
57332,Roquette America,57953,Roquette America,IA,Lee,ST,OP,Petroleum Coke,ST,Industrial CHP,7,34.4,32,32,PC,BIT,Y,Y,PC,BIT,AB,WDS,,,N,, , , , ,,,,,,
57341,Veolia Energy,57966,Southeast Steam Plant,MN,Hennepin,SSP,OP,Natural Gas Steam Turbine,ST,Commercial CHP,5,13.0,0.1,9,NG,SUB,Y,N,,,,,,,Y,Y,0,10,0,10,6H,6H,Y,,,Y
57400,"Evergreen Community Power, LLC",58023,Evergreen Community Power,PA,Berks,ECP,OP,Wood/Wood Waste Biomass,ST,Industrial CHP,7,33.0,25,25,WDS,NG,Y,Y,OBS,NG,,,,,N,, , , , ,,,,,,
57427,RockTenn-Battle Creek Mill,58052,Battle Creek Mill,MI,Calhoun,1TG,OP,Natural Gas Steam Turbine,ST,Industrial CHP,7,2.0,0.8,1.2,NG,DFO,Y,N,,,,,,,Y,Y,0.5,0.7,0.5,0.7,6H,6H,Y,Y,,
57427,RockTenn-Battle Creek Mill,58052,Battle Creek Mill,MI,Calhoun,2TG,OS,Natural Gas Steam Turbine,ST,Industrial CHP,7,2.0,0.8,1.2,NG,DFO,Y,N,,,,,,,Y,Y,1,1.3,1,1.3,6H,6H,Y,Y,,
57442,"PCA, Filer City Mill",58066,"PCA, Filer City Mill",MI,Manistee,TG2,OP,Natural Gas Steam Turbine,ST,Industrial Non-CHP,6,8.0,8,8,NG,PUR,Y,Y,NG,OBG,,,,,N,, , , , ,,,,,,
57442,"PCA, Filer City Mill",58066,"PCA, Filer City Mill",MI,Manistee,TG3,OP,Natural Gas Steam Turbine,ST,Industrial Non-CHP,6,11.5,11.5,11.5,NG,PUR,Y,Y,NG,OBG,,,,,N,, , , , ,,,,,,
19663,Utah State University,58139,Central Energy Plant USU,UT,Cache,TURBI,OP,Natural Gas Fired Combustion Turbine,GT,Commercial Non-CHP,4,5.0,4.4,4.6,NG,DFO,Y,N,,,,,,,Y,Y,4.4,4.6,4.4,4.6,1H,1H,Y,Y,,
58097,Kent State University,58140,Summit Street Power Plant,OH,Portage,GT-1,OP,Natural Gas Fired Combustion Turbine,GT,Commercial CHP,5,5.7,4.9,5.6,NG,DFO,Y,N,,,,,,,Y,Y,4.9,5.5,4.9,5.5,1H,1H,Y,Y,Y,Y
58113,"Texas A&M, Utilities & Energy Services",58151,Central Utility Plant - Texas A&M,TX,Brazos,STG02,OP,Natural Gas Fired Combined Cycle,CA,Commercial CHP,5,11.0,11,11,NG,DFO,Y,N,,,,,,,Y,Y,11,11,11,11,6H,6H,Y,Y,Y,
58113,"Texas A&M, Utilities & Energy Services",58151,Central Utility Plant - Texas A&M,TX,Brazos,STG04,OP,Natural Gas Fired Combined Cycle,CA,Commercial CHP,5,5.0,5,5,NG,DFO,Y,N,,,,,,,Y,Y,5,5,5,5,6H,6H,Y,Y,Y,
58122,Eastern Maine Medical Center,58153,Eastern Maine Medical Center,ME,Penobscot,COGE,OP,Natural Gas Fired Combustion Turbine,GT,Commercial CHP,5,3.8,3.8,5,NG,DFO,Y,N,,,,,,,Y,Y,3.8,5,3.7,5,1H,1H,Y,Y,Y,
58107,University of Rochester,58157,University of Rochester,NY,Monroe,HP,OP,Natural Gas Steam Turbine,ST,Commercial CHP,5,18.2,17,17,NG,DFO,Y,N,,,,,,,Y,N,16,17,17,17,1H,6H,Y,Y,Y,
58107,University of Rochester,58157,University of Rochester,NY,Monroe,LP,OP,Natural Gas Steam Turbine,ST,Commercial CHP,5,7.2,7.2,7.2,NG,DFO,Y,N,,,,,,,Y,N,7,7,7,7,1H,6H,Y,Y,Y,
58130,University of Connecticut,58159,UCONN Cogen Facility,CT,Tolland,CGT1,OP,Natural Gas Fired Combined Cycle,CT,Commercial CHP,5,6.9,6.4,6.4,NG,DFO,Y,N,,,,,,,Y,Y,6.39,6.39,6.39,6.39,1H,1H,Y,Y,Y,
58130,University of Connecticut,58159,UCONN Cogen Facility,CT,Tolland,CGT2,OP,Natural Gas Fired Combined Cycle,CT,Commercial CHP,5,6.9,6.4,6.4,NG,DFO,Y,N,,,,,,,Y,Y,6.39,6.39,6.39,6.39,1H,1H,Y,Y,Y,
58130,University of Connecticut,58159,UCONN Cogen Facility,CT,Tolland,CGT3,OP,Natural Gas Fired Combined Cycle,CT,Commercial CHP,5,6.9,6.4,6.4,NG,DFO,Y,N,,,,,,,Y,Y,6.39,6.39,6.39,6.39,1H,1H,Y,Y,Y,
58109,President & Trustees of Williams College,58160,Williams College - Campus CHP,MA,Berkshire,GEN2,OP,Natural Gas Steam Turbine,ST,Commercial CHP,5,3.0,3,3,NG,DFO,Y,Y,NG,DFO,,,,,Y,Y,3,3,0,3,1H,1H,Y,Y,Y,
58137,The College of New Jersey,58165,College of New Jersey,NJ,Mercer,COGEN,OP,Natural Gas Internal Combustion Engine,IC,Commercial CHP,5,6.2,4.2,5.6,NG,DFO,Y,N,,,,,,,Y,Y,4.2,5.6,4.1,5.6,1H,1H,Y,,Y,
58099,Emcor Energy Services,58180,UNH 7.9 MW Plant,NH,Strafford,1,OP,Landfill Gas,GT,Commercial CHP,5,7.9,7.9,7.9,LFG,NG,Y,N,,,,,,,Y,Y,7.9,7.9,7.9,7.9,1H,1H,Y,Y,Y,
58156,Rand Whitney Containerboard L.P.,58184,Rand Whitney CHP Plant,CT,New London,TG-1,OP,Natural Gas Fired Combustion Turbine,GT,Industrial CHP,7,14.6,14.6,14.6,NG,DFO,Y,N,,,,,,,Y,Y,14.6,14.6,14.4,14.4,1H,1H,Y,,Y,
58152,Amherst College,58185,Amherst College Co Gen,MA,Hampshire,CTG,OP,Natural Gas Fired Combustion Turbine,GT,Commercial CHP,5,1.2,1.2,1.2,NG,DFO,Y,N,,,,,,,Y,Y,1.2,1.2,1.2,1.2,1H,1H,Y,,Y,
58152,Amherst College,58185,Amherst College Co Gen,MA,Hampshire,STG,OP,Natural Gas Steam Turbine,ST,Commercial CHP,5,0.5,0.5,0.5,NG,RFO,Y,N,,,,,,,Y,N,0.5,0.5,0.5,0.5,1H,1H,Y,,Y,
58153,US Magnesium,58191,US Magnesium,UT,Tooele,GT1,OP,Natural Gas Fired Combustion Turbine,GT,Industrial CHP,7,16.0,10,13,NG,DFO,Y,Y,NG,DFO,,,,,Y,Y,11,13,11,12,6H,1H,N,,,
58153,US Magnesium,58191,US Magnesium,UT,Tooele,GT2,OP,Natural Gas Fired Combustion Turbine,GT,Industrial CHP,7,16.0,10,13,NG,DFO,Y,Y,NG,DFO,,,,,Y,Y,11,13,11,12,6H,1H,N,,,
58153,US Magnesium,58191,US Magnesium,UT,Tooele,GT3,OP,Natural Gas Fired Combustion Turbine,GT,Industrial CHP,7,16.0,10,13,NG,DFO,Y,Y,NG,DFO,,,,,Y,Y,11,13,11,12,6H,1H,N,,,
58159,Penn State University,58195,East Campus Steam Plant,PA,Centre,CT1,OP,Natural Gas Fired Combustion Turbine,GT,Commercial CHP,5,7.0,6.9,8.4,NG,DFO,Y,N,,,,,,,Y,Y,5.51,8.37,4.5,7.8,1H,1H,Y,,Y,
58171,University of California-San Francisco,58198,Parnassus Central Utility Plant,CA,San Francisco,GTG1,OP,Natural Gas Fired Combined Cycle,CT,Commercial CHP,5,4.8,5.2,5.2,NG,DFO,Y,Y,DFO,NG,,,,,Y,Y,5.2,5.2,5.2,5.2,1H,1H,N,,,
58171,University of California-San Francisco,58198,Parnassus Central Utility Plant,CA,San Francisco,GTG2,OP,Natural Gas Fired Combined Cycle,CT,Commercial CHP,5,4.8,5.5,5.5,NG,DFO,Y,Y,DFO,NG,,,,,Y,Y,5.5,5.5,5.5,5.5,1H,1H,N,,,
58171,University of California-San Francisco,58198,Parnassus Central Utility Plant,CA,San Francisco,STG1,OP,Natural Gas Fired Combined Cycle,CA,Commercial CHP,5,3.8,1.8,1.8,NG,DFO,Y,Y,DFO,NG,,,,,Y,Y,1.75,1.75,1.75,1.75,1H,1H,N,,,
58176,Veolia Energy Kansas City,58205,Grand Ave Plant,MO,Jackson,1,OP,Natural Gas Steam Turbine,ST,IPP CHP,3,5.0,4.8,4.8,NG,BIT,Y,Y,BIT,NG,,,,,N,, , , , ,,,,,,
58178,GSA Metropolitan Service Center,58207,Central Utility Plant at White Oak,MD,Montgomery,G1,OP,Natural Gas Internal Combustion Engine,IC,Commercial CHP,5,5.7,5.6,5.6,NG,DFO,Y,N,,,,,,,Y,Y,5,5,5.6,5.6,1H,1H,Y,Y,Y,
58178,GSA Metropolitan Service Center,58207,Central Utility Plant at White Oak,MD,Montgomery,G7,OP,Natural Gas Fired Combined Cycle,CT,Commercial CHP,5,7.5,7.5,7.5,NG,DFO,Y,N,,,,,,,Y,Y,7.5,7.5,7.5,7.5,1H,1H,Y,Y,Y,
58178,GSA Metropolitan Service Center,58207,Central Utility Plant at White Oak,MD,Montgomery,G8,OP,Natural Gas Fired Combined Cycle,CT,Commercial CHP,5,7.5,7.5,7.5,NG,DFO,Y,N,,,,,,,Y,Y,7.5,7.5,7.5,7.5,1H,1H,Y,Y,Y,
58179,Cinnamon Bay LLC,58208,Cinnamon Bay Edgeboro Landfill,NJ,Middlesex,1,OP,Landfill Gas,IC,IPP Non-CHP,2,9.6,9.1,9.1,LFG,NG,Y,Y,LFG,NG,,,,,N,, , , , ,,,,,,
3046,Duke Energy Progress - (NC),58215,Lee Combined Cycle Plant,NC,Wayne,1A,OP,Natural Gas Fired Combined Cycle,CT,Electric Utility,1,180.0,170,223,NG,DFO,Y,N,,,,,,,Y,Y,170,223,170,223,6H,6H,Y,Y,Y,
3046,Duke Energy Progress - (NC),58215,Lee Combined Cycle Plant,NC,Wayne,1B,OP,Natural Gas Fired Combined Cycle,CT,Electric Utility,1,180.0,170,222,NG,DFO,Y,N,,,,,,,Y,Y,170,222,170,222,6H,6H,Y,Y,Y,
3046,Duke Energy Progress - (NC),58215,Lee Combined Cycle Plant,NC,Wayne,1C,OP,Natural Gas Fired Combined Cycle,CT,Electric Utility,1,180.0,170,223,NG,DFO,Y,N,,,,,,,Y,Y,170,223,170,223,6H,6H,Y,Y,Y,
3046,Duke Energy Progress - (NC),58215,Lee Combined Cycle Plant,NC,Wayne,ST1,OP,Natural Gas Fired Combined Cycle,CA,Electric Utility,1,380.0,378,379,NG,DFO,Y,N,,,,,,,Y,Y,378,379,378,379,6H,6H,Y,Y,Y,
58240,COT/Division of Water Reclamation,58263,Bay View Cogeneration Facility,OH,Lucas,GTG,OS,Landfill Gas,GT,Electric Utility,1,5.5,4.4,5,LFG,OBG,Y,Y,LFG,OBG,NG,,,,N,, , , , ,,,,,,
58240,COT/Division of Water Reclamation,58263,Bay View Cogeneration Facility,OH,Lucas,STG,OS,Landfill Gas,ST,Electric Utility,1,6.5,4,5,LFG,OBG,Y,Y,LFG,OBG,NG,,,,N,, , , , ,,,,,,
56205,Philadelphia Water Department,58326,PWD Northeast WPCP Biogas Cogen Plant,PA,Philadelphia,NBG1,OP,Other Waste Biomass,IC,Commercial Non-CHP,4,1.4,1.4,1.4,OBG,NG,Y,Y,OBG,NG,,,,,N,, , , , ,,,,,,
56205,Philadelphia Water Department,58326,PWD Northeast WPCP Biogas Cogen Plant,PA,Philadelphia,NBG2,OP,Other Waste Biomass,IC,Commercial Non-CHP,4,1.4,1.4,1.4,OBG,NG,Y,Y,OBG,NG,,,,,N,, , , , ,,,,,,
56205,Philadelphia Water Department,58326,PWD Northeast WPCP Biogas Cogen Plant,PA,Philadelphia,NBG3,OP,Other Waste Biomass,IC,Commercial Non-CHP,4,1.4,1.4,1.4,OBG,NG,Y,Y,OBG,NG,,,,,N,, , , , ,,,,,,
56205,Philadelphia Water Department,58326,PWD Northeast WPCP Biogas Cogen Plant,PA,Philadelphia,NBG4,OP,Other Waste Biomass,IC,Commercial Non-CHP,4,1.4,1.4,1.4,OBG,NG,Y,Y,OBG,NG,,,,,N,, , , , ,,,,,,
58368,"Doyon Utilities, LLC",58380,JBER Landfill Gas Power Plant,AK,Anchorage,1,OP,Landfill Gas,IC,Commercial Non-CHP,4,2.3,1.4,1.4,LFG,NG,Y,Y,NG,LFG,,,,,N,, , , , ,,,,,,
58368,"Doyon Utilities, LLC",58380,JBER Landfill Gas Power Plant,AK,Anchorage,2,OP,Landfill Gas,IC,Commercial Non-CHP,4,2.3,1.4,1.4,LFG,NG,Y,Y,NG,LFG,,,,,N,, , , , ,,,,,,
58368,"Doyon Utilities, LLC",58380,JBER Landfill Gas Power Plant,AK,Anchorage,3,OP,Landfill Gas,IC,Commercial Non-CHP,4,2.3,1.4,1.4,LFG,NG,Y,Y,NG,LFG,,,,,N,, , , , ,,,,,,
58368,"Doyon Utilities, LLC",58380,JBER Landfill Gas Power Plant,AK,Anchorage,4,OP,Landfill Gas,IC,Commercial Non-CHP,4,2.3,1.4,1.4,LFG,NG,Y,Y,NG,LFG,,,,,N,, , , , ,,,,,,
58368,"Doyon Utilities, LLC",58380,JBER Landfill Gas Power Plant,AK,Anchorage,5,OP,Landfill Gas,IC,Commercial Non-CHP,4,2.3,1.4,1.4,LFG,NG,Y,Y,NG,LFG,,,,,N,, , , , ,,,,,,
58460,Buena Vista Biomass LLC,58472,Buena Vista Biomass Power,CA,Amador,1,OP,Wood/Wood Waste Biomass,ST,IPP Non-CHP,2,22.5,17.8,17.8,WDS,NG,Y,Y,WDS,NG,,,,,N,, , , , ,,,,,,
58487,Montefiore Medical Center Moses Division,58507,Montefieor Medical Center Moses Division,NY,Bronx,ES006,OP,Natural Gas Fired Combustion Turbine,GT,Commercial CHP,5,5.3,4.8,4.8,NG,DFO,Y,,,,,,,,Y,Y,3.5,3.5,3.5,3.5,6H,6H,N,,,
58487,Montefiore Medical Center Moses Division,58507,Montefieor Medical Center Moses Division,NY,Bronx,S0001,OP,Natural Gas Internal Combustion Engine,IC,Commercial CHP,5,1.6,1.2,1.2,NG,DFO,Y,,,,,,,,Y,Y,1.2,1.2,1.2,1.2,6H,6H,N,,,
58487,Montefiore Medical Center Moses Division,58507,Montefieor Medical Center Moses Division,NY,Bronx,S0002,OP,Natural Gas Internal Combustion Engine,IC,Commercial CHP,5,1.6,1.2,1.2,NG,,Y,,,,,,,,Y,Y,1.2,1.2,1.2,1.2,6H,6H,N,,,
58487,Montefiore Medical Center Moses Division,58507,Montefieor Medical Center Moses Division,NY,Bronx,S0003,OP,Natural Gas Internal Combustion Engine,IC,Commercial CHP,5,1.6,1.2,1.2,NG,DFO,Y,,,,,,,,Y,Y,1.2,1.2,1.2,1.2,6H,6H,N,,,
58500,City of Hayward,58525,City of Hayward WWTP,CA,Alameda,COGEN,OP,Other Waste Biomass,IC,IPP CHP,3,1.1,1.1,1.1,OBG,NG,Y,Y,OBG,NG,,,,,N,, , , , ,,,,,,
58542,Trustees of Princeton University,58584,Princeton University Cogeneration,NJ,Mercer,GT1,OP,Natural Gas Fired Combustion Turbine,GT,Commercial CHP,5,15.5,15.5,15.5,NG,DFO,Y,N,,,,,,,Y,Y,15.5,15.5,15.5,15.5,1H,1H,Y,Y,Y,
58548,State of CA DGS BPM,58593,DGS Central Utility Plant,CA,Sacramento,STG,SB,Natural Gas Steam Turbine,ST,Commercial CHP,5,2.9,2.9,2.9,NG,DFO,Y,Y,NG,DFO,,,,,Y,N,2.9,2.9,2.9,2.9,6H,6H,Y,,Y,
58566,Abengoa Bioenergy Biomass of Kansas,58613,Synata Hugoton,KS,Stevens,STG,OS,Natural Gas Steam Turbine,ST,Industrial CHP,7,21.9,6,6,NG,AB,Y,Y,NG,AB,OBL,,,,N,, , , , ,,,,,,
3046,Duke Energy Progress - (NC),58697,L V Sutton Combined Cycle,NC,New Hanover,CA1,OP,Natural Gas Fired Combined Cycle,CA,Electric Utility,1,288.0,266,267,NG,DFO,Y,N,,,,,,,Y,Y,266,267,266,267,UNK,UNK,Y,Y,,
3046,Duke Energy Progress - (NC),58697,L V Sutton Combined Cycle,NC,New Hanover,CT1,OP,Natural Gas Fired Combined Cycle,CT,Electric Utility,1,221.0,170,225,NG,DFO,Y,N,,,,,,,Y,Y,170,225,170,225,6H,6H,Y,Y,,
3046,Duke Energy Progress - (NC),58697,L V Sutton Combined Cycle,NC,New Hanover,CT2,OP,Natural Gas Fired Combined Cycle,CT,Electric Utility,1,221.0,171,225,NG,DFO,Y,N,,,,,,,Y,Y,171,225,171,225,6H,6H,Y,Y,,
58789,DOD USMC Marine Air Ground Combat,58914,MCAGCC Cogen Plant,CA,San Bernardino,CG1,OP,Natural Gas Fired Combustion Turbine,GT,IPP CHP,3,7.2,7,7,NG,DFO,Y,N,,,,,,,Y,N,7,7.1,6.2,6.3,1H,1H,Y,,Y,
2265,Bristol-Myers Squibb Co,58947,Bristol Myers Squibb Lawrenceville,NJ,Mercer,TG101,OP,Natural Gas Fired Combustion Turbine,GT,IPP Non-CHP,2,4.4,4,4.4,NG,DFO,Y,N,,,,,,,Y,Y,4,4.4,3.8,4,1H,1H,Y,Y,Y,
11824,Matanuska Electric Assn Inc,58989,Eklutna Generation Station,AK,Anchorage,EGS01,OP,Natural Gas Internal Combustion Engine,IC,Electric Utility,1,17.1,16.5,16.5,NG,DFO,Y,N,,,,,,,Y,Y,16.5,16.5,16.5,16.5,1H,1H,Y,,Y,
11824,Matanuska Electric Assn Inc,58989,Eklutna Generation Station,AK,Anchorage,EGS02,OP,Natural Gas Internal Combustion Engine,IC,Electric Utility,1,17.1,16.5,16.5,NG,DFO,Y,N,,,,,,,Y,Y,16.5,16.5,16.5,16.5,1H,1H,Y,,Y,
11824,Matanuska Electric Assn Inc,58989,Eklutna Generation Station,AK,Anchorage,EGS03,OP,Natural Gas Internal Combustion Engine,IC,Electric Utility,1,17.1,16.5,16.5,NG,DFO,Y,N,,,,,,,Y,Y,16.5,16.5,16.5,16.5,1H,1H,Y,,Y,
11824,Matanuska Electric Assn Inc,58989,Eklutna Generation Station,AK,Anchorage,EGS04,OP,Natural Gas Internal Combustion Engine,IC,Electric Utility,1,17.1,16.5,16.5,NG,DFO,Y,N,,,,,,,Y,Y,16.5,16.5,16.5,16.5,1H,1H,Y,,Y,
11824,Matanuska Electric Assn Inc,58989,Eklutna Generation Station,AK,Anchorage,EGS05,OP,Natural Gas Internal Combustion Engine,IC,Electric Utility,1,17.1,16.5,16.5,NG,DFO,Y,N,,,,,,,Y,Y,16.5,16.5,16.5,16.5,1H,1H,Y,,Y,
11824,Matanuska Electric Assn Inc,58989,Eklutna Generation Station,AK,Anchorage,EGS06,OP,Natural Gas Internal Combustion Engine,IC,Electric Utility,1,17.1,16.5,16.5,NG,DFO,Y,N,,,,,,,Y,Y,16.5,16.5,16.5,16.5,1H,1H,Y,,Y,
11824,Matanuska Electric Assn Inc,58989,Eklutna Generation Station,AK,Anchorage,EGS07,OP,Natural Gas Internal Combustion Engine,IC,Electric Utility,1,17.1,16.5,16.5,NG,DFO,Y,N,,,,,,,Y,Y,16.5,16.5,16.5,16.5,1H,1H,Y,,Y,
11824,Matanuska Electric Assn Inc,58989,Eklutna Generation Station,AK,Anchorage,EGS08,OP,Natural Gas Internal Combustion Engine,IC,Electric Utility,1,17.1,16.5,16.5,NG,DFO,Y,N,,,,,,,Y,Y,16.5,16.5,16.5,16.5,1H,1H,Y,,Y,
11824,Matanuska Electric Assn Inc,58989,Eklutna Generation Station,AK,Anchorage,EGS09,OP,Natural Gas Internal Combustion Engine,IC,Electric Utility,1,17.1,16.5,16.5,NG,DFO,Y,N,,,,,,,Y,Y,16.5,16.5,16.5,16.5,1H,1H,Y,,Y,
11824,Matanuska Electric Assn Inc,58989,Eklutna Generation Station,AK,Anchorage,EGS10,OP,Natural Gas Internal Combustion Engine,IC,Electric Utility,1,17.1,16.5,16.5,NG,DFO,Y,N,,,,,,,Y,Y,16.5,16.5,16.5,16.5,1H,1H,Y,,Y,
58862,DC Water,59012,DC Water CHP,DC,District of Columbia,TURB1,OP,Other Waste Biomass,GT,IPP CHP,3,4.7,4,4,OBG,NG,Y,Y,NG,OG,,,,,,, , , , ,,,,,,
58862,DC Water,59012,DC Water CHP,DC,District of Columbia,TURB2,OP,Other Waste Biomass,GT,IPP CHP,3,4.7,4,4,OBG,NG,Y,Y,NG,OG,,,,,,, , , , ,,,,,,
58862,DC Water,59012,DC Water CHP,DC,District of Columbia,TURB3,OP,Other Waste Biomass,GT,IPP CHP,3,4.7,4,4,OBG,NG,Y,Y,NG,OG,,,,,,, , , , ,,,,,,
59173,City of Tulare Water Pollution Control,59395,City of Tulare Water Facility,CA,Tulare,C2550,OP,Other Waste Biomass,IC,Commercial CHP,5,0.5,0.4,0.4,OBG,NG,Y,Y,OBG,NG,,,,,N,, , , , ,,,,,,
59173,City of Tulare Water Pollution Control,59395,City of Tulare Water Facility,CA,Tulare,DFC30,OP,Other Waste Biomass,FC,Commercial CHP,5,1.4,1.1,1.1,OBG,NG,Y,Y,OBG,NG,,,,,N,, , , , ,,,,,,
59251,Brigham Young Univ Idaho,59496,BYUI Central Energy Facility,ID,Madison,ST601,OP,Natural Gas Fired Combustion Turbine,GT,Commercial CHP,5,5.6,4.6,5.2,NG,DFO,Y,N,,,,,,,Y,Y,4.6,5.3,4.7,5.3,1H,1H,Y,Y,Y,
20392,City of West Plains - (MO),59664,City of West Plains Power Station,MO,Howell,UNIT1,SB,Natural Gas Fired Combustion Turbine,GT,Electric Utility,1,25.6,21,24.5,NG,DFO,Y,Y,NG,DFO,,,,,Y,Y,21,24.5,21,24.5,1H,1H,Y,Y,,
20392,City of West Plains - (MO),59664,City of West Plains Power Station,MO,Howell,UNIT2,SB,Natural Gas Fired Combustion Turbine,GT,Electric Utility,1,21.8,21,24.5,NG,DFO,Y,Y,NG,DFO,,,,,Y,Y,21,24.5,21,24.5,1H,1H,Y,Y,,
59452,"Ingenco Renewable Development, LLC",59688,Wake County LFG Facility,NC,Wake,E1,OP,Landfill Gas,IC,IPP Non-CHP,2,0.3,0.3,0.3,LFG,DFO,Y,Y,LFG,DFO,,,,,N,, , , , ,,,,,,
59452,"Ingenco Renewable Development, LLC",59688,Wake County LFG Facility,NC,Wake,E10,OP,Landfill Gas,IC,IPP Non-CHP,2,0.3,0.3,0.3,LFG,DFO,Y,Y,DFO,LFG,,,,,N,, , , , ,,,,,,
59452,"Ingenco Renewable Development, LLC",59688,Wake County LFG Facility,NC,Wake,E11,OP,Landfill Gas,IC,IPP Non-CHP,2,0.3,0.3,0.3,LFG,DFO,Y,Y,DFO,LFG,,,,,N,, , , , ,,,,,,
59452,"Ingenco Renewable Development, LLC",59688,Wake County LFG Facility,NC,Wake,E12,OP,Landfill Gas,IC,IPP Non-CHP,2,0.3,0.3,0.3,LFG,DFO,Y,Y,DFO,LFG,,,,,N,, , , , ,,,,,,
59452,"Ingenco Renewable Development, LLC",59688,Wake County LFG Facility,NC,Wake,E13,OP,Landfill Gas,IC,IPP Non-CHP,2,0.3,0.3,0.3,LFG,DFO,Y,Y,DFO,LFG,,,,,N,, , , , ,,,,,,
59452,"Ingenco Renewable Development, LLC",59688,Wake County LFG Facility,NC,Wake,E14,OP,Landfill Gas,IC,IPP Non-CHP,2,0.3,0.3,0.3,LFG,DFO,Y,Y,DFO,LFG,,,,,N,, , , , ,,,,,,
59452,"Ingenco Renewable Development, LLC",59688,Wake County LFG Facility,NC,Wake,E15,OP,Landfill Gas,IC,IPP Non-CHP,2,0.3,0.3,0.3,LFG,DFO,Y,Y,DFO,LFG,,,,,N,, , , , ,,,,,,
59452,"Ingenco Renewable Development, LLC",59688,Wake County LFG Facility,NC,Wake,E16,OP,Landfill Gas,IC,IPP Non-CHP,2,0.3,0.3,0.3,LFG,DFO,Y,Y,DFO,LFG,,,,,N,, , , , ,,,,,,
59452,"Ingenco Renewable Development, LLC",59688,Wake County LFG Facility,NC,Wake,E17,OP,Landfill Gas,IC,IPP Non-CHP,2,0.3,0.3,0.3,LFG,DFO,Y,Y,DFO,LFG,,,,,N,, , , , ,,,,,,
59452,"Ingenco Renewable Development, LLC",59688,Wake County LFG Facility,NC,Wake,E18,OP,Landfill Gas,IC,IPP Non-CHP,2,0.3,0.3,0.3,LFG,DFO,Y,Y,DFO,LFG,,,,,N,, , , , ,,,,,,
59452,"Ingenco Renewable Development, LLC",59688,Wake County LFG Facility,NC,Wake,E19,OP,Landfill Gas,IC,IPP Non-CHP,2,0.3,0.3,0.3,LFG,DFO,Y,Y,DFO,LFG,,,,,N,, , , , ,,,,,,
59452,"Ingenco Renewable Development, LLC",59688,Wake County LFG Facility,NC,Wake,E2,OP,Landfill Gas,IC,IPP Non-CHP,2,0.3,0.3,0.3,LFG,DFO,Y,Y,DFO,LFG,,,,,N,, , , , ,,,,,,
59452,"Ingenco Renewable Development, LLC",59688,Wake County LFG Facility,NC,Wake,E20,OP,Landfill Gas,IC,IPP Non-CHP,2,0.3,0.3,0.3,LFG,DFO,Y,Y,DFO,LFG,,,,,N,, , , , ,,,,,,
59452,"Ingenco Renewable Development, LLC",59688,Wake County LFG Facility,NC,Wake,E21,OP,Landfill Gas,IC,IPP Non-CHP,2,0.3,0.3,0.3,LFG,DFO,Y,Y,DFO,LFG,,,,,,, , , , ,,,,,,
59452,"Ingenco Renewable Development, LLC",59688,Wake County LFG Facility,NC,Wake,E22,OP,Landfill Gas,IC,IPP Non-CHP,2,0.3,0.3,0.3,LFG,DFO,Y,Y,DFO,LFG,,,,,,, , , , ,,,,,,
59452,"Ingenco Renewable Development, LLC",59688,Wake County LFG Facility,NC,Wake,E23,OP,Landfill Gas,IC,IPP Non-CHP,2,0.3,0.3,0.3,LFG,DFO,Y,Y,DFO,LFG,,,,,,, , , , ,,,,,,
59452,"Ingenco Renewable Development, LLC",59688,Wake County LFG Facility,NC,Wake,E24,OP,Landfill Gas,IC,IPP Non-CHP,2,0.3,0.3,0.3,LFG,DFO,Y,Y,DFO,LFG,,,,,,, , , , ,,,,,,
59452,"Ingenco Renewable Development, LLC",59688,Wake County LFG Facility,NC,Wake,E3,OP,Landfill Gas,IC,IPP Non-CHP,2,0.3,0.3,0.3,LFG,DFO,Y,Y,DFO,LFG,,,,,N,, , , , ,,,,,,
59452,"Ingenco Renewable Development, LLC",59688,Wake County LFG Facility,NC,Wake,E4,OP,Landfill Gas,IC,IPP Non-CHP,2,0.3,0.3,0.3,LFG,DFO,Y,Y,DFO,LFG,,,,,N,, , , , ,,,,,,
59452,"Ingenco Renewable Development, LLC",59688,Wake County LFG Facility,NC,Wake,E5,OP,Landfill Gas,IC,IPP Non-CHP,2,0.3,0.3,0.3,LFG,DFO,Y,Y,DFO,LFG,,,,,N,, , , , ,,,,,,
59452,"Ingenco Renewable Development, LLC",59688,Wake County LFG Facility,NC,Wake,E6,OP,Landfill Gas,IC,IPP Non-CHP,2,0.3,0.3,0.3,LFG,DFO,Y,Y,DFO,LFG,,,,,N,, , , , ,,,,,,
59452,"Ingenco Renewable Development, LLC",59688,Wake County LFG Facility,NC,Wake,E7,OP,Landfill Gas,IC,IPP Non-CHP,2,0.3,0.3,0.3,LFG,DFO,Y,Y,DFO,LFG,,,,,N,, , , , ,,,,,,
59452,"Ingenco Renewable Development, LLC",59688,Wake County LFG Facility,NC,Wake,E8,OP,Landfill Gas,IC,IPP Non-CHP,2,0.3,0.3,0.3,LFG,DFO,Y,Y,DFO,LFG,,,,,N,, , , , ,,,,,,
59452,"Ingenco Renewable Development, LLC",59688,Wake County LFG Facility,NC,Wake,E9,OP,Landfill Gas,IC,IPP Non-CHP,2,0.3,0.3,0.3,LFG,DFO,Y,Y,DFO,LFG,,,,,N,, , , , ,,,,,,
58303,Energy Systems Group LLC,59809,Mountain Home Energy Center,TN,Washington,GEN1,OP,Natural Gas Internal Combustion Engine,IC,IPP Non-CHP,2,3.2,3.2,3.2,NG,DFO,Y,Y,NG,LFG,DFO,,,,Y,Y,3.2,3.2,3.2,3.2,1H,1H,Y,,Y,
59452,"Ingenco Renewable Development, LLC",59845,New River,VA,Pulaski,E1,OP,Landfill Gas,IC,IPP Non-CHP,2,0.3,0.3,0.3,LFG,DFO,Y,Y,DFO,LFG,,,,,,, , , , ,,,,,,
59452,"Ingenco Renewable Development, LLC",59845,New River,VA,Pulaski,E10,OP,Landfill Gas,IC,IPP Non-CHP,2,0.3,0.3,0.3,LFG,DFO,Y,Y,DFO,LFG,,,,,,, , , , ,,,,,,
59452,"Ingenco Renewable Development, LLC",59845,New River,VA,Pulaski,E11,OP,Landfill Gas,IC,IPP Non-CHP,2,0.3,0.3,0.3,LFG,DFO,Y,Y,DFO,LFG,,,,,,, , , , ,,,,,,
59452,"Ingenco Renewable Development, LLC",59845,New River,VA,Pulaski,E12,OP,Landfill Gas,IC,IPP Non-CHP,2,0.3,0.3,0.3,LFG,DFO,Y,Y,DFO,LFG,,,,,,, , , , ,,,,,,
59452,"Ingenco Renewable Development, LLC",59845,New River,VA,Pulaski,E13,OP,Landfill Gas,IC,IPP Non-CHP,2,0.3,0.3,0.3,LFG,DFO,Y,Y,DFO,LFG,,,,,,, , , , ,,,,,,
59452,"Ingenco Renewable Development, LLC",59845,New River,VA,Pulaski,E14,OP,Landfill Gas,IC,IPP Non-CHP,2,0.3,0.3,0.3,LFG,DFO,Y,Y,DFO,LFG,,,,,,, , , , ,,,,,,
59452,"Ingenco Renewable Development, LLC",59845,New River,VA,Pulaski,E15,OP,Landfill Gas,IC,IPP Non-CHP,2,0.3,0.3,0.3,LFG,DFO,Y,Y,DFO,LFG,,,,,,, , , , ,,,,,,
59452,"Ingenco Renewable Development, LLC",59845,New River,VA,Pulaski,E16,OP,Landfill Gas,IC,IPP Non-CHP,2,0.3,0.3,0.3,LFG,DFO,Y,Y,DFO,LFG,,,,,,, , , , ,,,,,,
59452,"Ingenco Renewable Development, LLC",59845,New River,VA,Pulaski,E17,OP,Landfill Gas,IC,IPP Non-CHP,2,0.3,0.3,0.3,LFG,DFO,Y,Y,DFO,LFG,,,,,,, , , , ,,,,,,
59452,"Ingenco Renewable Development, LLC",59845,New River,VA,Pulaski,E18,OP,Landfill Gas,IC,IPP Non-CHP,2,0.3,0.3,0.3,LFG,DFO,Y,Y,DFO,LFG,,,,,,, , , , ,,,,,,
59452,"Ingenco Renewable Development, LLC",59845,New River,VA,Pulaski,E2,OP,Landfill Gas,IC,IPP Non-CHP,2,0.3,0.3,0.3,LFG,DFO,Y,Y,DFO,LFG,,,,,,, , , , ,,,,,,
59452,"Ingenco Renewable Development, LLC",59845,New River,VA,Pulaski,E3,OP,Landfill Gas,IC,IPP Non-CHP,2,0.3,0.3,0.3,LFG,DFO,Y,Y,DFO,LFG,,,,,,, , , , ,,,,,,
59452,"Ingenco Renewable Development, LLC",59845,New River,VA,Pulaski,E4,OP,Landfill Gas,IC,IPP Non-CHP,2,0.3,0.3,0.3,LFG,DFO,Y,Y,DFO,LFG,,,,,,, , , , ,,,,,,
59452,"Ingenco Renewable Development, LLC",59845,New River,VA,Pulaski,E5,OP,Landfill Gas,IC,IPP Non-CHP,2,0.3,0.3,0.3,LFG,DFO,Y,Y,DFO,LFG,,,,,,, , , , ,,,,,,
59452,"Ingenco Renewable Development, LLC",59845,New River,VA,Pulaski,E6,OP,Landfill Gas,IC,IPP Non-CHP,2,0.3,0.3,0.3,LFG,DFO,Y,Y,DFO,LFG,,,,,,, , , , ,,,,,,
59452,"Ingenco Renewable Development, LLC",59845,New River,VA,Pulaski,E7,OP,Landfill Gas,IC,IPP Non-CHP,2,0.3,0.3,0.3,LFG,DFO,Y,Y,DFO,LFG,,,,,,, , , , ,,,,,,
59452,"Ingenco Renewable Development, LLC",59845,New River,VA,Pulaski,E8,OP,Landfill Gas,IC,IPP Non-CHP,2,0.3,0.3,0.3,LFG,DFO,Y,Y,DFO,LFG,,,,,,, , , , ,,,,,,
59452,"Ingenco Renewable Development, LLC",59845,New River,VA,Pulaski,E9,OP,Landfill Gas,IC,IPP Non-CHP,2,0.3,0.3,0.3,LFG,DFO,Y,Y,DFO,LFG,,,,,,, , , , ,,,,,,
59833,PCA-Valdosta Mill,60084,PCA-Valdosta Mill,GA,Lowndes,TG1,OP,Wood/Wood Waste Biomass,ST,Industrial CHP,7,10.1,10.1,10.1,WDS,NG,Y,Y,WDS,NG,RFO,OBL,,,Y,N,10.1,10.1,10.1,10.1,1H,1H,Y,,,Y
59833,PCA-Valdosta Mill,60084,PCA-Valdosta Mill,GA,Lowndes,TG2,OP,Wood/Wood Waste Biomass,ST,Industrial CHP,7,7.5,7.5,7.5,WDS,NG,Y,Y,WDS,NG,RFO,OBL,,,Y,N,7.5,7.5,7.5,7.5,1H,1H,Y,,,Y
59833,PCA-Valdosta Mill,60084,PCA-Valdosta Mill,GA,Lowndes,TG3,OP,Wood/Wood Waste Biomass,ST,Industrial CHP,7,52.3,52.3,52.3,BLQ,NG,Y,Y,BLQ,NG,,,,,N,, , , , ,,,,,,
59849,Dinuba Energy,60100,Dinuba Energy,CA,Tulare,G-1,SB,Wood/Wood Waste Biomass,ST,IPP Non-CHP,2,11.5,11.5,11.5,WDS,AB,Y,Y,WDS,AB,NG,,,,N,, , , , ,,,,,,
59452,"Ingenco Renewable Development, LLC",60222,Bristol Plant,VA,Bristol City,A1,OP,Landfill Gas,IC,IPP Non-CHP,2,0.3,0.3,0.3,LFG,DFO,Y,Y,DFO,LFG,,,,,N,, , , , ,,,,,,
59452,"Ingenco Renewable Development, LLC",60222,Bristol Plant,VA,Bristol City,A2,OP,Landfill Gas,IC,IPP Non-CHP,2,0.3,0.3,0.3,LFG,DFO,Y,Y,DFO,LFG,,,,,N,, , , , ,,,,,,
59452,"Ingenco Renewable Development, LLC",60222,Bristol Plant,VA,Bristol City,A3,OP,Landfill Gas,IC,IPP Non-CHP,2,0.3,0.3,0.3,LFG,DFO,Y,Y,DFO,LFG,,,,,N,, , , , ,,,,,,
59452,"Ingenco Renewable Development, LLC",60222,Bristol Plant,VA,Bristol City,A4,OP,Landfill Gas,IC,IPP Non-CHP,2,0.3,0.3,0.3,LFG,DFO,Y,Y,LFG,,,,,,N,, , , , ,,,,,,
59452,"Ingenco Renewable Development, LLC",60222,Bristol Plant,VA,Bristol City,A5,OP,Landfill Gas,IC,IPP Non-CHP,2,0.3,0.3,0.3,LFG,DFO,Y,Y,DFO,LFG,,,,,N,, , , , ,,,,,,
59452,"Ingenco Renewable Development, LLC",60222,Bristol Plant,VA,Bristol City,A6,OP,Landfill Gas,IC,IPP Non-CHP,2,0.3,0.3,0.3,LFG,DFO,Y,Y,DFO,LFG,,,,,N,, , , , ,,,,,,
59452,"Ingenco Renewable Development, LLC",60222,Bristol Plant,VA,Bristol City,B1,OP,Landfill Gas,IC,IPP Non-CHP,2,0.3,0.3,0.3,LFG,DFO,Y,Y,DFO,LFG,,,,,N,, , , , ,,,,,,
59452,"Ingenco Renewable Development, LLC",60222,Bristol Plant,VA,Bristol City,B2,OP,Landfill Gas,IC,IPP Non-CHP,2,0.3,0.3,0.3,LFG,DFO,Y,Y,DFO,LFG,,,,,N,, , , , ,,,,,,
59452,"Ingenco Renewable Development, LLC",60222,Bristol Plant,VA,Bristol City,B3,OP,Landfill Gas,IC,IPP Non-CHP,2,0.3,0.3,0.3,LFG,DFO,Y,Y,DFO,LFG,,,,,N,, , , , ,,,,,,
59452,"Ingenco Renewable Development, LLC",60222,Bristol Plant,VA,Bristol City,B4,OP,Landfill Gas,IC,IPP Non-CHP,2,0.3,0.3,0.3,LFG,DFO,Y,Y,DFO,LFG,,,,,N,, , , , ,,,,,,
59452,"Ingenco Renewable Development, LLC",60222,Bristol Plant,VA,Bristol City,B5,OP,Landfill Gas,IC,IPP Non-CHP,2,0.3,0.3,0.3,LFG,DFO,Y,Y,DFO,LFG,,,,,N,, , , , ,,,,,,
59452,"Ingenco Renewable Development, LLC",60222,Bristol Plant,VA,Bristol City,B6,OP,Landfill Gas,IC,IPP Non-CHP,2,0.3,0.3,0.3,LFG,DFO,Y,Y,DFO,LFG,,,,,N,, , , , ,,,,,,
59452,"Ingenco Renewable Development, LLC",60222,Bristol Plant,VA,Bristol City,C1,OP,Landfill Gas,IC,IPP Non-CHP,2,0.3,0.3,0.3,LFG,DFO,Y,Y,DFO,LFG,,,,,,, , , , ,,,,,,
59452,"Ingenco Renewable Development, LLC",60222,Bristol Plant,VA,Bristol City,C2,OP,Landfill Gas,IC,IPP Non-CHP,2,0.3,0.3,0.3,LFG,DFO,Y,Y,DFO,LFG,,,,,,, , , , ,,,,,,
59452,"Ingenco Renewable Development, LLC",60222,Bristol Plant,VA,Bristol City,C3,OP,Landfill Gas,IC,IPP Non-CHP,2,0.3,0.3,0.3,LFG,DFO,Y,Y,DFO,LFG,,,,,,, , , , ,,,,,,
59452,"Ingenco Renewable Development, LLC",60222,Bristol Plant,VA,Bristol City,C4,OP,Landfill Gas,IC,IPP Non-CHP,2,0.3,0.3,0.3,LFG,DFO,Y,Y,DFO,LFG,,,,,,, , , , ,,,,,,
59452,"Ingenco Renewable Development, LLC",60222,Bristol Plant,VA,Bristol City,C5,OP,Landfill Gas,IC,IPP Non-CHP,2,0.3,0.3,0.3,LFG,DFO,Y,Y,DFO,LFG,,,,,,, , , , ,,,,,,
59452,"Ingenco Renewable Development, LLC",60222,Bristol Plant,VA,Bristol City,C6,OP,Landfill Gas,IC,IPP Non-CHP,2,0.3,0.3,0.3,LFG,DFO,Y,Y,DFO,LFG,,,,,,, , , , ,,,,,,
60038,Silicon Valley Clean Water,60249,Silicon Valley Clean Water,CA,San Mateo,CGN,OP,Other Waste Biomass,IC,IPP CHP,3,1.2,1.2,1.2,OBG,NG,Y,Y,NG,,,,,,N,N, , , , ,,,,,,
