{
"type": "FeatureCollection",
"name": "ny_hybrid_suitability",
"crs": { "type": "name", "properties": { "name": "urn:ogc:def:crs:OGC:1.3:CRS84" } },
"features": [
{ "type": "Feature", "properties": { "latitude": 42.39, "longitude": -79.26, "frac_class_11": 0.0069860045675469934, "frac_class_21": 0.056625871054634888, "frac_class_22": 0.02388007261228553, "frac_class_23": 0.0032909761667740236, "frac_class_24": 0.00035720559817298118, "frac_developed": 0.084154125431867427, "hybrid_seasonal_score": 0.8918479814422714, "jackpot_zone": true, "hybrid_screening_score": 0.92378328741965099, "summer_ghi": 409.95039914874366, "winter_wind": 5.3507233303318493, "solar_cf_p50": 0.0076157721, "wind_cf_p50": 0.04638331 }, "geometry": { "type": "Point", "coordinates": [ -79.26, 42.39 ] } },
{ "type": "Feature", "properties": { "latitude": 41.94, "longitude": -73.77, "frac_class_11": 0.0062423142238098028, "frac_class_21": 0.077935234525970606, "frac_class_22": 0.017702172512736428, "frac_class_23": 0.0019382795572992914, "frac_class_24": 0.00014053990747789425, "frac_developed": 0.097716226503484216, "hybrid_seasonal_score": 0.1393853384837607, "jackpot_zone": false, "hybrid_screening_score": 0.53581267217630857, "summer_ghi": 382.13685002546782, "winter_wind": 4.231579041014581, "solar_cf_p50": 0.035490688, "wind_cf_p50": 0.050228368 }, "geometry": { "type": "Point", "coordinates": [ -73.77, 41.94 ] } },
{ "type": "Feature", "properties": { "latitude": 43.11, "longitude": -73.86, "frac_class_11": 0.0011477089737959303, "frac_class_21": 0.086892109500805156, "frac_class_22": 0.071105255453081537, "frac_class_23": 0.026391450739276828, "frac_class_24": 0.0079636949202166601, "frac_developed": 0.19235251061338016, "hybrid_seasonal_score": 0.021482038010963631, "jackpot_zone": false, "hybrid_screening_score": 0.40587695133149682, "summer_ghi": 375.87128280134499, "winter_wind": 3.7381513755335574, "solar_cf_p50": 0.027201168, "wind_cf_p50": 0.01949518 }, "geometry": { "type": "Point", "coordinates": [ -73.86, 43.11 ] } },
{ "type": "Feature", "properties": { "latitude": 42.21, "longitude": -78.18, "frac_class_11": 0.00050945418133055377, "frac_class_21": 0.059319205251477124, "frac_class_22": 0.023429036546017766, "frac_class_23": 0.0020261051349468001, "frac_class_24": 0.00038062668720098845, "frac_developed": 0.085154973619642679, "hybrid_seasonal_score": 0.6573119120076294, "jackpot_zone": true, "hybrid_screening_score": 0.69467401285583108, "summer_ghi": 387.73280243484385, "winter_wind": 5.1662671717915858, "solar_cf_p50": 0.035549749, "wind_cf_p50": 0.034555599 }, "geometry": { "type": "Point", "coordinates": [ -78.18, 42.21 ] } },
{ "type": "Feature", "properties": { "latitude": 42.12, "longitude": -77.91, "frac_class_11": 0.0010774726239971891, "frac_class_21": 0.077056860104233765, "frac_class_22": 0.037805235111553551, "frac_class_23": 0.011524272413187328, "frac_class_24": 0.0041576389295543718, "frac_developed": 0.13054400655852902, "hybrid_seasonal_score": 0.62196217117329056, "jackpot_zone": false, "hybrid_screening_score": 0.72956841138659323, "summer_ghi": 386.48681935343609, "winter_wind": 5.2124213910635309, "solar_cf_p50": 0.047629144, "wind_cf_p50": 0.029355355 }, "geometry": { "type": "Point", "coordinates": [ -77.91, 42.12 ] } },
{ "type": "Feature", "properties": { "latitude": 42.3, "longitude": -74.58, "frac_class_11": 0.00042160984693220279, "frac_class_21": 0.048485132397203319, "frac_class_22": 0.0069682738590183518, "frac_class_23": 0.00099546769414547882, "frac_class_24": 3.5134153911016899e-05, "frac_developed": 0.056484008104278165, "hybrid_seasonal_score": 0.450141282598082, "jackpot_zone": false, "hybrid_screening_score": 0.71625344352617071, "summer_ghi": 384.52364198607694, "winter_wind": 4.9627315140803887, "solar_cf_p50": 0.055682644, "wind_cf_p50": 0.068133995 }, "geometry": { "type": "Point", "coordinates": [ -74.58, 42.3 ] } },
{ "type": "Feature", "properties": { "latitude": 44.73, "longitude": -75.03, "frac_class_11": 0.024535925513849036, "frac_class_21": 0.057340282250980854, "frac_class_22": 0.029601218012531474, "frac_class_23": 0.0073959126310241844, "frac_class_24": 0.0022837734965157814, "frac_developed": 0.096621186391052286, "hybrid_seasonal_score": 0.0040670921587525645, "jackpot_zone": false, "hybrid_screening_score": 0.09687786960514233, "summer_ghi": 355.46665301888851, "winter_wind": 3.6143629900699539, "solar_cf_p50": 0.011447384, "wind_cf_p50": 0.051595293 }, "geometry": { "type": "Point", "coordinates": [ -75.03, 44.73 ] } },
{ "type": "Feature", "properties": { "latitude": 44.37, "longitude": -75.3, "frac_class_11": 0.023844937635416057, "frac_class_21": 0.030362475844703401, "frac_class_22": 0.0079053697956315509, "frac_class_23": 0.00076125783217192717, "frac_class_24": 8.1981612695438303e-05, "frac_developed": 0.039111085085202321, "hybrid_seasonal_score": 0.0065771666072191991, "jackpot_zone": false, "hybrid_screening_score": 0.14279155188246095, "summer_ghi": 356.54625706214688, "winter_wind": 3.7363274625185898, "solar_cf_p50": 0.019715976, "wind_cf_p50": 0.053030755 }, "geometry": { "type": "Point", "coordinates": [ -75.3, 44.37 ] } },
{ "type": "Feature", "properties": { "latitude": 41.31, "longitude": -74.58, "frac_class_11": 0.0057094671749556422, "frac_class_21": 0.081279389116291595, "frac_class_22": 0.027376163120941155, "frac_class_23": 0.0032324368005902712, "frac_class_24": 0.00031621664353600478, "frac_developed": 0.11220420568135903, "hybrid_seasonal_score": 0.10108599139403046, "jackpot_zone": false, "hybrid_screening_score": 0.54453627180899911, "summer_ghi": 383.51795764532864, "winter_wind": 3.9108725714907919, "solar_cf_p50": 0.028800964, "wind_cf_p50": 0.049947664 }, "geometry": { "type": "Point", "coordinates": [ -74.58, 41.31 ] } },
{ "type": "Feature", "properties": { "latitude": 42.48, "longitude": -78.63, "frac_class_11": 0.0031502517859234103, "frac_class_21": 0.059058437756177536, "frac_class_22": 0.043090525822695867, "frac_class_23": 0.013139711910059726, "frac_class_24": 0.0027989225904672677, "frac_developed": 0.11808759807940039, "hybrid_seasonal_score": 0.78279413215551452, "jackpot_zone": true, "hybrid_screening_score": 0.64279155188246095, "summer_ghi": 390.97782887794796, "winter_wind": 5.3002480064362114, "solar_cf_p50": 0.025734613, "wind_cf_p50": 0.021010008 }, "geometry": { "type": "Point", "coordinates": [ -78.63, 42.48 ] } },
{ "type": "Feature", "properties": { "latitude": 42.48, "longitude": -76.92, "frac_class_11": 0.18499953152815515, "frac_class_21": 0.053686873418907523, "frac_class_22": 0.038859739529654269, "frac_class_23": 0.0047725569193291482, "frac_class_24": 0.00048018364096317812, "frac_developed": 0.097799353508854117, "hybrid_seasonal_score": 0.22805060370800415, "jackpot_zone": false, "hybrid_screening_score": 0.35904499540863177, "summer_ghi": 380.75604555286151, "winter_wind": 4.714483438002568, "solar_cf_p50": 0.024666553, "wind_cf_p50": 0.01738519 }, "geometry": { "type": "Point", "coordinates": [ -76.92, 42.48 ] } },
{ "type": "Feature", "properties": { "latitude": 42.84, "longitude": -76.02, "frac_class_11": 0.0052466388719726422, "frac_class_21": 0.056975219000327912, "frac_class_22": 0.019194734623132054, "frac_class_23": 0.0027579987820302619, "frac_class_24": 0.00011125685107977701, "frac_developed": 0.079039209256570001, "hybrid_seasonal_score": 0.39810746247009704, "jackpot_zone": false, "hybrid_screening_score": 0.53535353535353536, "summer_ghi": 381.67082560207581, "winter_wind": 5.1770454158283759, "solar_cf_p50": 0.046771631, "wind_cf_p50": 0.016709372 }, "geometry": { "type": "Point", "coordinates": [ -76.02, 42.84 ] } },
{ "type": "Feature", "properties": { "latitude": 42.66, "longitude": -74.13, "frac_class_11": 0.0048194605483527168, "frac_class_21": 0.05569024278837708, "frac_class_22": 0.028096927959898342, "frac_class_23": 0.0026761767564971949, "frac_class_24": 0.00014054319946593585, "frac_developed": 0.086603890704238559, "hybrid_seasonal_score": 0.26406796911430019, "jackpot_zone": false, "hybrid_screening_score": 0.8287419651056015, "summer_ghi": 380.28913054441324, "winter_wind": 4.9639262666627184, "solar_cf_p50": 0.030248186, "wind_cf_p50": 0.015680859 }, "geometry": { "type": "Point", "coordinates": [ -74.13, 42.66 ] } },
{ "type": "Feature", "properties": { "latitude": 43.2, "longitude": -73.41, "frac_class_11": 0.021637796751109706, "frac_class_21": 0.054448777859761308, "frac_class_22": 0.016303011138048558, "frac_class_23": 0.0021725636250775914, "frac_class_24": 0.00015225513275476382, "frac_developed": 0.073076607755642231, "hybrid_seasonal_score": 0.046145780368169548, "jackpot_zone": false, "hybrid_screening_score": 0.32920110192837465, "summer_ghi": 378.55745713001863, "winter_wind": 3.9658386157758811, "solar_cf_p50": 0.028808864, "wind_cf_p50": 0.020181203 }, "geometry": { "type": "Point", "coordinates": [ -73.41, 43.2 ] } },
{ "type": "Feature", "properties": { "latitude": 42.3, "longitude": -78.27, "frac_class_11": 0.011400832664820204, "frac_class_21": 0.055393876224550144, "frac_class_22": 0.0090585968836552934, "frac_class_23": 0.00073780427106694699, "frac_class_24": 9.3689431246596434e-05, "frac_developed": 0.065283966810518984, "hybrid_seasonal_score": 0.70251559758196369, "jackpot_zone": true, "hybrid_screening_score": 0.71533516988062451, "summer_ghi": 388.38739256064321, "winter_wind": 5.2435766898620741, "solar_cf_p50": 0.03195937, "wind_cf_p50": 0.033867065 }, "geometry": { "type": "Point", "coordinates": [ -78.27, 42.3 ] } },
{ "type": "Feature", "properties": { "latitude": 42.48, "longitude": -74.85, "frac_class_11": 0.0041225280935064329, "frac_class_21": 0.05354601830543014, "frac_class_22": 0.016197319185566467, "frac_class_23": 0.0029396436121310074, "frac_class_24": 6.4414501461038015e-05, "frac_developed": 0.072747395604588649, "hybrid_seasonal_score": 0.11015974082590661, "jackpot_zone": false, "hybrid_screening_score": 0.38429752066115702, "summer_ghi": 378.31832103452058, "winter_wind": 4.604394293461552, "solar_cf_p50": 0.031327166, "wind_cf_p50": 0.020694673 }, "geometry": { "type": "Point", "coordinates": [ -74.85, 42.48 ] } },
{ "type": "Feature", "properties": { "latitude": 42.12, "longitude": -76.2, "frac_class_11": 0.020934958159363342, "frac_class_21": 0.082802883461090257, "frac_class_22": 0.047561882565132607, "frac_class_23": 0.020431347977068168, "frac_class_24": 0.0052879069140993286, "frac_developed": 0.15608402091739038, "hybrid_seasonal_score": 0.091928551733209879, "jackpot_zone": false, "hybrid_screening_score": 0.3168044077134986, "summer_ghi": 380.87744926710349, "winter_wind": 4.0894415979285803, "solar_cf_p50": 0.022023445, "wind_cf_p50": 0.028891694 }, "geometry": { "type": "Point", "coordinates": [ -76.2, 42.12 ] } },
{ "type": "Feature", "properties": { "latitude": 42.66, "longitude": -77.46, "frac_class_11": 0.00076712264592897965, "frac_class_21": 0.044692213997938726, "frac_class_22": 0.014557762578469033, "frac_class_23": 0.0015752365782816453, "frac_class_24": 0.00020495643211842967, "frac_developed": 0.061030169586807834, "hybrid_seasonal_score": 0.58378994047664212, "jackpot_zone": false, "hybrid_screening_score": 0.59412304866850318, "summer_ghi": 386.30742121455881, "winter_wind": 5.1237228315793031, "solar_cf_p50": 0.04919396, "wind_cf_p50": 0.017045643 }, "geometry": { "type": "Point", "coordinates": [ -77.46, 42.66 ] } },
{ "type": "Feature", "properties": { "latitude": 44.1, "longitude": -75.66, "frac_class_11": 0.006306802211187108, "frac_class_21": 0.051162981354820572, "frac_class_22": 0.045957087979012462, "frac_class_23": 0.01502623442331116, "frac_class_24": 0.0099960179893188415, "frac_developed": 0.12214232174646304, "hybrid_seasonal_score": 0.014995939864459774, "jackpot_zone": false, "hybrid_screening_score": 0.1864095500459137, "summer_ghi": 361.80340966631979, "winter_wind": 3.8718341700912595, "solar_cf_p50": 0.02309908, "wind_cf_p50": 0.052294429 }, "geometry": { "type": "Point", "coordinates": [ -75.66, 44.1 ] } },
{ "type": "Feature", "properties": { "latitude": 43.92, "longitude": -75.39, "frac_class_11": 0.0097908895538469654, "frac_class_21": 0.039151846625012442, "frac_class_22": 0.020061954313085946, "frac_class_23": 0.0041868935592108726, "frac_class_24": 0.00067927224177407176, "frac_developed": 0.064079966739083324, "hybrid_seasonal_score": 0.019761855975229378, "jackpot_zone": false, "hybrid_screening_score": 0.070247933884297523, "summer_ghi": 364.52435496957065, "winter_wind": 3.9219519997442589, "solar_cf_p50": 0.026222058, "wind_cf_p50": 0.053281691 }, "geometry": { "type": "Point", "coordinates": [ -75.39, 43.92 ] } },
{ "type": "Feature", "properties": { "latitude": 42.84, "longitude": -76.2, "frac_class_11": 0.025285915897099557, "frac_class_21": 0.063601281277998675, "frac_class_22": 0.018469610639057898, "frac_class_23": 0.0030158051614187754, "frac_class_24": 5.8559323522694663e-05, "frac_developed": 0.085145256401998048, "hybrid_seasonal_score": 0.42134657367564954, "jackpot_zone": false, "hybrid_screening_score": 0.48393021120293844, "summer_ghi": 382.07802785471699, "winter_wind": 5.1354481610839375, "solar_cf_p50": 0.063840002, "wind_cf_p50": 0.015840523 }, "geometry": { "type": "Point", "coordinates": [ -76.2, 42.84 ] } },
{ "type": "Feature", "properties": { "latitude": 42.12, "longitude": -75.66, "frac_class_11": 0.015646043401374883, "frac_class_21": 0.053941374181686166, "frac_class_22": 0.02300062068884751, "frac_class_23": 0.005381255196805209, "frac_class_24": 0.00028106664792889013, "frac_developed": 0.082604316715267773, "hybrid_seasonal_score": 0.17094730593353183, "jackpot_zone": false, "hybrid_screening_score": 0.39348025711662077, "summer_ghi": 381.20022759567331, "winter_wind": 4.4773282697983285, "solar_cf_p50": 0.021140732, "wind_cf_p50": 0.027212182 }, "geometry": { "type": "Point", "coordinates": [ -75.66, 42.12 ] } },
{ "type": "Feature", "properties": { "latitude": 41.67, "longitude": -74.76, "frac_class_11": 0.028426027325060464, "frac_class_21": 0.092223543122178037, "frac_class_22": 0.052454043417916478, "frac_class_23": 0.024678055036630574, "frac_class_24": 0.0050714750027816983, "frac_developed": 0.1744271165795068, "hybrid_seasonal_score": 0.30609121518212429, "jackpot_zone": false, "hybrid_screening_score": 0.75528007346189163, "summer_ghi": 382.72509954726485, "winter_wind": 4.7144499730896037, "solar_cf_p50": 0.035756208, "wind_cf_p50": 0.050261412 }, "geometry": { "type": "Point", "coordinates": [ -74.76, 41.67 ] } },
{ "type": "Feature", "properties": { "latitude": 42.57, "longitude": -77.46, "frac_class_11": 0.00048014708896188684, "frac_class_21": 0.050163659891908352, "frac_class_22": 0.025559049308763855, "frac_class_23": 0.0032439205766449431, "frac_class_24": 0.00038060439978686154, "frac_developed": 0.079347234177104001, "hybrid_seasonal_score": 0.63760760624021329, "jackpot_zone": false, "hybrid_screening_score": 0.64967860422405876, "summer_ghi": 385.77503179751324, "winter_wind": 5.352919622033502, "solar_cf_p50": 0.023683872, "wind_cf_p50": 0.01736849 }, "geometry": { "type": "Point", "coordinates": [ -77.46, 42.57 ] } },
{ "type": "Feature", "properties": { "latitude": 42.39, "longitude": -73.77, "frac_class_11": 0.062169885345544407, "frac_class_21": 0.076375794910232234, "frac_class_22": 0.050587325939545832, "frac_class_23": 0.015751812336772576, "frac_class_24": 0.0033728787754576223, "frac_developed": 0.14608781196200826, "hybrid_seasonal_score": 0.03836005939687382, "jackpot_zone": false, "hybrid_screening_score": 0.45638200183654731, "summer_ghi": 376.88825897520849, "winter_wind": 4.0480643151982427, "solar_cf_p50": 0.032900851, "wind_cf_p50": 0.047185071 }, "geometry": { "type": "Point", "coordinates": [ -73.77, 42.39 ] } },
{ "type": "Feature", "properties": { "latitude": 42.66, "longitude": -76.83, "frac_class_11": 0.16108876044576401, "frac_class_21": 0.044418287333907229, "frac_class_22": 0.046344934207058909, "frac_class_23": 0.0071912533745600625, "frac_class_24": 0.0014054566855817713, "frac_developed": 0.099359931601107968, "hybrid_seasonal_score": 0.25778192645209924, "jackpot_zone": false, "hybrid_screening_score": 0.36685032139577589, "summer_ghi": 381.85058568546759, "winter_wind": 4.6738411959467356, "solar_cf_p50": 0.023139147, "wind_cf_p50": 0.020264417 }, "geometry": { "type": "Point", "coordinates": [ -76.83, 42.66 ] } },
{ "type": "Feature", "properties": { "latitude": 42.66, "longitude": -78.54, "frac_class_11": 0.002190041751330714, "frac_class_21": 0.056173985348972028, "frac_class_22": 0.025074221334754322, "frac_class_23": 0.004262968970504705, "frac_class_24": 0.00044503522219554613, "frac_developed": 0.085956210876426603, "hybrid_seasonal_score": 0.73144522274249291, "jackpot_zone": true, "hybrid_screening_score": 0.58539944903581276, "summer_ghi": 390.31127886235652, "winter_wind": 5.2126258598420918, "solar_cf_p50": 0.032959841, "wind_cf_p50": 0.019826533 }, "geometry": { "type": "Point", "coordinates": [ -78.54, 42.66 ] } },
{ "type": "Feature", "properties": { "latitude": 42.66, "longitude": -76.2, "frac_class_11": 0.0088014663254610079, "frac_class_21": 0.077362722305831924, "frac_class_22": 0.054589001387855968, "frac_class_23": 0.021046220874056464, "frac_class_24": 0.0048252882582700404, "frac_developed": 0.1578232328260144, "hybrid_seasonal_score": 0.45617878425291392, "jackpot_zone": false, "hybrid_screening_score": 0.52479338842975209, "summer_ghi": 383.13577514218224, "winter_wind": 5.0987198086764041, "solar_cf_p50": 0.045790669, "wind_cf_p50": 0.017431526 }, "geometry": { "type": "Point", "coordinates": [ -76.2, 42.66 ] } },
{ "type": "Feature", "properties": { "latitude": 42.93, "longitude": -73.5, "frac_class_11": 0.013028610242537096, "frac_class_21": 0.063550340207755102, "frac_class_22": 0.019721509796343791, "frac_class_23": 0.0024886109452037148, "frac_class_24": 0.00019323332045111197, "frac_developed": 0.085953694269753717, "hybrid_seasonal_score": 0.04792414503158305, "jackpot_zone": false, "hybrid_screening_score": 0.38751147842056932, "summer_ghi": 380.84296633568323, "winter_wind": 3.7239911516719677, "solar_cf_p50": 0.030409336, "wind_cf_p50": 0.016355988 }, "geometry": { "type": "Point", "coordinates": [ -73.5, 42.93 ] } },
{ "type": "Feature", "properties": { "latitude": 42.93, "longitude": -76.92, "frac_class_11": 0.013563133575783131, "frac_class_21": 0.066152485696047605, "frac_class_22": 0.077531228587993467, "frac_class_23": 0.02847321046867771, "frac_class_24": 0.0076541518063681134, "frac_developed": 0.1798110765590869, "hybrid_seasonal_score": 0.35835439291487375, "jackpot_zone": false, "hybrid_screening_score": 0.40036730945821852, "summer_ghi": 386.19294946169236, "winter_wind": 4.6553575595364212, "solar_cf_p50": 0.04472778, "wind_cf_p50": 0.017643381 }, "geometry": { "type": "Point", "coordinates": [ -76.92, 42.93 ] } },
{ "type": "Feature", "properties": { "latitude": 44.64, "longitude": -75.39, "frac_class_11": 0.012496120581122308, "frac_class_21": 0.040252264702265582, "frac_class_22": 0.025431420657832327, "frac_class_23": 0.0037652322088386338, "frac_class_24": 0.00065584138007764698, "frac_developed": 0.07010475894901419, "hybrid_seasonal_score": 0.00994332674773446, "jackpot_zone": false, "hybrid_screening_score": 0.12672176308539945, "summer_ghi": 359.32241014799155, "winter_wind": 3.7391989895330493, "solar_cf_p50": 0.020450346, "wind_cf_p50": 0.050535634 }, "geometry": { "type": "Point", "coordinates": [ -75.39, 44.64 ] } },
{ "type": "Feature", "properties": { "latitude": 43.92, "longitude": -75.48, "frac_class_11": 0.0096915112901714614, "frac_class_21": 0.03612503513538836, "frac_class_22": 0.017977607045816548, "frac_class_23": 0.0032793029138948747, "frac_class_24": 0.00067928417502108123, "frac_developed": 0.058061229270120862, "hybrid_seasonal_score": 0.019974349050231845, "jackpot_zone": false, "hybrid_screening_score": 0.10009182736455464, "summer_ghi": 364.91030325865495, "winter_wind": 3.9153921409431427, "solar_cf_p50": 0.026537426, "wind_cf_p50": 0.053310569 }, "geometry": { "type": "Point", "coordinates": [ -75.48, 43.92 ] } },
{ "type": "Feature", "properties": { "latitude": 41.22, "longitude": -74.31, "frac_class_11": 0.055320345027493278, "frac_class_21": 0.080055513588531871, "frac_class_22": 0.041102307795911439, "frac_class_23": 0.0117702861760624, "frac_class_24": 0.0021725254583677364, "frac_developed": 0.13510063301887346, "hybrid_seasonal_score": 0.21041620816226375, "jackpot_zone": false, "hybrid_screening_score": 0.7603305785123966, "summer_ghi": 379.87760326415611, "winter_wind": 4.8130812063959976, "solar_cf_p50": 0.031626202, "wind_cf_p50": 0.050813753 }, "geometry": { "type": "Point", "coordinates": [ -74.31, 41.22 ] } },
{ "type": "Feature", "properties": { "latitude": 44.64, "longitude": -74.85, "frac_class_11": 0.0063181810196923475, "frac_class_21": 0.04076075818172236, "frac_class_22": 0.016372228110342727, "frac_class_23": 0.001288229679640701, "frac_class_24": 7.0267073434947329e-05, "frac_developed": 0.058491483045140735, "hybrid_seasonal_score": 0.0048907136310091474, "jackpot_zone": false, "hybrid_screening_score": 0.17217630853994492, "summer_ghi": 354.4542298218081, "winter_wind": 3.6980418627818521, "solar_cf_p50": 0.016831135, "wind_cf_p50": 0.052674167 }, "geometry": { "type": "Point", "coordinates": [ -74.85, 44.64 ] } },
{ "type": "Feature", "properties": { "latitude": 42.21, "longitude": -78.99, "frac_class_11": 0.00076129349621110087, "frac_class_21": 0.064141905107693756, "frac_class_22": 0.028952577271289866, "frac_class_23": 0.0057097012215832563, "frac_class_24": 0.00072615687330905001, "frac_developed": 0.099530340473875947, "hybrid_seasonal_score": 0.45218969054431113, "jackpot_zone": false, "hybrid_screening_score": 0.53535353535353536, "summer_ghi": 393.50169402857864, "winter_wind": 4.6564079330114945, "solar_cf_p50": 0.027908163, "wind_cf_p50": 0.044038154 }, "geometry": { "type": "Point", "coordinates": [ -78.99, 42.21 ] } },
{ "type": "Feature", "properties": { "latitude": 42.66, "longitude": -74.04, "frac_class_11": 0.0082398758455096491, "frac_class_21": 0.069344967936517232, "frac_class_22": 0.039928552604608945, "frac_class_23": 0.0052648531521770955, "frac_class_24": 0.00093701502152206378, "frac_developed": 0.11547538871482534, "hybrid_seasonal_score": 0.26406796911430019, "jackpot_zone": false, "hybrid_screening_score": 0.8287419651056015, "summer_ghi": 380.28913054441324, "winter_wind": 4.9639262666627184, "solar_cf_p50": 0.032622207, "wind_cf_p50": 0.017396044 }, "geometry": { "type": "Point", "coordinates": [ -74.04, 42.66 ] } },
{ "type": "Feature", "properties": { "latitude": 42.21, "longitude": -73.95, "frac_class_11": 0.022527112172955752, "frac_class_21": 0.070397957510598921, "frac_class_22": 0.038255685943831538, "frac_class_23": 0.01745016747476167, "frac_class_24": 0.0038589464314993092, "frac_developed": 0.12996275736069143, "hybrid_seasonal_score": 0.0099517590126155121, "jackpot_zone": false, "hybrid_screening_score": 0.44077134986225897, "summer_ghi": 378.59937058315194, "winter_wind": 3.3546655320456726, "solar_cf_p50": 0.031820741, "wind_cf_p50": 0.028374668 }, "geometry": { "type": "Point", "coordinates": [ -73.95, 42.21 ] } },
{ "type": "Feature", "properties": { "latitude": 43.11, "longitude": -73.5, "frac_class_11": 0.015020994255128513, "frac_class_21": 0.067585689940911561, "frac_class_22": 0.034955288385521283, "frac_class_23": 0.010500055633312057, "frac_class_24": 0.0034961144523632443, "frac_developed": 0.11653714841210815, "hybrid_seasonal_score": 0.032468435924484007, "jackpot_zone": false, "hybrid_screening_score": 0.36776859504132231, "summer_ghi": 378.23913086962284, "winter_wind": 3.8025723197109977, "solar_cf_p50": 0.026985545, "wind_cf_p50": 0.016556902 }, "geometry": { "type": "Point", "coordinates": [ -73.5, 43.11 ] } },
{ "type": "Feature", "properties": { "latitude": 44.28, "longitude": -75.66, "frac_class_11": 0.045465458783020135, "frac_class_21": 0.032488712690390997, "frac_class_22": 0.0081924493608249837, "frac_class_23": 0.00057388137052240772, "frac_class_24": 2.3423729409077865e-05, "frac_developed": 0.041278467151147469, "hybrid_seasonal_score": 0.013807833742719792, "jackpot_zone": false, "hybrid_screening_score": 0.14921946740128561, "summer_ghi": 364.8975293450394, "winter_wind": 3.7370273324224983, "solar_cf_p50": 0.015412982, "wind_cf_p50": 0.048114806 }, "geometry": { "type": "Point", "coordinates": [ -75.66, 44.28 ] } },
{ "type": "Feature", "properties": { "latitude": 44.91, "longitude": -74.76, "frac_class_11": 0.020993394546987725, "frac_class_21": 0.046361144945188795, "frac_class_22": 0.019816359036821888, "frac_class_23": 0.0017684812142790217, "frac_class_24": 0.00066757237890002806, "frac_developed": 0.068613557575189735, "hybrid_seasonal_score": 0.0076497507000887911, "jackpot_zone": false, "hybrid_screening_score": 0.12855831037649218, "summer_ghi": 355.69637648192258, "winter_wind": 3.8238139432586538, "solar_cf_p50": 0.026039237, "wind_cf_p50": 0.050659977 }, "geometry": { "type": "Point", "coordinates": [ -74.76, 44.91 ] } },
{ "type": "Feature", "properties": { "latitude": 42.75, "longitude": -77.28, "frac_class_11": 0.14981729598051158, "frac_class_21": 0.060134217183547271, "frac_class_22": 0.037618289140822637, "frac_class_23": 0.0032968706080764546, "frac_class_24": 0.00040405696617633281, "frac_developed": 0.1014534338986227, "hybrid_seasonal_score": 0.4820019630312643, "jackpot_zone": false, "hybrid_screening_score": 0.54499540863177232, "summer_ghi": 386.07648828518489, "winter_wind": 4.8969624740987463, "solar_cf_p50": 0.028026339, "wind_cf_p50": 0.013246269 }, "geometry": { "type": "Point", "coordinates": [ -77.28, 42.75 ] } },
{ "type": "Feature", "properties": { "latitude": 44.55, "longitude": -75.39, "frac_class_11": 0.0134971336889628, "frac_class_21": 0.035479016495195491, "frac_class_22": 0.015769102396692762, "frac_class_23": 0.0016337094573625254, "frac_class_24": 0.00052114746130919268, "frac_developed": 0.053402975810559972, "hybrid_seasonal_score": 0.0072140134123605199, "jackpot_zone": false, "hybrid_screening_score": 0.094582185491276394, "summer_ghi": 359.70980253878702, "winter_wind": 3.6310871514011582, "solar_cf_p50": 0.016632402, "wind_cf_p50": 0.052628361 }, "geometry": { "type": "Point", "coordinates": [ -75.39, 44.55 ] } },
{ "type": "Feature", "properties": { "latitude": 43.02, "longitude": -76.47, "frac_class_11": 0.0016630847880445285, "frac_class_21": 0.079945188473182757, "frac_class_22": 0.045096535044827163, "frac_class_23": 0.012262322345652263, "frac_class_24": 0.0023306610762032476, "frac_developed": 0.13963470693986543, "hybrid_seasonal_score": 0.31624197564593259, "jackpot_zone": false, "hybrid_screening_score": 0.37190082644628097, "summer_ghi": 384.89744132461368, "winter_wind": 4.6306286445413098, "solar_cf_p50": 0.024161885, "wind_cf_p50": 0.017978907 }, "geometry": { "type": "Point", "coordinates": [ -76.47, 43.02 ] } },
{ "type": "Feature", "properties": { "latitude": 42.84, "longitude": -77.64, "frac_class_11": 0.024330259112867809, "frac_class_21": 0.05648367735324257, "frac_class_22": 0.053327477675303762, "frac_class_23": 0.008678085199824331, "frac_class_24": 0.0015576050358659054, "frac_developed": 0.12004684526423656, "hybrid_seasonal_score": 0.47719873414839603, "jackpot_zone": false, "hybrid_screening_score": 0.57162534435261714, "summer_ghi": 384.99232887754033, "winter_wind": 4.997647225512603, "solar_cf_p50": 0.029039592, "wind_cf_p50": 0.020710418 }, "geometry": { "type": "Point", "coordinates": [ -77.64, 42.84 ] } },
{ "type": "Feature", "properties": { "latitude": 43.74, "longitude": -75.48, "frac_class_11": 0.0062248560904624431, "frac_class_21": 0.043579848565589371, "frac_class_22": 0.036136958545854879, "frac_class_23": 0.011255101981061914, "frac_class_24": 0.0035779746672366442, "frac_developed": 0.094549883759742798, "hybrid_seasonal_score": 0.034170910203968057, "jackpot_zone": false, "hybrid_screening_score": 0.17309458218549126, "summer_ghi": 366.99738925163723, "winter_wind": 4.2844030409856648, "solar_cf_p50": 0.031704083, "wind_cf_p50": 0.019596322 }, "geometry": { "type": "Point", "coordinates": [ -75.48, 43.74 ] } },
{ "type": "Feature", "properties": { "latitude": 42.93, "longitude": -73.68, "frac_class_11": 0.032565030509586215, "frac_class_21": 0.068286427040511577, "frac_class_22": 0.064872398486818222, "frac_class_23": 0.026568520665706287, "frac_class_24": 0.0056568637785039174, "frac_developed": 0.16538420997153999, "hybrid_seasonal_score": 0.026367692283044145, "jackpot_zone": false, "hybrid_screening_score": 0.39256198347107435, "summer_ghi": 378.79739189592095, "winter_wind": 3.6603665419751361, "solar_cf_p50": 0.028820097, "wind_cf_p50": 0.016441427 }, "geometry": { "type": "Point", "coordinates": [ -73.68, 42.93 ] } },
{ "type": "Feature", "properties": { "latitude": 44.91, "longitude": -73.59, "frac_class_11": 0.002260416361666618, "frac_class_21": 0.037279301964688316, "frac_class_22": 0.02068925131028021, "frac_class_23": 0.0035897285743565718, "frac_class_24": 0.00044505607120897138, "frac_developed": 0.062003337920534064, "hybrid_seasonal_score": 0.010525153024526926, "jackpot_zone": false, "hybrid_screening_score": 0.20752984389348028, "summer_ghi": 357.71418320479404, "winter_wind": 3.8162899738615588, "solar_cf_p50": 0.031202085, "wind_cf_p50": 0.043120541 }, "geometry": { "type": "Point", "coordinates": [ -73.59, 44.91 ] } },
{ "type": "Feature", "properties": { "latitude": 42.12, "longitude": -74.76, "frac_class_11": 0.045065408083197679, "frac_class_21": 0.044538395774532426, "frac_class_22": 0.0049129258552238634, "frac_class_23": 0.00031035169288064928, "frac_class_24": 1.1711384637005633e-05, "frac_developed": 0.049773384707273945, "hybrid_seasonal_score": 0.30525389127943597, "jackpot_zone": false, "hybrid_screening_score": 0.62901744719926533, "summer_ghi": 383.74554461608784, "winter_wind": 4.6663559930005407, "solar_cf_p50": 0.050020047, "wind_cf_p50": 0.065429777 }, "geometry": { "type": "Point", "coordinates": [ -74.76, 42.12 ] } },
{ "type": "Feature", "properties": { "latitude": 42.3, "longitude": -75.39, "frac_class_11": 0.0084680748891712877, "frac_class_21": 0.061449176910148222, "frac_class_22": 0.04501080470136274, "frac_class_23": 0.014904046053209495, "frac_class_24": 0.0043511615785990785, "frac_developed": 0.12571518924331954, "hybrid_seasonal_score": 0.20494029534850974, "jackpot_zone": false, "hybrid_screening_score": 0.47245179063360881, "summer_ghi": 379.76520562172328, "winter_wind": 4.8247806637265409, "solar_cf_p50": 0.030227132, "wind_cf_p50": 0.032954674 }, "geometry": { "type": "Point", "coordinates": [ -75.39, 42.3 ] } },
{ "type": "Feature", "properties": { "latitude": 42.84, "longitude": -77.82, "frac_class_11": 0.0093045861245139826, "frac_class_21": 0.047061648006745678, "frac_class_22": 0.05524195437297981, "frac_class_23": 0.014135475710872722, "frac_class_24": 0.0029453787417435704, "frac_developed": 0.11938445683234178, "hybrid_seasonal_score": 0.23678558689828411, "jackpot_zone": false, "hybrid_screening_score": 0.42056932966023874, "summer_ghi": 385.68906020685068, "winter_wind": 4.4059050715171564, "solar_cf_p50": 0.046650428, "wind_cf_p50": 0.032961261 }, "geometry": { "type": "Point", "coordinates": [ -77.82, 42.84 ] } },
{ "type": "Feature", "properties": { "latitude": 43.47, "longitude": -73.5, "frac_class_11": 0.014012917884184083, "frac_class_21": 0.022667783171615788, "frac_class_22": 0.015383173958107642, "frac_class_23": 0.005756246669516487, "frac_class_24": 0.0010130525674734, "frac_developed": 0.044820256366713315, "hybrid_seasonal_score": 0.0027640964280082731, "jackpot_zone": false, "hybrid_screening_score": 0.17125803489439853, "summer_ghi": 372.5209632848746, "winter_wind": 3.1426049009890793, "solar_cf_p50": 0.02525471, "wind_cf_p50": 0.014017661 }, "geometry": { "type": "Point", "coordinates": [ -73.5, 43.47 ] } },
{ "type": "Feature", "properties": { "latitude": 42.66, "longitude": -76.38, "frac_class_11": 0.0029163226225821753, "frac_class_21": 0.0582444674783179, "frac_class_22": 0.02040840228855197, "frac_class_23": 0.003701035938698664, "frac_class_24": 0.00054461446566293639, "frac_developed": 0.082898520171231477, "hybrid_seasonal_score": 0.39514921314320256, "jackpot_zone": false, "hybrid_screening_score": 0.43342516069788795, "summer_ghi": 385.11659912522367, "winter_wind": 4.7799623651180498, "solar_cf_p50": 0.041538842, "wind_cf_p50": 0.021522062 }, "geometry": { "type": "Point", "coordinates": [ -76.38, 42.66 ] } },
{ "type": "Feature", "properties": { "latitude": 44.91, "longitude": -73.86, "frac_class_11": 0.005961374044013445, "frac_class_21": 0.029215417588981413, "frac_class_22": 0.015043978309499549, "frac_class_23": 0.0028987034889849266, "frac_class_24": 0.00041577363175339355, "frac_developed": 0.047573873019219282, "hybrid_seasonal_score": 0.0074676137786581064, "jackpot_zone": false, "hybrid_screening_score": 0.49770431588613406, "summer_ghi": 347.84691553215174, "winter_wind": 4.9053464131557742, "solar_cf_p50": 0.030006103, "wind_cf_p50": 0.031268511 }, "geometry": { "type": "Point", "coordinates": [ -73.86, 44.91 ] } },
{ "type": "Feature", "properties": { "latitude": 44.37, "longitude": -73.41, "frac_class_11": 0.24352006933789339, "frac_class_21": 0.033538692184260768, "frac_class_22": 0.017328617107251199, "frac_class_23": 0.0028578456060623808, "frac_class_24": 0.00064418650956324158, "frac_developed": 0.054369341407137589, "hybrid_seasonal_score": 0.0012730611904165623, "jackpot_zone": false, "hybrid_screening_score": 0.25665748393021121, "summer_ghi": 345.65388240774701, "winter_wind": 4.3353316101392796, "solar_cf_p50": 0.022405863, "wind_cf_p50": 0.051747303 }, "geometry": { "type": "Point", "coordinates": [ -73.41, 44.37 ] } },
{ "type": "Feature", "properties": { "latitude": 44.1, "longitude": -75.93, "frac_class_11": 0.02029044914212098, "frac_class_21": 0.042202963049715991, "frac_class_22": 0.02847689875270832, "frac_class_23": 0.0046612402646834927, "frac_class_24": 0.0004508988698249107, "frac_developed": 0.07579200093693271, "hybrid_seasonal_score": 0.0091353049655078199, "jackpot_zone": false, "hybrid_screening_score": 0.22359963269054178, "summer_ghi": 373.8627428422302, "winter_wind": 3.5182750399765474, "solar_cf_p50": 0.029358236, "wind_cf_p50": 0.048361395 }, "geometry": { "type": "Point", "coordinates": [ -75.93, 44.1 ] } },
{ "type": "Feature", "properties": { "latitude": 42.84, "longitude": -75.12, "frac_class_11": 0.0019910519781687007, "frac_class_21": 0.049618186503010003, "frac_class_22": 0.0090065821835984168, "frac_class_23": 0.0015811295120751446, "frac_class_24": 6.4416387528987376e-05, "frac_developed": 0.060270314586212549, "hybrid_seasonal_score": 0.17860991583756419, "jackpot_zone": false, "hybrid_screening_score": 0.5890725436179981, "summer_ghi": 377.18738206185697, "winter_wind": 5.4030359799661918, "solar_cf_p50": 0.034980569, "wind_cf_p50": 0.032054078 }, "geometry": { "type": "Point", "coordinates": [ -75.12, 42.84 ] } },
{ "type": "Feature", "properties": { "latitude": 42.48, "longitude": -78.99, "frac_class_11": 0.0069743337490996609, "frac_class_21": 0.058470799735314959, "frac_class_22": 0.036868518290790485, "frac_class_23": 0.0090297419320836923, "frac_class_24": 0.0011711727538370547, "frac_developed": 0.1055402327120262, "hybrid_seasonal_score": 0.59552132899240329, "jackpot_zone": false, "hybrid_screening_score": 0.80211202938475668, "summer_ghi": 407.350133770024, "winter_wind": 4.7984120014443779, "solar_cf_p50": 0.021844665, "wind_cf_p50": 0.021115435 }, "geometry": { "type": "Point", "coordinates": [ -78.99, 42.48 ] } },
{ "type": "Feature", "properties": { "latitude": 44.55, "longitude": -73.59, "frac_class_11": 0.0012121779969197796, "frac_class_21": 0.04246722141865817, "frac_class_22": 0.022182271750396738, "frac_class_23": 0.0045442035053611064, "frac_class_24": 0.00065000849110191075, "frac_developed": 0.069843705165517939, "hybrid_seasonal_score": 0.0014762787740498732, "jackpot_zone": false, "hybrid_screening_score": 0.13314967860422405, "summer_ghi": 357.54097988678961, "winter_wind": 3.154597364454121, "solar_cf_p50": 0.030805251, "wind_cf_p50": 0.050044257 }, "geometry": { "type": "Point", "coordinates": [ -73.59, 44.55 ] } },
{ "type": "Feature", "properties": { "latitude": 42.3, "longitude": -79.26, "frac_class_11": 0.0043627973436713083, "frac_class_21": 0.053155854346985866, "frac_class_22": 0.016578629905950971, "frac_class_23": 0.0021726145161101414, "frac_class_24": 9.9553764889143953e-05, "frac_developed": 0.072006652533936122, "hybrid_seasonal_score": 0.76182878117513719, "jackpot_zone": true, "hybrid_screening_score": 0.74839302112029382, "summer_ghi": 399.26826067095135, "winter_wind": 5.1108767703343077, "solar_cf_p50": 0.027570991, "wind_cf_p50": 0.039047789 }, "geometry": { "type": "Point", "coordinates": [ -79.26, 42.3 ] } },
{ "type": "Feature", "properties": { "latitude": 42.84, "longitude": -75.57, "frac_class_11": 0.016197414035416472, "frac_class_21": 0.073889721727724164, "frac_class_22": 0.033507448702332993, "frac_class_23": 0.0077883444205003281, "frac_class_24": 0.0010950529373184672, "frac_developed": 0.11628056778787596, "hybrid_seasonal_score": 0.26304555699747284, "jackpot_zone": false, "hybrid_screening_score": 0.50734618916437102, "summer_ghi": 379.65806902261755, "winter_wind": 5.1352088058443863, "solar_cf_p50": 0.038362544, "wind_cf_p50": 0.013630845 }, "geometry": { "type": "Point", "coordinates": [ -75.57, 42.84 ] } },
{ "type": "Feature", "properties": { "latitude": 43.38, "longitude": -73.5, "frac_class_11": 0.0056216621381054996, "frac_class_21": 0.043690855429588685, "frac_class_22": 0.025642977607045817, "frac_class_23": 0.0047491333270870423, "frac_class_24": 0.00052117492738686403, "frac_developed": 0.0746041412911084, "hybrid_seasonal_score": 0.0035735938565890982, "jackpot_zone": false, "hybrid_screening_score": 0.23370064279155189, "summer_ghi": 374.12735875742345, "winter_wind": 3.1932727693839453, "solar_cf_p50": 0.031571973, "wind_cf_p50": 0.013304736 }, "geometry": { "type": "Point", "coordinates": [ -73.5, 43.38 ] } },
{ "type": "Feature", "properties": { "latitude": 44.28, "longitude": -75.57, "frac_class_11": 0.024090318198320589, "frac_class_21": 0.039853841919730168, "frac_class_22": 0.015699111105906053, "frac_class_23": 0.0013995104641221731, "frac_class_24": 2.9278461592514083e-05, "frac_developed": 0.056981741951350903, "hybrid_seasonal_score": 0.01223858924835634, "jackpot_zone": false, "hybrid_screening_score": 0.14416896235078053, "summer_ghi": 363.67395906845445, "winter_wind": 3.7183273196783864, "solar_cf_p50": 0.029018929, "wind_cf_p50": 0.051949594 }, "geometry": { "type": "Point", "coordinates": [ -75.57, 44.28 ] } },
{ "type": "Feature", "properties": { "latitude": 42.39, "longitude": -75.75, "frac_class_11": 0.0037242203145677914, "frac_class_21": 0.052923747174628458, "frac_class_22": 0.017373839108997858, "frac_class_23": 0.0024066895429046575, "frac_class_24": 0.00020494923114759857, "frac_developed": 0.072909225057678564, "hybrid_seasonal_score": 0.098136385138639079, "jackpot_zone": false, "hybrid_screening_score": 0.29384756657483929, "summer_ghi": 379.72477889907651, "winter_wind": 4.3267853302975725, "solar_cf_p50": 0.026600361, "wind_cf_p50": 0.046412166 }, "geometry": { "type": "Point", "coordinates": [ -75.75, 42.39 ] } },
{ "type": "Feature", "properties": { "latitude": 44.91, "longitude": -74.58, "frac_class_11": 0.001446364472135525, "frac_class_21": 0.03850140244652258, "frac_class_22": 0.014065455312022392, "frac_class_23": 0.0015224889180373946, "frac_class_24": 0.00015224889180373945, "frac_developed": 0.054241595568386106, "hybrid_seasonal_score": 0.0024352380976473131, "jackpot_zone": false, "hybrid_screening_score": 0.079430670339761242, "summer_ghi": 352.79086712392586, "winter_wind": 3.5559477351004372, "solar_cf_p50": 0.020688457, "wind_cf_p50": 0.045131434 }, "geometry": { "type": "Point", "coordinates": [ -74.58, 44.91 ] } },
{ "type": "Feature", "properties": { "latitude": 44.82, "longitude": -73.41, "frac_class_11": 0.28955582232893157, "frac_class_21": 0.036488741838198696, "frac_class_22": 0.034333733493397356, "frac_class_23": 0.0055690568910491027, "frac_class_24": 0.001130208180833309, "frac_developed": 0.077521740403478465, "hybrid_seasonal_score": 0.032176468752977638, "jackpot_zone": false, "hybrid_screening_score": 0.53719008264462809, "summer_ghi": 364.34749291576105, "winter_wind": 4.2948894049769821, "solar_cf_p50": 0.034102108, "wind_cf_p50": 0.031586867 }, "geometry": { "type": "Point", "coordinates": [ -73.41, 44.82 ] } },
{ "type": "Feature", "properties": { "latitude": 42.93, "longitude": -76.74, "frac_class_11": 0.13216761922608453, "frac_class_21": 0.066985617914363346, "frac_class_22": 0.05345263749648646, "frac_class_23": 0.01175278740747681, "frac_class_24": 0.0033729972828633, "frac_developed": 0.13556404010118991, "hybrid_seasonal_score": 0.30582623125823727, "jackpot_zone": false, "hybrid_screening_score": 0.34067952249770428, "summer_ghi": 385.26321379228131, "winter_wind": 4.5796861832399181, "solar_cf_p50": 0.042253207, "wind_cf_p50": 0.015953831 }, "geometry": { "type": "Point", "coordinates": [ -76.74, 42.93 ] } },
{ "type": "Feature", "properties": { "latitude": 42.39, "longitude": -78.18, "frac_class_11": 0.019769627621261721, "frac_class_21": 0.05786832350512687, "frac_class_22": 0.01898493268605761, "frac_class_23": 0.0028342712584984216, "frac_class_24": 0.00026351695585212601, "frac_developed": 0.079951044405535021, "hybrid_seasonal_score": 0.331716868155636, "jackpot_zone": false, "hybrid_screening_score": 0.44490358126721763, "summer_ghi": 387.06679935938575, "winter_wind": 4.5647352943657324, "solar_cf_p50": 0.015857844, "wind_cf_p50": 0.069586411 }, "geometry": { "type": "Point", "coordinates": [ -78.18, 42.39 ] } },
{ "type": "Feature", "properties": { "latitude": 41.94, "longitude": -75.12, "frac_class_11": 0.0095974797100261168, "frac_class_21": 0.041745230538606577, "frac_class_22": 0.011190228020658883, "frac_class_23": 0.0041692529307740056, "frac_class_24": 0.00026350615433262675, "frac_developed": 0.05736821764437209, "hybrid_seasonal_score": 0.31681094271878146, "jackpot_zone": false, "hybrid_screening_score": 0.64141414141414144, "summer_ghi": 382.96081731312859, "winter_wind": 4.7225299350061842, "solar_cf_p50": 0.041711755, "wind_cf_p50": 0.050700855 }, "geometry": { "type": "Point", "coordinates": [ -75.12, 41.94 ] } },
{ "type": "Feature", "properties": { "latitude": 43.02, "longitude": -74.13, "frac_class_11": 0.015804328477069376, "frac_class_21": 0.062075467278774533, "frac_class_22": 0.042090223450601962, "frac_class_23": 0.009287019253290861, "frac_class_24": 0.0016395746474914508, "frac_developed": 0.1150922846301588, "hybrid_seasonal_score": 0.034565540200401208, "jackpot_zone": false, "hybrid_screening_score": 0.47337006427915518, "summer_ghi": 377.47836917632424, "winter_wind": 3.9028044335089764, "solar_cf_p50": 0.025948791, "wind_cf_p50": 0.017144199 }, "geometry": { "type": "Point", "coordinates": [ -74.13, 43.02 ] } },
{ "type": "Feature", "properties": { "latitude": 44.19, "longitude": -76.02, "frac_class_11": 0.0011008508171475081, "frac_class_21": 0.045257850881558995, "frac_class_22": 0.024974089016670864, "frac_class_23": 0.0054749761384729791, "frac_class_24": 0.0009486054913717889, "frac_developed": 0.07665552152807463, "hybrid_seasonal_score": 0.025423278616366521, "jackpot_zone": false, "hybrid_screening_score": 0.32552800734618914, "summer_ghi": 376.67148906139732, "winter_wind": 3.7996962604669466, "solar_cf_p50": 0.02633843, "wind_cf_p50": 0.055879094 }, "geometry": { "type": "Point", "coordinates": [ -76.02, 44.19 ] } },
{ "type": "Feature", "properties": { "latitude": 42.66, "longitude": -78.18, "frac_class_11": 0.0026350924039069638, "frac_class_21": 0.041230412479797626, "frac_class_22": 0.027838287307052678, "frac_class_23": 0.0037769657789333147, "frac_class_24": 0.0010130466352797883, "frac_developed": 0.073858712201063409, "hybrid_seasonal_score": 0.81605773065828158, "jackpot_zone": true, "hybrid_screening_score": 0.7474747474747474, "summer_ghi": 388.79796898070583, "winter_wind": 5.6673460770283528, "solar_cf_p50": 0.022696633, "wind_cf_p50": 0.01724707 }, "geometry": { "type": "Point", "coordinates": [ -78.18, 42.66 ] } },
{ "type": "Feature", "properties": { "latitude": 42.3, "longitude": -74.22, "frac_class_11": 0.0028225428651738032, "frac_class_21": 0.061814859926918389, "frac_class_22": 0.018422655298416565, "frac_class_23": 0.0043684999531528159, "frac_class_24": 0.00032207439332896092, "frac_developed": 0.084928089571816731, "hybrid_seasonal_score": 0.21542244382214332, "jackpot_zone": false, "hybrid_screening_score": 0.66528925619834711, "summer_ghi": 385.33377497595177, "winter_wind": 4.3642254434401568, "solar_cf_p50": 0.051074009, "wind_cf_p50": 0.031592853 }, "geometry": { "type": "Point", "coordinates": [ -74.22, 42.3 ] } },
{ "type": "Feature", "properties": { "latitude": 42.21, "longitude": -75.66, "frac_class_11": 0.0067691010446432756, "frac_class_21": 0.059651239049983602, "frac_class_22": 0.028118705204478379, "frac_class_23": 0.0076591558532814914, "frac_class_24": 0.00028106993956996301, "frac_developed": 0.095710170047313428, "hybrid_seasonal_score": 0.18523493554798337, "jackpot_zone": false, "hybrid_screening_score": 0.41368227731864093, "summer_ghi": 380.72577723964423, "winter_wind": 4.5967212287625712, "solar_cf_p50": 0.037543558, "wind_cf_p50": 0.028294371 }, "geometry": { "type": "Point", "coordinates": [ -75.66, 42.21 ] } },
{ "type": "Feature", "properties": { "latitude": 43.38, "longitude": -76.2, "frac_class_11": 0.0022251370215955403, "frac_class_21": 0.069594088162271042, "frac_class_22": 0.025120625849065444, "frac_class_23": 0.0034021173935447602, "frac_class_24": 0.00029863681079308568, "frac_developed": 0.098415468215674345, "hybrid_seasonal_score": 0.35393672934369153, "jackpot_zone": false, "hybrid_screening_score": 0.30762167125803486, "summer_ghi": 392.80059556904069, "winter_wind": 4.502502212946351, "solar_cf_p50": 0.024515865, "wind_cf_p50": 0.017625231 }, "geometry": { "type": "Point", "coordinates": [ -76.2, 43.38 ] } },
{ "type": "Feature", "properties": { "latitude": 42.75, "longitude": -78.27, "frac_class_11": 0.006295164142745043, "frac_class_21": 0.047972078751039433, "frac_class_22": 0.018504854596348218, "frac_class_23": 0.0020613002588337256, "frac_class_24": 0.00031036623215394165, "frac_developed": 0.06884859983837531, "hybrid_seasonal_score": 0.81459220302195501, "jackpot_zone": true, "hybrid_screening_score": 0.70569329660238744, "summer_ghi": 388.60707709953772, "winter_wind": 5.7531370857987092, "solar_cf_p50": 0.039838795, "wind_cf_p50": 0.023739586 }, "geometry": { "type": "Point", "coordinates": [ -78.27, 42.75 ] } },
{ "type": "Feature", "properties": { "latitude": 42.48, "longitude": -75.75, "frac_class_11": 0.0083153265522430894, "frac_class_21": 0.044410870825501117, "frac_class_22": 0.0062189273228747607, "frac_class_23": 0.00024009041453659623, "frac_class_24": 1.1711727538370547e-05, "frac_developed": 0.050881600290450843, "hybrid_seasonal_score": 0.14085782273861414, "jackpot_zone": false, "hybrid_screening_score": 0.35078053259871445, "summer_ghi": 378.83381519993725, "winter_wind": 4.6737963753736507, "solar_cf_p50": 0.028960982, "wind_cf_p50": 0.022889731 }, "geometry": { "type": "Point", "coordinates": [ -75.75, 42.48 ] } },
{ "type": "Feature", "properties": { "latitude": 41.67, "longitude": -74.22, "frac_class_11": 0.0092178852742233024, "frac_class_21": 0.062727299347017651, "frac_class_22": 0.023302392316476822, "frac_class_23": 0.0063189950513894179, "frac_class_24": 0.0016514889754326374, "frac_developed": 0.094000175690316531, "hybrid_seasonal_score": 0.015527383358587964, "jackpot_zone": false, "hybrid_screening_score": 0.50734618916437102, "summer_ghi": 381.37420888908434, "winter_wind": 3.3083832396585455, "solar_cf_p50": 0.035165779, "wind_cf_p50": 0.048667174 }, "geometry": { "type": "Point", "coordinates": [ -74.22, 41.67 ] } },
{ "type": "Feature", "properties": { "latitude": 42.21, "longitude": -75.39, "frac_class_11": 0.0026175097937027516, "frac_class_21": 0.044210735889162807, "frac_class_22": 0.0099371680534979176, "frac_class_23": 0.001007184976547815, "frac_class_24": 0.00012882598537239493, "frac_developed": 0.055283914904580934, "hybrid_seasonal_score": 0.26201408019589834, "jackpot_zone": false, "hybrid_screening_score": 0.52708907254361803, "summer_ghi": 380.47961374197547, "winter_wind": 4.8937286028542619, "solar_cf_p50": 0.044969141, "wind_cf_p50": 0.03305262 }, "geometry": { "type": "Point", "coordinates": [ -75.39, 42.21 ] } },
{ "type": "Feature", "properties": { "latitude": 44.46, "longitude": -75.57, "frac_class_11": 0.14937837093950024, "frac_class_21": 0.028935178407247557, "frac_class_22": 0.010306803075643736, "frac_class_23": 0.00054462084433799286, "frac_class_24": 1.1712276222322427e-05, "frac_developed": 0.039798314603451602, "hybrid_seasonal_score": 0.0086736384632703188, "jackpot_zone": false, "hybrid_screening_score": 0.10835629017447199, "summer_ghi": 362.01798307475315, "winter_wind": 3.6320325979077479, "solar_cf_p50": 0.017120874, "wind_cf_p50": 0.050300043 }, "geometry": { "type": "Point", "coordinates": [ -75.57, 44.46 ] } },
{ "type": "Feature", "properties": { "latitude": 43.11, "longitude": -74.22, "frac_class_11": 0.32914068218416043, "frac_class_21": 0.059054311228224271, "frac_class_22": 0.042178304787000437, "frac_class_23": 0.0081159420289855077, "frac_class_24": 0.0013819352949787733, "frac_developed": 0.110730493339189, "hybrid_seasonal_score": 0.011547143528110218, "jackpot_zone": false, "hybrid_screening_score": 0.30440771349862256, "summer_ghi": 374.66527072015907, "winter_wind": 3.5960954456838317, "solar_cf_p50": 0.025428725, "wind_cf_p50": 0.017247669 }, "geometry": { "type": "Point", "coordinates": [ -74.22, 43.11 ] } },
{ "type": "Feature", "properties": { "latitude": 41.67, "longitude": -74.58, "frac_class_11": 0.029267435732271477, "frac_class_21": 0.092662645663758272, "frac_class_22": 0.050149323651695263, "frac_class_23": 0.021309363471335715, "frac_class_24": 0.0035837676406863033, "frac_developed": 0.16770510042747555, "hybrid_seasonal_score": 0.18061932455871849, "jackpot_zone": false, "hybrid_screening_score": 0.70752984389348028, "summer_ghi": 381.73849785772558, "winter_wind": 4.4523769912436117, "solar_cf_p50": 0.035470068, "wind_cf_p50": 0.050175346 }, "geometry": { "type": "Point", "coordinates": [ -74.58, 41.67 ] } },
{ "type": "Feature", "properties": { "latitude": 42.66, "longitude": -77.28, "frac_class_11": 0.023381505597976297, "frac_class_21": 0.052642057431957649, "frac_class_22": 0.012285098608703799, "frac_class_23": 0.00069096360144282572, "frac_class_24": 5.8556237410408959e-05, "frac_developed": 0.065676675879514687, "hybrid_seasonal_score": 0.45760636669727583, "jackpot_zone": false, "hybrid_screening_score": 0.50550964187327829, "summer_ghi": 384.92582901349641, "winter_wind": 4.9415676742959489, "solar_cf_p50": 0.035410877, "wind_cf_p50": 0.020100225 }, "geometry": { "type": "Point", "coordinates": [ -77.28, 42.66 ] } },
{ "type": "Feature", "properties": { "latitude": 42.75, "longitude": -76.11, "frac_class_11": 0.021366920797760834, "frac_class_21": 0.048009696799353546, "frac_class_22": 0.02634999824333345, "frac_class_23": 0.0065874995608333625, "frac_class_24": 0.0015458665636088958, "frac_developed": 0.082493061167129261, "hybrid_seasonal_score": 0.42134657367564954, "jackpot_zone": false, "hybrid_screening_score": 0.48393021120293844, "summer_ghi": 382.07802785471699, "winter_wind": 5.1354481610839375, "solar_cf_p50": 0.047312722, "wind_cf_p50": 0.0156719 }, "geometry": { "type": "Point", "coordinates": [ -76.11, 42.75 ] } },
{ "type": "Feature", "properties": { "latitude": 42.21, "longitude": -78.09, "frac_class_11": 0.00097203354101278868, "frac_class_21": 0.054826205087365909, "frac_class_22": 0.030525366562046189, "frac_class_23": 0.0048016114676535347, "frac_class_24": 0.00068510797770178478, "frac_developed": 0.090838291094767418, "hybrid_seasonal_score": 0.59062682084219775, "jackpot_zone": true, "hybrid_screening_score": 0.66345270890725438, "summer_ghi": 386.71574623589345, "winter_wind": 5.0876487424701544, "solar_cf_p50": 0.038085077, "wind_cf_p50": 0.036981039 }, "geometry": { "type": "Point", "coordinates": [ -78.09, 42.21 ] } },
{ "type": "Feature", "properties": { "latitude": 42.84, "longitude": -74.58, "frac_class_11": 0.0014698906659014646, "frac_class_21": 0.056330192491259715, "frac_class_22": 0.018370705254712728, "frac_class_23": 0.0039821739155896253, "frac_class_24": 0.0019676624053501677, "frac_developed": 0.080650734066912227, "hybrid_seasonal_score": 0.081008557905627776, "jackpot_zone": false, "hybrid_screening_score": 0.57346189164370975, "summer_ghi": 379.07590892886719, "winter_wind": 4.2801705963612697, "solar_cf_p50": 0.030824685, "wind_cf_p50": 0.018891593 }, "geometry": { "type": "Point", "coordinates": [ -74.58, 42.84 ] } },
{ "type": "Feature", "properties": { "latitude": 43.02, "longitude": -76.56, "frac_class_11": 0.0070801539011120934, "frac_class_21": 0.078859679431245208, "frac_class_22": 0.050995847949449225, "frac_class_23": 0.015343261555759873, "frac_class_24": 0.0033263254059815294, "frac_developed": 0.14852511434243584, "hybrid_seasonal_score": 0.28726955674113203, "jackpot_zone": false, "hybrid_screening_score": 0.32185491276400369, "summer_ghi": 385.18684296163804, "winter_wind": 4.5516781248766858, "solar_cf_p50": 0.022329347, "wind_cf_p50": 0.018155891 }, "geometry": { "type": "Point", "coordinates": [ -76.56, 43.02 ] } },
{ "type": "Feature", "properties": { "latitude": 43.11, "longitude": -76.38, "frac_class_11": 0.026029924164787867, "frac_class_21": 0.090791438526630158, "frac_class_22": 0.071513483442157355, "frac_class_23": 0.021596931455509033, "frac_class_24": 0.0039996486399437826, "frac_developed": 0.18790150206424033, "hybrid_seasonal_score": 0.24318651916948936, "jackpot_zone": false, "hybrid_screening_score": 0.29201101928374656, "summer_ghi": 384.57063340074848, "winter_wind": 4.471967896498267, "solar_cf_p50": 0.026421187, "wind_cf_p50": 0.015502754 }, "geometry": { "type": "Point", "coordinates": [ -76.38, 43.11 ] } },
{ "type": "Feature", "properties": { "latitude": 41.49, "longitude": -74.58, "frac_class_11": 0.0062772654077001902, "frac_class_21": 0.061976284584980237, "frac_class_22": 0.021595666813058117, "frac_class_23": 0.0059610598741033525, "frac_class_24": 0.00091933831064265842, "frac_developed": 0.090452349582784364, "hybrid_seasonal_score": 0.19304152637485972, "jackpot_zone": false, "hybrid_screening_score": 0.75895316804407709, "summer_ghi": 381.06631506461088, "winter_wind": 4.5787950900402414, "solar_cf_p50": 0.019584984, "wind_cf_p50": 0.049947664 }, "geometry": { "type": "Point", "coordinates": [ -74.58, 41.49 ] } },
{ "type": "Feature", "properties": { "latitude": 42.3, "longitude": -76.92, "frac_class_11": 0.0011009088353789937, "frac_class_21": 0.053165698491520662, "frac_class_22": 0.029800665230019677, "frac_class_23": 0.0037360629626159467, "frac_class_24": 0.00065000468471844842, "frac_developed": 0.087352431368874731, "hybrid_seasonal_score": 0.32612733057260979, "jackpot_zone": false, "hybrid_screening_score": 0.47566574839302111, "summer_ghi": 384.50488611840422, "winter_wind": 4.6719740176994646, "solar_cf_p50": 0.029463997, "wind_cf_p50": 0.031444561 }, "geometry": { "type": "Point", "coordinates": [ -76.92, 42.3 ] } },
{ "type": "Feature", "properties": { "latitude": 42.39, "longitude": -77.46, "frac_class_11": 0.0031972641724883032, "frac_class_21": 0.054376914113051983, "frac_class_22": 0.043286038027533946, "frac_class_23": 0.0077764960092755794, "frac_class_24": 0.00072026280808802428, "frac_developed": 0.10615971095794953, "hybrid_seasonal_score": 0.46780350461792986, "jackpot_zone": false, "hybrid_screening_score": 0.67493112947658407, "summer_ghi": 386.0220854035577, "winter_wind": 4.8730442261331737, "solar_cf_p50": 0.039813075, "wind_cf_p50": 0.040009424 }, "geometry": { "type": "Point", "coordinates": [ -77.46, 42.39 ] } },
{ "type": "Feature", "properties": { "latitude": 42.21, "longitude": -75.75, "frac_class_11": 0.004011172726367751, "frac_class_21": 0.061918453151259274, "frac_class_22": 0.029061971154690731, "frac_class_23": 0.0068043543183055871, "frac_class_24": 8.7835899117542004e-05, "frac_developed": 0.097872614523373133, "hybrid_seasonal_score": 0.13780365639869771, "jackpot_zone": false, "hybrid_screening_score": 0.34251606978879706, "summer_ghi": 380.4428463415959, "winter_wind": 4.4302911354088845, "solar_cf_p50": 0.025671789, "wind_cf_p50": 0.028869223 }, "geometry": { "type": "Point", "coordinates": [ -75.75, 42.21 ] } },
{ "type": "Feature", "properties": { "latitude": 42.75, "longitude": -78.36, "frac_class_11": 0.0013235414690139031, "frac_class_21": 0.046646052215467866, "frac_class_22": 0.024503086311301638, "frac_class_23": 0.0030570294107312274, "frac_class_24": 0.00038066458179603405, "frac_developed": 0.074586832519296764, "hybrid_seasonal_score": 0.78706191221843613, "jackpot_zone": true, "hybrid_screening_score": 0.68365472910927449, "summer_ghi": 390.07494536401344, "winter_wind": 5.3881683436341028, "solar_cf_p50": 0.032554861, "wind_cf_p50": 0.018787008 }, "geometry": { "type": "Point", "coordinates": [ -78.36, 42.75 ] } },
{ "type": "Feature", "properties": { "latitude": 42.39, "longitude": -77.73, "frac_class_11": 0.0040462833920854461, "frac_class_21": 0.052420157635237212, "frac_class_22": 0.037892184993031729, "frac_class_23": 0.010932577558644758, "frac_class_24": 0.002207596004075562, "frac_developed": 0.10345251619098926, "hybrid_seasonal_score": 0.54344682318636739, "jackpot_zone": false, "hybrid_screening_score": 0.62350780532598715, "summer_ghi": 386.65552690622502, "winter_wind": 4.9975690403711202, "solar_cf_p50": 0.044026863, "wind_cf_p50": 0.053624474 }, "geometry": { "type": "Point", "coordinates": [ -77.73, 42.39 ] } },
{ "type": "Feature", "properties": { "latitude": 42.39, "longitude": -76.11, "frac_class_11": 0.002951217084267788, "frac_class_21": 0.040983270580933033, "frac_class_22": 0.015605145892011219, "frac_class_23": 0.0010715728698829467, "frac_class_24": 6.4411483982035049e-05, "frac_developed": 0.057724400826809241, "hybrid_seasonal_score": 0.36100802667294024, "jackpot_zone": false, "hybrid_screening_score": 0.49173553719008267, "summer_ghi": 381.90620332516448, "winter_wind": 4.9814970685505919, "solar_cf_p50": 0.039381456, "wind_cf_p50": 0.038179684 }, "geometry": { "type": "Point", "coordinates": [ -76.11, 42.39 ] } },
{ "type": "Feature", "properties": { "latitude": 42.57, "longitude": -77.28, "frac_class_11": 0.0015927576373314283, "frac_class_21": 0.054604650618071945, "frac_class_22": 0.017549612643684893, "frac_class_23": 0.001797708068605693, "frac_class_24": 0.00033963214325449575, "frac_developed": 0.074291603473617032, "hybrid_seasonal_score": 0.50024411406830638, "jackpot_zone": false, "hybrid_screening_score": 0.57483930211202938, "summer_ghi": 385.4054441282716, "winter_wind": 5.0164792917063732, "solar_cf_p50": 0.042649776, "wind_cf_p50": 0.020738371 }, "geometry": { "type": "Point", "coordinates": [ -77.28, 42.57 ] } },
{ "type": "Feature", "properties": { "latitude": 42.93, "longitude": -78.18, "frac_class_11": 0.0065290969351306403, "frac_class_21": 0.045996463161839626, "frac_class_22": 0.043888413927178613, "frac_class_23": 0.010171337557239393, "frac_class_24": 0.0032674763137245716, "frac_developed": 0.1033236909599822, "hybrid_seasonal_score": 0.75917809870977915, "jackpot_zone": true, "hybrid_screening_score": 0.72635445362718087, "summer_ghi": 388.81515607626812, "winter_wind": 5.3517010208925093, "solar_cf_p50": 0.027277034, "wind_cf_p50": 0.028497847 }, "geometry": { "type": "Point", "coordinates": [ -78.18, 42.93 ] } },
{ "type": "Feature", "properties": { "latitude": 44.19, "longitude": -75.57, "frac_class_11": 0.0050710889372965126, "frac_class_21": 0.027826575785257535, "frac_class_22": 0.015652448879207363, "frac_class_23": 0.0013761038109291921, "frac_class_24": 0.00014639402243927575, "frac_developed": 0.045001522497833367, "hybrid_seasonal_score": 0.014882315095187622, "jackpot_zone": false, "hybrid_screening_score": 0.16023875114784206, "summer_ghi": 362.73368654035539, "winter_wind": 3.8081314254252288, "solar_cf_p50": 0.023960344, "wind_cf_p50": 0.052736197 }, "geometry": { "type": "Point", "coordinates": [ -75.57, 44.19 ] } },
{ "type": "Feature", "properties": { "latitude": 42.66, "longitude": -75.57, "frac_class_11": 0.0032910725265716044, "frac_class_21": 0.05536263285802126, "frac_class_22": 0.027101572336251573, "frac_class_23": 0.0068105290896846547, "frac_class_24": 0.0015167042426726788, "frac_developed": 0.090791438526630172, "hybrid_seasonal_score": 0.1855570480664395, "jackpot_zone": false, "hybrid_screening_score": 0.3925619834710744, "summer_ghi": 379.53675561162515, "winter_wind": 4.7734279603886636, "solar_cf_p50": 0.039353207, "wind_cf_p50": 0.021779254 }, "geometry": { "type": "Point", "coordinates": [ -75.57, 42.66 ] } },
{ "type": "Feature", "properties": { "latitude": 42.3, "longitude": -74.85, "frac_class_11": 0.0010482057528342548, "frac_class_21": 0.06066124800899466, "frac_class_22": 0.015523985758455917, "frac_class_23": 0.0042455260938817577, "frac_class_24": 0.00093108779162372343, "frac_developed": 0.081361847652956065, "hybrid_seasonal_score": 0.45338601812431006, "jackpot_zone": false, "hybrid_screening_score": 0.74977043158861334, "summer_ghi": 382.14015171757421, "winter_wind": 5.2570915476435189, "solar_cf_p50": 0.05898219, "wind_cf_p50": 0.053120513 }, "geometry": { "type": "Point", "coordinates": [ -74.85, 42.3 ] } },
{ "type": "Feature", "properties": { "latitude": 41.85, "longitude": -73.95, "frac_class_11": 0.11300126487398107, "frac_class_21": 0.090151550641806424, "frac_class_22": 0.040956151035322776, "frac_class_23": 0.010763140635247822, "frac_class_24": 0.0014288391267684812, "frac_developed": 0.14329968143914551, "hybrid_seasonal_score": 0.032934740172406086, "jackpot_zone": false, "hybrid_screening_score": 0.4710743801652893, "summer_ghi": 379.2709559305635, "winter_wind": 3.701104930849874, "solar_cf_p50": 0.026876939, "wind_cf_p50": 0.048834965 }, "geometry": { "type": "Point", "coordinates": [ -73.95, 41.85 ] } },
{ "type": "Feature", "properties": { "latitude": 42.93, "longitude": -77.19, "frac_class_11": 0.0011185616819419637, "frac_class_21": 0.059670287839301922, "frac_class_22": 0.077040203800767176, "frac_class_23": 0.014746273901203479, "frac_class_24": 0.0028696085034113205, "frac_developed": 0.15432637404468388, "hybrid_seasonal_score": 0.52643472878884845, "jackpot_zone": false, "hybrid_screening_score": 0.57621671258034901, "summer_ghi": 387.06963967121436, "winter_wind": 4.9167791880764611, "solar_cf_p50": 0.028737731, "wind_cf_p50": 0.017613523 }, "geometry": { "type": "Point", "coordinates": [ -77.19, 42.93 ] } },
{ "type": "Feature", "properties": { "latitude": 43.29, "longitude": -75.48, "frac_class_11": 0.062729460537179191, "frac_class_21": 0.085723821736610042, "frac_class_22": 0.055761472294927422, "frac_class_23": 0.011312733852126408, "frac_class_24": 0.0033961623365596876, "frac_developed": 0.15619419022022357, "hybrid_seasonal_score": 0.02253607112109491, "jackpot_zone": false, "hybrid_screening_score": 0.093204775022956834, "summer_ghi": 374.50815263527375, "winter_wind": 3.8229218466133115, "solar_cf_p50": 0.020111164, "wind_cf_p50": 0.020189939 }, "geometry": { "type": "Point", "coordinates": [ -75.48, 43.29 ] } },
{ "type": "Feature", "properties": { "latitude": 42.3, "longitude": -76.02, "frac_class_11": 0.011658342067818643, "frac_class_21": 0.064627383928937396, "frac_class_22": 0.029611369079336453, "frac_class_23": 0.0069095146358744341, "frac_class_24": 0.00086076156904537444, "frac_developed": 0.10200902921319364, "hybrid_seasonal_score": 0.14102457077663688, "jackpot_zone": false, "hybrid_screening_score": 0.32506887052341593, "summer_ghi": 380.8963377202744, "winter_wind": 4.3958020054534197, "solar_cf_p50": 0.030375941, "wind_cf_p50": 0.031868566 }, "geometry": { "type": "Point", "coordinates": [ -76.02, 42.3 ] } },
{ "type": "Feature", "properties": { "latitude": 43.11, "longitude": -73.59, "frac_class_11": 0.02712152269399707, "frac_class_21": 0.066354319180087842, "frac_class_22": 0.0494407027818448, "frac_class_23": 0.012538799414348463, "frac_class_24": 0.0036310395314787702, "frac_developed": 0.13196486090775988, "hybrid_seasonal_score": 0.011474626050133187, "jackpot_zone": false, "hybrid_screening_score": 0.35904499540863177, "summer_ghi": 377.21211725603644, "winter_wind": 3.501218470544357, "solar_cf_p50": 0.028508106, "wind_cf_p50": 0.0160644 }, "geometry": { "type": "Point", "coordinates": [ -73.59, 43.11 ] } },
{ "type": "Feature", "properties": { "latitude": 43.56, "longitude": -75.3, "frac_class_11": 0.012326881972301116, "frac_class_21": 0.042514566802330692, "frac_class_22": 0.025397476063596169, "frac_class_23": 0.0036658565865370541, "frac_class_24": 0.00027523204403712706, "frac_developed": 0.071853131496501035, "hybrid_seasonal_score": 0.014977388881721463, "jackpot_zone": false, "hybrid_screening_score": 0.053259871441689623, "summer_ghi": 358.03121894561963, "winter_wind": 4.0151948914899984, "solar_cf_p50": 0.06169235, "wind_cf_p50": 0.022620337 }, "geometry": { "type": "Point", "coordinates": [ -75.3, 43.56 ] } },
{ "type": "Feature", "properties": { "latitude": 42.12, "longitude": -75.39, "frac_class_11": 0.05630899679104303, "frac_class_21": 0.036159323542501114, "frac_class_22": 0.0099665050476658943, "frac_class_23": 0.001721593703885883, "frac_class_24": 0.00013468250064413369, "frac_developed": 0.047982104794697021, "hybrid_seasonal_score": 0.28038967182468311, "jackpot_zone": false, "hybrid_screening_score": 0.51744719926538107, "summer_ghi": 381.46546126950903, "winter_wind": 4.7890012029890521, "solar_cf_p50": 0.045149397, "wind_cf_p50": 0.029019952 }, "geometry": { "type": "Point", "coordinates": [ -75.39, 42.12 ] } },
{ "type": "Feature", "properties": { "latitude": 42.03, "longitude": -73.77, "frac_class_11": 0.0056393949508968567, "frac_class_21": 0.072211193291286752, "frac_class_22": 0.019014657742016713, "frac_class_23": 0.0018915104560121338, "frac_class_24": 8.1984973325603322e-05, "frac_developed": 0.093199346462641205, "hybrid_seasonal_score": 0.12333705196214587, "jackpot_zone": false, "hybrid_screening_score": 0.53259871441689621, "summer_ghi": 381.12488900130148, "winter_wind": 4.2813647970484823, "solar_cf_p50": 0.034917422, "wind_cf_p50": 0.049533743 }, "geometry": { "type": "Point", "coordinates": [ -73.77, 42.03 ] } },
{ "type": "Feature", "properties": { "latitude": 42.3, "longitude": -73.68, "frac_class_11": 0.007770685717631903, "frac_class_21": 0.07498389646893483, "frac_class_22": 0.03554488493295075, "frac_class_23": 0.0088657258300638281, "frac_class_24": 0.00187386543303859, "frac_developed": 0.12126837266498799, "hybrid_seasonal_score": 0.11360284538346145, "jackpot_zone": false, "hybrid_screening_score": 0.56565656565656564, "summer_ghi": 378.95636453363244, "winter_wind": 4.514247176537852, "solar_cf_p50": 0.039830584, "wind_cf_p50": 0.032338154 }, "geometry": { "type": "Point", "coordinates": [ -73.68, 42.3 ] } },
{ "type": "Feature", "properties": { "latitude": 41.76, "longitude": -74.76, "frac_class_11": 0.012256394640682094, "frac_class_21": 0.1029759673943596, "frac_class_22": 0.043644008245104469, "frac_class_23": 0.018756441487866579, "frac_class_24": 0.0031856085449264498, "frac_developed": 0.16856202567225709, "hybrid_seasonal_score": 0.2249728270264208, "jackpot_zone": false, "hybrid_screening_score": 0.68549127640036733, "summer_ghi": 383.85658284182387, "winter_wind": 4.4517195001950007, "solar_cf_p50": 0.032804035, "wind_cf_p50": 0.050096817 }, "geometry": { "type": "Point", "coordinates": [ -74.76, 41.76 ] } },
{ "type": "Feature", "properties": { "latitude": 43.38, "longitude": -73.41, "frac_class_11": 0.0048018645288609623, "frac_class_21": 0.047058272382837434, "frac_class_22": 0.01755608519210386, "frac_class_23": 0.0023775085350214034, "frac_class_24": 0.00018738983527262292, "frac_developed": 0.067179255945235328, "hybrid_seasonal_score": 0.0076952849304464631, "jackpot_zone": false, "hybrid_screening_score": 0.20293847566574841, "summer_ghi": 374.7147327784923, "winter_wind": 3.4387094750149889, "solar_cf_p50": 0.028771365, "wind_cf_p50": 0.013306009 }, "geometry": { "type": "Point", "coordinates": [ -73.41, 43.38 ] } },
{ "type": "Feature", "properties": { "latitude": 42.75, "longitude": -76.83, "frac_class_11": 0.075459432868336909, "frac_class_21": 0.065040936083488529, "frac_class_22": 0.061901917378216618, "frac_class_23": 0.013709781322838704, "frac_class_24": 0.0040291881888564838, "frac_developed": 0.14468182297340032, "hybrid_seasonal_score": 0.4893513142949657, "jackpot_zone": false, "hybrid_screening_score": 0.47061524334251603, "summer_ghi": 386.66892613258034, "winter_wind": 4.8564326848538943, "solar_cf_p50": 0.036840208, "wind_cf_p50": 0.016600013 }, "geometry": { "type": "Point", "coordinates": [ -76.83, 42.75 ] } },
{ "type": "Feature", "properties": { "latitude": 42.57, "longitude": -77.37, "frac_class_11": 0.00063244439759671132, "frac_class_21": 0.053552814963165968, "frac_class_22": 0.019389105559654733, "frac_class_23": 0.0023131068245435273, "frac_class_24": 0.00024009463242097374, "frac_developed": 0.075495121979785196, "hybrid_seasonal_score": 0.63760760624021329, "jackpot_zone": false, "hybrid_screening_score": 0.64967860422405876, "summer_ghi": 385.77503179751324, "winter_wind": 5.352919622033502, "solar_cf_p50": 0.029634509, "wind_cf_p50": 0.024589339 }, "geometry": { "type": "Point", "coordinates": [ -77.37, 42.57 ] } },
{ "type": "Feature", "properties": { "latitude": 42.21, "longitude": -76.29, "frac_class_11": 0.0015929255365875084, "frac_class_21": 0.051213727270065297, "frac_class_22": 0.019425492664929284, "frac_class_23": 0.0038710433076630259, "frac_class_24": 0.00033966794530174811, "frac_developed": 0.074849931187959351, "hybrid_seasonal_score": 0.12236249294851849, "jackpot_zone": false, "hybrid_screening_score": 0.32231404958677684, "summer_ghi": 381.39303262802105, "winter_wind": 4.225052245748163, "solar_cf_p50": 0.042332061, "wind_cf_p50": 0.028813165 }, "geometry": { "type": "Point", "coordinates": [ -76.29, 42.21 ] } },
{ "type": "Feature", "properties": { "latitude": 42.12, "longitude": -76.74, "frac_class_11": 0.0061015956668130584, "frac_class_21": 0.067006294832381783, "frac_class_22": 0.049509588640023423, "frac_class_23": 0.041235543844239497, "frac_class_24": 0.015839554969989754, "frac_developed": 0.17359098228663447, "hybrid_seasonal_score": 0.13750325696231028, "jackpot_zone": false, "hybrid_screening_score": 0.37695133149678606, "summer_ghi": 383.45409030024064, "winter_wind": 4.1310203056522905, "solar_cf_p50": 0.025983706, "wind_cf_p50": 0.028818935 }, "geometry": { "type": "Point", "coordinates": [ -76.74, 42.12 ] } },
{ "type": "Feature", "properties": { "latitude": 43.92, "longitude": -75.57, "frac_class_11": 0.012971801704196071, "frac_class_21": 0.043120260021668473, "frac_class_22": 0.022271675792802554, "frac_class_23": 0.0054288307809434574, "frac_class_24": 0.00093115867763755085, "frac_developed": 0.071751925273052033, "hybrid_seasonal_score": 0.02599245649583741, "jackpot_zone": false, "hybrid_screening_score": 0.15702479338842973, "summer_ghi": 367.55114812328685, "winter_wind": 4.0524721398262784, "solar_cf_p50": 0.026263338, "wind_cf_p50": 0.051698104 }, "geometry": { "type": "Point", "coordinates": [ -75.57, 43.92 ] } },
{ "type": "Feature", "properties": { "latitude": 43.65, "longitude": -75.48, "frac_class_11": 0.0041283114327875766, "frac_class_21": 0.033284144941793735, "frac_class_22": 0.0085142763450682789, "frac_class_23": 0.0010716042442554985, "frac_class_24": 8.7836413463565459e-05, "frac_developed": 0.04295786194458108, "hybrid_seasonal_score": 0.05939181446318937, "jackpot_zone": false, "hybrid_screening_score": 0.30762167125803491, "summer_ghi": 363.2246361422869, "winter_wind": 4.7151163948046433, "solar_cf_p50": 0.077692688, "wind_cf_p50": 0.045300569 }, "geometry": { "type": "Point", "coordinates": [ -75.48, 43.65 ] } },
{ "type": "Feature", "properties": { "latitude": 42.84, "longitude": -74.22, "frac_class_11": 0.0090477863668306392, "frac_class_21": 0.054198875614898105, "frac_class_22": 0.016842351838838136, "frac_class_23": 0.0021140782384633404, "frac_class_24": 0.00019910986179433123, "frac_developed": 0.073354415553993912, "hybrid_seasonal_score": 0.056024178676319925, "jackpot_zone": false, "hybrid_screening_score": 0.53443526170798905, "summer_ghi": 378.73120431818745, "winter_wind": 4.0660353915623189, "solar_cf_p50": 0.027329758, "wind_cf_p50": 0.0166316 }, "geometry": { "type": "Point", "coordinates": [ -74.22, 42.84 ] } },
{ "type": "Feature", "properties": { "latitude": 43.2, "longitude": -76.38, "frac_class_11": 0.02421342952340241, "frac_class_21": 0.09137275798867503, "frac_class_22": 0.064442271319236646, "frac_class_23": 0.018047349405350962, "frac_class_24": 0.0062246373841298094, "frac_developed": 0.18008701609739247, "hybrid_seasonal_score": 0.354350121129485, "jackpot_zone": false, "hybrid_screening_score": 0.30808080808080807, "summer_ghi": 388.27858852677662, "winter_wind": 4.5678537860827113, "solar_cf_p50": 0.023289887, "wind_cf_p50": 0.012765656 }, "geometry": { "type": "Point", "coordinates": [ -76.38, 43.2 ] } },
{ "type": "Feature", "properties": { "latitude": 44.28, "longitude": -73.95, "frac_class_11": 0.061843777266365675, "frac_class_21": 0.048187902956625617, "frac_class_22": 0.035064912249881418, "frac_class_23": 0.011875691723907735, "frac_class_24": 0.0018153177684474349, "frac_developed": 0.096943824698862216, "hybrid_seasonal_score": 5.9869080655456813e-05, "jackpot_zone": false, "hybrid_screening_score": 0.069788797061524327, "summer_ghi": 343.12836265129454, "winter_wind": 3.5347631239907096, "solar_cf_p50": 0.078595214, "wind_cf_p50": 0.049180608 }, "geometry": { "type": "Point", "coordinates": [ -73.95, 44.28 ] } },
{ "type": "Feature", "properties": { "latitude": 43.2, "longitude": -76.65, "frac_class_11": 0.0062950166891140129, "frac_class_21": 0.062265034842185395, "frac_class_22": 0.02041342156116414, "frac_class_23": 0.002289629325994027, "frac_class_24": 0.00021666569069508695, "frac_developed": 0.085184751420038646, "hybrid_seasonal_score": 0.35850469803637847, "jackpot_zone": false, "hybrid_screening_score": 0.34389348025711663, "summer_ghi": 392.34314922805049, "winter_wind": 4.5138665361485151, "solar_cf_p50": 0.027818164, "wind_cf_p50": 0.013067966 }, "geometry": { "type": "Point", "coordinates": [ -76.65, 43.2 ] } },
{ "type": "Feature", "properties": { "latitude": 43.11, "longitude": -78.0, "frac_class_11": 0.0017626975714595252, "frac_class_21": 0.037918494269768857, "frac_class_22": 0.048734781361083619, "frac_class_23": 0.0056336048629370876, "frac_class_24": 0.00092526982156347171, "frac_developed": 0.093212150315353043, "hybrid_seasonal_score": 0.70977050747899728, "jackpot_zone": true, "hybrid_screening_score": 0.68365472910927449, "summer_ghi": 390.37491167611108, "winter_wind": 5.1523366366429642, "solar_cf_p50": 0.035896063, "wind_cf_p50": 0.022394786 }, "geometry": { "type": "Point", "coordinates": [ -78.0, 43.11 ] } },
{ "type": "Feature", "properties": { "latitude": 42.39, "longitude": -77.91, "frac_class_11": 0.00069688451628015929, "frac_class_21": 0.042714921527289763, "frac_class_22": 0.0073202155071445301, "frac_class_23": 0.00042750058561724056, "frac_class_24": 5.8561724057156239e-06, "frac_developed": 0.050468493792457249, "hybrid_seasonal_score": 0.67273789738102274, "jackpot_zone": false, "hybrid_screening_score": 0.72314049586776852, "summer_ghi": 385.71752193660478, "winter_wind": 5.5576918091149272, "solar_cf_p50": 0.042388078, "wind_cf_p50": 0.062713787 }, "geometry": { "type": "Point", "coordinates": [ -77.91, 42.39 ] } },
{ "type": "Feature", "properties": { "latitude": 42.39, "longitude": -74.76, "frac_class_11": 0.0041168409833569532, "frac_class_21": 0.055568569119593354, "frac_class_22": 0.009697707920966022, "frac_class_23": 0.0014288893313500661, "frac_class_24": 5.8561038170084678e-05, "frac_developed": 0.066753727410079525, "hybrid_seasonal_score": 0.33690777041641051, "jackpot_zone": false, "hybrid_screening_score": 0.72084481175390269, "summer_ghi": 380.69814287130214, "winter_wind": 5.1816577538325568, "solar_cf_p50": 0.063422412, "wind_cf_p50": 0.070893615 }, "geometry": { "type": "Point", "coordinates": [ -74.76, 42.39 ] } },
{ "type": "Feature", "properties": { "latitude": 42.3, "longitude": -78.9, "frac_class_11": 0.0034080927563389352, "frac_class_21": 0.049669145634479127, "frac_class_22": 0.0168120864320431, "frac_class_23": 0.0017801721613866603, "frac_class_24": 0.00014053990747789425, "frac_developed": 0.068401944135386791, "hybrid_seasonal_score": 0.66620057322536652, "jackpot_zone": false, "hybrid_screening_score": 0.60284664830119372, "summer_ghi": 393.20189962882023, "winter_wind": 5.0351695208552414, "solar_cf_p50": 0.031166552, "wind_cf_p50": 0.050023586 }, "geometry": { "type": "Point", "coordinates": [ -78.9, 42.3 ] } },
{ "type": "Feature", "properties": { "latitude": 41.49, "longitude": -73.86, "frac_class_11": 0.014083269895180653, "frac_class_21": 0.088013117058031276, "frac_class_22": 0.047789424371962291, "frac_class_23": 0.027780055044797095, "frac_class_24": 0.015219300813960298, "frac_developed": 0.17880189728875098, "hybrid_seasonal_score": 0.12828004563541753, "jackpot_zone": false, "hybrid_screening_score": 0.62993572084481175, "summer_ghi": 380.88682366611857, "winter_wind": 4.3311600021957402, "solar_cf_p50": 0.03009622, "wind_cf_p50": 0.049714975 }, "geometry": { "type": "Point", "coordinates": [ -73.86, 41.49 ] } },
{ "type": "Feature", "properties": { "latitude": 42.3, "longitude": -76.38, "frac_class_11": 0.00090185583190344285, "frac_class_21": 0.038574833537324535, "frac_class_22": 0.0086086238499874096, "frac_class_23": 0.00041579067574769118, "frac_class_24": 5.8562067006717065e-06, "frac_developed": 0.047605104269760307, "hybrid_seasonal_score": 0.27296780308300472, "jackpot_zone": false, "hybrid_screening_score": 0.40725436179981633, "summer_ghi": 381.35580253401014, "winter_wind": 4.7808298606204787, "solar_cf_p50": 0.029349331, "wind_cf_p50": 0.031502783 }, "geometry": { "type": "Point", "coordinates": [ -76.38, 42.3 ] } },
{ "type": "Feature", "properties": { "latitude": 42.75, "longitude": -76.02, "frac_class_11": 0.0038646890389221031, "frac_class_21": 0.034922735497168823, "frac_class_22": 0.0083090814336825216, "frac_class_23": 0.0011301287644120694, "frac_class_24": 3.5133536717473664e-05, "frac_developed": 0.044397079231980892, "hybrid_seasonal_score": 0.32181738918528302, "jackpot_zone": false, "hybrid_screening_score": 0.46969696969696967, "summer_ghi": 380.75583715727566, "winter_wind": 5.0882098860107261, "solar_cf_p50": 0.028227694, "wind_cf_p50": 0.015587954 }, "geometry": { "type": "Point", "coordinates": [ -76.02, 42.75 ] } },
{ "type": "Feature", "properties": { "latitude": 41.85, "longitude": -74.31, "frac_class_11": 0.0010833538292165888, "frac_class_21": 0.054788423925137324, "frac_class_22": 0.0079992504362695147, "frac_class_23": 0.00060902053101905527, "frac_class_24": 1.1711933288827987e-05, "frac_developed": 0.063408406825714719, "hybrid_seasonal_score": 0.019289649141890561, "jackpot_zone": false, "hybrid_screening_score": 0.50964187327823696, "summer_ghi": 382.64549169970678, "winter_wind": 3.320835732789206, "solar_cf_p50": 0.031211788, "wind_cf_p50": 0.050234076 }, "geometry": { "type": "Point", "coordinates": [ -74.31, 41.85 ] } },
{ "type": "Feature", "properties": { "latitude": 42.3, "longitude": -74.49, "frac_class_11": 0.0072967480865068724, "frac_class_21": 0.041818682251802228, "frac_class_22": 0.0082922915654042792, "frac_class_23": 0.0020203676483506188, "frac_class_24": 0.00012883503844554671, "frac_developed": 0.052260176504002671, "hybrid_seasonal_score": 0.32171388313386812, "jackpot_zone": false, "hybrid_screening_score": 0.60927456382001832, "summer_ghi": 384.8371767939592, "winter_wind": 4.6543864749930632, "solar_cf_p50": 0.053215895, "wind_cf_p50": 0.067803323 }, "geometry": { "type": "Point", "coordinates": [ -74.49, 42.3 ] } },
{ "type": "Feature", "properties": { "latitude": 42.3, "longitude": -74.76, "frac_class_11": 0.0009837735915348624, "frac_class_21": 0.052368376363668305, "frac_class_22": 0.0083152291665446708, "frac_class_23": 0.0010481873385996452, "frac_class_24": 0.0, "frac_developed": 0.06173179286881262, "hybrid_seasonal_score": 0.54248533418330558, "jackpot_zone": false, "hybrid_screening_score": 0.79522497704315886, "summer_ghi": 383.91297645448424, "winter_wind": 5.29132852842719, "solar_cf_p50": 0.066928536, "wind_cf_p50": 0.052971244 }, "geometry": { "type": "Point", "coordinates": [ -74.76, 42.3 ] } },
{ "type": "Feature", "properties": { "latitude": 42.3, "longitude": -77.46, "frac_class_11": 0.0023130390991444685, "frac_class_21": 0.04450989922176482, "frac_class_22": 0.022451118749670613, "frac_class_23": 0.0012297169894185782, "frac_class_24": 2.9278975938537575e-05, "frac_developed": 0.068220013936792542, "hybrid_seasonal_score": 0.50432701672371094, "jackpot_zone": false, "hybrid_screening_score": 0.70844811753902659, "summer_ghi": 385.60932042641559, "winter_wind": 5.0007417181540683, "solar_cf_p50": 0.039248656, "wind_cf_p50": 0.026208086 }, "geometry": { "type": "Point", "coordinates": [ -77.46, 42.3 ] } },
{ "type": "Feature", "properties": { "latitude": 42.93, "longitude": -76.47, "frac_class_11": 0.080371730232067881, "frac_class_21": 0.10564563825987153, "frac_class_22": 0.069479823621383274, "frac_class_23": 0.017532456124940709, "frac_class_24": 0.0056626202648021595, "frac_developed": 0.19832053827099766, "hybrid_seasonal_score": 0.57316465430665275, "jackpot_zone": false, "hybrid_screening_score": 0.55234159779614322, "summer_ghi": 386.12378666393664, "winter_wind": 5.1137298005003222, "solar_cf_p50": 0.023003709, "wind_cf_p50": 0.01595152 }, "geometry": { "type": "Point", "coordinates": [ -76.47, 42.93 ] } },
{ "type": "Feature", "properties": { "latitude": 42.66, "longitude": -75.75, "frac_class_11": 0.0015343441264486961, "frac_class_21": 0.037415742839239388, "frac_class_22": 0.011115210503815363, "frac_class_23": 0.0012356740865674613, "frac_class_24": 4.0993927042522417e-05, "frac_developed": 0.049807621356664736, "hybrid_seasonal_score": 0.27276880163181189, "jackpot_zone": false, "hybrid_screening_score": 0.47566574839302111, "summer_ghi": 379.97585101048406, "winter_wind": 5.0841734421984093, "solar_cf_p50": 0.049927685, "wind_cf_p50": 0.035906546 }, "geometry": { "type": "Point", "coordinates": [ -75.75, 42.66 ] } },
{ "type": "Feature", "properties": { "latitude": 41.58, "longitude": -73.59, "frac_class_11": 0.016536862446565555, "frac_class_21": 0.084323944486736552, "frac_class_22": 0.029325994027053933, "frac_class_23": 0.0091350939860631256, "frac_class_24": 0.0017157580371259589, "frac_developed": 0.12450079053697957, "hybrid_seasonal_score": 0.15326821938392185, "jackpot_zone": false, "hybrid_screening_score": 0.67630853994490359, "summer_ghi": 380.14048235612881, "winter_wind": 4.5473923582645348, "solar_cf_p50": 0.028655205, "wind_cf_p50": 0.049027946 }, "geometry": { "type": "Point", "coordinates": [ -73.59, 41.58 ] } },
{ "type": "Feature", "properties": { "latitude": 43.29, "longitude": -75.57, "frac_class_11": 0.0045090679112474892, "frac_class_21": 0.063653984669169106, "frac_class_22": 0.02513366165594055, "frac_class_23": 0.0031797712672823205, "frac_class_24": 0.00015225424115900612, "frac_developed": 0.092119671833550978, "hybrid_seasonal_score": 0.028921192895648193, "jackpot_zone": false, "hybrid_screening_score": 0.095041322314049589, "summer_ghi": 377.16385068658667, "winter_wind": 3.8440974936084222, "solar_cf_p50": 0.020023724, "wind_cf_p50": 0.018876163 }, "geometry": { "type": "Point", "coordinates": [ -75.57, 43.29 ] } },
{ "type": "Feature", "properties": { "latitude": 43.11, "longitude": -75.03, "frac_class_11": 0.0066931738995496893, "frac_class_21": 0.057000310357144951, "frac_class_22": 0.017356576936365074, "frac_class_23": 0.0034783423414982638, "frac_class_24": 0.0001229716989418578, "frac_developed": 0.077958201333950164, "hybrid_seasonal_score": 0.040622225257837576, "jackpot_zone": false, "hybrid_screening_score": 0.19651056014692378, "summer_ghi": 375.09217485524675, "winter_wind": 4.1808781425332064, "solar_cf_p50": 0.042892165, "wind_cf_p50": 0.021314964 }, "geometry": { "type": "Point", "coordinates": [ -75.03, 43.11 ] } },
{ "type": "Feature", "properties": { "latitude": 43.11, "longitude": -78.18, "frac_class_11": 0.0009017713365539453, "frac_class_21": 0.028733713951105255, "frac_class_22": 0.037160005855658026, "frac_class_23": 0.0040404040404040404, "frac_class_24": 0.00069096764748938666, "frac_developed": 0.070625091494656705, "hybrid_seasonal_score": 0.70133339404564043, "jackpot_zone": true, "hybrid_screening_score": 0.68365472910927449, "summer_ghi": 391.02651124942855, "winter_wind": 5.1083473848437952, "solar_cf_p50": 0.030740729, "wind_cf_p50": 0.022801077 }, "geometry": { "type": "Point", "coordinates": [ -78.18, 43.11 ] } },
{ "type": "Feature", "properties": { "latitude": 43.47, "longitude": -76.47, "frac_class_11": 0.33959126310241844, "frac_class_21": 0.07176319025589975, "frac_class_22": 0.065714118404872054, "frac_class_23": 0.042331791298237394, "frac_class_24": 0.016021549452479945, "frac_developed": 0.19583064941148912, "hybrid_seasonal_score": 0.97158242412437257, "jackpot_zone": true, "hybrid_screening_score": 0.89118457300275478, "summer_ghi": 401.59392917716497, "winter_wind": 6.8214177511957512, "solar_cf_p50": 0.015516363, "wind_cf_p50": 0.025181388 }, "geometry": { "type": "Point", "coordinates": [ -76.47, 43.47 ] } },
{ "type": "Feature", "properties": { "latitude": 42.48, "longitude": -79.08, "frac_class_11": 0.0030625988171224454, "frac_class_21": 0.047766001054049309, "frac_class_22": 0.017063887099607659, "frac_class_23": 0.0013702640979094689, "frac_class_24": 4.6846635825964746e-05, "frac_developed": 0.066246998887392397, "hybrid_seasonal_score": 0.59552132899240329, "jackpot_zone": false, "hybrid_screening_score": 0.80211202938475668, "summer_ghi": 407.350133770024, "winter_wind": 4.7984120014443779, "solar_cf_p50": 0.021635847, "wind_cf_p50": 0.021283802 }, "geometry": { "type": "Point", "coordinates": [ -79.08, 42.48 ] } },
{ "type": "Feature", "properties": { "latitude": 42.21, "longitude": -79.53, "frac_class_11": 0.098865193408987112, "frac_class_21": 0.070582861961142537, "frac_class_22": 0.028903020295354201, "frac_class_23": 0.0068568550984318827, "frac_class_24": 0.0011945332536977831, "frac_developed": 0.1075372706086264, "hybrid_seasonal_score": 0.90848188875987523, "jackpot_zone": true, "hybrid_screening_score": 0.85858585858585856, "summer_ghi": 399.21445558976558, "winter_wind": 5.4722689980076478, "solar_cf_p50": 0.020471333, "wind_cf_p50": 0.030929295 }, "geometry": { "type": "Point", "coordinates": [ -79.53, 42.21 ] } },
{ "type": "Feature", "properties": { "latitude": 44.82, "longitude": -75.21, "frac_class_11": 0.063340644403941798, "frac_class_21": 0.047425164499088693, "frac_class_22": 0.019393901949275587, "frac_class_23": 0.0029470822649902691, "frac_class_24": 0.0003089184764140743, "frac_developed": 0.070075067189768622, "hybrid_seasonal_score": 0.0069306893123572315, "jackpot_zone": false, "hybrid_screening_score": 0.10743801652892562, "summer_ghi": 356.19275307014505, "winter_wind": 3.7602607119968701, "solar_cf_p50": 0.022706939, "wind_cf_p50": 0.048316535 }, "geometry": { "type": "Point", "coordinates": [ -75.21, 44.82 ] } },
{ "type": "Feature", "properties": { "latitude": 42.39, "longitude": -75.48, "frac_class_11": 0.0060499575390201765, "frac_class_21": 0.049289876716741336, "frac_class_22": 0.013587513543588392, "frac_class_23": 0.0014173182230812029, "frac_class_24": 0.00011127705057249114, "frac_developed": 0.06440598553398344, "hybrid_seasonal_score": 0.12588696886217549, "jackpot_zone": false, "hybrid_screening_score": 0.33792470156106519, "summer_ghi": 379.56689296374054, "winter_wind": 4.5074040283011039, "solar_cf_p50": 0.062045895, "wind_cf_p50": 0.079437055 }, "geometry": { "type": "Point", "coordinates": [ -75.48, 42.39 ] } },
{ "type": "Feature", "properties": { "latitude": 42.66, "longitude": -76.56, "frac_class_11": 0.00053872369330225909, "frac_class_21": 0.047805872088256991, "frac_class_22": 0.027761837282021855, "frac_class_23": 0.0036890861606567746, "frac_class_24": 0.00016981507723658169, "frac_developed": 0.079426610608172202, "hybrid_seasonal_score": 0.38865932047750229, "jackpot_zone": false, "hybrid_screening_score": 0.46097337006427913, "summer_ghi": 387.36499200896827, "winter_wind": 4.6575362909389186, "solar_cf_p50": 0.025452783, "wind_cf_p50": 0.020395445 }, "geometry": { "type": "Point", "coordinates": [ -76.56, 42.66 ] } },
{ "type": "Feature", "properties": { "latitude": 43.47, "longitude": -76.38, "frac_class_11": 0.066790808797695167, "frac_class_21": 0.065502541400229541, "frac_class_22": 0.035679151148900287, "frac_class_23": 0.0080750942777504508, "frac_class_24": 0.0073606914482467851, "frac_developed": 0.11661747827512707, "hybrid_seasonal_score": 0.9545018175746951, "jackpot_zone": true, "hybrid_screening_score": 0.79981634527089074, "summer_ghi": 400.65559423358292, "winter_wind": 5.8006616773686446, "solar_cf_p50": 0.017903084, "wind_cf_p50": 0.028899403 }, "geometry": { "type": "Point", "coordinates": [ -76.38, 43.47 ] } },
{ "type": "Feature", "properties": { "latitude": 42.57, "longitude": -77.82, "frac_class_11": 0.00072024172014803012, "frac_class_21": 0.050528177261441889, "frac_class_22": 0.022257225839696443, "frac_class_23": 0.0015224621726706328, "frac_class_24": 9.3689979856654328e-05, "frac_developed": 0.074401555253665611, "hybrid_seasonal_score": 0.44232794595930081, "jackpot_zone": false, "hybrid_screening_score": 0.52708907254361792, "summer_ghi": 387.28496380331103, "winter_wind": 4.7524960336217514, "solar_cf_p50": 0.035310797, "wind_cf_p50": 0.036625795 }, "geometry": { "type": "Point", "coordinates": [ -77.82, 42.57 ] } },
{ "type": "Feature", "properties": { "latitude": 42.66, "longitude": -74.76, "frac_class_11": 0.0035547174673077261, "frac_class_21": 0.056313283633659131, "frac_class_22": 0.0067053566722691041, "frac_class_23": 0.00073202583758396331, "frac_class_24": 2.3424826802686826e-05, "frac_developed": 0.063774090970314889, "hybrid_seasonal_score": 0.32657824593712398, "jackpot_zone": false, "hybrid_screening_score": 0.7341597796143251, "summer_ghi": 380.40913234073776, "winter_wind": 5.2396769320735732, "solar_cf_p50": 0.053454585, "wind_cf_p50": 0.019261962 }, "geometry": { "type": "Point", "coordinates": [ -74.76, 42.66 ] } },
{ "type": "Feature", "properties": { "latitude": 42.84, "longitude": -74.94, "frac_class_11": 0.066419151577615895, "frac_class_21": 0.061523506125412852, "frac_class_22": 0.015975264107188868, "frac_class_23": 0.0043686022815113256, "frac_class_24": 0.00093110960155536298, "frac_developed": 0.082798482115668412, "hybrid_seasonal_score": 0.23648539826851872, "jackpot_zone": false, "hybrid_screening_score": 0.66712580348943984, "summer_ghi": 378.60335975146501, "winter_wind": 5.3829314108750648, "solar_cf_p50": 0.053192507, "wind_cf_p50": 0.01368224 }, "geometry": { "type": "Point", "coordinates": [ -74.94, 42.84 ] } },
{ "type": "Feature", "properties": { "latitude": 41.22, "longitude": -73.59, "frac_class_11": 0.036266213802594212, "frac_class_21": 0.16955465112874418, "frac_class_22": 0.022914531666325066, "frac_class_23": 0.005317248850759816, "frac_class_24": 0.00038064006090240976, "frac_developed": 0.19816707170673148, "hybrid_seasonal_score": 0.18429220833428198, "jackpot_zone": false, "hybrid_screening_score": 0.71533516988062451, "summer_ghi": 380.96718596077801, "winter_wind": 4.5628024405996168, "solar_cf_p50": 0.014603975, "wind_cf_p50": 0.050198827 }, "geometry": { "type": "Point", "coordinates": [ -73.59, 41.22 ] } },
{ "type": "Feature", "properties": { "latitude": 42.66, "longitude": -75.3, "frac_class_11": 0.002676161084987146, "frac_class_21": 0.057534535361047509, "frac_class_22": 0.019453407274239169, "frac_class_23": 0.0047725848670996151, "frac_class_24": 0.00086082205578361158, "frac_developed": 0.082621349558169896, "hybrid_seasonal_score": 0.15469664505477179, "jackpot_zone": false, "hybrid_screening_score": 0.43250688705234158, "summer_ghi": 378.40847891593654, "winter_wind": 4.8284118158343254, "solar_cf_p50": 0.03827282, "wind_cf_p50": 0.024502657 }, "geometry": { "type": "Point", "coordinates": [ -75.3, 42.66 ] } },
{ "type": "Feature", "properties": { "latitude": 42.57, "longitude": -76.29, "frac_class_11": 0.0011067582523760168, "frac_class_21": 0.082017227951208943, "frac_class_22": 0.03747752812278575, "frac_class_23": 0.011131997025221205, "frac_class_24": 0.0043450509167354727, "frac_developed": 0.13497180401595138, "hybrid_seasonal_score": 0.29150402935777342, "jackpot_zone": false, "hybrid_screening_score": 0.38383838383838387, "summer_ghi": 385.05586089709948, "winter_wind": 4.5718148042291276, "solar_cf_p50": 0.034422737, "wind_cf_p50": 0.020554755 }, "geometry": { "type": "Point", "coordinates": [ -76.29, 42.57 ] } },
{ "type": "Feature", "properties": { "latitude": 42.3, "longitude": -73.77, "frac_class_11": 0.08124725516029864, "frac_class_21": 0.088086663738837653, "frac_class_22": 0.064552774117991513, "frac_class_23": 0.029975113453374322, "frac_class_24": 0.010873956960913483, "frac_developed": 0.19348850827111697, "hybrid_seasonal_score": 0.041362788921015817, "jackpot_zone": false, "hybrid_screening_score": 0.44903581267217635, "summer_ghi": 376.20448981365769, "winter_wind": 4.1139803766940624, "solar_cf_p50": 0.034222227, "wind_cf_p50": 0.033232227 }, "geometry": { "type": "Point", "coordinates": [ -73.77, 42.3 ] } },
{ "type": "Feature", "properties": { "latitude": 42.3, "longitude": -73.95, "frac_class_11": 0.0078413689308448643, "frac_class_21": 0.078033040331223172, "frac_class_22": 0.033549815238842595, "frac_class_23": 0.010827999367537084, "frac_class_24": 0.000878420716674182, "frac_developed": 0.12328927565427704, "hybrid_seasonal_score": 0.010874881210468488, "jackpot_zone": false, "hybrid_screening_score": 0.44031221303948576, "summer_ghi": 379.21683545272134, "winter_wind": 3.3417937156952475, "solar_cf_p50": 0.034839045, "wind_cf_p50": 0.031790756 }, "geometry": { "type": "Point", "coordinates": [ -73.95, 42.3 ] } },
{ "type": "Feature", "properties": { "latitude": 42.75, "longitude": -77.82, "frac_class_11": 0.008332357418901511, "frac_class_21": 0.053788499824335402, "frac_class_22": 0.069165007612132567, "frac_class_23": 0.02016044033259164, "frac_class_24": 0.0044853027286567513, "frac_developed": 0.14759925049771636, "hybrid_seasonal_score": 0.25579929017194231, "jackpot_zone": false, "hybrid_screening_score": 0.4366391184573003, "summer_ghi": 387.70521680041111, "winter_wind": 4.3782000633017093, "solar_cf_p50": 0.030896321, "wind_cf_p50": 0.033232711 }, "geometry": { "type": "Point", "coordinates": [ -77.82, 42.75 ] } },
{ "type": "Feature", "properties": { "latitude": 42.84, "longitude": -77.28, "frac_class_11": 0.14768209206049923, "frac_class_21": 0.068486172187446931, "frac_class_22": 0.087370227018544439, "frac_class_23": 0.033112970564296546, "frac_class_24": 0.0073721007852253495, "frac_developed": 0.19634147055551326, "hybrid_seasonal_score": 0.47493403860796796, "jackpot_zone": false, "hybrid_screening_score": 0.57667584940312211, "summer_ghi": 385.54473926022746, "winter_wind": 4.9178712714430546, "solar_cf_p50": 0.022679226, "wind_cf_p50": 0.013161566 }, "geometry": { "type": "Point", "coordinates": [ -77.28, 42.84 ] } },
{ "type": "Feature", "properties": { "latitude": 43.65, "longitude": -73.5, "frac_class_11": 0.16057530700804049, "frac_class_21": 0.018341424564156921, "frac_class_22": 0.0074138708487300961, "frac_class_23": 0.0011712276222322427, "frac_class_24": 5.8561381111612137e-06, "frac_developed": 0.026932379173230419, "hybrid_seasonal_score": 0.0019352047902010336, "jackpot_zone": false, "hybrid_screening_score": 0.039944903581267219, "summer_ghi": 358.55733420907364, "winter_wind": 3.2051019220668313, "solar_cf_p50": 0.025193447, "wind_cf_p50": 0.013985061 }, "geometry": { "type": "Point", "coordinates": [ -73.5, 43.65 ] } },
{ "type": "Feature", "properties": { "latitude": 42.48, "longitude": -77.1, "frac_class_11": 0.14767057831494623, "frac_class_21": 0.059272011805213971, "frac_class_22": 0.027943691003208957, "frac_class_23": 0.0020143817487644346, "frac_class_24": 0.00011125945705384957, "frac_developed": 0.089341344014241222, "hybrid_seasonal_score": 0.26375091595477274, "jackpot_zone": false, "hybrid_screening_score": 0.40771349862258954, "summer_ghi": 381.70900374598193, "winter_wind": 4.7038841250521362, "solar_cf_p50": 0.029156962, "wind_cf_p50": 0.019331181 }, "geometry": { "type": "Point", "coordinates": [ -77.1, 42.48 ] } },
{ "type": "Feature", "properties": { "latitude": 42.21, "longitude": -79.71, "frac_class_11": 0.0017100323852023635, "frac_class_21": 0.057315366280738127, "frac_class_22": 0.02151009914674069, "frac_class_23": 0.0053760607178622256, "frac_class_24": 0.0010599858278137939, "frac_developed": 0.085261511973154833, "hybrid_seasonal_score": 0.98808773940254024, "jackpot_zone": true, "hybrid_screening_score": 0.99035812672176315, "summer_ghi": 416.9476910542312, "winter_wind": 5.8542613296902193, "solar_cf_p50": 0.0095923143, "wind_cf_p50": 0.030889591 }, "geometry": { "type": "Point", "coordinates": [ -79.71, 42.21 ] } },
{ "type": "Feature", "properties": { "latitude": 41.67, "longitude": -74.94, "frac_class_11": 0.031873093206692002, "frac_class_21": 0.049206246962306244, "frac_class_22": 0.010757095759818704, "frac_class_23": 0.0020261051349468001, "frac_class_24": 0.00020495283156976303, "frac_developed": 0.062194400688641509, "hybrid_seasonal_score": 0.16312111009080704, "jackpot_zone": false, "hybrid_screening_score": 0.62304866850321394, "summer_ghi": 383.42936299736471, "winter_wind": 4.2795275382061559, "solar_cf_p50": 0.038089074, "wind_cf_p50": 0.049464025 }, "geometry": { "type": "Point", "coordinates": [ -74.94, 41.67 ] } },
{ "type": "Feature", "properties": { "latitude": 42.3, "longitude": -74.94, "frac_class_11": 0.0016338625330139787, "frac_class_21": 0.065869841474341329, "frac_class_22": 0.016057530700804047, "frac_class_23": 0.0052939488524897374, "frac_class_24": 0.0013937608704563688, "frac_developed": 0.088615081898091475, "hybrid_seasonal_score": 0.39345306306237937, "jackpot_zone": false, "hybrid_screening_score": 0.72589531680440778, "summer_ghi": 381.26740791215127, "winter_wind": 5.266353317693337, "solar_cf_p50": 0.07028091, "wind_cf_p50": 0.064683415 }, "geometry": { "type": "Point", "coordinates": [ -74.94, 42.3 ] } },
{ "type": "Feature", "properties": { "latitude": 42.03, "longitude": -77.19, "frac_class_11": 0.029542486721984413, "frac_class_21": 0.058581375057825978, "frac_class_22": 0.027674488057105713, "frac_class_23": 0.0086607210826194145, "frac_class_24": 0.00090764825409466474, "frac_developed": 0.095824232451645772, "hybrid_seasonal_score": 0.23713889879680011, "jackpot_zone": false, "hybrid_screening_score": 0.52617079889807161, "summer_ghi": 383.89148065985694, "winter_wind": 4.4811672856758431, "solar_cf_p50": 0.036644455, "wind_cf_p50": 0.049681056 }, "geometry": { "type": "Point", "coordinates": [ -77.19, 42.03 ] } },
{ "type": "Feature", "properties": { "latitude": 42.93, "longitude": -75.57, "frac_class_11": 0.0046673147421557488, "frac_class_21": 0.056616811702837867, "frac_class_22": 0.03333879903022921, "frac_class_23": 0.0061547651116758998, "frac_class_24": 0.00054461765498178751, "frac_developed": 0.096654993499724756, "hybrid_seasonal_score": 0.31484390612865443, "jackpot_zone": false, "hybrid_screening_score": 0.56244260789715339, "summer_ghi": 379.95099670283196, "winter_wind": 5.342564213276308, "solar_cf_p50": 0.057143912, "wind_cf_p50": 0.018715477 }, "geometry": { "type": "Point", "coordinates": [ -75.57, 42.93 ] } },
{ "type": "Feature", "properties": { "latitude": 43.65, "longitude": -76.02, "frac_class_11": 0.00096619489029296205, "frac_class_21": 0.051588951415036333, "frac_class_22": 0.020155410984171972, "frac_class_23": 0.0038062222950934867, "frac_class_24": 0.00079637881866571414, "frac_developed": 0.076346963512967519, "hybrid_seasonal_score": 0.13898733558137516, "jackpot_zone": false, "hybrid_screening_score": 0.3039485766758494, "summer_ghi": 380.90120458845689, "winter_wind": 4.392696725771045, "solar_cf_p50": 0.018124996, "wind_cf_p50": 0.0155015 }, "geometry": { "type": "Point", "coordinates": [ -76.02, 43.65 ] } },
{ "type": "Feature", "properties": { "latitude": 42.84, "longitude": -76.29, "frac_class_11": 0.15620955983534082, "frac_class_21": 0.057179831007688392, "frac_class_22": 0.02146659093437641, "frac_class_23": 0.001920633340555227, "frac_class_24": 5.2700305076210496e-05, "frac_developed": 0.080619755587696254, "hybrid_seasonal_score": 0.50704220601540906, "jackpot_zone": false, "hybrid_screening_score": 0.54637281910009183, "summer_ghi": 382.75390909028755, "winter_wind": 5.3720613013875447, "solar_cf_p50": 0.048502281, "wind_cf_p50": 0.017210746 }, "geometry": { "type": "Point", "coordinates": [ -76.29, 42.84 ] } },
{ "type": "Feature", "properties": { "latitude": 43.11, "longitude": -75.48, "frac_class_11": 0.00076710916958968439, "frac_class_21": 0.069572702625152985, "frac_class_22": 0.043766213232925968, "frac_class_23": 0.013427338365413332, "frac_class_24": 0.0018211523033770372, "frac_developed": 0.12858740652686931, "hybrid_seasonal_score": 0.04419855960051302, "jackpot_zone": false, "hybrid_screening_score": 0.17263544536271808, "summer_ghi": 378.44706717151013, "winter_wind": 3.9470614046118575, "solar_cf_p50": 0.018480752, "wind_cf_p50": 0.019252058 }, "geometry": { "type": "Point", "coordinates": [ -75.48, 43.11 ] } },
{ "type": "Feature", "properties": { "latitude": 43.29, "longitude": -78.18, "frac_class_11": 0.0073092736409319323, "frac_class_21": 0.043720935680734672, "frac_class_22": 0.055258811540218576, "frac_class_23": 0.012422251115718453, "frac_class_24": 0.0028346862517716789, "frac_developed": 0.11423668458844338, "hybrid_seasonal_score": 0.6018655542822835, "jackpot_zone": false, "hybrid_screening_score": 0.74839302112029382, "summer_ghi": 397.08209752819312, "winter_wind": 4.8446506439450312, "solar_cf_p50": 0.033127837, "wind_cf_p50": 0.012698255 }, "geometry": { "type": "Point", "coordinates": [ -78.18, 43.29 ] } },
{ "type": "Feature", "properties": { "latitude": 42.3, "longitude": -79.35, "frac_class_11": 0.0091352009744214372, "frac_class_21": 0.04933008526187576, "frac_class_22": 0.016103719666448045, "frac_class_23": 0.0018973109716106061, "frac_class_24": 7.0270776726318751e-05, "frac_developed": 0.067401386676660735, "hybrid_seasonal_score": 0.74616268705925604, "jackpot_zone": true, "hybrid_screening_score": 0.78604224058769512, "summer_ghi": 405.65863685558912, "winter_wind": 5.0605391191840567, "solar_cf_p50": 0.014059593, "wind_cf_p50": 0.03271348 }, "geometry": { "type": "Point", "coordinates": [ -79.35, 42.3 ] } },
{ "type": "Feature", "properties": { "latitude": 42.39, "longitude": -74.4, "frac_class_11": 0.038906426617782278, "frac_class_21": 0.049753137756745516, "frac_class_22": 0.0080823225549510082, "frac_class_23": 0.0015403266898203734, "frac_class_24": 8.7851332119032698e-05, "frac_developed": 0.059463638333635931, "hybrid_seasonal_score": 0.29913459665525782, "jackpot_zone": false, "hybrid_screening_score": 0.64233241505968774, "summer_ghi": 383.47679673263815, "winter_wind": 4.664776954176288, "solar_cf_p50": 0.060321543, "wind_cf_p50": 0.073900498 }, "geometry": { "type": "Point", "coordinates": [ -74.4, 42.39 ] } },
{ "type": "Feature", "properties": { "latitude": 43.74, "longitude": -73.41, "frac_class_11": 0.18597528839960181, "frac_class_21": 0.033325525560695672, "frac_class_22": 0.011208057621362066, "frac_class_23": 0.001569362300169819, "frac_class_24": 5.8558294782455933e-06, "frac_developed": 0.046108801311705805, "hybrid_seasonal_score": 0.0029717409507041361, "jackpot_zone": false, "hybrid_screening_score": 0.040863177226813589, "summer_ghi": 356.86202761221233, "winter_wind": 3.4487664924792774, "solar_cf_p50": 0.022878356, "wind_cf_p50": 0.018101368 }, "geometry": { "type": "Point", "coordinates": [ -73.41, 43.74 ] } },
{ "type": "Feature", "properties": { "latitude": 42.03, "longitude": -75.03, "frac_class_11": 0.0064586773471992879, "frac_class_21": 0.030823642389534951, "frac_class_22": 0.0086837883099696676, "frac_class_23": 0.0023890665073955661, "frac_class_24": 0.00010539999297333381, "frac_developed": 0.042001897199873517, "hybrid_seasonal_score": 0.31354533733697265, "jackpot_zone": false, "hybrid_screening_score": 0.62580348943985309, "summer_ghi": 382.00329940748549, "winter_wind": 4.8061047336784153, "solar_cf_p50": 0.047678512, "wind_cf_p50": 0.050768148 }, "geometry": { "type": "Point", "coordinates": [ -75.03, 42.03 ] } },
{ "type": "Feature", "properties": { "latitude": 42.48, "longitude": -74.58, "frac_class_11": 0.0029395919705806572, "frac_class_21": 0.056063054833345047, "frac_class_22": 0.0060607125289860167, "frac_class_23": 0.00080809500386480224, "frac_class_24": 4.0990326282997215e-05, "frac_developed": 0.062972852692478862, "hybrid_seasonal_score": 0.4839523458982512, "jackpot_zone": false, "hybrid_screening_score": 0.81359044995408625, "summer_ghi": 382.88831987198523, "winter_wind": 5.2450481091386401, "solar_cf_p50": 0.058112346, "wind_cf_p50": 0.023053499 }, "geometry": { "type": "Point", "coordinates": [ -74.58, 42.48 ] } },
{ "type": "Feature", "properties": { "latitude": 41.85, "longitude": -73.68, "frac_class_11": 0.0098669571124071868, "frac_class_21": 0.071791628604220836, "frac_class_22": 0.012999789192607688, "frac_class_23": 0.0027522076218583842, "frac_class_24": 0.00020495163141498606, "frac_developed": 0.087748577050101903, "hybrid_seasonal_score": 0.15825674728755118, "jackpot_zone": false, "hybrid_screening_score": 0.59779614325068875, "summer_ghi": 381.92838869944364, "winter_wind": 4.3554369318146557, "solar_cf_p50": 0.046461105, "wind_cf_p50": 0.049955655 }, "geometry": { "type": "Point", "coordinates": [ -73.68, 41.85 ] } },
{ "type": "Feature", "properties": { "latitude": 43.11, "longitude": -74.13, "frac_class_11": 0.26945802711328432, "frac_class_21": 0.047591719614675142, "frac_class_22": 0.024103299856527979, "frac_class_23": 0.0020964483354317335, "frac_class_24": 3.51360056217609e-05, "frac_developed": 0.073826603812256614, "hybrid_seasonal_score": 0.033711984187816894, "jackpot_zone": false, "hybrid_screening_score": 0.45224977043158865, "summer_ghi": 375.98848343505125, "winter_wind": 3.97880856911245, "solar_cf_p50": 0.023344362, "wind_cf_p50": 0.017208569 }, "geometry": { "type": "Point", "coordinates": [ -74.13, 43.11 ] } },
{ "type": "Feature", "properties": { "latitude": 42.21, "longitude": -74.31, "frac_class_11": 0.0022779043280182231, "frac_class_21": 0.031691563555873069, "frac_class_22": 0.011096731880705741, "frac_class_23": 0.0014522372065514638, "frac_class_24": 1.7567385563122543e-05, "frac_developed": 0.044258100028693396, "hybrid_seasonal_score": 0.44450747562443027, "jackpot_zone": false, "hybrid_screening_score": 0.74426078971533516, "summer_ghi": 383.82086091078622, "winter_wind": 5.022598336826376, "solar_cf_p50": 0.05255495, "wind_cf_p50": 0.056689307 }, "geometry": { "type": "Point", "coordinates": [ -74.31, 42.21 ] } },
{ "type": "Feature", "properties": { "latitude": 43.38, "longitude": -75.21, "frac_class_11": 0.020302398575845593, "frac_class_21": 0.052047221961960086, "frac_class_22": 0.020249695493300853, "frac_class_23": 0.0048486835941159937, "frac_class_24": 0.00021666822823948281, "frac_developed": 0.077362269277616427, "hybrid_seasonal_score": 0.035931567111131352, "jackpot_zone": false, "hybrid_screening_score": 0.13452708907254363, "summer_ghi": 373.6426674692749, "winter_wind": 4.166169268029587, "solar_cf_p50": 0.037218343, "wind_cf_p50": 0.01995524 }, "geometry": { "type": "Point", "coordinates": [ -75.21, 43.38 ] } },
{ "type": "Feature", "properties": { "latitude": 42.48, "longitude": -74.31, "frac_class_11": 0.0038296452015248311, "frac_class_21": 0.03905769647426701, "frac_class_22": 0.0066521054265018479, "frac_class_23": 0.00038062222950934865, "frac_class_24": 0.0, "frac_developed": 0.046090424130278203, "hybrid_seasonal_score": 0.28320330780886754, "jackpot_zone": false, "hybrid_screening_score": 0.6841138659320477, "summer_ghi": 383.49744412625046, "winter_wind": 4.6247927717882762, "solar_cf_p50": 0.051837299, "wind_cf_p50": 0.021372499 }, "geometry": { "type": "Point", "coordinates": [ -74.31, 42.48 ] } },
{ "type": "Feature", "properties": { "latitude": 42.57, "longitude": -77.55, "frac_class_11": 0.002078746428069518, "frac_class_21": 0.04734857357005668, "frac_class_22": 0.035596336721787608, "frac_class_23": 0.0075478990022017148, "frac_class_24": 0.0012706703518058744, "frac_developed": 0.091763479645851867, "hybrid_seasonal_score": 0.52492535337514046, "jackpot_zone": false, "hybrid_screening_score": 0.6078971533516988, "summer_ghi": 386.19634732933412, "winter_wind": 5.0064959438780701, "solar_cf_p50": 0.027171616, "wind_cf_p50": 0.021792263 }, "geometry": { "type": "Point", "coordinates": [ -77.55, 42.57 ] } },
{ "type": "Feature", "properties": { "latitude": 42.03, "longitude": -79.62, "frac_class_11": 0.0007905184629978802, "frac_class_21": 0.050294541323620691, "frac_class_22": 0.010534390480986568, "frac_class_23": 0.0022661529272605899, "frac_class_24": 0.00029278461592514084, "frac_developed": 0.063387869347792988, "hybrid_seasonal_score": 0.81461138642455944, "jackpot_zone": true, "hybrid_screening_score": 0.81864095500459144, "summer_ghi": 399.41223467585411, "winter_wind": 5.2213208670556073, "solar_cf_p50": 0.024595559, "wind_cf_p50": 0.072825305 }, "geometry": { "type": "Point", "coordinates": [ -79.62, 42.03 ] } },
{ "type": "Feature", "properties": { "latitude": 42.21, "longitude": -75.03, "frac_class_11": 0.0013175616326052586, "frac_class_21": 0.047842126837266498, "frac_class_22": 0.0086022135035427761, "frac_class_23": 0.0021080986121684137, "frac_class_24": 0.00036891725712947241, "frac_developed": 0.058921356210107162, "hybrid_seasonal_score": 0.36988024497415933, "jackpot_zone": false, "hybrid_screening_score": 0.68044077134986225, "summer_ghi": 381.94319407888543, "winter_wind": 5.0213955399546233, "solar_cf_p50": 0.057096548, "wind_cf_p50": 0.066147454 }, "geometry": { "type": "Point", "coordinates": [ -75.03, 42.21 ] } },
{ "type": "Feature", "properties": { "latitude": 44.91, "longitude": -74.67, "frac_class_11": 0.010634373151721352, "frac_class_21": 0.037641933160388129, "frac_class_22": 0.014985330889457565, "frac_class_23": 0.0021315593762260858, "frac_class_24": 0.00062072882934056342, "frac_developed": 0.055379552255412336, "hybrid_seasonal_score": 0.0025322091437793917, "jackpot_zone": false, "hybrid_screening_score": 0.05876951331496786, "summer_ghi": 352.88584667394957, "winter_wind": 3.5579092706885094, "solar_cf_p50": 0.015121993, "wind_cf_p50": 0.045080759 }, "geometry": { "type": "Point", "coordinates": [ -74.67, 44.91 ] } },
{ "type": "Feature", "properties": { "latitude": 43.92, "longitude": -75.3, "frac_class_11": 0.02629329023341883, "frac_class_21": 0.031885738378834197, "frac_class_22": 0.0071384233395406583, "frac_class_23": 0.00066758019746319529, "frac_class_24": 4.0991766510897954e-05, "frac_developed": 0.039732733682348947, "hybrid_seasonal_score": 0.023694664315751218, "jackpot_zone": false, "hybrid_screening_score": 0.14554637281910007, "summer_ghi": 361.05426451310979, "winter_wind": 4.205170659008135, "solar_cf_p50": 0.059780441, "wind_cf_p50": 0.056194711 }, "geometry": { "type": "Point", "coordinates": [ -75.3, 43.92 ] } },
{ "type": "Feature", "properties": { "latitude": 43.29, "longitude": -78.63, "frac_class_11": 0.0010774663145381826, "frac_class_21": 0.040486967927809758, "frac_class_22": 0.052866118954623446, "frac_class_23": 0.0067692992369898872, "frac_class_24": 0.0009837735915348624, "frac_developed": 0.10110615971095796, "hybrid_seasonal_score": 0.47305322192624971, "jackpot_zone": false, "hybrid_screening_score": 0.67355371900826444, "summer_ghi": 401.13903919417913, "winter_wind": 4.6354827795028291, "solar_cf_p50": 0.034875527, "wind_cf_p50": 0.027987428 }, "geometry": { "type": "Point", "coordinates": [ -78.63, 43.29 ] } },
{ "type": "Feature", "properties": { "latitude": 43.11, "longitude": -73.32, "frac_class_11": 0.0063710305493257131, "frac_class_21": 0.043502192969614634, "frac_class_22": 0.017660871449233777, "frac_class_23": 0.0025179624413695372, "frac_class_24": 0.00017567179823508401, "frac_developed": 0.063856698658453032, "hybrid_seasonal_score": 0.044331578579011585, "jackpot_zone": false, "hybrid_screening_score": 0.36639118457300279, "summer_ghi": 379.51159607870119, "winter_wind": 3.8076294350066728, "solar_cf_p50": 0.027265539, "wind_cf_p50": 0.016399952 }, "geometry": { "type": "Point", "coordinates": [ -73.32, 43.11 ] } },
{ "type": "Feature", "properties": { "latitude": 44.28, "longitude": -75.75, "frac_class_11": 0.092342104954970777, "frac_class_21": 0.036813875323519422, "frac_class_22": 0.011383199241120051, "frac_class_23": 0.0010949888158896346, "frac_class_24": 0.00012296665846888943, "frac_developed": 0.049415030038997998, "hybrid_seasonal_score": 0.013154333214438398, "jackpot_zone": false, "hybrid_screening_score": 0.14738292011019283, "summer_ghi": 365.68101623147493, "winter_wind": 3.7073765164352173, "solar_cf_p50": 0.01540888, "wind_cf_p50": 0.050130107 }, "geometry": { "type": "Point", "coordinates": [ -75.75, 44.28 ] } },
{ "type": "Feature", "properties": { "latitude": 41.67, "longitude": -74.49, "frac_class_11": 0.007243661064589799, "frac_class_21": 0.055934883176201912, "frac_class_22": 0.014867951045265561, "frac_class_23": 0.0023364759618199919, "frac_class_24": 0.00016981905486912222, "frac_developed": 0.073309129238156592, "hybrid_seasonal_score": 0.18061932455871849, "jackpot_zone": false, "hybrid_screening_score": 0.70752984389348028, "summer_ghi": 381.73849785772558, "winter_wind": 4.4523769912436117, "solar_cf_p50": 0.03427596, "wind_cf_p50": 0.049947664 }, "geometry": { "type": "Point", "coordinates": [ -74.49, 41.67 ] } },
{ "type": "Feature", "properties": { "latitude": 42.75, "longitude": -75.93, "frac_class_11": 0.0023130932791464395, "frac_class_21": 0.039047356924932802, "frac_class_22": 0.011987093525095598, "frac_class_23": 0.0016513729233399897, "frac_class_24": 7.0271188227233596e-05, "frac_developed": 0.052756094561595628, "hybrid_seasonal_score": 0.31443915741436401, "jackpot_zone": false, "hybrid_screening_score": 0.48117539026629935, "summer_ghi": 380.79034410325295, "winter_wind": 5.0559547605898656, "solar_cf_p50": 0.041113257, "wind_cf_p50": 0.016625956 }, "geometry": { "type": "Point", "coordinates": [ -75.93, 42.75 ] } },
{ "type": "Feature", "properties": { "latitude": 44.28, "longitude": -75.93, "frac_class_11": 0.057388809182209469, "frac_class_21": 0.057025737124117938, "frac_class_22": 0.043088454894152785, "frac_class_23": 0.012660674025707844, "frac_class_24": 0.002149152343864375, "frac_developed": 0.11492401838784294, "hybrid_seasonal_score": 0.026952891465789035, "jackpot_zone": false, "hybrid_screening_score": 0.29706152433425159, "summer_ghi": 366.11326746647848, "winter_wind": 4.0953732997427243, "solar_cf_p50": 0.019884307, "wind_cf_p50": 0.054890364 }, "geometry": { "type": "Point", "coordinates": [ -75.93, 44.28 ] } },
{ "type": "Feature", "properties": { "latitude": 42.3, "longitude": -75.93, "frac_class_11": 0.012771414517602418, "frac_class_21": 0.068143489565034077, "frac_class_22": 0.030467523950062071, "frac_class_23": 0.0068922305764411024, "frac_class_24": 0.00084908533014779936, "frac_developed": 0.10635232942168504, "hybrid_seasonal_score": 0.1117694601916991, "jackpot_zone": false, "hybrid_screening_score": 0.28879706152433426, "summer_ghi": 380.25866129444825, "winter_wind": 4.3293668949627211, "solar_cf_p50": 0.026177157, "wind_cf_p50": 0.032001566 }, "geometry": { "type": "Point", "coordinates": [ -75.93, 42.3 ] } },
{ "type": "Feature", "properties": { "latitude": 42.3, "longitude": -77.82, "frac_class_11": 0.00055045441768949684, "frac_class_21": 0.053897685749086481, "frac_class_22": 0.027686686030169588, "frac_class_23": 0.0061135575751897313, "frac_class_24": 0.0003279302913894875, "frac_developed": 0.088025859645835286, "hybrid_seasonal_score": 0.62846787433564288, "jackpot_zone": false, "hybrid_screening_score": 0.70661157024793386, "summer_ghi": 385.22736671780547, "winter_wind": 5.4102887179997428, "solar_cf_p50": 0.035278965, "wind_cf_p50": 0.053748846 }, "geometry": { "type": "Point", "coordinates": [ -77.82, 42.3 ] } },
{ "type": "Feature", "properties": { "latitude": 42.39, "longitude": -77.64, "frac_class_11": 0.0026350615433262674, "frac_class_21": 0.057450197336831134, "frac_class_22": 0.053936781945729442, "frac_class_23": 0.018621101572838958, "frac_class_24": 0.0036012507758792322, "frac_developed": 0.13360933163127878, "hybrid_seasonal_score": 0.46790637824947862, "jackpot_zone": false, "hybrid_screening_score": 0.63544536271809005, "summer_ghi": 385.99290787998524, "winter_wind": 4.8781237684394858, "solar_cf_p50": 0.028965982, "wind_cf_p50": 0.067237779 }, "geometry": { "type": "Point", "coordinates": [ -77.64, 42.39 ] } },
{ "type": "Feature", "properties": { "latitude": 42.84, "longitude": -75.93, "frac_class_11": 0.016965033408876631, "frac_class_21": 0.049161703647745705, "frac_class_22": 0.022200359562668727, "frac_class_23": 0.0022838671140703783, "frac_class_24": 0.00010540925141863284, "frac_developed": 0.073751339575903449, "hybrid_seasonal_score": 0.37192633404754616, "jackpot_zone": false, "hybrid_screening_score": 0.59366391184573009, "summer_ghi": 380.45428248412526, "winter_wind": 5.5391275123971528, "solar_cf_p50": 0.043833811, "wind_cf_p50": 0.01585421 }, "geometry": { "type": "Point", "coordinates": [ -75.93, 42.84 ] } },
{ "type": "Feature", "properties": { "latitude": 42.93, "longitude": -73.41, "frac_class_11": 0.010522740714281532, "frac_class_21": 0.070257007840817925, "frac_class_22": 0.025741774168047644, "frac_class_23": 0.0068804787642074566, "frac_class_24": 0.0011945682279985712, "frac_developed": 0.10407382900107159, "hybrid_seasonal_score": 0.04792414503158305, "jackpot_zone": false, "hybrid_screening_score": 0.38751147842056932, "summer_ghi": 380.84296633568323, "winter_wind": 3.7239911516719677, "solar_cf_p50": 0.028684659, "wind_cf_p50": 0.018929571 }, "geometry": { "type": "Point", "coordinates": [ -73.41, 42.93 ] } },
{ "type": "Feature", "properties": { "latitude": 42.84, "longitude": -75.66, "frac_class_11": 0.020525042894704481, "frac_class_21": 0.059115637096160266, "frac_class_22": 0.019775483553613988, "frac_class_23": 0.0045442035053611064, "frac_class_24": 0.00055045764111332982, "frac_developed": 0.083985781796248701, "hybrid_seasonal_score": 0.26304555699747284, "jackpot_zone": false, "hybrid_screening_score": 0.50734618916437102, "summer_ghi": 379.65806902261755, "winter_wind": 5.1352088058443863, "solar_cf_p50": 0.041274451, "wind_cf_p50": 0.015654629 }, "geometry": { "type": "Point", "coordinates": [ -75.66, 42.84 ] } },
{ "type": "Feature", "properties": { "latitude": 42.03, "longitude": -75.84, "frac_class_11": 0.011571186807910101, "frac_class_21": 0.081179839432215448, "frac_class_22": 0.057065392430710495, "frac_class_23": 0.013919388179353396, "frac_class_24": 0.0052234304821132645, "frac_developed": 0.15738805052439261, "hybrid_seasonal_score": 0.33033060380919127, "jackpot_zone": false, "hybrid_screening_score": 0.58034894398530756, "summer_ghi": 382.57253210936688, "winter_wind": 4.7900753079541278, "solar_cf_p50": 0.031448137, "wind_cf_p50": 0.049602527 }, "geometry": { "type": "Point", "coordinates": [ -75.84, 42.03 ] } },
{ "type": "Feature", "properties": { "latitude": 43.83, "longitude": -76.2, "frac_class_11": 0.24201538948034151, "frac_class_21": 0.034843001534263264, "frac_class_22": 0.027001862197392923, "frac_class_23": 0.0035545717531592939, "frac_class_24": 0.00076127566377381917, "frac_developed": 0.066160711148589305, "hybrid_seasonal_score": 0.9652202802716201, "jackpot_zone": true, "hybrid_screening_score": 0.9623507805325987, "summer_ghi": 400.95404396577197, "winter_wind": 6.5432003989244203, "solar_cf_p50": 0.026760785, "wind_cf_p50": 0.025454152 }, "geometry": { "type": "Point", "coordinates": [ -76.2, 43.83 ] } },
{ "type": "Feature", "properties": { "latitude": 44.73, "longitude": -73.41, "frac_class_11": 0.45928567663955305, "frac_class_21": 0.041279434069441269, "frac_class_22": 0.065968623179494382, "frac_class_23": 0.042444791904569491, "frac_class_24": 0.01245000380644519, "frac_developed": 0.16214285295995035, "hybrid_seasonal_score": 0.019385776961534536, "jackpot_zone": false, "hybrid_screening_score": 0.3865932047750229, "summer_ghi": 364.25552926455373, "winter_wind": 3.9255893564910784, "solar_cf_p50": 0.030012039, "wind_cf_p50": 0.05177277 }, "geometry": { "type": "Point", "coordinates": [ -73.41, 44.73 ] } },
{ "type": "Feature", "properties": { "latitude": 42.3, "longitude": -73.59, "frac_class_11": 0.0048198839245450981, "frac_class_21": 0.071044971918173244, "frac_class_22": 0.021423007771550387, "frac_class_23": 0.0053528237023502062, "frac_class_24": 0.00082576383154417832, "frac_developed": 0.098646567223618017, "hybrid_seasonal_score": 0.20027366915671446, "jackpot_zone": false, "hybrid_screening_score": 0.6841138659320477, "summer_ghi": 379.94283280892603, "winter_wind": 4.7612107250944176, "solar_cf_p50": 0.030098649, "wind_cf_p50": 0.032569736 }, "geometry": { "type": "Point", "coordinates": [ -73.59, 42.3 ] } },
{ "type": "Feature", "properties": { "latitude": 43.11, "longitude": -74.76, "frac_class_11": 0.0093982210719242044, "frac_class_21": 0.053561076725788602, "frac_class_22": 0.020840042862914795, "frac_class_23": 0.0051646298974686285, "frac_class_24": 0.00087833841793684159, "frac_developed": 0.080444087904108869, "hybrid_seasonal_score": 0.03323239912270716, "jackpot_zone": false, "hybrid_screening_score": 0.23232323232323232, "summer_ghi": 372.93484601176914, "winter_wind": 4.1487227596115543, "solar_cf_p50": 0.046874356, "wind_cf_p50": 0.017747486 }, "geometry": { "type": "Point", "coordinates": [ -74.76, 43.11 ] } },
{ "type": "Feature", "properties": { "latitude": 43.11, "longitude": -75.12, "frac_class_11": 0.0091229015277053977, "frac_class_21": 0.065195369454089783, "frac_class_22": 0.054872086146423152, "frac_class_23": 0.023451361115828059, "frac_class_24": 0.0056915662932796188, "frac_developed": 0.14921038300962061, "hybrid_seasonal_score": 0.034071409478371659, "jackpot_zone": false, "hybrid_screening_score": 0.1519742883379247, "summer_ghi": 375.11905929862735, "winter_wind": 4.062689786642915, "solar_cf_p50": 0.025232119, "wind_cf_p50": 0.019762792 }, "geometry": { "type": "Point", "coordinates": [ -75.12, 43.11 ] } },
{ "type": "Feature", "properties": { "latitude": 42.57, "longitude": -77.91, "frac_class_11": 0.00068513204895473444, "frac_class_21": 0.066615916144521878, "frac_class_22": 0.027130057972711834, "frac_class_23": 0.0027346723663406922, "frac_class_24": 0.00036891725712947241, "frac_developed": 0.096849563740703859, "hybrid_seasonal_score": 0.5942956992919427, "jackpot_zone": false, "hybrid_screening_score": 0.67171717171717171, "summer_ghi": 387.7150403786577, "winter_wind": 5.0418281688821835, "solar_cf_p50": 0.04722701, "wind_cf_p50": 0.019023979 }, "geometry": { "type": "Point", "coordinates": [ -77.91, 42.57 ] } },
{ "type": "Feature", "properties": { "latitude": 42.93, "longitude": -75.93, "frac_class_11": 0.031770293457954873, "frac_class_21": 0.079428661782533078, "frac_class_22": 0.036742271180683662, "frac_class_23": 0.0040232611254589854, "frac_class_24": 0.00038651416925806846, "frac_developed": 0.12058070825793379, "hybrid_seasonal_score": 0.3986296304728561, "jackpot_zone": false, "hybrid_screening_score": 0.55831037649219462, "summer_ghi": 381.68492992956374, "winter_wind": 5.1631197808394234, "solar_cf_p50": 0.02629476, "wind_cf_p50": 0.021946335 }, "geometry": { "type": "Point", "coordinates": [ -75.93, 42.93 ] } },
{ "type": "Feature", "properties": { "latitude": 42.66, "longitude": -75.48, "frac_class_11": 0.0032324178719915675, "frac_class_21": 0.056819113427416995, "frac_class_22": 0.023540434502547287, "frac_class_23": 0.005738712888680682, "frac_class_24": 0.0010891842829536804, "frac_developed": 0.087187445101598635, "hybrid_seasonal_score": 0.14596756444990855, "jackpot_zone": false, "hybrid_screening_score": 0.35904499540863177, "summer_ghi": 379.64883733450449, "winter_wind": 4.5851560659103381, "solar_cf_p50": 0.039472222, "wind_cf_p50": 0.02106655 }, "geometry": { "type": "Point", "coordinates": [ -75.48, 42.66 ] } },
{ "type": "Feature", "properties": { "latitude": 42.93, "longitude": -76.2, "frac_class_11": 0.0014873458488997154, "frac_class_21": 0.072177263517865714, "frac_class_22": 0.034958483141461813, "frac_class_23": 0.0078817618607047914, "frac_class_24": 0.00094276646327895344, "frac_developed": 0.11596027498331127, "hybrid_seasonal_score": 0.37502666703768633, "jackpot_zone": false, "hybrid_screening_score": 0.46786042240587694, "summer_ghi": 382.9109672990636, "winter_wind": 4.8876165484057319, "solar_cf_p50": 0.039754733, "wind_cf_p50": 0.015152616 }, "geometry": { "type": "Point", "coordinates": [ -76.2, 42.93 ] } },
{ "type": "Feature", "properties": { "latitude": 42.3, "longitude": -78.63, "frac_class_11": 0.0017157781317342828, "frac_class_21": 0.052990021549704863, "frac_class_22": 0.026784877728848498, "frac_class_23": 0.0042396701958212308, "frac_class_24": 0.00067928417502108123, "frac_developed": 0.084693853649395676, "hybrid_seasonal_score": 0.79337472732163439, "jackpot_zone": true, "hybrid_screening_score": 0.68732782369146006, "summer_ghi": 391.85666557197328, "winter_wind": 5.3142924326679335, "solar_cf_p50": 0.042330544, "wind_cf_p50": 0.052955475 }, "geometry": { "type": "Point", "coordinates": [ -78.63, 42.3 ] } },
{ "type": "Feature", "properties": { "latitude": 43.29, "longitude": -78.72, "frac_class_11": 0.076422154811960505, "frac_class_21": 0.044752345369578714, "frac_class_22": 0.053495508368372358, "frac_class_23": 0.0080111500216675843, "frac_class_24": 0.0011536524519506681, "frac_developed": 0.10741265621156931, "hybrid_seasonal_score": 0.76656370871246904, "jackpot_zone": true, "hybrid_screening_score": 0.84710743801652888, "summer_ghi": 405.13045262961384, "winter_wind": 5.0920415265625953, "solar_cf_p50": 0.032259773, "wind_cf_p50": 0.011397682 }, "geometry": { "type": "Point", "coordinates": [ -78.72, 43.29 ] } },
{ "type": "Feature", "properties": { "latitude": 42.39, "longitude": -78.09, "frac_class_11": 0.0073957393982690576, "frac_class_21": 0.052660241020295831, "frac_class_22": 0.01669457880005153, "frac_class_23": 0.0029395575438884141, "frac_class_24": 0.00029278461592514084, "frac_developed": 0.072587161980160908, "hybrid_seasonal_score": 0.4046812561713638, "jackpot_zone": false, "hybrid_screening_score": 0.49770431588613406, "summer_ghi": 387.51894657542238, "winter_wind": 4.6722665053870358, "solar_cf_p50": 0.028886883, "wind_cf_p50": 0.066182315 }, "geometry": { "type": "Point", "coordinates": [ -78.09, 42.39 ] } },
{ "type": "Feature", "properties": { "latitude": 43.65, "longitude": -75.39, "frac_class_11": 0.011074022019208245, "frac_class_21": 0.050339657999531509, "frac_class_22": 0.028712813305223704, "frac_class_23": 0.0049484656828297025, "frac_class_24": 0.00064417896462871862, "frac_developed": 0.084645115952213634, "hybrid_seasonal_score": 0.020404394559165408, "jackpot_zone": false, "hybrid_screening_score": 0.068411386593204782, "summer_ghi": 362.52755581202592, "winter_wind": 4.0271108756711902, "solar_cf_p50": 0.043673344, "wind_cf_p50": 0.018078215 }, "geometry": { "type": "Point", "coordinates": [ -75.39, 43.65 ] } },
{ "type": "Feature", "properties": { "latitude": 42.57, "longitude": -77.64, "frac_class_11": 0.0028400606660381445, "frac_class_21": 0.069367749793583219, "frac_class_22": 0.057468773972161546, "frac_class_23": 0.018035849178139145, "frac_class_24": 0.0045616644512241544, "frac_developed": 0.14943403739510808, "hybrid_seasonal_score": 0.32795439156571132, "jackpot_zone": false, "hybrid_screening_score": 0.46648301193755737, "summer_ghi": 386.68796702654089, "winter_wind": 4.567642945424172, "solar_cf_p50": 0.036553442, "wind_cf_p50": 0.035616823 }, "geometry": { "type": "Point", "coordinates": [ -77.64, 42.57 ] } },
{ "type": "Feature", "properties": { "latitude": 42.48, "longitude": -78.09, "frac_class_11": 0.0061721165557949969, "frac_class_21": 0.051812986039539023, "frac_class_22": 0.019429869764827135, "frac_class_23": 0.0029689403166869672, "frac_class_24": 0.00026351541272369531, "frac_developed": 0.074475311533776817, "hybrid_seasonal_score": 0.58512329236095828, "jackpot_zone": false, "hybrid_screening_score": 0.62718089990817261, "summer_ghi": 387.64280635806443, "winter_wind": 5.0364284772361056, "solar_cf_p50": 0.039083745, "wind_cf_p50": 0.020673208 }, "geometry": { "type": "Point", "coordinates": [ -78.09, 42.48 ] } },
{ "type": "Feature", "properties": { "latitude": 41.85, "longitude": -74.49, "frac_class_11": 0.052033072562889401, "frac_class_21": 0.050967349042019959, "frac_class_22": 0.0063943411252166578, "frac_class_23": 0.0012531034805827517, "frac_class_24": 9.3689979856654328e-05, "frac_developed": 0.058708483627676028, "hybrid_seasonal_score": 0.15452041071875783, "jackpot_zone": false, "hybrid_screening_score": 0.72819100091827371, "summer_ghi": 382.92311660943125, "winter_wind": 4.2710001064188772, "solar_cf_p50": 0.030630071, "wind_cf_p50": 0.050172947 }, "geometry": { "type": "Point", "coordinates": [ -74.49, 41.85 ] } },
{ "type": "Feature", "properties": { "latitude": 41.58, "longitude": -74.31, "frac_class_11": 0.0034783219731571919, "frac_class_21": 0.090289977279647715, "frac_class_22": 0.031457147541751572, "frac_class_23": 0.0075070854706860606, "frac_class_24": 0.001153584896821493, "frac_developed": 0.13040779518890686, "hybrid_seasonal_score": 0.024945169197610969, "jackpot_zone": false, "hybrid_screening_score": 0.51469237832874193, "summer_ghi": 381.58348531635818, "winter_wind": 3.4543437605600644, "solar_cf_p50": 0.02904455, "wind_cf_p50": 0.049781673 }, "geometry": { "type": "Point", "coordinates": [ -74.31, 41.58 ] } },
{ "type": "Feature", "properties": { "latitude": 43.11, "longitude": -77.1, "frac_class_11": 0.002646772927963273, "frac_class_21": 0.064172532118472361, "frac_class_22": 0.053251665944464614, "frac_class_23": 0.0070209750898848769, "frac_class_24": 0.0018562544649653929, "frac_developed": 0.12630142761778723, "hybrid_seasonal_score": 0.34646595346570302, "jackpot_zone": false, "hybrid_screening_score": 0.40771349862258954, "summer_ghi": 391.77563119166501, "winter_wind": 4.4860056498163106, "solar_cf_p50": 0.028505109, "wind_cf_p50": 0.017840978 }, "geometry": { "type": "Point", "coordinates": [ -77.1, 43.11 ] } },
{ "type": "Feature", "properties": { "latitude": 42.48, "longitude": -75.03, "frac_class_11": 0.013813254634671913, "frac_class_21": 0.078880183630209974, "frac_class_22": 0.053431940882315052, "frac_class_23": 0.032334375622152738, "frac_class_24": 0.0084964105446837419, "frac_developed": 0.17314291067936152, "hybrid_seasonal_score": 0.09623743908742656, "jackpot_zone": false, "hybrid_screening_score": 0.34573002754820936, "summer_ghi": 377.50378229248929, "winter_wind": 4.6063705797009158, "solar_cf_p50": 0.043762706, "wind_cf_p50": 0.022601454 }, "geometry": { "type": "Point", "coordinates": [ -75.03, 42.48 ] } },
{ "type": "Feature", "properties": { "latitude": 42.48, "longitude": -78.9, "frac_class_11": 0.00736095007202839, "frac_class_21": 0.057827670613588185, "frac_class_22": 0.037999367555602404, "frac_class_23": 0.0082979047351346286, "frac_class_24": 0.0010540739959945188, "frac_developed": 0.10517901690031974, "hybrid_seasonal_score": 0.58579281419251361, "jackpot_zone": false, "hybrid_screening_score": 0.71120293847566574, "summer_ghi": 401.23077937827844, "winter_wind": 4.7940451898705954, "solar_cf_p50": 0.023863165, "wind_cf_p50": 0.034935109 }, "geometry": { "type": "Point", "coordinates": [ -78.9, 42.48 ] } },
{ "type": "Feature", "properties": { "latitude": 42.12, "longitude": -78.72, "frac_class_11": 0.01589272120395854, "frac_class_21": 0.048948878608654919, "frac_class_22": 0.039380453241201617, "frac_class_23": 0.013825613398137846, "frac_class_24": 0.0019675587046905194, "frac_developed": 0.10412250395268489, "hybrid_seasonal_score": 0.60141611456412358, "jackpot_zone": false, "hybrid_screening_score": 0.55096418732782371, "summer_ghi": 389.86533654524908, "winter_wind": 4.9506146568009406, "solar_cf_p50": 0.034683313, "wind_cf_p50": 0.063111193 }, "geometry": { "type": "Point", "coordinates": [ -78.72, 42.12 ] } },
{ "type": "Feature", "properties": { "latitude": 42.48, "longitude": -78.81, "frac_class_11": 0.0062714097496706193, "frac_class_21": 0.042143170838823012, "frac_class_22": 0.017174645000731958, "frac_class_23": 0.00087834870443566099, "frac_class_24": 4.6845264236568582e-05, "frac_developed": 0.060243009808227201, "hybrid_seasonal_score": 0.80674281845080742, "jackpot_zone": true, "hybrid_screening_score": 0.70156106519742889, "summer_ghi": 394.87063690790484, "winter_wind": 5.2719641008593712, "solar_cf_p50": 0.030368157, "wind_cf_p50": 0.020692781 }, "geometry": { "type": "Point", "coordinates": [ -78.81, 42.48 ] } },
{ "type": "Feature", "properties": { "latitude": 42.93, "longitude": -78.0, "frac_class_11": 0.00281069939569963, "frac_class_21": 0.052507378085913714, "frac_class_22": 0.055786527380896615, "frac_class_23": 0.0098315922612076632, "frac_class_24": 0.0035016629971424554, "frac_developed": 0.12162716072516046, "hybrid_seasonal_score": 0.54649761662033136, "jackpot_zone": false, "hybrid_screening_score": 0.64325068870523416, "summer_ghi": 387.83951465354306, "winter_wind": 4.9066984892944525, "solar_cf_p50": 0.032719649, "wind_cf_p50": 0.023583081 }, "geometry": { "type": "Point", "coordinates": [ -78.0, 42.93 ] } },
{ "type": "Feature", "properties": { "latitude": 42.3, "longitude": -74.4, "frac_class_11": 0.0099780997107287994, "frac_class_21": 0.049445465937437781, "frac_class_22": 0.010522679096349562, "frac_class_23": 0.0017332849262768337, "frac_class_24": 5.8556923185028165e-05, "frac_developed": 0.061759986883249206, "hybrid_seasonal_score": 0.32171388313386812, "jackpot_zone": false, "hybrid_screening_score": 0.60927456382001832, "summer_ghi": 384.8371767939592, "winter_wind": 4.6543864749930632, "solar_cf_p50": 0.052573401, "wind_cf_p50": 0.056804616 }, "geometry": { "type": "Point", "coordinates": [ -74.4, 42.3 ] } },
{ "type": "Feature", "properties": { "latitude": 44.64, "longitude": -75.48, "frac_class_11": 0.070993132186125477, "frac_class_21": 0.046721316340885749, "frac_class_22": 0.038618839297904044, "frac_class_23": 0.024455828144384361, "frac_class_24": 0.0054432025263107912, "frac_developed": 0.11523918630948496, "hybrid_seasonal_score": 0.0089322981884965361, "jackpot_zone": false, "hybrid_screening_score": 0.11616161616161616, "summer_ghi": 360.9659218882166, "winter_wind": 3.6742902369691341, "solar_cf_p50": 0.014001562, "wind_cf_p50": 0.052048273 }, "geometry": { "type": "Point", "coordinates": [ -75.48, 44.64 ] } },
{ "type": "Feature", "properties": { "latitude": 42.12, "longitude": -75.75, "frac_class_11": 0.0032499282673490539, "frac_class_21": 0.070157460488484716, "frac_class_22": 0.04279365005006646, "frac_class_23": 0.015336147985922833, "frac_class_24": 0.0035134359647016802, "frac_developed": 0.1318006944891757, "hybrid_seasonal_score": 0.13428128855126101, "jackpot_zone": false, "hybrid_screening_score": 0.36271808999081728, "summer_ghi": 380.96703997202326, "winter_wind": 4.360593271162613, "solar_cf_p50": 0.02117293, "wind_cf_p50": 0.027878223 }, "geometry": { "type": "Point", "coordinates": [ -75.75, 42.12 ] } },
{ "type": "Feature", "properties": { "latitude": 43.02, "longitude": -73.59, "frac_class_11": 0.019382455071937602, "frac_class_21": 0.047115176286649532, "frac_class_22": 0.02464089756577445, "frac_class_23": 0.0029981320232121004, "frac_class_24": 0.00035134359647016802, "frac_developed": 0.075105549472106251, "hybrid_seasonal_score": 0.034492179495936068, "jackpot_zone": false, "hybrid_screening_score": 0.41184573002754821, "summer_ghi": 380.26311980077043, "winter_wind": 3.6416944250205407, "solar_cf_p50": 0.033403896, "wind_cf_p50": 0.016215231 }, "geometry": { "type": "Point", "coordinates": [ -73.59, 43.02 ] } },
{ "type": "Feature", "properties": { "latitude": 42.21, "longitude": -78.54, "frac_class_11": 0.00048015833513880674, "frac_class_21": 0.038734724231014712, "frac_class_22": 0.0079460348876019601, "frac_class_23": 0.00031034624100435073, "frac_class_24": 5.8555894529122771e-06, "frac_developed": 0.046996960949073935, "hybrid_seasonal_score": 0.58375389254427579, "jackpot_zone": false, "hybrid_screening_score": 0.56703397612488526, "summer_ghi": 389.74414007988014, "winter_wind": 4.911149623752376, "solar_cf_p50": 0.03433191, "wind_cf_p50": 0.048453461 }, "geometry": { "type": "Point", "coordinates": [ -78.54, 42.21 ] } },
{ "type": "Feature", "properties": { "latitude": 42.3, "longitude": -78.99, "frac_class_11": 0.0047022310710312116, "frac_class_21": 0.041160625402588275, "frac_class_22": 0.016431457515957135, "frac_class_23": 0.0017391813550389412, "frac_class_24": 6.4414124260701525e-05, "frac_developed": 0.059395678397845056, "hybrid_seasonal_score": 0.66620057322536652, "jackpot_zone": false, "hybrid_screening_score": 0.60284664830119372, "summer_ghi": 393.20189962882023, "winter_wind": 5.0351695208552414, "solar_cf_p50": 0.026737675, "wind_cf_p50": 0.050360985 }, "geometry": { "type": "Point", "coordinates": [ -78.99, 42.3 ] } },
{ "type": "Feature", "properties": { "latitude": 42.3, "longitude": -75.12, "frac_class_11": 0.0029865429886511367, "frac_class_21": 0.054185259360762683, "frac_class_22": 0.0079699706030474451, "frac_class_23": 0.00096037852968389496, "frac_class_24": 4.6847733155311947e-05, "frac_developed": 0.063162456226649344, "hybrid_seasonal_score": 0.32719295804695253, "jackpot_zone": false, "hybrid_screening_score": 0.66988062442607899, "summer_ghi": 380.45811544995405, "winter_wind": 5.2073199401935089, "solar_cf_p50": 0.061232805, "wind_cf_p50": 0.06232737 }, "geometry": { "type": "Point", "coordinates": [ -75.12, 42.3 ] } },
{ "type": "Feature", "properties": { "latitude": 42.3, "longitude": -77.91, "frac_class_11": 0.00061486209521578728, "frac_class_21": 0.043912865257363702, "frac_class_22": 0.01691749136265152, "frac_class_23": 0.0010891842829536804, "frac_class_24": 1.1711658956491187e-05, "frac_developed": 0.061931252561925394, "hybrid_seasonal_score": 0.62846787433564288, "jackpot_zone": false, "hybrid_screening_score": 0.70661157024793386, "summer_ghi": 385.22736671780547, "winter_wind": 5.4102887179997428, "solar_cf_p50": 0.034344457, "wind_cf_p50": 0.046679415 }, "geometry": { "type": "Point", "coordinates": [ -77.91, 42.3 ] } },
{ "type": "Feature", "properties": { "latitude": 42.39, "longitude": -75.3, "frac_class_11": 0.0054636168792382561, "frac_class_21": 0.064368785355398611, "frac_class_22": 0.016045348605694343, "frac_class_23": 0.0030743824883173467, "frac_class_24": 0.00015811109939917783, "frac_developed": 0.083646627548809471, "hybrid_seasonal_score": 0.087969603371556779, "jackpot_zone": false, "hybrid_screening_score": 0.28604224058769512, "summer_ghi": 379.21523166062548, "winter_wind": 4.3150230405442365, "solar_cf_p50": 0.058775179, "wind_cf_p50": 0.046602529 }, "geometry": { "type": "Point", "coordinates": [ -75.3, 42.39 ] } },
{ "type": "Feature", "properties": { "latitude": 44.37, "longitude": -75.39, "frac_class_11": 0.012784099227566336, "frac_class_21": 0.041180845519123446, "frac_class_22": 0.017832149403545348, "frac_class_23": 0.0055751087790394654, "frac_class_24": 0.0013762085746578511, "frac_developed": 0.065964312276366108, "hybrid_seasonal_score": 0.0090899815417721744, "jackpot_zone": false, "hybrid_screening_score": 0.11891643709825528, "summer_ghi": 360.82581100141044, "winter_wind": 3.6844390864359644, "solar_cf_p50": 0.016518196, "wind_cf_p50": 0.055024046 }, "geometry": { "type": "Point", "coordinates": [ -75.39, 44.37 ] } },
{ "type": "Feature", "properties": { "latitude": 42.75, "longitude": -75.21, "frac_class_11": 0.0036246310957043144, "frac_class_21": 0.058029231273715273, "frac_class_22": 0.011400899423806624, "frac_class_23": 0.0013994940741087741, "frac_class_24": 5.8556237410408959e-05, "frac_developed": 0.070888181009041082, "hybrid_seasonal_score": 0.15122423837675528, "jackpot_zone": false, "hybrid_screening_score": 0.42470156106519746, "summer_ghi": 378.03990618170832, "winter_wind": 4.9013214420722395, "solar_cf_p50": 0.065033413, "wind_cf_p50": 0.020494897 }, "geometry": { "type": "Point", "coordinates": [ -75.21, 42.75 ] } },
{ "type": "Feature", "properties": { "latitude": 41.4, "longitude": -73.86, "frac_class_11": 0.027675784566914378, "frac_class_21": 0.10631108612521448, "frac_class_22": 0.022616140498820003, "frac_class_23": 0.0026820798416518801, "frac_class_24": 0.00014054566855817711, "frac_developed": 0.13174985213424453, "hybrid_seasonal_score": 0.087471256517086718, "jackpot_zone": false, "hybrid_screening_score": 0.57988980716253447, "summer_ghi": 380.85480221340072, "winter_wind": 4.0556036707622178, "solar_cf_p50": 0.028378092, "wind_cf_p50": 0.049548984 }, "geometry": { "type": "Point", "coordinates": [ -73.86, 41.4 ] } },
{ "type": "Feature", "properties": { "latitude": 42.93, "longitude": -74.4, "frac_class_11": 0.017245316827798632, "frac_class_21": 0.059096685034344239, "frac_class_22": 0.041459029928969202, "frac_class_23": 0.017543962382371714, "frac_class_24": 0.0052936388496875935, "frac_developed": 0.12339331619537275, "hybrid_seasonal_score": 0.028451094128529641, "jackpot_zone": false, "hybrid_screening_score": 0.4242424242424242, "summer_ghi": 377.845262862325, "winter_wind": 3.7751675663304081, "solar_cf_p50": 0.032143906, "wind_cf_p50": 0.019924618 }, "geometry": { "type": "Point", "coordinates": [ -74.4, 42.93 ] } },
{ "type": "Feature", "properties": { "latitude": 42.3, "longitude": -74.13, "frac_class_11": 0.0022955658101239135, "frac_class_21": 0.041940924316600688, "frac_class_22": 0.012801293012578764, "frac_class_23": 0.0014581527722470778, "frac_class_24": 5.8560352299079432e-06, "frac_developed": 0.056206226136656434, "hybrid_seasonal_score": 0.4693778084712219, "jackpot_zone": false, "hybrid_screening_score": 0.80303030303030298, "summer_ghi": 384.26816471270212, "winter_wind": 5.0508789979288951, "solar_cf_p50": 0.056152053, "wind_cf_p50": 0.054233752 }, "geometry": { "type": "Point", "coordinates": [ -74.13, 42.3 ] } },
{ "type": "Feature", "properties": { "latitude": 43.47, "longitude": -76.11, "frac_class_11": 0.00084911516344002909, "frac_class_21": 0.062284061229987232, "frac_class_22": 0.024272981741096003, "frac_class_23": 0.001821205626412752, "frac_class_24": 0.0001698230326880058, "frac_developed": 0.088548071630183994, "hybrid_seasonal_score": 0.28351466918960028, "jackpot_zone": false, "hybrid_screening_score": 0.26078971533516987, "summer_ghi": 388.53603995339392, "winter_wind": 4.4074053661373407, "solar_cf_p50": 0.017691202, "wind_cf_p50": 0.018221729 }, "geometry": { "type": "Point", "coordinates": [ -76.11, 43.47 ] } },
{ "type": "Feature", "properties": { "latitude": 42.84, "longitude": -73.32, "frac_class_11": 0.002518198375469234, "frac_class_21": 0.043576544446201328, "frac_class_22": 0.016930491868561756, "frac_class_23": 0.0050481093015220463, "frac_class_24": 0.00055048987742815816, "frac_developed": 0.066105635493713288, "hybrid_seasonal_score": 0.095639591507360108, "jackpot_zone": false, "hybrid_screening_score": 0.41184573002754821, "summer_ghi": 381.222026760338, "winter_wind": 4.0769396014783927, "solar_cf_p50": 0.027947437, "wind_cf_p50": 0.018561468 }, "geometry": { "type": "Point", "coordinates": [ -73.32, 42.84 ] } },
{ "type": "Feature", "properties": { "latitude": 42.03, "longitude": -76.29, "frac_class_11": 0.01523802830923476, "frac_class_21": 0.059681301498620845, "frac_class_22": 0.027477643669073595, "frac_class_23": 0.0067464291361408321, "frac_class_24": 0.0021082591050440099, "frac_developed": 0.096013633408879293, "hybrid_seasonal_score": 0.28279792667471104, "jackpot_zone": false, "hybrid_screening_score": 0.57988980716253447, "summer_ghi": 381.87009795159912, "winter_wind": 4.7367804522536279, "solar_cf_p50": 0.065386437, "wind_cf_p50": 0.049871385 }, "geometry": { "type": "Point", "coordinates": [ -76.29, 42.03 ] } },
{ "type": "Feature", "properties": { "latitude": 41.94, "longitude": -73.86, "frac_class_11": 0.0069102834387444363, "frac_class_21": 0.097335441555399388, "frac_class_22": 0.041649098149449518, "frac_class_23": 0.011314125087842587, "frac_class_24": 0.0020203794799718905, "frac_developed": 0.15231904427266338, "hybrid_seasonal_score": 0.025148386781244279, "jackpot_zone": false, "hybrid_screening_score": 0.47291092745638197, "summer_ghi": 380.93198468898976, "winter_wind": 3.5031705235708843, "solar_cf_p50": 0.029484801, "wind_cf_p50": 0.048834965 }, "geometry": { "type": "Point", "coordinates": [ -73.86, 41.94 ] } },
{ "type": "Feature", "properties": { "latitude": 42.21, "longitude": -77.46, "frac_class_11": 0.0033787344677761251, "frac_class_21": 0.038998910841228758, "frac_class_22": 0.016735568646281049, "frac_class_23": 0.001147715694426552, "frac_class_24": 4.0989846229519716e-05, "frac_developed": 0.05692318502816588, "hybrid_seasonal_score": 0.60519988262287283, "jackpot_zone": false, "hybrid_screening_score": 0.78558310376492191, "summer_ghi": 385.17808346943531, "winter_wind": 5.317787852025285, "solar_cf_p50": 0.034075767, "wind_cf_p50": 0.026271777 }, "geometry": { "type": "Point", "coordinates": [ -77.46, 42.21 ] } },
{ "type": "Feature", "properties": { "latitude": 43.74, "longitude": -76.2, "frac_class_11": 0.43638173885033238, "frac_class_21": 0.028598201997130222, "frac_class_22": 0.01740607338428651, "frac_class_23": 0.0027819262643122783, "frac_class_24": 0.0009604966470467657, "frac_developed": 0.049746698292775775, "hybrid_seasonal_score": 0.74406663681644902, "jackpot_zone": true, "hybrid_screening_score": 0.78099173553719003, "summer_ghi": 390.62969219275584, "winter_wind": 5.2288684898969313, "solar_cf_p50": 0.027149823, "wind_cf_p50": 0.021021971 }, "geometry": { "type": "Point", "coordinates": [ -76.2, 43.74 ] } },
{ "type": "Feature", "properties": { "latitude": 41.4, "longitude": -74.58, "frac_class_11": 0.0089127290401541277, "frac_class_21": 0.099504002529762769, "frac_class_22": 0.041471712918772365, "frac_class_23": 0.0082568646166999472, "frac_class_24": 0.00092523731165857577, "frac_developed": 0.15015781737689365, "hybrid_seasonal_score": 0.1188443412335223, "jackpot_zone": false, "hybrid_screening_score": 0.62167125803489443, "summer_ghi": 381.66398953343537, "winter_wind": 4.1736459082394317, "solar_cf_p50": 0.018287348, "wind_cf_p50": 0.049947664 }, "geometry": { "type": "Point", "coordinates": [ -74.58, 41.4 ] } },
{ "type": "Feature", "properties": { "latitude": 42.03, "longitude": -78.99, "frac_class_11": 0.092508227247707492, "frac_class_21": 0.02208181573307412, "frac_class_22": 0.0067691803201892558, "frac_class_23": 0.00043917692388771123, "frac_class_24": 1.1711384637005633e-05, "frac_developed": 0.029301884361788096, "hybrid_seasonal_score": 0.68493010917253339, "jackpot_zone": true, "hybrid_screening_score": 0.63223140495867769, "summer_ghi": 390.76071636946654, "winter_wind": 5.0875177259143527, "solar_cf_p50": 0.0261267, "wind_cf_p50": 0.057078253 }, "geometry": { "type": "Point", "coordinates": [ -78.99, 42.03 ] } },
{ "type": "Feature", "properties": { "latitude": 42.21, "longitude": -78.27, "frac_class_11": 0.012233759084547047, "frac_class_21": 0.063247773151320297, "frac_class_22": 0.029779159858746639, "frac_class_23": 0.0036835971585352286, "frac_class_24": 0.0007378906867654035, "frac_developed": 0.097448420855367562, "hybrid_seasonal_score": 0.69393829774495941, "jackpot_zone": true, "hybrid_screening_score": 0.71028466483011932, "summer_ghi": 388.15944910452646, "winter_wind": 5.2412846694438766, "solar_cf_p50": 0.027969543, "wind_cf_p50": 0.04648108 }, "geometry": { "type": "Point", "coordinates": [ -78.27, 42.21 ] } },
{ "type": "Feature", "properties": { "latitude": 42.48, "longitude": -78.18, "frac_class_11": 0.0039995315336417408, "frac_class_21": 0.058710546348890322, "frac_class_22": 0.017813433272823094, "frac_class_23": 0.0031797154066873575, "frac_class_24": 0.00040405223399894594, "frac_developed": 0.080107747262399734, "hybrid_seasonal_score": 0.73032752603250972, "jackpot_zone": true, "hybrid_screening_score": 0.70798898071625349, "summer_ghi": 388.68818078809977, "winter_wind": 5.2835610562151238, "solar_cf_p50": 0.03598791, "wind_cf_p50": 0.020803472 }, "geometry": { "type": "Point", "coordinates": [ -78.18, 42.48 ] } },
{ "type": "Feature", "properties": { "latitude": 44.91, "longitude": -74.4, "frac_class_11": 0.0015342363075265418, "frac_class_21": 0.043198707025279767, "frac_class_22": 0.023212643981050426, "frac_class_23": 0.0047608172443476277, "frac_class_24": 0.00098964097699231124, "frac_developed": 0.072161809227670126, "hybrid_seasonal_score": 0.002651947305090305, "jackpot_zone": false, "hybrid_screening_score": 0.11707988980716254, "summer_ghi": 352.22893840877782, "winter_wind": 3.603711748806302, "solar_cf_p50": 0.023775356, "wind_cf_p50": 0.045235425 }, "geometry": { "type": "Point", "coordinates": [ -74.4, 44.91 ] } },
{ "type": "Feature", "properties": { "latitude": 43.11, "longitude": -77.28, "frac_class_11": 0.005651537335285505, "frac_class_21": 0.076966325036603223, "frac_class_22": 0.076368960468521235, "frac_class_23": 0.015144948755490483, "frac_class_24": 0.003484626647144949, "frac_developed": 0.17196486090775989, "hybrid_seasonal_score": 0.32095561171443965, "jackpot_zone": false, "hybrid_screening_score": 0.39807162534435259, "summer_ghi": 392.46622927903275, "winter_wind": 4.4291304163587304, "solar_cf_p50": 0.026730072, "wind_cf_p50": 0.017840978 }, "geometry": { "type": "Point", "coordinates": [ -77.28, 43.11 ] } },
{ "type": "Feature", "properties": { "latitude": 43.56, "longitude": -75.39, "frac_class_11": 0.0060138312262477088, "frac_class_21": 0.051401568163585577, "frac_class_22": 0.030186270663395267, "frac_class_23": 0.0060138312262477088, "frac_class_24": 0.00062656274703846624, "frac_developed": 0.088228232800267023, "hybrid_seasonal_score": 0.025919095791372273, "jackpot_zone": false, "hybrid_screening_score": 0.11570247933884298, "summer_ghi": 362.11318487161856, "winter_wind": 4.207658758284186, "solar_cf_p50": 0.066467509, "wind_cf_p50": 0.019538568 }, "geometry": { "type": "Point", "coordinates": [ -75.39, 43.56 ] } },
{ "type": "Feature", "properties": { "latitude": 42.75, "longitude": -74.85, "frac_class_11": 0.098149557884874394, "frac_class_21": 0.05203490074369034, "frac_class_22": 0.0075540200269368155, "frac_class_23": 0.00075540200269368161, "frac_class_24": 1.7567488434736782e-05, "frac_developed": 0.060361890261755577, "hybrid_seasonal_score": 0.2133295556786666, "jackpot_zone": false, "hybrid_screening_score": 0.65059687786960518, "summer_ghi": 378.39556665575691, "winter_wind": 5.2651602709686394, "solar_cf_p50": 0.056471415, "wind_cf_p50": 0.015391402 }, "geometry": { "type": "Point", "coordinates": [ -74.85, 42.75 ] } },
{ "type": "Feature", "properties": { "latitude": 43.29, "longitude": -78.54, "frac_class_11": 0.00071443629804876908, "frac_class_21": 0.032571267948747977, "frac_class_22": 0.040921974186596703, "frac_class_23": 0.0031388348832306575, "frac_class_24": 0.00054461127638143875, "frac_developed": 0.077176688294956775, "hybrid_seasonal_score": 0.47305322192624971, "jackpot_zone": false, "hybrid_screening_score": 0.67355371900826444, "summer_ghi": 401.13903919417913, "winter_wind": 4.6354827795028291, "solar_cf_p50": 0.034875527, "wind_cf_p50": 0.027987428 }, "geometry": { "type": "Point", "coordinates": [ -78.54, 43.29 ] } },
{ "type": "Feature", "properties": { "latitude": 44.01, "longitude": -75.57, "frac_class_11": 0.014223976389019019, "frac_class_21": 0.049517473999812614, "frac_class_22": 0.033161950716761923, "frac_class_23": 0.0108685468003373, "frac_class_24": 0.0026585777194790593, "frac_developed": 0.096206549236390895, "hybrid_seasonal_score": 0.0098876737995195283, "jackpot_zone": false, "hybrid_screening_score": 0.09366391184573003, "summer_ghi": 357.84957627118644, "winter_wind": 3.7735647291197747, "solar_cf_p50": 0.026198065, "wind_cf_p50": 0.051688321 }, "geometry": { "type": "Point", "coordinates": [ -75.57, 44.01 ] } },
{ "type": "Feature", "properties": { "latitude": 42.21, "longitude": -77.73, "frac_class_11": 0.0015986601705237516, "frac_class_21": 0.050518832568162655, "frac_class_22": 0.012853696242855804, "frac_class_23": 0.0011536119179237328, "frac_class_24": 1.7567694181579688e-05, "frac_developed": 0.064543708423123777, "hybrid_seasonal_score": 0.68802917732294144, "jackpot_zone": false, "hybrid_screening_score": 0.8044077134986225, "summer_ghi": 386.22886334709898, "winter_wind": 5.4998720824241403, "solar_cf_p50": 0.044379927, "wind_cf_p50": 0.053748846 }, "geometry": { "type": "Point", "coordinates": [ -77.73, 42.21 ] } },
{ "type": "Feature", "properties": { "latitude": 42.48, "longitude": -76.2, "frac_class_11": 0.0040171460695212222, "frac_class_21": 0.049277382179331024, "frac_class_22": 0.015717230394453292, "frac_class_23": 0.0023716387145132577, "frac_class_24": 0.00045676004872107184, "frac_developed": 0.067823011337018652, "hybrid_seasonal_score": 0.45758528603507315, "jackpot_zone": false, "hybrid_screening_score": 0.532139577594123, "summer_ghi": 383.12720810054498, "winter_wind": 5.1068462635755143, "solar_cf_p50": 0.060345359, "wind_cf_p50": 0.018228995 }, "geometry": { "type": "Point", "coordinates": [ -76.2, 42.48 ] } },
{ "type": "Feature", "properties": { "latitude": 42.84, "longitude": -76.83, "frac_class_11": 0.0017450474032172116, "frac_class_21": 0.035802751084798766, "frac_class_22": 0.056450526734946035, "frac_class_23": 0.0066522612417944712, "frac_class_24": 0.00064414501461038012, "frac_developed": 0.099549684076149642, "hybrid_seasonal_score": 0.30515207168099734, "jackpot_zone": false, "hybrid_screening_score": 0.44536271808999078, "summer_ghi": 387.44743502010783, "winter_wind": 4.4920828178038485, "solar_cf_p50": 0.049329877, "wind_cf_p50": 0.017186394 }, "geometry": { "type": "Point", "coordinates": [ -76.83, 42.84 ] } },
{ "type": "Feature", "properties": { "latitude": 42.75, "longitude": -74.58, "frac_class_11": 0.0035660957400087834, "frac_class_21": 0.052835602400819789, "frac_class_22": 0.019546186502708243, "frac_class_23": 0.0038881569316351924, "frac_class_24": 0.0019148001756697408, "frac_developed": 0.078184746010832959, "hybrid_seasonal_score": 0.23832278878609955, "jackpot_zone": false, "hybrid_screening_score": 0.72956841138659323, "summer_ghi": 380.33898734988378, "winter_wind": 4.8323655924478519, "solar_cf_p50": 0.024775596, "wind_cf_p50": 0.016073057 }, "geometry": { "type": "Point", "coordinates": [ -74.58, 42.75 ] } },
{ "type": "Feature", "properties": { "latitude": 43.83, "longitude": -75.39, "frac_class_11": 0.0064537665516857679, "frac_class_21": 0.042494128946489962, "frac_class_22": 0.024854614560212703, "frac_class_23": 0.0036309757368830999, "frac_class_24": 0.00040409246104021598, "frac_developed": 0.071383811704625988, "hybrid_seasonal_score": 0.021941807253602893, "jackpot_zone": false, "hybrid_screening_score": 0.09687786960514233, "summer_ghi": 365.46305774645265, "winter_wind": 3.977927008646601, "solar_cf_p50": 0.026812874, "wind_cf_p50": 0.018186921 }, "geometry": { "type": "Point", "coordinates": [ -75.39, 43.83 ] } },
{ "type": "Feature", "properties": { "latitude": 43.29, "longitude": -76.38, "frac_class_11": 0.043966597566260264, "frac_class_21": 0.089338627127179882, "frac_class_22": 0.063496246325380937, "frac_class_23": 0.025245072204068724, "frac_class_24": 0.0097853202628157832, "frac_developed": 0.1878652659194453, "hybrid_seasonal_score": 0.30007500499611689, "jackpot_zone": false, "hybrid_screening_score": 0.27869605142332415, "summer_ghi": 390.86539703799178, "winter_wind": 4.4060746801154451, "solar_cf_p50": 0.027449189, "wind_cf_p50": 0.011624965 }, "geometry": { "type": "Point", "coordinates": [ -76.38, 43.29 ] } },
{ "type": "Feature", "properties": { "latitude": 43.11, "longitude": -74.94, "frac_class_11": 0.0053057232708085666, "frac_class_21": 0.05431631714873008, "frac_class_22": 0.013767941953279184, "frac_class_23": 0.0020496723452350972, "frac_class_24": 0.00011126792731276243, "frac_developed": 0.07024519937455713, "hybrid_seasonal_score": 0.040622225257837576, "jackpot_zone": false, "hybrid_screening_score": 0.19651056014692378, "summer_ghi": 375.09217485524675, "winter_wind": 4.1808781425332064, "solar_cf_p50": 0.027188027, "wind_cf_p50": 0.018089743 }, "geometry": { "type": "Point", "coordinates": [ -74.94, 43.11 ] } },
{ "type": "Feature", "properties": { "latitude": 43.02, "longitude": -74.58, "frac_class_11": 0.0044035579811560512, "frac_class_21": 0.047133295465857789, "frac_class_22": 0.014709757511521277, "frac_class_23": 0.0011477358567906729, "frac_class_24": 4.0990566313952607e-05, "frac_developed": 0.063031779400483698, "hybrid_seasonal_score": 0.040148542778144579, "jackpot_zone": false, "hybrid_screening_score": 0.27134986225895319, "summer_ghi": 375.10123247860361, "winter_wind": 4.1665287691635582, "solar_cf_p50": 0.029619522, "wind_cf_p50": 0.019860225 }, "geometry": { "type": "Point", "coordinates": [ -74.58, 43.02 ] } },
{ "type": "Feature", "properties": { "latitude": 42.3, "longitude": -74.31, "frac_class_11": 0.0020145587003753871, "frac_class_21": 0.07320344114736145, "frac_class_22": 0.016052050574793419, "frac_class_23": 0.0040291174007507742, "frac_class_24": 0.00027524493871407908, "frac_developed": 0.093559854061619721, "hybrid_seasonal_score": 0.47127928420189874, "jackpot_zone": false, "hybrid_screening_score": 0.7594123048668503, "summer_ghi": 384.47698943407022, "winter_wind": 5.0412015672359942, "solar_cf_p50": 0.045703825, "wind_cf_p50": 0.028559873 }, "geometry": { "type": "Point", "coordinates": [ -74.31, 42.3 ] } },
{ "type": "Feature", "properties": { "latitude": 43.2, "longitude": -75.12, "frac_class_11": 0.0062187088274044799, "frac_class_21": 0.062228077880251795, "frac_class_22": 0.024306836480749525, "frac_class_23": 0.00567413263065437, "frac_class_24": 0.00021080368906455863, "frac_developed": 0.092419850680720256, "hybrid_seasonal_score": 0.034255022046156526, "jackpot_zone": false, "hybrid_screening_score": 0.17263544536271808, "summer_ghi": 374.95463651071975, "winter_wind": 4.0879463969897287, "solar_cf_p50": 0.025907289, "wind_cf_p50": 0.018089743 }, "geometry": { "type": "Point", "coordinates": [ -75.12, 43.2 ] } },
{ "type": "Feature", "properties": { "latitude": 43.02, "longitude": -77.82, "frac_class_11": 0.0035661583866207574, "frac_class_21": 0.066609280209870475, "frac_class_22": 0.064179139437378491, "frac_class_23": 0.012595741690675287, "frac_class_24": 0.0019382568570960111, "frac_developed": 0.14532241819502026, "hybrid_seasonal_score": 0.46208811548155393, "jackpot_zone": false, "hybrid_screening_score": 0.55922865013774103, "summer_ghi": 386.41050147332186, "winter_wind": 4.8302979090324021, "solar_cf_p50": 0.052501228, "wind_cf_p50": 0.0173971 }, "geometry": { "type": "Point", "coordinates": [ -77.82, 43.02 ] } },
{ "type": "Feature", "properties": { "latitude": 42.93, "longitude": -77.55, "frac_class_11": 0.0017684294355665123, "frac_class_21": 0.060975681167397655, "frac_class_22": 0.058486997359067303, "frac_class_23": 0.010200675750850544, "frac_class_24": 0.001973379866840777, "frac_developed": 0.13163673414415628, "hybrid_seasonal_score": 0.58080576193523847, "jackpot_zone": true, "hybrid_screening_score": 0.62580348943985309, "summer_ghi": 386.62984260927141, "winter_wind": 5.07928880248864, "solar_cf_p50": 0.027583119, "wind_cf_p50": 0.023639172 }, "geometry": { "type": "Point", "coordinates": [ -77.55, 42.93 ] } },
{ "type": "Feature", "properties": { "latitude": 44.19, "longitude": -73.5, "frac_class_11": 0.02942606007015407, "frac_class_21": 0.034924780548935101, "frac_class_22": 0.020835407309374762, "frac_class_23": 0.0050712374170653581, "frac_class_24": 8.7838985284041998e-05, "frac_developed": 0.060919264260659266, "hybrid_seasonal_score": 6.0712307143561843e-05, "jackpot_zone": false, "hybrid_screening_score": 0.085858585858585856, "summer_ghi": 349.20319961475877, "winter_wind": 2.5906081857661167, "solar_cf_p50": 0.029464617, "wind_cf_p50": 0.050516069 }, "geometry": { "type": "Point", "coordinates": [ -73.5, 44.19 ] } },
{ "type": "Feature", "properties": { "latitude": 43.02, "longitude": -78.0, "frac_class_11": 0.0021842243953856064, "frac_class_21": 0.051197517128301222, "frac_class_22": 0.074480295133805705, "frac_class_23": 0.013374714528312936, "frac_class_24": 0.0034607952216431457, "frac_developed": 0.14251332201206299, "hybrid_seasonal_score": 0.59729020735782556, "jackpot_zone": true, "hybrid_screening_score": 0.6519742883379247, "summer_ghi": 387.71007429970246, "winter_wind": 5.0513820085172121, "solar_cf_p50": 0.033470705, "wind_cf_p50": 0.023365123 }, "geometry": { "type": "Point", "coordinates": [ -78.0, 43.02 ] } },
{ "type": "Feature", "properties": { "latitude": 42.57, "longitude": -75.3, "frac_class_11": 0.0043977794434554487, "frac_class_21": 0.058957181673381431, "frac_class_22": 0.017274899278553357, "frac_class_23": 0.0035662419188606763, "frac_class_24": 0.00055631031575002342, "frac_developed": 0.080354633186545496, "hybrid_seasonal_score": 0.12835762247232321, "jackpot_zone": false, "hybrid_screening_score": 0.36271808999081728, "summer_ghi": 378.32202459809719, "winter_wind": 4.700103676953332, "solar_cf_p50": 0.050537094, "wind_cf_p50": 0.021779709 }, "geometry": { "type": "Point", "coordinates": [ -75.3, 42.57 ] } },
{ "type": "Feature", "properties": { "latitude": 41.4, "longitude": -73.95, "frac_class_11": 0.087330311442191694, "frac_class_21": 0.079523759326282251, "frac_class_22": 0.035249540274312756, "frac_class_23": 0.018834112231631471, "frac_class_24": 0.0037949330615973855, "frac_developed": 0.13740234489382389, "hybrid_seasonal_score": 0.087027719384343463, "jackpot_zone": false, "hybrid_screening_score": 0.58402203856749313, "summer_ghi": 380.05234525337124, "winter_wind": 4.1595044320877035, "solar_cf_p50": 0.028581502, "wind_cf_p50": 0.048997939 }, "geometry": { "type": "Point", "coordinates": [ -73.95, 41.4 ] } },
{ "type": "Feature", "properties": { "latitude": 42.39, "longitude": -78.0, "frac_class_11": 0.0013702079319814729, "frac_class_21": 0.048941016647440813, "frac_class_22": 0.0069622958595126974, "frac_class_23": 0.00045673597732715762, "frac_class_24": 0.0, "frac_developed": 0.056360048484280667, "hybrid_seasonal_score": 0.5448018881527521, "jackpot_zone": false, "hybrid_screening_score": 0.60422405876951335, "summer_ghi": 386.14803284495264, "winter_wind": 5.0544945130083825, "solar_cf_p50": 0.03197486, "wind_cf_p50": 0.047465261 }, "geometry": { "type": "Point", "coordinates": [ -78.0, 42.39 ] } },
{ "type": "Feature", "properties": { "latitude": 42.12, "longitude": -73.5, "frac_class_11": 0.0054986882788344424, "frac_class_21": 0.04818818514007308, "frac_class_22": 0.01594561041881383, "frac_class_23": 0.0033788531809238265, "frac_class_24": 0.0003279302913894875, "frac_developed": 0.067840579031200221, "hybrid_seasonal_score": 0.088235219715309871, "jackpot_zone": false, "hybrid_screening_score": 0.49678604224058764, "summer_ghi": 380.54537835396906, "winter_wind": 4.0919503458865591, "solar_cf_p50": 0.054323081, "wind_cf_p50": 0.069509625 }, "geometry": { "type": "Point", "coordinates": [ -73.5, 42.12 ] } },
{ "type": "Feature", "properties": { "latitude": 42.03, "longitude": -74.13, "frac_class_11": 0.090935706757231533, "frac_class_21": 0.088698910879494081, "frac_class_22": 0.02213373931373697, "frac_class_23": 0.0057793652652535429, "frac_class_24": 0.0009544443143225202, "frac_developed": 0.11756645977280712, "hybrid_seasonal_score": 0.00086262069733144121, "jackpot_zone": false, "hybrid_screening_score": 0.46097337006427919, "summer_ghi": 379.50352791428321, "winter_wind": 2.5796816324598781, "solar_cf_p50": 0.028157346, "wind_cf_p50": 0.051027119 }, "geometry": { "type": "Point", "coordinates": [ -74.13, 42.03 ] } },
{ "type": "Feature", "properties": { "latitude": 42.3, "longitude": -75.84, "frac_class_11": 0.010177610428244332, "frac_class_21": 0.060029162543114301, "frac_class_22": 0.025092670129474665, "frac_class_23": 0.0044973560465429501, "frac_class_24": 0.00093109324401084519, "frac_developed": 0.090550281963142756, "hybrid_seasonal_score": 0.1117694601916991, "jackpot_zone": false, "hybrid_screening_score": 0.28879706152433426, "summer_ghi": 380.25866129444825, "winter_wind": 4.3293668949627211, "solar_cf_p50": 0.0274089, "wind_cf_p50": 0.032229248 }, "geometry": { "type": "Point", "coordinates": [ -75.84, 42.3 ] } },
{ "type": "Feature", "properties": { "latitude": 43.02, "longitude": -75.39, "frac_class_11": 0.00036892157781317342, "frac_class_21": 0.073263140635247817, "frac_class_22": 0.04988053967956526, "frac_class_23": 0.008988803522908274, "frac_class_24": 0.0012180267965895249, "frac_developed": 0.13335051063431086, "hybrid_seasonal_score": 0.11554310953259113, "jackpot_zone": false, "hybrid_screening_score": 0.3925619834710744, "summer_ghi": 377.50193263664289, "winter_wind": 4.7280949610498455, "solar_cf_p50": 0.027537309, "wind_cf_p50": 0.017353384 }, "geometry": { "type": "Point", "coordinates": [ -75.39, 43.02 ] } },
{ "type": "Feature", "properties": { "latitude": 43.2, "longitude": -75.3, "frac_class_11": 0.0079112719521693044, "frac_class_21": 0.079604612078304604, "frac_class_22": 0.056825302016173897, "frac_class_23": 0.016203175049335654, "frac_class_24": 0.0059144224068771265, "frac_developed": 0.15854751155069127, "hybrid_seasonal_score": 0.028345901624138536, "jackpot_zone": false, "hybrid_screening_score": 0.12350780532598715, "summer_ghi": 375.79947873697984, "winter_wind": 3.8890652721729726, "solar_cf_p50": 0.023662923, "wind_cf_p50": 0.020795973 }, "geometry": { "type": "Point", "coordinates": [ -75.3, 43.2 ] } },
{ "type": "Feature", "properties": { "latitude": 42.21, "longitude": -76.38, "frac_class_11": 0.0024418808924284124, "frac_class_21": 0.051466885284300525, "frac_class_22": 0.016138666042044857, "frac_class_23": 0.0028810681032968321, "frac_class_24": 0.00022252152017333254, "frac_developed": 0.070709140949815549, "hybrid_seasonal_score": 0.12236249294851849, "jackpot_zone": false, "hybrid_screening_score": 0.32231404958677684, "summer_ghi": 381.39303262802105, "winter_wind": 4.225052245748163, "solar_cf_p50": 0.041844871, "wind_cf_p50": 0.028869223 }, "geometry": { "type": "Point", "coordinates": [ -76.38, 42.21 ] } },
{ "type": "Feature", "properties": { "latitude": 44.82, "longitude": -74.04, "frac_class_11": 0.019428845804762937, "frac_class_21": 0.028370330899359985, "frac_class_22": 0.010698161930470731, "frac_class_23": 0.00052114746130919268, "frac_class_24": 1.7566768358736832e-05, "frac_developed": 0.039607207059498641, "hybrid_seasonal_score": 0.0012089759773205803, "jackpot_zone": false, "hybrid_screening_score": 0.40082644628099173, "summer_ghi": 345.41068273211704, "winter_wind": 4.695021258102777, "solar_cf_p50": 0.066018671, "wind_cf_p50": 0.027195515 }, "geometry": { "type": "Point", "coordinates": [ -74.04, 44.82 ] } },
{ "type": "Feature", "properties": { "latitude": 42.39, "longitude": -79.17, "frac_class_11": 0.0010950080515297906, "frac_class_21": 0.04719074806031328, "frac_class_22": 0.011231152100717318, "frac_class_23": 0.001048162787293222, "frac_class_24": 4.6845264236568582e-05, "frac_developed": 0.059516908212560386, "hybrid_seasonal_score": 0.95095963390478788, "jackpot_zone": true, "hybrid_screening_score": 0.94168962350780538, "summer_ghi": 406.32006707349797, "winter_wind": 5.6214973233412602, "solar_cf_p50": 0.022976533, "wind_cf_p50": 0.043196123 }, "geometry": { "type": "Point", "coordinates": [ -79.17, 42.39 ] } },
{ "type": "Feature", "properties": { "latitude": 42.48, "longitude": -75.3, "frac_class_11": 0.00030452096509721245, "frac_class_21": 0.06286015460295151, "frac_class_22": 0.0062016865776528462, "frac_class_23": 0.00078472710236589369, "frac_class_24": 2.9280862028578121e-05, "frac_developed": 0.069875849144998822, "hybrid_seasonal_score": 0.086336273664097338, "jackpot_zone": false, "hybrid_screening_score": 0.28053259871441694, "summer_ghi": 378.63543576169269, "winter_wind": 4.3939946325678481, "solar_cf_p50": 0.037044782, "wind_cf_p50": 0.020259393 }, "geometry": { "type": "Point", "coordinates": [ -75.3, 42.48 ] } },
{ "type": "Feature", "properties": { "latitude": 42.48, "longitude": -73.59, "frac_class_11": 0.015038122342855136, "frac_class_21": 0.08305517491772367, "frac_class_22": 0.03010552451893234, "frac_class_23": 0.0063302999426115272, "frac_class_24": 0.0011360575290163147, "frac_developed": 0.12062705690828385, "hybrid_seasonal_score": 0.061762124121252586, "jackpot_zone": false, "hybrid_screening_score": 0.44811753902662993, "summer_ghi": 378.6225697652892, "winter_wind": 4.1414164041312453, "solar_cf_p50": 0.028398208, "wind_cf_p50": 0.021305049 }, "geometry": { "type": "Point", "coordinates": [ -73.59, 42.48 ] } },
{ "type": "Feature", "properties": { "latitude": 42.84, "longitude": -78.0, "frac_class_11": 0.0040230255260091238, "frac_class_21": 0.043872645183202844, "frac_class_22": 0.038900958616126066, "frac_class_23": 0.0063244069404510238, "frac_class_24": 0.00084911019107907263, "frac_developed": 0.089947120930859006, "hybrid_seasonal_score": 0.62982947430731051, "jackpot_zone": true, "hybrid_screening_score": 0.69054178145087231, "summer_ghi": 388.7937547435269, "winter_wind": 5.0537329311960093, "solar_cf_p50": 0.036141746, "wind_cf_p50": 0.022683291 }, "geometry": { "type": "Point", "coordinates": [ -78.0, 42.84 ] } },
{ "type": "Feature", "properties": { "latitude": 42.75, "longitude": -75.3, "frac_class_11": 0.0035426938526942038, "frac_class_21": 0.05158279363369131, "frac_class_22": 0.0091524470938199026, "frac_class_23": 0.00089006523241242817, "frac_class_24": 4.0989846229519716e-05, "frac_developed": 0.061666295806153161, "hybrid_seasonal_score": 0.11608045561213606, "jackpot_zone": false, "hybrid_screening_score": 0.35261707988980717, "summer_ghi": 377.41327523277295, "winter_wind": 4.7521864037373849, "solar_cf_p50": 0.034852233, "wind_cf_p50": 0.020223781 }, "geometry": { "type": "Point", "coordinates": [ -75.3, 42.75 ] } },
{ "type": "Feature", "properties": { "latitude": 42.12, "longitude": -77.37, "frac_class_11": 0.003595458245252414, "frac_class_21": 0.048240040756334507, "frac_class_22": 0.024729023077688834, "frac_class_23": 0.0016923248092474718, "frac_class_24": 7.6125337440197685e-05, "frac_developed": 0.074737513980711004, "hybrid_seasonal_score": 0.43218308808090927, "jackpot_zone": false, "hybrid_screening_score": 0.68870523415977969, "summer_ghi": 385.05912418909361, "winter_wind": 4.8538463203736422, "solar_cf_p50": 0.024667017, "wind_cf_p50": 0.029581985 }, "geometry": { "type": "Point", "coordinates": [ -77.37, 42.12 ] } },
{ "type": "Feature", "properties": { "latitude": 42.21, "longitude": -79.44, "frac_class_11": 0.18800651145360003, "frac_class_21": 0.085064646086101092, "frac_class_22": 0.037054387033306789, "frac_class_23": 0.0073253853000421606, "frac_class_24": 0.00066754110647866205, "frac_developed": 0.13011195952592869, "hybrid_seasonal_score": 0.90848188875987523, "jackpot_zone": true, "hybrid_screening_score": 0.85858585858585856, "summer_ghi": 399.21445558976558, "winter_wind": 5.4722689980076478, "solar_cf_p50": 0.010005908, "wind_cf_p50": 0.03079108 }, "geometry": { "type": "Point", "coordinates": [ -79.44, 42.21 ] } },
{ "type": "Feature", "properties": { "latitude": 42.48, "longitude": -76.29, "frac_class_11": 0.0038824376789698364, "frac_class_21": 0.064994231974187355, "frac_class_22": 0.03005814872722801, "frac_class_23": 0.0070328923867915135, "frac_class_24": 0.0012648665741440191, "frac_developed": 0.10335013966235089, "hybrid_seasonal_score": 0.27346783639045091, "jackpot_zone": false, "hybrid_screening_score": 0.34251606978879706, "summer_ghi": 383.75829158641454, "winter_wind": 4.5895290988472519, "solar_cf_p50": 0.016539561, "wind_cf_p50": 0.017877692 }, "geometry": { "type": "Point", "coordinates": [ -76.29, 42.48 ] } },
{ "type": "Feature", "properties": { "latitude": 43.56, "longitude": -73.68, "frac_class_11": 0.23563410220824624, "frac_class_21": 0.043848707903659329, "frac_class_22": 0.028219407503703834, "frac_class_23": 0.0066054143316409885, "frac_class_24": 0.00033378423484356061, "frac_developed": 0.079007313973847706, "hybrid_seasonal_score": 0.0011318207536589705, "jackpot_zone": false, "hybrid_screening_score": 0.052800734618916434, "summer_ghi": 353.85440532197998, "winter_wind": 3.2353670920884774, "solar_cf_p50": 0.036009885, "wind_cf_p50": 0.01722613 }, "geometry": { "type": "Point", "coordinates": [ -73.68, 43.56 ] } },
{ "type": "Feature", "properties": { "latitude": 42.39, "longitude": -75.12, "frac_class_11": 0.0050072326694113722, "frac_class_21": 0.05727571404309148, "frac_class_22": 0.027454861700819313, "frac_class_23": 0.010055460226174651, "frac_class_24": 0.0016456519065550824, "frac_developed": 0.096431687876640526, "hybrid_seasonal_score": 0.23107778680030119, "jackpot_zone": false, "hybrid_screening_score": 0.588613406795225, "summer_ghi": 379.48951004383559, "winter_wind": 5.0367413683188875, "solar_cf_p50": 0.059250798, "wind_cf_p50": 0.038479339 }, "geometry": { "type": "Point", "coordinates": [ -75.12, 42.39 ] } },
{ "type": "Feature", "properties": { "latitude": 44.46, "longitude": -75.39, "frac_class_11": 0.010236109809800432, "frac_class_21": 0.036054764358662048, "frac_class_22": 0.013240185514850558, "frac_class_23": 0.0015459570879790125, "frac_class_24": 3.5135388363159375e-05, "frac_developed": 0.05087604234985478, "hybrid_seasonal_score": 0.0079286478610295294, "jackpot_zone": false, "hybrid_screening_score": 0.11065197428833792, "summer_ghi": 360.30255667840538, "winter_wind": 3.6409567753873042, "solar_cf_p50": 0.017323265, "wind_cf_p50": 0.053107213 }, "geometry": { "type": "Point", "coordinates": [ -75.39, 44.46 ] } },
{ "type": "Feature", "properties": { "latitude": 42.12, "longitude": -78.81, "frac_class_11": 0.019793399077088849, "frac_class_21": 0.027839591482982363, "frac_class_22": 0.016168513269775833, "frac_class_23": 0.0058443231594481277, "frac_class_24": 0.00060317162868051813, "frac_developed": 0.050455599540886839, "hybrid_seasonal_score": 0.61562701056815761, "jackpot_zone": false, "hybrid_screening_score": 0.54040404040404044, "summer_ghi": 391.04183886811472, "winter_wind": 4.9386543203213078, "solar_cf_p50": 0.043345422, "wind_cf_p50": 0.048145473 }, "geometry": { "type": "Point", "coordinates": [ -78.81, 42.12 ] } },
{ "type": "Feature", "properties": { "latitude": 43.29, "longitude": -78.9, "frac_class_11": 0.40384964484186242, "frac_class_21": 0.027352739665864413, "frac_class_22": 0.039175728615849482, "frac_class_23": 0.0050946014791911883, "frac_class_24": 0.00098378511322312601, "frac_developed": 0.072606854874128213, "hybrid_seasonal_score": 0.9789836338170923, "jackpot_zone": true, "hybrid_screening_score": 0.95500459136822768, "summer_ghi": 409.22759076552785, "winter_wind": 5.8909345260343065, "solar_cf_p50": 0.028928939, "wind_cf_p50": 0.024690503 }, "geometry": { "type": "Point", "coordinates": [ -78.9, 43.29 ] } },
{ "type": "Feature", "properties": { "latitude": 42.66, "longitude": -75.03, "frac_class_11": 0.0062542090006734398, "frac_class_21": 0.065616490498638477, "frac_class_22": 0.01208092993294879, "frac_class_23": 0.0028401604544256729, "frac_class_24": 0.00046848007495681198, "frac_developed": 0.081006060960969753, "hybrid_seasonal_score": 0.087262979574524779, "jackpot_zone": false, "hybrid_screening_score": 0.3351698806244261, "summer_ghi": 377.9645353991923, "winter_wind": 4.5106353574832347, "solar_cf_p50": 0.050339777, "wind_cf_p50": 0.021280048 }, "geometry": { "type": "Point", "coordinates": [ -75.03, 42.66 ] } },
{ "type": "Feature", "properties": { "latitude": 42.57, "longitude": -75.66, "frac_class_11": 0.0052760714641244709, "frac_class_21": 0.04150002049528316, "frac_class_22": 0.011377810049715701, "frac_class_23": 0.00076710916958968439, "frac_class_24": 0.0, "frac_developed": 0.053644939714588544, "hybrid_seasonal_score": 0.18988090269082006, "jackpot_zone": false, "hybrid_screening_score": 0.42148760330578516, "summer_ghi": 378.7505085867702, "winter_wind": 4.9693915167589813, "solar_cf_p50": 0.051062316, "wind_cf_p50": 0.038766064 }, "geometry": { "type": "Point", "coordinates": [ -75.66, 42.57 ] } },
{ "type": "Feature", "properties": { "latitude": 43.29, "longitude": -75.21, "frac_class_11": 0.0051360737439459332, "frac_class_21": 0.065673809537753369, "frac_class_22": 0.025586666120068168, "frac_class_23": 0.0073322284235123247, "frac_class_24": 0.00073790797233430747, "frac_developed": 0.099330612053668166, "hybrid_seasonal_score": 0.029197560377124614, "jackpot_zone": false, "hybrid_screening_score": 0.12855831037649218, "summer_ghi": 374.96376178987168, "winter_wind": 3.9750526385360874, "solar_cf_p50": 0.027789205, "wind_cf_p50": 0.017368484 }, "geometry": { "type": "Point", "coordinates": [ -75.21, 43.29 ] } },
{ "type": "Feature", "properties": { "latitude": 42.03, "longitude": -76.74, "frac_class_11": 0.011167066815014347, "frac_class_21": 0.060098377935234523, "frac_class_22": 0.045663758271359135, "frac_class_23": 0.018926040873689758, "frac_class_24": 0.0022837734965157814, "frac_developed": 0.12697195057679922, "hybrid_seasonal_score": 0.16627583118942998, "jackpot_zone": false, "hybrid_screening_score": 0.43617998163452709, "summer_ghi": 382.97139829934952, "winter_wind": 4.3006954753937325, "solar_cf_p50": 0.024691235, "wind_cf_p50": 0.048840273 }, "geometry": { "type": "Point", "coordinates": [ -76.74, 42.03 ] } },
{ "type": "Feature", "properties": { "latitude": 44.73, "longitude": -74.67, "frac_class_11": 0.0039118086258893804, "frac_class_21": 0.041642022662723627, "frac_class_22": 0.016970690715310516, "frac_class_23": 0.0027347524375603898, "frac_class_24": 0.00067344010775041729, "frac_developed": 0.06202090592334495, "hybrid_seasonal_score": 0.0039018197670839792, "jackpot_zone": false, "hybrid_screening_score": 0.1648301193755739, "summer_ghi": 353.44782307469899, "winter_wind": 3.6877467109369064, "solar_cf_p50": 0.017987126, "wind_cf_p50": 0.053166647 }, "geometry": { "type": "Point", "coordinates": [ -74.67, 44.73 ] } },
{ "type": "Feature", "properties": { "latitude": 44.19, "longitude": -75.84, "frac_class_11": 0.010634186332493998, "frac_class_21": 0.039450723194940564, "frac_class_22": 0.02693681559992973, "frac_class_23": 0.0029103472506880599, "frac_class_24": 0.00024594483808631492, "frac_developed": 0.069543830883644672, "hybrid_seasonal_score": 0.0098208481003372074, "jackpot_zone": false, "hybrid_screening_score": 0.17309458218549126, "summer_ghi": 371.44848270995061, "winter_wind": 3.5869933405635832, "solar_cf_p50": 0.01987876, "wind_cf_p50": 0.0495863 }, "geometry": { "type": "Point", "coordinates": [ -75.84, 44.19 ] } },
{ "type": "Feature", "properties": { "latitude": 42.39, "longitude": -78.99, "frac_class_11": 0.011401834131715487, "frac_class_21": 0.037865567280776752, "frac_class_22": 0.019096754547264613, "frac_class_23": 0.0025591173680327003, "frac_class_24": 0.00019325142596127943, "frac_developed": 0.059714690622035348, "hybrid_seasonal_score": 0.83078721095250019, "jackpot_zone": true, "hybrid_screening_score": 0.83287419651056016, "summer_ghi": 400.95654209800961, "winter_wind": 5.2422046618787359, "solar_cf_p50": 0.034413442, "wind_cf_p50": 0.043014143 }, "geometry": { "type": "Point", "coordinates": [ -78.99, 42.39 ] } },
{ "type": "Feature", "properties": { "latitude": 43.02, "longitude": -77.1, "frac_class_11": 0.0083326013760796364, "frac_class_21": 0.073962816571512227, "frac_class_22": 0.086587615283267458, "frac_class_23": 0.020465524813350899, "frac_class_24": 0.0056272873664178014, "frac_developed": 0.18664324403454838, "hybrid_seasonal_score": 0.40167262406180515, "jackpot_zone": false, "hybrid_screening_score": 0.433425160697888, "summer_ghi": 386.76981983926197, "winter_wind": 4.6974763551658096, "solar_cf_p50": 0.031976715, "wind_cf_p50": 0.017775761 }, "geometry": { "type": "Point", "coordinates": [ -77.1, 43.02 ] } },
{ "type": "Feature", "properties": { "latitude": 44.46, "longitude": -75.66, "frac_class_11": 0.14028142951672123, "frac_class_21": 0.024266415257859941, "frac_class_22": 0.017221893647047799, "frac_class_23": 0.0014229582306129261, "frac_class_24": 8.7836927815612727e-05, "frac_developed": 0.042999104063336277, "hybrid_seasonal_score": 0.014417486493619725, "jackpot_zone": false, "hybrid_screening_score": 0.15472910927456382, "summer_ghi": 361.71544428772916, "winter_wind": 3.8450525397452173, "solar_cf_p50": 0.015738962, "wind_cf_p50": 0.050378572 }, "geometry": { "type": "Point", "coordinates": [ -75.66, 44.46 ] } },
{ "type": "Feature", "properties": { "latitude": 42.12, "longitude": -75.3, "frac_class_11": 0.096981231516997043, "frac_class_21": 0.027616900418704068, "frac_class_22": 0.0038591046174567389, "frac_class_23": 0.00028694404591104734, "frac_class_24": 0.0, "frac_developed": 0.031762949082071855, "hybrid_seasonal_score": 0.25614269415922308, "jackpot_zone": false, "hybrid_screening_score": 0.57529843893480259, "summer_ghi": 379.99259248760825, "winter_wind": 5.0039017692457177, "solar_cf_p50": 0.045481641, "wind_cf_p50": 0.025123345 }, "geometry": { "type": "Point", "coordinates": [ -75.3, 42.12 ] } },
{ "type": "Feature", "properties": { "latitude": 42.39, "longitude": -75.57, "frac_class_11": 0.0086313410199504604, "frac_class_21": 0.061297746130828647, "frac_class_22": 0.021279710492876507, "frac_class_23": 0.0038296452015248311, "frac_class_24": 0.00031620923682315123, "frac_developed": 0.086723311062053138, "hybrid_seasonal_score": 0.10153205820623804, "jackpot_zone": false, "hybrid_screening_score": 0.2910927456382002, "summer_ghi": 379.56604438745802, "winter_wind": 4.3736263077833897, "solar_cf_p50": 0.034706924, "wind_cf_p50": 0.049398597 }, "geometry": { "type": "Point", "coordinates": [ -75.57, 42.39 ] } },
{ "type": "Feature", "properties": { "latitude": 43.29, "longitude": -75.75, "frac_class_11": 0.0022251761109777306, "frac_class_21": 0.051512826969134465, "frac_class_22": 0.025952580325929744, "frac_class_23": 0.006066532765718234, "frac_class_24": 0.0017157278960959871, "frac_developed": 0.085247667956878437, "hybrid_seasonal_score": 0.053629204643479624, "jackpot_zone": false, "hybrid_screening_score": 0.15564738292011018, "summer_ghi": 377.97328651563754, "winter_wind": 4.1579789605379256, "solar_cf_p50": 0.021260887, "wind_cf_p50": 0.01830373 }, "geometry": { "type": "Point", "coordinates": [ -75.75, 43.29 ] } },
{ "type": "Feature", "properties": { "latitude": 43.92, "longitude": -75.84, "frac_class_11": 0.0036012929520061838, "frac_class_21": 0.055928372332700912, "frac_class_22": 0.028336026983346217, "frac_class_23": 0.011090811139999532, "frac_class_24": 0.0019968144660717215, "frac_developed": 0.097352024922118377, "hybrid_seasonal_score": 0.090653593283195083, "jackpot_zone": false, "hybrid_screening_score": 0.52020202020202022, "summer_ghi": 375.55147009858371, "winter_wind": 4.6981265879574359, "solar_cf_p50": 0.022404945, "wind_cf_p50": 0.033032525 }, "geometry": { "type": "Point", "coordinates": [ -75.84, 43.92 ] } },
{ "type": "Feature", "properties": { "latitude": 43.02, "longitude": -78.54, "frac_class_11": 0.0023013140327454149, "frac_class_21": 0.067282692713091133, "frac_class_22": 0.084469350947462107, "frac_class_23": 0.018539339001709881, "frac_class_24": 0.0047431663270325348, "frac_developed": 0.17503454898929563, "hybrid_seasonal_score": 0.59872453561409233, "jackpot_zone": false, "hybrid_screening_score": 0.66115702479338845, "summer_ghi": 391.6895079567804, "winter_wind": 4.8992741118797172, "solar_cf_p50": 0.042241704, "wind_cf_p50": 0.016231611 }, "geometry": { "type": "Point", "coordinates": [ -78.54, 43.02 ] } },
{ "type": "Feature", "properties": { "latitude": 42.57, "longitude": -78.18, "frac_class_11": 0.0018035743564518774, "frac_class_21": 0.040568711498372101, "frac_class_22": 0.02029021151008362, "frac_class_23": 0.0018504204436324456, "frac_class_24": 0.00022837467500527018, "frac_developed": 0.062937718127093423, "hybrid_seasonal_score": 0.79179641814252377, "jackpot_zone": true, "hybrid_screening_score": 0.73507805325987141, "summer_ghi": 388.50162675164796, "winter_wind": 5.5623573966357878, "solar_cf_p50": 0.033777606, "wind_cf_p50": 0.017360643 }, "geometry": { "type": "Point", "coordinates": [ -78.18, 42.57 ] } },
{ "type": "Feature", "properties": { "latitude": 44.46, "longitude": -75.75, "frac_class_11": 0.23098030114807586, "frac_class_21": 0.0249341323904823, "frac_class_22": 0.024729362619960959, "frac_class_23": 0.0029759873315768639, "frac_class_24": 0.00010238488526067191, "frac_developed": 0.052741867227280796, "hybrid_seasonal_score": 0.015026296018031557, "jackpot_zone": false, "hybrid_screening_score": 0.17263544536271808, "summer_ghi": 359.65409026798307, "winter_wind": 3.9721419436924617, "solar_cf_p50": 0.014186664, "wind_cf_p50": 0.050298207 }, "geometry": { "type": "Point", "coordinates": [ -75.75, 44.46 ] } },
{ "type": "Feature", "properties": { "latitude": 44.73, "longitude": -74.76, "frac_class_11": 0.0066696335507747083, "frac_class_21": 0.040591659151861526, "frac_class_22": 0.01499057233536721, "frac_class_23": 0.0011008701558785296, "frac_class_24": 6.4412615503530989e-05, "frac_developed": 0.056747514258610798, "hybrid_seasonal_score": 0.0039018197670839792, "jackpot_zone": false, "hybrid_screening_score": 0.1648301193755739, "summer_ghi": 353.44782307469899, "winter_wind": 3.6877467109369064, "solar_cf_p50": 0.018735645, "wind_cf_p50": 0.052282613 }, "geometry": { "type": "Point", "coordinates": [ -74.76, 44.73 ] } },
{ "type": "Feature", "properties": { "latitude": 42.66, "longitude": -77.19, "frac_class_11": 0.0025591473412977278, "frac_class_21": 0.054368704614663858, "frac_class_22": 0.020367767627078943, "frac_class_23": 0.0012356523776059967, "frac_class_24": 0.00011712344811431249, "frac_developed": 0.076089248067463103, "hybrid_seasonal_score": 0.4820019630312643, "jackpot_zone": false, "hybrid_screening_score": 0.54499540863177232, "summer_ghi": 386.07648828518489, "winter_wind": 4.8969624740987463, "solar_cf_p50": 0.027238891, "wind_cf_p50": 0.015302979 }, "geometry": { "type": "Point", "coordinates": [ -77.19, 42.66 ] } },
{ "type": "Feature", "properties": { "latitude": 42.48, "longitude": -77.28, "frac_class_11": 0.002061239906073045, "frac_class_21": 0.049698133758073679, "frac_class_22": 0.019985828975645749, "frac_class_23": 0.0018270080985647447, "frac_class_24": 0.00035134771126245091, "frac_developed": 0.071862318543546633, "hybrid_seasonal_score": 0.49803654712244744, "jackpot_zone": false, "hybrid_screening_score": 0.59090909090909094, "summer_ghi": 385.24294469880169, "winter_wind": 5.0235895739035286, "solar_cf_p50": 0.037426621, "wind_cf_p50": 0.018236637 }, "geometry": { "type": "Point", "coordinates": [ -77.28, 42.48 ] } },
{ "type": "Feature", "properties": { "latitude": 44.64, "longitude": -73.59, "frac_class_11": 0.0070221675598114144, "frac_class_21": 0.048288383261588921, "frac_class_22": 0.037564789598524113, "frac_class_23": 0.0038244165275703535, "frac_class_24": 0.00045096488916220094, "frac_developed": 0.090128554276845602, "hybrid_seasonal_score": 0.00061471210982856368, "jackpot_zone": false, "hybrid_screening_score": 0.13498622589531681, "summer_ghi": 357.84417120581804, "winter_wind": 2.8155873268447973, "solar_cf_p50": 0.032311019, "wind_cf_p50": 0.052062802 }, "geometry": { "type": "Point", "coordinates": [ -73.59, 44.64 ] } },
{ "type": "Feature", "properties": { "latitude": 43.2, "longitude": -74.22, "frac_class_11": 0.1722726474205071, "frac_class_21": 0.030590853194354981, "frac_class_22": 0.022041342156116413, "frac_class_23": 0.0046143936288575273, "frac_class_24": 0.00035134976869473562, "frac_developed": 0.057597938748023658, "hybrid_seasonal_score": 0.023090914150268021, "jackpot_zone": false, "hybrid_screening_score": 0.34848484848484851, "summer_ghi": 374.7051857405894, "winter_wind": 3.8322565169907707, "solar_cf_p50": 0.03416422, "wind_cf_p50": 0.020765435 }, "geometry": { "type": "Point", "coordinates": [ -74.22, 43.2 ] } },
{ "type": "Feature", "properties": { "latitude": 42.48, "longitude": -75.93, "frac_class_11": 0.0057270012297241909, "frac_class_21": 0.052731744451601573, "frac_class_22": 0.01213327867892487, "frac_class_23": 0.0012999941441705217, "frac_class_24": 0.00011126076008666627, "frac_developed": 0.066276278034783628, "hybrid_seasonal_score": 0.15981566225743535, "jackpot_zone": false, "hybrid_screening_score": 0.30486685032139577, "summer_ghi": 381.2733246502213, "winter_wind": 4.4202262241720236, "solar_cf_p50": 0.047673695, "wind_cf_p50": 0.020492703 }, "geometry": { "type": "Point", "coordinates": [ -75.93, 42.48 ] } },
{ "type": "Feature", "properties": { "latitude": 43.83, "longitude": -73.41, "frac_class_11": 0.14445075569036897, "frac_class_21": 0.04167569435091438, "frac_class_22": 0.037711321008836396, "frac_class_23": 0.010938625410637637, "frac_class_24": 0.0026351078344683818, "frac_developed": 0.092960748604856799, "hybrid_seasonal_score": 0.0019183402604389327, "jackpot_zone": false, "hybrid_screening_score": 0.034435261707988982, "summer_ghi": 356.87405785006564, "winter_wind": 3.2964210077815435, "solar_cf_p50": 0.024256611, "wind_cf_p50": 0.020372231 }, "geometry": { "type": "Point", "coordinates": [ -73.41, 43.83 ] } },
{ "type": "Feature", "properties": { "latitude": 42.21, "longitude": -77.28, "frac_class_11": 0.0057855595245066465, "frac_class_21": 0.04894302277917667, "frac_class_22": 0.020454412367511859, "frac_class_23": 0.00103648181764947, "frac_class_24": 2.9279147391227968e-05, "frac_developed": 0.070463196111729229, "hybrid_seasonal_score": 0.2709752588916125, "jackpot_zone": false, "hybrid_screening_score": 0.5376492194674013, "summer_ghi": 384.79110944689648, "winter_wind": 4.5451864669326749, "solar_cf_p50": 0.02714479, "wind_cf_p50": 0.028901078 }, "geometry": { "type": "Point", "coordinates": [ -77.28, 42.21 ] } },
{ "type": "Feature", "properties": { "latitude": 42.3, "longitude": -77.1, "frac_class_11": 0.00080224394071592953, "frac_class_21": 0.038115370876788214, "frac_class_22": 0.014914710343091039, "frac_class_23": 0.00060900269952158148, "frac_class_24": 5.8557951877075151e-06, "frac_developed": 0.053644939714588544, "hybrid_seasonal_score": 0.43910682077473967, "jackpot_zone": false, "hybrid_screening_score": 0.58402203856749313, "summer_ghi": 384.36990689628362, "winter_wind": 4.9409019549928761, "solar_cf_p50": 0.027363639, "wind_cf_p50": 0.045360614 }, "geometry": { "type": "Point", "coordinates": [ -77.1, 42.3 ] } },
{ "type": "Feature", "properties": { "latitude": 42.03, "longitude": -79.08, "frac_class_11": 0.0018565588652149976, "frac_class_21": 0.044697972426879694, "frac_class_22": 0.0097454698792358244, "frac_class_23": 0.00064423178288217585, "frac_class_24": 4.099656800159301e-05, "frac_developed": 0.055128670656999286, "hybrid_seasonal_score": 0.62999369266586891, "jackpot_zone": false, "hybrid_screening_score": 0.66574839302112032, "summer_ghi": 393.85826317844379, "winter_wind": 4.9312702479741599, "solar_cf_p50": 0.023051478, "wind_cf_p50": 0.067254685 }, "geometry": { "type": "Point", "coordinates": [ -79.08, 42.03 ] } },
{ "type": "Feature", "properties": { "latitude": 42.84, "longitude": -78.36, "frac_class_11": 0.0026644336175395858, "frac_class_21": 0.050946313126581093, "frac_class_22": 0.03098941253630657, "frac_class_23": 0.0027698397826290641, "frac_class_24": 0.00041576876229738592, "frac_developed": 0.08512133420781412, "hybrid_seasonal_score": 0.80119691783854063, "jackpot_zone": true, "hybrid_screening_score": 0.68044077134986225, "summer_ghi": 389.96145209718969, "winter_wind": 5.4212070764997078, "solar_cf_p50": 0.038538206, "wind_cf_p50": 0.020952431 }, "geometry": { "type": "Point", "coordinates": [ -78.36, 42.84 ] } },
{ "type": "Feature", "properties": { "latitude": 44.28, "longitude": -75.39, "frac_class_11": 0.025436978480456743, "frac_class_21": 0.040421607378129117, "frac_class_22": 0.020260576782315912, "frac_class_23": 0.0024359537403015664, "frac_class_24": 0.00029863855950812472, "frac_developed": 0.063416776460254717, "hybrid_seasonal_score": 0.009959348051008456, "jackpot_zone": false, "hybrid_screening_score": 0.12901744719926539, "summer_ghi": 359.92009181279502, "winter_wind": 3.7274044222774547, "solar_cf_p50": 0.01946249, "wind_cf_p50": 0.060038056 }, "geometry": { "type": "Point", "coordinates": [ -75.39, 44.28 ] } },
{ "type": "Feature", "properties": { "latitude": 42.39, "longitude": -75.39, "frac_class_11": 0.0036716265832791666, "frac_class_21": 0.053914937722888814, "frac_class_22": 0.015594165217340384, "frac_class_23": 0.0023364896439049244, "frac_class_24": 0.00032207250730519006, "frac_developed": 0.07216766509143932, "hybrid_seasonal_score": 0.12045068769336237, "jackpot_zone": false, "hybrid_screening_score": 0.35353535353535354, "summer_ghi": 379.1749296009877, "winter_wind": 4.5271691651715811, "solar_cf_p50": 0.040611051, "wind_cf_p50": 0.046640471 }, "geometry": { "type": "Point", "coordinates": [ -75.39, 42.39 ] } },
{ "type": "Feature", "properties": { "latitude": 42.75, "longitude": -77.64, "frac_class_11": 0.091962100183877349, "frac_class_21": 0.05846597097782931, "frac_class_22": 0.026791047398194021, "frac_class_23": 0.0025883372568309849, "frac_class_24": 0.00012883126617710785, "frac_developed": 0.087974186899031415, "hybrid_seasonal_score": 0.59462055229648514, "jackpot_zone": false, "hybrid_screening_score": 0.6262626262626263, "summer_ghi": 385.82969868386454, "winter_wind": 5.214950943794987, "solar_cf_p50": 0.030567266, "wind_cf_p50": 0.017332377 }, "geometry": { "type": "Point", "coordinates": [ -77.64, 42.75 ] } },
{ "type": "Feature", "properties": { "latitude": 42.03, "longitude": -73.68, "frac_class_11": 0.006787105085936814, "frac_class_21": 0.066898954703832753, "frac_class_22": 0.017562146809943488, "frac_class_23": 0.0033789125406260066, "frac_class_24": 0.00046848007495681198, "frac_developed": 0.088308494129359053, "hybrid_seasonal_score": 0.10617465244312227, "jackpot_zone": false, "hybrid_screening_score": 0.53443526170798894, "summer_ghi": 379.51624234034171, "winter_wind": 4.4005719178753653, "solar_cf_p50": 0.034891926, "wind_cf_p50": 0.049533743 }, "geometry": { "type": "Point", "coordinates": [ -73.68, 42.03 ] } },
{ "type": "Feature", "properties": { "latitude": 41.49, "longitude": -74.49, "frac_class_11": 0.010657235208694431, "frac_class_21": 0.10018972220920973, "frac_class_22": 0.049380475008197873, "frac_class_23": 0.015505691666276291, "frac_class_24": 0.0017801096172764322, "frac_developed": 0.16685599850096033, "hybrid_seasonal_score": 0.063440355639203624, "jackpot_zone": false, "hybrid_screening_score": 0.55463728191000916, "summer_ghi": 380.74689519704327, "winter_wind": 3.8647654472687751, "solar_cf_p50": 0.030580297, "wind_cf_p50": 0.049947664 }, "geometry": { "type": "Point", "coordinates": [ -74.49, 41.49 ] } },
{ "type": "Feature", "properties": { "latitude": 42.03, "longitude": -75.3, "frac_class_11": 0.038496222989986534, "frac_class_21": 0.030022837734965158, "frac_class_22": 0.0075247408795455877, "frac_class_23": 0.0019324237278210458, "frac_class_24": 5.8558294782455936e-05, "frac_developed": 0.039538560637114251, "hybrid_seasonal_score": 0.3229759823799393, "jackpot_zone": false, "hybrid_screening_score": 0.59825528007346185, "summer_ghi": 382.38277179879032, "winter_wind": 4.7810964259616755, "solar_cf_p50": 0.028347742, "wind_cf_p50": 0.049904037 }, "geometry": { "type": "Point", "coordinates": [ -75.3, 42.03 ] } },
{ "type": "Feature", "properties": { "latitude": 43.02, "longitude": -77.91, "frac_class_11": 0.0025297035210896462, "frac_class_21": 0.052069730809095223, "frac_class_22": 0.057896247020864197, "frac_class_23": 0.015552992018551159, "frac_class_24": 0.0022544811472673932, "frac_developed": 0.12777345099577797, "hybrid_seasonal_score": 0.60963251346421898, "jackpot_zone": false, "hybrid_screening_score": 0.65656565656565657, "summer_ghi": 388.26022227352729, "winter_wind": 5.0508841489499812, "solar_cf_p50": 0.039491516, "wind_cf_p50": 0.022946626 }, "geometry": { "type": "Point", "coordinates": [ -77.91, 43.02 ] } },
{ "type": "Feature", "properties": { "latitude": 42.39, "longitude": -74.85, "frac_class_11": 0.0010365000263516957, "frac_class_21": 0.055924153964173405, "frac_class_22": 0.0070739662815415159, "frac_class_23": 0.0007964067999086475, "frac_class_24": 5.8559323522694663e-05, "frac_developed": 0.063853086369146272, "hybrid_seasonal_score": 0.43321604052883789, "jackpot_zone": false, "hybrid_screening_score": 0.78604224058769512, "summer_ghi": 381.62595169173278, "winter_wind": 5.3717128214318057, "solar_cf_p50": 0.068893589, "wind_cf_p50": 0.056628454 }, "geometry": { "type": "Point", "coordinates": [ -74.85, 42.39 ] } },
{ "type": "Feature", "properties": { "latitude": 42.03, "longitude": -75.93, "frac_class_11": 0.0074076676680193713, "frac_class_21": 0.081911822403363602, "frac_class_22": 0.04832844368708606, "frac_class_23": 0.014809479472269557, "frac_class_24": 0.0014229748959120215, "frac_developed": 0.14647272045863124, "hybrid_seasonal_score": 0.15056652171603335, "jackpot_zone": false, "hybrid_screening_score": 0.40082644628099173, "summer_ghi": 380.9281516079501, "winter_wind": 4.4236553492190342, "solar_cf_p50": 0.032536939, "wind_cf_p50": 0.048070487 }, "geometry": { "type": "Point", "coordinates": [ -75.93, 42.03 ] } },
{ "type": "Feature", "properties": { "latitude": 44.91, "longitude": -74.04, "frac_class_11": 0.0010364454021642385, "frac_class_21": 0.049854780531222186, "frac_class_22": 0.017080854452616291, "frac_class_23": 0.003302571789947065, "frac_class_24": 0.00059727362158617137, "frac_developed": 0.070835480395371714, "hybrid_seasonal_score": 0.0085404086781497249, "jackpot_zone": false, "hybrid_screening_score": 0.48668503213957759, "summer_ghi": 348.25184444503833, "winter_wind": 4.8470480930545463, "solar_cf_p50": 0.038006939, "wind_cf_p50": 0.017674644 }, "geometry": { "type": "Point", "coordinates": [ -74.04, 44.91 ] } },
{ "type": "Feature", "properties": { "latitude": 43.29, "longitude": -77.91, "frac_class_11": 0.00091937061176208801, "frac_class_21": 0.048205470547933171, "frac_class_22": 0.057539717396014496, "frac_class_23": 0.0060608190011067582, "frac_class_24": 0.00059144224068771267, "frac_developed": 0.11239744918574214, "hybrid_seasonal_score": 0.66249606845649922, "jackpot_zone": false, "hybrid_screening_score": 0.76675849403122132, "summer_ghi": 398.73840186755763, "winter_wind": 4.9369506702694217, "solar_cf_p50": 0.038243607, "wind_cf_p50": 0.012698255 }, "geometry": { "type": "Point", "coordinates": [ -77.91, 43.29 ] } },
{ "type": "Feature", "properties": { "latitude": 43.47, "longitude": -75.48, "frac_class_11": 0.0032616397205647261, "frac_class_21": 0.033342507305018941, "frac_class_22": 0.0092871824000281076, "frac_class_23": 0.0014522201987433611, "frac_class_24": 5.27015394705252e-05, "frac_developed": 0.044134611443260932, "hybrid_seasonal_score": 0.10406848348245795, "jackpot_zone": false, "hybrid_screening_score": 0.39761248852157943, "summer_ghi": 375.64292986712195, "winter_wind": 4.789784141470018, "solar_cf_p50": 0.045821477, "wind_cf_p50": 0.036118772 }, "geometry": { "type": "Point", "coordinates": [ -75.48, 43.47 ] } },
{ "type": "Feature", "properties": { "latitude": 44.1, "longitude": -76.29, "frac_class_11": 0.25793118922078612, "frac_class_21": 0.036548714890501467, "frac_class_22": 0.025099933279405774, "frac_class_23": 0.0030112834562448705, "frac_class_24": 0.0003129373003548591, "frac_developed": 0.064972868926506971, "hybrid_seasonal_score": 0.82262646500061976, "jackpot_zone": true, "hybrid_screening_score": 0.96969696969696972, "summer_ghi": 389.59177804851828, "winter_wind": 5.5631390306373882, "solar_cf_p50": 0.024524812, "wind_cf_p50": 0.034974493 }, "geometry": { "type": "Point", "coordinates": [ -76.29, 44.1 ] } },
{ "type": "Feature", "properties": { "latitude": 42.84, "longitude": -74.49, "frac_class_11": 0.0072258820084907041, "frac_class_21": 0.046359244620114183, "frac_class_22": 0.016091348265261308, "frac_class_23": 0.003700775874688918, "frac_class_24": 0.00021080368906455863, "frac_developed": 0.066362172449128981, "hybrid_seasonal_score": 0.081008557905627776, "jackpot_zone": false, "hybrid_screening_score": 0.57346189164370975, "summer_ghi": 379.07590892886719, "winter_wind": 4.2801705963612697, "solar_cf_p50": 0.030591598, "wind_cf_p50": 0.018891593 }, "geometry": { "type": "Point", "coordinates": [ -74.49, 42.84 ] } },
{ "type": "Feature", "properties": { "latitude": 43.29, "longitude": -75.03, "frac_class_11": 0.055003162110884692, "frac_class_21": 0.040264211931698407, "frac_class_22": 0.011038109291921392, "frac_class_23": 0.00089007565643079659, "frac_class_24": 1.756728269271309e-05, "frac_developed": 0.052209964162743309, "hybrid_seasonal_score": 0.045593888631704813, "jackpot_zone": false, "hybrid_screening_score": 0.20431588613406793, "summer_ghi": 373.28355452818323, "winter_wind": 4.3707109803656055, "solar_cf_p50": 0.039527968, "wind_cf_p50": 0.020005917 }, "geometry": { "type": "Point", "coordinates": [ -75.03, 43.29 ] } },
{ "type": "Feature", "properties": { "latitude": 43.38, "longitude": -75.75, "frac_class_11": 0.0018035321122405958, "frac_class_21": 0.046938679908183817, "frac_class_22": 0.018808263456223356, "frac_class_23": 0.0048016114676535347, "frac_class_24": 0.0013350822129573241, "frac_developed": 0.071883637045018031, "hybrid_seasonal_score": 0.049674472414267049, "jackpot_zone": false, "hybrid_screening_score": 0.14416896235078053, "summer_ghi": 378.47718290274366, "winter_wind": 4.0168378386537844, "solar_cf_p50": 0.021644248, "wind_cf_p50": 0.019323738 }, "geometry": { "type": "Point", "coordinates": [ -75.75, 43.38 ] } },
{ "type": "Feature", "properties": { "latitude": 42.39, "longitude": -77.19, "frac_class_11": 0.050476363359547471, "frac_class_21": 0.053937097784778627, "frac_class_22": 0.02518548014030321, "frac_class_23": 0.0045674667541121842, "frac_class_24": 0.00095448343707728973, "frac_developed": 0.084644528116271309, "hybrid_seasonal_score": 0.37528300789007024, "jackpot_zone": false, "hybrid_screening_score": 0.54499540863177232, "summer_ghi": 385.11784858676049, "winter_wind": 4.7260462093092954, "solar_cf_p50": 0.030235175, "wind_cf_p50": 0.045511924 }, "geometry": { "type": "Point", "coordinates": [ -77.19, 42.39 ] } },
{ "type": "Feature", "properties": { "latitude": 43.2, "longitude": -76.02, "frac_class_11": 0.48977560198632064, "frac_class_21": 0.053165698491520662, "frac_class_22": 0.057124285580436612, "frac_class_23": 0.010985664761547831, "frac_class_24": 0.0010423498547737281, "frac_developed": 0.12231799868827883, "hybrid_seasonal_score": 0.046942418592806776, "jackpot_zone": false, "hybrid_screening_score": 0.17217630853994489, "summer_ghi": 375.70071431637268, "winter_wind": 4.2586607183388789, "solar_cf_p50": 0.018506894, "wind_cf_p50": 0.016561421 }, "geometry": { "type": "Point", "coordinates": [ -76.02, 43.2 ] } },
{ "type": "Feature", "properties": { "latitude": 42.39, "longitude": -77.37, "frac_class_11": 0.001528460997891778, "frac_class_21": 0.04988287655188569, "frac_class_22": 0.04945537596626845, "frac_class_23": 0.015571562426797844, "frac_class_24": 0.0032150386507378776, "frac_developed": 0.11812485359568987, "hybrid_seasonal_score": 0.36077951229466376, "jackpot_zone": false, "hybrid_screening_score": 0.59458218549127639, "summer_ghi": 385.34999402417577, "winter_wind": 4.6931481093537935, "solar_cf_p50": 0.03703057, "wind_cf_p50": 0.048065376 }, "geometry": { "type": "Point", "coordinates": [ -77.37, 42.39 ] } },
{ "type": "Feature", "properties": { "latitude": 42.48, "longitude": -78.27, "frac_class_11": 0.00216077577120371, "frac_class_21": 0.052461761881338859, "frac_class_22": 0.010159745157285738, "frac_class_23": 0.0010364696788700723, "frac_class_24": 9.9547935258707517e-05, "frac_developed": 0.063757524652753375, "hybrid_seasonal_score": 0.73032752603250972, "jackpot_zone": true, "hybrid_screening_score": 0.70798898071625349, "summer_ghi": 388.68818078809977, "winter_wind": 5.2835610562151238, "solar_cf_p50": 0.034443438, "wind_cf_p50": 0.021317568 }, "geometry": { "type": "Point", "coordinates": [ -78.27, 42.48 ] } },
{ "type": "Feature", "properties": { "latitude": 43.92, "longitude": -73.41, "frac_class_11": 0.120855439607416, "frac_class_21": 0.036078610496234613, "frac_class_22": 0.030925359849150298, "frac_class_23": 0.0061663328765679355, "frac_class_24": 0.0016338146937915042, "frac_developed": 0.074804117915744359, "hybrid_seasonal_score": 0.0022261179285972673, "jackpot_zone": false, "hybrid_screening_score": 0.035812672176308541, "summer_ghi": 357.71963997864435, "winter_wind": 3.2670934573902914, "solar_cf_p50": 0.026473297, "wind_cf_p50": 0.051168822 }, "geometry": { "type": "Point", "coordinates": [ -73.41, 43.92 ] } },
{ "type": "Feature", "properties": { "latitude": 42.75, "longitude": -75.57, "frac_class_11": 0.0060260366949911864, "frac_class_21": 0.054386591629138142, "frac_class_22": 0.02095936378170404, "frac_class_23": 0.002278064406561294, "frac_class_24": 0.00013469275411544926, "frac_developed": 0.077758712571518923, "hybrid_seasonal_score": 0.24953517139843209, "jackpot_zone": false, "hybrid_screening_score": 0.46510560146923785, "summer_ghi": 380.11174670693515, "winter_wind": 4.9352480236632008, "solar_cf_p50": 0.044380669, "wind_cf_p50": 0.015292655 }, "geometry": { "type": "Point", "coordinates": [ -75.57, 42.75 ] } },
{ "type": "Feature", "properties": { "latitude": 42.75, "longitude": -78.54, "frac_class_11": 0.0023481051201573993, "frac_class_21": 0.073400243593947631, "frac_class_22": 0.049163816929779357, "frac_class_23": 0.0093865648568885549, "frac_class_24": 0.0019089333395793319, "frac_developed": 0.13385955872019487, "hybrid_seasonal_score": 0.74931129476584013, "jackpot_zone": true, "hybrid_screening_score": 0.64921946740128555, "summer_ghi": 391.29029252559008, "winter_wind": 5.2172448874840462, "solar_cf_p50": 0.039442562, "wind_cf_p50": 0.019752715 }, "geometry": { "type": "Point", "coordinates": [ -78.54, 42.75 ] } },
{ "type": "Feature", "properties": { "latitude": 42.57, "longitude": -74.67, "frac_class_11": 0.0061137365822807052, "frac_class_21": 0.059989576196248603, "frac_class_22": 0.014593325251957391, "frac_class_23": 0.0028577619273496015, "frac_class_24": 0.00014640173808143451, "frac_developed": 0.077587065113637027, "hybrid_seasonal_score": 0.41504176922408825, "jackpot_zone": false, "hybrid_screening_score": 0.83562901744719931, "summer_ghi": 381.12853666600904, "winter_wind": 5.4520714596755582, "solar_cf_p50": 0.052014343, "wind_cf_p50": 0.036973871 }, "geometry": { "type": "Point", "coordinates": [ -74.67, 42.57 ] } },
{ "type": "Feature", "properties": { "latitude": 42.66, "longitude": -76.47, "frac_class_11": 0.00034549596238193117, "frac_class_21": 0.060350532005223431, "frac_class_22": 0.0277158032195539, "frac_class_23": 0.0057094671749556422, "frac_class_24": 0.00067928019722549179, "frac_developed": 0.094455082596958465, "hybrid_seasonal_score": 0.33965162940870425, "jackpot_zone": false, "hybrid_screening_score": 0.39164370982552799, "summer_ghi": 387.36820845733894, "winter_wind": 4.5695342398156171, "solar_cf_p50": 0.020838877, "wind_cf_p50": 0.019288335 }, "geometry": { "type": "Point", "coordinates": [ -76.47, 42.66 ] } },
{ "type": "Feature", "properties": { "latitude": 42.66, "longitude": -78.63, "frac_class_11": 0.002424299207710911, "frac_class_21": 0.066416429018978637, "frac_class_22": 0.02580063359703931, "frac_class_23": 0.0031152830398603979, "frac_class_24": 0.00017567385563122545, "frac_developed": 0.09550801951150957, "hybrid_seasonal_score": 0.73144522274249291, "jackpot_zone": true, "hybrid_screening_score": 0.58539944903581276, "summer_ghi": 390.31127886235652, "winter_wind": 5.2126258598420918, "solar_cf_p50": 0.03885619, "wind_cf_p50": 0.020013047 }, "geometry": { "type": "Point", "coordinates": [ -78.63, 42.66 ] } },
{ "type": "Feature", "properties": { "latitude": 42.48, "longitude": -77.82, "frac_class_11": 0.0015403086473981668, "frac_class_21": 0.042010014934551525, "frac_class_22": 0.016703270959618145, "frac_class_23": 0.0015168818999092214, "frac_class_24": 5.2710181850127386e-05, "frac_developed": 0.060282877975929024, "hybrid_seasonal_score": 0.63603309158029908, "jackpot_zone": false, "hybrid_screening_score": 0.65472910927456374, "summer_ghi": 386.48244600202736, "winter_wind": 5.2490061671203412, "solar_cf_p50": 0.032458261, "wind_cf_p50": 0.019724341 }, "geometry": { "type": "Point", "coordinates": [ -77.82, 42.48 ] } },
{ "type": "Feature", "properties": { "latitude": 42.21, "longitude": -76.56, "frac_class_11": 0.0020436366191574828, "frac_class_21": 0.053966060407321957, "frac_class_22": 0.017022497569887687, "frac_class_23": 0.0022485858503050815, "frac_class_24": 0.00029278461592514084, "frac_developed": 0.073529928443439863, "hybrid_seasonal_score": 0.34170720478008232, "jackpot_zone": false, "hybrid_screening_score": 0.50780532598714423, "summer_ghi": 382.44816226958778, "winter_wind": 4.8277205253908617, "solar_cf_p50": 0.028158201, "wind_cf_p50": 0.048836373 }, "geometry": { "type": "Point", "coordinates": [ -76.56, 42.21 ] } },
{ "type": "Feature", "properties": { "latitude": 42.39, "longitude": -75.03, "frac_class_11": 0.0022427564237697045, "frac_class_21": 0.056947274728878269, "frac_class_22": 0.013766893870189492, "frac_class_23": 0.0072669992738856491, "frac_class_24": 0.0031855339282786405, "frac_developed": 0.081166701801232047, "hybrid_seasonal_score": 0.13121110090807059, "jackpot_zone": false, "hybrid_screening_score": 0.43158861340679522, "summer_ghi": 378.01416282392489, "winter_wind": 4.7799778516294964, "solar_cf_p50": 0.030344578, "wind_cf_p50": 0.045621779 }, "geometry": { "type": "Point", "coordinates": [ -75.03, 42.39 ] } },
{ "type": "Feature", "properties": { "latitude": 44.1, "longitude": -76.02, "frac_class_11": 0.0060551758870481314, "frac_class_21": 0.041431691877045963, "frac_class_22": 0.01855202824967938, "frac_class_23": 0.0012122063913142776, "frac_class_24": 5.270462570931642e-05, "frac_developed": 0.061248631143748941, "hybrid_seasonal_score": 0.037292534662932857, "jackpot_zone": false, "hybrid_screening_score": 0.41184573002754821, "summer_ghi": 381.2063948562452, "winter_wind": 3.6287164775668326, "solar_cf_p50": 0.025527945, "wind_cf_p50": 0.048827149 }, "geometry": { "type": "Point", "coordinates": [ -76.02, 44.1 ] } },
{ "type": "Feature", "properties": { "latitude": 42.48, "longitude": -75.57, "frac_class_11": 0.003683338310817537, "frac_class_21": 0.058330259004854508, "frac_class_22": 0.031041933840451136, "frac_class_23": 0.011940106225368773, "frac_class_24": 0.0030684726150530836, "frac_developed": 0.1043807716857275, "hybrid_seasonal_score": 0.13107112531104517, "jackpot_zone": false, "hybrid_screening_score": 0.3135904499540863, "summer_ghi": 379.37232518910213, "winter_wind": 4.5562908140868501, "solar_cf_p50": 0.045738555, "wind_cf_p50": 0.02121897 }, "geometry": { "type": "Point", "coordinates": [ -75.57, 42.48 ] } },
{ "type": "Feature", "properties": { "latitude": 42.39, "longitude": -77.01, "frac_class_11": 0.020161857022392954, "frac_class_21": 0.052521549704862738, "frac_class_22": 0.018709594303382367, "frac_class_23": 0.0008783847090789844, "frac_class_24": 5.8558980605265626e-05, "frac_developed": 0.072168087697929359, "hybrid_seasonal_score": 0.44557373551863916, "jackpot_zone": false, "hybrid_screening_score": 0.57392102846648307, "summer_ghi": 384.56565285360534, "winter_wind": 4.9394062021589091, "solar_cf_p50": 0.047230117, "wind_cf_p50": 0.045252368 }, "geometry": { "type": "Point", "coordinates": [ -77.01, 42.39 ] } },
{ "type": "Feature", "properties": { "latitude": 44.46, "longitude": -73.41, "frac_class_11": 0.41707656992949665, "frac_class_21": 0.033535942660389291, "frac_class_22": 0.017783945845923219, "frac_class_23": 0.0039643501276555877, "frac_class_24": 0.00028693228398098049, "frac_developed": 0.055571170917949081, "hybrid_seasonal_score": 0.0063653059520828109, "jackpot_zone": false, "hybrid_screening_score": 0.42561983471074377, "summer_ghi": 349.0041533418256, "winter_wind": 4.5465609366338011, "solar_cf_p50": 0.029762568, "wind_cf_p50": 0.03016568 }, "geometry": { "type": "Point", "coordinates": [ -73.41, 44.46 ] } },
{ "type": "Feature", "properties": { "latitude": 41.4, "longitude": -74.04, "frac_class_11": 0.063490762158521952, "frac_class_21": 0.09516001522560244, "frac_class_22": 0.058513161362105819, "frac_class_23": 0.025860100137616023, "frac_class_24": 0.006558721049395368, "frac_developed": 0.18609199777471966, "hybrid_seasonal_score": 0.16535502786441927, "jackpot_zone": false, "hybrid_screening_score": 0.64003673094582192, "summer_ghi": 381.16549799684412, "winter_wind": 4.4566715881776249, "solar_cf_p50": 0.028710967, "wind_cf_p50": 0.049479637 }, "geometry": { "type": "Point", "coordinates": [ -74.04, 41.4 ] } },
{ "type": "Feature", "properties": { "latitude": 43.2, "longitude": -78.54, "frac_class_11": 0.003208938181094201, "frac_class_21": 0.03787483969948411, "frac_class_22": 0.059564451054909151, "frac_class_23": 0.0085493608474407554, "frac_class_24": 0.001358528573017983, "frac_developed": 0.10734718017485199, "hybrid_seasonal_score": 0.43465542814403318, "jackpot_zone": false, "hybrid_screening_score": 0.66712580348943984, "summer_ghi": 397.86210805001724, "winter_wind": 4.5998744062514074, "solar_cf_p50": 0.036555454, "wind_cf_p50": 0.034142364 }, "geometry": { "type": "Point", "coordinates": [ -78.54, 43.2 ] } },
{ "type": "Feature", "properties": { "latitude": 43.02, "longitude": -74.76, "frac_class_11": 0.023445917459127746, "frac_class_21": 0.052524944957136832, "frac_class_22": 0.025876001311659718, "frac_class_23": 0.010475710872722163, "frac_class_24": 0.00077294233381739819, "frac_developed": 0.089649599475336114, "hybrid_seasonal_score": 0.047385955725550016, "jackpot_zone": false, "hybrid_screening_score": 0.29292929292929293, "summer_ghi": 377.43719854615927, "winter_wind": 4.1214674861870231, "solar_cf_p50": 0.027007936, "wind_cf_p50": 0.017222269 }, "geometry": { "type": "Point", "coordinates": [ -74.76, 43.02 ] } },
{ "type": "Feature", "properties": { "latitude": 41.85, "longitude": -74.67, "frac_class_11": 0.042138548925455294, "frac_class_21": 0.064168179422615212, "frac_class_22": 0.015108040053873631, "frac_class_23": 0.0036716050828599872, "frac_class_24": 8.7837442173683904e-05, "frac_developed": 0.083035662001522514, "hybrid_seasonal_score": 0.34914319756543644, "jackpot_zone": false, "hybrid_screening_score": 0.82920110192837471, "summer_ghi": 383.39251312881328, "winter_wind": 4.7843602667833869, "solar_cf_p50": 0.048085127, "wind_cf_p50": 0.04524146 }, "geometry": { "type": "Point", "coordinates": [ -74.67, 41.85 ] } },
{ "type": "Feature", "properties": { "latitude": 42.39, "longitude": -78.81, "frac_class_11": 0.0022958750388014596, "frac_class_21": 0.041858721689576613, "frac_class_22": 0.012006489361079061, "frac_class_23": 0.00065010747272184184, "frac_class_24": 1.7570472235725455e-05, "frac_developed": 0.054532888995613239, "hybrid_seasonal_score": 0.85841194312268698, "jackpot_zone": true, "hybrid_screening_score": 0.7213039485766759, "summer_ghi": 394.48987351082758, "winter_wind": 5.4223921458313598, "solar_cf_p50": 0.041738346, "wind_cf_p50": 0.044694372 }, "geometry": { "type": "Point", "coordinates": [ -78.81, 42.39 ] } },
{ "type": "Feature", "properties": { "latitude": 42.39, "longitude": -75.66, "frac_class_11": 0.0051646903820816862, "frac_class_21": 0.05326306543697848, "frac_class_22": 0.012618943053725662, "frac_class_23": 0.0010130288391157955, "frac_class_24": 3.5133948177426437e-05, "frac_developed": 0.066930171277997358, "hybrid_seasonal_score": 0.10987662753252535, "jackpot_zone": false, "hybrid_screening_score": 0.30532598714416898, "summer_ghi": 379.7934729576528, "winter_wind": 4.3928353350657208, "solar_cf_p50": 0.027504455, "wind_cf_p50": 0.046262365 }, "geometry": { "type": "Point", "coordinates": [ -75.66, 42.39 ] } },
{ "type": "Feature", "properties": { "latitude": 42.75, "longitude": -78.18, "frac_class_11": 0.0057796021619342637, "frac_class_21": 0.056542896125265703, "frac_class_22": 0.028289015242456361, "frac_class_23": 0.0063300404630708598, "frac_class_24": 0.0015986133639392644, "frac_developed": 0.092760565194732178, "hybrid_seasonal_score": 0.80533294376269582, "jackpot_zone": true, "hybrid_screening_score": 0.73737373737373735, "summer_ghi": 388.29908420113213, "winter_wind": 5.7607970555317483, "solar_cf_p50": 0.039655823, "wind_cf_p50": 0.023124764 }, "geometry": { "type": "Point", "coordinates": [ -78.18, 42.75 ] } },
{ "type": "Feature", "properties": { "latitude": 43.56, "longitude": -76.11, "frac_class_11": 0.0057799067719191402, "frac_class_21": 0.064094305591342438, "frac_class_22": 0.036301562390199341, "frac_class_23": 0.00871378042210302, "frac_class_24": 0.0022077252816752944, "frac_developed": 0.11131737368532009, "hybrid_seasonal_score": 0.41511850283450585, "jackpot_zone": false, "hybrid_screening_score": 0.39485766758494034, "summer_ghi": 389.70666631967782, "winter_wind": 4.6333539829014949, "solar_cf_p50": 0.024232842, "wind_cf_p50": 0.016532179 }, "geometry": { "type": "Point", "coordinates": [ -76.11, 43.56 ] } },
{ "type": "Feature", "properties": { "latitude": 42.84, "longitude": -77.19, "frac_class_11": 0.053435382714458884, "frac_class_21": 0.041565407836408677, "frac_class_22": 0.054729543764310433, "frac_class_23": 0.01274250879853836, "frac_class_24": 0.0035838305995889138, "frac_developed": 0.11262129099884638, "hybrid_seasonal_score": 0.49747664473434577, "jackpot_zone": false, "hybrid_screening_score": 0.60330578512396693, "summer_ghi": 386.59902760003024, "winter_wind": 4.8908035587376109, "solar_cf_p50": 0.026024135, "wind_cf_p50": 0.015910143 }, "geometry": { "type": "Point", "coordinates": [ -77.19, 42.84 ] } },
{ "type": "Feature", "properties": { "latitude": 42.48, "longitude": -79.17, "frac_class_11": 0.0018562870745032821, "frac_class_21": 0.06332456915986906, "frac_class_22": 0.035884312910271651, "frac_class_23": 0.0058616509828952222, "frac_class_24": 0.00022252021713288557, "frac_developed": 0.10529305327016882, "hybrid_seasonal_score": 0.97988651857923081, "jackpot_zone": true, "hybrid_screening_score": 0.98898071625344353, "summer_ghi": 414.02743133228921, "winter_wind": 5.7738674370553982, "solar_cf_p50": 0.012650893, "wind_cf_p50": 0.029692885 }, "geometry": { "type": "Point", "coordinates": [ -79.17, 42.48 ] } },
{ "type": "Feature", "properties": { "latitude": 43.65, "longitude": -73.41, "frac_class_11": 0.028462664714494875, "frac_class_21": 0.025071742313323573, "frac_class_22": 0.0093762811127379216, "frac_class_23": 0.0015578330893118593, "frac_class_24": 1.171303074670571e-05, "frac_developed": 0.036017569546120058, "hybrid_seasonal_score": 0.0032624432824783431, "jackpot_zone": false, "hybrid_screening_score": 0.040863177226813589, "summer_ghi": 357.53180521370251, "winter_wind": 3.4205966062035968, "solar_cf_p50": 0.026242379, "wind_cf_p50": 0.013985061 }, "geometry": { "type": "Point", "coordinates": [ -73.41, 43.65 ] } },
{ "type": "Feature", "properties": { "latitude": 42.66, "longitude": -75.12, "frac_class_11": 0.0060381380748237169, "frac_class_21": 0.061482418534916955, "frac_class_22": 0.0073324431325696351, "frac_class_23": 0.00070864666057581936, "frac_class_24": 4.0996087801906904e-05, "frac_developed": 0.069564504415864314, "hybrid_seasonal_score": 0.12591226565681862, "jackpot_zone": false, "hybrid_screening_score": 0.41414141414141414, "summer_ghi": 378.21101220941682, "winter_wind": 4.7227649085329944, "solar_cf_p50": 0.050418723, "wind_cf_p50": 0.020747183 }, "geometry": { "type": "Point", "coordinates": [ -75.12, 42.66 ] } },
{ "type": "Feature", "properties": { "latitude": 42.84, "longitude": -73.5, "frac_class_11": 0.04213145952276387, "frac_class_21": 0.052618943053725664, "frac_class_22": 0.016448543405065144, "frac_class_23": 0.0023188405797101449, "frac_class_24": 0.00020494803103498756, "frac_developed": 0.071591275069535942, "hybrid_seasonal_score": 0.091917800595486543, "jackpot_zone": false, "hybrid_screening_score": 0.4527089072543618, "summer_ghi": 380.24231629113302, "winter_wind": 4.1743710482500314, "solar_cf_p50": 0.027645919, "wind_cf_p50": 0.01822106 }, "geometry": { "type": "Point", "coordinates": [ -73.5, 42.84 ] } },
{ "type": "Feature", "properties": { "latitude": 42.39, "longitude": -74.67, "frac_class_11": 0.0032675719832053829, "frac_class_21": 0.064929817472726317, "frac_class_22": 0.016683355878408846, "frac_class_23": 0.0048720786559621476, "frac_class_24": 0.0007671181537632709, "frac_developed": 0.087252370160860585, "hybrid_seasonal_score": 0.51499214534526327, "jackpot_zone": false, "hybrid_screening_score": 0.86134067952249771, "summer_ghi": 382.24098025633015, "winter_wind": 5.5483365346531235, "solar_cf_p50": 0.058778752, "wind_cf_p50": 0.056536157 }, "geometry": { "type": "Point", "coordinates": [ -74.67, 42.39 ] } },
{ "type": "Feature", "properties": { "latitude": 43.11, "longitude": -75.84, "frac_class_11": 0.076289746442583586, "frac_class_21": 0.048257890730221936, "frac_class_22": 0.045429525092229313, "frac_class_23": 0.0086607717983252334, "frac_class_24": 0.0011711658956491187, "frac_developed": 0.10351935351642559, "hybrid_seasonal_score": 0.085454469564161528, "jackpot_zone": false, "hybrid_screening_score": 0.29063360881542699, "summer_ghi": 379.23114752660905, "winter_wind": 4.2860904742406483, "solar_cf_p50": 0.024145605, "wind_cf_p50": 0.015614703 }, "geometry": { "type": "Point", "coordinates": [ -75.84, 43.11 ] } },
{ "type": "Feature", "properties": { "latitude": 43.38, "longitude": -75.39, "frac_class_11": 0.00029278633039180664, "frac_class_21": 0.031942988645746108, "frac_class_22": 0.0067984985916977507, "frac_class_23": 0.00063241847364630245, "frac_class_24": 1.1711453215672267e-05, "frac_developed": 0.039385617164305838, "hybrid_seasonal_score": 0.037708034514946608, "jackpot_zone": false, "hybrid_screening_score": 0.14830119375573919, "summer_ghi": 375.61921118400801, "winter_wind": 4.090635129652016, "solar_cf_p50": 0.024558598, "wind_cf_p50": 0.016630406 }, "geometry": { "type": "Point", "coordinates": [ -75.39, 43.38 ] } },
{ "type": "Feature", "properties": { "latitude": 42.93, "longitude": -74.94, "frac_class_11": 0.0030276588642472726, "frac_class_21": 0.05289911512716753, "frac_class_22": 0.011671419954438713, "frac_class_23": 0.001616313049385391, "frac_class_24": 4.6849653605373652e-05, "frac_developed": 0.06623369778459702, "hybrid_seasonal_score": 0.22660678915374632, "jackpot_zone": false, "hybrid_screening_score": 0.59595959595959602, "summer_ghi": 379.01380509658225, "winter_wind": 5.1132909100900683, "solar_cf_p50": 0.045305096, "wind_cf_p50": 0.01538852 }, "geometry": { "type": "Point", "coordinates": [ -74.94, 42.93 ] } },
{ "type": "Feature", "properties": { "latitude": 42.57, "longitude": -73.5, "frac_class_11": 0.01903122291710585, "frac_class_21": 0.05615089124680861, "frac_class_22": 0.013198885063125103, "frac_class_23": 0.0012062867448996322, "frac_class_24": 4.0990326282997215e-05, "frac_developed": 0.07059705338111634, "hybrid_seasonal_score": 0.0752737745600255, "jackpot_zone": false, "hybrid_screening_score": 0.47061524334251603, "summer_ghi": 378.35802302909951, "winter_wind": 4.3481315128836346, "solar_cf_p50": 0.027227731, "wind_cf_p50": 0.021402482 }, "geometry": { "type": "Point", "coordinates": [ -73.5, 42.57 ] } },
{ "type": "Feature", "properties": { "latitude": 42.48, "longitude": -78.36, "frac_class_11": 0.002887008461921354, "frac_class_21": 0.051743624278979883, "frac_class_22": 0.016367522618803618, "frac_class_23": 0.0022779843644774984, "frac_class_24": 0.00019910403185664509, "frac_developed": 0.070588235294117646, "hybrid_seasonal_score": 0.82433146895956821, "jackpot_zone": true, "hybrid_screening_score": 0.75895316804407709, "summer_ghi": 389.3189736075181, "winter_wind": 5.6426726693026712, "solar_cf_p50": 0.039262921, "wind_cf_p50": 0.016852779 }, "geometry": { "type": "Point", "coordinates": [ -78.36, 42.48 ] } },
{ "type": "Feature", "properties": { "latitude": 41.67, "longitude": -74.04, "frac_class_11": 0.0052354487904005056, "frac_class_21": 0.10127138247471583, "frac_class_22": 0.059012994922668788, "frac_class_23": 0.012456151652328721, "frac_class_24": 0.0019735416581263651, "frac_developed": 0.17471407070783967, "hybrid_seasonal_score": 0.013478132185870727, "jackpot_zone": false, "hybrid_screening_score": 0.4839302112029385, "summer_ghi": 379.31564033325526, "winter_wind": 3.3703840234062277, "solar_cf_p50": 0.03898583, "wind_cf_p50": 0.049714975 }, "geometry": { "type": "Point", "coordinates": [ -74.04, 41.67 ] } },
{ "type": "Feature", "properties": { "latitude": 43.83, "longitude": -73.5, "frac_class_11": 0.075832464657585585, "frac_class_21": 0.031594420173578983, "frac_class_22": 0.027266658077513207, "frac_class_23": 0.0080699000925286077, "frac_class_24": 0.0015519038639478092, "frac_developed": 0.06848288220756861, "hybrid_seasonal_score": 0.0041891491929057674, "jackpot_zone": false, "hybrid_screening_score": 0.063360881542699726, "summer_ghi": 357.47320650347268, "winter_wind": 3.5221978435671808, "solar_cf_p50": 0.032885946, "wind_cf_p50": 0.01890347 }, "geometry": { "type": "Point", "coordinates": [ -73.5, 43.83 ] } },
{ "type": "Feature", "properties": { "latitude": 42.21, "longitude": -75.21, "frac_class_11": 0.00080225333637838246, "frac_class_21": 0.05826584450339347, "frac_class_22": 0.01017163536707482, "frac_class_23": 0.00082567679145512357, "frac_class_24": 2.3423455076741094e-05, "frac_developed": 0.069286580117000146, "hybrid_seasonal_score": 0.33544203197346195, "jackpot_zone": false, "hybrid_screening_score": 0.63406795224977042, "summer_ghi": 381.01566249604423, "winter_wind": 5.0853780619964546, "solar_cf_p50": 0.062844038, "wind_cf_p50": 0.022174342 }, "geometry": { "type": "Point", "coordinates": [ -75.21, 42.21 ] } },
{ "type": "Feature", "properties": { "latitude": 42.84, "longitude": -74.85, "frac_class_11": 0.041588100954500204, "frac_class_21": 0.054213269309597703, "frac_class_22": 0.011465714118404873, "frac_class_23": 0.0024126017450371846, "frac_class_24": 0.00015810739591263102, "frac_developed": 0.068249692568952386, "hybrid_seasonal_score": 0.28305026220127649, "jackpot_zone": false, "hybrid_screening_score": 0.68503213957759412, "summer_ghi": 380.03018798287258, "winter_wind": 5.1147306037594911, "solar_cf_p50": 0.03008051, "wind_cf_p50": 0.014219385 }, "geometry": { "type": "Point", "coordinates": [ -74.85, 42.84 ] } },
{ "type": "Feature", "properties": { "latitude": 42.84, "longitude": -74.31, "frac_class_11": 0.0087250326456758381, "frac_class_21": 0.049685840267489588, "frac_class_22": 0.010487606354634514, "frac_class_23": 0.0013233942133709662, "frac_class_24": 0.0001229702587645588, "frac_developed": 0.061619811094259624, "hybrid_seasonal_score": 0.056024178676319925, "jackpot_zone": false, "hybrid_screening_score": 0.53443526170798905, "summer_ghi": 378.73120431818745, "winter_wind": 4.0660353915623189, "solar_cf_p50": 0.026248349, "wind_cf_p50": 0.019566542 }, "geometry": { "type": "Point", "coordinates": [ -74.31, 42.84 ] } },
{ "type": "Feature", "properties": { "latitude": 42.03, "longitude": -73.59, "frac_class_11": 0.0045735367317658775, "frac_class_21": 0.059860041577606653, "frac_class_22": 0.011641729862676777, "frac_class_23": 0.0017275202764032442, "frac_class_24": 7.02720112435218e-05, "frac_developed": 0.073299563727930186, "hybrid_seasonal_score": 0.20390902935355729, "jackpot_zone": false, "hybrid_screening_score": 0.63223140495867769, "summer_ghi": 381.75622353538205, "winter_wind": 4.5371140810308734, "solar_cf_p50": 0.027795145, "wind_cf_p50": 0.050093338 }, "geometry": { "type": "Point", "coordinates": [ -73.59, 42.03 ] } },
{ "type": "Feature", "properties": { "latitude": 42.21, "longitude": -79.35, "frac_class_11": 0.035797104843998874, "frac_class_21": 0.063747306286892153, "frac_class_22": 0.019154642555982385, "frac_class_23": 0.0029513726225053874, "frac_class_24": 0.00016396514569474375, "frac_developed": 0.086017286611074675, "hybrid_seasonal_score": 0.71011981405169478, "jackpot_zone": false, "hybrid_screening_score": 0.74747474747474751, "summer_ghi": 400.72900031019969, "winter_wind": 5.0294711536066519, "solar_cf_p50": 0.022867033, "wind_cf_p50": 0.032393504 }, "geometry": { "type": "Point", "coordinates": [ -79.35, 42.21 ] } },
{ "type": "Feature", "properties": { "latitude": 44.64, "longitude": -73.77, "frac_class_11": 0.006628721336050406, "frac_class_21": 0.038560185510505232, "frac_class_22": 0.016817745297824, "frac_class_23": 0.0020202375096620056, "frac_class_24": 0.00025179771859555432, "frac_developed": 0.057649966036586793, "hybrid_seasonal_score": 0.0033459227048007411, "jackpot_zone": false, "hybrid_screening_score": 0.22038567493112948, "summer_ghi": 351.33336451123444, "winter_wind": 3.7290268601267664, "solar_cf_p50": 0.032834895, "wind_cf_p50": 0.052375499 }, "geometry": { "type": "Point", "coordinates": [ -73.77, 44.64 ] } },
{ "type": "Feature", "properties": { "latitude": 43.56, "longitude": -75.48, "frac_class_11": 0.0024711310987749749, "frac_class_21": 0.039415126601550603, "frac_class_22": 0.0092345349354695152, "frac_class_23": 0.00097205630899679105, "frac_class_24": 4.0990326282997215e-05, "frac_developed": 0.04966270817229991, "hybrid_seasonal_score": 0.045563743284755057, "jackpot_zone": false, "hybrid_screening_score": 0.31221303948576673, "summer_ghi": 361.43698479669405, "winter_wind": 4.6466575406692732, "solar_cf_p50": 0.065096356, "wind_cf_p50": 0.043075752 }, "geometry": { "type": "Point", "coordinates": [ -75.48, 43.56 ] } },
{ "type": "Feature", "properties": { "latitude": 43.2, "longitude": -74.13, "frac_class_11": 0.25953644168042816, "frac_class_21": 0.048007214550905918, "frac_class_22": 0.026755911598327537, "frac_class_23": 0.0054694728458826699, "frac_class_24": 0.00038063783188690959, "frac_developed": 0.08061323682700304, "hybrid_seasonal_score": 0.018456541371642796, "jackpot_zone": false, "hybrid_screening_score": 0.31083562901744721, "summer_ghi": 370.68380479572693, "winter_wind": 3.8074204172744261, "solar_cf_p50": 0.025672883, "wind_cf_p50": 0.01705295 }, "geometry": { "type": "Point", "coordinates": [ -74.13, 43.2 ] } },
{ "type": "Feature", "properties": { "latitude": 42.03, "longitude": -75.57, "frac_class_11": 0.012585061900467327, "frac_class_21": 0.04912800571569121, "frac_class_22": 0.01652045584979913, "frac_class_23": 0.0033087761627566496, "frac_class_24": 5.270616896426522e-05, "frac_developed": 0.069009943897211254, "hybrid_seasonal_score": 0.31118093026432625, "jackpot_zone": false, "hybrid_screening_score": 0.53305785123966942, "summer_ghi": 382.88580273331536, "winter_wind": 4.7197346865864418, "solar_cf_p50": 0.028881548, "wind_cf_p50": 0.049666081 }, "geometry": { "type": "Point", "coordinates": [ -75.57, 42.03 ] } },
{ "type": "Feature", "properties": { "latitude": 42.12, "longitude": -79.44, "frac_class_11": 0.12142949160879291, "frac_class_21": 0.074419993675852295, "frac_class_22": 0.034753533910314216, "frac_class_23": 0.0068453043203297922, "frac_class_24": 0.00070268307822033804, "frac_developed": 0.11672151498471664, "hybrid_seasonal_score": 0.8954063972220746, "jackpot_zone": true, "hybrid_screening_score": 0.8232323232323232, "summer_ghi": 398.12579828226501, "winter_wind": 5.4286475759414792, "solar_cf_p50": 0.004511653, "wind_cf_p50": 0.045579135 }, "geometry": { "type": "Point", "coordinates": [ -79.44, 42.12 ] } },
{ "type": "Feature", "properties": { "latitude": 42.93, "longitude": -74.31, "frac_class_11": 0.025123273872966419, "frac_class_21": 0.065765586385410926, "frac_class_22": 0.046820646763255598, "frac_class_23": 0.020233312641281816, "frac_class_24": 0.0078590754166715463, "frac_developed": 0.14067862120661989, "hybrid_seasonal_score": 0.028451094128529641, "jackpot_zone": false, "hybrid_screening_score": 0.4242424242424242, "summer_ghi": 377.845262862325, "winter_wind": 3.7751675663304081, "solar_cf_p50": 0.02953995, "wind_cf_p50": 0.016851967 }, "geometry": { "type": "Point", "coordinates": [ -74.31, 42.93 ] } },
{ "type": "Feature", "properties": { "latitude": 42.75, "longitude": -75.39, "frac_class_11": 0.0033903465882807607, "frac_class_21": 0.046006827537343586, "frac_class_22": 0.006915370156752294, "frac_class_23": 0.00033376469003800234, "frac_class_24": 1.7566562633579071e-05, "frac_developed": 0.053273528946767464, "hybrid_seasonal_score": 0.11608045561213606, "jackpot_zone": false, "hybrid_screening_score": 0.35261707988980717, "summer_ghi": 377.41327523277295, "winter_wind": 4.7521864037373849, "solar_cf_p50": 0.054289538, "wind_cf_p50": 0.020856734 }, "geometry": { "type": "Point", "coordinates": [ -75.39, 42.75 ] } },
{ "type": "Feature", "properties": { "latitude": 42.3, "longitude": -74.67, "frac_class_11": 6.4413747064782657e-05, "frac_class_21": 0.040809036663133673, "frac_class_22": 0.0039877965228288176, "frac_class_23": 0.00063242588027241154, "frac_class_24": 0.0, "frac_developed": 0.045429259066234899, "hybrid_seasonal_score": 0.54248533418330558, "jackpot_zone": false, "hybrid_screening_score": 0.79522497704315886, "summer_ghi": 383.91297645448424, "winter_wind": 5.29132852842719, "solar_cf_p50": 0.065926835, "wind_cf_p50": 0.053098068 }, "geometry": { "type": "Point", "coordinates": [ -74.67, 42.3 ] } },
{ "type": "Feature", "properties": { "latitude": 42.84, "longitude": -76.92, "frac_class_11": 0.20477292026587801, "frac_class_21": 0.050007320429855638, "frac_class_22": 0.07038154080407602, "frac_class_23": 0.024901174196948844, "frac_class_24": 0.0067582208427278846, "frac_developed": 0.15204825627360841, "hybrid_seasonal_score": 0.31066234597414161, "jackpot_zone": false, "hybrid_screening_score": 0.46005509641873277, "summer_ghi": 384.23140502235844, "winter_wind": 4.6562968014039754, "solar_cf_p50": 0.03113493, "wind_cf_p50": 0.015299524 }, "geometry": { "type": "Point", "coordinates": [ -76.92, 42.84 ] } },
{ "type": "Feature", "properties": { "latitude": 44.01, "longitude": -76.02, "frac_class_11": 0.053432968680456321, "frac_class_21": 0.053251423083229874, "frac_class_22": 0.04977277518798754, "frac_class_23": 0.018810466396495584, "frac_class_24": 0.007472651034224273, "frac_developed": 0.12930731570193726, "hybrid_seasonal_score": 0.11245437090666242, "jackpot_zone": false, "hybrid_screening_score": 0.61845730027548207, "summer_ghi": 384.93332800059011, "winter_wind": 3.9120065821621344, "solar_cf_p50": 0.025353741, "wind_cf_p50": 0.04887782 }, "geometry": { "type": "Point", "coordinates": [ -76.02, 44.01 ] } },
{ "type": "Feature", "properties": { "latitude": 41.85, "longitude": -74.04, "frac_class_11": 0.024049750835914763, "frac_class_21": 0.083866698678347021, "frac_class_22": 0.039169414010575568, "frac_class_23": 0.010405748048556254, "frac_class_24": 0.0012882749412956532, "frac_developed": 0.13473013567877451, "hybrid_seasonal_score": 0.0082636195834292492, "jackpot_zone": false, "hybrid_screening_score": 0.46877869605142336, "summer_ghi": 381.2184559205262, "winter_wind": 3.1378485350836254, "solar_cf_p50": 0.032030258, "wind_cf_p50": 0.048986346 }, "geometry": { "type": "Point", "coordinates": [ -74.04, 41.85 ] } },
{ "type": "Feature", "properties": { "latitude": 42.12, "longitude": -78.9, "frac_class_11": 0.022918642916534917, "frac_class_21": 0.034014919954560893, "frac_class_22": 0.018111232125917857, "frac_class_23": 0.002945344248088161, "frac_class_24": 5.8555551651852112e-05, "frac_developed": 0.055130051880218765, "hybrid_seasonal_score": 0.44648737141850087, "jackpot_zone": false, "hybrid_screening_score": 0.53535353535353536, "summer_ghi": 393.71701842167698, "winter_wind": 4.6463524876120834, "solar_cf_p50": 0.02596668, "wind_cf_p50": 0.042968012 }, "geometry": { "type": "Point", "coordinates": [ -78.9, 42.12 ] } },
{ "type": "Feature", "properties": { "latitude": 43.11, "longitude": -78.09, "frac_class_11": 0.0014112714325869016, "frac_class_21": 0.033126815328398763, "frac_class_22": 0.042420125550454421, "frac_class_23": 0.0028342546612948561, "frac_class_24": 0.00050946313126581098, "frac_developed": 0.078890658671413857, "hybrid_seasonal_score": 0.70977050747899728, "jackpot_zone": true, "hybrid_screening_score": 0.68365472910927449, "summer_ghi": 390.37491167611108, "winter_wind": 5.1523366366429642, "solar_cf_p50": 0.035261806, "wind_cf_p50": 0.022394786 }, "geometry": { "type": "Point", "coordinates": [ -78.09, 43.11 ] } },
{ "type": "Feature", "properties": { "latitude": 42.12, "longitude": -79.53, "frac_class_11": 0.00098964677222898893, "frac_class_21": 0.050190902276773169, "frac_class_22": 0.019090227677316593, "frac_class_23": 0.0038239014335238451, "frac_class_24": 0.00020495643211842967, "frac_developed": 0.073309987819732039, "hybrid_seasonal_score": 0.8954063972220746, "jackpot_zone": true, "hybrid_screening_score": 0.8232323232323232, "summer_ghi": 398.12579828226501, "winter_wind": 5.4286475759414792, "solar_cf_p50": 0.010735326, "wind_cf_p50": 0.045661293 }, "geometry": { "type": "Point", "coordinates": [ -79.53, 42.12 ] } },
{ "type": "Feature", "properties": { "latitude": 44.64, "longitude": -75.57, "frac_class_11": 0.13438644906504257, "frac_class_21": 0.049588428415092548, "frac_class_22": 0.026882999476614169, "frac_class_23": 0.0029595089689299138, "frac_class_24": 0.00019032212018841891, "frac_developed": 0.079621258980825046, "hybrid_seasonal_score": 0.010894486226316927, "jackpot_zone": false, "hybrid_screening_score": 0.10009182736455463, "summer_ghi": 357.54470683480588, "winter_wind": 3.8707407487971111, "solar_cf_p50": 0.015450009, "wind_cf_p50": 0.046568312 }, "geometry": { "type": "Point", "coordinates": [ -75.57, 44.64 ] } },
{ "type": "Feature", "properties": { "latitude": 41.67, "longitude": -74.13, "frac_class_11": 0.010025356187085327, "frac_class_21": 0.092330485398232673, "frac_class_22": 0.050665526711835426, "frac_class_23": 0.010083915510608022, "frac_class_24": 0.0010189322292948873, "frac_developed": 0.15409885984997101, "hybrid_seasonal_score": 0.028964829866407627, "jackpot_zone": false, "hybrid_screening_score": 0.50275482093663915, "summer_ghi": 380.84992462623552, "winter_wind": 3.5548707535911177, "solar_cf_p50": 0.033759534, "wind_cf_p50": 0.048932623 }, "geometry": { "type": "Point", "coordinates": [ -74.13, 41.67 ] } },
{ "type": "Feature", "properties": { "latitude": 42.48, "longitude": -76.74, "frac_class_11": 0.00067930406469785605, "frac_class_21": 0.046883692603198586, "frac_class_22": 0.024220703548192526, "frac_class_23": 0.00183294976077956, "frac_class_24": 7.0272834279088556e-05, "frac_developed": 0.073007618746449759, "hybrid_seasonal_score": 0.40666178438530054, "jackpot_zone": false, "hybrid_screening_score": 0.46648301193755737, "summer_ghi": 385.55000486073953, "winter_wind": 4.7746506422086989, "solar_cf_p50": 0.024258275, "wind_cf_p50": 0.01738519 }, "geometry": { "type": "Point", "coordinates": [ -76.74, 42.48 ] } },
{ "type": "Feature", "properties": { "latitude": 42.21, "longitude": -77.01, "frac_class_11": 0.00040405223399894594, "frac_class_21": 0.059934414709843647, "frac_class_22": 0.016724248989869416, "frac_class_23": 0.002922058909644551, "frac_class_24": 0.00028693564443403407, "frac_developed": 0.079867658253791649, "hybrid_seasonal_score": 0.21577006394186463, "jackpot_zone": false, "hybrid_screening_score": 0.41276400367309463, "summer_ghi": 383.91365375404791, "winter_wind": 4.419679714214082, "solar_cf_p50": 0.042213798, "wind_cf_p50": 0.028120261 }, "geometry": { "type": "Point", "coordinates": [ -77.01, 42.21 ] } },
{ "type": "Feature", "properties": { "latitude": 42.57, "longitude": -75.75, "frac_class_11": 0.007747171667486473, "frac_class_21": 0.043039842597147077, "frac_class_22": 0.0090120160213618163, "frac_class_23": 0.00087836413463565459, "frac_class_24": 1.756728269271309e-05, "frac_developed": 0.052947790035837258, "hybrid_seasonal_score": 0.18988090269082006, "jackpot_zone": false, "hybrid_screening_score": 0.42148760330578516, "summer_ghi": 378.7505085867702, "winter_wind": 4.9693915167589813, "solar_cf_p50": 0.051246341, "wind_cf_p50": 0.038766064 }, "geometry": { "type": "Point", "coordinates": [ -75.75, 42.57 ] } },
{ "type": "Feature", "properties": { "latitude": 43.02, "longitude": -77.28, "frac_class_11": 0.0029747613749487615, "frac_class_21": 0.067008256719564327, "frac_class_22": 0.079211805352228146, "frac_class_23": 0.01697019382795573, "frac_class_24": 0.004538267845640335, "frac_developed": 0.16772852374538855, "hybrid_seasonal_score": 0.50395599706894467, "jackpot_zone": false, "hybrid_screening_score": 0.53535353535353536, "summer_ghi": 386.39214166717289, "winter_wind": 4.918332204209773, "solar_cf_p50": 0.030030575, "wind_cf_p50": 0.015420016 }, "geometry": { "type": "Point", "coordinates": [ -77.28, 43.02 ] } },
{ "type": "Feature", "properties": { "latitude": 43.11, "longitude": -77.91, "frac_class_11": 0.0020846997095474561, "frac_class_21": 0.058845919610231424, "frac_class_22": 0.064496861238639555, "frac_class_23": 0.010938817577063619, "frac_class_24": 0.0023833505106343107, "frac_developed": 0.13666494893656891, "hybrid_seasonal_score": 0.49247799811285903, "jackpot_zone": false, "hybrid_screening_score": 0.57483930211202938, "summer_ghi": 390.16516657238867, "winter_wind": 4.7510439975706369, "solar_cf_p50": 0.039972588, "wind_cf_p50": 0.017894242 }, "geometry": { "type": "Point", "coordinates": [ -77.91, 43.11 ] } },
{ "type": "Feature", "properties": { "latitude": 41.85, "longitude": -74.85, "frac_class_11": 0.0068696523007185902, "frac_class_21": 0.065979115788487336, "frac_class_22": 0.017136063624810398, "frac_class_23": 0.0053235412969762988, "frac_class_24": 0.00038067126986079144, "frac_developed": 0.088819391980134818, "hybrid_seasonal_score": 0.42738765904305598, "jackpot_zone": false, "hybrid_screening_score": 0.80119375573921026, "summer_ghi": 383.91409242716918, "winter_wind": 4.9316094627815819, "solar_cf_p50": 0.04640523, "wind_cf_p50": 0.050987158 }, "geometry": { "type": "Point", "coordinates": [ -74.85, 41.85 ] } },
{ "type": "Feature", "properties": { "latitude": 42.12, "longitude": -77.19, "frac_class_11": 0.0090471505867472414, "frac_class_21": 0.056098189398730472, "frac_class_22": 0.044035321949734148, "frac_class_23": 0.01108495537910196, "frac_class_24": 0.0025823905558288243, "frac_developed": 0.11380085728339542, "hybrid_seasonal_score": 0.20467952755706328, "jackpot_zone": false, "hybrid_screening_score": 0.48943985307621674, "summer_ghi": 383.76629920608218, "winter_wind": 4.4039527771858378, "solar_cf_p50": 0.024600998, "wind_cf_p50": 0.027972385 }, "geometry": { "type": "Point", "coordinates": [ -77.19, 42.12 ] } },
{ "type": "Feature", "properties": { "latitude": 41.31, "longitude": -74.49, "frac_class_11": 0.0027288964366234299, "frac_class_21": 0.075050508008081288, "frac_class_22": 0.04425379908060785, "frac_class_23": 0.0082511053201768519, "frac_class_24": 0.0012180481948877112, "frac_developed": 0.12877346060375369, "hybrid_seasonal_score": 0.082454902139349931, "jackpot_zone": false, "hybrid_screening_score": 0.53259871441689621, "summer_ghi": 382.89235601826914, "winter_wind": 3.816946528360881, "solar_cf_p50": 0.026052887, "wind_cf_p50": 0.048932623 }, "geometry": { "type": "Point", "coordinates": [ -74.49, 41.31 ] } },
{ "type": "Feature", "properties": { "latitude": 42.84, "longitude": -75.84, "frac_class_11": 0.016859229242183794, "frac_class_21": 0.048083060544484593, "frac_class_22": 0.020618737812340793, "frac_class_23": 0.0017450678409763011, "frac_class_24": 0.00013468644410219774, "frac_developed": 0.070581552641903883, "hybrid_seasonal_score": 0.37192633404754616, "jackpot_zone": false, "hybrid_screening_score": 0.59366391184573009, "summer_ghi": 380.45428248412526, "winter_wind": 5.5391275123971528, "solar_cf_p50": 0.043833811, "wind_cf_p50": 0.01585421 }, "geometry": { "type": "Point", "coordinates": [ -75.84, 42.84 ] } },
{ "type": "Feature", "properties": { "latitude": 43.02, "longitude": -78.45, "frac_class_11": 0.0029984831891679796, "frac_class_21": 0.054078112829642817, "frac_class_22": 0.063916885794100251, "frac_class_23": 0.015841595755272234, "frac_class_24": 0.004708555632990343, "frac_developed": 0.13854515001200562, "hybrid_seasonal_score": 0.7296776092168028, "jackpot_zone": true, "hybrid_screening_score": 0.71028466483011932, "summer_ghi": 392.37382992147934, "winter_wind": 5.1387588962664443, "solar_cf_p50": 0.025887633, "wind_cf_p50": 0.022178022 }, "geometry": { "type": "Point", "coordinates": [ -78.45, 43.02 ] } },
{ "type": "Feature", "properties": { "latitude": 42.84, "longitude": -75.75, "frac_class_11": 0.023248868301310018, "frac_class_21": 0.045279659875498507, "frac_class_22": 0.0133168580647806, "frac_class_23": 0.00070859271145050687, "frac_class_24": 4.6849104889289709e-05, "frac_developed": 0.059351959756618895, "hybrid_seasonal_score": 0.31934673557513527, "jackpot_zone": false, "hybrid_screening_score": 0.58356290174471992, "summer_ghi": 379.77202971409042, "winter_wind": 5.5973491859735862, "solar_cf_p50": 0.061116517, "wind_cf_p50": 0.014231805 }, "geometry": { "type": "Point", "coordinates": [ -75.75, 42.84 ] } },
{ "type": "Feature", "properties": { "latitude": 42.39, "longitude": -78.27, "frac_class_11": 0.015218676988119009, "frac_class_21": 0.059387388231436321, "frac_class_22": 0.013022830943276905, "frac_class_23": 0.0012589517323761397, "frac_class_24": 5.2700305076210496e-05, "frac_developed": 0.073721871212165585, "hybrid_seasonal_score": 0.60270119173199566, "jackpot_zone": false, "hybrid_screening_score": 0.64876033057851235, "summer_ghi": 388.28544718497312, "winter_wind": 5.0351761937689208, "solar_cf_p50": 0.033943787, "wind_cf_p50": 0.046260454 }, "geometry": { "type": "Point", "coordinates": [ -78.27, 42.39 ] } },
{ "type": "Feature", "properties": { "latitude": 42.39, "longitude": -76.38, "frac_class_11": 0.001282434165451575, "frac_class_21": 0.060174856092147871, "frac_class_22": 0.017514888533633154, "frac_class_23": 0.0013819838495277247, "frac_class_24": 0.00011711727538370547, "frac_developed": 0.07918884575069246, "hybrid_seasonal_score": 0.30603556223390932, "jackpot_zone": false, "hybrid_screening_score": 0.38383838383838387, "summer_ghi": 382.86484825295179, "winter_wind": 4.707004790901391, "solar_cf_p50": 0.023043264, "wind_cf_p50": 0.04595441 }, "geometry": { "type": "Point", "coordinates": [ -76.38, 42.39 ] } },
{ "type": "Feature", "properties": { "latitude": 41.85, "longitude": -74.13, "frac_class_11": 0.011314191345697737, "frac_class_21": 0.082027887256308593, "frac_class_22": 0.031494679636212441, "frac_class_23": 0.0073788204428463511, "frac_class_24": 0.0008667185916994126, "frac_developed": 0.1217681059270668, "hybrid_seasonal_score": 0.0050776991047464378, "jackpot_zone": false, "hybrid_screening_score": 0.47979797979797978, "summer_ghi": 382.15648554514996, "winter_wind": 2.8905676635592537, "solar_cf_p50": 0.030230097, "wind_cf_p50": 0.049219035 }, "geometry": { "type": "Point", "coordinates": [ -74.13, 41.85 ] } },
{ "type": "Feature", "properties": { "latitude": 42.3, "longitude": -78.09, "frac_class_11": 0.0043211972878338971, "frac_class_21": 0.059249587202698115, "frac_class_22": 0.026951857880622532, "frac_class_23": 0.0031384305505135083, "frac_class_24": 0.00016394786457906387, "frac_developed": 0.08950382349841321, "hybrid_seasonal_score": 0.50420327323658154, "jackpot_zone": false, "hybrid_screening_score": 0.56657483930211205, "summer_ghi": 387.54651193990094, "winter_wind": 4.8449029101854855, "solar_cf_p50": 0.037951659, "wind_cf_p50": 0.05226877 }, "geometry": { "type": "Point", "coordinates": [ -78.09, 42.3 ] } },
{ "type": "Feature", "properties": { "latitude": 43.02, "longitude": -77.73, "frac_class_11": 0.0094276646327895348, "frac_class_21": 0.067369740124374911, "frac_class_22": 0.092695609401899581, "frac_class_23": 0.029260894515558574, "frac_class_24": 0.0031679295443100236, "frac_developed": 0.1924941735861431, "hybrid_seasonal_score": 0.40950451168332463, "jackpot_zone": false, "hybrid_screening_score": 0.50137741046831952, "summer_ghi": 385.6359422328477, "winter_wind": 4.7747321052726912, "solar_cf_p50": 0.047065873, "wind_cf_p50": 0.0178374 }, "geometry": { "type": "Point", "coordinates": [ -77.73, 43.02 ] } },
{ "type": "Feature", "properties": { "latitude": 42.3, "longitude": -75.48, "frac_class_11": 0.0094922995842361066, "frac_class_21": 0.06209521578731627, "frac_class_22": 0.034812906248170052, "frac_class_23": 0.0097323885928441763, "frac_class_24": 0.0030391754992094631, "frac_developed": 0.10967968612753995, "hybrid_seasonal_score": 0.20027156109049421, "jackpot_zone": false, "hybrid_screening_score": 0.42470156106519741, "summer_ghi": 380.16736950992862, "winter_wind": 4.7107475261672445, "solar_cf_p50": 0.041542996, "wind_cf_p50": 0.032856543 }, "geometry": { "type": "Point", "coordinates": [ -75.48, 42.3 ] } },
{ "type": "Feature", "properties": { "latitude": 42.57, "longitude": -73.95, "frac_class_11": 0.0077945198259555754, "frac_class_21": 0.062075063978308864, "frac_class_22": 0.029298258970139553, "frac_class_23": 0.0056745978297152158, "frac_class_24": 0.0017626975714595252, "frac_developed": 0.098810618349623153, "hybrid_seasonal_score": 0.14727793841242376, "jackpot_zone": false, "hybrid_screening_score": 0.70798898071625338, "summer_ghi": 380.32857891836107, "winter_wind": 4.4954517193868, "solar_cf_p50": 0.028439829, "wind_cf_p50": 0.017777398 }, "geometry": { "type": "Point", "coordinates": [ -73.95, 42.57 ] } },
{ "type": "Feature", "properties": { "latitude": 43.47, "longitude": -76.2, "frac_class_11": 0.00090179245890695725, "frac_class_21": 0.0764415503803339, "frac_class_22": 0.026995215815331642, "frac_class_23": 0.0039936523180165249, "frac_class_24": 0.00071440701290031679, "frac_developed": 0.10814482552658239, "hybrid_seasonal_score": 0.6615415360719642, "jackpot_zone": false, "hybrid_screening_score": 0.57988980716253447, "summer_ghi": 395.25802313624553, "winter_wind": 4.9811906831405457, "solar_cf_p50": 0.024465421, "wind_cf_p50": 0.011380496 }, "geometry": { "type": "Point", "coordinates": [ -76.2, 43.47 ] } },
{ "type": "Feature", "properties": { "latitude": 42.3, "longitude": -75.21, "frac_class_11": 0.0069270811985080137, "frac_class_21": 0.056763419389971835, "frac_class_22": 0.012501537074230438, "frac_class_23": 0.0018269225138922232, "frac_class_24": 7.0266250534316283e-05, "frac_developed": 0.07116214522862882, "hybrid_seasonal_score": 0.25173451688603199, "jackpot_zone": false, "hybrid_screening_score": 0.56473829201101933, "summer_ghi": 380.07114307483312, "winter_wind": 4.9612688415052135, "solar_cf_p50": 0.05565574, "wind_cf_p50": 0.029539956 }, "geometry": { "type": "Point", "coordinates": [ -75.21, 42.3 ] } },
{ "type": "Feature", "properties": { "latitude": 43.2, "longitude": -78.45, "frac_class_11": 0.005013147800012884, "frac_class_21": 0.05048872334569051, "frac_class_22": 0.065346615832410943, "frac_class_23": 0.015572383177843761, "frac_class_24": 0.0046910413408999072, "frac_developed": 0.13609876369684512, "hybrid_seasonal_score": 0.51898566599292872, "jackpot_zone": false, "hybrid_screening_score": 0.67676767676767668, "summer_ghi": 395.75563541321401, "winter_wind": 4.7220303863054163, "solar_cf_p50": 0.035195347, "wind_cf_p50": 0.021191258 }, "geometry": { "type": "Point", "coordinates": [ -78.45, 43.2 ] } },
{ "type": "Feature", "properties": { "latitude": 42.21, "longitude": -76.02, "frac_class_11": 0.0030392110934132858, "frac_class_21": 0.06853157500234236, "frac_class_22": 0.033811955401480374, "frac_class_23": 0.0075599643961397917, "frac_class_24": 0.001540101189918486, "frac_developed": 0.11144359598988102, "hybrid_seasonal_score": 0.099452450879949, "jackpot_zone": false, "hybrid_screening_score": 0.30899908172635449, "summer_ghi": 380.84261628601558, "winter_wind": 4.1453359632475575, "solar_cf_p50": 0.039131396, "wind_cf_p50": 0.028813165 }, "geometry": { "type": "Point", "coordinates": [ -76.02, 42.21 ] } },
{ "type": "Feature", "properties": { "latitude": 42.57, "longitude": -76.02, "frac_class_11": 0.0033963015447316335, "frac_class_21": 0.053204820405916592, "frac_class_22": 0.012958647100846734, "frac_class_23": 0.0016981507723658168, "frac_class_24": 0.00012882523100706198, "frac_developed": 0.067990443510136209, "hybrid_seasonal_score": 0.31557435107397541, "jackpot_zone": false, "hybrid_screening_score": 0.4242424242424242, "summer_ghi": 381.95494690494615, "winter_wind": 4.8132273749813583, "solar_cf_p50": 0.066811226, "wind_cf_p50": 0.020599052 }, "geometry": { "type": "Point", "coordinates": [ -76.02, 42.57 ] } },
{ "type": "Feature", "properties": { "latitude": 42.75, "longitude": -76.38, "frac_class_11": 0.0028928305820211165, "frac_class_21": 0.056281365837661843, "frac_class_22": 0.019494398800705054, "frac_class_23": 0.0041694238348158599, "frac_class_24": 0.000866677988135881, "frac_developed": 0.080811866461318632, "hybrid_seasonal_score": 0.68469990834128069, "jackpot_zone": false, "hybrid_screening_score": 0.6069788797061525, "summer_ghi": 386.52836133296307, "winter_wind": 5.4024373911781804, "solar_cf_p50": 0.029194659, "wind_cf_p50": 0.015857363 }, "geometry": { "type": "Point", "coordinates": [ -76.38, 42.75 ] } },
{ "type": "Feature", "properties": { "latitude": 42.57, "longitude": -78.09, "frac_class_11": 0.0089765660682289295, "frac_class_21": 0.046329152466945391, "frac_class_22": 0.027152209300963823, "frac_class_23": 0.0030800220168874211, "frac_class_24": 0.00056213329585778026, "frac_developed": 0.077123517080654416, "hybrid_seasonal_score": 0.68416024338889359, "jackpot_zone": true, "hybrid_screening_score": 0.69375573921028466, "summer_ghi": 387.96707575784797, "winter_wind": 5.2282224827264994, "solar_cf_p50": 0.038816348, "wind_cf_p50": 0.018324448 }, "geometry": { "type": "Point", "coordinates": [ -78.09, 42.57 ] } },
{ "type": "Feature", "properties": { "latitude": 42.93, "longitude": -77.73, "frac_class_11": 0.0087307349978919761, "frac_class_21": 0.046880123670773412, "frac_class_22": 0.058708483627676021, "frac_class_23": 0.012964350962664543, "frac_class_24": 0.0027755656532533843, "frac_developed": 0.12132852391436737, "hybrid_seasonal_score": 0.51021105115770782, "jackpot_zone": false, "hybrid_screening_score": 0.58723599632690537, "summer_ghi": 386.9523166032958, "winter_wind": 4.8954163817405298, "solar_cf_p50": 0.041949522, "wind_cf_p50": 0.018274345 }, "geometry": { "type": "Point", "coordinates": [ -77.73, 42.93 ] } },
{ "type": "Feature", "properties": { "latitude": 42.66, "longitude": -75.84, "frac_class_11": 0.00062072519441581562, "frac_class_21": 0.040692635622599081, "frac_class_22": 0.010177550829195166, "frac_class_23": 0.0011536119179237328, "frac_class_24": 4.0991286423685938e-05, "frac_developed": 0.052064789656141669, "hybrid_seasonal_score": 0.27276880163181189, "jackpot_zone": false, "hybrid_screening_score": 0.47566574839302111, "summer_ghi": 379.97585101048406, "winter_wind": 5.0841734421984093, "solar_cf_p50": 0.070993021, "wind_cf_p50": 0.035906546 }, "geometry": { "type": "Point", "coordinates": [ -75.84, 42.66 ] } },
{ "type": "Feature", "properties": { "latitude": 43.83, "longitude": -75.84, "frac_class_11": 0.0005563591854901524, "frac_class_21": 0.039888025393404511, "frac_class_22": 0.0086323519938156287, "frac_class_23": 0.0013059799827821474, "frac_class_24": 2.9282062394218551e-05, "frac_developed": 0.049855639432396508, "hybrid_seasonal_score": 0.10769688706077385, "jackpot_zone": false, "hybrid_screening_score": 0.52938475665748397, "summer_ghi": 373.18227091121315, "winter_wind": 5.0556580695798932, "solar_cf_p50": 0.035295319, "wind_cf_p50": 0.01620857 }, "geometry": { "type": "Point", "coordinates": [ -75.84, 43.83 ] } },
{ "type": "Feature", "properties": { "latitude": 42.57, "longitude": -73.41, "frac_class_11": 0.0029924865748033802, "frac_class_21": 0.045010277522385088, "frac_class_22": 0.013949320980786011, "frac_class_23": 0.0014933152183461095, "frac_class_24": 0.00019910869577948126, "frac_developed": 0.060652022417296683, "hybrid_seasonal_score": 0.14991217796126385, "jackpot_zone": false, "hybrid_screening_score": 0.66620752984389342, "summer_ghi": 379.03948820315571, "winter_wind": 4.6912095359473804, "solar_cf_p50": 0.033097927, "wind_cf_p50": 0.019868124 }, "geometry": { "type": "Point", "coordinates": [ -73.41, 42.57 ] } },
{ "type": "Feature", "properties": { "latitude": 44.37, "longitude": -75.48, "frac_class_11": 0.015681727683695218, "frac_class_21": 0.051624388072986201, "frac_class_22": 0.026948211650621882, "frac_class_23": 0.011506570163727074, "frac_class_24": 0.0028283325135268077, "frac_developed": 0.092907502400861972, "hybrid_seasonal_score": 0.012243016187418892, "jackpot_zone": false, "hybrid_screening_score": 0.13590449954086317, "summer_ghi": 363.76904090267988, "winter_wind": 3.7167858264461389, "solar_cf_p50": 0.019387074, "wind_cf_p50": 0.050535634 }, "geometry": { "type": "Point", "coordinates": [ -75.48, 44.37 ] } },
{ "type": "Feature", "properties": { "latitude": 42.12, "longitude": -75.21, "frac_class_11": 0.034975640605237272, "frac_class_21": 0.032920316672131918, "frac_class_22": 0.0058439124935588142, "frac_class_23": 0.00053871738417576235, "frac_class_24": 0.0, "frac_developed": 0.039302946549866491, "hybrid_seasonal_score": 0.35527387574720409, "jackpot_zone": false, "hybrid_screening_score": 0.6524334251606978, "summer_ghi": 381.51425568150938, "winter_wind": 5.0543022862669487, "solar_cf_p50": 0.056576438, "wind_cf_p50": 0.053786479 }, "geometry": { "type": "Point", "coordinates": [ -75.21, 42.12 ] } },
{ "type": "Feature", "properties": { "latitude": 42.21, "longitude": -78.63, "frac_class_11": 0.0023833086413969583, "frac_class_21": 0.043836482775178452, "frac_class_22": 0.020717803374109188, "frac_class_23": 0.0029571765697922951, "frac_class_24": 0.00028107816900996068, "frac_developed": 0.067792540888089892, "hybrid_seasonal_score": 0.67728478541150716, "jackpot_zone": true, "hybrid_screening_score": 0.61157024793388426, "summer_ghi": 390.96593468513555, "winter_wind": 5.0727664558313412, "solar_cf_p50": 0.033349402, "wind_cf_p50": 0.041374207 }, "geometry": { "type": "Point", "coordinates": [ -78.63, 42.21 ] } },
{ "type": "Feature", "properties": { "latitude": 41.67, "longitude": -74.85, "frac_class_11": 0.052631270751231168, "frac_class_21": 0.061760348532847696, "frac_class_22": 0.022386442821757536, "frac_class_23": 0.0054399700186797675, "frac_class_24": 0.00067926428650899151, "frac_developed": 0.090266025659793997, "hybrid_seasonal_score": 0.16312111009080704, "jackpot_zone": false, "hybrid_screening_score": 0.62304866850321394, "summer_ghi": 383.42936299736471, "winter_wind": 4.2795275382061559, "solar_cf_p50": 0.042242523, "wind_cf_p50": 0.050225697 }, "geometry": { "type": "Point", "coordinates": [ -74.85, 41.67 ] } },
{ "type": "Feature", "properties": { "latitude": 42.48, "longitude": -78.54, "frac_class_11": 0.0023070617168286685, "frac_class_21": 0.051411172268415503, "frac_class_22": 0.022127883827146037, "frac_class_23": 0.002336339149783347, "frac_class_24": 0.00019323105750087833, "frac_developed": 0.076068626302845763, "hybrid_seasonal_score": 0.79648370338327767, "jackpot_zone": true, "hybrid_screening_score": 0.68135904499540867, "summer_ghi": 389.46931379950661, "winter_wind": 5.4240345355253323, "solar_cf_p50": 0.03315407, "wind_cf_p50": 0.020137083 }, "geometry": { "type": "Point", "coordinates": [ -78.54, 42.48 ] } },
{ "type": "Feature", "properties": { "latitude": 42.75, "longitude": -74.13, "frac_class_11": 0.0068047926353638401, "frac_class_21": 0.069898455159813078, "frac_class_22": 0.041303100221360724, "frac_class_23": 0.011155877771401132, "frac_class_24": 0.00068516414658999073, "frac_developed": 0.12304259729916492, "hybrid_seasonal_score": 0.075836417434213571, "jackpot_zone": false, "hybrid_screening_score": 0.65794306703397609, "summer_ghi": 378.94641478846353, "winter_wind": 4.2414238464445866, "solar_cf_p50": 0.028796811, "wind_cf_p50": 0.016178356 }, "geometry": { "type": "Point", "coordinates": [ -74.13, 42.75 ] } },
{ "type": "Feature", "properties": { "latitude": 42.03, "longitude": -76.2, "frac_class_11": 0.010007612578321719, "frac_class_21": 0.06617672893365345, "frac_class_22": 0.031773730748960588, "frac_class_23": 0.0084616735960648826, "frac_class_24": 0.0010247701586929788, "frac_developed": 0.1074369034373719, "hybrid_seasonal_score": 0.12618041168003602, "jackpot_zone": false, "hybrid_screening_score": 0.38108356290174472, "summer_ghi": 380.5384925095089, "winter_wind": 4.3697606838716299, "solar_cf_p50": 0.031723842, "wind_cf_p50": 0.049681056 }, "geometry": { "type": "Point", "coordinates": [ -76.2, 42.03 ] } },
{ "type": "Feature", "properties": { "latitude": 42.12, "longitude": -74.49, "frac_class_11": 0.00030449778360747891, "frac_class_21": 0.034566354166056697, "frac_class_22": 0.012215045703946175, "frac_class_23": 0.002406703635820651, "frac_class_24": 0.00022251761109777306, "frac_developed": 0.049410621116921294, "hybrid_seasonal_score": 0.4901304555699747, "jackpot_zone": false, "hybrid_screening_score": 0.74563820018365479, "summer_ghi": 384.66107466193387, "winter_wind": 5.0630904299623722, "solar_cf_p50": 0.047467295, "wind_cf_p50": 0.056689307 }, "geometry": { "type": "Point", "coordinates": [ -74.49, 42.12 ] } },
{ "type": "Feature", "properties": { "latitude": 44.73, "longitude": -74.94, "frac_class_11": 0.024029986236785851, "frac_class_21": 0.056786435913203898, "frac_class_22": 0.031356701513953554, "frac_class_23": 0.0079768075199859439, "frac_class_24": 0.0021728308295996955, "frac_developed": 0.098292775776743099, "hybrid_seasonal_score": 0.0040670921587525645, "jackpot_zone": false, "hybrid_screening_score": 0.09687786960514233, "summer_ghi": 355.46665301888851, "winter_wind": 3.6143629900699539, "solar_cf_p50": 0.012884378, "wind_cf_p50": 0.053512126 }, "geometry": { "type": "Point", "coordinates": [ -74.94, 44.73 ] } },
{ "type": "Feature", "properties": { "latitude": 43.38, "longitude": -75.57, "frac_class_11": 0.0050888052141221662, "frac_class_21": 0.040599178998284212, "frac_class_22": 0.0062248560904624431, "frac_class_23": 0.00031622034702255119, "frac_class_24": 0.0, "frac_developed": 0.047140255435769204, "hybrid_seasonal_score": 0.063634930151333854, "jackpot_zone": false, "hybrid_screening_score": 0.24517906336088152, "summer_ghi": 375.96562268488799, "winter_wind": 4.4292708151315106, "solar_cf_p50": 0.033531483, "wind_cf_p50": 0.017187852 }, "geometry": { "type": "Point", "coordinates": [ -75.57, 43.38 ] } },
{ "type": "Feature", "properties": { "latitude": 42.66, "longitude": -74.58, "frac_class_11": 0.0027288325164403376, "frac_class_21": 0.060432514097992024, "frac_class_22": 0.026128864138104693, "frac_class_23": 0.011489204715141506, "frac_class_24": 0.0010540554784533493, "frac_developed": 0.099104638429691569, "hybrid_seasonal_score": 0.39601288787364419, "jackpot_zone": false, "hybrid_screening_score": 0.80991735537190079, "summer_ghi": 381.04278048425414, "winter_wind": 5.3915363253918605, "solar_cf_p50": 0.048952784, "wind_cf_p50": 0.017205751 }, "geometry": { "type": "Point", "coordinates": [ -74.58, 42.66 ] } },
{ "type": "Feature", "properties": { "latitude": 42.66, "longitude": -78.99, "frac_class_11": 0.12851487931418132, "frac_class_21": 0.086916041083537302, "frac_class_22": 0.078723927529951859, "frac_class_23": 0.021273730193120732, "frac_class_24": 0.0035661166219682155, "frac_developed": 0.19047981542857811, "hybrid_seasonal_score": 0.98353178668730878, "jackpot_zone": true, "hybrid_screening_score": 0.99265381083562909, "summer_ghi": 415.49556834319236, "winter_wind": 5.8148506666726618, "solar_cf_p50": 0.021149175, "wind_cf_p50": 0.027374251 }, "geometry": { "type": "Point", "coordinates": [ -78.99, 42.66 ] } },
{ "type": "Feature", "properties": { "latitude": 42.03, "longitude": -76.47, "frac_class_11": 0.017391406185953365, "frac_class_21": 0.077658191527984352, "frac_class_22": 0.055500251794769695, "frac_class_23": 0.025981706817196998, "frac_class_24": 0.0080164427840303566, "frac_developed": 0.16715659292398141, "hybrid_seasonal_score": 0.12480510927793673, "jackpot_zone": false, "hybrid_screening_score": 0.41873278236914602, "summer_ghi": 381.66543792813991, "winter_wind": 4.2077975794173916, "solar_cf_p50": 0.025470618, "wind_cf_p50": 0.048923433 }, "geometry": { "type": "Point", "coordinates": [ -76.47, 42.03 ] } },
{ "type": "Feature", "properties": { "latitude": 42.66, "longitude": -76.74, "frac_class_11": 0.25252531167469888, "frac_class_21": 0.036399622886789912, "frac_class_22": 0.037471233406140385, "frac_class_23": 0.0036130256308155367, "frac_class_24": 0.00047431941020430868, "frac_developed": 0.077958201333950136, "hybrid_seasonal_score": 0.40010759569988219, "jackpot_zone": false, "hybrid_screening_score": 0.44536271808999084, "summer_ghi": 384.68436369670485, "winter_wind": 4.8182924007737009, "solar_cf_p50": 0.028106006, "wind_cf_p50": 0.019674681 }, "geometry": { "type": "Point", "coordinates": [ -76.74, 42.66 ] } },
{ "type": "Feature", "properties": { "latitude": 42.3, "longitude": -79.53, "frac_class_11": 0.020883110798781915, "frac_class_21": 0.076797844928554695, "frac_class_22": 0.043815881939564302, "frac_class_23": 0.0093874443663621455, "frac_class_24": 0.0022721948934176623, "frac_developed": 0.13227336612789881, "hybrid_seasonal_score": 0.9935790410997023, "jackpot_zone": true, "hybrid_screening_score": 0.99586776859504134, "summer_ghi": 418.69495191064362, "winter_wind": 6.4461357282678318, "solar_cf_p50": 0.011559994, "wind_cf_p50": 0.031528421 }, "geometry": { "type": "Point", "coordinates": [ -79.53, 42.3 ] } },
{ "type": "Feature", "properties": { "latitude": 42.39, "longitude": -76.74, "frac_class_11": 0.010400866738894909, "frac_class_21": 0.051869637785130741, "frac_class_22": 0.016714005446399813, "frac_class_23": 0.0019150244502357178, "frac_class_24": 0.00011712687769025797, "frac_developed": 0.070615794559456532, "hybrid_seasonal_score": 0.3518278198969409, "jackpot_zone": false, "hybrid_screening_score": 0.47291092745638197, "summer_ghi": 384.2993839178589, "winter_wind": 4.7357203119074045, "solar_cf_p50": 0.031187331, "wind_cf_p50": 0.046462454 }, "geometry": { "type": "Point", "coordinates": [ -76.74, 42.39 ] } },
{ "type": "Feature", "properties": { "latitude": 42.03, "longitude": -77.91, "frac_class_11": 0.0027111855434668042, "frac_class_21": 0.055845737641561359, "frac_class_22": 0.01420005387236933, "frac_class_23": 0.0013350978486186421, "frac_class_24": 9.3691077096045064e-05, "frac_developed": 0.071474580439645372, "hybrid_seasonal_score": 0.63186333659661986, "jackpot_zone": true, "hybrid_screening_score": 0.73186409550045917, "summer_ghi": 386.86093856265853, "winter_wind": 5.1810050291508603, "solar_cf_p50": 0.04756828, "wind_cf_p50": 0.053363092 }, "geometry": { "type": "Point", "coordinates": [ -77.91, 42.03 ] } },
{ "type": "Feature", "properties": { "latitude": 42.84, "longitude": -73.41, "frac_class_11": 0.0057618325438139346, "frac_class_21": 0.048407591097266056, "frac_class_22": 0.014498269693580592, "frac_class_23": 0.0030448708564870387, "frac_class_24": 0.00036889781530516049, "frac_developed": 0.066319629462638849, "hybrid_seasonal_score": 0.091917800595486543, "jackpot_zone": false, "hybrid_screening_score": 0.4527089072543618, "summer_ghi": 380.24231629113302, "winter_wind": 4.1743710482500314, "solar_cf_p50": 0.027251935, "wind_cf_p50": 0.018318493 }, "geometry": { "type": "Point", "coordinates": [ -73.41, 42.84 ] } },
{ "type": "Feature", "properties": { "latitude": 42.66, "longitude": -77.82, "frac_class_11": 0.00038648700876622806, "frac_class_21": 0.040604559375530688, "frac_class_22": 0.043790149265967478, "frac_class_23": 0.0054459533053423043, "frac_class_24": 0.0005328836029958599, "frac_developed": 0.090373545549836343, "hybrid_seasonal_score": 0.22133578037660179, "jackpot_zone": false, "hybrid_screening_score": 0.43158861340679522, "summer_ghi": 387.81653980002898, "winter_wind": 4.2765559509346929, "solar_cf_p50": 0.02916114, "wind_cf_p50": 0.032848235 }, "geometry": { "type": "Point", "coordinates": [ -77.82, 42.66 ] } },
{ "type": "Feature", "properties": { "latitude": 42.57, "longitude": -74.94, "frac_class_11": 0.010897953925254441, "frac_class_21": 0.05761099984774487, "frac_class_22": 0.01300610191724348, "frac_class_23": 0.0029631191220734808, "frac_class_24": 0.00010540739959945188, "frac_developed": 0.073685628286661281, "hybrid_seasonal_score": 0.10531793433120755, "jackpot_zone": false, "hybrid_screening_score": 0.36547291092745637, "summer_ghi": 378.92368053804097, "winter_wind": 4.4599033187380215, "solar_cf_p50": 0.028735468, "wind_cf_p50": 0.019757995 }, "geometry": { "type": "Point", "coordinates": [ -74.94, 42.57 ] } },
{ "type": "Feature", "properties": { "latitude": 44.55, "longitude": -75.66, "frac_class_11": 0.13458584426326362, "frac_class_21": 0.038727401630627434, "frac_class_22": 0.031046910079168145, "frac_class_23": 0.0036113080467919177, "frac_class_24": 0.00023632281696797826, "frac_developed": 0.073621942573555463, "hybrid_seasonal_score": 0.013370410002015311, "jackpot_zone": false, "hybrid_screening_score": 0.13498622589531681, "summer_ghi": 362.10077519379843, "winter_wind": 3.7794853930315919, "solar_cf_p50": 0.020856963, "wind_cf_p50": 0.050378572 }, "geometry": { "type": "Point", "coordinates": [ -75.66, 44.55 ] } },
{ "type": "Feature", "properties": { "latitude": 42.03, "longitude": -78.54, "frac_class_11": 0.0018858089944889867, "frac_class_21": 0.035297424875109076, "frac_class_22": 0.0092416353829304996, "frac_class_23": 0.00091947829855518919, "frac_class_24": 0.0, "frac_developed": 0.045458538556594763, "hybrid_seasonal_score": 0.44141220199321879, "jackpot_zone": false, "hybrid_screening_score": 0.4903581267217631, "summer_ghi": 389.0454771026005, "winter_wind": 4.6918329098433444, "solar_cf_p50": 0.034528762, "wind_cf_p50": 0.072404161 }, "geometry": { "type": "Point", "coordinates": [ -78.54, 42.03 ] } },
{ "type": "Feature", "properties": { "latitude": 42.57, "longitude": -74.58, "frac_class_11": 0.0068053107192428651, "frac_class_21": 0.054067666574914054, "frac_class_22": 0.0076720800707471204, "frac_class_23": 0.00074963835805773392, "frac_class_24": 1.1713099344652092e-05, "frac_developed": 0.062501098103063563, "hybrid_seasonal_score": 0.41504176922408825, "jackpot_zone": false, "hybrid_screening_score": 0.83562901744719931, "summer_ghi": 381.12853666600904, "winter_wind": 5.4520714596755582, "solar_cf_p50": 0.052014343, "wind_cf_p50": 0.03595987 }, "geometry": { "type": "Point", "coordinates": [ -74.58, 42.57 ] } },
{ "type": "Feature", "properties": { "latitude": 42.75, "longitude": -73.32, "frac_class_11": 0.00079638814552822205, "frac_class_21": 0.036838807525867975, "frac_class_22": 0.0097616105779084264, "frac_class_23": 0.0017098921948105943, "frac_class_24": 0.00028693396419766823, "frac_developed": 0.048597244262784667, "hybrid_seasonal_score": 0.19006325041887273, "jackpot_zone": false, "hybrid_screening_score": 0.56427915518824612, "summer_ghi": 380.1074479403951, "winter_wind": 4.6961176395616411, "solar_cf_p50": 0.028874138, "wind_cf_p50": 0.017885916 }, "geometry": { "type": "Point", "coordinates": [ -73.32, 42.75 ] } },
{ "type": "Feature", "properties": { "latitude": 42.12, "longitude": -76.92, "frac_class_11": 0.014288056590073313, "frac_class_21": 0.098060571990724474, "frac_class_22": 0.059488674958424095, "frac_class_23": 0.024131590658890215, "frac_class_24": 0.010317850701520156, "frac_developed": 0.19199868830955893, "hybrid_seasonal_score": 0.10350436496191567, "jackpot_zone": false, "hybrid_screening_score": 0.36134067952249771, "summer_ghi": 383.28736657345257, "winter_wind": 3.9499301888748297, "solar_cf_p50": 0.031953976, "wind_cf_p50": 0.028131694 }, "geometry": { "type": "Point", "coordinates": [ -76.92, 42.12 ] } },
{ "type": "Feature", "properties": { "latitude": 42.84, "longitude": -78.45, "frac_class_11": 0.0039584016489436456, "frac_class_21": 0.046552208741275122, "frac_class_22": 0.034237832013866119, "frac_class_23": 0.0031737480676441655, "frac_class_24": 0.0004157492856139036, "frac_developed": 0.084379538108399307, "hybrid_seasonal_score": 0.80119691783854063, "jackpot_zone": true, "hybrid_screening_score": 0.68044077134986225, "summer_ghi": 389.96145209718969, "winter_wind": 5.4212070764997078, "solar_cf_p50": 0.030646957, "wind_cf_p50": 0.023132944 }, "geometry": { "type": "Point", "coordinates": [ -78.45, 42.84 ] } },
{ "type": "Feature", "properties": { "latitude": 42.57, "longitude": -75.48, "frac_class_11": 0.0060551404277248136, "frac_class_21": 0.057822491860111028, "frac_class_22": 0.044470731535920918, "frac_class_23": 0.017515401372654657, "frac_class_24": 0.0049659178749619356, "frac_developed": 0.12477454264364854, "hybrid_seasonal_score": 0.13581111220730552, "jackpot_zone": false, "hybrid_screening_score": 0.32690541781450871, "summer_ghi": 378.52007955648719, "winter_wind": 4.7017541778331049, "solar_cf_p50": 0.069242582, "wind_cf_p50": 0.023148932 }, "geometry": { "type": "Point", "coordinates": [ -75.48, 42.57 ] } },
{ "type": "Feature", "properties": { "latitude": 43.02, "longitude": -76.65, "frac_class_11": 0.015378308737409229, "frac_class_21": 0.063264230498945889, "frac_class_22": 0.037590770672288595, "frac_class_23": 0.0072616537830873743, "frac_class_24": 0.00089599437807449055, "frac_developed": 0.10901264933239635, "hybrid_seasonal_score": 0.32256448785374403, "jackpot_zone": false, "hybrid_screening_score": 0.35629017447199263, "summer_ghi": 386.30732444750635, "winter_wind": 4.5775881121448796, "solar_cf_p50": 0.029528501, "wind_cf_p50": 0.015502754 }, "geometry": { "type": "Point", "coordinates": [ -76.65, 43.02 ] } },
{ "type": "Feature", "properties": { "latitude": 42.84, "longitude": -77.37, "frac_class_11": 0.0023540572352124798, "frac_class_21": 0.050395563597608467, "frac_class_22": 0.046565828692561297, "frac_class_23": 0.0056274850821870477, "frac_class_24": 0.00019324350438311403, "frac_developed": 0.10278212087673992, "hybrid_seasonal_score": 0.47493403860796796, "jackpot_zone": false, "hybrid_screening_score": 0.57667584940312211, "summer_ghi": 385.54473926022746, "winter_wind": 4.9178712714430546, "solar_cf_p50": 0.023828814, "wind_cf_p50": 0.013455575 }, "geometry": { "type": "Point", "coordinates": [ -77.37, 42.84 ] } },
{ "type": "Feature", "properties": { "latitude": 42.3, "longitude": -79.08, "frac_class_11": 0.0003337627356833353, "frac_class_21": 0.036321583323574186, "frac_class_22": 0.016893078814849513, "frac_class_23": 0.0026818128586485537, "frac_class_24": 0.0004157395479564352, "frac_developed": 0.056312214545028688, "hybrid_seasonal_score": 0.75286633763969102, "jackpot_zone": true, "hybrid_screening_score": 0.70523415977961434, "summer_ghi": 395.24542386320263, "winter_wind": 5.1432465561466136, "solar_cf_p50": 0.025100885, "wind_cf_p50": 0.026056588 }, "geometry": { "type": "Point", "coordinates": [ -79.08, 42.3 ] } },
{ "type": "Feature", "properties": { "latitude": 42.12, "longitude": -78.99, "frac_class_11": 0.0023660737816769842, "frac_class_21": 0.051866211412206362, "frac_class_22": 0.024919910745137542, "frac_class_23": 0.0047555740364398792, "frac_class_24": 0.00040996327900343782, "frac_developed": 0.081951659472787222, "hybrid_seasonal_score": 0.44648737141850087, "jackpot_zone": false, "hybrid_screening_score": 0.53535353535353536, "summer_ghi": 393.71701842167698, "winter_wind": 4.6463524876120834, "solar_cf_p50": 0.021079479, "wind_cf_p50": 0.043215267 }, "geometry": { "type": "Point", "coordinates": [ -78.99, 42.12 ] } },
{ "type": "Feature", "properties": { "latitude": 42.93, "longitude": -75.3, "frac_class_11": 0.0032909568954916234, "frac_class_21": 0.052479636472234747, "frac_class_22": 0.029138436854032595, "frac_class_23": 0.0053580525967523761, "frac_class_24": 0.00069098383214948674, "frac_developed": 0.087667109755169198, "hybrid_seasonal_score": 0.18389504865838449, "jackpot_zone": false, "hybrid_screening_score": 0.54224058769513317, "summer_ghi": 377.21529817920265, "winter_wind": 5.4094650730729219, "solar_cf_p50": 0.068439119, "wind_cf_p50": 0.016275542 }, "geometry": { "type": "Point", "coordinates": [ -75.3, 42.93 ] } },
{ "type": "Feature", "properties": { "latitude": 42.39, "longitude": -77.55, "frac_class_11": 0.0034081127136658292, "frac_class_21": 0.047977091860934948, "frac_class_22": 0.032617161194361977, "frac_class_23": 0.0029454994759001928, "frac_class_24": 0.00013468486669126131, "frac_developed": 0.083674437397888379, "hybrid_seasonal_score": 0.44544451105933702, "jackpot_zone": false, "hybrid_screening_score": 0.59963269054178148, "summer_ghi": 386.02236764361407, "winter_wind": 4.8264535581687626, "solar_cf_p50": 0.038997978, "wind_cf_p50": 0.11385502 }, "geometry": { "type": "Point", "coordinates": [ -77.55, 42.39 ] } },
{ "type": "Feature", "properties": { "latitude": 43.02, "longitude": -75.21, "frac_class_11": 0.002547345490320087, "frac_class_21": 0.10647318552873523, "frac_class_22": 0.061985406931122124, "frac_class_23": 0.014698476277479123, "frac_class_24": 0.0020085965590339997, "frac_developed": 0.18516566529637046, "hybrid_seasonal_score": 0.14190742890968286, "jackpot_zone": false, "hybrid_screening_score": 0.4527089072543618, "summer_ghi": 377.13824811014342, "winter_wind": 5.0432726121944249, "solar_cf_p50": 0.029392714, "wind_cf_p50": 0.016003896 }, "geometry": { "type": "Point", "coordinates": [ -75.21, 43.02 ] } },
{ "type": "Feature", "properties": { "latitude": 42.03, "longitude": -77.73, "frac_class_11": 0.002172678133253688, "frac_class_21": 0.055704890575496172, "frac_class_22": 0.012573423051470804, "frac_class_23": 0.0016221882558255299, "frac_class_24": 0.00012298178112756723, "frac_developed": 0.070023483663920069, "hybrid_seasonal_score": 0.7816557763965728, "jackpot_zone": true, "hybrid_screening_score": 0.88934802571166216, "summer_ghi": 388.11288702863811, "winter_wind": 5.5798209970783335, "solar_cf_p50": 0.049958736, "wind_cf_p50": 0.085739225 }, "geometry": { "type": "Point", "coordinates": [ -77.73, 42.03 ] } },
{ "type": "Feature", "properties": { "latitude": 42.39, "longitude": -75.93, "frac_class_11": 0.038168520047549614, "frac_class_21": 0.046917180518712416, "frac_class_22": 0.019189665571620142, "frac_class_23": 0.0022018047772136627, "frac_class_24": 0.00024009041453659623, "frac_developed": 0.068548741282082812, "hybrid_seasonal_score": 0.10304227684643412, "jackpot_zone": false, "hybrid_screening_score": 0.278236914600551, "summer_ghi": 379.91267459523846, "winter_wind": 4.325560156587466, "solar_cf_p50": 0.03051002, "wind_cf_p50": 0.046412166 }, "geometry": { "type": "Point", "coordinates": [ -75.93, 42.39 ] } },
{ "type": "Feature", "properties": { "latitude": 42.03, "longitude": -78.45, "frac_class_11": 0.0073956960913482651, "frac_class_21": 0.062005562875128095, "frac_class_22": 0.04152247108768848, "frac_class_23": 0.024599619382228079, "frac_class_24": 0.0090587029717464507, "frac_developed": 0.1371863563167911, "hybrid_seasonal_score": 0.49239957804946538, "jackpot_zone": false, "hybrid_screening_score": 0.54453627180899911, "summer_ghi": 388.51470189929546, "winter_wind": 4.7865923814953204, "solar_cf_p50": 0.032300867, "wind_cf_p50": 0.10906793 }, "geometry": { "type": "Point", "coordinates": [ -78.45, 42.03 ] } },
{ "type": "Feature", "properties": { "latitude": 42.57, "longitude": -78.9, "frac_class_11": 0.0033321425852507304, "frac_class_21": 0.051891239802999513, "frac_class_22": 0.034469228922294905, "frac_class_23": 0.0050538471899321275, "frac_class_24": 0.00072616112578399044, "frac_developed": 0.092140477041010541, "hybrid_seasonal_score": 0.53402735089436826, "jackpot_zone": false, "hybrid_screening_score": 0.72497704315886136, "summer_ghi": 404.45145500484136, "winter_wind": 4.7099471946280653, "solar_cf_p50": 0.025447777, "wind_cf_p50": 0.037218489 }, "geometry": { "type": "Point", "coordinates": [ -78.9, 42.57 ] } },
{ "type": "Feature", "properties": { "latitude": 42.84, "longitude": -77.01, "frac_class_11": 0.17540654334217567, "frac_class_21": 0.056632058511790782, "frac_class_22": 0.07819920477370014, "frac_class_23": 0.031715358173907443, "frac_class_24": 0.0096211841727714045, "frac_developed": 0.17616780563216977, "hybrid_seasonal_score": 0.50754329335596549, "jackpot_zone": false, "hybrid_screening_score": 0.64370982552800737, "summer_ghi": 387.82858468005566, "winter_wind": 4.832393638754219, "solar_cf_p50": 0.023685139, "wind_cf_p50": 0.017575081 }, "geometry": { "type": "Point", "coordinates": [ -77.01, 42.84 ] } },
{ "type": "Feature", "properties": { "latitude": 42.21, "longitude": -74.67, "frac_class_11": 0.0010423437509149787, "frac_class_21": 0.053393765847431322, "frac_class_22": 0.0084441555551651639, "frac_class_23": 0.00078468574507082668, "frac_class_24": 4.0991046384296917e-05, "frac_developed": 0.062663598194051623, "hybrid_seasonal_score": 0.42478187838818943, "jackpot_zone": false, "hybrid_screening_score": 0.70156106519742889, "summer_ghi": 385.09724279217102, "winter_wind": 4.8343008210353773, "solar_cf_p50": 0.054044113, "wind_cf_p50": 0.062665917 }, "geometry": { "type": "Point", "coordinates": [ -74.67, 42.21 ] } },
{ "type": "Feature", "properties": { "latitude": 42.03, "longitude": -77.37, "frac_class_11": 0.001692374360235644, "frac_class_21": 0.053464975463499757, "frac_class_22": 0.02102877622009065, "frac_class_23": 0.0028577117224740287, "frac_class_24": 0.0005738847311525713, "frac_developed": 0.077925348137216993, "hybrid_seasonal_score": 0.32729245877254892, "jackpot_zone": false, "hybrid_screening_score": 0.61845730027548207, "summer_ghi": 384.82765781461455, "winter_wind": 4.6639931890472246, "solar_cf_p50": 0.02463237, "wind_cf_p50": 0.050729591 }, "geometry": { "type": "Point", "coordinates": [ -77.37, 42.03 ] } },
{ "type": "Feature", "properties": { "latitude": 42.21, "longitude": -78.45, "frac_class_11": 0.00093694368968425001, "frac_class_21": 0.055648599269183925, "frac_class_22": 0.013222617820668978, "frac_class_23": 0.0012238826946500516, "frac_class_24": 2.342359224210625e-05, "frac_developed": 0.070118523376745068, "hybrid_seasonal_score": 0.60077041388085717, "jackpot_zone": false, "hybrid_screening_score": 0.62396694214876036, "summer_ghi": 388.78746192887388, "winter_wind": 4.9895964136926221, "solar_cf_p50": 0.033733282, "wind_cf_p50": 0.046682596 }, "geometry": { "type": "Point", "coordinates": [ -78.45, 42.21 ] } },
{ "type": "Feature", "properties": { "latitude": 42.39, "longitude": -76.02, "frac_class_11": 0.03596587282532953, "frac_class_21": 0.05588119901858022, "frac_class_22": 0.033687995174881274, "frac_class_23": 0.0057093334426402296, "frac_class_24": 0.00053287112131308813, "frac_developed": 0.095811398757414803, "hybrid_seasonal_score": 0.12713157115861851, "jackpot_zone": false, "hybrid_screening_score": 0.3168044077134986, "summer_ghi": 379.57596862233925, "winter_wind": 4.5090260313239598, "solar_cf_p50": 0.028089235, "wind_cf_p50": 0.048838232 }, "geometry": { "type": "Point", "coordinates": [ -76.02, 42.39 ] } },
{ "type": "Feature", "properties": { "latitude": 42.57, "longitude": -76.56, "frac_class_11": 0.1825012004731621, "frac_class_21": 0.057183514282702644, "frac_class_22": 0.035393462398838178, "frac_class_23": 0.0068983287071196844, "frac_class_24": 0.0011126336624386589, "frac_developed": 0.10058793905109917, "hybrid_seasonal_score": 0.2376808826220296, "jackpot_zone": false, "hybrid_screening_score": 0.30303030303030304, "summer_ghi": 381.82815454335605, "winter_wind": 4.625005753130905, "solar_cf_p50": 0.017651049, "wind_cf_p50": 0.01776851 }, "geometry": { "type": "Point", "coordinates": [ -76.56, 42.57 ] } },
{ "type": "Feature", "properties": { "latitude": 43.83, "longitude": -76.11, "frac_class_11": 0.0093810937582348083, "frac_class_21": 0.038759962288237325, "frac_class_22": 0.028840129063237473, "frac_class_23": 0.0041927984587366556, "frac_class_24": 0.00057973051314934212, "frac_developed": 0.072372620323360795, "hybrid_seasonal_score": 0.4559342485713635, "jackpot_zone": false, "hybrid_screening_score": 0.76033057851239672, "summer_ghi": 397.06950665232284, "winter_wind": 4.6329314297016255, "solar_cf_p50": 0.026078708, "wind_cf_p50": 0.014412821 }, "geometry": { "type": "Point", "coordinates": [ -76.11, 43.83 ] } },
{ "type": "Feature", "properties": { "latitude": 42.03, "longitude": -78.9, "frac_class_11": 0.13161993769470404, "frac_class_21": 0.02194153608319865, "frac_class_22": 0.0080165366687747399, "frac_class_23": 0.00042161478462511418, "frac_class_24": 5.8557608975710305e-06, "frac_developed": 0.030385543297496074, "hybrid_seasonal_score": 0.71552995519937668, "jackpot_zone": true, "hybrid_screening_score": 0.64370982552800737, "summer_ghi": 390.29888321168283, "winter_wind": 5.1664305494701193, "solar_cf_p50": 0.032932881, "wind_cf_p50": 0.047823213 }, "geometry": { "type": "Point", "coordinates": [ -78.9, 42.03 ] } },
{ "type": "Feature", "properties": { "latitude": 42.21, "longitude": -77.82, "frac_class_11": 0.002119785444920713, "frac_class_21": 0.058124282669290046, "frac_class_22": 0.020208230857517627, "frac_class_23": 0.0039760616494507297, "frac_class_24": 0.00033963413205911978, "frac_developed": 0.082648209308317525, "hybrid_seasonal_score": 0.68802917732294144, "jackpot_zone": false, "hybrid_screening_score": 0.8044077134986225, "summer_ghi": 386.22886334709898, "winter_wind": 5.4998720824241403, "solar_cf_p50": 0.043641023, "wind_cf_p50": 0.053748846 }, "geometry": { "type": "Point", "coordinates": [ -77.82, 42.21 ] } },
{ "type": "Feature", "properties": { "latitude": 42.57, "longitude": -77.19, "frac_class_11": 0.059308236506746624, "frac_class_21": 0.058869002998500751, "frac_class_22": 0.023080256746626688, "frac_class_23": 0.0016398050974512743, "frac_class_24": 5.270802098950525e-05, "frac_developed": 0.08364177286356822, "hybrid_seasonal_score": 0.30041777656353164, "jackpot_zone": false, "hybrid_screening_score": 0.42883379247015607, "summer_ghi": 382.02049588036954, "winter_wind": 4.7718620667026359, "solar_cf_p50": 0.029320745, "wind_cf_p50": 0.019986119 }, "geometry": { "type": "Point", "coordinates": [ -77.19, 42.57 ] } },
{ "type": "Feature", "properties": { "latitude": 42.12, "longitude": -73.95, "frac_class_11": 0.10051413580680674, "frac_class_21": 0.08771929824561403, "frac_class_22": 0.053954980910219476, "frac_class_23": 0.023499168481952545, "frac_class_24": 0.0047373105661349633, "frac_developed": 0.16991075820392101, "hybrid_seasonal_score": 0.0049539556176170247, "jackpot_zone": false, "hybrid_screening_score": 0.43526170798898067, "summer_ghi": 377.88488434120148, "winter_wind": 3.1652922890524371, "solar_cf_p50": 0.028446034, "wind_cf_p50": 0.028374668 }, "geometry": { "type": "Point", "coordinates": [ -73.95, 42.12 ] } },
{ "type": "Feature", "properties": { "latitude": 42.48, "longitude": -74.04, "frac_class_11": 0.017924169228517056, "frac_class_21": 0.061027667984189723, "frac_class_22": 0.021765480895915679, "frac_class_23": 0.0029278290147855364, "frac_class_24": 0.00072610159566681301, "frac_developed": 0.086447079490557757, "hybrid_seasonal_score": 0.09699107276117043, "jackpot_zone": false, "hybrid_screening_score": 0.63131313131313127, "summer_ghi": 380.37225700866389, "winter_wind": 4.1942806980205205, "solar_cf_p50": 0.040775858, "wind_cf_p50": 0.023660013 }, "geometry": { "type": "Point", "coordinates": [ -74.04, 42.48 ] } },
{ "type": "Feature", "properties": { "latitude": 41.94, "longitude": -74.76, "frac_class_11": 0.015367856348025722, "frac_class_21": 0.038361074344347747, "frac_class_22": 0.0077014981317278294, "frac_class_23": 0.0020849683155095872, "frac_class_24": 0.0001991261874363089, "frac_developed": 0.048346666979021478, "hybrid_seasonal_score": 0.58655171803180817, "jackpot_zone": false, "hybrid_screening_score": 0.92837465564738286, "summer_ghi": 383.93878427043694, "winter_wind": 5.464203586053225, "solar_cf_p50": 0.047925249, "wind_cf_p50": 0.078982905 }, "geometry": { "type": "Point", "coordinates": [ -74.76, 41.94 ] } },
{ "type": "Feature", "properties": { "latitude": 43.02, "longitude": -76.83, "frac_class_11": 0.013140558298051754, "frac_class_21": 0.043649608535507027, "frac_class_22": 0.035662210354338315, "frac_class_23": 0.0069684778853304754, "frac_class_24": 0.0017684708582939527, "frac_developed": 0.088048767633469777, "hybrid_seasonal_score": 0.29983784754633741, "jackpot_zone": false, "hybrid_screening_score": 0.32552800734618914, "summer_ghi": 385.78861488244837, "winter_wind": 4.5529236685338148, "solar_cf_p50": 0.020431137, "wind_cf_p50": 0.015502754 }, "geometry": { "type": "Point", "coordinates": [ -76.83, 43.02 ] } },
{ "type": "Feature", "properties": { "latitude": 42.57, "longitude": -74.22, "frac_class_11": 0.0051180848758835135, "frac_class_21": 0.053675475940901933, "frac_class_22": 0.0079406442696773969, "frac_class_23": 0.00039820339995432375, "frac_class_24": 1.1711864704538933e-05, "frac_developed": 0.062026035475238196, "hybrid_seasonal_score": 0.34547242185609328, "jackpot_zone": false, "hybrid_screening_score": 0.75528007346189163, "summer_ghi": 381.86799299516593, "winter_wind": 4.9259984287541307, "solar_cf_p50": 0.047985125, "wind_cf_p50": 0.01742281 }, "geometry": { "type": "Point", "coordinates": [ -74.22, 42.57 ] } },
{ "type": "Feature", "properties": { "latitude": 42.75, "longitude": -77.46, "frac_class_11": 0.047672586944937312, "frac_class_21": 0.047104568159326343, "frac_class_22": 0.022504084464979007, "frac_class_23": 0.0027229766526711521, "frac_class_24": 0.00057973051314934212, "frac_developed": 0.072911359790125849, "hybrid_seasonal_score": 0.59645456990811363, "jackpot_zone": false, "hybrid_screening_score": 0.61845730027548207, "summer_ghi": 385.04499680396117, "winter_wind": 5.3297792451482824, "solar_cf_p50": 0.042109367, "wind_cf_p50": 0.018072993 }, "geometry": { "type": "Point", "coordinates": [ -77.46, 42.75 ] } },
{ "type": "Feature", "properties": { "latitude": 42.66, "longitude": -78.27, "frac_class_11": 0.0065819523335480471, "frac_class_21": 0.039942612871113191, "frac_class_22": 0.020179188382034315, "frac_class_23": 0.0028283656379926216, "frac_class_24": 0.00039819640452070038, "frac_developed": 0.06334836329566082, "hybrid_seasonal_score": 0.80754261877477507, "jackpot_zone": true, "hybrid_screening_score": 0.70661157024793386, "summer_ghi": 388.53994645815726, "winter_wind": 5.6875592858369286, "solar_cf_p50": 0.027608952, "wind_cf_p50": 0.013947682 }, "geometry": { "type": "Point", "coordinates": [ -78.27, 42.66 ] } },
{ "type": "Feature", "properties": { "latitude": 42.12, "longitude": -74.67, "frac_class_11": 0.014013574369154911, "frac_class_21": 0.039961818426708359, "frac_class_22": 0.011278789901793713, "frac_class_23": 0.0031857018206520146, "frac_class_24": 0.00031037168473264113, "frac_developed": 0.054736681833886733, "hybrid_seasonal_score": 0.50718492209852095, "jackpot_zone": false, "hybrid_screening_score": 0.77731864095500458, "summer_ghi": 384.99928639751687, "winter_wind": 5.0683894425599529, "solar_cf_p50": 0.035830103, "wind_cf_p50": 0.021842957 }, "geometry": { "type": "Point", "coordinates": [ -74.67, 42.12 ] } },
{ "type": "Feature", "properties": { "latitude": 43.29, "longitude": -75.3, "frac_class_11": 0.00022837601232059308, "frac_class_21": 0.054136826510355972, "frac_class_22": 0.016097580971007958, "frac_class_23": 0.0019148450263803574, "frac_class_24": 0.00010540431337873527, "frac_developed": 0.072254656821123017, "hybrid_seasonal_score": 0.036047932366489843, "jackpot_zone": false, "hybrid_screening_score": 0.13544536271808999, "summer_ghi": 374.9087099781342, "winter_wind": 4.1143354124948193, "solar_cf_p50": 0.035592631, "wind_cf_p50": 0.017183015 }, "geometry": { "type": "Point", "coordinates": [ -75.3, 43.29 ] } },
{ "type": "Feature", "properties": { "latitude": 42.57, "longitude": -74.4, "frac_class_11": 0.0035312099225242003, "frac_class_21": 0.036682419493684226, "frac_class_22": 0.017134859425051094, "frac_class_23": 0.0030627243606636098, "frac_class_24": 0.00044506128376756089, "frac_developed": 0.057325064563166495, "hybrid_seasonal_score": 0.16856455868476905, "jackpot_zone": false, "hybrid_screening_score": 0.54499540863177232, "summer_ghi": 382.075956931419, "winter_wind": 4.3893489467193643, "solar_cf_p50": 0.025553279, "wind_cf_p50": 0.019336728 }, "geometry": { "type": "Point", "coordinates": [ -74.4, 42.57 ] } },
{ "type": "Feature", "properties": { "latitude": 42.03, "longitude": -77.64, "frac_class_11": 0.00084906047067228024, "frac_class_21": 0.056078980190540882, "frac_class_22": 0.0098549570492513627, "frac_class_23": 0.0012765185007348764, "frac_class_24": 9.9545020699508713e-05, "frac_developed": 0.067310000761226618, "hybrid_seasonal_score": 0.75420116517036118, "jackpot_zone": true, "hybrid_screening_score": 0.89577594123048665, "summer_ghi": 387.31256362134064, "winter_wind": 5.6720078012834003, "solar_cf_p50": 0.049870063, "wind_cf_p50": 0.091942608 }, "geometry": { "type": "Point", "coordinates": [ -77.64, 42.03 ] } },
{ "type": "Feature", "properties": { "latitude": 44.19, "longitude": -73.41, "frac_class_11": 0.27374406361810399, "frac_class_21": 0.042004110816365965, "frac_class_22": 0.01894371929331436, "frac_class_23": 0.0031445988440524921, "frac_class_24": 0.00011711727538370547, "frac_developed": 0.064209546229116524, "hybrid_seasonal_score": 0.00031115057411075438, "jackpot_zone": false, "hybrid_screening_score": 0.089072543617998171, "summer_ghi": 347.26828531130366, "winter_wind": 3.3461562124526667, "solar_cf_p50": 0.031660054, "wind_cf_p50": 0.048200332 }, "geometry": { "type": "Point", "coordinates": [ -73.41, 44.19 ] } },
{ "type": "Feature", "properties": { "latitude": 42.3, "longitude": -77.73, "frac_class_11": 0.0037363692797826114, "frac_class_21": 0.057134825538493972, "frac_class_22": 0.038757510805017742, "frac_class_23": 0.020743291518793117, "frac_class_24": 0.0041170338615786452, "frac_developed": 0.12075266172388348, "hybrid_seasonal_score": 0.64882736708431665, "jackpot_zone": false, "hybrid_screening_score": 0.73875114784205698, "summer_ghi": 385.88849711802061, "winter_wind": 5.3957566171743006, "solar_cf_p50": 0.040509701, "wind_cf_p50": 0.0304968 }, "geometry": { "type": "Point", "coordinates": [ -77.73, 42.3 ] } },
{ "type": "Feature", "properties": { "latitude": 44.1, "longitude": -76.2, "frac_class_11": 0.14790068513204896, "frac_class_21": 0.036651636704339172, "frac_class_22": 0.022574222638636763, "frac_class_23": 0.0025238625051238507, "frac_class_24": 0.00021080986121684137, "frac_developed": 0.061960531709316619, "hybrid_seasonal_score": 0.29824183061097659, "jackpot_zone": false, "hybrid_screening_score": 0.86042240587695129, "summer_ghi": 386.38273870754239, "winter_wind": 4.5232721668586615, "solar_cf_p50": 0.023676248, "wind_cf_p50": 0.020301374 }, "geometry": { "type": "Point", "coordinates": [ -76.2, 44.1 ] } },
{ "type": "Feature", "properties": { "latitude": 42.57, "longitude": -78.0, "frac_class_11": 0.010165779503305635, "frac_class_21": 0.064244681411731633, "frac_class_22": 0.030602744057762241, "frac_class_23": 0.0037887438586628719, "frac_class_24": 0.00047432496530400717, "frac_developed": 0.099110494293460749, "hybrid_seasonal_score": 0.5942956992919427, "jackpot_zone": false, "hybrid_screening_score": 0.67171717171717171, "summer_ghi": 387.7150403786577, "winter_wind": 5.0418281688821835, "solar_cf_p50": 0.048284248, "wind_cf_p50": 0.019023979 }, "geometry": { "type": "Point", "coordinates": [ -78.0, 42.57 ] } },
{ "type": "Feature", "properties": { "latitude": 44.64, "longitude": -75.12, "frac_class_11": 0.0059847278178581471, "frac_class_21": 0.071957275367750401, "frac_class_22": 0.028916424622880164, "frac_class_23": 0.010376651363253069, "frac_class_24": 0.0021491145882132482, "frac_developed": 0.11339946594209688, "hybrid_seasonal_score": 0.004243115688144488, "jackpot_zone": false, "hybrid_screening_score": 0.068870523415977963, "summer_ghi": 356.9079548263058, "winter_wind": 3.5461714315612376, "solar_cf_p50": 0.013790133, "wind_cf_p50": 0.052058712 }, "geometry": { "type": "Point", "coordinates": [ -75.12, 44.64 ] } },
{ "type": "Feature", "properties": { "latitude": 42.12, "longitude": -78.36, "frac_class_11": 0.0022719287972830541, "frac_class_21": 0.081847991568099313, "frac_class_22": 0.045965569738845295, "frac_class_23": 0.012267244408010306, "frac_class_24": 0.003056564000468439, "frac_developed": 0.14313736971542335, "hybrid_seasonal_score": 0.57209776199257789, "jackpot_zone": false, "hybrid_screening_score": 0.6138659320477502, "summer_ghi": 387.79992018273822, "winter_wind": 4.9840159847579875, "solar_cf_p50": 0.027737081, "wind_cf_p50": 0.047602985 }, "geometry": { "type": "Point", "coordinates": [ -78.36, 42.12 ] } },
{ "type": "Feature", "properties": { "latitude": 42.57, "longitude": -74.76, "frac_class_11": 0.002652675220031504, "frac_class_21": 0.061556119013181393, "frac_class_22": 0.019365114685748752, "frac_class_23": 0.0041107682217706755, "frac_class_24": 0.00029278975938537571, "frac_developed": 0.085324791680086193, "hybrid_seasonal_score": 0.29392514341174497, "jackpot_zone": false, "hybrid_screening_score": 0.67952249770431594, "summer_ghi": 380.45200764070887, "winter_wind": 5.0599757680630191, "solar_cf_p50": 0.055476878, "wind_cf_p50": 0.019441575 }, "geometry": { "type": "Point", "coordinates": [ -74.76, 42.57 ] } },
{ "type": "Feature", "properties": { "latitude": 42.3, "longitude": -77.28, "frac_class_11": 0.0067459550621014356, "frac_class_21": 0.052983855383588359, "frac_class_22": 0.056760887514712859, "frac_class_23": 0.019845522313768894, "frac_class_24": 0.0037828879948936869, "frac_developed": 0.1333731532069638, "hybrid_seasonal_score": 0.33280694919813375, "jackpot_zone": false, "hybrid_screening_score": 0.54683195592286504, "summer_ghi": 384.85557062588589, "winter_wind": 4.6716936215321709, "solar_cf_p50": 0.050039392, "wind_cf_p50": 0.031534139 }, "geometry": { "type": "Point", "coordinates": [ -77.28, 42.3 ] } },
{ "type": "Feature", "properties": { "latitude": 42.3, "longitude": -77.55, "frac_class_11": 0.0008023097149750816, "frac_class_21": 0.046282143631007806, "frac_class_22": 0.026089706424919621, "frac_class_23": 0.0039705546478328857, "frac_class_24": 0.00033966396692375713, "frac_developed": 0.07668206867068407, "hybrid_seasonal_score": 0.57190044699436138, "jackpot_zone": false, "hybrid_screening_score": 0.70936639118457301, "summer_ghi": 385.42910470783545, "winter_wind": 5.1773661839596361, "solar_cf_p50": 0.037551958, "wind_cf_p50": 0.028500253 }, "geometry": { "type": "Point", "coordinates": [ -77.55, 42.3 ] } },
{ "type": "Feature", "properties": { "latitude": 42.12, "longitude": -76.47, "frac_class_11": 0.0025179919307142312, "frac_class_21": 0.056537702537316055, "frac_class_22": 0.0084733356366127732, "frac_class_23": 0.00056801213320762896, "frac_class_24": 5.8557951877075151e-06, "frac_developed": 0.065584906102324161, "hybrid_seasonal_score": 0.14998975479816953, "jackpot_zone": false, "hybrid_screening_score": 0.37419651056014691, "summer_ghi": 381.88293747453037, "winter_wind": 4.3226225526758943, "solar_cf_p50": 0.028119413, "wind_cf_p50": 0.028587094 }, "geometry": { "type": "Point", "coordinates": [ -76.47, 42.12 ] } },
{ "type": "Feature", "properties": { "latitude": 42.21, "longitude": -75.48, "frac_class_11": 0.0093519239665743378, "frac_class_21": 0.058307518431547078, "frac_class_22": 0.022978678550305387, "frac_class_23": 0.003173915334930051, "frac_class_24": 0.00024009322644304813, "frac_developed": 0.084700205543225562, "hybrid_seasonal_score": 0.22425798177112977, "jackpot_zone": false, "hybrid_screening_score": 0.4559228650137741, "summer_ghi": 380.52255533945271, "winter_wind": 4.7395398609389972, "solar_cf_p50": 0.023937443, "wind_cf_p50": 0.029267512 }, "geometry": { "type": "Point", "coordinates": [ -75.48, 42.21 ] } },
{ "type": "Feature", "properties": { "latitude": 42.75, "longitude": -74.4, "frac_class_11": 0.0065760579957955386, "frac_class_21": 0.05373863243759186, "frac_class_22": 0.024524070246119072, "frac_class_23": 0.0034549191607474339, "frac_class_24": 0.00028107816900996068, "frac_developed": 0.081998700013468331, "hybrid_seasonal_score": 0.099477115254726065, "jackpot_zone": false, "hybrid_screening_score": 0.63498622589531672, "summer_ghi": 379.42683058641114, "winter_wind": 4.3742751357510832, "solar_cf_p50": 0.029605702, "wind_cf_p50": 0.021887543 }, "geometry": { "type": "Point", "coordinates": [ -74.4, 42.75 ] } },
{ "type": "Feature", "properties": { "latitude": 42.48, "longitude": -74.49, "frac_class_11": 0.01850962664543027, "frac_class_21": 0.035859839790134448, "frac_class_22": 0.0068335129057947256, "frac_class_23": 0.0013292265892162834, "frac_class_24": 8.1978732374572534e-05, "frac_developed": 0.044104558017520029, "hybrid_seasonal_score": 0.42011230090368584, "jackpot_zone": false, "hybrid_screening_score": 0.7658402203856749, "summer_ghi": 382.21615399531481, "winter_wind": 5.1067320212864296, "solar_cf_p50": 0.060564574, "wind_cf_p50": 0.017699042 }, "geometry": { "type": "Point", "coordinates": [ -74.49, 42.48 ] } },
{ "type": "Feature", "properties": { "latitude": 44.73, "longitude": -73.77, "frac_class_11": 0.049113417033636281, "frac_class_21": 0.023839361004403637, "frac_class_22": 0.014481635903682189, "frac_class_23": 0.0033202942003185609, "frac_class_24": 0.00058558980605265623, "frac_developed": 0.042226880914457046, "hybrid_seasonal_score": 0.0047197494605458546, "jackpot_zone": false, "hybrid_screening_score": 0.25390266299357211, "summer_ghi": 350.0322266692317, "winter_wind": 4.0294178864527002, "solar_cf_p50": 0.05895542, "wind_cf_p50": 0.054272205 }, "geometry": { "type": "Point", "coordinates": [ -73.77, 44.73 ] } },
{ "type": "Feature", "properties": { "latitude": 44.64, "longitude": -74.76, "frac_class_11": 0.0065882325382556704, "frac_class_21": 0.034042129551004635, "frac_class_22": 0.013475131618245598, "frac_class_23": 0.0011361040999303112, "frac_class_24": 0.00010541172061209072, "frac_developed": 0.048758776989792633, "hybrid_seasonal_score": 0.0071960948494882871, "jackpot_zone": false, "hybrid_screening_score": 0.30808080808080807, "summer_ghi": 351.96049755487718, "winter_wind": 4.1144365598179613, "solar_cf_p50": 0.033942245, "wind_cf_p50": 0.055918299 }, "geometry": { "type": "Point", "coordinates": [ -74.76, 44.64 ] } },
{ "type": "Feature", "properties": { "latitude": 42.21, "longitude": -78.0, "frac_class_11": 0.0020260458144001499, "frac_class_21": 0.051681735138426943, "frac_class_22": 0.021314470417388862, "frac_class_23": 0.003484096125919333, "frac_class_24": 0.00032791492949829014, "frac_developed": 0.076808216611233437, "hybrid_seasonal_score": 0.59062682084219775, "jackpot_zone": true, "hybrid_screening_score": 0.66345270890725438, "summer_ghi": 386.71574623589345, "winter_wind": 5.0876487424701544, "solar_cf_p50": 0.032562152, "wind_cf_p50": 0.031239208 }, "geometry": { "type": "Point", "coordinates": [ -78.0, 42.21 ] } },
{ "type": "Feature", "properties": { "latitude": 42.21, "longitude": -73.59, "frac_class_11": 0.0078994214508233199, "frac_class_21": 0.060437308223830602, "frac_class_22": 0.018972665308130139, "frac_class_23": 0.0039233598013725902, "frac_class_24": 0.00066170098142552644, "frac_developed": 0.083995034314758868, "hybrid_seasonal_score": 0.16042531500833529, "jackpot_zone": false, "hybrid_screening_score": 0.62580348943985309, "summer_ghi": 379.86520286515213, "winter_wind": 4.6173668557568526, "solar_cf_p50": 0.030956153, "wind_cf_p50": 0.029153651 }, "geometry": { "type": "Point", "coordinates": [ -73.59, 42.21 ] } },
{ "type": "Feature", "properties": { "latitude": 42.75, "longitude": -78.09, "frac_class_11": 0.0050712077204160032, "frac_class_21": 0.059917548955307785, "frac_class_22": 0.034420968799775131, "frac_class_23": 0.0074545582310503134, "frac_class_24": 0.0017040663356132297, "frac_developed": 0.10349714232174648, "hybrid_seasonal_score": 0.80533294376269582, "jackpot_zone": true, "hybrid_screening_score": 0.73737373737373735, "summer_ghi": 388.29908420113213, "winter_wind": 5.7607970555317483, "solar_cf_p50": 0.038724773, "wind_cf_p50": 0.02270489 }, "geometry": { "type": "Point", "coordinates": [ -78.09, 42.75 ] } },
{ "type": "Feature", "properties": { "latitude": 41.67, "longitude": -73.68, "frac_class_11": 0.0060907046476761616, "frac_class_21": 0.10449657983508245, "frac_class_22": 0.03578874625187406, "frac_class_23": 0.0058271645427286356, "frac_class_24": 0.00079647676161919041, "frac_developed": 0.14690896739130435, "hybrid_seasonal_score": 0.071208790467493191, "jackpot_zone": false, "hybrid_screening_score": 0.53305785123966942, "summer_ghi": 380.27865838980068, "winter_wind": 4.0034350490291484, "solar_cf_p50": 0.037695881, "wind_cf_p50": 0.049548984 }, "geometry": { "type": "Point", "coordinates": [ -73.68, 41.67 ] } },
{ "type": "Feature", "properties": { "latitude": 42.03, "longitude": -77.46, "frac_class_11": 0.0015342452918579593, "frac_class_21": 0.050653518223554767, "frac_class_22": 0.014891548767919049, "frac_class_23": 0.0012121708985289984, "frac_class_24": 3.5135388363159375e-05, "frac_developed": 0.066792373278365971, "hybrid_seasonal_score": 0.51518861711699171, "jackpot_zone": false, "hybrid_screening_score": 0.7346189164370982, "summer_ghi": 386.91593444575767, "winter_wind": 4.9049378937010149, "solar_cf_p50": 0.031088902, "wind_cf_p50": 0.054078288 }, "geometry": { "type": "Point", "coordinates": [ -77.46, 42.03 ] } },
{ "type": "Feature", "properties": { "latitude": 43.02, "longitude": -78.09, "frac_class_11": 0.0030391399058393646, "frac_class_21": 0.052590588621085427, "frac_class_22": 0.077588831892816151, "frac_class_23": 0.015699294966387934, "frac_class_24": 0.0039877731712458717, "frac_developed": 0.1498664886515354, "hybrid_seasonal_score": 0.69040770843926358, "jackpot_zone": true, "hybrid_screening_score": 0.70982552800734622, "summer_ghi": 389.06273440967584, "winter_wind": 5.1568968289206971, "solar_cf_p50": 0.038825169, "wind_cf_p50": 0.022880368 }, "geometry": { "type": "Point", "coordinates": [ -78.09, 43.02 ] } },
{ "type": "Feature", "properties": { "latitude": 42.84, "longitude": -78.09, "frac_class_11": 0.001136070834602141, "frac_class_21": 0.046877562015413085, "frac_class_22": 0.029596402051954743, "frac_class_23": 0.0042983298587524303, "frac_class_24": 0.00065001991051978169, "frac_developed": 0.081422313836640045, "hybrid_seasonal_score": 0.80489994696105382, "jackpot_zone": true, "hybrid_screening_score": 0.73507805325987152, "summer_ghi": 388.66238531374444, "winter_wind": 5.6403131337152388, "solar_cf_p50": 0.032118168, "wind_cf_p50": 0.022032985 }, "geometry": { "type": "Point", "coordinates": [ -78.09, 42.84 ] } },
{ "type": "Feature", "properties": { "latitude": 41.94, "longitude": -74.94, "frac_class_11": 0.011278855951558309, "frac_class_21": 0.040606223867136713, "frac_class_22": 0.015957882901348076, "frac_class_23": 0.0039177334535786647, "frac_class_24": 0.00022838804886333026, "frac_developed": 0.060710228270926793, "hybrid_seasonal_score": 0.46948827114116376, "jackpot_zone": false, "hybrid_screening_score": 0.77456382001836555, "summer_ghi": 383.01359858873843, "winter_wind": 5.1558005979786827, "solar_cf_p50": 0.050227992, "wind_cf_p50": 0.091531135 }, "geometry": { "type": "Point", "coordinates": [ -74.94, 41.94 ] } },
{ "type": "Feature", "properties": { "latitude": 42.03, "longitude": -77.55, "frac_class_11": 0.00089006002049480315, "frac_class_21": 0.053145952276387062, "frac_class_22": 0.015564339042599911, "frac_class_23": 0.0012472551602986386, "frac_class_24": 2.3422632118284291e-05, "frac_developed": 0.06998096911140389, "hybrid_seasonal_score": 0.7005382314673575, "jackpot_zone": true, "hybrid_screening_score": 0.83792470156106513, "summer_ghi": 387.98442132707044, "winter_wind": 5.2637609659872782, "solar_cf_p50": 0.061433941, "wind_cf_p50": 0.078534633 }, "geometry": { "type": "Point", "coordinates": [ -77.55, 42.03 ] } },
{ "type": "Feature", "properties": { "latitude": 42.66, "longitude": -78.36, "frac_class_11": 0.0065057884535430488, "frac_class_21": 0.040205889758799795, "frac_class_22": 0.022767331689806818, "frac_class_23": 0.002752223738222532, "frac_class_24": 0.00022252021713288557, "frac_developed": 0.065947965403962042, "hybrid_seasonal_score": 0.80754261877477507, "jackpot_zone": true, "hybrid_screening_score": 0.70661157024793386, "summer_ghi": 388.53994645815726, "winter_wind": 5.6875592858369286, "solar_cf_p50": 0.032141522, "wind_cf_p50": 0.016073372 }, "geometry": { "type": "Point", "coordinates": [ -78.36, 42.66 ] } },
{ "type": "Feature", "properties": { "latitude": 44.1, "longitude": -75.84, "frac_class_11": 0.016660127542206634, "frac_class_21": 0.04908442497672267, "frac_class_22": 0.049137128367893093, "frac_class_23": 0.030152195681835484, "frac_class_24": 0.0058969238787353528, "frac_developed": 0.13427067290518663, "hybrid_seasonal_score": 0.0091353049655078199, "jackpot_zone": false, "hybrid_screening_score": 0.22359963269054178, "summer_ghi": 373.8627428422302, "winter_wind": 3.5182750399765474, "solar_cf_p50": 0.029718699, "wind_cf_p50": 0.05037364 }, "geometry": { "type": "Point", "coordinates": [ -75.84, 44.1 ] } },
{ "type": "Feature", "properties": { "latitude": 42.39, "longitude": -76.56, "frac_class_11": 0.00085501118542030241, "frac_class_21": 0.0806638634793099, "frac_class_22": 0.042170791412408204, "frac_class_23": 0.01609295025708898, "frac_class_24": 0.0070040642312512447, "frac_developed": 0.14593166938005833, "hybrid_seasonal_score": 0.23677799785989118, "jackpot_zone": false, "hybrid_screening_score": 0.31221303948576673, "summer_ghi": 382.62621874326783, "winter_wind": 4.5630303063862909, "solar_cf_p50": 0.020436171, "wind_cf_p50": 0.045855954 }, "geometry": { "type": "Point", "coordinates": [ -76.56, 42.39 ] } },
{ "type": "Feature", "properties": { "latitude": 42.39, "longitude": -76.92, "frac_class_11": 0.088033962816571512, "frac_class_21": 0.064195578978187673, "frac_class_22": 0.041270677792416922, "frac_class_23": 0.0122266139657444, "frac_class_24": 0.0033962816571512225, "frac_developed": 0.12108915239350021, "hybrid_seasonal_score": 0.30275119506274029, "jackpot_zone": false, "hybrid_screening_score": 0.41505968778696051, "summer_ghi": 382.08560225180508, "winter_wind": 4.7656619933450965, "solar_cf_p50": 0.028847793, "wind_cf_p50": 0.045830816 }, "geometry": { "type": "Point", "coordinates": [ -76.92, 42.39 ] } },
{ "type": "Feature", "properties": { "latitude": 42.12, "longitude": -73.86, "frac_class_11": 0.10610887285674131, "frac_class_21": 0.071430244542303012, "frac_class_22": 0.032980417876885597, "frac_class_23": 0.0059964396139792001, "frac_class_24": 0.0016045160685842781, "frac_developed": 0.11201161810175209, "hybrid_seasonal_score": 0.032388329408114029, "jackpot_zone": false, "hybrid_screening_score": 0.4494949494949495, "summer_ghi": 377.75858795578228, "winter_wind": 3.848405168784284, "solar_cf_p50": 0.034282696, "wind_cf_p50": 0.028922068 }, "geometry": { "type": "Point", "coordinates": [ -73.86, 42.12 ] } },
{ "type": "Feature", "properties": { "latitude": 43.02, "longitude": -75.12, "frac_class_11": 0.0085081714750815385, "frac_class_21": 0.077164957810477997, "frac_class_22": 0.050287802221610639, "frac_class_23": 0.018597352102449394, "frac_class_24": 0.0034372310088595067, "frac_developed": 0.14948734314339754, "hybrid_seasonal_score": 0.048534430202349058, "jackpot_zone": false, "hybrid_screening_score": 0.21120293847566574, "summer_ghi": 375.46376839507752, "winter_wind": 4.3101092172896793, "solar_cf_p50": 0.028506538, "wind_cf_p50": 0.019795856 }, "geometry": { "type": "Point", "coordinates": [ -75.12, 43.02 ] } },
{ "type": "Feature", "properties": { "latitude": 43.02, "longitude": -77.01, "frac_class_11": 0.0067224922410259414, "frac_class_21": 0.058979914504889618, "frac_class_22": 0.067482578907302221, "frac_class_23": 0.014914797681091527, "frac_class_24": 0.0041927739064238452, "frac_developed": 0.1455700649997072, "hybrid_seasonal_score": 0.37138224215609639, "jackpot_zone": false, "hybrid_screening_score": 0.46005509641873277, "summer_ghi": 386.30950218062179, "winter_wind": 4.670748576403847, "solar_cf_p50": 0.028319903, "wind_cf_p50": 0.017545007 }, "geometry": { "type": "Point", "coordinates": [ -77.01, 43.02 ] } },
{ "type": "Feature", "properties": { "latitude": 42.21, "longitude": -77.1, "frac_class_11": 0.0057152561032025343, "frac_class_21": 0.062469623062463765, "frac_class_22": 0.050037769878960713, "frac_class_23": 0.024664609330624053, "frac_class_24": 0.0059787668866493728, "frac_developed": 0.1431507691586979, "hybrid_seasonal_score": 0.3202776576180032, "jackpot_zone": false, "hybrid_screening_score": 0.51515151515151514, "summer_ghi": 383.64425933480334, "winter_wind": 4.6982701810322531, "solar_cf_p50": 0.037058577, "wind_cf_p50": 0.043416031 }, "geometry": { "type": "Point", "coordinates": [ -77.1, 42.21 ] } },
{ "type": "Feature", "properties": { "latitude": 43.74, "longitude": -73.5, "frac_class_11": 0.19082865357701248, "frac_class_21": 0.028242500190313345, "frac_class_22": 0.0098026011442223799, "frac_class_23": 0.00086665768778071222, "frac_class_24": 1.7567385563122543e-05, "frac_developed": 0.038929326407879557, "hybrid_seasonal_score": 0.0029717409507041361, "jackpot_zone": false, "hybrid_screening_score": 0.040863177226813589, "summer_ghi": 356.86202761221233, "winter_wind": 3.4487664924792774, "solar_cf_p50": 0.021854477, "wind_cf_p50": 0.015278476 }, "geometry": { "type": "Point", "coordinates": [ -73.5, 43.74 ] } },
{ "type": "Feature", "properties": { "latitude": 41.76, "longitude": -75.03, "frac_class_11": 0.017773066922770607, "frac_class_21": 0.075818088121618138, "frac_class_22": 0.01634419432667307, "frac_class_23": 0.003384788362886791, "frac_class_24": 0.00031622590241502894, "frac_developed": 0.095863296713593033, "hybrid_seasonal_score": 0.15308355278302685, "jackpot_zone": false, "hybrid_screening_score": 0.58953168044077131, "summer_ghi": 383.83465815937001, "winter_wind": 4.1754166720822861, "solar_cf_p50": 0.025259543, "wind_cf_p50": 0.049947664 }, "geometry": { "type": "Point", "coordinates": [ -75.03, 41.76 ] } },
{ "type": "Feature", "properties": { "latitude": 41.76, "longitude": -73.68, "frac_class_11": 0.0058440835973320995, "frac_class_21": 0.07911179298592852, "frac_class_22": 0.01639622652558104, "frac_class_23": 0.0044913949089716637, "frac_class_24": 0.00055044474764450639, "frac_developed": 0.10054985916812573, "hybrid_seasonal_score": 0.10261476101696487, "jackpot_zone": false, "hybrid_screening_score": 0.54591368227731862, "summer_ghi": 381.13401575010283, "winter_wind": 4.1236222519621952, "solar_cf_p50": 0.039711647, "wind_cf_p50": 0.049591318 }, "geometry": { "type": "Point", "coordinates": [ -73.68, 41.76 ] } },
{ "type": "Feature", "properties": { "latitude": 42.12, "longitude": -78.09, "frac_class_11": 0.00051531601168830412, "frac_class_21": 0.05421944263888645, "frac_class_22": 0.011331096393373504, "frac_class_23": 0.00075540642622490034, "frac_class_24": 5.8558637691852735e-06, "frac_developed": 0.066311801322254033, "hybrid_seasonal_score": 0.61604778058572196, "jackpot_zone": true, "hybrid_screening_score": 0.68135904499540867, "summer_ghi": 387.03399002336073, "winter_wind": 5.1280839736850723, "solar_cf_p50": 0.042156175, "wind_cf_p50": 0.06257692 }, "geometry": { "type": "Point", "coordinates": [ -78.09, 42.12 ] } },
{ "type": "Feature", "properties": { "latitude": 42.48, "longitude": -77.19, "frac_class_11": 0.13751566471077381, "frac_class_21": 0.054923111157958844, "frac_class_22": 0.029613623320801565, "frac_class_23": 0.0020671562254781397, "frac_class_24": 0.00011126336624386588, "frac_developed": 0.086715154070482414, "hybrid_seasonal_score": 0.26375091595477274, "jackpot_zone": false, "hybrid_screening_score": 0.40771349862258954, "summer_ghi": 381.70900374598193, "winter_wind": 4.7038841250521362, "solar_cf_p50": 0.029156962, "wind_cf_p50": 0.019331181 }, "geometry": { "type": "Point", "coordinates": [ -77.19, 42.48 ] } },
{ "type": "Feature", "properties": { "latitude": 42.66, "longitude": -75.66, "frac_class_11": 0.0023540572352124798, "frac_class_21": 0.037149599751711379, "frac_class_22": 0.012197764231212925, "frac_class_23": 0.00076126228999408557, "frac_class_24": 0.0, "frac_developed": 0.050108626272918386, "hybrid_seasonal_score": 0.22788027195740695, "jackpot_zone": false, "hybrid_screening_score": 0.46280991735537191, "summer_ghi": 379.278607842768, "winter_wind": 5.043691065761279, "solar_cf_p50": 0.070808999, "wind_cf_p50": 0.017960515 }, "geometry": { "type": "Point", "coordinates": [ -75.66, 42.66 ] } },
{ "type": "Feature", "properties": { "latitude": 43.11, "longitude": -76.92, "frac_class_11": 0.0057093334426402296, "frac_class_21": 0.056701000743677281, "frac_class_22": 0.03963741340844279, "frac_class_23": 0.006101667125365251, "frac_class_24": 0.0011477224151358822, "frac_developed": 0.10358780369262122, "hybrid_seasonal_score": 0.31795604428962804, "jackpot_zone": false, "hybrid_screening_score": 0.31818181818181818, "summer_ghi": 389.76431751358552, "winter_wind": 4.4545512071406108, "solar_cf_p50": 0.020389697, "wind_cf_p50": 0.015739871 }, "geometry": { "type": "Point", "coordinates": [ -76.92, 43.11 ] } },
{ "type": "Feature", "properties": { "latitude": 42.93, "longitude": -76.38, "frac_class_11": 0.10736097529555742, "frac_class_21": 0.085923913361713095, "frac_class_22": 0.044320437524519994, "frac_class_23": 0.0083089841256829, "frac_class_24": 0.0017449452216021877, "frac_developed": 0.14029828023351817, "hybrid_seasonal_score": 0.49963193163794212, "jackpot_zone": false, "hybrid_screening_score": 0.54775022956841135, "summer_ghi": 382.70938752127131, "winter_wind": 5.3427642167216547, "solar_cf_p50": 0.022796281, "wind_cf_p50": 0.021058647 }, "geometry": { "type": "Point", "coordinates": [ -76.38, 42.93 ] } },
{ "type": "Feature", "properties": { "latitude": 42.75, "longitude": -74.76, "frac_class_11": 0.0037243729760433808, "frac_class_21": 0.051842569114641586, "frac_class_22": 0.0093636358312788777, "frac_class_23": 0.0011477627410448154, "frac_class_24": 7.0271188227233596e-05, "frac_developed": 0.062424238875192516, "hybrid_seasonal_score": 0.30758562332566841, "jackpot_zone": false, "hybrid_screening_score": 0.75022956841138666, "summer_ghi": 379.79326998456031, "winter_wind": 5.4078287375011351, "solar_cf_p50": 0.055299483, "wind_cf_p50": 0.012846068 }, "geometry": { "type": "Point", "coordinates": [ -74.76, 42.75 ] } },
{ "type": "Feature", "properties": { "latitude": 44.28, "longitude": -73.32, "frac_class_11": 0.38518028332328019, "frac_class_21": 0.031482967222811097, "frac_class_22": 0.019670998307556264, "frac_class_23": 0.0025298812946901775, "frac_class_24": 0.00021082344122418144, "frac_developed": 0.053894670266281718, "hybrid_seasonal_score": 0.0012730611904165623, "jackpot_zone": false, "hybrid_screening_score": 0.25665748393021121, "summer_ghi": 345.65388240774701, "winter_wind": 4.3353316101392796, "solar_cf_p50": 0.025656521, "wind_cf_p50": 0.051747303 }, "geometry": { "type": "Point", "coordinates": [ -73.32, 44.28 ] } },
{ "type": "Feature", "properties": { "latitude": 44.91, "longitude": -73.41, "frac_class_11": 0.22225215675020352, "frac_class_21": 0.039222691413410796, "frac_class_22": 0.034712989697967121, "frac_class_23": 0.0052125123723959403, "frac_class_24": 0.00071452416790146597, "frac_developed": 0.079862717651675311, "hybrid_seasonal_score": 0.023738512093132682, "jackpot_zone": false, "hybrid_screening_score": 0.42929292929292928, "summer_ghi": 361.59451862262824, "winter_wind": 4.1927789077884619, "solar_cf_p50": 0.02733627, "wind_cf_p50": 0.027751384 }, "geometry": { "type": "Point", "coordinates": [ -73.41, 44.91 ] } },
{ "type": "Feature", "properties": { "latitude": 43.47, "longitude": -75.39, "frac_class_11": 0.0012179911344299156, "frac_class_21": 0.048204341435707052, "frac_class_22": 0.022485990174090753, "frac_class_23": 0.0077764049352063852, "frac_class_24": 0.0016396034501941173, "frac_developed": 0.080106339995198311, "hybrid_seasonal_score": 0.077559972375900246, "jackpot_zone": false, "hybrid_screening_score": 0.31359044995408636, "summer_ghi": 375.459933808887, "winter_wind": 4.6146835417011633, "solar_cf_p50": 0.046943538, "wind_cf_p50": 0.021903532 }, "geometry": { "type": "Point", "coordinates": [ -75.39, 43.47 ] } },
{ "type": "Feature", "properties": { "latitude": 41.85, "longitude": -74.76, "frac_class_11": 0.010786374735757243, "frac_class_21": 0.076359569247705997, "frac_class_22": 0.026819541959700419, "frac_class_23": 0.011998524339612697, "frac_class_24": 0.0017098921948105943, "frac_developed": 0.1168875277418297, "hybrid_seasonal_score": 0.34914319756543644, "jackpot_zone": false, "hybrid_screening_score": 0.82920110192837471, "summer_ghi": 383.39251312881328, "winter_wind": 4.7843602667833869, "solar_cf_p50": 0.045270298, "wind_cf_p50": 0.045421589 }, "geometry": { "type": "Point", "coordinates": [ -74.76, 41.85 ] } },
{ "type": "Feature", "properties": { "latitude": 43.02, "longitude": -73.68, "frac_class_11": 0.11552695375174207, "frac_class_21": 0.066819305046435643, "frac_class_22": 0.040503823767083981, "frac_class_23": 0.008209680630540948, "frac_class_24": 0.00030449600056214649, "frac_developed": 0.11583730544462273, "hybrid_seasonal_score": 0.011919849635852641, "jackpot_zone": false, "hybrid_screening_score": 0.36868686868686867, "summer_ghi": 377.6877512899581, "winter_wind": 3.4955217255329272, "solar_cf_p50": 0.025220398, "wind_cf_p50": 0.016215231 }, "geometry": { "type": "Point", "coordinates": [ -73.68, 43.02 ] } },
{ "type": "Feature", "properties": { "latitude": 42.03, "longitude": -78.09, "frac_class_11": 0.00038648927199475312, "frac_class_21": 0.040253443268059588, "frac_class_22": 0.0056275180361660265, "frac_class_23": 0.00049775133514475781, "frac_class_24": 3.5135388363159375e-05, "frac_developed": 0.046413848027733531, "hybrid_seasonal_score": 0.60906586526421236, "jackpot_zone": true, "hybrid_screening_score": 0.6831955922865014, "summer_ghi": 387.03802180730935, "winter_wind": 5.1132571106952165, "solar_cf_p50": 0.045097966, "wind_cf_p50": 0.086574085 }, "geometry": { "type": "Point", "coordinates": [ -78.09, 42.03 ] } },
{ "type": "Feature", "properties": { "latitude": 42.03, "longitude": -76.92, "frac_class_11": 0.0019910752977828792, "frac_class_21": 0.064194610042046824, "frac_class_22": 0.018792237148780172, "frac_class_23": 0.0020847729588550144, "frac_class_24": 0.00015811480305922862, "frac_developed": 0.085229734952741235, "hybrid_seasonal_score": 0.4376412931384131, "jackpot_zone": false, "hybrid_screening_score": 0.69696969696969702, "summer_ghi": 383.7973907054328, "winter_wind": 4.9912566312712618, "solar_cf_p50": 0.036599658, "wind_cf_p50": 0.050266732 }, "geometry": { "type": "Point", "coordinates": [ -76.92, 42.03 ] } },
{ "type": "Feature", "properties": { "latitude": 42.3, "longitude": -79.44, "frac_class_11": 0.021783430538964234, "frac_class_21": 0.05297706884032511, "frac_class_22": 0.013960133979809336, "frac_class_23": 0.0017508725083737382, "frac_class_24": 0.00031035532757126461, "frac_developed": 0.06899843065607944, "hybrid_seasonal_score": 0.96441499897547978, "jackpot_zone": true, "hybrid_screening_score": 0.9742883379247016, "summer_ghi": 412.67801560859175, "winter_wind": 5.6599469028239309, "solar_cf_p50": 0.022123268, "wind_cf_p50": 0.030655898 }, "geometry": { "type": "Point", "coordinates": [ -79.44, 42.3 ] } },
{ "type": "Feature", "properties": { "latitude": 44.01, "longitude": -76.11, "frac_class_11": 0.27796354096517478, "frac_class_21": 0.040856840021784066, "frac_class_22": 0.03601983989880949, "frac_class_23": 0.0058149408258035802, "frac_class_24": 0.00051532204699971306, "frac_developed": 0.08320694279339684, "hybrid_seasonal_score": 0.26746806912096166, "jackpot_zone": false, "hybrid_screening_score": 0.84067952249770439, "summer_ghi": 386.42831222175641, "winter_wind": 4.4424433474239677, "solar_cf_p50": 0.02351271, "wind_cf_p50": 0.029156344 }, "geometry": { "type": "Point", "coordinates": [ -76.11, 44.01 ] } },
{ "type": "Feature", "properties": { "latitude": 43.02, "longitude": -74.04, "frac_class_11": 0.016554720759865783, "frac_class_21": 0.06129989986355678, "frac_class_22": 0.021907042929840075, "frac_class_23": 0.001920745811544385, "frac_class_24": 5.8559323522694663e-05, "frac_developed": 0.085186247928463937, "hybrid_seasonal_score": 0.033711984187816894, "jackpot_zone": false, "hybrid_screening_score": 0.45224977043158865, "summer_ghi": 375.98848343505125, "winter_wind": 3.97880856911245, "solar_cf_p50": 0.023847153, "wind_cf_p50": 0.016911507 }, "geometry": { "type": "Point", "coordinates": [ -74.04, 43.02 ] } },
{ "type": "Feature", "properties": { "latitude": 43.56, "longitude": -73.41, "frac_class_11": 0.0466603422226907, "frac_class_21": 0.035662836864481219, "frac_class_22": 0.018364311396882282, "frac_class_23": 0.0088015178665542329, "frac_class_24": 0.0014229998945926004, "frac_developed": 0.06425166602251034, "hybrid_seasonal_score": 0.0015053700878894967, "jackpot_zone": false, "hybrid_screening_score": 0.038108356290174478, "summer_ghi": 360.57699285308803, "winter_wind": 3.1266015648521104, "solar_cf_p50": 0.021789689, "wind_cf_p50": 0.014510159 }, "geometry": { "type": "Point", "coordinates": [ -73.41, 43.56 ] } },
{ "type": "Feature", "properties": { "latitude": 44.91, "longitude": -74.13, "frac_class_11": 0.00064998945963038433, "frac_class_21": 0.052227531445436022, "frac_class_22": 0.016577659101023587, "frac_class_23": 0.0037769657789333147, "frac_class_24": 0.00071440282950366567, "frac_developed": 0.073296559154896593, "hybrid_seasonal_score": 0.0087079999426605999, "jackpot_zone": false, "hybrid_screening_score": 0.4366391184573003, "summer_ghi": 349.5128018462392, "winter_wind": 4.5359662228093391, "solar_cf_p50": 0.030298593, "wind_cf_p50": 0.034738231 }, "geometry": { "type": "Point", "coordinates": [ -74.13, 44.91 ] } },
{ "type": "Feature", "properties": { "latitude": 42.66, "longitude": -74.4, "frac_class_11": 0.0064884490381518457, "frac_class_21": 0.056522121043539368, "frac_class_22": 0.033338213334114131, "frac_class_23": 0.014675138348022136, "frac_class_24": 0.0024712323953971832, "frac_developed": 0.10700670512107283, "hybrid_seasonal_score": 0.22016706846408826, "jackpot_zone": false, "hybrid_screening_score": 0.60422405876951335, "summer_ghi": 381.55541181882188, "winter_wind": 4.6106105222943166, "solar_cf_p50": 0.04369612, "wind_cf_p50": 0.020550726 }, "geometry": { "type": "Point", "coordinates": [ -74.4, 42.66 ] } },
{ "type": "Feature", "properties": { "latitude": 42.03, "longitude": -78.0, "frac_class_11": 0.0043449745859977049, "frac_class_21": 0.04391235097088516, "frac_class_22": 0.003308504907127632, "frac_class_23": 0.00011125945705384957, "frac_class_24": 0.0, "frac_developed": 0.047332115335066642, "hybrid_seasonal_score": 0.68274024998292471, "jackpot_zone": true, "hybrid_screening_score": 0.76629935720844811, "summer_ghi": 387.02850807710246, "winter_wind": 5.3171324180402895, "solar_cf_p50": 0.048771698, "wind_cf_p50": 0.063920781 }, "geometry": { "type": "Point", "coordinates": [ -78.0, 42.03 ] } },
{ "type": "Feature", "properties": { "latitude": 43.92, "longitude": -76.11, "frac_class_11": 0.32356351455810356, "frac_class_21": 0.034790705300883087, "frac_class_22": 0.027230563819071935, "frac_class_23": 0.0041402169075449155, "frac_class_24": 0.00046262678316272748, "frac_developed": 0.066624112810662661, "hybrid_seasonal_score": 0.60809868448235593, "jackpot_zone": false, "hybrid_screening_score": 0.8604224058769514, "summer_ghi": 394.56241958490119, "winter_wind": 4.8853636177709268, "solar_cf_p50": 0.026446138, "wind_cf_p50": 0.032109108 }, "geometry": { "type": "Point", "coordinates": [ -76.11, 43.92 ] } },
{ "type": "Feature", "properties": { "latitude": 42.75, "longitude": -75.48, "frac_class_11": 0.0030156109100703838, "frac_class_21": 0.05711508508121655, "frac_class_22": 0.021015587487849725, "frac_class_23": 0.0024476220590474184, "frac_class_24": 0.00028692220309407536, "frac_developed": 0.080865216831207773, "hybrid_seasonal_score": 0.12468284143716149, "jackpot_zone": false, "hybrid_screening_score": 0.33149678604224059, "summer_ghi": 378.85889154408471, "winter_wind": 4.5797583811555924, "solar_cf_p50": 0.036119912, "wind_cf_p50": 0.018724849 }, "geometry": { "type": "Point", "coordinates": [ -75.48, 42.75 ] } },
{ "type": "Feature", "properties": { "latitude": 43.29, "longitude": -76.74, "frac_class_11": 0.1713487587624519, "frac_class_21": 0.073677799445996353, "frac_class_22": 0.021305129511528079, "frac_class_23": 0.0038709979678724737, "frac_class_24": 0.00069104048443109211, "frac_developed": 0.099544967409828003, "hybrid_seasonal_score": 0.77620115505164333, "jackpot_zone": true, "hybrid_screening_score": 0.62993572084481175, "summer_ghi": 396.92561075940836, "winter_wind": 5.168505273729326, "solar_cf_p50": 0.026911324, "wind_cf_p50": 0.018246541 }, "geometry": { "type": "Point", "coordinates": [ -76.74, 43.29 ] } },
{ "type": "Feature", "properties": { "latitude": 41.94, "longitude": -75.3, "frac_class_11": 0.023915627726668501, "frac_class_21": 0.043093806180351003, "frac_class_22": 0.016408322451059044, "frac_class_23": 0.0067226103404053475, "frac_class_24": 0.00074370340873822227, "frac_developed": 0.066968442380553619, "hybrid_seasonal_score": 0.41599988532119764, "jackpot_zone": false, "hybrid_screening_score": 0.69880624426078963, "summer_ghi": 382.93896326518654, "winter_wind": 5.0269153774951212, "solar_cf_p50": 0.030880544, "wind_cf_p50": 0.047714159 }, "geometry": { "type": "Point", "coordinates": [ -75.3, 41.94 ] } },
{ "type": "Feature", "properties": { "latitude": 42.93, "longitude": -76.65, "frac_class_11": 0.018686061287470208, "frac_class_21": 0.074094244271501269, "frac_class_22": 0.058734313604928298, "frac_class_23": 0.029004093248774662, "frac_class_24": 0.012601818831286709, "frac_developed": 0.17443446995649095, "hybrid_seasonal_score": 0.46772761423400039, "jackpot_zone": false, "hybrid_screening_score": 0.46372819100091828, "summer_ghi": 387.51122357763546, "winter_wind": 4.7842516772382222, "solar_cf_p50": 0.037676297, "wind_cf_p50": 0.015684852 }, "geometry": { "type": "Point", "coordinates": [ -76.65, 42.93 ] } },
{ "type": "Feature", "properties": { "latitude": 42.75, "longitude": -75.03, "frac_class_11": 0.023113364994407585, "frac_class_21": 0.05827238283743346, "frac_class_22": 0.0090474154842563256, "frac_class_23": 0.0010599237557607733, "frac_class_24": 5.27033911704252e-05, "frac_developed": 0.068432425468620994, "hybrid_seasonal_score": 0.17802640310779555, "jackpot_zone": false, "hybrid_screening_score": 0.49403122130394861, "summer_ghi": 378.41254982075975, "winter_wind": 4.9879089023918652, "solar_cf_p50": 0.031659741, "wind_cf_p50": 0.013935554 }, "geometry": { "type": "Point", "coordinates": [ -75.03, 42.75 ] } },
{ "type": "Feature", "properties": { "latitude": 41.94, "longitude": -73.68, "frac_class_11": 0.0090238860683145069, "frac_class_21": 0.064882970562572834, "frac_class_22": 0.015623444536186311, "frac_class_23": 0.0032851395745129384, "frac_class_24": 0.00041576632761215445, "frac_developed": 0.084207321000884239, "hybrid_seasonal_score": 0.21760070864754061, "jackpot_zone": false, "hybrid_screening_score": 0.63957759412304871, "summer_ghi": 382.28973937142473, "winter_wind": 4.5165620922413314, "solar_cf_p50": 0.032086398, "wind_cf_p50": 0.049789663 }, "geometry": { "type": "Point", "coordinates": [ -73.68, 41.94 ] } },
{ "type": "Feature", "properties": { "latitude": 42.03, "longitude": -76.38, "frac_class_11": 0.019176830874990485, "frac_class_21": 0.065950731647333685, "frac_class_22": 0.033007571188495073, "frac_class_23": 0.0084553721476293923, "frac_class_24": 0.0027755168961054932, "frac_developed": 0.11018919187956365, "hybrid_seasonal_score": 0.16788723700819869, "jackpot_zone": false, "hybrid_screening_score": 0.45730027548209368, "summer_ghi": 381.30843914563013, "winter_wind": 4.4489191509264554, "solar_cf_p50": 0.04977436, "wind_cf_p50": 0.049453374 }, "geometry": { "type": "Point", "coordinates": [ -76.38, 42.03 ] } },
{ "type": "Feature", "properties": { "latitude": 42.57, "longitude": -78.27, "frac_class_11": 0.004063945657902442, "frac_class_21": 0.041687650055630382, "frac_class_22": 0.015213444984482053, "frac_class_23": 0.0017801721613866603, "frac_class_24": 0.00033378228025999883, "frac_developed": 0.059015049481759091, "hybrid_seasonal_score": 0.81778107479334627, "jackpot_zone": true, "hybrid_screening_score": 0.72681359044995408, "summer_ghi": 388.74368077737421, "winter_wind": 5.7372212668479179, "solar_cf_p50": 0.031240491, "wind_cf_p50": 0.016474333 }, "geometry": { "type": "Point", "coordinates": [ -78.27, 42.57 ] } },
{ "type": "Feature", "properties": { "latitude": 42.21, "longitude": -75.57, "frac_class_11": 0.012367367015670016, "frac_class_21": 0.069595718267631695, "frac_class_22": 0.031855339282786402, "frac_class_23": 0.0062480968777082896, "frac_class_24": 0.00047431663270325347, "frac_developed": 0.10817347106082964, "hybrid_seasonal_score": 0.22425798177112977, "jackpot_zone": false, "hybrid_screening_score": 0.4559228650137741, "summer_ghi": 380.52255533945271, "winter_wind": 4.7395398609389972, "solar_cf_p50": 0.022203458, "wind_cf_p50": 0.029162006 }, "geometry": { "type": "Point", "coordinates": [ -75.57, 42.21 ] } },
{ "type": "Feature", "properties": { "latitude": 43.02, "longitude": -73.32, "frac_class_11": 0.00030451383195521302, "frac_class_21": 0.044523435852990088, "frac_class_22": 0.01986952753507765, "frac_class_23": 0.003917687568808414, "frac_class_24": 0.00067930008666932144, "frac_developed": 0.06898995104354548, "hybrid_seasonal_score": 0.024770621314573232, "jackpot_zone": false, "hybrid_screening_score": 0.37327823691460055, "summer_ghi": 382.1869918462159, "winter_wind": 3.4149812462103855, "solar_cf_p50": 0.027669583, "wind_cf_p50": 0.016654499 }, "geometry": { "type": "Point", "coordinates": [ -73.32, 43.02 ] } },
{ "type": "Feature", "properties": { "latitude": 42.66, "longitude": -78.45, "frac_class_11": 0.0028459164612258522, "frac_class_21": 0.044773410005211657, "frac_class_22": 0.024471368089429704, "frac_class_23": 0.0025941172681544292, "frac_class_24": 0.0001229716989418578, "frac_developed": 0.071961867061737642, "hybrid_seasonal_score": 0.74131582120562844, "jackpot_zone": true, "hybrid_screening_score": 0.60468319559228645, "summer_ghi": 388.53556937427561, "winter_wind": 5.33189465912925, "solar_cf_p50": 0.033786647, "wind_cf_p50": 0.017514994 }, "geometry": { "type": "Point", "coordinates": [ -78.45, 42.66 ] } },
{ "type": "Feature", "properties": { "latitude": 43.74, "longitude": -75.93, "frac_class_11": 0.00075539757921426942, "frac_class_21": 0.039520761721838014, "frac_class_22": 0.0034314959799966035, "frac_class_23": 0.00022837601232059308, "frac_class_24": 1.171159037541503e-05, "frac_developed": 0.043192345304530623, "hybrid_seasonal_score": 0.093290362511499497, "jackpot_zone": false, "hybrid_screening_score": 0.43985307621671255, "summer_ghi": 370.94954091267977, "winter_wind": 4.9598532695546647, "solar_cf_p50": 0.052066367, "wind_cf_p50": 0.017857028 }, "geometry": { "type": "Point", "coordinates": [ -75.93, 43.74 ] } },
{ "type": "Feature", "properties": { "latitude": 42.48, "longitude": -74.22, "frac_class_11": 0.0035490275313175327, "frac_class_21": 0.051396477912281628, "frac_class_22": 0.011221017739281176, "frac_class_23": 0.0010131712259371835, "frac_class_24": 0.0, "frac_developed": 0.063630666877499978, "hybrid_seasonal_score": 0.28320330780886754, "jackpot_zone": false, "hybrid_screening_score": 0.6841138659320477, "summer_ghi": 383.49744412625046, "winter_wind": 4.6247927717882762, "solar_cf_p50": 0.051837299, "wind_cf_p50": 0.021381991 }, "geometry": { "type": "Point", "coordinates": [ -74.22, 42.48 ] } },
{ "type": "Feature", "properties": { "latitude": 42.93, "longitude": -74.13, "frac_class_11": 0.01898737883979033, "frac_class_21": 0.07989692231104864, "frac_class_22": 0.06466953644323406, "frac_class_23": 0.042982224955342763, "frac_class_24": 0.011736800491961697, "frac_developed": 0.19928548420158715, "hybrid_seasonal_score": 0.035840498650416004, "jackpot_zone": false, "hybrid_screening_score": 0.49586776859504134, "summer_ghi": 377.77916792846702, "winter_wind": 3.9078889428713355, "solar_cf_p50": 0.028631611, "wind_cf_p50": 0.016643472 }, "geometry": { "type": "Point", "coordinates": [ -74.13, 42.93 ] } },
{ "type": "Feature", "properties": { "latitude": 42.84, "longitude": -77.46, "frac_class_11": 0.001686419637419778, "frac_class_21": 0.050522321637700845, "frac_class_22": 0.038114254930435187, "frac_class_23": 0.0043565840633344264, "frac_class_24": 0.0007026748489249075, "frac_developed": 0.093695835480395367, "hybrid_seasonal_score": 0.66115365188743602, "jackpot_zone": true, "hybrid_screening_score": 0.67722681359045001, "summer_ghi": 387.33492282303439, "winter_wind": 5.2366060036811666, "solar_cf_p50": 0.028917721, "wind_cf_p50": 0.016720396 }, "geometry": { "type": "Point", "coordinates": [ -77.46, 42.84 ] } },
{ "type": "Feature", "properties": { "latitude": 42.3, "longitude": -77.64, "frac_class_11": 0.00048026801297895022, "frac_class_21": 0.061819864353570966, "frac_class_22": 0.045414611861448538, "frac_class_23": 0.025383921564033782, "frac_class_24": 0.0057690730827349504, "frac_developed": 0.13838747086178821, "hybrid_seasonal_score": 0.57190044699436138, "jackpot_zone": false, "hybrid_screening_score": 0.70936639118457301, "summer_ghi": 385.42910470783545, "winter_wind": 5.1773661839596361, "solar_cf_p50": 0.036684599, "wind_cf_p50": 0.029177254 }, "geometry": { "type": "Point", "coordinates": [ -77.64, 42.3 ] } },
{ "type": "Feature", "properties": { "latitude": 42.75, "longitude": -74.22, "frac_class_11": 0.0090709985711274043, "frac_class_21": 0.063871776252605941, "frac_class_22": 0.03504251481576913, "frac_class_23": 0.0084034105549178981, "frac_class_24": 0.00041577850132346397, "frac_developed": 0.10773348012461643, "hybrid_seasonal_score": 0.17226105280199944, "jackpot_zone": false, "hybrid_screening_score": 0.74242424242424243, "summer_ghi": 380.18483820881187, "winter_wind": 4.6163516028800924, "solar_cf_p50": 0.027279809, "wind_cf_p50": 0.013201497 }, "geometry": { "type": "Point", "coordinates": [ -74.22, 42.75 ] } },
{ "type": "Feature", "properties": { "latitude": 43.02, "longitude": -78.36, "frac_class_11": 0.004813520018270295, "frac_class_21": 0.030298239141764605, "frac_class_22": 0.052287007595055307, "frac_class_23": 0.0087018135610093163, "frac_class_24": 0.0017040563568329146, "frac_developed": 0.092991116654662143, "hybrid_seasonal_score": 0.64367946937443554, "jackpot_zone": false, "hybrid_screening_score": 0.67493112947658407, "summer_ghi": 390.4846311754809, "winter_wind": 5.0300334343856452, "solar_cf_p50": 0.036658805, "wind_cf_p50": 0.023598846 }, "geometry": { "type": "Point", "coordinates": [ -78.36, 43.02 ] } },
{ "type": "Feature", "properties": { "latitude": 42.3, "longitude": -76.56, "frac_class_11": 0.0015928042724632249, "frac_class_21": 0.056515272182141855, "frac_class_22": 0.00991403541647147, "frac_class_23": 0.00045090415066054531, "frac_class_24": 2.9279490302632813e-05, "frac_developed": 0.066909491239576499, "hybrid_seasonal_score": 0.3883344674729598, "jackpot_zone": false, "hybrid_screening_score": 0.51652892561983466, "summer_ghi": 382.05380760504653, "winter_wind": 5.0528634288022483, "solar_cf_p50": 0.041294795, "wind_cf_p50": 0.05139073 }, "geometry": { "type": "Point", "coordinates": [ -76.56, 42.3 ] } },
{ "type": "Feature", "properties": { "latitude": 42.48, "longitude": -73.77, "frac_class_11": 0.049838380999227043, "frac_class_21": 0.074186634811327382, "frac_class_22": 0.058645445389173871, "frac_class_23": 0.025015810554423441, "frac_class_24": 0.0071850186213196542, "frac_developed": 0.16503290937624435, "hybrid_seasonal_score": 0.046278588540046087, "jackpot_zone": false, "hybrid_screening_score": 0.44123048668503212, "summer_ghi": 378.22632300727361, "winter_wind": 4.0251676919894113, "solar_cf_p50": 0.035682783, "wind_cf_p50": 0.019774601 }, "geometry": { "type": "Point", "coordinates": [ -73.77, 42.48 ] } },
{ "type": "Feature", "properties": { "latitude": 42.12, "longitude": -77.64, "frac_class_11": 0.00043331869418825942, "frac_class_21": 0.048842043624652318, "frac_class_22": 0.015464792856097203, "frac_class_23": 0.0015400380617771922, "frac_class_24": 5.2700922266139659e-05, "frac_developed": 0.065899575464792845, "hybrid_seasonal_score": 0.73284561113261337, "jackpot_zone": false, "hybrid_screening_score": 0.88062442607897151, "summer_ghi": 386.54977124278059, "winter_wind": 5.7377999037912684, "solar_cf_p50": 0.04843827, "wind_cf_p50": 0.056620196 }, "geometry": { "type": "Point", "coordinates": [ -77.64, 42.12 ] } },
{ "type": "Feature", "properties": { "latitude": 42.48, "longitude": -74.94, "frac_class_11": 0.012396791005445922, "frac_class_21": 0.050488961761433505, "frac_class_22": 0.028699420272881655, "frac_class_23": 0.0085143760613690927, "frac_class_24": 0.0012882824852140306, "frac_developed": 0.088991040580898295, "hybrid_seasonal_score": 0.11015974082590661, "jackpot_zone": false, "hybrid_screening_score": 0.38429752066115702, "summer_ghi": 378.31832103452058, "winter_wind": 4.604394293461552, "solar_cf_p50": 0.051396102, "wind_cf_p50": 0.020694673 }, "geometry": { "type": "Point", "coordinates": [ -74.94, 42.48 ] } },
{ "type": "Feature", "properties": { "latitude": 42.93, "longitude": -76.29, "frac_class_11": 0.030174559210179596, "frac_class_21": 0.075292932723556999, "frac_class_22": 0.034086184584214134, "frac_class_23": 0.0049832233432685492, "frac_class_24": 0.00074953300580302509, "frac_developed": 0.11511187365684271, "hybrid_seasonal_score": 0.52005740685931023, "jackpot_zone": false, "hybrid_screening_score": 0.54545454545454541, "summer_ghi": 383.94102565598985, "winter_wind": 5.2006572616598072, "solar_cf_p50": 0.030866724, "wind_cf_p50": 0.016080912 }, "geometry": { "type": "Point", "coordinates": [ -76.29, 42.93 ] } },
{ "type": "Feature", "properties": { "latitude": 43.2, "longitude": -77.01, "frac_class_11": 0.026333665163670434, "frac_class_21": 0.077326228260233068, "frac_class_22": 0.036112900392340573, "frac_class_23": 0.0059436669204192775, "frac_class_24": 0.0012707149967792937, "frac_developed": 0.12065351056977221, "hybrid_seasonal_score": 0.59501117696709982, "jackpot_zone": false, "hybrid_screening_score": 0.54775022956841135, "summer_ghi": 395.59466342209106, "winter_wind": 4.8389710244063027, "solar_cf_p50": 0.039253198, "wind_cf_p50": 0.008695974 }, "geometry": { "type": "Point", "coordinates": [ -77.01, 43.2 ] } },
{ "type": "Feature", "properties": { "latitude": 43.02, "longitude": -78.27, "frac_class_11": 0.01025367750398201, "frac_class_21": 0.046583669071488802, "frac_class_22": 0.072864939567132012, "frac_class_23": 0.023640260470345731, "frac_class_24": 0.0083680783284924582, "frac_developed": 0.15145694743745899, "hybrid_seasonal_score": 0.69574617533545657, "jackpot_zone": true, "hybrid_screening_score": 0.70064279155188247, "summer_ghi": 389.42608341408931, "winter_wind": 5.16100249375988, "solar_cf_p50": 0.034467366, "wind_cf_p50": 0.022724757 }, "geometry": { "type": "Point", "coordinates": [ -78.27, 43.02 ] } },
{ "type": "Feature", "properties": { "latitude": 42.03, "longitude": -77.1, "frac_class_11": 0.0079693639147670383, "frac_class_21": 0.063233769960006792, "frac_class_22": 0.025032351752850176, "frac_class_23": 0.0099192523670943149, "frac_class_24": 0.0010012940701140071, "frac_developed": 0.099186668150065299, "hybrid_seasonal_score": 0.20467952755706328, "jackpot_zone": false, "hybrid_screening_score": 0.48943985307621674, "summer_ghi": 383.76629920608218, "winter_wind": 4.4039527771858378, "solar_cf_p50": 0.042298365, "wind_cf_p50": 0.048512626 }, "geometry": { "type": "Point", "coordinates": [ -77.1, 42.03 ] } },
{ "type": "Feature", "properties": { "latitude": 42.48, "longitude": -75.12, "frac_class_11": 0.0055807035317128016, "frac_class_21": 0.078838417258603827, "frac_class_22": 0.046818179156394385, "frac_class_23": 0.026896297293973661, "frac_class_24": 0.0061311611728261314, "frac_developed": 0.15868405488179801, "hybrid_seasonal_score": 0.093183905167376249, "jackpot_zone": false, "hybrid_screening_score": 0.32506887052341599, "summer_ghi": 378.2163953215225, "winter_wind": 4.528668112307586, "solar_cf_p50": 0.041898135, "wind_cf_p50": 0.021215525 }, "geometry": { "type": "Point", "coordinates": [ -75.12, 42.48 ] } },
{ "type": "Feature", "properties": { "latitude": 42.12, "longitude": -75.12, "frac_class_11": 0.004596691553213292, "frac_class_21": 0.042248572683355294, "frac_class_22": 0.015751720099546188, "frac_class_23": 0.0039115795637534772, "frac_class_24": 0.0015576050358659054, "frac_developed": 0.063469477382520872, "hybrid_seasonal_score": 0.35527387574720409, "jackpot_zone": false, "hybrid_screening_score": 0.6524334251606978, "summer_ghi": 381.51425568150938, "winter_wind": 5.0543022862669487, "solar_cf_p50": 0.055901773, "wind_cf_p50": 0.059070449 }, "geometry": { "type": "Point", "coordinates": [ -75.12, 42.12 ] } },
{ "type": "Feature", "properties": { "latitude": 42.57, "longitude": -76.83, "frac_class_11": 0.16223133235724743, "frac_class_21": 0.043426061493411418, "frac_class_22": 0.022530014641288433, "frac_class_23": 0.0012650073206442168, "frac_class_24": 0.0001054172767203514, "frac_developed": 0.06732650073206442, "hybrid_seasonal_score": 0.19294476613534967, "jackpot_zone": false, "hybrid_screening_score": 0.3287419651056015, "summer_ghi": 380.47419756285331, "winter_wind": 4.6488974265104197, "solar_cf_p50": 0.018970052, "wind_cf_p50": 0.02382414 }, "geometry": { "type": "Point", "coordinates": [ -76.83, 42.57 ] } },
{ "type": "Feature", "properties": { "latitude": 42.48, "longitude": -74.13, "frac_class_11": 0.0061310893663369817, "frac_class_21": 0.065790629446796547, "frac_class_22": 0.015559030034725273, "frac_class_23": 0.0011009023886068313, "frac_class_24": 6.4414501461038015e-05, "frac_developed": 0.082514976371589679, "hybrid_seasonal_score": 0.259169034025032, "jackpot_zone": false, "hybrid_screening_score": 0.78879706152433426, "summer_ghi": 383.45940614310172, "winter_wind": 4.5719818277602489, "solar_cf_p50": 0.029829713, "wind_cf_p50": 0.01526845 }, "geometry": { "type": "Point", "coordinates": [ -74.13, 42.48 ] } },
{ "type": "Feature", "properties": { "latitude": 44.55, "longitude": -75.03, "frac_class_11": 0.0032034201048285554, "frac_class_21": 0.056824104711428652, "frac_class_22": 0.013973236508447775, "frac_class_23": 0.00094287136540657671, "frac_class_24": 2.9281719422564493e-05, "frac_developed": 0.071769494304705569, "hybrid_seasonal_score": 0.0056232666425503888, "jackpot_zone": false, "hybrid_screening_score": 0.14830119375573922, "summer_ghi": 354.40655853314524, "winter_wind": 3.751587596622969, "solar_cf_p50": 0.022400098, "wind_cf_p50": 0.060038056 }, "geometry": { "type": "Point", "coordinates": [ -75.03, 44.55 ] } },
{ "type": "Feature", "properties": { "latitude": 42.84, "longitude": -76.47, "frac_class_11": 0.14413032276198059, "frac_class_21": 0.057121609593853935, "frac_class_22": 0.021525272872066334, "frac_class_23": 0.0017625427460533096, "frac_class_24": 0.0001288237223028997, "frac_developed": 0.080538248934276482, "hybrid_seasonal_score": 0.65056335961670297, "jackpot_zone": false, "hybrid_screening_score": 0.59274563820018367, "summer_ghi": 385.76963959549926, "winter_wind": 5.4154962999730483, "solar_cf_p50": 0.015391507, "wind_cf_p50": 0.02123346 }, "geometry": { "type": "Point", "coordinates": [ -76.47, 42.84 ] } },
{ "type": "Feature", "properties": { "latitude": 44.37, "longitude": -75.84, "frac_class_11": 0.23741148701809597, "frac_class_21": 0.039233730470945263, "frac_class_22": 0.021931549960660896, "frac_class_23": 0.0043413510171968076, "frac_class_24": 0.0009202540182083849, "frac_developed": 0.066426885467011351, "hybrid_seasonal_score": 0.0168002337423825, "jackpot_zone": false, "hybrid_screening_score": 0.1680440771349862, "summer_ghi": 363.15415302048723, "winter_wind": 3.8764524284248703, "solar_cf_p50": 0.013629456, "wind_cf_p50": 0.049228389 }, "geometry": { "type": "Point", "coordinates": [ -75.84, 44.37 ] } },
{ "type": "Feature", "properties": { "latitude": 42.12, "longitude": -79.62, "frac_class_11": 0.00063240736403241671, "frac_class_21": 0.050141706094533188, "frac_class_22": 0.018099732983557409, "frac_class_23": 0.003484096125919333, "frac_class_24": 0.00023422494964163583, "frac_developed": 0.071959760153651575, "hybrid_seasonal_score": 0.91789419362672553, "jackpot_zone": true, "hybrid_screening_score": 0.86776859504132231, "summer_ghi": 402.81527956858031, "winter_wind": 5.4296464726538822, "solar_cf_p50": 0.0042210608, "wind_cf_p50": 0.044020474 }, "geometry": { "type": "Point", "coordinates": [ -79.62, 42.12 ] } },
{ "type": "Feature", "properties": { "latitude": 41.67, "longitude": -73.59, "frac_class_11": 0.0090122798901427093, "frac_class_21": 0.064719764357282147, "frac_class_22": 0.026626924405769265, "frac_class_23": 0.006500084911019108, "frac_class_24": 0.0013234407116128994, "frac_developed": 0.099170214385683422, "hybrid_seasonal_score": 0.11993547630913019, "jackpot_zone": false, "hybrid_screening_score": 0.62213039485766763, "summer_ghi": 380.12387506953058, "winter_wind": 4.3952885590301758, "solar_cf_p50": 0.03066577, "wind_cf_p50": 0.048699934 }, "geometry": { "type": "Point", "coordinates": [ -73.59, 41.67 ] } },
{ "type": "Feature", "properties": { "latitude": 42.03, "longitude": -77.01, "frac_class_11": 0.0045497930049128391, "frac_class_21": 0.071098567137260871, "frac_class_22": 0.012156203704245888, "frac_class_23": 0.00096617225973052577, "frac_class_24": 0.00013467855741698239, "frac_developed": 0.084355621658654276, "hybrid_seasonal_score": 0.3621742089059895, "jackpot_zone": false, "hybrid_screening_score": 0.62121212121212122, "summer_ghi": 384.5208759989406, "winter_wind": 4.7492302528050852, "solar_cf_p50": 0.049866892, "wind_cf_p50": 0.049182814 }, "geometry": { "type": "Point", "coordinates": [ -77.01, 42.03 ] } },
{ "type": "Feature", "properties": { "latitude": 41.76, "longitude": -74.31, "frac_class_11": 0.0044153988498881512, "frac_class_21": 0.056392958785706757, "frac_class_22": 0.034667322534930843, "frac_class_23": 0.0076127566377381913, "frac_class_24": 0.0013585842615040464, "frac_developed": 0.10003162221987984, "hybrid_seasonal_score": 0.0065872853250764588, "jackpot_zone": false, "hybrid_screening_score": 0.4967860422405877, "summer_ghi": 381.98654461102853, "winter_wind": 3.0345971034486667, "solar_cf_p50": 0.032560483, "wind_cf_p50": 0.050008126 }, "geometry": { "type": "Point", "coordinates": [ -74.31, 41.76 ] } },
{ "type": "Feature", "properties": { "latitude": 42.48, "longitude": -77.91, "frac_class_11": 0.0015869669606361923, "frac_class_21": 0.049740580677652461, "frac_class_22": 0.011389855123385218, "frac_class_23": 0.00042162959839780751, "frac_class_24": 1.1711933288827987e-05, "frac_developed": 0.061563777332724313, "hybrid_seasonal_score": 0.68700592197962596, "jackpot_zone": true, "hybrid_screening_score": 0.68916437098255279, "summer_ghi": 387.13282001051584, "winter_wind": 5.3167989563213531, "solar_cf_p50": 0.035144765, "wind_cf_p50": 0.02520242 }, "geometry": { "type": "Point", "coordinates": [ -77.91, 42.48 ] } },
{ "type": "Feature", "properties": { "latitude": 42.21, "longitude": -79.62, "frac_class_11": 0.0011067906584526013, "frac_class_21": 0.050250638307840059, "frac_class_22": 0.011694502354126163, "frac_class_23": 0.0027347684523670096, "frac_class_24": 0.00019324916258696212, "frac_developed": 0.064873158276920195, "hybrid_seasonal_score": 0.96535603973620498, "jackpot_zone": true, "hybrid_screening_score": 0.9623507805325987, "summer_ghi": 410.26085103815132, "winter_wind": 5.6862986235984314, "solar_cf_p50": 0.030474843, "wind_cf_p50": 0.030659437 }, "geometry": { "type": "Point", "coordinates": [ -79.62, 42.21 ] } },
{ "type": "Feature", "properties": { "latitude": 42.12, "longitude": -77.28, "frac_class_11": 0.005656698151325459, "frac_class_21": 0.052567473400050357, "frac_class_22": 0.030180768397444532, "frac_class_23": 0.00412247981214609, "frac_class_24": 0.00039233827757640348, "frac_developed": 0.087263059887217373, "hybrid_seasonal_score": 0.22733217474013867, "jackpot_zone": false, "hybrid_screening_score": 0.51606978879706156, "summer_ghi": 384.34262613816168, "winter_wind": 4.4361068723522177, "solar_cf_p50": 0.034980081, "wind_cf_p50": 0.029499542 }, "geometry": { "type": "Point", "coordinates": [ -77.28, 42.12 ] } },
{ "type": "Feature", "properties": { "latitude": 42.48, "longitude": -76.02, "frac_class_11": 0.004350932258971236, "frac_class_21": 0.060801789562447299, "frac_class_22": 0.023212779911927293, "frac_class_23": 0.0034842593460133048, "frac_class_24": 0.0002986508010868547, "frac_developed": 0.087797479621474758, "hybrid_seasonal_score": 0.15981566225743535, "jackpot_zone": false, "hybrid_screening_score": 0.30486685032139577, "summer_ghi": 381.2733246502213, "winter_wind": 4.4202262241720236, "solar_cf_p50": 0.053062316, "wind_cf_p50": 0.020492703 }, "geometry": { "type": "Point", "coordinates": [ -76.02, 42.48 ] } },
{ "type": "Feature", "properties": { "latitude": 42.66, "longitude": -76.02, "frac_class_11": 0.0014053990747789425, "frac_class_21": 0.045458804239620544, "frac_class_22": 0.010394097323885928, "frac_class_23": 0.0011594542366926276, "frac_class_24": 4.0990806347719151e-05, "frac_developed": 0.057053346606546824, "hybrid_seasonal_score": 0.35187398654716456, "jackpot_zone": false, "hybrid_screening_score": 0.43847566574839303, "summer_ghi": 382.26905262842024, "winter_wind": 4.8636506534951147, "solar_cf_p50": 0.045752883, "wind_cf_p50": 0.019101167 }, "geometry": { "type": "Point", "coordinates": [ -76.02, 42.66 ] } },
{ "type": "Feature", "properties": { "latitude": 42.39, "longitude": -74.13, "frac_class_11": 0.0034666713513576818, "frac_class_21": 0.075610912987720255, "frac_class_22": 0.020296423823996157, "frac_class_23": 0.0039644197717384304, "frac_class_24": 0.00045675737399645134, "frac_developed": 0.10032851395745129, "hybrid_seasonal_score": 0.15175378461128525, "jackpot_zone": false, "hybrid_screening_score": 0.67171717171717171, "summer_ghi": 384.68297711603583, "winter_wind": 4.1324319697394394, "solar_cf_p50": 0.02885831, "wind_cf_p50": 0.047157686 }, "geometry": { "type": "Point", "coordinates": [ -74.13, 42.39 ] } },
{ "type": "Feature", "properties": { "latitude": 42.3, "longitude": -78.72, "frac_class_11": 0.0037946441642706143, "frac_class_21": 0.054770535290776322, "frac_class_22": 0.025432314205906293, "frac_class_23": 0.0040757289171795491, "frac_class_24": 0.00066172035580644971, "frac_developed": 0.084940298769668618, "hybrid_seasonal_score": 0.79337472732163439, "jackpot_zone": true, "hybrid_screening_score": 0.68732782369146006, "summer_ghi": 391.85666557197328, "winter_wind": 5.3142924326679335, "solar_cf_p50": 0.042330544, "wind_cf_p50": 0.052955475 }, "geometry": { "type": "Point", "coordinates": [ -78.72, 42.3 ] } },
{ "type": "Feature", "properties": { "latitude": 44.19, "longitude": -75.66, "frac_class_11": 0.0041634459981730026, "frac_class_21": 0.0443691003208957, "frac_class_22": 0.026831096432670461, "frac_class_23": 0.0046084838263884013, "frac_class_24": 0.00077296043847937602, "frac_developed": 0.076581641018433941, "hybrid_seasonal_score": 0.014882315095187622, "jackpot_zone": false, "hybrid_screening_score": 0.16023875114784206, "summer_ghi": 362.73368654035539, "winter_wind": 3.8081314254252288, "solar_cf_p50": 0.023960344, "wind_cf_p50": 0.052736197 }, "geometry": { "type": "Point", "coordinates": [ -75.66, 44.19 ] } },
{ "type": "Feature", "properties": { "latitude": 42.39, "longitude": -79.08, "frac_class_11": 0.0019499912162557827, "frac_class_21": 0.03846108801311706, "frac_class_22": 0.01617380101891433, "frac_class_23": 0.0026351232652105172, "frac_class_24": 0.00035720559817298118, "frac_developed": 0.057627217895414889, "hybrid_seasonal_score": 0.86867169061008287, "jackpot_zone": true, "hybrid_screening_score": 0.80670339761248855, "summer_ghi": 396.59122752883621, "winter_wind": 5.4106687228734911, "solar_cf_p50": 0.010613847, "wind_cf_p50": 0.041177318 }, "geometry": { "type": "Point", "coordinates": [ -79.08, 42.39 ] } },
{ "type": "Feature", "properties": { "latitude": 42.66, "longitude": -78.0, "frac_class_11": 0.029073512361366485, "frac_class_21": 0.055951140103294411, "frac_class_22": 0.036826448991064215, "frac_class_23": 0.0068335929356927866, "frac_class_24": 0.0013995104641221731, "frac_developed": 0.10101069249417359, "hybrid_seasonal_score": 0.64924834790850317, "jackpot_zone": true, "hybrid_screening_score": 0.69651056014692381, "summer_ghi": 388.16106069132957, "winter_wind": 5.1193064832378035, "solar_cf_p50": 0.032093115, "wind_cf_p50": 0.019546885 }, "geometry": { "type": "Point", "coordinates": [ -78.0, 42.66 ] } },
{ "type": "Feature", "properties": { "latitude": 42.84, "longitude": -77.73, "frac_class_11": 0.042442306453596292, "frac_class_21": 0.057105045879617976, "frac_class_22": 0.066321959560352042, "frac_class_23": 0.013298355126395859, "frac_class_24": 0.0025179624413695372, "frac_developed": 0.1392433230077354, "hybrid_seasonal_score": 0.32313788186565545, "jackpot_zone": false, "hybrid_screening_score": 0.47061524334251609, "summer_ghi": 384.41738171130743, "winter_wind": 4.671743516673339, "solar_cf_p50": 0.034653075, "wind_cf_p50": 0.019120242 }, "geometry": { "type": "Point", "coordinates": [ -77.73, 42.84 ] } },
{ "type": "Feature", "properties": { "latitude": 44.91, "longitude": -74.49, "frac_class_11": 0.00086663231367405255, "frac_class_21": 0.043530706890898017, "frac_class_22": 0.012806249121656439, "frac_class_23": 0.0015166065489295919, "frac_class_24": 0.00022251370215955403, "frac_developed": 0.058076076263643604, "hybrid_seasonal_score": 0.0059320983438188547, "jackpot_zone": false, "hybrid_screening_score": 0.089531680440771338, "summer_ghi": 356.89264131587555, "winter_wind": 3.6577031463159178, "solar_cf_p50": 0.029182415, "wind_cf_p50": 0.045080759 }, "geometry": { "type": "Point", "coordinates": [ -74.49, 44.91 ] } },
{ "type": "Feature", "properties": { "latitude": 42.12, "longitude": -77.01, "frac_class_11": 0.013988921289627469, "frac_class_21": 0.088653105200904095, "frac_class_22": 0.062923795805080285, "frac_class_23": 0.033183431121104591, "frac_class_24": 0.0071964772980126247, "frac_developed": 0.19195680942510157, "hybrid_seasonal_score": 0.16892524881505597, "jackpot_zone": false, "hybrid_screening_score": 0.40909090909090906, "summer_ghi": 383.04485848732526, "winter_wind": 4.3118041039160824, "solar_cf_p50": 0.019451985, "wind_cf_p50": 0.028403135 }, "geometry": { "type": "Point", "coordinates": [ -77.01, 42.12 ] } },
{ "type": "Feature", "properties": { "latitude": 41.76, "longitude": -74.4, "frac_class_11": 0.015888726207906295, "frac_class_21": 0.059443631039531479, "frac_class_22": 0.027426061493411421, "frac_class_23": 0.011461200585651537, "frac_class_24": 0.0032796486090775987, "frac_developed": 0.10161054172767203, "hybrid_seasonal_score": 0.0056032400134578952, "jackpot_zone": false, "hybrid_screening_score": 0.49494949494949497, "summer_ghi": 380.7262258266623, "winter_wind": 3.0566714531064219, "solar_cf_p50": 0.032917503, "wind_cf_p50": 0.049267512 }, "geometry": { "type": "Point", "coordinates": [ -74.4, 41.76 ] } },
{ "type": "Feature", "properties": { "latitude": 42.57, "longitude": -74.04, "frac_class_11": 0.0081391263614006316, "frac_class_21": 0.059427333411406491, "frac_class_22": 0.025096615528750438, "frac_class_23": 0.0025295702072842255, "frac_class_24": 0.00036889565522894955, "frac_developed": 0.087422414802670101, "hybrid_seasonal_score": 0.36984862398085533, "jackpot_zone": false, "hybrid_screening_score": 0.86225895316804402, "summer_ghi": 381.46782462780226, "winter_wind": 5.1055669706958167, "solar_cf_p50": 0.029435538, "wind_cf_p50": 0.018981541 }, "geometry": { "type": "Point", "coordinates": [ -74.04, 42.57 ] } },
{ "type": "Feature", "properties": { "latitude": 43.56, "longitude": -76.02, "frac_class_11": 0.0092171295726976212, "frac_class_21": 0.05399106395188822, "frac_class_22": 0.020009486499306079, "frac_class_23": 0.0029045084295158956, "frac_class_24": 0.00084910024653186468, "frac_developed": 0.077754159127242067, "hybrid_seasonal_score": 0.41511850283450585, "jackpot_zone": false, "hybrid_screening_score": 0.39485766758494034, "summer_ghi": 389.70666631967782, "winter_wind": 4.6333539829014949, "solar_cf_p50": 0.025374712, "wind_cf_p50": 0.019008333 }, "geometry": { "type": "Point", "coordinates": [ -76.02, 43.56 ] } },
{ "type": "Feature", "properties": { "latitude": 42.3, "longitude": -79.62, "frac_class_11": 0.26249216769047884, "frac_class_21": 0.057809764181604176, "frac_class_22": 0.039357721339603087, "frac_class_23": 0.0064239577904396045, "frac_class_24": 0.0015283983439423308, "frac_developed": 0.10511984165558921, "hybrid_seasonal_score": 0.9935790410997023, "jackpot_zone": true, "hybrid_screening_score": 0.99586776859504134, "summer_ghi": 418.69495191064362, "winter_wind": 6.4461357282678318, "solar_cf_p50": 0.0079383347, "wind_cf_p50": 0.032234896 }, "geometry": { "type": "Point", "coordinates": [ -79.62, 42.3 ] } },
{ "type": "Feature", "properties": { "latitude": 42.66, "longitude": -76.29, "frac_class_11": 0.0028989071998313364, "frac_class_21": 0.053743982571418533, "frac_class_22": 0.013504808086486993, "frac_class_23": 0.0015226583271841362, "frac_class_24": 8.1989294540684259e-05, "frac_developed": 0.06885343827963035, "hybrid_seasonal_score": 0.39514921314320256, "jackpot_zone": false, "hybrid_screening_score": 0.43342516069788795, "summer_ghi": 385.11659912522367, "winter_wind": 4.7799623651180498, "solar_cf_p50": 0.040918287, "wind_cf_p50": 0.021335548 }, "geometry": { "type": "Point", "coordinates": [ -76.29, 42.66 ] } },
{ "type": "Feature", "properties": { "latitude": 43.2, "longitude": -77.91, "frac_class_11": 0.0039994612731520792, "frac_class_21": 0.087970580829522235, "frac_class_22": 0.075966341283458153, "frac_class_23": 0.022035099225287371, "frac_class_24": 0.0068921902174231293, "frac_developed": 0.19286421155569089, "hybrid_seasonal_score": 0.34448669009149852, "jackpot_zone": false, "hybrid_screening_score": 0.5436179981634528, "summer_ghi": 393.78162997823694, "winter_wind": 4.4703883392270862, "solar_cf_p50": 0.039976854, "wind_cf_p50": 0.034715984 }, "geometry": { "type": "Point", "coordinates": [ -77.91, 43.2 ] } },
{ "type": "Feature", "properties": { "latitude": 44.55, "longitude": -75.57, "frac_class_11": 0.073943950625958849, "frac_class_21": 0.033165864455609033, "frac_class_22": 0.017900432139971192, "frac_class_23": 0.001387766574148895, "frac_class_24": 5.8555551651852112e-05, "frac_developed": 0.052512618721380966, "hybrid_seasonal_score": 0.013370410002015311, "jackpot_zone": false, "hybrid_screening_score": 0.13498622589531681, "summer_ghi": 362.10077519379843, "winter_wind": 3.7794853930315919, "solar_cf_p50": 0.020856963, "wind_cf_p50": 0.050378572 }, "geometry": { "type": "Point", "coordinates": [ -75.57, 44.55 ] } },
{ "type": "Feature", "properties": { "latitude": 42.84, "longitude": -75.48, "frac_class_11": 0.0081686907843114293, "frac_class_21": 0.07011605982175273, "frac_class_22": 0.026374038202536684, "frac_class_23": 0.0060547858573319121, "frac_class_24": 0.00097204492487146753, "frac_developed": 0.10351692880649278, "hybrid_seasonal_score": 0.17495263175203069, "jackpot_zone": false, "hybrid_screening_score": 0.42699724517906334, "summer_ghi": 378.5861480302683, "winter_wind": 4.9087922455731263, "solar_cf_p50": 0.061274488, "wind_cf_p50": 0.016589446 }, "geometry": { "type": "Point", "coordinates": [ -75.48, 42.84 ] } },
{ "type": "Feature", "properties": { "latitude": 42.93, "longitude": -75.39, "frac_class_11": 0.002910500641247123, "frac_class_21": 0.050462342103876179, "frac_class_22": 0.0275999789179028, "frac_class_23": 0.0069219552473925548, "frac_class_24": 0.0010599609981201796, "frac_developed": 0.086044237267291726, "hybrid_seasonal_score": 0.23115473121734076, "jackpot_zone": false, "hybrid_screening_score": 0.53443526170798905, "summer_ghi": 378.68521515266048, "winter_wind": 5.2798820397490678, "solar_cf_p50": 0.024697853, "wind_cf_p50": 0.014876263 }, "geometry": { "type": "Point", "coordinates": [ -75.39, 42.93 ] } },
{ "type": "Feature", "properties": { "latitude": 42.57, "longitude": -78.72, "frac_class_11": 0.0023775642264424962, "frac_class_21": 0.06020039469908587, "frac_class_22": 0.035833289412811907, "frac_class_23": 0.0033965203234892806, "frac_class_24": 0.00014054566855817711, "frac_developed": 0.099570750103945227, "hybrid_seasonal_score": 0.7691372359541655, "jackpot_zone": true, "hybrid_screening_score": 0.69375573921028466, "summer_ghi": 395.2055475837609, "winter_wind": 5.180482233958827, "solar_cf_p50": 0.034329269, "wind_cf_p50": 0.023612041 }, "geometry": { "type": "Point", "coordinates": [ -78.72, 42.57 ] } },
{ "type": "Feature", "properties": { "latitude": 42.75, "longitude": -76.29, "frac_class_11": 0.039344627078050982, "frac_class_21": 0.048994864527764928, "frac_class_22": 0.010727691145555796, "frac_class_23": 0.00096619489029296205, "frac_class_24": 3.5134359647016798e-05, "frac_developed": 0.060723884923260703, "hybrid_seasonal_score": 0.51375597531370132, "jackpot_zone": false, "hybrid_screening_score": 0.51423324150596872, "summer_ghi": 383.21467553865176, "winter_wind": 5.2956951560359347, "solar_cf_p50": 0.058341913, "wind_cf_p50": 0.016102975 }, "geometry": { "type": "Point", "coordinates": [ -76.29, 42.75 ] } },
{ "type": "Feature", "properties": { "latitude": 42.21, "longitude": -74.94, "frac_class_11": 0.0014523137466181, "frac_class_21": 0.051071081388130851, "frac_class_22": 0.0087490191026106511, "frac_class_23": 0.0029866129466743188, "frac_class_24": 0.00056804207024982142, "frac_developed": 0.06337475550766565, "hybrid_seasonal_score": 0.36988024497415933, "jackpot_zone": false, "hybrid_screening_score": 0.68044077134986225, "summer_ghi": 381.94319407888543, "winter_wind": 5.0213955399546233, "solar_cf_p50": 0.042666167, "wind_cf_p50": 0.025280243 }, "geometry": { "type": "Point", "coordinates": [ -74.94, 42.21 ] } },
{ "type": "Feature", "properties": { "latitude": 43.2, "longitude": -78.18, "frac_class_11": 0.0023188813154381279, "frac_class_21": 0.044544773147822826, "frac_class_22": 0.056631063640409436, "frac_class_23": 0.012238540275923453, "frac_class_24": 0.0030508514276345066, "frac_developed": 0.11646522849179022, "hybrid_seasonal_score": 0.59854745805159026, "jackpot_zone": false, "hybrid_screening_score": 0.67355371900826455, "summer_ghi": 393.50964614062354, "winter_wind": 4.8781771350248277, "solar_cf_p50": 0.034726277, "wind_cf_p50": 0.019082174 }, "geometry": { "type": "Point", "coordinates": [ -78.18, 43.2 ] } },
{ "type": "Feature", "properties": { "latitude": 43.11, "longitude": -78.54, "frac_class_11": 0.0039056781650924888, "frac_class_21": 0.031772428371502015, "frac_class_22": 0.035976741598693032, "frac_class_23": 0.001750821246420771, "frac_class_24": 8.1978252340771888e-05, "frac_developed": 0.069581969468956589, "hybrid_seasonal_score": 0.71714831763667231, "jackpot_zone": true, "hybrid_screening_score": 0.78145087235996336, "summer_ghi": 395.56264578177246, "winter_wind": 5.0766943769948707, "solar_cf_p50": 0.041354362, "wind_cf_p50": 0.022408955 }, "geometry": { "type": "Point", "coordinates": [ -78.54, 43.11 ] } },
{ "type": "Feature", "properties": { "latitude": 44.82, "longitude": -74.4, "frac_class_11": 0.00017568002810880451, "frac_class_21": 0.046537639446022308, "frac_class_22": 0.021216291394606623, "frac_class_23": 0.0044681287149005945, "frac_class_24": 0.001247328199572512, "frac_developed": 0.073469387755102047, "hybrid_seasonal_score": 0.0045095752583856757, "jackpot_zone": false, "hybrid_screening_score": 0.26124885215794302, "summer_ghi": 351.12356949579248, "winter_wind": 3.9437624933641162, "solar_cf_p50": 0.032801274, "wind_cf_p50": 0.053281691 }, "geometry": { "type": "Point", "coordinates": [ -74.4, 44.82 ] } },
{ "type": "Feature", "properties": { "latitude": 42.57, "longitude": -76.47, "frac_class_11": 0.0041407746235526321, "frac_class_21": 0.075441750956126527, "frac_class_22": 0.033665024803649975, "frac_class_23": 0.0061965198751325109, "frac_class_24": 0.0011772216397936055, "frac_developed": 0.11648051727470261, "hybrid_seasonal_score": 0.18764319039801133, "jackpot_zone": false, "hybrid_screening_score": 0.26997245179063362, "summer_ghi": 385.85962118676395, "winter_wind": 4.2309019827754817, "solar_cf_p50": 0.034367673, "wind_cf_p50": 0.019161176 }, "geometry": { "type": "Point", "coordinates": [ -76.47, 42.57 ] } },
{ "type": "Feature", "properties": { "latitude": 42.48, "longitude": -77.73, "frac_class_11": 0.000614872896988294, "frac_class_21": 0.049910111438392663, "frac_class_22": 0.027599009176245998, "frac_class_23": 0.00252390684382814, "frac_class_24": 7.0271188227233596e-05, "frac_developed": 0.080103298646694035, "hybrid_seasonal_score": 0.42311903575364634, "jackpot_zone": false, "hybrid_screening_score": 0.51606978879706156, "summer_ghi": 386.47571703002632, "winter_wind": 4.7584597788008329, "solar_cf_p50": 0.02655226, "wind_cf_p50": 0.035321359 }, "geometry": { "type": "Point", "coordinates": [ -77.73, 42.48 ] } },
{ "type": "Feature", "properties": { "latitude": 43.83, "longitude": -75.57, "frac_class_11": 0.00042746053309598538, "frac_class_21": 0.039906075795193702, "frac_class_22": 0.02170094158429756, "frac_class_23": 0.0041750597273621584, "frac_class_24": 0.00055628425539888508, "frac_developed": 0.066338361362252296, "hybrid_seasonal_score": 0.050851616591661673, "jackpot_zone": false, "hybrid_screening_score": 0.35032139577594124, "summer_ghi": 368.43257640966141, "winter_wind": 4.5160233645620007, "solar_cf_p50": 0.033705838, "wind_cf_p50": 0.020811284 }, "geometry": { "type": "Point", "coordinates": [ -75.57, 43.83 ] } },
{ "type": "Feature", "properties": { "latitude": 44.64, "longitude": -73.68, "frac_class_11": 0.0075946550492452186, "frac_class_21": 0.03369871997564089, "frac_class_22": 0.019253065383128973, "frac_class_23": 0.0019498998700066754, "frac_class_24": 0.00024007776177259365, "frac_developed": 0.055141762990549133, "hybrid_seasonal_score": 0.00057676691786383749, "jackpot_zone": false, "hybrid_screening_score": 0.12672176308539945, "summer_ghi": 355.81131412508785, "winter_wind": 2.9695663318917549, "solar_cf_p50": 0.03111336, "wind_cf_p50": 0.051587686 }, "geometry": { "type": "Point", "coordinates": [ -73.68, 44.64 ] } },
{ "type": "Feature", "properties": { "latitude": 42.66, "longitude": -75.93, "frac_class_11": 0.0026117458291121821, "frac_class_21": 0.036769399239899983, "frac_class_22": 0.0061311611728261314, "frac_class_23": 0.00049189831759063516, "frac_class_24": 2.3423729409077865e-05, "frac_developed": 0.043415882459725823, "hybrid_seasonal_score": 0.24985391101093579, "jackpot_zone": false, "hybrid_screening_score": 0.39623507805325986, "summer_ghi": 380.76183306022421, "winter_wind": 4.7960892254165142, "solar_cf_p50": 0.057195824, "wind_cf_p50": 0.021886319 }, "geometry": { "type": "Point", "coordinates": [ -75.93, 42.66 ] } },
{ "type": "Feature", "properties": { "latitude": 42.66, "longitude": -74.31, "frac_class_11": 0.0064003091823648939, "frac_class_21": 0.049668273087666082, "frac_class_22": 0.035913171285859004, "frac_class_23": 0.011693886035848759, "frac_class_24": 0.00087835899117542004, "frac_developed": 0.098153689400549249, "hybrid_seasonal_score": 0.11277564019863043, "jackpot_zone": false, "hybrid_screening_score": 0.5890725436179981, "summer_ghi": 380.3018597983442, "winter_wind": 4.3280199196728457, "solar_cf_p50": 0.027842503, "wind_cf_p50": 0.018057169 }, "geometry": { "type": "Point", "coordinates": [ -74.31, 42.66 ] } },
{ "type": "Feature", "properties": { "latitude": 43.02, "longitude": -75.66, "frac_class_11": 0.0041750841750841754, "frac_class_21": 0.063709559361733281, "frac_class_22": 0.042927829014785535, "frac_class_23": 0.0076592007026789633, "frac_class_24": 0.0027931488801054018, "frac_developed": 0.11708973795930318, "hybrid_seasonal_score": 0.36263271330889663, "jackpot_zone": false, "hybrid_screening_score": 0.56244260789715339, "summer_ghi": 380.74363808541165, "winter_wind": 5.3154845595674374, "solar_cf_p50": 0.02242377, "wind_cf_p50": 0.019952556 }, "geometry": { "type": "Point", "coordinates": [ -75.66, 43.02 ] } },
{ "type": "Feature", "properties": { "latitude": 43.74, "longitude": -76.11, "frac_class_11": 0.0027873911541321903, "frac_class_21": 0.05569512030872114, "frac_class_22": 0.032541034965362564, "frac_class_23": 0.0046202765138871806, "frac_class_24": 0.0011243258436835725, "frac_developed": 0.093980757631654463, "hybrid_seasonal_score": 0.50881213841394157, "jackpot_zone": false, "hybrid_screening_score": 0.73232323232323226, "summer_ghi": 396.48148551118851, "winter_wind": 4.7059860649876866, "solar_cf_p50": 0.026027353, "wind_cf_p50": 0.014561471 }, "geometry": { "type": "Point", "coordinates": [ -76.11, 43.74 ] } },
{ "type": "Feature", "properties": { "latitude": 41.49, "longitude": -73.68, "frac_class_11": 0.039296757871064465, "frac_class_21": 0.1323088455772114, "frac_class_22": 0.049920352323838083, "frac_class_23": 0.010447901049475263, "frac_class_24": 0.0013996907796101949, "frac_developed": 0.19407678973013492, "hybrid_seasonal_score": 0.18143872989853455, "jackpot_zone": false, "hybrid_screening_score": 0.70385674931129472, "summer_ghi": 380.43147190249431, "winter_wind": 4.6216948507074527, "solar_cf_p50": 0.029500684, "wind_cf_p50": 0.050345842 }, "geometry": { "type": "Point", "coordinates": [ -73.68, 41.49 ] } },
{ "type": "Feature", "properties": { "latitude": 43.29, "longitude": -77.82, "frac_class_11": 0.037616747181964574, "frac_class_21": 0.061127214170692432, "frac_class_22": 0.070349875567266879, "frac_class_23": 0.011723027375201289, "frac_class_24": 0.001048162787293222, "frac_developed": 0.1442482799004538, "hybrid_seasonal_score": 0.95535706004025556, "jackpot_zone": true, "hybrid_screening_score": 0.88062442607897151, "summer_ghi": 399.44873550598373, "winter_wind": 5.8442841363286684, "solar_cf_p50": 0.031072082, "wind_cf_p50": 0.026099702 }, "geometry": { "type": "Point", "coordinates": [ -77.82, 43.29 ] } },
{ "type": "Feature", "properties": { "latitude": 42.03, "longitude": -73.86, "frac_class_11": 0.060673315101863946, "frac_class_21": 0.091908858268869284, "frac_class_22": 0.042607763795112642, "frac_class_23": 0.0080284832549614386, "frac_class_24": 0.0010306440939994261, "frac_developed": 0.14357574941294279, "hybrid_seasonal_score": 0.017319872065677224, "jackpot_zone": false, "hybrid_screening_score": 0.4623507805325987, "summer_ghi": 380.13440163220884, "winter_wind": 3.4191559815595842, "solar_cf_p50": 0.033927038, "wind_cf_p50": 0.049533743 }, "geometry": { "type": "Point", "coordinates": [ -73.86, 42.03 ] } },
{ "type": "Feature", "properties": { "latitude": 44.28, "longitude": -75.48, "frac_class_11": 0.0180485119640201, "frac_class_21": 0.051598130731661612, "frac_class_22": 0.031499982431688549, "frac_class_23": 0.010031505838535506, "frac_class_24": 0.0021550462046591163, "frac_developed": 0.095284665206544786, "hybrid_seasonal_score": 0.010131366254581883, "jackpot_zone": false, "hybrid_screening_score": 0.14600550964187328, "summer_ghi": 359.42360878694433, "winter_wind": 3.7398179817162713, "solar_cf_p50": 0.019790594, "wind_cf_p50": 0.058562711 }, "geometry": { "type": "Point", "coordinates": [ -75.48, 44.28 ] } },
{ "type": "Feature", "properties": { "latitude": 41.76, "longitude": -74.94, "frac_class_11": 0.011062050549296104, "frac_class_21": 0.081562858682157832, "frac_class_22": 0.016771684898456349, "frac_class_23": 0.0038415591108196109, "frac_class_24": 0.00031622590241502894, "frac_developed": 0.10249232859384882, "hybrid_seasonal_score": 0.17062013405614707, "jackpot_zone": false, "hybrid_screening_score": 0.64049586776859502, "summer_ghi": 384.04154931287763, "winter_wind": 4.2740432226422378, "solar_cf_p50": 0.027599735, "wind_cf_p50": 0.049869135 }, "geometry": { "type": "Point", "coordinates": [ -74.94, 41.76 ] } },
{ "type": "Feature", "properties": { "latitude": 42.57, "longitude": -74.85, "frac_class_11": 0.0036072120818181285, "frac_class_21": 0.054816740743343348, "frac_class_22": 0.01592209358841476, "frac_class_23": 0.0028459497918240429, "frac_class_24": 8.1982092768593834e-05, "frac_developed": 0.073666766216350738, "hybrid_seasonal_score": 0.10531793433120755, "jackpot_zone": false, "hybrid_screening_score": 0.36547291092745637, "summer_ghi": 378.92368053804097, "winter_wind": 4.4599033187380215, "solar_cf_p50": 0.058273338, "wind_cf_p50": 0.031359747 }, "geometry": { "type": "Point", "coordinates": [ -74.85, 42.57 ] } },
{ "type": "Feature", "properties": { "latitude": 43.29, "longitude": -76.2, "frac_class_11": 0.011202595394813894, "frac_class_21": 0.081451594012789577, "frac_class_22": 0.047328476728115999, "frac_class_23": 0.013855379353962194, "frac_class_24": 0.0026352158534585744, "frac_developed": 0.14527066594832636, "hybrid_seasonal_score": 0.22568219130953915, "jackpot_zone": false, "hybrid_screening_score": 0.23324150596877868, "summer_ghi": 384.94596732506056, "winter_wind": 4.4065519690465207, "solar_cf_p50": 0.02221613, "wind_cf_p50": 0.015935682 }, "geometry": { "type": "Point", "coordinates": [ -76.2, 43.29 ] } },
{ "type": "Feature", "properties": { "latitude": 43.2, "longitude": -78.27, "frac_class_11": 0.0043918463907806357, "frac_class_21": 0.029601044673861487, "frac_class_22": 0.051653969350767985, "frac_class_23": 0.0062247102845330885, "frac_class_24": 0.0011535916519783804, "frac_developed": 0.088633315961140949, "hybrid_seasonal_score": 0.58053255655309244, "jackpot_zone": false, "hybrid_screening_score": 0.69880624426078963, "summer_ghi": 394.34918129623964, "winter_wind": 4.8329550666043959, "solar_cf_p50": 0.033139363, "wind_cf_p50": 0.017833078 }, "geometry": { "type": "Point", "coordinates": [ -78.27, 43.2 ] } },
{ "type": "Feature", "properties": { "latitude": 42.57, "longitude": -73.59, "frac_class_11": 0.020455131058068444, "frac_class_21": 0.084291771099294935, "frac_class_22": 0.03573352697289827, "frac_class_23": 0.0058677473003677589, "frac_class_24": 0.0005094750650019911, "frac_developed": 0.12640252043756295, "hybrid_seasonal_score": 0.0752737745600255, "jackpot_zone": false, "hybrid_screening_score": 0.47061524334251603, "summer_ghi": 378.35802302909951, "winter_wind": 4.3481315128836346, "solar_cf_p50": 0.028308403, "wind_cf_p50": 0.021305049 }, "geometry": { "type": "Point", "coordinates": [ -73.59, 42.57 ] } },
{ "type": "Feature", "properties": { "latitude": 43.83, "longitude": -75.66, "frac_class_11": 0.0010775294124536633, "frac_class_21": 0.042427720615362992, "frac_class_22": 0.0098090313361950329, "frac_class_23": 0.0014874590802349482, "frac_class_24": 0.00011126662411206306, "frac_developed": 0.053835477655905038, "hybrid_seasonal_score": 0.097691793972785698, "jackpot_zone": false, "hybrid_screening_score": 0.51193755739210278, "summer_ghi": 368.88255054717439, "winter_wind": 5.0680566888276815, "solar_cf_p50": 0.075638242, "wind_cf_p50": 0.017484203 }, "geometry": { "type": "Point", "coordinates": [ -75.66, 43.83 ] } },
{ "type": "Feature", "properties": { "latitude": 43.2, "longitude": -74.94, "frac_class_11": 0.0039761547830975356, "frac_class_21": 0.045055279677691372, "frac_class_22": 0.0081455542021924478, "frac_class_23": 0.0018153283987632344, "frac_class_24": 0.00014639745151316406, "frac_developed": 0.055162559730160224, "hybrid_seasonal_score": 0.046308312273751789, "jackpot_zone": false, "hybrid_screening_score": 0.24655647382920109, "summer_ghi": 373.9161233091304, "winter_wind": 4.3541230702317613, "solar_cf_p50": 0.048478514, "wind_cf_p50": 0.020586327 }, "geometry": { "type": "Point", "coordinates": [ -74.94, 43.2 ] } },
{ "type": "Feature", "properties": { "latitude": 44.01, "longitude": -73.5, "frac_class_11": 0.087483018691150979, "frac_class_21": 0.038190378039068724, "frac_class_22": 0.022274792710919568, "frac_class_23": 0.0043273059446292221, "frac_class_24": 0.0004157492856139036, "frac_developed": 0.065208225980231418, "hybrid_seasonal_score": 0.00019478531875226089, "jackpot_zone": false, "hybrid_screening_score": 0.062442607897153356, "summer_ghi": 347.67222533833831, "winter_wind": 3.1424231602548556, "solar_cf_p50": 0.026561338, "wind_cf_p50": 0.05121465 }, "geometry": { "type": "Point", "coordinates": [ -73.5, 44.01 ] } },
{ "type": "Feature", "properties": { "latitude": 42.12, "longitude": -74.04, "frac_class_11": 0.0014756863112526937, "frac_class_21": 0.062587838470907903, "frac_class_22": 0.024799728286329991, "frac_class_23": 0.0071559074299634593, "frac_class_24": 0.00080225803429213904, "frac_developed": 0.095345732221493493, "hybrid_seasonal_score": 0.0022261179285972673, "jackpot_zone": false, "hybrid_screening_score": 0.43755739210284661, "summer_ghi": 379.2473481951223, "winter_wind": 2.7440247427931364, "solar_cf_p50": 0.035650037, "wind_cf_p50": 0.029292278 }, "geometry": { "type": "Point", "coordinates": [ -74.04, 42.12 ] } },
{ "type": "Feature", "properties": { "latitude": 43.38, "longitude": -73.59, "frac_class_11": 0.012759777714014675, "frac_class_21": 0.086015775512235687, "frac_class_22": 0.057328234887656572, "frac_class_23": 0.017350721141177368, "frac_class_24": 0.0032089757628637181, "frac_developed": 0.16390370730393333, "hybrid_seasonal_score": 0.0042970821833832095, "jackpot_zone": false, "hybrid_screening_score": 0.28420569329660239, "summer_ghi": 375.47329295149598, "winter_wind": 3.2314977275542622, "solar_cf_p50": 0.029248288, "wind_cf_p50": 0.013306009 }, "geometry": { "type": "Point", "coordinates": [ -73.59, 43.38 ] } },
{ "type": "Feature", "properties": { "latitude": 41.85, "longitude": -74.94, "frac_class_11": 0.012894309990455165, "frac_class_21": 0.075913639743987626, "frac_class_22": 0.0094687099248710275, "frac_class_23": 0.001311682760155294, "frac_class_24": 4.0990086254852936e-05, "frac_developed": 0.086735022515268809, "hybrid_seasonal_score": 0.38537748298579749, "jackpot_zone": false, "hybrid_screening_score": 0.76170798898071634, "summer_ghi": 383.54607239932432, "winter_wind": 4.8494852117160612, "solar_cf_p50": 0.031866658, "wind_cf_p50": 0.045959026 }, "geometry": { "type": "Point", "coordinates": [ -74.94, 41.85 ] } },
{ "type": "Feature", "properties": { "latitude": 42.66, "longitude": -76.92, "frac_class_11": 0.3745344451992223, "frac_class_21": 0.036916446089339673, "frac_class_22": 0.04014897753624886, "frac_class_23": 0.005422688622894755, "frac_class_24": 0.00075542854465812464, "frac_developed": 0.083243540793141418, "hybrid_seasonal_score": 0.31454477153199922, "jackpot_zone": false, "hybrid_screening_score": 0.48622589531680438, "summer_ghi": 381.67607787896861, "winter_wind": 4.8596457346008073, "solar_cf_p50": 0.01185224, "wind_cf_p50": 0.012830438 }, "geometry": { "type": "Point", "coordinates": [ -76.92, 42.66 ] } },
{ "type": "Feature", "properties": { "latitude": 42.75, "longitude": -77.55, "frac_class_11": 0.10463441200238924, "frac_class_21": 0.054273098860428894, "frac_class_22": 0.025004977571647751, "frac_class_23": 0.0036365552861810898, "frac_class_24": 0.00067929213075202321, "frac_developed": 0.083593923849009752, "hybrid_seasonal_score": 0.55835085136362372, "jackpot_zone": false, "hybrid_screening_score": 0.57438016528925617, "summer_ghi": 384.87633963239347, "winter_wind": 5.2374652542050395, "solar_cf_p50": 0.030176135, "wind_cf_p50": 0.01745208 }, "geometry": { "type": "Point", "coordinates": [ -77.55, 42.75 ] } },
{ "type": "Feature", "properties": { "latitude": 42.66, "longitude": -73.59, "frac_class_11": 0.014956839503859263, "frac_class_21": 0.10986893732650886, "frac_class_22": 0.076113564225395003, "frac_class_23": 0.012333243537638061, "frac_class_24": 0.0013586479110788367, "frac_developed": 0.19967439300062079, "hybrid_seasonal_score": 0.11388511545035461, "jackpot_zone": false, "hybrid_screening_score": 0.57805325987144163, "summer_ghi": 378.29490098759754, "winter_wind": 4.6270367606072584, "solar_cf_p50": 0.027689697, "wind_cf_p50": 0.02060627 }, "geometry": { "type": "Point", "coordinates": [ -73.59, 42.66 ] } },
{ "type": "Feature", "properties": { "latitude": 41.49, "longitude": -74.85, "frac_class_11": 0.039324757147959695, "frac_class_21": 0.069561958742966223, "frac_class_22": 0.013789428690209212, "frac_class_23": 0.002043528922667947, "frac_class_24": 0.00014052920958174993, "frac_developed": 0.085535445565425139, "hybrid_seasonal_score": 0.20633414873334732, "jackpot_zone": false, "hybrid_screening_score": 0.71258034894398525, "summer_ghi": 382.23551474725559, "winter_wind": 4.4799015894849203, "solar_cf_p50": 0.026656179, "wind_cf_p50": 0.050175346 }, "geometry": { "type": "Point", "coordinates": [ -74.85, 41.49 ] } },
{ "type": "Feature", "properties": { "latitude": 42.84, "longitude": -76.65, "frac_class_11": 0.11896187247099883, "frac_class_21": 0.049458625394538824, "frac_class_22": 0.034221667867118742, "frac_class_23": 0.0053522594850353399, "frac_class_24": 0.0010364878871457935, "frac_developed": 0.090069040633838707, "hybrid_seasonal_score": 0.52051865174830358, "jackpot_zone": false, "hybrid_screening_score": 0.52754820936639124, "summer_ghi": 387.27730538398384, "winter_wind": 4.9008028613520045, "solar_cf_p50": 0.046683215, "wind_cf_p50": 0.016610974 }, "geometry": { "type": "Point", "coordinates": [ -76.65, 42.84 ] } },
{ "type": "Feature", "properties": { "latitude": 42.57, "longitude": -76.65, "frac_class_11": 0.2162097274760795, "frac_class_21": 0.061473057959642571, "frac_class_22": 0.037031398222211812, "frac_class_23": 0.0049304929321793717, "frac_class_24": 0.00077295138604237181, "frac_developed": 0.10420790050007613, "hybrid_seasonal_score": 0.2376808826220296, "jackpot_zone": false, "hybrid_screening_score": 0.30303030303030304, "summer_ghi": 381.82815454335605, "winter_wind": 4.625005753130905, "solar_cf_p50": 0.017682878, "wind_cf_p50": 0.017591525 }, "geometry": { "type": "Point", "coordinates": [ -76.65, 42.57 ] } },
{ "type": "Feature", "properties": { "latitude": 42.84, "longitude": -74.67, "frac_class_11": 0.00048606515615575168, "frac_class_21": 0.05932337387780439, "frac_class_22": 0.017410502521096986, "frac_class_23": 0.0031213581714580199, "frac_class_24": 8.784310051007561e-05, "frac_developed": 0.079943077670869472, "hybrid_seasonal_score": 0.15768335327563976, "jackpot_zone": false, "hybrid_screening_score": 0.62855831037649224, "summer_ghi": 379.88422892100789, "winter_wind": 4.6009865418072291, "solar_cf_p50": 0.0290775, "wind_cf_p50": 0.013319534 }, "geometry": { "type": "Point", "coordinates": [ -74.67, 42.84 ] } },
{ "type": "Feature", "properties": { "latitude": 42.48, "longitude": -75.21, "frac_class_11": 0.0023425375538051593, "frac_class_21": 0.056326315481245059, "frac_class_22": 0.0061081666715469534, "frac_class_23": 0.00040408772803139002, "frac_class_24": 5.8563438845128985e-06, "frac_developed": 0.062844426224707928, "hybrid_seasonal_score": 0.093183905167376249, "jackpot_zone": false, "hybrid_screening_score": 0.32506887052341599, "summer_ghi": 378.2163953215225, "winter_wind": 4.528668112307586, "solar_cf_p50": 0.060598198, "wind_cf_p50": 0.022450058 }, "geometry": { "type": "Point", "coordinates": [ -75.21, 42.48 ] } },
{ "type": "Feature", "properties": { "latitude": 42.75, "longitude": -74.31, "frac_class_11": 0.012548969087257203, "frac_class_21": 0.053826469365407477, "frac_class_22": 0.03254650965327837, "frac_class_23": 0.0078174865755895329, "frac_class_24": 0.00031035714494849828, "frac_developed": 0.094500822739223875, "hybrid_seasonal_score": 0.080369603034266185, "jackpot_zone": false, "hybrid_screening_score": 0.62396694214876036, "summer_ghi": 379.1754221251453, "winter_wind": 4.2652252431623427, "solar_cf_p50": 0.028746039, "wind_cf_p50": 0.015588421 }, "geometry": { "type": "Point", "coordinates": [ -74.31, 42.75 ] } },
{ "type": "Feature", "properties": { "latitude": 44.55, "longitude": -75.21, "frac_class_11": 0.0081403179994729291, "frac_class_21": 0.059008520980351968, "frac_class_22": 0.028092881614008375, "frac_class_23": 0.0091886035548007384, "frac_class_24": 0.0019091681063512049, "frac_developed": 0.098199174255512292, "hybrid_seasonal_score": 0.0041318097917146246, "jackpot_zone": false, "hybrid_screening_score": 0.080808080808080801, "summer_ghi": 357.07651622002822, "winter_wind": 3.53446690683008, "solar_cf_p50": 0.0070834807, "wind_cf_p50": 0.05082297 }, "geometry": { "type": "Point", "coordinates": [ -75.21, 44.55 ] } },
{ "type": "Feature", "properties": { "latitude": 44.82, "longitude": -74.13, "frac_class_11": 0.0038413566547405033, "frac_class_21": 0.020811252364249619, "frac_class_22": 0.0046611583798375619, "frac_class_23": 0.00079052309205787804, "frac_class_24": 0.00019909470466642854, "frac_developed": 0.026462028540811488, "hybrid_seasonal_score": 0.0047557973929123441, "jackpot_zone": false, "hybrid_screening_score": 0.43526170798898067, "summer_ghi": 347.5570824524313, "winter_wind": 4.6794131959377756, "solar_cf_p50": 0.075685099, "wind_cf_p50": 0.023623208 }, "geometry": { "type": "Point", "coordinates": [ -74.13, 44.82 ] } },
{ "type": "Feature", "properties": { "latitude": 44.28, "longitude": -73.5, "frac_class_11": 0.0013527203733742468, "frac_class_21": 0.03393512798140156, "frac_class_22": 0.02691386509103047, "frac_class_23": 0.0036716695848729554, "frac_class_24": 0.00015225424115900612, "frac_developed": 0.064672916898463981, "hybrid_seasonal_score": 0.00012985687916817392, "jackpot_zone": false, "hybrid_screening_score": 0.081267217630853997, "summer_ghi": 349.35138779576857, "winter_wind": 2.7319997007921351, "solar_cf_p50": 0.027863512, "wind_cf_p50": 0.05198295 }, "geometry": { "type": "Point", "coordinates": [ -73.5, 44.28 ] } },
{ "type": "Feature", "properties": { "latitude": 42.12, "longitude": -75.57, "frac_class_11": 0.014372562111255578, "frac_class_21": 0.046971454006629887, "frac_class_22": 0.011274320319546451, "frac_class_23": 0.0016750418760469012, "frac_class_24": 2.928394888193883e-05, "frac_developed": 0.059950100151105176, "hybrid_seasonal_score": 0.21202592752805627, "jackpot_zone": false, "hybrid_screening_score": 0.42653810835629014, "summer_ghi": 381.44051095102657, "winter_wind": 4.5908955744312383, "solar_cf_p50": 0.023390749, "wind_cf_p50": 0.027607994 }, "geometry": { "type": "Point", "coordinates": [ -75.57, 42.12 ] } },
{ "type": "Feature", "properties": { "latitude": 44.64, "longitude": -75.21, "frac_class_11": 0.010148449623751939, "frac_class_21": 0.057043305126928817, "frac_class_22": 0.029244868679178988, "frac_class_23": 0.010575937692150031, "frac_class_24": 0.0023014083682253391, "frac_developed": 0.099165519866483171, "hybrid_seasonal_score": 0.0036174416339705595, "jackpot_zone": false, "hybrid_screening_score": 0.069788797061524327, "summer_ghi": 356.88105287797782, "winter_wind": 3.510344474395553, "solar_cf_p50": 0.011206648, "wind_cf_p50": 0.051618956 }, "geometry": { "type": "Point", "coordinates": [ -75.21, 44.64 ] } },
{ "type": "Feature", "properties": { "latitude": 42.3, "longitude": -76.74, "frac_class_11": 0.0025180509114758705, "frac_class_21": 0.043972196033191427, "frac_class_22": 0.02315435652087347, "frac_class_23": 0.0045090679112474892, "frac_class_24": 0.00085496612343134216, "frac_developed": 0.07249058658874373, "hybrid_seasonal_score": 0.32352934976275827, "jackpot_zone": false, "hybrid_screening_score": 0.4527089072543618, "summer_ghi": 382.81367196760931, "winter_wind": 4.7632989122496436, "solar_cf_p50": 0.030508732, "wind_cf_p50": 0.030890599 }, "geometry": { "type": "Point", "coordinates": [ -76.74, 42.3 ] } },
{ "type": "Feature", "properties": { "latitude": 42.03, "longitude": -74.04, "frac_class_11": 0.012273818586402764, "frac_class_21": 0.10834455700649998, "frac_class_22": 0.053656965509164371, "frac_class_23": 0.020893599578380277, "frac_class_24": 0.0037535866955554255, "frac_developed": 0.18664870878960005, "hybrid_seasonal_score": 0.0018424498765094808, "jackpot_zone": false, "hybrid_screening_score": 0.44857667584940314, "summer_ghi": 380.60171409787336, "winter_wind": 2.6504162233201649, "solar_cf_p50": 0.033538301, "wind_cf_p50": 0.049835395 }, "geometry": { "type": "Point", "coordinates": [ -74.04, 42.03 ] } },
{ "type": "Feature", "properties": { "latitude": 43.11, "longitude": -75.93, "frac_class_11": 0.041465371349600925, "frac_class_21": 0.066868108380326641, "frac_class_22": 0.055273498117339795, "frac_class_23": 0.012074791092060035, "frac_class_24": 0.0013351369393742425, "frac_developed": 0.13555153452910071, "hybrid_seasonal_score": 0.099819465208896715, "jackpot_zone": false, "hybrid_screening_score": 0.24517906336088152, "summer_ghi": 379.91532706193169, "winter_wind": 4.2966217702990139, "solar_cf_p50": 0.027902231, "wind_cf_p50": 0.015614703 }, "geometry": { "type": "Point", "coordinates": [ -75.93, 43.11 ] } },
{ "type": "Feature", "properties": { "latitude": 42.12, "longitude": -74.58, "frac_class_11": 0.00075543296850020202, "frac_class_21": 0.038245990056393953, "frac_class_22": 0.015981213728969389, "frac_class_23": 0.0050537879985711187, "frac_class_24": 0.00052119018756990681, "frac_developed": 0.059802181971504373, "hybrid_seasonal_score": 0.50718492209852095, "jackpot_zone": false, "hybrid_screening_score": 0.77731864095500458, "summer_ghi": 384.99928639751687, "winter_wind": 5.0683894425599529, "solar_cf_p50": 0.050506365, "wind_cf_p50": 0.053133428 }, "geometry": { "type": "Point", "coordinates": [ -74.58, 42.12 ] } },
{ "type": "Feature", "properties": { "latitude": 43.29, "longitude": -73.86, "frac_class_11": 0.049706609198767876, "frac_class_21": 0.04380951265504035, "frac_class_22": 0.039364729857930922, "frac_class_23": 0.010810367646197631, "frac_class_24": 0.0017334067298345065, "frac_developed": 0.095718016889003402, "hybrid_seasonal_score": 0.014105492693020867, "jackpot_zone": false, "hybrid_screening_score": 0.37603305785123964, "summer_ghi": 374.39971097895136, "winter_wind": 3.6490914585408758, "solar_cf_p50": 0.025726844, "wind_cf_p50": 0.016797137 }, "geometry": { "type": "Point", "coordinates": [ -73.86, 43.29 ] } },
{ "type": "Feature", "properties": { "latitude": 42.57, "longitude": -76.38, "frac_class_11": 0.0011769183476300611, "frac_class_21": 0.069935884298972392, "frac_class_22": 0.023251456509646631, "frac_class_23": 0.004174839710747431, "frac_class_24": 0.00039230611587668708, "frac_developed": 0.097754486635243151, "hybrid_seasonal_score": 0.29150402935777342, "jackpot_zone": false, "hybrid_screening_score": 0.38383838383838387, "summer_ghi": 385.05586089709948, "winter_wind": 4.5718148042291276, "solar_cf_p50": 0.037185099, "wind_cf_p50": 0.020554755 }, "geometry": { "type": "Point", "coordinates": [ -76.38, 42.57 ] } },
{ "type": "Feature", "properties": { "latitude": 42.12, "longitude": -78.0, "frac_class_11": 0.00087836413463565459, "frac_class_21": 0.077998735155646121, "frac_class_22": 0.036493101913662659, "frac_class_23": 0.011494858641931933, "frac_class_24": 0.0037945330616260277, "frac_developed": 0.12978122877286674, "hybrid_seasonal_score": 0.62875604698795284, "jackpot_zone": true, "hybrid_screening_score": 0.69146005509641872, "summer_ghi": 387.03561279475593, "winter_wind": 5.1629432914708522, "solar_cf_p50": 0.053287521, "wind_cf_p50": 0.031500526 }, "geometry": { "type": "Point", "coordinates": [ -78.0, 42.12 ] } },
{ "type": "Feature", "properties": { "latitude": 42.93, "longitude": -75.21, "frac_class_11": 0.0017450780600353701, "frac_class_21": 0.062489020062541721, "frac_class_22": 0.025291919937224037, "frac_class_23": 0.0051942424135952119, "frac_class_24": 0.00064415633088553924, "frac_developed": 0.093619338744246508, "hybrid_seasonal_score": 0.21663099818621984, "jackpot_zone": false, "hybrid_screening_score": 0.57805325987144174, "summer_ghi": 378.22459716270265, "winter_wind": 5.4252418980748658, "solar_cf_p50": 0.03442581, "wind_cf_p50": 0.015834762 }, "geometry": { "type": "Point", "coordinates": [ -75.21, 42.93 ] } },
{ "type": "Feature", "properties": { "latitude": 42.21, "longitude": -74.49, "frac_class_11": 0.00018738434872227298, "frac_class_21": 0.044386667603588413, "frac_class_22": 0.0052409060033260721, "frac_class_23": 0.0007436816339915209, "frac_class_24": 4.6846087180568244e-05, "frac_developed": 0.050418101328086579, "hybrid_seasonal_score": 0.32016803817454953, "jackpot_zone": false, "hybrid_screening_score": 0.60927456382001832, "summer_ghi": 385.12048944953165, "winter_wind": 4.6231833452844358, "solar_cf_p50": 0.047356628, "wind_cf_p50": 0.064823389 }, "geometry": { "type": "Point", "coordinates": [ -74.49, 42.21 ] } },
{ "type": "Feature", "properties": { "latitude": 42.48, "longitude": -79.26, "frac_class_11": 0.14377653500424559, "frac_class_21": 0.07019002723040435, "frac_class_22": 0.074166251866600294, "frac_class_23": 0.036670277867244458, "frac_class_24": 0.012549410007905602, "frac_developed": 0.19357596697215473, "hybrid_seasonal_score": 0.99541200467822055, "jackpot_zone": true, "hybrid_screening_score": 0.99770431588613406, "summer_ghi": 416.30284488025887, "winter_wind": 6.8441065273589476, "solar_cf_p50": 0.020355079, "wind_cf_p50": 0.033215154 }, "geometry": { "type": "Point", "coordinates": [ -79.26, 42.48 ] } },
{ "type": "Feature", "properties": { "latitude": 43.56, "longitude": -76.2, "frac_class_11": 0.37820982051357127, "frac_class_21": 0.049166983866717417, "frac_class_22": 0.021772611483617837, "frac_class_23": 0.0066524170643867302, "frac_class_24": 0.0013410242145638744, "frac_developed": 0.078933036629285858, "hybrid_seasonal_score": 0.90750227038731923, "jackpot_zone": true, "hybrid_screening_score": 0.49862258953168048, "summer_ghi": 393.64090905044748, "winter_wind": 6.5463976221033002, "solar_cf_p50": 0.034743451, "wind_cf_p50": 0.047658585 }, "geometry": { "type": "Point", "coordinates": [ -76.2, 43.56 ] } },
{ "type": "Feature", "properties": { "latitude": 42.3, "longitude": -77.01, "frac_class_11": 0.0011418934349911283, "frac_class_21": 0.037132032160403818, "frac_class_22": 0.019142818661466658, "frac_class_23": 0.0014405424872195774, "frac_class_24": 7.0270365230223279e-05, "frac_developed": 0.057785663674320281, "hybrid_seasonal_score": 0.32612733057260979, "jackpot_zone": false, "hybrid_screening_score": 0.47566574839302111, "summer_ghi": 384.50488611840422, "winter_wind": 4.6719740176994646, "solar_cf_p50": 0.053974621, "wind_cf_p50": 0.032059204 }, "geometry": { "type": "Point", "coordinates": [ -77.01, 42.3 ] } },
{ "type": "Feature", "properties": { "latitude": 42.39, "longitude": -76.29, "frac_class_11": 0.0006265810924763422, "frac_class_21": 0.042390846060151782, "frac_class_22": 0.013011805490490021, "frac_class_23": 0.0011419001218026797, "frac_class_24": 0.00019910053405790311, "frac_developed": 0.05674365220650239, "hybrid_seasonal_score": 0.36294997727504613, "jackpot_zone": false, "hybrid_screening_score": 0.49081726354453625, "summer_ghi": 381.99027201046573, "winter_wind": 4.9654761386662774, "solar_cf_p50": 0.04949287, "wind_cf_p50": 0.039762363 }, "geometry": { "type": "Point", "coordinates": [ -76.29, 42.39 ] } },
{ "type": "Feature", "properties": { "latitude": 44.28, "longitude": -75.84, "frac_class_11": 0.053196224028483757, "frac_class_21": 0.042889602023845778, "frac_class_22": 0.021245695814106017, "frac_class_23": 0.0025298072193202315, "frac_class_24": 0.00022838537396640979, "frac_developed": 0.066893490431238448, "hybrid_seasonal_score": 0.012959547895686136, "jackpot_zone": false, "hybrid_screening_score": 0.16115702479338842, "summer_ghi": 369.06546530483774, "winter_wind": 3.6838164818483441, "solar_cf_p50": 0.018003365, "wind_cf_p50": 0.050742012 }, "geometry": { "type": "Point", "coordinates": [ -75.84, 44.28 ] } },
{ "type": "Feature", "properties": { "latitude": 41.58, "longitude": -75.03, "frac_class_11": 0.024060617062016548, "frac_class_21": 0.058883807538485863, "frac_class_22": 0.011728745674183291, "frac_class_23": 0.0015692979733804902, "frac_class_24": 0.0002576459359281402, "frac_developed": 0.072439497121977781, "hybrid_seasonal_score": 0.16385577116856856, "jackpot_zone": false, "hybrid_screening_score": 0.57943067033976126, "summer_ghi": 384.5119968858325, "winter_wind": 4.2025394237825147, "solar_cf_p50": 0.024574079, "wind_cf_p50": 0.050175346 }, "geometry": { "type": "Point", "coordinates": [ -75.03, 41.58 ] } },
{ "type": "Feature", "properties": { "latitude": 41.22, "longitude": -74.4, "frac_class_11": 0.021633461002377688, "frac_class_21": 0.10909261276456188, "frac_class_22": 0.050259437553439451, "frac_class_23": 0.010611757264837134, "frac_class_24": 0.0021434344144207456, "frac_developed": 0.17210724199725919, "hybrid_seasonal_score": 0.20485850237916353, "jackpot_zone": false, "hybrid_screening_score": 0.63406795224977042, "summer_ghi": 382.43142366901822, "winter_wind": 4.4609340079539459, "solar_cf_p50": 0.030316088, "wind_cf_p50": 0.049947664 }, "geometry": { "type": "Point", "coordinates": [ -74.4, 41.22 ] } },
{ "type": "Feature", "properties": { "latitude": 42.3, "longitude": -75.03, "frac_class_11": 0.0021901443504230961, "frac_class_21": 0.054296840687494512, "frac_class_22": 0.0056978889116622257, "frac_class_23": 0.00054460808713729394, "frac_class_24": 3.51360056217609e-05, "frac_developed": 0.060574473691915785, "hybrid_seasonal_score": 0.39345306306237937, "jackpot_zone": false, "hybrid_screening_score": 0.72589531680440778, "summer_ghi": 381.26740791215127, "winter_wind": 5.266353317693337, "solar_cf_p50": 0.063596465, "wind_cf_p50": 0.070576876 }, "geometry": { "type": "Point", "coordinates": [ -75.03, 42.3 ] } },
{ "type": "Feature", "properties": { "latitude": 43.2, "longitude": -77.1, "frac_class_11": 0.0034433890444009792, "frac_class_21": 0.067245640130708231, "frac_class_22": 0.040161159977044072, "frac_class_23": 0.0082805307972499739, "frac_class_24": 0.0016514212763963879, "frac_developed": 0.11733875218139866, "hybrid_seasonal_score": 0.57583093646204087, "jackpot_zone": false, "hybrid_screening_score": 0.59595959595959591, "summer_ghi": 397.50124010242502, "winter_wind": 4.803969685610582, "solar_cf_p50": 0.025181031, "wind_cf_p50": 0.0087392721 }, "geometry": { "type": "Point", "coordinates": [ -77.1, 43.2 ] } },
{ "type": "Feature", "properties": { "latitude": 43.02, "longitude": -74.94, "frac_class_11": 0.014516006253769536, "frac_class_21": 0.071186400979054557, "frac_class_22": 0.048864893984552953, "frac_class_23": 0.03036708690280307, "frac_class_24": 0.007981168424319434, "frac_developed": 0.15839955029073, "hybrid_seasonal_score": 0.074330414926457991, "jackpot_zone": false, "hybrid_screening_score": 0.36225895316804413, "summer_ghi": 377.2032874272212, "winter_wind": 4.4686553718376549, "solar_cf_p50": 0.02647787, "wind_cf_p50": 0.01418158 }, "geometry": { "type": "Point", "coordinates": [ -74.94, 43.02 ] } },
{ "type": "Feature", "properties": { "latitude": 42.12, "longitude": -74.85, "frac_class_11": 0.092579795021961939, "frac_class_21": 0.042008784773060026, "frac_class_22": 0.0038360175695461201, "frac_class_23": 0.00023426061493411421, "frac_class_24": 0.0, "frac_developed": 0.046079062957540266, "hybrid_seasonal_score": 0.22765766016454719, "jackpot_zone": false, "hybrid_screening_score": 0.52754820936639124, "summer_ghi": 383.52568759750727, "winter_wind": 4.4741637700975598, "solar_cf_p50": 0.054892745, "wind_cf_p50": 0.06969557 }, "geometry": { "type": "Point", "coordinates": [ -74.85, 42.12 ] } },
{ "type": "Feature", "properties": { "latitude": 42.93, "longitude": -77.82, "frac_class_11": 0.0065055217885207697, "frac_class_21": 0.051335652133178748, "frac_class_22": 0.055756596282893582, "frac_class_23": 0.0092342104954970788, "frac_class_24": 0.0029511998032533465, "frac_developed": 0.11927765871482275, "hybrid_seasonal_score": 0.4255622845029306, "jackpot_zone": false, "hybrid_screening_score": 0.5693296602387512, "summer_ghi": 387.54853206794377, "winter_wind": 4.7035669358770846, "solar_cf_p50": 0.037470449, "wind_cf_p50": 0.017697347 }, "geometry": { "type": "Point", "coordinates": [ -77.82, 42.93 ] } },
{ "type": "Feature", "properties": { "latitude": 42.75, "longitude": -76.47, "frac_class_11": 0.055356128526003266, "frac_class_21": 0.050893908073573933, "frac_class_22": 0.025315195558860904, "frac_class_23": 0.0048252882582700404, "frac_class_24": 0.00093694917636311461, "frac_developed": 0.081971341067067993, "hybrid_seasonal_score": 0.58216356738770958, "jackpot_zone": false, "hybrid_screening_score": 0.53213957759412311, "summer_ghi": 387.64877575942705, "winter_wind": 5.0299810043495921, "solar_cf_p50": 0.02009622, "wind_cf_p50": 0.012438558 }, "geometry": { "type": "Point", "coordinates": [ -76.47, 42.75 ] } },
{ "type": "Feature", "properties": { "latitude": 41.94, "longitude": -73.59, "frac_class_11": 0.0051294963607511554, "frac_class_21": 0.065752413966751966, "frac_class_22": 0.0154529005662355, "frac_class_23": 0.0035719095662764891, "frac_class_24": 0.00041574685115677168, "frac_developed": 0.085192970950420721, "hybrid_seasonal_score": 0.21760070864754061, "jackpot_zone": false, "hybrid_screening_score": 0.63957759412304871, "summer_ghi": 382.28973937142473, "winter_wind": 4.5165620922413314, "solar_cf_p50": 0.031290989, "wind_cf_p50": 0.049955655 }, "geometry": { "type": "Point", "coordinates": [ -73.59, 41.94 ] } },
{ "type": "Feature", "properties": { "latitude": 42.12, "longitude": -77.46, "frac_class_11": 0.0011477425777361363, "frac_class_21": 0.047701586929788604, "frac_class_22": 0.022334133630028695, "frac_class_23": 0.002131521930081396, "frac_class_24": 9.9549101130175094e-05, "frac_developed": 0.072266791591028876, "hybrid_seasonal_score": 0.48326996486275225, "jackpot_zone": false, "hybrid_screening_score": 0.72773186409550039, "summer_ghi": 386.35204553800111, "winter_wind": 4.8873139760892172, "solar_cf_p50": 0.043275621, "wind_cf_p50": 0.028805133 }, "geometry": { "type": "Point", "coordinates": [ -77.46, 42.12 ] } },
{ "type": "Feature", "properties": { "latitude": 43.02, "longitude": -74.22, "frac_class_11": 0.010446983316448728, "frac_class_21": 0.068256747498052897, "frac_class_22": 0.050735797900062655, "frac_class_23": 0.014347034263060193, "frac_class_24": 0.0043451018053839441, "frac_developed": 0.13768468146655968, "hybrid_seasonal_score": 0.015397315672797765, "jackpot_zone": false, "hybrid_screening_score": 0.37924701561065199, "summer_ghi": 377.38872153274849, "winter_wind": 3.5963454708956322, "solar_cf_p50": 0.028791614, "wind_cf_p50": 0.017247669 }, "geometry": { "type": "Point", "coordinates": [ -74.22, 43.02 ] } },
{ "type": "Feature", "properties": { "latitude": 44.55, "longitude": -73.5, "frac_class_11": 0.041014229665632139, "frac_class_21": 0.065983486560871343, "frac_class_22": 0.058634420565673126, "frac_class_23": 0.015383264039351174, "frac_class_24": 0.001698190548691222, "frac_developed": 0.14169936171458686, "hybrid_seasonal_score": 0.0014762787740498732, "jackpot_zone": false, "hybrid_screening_score": 0.13314967860422405, "summer_ghi": 357.54097988678961, "winter_wind": 3.154597364454121, "solar_cf_p50": 0.025821527, "wind_cf_p50": 0.048032019 }, "geometry": { "type": "Point", "coordinates": [ -73.5, 44.55 ] } },
{ "type": "Feature", "properties": { "latitude": 42.93, "longitude": -77.01, "frac_class_11": 0.010283619412381336, "frac_class_21": 0.061344483681488898, "frac_class_22": 0.071270870301071113, "frac_class_23": 0.021562805624366792, "frac_class_24": 0.0052472226614428694, "frac_developed": 0.15942538226836969, "hybrid_seasonal_score": 0.46050474694351473, "jackpot_zone": false, "hybrid_screening_score": 0.52938475665748386, "summer_ghi": 386.5710637733344, "winter_wind": 4.8131554112030051, "solar_cf_p50": 0.027970307, "wind_cf_p50": 0.015062528 }, "geometry": { "type": "Point", "coordinates": [ -77.01, 42.93 ] } },
{ "type": "Feature", "properties": { "latitude": 43.47, "longitude": -73.68, "frac_class_11": 0.2269823330659187, "frac_class_21": 0.05765030362298048, "frac_class_22": 0.043274326437158533, "frac_class_23": 0.014750748077835229, "frac_class_24": 0.0022076347857657328, "frac_developed": 0.11788301292373998, "hybrid_seasonal_score": 0.006912559942862973, "jackpot_zone": false, "hybrid_screening_score": 0.18686868686868685, "summer_ghi": 367.50704975467875, "winter_wind": 3.4720884094095874, "solar_cf_p50": 0.021753883, "wind_cf_p50": 0.014017661 }, "geometry": { "type": "Point", "coordinates": [ -73.68, 43.47 ] } },
{ "type": "Feature", "properties": { "latitude": 43.29, "longitude": -76.83, "frac_class_11": 0.37563974937049832, "frac_class_21": 0.046313755343444396, "frac_class_22": 0.011822919716577854, "frac_class_23": 0.002190080224863852, "frac_class_24": 0.00043918721086841952, "frac_developed": 0.060765942495754524, "hybrid_seasonal_score": 0.94195144533236197, "jackpot_zone": true, "hybrid_screening_score": 0.74977043158861345, "summer_ghi": 399.02128952442024, "winter_wind": 5.7493402815355488, "solar_cf_p50": 0.025414592, "wind_cf_p50": 0.025322678 }, "geometry": { "type": "Point", "coordinates": [ -76.83, 43.29 ] } },
{ "type": "Feature", "properties": { "latitude": 42.66, "longitude": -74.94, "frac_class_11": 0.018833671043230769, "frac_class_21": 0.067130090537485795, "frac_class_22": 0.018458871619484885, "frac_class_23": 0.0056395600791763782, "frac_class_24": 0.0010189859333091275, "frac_developed": 0.092247508169456177, "hybrid_seasonal_score": 0.11358935375965178, "jackpot_zone": false, "hybrid_screening_score": 0.40817263544536275, "summer_ghi": 377.95675482236908, "winter_wind": 4.6816054905808597, "solar_cf_p50": 0.036991131, "wind_cf_p50": 0.022604413 }, "geometry": { "type": "Point", "coordinates": [ -74.94, 42.66 ] } },
{ "type": "Feature", "properties": { "latitude": 41.58, "longitude": -74.22, "frac_class_11": 0.010798592200886609, "frac_class_21": 0.10301997505314384, "frac_class_22": 0.058595831649713347, "frac_class_23": 0.019617832902912222, "frac_class_24": 0.0046555752709896174, "frac_developed": 0.18588921487675902, "hybrid_seasonal_score": 0.032030801377157504, "jackpot_zone": false, "hybrid_screening_score": 0.51561065197428835, "summer_ghi": 381.21285348058899, "winter_wind": 3.5748347232203308, "solar_cf_p50": 0.023960177, "wind_cf_p50": 0.048932623 }, "geometry": { "type": "Point", "coordinates": [ -74.22, 41.58 ] } },
{ "type": "Feature", "properties": { "latitude": 42.93, "longitude": -77.91, "frac_class_11": 0.0016396034501941173, "frac_class_21": 0.041072066427362643, "frac_class_22": 0.047249857998629761, "frac_class_23": 0.0069331803036779818, "frac_class_24": 0.0015224889180373946, "frac_developed": 0.096777593647707785, "hybrid_seasonal_score": 0.4255622845029306, "jackpot_zone": false, "hybrid_screening_score": 0.5693296602387512, "summer_ghi": 387.54853206794377, "winter_wind": 4.7035669358770846, "solar_cf_p50": 0.033831898, "wind_cf_p50": 0.018405946 }, "geometry": { "type": "Point", "coordinates": [ -77.91, 42.93 ] } },
{ "type": "Feature", "properties": { "latitude": 42.12, "longitude": -73.59, "frac_class_11": 0.022531912401920599, "frac_class_21": 0.066459772807120274, "frac_class_22": 0.020734278018503336, "frac_class_23": 0.0035952687668345238, "frac_class_24": 0.00026935238318304253, "frac_developed": 0.091058671975641173, "hybrid_seasonal_score": 0.12746042948897945, "jackpot_zone": false, "hybrid_screening_score": 0.57667584940312211, "summer_ghi": 379.79807350620206, "winter_wind": 4.4727437606872869, "solar_cf_p50": 0.032939512, "wind_cf_p50": 0.0291033 }, "geometry": { "type": "Point", "coordinates": [ -73.59, 42.12 ] } },
{ "type": "Feature", "properties": { "latitude": 42.12, "longitude": -78.27, "frac_class_11": 0.00055041573954795647, "frac_class_21": 0.045959714252254362, "frac_class_22": 0.010452043564820237, "frac_class_23": 0.00021079751727368545, "frac_class_24": 0.0, "frac_developed": 0.056622555334348283, "hybrid_seasonal_score": 0.57209776199257789, "jackpot_zone": false, "hybrid_screening_score": 0.6138659320477502, "summer_ghi": 387.79992018273822, "winter_wind": 4.9840159847579875, "solar_cf_p50": 0.028379578, "wind_cf_p50": 0.061009053 }, "geometry": { "type": "Point", "coordinates": [ -78.27, 42.12 ] } },
{ "type": "Feature", "properties": { "latitude": 42.48, "longitude": -75.66, "frac_class_11": 0.0064598499534398845, "frac_class_21": 0.052422590147996745, "frac_class_22": 0.012585872665405541, "frac_class_23": 0.0020146766853883229, "frac_class_24": 0.00026940444048797346, "frac_developed": 0.067292543939278582, "hybrid_seasonal_score": 0.14085782273861414, "jackpot_zone": false, "hybrid_screening_score": 0.35078053259871445, "summer_ghi": 378.83381519993725, "winter_wind": 4.6737963753736507, "solar_cf_p50": 0.028520266, "wind_cf_p50": 0.022674566 }, "geometry": { "type": "Point", "coordinates": [ -75.66, 42.48 ] } },
{ "type": "Feature", "properties": { "latitude": 42.03, "longitude": -78.36, "frac_class_11": 0.0099899280912561783, "frac_class_21": 0.057456725926966948, "frac_class_22": 0.027650902958330406, "frac_class_23": 0.0059845876373175932, "frac_class_24": 0.0016220457686271755, "frac_developed": 0.092714262291242119, "hybrid_seasonal_score": 0.42718359823293456, "jackpot_zone": false, "hybrid_screening_score": 0.54453627180899911, "summer_ghi": 387.92196542843919, "winter_wind": 4.6977234536610846, "solar_cf_p50": 0.026402269, "wind_cf_p50": 0.072703451 }, "geometry": { "type": "Point", "coordinates": [ -78.36, 42.03 ] } },
{ "type": "Feature", "properties": { "latitude": 41.76, "longitude": -74.58, "frac_class_11": 0.015881195540148038, "frac_class_21": 0.095609247634217187, "frac_class_22": 0.048855757518973107, "frac_class_23": 0.016419938161716482, "frac_class_24": 0.0013468565539211093, "frac_developed": 0.16223179986882788, "hybrid_seasonal_score": 0.15206746486486028, "jackpot_zone": false, "hybrid_screening_score": 0.71395775941230488, "summer_ghi": 383.24984230441862, "winter_wind": 4.2115017823696661, "solar_cf_p50": 0.040049411, "wind_cf_p50": 0.050096817 }, "geometry": { "type": "Point", "coordinates": [ -74.58, 41.76 ] } },
{ "type": "Feature", "properties": { "latitude": 42.21, "longitude": -78.81, "frac_class_11": 0.00271124904842771, "frac_class_21": 0.039146220062071795, "frac_class_22": 0.01981612695438309, "frac_class_23": 0.0030918779645136732, "frac_class_24": 0.00029279147391227968, "frac_developed": 0.062347016454880833, "hybrid_seasonal_score": 0.62226741916198458, "jackpot_zone": false, "hybrid_screening_score": 0.54729109274563825, "summer_ghi": 391.72827211307833, "winter_wind": 4.9431299555775787, "solar_cf_p50": 0.044174638, "wind_cf_p50": 0.086223044 }, "geometry": { "type": "Point", "coordinates": [ -78.81, 42.21 ] } },
{ "type": "Feature", "properties": { "latitude": 42.12, "longitude": -78.18, "frac_class_11": 0.00081983533021795908, "frac_class_21": 0.052106391201995714, "frac_class_22": 0.015295784875209351, "frac_class_23": 0.0019383249593010318, "frac_class_24": 0.00021667076584331777, "frac_developed": 0.069557171802349424, "hybrid_seasonal_score": 0.67834872643287369, "jackpot_zone": true, "hybrid_screening_score": 0.70018365472910926, "summer_ghi": 387.45711116336503, "winter_wind": 5.258200120967226, "solar_cf_p50": 0.035484497, "wind_cf_p50": 0.053866189 }, "geometry": { "type": "Point", "coordinates": [ -78.18, 42.12 ] } },
{ "type": "Feature", "properties": { "latitude": 42.39, "longitude": -73.41, "frac_class_11": 0.0085802472751125968, "frac_class_21": 0.073186873685875092, "frac_class_22": 0.021922092526106794, "frac_class_23": 0.0050310118834960551, "frac_class_24": 0.00089023725994342312, "frac_developed": 0.10103021535542138, "hybrid_seasonal_score": 0.26443582666973597, "jackpot_zone": false, "hybrid_screening_score": 0.72773186409550039, "summer_ghi": 380.75262316181488, "winter_wind": 4.8475583786239422, "solar_cf_p50": 0.031640321, "wind_cf_p50": 0.047259025 }, "geometry": { "type": "Point", "coordinates": [ -73.41, 42.39 ] } },
{ "type": "Feature", "properties": { "latitude": 42.21, "longitude": -77.37, "frac_class_11": 0.0049775133514475779, "frac_class_21": 0.048674224679096788, "frac_class_22": 0.022281692120303571, "frac_class_23": 0.001645507355007964, "frac_class_24": 6.4414878665792181e-05, "frac_developed": 0.072665839033074109, "hybrid_seasonal_score": 0.37689188402937462, "jackpot_zone": false, "hybrid_screening_score": 0.63360881542699721, "summer_ghi": 384.92539494748132, "winter_wind": 4.7594568191387534, "solar_cf_p50": 0.025405278, "wind_cf_p50": 0.031659182 }, "geometry": { "type": "Point", "coordinates": [ -77.37, 42.21 ] } },
{ "type": "Feature", "properties": { "latitude": 42.21, "longitude": -79.26, "frac_class_11": 0.002154920010306139, "frac_class_21": 0.05613917972501347, "frac_class_22": 0.020085259878668636, "frac_class_23": 0.0037593984962406013, "frac_class_24": 0.00056215304616681887, "frac_developed": 0.080545991146089527, "hybrid_seasonal_score": 0.59622921762916758, "jackpot_zone": false, "hybrid_screening_score": 0.66712580348943984, "summer_ghi": 397.9167685456772, "winter_wind": 4.8296205497596025, "solar_cf_p50": 0.010676552, "wind_cf_p50": 0.047310024 }, "geometry": { "type": "Point", "coordinates": [ -79.26, 42.21 ] } },
{ "type": "Feature", "properties": { "latitude": 44.73, "longitude": -75.12, "frac_class_11": 0.0085443556888191337, "frac_class_21": 0.047441963971983414, "frac_class_22": 0.017873456862423576, "frac_class_23": 0.0020321394270186701, "frac_class_24": 0.0002459650026939024, "frac_developed": 0.067593525264119561, "hybrid_seasonal_score": 0.0059194499464972792, "jackpot_zone": false, "hybrid_screening_score": 0.091368227731864093, "summer_ghi": 357.56611734718695, "winter_wind": 3.6260267749070687, "solar_cf_p50": 0.016956715, "wind_cf_p50": 0.052197538 }, "geometry": { "type": "Point", "coordinates": [ -75.12, 44.73 ] } },
{ "type": "Feature", "properties": { "latitude": 42.03, "longitude": -77.28, "frac_class_11": 0.0021842116050149029, "frac_class_21": 0.054886368294382537, "frac_class_22": 0.025999730633421366, "frac_class_23": 0.0029337533890414647, "frac_class_24": 0.00053873315726909131, "frac_developed": 0.084358585474114456, "hybrid_seasonal_score": 0.31995385864657089, "jackpot_zone": false, "hybrid_screening_score": 0.59458218549127639, "summer_ghi": 385.77283349227775, "winter_wind": 4.5959617040138134, "solar_cf_p50": 0.038945261, "wind_cf_p50": 0.049560945 }, "geometry": { "type": "Point", "coordinates": [ -77.28, 42.03 ] } },
{ "type": "Feature", "properties": { "latitude": 42.57, "longitude": -75.21, "frac_class_11": 0.0048193194394832847, "frac_class_21": 0.062961509858231193, "frac_class_22": 0.012256179327871828, "frac_class_23": 0.0015049393632408314, "frac_class_24": 0.00011126010856644278, "frac_developed": 0.076833888657910313, "hybrid_seasonal_score": 0.11656278116333213, "jackpot_zone": false, "hybrid_screening_score": 0.38751147842056932, "summer_ghi": 377.90808738230834, "winter_wind": 4.7025422506110628, "solar_cf_p50": 0.024376543, "wind_cf_p50": 0.024363695 }, "geometry": { "type": "Point", "coordinates": [ -75.21, 42.57 ] } },
{ "type": "Feature", "properties": { "latitude": 42.21, "longitude": -73.86, "frac_class_11": 0.097993171982877256, "frac_class_21": 0.07632622227948023, "frac_class_22": 0.048030357153314163, "frac_class_23": 0.023265619235566592, "frac_class_24": 0.0065879238963031496, "frac_developed": 0.15421012256466413, "hybrid_seasonal_score": 0.040626019777034048, "jackpot_zone": false, "hybrid_screening_score": 0.44765840220385678, "summer_ghi": 376.2528206619844, "winter_wind": 4.0921336252374712, "solar_cf_p50": 0.039385617, "wind_cf_p50": 0.029816139 }, "geometry": { "type": "Point", "coordinates": [ -73.86, 42.21 ] } },
{ "type": "Feature", "properties": { "latitude": 43.11, "longitude": -74.31, "frac_class_11": 0.046485479875617082, "frac_class_21": 0.054695689347223929, "frac_class_22": 0.047914360839291882, "frac_class_23": 0.017357390066934875, "frac_class_24": 0.0031857018206520146, "frac_developed": 0.1231531420741027, "hybrid_seasonal_score": 0.017948075799315469, "jackpot_zone": false, "hybrid_screening_score": 0.33654729109274562, "summer_ghi": 374.41275319134962, "winter_wind": 3.7293066542266606, "solar_cf_p50": 0.026042456, "wind_cf_p50": 0.018611385 }, "geometry": { "type": "Point", "coordinates": [ -74.31, 43.11 ] } },
{ "type": "Feature", "properties": { "latitude": 42.21, "longitude": -76.2, "frac_class_11": 0.003255822124365378, "frac_class_21": 0.055407534066088504, "frac_class_22": 0.020266907144655708, "frac_class_23": 0.0027346563526594093, "frac_class_24": 0.00034549191607474337, "frac_developed": 0.07875458947947836, "hybrid_seasonal_score": 0.11257073616202092, "jackpot_zone": false, "hybrid_screening_score": 0.32369146005509641, "summer_ghi": 381.33725731077573, "winter_wind": 4.1653930359104896, "solar_cf_p50": 0.043571975, "wind_cf_p50": 0.031502161 }, "geometry": { "type": "Point", "coordinates": [ -76.2, 42.21 ] } },
{ "type": "Feature", "properties": { "latitude": 44.82, "longitude": -75.3, "frac_class_11": 0.11081838125832484, "frac_class_21": 0.043563425526913738, "frac_class_22": 0.013985740029773564, "frac_class_23": 0.001116508657839066, "frac_class_24": 1.9587871190159052e-05, "frac_developed": 0.058685262085716519, "hybrid_seasonal_score": 0.0069306893123572315, "jackpot_zone": false, "hybrid_screening_score": 0.10743801652892562, "summer_ghi": 356.19275307014505, "winter_wind": 3.7602607119968701, "solar_cf_p50": 0.024451859, "wind_cf_p50": 0.048316535 }, "geometry": { "type": "Point", "coordinates": [ -75.3, 44.82 ] } },
{ "type": "Feature", "properties": { "latitude": 42.84, "longitude": -74.4, "frac_class_11": 0.0020494563085192972, "frac_class_21": 0.049251362888445165, "frac_class_22": 0.013075531248353115, "frac_class_23": 0.0012999408585465256, "frac_class_24": 0.00011711178905824555, "frac_developed": 0.063743946784403066, "hybrid_seasonal_score": 0.059174262029258275, "jackpot_zone": false, "hybrid_screening_score": 0.5376492194674013, "summer_ghi": 378.43394142628892, "winter_wind": 4.1423061761274607, "solar_cf_p50": 0.027219994, "wind_cf_p50": 0.018891593 }, "geometry": { "type": "Point", "coordinates": [ -74.4, 42.84 ] } },
{ "type": "Feature", "properties": { "latitude": 41.94, "longitude": -74.13, "frac_class_11": 0.13918884100065587, "frac_class_21": 0.062177925606671042, "frac_class_22": 0.027926777850651174, "frac_class_23": 0.0060140073081607799, "frac_class_24": 0.00083739342265529843, "frac_developed": 0.096956104188138298, "hybrid_seasonal_score": 0.00060016645290875191, "jackpot_zone": false, "hybrid_screening_score": 0.47107438016528924, "summer_ghi": 381.07773487702241, "winter_wind": 2.5691241631937216, "solar_cf_p50": 0.029862944, "wind_cf_p50": 0.050186995 }, "geometry": { "type": "Point", "coordinates": [ -74.13, 41.94 ] } },
{ "type": "Feature", "properties": { "latitude": 42.21, "longitude": -75.93, "frac_class_11": 0.0062950166891140129, "frac_class_21": 0.078602799086490607, "frac_class_22": 0.052152017333255259, "frac_class_23": 0.016290917608479241, "frac_class_24": 0.0048193476605961237, "frac_developed": 0.15186508168882126, "hybrid_seasonal_score": 0.099251973782402025, "jackpot_zone": false, "hybrid_screening_score": 0.29797979797979801, "summer_ghi": 380.36074407431619, "winter_wind": 4.2141540732301799, "solar_cf_p50": 0.024053644, "wind_cf_p50": 0.028813165 }, "geometry": { "type": "Point", "coordinates": [ -75.93, 42.21 ] } },
{ "type": "Feature", "properties": { "latitude": 44.37, "longitude": -75.21, "frac_class_11": 0.013873597413853685, "frac_class_21": 0.031383963081824361, "frac_class_22": 0.010553069877486004, "frac_class_23": 0.0010599920354189604, "frac_class_24": 0.00013469512052285133, "frac_developed": 0.043131720115252181, "hybrid_seasonal_score": 0.0062837237893586511, "jackpot_zone": false, "hybrid_screening_score": 0.12075298438934802, "summer_ghi": 356.94396183948743, "winter_wind": 3.6805866578347128, "solar_cf_p50": 0.016291801, "wind_cf_p50": 0.060038056 }, "geometry": { "type": "Point", "coordinates": [ -75.21, 44.37 ] } },
{ "type": "Feature", "properties": { "latitude": 42.3, "longitude": -78.36, "frac_class_11": 0.0024652897740248636, "frac_class_21": 0.051794508435272966, "frac_class_22": 0.0068278571888669625, "frac_class_23": 0.00095449461559632485, "frac_class_24": 0.00012882749412956531, "frac_developed": 0.059705687733865823, "hybrid_seasonal_score": 0.78993352002367778, "jackpot_zone": true, "hybrid_screening_score": 0.73691460055096414, "summer_ghi": 389.17658940712886, "winter_wind": 5.4215377787430628, "solar_cf_p50": 0.034017645, "wind_cf_p50": 0.092337199 }, "geometry": { "type": "Point", "coordinates": [ -78.36, 42.3 ] } },
{ "type": "Feature", "properties": { "latitude": 44.91, "longitude": -74.94, "frac_class_11": 0.12200249462718207, "frac_class_21": 0.056995789584638717, "frac_class_22": 0.059999882881352953, "frac_class_23": 0.026416110841087564, "frac_class_24": 0.0099140934723922075, "frac_developed": 0.15332587677947146, "hybrid_seasonal_score": 0.0076640855503865759, "jackpot_zone": false, "hybrid_screening_score": 0.12626262626262627, "summer_ghi": 356.5777251662301, "winter_wind": 3.7858392109892716, "solar_cf_p50": 0.025383532, "wind_cf_p50": 0.045472972 }, "geometry": { "type": "Point", "coordinates": [ -74.94, 44.91 ] } },
{ "type": "Feature", "properties": { "latitude": 44.64, "longitude": -74.94, "frac_class_11": 0.017579097153497959, "frac_class_21": 0.06410924571502187, "frac_class_22": 0.037143308875628764, "frac_class_23": 0.013444905750976455, "frac_class_24": 0.0040287870891427702, "frac_developed": 0.11872624743076986, "hybrid_seasonal_score": 0.0063073341310255909, "jackpot_zone": false, "hybrid_screening_score": 0.24839302112029385, "summer_ghi": 353.20423657972447, "winter_wind": 3.9132609561411242, "solar_cf_p50": 0.012785628, "wind_cf_p50": 0.054407857 }, "geometry": { "type": "Point", "coordinates": [ -74.94, 44.64 ] } },
{ "type": "Feature", "properties": { "latitude": 42.84, "longitude": -75.3, "frac_class_11": 0.0033025911286780852, "frac_class_21": 0.05074513248426292, "frac_class_22": 0.014838237446933099, "frac_class_23": 0.0016630068803981848, "frac_class_24": 8.1979212413995026e-05, "frac_developed": 0.06732835602400819, "hybrid_seasonal_score": 0.15743734194773515, "jackpot_zone": false, "hybrid_screening_score": 0.44490358126721763, "summer_ghi": 377.33569613049201, "winter_wind": 5.0970014748696038, "solar_cf_p50": 0.059117451, "wind_cf_p50": 0.015240387 }, "geometry": { "type": "Point", "coordinates": [ -75.3, 42.84 ] } },
{ "type": "Feature", "properties": { "latitude": 41.94, "longitude": -73.5, "frac_class_11": 0.029554890581903998, "frac_class_21": 0.079254188455614966, "frac_class_22": 0.023593551447293682, "frac_class_23": 0.005645118787587766, "frac_class_24": 0.00079055086755637797, "frac_developed": 0.10928340955805278, "hybrid_seasonal_score": 0.16650265911473022, "jackpot_zone": false, "hybrid_screening_score": 0.59366391184573009, "summer_ghi": 381.63908929548268, "winter_wind": 4.4158901514838114, "solar_cf_p50": 0.027066918, "wind_cf_p50": 0.050042987 }, "geometry": { "type": "Point", "coordinates": [ -73.5, 41.94 ] } },
{ "type": "Feature", "properties": { "latitude": 44.19, "longitude": -75.93, "frac_class_11": 0.0024418379954676676, "frac_class_21": 0.036662704291662032, "frac_class_22": 0.025331873305499113, "frac_class_23": 0.003343619893074432, "frac_class_24": 0.00039233368272502091, "frac_developed": 0.065730531172960599, "hybrid_seasonal_score": 0.0098208481003372074, "jackpot_zone": false, "hybrid_screening_score": 0.17309458218549126, "summer_ghi": 371.44848270995061, "winter_wind": 3.5869933405635832, "solar_cf_p50": 0.01987876, "wind_cf_p50": 0.0495863 }, "geometry": { "type": "Point", "coordinates": [ -75.93, 44.19 ] } },
{ "type": "Feature", "properties": { "latitude": 43.2, "longitude": -76.56, "frac_class_11": 0.012443419041651783, "frac_class_21": 0.064243176614570213, "frac_class_22": 0.019171648914055501, "frac_class_23": 0.0029688533901729196, "frac_class_24": 0.00025179624413695375, "frac_developed": 0.086635475162935585, "hybrid_seasonal_score": 0.33685717682712424, "jackpot_zone": false, "hybrid_screening_score": 0.30257116620752983, "summer_ghi": 390.70246596774399, "winter_wind": 4.4760325371338014, "solar_cf_p50": 0.0320337, "wind_cf_p50": 0.014105778 }, "geometry": { "type": "Point", "coordinates": [ -76.56, 43.2 ] } },
{ "type": "Feature", "properties": { "latitude": 42.03, "longitude": -76.65, "frac_class_11": 0.013855135945469558, "frac_class_21": 0.058975094719705801, "frac_class_22": 0.028612085473188612, "frac_class_23": 0.0079113646079160497, "frac_class_24": 0.0020085847968284269, "frac_developed": 0.097507129597638895, "hybrid_seasonal_score": 0.17382523793743426, "jackpot_zone": false, "hybrid_screening_score": 0.47704315886134069, "summer_ghi": 382.62983490075362, "winter_wind": 4.3642959689463892, "solar_cf_p50": 0.02036701, "wind_cf_p50": 0.049192496 }, "geometry": { "type": "Point", "coordinates": [ -76.65, 42.03 ] } },
{ "type": "Feature", "properties": { "latitude": 42.03, "longitude": -75.48, "frac_class_11": 0.010710437552703083, "frac_class_21": 0.055150847934039161, "frac_class_22": 0.020718167338142978, "frac_class_23": 0.0070797807551766139, "frac_class_24": 0.00077883444205003281, "frac_developed": 0.083727630469408773, "hybrid_seasonal_score": 0.38025298481096131, "jackpot_zone": false, "hybrid_screening_score": 0.61478420569329661, "summer_ghi": 382.96246024868435, "winter_wind": 4.8928031583646163, "solar_cf_p50": 0.045448702, "wind_cf_p50": 0.09092921 }, "geometry": { "type": "Point", "coordinates": [ -75.48, 42.03 ] } },
{ "type": "Feature", "properties": { "latitude": 41.76, "longitude": -73.77, "frac_class_11": 0.0042109825235440192, "frac_class_21": 0.10456004310546783, "frac_class_22": 0.040481656749285479, "frac_class_23": 0.0092243358478189576, "frac_class_24": 0.0016398819285011479, "frac_developed": 0.15590591763107342, "hybrid_seasonal_score": 0.074519297659793524, "jackpot_zone": false, "hybrid_screening_score": 0.51974288337924701, "summer_ghi": 380.49313087865602, "winter_wind": 3.9858094088356237, "solar_cf_p50": 0.035531018, "wind_cf_p50": 0.048699934 }, "geometry": { "type": "Point", "coordinates": [ -73.77, 41.76 ] } },
{ "type": "Feature", "properties": { "latitude": 44.82, "longitude": -74.49, "frac_class_11": 0.00018740080933724534, "frac_class_21": 0.048308414881966771, "frac_class_22": 0.019536534373407827, "frac_class_23": 0.0031272510058152816, "frac_class_24": 0.00031038259046481257, "frac_developed": 0.071282582851654688, "hybrid_seasonal_score": 0.0031378565688608261, "jackpot_zone": false, "hybrid_screening_score": 0.16712580348943987, "summer_ghi": 351.85387323943667, "winter_wind": 3.6916103112332399, "solar_cf_p50": 0.019657854, "wind_cf_p50": 0.053119894 }, "geometry": { "type": "Point", "coordinates": [ -74.49, 44.82 ] } },
{ "type": "Feature", "properties": { "latitude": 42.57, "longitude": -78.54, "frac_class_11": 0.0042630438601627919, "frac_class_21": 0.045347543479533875, "frac_class_22": 0.028283656379926216, "frac_class_23": 0.0051531299408561224, "frac_class_24": 0.00066170873104175209, "frac_developed": 0.079446038531357968, "hybrid_seasonal_score": 0.74255641817625284, "jackpot_zone": true, "hybrid_screening_score": 0.60560146923783287, "summer_ghi": 390.4687247198371, "winter_wind": 5.2315289198167365, "solar_cf_p50": 0.038659722, "wind_cf_p50": 0.021397816 }, "geometry": { "type": "Point", "coordinates": [ -78.54, 42.57 ] } },
{ "type": "Feature", "properties": { "latitude": 41.58, "longitude": -74.4, "frac_class_11": 0.0024304396460342837, "frac_class_21": 0.09141381309626298, "frac_class_22": 0.03817254364542521, "frac_class_23": 0.011367429766150711, "frac_class_24": 0.0019092128303787386, "frac_developed": 0.14286299933821764, "hybrid_seasonal_score": 0.070719719104392287, "jackpot_zone": false, "hybrid_screening_score": 0.55234159779614322, "summer_ghi": 381.16501501629108, "winter_wind": 3.8774791205822243, "solar_cf_p50": 0.027678693, "wind_cf_p50": 0.048932623 }, "geometry": { "type": "Point", "coordinates": [ -74.4, 41.58 ] } },
{ "type": "Feature", "properties": { "latitude": 43.2, "longitude": -78.0, "frac_class_11": 0.0030570294107312274, "frac_class_21": 0.062259156447286738, "frac_class_22": 0.069796315166848213, "frac_class_23": 0.022740316478676928, "frac_class_24": 0.0073146163486653313, "frac_developed": 0.1621104044414772, "hybrid_seasonal_score": 0.51199932373235657, "jackpot_zone": false, "hybrid_screening_score": 0.62258953168044084, "summer_ghi": 393.35598979264535, "winter_wind": 4.7450620231286216, "solar_cf_p50": 0.03822507, "wind_cf_p50": 0.018932644 }, "geometry": { "type": "Point", "coordinates": [ -78.0, 43.2 ] } },
{ "type": "Feature", "properties": { "latitude": 44.37, "longitude": -73.68, "frac_class_11": 0.0040933446549351448, "frac_class_21": 0.021778467484554798, "frac_class_22": 0.011676865868298539, "frac_class_23": 0.0015518402482944398, "frac_class_24": 0.00027523204403712706, "frac_developed": 0.035282405645184901, "hybrid_seasonal_score": 9.4441366667762856e-05, "jackpot_zone": false, "hybrid_screening_score": 0.05968778696051423, "summer_ghi": 346.66819141449685, "winter_wind": 3.0772333760080577, "solar_cf_p50": 0.030557336, "wind_cf_p50": 0.048986889 }, "geometry": { "type": "Point", "coordinates": [ -73.68, 44.37 ] } },
{ "type": "Feature", "properties": { "latitude": 42.39, "longitude": -78.63, "frac_class_11": 0.0034372310088595067, "frac_class_21": 0.051371086270399408, "frac_class_22": 0.016383939289248552, "frac_class_23": 0.0019382001089139637, "frac_class_24": 0.00038061331443929803, "frac_developed": 0.070073838983001221, "hybrid_seasonal_score": 0.8172416206475811, "jackpot_zone": true, "hybrid_screening_score": 0.69329660238751145, "summer_ghi": 392.18498382847804, "winter_wind": 5.3871094743190566, "solar_cf_p50": 0.038085163, "wind_cf_p50": 0.045271177 }, "geometry": { "type": "Point", "coordinates": [ -78.63, 42.39 ] } },
{ "type": "Feature", "properties": { "latitude": 43.47, "longitude": -73.59, "frac_class_11": 0.15852223152643014, "frac_class_21": 0.027996556792429628, "frac_class_22": 0.012162486604868508, "frac_class_23": 0.0013234097124218984, "frac_class_24": 5.2702156689367635e-05, "frac_developed": 0.041535155266409399, "hybrid_seasonal_score": 0.006912559942862973, "jackpot_zone": false, "hybrid_screening_score": 0.18686868686868685, "summer_ghi": 367.50704975467875, "winter_wind": 3.4720884094095874, "solar_cf_p50": 0.022236405, "wind_cf_p50": 0.017002363 }, "geometry": { "type": "Point", "coordinates": [ -73.59, 43.47 ] } },
{ "type": "Feature", "properties": { "latitude": 42.66, "longitude": -74.22, "frac_class_11": 0.0019500140541553453, "frac_class_21": 0.055267965895249696, "frac_class_22": 0.0197753677503982, "frac_class_23": 0.0022193853649395672, "frac_class_24": 0.0001405415534526375, "frac_developed": 0.077403260564040108, "hybrid_seasonal_score": 0.30608868550265994, "jackpot_zone": false, "hybrid_screening_score": 0.78282828282828287, "summer_ghi": 381.11331236031981, "winter_wind": 4.9433295409205638, "solar_cf_p50": 0.026247054, "wind_cf_p50": 0.017701892 }, "geometry": { "type": "Point", "coordinates": [ -74.22, 42.66 ] } },
{ "type": "Feature", "properties": { "latitude": 42.57, "longitude": -77.01, "frac_class_11": 0.022515664343854307, "frac_class_21": 0.049528605727001226, "frac_class_22": 0.04753176787491948, "frac_class_23": 0.0070562745212859402, "frac_class_24": 0.00070269953738947124, "frac_developed": 0.10481934766059613, "hybrid_seasonal_score": 0.2846648301193756, "jackpot_zone": false, "hybrid_screening_score": 0.45362718089990817, "summer_ghi": 384.26338739232114, "winter_wind": 4.5921724423172421, "solar_cf_p50": 0.028656313, "wind_cf_p50": 0.017435541 }, "geometry": { "type": "Point", "coordinates": [ -77.01, 42.57 ] } },
{ "type": "Feature", "properties": { "latitude": 43.11, "longitude": -77.19, "frac_class_11": 0.003794688607150177, "frac_class_21": 0.06551693848271016, "frac_class_22": 0.055643720902995346, "frac_class_23": 0.0094574415131906415, "frac_class_24": 0.002155008344801335, "frac_developed": 0.13277310924369748, "hybrid_seasonal_score": 0.34646595346570302, "jackpot_zone": false, "hybrid_screening_score": 0.40771349862258954, "summer_ghi": 391.77563119166501, "winter_wind": 4.4860056498163106, "solar_cf_p50": 0.029434921, "wind_cf_p50": 0.017840978 }, "geometry": { "type": "Point", "coordinates": [ -77.19, 43.11 ] } },
{ "type": "Feature", "properties": { "latitude": 42.21, "longitude": -73.5, "frac_class_11": 0.004415140300744835, "frac_class_21": 0.062145734763667027, "frac_class_22": 0.011758092472010118, "frac_class_23": 0.0026701644259146482, "frac_class_24": 0.00039818241439078093, "frac_developed": 0.076972174075982586, "hybrid_seasonal_score": 0.16042531500833529, "jackpot_zone": false, "hybrid_screening_score": 0.62580348943985309, "summer_ghi": 379.86520286515213, "winter_wind": 4.6173668557568526, "solar_cf_p50": 0.030230783, "wind_cf_p50": 0.029153651 }, "geometry": { "type": "Point", "coordinates": [ -73.5, 42.21 ] } },
{ "type": "Feature", "properties": { "latitude": 42.48, "longitude": -78.72, "frac_class_11": 0.0061371249209435244, "frac_class_21": 0.057922044459019467, "frac_class_22": 0.043516197793445927, "frac_class_23": 0.012947693893326463, "frac_class_24": 0.0027581925932866412, "frac_developed": 0.11714412873907849, "hybrid_seasonal_score": 0.80674281845080742, "jackpot_zone": true, "hybrid_screening_score": 0.70156106519742889, "summer_ghi": 394.87063690790484, "winter_wind": 5.2719641008593712, "solar_cf_p50": 0.028355116, "wind_cf_p50": 0.019987991 }, "geometry": { "type": "Point", "coordinates": [ -78.72, 42.48 ] } },
{ "type": "Feature", "properties": { "latitude": 42.21, "longitude": -78.36, "frac_class_11": 0.0043567371318147217, "frac_class_21": 0.066580781167652398, "frac_class_22": 0.025349885811325173, "frac_class_23": 0.0040815131463371786, "frac_class_24": 0.00059729460678105049, "frac_developed": 0.096609474732095801, "hybrid_seasonal_score": 0.60077041388085717, "jackpot_zone": false, "hybrid_screening_score": 0.62396694214876036, "summer_ghi": 388.78746192887388, "winter_wind": 4.9895964136926221, "solar_cf_p50": 0.028299961, "wind_cf_p50": 0.047422551 }, "geometry": { "type": "Point", "coordinates": [ -78.36, 42.21 ] } },
{ "type": "Feature", "properties": { "latitude": 43.74, "longitude": -75.57, "frac_class_11": 0.0031565323822742258, "frac_class_21": 0.0258378865873727, "frac_class_22": 0.0091592145563578649, "frac_class_23": 0.0013410870418196618, "frac_class_24": 9.3700404668622668e-05, "frac_developed": 0.036431888590218849, "hybrid_seasonal_score": 0.089495000088538779, "jackpot_zone": false, "hybrid_screening_score": 0.47061524334251609, "summer_ghi": 367.10292250753326, "winter_wind": 5.0292086689444959, "solar_cf_p50": 0.075492539, "wind_cf_p50": 0.039702293 }, "geometry": { "type": "Point", "coordinates": [ -75.57, 43.74 ] } },
{ "type": "Feature", "properties": { "latitude": 43.74, "longitude": -76.02, "frac_class_11": 0.0009017343748170182, "frac_class_21": 0.051381293110515161, "frac_class_22": 0.0218992633884133, "frac_class_23": 0.0020903842325303602, "frac_class_24": 0.00012296377838413885, "frac_developed": 0.07549390450984296, "hybrid_seasonal_score": 0.18520626584738781, "jackpot_zone": false, "hybrid_screening_score": 0.3861340679522498, "summer_ghi": 384.08987568739548, "winter_wind": 4.3208840440365073, "solar_cf_p50": 0.029890506, "wind_cf_p50": 0.017213633 }, "geometry": { "type": "Point", "coordinates": [ -76.02, 43.74 ] } },
{ "type": "Feature", "properties": { "latitude": 42.93, "longitude": -74.85, "frac_class_11": 0.0014697357403427821, "frac_class_21": 0.051142119347226532, "frac_class_22": 0.0089238138178581675, "frac_class_23": 0.0013292032392741497, "frac_class_24": 0.00017566562633579069, "frac_developed": 0.061570802030694635, "hybrid_seasonal_score": 0.22660678915374632, "jackpot_zone": false, "hybrid_screening_score": 0.59595959595959602, "summer_ghi": 379.01380509658225, "winter_wind": 5.1132909100900683, "solar_cf_p50": 0.027313776, "wind_cf_p50": 0.015136288 }, "geometry": { "type": "Point", "coordinates": [ -74.85, 42.93 ] } },
{ "type": "Feature", "properties": { "latitude": 42.57, "longitude": -75.12, "frac_class_11": 0.0051822877018749929, "frac_class_21": 0.064143253656879853, "frac_class_22": 0.012220829868715378, "frac_class_23": 0.0013233864639816365, "frac_class_24": 7.0268307822033798e-05, "frac_developed": 0.077757738297398904, "hybrid_seasonal_score": 0.11656278116333213, "jackpot_zone": false, "hybrid_screening_score": 0.38751147842056932, "summer_ghi": 377.90808738230834, "winter_wind": 4.7025422506110628, "solar_cf_p50": 0.024376543, "wind_cf_p50": 0.024363695 }, "geometry": { "type": "Point", "coordinates": [ -75.12, 42.57 ] } },
{ "type": "Feature", "properties": { "latitude": 42.66, "longitude": -78.9, "frac_class_11": 0.0024125452352231603, "frac_class_21": 0.077576211835525308, "frac_class_22": 0.068710693665312045, "frac_class_23": 0.017256725262627802, "frac_class_24": 0.0017391406185953365, "frac_developed": 0.16528277138206049, "hybrid_seasonal_score": 0.84557677113399621, "jackpot_zone": true, "hybrid_screening_score": 0.90082644628099173, "summer_ghi": 405.44177157734049, "winter_wind": 5.255611866664303, "solar_cf_p50": 0.024791583, "wind_cf_p50": 0.023258328 }, "geometry": { "type": "Point", "coordinates": [ -78.9, 42.66 ] } },
{ "type": "Feature", "properties": { "latitude": 42.57, "longitude": -74.49, "frac_class_11": 0.0016396034501941173, "frac_class_21": 0.036844231816504952, "frac_class_22": 0.0044444964953476249, "frac_class_23": 0.00035719932307800412, "frac_class_24": 1.1711453215672267e-05, "frac_developed": 0.04165763908814625, "hybrid_seasonal_score": 0.32490781426418791, "jackpot_zone": false, "hybrid_screening_score": 0.6776859504132231, "summer_ghi": 381.86217955673516, "winter_wind": 4.8572229819364114, "solar_cf_p50": 0.055002078, "wind_cf_p50": 0.027970284 }, "geometry": { "type": "Point", "coordinates": [ -74.49, 42.57 ] } },
{ "type": "Feature", "properties": { "latitude": 43.2, "longitude": -73.68, "frac_class_11": 0.0041694482508227637, "frac_class_21": 0.072971200356042779, "frac_class_22": 0.078428961268636618, "frac_class_23": 0.019143154960589343, "frac_class_24": 0.0062014686764344188, "frac_developed": 0.17674478526170317, "hybrid_seasonal_score": 0.0048740599078690742, "jackpot_zone": false, "hybrid_screening_score": 0.33287419651056016, "summer_ghi": 375.48552260380688, "winter_wind": 3.2663834694092495, "solar_cf_p50": 0.02623223, "wind_cf_p50": 0.013276623 }, "geometry": { "type": "Point", "coordinates": [ -73.68, 43.2 ] } },
{ "type": "Feature", "properties": { "latitude": 43.92, "longitude": -76.02, "frac_class_11": 0.00271124904842771, "frac_class_21": 0.046460151080400539, "frac_class_22": 0.042519177841541252, "frac_class_23": 0.010107161679451894, "frac_class_24": 0.002031972828951221, "frac_developed": 0.1011184634303449, "hybrid_seasonal_score": 0.24781562178256394, "jackpot_zone": false, "hybrid_screening_score": 0.55831037649219462, "summer_ghi": 386.49541643026288, "winter_wind": 4.3977744730245538, "solar_cf_p50": 0.027881276, "wind_cf_p50": 0.031034747 }, "geometry": { "type": "Point", "coordinates": [ -76.02, 43.92 ] } },
{ "type": "Feature", "properties": { "latitude": 42.03, "longitude": -75.66, "frac_class_11": 0.011939966387735623, "frac_class_21": 0.057257965345404081, "frac_class_22": 0.01916016185417899, "frac_class_23": 0.0049188679576743126, "frac_class_24": 0.00047431941020430868, "frac_developed": 0.081811314567461685, "hybrid_seasonal_score": 0.10658382809647521, "jackpot_zone": false, "hybrid_screening_score": 0.36960514233241504, "summer_ghi": 380.23479620513905, "winter_wind": 4.3040052596920129, "solar_cf_p50": 0.029364951, "wind_cf_p50": 0.04859462 }, "geometry": { "type": "Point", "coordinates": [ -75.66, 42.03 ] } },
{ "type": "Feature", "properties": { "latitude": 42.03, "longitude": -79.35, "frac_class_11": 0.00083148396465607599, "frac_class_21": 0.073170588889734683, "frac_class_22": 0.018755233371784585, "frac_class_23": 0.0035952898190058495, "frac_class_24": 0.00082562844377821634, "frac_developed": 0.096346740524303337, "hybrid_seasonal_score": 0.57387148891030682, "jackpot_zone": false, "hybrid_screening_score": 0.64876033057851235, "summer_ghi": 395.1536384182146, "winter_wind": 4.8216123007599583, "solar_cf_p50": 0.023886088, "wind_cf_p50": 0.061688747 }, "geometry": { "type": "Point", "coordinates": [ -79.35, 42.03 ] } },
{ "type": "Feature", "properties": { "latitude": 42.3, "longitude": -78.18, "frac_class_11": 0.0014874416589073746, "frac_class_21": 0.050824827392350801, "frac_class_22": 0.010154424553328297, "frac_class_23": 0.00070272834279088564, "frac_class_24": 2.9280347616286902e-05, "frac_developed": 0.061711260636086271, "hybrid_seasonal_score": 0.50420327323658154, "jackpot_zone": false, "hybrid_screening_score": 0.56657483930211205, "summer_ghi": 387.54651193990094, "winter_wind": 4.8449029101854855, "solar_cf_p50": 0.03216387, "wind_cf_p50": 0.05226877 }, "geometry": { "type": "Point", "coordinates": [ -78.18, 42.3 ] } },
{ "type": "Feature", "properties": { "latitude": 42.57, "longitude": -75.57, "frac_class_11": 0.0043273566233735811, "frac_class_21": 0.059856886879735789, "frac_class_22": 0.04336725731083186, "frac_class_23": 0.016466206799629922, "frac_class_24": 0.0047431107779872814, "frac_developed": 0.12443346176818484, "hybrid_seasonal_score": 0.18041168003602262, "jackpot_zone": false, "hybrid_screening_score": 0.37052341597796146, "summer_ghi": 379.40828930759403, "winter_wind": 4.770752824415152, "solar_cf_p50": 0.027264163, "wind_cf_p50": 0.021046344 }, "geometry": { "type": "Point", "coordinates": [ -75.57, 42.57 ] } },
{ "type": "Feature", "properties": { "latitude": 43.38, "longitude": -75.66, "frac_class_11": 0.0031621849526843435, "frac_class_21": 0.034942143727161999, "frac_class_22": 0.0064063524782160593, "frac_class_23": 0.00032207439332896092, "frac_class_24": 5.8558980605265626e-06, "frac_developed": 0.041676426496767546, "hybrid_seasonal_score": 0.05152957068809811, "jackpot_zone": false, "hybrid_screening_score": 0.18365472910927455, "summer_ghi": 377.17444954733162, "winter_wind": 4.2342339910061098, "solar_cf_p50": 0.019636977, "wind_cf_p50": 0.018936941 }, "geometry": { "type": "Point", "coordinates": [ -75.66, 43.38 ] } },
{ "type": "Feature", "properties": { "latitude": 42.48, "longitude": -77.46, "frac_class_11": 0.00022835996557034365, "frac_class_21": 0.049442860237845686, "frac_class_22": 0.030506549246704883, "frac_class_23": 0.0042685747410456543, "frac_class_24": 0.0004859968498035519, "frac_developed": 0.084703981075399767, "hybrid_seasonal_score": 0.62344435253275721, "jackpot_zone": false, "hybrid_screening_score": 0.68089990817263546, "summer_ghi": 386.063640279666, "winter_wind": 5.2713469650506317, "solar_cf_p50": 0.042943224, "wind_cf_p50": 0.031754039 }, "geometry": { "type": "Point", "coordinates": [ -77.46, 42.48 ] } },
{ "type": "Feature", "properties": { "latitude": 42.03, "longitude": -79.26, "frac_class_11": 0.00043332376897987386, "frac_class_21": 0.086600340803288572, "frac_class_22": 0.041739619260655961, "frac_class_23": 0.0079754996398728132, "frac_class_24": 0.00093691625725378131, "frac_developed": 0.13725237596107115, "hybrid_seasonal_score": 0.54182361219676511, "jackpot_zone": false, "hybrid_screening_score": 0.62442607897153346, "summer_ghi": 394.84184303217637, "winter_wind": 4.7775896676682974, "solar_cf_p50": 0.022485301, "wind_cf_p50": 0.061226785 }, "geometry": { "type": "Point", "coordinates": [ -79.26, 42.03 ] } },
{ "type": "Feature", "properties": { "latitude": 42.39, "longitude": -74.31, "frac_class_11": 0.00053874893128608744, "frac_class_21": 0.045149502828431887, "frac_class_22": 0.0044563906163990492, "frac_class_23": 0.0003396460653760116, "frac_class_24": 0.0, "frac_developed": 0.049945539510206943, "hybrid_seasonal_score": 0.41071875782619582, "jackpot_zone": false, "hybrid_screening_score": 0.71303948576675846, "summer_ghi": 385.18121190773894, "winter_wind": 4.799330522158928, "solar_cf_p50": 0.058824588, "wind_cf_p50": 0.073900498 }, "geometry": { "type": "Point", "coordinates": [ -74.31, 42.39 ] } },
{ "type": "Feature", "properties": { "latitude": 44.37, "longitude": -75.57, "frac_class_11": 0.031672512428343062, "frac_class_21": 0.041088189999941446, "frac_class_22": 0.0080279191235456352, "frac_class_23": 0.00063239625480884657, "frac_class_24": 1.7566562633579071e-05, "frac_developed": 0.04976607194092951, "hybrid_seasonal_score": 0.012243016187418892, "jackpot_zone": false, "hybrid_screening_score": 0.13590449954086317, "summer_ghi": 363.76904090267988, "winter_wind": 3.7167858264461389, "solar_cf_p50": 0.020528942, "wind_cf_p50": 0.051490847 }, "geometry": { "type": "Point", "coordinates": [ -75.57, 44.37 ] } },
{ "type": "Feature", "properties": { "latitude": 42.84, "longitude": -73.59, "frac_class_11": 0.059581046972633944, "frac_class_21": 0.069800127665306078, "frac_class_22": 0.032472666155224615, "frac_class_23": 0.0064008339238341757, "frac_class_24": 0.0026704302555062985, "frac_developed": 0.11134405799987117, "hybrid_seasonal_score": 0.06067436195159711, "jackpot_zone": false, "hybrid_screening_score": 0.4494949494949495, "summer_ghi": 379.86218369609367, "winter_wind": 3.9573511880224901, "solar_cf_p50": 0.025709182, "wind_cf_p50": 0.018371891 }, "geometry": { "type": "Point", "coordinates": [ -73.59, 42.84 ] } },
{ "type": "Feature", "properties": { "latitude": 43.02, "longitude": -74.49, "frac_class_11": 0.0058151110902894083, "frac_class_21": 0.049425516215551468, "frac_class_22": 0.016186270950211405, "frac_class_23": 0.0011946451786697275, "frac_class_24": 6.4417141987093148e-05, "frac_developed": 0.066870849486419706, "hybrid_seasonal_score": 0.036460270119173195, "jackpot_zone": false, "hybrid_screening_score": 0.33103764921946743, "summer_ghi": 376.82482931673553, "winter_wind": 4.012377940770377, "solar_cf_p50": 0.028281705, "wind_cf_p50": 0.019795856 }, "geometry": { "type": "Point", "coordinates": [ -74.49, 43.02 ] } },
{ "type": "Feature", "properties": { "latitude": 43.11, "longitude": -74.85, "frac_class_11": 0.0033437765350042455, "frac_class_21": 0.065434954469592715, "frac_class_22": 0.020636547301847569, "frac_class_23": 0.0057388809182209472, "frac_class_24": 0.00094867215178754424, "frac_developed": 0.092759054841448765, "hybrid_seasonal_score": 0.034833686223618605, "jackpot_zone": false, "hybrid_screening_score": 0.2089072543617998, "summer_ghi": 374.82789181513255, "winter_wind": 4.0930517780219429, "solar_cf_p50": 0.04173322, "wind_cf_p50": 0.021865949 }, "geometry": { "type": "Point", "coordinates": [ -74.85, 43.11 ] } },
{ "type": "Feature", "properties": { "latitude": 42.93, "longitude": -75.66, "frac_class_11": 0.0041111534069280548, "frac_class_21": 0.055278029925917252, "frac_class_22": 0.02786448420251237, "frac_class_23": 0.0064888290240402912, "frac_class_24": 0.00073204298556411233, "frac_developed": 0.090363386138034033, "hybrid_seasonal_score": 0.38279299379975562, "jackpot_zone": false, "hybrid_screening_score": 0.59044995408631773, "summer_ghi": 380.50018565482355, "winter_wind": 5.623131718918092, "solar_cf_p50": 0.02775128, "wind_cf_p50": 0.018180525 }, "geometry": { "type": "Point", "coordinates": [ -75.66, 42.93 ] } },
{ "type": "Feature", "properties": { "latitude": 43.2, "longitude": -78.81, "frac_class_11": 0.001944294783199419, "frac_class_21": 0.029304973178102087, "frac_class_22": 0.07084963339501979, "frac_class_23": 0.0083335285436529315, "frac_class_24": 0.0030687062240858302, "frac_developed": 0.11155684134086064, "hybrid_seasonal_score": 0.81624893226445938, "jackpot_zone": true, "hybrid_screening_score": 0.90817263544536275, "summer_ghi": 404.97113041438342, "winter_wind": 5.1950116923773493, "solar_cf_p50": 0.033597115, "wind_cf_p50": 0.018996941 }, "geometry": { "type": "Point", "coordinates": [ -78.81, 43.2 ] } },
{ "type": "Feature", "properties": { "latitude": 43.29, "longitude": -78.0, "frac_class_11": 0.0021315718585666935, "frac_class_21": 0.039112001218041065, "frac_class_22": 0.044897696262722088, "frac_class_23": 0.0063244439759671126, "frac_class_24": 0.00063830036424112528, "frac_developed": 0.090972441820971389, "hybrid_seasonal_score": 0.57889501071319249, "jackpot_zone": false, "hybrid_screening_score": 0.70477502295684114, "summer_ghi": 397.35654763702439, "winter_wind": 4.8129470122622529, "solar_cf_p50": 0.041732673, "wind_cf_p50": 0.012698255 }, "geometry": { "type": "Point", "coordinates": [ -78.0, 43.29 ] } },
{ "type": "Feature", "properties": { "latitude": 43.2, "longitude": -73.77, "frac_class_11": 0.02284958042736094, "frac_class_21": 0.064104140681271196, "frac_class_22": 0.061281614344523887, "frac_class_23": 0.013819838495277246, "frac_class_24": 0.0054752326241882306, "frac_developed": 0.14468082614526054, "hybrid_seasonal_score": 0.0048740599078690742, "jackpot_zone": false, "hybrid_screening_score": 0.33287419651056016, "summer_ghi": 375.48552260380688, "winter_wind": 3.2663834694092495, "solar_cf_p50": 0.025843926, "wind_cf_p50": 0.016460726 }, "geometry": { "type": "Point", "coordinates": [ -73.77, 43.2 ] } },
{ "type": "Feature", "properties": { "latitude": 42.75, "longitude": -78.45, "frac_class_11": 0.0015577874732804311, "frac_class_21": 0.047928318350853559, "frac_class_22": 0.02709144680975667, "frac_class_23": 0.0034552428918626101, "frac_class_24": 0.00024596644314954172, "frac_developed": 0.078720974495622389, "hybrid_seasonal_score": 0.78706191221843613, "jackpot_zone": true, "hybrid_screening_score": 0.68365472910927449, "summer_ghi": 390.07494536401344, "winter_wind": 5.3881683436341028, "solar_cf_p50": 0.032554861, "wind_cf_p50": 0.019124813 }, "geometry": { "type": "Point", "coordinates": [ -78.45, 42.75 ] } },
{ "type": "Feature", "properties": { "latitude": 42.21, "longitude": -77.64, "frac_class_11": 0.00045089622945347862, "frac_class_21": 0.038103659286412801, "frac_class_22": 0.013690849148860169, "frac_class_23": 0.0012765633509202383, "frac_class_24": 2.9278975938537575e-05, "frac_developed": 0.053100350762131751, "hybrid_seasonal_score": 0.66792813349287172, "jackpot_zone": false, "hybrid_screening_score": 0.82506887052341593, "summer_ghi": 385.59596990987166, "winter_wind": 5.5527105208634193, "solar_cf_p50": 0.039117321, "wind_cf_p50": 0.05051022 }, "geometry": { "type": "Point", "coordinates": [ -77.64, 42.21 ] } },
{ "type": "Feature", "properties": { "latitude": 44.82, "longitude": -73.59, "frac_class_11": 0.0016278348040449939, "frac_class_21": 0.027356993541360473, "frac_class_22": 0.013889295522283185, "frac_class_23": 0.0012296593843505348, "frac_class_24": 6.4410729656456595e-05, "frac_developed": 0.042540359177650644, "hybrid_seasonal_score": 0.0066716079738869619, "jackpot_zone": false, "hybrid_screening_score": 0.18732782369146006, "summer_ghi": 358.71919776862535, "winter_wind": 3.6290038644056004, "solar_cf_p50": 0.032799166, "wind_cf_p50": 0.050755668 }, "geometry": { "type": "Point", "coordinates": [ -73.59, 44.82 ] } },
{ "type": "Feature", "properties": { "latitude": 44.55, "longitude": -75.12, "frac_class_11": 0.0058272669239644156, "frac_class_21": 0.064913996568061891, "frac_class_22": 0.023988427457847485, "frac_class_23": 0.0086676935150425474, "frac_class_24": 0.0019385179415399212, "frac_developed": 0.09950863548249185, "hybrid_seasonal_score": 0.0056232666425503888, "jackpot_zone": false, "hybrid_screening_score": 0.14830119375573922, "summer_ghi": 354.40655853314524, "winter_wind": 3.751587596622969, "solar_cf_p50": 0.021492423, "wind_cf_p50": 0.059251454 }, "geometry": { "type": "Point", "coordinates": [ -75.12, 44.55 ] } },
{ "type": "Feature", "properties": { "latitude": 42.48, "longitude": -76.83, "frac_class_11": 0.13388418136993682, "frac_class_21": 0.0445519333360661, "frac_class_22": 0.019476831003648245, "frac_class_23": 0.0013585763057265162, "frac_class_24": 5.8559323522694663e-05, "frac_developed": 0.06544589996896355, "hybrid_seasonal_score": 0.40666178438530054, "jackpot_zone": false, "hybrid_screening_score": 0.46648301193755737, "summer_ghi": 385.55000486073953, "winter_wind": 4.7746506422086989, "solar_cf_p50": 0.027383881, "wind_cf_p50": 0.019986119 }, "geometry": { "type": "Point", "coordinates": [ -76.83, 42.48 ] } },
{ "type": "Feature", "properties": { "latitude": 42.66, "longitude": -77.37, "frac_class_11": 0.054662247622616761, "frac_class_21": 0.048771490139129618, "frac_class_22": 0.019710029512343654, "frac_class_23": 0.0028926781280742024, "frac_class_24": 0.00026935869208788118, "frac_developed": 0.071643556471635353, "hybrid_seasonal_score": 0.48105227919903604, "jackpot_zone": false, "hybrid_screening_score": 0.51010101010101006, "summer_ghi": 383.43025701953758, "winter_wind": 5.1572638558971633, "solar_cf_p50": 0.024697067, "wind_cf_p50": 0.015515847 }, "geometry": { "type": "Point", "coordinates": [ -77.37, 42.66 ] } },
{ "type": "Feature", "properties": { "latitude": 43.83, "longitude": -75.75, "frac_class_11": 0.0010716418959277607, "frac_class_21": 0.037648009556937562, "frac_class_22": 0.0054694728458826699, "frac_class_23": 0.00028694236557628565, "frac_class_24": 0.0, "frac_developed": 0.043404424768396517, "hybrid_seasonal_score": 0.097691793972785698, "jackpot_zone": false, "hybrid_screening_score": 0.51193755739210278, "summer_ghi": 368.88255054717439, "winter_wind": 5.0680566888276815, "solar_cf_p50": 0.052901074, "wind_cf_p50": 0.017484203 }, "geometry": { "type": "Point", "coordinates": [ -75.75, 43.83 ] } },
{ "type": "Feature", "properties": { "latitude": 42.03, "longitude": -79.53, "frac_class_11": 0.00087251859225859348, "frac_class_21": 0.047935820108918427, "frac_class_22": 0.0095742811969315462, "frac_class_23": 0.0013292732915617497, "frac_class_24": 0.00015810739591263102, "frac_developed": 0.058997481993324358, "hybrid_seasonal_score": 0.70785490770464476, "jackpot_zone": true, "hybrid_screening_score": 0.7341597796143251, "summer_ghi": 396.32931033090966, "winter_wind": 5.0552324135030364, "solar_cf_p50": 0.017901462, "wind_cf_p50": 0.053336158 }, "geometry": { "type": "Point", "coordinates": [ -79.53, 42.03 ] } },
{ "type": "Feature", "properties": { "latitude": 43.02, "longitude": -73.41, "frac_class_11": 0.00065584138007764698, "frac_class_21": 0.061982866143945471, "frac_class_22": 0.021303133399307853, "frac_class_23": 0.0037183863959759445, "frac_class_24": 0.00049773676166607128, "frac_developed": 0.087502122700895357, "hybrid_seasonal_score": 0.034010697171228101, "jackpot_zone": false, "hybrid_screening_score": 0.38567493112947659, "summer_ghi": 381.0009181179787, "winter_wind": 3.6038309414273386, "solar_cf_p50": 0.029421896, "wind_cf_p50": 0.019098444 }, "geometry": { "type": "Point", "coordinates": [ -73.41, 43.02 ] } },
{ "type": "Feature", "properties": { "latitude": 42.75, "longitude": -77.19, "frac_class_11": 0.00090768014522882323, "frac_class_21": 0.043861447017831526, "frac_class_22": 0.043826311012209761, "frac_class_23": 0.0034491845518695285, "frac_class_24": 0.00046262407401985185, "frac_developed": 0.091599566655930664, "hybrid_seasonal_score": 0.48492437523241427, "jackpot_zone": false, "hybrid_screening_score": 0.56382001836547291, "summer_ghi": 385.95216099318162, "winter_wind": 4.9142349348659957, "solar_cf_p50": 0.032417808, "wind_cf_p50": 0.01295313 }, "geometry": { "type": "Point", "coordinates": [ -77.19, 42.75 ] } },
{ "type": "Feature", "properties": { "latitude": 43.11, "longitude": -78.63, "frac_class_11": 0.001323471712256168, "frac_class_21": 0.054004673143479558, "frac_class_22": 0.08900054461446566, "frac_class_23": 0.026311320367995408, "frac_class_24": 0.0060727440956179031, "frac_developed": 0.17538928222155853, "hybrid_seasonal_score": 0.71714831763667231, "jackpot_zone": true, "hybrid_screening_score": 0.78145087235996336, "summer_ghi": 395.56264578177246, "winter_wind": 5.0766943769948707, "solar_cf_p50": 0.042891394, "wind_cf_p50": 0.022408955 }, "geometry": { "type": "Point", "coordinates": [ -78.63, 43.11 ] } },
{ "type": "Feature", "properties": { "latitude": 42.57, "longitude": -76.92, "frac_class_11": 0.26572079378370622, "frac_class_21": 0.044174566832770219, "frac_class_22": 0.038904536325149168, "frac_class_23": 0.0050299513400516461, "frac_class_24": 0.00049186951404463133, "frac_developed": 0.088600924012015664, "hybrid_seasonal_score": 0.19294476613534967, "jackpot_zone": false, "hybrid_screening_score": 0.3287419651056015, "summer_ghi": 380.47419756285331, "winter_wind": 4.6488974265104197, "solar_cf_p50": 0.023406563, "wind_cf_p50": 0.020087432 }, "geometry": { "type": "Point", "coordinates": [ -76.92, 42.57 ] } },
{ "type": "Feature", "properties": { "latitude": 43.74, "longitude": -75.39, "frac_class_11": 0.010518055213933494, "frac_class_21": 0.040186467081298242, "frac_class_22": 0.028227742834721296, "frac_class_23": 0.0042692996942970589, "frac_class_24": 0.001060004450847418, "frac_developed": 0.073743514061164014, "hybrid_seasonal_score": 0.016881394291862611, "jackpot_zone": false, "hybrid_screening_score": 0.061983471074380167, "summer_ghi": 362.1854401239155, "winter_wind": 3.9025707811856276, "solar_cf_p50": 0.026469471, "wind_cf_p50": 0.018186921 }, "geometry": { "type": "Point", "coordinates": [ -75.39, 43.74 ] } },
{ "type": "Feature", "properties": { "latitude": 43.2, "longitude": -73.32, "frac_class_11": 0.0018562979446038531, "frac_class_21": 0.044720969725361596, "frac_class_22": 0.013316156233530479, "frac_class_23": 0.0029806172044270071, "frac_class_24": 0.00034549393921649, "frac_developed": 0.061363237102535571, "hybrid_seasonal_score": 0.046145780368169548, "jackpot_zone": false, "hybrid_screening_score": 0.32920110192837465, "summer_ghi": 378.55745713001863, "winter_wind": 3.9658386157758811, "solar_cf_p50": 0.029041553, "wind_cf_p50": 0.02008377 }, "geometry": { "type": "Point", "coordinates": [ -73.32, 43.2 ] } },
{ "type": "Feature", "properties": { "latitude": 44.46, "longitude": -75.21, "frac_class_11": 0.0063888596090556672, "frac_class_21": 0.046197720857781996, "frac_class_22": 0.014259278779148074, "frac_class_23": 0.0015049834276143963, "frac_class_24": 0.00024009463242097374, "frac_developed": 0.062202077696965438, "hybrid_seasonal_score": 0.0061682017604882617, "jackpot_zone": false, "hybrid_screening_score": 0.10651974288337925, "summer_ghi": 357.55620134190747, "winter_wind": 3.6314210981188326, "solar_cf_p50": 0.0063990555, "wind_cf_p50": 0.058660142 }, "geometry": { "type": "Point", "coordinates": [ -75.21, 44.46 ] } },
{ "type": "Feature", "properties": { "latitude": 42.84, "longitude": -78.27, "frac_class_11": 0.0035251267757386955, "frac_class_21": 0.058709171185309238, "frac_class_22": 0.036346282220946984, "frac_class_23": 0.0077646480143347347, "frac_class_24": 0.0014346446180331901, "frac_developed": 0.10425474603862415, "hybrid_seasonal_score": 0.82260116820597662, "jackpot_zone": true, "hybrid_screening_score": 0.72681359044995408, "summer_ghi": 388.97223862508213, "winter_wind": 5.6903848717639756, "solar_cf_p50": 0.03106492, "wind_cf_p50": 0.022524273 }, "geometry": { "type": "Point", "coordinates": [ -78.27, 42.84 ] } },
{ "type": "Feature", "properties": { "latitude": 44.37, "longitude": -75.75, "frac_class_11": 0.0503358259209594, "frac_class_21": 0.027598039502731698, "frac_class_22": 0.011851990654260333, "frac_class_23": 0.0010598865160183402, "frac_class_24": 1.7567179823508399e-05, "frac_developed": 0.040527483852833876, "hybrid_seasonal_score": 0.0168002337423825, "jackpot_zone": false, "hybrid_screening_score": 0.1680440771349862, "summer_ghi": 363.15415302048723, "winter_wind": 3.8764524284248703, "solar_cf_p50": 0.012348295, "wind_cf_p50": 0.049228389 }, "geometry": { "type": "Point", "coordinates": [ -75.75, 44.37 ] } },
{ "type": "Feature", "properties": { "latitude": 42.21, "longitude": -79.08, "frac_class_11": 0.00063243328707200956, "frac_class_21": 0.048463128553777324, "frac_class_22": 0.023277058482511465, "frac_class_23": 0.0031211753889757508, "frac_class_24": 0.00016396418553718767, "frac_developed": 0.075025326610801718, "hybrid_seasonal_score": 0.48726011260446522, "jackpot_zone": false, "hybrid_screening_score": 0.60422405876951335, "summer_ghi": 395.28470401111974, "winter_wind": 4.6929866549461199, "solar_cf_p50": 0.017426457, "wind_cf_p50": 0.043287404 }, "geometry": { "type": "Point", "coordinates": [ -79.08, 42.21 ] } },
{ "type": "Feature", "properties": { "latitude": 42.03, "longitude": -74.94, "frac_class_11": 0.052188680350188858, "frac_class_21": 0.028577284572365531, "frac_class_22": 0.0058325769332123094, "frac_class_23": 0.00085497613679618193, "frac_class_24": 5.8560009369601498e-05, "frac_developed": 0.035323397651743624, "hybrid_seasonal_score": 0.44729792288019182, "jackpot_zone": false, "hybrid_screening_score": 0.71763085399449045, "summer_ghi": 383.09489590720847, "winter_wind": 5.0823622394952119, "solar_cf_p50": 0.049255569, "wind_cf_p50": 0.093664162 }, "geometry": { "type": "Point", "coordinates": [ -74.94, 42.03 ] } },
{ "type": "Feature", "properties": { "latitude": 44.19, "longitude": -76.11, "frac_class_11": 0.13858487196153868, "frac_class_21": 0.04679420737955952, "frac_class_22": 0.028207695776165463, "frac_class_23": 0.0089536157030842833, "frac_class_24": 0.0020905433655991428, "frac_developed": 0.086046062224408415, "hybrid_seasonal_score": 0.089567306759893786, "jackpot_zone": false, "hybrid_screening_score": 0.65702479338842967, "summer_ghi": 379.12039116419265, "winter_wind": 4.3347526888863239, "solar_cf_p50": 0.017271351, "wind_cf_p50": 0.029586658 }, "geometry": { "type": "Point", "coordinates": [ -76.11, 44.19 ] } },
{ "type": "Feature", "properties": { "latitude": 44.73, "longitude": -73.59, "frac_class_11": 0.0091702826625441394, "frac_class_21": 0.053206378206817395, "frac_class_22": 0.048873039017620294, "frac_class_23": 0.0090531653871604324, "frac_class_24": 0.001756759130755582, "frac_developed": 0.11288934174235371, "hybrid_seasonal_score": 0.0012471319759073327, "jackpot_zone": false, "hybrid_screening_score": 0.14738292011019283, "summer_ghi": 358.72719873328765, "winter_wind": 3.1109378449008296, "solar_cf_p50": 0.033854488, "wind_cf_p50": 0.051965371 }, "geometry": { "type": "Point", "coordinates": [ -73.59, 44.73 ] } },
{ "type": "Feature", "properties": { "latitude": 41.67, "longitude": -74.4, "frac_class_11": 0.0028225098085143761, "frac_class_21": 0.066387538794870291, "frac_class_22": 0.023259354687591497, "frac_class_23": 0.0079346489430227787, "frac_class_24": 0.0026116999472975346, "frac_developed": 0.1001932423727821, "hybrid_seasonal_score": 0.026936026936026935, "jackpot_zone": false, "hybrid_screening_score": 0.51377410468319562, "summer_ghi": 381.1996026475955, "winter_wind": 3.5130193929558367, "solar_cf_p50": 0.052555669, "wind_cf_p50": 0.049826674 }, "geometry": { "type": "Point", "coordinates": [ -74.4, 41.67 ] } },
{ "type": "Feature", "properties": { "latitude": 42.03, "longitude": -76.11, "frac_class_11": 0.0101073392400171, "frac_class_21": 0.082586213964056285, "frac_class_22": 0.053616916617379239, "frac_class_23": 0.015453805477639122, "frac_class_24": 0.0014874068174764445, "frac_developed": 0.15314434287655107, "hybrid_seasonal_score": 0.33333080365386897, "jackpot_zone": false, "hybrid_screening_score": 0.61707988980716255, "summer_ghi": 381.86746074681395, "winter_wind": 4.8922794098992002, "solar_cf_p50": 0.043646902, "wind_cf_p50": 0.049786903 }, "geometry": { "type": "Point", "coordinates": [ -76.11, 42.03 ] } },
{ "type": "Feature", "properties": { "latitude": 43.29, "longitude": -73.41, "frac_class_11": 0.0039937224772791154, "frac_class_21": 0.051900824510446919, "frac_class_22": 0.016800571535650708, "frac_class_23": 0.0020964115056685095, "frac_class_24": 0.00027522720884474842, "frac_developed": 0.071073034760610887, "hybrid_seasonal_score": 0.018632986514278777, "jackpot_zone": false, "hybrid_screening_score": 0.31037649219467406, "summer_ghi": 377.20208724202627, "winter_wind": 3.6503276701533096, "solar_cf_p50": 0.027595906, "wind_cf_p50": 0.019731782 }, "geometry": { "type": "Point", "coordinates": [ -73.41, 43.29 ] } },
{ "type": "Feature", "properties": { "latitude": 42.21, "longitude": -75.84, "frac_class_11": 0.015441279805124842, "frac_class_21": 0.089895535672459836, "frac_class_22": 0.061267391202510894, "frac_class_23": 0.015253899845411534, "frac_class_24": 0.0026760200496556892, "frac_developed": 0.16909284677003797, "hybrid_seasonal_score": 0.13780365639869771, "jackpot_zone": false, "hybrid_screening_score": 0.34251606978879706, "summer_ghi": 380.4428463415959, "winter_wind": 4.4302911354088845, "solar_cf_p50": 0.026092868, "wind_cf_p50": 0.028585481 }, "geometry": { "type": "Point", "coordinates": [ -75.84, 42.21 ] } },
{ "type": "Feature", "properties": { "latitude": 43.11, "longitude": -76.56, "frac_class_11": 0.052801396013397978, "frac_class_21": 0.062287728667463051, "frac_class_22": 0.026403625887147775, "frac_class_23": 0.0093926404797039335, "frac_class_24": 0.0015986227250368913, "frac_developed": 0.099682617759351652, "hybrid_seasonal_score": 0.32134939848438471, "jackpot_zone": false, "hybrid_screening_score": 0.2975206611570248, "summer_ghi": 387.36030374021681, "winter_wind": 4.5367877437761663, "solar_cf_p50": 0.022215104, "wind_cf_p50": 0.017494611 }, "geometry": { "type": "Point", "coordinates": [ -76.56, 43.11 ] } },
{ "type": "Feature", "properties": { "latitude": 41.85, "longitude": -73.77, "frac_class_11": 0.0048077486150638884, "frac_class_21": 0.085789911340665007, "frac_class_22": 0.020490027288804565, "frac_class_23": 0.0028928475223405129, "frac_class_24": 0.00012883126617710785, "frac_developed": 0.10930161741798719, "hybrid_seasonal_score": 0.11919533425919601, "jackpot_zone": false, "hybrid_screening_score": 0.52571166207529851, "summer_ghi": 381.82492216767986, "winter_wind": 4.14934237058627, "solar_cf_p50": 0.035348635, "wind_cf_p50": 0.048834965 }, "geometry": { "type": "Point", "coordinates": [ -73.77, 41.85 ] } },
{ "type": "Feature", "properties": { "latitude": 42.57, "longitude": -78.99, "frac_class_11": 0.0042572129601976937, "frac_class_21": 0.045230691753187051, "frac_class_22": 0.043222130480356502, "frac_class_23": 0.007038748250560699, "frac_class_24": 0.00083738851899349412, "frac_developed": 0.09632895900309775, "hybrid_seasonal_score": 0.64171559488363883, "jackpot_zone": false, "hybrid_screening_score": 0.86363636363636365, "summer_ghi": 413.01270379329173, "winter_wind": 4.8529640742199218, "solar_cf_p50": 0.015713168, "wind_cf_p50": 0.019591972 }, "geometry": { "type": "Point", "coordinates": [ -78.99, 42.57 ] } },
{ "type": "Feature", "properties": { "latitude": 43.38, "longitude": -76.47, "frac_class_11": 0.023838942209157294, "frac_class_21": 0.093803983111886674, "frac_class_22": 0.045891866886063795, "frac_class_23": 0.010189083626611075, "frac_class_24": 0.0027112331719085793, "frac_developed": 0.15259616679647015, "hybrid_seasonal_score": 0.9537110819354746, "jackpot_zone": true, "hybrid_screening_score": 0.85720844811753905, "summer_ghi": 402.25854514721829, "winter_wind": 5.729956136260391, "solar_cf_p50": 0.02547119, "wind_cf_p50": 0.02468859 }, "geometry": { "type": "Point", "coordinates": [ -76.47, 43.38 ] } },
{ "type": "Feature", "properties": { "latitude": 43.29, "longitude": -76.29, "frac_class_11": 0.0099320684000936982, "frac_class_21": 0.074367533380182718, "frac_class_22": 0.036952447880065589, "frac_class_23": 0.0077769969547903488, "frac_class_24": 0.0010131178261888029, "frac_developed": 0.12011009604122747, "hybrid_seasonal_score": 0.32121869837872846, "jackpot_zone": false, "hybrid_screening_score": 0.28099173553719003, "summer_ghi": 388.7299222327253, "winter_wind": 4.4801229328747656, "solar_cf_p50": 0.028820464, "wind_cf_p50": 0.015935682 }, "geometry": { "type": "Point", "coordinates": [ -76.29, 43.29 ] } },
{ "type": "Feature", "properties": { "latitude": 42.39, "longitude": -76.2, "frac_class_11": 0.001692374360235644, "frac_class_21": 0.037964231755735919, "frac_class_22": 0.01434126231216987, "frac_class_23": 0.0010716418959277607, "frac_class_24": 0.00020495883255448977, "frac_developed": 0.053582094796388036, "hybrid_seasonal_score": 0.44490737578641415, "jackpot_zone": false, "hybrid_screening_score": 0.52295684113865937, "summer_ghi": 382.65096134491426, "winter_wind": 5.1246859052814262, "solar_cf_p50": 0.030216467, "wind_cf_p50": 0.040455643 }, "geometry": { "type": "Point", "coordinates": [ -76.2, 42.39 ] } },
{ "type": "Feature", "properties": { "latitude": 44.1, "longitude": -76.11, "frac_class_11": 0.036992791178416869, "frac_class_21": 0.042409655487429948, "frac_class_22": 0.02237604164836645, "frac_class_23": 0.0028167694406867998, "frac_class_24": 0.00022838671140703782, "frac_developed": 0.06783085328789025, "hybrid_seasonal_score": 0.29824183061097659, "jackpot_zone": false, "hybrid_screening_score": 0.86042240587695129, "summer_ghi": 386.38273870754239, "winter_wind": 4.5232721668586615, "solar_cf_p50": 0.02371184, "wind_cf_p50": 0.020301374 }, "geometry": { "type": "Point", "coordinates": [ -76.11, 44.1 ] } },
{ "type": "Feature", "properties": { "latitude": 41.94, "longitude": -75.03, "frac_class_11": 0.0097852629606422787, "frac_class_21": 0.0366698483899114, "frac_class_22": 0.0090005680254381694, "frac_class_23": 0.0023657966703168644, "frac_class_24": 4.0991526465886268e-05, "frac_developed": 0.048077204612132315, "hybrid_seasonal_score": 0.31681094271878146, "jackpot_zone": false, "hybrid_screening_score": 0.64141414141414144, "summer_ghi": 382.96081731312859, "winter_wind": 4.7225299350061842, "solar_cf_p50": 0.041711755, "wind_cf_p50": 0.050363455 }, "geometry": { "type": "Point", "coordinates": [ -75.03, 41.94 ] } },
{ "type": "Feature", "properties": { "latitude": 43.29, "longitude": -78.45, "frac_class_11": 0.0010540307894105041, "frac_class_21": 0.031509664876766236, "frac_class_22": 0.038876168949424091, "frac_class_23": 0.004579178207327856, "frac_class_24": 0.00086664753795974772, "frac_developed": 0.075831659571477916, "hybrid_seasonal_score": 0.48635533058272845, "jackpot_zone": false, "hybrid_screening_score": 0.69100091827364563, "summer_ghi": 398.95021960331388, "winter_wind": 4.6692088057533274, "solar_cf_p50": 0.037285358, "wind_cf_p50": 0.031419683 }, "geometry": { "type": "Point", "coordinates": [ -78.45, 43.29 ] } },
{ "type": "Feature", "properties": { "latitude": 42.03, "longitude": -78.18, "frac_class_11": 0.00042748055841843903, "frac_class_21": 0.048416565164433614, "frac_class_22": 0.01291225522346107, "frac_class_23": 0.0019207345638527125, "frac_class_24": 0.00022252412630000936, "frac_developed": 0.063472079078047403, "hybrid_seasonal_score": 0.5217369032169934, "jackpot_zone": false, "hybrid_screening_score": 0.63820018365472908, "summer_ghi": 387.42622372178658, "winter_wind": 4.8938211205446756, "solar_cf_p50": 0.035282463, "wind_cf_p50": 0.072852477 }, "geometry": { "type": "Point", "coordinates": [ -78.18, 42.03 ] } },
{ "type": "Feature", "properties": { "latitude": 43.29, "longitude": -76.47, "frac_class_11": 0.036078187950904152, "frac_class_21": 0.07914831818607701, "frac_class_22": 0.048480980043099413, "frac_class_23": 0.018469502482900777, "frac_class_24": 0.0072086105125081981, "frac_developed": 0.15330741122458541, "hybrid_seasonal_score": 0.30007500499611689, "jackpot_zone": false, "hybrid_screening_score": 0.27869605142332415, "summer_ghi": 390.86539703799178, "winter_wind": 4.4060746801154451, "solar_cf_p50": 0.026841333, "wind_cf_p50": 0.011624965 }, "geometry": { "type": "Point", "coordinates": [ -76.47, 43.29 ] } },
{ "type": "Feature", "properties": { "latitude": 42.57, "longitude": -75.93, "frac_class_11": 0.003478586780198994, "frac_class_21": 0.049168711458839651, "frac_class_22": 0.015062163634127631, "frac_class_23": 0.0018212802839089009, "frac_class_24": 0.00017568620102015122, "frac_developed": 0.066227841577896338, "hybrid_seasonal_score": 0.19765060235884177, "jackpot_zone": false, "hybrid_screening_score": 0.3383838383838384, "summer_ghi": 381.36291357932333, "winter_wind": 4.5586730609945247, "solar_cf_p50": 0.044549488, "wind_cf_p50": 0.020492703 }, "geometry": { "type": "Point", "coordinates": [ -75.93, 42.57 ] } },
{ "type": "Feature", "properties": { "latitude": 42.57, "longitude": -76.11, "frac_class_11": 0.0059911099658571153, "frac_class_21": 0.065310711964065057, "frac_class_22": 0.041603954249705713, "frac_class_23": 0.020561864213220267, "frac_class_24": 0.0060438176781667085, "frac_developed": 0.13352034810515773, "hybrid_seasonal_score": 0.31557435107397541, "jackpot_zone": false, "hybrid_screening_score": 0.4242424242424242, "summer_ghi": 381.95494690494615, "winter_wind": 4.8132273749813583, "solar_cf_p50": 0.066811226, "wind_cf_p50": 0.020599052 }, "geometry": { "type": "Point", "coordinates": [ -76.11, 42.57 ] } },
{ "type": "Feature", "properties": { "latitude": 42.84, "longitude": -76.38, "frac_class_11": 0.1418005715356507, "frac_class_21": 0.057791857959336647, "frac_class_22": 0.021239342265529843, "frac_class_23": 0.001540101189918486, "frac_class_24": 0.00010540616508947813, "frac_developed": 0.08067670757987444, "hybrid_seasonal_score": 0.59194499464972794, "jackpot_zone": false, "hybrid_screening_score": 0.57438016528925617, "summer_ghi": 383.93205367866432, "winter_wind": 5.5339171040518877, "solar_cf_p50": 0.020989379, "wind_cf_p50": 0.016541176 }, "geometry": { "type": "Point", "coordinates": [ -76.38, 42.84 ] } },
{ "type": "Feature", "properties": { "latitude": 42.66, "longitude": -77.01, "frac_class_11": 0.061775247733502001, "frac_class_21": 0.058120739335160584, "frac_class_22": 0.070565980275025184, "frac_class_23": 0.014700025768969475, "frac_class_24": 0.0032738304401808511, "frac_developed": 0.14666057581933609, "hybrid_seasonal_score": 0.31813754879119266, "jackpot_zone": false, "hybrid_screening_score": 0.50367309458218545, "summer_ghi": 384.48695603660599, "winter_wind": 4.6576514196050072, "solar_cf_p50": 0.026682533, "wind_cf_p50": 0.019674681 }, "geometry": { "type": "Point", "coordinates": [ -77.01, 42.66 ] } },
{ "type": "Feature", "properties": { "latitude": 42.66, "longitude": -77.55, "frac_class_11": 0.025560995034198446, "frac_class_21": 0.052012086573596926, "frac_class_22": 0.013199194228426872, "frac_class_23": 0.00055045441768949684, "frac_class_24": 2.342359224210625e-05, "frac_developed": 0.065785158811955402, "hybrid_seasonal_score": 0.58378994047664212, "jackpot_zone": false, "hybrid_screening_score": 0.59412304866850318, "summer_ghi": 386.30742121455881, "winter_wind": 5.1237228315793031, "solar_cf_p50": 0.045425661, "wind_cf_p50": 0.018434014 }, "geometry": { "type": "Point", "coordinates": [ -77.55, 42.66 ] } },
{ "type": "Feature", "properties": { "latitude": 42.75, "longitude": -76.74, "frac_class_11": 0.38729891014716822, "frac_class_21": 0.028730886581516422, "frac_class_22": 0.023940453392833089, "frac_class_23": 0.0024654918978431338, "frac_class_24": 0.0001054129552522005, "frac_developed": 0.055242244827444852, "hybrid_seasonal_score": 0.50625315682916483, "jackpot_zone": false, "hybrid_screening_score": 0.51882460973370059, "summer_ghi": 385.24922767824575, "winter_wind": 5.0385836945618276, "solar_cf_p50": 0.023334278, "wind_cf_p50": 0.0094281007 }, "geometry": { "type": "Point", "coordinates": [ -76.74, 42.75 ] } },
{ "type": "Feature", "properties": { "latitude": 42.12, "longitude": -76.56, "frac_class_11": 0.00064413369873281333, "frac_class_21": 0.057093668751317543, "frac_class_22": 0.0093223713489330798, "frac_class_23": 0.00032792261026397772, "frac_class_24": 1.1711521795142061e-05, "frac_developed": 0.066755674232309742, "hybrid_seasonal_score": 0.200310138702325, "jackpot_zone": false, "hybrid_screening_score": 0.4269972451790634, "summer_ghi": 382.73147344602637, "winter_wind": 4.4336572607921605, "solar_cf_p50": 0.022670779, "wind_cf_p50": 0.02716629 }, "geometry": { "type": "Point", "coordinates": [ -76.56, 42.12 ] } },
{ "type": "Feature", "properties": { "latitude": 42.84, "longitude": -74.76, "frac_class_11": 0.0013527203733742468, "frac_class_21": 0.052703391170425197, "frac_class_22": 0.014458296977753313, "frac_class_23": 0.002898686514373386, "frac_class_24": 0.00011711864704538933, "frac_developed": 0.070177493309597286, "hybrid_seasonal_score": 0.28305026220127649, "jackpot_zone": false, "hybrid_screening_score": 0.68503213957759412, "summer_ghi": 380.03018798287258, "winter_wind": 5.1147306037594911, "solar_cf_p50": 0.048071839, "wind_cf_p50": 0.014559074 }, "geometry": { "type": "Point", "coordinates": [ -74.76, 42.84 ] } },
{ "type": "Feature", "properties": { "latitude": 42.39, "longitude": -73.68, "frac_class_11": 0.0073495824500169832, "frac_class_21": 0.086848053971117015, "frac_class_22": 0.050510078590754168, "frac_class_23": 0.010541233792853044, "frac_class_24": 0.0016807411658604574, "frac_developed": 0.14958010752058468, "hybrid_seasonal_score": 0.088943529965318097, "jackpot_zone": false, "hybrid_screening_score": 0.53351698806244263, "summer_ghi": 378.76055534477223, "winter_wind": 4.3945856955133635, "solar_cf_p50": 0.033483684, "wind_cf_p50": 0.046290997 }, "geometry": { "type": "Point", "coordinates": [ -73.68, 42.39 ] } },
{ "type": "Feature", "properties": { "latitude": 42.75, "longitude": -77.01, "frac_class_11": 0.21875548996872915, "frac_class_21": 0.02525092817071314, "frac_class_22": 0.042771980370799809, "frac_class_23": 0.0036131314196034339, "frac_class_24": 9.9551432955037893e-05, "frac_developed": 0.07173559139407143, "hybrid_seasonal_score": 0.31454477153199922, "jackpot_zone": false, "hybrid_screening_score": 0.48622589531680438, "summer_ghi": 381.67607787896861, "winter_wind": 4.8596457346008073, "solar_cf_p50": 0.024588743, "wind_cf_p50": 0.01597934 }, "geometry": { "type": "Point", "coordinates": [ -77.01, 42.75 ] } },
{ "type": "Feature", "properties": { "latitude": 42.12, "longitude": -77.55, "frac_class_11": 0.00042747555191192835, "frac_class_21": 0.046536276863617734, "frac_class_22": 0.017426948527258887, "frac_class_23": 0.0015225156643438543, "frac_class_24": 2.9279147391227968e-05, "frac_developed": 0.065515020202611712, "hybrid_seasonal_score": 0.70342796864209334, "jackpot_zone": false, "hybrid_screening_score": 0.87190082644628097, "summer_ghi": 386.4866851032819, "winter_wind": 5.5002141068794268, "solar_cf_p50": 0.04723765, "wind_cf_p50": 0.047528215 }, "geometry": { "type": "Point", "coordinates": [ -77.55, 42.12 ] } },
{ "type": "Feature", "properties": { "latitude": 42.12, "longitude": -78.54, "frac_class_11": 0.01182354284643449, "frac_class_21": 0.054702186096356895, "frac_class_22": 0.031992082501273708, "frac_class_23": 0.0088486246859645935, "frac_class_24": 0.00093112595967463293, "frac_developed": 0.096474019243269829, "hybrid_seasonal_score": 0.38007422079548303, "jackpot_zone": false, "hybrid_screening_score": 0.43526170798898073, "summer_ghi": 388.99230563366842, "winter_wind": 4.5873740320383796, "solar_cf_p50": 0.036030181, "wind_cf_p50": 0.096104898 }, "geometry": { "type": "Point", "coordinates": [ -78.54, 42.12 ] } },
{ "type": "Feature", "properties": { "latitude": 42.93, "longitude": -74.04, "frac_class_11": 0.012811954701425243, "frac_class_21": 0.067783906592184001, "frac_class_22": 0.033095597793626814, "frac_class_23": 0.0085959549824918893, "frac_class_24": 0.00040403330639777958, "frac_developed": 0.10987949267470047, "hybrid_seasonal_score": 0.040337214704858078, "jackpot_zone": false, "hybrid_screening_score": 0.50045913682277321, "summer_ghi": 378.36021785244975, "winter_wind": 3.8968532982970991, "solar_cf_p50": 0.030840445, "wind_cf_p50": 0.019673374 }, "geometry": { "type": "Point", "coordinates": [ -74.04, 42.93 ] } },
{ "type": "Feature", "properties": { "latitude": 42.39, "longitude": -78.9, "frac_class_11": 0.0056158062400449736, "frac_class_21": 0.038075049189543707, "frac_class_22": 0.014317670757987445, "frac_class_23": 0.0011184765295605733, "frac_class_24": 5.8558980605265626e-05, "frac_developed": 0.053569755457696995, "hybrid_seasonal_score": 0.78498483457161139, "jackpot_zone": true, "hybrid_screening_score": 0.72084481175390269, "summer_ghi": 396.76206907701805, "winter_wind": 5.1954160140844055, "solar_cf_p50": 0.037385698, "wind_cf_p50": 0.04108198 }, "geometry": { "type": "Point", "coordinates": [ -78.9, 42.39 ] } },
{ "type": "Feature", "properties": { "latitude": 42.57, "longitude": -78.81, "frac_class_11": 0.0035840194895700346, "frac_class_21": 0.051212827510277704, "frac_class_22": 0.02567376052659319, "frac_class_23": 0.0020965342765785497, "frac_class_24": 0.00020496843486103141, "frac_developed": 0.079188090748310486, "hybrid_seasonal_score": 0.53402735089436826, "jackpot_zone": false, "hybrid_screening_score": 0.72497704315886136, "summer_ghi": 404.45145500484136, "winter_wind": 4.7099471946280653, "solar_cf_p50": 0.03177749, "wind_cf_p50": 0.038622156 }, "geometry": { "type": "Point", "coordinates": [ -78.81, 42.57 ] } },
{ "type": "Feature", "properties": { "latitude": 42.39, "longitude": -73.95, "frac_class_11": 0.011453734174991509, "frac_class_21": 0.07373487767458746, "frac_class_22": 0.018445430803283872, "frac_class_23": 0.0026057830817337534, "frac_class_24": 0.00028107323128813519, "frac_developed": 0.095067164790893222, "hybrid_seasonal_score": 0.021729103371978403, "jackpot_zone": false, "hybrid_screening_score": 0.44123048668503212, "summer_ghi": 379.63154760602322, "winter_wind": 3.545835595020892, "solar_cf_p50": 0.033831198, "wind_cf_p50": 0.048084471 }, "geometry": { "type": "Point", "coordinates": [ -73.95, 42.39 ] } },
{ "type": "Feature", "properties": { "latitude": 42.48, "longitude": -74.76, "frac_class_11": 0.0050243605359317906, "frac_class_21": 0.055900402885786564, "frac_class_22": 0.0092171835472688087, "frac_class_23": 0.0011477560198632061, "frac_class_24": 5.2703082544739063e-05, "frac_developed": 0.066318045535463319, "hybrid_seasonal_score": 0.24694562285346158, "jackpot_zone": false, "hybrid_screening_score": 0.64921946740128567, "summer_ghi": 379.77730422098421, "winter_wind": 5.0390896485907639, "solar_cf_p50": 0.05898283, "wind_cf_p50": 0.019266373 }, "geometry": { "type": "Point", "coordinates": [ -74.76, 42.48 ] } },
{ "type": "Feature", "properties": { "latitude": 42.75, "longitude": -74.67, "frac_class_11": 0.0039352556744981374, "frac_class_21": 0.047820383687428261, "frac_class_22": 0.011946311869012204, "frac_class_23": 0.002453678761331428, "frac_class_24": 0.0014991450188564335, "frac_developed": 0.063719519336628325, "hybrid_seasonal_score": 0.29517311861414042, "jackpot_zone": false, "hybrid_screening_score": 0.72910927456382002, "summer_ghi": 379.87149688556235, "winter_wind": 5.2573172225738229, "solar_cf_p50": 0.027339088, "wind_cf_p50": 0.016848197 }, "geometry": { "type": "Point", "coordinates": [ -74.67, 42.75 ] } },
{ "type": "Feature", "properties": { "latitude": 42.66, "longitude": -76.65, "frac_class_11": 0.25629538533614432, "frac_class_21": 0.037743031154837195, "frac_class_22": 0.028501991098617944, "frac_class_23": 0.0037596626844694308, "frac_class_24": 0.00043335675802295617, "frac_developed": 0.070438041695947529, "hybrid_seasonal_score": 0.38865932047750229, "jackpot_zone": false, "hybrid_screening_score": 0.46097337006427913, "summer_ghi": 387.36499200896827, "winter_wind": 4.6575362909389186, "solar_cf_p50": 0.025109291, "wind_cf_p50": 0.020395445 }, "geometry": { "type": "Point", "coordinates": [ -76.65, 42.66 ] } },
{ "type": "Feature", "properties": { "latitude": 41.67, "longitude": -74.31, "frac_class_11": 0.0063944534557570576, "frac_class_21": 0.05338080375703419, "frac_class_22": 0.016923049896646426, "frac_class_23": 0.0040521628126226044, "frac_class_24": 0.0014405087455276887, "frac_developed": 0.075796525211830904, "hybrid_seasonal_score": 0.015527383358587964, "jackpot_zone": false, "hybrid_screening_score": 0.50734618916437102, "summer_ghi": 381.37420888908434, "winter_wind": 3.3083832396585455, "solar_cf_p50": 0.027704403, "wind_cf_p50": 0.049586806 }, "geometry": { "type": "Point", "coordinates": [ -74.31, 41.67 ] } },
{ "type": "Feature", "properties": { "latitude": 42.03, "longitude": -77.82, "frac_class_11": 0.00031622590241502894, "frac_class_21": 0.056692277060738795, "frac_class_22": 0.016004544283338407, "frac_class_23": 0.0017275303928228432, "frac_class_24": 0.00013468881028788268, "frac_developed": 0.074559040547187941, "hybrid_seasonal_score": 0.75169425282122504, "jackpot_zone": true, "hybrid_screening_score": 0.85950413223140498, "summer_ghi": 387.39960849717477, "winter_wind": 5.5706869489377144, "solar_cf_p50": 0.047877964, "wind_cf_p50": 0.087291338 }, "geometry": { "type": "Point", "coordinates": [ -77.82, 42.03 ] } },
{ "type": "Feature", "properties": { "latitude": 42.03, "longitude": -74.85, "frac_class_11": 0.041798910815717044, "frac_class_21": 0.026567898342800256, "frac_class_22": 0.0051999765766820869, "frac_class_23": 0.00031621479182526203, "frac_class_24": 0.0, "frac_developed": 0.032084089711307606, "hybrid_seasonal_score": 0.54381025380274062, "jackpot_zone": false, "hybrid_screening_score": 0.82139577594123048, "summer_ghi": 383.90896307764274, "winter_wind": 5.3117571602961808, "solar_cf_p50": 0.048949711, "wind_cf_p50": 0.077666432 }, "geometry": { "type": "Point", "coordinates": [ -74.85, 42.03 ] } },
{ "type": "Feature", "properties": { "latitude": 44.82, "longitude": -74.58, "frac_class_11": 0.00093105507864194785, "frac_class_21": 0.041112815768208279, "frac_class_22": 0.014481127103657466, "frac_class_23": 0.0023656996966751379, "frac_class_24": 0.0002752175389696324, "frac_developed": 0.058234860107510521, "hybrid_seasonal_score": 0.0031378565688608261, "jackpot_zone": false, "hybrid_screening_score": 0.16712580348943987, "summer_ghi": 351.85387323943667, "winter_wind": 3.6916103112332399, "solar_cf_p50": 0.018681668, "wind_cf_p50": 0.050321046 }, "geometry": { "type": "Point", "coordinates": [ -74.58, 44.82 ] } },
{ "type": "Feature", "properties": { "latitude": 42.66, "longitude": -74.67, "frac_class_11": 0.0055571821748550678, "frac_class_21": 0.055448849329507527, "frac_class_22": 0.013919306669789775, "frac_class_23": 0.0034607952216431457, "frac_class_24": 3.5134976869473563e-05, "frac_developed": 0.07286408619780993, "hybrid_seasonal_score": 0.30758562332566841, "jackpot_zone": false, "hybrid_screening_score": 0.75022956841138666, "summer_ghi": 379.79326998456031, "winter_wind": 5.4078287375011351, "solar_cf_p50": 0.052926432, "wind_cf_p50": 0.017059084 }, "geometry": { "type": "Point", "coordinates": [ -74.67, 42.66 ] } },
{ "type": "Feature", "properties": { "latitude": 43.2, "longitude": -75.66, "frac_class_11": 0.051690012180267968, "frac_class_21": 0.05199451887941535, "frac_class_22": 0.031534011055935542, "frac_class_23": 0.0058793216527686688, "frac_class_24": 0.0010306380586526749, "frac_developed": 0.090438489646772244, "hybrid_seasonal_score": 0.038809499115033799, "jackpot_zone": false, "hybrid_screening_score": 0.11662075298438934, "summer_ghi": 378.33599424642142, "winter_wind": 3.8807410381330762, "solar_cf_p50": 0.022414718, "wind_cf_p50": 0.016421301 }, "geometry": { "type": "Point", "coordinates": [ -75.66, 43.2 ] } },
{ "type": "Feature", "properties": { "latitude": 44.28, "longitude": -73.41, "frac_class_11": 0.073121314508903731, "frac_class_21": 0.036200525850407859, "frac_class_22": 0.018521880178718871, "frac_class_23": 0.0015986320862441516, "frac_class_24": 5.8557951877075149e-05, "frac_developed": 0.056379596067247961, "hybrid_seasonal_score": 0.0012749584500147987, "jackpot_zone": false, "hybrid_screening_score": 0.10055096418732781, "summer_ghi": 349.24120424578666, "winter_wind": 3.5353766306709566, "solar_cf_p50": 0.025583845, "wind_cf_p50": 0.048200332 }, "geometry": { "type": "Point", "coordinates": [ -73.41, 44.28 ] } },
{ "type": "Feature", "properties": { "latitude": 42.21, "longitude": -76.11, "frac_class_11": 0.0033322791852606675, "frac_class_21": 0.056625320636705438, "frac_class_22": 0.026804642936622276, "frac_class_23": 0.0037070873888752241, "frac_class_24": 0.00043922836361080851, "frac_developed": 0.087576279325813744, "hybrid_seasonal_score": 0.099452450879949, "jackpot_zone": false, "hybrid_screening_score": 0.30899908172635449, "summer_ghi": 380.84261628601558, "winter_wind": 4.1453359632475575, "solar_cf_p50": 0.038874704, "wind_cf_p50": 0.028813165 }, "geometry": { "type": "Point", "coordinates": [ -76.11, 42.21 ] } },
{ "type": "Feature", "properties": { "latitude": 42.03, "longitude": -74.76, "frac_class_11": 0.0050592885375494072, "frac_class_21": 0.020881276533450448, "frac_class_22": 0.0017039964866051823, "frac_class_23": 5.8556580295710728e-05, "frac_class_24": 0.0, "frac_developed": 0.022643829600351342, "hybrid_seasonal_score": 0.3866429551378211, "jackpot_zone": false, "hybrid_screening_score": 0.70385674931129483, "summer_ghi": 382.96322047569367, "winter_wind": 4.9033881554902123, "solar_cf_p50": 0.049422402, "wind_cf_p50": 0.095745601 }, "geometry": { "type": "Point", "coordinates": [ -74.76, 42.03 ] } },
{ "type": "Feature", "properties": { "latitude": 44.82, "longitude": -74.31, "frac_class_11": 0.0014523562723636513, "frac_class_21": 0.066849382455770476, "frac_class_22": 0.042715671978308355, "frac_class_23": 0.018324285388007521, "frac_class_24": 0.0057391497859531383, "frac_developed": 0.13362848960803947, "hybrid_seasonal_score": 0.0054508268257329124, "jackpot_zone": false, "hybrid_screening_score": 0.38062442607897157, "summer_ghi": 349.22335066889082, "winter_wind": 4.3330323816363805, "solar_cf_p50": 0.042651135, "wind_cf_p50": 0.030139964 }, "geometry": { "type": "Point", "coordinates": [ -74.31, 44.82 ] } },
{ "type": "Feature", "properties": { "latitude": 43.92, "longitude": -75.93, "frac_class_11": 0.0016806033776028857, "frac_class_21": 0.073618626004262999, "frac_class_22": 0.062182324971306768, "frac_class_23": 0.042618227812521961, "frac_class_24": 0.01586325627151992, "frac_developed": 0.19428243505961162, "hybrid_seasonal_score": 0.24781562178256394, "jackpot_zone": false, "hybrid_screening_score": 0.55831037649219462, "summer_ghi": 386.49541643026288, "winter_wind": 4.3977744730245538, "solar_cf_p50": 0.030023025, "wind_cf_p50": 0.036166139 }, "geometry": { "type": "Point", "coordinates": [ -75.93, 43.92 ] } },
{ "type": "Feature", "properties": { "latitude": 42.75, "longitude": -75.75, "frac_class_11": 0.00089604160444155527, "frac_class_21": 0.03785043718631223, "frac_class_22": 0.010805207582971696, "frac_class_23": 0.0010248841880867463, "frac_class_24": 2.9282405373907034e-05, "frac_developed": 0.049709811362744577, "hybrid_seasonal_score": 0.37435883165910711, "jackpot_zone": false, "hybrid_screening_score": 0.57713498622589532, "summer_ghi": 380.68067209568289, "winter_wind": 5.4132857593429362, "solar_cf_p50": 0.067461461, "wind_cf_p50": 0.013987581 }, "geometry": { "type": "Point", "coordinates": [ -75.75, 42.75 ] } },
{ "type": "Feature", "properties": { "latitude": 41.85, "longitude": -75.03, "frac_class_11": 0.014234687902564703, "frac_class_21": 0.066243119803255646, "frac_class_22": 0.0069504625834406839, "frac_class_23": 0.0012237966975055627, "frac_class_24": 5.8554865909357071e-05, "frac_developed": 0.074475933950111262, "hybrid_seasonal_score": 0.38537748298579749, "jackpot_zone": false, "hybrid_screening_score": 0.76170798898071634, "summer_ghi": 383.54607239932432, "winter_wind": 4.8494852117160612, "solar_cf_p50": 0.049151376, "wind_cf_p50": 0.046102542 }, "geometry": { "type": "Point", "coordinates": [ -75.03, 41.85 ] } },
{ "type": "Feature", "properties": { "latitude": 42.21, "longitude": -77.19, "frac_class_11": 0.0073373113701975159, "frac_class_21": 0.048386435636027195, "frac_class_22": 0.035573955765323149, "frac_class_23": 0.007190916490504828, "frac_class_24": 0.00064413747064782662, "frac_developed": 0.091795445362502989, "hybrid_seasonal_score": 0.2709752588916125, "jackpot_zone": false, "hybrid_screening_score": 0.5376492194674013, "summer_ghi": 384.79110944689648, "winter_wind": 4.5451864669326749, "solar_cf_p50": 0.037043422, "wind_cf_p50": 0.029044593 }, "geometry": { "type": "Point", "coordinates": [ -77.19, 42.21 ] } },
{ "type": "Feature", "properties": { "latitude": 43.02, "longitude": -75.84, "frac_class_11": 0.0063712917091224251, "frac_class_21": 0.070499982432100067, "frac_class_22": 0.043574247801084522, "frac_class_23": 0.0071911270393403837, "frac_class_24": 0.0012648887951934226, "frac_developed": 0.12253024606771838, "hybrid_seasonal_score": 0.35409694237643147, "jackpot_zone": false, "hybrid_screening_score": 0.55417814508723606, "summer_ghi": 380.79154394872143, "winter_wind": 5.2332305295291022, "solar_cf_p50": 0.02497538, "wind_cf_p50": 0.021472713 }, "geometry": { "type": "Point", "coordinates": [ -75.84, 43.02 ] } },
{ "type": "Feature", "properties": { "latitude": 42.21, "longitude": -74.85, "frac_class_11": 0.0054521922966554812, "frac_class_21": 0.04508160719619108, "frac_class_22": 0.0062017955340044626, "frac_class_23": 0.00075545951264077021, "frac_class_24": 5.8562752917889167e-06, "frac_developed": 0.0520447185181281, "hybrid_seasonal_score": 0.33939866146227271, "jackpot_zone": false, "hybrid_screening_score": 0.63223140495867769, "summer_ghi": 382.96684150518092, "winter_wind": 4.7806490397114496, "solar_cf_p50": 0.054952905, "wind_cf_p50": 0.081146225 }, "geometry": { "type": "Point", "coordinates": [ -74.85, 42.21 ] } },
{ "type": "Feature", "properties": { "latitude": 42.39, "longitude": -77.82, "frac_class_11": 0.00083738851899349412, "frac_class_21": 0.045827989857643948, "frac_class_22": 0.0054693767604190452, "frac_class_23": 0.00028108146092089312, "frac_class_24": 5.8558637691852735e-06, "frac_developed": 0.051584303942753075, "hybrid_seasonal_score": 0.69767379108726468, "jackpot_zone": false, "hybrid_screening_score": 0.72635445362718087, "summer_ghi": 386.26444233926691, "winter_wind": 5.5554870215733008, "solar_cf_p50": 0.030787371, "wind_cf_p50": 0.060754523 }, "geometry": { "type": "Point", "coordinates": [ -77.82, 42.39 ] } },
{ "type": "Feature", "properties": { "latitude": 43.02, "longitude": -74.67, "frac_class_11": 0.016379138704425939, "frac_class_21": 0.049453638312076172, "frac_class_22": 0.024155862408207721, "frac_class_23": 0.0085789911340665003, "frac_class_24": 0.00081397936357354512, "frac_developed": 0.083002471217923937, "hybrid_seasonal_score": 0.040299480319515378, "jackpot_zone": false, "hybrid_screening_score": 0.2975206611570248, "summer_ghi": 377.0256659609924, "winter_wind": 4.079598063529752, "solar_cf_p50": 0.038846444, "wind_cf_p50": 0.019795856 }, "geometry": { "type": "Point", "coordinates": [ -74.67, 43.02 ] } },
{ "type": "Feature", "properties": { "latitude": 43.11, "longitude": -75.75, "frac_class_11": 0.024447944908678874, "frac_class_21": 0.071909164905048284, "frac_class_22": 0.067499751128704516, "frac_class_23": 0.01976916455370057, "frac_class_24": 0.0035310444981876314, "frac_developed": 0.162709125085641, "hybrid_seasonal_score": 0.085454469564161528, "jackpot_zone": false, "hybrid_screening_score": 0.29063360881542699, "summer_ghi": 379.23114752660905, "winter_wind": 4.2860904742406483, "solar_cf_p50": 0.026211884, "wind_cf_p50": 0.015688755 }, "geometry": { "type": "Point", "coordinates": [ -75.75, 43.11 ] } },
{ "type": "Feature", "properties": { "latitude": 44.73, "longitude": -73.68, "frac_class_11": 0.0067163611024903822, "frac_class_21": 0.033148491892936401, "frac_class_22": 0.02535470233111016, "frac_class_23": 0.0050416625189574705, "frac_class_24": 0.00063825925036743822, "frac_developed": 0.064183115993371467, "hybrid_seasonal_score": 0.0047197494605458546, "jackpot_zone": false, "hybrid_screening_score": 0.25390266299357211, "summer_ghi": 350.0322266692317, "winter_wind": 4.0294178864527002, "solar_cf_p50": 0.035158731, "wind_cf_p50": 0.050285861 }, "geometry": { "type": "Point", "coordinates": [ -73.68, 44.73 ] } },
{ "type": "Feature", "properties": { "latitude": 42.75, "longitude": -78.0, "frac_class_11": 0.015183899094119093, "frac_class_21": 0.054106913856405869, "frac_class_22": 0.042711669877556757, "frac_class_23": 0.0079227981004022889, "frac_class_24": 0.0019089668741545795, "frac_developed": 0.1066503487085195, "hybrid_seasonal_score": 0.67581061470367765, "jackpot_zone": true, "hybrid_screening_score": 0.70615243342516076, "summer_ghi": 388.98765393256349, "winter_wind": 5.1242046527399703, "solar_cf_p50": 0.043834087, "wind_cf_p50": 0.016957417 }, "geometry": { "type": "Point", "coordinates": [ -78.0, 42.75 ] } },
{ "type": "Feature", "properties": { "latitude": 42.84, "longitude": -78.18, "frac_class_11": 0.0024946271820667928, "frac_class_21": 0.05112228943531244, "frac_class_22": 0.023593551447293682, "frac_class_23": 0.0019968729321238883, "frac_class_24": 3.5135594113616798e-05, "frac_developed": 0.076747849408843619, "hybrid_seasonal_score": 0.80489994696105382, "jackpot_zone": true, "hybrid_screening_score": 0.73507805325987152, "summer_ghi": 388.66238531374444, "winter_wind": 5.6403131337152388, "solar_cf_p50": 0.026973154, "wind_cf_p50": 0.022868797 }, "geometry": { "type": "Point", "coordinates": [ -78.18, 42.84 ] } },
{ "type": "Feature", "properties": { "latitude": 42.84, "longitude": -76.56, "frac_class_11": 0.13308461353746318, "frac_class_21": 0.050450682612846361, "frac_class_22": 0.03666371873188045, "frac_class_23": 0.0043574771144599131, "frac_class_24": 0.00056225511154321456, "frac_developed": 0.09203413357072994, "hybrid_seasonal_score": 0.65056335961670297, "jackpot_zone": false, "hybrid_screening_score": 0.59274563820018367, "summer_ghi": 385.76963959549926, "winter_wind": 5.4154962999730483, "solar_cf_p50": 0.014997003, "wind_cf_p50": 0.021349262 }, "geometry": { "type": "Point", "coordinates": [ -76.56, 42.84 ] } },
{ "type": "Feature", "properties": { "latitude": 43.2, "longitude": -77.19, "frac_class_11": 0.0013293433512335956, "frac_class_21": 0.069254689302592515, "frac_class_22": 0.043417407956149241, "frac_class_23": 0.012690251286886349, "frac_class_24": 0.0032852934803614411, "frac_developed": 0.12864764202598955, "hybrid_seasonal_score": 0.51984596781741788, "jackpot_zone": false, "hybrid_screening_score": 0.62121212121212122, "summer_ghi": 398.39401690843818, "winter_wind": 4.7067364695302789, "solar_cf_p50": 0.024599884, "wind_cf_p50": 0.014686006 }, "geometry": { "type": "Point", "coordinates": [ -77.19, 43.2 ] } },
{ "type": "Feature", "properties": { "latitude": 42.66, "longitude": -77.91, "frac_class_11": 0.0045558620124261425, "frac_class_21": 0.045289250390878909, "frac_class_22": 0.028254542686318947, "frac_class_23": 0.0020846875018299574, "frac_class_24": 0.00012882900292207603, "frac_developed": 0.075757309581949886, "hybrid_seasonal_score": 0.39381965577808303, "jackpot_zone": false, "hybrid_screening_score": 0.57621671258034901, "summer_ghi": 388.39409330219058, "winter_wind": 4.6266683622550477, "solar_cf_p50": 0.026948156, "wind_cf_p50": 0.027104497 }, "geometry": { "type": "Point", "coordinates": [ -77.91, 42.66 ] } },
{ "type": "Feature", "properties": { "latitude": 41.49, "longitude": -73.77, "frac_class_11": 0.034401990923730051, "frac_class_21": 0.092566242131459517, "frac_class_22": 0.025946420729029425, "frac_class_23": 0.0044971453667105839, "frac_class_24": 0.0020494803103498754, "frac_developed": 0.12505928853754941, "hybrid_seasonal_score": 0.13955651346084605, "jackpot_zone": false, "hybrid_screening_score": 0.63865932047750229, "summer_ghi": 380.67705854122227, "winter_wind": 4.4145425741265365, "solar_cf_p50": 0.030902551, "wind_cf_p50": 0.049714975 }, "geometry": { "type": "Point", "coordinates": [ -73.77, 41.49 ] } },
{ "type": "Feature", "properties": { "latitude": 41.49, "longitude": -74.94, "frac_class_11": 0.02709492299584236, "frac_class_21": 0.068478069918603973, "frac_class_22": 0.012853545704749078, "frac_class_23": 0.0020553961468642032, "frac_class_24": 0.00010540493060842068, "frac_developed": 0.083492416700825675, "hybrid_seasonal_score": 0.21319295298759361, "jackpot_zone": false, "hybrid_screening_score": 0.65381083562901743, "summer_ghi": 383.64380542907622, "winter_wind": 4.4252070274247917, "solar_cf_p50": 0.026170457, "wind_cf_p50": 0.049413674 }, "geometry": { "type": "Point", "coordinates": [ -74.94, 41.49 ] } },
{ "type": "Feature", "properties": { "latitude": 43.29, "longitude": -75.39, "frac_class_11": 0.064093030336743115, "frac_class_21": 0.081694313836857296, "frac_class_22": 0.040367015452357671, "frac_class_23": 0.0073660727355767258, "frac_class_24": 0.0031443410643916549, "frac_developed": 0.13257174308918335, "hybrid_seasonal_score": 0.027611451352999059, "jackpot_zone": false, "hybrid_screening_score": 0.11065197428833792, "summer_ghi": 375.48595403881956, "winter_wind": 3.8909702134254767, "solar_cf_p50": 0.024351787, "wind_cf_p50": 0.020378593 }, "geometry": { "type": "Point", "coordinates": [ -75.39, 43.29 ] } },
{ "type": "Feature", "properties": { "latitude": 44.91, "longitude": -73.95, "frac_class_11": 0.0011652895949593905, "frac_class_21": 0.038694641424581171, "frac_class_22": 0.013714111715552224, "frac_class_23": 0.0018328424282527097, "frac_class_24": 0.00018152752484292014, "frac_developed": 0.054423123093229026, "hybrid_seasonal_score": 0.0085404086781497249, "jackpot_zone": false, "hybrid_screening_score": 0.48668503213957759, "summer_ghi": 348.25184444503833, "winter_wind": 4.8470480930545463, "solar_cf_p50": 0.038089093, "wind_cf_p50": 0.015447181 }, "geometry": { "type": "Point", "coordinates": [ -73.95, 44.91 ] } },
{ "type": "Feature", "properties": { "latitude": 42.39, "longitude": -73.59, "frac_class_11": 0.0025882614729667215, "frac_class_21": 0.086162170391928375, "frac_class_22": 0.028277634961439587, "frac_class_23": 0.0090940499265097698, "frac_class_24": 0.0014405256161760486, "frac_developed": 0.12497438089605378, "hybrid_seasonal_score": 0.071048577434753235, "jackpot_zone": false, "hybrid_screening_score": 0.49494949494949497, "summer_ghi": 378.85857756921018, "winter_wind": 4.2017534749645504, "solar_cf_p50": 0.031529579, "wind_cf_p50": 0.047258958 }, "geometry": { "type": "Point", "coordinates": [ -73.59, 42.39 ] } },
{ "type": "Feature", "properties": { "latitude": 43.2, "longitude": -78.36, "frac_class_11": 0.0079646276829375418, "frac_class_21": 0.043506778718046327, "frac_class_22": 0.064390501010219314, "frac_class_23": 0.012854674826505812, "frac_class_24": 0.0041872858774267222, "frac_developed": 0.12493924043219817, "hybrid_seasonal_score": 0.58053255655309244, "jackpot_zone": false, "hybrid_screening_score": 0.69880624426078963, "summer_ghi": 394.34918129623964, "winter_wind": 4.8329550666043959, "solar_cf_p50": 0.033139758, "wind_cf_p50": 0.018173048 }, "geometry": { "type": "Point", "coordinates": [ -78.36, 43.2 ] } },
{ "type": "Feature", "properties": { "latitude": 43.02, "longitude": -74.85, "frac_class_11": 0.012602114016338243, "frac_class_21": 0.063268234122917461, "frac_class_22": 0.032617925218868034, "frac_class_23": 0.017749538839926214, "frac_class_24": 0.002769888443182151, "frac_developed": 0.11640558662489386, "hybrid_seasonal_score": 0.044077134986225897, "jackpot_zone": false, "hybrid_screening_score": 0.22910927456382002, "summer_ghi": 376.23198995621544, "winter_wind": 4.1530843365437793, "solar_cf_p50": 0.034236562, "wind_cf_p50": 0.019860225 }, "geometry": { "type": "Point", "coordinates": [ -74.85, 43.02 ] } },
{ "type": "Feature", "properties": { "latitude": 43.29, "longitude": -73.5, "frac_class_11": 0.0053879625887988947, "frac_class_21": 0.058635088520711448, "frac_class_22": 0.047982149445684068, "frac_class_23": 0.015783216496535891, "frac_class_24": 0.0036603006717383793, "frac_developed": 0.1260607551346698, "hybrid_seasonal_score": 0.018632986514278777, "jackpot_zone": false, "hybrid_screening_score": 0.31037649219467406, "summer_ghi": 377.20208724202627, "winter_wind": 3.6503276701533096, "solar_cf_p50": 0.028753992, "wind_cf_p50": 0.016989831 }, "geometry": { "type": "Point", "coordinates": [ -73.5, 43.29 ] } },
{ "type": "Feature", "properties": { "latitude": 42.12, "longitude": -77.82, "frac_class_11": 0.00057973390799212965, "frac_class_21": 0.057223835847465571, "frac_class_22": 0.015787501171179611, "frac_class_23": 0.0016630750491895437, "frac_class_24": 0.00016396514569474375, "frac_developed": 0.074838377213529469, "hybrid_seasonal_score": 0.71587715370585392, "jackpot_zone": true, "hybrid_screening_score": 0.82782369146005508, "summer_ghi": 386.62015648848518, "winter_wind": 5.5241663214807959, "solar_cf_p50": 0.050085843, "wind_cf_p50": 0.099287517 }, "geometry": { "type": "Point", "coordinates": [ -77.82, 42.12 ] } },
{ "type": "Feature", "properties": { "latitude": 42.66, "longitude": -76.11, "frac_class_11": 0.0097091358400627752, "frac_class_21": 0.059865196437250759, "frac_class_22": 0.034321619516651344, "frac_class_23": 0.0074838815462003787, "frac_class_24": 0.00089595764989722844, "frac_developed": 0.1025666551499997, "hybrid_seasonal_score": 0.35187398654716456, "jackpot_zone": false, "hybrid_screening_score": 0.43847566574839303, "summer_ghi": 382.26905262842024, "winter_wind": 4.8636506534951147, "solar_cf_p50": 0.042810459, "wind_cf_p50": 0.018089533 }, "geometry": { "type": "Point", "coordinates": [ -76.11, 42.66 ] } },
{ "type": "Feature", "properties": { "latitude": 42.66, "longitude": -73.32, "frac_class_11": 0.00049774842038074823, "frac_class_21": 0.029618958944539114, "frac_class_22": 0.0081689299580134569, "frac_class_23": 0.0020788316380607724, "frac_class_24": 0.000427478055150525, "frac_developed": 0.040294198595763872, "hybrid_seasonal_score": 0.15794643993992855, "jackpot_zone": false, "hybrid_screening_score": 0.57988980716253447, "summer_ghi": 379.86120785394735, "winter_wind": 4.6119990736829566, "solar_cf_p50": 0.039000649, "wind_cf_p50": 0.020640165 }, "geometry": { "type": "Point", "coordinates": [ -73.32, 42.66 ] } },
{ "type": "Feature", "properties": { "latitude": 44.91, "longitude": -75.03, "frac_class_11": 0.17909938351927301, "frac_class_21": 0.034329514992498415, "frac_class_22": 0.019276577287627012, "frac_class_23": 0.0019553886957201874, "frac_class_24": 0.00018487311304990863, "frac_developed": 0.055746354088895528, "hybrid_seasonal_score": 0.0070341953637721227, "jackpot_zone": false, "hybrid_screening_score": 0.10651974288337925, "summer_ghi": 353.75687846971334, "winter_wind": 3.953076074658493, "solar_cf_p50": 0.018913217, "wind_cf_p50": 0.044721004 }, "geometry": { "type": "Point", "coordinates": [ -75.03, 44.91 ] } },
{ "type": "Feature", "properties": { "latitude": 42.39, "longitude": -75.21, "frac_class_11": 0.0069919832286097433, "frac_class_21": 0.059630959143159981, "frac_class_22": 0.023546703988475526, "frac_class_23": 0.0054108814934969874, "frac_class_24": 0.00026351695585212601, "frac_developed": 0.088852061580984618, "hybrid_seasonal_score": 0.14615476073026787, "jackpot_zone": false, "hybrid_screening_score": 0.42011019283746553, "summer_ghi": 379.04963232656075, "winter_wind": 4.6685272989051079, "solar_cf_p50": 0.040545754, "wind_cf_p50": 0.045621779 }, "geometry": { "type": "Point", "coordinates": [ -75.21, 42.39 ] } },
{ "type": "Feature", "properties": { "latitude": 42.48, "longitude": -74.4, "frac_class_11": 0.019575808680579954, "frac_class_21": 0.047636614901740329, "frac_class_22": 0.009925514721382896, "frac_class_23": 0.0013995268545194763, "frac_class_24": 8.7836413463565459e-05, "frac_developed": 0.05904949289110626, "hybrid_seasonal_score": 0.2300515801642774, "jackpot_zone": false, "hybrid_screening_score": 0.58448117539026634, "summer_ghi": 383.13948207515966, "winter_wind": 4.5089375274162107, "solar_cf_p50": 0.052260432, "wind_cf_p50": 0.022016851 }, "geometry": { "type": "Point", "coordinates": [ -74.4, 42.48 ] } },
{ "type": "Feature", "properties": { "latitude": 42.21, "longitude": -79.17, "frac_class_11": 0.00071449906002377757, "frac_class_21": 0.055607939138735803, "frac_class_22": 0.012878552729444975, "frac_class_23": 0.0013001540272563822, "frac_class_24": 4.0995847706282323e-05, "frac_developed": 0.069827641743143432, "hybrid_seasonal_score": 0.59622921762916758, "jackpot_zone": false, "hybrid_screening_score": 0.66712580348943984, "summer_ghi": 397.9167685456772, "winter_wind": 4.8296205497596025, "solar_cf_p50": 0.016201289, "wind_cf_p50": 0.045313854 }, "geometry": { "type": "Point", "coordinates": [ -79.17, 42.21 ] } },
{ "type": "Feature", "properties": { "latitude": 42.3, "longitude": -78.81, "frac_class_11": 0.0019032003045120487, "frac_class_21": 0.053746376599420255, "frac_class_22": 0.021942435510789681, "frac_class_23": 0.0038239686118349777, "frac_class_24": 0.00040406406465025036, "frac_developed": 0.079916844786695168, "hybrid_seasonal_score": 0.74524357018722165, "jackpot_zone": true, "hybrid_screening_score": 0.63682277318640956, "summer_ghi": 392.64518622574661, "winter_wind": 5.1711707097280657, "solar_cf_p50": 0.037739135, "wind_cf_p50": 0.055453241 }, "geometry": { "type": "Point", "coordinates": [ -78.81, 42.3 ] } },
{ "type": "Feature", "properties": { "latitude": 41.85, "longitude": -75.12, "frac_class_11": 0.015473004234285413, "frac_class_21": 0.047631318485027732, "frac_class_22": 0.0058624062219983716, "frac_class_23": 0.00072035560969610361, "frac_class_24": 4.0995847706282323e-05, "frac_developed": 0.054255076164428491, "hybrid_seasonal_score": 0.24026642584118166, "jackpot_zone": false, "hybrid_screening_score": 0.6138659320477502, "summer_ghi": 383.06054642916536, "winter_wind": 4.5374944872828884, "solar_cf_p50": 0.029844401, "wind_cf_p50": 0.050172947 }, "geometry": { "type": "Point", "coordinates": [ -75.12, 41.85 ] } },
{ "type": "Feature", "properties": { "latitude": 42.3, "longitude": -76.29, "frac_class_11": 0.00096621186391052289, "frac_class_21": 0.04432862915031914, "frac_class_22": 0.0080986121684136561, "frac_class_23": 0.0005153129940856122, "frac_class_24": 1.1711658956491187e-05, "frac_developed": 0.052954265971774897, "hybrid_seasonal_score": 0.22046156531505892, "jackpot_zone": false, "hybrid_screening_score": 0.38475665748393018, "summer_ghi": 381.67247907823065, "winter_wind": 4.5991590498360519, "solar_cf_p50": 0.047686808, "wind_cf_p50": 0.032420214 }, "geometry": { "type": "Point", "coordinates": [ -76.29, 42.3 ] } },
{ "type": "Feature", "properties": { "latitude": 44.73, "longitude": -75.3, "frac_class_11": 0.00037476211389254866, "frac_class_21": 0.042998096911140392, "frac_class_22": 0.013684672815107598, "frac_class_23": 0.0019499341238471673, "frac_class_24": 0.00028107158541941149, "frac_developed": 0.058913775435514563, "hybrid_seasonal_score": 0.0080039058250929024, "jackpot_zone": false, "hybrid_screening_score": 0.1115702479338843, "summer_ghi": 358.24408505295338, "winter_wind": 3.6898042428270346, "solar_cf_p50": 0.022555243, "wind_cf_p50": 0.052048273 }, "geometry": { "type": "Point", "coordinates": [ -75.3, 44.73 ] } },
{ "type": "Feature", "properties": { "latitude": 42.93, "longitude": -73.59, "frac_class_11": 0.032873664178012005, "frac_class_21": 0.059066022544283413, "frac_class_22": 0.041903088859610596, "frac_class_23": 0.010124432733128385, "frac_class_24": 0.0010657297613819352, "frac_developed": 0.11215927389840431, "hybrid_seasonal_score": 0.048172686038952001, "jackpot_zone": false, "hybrid_screening_score": 0.41735537190082639, "summer_ghi": 380.33814511573593, "winter_wind": 3.7535966955356139, "solar_cf_p50": 0.03454677, "wind_cf_p50": 0.016441427 }, "geometry": { "type": "Point", "coordinates": [ -73.59, 42.93 ] } },
{ "type": "Feature", "properties": { "latitude": 42.93, "longitude": -75.75, "frac_class_11": 0.0095685374309004024, "frac_class_21": 0.050758924388644246, "frac_class_22": 0.020940691464442988, "frac_class_23": 0.0044270589337580815, "frac_class_24": 0.00043333645647896562, "frac_developed": 0.076560011243324289, "hybrid_seasonal_score": 0.38279299379975562, "jackpot_zone": false, "hybrid_screening_score": 0.59044995408631773, "summer_ghi": 380.50018565482355, "winter_wind": 5.623131718918092, "solar_cf_p50": 0.049061615, "wind_cf_p50": 0.018526124 }, "geometry": { "type": "Point", "coordinates": [ -75.75, 42.93 ] } },
{ "type": "Feature", "properties": { "latitude": 43.2, "longitude": -73.59, "frac_class_11": 0.022514609610137137, "frac_class_21": 0.056629074002506177, "frac_class_22": 0.036884141985501648, "frac_class_23": 0.0061717551441052123, "frac_class_24": 0.00072023328531778093, "frac_developed": 0.10040520441743082, "hybrid_seasonal_score": 0.0083462557792635429, "jackpot_zone": false, "hybrid_screening_score": 0.34573002754820936, "summer_ghi": 376.80986680590598, "winter_wind": 3.3826905988129443, "solar_cf_p50": 0.030361013, "wind_cf_p50": 0.0133273 }, "geometry": { "type": "Point", "coordinates": [ -73.59, 43.2 ] } },
{ "type": "Feature", "properties": { "latitude": 42.12, "longitude": -79.08, "frac_class_11": 0.0011770148327292106, "frac_class_21": 0.049504892516879333, "frac_class_22": 0.024658753535436343, "frac_class_23": 0.0035778908596892913, "frac_class_24": 0.00022252021713288557, "frac_developed": 0.077964057129137856, "hybrid_seasonal_score": 0.40271991136003155, "jackpot_zone": false, "hybrid_screening_score": 0.56014692378328745, "summer_ghi": 395.52243460923358, "winter_wind": 4.5665436706969702, "solar_cf_p50": 0.018792368, "wind_cf_p50": 0.044032823 }, "geometry": { "type": "Point", "coordinates": [ -79.08, 42.12 ] } },
{ "type": "Feature", "properties": { "latitude": 44.91, "longitude": -74.31, "frac_class_11": 0.00087843100510075602, "frac_class_21": 0.051739586200434527, "frac_class_22": 0.038205892515182215, "frac_class_23": 0.013920203327496647, "frac_class_24": 0.0036542729812191451, "frac_developed": 0.10751995502433254, "hybrid_seasonal_score": 0.0052113505031110841, "jackpot_zone": false, "hybrid_screening_score": 0.27961432506887052, "summer_ghi": 351.21464384972001, "winter_wind": 4.0080347937902197, "solar_cf_p50": 0.023794724, "wind_cf_p50": 0.051130593 }, "geometry": { "type": "Point", "coordinates": [ -74.31, 44.91 ] } },
{ "type": "Feature", "properties": { "latitude": 42.12, "longitude": -76.38, "frac_class_11": 0.006552865048458408, "frac_class_21": 0.05361754457880713, "frac_class_22": 0.01016601762656282, "frac_class_23": 0.0018973443035750885, "frac_class_24": 0.00035136005621760902, "frac_developed": 0.066032266565162645, "hybrid_seasonal_score": 0.097954459023830431, "jackpot_zone": false, "hybrid_screening_score": 0.32506887052341599, "summer_ghi": 381.29607305236266, "winter_wind": 4.08768936438236, "solar_cf_p50": 0.02011309, "wind_cf_p50": 0.02866401 }, "geometry": { "type": "Point", "coordinates": [ -76.38, 42.12 ] } },
{ "type": "Feature", "properties": { "latitude": 41.94, "longitude": -75.21, "frac_class_11": 0.01894946419160274, "frac_class_21": 0.04102594132458863, "frac_class_22": 0.016179656848392576, "frac_class_23": 0.0068454646600690991, "frac_class_24": 0.00064999707208526086, "frac_developed": 0.064701059905135583, "hybrid_seasonal_score": 0.22818804962556527, "jackpot_zone": false, "hybrid_screening_score": 0.56244260789715339, "summer_ghi": 382.18921773760474, "winter_wind": 4.5646706724648363, "solar_cf_p50": 0.02891455, "wind_cf_p50": 0.049743142 }, "geometry": { "type": "Point", "coordinates": [ -75.21, 41.94 ] } },
{ "type": "Feature", "properties": { "latitude": 42.03, "longitude": -79.17, "frac_class_11": 0.0037245474616272056, "frac_class_21": 0.062637986870384577, "frac_class_22": 0.022722081998606224, "frac_class_23": 0.0042340374445856439, "frac_class_24": 0.00063832653037321609, "frac_developed": 0.090232432843949661, "hybrid_seasonal_score": 0.62999369266586891, "jackpot_zone": false, "hybrid_screening_score": 0.66574839302112032, "summer_ghi": 393.85826317844379, "winter_wind": 4.9312702479741599, "solar_cf_p50": 0.032096263, "wind_cf_p50": 0.057929412 }, "geometry": { "type": "Point", "coordinates": [ -79.17, 42.03 ] } },
{ "type": "Feature", "properties": { "latitude": 42.75, "longitude": -77.73, "frac_class_11": 0.066852889677506258, "frac_class_21": 0.052001897366525537, "frac_class_22": 0.042796156075964931, "frac_class_23": 0.0054695689347223934, "frac_class_24": 0.00073786475993042986, "frac_developed": 0.10100548713714329, "hybrid_seasonal_score": 0.36991840097274609, "jackpot_zone": false, "hybrid_screening_score": 0.50734618916437091, "summer_ghi": 386.45162657634512, "winter_wind": 4.6615219938487211, "solar_cf_p50": 0.025486711, "wind_cf_p50": 0.023442227 }, "geometry": { "type": "Point", "coordinates": [ -77.73, 42.75 ] } },
{ "type": "Feature", "properties": { "latitude": 42.75, "longitude": -75.84, "frac_class_11": 0.0014990835680531239, "frac_class_21": 0.042284697050435964, "frac_class_22": 0.012466987954629298, "frac_class_23": 0.0017567385563122544, "frac_class_24": 6.4413747064782657e-05, "frac_developed": 0.0565728373084423, "hybrid_seasonal_score": 0.40038417398798065, "jackpot_zone": false, "hybrid_screening_score": 0.56198347107438018, "summer_ghi": 381.21504401268834, "winter_wind": 5.317225136419836, "solar_cf_p50": 0.048119195, "wind_cf_p50": 0.016011331 }, "geometry": { "type": "Point", "coordinates": [ -75.84, 42.75 ] } },
{ "type": "Feature", "properties": { "latitude": 42.21, "longitude": -73.68, "frac_class_11": 0.0066875530700084909, "frac_class_21": 0.067021930723508913, "frac_class_22": 0.02888179662108746, "frac_class_23": 0.0048019207683073226, "frac_class_24": 0.0006675841068134571, "frac_developed": 0.10137323221971715, "hybrid_seasonal_score": 0.11135649001914967, "jackpot_zone": false, "hybrid_screening_score": 0.55371900826446274, "summer_ghi": 378.61062990575289, "winter_wind": 4.557163928885009, "solar_cf_p50": 0.036976121, "wind_cf_p50": 0.029821469 }, "geometry": { "type": "Point", "coordinates": [ -73.68, 42.21 ] } },
{ "type": "Feature", "properties": { "latitude": 44.91, "longitude": -73.68, "frac_class_11": 0.0034083721801869333, "frac_class_21": 0.036754198973974563, "frac_class_22": 0.019776757478507344, "frac_class_23": 0.0028051722926280775, "frac_class_24": 0.000304528098573403, "frac_developed": 0.059640656843683387, "hybrid_seasonal_score": 0.0065518698125760482, "jackpot_zone": false, "hybrid_screening_score": 0.2470156106519743, "summer_ghi": 351.97854466455749, "winter_wind": 4.0438835591750468, "solar_cf_p50": 0.025712576, "wind_cf_p50": 0.049724177 }, "geometry": { "type": "Point", "coordinates": [ -73.68, 44.91 ] } },
{ "type": "Feature", "properties": { "latitude": 42.75, "longitude": -77.91, "frac_class_11": 0.009639485581765795, "frac_class_21": 0.050282274122139189, "frac_class_22": 0.049626367448288786, "frac_class_23": 0.010986436786994307, "frac_class_24": 0.0025299257419944248, "frac_developed": 0.11342500409941671, "hybrid_seasonal_score": 0.31244071063755513, "jackpot_zone": false, "hybrid_screening_score": 0.50321395775941236, "summer_ghi": 388.45439376974269, "winter_wind": 4.4734910768471075, "solar_cf_p50": 0.031310204, "wind_cf_p50": 0.03393149 }, "geometry": { "type": "Point", "coordinates": [ -77.91, 42.75 ] } },
{ "type": "Feature", "properties": { "latitude": 42.57, "longitude": -74.31, "frac_class_11": 0.0059031600646536576, "frac_class_21": 0.047980744454074818, "frac_class_22": 0.020608353439996251, "frac_class_23": 0.0036777624212326362, "frac_class_24": 0.00049778631497575485, "frac_developed": 0.072764646630279456, "hybrid_seasonal_score": 0.16856455868476905, "jackpot_zone": false, "hybrid_screening_score": 0.54499540863177232, "summer_ghi": 382.075956931419, "winter_wind": 4.3893489467193643, "solar_cf_p50": 0.026479322, "wind_cf_p50": 0.019336728 }, "geometry": { "type": "Point", "coordinates": [ -74.31, 42.57 ] } },
{ "type": "Feature", "properties": { "latitude": 42.21, "longitude": -74.22, "frac_class_11": 0.0022543755379759805, "frac_class_21": 0.04273359136662002, "frac_class_22": 0.01684047804472447, "frac_class_23": 0.0044794734715626625, "frac_class_24": 0.0004274530240837574, "frac_developed": 0.064480995906990912, "hybrid_seasonal_score": 0.48075293379575873, "jackpot_zone": false, "hybrid_screening_score": 0.84251606978879701, "summer_ghi": 382.45936870355297, "winter_wind": 5.2807811939622615, "solar_cf_p50": 0.040417571, "wind_cf_p50": 0.020616792 }, "geometry": { "type": "Point", "coordinates": [ -74.22, 42.21 ] } },
{ "type": "Feature", "properties": { "latitude": 42.39, "longitude": -76.83, "frac_class_11": 0.075600529379384648, "frac_class_21": 0.066880995045852223, "frac_class_22": 0.041846737640982394, "frac_class_23": 0.013825937247461438, "frac_class_24": 0.0036658351194031598, "frac_developed": 0.12621950505369919, "hybrid_seasonal_score": 0.28400711345865359, "jackpot_zone": false, "hybrid_screening_score": 0.43112947658402201, "summer_ghi": 383.62319537487042, "winter_wind": 4.6174760975417017, "solar_cf_p50": 0.03043313, "wind_cf_p50": 0.045471452 }, "geometry": { "type": "Point", "coordinates": [ -76.83, 42.39 ] } },
{ "type": "Feature", "properties": { "latitude": 43.02, "longitude": -76.38, "frac_class_11": 0.00089595764989722844, "frac_class_21": 0.095990443118401103, "frac_class_22": 0.054799814952537669, "frac_class_23": 0.011618169786902622, "frac_class_24": 0.0017099322468626843, "frac_developed": 0.16411836010470407, "hybrid_seasonal_score": 0.46549137758754577, "jackpot_zone": false, "hybrid_screening_score": 0.48943985307621674, "summer_ghi": 384.93024198728324, "winter_wind": 4.9658182300179412, "solar_cf_p50": 0.022730956, "wind_cf_p50": 0.016604677 }, "geometry": { "type": "Point", "coordinates": [ -76.38, 43.02 ] } },
{ "type": "Feature", "properties": { "latitude": 42.84, "longitude": -78.54, "frac_class_11": 0.0035488404778636685, "frac_class_21": 0.080463808854532679, "frac_class_22": 0.069975404075895989, "frac_class_23": 0.0078355586788475054, "frac_class_24": 0.00084328882642304987, "frac_developed": 0.1591180604356992, "hybrid_seasonal_score": 0.72587634420842528, "jackpot_zone": true, "hybrid_screening_score": 0.68457300275482091, "summer_ghi": 392.13657829537811, "winter_wind": 5.1372610027483887, "solar_cf_p50": 0.039330032, "wind_cf_p50": 0.021697139 }, "geometry": { "type": "Point", "coordinates": [ -78.54, 42.84 ] } },
{ "type": "Feature", "properties": { "latitude": 44.46, "longitude": -75.12, "frac_class_11": 0.0077999191900264093, "frac_class_21": 0.037781590551088887, "frac_class_22": 0.0097498989875330119, "frac_class_23": 0.00047431941020430868, "frac_class_24": 1.7567385563122543e-05, "frac_developed": 0.048023376334389328, "hybrid_seasonal_score": 0.0058250085798295156, "jackpot_zone": false, "hybrid_screening_score": 0.16758494031221305, "summer_ghi": 353.78096068990988, "winter_wind": 3.8121010564802789, "solar_cf_p50": 0.023053262, "wind_cf_p50": 0.054505289 }, "geometry": { "type": "Point", "coordinates": [ -75.12, 44.46 ] } },
{ "type": "Feature", "properties": { "latitude": 42.3, "longitude": -77.19, "frac_class_11": 0.0040346428843304775, "frac_class_21": 0.045675202464118617, "frac_class_22": 0.030350586457888049, "frac_class_23": 0.0048076078491078693, "frac_class_24": 9.3692723003320242e-05, "frac_developed": 0.080927089494117851, "hybrid_seasonal_score": 0.33280694919813375, "jackpot_zone": false, "hybrid_screening_score": 0.54683195592286504, "summer_ghi": 384.85557062588589, "winter_wind": 4.6716936215321709, "solar_cf_p50": 0.050039392, "wind_cf_p50": 0.03144668 }, "geometry": { "type": "Point", "coordinates": [ -77.19, 42.3 ] } },
{ "type": "Feature", "properties": { "latitude": 42.21, "longitude": -77.55, "frac_class_11": 0.00062659210025473608, "frac_class_21": 0.037618950019032003, "frac_class_22": 0.015576962492313998, "frac_class_23": 0.0010013761602201856, "frac_class_24": 1.756800281088045e-05, "frac_developed": 0.054214856674377067, "hybrid_seasonal_score": 0.60519988262287283, "jackpot_zone": false, "hybrid_screening_score": 0.78558310376492191, "summer_ghi": 385.17808346943531, "winter_wind": 5.317787852025285, "solar_cf_p50": 0.042971734, "wind_cf_p50": 0.032456603 }, "geometry": { "type": "Point", "coordinates": [ -77.55, 42.21 ] } },
{ "type": "Feature", "properties": { "latitude": 42.39, "longitude": -73.86, "frac_class_11": 0.03784369418172235, "frac_class_21": 0.072308277942080765, "frac_class_22": 0.037820268806184297, "frac_class_23": 0.014681854118473836, "frac_class_24": 0.0039120377148546166, "frac_developed": 0.12872243858159352, "hybrid_seasonal_score": 0.038532077600447245, "jackpot_zone": false, "hybrid_screening_score": 0.43985307621671255, "summer_ghi": 379.39777932484242, "winter_wind": 3.7511068458043457, "solar_cf_p50": 0.032227691, "wind_cf_p50": 0.048153032 }, "geometry": { "type": "Point", "coordinates": [ -73.86, 42.39 ] } },
{ "type": "Feature", "properties": { "latitude": 42.66, "longitude": -77.64, "frac_class_11": 0.021362441221079016, "frac_class_21": 0.058986806584410335, "frac_class_22": 0.020144407291806964, "frac_class_23": 0.0010482118910562345, "frac_class_24": 8.1983052931772535e-05, "frac_developed": 0.080261408820205313, "hybrid_seasonal_score": 0.35736781792379085, "jackpot_zone": false, "hybrid_screening_score": 0.47520661157024791, "summer_ghi": 387.00822690138989, "winter_wind": 4.6145352658799039, "solar_cf_p50": 0.028921083, "wind_cf_p50": 0.035803337 }, "geometry": { "type": "Point", "coordinates": [ -77.64, 42.66 ] } },
{ "type": "Feature", "properties": { "latitude": 42.3, "longitude": -76.65, "frac_class_11": 0.0005738847311525713, "frac_class_21": 0.036576367661009801, "frac_class_22": 0.012379513486291183, "frac_class_23": 0.0023599545576988394, "frac_class_24": 0.00043334153168663554, "frac_developed": 0.051749177236686462, "hybrid_seasonal_score": 0.32352934976275827, "jackpot_zone": false, "hybrid_screening_score": 0.4527089072543618, "summer_ghi": 382.81367196760931, "winter_wind": 4.7632989122496436, "solar_cf_p50": 0.044296265, "wind_cf_p50": 0.031853307 }, "geometry": { "type": "Point", "coordinates": [ -76.65, 42.3 ] } },
{ "type": "Feature", "properties": { "latitude": 44.64, "longitude": -75.03, "frac_class_11": 0.018153390292035346, "frac_class_21": 0.069527484818495383, "frac_class_22": 0.035932000913525448, "frac_class_23": 0.014516856301276007, "frac_class_24": 0.0047198814759291897, "frac_developed": 0.12469622350922603, "hybrid_seasonal_score": 0.0036123822750419297, "jackpot_zone": false, "hybrid_screening_score": 0.10422405876951331, "summer_ghi": 355.09859154929575, "winter_wind": 3.5992176501497752, "solar_cf_p50": 0.0091213947, "wind_cf_p50": 0.058737695 }, "geometry": { "type": "Point", "coordinates": [ -75.03, 44.64 ] } },
{ "type": "Feature", "properties": { "latitude": 42.66, "longitude": -73.5, "frac_class_11": 0.012449785086024149, "frac_class_21": 0.061446657999836035, "frac_class_22": 0.022469344014616494, "frac_class_23": 0.0038298021854467519, "frac_class_24": 0.00056217279786374339, "frac_developed": 0.088307976997763021, "hybrid_seasonal_score": 0.11388511545035461, "jackpot_zone": false, "hybrid_screening_score": 0.57805325987144163, "summer_ghi": 378.29490098759754, "winter_wind": 4.6270367606072584, "solar_cf_p50": 0.026948329, "wind_cf_p50": 0.024222458 }, "geometry": { "type": "Point", "coordinates": [ -73.5, 42.66 ] } },
{ "type": "Feature", "properties": { "latitude": 42.21, "longitude": -75.12, "frac_class_11": 0.001809440713001622, "frac_class_21": 0.059787668866493726, "frac_class_22": 0.017303874779675706, "frac_class_23": 0.0038414016431361298, "frac_class_24": 0.0015693531103056139, "frac_developed": 0.082502298399611179, "hybrid_seasonal_score": 0.37605203044722202, "jackpot_zone": false, "hybrid_screening_score": 0.69880624426078974, "summer_ghi": 381.21817701134745, "winter_wind": 5.2044188115318999, "solar_cf_p50": 0.042237692, "wind_cf_p50": 0.021762708 }, "geometry": { "type": "Point", "coordinates": [ -75.12, 42.21 ] } },
{ "type": "Feature", "properties": { "latitude": 42.3, "longitude": -75.75, "frac_class_11": 0.0071740212585283004, "frac_class_21": 0.059324763550115664, "frac_class_22": 0.025381394395478901, "frac_class_23": 0.0044215396328072384, "frac_class_24": 0.00092530233375303793, "frac_developed": 0.090052999912154846, "hybrid_seasonal_score": 0.12694184519879487, "jackpot_zone": false, "hybrid_screening_score": 0.32001836547291096, "summer_ghi": 380.06401867571094, "winter_wind": 4.4256130717135758, "solar_cf_p50": 0.028642043, "wind_cf_p50": 0.032178961 }, "geometry": { "type": "Point", "coordinates": [ -75.75, 42.3 ] } },
{ "type": "Feature", "properties": { "latitude": 44.28, "longitude": -76.02, "frac_class_11": 0.29370594842803005, "frac_class_21": 0.050109241726636465, "frac_class_22": 0.041641464950069741, "frac_class_23": 0.01302260131090072, "frac_class_24": 0.0023453026057546318, "frac_developed": 0.10711861059336156, "hybrid_seasonal_score": 0.030748253888749754, "jackpot_zone": false, "hybrid_screening_score": 0.31772268135904502, "summer_ghi": 370.50740479548665, "winter_wind": 4.1312044044838281, "solar_cf_p50": 0.021276239, "wind_cf_p50": 0.051647224 }, "geometry": { "type": "Point", "coordinates": [ -76.02, 44.28 ] } },
{ "type": "Feature", "properties": { "latitude": 42.39, "longitude": -79.44, "frac_class_11": 0.24092335800618384, "frac_class_21": 0.062002248664855243, "frac_class_22": 0.038760189262625318, "frac_class_23": 0.0047374215309659885, "frac_class_24": 0.0005328867235079172, "frac_developed": 0.10603274618195446, "hybrid_seasonal_score": 1.0, "jackpot_zone": true, "hybrid_screening_score": 1.0, "summer_ghi": 419.16027116065663, "winter_wind": 7.0616641675671357, "solar_cf_p50": 0.010765172, "wind_cf_p50": 0.048080035 }, "geometry": { "type": "Point", "coordinates": [ -79.44, 42.39 ] } },
{ "type": "Feature", "properties": { "latitude": 42.66, "longitude": -78.81, "frac_class_11": 0.0014346698209883411, "frac_class_21": 0.095390903607755415, "frac_class_22": 0.079351880588624538, "frac_class_23": 0.013854811414115979, "frac_class_24": 0.0022661927376428082, "frac_developed": 0.19086378834813875, "hybrid_seasonal_score": 0.84557677113399621, "jackpot_zone": true, "hybrid_screening_score": 0.90082644628099173, "summer_ghi": 405.44177157734049, "winter_wind": 5.255611866664303, "solar_cf_p50": 0.030449308, "wind_cf_p50": 0.021314686 }, "geometry": { "type": "Point", "coordinates": [ -78.81, 42.66 ] } },
{ "type": "Feature", "properties": { "latitude": 43.65, "longitude": -76.11, "frac_class_11": 0.060457899051411169, "frac_class_21": 0.063977046492563527, "frac_class_22": 0.032052933598782057, "frac_class_23": 0.0053226373111605572, "frac_class_24": 0.0010715540461412342, "frac_developed": 0.10242417144864738, "hybrid_seasonal_score": 0.74406663681644902, "jackpot_zone": true, "hybrid_screening_score": 0.78099173553719003, "summer_ghi": 390.62969219275584, "winter_wind": 5.2288684898969313, "solar_cf_p50": 0.025422463, "wind_cf_p50": 0.019049294 }, "geometry": { "type": "Point", "coordinates": [ -76.11, 43.65 ] } },
{ "type": "Feature", "properties": { "latitude": 43.47, "longitude": -76.29, "frac_class_11": 0.072603878765166066, "frac_class_21": 0.070226495526303459, "frac_class_22": 0.024722443434674661, "frac_class_23": 0.0040462360050592585, "frac_class_24": 0.00072609734388907107, "frac_developed": 0.099721272309926431, "hybrid_seasonal_score": 0.9545018175746951, "jackpot_zone": true, "hybrid_screening_score": 0.79981634527089074, "summer_ghi": 400.65559423358292, "winter_wind": 5.8006616773686446, "solar_cf_p50": 0.019198043, "wind_cf_p50": 0.024780272 }, "geometry": { "type": "Point", "coordinates": [ -76.29, 43.47 ] } },
{ "type": "Feature", "properties": { "latitude": 42.21, "longitude": -74.4, "frac_class_11": 0.0010423376471277157, "frac_class_21": 0.028043567371318148, "frac_class_22": 0.007559875856415061, "frac_class_23": 0.00091350939860631263, "frac_class_24": 0.0, "frac_developed": 0.03651695262633952, "hybrid_seasonal_score": 0.44450747562443027, "jackpot_zone": false, "hybrid_screening_score": 0.74426078971533516, "summer_ghi": 383.82086091078622, "winter_wind": 5.022598336826376, "solar_cf_p50": 0.051912457, "wind_cf_p50": 0.051416218 }, "geometry": { "type": "Point", "coordinates": [ -74.4, 42.21 ] } },
{ "type": "Feature", "properties": { "latitude": 43.02, "longitude": -73.5, "frac_class_11": 0.0015167664179716325, "frac_class_21": 0.057356024315112615, "frac_class_22": 0.016280349968961924, "frac_class_23": 0.0025533210742688483, "frac_class_24": 0.00024010588083720822, "frac_developed": 0.076429801239180611, "hybrid_seasonal_score": 0.03130731305036339, "jackpot_zone": false, "hybrid_screening_score": 0.39990817263544537, "summer_ghi": 379.03765629959582, "winter_wind": 3.7061540185802206, "solar_cf_p50": 0.028635254, "wind_cf_p50": 0.018637987 }, "geometry": { "type": "Point", "coordinates": [ -73.5, 43.02 ] } },
{ "type": "Feature", "properties": { "latitude": 41.31, "longitude": -74.4, "frac_class_11": 0.0038589012378933561, "frac_class_21": 0.096712614332392519, "frac_class_22": 0.064412615503530987, "frac_class_23": 0.016981507723658168, "frac_class_24": 0.0043624907772845988, "frac_developed": 0.18246922833686627, "hybrid_seasonal_score": 0.11455231840906772, "jackpot_zone": false, "hybrid_screening_score": 0.5762167125803489, "summer_ghi": 381.88696323152482, "winter_wind": 4.0988703246131406, "solar_cf_p50": 0.025344586, "wind_cf_p50": 0.048932623 }, "geometry": { "type": "Point", "coordinates": [ -74.4, 41.31 ] } },
{ "type": "Feature", "properties": { "latitude": 43.83, "longitude": -76.02, "frac_class_11": 0.0018153390292035346, "frac_class_21": 0.055367840390707808, "frac_class_22": 0.038649153524978483, "frac_class_23": 0.0087663307313473916, "frac_class_24": 0.0015401102086468697, "frac_developed": 0.10432343485568056, "hybrid_seasonal_score": 0.24459786950395515, "jackpot_zone": false, "hybrid_screening_score": 0.50505050505050508, "summer_ghi": 385.89502549984201, "winter_wind": 4.4140954498871237, "solar_cf_p50": 0.030306531, "wind_cf_p50": 0.017453203 }, "geometry": { "type": "Point", "coordinates": [ -76.02, 43.83 ] } },
{ "type": "Feature", "properties": { "latitude": 43.02, "longitude": -75.57, "frac_class_11": 0.0012004239546064073, "frac_class_21": 0.063300404630708601, "frac_class_22": 0.048590819391824233, "frac_class_23": 0.0087543112787150188, "frac_class_24": 0.0017801408887821845, "frac_developed": 0.12242567619003004, "hybrid_seasonal_score": 0.27974797646723515, "jackpot_zone": false, "hybrid_screening_score": 0.54729109274563814, "summer_ghi": 379.77618900799524, "winter_wind": 5.2185800722873443, "solar_cf_p50": 0.021378815, "wind_cf_p50": 0.022748435 }, "geometry": { "type": "Point", "coordinates": [ -75.57, 43.02 ] } },
{ "type": "Feature", "properties": { "latitude": 41.76, "longitude": -74.85, "frac_class_11": 0.017695694945425586, "frac_class_21": 0.082365203541481233, "frac_class_22": 0.021144657328898673, "frac_class_23": 0.0043038834496650583, "frac_class_24": 0.00029278118705204479, "frac_developed": 0.10810652550709701, "hybrid_seasonal_score": 0.24530723378707353, "jackpot_zone": false, "hybrid_screening_score": 0.71166207529843895, "summer_ghi": 384.60170247458638, "winter_wind": 4.4736202537525216, "solar_cf_p50": 0.030092545, "wind_cf_p50": 0.050172947 }, "geometry": { "type": "Point", "coordinates": [ -74.85, 41.76 ] } },
{ "type": "Feature", "properties": { "latitude": 42.12, "longitude": -77.73, "frac_class_11": 0.001059849278892604, "frac_class_21": 0.055615737297911333, "frac_class_22": 0.015944583350411937, "frac_class_23": 0.002037721265495172, "frac_class_24": 0.00015809906370221164, "frac_developed": 0.073756140977520646, "hybrid_seasonal_score": 0.71587715370585392, "jackpot_zone": true, "hybrid_screening_score": 0.82782369146005508, "summer_ghi": 386.62015648848518, "winter_wind": 5.5241663214807959, "solar_cf_p50": 0.050986715, "wind_cf_p50": 0.099287517 }, "geometry": { "type": "Point", "coordinates": [ -77.73, 42.12 ] } },
{ "type": "Feature", "properties": { "latitude": 42.48, "longitude": -77.37, "frac_class_11": 0.00020494803103498756, "frac_class_21": 0.045638998682476943, "frac_class_22": 0.015212999560825648, "frac_class_23": 0.00052115356463182546, "frac_class_24": 3.5133948177426437e-05, "frac_developed": 0.06140828575611184, "hybrid_seasonal_score": 0.62344435253275721, "jackpot_zone": false, "hybrid_screening_score": 0.68089990817263546, "summer_ghi": 386.063640279666, "winter_wind": 5.2713469650506317, "solar_cf_p50": 0.041658893, "wind_cf_p50": 0.031754039 }, "geometry": { "type": "Point", "coordinates": [ -77.37, 42.48 ] } },
{ "type": "Feature", "properties": { "latitude": 42.48, "longitude": -73.86, "frac_class_11": 0.034999882884782049, "frac_class_21": 0.06997634272597382, "frac_class_22": 0.039871875951561143, "frac_class_23": 0.017707820954254796, "frac_class_24": 0.0061544047033471527, "frac_developed": 0.13371044433513693, "hybrid_seasonal_score": 0.055531523600644561, "jackpot_zone": false, "hybrid_screening_score": 0.49449035812672176, "summer_ghi": 378.79660669052606, "winter_wind": 4.0486025132812502, "solar_cf_p50": 0.027159993, "wind_cf_p50": 0.019100396 }, "geometry": { "type": "Point", "coordinates": [ -73.86, 42.48 ] } },
{ "type": "Feature", "properties": { "latitude": 43.2, "longitude": -76.74, "frac_class_11": 0.005633637854298431, "frac_class_21": 0.065360740220192087, "frac_class_22": 0.030803466854064182, "frac_class_23": 0.0059323026469899273, "frac_class_24": 0.0011126727570859687, "frac_developed": 0.10320918247833218, "hybrid_seasonal_score": 0.35850469803637847, "jackpot_zone": false, "hybrid_screening_score": 0.34389348025711663, "summer_ghi": 392.34314922805049, "winter_wind": 4.5138665361485151, "solar_cf_p50": 0.027818164, "wind_cf_p50": 0.013067966 }, "geometry": { "type": "Point", "coordinates": [ -76.74, 43.2 ] } },
{ "type": "Feature", "properties": { "latitude": 43.2, "longitude": -77.28, "frac_class_11": 0.0016571900381212267, "frac_class_21": 0.083181570641385247, "frac_class_22": 0.054564299559058622, "frac_class_23": 0.012654373400635939, "frac_class_24": 0.0017040363996228868, "frac_developed": 0.1521042800007027, "hybrid_seasonal_score": 0.51984596781741788, "jackpot_zone": false, "hybrid_screening_score": 0.62121212121212122, "summer_ghi": 398.39401690843818, "winter_wind": 4.7067364695302789, "solar_cf_p50": 0.025361286, "wind_cf_p50": 0.014686006 }, "geometry": { "type": "Point", "coordinates": [ -77.28, 43.2 ] } },
{ "type": "Feature", "properties": { "latitude": 43.02, "longitude": -75.48, "frac_class_11": 0.00040991526465886265, "frac_class_21": 0.055525950564219079, "frac_class_22": 0.035961280575286796, "frac_class_23": 0.0048779916494404657, "frac_class_24": 0.00084911019107907263, "frac_developed": 0.097214332980025422, "hybrid_seasonal_score": 0.22214801829126901, "jackpot_zone": false, "hybrid_screening_score": 0.54224058769513317, "summer_ghi": 378.51419526984887, "winter_wind": 5.2893164860739255, "solar_cf_p50": 0.023798021, "wind_cf_p50": 0.021786302 }, "geometry": { "type": "Point", "coordinates": [ -75.48, 43.02 ] } },
{ "type": "Feature", "properties": { "latitude": 42.57, "longitude": -76.74, "frac_class_11": 0.010166791604197901, "frac_class_21": 0.05500374812593703, "frac_class_22": 0.030886900299850074, "frac_class_23": 0.002547554347826087, "frac_class_24": 0.0002811094452773613, "frac_developed": 0.088719312218890539, "hybrid_seasonal_score": 0.43286525830978623, "jackpot_zone": false, "hybrid_screening_score": 0.47015610651974282, "summer_ghi": 387.02770379144584, "winter_wind": 4.7472625125779775, "solar_cf_p50": 0.03272656, "wind_cf_p50": 0.019986119 }, "geometry": { "type": "Point", "coordinates": [ -76.74, 42.57 ] } },
{ "type": "Feature", "properties": { "latitude": 43.38, "longitude": -75.84, "frac_class_11": 0.0032619453375264265, "frac_class_21": 0.046510538367387576, "frac_class_22": 0.012608560703221538, "frac_class_23": 0.0010131356254794825, "frac_class_24": 0.00025181983754692339, "frac_developed": 0.060384054533635517, "hybrid_seasonal_score": 0.085240079229560825, "jackpot_zone": false, "hybrid_screening_score": 0.1799816345270891, "summer_ghi": 379.59851581082881, "winter_wind": 4.2308111040463228, "solar_cf_p50": 0.021761868, "wind_cf_p50": 0.015388885 }, "geometry": { "type": "Point", "coordinates": [ -75.84, 43.38 ] } },
{ "type": "Feature", "properties": { "latitude": 42.3, "longitude": -73.86, "frac_class_11": 0.070357379180305796, "frac_class_21": 0.084592817281622754, "frac_class_22": 0.045517095994050509, "frac_class_23": 0.014575074222204004, "frac_class_24": 0.0034959097270613861, "frac_developed": 0.14818089722493863, "hybrid_seasonal_score": 0.010874881210468488, "jackpot_zone": false, "hybrid_screening_score": 0.44031221303948576, "summer_ghi": 379.21683545272134, "winter_wind": 3.3417937156952475, "solar_cf_p50": 0.035945728, "wind_cf_p50": 0.031790756 }, "geometry": { "type": "Point", "coordinates": [ -73.86, 42.3 ] } },
{ "type": "Feature", "properties": { "latitude": 43.11, "longitude": -76.83, "frac_class_11": 0.012439238653001464, "frac_class_21": 0.048843338213762813, "frac_class_22": 0.037440702781844803, "frac_class_23": 0.005815519765739385, "frac_class_24": 0.0011478770131771595, "frac_developed": 0.093247437774524156, "hybrid_seasonal_score": 0.31795604428962804, "jackpot_zone": false, "hybrid_screening_score": 0.31818181818181818, "summer_ghi": 389.76431751358552, "winter_wind": 4.4545512071406108, "solar_cf_p50": 0.022077357, "wind_cf_p50": 0.017429421 }, "geometry": { "type": "Point", "coordinates": [ -76.83, 43.11 ] } },
{ "type": "Feature", "properties": { "latitude": 42.84, "longitude": -77.91, "frac_class_11": 0.0053521968015646688, "frac_class_21": 0.035093780559931134, "frac_class_22": 0.043256759051595414, "frac_class_23": 0.0069683962733719422, "frac_class_24": 0.0011301684712275504, "frac_developed": 0.08644910435612603, "hybrid_seasonal_score": 0.3791837736240441, "jackpot_zone": false, "hybrid_screening_score": 0.55142332415059692, "summer_ghi": 388.45408016326388, "winter_wind": 4.6046322104289823, "solar_cf_p50": 0.030449999, "wind_cf_p50": 0.019732838 }, "geometry": { "type": "Point", "coordinates": [ -77.91, 42.84 ] } },
{ "type": "Feature", "properties": { "latitude": 42.03, "longitude": -75.39, "frac_class_11": 0.041336784409257005, "frac_class_21": 0.051760282956994287, "frac_class_22": 0.020191136512695586, "frac_class_23": 0.0085144757800056214, "frac_class_24": 0.0009076641993816172, "frac_developed": 0.081373559449077107, "hybrid_seasonal_score": 0.16999446000197316, "jackpot_zone": false, "hybrid_screening_score": 0.46648301193755737, "summer_ghi": 380.4442983066686, "winter_wind": 4.5762474657301695, "solar_cf_p50": 0.032940239, "wind_cf_p50": 0.049587172 }, "geometry": { "type": "Point", "coordinates": [ -75.39, 42.03 ] } },
{ "type": "Feature", "properties": { "latitude": 43.92, "longitude": -73.5, "frac_class_11": 0.0079641146364030305, "frac_class_21": 0.038573252286754976, "frac_class_22": 0.016361570804492697, "frac_class_23": 0.002605905156764227, "frac_class_24": 7.6127566377381909e-05, "frac_developed": 0.05761685581438928, "hybrid_seasonal_score": 0.002614002113125579, "jackpot_zone": false, "hybrid_screening_score": 0.051423324150596882, "summer_ghi": 356.64635197683396, "winter_wind": 3.3836937099971451, "solar_cf_p50": 0.029855622, "wind_cf_p50": 0.05124642 }, "geometry": { "type": "Point", "coordinates": [ -73.5, 43.92 ] } },
{ "type": "Feature", "properties": { "latitude": 43.83, "longitude": -75.93, "frac_class_11": 0.0016688527661966553, "frac_class_21": 0.042599662716072517, "frac_class_22": 0.016091254040380382, "frac_class_23": 0.003308427413688106, "frac_class_24": 0.00036890429568557642, "frac_developed": 0.06236824846582658, "hybrid_seasonal_score": 0.24459786950395515, "jackpot_zone": false, "hybrid_screening_score": 0.50505050505050508, "summer_ghi": 385.89502549984201, "winter_wind": 4.4140954498871237, "solar_cf_p50": 0.030254113, "wind_cf_p50": 0.017630188 }, "geometry": { "type": "Point", "coordinates": [ -75.93, 43.83 ] } },
{ "type": "Feature", "properties": { "latitude": 43.11, "longitude": -73.41, "frac_class_11": 0.0097912335665973713, "frac_class_21": 0.056592393054782891, "frac_class_22": 0.02025590724094516, "frac_class_23": 0.0023716803794688606, "frac_class_24": 0.00016982402717184434, "frac_developed": 0.079389804702368755, "hybrid_seasonal_score": 0.044331578579011585, "jackpot_zone": false, "hybrid_screening_score": 0.36639118457300279, "summer_ghi": 379.51159607870119, "winter_wind": 3.8076294350066728, "solar_cf_p50": 0.025806986, "wind_cf_p50": 0.013923796 }, "geometry": { "type": "Point", "coordinates": [ -73.41, 43.11 ] } },
{ "type": "Feature", "properties": { "latitude": 43.2, "longitude": -78.9, "frac_class_11": 0.0050945418133055377, "frac_class_21": 0.035890168705459358, "frac_class_22": 0.069443875131023416, "frac_class_23": 0.011547628110159219, "frac_class_24": 0.0019031334360049422, "frac_developed": 0.11878480538264694, "hybrid_seasonal_score": 0.81624893226445938, "jackpot_zone": true, "hybrid_screening_score": 0.90817263544536275, "summer_ghi": 404.97113041438342, "winter_wind": 5.1950116923773493, "solar_cf_p50": 0.028699329, "wind_cf_p50": 0.018367115 }, "geometry": { "type": "Point", "coordinates": [ -78.9, 43.2 ] } },
{ "type": "Feature", "properties": { "latitude": 43.29, "longitude": -76.11, "frac_class_11": 0.061578099838969405, "frac_class_21": 0.08131752305665349, "frac_class_22": 0.055125164690382082, "frac_class_23": 0.018070560679256331, "frac_class_24": 0.0039467135119309032, "frac_developed": 0.15845996193822282, "hybrid_seasonal_score": 0.22568219130953915, "jackpot_zone": false, "hybrid_screening_score": 0.23324150596877868, "summer_ghi": 384.94596732506056, "winter_wind": 4.4065519690465207, "solar_cf_p50": 0.02221613, "wind_cf_p50": 0.015935682 }, "geometry": { "type": "Point", "coordinates": [ -76.11, 43.29 ] } },
{ "type": "Feature", "properties": { "latitude": 42.93, "longitude": -77.1, "frac_class_11": 0.0033086017790322484, "frac_class_21": 0.053593492887970155, "frac_class_22": 0.065352205051327245, "frac_class_23": 0.0096447205841878117, "frac_class_24": 0.0015225424115900613, "frac_developed": 0.13011296093507527, "hybrid_seasonal_score": 0.46050474694351473, "jackpot_zone": false, "hybrid_screening_score": 0.52938475665748386, "summer_ghi": 386.5710637733344, "winter_wind": 4.8131554112030051, "solar_cf_p50": 0.029868541, "wind_cf_p50": 0.016520541 }, "geometry": { "type": "Point", "coordinates": [ -77.1, 42.93 ] } },
{ "type": "Feature", "properties": { "latitude": 42.75, "longitude": -75.12, "frac_class_11": 0.0034492855469665028, "frac_class_21": 0.051856406652611854, "frac_class_22": 0.0069337081283672988, "frac_class_23": 0.0005446240337315531, "frac_class_24": 0.0, "frac_developed": 0.059334738814710707, "hybrid_seasonal_score": 0.17802640310779555, "jackpot_zone": false, "hybrid_screening_score": 0.49403122130394861, "summer_ghi": 378.41254982075975, "winter_wind": 4.9879089023918652, "solar_cf_p50": 0.047058526, "wind_cf_p50": 0.013632526 }, "geometry": { "type": "Point", "coordinates": [ -75.12, 42.75 ] } },
{ "type": "Feature", "properties": { "latitude": 42.66, "longitude": -77.73, "frac_class_11": 0.00049773384707273941, "frac_class_21": 0.048145502242730155, "frac_class_22": 0.041177228383711809, "frac_class_23": 0.0037827772377528194, "frac_class_24": 0.00035719723142867182, "frac_developed": 0.093462705095623461, "hybrid_seasonal_score": 0.25579929017194231, "jackpot_zone": false, "hybrid_screening_score": 0.4366391184573003, "summer_ghi": 387.70521680041111, "winter_wind": 4.3782000633017093, "solar_cf_p50": 0.026864944, "wind_cf_p50": 0.035677094 }, "geometry": { "type": "Point", "coordinates": [ -77.73, 42.66 ] } },
{ "type": "Feature", "properties": { "latitude": 42.21, "longitude": -73.77, "frac_class_11": 0.058522071700080239, "frac_class_21": 0.072069064478531564, "frac_class_22": 0.046849284580558634, "frac_class_23": 0.025266635039446171, "frac_class_24": 0.0092890317970703816, "frac_developed": 0.15347401589560675, "hybrid_seasonal_score": 0.040626019777034048, "jackpot_zone": false, "hybrid_screening_score": 0.44765840220385678, "summer_ghi": 376.2528206619844, "winter_wind": 4.0921336252374712, "solar_cf_p50": 0.038011931, "wind_cf_p50": 0.029816139 }, "geometry": { "type": "Point", "coordinates": [ -73.77, 42.21 ] } },
{ "type": "Feature", "properties": { "latitude": 42.3, "longitude": -75.66, "frac_class_11": 0.0053874577640879093, "frac_class_21": 0.045752399468281343, "frac_class_22": 0.011653305381016239, "frac_class_23": 0.0010306440939994261, "frac_class_24": 2.9279661761347332e-05, "frac_developed": 0.058465628605058349, "hybrid_seasonal_score": 0.14739599012075846, "jackpot_zone": false, "hybrid_screening_score": 0.36042240587695129, "summer_ghi": 379.94838628889397, "winter_wind": 4.5510962100108268, "solar_cf_p50": 0.045823369, "wind_cf_p50": 0.032651167 }, "geometry": { "type": "Point", "coordinates": [ -75.66, 42.3 ] } },
{ "type": "Feature", "properties": { "latitude": 42.93, "longitude": -77.64, "frac_class_11": 0.00147576408856927, "frac_class_21": 0.063557411322390039, "frac_class_22": 0.067399082918030678, "frac_class_23": 0.014581954684672551, "frac_class_24": 0.0023132016467653244, "frac_developed": 0.14785165057185859, "hybrid_seasonal_score": 0.58080576193523847, "jackpot_zone": true, "hybrid_screening_score": 0.62580348943985309, "summer_ghi": 386.62984260927141, "winter_wind": 5.07928880248864, "solar_cf_p50": 0.027222745, "wind_cf_p50": 0.023639172 }, "geometry": { "type": "Point", "coordinates": [ -77.64, 42.93 ] } },
{ "type": "Feature", "properties": { "latitude": 42.57, "longitude": -79.08, "frac_class_11": 0.1428387391449468, "frac_class_21": 0.060928835354534965, "frac_class_22": 0.0556996714937373, "frac_class_23": 0.013198807774062644, "frac_class_24": 0.0015576232776844114, "frac_developed": 0.13138493790001932, "hybrid_seasonal_score": 0.98901022918052717, "jackpot_zone": true, "hybrid_screening_score": 0.99540863177226813, "summer_ghi": 415.78148493123678, "winter_wind": 6.2347978289522388, "solar_cf_p50": 0.021809867, "wind_cf_p50": 0.027802166 }, "geometry": { "type": "Point", "coordinates": [ -79.08, 42.57 ] } },
{ "type": "Feature", "properties": { "latitude": 42.75, "longitude": -74.94, "frac_class_11": 0.1010019382909076, "frac_class_21": 0.064525762872652534, "frac_class_22": 0.013761279857585393, "frac_class_23": 0.0037945997224320574, "frac_class_24": 0.00065000087837956534, "frac_developed": 0.082731643331049542, "hybrid_seasonal_score": 0.17622168761662874, "jackpot_zone": false, "hybrid_screening_score": 0.54820936639118456, "summer_ghi": 378.04982705786369, "winter_wind": 5.093447036182992, "solar_cf_p50": 0.053144723, "wind_cf_p50": 0.015950799 }, "geometry": { "type": "Point", "coordinates": [ -74.94, 42.75 ] } },
{ "type": "Feature", "properties": { "latitude": 42.48, "longitude": -77.01, "frac_class_11": 0.0018973665255353912, "frac_class_21": 0.060581039218097599, "frac_class_22": 0.032102973126496959, "frac_class_23": 0.0036717555910823771, "frac_class_24": 0.00048605377043036254, "frac_developed": 0.096841821706107292, "hybrid_seasonal_score": 0.31236482025362572, "jackpot_zone": false, "hybrid_screening_score": 0.45224977043158859, "summer_ghi": 385.14555485773991, "winter_wind": 4.6049772619453613, "solar_cf_p50": 0.039993394, "wind_cf_p50": 0.019986119 }, "geometry": { "type": "Point", "coordinates": [ -77.01, 42.48 ] } },
{ "type": "Feature", "properties": { "latitude": 42.93, "longitude": -78.27, "frac_class_11": 0.0020612881879988523, "frac_class_21": 0.043456873986191712, "frac_class_22": 0.040804136630613642, "frac_class_23": 0.004181135699520399, "frac_class_24": 0.00059730509993148563, "frac_developed": 0.089039451416257243, "hybrid_seasonal_score": 0.77468903915184906, "jackpot_zone": true, "hybrid_screening_score": 0.7346189164370982, "summer_ghi": 389.48321839799911, "winter_wind": 5.3789735034102133, "solar_cf_p50": 0.027683007, "wind_cf_p50": 0.028549768 }, "geometry": { "type": "Point", "coordinates": [ -78.27, 42.93 ] } },
{ "type": "Feature", "properties": { "latitude": 43.11, "longitude": -77.01, "frac_class_11": 0.0037123784986532382, "frac_class_21": 0.067390795175079052, "frac_class_22": 0.048711792949994143, "frac_class_23": 0.0091462700550415735, "frac_class_24": 0.0021665300386462115, "frac_developed": 0.127415388218761, "hybrid_seasonal_score": 0.34989683123918036, "jackpot_zone": false, "hybrid_screening_score": 0.38383838383838387, "summer_ghi": 391.00066747978877, "winter_wind": 4.5075102764730479, "solar_cf_p50": 0.025113763, "wind_cf_p50": 0.015837444 }, "geometry": { "type": "Point", "coordinates": [ -77.01, 43.11 ] } },
{ "type": "Feature", "properties": { "latitude": 42.03, "longitude": -78.27, "frac_class_11": 0.0063713290194126427, "frac_class_21": 0.052317512370801976, "frac_class_22": 0.018862179017948642, "frac_class_23": 0.0027640324422451906, "frac_class_24": 0.00045091207214593152, "frac_developed": 0.074394635903141729, "hybrid_seasonal_score": 0.5217369032169934, "jackpot_zone": false, "hybrid_screening_score": 0.63820018365472908, "summer_ghi": 387.42622372178658, "winter_wind": 4.8938211205446756, "solar_cf_p50": 0.032476209, "wind_cf_p50": 0.072377786 }, "geometry": { "type": "Point", "coordinates": [ -78.27, 42.03 ] } },
{ "type": "Feature", "properties": { "latitude": 42.93, "longitude": -74.58, "frac_class_11": 0.014359082471027096, "frac_class_21": 0.060194538629562609, "frac_class_22": 0.042462360113139266, "frac_class_23": 0.018101110896388561, "frac_class_24": 0.003636619173942833, "frac_developed": 0.12439462881303326, "hybrid_seasonal_score": 0.051649519656031054, "jackpot_zone": false, "hybrid_screening_score": 0.40220385674931125, "summer_ghi": 378.22158062039472, "winter_wind": 4.0956222880606701, "solar_cf_p50": 0.039685514, "wind_cf_p50": 0.019918056 }, "geometry": { "type": "Point", "coordinates": [ -74.58, 42.93 ] } },
{ "type": "Feature", "properties": { "latitude": 42.21, "longitude": -74.76, "frac_class_11": 0.0043157968706080763, "frac_class_21": 0.045219244823386115, "frac_class_22": 0.0067050032793029143, "frac_class_23": 0.0007202754614447672, "frac_class_24": 5.8558980605265626e-06, "frac_developed": 0.052650379462194322, "hybrid_seasonal_score": 0.4171458301185324, "jackpot_zone": false, "hybrid_screening_score": 0.69972451790633605, "summer_ghi": 384.45941422423448, "winter_wind": 4.8843901361073652, "solar_cf_p50": 0.055297393, "wind_cf_p50": 0.063096441 }, "geometry": { "type": "Point", "coordinates": [ -74.76, 42.21 ] } },
{ "type": "Feature", "properties": { "latitude": 44.73, "longitude": -75.39, "frac_class_11": 0.11051596434698917, "frac_class_21": 0.049873763791828819, "frac_class_22": 0.032395977179841266, "frac_class_23": 0.012051721973469473, "frac_class_24": 0.0034104699334644517, "frac_developed": 0.097731932878604016, "hybrid_seasonal_score": 0.0080890717003915084, "jackpot_zone": false, "hybrid_screening_score": 0.1147842056932966, "summer_ghi": 355.28609192150793, "winter_wind": 3.8983995244480707, "solar_cf_p50": 0.016111188, "wind_cf_p50": 0.048316535 }, "geometry": { "type": "Point", "coordinates": [ -75.39, 44.73 ] } },
{ "type": "Feature", "properties": { "latitude": 42.39, "longitude": -74.22, "frac_class_11": 0.0017801617370630846, "frac_class_21": 0.054013854811414116, "frac_class_22": 0.01104988551920408, "frac_class_23": 0.0015927762910564441, "frac_class_24": 8.7836927815612727e-05, "frac_developed": 0.066744353549490251, "hybrid_seasonal_score": 0.27236890146982806, "jackpot_zone": false, "hybrid_screening_score": 0.64508723599632689, "summer_ghi": 384.99775657118073, "winter_wind": 4.5297334371230846, "solar_cf_p50": 0.054543398, "wind_cf_p50": 0.044633292 }, "geometry": { "type": "Point", "coordinates": [ -74.22, 42.39 ] } },
{ "type": "Feature", "properties": { "latitude": 42.93, "longitude": -78.09, "frac_class_11": 0.00081982572847371868, "frac_class_21": 0.04315211280802024, "frac_class_22": 0.044762484774665046, "frac_class_23": 0.0043040850744870233, "frac_class_24": 0.0002986508010868547, "frac_developed": 0.092517333458259174, "hybrid_seasonal_score": 0.75917809870977915, "jackpot_zone": true, "hybrid_screening_score": 0.72635445362718087, "summer_ghi": 388.81515607626812, "winter_wind": 5.3517010208925093, "solar_cf_p50": 0.031723198, "wind_cf_p50": 0.028497847 }, "geometry": { "type": "Point", "coordinates": [ -78.09, 42.93 ] } },
{ "type": "Feature", "properties": { "latitude": 42.39, "longitude": -76.47, "frac_class_11": 0.0035546550169241399, "frac_class_21": 0.085077476253499026, "frac_class_22": 0.058080837657089983, "frac_class_23": 0.033696021363066722, "frac_class_24": 0.012543774376032138, "frac_developed": 0.18939810964968787, "hybrid_seasonal_score": 0.32320702643768012, "jackpot_zone": false, "hybrid_screening_score": 0.41414141414141414, "summer_ghi": 382.21421065506837, "winter_wind": 4.8038370133694306, "solar_cf_p50": 0.028096721, "wind_cf_p50": 0.046476535 }, "geometry": { "type": "Point", "coordinates": [ -76.47, 42.39 ] } },
{ "type": "Feature", "properties": { "latitude": 44.91, "longitude": -73.77, "frac_class_11": 0.0051652348073578241, "frac_class_21": 0.030300368359715852, "frac_class_22": 0.015501560697365262, "frac_class_23": 0.0026294676060132235, "frac_class_24": 0.00031623886575660149, "frac_developed": 0.04874763552885094, "hybrid_seasonal_score": 0.0086616224858148232, "jackpot_zone": false, "hybrid_screening_score": 0.4205693296602388, "summer_ghi": 349.70934897331119, "winter_wind": 4.5041684344748925, "solar_cf_p50": 0.023180814, "wind_cf_p50": 0.029741216 }, "geometry": { "type": "Point", "coordinates": [ -73.77, 44.91 ] } },
{ "type": "Feature", "properties": { "latitude": 42.93, "longitude": -74.67, "frac_class_11": 0.010891715269482117, "frac_class_21": 0.05796032136415806, "frac_class_22": 0.031375166889185582, "frac_class_23": 0.012654299299650996, "frac_class_24": 0.0015869112032417493, "frac_developed": 0.10357669875623639, "hybrid_seasonal_score": 0.051649519656031054, "jackpot_zone": false, "hybrid_screening_score": 0.40220385674931125, "summer_ghi": 378.22158062039472, "winter_wind": 4.0956222880606701, "solar_cf_p50": 0.036084618, "wind_cf_p50": 0.017344469 }, "geometry": { "type": "Point", "coordinates": [ -74.67, 42.93 ] } },
{ "type": "Feature", "properties": { "latitude": 42.12, "longitude": -73.77, "frac_class_11": 0.010792862538870117, "frac_class_21": 0.063129168838317887, "frac_class_22": 0.025585467407663341, "frac_class_23": 0.0040290230204789151, "frac_class_24": 0.00066174360656121717, "frac_developed": 0.093405402873021348, "hybrid_seasonal_score": 0.10617465244312227, "jackpot_zone": false, "hybrid_screening_score": 0.53443526170798894, "summer_ghi": 379.51624234034171, "winter_wind": 4.4005719178753653, "solar_cf_p50": 0.033730254, "wind_cf_p50": 0.028922068 }, "geometry": { "type": "Point", "coordinates": [ -73.77, 42.12 ] } },
{ "type": "Feature", "properties": { "latitude": 42.93, "longitude": -76.83, "frac_class_11": 0.014452017895205303, "frac_class_21": 0.072769540674115188, "frac_class_22": 0.082548661373058815, "frac_class_23": 0.029161689269903732, "frac_class_24": 0.0086723818893026956, "frac_developed": 0.19315227320638043, "hybrid_seasonal_score": 0.30582623125823727, "jackpot_zone": false, "hybrid_screening_score": 0.34067952249770428, "summer_ghi": 385.26321379228131, "winter_wind": 4.5796861832399181, "solar_cf_p50": 0.051497132, "wind_cf_p50": 0.017643381 }, "geometry": { "type": "Point", "coordinates": [ -76.83, 42.93 ] } },
{ "type": "Feature", "properties": { "latitude": 43.29, "longitude": -73.77, "frac_class_11": 0.038671671419620426, "frac_class_21": 0.058757048913457205, "frac_class_22": 0.066662372416862348, "frac_class_23": 0.013843099823740565, "frac_class_24": 0.0019734029782574325, "frac_developed": 0.14123592413231756, "hybrid_seasonal_score": 0.0073360704465137219, "jackpot_zone": false, "hybrid_screening_score": 0.32828282828282829, "summer_ghi": 372.68682075779361, "winter_wind": 3.455367659793648, "solar_cf_p50": 0.023059795, "wind_cf_p50": 0.016969763 }, "geometry": { "type": "Point", "coordinates": [ -73.77, 43.29 ] } },
{ "type": "Feature", "properties": { "latitude": 41.58, "longitude": -74.49, "frac_class_11": 0.015980371489471342, "frac_class_21": 0.066597568688075329, "frac_class_22": 0.029073852856440166, "frac_class_23": 0.011336753097697515, "frac_class_24": 0.0017684397910664512, "frac_developed": 0.10877661443327946, "hybrid_seasonal_score": 0.063440355639203624, "jackpot_zone": false, "hybrid_screening_score": 0.55463728191000916, "summer_ghi": 380.74689519704327, "winter_wind": 3.8647654472687751, "solar_cf_p50": 0.029390039, "wind_cf_p50": 0.049850233 }, "geometry": { "type": "Point", "coordinates": [ -74.49, 41.58 ] } },
{ "type": "Feature", "properties": { "latitude": 43.29, "longitude": -76.65, "frac_class_11": 0.018241229277319387, "frac_class_21": 0.079148781673274105, "frac_class_22": 0.023839500606088998, "frac_class_23": 0.0031153560114073561, "frac_class_24": 0.00050946611464744364, "frac_developed": 0.10661310440541791, "hybrid_seasonal_score": 0.77620115505164333, "jackpot_zone": true, "hybrid_screening_score": 0.62993572084481175, "summer_ghi": 396.92561075940836, "winter_wind": 5.168505273729326, "solar_cf_p50": 0.026070533, "wind_cf_p50": 0.018246541 }, "geometry": { "type": "Point", "coordinates": [ -76.65, 43.29 ] } },
{ "type": "Feature", "properties": { "latitude": 42.21, "longitude": -76.47, "frac_class_11": 0.0036655989975230858, "frac_class_21": 0.056213658747957862, "frac_class_22": 0.015242099345930658, "frac_class_23": 0.002008467182348911, "frac_class_24": 0.00029277947264561385, "frac_developed": 0.07375700474888304, "hybrid_seasonal_score": 0.22165894692816807, "jackpot_zone": false, "hybrid_screening_score": 0.41000918273645548, "summer_ghi": 381.84874604866417, "winter_wind": 4.5790765732736736, "solar_cf_p50": 0.029183434, "wind_cf_p50": 0.029387506 }, "geometry": { "type": "Point", "coordinates": [ -76.47, 42.21 ] } },
{ "type": "Feature", "properties": { "latitude": 42.93, "longitude": -75.48, "frac_class_11": 0.0024422527292320669, "frac_class_21": 0.060874759874431895, "frac_class_22": 0.026642224616970436, "frac_class_23": 0.0053471864311483855, "frac_class_24": 0.00032797638570022957, "frac_developed": 0.093192147308250942, "hybrid_seasonal_score": 0.23115473121734076, "jackpot_zone": false, "hybrid_screening_score": 0.53443526170798905, "summer_ghi": 378.68521515266048, "winter_wind": 5.2798820397490678, "solar_cf_p50": 0.024697853, "wind_cf_p50": 0.013417158 }, "geometry": { "type": "Point", "coordinates": [ -75.48, 42.93 ] } },
{ "type": "Feature", "properties": { "latitude": 42.57, "longitude": -75.84, "frac_class_11": 0.0044798669508795763, "frac_class_21": 0.044587852240519081, "frac_class_22": 0.015524349394485958, "frac_class_23": 0.0017275303928228432, "frac_class_24": 0.00014640088074769858, "frac_developed": 0.061986132908575582, "hybrid_seasonal_score": 0.22229558292668736, "jackpot_zone": false, "hybrid_screening_score": 0.41505968778696056, "summer_ghi": 379.89275674837313, "winter_wind": 4.8510476936868239, "solar_cf_p50": 0.066449679, "wind_cf_p50": 0.021502363 }, "geometry": { "type": "Point", "coordinates": [ -75.84, 42.57 ] } },
{ "type": "Feature", "properties": { "latitude": 44.1, "longitude": -73.5, "frac_class_11": 0.10884815834162909, "frac_class_21": 0.03234760203782866, "frac_class_22": 0.022562510979680272, "frac_class_23": 0.0054576330737248933, "frac_class_24": 0.0006441412426070153, "frac_developed": 0.061011887333840845, "hybrid_seasonal_score": 6.5771666072191994e-05, "jackpot_zone": false, "hybrid_screening_score": 0.081726354453627192, "summer_ghi": 348.04499959333384, "winter_wind": 2.6609077829301535, "solar_cf_p50": 0.039413139, "wind_cf_p50": 0.052980736 }, "geometry": { "type": "Point", "coordinates": [ -73.5, 44.1 ] } },
{ "type": "Feature", "properties": { "latitude": 42.3, "longitude": -79.17, "frac_class_11": 0.00066761538326393652, "frac_class_21": 0.041942643639792221, "frac_class_22": 0.011121066779107153, "frac_class_23": 0.0013410870418196618, "frac_class_24": 0.00015226315758651182, "frac_developed": 0.05455706061830555, "hybrid_seasonal_score": 0.76182878117513719, "jackpot_zone": true, "hybrid_screening_score": 0.74839302112029382, "summer_ghi": 399.26826067095135, "winter_wind": 5.1108767703343077, "solar_cf_p50": 0.034162633, "wind_cf_p50": 0.047129489 }, "geometry": { "type": "Point", "coordinates": [ -79.17, 42.3 ] } },
{ "type": "Feature", "properties": { "latitude": 42.93, "longitude": -73.95, "frac_class_11": 0.0018094725007027077, "frac_class_21": 0.1028881289234517, "frac_class_22": 0.06880680221118711, "frac_class_23": 0.0096856553921109336, "frac_class_24": 0.0020437084231237704, "frac_developed": 0.1834242949498735, "hybrid_seasonal_score": 0.040337214704858078, "jackpot_zone": false, "hybrid_screening_score": 0.50045913682277321, "summer_ghi": 378.36021785244975, "winter_wind": 3.8968532982970991, "solar_cf_p50": 0.029096238, "wind_cf_p50": 0.016783098 }, "geometry": { "type": "Point", "coordinates": [ -73.95, 42.93 ] } },
{ "type": "Feature", "properties": { "latitude": 42.57, "longitude": -77.73, "frac_class_11": 0.00077297854398950623, "frac_class_21": 0.06853157500234236, "frac_class_22": 0.054565258127986509, "frac_class_23": 0.014270823573503233, "frac_class_24": 0.0036365126955869953, "frac_developed": 0.14100416939941909, "hybrid_seasonal_score": 0.22133578037660179, "jackpot_zone": false, "hybrid_screening_score": 0.43158861340679522, "summer_ghi": 387.81653980002898, "winter_wind": 4.2765559509346929, "solar_cf_p50": 0.021544376, "wind_cf_p50": 0.032848235 }, "geometry": { "type": "Point", "coordinates": [ -77.73, 42.57 ] } },
{ "type": "Feature", "properties": { "latitude": 42.75, "longitude": -77.37, "frac_class_11": 0.12244097254754989, "frac_class_21": 0.051426496767544273, "frac_class_22": 0.022445657265998314, "frac_class_23": 0.0022076735688185138, "frac_class_24": 0.00012297385927105781, "frac_developed": 0.07620280146163215, "hybrid_seasonal_score": 0.45397964957193598, "jackpot_zone": false, "hybrid_screening_score": 0.50183654729109273, "summer_ghi": 383.47118118557694, "winter_wind": 5.0738460797475815, "solar_cf_p50": 0.031468261, "wind_cf_p50": 0.014552168 }, "geometry": { "type": "Point", "coordinates": [ -77.37, 42.75 ] } },
{ "type": "Feature", "properties": { "latitude": 42.57, "longitude": -78.36, "frac_class_11": 0.0041167927666252843, "frac_class_21": 0.040588180178491952, "frac_class_22": 0.021438944976692981, "frac_class_23": 0.0034316366447260547, "frac_class_24": 0.00091939753109554706, "frac_developed": 0.066378159331006534, "hybrid_seasonal_score": 0.81778107479334627, "jackpot_zone": true, "hybrid_screening_score": 0.72681359044995408, "summer_ghi": 388.74368077737421, "winter_wind": 5.7372212668479179, "solar_cf_p50": 0.029537562, "wind_cf_p50": 0.017398927 }, "geometry": { "type": "Point", "coordinates": [ -78.36, 42.57 ] } },
{ "type": "Feature", "properties": { "latitude": 43.92, "longitude": -75.66, "frac_class_11": 0.0060900626573754174, "frac_class_21": 0.049130409322480528, "frac_class_22": 0.02280259998828834, "frac_class_23": 0.0054576330737248933, "frac_class_24": 0.00082567195643262867, "frac_developed": 0.078216314340926393, "hybrid_seasonal_score": 0.053882172589911133, "jackpot_zone": false, "hybrid_screening_score": 0.43526170798898073, "summer_ghi": 370.27094889093456, "winter_wind": 4.5365035568141332, "solar_cf_p50": 0.029507192, "wind_cf_p50": 0.043570481 }, "geometry": { "type": "Point", "coordinates": [ -75.66, 43.92 ] } },
{ "type": "Feature", "properties": { "latitude": 42.3, "longitude": -78.45, "frac_class_11": 0.0028459331264273583, "frac_class_21": 0.058001990982022605, "frac_class_22": 0.017251273642911517, "frac_class_23": 0.0023423317912982375, "frac_class_24": 0.00056215962991157701, "frac_developed": 0.078157756046143931, "hybrid_seasonal_score": 0.78993352002367778, "jackpot_zone": true, "hybrid_screening_score": 0.73691460055096414, "summer_ghi": 389.17658940712886, "winter_wind": 5.4215377787430628, "solar_cf_p50": 0.031896513, "wind_cf_p50": 0.089735858 }, "geometry": { "type": "Point", "coordinates": [ -78.45, 42.3 ] } },
{ "type": "Feature", "properties": { "latitude": 42.84, "longitude": -77.1, "frac_class_11": 0.00093109324401084519, "frac_class_21": 0.034948204278344178, "frac_class_22": 0.05182500131758478, "frac_class_23": 0.0078996527432115098, "frac_class_24": 0.0014581271557150971, "frac_developed": 0.096130985494855575, "hybrid_seasonal_score": 0.50754329335596549, "jackpot_zone": false, "hybrid_screening_score": 0.64370982552800737, "summer_ghi": 387.82858468005566, "winter_wind": 4.832393638754219, "solar_cf_p50": 0.026791453, "wind_cf_p50": 0.017575081 }, "geometry": { "type": "Point", "coordinates": [ -77.1, 42.84 ] } },
{ "type": "Feature", "properties": { "latitude": 42.39, "longitude": -74.04, "frac_class_11": 0.0070453054722638677, "frac_class_21": 0.083366519865067462, "frac_class_22": 0.02495431971514243, "frac_class_23": 0.0053937874812593706, "frac_class_24": 0.0010131652923538231, "frac_developed": 0.11472779235382309, "hybrid_seasonal_score": 0.022839843463434747, "jackpot_zone": false, "hybrid_screening_score": 0.49449035812672176, "summer_ghi": 382.23474014329361, "winter_wind": 3.3640524484941468, "solar_cf_p50": 0.029330242, "wind_cf_p50": 0.046661209 }, "geometry": { "type": "Point", "coordinates": [ -74.04, 42.39 ] } },
{ "type": "Feature", "properties": { "latitude": 41.94, "longitude": -74.85, "frac_class_11": 0.010405687114983721, "frac_class_21": 0.050874850678097112, "frac_class_22": 0.019845173681868222, "frac_class_23": 0.0059435973110345958, "frac_class_24": 0.00049188391539596653, "frac_developed": 0.077155505586395889, "hybrid_seasonal_score": 0.53741185121099977, "jackpot_zone": false, "hybrid_screening_score": 0.84664830119375578, "summer_ghi": 383.58453435987337, "winter_wind": 5.3261746341783667, "solar_cf_p50": 0.046704989, "wind_cf_p50": 0.086932912 }, "geometry": { "type": "Point", "coordinates": [ -74.85, 41.94 ] } },
{ "type": "Feature", "properties": { "latitude": 42.39, "longitude": -73.5, "frac_class_11": 0.0036482672194699181, "frac_class_21": 0.069890961901081017, "frac_class_22": 0.018809364861857747, "frac_class_23": 0.0049482918145298243, "frac_class_24": 0.00083154726350678711, "frac_developed": 0.094480165840975378, "hybrid_seasonal_score": 0.17215311981152198, "jackpot_zone": false, "hybrid_screening_score": 0.66207529843893487, "summer_ghi": 379.61187459154405, "winter_wind": 4.6992597289758677, "solar_cf_p50": 0.029959381, "wind_cf_p50": 0.046657611 }, "geometry": { "type": "Point", "coordinates": [ -73.5, 42.39 ] } },
{ "type": "Feature", "properties": { "latitude": 42.12, "longitude": -76.65, "frac_class_11": 0.00087255946873426176, "frac_class_21": 0.054479333809629778, "frac_class_22": 0.0070917417223972544, "frac_class_23": 0.00030451739848444035, "frac_class_24": 1.1712207634016936e-05, "frac_developed": 0.061887305138145485, "hybrid_seasonal_score": 0.15048051261424666, "jackpot_zone": false, "hybrid_screening_score": 0.4210284664830119, "summer_ghi": 382.7327405044843, "winter_wind": 4.26248546856384, "solar_cf_p50": 0.030224873, "wind_cf_p50": 0.026715776 }, "geometry": { "type": "Point", "coordinates": [ -76.65, 42.12 ] } },
{ "type": "Feature", "properties": { "latitude": 41.85, "longitude": -73.86, "frac_class_11": 0.022755486847961023, "frac_class_21": 0.096128170894526035, "frac_class_22": 0.028833766659639753, "frac_class_23": 0.0046963202398519668, "frac_class_24": 0.00034548989295669078, "frac_developed": 0.13000374768697445, "hybrid_seasonal_score": 0.11919533425919601, "jackpot_zone": false, "hybrid_screening_score": 0.52571166207529851, "summer_ghi": 381.82492216767986, "winter_wind": 4.14934237058627, "solar_cf_p50": 0.033495139, "wind_cf_p50": 0.048834965 }, "geometry": { "type": "Point", "coordinates": [ -73.86, 41.85 ] } },
{ "type": "Feature", "properties": { "latitude": 42.03, "longitude": -79.44, "frac_class_11": 0.00078470412555266007, "frac_class_21": 0.053523848563815771, "frac_class_22": 0.011717857874857259, "frac_class_23": 0.0016455362632858022, "frac_class_24": 0.00023424003747840599, "frac_developed": 0.06712148273943723, "hybrid_seasonal_score": 0.57387148891030682, "jackpot_zone": false, "hybrid_screening_score": 0.64876033057851235, "summer_ghi": 395.1536384182146, "winter_wind": 4.8216123007599583, "solar_cf_p50": 0.015702294, "wind_cf_p50": 0.061104093 }, "geometry": { "type": "Point", "coordinates": [ -79.44, 42.03 ] } },
{ "type": "Feature", "properties": { "latitude": 42.39, "longitude": -78.54, "frac_class_11": 0.0083503639376709161, "frac_class_21": 0.050482810313226482, "frac_class_22": 0.021918241387589226, "frac_class_23": 0.0022661927376428082, "frac_class_24": 0.00018738544600664048, "frac_developed": 0.07485462988446516, "hybrid_seasonal_score": 0.83279071708823782, "jackpot_zone": true, "hybrid_screening_score": 0.73140495867768596, "summer_ghi": 390.65041781368251, "winter_wind": 5.499522782987774, "solar_cf_p50": 0.038165104, "wind_cf_p50": 0.092981808 }, "geometry": { "type": "Point", "coordinates": [ -78.54, 42.39 ] } },
{ "type": "Feature", "properties": { "latitude": 42.57, "longitude": -74.13, "frac_class_11": 0.008168834286851983, "frac_class_21": 0.050476954518038776, "frac_class_22": 0.01552956883780033, "frac_class_23": 0.001545929929554784, "frac_class_24": 0.00013468328931727283, "frac_developed": 0.067687136574711163, "hybrid_seasonal_score": 0.36984862398085533, "jackpot_zone": false, "hybrid_screening_score": 0.86225895316804402, "summer_ghi": 381.46782462780226, "winter_wind": 5.1055669706958167, "solar_cf_p50": 0.028552487, "wind_cf_p50": 0.018795026 }, "geometry": { "type": "Point", "coordinates": [ -74.13, 42.57 ] } },
{ "type": "Feature", "properties": { "latitude": 42.12, "longitude": -79.71, "frac_class_11": 0.014101085104264876, "frac_class_21": 0.06002330661076203, "frac_class_22": 0.018217805547910311, "frac_class_23": 0.0038122119613274229, "frac_class_24": 0.00024594915879531758, "frac_developed": 0.082299273278795076, "hybrid_seasonal_score": 0.90711185652332649, "jackpot_zone": true, "hybrid_screening_score": 0.92470156106519741, "summer_ghi": 410.26136534683189, "winter_wind": 5.394640869214081, "solar_cf_p50": 0.013161724, "wind_cf_p50": 0.029604221 }, "geometry": { "type": "Point", "coordinates": [ -79.71, 42.12 ] } },
{ "type": "Feature", "properties": { "latitude": 43.47, "longitude": -73.41, "frac_class_11": 0.0084559663166771104, "frac_class_21": 0.02987111092892655, "frac_class_22": 0.019529534394818672, "frac_class_23": 0.0056158391258264188, "frac_class_24": 0.00089010171754495891, "frac_developed": 0.055906586167116593, "hybrid_seasonal_score": 0.0057223457549027299, "jackpot_zone": false, "hybrid_screening_score": 0.14784205693296601, "summer_ghi": 373.01080565413974, "winter_wind": 3.363606801549742, "solar_cf_p50": 0.025576854, "wind_cf_p50": 0.013306009 }, "geometry": { "type": "Point", "coordinates": [ -73.41, 43.47 ] } },
{ "type": "Feature", "properties": { "latitude": 42.3, "longitude": -75.3, "frac_class_11": 0.0089889087991754796, "frac_class_21": 0.058120468945808884, "frac_class_22": 0.025092817071313962, "frac_class_23": 0.0062248925430120746, "frac_class_24": 0.00029279833222069966, "frac_developed": 0.089730976892355624, "hybrid_seasonal_score": 0.25173451688603199, "jackpot_zone": false, "hybrid_screening_score": 0.56473829201101933, "summer_ghi": 380.07114307483312, "winter_wind": 4.9612688415052135, "solar_cf_p50": 0.045057561, "wind_cf_p50": 0.0292874 }, "geometry": { "type": "Point", "coordinates": [ -75.3, 42.3 ] } },
{ "type": "Feature", "properties": { "latitude": 42.48, "longitude": -78.0, "frac_class_11": 0.0034959711421343577, "frac_class_21": 0.053341375433336453, "frac_class_22": 0.010786564227489928, "frac_class_23": 0.0006265810924763422, "frac_class_24": 5.8558980605265626e-06, "frac_developed": 0.064760376651363263, "hybrid_seasonal_score": 0.68700592197962596, "jackpot_zone": true, "hybrid_screening_score": 0.68916437098255279, "summer_ghi": 387.13282001051584, "winter_wind": 5.3167989563213531, "solar_cf_p50": 0.036202002, "wind_cf_p50": 0.022439571 }, "geometry": { "type": "Point", "coordinates": [ -78.0, 42.48 ] } },
{ "type": "Feature", "properties": { "latitude": 44.82, "longitude": -73.5, "frac_class_11": 0.0018679767878997265, "frac_class_21": 0.046412489093709194, "frac_class_22": 0.033676283721665604, "frac_class_23": 0.0051237607818566165, "frac_class_24": 0.0008432246315284032, "frac_developed": 0.086055758228759813, "hybrid_seasonal_score": 0.032176468752977638, "jackpot_zone": false, "hybrid_screening_score": 0.53719008264462809, "summer_ghi": 364.34749291576105, "winter_wind": 4.2948894049769821, "solar_cf_p50": 0.032486763, "wind_cf_p50": 0.031586867 }, "geometry": { "type": "Point", "coordinates": [ -73.5, 44.82 ] } },
{ "type": "Feature", "properties": { "latitude": 42.66, "longitude": -74.85, "frac_class_11": 0.0030216610937710449, "frac_class_21": 0.057839043843365523, "frac_class_22": 0.0075541527344276122, "frac_class_23": 0.00094866104106765357, "frac_class_24": 4.6847458818155731e-05, "frac_developed": 0.066388705077678939, "hybrid_seasonal_score": 0.13819554590904454, "jackpot_zone": false, "hybrid_screening_score": 0.42607897153351698, "summer_ghi": 379.10528418335088, "winter_wind": 4.6220698550769654, "solar_cf_p50": 0.053272307, "wind_cf_p50": 0.023131164 }, "geometry": { "type": "Point", "coordinates": [ -74.85, 42.66 ] } },
{ "type": "Feature", "properties": { "latitude": 42.93, "longitude": -76.11, "frac_class_11": 0.00741950973847253, "frac_class_21": 0.080548821193914474, "frac_class_22": 0.047386482086598035, "frac_class_23": 0.011899324221449235, "frac_class_24": 0.0016103908272138482, "frac_developed": 0.14144501832917558, "hybrid_seasonal_score": 0.39901140126534568, "jackpot_zone": false, "hybrid_screening_score": 0.50183654729109273, "summer_ghi": 382.06130323456978, "winter_wind": 5.0784009872114728, "solar_cf_p50": 0.023403216, "wind_cf_p50": 0.015278313 }, "geometry": { "type": "Point", "coordinates": [ -76.11, 42.93 ] } },
{ "type": "Feature", "properties": { "latitude": 43.11, "longitude": -76.47, "frac_class_11": 0.075640537612368594, "frac_class_21": 0.061427191004655796, "frac_class_22": 0.033375303797839012, "frac_class_23": 0.0089543497994202213, "frac_class_24": 0.00093115867763755085, "frac_developed": 0.10468800327955258, "hybrid_seasonal_score": 0.28904960785752171, "jackpot_zone": false, "hybrid_screening_score": 0.32369146005509641, "summer_ghi": 382.22725848372329, "winter_wind": 4.7048159581458551, "solar_cf_p50": 0.028400047, "wind_cf_p50": 0.015502754 }, "geometry": { "type": "Point", "coordinates": [ -76.47, 43.11 ] } },
{ "type": "Feature", "properties": { "latitude": 42.03, "longitude": -76.02, "frac_class_11": 0.0017684605024301692, "frac_class_21": 0.074538853428588153, "frac_class_22": 0.04454529484101423, "frac_class_23": 0.011442290800491889, "frac_class_24": 0.0022076477132985887, "frac_developed": 0.13273408678339285, "hybrid_seasonal_score": 0.3529265440109417, "jackpot_zone": false, "hybrid_screening_score": 0.62167125803489443, "summer_ghi": 382.13769304123923, "winter_wind": 4.9004863578648248, "solar_cf_p50": 0.048805498, "wind_cf_p50": 0.049863227 }, "geometry": { "type": "Point", "coordinates": [ -76.02, 42.03 ] } },
{ "type": "Feature", "properties": { "latitude": 43.29, "longitude": -75.12, "frac_class_11": 0.054761793226214453, "frac_class_21": 0.061923221061507473, "frac_class_22": 0.022579285145453695, "frac_class_23": 0.005761933761184241, "frac_class_24": 0.00065582985899658027, "frac_developed": 0.090920269827141992, "hybrid_seasonal_score": 0.045593888631704813, "jackpot_zone": false, "hybrid_screening_score": 0.20431588613406793, "summer_ghi": 373.28355452818323, "winter_wind": 4.3707109803656055, "solar_cf_p50": 0.039527968, "wind_cf_p50": 0.020005917 }, "geometry": { "type": "Point", "coordinates": [ -75.12, 43.29 ] } },
{ "type": "Feature", "properties": { "latitude": 42.48, "longitude": -76.11, "frac_class_11": 0.0025061922858464545, "frac_class_21": 0.051839533426632389, "frac_class_22": 0.021735948049210373, "frac_class_23": 0.0024242140335056827, "frac_class_24": 0.00021665680975775425, "frac_developed": 0.076216352319106201, "hybrid_seasonal_score": 0.32798137481333073, "jackpot_zone": false, "hybrid_screening_score": 0.43847566574839303, "summer_ghi": 381.85822209916893, "winter_wind": 4.8754986040601462, "solar_cf_p50": 0.029784307, "wind_cf_p50": 0.01939673 }, "geometry": { "type": "Point", "coordinates": [ -76.11, 42.48 ] } },
{ "type": "Feature", "properties": { "latitude": 42.3, "longitude": -75.57, "frac_class_11": 0.0046728424701652478, "frac_class_21": 0.049908065630599505, "frac_class_22": 0.013286565870682891, "frac_class_23": 0.0010013233864639816, "frac_class_24": 2.9278461592514083e-05, "frac_developed": 0.064225233349338884, "hybrid_seasonal_score": 0.20027156109049421, "jackpot_zone": false, "hybrid_screening_score": 0.42470156106519741, "summer_ghi": 380.16736950992862, "winter_wind": 4.7107475261672445, "solar_cf_p50": 0.04497353, "wind_cf_p50": 0.031088445 }, "geometry": { "type": "Point", "coordinates": [ -75.57, 42.3 ] } },
{ "type": "Feature", "properties": { "latitude": 41.4, "longitude": -74.49, "frac_class_11": 0.0098261969455635725, "frac_class_21": 0.10620256722570974, "frac_class_22": 0.063331537524594778, "frac_class_23": 0.020442940129298228, "frac_class_24": 0.0059378806333739344, "frac_developed": 0.19591492551297668, "hybrid_seasonal_score": 0.062791703663228837, "jackpot_zone": false, "hybrid_screening_score": 0.52800734618916445, "summer_ghi": 382.3652622866731, "winter_wind": 3.7243553021041915, "solar_cf_p50": 0.028648105, "wind_cf_p50": 0.049850233 }, "geometry": { "type": "Point", "coordinates": [ -74.49, 41.4 ] } },
{ "type": "Feature", "properties": { "latitude": 42.66, "longitude": -75.39, "frac_class_11": 0.0034786886397976035, "frac_class_21": 0.057738032491186149, "frac_class_22": 0.01541398737364864, "frac_class_23": 0.0030043220070979306, "frac_class_24": 0.00066762711268842896, "frac_developed": 0.076823968984621155, "hybrid_seasonal_score": 0.15774406558278331, "jackpot_zone": false, "hybrid_screening_score": 0.38842975206611574, "summer_ghi": 378.82829827283246, "winter_wind": 4.7699622095748397, "solar_cf_p50": 0.05860268, "wind_cf_p50": 0.024132984 }, "geometry": { "type": "Point", "coordinates": [ -75.39, 42.66 ] } },
{ "type": "Feature", "properties": { "latitude": 43.02, "longitude": -73.95, "frac_class_11": 0.0011477089737959303, "frac_class_21": 0.078811301419997079, "frac_class_22": 0.038143756404625973, "frac_class_23": 0.0055921534182403745, "frac_class_24": 0.0015810276679841897, "frac_developed": 0.12412823891084762, "hybrid_seasonal_score": 0.032784645857523394, "jackpot_zone": false, "hybrid_screening_score": 0.47796143250688705, "summer_ghi": 378.02614690144895, "winter_wind": 3.8201455298684692, "solar_cf_p50": 0.02720863, "wind_cf_p50": 0.015509352 }, "geometry": { "type": "Point", "coordinates": [ -73.95, 43.02 ] } },
{ "type": "Feature", "properties": { "latitude": 42.57, "longitude": -77.1, "frac_class_11": 0.14721727724163777, "frac_class_21": 0.055063009463131266, "frac_class_22": 0.038145319966270026, "frac_class_23": 0.0046847184484212498, "frac_class_24": 0.00021081233017895625, "frac_developed": 0.098103860208001506, "hybrid_seasonal_score": 0.30041777656353164, "jackpot_zone": false, "hybrid_screening_score": 0.42883379247015607, "summer_ghi": 382.02049588036954, "winter_wind": 4.7718620667026359, "solar_cf_p50": 0.036715787, "wind_cf_p50": 0.01738519 }, "geometry": { "type": "Point", "coordinates": [ -77.1, 42.57 ] } },
{ "type": "Feature", "properties": { "latitude": 44.82, "longitude": -73.86, "frac_class_11": 0.001165296418616635, "frac_class_21": 0.017649263345279085, "frac_class_22": 0.0055805401353851919, "frac_class_23": 0.0007495373948890919, "frac_class_24": 2.9278804487855151e-05, "frac_developed": 0.024008619680041223, "hybrid_seasonal_score": 0.0030912683053930237, "jackpot_zone": false, "hybrid_screening_score": 0.42837465564738292, "summer_ghi": 346.55720501499013, "winter_wind": 4.7361925668860554, "solar_cf_p50": 0.054642454, "wind_cf_p50": 0.028300371 }, "geometry": { "type": "Point", "coordinates": [ -73.86, 44.82 ] } },
{ "type": "Feature", "properties": { "latitude": 44.01, "longitude": -75.66, "frac_class_11": 0.021128203926988234, "frac_class_21": 0.058131840460978995, "frac_class_22": 0.063279204998623856, "frac_class_23": 0.024518788758952255, "frac_class_24": 0.00911768667248356, "frac_developed": 0.15504752089103865, "hybrid_seasonal_score": 0.018888273333552568, "jackpot_zone": false, "hybrid_screening_score": 0.27731864095500458, "summer_ghi": 362.55972080812921, "winter_wind": 3.976773380612487, "solar_cf_p50": 0.024851605, "wind_cf_p50": 0.051633731 }, "geometry": { "type": "Point", "coordinates": [ -75.66, 44.01 ] } },
{ "type": "Feature", "properties": { "latitude": 43.38, "longitude": -75.3, "frac_class_11": 0.0040816087511565532, "frac_class_21": 0.036828174226719607, "frac_class_22": 0.0059965098438799292, "frac_class_23": 0.00033379009873159765, "frac_class_24": 5.8559666444139933e-06, "frac_developed": 0.043164330135975551, "hybrid_seasonal_score": 0.041700922742745929, "jackpot_zone": false, "hybrid_screening_score": 0.15105601469237834, "summer_ghi": 373.50201724701992, "winter_wind": 4.2962255597777581, "solar_cf_p50": 0.047178004, "wind_cf_p50": 0.02001635 }, "geometry": { "type": "Point", "coordinates": [ -75.3, 43.38 ] } },
{ "type": "Feature", "properties": { "latitude": 42.39, "longitude": -74.58, "frac_class_11": 0.0043860676473343949, "frac_class_21": 0.053885973952965426, "frac_class_22": 0.01441136512695587, "frac_class_23": 0.0043743558512133419, "frac_class_24": 0.00060315750023423587, "frac_developed": 0.073274852431368873, "hybrid_seasonal_score": 0.5236664162283996, "jackpot_zone": false, "hybrid_screening_score": 0.78650137741046833, "summer_ghi": 384.53274415188764, "winter_wind": 5.1605252382769935, "solar_cf_p50": 0.060543906, "wind_cf_p50": 0.058615949 }, "geometry": { "type": "Point", "coordinates": [ -74.58, 42.39 ] } },
{ "type": "Feature", "properties": { "latitude": 42.57, "longitude": -75.39, "frac_class_11": 0.0086963650950744025, "frac_class_21": 0.050655594661544498, "frac_class_22": 0.015167397707907542, "frac_class_23": 0.0016865677760144295, "frac_class_24": 0.00014640345277903033, "frac_developed": 0.067655963598245494, "hybrid_seasonal_score": 0.13581111220730552, "jackpot_zone": false, "hybrid_screening_score": 0.32690541781450871, "summer_ghi": 378.52007955648719, "winter_wind": 4.7017541778331049, "solar_cf_p50": 0.069242582, "wind_cf_p50": 0.023247063 }, "geometry": { "type": "Point", "coordinates": [ -75.39, 42.57 ] } },
{ "type": "Feature", "properties": { "latitude": 42.03, "longitude": -79.71, "frac_class_11": 0.00025766102349985653, "frac_class_21": 0.059303026931432891, "frac_class_22": 0.011735288433948011, "frac_class_23": 0.0028167034614416135, "frac_class_24": 0.00037477967054524585, "frac_developed": 0.074229798497367758, "hybrid_seasonal_score": 0.81461138642455944, "jackpot_zone": true, "hybrid_screening_score": 0.81864095500459144, "summer_ghi": 399.41223467585411, "winter_wind": 5.2213208670556073, "solar_cf_p50": 0.015158996, "wind_cf_p50": 0.072754189 }, "geometry": { "type": "Point", "coordinates": [ -79.71, 42.03 ] } },
{ "type": "Feature", "properties": { "latitude": 43.02, "longitude": -76.92, "frac_class_11": 0.0061428010938753518, "frac_class_21": 0.045470782167723649, "frac_class_22": 0.043760869947121549, "frac_class_23": 0.0053112684386510435, "frac_class_24": 0.0013644162582201688, "frac_developed": 0.095907336811716412, "hybrid_seasonal_score": 0.30189194727136121, "jackpot_zone": false, "hybrid_screening_score": 0.36179981634527092, "summer_ghi": 386.50394827653906, "winter_wind": 4.5212025100000686, "solar_cf_p50": 0.030054823, "wind_cf_p50": 0.015502754 }, "geometry": { "type": "Point", "coordinates": [ -76.92, 43.02 ] } },
{ "type": "Feature", "properties": { "latitude": 42.39, "longitude": -78.72, "frac_class_11": 0.0041694482508227637, "frac_class_21": 0.048235597250038065, "frac_class_22": 0.016531393837180705, "frac_class_23": 0.0012473208952601806, "frac_class_24": 5.2703699799725939e-05, "frac_developed": 0.066067015682278671, "hybrid_seasonal_score": 0.85841194312268698, "jackpot_zone": true, "hybrid_screening_score": 0.7213039485766759, "summer_ghi": 394.48987351082758, "winter_wind": 5.4223921458313598, "solar_cf_p50": 0.036543649, "wind_cf_p50": 0.045109674 }, "geometry": { "type": "Point", "coordinates": [ -78.72, 42.39 ] } },
{ "type": "Feature", "properties": { "latitude": 42.93, "longitude": -76.02, "frac_class_11": 0.0067755914734129773, "frac_class_21": 0.075345514171937217, "frac_class_22": 0.031529632232372921, "frac_class_23": 0.0021609276177090653, "frac_class_24": 9.9554930897165615e-05, "frac_developed": 0.10913562895291638, "hybrid_seasonal_score": 0.3986296304728561, "jackpot_zone": false, "hybrid_screening_score": 0.55831037649219462, "summer_ghi": 381.68492992956374, "winter_wind": 5.1631197808394234, "solar_cf_p50": 0.026038067, "wind_cf_p50": 0.022198569 }, "geometry": { "type": "Point", "coordinates": [ -76.02, 42.93 ] } },
{ "type": "Feature", "properties": { "latitude": 42.48, "longitude": -75.39, "frac_class_11": 0.0036188178528347406, "frac_class_21": 0.055693489641280292, "frac_class_22": 0.016255401876163818, "frac_class_23": 0.0022720086195790927, "frac_class_24": 0.00011711384637005633, "frac_developed": 0.07433801398339325, "hybrid_seasonal_score": 0.10843154813853535, "jackpot_zone": false, "hybrid_screening_score": 0.28420569329660239, "summer_ghi": 379.19650562980394, "winter_wind": 4.4435081370684451, "solar_cf_p50": 0.034440972, "wind_cf_p50": 0.023028374 }, "geometry": { "type": "Point", "coordinates": [ -75.39, 42.48 ] } },
{ "type": "Feature", "properties": { "latitude": 42.48, "longitude": -73.5, "frac_class_11": 0.0056626865846445742, "frac_class_21": 0.058857976072660412, "frac_class_22": 0.014505144436571469, "frac_class_23": 0.0033554492378504042, "frac_class_24": 0.00066757628815871924, "frac_developed": 0.077386146035241007, "hybrid_seasonal_score": 0.10129279269023822, "jackpot_zone": false, "hybrid_screening_score": 0.58310376492194671, "summer_ghi": 378.8906169107749, "winter_wind": 4.4369565566940743, "solar_cf_p50": 0.02752666, "wind_cf_p50": 0.018367333 }, "geometry": { "type": "Point", "coordinates": [ -73.5, 42.48 ] } },
{ "type": "Feature", "properties": { "latitude": 44.73, "longitude": -74.85, "frac_class_11": 0.0083560729385035188, "frac_class_21": 0.044520828697576911, "frac_class_22": 0.013339267101549417, "frac_class_23": 0.00072610584749434922, "frac_class_24": 1.1711384637005633e-05, "frac_developed": 0.058597913031257685, "hybrid_seasonal_score": 0.0032101632402158323, "jackpot_zone": false, "hybrid_screening_score": 0.10697887970615244, "summer_ghi": 354.36067220922877, "winter_wind": 3.5898628606867105, "solar_cf_p50": 0.019341754, "wind_cf_p50": 0.053033654 }, "geometry": { "type": "Point", "coordinates": [ -74.85, 44.73 ] } },
{ "type": "Feature", "properties": { "latitude": 42.57, "longitude": -78.45, "frac_class_11": 0.003947060201452331, "frac_class_21": 0.048600374795033964, "frac_class_22": 0.040782384633403605, "frac_class_23": 0.010587959709533849, "frac_class_24": 0.0024537362379948467, "frac_developed": 0.10242445537596627, "hybrid_seasonal_score": 0.77415021742594992, "jackpot_zone": true, "hybrid_screening_score": 0.65748393021120288, "summer_ghi": 389.00383285807345, "winter_wind": 5.4019610555204878, "solar_cf_p50": 0.034915667, "wind_cf_p50": 0.020469083 }, "geometry": { "type": "Point", "coordinates": [ -78.45, 42.57 ] } },
{ "type": "Feature", "properties": { "latitude": 42.66, "longitude": -78.09, "frac_class_11": 0.018796442143848409, "frac_class_21": 0.053549365546882777, "frac_class_22": 0.036931202679517737, "frac_class_23": 0.0056506438220603481, "frac_class_24": 0.0015107420788513675, "frac_developed": 0.097641954127312233, "hybrid_seasonal_score": 0.64924834790850317, "jackpot_zone": true, "hybrid_screening_score": 0.69651056014692381, "summer_ghi": 388.16106069132957, "winter_wind": 5.1193064832378035, "solar_cf_p50": 0.032093115, "wind_cf_p50": 0.019546885 }, "geometry": { "type": "Point", "coordinates": [ -78.09, 42.66 ] } },
{ "type": "Feature", "properties": { "latitude": 42.84, "longitude": -77.55, "frac_class_11": 0.0010540493060842069, "frac_class_21": 0.046606546817356681, "frac_class_22": 0.032154359665046553, "frac_class_23": 0.0039819640452070032, "frac_class_24": 0.00073783451425894482, "frac_developed": 0.083480705041869191, "hybrid_seasonal_score": 0.68993465837943679, "jackpot_zone": true, "hybrid_screening_score": 0.70202020202020199, "summer_ghi": 387.66873103025915, "winter_wind": 5.2704893534880135, "solar_cf_p50": 0.029655626, "wind_cf_p50": 0.018423621 }, "geometry": { "type": "Point", "coordinates": [ -77.55, 42.84 ] } },
{ "type": "Feature", "properties": { "latitude": 44.82, "longitude": -73.95, "frac_class_11": 0.027035256504095984, "frac_class_21": 0.031257136499645739, "frac_class_22": 0.011992247199564343, "frac_class_23": 0.0010422949226183854, "frac_class_24": 2.3422357811649108e-05, "frac_developed": 0.044315100979640115, "hybrid_seasonal_score": 0.0012089759773205803, "jackpot_zone": false, "hybrid_screening_score": 0.40082644628099173, "summer_ghi": 345.41068273211704, "winter_wind": 4.695021258102777, "solar_cf_p50": 0.064729474, "wind_cf_p50": 0.02474097 }, "geometry": { "type": "Point", "coordinates": [ -73.95, 44.82 ] } },
{ "type": "Feature", "properties": { "latitude": 42.3, "longitude": -77.37, "frac_class_11": 0.0044621159330331265, "frac_class_21": 0.047484643177120235, "frac_class_22": 0.043303605413097072, "frac_class_23": 0.014867863981589379, "frac_class_24": 0.0028049258949118996, "frac_developed": 0.10846103846671858, "hybrid_seasonal_score": 0.34610399849568391, "jackpot_zone": false, "hybrid_screening_score": 0.60651974288337929, "summer_ghi": 385.38458495911294, "winter_wind": 4.6624244761567066, "solar_cf_p50": 0.024358112, "wind_cf_p50": 0.033167813 }, "geometry": { "type": "Point", "coordinates": [ -77.37, 42.3 ] } },
{ "type": "Feature", "properties": { "latitude": 44.19, "longitude": -76.2, "frac_class_11": 0.27382585165140677, "frac_class_21": 0.035333802869110725, "frac_class_22": 0.023256848426437337, "frac_class_23": 0.0038996181932757536, "frac_class_24": 0.00054120176446602667, "frac_developed": 0.063031471253289839, "hybrid_seasonal_score": 0.089567306759893786, "jackpot_zone": false, "hybrid_screening_score": 0.65702479338842967, "summer_ghi": 379.12039116419265, "winter_wind": 4.3347526888863239, "solar_cf_p50": 0.018337864, "wind_cf_p50": 0.029586658 }, "geometry": { "type": "Point", "coordinates": [ -76.2, 44.19 ] } },
{ "type": "Feature", "properties": { "latitude": 44.73, "longitude": -74.58, "frac_class_11": 0.0030801302321223621, "frac_class_21": 0.044082168036914719, "frac_class_22": 0.011887194622069192, "frac_class_23": 0.0016044784859344623, "frac_class_24": 8.198065256599443e-05, "frac_developed": 0.057655821797484366, "hybrid_seasonal_score": 0.0062837237893586511, "jackpot_zone": false, "hybrid_screening_score": 0.30716253443526176, "summer_ghi": 352.10077519379843, "winter_wind": 3.9966979315511173, "solar_cf_p50": 0.031885829, "wind_cf_p50": 0.053517893 }, "geometry": { "type": "Point", "coordinates": [ -74.58, 44.73 ] } },
{ "type": "Feature", "properties": { "latitude": 42.66, "longitude": -74.49, "frac_class_11": 0.0037361723558382086, "frac_class_21": 0.070208417514332724, "frac_class_22": 0.038544649602080074, "frac_class_23": 0.020953016754214907, "frac_class_24": 0.0038591498158266134, "frac_developed": 0.13356523368645432, "hybrid_seasonal_score": 0.22016706846408826, "jackpot_zone": false, "hybrid_screening_score": 0.60422405876951335, "summer_ghi": 381.55541181882188, "winter_wind": 4.6106105222943166, "solar_cf_p50": 0.027255176, "wind_cf_p50": 0.020536838 }, "geometry": { "type": "Point", "coordinates": [ -74.49, 42.66 ] } },
{ "type": "Feature", "properties": { "latitude": 42.39, "longitude": -78.36, "frac_class_11": 0.0022662192786747008, "frac_class_21": 0.052556377328437834, "frac_class_22": 0.0076770374014018938, "frac_class_23": 0.00043918978268889551, "frac_class_24": 5.8558637691852735e-06, "frac_developed": 0.060678460376297809, "hybrid_seasonal_score": 0.82283474194318174, "jackpot_zone": true, "hybrid_screening_score": 0.79338842975206614, "summer_ghi": 390.11638586335948, "winter_wind": 5.5227325314167093, "solar_cf_p50": 0.034563523, "wind_cf_p50": 0.057171673 }, "geometry": { "type": "Point", "coordinates": [ -78.36, 42.39 ] } },
{ "type": "Feature", "properties": { "latitude": 42.93, "longitude": -77.46, "frac_class_11": 0.0022603898879760141, "frac_class_21": 0.06702114577172405, "frac_class_22": 0.058172831987444884, "frac_class_23": 0.0085847968284270375, "frac_class_24": 0.0013937118998401331, "frac_developed": 0.1351724864874361, "hybrid_seasonal_score": 0.57530560635995143, "jackpot_zone": true, "hybrid_screening_score": 0.61248852157943068, "summer_ghi": 386.67086281031459, "winter_wind": 5.0632079167257773, "solar_cf_p50": 0.02523011, "wind_cf_p50": 0.015035463 }, "geometry": { "type": "Point", "coordinates": [ -77.46, 42.93 ] } },
{ "type": "Feature", "properties": { "latitude": 42.75, "longitude": -76.2, "frac_class_11": 0.027003285370438692, "frac_class_21": 0.052987578840106117, "frac_class_22": 0.022552516148679116, "frac_class_23": 0.0028344372412258357, "frac_class_24": 0.00053292105155279144, "frac_developed": 0.078907453281563872, "hybrid_seasonal_score": 0.46566339579111932, "jackpot_zone": false, "hybrid_screening_score": 0.49908172635445364, "summer_ghi": 382.96494956856469, "winter_wind": 5.1502892897263468, "solar_cf_p50": 0.041692559, "wind_cf_p50": 0.016689023 }, "geometry": { "type": "Point", "coordinates": [ -76.2, 42.75 ] } },
{ "type": "Feature", "properties": { "latitude": 41.67, "longitude": -75.03, "frac_class_11": 0.01885532926557907, "frac_class_21": 0.06368650965603663, "frac_class_22": 0.012355510792040943, "frac_class_23": 0.0019440898497429351, "frac_class_24": 0.00016981507723658169, "frac_developed": 0.078155925375057098, "hybrid_seasonal_score": 0.13927403258733084, "jackpot_zone": false, "hybrid_screening_score": 0.56565656565656564, "summer_ghi": 383.85098304959763, "winter_wind": 4.1126779711158559, "solar_cf_p50": 0.03249409, "wind_cf_p50": 0.049947664 }, "geometry": { "type": "Point", "coordinates": [ -75.03, 41.67 ] } },
{ "type": "Feature", "properties": { "latitude": 42.21, "longitude": -74.58, "frac_class_11": 0.0012589664763577807, "frac_class_21": 0.061648367735324255, "frac_class_22": 0.01314595227638706, "frac_class_23": 0.0018035426731078906, "frac_class_24": 0.00018738105694627433, "frac_developed": 0.076785243741765472, "hybrid_seasonal_score": 0.42478187838818943, "jackpot_zone": false, "hybrid_screening_score": 0.70156106519742889, "summer_ghi": 385.09724279217102, "winter_wind": 4.8343008210353773, "solar_cf_p50": 0.054044113, "wind_cf_p50": 0.053388532 }, "geometry": { "type": "Point", "coordinates": [ -74.58, 42.21 ] } },
{ "type": "Feature", "properties": { "latitude": 42.75, "longitude": -73.5, "frac_class_11": 0.017662629717257374, "frac_class_21": 0.046475672889971655, "frac_class_22": 0.013405092646817681, "frac_class_23": 0.0022078287146571718, "frac_class_24": 0.0003572348848649535, "frac_developed": 0.062445829136311456, "hybrid_seasonal_score": 0.14992566958507353, "jackpot_zone": false, "hybrid_screening_score": 0.59412304866850318, "summer_ghi": 379.58462094882208, "winter_wind": 4.6117353681619084, "solar_cf_p50": 0.027807983, "wind_cf_p50": 0.019907333 }, "geometry": { "type": "Point", "coordinates": [ -73.5, 42.75 ] } },
{ "type": "Feature", "properties": { "latitude": 41.94, "longitude": -74.22, "frac_class_11": 0.14031584679615175, "frac_class_21": 0.058449809402795427, "frac_class_22": 0.011400699149192816, "frac_class_23": 0.0018035004303807846, "frac_class_24": 0.00016395458458007132, "frac_developed": 0.071817963566949097, "hybrid_seasonal_score": 0.00060016645290875191, "jackpot_zone": false, "hybrid_screening_score": 0.47107438016528924, "summer_ghi": 381.07773487702241, "winter_wind": 2.5691241631937216, "solar_cf_p50": 0.030528145, "wind_cf_p50": 0.050186995 }, "geometry": { "type": "Point", "coordinates": [ -74.22, 41.94 ] } },
{ "type": "Feature", "properties": { "latitude": 44.46, "longitude": -75.48, "frac_class_11": 0.02977724163777757, "frac_class_21": 0.03088400637121709, "frac_class_22": 0.00616626065773447, "frac_class_23": 0.00050946313126581098, "frac_class_24": 2.9279490302632813e-05, "frac_developed": 0.037589009650520006, "hybrid_seasonal_score": 0.0086736384632703188, "jackpot_zone": false, "hybrid_screening_score": 0.10835629017447199, "summer_ghi": 362.01798307475315, "winter_wind": 3.6320325979077479, "solar_cf_p50": 0.017445745, "wind_cf_p50": 0.053965107 }, "geometry": { "type": "Point", "coordinates": [ -75.48, 44.46 ] } },
{ "type": "Feature", "properties": { "latitude": 42.48, "longitude": -73.95, "frac_class_11": 0.044606835655020174, "frac_class_21": 0.05843741399804428, "frac_class_22": 0.019498656173696137, "frac_class_23": 0.0022133609710682104, "frac_class_24": 0.00016395266452357113, "frac_developed": 0.080313383807332203, "hybrid_seasonal_score": 0.09699107276117043, "jackpot_zone": false, "hybrid_screening_score": 0.63131313131313127, "summer_ghi": 380.37225700866389, "winter_wind": 4.1942806980205205, "solar_cf_p50": 0.029659919, "wind_cf_p50": 0.021196205 }, "geometry": { "type": "Point", "coordinates": [ -73.95, 42.48 ] } },
{ "type": "Feature", "properties": { "latitude": 42.03, "longitude": -75.75, "frac_class_11": 0.012010024945249278, "frac_class_21": 0.07117594013140173, "frac_class_22": 0.048649091782121401, "frac_class_23": 0.012443346176818484, "frac_class_24": 0.0035602609296497127, "frac_developed": 0.13582863901999132, "hybrid_seasonal_score": 0.26601771956142106, "jackpot_zone": false, "hybrid_screening_score": 0.51882460973370059, "summer_ghi": 382.40712635047242, "winter_wind": 4.636616639657321, "solar_cf_p50": 0.044000521, "wind_cf_p50": 0.049658585 }, "geometry": { "type": "Point", "coordinates": [ -75.75, 42.03 ] } },
{ "type": "Feature", "properties": { "latitude": 42.39, "longitude": -76.65, "frac_class_11": 0.0021491775150354587, "frac_class_21": 0.060229675046702152, "frac_class_22": 0.019852075683842518, "frac_class_23": 0.0022135942797912897, "frac_class_24": 0.00014640173808143451, "frac_developed": 0.082441746748417394, "hybrid_seasonal_score": 0.35870011577499678, "jackpot_zone": false, "hybrid_screening_score": 0.46189164370982549, "summer_ghi": 382.31915020772107, "winter_wind": 4.8874895790807829, "solar_cf_p50": 0.049517561, "wind_cf_p50": 0.045748319 }, "geometry": { "type": "Point", "coordinates": [ -76.65, 42.39 ] } },
{ "type": "Feature", "properties": { "latitude": 44.46, "longitude": -75.3, "frac_class_11": 0.0068105689723829375, "frac_class_21": 0.044839661755405123, "frac_class_22": 0.017749642781850976, "frac_class_23": 0.0025180951488604155, "frac_class_24": 0.00033379400810475276, "frac_developed": 0.065441193694221272, "hybrid_seasonal_score": 0.0079286478610295294, "jackpot_zone": false, "hybrid_screening_score": 0.11065197428833792, "summer_ghi": 360.30255667840538, "winter_wind": 3.6409567753873042, "solar_cf_p50": 0.018235538, "wind_cf_p50": 0.055810649 }, "geometry": { "type": "Point", "coordinates": [ -75.3, 44.46 ] } },
{ "type": "Feature", "properties": { "latitude": 43.2, "longitude": -75.75, "frac_class_11": 0.3565393061045235, "frac_class_21": 0.044748938661982138, "frac_class_22": 0.028932806324110671, "frac_class_23": 0.0062187088274044799, "frac_class_24": 0.00091933831064265842, "frac_developed": 0.08081979212413995, "hybrid_seasonal_score": 0.040255632542133914, "jackpot_zone": false, "hybrid_screening_score": 0.21166207529843895, "summer_ghi": 373.04588412617704, "winter_wind": 4.2897860810083834, "solar_cf_p50": 0.019320261, "wind_cf_p50": 0.016635472 }, "geometry": { "type": "Point", "coordinates": [ -75.75, 43.2 ] } },
{ "type": "Feature", "properties": { "latitude": 42.3, "longitude": -78.54, "frac_class_11": 0.00080808553995338869, "frac_class_21": 0.045088830852471687, "frac_class_22": 0.01160012648295408, "frac_class_23": 0.00045088830852471688, "frac_class_24": 2.3422769274011266e-05, "frac_developed": 0.057163268413224499, "hybrid_seasonal_score": 0.77931835257154558, "jackpot_zone": true, "hybrid_screening_score": 0.69191919191919182, "summer_ghi": 390.29870284512538, "winter_wind": 5.3307446267754388, "solar_cf_p50": 0.033146288, "wind_cf_p50": 0.089286871 }, "geometry": { "type": "Point", "coordinates": [ -78.54, 42.3 ] } },
{ "type": "Feature", "properties": { "latitude": 42.75, "longitude": -76.56, "frac_class_11": 0.01047620163028202, "frac_class_21": 0.04655438958118617, "frac_class_22": 0.025613698116743185, "frac_class_23": 0.0045383209969080858, "frac_class_24": 0.00043333645647896562, "frac_developed": 0.077139745151316413, "hybrid_seasonal_score": 0.78022397781977049, "jackpot_zone": true, "hybrid_screening_score": 0.72956841138659323, "summer_ghi": 389.53431695227363, "winter_wind": 5.3933832005884881, "solar_cf_p50": 0.032959457, "wind_cf_p50": 0.022059396 }, "geometry": { "type": "Point", "coordinates": [ -76.56, 42.75 ] } },
{ "type": "Feature", "properties": { "latitude": 44.91, "longitude": -73.5, "frac_class_11": 0.0033378814407935961, "frac_class_21": 0.041869916318726684, "frac_class_22": 0.026855305767507772, "frac_class_23": 0.004339245873031675, "frac_class_24": 0.00064415255874964133, "frac_developed": 0.073708620518015772, "hybrid_seasonal_score": 0.0070046824366884475, "jackpot_zone": false, "hybrid_screening_score": 0.13544536271808999, "summer_ghi": 357.34909409707706, "winter_wind": 3.7005532196985635, "solar_cf_p50": 0.026650539, "wind_cf_p50": 0.046724152 }, "geometry": { "type": "Point", "coordinates": [ -73.5, 44.91 ] } },
{ "type": "Feature", "properties": { "latitude": 42.39, "longitude": -78.45, "frac_class_11": 0.0097496706192358364, "frac_class_21": 0.061507831942614555, "frac_class_22": 0.028944517640169812, "frac_class_23": 0.0047782169521299956, "frac_class_24": 0.00084907041428780561, "frac_developed": 0.096079636949202171, "hybrid_seasonal_score": 0.81742713047496418, "jackpot_zone": true, "hybrid_screening_score": 0.71900826446280997, "summer_ghi": 390.24441460329433, "winter_wind": 5.4546309485360531, "solar_cf_p50": 0.031716872, "wind_cf_p50": 0.048407584 }, "geometry": { "type": "Point", "coordinates": [ -78.45, 42.39 ] } },
{ "type": "Feature", "properties": { "latitude": 42.75, "longitude": -76.65, "frac_class_11": 0.11745896022817118, "frac_class_21": 0.046682557438110908, "frac_class_22": 0.023613608278818615, "frac_class_23": 0.0044392646516231427, "frac_class_24": 0.00039238882804584508, "frac_developed": 0.075127819196598514, "hybrid_seasonal_score": 0.50625315682916483, "jackpot_zone": false, "hybrid_screening_score": 0.51882460973370059, "summer_ghi": 385.24922767824575, "winter_wind": 5.0385836945618276, "solar_cf_p50": 0.020279316, "wind_cf_p50": 0.01506584 }, "geometry": { "type": "Point", "coordinates": [ -76.65, 42.75 ] } },
{ "type": "Feature", "properties": { "latitude": 42.3, "longitude": -76.83, "frac_class_11": 0.0010833221097258903, "frac_class_21": 0.063266011207991996, "frac_class_22": 0.030795626892153819, "frac_class_23": 0.0063008356219732857, "frac_class_24": 0.001182870627916918, "frac_developed": 0.10154534435003601, "hybrid_seasonal_score": 0.19952593806838734, "jackpot_zone": false, "hybrid_screening_score": 0.37006427915518825, "summer_ghi": 383.96971824784498, "winter_wind": 4.3767511379321595, "solar_cf_p50": 0.027841624, "wind_cf_p50": 0.031466994 }, "geometry": { "type": "Point", "coordinates": [ -76.83, 42.3 ] } },
{ "type": "Feature", "properties": { "latitude": 43.38, "longitude": -76.56, "frac_class_11": 0.032839684017591013, "frac_class_21": 0.083440202847120962, "frac_class_22": 0.028845984927006657, "frac_class_23": 0.0036423472644332403, "frac_class_24": 0.001200452072682981, "frac_developed": 0.11712898711124384, "hybrid_seasonal_score": 0.67811093656322807, "jackpot_zone": false, "hybrid_screening_score": 0.62809917355371891, "summer_ghi": 398.20496772003486, "winter_wind": 4.9704218380448273, "solar_cf_p50": 0.024323093, "wind_cf_p50": 0.0076966756 }, "geometry": { "type": "Point", "coordinates": [ -76.56, 43.38 ] } },
{ "type": "Feature", "properties": { "latitude": 43.2, "longitude": -73.5, "frac_class_11": 0.021777829829595363, "frac_class_21": 0.052386250512385081, "frac_class_22": 0.021338642618726943, "frac_class_23": 0.0027288165368624467, "frac_class_24": 0.00015810739591263102, "frac_developed": 0.076611817063887103, "hybrid_seasonal_score": 0.027946212268776752, "jackpot_zone": false, "hybrid_screening_score": 0.33149678604224059, "summer_ghi": 377.50398334383982, "winter_wind": 3.7771700257775622, "solar_cf_p50": 0.029161721, "wind_cf_p50": 0.018700669 }, "geometry": { "type": "Point", "coordinates": [ -73.5, 43.2 ] } },
{ "type": "Feature", "properties": { "latitude": 44.55, "longitude": -74.94, "frac_class_11": 0.03567392208187669, "frac_class_21": 0.052849170516897095, "frac_class_22": 0.019265791800619551, "frac_class_23": 0.0017333356756788409, "frac_class_24": 3.5135182615111639e-05, "frac_developed": 0.073883433175810587, "hybrid_seasonal_score": 0.0051909022607745372, "jackpot_zone": false, "hybrid_screening_score": 0.27180899908172634, "summer_ghi": 351.08255264399918, "winter_wind": 4.0657969394238673, "solar_cf_p50": 0.02678236, "wind_cf_p50": 0.056317598 }, "geometry": { "type": "Point", "coordinates": [ -74.94, 44.55 ] } },
{ "type": "Feature", "properties": { "latitude": 43.47, "longitude": -73.32, "frac_class_11": 0.0063070607457206274, "frac_class_21": 0.050427205275209212, "frac_class_22": 0.021257781343515206, "frac_class_23": 0.0040700159872570432, "frac_class_24": 0.0007378734020063129, "frac_developed": 0.076492876007987765, "hybrid_seasonal_score": 0.0057223457549027299, "jackpot_zone": false, "hybrid_screening_score": 0.14784205693296601, "summer_ghi": 373.01080565413974, "winter_wind": 3.363606801549742, "solar_cf_p50": 0.025720658, "wind_cf_p50": 0.014945211 }, "geometry": { "type": "Point", "coordinates": [ -73.32, 43.47 ] } },
{ "type": "Feature", "properties": { "latitude": 42.21, "longitude": -76.92, "frac_class_11": 0.00055639177008720705, "frac_class_21": 0.079681158231962659, "frac_class_22": 0.043099863537597441, "frac_class_23": 0.013042994441939055, "frac_class_24": 0.0054467825913800273, "frac_developed": 0.14127079880287918, "hybrid_seasonal_score": 0.21577006394186463, "jackpot_zone": false, "hybrid_screening_score": 0.41276400367309463, "summer_ghi": 383.91365375404791, "winter_wind": 4.419679714214082, "solar_cf_p50": 0.026087347, "wind_cf_p50": 0.028032804 }, "geometry": { "type": "Point", "coordinates": [ -76.92, 42.21 ] } },
{ "type": "Feature", "properties": { "latitude": 42.84, "longitude": -75.39, "frac_class_11": 0.0021024397671504033, "frac_class_21": 0.048402965669911098, "frac_class_22": 0.013024585075605843, "frac_class_23": 0.00086088759267718474, "frac_class_24": 2.3425512725909788e-05, "frac_developed": 0.062311863850920031, "hybrid_seasonal_score": 0.15743734194773515, "jackpot_zone": false, "hybrid_screening_score": 0.44490358126721763, "summer_ghi": 377.33569613049201, "winter_wind": 5.0970014748696038, "solar_cf_p50": 0.059395999, "wind_cf_p50": 0.015240387 }, "geometry": { "type": "Point", "coordinates": [ -75.39, 42.84 ] } },
{ "type": "Feature", "properties": { "latitude": 42.84, "longitude": -75.21, "frac_class_11": 0.0014463560026701956, "frac_class_21": 0.049105835782964617, "frac_class_22": 0.017473385878412406, "frac_class_23": 0.0030918055441694872, "frac_class_24": 0.00033963015447316337, "frac_developed": 0.070010657360019685, "hybrid_seasonal_score": 0.2050726819071422, "jackpot_zone": false, "hybrid_screening_score": 0.52892561983471076, "summer_ghi": 378.27145526203208, "winter_wind": 5.2717082723868014, "solar_cf_p50": 0.04325892, "wind_cf_p50": 0.034468938 }, "geometry": { "type": "Point", "coordinates": [ -75.21, 42.84 ] } },
{ "type": "Feature", "properties": { "latitude": 43.29, "longitude": -73.32, "frac_class_11": 0.0034316768367669624, "frac_class_21": 0.048277719867417808, "frac_class_22": 0.0084854944308452706, "frac_class_23": 0.00071444466567503306, "frac_class_24": 8.198545343811855e-05, "frac_developed": 0.057559644417376231, "hybrid_seasonal_score": 0.043233908498120865, "jackpot_zone": false, "hybrid_screening_score": 0.3168044077134986, "summer_ghi": 377.81841098628797, "winter_wind": 4.0393611131784537, "solar_cf_p50": 0.027394323, "wind_cf_p50": 0.016285904 }, "geometry": { "type": "Point", "coordinates": [ -73.32, 43.29 ] } },
{ "type": "Feature", "properties": { "latitude": 42.3, "longitude": -78.0, "frac_class_11": 0.0018504962960794074, "frac_class_21": 0.05699060111849618, "frac_class_22": 0.026041636166661785, "frac_class_23": 0.0020905923344947735, "frac_class_24": 5.2704008432641347e-05, "frac_developed": 0.085175533628085373, "hybrid_seasonal_score": 0.52998892843621115, "jackpot_zone": false, "hybrid_screening_score": 0.62213039485766752, "summer_ghi": 386.50552436810864, "winter_wind": 4.9711172593396169, "solar_cf_p50": 0.033250749, "wind_cf_p50": 0.039691169 }, "geometry": { "type": "Point", "coordinates": [ -78.0, 42.3 ] } },
{ "type": "Feature", "properties": { "latitude": 44.91, "longitude": -74.22, "frac_class_11": 0.00011711864704538933, "frac_class_21": 0.048317297838575371, "frac_class_22": 0.017421398748001662, "frac_class_23": 0.0029103983790779251, "frac_class_24": 0.00026351695585212601, "frac_developed": 0.068912611921507091, "hybrid_seasonal_score": 0.0052113505031110841, "jackpot_zone": false, "hybrid_screening_score": 0.27961432506887052, "summer_ghi": 351.21464384972001, "winter_wind": 4.0080347937902197, "solar_cf_p50": 0.021347726, "wind_cf_p50": 0.052014627 }, "geometry": { "type": "Point", "coordinates": [ -74.22, 44.91 ] } },
{ "type": "Feature", "properties": { "latitude": 42.39, "longitude": -74.49, "frac_class_11": 0.033513500852038157, "frac_class_21": 0.045084823180122621, "frac_class_22": 0.01284205964852694, "frac_class_23": 0.0030040932967142363, "frac_class_24": 0.00022252542938623973, "frac_developed": 0.061153501554750044, "hybrid_seasonal_score": 0.4839523458982512, "jackpot_zone": false, "hybrid_screening_score": 0.81359044995408625, "summer_ghi": 382.88831987198523, "winter_wind": 5.2450481091386401, "solar_cf_p50": 0.058829743, "wind_cf_p50": 0.063319594 }, "geometry": { "type": "Point", "coordinates": [ -74.49, 42.39 ] } },
{ "type": "Feature", "properties": { "latitude": 42.12, "longitude": -75.03, "frac_class_11": 0.0023890245402006078, "frac_class_21": 0.037632991960463984, "frac_class_22": 0.0098430153237186804, "frac_class_23": 0.002096251924979945, "frac_class_24": 0.00029277261522066273, "frac_developed": 0.049865031824383274, "hybrid_seasonal_score": 0.32216142559242983, "jackpot_zone": false, "hybrid_screening_score": 0.59825528007346185, "summer_ghi": 382.21415819129891, "winter_wind": 4.8001968804229351, "solar_cf_p50": 0.035878468, "wind_cf_p50": 0.065852776 }, "geometry": { "type": "Point", "coordinates": [ -75.03, 42.12 ] } },
{ "type": "Feature", "properties": { "latitude": 42.93, "longitude": -74.49, "frac_class_11": 0.015892535076007776, "frac_class_21": 0.053908134823038904, "frac_class_22": 0.0302391492750568, "frac_class_23": 0.0096034478720164896, "frac_class_24": 0.001171152179514206, "frac_developed": 0.094921884149626393, "hybrid_seasonal_score": 0.040743860678746725, "jackpot_zone": false, "hybrid_screening_score": 0.40587695133149682, "summer_ghi": 377.75634559266894, "winter_wind": 4.0098356944512448, "solar_cf_p50": 0.03163331, "wind_cf_p50": 0.019918056 }, "geometry": { "type": "Point", "coordinates": [ -74.49, 42.93 ] } },
{ "type": "Feature", "properties": { "latitude": 42.84, "longitude": -76.74, "frac_class_11": 0.2822099900450899, "frac_class_21": 0.04123675118580547, "frac_class_22": 0.039497569830766528, "frac_class_23": 0.0052175440651168236, "frac_class_24": 0.00060900626573754172, "frac_developed": 0.086560871347426349, "hybrid_seasonal_score": 0.30515207168099734, "jackpot_zone": false, "hybrid_screening_score": 0.44536271808999078, "summer_ghi": 387.44743502010783, "winter_wind": 4.4920828178038485, "solar_cf_p50": 0.041894846, "wind_cf_p50": 0.015496849 }, "geometry": { "type": "Point", "coordinates": [ -76.74, 42.84 ] } },
{ "type": "Feature", "properties": { "latitude": 43.56, "longitude": -73.59, "frac_class_11": 0.25752598448250624, "frac_class_21": 0.021361440491875276, "frac_class_22": 0.010692431561996779, "frac_class_23": 0.0033025911286780852, "frac_class_24": 0.00031620553359683795, "frac_developed": 0.03567266871614698, "hybrid_seasonal_score": 0.0011318207536589705, "jackpot_zone": false, "hybrid_screening_score": 0.052800734618916434, "summer_ghi": 353.85440532197998, "winter_wind": 3.2353670920884774, "solar_cf_p50": 0.031450219, "wind_cf_p50": 0.016969763 }, "geometry": { "type": "Point", "coordinates": [ -73.59, 43.56 ] } },
{ "type": "Feature", "properties": { "latitude": 42.21, "longitude": -75.3, "frac_class_11": 0.0036072754529590197, "frac_class_21": 0.0531897450312123, "frac_class_22": 0.0095686494969724652, "frac_class_23": 0.0010013702961947928, "frac_class_24": 3.5135799866483962e-05, "frac_developed": 0.063794900624246045, "hybrid_seasonal_score": 0.33544203197346195, "jackpot_zone": false, "hybrid_screening_score": 0.63406795224977042, "summer_ghi": 381.01566249604423, "winter_wind": 5.0853780619964546, "solar_cf_p50": 0.063122712, "wind_cf_p50": 0.022174342 }, "geometry": { "type": "Point", "coordinates": [ -75.3, 42.21 ] } },
{ "type": "Feature", "properties": { "latitude": 42.75, "longitude": -74.49, "frac_class_11": 0.0043215009310550783, "frac_class_21": 0.050973801632567019, "frac_class_22": 0.018445430803283872, "frac_class_23": 0.0027521753896963238, "frac_class_24": 5.2701230866525349e-05, "frac_developed": 0.072224109056413743, "hybrid_seasonal_score": 0.15845912164469639, "jackpot_zone": false, "hybrid_screening_score": 0.61753902662993576, "summer_ghi": 380.91384567402355, "winter_wind": 4.4554157592024195, "solar_cf_p50": 0.025131334, "wind_cf_p50": 0.018985828 }, "geometry": { "type": "Point", "coordinates": [ -74.49, 42.75 ] } },
{ "type": "Feature", "properties": { "latitude": 42.3, "longitude": -76.47, "frac_class_11": 0.0034666713513576818, "frac_class_21": 0.048738354150929031, "frac_class_22": 0.010113076729382968, "frac_class_23": 0.00056216292184178623, "frac_class_24": 3.5135182615111639e-05, "frac_developed": 0.059448728984768898, "hybrid_seasonal_score": 0.27296780308300472, "jackpot_zone": false, "hybrid_screening_score": 0.40725436179981633, "summer_ghi": 381.35580253401014, "winter_wind": 4.7808298606204787, "solar_cf_p50": 0.028706798, "wind_cf_p50": 0.031501785 }, "geometry": { "type": "Point", "coordinates": [ -76.47, 42.3 ] } },
{ "type": "Feature", "properties": { "latitude": 43.56, "longitude": -73.32, "frac_class_11": 0.0093694368968424997, "frac_class_21": 0.057118429682376091, "frac_class_22": 0.027862362971985383, "frac_class_23": 0.01177035510165839, "frac_class_24": 0.0019441581560948188, "frac_developed": 0.098695305912114686, "hybrid_seasonal_score": 0.0015053700878894967, "jackpot_zone": false, "hybrid_screening_score": 0.038108356290174478, "summer_ghi": 360.57699285308803, "winter_wind": 3.1266015648521104, "solar_cf_p50": 0.021761509, "wind_cf_p50": 0.014510159 }, "geometry": { "type": "Point", "coordinates": [ -73.32, 43.56 ] } },
{ "type": "Feature", "properties": { "latitude": 42.12, "longitude": -75.48, "frac_class_11": 0.001411263168373651, "frac_class_21": 0.044820781289344087, "frac_class_22": 0.0039761314992768004, "frac_class_23": 0.00035720768992030167, "frac_class_24": 0.0, "frac_developed": 0.049154120478541188, "hybrid_seasonal_score": 0.25810319574406726, "jackpot_zone": false, "hybrid_screening_score": 0.52203856749311295, "summer_ghi": 381.81338814901682, "winter_wind": 4.6923475102291041, "solar_cf_p50": 0.044691045, "wind_cf_p50": 0.027866047 }, "geometry": { "type": "Point", "coordinates": [ -75.48, 42.12 ] } },
{ "type": "Feature", "properties": { "latitude": 42.48, "longitude": -77.64, "frac_class_11": 0.0060316456437464134, "frac_class_21": 0.05714837848283616, "frac_class_22": 0.027528899195390182, "frac_class_23": 0.0017743578932574401, "frac_class_24": 3.5135799866483962e-05, "frac_developed": 0.086486771371350274, "hybrid_seasonal_score": 0.42311903575364634, "jackpot_zone": false, "hybrid_screening_score": 0.51606978879706156, "summer_ghi": 386.47571703002632, "winter_wind": 4.7584597788008329, "solar_cf_p50": 0.044807725, "wind_cf_p50": 0.046174347 }, "geometry": { "type": "Point", "coordinates": [ -77.64, 42.48 ] } },
{ "type": "Feature", "properties": { "latitude": 44.82, "longitude": -74.22, "frac_class_11": 0.0014463898811266616, "frac_class_21": 0.055530830942202965, "frac_class_22": 0.025636821455759209, "frac_class_23": 0.008982842419628741, "frac_class_24": 0.002553141652515079, "frac_developed": 0.092703636470105988, "hybrid_seasonal_score": 0.0054508268257329124, "jackpot_zone": false, "hybrid_screening_score": 0.38062442607897157, "summer_ghi": 349.22335066889082, "winter_wind": 4.3330323816363805, "solar_cf_p50": 0.048643958, "wind_cf_p50": 0.030621562 }, "geometry": { "type": "Point", "coordinates": [ -74.22, 44.82 ] } },
{ "type": "Feature", "properties": { "latitude": 43.29, "longitude": -75.66, "frac_class_11": 0.0063595052937318467, "frac_class_21": 0.05445985196289703, "frac_class_22": 0.026784877728848498, "frac_class_23": 0.0030743464817764451, "frac_class_24": 0.0004216246603579125, "frac_developed": 0.084740700833879884, "hybrid_seasonal_score": 0.028921192895648193, "jackpot_zone": false, "hybrid_screening_score": 0.095041322314049589, "summer_ghi": 377.16385068658667, "winter_wind": 3.8440974936084222, "solar_cf_p50": 0.019259533, "wind_cf_p50": 0.016400013 }, "geometry": { "type": "Point", "coordinates": [ -75.66, 43.29 ] } },
{ "type": "Feature", "properties": { "latitude": 43.38, "longitude": -73.32, "frac_class_11": 0.0039058382619898109, "frac_class_21": 0.055606956725420154, "frac_class_22": 0.028090414007144113, "frac_class_23": 0.0087368975815424257, "frac_class_24": 0.0022954851554722725, "frac_developed": 0.094729753469578973, "hybrid_seasonal_score": 0.034745147442367577, "jackpot_zone": false, "hybrid_screening_score": 0.28558310376492191, "summer_ghi": 376.89509930747806, "winter_wind": 3.9771644066644676, "solar_cf_p50": 0.02964923, "wind_cf_p50": 0.016285904 }, "geometry": { "type": "Point", "coordinates": [ -73.32, 43.38 ] } },
{ "type": "Feature", "properties": { "latitude": 42.39, "longitude": -77.28, "frac_class_11": 0.014072135064387484, "frac_class_21": 0.056516926968956972, "frac_class_22": 0.046778283351779949, "frac_class_23": 0.016215456509899685, "frac_class_24": 0.003619050965373061, "frac_developed": 0.12312971779600966, "hybrid_seasonal_score": 0.45271902597221908, "jackpot_zone": false, "hybrid_screening_score": 0.58080808080808088, "summer_ghi": 385.44173806287404, "winter_wind": 4.869458128735797, "solar_cf_p50": 0.048364379, "wind_cf_p50": 0.043872777 }, "geometry": { "type": "Point", "coordinates": [ -77.28, 42.39 ] } },
{ "type": "Feature", "properties": { "latitude": 41.85, "longitude": -73.59, "frac_class_11": 0.0070329335706924012, "frac_class_21": 0.060930619319778882, "frac_class_22": 0.016443361753958587, "frac_class_23": 0.0056860770167712921, "frac_class_24": 0.00070270776726318745, "frac_developed": 0.083762765857771954, "hybrid_seasonal_score": 0.16044913615662426, "jackpot_zone": false, "hybrid_screening_score": 0.60101010101010099, "summer_ghi": 381.79496277645637, "winter_wind": 4.3903131074876267, "solar_cf_p50": 0.021503225, "wind_cf_p50": 0.049905304 }, "geometry": { "type": "Point", "coordinates": [ -73.59, 41.85 ] } },
{ "type": "Feature", "properties": { "latitude": 42.84, "longitude": -76.11, "frac_class_11": 0.0071500934021210185, "frac_class_21": 0.07183472216528955, "frac_class_22": 0.029244526167233716, "frac_class_23": 0.0091821019283585235, "frac_class_24": 0.0011126271469311987, "frac_developed": 0.11137397740781299, "hybrid_seasonal_score": 0.44323525766050181, "jackpot_zone": false, "hybrid_screening_score": 0.50367309458218545, "summer_ghi": 382.53105440861327, "winter_wind": 5.1352453981630095, "solar_cf_p50": 0.056763917, "wind_cf_p50": 0.016442817 }, "geometry": { "type": "Point", "coordinates": [ -76.11, 42.84 ] } },
{ "type": "Feature", "properties": { "latitude": 42.48, "longitude": -75.84, "frac_class_11": 0.011214044785908367, "frac_class_21": 0.042812470720509699, "frac_class_22": 0.0092523189356319684, "frac_class_23": 0.00083739342265529843, "frac_class_24": 5.8558980605265626e-05, "frac_developed": 0.052960742059402231, "hybrid_seasonal_score": 0.13924198998078285, "jackpot_zone": false, "hybrid_screening_score": 0.3168044077134986, "summer_ghi": 379.4011908312221, "winter_wind": 4.5872332653355219, "solar_cf_p50": 0.028840983, "wind_cf_p50": 0.023075305 }, "geometry": { "type": "Point", "coordinates": [ -75.84, 42.48 ] } },
{ "type": "Feature", "properties": { "latitude": 42.12, "longitude": -76.29, "frac_class_11": 0.017157379429883119, "frac_class_21": 0.074409153725435079, "frac_class_22": 0.04326821727215234, "frac_class_23": 0.020864076078045583, "frac_class_24": 0.0060782798116787292, "frac_developed": 0.14461972688731173, "hybrid_seasonal_score": 0.097954459023830431, "jackpot_zone": false, "hybrid_screening_score": 0.32506887052341599, "summer_ghi": 381.29607305236266, "winter_wind": 4.08768936438236, "solar_cf_p50": 0.019491298, "wind_cf_p50": 0.02866401 }, "geometry": { "type": "Point", "coordinates": [ -76.29, 42.12 ] } },
{ "type": "Feature", "properties": { "latitude": 42.75, "longitude": -77.1, "frac_class_11": 0.00013469433171114508, "frac_class_21": 0.0348214128849769, "frac_class_22": 0.047078597070691099, "frac_class_23": 0.0045327570758446215, "frac_class_24": 0.00032209514104839041, "frac_developed": 0.086754862172561009, "hybrid_seasonal_score": 0.6307578666707141, "jackpot_zone": true, "hybrid_screening_score": 0.6960514233241506, "summer_ghi": 387.92612366513714, "winter_wind": 5.0899360466937225, "solar_cf_p50": 0.043575022, "wind_cf_p50": 0.022779299 }, "geometry": { "type": "Point", "coordinates": [ -77.1, 42.75 ] } },
{ "type": "Feature", "properties": { "latitude": 42.93, "longitude": -75.03, "frac_class_11": 0.0032676676582886321, "frac_class_21": 0.059304068773277742, "frac_class_22": 0.015137851069312033, "frac_class_23": 0.0019442036963294371, "frac_class_24": 0.00015225691597760651, "frac_developed": 0.076538380454896818, "hybrid_seasonal_score": 0.22101640834423203, "jackpot_zone": false, "hybrid_screening_score": 0.59733700642791554, "summer_ghi": 378.3141529644401, "winter_wind": 5.4203683297156129, "solar_cf_p50": 0.061593849, "wind_cf_p50": 0.01411424 }, "geometry": { "type": "Point", "coordinates": [ -75.03, 42.93 ] } },
{ "type": "Feature", "properties": { "latitude": 42.84, "longitude": -74.13, "frac_class_11": 0.0073842009720676933, "frac_class_21": 0.061228553024535927, "frac_class_22": 0.022158458745681325, "frac_class_23": 0.0036247584470340223, "frac_class_24": 0.00021666569069508695, "frac_developed": 0.087228435907946364, "hybrid_seasonal_score": 0.053807968658957886, "jackpot_zone": false, "hybrid_screening_score": 0.56290174471992649, "summer_ghi": 378.84584477075464, "winter_wind": 4.010734246597039, "solar_cf_p50": 0.028529841, "wind_cf_p50": 0.02009877 }, "geometry": { "type": "Point", "coordinates": [ -74.13, 42.84 ] } },
{ "type": "Feature", "properties": { "latitude": 42.48, "longitude": -75.48, "frac_class_11": 0.0062597717437768265, "frac_class_21": 0.047284992358276774, "frac_class_22": 0.027369666165026087, "frac_class_23": 0.011354253892594262, "frac_class_24": 0.0037535207556229615, "frac_developed": 0.089762433171520079, "hybrid_seasonal_score": 0.10843154813853535, "jackpot_zone": false, "hybrid_screening_score": 0.28420569329660239, "summer_ghi": 379.19650562980394, "winter_wind": 4.4435081370684451, "solar_cf_p50": 0.037433825, "wind_cf_p50": 0.022930242 }, "geometry": { "type": "Point", "coordinates": [ -75.48, 42.48 ] } },
{ "type": "Feature", "properties": { "latitude": 42.21, "longitude": -78.72, "frac_class_11": 0.0061546209432791071, "frac_class_21": 0.054893831324736776, "frac_class_22": 0.040224634880479719, "frac_class_23": 0.011278591757141351, "frac_class_24": 0.0020613002588337256, "frac_developed": 0.10845835822119157, "hybrid_seasonal_score": 0.67728478541150716, "jackpot_zone": true, "hybrid_screening_score": 0.61157024793388426, "summer_ghi": 390.96593468513555, "winter_wind": 5.0727664558313412, "solar_cf_p50": 0.040771782, "wind_cf_p50": 0.077437073 }, "geometry": { "type": "Point", "coordinates": [ -78.72, 42.21 ] } },
{ "type": "Feature", "properties": { "latitude": 44.91, "longitude": -74.85, "frac_class_11": 0.023072778805837295, "frac_class_21": 0.067572790517907752, "frac_class_22": 0.06579255580801574, "frac_class_23": 0.029854067602070693, "frac_class_24": 0.013316624112810663, "frac_developed": 0.17653603804080487, "hybrid_seasonal_score": 0.0042093866286202876, "jackpot_zone": false, "hybrid_screening_score": 0.078053259871441683, "summer_ghi": 355.1110880664163, "winter_wind": 3.631515756493334, "solar_cf_p50": 0.030306313, "wind_cf_p50": 0.047696412 }, "geometry": { "type": "Point", "coordinates": [ -74.85, 44.91 ] } },
{ "type": "Feature", "properties": { "latitude": 42.39, "longitude": -77.1, "frac_class_11": 0.037771206043392964, "frac_class_21": 0.058969929435188709, "frac_class_22": 0.022861827657892426, "frac_class_23": 0.0014522882323661172, "frac_class_24": 1.756800281088045e-05, "frac_developed": 0.083301613328258139, "hybrid_seasonal_score": 0.44557373551863916, "jackpot_zone": false, "hybrid_screening_score": 0.57392102846648307, "summer_ghi": 384.56565285360534, "winter_wind": 4.9394062021589091, "solar_cf_p50": 0.028243145, "wind_cf_p50": 0.04473716 }, "geometry": { "type": "Point", "coordinates": [ -77.1, 42.39 ] } },
{ "type": "Feature", "properties": { "latitude": 43.2, "longitude": -76.83, "frac_class_11": 0.0028634335437478773, "frac_class_21": 0.065238268120439882, "frac_class_22": 0.035959806527925797, "frac_class_23": 0.0080281541686673622, "frac_class_24": 0.0025823603124597422, "frac_developed": 0.11180858912949279, "hybrid_seasonal_score": 0.47737581171089805, "jackpot_zone": false, "hybrid_screening_score": 0.46280991735537191, "summer_ghi": 394.52158715071351, "winter_wind": 4.6806441060122737, "solar_cf_p50": 0.031070303, "wind_cf_p50": 0.012765656 }, "geometry": { "type": "Point", "coordinates": [ -76.83, 43.2 ] } },
{ "type": "Feature", "properties": { "latitude": 43.2, "longitude": -76.92, "frac_class_11": 0.039935821612189212, "frac_class_21": 0.061607738882968131, "frac_class_22": 0.032446391136824106, "frac_class_23": 0.0050651738555049361, "frac_class_24": 0.0012941080023891225, "frac_developed": 0.10041341187768629, "hybrid_seasonal_score": 0.59501117696709982, "jackpot_zone": false, "hybrid_screening_score": 0.54775022956841135, "summer_ghi": 395.59466342209106, "winter_wind": 4.8389710244063027, "solar_cf_p50": 0.03753582, "wind_cf_p50": 0.008695974 }, "geometry": { "type": "Point", "coordinates": [ -76.92, 43.2 ] } },
{ "type": "Feature", "properties": { "latitude": 41.76, "longitude": -74.22, "frac_class_11": 0.0049306372936540003, "frac_class_21": 0.06280999478828124, "frac_class_22": 0.025554989488724533, "frac_class_23": 0.0042396453688901383, "frac_class_24": 0.00057387464938015679, "frac_developed": 0.093178504295276077, "hybrid_seasonal_score": 0.0053932766179197438, "jackpot_zone": false, "hybrid_screening_score": 0.48025711662075299, "summer_ghi": 381.23146770845335, "winter_wind": 3.0113574356147876, "solar_cf_p50": 0.032213364, "wind_cf_p50": 0.049586806 }, "geometry": { "type": "Point", "coordinates": [ -74.22, 41.76 ] } },
{ "type": "Feature", "properties": { "latitude": 43.2, "longitude": -76.47, "frac_class_11": 0.026311320367995408, "frac_class_21": 0.061406745020876889, "frac_class_22": 0.022083238172203579, "frac_class_23": 0.003390664253966023, "frac_class_24": 0.00030451561520938376, "frac_developed": 0.087185163062255877, "hybrid_seasonal_score": 0.354350121129485, "jackpot_zone": false, "hybrid_screening_score": 0.30808080808080807, "summer_ghi": 388.27858852677662, "winter_wind": 4.5678537860827113, "solar_cf_p50": 0.023289887, "wind_cf_p50": 0.012765656 }, "geometry": { "type": "Point", "coordinates": [ -76.47, 43.2 ] } },
{ "type": "Feature", "properties": { "latitude": 42.12, "longitude": -73.68, "frac_class_11": 0.010634186332493998, "frac_class_21": 0.06115828307079698, "frac_class_22": 0.014633717866135739, "frac_class_23": 0.0015986414475610471, "frac_class_24": 0.00024008900860806933, "frac_developed": 0.077630731393101837, "hybrid_seasonal_score": 0.11118700149504057, "jackpot_zone": false, "hybrid_screening_score": 0.54775022956841135, "summer_ghi": 378.83948633043951, "winter_wind": 4.5210593684758003, "solar_cf_p50": 0.03343961, "wind_cf_p50": 0.029890029 }, "geometry": { "type": "Point", "coordinates": [ -73.68, 42.12 ] } },
{ "type": "Feature", "properties": { "latitude": 43.29, "longitude": -78.81, "frac_class_11": 0.21072633156883872, "frac_class_21": 0.031187052044783812, "frac_class_22": 0.039203400946268799, "frac_class_23": 0.0042160490935494446, "frac_class_24": 0.00089591043237925705, "frac_developed": 0.07550241251698131, "hybrid_seasonal_score": 0.9789836338170923, "jackpot_zone": true, "hybrid_screening_score": 0.95500459136822768, "summer_ghi": 409.22759076552785, "winter_wind": 5.8909345260343065, "solar_cf_p50": 0.033276282, "wind_cf_p50": 0.027454583 }, "geometry": { "type": "Point", "coordinates": [ -78.81, 43.29 ] } },
{ "type": "Feature", "properties": { "latitude": 41.76, "longitude": -74.13, "frac_class_11": 0.011261221693223942, "frac_class_21": 0.092238951060826996, "frac_class_22": 0.039270802222963988, "frac_class_23": 0.013070747175910473, "frac_class_24": 0.0026352312854658212, "frac_developed": 0.14721573174516731, "hybrid_seasonal_score": 0.018258383146938117, "jackpot_zone": false, "hybrid_screening_score": 0.49035812672176304, "summer_ghi": 379.80617379466906, "winter_wind": 3.4713684538682625, "solar_cf_p50": 0.034256738, "wind_cf_p50": 0.049781673 }, "geometry": { "type": "Point", "coordinates": [ -74.13, 41.76 ] } },
{ "type": "Feature", "properties": { "latitude": 42.48, "longitude": -73.68, "frac_class_11": 0.010828189601658487, "frac_class_21": 0.092657445039178249, "frac_class_22": 0.06631021679804168, "frac_class_23": 0.016625868187727662, "frac_class_24": 0.0041930685531570994, "frac_developed": 0.17978659857810469, "hybrid_seasonal_score": 0.046278588540046087, "jackpot_zone": false, "hybrid_screening_score": 0.44123048668503212, "summer_ghi": 378.22632300727361, "winter_wind": 4.0251676919894113, "solar_cf_p50": 0.034762524, "wind_cf_p50": 0.019774601 }, "geometry": { "type": "Point", "coordinates": [ -73.68, 42.48 ] } },
{ "type": "Feature", "properties": { "latitude": 44.37, "longitude": -75.66, "frac_class_11": 0.044549585421839136, "frac_class_21": 0.034753126903077719, "frac_class_22": 0.0069857591230617884, "frac_class_23": 0.00042746053309598538, "frac_class_24": 0.0, "frac_developed": 0.042166346559235499, "hybrid_seasonal_score": 0.015206746486486029, "jackpot_zone": false, "hybrid_screening_score": 0.16896235078053262, "summer_ghi": 365.26082761908839, "winter_wind": 3.771743675924955, "solar_cf_p50": 0.017303275, "wind_cf_p50": 0.050378572 }, "geometry": { "type": "Point", "coordinates": [ -75.66, 44.37 ] } },
{ "type": "Feature", "properties": { "latitude": 43.29, "longitude": -76.56, "frac_class_11": 0.0013351916702779307, "frac_class_21": 0.065389255220716549, "frac_class_22": 0.021813986718356541, "frac_class_23": 0.0026001100947517599, "frac_class_24": 0.00029866129466743187, "frac_developed": 0.090102013328492284, "hybrid_seasonal_score": 0.38840192559200826, "jackpot_zone": false, "hybrid_screening_score": 0.38062442607897151, "summer_ghi": 394.18171348668665, "winter_wind": 4.5518860388186999, "solar_cf_p50": 0.030333092, "wind_cf_p50": 0.012251863 }, "geometry": { "type": "Point", "coordinates": [ -76.56, 43.29 ] } },
{ "type": "Feature", "properties": { "latitude": 42.75, "longitude": -75.66, "frac_class_11": 0.0033728392748395559, "frac_class_21": 0.042986133882981212, "frac_class_22": 0.010663090832435471, "frac_class_23": 0.00096617791727174774, "frac_class_24": 4.6844989928327164e-05, "frac_developed": 0.054662247622616754, "hybrid_seasonal_score": 0.23123631338006495, "jackpot_zone": false, "hybrid_screening_score": 0.45224977043158865, "summer_ghi": 379.72882966989789, "winter_wind": 4.9615087820880701, "solar_cf_p50": 0.059429828, "wind_cf_p50": 0.018288637 }, "geometry": { "type": "Point", "coordinates": [ -75.66, 42.75 ] } },
{ "type": "Feature", "properties": { "latitude": 44.46, "longitude": -73.5, "frac_class_11": 0.02198825341242468, "frac_class_21": 0.036059564451054911, "frac_class_22": 0.030795266230610224, "frac_class_23": 0.011992528092848401, "frac_class_24": 0.00081980172509705867, "frac_developed": 0.07966716049961059, "hybrid_seasonal_score": 0.0063653059520828109, "jackpot_zone": false, "hybrid_screening_score": 0.42561983471074377, "summer_ghi": 349.0041533418256, "winter_wind": 4.5465609366338011, "solar_cf_p50": 0.030174041, "wind_cf_p50": 0.030915089 }, "geometry": { "type": "Point", "coordinates": [ -73.5, 44.46 ] } },
{ "type": "Feature", "properties": { "latitude": 41.4, "longitude": -74.67, "frac_class_11": 0.021826338012497292, "frac_class_21": 0.07787089255491722, "frac_class_22": 0.051992012040502002, "frac_class_23": 0.028877293463811148, "frac_class_24": 0.0063306335904238188, "frac_developed": 0.16507083164965419, "hybrid_seasonal_score": 0.15515367381132469, "jackpot_zone": false, "hybrid_screening_score": 0.67401285583103765, "summer_ghi": 382.18446029379857, "winter_wind": 4.3134403056951136, "solar_cf_p50": 0.020621849, "wind_cf_p50": 0.049947664 }, "geometry": { "type": "Point", "coordinates": [ -74.67, 41.4 ] } },
{ "type": "Feature", "properties": { "latitude": 42.48, "longitude": -76.38, "frac_class_11": 0.0013234484616375625, "frac_class_21": 0.076303245376714332, "frac_class_22": 0.039199840717707275, "frac_class_23": 0.011126336624386588, "frac_class_24": 0.0023423866577655973, "frac_developed": 0.12897180937657379, "hybrid_seasonal_score": 0.27346783639045091, "jackpot_zone": false, "hybrid_screening_score": 0.34251606978879706, "summer_ghi": 383.75829158641454, "winter_wind": 4.5895290988472519, "solar_cf_p50": 0.0158446, "wind_cf_p50": 0.017877692 }, "geometry": { "type": "Point", "coordinates": [ -76.38, 42.48 ] } },
{ "type": "Feature", "properties": { "latitude": 42.3, "longitude": -73.5, "frac_class_11": 0.0026293752159425635, "frac_class_21": 0.054748393972933247, "frac_class_22": 0.0070331394974321136, "frac_class_23": 0.00083156187230254799, "frac_class_24": 1.1712139046514761e-05, "frac_developed": 0.062624807481714423, "hybrid_seasonal_score": 0.20027366915671446, "jackpot_zone": false, "hybrid_screening_score": 0.6841138659320477, "summer_ghi": 379.94283280892603, "winter_wind": 4.7612107250944176, "solar_cf_p50": 0.057363242, "wind_cf_p50": 0.033627022 }, "geometry": { "type": "Point", "coordinates": [ -73.5, 42.3 ] } },
{ "type": "Feature", "properties": { "latitude": 42.48, "longitude": -78.45, "frac_class_11": 0.0071500934021210185, "frac_class_21": 0.0637125439926918, "frac_class_22": 0.039802772198375566, "frac_class_23": 0.010605093489960004, "frac_class_24": 0.0024126441291350202, "frac_developed": 0.11653305381016238, "hybrid_seasonal_score": 0.79648370338327767, "jackpot_zone": true, "hybrid_screening_score": 0.68135904499540867, "summer_ghi": 389.46931379950661, "winter_wind": 5.4240345355253323, "solar_cf_p50": 0.034912474, "wind_cf_p50": 0.020146575 }, "geometry": { "type": "Point", "coordinates": [ -78.45, 42.48 ] } },
{ "type": "Feature", "properties": { "latitude": 42.48, "longitude": -76.65, "frac_class_11": 0.00064997423525553944, "frac_class_21": 0.070653956059399448, "frac_class_22": 0.038524148592308051, "frac_class_23": 0.0036597648381505596, "frac_class_24": 0.00032791492949829014, "frac_developed": 0.11316578441935635, "hybrid_seasonal_score": 0.2964666280468935, "jackpot_zone": false, "hybrid_screening_score": 0.37373737373737376, "summer_ghi": 385.14527809594421, "winter_wind": 4.5733838754930973, "solar_cf_p50": 0.028409826, "wind_cf_p50": 0.019986119 }, "geometry": { "type": "Point", "coordinates": [ -76.65, 42.48 ] } },
{ "type": "Feature", "properties": { "latitude": 42.39, "longitude": -75.84, "frac_class_11": 0.0079228908889682672, "frac_class_21": 0.04549952860848739, "frac_class_22": 0.01201609172517582, "frac_class_23": 0.00088422507334383468, "frac_class_24": 2.342318075083006e-05, "frac_developed": 0.058423268587757878, "hybrid_seasonal_score": 0.099136451753531626, "jackpot_zone": false, "hybrid_screening_score": 0.27777777777777779, "summer_ghi": 379.34559225430723, "winter_wind": 4.3860139615999261, "solar_cf_p50": 0.027314026, "wind_cf_p50": 0.046476535 }, "geometry": { "type": "Point", "coordinates": [ -75.84, 42.39 ] } },
{ "type": "Feature", "properties": { "latitude": 43.38, "longitude": -75.48, "frac_class_11": 0.0018212376217330451, "frac_class_21": 0.036360335669905076, "frac_class_22": 0.0086201343382348635, "frac_class_23": 0.0007202965513606578, "frac_class_24": 2.3424278093029522e-05, "frac_developed": 0.045724190837593631, "hybrid_seasonal_score": 0.037708034514946608, "jackpot_zone": false, "hybrid_screening_score": 0.14830119375573919, "summer_ghi": 375.61921118400801, "winter_wind": 4.090635129652016, "solar_cf_p50": 0.033777039, "wind_cf_p50": 0.019734161 }, "geometry": { "type": "Point", "coordinates": [ -75.48, 43.38 ] } },
{ "type": "Feature", "properties": { "latitude": 43.2, "longitude": -75.21, "frac_class_11": 0.00057975427788383837, "frac_class_21": 0.06928942036284419, "frac_class_22": 0.039159766224335625, "frac_class_23": 0.011161733875218139, "frac_class_24": 0.004034855529918834, "frac_developed": 0.12364577599231678, "hybrid_seasonal_score": 0.02686688236400232, "jackpot_zone": false, "hybrid_screening_score": 0.12534435261707988, "summer_ghi": 375.36243801284155, "winter_wind": 3.8944245751309907, "solar_cf_p50": 0.025657212, "wind_cf_p50": 0.020806944 }, "geometry": { "type": "Point", "coordinates": [ -75.21, 43.2 ] } },
{ "type": "Feature", "properties": { "latitude": 41.85, "longitude": -74.22, "frac_class_11": 0.003308504907127632, "frac_class_21": 0.079181598856955471, "frac_class_22": 0.01989787552994636, "frac_class_23": 0.0027931979481413817, "frac_class_24": 0.00036891293654697489, "frac_developed": 0.10224158527159019, "hybrid_seasonal_score": 0.0050776991047464378, "jackpot_zone": false, "hybrid_screening_score": 0.47979797979797978, "summer_ghi": 382.15648554514996, "winter_wind": 2.8905676635592537, "solar_cf_p50": 0.030646294, "wind_cf_p50": 0.050234076 }, "geometry": { "type": "Point", "coordinates": [ -74.22, 41.85 ] } },
{ "type": "Feature", "properties": { "latitude": 42.75, "longitude": -76.92, "frac_class_11": 0.363103464430442, "frac_class_21": 0.063590686561570353, "frac_class_22": 0.052288538567848021, "frac_class_23": 0.0089890140779086934, "frac_class_24": 0.0023658382328828088, "frac_developed": 0.12723407744020987, "hybrid_seasonal_score": 0.33071342863479097, "jackpot_zone": false, "hybrid_screening_score": 0.48852157943067037, "summer_ghi": 381.69763870501998, "winter_wind": 4.9079603054954664, "solar_cf_p50": 0.026516108, "wind_cf_p50": 0.010625076 }, "geometry": { "type": "Point", "coordinates": [ -76.92, 42.75 ] } },
{ "type": "Feature", "properties": { "latitude": 42.21, "longitude": -77.91, "frac_class_11": 0.0012590328285490087, "frac_class_21": 0.050050946909806403, "frac_class_22": 0.0093226988979070776, "frac_class_23": 0.00052118103135284546, "frac_class_24": 4.0991766510897954e-05, "frac_developed": 0.059935818605577229, "hybrid_seasonal_score": 0.6294786920882588, "jackpot_zone": false, "hybrid_screening_score": 0.72268135904499542, "summer_ghi": 385.99549438357656, "winter_wind": 5.2965643072237132, "solar_cf_p50": 0.042491388, "wind_cf_p50": 0.038684659 }, "geometry": { "type": "Point", "coordinates": [ -77.91, 42.21 ] } },
{ "type": "Feature", "properties": { "latitude": 42.21, "longitude": -76.65, "frac_class_11": 0.0029221786921054325, "frac_class_21": 0.048552672417326942, "frac_class_22": 0.011741419394131047, "frac_class_23": 0.00055047053518619371, "frac_class_24": 5.8560695232573805e-06, "frac_developed": 0.060850418416167444, "hybrid_seasonal_score": 0.34170720478008232, "jackpot_zone": false, "hybrid_screening_score": 0.50780532598714423, "summer_ghi": 382.44816226958778, "winter_wind": 4.8277205253908617, "solar_cf_p50": 0.044749521, "wind_cf_p50": 0.048922833 }, "geometry": { "type": "Point", "coordinates": [ -76.65, 42.21 ] } },
{ "type": "Feature", "properties": { "latitude": 42.21, "longitude": -78.9, "frac_class_11": 0.0015165799073656597, "frac_class_21": 0.052717254463370791, "frac_class_22": 0.017390897007243278, "frac_class_23": 0.0017508007424800473, "frac_class_24": 0.00031619812740442329, "frac_developed": 0.07217515034049854, "hybrid_seasonal_score": 0.45218969054431113, "jackpot_zone": false, "hybrid_screening_score": 0.53535353535353536, "summer_ghi": 393.50169402857864, "winter_wind": 4.6564079330114945, "solar_cf_p50": 0.039564673, "wind_cf_p50": 0.044038154 }, "geometry": { "type": "Point", "coordinates": [ -78.9, 42.21 ] } },
{ "type": "Feature", "properties": { "latitude": 42.12, "longitude": -74.94, "frac_class_11": 0.072281042842753745, "frac_class_21": 0.038983626525497174, "frac_class_22": 0.0067754327610034899, "frac_class_23": 0.0010072380595441662, "frac_class_24": 5.856035229907943e-05, "frac_developed": 0.046824857698343908, "hybrid_seasonal_score": 0.16162965323997128, "jackpot_zone": false, "hybrid_screening_score": 0.54040404040404044, "summer_ghi": 379.13269594707674, "winter_wind": 4.7132824138848246, "solar_cf_p50": 0.046799507, "wind_cf_p50": 0.043313865 }, "geometry": { "type": "Point", "coordinates": [ -74.94, 42.12 ] } },
{ "type": "Feature", "properties": { "latitude": 43.29, "longitude": -78.27, "frac_class_11": 0.012432581209995257, "frac_class_21": 0.032946633013392991, "frac_class_22": 0.043077751945701889, "frac_class_23": 0.0048371700798191626, "frac_class_24": 0.00039821739155896253, "frac_developed": 0.081259772430473012, "hybrid_seasonal_score": 0.57884399551066212, "jackpot_zone": false, "hybrid_screening_score": 0.72038567493112948, "summer_ghi": 397.57217787007016, "winter_wind": 4.8068874714702483, "solar_cf_p50": 0.032833796, "wind_cf_p50": 0.012633826 }, "geometry": { "type": "Point", "coordinates": [ -78.27, 43.29 ] } },
{ "type": "Feature", "properties": { "latitude": 42.39, "longitude": -74.94, "frac_class_11": 0.0022779310062130713, "frac_class_21": 0.057656834671398205, "frac_class_22": 0.011301817074527579, "frac_class_23": 0.0022545075511363304, "frac_class_24": 0.00012882900292207603, "frac_developed": 0.071341988299984199, "hybrid_seasonal_score": 0.32943847018477623, "jackpot_zone": false, "hybrid_screening_score": 0.70339761248852151, "summer_ghi": 380.45108116688743, "winter_wind": 5.2349581117601254, "solar_cf_p50": 0.066041693, "wind_cf_p50": 0.058758359 }, "geometry": { "type": "Point", "coordinates": [ -74.94, 42.39 ] } },
{ "type": "Feature", "properties": { "latitude": 42.21, "longitude": -76.74, "frac_class_11": 0.0050652628373670005, "frac_class_21": 0.061925034110006966, "frac_class_22": 0.034765856029419513, "frac_class_23": 0.0029864555457308323, "frac_class_24": 0.0002459433978837156, "frac_developed": 0.099923289083041017, "hybrid_seasonal_score": 0.19698108052728638, "jackpot_zone": false, "hybrid_screening_score": 0.38337924701561066, "summer_ghi": 382.93674972350647, "winter_wind": 4.4158489934874074, "solar_cf_p50": 0.02451667, "wind_cf_p50": 0.027045798 }, "geometry": { "type": "Point", "coordinates": [ -76.74, 42.21 ] } },
{ "type": "Feature", "properties": { "latitude": 42.66, "longitude": -78.72, "frac_class_11": 0.0017684087249304641, "frac_class_21": 0.086634460547504025, "frac_class_22": 0.052332015810276682, "frac_class_23": 0.0063065436978480454, "frac_class_24": 0.00046259698433611475, "frac_developed": 0.14573561703996488, "hybrid_seasonal_score": 0.82770859104442884, "jackpot_zone": true, "hybrid_screening_score": 0.74471992653810837, "summer_ghi": 395.37042301972104, "winter_wind": 5.3156869211100988, "solar_cf_p50": 0.02562622, "wind_cf_p50": 0.022715447 }, "geometry": { "type": "Point", "coordinates": [ -78.72, 42.66 ] } },
{ "type": "Feature", "properties": { "latitude": 42.93, "longitude": -75.84, "frac_class_11": 0.031355232411729224, "frac_class_21": 0.078897588914982456, "frac_class_22": 0.034277582238672236, "frac_class_23": 0.0065357563263895805, "frac_class_24": 0.0010248721837976492, "frac_developed": 0.12073579966384193, "hybrid_seasonal_score": 0.33596335674973288, "jackpot_zone": false, "hybrid_screening_score": 0.57943067033976126, "summer_ghi": 379.96240704019351, "winter_wind": 5.5405798829301567, "solar_cf_p50": 0.030915258, "wind_cf_p50": 0.018422006 }, "geometry": { "type": "Point", "coordinates": [ -75.84, 42.93 ] } },
{ "type": "Feature", "properties": { "latitude": 44.1, "longitude": -73.41, "frac_class_11": 0.31617444672839179, "frac_class_21": 0.023307975661319886, "frac_class_22": 0.019536534373407827, "frac_class_23": 0.0033907833939457828, "frac_class_24": 0.00038651416925806846, "frac_developed": 0.04662180759793156, "hybrid_seasonal_score": 0.00022935760476456692, "jackpot_zone": false, "hybrid_screening_score": 0.079430670339761242, "summer_ghi": 346.76814646695402, "winter_wind": 3.2892424466815084, "solar_cf_p50": 0.032167606, "wind_cf_p50": 0.051454823 }, "geometry": { "type": "Point", "coordinates": [ -73.41, 44.1 ] } },
{ "type": "Feature", "properties": { "latitude": 42.84, "longitude": -75.03, "frac_class_11": 0.054604330870038763, "frac_class_21": 0.057912797029992857, "frac_class_22": 0.016876105261925116, "frac_class_23": 0.0035309824680571983, "frac_class_24": 0.00077295138604237181, "frac_developed": 0.079092836146017545, "hybrid_seasonal_score": 0.17860991583756419, "jackpot_zone": false, "hybrid_screening_score": 0.5890725436179981, "summer_ghi": 377.18738206185697, "winter_wind": 5.4030359799661918, "solar_cf_p50": 0.034980569, "wind_cf_p50": 0.032054078 }, "geometry": { "type": "Point", "coordinates": [ -75.03, 42.84 ] } },
{ "type": "Feature", "properties": { "latitude": 42.48, "longitude": -77.55, "frac_class_11": 0.0051768260902665128, "frac_class_21": 0.054672905405801088, "frac_class_22": 0.032999338256393437, "frac_class_23": 0.0039470370869226579, "frac_class_24": 0.00037479283911431767, "frac_developed": 0.091994073588231515, "hybrid_seasonal_score": 0.48996855608425854, "jackpot_zone": false, "hybrid_screening_score": 0.60468319559228645, "summer_ghi": 386.07534750344132, "winter_wind": 4.9166806329879567, "solar_cf_p50": 0.044334155, "wind_cf_p50": 0.020179864 }, "geometry": { "type": "Point", "coordinates": [ -77.55, 42.48 ] } },
{ "type": "Feature", "properties": { "latitude": 43.38, "longitude": -76.11, "frac_class_11": 0.0018445322793148879, "frac_class_21": 0.063691992387644558, "frac_class_22": 0.033002488654662571, "frac_class_23": 0.0039877031181379009, "frac_class_24": 0.00029863855950812472, "frac_developed": 0.10098082271995315, "hybrid_seasonal_score": 0.25882415439139705, "jackpot_zone": false, "hybrid_screening_score": 0.22268135904499542, "summer_ghi": 387.4571656287273, "winter_wind": 4.3942915354163494, "solar_cf_p50": 0.024733201, "wind_cf_p50": 0.018117733 }, "geometry": { "type": "Point", "coordinates": [ -76.11, 43.38 ] } },
{ "type": "Feature", "properties": { "latitude": 43.2, "longitude": -78.09, "frac_class_11": 0.0048310027404961002, "frac_class_21": 0.047531211205584054, "frac_class_22": 0.044972243693345515, "frac_class_23": 0.0061192701379617267, "frac_class_24": 0.00086665261284051248, "frac_developed": 0.0994893776497318, "hybrid_seasonal_score": 0.51199932373235657, "jackpot_zone": false, "hybrid_screening_score": 0.62258953168044084, "summer_ghi": 393.35598979264535, "winter_wind": 4.7450620231286216, "solar_cf_p50": 0.038225465, "wind_cf_p50": 0.018932644 }, "geometry": { "type": "Point", "coordinates": [ -78.09, 43.2 ] } },
{ "type": "Feature", "properties": { "latitude": 42.3, "longitude": -76.11, "frac_class_11": 0.003918031730786125, "frac_class_21": 0.046026623874810393, "frac_class_22": 0.015104041604928873, "frac_class_23": 0.001657403557268271, "frac_class_24": 0.0001405571921358251, "frac_developed": 0.062928626229143358, "hybrid_seasonal_score": 0.21011201420667985, "jackpot_zone": false, "hybrid_screening_score": 0.39990817263544531, "summer_ghi": 381.56977718669094, "winter_wind": 4.5772469238943145, "solar_cf_p50": 0.036761709, "wind_cf_p50": 0.032332726 }, "geometry": { "type": "Point", "coordinates": [ -76.11, 42.3 ] } },
{ "type": "Feature", "properties": { "latitude": 42.66, "longitude": -75.21, "frac_class_11": 0.0026409636296560891, "frac_class_21": 0.060619191783148195, "frac_class_22": 0.011465646977531314, "frac_class_23": 0.0018328638937524522, "frac_class_24": 8.7836927815612727e-05, "frac_developed": 0.074005539582247565, "hybrid_seasonal_score": 0.15575236461787928, "jackpot_zone": false, "hybrid_screening_score": 0.42286501377410468, "summer_ghi": 378.60252959468295, "winter_wind": 4.7933473770303019, "solar_cf_p50": 0.057446688, "wind_cf_p50": 0.021888021 }, "geometry": { "type": "Point", "coordinates": [ -75.21, 42.66 ] } },
{ "type": "Feature", "properties": { "latitude": 41.76, "longitude": -74.04, "frac_class_11": 0.010832650193231057, "frac_class_21": 0.094050825623609322, "frac_class_22": 0.051141819885232462, "frac_class_23": 0.019006909474177304, "frac_class_24": 0.0044326033493383302, "frac_developed": 0.16863215833235742, "hybrid_seasonal_score": 0.015663775243038955, "jackpot_zone": false, "hybrid_screening_score": 0.47566574839302111, "summer_ghi": 380.50594606088509, "winter_wind": 3.3575815451513291, "solar_cf_p50": 0.033375993, "wind_cf_p50": 0.048699934 }, "geometry": { "type": "Point", "coordinates": [ -74.04, 41.76 ] } },
{ "type": "Feature", "properties": { "latitude": 42.93, "longitude": -74.76, "frac_class_11": 0.00085492607231737669, "frac_class_21": 0.051553213292343726, "frac_class_22": 0.011043771043771043, "frac_class_23": 0.0019733567559654516, "frac_class_24": 0.00011711316059142146, "frac_developed": 0.064687454252671639, "hybrid_seasonal_score": 0.11130589642986337, "jackpot_zone": false, "hybrid_screening_score": 0.48209366391184572, "summer_ghi": 378.84324299807537, "winter_wind": 4.5180059334861733, "solar_cf_p50": 0.031471152, "wind_cf_p50": 0.017434765 }, "geometry": { "type": "Point", "coordinates": [ -74.76, 42.93 ] } },
{ "type": "Feature", "properties": { "latitude": 43.38, "longitude": -76.29, "frac_class_11": 0.0037891432553835702, "frac_class_21": 0.060936685583100537, "frac_class_22": 0.021288308706830412, "frac_class_23": 0.0016808100684622637, "frac_class_24": 0.00028111109158950753, "frac_developed": 0.084186915449982733, "hybrid_seasonal_score": 0.30970865681609483, "jackpot_zone": false, "hybrid_screening_score": 0.2529843893480257, "summer_ghi": 390.51039216314558, "winter_wind": 4.4249336052048767, "solar_cf_p50": 0.02689492, "wind_cf_p50": 0.015308783 }, "geometry": { "type": "Point", "coordinates": [ -76.29, 43.38 ] } },
{ "type": "Feature", "properties": { "latitude": 41.76, "longitude": -73.59, "frac_class_11": 0.0039583321134331502, "frac_class_21": 0.060692473899015685, "frac_class_22": 0.020265957758272387, "frac_class_23": 0.0066928603633936261, "frac_class_24": 0.0009017502151903923, "frac_developed": 0.088553042235872084, "hybrid_seasonal_score": 0.11043062733521036, "jackpot_zone": false, "hybrid_screening_score": 0.58769513314967858, "summer_ghi": 380.67423897342144, "winter_wind": 4.2744849561485445, "solar_cf_p50": 0.027864642, "wind_cf_p50": 0.050042987 }, "geometry": { "type": "Point", "coordinates": [ -73.59, 41.76 ] } },
{ "type": "Feature", "properties": { "latitude": 43.83, "longitude": -75.48, "frac_class_11": 0.0096797428104632571, "frac_class_21": 0.043983392770350592, "frac_class_22": 0.042127083955518861, "frac_class_23": 0.01179370963113914, "frac_class_24": 0.0031036077976681949, "frac_developed": 0.10100779415467678, "hybrid_seasonal_score": 0.021941807253602893, "jackpot_zone": false, "hybrid_screening_score": 0.09687786960514233, "summer_ghi": 365.46305774645265, "winter_wind": 3.977927008646601, "solar_cf_p50": 0.026992004, "wind_cf_p50": 0.01808879 }, "geometry": { "type": "Point", "coordinates": [ -75.48, 43.83 ] } },
{ "type": "Feature", "properties": { "latitude": 42.39, "longitude": -79.35, "frac_class_11": 0.011700084324932072, "frac_class_21": 0.083493394546987731, "frac_class_22": 0.050700365408038975, "frac_class_23": 0.0088833973578187949, "frac_class_24": 0.0021139791998500889, "frac_developed": 0.14519113651269558, "hybrid_seasonal_score": 0.8918479814422714, "jackpot_zone": true, "hybrid_screening_score": 0.92378328741965099, "summer_ghi": 409.95039914874366, "winter_wind": 5.3507233303318493, "solar_cf_p50": 0.009332614, "wind_cf_p50": 0.046228524 }, "geometry": { "type": "Point", "coordinates": [ -79.35, 42.39 ] } },
{ "type": "Feature", "properties": { "latitude": 44.55, "longitude": -75.3, "frac_class_11": 0.014288223926919249, "frac_class_21": 0.045148445277273526, "frac_class_22": 0.01781928910230134, "frac_class_23": 0.0019851261931252561, "frac_class_24": 0.0004977455056508754, "frac_developed": 0.065450606078351001, "hybrid_seasonal_score": 0.0072140134123605199, "jackpot_zone": false, "hybrid_screening_score": 0.094582185491276394, "summer_ghi": 359.70980253878702, "winter_wind": 3.6310871514011582, "solar_cf_p50": 0.015778514, "wind_cf_p50": 0.052628361 }, "geometry": { "type": "Point", "coordinates": [ -75.3, 44.55 ] } },
{ "type": "Feature", "properties": { "latitude": 42.48, "longitude": -74.67, "frac_class_11": 0.0034549393921649001, "frac_class_21": 0.062054224980968554, "frac_class_22": 0.0093576155062364587, "frac_class_23": 0.0013175616326052586, "frac_class_24": 0.00012882824852140305, "frac_developed": 0.072858230368331681, "hybrid_seasonal_score": 0.44377998197181767, "jackpot_zone": false, "hybrid_screening_score": 0.85215794306703396, "summer_ghi": 381.41702009920931, "winter_wind": 5.5115204978184691, "solar_cf_p50": 0.056384362, "wind_cf_p50": 0.01744817 }, "geometry": { "type": "Point", "coordinates": [ -74.67, 42.48 ] } },
{ "type": "Feature", "properties": { "latitude": 42.93, "longitude": -73.32, "frac_class_11": 0.0034846062394949372, "frac_class_21": 0.070318768264900355, "frac_class_22": 0.0309632154423693, "frac_class_23": 0.010664652037176942, "frac_class_24": 0.001797939689957892, "frac_developed": 0.11374457543440449, "hybrid_seasonal_score": 0.040715190978151163, "jackpot_zone": false, "hybrid_screening_score": 0.37786960514233242, "summer_ghi": 381.9526193865488, "winter_wind": 3.6051808768819287, "solar_cf_p50": 0.028935855, "wind_cf_p50": 0.019271242 }, "geometry": { "type": "Point", "coordinates": [ -73.32, 42.93 ] } },
{ "type": "Feature", "properties": { "latitude": 44.19, "longitude": -75.75, "frac_class_11": 0.0087542087542087539, "frac_class_21": 0.042529644268774702, "frac_class_22": 0.025823451910408433, "frac_class_23": 0.0054633289415898113, "frac_class_24": 0.00098375054896794037, "frac_developed": 0.074800175669740898, "hybrid_seasonal_score": 0.015027982471007765, "jackpot_zone": false, "hybrid_screening_score": 0.17952249770431589, "summer_ghi": 367.38955539872973, "winter_wind": 3.7388045684898987, "solar_cf_p50": 0.016296012, "wind_cf_p50": 0.052163769 }, "geometry": { "type": "Point", "coordinates": [ -75.75, 44.19 ] } },
{ "type": "Feature", "properties": { "latitude": 42.57, "longitude": -78.63, "frac_class_11": 0.002605844117819289, "frac_class_21": 0.054043450254728585, "frac_class_22": 0.029507524740879545, "frac_class_23": 0.0027756631726884111, "frac_class_24": 0.00010540493060842068, "frac_developed": 0.086432043098904968, "hybrid_seasonal_score": 0.74255641817625284, "jackpot_zone": true, "hybrid_screening_score": 0.60560146923783287, "summer_ghi": 390.4687247198371, "winter_wind": 5.2315289198167365, "solar_cf_p50": 0.032127637, "wind_cf_p50": 0.021058645 }, "geometry": { "type": "Point", "coordinates": [ -78.63, 42.57 ] } },
{ "type": "Feature", "properties": { "latitude": 43.2, "longitude": -75.03, "frac_class_11": 0.0073848496383707649, "frac_class_21": 0.060958683493894758, "frac_class_22": 0.018810576557055432, "frac_class_23": 0.0038593306198940001, "frac_class_24": 0.00032209891364820943, "frac_developed": 0.083950689584492408, "hybrid_seasonal_score": 0.034255022046156526, "jackpot_zone": false, "hybrid_screening_score": 0.17263544536271808, "summer_ghi": 374.95463651071975, "winter_wind": 4.0879463969897287, "solar_cf_p50": 0.025642212, "wind_cf_p50": 0.018089743 }, "geometry": { "type": "Point", "coordinates": [ -75.03, 43.2 ] } },
{ "type": "Feature", "properties": { "latitude": 42.93, "longitude": -78.36, "frac_class_11": 0.0023600374795033968, "frac_class_21": 0.042070742562661044, "frac_class_22": 0.043487936284844222, "frac_class_23": 0.0071269618177559144, "frac_class_24": 0.0020555165144061842, "frac_developed": 0.094741157179667357, "hybrid_seasonal_score": 0.72197726492742764, "jackpot_zone": true, "hybrid_screening_score": 0.70018365472910926, "summer_ghi": 390.27072494587713, "winter_wind": 5.1901215504405114, "solar_cf_p50": 0.028760426, "wind_cf_p50": 0.022672864 }, "geometry": { "type": "Point", "coordinates": [ -78.36, 42.93 ] } },
{ "type": "Feature", "properties": { "latitude": 42.93, "longitude": -75.12, "frac_class_11": 0.0025062069611655035, "frac_class_21": 0.066789244390312461, "frac_class_22": 0.014574647491450789, "frac_class_23": 0.0026994425446198529, "frac_class_24": 0.00040403803813182182, "frac_developed": 0.084467372464514939, "hybrid_seasonal_score": 0.21663099818621984, "jackpot_zone": false, "hybrid_screening_score": 0.57805325987144174, "summer_ghi": 378.22459716270265, "winter_wind": 5.4252418980748658, "solar_cf_p50": 0.031689648, "wind_cf_p50": 0.015834762 }, "geometry": { "type": "Point", "coordinates": [ -75.12, 42.93 ] } },
{ "type": "Feature", "properties": { "latitude": 43.29, "longitude": -78.36, "frac_class_11": 0.0066169323199081831, "frac_class_21": 0.036557087144413081, "frac_class_22": 0.042190263154812793, "frac_class_23": 0.0042629440078700504, "frac_class_24": 0.00050358953939124221, "frac_developed": 0.083513883846487169, "hybrid_seasonal_score": 0.57884399551066212, "jackpot_zone": false, "hybrid_screening_score": 0.72038567493112948, "summer_ghi": 397.57217787007016, "winter_wind": 4.8068874714702483, "solar_cf_p50": 0.031485625, "wind_cf_p50": 0.012973796 }, "geometry": { "type": "Point", "coordinates": [ -78.36, 43.29 ] } },
{ "type": "Feature", "properties": { "latitude": 42.57, "longitude": -75.03, "frac_class_11": 0.0090654610618536181, "frac_class_21": 0.060014757727309992, "frac_class_22": 0.013194110964054392, "frac_class_23": 0.0020028344206420782, "frac_class_24": 5.8562409960294688e-05, "frac_developed": 0.07527026552196675, "hybrid_seasonal_score": 0.092260782969523253, "jackpot_zone": false, "hybrid_screening_score": 0.3351698806244261, "summer_ghi": 377.99622975929611, "winter_wind": 4.5393554943393122, "solar_cf_p50": 0.043536555, "wind_cf_p50": 0.021625008 }, "geometry": { "type": "Point", "coordinates": [ -75.03, 42.57 ] } },
{ "type": "Feature", "properties": { "latitude": 43.29, "longitude": -78.09, "frac_class_11": 0.0045498995742886753, "frac_class_21": 0.040586041118912237, "frac_class_22": 0.040984230528245097, "frac_class_23": 0.0034665901518389909, "frac_class_24": 0.00040404513594069318, "frac_developed": 0.085440906934937014, "hybrid_seasonal_score": 0.57889501071319249, "jackpot_zone": false, "hybrid_screening_score": 0.70477502295684114, "summer_ghi": 397.35654763702439, "winter_wind": 4.8129470122622529, "solar_cf_p50": 0.041303869, "wind_cf_p50": 0.012698255 }, "geometry": { "type": "Point", "coordinates": [ -78.09, 43.29 ] } },
{ "type": "Feature", "properties": { "latitude": 42.48, "longitude": -73.41, "frac_class_11": 0.0015637262366321905, "frac_class_21": 0.047216333032691835, "frac_class_22": 0.013704567017675378, "frac_class_23": 0.0036721211624284023, "frac_class_24": 0.0010424841577547936, "frac_developed": 0.065635505370550407, "hybrid_seasonal_score": 0.10129279269023822, "jackpot_zone": false, "hybrid_screening_score": 0.58310376492194671, "summer_ghi": 378.8906169107749, "winter_wind": 4.4369565566940743, "solar_cf_p50": 0.026333602, "wind_cf_p50": 0.018367333 }, "geometry": { "type": "Point", "coordinates": [ -73.41, 42.48 ] } },
{ "type": "Feature", "properties": { "latitude": 42.66, "longitude": -77.1, "frac_class_11": 0.049790344116751387, "frac_class_21": 0.070357703389631987, "frac_class_22": 0.058568952189088523, "frac_class_23": 0.013293822764646631, "frac_class_24": 0.0028637353885075782, "frac_developed": 0.14508421373187472, "hybrid_seasonal_score": 0.39161967787061697, "jackpot_zone": false, "hybrid_screening_score": 0.52892561983471076, "summer_ghi": 384.32823835410136, "winter_wind": 4.8252899458502707, "solar_cf_p50": 0.029062591, "wind_cf_p50": 0.01850171 }, "geometry": { "type": "Point", "coordinates": [ -77.1, 42.66 ] } },
{ "type": "Feature", "properties": { "latitude": 42.3, "longitude": -76.2, "frac_class_11": 0.0013761682790283667, "frac_class_21": 0.049887564123585769, "frac_class_22": 0.017351432386217235, "frac_class_23": 0.0017392424632826592, "frac_class_24": 0.00012883277505797475, "frac_developed": 0.069107071748143636, "hybrid_seasonal_score": 0.21011201420667985, "jackpot_zone": false, "hybrid_screening_score": 0.39990817263544531, "summer_ghi": 381.56977718669094, "winter_wind": 4.5772469238943145, "solar_cf_p50": 0.036761709, "wind_cf_p50": 0.032332726 }, "geometry": { "type": "Point", "coordinates": [ -76.2, 42.3 ] } },
{ "type": "Feature", "properties": { "latitude": 42.93, "longitude": -78.45, "frac_class_11": 0.0029046274932362001, "frac_class_21": 0.051539569693491528, "frac_class_22": 0.058215528044881178, "frac_class_23": 0.013135240861549994, "frac_class_24": 0.003027605673393378, "frac_developed": 0.12591794427331607, "hybrid_seasonal_score": 0.64304704950835678, "jackpot_zone": false, "hybrid_screening_score": 0.66712580348943984, "summer_ghi": 391.30748764591766, "winter_wind": 4.9981119880969471, "solar_cf_p50": 0.03407396, "wind_cf_p50": 0.02375618 }, "geometry": { "type": "Point", "coordinates": [ -78.45, 42.93 ] } },
{ "type": "Feature", "properties": { "latitude": 42.3, "longitude": -74.04, "frac_class_11": 0.0049776007964161271, "frac_class_21": 0.065189002430240395, "frac_class_22": 0.02892864462858314, "frac_class_23": 0.0075015372002459517, "frac_class_24": 0.00066172810587649691, "frac_developed": 0.10228091236494598, "hybrid_seasonal_score": 0.022839843463434747, "jackpot_zone": false, "hybrid_screening_score": 0.49449035812672176, "summer_ghi": 382.23474014329361, "winter_wind": 3.3640524484941468, "solar_cf_p50": 0.022801306, "wind_cf_p50": 0.032805797 }, "geometry": { "type": "Point", "coordinates": [ -74.04, 42.3 ] } },
{ "type": "Feature", "properties": { "latitude": 43.47, "longitude": -75.3, "frac_class_11": 0.0097497848020471622, "frac_class_21": 0.053263689224877467, "frac_class_22": 0.029425026204376571, "frac_class_23": 0.0074133498855205445, "frac_class_24": 0.0016571706300176257, "frac_developed": 0.091759235944792211, "hybrid_seasonal_score": 0.040184801517133092, "jackpot_zone": false, "hybrid_screening_score": 0.15151515151515152, "summer_ghi": 372.47859389743536, "winter_wind": 4.3192984214937447, "solar_cf_p50": 0.046382654, "wind_cf_p50": 0.019022055 }, "geometry": { "type": "Point", "coordinates": [ -75.3, 43.47 ] } },
{ "type": "Feature", "properties": { "latitude": 41.85, "longitude": -74.58, "frac_class_11": 0.040277102718909392, "frac_class_21": 0.060052586272523377, "frac_class_22": 0.012789356257356515, "frac_class_23": 0.0025648983702940263, "frac_class_24": 0.00012297457939765879, "frac_developed": 0.075529815479571577, "hybrid_seasonal_score": 0.33927217748905703, "jackpot_zone": false, "hybrid_screening_score": 0.88200183654729103, "summer_ghi": 383.53873058062311, "winter_wind": 4.7509018093197515, "solar_cf_p50": 0.044221591, "wind_cf_p50": 0.045493796 }, "geometry": { "type": "Point", "coordinates": [ -74.58, 41.85 ] } },
{ "type": "Feature", "properties": { "latitude": 43.92, "longitude": -75.75, "frac_class_11": 0.0056743652206502392, "frac_class_21": 0.041125972079078046, "frac_class_22": 0.016718588962803337, "frac_class_23": 0.0024829007776632625, "frac_class_24": 0.00046261594678159842, "frac_developed": 0.060790077766326243, "hybrid_seasonal_score": 0.051322136972024278, "jackpot_zone": false, "hybrid_screening_score": 0.42516069788797062, "summer_ghi": 375.85048067820668, "winter_wind": 4.307075427536315, "solar_cf_p50": 0.021954618, "wind_cf_p50": 0.03216394 }, "geometry": { "type": "Point", "coordinates": [ -75.75, 43.92 ] } },
{ "type": "Feature", "properties": { "latitude": 43.02, "longitude": -77.19, "frac_class_11": 0.0094460060904193021, "frac_class_21": 0.066449988287655193, "frac_class_22": 0.074086437104708358, "frac_class_23": 0.015501288357929258, "frac_class_24": 0.0032970250644178967, "frac_developed": 0.15933473881471069, "hybrid_seasonal_score": 0.46997228314533601, "jackpot_zone": false, "hybrid_screening_score": 0.51056014692378326, "summer_ghi": 386.12528707909433, "winter_wind": 4.8596725433241863, "solar_cf_p50": 0.033069652, "wind_cf_p50": 0.015420016 }, "geometry": { "type": "Point", "coordinates": [ -77.19, 43.02 ] } },
{ "type": "Feature", "properties": { "latitude": 43.38, "longitude": -76.38, "frac_class_11": 0.017402913758373544, "frac_class_21": 0.080836885745069559, "frac_class_22": 0.041750597273621584, "frac_class_23": 0.012144563638918818, "frac_class_24": 0.0027462875345481801, "frac_developed": 0.13747833419215813, "hybrid_seasonal_score": 0.49532135783074932, "jackpot_zone": false, "hybrid_screening_score": 0.50045913682277321, "summer_ghi": 397.96100774097846, "winter_wind": 4.6883337442888395, "solar_cf_p50": 0.025282744, "wind_cf_p50": 0.013891061 }, "geometry": { "type": "Point", "coordinates": [ -76.38, 43.38 ] } },
{ "type": "Feature", "properties": { "latitude": 42.03, "longitude": -73.5, "frac_class_11": 0.014056213139045232, "frac_class_21": 0.0325049928840421, "frac_class_22": 0.0069988227921496046, "frac_class_23": 0.00057396203651101363, "frac_class_24": 5.8567554746021799e-06, "frac_developed": 0.040083634468177323, "hybrid_seasonal_score": 0.11840586345970769, "jackpot_zone": false, "hybrid_screening_score": 0.54453627180899911, "summer_ghi": 381.09921841599424, "winter_wind": 4.2642173990594161, "solar_cf_p50": 0.035088323, "wind_cf_p50": 0.049292218 }, "geometry": { "type": "Point", "coordinates": [ -73.5, 42.03 ] } },
{ "type": "Feature", "properties": { "latitude": 43.02, "longitude": -75.75, "frac_class_11": 0.0031857018206520146, "frac_class_21": 0.063034732348342434, "frac_class_22": 0.042743451450255619, "frac_class_23": 0.009217453429607116, "frac_class_24": 0.0019207908036284207, "frac_developed": 0.11691642803183358, "hybrid_seasonal_score": 0.36263271330889663, "jackpot_zone": false, "hybrid_screening_score": 0.56244260789715339, "summer_ghi": 380.74363808541165, "winter_wind": 5.3154845595674374, "solar_cf_p50": 0.022750398, "wind_cf_p50": 0.022530334 }, "geometry": { "type": "Point", "coordinates": [ -75.75, 43.02 ] } }
]
}
