{
"type": "FeatureCollection",
"name": "ny_solar_screening",
"crs": { "type": "name", "properties": { "name": "urn:ogc:def:crs:OGC:1.3:CRS84" } },
"features": [
{ "type": "Feature", "properties": { "latitude": 42.39, "longitude": -79.26, "frac_class_11": 0.0069860045675469934, "frac_class_21": 0.056625871054634888, "frac_class_22": 0.02388007261228553, "frac_class_23": 0.0032909761667740236, "frac_class_24": 0.00035720559817298118, "frac_developed": 0.084154125431867427, "solar_resource_w_m2": 307.22407318845507, "solar_resource_pct": 0.96372819100091822, "solar_screening_pct": 0.96372819100091822, "resource_land_adj_oof": 300.55517578125, "resource_opportunity_oof": 6.6688974072050655 }, "geometry": { "type": "Point", "coordinates": [ -79.26, 42.39 ] } },
{ "type": "Feature", "properties": { "latitude": 41.94, "longitude": -73.77, "frac_class_11": 0.0062423142238098028, "frac_class_21": 0.077935234525970606, "frac_class_22": 0.017702172512736428, "frac_class_23": 0.0019382795572992914, "frac_class_24": 0.00014053990747789425, "frac_developed": 0.097716226503484216, "solar_resource_w_m2": 305.18469329538237, "solar_resource_pct": 0.9237832874196511, "solar_screening_pct": 0.9237832874196511, "resource_land_adj_oof": 306.7342529296875, "resource_opportunity_oof": -1.5495596343051261 }, "geometry": { "type": "Point", "coordinates": [ -73.77, 41.94 ] } },
{ "type": "Feature", "properties": { "latitude": 43.11, "longitude": -73.86, "frac_class_11": 0.0011477089737959303, "frac_class_21": 0.086892109500805156, "frac_class_22": 0.071105255453081537, "frac_class_23": 0.026391450739276828, "frac_class_24": 0.0079636949202166601, "frac_developed": 0.19235251061338016, "solar_resource_w_m2": 298.39286741475934, "solar_resource_pct": 0.71166207529843895, "solar_screening_pct": 0.71166207529843895, "resource_land_adj_oof": 293.34759521484375, "resource_opportunity_oof": 5.045272199915587 }, "geometry": { "type": "Point", "coordinates": [ -73.86, 43.11 ] } },
{ "type": "Feature", "properties": { "latitude": 42.21, "longitude": -78.18, "frac_class_11": 0.00050945418133055377, "frac_class_21": 0.059319205251477124, "frac_class_22": 0.023429036546017766, "frac_class_23": 0.0020261051349468001, "frac_class_24": 0.00038062668720098845, "frac_developed": 0.085154973619642679, "solar_resource_w_m2": 297.99929605426041, "solar_resource_pct": 0.6841138659320477, "solar_screening_pct": 0.6841138659320477, "resource_land_adj_oof": 297.596923828125, "resource_opportunity_oof": 0.40237222613541235 }, "geometry": { "type": "Point", "coordinates": [ -78.18, 42.21 ] } },
{ "type": "Feature", "properties": { "latitude": 42.12, "longitude": -77.91, "frac_class_11": 0.0010774726239971891, "frac_class_21": 0.077056860104233765, "frac_class_22": 0.037805235111553551, "frac_class_23": 0.011524272413187328, "frac_class_24": 0.0041576389295543718, "frac_developed": 0.13054400655852902, "solar_resource_w_m2": 299.05044714453493, "solar_resource_pct": 0.75022956841138655, "solar_screening_pct": 0.75022956841138655, "resource_land_adj_oof": 298.94577026367188, "resource_opportunity_oof": 0.10467688086305316 }, "geometry": { "type": "Point", "coordinates": [ -77.91, 42.12 ] } },
{ "type": "Feature", "properties": { "latitude": 42.3, "longitude": -74.58, "frac_class_11": 0.00042160984693220279, "frac_class_21": 0.048485132397203319, "frac_class_22": 0.0069682738590183518, "frac_class_23": 0.00099546769414547882, "frac_class_24": 3.5134153911016899e-05, "frac_developed": 0.056484008104278165, "solar_resource_w_m2": 302.59736073094263, "solar_resource_pct": 0.86501377410468316, "solar_screening_pct": 0.86501377410468316, "resource_land_adj_oof": 303.58090209960938, "resource_opportunity_oof": -0.98354136866674935 }, "geometry": { "type": "Point", "coordinates": [ -74.58, 42.3 ] } },
{ "type": "Feature", "properties": { "latitude": 44.73, "longitude": -75.03, "frac_class_11": 0.024535925513849036, "frac_class_21": 0.057340282250980854, "frac_class_22": 0.029601218012531474, "frac_class_23": 0.0073959126310241844, "frac_class_24": 0.0022837734965157814, "frac_developed": 0.096621186391052286, "solar_resource_w_m2": 283.13709428739321, "solar_resource_pct": 0.042699724517906337, "solar_screening_pct": 0.042699724517906337, "resource_land_adj_oof": 283.10177612304688, "resource_opportunity_oof": 0.035318164346335834 }, "geometry": { "type": "Point", "coordinates": [ -75.03, 44.73 ] } },
{ "type": "Feature", "properties": { "latitude": 44.37, "longitude": -75.3, "frac_class_11": 0.023844937635416057, "frac_class_21": 0.030362475844703401, "frac_class_22": 0.0079053697956315509, "frac_class_23": 0.00076125783217192717, "frac_class_24": 8.1981612695438303e-05, "frac_developed": 0.039111085085202321, "solar_resource_w_m2": 281.44598604827968, "solar_resource_pct": 0.023875114784205693, "solar_screening_pct": 0.023875114784205693, "resource_land_adj_oof": 284.41796875, "resource_opportunity_oof": -2.9719827017203215 }, "geometry": { "type": "Point", "coordinates": [ -75.3, 44.37 ] } },
{ "type": "Feature", "properties": { "latitude": 41.31, "longitude": -74.58, "frac_class_11": 0.0057094671749556422, "frac_class_21": 0.081279389116291595, "frac_class_22": 0.027376163120941155, "frac_class_23": 0.0032324368005902712, "frac_class_24": 0.00031621664353600478, "frac_developed": 0.11220420568135903, "solar_resource_w_m2": 309.34988454053394, "solar_resource_pct": 0.9871441689623508, "solar_screening_pct": 0.9871441689623508, "resource_land_adj_oof": 309.37448120117188, "resource_opportunity_oof": -0.024596660637939749 }, "geometry": { "type": "Point", "coordinates": [ -74.58, 41.31 ] } },
{ "type": "Feature", "properties": { "latitude": 42.48, "longitude": -78.63, "frac_class_11": 0.0031502517859234103, "frac_class_21": 0.059058437756177536, "frac_class_22": 0.043090525822695867, "frac_class_23": 0.013139711910059726, "frac_class_24": 0.0027989225904672677, "frac_developed": 0.11808759807940039, "solar_resource_w_m2": 295.19256978643699, "solar_resource_pct": 0.45362718089990817, "solar_screening_pct": 0.45362718089990817, "resource_land_adj_oof": 295.97048950195312, "resource_opportunity_oof": -0.77791971551613415 }, "geometry": { "type": "Point", "coordinates": [ -78.63, 42.48 ] } },
{ "type": "Feature", "properties": { "latitude": 42.48, "longitude": -76.92, "frac_class_11": 0.18499953152815515, "frac_class_21": 0.053686873418907523, "frac_class_22": 0.038859739529654269, "frac_class_23": 0.0047725569193291482, "frac_class_24": 0.00048018364096317812, "frac_developed": 0.097799353508854117, "solar_resource_w_m2": 292.72303707824631, "solar_resource_pct": 0.2910927456382002, "solar_screening_pct": 0.2910927456382002, "resource_land_adj_oof": 295.51943969726562, "resource_opportunity_oof": -2.7964026190193181 }, "geometry": { "type": "Point", "coordinates": [ -76.92, 42.48 ] } },
{ "type": "Feature", "properties": { "latitude": 42.84, "longitude": -76.02, "frac_class_11": 0.0052466388719726422, "frac_class_21": 0.056975219000327912, "frac_class_22": 0.019194734623132054, "frac_class_23": 0.0027579987820302619, "frac_class_24": 0.00011125685107977701, "frac_developed": 0.079039209256570001, "solar_resource_w_m2": 291.76045179164458, "solar_resource_pct": 0.23140495867768596, "solar_screening_pct": 0.23140495867768596, "resource_land_adj_oof": 291.98953247070312, "resource_opportunity_oof": -0.22908067905854068 }, "geometry": { "type": "Point", "coordinates": [ -76.02, 42.84 ] } },
{ "type": "Feature", "properties": { "latitude": 42.66, "longitude": -74.13, "frac_class_11": 0.0048194605483527168, "frac_class_21": 0.05569024278837708, "frac_class_22": 0.028096927959898342, "frac_class_23": 0.0026761767564971949, "frac_class_24": 0.00014054319946593585, "frac_developed": 0.086603890704238559, "solar_resource_w_m2": 301.94472165639343, "solar_resource_pct": 0.84894398530762172, "solar_screening_pct": 0.84894398530762172, "resource_land_adj_oof": 299.10986328125, "resource_opportunity_oof": 2.8348583751434262 }, "geometry": { "type": "Point", "coordinates": [ -74.13, 42.66 ] } },
{ "type": "Feature", "properties": { "latitude": 43.2, "longitude": -73.41, "frac_class_11": 0.021637796751109706, "frac_class_21": 0.054448777859761308, "frac_class_22": 0.016303011138048558, "frac_class_23": 0.0021725636250775914, "frac_class_24": 0.00015225513275476382, "frac_developed": 0.073076607755642231, "solar_resource_w_m2": 296.56953756428265, "solar_resource_pct": 0.55325987144168964, "solar_screening_pct": 0.55325987144168964, "resource_land_adj_oof": 293.796875, "resource_opportunity_oof": 2.7726625642826548 }, "geometry": { "type": "Point", "coordinates": [ -73.41, 43.2 ] } },
{ "type": "Feature", "properties": { "latitude": 42.3, "longitude": -78.27, "frac_class_11": 0.011400832664820204, "frac_class_21": 0.055393876224550144, "frac_class_22": 0.0090585968836552934, "frac_class_23": 0.00073780427106694699, "frac_class_24": 9.3689431246596434e-05, "frac_developed": 0.065283966810518984, "solar_resource_w_m2": 297.52362391068687, "solar_resource_pct": 0.65289256198347112, "solar_screening_pct": 0.65289256198347112, "resource_land_adj_oof": 296.89486694335938, "resource_opportunity_oof": 0.6287569673274902 }, "geometry": { "type": "Point", "coordinates": [ -78.27, 42.3 ] } },
{ "type": "Feature", "properties": { "latitude": 42.48, "longitude": -74.85, "frac_class_11": 0.0041225280935064329, "frac_class_21": 0.05354601830543014, "frac_class_22": 0.016197319185566467, "frac_class_23": 0.0029396436121310074, "frac_class_24": 6.4414501461038015e-05, "frac_developed": 0.072747395604588649, "solar_resource_w_m2": 294.60138506560355, "solar_resource_pct": 0.41000918273645548, "solar_screening_pct": 0.41000918273645548, "resource_land_adj_oof": 297.06109619140625, "resource_opportunity_oof": -2.4597111258026985 }, "geometry": { "type": "Point", "coordinates": [ -74.85, 42.48 ] } },
{ "type": "Feature", "properties": { "latitude": 42.12, "longitude": -76.2, "frac_class_11": 0.020934958159363342, "frac_class_21": 0.082802883461090257, "frac_class_22": 0.047561882565132607, "frac_class_23": 0.020431347977068168, "frac_class_24": 0.0052879069140993286, "frac_developed": 0.15608402091739038, "solar_resource_w_m2": 295.91445672929348, "solar_resource_pct": 0.50872359963269054, "solar_screening_pct": 0.50872359963269054, "resource_land_adj_oof": 296.44000244140625, "resource_opportunity_oof": -0.52554571211277334 }, "geometry": { "type": "Point", "coordinates": [ -76.2, 42.12 ] } },
{ "type": "Feature", "properties": { "latitude": 42.66, "longitude": -77.46, "frac_class_11": 0.00076712264592897965, "frac_class_21": 0.044692213997938726, "frac_class_22": 0.014557762578469033, "frac_class_23": 0.0015752365782816453, "frac_class_24": 0.00020495643211842967, "frac_developed": 0.061030169586807834, "solar_resource_w_m2": 295.28605449403409, "solar_resource_pct": 0.46602387511478421, "solar_screening_pct": 0.46602387511478421, "resource_land_adj_oof": 294.838623046875, "resource_opportunity_oof": 0.44743144715909011 }, "geometry": { "type": "Point", "coordinates": [ -77.46, 42.66 ] } },
{ "type": "Feature", "properties": { "latitude": 44.1, "longitude": -75.66, "frac_class_11": 0.006306802211187108, "frac_class_21": 0.051162981354820572, "frac_class_22": 0.045957087979012462, "frac_class_23": 0.01502623442331116, "frac_class_24": 0.0099960179893188415, "frac_developed": 0.12214232174646304, "solar_resource_w_m2": 285.67810810616379, "solar_resource_pct": 0.086317722681359038, "solar_screening_pct": 0.086317722681359038, "resource_land_adj_oof": 284.84234619140625, "resource_opportunity_oof": 0.83576191475754058 }, "geometry": { "type": "Point", "coordinates": [ -75.66, 44.1 ] } },
{ "type": "Feature", "properties": { "latitude": 43.92, "longitude": -75.39, "frac_class_11": 0.0097908895538469654, "frac_class_21": 0.039151846625012442, "frac_class_22": 0.020061954313085946, "frac_class_23": 0.0041868935592108726, "frac_class_24": 0.00067927224177407176, "frac_developed": 0.064079966739083324, "solar_resource_w_m2": 280.8434647237014, "solar_resource_pct": 0.018365472910927456, "solar_screening_pct": 0.018365472910927456, "resource_land_adj_oof": 284.931396484375, "resource_opportunity_oof": -4.0879317606735981 }, "geometry": { "type": "Point", "coordinates": [ -75.39, 43.92 ] } },
{ "type": "Feature", "properties": { "latitude": 42.84, "longitude": -76.2, "frac_class_11": 0.025285915897099557, "frac_class_21": 0.063601281277998675, "frac_class_22": 0.018469610639057898, "frac_class_23": 0.0030158051614187754, "frac_class_24": 5.8559323522694663e-05, "frac_developed": 0.085145256401998048, "solar_resource_w_m2": 291.28967101355681, "solar_resource_pct": 0.21717171717171718, "solar_screening_pct": 0.21717171717171718, "resource_land_adj_oof": 290.03140258789062, "resource_opportunity_oof": 1.2582684256661878 }, "geometry": { "type": "Point", "coordinates": [ -76.2, 42.84 ] } },
{ "type": "Feature", "properties": { "latitude": 42.12, "longitude": -75.66, "frac_class_11": 0.015646043401374883, "frac_class_21": 0.053941374181686166, "frac_class_22": 0.02300062068884751, "frac_class_23": 0.005381255196805209, "frac_class_24": 0.00028106664792889013, "frac_developed": 0.082604316715267773, "solar_resource_w_m2": 296.0134984202316, "solar_resource_pct": 0.51606978879706156, "solar_screening_pct": 0.51606978879706156, "resource_land_adj_oof": 296.33480834960938, "resource_opportunity_oof": -0.32130992937777592 }, "geometry": { "type": "Point", "coordinates": [ -75.66, 42.12 ] } },
{ "type": "Feature", "properties": { "latitude": 41.67, "longitude": -74.76, "frac_class_11": 0.028426027325060464, "frac_class_21": 0.092223543122178037, "frac_class_22": 0.052454043417916478, "frac_class_23": 0.024678055036630574, "frac_class_24": 0.0050714750027816983, "frac_developed": 0.1744271165795068, "solar_resource_w_m2": 305.2355772962253, "solar_resource_pct": 0.92561983471074383, "solar_screening_pct": 0.92561983471074383, "resource_land_adj_oof": 303.74270629882812, "resource_opportunity_oof": 1.4928709973971763 }, "geometry": { "type": "Point", "coordinates": [ -74.76, 41.67 ] } },
{ "type": "Feature", "properties": { "latitude": 42.57, "longitude": -77.46, "frac_class_11": 0.00048014708896188684, "frac_class_21": 0.050163659891908352, "frac_class_22": 0.025559049308763855, "frac_class_23": 0.0032439205766449431, "frac_class_24": 0.00038060439978686154, "frac_developed": 0.079347234177104001, "solar_resource_w_m2": 295.52002694948504, "solar_resource_pct": 0.4807162534435262, "solar_screening_pct": 0.4807162534435262, "resource_land_adj_oof": 295.39108276367188, "resource_opportunity_oof": 0.12894418581316813 }, "geometry": { "type": "Point", "coordinates": [ -77.46, 42.57 ] } },
{ "type": "Feature", "properties": { "latitude": 42.39, "longitude": -73.77, "frac_class_11": 0.062169885345544407, "frac_class_21": 0.076375794910232234, "frac_class_22": 0.050587325939545832, "frac_class_23": 0.015751812336772576, "frac_class_24": 0.0033728787754576223, "frac_developed": 0.14608781196200826, "solar_resource_w_m2": 299.3069074166483, "solar_resource_pct": 0.76400367309458217, "solar_screening_pct": 0.76400367309458217, "resource_land_adj_oof": 304.1553955078125, "resource_opportunity_oof": -4.8484880911641994 }, "geometry": { "type": "Point", "coordinates": [ -73.77, 42.39 ] } },
{ "type": "Feature", "properties": { "latitude": 42.66, "longitude": -76.83, "frac_class_11": 0.16108876044576401, "frac_class_21": 0.044418287333907229, "frac_class_22": 0.046344934207058909, "frac_class_23": 0.0071912533745600625, "frac_class_24": 0.0014054566855817713, "frac_developed": 0.099359931601107968, "solar_resource_w_m2": 291.78255907610281, "solar_resource_pct": 0.23232323232323232, "solar_screening_pct": 0.23232323232323232, "resource_land_adj_oof": 293.24295043945312, "resource_opportunity_oof": -1.4603913633503112 }, "geometry": { "type": "Point", "coordinates": [ -76.83, 42.66 ] } },
{ "type": "Feature", "properties": { "latitude": 42.66, "longitude": -78.54, "frac_class_11": 0.002190041751330714, "frac_class_21": 0.056173985348972028, "frac_class_22": 0.025074221334754322, "frac_class_23": 0.004262968970504705, "frac_class_24": 0.00044503522219554613, "frac_developed": 0.085956210876426603, "solar_resource_w_m2": 293.74029478553183, "solar_resource_pct": 0.35032139577594124, "solar_screening_pct": 0.35032139577594124, "resource_land_adj_oof": 296.31051635742188, "resource_opportunity_oof": -2.5702215718900447 }, "geometry": { "type": "Point", "coordinates": [ -78.54, 42.66 ] } },
{ "type": "Feature", "properties": { "latitude": 42.66, "longitude": -76.2, "frac_class_11": 0.0088014663254610079, "frac_class_21": 0.077362722305831924, "frac_class_22": 0.054589001387855968, "frac_class_23": 0.021046220874056464, "frac_class_24": 0.0048252882582700404, "frac_developed": 0.1578232328260144, "solar_resource_w_m2": 293.00979266369018, "solar_resource_pct": 0.30945821854912764, "solar_screening_pct": 0.30945821854912764, "resource_land_adj_oof": 292.71185302734375, "resource_opportunity_oof": 0.29793963634642751 }, "geometry": { "type": "Point", "coordinates": [ -76.2, 42.66 ] } },
{ "type": "Feature", "properties": { "latitude": 42.93, "longitude": -73.5, "frac_class_11": 0.013028610242537096, "frac_class_21": 0.063550340207755102, "frac_class_22": 0.019721509796343791, "frac_class_23": 0.0024886109452037148, "frac_class_24": 0.00019323332045111197, "frac_developed": 0.085953694269753717, "solar_resource_w_m2": 298.13194943487923, "solar_resource_pct": 0.69651056014692381, "solar_screening_pct": 0.69651056014692381, "resource_land_adj_oof": 297.46847534179688, "resource_opportunity_oof": 0.66347409308235683 }, "geometry": { "type": "Point", "coordinates": [ -73.5, 42.93 ] } },
{ "type": "Feature", "properties": { "latitude": 42.93, "longitude": -76.92, "frac_class_11": 0.013563133575783131, "frac_class_21": 0.066152485696047605, "frac_class_22": 0.077531228587993467, "frac_class_23": 0.02847321046867771, "frac_class_24": 0.0076541518063681134, "frac_developed": 0.1798110765590869, "solar_resource_w_m2": 291.73413567793403, "solar_resource_pct": 0.23048668503213957, "solar_screening_pct": 0.23048668503213957, "resource_land_adj_oof": 293.49960327148438, "resource_opportunity_oof": -1.7654675935503406 }, "geometry": { "type": "Point", "coordinates": [ -76.92, 42.93 ] } },
{ "type": "Feature", "properties": { "latitude": 44.64, "longitude": -75.39, "frac_class_11": 0.012496120581122308, "frac_class_21": 0.040252264702265582, "frac_class_22": 0.025431420657832327, "frac_class_23": 0.0037652322088386338, "frac_class_24": 0.00065584138007764698, "frac_developed": 0.07010475894901419, "solar_resource_w_m2": 286.79470400143043, "solar_resource_pct": 0.10376492194674013, "solar_screening_pct": 0.10376492194674013, "resource_land_adj_oof": 286.281982421875, "resource_opportunity_oof": 0.51272157955543207 }, "geometry": { "type": "Point", "coordinates": [ -75.39, 44.64 ] } },
{ "type": "Feature", "properties": { "latitude": 43.92, "longitude": -75.48, "frac_class_11": 0.0096915112901714614, "frac_class_21": 0.03612503513538836, "frac_class_22": 0.017977607045816548, "frac_class_23": 0.0032793029138948747, "frac_class_24": 0.00067928417502108123, "frac_developed": 0.058061229270120862, "solar_resource_w_m2": 280.15176472519914, "solar_resource_pct": 0.0073461891643709825, "solar_screening_pct": 0.0073461891643709825, "resource_land_adj_oof": 285.76641845703125, "resource_opportunity_oof": -5.6146537318321066 }, "geometry": { "type": "Point", "coordinates": [ -75.48, 43.92 ] } },
{ "type": "Feature", "properties": { "latitude": 41.22, "longitude": -74.31, "frac_class_11": 0.055320345027493278, "frac_class_21": 0.080055513588531871, "frac_class_22": 0.041102307795911439, "frac_class_23": 0.0117702861760624, "frac_class_24": 0.0021725254583677364, "frac_developed": 0.13510063301887346, "solar_resource_w_m2": 309.21559249488519, "solar_resource_pct": 0.98622589531680438, "solar_screening_pct": 0.98622589531680438, "resource_land_adj_oof": 306.91177368164062, "resource_opportunity_oof": 2.3038188132445612 }, "geometry": { "type": "Point", "coordinates": [ -74.31, 41.22 ] } },
{ "type": "Feature", "properties": { "latitude": 44.64, "longitude": -74.85, "frac_class_11": 0.0063181810196923475, "frac_class_21": 0.04076075818172236, "frac_class_22": 0.016372228110342727, "frac_class_23": 0.001288229679640701, "frac_class_24": 7.0267073434947329e-05, "frac_developed": 0.058491483045140735, "solar_resource_w_m2": 281.97674736756187, "solar_resource_pct": 0.030303030303030304, "solar_screening_pct": 0.030303030303030304, "resource_land_adj_oof": 283.2235107421875, "resource_opportunity_oof": -1.2467633746256297 }, "geometry": { "type": "Point", "coordinates": [ -74.85, 44.64 ] } },
{ "type": "Feature", "properties": { "latitude": 42.21, "longitude": -78.99, "frac_class_11": 0.00076129349621110087, "frac_class_21": 0.064141905107693756, "frac_class_22": 0.028952577271289866, "frac_class_23": 0.0057097012215832563, "frac_class_24": 0.00072615687330905001, "frac_developed": 0.099530340473875947, "solar_resource_w_m2": 298.46263618653006, "solar_resource_pct": 0.71854912764003676, "solar_screening_pct": 0.71854912764003676, "resource_land_adj_oof": 302.07952880859375, "resource_opportunity_oof": -3.6168926220636877 }, "geometry": { "type": "Point", "coordinates": [ -78.99, 42.21 ] } },
{ "type": "Feature", "properties": { "latitude": 42.66, "longitude": -74.04, "frac_class_11": 0.0082398758455096491, "frac_class_21": 0.069344967936517232, "frac_class_22": 0.039928552604608945, "frac_class_23": 0.0052648531521770955, "frac_class_24": 0.00093701502152206378, "frac_developed": 0.11547538871482534, "solar_resource_w_m2": 301.94472165639343, "solar_resource_pct": 0.84894398530762172, "solar_screening_pct": 0.84894398530762172, "resource_land_adj_oof": 299.27413940429688, "resource_opportunity_oof": 2.6705822520965512 }, "geometry": { "type": "Point", "coordinates": [ -74.04, 42.66 ] } },
{ "type": "Feature", "properties": { "latitude": 42.21, "longitude": -73.95, "frac_class_11": 0.022527112172955752, "frac_class_21": 0.070397957510598921, "frac_class_22": 0.038255685943831538, "frac_class_23": 0.01745016747476167, "frac_class_24": 0.0038589464314993092, "frac_developed": 0.12996275736069143, "solar_resource_w_m2": 301.21996368245402, "solar_resource_pct": 0.83011937557392101, "solar_screening_pct": 0.83011937557392101, "resource_land_adj_oof": 303.613037109375, "resource_opportunity_oof": -2.3930734269209779 }, "geometry": { "type": "Point", "coordinates": [ -73.95, 42.21 ] } },
{ "type": "Feature", "properties": { "latitude": 43.11, "longitude": -73.5, "frac_class_11": 0.015020994255128513, "frac_class_21": 0.067585689940911561, "frac_class_22": 0.034955288385521283, "frac_class_23": 0.010500055633312057, "frac_class_24": 0.0034961144523632443, "frac_developed": 0.11653714841210815, "solar_resource_w_m2": 297.74681006679396, "solar_resource_pct": 0.66850321395775936, "solar_screening_pct": 0.66850321395775936, "resource_land_adj_oof": 294.57351684570312, "resource_opportunity_oof": 3.1732932210908302 }, "geometry": { "type": "Point", "coordinates": [ -73.5, 43.11 ] } },
{ "type": "Feature", "properties": { "latitude": 44.28, "longitude": -75.66, "frac_class_11": 0.045465458783020135, "frac_class_21": 0.032488712690390997, "frac_class_22": 0.0081924493608249837, "frac_class_23": 0.00057388137052240772, "frac_class_24": 2.3423729409077865e-05, "frac_developed": 0.041278467151147469, "solar_resource_w_m2": 288.34326367097276, "solar_resource_pct": 0.14508723599632692, "solar_screening_pct": 0.14508723599632692, "resource_land_adj_oof": 286.56256103515625, "resource_opportunity_oof": 1.7807026358165103 }, "geometry": { "type": "Point", "coordinates": [ -75.66, 44.28 ] } },
{ "type": "Feature", "properties": { "latitude": 44.91, "longitude": -74.76, "frac_class_11": 0.020993394546987725, "frac_class_21": 0.046361144945188795, "frac_class_22": 0.019816359036821888, "frac_class_23": 0.0017684812142790217, "frac_class_24": 0.00066757237890002806, "frac_developed": 0.068613557575189735, "solar_resource_w_m2": 284.21276682486149, "solar_resource_pct": 0.05968778696051423, "solar_screening_pct": 0.05968778696051423, "resource_land_adj_oof": 282.90640258789062, "resource_opportunity_oof": 1.3063642369708646 }, "geometry": { "type": "Point", "coordinates": [ -74.76, 44.91 ] } },
{ "type": "Feature", "properties": { "latitude": 42.75, "longitude": -77.28, "frac_class_11": 0.14981729598051158, "frac_class_21": 0.060134217183547271, "frac_class_22": 0.037618289140822637, "frac_class_23": 0.0032968706080764546, "frac_class_24": 0.00040405696617633281, "frac_developed": 0.1014534338986227, "solar_resource_w_m2": 294.75463036738199, "solar_resource_pct": 0.42102846648301195, "solar_screening_pct": 0.42102846648301195, "resource_land_adj_oof": 294.87399291992188, "resource_opportunity_oof": -0.11936255253988293 }, "geometry": { "type": "Point", "coordinates": [ -77.28, 42.75 ] } },
{ "type": "Feature", "properties": { "latitude": 44.55, "longitude": -75.39, "frac_class_11": 0.0134971336889628, "frac_class_21": 0.035479016495195491, "frac_class_22": 0.015769102396692762, "frac_class_23": 0.0016337094573625254, "frac_class_24": 0.00052114746130919268, "frac_developed": 0.053402975810559972, "solar_resource_w_m2": 284.72066173891722, "solar_resource_pct": 0.073002754820936641, "solar_screening_pct": 0.073002754820936641, "resource_land_adj_oof": 286.67327880859375, "resource_opportunity_oof": -1.9526170696765348 }, "geometry": { "type": "Point", "coordinates": [ -75.39, 44.55 ] } },
{ "type": "Feature", "properties": { "latitude": 43.02, "longitude": -76.47, "frac_class_11": 0.0016630847880445285, "frac_class_21": 0.079945188473182757, "frac_class_22": 0.045096535044827163, "frac_class_23": 0.012262322345652263, "frac_class_24": 0.0023306610762032476, "frac_developed": 0.13963470693986543, "solar_resource_w_m2": 289.82028136172988, "solar_resource_pct": 0.16988062442607896, "solar_screening_pct": 0.16988062442607896, "resource_land_adj_oof": 291.86898803710938, "resource_opportunity_oof": -2.048706675379492 }, "geometry": { "type": "Point", "coordinates": [ -76.47, 43.02 ] } },
{ "type": "Feature", "properties": { "latitude": 42.84, "longitude": -77.64, "frac_class_11": 0.024330259112867809, "frac_class_21": 0.05648367735324257, "frac_class_22": 0.053327477675303762, "frac_class_23": 0.008678085199824331, "frac_class_24": 0.0015576050358659054, "frac_developed": 0.12004684526423656, "solar_resource_w_m2": 293.77176684500921, "solar_resource_pct": 0.35629017447199263, "solar_screening_pct": 0.35629017447199263, "resource_land_adj_oof": 295.0809326171875, "resource_opportunity_oof": -1.3091657721782894 }, "geometry": { "type": "Point", "coordinates": [ -77.64, 42.84 ] } },
{ "type": "Feature", "properties": { "latitude": 43.74, "longitude": -75.48, "frac_class_11": 0.0062248560904624431, "frac_class_21": 0.043579848565589371, "frac_class_22": 0.036136958545854879, "frac_class_23": 0.011255101981061914, "frac_class_24": 0.0035779746672366442, "frac_developed": 0.094549883759742798, "solar_resource_w_m2": 285.10245779070544, "solar_resource_pct": 0.07897153351698806, "solar_screening_pct": 0.07897153351698806, "resource_land_adj_oof": 287.27459716796875, "resource_opportunity_oof": -2.1721393772633064 }, "geometry": { "type": "Point", "coordinates": [ -75.48, 43.74 ] } },
{ "type": "Feature", "properties": { "latitude": 42.93, "longitude": -73.68, "frac_class_11": 0.032565030509586215, "frac_class_21": 0.068286427040511577, "frac_class_22": 0.064872398486818222, "frac_class_23": 0.026568520665706287, "frac_class_24": 0.0056568637785039174, "frac_developed": 0.16538420997153999, "solar_resource_w_m2": 298.38838261156064, "solar_resource_pct": 0.71074380165289253, "solar_screening_pct": 0.71074380165289253, "resource_land_adj_oof": 296.54360961914062, "resource_opportunity_oof": 1.8447729924200189 }, "geometry": { "type": "Point", "coordinates": [ -73.68, 42.93 ] } },
{ "type": "Feature", "properties": { "latitude": 44.91, "longitude": -73.59, "frac_class_11": 0.002260416361666618, "frac_class_21": 0.037279301964688316, "frac_class_22": 0.02068925131028021, "frac_class_23": 0.0035897285743565718, "frac_class_24": 0.00044505607120897138, "frac_developed": 0.062003337920534064, "solar_resource_w_m2": 288.67508194541745, "solar_resource_pct": 0.15059687786960516, "solar_screening_pct": 0.15059687786960516, "resource_land_adj_oof": 285.309814453125, "resource_opportunity_oof": 3.3652674922924461 }, "geometry": { "type": "Point", "coordinates": [ -73.59, 44.91 ] } },
{ "type": "Feature", "properties": { "latitude": 42.12, "longitude": -74.76, "frac_class_11": 0.045065408083197679, "frac_class_21": 0.044538395774532426, "frac_class_22": 0.0049129258552238634, "frac_class_23": 0.00031035169288064928, "frac_class_24": 1.1711384637005633e-05, "frac_developed": 0.049773384707273945, "solar_resource_w_m2": 301.30915520681771, "solar_resource_pct": 0.83287419651056016, "solar_screening_pct": 0.83287419651056016, "resource_land_adj_oof": 302.22921752929688, "resource_opportunity_oof": -0.92006232247916842 }, "geometry": { "type": "Point", "coordinates": [ -74.76, 42.12 ] } },
{ "type": "Feature", "properties": { "latitude": 42.3, "longitude": -75.39, "frac_class_11": 0.0084680748891712877, "frac_class_21": 0.061449176910148222, "frac_class_22": 0.04501080470136274, "frac_class_23": 0.014904046053209495, "frac_class_24": 0.0043511615785990785, "frac_developed": 0.12571518924331954, "solar_resource_w_m2": 295.08425776603531, "solar_resource_pct": 0.44260789715335169, "solar_screening_pct": 0.44260789715335169, "resource_land_adj_oof": 295.49380493164062, "resource_opportunity_oof": -0.40954716560531779 }, "geometry": { "type": "Point", "coordinates": [ -75.39, 42.3 ] } },
{ "type": "Feature", "properties": { "latitude": 42.84, "longitude": -77.82, "frac_class_11": 0.0093045861245139826, "frac_class_21": 0.047061648006745678, "frac_class_22": 0.05524195437297981, "frac_class_23": 0.014135475710872722, "frac_class_24": 0.0029453787417435704, "frac_developed": 0.11938445683234178, "solar_resource_w_m2": 293.52621375133015, "solar_resource_pct": 0.33792470156106519, "solar_screening_pct": 0.33792470156106519, "resource_land_adj_oof": 296.3232421875, "resource_opportunity_oof": -2.7970284361698532 }, "geometry": { "type": "Point", "coordinates": [ -77.82, 42.84 ] } },
{ "type": "Feature", "properties": { "latitude": 43.47, "longitude": -73.5, "frac_class_11": 0.014012917884184083, "frac_class_21": 0.022667783171615788, "frac_class_22": 0.015383173958107642, "frac_class_23": 0.005756246669516487, "frac_class_24": 0.0010130525674734, "frac_developed": 0.044820256366713315, "solar_resource_w_m2": 293.36009857771398, "solar_resource_pct": 0.32782369146005508, "solar_screening_pct": 0.32782369146005508, "resource_land_adj_oof": 293.4903564453125, "resource_opportunity_oof": -0.13025786759851599 }, "geometry": { "type": "Point", "coordinates": [ -73.5, 43.47 ] } },
{ "type": "Feature", "properties": { "latitude": 42.66, "longitude": -76.38, "frac_class_11": 0.0029163226225821753, "frac_class_21": 0.0582444674783179, "frac_class_22": 0.02040840228855197, "frac_class_23": 0.003701035938698664, "frac_class_24": 0.00054461446566293639, "frac_developed": 0.082898520171231477, "solar_resource_w_m2": 292.59589823294635, "solar_resource_pct": 0.28420569329660239, "solar_screening_pct": 0.28420569329660239, "resource_land_adj_oof": 292.75070190429688, "resource_opportunity_oof": -0.1548036713505212 }, "geometry": { "type": "Point", "coordinates": [ -76.38, 42.66 ] } },
{ "type": "Feature", "properties": { "latitude": 44.91, "longitude": -73.86, "frac_class_11": 0.005961374044013445, "frac_class_21": 0.029215417588981413, "frac_class_22": 0.015043978309499549, "frac_class_23": 0.0028987034889849266, "frac_class_24": 0.00041577363175339355, "frac_developed": 0.047573873019219282, "solar_resource_w_m2": 282.93331582345667, "solar_resource_pct": 0.040404040404040407, "solar_screening_pct": 0.040404040404040407, "resource_land_adj_oof": 283.99197387695312, "resource_opportunity_oof": -1.0586580534964583 }, "geometry": { "type": "Point", "coordinates": [ -73.86, 44.91 ] } },
{ "type": "Feature", "properties": { "latitude": 44.37, "longitude": -73.41, "frac_class_11": 0.24352006933789339, "frac_class_21": 0.033538692184260768, "frac_class_22": 0.017328617107251199, "frac_class_23": 0.0028578456060623808, "frac_class_24": 0.00064418650956324158, "frac_developed": 0.054369341407137589, "solar_resource_w_m2": 284.22526476413248, "solar_resource_pct": 0.06106519742883379, "solar_screening_pct": 0.06106519742883379, "resource_land_adj_oof": 290.06192016601562, "resource_opportunity_oof": -5.8366554018831494 }, "geometry": { "type": "Point", "coordinates": [ -73.41, 44.37 ] } },
{ "type": "Feature", "properties": { "latitude": 44.1, "longitude": -75.93, "frac_class_11": 0.02029044914212098, "frac_class_21": 0.042202963049715991, "frac_class_22": 0.02847689875270832, "frac_class_23": 0.0046612402646834927, "frac_class_24": 0.0004508988698249107, "frac_developed": 0.07579200093693271, "solar_resource_w_m2": 293.97858818056784, "solar_resource_pct": 0.36593204775022958, "solar_screening_pct": 0.36593204775022958, "resource_land_adj_oof": 297.04364013671875, "resource_opportunity_oof": -3.06505195615091 }, "geometry": { "type": "Point", "coordinates": [ -75.93, 44.1 ] } },
{ "type": "Feature", "properties": { "latitude": 42.84, "longitude": -75.12, "frac_class_11": 0.0019910519781687007, "frac_class_21": 0.049618186503010003, "frac_class_22": 0.0090065821835984168, "frac_class_23": 0.0015811295120751446, "frac_class_24": 6.4416387528987376e-05, "frac_developed": 0.060270314586212549, "solar_resource_w_m2": 292.57942821439696, "solar_resource_pct": 0.28053259871441688, "solar_screening_pct": 0.28053259871441688, "resource_land_adj_oof": 291.93316650390625, "resource_opportunity_oof": 0.64626171049070535 }, "geometry": { "type": "Point", "coordinates": [ -75.12, 42.84 ] } },
{ "type": "Feature", "properties": { "latitude": 42.48, "longitude": -78.99, "frac_class_11": 0.0069743337490996609, "frac_class_21": 0.058470799735314959, "frac_class_22": 0.036868518290790485, "frac_class_23": 0.0090297419320836923, "frac_class_24": 0.0011711727538370547, "frac_developed": 0.1055402327120262, "solar_resource_w_m2": 304.39437548069191, "solar_resource_pct": 0.90771349862258954, "solar_screening_pct": 0.90771349862258954, "resource_land_adj_oof": 306.29043579101562, "resource_opportunity_oof": -1.896060310323719 }, "geometry": { "type": "Point", "coordinates": [ -78.99, 42.48 ] } },
{ "type": "Feature", "properties": { "latitude": 44.55, "longitude": -73.59, "frac_class_11": 0.0012121779969197796, "frac_class_21": 0.04246722141865817, "frac_class_22": 0.022182271750396738, "frac_class_23": 0.0045442035053611064, "frac_class_24": 0.00065000849110191075, "frac_developed": 0.069843705165517939, "solar_resource_w_m2": 290.98578986840084, "solar_resource_pct": 0.20615243342516071, "solar_screening_pct": 0.20615243342516071, "resource_land_adj_oof": 286.69317626953125, "resource_opportunity_oof": 4.2926135988695933 }, "geometry": { "type": "Point", "coordinates": [ -73.59, 44.55 ] } },
{ "type": "Feature", "properties": { "latitude": 42.3, "longitude": -79.26, "frac_class_11": 0.0043627973436713083, "frac_class_21": 0.053155854346985866, "frac_class_22": 0.016578629905950971, "frac_class_23": 0.0021726145161101414, "frac_class_24": 9.9553764889143953e-05, "frac_developed": 0.072006652533936122, "solar_resource_w_m2": 300.78233798043777, "solar_resource_pct": 0.81221303948576673, "solar_screening_pct": 0.81221303948576673, "resource_land_adj_oof": 302.33099365234375, "resource_opportunity_oof": -1.5486556719059763 }, "geometry": { "type": "Point", "coordinates": [ -79.26, 42.3 ] } },
{ "type": "Feature", "properties": { "latitude": 42.84, "longitude": -75.57, "frac_class_11": 0.016197414035416472, "frac_class_21": 0.073889721727724164, "frac_class_22": 0.033507448702332993, "frac_class_23": 0.0077883444205003281, "frac_class_24": 0.0010950529373184672, "frac_developed": 0.11628056778787596, "solar_resource_w_m2": 291.83098330713818, "solar_resource_pct": 0.23461891643709826, "solar_screening_pct": 0.23461891643709826, "resource_land_adj_oof": 291.16351318359375, "resource_opportunity_oof": 0.66747012354443314 }, "geometry": { "type": "Point", "coordinates": [ -75.57, 42.84 ] } },
{ "type": "Feature", "properties": { "latitude": 43.38, "longitude": -73.5, "frac_class_11": 0.0056216621381054996, "frac_class_21": 0.043690855429588685, "frac_class_22": 0.025642977607045817, "frac_class_23": 0.0047491333270870423, "frac_class_24": 0.00052117492738686403, "frac_developed": 0.0746041412911084, "solar_resource_w_m2": 295.17737070017421, "solar_resource_pct": 0.45179063360881544, "solar_screening_pct": 0.45179063360881544, "resource_land_adj_oof": 293.98785400390625, "resource_opportunity_oof": 1.1895166962679582 }, "geometry": { "type": "Point", "coordinates": [ -73.5, 43.38 ] } },
{ "type": "Feature", "properties": { "latitude": 44.28, "longitude": -75.57, "frac_class_11": 0.024090318198320589, "frac_class_21": 0.039853841919730168, "frac_class_22": 0.015699111105906053, "frac_class_23": 0.0013995104641221731, "frac_class_24": 2.9278461592514083e-05, "frac_developed": 0.056981741951350903, "solar_resource_w_m2": 286.94813517188999, "solar_resource_pct": 0.1111111111111111, "solar_screening_pct": 0.1111111111111111, "resource_land_adj_oof": 284.62533569335938, "resource_opportunity_oof": 2.3227994785306123 }, "geometry": { "type": "Point", "coordinates": [ -75.57, 44.28 ] } },
{ "type": "Feature", "properties": { "latitude": 42.39, "longitude": -75.75, "frac_class_11": 0.0037242203145677914, "frac_class_21": 0.052923747174628458, "frac_class_22": 0.017373839108997858, "frac_class_23": 0.0024066895429046575, "frac_class_24": 0.00020494923114759857, "frac_developed": 0.072909225057678564, "solar_resource_w_m2": 294.03393265004712, "solar_resource_pct": 0.3673094582185491, "solar_screening_pct": 0.3673094582185491, "resource_land_adj_oof": 294.433349609375, "resource_opportunity_oof": -0.39941695932787979 }, "geometry": { "type": "Point", "coordinates": [ -75.75, 42.39 ] } },
{ "type": "Feature", "properties": { "latitude": 44.91, "longitude": -74.58, "frac_class_11": 0.001446364472135525, "frac_class_21": 0.03850140244652258, "frac_class_22": 0.014065455312022392, "frac_class_23": 0.0015224889180373946, "frac_class_24": 0.00015224889180373945, "frac_developed": 0.054241595568386106, "solar_resource_w_m2": 280.80731943173316, "solar_resource_pct": 0.017447199265381085, "solar_screening_pct": 0.017447199265381085, "resource_land_adj_oof": 284.45083618164062, "resource_opportunity_oof": -3.6435167499074623 }, "geometry": { "type": "Point", "coordinates": [ -74.58, 44.91 ] } },
{ "type": "Feature", "properties": { "latitude": 44.82, "longitude": -73.41, "frac_class_11": 0.28955582232893157, "frac_class_21": 0.036488741838198696, "frac_class_22": 0.034333733493397356, "frac_class_23": 0.0055690568910491027, "frac_class_24": 0.001130208180833309, "frac_developed": 0.077521740403478465, "solar_resource_w_m2": 294.3406167439515, "solar_resource_pct": 0.38521579430670339, "solar_screening_pct": 0.38521579430670339, "resource_land_adj_oof": 285.26263427734375, "resource_opportunity_oof": 9.0779824666077502 }, "geometry": { "type": "Point", "coordinates": [ -73.41, 44.82 ] } },
{ "type": "Feature", "properties": { "latitude": 42.93, "longitude": -76.74, "frac_class_11": 0.13216761922608453, "frac_class_21": 0.066985617914363346, "frac_class_22": 0.05345263749648646, "frac_class_23": 0.01175278740747681, "frac_class_24": 0.0033729972828633, "frac_developed": 0.13556404010118991, "solar_resource_w_m2": 290.79326631496303, "solar_resource_pct": 0.19696969696969696, "solar_screening_pct": 0.19696969696969696, "resource_land_adj_oof": 293.0201416015625, "resource_opportunity_oof": -2.2268752865994657 }, "geometry": { "type": "Point", "coordinates": [ -76.74, 42.93 ] } },
{ "type": "Feature", "properties": { "latitude": 42.39, "longitude": -78.18, "frac_class_11": 0.019769627621261721, "frac_class_21": 0.05786832350512687, "frac_class_22": 0.01898493268605761, "frac_class_23": 0.0028342712584984216, "frac_class_24": 0.00026351695585212601, "frac_developed": 0.079951044405535021, "solar_resource_w_m2": 296.57134145532007, "solar_resource_pct": 0.55463728191000916, "solar_screening_pct": 0.55463728191000916, "resource_land_adj_oof": 296.3184814453125, "resource_opportunity_oof": 0.25286001000756642 }, "geometry": { "type": "Point", "coordinates": [ -78.18, 42.39 ] } },
{ "type": "Feature", "properties": { "latitude": 41.94, "longitude": -75.12, "frac_class_11": 0.0095974797100261168, "frac_class_21": 0.041745230538606577, "frac_class_22": 0.011190228020658883, "frac_class_23": 0.0041692529307740056, "frac_class_24": 0.00026350615433262675, "frac_developed": 0.05736821764437209, "solar_resource_w_m2": 300.50471302803703, "solar_resource_pct": 0.80027548209366395, "solar_screening_pct": 0.80027548209366395, "resource_land_adj_oof": 301.08587646484375, "resource_opportunity_oof": -0.58116343680671889 }, "geometry": { "type": "Point", "coordinates": [ -75.12, 41.94 ] } },
{ "type": "Feature", "properties": { "latitude": 43.02, "longitude": -74.13, "frac_class_11": 0.015804328477069376, "frac_class_21": 0.062075467278774533, "frac_class_22": 0.042090223450601962, "frac_class_23": 0.009287019253290861, "frac_class_24": 0.0016395746474914508, "frac_developed": 0.1150922846301588, "solar_resource_w_m2": 298.48170639822592, "solar_resource_pct": 0.72084481175390269, "solar_screening_pct": 0.72084481175390269, "resource_land_adj_oof": 296.352783203125, "resource_opportunity_oof": 2.1289231951009242 }, "geometry": { "type": "Point", "coordinates": [ -74.13, 43.02 ] } },
{ "type": "Feature", "properties": { "latitude": 44.19, "longitude": -76.02, "frac_class_11": 0.0011008508171475081, "frac_class_21": 0.045257850881558995, "frac_class_22": 0.024974089016670864, "frac_class_23": 0.0054749761384729791, "frac_class_24": 0.0009486054913717889, "frac_developed": 0.07665552152807463, "solar_resource_w_m2": 295.60854695558999, "solar_resource_pct": 0.48760330578512395, "solar_screening_pct": 0.48760330578512395, "resource_land_adj_oof": 293.00103759765625, "resource_opportunity_oof": 2.6075093579337363 }, "geometry": { "type": "Point", "coordinates": [ -76.02, 44.19 ] } },
{ "type": "Feature", "properties": { "latitude": 42.66, "longitude": -78.18, "frac_class_11": 0.0026350924039069638, "frac_class_21": 0.041230412479797626, "frac_class_22": 0.027838287307052678, "frac_class_23": 0.0037769657789333147, "frac_class_24": 0.0010130466352797883, "frac_developed": 0.073858712201063409, "solar_resource_w_m2": 296.19327653024817, "solar_resource_pct": 0.52617079889807161, "solar_screening_pct": 0.52617079889807161, "resource_land_adj_oof": 296.46673583984375, "resource_opportunity_oof": -0.27345930959558018 }, "geometry": { "type": "Point", "coordinates": [ -78.18, 42.66 ] } },
{ "type": "Feature", "properties": { "latitude": 42.3, "longitude": -74.22, "frac_class_11": 0.0028225428651738032, "frac_class_21": 0.061814859926918389, "frac_class_22": 0.018422655298416565, "frac_class_23": 0.0043684999531528159, "frac_class_24": 0.00032207439332896092, "frac_developed": 0.084928089571816731, "solar_resource_w_m2": 306.13429150556016, "solar_resource_pct": 0.94582185491276405, "solar_screening_pct": 0.94582185491276405, "resource_land_adj_oof": 301.87997436523438, "resource_opportunity_oof": 4.2543171403257816 }, "geometry": { "type": "Point", "coordinates": [ -74.22, 42.3 ] } },
{ "type": "Feature", "properties": { "latitude": 42.21, "longitude": -75.66, "frac_class_11": 0.0067691010446432756, "frac_class_21": 0.059651239049983602, "frac_class_22": 0.028118705204478379, "frac_class_23": 0.0076591558532814914, "frac_class_24": 0.00028106993956996301, "frac_developed": 0.095710170047313428, "solar_resource_w_m2": 295.57904115735124, "solar_resource_pct": 0.48484848484848486, "solar_screening_pct": 0.48484848484848486, "resource_land_adj_oof": 295.59884643554688, "resource_opportunity_oof": -0.019805278195633491 }, "geometry": { "type": "Point", "coordinates": [ -75.66, 42.21 ] } },
{ "type": "Feature", "properties": { "latitude": 43.38, "longitude": -76.2, "frac_class_11": 0.0022251370215955403, "frac_class_21": 0.069594088162271042, "frac_class_22": 0.025120625849065444, "frac_class_23": 0.0034021173935447602, "frac_class_24": 0.00029863681079308568, "frac_developed": 0.098415468215674345, "solar_resource_w_m2": 292.3665910442715, "solar_resource_pct": 0.26629935720844811, "solar_screening_pct": 0.26629935720844811, "resource_land_adj_oof": 290.74896240234375, "resource_opportunity_oof": 1.6176286419277517 }, "geometry": { "type": "Point", "coordinates": [ -76.2, 43.38 ] } },
{ "type": "Feature", "properties": { "latitude": 42.75, "longitude": -78.27, "frac_class_11": 0.006295164142745043, "frac_class_21": 0.047972078751039433, "frac_class_22": 0.018504854596348218, "frac_class_23": 0.0020613002588337256, "frac_class_24": 0.00031036623215394165, "frac_developed": 0.06884859983837531, "solar_resource_w_m2": 294.96561305011471, "solar_resource_pct": 0.43342516069788795, "solar_screening_pct": 0.43342516069788795, "resource_land_adj_oof": 295.70028686523438, "resource_opportunity_oof": -0.73467381511966323 }, "geometry": { "type": "Point", "coordinates": [ -78.27, 42.75 ] } },
{ "type": "Feature", "properties": { "latitude": 42.48, "longitude": -75.75, "frac_class_11": 0.0083153265522430894, "frac_class_21": 0.044410870825501117, "frac_class_22": 0.0062189273228747607, "frac_class_23": 0.00024009041453659623, "frac_class_24": 1.1711727538370547e-05, "frac_developed": 0.050881600290450843, "solar_resource_w_m2": 292.22895998369978, "solar_resource_pct": 0.26033057851239672, "solar_screening_pct": 0.26033057851239672, "resource_land_adj_oof": 293.80911254882812, "resource_opportunity_oof": -1.5801525651283441 }, "geometry": { "type": "Point", "coordinates": [ -75.75, 42.48 ] } },
{ "type": "Feature", "properties": { "latitude": 41.67, "longitude": -74.22, "frac_class_11": 0.0092178852742233024, "frac_class_21": 0.062727299347017651, "frac_class_22": 0.023302392316476822, "frac_class_23": 0.0063189950513894179, "frac_class_24": 0.0016514889754326374, "frac_developed": 0.094000175690316531, "solar_resource_w_m2": 307.55271994640862, "solar_resource_pct": 0.97382920110192839, "solar_screening_pct": 0.97382920110192839, "resource_land_adj_oof": 307.49688720703125, "resource_opportunity_oof": 0.055832739377365215 }, "geometry": { "type": "Point", "coordinates": [ -74.22, 41.67 ] } },
{ "type": "Feature", "properties": { "latitude": 42.21, "longitude": -75.39, "frac_class_11": 0.0026175097937027516, "frac_class_21": 0.044210735889162807, "frac_class_22": 0.0099371680534979176, "frac_class_23": 0.001007184976547815, "frac_class_24": 0.00012882598537239493, "frac_developed": 0.055283914904580934, "solar_resource_w_m2": 295.78603525478832, "solar_resource_pct": 0.50045913682277321, "solar_screening_pct": 0.50045913682277321, "resource_land_adj_oof": 295.894287109375, "resource_opportunity_oof": -0.10825185458668329 }, "geometry": { "type": "Point", "coordinates": [ -75.39, 42.21 ] } },
{ "type": "Feature", "properties": { "latitude": 44.46, "longitude": -75.57, "frac_class_11": 0.14937837093950024, "frac_class_21": 0.028935178407247557, "frac_class_22": 0.010306803075643736, "frac_class_23": 0.00054462084433799286, "frac_class_24": 1.1712276222322427e-05, "frac_developed": 0.039798314603451602, "solar_resource_w_m2": 286.48152743930132, "solar_resource_pct": 0.095959595959595953, "solar_screening_pct": 0.095959595959595953, "resource_land_adj_oof": 285.727783203125, "resource_opportunity_oof": 0.75374423617631692 }, "geometry": { "type": "Point", "coordinates": [ -75.57, 44.46 ] } },
{ "type": "Feature", "properties": { "latitude": 43.11, "longitude": -74.22, "frac_class_11": 0.32914068218416043, "frac_class_21": 0.059054311228224271, "frac_class_22": 0.042178304787000437, "frac_class_23": 0.0081159420289855077, "frac_class_24": 0.0013819352949787733, "frac_developed": 0.110730493339189, "solar_resource_w_m2": 295.88277344954702, "solar_resource_pct": 0.50596877869605139, "solar_screening_pct": 0.50596877869605139, "resource_land_adj_oof": 293.47003173828125, "resource_opportunity_oof": 2.4127417112657668 }, "geometry": { "type": "Point", "coordinates": [ -74.22, 43.11 ] } },
{ "type": "Feature", "properties": { "latitude": 41.67, "longitude": -74.58, "frac_class_11": 0.029267435732271477, "frac_class_21": 0.092662645663758272, "frac_class_22": 0.050149323651695263, "frac_class_23": 0.021309363471335715, "frac_class_24": 0.0035837676406863033, "frac_developed": 0.16770510042747555, "solar_resource_w_m2": 306.43643715790466, "solar_resource_pct": 0.94903581267217629, "solar_screening_pct": 0.94903581267217629, "resource_land_adj_oof": 306.406005859375, "resource_opportunity_oof": 0.030431298529663309 }, "geometry": { "type": "Point", "coordinates": [ -74.58, 41.67 ] } },
{ "type": "Feature", "properties": { "latitude": 42.66, "longitude": -77.28, "frac_class_11": 0.023381505597976297, "frac_class_21": 0.052642057431957649, "frac_class_22": 0.012285098608703799, "frac_class_23": 0.00069096360144282572, "frac_class_24": 5.8556237410408959e-05, "frac_developed": 0.065676675879514687, "solar_resource_w_m2": 294.12058017566375, "solar_resource_pct": 0.36914600550964188, "solar_screening_pct": 0.36914600550964188, "resource_land_adj_oof": 295.00738525390625, "resource_opportunity_oof": -0.88680507824250299 }, "geometry": { "type": "Point", "coordinates": [ -77.28, 42.66 ] } },
{ "type": "Feature", "properties": { "latitude": 42.75, "longitude": -76.11, "frac_class_11": 0.021366920797760834, "frac_class_21": 0.048009696799353546, "frac_class_22": 0.02634999824333345, "frac_class_23": 0.0065874995608333625, "frac_class_24": 0.0015458665636088958, "frac_developed": 0.082493061167129261, "solar_resource_w_m2": 291.28967101355681, "solar_resource_pct": 0.21717171717171718, "solar_screening_pct": 0.21717171717171718, "resource_land_adj_oof": 291.89785766601562, "resource_opportunity_oof": -0.6081866524588122 }, "geometry": { "type": "Point", "coordinates": [ -76.11, 42.75 ] } },
{ "type": "Feature", "properties": { "latitude": 42.21, "longitude": -78.09, "frac_class_11": 0.00097203354101278868, "frac_class_21": 0.054826205087365909, "frac_class_22": 0.030525366562046189, "frac_class_23": 0.0048016114676535347, "frac_class_24": 0.00068510797770178478, "frac_developed": 0.090838291094767418, "solar_resource_w_m2": 297.84503451776789, "solar_resource_pct": 0.67539026629935717, "solar_screening_pct": 0.67539026629935717, "resource_land_adj_oof": 297.47775268554688, "resource_opportunity_oof": 0.36728183222101052 }, "geometry": { "type": "Point", "coordinates": [ -78.09, 42.21 ] } },
{ "type": "Feature", "properties": { "latitude": 42.84, "longitude": -74.58, "frac_class_11": 0.0014698906659014646, "frac_class_21": 0.056330192491259715, "frac_class_22": 0.018370705254712728, "frac_class_23": 0.0039821739155896253, "frac_class_24": 0.0019676624053501677, "frac_developed": 0.080650734066912227, "solar_resource_w_m2": 296.91630192359958, "solar_resource_pct": 0.59917355371900827, "solar_screening_pct": 0.59917355371900827, "resource_land_adj_oof": 295.80413818359375, "resource_opportunity_oof": 1.1121637400058262 }, "geometry": { "type": "Point", "coordinates": [ -74.58, 42.84 ] } },
{ "type": "Feature", "properties": { "latitude": 43.02, "longitude": -76.56, "frac_class_11": 0.0070801539011120934, "frac_class_21": 0.078859679431245208, "frac_class_22": 0.050995847949449225, "frac_class_23": 0.015343261555759873, "frac_class_24": 0.0033263254059815294, "frac_developed": 0.14852511434243584, "solar_resource_w_m2": 289.82037558448701, "solar_resource_pct": 0.17079889807162535, "solar_screening_pct": 0.17079889807162535, "resource_land_adj_oof": 290.64605712890625, "resource_opportunity_oof": -0.8256815444192398 }, "geometry": { "type": "Point", "coordinates": [ -76.56, 43.02 ] } },
{ "type": "Feature", "properties": { "latitude": 43.11, "longitude": -76.38, "frac_class_11": 0.026029924164787867, "frac_class_21": 0.090791438526630158, "frac_class_22": 0.071513483442157355, "frac_class_23": 0.021596931455509033, "frac_class_24": 0.0039996486399437826, "frac_developed": 0.18790150206424033, "solar_resource_w_m2": 289.66741176256056, "solar_resource_pct": 0.16437098255280075, "solar_screening_pct": 0.16437098255280075, "resource_land_adj_oof": 293.12124633789062, "resource_opportunity_oof": -3.4538345753300632 }, "geometry": { "type": "Point", "coordinates": [ -76.38, 43.11 ] } },
{ "type": "Feature", "properties": { "latitude": 41.49, "longitude": -74.58, "frac_class_11": 0.0062772654077001902, "frac_class_21": 0.061976284584980237, "frac_class_22": 0.021595666813058117, "frac_class_23": 0.0059610598741033525, "frac_class_24": 0.00091933831064265842, "frac_developed": 0.090452349582784364, "solar_resource_w_m2": 306.84889860578193, "solar_resource_pct": 0.95775941230486683, "solar_screening_pct": 0.95775941230486683, "resource_land_adj_oof": 307.674560546875, "resource_opportunity_oof": -0.82566194109307389 }, "geometry": { "type": "Point", "coordinates": [ -74.58, 41.49 ] } },
{ "type": "Feature", "properties": { "latitude": 42.3, "longitude": -76.92, "frac_class_11": 0.0011009088353789937, "frac_class_21": 0.053165698491520662, "frac_class_22": 0.029800665230019677, "frac_class_23": 0.0037360629626159467, "frac_class_24": 0.00065000468471844842, "frac_developed": 0.087352431368874731, "solar_resource_w_m2": 296.91574918908623, "solar_resource_pct": 0.59733700642791554, "solar_screening_pct": 0.59733700642791554, "resource_land_adj_oof": 295.21856689453125, "resource_opportunity_oof": 1.6971822945549775 }, "geometry": { "type": "Point", "coordinates": [ -76.92, 42.3 ] } },
{ "type": "Feature", "properties": { "latitude": 42.39, "longitude": -77.46, "frac_class_11": 0.0031972641724883032, "frac_class_21": 0.054376914113051983, "frac_class_22": 0.043286038027533946, "frac_class_23": 0.0077764960092755794, "frac_class_24": 0.00072026280808802428, "frac_developed": 0.10615971095794953, "solar_resource_w_m2": 298.11169708341015, "solar_resource_pct": 0.69421487603305787, "solar_screening_pct": 0.69421487603305787, "resource_land_adj_oof": 295.95816040039062, "resource_opportunity_oof": 2.1535366830195244 }, "geometry": { "type": "Point", "coordinates": [ -77.46, 42.39 ] } },
{ "type": "Feature", "properties": { "latitude": 42.21, "longitude": -75.75, "frac_class_11": 0.004011172726367751, "frac_class_21": 0.061918453151259274, "frac_class_22": 0.029061971154690731, "frac_class_23": 0.0068043543183055871, "frac_class_24": 8.7835899117542004e-05, "frac_developed": 0.097872614523373133, "solar_resource_w_m2": 295.03044693470088, "solar_resource_pct": 0.43847566574839303, "solar_screening_pct": 0.43847566574839303, "resource_land_adj_oof": 295.76351928710938, "resource_opportunity_oof": -0.73307235240849877 }, "geometry": { "type": "Point", "coordinates": [ -75.75, 42.21 ] } },
{ "type": "Feature", "properties": { "latitude": 42.75, "longitude": -78.36, "frac_class_11": 0.0013235414690139031, "frac_class_21": 0.046646052215467866, "frac_class_22": 0.024503086311301638, "frac_class_23": 0.0030570294107312274, "frac_class_24": 0.00038066458179603405, "frac_developed": 0.074586832519296764, "solar_resource_w_m2": 294.81544816552139, "solar_resource_pct": 0.42561983471074383, "solar_screening_pct": 0.42561983471074383, "resource_land_adj_oof": 295.65289306640625, "resource_opportunity_oof": -0.83744490088486145 }, "geometry": { "type": "Point", "coordinates": [ -78.36, 42.75 ] } },
{ "type": "Feature", "properties": { "latitude": 42.39, "longitude": -77.73, "frac_class_11": 0.0040462833920854461, "frac_class_21": 0.052420157635237212, "frac_class_22": 0.037892184993031729, "frac_class_23": 0.010932577558644758, "frac_class_24": 0.002207596004075562, "frac_developed": 0.10345251619098926, "solar_resource_w_m2": 297.10090942276395, "solar_resource_pct": 0.61707988980716255, "solar_screening_pct": 0.61707988980716255, "resource_land_adj_oof": 296.677001953125, "resource_opportunity_oof": 0.42390746963894799 }, "geometry": { "type": "Point", "coordinates": [ -77.73, 42.39 ] } },
{ "type": "Feature", "properties": { "latitude": 42.39, "longitude": -76.11, "frac_class_11": 0.002951217084267788, "frac_class_21": 0.040983270580933033, "frac_class_22": 0.015605145892011219, "frac_class_23": 0.0010715728698829467, "frac_class_24": 6.4411483982035049e-05, "frac_developed": 0.057724400826809241, "solar_resource_w_m2": 293.40946501261851, "solar_resource_pct": 0.32966023875114786, "solar_screening_pct": 0.32966023875114786, "resource_land_adj_oof": 294.64248657226562, "resource_opportunity_oof": -1.2330215596471135 }, "geometry": { "type": "Point", "coordinates": [ -76.11, 42.39 ] } },
{ "type": "Feature", "properties": { "latitude": 42.57, "longitude": -77.28, "frac_class_11": 0.0015927576373314283, "frac_class_21": 0.054604650618071945, "frac_class_22": 0.017549612643684893, "frac_class_23": 0.001797708068605693, "frac_class_24": 0.00033963214325449575, "frac_developed": 0.074291603473617032, "solar_resource_w_m2": 295.53139297224271, "solar_resource_pct": 0.48209366391184572, "solar_screening_pct": 0.48209366391184572, "resource_land_adj_oof": 295.8427734375, "resource_opportunity_oof": -0.31138046525728669 }, "geometry": { "type": "Point", "coordinates": [ -77.28, 42.57 ] } },
{ "type": "Feature", "properties": { "latitude": 42.93, "longitude": -78.18, "frac_class_11": 0.0065290969351306403, "frac_class_21": 0.045996463161839626, "frac_class_22": 0.043888413927178613, "frac_class_23": 0.010171337557239393, "frac_class_24": 0.0032674763137245716, "frac_developed": 0.1033236909599822, "solar_resource_w_m2": 295.50550420445165, "solar_resource_pct": 0.47612488521579432, "solar_screening_pct": 0.47612488521579432, "resource_land_adj_oof": 294.54473876953125, "resource_opportunity_oof": 0.960765434920404 }, "geometry": { "type": "Point", "coordinates": [ -78.18, 42.93 ] } },
{ "type": "Feature", "properties": { "latitude": 44.19, "longitude": -75.57, "frac_class_11": 0.0050710889372965126, "frac_class_21": 0.027826575785257535, "frac_class_22": 0.015652448879207363, "frac_class_23": 0.0013761038109291921, "frac_class_24": 0.00014639402243927575, "frac_developed": 0.045001522497833367, "solar_resource_w_m2": 286.40879055215021, "solar_resource_pct": 0.093204775022956834, "solar_screening_pct": 0.093204775022956834, "resource_land_adj_oof": 284.06927490234375, "resource_opportunity_oof": 2.339515649806458 }, "geometry": { "type": "Point", "coordinates": [ -75.57, 44.19 ] } },
{ "type": "Feature", "properties": { "latitude": 42.66, "longitude": -75.57, "frac_class_11": 0.0032910725265716044, "frac_class_21": 0.05536263285802126, "frac_class_22": 0.027101572336251573, "frac_class_23": 0.0068105290896846547, "frac_class_24": 0.0015167042426726788, "frac_developed": 0.090791438526630172, "solar_resource_w_m2": 292.84221153136269, "solar_resource_pct": 0.2975206611570248, "solar_screening_pct": 0.2975206611570248, "resource_land_adj_oof": 292.83633422851562, "resource_opportunity_oof": 0.005877302847068222 }, "geometry": { "type": "Point", "coordinates": [ -75.57, 42.66 ] } },
{ "type": "Feature", "properties": { "latitude": 42.3, "longitude": -74.85, "frac_class_11": 0.0010482057528342548, "frac_class_21": 0.06066124800899466, "frac_class_22": 0.015523985758455917, "frac_class_23": 0.0042455260938817577, "frac_class_24": 0.00093108779162372343, "frac_developed": 0.081361847652956065, "solar_resource_w_m2": 299.31308760756281, "solar_resource_pct": 0.76492194674012859, "solar_screening_pct": 0.76492194674012859, "resource_land_adj_oof": 300.69802856445312, "resource_opportunity_oof": -1.3849409568903184 }, "geometry": { "type": "Point", "coordinates": [ -74.85, 42.3 ] } },
{ "type": "Feature", "properties": { "latitude": 41.85, "longitude": -73.95, "frac_class_11": 0.11300126487398107, "frac_class_21": 0.090151550641806424, "frac_class_22": 0.040956151035322776, "frac_class_23": 0.010763140635247822, "frac_class_24": 0.0014288391267684812, "frac_developed": 0.14329968143914551, "solar_resource_w_m2": 303.99267499221241, "solar_resource_pct": 0.89715335169880628, "solar_screening_pct": 0.89715335169880628, "resource_land_adj_oof": 306.47244262695312, "resource_opportunity_oof": -2.4797676347407105 }, "geometry": { "type": "Point", "coordinates": [ -73.95, 41.85 ] } },
{ "type": "Feature", "properties": { "latitude": 42.93, "longitude": -77.19, "frac_class_11": 0.0011185616819419637, "frac_class_21": 0.059670287839301922, "frac_class_22": 0.077040203800767176, "frac_class_23": 0.014746273901203479, "frac_class_24": 0.0028696085034113205, "frac_developed": 0.15432637404468388, "solar_resource_w_m2": 293.78881546280701, "solar_resource_pct": 0.35720844811753905, "solar_screening_pct": 0.35720844811753905, "resource_land_adj_oof": 294.54861450195312, "resource_opportunity_oof": -0.75979903914611668 }, "geometry": { "type": "Point", "coordinates": [ -77.19, 42.93 ] } },
{ "type": "Feature", "properties": { "latitude": 43.29, "longitude": -75.48, "frac_class_11": 0.062729460537179191, "frac_class_21": 0.085723821736610042, "frac_class_22": 0.055761472294927422, "frac_class_23": 0.011312733852126408, "frac_class_24": 0.0033961623365596876, "frac_developed": 0.15619419022022357, "solar_resource_w_m2": 286.46765277646961, "solar_resource_pct": 0.094582185491276394, "solar_screening_pct": 0.094582185491276394, "resource_land_adj_oof": 290.3551025390625, "resource_opportunity_oof": -3.8874497625928939 }, "geometry": { "type": "Point", "coordinates": [ -75.48, 43.29 ] } },
{ "type": "Feature", "properties": { "latitude": 42.3, "longitude": -76.02, "frac_class_11": 0.011658342067818643, "frac_class_21": 0.064627383928937396, "frac_class_22": 0.029611369079336453, "frac_class_23": 0.0069095146358744341, "frac_class_24": 0.00086076156904537444, "frac_developed": 0.10200902921319364, "solar_resource_w_m2": 294.474326117825, "solar_resource_pct": 0.40036730945821852, "solar_screening_pct": 0.40036730945821852, "resource_land_adj_oof": 295.03192138671875, "resource_opportunity_oof": -0.55759526889374911 }, "geometry": { "type": "Point", "coordinates": [ -76.02, 42.3 ] } },
{ "type": "Feature", "properties": { "latitude": 43.11, "longitude": -73.59, "frac_class_11": 0.02712152269399707, "frac_class_21": 0.066354319180087842, "frac_class_22": 0.0494407027818448, "frac_class_23": 0.012538799414348463, "frac_class_24": 0.0036310395314787702, "frac_developed": 0.13196486090775988, "solar_resource_w_m2": 297.80516986498344, "solar_resource_pct": 0.67401285583103765, "solar_screening_pct": 0.67401285583103765, "resource_land_adj_oof": 295.5850830078125, "resource_opportunity_oof": 2.2200868571709407 }, "geometry": { "type": "Point", "coordinates": [ -73.59, 43.11 ] } },
{ "type": "Feature", "properties": { "latitude": 43.56, "longitude": -75.3, "frac_class_11": 0.012326881972301116, "frac_class_21": 0.042514566802330692, "frac_class_22": 0.025397476063596169, "frac_class_23": 0.0036658565865370541, "frac_class_24": 0.00027523204403712706, "frac_developed": 0.071853131496501035, "solar_resource_w_m2": 279.65676085511427, "solar_resource_pct": 0.0027548209366391185, "solar_screening_pct": 0.0027548209366391185, "resource_land_adj_oof": 285.83123779296875, "resource_opportunity_oof": -6.1744769378544788 }, "geometry": { "type": "Point", "coordinates": [ -75.3, 43.56 ] } },
{ "type": "Feature", "properties": { "latitude": 42.12, "longitude": -75.39, "frac_class_11": 0.05630899679104303, "frac_class_21": 0.036159323542501114, "frac_class_22": 0.0099665050476658943, "frac_class_23": 0.001721593703885883, "frac_class_24": 0.00013468250064413369, "frac_developed": 0.047982104794697021, "solar_resource_w_m2": 296.59048060895941, "solar_resource_pct": 0.55831037649219473, "solar_screening_pct": 0.55831037649219473, "resource_land_adj_oof": 296.16339111328125, "resource_opportunity_oof": 0.42708949567816035 }, "geometry": { "type": "Point", "coordinates": [ -75.39, 42.12 ] } },
{ "type": "Feature", "properties": { "latitude": 42.03, "longitude": -73.77, "frac_class_11": 0.0056393949508968567, "frac_class_21": 0.072211193291286752, "frac_class_22": 0.019014657742016713, "frac_class_23": 0.0018915104560121338, "frac_class_24": 8.1984973325603322e-05, "frac_developed": 0.093199346462641205, "solar_resource_w_m2": 304.07125118956372, "solar_resource_pct": 0.90082644628099173, "solar_screening_pct": 0.90082644628099173, "resource_land_adj_oof": 304.1153564453125, "resource_opportunity_oof": -0.044105255748775107 }, "geometry": { "type": "Point", "coordinates": [ -73.77, 42.03 ] } },
{ "type": "Feature", "properties": { "latitude": 42.3, "longitude": -73.68, "frac_class_11": 0.007770685717631903, "frac_class_21": 0.07498389646893483, "frac_class_22": 0.03554488493295075, "frac_class_23": 0.0088657258300638281, "frac_class_24": 0.00187386543303859, "frac_developed": 0.12126837266498799, "solar_resource_w_m2": 300.97912004999051, "solar_resource_pct": 0.82001836547291096, "solar_screening_pct": 0.82001836547291096, "resource_land_adj_oof": 303.85308837890625, "resource_opportunity_oof": -2.8739683289157369 }, "geometry": { "type": "Point", "coordinates": [ -73.68, 42.3 ] } },
{ "type": "Feature", "properties": { "latitude": 41.76, "longitude": -74.76, "frac_class_11": 0.012256394640682094, "frac_class_21": 0.1029759673943596, "frac_class_22": 0.043644008245104469, "frac_class_23": 0.018756441487866579, "frac_class_24": 0.0031856085449264498, "frac_developed": 0.16856202567225709, "solar_resource_w_m2": 305.44143236716076, "solar_resource_pct": 0.93112947658402201, "solar_screening_pct": 0.93112947658402201, "resource_land_adj_oof": 303.62332153320312, "resource_opportunity_oof": 1.8181108339576326 }, "geometry": { "type": "Point", "coordinates": [ -74.76, 41.76 ] } },
{ "type": "Feature", "properties": { "latitude": 43.38, "longitude": -73.41, "frac_class_11": 0.0048018645288609623, "frac_class_21": 0.047058272382837434, "frac_class_22": 0.01755608519210386, "frac_class_23": 0.0023775085350214034, "frac_class_24": 0.00018738983527262292, "frac_developed": 0.067179255945235328, "solar_resource_w_m2": 294.03533535212841, "solar_resource_pct": 0.36822773186409552, "solar_screening_pct": 0.36822773186409552, "resource_land_adj_oof": 294.07382202148438, "resource_opportunity_oof": -0.038486669355961567 }, "geometry": { "type": "Point", "coordinates": [ -73.41, 43.38 ] } },
{ "type": "Feature", "properties": { "latitude": 42.75, "longitude": -76.83, "frac_class_11": 0.075459432868336909, "frac_class_21": 0.065040936083488529, "frac_class_22": 0.061901917378216618, "frac_class_23": 0.013709781322838704, "frac_class_24": 0.0040291881888564838, "frac_developed": 0.14468182297340032, "solar_resource_w_m2": 292.54634603411404, "solar_resource_pct": 0.27823691460055094, "solar_screening_pct": 0.27823691460055094, "resource_land_adj_oof": 293.28970336914062, "resource_opportunity_oof": -0.74335733502658741 }, "geometry": { "type": "Point", "coordinates": [ -76.83, 42.75 ] } },
{ "type": "Feature", "properties": { "latitude": 42.57, "longitude": -77.37, "frac_class_11": 0.00063244439759671132, "frac_class_21": 0.053552814963165968, "frac_class_22": 0.019389105559654733, "frac_class_23": 0.0023131068245435273, "frac_class_24": 0.00024009463242097374, "frac_developed": 0.075495121979785196, "solar_resource_w_m2": 295.52002694948504, "solar_resource_pct": 0.4807162534435262, "solar_screening_pct": 0.4807162534435262, "resource_land_adj_oof": 295.54058837890625, "resource_opportunity_oof": -0.020561429421206867 }, "geometry": { "type": "Point", "coordinates": [ -77.37, 42.57 ] } },
{ "type": "Feature", "properties": { "latitude": 42.21, "longitude": -76.29, "frac_class_11": 0.0015929255365875084, "frac_class_21": 0.051213727270065297, "frac_class_22": 0.019425492664929284, "frac_class_23": 0.0038710433076630259, "frac_class_24": 0.00033966794530174811, "frac_developed": 0.074849931187959351, "solar_resource_w_m2": 295.17593315953729, "solar_resource_pct": 0.45041322314049587, "solar_screening_pct": 0.45041322314049587, "resource_land_adj_oof": 296.260009765625, "resource_opportunity_oof": -1.0840766060877058 }, "geometry": { "type": "Point", "coordinates": [ -76.29, 42.21 ] } },
{ "type": "Feature", "properties": { "latitude": 42.12, "longitude": -76.74, "frac_class_11": 0.0061015956668130584, "frac_class_21": 0.067006294832381783, "frac_class_22": 0.049509588640023423, "frac_class_23": 0.041235543844239497, "frac_class_24": 0.015839554969989754, "frac_developed": 0.17359098228663447, "solar_resource_w_m2": 296.98851967917568, "solar_resource_pct": 0.60881542699724522, "solar_screening_pct": 0.60881542699724522, "resource_land_adj_oof": 296.93612670898438, "resource_opportunity_oof": 0.052392970191306176 }, "geometry": { "type": "Point", "coordinates": [ -76.74, 42.12 ] } },
{ "type": "Feature", "properties": { "latitude": 43.92, "longitude": -75.57, "frac_class_11": 0.012971801704196071, "frac_class_21": 0.043120260021668473, "frac_class_22": 0.022271675792802554, "frac_class_23": 0.0054288307809434574, "frac_class_24": 0.00093115867763755085, "frac_developed": 0.071751925273052033, "solar_resource_w_m2": 282.62944135014368, "solar_resource_pct": 0.035812672176308541, "solar_screening_pct": 0.035812672176308541, "resource_land_adj_oof": 288.1319580078125, "resource_opportunity_oof": -5.5025166576688207 }, "geometry": { "type": "Point", "coordinates": [ -75.57, 43.92 ] } },
{ "type": "Feature", "properties": { "latitude": 43.65, "longitude": -75.48, "frac_class_11": 0.0041283114327875766, "frac_class_21": 0.033284144941793735, "frac_class_22": 0.0085142763450682789, "frac_class_23": 0.0010716042442554985, "frac_class_24": 8.7836413463565459e-05, "frac_developed": 0.04295786194458108, "solar_resource_w_m2": 284.18643240488927, "solar_resource_pct": 0.057851239669421489, "solar_screening_pct": 0.057851239669421489, "resource_land_adj_oof": 284.60153198242188, "resource_opportunity_oof": -0.41509957753260096 }, "geometry": { "type": "Point", "coordinates": [ -75.48, 43.65 ] } },
{ "type": "Feature", "properties": { "latitude": 42.84, "longitude": -74.22, "frac_class_11": 0.0090477863668306392, "frac_class_21": 0.054198875614898105, "frac_class_22": 0.016842351838838136, "frac_class_23": 0.0021140782384633404, "frac_class_24": 0.00019910986179433123, "frac_developed": 0.073354415553993912, "solar_resource_w_m2": 298.232799243106, "solar_resource_pct": 0.70110192837465568, "solar_screening_pct": 0.70110192837465568, "resource_land_adj_oof": 298.01080322265625, "resource_opportunity_oof": 0.22199602044975109 }, "geometry": { "type": "Point", "coordinates": [ -74.22, 42.84 ] } },
{ "type": "Feature", "properties": { "latitude": 43.2, "longitude": -76.38, "frac_class_11": 0.02421342952340241, "frac_class_21": 0.09137275798867503, "frac_class_22": 0.064442271319236646, "frac_class_23": 0.018047349405350962, "frac_class_24": 0.0062246373841298094, "frac_developed": 0.18008701609739247, "solar_resource_w_m2": 290.8058231622262, "solar_resource_pct": 0.19880624426078972, "solar_screening_pct": 0.19880624426078972, "resource_land_adj_oof": 293.43975830078125, "resource_opportunity_oof": -2.6339351385550458 }, "geometry": { "type": "Point", "coordinates": [ -76.38, 43.2 ] } },
{ "type": "Feature", "properties": { "latitude": 44.28, "longitude": -73.95, "frac_class_11": 0.061843777266365675, "frac_class_21": 0.048187902956625617, "frac_class_22": 0.035064912249881418, "frac_class_23": 0.011875691723907735, "frac_class_24": 0.0018153177684474349, "frac_developed": 0.096943824698862216, "solar_resource_w_m2": 281.98618758671716, "solar_resource_pct": 0.031221303948576674, "solar_screening_pct": 0.031221303948576674, "resource_land_adj_oof": 287.34854125976562, "resource_opportunity_oof": -5.3623536730484602 }, "geometry": { "type": "Point", "coordinates": [ -73.95, 44.28 ] } },
{ "type": "Feature", "properties": { "latitude": 43.2, "longitude": -76.65, "frac_class_11": 0.0062950166891140129, "frac_class_21": 0.062265034842185395, "frac_class_22": 0.02041342156116414, "frac_class_23": 0.002289629325994027, "frac_class_24": 0.00021666569069508695, "frac_developed": 0.085184751420038646, "solar_resource_w_m2": 292.75807563739374, "solar_resource_pct": 0.29338842975206614, "solar_screening_pct": 0.29338842975206614, "resource_land_adj_oof": 291.7755126953125, "resource_opportunity_oof": 0.98256294208124473 }, "geometry": { "type": "Point", "coordinates": [ -76.65, 43.2 ] } },
{ "type": "Feature", "properties": { "latitude": 43.11, "longitude": -78.0, "frac_class_11": 0.0017626975714595252, "frac_class_21": 0.037918494269768857, "frac_class_22": 0.048734781361083619, "frac_class_23": 0.0056336048629370876, "frac_class_24": 0.00092526982156347171, "frac_developed": 0.093212150315353043, "solar_resource_w_m2": 295.02443897599494, "solar_resource_pct": 0.4366391184573003, "solar_screening_pct": 0.4366391184573003, "resource_land_adj_oof": 295.577880859375, "resource_opportunity_oof": -0.55344188338006006 }, "geometry": { "type": "Point", "coordinates": [ -78.0, 43.11 ] } },
{ "type": "Feature", "properties": { "latitude": 42.39, "longitude": -77.91, "frac_class_11": 0.00069688451628015929, "frac_class_21": 0.042714921527289763, "frac_class_22": 0.0073202155071445301, "frac_class_23": 0.00042750058561724056, "frac_class_24": 5.8561724057156239e-06, "frac_developed": 0.050468493792457249, "solar_resource_w_m2": 296.33898046385156, "solar_resource_pct": 0.53535353535353536, "solar_screening_pct": 0.53535353535353536, "resource_land_adj_oof": 296.40957641601562, "resource_opportunity_oof": -0.070595952164069331 }, "geometry": { "type": "Point", "coordinates": [ -77.91, 42.39 ] } },
{ "type": "Feature", "properties": { "latitude": 42.39, "longitude": -74.76, "frac_class_11": 0.0041168409833569532, "frac_class_21": 0.055568569119593354, "frac_class_22": 0.009697707920966022, "frac_class_23": 0.0014288893313500661, "frac_class_24": 5.8561038170084678e-05, "frac_developed": 0.066753727410079525, "solar_resource_w_m2": 297.98260510786787, "solar_resource_pct": 0.6831955922865014, "solar_screening_pct": 0.6831955922865014, "resource_land_adj_oof": 300.60797119140625, "resource_opportunity_oof": -2.6253660835383812 }, "geometry": { "type": "Point", "coordinates": [ -74.76, 42.39 ] } },
{ "type": "Feature", "properties": { "latitude": 42.3, "longitude": -78.9, "frac_class_11": 0.0034080927563389352, "frac_class_21": 0.049669145634479127, "frac_class_22": 0.0168120864320431, "frac_class_23": 0.0017801721613866603, "frac_class_24": 0.00014053990747789425, "frac_developed": 0.068401944135386791, "solar_resource_w_m2": 296.86217816204908, "solar_resource_pct": 0.59182736455463725, "solar_screening_pct": 0.59182736455463725, "resource_land_adj_oof": 300.81060791015625, "resource_opportunity_oof": -3.9484297481071735 }, "geometry": { "type": "Point", "coordinates": [ -78.9, 42.3 ] } },
{ "type": "Feature", "properties": { "latitude": 41.49, "longitude": -73.86, "frac_class_11": 0.014083269895180653, "frac_class_21": 0.088013117058031276, "frac_class_22": 0.047789424371962291, "frac_class_23": 0.027780055044797095, "frac_class_24": 0.015219300813960298, "frac_developed": 0.17880189728875098, "solar_resource_w_m2": 308.89429633377028, "solar_resource_pct": 0.98255280073461893, "solar_screening_pct": 0.98255280073461893, "resource_land_adj_oof": 306.70135498046875, "resource_opportunity_oof": 2.1929413533015349 }, "geometry": { "type": "Point", "coordinates": [ -73.86, 41.49 ] } },
{ "type": "Feature", "properties": { "latitude": 42.3, "longitude": -76.38, "frac_class_11": 0.00090185583190344285, "frac_class_21": 0.038574833537324535, "frac_class_22": 0.0086086238499874096, "frac_class_23": 0.00041579067574769118, "frac_class_24": 5.8562067006717065e-06, "frac_developed": 0.047605104269760307, "solar_resource_w_m2": 293.60082116757843, "solar_resource_pct": 0.34022038567493113, "solar_screening_pct": 0.34022038567493113, "resource_land_adj_oof": 295.23992919921875, "resource_opportunity_oof": -1.639108031640319 }, "geometry": { "type": "Point", "coordinates": [ -76.38, 42.3 ] } },
{ "type": "Feature", "properties": { "latitude": 42.75, "longitude": -76.02, "frac_class_11": 0.0038646890389221031, "frac_class_21": 0.034922735497168823, "frac_class_22": 0.0083090814336825216, "frac_class_23": 0.0011301287644120694, "frac_class_24": 3.5133536717473664e-05, "frac_developed": 0.044397079231980892, "solar_resource_w_m2": 290.78561181619779, "solar_resource_pct": 0.19559228650137742, "solar_screening_pct": 0.19559228650137742, "resource_land_adj_oof": 292.00704956054688, "resource_opportunity_oof": -1.2214377443490889 }, "geometry": { "type": "Point", "coordinates": [ -76.02, 42.75 ] } },
{ "type": "Feature", "properties": { "latitude": 41.85, "longitude": -74.31, "frac_class_11": 0.0010833538292165888, "frac_class_21": 0.054788423925137324, "frac_class_22": 0.0079992504362695147, "frac_class_23": 0.00060902053101905527, "frac_class_24": 1.1711933288827987e-05, "frac_developed": 0.063408406825714719, "solar_resource_w_m2": 307.49471377763598, "solar_resource_pct": 0.96969696969696972, "solar_screening_pct": 0.96969696969696972, "resource_land_adj_oof": 306.83404541015625, "resource_opportunity_oof": 0.66066836747972957 }, "geometry": { "type": "Point", "coordinates": [ -74.31, 41.85 ] } },
{ "type": "Feature", "properties": { "latitude": 42.3, "longitude": -74.49, "frac_class_11": 0.0072967480865068724, "frac_class_21": 0.041818682251802228, "frac_class_22": 0.0082922915654042792, "frac_class_23": 0.0020203676483506188, "frac_class_24": 0.00012883503844554671, "frac_developed": 0.052260176504002671, "solar_resource_w_m2": 303.87618275720166, "solar_resource_pct": 0.89302112029384761, "solar_screening_pct": 0.89302112029384761, "resource_land_adj_oof": 302.29718017578125, "resource_opportunity_oof": 1.5790025814204114 }, "geometry": { "type": "Point", "coordinates": [ -74.49, 42.3 ] } },
{ "type": "Feature", "properties": { "latitude": 42.3, "longitude": -74.76, "frac_class_11": 0.0009837735915348624, "frac_class_21": 0.052368376363668305, "frac_class_22": 0.0083152291665446708, "frac_class_23": 0.0010481873385996452, "frac_class_24": 0.0, "frac_developed": 0.06173179286881262, "solar_resource_w_m2": 301.44967589584996, "solar_resource_pct": 0.83700642791551882, "solar_screening_pct": 0.83700642791551882, "resource_land_adj_oof": 303.11550903320312, "resource_opportunity_oof": -1.665833137353161 }, "geometry": { "type": "Point", "coordinates": [ -74.76, 42.3 ] } },
{ "type": "Feature", "properties": { "latitude": 42.3, "longitude": -77.46, "frac_class_11": 0.0023130390991444685, "frac_class_21": 0.04450989922176482, "frac_class_22": 0.022451118749670613, "frac_class_23": 0.0012297169894185782, "frac_class_24": 2.9278975938537575e-05, "frac_developed": 0.068220013936792542, "solar_resource_w_m2": 298.58503320952184, "solar_resource_pct": 0.72635445362718087, "solar_screening_pct": 0.72635445362718087, "resource_land_adj_oof": 295.91836547851562, "resource_opportunity_oof": 2.6666677310062141 }, "geometry": { "type": "Point", "coordinates": [ -77.46, 42.3 ] } },
{ "type": "Feature", "properties": { "latitude": 42.93, "longitude": -76.47, "frac_class_11": 0.080371730232067881, "frac_class_21": 0.10564563825987153, "frac_class_22": 0.069479823621383274, "frac_class_23": 0.017532456124940709, "frac_class_24": 0.0056626202648021595, "frac_developed": 0.19832053827099766, "solar_resource_w_m2": 290.87490589796914, "solar_resource_pct": 0.20202020202020202, "solar_screening_pct": 0.20202020202020202, "resource_land_adj_oof": 292.34649658203125, "resource_opportunity_oof": -1.4715906840621074 }, "geometry": { "type": "Point", "coordinates": [ -76.47, 42.93 ] } },
{ "type": "Feature", "properties": { "latitude": 42.66, "longitude": -75.75, "frac_class_11": 0.0015343441264486961, "frac_class_21": 0.037415742839239388, "frac_class_22": 0.011115210503815363, "frac_class_23": 0.0012356740865674613, "frac_class_24": 4.0993927042522417e-05, "frac_developed": 0.049807621356664736, "solar_resource_w_m2": 291.98625605370643, "solar_resource_pct": 0.24471992653810837, "solar_screening_pct": 0.24471992653810837, "resource_land_adj_oof": 293.36245727539062, "resource_opportunity_oof": -1.3762012216841981 }, "geometry": { "type": "Point", "coordinates": [ -75.75, 42.66 ] } },
{ "type": "Feature", "properties": { "latitude": 41.58, "longitude": -73.59, "frac_class_11": 0.016536862446565555, "frac_class_21": 0.084323944486736552, "frac_class_22": 0.029325994027053933, "frac_class_23": 0.0091350939860631256, "frac_class_24": 0.0017157580371259589, "frac_developed": 0.12450079053697957, "solar_resource_w_m2": 308.18379164572252, "solar_resource_pct": 0.97796143250688705, "solar_screening_pct": 0.97796143250688705, "resource_land_adj_oof": 307.38299560546875, "resource_opportunity_oof": 0.80079604025377193 }, "geometry": { "type": "Point", "coordinates": [ -73.59, 41.58 ] } },
{ "type": "Feature", "properties": { "latitude": 43.29, "longitude": -75.57, "frac_class_11": 0.0045090679112474892, "frac_class_21": 0.063653984669169106, "frac_class_22": 0.02513366165594055, "frac_class_23": 0.0031797712672823205, "frac_class_24": 0.00015225424115900612, "frac_developed": 0.092119671833550978, "solar_resource_w_m2": 286.81080173316542, "solar_resource_pct": 0.10606060606060606, "solar_screening_pct": 0.10606060606060606, "resource_land_adj_oof": 289.99246215820312, "resource_opportunity_oof": -3.1816604250377054 }, "geometry": { "type": "Point", "coordinates": [ -75.57, 43.29 ] } },
{ "type": "Feature", "properties": { "latitude": 43.11, "longitude": -75.03, "frac_class_11": 0.0066931738995496893, "frac_class_21": 0.057000310357144951, "frac_class_22": 0.017356576936365074, "frac_class_23": 0.0034783423414982638, "frac_class_24": 0.0001229716989418578, "frac_developed": 0.077958201333950164, "solar_resource_w_m2": 288.80572432240768, "solar_resource_pct": 0.15472910927456382, "solar_screening_pct": 0.15472910927456382, "resource_land_adj_oof": 291.52078247070312, "resource_opportunity_oof": -2.7150581482954408 }, "geometry": { "type": "Point", "coordinates": [ -75.03, 43.11 ] } },
{ "type": "Feature", "properties": { "latitude": 43.11, "longitude": -78.18, "frac_class_11": 0.0009017713365539453, "frac_class_21": 0.028733713951105255, "frac_class_22": 0.037160005855658026, "frac_class_23": 0.0040404040404040404, "frac_class_24": 0.00069096764748938666, "frac_developed": 0.070625091494656705, "solar_resource_w_m2": 294.82050577394853, "solar_resource_pct": 0.42699724517906334, "solar_screening_pct": 0.42699724517906334, "resource_land_adj_oof": 295.26361083984375, "resource_opportunity_oof": -0.44310506589522447 }, "geometry": { "type": "Point", "coordinates": [ -78.18, 43.11 ] } },
{ "type": "Feature", "properties": { "latitude": 43.47, "longitude": -76.47, "frac_class_11": 0.33959126310241844, "frac_class_21": 0.07176319025589975, "frac_class_22": 0.065714118404872054, "frac_class_23": 0.042331791298237394, "frac_class_24": 0.016021549452479945, "frac_developed": 0.19583064941148912, "solar_resource_w_m2": 299.98866838620381, "solar_resource_pct": 0.78512396694214881, "solar_screening_pct": 0.78512396694214881, "resource_land_adj_oof": 293.20916748046875, "resource_opportunity_oof": 6.7795009057350626 }, "geometry": { "type": "Point", "coordinates": [ -76.47, 43.47 ] } },
{ "type": "Feature", "properties": { "latitude": 42.48, "longitude": -79.08, "frac_class_11": 0.0030625988171224454, "frac_class_21": 0.047766001054049309, "frac_class_22": 0.017063887099607659, "frac_class_23": 0.0013702640979094689, "frac_class_24": 4.6846635825964746e-05, "frac_developed": 0.066246998887392397, "solar_resource_w_m2": 304.39437548069191, "solar_resource_pct": 0.90771349862258954, "solar_screening_pct": 0.90771349862258954, "resource_land_adj_oof": 307.74887084960938, "resource_opportunity_oof": -3.354495368917469 }, "geometry": { "type": "Point", "coordinates": [ -79.08, 42.48 ] } },
{ "type": "Feature", "properties": { "latitude": 42.21, "longitude": -79.53, "frac_class_11": 0.098865193408987112, "frac_class_21": 0.070582861961142537, "frac_class_22": 0.028903020295354201, "frac_class_23": 0.0068568550984318827, "frac_class_24": 0.0011945332536977831, "frac_developed": 0.1075372706086264, "solar_resource_w_m2": 301.30252861158533, "solar_resource_pct": 0.83149678604224064, "solar_screening_pct": 0.83149678604224064, "resource_land_adj_oof": 301.37515258789062, "resource_opportunity_oof": -0.072623976305294491 }, "geometry": { "type": "Point", "coordinates": [ -79.53, 42.21 ] } },
{ "type": "Feature", "properties": { "latitude": 44.82, "longitude": -75.21, "frac_class_11": 0.063340644403941798, "frac_class_21": 0.047425164499088693, "frac_class_22": 0.019393901949275587, "frac_class_23": 0.0029470822649902691, "frac_class_24": 0.0003089184764140743, "frac_developed": 0.070075067189768622, "solar_resource_w_m2": 285.32028732284289, "solar_resource_pct": 0.082185491276400374, "solar_screening_pct": 0.082185491276400374, "resource_land_adj_oof": 282.919921875, "resource_opportunity_oof": 2.4003654478428871 }, "geometry": { "type": "Point", "coordinates": [ -75.21, 44.82 ] } },
{ "type": "Feature", "properties": { "latitude": 42.39, "longitude": -75.48, "frac_class_11": 0.0060499575390201765, "frac_class_21": 0.049289876716741336, "frac_class_22": 0.013587513543588392, "frac_class_23": 0.0014173182230812029, "frac_class_24": 0.00011127705057249114, "frac_developed": 0.06440598553398344, "solar_resource_w_m2": 294.44769180709682, "solar_resource_pct": 0.39485766758494029, "solar_screening_pct": 0.39485766758494029, "resource_land_adj_oof": 294.46096801757812, "resource_opportunity_oof": -0.013276210481308226 }, "geometry": { "type": "Point", "coordinates": [ -75.48, 42.39 ] } },
{ "type": "Feature", "properties": { "latitude": 42.66, "longitude": -76.56, "frac_class_11": 0.00053872369330225909, "frac_class_21": 0.047805872088256991, "frac_class_22": 0.027761837282021855, "frac_class_23": 0.0036890861606567746, "frac_class_24": 0.00016981507723658169, "frac_developed": 0.079426610608172202, "solar_resource_w_m2": 292.93028330610338, "solar_resource_pct": 0.30348943985307619, "solar_screening_pct": 0.30348943985307619, "resource_land_adj_oof": 293.1383056640625, "resource_opportunity_oof": -0.20802235795912338 }, "geometry": { "type": "Point", "coordinates": [ -76.56, 42.66 ] } },
{ "type": "Feature", "properties": { "latitude": 43.47, "longitude": -76.38, "frac_class_11": 0.066790808797695167, "frac_class_21": 0.065502541400229541, "frac_class_22": 0.035679151148900287, "frac_class_23": 0.0080750942777504508, "frac_class_24": 0.0073606914482467851, "frac_developed": 0.11661747827512707, "solar_resource_w_m2": 297.06127370823401, "solar_resource_pct": 0.61294765840220389, "solar_screening_pct": 0.61294765840220389, "resource_land_adj_oof": 289.57443237304688, "resource_opportunity_oof": 7.4868413351871368 }, "geometry": { "type": "Point", "coordinates": [ -76.38, 43.47 ] } },
{ "type": "Feature", "properties": { "latitude": 42.57, "longitude": -77.82, "frac_class_11": 0.00072024172014803012, "frac_class_21": 0.050528177261441889, "frac_class_22": 0.022257225839696443, "frac_class_23": 0.0015224621726706328, "frac_class_24": 9.3689979856654328e-05, "frac_developed": 0.074401555253665611, "solar_resource_w_m2": 296.26528172470933, "solar_resource_pct": 0.52984389348025707, "solar_screening_pct": 0.52984389348025707, "resource_land_adj_oof": 295.8135986328125, "resource_opportunity_oof": 0.45168309189682532 }, "geometry": { "type": "Point", "coordinates": [ -77.82, 42.57 ] } },
{ "type": "Feature", "properties": { "latitude": 42.66, "longitude": -74.76, "frac_class_11": 0.0035547174673077261, "frac_class_21": 0.056313283633659131, "frac_class_22": 0.0067053566722691041, "frac_class_23": 0.00073202583758396331, "frac_class_24": 2.3424826802686826e-05, "frac_developed": 0.063774090970314889, "solar_resource_w_m2": 297.97054013296872, "solar_resource_pct": 0.67952249770431583, "solar_screening_pct": 0.67952249770431583, "resource_land_adj_oof": 295.26312255859375, "resource_opportunity_oof": 2.707417574374972 }, "geometry": { "type": "Point", "coordinates": [ -74.76, 42.66 ] } },
{ "type": "Feature", "properties": { "latitude": 42.84, "longitude": -74.94, "frac_class_11": 0.066419151577615895, "frac_class_21": 0.061523506125412852, "frac_class_22": 0.015975264107188868, "frac_class_23": 0.0043686022815113256, "frac_class_24": 0.00093110960155536298, "frac_developed": 0.082798482115668412, "solar_resource_w_m2": 294.63721556932069, "solar_resource_pct": 0.41322314049586778, "solar_screening_pct": 0.41322314049586778, "resource_land_adj_oof": 291.22549438476562, "resource_opportunity_oof": 3.4117211845550628 }, "geometry": { "type": "Point", "coordinates": [ -74.94, 42.84 ] } },
{ "type": "Feature", "properties": { "latitude": 41.22, "longitude": -73.59, "frac_class_11": 0.036266213802594212, "frac_class_21": 0.16955465112874418, "frac_class_22": 0.022914531666325066, "frac_class_23": 0.005317248850759816, "frac_class_24": 0.00038064006090240976, "frac_developed": 0.19816707170673148, "solar_resource_w_m2": 311.3753784290505, "solar_resource_pct": 0.99449035812672182, "solar_screening_pct": 0.99449035812672182, "resource_land_adj_oof": 306.54339599609375, "resource_opportunity_oof": 4.8319824329567496 }, "geometry": { "type": "Point", "coordinates": [ -73.59, 41.22 ] } },
{ "type": "Feature", "properties": { "latitude": 42.66, "longitude": -75.3, "frac_class_11": 0.002676161084987146, "frac_class_21": 0.057534535361047509, "frac_class_22": 0.019453407274239169, "frac_class_23": 0.0047725848670996151, "frac_class_24": 0.00086082205578361158, "frac_developed": 0.082621349558169896, "solar_resource_w_m2": 293.03176363159253, "solar_resource_pct": 0.310376492194674, "solar_screening_pct": 0.310376492194674, "resource_land_adj_oof": 292.97256469726562, "resource_opportunity_oof": 0.059198934326900599 }, "geometry": { "type": "Point", "coordinates": [ -75.3, 42.66 ] } },
{ "type": "Feature", "properties": { "latitude": 42.57, "longitude": -76.29, "frac_class_11": 0.0011067582523760168, "frac_class_21": 0.082017227951208943, "frac_class_22": 0.03747752812278575, "frac_class_23": 0.011131997025221205, "frac_class_24": 0.0043450509167354727, "frac_developed": 0.13497180401595138, "solar_resource_w_m2": 293.22191784055161, "solar_resource_pct": 0.32369146005509641, "solar_screening_pct": 0.32369146005509641, "resource_land_adj_oof": 293.21780395507812, "resource_opportunity_oof": 0.0041138854734867891 }, "geometry": { "type": "Point", "coordinates": [ -76.29, 42.57 ] } },
{ "type": "Feature", "properties": { "latitude": 42.3, "longitude": -73.77, "frac_class_11": 0.08124725516029864, "frac_class_21": 0.088086663738837653, "frac_class_22": 0.064552774117991513, "frac_class_23": 0.029975113453374322, "frac_class_24": 0.010873956960913483, "frac_developed": 0.19348850827111697, "solar_resource_w_m2": 299.20450190831195, "solar_resource_pct": 0.75849403122130399, "solar_screening_pct": 0.75849403122130399, "resource_land_adj_oof": 303.21499633789062, "resource_opportunity_oof": -4.0104944295786709 }, "geometry": { "type": "Point", "coordinates": [ -73.77, 42.3 ] } },
{ "type": "Feature", "properties": { "latitude": 42.3, "longitude": -73.95, "frac_class_11": 0.0078413689308448643, "frac_class_21": 0.078033040331223172, "frac_class_22": 0.033549815238842595, "frac_class_23": 0.010827999367537084, "frac_class_24": 0.000878420716674182, "frac_developed": 0.12328927565427704, "solar_resource_w_m2": 301.03326066104455, "solar_resource_pct": 0.8232323232323232, "solar_screening_pct": 0.8232323232323232, "resource_land_adj_oof": 303.9442138671875, "resource_opportunity_oof": -2.9109532061429491 }, "geometry": { "type": "Point", "coordinates": [ -73.95, 42.3 ] } },
{ "type": "Feature", "properties": { "latitude": 42.75, "longitude": -77.82, "frac_class_11": 0.008332357418901511, "frac_class_21": 0.053788499824335402, "frac_class_22": 0.069165007612132567, "frac_class_23": 0.02016044033259164, "frac_class_24": 0.0044853027286567513, "frac_developed": 0.14759925049771636, "solar_resource_w_m2": 295.64644446866475, "solar_resource_pct": 0.49081726354453625, "solar_screening_pct": 0.49081726354453625, "resource_land_adj_oof": 295.63641357421875, "resource_opportunity_oof": 0.010030894446003913 }, "geometry": { "type": "Point", "coordinates": [ -77.82, 42.75 ] } },
{ "type": "Feature", "properties": { "latitude": 42.84, "longitude": -77.28, "frac_class_11": 0.14768209206049923, "frac_class_21": 0.068486172187446931, "frac_class_22": 0.087370227018544439, "frac_class_23": 0.033112970564296546, "frac_class_24": 0.0073721007852253495, "frac_developed": 0.19634147055551326, "solar_resource_w_m2": 294.3242695360787, "solar_resource_pct": 0.38246097337006429, "solar_screening_pct": 0.38246097337006429, "resource_land_adj_oof": 295.37893676757812, "resource_opportunity_oof": -1.0546672314994225 }, "geometry": { "type": "Point", "coordinates": [ -77.28, 42.84 ] } },
{ "type": "Feature", "properties": { "latitude": 43.65, "longitude": -73.5, "frac_class_11": 0.16057530700804049, "frac_class_21": 0.018341424564156921, "frac_class_22": 0.0074138708487300961, "frac_class_23": 0.0011712276222322427, "frac_class_24": 5.8561381111612137e-06, "frac_developed": 0.026932379173230419, "solar_resource_w_m2": 284.63856410621952, "solar_resource_pct": 0.068870523415977963, "solar_screening_pct": 0.068870523415977963, "resource_land_adj_oof": 289.8984375, "resource_opportunity_oof": -5.2598733937804809 }, "geometry": { "type": "Point", "coordinates": [ -73.5, 43.65 ] } },
{ "type": "Feature", "properties": { "latitude": 42.48, "longitude": -77.1, "frac_class_11": 0.14767057831494623, "frac_class_21": 0.059272011805213971, "frac_class_22": 0.027943691003208957, "frac_class_23": 0.0020143817487644346, "frac_class_24": 0.00011125945705384957, "frac_developed": 0.089341344014241222, "solar_resource_w_m2": 294.43602281808444, "solar_resource_pct": 0.39164370982552799, "solar_screening_pct": 0.39164370982552799, "resource_land_adj_oof": 294.5267333984375, "resource_opportunity_oof": -0.090710580353061232 }, "geometry": { "type": "Point", "coordinates": [ -77.1, 42.48 ] } },
{ "type": "Feature", "properties": { "latitude": 42.21, "longitude": -79.71, "frac_class_11": 0.0017100323852023635, "frac_class_21": 0.057315366280738127, "frac_class_22": 0.02151009914674069, "frac_class_23": 0.0053760607178622256, "frac_class_24": 0.0010599858278137939, "frac_developed": 0.085261511973154833, "solar_resource_w_m2": 312.36139039007617, "solar_resource_pct": 0.99724517906336085, "solar_screening_pct": 0.99724517906336085, "resource_land_adj_oof": 303.38824462890625, "resource_opportunity_oof": 8.973145761169917 }, "geometry": { "type": "Point", "coordinates": [ -79.71, 42.21 ] } },
{ "type": "Feature", "properties": { "latitude": 41.67, "longitude": -74.94, "frac_class_11": 0.031873093206692002, "frac_class_21": 0.049206246962306244, "frac_class_22": 0.010757095759818704, "frac_class_23": 0.0020261051349468001, "frac_class_24": 0.00020495283156976303, "frac_developed": 0.062194400688641509, "solar_resource_w_m2": 304.96317841269274, "solar_resource_pct": 0.9178145087235996, "solar_screening_pct": 0.9178145087235996, "resource_land_adj_oof": 302.49395751953125, "resource_opportunity_oof": 2.4692208931614914 }, "geometry": { "type": "Point", "coordinates": [ -74.94, 41.67 ] } },
{ "type": "Feature", "properties": { "latitude": 42.3, "longitude": -74.94, "frac_class_11": 0.0016338625330139787, "frac_class_21": 0.065869841474341329, "frac_class_22": 0.016057530700804047, "frac_class_23": 0.0052939488524897374, "frac_class_24": 0.0013937608704563688, "frac_developed": 0.088615081898091475, "solar_resource_w_m2": 298.02101707754241, "solar_resource_pct": 0.68640955004591364, "solar_screening_pct": 0.68640955004591364, "resource_land_adj_oof": 299.95004272460938, "resource_opportunity_oof": -1.9290256470669647 }, "geometry": { "type": "Point", "coordinates": [ -74.94, 42.3 ] } },
{ "type": "Feature", "properties": { "latitude": 42.03, "longitude": -77.19, "frac_class_11": 0.029542486721984413, "frac_class_21": 0.058581375057825978, "frac_class_22": 0.027674488057105713, "frac_class_23": 0.0086607210826194145, "frac_class_24": 0.00090764825409466474, "frac_developed": 0.095824232451645772, "solar_resource_w_m2": 299.44130173615986, "solar_resource_pct": 0.76859504132231404, "solar_screening_pct": 0.76859504132231404, "resource_land_adj_oof": 297.7144775390625, "resource_opportunity_oof": 1.7268241970973577 }, "geometry": { "type": "Point", "coordinates": [ -77.19, 42.03 ] } },
{ "type": "Feature", "properties": { "latitude": 42.93, "longitude": -75.57, "frac_class_11": 0.0046673147421557488, "frac_class_21": 0.056616811702837867, "frac_class_22": 0.03333879903022921, "frac_class_23": 0.0061547651116758998, "frac_class_24": 0.00054461765498178751, "frac_developed": 0.096654993499724756, "solar_resource_w_m2": 291.16956071301092, "solar_resource_pct": 0.21028466483011937, "solar_screening_pct": 0.21028466483011937, "resource_land_adj_oof": 291.44326782226562, "resource_opportunity_oof": -0.27370710925470121 }, "geometry": { "type": "Point", "coordinates": [ -75.57, 42.93 ] } },
{ "type": "Feature", "properties": { "latitude": 43.65, "longitude": -76.02, "frac_class_11": 0.00096619489029296205, "frac_class_21": 0.051588951415036333, "frac_class_22": 0.020155410984171972, "frac_class_23": 0.0038062222950934867, "frac_class_24": 0.00079637881866571414, "frac_developed": 0.076346963512967519, "solar_resource_w_m2": 289.47561350902635, "solar_resource_pct": 0.15977961432506887, "solar_screening_pct": 0.15977961432506887, "resource_land_adj_oof": 292.7177734375, "resource_opportunity_oof": -3.2421599284736544 }, "geometry": { "type": "Point", "coordinates": [ -76.02, 43.65 ] } },
{ "type": "Feature", "properties": { "latitude": 42.84, "longitude": -76.29, "frac_class_11": 0.15620955983534082, "frac_class_21": 0.057179831007688392, "frac_class_22": 0.02146659093437641, "frac_class_23": 0.001920633340555227, "frac_class_24": 5.2700305076210496e-05, "frac_developed": 0.080619755587696254, "solar_resource_w_m2": 290.49040734684723, "solar_resource_pct": 0.18365472910927455, "solar_screening_pct": 0.18365472910927455, "resource_land_adj_oof": 288.59817504882812, "resource_opportunity_oof": 1.8922322980191097 }, "geometry": { "type": "Point", "coordinates": [ -76.29, 42.84 ] } },
{ "type": "Feature", "properties": { "latitude": 43.11, "longitude": -75.48, "frac_class_11": 0.00076710916958968439, "frac_class_21": 0.069572702625152985, "frac_class_22": 0.043766213232925968, "frac_class_23": 0.013427338365413332, "frac_class_24": 0.0018211523033770372, "frac_developed": 0.12858740652686931, "solar_resource_w_m2": 287.9242897582003, "solar_resource_pct": 0.13774104683195593, "solar_screening_pct": 0.13774104683195593, "resource_land_adj_oof": 291.73992919921875, "resource_opportunity_oof": -3.8156394410184475 }, "geometry": { "type": "Point", "coordinates": [ -75.48, 43.11 ] } },
{ "type": "Feature", "properties": { "latitude": 43.29, "longitude": -78.18, "frac_class_11": 0.0073092736409319323, "frac_class_21": 0.043720935680734672, "frac_class_22": 0.055258811540218576, "frac_class_23": 0.012422251115718453, "frac_class_24": 0.0028346862517716789, "frac_developed": 0.11423668458844338, "solar_resource_w_m2": 298.75993101365157, "solar_resource_pct": 0.73921028466483008, "solar_screening_pct": 0.73921028466483008, "resource_land_adj_oof": 296.92160034179688, "resource_opportunity_oof": 1.8383306718546919 }, "geometry": { "type": "Point", "coordinates": [ -78.18, 43.29 ] } },
{ "type": "Feature", "properties": { "latitude": 42.3, "longitude": -79.35, "frac_class_11": 0.0091352009744214372, "frac_class_21": 0.04933008526187576, "frac_class_22": 0.016103719666448045, "frac_class_23": 0.0018973109716106061, "frac_class_24": 7.0270776726318751e-05, "frac_developed": 0.067401386676660735, "solar_resource_w_m2": 304.65522096700124, "solar_resource_pct": 0.91184573002754821, "solar_screening_pct": 0.91184573002754821, "resource_land_adj_oof": 302.89300537109375, "resource_opportunity_oof": 1.7622155959074917 }, "geometry": { "type": "Point", "coordinates": [ -79.35, 42.3 ] } },
{ "type": "Feature", "properties": { "latitude": 42.39, "longitude": -74.4, "frac_class_11": 0.038906426617782278, "frac_class_21": 0.049753137756745516, "frac_class_22": 0.0080823225549510082, "frac_class_23": 0.0015403266898203734, "frac_class_24": 8.7851332119032698e-05, "frac_developed": 0.059463638333635931, "solar_resource_w_m2": 303.22034790994934, "solar_resource_pct": 0.88521579430670339, "solar_screening_pct": 0.88521579430670339, "resource_land_adj_oof": 301.41131591796875, "resource_opportunity_oof": 1.8090319919805893 }, "geometry": { "type": "Point", "coordinates": [ -74.4, 42.39 ] } },
{ "type": "Feature", "properties": { "latitude": 43.74, "longitude": -73.41, "frac_class_11": 0.18597528839960181, "frac_class_21": 0.033325525560695672, "frac_class_22": 0.011208057621362066, "frac_class_23": 0.001569362300169819, "frac_class_24": 5.8558294782455933e-06, "frac_developed": 0.046108801311705805, "solar_resource_w_m2": 283.66250722885968, "solar_resource_pct": 0.052800734618916434, "solar_screening_pct": 0.052800734618916434, "resource_land_adj_oof": 289.80520629882812, "resource_opportunity_oof": -6.1426990699684438 }, "geometry": { "type": "Point", "coordinates": [ -73.41, 43.74 ] } },
{ "type": "Feature", "properties": { "latitude": 42.03, "longitude": -75.03, "frac_class_11": 0.0064586773471992879, "frac_class_21": 0.030823642389534951, "frac_class_22": 0.0086837883099696676, "frac_class_23": 0.0023890665073955661, "frac_class_24": 0.00010539999297333381, "frac_developed": 0.042001897199873517, "solar_resource_w_m2": 299.28560825060811, "solar_resource_pct": 0.76308539944903586, "solar_screening_pct": 0.76308539944903586, "resource_land_adj_oof": 301.006103515625, "resource_opportunity_oof": -1.7204952650168934 }, "geometry": { "type": "Point", "coordinates": [ -75.03, 42.03 ] } },
{ "type": "Feature", "properties": { "latitude": 42.48, "longitude": -74.58, "frac_class_11": 0.0029395919705806572, "frac_class_21": 0.056063054833345047, "frac_class_22": 0.0060607125289860167, "frac_class_23": 0.00080809500386480224, "frac_class_24": 4.0990326282997215e-05, "frac_developed": 0.062972852692478862, "solar_resource_w_m2": 301.97481701316633, "solar_resource_pct": 0.85169880624426075, "solar_screening_pct": 0.85169880624426075, "resource_land_adj_oof": 300.6959228515625, "resource_opportunity_oof": 1.2788941616038301 }, "geometry": { "type": "Point", "coordinates": [ -74.58, 42.48 ] } },
{ "type": "Feature", "properties": { "latitude": 41.85, "longitude": -73.68, "frac_class_11": 0.0098669571124071868, "frac_class_21": 0.071791628604220836, "frac_class_22": 0.012999789192607688, "frac_class_23": 0.0027522076218583842, "frac_class_24": 0.00020495163141498606, "frac_developed": 0.087748577050101903, "solar_resource_w_m2": 306.72298226125054, "solar_resource_pct": 0.95408631772268138, "solar_screening_pct": 0.95408631772268138, "resource_land_adj_oof": 307.22821044921875, "resource_opportunity_oof": -0.50522818796821412 }, "geometry": { "type": "Point", "coordinates": [ -73.68, 41.85 ] } },
{ "type": "Feature", "properties": { "latitude": 43.11, "longitude": -74.13, "frac_class_11": 0.26945802711328432, "frac_class_21": 0.047591719614675142, "frac_class_22": 0.024103299856527979, "frac_class_23": 0.0020964483354317335, "frac_class_24": 3.51360056217609e-05, "frac_developed": 0.073826603812256614, "solar_resource_w_m2": 297.35636318257093, "solar_resource_pct": 0.63865932047750229, "solar_screening_pct": 0.63865932047750229, "resource_land_adj_oof": 293.53475952148438, "resource_opportunity_oof": 3.8216036610865558 }, "geometry": { "type": "Point", "coordinates": [ -74.13, 43.11 ] } },
{ "type": "Feature", "properties": { "latitude": 42.21, "longitude": -74.31, "frac_class_11": 0.0022779043280182231, "frac_class_21": 0.031691563555873069, "frac_class_22": 0.011096731880705741, "frac_class_23": 0.0014522372065514638, "frac_class_24": 1.7567385563122543e-05, "frac_developed": 0.044258100028693396, "solar_resource_w_m2": 304.67909647518553, "solar_resource_pct": 0.91322314049586772, "solar_screening_pct": 0.91322314049586772, "resource_land_adj_oof": 301.60653686523438, "resource_opportunity_oof": 3.0725596099511563 }, "geometry": { "type": "Point", "coordinates": [ -74.31, 42.21 ] } },
{ "type": "Feature", "properties": { "latitude": 43.38, "longitude": -75.21, "frac_class_11": 0.020302398575845593, "frac_class_21": 0.052047221961960086, "frac_class_22": 0.020249695493300853, "frac_class_23": 0.0048486835941159937, "frac_class_24": 0.00021666822823948281, "frac_developed": 0.077362269277616427, "solar_resource_w_m2": 286.77896883728408, "solar_resource_pct": 0.10192837465564739, "solar_screening_pct": 0.10192837465564739, "resource_land_adj_oof": 287.95895385742188, "resource_opportunity_oof": -1.1799850201377922 }, "geometry": { "type": "Point", "coordinates": [ -75.21, 43.38 ] } },
{ "type": "Feature", "properties": { "latitude": 42.48, "longitude": -74.31, "frac_class_11": 0.0038296452015248311, "frac_class_21": 0.03905769647426701, "frac_class_22": 0.0066521054265018479, "frac_class_23": 0.00038062222950934865, "frac_class_24": 0.0, "frac_developed": 0.046090424130278203, "solar_resource_w_m2": 304.11873214697164, "solar_resource_pct": 0.9049586776859504, "solar_screening_pct": 0.9049586776859504, "resource_land_adj_oof": 300.26510620117188, "resource_opportunity_oof": 3.853625945799763 }, "geometry": { "type": "Point", "coordinates": [ -74.31, 42.48 ] } },
{ "type": "Feature", "properties": { "latitude": 42.57, "longitude": -77.55, "frac_class_11": 0.002078746428069518, "frac_class_21": 0.04734857357005668, "frac_class_22": 0.035596336721787608, "frac_class_23": 0.0075478990022017148, "frac_class_24": 0.0012706703518058744, "frac_developed": 0.091763479645851867, "solar_resource_w_m2": 296.38512216675315, "solar_resource_pct": 0.53810835629017451, "solar_screening_pct": 0.53810835629017451, "resource_land_adj_oof": 295.32122802734375, "resource_opportunity_oof": 1.063894139409399 }, "geometry": { "type": "Point", "coordinates": [ -77.55, 42.57 ] } },
{ "type": "Feature", "properties": { "latitude": 42.03, "longitude": -79.62, "frac_class_11": 0.0007905184629978802, "frac_class_21": 0.050294541323620691, "frac_class_22": 0.010534390480986568, "frac_class_23": 0.0022661529272605899, "frac_class_24": 0.00029278461592514084, "frac_developed": 0.063387869347792988, "solar_resource_w_m2": 302.71178553236797, "solar_resource_pct": 0.86822773186409552, "solar_screening_pct": 0.86822773186409552, "resource_land_adj_oof": 301.4256591796875, "resource_opportunity_oof": 1.2861263526804692 }, "geometry": { "type": "Point", "coordinates": [ -79.62, 42.03 ] } },
{ "type": "Feature", "properties": { "latitude": 42.21, "longitude": -75.03, "frac_class_11": 0.0013175616326052586, "frac_class_21": 0.047842126837266498, "frac_class_22": 0.0086022135035427761, "frac_class_23": 0.0021080986121684137, "frac_class_24": 0.00036891725712947241, "frac_developed": 0.058921356210107162, "solar_resource_w_m2": 298.67569803423794, "solar_resource_pct": 0.73324150596877868, "solar_screening_pct": 0.73324150596877868, "resource_land_adj_oof": 299.99929809570312, "resource_opportunity_oof": -1.3236000614651857 }, "geometry": { "type": "Point", "coordinates": [ -75.03, 42.21 ] } },
{ "type": "Feature", "properties": { "latitude": 44.91, "longitude": -74.67, "frac_class_11": 0.010634373151721352, "frac_class_21": 0.037641933160388129, "frac_class_22": 0.014985330889457565, "frac_class_23": 0.0021315593762260858, "frac_class_24": 0.00062072882934056342, "frac_developed": 0.055379552255412336, "solar_resource_w_m2": 281.46466362239585, "solar_resource_pct": 0.024793388429752067, "solar_screening_pct": 0.024793388429752067, "resource_land_adj_oof": 284.97048950195312, "resource_opportunity_oof": -3.5058258795572783 }, "geometry": { "type": "Point", "coordinates": [ -74.67, 44.91 ] } },
{ "type": "Feature", "properties": { "latitude": 43.92, "longitude": -75.3, "frac_class_11": 0.02629329023341883, "frac_class_21": 0.031885738378834197, "frac_class_22": 0.0071384233395406583, "frac_class_23": 0.00066758019746319529, "frac_class_24": 4.0991766510897954e-05, "frac_developed": 0.039732733682348947, "solar_resource_w_m2": 279.35457961290575, "solar_resource_pct": 0.0018365472910927456, "solar_screening_pct": 0.0018365472910927456, "resource_land_adj_oof": 284.74142456054688, "resource_opportunity_oof": -5.3868449476411229 }, "geometry": { "type": "Point", "coordinates": [ -75.3, 43.92 ] } },
{ "type": "Feature", "properties": { "latitude": 43.29, "longitude": -78.63, "frac_class_11": 0.0010774663145381826, "frac_class_21": 0.040486967927809758, "frac_class_22": 0.052866118954623446, "frac_class_23": 0.0067692992369898872, "frac_class_24": 0.0009837735915348624, "frac_developed": 0.10110615971095796, "solar_resource_w_m2": 299.75144760781319, "solar_resource_pct": 0.78191000918273645, "solar_screening_pct": 0.78191000918273645, "resource_land_adj_oof": 297.03594970703125, "resource_opportunity_oof": 2.7154979007819406 }, "geometry": { "type": "Point", "coordinates": [ -78.63, 43.29 ] } },
{ "type": "Feature", "properties": { "latitude": 43.11, "longitude": -73.32, "frac_class_11": 0.0063710305493257131, "frac_class_21": 0.043502192969614634, "frac_class_22": 0.017660871449233777, "frac_class_23": 0.0025179624413695372, "frac_class_24": 0.00017567179823508401, "frac_developed": 0.063856698658453032, "solar_resource_w_m2": 297.58582820338421, "solar_resource_pct": 0.65702479338842978, "solar_screening_pct": 0.65702479338842978, "resource_land_adj_oof": 294.49594116210938, "resource_opportunity_oof": 3.0898870412748352 }, "geometry": { "type": "Point", "coordinates": [ -73.32, 43.11 ] } },
{ "type": "Feature", "properties": { "latitude": 44.28, "longitude": -75.75, "frac_class_11": 0.092342104954970777, "frac_class_21": 0.036813875323519422, "frac_class_22": 0.011383199241120051, "frac_class_23": 0.0010949888158896346, "frac_class_24": 0.00012296665846888943, "frac_developed": 0.049415030038997998, "solar_resource_w_m2": 288.70565665111695, "solar_resource_pct": 0.15151515151515152, "solar_screening_pct": 0.15151515151515152, "resource_land_adj_oof": 286.941650390625, "resource_opportunity_oof": 1.7640062604919535 }, "geometry": { "type": "Point", "coordinates": [ -75.75, 44.28 ] } },
{ "type": "Feature", "properties": { "latitude": 41.67, "longitude": -74.49, "frac_class_11": 0.007243661064589799, "frac_class_21": 0.055934883176201912, "frac_class_22": 0.014867951045265561, "frac_class_23": 0.0023364759618199919, "frac_class_24": 0.00016981905486912222, "frac_developed": 0.073309129238156592, "solar_resource_w_m2": 306.43643715790466, "solar_resource_pct": 0.94903581267217629, "solar_screening_pct": 0.94903581267217629, "resource_land_adj_oof": 307.5137939453125, "resource_opportunity_oof": -1.0773567874078367 }, "geometry": { "type": "Point", "coordinates": [ -74.49, 41.67 ] } },
{ "type": "Feature", "properties": { "latitude": 42.75, "longitude": -75.93, "frac_class_11": 0.0023130932791464395, "frac_class_21": 0.039047356924932802, "frac_class_22": 0.011987093525095598, "frac_class_23": 0.0016513729233399897, "frac_class_24": 7.0271188227233596e-05, "frac_developed": 0.052756094561595628, "solar_resource_w_m2": 292.00885651077749, "solar_resource_pct": 0.24885215794306703, "solar_screening_pct": 0.24885215794306703, "resource_land_adj_oof": 291.9517822265625, "resource_opportunity_oof": 0.057074284214991167 }, "geometry": { "type": "Point", "coordinates": [ -75.93, 42.75 ] } },
{ "type": "Feature", "properties": { "latitude": 44.28, "longitude": -75.93, "frac_class_11": 0.057388809182209469, "frac_class_21": 0.057025737124117938, "frac_class_22": 0.043088454894152785, "frac_class_23": 0.012660674025707844, "frac_class_24": 0.002149152343864375, "frac_developed": 0.11492401838784294, "solar_resource_w_m2": 290.18947195060508, "solar_resource_pct": 0.17998163452708907, "solar_screening_pct": 0.17998163452708907, "resource_land_adj_oof": 294.95053100585938, "resource_opportunity_oof": -4.7610590552542931 }, "geometry": { "type": "Point", "coordinates": [ -75.93, 44.28 ] } },
{ "type": "Feature", "properties": { "latitude": 42.3, "longitude": -75.93, "frac_class_11": 0.012771414517602418, "frac_class_21": 0.068143489565034077, "frac_class_22": 0.030467523950062071, "frac_class_23": 0.0068922305764411024, "frac_class_24": 0.00084908533014779936, "frac_developed": 0.10635232942168504, "solar_resource_w_m2": 294.18433503195217, "solar_resource_pct": 0.37511478420569327, "solar_screening_pct": 0.37511478420569327, "resource_land_adj_oof": 294.78811645507812, "resource_opportunity_oof": -0.60378142312595173 }, "geometry": { "type": "Point", "coordinates": [ -75.93, 42.3 ] } },
{ "type": "Feature", "properties": { "latitude": 42.3, "longitude": -77.82, "frac_class_11": 0.00055045441768949684, "frac_class_21": 0.053897685749086481, "frac_class_22": 0.027686686030169588, "frac_class_23": 0.0061135575751897313, "frac_class_24": 0.0003279302913894875, "frac_developed": 0.088025859645835286, "solar_resource_w_m2": 296.74832958667901, "solar_resource_pct": 0.57988980716253447, "solar_screening_pct": 0.57988980716253447, "resource_land_adj_oof": 296.70782470703125, "resource_opportunity_oof": 0.040504879647755843 }, "geometry": { "type": "Point", "coordinates": [ -77.82, 42.3 ] } },
{ "type": "Feature", "properties": { "latitude": 42.39, "longitude": -77.64, "frac_class_11": 0.0026350615433262674, "frac_class_21": 0.057450197336831134, "frac_class_22": 0.053936781945729442, "frac_class_23": 0.018621101572838958, "frac_class_24": 0.0036012507758792322, "frac_developed": 0.13360933163127878, "solar_resource_w_m2": 297.93180016282633, "solar_resource_pct": 0.6776859504132231, "solar_screening_pct": 0.6776859504132231, "resource_land_adj_oof": 296.46786499023438, "resource_opportunity_oof": 1.4639351725919596 }, "geometry": { "type": "Point", "coordinates": [ -77.64, 42.39 ] } },
{ "type": "Feature", "properties": { "latitude": 42.84, "longitude": -75.93, "frac_class_11": 0.016965033408876631, "frac_class_21": 0.049161703647745705, "frac_class_22": 0.022200359562668727, "frac_class_23": 0.0022838671140703783, "frac_class_24": 0.00010540925141863284, "frac_developed": 0.073751339575903449, "solar_resource_w_m2": 291.86257566892385, "solar_resource_pct": 0.23737373737373738, "solar_screening_pct": 0.23737373737373738, "resource_land_adj_oof": 291.7496337890625, "resource_opportunity_oof": 0.11294187986135285 }, "geometry": { "type": "Point", "coordinates": [ -75.93, 42.84 ] } },
{ "type": "Feature", "properties": { "latitude": 42.93, "longitude": -73.41, "frac_class_11": 0.010522740714281532, "frac_class_21": 0.070257007840817925, "frac_class_22": 0.025741774168047644, "frac_class_23": 0.0068804787642074566, "frac_class_24": 0.0011945682279985712, "frac_developed": 0.10407382900107159, "solar_resource_w_m2": 298.13194943487923, "solar_resource_pct": 0.69651056014692381, "solar_screening_pct": 0.69651056014692381, "resource_land_adj_oof": 296.19473266601562, "resource_opportunity_oof": 1.9372167688636068 }, "geometry": { "type": "Point", "coordinates": [ -73.41, 42.93 ] } },
{ "type": "Feature", "properties": { "latitude": 42.84, "longitude": -75.66, "frac_class_11": 0.020525042894704481, "frac_class_21": 0.059115637096160266, "frac_class_22": 0.019775483553613988, "frac_class_23": 0.0045442035053611064, "frac_class_24": 0.00055045764111332982, "frac_developed": 0.083985781796248701, "solar_resource_w_m2": 291.83098330713818, "solar_resource_pct": 0.23461891643709826, "solar_screening_pct": 0.23461891643709826, "resource_land_adj_oof": 291.72857666015625, "resource_opportunity_oof": 0.10240664698193314 }, "geometry": { "type": "Point", "coordinates": [ -75.66, 42.84 ] } },
{ "type": "Feature", "properties": { "latitude": 42.03, "longitude": -75.84, "frac_class_11": 0.011571186807910101, "frac_class_21": 0.081179839432215448, "frac_class_22": 0.057065392430710495, "frac_class_23": 0.013919388179353396, "frac_class_24": 0.0052234304821132645, "frac_developed": 0.15738805052439261, "solar_resource_w_m2": 298.48548587515569, "solar_resource_pct": 0.721763085399449, "solar_screening_pct": 0.721763085399449, "resource_land_adj_oof": 297.32650756835938, "resource_opportunity_oof": 1.158978306796314 }, "geometry": { "type": "Point", "coordinates": [ -75.84, 42.03 ] } },
{ "type": "Feature", "properties": { "latitude": 43.83, "longitude": -76.2, "frac_class_11": 0.24201538948034151, "frac_class_21": 0.034843001534263264, "frac_class_22": 0.027001862197392923, "frac_class_23": 0.0035545717531592939, "frac_class_24": 0.00076127566377381917, "frac_developed": 0.066160711148589305, "solar_resource_w_m2": 305.32512180633393, "solar_resource_pct": 0.92653810835629014, "solar_screening_pct": 0.92653810835629014, "resource_land_adj_oof": 296.54779052734375, "resource_opportunity_oof": 8.7773312789901752 }, "geometry": { "type": "Point", "coordinates": [ -76.2, 43.83 ] } },
{ "type": "Feature", "properties": { "latitude": 44.73, "longitude": -73.41, "frac_class_11": 0.45928567663955305, "frac_class_21": 0.041279434069441269, "frac_class_22": 0.065968623179494382, "frac_class_23": 0.042444791904569491, "frac_class_24": 0.01245000380644519, "frac_developed": 0.16214285295995035, "solar_resource_w_m2": 294.79739732525093, "solar_resource_pct": 0.42240587695133147, "solar_screening_pct": 0.42240587695133147, "resource_land_adj_oof": 283.4700927734375, "resource_opportunity_oof": 11.327304551813427 }, "geometry": { "type": "Point", "coordinates": [ -73.41, 44.73 ] } },
{ "type": "Feature", "properties": { "latitude": 42.3, "longitude": -73.59, "frac_class_11": 0.0048198839245450981, "frac_class_21": 0.071044971918173244, "frac_class_22": 0.021423007771550387, "frac_class_23": 0.0053528237023502062, "frac_class_24": 0.00082576383154417832, "frac_developed": 0.098646567223618017, "solar_resource_w_m2": 301.50023406809208, "solar_resource_pct": 0.84067952249770428, "solar_screening_pct": 0.84067952249770428, "resource_land_adj_oof": 302.26309204101562, "resource_opportunity_oof": -0.76285797292354118 }, "geometry": { "type": "Point", "coordinates": [ -73.59, 42.3 ] } },
{ "type": "Feature", "properties": { "latitude": 43.11, "longitude": -74.76, "frac_class_11": 0.0093982210719242044, "frac_class_21": 0.053561076725788602, "frac_class_22": 0.020840042862914795, "frac_class_23": 0.0051646298974686285, "frac_class_24": 0.00087833841793684159, "frac_developed": 0.080444087904108869, "solar_resource_w_m2": 288.62960018481482, "solar_resource_pct": 0.14967860422405876, "solar_screening_pct": 0.14967860422405876, "resource_land_adj_oof": 293.579833984375, "resource_opportunity_oof": -4.9502337995601806 }, "geometry": { "type": "Point", "coordinates": [ -74.76, 43.11 ] } },
{ "type": "Feature", "properties": { "latitude": 43.11, "longitude": -75.12, "frac_class_11": 0.0091229015277053977, "frac_class_21": 0.065195369454089783, "frac_class_22": 0.054872086146423152, "frac_class_23": 0.023451361115828059, "frac_class_24": 0.0056915662932796188, "frac_developed": 0.14921038300962061, "solar_resource_w_m2": 287.7070406035607, "solar_resource_pct": 0.13131313131313133, "solar_screening_pct": 0.13131313131313133, "resource_land_adj_oof": 290.69049072265625, "resource_opportunity_oof": -2.9834501190955507 }, "geometry": { "type": "Point", "coordinates": [ -75.12, 43.11 ] } },
{ "type": "Feature", "properties": { "latitude": 42.57, "longitude": -77.91, "frac_class_11": 0.00068513204895473444, "frac_class_21": 0.066615916144521878, "frac_class_22": 0.027130057972711834, "frac_class_23": 0.0027346723663406922, "frac_class_24": 0.00036891725712947241, "frac_developed": 0.096849563740703859, "solar_resource_w_m2": 296.53874089821329, "solar_resource_pct": 0.54958677685950408, "solar_screening_pct": 0.54958677685950408, "resource_land_adj_oof": 295.68685913085938, "resource_opportunity_oof": 0.85188176735391608 }, "geometry": { "type": "Point", "coordinates": [ -77.91, 42.57 ] } },
{ "type": "Feature", "properties": { "latitude": 42.93, "longitude": -75.93, "frac_class_11": 0.031770293457954873, "frac_class_21": 0.079428661782533078, "frac_class_22": 0.036742271180683662, "frac_class_23": 0.0040232611254589854, "frac_class_24": 0.00038651416925806846, "frac_developed": 0.12058070825793379, "solar_resource_w_m2": 290.83044141235609, "solar_resource_pct": 0.20064279155188247, "solar_screening_pct": 0.20064279155188247, "resource_land_adj_oof": 291.85137939453125, "resource_opportunity_oof": -1.0209379821751554 }, "geometry": { "type": "Point", "coordinates": [ -75.93, 42.93 ] } },
{ "type": "Feature", "properties": { "latitude": 42.66, "longitude": -75.48, "frac_class_11": 0.0032324178719915675, "frac_class_21": 0.056819113427416995, "frac_class_22": 0.023540434502547287, "frac_class_23": 0.005738712888680682, "frac_class_24": 0.0010891842829536804, "frac_developed": 0.087187445101598635, "solar_resource_w_m2": 292.81881321097381, "solar_resource_pct": 0.29660238751147844, "solar_screening_pct": 0.29660238751147844, "resource_land_adj_oof": 292.90478515625, "resource_opportunity_oof": -0.085971945276185124 }, "geometry": { "type": "Point", "coordinates": [ -75.48, 42.66 ] } },
{ "type": "Feature", "properties": { "latitude": 42.93, "longitude": -76.2, "frac_class_11": 0.0014873458488997154, "frac_class_21": 0.072177263517865714, "frac_class_22": 0.034958483141461813, "frac_class_23": 0.0078817618607047914, "frac_class_24": 0.00094276646327895344, "frac_developed": 0.11596027498331127, "solar_resource_w_m2": 289.41805975965593, "solar_resource_pct": 0.15886134067952251, "solar_screening_pct": 0.15886134067952251, "resource_land_adj_oof": 292.79757690429688, "resource_opportunity_oof": -3.3795171446409427 }, "geometry": { "type": "Point", "coordinates": [ -76.2, 42.93 ] } },
{ "type": "Feature", "properties": { "latitude": 42.3, "longitude": -78.63, "frac_class_11": 0.0017157781317342828, "frac_class_21": 0.052990021549704863, "frac_class_22": 0.026784877728848498, "frac_class_23": 0.0042396701958212308, "frac_class_24": 0.00067928417502108123, "frac_developed": 0.084693853649395676, "solar_resource_w_m2": 296.97883322889135, "solar_resource_pct": 0.6074380165289256, "solar_screening_pct": 0.6074380165289256, "resource_land_adj_oof": 297.53009033203125, "resource_opportunity_oof": -0.55125710313990339 }, "geometry": { "type": "Point", "coordinates": [ -78.63, 42.3 ] } },
{ "type": "Feature", "properties": { "latitude": 43.29, "longitude": -78.72, "frac_class_11": 0.076422154811960505, "frac_class_21": 0.044752345369578714, "frac_class_22": 0.053495508368372358, "frac_class_23": 0.0080111500216675843, "frac_class_24": 0.0011536524519506681, "frac_developed": 0.10741265621156931, "solar_resource_w_m2": 302.29933657897982, "solar_resource_pct": 0.85950413223140498, "solar_screening_pct": 0.85950413223140498, "resource_land_adj_oof": 298.49679565429688, "resource_opportunity_oof": 3.802540924682944 }, "geometry": { "type": "Point", "coordinates": [ -78.72, 43.29 ] } },
{ "type": "Feature", "properties": { "latitude": 42.39, "longitude": -78.09, "frac_class_11": 0.0073957393982690576, "frac_class_21": 0.052660241020295831, "frac_class_22": 0.01669457880005153, "frac_class_23": 0.0029395575438884141, "frac_class_24": 0.00029278461592514084, "frac_developed": 0.072587161980160908, "solar_resource_w_m2": 296.8038116464981, "solar_resource_pct": 0.5821854912764004, "solar_screening_pct": 0.5821854912764004, "resource_land_adj_oof": 296.43386840820312, "resource_opportunity_oof": 0.36994323829497944 }, "geometry": { "type": "Point", "coordinates": [ -78.09, 42.39 ] } },
{ "type": "Feature", "properties": { "latitude": 43.65, "longitude": -75.39, "frac_class_11": 0.011074022019208245, "frac_class_21": 0.050339657999531509, "frac_class_22": 0.028712813305223704, "frac_class_23": 0.0049484656828297025, "frac_class_24": 0.00064417896462871862, "frac_developed": 0.084645115952213634, "solar_resource_w_m2": 283.11532300456173, "solar_resource_pct": 0.041322314049586778, "solar_screening_pct": 0.041322314049586778, "resource_land_adj_oof": 285.74484252929688, "resource_opportunity_oof": -2.6295195247351444 }, "geometry": { "type": "Point", "coordinates": [ -75.39, 43.65 ] } },
{ "type": "Feature", "properties": { "latitude": 42.57, "longitude": -77.64, "frac_class_11": 0.0028400606660381445, "frac_class_21": 0.069367749793583219, "frac_class_22": 0.057468773972161546, "frac_class_23": 0.018035849178139145, "frac_class_24": 0.0045616644512241544, "frac_developed": 0.14943403739510808, "solar_resource_w_m2": 296.69086254434177, "solar_resource_pct": 0.57116620752984393, "solar_screening_pct": 0.57116620752984393, "resource_land_adj_oof": 295.22265625, "resource_opportunity_oof": 1.4682062943417691 }, "geometry": { "type": "Point", "coordinates": [ -77.64, 42.57 ] } },
{ "type": "Feature", "properties": { "latitude": 42.48, "longitude": -78.09, "frac_class_11": 0.0061721165557949969, "frac_class_21": 0.051812986039539023, "frac_class_22": 0.019429869764827135, "frac_class_23": 0.0029689403166869672, "frac_class_24": 0.00026351541272369531, "frac_developed": 0.074475311533776817, "solar_resource_w_m2": 296.59087492267309, "solar_resource_pct": 0.55922865013774103, "solar_screening_pct": 0.55922865013774103, "resource_land_adj_oof": 296.219482421875, "resource_opportunity_oof": 0.37139250079809472 }, "geometry": { "type": "Point", "coordinates": [ -78.09, 42.48 ] } },
{ "type": "Feature", "properties": { "latitude": 41.85, "longitude": -74.49, "frac_class_11": 0.052033072562889401, "frac_class_21": 0.050967349042019959, "frac_class_22": 0.0063943411252166578, "frac_class_23": 0.0012531034805827517, "frac_class_24": 9.3689979856654328e-05, "frac_developed": 0.058708483627676028, "solar_resource_w_m2": 306.87837625220692, "solar_resource_pct": 0.95867768595041325, "solar_screening_pct": 0.95867768595041325, "resource_land_adj_oof": 306.526123046875, "resource_opportunity_oof": 0.35225320533191962 }, "geometry": { "type": "Point", "coordinates": [ -74.49, 41.85 ] } },
{ "type": "Feature", "properties": { "latitude": 41.58, "longitude": -74.31, "frac_class_11": 0.0034783219731571919, "frac_class_21": 0.090289977279647715, "frac_class_22": 0.031457147541751572, "frac_class_23": 0.0075070854706860606, "frac_class_24": 0.001153584896821493, "frac_developed": 0.13040779518890686, "solar_resource_w_m2": 308.03261180695341, "solar_resource_pct": 0.97704315886134063, "solar_screening_pct": 0.97704315886134063, "resource_land_adj_oof": 308.5953369140625, "resource_opportunity_oof": -0.56272510710908819 }, "geometry": { "type": "Point", "coordinates": [ -74.31, 41.58 ] } },
{ "type": "Feature", "properties": { "latitude": 43.11, "longitude": -77.1, "frac_class_11": 0.002646772927963273, "frac_class_21": 0.064172532118472361, "frac_class_22": 0.053251665944464614, "frac_class_23": 0.0070209750898848769, "frac_class_24": 0.0018562544649653929, "frac_developed": 0.12630142761778723, "solar_resource_w_m2": 293.77143457793773, "solar_resource_pct": 0.35491276400367311, "solar_screening_pct": 0.35491276400367311, "resource_land_adj_oof": 294.07180786132812, "resource_opportunity_oof": -0.30037328339039959 }, "geometry": { "type": "Point", "coordinates": [ -77.1, 43.11 ] } },
{ "type": "Feature", "properties": { "latitude": 42.48, "longitude": -75.03, "frac_class_11": 0.013813254634671913, "frac_class_21": 0.078880183630209974, "frac_class_22": 0.053431940882315052, "frac_class_23": 0.032334375622152738, "frac_class_24": 0.0084964105446837419, "frac_developed": 0.17314291067936152, "solar_resource_w_m2": 293.48252724550537, "solar_resource_pct": 0.33608815426997246, "solar_screening_pct": 0.33608815426997246, "resource_land_adj_oof": 295.19979858398438, "resource_opportunity_oof": -1.7172713384790086 }, "geometry": { "type": "Point", "coordinates": [ -75.03, 42.48 ] } },
{ "type": "Feature", "properties": { "latitude": 42.48, "longitude": -78.9, "frac_class_11": 0.00736095007202839, "frac_class_21": 0.057827670613588185, "frac_class_22": 0.037999367555602404, "frac_class_23": 0.0082979047351346286, "frac_class_24": 0.0010540739959945188, "frac_developed": 0.10517901690031974, "solar_resource_w_m2": 301.16336574249897, "solar_resource_pct": 0.82828282828282829, "solar_screening_pct": 0.82828282828282829, "resource_land_adj_oof": 302.67532348632812, "resource_opportunity_oof": -1.5119577438291572 }, "geometry": { "type": "Point", "coordinates": [ -78.9, 42.48 ] } },
{ "type": "Feature", "properties": { "latitude": 42.12, "longitude": -78.72, "frac_class_11": 0.01589272120395854, "frac_class_21": 0.048948878608654919, "frac_class_22": 0.039380453241201617, "frac_class_23": 0.013825613398137846, "frac_class_24": 0.0019675587046905194, "frac_developed": 0.10412250395268489, "solar_resource_w_m2": 296.4748985559641, "solar_resource_pct": 0.54361799816345269, "solar_screening_pct": 0.54361799816345269, "resource_land_adj_oof": 298.39468383789062, "resource_opportunity_oof": -1.9197852819265222 }, "geometry": { "type": "Point", "coordinates": [ -78.72, 42.12 ] } },
{ "type": "Feature", "properties": { "latitude": 42.48, "longitude": -78.81, "frac_class_11": 0.0062714097496706193, "frac_class_21": 0.042143170838823012, "frac_class_22": 0.017174645000731958, "frac_class_23": 0.00087834870443566099, "frac_class_24": 4.6845264236568582e-05, "frac_developed": 0.060243009808227201, "solar_resource_w_m2": 296.70610238872268, "solar_resource_pct": 0.57529843893480259, "solar_screening_pct": 0.57529843893480259, "resource_land_adj_oof": 300.73342895507812, "resource_opportunity_oof": -4.0273265663554412 }, "geometry": { "type": "Point", "coordinates": [ -78.81, 42.48 ] } },
{ "type": "Feature", "properties": { "latitude": 42.93, "longitude": -78.0, "frac_class_11": 0.00281069939569963, "frac_class_21": 0.052507378085913714, "frac_class_22": 0.055786527380896615, "frac_class_23": 0.0098315922612076632, "frac_class_24": 0.0035016629971424554, "frac_developed": 0.12162716072516046, "solar_resource_w_m2": 294.61252255838548, "solar_resource_pct": 0.411386593204775, "solar_screening_pct": 0.411386593204775, "resource_land_adj_oof": 295.37948608398438, "resource_opportunity_oof": -0.76696352559889647 }, "geometry": { "type": "Point", "coordinates": [ -78.0, 42.93 ] } },
{ "type": "Feature", "properties": { "latitude": 42.3, "longitude": -74.4, "frac_class_11": 0.0099780997107287994, "frac_class_21": 0.049445465937437781, "frac_class_22": 0.010522679096349562, "frac_class_23": 0.0017332849262768337, "frac_class_24": 5.8556923185028165e-05, "frac_developed": 0.061759986883249206, "solar_resource_w_m2": 303.87618275720166, "solar_resource_pct": 0.89302112029384761, "solar_screening_pct": 0.89302112029384761, "resource_land_adj_oof": 301.95114135742188, "resource_opportunity_oof": 1.9250413997797864 }, "geometry": { "type": "Point", "coordinates": [ -74.4, 42.3 ] } },
{ "type": "Feature", "properties": { "latitude": 44.64, "longitude": -75.48, "frac_class_11": 0.070993132186125477, "frac_class_21": 0.046721316340885749, "frac_class_22": 0.038618839297904044, "frac_class_23": 0.024455828144384361, "frac_class_24": 0.0054432025263107912, "frac_developed": 0.11523918630948496, "solar_resource_w_m2": 287.24506086782208, "solar_resource_pct": 0.12121212121212122, "solar_screening_pct": 0.12121212121212122, "resource_land_adj_oof": 287.390380859375, "resource_opportunity_oof": -0.14531999155292397 }, "geometry": { "type": "Point", "coordinates": [ -75.48, 44.64 ] } },
{ "type": "Feature", "properties": { "latitude": 42.12, "longitude": -75.75, "frac_class_11": 0.0032499282673490539, "frac_class_21": 0.070157460488484716, "frac_class_22": 0.04279365005006646, "frac_class_23": 0.015336147985922833, "frac_class_24": 0.0035134359647016802, "frac_developed": 0.1318006944891757, "solar_resource_w_m2": 295.91460486086589, "solar_resource_pct": 0.50964187327823696, "solar_screening_pct": 0.50964187327823696, "resource_land_adj_oof": 296.47567749023438, "resource_opportunity_oof": -0.56107262936848201 }, "geometry": { "type": "Point", "coordinates": [ -75.75, 42.12 ] } },
{ "type": "Feature", "properties": { "latitude": 43.02, "longitude": -73.59, "frac_class_11": 0.019382455071937602, "frac_class_21": 0.047115176286649532, "frac_class_22": 0.02464089756577445, "frac_class_23": 0.0029981320232121004, "frac_class_24": 0.00035134359647016802, "frac_developed": 0.075105549472106251, "solar_resource_w_m2": 299.13740290603471, "solar_resource_pct": 0.75390266299357211, "solar_screening_pct": 0.75390266299357211, "resource_land_adj_oof": 297.6673583984375, "resource_opportunity_oof": 1.4700445075972084 }, "geometry": { "type": "Point", "coordinates": [ -73.59, 43.02 ] } },
{ "type": "Feature", "properties": { "latitude": 42.21, "longitude": -78.54, "frac_class_11": 0.00048015833513880674, "frac_class_21": 0.038734724231014712, "frac_class_22": 0.0079460348876019601, "frac_class_23": 0.00031034624100435073, "frac_class_24": 5.8555894529122771e-06, "frac_developed": 0.046996960949073935, "solar_resource_w_m2": 296.77654075862318, "solar_resource_pct": 0.58126721763085398, "solar_screening_pct": 0.58126721763085398, "resource_land_adj_oof": 298.04302978515625, "resource_opportunity_oof": -1.2664890265330655 }, "geometry": { "type": "Point", "coordinates": [ -78.54, 42.21 ] } },
{ "type": "Feature", "properties": { "latitude": 42.3, "longitude": -78.99, "frac_class_11": 0.0047022310710312116, "frac_class_21": 0.041160625402588275, "frac_class_22": 0.016431457515957135, "frac_class_23": 0.0017391813550389412, "frac_class_24": 6.4414124260701525e-05, "frac_developed": 0.059395678397845056, "solar_resource_w_m2": 296.86217816204908, "solar_resource_pct": 0.59182736455463725, "solar_screening_pct": 0.59182736455463725, "resource_land_adj_oof": 301.22909545898438, "resource_opportunity_oof": -4.3669172969352985 }, "geometry": { "type": "Point", "coordinates": [ -78.99, 42.3 ] } },
{ "type": "Feature", "properties": { "latitude": 42.3, "longitude": -75.12, "frac_class_11": 0.0029865429886511367, "frac_class_21": 0.054185259360762683, "frac_class_22": 0.0079699706030474451, "frac_class_23": 0.00096037852968389496, "frac_class_24": 4.6847733155311947e-05, "frac_developed": 0.063162456226649344, "solar_resource_w_m2": 296.84871114525151, "solar_resource_pct": 0.58769513314967858, "solar_screening_pct": 0.58769513314967858, "resource_land_adj_oof": 296.3450927734375, "resource_opportunity_oof": 0.5036183718140137 }, "geometry": { "type": "Point", "coordinates": [ -75.12, 42.3 ] } },
{ "type": "Feature", "properties": { "latitude": 42.3, "longitude": -77.91, "frac_class_11": 0.00061486209521578728, "frac_class_21": 0.043912865257363702, "frac_class_22": 0.01691749136265152, "frac_class_23": 0.0010891842829536804, "frac_class_24": 1.1711658956491187e-05, "frac_developed": 0.061931252561925394, "solar_resource_w_m2": 296.74832958667901, "solar_resource_pct": 0.57988980716253447, "solar_screening_pct": 0.57988980716253447, "resource_land_adj_oof": 296.86367797851562, "resource_opportunity_oof": -0.11534839183661916 }, "geometry": { "type": "Point", "coordinates": [ -77.91, 42.3 ] } },
{ "type": "Feature", "properties": { "latitude": 42.39, "longitude": -75.3, "frac_class_11": 0.0054636168792382561, "frac_class_21": 0.064368785355398611, "frac_class_22": 0.016045348605694343, "frac_class_23": 0.0030743824883173467, "frac_class_24": 0.00015811109939917783, "frac_developed": 0.083646627548809471, "solar_resource_w_m2": 294.16358171698312, "solar_resource_pct": 0.37373737373737376, "solar_screening_pct": 0.37373737373737376, "resource_land_adj_oof": 294.6368408203125, "resource_opportunity_oof": -0.47325910332938292 }, "geometry": { "type": "Point", "coordinates": [ -75.3, 42.39 ] } },
{ "type": "Feature", "properties": { "latitude": 44.37, "longitude": -75.39, "frac_class_11": 0.012784099227566336, "frac_class_21": 0.041180845519123446, "frac_class_22": 0.017832149403545348, "frac_class_23": 0.0055751087790394654, "frac_class_24": 0.0013762085746578511, "frac_developed": 0.065964312276366108, "solar_resource_w_m2": 284.63732899216581, "solar_resource_pct": 0.067952249770431586, "solar_screening_pct": 0.067952249770431586, "resource_land_adj_oof": 285.98330688476562, "resource_opportunity_oof": -1.3459778925998194 }, "geometry": { "type": "Point", "coordinates": [ -75.39, 44.37 ] } },
{ "type": "Feature", "properties": { "latitude": 42.75, "longitude": -75.21, "frac_class_11": 0.0036246310957043144, "frac_class_21": 0.058029231273715273, "frac_class_22": 0.011400899423806624, "frac_class_23": 0.0013994940741087741, "frac_class_24": 5.8556237410408959e-05, "frac_developed": 0.070888181009041082, "solar_resource_w_m2": 291.99814461534578, "solar_resource_pct": 0.24701561065197428, "solar_screening_pct": 0.24701561065197428, "resource_land_adj_oof": 291.71353149414062, "resource_opportunity_oof": 0.28461312120515458 }, "geometry": { "type": "Point", "coordinates": [ -75.21, 42.75 ] } },
{ "type": "Feature", "properties": { "latitude": 41.4, "longitude": -73.86, "frac_class_11": 0.027675784566914378, "frac_class_21": 0.10631108612521448, "frac_class_22": 0.022616140498820003, "frac_class_23": 0.0026820798416518801, "frac_class_24": 0.00014054566855817711, "frac_developed": 0.13174985213424453, "solar_resource_w_m2": 309.5714599825065, "solar_resource_pct": 0.99173553719008267, "solar_screening_pct": 0.99173553719008267, "resource_land_adj_oof": 306.59127807617188, "resource_opportunity_oof": 2.9801819063346215 }, "geometry": { "type": "Point", "coordinates": [ -73.86, 41.4 ] } },
{ "type": "Feature", "properties": { "latitude": 42.93, "longitude": -74.4, "frac_class_11": 0.017245316827798632, "frac_class_21": 0.059096685034344239, "frac_class_22": 0.041459029928969202, "frac_class_23": 0.017543962382371714, "frac_class_24": 0.0052936388496875935, "frac_developed": 0.12339331619537275, "solar_resource_w_m2": 296.97775879388053, "solar_resource_pct": 0.60468319559228645, "solar_screening_pct": 0.60468319559228645, "resource_land_adj_oof": 295.342529296875, "resource_opportunity_oof": 1.6352294970055254 }, "geometry": { "type": "Point", "coordinates": [ -74.4, 42.93 ] } },
{ "type": "Feature", "properties": { "latitude": 42.3, "longitude": -74.13, "frac_class_11": 0.0022955658101239135, "frac_class_21": 0.041940924316600688, "frac_class_22": 0.012801293012578764, "frac_class_23": 0.0014581527722470778, "frac_class_24": 5.8560352299079432e-06, "frac_developed": 0.056206226136656434, "solar_resource_w_m2": 305.85748690911902, "solar_resource_pct": 0.94214876033057848, "solar_screening_pct": 0.94214876033057848, "resource_land_adj_oof": 301.83380126953125, "resource_opportunity_oof": 4.023685639587768 }, "geometry": { "type": "Point", "coordinates": [ -74.13, 42.3 ] } },
{ "type": "Feature", "properties": { "latitude": 43.47, "longitude": -76.11, "frac_class_11": 0.00084911516344002909, "frac_class_21": 0.062284061229987232, "frac_class_22": 0.024272981741096003, "frac_class_23": 0.001821205626412752, "frac_class_24": 0.0001698230326880058, "frac_developed": 0.088548071630183994, "solar_resource_w_m2": 289.9212278435524, "solar_resource_pct": 0.17171717171717171, "solar_screening_pct": 0.17171717171717171, "resource_land_adj_oof": 285.90167236328125, "resource_opportunity_oof": 4.0195554802711513 }, "geometry": { "type": "Point", "coordinates": [ -76.11, 43.47 ] } },
{ "type": "Feature", "properties": { "latitude": 42.84, "longitude": -73.32, "frac_class_11": 0.002518198375469234, "frac_class_21": 0.043576544446201328, "frac_class_22": 0.016930491868561756, "frac_class_23": 0.0050481093015220463, "frac_class_24": 0.00055048987742815816, "frac_developed": 0.066105635493713288, "solar_resource_w_m2": 297.44946321573525, "solar_resource_pct": 0.64370982552800737, "solar_screening_pct": 0.64370982552800737, "resource_land_adj_oof": 298.48562622070312, "resource_opportunity_oof": -1.0361630049678752 }, "geometry": { "type": "Point", "coordinates": [ -73.32, 42.84 ] } },
{ "type": "Feature", "properties": { "latitude": 42.03, "longitude": -76.29, "frac_class_11": 0.01523802830923476, "frac_class_21": 0.059681301498620845, "frac_class_22": 0.027477643669073595, "frac_class_23": 0.0067464291361408321, "frac_class_24": 0.0021082591050440099, "frac_developed": 0.096013633408879293, "solar_resource_w_m2": 298.12746300547275, "solar_resource_pct": 0.69513314967860418, "solar_screening_pct": 0.69513314967860418, "resource_land_adj_oof": 298.16839599609375, "resource_opportunity_oof": -0.040932990621001863 }, "geometry": { "type": "Point", "coordinates": [ -76.29, 42.03 ] } },
{ "type": "Feature", "properties": { "latitude": 41.94, "longitude": -73.86, "frac_class_11": 0.0069102834387444363, "frac_class_21": 0.097335441555399388, "frac_class_22": 0.041649098149449518, "frac_class_23": 0.011314125087842587, "frac_class_24": 0.0020203794799718905, "frac_developed": 0.15231904427266338, "solar_resource_w_m2": 304.58927260705332, "solar_resource_pct": 0.91092745638200179, "solar_screening_pct": 0.91092745638200179, "resource_land_adj_oof": 306.22640991210938, "resource_opportunity_oof": -1.6371373050560578 }, "geometry": { "type": "Point", "coordinates": [ -73.86, 41.94 ] } },
{ "type": "Feature", "properties": { "latitude": 42.21, "longitude": -77.46, "frac_class_11": 0.0033787344677761251, "frac_class_21": 0.038998910841228758, "frac_class_22": 0.016735568646281049, "frac_class_23": 0.001147715694426552, "frac_class_24": 4.0989846229519716e-05, "frac_developed": 0.05692318502816588, "solar_resource_w_m2": 299.32615743425396, "solar_resource_pct": 0.76629935720844811, "solar_screening_pct": 0.76629935720844811, "resource_land_adj_oof": 296.70321655273438, "resource_opportunity_oof": 2.6229408815195825 }, "geometry": { "type": "Point", "coordinates": [ -77.46, 42.21 ] } },
{ "type": "Feature", "properties": { "latitude": 43.74, "longitude": -76.2, "frac_class_11": 0.43638173885033238, "frac_class_21": 0.028598201997130222, "frac_class_22": 0.01740607338428651, "frac_class_23": 0.0027819262643122783, "frac_class_24": 0.0009604966470467657, "frac_developed": 0.049746698292775775, "solar_resource_w_m2": 297.25423988001421, "solar_resource_pct": 0.62947658402203854, "solar_screening_pct": 0.62947658402203854, "resource_land_adj_oof": 296.710693359375, "resource_opportunity_oof": 0.54354652063921094 }, "geometry": { "type": "Point", "coordinates": [ -76.2, 43.74 ] } },
{ "type": "Feature", "properties": { "latitude": 41.4, "longitude": -74.58, "frac_class_11": 0.0089127290401541277, "frac_class_21": 0.099504002529762769, "frac_class_22": 0.041471712918772365, "frac_class_23": 0.0082568646166999472, "frac_class_24": 0.00092523731165857577, "frac_developed": 0.15015781737689365, "solar_resource_w_m2": 307.3483270747281, "solar_resource_pct": 0.96694214876033058, "solar_screening_pct": 0.96694214876033058, "resource_land_adj_oof": 308.13607788085938, "resource_opportunity_oof": -0.78775080613127102 }, "geometry": { "type": "Point", "coordinates": [ -74.58, 41.4 ] } },
{ "type": "Feature", "properties": { "latitude": 42.03, "longitude": -78.99, "frac_class_11": 0.092508227247707492, "frac_class_21": 0.02208181573307412, "frac_class_22": 0.0067691803201892558, "frac_class_23": 0.00043917692388771123, "frac_class_24": 1.1711384637005633e-05, "frac_developed": 0.029301884361788096, "solar_resource_w_m2": 297.72665615217272, "solar_resource_pct": 0.6648301193755739, "solar_screening_pct": 0.6648301193755739, "resource_land_adj_oof": 300.10031127929688, "resource_opportunity_oof": -2.3736551271241524 }, "geometry": { "type": "Point", "coordinates": [ -78.99, 42.03 ] } },
{ "type": "Feature", "properties": { "latitude": 42.21, "longitude": -78.27, "frac_class_11": 0.012233759084547047, "frac_class_21": 0.063247773151320297, "frac_class_22": 0.029779159858746639, "frac_class_23": 0.0036835971585352286, "frac_class_24": 0.0007378906867654035, "frac_developed": 0.097448420855367562, "solar_resource_w_m2": 297.80148487324021, "solar_resource_pct": 0.67309458218549123, "solar_screening_pct": 0.67309458218549123, "resource_land_adj_oof": 297.6204833984375, "resource_opportunity_oof": 0.18100147480271289 }, "geometry": { "type": "Point", "coordinates": [ -78.27, 42.21 ] } },
{ "type": "Feature", "properties": { "latitude": 42.48, "longitude": -78.18, "frac_class_11": 0.0039995315336417408, "frac_class_21": 0.058710546348890322, "frac_class_22": 0.017813433272823094, "frac_class_23": 0.0031797154066873575, "frac_class_24": 0.00040405223399894594, "frac_developed": 0.080107747262399734, "solar_resource_w_m2": 296.74126685506621, "solar_resource_pct": 0.57805325987144174, "solar_screening_pct": 0.57805325987144174, "resource_land_adj_oof": 295.794921875, "resource_opportunity_oof": 0.9463449800662147 }, "geometry": { "type": "Point", "coordinates": [ -78.18, 42.48 ] } },
{ "type": "Feature", "properties": { "latitude": 44.91, "longitude": -74.4, "frac_class_11": 0.0015342363075265418, "frac_class_21": 0.043198707025279767, "frac_class_22": 0.023212643981050426, "frac_class_23": 0.0047608172443476277, "frac_class_24": 0.00098964097699231124, "frac_developed": 0.072161809227670126, "solar_resource_w_m2": 280.513723982562, "solar_resource_pct": 0.012855831037649219, "solar_screening_pct": 0.012855831037649219, "resource_land_adj_oof": 287.01950073242188, "resource_opportunity_oof": -6.5057767498598764 }, "geometry": { "type": "Point", "coordinates": [ -74.4, 44.91 ] } },
{ "type": "Feature", "properties": { "latitude": 43.11, "longitude": -77.28, "frac_class_11": 0.005651537335285505, "frac_class_21": 0.076966325036603223, "frac_class_22": 0.076368960468521235, "frac_class_23": 0.015144948755490483, "frac_class_24": 0.003484626647144949, "frac_developed": 0.17196486090775989, "solar_resource_w_m2": 294.65700369510921, "solar_resource_pct": 0.41781450872359965, "solar_screening_pct": 0.41781450872359965, "resource_land_adj_oof": 294.46530151367188, "resource_opportunity_oof": 0.19170218143733564 }, "geometry": { "type": "Point", "coordinates": [ -77.28, 43.11 ] } },
{ "type": "Feature", "properties": { "latitude": 43.56, "longitude": -75.39, "frac_class_11": 0.0060138312262477088, "frac_class_21": 0.051401568163585577, "frac_class_22": 0.030186270663395267, "frac_class_23": 0.0060138312262477088, "frac_class_24": 0.00062656274703846624, "frac_developed": 0.088228232800267023, "solar_resource_w_m2": 283.26809318341873, "solar_resource_pct": 0.045913682277318638, "solar_screening_pct": 0.045913682277318638, "resource_land_adj_oof": 287.46109008789062, "resource_opportunity_oof": -4.1929969044718973 }, "geometry": { "type": "Point", "coordinates": [ -75.39, 43.56 ] } },
{ "type": "Feature", "properties": { "latitude": 42.75, "longitude": -74.85, "frac_class_11": 0.098149557884874394, "frac_class_21": 0.05203490074369034, "frac_class_22": 0.0075540200269368155, "frac_class_23": 0.00075540200269368161, "frac_class_24": 1.7567488434736782e-05, "frac_developed": 0.060361890261755577, "solar_resource_w_m2": 295.46137292564964, "solar_resource_pct": 0.47199265381083561, "solar_screening_pct": 0.47199265381083561, "resource_land_adj_oof": 293.24679565429688, "resource_opportunity_oof": 2.2145772713527663 }, "geometry": { "type": "Point", "coordinates": [ -74.85, 42.75 ] } },
{ "type": "Feature", "properties": { "latitude": 43.29, "longitude": -78.54, "frac_class_11": 0.00071443629804876908, "frac_class_21": 0.032571267948747977, "frac_class_22": 0.040921974186596703, "frac_class_23": 0.0031388348832306575, "frac_class_24": 0.00054461127638143875, "frac_developed": 0.077176688294956775, "solar_resource_w_m2": 299.75144760781319, "solar_resource_pct": 0.78191000918273645, "solar_screening_pct": 0.78191000918273645, "resource_land_adj_oof": 297.33447265625, "resource_opportunity_oof": 2.4169749515631906 }, "geometry": { "type": "Point", "coordinates": [ -78.54, 43.29 ] } },
{ "type": "Feature", "properties": { "latitude": 44.01, "longitude": -75.57, "frac_class_11": 0.014223976389019019, "frac_class_21": 0.049517473999812614, "frac_class_22": 0.033161950716761923, "frac_class_23": 0.0108685468003373, "frac_class_24": 0.0026585777194790593, "frac_developed": 0.096206549236390895, "solar_resource_w_m2": 283.26144960432674, "solar_resource_pct": 0.044995408631772267, "solar_screening_pct": 0.044995408631772267, "resource_land_adj_oof": 284.73800659179688, "resource_opportunity_oof": -1.4765569874701328 }, "geometry": { "type": "Point", "coordinates": [ -75.57, 44.01 ] } },
{ "type": "Feature", "properties": { "latitude": 42.21, "longitude": -77.73, "frac_class_11": 0.0015986601705237516, "frac_class_21": 0.050518832568162655, "frac_class_22": 0.012853696242855804, "frac_class_23": 0.0011536119179237328, "frac_class_24": 1.7567694181579688e-05, "frac_developed": 0.064543708423123777, "solar_resource_w_m2": 299.1519019022569, "solar_resource_pct": 0.75528007346189163, "solar_screening_pct": 0.75528007346189163, "resource_land_adj_oof": 297.53451538085938, "resource_opportunity_oof": 1.6173865213975205 }, "geometry": { "type": "Point", "coordinates": [ -77.73, 42.21 ] } },
{ "type": "Feature", "properties": { "latitude": 42.48, "longitude": -76.2, "frac_class_11": 0.0040171460695212222, "frac_class_21": 0.049277382179331024, "frac_class_22": 0.015717230394453292, "frac_class_23": 0.0023716387145132577, "frac_class_24": 0.00045676004872107184, "frac_developed": 0.067823011337018652, "solar_resource_w_m2": 293.34924617661437, "solar_resource_pct": 0.32690541781450871, "solar_screening_pct": 0.32690541781450871, "resource_land_adj_oof": 293.818359375, "resource_opportunity_oof": -0.46911319838562804 }, "geometry": { "type": "Point", "coordinates": [ -76.2, 42.48 ] } },
{ "type": "Feature", "properties": { "latitude": 42.84, "longitude": -76.83, "frac_class_11": 0.0017450474032172116, "frac_class_21": 0.035802751084798766, "frac_class_22": 0.056450526734946035, "frac_class_23": 0.0066522612417944712, "frac_class_24": 0.00064414501461038012, "frac_developed": 0.099549684076149642, "solar_resource_w_m2": 293.8010288569867, "solar_resource_pct": 0.35858585858585856, "solar_screening_pct": 0.35858585858585856, "resource_land_adj_oof": 294.07635498046875, "resource_opportunity_oof": -0.27532612348204566 }, "geometry": { "type": "Point", "coordinates": [ -76.83, 42.84 ] } },
{ "type": "Feature", "properties": { "latitude": 42.75, "longitude": -74.58, "frac_class_11": 0.0035660957400087834, "frac_class_21": 0.052835602400819789, "frac_class_22": 0.019546186502708243, "frac_class_23": 0.0038881569316351924, "frac_class_24": 0.0019148001756697408, "frac_developed": 0.078184746010832959, "solar_resource_w_m2": 298.48170168014826, "solar_resource_pct": 0.71992653810835627, "solar_screening_pct": 0.71992653810835627, "resource_land_adj_oof": 297.87127685546875, "resource_opportunity_oof": 0.61042482467951231 }, "geometry": { "type": "Point", "coordinates": [ -74.58, 42.75 ] } },
{ "type": "Feature", "properties": { "latitude": 43.83, "longitude": -75.39, "frac_class_11": 0.0064537665516857679, "frac_class_21": 0.042494128946489962, "frac_class_22": 0.024854614560212703, "frac_class_23": 0.0036309757368830999, "frac_class_24": 0.00040409246104021598, "frac_developed": 0.071383811704625988, "solar_resource_w_m2": 282.73968225185087, "solar_resource_pct": 0.0371900826446281, "solar_screening_pct": 0.0371900826446281, "resource_land_adj_oof": 285.992919921875, "resource_opportunity_oof": -3.2532376700241343 }, "geometry": { "type": "Point", "coordinates": [ -75.39, 43.83 ] } },
{ "type": "Feature", "properties": { "latitude": 43.29, "longitude": -76.38, "frac_class_11": 0.043966597566260264, "frac_class_21": 0.089338627127179882, "frac_class_22": 0.063496246325380937, "frac_class_23": 0.025245072204068724, "frac_class_24": 0.0097853202628157832, "frac_developed": 0.1878652659194453, "solar_resource_w_m2": 292.06230671348703, "solar_resource_pct": 0.25206611570247933, "solar_screening_pct": 0.25206611570247933, "resource_land_adj_oof": 294.28677368164062, "resource_opportunity_oof": -2.2244669681535925 }, "geometry": { "type": "Point", "coordinates": [ -76.38, 43.29 ] } },
{ "type": "Feature", "properties": { "latitude": 43.11, "longitude": -74.94, "frac_class_11": 0.0053057232708085666, "frac_class_21": 0.05431631714873008, "frac_class_22": 0.013767941953279184, "frac_class_23": 0.0020496723452350972, "frac_class_24": 0.00011126792731276243, "frac_developed": 0.07024519937455713, "solar_resource_w_m2": 288.80572432240768, "solar_resource_pct": 0.15472910927456382, "solar_screening_pct": 0.15472910927456382, "resource_land_adj_oof": 292.0333251953125, "resource_opportunity_oof": -3.2276008729048158 }, "geometry": { "type": "Point", "coordinates": [ -74.94, 43.11 ] } },
{ "type": "Feature", "properties": { "latitude": 43.02, "longitude": -74.58, "frac_class_11": 0.0044035579811560512, "frac_class_21": 0.047133295465857789, "frac_class_22": 0.014709757511521277, "frac_class_23": 0.0011477358567906729, "frac_class_24": 4.0990566313952607e-05, "frac_developed": 0.063031779400483698, "solar_resource_w_m2": 291.27787382533643, "solar_resource_pct": 0.21579430670339761, "solar_screening_pct": 0.21579430670339761, "resource_land_adj_oof": 295.2415771484375, "resource_opportunity_oof": -3.9637033231010719 }, "geometry": { "type": "Point", "coordinates": [ -74.58, 43.02 ] } },
{ "type": "Feature", "properties": { "latitude": 42.3, "longitude": -74.31, "frac_class_11": 0.0020145587003753871, "frac_class_21": 0.07320344114736145, "frac_class_22": 0.016052050574793419, "frac_class_23": 0.0040291174007507742, "frac_class_24": 0.00027524493871407908, "frac_developed": 0.093559854061619721, "solar_resource_w_m2": 305.16016328729563, "solar_resource_pct": 0.92286501377410468, "solar_screening_pct": 0.92286501377410468, "resource_land_adj_oof": 301.8226318359375, "resource_opportunity_oof": 3.3375314513581316 }, "geometry": { "type": "Point", "coordinates": [ -74.31, 42.3 ] } },
{ "type": "Feature", "properties": { "latitude": 43.2, "longitude": -75.12, "frac_class_11": 0.0062187088274044799, "frac_class_21": 0.062228077880251795, "frac_class_22": 0.024306836480749525, "frac_class_23": 0.00567413263065437, "frac_class_24": 0.00021080368906455863, "frac_developed": 0.092419850680720256, "solar_resource_w_m2": 288.20605810644008, "solar_resource_pct": 0.14095500459136823, "solar_screening_pct": 0.14095500459136823, "resource_land_adj_oof": 290.37945556640625, "resource_opportunity_oof": -2.1733974599661678 }, "geometry": { "type": "Point", "coordinates": [ -75.12, 43.2 ] } },
{ "type": "Feature", "properties": { "latitude": 43.02, "longitude": -77.82, "frac_class_11": 0.0035661583866207574, "frac_class_21": 0.066609280209870475, "frac_class_22": 0.064179139437378491, "frac_class_23": 0.012595741690675287, "frac_class_24": 0.0019382568570960111, "frac_developed": 0.14532241819502026, "solar_resource_w_m2": 293.47414269071589, "solar_resource_pct": 0.3351698806244261, "solar_screening_pct": 0.3351698806244261, "resource_land_adj_oof": 294.82015991210938, "resource_opportunity_oof": -1.3460172213934811 }, "geometry": { "type": "Point", "coordinates": [ -77.82, 43.02 ] } },
{ "type": "Feature", "properties": { "latitude": 42.93, "longitude": -77.55, "frac_class_11": 0.0017684294355665123, "frac_class_21": 0.060975681167397655, "frac_class_22": 0.058486997359067303, "frac_class_23": 0.010200675750850544, "frac_class_24": 0.001973379866840777, "frac_developed": 0.13163673414415628, "solar_resource_w_m2": 294.30575919131604, "solar_resource_pct": 0.37970615243342515, "solar_screening_pct": 0.37970615243342515, "resource_land_adj_oof": 295.168212890625, "resource_opportunity_oof": -0.86245369930895777 }, "geometry": { "type": "Point", "coordinates": [ -77.55, 42.93 ] } },
{ "type": "Feature", "properties": { "latitude": 44.19, "longitude": -73.5, "frac_class_11": 0.02942606007015407, "frac_class_21": 0.034924780548935101, "frac_class_22": 0.020835407309374762, "frac_class_23": 0.0050712374170653581, "frac_class_24": 8.7838985284041998e-05, "frac_developed": 0.060919264260659266, "solar_resource_w_m2": 289.67195708107801, "solar_resource_pct": 0.16528925619834711, "solar_screening_pct": 0.16528925619834711, "resource_land_adj_oof": 286.44747924804688, "resource_opportunity_oof": 3.2244778330311306 }, "geometry": { "type": "Point", "coordinates": [ -73.5, 44.19 ] } },
{ "type": "Feature", "properties": { "latitude": 43.02, "longitude": -78.0, "frac_class_11": 0.0021842243953856064, "frac_class_21": 0.051197517128301222, "frac_class_22": 0.074480295133805705, "frac_class_23": 0.013374714528312936, "frac_class_24": 0.0034607952216431457, "frac_developed": 0.14251332201206299, "solar_resource_w_m2": 294.27959589470299, "solar_resource_pct": 0.37741046831955921, "solar_screening_pct": 0.37741046831955921, "resource_land_adj_oof": 294.99560546875, "resource_opportunity_oof": -0.71600957404700694 }, "geometry": { "type": "Point", "coordinates": [ -78.0, 43.02 ] } },
{ "type": "Feature", "properties": { "latitude": 42.57, "longitude": -75.3, "frac_class_11": 0.0043977794434554487, "frac_class_21": 0.058957181673381431, "frac_class_22": 0.017274899278553357, "frac_class_23": 0.0035662419188606763, "frac_class_24": 0.00055631031575002342, "frac_developed": 0.080354633186545496, "solar_resource_w_m2": 292.95975477415737, "solar_resource_pct": 0.30670339761248855, "solar_screening_pct": 0.30670339761248855, "resource_land_adj_oof": 293.78204345703125, "resource_opportunity_oof": -0.82228868287387513 }, "geometry": { "type": "Point", "coordinates": [ -75.3, 42.57 ] } },
{ "type": "Feature", "properties": { "latitude": 41.4, "longitude": -73.95, "frac_class_11": 0.087330311442191694, "frac_class_21": 0.079523759326282251, "frac_class_22": 0.035249540274312756, "frac_class_23": 0.018834112231631471, "frac_class_24": 0.0037949330615973855, "frac_developed": 0.13740234489382389, "solar_resource_w_m2": 309.10027200090553, "solar_resource_pct": 0.98530762167125807, "solar_screening_pct": 0.98530762167125807, "resource_land_adj_oof": 305.59197998046875, "resource_opportunity_oof": 3.5082920204367838 }, "geometry": { "type": "Point", "coordinates": [ -73.95, 41.4 ] } },
{ "type": "Feature", "properties": { "latitude": 42.39, "longitude": -78.0, "frac_class_11": 0.0013702079319814729, "frac_class_21": 0.048941016647440813, "frac_class_22": 0.0069622958595126974, "frac_class_23": 0.00045673597732715762, "frac_class_24": 0.0, "frac_developed": 0.056360048484280667, "solar_resource_w_m2": 296.36691738825078, "solar_resource_pct": 0.53627180899908178, "solar_screening_pct": 0.53627180899908178, "resource_land_adj_oof": 296.03390502929688, "resource_opportunity_oof": 0.33301235895390846 }, "geometry": { "type": "Point", "coordinates": [ -78.0, 42.39 ] } },
{ "type": "Feature", "properties": { "latitude": 42.12, "longitude": -73.5, "frac_class_11": 0.0054986882788344424, "frac_class_21": 0.04818818514007308, "frac_class_22": 0.01594561041881383, "frac_class_23": 0.0033788531809238265, "frac_class_24": 0.0003279302913894875, "frac_developed": 0.067840579031200221, "solar_resource_w_m2": 304.06589005123891, "solar_resource_pct": 0.89990817263544531, "solar_screening_pct": 0.89990817263544531, "resource_land_adj_oof": 303.0927734375, "resource_opportunity_oof": 0.97311661373890956 }, "geometry": { "type": "Point", "coordinates": [ -73.5, 42.12 ] } },
{ "type": "Feature", "properties": { "latitude": 42.03, "longitude": -74.13, "frac_class_11": 0.090935706757231533, "frac_class_21": 0.088698910879494081, "frac_class_22": 0.02213373931373697, "frac_class_23": 0.0057793652652535429, "frac_class_24": 0.0009544443143225202, "frac_developed": 0.11756645977280712, "solar_resource_w_m2": 304.51493721200876, "solar_resource_pct": 0.91000918273645548, "solar_screening_pct": 0.91000918273645548, "resource_land_adj_oof": 303.32046508789062, "resource_opportunity_oof": 1.1944721241181355 }, "geometry": { "type": "Point", "coordinates": [ -74.13, 42.03 ] } },
{ "type": "Feature", "properties": { "latitude": 42.3, "longitude": -75.84, "frac_class_11": 0.010177610428244332, "frac_class_21": 0.060029162543114301, "frac_class_22": 0.025092670129474665, "frac_class_23": 0.0044973560465429501, "frac_class_24": 0.00093109324401084519, "frac_developed": 0.090550281963142756, "solar_resource_w_m2": 294.18433503195217, "solar_resource_pct": 0.37511478420569327, "solar_screening_pct": 0.37511478420569327, "resource_land_adj_oof": 295.0120849609375, "resource_opportunity_oof": -0.82774992898532673 }, "geometry": { "type": "Point", "coordinates": [ -75.84, 42.3 ] } },
{ "type": "Feature", "properties": { "latitude": 43.02, "longitude": -75.39, "frac_class_11": 0.00036892157781317342, "frac_class_21": 0.073263140635247817, "frac_class_22": 0.04988053967956526, "frac_class_23": 0.008988803522908274, "frac_class_24": 0.0012180267965895249, "frac_developed": 0.13335051063431086, "solar_resource_w_m2": 287.91832591030601, "solar_resource_pct": 0.13682277318640956, "solar_screening_pct": 0.13682277318640956, "resource_land_adj_oof": 291.2506103515625, "resource_opportunity_oof": -3.3322844412564905 }, "geometry": { "type": "Point", "coordinates": [ -75.39, 43.02 ] } },
{ "type": "Feature", "properties": { "latitude": 43.2, "longitude": -75.3, "frac_class_11": 0.0079112719521693044, "frac_class_21": 0.079604612078304604, "frac_class_22": 0.056825302016173897, "frac_class_23": 0.016203175049335654, "frac_class_24": 0.0059144224068771265, "frac_developed": 0.15854751155069127, "solar_resource_w_m2": 286.99314850416067, "solar_resource_pct": 0.11202938475665748, "solar_screening_pct": 0.11202938475665748, "resource_land_adj_oof": 291.28695678710938, "resource_opportunity_oof": -4.293808282948703 }, "geometry": { "type": "Point", "coordinates": [ -75.3, 43.2 ] } },
{ "type": "Feature", "properties": { "latitude": 42.21, "longitude": -76.38, "frac_class_11": 0.0024418808924284124, "frac_class_21": 0.051466885284300525, "frac_class_22": 0.016138666042044857, "frac_class_23": 0.0028810681032968321, "frac_class_24": 0.00022252152017333254, "frac_developed": 0.070709140949815549, "solar_resource_w_m2": 295.17593315953729, "solar_resource_pct": 0.45041322314049587, "solar_screening_pct": 0.45041322314049587, "resource_land_adj_oof": 295.95599365234375, "resource_opportunity_oof": -0.78006049280645584 }, "geometry": { "type": "Point", "coordinates": [ -76.38, 42.21 ] } },
{ "type": "Feature", "properties": { "latitude": 44.82, "longitude": -74.04, "frac_class_11": 0.019428845804762937, "frac_class_21": 0.028370330899359985, "frac_class_22": 0.010698161930470731, "frac_class_23": 0.00052114746130919268, "frac_class_24": 1.7566768358736832e-05, "frac_developed": 0.039607207059498641, "solar_resource_w_m2": 281.1191711651943, "solar_resource_pct": 0.019742883379247015, "solar_screening_pct": 0.019742883379247015, "resource_land_adj_oof": 283.97467041015625, "resource_opportunity_oof": -2.8554992449619476 }, "geometry": { "type": "Point", "coordinates": [ -74.04, 44.82 ] } },
{ "type": "Feature", "properties": { "latitude": 42.39, "longitude": -79.17, "frac_class_11": 0.0010950080515297906, "frac_class_21": 0.04719074806031328, "frac_class_22": 0.011231152100717318, "frac_class_23": 0.001048162787293222, "frac_class_24": 4.6845264236568582e-05, "frac_developed": 0.059516908212560386, "solar_resource_w_m2": 304.43497381338136, "solar_resource_pct": 0.90909090909090906, "solar_screening_pct": 0.90909090909090906, "resource_land_adj_oof": 303.92349243164062, "resource_opportunity_oof": 0.51148138174073665 }, "geometry": { "type": "Point", "coordinates": [ -79.17, 42.39 ] } },
{ "type": "Feature", "properties": { "latitude": 42.48, "longitude": -75.3, "frac_class_11": 0.00030452096509721245, "frac_class_21": 0.06286015460295151, "frac_class_22": 0.0062016865776528462, "frac_class_23": 0.00078472710236589369, "frac_class_24": 2.9280862028578121e-05, "frac_developed": 0.069875849144998822, "solar_resource_w_m2": 293.39730905062709, "solar_resource_pct": 0.3287419651056015, "solar_screening_pct": 0.3287419651056015, "resource_land_adj_oof": 293.6240234375, "resource_opportunity_oof": -0.22671438687291356 }, "geometry": { "type": "Point", "coordinates": [ -75.3, 42.48 ] } },
{ "type": "Feature", "properties": { "latitude": 42.48, "longitude": -73.59, "frac_class_11": 0.015038122342855136, "frac_class_21": 0.08305517491772367, "frac_class_22": 0.03010552451893234, "frac_class_23": 0.0063302999426115272, "frac_class_24": 0.0011360575290163147, "frac_developed": 0.12062705690828385, "solar_resource_w_m2": 298.34030893435494, "solar_resource_pct": 0.70982552800734622, "solar_screening_pct": 0.70982552800734622, "resource_land_adj_oof": 302.64419555664062, "resource_opportunity_oof": -4.3038866222856882 }, "geometry": { "type": "Point", "coordinates": [ -73.59, 42.48 ] } },
{ "type": "Feature", "properties": { "latitude": 42.84, "longitude": -78.0, "frac_class_11": 0.0040230255260091238, "frac_class_21": 0.043872645183202844, "frac_class_22": 0.038900958616126066, "frac_class_23": 0.0063244069404510238, "frac_class_24": 0.00084911019107907263, "frac_developed": 0.089947120930859006, "solar_resource_w_m2": 295.88478410273825, "solar_resource_pct": 0.50688705234159781, "solar_screening_pct": 0.50688705234159781, "resource_land_adj_oof": 295.93475341796875, "resource_opportunity_oof": -0.049969315230498523 }, "geometry": { "type": "Point", "coordinates": [ -78.0, 42.84 ] } },
{ "type": "Feature", "properties": { "latitude": 42.75, "longitude": -75.3, "frac_class_11": 0.0035426938526942038, "frac_class_21": 0.05158279363369131, "frac_class_22": 0.0091524470938199026, "frac_class_23": 0.00089006523241242817, "frac_class_24": 4.0989846229519716e-05, "frac_developed": 0.061666295806153161, "solar_resource_w_m2": 290.77386520140794, "solar_resource_pct": 0.19421487603305784, "solar_screening_pct": 0.19421487603305784, "resource_land_adj_oof": 291.5810546875, "resource_opportunity_oof": -0.80718948609205654 }, "geometry": { "type": "Point", "coordinates": [ -75.3, 42.75 ] } },
{ "type": "Feature", "properties": { "latitude": 42.12, "longitude": -77.37, "frac_class_11": 0.003595458245252414, "frac_class_21": 0.048240040756334507, "frac_class_22": 0.024729023077688834, "frac_class_23": 0.0016923248092474718, "frac_class_24": 7.6125337440197685e-05, "frac_developed": 0.074737513980711004, "solar_resource_w_m2": 300.08905090395393, "solar_resource_pct": 0.78696051423324154, "solar_screening_pct": 0.78696051423324154, "resource_land_adj_oof": 297.203369140625, "resource_opportunity_oof": 2.8856817633289324 }, "geometry": { "type": "Point", "coordinates": [ -77.37, 42.12 ] } },
{ "type": "Feature", "properties": { "latitude": 42.21, "longitude": -79.44, "frac_class_11": 0.18800651145360003, "frac_class_21": 0.085064646086101092, "frac_class_22": 0.037054387033306789, "frac_class_23": 0.0073253853000421606, "frac_class_24": 0.00066754110647866205, "frac_developed": 0.13011195952592869, "solar_resource_w_m2": 301.30252861158533, "solar_resource_pct": 0.83149678604224064, "solar_screening_pct": 0.83149678604224064, "resource_land_adj_oof": 301.76824951171875, "resource_opportunity_oof": -0.46572090013341949 }, "geometry": { "type": "Point", "coordinates": [ -79.44, 42.21 ] } },
{ "type": "Feature", "properties": { "latitude": 42.48, "longitude": -76.29, "frac_class_11": 0.0038824376789698364, "frac_class_21": 0.064994231974187355, "frac_class_22": 0.03005814872722801, "frac_class_23": 0.0070328923867915135, "frac_class_24": 0.0012648665741440191, "frac_developed": 0.10335013966235089, "solar_resource_w_m2": 292.47397749395236, "solar_resource_pct": 0.27410468319559228, "solar_screening_pct": 0.27410468319559228, "resource_land_adj_oof": 293.58395385742188, "resource_opportunity_oof": -1.1099763634695137 }, "geometry": { "type": "Point", "coordinates": [ -76.29, 42.48 ] } },
{ "type": "Feature", "properties": { "latitude": 43.56, "longitude": -73.68, "frac_class_11": 0.23563410220824624, "frac_class_21": 0.043848707903659329, "frac_class_22": 0.028219407503703834, "frac_class_23": 0.0066054143316409885, "frac_class_24": 0.00033378423484356061, "frac_developed": 0.079007313973847706, "solar_resource_w_m2": 285.36037896447124, "solar_resource_pct": 0.084022038567493115, "solar_screening_pct": 0.084022038567493115, "resource_land_adj_oof": 289.2476806640625, "resource_opportunity_oof": -3.8873016995912621 }, "geometry": { "type": "Point", "coordinates": [ -73.68, 43.56 ] } },
{ "type": "Feature", "properties": { "latitude": 42.39, "longitude": -75.12, "frac_class_11": 0.0050072326694113722, "frac_class_21": 0.05727571404309148, "frac_class_22": 0.027454861700819313, "frac_class_23": 0.010055460226174651, "frac_class_24": 0.0016456519065550824, "frac_developed": 0.096431687876640526, "solar_resource_w_m2": 295.93671405879934, "solar_resource_pct": 0.51147842056932968, "solar_screening_pct": 0.51147842056932968, "resource_land_adj_oof": 294.90078735351562, "resource_opportunity_oof": 1.035926705283714 }, "geometry": { "type": "Point", "coordinates": [ -75.12, 42.39 ] } },
{ "type": "Feature", "properties": { "latitude": 44.46, "longitude": -75.39, "frac_class_11": 0.010236109809800432, "frac_class_21": 0.036054764358662048, "frac_class_22": 0.013240185514850558, "frac_class_23": 0.0015459570879790125, "frac_class_24": 3.5135388363159375e-05, "frac_developed": 0.05087604234985478, "solar_resource_w_m2": 284.75207883609562, "solar_resource_pct": 0.074839302112029382, "solar_screening_pct": 0.074839302112029382, "resource_land_adj_oof": 286.263427734375, "resource_opportunity_oof": -1.5113488982793797 }, "geometry": { "type": "Point", "coordinates": [ -75.39, 44.46 ] } },
{ "type": "Feature", "properties": { "latitude": 42.12, "longitude": -78.81, "frac_class_11": 0.019793399077088849, "frac_class_21": 0.027839591482982363, "frac_class_22": 0.016168513269775833, "frac_class_23": 0.0058443231594481277, "frac_class_24": 0.00060317162868051813, "frac_developed": 0.050455599540886839, "solar_resource_w_m2": 296.69775457950448, "solar_resource_pct": 0.57300275482093666, "solar_screening_pct": 0.57300275482093666, "resource_land_adj_oof": 299.57424926757812, "resource_opportunity_oof": -2.8764946880736488 }, "geometry": { "type": "Point", "coordinates": [ -78.81, 42.12 ] } },
{ "type": "Feature", "properties": { "latitude": 43.29, "longitude": -78.9, "frac_class_11": 0.40384964484186242, "frac_class_21": 0.027352739665864413, "frac_class_22": 0.039175728615849482, "frac_class_23": 0.0050946014791911883, "frac_class_24": 0.00098378511322312601, "frac_developed": 0.072606854874128213, "solar_resource_w_m2": 305.03888223701983, "solar_resource_pct": 0.91965105601469233, "solar_screening_pct": 0.91965105601469233, "resource_land_adj_oof": 299.397216796875, "resource_opportunity_oof": 5.6416654401448341 }, "geometry": { "type": "Point", "coordinates": [ -78.9, 43.29 ] } },
{ "type": "Feature", "properties": { "latitude": 42.66, "longitude": -75.03, "frac_class_11": 0.0062542090006734398, "frac_class_21": 0.065616490498638477, "frac_class_22": 0.01208092993294879, "frac_class_23": 0.0028401604544256729, "frac_class_24": 0.00046848007495681198, "frac_developed": 0.081006060960969753, "solar_resource_w_m2": 293.42876342566046, "solar_resource_pct": 0.33241505968778695, "solar_screening_pct": 0.33241505968778695, "resource_land_adj_oof": 294.03762817382812, "resource_opportunity_oof": -0.60886474816766167 }, "geometry": { "type": "Point", "coordinates": [ -75.03, 42.66 ] } },
{ "type": "Feature", "properties": { "latitude": 42.57, "longitude": -75.66, "frac_class_11": 0.0052760714641244709, "frac_class_21": 0.04150002049528316, "frac_class_22": 0.011377810049715701, "frac_class_23": 0.00076710916958968439, "frac_class_24": 0.0, "frac_developed": 0.053644939714588544, "solar_resource_w_m2": 291.95530616837959, "solar_resource_pct": 0.23921028466483013, "solar_screening_pct": 0.23921028466483013, "resource_land_adj_oof": 293.63751220703125, "resource_opportunity_oof": -1.6822060386516569 }, "geometry": { "type": "Point", "coordinates": [ -75.66, 42.57 ] } },
{ "type": "Feature", "properties": { "latitude": 43.29, "longitude": -75.21, "frac_class_11": 0.0051360737439459332, "frac_class_21": 0.065673809537753369, "frac_class_22": 0.025586666120068168, "frac_class_23": 0.0073322284235123247, "frac_class_24": 0.00073790797233430747, "frac_developed": 0.099330612053668166, "solar_resource_w_m2": 287.43857259648172, "solar_resource_pct": 0.12764003673094582, "solar_screening_pct": 0.12764003673094582, "resource_land_adj_oof": 289.0714111328125, "resource_opportunity_oof": -1.6328385363307802 }, "geometry": { "type": "Point", "coordinates": [ -75.21, 43.29 ] } },
{ "type": "Feature", "properties": { "latitude": 42.03, "longitude": -76.74, "frac_class_11": 0.011167066815014347, "frac_class_21": 0.060098377935234523, "frac_class_22": 0.045663758271359135, "frac_class_23": 0.018926040873689758, "frac_class_24": 0.0022837734965157814, "frac_developed": 0.12697195057679922, "solar_resource_w_m2": 297.97110639614425, "solar_resource_pct": 0.68044077134986225, "solar_screening_pct": 0.68044077134986225, "resource_land_adj_oof": 298.05392456054688, "resource_opportunity_oof": -0.082818164402624461 }, "geometry": { "type": "Point", "coordinates": [ -76.74, 42.03 ] } },
{ "type": "Feature", "properties": { "latitude": 44.73, "longitude": -74.67, "frac_class_11": 0.0039118086258893804, "frac_class_21": 0.041642022662723627, "frac_class_22": 0.016970690715310516, "frac_class_23": 0.0027347524375603898, "frac_class_24": 0.00067344010775041729, "frac_developed": 0.06202090592334495, "solar_resource_w_m2": 281.61206458706164, "solar_resource_pct": 0.026170798898071626, "solar_screening_pct": 0.026170798898071626, "resource_land_adj_oof": 281.50064086914062, "resource_opportunity_oof": 0.11142371792101358 }, "geometry": { "type": "Point", "coordinates": [ -74.67, 44.73 ] } },
{ "type": "Feature", "properties": { "latitude": 44.19, "longitude": -75.84, "frac_class_11": 0.010634186332493998, "frac_class_21": 0.039450723194940564, "frac_class_22": 0.02693681559992973, "frac_class_23": 0.0029103472506880599, "frac_class_24": 0.00024594483808631492, "frac_developed": 0.069543830883644672, "solar_resource_w_m2": 292.22372079118043, "solar_resource_pct": 0.25849403122130393, "solar_screening_pct": 0.25849403122130393, "resource_land_adj_oof": 288.94961547851562, "resource_opportunity_oof": 3.2741053126648012 }, "geometry": { "type": "Point", "coordinates": [ -75.84, 44.19 ] } },
{ "type": "Feature", "properties": { "latitude": 42.39, "longitude": -78.99, "frac_class_11": 0.011401834131715487, "frac_class_21": 0.037865567280776752, "frac_class_22": 0.019096754547264613, "frac_class_23": 0.0025591173680327003, "frac_class_24": 0.00019325142596127943, "frac_developed": 0.059714690622035348, "solar_resource_w_m2": 300.70165093337607, "solar_resource_pct": 0.80899908172635449, "solar_screening_pct": 0.80899908172635449, "resource_land_adj_oof": 301.75445556640625, "resource_opportunity_oof": -1.0528046330301777 }, "geometry": { "type": "Point", "coordinates": [ -78.99, 42.39 ] } },
{ "type": "Feature", "properties": { "latitude": 43.02, "longitude": -77.1, "frac_class_11": 0.0083326013760796364, "frac_class_21": 0.073962816571512227, "frac_class_22": 0.086587615283267458, "frac_class_23": 0.020465524813350899, "frac_class_24": 0.0056272873664178014, "frac_developed": 0.18664324403454838, "solar_resource_w_m2": 291.96024628788098, "solar_resource_pct": 0.24058769513314968, "solar_screening_pct": 0.24058769513314968, "resource_land_adj_oof": 293.47320556640625, "resource_opportunity_oof": -1.5129592785252726 }, "geometry": { "type": "Point", "coordinates": [ -77.1, 43.02 ] } },
{ "type": "Feature", "properties": { "latitude": 44.46, "longitude": -75.66, "frac_class_11": 0.14028142951672123, "frac_class_21": 0.024266415257859941, "frac_class_22": 0.017221893647047799, "frac_class_23": 0.0014229582306129261, "frac_class_24": 8.7836927815612727e-05, "frac_developed": 0.042999104063336277, "solar_resource_w_m2": 287.44265723524472, "solar_resource_pct": 0.12855831037649221, "solar_screening_pct": 0.12855831037649221, "resource_land_adj_oof": 288.44854736328125, "resource_opportunity_oof": -1.0058901280365262 }, "geometry": { "type": "Point", "coordinates": [ -75.66, 44.46 ] } },
{ "type": "Feature", "properties": { "latitude": 42.12, "longitude": -75.3, "frac_class_11": 0.096981231516997043, "frac_class_21": 0.027616900418704068, "frac_class_22": 0.0038591046174567389, "frac_class_23": 0.00028694404591104734, "frac_class_24": 0.0, "frac_developed": 0.031762949082071855, "solar_resource_w_m2": 296.42924605295616, "solar_resource_pct": 0.53994490358126723, "solar_screening_pct": 0.53994490358126723, "resource_land_adj_oof": 296.348388671875, "resource_opportunity_oof": 0.080857381081159474 }, "geometry": { "type": "Point", "coordinates": [ -75.3, 42.12 ] } },
{ "type": "Feature", "properties": { "latitude": 42.39, "longitude": -75.57, "frac_class_11": 0.0086313410199504604, "frac_class_21": 0.061297746130828647, "frac_class_22": 0.021279710492876507, "frac_class_23": 0.0038296452015248311, "frac_class_24": 0.00031620923682315123, "frac_developed": 0.086723311062053138, "solar_resource_w_m2": 293.83873142503859, "solar_resource_pct": 0.35996326905417814, "solar_screening_pct": 0.35996326905417814, "resource_land_adj_oof": 294.15121459960938, "resource_opportunity_oof": -0.31248317457078656 }, "geometry": { "type": "Point", "coordinates": [ -75.57, 42.39 ] } },
{ "type": "Feature", "properties": { "latitude": 43.29, "longitude": -75.75, "frac_class_11": 0.0022251761109777306, "frac_class_21": 0.051512826969134465, "frac_class_22": 0.025952580325929744, "frac_class_23": 0.006066532765718234, "frac_class_24": 0.0017157278960959871, "frac_developed": 0.085247667956878437, "solar_resource_w_m2": 286.39743336039186, "solar_resource_pct": 0.091827364554637275, "solar_screening_pct": 0.091827364554637275, "resource_land_adj_oof": 292.59463500976562, "resource_opportunity_oof": -6.1972016493737669 }, "geometry": { "type": "Point", "coordinates": [ -75.75, 43.29 ] } },
{ "type": "Feature", "properties": { "latitude": 43.92, "longitude": -75.84, "frac_class_11": 0.0036012929520061838, "frac_class_21": 0.055928372332700912, "frac_class_22": 0.028336026983346217, "frac_class_23": 0.011090811139999532, "frac_class_24": 0.0019968144660717215, "frac_developed": 0.097352024922118377, "solar_resource_w_m2": 288.45715474542232, "solar_resource_pct": 0.14600550964187328, "solar_screening_pct": 0.14600550964187328, "resource_land_adj_oof": 289.20306396484375, "resource_opportunity_oof": -0.74590921942143495 }, "geometry": { "type": "Point", "coordinates": [ -75.84, 43.92 ] } },
{ "type": "Feature", "properties": { "latitude": 43.02, "longitude": -78.54, "frac_class_11": 0.0023013140327454149, "frac_class_21": 0.067282692713091133, "frac_class_22": 0.084469350947462107, "frac_class_23": 0.018539339001709881, "frac_class_24": 0.0047431663270325348, "frac_developed": 0.17503454898929563, "solar_resource_w_m2": 295.27404679679239, "solar_resource_pct": 0.46464646464646464, "solar_screening_pct": 0.46464646464646464, "resource_land_adj_oof": 295.50985717773438, "resource_opportunity_oof": -0.23581038094198448 }, "geometry": { "type": "Point", "coordinates": [ -78.54, 43.02 ] } },
{ "type": "Feature", "properties": { "latitude": 42.57, "longitude": -78.18, "frac_class_11": 0.0018035743564518774, "frac_class_21": 0.040568711498372101, "frac_class_22": 0.02029021151008362, "frac_class_23": 0.0018504204436324456, "frac_class_24": 0.00022837467500527018, "frac_developed": 0.062937718127093423, "solar_resource_w_m2": 296.02455825235108, "solar_resource_pct": 0.51698806244260787, "solar_screening_pct": 0.51698806244260787, "resource_land_adj_oof": 296.36376953125, "resource_opportunity_oof": -0.33921127889891522 }, "geometry": { "type": "Point", "coordinates": [ -78.18, 42.57 ] } },
{ "type": "Feature", "properties": { "latitude": 44.46, "longitude": -75.75, "frac_class_11": 0.23098030114807586, "frac_class_21": 0.0249341323904823, "frac_class_22": 0.024729362619960959, "frac_class_23": 0.0029759873315768639, "frac_class_24": 0.00010238488526067191, "frac_developed": 0.052741867227280796, "solar_resource_w_m2": 287.86946228510794, "solar_resource_pct": 0.13498622589531681, "solar_screening_pct": 0.13498622589531681, "resource_land_adj_oof": 293.41348266601562, "resource_opportunity_oof": -5.544020380907682 }, "geometry": { "type": "Point", "coordinates": [ -75.75, 44.46 ] } },
{ "type": "Feature", "properties": { "latitude": 44.73, "longitude": -74.76, "frac_class_11": 0.0066696335507747083, "frac_class_21": 0.040591659151861526, "frac_class_22": 0.01499057233536721, "frac_class_23": 0.0011008701558785296, "frac_class_24": 6.4412615503530989e-05, "frac_developed": 0.056747514258610798, "solar_resource_w_m2": 281.61206458706164, "solar_resource_pct": 0.026170798898071626, "solar_screening_pct": 0.026170798898071626, "resource_land_adj_oof": 283.38262939453125, "resource_opportunity_oof": -1.7705648074696114 }, "geometry": { "type": "Point", "coordinates": [ -74.76, 44.73 ] } },
{ "type": "Feature", "properties": { "latitude": 42.66, "longitude": -77.19, "frac_class_11": 0.0025591473412977278, "frac_class_21": 0.054368704614663858, "frac_class_22": 0.020367767627078943, "frac_class_23": 0.0012356523776059967, "frac_class_24": 0.00011712344811431249, "frac_developed": 0.076089248067463103, "solar_resource_w_m2": 294.75463036738199, "solar_resource_pct": 0.42102846648301195, "solar_screening_pct": 0.42102846648301195, "resource_land_adj_oof": 295.74191284179688, "resource_opportunity_oof": -0.98728247441488293 }, "geometry": { "type": "Point", "coordinates": [ -77.19, 42.66 ] } },
{ "type": "Feature", "properties": { "latitude": 42.48, "longitude": -77.28, "frac_class_11": 0.002061239906073045, "frac_class_21": 0.049698133758073679, "frac_class_22": 0.019985828975645749, "frac_class_23": 0.0018270080985647447, "frac_class_24": 0.00035134771126245091, "frac_developed": 0.071862318543546633, "solar_resource_w_m2": 295.86735352575374, "solar_resource_pct": 0.50321395775941236, "solar_screening_pct": 0.50321395775941236, "resource_land_adj_oof": 294.92169189453125, "resource_opportunity_oof": 0.94566163122249236 }, "geometry": { "type": "Point", "coordinates": [ -77.28, 42.48 ] } },
{ "type": "Feature", "properties": { "latitude": 44.64, "longitude": -73.59, "frac_class_11": 0.0070221675598114144, "frac_class_21": 0.048288383261588921, "frac_class_22": 0.037564789598524113, "frac_class_23": 0.0038244165275703535, "frac_class_24": 0.00045096488916220094, "frac_developed": 0.090128554276845602, "solar_resource_w_m2": 291.39281432785344, "solar_resource_pct": 0.21946740128558309, "solar_screening_pct": 0.21946740128558309, "resource_land_adj_oof": 284.40057373046875, "resource_opportunity_oof": 6.9922405973846935 }, "geometry": { "type": "Point", "coordinates": [ -73.59, 44.64 ] } },
{ "type": "Feature", "properties": { "latitude": 43.2, "longitude": -74.22, "frac_class_11": 0.1722726474205071, "frac_class_21": 0.030590853194354981, "frac_class_22": 0.022041342156116413, "frac_class_23": 0.0046143936288575273, "frac_class_24": 0.00035134976869473562, "frac_developed": 0.057597938748023658, "solar_resource_w_m2": 296.09039207563046, "solar_resource_pct": 0.52066115702479343, "solar_screening_pct": 0.52066115702479343, "resource_land_adj_oof": 292.56915283203125, "resource_opportunity_oof": 3.5212392435992115 }, "geometry": { "type": "Point", "coordinates": [ -74.22, 43.2 ] } },
{ "type": "Feature", "properties": { "latitude": 42.48, "longitude": -75.93, "frac_class_11": 0.0057270012297241909, "frac_class_21": 0.052731744451601573, "frac_class_22": 0.01213327867892487, "frac_class_23": 0.0012999941441705217, "frac_class_24": 0.00011126076008666627, "frac_developed": 0.066276278034783628, "solar_resource_w_m2": 293.18343438119985, "solar_resource_pct": 0.31818181818181818, "solar_screening_pct": 0.31818181818181818, "resource_land_adj_oof": 293.716552734375, "resource_opportunity_oof": -0.53311835317515488 }, "geometry": { "type": "Point", "coordinates": [ -75.93, 42.48 ] } },
{ "type": "Feature", "properties": { "latitude": 43.83, "longitude": -73.41, "frac_class_11": 0.14445075569036897, "frac_class_21": 0.04167569435091438, "frac_class_22": 0.037711321008836396, "frac_class_23": 0.010938625410637637, "frac_class_24": 0.0026351078344683818, "frac_developed": 0.092960748604856799, "solar_resource_w_m2": 283.5993455016544, "solar_resource_pct": 0.050505050505050504, "solar_screening_pct": 0.050505050505050504, "resource_land_adj_oof": 290.19625854492188, "resource_opportunity_oof": -6.5969130432674774 }, "geometry": { "type": "Point", "coordinates": [ -73.41, 43.83 ] } },
{ "type": "Feature", "properties": { "latitude": 42.21, "longitude": -77.28, "frac_class_11": 0.0057855595245066465, "frac_class_21": 0.04894302277917667, "frac_class_22": 0.020454412367511859, "frac_class_23": 0.00103648181764947, "frac_class_24": 2.9279147391227968e-05, "frac_developed": 0.070463196111729229, "solar_resource_w_m2": 298.62645234466845, "solar_resource_pct": 0.72956841138659323, "solar_screening_pct": 0.72956841138659323, "resource_land_adj_oof": 295.94891357421875, "resource_opportunity_oof": 2.6775387704497007 }, "geometry": { "type": "Point", "coordinates": [ -77.28, 42.21 ] } },
{ "type": "Feature", "properties": { "latitude": 42.3, "longitude": -77.1, "frac_class_11": 0.00080224394071592953, "frac_class_21": 0.038115370876788214, "frac_class_22": 0.014914710343091039, "frac_class_23": 0.00060900269952158148, "frac_class_24": 5.8557951877075151e-06, "frac_developed": 0.053644939714588544, "solar_resource_w_m2": 296.87342973584435, "solar_resource_pct": 0.5950413223140496, "solar_screening_pct": 0.5950413223140496, "resource_land_adj_oof": 295.3424072265625, "resource_opportunity_oof": 1.5310225092818541 }, "geometry": { "type": "Point", "coordinates": [ -77.1, 42.3 ] } },
{ "type": "Feature", "properties": { "latitude": 42.03, "longitude": -79.08, "frac_class_11": 0.0018565588652149976, "frac_class_21": 0.044697972426879694, "frac_class_22": 0.0097454698792358244, "frac_class_23": 0.00064423178288217585, "frac_class_24": 4.099656800159301e-05, "frac_developed": 0.055128670656999286, "solar_resource_w_m2": 300.15798882479237, "solar_resource_pct": 0.7910927456382002, "solar_screening_pct": 0.7910927456382002, "resource_land_adj_oof": 298.56976318359375, "resource_opportunity_oof": 1.5882256411986191 }, "geometry": { "type": "Point", "coordinates": [ -79.08, 42.03 ] } },
{ "type": "Feature", "properties": { "latitude": 42.84, "longitude": -78.36, "frac_class_11": 0.0026644336175395858, "frac_class_21": 0.050946313126581093, "frac_class_22": 0.03098941253630657, "frac_class_23": 0.0027698397826290641, "frac_class_24": 0.00041576876229738592, "frac_developed": 0.08512133420781412, "solar_resource_w_m2": 294.44646147316513, "solar_resource_pct": 0.39348025711662077, "solar_screening_pct": 0.39348025711662077, "resource_land_adj_oof": 295.6474609375, "resource_opportunity_oof": -1.2009994643348705 }, "geometry": { "type": "Point", "coordinates": [ -78.36, 42.84 ] } },
{ "type": "Feature", "properties": { "latitude": 44.28, "longitude": -75.39, "frac_class_11": 0.025436978480456743, "frac_class_21": 0.040421607378129117, "frac_class_22": 0.020260576782315912, "frac_class_23": 0.0024359537403015664, "frac_class_24": 0.00029863855950812472, "frac_developed": 0.063416776460254717, "solar_resource_w_m2": 284.06676020291923, "solar_resource_pct": 0.056932966023875112, "solar_screening_pct": 0.056932966023875112, "resource_land_adj_oof": 286.52749633789062, "resource_opportunity_oof": -2.4607361349713983 }, "geometry": { "type": "Point", "coordinates": [ -75.39, 44.28 ] } },
{ "type": "Feature", "properties": { "latitude": 42.39, "longitude": -75.39, "frac_class_11": 0.0036716265832791666, "frac_class_21": 0.053914937722888814, "frac_class_22": 0.015594165217340384, "frac_class_23": 0.0023364896439049244, "frac_class_24": 0.00032207250730519006, "frac_developed": 0.07216766509143932, "solar_resource_w_m2": 294.53180076973916, "solar_resource_pct": 0.40587695133149676, "solar_screening_pct": 0.40587695133149676, "resource_land_adj_oof": 294.5869140625, "resource_opportunity_oof": -0.05511329276083643 }, "geometry": { "type": "Point", "coordinates": [ -75.39, 42.39 ] } },
{ "type": "Feature", "properties": { "latitude": 42.75, "longitude": -77.64, "frac_class_11": 0.091962100183877349, "frac_class_21": 0.05846597097782931, "frac_class_22": 0.026791047398194021, "frac_class_23": 0.0025883372568309849, "frac_class_24": 0.00012883126617710785, "frac_developed": 0.087974186899031415, "solar_resource_w_m2": 294.47870390100366, "solar_resource_pct": 0.40128558310376494, "solar_screening_pct": 0.40128558310376494, "resource_land_adj_oof": 295.12744140625, "resource_opportunity_oof": -0.64873750524634488 }, "geometry": { "type": "Point", "coordinates": [ -77.64, 42.75 ] } },
{ "type": "Feature", "properties": { "latitude": 42.03, "longitude": -73.68, "frac_class_11": 0.006787105085936814, "frac_class_21": 0.066898954703832753, "frac_class_22": 0.017562146809943488, "frac_class_23": 0.0033789125406260066, "frac_class_24": 0.00046848007495681198, "frac_developed": 0.088308494129359053, "solar_resource_w_m2": 302.50618327145304, "solar_resource_pct": 0.86271808999081723, "solar_screening_pct": 0.86271808999081723, "resource_land_adj_oof": 305.23965454101562, "resource_opportunity_oof": -2.7334712695625853 }, "geometry": { "type": "Point", "coordinates": [ -73.68, 42.03 ] } },
{ "type": "Feature", "properties": { "latitude": 41.49, "longitude": -74.49, "frac_class_11": 0.010657235208694431, "frac_class_21": 0.10018972220920973, "frac_class_22": 0.049380475008197873, "frac_class_23": 0.015505691666276291, "frac_class_24": 0.0017801096172764322, "frac_developed": 0.16685599850096033, "solar_resource_w_m2": 307.49976472146409, "solar_resource_pct": 0.97107438016528924, "solar_screening_pct": 0.97107438016528924, "resource_land_adj_oof": 307.17056274414062, "resource_opportunity_oof": 0.32920197732346423 }, "geometry": { "type": "Point", "coordinates": [ -74.49, 41.49 ] } },
{ "type": "Feature", "properties": { "latitude": 42.03, "longitude": -75.3, "frac_class_11": 0.038496222989986534, "frac_class_21": 0.030022837734965158, "frac_class_22": 0.0075247408795455877, "frac_class_23": 0.0019324237278210458, "frac_class_24": 5.8558294782455936e-05, "frac_developed": 0.039538560637114251, "solar_resource_w_m2": 298.21590122603072, "solar_resource_pct": 0.69972451790633605, "solar_screening_pct": 0.69972451790633605, "resource_land_adj_oof": 298.4805908203125, "resource_opportunity_oof": -0.26468959428177641 }, "geometry": { "type": "Point", "coordinates": [ -75.3, 42.03 ] } },
{ "type": "Feature", "properties": { "latitude": 43.02, "longitude": -77.91, "frac_class_11": 0.0025297035210896462, "frac_class_21": 0.052069730809095223, "frac_class_22": 0.057896247020864197, "frac_class_23": 0.015552992018551159, "frac_class_24": 0.0022544811472673932, "frac_developed": 0.12777345099577797, "solar_resource_w_m2": 294.61345280952509, "solar_resource_pct": 0.41230486685032142, "solar_screening_pct": 0.41230486685032142, "resource_land_adj_oof": 295.17843627929688, "resource_opportunity_oof": -0.56498346977178926 }, "geometry": { "type": "Point", "coordinates": [ -77.91, 43.02 ] } },
{ "type": "Feature", "properties": { "latitude": 42.39, "longitude": -74.85, "frac_class_11": 0.0010365000263516957, "frac_class_21": 0.055924153964173405, "frac_class_22": 0.0070739662815415159, "frac_class_23": 0.0007964067999086475, "frac_class_24": 5.8559323522694663e-05, "frac_developed": 0.063853086369146272, "solar_resource_w_m2": 299.23540986837992, "solar_resource_pct": 0.76124885215794302, "solar_screening_pct": 0.76124885215794302, "resource_land_adj_oof": 299.32119750976562, "resource_opportunity_oof": -0.085787641385707047 }, "geometry": { "type": "Point", "coordinates": [ -74.85, 42.39 ] } },
{ "type": "Feature", "properties": { "latitude": 42.03, "longitude": -75.93, "frac_class_11": 0.0074076676680193713, "frac_class_21": 0.081911822403363602, "frac_class_22": 0.04832844368708606, "frac_class_23": 0.014809479472269557, "frac_class_24": 0.0014229748959120215, "frac_developed": 0.14647272045863124, "solar_resource_w_m2": 296.6729963759995, "solar_resource_pct": 0.57024793388429751, "solar_screening_pct": 0.57024793388429751, "resource_land_adj_oof": 298.1131591796875, "resource_opportunity_oof": -1.440162803687997 }, "geometry": { "type": "Point", "coordinates": [ -75.93, 42.03 ] } },
{ "type": "Feature", "properties": { "latitude": 44.91, "longitude": -74.04, "frac_class_11": 0.0010364454021642385, "frac_class_21": 0.049854780531222186, "frac_class_22": 0.017080854452616291, "frac_class_23": 0.003302571789947065, "frac_class_24": 0.00059727362158617137, "frac_developed": 0.070835480395371714, "solar_resource_w_m2": 281.82096140343316, "solar_resource_pct": 0.028925619834710745, "solar_screening_pct": 0.028925619834710745, "resource_land_adj_oof": 286.15054321289062, "resource_opportunity_oof": -4.3295818094574656 }, "geometry": { "type": "Point", "coordinates": [ -74.04, 44.91 ] } },
{ "type": "Feature", "properties": { "latitude": 43.29, "longitude": -77.91, "frac_class_11": 0.00091937061176208801, "frac_class_21": 0.048205470547933171, "frac_class_22": 0.057539717396014496, "frac_class_23": 0.0060608190011067582, "frac_class_24": 0.00059144224068771267, "frac_developed": 0.11239744918574214, "solar_resource_w_m2": 299.04242982347802, "solar_resource_pct": 0.74931129476584024, "solar_screening_pct": 0.74931129476584024, "resource_land_adj_oof": 297.6041259765625, "resource_opportunity_oof": 1.4383038469155167 }, "geometry": { "type": "Point", "coordinates": [ -77.91, 43.29 ] } },
{ "type": "Feature", "properties": { "latitude": 43.47, "longitude": -75.48, "frac_class_11": 0.0032616397205647261, "frac_class_21": 0.033342507305018941, "frac_class_22": 0.0092871824000281076, "frac_class_23": 0.0014522201987433611, "frac_class_24": 5.27015394705252e-05, "frac_developed": 0.044134611443260932, "solar_resource_w_m2": 287.86355246600903, "solar_resource_pct": 0.13406795224977044, "solar_screening_pct": 0.13406795224977044, "resource_land_adj_oof": 287.93206787109375, "resource_opportunity_oof": -0.068515405084724534 }, "geometry": { "type": "Point", "coordinates": [ -75.48, 43.47 ] } },
{ "type": "Feature", "properties": { "latitude": 44.1, "longitude": -76.29, "frac_class_11": 0.25793118922078612, "frac_class_21": 0.036548714890501467, "frac_class_22": 0.025099933279405774, "frac_class_23": 0.0030112834562448705, "frac_class_24": 0.0003129373003548591, "frac_developed": 0.064972868926506971, "solar_resource_w_m2": 306.02993836478811, "solar_resource_pct": 0.94490358126721763, "solar_screening_pct": 0.94490358126721763, "resource_land_adj_oof": 299.02349853515625, "resource_opportunity_oof": 7.0064398296318586 }, "geometry": { "type": "Point", "coordinates": [ -76.29, 44.1 ] } },
{ "type": "Feature", "properties": { "latitude": 42.84, "longitude": -74.49, "frac_class_11": 0.0072258820084907041, "frac_class_21": 0.046359244620114183, "frac_class_22": 0.016091348265261308, "frac_class_23": 0.003700775874688918, "frac_class_24": 0.00021080368906455863, "frac_developed": 0.066362172449128981, "solar_resource_w_m2": 296.91630192359958, "solar_resource_pct": 0.59917355371900827, "solar_screening_pct": 0.59917355371900827, "resource_land_adj_oof": 296.94107055664062, "resource_opportunity_oof": -0.024768633041048815 }, "geometry": { "type": "Point", "coordinates": [ -74.49, 42.84 ] } },
{ "type": "Feature", "properties": { "latitude": 43.29, "longitude": -75.03, "frac_class_11": 0.055003162110884692, "frac_class_21": 0.040264211931698407, "frac_class_22": 0.011038109291921392, "frac_class_23": 0.00089007565643079659, "frac_class_24": 1.756728269271309e-05, "frac_developed": 0.052209964162743309, "solar_resource_w_m2": 286.69801340892678, "solar_resource_pct": 0.099632690541781449, "solar_screening_pct": 0.099632690541781449, "resource_land_adj_oof": 289.48883056640625, "resource_opportunity_oof": -2.7908171574794665 }, "geometry": { "type": "Point", "coordinates": [ -75.03, 43.29 ] } },
{ "type": "Feature", "properties": { "latitude": 43.38, "longitude": -75.75, "frac_class_11": 0.0018035321122405958, "frac_class_21": 0.046938679908183817, "frac_class_22": 0.018808263456223356, "frac_class_23": 0.0048016114676535347, "frac_class_24": 0.0013350822129573241, "frac_developed": 0.071883637045018031, "solar_resource_w_m2": 287.25556771785477, "solar_resource_pct": 0.12213039485766758, "solar_screening_pct": 0.12213039485766758, "resource_land_adj_oof": 286.63711547851562, "resource_opportunity_oof": 0.61845223933914895 }, "geometry": { "type": "Point", "coordinates": [ -75.75, 43.38 ] } },
{ "type": "Feature", "properties": { "latitude": 42.39, "longitude": -77.19, "frac_class_11": 0.050476363359547471, "frac_class_21": 0.053937097784778627, "frac_class_22": 0.02518548014030321, "frac_class_23": 0.0045674667541121842, "frac_class_24": 0.00095448343707728973, "frac_developed": 0.084644528116271309, "solar_resource_w_m2": 296.968179685797, "solar_resource_pct": 0.60330578512396693, "solar_screening_pct": 0.60330578512396693, "resource_land_adj_oof": 294.988037109375, "resource_opportunity_oof": 1.9801425764219971 }, "geometry": { "type": "Point", "coordinates": [ -77.19, 42.39 ] } },
{ "type": "Feature", "properties": { "latitude": 43.2, "longitude": -76.02, "frac_class_11": 0.48977560198632064, "frac_class_21": 0.053165698491520662, "frac_class_22": 0.057124285580436612, "frac_class_23": 0.010985664761547831, "frac_class_24": 0.0010423498547737281, "frac_developed": 0.12231799868827883, "solar_resource_w_m2": 285.81677248619673, "solar_resource_pct": 0.088154269972451793, "solar_screening_pct": 0.088154269972451793, "resource_land_adj_oof": 289.43972778320312, "resource_opportunity_oof": -3.6229552970063992 }, "geometry": { "type": "Point", "coordinates": [ -76.02, 43.2 ] } },
{ "type": "Feature", "properties": { "latitude": 42.39, "longitude": -77.37, "frac_class_11": 0.001528460997891778, "frac_class_21": 0.04988287655188569, "frac_class_22": 0.04945537596626845, "frac_class_23": 0.015571562426797844, "frac_class_24": 0.0032150386507378776, "frac_developed": 0.11812485359568987, "solar_resource_w_m2": 297.76747862306291, "solar_resource_pct": 0.6703397612488522, "solar_screening_pct": 0.6703397612488522, "resource_land_adj_oof": 294.96701049804688, "resource_opportunity_oof": 2.8004681250160388 }, "geometry": { "type": "Point", "coordinates": [ -77.37, 42.39 ] } },
{ "type": "Feature", "properties": { "latitude": 42.48, "longitude": -78.27, "frac_class_11": 0.00216077577120371, "frac_class_21": 0.052461761881338859, "frac_class_22": 0.010159745157285738, "frac_class_23": 0.0010364696788700723, "frac_class_24": 9.9547935258707517e-05, "frac_developed": 0.063757524652753375, "solar_resource_w_m2": 296.74126685506621, "solar_resource_pct": 0.57805325987144174, "solar_screening_pct": 0.57805325987144174, "resource_land_adj_oof": 295.81341552734375, "resource_opportunity_oof": 0.9278513277224647 }, "geometry": { "type": "Point", "coordinates": [ -78.27, 42.48 ] } },
{ "type": "Feature", "properties": { "latitude": 43.92, "longitude": -73.41, "frac_class_11": 0.120855439607416, "frac_class_21": 0.036078610496234613, "frac_class_22": 0.030925359849150298, "frac_class_23": 0.0061663328765679355, "frac_class_24": 0.0016338146937915042, "frac_developed": 0.074804117915744359, "solar_resource_w_m2": 283.66817180356753, "solar_resource_pct": 0.054178145087235993, "solar_screening_pct": 0.054178145087235993, "resource_land_adj_oof": 290.5684814453125, "resource_opportunity_oof": -6.9003096417449683 }, "geometry": { "type": "Point", "coordinates": [ -73.41, 43.92 ] } },
{ "type": "Feature", "properties": { "latitude": 42.75, "longitude": -75.57, "frac_class_11": 0.0060260366949911864, "frac_class_21": 0.054386591629138142, "frac_class_22": 0.02095936378170404, "frac_class_23": 0.002278064406561294, "frac_class_24": 0.00013469275411544926, "frac_developed": 0.077758712571518923, "solar_resource_w_m2": 292.36277422562904, "solar_resource_pct": 0.26538108356290174, "solar_screening_pct": 0.26538108356290174, "resource_land_adj_oof": 292.02072143554688, "resource_opportunity_oof": 0.34205279008216394 }, "geometry": { "type": "Point", "coordinates": [ -75.57, 42.75 ] } },
{ "type": "Feature", "properties": { "latitude": 42.75, "longitude": -78.54, "frac_class_11": 0.0023481051201573993, "frac_class_21": 0.073400243593947631, "frac_class_22": 0.049163816929779357, "frac_class_23": 0.0093865648568885549, "frac_class_24": 0.0019089333395793319, "frac_developed": 0.13385955872019487, "solar_resource_w_m2": 294.25076926421025, "solar_resource_pct": 0.37649219467401285, "solar_screening_pct": 0.37649219467401285, "resource_land_adj_oof": 295.67495727539062, "resource_opportunity_oof": -1.4241880111803766 }, "geometry": { "type": "Point", "coordinates": [ -78.54, 42.75 ] } },
{ "type": "Feature", "properties": { "latitude": 42.57, "longitude": -74.67, "frac_class_11": 0.0061137365822807052, "frac_class_21": 0.059989576196248603, "frac_class_22": 0.014593325251957391, "frac_class_23": 0.0028577619273496015, "frac_class_24": 0.00014640173808143451, "frac_developed": 0.077587065113637027, "solar_resource_w_m2": 299.47527732075082, "solar_resource_pct": 0.7718089990817264, "solar_screening_pct": 0.7718089990817264, "resource_land_adj_oof": 298.3038330078125, "resource_opportunity_oof": 1.1714443129383199 }, "geometry": { "type": "Point", "coordinates": [ -74.67, 42.57 ] } },
{ "type": "Feature", "properties": { "latitude": 42.66, "longitude": -76.47, "frac_class_11": 0.00034549596238193117, "frac_class_21": 0.060350532005223431, "frac_class_22": 0.0277158032195539, "frac_class_23": 0.0057094671749556422, "frac_class_24": 0.00067928019722549179, "frac_developed": 0.094455082596958465, "solar_resource_w_m2": 293.07507805738464, "solar_resource_pct": 0.31404958677685951, "solar_screening_pct": 0.31404958677685951, "resource_land_adj_oof": 292.9205322265625, "resource_opportunity_oof": 0.15454583082214413 }, "geometry": { "type": "Point", "coordinates": [ -76.47, 42.66 ] } },
{ "type": "Feature", "properties": { "latitude": 42.66, "longitude": -78.63, "frac_class_11": 0.002424299207710911, "frac_class_21": 0.066416429018978637, "frac_class_22": 0.02580063359703931, "frac_class_23": 0.0031152830398603979, "frac_class_24": 0.00017567385563122545, "frac_developed": 0.09550801951150957, "solar_resource_w_m2": 293.74029478553183, "solar_resource_pct": 0.35032139577594124, "solar_screening_pct": 0.35032139577594124, "resource_land_adj_oof": 296.65866088867188, "resource_opportunity_oof": -2.9183661031400447 }, "geometry": { "type": "Point", "coordinates": [ -78.63, 42.66 ] } },
{ "type": "Feature", "properties": { "latitude": 42.48, "longitude": -77.82, "frac_class_11": 0.0015403086473981668, "frac_class_21": 0.042010014934551525, "frac_class_22": 0.016703270959618145, "frac_class_23": 0.0015168818999092214, "frac_class_24": 5.2710181850127386e-05, "frac_developed": 0.060282877975929024, "solar_resource_w_m2": 296.11604926468277, "solar_resource_pct": 0.52341597796143247, "solar_screening_pct": 0.52341597796143247, "resource_land_adj_oof": 295.69183349609375, "resource_opportunity_oof": 0.42421576858902199 }, "geometry": { "type": "Point", "coordinates": [ -77.82, 42.48 ] } },
{ "type": "Feature", "properties": { "latitude": 42.21, "longitude": -76.56, "frac_class_11": 0.0020436366191574828, "frac_class_21": 0.053966060407321957, "frac_class_22": 0.017022497569887687, "frac_class_23": 0.0022485858503050815, "frac_class_24": 0.00029278461592514084, "frac_developed": 0.073529928443439863, "solar_resource_w_m2": 295.74400780459638, "solar_resource_pct": 0.49816345270890727, "solar_screening_pct": 0.49816345270890727, "resource_land_adj_oof": 295.39208984375, "resource_opportunity_oof": 0.35191796084637872 }, "geometry": { "type": "Point", "coordinates": [ -76.56, 42.21 ] } },
{ "type": "Feature", "properties": { "latitude": 42.39, "longitude": -75.03, "frac_class_11": 0.0022427564237697045, "frac_class_21": 0.056947274728878269, "frac_class_22": 0.013766893870189492, "frac_class_23": 0.0072669992738856491, "frac_class_24": 0.0031855339282786405, "frac_developed": 0.081166701801232047, "solar_resource_w_m2": 294.14524714406247, "solar_resource_pct": 0.37190082644628097, "solar_screening_pct": 0.37190082644628097, "resource_land_adj_oof": 297.260986328125, "resource_opportunity_oof": -3.1157391840625337 }, "geometry": { "type": "Point", "coordinates": [ -75.03, 42.39 ] } },
{ "type": "Feature", "properties": { "latitude": 44.1, "longitude": -76.02, "frac_class_11": 0.0060551758870481314, "frac_class_21": 0.041431691877045963, "frac_class_22": 0.01855202824967938, "frac_class_23": 0.0012122063913142776, "frac_class_24": 5.270462570931642e-05, "frac_developed": 0.061248631143748941, "solar_resource_w_m2": 298.39822151906066, "solar_resource_pct": 0.71441689623507809, "solar_screening_pct": 0.71441689623507809, "resource_land_adj_oof": 292.3438720703125, "resource_opportunity_oof": 6.0543494487481553 }, "geometry": { "type": "Point", "coordinates": [ -76.02, 44.1 ] } },
{ "type": "Feature", "properties": { "latitude": 42.48, "longitude": -75.57, "frac_class_11": 0.003683338310817537, "frac_class_21": 0.058330259004854508, "frac_class_22": 0.031041933840451136, "frac_class_23": 0.011940106225368773, "frac_class_24": 0.0030684726150530836, "frac_developed": 0.1043807716857275, "solar_resource_w_m2": 293.17431880597695, "solar_resource_pct": 0.3168044077134986, "solar_screening_pct": 0.3168044077134986, "resource_land_adj_oof": 293.36553955078125, "resource_opportunity_oof": -0.19122074480429774 }, "geometry": { "type": "Point", "coordinates": [ -75.57, 42.48 ] } },
{ "type": "Feature", "properties": { "latitude": 42.39, "longitude": -77.01, "frac_class_11": 0.020161857022392954, "frac_class_21": 0.052521549704862738, "frac_class_22": 0.018709594303382367, "frac_class_23": 0.0008783847090789844, "frac_class_24": 5.8558980605265626e-05, "frac_developed": 0.072168087697929359, "solar_resource_w_m2": 296.57861131157131, "solar_resource_pct": 0.55601469237832879, "solar_screening_pct": 0.55601469237832879, "resource_land_adj_oof": 294.86700439453125, "resource_opportunity_oof": 1.7116069170400579 }, "geometry": { "type": "Point", "coordinates": [ -77.01, 42.39 ] } },
{ "type": "Feature", "properties": { "latitude": 44.46, "longitude": -73.41, "frac_class_11": 0.41707656992949665, "frac_class_21": 0.033535942660389291, "frac_class_22": 0.017783945845923219, "frac_class_23": 0.0039643501276555877, "frac_class_24": 0.00028693228398098049, "frac_developed": 0.055571170917949081, "solar_resource_w_m2": 286.93989648438463, "solar_resource_pct": 0.10973370064279155, "solar_screening_pct": 0.10973370064279155, "resource_land_adj_oof": 282.11611938476562, "resource_opportunity_oof": 4.8237770996190079 }, "geometry": { "type": "Point", "coordinates": [ -73.41, 44.46 ] } },
{ "type": "Feature", "properties": { "latitude": 41.4, "longitude": -74.04, "frac_class_11": 0.063490762158521952, "frac_class_21": 0.09516001522560244, "frac_class_22": 0.058513161362105819, "frac_class_23": 0.025860100137616023, "frac_class_24": 0.006558721049395368, "frac_developed": 0.18609199777471966, "solar_resource_w_m2": 309.47796654988809, "solar_resource_pct": 0.98989898989898994, "solar_screening_pct": 0.98989898989898994, "resource_land_adj_oof": 306.77590942382812, "resource_opportunity_oof": 2.7020571260599695 }, "geometry": { "type": "Point", "coordinates": [ -74.04, 41.4 ] } },
{ "type": "Feature", "properties": { "latitude": 43.2, "longitude": -78.54, "frac_class_11": 0.003208938181094201, "frac_class_21": 0.03787483969948411, "frac_class_22": 0.059564451054909151, "frac_class_23": 0.0085493608474407554, "frac_class_24": 0.001358528573017983, "frac_developed": 0.10734718017485199, "solar_resource_w_m2": 298.7449972744447, "solar_resource_pct": 0.73553719008264462, "solar_screening_pct": 0.73553719008264462, "resource_land_adj_oof": 296.37945556640625, "resource_opportunity_oof": 2.3655417080384495 }, "geometry": { "type": "Point", "coordinates": [ -78.54, 43.2 ] } },
{ "type": "Feature", "properties": { "latitude": 43.02, "longitude": -74.76, "frac_class_11": 0.023445917459127746, "frac_class_21": 0.052524944957136832, "frac_class_22": 0.025876001311659718, "frac_class_23": 0.010475710872722163, "frac_class_24": 0.00077294233381739819, "frac_developed": 0.089649599475336114, "solar_resource_w_m2": 292.87592833644538, "solar_resource_pct": 0.29843893480257117, "solar_screening_pct": 0.29843893480257117, "resource_land_adj_oof": 295.37994384765625, "resource_opportunity_oof": -2.5040155112108664 }, "geometry": { "type": "Point", "coordinates": [ -74.76, 43.02 ] } },
{ "type": "Feature", "properties": { "latitude": 41.85, "longitude": -74.67, "frac_class_11": 0.042138548925455294, "frac_class_21": 0.064168179422615212, "frac_class_22": 0.015108040053873631, "frac_class_23": 0.0036716050828599872, "frac_class_24": 8.7837442173683904e-05, "frac_developed": 0.083035662001522514, "solar_resource_w_m2": 304.01715995731342, "solar_resource_pct": 0.8985307621671258, "solar_screening_pct": 0.8985307621671258, "resource_land_adj_oof": 305.75149536132812, "resource_opportunity_oof": -1.7343354040147005 }, "geometry": { "type": "Point", "coordinates": [ -74.67, 41.85 ] } },
{ "type": "Feature", "properties": { "latitude": 42.39, "longitude": -78.81, "frac_class_11": 0.0022958750388014596, "frac_class_21": 0.041858721689576613, "frac_class_22": 0.012006489361079061, "frac_class_23": 0.00065010747272184184, "frac_class_24": 1.7570472235725455e-05, "frac_developed": 0.054532888995613239, "solar_resource_w_m2": 296.60665561076968, "solar_resource_pct": 0.56244260789715339, "solar_screening_pct": 0.56244260789715339, "resource_land_adj_oof": 300.90618896484375, "resource_opportunity_oof": -4.2995333540740717 }, "geometry": { "type": "Point", "coordinates": [ -78.81, 42.39 ] } },
{ "type": "Feature", "properties": { "latitude": 42.39, "longitude": -75.66, "frac_class_11": 0.0051646903820816862, "frac_class_21": 0.05326306543697848, "frac_class_22": 0.012618943053725662, "frac_class_23": 0.0010130288391157955, "frac_class_24": 3.5133948177426437e-05, "frac_developed": 0.066930171277997358, "solar_resource_w_m2": 294.14058437885836, "solar_resource_pct": 0.37098255280073461, "solar_screening_pct": 0.37098255280073461, "resource_land_adj_oof": 294.25741577148438, "resource_opportunity_oof": -0.11683139262601117 }, "geometry": { "type": "Point", "coordinates": [ -75.66, 42.39 ] } },
{ "type": "Feature", "properties": { "latitude": 42.75, "longitude": -78.18, "frac_class_11": 0.0057796021619342637, "frac_class_21": 0.056542896125265703, "frac_class_22": 0.028289015242456361, "frac_class_23": 0.0063300404630708598, "frac_class_24": 0.0015986133639392644, "frac_developed": 0.092760565194732178, "solar_resource_w_m2": 295.69520692288461, "solar_resource_pct": 0.49540863177226813, "solar_screening_pct": 0.49540863177226813, "resource_land_adj_oof": 295.55230712890625, "resource_opportunity_oof": 0.1428997939783585 }, "geometry": { "type": "Point", "coordinates": [ -78.18, 42.75 ] } },
{ "type": "Feature", "properties": { "latitude": 43.56, "longitude": -76.11, "frac_class_11": 0.0057799067719191402, "frac_class_21": 0.064094305591342438, "frac_class_22": 0.036301562390199341, "frac_class_23": 0.00871378042210302, "frac_class_24": 0.0022077252816752944, "frac_developed": 0.11131737368532009, "solar_resource_w_m2": 291.4213832101965, "solar_resource_pct": 0.22084481175390266, "solar_screening_pct": 0.22084481175390266, "resource_land_adj_oof": 292.70907592773438, "resource_opportunity_oof": -1.2876927175378796 }, "geometry": { "type": "Point", "coordinates": [ -76.11, 43.56 ] } },
{ "type": "Feature", "properties": { "latitude": 42.84, "longitude": -77.19, "frac_class_11": 0.053435382714458884, "frac_class_21": 0.041565407836408677, "frac_class_22": 0.054729543764310433, "frac_class_23": 0.01274250879853836, "frac_class_24": 0.0035838305995889138, "frac_developed": 0.11262129099884638, "solar_resource_w_m2": 294.65360527157111, "solar_resource_pct": 0.41689623507805323, "solar_screening_pct": 0.41689623507805323, "resource_land_adj_oof": 295.2005615234375, "resource_opportunity_oof": -0.54695625186639063 }, "geometry": { "type": "Point", "coordinates": [ -77.19, 42.84 ] } },
{ "type": "Feature", "properties": { "latitude": 42.48, "longitude": -79.17, "frac_class_11": 0.0018562870745032821, "frac_class_21": 0.06332456915986906, "frac_class_22": 0.035884312910271651, "frac_class_23": 0.0058616509828952222, "frac_class_24": 0.00022252021713288557, "frac_developed": 0.10529305327016882, "solar_resource_w_m2": 309.45354867063941, "solar_resource_pct": 0.98898071625344353, "solar_screening_pct": 0.98898071625344353, "resource_land_adj_oof": 309.2879638671875, "resource_opportunity_oof": 0.16558480345190674 }, "geometry": { "type": "Point", "coordinates": [ -79.17, 42.48 ] } },
{ "type": "Feature", "properties": { "latitude": 43.65, "longitude": -73.41, "frac_class_11": 0.028462664714494875, "frac_class_21": 0.025071742313323573, "frac_class_22": 0.0093762811127379216, "frac_class_23": 0.0015578330893118593, "frac_class_24": 1.171303074670571e-05, "frac_developed": 0.036017569546120058, "solar_resource_w_m2": 284.04938448051661, "solar_resource_pct": 0.056014692378328741, "solar_screening_pct": 0.056014692378328741, "resource_land_adj_oof": 290.13558959960938, "resource_opportunity_oof": -6.0862051190927673 }, "geometry": { "type": "Point", "coordinates": [ -73.41, 43.65 ] } },
{ "type": "Feature", "properties": { "latitude": 42.66, "longitude": -75.12, "frac_class_11": 0.0060381380748237169, "frac_class_21": 0.061482418534916955, "frac_class_22": 0.0073324431325696351, "frac_class_23": 0.00070864666057581936, "frac_class_24": 4.0996087801906904e-05, "frac_developed": 0.069564504415864314, "solar_resource_w_m2": 293.19346552985076, "solar_resource_pct": 0.31955922865013775, "solar_screening_pct": 0.31955922865013775, "resource_land_adj_oof": 293.64279174804688, "resource_opportunity_oof": -0.44932621819611995 }, "geometry": { "type": "Point", "coordinates": [ -75.12, 42.66 ] } },
{ "type": "Feature", "properties": { "latitude": 42.84, "longitude": -73.5, "frac_class_11": 0.04213145952276387, "frac_class_21": 0.052618943053725664, "frac_class_22": 0.016448543405065144, "frac_class_23": 0.0023188405797101449, "frac_class_24": 0.00020494803103498756, "frac_developed": 0.071591275069535942, "solar_resource_w_m2": 297.53800914280885, "solar_resource_pct": 0.65426997245179064, "solar_screening_pct": 0.65426997245179064, "resource_land_adj_oof": 298.09927368164062, "resource_opportunity_oof": -0.56126453883177874 }, "geometry": { "type": "Point", "coordinates": [ -73.5, 42.84 ] } },
{ "type": "Feature", "properties": { "latitude": 42.39, "longitude": -74.67, "frac_class_11": 0.0032675719832053829, "frac_class_21": 0.064929817472726317, "frac_class_22": 0.016683355878408846, "frac_class_23": 0.0048720786559621476, "frac_class_24": 0.0007671181537632709, "frac_developed": 0.087252370160860585, "solar_resource_w_m2": 300.55347085389843, "solar_resource_pct": 0.80440771349862261, "solar_screening_pct": 0.80440771349862261, "resource_land_adj_oof": 300.87301635742188, "resource_opportunity_oof": -0.31954550352344313 }, "geometry": { "type": "Point", "coordinates": [ -74.67, 42.39 ] } },
{ "type": "Feature", "properties": { "latitude": 43.11, "longitude": -75.84, "frac_class_11": 0.076289746442583586, "frac_class_21": 0.048257890730221936, "frac_class_22": 0.045429525092229313, "frac_class_23": 0.0086607717983252334, "frac_class_24": 0.0011711658956491187, "frac_developed": 0.10351935351642559, "solar_resource_w_m2": 287.27616910673879, "solar_resource_pct": 0.12350780532598714, "solar_screening_pct": 0.12350780532598714, "resource_land_adj_oof": 292.51437377929688, "resource_opportunity_oof": -5.2382046725580835 }, "geometry": { "type": "Point", "coordinates": [ -75.84, 43.11 ] } },
{ "type": "Feature", "properties": { "latitude": 43.38, "longitude": -75.39, "frac_class_11": 0.00029278633039180664, "frac_class_21": 0.031942988645746108, "frac_class_22": 0.0067984985916977507, "frac_class_23": 0.00063241847364630245, "frac_class_24": 1.1711453215672267e-05, "frac_developed": 0.039385617164305838, "solar_resource_w_m2": 287.36794134997473, "solar_resource_pct": 0.12534435261707988, "solar_screening_pct": 0.12534435261707988, "resource_land_adj_oof": 289.9639892578125, "resource_opportunity_oof": -2.5960479078377716 }, "geometry": { "type": "Point", "coordinates": [ -75.39, 43.38 ] } },
{ "type": "Feature", "properties": { "latitude": 42.93, "longitude": -74.94, "frac_class_11": 0.0030276588642472726, "frac_class_21": 0.05289911512716753, "frac_class_22": 0.011671419954438713, "frac_class_23": 0.001616313049385391, "frac_class_24": 4.6849653605373652e-05, "frac_developed": 0.06623369778459702, "solar_resource_w_m2": 293.85692998069027, "solar_resource_pct": 0.36134067952249771, "solar_screening_pct": 0.36134067952249771, "resource_land_adj_oof": 291.43185424804688, "resource_opportunity_oof": 2.4250757326433927 }, "geometry": { "type": "Point", "coordinates": [ -74.94, 42.93 ] } },
{ "type": "Feature", "properties": { "latitude": 42.57, "longitude": -73.5, "frac_class_11": 0.01903122291710585, "frac_class_21": 0.05615089124680861, "frac_class_22": 0.013198885063125103, "frac_class_23": 0.0012062867448996322, "frac_class_24": 4.0990326282997215e-05, "frac_developed": 0.07059705338111634, "solar_resource_w_m2": 297.4622598445024, "solar_resource_pct": 0.64692378328741962, "solar_screening_pct": 0.64692378328741962, "resource_land_adj_oof": 301.18914794921875, "resource_opportunity_oof": -3.7268881047163518 }, "geometry": { "type": "Point", "coordinates": [ -73.5, 42.57 ] } },
{ "type": "Feature", "properties": { "latitude": 42.48, "longitude": -78.36, "frac_class_11": 0.002887008461921354, "frac_class_21": 0.051743624278979883, "frac_class_22": 0.016367522618803618, "frac_class_23": 0.0022779843644774984, "frac_class_24": 0.00019910403185664509, "frac_developed": 0.070588235294117646, "solar_resource_w_m2": 296.62849835567664, "solar_resource_pct": 0.56565656565656564, "solar_screening_pct": 0.56565656565656564, "resource_land_adj_oof": 295.80606079101562, "resource_opportunity_oof": 0.82243756466101559 }, "geometry": { "type": "Point", "coordinates": [ -78.36, 42.48 ] } },
{ "type": "Feature", "properties": { "latitude": 41.67, "longitude": -74.04, "frac_class_11": 0.0052354487904005056, "frac_class_21": 0.10127138247471583, "frac_class_22": 0.059012994922668788, "frac_class_23": 0.012456151652328721, "frac_class_24": 0.0019735416581263651, "frac_developed": 0.17471407070783967, "solar_resource_w_m2": 305.69447323580619, "solar_resource_pct": 0.93388429752066116, "solar_screening_pct": 0.93388429752066116, "resource_land_adj_oof": 308.14544677734375, "resource_opportunity_oof": -2.4509735415375644 }, "geometry": { "type": "Point", "coordinates": [ -74.04, 41.67 ] } },
{ "type": "Feature", "properties": { "latitude": 43.83, "longitude": -73.5, "frac_class_11": 0.075832464657585585, "frac_class_21": 0.031594420173578983, "frac_class_22": 0.027266658077513207, "frac_class_23": 0.0080699000925286077, "frac_class_24": 0.0015519038639478092, "frac_developed": 0.06848288220756861, "solar_resource_w_m2": 285.27936604638256, "solar_resource_pct": 0.079889807162534437, "solar_screening_pct": 0.079889807162534437, "resource_land_adj_oof": 288.49215698242188, "resource_opportunity_oof": -3.2127909360393119 }, "geometry": { "type": "Point", "coordinates": [ -73.5, 43.83 ] } },
{ "type": "Feature", "properties": { "latitude": 42.21, "longitude": -75.21, "frac_class_11": 0.00080225333637838246, "frac_class_21": 0.05826584450339347, "frac_class_22": 0.01017163536707482, "frac_class_23": 0.00082567679145512357, "frac_class_24": 2.3423455076741094e-05, "frac_developed": 0.069286580117000146, "solar_resource_w_m2": 296.84776135876416, "solar_resource_pct": 0.58539944903581265, "solar_screening_pct": 0.58539944903581265, "resource_land_adj_oof": 296.60348510742188, "resource_opportunity_oof": 0.24427625134228492 }, "geometry": { "type": "Point", "coordinates": [ -75.21, 42.21 ] } },
{ "type": "Feature", "properties": { "latitude": 42.84, "longitude": -74.85, "frac_class_11": 0.041588100954500204, "frac_class_21": 0.054213269309597703, "frac_class_22": 0.011465714118404873, "frac_class_23": 0.0024126017450371846, "frac_class_24": 0.00015810739591263102, "frac_developed": 0.068249692568952386, "solar_resource_w_m2": 296.5357183132399, "solar_resource_pct": 0.54775022956841135, "solar_screening_pct": 0.54775022956841135, "resource_land_adj_oof": 293.10089111328125, "resource_opportunity_oof": 3.4348271999586473 }, "geometry": { "type": "Point", "coordinates": [ -74.85, 42.84 ] } },
{ "type": "Feature", "properties": { "latitude": 42.84, "longitude": -74.31, "frac_class_11": 0.0087250326456758381, "frac_class_21": 0.049685840267489588, "frac_class_22": 0.010487606354634514, "frac_class_23": 0.0013233942133709662, "frac_class_24": 0.0001229702587645588, "frac_developed": 0.061619811094259624, "solar_resource_w_m2": 298.232799243106, "solar_resource_pct": 0.70110192837465568, "solar_screening_pct": 0.70110192837465568, "resource_land_adj_oof": 297.41751098632812, "resource_opportunity_oof": 0.81528825677787609 }, "geometry": { "type": "Point", "coordinates": [ -74.31, 42.84 ] } },
{ "type": "Feature", "properties": { "latitude": 42.03, "longitude": -73.59, "frac_class_11": 0.0045735367317658775, "frac_class_21": 0.059860041577606653, "frac_class_22": 0.011641729862676777, "frac_class_23": 0.0017275202764032442, "frac_class_24": 7.02720112435218e-05, "frac_developed": 0.073299563727930186, "solar_resource_w_m2": 305.43408155028015, "solar_resource_pct": 0.9302112029384757, "solar_screening_pct": 0.9302112029384757, "resource_land_adj_oof": 304.88479614257812, "resource_opportunity_oof": 0.54928540770202972 }, "geometry": { "type": "Point", "coordinates": [ -73.59, 42.03 ] } },
{ "type": "Feature", "properties": { "latitude": 42.21, "longitude": -79.35, "frac_class_11": 0.035797104843998874, "frac_class_21": 0.063747306286892153, "frac_class_22": 0.019154642555982385, "frac_class_23": 0.0029513726225053874, "frac_class_24": 0.00016396514569474375, "frac_developed": 0.086017286611074675, "solar_resource_w_m2": 301.65924012978439, "solar_resource_pct": 0.84205693296602391, "solar_screening_pct": 0.84205693296602391, "resource_land_adj_oof": 301.08892822265625, "resource_opportunity_oof": 0.5703119071281435 }, "geometry": { "type": "Point", "coordinates": [ -79.35, 42.21 ] } },
{ "type": "Feature", "properties": { "latitude": 44.64, "longitude": -73.77, "frac_class_11": 0.006628721336050406, "frac_class_21": 0.038560185510505232, "frac_class_22": 0.016817745297824, "frac_class_23": 0.0020202375096620056, "frac_class_24": 0.00025179771859555432, "frac_developed": 0.057649966036586793, "solar_resource_w_m2": 287.97093525314267, "solar_resource_pct": 0.13865932047750229, "solar_screening_pct": 0.13865932047750229, "resource_land_adj_oof": 285.2777099609375, "resource_opportunity_oof": 2.6932252922051703 }, "geometry": { "type": "Point", "coordinates": [ -73.77, 44.64 ] } },
{ "type": "Feature", "properties": { "latitude": 43.56, "longitude": -75.48, "frac_class_11": 0.0024711310987749749, "frac_class_21": 0.039415126601550603, "frac_class_22": 0.0092345349354695152, "frac_class_23": 0.00097205630899679105, "frac_class_24": 4.0990326282997215e-05, "frac_developed": 0.04966270817229991, "solar_resource_w_m2": 283.51071335379157, "solar_resource_pct": 0.047750229568411386, "solar_screening_pct": 0.047750229568411386, "resource_land_adj_oof": 285.34677124023438, "resource_opportunity_oof": -1.8360578864428021 }, "geometry": { "type": "Point", "coordinates": [ -75.48, 43.56 ] } },
{ "type": "Feature", "properties": { "latitude": 43.2, "longitude": -74.13, "frac_class_11": 0.25953644168042816, "frac_class_21": 0.048007214550905918, "frac_class_22": 0.026755911598327537, "frac_class_23": 0.0054694728458826699, "frac_class_24": 0.00038063783188690959, "frac_developed": 0.08061323682700304, "solar_resource_w_m2": 296.17194557591517, "solar_resource_pct": 0.5252525252525253, "solar_screening_pct": 0.5252525252525253, "resource_land_adj_oof": 293.0338134765625, "resource_opportunity_oof": 3.1381320993526742 }, "geometry": { "type": "Point", "coordinates": [ -74.13, 43.2 ] } },
{ "type": "Feature", "properties": { "latitude": 42.03, "longitude": -75.57, "frac_class_11": 0.012585061900467327, "frac_class_21": 0.04912800571569121, "frac_class_22": 0.01652045584979913, "frac_class_23": 0.0033087761627566496, "frac_class_24": 5.270616896426522e-05, "frac_developed": 0.069009943897211254, "solar_resource_w_m2": 297.9740864020701, "solar_resource_pct": 0.68227731864095498, "solar_screening_pct": 0.68227731864095498, "resource_land_adj_oof": 297.2001953125, "resource_opportunity_oof": 0.77389108957009967 }, "geometry": { "type": "Point", "coordinates": [ -75.57, 42.03 ] } },
{ "type": "Feature", "properties": { "latitude": 42.12, "longitude": -79.44, "frac_class_11": 0.12142949160879291, "frac_class_21": 0.074419993675852295, "frac_class_22": 0.034753533910314216, "frac_class_23": 0.0068453043203297922, "frac_class_24": 0.00070268307822033804, "frac_developed": 0.11672151498471664, "solar_resource_w_m2": 300.39488750610752, "solar_resource_pct": 0.79660238751147838, "solar_screening_pct": 0.79660238751147838, "resource_land_adj_oof": 300.92422485351562, "resource_opportunity_oof": -0.52933734740810223 }, "geometry": { "type": "Point", "coordinates": [ -79.44, 42.12 ] } },
{ "type": "Feature", "properties": { "latitude": 42.93, "longitude": -74.31, "frac_class_11": 0.025123273872966419, "frac_class_21": 0.065765586385410926, "frac_class_22": 0.046820646763255598, "frac_class_23": 0.020233312641281816, "frac_class_24": 0.0078590754166715463, "frac_developed": 0.14067862120661989, "solar_resource_w_m2": 296.97775879388053, "solar_resource_pct": 0.60468319559228645, "solar_screening_pct": 0.60468319559228645, "resource_land_adj_oof": 297.66445922851562, "resource_opportunity_oof": -0.68670043463509955 }, "geometry": { "type": "Point", "coordinates": [ -74.31, 42.93 ] } },
{ "type": "Feature", "properties": { "latitude": 42.75, "longitude": -75.39, "frac_class_11": 0.0033903465882807607, "frac_class_21": 0.046006827537343586, "frac_class_22": 0.006915370156752294, "frac_class_23": 0.00033376469003800234, "frac_class_24": 1.7566562633579071e-05, "frac_developed": 0.053273528946767464, "solar_resource_w_m2": 290.77386520140794, "solar_resource_pct": 0.19421487603305784, "solar_screening_pct": 0.19421487603305784, "resource_land_adj_oof": 290.819091796875, "resource_opportunity_oof": -0.045226595467056541 }, "geometry": { "type": "Point", "coordinates": [ -75.39, 42.75 ] } },
{ "type": "Feature", "properties": { "latitude": 42.3, "longitude": -74.67, "frac_class_11": 6.4413747064782657e-05, "frac_class_21": 0.040809036663133673, "frac_class_22": 0.0039877965228288176, "frac_class_23": 0.00063242588027241154, "frac_class_24": 0.0, "frac_developed": 0.045429259066234899, "solar_resource_w_m2": 301.44967589584996, "solar_resource_pct": 0.83700642791551882, "solar_screening_pct": 0.83700642791551882, "resource_land_adj_oof": 303.31997680664062, "resource_opportunity_oof": -1.870300910790661 }, "geometry": { "type": "Point", "coordinates": [ -74.67, 42.3 ] } },
{ "type": "Feature", "properties": { "latitude": 42.84, "longitude": -76.92, "frac_class_11": 0.20477292026587801, "frac_class_21": 0.050007320429855638, "frac_class_22": 0.07038154080407602, "frac_class_23": 0.024901174196948844, "frac_class_24": 0.0067582208427278846, "frac_developed": 0.15204825627360841, "solar_resource_w_m2": 291.99774630681202, "solar_resource_pct": 0.24609733700642791, "solar_screening_pct": 0.24609733700642791, "resource_land_adj_oof": 293.319091796875, "resource_opportunity_oof": -1.3213454900629813 }, "geometry": { "type": "Point", "coordinates": [ -76.92, 42.84 ] } },
{ "type": "Feature", "properties": { "latitude": 44.01, "longitude": -76.02, "frac_class_11": 0.053432968680456321, "frac_class_21": 0.053251423083229874, "frac_class_22": 0.04977277518798754, "frac_class_23": 0.018810466396495584, "frac_class_24": 0.007472651034224273, "frac_developed": 0.12930731570193726, "solar_resource_w_m2": 301.08081131347438, "solar_resource_pct": 0.82460973370064283, "solar_screening_pct": 0.82460973370064283, "resource_land_adj_oof": 293.56759643554688, "resource_opportunity_oof": 7.5132148779275099 }, "geometry": { "type": "Point", "coordinates": [ -76.02, 44.01 ] } },
{ "type": "Feature", "properties": { "latitude": 41.85, "longitude": -74.04, "frac_class_11": 0.024049750835914763, "frac_class_21": 0.083866698678347021, "frac_class_22": 0.039169414010575568, "frac_class_23": 0.010405748048556254, "frac_class_24": 0.0012882749412956532, "frac_developed": 0.13473013567877451, "solar_resource_w_m2": 305.35821524151174, "solar_resource_pct": 0.92837465564738297, "solar_screening_pct": 0.92837465564738297, "resource_land_adj_oof": 304.88827514648438, "resource_opportunity_oof": 0.46994009502736844 }, "geometry": { "type": "Point", "coordinates": [ -74.04, 41.85 ] } },
{ "type": "Feature", "properties": { "latitude": 42.12, "longitude": -78.9, "frac_class_11": 0.022918642916534917, "frac_class_21": 0.034014919954560893, "frac_class_22": 0.018111232125917857, "frac_class_23": 0.002945344248088161, "frac_class_24": 5.8555551651852112e-05, "frac_developed": 0.055130051880218765, "solar_resource_w_m2": 298.85386493516478, "solar_resource_pct": 0.7405876951331497, "solar_screening_pct": 0.7405876951331497, "resource_land_adj_oof": 299.94482421875, "resource_opportunity_oof": -1.0909592835852209 }, "geometry": { "type": "Point", "coordinates": [ -78.9, 42.12 ] } },
{ "type": "Feature", "properties": { "latitude": 43.11, "longitude": -78.09, "frac_class_11": 0.0014112714325869016, "frac_class_21": 0.033126815328398763, "frac_class_22": 0.042420125550454421, "frac_class_23": 0.0028342546612948561, "frac_class_24": 0.00050946313126581098, "frac_developed": 0.078890658671413857, "solar_resource_w_m2": 295.02443897599494, "solar_resource_pct": 0.4366391184573003, "solar_screening_pct": 0.4366391184573003, "resource_land_adj_oof": 295.53082275390625, "resource_opportunity_oof": -0.50638377791131006 }, "geometry": { "type": "Point", "coordinates": [ -78.09, 43.11 ] } },
{ "type": "Feature", "properties": { "latitude": 42.12, "longitude": -79.53, "frac_class_11": 0.00098964677222898893, "frac_class_21": 0.050190902276773169, "frac_class_22": 0.019090227677316593, "frac_class_23": 0.0038239014335238451, "frac_class_24": 0.00020495643211842967, "frac_developed": 0.073309987819732039, "solar_resource_w_m2": 300.39488750610752, "solar_resource_pct": 0.79660238751147838, "solar_screening_pct": 0.79660238751147838, "resource_land_adj_oof": 299.88970947265625, "resource_opportunity_oof": 0.50517803345127277 }, "geometry": { "type": "Point", "coordinates": [ -79.53, 42.12 ] } },
{ "type": "Feature", "properties": { "latitude": 44.64, "longitude": -75.57, "frac_class_11": 0.13438644906504257, "frac_class_21": 0.049588428415092548, "frac_class_22": 0.026882999476614169, "frac_class_23": 0.0029595089689299138, "frac_class_24": 0.00019032212018841891, "frac_developed": 0.079621258980825046, "solar_resource_w_m2": 286.75901521551651, "solar_resource_pct": 0.10101010101010101, "solar_screening_pct": 0.10101010101010101, "resource_land_adj_oof": 285.38571166992188, "resource_opportunity_oof": 1.3733035455946379 }, "geometry": { "type": "Point", "coordinates": [ -75.57, 44.64 ] } },
{ "type": "Feature", "properties": { "latitude": 41.67, "longitude": -74.13, "frac_class_11": 0.010025356187085327, "frac_class_21": 0.092330485398232673, "frac_class_22": 0.050665526711835426, "frac_class_23": 0.010083915510608022, "frac_class_24": 0.0010189322292948873, "frac_developed": 0.15409885984997101, "solar_resource_w_m2": 306.91432889106591, "solar_resource_pct": 0.95959595959595956, "solar_screening_pct": 0.95959595959595956, "resource_land_adj_oof": 308.25714111328125, "resource_opportunity_oof": -1.3428122222153434 }, "geometry": { "type": "Point", "coordinates": [ -74.13, 41.67 ] } },
{ "type": "Feature", "properties": { "latitude": 42.48, "longitude": -76.74, "frac_class_11": 0.00067930406469785605, "frac_class_21": 0.046883692603198586, "frac_class_22": 0.024220703548192526, "frac_class_23": 0.00183294976077956, "frac_class_24": 7.0272834279088556e-05, "frac_developed": 0.073007618746449759, "solar_resource_w_m2": 294.41361458907488, "solar_resource_pct": 0.38980716253443526, "solar_screening_pct": 0.38980716253443526, "resource_land_adj_oof": 295.1954345703125, "resource_opportunity_oof": -0.78181998123761787 }, "geometry": { "type": "Point", "coordinates": [ -76.74, 42.48 ] } },
{ "type": "Feature", "properties": { "latitude": 42.21, "longitude": -77.01, "frac_class_11": 0.00040405223399894594, "frac_class_21": 0.059934414709843647, "frac_class_22": 0.016724248989869416, "frac_class_23": 0.002922058909644551, "frac_class_24": 0.00028693564443403407, "frac_developed": 0.079867658253791649, "solar_resource_w_m2": 296.84981095141461, "solar_resource_pct": 0.58907254361799821, "solar_screening_pct": 0.58907254361799821, "resource_land_adj_oof": 297.00735473632812, "resource_opportunity_oof": -0.15754378491351417 }, "geometry": { "type": "Point", "coordinates": [ -77.01, 42.21 ] } },
{ "type": "Feature", "properties": { "latitude": 42.57, "longitude": -75.75, "frac_class_11": 0.007747171667486473, "frac_class_21": 0.043039842597147077, "frac_class_22": 0.0090120160213618163, "frac_class_23": 0.00087836413463565459, "frac_class_24": 1.756728269271309e-05, "frac_developed": 0.052947790035837258, "solar_resource_w_m2": 291.95530616837959, "solar_resource_pct": 0.23921028466483013, "solar_screening_pct": 0.23921028466483013, "resource_land_adj_oof": 293.8031005859375, "resource_opportunity_oof": -1.8477944175579069 }, "geometry": { "type": "Point", "coordinates": [ -75.75, 42.57 ] } },
{ "type": "Feature", "properties": { "latitude": 43.02, "longitude": -77.28, "frac_class_11": 0.0029747613749487615, "frac_class_21": 0.067008256719564327, "frac_class_22": 0.079211805352228146, "frac_class_23": 0.01697019382795573, "frac_class_24": 0.004538267845640335, "frac_developed": 0.16772852374538855, "solar_resource_w_m2": 292.73053374469663, "solar_resource_pct": 0.29201101928374656, "solar_screening_pct": 0.29201101928374656, "resource_land_adj_oof": 294.42367553710938, "resource_opportunity_oof": -1.6931417924127459 }, "geometry": { "type": "Point", "coordinates": [ -77.28, 43.02 ] } },
{ "type": "Feature", "properties": { "latitude": 43.11, "longitude": -77.91, "frac_class_11": 0.0020846997095474561, "frac_class_21": 0.058845919610231424, "frac_class_22": 0.064496861238639555, "frac_class_23": 0.010938817577063619, "frac_class_24": 0.0023833505106343107, "frac_developed": 0.13666494893656891, "solar_resource_w_m2": 294.92245767726314, "solar_resource_pct": 0.43158861340679522, "solar_screening_pct": 0.43158861340679522, "resource_land_adj_oof": 295.82315063476562, "resource_opportunity_oof": -0.90069295750248557 }, "geometry": { "type": "Point", "coordinates": [ -77.91, 43.11 ] } },
{ "type": "Feature", "properties": { "latitude": 41.85, "longitude": -74.85, "frac_class_11": 0.0068696523007185902, "frac_class_21": 0.065979115788487336, "frac_class_22": 0.017136063624810398, "frac_class_23": 0.0053235412969762988, "frac_class_24": 0.00038067126986079144, "frac_developed": 0.088819391980134818, "solar_resource_w_m2": 303.58428969926069, "solar_resource_pct": 0.88980716253443526, "solar_screening_pct": 0.88980716253443526, "resource_land_adj_oof": 303.94384765625, "resource_opportunity_oof": -0.35955795698930615 }, "geometry": { "type": "Point", "coordinates": [ -74.85, 41.85 ] } },
{ "type": "Feature", "properties": { "latitude": 42.12, "longitude": -77.19, "frac_class_11": 0.0090471505867472414, "frac_class_21": 0.056098189398730472, "frac_class_22": 0.044035321949734148, "frac_class_23": 0.01108495537910196, "frac_class_24": 0.0025823905558288243, "frac_developed": 0.11380085728339542, "solar_resource_w_m2": 298.55335514334837, "solar_resource_pct": 0.72497704315886136, "solar_screening_pct": 0.72497704315886136, "resource_land_adj_oof": 296.73095703125, "resource_opportunity_oof": 1.8223981120983694 }, "geometry": { "type": "Point", "coordinates": [ -77.19, 42.12 ] } },
{ "type": "Feature", "properties": { "latitude": 41.31, "longitude": -74.49, "frac_class_11": 0.0027288964366234299, "frac_class_21": 0.075050508008081288, "frac_class_22": 0.04425379908060785, "frac_class_23": 0.0082511053201768519, "frac_class_24": 0.0012180481948877112, "frac_developed": 0.12877346060375369, "solar_resource_w_m2": 309.40729263046853, "solar_resource_pct": 0.98806244260789711, "solar_screening_pct": 0.98806244260789711, "resource_land_adj_oof": 306.1910400390625, "resource_opportunity_oof": 3.2162525914060325 }, "geometry": { "type": "Point", "coordinates": [ -74.49, 41.31 ] } },
{ "type": "Feature", "properties": { "latitude": 42.84, "longitude": -75.84, "frac_class_11": 0.016859229242183794, "frac_class_21": 0.048083060544484593, "frac_class_22": 0.020618737812340793, "frac_class_23": 0.0017450678409763011, "frac_class_24": 0.00013468644410219774, "frac_developed": 0.070581552641903883, "solar_resource_w_m2": 291.86257566892385, "solar_resource_pct": 0.23737373737373738, "solar_screening_pct": 0.23737373737373738, "resource_land_adj_oof": 291.16986083984375, "resource_opportunity_oof": 0.69271482908010285 }, "geometry": { "type": "Point", "coordinates": [ -75.84, 42.84 ] } },
{ "type": "Feature", "properties": { "latitude": 43.02, "longitude": -78.45, "frac_class_11": 0.0029984831891679796, "frac_class_21": 0.054078112829642817, "frac_class_22": 0.063916885794100251, "frac_class_23": 0.015841595755272234, "frac_class_24": 0.004708555632990343, "frac_developed": 0.13854515001200562, "solar_resource_w_m2": 295.81393556489928, "solar_resource_pct": 0.50137741046831952, "solar_screening_pct": 0.50137741046831952, "resource_land_adj_oof": 294.39071655273438, "resource_opportunity_oof": 1.4232190121649069 }, "geometry": { "type": "Point", "coordinates": [ -78.45, 43.02 ] } },
{ "type": "Feature", "properties": { "latitude": 42.84, "longitude": -75.75, "frac_class_11": 0.023248868301310018, "frac_class_21": 0.045279659875498507, "frac_class_22": 0.0133168580647806, "frac_class_23": 0.00070859271145050687, "frac_class_24": 4.6849104889289709e-05, "frac_developed": 0.059351959756618895, "solar_resource_w_m2": 291.35332518324753, "solar_resource_pct": 0.21854912764003673, "solar_screening_pct": 0.21854912764003673, "resource_land_adj_oof": 291.38357543945312, "resource_opportunity_oof": -0.030250256205590631 }, "geometry": { "type": "Point", "coordinates": [ -75.75, 42.84 ] } },
{ "type": "Feature", "properties": { "latitude": 42.39, "longitude": -78.27, "frac_class_11": 0.015218676988119009, "frac_class_21": 0.059387388231436321, "frac_class_22": 0.013022830943276905, "frac_class_23": 0.0012589517323761397, "frac_class_24": 5.2700305076210496e-05, "frac_developed": 0.073721871212165585, "solar_resource_w_m2": 297.05962063646462, "solar_resource_pct": 0.61157024793388426, "solar_screening_pct": 0.61157024793388426, "resource_land_adj_oof": 296.51632690429688, "resource_opportunity_oof": 0.54329373216774002 }, "geometry": { "type": "Point", "coordinates": [ -78.27, 42.39 ] } },
{ "type": "Feature", "properties": { "latitude": 42.39, "longitude": -76.38, "frac_class_11": 0.001282434165451575, "frac_class_21": 0.060174856092147871, "frac_class_22": 0.017514888533633154, "frac_class_23": 0.0013819838495277247, "frac_class_24": 0.00011711727538370547, "frac_developed": 0.07918884575069246, "solar_resource_w_m2": 292.68334660603017, "solar_resource_pct": 0.28833792470156105, "solar_screening_pct": 0.28833792470156105, "resource_land_adj_oof": 294.83837890625, "resource_opportunity_oof": -2.1550323002198297 }, "geometry": { "type": "Point", "coordinates": [ -76.38, 42.39 ] } },
{ "type": "Feature", "properties": { "latitude": 41.85, "longitude": -74.13, "frac_class_11": 0.011314191345697737, "frac_class_21": 0.082027887256308593, "frac_class_22": 0.031494679636212441, "frac_class_23": 0.0073788204428463511, "frac_class_24": 0.0008667185916994126, "frac_developed": 0.1217681059270668, "solar_resource_w_m2": 306.73849845663881, "solar_resource_pct": 0.95546372819100089, "solar_screening_pct": 0.95546372819100089, "resource_land_adj_oof": 305.64181518554688, "resource_opportunity_oof": 1.0966832710919334 }, "geometry": { "type": "Point", "coordinates": [ -74.13, 41.85 ] } },
{ "type": "Feature", "properties": { "latitude": 42.3, "longitude": -78.09, "frac_class_11": 0.0043211972878338971, "frac_class_21": 0.059249587202698115, "frac_class_22": 0.026951857880622532, "frac_class_23": 0.0031384305505135083, "frac_class_24": 0.00016394786457906387, "frac_developed": 0.08950382349841321, "solar_resource_w_m2": 297.16245128769384, "solar_resource_pct": 0.61937557392102849, "solar_screening_pct": 0.61937557392102849, "resource_land_adj_oof": 296.95751953125, "resource_opportunity_oof": 0.2049317564438411 }, "geometry": { "type": "Point", "coordinates": [ -78.09, 42.3 ] } },
{ "type": "Feature", "properties": { "latitude": 43.02, "longitude": -77.73, "frac_class_11": 0.0094276646327895348, "frac_class_21": 0.067369740124374911, "frac_class_22": 0.092695609401899581, "frac_class_23": 0.029260894515558574, "frac_class_24": 0.0031679295443100236, "frac_developed": 0.1924941735861431, "solar_resource_w_m2": 292.88645168055473, "solar_resource_pct": 0.30027548209366389, "solar_screening_pct": 0.30027548209366389, "resource_land_adj_oof": 294.52609252929688, "resource_opportunity_oof": -1.6396408487421468 }, "geometry": { "type": "Point", "coordinates": [ -77.73, 43.02 ] } },
{ "type": "Feature", "properties": { "latitude": 42.3, "longitude": -75.48, "frac_class_11": 0.0094922995842361066, "frac_class_21": 0.06209521578731627, "frac_class_22": 0.034812906248170052, "frac_class_23": 0.0097323885928441763, "frac_class_24": 0.0030391754992094631, "frac_developed": 0.10967968612753995, "solar_resource_w_m2": 295.11432568495275, "solar_resource_pct": 0.44398530762167127, "solar_screening_pct": 0.44398530762167127, "resource_land_adj_oof": 295.41412353515625, "resource_opportunity_oof": -0.29979785020350391 }, "geometry": { "type": "Point", "coordinates": [ -75.48, 42.3 ] } },
{ "type": "Feature", "properties": { "latitude": 42.57, "longitude": -73.95, "frac_class_11": 0.0077945198259555754, "frac_class_21": 0.062075063978308864, "frac_class_22": 0.029298258970139553, "frac_class_23": 0.0056745978297152158, "frac_class_24": 0.0017626975714595252, "frac_developed": 0.098810618349623153, "solar_resource_w_m2": 301.15263428594574, "solar_resource_pct": 0.82736455463728187, "solar_screening_pct": 0.82736455463728187, "resource_land_adj_oof": 299.30654907226562, "resource_opportunity_oof": 1.8460852136801122 }, "geometry": { "type": "Point", "coordinates": [ -73.95, 42.57 ] } },
{ "type": "Feature", "properties": { "latitude": 43.47, "longitude": -76.2, "frac_class_11": 0.00090179245890695725, "frac_class_21": 0.0764415503803339, "frac_class_22": 0.026995215815331642, "frac_class_23": 0.0039936523180165249, "frac_class_24": 0.00071440701290031679, "frac_developed": 0.10814482552658239, "solar_resource_w_m2": 294.46771110237961, "solar_resource_pct": 0.3985307621671258, "solar_screening_pct": 0.3985307621671258, "resource_land_adj_oof": 293.64395141601562, "resource_opportunity_oof": 0.82375968636398511 }, "geometry": { "type": "Point", "coordinates": [ -76.2, 43.47 ] } },
{ "type": "Feature", "properties": { "latitude": 42.3, "longitude": -75.21, "frac_class_11": 0.0069270811985080137, "frac_class_21": 0.056763419389971835, "frac_class_22": 0.012501537074230438, "frac_class_23": 0.0018269225138922232, "frac_class_24": 7.0266250534316283e-05, "frac_developed": 0.07116214522862882, "solar_resource_w_m2": 295.99259367541538, "solar_resource_pct": 0.5128558310376492, "solar_screening_pct": 0.5128558310376492, "resource_land_adj_oof": 295.80706787109375, "resource_opportunity_oof": 0.18552580432162813 }, "geometry": { "type": "Point", "coordinates": [ -75.21, 42.3 ] } },
{ "type": "Feature", "properties": { "latitude": 43.2, "longitude": -78.45, "frac_class_11": 0.005013147800012884, "frac_class_21": 0.05048872334569051, "frac_class_22": 0.065346615832410943, "frac_class_23": 0.015572383177843761, "frac_class_24": 0.0046910413408999072, "frac_developed": 0.13609876369684512, "solar_resource_w_m2": 297.61399518509529, "solar_resource_pct": 0.66023875114784203, "solar_screening_pct": 0.66023875114784203, "resource_land_adj_oof": 296.45452880859375, "resource_opportunity_oof": 1.1594663765015412 }, "geometry": { "type": "Point", "coordinates": [ -78.45, 43.2 ] } },
{ "type": "Feature", "properties": { "latitude": 42.21, "longitude": -76.02, "frac_class_11": 0.0030392110934132858, "frac_class_21": 0.06853157500234236, "frac_class_22": 0.033811955401480374, "frac_class_23": 0.0075599643961397917, "frac_class_24": 0.001540101189918486, "frac_developed": 0.11144359598988102, "solar_resource_w_m2": 295.23079271002268, "solar_resource_pct": 0.45959595959595961, "solar_screening_pct": 0.45959595959595961, "resource_land_adj_oof": 295.78921508789062, "resource_opportunity_oof": -0.55842237786794158 }, "geometry": { "type": "Point", "coordinates": [ -76.02, 42.21 ] } },
{ "type": "Feature", "properties": { "latitude": 42.57, "longitude": -76.02, "frac_class_11": 0.0033963015447316335, "frac_class_21": 0.053204820405916592, "frac_class_22": 0.012958647100846734, "frac_class_23": 0.0016981507723658168, "frac_class_24": 0.00012882523100706198, "frac_developed": 0.067990443510136209, "solar_resource_w_m2": 292.52362945881407, "solar_resource_pct": 0.27685950413223143, "solar_screening_pct": 0.27685950413223143, "resource_land_adj_oof": 292.71682739257812, "resource_opportunity_oof": -0.19319793376405414 }, "geometry": { "type": "Point", "coordinates": [ -76.02, 42.57 ] } },
{ "type": "Feature", "properties": { "latitude": 42.75, "longitude": -76.38, "frac_class_11": 0.0028928305820211165, "frac_class_21": 0.056281365837661843, "frac_class_22": 0.019494398800705054, "frac_class_23": 0.0041694238348158599, "frac_class_24": 0.000866677988135881, "frac_developed": 0.080811866461318632, "solar_resource_w_m2": 292.56740874463736, "solar_resource_pct": 0.27915518824609736, "solar_screening_pct": 0.27915518824609736, "resource_land_adj_oof": 292.7669677734375, "resource_opportunity_oof": -0.19955902880013809 }, "geometry": { "type": "Point", "coordinates": [ -76.38, 42.75 ] } },
{ "type": "Feature", "properties": { "latitude": 42.57, "longitude": -78.09, "frac_class_11": 0.0089765660682289295, "frac_class_21": 0.046329152466945391, "frac_class_22": 0.027152209300963823, "frac_class_23": 0.0030800220168874211, "frac_class_24": 0.00056213329585778026, "frac_developed": 0.077123517080654416, "solar_resource_w_m2": 296.24255801500277, "solar_resource_pct": 0.52892561983471076, "solar_screening_pct": 0.52892561983471076, "resource_land_adj_oof": 296.21563720703125, "resource_opportunity_oof": 0.026920807971521299 }, "geometry": { "type": "Point", "coordinates": [ -78.09, 42.57 ] } },
{ "type": "Feature", "properties": { "latitude": 42.93, "longitude": -77.73, "frac_class_11": 0.0087307349978919761, "frac_class_21": 0.046880123670773412, "frac_class_22": 0.058708483627676021, "frac_class_23": 0.012964350962664543, "frac_class_24": 0.0027755656532533843, "frac_developed": 0.12132852391436737, "solar_resource_w_m2": 294.15696040444038, "solar_resource_pct": 0.37281910009182734, "solar_screening_pct": 0.37281910009182734, "resource_land_adj_oof": 295.39556884765625, "resource_opportunity_oof": -1.2386084432158668 }, "geometry": { "type": "Point", "coordinates": [ -77.73, 42.93 ] } },
{ "type": "Feature", "properties": { "latitude": 42.66, "longitude": -75.84, "frac_class_11": 0.00062072519441581562, "frac_class_21": 0.040692635622599081, "frac_class_22": 0.010177550829195166, "frac_class_23": 0.0011536119179237328, "frac_class_24": 4.0991286423685938e-05, "frac_developed": 0.052064789656141669, "solar_resource_w_m2": 291.98625605370643, "solar_resource_pct": 0.24471992653810837, "solar_screening_pct": 0.24471992653810837, "resource_land_adj_oof": 293.19525146484375, "resource_opportunity_oof": -1.2089954111373231 }, "geometry": { "type": "Point", "coordinates": [ -75.84, 42.66 ] } },
{ "type": "Feature", "properties": { "latitude": 43.83, "longitude": -75.84, "frac_class_11": 0.0005563591854901524, "frac_class_21": 0.039888025393404511, "frac_class_22": 0.0086323519938156287, "frac_class_23": 0.0013059799827821474, "frac_class_24": 2.9282062394218551e-05, "frac_developed": 0.049855639432396508, "solar_resource_w_m2": 286.84393910906368, "solar_resource_pct": 0.10743801652892562, "solar_screening_pct": 0.10743801652892562, "resource_land_adj_oof": 282.79815673828125, "resource_opportunity_oof": 4.0457823707824332 }, "geometry": { "type": "Point", "coordinates": [ -75.84, 43.83 ] } },
{ "type": "Feature", "properties": { "latitude": 42.57, "longitude": -73.41, "frac_class_11": 0.0029924865748033802, "frac_class_21": 0.045010277522385088, "frac_class_22": 0.013949320980786011, "frac_class_23": 0.0014933152183461095, "frac_class_24": 0.00019910869577948126, "frac_developed": 0.060652022417296683, "solar_resource_w_m2": 299.0391943380759, "solar_resource_pct": 0.74839302112029382, "solar_screening_pct": 0.74839302112029382, "resource_land_adj_oof": 300.92401123046875, "resource_opportunity_oof": -1.8848168923928483 }, "geometry": { "type": "Point", "coordinates": [ -73.41, 42.57 ] } },
{ "type": "Feature", "properties": { "latitude": 44.37, "longitude": -75.48, "frac_class_11": 0.015681727683695218, "frac_class_21": 0.051624388072986201, "frac_class_22": 0.026948211650621882, "frac_class_23": 0.011506570163727074, "frac_class_24": 0.0028283325135268077, "frac_developed": 0.092907502400861972, "solar_resource_w_m2": 287.1196777953287, "solar_resource_pct": 0.11707988980716254, "solar_screening_pct": 0.11707988980716254, "resource_land_adj_oof": 286.90286254882812, "resource_opportunity_oof": 0.21681524650057327 }, "geometry": { "type": "Point", "coordinates": [ -75.48, 44.37 ] } },
{ "type": "Feature", "properties": { "latitude": 42.12, "longitude": -75.21, "frac_class_11": 0.034975640605237272, "frac_class_21": 0.032920316672131918, "frac_class_22": 0.0058439124935588142, "frac_class_23": 0.00053871738417576235, "frac_class_24": 0.0, "frac_developed": 0.039302946549866491, "solar_resource_w_m2": 297.74280774394106, "solar_resource_pct": 0.66712580348943984, "solar_screening_pct": 0.66712580348943984, "resource_land_adj_oof": 296.81179809570312, "resource_opportunity_oof": 0.9310096482379322 }, "geometry": { "type": "Point", "coordinates": [ -75.21, 42.12 ] } },
{ "type": "Feature", "properties": { "latitude": 42.21, "longitude": -78.63, "frac_class_11": 0.0023833086413969583, "frac_class_21": 0.043836482775178452, "frac_class_22": 0.020717803374109188, "frac_class_23": 0.0029571765697922951, "frac_class_24": 0.00028107816900996068, "frac_developed": 0.067792540888089892, "solar_resource_w_m2": 296.82960500207417, "solar_resource_pct": 0.58356290174471992, "solar_screening_pct": 0.58356290174471992, "resource_land_adj_oof": 297.96005249023438, "resource_opportunity_oof": -1.1304474881602005 }, "geometry": { "type": "Point", "coordinates": [ -78.63, 42.21 ] } },
{ "type": "Feature", "properties": { "latitude": 41.67, "longitude": -74.85, "frac_class_11": 0.052631270751231168, "frac_class_21": 0.061760348532847696, "frac_class_22": 0.022386442821757536, "frac_class_23": 0.0054399700186797675, "frac_class_24": 0.00067926428650899151, "frac_developed": 0.090266025659793997, "solar_resource_w_m2": 304.96317841269274, "solar_resource_pct": 0.9178145087235996, "solar_screening_pct": 0.9178145087235996, "resource_land_adj_oof": 303.16220092773438, "resource_opportunity_oof": 1.8009774849583664 }, "geometry": { "type": "Point", "coordinates": [ -74.85, 41.67 ] } },
{ "type": "Feature", "properties": { "latitude": 42.48, "longitude": -78.54, "frac_class_11": 0.0023070617168286685, "frac_class_21": 0.051411172268415503, "frac_class_22": 0.022127883827146037, "frac_class_23": 0.002336339149783347, "frac_class_24": 0.00019323105750087833, "frac_developed": 0.076068626302845763, "solar_resource_w_m2": 295.59445499900278, "solar_resource_pct": 0.48622589531680444, "solar_screening_pct": 0.48622589531680444, "resource_land_adj_oof": 295.67489624023438, "resource_opportunity_oof": -0.080441241231596905 }, "geometry": { "type": "Point", "coordinates": [ -78.54, 42.48 ] } },
{ "type": "Feature", "properties": { "latitude": 42.75, "longitude": -74.13, "frac_class_11": 0.0068047926353638401, "frac_class_21": 0.069898455159813078, "frac_class_22": 0.041303100221360724, "frac_class_23": 0.011155877771401132, "frac_class_24": 0.00068516414658999073, "frac_developed": 0.12304259729916492, "solar_resource_w_m2": 299.65289230479812, "solar_resource_pct": 0.77961432506887052, "solar_screening_pct": 0.77961432506887052, "resource_land_adj_oof": 297.737060546875, "resource_opportunity_oof": 1.9158317579231152 }, "geometry": { "type": "Point", "coordinates": [ -74.13, 42.75 ] } },
{ "type": "Feature", "properties": { "latitude": 42.03, "longitude": -76.2, "frac_class_11": 0.010007612578321719, "frac_class_21": 0.06617672893365345, "frac_class_22": 0.031773730748960588, "frac_class_23": 0.0084616735960648826, "frac_class_24": 0.0010247701586929788, "frac_developed": 0.1074369034373719, "solar_resource_w_m2": 296.38305189399983, "solar_resource_pct": 0.53719008264462809, "solar_screening_pct": 0.53719008264462809, "resource_land_adj_oof": 298.47869873046875, "resource_opportunity_oof": -2.0956468364689158 }, "geometry": { "type": "Point", "coordinates": [ -76.2, 42.03 ] } },
{ "type": "Feature", "properties": { "latitude": 42.12, "longitude": -74.49, "frac_class_11": 0.00030449778360747891, "frac_class_21": 0.034566354166056697, "frac_class_22": 0.012215045703946175, "frac_class_23": 0.002406703635820651, "frac_class_24": 0.00022251761109777306, "frac_developed": 0.049410621116921294, "solar_resource_w_m2": 304.10065268321154, "solar_resource_pct": 0.90358126721763088, "solar_screening_pct": 0.90358126721763088, "resource_land_adj_oof": 302.5677490234375, "resource_opportunity_oof": 1.5329036597740355 }, "geometry": { "type": "Point", "coordinates": [ -74.49, 42.12 ] } },
{ "type": "Feature", "properties": { "latitude": 44.73, "longitude": -74.94, "frac_class_11": 0.024029986236785851, "frac_class_21": 0.056786435913203898, "frac_class_22": 0.031356701513953554, "frac_class_23": 0.0079768075199859439, "frac_class_24": 0.0021728308295996955, "frac_developed": 0.098292775776743099, "solar_resource_w_m2": 283.13709428739321, "solar_resource_pct": 0.042699724517906337, "solar_screening_pct": 0.042699724517906337, "resource_land_adj_oof": 284.4344482421875, "resource_opportunity_oof": -1.2973539547942892 }, "geometry": { "type": "Point", "coordinates": [ -74.94, 44.73 ] } },
{ "type": "Feature", "properties": { "latitude": 43.38, "longitude": -75.57, "frac_class_11": 0.0050888052141221662, "frac_class_21": 0.040599178998284212, "frac_class_22": 0.0062248560904624431, "frac_class_23": 0.00031622034702255119, "frac_class_24": 0.0, "frac_developed": 0.047140255435769204, "solar_resource_w_m2": 287.14982190985177, "solar_resource_pct": 0.11937557392102846, "solar_screening_pct": 0.11937557392102846, "resource_land_adj_oof": 285.69064331054688, "resource_opportunity_oof": 1.4591785993048916 }, "geometry": { "type": "Point", "coordinates": [ -75.57, 43.38 ] } },
{ "type": "Feature", "properties": { "latitude": 42.66, "longitude": -74.58, "frac_class_11": 0.0027288325164403376, "frac_class_21": 0.060432514097992024, "frac_class_22": 0.026128864138104693, "frac_class_23": 0.011489204715141506, "frac_class_24": 0.0010540554784533493, "frac_developed": 0.099104638429691569, "solar_resource_w_m2": 299.407631785295, "solar_resource_pct": 0.76767676767676762, "solar_screening_pct": 0.76767676767676762, "resource_land_adj_oof": 299.55691528320312, "resource_opportunity_oof": -0.14928349790812945 }, "geometry": { "type": "Point", "coordinates": [ -74.58, 42.66 ] } },
{ "type": "Feature", "properties": { "latitude": 42.66, "longitude": -78.99, "frac_class_11": 0.12851487931418132, "frac_class_21": 0.086916041083537302, "frac_class_22": 0.078723927529951859, "frac_class_23": 0.021273730193120732, "frac_class_24": 0.0035661166219682155, "frac_developed": 0.19047981542857811, "solar_resource_w_m2": 310.23081204200628, "solar_resource_pct": 0.9935720844811754, "solar_screening_pct": 0.9935720844811754, "resource_land_adj_oof": 301.58779907226562, "resource_opportunity_oof": 8.6430129697406528 }, "geometry": { "type": "Point", "coordinates": [ -78.99, 42.66 ] } },
{ "type": "Feature", "properties": { "latitude": 42.03, "longitude": -76.47, "frac_class_11": 0.017391406185953365, "frac_class_21": 0.077658191527984352, "frac_class_22": 0.055500251794769695, "frac_class_23": 0.025981706817196998, "frac_class_24": 0.0080164427840303566, "frac_developed": 0.16715659292398141, "solar_resource_w_m2": 297.93098610243362, "solar_resource_pct": 0.6767676767676768, "solar_screening_pct": 0.6767676767676768, "resource_land_adj_oof": 298.14822387695312, "resource_opportunity_oof": -0.21723777451950355 }, "geometry": { "type": "Point", "coordinates": [ -76.47, 42.03 ] } },
{ "type": "Feature", "properties": { "latitude": 42.66, "longitude": -76.74, "frac_class_11": 0.25252531167469888, "frac_class_21": 0.036399622886789912, "frac_class_22": 0.037471233406140385, "frac_class_23": 0.0036130256308155367, "frac_class_24": 0.00047431941020430868, "frac_developed": 0.077958201333950136, "solar_resource_w_m2": 292.39071599336933, "solar_resource_pct": 0.26721763085399447, "solar_screening_pct": 0.26721763085399447, "resource_land_adj_oof": 295.72564697265625, "resource_opportunity_oof": -3.3349309792869235 }, "geometry": { "type": "Point", "coordinates": [ -76.74, 42.66 ] } },
{ "type": "Feature", "properties": { "latitude": 42.3, "longitude": -79.53, "frac_class_11": 0.020883110798781915, "frac_class_21": 0.076797844928554695, "frac_class_22": 0.043815881939564302, "frac_class_23": 0.0093874443663621455, "frac_class_24": 0.0022721948934176623, "frac_developed": 0.13227336612789881, "solar_resource_w_m2": 312.59120553514168, "solar_resource_pct": 0.99862258953168048, "solar_screening_pct": 0.99862258953168048, "resource_land_adj_oof": 307.48507690429688, "resource_opportunity_oof": 5.1061286308448075 }, "geometry": { "type": "Point", "coordinates": [ -79.53, 42.3 ] } },
{ "type": "Feature", "properties": { "latitude": 42.39, "longitude": -76.74, "frac_class_11": 0.010400866738894909, "frac_class_21": 0.051869637785130741, "frac_class_22": 0.016714005446399813, "frac_class_23": 0.0019150244502357178, "frac_class_24": 0.00011712687769025797, "frac_developed": 0.070615794559456532, "solar_resource_w_m2": 295.14271428894722, "solar_resource_pct": 0.4462809917355372, "solar_screening_pct": 0.4462809917355372, "resource_land_adj_oof": 294.77670288085938, "resource_opportunity_oof": 0.36601140808784294 }, "geometry": { "type": "Point", "coordinates": [ -76.74, 42.39 ] } },
{ "type": "Feature", "properties": { "latitude": 42.03, "longitude": -77.91, "frac_class_11": 0.0027111855434668042, "frac_class_21": 0.055845737641561359, "frac_class_22": 0.01420005387236933, "frac_class_23": 0.0013350978486186421, "frac_class_24": 9.3691077096045064e-05, "frac_developed": 0.071474580439645372, "solar_resource_w_m2": 299.45918277680335, "solar_resource_pct": 0.76951331496786046, "solar_screening_pct": 0.76951331496786046, "resource_land_adj_oof": 298.51101684570312, "resource_opportunity_oof": 0.9481659311002204 }, "geometry": { "type": "Point", "coordinates": [ -77.91, 42.03 ] } },
{ "type": "Feature", "properties": { "latitude": 42.84, "longitude": -73.41, "frac_class_11": 0.0057618325438139346, "frac_class_21": 0.048407591097266056, "frac_class_22": 0.014498269693580592, "frac_class_23": 0.0030448708564870387, "frac_class_24": 0.00036889781530516049, "frac_developed": 0.066319629462638849, "solar_resource_w_m2": 297.53800914280885, "solar_resource_pct": 0.65426997245179064, "solar_screening_pct": 0.65426997245179064, "resource_land_adj_oof": 298.22540283203125, "resource_opportunity_oof": -0.68739368922240374 }, "geometry": { "type": "Point", "coordinates": [ -73.41, 42.84 ] } },
{ "type": "Feature", "properties": { "latitude": 42.66, "longitude": -77.82, "frac_class_11": 0.00038648700876622806, "frac_class_21": 0.040604559375530688, "frac_class_22": 0.043790149265967478, "frac_class_23": 0.0054459533053423043, "frac_class_24": 0.0005328836029958599, "frac_developed": 0.090373545549836343, "solar_resource_w_m2": 296.44932220222643, "solar_resource_pct": 0.54224058769513317, "solar_screening_pct": 0.54224058769513317, "resource_land_adj_oof": 296.03656005859375, "resource_opportunity_oof": 0.41276214363267627 }, "geometry": { "type": "Point", "coordinates": [ -77.82, 42.66 ] } },
{ "type": "Feature", "properties": { "latitude": 42.57, "longitude": -74.94, "frac_class_11": 0.010897953925254441, "frac_class_21": 0.05761099984774487, "frac_class_22": 0.01300610191724348, "frac_class_23": 0.0029631191220734808, "frac_class_24": 0.00010540739959945188, "frac_developed": 0.073685628286661281, "solar_resource_w_m2": 294.99542140864588, "solar_resource_pct": 0.43480257116620752, "solar_screening_pct": 0.43480257116620752, "resource_land_adj_oof": 295.56771850585938, "resource_opportunity_oof": -0.57229709721349309 }, "geometry": { "type": "Point", "coordinates": [ -74.94, 42.57 ] } },
{ "type": "Feature", "properties": { "latitude": 44.55, "longitude": -75.66, "frac_class_11": 0.13458584426326362, "frac_class_21": 0.038727401630627434, "frac_class_22": 0.031046910079168145, "frac_class_23": 0.0036113080467919177, "frac_class_24": 0.00023632281696797826, "frac_developed": 0.073621942573555463, "solar_resource_w_m2": 288.32859930469277, "solar_resource_pct": 0.14370982552800735, "solar_screening_pct": 0.14370982552800735, "resource_land_adj_oof": 287.87152099609375, "resource_opportunity_oof": 0.45707830859902288 }, "geometry": { "type": "Point", "coordinates": [ -75.66, 44.55 ] } },
{ "type": "Feature", "properties": { "latitude": 42.03, "longitude": -78.54, "frac_class_11": 0.0018858089944889867, "frac_class_21": 0.035297424875109076, "frac_class_22": 0.0092416353829304996, "frac_class_23": 0.00091947829855518919, "frac_class_24": 0.0, "frac_developed": 0.045458538556594763, "solar_resource_w_m2": 297.29128675380429, "solar_resource_pct": 0.6326905417814509, "solar_screening_pct": 0.6326905417814509, "resource_land_adj_oof": 299.17105102539062, "resource_opportunity_oof": -1.879764271586339 }, "geometry": { "type": "Point", "coordinates": [ -78.54, 42.03 ] } },
{ "type": "Feature", "properties": { "latitude": 42.57, "longitude": -74.58, "frac_class_11": 0.0068053107192428651, "frac_class_21": 0.054067666574914054, "frac_class_22": 0.0076720800707471204, "frac_class_23": 0.00074963835805773392, "frac_class_24": 1.1713099344652092e-05, "frac_developed": 0.062501098103063563, "solar_resource_w_m2": 299.47527732075082, "solar_resource_pct": 0.7718089990817264, "solar_screening_pct": 0.7718089990817264, "resource_land_adj_oof": 299.72418212890625, "resource_opportunity_oof": -0.24890480815543015 }, "geometry": { "type": "Point", "coordinates": [ -74.58, 42.57 ] } },
{ "type": "Feature", "properties": { "latitude": 42.75, "longitude": -73.32, "frac_class_11": 0.00079638814552822205, "frac_class_21": 0.036838807525867975, "frac_class_22": 0.0097616105779084264, "frac_class_23": 0.0017098921948105943, "frac_class_24": 0.00028693396419766823, "frac_developed": 0.048597244262784667, "solar_resource_w_m2": 297.22023631844752, "solar_resource_pct": 0.62809917355371903, "solar_screening_pct": 0.62809917355371903, "resource_land_adj_oof": 298.97201538085938, "resource_opportunity_oof": -1.7517790624118561 }, "geometry": { "type": "Point", "coordinates": [ -73.32, 42.75 ] } },
{ "type": "Feature", "properties": { "latitude": 42.12, "longitude": -76.92, "frac_class_11": 0.014288056590073313, "frac_class_21": 0.098060571990724474, "frac_class_22": 0.059488674958424095, "frac_class_23": 0.024131590658890215, "frac_class_24": 0.010317850701520156, "frac_developed": 0.19199868830955893, "solar_resource_w_m2": 297.44256733886732, "solar_resource_pct": 0.64279155188246095, "solar_screening_pct": 0.64279155188246095, "resource_land_adj_oof": 296.2557373046875, "resource_opportunity_oof": 1.1868300341798204 }, "geometry": { "type": "Point", "coordinates": [ -76.92, 42.12 ] } },
{ "type": "Feature", "properties": { "latitude": 42.84, "longitude": -78.45, "frac_class_11": 0.0039584016489436456, "frac_class_21": 0.046552208741275122, "frac_class_22": 0.034237832013866119, "frac_class_23": 0.0031737480676441655, "frac_class_24": 0.0004157492856139036, "frac_developed": 0.084379538108399307, "solar_resource_w_m2": 294.44646147316513, "solar_resource_pct": 0.39348025711662077, "solar_screening_pct": 0.39348025711662077, "resource_land_adj_oof": 295.7811279296875, "resource_opportunity_oof": -1.3346664565223705 }, "geometry": { "type": "Point", "coordinates": [ -78.45, 42.84 ] } },
{ "type": "Feature", "properties": { "latitude": 42.57, "longitude": -75.48, "frac_class_11": 0.0060551404277248136, "frac_class_21": 0.057822491860111028, "frac_class_22": 0.044470731535920918, "frac_class_23": 0.017515401372654657, "frac_class_24": 0.0049659178749619356, "frac_developed": 0.12477454264364854, "solar_resource_w_m2": 292.70526376782794, "solar_resource_pct": 0.28971533516988063, "solar_screening_pct": 0.28971533516988063, "resource_land_adj_oof": 293.19049072265625, "resource_opportunity_oof": -0.48522695482830613 }, "geometry": { "type": "Point", "coordinates": [ -75.48, 42.57 ] } },
{ "type": "Feature", "properties": { "latitude": 43.02, "longitude": -76.65, "frac_class_11": 0.015378308737409229, "frac_class_21": 0.063264230498945889, "frac_class_22": 0.037590770672288595, "frac_class_23": 0.0072616537830873743, "frac_class_24": 0.00089599437807449055, "frac_developed": 0.10901264933239635, "solar_resource_w_m2": 290.76538378862995, "solar_resource_pct": 0.1928374655647383, "solar_screening_pct": 0.1928374655647383, "resource_land_adj_oof": 290.6622314453125, "resource_opportunity_oof": 0.10315234331744705 }, "geometry": { "type": "Point", "coordinates": [ -76.65, 43.02 ] } },
{ "type": "Feature", "properties": { "latitude": 42.84, "longitude": -77.37, "frac_class_11": 0.0023540572352124798, "frac_class_21": 0.050395563597608467, "frac_class_22": 0.046565828692561297, "frac_class_23": 0.0056274850821870477, "frac_class_24": 0.00019324350438311403, "frac_developed": 0.10278212087673992, "solar_resource_w_m2": 294.3242695360787, "solar_resource_pct": 0.38246097337006429, "solar_screening_pct": 0.38246097337006429, "resource_land_adj_oof": 295.99758911132812, "resource_opportunity_oof": -1.6733195752494225 }, "geometry": { "type": "Point", "coordinates": [ -77.37, 42.84 ] } },
{ "type": "Feature", "properties": { "latitude": 42.3, "longitude": -79.08, "frac_class_11": 0.0003337627356833353, "frac_class_21": 0.036321583323574186, "frac_class_22": 0.016893078814849513, "frac_class_23": 0.0026818128586485537, "frac_class_24": 0.0004157395479564352, "frac_developed": 0.056312214545028688, "solar_resource_w_m2": 298.30295203799051, "solar_resource_pct": 0.70615243342516065, "solar_screening_pct": 0.70615243342516065, "resource_land_adj_oof": 302.22564697265625, "resource_opportunity_oof": -3.922694934665742 }, "geometry": { "type": "Point", "coordinates": [ -79.08, 42.3 ] } },
{ "type": "Feature", "properties": { "latitude": 42.12, "longitude": -78.99, "frac_class_11": 0.0023660737816769842, "frac_class_21": 0.051866211412206362, "frac_class_22": 0.024919910745137542, "frac_class_23": 0.0047555740364398792, "frac_class_24": 0.00040996327900343782, "frac_developed": 0.081951659472787222, "solar_resource_w_m2": 298.85386493516478, "solar_resource_pct": 0.7405876951331497, "solar_screening_pct": 0.7405876951331497, "resource_land_adj_oof": 300.44854736328125, "resource_opportunity_oof": -1.5946824281164709 }, "geometry": { "type": "Point", "coordinates": [ -78.99, 42.12 ] } },
{ "type": "Feature", "properties": { "latitude": 42.93, "longitude": -75.3, "frac_class_11": 0.0032909568954916234, "frac_class_21": 0.052479636472234747, "frac_class_22": 0.029138436854032595, "frac_class_23": 0.0053580525967523761, "frac_class_24": 0.00069098383214948674, "frac_developed": 0.087667109755169198, "solar_resource_w_m2": 289.59117595127697, "solar_resource_pct": 0.16161616161616163, "solar_screening_pct": 0.16161616161616163, "resource_land_adj_oof": 291.37631225585938, "resource_opportunity_oof": -1.7851363045824087 }, "geometry": { "type": "Point", "coordinates": [ -75.3, 42.93 ] } },
{ "type": "Feature", "properties": { "latitude": 42.39, "longitude": -77.55, "frac_class_11": 0.0034081127136658292, "frac_class_21": 0.047977091860934948, "frac_class_22": 0.032617161194361977, "frac_class_23": 0.0029454994759001928, "frac_class_24": 0.00013468486669126131, "frac_developed": 0.083674437397888379, "solar_resource_w_m2": 296.99133265692222, "solar_resource_pct": 0.60973370064279153, "solar_screening_pct": 0.60973370064279153, "resource_land_adj_oof": 296.55007934570312, "resource_opportunity_oof": 0.44125331121909994 }, "geometry": { "type": "Point", "coordinates": [ -77.55, 42.39 ] } },
{ "type": "Feature", "properties": { "latitude": 43.02, "longitude": -75.21, "frac_class_11": 0.002547345490320087, "frac_class_21": 0.10647318552873523, "frac_class_22": 0.061985406931122124, "frac_class_23": 0.014698476277479123, "frac_class_24": 0.0020085965590339997, "frac_developed": 0.18516566529637046, "solar_resource_w_m2": 289.63745116763806, "solar_resource_pct": 0.16253443526170799, "solar_screening_pct": 0.16253443526170799, "resource_land_adj_oof": 291.24407958984375, "resource_opportunity_oof": -1.6066284222056879 }, "geometry": { "type": "Point", "coordinates": [ -75.21, 43.02 ] } },
{ "type": "Feature", "properties": { "latitude": 42.03, "longitude": -77.73, "frac_class_11": 0.002172678133253688, "frac_class_21": 0.055704890575496172, "frac_class_22": 0.012573423051470804, "frac_class_23": 0.0016221882558255299, "frac_class_24": 0.00012298178112756723, "frac_developed": 0.070023483663920069, "solar_resource_w_m2": 302.61544779889533, "solar_resource_pct": 0.86593204775022958, "solar_screening_pct": 0.86593204775022958, "resource_land_adj_oof": 299.1177978515625, "resource_opportunity_oof": 3.4976499473328317 }, "geometry": { "type": "Point", "coordinates": [ -77.73, 42.03 ] } },
{ "type": "Feature", "properties": { "latitude": 42.39, "longitude": -75.93, "frac_class_11": 0.038168520047549614, "frac_class_21": 0.046917180518712416, "frac_class_22": 0.019189665571620142, "frac_class_23": 0.0022018047772136627, "frac_class_24": 0.00024009041453659623, "frac_developed": 0.068548741282082812, "solar_resource_w_m2": 293.60164575854174, "solar_resource_pct": 0.3415977961432507, "solar_screening_pct": 0.3415977961432507, "resource_land_adj_oof": 294.44866943359375, "resource_opportunity_oof": -0.84702367505201437 }, "geometry": { "type": "Point", "coordinates": [ -75.93, 42.39 ] } },
{ "type": "Feature", "properties": { "latitude": 42.03, "longitude": -78.45, "frac_class_11": 0.0073956960913482651, "frac_class_21": 0.062005562875128095, "frac_class_22": 0.04152247108768848, "frac_class_23": 0.024599619382228079, "frac_class_24": 0.0090587029717464507, "frac_developed": 0.1371863563167911, "solar_resource_w_m2": 298.21489969468462, "solar_resource_pct": 0.69880624426078974, "solar_screening_pct": 0.69880624426078974, "resource_land_adj_oof": 298.19973754882812, "resource_opportunity_oof": 0.015162145856493225 }, "geometry": { "type": "Point", "coordinates": [ -78.45, 42.03 ] } },
{ "type": "Feature", "properties": { "latitude": 42.57, "longitude": -78.9, "frac_class_11": 0.0033321425852507304, "frac_class_21": 0.051891239802999513, "frac_class_22": 0.034469228922294905, "frac_class_23": 0.0050538471899321275, "frac_class_24": 0.00072616112578399044, "frac_developed": 0.092140477041010541, "solar_resource_w_m2": 303.23558322380723, "solar_resource_pct": 0.8865932047750229, "solar_screening_pct": 0.8865932047750229, "resource_land_adj_oof": 299.79360961914062, "resource_opportunity_oof": 3.4419736046666003 }, "geometry": { "type": "Point", "coordinates": [ -78.9, 42.57 ] } },
{ "type": "Feature", "properties": { "latitude": 42.84, "longitude": -77.01, "frac_class_11": 0.17540654334217567, "frac_class_21": 0.056632058511790782, "frac_class_22": 0.07819920477370014, "frac_class_23": 0.031715358173907443, "frac_class_24": 0.0096211841727714045, "frac_developed": 0.17616780563216977, "solar_resource_w_m2": 295.4675869273716, "solar_resource_pct": 0.47428833792470154, "solar_screening_pct": 0.47428833792470154, "resource_land_adj_oof": 293.50006103515625, "resource_opportunity_oof": 1.9675258922153489 }, "geometry": { "type": "Point", "coordinates": [ -77.01, 42.84 ] } },
{ "type": "Feature", "properties": { "latitude": 42.21, "longitude": -74.67, "frac_class_11": 0.0010423437509149787, "frac_class_21": 0.053393765847431322, "frac_class_22": 0.0084441555551651639, "frac_class_23": 0.00078468574507082668, "frac_class_24": 4.0991046384296917e-05, "frac_developed": 0.062663598194051623, "solar_resource_w_m2": 302.99791917060929, "solar_resource_pct": 0.88200183654729114, "solar_screening_pct": 0.88200183654729114, "resource_land_adj_oof": 303.00405883789062, "resource_opportunity_oof": -0.00613966728133164 }, "geometry": { "type": "Point", "coordinates": [ -74.67, 42.21 ] } },
{ "type": "Feature", "properties": { "latitude": 42.03, "longitude": -77.37, "frac_class_11": 0.001692374360235644, "frac_class_21": 0.053464975463499757, "frac_class_22": 0.02102877622009065, "frac_class_23": 0.0028577117224740287, "frac_class_24": 0.0005738847311525713, "frac_developed": 0.077925348137216993, "solar_resource_w_m2": 300.90343463759888, "solar_resource_pct": 0.81634527089072539, "solar_screening_pct": 0.81634527089072539, "resource_land_adj_oof": 298.58538818359375, "resource_opportunity_oof": 2.3180464540051275 }, "geometry": { "type": "Point", "coordinates": [ -77.37, 42.03 ] } },
{ "type": "Feature", "properties": { "latitude": 42.21, "longitude": -78.45, "frac_class_11": 0.00093694368968425001, "frac_class_21": 0.055648599269183925, "frac_class_22": 0.013222617820668978, "frac_class_23": 0.0012238826946500516, "frac_class_24": 2.342359224210625e-05, "frac_developed": 0.070118523376745068, "solar_resource_w_m2": 297.32123373585114, "solar_resource_pct": 0.63590449954086314, "solar_screening_pct": 0.63590449954086314, "resource_land_adj_oof": 297.56723022460938, "resource_opportunity_oof": -0.24599648875823732 }, "geometry": { "type": "Point", "coordinates": [ -78.45, 42.21 ] } },
{ "type": "Feature", "properties": { "latitude": 42.39, "longitude": -76.02, "frac_class_11": 0.03596587282532953, "frac_class_21": 0.05588119901858022, "frac_class_22": 0.033687995174881274, "frac_class_23": 0.0057093334426402296, "frac_class_24": 0.00053287112131308813, "frac_developed": 0.095811398757414803, "solar_resource_w_m2": 293.13949515183697, "solar_resource_pct": 0.31588613406795224, "solar_screening_pct": 0.31588613406795224, "resource_land_adj_oof": 294.57568359375, "resource_opportunity_oof": -1.436188441913032 }, "geometry": { "type": "Point", "coordinates": [ -76.02, 42.39 ] } },
{ "type": "Feature", "properties": { "latitude": 42.57, "longitude": -76.56, "frac_class_11": 0.1825012004731621, "frac_class_21": 0.057183514282702644, "frac_class_22": 0.035393462398838178, "frac_class_23": 0.0068983287071196844, "frac_class_24": 0.0011126336624386589, "frac_developed": 0.10058793905109917, "solar_resource_w_m2": 290.08142464973378, "solar_resource_pct": 0.17676767676767677, "solar_screening_pct": 0.17676767676767677, "resource_land_adj_oof": 293.52191162109375, "resource_opportunity_oof": -3.4404869713599737 }, "geometry": { "type": "Point", "coordinates": [ -76.56, 42.57 ] } },
{ "type": "Feature", "properties": { "latitude": 43.83, "longitude": -76.11, "frac_class_11": 0.0093810937582348083, "frac_class_21": 0.038759962288237325, "frac_class_22": 0.028840129063237473, "frac_class_23": 0.0041927984587366556, "frac_class_24": 0.00057973051314934212, "frac_developed": 0.072372620323360795, "solar_resource_w_m2": 301.81395948437779, "solar_resource_pct": 0.84573002754820936, "solar_screening_pct": 0.84573002754820936, "resource_land_adj_oof": 293.53164672851562, "resource_opportunity_oof": 8.282312755862165 }, "geometry": { "type": "Point", "coordinates": [ -76.11, 43.83 ] } },
{ "type": "Feature", "properties": { "latitude": 42.03, "longitude": -78.9, "frac_class_11": 0.13161993769470404, "frac_class_21": 0.02194153608319865, "frac_class_22": 0.0080165366687747399, "frac_class_23": 0.00042161478462511418, "frac_class_24": 5.8557608975710305e-06, "frac_developed": 0.030385543297496074, "solar_resource_w_m2": 297.40188956980796, "solar_resource_pct": 0.64003673094582181, "solar_screening_pct": 0.64003673094582181, "resource_land_adj_oof": 301.4635009765625, "resource_opportunity_oof": -4.0616114067545368 }, "geometry": { "type": "Point", "coordinates": [ -78.9, 42.03 ] } },
{ "type": "Feature", "properties": { "latitude": 42.21, "longitude": -77.82, "frac_class_11": 0.002119785444920713, "frac_class_21": 0.058124282669290046, "frac_class_22": 0.020208230857517627, "frac_class_23": 0.0039760616494507297, "frac_class_24": 0.00033963413205911978, "frac_developed": 0.082648209308317525, "solar_resource_w_m2": 299.1519019022569, "solar_resource_pct": 0.75528007346189163, "solar_screening_pct": 0.75528007346189163, "resource_land_adj_oof": 297.16903686523438, "resource_opportunity_oof": 1.9828650370225205 }, "geometry": { "type": "Point", "coordinates": [ -77.82, 42.21 ] } },
{ "type": "Feature", "properties": { "latitude": 42.57, "longitude": -77.19, "frac_class_11": 0.059308236506746624, "frac_class_21": 0.058869002998500751, "frac_class_22": 0.023080256746626688, "frac_class_23": 0.0016398050974512743, "frac_class_24": 5.270802098950525e-05, "frac_developed": 0.08364177286356822, "solar_resource_w_m2": 293.74830102399574, "solar_resource_pct": 0.35307621671258033, "solar_screening_pct": 0.35307621671258033, "resource_land_adj_oof": 295.802978515625, "resource_opportunity_oof": -2.0546774916292634 }, "geometry": { "type": "Point", "coordinates": [ -77.19, 42.57 ] } },
{ "type": "Feature", "properties": { "latitude": 42.12, "longitude": -73.95, "frac_class_11": 0.10051413580680674, "frac_class_21": 0.08771929824561403, "frac_class_22": 0.053954980910219476, "frac_class_23": 0.023499168481952545, "frac_class_24": 0.0047373105661349633, "frac_developed": 0.16991075820392101, "solar_resource_w_m2": 301.45578992689548, "solar_resource_pct": 0.83838383838383834, "solar_screening_pct": 0.83838383838383834, "resource_land_adj_oof": 304.15078735351562, "resource_opportunity_oof": -2.694997426620148 }, "geometry": { "type": "Point", "coordinates": [ -73.95, 42.12 ] } },
{ "type": "Feature", "properties": { "latitude": 42.48, "longitude": -74.04, "frac_class_11": 0.017924169228517056, "frac_class_21": 0.061027667984189723, "frac_class_22": 0.021765480895915679, "frac_class_23": 0.0029278290147855364, "frac_class_24": 0.00072610159566681301, "frac_developed": 0.086447079490557757, "solar_resource_w_m2": 301.83854857844824, "solar_resource_pct": 0.84710743801652888, "solar_screening_pct": 0.84710743801652888, "resource_land_adj_oof": 301.4287109375, "resource_opportunity_oof": 0.40983764094823982 }, "geometry": { "type": "Point", "coordinates": [ -74.04, 42.48 ] } },
{ "type": "Feature", "properties": { "latitude": 41.94, "longitude": -74.76, "frac_class_11": 0.015367856348025722, "frac_class_21": 0.038361074344347747, "frac_class_22": 0.0077014981317278294, "frac_class_23": 0.0020849683155095872, "frac_class_24": 0.0001991261874363089, "frac_developed": 0.048346666979021478, "solar_resource_w_m2": 304.09267509324491, "solar_resource_pct": 0.90266299357208446, "solar_screening_pct": 0.90266299357208446, "resource_land_adj_oof": 304.45632934570312, "resource_opportunity_oof": -0.36365425245821825 }, "geometry": { "type": "Point", "coordinates": [ -74.76, 41.94 ] } },
{ "type": "Feature", "properties": { "latitude": 43.02, "longitude": -76.83, "frac_class_11": 0.013140558298051754, "frac_class_21": 0.043649608535507027, "frac_class_22": 0.035662210354338315, "frac_class_23": 0.0069684778853304754, "frac_class_24": 0.0017684708582939527, "frac_developed": 0.088048767633469777, "solar_resource_w_m2": 290.48306723830041, "solar_resource_pct": 0.18273645546372819, "solar_screening_pct": 0.18273645546372819, "resource_land_adj_oof": 290.8399658203125, "resource_opportunity_oof": -0.3568985820120929 }, "geometry": { "type": "Point", "coordinates": [ -76.83, 43.02 ] } },
{ "type": "Feature", "properties": { "latitude": 42.57, "longitude": -74.22, "frac_class_11": 0.0051180848758835135, "frac_class_21": 0.053675475940901933, "frac_class_22": 0.0079406442696773969, "frac_class_23": 0.00039820339995432375, "frac_class_24": 1.1711864704538933e-05, "frac_developed": 0.062026035475238196, "solar_resource_w_m2": 302.87476146424609, "solar_resource_pct": 0.87603305785123964, "solar_screening_pct": 0.87603305785123964, "resource_land_adj_oof": 299.94686889648438, "resource_opportunity_oof": 2.9278925677617167 }, "geometry": { "type": "Point", "coordinates": [ -74.22, 42.57 ] } },
{ "type": "Feature", "properties": { "latitude": 42.75, "longitude": -77.46, "frac_class_11": 0.047672586944937312, "frac_class_21": 0.047104568159326343, "frac_class_22": 0.022504084464979007, "frac_class_23": 0.0027229766526711521, "frac_class_24": 0.00057973051314934212, "frac_developed": 0.072911359790125849, "solar_resource_w_m2": 293.62255313532972, "solar_resource_pct": 0.34435261707988979, "solar_screening_pct": 0.34435261707988979, "resource_land_adj_oof": 294.98159790039062, "resource_opportunity_oof": -1.3590447650609008 }, "geometry": { "type": "Point", "coordinates": [ -77.46, 42.75 ] } },
{ "type": "Feature", "properties": { "latitude": 42.66, "longitude": -78.27, "frac_class_11": 0.0065819523335480471, "frac_class_21": 0.039942612871113191, "frac_class_22": 0.020179188382034315, "frac_class_23": 0.0028283656379926216, "frac_class_24": 0.00039819640452070038, "frac_developed": 0.06334836329566082, "solar_resource_w_m2": 295.14642196065211, "solar_resource_pct": 0.44765840220385678, "solar_screening_pct": 0.44765840220385678, "resource_land_adj_oof": 296.2301025390625, "resource_opportunity_oof": -1.0836805784103944 }, "geometry": { "type": "Point", "coordinates": [ -78.27, 42.66 ] } },
{ "type": "Feature", "properties": { "latitude": 42.12, "longitude": -74.67, "frac_class_11": 0.014013574369154911, "frac_class_21": 0.039961818426708359, "frac_class_22": 0.011278789901793713, "frac_class_23": 0.0031857018206520146, "frac_class_24": 0.00031037168473264113, "frac_developed": 0.054736681833886733, "solar_resource_w_m2": 302.84185629736351, "solar_resource_pct": 0.8737373737373737, "solar_screening_pct": 0.8737373737373737, "resource_land_adj_oof": 302.48114013671875, "resource_opportunity_oof": 0.3607161606447562 }, "geometry": { "type": "Point", "coordinates": [ -74.67, 42.12 ] } },
{ "type": "Feature", "properties": { "latitude": 43.29, "longitude": -75.3, "frac_class_11": 0.00022837601232059308, "frac_class_21": 0.054136826510355972, "frac_class_22": 0.016097580971007958, "frac_class_23": 0.0019148450263803574, "frac_class_24": 0.00010540431337873527, "frac_developed": 0.072254656821123017, "solar_resource_w_m2": 287.13481128941834, "solar_resource_pct": 0.1184573002754821, "solar_screening_pct": 0.1184573002754821, "resource_land_adj_oof": 289.89523315429688, "resource_opportunity_oof": -2.7604218648785377 }, "geometry": { "type": "Point", "coordinates": [ -75.3, 43.29 ] } },
{ "type": "Feature", "properties": { "latitude": 42.57, "longitude": -74.4, "frac_class_11": 0.0035312099225242003, "frac_class_21": 0.036682419493684226, "frac_class_22": 0.017134859425051094, "frac_class_23": 0.0030627243606636098, "frac_class_24": 0.00044506128376756089, "frac_developed": 0.057325064563166495, "solar_resource_w_m2": 302.38515350638289, "solar_resource_pct": 0.8608815426997245, "solar_screening_pct": 0.8608815426997245, "resource_land_adj_oof": 299.930419921875, "resource_opportunity_oof": 2.4547335845078919 }, "geometry": { "type": "Point", "coordinates": [ -74.4, 42.57 ] } },
{ "type": "Feature", "properties": { "latitude": 42.03, "longitude": -77.64, "frac_class_11": 0.00084906047067228024, "frac_class_21": 0.056078980190540882, "frac_class_22": 0.0098549570492513627, "frac_class_23": 0.0012765185007348764, "frac_class_24": 9.9545020699508713e-05, "frac_developed": 0.067310000761226618, "solar_resource_w_m2": 302.02910854420952, "solar_resource_pct": 0.85307621671258038, "solar_screening_pct": 0.85307621671258038, "resource_land_adj_oof": 299.43484497070312, "resource_opportunity_oof": 2.5942635735063959 }, "geometry": { "type": "Point", "coordinates": [ -77.64, 42.03 ] } },
{ "type": "Feature", "properties": { "latitude": 44.19, "longitude": -73.41, "frac_class_11": 0.27374406361810399, "frac_class_21": 0.042004110816365965, "frac_class_22": 0.01894371929331436, "frac_class_23": 0.0031445988440524921, "frac_class_24": 0.00011711727538370547, "frac_developed": 0.064209546229116524, "solar_resource_w_m2": 288.13144476941187, "solar_resource_pct": 0.13957759412304868, "solar_screening_pct": 0.13957759412304868, "resource_land_adj_oof": 295.13583374023438, "resource_opportunity_oof": -7.0043889708225038 }, "geometry": { "type": "Point", "coordinates": [ -73.41, 44.19 ] } },
{ "type": "Feature", "properties": { "latitude": 42.3, "longitude": -77.73, "frac_class_11": 0.0037363692797826114, "frac_class_21": 0.057134825538493972, "frac_class_22": 0.038757510805017742, "frac_class_23": 0.020743291518793117, "frac_class_24": 0.0041170338615786452, "frac_developed": 0.12075266172388348, "solar_resource_w_m2": 297.72855370241439, "solar_resource_pct": 0.66574839302112032, "solar_screening_pct": 0.66574839302112032, "resource_land_adj_oof": 297.37176513671875, "resource_opportunity_oof": 0.35678856569563777 }, "geometry": { "type": "Point", "coordinates": [ -77.73, 42.3 ] } },
{ "type": "Feature", "properties": { "latitude": 44.1, "longitude": -76.2, "frac_class_11": 0.14790068513204896, "frac_class_21": 0.036651636704339172, "frac_class_22": 0.022574222638636763, "frac_class_23": 0.0025238625051238507, "frac_class_24": 0.00021080986121684137, "frac_developed": 0.061960531709316619, "solar_resource_w_m2": 302.14259533407665, "solar_resource_pct": 0.85629017447199263, "solar_screening_pct": 0.85629017447199263, "resource_land_adj_oof": 292.301025390625, "resource_opportunity_oof": 9.8415699434516455 }, "geometry": { "type": "Point", "coordinates": [ -76.2, 44.1 ] } },
{ "type": "Feature", "properties": { "latitude": 42.57, "longitude": -78.0, "frac_class_11": 0.010165779503305635, "frac_class_21": 0.064244681411731633, "frac_class_22": 0.030602744057762241, "frac_class_23": 0.0037887438586628719, "frac_class_24": 0.00047432496530400717, "frac_developed": 0.099110494293460749, "solar_resource_w_m2": 296.53874089821329, "solar_resource_pct": 0.54958677685950408, "solar_screening_pct": 0.54958677685950408, "resource_land_adj_oof": 295.58035278320312, "resource_opportunity_oof": 0.95838811501016608 }, "geometry": { "type": "Point", "coordinates": [ -78.0, 42.57 ] } },
{ "type": "Feature", "properties": { "latitude": 44.64, "longitude": -75.12, "frac_class_11": 0.0059847278178581471, "frac_class_21": 0.071957275367750401, "frac_class_22": 0.028916424622880164, "frac_class_23": 0.010376651363253069, "frac_class_24": 0.0021491145882132482, "frac_developed": 0.11339946594209688, "solar_resource_w_m2": 283.9872454571148, "solar_resource_pct": 0.055096418732782371, "solar_screening_pct": 0.055096418732782371, "resource_land_adj_oof": 284.31292724609375, "resource_opportunity_oof": -0.3256817889789545 }, "geometry": { "type": "Point", "coordinates": [ -75.12, 44.64 ] } },
{ "type": "Feature", "properties": { "latitude": 42.12, "longitude": -78.36, "frac_class_11": 0.0022719287972830541, "frac_class_21": 0.081847991568099313, "frac_class_22": 0.045965569738845295, "frac_class_23": 0.012267244408010306, "frac_class_24": 0.003056564000468439, "frac_developed": 0.14313736971542335, "solar_resource_w_m2": 297.47290151859437, "solar_resource_pct": 0.64876033057851235, "solar_screening_pct": 0.64876033057851235, "resource_land_adj_oof": 297.93276977539062, "resource_opportunity_oof": -0.45986825679625554 }, "geometry": { "type": "Point", "coordinates": [ -78.36, 42.12 ] } },
{ "type": "Feature", "properties": { "latitude": 42.57, "longitude": -74.76, "frac_class_11": 0.002652675220031504, "frac_class_21": 0.061556119013181393, "frac_class_22": 0.019365114685748752, "frac_class_23": 0.0041107682217706755, "frac_class_24": 0.00029278975938537571, "frac_developed": 0.085324791680086193, "solar_resource_w_m2": 297.53937583413045, "solar_resource_pct": 0.65564738292011016, "solar_screening_pct": 0.65564738292011016, "resource_land_adj_oof": 297.47848510742188, "resource_opportunity_oof": 0.060890726708578313 }, "geometry": { "type": "Point", "coordinates": [ -74.76, 42.57 ] } },
{ "type": "Feature", "properties": { "latitude": 42.3, "longitude": -77.28, "frac_class_11": 0.0067459550621014356, "frac_class_21": 0.052983855383588359, "frac_class_22": 0.056760887514712859, "frac_class_23": 0.019845522313768894, "frac_class_24": 0.0037828879948936869, "frac_developed": 0.1333731532069638, "solar_resource_w_m2": 297.67329506368475, "solar_resource_pct": 0.66253443526170797, "solar_screening_pct": 0.66253443526170797, "resource_land_adj_oof": 295.23223876953125, "resource_opportunity_oof": 2.4410562941534977 }, "geometry": { "type": "Point", "coordinates": [ -77.28, 42.3 ] } },
{ "type": "Feature", "properties": { "latitude": 42.3, "longitude": -77.55, "frac_class_11": 0.0008023097149750816, "frac_class_21": 0.046282143631007806, "frac_class_22": 0.026089706424919621, "frac_class_23": 0.0039705546478328857, "frac_class_24": 0.00033966396692375713, "frac_developed": 0.07668206867068407, "solar_resource_w_m2": 298.06382269333665, "solar_resource_pct": 0.69191919191919193, "solar_screening_pct": 0.69191919191919193, "resource_land_adj_oof": 297.145751953125, "resource_opportunity_oof": 0.91807074021164681 }, "geometry": { "type": "Point", "coordinates": [ -77.55, 42.3 ] } },
{ "type": "Feature", "properties": { "latitude": 42.12, "longitude": -76.47, "frac_class_11": 0.0025179919307142312, "frac_class_21": 0.056537702537316055, "frac_class_22": 0.0084733356366127732, "frac_class_23": 0.00056801213320762896, "frac_class_24": 5.8557951877075151e-06, "frac_developed": 0.065584906102324161, "solar_resource_w_m2": 296.13471564723443, "solar_resource_pct": 0.52433425160697889, "solar_screening_pct": 0.52433425160697889, "resource_land_adj_oof": 297.41253662109375, "resource_opportunity_oof": -1.2778209738593205 }, "geometry": { "type": "Point", "coordinates": [ -76.47, 42.12 ] } },
{ "type": "Feature", "properties": { "latitude": 42.21, "longitude": -75.48, "frac_class_11": 0.0093519239665743378, "frac_class_21": 0.058307518431547078, "frac_class_22": 0.022978678550305387, "frac_class_23": 0.003173915334930051, "frac_class_24": 0.00024009322644304813, "frac_developed": 0.084700205543225562, "solar_resource_w_m2": 295.51888253917849, "solar_resource_pct": 0.47887970615243342, "solar_screening_pct": 0.47887970615243342, "resource_land_adj_oof": 295.7777099609375, "resource_opportunity_oof": -0.2588274217590083 }, "geometry": { "type": "Point", "coordinates": [ -75.48, 42.21 ] } },
{ "type": "Feature", "properties": { "latitude": 42.75, "longitude": -74.4, "frac_class_11": 0.0065760579957955386, "frac_class_21": 0.05373863243759186, "frac_class_22": 0.024524070246119072, "frac_class_23": 0.0034549191607474339, "frac_class_24": 0.00028107816900996068, "frac_developed": 0.081998700013468331, "solar_resource_w_m2": 298.39326408969117, "solar_resource_pct": 0.71349862258953167, "solar_screening_pct": 0.71349862258953167, "resource_land_adj_oof": 297.87765502929688, "resource_opportunity_oof": 0.5156090603942971 }, "geometry": { "type": "Point", "coordinates": [ -74.4, 42.75 ] } },
{ "type": "Feature", "properties": { "latitude": 42.48, "longitude": -74.49, "frac_class_11": 0.01850962664543027, "frac_class_21": 0.035859839790134448, "frac_class_22": 0.0068335129057947256, "frac_class_23": 0.0013292265892162834, "frac_class_24": 8.1978732374572534e-05, "frac_developed": 0.044104558017520029, "solar_resource_w_m2": 301.01211160621813, "solar_resource_pct": 0.82185491276400369, "solar_screening_pct": 0.82185491276400369, "resource_land_adj_oof": 299.05963134765625, "resource_opportunity_oof": 1.9524802585618772 }, "geometry": { "type": "Point", "coordinates": [ -74.49, 42.48 ] } },
{ "type": "Feature", "properties": { "latitude": 44.73, "longitude": -73.77, "frac_class_11": 0.049113417033636281, "frac_class_21": 0.023839361004403637, "frac_class_22": 0.014481635903682189, "frac_class_23": 0.0033202942003185609, "frac_class_24": 0.00058558980605265623, "frac_developed": 0.042226880914457046, "solar_resource_w_m2": 287.08747689288333, "solar_resource_pct": 0.11524334251606978, "solar_screening_pct": 0.11524334251606978, "resource_land_adj_oof": 285.3179931640625, "resource_opportunity_oof": 1.7694837288208305 }, "geometry": { "type": "Point", "coordinates": [ -73.77, 44.73 ] } },
{ "type": "Feature", "properties": { "latitude": 44.64, "longitude": -74.76, "frac_class_11": 0.0065882325382556704, "frac_class_21": 0.034042129551004635, "frac_class_22": 0.013475131618245598, "frac_class_23": 0.0011361040999303112, "frac_class_24": 0.00010541172061209072, "frac_developed": 0.048758776989792633, "solar_resource_w_m2": 280.64153651359743, "solar_resource_pct": 0.014692378328741965, "solar_screening_pct": 0.014692378328741965, "resource_land_adj_oof": 283.54498291015625, "resource_opportunity_oof": -2.9034463965588202 }, "geometry": { "type": "Point", "coordinates": [ -74.76, 44.64 ] } },
{ "type": "Feature", "properties": { "latitude": 42.21, "longitude": -78.0, "frac_class_11": 0.0020260458144001499, "frac_class_21": 0.051681735138426943, "frac_class_22": 0.021314470417388862, "frac_class_23": 0.003484096125919333, "frac_class_24": 0.00032791492949829014, "frac_developed": 0.076808216611233437, "solar_resource_w_m2": 297.84503451776789, "solar_resource_pct": 0.67539026629935717, "solar_screening_pct": 0.67539026629935717, "resource_land_adj_oof": 297.61181640625, "resource_opportunity_oof": 0.23321811151788552 }, "geometry": { "type": "Point", "coordinates": [ -78.0, 42.21 ] } },
{ "type": "Feature", "properties": { "latitude": 42.21, "longitude": -73.59, "frac_class_11": 0.0078994214508233199, "frac_class_21": 0.060437308223830602, "frac_class_22": 0.018972665308130139, "frac_class_23": 0.0039233598013725902, "frac_class_24": 0.00066170098142552644, "frac_developed": 0.083995034314758868, "solar_resource_w_m2": 302.09035601390934, "solar_resource_pct": 0.8544536271808999, "solar_screening_pct": 0.8544536271808999, "resource_land_adj_oof": 303.06576538085938, "resource_opportunity_oof": -0.97540936695003211 }, "geometry": { "type": "Point", "coordinates": [ -73.59, 42.21 ] } },
{ "type": "Feature", "properties": { "latitude": 42.75, "longitude": -78.09, "frac_class_11": 0.0050712077204160032, "frac_class_21": 0.059917548955307785, "frac_class_22": 0.034420968799775131, "frac_class_23": 0.0074545582310503134, "frac_class_24": 0.0017040663356132297, "frac_developed": 0.10349714232174648, "solar_resource_w_m2": 295.69520692288461, "solar_resource_pct": 0.49540863177226813, "solar_screening_pct": 0.49540863177226813, "resource_land_adj_oof": 295.60153198242188, "resource_opportunity_oof": 0.093674940462733502 }, "geometry": { "type": "Point", "coordinates": [ -78.09, 42.75 ] } },
{ "type": "Feature", "properties": { "latitude": 41.67, "longitude": -73.68, "frac_class_11": 0.0060907046476761616, "frac_class_21": 0.10449657983508245, "frac_class_22": 0.03578874625187406, "frac_class_23": 0.0058271645427286356, "frac_class_24": 0.00079647676161919041, "frac_developed": 0.14690896739130435, "solar_resource_w_m2": 307.26368544970484, "solar_resource_pct": 0.96510560146923785, "solar_screening_pct": 0.96510560146923785, "resource_land_adj_oof": 306.88165283203125, "resource_opportunity_oof": 0.38203261767358754 }, "geometry": { "type": "Point", "coordinates": [ -73.68, 41.67 ] } },
{ "type": "Feature", "properties": { "latitude": 42.03, "longitude": -77.46, "frac_class_11": 0.0015342452918579593, "frac_class_21": 0.050653518223554767, "frac_class_22": 0.014891548767919049, "frac_class_23": 0.0012121708985289984, "frac_class_24": 3.5135388363159375e-05, "frac_developed": 0.066792373278365971, "solar_resource_w_m2": 301.7036779231928, "solar_resource_pct": 0.84481175390266294, "solar_screening_pct": 0.84481175390266294, "resource_land_adj_oof": 298.55126953125, "resource_opportunity_oof": 3.1524083919427994 }, "geometry": { "type": "Point", "coordinates": [ -77.46, 42.03 ] } },
{ "type": "Feature", "properties": { "latitude": 43.02, "longitude": -78.09, "frac_class_11": 0.0030391399058393646, "frac_class_21": 0.052590588621085427, "frac_class_22": 0.077588831892816151, "frac_class_23": 0.015699294966387934, "frac_class_24": 0.0039877731712458717, "frac_developed": 0.1498664886515354, "solar_resource_w_m2": 295.21958266044123, "solar_resource_pct": 0.45638200183654731, "solar_screening_pct": 0.45638200183654731, "resource_land_adj_oof": 294.93548583984375, "resource_opportunity_oof": 0.2840968205974832 }, "geometry": { "type": "Point", "coordinates": [ -78.09, 43.02 ] } },
{ "type": "Feature", "properties": { "latitude": 42.84, "longitude": -78.09, "frac_class_11": 0.001136070834602141, "frac_class_21": 0.046877562015413085, "frac_class_22": 0.029596402051954743, "frac_class_23": 0.0042983298587524303, "frac_class_24": 0.00065001991051978169, "frac_developed": 0.081422313836640045, "solar_resource_w_m2": 295.61631052517862, "solar_resource_pct": 0.48898071625344353, "solar_screening_pct": 0.48898071625344353, "resource_land_adj_oof": 296.10440063476562, "resource_opportunity_oof": -0.48809010958700583 }, "geometry": { "type": "Point", "coordinates": [ -78.09, 42.84 ] } },
{ "type": "Feature", "properties": { "latitude": 41.94, "longitude": -74.94, "frac_class_11": 0.011278855951558309, "frac_class_21": 0.040606223867136713, "frac_class_22": 0.015957882901348076, "frac_class_23": 0.0039177334535786647, "frac_class_24": 0.00022838804886333026, "frac_developed": 0.060710228270926793, "solar_resource_w_m2": 301.37796466714246, "solar_resource_pct": 0.83471074380165289, "solar_screening_pct": 0.83471074380165289, "resource_land_adj_oof": 303.06063842773438, "resource_opportunity_oof": -1.6826737605919106 }, "geometry": { "type": "Point", "coordinates": [ -74.94, 41.94 ] } },
{ "type": "Feature", "properties": { "latitude": 42.03, "longitude": -77.55, "frac_class_11": 0.00089006002049480315, "frac_class_21": 0.053145952276387062, "frac_class_22": 0.015564339042599911, "frac_class_23": 0.0012472551602986386, "frac_class_24": 2.3422632118284291e-05, "frac_developed": 0.06998096911140389, "solar_resource_w_m2": 302.95245861195826, "solar_resource_pct": 0.87878787878787878, "solar_screening_pct": 0.87878787878787878, "resource_land_adj_oof": 299.69503784179688, "resource_opportunity_oof": 3.2574207701613886 }, "geometry": { "type": "Point", "coordinates": [ -77.55, 42.03 ] } },
{ "type": "Feature", "properties": { "latitude": 42.66, "longitude": -78.36, "frac_class_11": 0.0065057884535430488, "frac_class_21": 0.040205889758799795, "frac_class_22": 0.022767331689806818, "frac_class_23": 0.002752223738222532, "frac_class_24": 0.00022252021713288557, "frac_developed": 0.065947965403962042, "solar_resource_w_m2": 295.14642196065211, "solar_resource_pct": 0.44765840220385678, "solar_screening_pct": 0.44765840220385678, "resource_land_adj_oof": 296.48098754882812, "resource_opportunity_oof": -1.3345655881760194 }, "geometry": { "type": "Point", "coordinates": [ -78.36, 42.66 ] } },
{ "type": "Feature", "properties": { "latitude": 44.1, "longitude": -75.84, "frac_class_11": 0.016660127542206634, "frac_class_21": 0.04908442497672267, "frac_class_22": 0.049137128367893093, "frac_class_23": 0.030152195681835484, "frac_class_24": 0.0058969238787353528, "frac_developed": 0.13427067290518663, "solar_resource_w_m2": 293.97858818056784, "solar_resource_pct": 0.36593204775022958, "solar_screening_pct": 0.36593204775022958, "resource_land_adj_oof": 290.34228515625, "resource_opportunity_oof": 3.63630302431784 }, "geometry": { "type": "Point", "coordinates": [ -75.84, 44.1 ] } },
{ "type": "Feature", "properties": { "latitude": 42.39, "longitude": -76.56, "frac_class_11": 0.00085501118542030241, "frac_class_21": 0.0806638634793099, "frac_class_22": 0.042170791412408204, "frac_class_23": 0.01609295025708898, "frac_class_24": 0.0070040642312512447, "frac_developed": 0.14593166938005833, "solar_resource_w_m2": 292.63633723760319, "solar_resource_pct": 0.28558310376492196, "solar_screening_pct": 0.28558310376492196, "resource_land_adj_oof": 295.56732177734375, "resource_opportunity_oof": -2.9309845397405638 }, "geometry": { "type": "Point", "coordinates": [ -76.56, 42.39 ] } },
{ "type": "Feature", "properties": { "latitude": 42.39, "longitude": -76.92, "frac_class_11": 0.088033962816571512, "frac_class_21": 0.064195578978187673, "frac_class_22": 0.041270677792416922, "frac_class_23": 0.0122266139657444, "frac_class_24": 0.0033962816571512225, "frac_developed": 0.12108915239350021, "solar_resource_w_m2": 294.32384998052765, "solar_resource_pct": 0.38108356290174472, "solar_screening_pct": 0.38108356290174472, "resource_land_adj_oof": 294.40447998046875, "resource_opportunity_oof": -0.080629999941095321 }, "geometry": { "type": "Point", "coordinates": [ -76.92, 42.39 ] } },
{ "type": "Feature", "properties": { "latitude": 42.12, "longitude": -73.86, "frac_class_11": 0.10610887285674131, "frac_class_21": 0.071430244542303012, "frac_class_22": 0.032980417876885597, "frac_class_23": 0.0059964396139792001, "frac_class_24": 0.0016045160685842781, "frac_developed": 0.11201161810175209, "solar_resource_w_m2": 301.14142268039774, "solar_resource_pct": 0.82552800734618914, "solar_screening_pct": 0.82552800734618914, "resource_land_adj_oof": 305.02789306640625, "resource_opportunity_oof": -3.8864703860085115 }, "geometry": { "type": "Point", "coordinates": [ -73.86, 42.12 ] } },
{ "type": "Feature", "properties": { "latitude": 43.02, "longitude": -75.12, "frac_class_11": 0.0085081714750815385, "frac_class_21": 0.077164957810477997, "frac_class_22": 0.050287802221610639, "frac_class_23": 0.018597352102449394, "frac_class_24": 0.0034372310088595067, "frac_developed": 0.14948734314339754, "solar_resource_w_m2": 287.54424273156889, "solar_resource_pct": 0.12947658402203857, "solar_screening_pct": 0.12947658402203857, "resource_land_adj_oof": 291.312744140625, "resource_opportunity_oof": -3.768501409056114 }, "geometry": { "type": "Point", "coordinates": [ -75.12, 43.02 ] } },
{ "type": "Feature", "properties": { "latitude": 43.02, "longitude": -77.01, "frac_class_11": 0.0067224922410259414, "frac_class_21": 0.058979914504889618, "frac_class_22": 0.067482578907302221, "frac_class_23": 0.014914797681091527, "frac_class_24": 0.0041927739064238452, "frac_developed": 0.1455700649997072, "solar_resource_w_m2": 292.64174531970025, "solar_resource_pct": 0.28650137741046833, "solar_screening_pct": 0.28650137741046833, "resource_land_adj_oof": 293.84835815429688, "resource_opportunity_oof": -1.2066128345966263 }, "geometry": { "type": "Point", "coordinates": [ -77.01, 43.02 ] } },
{ "type": "Feature", "properties": { "latitude": 42.21, "longitude": -77.1, "frac_class_11": 0.0057152561032025343, "frac_class_21": 0.062469623062463765, "frac_class_22": 0.050037769878960713, "frac_class_23": 0.024664609330624053, "frac_class_24": 0.0059787668866493728, "frac_developed": 0.1431507691586979, "solar_resource_w_m2": 297.17617849205925, "solar_resource_pct": 0.62350780532598715, "solar_screening_pct": 0.62350780532598715, "resource_land_adj_oof": 296.0743408203125, "resource_opportunity_oof": 1.1018376717467504 }, "geometry": { "type": "Point", "coordinates": [ -77.1, 42.21 ] } },
{ "type": "Feature", "properties": { "latitude": 43.74, "longitude": -73.5, "frac_class_11": 0.19082865357701248, "frac_class_21": 0.028242500190313345, "frac_class_22": 0.0098026011442223799, "frac_class_23": 0.00086665768778071222, "frac_class_24": 1.7567385563122543e-05, "frac_developed": 0.038929326407879557, "solar_resource_w_m2": 283.66250722885968, "solar_resource_pct": 0.052800734618916434, "solar_screening_pct": 0.052800734618916434, "resource_land_adj_oof": 288.22164916992188, "resource_opportunity_oof": -4.5591419410621938 }, "geometry": { "type": "Point", "coordinates": [ -73.5, 43.74 ] } },
{ "type": "Feature", "properties": { "latitude": 41.76, "longitude": -75.03, "frac_class_11": 0.017773066922770607, "frac_class_21": 0.075818088121618138, "frac_class_22": 0.01634419432667307, "frac_class_23": 0.003384788362886791, "frac_class_24": 0.00031622590241502894, "frac_developed": 0.095863296713593033, "solar_resource_w_m2": 304.35301311940032, "solar_resource_pct": 0.90633608815427003, "solar_screening_pct": 0.90633608815427003, "resource_land_adj_oof": 301.65591430664062, "resource_opportunity_oof": 2.6970988127596911 }, "geometry": { "type": "Point", "coordinates": [ -75.03, 41.76 ] } },
{ "type": "Feature", "properties": { "latitude": 41.76, "longitude": -73.68, "frac_class_11": 0.0058440835973320995, "frac_class_21": 0.07911179298592852, "frac_class_22": 0.01639622652558104, "frac_class_23": 0.0044913949089716637, "frac_class_24": 0.00055044474764450639, "frac_developed": 0.10054985916812573, "solar_resource_w_m2": 306.61257146178582, "solar_resource_pct": 0.95133149678604223, "solar_screening_pct": 0.95133149678604223, "resource_land_adj_oof": 306.74807739257812, "resource_opportunity_oof": -0.13550593079230566 }, "geometry": { "type": "Point", "coordinates": [ -73.68, 41.76 ] } },
{ "type": "Feature", "properties": { "latitude": 42.12, "longitude": -78.09, "frac_class_11": 0.00051531601168830412, "frac_class_21": 0.05421944263888645, "frac_class_22": 0.011331096393373504, "frac_class_23": 0.00075540642622490034, "frac_class_24": 5.8558637691852735e-06, "frac_developed": 0.066311801322254033, "solar_resource_w_m2": 298.2905423552736, "solar_resource_pct": 0.70523415977961434, "solar_screening_pct": 0.70523415977961434, "resource_land_adj_oof": 297.89901733398438, "resource_opportunity_oof": 0.39152502128922606 }, "geometry": { "type": "Point", "coordinates": [ -78.09, 42.12 ] } },
{ "type": "Feature", "properties": { "latitude": 42.48, "longitude": -77.19, "frac_class_11": 0.13751566471077381, "frac_class_21": 0.054923111157958844, "frac_class_22": 0.029613623320801565, "frac_class_23": 0.0020671562254781397, "frac_class_24": 0.00011126336624386588, "frac_developed": 0.086715154070482414, "solar_resource_w_m2": 294.43602281808444, "solar_resource_pct": 0.39164370982552799, "solar_screening_pct": 0.39164370982552799, "resource_land_adj_oof": 294.63531494140625, "resource_opportunity_oof": -0.19929212332181123 }, "geometry": { "type": "Point", "coordinates": [ -77.19, 42.48 ] } },
{ "type": "Feature", "properties": { "latitude": 42.66, "longitude": -75.66, "frac_class_11": 0.0023540572352124798, "frac_class_21": 0.037149599751711379, "frac_class_22": 0.012197764231212925, "frac_class_23": 0.00076126228999408557, "frac_class_24": 0.0, "frac_developed": 0.050108626272918386, "solar_resource_w_m2": 292.12488568512333, "solar_resource_pct": 0.25436179981634527, "solar_screening_pct": 0.25436179981634527, "resource_land_adj_oof": 293.36019897460938, "resource_opportunity_oof": -1.2353132894860437 }, "geometry": { "type": "Point", "coordinates": [ -75.66, 42.66 ] } },
{ "type": "Feature", "properties": { "latitude": 43.11, "longitude": -76.92, "frac_class_11": 0.0057093334426402296, "frac_class_21": 0.056701000743677281, "frac_class_22": 0.03963741340844279, "frac_class_23": 0.006101667125365251, "frac_class_24": 0.0011477224151358822, "frac_developed": 0.10358780369262122, "solar_resource_w_m2": 292.03646534636067, "solar_resource_pct": 0.2502295684113866, "solar_screening_pct": 0.2502295684113866, "resource_land_adj_oof": 290.516357421875, "resource_opportunity_oof": 1.5201079244856714 }, "geometry": { "type": "Point", "coordinates": [ -76.92, 43.11 ] } },
{ "type": "Feature", "properties": { "latitude": 42.93, "longitude": -76.38, "frac_class_11": 0.10736097529555742, "frac_class_21": 0.085923913361713095, "frac_class_22": 0.044320437524519994, "frac_class_23": 0.0083089841256829, "frac_class_24": 0.0017449452216021877, "frac_developed": 0.14029828023351817, "solar_resource_w_m2": 289.37933592408348, "solar_resource_pct": 0.15794306703397612, "solar_screening_pct": 0.15794306703397612, "resource_land_adj_oof": 291.513916015625, "resource_opportunity_oof": -2.1345800915415225 }, "geometry": { "type": "Point", "coordinates": [ -76.38, 42.93 ] } },
{ "type": "Feature", "properties": { "latitude": 42.75, "longitude": -74.76, "frac_class_11": 0.0037243729760433808, "frac_class_21": 0.051842569114641586, "frac_class_22": 0.0093636358312788777, "frac_class_23": 0.0011477627410448154, "frac_class_24": 7.0271188227233596e-05, "frac_developed": 0.062424238875192516, "solar_resource_w_m2": 297.16877993086541, "solar_resource_pct": 0.62213039485766763, "solar_screening_pct": 0.62213039485766763, "resource_land_adj_oof": 293.662109375, "resource_opportunity_oof": 3.5066705558654121 }, "geometry": { "type": "Point", "coordinates": [ -74.76, 42.75 ] } },
{ "type": "Feature", "properties": { "latitude": 44.28, "longitude": -73.32, "frac_class_11": 0.38518028332328019, "frac_class_21": 0.031482967222811097, "frac_class_22": 0.019670998307556264, "frac_class_23": 0.0025298812946901775, "frac_class_24": 0.00021082344122418144, "frac_developed": 0.053894670266281718, "solar_resource_w_m2": 284.22526476413248, "solar_resource_pct": 0.06106519742883379, "solar_screening_pct": 0.06106519742883379, "resource_land_adj_oof": 290.79946899414062, "resource_opportunity_oof": -6.5742042300081494 }, "geometry": { "type": "Point", "coordinates": [ -73.32, 44.28 ] } },
{ "type": "Feature", "properties": { "latitude": 44.91, "longitude": -73.41, "frac_class_11": 0.22225215675020352, "frac_class_21": 0.039222691413410796, "frac_class_22": 0.034712989697967121, "frac_class_23": 0.0052125123723959403, "frac_class_24": 0.00071452416790146597, "frac_developed": 0.079862717651675311, "solar_resource_w_m2": 291.68571391776987, "solar_resource_pct": 0.22681359044995408, "solar_screening_pct": 0.22681359044995408, "resource_land_adj_oof": 286.80447387695312, "resource_opportunity_oof": 4.8812400408167491 }, "geometry": { "type": "Point", "coordinates": [ -73.41, 44.91 ] } },
{ "type": "Feature", "properties": { "latitude": 43.47, "longitude": -75.39, "frac_class_11": 0.0012179911344299156, "frac_class_21": 0.048204341435707052, "frac_class_22": 0.022485990174090753, "frac_class_23": 0.0077764049352063852, "frac_class_24": 0.0016396034501941173, "frac_developed": 0.080106339995198311, "solar_resource_w_m2": 288.60633551553025, "solar_resource_pct": 0.1487603305785124, "solar_screening_pct": 0.1487603305785124, "resource_land_adj_oof": 288.37020874023438, "resource_opportunity_oof": 0.23612677529587245 }, "geometry": { "type": "Point", "coordinates": [ -75.39, 43.47 ] } },
{ "type": "Feature", "properties": { "latitude": 41.85, "longitude": -74.76, "frac_class_11": 0.010786374735757243, "frac_class_21": 0.076359569247705997, "frac_class_22": 0.026819541959700419, "frac_class_23": 0.011998524339612697, "frac_class_24": 0.0017098921948105943, "frac_developed": 0.1168875277418297, "solar_resource_w_m2": 304.01715995731342, "solar_resource_pct": 0.8985307621671258, "solar_screening_pct": 0.8985307621671258, "resource_land_adj_oof": 303.89389038085938, "resource_opportunity_oof": 0.12326957645404946 }, "geometry": { "type": "Point", "coordinates": [ -74.76, 41.85 ] } },
{ "type": "Feature", "properties": { "latitude": 43.02, "longitude": -73.68, "frac_class_11": 0.11552695375174207, "frac_class_21": 0.066819305046435643, "frac_class_22": 0.040503823767083981, "frac_class_23": 0.008209680630540948, "frac_class_24": 0.00030449600056214649, "frac_developed": 0.11583730544462273, "solar_resource_w_m2": 297.96000853536549, "solar_resource_pct": 0.67860422405876952, "solar_screening_pct": 0.67860422405876952, "resource_land_adj_oof": 294.111083984375, "resource_opportunity_oof": 3.848924550990489 }, "geometry": { "type": "Point", "coordinates": [ -73.68, 43.02 ] } },
{ "type": "Feature", "properties": { "latitude": 42.03, "longitude": -78.09, "frac_class_11": 0.00038648927199475312, "frac_class_21": 0.040253443268059588, "frac_class_22": 0.0056275180361660265, "frac_class_23": 0.00049775133514475781, "frac_class_24": 3.5135388363159375e-05, "frac_developed": 0.046413848027733531, "solar_resource_w_m2": 298.49069202235557, "solar_resource_pct": 0.72268135904499542, "solar_screening_pct": 0.72268135904499542, "resource_land_adj_oof": 297.98553466796875, "resource_opportunity_oof": 0.50515735438682441 }, "geometry": { "type": "Point", "coordinates": [ -78.09, 42.03 ] } },
{ "type": "Feature", "properties": { "latitude": 42.03, "longitude": -76.92, "frac_class_11": 0.0019910752977828792, "frac_class_21": 0.064194610042046824, "frac_class_22": 0.018792237148780172, "frac_class_23": 0.0020847729588550144, "frac_class_24": 0.00015811480305922862, "frac_developed": 0.085229734952741235, "solar_resource_w_m2": 299.88067367092231, "solar_resource_pct": 0.78420569329660239, "solar_screening_pct": 0.78420569329660239, "resource_land_adj_oof": 297.5885009765625, "resource_opportunity_oof": 2.292172694359806 }, "geometry": { "type": "Point", "coordinates": [ -76.92, 42.03 ] } },
{ "type": "Feature", "properties": { "latitude": 42.3, "longitude": -79.44, "frac_class_11": 0.021783430538964234, "frac_class_21": 0.05297706884032511, "frac_class_22": 0.013960133979809336, "frac_class_23": 0.0017508725083737382, "frac_class_24": 0.00031035532757126461, "frac_developed": 0.06899843065607944, "solar_resource_w_m2": 308.96087880485334, "solar_resource_pct": 0.98438934802571165, "solar_screening_pct": 0.98438934802571165, "resource_land_adj_oof": 305.48971557617188, "resource_opportunity_oof": 3.471163228681462 }, "geometry": { "type": "Point", "coordinates": [ -79.44, 42.3 ] } },
{ "type": "Feature", "properties": { "latitude": 44.01, "longitude": -76.11, "frac_class_11": 0.27796354096517478, "frac_class_21": 0.040856840021784066, "frac_class_22": 0.03601983989880949, "frac_class_23": 0.0058149408258035802, "frac_class_24": 0.00051532204699971306, "frac_developed": 0.08320694279339684, "solar_resource_w_m2": 302.86939004820522, "solar_resource_pct": 0.87511478420569333, "solar_screening_pct": 0.87511478420569333, "resource_land_adj_oof": 295.35202026367188, "resource_opportunity_oof": 7.5173697845333436 }, "geometry": { "type": "Point", "coordinates": [ -76.11, 44.01 ] } },
{ "type": "Feature", "properties": { "latitude": 43.02, "longitude": -74.04, "frac_class_11": 0.016554720759865783, "frac_class_21": 0.06129989986355678, "frac_class_22": 0.021907042929840075, "frac_class_23": 0.001920745811544385, "frac_class_24": 5.8559323522694663e-05, "frac_developed": 0.085186247928463937, "solar_resource_w_m2": 297.35636318257093, "solar_resource_pct": 0.63865932047750229, "solar_screening_pct": 0.63865932047750229, "resource_land_adj_oof": 296.28961181640625, "resource_opportunity_oof": 1.0667513661646808 }, "geometry": { "type": "Point", "coordinates": [ -74.04, 43.02 ] } },
{ "type": "Feature", "properties": { "latitude": 43.56, "longitude": -73.41, "frac_class_11": 0.0466603422226907, "frac_class_21": 0.035662836864481219, "frac_class_22": 0.018364311396882282, "frac_class_23": 0.0088015178665542329, "frac_class_24": 0.0014229998945926004, "frac_developed": 0.06425166602251034, "solar_resource_w_m2": 284.41616148067277, "solar_resource_pct": 0.062901744719926544, "solar_screening_pct": 0.062901744719926544, "resource_land_adj_oof": 289.51611328125, "resource_opportunity_oof": -5.0999518005772302 }, "geometry": { "type": "Point", "coordinates": [ -73.41, 43.56 ] } },
{ "type": "Feature", "properties": { "latitude": 44.91, "longitude": -74.13, "frac_class_11": 0.00064998945963038433, "frac_class_21": 0.052227531445436022, "frac_class_22": 0.016577659101023587, "frac_class_23": 0.0037769657789333147, "frac_class_24": 0.00071440282950366567, "frac_developed": 0.073296559154896593, "solar_resource_w_m2": 280.59382763759322, "solar_resource_pct": 0.013774104683195593, "solar_screening_pct": 0.013774104683195593, "resource_land_adj_oof": 284.88665771484375, "resource_opportunity_oof": -4.2928300772505281 }, "geometry": { "type": "Point", "coordinates": [ -74.13, 44.91 ] } },
{ "type": "Feature", "properties": { "latitude": 42.66, "longitude": -74.4, "frac_class_11": 0.0064884490381518457, "frac_class_21": 0.056522121043539368, "frac_class_22": 0.033338213334114131, "frac_class_23": 0.014675138348022136, "frac_class_24": 0.0024712323953971832, "frac_developed": 0.10700670512107283, "solar_resource_w_m2": 300.66294209286235, "solar_resource_pct": 0.80670339761248855, "solar_screening_pct": 0.80670339761248855, "resource_land_adj_oof": 298.5494384765625, "resource_opportunity_oof": 2.1135036162998517 }, "geometry": { "type": "Point", "coordinates": [ -74.4, 42.66 ] } },
{ "type": "Feature", "properties": { "latitude": 42.03, "longitude": -78.0, "frac_class_11": 0.0043449745859977049, "frac_class_21": 0.04391235097088516, "frac_class_22": 0.003308504907127632, "frac_class_23": 0.00011125945705384957, "frac_class_24": 0.0, "frac_developed": 0.047332115335066642, "solar_resource_w_m2": 299.56001770667115, "solar_resource_pct": 0.77777777777777779, "solar_screening_pct": 0.77777777777777779, "resource_land_adj_oof": 297.9984130859375, "resource_opportunity_oof": 1.5616046207336467 }, "geometry": { "type": "Point", "coordinates": [ -78.0, 42.03 ] } },
{ "type": "Feature", "properties": { "latitude": 43.92, "longitude": -76.11, "frac_class_11": 0.32356351455810356, "frac_class_21": 0.034790705300883087, "frac_class_22": 0.027230563819071935, "frac_class_23": 0.0041402169075449155, "frac_class_24": 0.00046262678316272748, "frac_developed": 0.066624112810662661, "solar_resource_w_m2": 300.75334125698606, "solar_resource_pct": 0.81083562901744721, "solar_screening_pct": 0.81083562901744721, "resource_land_adj_oof": 296.302490234375, "resource_opportunity_oof": 4.4508510226110616 }, "geometry": { "type": "Point", "coordinates": [ -76.11, 43.92 ] } },
{ "type": "Feature", "properties": { "latitude": 42.75, "longitude": -75.48, "frac_class_11": 0.0030156109100703838, "frac_class_21": 0.05711508508121655, "frac_class_22": 0.021015587487849725, "frac_class_23": 0.0024476220590474184, "frac_class_24": 0.00028692220309407536, "frac_developed": 0.080865216831207773, "solar_resource_w_m2": 291.60281153044491, "solar_resource_pct": 0.22497704315886133, "solar_screening_pct": 0.22497704315886133, "resource_land_adj_oof": 291.55075073242188, "resource_opportunity_oof": 0.052060798023035204 }, "geometry": { "type": "Point", "coordinates": [ -75.48, 42.75 ] } },
{ "type": "Feature", "properties": { "latitude": 43.29, "longitude": -76.74, "frac_class_11": 0.1713487587624519, "frac_class_21": 0.073677799445996353, "frac_class_22": 0.021305129511528079, "frac_class_23": 0.0038709979678724737, "frac_class_24": 0.00069104048443109211, "frac_developed": 0.099544967409828003, "solar_resource_w_m2": 294.65101327647852, "solar_resource_pct": 0.41551882460973372, "solar_screening_pct": 0.41551882460973372, "resource_land_adj_oof": 294.52902221679688, "resource_opportunity_oof": 0.12199105968164758 }, "geometry": { "type": "Point", "coordinates": [ -76.74, 43.29 ] } },
{ "type": "Feature", "properties": { "latitude": 41.94, "longitude": -75.3, "frac_class_11": 0.023915627726668501, "frac_class_21": 0.043093806180351003, "frac_class_22": 0.016408322451059044, "frac_class_23": 0.0067226103404053475, "frac_class_24": 0.00074370340873822227, "frac_developed": 0.066968442380553619, "solar_resource_w_m2": 299.53851081391872, "solar_resource_pct": 0.77502295684113864, "solar_screening_pct": 0.77502295684113864, "resource_land_adj_oof": 300.99249267578125, "resource_opportunity_oof": -1.4539818618625304 }, "geometry": { "type": "Point", "coordinates": [ -75.3, 41.94 ] } },
{ "type": "Feature", "properties": { "latitude": 42.93, "longitude": -76.65, "frac_class_11": 0.018686061287470208, "frac_class_21": 0.074094244271501269, "frac_class_22": 0.058734313604928298, "frac_class_23": 0.029004093248774662, "frac_class_24": 0.012601818831286709, "frac_developed": 0.17443446995649095, "solar_resource_w_m2": 291.84314249494901, "solar_resource_pct": 0.2359963269054178, "solar_screening_pct": 0.2359963269054178, "resource_land_adj_oof": 291.06600952148438, "resource_opportunity_oof": 0.7771329734646315 }, "geometry": { "type": "Point", "coordinates": [ -76.65, 42.93 ] } },
{ "type": "Feature", "properties": { "latitude": 42.75, "longitude": -75.03, "frac_class_11": 0.023113364994407585, "frac_class_21": 0.05827238283743346, "frac_class_22": 0.0090474154842563256, "frac_class_23": 0.0010599237557607733, "frac_class_24": 5.27033911704252e-05, "frac_developed": 0.068432425468620994, "solar_resource_w_m2": 293.03311379722862, "solar_resource_pct": 0.31175390266299358, "solar_screening_pct": 0.31175390266299358, "resource_land_adj_oof": 292.94927978515625, "resource_opportunity_oof": 0.083834012072372843 }, "geometry": { "type": "Point", "coordinates": [ -75.03, 42.75 ] } },
{ "type": "Feature", "properties": { "latitude": 41.94, "longitude": -73.68, "frac_class_11": 0.0090238860683145069, "frac_class_21": 0.064882970562572834, "frac_class_22": 0.015623444536186311, "frac_class_23": 0.0032851395745129384, "frac_class_24": 0.00041576632761215445, "frac_developed": 0.084207321000884239, "solar_resource_w_m2": 306.37304310014173, "solar_resource_pct": 0.94719926538108357, "solar_screening_pct": 0.94719926538108357, "resource_land_adj_oof": 306.90994262695312, "resource_opportunity_oof": -0.5368995268113963 }, "geometry": { "type": "Point", "coordinates": [ -73.68, 41.94 ] } },
{ "type": "Feature", "properties": { "latitude": 42.03, "longitude": -76.38, "frac_class_11": 0.019176830874990485, "frac_class_21": 0.065950731647333685, "frac_class_22": 0.033007571188495073, "frac_class_23": 0.0084553721476293923, "frac_class_24": 0.0027755168961054932, "frac_developed": 0.11018919187956365, "solar_resource_w_m2": 297.51681632998981, "solar_resource_pct": 0.6519742883379247, "solar_screening_pct": 0.6519742883379247, "resource_land_adj_oof": 298.52471923828125, "resource_opportunity_oof": -1.0079029082914417 }, "geometry": { "type": "Point", "coordinates": [ -76.38, 42.03 ] } },
{ "type": "Feature", "properties": { "latitude": 42.57, "longitude": -78.27, "frac_class_11": 0.004063945657902442, "frac_class_21": 0.041687650055630382, "frac_class_22": 0.015213444984482053, "frac_class_23": 0.0017801721613866603, "frac_class_24": 0.00033378228025999883, "frac_developed": 0.059015049481759091, "solar_resource_w_m2": 295.57132351595862, "solar_resource_pct": 0.48347107438016529, "solar_screening_pct": 0.48347107438016529, "resource_land_adj_oof": 296.02017211914062, "resource_opportunity_oof": -0.44884860318200026 }, "geometry": { "type": "Point", "coordinates": [ -78.27, 42.57 ] } },
{ "type": "Feature", "properties": { "latitude": 42.21, "longitude": -75.57, "frac_class_11": 0.012367367015670016, "frac_class_21": 0.069595718267631695, "frac_class_22": 0.031855339282786402, "frac_class_23": 0.0062480968777082896, "frac_class_24": 0.00047431663270325347, "frac_developed": 0.10817347106082964, "solar_resource_w_m2": 295.51888253917849, "solar_resource_pct": 0.47887970615243342, "solar_screening_pct": 0.47887970615243342, "resource_land_adj_oof": 295.07589721679688, "resource_opportunity_oof": 0.4429853223816167 }, "geometry": { "type": "Point", "coordinates": [ -75.57, 42.21 ] } },
{ "type": "Feature", "properties": { "latitude": 43.02, "longitude": -73.32, "frac_class_11": 0.00030451383195521302, "frac_class_21": 0.044523435852990088, "frac_class_22": 0.01986952753507765, "frac_class_23": 0.003917687568808414, "frac_class_24": 0.00067930008666932144, "frac_developed": 0.06898995104354548, "solar_resource_w_m2": 298.21297276057464, "solar_resource_pct": 0.69788797061524332, "solar_screening_pct": 0.69788797061524332, "resource_land_adj_oof": 295.90591430664062, "resource_opportunity_oof": 2.3070584539340189 }, "geometry": { "type": "Point", "coordinates": [ -73.32, 43.02 ] } },
{ "type": "Feature", "properties": { "latitude": 42.66, "longitude": -78.45, "frac_class_11": 0.0028459164612258522, "frac_class_21": 0.044773410005211657, "frac_class_22": 0.024471368089429704, "frac_class_23": 0.0025941172681544292, "frac_class_24": 0.0001229716989418578, "frac_developed": 0.071961867061737642, "solar_resource_w_m2": 293.72512500000454, "solar_resource_pct": 0.3480257116620753, "solar_screening_pct": 0.3480257116620753, "resource_land_adj_oof": 296.3736572265625, "resource_opportunity_oof": -2.6485322265579612 }, "geometry": { "type": "Point", "coordinates": [ -78.45, 42.66 ] } },
{ "type": "Feature", "properties": { "latitude": 43.74, "longitude": -75.93, "frac_class_11": 0.00075539757921426942, "frac_class_21": 0.039520761721838014, "frac_class_22": 0.0034314959799966035, "frac_class_23": 0.00022837601232059308, "frac_class_24": 1.171159037541503e-05, "frac_developed": 0.043192345304530623, "solar_resource_w_m2": 285.28280439447377, "solar_resource_pct": 0.080808080808080815, "solar_screening_pct": 0.080808080808080815, "resource_land_adj_oof": 284.11862182617188, "resource_opportunity_oof": 1.1641825683018965 }, "geometry": { "type": "Point", "coordinates": [ -75.93, 43.74 ] } },
{ "type": "Feature", "properties": { "latitude": 42.48, "longitude": -74.22, "frac_class_11": 0.0035490275313175327, "frac_class_21": 0.051396477912281628, "frac_class_22": 0.011221017739281176, "frac_class_23": 0.0010131712259371835, "frac_class_24": 0.0, "frac_developed": 0.063630666877499978, "solar_resource_w_m2": 304.11873214697164, "solar_resource_pct": 0.9049586776859504, "solar_screening_pct": 0.9049586776859504, "resource_land_adj_oof": 300.97830200195312, "resource_opportunity_oof": 3.140430145018513 }, "geometry": { "type": "Point", "coordinates": [ -74.22, 42.48 ] } },
{ "type": "Feature", "properties": { "latitude": 42.93, "longitude": -74.13, "frac_class_11": 0.01898737883979033, "frac_class_21": 0.07989692231104864, "frac_class_22": 0.06466953644323406, "frac_class_23": 0.042982224955342763, "frac_class_24": 0.011736800491961697, "frac_developed": 0.19928548420158715, "solar_resource_w_m2": 298.62009934222596, "solar_resource_pct": 0.7281910009182736, "solar_screening_pct": 0.7281910009182736, "resource_land_adj_oof": 296.13818359375, "resource_opportunity_oof": 2.4819157484759558 }, "geometry": { "type": "Point", "coordinates": [ -74.13, 42.93 ] } },
{ "type": "Feature", "properties": { "latitude": 42.84, "longitude": -77.46, "frac_class_11": 0.001686419637419778, "frac_class_21": 0.050522321637700845, "frac_class_22": 0.038114254930435187, "frac_class_23": 0.0043565840633344264, "frac_class_24": 0.0007026748489249075, "frac_developed": 0.093695835480395367, "solar_resource_w_m2": 295.04819925310653, "solar_resource_pct": 0.44077134986225897, "solar_screening_pct": 0.44077134986225897, "resource_land_adj_oof": 296.10784912109375, "resource_opportunity_oof": -1.0596498679872184 }, "geometry": { "type": "Point", "coordinates": [ -77.46, 42.84 ] } },
{ "type": "Feature", "properties": { "latitude": 42.3, "longitude": -77.64, "frac_class_11": 0.00048026801297895022, "frac_class_21": 0.061819864353570966, "frac_class_22": 0.045414611861448538, "frac_class_23": 0.025383921564033782, "frac_class_24": 0.0057690730827349504, "frac_developed": 0.13838747086178821, "solar_resource_w_m2": 298.06382269333665, "solar_resource_pct": 0.69191919191919193, "solar_screening_pct": 0.69191919191919193, "resource_land_adj_oof": 297.4720458984375, "resource_opportunity_oof": 0.59177679489914681 }, "geometry": { "type": "Point", "coordinates": [ -77.64, 42.3 ] } },
{ "type": "Feature", "properties": { "latitude": 42.75, "longitude": -74.22, "frac_class_11": 0.0090709985711274043, "frac_class_21": 0.063871776252605941, "frac_class_22": 0.03504251481576913, "frac_class_23": 0.0084034105549178981, "frac_class_24": 0.00041577850132346397, "frac_developed": 0.10773348012461643, "solar_resource_w_m2": 301.38725547525422, "solar_resource_pct": 0.83562901744719931, "solar_screening_pct": 0.83562901744719931, "resource_land_adj_oof": 297.80459594726562, "resource_opportunity_oof": 3.5826595279885964 }, "geometry": { "type": "Point", "coordinates": [ -74.22, 42.75 ] } },
{ "type": "Feature", "properties": { "latitude": 43.02, "longitude": -78.36, "frac_class_11": 0.004813520018270295, "frac_class_21": 0.030298239141764605, "frac_class_22": 0.052287007595055307, "frac_class_23": 0.0087018135610093163, "frac_class_24": 0.0017040563568329146, "frac_developed": 0.092991116654662143, "solar_resource_w_m2": 295.06192341734408, "solar_resource_pct": 0.44168962350780533, "solar_screening_pct": 0.44168962350780533, "resource_land_adj_oof": 294.56008911132812, "resource_opportunity_oof": 0.50183430601595092 }, "geometry": { "type": "Point", "coordinates": [ -78.36, 43.02 ] } },
{ "type": "Feature", "properties": { "latitude": 42.3, "longitude": -76.56, "frac_class_11": 0.0015928042724632249, "frac_class_21": 0.056515272182141855, "frac_class_22": 0.00991403541647147, "frac_class_23": 0.00045090415066054531, "frac_class_24": 2.9279490302632813e-05, "frac_developed": 0.066909491239576499, "solar_resource_w_m2": 294.50271546196041, "solar_resource_pct": 0.40404040404040403, "solar_screening_pct": 0.40404040404040403, "resource_land_adj_oof": 295.47531127929688, "resource_opportunity_oof": -0.97259581733646883 }, "geometry": { "type": "Point", "coordinates": [ -76.56, 42.3 ] } },
{ "type": "Feature", "properties": { "latitude": 42.48, "longitude": -73.77, "frac_class_11": 0.049838380999227043, "frac_class_21": 0.074186634811327382, "frac_class_22": 0.058645445389173871, "frac_class_23": 0.025015810554423441, "frac_class_24": 0.0071850186213196542, "frac_developed": 0.16503290937624435, "solar_resource_w_m2": 298.33361994956226, "solar_resource_pct": 0.70844811753902659, "solar_screening_pct": 0.70844811753902659, "resource_land_adj_oof": 303.79727172851562, "resource_opportunity_oof": -5.4636517789533627 }, "geometry": { "type": "Point", "coordinates": [ -73.77, 42.48 ] } },
{ "type": "Feature", "properties": { "latitude": 42.12, "longitude": -77.64, "frac_class_11": 0.00043331869418825942, "frac_class_21": 0.048842043624652318, "frac_class_22": 0.015464792856097203, "frac_class_23": 0.0015400380617771922, "frac_class_24": 5.2700922266139659e-05, "frac_developed": 0.065899575464792845, "solar_resource_w_m2": 300.94008372311578, "solar_resource_pct": 0.81818181818181823, "solar_screening_pct": 0.81818181818181823, "resource_land_adj_oof": 298.664306640625, "resource_opportunity_oof": 2.2757770824907766 }, "geometry": { "type": "Point", "coordinates": [ -77.64, 42.12 ] } },
{ "type": "Feature", "properties": { "latitude": 42.48, "longitude": -74.94, "frac_class_11": 0.012396791005445922, "frac_class_21": 0.050488961761433505, "frac_class_22": 0.028699420272881655, "frac_class_23": 0.0085143760613690927, "frac_class_24": 0.0012882824852140306, "frac_developed": 0.088991040580898295, "solar_resource_w_m2": 294.60138506560355, "solar_resource_pct": 0.41000918273645548, "solar_screening_pct": 0.41000918273645548, "resource_land_adj_oof": 296.1083984375, "resource_opportunity_oof": -1.5070133718964485 }, "geometry": { "type": "Point", "coordinates": [ -74.94, 42.48 ] } },
{ "type": "Feature", "properties": { "latitude": 42.93, "longitude": -76.29, "frac_class_11": 0.030174559210179596, "frac_class_21": 0.075292932723556999, "frac_class_22": 0.034086184584214134, "frac_class_23": 0.0049832233432685492, "frac_class_24": 0.00074953300580302509, "frac_developed": 0.11511187365684271, "solar_resource_w_m2": 290.57578513069802, "solar_resource_pct": 0.18916437098255279, "solar_screening_pct": 0.18916437098255279, "resource_land_adj_oof": 292.83267211914062, "resource_opportunity_oof": -2.2568869884426022 }, "geometry": { "type": "Point", "coordinates": [ -76.29, 42.93 ] } },
{ "type": "Feature", "properties": { "latitude": 43.2, "longitude": -77.01, "frac_class_11": 0.026333665163670434, "frac_class_21": 0.077326228260233068, "frac_class_22": 0.036112900392340573, "frac_class_23": 0.0059436669204192775, "frac_class_24": 0.0012707149967792937, "frac_developed": 0.12065351056977221, "solar_resource_w_m2": 294.57884225060212, "solar_resource_pct": 0.4081726354453627, "solar_screening_pct": 0.4081726354453627, "resource_land_adj_oof": 294.1839599609375, "resource_opportunity_oof": 0.39488228966462202 }, "geometry": { "type": "Point", "coordinates": [ -77.01, 43.2 ] } },
{ "type": "Feature", "properties": { "latitude": 43.02, "longitude": -78.27, "frac_class_11": 0.01025367750398201, "frac_class_21": 0.046583669071488802, "frac_class_22": 0.072864939567132012, "frac_class_23": 0.023640260470345731, "frac_class_24": 0.0083680783284924582, "frac_developed": 0.15145694743745899, "solar_resource_w_m2": 295.12653811184333, "solar_resource_pct": 0.44536271808999084, "solar_screening_pct": 0.44536271808999084, "resource_land_adj_oof": 294.43209838867188, "resource_opportunity_oof": 0.69443972317145608 }, "geometry": { "type": "Point", "coordinates": [ -78.27, 43.02 ] } },
{ "type": "Feature", "properties": { "latitude": 42.03, "longitude": -77.1, "frac_class_11": 0.0079693639147670383, "frac_class_21": 0.063233769960006792, "frac_class_22": 0.025032351752850176, "frac_class_23": 0.0099192523670943149, "frac_class_24": 0.0010012940701140071, "frac_developed": 0.099186668150065299, "solar_resource_w_m2": 298.55335514334837, "solar_resource_pct": 0.72497704315886136, "solar_screening_pct": 0.72497704315886136, "resource_land_adj_oof": 297.28128051757812, "resource_opportunity_oof": 1.2720746257702444 }, "geometry": { "type": "Point", "coordinates": [ -77.1, 42.03 ] } },
{ "type": "Feature", "properties": { "latitude": 42.48, "longitude": -75.12, "frac_class_11": 0.0055807035317128016, "frac_class_21": 0.078838417258603827, "frac_class_22": 0.046818179156394385, "frac_class_23": 0.026896297293973661, "frac_class_24": 0.0061311611728261314, "frac_developed": 0.15868405488179801, "solar_resource_w_m2": 293.60929795794669, "solar_resource_pct": 0.34297520661157027, "solar_screening_pct": 0.34297520661157027, "resource_land_adj_oof": 293.8687744140625, "resource_opportunity_oof": -0.25947645611580583 }, "geometry": { "type": "Point", "coordinates": [ -75.12, 42.48 ] } },
{ "type": "Feature", "properties": { "latitude": 42.12, "longitude": -75.12, "frac_class_11": 0.004596691553213292, "frac_class_21": 0.042248572683355294, "frac_class_22": 0.015751720099546188, "frac_class_23": 0.0039115795637534772, "frac_class_24": 0.0015576050358659054, "frac_developed": 0.063469477382520872, "solar_resource_w_m2": 297.74280774394106, "solar_resource_pct": 0.66712580348943984, "solar_screening_pct": 0.66712580348943984, "resource_land_adj_oof": 297.89300537109375, "resource_opportunity_oof": -0.1501976271526928 }, "geometry": { "type": "Point", "coordinates": [ -75.12, 42.12 ] } },
{ "type": "Feature", "properties": { "latitude": 42.57, "longitude": -76.83, "frac_class_11": 0.16223133235724743, "frac_class_21": 0.043426061493411418, "frac_class_22": 0.022530014641288433, "frac_class_23": 0.0012650073206442168, "frac_class_24": 0.0001054172767203514, "frac_developed": 0.06732650073206442, "solar_resource_w_m2": 291.17683149707915, "solar_resource_pct": 0.21166207529843895, "solar_screening_pct": 0.21166207529843895, "resource_land_adj_oof": 293.89544677734375, "resource_opportunity_oof": -2.7186152802646006 }, "geometry": { "type": "Point", "coordinates": [ -76.83, 42.57 ] } },
{ "type": "Feature", "properties": { "latitude": 42.48, "longitude": -74.13, "frac_class_11": 0.0061310893663369817, "frac_class_21": 0.065790629446796547, "frac_class_22": 0.015559030034725273, "frac_class_23": 0.0011009023886068313, "frac_class_24": 6.4414501461038015e-05, "frac_developed": 0.082514976371589679, "solar_resource_w_m2": 304.91171242986462, "solar_resource_pct": 0.91551882460973366, "solar_screening_pct": 0.91551882460973366, "resource_land_adj_oof": 300.12689208984375, "resource_opportunity_oof": 4.7848203400208718 }, "geometry": { "type": "Point", "coordinates": [ -74.13, 42.48 ] } },
{ "type": "Feature", "properties": { "latitude": 44.55, "longitude": -75.03, "frac_class_11": 0.0032034201048285554, "frac_class_21": 0.056824104711428652, "frac_class_22": 0.013973236508447775, "frac_class_23": 0.00094287136540657671, "frac_class_24": 2.9281719422564493e-05, "frac_developed": 0.071769494304705569, "solar_resource_w_m2": 281.29884941222076, "solar_resource_pct": 0.022497704315886134, "solar_screening_pct": 0.022497704315886134, "resource_land_adj_oof": 281.80349731445312, "resource_opportunity_oof": -0.50464790223236378 }, "geometry": { "type": "Point", "coordinates": [ -75.03, 44.55 ] } },
{ "type": "Feature", "properties": { "latitude": 42.84, "longitude": -76.47, "frac_class_11": 0.14413032276198059, "frac_class_21": 0.057121609593853935, "frac_class_22": 0.021525272872066334, "frac_class_23": 0.0017625427460533096, "frac_class_24": 0.0001288237223028997, "frac_developed": 0.080538248934276482, "solar_resource_w_m2": 291.48527875362379, "solar_resource_pct": 0.22359963269054178, "solar_screening_pct": 0.22359963269054178, "resource_land_adj_oof": 291.44662475585938, "resource_opportunity_oof": 0.038653997764413361 }, "geometry": { "type": "Point", "coordinates": [ -76.47, 42.84 ] } },
{ "type": "Feature", "properties": { "latitude": 44.37, "longitude": -75.84, "frac_class_11": 0.23741148701809597, "frac_class_21": 0.039233730470945263, "frac_class_22": 0.021931549960660896, "frac_class_23": 0.0043413510171968076, "frac_class_24": 0.0009202540182083849, "frac_developed": 0.066426885467011351, "solar_resource_w_m2": 288.50067305679306, "solar_resource_pct": 0.14738292011019283, "solar_screening_pct": 0.14738292011019283, "resource_land_adj_oof": 289.88565063476562, "resource_opportunity_oof": -1.3849775779725633 }, "geometry": { "type": "Point", "coordinates": [ -75.84, 44.37 ] } },
{ "type": "Feature", "properties": { "latitude": 42.12, "longitude": -79.62, "frac_class_11": 0.00063240736403241671, "frac_class_21": 0.050141706094533188, "frac_class_22": 0.018099732983557409, "frac_class_23": 0.003484096125919333, "frac_class_24": 0.00023422494964163583, "frac_developed": 0.071959760153651575, "solar_resource_w_m2": 303.43751468663646, "solar_resource_pct": 0.88797061524334253, "solar_screening_pct": 0.88797061524334253, "resource_land_adj_oof": 300.68228149414062, "resource_opportunity_oof": 2.7552331924958366 }, "geometry": { "type": "Point", "coordinates": [ -79.62, 42.12 ] } },
{ "type": "Feature", "properties": { "latitude": 41.67, "longitude": -73.59, "frac_class_11": 0.0090122798901427093, "frac_class_21": 0.064719764357282147, "frac_class_22": 0.026626924405769265, "frac_class_23": 0.006500084911019108, "frac_class_24": 0.0013234407116128994, "frac_developed": 0.099170214385683422, "solar_resource_w_m2": 307.51529073204455, "solar_resource_pct": 0.97245179063360887, "solar_screening_pct": 0.97245179063360887, "resource_land_adj_oof": 306.45315551757812, "resource_opportunity_oof": 1.0621352144664229 }, "geometry": { "type": "Point", "coordinates": [ -73.59, 41.67 ] } },
{ "type": "Feature", "properties": { "latitude": 42.03, "longitude": -77.01, "frac_class_11": 0.0045497930049128391, "frac_class_21": 0.071098567137260871, "frac_class_22": 0.012156203704245888, "frac_class_23": 0.00096617225973052577, "frac_class_24": 0.00013467855741698239, "frac_developed": 0.084355621658654276, "solar_resource_w_m2": 300.37117865274183, "solar_resource_pct": 0.79522497704315886, "solar_screening_pct": 0.79522497704315886, "resource_land_adj_oof": 298.8568115234375, "resource_opportunity_oof": 1.5143671293043326 }, "geometry": { "type": "Point", "coordinates": [ -77.01, 42.03 ] } },
{ "type": "Feature", "properties": { "latitude": 41.76, "longitude": -74.31, "frac_class_11": 0.0044153988498881512, "frac_class_21": 0.056392958785706757, "frac_class_22": 0.034667322534930843, "frac_class_23": 0.0076127566377381913, "frac_class_24": 0.0013585842615040464, "frac_developed": 0.10003162221987984, "solar_resource_w_m2": 307.1236461739436, "solar_resource_pct": 0.9623507805325987, "solar_screening_pct": 0.9623507805325987, "resource_land_adj_oof": 306.90179443359375, "resource_opportunity_oof": 0.22185174034984811 }, "geometry": { "type": "Point", "coordinates": [ -74.31, 41.76 ] } },
{ "type": "Feature", "properties": { "latitude": 42.48, "longitude": -77.91, "frac_class_11": 0.0015869669606361923, "frac_class_21": 0.049740580677652461, "frac_class_22": 0.011389855123385218, "frac_class_23": 0.00042162959839780751, "frac_class_24": 1.1711933288827987e-05, "frac_developed": 0.061563777332724313, "solar_resource_w_m2": 296.31527841360707, "solar_resource_pct": 0.532139577594123, "solar_screening_pct": 0.532139577594123, "resource_land_adj_oof": 295.73406982421875, "resource_opportunity_oof": 0.58120858938832498 }, "geometry": { "type": "Point", "coordinates": [ -77.91, 42.48 ] } },
{ "type": "Feature", "properties": { "latitude": 42.21, "longitude": -79.62, "frac_class_11": 0.0011067906584526013, "frac_class_21": 0.050250638307840059, "frac_class_22": 0.011694502354126163, "frac_class_23": 0.0027347684523670096, "frac_class_24": 0.00019324916258696212, "frac_developed": 0.064873158276920195, "solar_resource_w_m2": 307.2825373141722, "solar_resource_pct": 0.96602387511478416, "solar_screening_pct": 0.96602387511478416, "resource_land_adj_oof": 301.371826171875, "resource_opportunity_oof": 5.9107111422972025 }, "geometry": { "type": "Point", "coordinates": [ -79.62, 42.21 ] } },
{ "type": "Feature", "properties": { "latitude": 42.12, "longitude": -77.28, "frac_class_11": 0.005656698151325459, "frac_class_21": 0.052567473400050357, "frac_class_22": 0.030180768397444532, "frac_class_23": 0.00412247981214609, "frac_class_24": 0.00039233827757640348, "frac_developed": 0.087263059887217373, "solar_resource_w_m2": 298.99525015011801, "solar_resource_pct": 0.74655647382920109, "solar_screening_pct": 0.74655647382920109, "resource_land_adj_oof": 296.92239379882812, "resource_opportunity_oof": 2.0728563512898859 }, "geometry": { "type": "Point", "coordinates": [ -77.28, 42.12 ] } },
{ "type": "Feature", "properties": { "latitude": 42.48, "longitude": -76.02, "frac_class_11": 0.004350932258971236, "frac_class_21": 0.060801789562447299, "frac_class_22": 0.023212779911927293, "frac_class_23": 0.0034842593460133048, "frac_class_24": 0.0002986508010868547, "frac_developed": 0.087797479621474758, "solar_resource_w_m2": 293.18343438119985, "solar_resource_pct": 0.31818181818181818, "solar_screening_pct": 0.31818181818181818, "resource_land_adj_oof": 293.9202880859375, "resource_opportunity_oof": -0.73685370473765488 }, "geometry": { "type": "Point", "coordinates": [ -76.02, 42.48 ] } },
{ "type": "Feature", "properties": { "latitude": 42.66, "longitude": -76.02, "frac_class_11": 0.0014053990747789425, "frac_class_21": 0.045458804239620544, "frac_class_22": 0.010394097323885928, "frac_class_23": 0.0011594542366926276, "frac_class_24": 4.0990806347719151e-05, "frac_developed": 0.057053346606546824, "solar_resource_w_m2": 292.43819866054258, "solar_resource_pct": 0.27134986225895319, "solar_screening_pct": 0.27134986225895319, "resource_land_adj_oof": 292.83233642578125, "resource_opportunity_oof": -0.39413776523866773 }, "geometry": { "type": "Point", "coordinates": [ -76.02, 42.66 ] } },
{ "type": "Feature", "properties": { "latitude": 42.39, "longitude": -74.13, "frac_class_11": 0.0034666713513576818, "frac_class_21": 0.075610912987720255, "frac_class_22": 0.020296423823996157, "frac_class_23": 0.0039644197717384304, "frac_class_24": 0.00045675737399645134, "frac_developed": 0.10032851395745129, "solar_resource_w_m2": 305.9565926471949, "solar_resource_pct": 0.9430670339761249, "solar_screening_pct": 0.9430670339761249, "resource_land_adj_oof": 301.21112060546875, "resource_opportunity_oof": 4.7454720417261456 }, "geometry": { "type": "Point", "coordinates": [ -74.13, 42.39 ] } },
{ "type": "Feature", "properties": { "latitude": 42.3, "longitude": -78.72, "frac_class_11": 0.0037946441642706143, "frac_class_21": 0.054770535290776322, "frac_class_22": 0.025432314205906293, "frac_class_23": 0.0040757289171795491, "frac_class_24": 0.00066172035580644971, "frac_developed": 0.084940298769668618, "solar_resource_w_m2": 296.97883322889135, "solar_resource_pct": 0.6074380165289256, "solar_screening_pct": 0.6074380165289256, "resource_land_adj_oof": 297.31619262695312, "resource_opportunity_oof": -0.33735939806177839 }, "geometry": { "type": "Point", "coordinates": [ -78.72, 42.3 ] } },
{ "type": "Feature", "properties": { "latitude": 44.19, "longitude": -75.66, "frac_class_11": 0.0041634459981730026, "frac_class_21": 0.0443691003208957, "frac_class_22": 0.026831096432670461, "frac_class_23": 0.0046084838263884013, "frac_class_24": 0.00077296043847937602, "frac_developed": 0.076581641018433941, "solar_resource_w_m2": 286.40879055215021, "solar_resource_pct": 0.093204775022956834, "solar_screening_pct": 0.093204775022956834, "resource_land_adj_oof": 287.8438720703125, "resource_opportunity_oof": -1.435081518162292 }, "geometry": { "type": "Point", "coordinates": [ -75.66, 44.19 ] } },
{ "type": "Feature", "properties": { "latitude": 42.39, "longitude": -79.08, "frac_class_11": 0.0019499912162557827, "frac_class_21": 0.03846108801311706, "frac_class_22": 0.01617380101891433, "frac_class_23": 0.0026351232652105172, "frac_class_24": 0.00035720559817298118, "frac_developed": 0.057627217895414889, "solar_resource_w_m2": 298.97955652501571, "solar_resource_pct": 0.74471992653810837, "solar_screening_pct": 0.74471992653810837, "resource_land_adj_oof": 301.77786254882812, "resource_opportunity_oof": -2.7983060238124153 }, "geometry": { "type": "Point", "coordinates": [ -79.08, 42.39 ] } },
{ "type": "Feature", "properties": { "latitude": 42.66, "longitude": -78.0, "frac_class_11": 0.029073512361366485, "frac_class_21": 0.055951140103294411, "frac_class_22": 0.036826448991064215, "frac_class_23": 0.0068335929356927866, "frac_class_24": 0.0013995104641221731, "frac_developed": 0.10101069249417359, "solar_resource_w_m2": 295.88267486726716, "solar_resource_pct": 0.50459136822773187, "solar_screening_pct": 0.50459136822773187, "resource_land_adj_oof": 295.3885498046875, "resource_opportunity_oof": 0.49412506257965561 }, "geometry": { "type": "Point", "coordinates": [ -78.0, 42.66 ] } },
{ "type": "Feature", "properties": { "latitude": 42.84, "longitude": -77.73, "frac_class_11": 0.042442306453596292, "frac_class_21": 0.057105045879617976, "frac_class_22": 0.066321959560352042, "frac_class_23": 0.013298355126395859, "frac_class_24": 0.0025179624413695372, "frac_developed": 0.1392433230077354, "solar_resource_w_m2": 292.93473692134938, "solar_resource_pct": 0.30578512396694213, "solar_screening_pct": 0.30578512396694213, "resource_land_adj_oof": 295.8326416015625, "resource_opportunity_oof": -2.8979046802131165 }, "geometry": { "type": "Point", "coordinates": [ -77.73, 42.84 ] } },
{ "type": "Feature", "properties": { "latitude": 44.91, "longitude": -74.49, "frac_class_11": 0.00086663231367405255, "frac_class_21": 0.043530706890898017, "frac_class_22": 0.012806249121656439, "frac_class_23": 0.0015166065489295919, "frac_class_24": 0.00022251370215955403, "frac_developed": 0.058076076263643604, "solar_resource_w_m2": 283.51443471977962, "solar_resource_pct": 0.048668503213957756, "solar_screening_pct": 0.048668503213957756, "resource_land_adj_oof": 286.38253784179688, "resource_opportunity_oof": -2.8681031220172599 }, "geometry": { "type": "Point", "coordinates": [ -74.49, 44.91 ] } },
{ "type": "Feature", "properties": { "latitude": 42.12, "longitude": -77.01, "frac_class_11": 0.013988921289627469, "frac_class_21": 0.088653105200904095, "frac_class_22": 0.062923795805080285, "frac_class_23": 0.033183431121104591, "frac_class_24": 0.0071964772980126247, "frac_developed": 0.19195680942510157, "solar_resource_w_m2": 297.11756540337126, "solar_resource_pct": 0.61799816345270886, "solar_screening_pct": 0.61799816345270886, "resource_land_adj_oof": 296.91644287109375, "resource_opportunity_oof": 0.20112253227750898 }, "geometry": { "type": "Point", "coordinates": [ -77.01, 42.12 ] } },
{ "type": "Feature", "properties": { "latitude": 41.76, "longitude": -74.4, "frac_class_11": 0.015888726207906295, "frac_class_21": 0.059443631039531479, "frac_class_22": 0.027426061493411421, "frac_class_23": 0.011461200585651537, "frac_class_24": 0.0032796486090775987, "frac_developed": 0.10161054172767203, "solar_resource_w_m2": 306.4540849828395, "solar_resource_pct": 0.95041322314049592, "solar_screening_pct": 0.95041322314049592, "resource_land_adj_oof": 307.22909545898438, "resource_opportunity_oof": -0.77501047614487106 }, "geometry": { "type": "Point", "coordinates": [ -74.4, 41.76 ] } },
{ "type": "Feature", "properties": { "latitude": 42.57, "longitude": -74.04, "frac_class_11": 0.0081391263614006316, "frac_class_21": 0.059427333411406491, "frac_class_22": 0.025096615528750438, "frac_class_23": 0.0025295702072842255, "frac_class_24": 0.00036889565522894955, "frac_developed": 0.087422414802670101, "solar_resource_w_m2": 303.07927187755433, "solar_resource_pct": 0.88383838383838387, "solar_screening_pct": 0.88383838383838387, "resource_land_adj_oof": 299.37808227539062, "resource_opportunity_oof": 3.7011896021637085 }, "geometry": { "type": "Point", "coordinates": [ -74.04, 42.57 ] } },
{ "type": "Feature", "properties": { "latitude": 43.56, "longitude": -76.02, "frac_class_11": 0.0092171295726976212, "frac_class_21": 0.05399106395188822, "frac_class_22": 0.020009486499306079, "frac_class_23": 0.0029045084295158956, "frac_class_24": 0.00084910024653186468, "frac_developed": 0.077754159127242067, "solar_resource_w_m2": 291.4213832101965, "solar_resource_pct": 0.22084481175390266, "solar_screening_pct": 0.22084481175390266, "resource_land_adj_oof": 292.18707275390625, "resource_opportunity_oof": -0.76568954370975462 }, "geometry": { "type": "Point", "coordinates": [ -76.02, 43.56 ] } },
{ "type": "Feature", "properties": { "latitude": 42.3, "longitude": -79.62, "frac_class_11": 0.26249216769047884, "frac_class_21": 0.057809764181604176, "frac_class_22": 0.039357721339603087, "frac_class_23": 0.0064239577904396045, "frac_class_24": 0.0015283983439423308, "frac_developed": 0.10511984165558921, "solar_resource_w_m2": 312.59120553514168, "solar_resource_pct": 0.99862258953168048, "solar_screening_pct": 0.99862258953168048, "resource_land_adj_oof": 310.55984497070312, "resource_opportunity_oof": 2.0313605644385575 }, "geometry": { "type": "Point", "coordinates": [ -79.62, 42.3 ] } },
{ "type": "Feature", "properties": { "latitude": 42.66, "longitude": -76.29, "frac_class_11": 0.0028989071998313364, "frac_class_21": 0.053743982571418533, "frac_class_22": 0.013504808086486993, "frac_class_23": 0.0015226583271841362, "frac_class_24": 8.1989294540684259e-05, "frac_developed": 0.06885343827963035, "solar_resource_w_m2": 292.59589823294635, "solar_resource_pct": 0.28420569329660239, "solar_screening_pct": 0.28420569329660239, "resource_land_adj_oof": 293.2220458984375, "resource_opportunity_oof": -0.6261476654911462 }, "geometry": { "type": "Point", "coordinates": [ -76.29, 42.66 ] } },
{ "type": "Feature", "properties": { "latitude": 43.2, "longitude": -77.91, "frac_class_11": 0.0039994612731520792, "frac_class_21": 0.087970580829522235, "frac_class_22": 0.075966341283458153, "frac_class_23": 0.022035099225287371, "frac_class_24": 0.0068921902174231293, "frac_developed": 0.19286421155569089, "solar_resource_w_m2": 296.62593511964184, "solar_resource_pct": 0.56473829201101933, "solar_screening_pct": 0.56473829201101933, "resource_land_adj_oof": 294.97665405273438, "resource_opportunity_oof": 1.6492810669074629 }, "geometry": { "type": "Point", "coordinates": [ -77.91, 43.2 ] } },
{ "type": "Feature", "properties": { "latitude": 44.55, "longitude": -75.57, "frac_class_11": 0.073943950625958849, "frac_class_21": 0.033165864455609033, "frac_class_22": 0.017900432139971192, "frac_class_23": 0.001387766574148895, "frac_class_24": 5.8555551651852112e-05, "frac_developed": 0.052512618721380966, "solar_resource_w_m2": 288.32859930469277, "solar_resource_pct": 0.14370982552800735, "solar_screening_pct": 0.14370982552800735, "resource_land_adj_oof": 286.93759155273438, "resource_opportunity_oof": 1.3910077519583979 }, "geometry": { "type": "Point", "coordinates": [ -75.57, 44.55 ] } },
{ "type": "Feature", "properties": { "latitude": 42.84, "longitude": -75.48, "frac_class_11": 0.0081686907843114293, "frac_class_21": 0.07011605982175273, "frac_class_22": 0.026374038202536684, "frac_class_23": 0.0060547858573319121, "frac_class_24": 0.00097204492487146753, "frac_developed": 0.10351692880649278, "solar_resource_w_m2": 290.9619138509392, "solar_resource_pct": 0.20385674931129477, "solar_screening_pct": 0.20385674931129477, "resource_land_adj_oof": 291.4859619140625, "resource_opportunity_oof": -0.52404806312330265 }, "geometry": { "type": "Point", "coordinates": [ -75.48, 42.84 ] } },
{ "type": "Feature", "properties": { "latitude": 42.93, "longitude": -75.39, "frac_class_11": 0.002910500641247123, "frac_class_21": 0.050462342103876179, "frac_class_22": 0.0275999789179028, "frac_class_23": 0.0069219552473925548, "frac_class_24": 0.0010599609981201796, "frac_developed": 0.086044237267291726, "solar_resource_w_m2": 290.5083729867693, "solar_resource_pct": 0.18686868686868688, "solar_screening_pct": 0.18686868686868688, "resource_land_adj_oof": 291.14028930664062, "resource_opportunity_oof": -0.63191631987132268 }, "geometry": { "type": "Point", "coordinates": [ -75.39, 42.93 ] } },
{ "type": "Feature", "properties": { "latitude": 42.57, "longitude": -78.72, "frac_class_11": 0.0023775642264424962, "frac_class_21": 0.06020039469908587, "frac_class_22": 0.035833289412811907, "frac_class_23": 0.0033965203234892806, "frac_class_24": 0.00014054566855817711, "frac_developed": 0.099570750103945227, "solar_resource_w_m2": 296.84790525149708, "solar_resource_pct": 0.58677685950413228, "solar_screening_pct": 0.58677685950413228, "resource_land_adj_oof": 297.29739379882812, "resource_opportunity_oof": -0.44948854733104326 }, "geometry": { "type": "Point", "coordinates": [ -78.72, 42.57 ] } },
{ "type": "Feature", "properties": { "latitude": 42.75, "longitude": -76.29, "frac_class_11": 0.039344627078050982, "frac_class_21": 0.048994864527764928, "frac_class_22": 0.010727691145555796, "frac_class_23": 0.00096619489029296205, "frac_class_24": 3.5134359647016798e-05, "frac_developed": 0.060723884923260703, "solar_resource_w_m2": 290.74259374308195, "solar_resource_pct": 0.19191919191919191, "solar_screening_pct": 0.19191919191919191, "resource_land_adj_oof": 292.00079345703125, "resource_opportunity_oof": -1.2581997139492955 }, "geometry": { "type": "Point", "coordinates": [ -76.29, 42.75 ] } },
{ "type": "Feature", "properties": { "latitude": 42.21, "longitude": -74.94, "frac_class_11": 0.0014523137466181, "frac_class_21": 0.051071081388130851, "frac_class_22": 0.0087490191026106511, "frac_class_23": 0.0029866129466743188, "frac_class_24": 0.00056804207024982142, "frac_developed": 0.06337475550766565, "solar_resource_w_m2": 298.67569803423794, "solar_resource_pct": 0.73324150596877868, "solar_screening_pct": 0.73324150596877868, "resource_land_adj_oof": 300.44082641601562, "resource_opportunity_oof": -1.7651283817776857 }, "geometry": { "type": "Point", "coordinates": [ -74.94, 42.21 ] } },
{ "type": "Feature", "properties": { "latitude": 43.2, "longitude": -78.18, "frac_class_11": 0.0023188813154381279, "frac_class_21": 0.044544773147822826, "frac_class_22": 0.056631063640409436, "frac_class_23": 0.012238540275923453, "frac_class_24": 0.0030508514276345066, "frac_developed": 0.11646522849179022, "solar_resource_w_m2": 296.54772887822907, "solar_resource_pct": 0.55096418732782371, "solar_screening_pct": 0.55096418732782371, "resource_land_adj_oof": 296.08355712890625, "resource_opportunity_oof": 0.46417174932281569 }, "geometry": { "type": "Point", "coordinates": [ -78.18, 43.2 ] } },
{ "type": "Feature", "properties": { "latitude": 43.11, "longitude": -78.54, "frac_class_11": 0.0039056781650924888, "frac_class_21": 0.031772428371502015, "frac_class_22": 0.035976741598693032, "frac_class_23": 0.001750821246420771, "frac_class_24": 8.1978252340771888e-05, "frac_developed": 0.069581969468956589, "solar_resource_w_m2": 297.60440600753157, "solar_resource_pct": 0.65886134067952251, "solar_screening_pct": 0.65886134067952251, "resource_land_adj_oof": 295.25430297851562, "resource_opportunity_oof": 2.3501030290159406 }, "geometry": { "type": "Point", "coordinates": [ -78.54, 43.11 ] } },
{ "type": "Feature", "properties": { "latitude": 44.82, "longitude": -74.4, "frac_class_11": 0.00017568002810880451, "frac_class_21": 0.046537639446022308, "frac_class_22": 0.021216291394606623, "frac_class_23": 0.0044681287149005945, "frac_class_24": 0.001247328199572512, "frac_developed": 0.073469387755102047, "solar_resource_w_m2": 280.34739701362111, "solar_resource_pct": 0.010101010101010102, "solar_screening_pct": 0.010101010101010102, "resource_land_adj_oof": 286.22189331054688, "resource_opportunity_oof": -5.8744962969257699 }, "geometry": { "type": "Point", "coordinates": [ -74.4, 44.82 ] } },
{ "type": "Feature", "properties": { "latitude": 42.57, "longitude": -76.47, "frac_class_11": 0.0041407746235526321, "frac_class_21": 0.075441750956126527, "frac_class_22": 0.033665024803649975, "frac_class_23": 0.0061965198751325109, "frac_class_24": 0.0011772216397936055, "frac_developed": 0.11648051727470261, "solar_resource_w_m2": 292.76952821581034, "solar_resource_pct": 0.29476584022038566, "solar_screening_pct": 0.29476584022038566, "resource_land_adj_oof": 293.34735107421875, "resource_opportunity_oof": -0.57782285840841041 }, "geometry": { "type": "Point", "coordinates": [ -76.47, 42.57 ] } },
{ "type": "Feature", "properties": { "latitude": 42.48, "longitude": -77.73, "frac_class_11": 0.000614872896988294, "frac_class_21": 0.049910111438392663, "frac_class_22": 0.027599009176245998, "frac_class_23": 0.00252390684382814, "frac_class_24": 7.0271188227233596e-05, "frac_developed": 0.080103298646694035, "solar_resource_w_m2": 296.60517848809758, "solar_resource_pct": 0.56060606060606055, "solar_screening_pct": 0.56060606060606055, "resource_land_adj_oof": 296.17111206054688, "resource_opportunity_oof": 0.43406642755070379 }, "geometry": { "type": "Point", "coordinates": [ -77.73, 42.48 ] } },
{ "type": "Feature", "properties": { "latitude": 43.83, "longitude": -75.57, "frac_class_11": 0.00042746053309598538, "frac_class_21": 0.039906075795193702, "frac_class_22": 0.02170094158429756, "frac_class_23": 0.0041750597273621584, "frac_class_24": 0.00055628425539888508, "frac_developed": 0.066338361362252296, "solar_resource_w_m2": 284.43422226246872, "solar_resource_pct": 0.064279155188246104, "solar_screening_pct": 0.064279155188246104, "resource_land_adj_oof": 288.53460693359375, "resource_opportunity_oof": -4.1003846711250276 }, "geometry": { "type": "Point", "coordinates": [ -75.57, 43.83 ] } },
{ "type": "Feature", "properties": { "latitude": 44.64, "longitude": -73.68, "frac_class_11": 0.0075946550492452186, "frac_class_21": 0.03369871997564089, "frac_class_22": 0.019253065383128973, "frac_class_23": 0.0019498998700066754, "frac_class_24": 0.00024007776177259365, "frac_developed": 0.055141762990549133, "solar_resource_w_m2": 290.24595137702062, "solar_resource_pct": 0.18181818181818182, "solar_screening_pct": 0.18181818181818182, "resource_land_adj_oof": 285.06381225585938, "resource_opportunity_oof": 5.1821391211612422 }, "geometry": { "type": "Point", "coordinates": [ -73.68, 44.64 ] } },
{ "type": "Feature", "properties": { "latitude": 42.66, "longitude": -75.93, "frac_class_11": 0.0026117458291121821, "frac_class_21": 0.036769399239899983, "frac_class_22": 0.0061311611728261314, "frac_class_23": 0.00049189831759063516, "frac_class_24": 2.3423729409077865e-05, "frac_developed": 0.043415882459725823, "solar_resource_w_m2": 291.82885537886665, "solar_resource_pct": 0.23324150596877868, "solar_screening_pct": 0.23324150596877868, "resource_land_adj_oof": 292.55368041992188, "resource_opportunity_oof": -0.72482504105522594 }, "geometry": { "type": "Point", "coordinates": [ -75.93, 42.66 ] } },
{ "type": "Feature", "properties": { "latitude": 42.66, "longitude": -74.31, "frac_class_11": 0.0064003091823648939, "frac_class_21": 0.049668273087666082, "frac_class_22": 0.035913171285859004, "frac_class_23": 0.011693886035848759, "frac_class_24": 0.00087835899117542004, "frac_developed": 0.098153689400549249, "solar_resource_w_m2": 300.62609681268032, "solar_resource_pct": 0.80532598714416892, "solar_screening_pct": 0.80532598714416892, "resource_land_adj_oof": 298.47564697265625, "resource_opportunity_oof": 2.1504498400240664 }, "geometry": { "type": "Point", "coordinates": [ -74.31, 42.66 ] } },
{ "type": "Feature", "properties": { "latitude": 43.02, "longitude": -75.66, "frac_class_11": 0.0041750841750841754, "frac_class_21": 0.063709559361733281, "frac_class_22": 0.042927829014785535, "frac_class_23": 0.0076592007026789633, "frac_class_24": 0.0027931488801054018, "frac_developed": 0.11708973795930318, "solar_resource_w_m2": 290.13614275408401, "solar_resource_pct": 0.17860422405876952, "solar_screening_pct": 0.17860422405876952, "resource_land_adj_oof": 291.01251220703125, "resource_opportunity_oof": -0.87636945294724455 }, "geometry": { "type": "Point", "coordinates": [ -75.66, 43.02 ] } },
{ "type": "Feature", "properties": { "latitude": 43.74, "longitude": -76.11, "frac_class_11": 0.0027873911541321903, "frac_class_21": 0.05569512030872114, "frac_class_22": 0.032541034965362564, "frac_class_23": 0.0046202765138871806, "frac_class_24": 0.0011243258436835725, "frac_developed": 0.093980757631654463, "solar_resource_w_m2": 300.75308704227172, "solar_resource_pct": 0.80991735537190079, "solar_screening_pct": 0.80991735537190079, "resource_land_adj_oof": 294.87667846679688, "resource_opportunity_oof": 5.8764085754748407 }, "geometry": { "type": "Point", "coordinates": [ -76.11, 43.74 ] } },
{ "type": "Feature", "properties": { "latitude": 41.49, "longitude": -73.68, "frac_class_11": 0.039296757871064465, "frac_class_21": 0.1323088455772114, "frac_class_22": 0.049920352323838083, "frac_class_23": 0.010447901049475263, "frac_class_24": 0.0013996907796101949, "frac_developed": 0.19407678973013492, "solar_resource_w_m2": 308.66892301622715, "solar_resource_pct": 0.98163452708907251, "solar_screening_pct": 0.98163452708907251, "resource_land_adj_oof": 306.60382080078125, "resource_opportunity_oof": 2.0651022154459042 }, "geometry": { "type": "Point", "coordinates": [ -73.68, 41.49 ] } },
{ "type": "Feature", "properties": { "latitude": 43.29, "longitude": -77.82, "frac_class_11": 0.037616747181964574, "frac_class_21": 0.061127214170692432, "frac_class_22": 0.070349875567266879, "frac_class_23": 0.011723027375201289, "frac_class_24": 0.001048162787293222, "frac_developed": 0.1442482799004538, "solar_resource_w_m2": 299.49525811627143, "solar_resource_pct": 0.77318640955004592, "solar_screening_pct": 0.77318640955004592, "resource_land_adj_oof": 297.38949584960938, "resource_opportunity_oof": 2.1057622666620546 }, "geometry": { "type": "Point", "coordinates": [ -77.82, 43.29 ] } },
{ "type": "Feature", "properties": { "latitude": 42.03, "longitude": -73.86, "frac_class_11": 0.060673315101863946, "frac_class_21": 0.091908858268869284, "frac_class_22": 0.042607763795112642, "frac_class_23": 0.0080284832549614386, "frac_class_24": 0.0010306440939994261, "frac_developed": 0.14357574941294279, "solar_resource_w_m2": 303.56947294915756, "solar_resource_pct": 0.88888888888888884, "solar_screening_pct": 0.88888888888888884, "resource_land_adj_oof": 305.07461547851562, "resource_opportunity_oof": -1.5051425293580678 }, "geometry": { "type": "Point", "coordinates": [ -73.86, 42.03 ] } },
{ "type": "Feature", "properties": { "latitude": 44.28, "longitude": -75.48, "frac_class_11": 0.0180485119640201, "frac_class_21": 0.051598130731661612, "frac_class_22": 0.031499982431688549, "frac_class_23": 0.010031505838535506, "frac_class_24": 0.0021550462046591163, "frac_developed": 0.095284665206544786, "solar_resource_w_m2": 283.6509232712981, "solar_resource_pct": 0.051423324150596875, "solar_screening_pct": 0.051423324150596875, "resource_land_adj_oof": 285.55908203125, "resource_opportunity_oof": -1.9081587599519025 }, "geometry": { "type": "Point", "coordinates": [ -75.48, 44.28 ] } },
{ "type": "Feature", "properties": { "latitude": 41.76, "longitude": -74.94, "frac_class_11": 0.011062050549296104, "frac_class_21": 0.081562858682157832, "frac_class_22": 0.016771684898456349, "frac_class_23": 0.0038415591108196109, "frac_class_24": 0.00031622590241502894, "frac_developed": 0.10249232859384882, "solar_resource_w_m2": 305.20825023814865, "solar_resource_pct": 0.92470156106519741, "solar_screening_pct": 0.92470156106519741, "resource_land_adj_oof": 302.70150756835938, "resource_opportunity_oof": 2.5067426697892756 }, "geometry": { "type": "Point", "coordinates": [ -74.94, 41.76 ] } },
{ "type": "Feature", "properties": { "latitude": 42.57, "longitude": -74.85, "frac_class_11": 0.0036072120818181285, "frac_class_21": 0.054816740743343348, "frac_class_22": 0.01592209358841476, "frac_class_23": 0.0028459497918240429, "frac_class_24": 8.1982092768593834e-05, "frac_developed": 0.073666766216350738, "solar_resource_w_m2": 294.99542140864588, "solar_resource_pct": 0.43480257116620752, "solar_screening_pct": 0.43480257116620752, "resource_land_adj_oof": 296.59130859375, "resource_opportunity_oof": -1.5958871851041181 }, "geometry": { "type": "Point", "coordinates": [ -74.85, 42.57 ] } },
{ "type": "Feature", "properties": { "latitude": 43.29, "longitude": -76.2, "frac_class_11": 0.011202595394813894, "frac_class_21": 0.081451594012789577, "frac_class_22": 0.047328476728115999, "frac_class_23": 0.013855379353962194, "frac_class_24": 0.0026352158534585744, "frac_developed": 0.14527066594832636, "solar_resource_w_m2": 289.69854988523423, "solar_resource_pct": 0.16666666666666666, "solar_screening_pct": 0.16666666666666666, "resource_land_adj_oof": 293.86526489257812, "resource_opportunity_oof": -4.1667150073438961 }, "geometry": { "type": "Point", "coordinates": [ -76.2, 43.29 ] } },
{ "type": "Feature", "properties": { "latitude": 43.2, "longitude": -78.27, "frac_class_11": 0.0043918463907806357, "frac_class_21": 0.029601044673861487, "frac_class_22": 0.051653969350767985, "frac_class_23": 0.0062247102845330885, "frac_class_24": 0.0011535916519783804, "frac_developed": 0.088633315961140949, "solar_resource_w_m2": 297.17885595787254, "solar_resource_pct": 0.62488521579430667, "solar_screening_pct": 0.62488521579430667, "resource_land_adj_oof": 296.272705078125, "resource_opportunity_oof": 0.9061508797475426 }, "geometry": { "type": "Point", "coordinates": [ -78.27, 43.2 ] } },
{ "type": "Feature", "properties": { "latitude": 42.57, "longitude": -73.59, "frac_class_11": 0.020455131058068444, "frac_class_21": 0.084291771099294935, "frac_class_22": 0.03573352697289827, "frac_class_23": 0.0058677473003677589, "frac_class_24": 0.0005094750650019911, "frac_developed": 0.12640252043756295, "solar_resource_w_m2": 297.4622598445024, "solar_resource_pct": 0.64692378328741962, "solar_screening_pct": 0.64692378328741962, "resource_land_adj_oof": 299.31280517578125, "resource_opportunity_oof": -1.8505453312788518 }, "geometry": { "type": "Point", "coordinates": [ -73.59, 42.57 ] } },
{ "type": "Feature", "properties": { "latitude": 43.83, "longitude": -75.66, "frac_class_11": 0.0010775294124536633, "frac_class_21": 0.042427720615362992, "frac_class_22": 0.0098090313361950329, "frac_class_23": 0.0014874590802349482, "frac_class_24": 0.00011126662411206306, "frac_developed": 0.053835477655905038, "solar_resource_w_m2": 284.57198604524353, "solar_resource_pct": 0.066574839302112027, "solar_screening_pct": 0.066574839302112027, "resource_land_adj_oof": 285.91299438476562, "resource_opportunity_oof": -1.3410083395220909 }, "geometry": { "type": "Point", "coordinates": [ -75.66, 43.83 ] } },
{ "type": "Feature", "properties": { "latitude": 43.2, "longitude": -74.94, "frac_class_11": 0.0039761547830975356, "frac_class_21": 0.045055279677691372, "frac_class_22": 0.0081455542021924478, "frac_class_23": 0.0018153283987632344, "frac_class_24": 0.00014639745151316406, "frac_developed": 0.055162559730160224, "solar_resource_w_m2": 287.79016911180344, "solar_resource_pct": 0.13314967860422405, "solar_screening_pct": 0.13314967860422405, "resource_land_adj_oof": 291.87982177734375, "resource_opportunity_oof": -4.0896526655403136 }, "geometry": { "type": "Point", "coordinates": [ -74.94, 43.2 ] } },
{ "type": "Feature", "properties": { "latitude": 44.01, "longitude": -73.5, "frac_class_11": 0.087483018691150979, "frac_class_21": 0.038190378039068724, "frac_class_22": 0.022274792710919568, "frac_class_23": 0.0043273059446292221, "frac_class_24": 0.0004157492856139036, "frac_developed": 0.065208225980231418, "solar_resource_w_m2": 286.79572353636559, "solar_resource_pct": 0.1046831955922865, "solar_screening_pct": 0.1046831955922865, "resource_land_adj_oof": 287.53817749023438, "resource_opportunity_oof": -0.74245395386878954 }, "geometry": { "type": "Point", "coordinates": [ -73.5, 44.01 ] } },
{ "type": "Feature", "properties": { "latitude": 42.12, "longitude": -74.04, "frac_class_11": 0.0014756863112526937, "frac_class_21": 0.062587838470907903, "frac_class_22": 0.024799728286329991, "frac_class_23": 0.0071559074299634593, "frac_class_24": 0.00080225803429213904, "frac_developed": 0.095345732221493493, "solar_resource_w_m2": 302.72473787214858, "solar_resource_pct": 0.86960514233241504, "solar_screening_pct": 0.86960514233241504, "resource_land_adj_oof": 302.36663818359375, "resource_opportunity_oof": 0.35809968855483021 }, "geometry": { "type": "Point", "coordinates": [ -74.04, 42.12 ] } },
{ "type": "Feature", "properties": { "latitude": 43.38, "longitude": -73.59, "frac_class_11": 0.012759777714014675, "frac_class_21": 0.086015775512235687, "frac_class_22": 0.057328234887656572, "frac_class_23": 0.017350721141177368, "frac_class_24": 0.0032089757628637181, "frac_developed": 0.16390370730393333, "solar_resource_w_m2": 296.55696473396108, "solar_resource_pct": 0.55188246097337001, "solar_screening_pct": 0.55188246097337001, "resource_land_adj_oof": 293.67556762695312, "resource_opportunity_oof": 2.881397107007956 }, "geometry": { "type": "Point", "coordinates": [ -73.59, 43.38 ] } },
{ "type": "Feature", "properties": { "latitude": 41.85, "longitude": -74.94, "frac_class_11": 0.012894309990455165, "frac_class_21": 0.075913639743987626, "frac_class_22": 0.0094687099248710275, "frac_class_23": 0.001311682760155294, "frac_class_24": 4.0990086254852936e-05, "frac_developed": 0.086735022515268809, "solar_resource_w_m2": 302.94846371341083, "solar_resource_pct": 0.87741046831955927, "solar_screening_pct": 0.87741046831955927, "resource_land_adj_oof": 303.13003540039062, "resource_opportunity_oof": -0.18157168697979387 }, "geometry": { "type": "Point", "coordinates": [ -74.94, 41.85 ] } },
{ "type": "Feature", "properties": { "latitude": 42.66, "longitude": -76.92, "frac_class_11": 0.3745344451992223, "frac_class_21": 0.036916446089339673, "frac_class_22": 0.04014897753624886, "frac_class_23": 0.005422688622894755, "frac_class_24": 0.00075542854465812464, "frac_developed": 0.083243540793141418, "solar_resource_w_m2": 291.96091438046915, "solar_resource_pct": 0.24196510560146925, "solar_screening_pct": 0.24196510560146925, "resource_land_adj_oof": 293.79693603515625, "resource_opportunity_oof": -1.8360216546871015 }, "geometry": { "type": "Point", "coordinates": [ -76.92, 42.66 ] } },
{ "type": "Feature", "properties": { "latitude": 42.75, "longitude": -77.55, "frac_class_11": 0.10463441200238924, "frac_class_21": 0.054273098860428894, "frac_class_22": 0.025004977571647751, "frac_class_23": 0.0036365552861810898, "frac_class_24": 0.00067929213075202321, "frac_developed": 0.083593923849009752, "solar_resource_w_m2": 293.6318670352145, "solar_resource_pct": 0.34527089072543615, "solar_screening_pct": 0.34527089072543615, "resource_land_adj_oof": 294.8363037109375, "resource_opportunity_oof": -1.2044366757230023 }, "geometry": { "type": "Point", "coordinates": [ -77.55, 42.75 ] } },
{ "type": "Feature", "properties": { "latitude": 42.66, "longitude": -73.59, "frac_class_11": 0.014956839503859263, "frac_class_21": 0.10986893732650886, "frac_class_22": 0.076113564225395003, "frac_class_23": 0.012333243537638061, "frac_class_24": 0.0013586479110788367, "frac_developed": 0.19967439300062079, "solar_resource_w_m2": 297.19817078345716, "solar_resource_pct": 0.6267217630853994, "solar_screening_pct": 0.6267217630853994, "resource_land_adj_oof": 298.46270751953125, "resource_opportunity_oof": -1.264536736074092 }, "geometry": { "type": "Point", "coordinates": [ -73.59, 42.66 ] } },
{ "type": "Feature", "properties": { "latitude": 41.49, "longitude": -74.85, "frac_class_11": 0.039324757147959695, "frac_class_21": 0.069561958742966223, "frac_class_22": 0.013789428690209212, "frac_class_23": 0.002043528922667947, "frac_class_24": 0.00014052920958174993, "frac_developed": 0.085535445565425139, "solar_resource_w_m2": 305.60617529363276, "solar_resource_pct": 0.93296602387511474, "solar_screening_pct": 0.93296602387511474, "resource_land_adj_oof": 306.360107421875, "resource_opportunity_oof": -0.75393212824224065 }, "geometry": { "type": "Point", "coordinates": [ -74.85, 41.49 ] } },
{ "type": "Feature", "properties": { "latitude": 42.84, "longitude": -76.65, "frac_class_11": 0.11896187247099883, "frac_class_21": 0.049458625394538824, "frac_class_22": 0.034221667867118742, "frac_class_23": 0.0053522594850353399, "frac_class_24": 0.0010364878871457935, "frac_developed": 0.090069040633838707, "solar_resource_w_m2": 292.35471840434474, "solar_resource_pct": 0.26446280991735538, "solar_screening_pct": 0.26446280991735538, "resource_land_adj_oof": 292.04376220703125, "resource_opportunity_oof": 0.31095619731348734 }, "geometry": { "type": "Point", "coordinates": [ -76.65, 42.84 ] } },
{ "type": "Feature", "properties": { "latitude": 42.57, "longitude": -76.65, "frac_class_11": 0.2162097274760795, "frac_class_21": 0.061473057959642571, "frac_class_22": 0.037031398222211812, "frac_class_23": 0.0049304929321793717, "frac_class_24": 0.00077295138604237181, "frac_developed": 0.10420790050007613, "solar_resource_w_m2": 290.08142464973378, "solar_resource_pct": 0.17676767676767677, "solar_screening_pct": 0.17676767676767677, "resource_land_adj_oof": 294.05392456054688, "resource_opportunity_oof": -3.9724999108130987 }, "geometry": { "type": "Point", "coordinates": [ -76.65, 42.57 ] } },
{ "type": "Feature", "properties": { "latitude": 42.84, "longitude": -74.67, "frac_class_11": 0.00048606515615575168, "frac_class_21": 0.05932337387780439, "frac_class_22": 0.017410502521096986, "frac_class_23": 0.0031213581714580199, "frac_class_24": 8.784310051007561e-05, "frac_developed": 0.079943077670869472, "solar_resource_w_m2": 297.07610967592734, "solar_resource_pct": 0.61432506887052341, "solar_screening_pct": 0.61432506887052341, "resource_land_adj_oof": 296.47216796875, "resource_opportunity_oof": 0.60394170717734141 }, "geometry": { "type": "Point", "coordinates": [ -74.67, 42.84 ] } },
{ "type": "Feature", "properties": { "latitude": 42.48, "longitude": -75.21, "frac_class_11": 0.0023425375538051593, "frac_class_21": 0.056326315481245059, "frac_class_22": 0.0061081666715469534, "frac_class_23": 0.00040408772803139002, "frac_class_24": 5.8563438845128985e-06, "frac_developed": 0.062844426224707928, "solar_resource_w_m2": 293.60929795794669, "solar_resource_pct": 0.34297520661157027, "solar_screening_pct": 0.34297520661157027, "resource_land_adj_oof": 293.81979370117188, "resource_opportunity_oof": -0.21049574322518083 }, "geometry": { "type": "Point", "coordinates": [ -75.21, 42.48 ] } },
{ "type": "Feature", "properties": { "latitude": 42.75, "longitude": -74.31, "frac_class_11": 0.012548969087257203, "frac_class_21": 0.053826469365407477, "frac_class_22": 0.03254650965327837, "frac_class_23": 0.0078174865755895329, "frac_class_24": 0.00031035714494849828, "frac_developed": 0.094500822739223875, "solar_resource_w_m2": 299.09342989109109, "solar_resource_pct": 0.75206611570247939, "solar_screening_pct": 0.75206611570247939, "resource_land_adj_oof": 296.78494262695312, "resource_opportunity_oof": 2.3084872641379661 }, "geometry": { "type": "Point", "coordinates": [ -74.31, 42.75 ] } },
{ "type": "Feature", "properties": { "latitude": 44.55, "longitude": -75.21, "frac_class_11": 0.0081403179994729291, "frac_class_21": 0.059008520980351968, "frac_class_22": 0.028092881614008375, "frac_class_23": 0.0091886035548007384, "frac_class_24": 0.0019091681063512049, "frac_developed": 0.098199174255512292, "solar_resource_w_m2": 282.77182968085526, "solar_resource_pct": 0.038567493112947659, "solar_screening_pct": 0.038567493112947659, "resource_land_adj_oof": 283.7734375, "resource_opportunity_oof": -1.0016078191447377 }, "geometry": { "type": "Point", "coordinates": [ -75.21, 44.55 ] } },
{ "type": "Feature", "properties": { "latitude": 44.82, "longitude": -74.13, "frac_class_11": 0.0038413566547405033, "frac_class_21": 0.020811252364249619, "frac_class_22": 0.0046611583798375619, "frac_class_23": 0.00079052309205787804, "frac_class_24": 0.00019909470466642854, "frac_developed": 0.026462028540811488, "solar_resource_w_m2": 279.67015439757375, "solar_resource_pct": 0.0036730945821854912, "solar_screening_pct": 0.0036730945821854912, "resource_land_adj_oof": 283.93142700195312, "resource_opportunity_oof": -4.2612726043793714 }, "geometry": { "type": "Point", "coordinates": [ -74.13, 44.82 ] } },
{ "type": "Feature", "properties": { "latitude": 44.28, "longitude": -73.5, "frac_class_11": 0.0013527203733742468, "frac_class_21": 0.03393512798140156, "frac_class_22": 0.02691386509103047, "frac_class_23": 0.0036716695848729554, "frac_class_24": 0.00015225424115900612, "frac_developed": 0.064672916898463981, "solar_resource_w_m2": 288.73120128316566, "solar_resource_pct": 0.15243342516069788, "solar_screening_pct": 0.15243342516069788, "resource_land_adj_oof": 286.40646362304688, "resource_opportunity_oof": 2.3247376601187852 }, "geometry": { "type": "Point", "coordinates": [ -73.5, 44.28 ] } },
{ "type": "Feature", "properties": { "latitude": 42.12, "longitude": -75.57, "frac_class_11": 0.014372562111255578, "frac_class_21": 0.046971454006629887, "frac_class_22": 0.011274320319546451, "frac_class_23": 0.0016750418760469012, "frac_class_24": 2.928394888193883e-05, "frac_developed": 0.059950100151105176, "solar_resource_w_m2": 296.07851376038616, "solar_resource_pct": 0.51974288337924701, "solar_screening_pct": 0.51974288337924701, "resource_land_adj_oof": 296.29168701171875, "resource_opportunity_oof": -0.21317325133259146 }, "geometry": { "type": "Point", "coordinates": [ -75.57, 42.12 ] } },
{ "type": "Feature", "properties": { "latitude": 44.64, "longitude": -75.21, "frac_class_11": 0.010148449623751939, "frac_class_21": 0.057043305126928817, "frac_class_22": 0.029244868679178988, "frac_class_23": 0.010575937692150031, "frac_class_24": 0.0023014083682253391, "frac_developed": 0.099165519866483171, "solar_resource_w_m2": 283.55652154785497, "solar_resource_pct": 0.049586776859504134, "solar_screening_pct": 0.049586776859504134, "resource_land_adj_oof": 285.26470947265625, "resource_opportunity_oof": -1.7081879248012797 }, "geometry": { "type": "Point", "coordinates": [ -75.21, 44.64 ] } },
{ "type": "Feature", "properties": { "latitude": 42.3, "longitude": -76.74, "frac_class_11": 0.0025180509114758705, "frac_class_21": 0.043972196033191427, "frac_class_22": 0.02315435652087347, "frac_class_23": 0.0045090679112474892, "frac_class_24": 0.00085496612343134216, "frac_developed": 0.07249058658874373, "solar_resource_w_m2": 295.19991909277047, "solar_resource_pct": 0.45500459136822774, "solar_screening_pct": 0.45500459136822774, "resource_land_adj_oof": 295.23004150390625, "resource_opportunity_oof": -0.030122411135778293 }, "geometry": { "type": "Point", "coordinates": [ -76.74, 42.3 ] } },
{ "type": "Feature", "properties": { "latitude": 42.03, "longitude": -74.04, "frac_class_11": 0.012273818586402764, "frac_class_21": 0.10834455700649998, "frac_class_22": 0.053656965509164371, "frac_class_23": 0.020893599578380277, "frac_class_24": 0.0037535866955554255, "frac_developed": 0.18664870878960005, "solar_resource_w_m2": 303.98213966735915, "solar_resource_pct": 0.89623507805325986, "solar_screening_pct": 0.89623507805325986, "resource_land_adj_oof": 303.72463989257812, "resource_opportunity_oof": 0.25749977478102437 }, "geometry": { "type": "Point", "coordinates": [ -74.04, 42.03 ] } },
{ "type": "Feature", "properties": { "latitude": 43.11, "longitude": -75.93, "frac_class_11": 0.041465371349600925, "frac_class_21": 0.066868108380326641, "frac_class_22": 0.055273498117339795, "frac_class_23": 0.012074791092060035, "frac_class_24": 0.0013351369393742425, "frac_developed": 0.13555153452910071, "solar_resource_w_m2": 286.99341045271746, "solar_resource_pct": 0.11294765840220386, "solar_screening_pct": 0.11294765840220386, "resource_land_adj_oof": 293.58377075195312, "resource_opportunity_oof": -6.5903602992356696 }, "geometry": { "type": "Point", "coordinates": [ -75.93, 43.11 ] } },
{ "type": "Feature", "properties": { "latitude": 42.12, "longitude": -74.58, "frac_class_11": 0.00075543296850020202, "frac_class_21": 0.038245990056393953, "frac_class_22": 0.015981213728969389, "frac_class_23": 0.0050537879985711187, "frac_class_24": 0.00052119018756990681, "frac_developed": 0.059802181971504373, "solar_resource_w_m2": 302.84185629736351, "solar_resource_pct": 0.8737373737373737, "solar_screening_pct": 0.8737373737373737, "resource_land_adj_oof": 303.18264770507812, "resource_opportunity_oof": -0.3407914077146188 }, "geometry": { "type": "Point", "coordinates": [ -74.58, 42.12 ] } },
{ "type": "Feature", "properties": { "latitude": 43.29, "longitude": -73.86, "frac_class_11": 0.049706609198767876, "frac_class_21": 0.04380951265504035, "frac_class_22": 0.039364729857930922, "frac_class_23": 0.010810367646197631, "frac_class_24": 0.0017334067298345065, "frac_developed": 0.095718016889003402, "solar_resource_w_m2": 298.05549278492549, "solar_resource_pct": 0.68870523415977958, "solar_screening_pct": 0.68870523415977958, "resource_land_adj_oof": 292.73544311523438, "resource_opportunity_oof": 5.3200496696911159 }, "geometry": { "type": "Point", "coordinates": [ -73.86, 43.29 ] } },
{ "type": "Feature", "properties": { "latitude": 42.57, "longitude": -76.38, "frac_class_11": 0.0011769183476300611, "frac_class_21": 0.069935884298972392, "frac_class_22": 0.023251456509646631, "frac_class_23": 0.004174839710747431, "frac_class_24": 0.00039230611587668708, "frac_developed": 0.097754486635243151, "solar_resource_w_m2": 293.22191784055161, "solar_resource_pct": 0.32369146005509641, "solar_screening_pct": 0.32369146005509641, "resource_land_adj_oof": 293.21151733398438, "resource_opportunity_oof": 0.010400506567236789 }, "geometry": { "type": "Point", "coordinates": [ -76.38, 42.57 ] } },
{ "type": "Feature", "properties": { "latitude": 42.12, "longitude": -78.0, "frac_class_11": 0.00087836413463565459, "frac_class_21": 0.077998735155646121, "frac_class_22": 0.036493101913662659, "frac_class_23": 0.011494858641931933, "frac_class_24": 0.0037945330616260277, "frac_developed": 0.12978122877286674, "solar_resource_w_m2": 298.26419435410992, "solar_resource_pct": 0.70339761248852162, "solar_screening_pct": 0.70339761248852162, "resource_land_adj_oof": 297.9632568359375, "resource_opportunity_oof": 0.30093751817241809 }, "geometry": { "type": "Point", "coordinates": [ -78.0, 42.12 ] } },
{ "type": "Feature", "properties": { "latitude": 42.93, "longitude": -75.21, "frac_class_11": 0.0017450780600353701, "frac_class_21": 0.062489020062541721, "frac_class_22": 0.025291919937224037, "frac_class_23": 0.0051942424135952119, "frac_class_24": 0.00064415633088553924, "frac_developed": 0.093619338744246508, "solar_resource_w_m2": 291.69051238428375, "solar_resource_pct": 0.22819100091827366, "solar_screening_pct": 0.22819100091827366, "resource_land_adj_oof": 291.13595581054688, "resource_opportunity_oof": 0.55455657373687473 }, "geometry": { "type": "Point", "coordinates": [ -75.21, 42.93 ] } },
{ "type": "Feature", "properties": { "latitude": 42.21, "longitude": -74.49, "frac_class_11": 0.00018738434872227298, "frac_class_21": 0.044386667603588413, "frac_class_22": 0.0052409060033260721, "frac_class_23": 0.0007436816339915209, "frac_class_24": 4.6846087180568244e-05, "frac_developed": 0.050418101328086579, "solar_resource_w_m2": 304.09205721767592, "solar_resource_pct": 0.90174471992653815, "solar_screening_pct": 0.90174471992653815, "resource_land_adj_oof": 302.56582641601562, "resource_opportunity_oof": 1.5262308016602901 }, "geometry": { "type": "Point", "coordinates": [ -74.49, 42.21 ] } },
{ "type": "Feature", "properties": { "latitude": 42.48, "longitude": -79.26, "frac_class_11": 0.14377653500424559, "frac_class_21": 0.07019002723040435, "frac_class_22": 0.074166251866600294, "frac_class_23": 0.036670277867244458, "frac_class_24": 0.012549410007905602, "frac_developed": 0.19357596697215473, "solar_resource_w_m2": 311.60510465442314, "solar_resource_pct": 0.99632690541781455, "solar_screening_pct": 0.99632690541781455, "resource_land_adj_oof": 309.77908325195312, "resource_opportunity_oof": 1.826021402470019 }, "geometry": { "type": "Point", "coordinates": [ -79.26, 42.48 ] } },
{ "type": "Feature", "properties": { "latitude": 43.56, "longitude": -76.2, "frac_class_11": 0.37820982051357127, "frac_class_21": 0.049166983866717417, "frac_class_22": 0.021772611483617837, "frac_class_23": 0.0066524170643867302, "frac_class_24": 0.0013410242145638744, "frac_developed": 0.078933036629285858, "solar_resource_w_m2": 253.24089914292506, "solar_resource_pct": 0.00091827364554637281, "solar_screening_pct": 0.00091827364554637281, "resource_land_adj_oof": 291.28875732421875, "resource_opportunity_oof": -38.047858181293691 }, "geometry": { "type": "Point", "coordinates": [ -76.2, 43.56 ] } },
{ "type": "Feature", "properties": { "latitude": 42.3, "longitude": -77.01, "frac_class_11": 0.0011418934349911283, "frac_class_21": 0.037132032160403818, "frac_class_22": 0.019142818661466658, "frac_class_23": 0.0014405424872195774, "frac_class_24": 7.0270365230223279e-05, "frac_developed": 0.057785663674320281, "solar_resource_w_m2": 296.91574918908623, "solar_resource_pct": 0.59733700642791554, "solar_screening_pct": 0.59733700642791554, "resource_land_adj_oof": 295.19488525390625, "resource_opportunity_oof": 1.7208639351799775 }, "geometry": { "type": "Point", "coordinates": [ -77.01, 42.3 ] } },
{ "type": "Feature", "properties": { "latitude": 42.39, "longitude": -76.29, "frac_class_11": 0.0006265810924763422, "frac_class_21": 0.042390846060151782, "frac_class_22": 0.013011805490490021, "frac_class_23": 0.0011419001218026797, "frac_class_24": 0.00019910053405790311, "frac_developed": 0.05674365220650239, "solar_resource_w_m2": 293.50829851839609, "solar_resource_pct": 0.33700642791551882, "solar_screening_pct": 0.33700642791551882, "resource_land_adj_oof": 294.79306030273438, "resource_opportunity_oof": -1.2847617843382864 }, "geometry": { "type": "Point", "coordinates": [ -76.29, 42.39 ] } },
{ "type": "Feature", "properties": { "latitude": 44.28, "longitude": -75.84, "frac_class_11": 0.053196224028483757, "frac_class_21": 0.042889602023845778, "frac_class_22": 0.021245695814106017, "frac_class_23": 0.0025298072193202315, "frac_class_24": 0.00022838537396640979, "frac_developed": 0.066893490431238448, "solar_resource_w_m2": 290.97429237143047, "solar_resource_pct": 0.20477502295684114, "solar_screening_pct": 0.20477502295684114, "resource_land_adj_oof": 287.8636474609375, "resource_opportunity_oof": 3.1106449104929652 }, "geometry": { "type": "Point", "coordinates": [ -75.84, 44.28 ] } },
{ "type": "Feature", "properties": { "latitude": 41.58, "longitude": -75.03, "frac_class_11": 0.024060617062016548, "frac_class_21": 0.058883807538485863, "frac_class_22": 0.011728745674183291, "frac_class_23": 0.0015692979733804902, "frac_class_24": 0.0002576459359281402, "frac_developed": 0.072439497121977781, "solar_resource_w_m2": 305.6986088234799, "solar_resource_pct": 0.93572084481175388, "solar_screening_pct": 0.93572084481175388, "resource_land_adj_oof": 301.8916015625, "resource_opportunity_oof": 3.8070072609799013 }, "geometry": { "type": "Point", "coordinates": [ -75.03, 41.58 ] } },
{ "type": "Feature", "properties": { "latitude": 41.22, "longitude": -74.4, "frac_class_11": 0.021633461002377688, "frac_class_21": 0.10909261276456188, "frac_class_22": 0.050259437553439451, "frac_class_23": 0.010611757264837134, "frac_class_24": 0.0021434344144207456, "frac_developed": 0.17210724199725919, "solar_resource_w_m2": 309.94560031332213, "solar_resource_pct": 0.99265381083562898, "solar_screening_pct": 0.99265381083562898, "resource_land_adj_oof": 307.3697509765625, "resource_opportunity_oof": 2.5758493367596316 }, "geometry": { "type": "Point", "coordinates": [ -74.4, 41.22 ] } },
{ "type": "Feature", "properties": { "latitude": 42.3, "longitude": -75.03, "frac_class_11": 0.0021901443504230961, "frac_class_21": 0.054296840687494512, "frac_class_22": 0.0056978889116622257, "frac_class_23": 0.00054460808713729394, "frac_class_24": 3.51360056217609e-05, "frac_developed": 0.060574473691915785, "solar_resource_w_m2": 298.02101707754241, "solar_resource_pct": 0.68640955004591364, "solar_screening_pct": 0.68640955004591364, "resource_land_adj_oof": 300.38095092773438, "resource_opportunity_oof": -2.3599338501919647 }, "geometry": { "type": "Point", "coordinates": [ -75.03, 42.3 ] } },
{ "type": "Feature", "properties": { "latitude": 43.2, "longitude": -77.1, "frac_class_11": 0.0034433890444009792, "frac_class_21": 0.067245640130708231, "frac_class_22": 0.040161159977044072, "frac_class_23": 0.0082805307972499739, "frac_class_24": 0.0016514212763963879, "frac_developed": 0.11733875218139866, "solar_resource_w_m2": 296.07557948046065, "solar_resource_pct": 0.51882460973370059, "solar_screening_pct": 0.51882460973370059, "resource_land_adj_oof": 293.97900390625, "resource_opportunity_oof": 2.0965755742106467 }, "geometry": { "type": "Point", "coordinates": [ -77.1, 43.2 ] } },
{ "type": "Feature", "properties": { "latitude": 43.02, "longitude": -74.94, "frac_class_11": 0.014516006253769536, "frac_class_21": 0.071186400979054557, "frac_class_22": 0.048864893984552953, "frac_class_23": 0.03036708690280307, "frac_class_24": 0.007981168424319434, "frac_developed": 0.15839955029073, "solar_resource_w_m2": 291.20826525026291, "solar_resource_pct": 0.21487603305785125, "solar_screening_pct": 0.21487603305785125, "resource_land_adj_oof": 293.14883422851562, "resource_opportunity_oof": -1.9405689782527134 }, "geometry": { "type": "Point", "coordinates": [ -74.94, 43.02 ] } },
{ "type": "Feature", "properties": { "latitude": 42.12, "longitude": -74.85, "frac_class_11": 0.092579795021961939, "frac_class_21": 0.042008784773060026, "frac_class_22": 0.0038360175695461201, "frac_class_23": 0.00023426061493411421, "frac_class_24": 0.0, "frac_developed": 0.046079062957540266, "solar_resource_w_m2": 300.08685687258503, "solar_resource_pct": 0.78604224058769512, "solar_screening_pct": 0.78604224058769512, "resource_land_adj_oof": 300.64739990234375, "resource_opportunity_oof": -0.56054302975871906 }, "geometry": { "type": "Point", "coordinates": [ -74.85, 42.12 ] } },
{ "type": "Feature", "properties": { "latitude": 42.93, "longitude": -77.82, "frac_class_11": 0.0065055217885207697, "frac_class_21": 0.051335652133178748, "frac_class_22": 0.055756596282893582, "frac_class_23": 0.0092342104954970788, "frac_class_24": 0.0029511998032533465, "frac_developed": 0.11927765871482275, "solar_resource_w_m2": 294.48155336974287, "solar_resource_pct": 0.40266299357208446, "solar_screening_pct": 0.40266299357208446, "resource_land_adj_oof": 295.555419921875, "resource_opportunity_oof": -1.0738665521321309 }, "geometry": { "type": "Point", "coordinates": [ -77.82, 42.93 ] } },
{ "type": "Feature", "properties": { "latitude": 42.75, "longitude": -76.47, "frac_class_11": 0.055356128526003266, "frac_class_21": 0.050893908073573933, "frac_class_22": 0.025315195558860904, "frac_class_23": 0.0048252882582700404, "frac_class_24": 0.00093694917636311461, "frac_developed": 0.081971341067067993, "solar_resource_w_m2": 293.11765227866607, "solar_resource_pct": 0.31496786042240588, "solar_screening_pct": 0.31496786042240588, "resource_land_adj_oof": 292.6614990234375, "resource_opportunity_oof": 0.4561532552285712 }, "geometry": { "type": "Point", "coordinates": [ -76.47, 42.75 ] } },
{ "type": "Feature", "properties": { "latitude": 41.94, "longitude": -73.59, "frac_class_11": 0.0051294963607511554, "frac_class_21": 0.065752413966751966, "frac_class_22": 0.0154529005662355, "frac_class_23": 0.0035719095662764891, "frac_class_24": 0.00041574685115677168, "frac_developed": 0.085192970950420721, "solar_resource_w_m2": 306.37304310014173, "solar_resource_pct": 0.94719926538108357, "solar_screening_pct": 0.94719926538108357, "resource_land_adj_oof": 307.08493041992188, "resource_opportunity_oof": -0.7118873197801463 }, "geometry": { "type": "Point", "coordinates": [ -73.59, 41.94 ] } },
{ "type": "Feature", "properties": { "latitude": 42.12, "longitude": -77.46, "frac_class_11": 0.0011477425777361363, "frac_class_21": 0.047701586929788604, "frac_class_22": 0.022334133630028695, "frac_class_23": 0.002131521930081396, "frac_class_24": 9.9549101130175094e-05, "frac_developed": 0.072266791591028876, "solar_resource_w_m2": 301.3276602404905, "solar_resource_pct": 0.83379247015610647, "solar_screening_pct": 0.83379247015610647, "resource_land_adj_oof": 298.57028198242188, "resource_opportunity_oof": 2.757378258068627 }, "geometry": { "type": "Point", "coordinates": [ -77.46, 42.12 ] } },
{ "type": "Feature", "properties": { "latitude": 43.02, "longitude": -74.22, "frac_class_11": 0.010446983316448728, "frac_class_21": 0.068256747498052897, "frac_class_22": 0.050735797900062655, "frac_class_23": 0.014347034263060193, "frac_class_24": 0.0043451018053839441, "frac_developed": 0.13768468146655968, "solar_resource_w_m2": 297.71396182005498, "solar_resource_pct": 0.66391184573002759, "solar_screening_pct": 0.66391184573002759, "resource_land_adj_oof": 295.25518798828125, "resource_opportunity_oof": 2.4587738317737262 }, "geometry": { "type": "Point", "coordinates": [ -74.22, 43.02 ] } },
{ "type": "Feature", "properties": { "latitude": 44.55, "longitude": -73.5, "frac_class_11": 0.041014229665632139, "frac_class_21": 0.065983486560871343, "frac_class_22": 0.058634420565673126, "frac_class_23": 0.015383264039351174, "frac_class_24": 0.001698190548691222, "frac_developed": 0.14169936171458686, "solar_resource_w_m2": 290.98578986840084, "solar_resource_pct": 0.20615243342516071, "solar_screening_pct": 0.20615243342516071, "resource_land_adj_oof": 286.45166015625, "resource_opportunity_oof": 4.5341297121508433 }, "geometry": { "type": "Point", "coordinates": [ -73.5, 44.55 ] } },
{ "type": "Feature", "properties": { "latitude": 42.93, "longitude": -77.01, "frac_class_11": 0.010283619412381336, "frac_class_21": 0.061344483681488898, "frac_class_22": 0.071270870301071113, "frac_class_23": 0.021562805624366792, "frac_class_24": 0.0052472226614428694, "frac_developed": 0.15942538226836969, "solar_resource_w_m2": 293.28311683043876, "solar_resource_pct": 0.32552800734618914, "solar_screening_pct": 0.32552800734618914, "resource_land_adj_oof": 292.27371215820312, "resource_opportunity_oof": 1.0094046722356325 }, "geometry": { "type": "Point", "coordinates": [ -77.01, 42.93 ] } },
{ "type": "Feature", "properties": { "latitude": 43.47, "longitude": -73.68, "frac_class_11": 0.2269823330659187, "frac_class_21": 0.05765030362298048, "frac_class_22": 0.043274326437158533, "frac_class_23": 0.014750748077835229, "frac_class_24": 0.0022076347857657328, "frac_developed": 0.11788301292373998, "solar_resource_w_m2": 293.41568172658094, "solar_resource_pct": 0.33103764921946738, "solar_screening_pct": 0.33103764921946738, "resource_land_adj_oof": 294.80322265625, "resource_opportunity_oof": -1.3875409296690577 }, "geometry": { "type": "Point", "coordinates": [ -73.68, 43.47 ] } },
{ "type": "Feature", "properties": { "latitude": 43.29, "longitude": -76.83, "frac_class_11": 0.37563974937049832, "frac_class_21": 0.046313755343444396, "frac_class_22": 0.011822919716577854, "frac_class_23": 0.002190080224863852, "frac_class_24": 0.00043918721086841952, "frac_developed": 0.060765942495754524, "solar_resource_w_m2": 295.99438640528331, "solar_resource_pct": 0.51423324150596883, "solar_screening_pct": 0.51423324150596883, "resource_land_adj_oof": 292.65304565429688, "resource_opportunity_oof": 3.3413407509864328 }, "geometry": { "type": "Point", "coordinates": [ -76.83, 43.29 ] } },
{ "type": "Feature", "properties": { "latitude": 42.66, "longitude": -74.94, "frac_class_11": 0.018833671043230769, "frac_class_21": 0.067130090537485795, "frac_class_22": 0.018458871619484885, "frac_class_23": 0.0056395600791763782, "frac_class_24": 0.0010189859333091275, "frac_developed": 0.092247508169456177, "solar_resource_w_m2": 293.73126194095624, "solar_resource_pct": 0.34894398530762166, "solar_screening_pct": 0.34894398530762166, "resource_land_adj_oof": 293.16787719726562, "resource_opportunity_oof": 0.56338474369061942 }, "geometry": { "type": "Point", "coordinates": [ -74.94, 42.66 ] } },
{ "type": "Feature", "properties": { "latitude": 41.58, "longitude": -74.22, "frac_class_11": 0.010798592200886609, "frac_class_21": 0.10301997505314384, "frac_class_22": 0.058595831649713347, "frac_class_23": 0.019617832902912222, "frac_class_24": 0.0046555752709896174, "frac_developed": 0.18588921487675902, "solar_resource_w_m2": 307.59082567019806, "solar_resource_pct": 0.97520661157024791, "solar_screening_pct": 0.97520661157024791, "resource_land_adj_oof": 308.5706787109375, "resource_opportunity_oof": -0.97985304073944235 }, "geometry": { "type": "Point", "coordinates": [ -74.22, 41.58 ] } },
{ "type": "Feature", "properties": { "latitude": 42.93, "longitude": -77.91, "frac_class_11": 0.0016396034501941173, "frac_class_21": 0.041072066427362643, "frac_class_22": 0.047249857998629761, "frac_class_23": 0.0069331803036779818, "frac_class_24": 0.0015224889180373946, "frac_developed": 0.096777593647707785, "solar_resource_w_m2": 294.48155336974287, "solar_resource_pct": 0.40266299357208446, "solar_screening_pct": 0.40266299357208446, "resource_land_adj_oof": 295.5869140625, "resource_opportunity_oof": -1.1053606927571309 }, "geometry": { "type": "Point", "coordinates": [ -77.91, 42.93 ] } },
{ "type": "Feature", "properties": { "latitude": 42.12, "longitude": -73.59, "frac_class_11": 0.022531912401920599, "frac_class_21": 0.066459772807120274, "frac_class_22": 0.020734278018503336, "frac_class_23": 0.0035952687668345238, "frac_class_24": 0.00026935238318304253, "frac_developed": 0.091058671975641173, "solar_resource_w_m2": 302.81327231800515, "solar_resource_pct": 0.87052341597796146, "solar_screening_pct": 0.87052341597796146, "resource_land_adj_oof": 303.68399047851562, "resource_opportunity_oof": -0.8707181605104779 }, "geometry": { "type": "Point", "coordinates": [ -73.59, 42.12 ] } },
{ "type": "Feature", "properties": { "latitude": 42.12, "longitude": -78.27, "frac_class_11": 0.00055041573954795647, "frac_class_21": 0.045959714252254362, "frac_class_22": 0.010452043564820237, "frac_class_23": 0.00021079751727368545, "frac_class_24": 0.0, "frac_developed": 0.056622555334348283, "solar_resource_w_m2": 297.47290151859437, "solar_resource_pct": 0.64876033057851235, "solar_screening_pct": 0.64876033057851235, "resource_land_adj_oof": 297.97149658203125, "resource_opportunity_oof": -0.49859506343688054 }, "geometry": { "type": "Point", "coordinates": [ -78.27, 42.12 ] } },
{ "type": "Feature", "properties": { "latitude": 42.48, "longitude": -75.66, "frac_class_11": 0.0064598499534398845, "frac_class_21": 0.052422590147996745, "frac_class_22": 0.012585872665405541, "frac_class_23": 0.0020146766853883229, "frac_class_24": 0.00026940444048797346, "frac_developed": 0.067292543939278582, "solar_resource_w_m2": 292.22895998369978, "solar_resource_pct": 0.26033057851239672, "solar_screening_pct": 0.26033057851239672, "resource_land_adj_oof": 293.53488159179688, "resource_opportunity_oof": -1.3059216080970941 }, "geometry": { "type": "Point", "coordinates": [ -75.66, 42.48 ] } },
{ "type": "Feature", "properties": { "latitude": 42.03, "longitude": -78.36, "frac_class_11": 0.0099899280912561783, "frac_class_21": 0.057456725926966948, "frac_class_22": 0.027650902958330406, "frac_class_23": 0.0059845876373175932, "frac_class_24": 0.0016220457686271755, "frac_developed": 0.092714262291242119, "solar_resource_w_m2": 298.4179046818229, "solar_resource_pct": 0.7153351698806244, "solar_screening_pct": 0.7153351698806244, "resource_land_adj_oof": 298.42843627929688, "resource_opportunity_oof": -0.010531597473971033 }, "geometry": { "type": "Point", "coordinates": [ -78.36, 42.03 ] } },
{ "type": "Feature", "properties": { "latitude": 41.76, "longitude": -74.58, "frac_class_11": 0.015881195540148038, "frac_class_21": 0.095609247634217187, "frac_class_22": 0.048855757518973107, "frac_class_23": 0.016419938161716482, "frac_class_24": 0.0013468565539211093, "frac_developed": 0.16223179986882788, "solar_resource_w_m2": 305.69544925565873, "solar_resource_pct": 0.93480257116620757, "solar_screening_pct": 0.93480257116620757, "resource_land_adj_oof": 306.0411376953125, "resource_opportunity_oof": -0.34568843965377027 }, "geometry": { "type": "Point", "coordinates": [ -74.58, 41.76 ] } },
{ "type": "Feature", "properties": { "latitude": 42.21, "longitude": -78.81, "frac_class_11": 0.00271124904842771, "frac_class_21": 0.039146220062071795, "frac_class_22": 0.01981612695438309, "frac_class_23": 0.0030918779645136732, "frac_class_24": 0.00029279147391227968, "frac_developed": 0.062347016454880833, "solar_resource_w_m2": 296.6386731872318, "solar_resource_pct": 0.56841138659320478, "solar_screening_pct": 0.56841138659320478, "resource_land_adj_oof": 299.92266845703125, "resource_opportunity_oof": -3.2839952697994477 }, "geometry": { "type": "Point", "coordinates": [ -78.81, 42.21 ] } },
{ "type": "Feature", "properties": { "latitude": 42.12, "longitude": -78.18, "frac_class_11": 0.00081983533021795908, "frac_class_21": 0.052106391201995714, "frac_class_22": 0.015295784875209351, "frac_class_23": 0.0019383249593010318, "frac_class_24": 0.00021667076584331777, "frac_developed": 0.069557171802349424, "solar_resource_w_m2": 297.78292149911687, "solar_resource_pct": 0.6712580348943985, "solar_screening_pct": 0.6712580348943985, "resource_land_adj_oof": 297.95806884765625, "resource_opportunity_oof": -0.17514734853938307 }, "geometry": { "type": "Point", "coordinates": [ -78.18, 42.12 ] } },
{ "type": "Feature", "properties": { "latitude": 42.39, "longitude": -73.41, "frac_class_11": 0.0085802472751125968, "frac_class_21": 0.073186873685875092, "frac_class_22": 0.021922092526106794, "frac_class_23": 0.0050310118834960551, "frac_class_24": 0.00089023725994342312, "frac_developed": 0.10103021535542138, "solar_resource_w_m2": 302.18069605837513, "solar_resource_pct": 0.85858585858585856, "solar_screening_pct": 0.85858585858585856, "resource_land_adj_oof": 302.21139526367188, "resource_opportunity_oof": -0.030699205296741638 }, "geometry": { "type": "Point", "coordinates": [ -73.41, 42.39 ] } },
{ "type": "Feature", "properties": { "latitude": 42.21, "longitude": -77.37, "frac_class_11": 0.0049775133514475779, "frac_class_21": 0.048674224679096788, "frac_class_22": 0.022281692120303571, "frac_class_23": 0.001645507355007964, "frac_class_24": 6.4414878665792181e-05, "frac_developed": 0.072665839033074109, "solar_resource_w_m2": 298.93325216268579, "solar_resource_pct": 0.74380165289256195, "solar_screening_pct": 0.74380165289256195, "resource_land_adj_oof": 296.4541015625, "resource_opportunity_oof": 2.4791506001857897 }, "geometry": { "type": "Point", "coordinates": [ -77.37, 42.21 ] } },
{ "type": "Feature", "properties": { "latitude": 42.21, "longitude": -79.26, "frac_class_11": 0.002154920010306139, "frac_class_21": 0.05613917972501347, "frac_class_22": 0.020085259878668636, "frac_class_23": 0.0037593984962406013, "frac_class_24": 0.00056215304616681887, "frac_developed": 0.080545991146089527, "solar_resource_w_m2": 300.11433362098057, "solar_resource_pct": 0.78925619834710747, "solar_screening_pct": 0.78925619834710747, "resource_land_adj_oof": 302.05422973632812, "resource_opportunity_oof": -1.9398961153475511 }, "geometry": { "type": "Point", "coordinates": [ -79.26, 42.21 ] } },
{ "type": "Feature", "properties": { "latitude": 44.73, "longitude": -75.12, "frac_class_11": 0.0085443556888191337, "frac_class_21": 0.047441963971983414, "frac_class_22": 0.017873456862423576, "frac_class_23": 0.0020321394270186701, "frac_class_24": 0.0002459650026939024, "frac_developed": 0.067593525264119561, "solar_resource_w_m2": 284.82517624423167, "solar_resource_pct": 0.076216712580348941, "solar_screening_pct": 0.076216712580348941, "resource_land_adj_oof": 282.384765625, "resource_opportunity_oof": 2.4404106192316704 }, "geometry": { "type": "Point", "coordinates": [ -75.12, 44.73 ] } },
{ "type": "Feature", "properties": { "latitude": 42.03, "longitude": -77.28, "frac_class_11": 0.0021842116050149029, "frac_class_21": 0.054886368294382537, "frac_class_22": 0.025999730633421366, "frac_class_23": 0.0029337533890414647, "frac_class_24": 0.00053873315726909131, "frac_developed": 0.084358585474114456, "solar_resource_w_m2": 300.94006819779088, "solar_resource_pct": 0.81726354453627181, "solar_screening_pct": 0.81726354453627181, "resource_land_adj_oof": 298.75982666015625, "resource_opportunity_oof": 2.1802415376346289 }, "geometry": { "type": "Point", "coordinates": [ -77.28, 42.03 ] } },
{ "type": "Feature", "properties": { "latitude": 42.57, "longitude": -75.21, "frac_class_11": 0.0048193194394832847, "frac_class_21": 0.062961509858231193, "frac_class_22": 0.012256179327871828, "frac_class_23": 0.0015049393632408314, "frac_class_24": 0.00011126010856644278, "frac_developed": 0.076833888657910313, "solar_resource_w_m2": 293.20516280791696, "solar_resource_pct": 0.32093663911845732, "solar_screening_pct": 0.32093663911845732, "resource_land_adj_oof": 293.87066650390625, "resource_opportunity_oof": -0.66550369598928683 }, "geometry": { "type": "Point", "coordinates": [ -75.21, 42.57 ] } },
{ "type": "Feature", "properties": { "latitude": 42.21, "longitude": -73.86, "frac_class_11": 0.097993171982877256, "frac_class_21": 0.07632622227948023, "frac_class_22": 0.048030357153314163, "frac_class_23": 0.023265619235566592, "frac_class_24": 0.0065879238963031496, "frac_developed": 0.15421012256466413, "solar_resource_w_m2": 299.55224682914479, "solar_resource_pct": 0.77640036730945827, "solar_screening_pct": 0.77640036730945827, "resource_land_adj_oof": 304.1419677734375, "resource_opportunity_oof": -4.5897209442927078 }, "geometry": { "type": "Point", "coordinates": [ -73.86, 42.21 ] } },
{ "type": "Feature", "properties": { "latitude": 43.11, "longitude": -74.31, "frac_class_11": 0.046485479875617082, "frac_class_21": 0.054695689347223929, "frac_class_22": 0.047914360839291882, "frac_class_23": 0.017357390066934875, "frac_class_24": 0.0031857018206520146, "frac_developed": 0.1231531420741027, "solar_resource_w_m2": 295.51468671375198, "solar_resource_pct": 0.47750229568411384, "solar_screening_pct": 0.47750229568411384, "resource_land_adj_oof": 293.54437255859375, "resource_opportunity_oof": 1.9703141551582348 }, "geometry": { "type": "Point", "coordinates": [ -74.31, 43.11 ] } },
{ "type": "Feature", "properties": { "latitude": 42.21, "longitude": -76.2, "frac_class_11": 0.003255822124365378, "frac_class_21": 0.055407534066088504, "frac_class_22": 0.020266907144655708, "frac_class_23": 0.0027346563526594093, "frac_class_24": 0.00034549191607474337, "frac_developed": 0.07875458947947836, "solar_resource_w_m2": 295.33384508827191, "solar_resource_pct": 0.46831955922865015, "solar_screening_pct": 0.46831955922865015, "resource_land_adj_oof": 296.33969116210938, "resource_opportunity_oof": -1.0058460738374606 }, "geometry": { "type": "Point", "coordinates": [ -76.2, 42.21 ] } },
{ "type": "Feature", "properties": { "latitude": 44.82, "longitude": -75.3, "frac_class_11": 0.11081838125832484, "frac_class_21": 0.043563425526913738, "frac_class_22": 0.013985740029773564, "frac_class_23": 0.001116508657839066, "frac_class_24": 1.9587871190159052e-05, "frac_developed": 0.058685262085716519, "solar_resource_w_m2": 285.32028732284289, "solar_resource_pct": 0.082185491276400374, "solar_screening_pct": 0.082185491276400374, "resource_land_adj_oof": 284.83853149414062, "resource_opportunity_oof": 0.48175582870226208 }, "geometry": { "type": "Point", "coordinates": [ -75.3, 44.82 ] } },
{ "type": "Feature", "properties": { "latitude": 42.84, "longitude": -74.4, "frac_class_11": 0.0020494563085192972, "frac_class_21": 0.049251362888445165, "frac_class_22": 0.013075531248353115, "frac_class_23": 0.0012999408585465256, "frac_class_24": 0.00011711178905824555, "frac_developed": 0.063743946784403066, "solar_resource_w_m2": 296.87211177952622, "solar_resource_pct": 0.59412304866850318, "solar_screening_pct": 0.59412304866850318, "resource_land_adj_oof": 297.33489990234375, "resource_opportunity_oof": -0.46278812281752835 }, "geometry": { "type": "Point", "coordinates": [ -74.4, 42.84 ] } },
{ "type": "Feature", "properties": { "latitude": 41.94, "longitude": -74.13, "frac_class_11": 0.13918884100065587, "frac_class_21": 0.062177925606671042, "frac_class_22": 0.027926777850651174, "frac_class_23": 0.0060140073081607799, "frac_class_24": 0.00083739342265529843, "frac_developed": 0.096956104188138298, "solar_resource_w_m2": 305.82151276420257, "solar_resource_pct": 0.93985307621671255, "solar_screening_pct": 0.93985307621671255, "resource_land_adj_oof": 305.4586181640625, "resource_opportunity_oof": 0.36289460014006636 }, "geometry": { "type": "Point", "coordinates": [ -74.13, 41.94 ] } },
{ "type": "Feature", "properties": { "latitude": 42.21, "longitude": -75.93, "frac_class_11": 0.0062950166891140129, "frac_class_21": 0.078602799086490607, "frac_class_22": 0.052152017333255259, "frac_class_23": 0.016290917608479241, "frac_class_24": 0.0048193476605961237, "frac_developed": 0.15186508168882126, "solar_resource_w_m2": 294.88643835229726, "solar_resource_pct": 0.43067033976124885, "solar_screening_pct": 0.43067033976124885, "resource_land_adj_oof": 295.54302978515625, "resource_opportunity_oof": -0.65659143285898836 }, "geometry": { "type": "Point", "coordinates": [ -75.93, 42.21 ] } },
{ "type": "Feature", "properties": { "latitude": 44.37, "longitude": -75.21, "frac_class_11": 0.013873597413853685, "frac_class_21": 0.031383963081824361, "frac_class_22": 0.010553069877486004, "frac_class_23": 0.0010599920354189604, "frac_class_24": 0.00013469512052285133, "frac_developed": 0.043131720115252181, "solar_resource_w_m2": 281.77131851140967, "solar_resource_pct": 0.027548209366391185, "solar_screening_pct": 0.027548209366391185, "resource_land_adj_oof": 285.10043334960938, "resource_opportunity_oof": -3.3291148381997004 }, "geometry": { "type": "Point", "coordinates": [ -75.21, 44.37 ] } },
{ "type": "Feature", "properties": { "latitude": 42.3, "longitude": -78.36, "frac_class_11": 0.0024652897740248636, "frac_class_21": 0.051794508435272966, "frac_class_22": 0.0068278571888669625, "frac_class_23": 0.00095449461559632485, "frac_class_24": 0.00012882749412956531, "frac_developed": 0.059705687733865823, "solar_resource_w_m2": 297.26433582152754, "solar_resource_pct": 0.63131313131313127, "solar_screening_pct": 0.63131313131313127, "resource_land_adj_oof": 296.7708740234375, "resource_opportunity_oof": 0.49346179809003843 }, "geometry": { "type": "Point", "coordinates": [ -78.36, 42.3 ] } },
{ "type": "Feature", "properties": { "latitude": 44.91, "longitude": -74.94, "frac_class_11": 0.12200249462718207, "frac_class_21": 0.056995789584638717, "frac_class_22": 0.059999882881352953, "frac_class_23": 0.026416110841087564, "frac_class_24": 0.0099140934723922075, "frac_developed": 0.15332587677947146, "solar_resource_w_m2": 284.48185953510256, "solar_resource_pct": 0.065197428833792467, "solar_screening_pct": 0.065197428833792467, "resource_land_adj_oof": 284.84378051757812, "resource_opportunity_oof": -0.36192098247556714 }, "geometry": { "type": "Point", "coordinates": [ -74.94, 44.91 ] } },
{ "type": "Feature", "properties": { "latitude": 44.64, "longitude": -74.94, "frac_class_11": 0.017579097153497959, "frac_class_21": 0.06410924571502187, "frac_class_22": 0.037143308875628764, "frac_class_23": 0.013444905750976455, "frac_class_24": 0.0040287870891427702, "frac_developed": 0.11872624743076986, "solar_resource_w_m2": 281.19906878740926, "solar_resource_pct": 0.021120293847566574, "solar_screening_pct": 0.021120293847566574, "resource_land_adj_oof": 282.93173217773438, "resource_opportunity_oof": -1.732663390325115 }, "geometry": { "type": "Point", "coordinates": [ -74.94, 44.64 ] } },
{ "type": "Feature", "properties": { "latitude": 42.84, "longitude": -75.3, "frac_class_11": 0.0033025911286780852, "frac_class_21": 0.05074513248426292, "frac_class_22": 0.014838237446933099, "frac_class_23": 0.0016630068803981848, "frac_class_24": 8.1979212413995026e-05, "frac_developed": 0.06732835602400819, "solar_resource_w_m2": 289.95124795841934, "solar_resource_pct": 0.17309458218549129, "solar_screening_pct": 0.17309458218549129, "resource_land_adj_oof": 291.56658935546875, "resource_opportunity_oof": -1.6153413970494057 }, "geometry": { "type": "Point", "coordinates": [ -75.3, 42.84 ] } },
{ "type": "Feature", "properties": { "latitude": 41.94, "longitude": -73.5, "frac_class_11": 0.029554890581903998, "frac_class_21": 0.079254188455614966, "frac_class_22": 0.023593551447293682, "frac_class_23": 0.005645118787587766, "frac_class_24": 0.00079055086755637797, "frac_developed": 0.10928340955805278, "solar_resource_w_m2": 306.82241747598562, "solar_resource_pct": 0.95684113865932052, "solar_screening_pct": 0.95684113865932052, "resource_land_adj_oof": 305.80340576171875, "resource_opportunity_oof": 1.0190117142668669 }, "geometry": { "type": "Point", "coordinates": [ -73.5, 41.94 ] } },
{ "type": "Feature", "properties": { "latitude": 44.19, "longitude": -75.93, "frac_class_11": 0.0024418379954676676, "frac_class_21": 0.036662704291662032, "frac_class_22": 0.025331873305499113, "frac_class_23": 0.003343619893074432, "frac_class_24": 0.00039233368272502091, "frac_developed": 0.065730531172960599, "solar_resource_w_m2": 292.22372079118043, "solar_resource_pct": 0.25849403122130393, "solar_screening_pct": 0.25849403122130393, "resource_land_adj_oof": 294.56973266601562, "resource_opportunity_oof": -2.3460118748351988 }, "geometry": { "type": "Point", "coordinates": [ -75.93, 44.19 ] } },
{ "type": "Feature", "properties": { "latitude": 43.2, "longitude": -76.56, "frac_class_11": 0.012443419041651783, "frac_class_21": 0.064243176614570213, "frac_class_22": 0.019171648914055501, "frac_class_23": 0.0029688533901729196, "frac_class_24": 0.00025179624413695375, "frac_developed": 0.086635475162935585, "solar_resource_w_m2": 292.26839291053273, "solar_resource_pct": 0.26170798898071623, "solar_screening_pct": 0.26170798898071623, "resource_land_adj_oof": 291.1614990234375, "resource_opportunity_oof": 1.1068938870952252 }, "geometry": { "type": "Point", "coordinates": [ -76.56, 43.2 ] } },
{ "type": "Feature", "properties": { "latitude": 42.03, "longitude": -76.65, "frac_class_11": 0.013855135945469558, "frac_class_21": 0.058975094719705801, "frac_class_22": 0.028612085473188612, "frac_class_23": 0.0079113646079160497, "frac_class_24": 0.0020085847968284269, "frac_developed": 0.097507129597638895, "solar_resource_w_m2": 298.75003316016705, "solar_resource_pct": 0.73645546372819104, "solar_screening_pct": 0.73645546372819104, "resource_land_adj_oof": 298.12765502929688, "resource_opportunity_oof": 0.62237813087017457 }, "geometry": { "type": "Point", "coordinates": [ -76.65, 42.03 ] } },
{ "type": "Feature", "properties": { "latitude": 42.03, "longitude": -75.48, "frac_class_11": 0.010710437552703083, "frac_class_21": 0.055150847934039161, "frac_class_22": 0.020718167338142978, "frac_class_23": 0.0070797807551766139, "frac_class_24": 0.00077883444205003281, "frac_developed": 0.083727630469408773, "solar_resource_w_m2": 298.26961061642874, "solar_resource_pct": 0.70431588613406793, "solar_screening_pct": 0.70431588613406793, "resource_land_adj_oof": 297.48284912109375, "resource_opportunity_oof": 0.78676149533498574 }, "geometry": { "type": "Point", "coordinates": [ -75.48, 42.03 ] } },
{ "type": "Feature", "properties": { "latitude": 41.76, "longitude": -73.77, "frac_class_11": 0.0042109825235440192, "frac_class_21": 0.10456004310546783, "frac_class_22": 0.040481656749285479, "frac_class_23": 0.0092243358478189576, "frac_class_24": 0.0016398819285011479, "frac_developed": 0.15590591763107342, "solar_resource_w_m2": 306.64478068011704, "solar_resource_pct": 0.95316804407713496, "solar_screening_pct": 0.95316804407713496, "resource_land_adj_oof": 306.4039306640625, "resource_opportunity_oof": 0.24085001605453726 }, "geometry": { "type": "Point", "coordinates": [ -73.77, 41.76 ] } },
{ "type": "Feature", "properties": { "latitude": 44.82, "longitude": -74.49, "frac_class_11": 0.00018740080933724534, "frac_class_21": 0.048308414881966771, "frac_class_22": 0.019536534373407827, "frac_class_23": 0.0031272510058152816, "frac_class_24": 0.00031038259046481257, "frac_developed": 0.071282582851654688, "solar_resource_w_m2": 280.48730143082986, "solar_resource_pct": 0.011478420569329659, "solar_screening_pct": 0.011478420569329659, "resource_land_adj_oof": 286.18368530273438, "resource_opportunity_oof": -5.6963838719045157 }, "geometry": { "type": "Point", "coordinates": [ -74.49, 44.82 ] } },
{ "type": "Feature", "properties": { "latitude": 42.57, "longitude": -78.54, "frac_class_11": 0.0042630438601627919, "frac_class_21": 0.045347543479533875, "frac_class_22": 0.028283656379926216, "frac_class_23": 0.0051531299408561224, "frac_class_24": 0.00066170873104175209, "frac_developed": 0.079446038531357968, "solar_resource_w_m2": 294.44847215002324, "solar_resource_pct": 0.39623507805325986, "solar_screening_pct": 0.39623507805325986, "resource_land_adj_oof": 296.09600830078125, "resource_opportunity_oof": -1.6475361507580146 }, "geometry": { "type": "Point", "coordinates": [ -78.54, 42.57 ] } },
{ "type": "Feature", "properties": { "latitude": 41.58, "longitude": -74.4, "frac_class_11": 0.0024304396460342837, "frac_class_21": 0.09141381309626298, "frac_class_22": 0.03817254364542521, "frac_class_23": 0.011367429766150711, "frac_class_24": 0.0019092128303787386, "frac_developed": 0.14286299933821764, "solar_resource_w_m2": 307.37661154971676, "solar_resource_pct": 0.967860422405877, "solar_screening_pct": 0.967860422405877, "resource_land_adj_oof": 307.9161376953125, "resource_opportunity_oof": -0.53952614559574386 }, "geometry": { "type": "Point", "coordinates": [ -74.4, 41.58 ] } },
{ "type": "Feature", "properties": { "latitude": 43.2, "longitude": -78.0, "frac_class_11": 0.0030570294107312274, "frac_class_21": 0.062259156447286738, "frac_class_22": 0.069796315166848213, "frac_class_23": 0.022740316478676928, "frac_class_24": 0.0073146163486653313, "frac_developed": 0.1621104044414772, "solar_resource_w_m2": 296.31827992736874, "solar_resource_pct": 0.53397612488521584, "solar_screening_pct": 0.53397612488521584, "resource_land_adj_oof": 295.49697875976562, "resource_opportunity_oof": 0.82130116760311012 }, "geometry": { "type": "Point", "coordinates": [ -78.0, 43.2 ] } },
{ "type": "Feature", "properties": { "latitude": 44.37, "longitude": -73.68, "frac_class_11": 0.0040933446549351448, "frac_class_21": 0.021778467484554798, "frac_class_22": 0.011676865868298539, "frac_class_23": 0.0015518402482944398, "frac_class_24": 0.00027523204403712706, "frac_developed": 0.035282405645184901, "solar_resource_w_m2": 284.69108534649138, "solar_resource_pct": 0.071625344352617082, "solar_screening_pct": 0.071625344352617082, "resource_land_adj_oof": 289.14886474609375, "resource_opportunity_oof": -4.4577793996023729 }, "geometry": { "type": "Point", "coordinates": [ -73.68, 44.37 ] } },
{ "type": "Feature", "properties": { "latitude": 42.39, "longitude": -78.63, "frac_class_11": 0.0034372310088595067, "frac_class_21": 0.051371086270399408, "frac_class_22": 0.016383939289248552, "frac_class_23": 0.0019382001089139637, "frac_class_24": 0.00038061331443929803, "frac_developed": 0.070073838983001221, "solar_resource_w_m2": 296.30699723657557, "solar_resource_pct": 0.53076216712580349, "solar_screening_pct": 0.53076216712580349, "resource_land_adj_oof": 296.4239501953125, "resource_opportunity_oof": -0.11695295873693112 }, "geometry": { "type": "Point", "coordinates": [ -78.63, 42.39 ] } },
{ "type": "Feature", "properties": { "latitude": 43.47, "longitude": -73.59, "frac_class_11": 0.15852223152643014, "frac_class_21": 0.027996556792429628, "frac_class_22": 0.012162486604868508, "frac_class_23": 0.0013234097124218984, "frac_class_24": 5.2702156689367635e-05, "frac_developed": 0.041535155266409399, "solar_resource_w_m2": 293.41568172658094, "solar_resource_pct": 0.33103764921946738, "solar_screening_pct": 0.33103764921946738, "resource_land_adj_oof": 293.63699340820312, "resource_opportunity_oof": -0.22131168162218273 }, "geometry": { "type": "Point", "coordinates": [ -73.59, 43.47 ] } },
{ "type": "Feature", "properties": { "latitude": 42.66, "longitude": -74.22, "frac_class_11": 0.0019500140541553453, "frac_class_21": 0.055267965895249696, "frac_class_22": 0.0197753677503982, "frac_class_23": 0.0022193853649395672, "frac_class_24": 0.0001405415534526375, "frac_developed": 0.077403260564040108, "solar_resource_w_m2": 302.53765835577701, "solar_resource_pct": 0.86409550045913686, "solar_screening_pct": 0.86409550045913686, "resource_land_adj_oof": 299.10867309570312, "resource_opportunity_oof": 3.4289852600738868 }, "geometry": { "type": "Point", "coordinates": [ -74.22, 42.66 ] } },
{ "type": "Feature", "properties": { "latitude": 42.57, "longitude": -77.01, "frac_class_11": 0.022515664343854307, "frac_class_21": 0.049528605727001226, "frac_class_22": 0.04753176787491948, "frac_class_23": 0.0070562745212859402, "frac_class_24": 0.00070269953738947124, "frac_developed": 0.10481934766059613, "solar_resource_w_m2": 294.87900734845385, "solar_resource_pct": 0.42975206611570249, "solar_screening_pct": 0.42975206611570249, "resource_land_adj_oof": 294.97662353515625, "resource_opportunity_oof": -0.097616186702396135 }, "geometry": { "type": "Point", "coordinates": [ -77.01, 42.57 ] } },
{ "type": "Feature", "properties": { "latitude": 43.11, "longitude": -77.19, "frac_class_11": 0.003794688607150177, "frac_class_21": 0.06551693848271016, "frac_class_22": 0.055643720902995346, "frac_class_23": 0.0094574415131906415, "frac_class_24": 0.002155008344801335, "frac_developed": 0.13277310924369748, "solar_resource_w_m2": 293.77143457793773, "solar_resource_pct": 0.35491276400367311, "solar_screening_pct": 0.35491276400367311, "resource_land_adj_oof": 294.48141479492188, "resource_opportunity_oof": -0.70998021698414959 }, "geometry": { "type": "Point", "coordinates": [ -77.19, 43.11 ] } },
{ "type": "Feature", "properties": { "latitude": 42.21, "longitude": -73.5, "frac_class_11": 0.004415140300744835, "frac_class_21": 0.062145734763667027, "frac_class_22": 0.011758092472010118, "frac_class_23": 0.0026701644259146482, "frac_class_24": 0.00039818241439078093, "frac_developed": 0.076972174075982586, "solar_resource_w_m2": 302.09035601390934, "solar_resource_pct": 0.8544536271808999, "solar_screening_pct": 0.8544536271808999, "resource_land_adj_oof": 302.74530029296875, "resource_opportunity_oof": -0.65494427905940711 }, "geometry": { "type": "Point", "coordinates": [ -73.5, 42.21 ] } },
{ "type": "Feature", "properties": { "latitude": 42.48, "longitude": -78.72, "frac_class_11": 0.0061371249209435244, "frac_class_21": 0.057922044459019467, "frac_class_22": 0.043516197793445927, "frac_class_23": 0.012947693893326463, "frac_class_24": 0.0027581925932866412, "frac_developed": 0.11714412873907849, "solar_resource_w_m2": 296.70610238872268, "solar_resource_pct": 0.57529843893480259, "solar_screening_pct": 0.57529843893480259, "resource_land_adj_oof": 296.74407958984375, "resource_opportunity_oof": -0.037977201121066173 }, "geometry": { "type": "Point", "coordinates": [ -78.72, 42.48 ] } },
{ "type": "Feature", "properties": { "latitude": 42.21, "longitude": -78.36, "frac_class_11": 0.0043567371318147217, "frac_class_21": 0.066580781167652398, "frac_class_22": 0.025349885811325173, "frac_class_23": 0.0040815131463371786, "frac_class_24": 0.00059729460678105049, "frac_developed": 0.096609474732095801, "solar_resource_w_m2": 297.32123373585114, "solar_resource_pct": 0.63590449954086314, "solar_screening_pct": 0.63590449954086314, "resource_land_adj_oof": 297.25555419921875, "resource_opportunity_oof": 0.065679536632387681 }, "geometry": { "type": "Point", "coordinates": [ -78.36, 42.21 ] } },
{ "type": "Feature", "properties": { "latitude": 43.74, "longitude": -75.57, "frac_class_11": 0.0031565323822742258, "frac_class_21": 0.0258378865873727, "frac_class_22": 0.0091592145563578649, "frac_class_23": 0.0013410870418196618, "frac_class_24": 9.3700404668622668e-05, "frac_developed": 0.036431888590218849, "solar_resource_w_m2": 284.69058956786881, "solar_resource_pct": 0.070707070707070704, "solar_screening_pct": 0.070707070707070704, "resource_land_adj_oof": 284.53689575195312, "resource_opportunity_oof": 0.15369381591568754 }, "geometry": { "type": "Point", "coordinates": [ -75.57, 43.74 ] } },
{ "type": "Feature", "properties": { "latitude": 43.74, "longitude": -76.02, "frac_class_11": 0.0009017343748170182, "frac_class_21": 0.051381293110515161, "frac_class_22": 0.0218992633884133, "frac_class_23": 0.0020903842325303602, "frac_class_24": 0.00012296377838413885, "frac_developed": 0.07549390450984296, "solar_resource_w_m2": 292.92797361383538, "solar_resource_pct": 0.30211202938475668, "solar_screening_pct": 0.30211202938475668, "resource_land_adj_oof": 292.42266845703125, "resource_opportunity_oof": 0.50530515680412691 }, "geometry": { "type": "Point", "coordinates": [ -76.02, 43.74 ] } },
{ "type": "Feature", "properties": { "latitude": 42.93, "longitude": -74.85, "frac_class_11": 0.0014697357403427821, "frac_class_21": 0.051142119347226532, "frac_class_22": 0.0089238138178581675, "frac_class_23": 0.0013292032392741497, "frac_class_24": 0.00017566562633579069, "frac_developed": 0.061570802030694635, "solar_resource_w_m2": 293.85692998069027, "solar_resource_pct": 0.36134067952249771, "solar_screening_pct": 0.36134067952249771, "resource_land_adj_oof": 292.18353271484375, "resource_opportunity_oof": 1.6733972658465177 }, "geometry": { "type": "Point", "coordinates": [ -74.85, 42.93 ] } },
{ "type": "Feature", "properties": { "latitude": 42.57, "longitude": -75.12, "frac_class_11": 0.0051822877018749929, "frac_class_21": 0.064143253656879853, "frac_class_22": 0.012220829868715378, "frac_class_23": 0.0013233864639816365, "frac_class_24": 7.0268307822033798e-05, "frac_developed": 0.077757738297398904, "solar_resource_w_m2": 293.20516280791696, "solar_resource_pct": 0.32093663911845732, "solar_screening_pct": 0.32093663911845732, "resource_land_adj_oof": 293.59475708007812, "resource_opportunity_oof": -0.38959427216116183 }, "geometry": { "type": "Point", "coordinates": [ -75.12, 42.57 ] } },
{ "type": "Feature", "properties": { "latitude": 42.66, "longitude": -78.9, "frac_class_11": 0.0024125452352231603, "frac_class_21": 0.077576211835525308, "frac_class_22": 0.068710693665312045, "frac_class_23": 0.017256725262627802, "frac_class_24": 0.0017391406185953365, "frac_developed": 0.16528277138206049, "solar_resource_w_m2": 303.88231726800046, "solar_resource_pct": 0.89485766758494034, "solar_screening_pct": 0.89485766758494034, "resource_land_adj_oof": 300.2086181640625, "resource_opportunity_oof": 3.6736991039379632 }, "geometry": { "type": "Point", "coordinates": [ -78.9, 42.66 ] } },
{ "type": "Feature", "properties": { "latitude": 42.57, "longitude": -74.49, "frac_class_11": 0.0016396034501941173, "frac_class_21": 0.036844231816504952, "frac_class_22": 0.0044444964953476249, "frac_class_23": 0.00035719932307800412, "frac_class_24": 1.1711453215672267e-05, "frac_developed": 0.04165763908814625, "solar_resource_w_m2": 300.79746641600082, "solar_resource_pct": 0.81359044995408636, "solar_screening_pct": 0.81359044995408636, "resource_land_adj_oof": 299.21749877929688, "resource_opportunity_oof": 1.579967636703941 }, "geometry": { "type": "Point", "coordinates": [ -74.49, 42.57 ] } },
{ "type": "Feature", "properties": { "latitude": 43.2, "longitude": -73.68, "frac_class_11": 0.0041694482508227637, "frac_class_21": 0.072971200356042779, "frac_class_22": 0.078428961268636618, "frac_class_23": 0.019143154960589343, "frac_class_24": 0.0062014686764344188, "frac_developed": 0.17674478526170317, "solar_resource_w_m2": 297.4238856572664, "solar_resource_pct": 0.64141414141414144, "solar_screening_pct": 0.64141414141414144, "resource_land_adj_oof": 295.54641723632812, "resource_opportunity_oof": 1.8774684209382713 }, "geometry": { "type": "Point", "coordinates": [ -73.68, 43.2 ] } },
{ "type": "Feature", "properties": { "latitude": 43.92, "longitude": -76.02, "frac_class_11": 0.00271124904842771, "frac_class_21": 0.046460151080400539, "frac_class_22": 0.042519177841541252, "frac_class_23": 0.010107161679451894, "frac_class_24": 0.002031972828951221, "frac_developed": 0.1011184634303449, "solar_resource_w_m2": 295.22479119608937, "solar_resource_pct": 0.45775941230486683, "solar_screening_pct": 0.45775941230486683, "resource_land_adj_oof": 293.84591674804688, "resource_opportunity_oof": 1.3788744480424953 }, "geometry": { "type": "Point", "coordinates": [ -76.02, 43.92 ] } },
{ "type": "Feature", "properties": { "latitude": 42.03, "longitude": -75.66, "frac_class_11": 0.011939966387735623, "frac_class_21": 0.057257965345404081, "frac_class_22": 0.01916016185417899, "frac_class_23": 0.0049188679576743126, "frac_class_24": 0.00047431941020430868, "frac_developed": 0.081811314567461685, "solar_resource_w_m2": 296.6211485478936, "solar_resource_pct": 0.56382001836547291, "solar_screening_pct": 0.56382001836547291, "resource_land_adj_oof": 297.34341430664062, "resource_opportunity_oof": -0.72226575874702803 }, "geometry": { "type": "Point", "coordinates": [ -75.66, 42.03 ] } },
{ "type": "Feature", "properties": { "latitude": 42.03, "longitude": -79.35, "frac_class_11": 0.00083148396465607599, "frac_class_21": 0.073170588889734683, "frac_class_22": 0.018755233371784585, "frac_class_23": 0.0035952898190058495, "frac_class_24": 0.00082562844377821634, "frac_developed": 0.096346740524303337, "solar_resource_w_m2": 300.53696932816138, "solar_resource_pct": 0.80303030303030298, "solar_screening_pct": 0.80303030303030298, "resource_land_adj_oof": 303.85137939453125, "resource_opportunity_oof": -3.3144100663698737 }, "geometry": { "type": "Point", "coordinates": [ -79.35, 42.03 ] } },
{ "type": "Feature", "properties": { "latitude": 42.3, "longitude": -78.18, "frac_class_11": 0.0014874416589073746, "frac_class_21": 0.050824827392350801, "frac_class_22": 0.010154424553328297, "frac_class_23": 0.00070272834279088564, "frac_class_24": 2.9280347616286902e-05, "frac_developed": 0.061711260636086271, "solar_resource_w_m2": 297.16245128769384, "solar_resource_pct": 0.61937557392102849, "solar_screening_pct": 0.61937557392102849, "resource_land_adj_oof": 296.76898193359375, "resource_opportunity_oof": 0.3934693541000911 }, "geometry": { "type": "Point", "coordinates": [ -78.18, 42.3 ] } },
{ "type": "Feature", "properties": { "latitude": 42.57, "longitude": -75.57, "frac_class_11": 0.0043273566233735811, "frac_class_21": 0.059856886879735789, "frac_class_22": 0.04336725731083186, "frac_class_23": 0.016466206799629922, "frac_class_24": 0.0047431107779872814, "frac_developed": 0.12443346176818484, "solar_resource_w_m2": 293.04685064964332, "solar_resource_pct": 0.31313131313131315, "solar_screening_pct": 0.31313131313131315, "resource_land_adj_oof": 292.87652587890625, "resource_opportunity_oof": 0.17032477073706787 }, "geometry": { "type": "Point", "coordinates": [ -75.57, 42.57 ] } },
{ "type": "Feature", "properties": { "latitude": 43.38, "longitude": -75.66, "frac_class_11": 0.0031621849526843435, "frac_class_21": 0.034942143727161999, "frac_class_22": 0.0064063524782160593, "frac_class_23": 0.00032207439332896092, "frac_class_24": 5.8558980605265626e-06, "frac_developed": 0.041676426496767546, "solar_resource_w_m2": 286.57276972285433, "solar_resource_pct": 0.097337006427915512, "solar_screening_pct": 0.097337006427915512, "resource_land_adj_oof": 285.5987548828125, "resource_opportunity_oof": 0.97401484004183203 }, "geometry": { "type": "Point", "coordinates": [ -75.66, 43.38 ] } },
{ "type": "Feature", "properties": { "latitude": 42.48, "longitude": -77.46, "frac_class_11": 0.00022835996557034365, "frac_class_21": 0.049442860237845686, "frac_class_22": 0.030506549246704883, "frac_class_23": 0.0042685747410456543, "frac_class_24": 0.0004859968498035519, "frac_developed": 0.084703981075399767, "solar_resource_w_m2": 296.50199729054333, "solar_resource_pct": 0.54499540863177232, "solar_screening_pct": 0.54499540863177232, "resource_land_adj_oof": 295.99990844726562, "resource_opportunity_oof": 0.5020888432777042 }, "geometry": { "type": "Point", "coordinates": [ -77.46, 42.48 ] } },
{ "type": "Feature", "properties": { "latitude": 42.03, "longitude": -79.26, "frac_class_11": 0.00043332376897987386, "frac_class_21": 0.086600340803288572, "frac_class_22": 0.041739619260655961, "frac_class_23": 0.0079754996398728132, "frac_class_24": 0.00093691625725378131, "frac_developed": 0.13725237596107115, "solar_resource_w_m2": 300.85703694598902, "solar_resource_pct": 0.81450872359963267, "solar_screening_pct": 0.81450872359963267, "resource_land_adj_oof": 304.30328369140625, "resource_opportunity_oof": -3.446246745417227 }, "geometry": { "type": "Point", "coordinates": [ -79.26, 42.03 ] } },
{ "type": "Feature", "properties": { "latitude": 42.39, "longitude": -74.31, "frac_class_11": 0.00053874893128608744, "frac_class_21": 0.045149502828431887, "frac_class_22": 0.0044563906163990492, "frac_class_23": 0.0003396460653760116, "frac_class_24": 0.0, "frac_developed": 0.049945539510206943, "solar_resource_w_m2": 305.3341669910958, "solar_resource_pct": 0.92745638200183655, "solar_screening_pct": 0.92745638200183655, "resource_land_adj_oof": 301.44998168945312, "resource_opportunity_oof": 3.8841853016426739 }, "geometry": { "type": "Point", "coordinates": [ -74.31, 42.39 ] } },
{ "type": "Feature", "properties": { "latitude": 44.37, "longitude": -75.57, "frac_class_11": 0.031672512428343062, "frac_class_21": 0.041088189999941446, "frac_class_22": 0.0080279191235456352, "frac_class_23": 0.00063239625480884657, "frac_class_24": 1.7566562633579071e-05, "frac_developed": 0.04976607194092951, "solar_resource_w_m2": 287.1196777953287, "solar_resource_pct": 0.11707988980716254, "solar_screening_pct": 0.11707988980716254, "resource_land_adj_oof": 284.93707275390625, "resource_opportunity_oof": 2.1826050414224483 }, "geometry": { "type": "Point", "coordinates": [ -75.57, 44.37 ] } },
{ "type": "Feature", "properties": { "latitude": 42.84, "longitude": -73.59, "frac_class_11": 0.059581046972633944, "frac_class_21": 0.069800127665306078, "frac_class_22": 0.032472666155224615, "frac_class_23": 0.0064008339238341757, "frac_class_24": 0.0026704302555062985, "frac_developed": 0.11134405799987117, "solar_resource_w_m2": 298.23769167897512, "solar_resource_pct": 0.7024793388429752, "solar_screening_pct": 0.7024793388429752, "resource_land_adj_oof": 297.66702270507812, "resource_opportunity_oof": 0.57066897389699989 }, "geometry": { "type": "Point", "coordinates": [ -73.59, 42.84 ] } },
{ "type": "Feature", "properties": { "latitude": 43.02, "longitude": -74.49, "frac_class_11": 0.0058151110902894083, "frac_class_21": 0.049425516215551468, "frac_class_22": 0.016186270950211405, "frac_class_23": 0.0011946451786697275, "frac_class_24": 6.4417141987093148e-05, "frac_developed": 0.066870849486419706, "solar_resource_w_m2": 294.57466697484233, "solar_resource_pct": 0.40679522497704318, "solar_screening_pct": 0.40679522497704318, "resource_land_adj_oof": 293.66415405273438, "resource_opportunity_oof": 0.91051292210795509 }, "geometry": { "type": "Point", "coordinates": [ -74.49, 43.02 ] } },
{ "type": "Feature", "properties": { "latitude": 43.11, "longitude": -74.85, "frac_class_11": 0.0033437765350042455, "frac_class_21": 0.065434954469592715, "frac_class_22": 0.020636547301847569, "frac_class_23": 0.0057388809182209472, "frac_class_24": 0.00094867215178754424, "frac_developed": 0.092759054841448765, "solar_resource_w_m2": 289.33969861688439, "solar_resource_pct": 0.15702479338842976, "solar_screening_pct": 0.15702479338842976, "resource_land_adj_oof": 292.92535400390625, "resource_opportunity_oof": -3.585655387021859 }, "geometry": { "type": "Point", "coordinates": [ -74.85, 43.11 ] } },
{ "type": "Feature", "properties": { "latitude": 42.93, "longitude": -75.66, "frac_class_11": 0.0041111534069280548, "frac_class_21": 0.055278029925917252, "frac_class_22": 0.02786448420251237, "frac_class_23": 0.0064888290240402912, "frac_class_24": 0.00073204298556411233, "frac_developed": 0.090363386138034033, "solar_resource_w_m2": 291.07043145519856, "solar_resource_pct": 0.20890725436179983, "solar_screening_pct": 0.20890725436179983, "resource_land_adj_oof": 291.652099609375, "resource_opportunity_oof": -0.58166815417644102 }, "geometry": { "type": "Point", "coordinates": [ -75.66, 42.93 ] } },
{ "type": "Feature", "properties": { "latitude": 43.2, "longitude": -78.81, "frac_class_11": 0.001944294783199419, "frac_class_21": 0.029304973178102087, "frac_class_22": 0.07084963339501979, "frac_class_23": 0.0083335285436529315, "frac_class_24": 0.0030687062240858302, "frac_developed": 0.11155684134086064, "solar_resource_w_m2": 302.99402380306384, "solar_resource_pct": 0.8801652892561983, "solar_screening_pct": 0.8801652892561983, "resource_land_adj_oof": 301.37738037109375, "resource_opportunity_oof": 1.6166434319700898 }, "geometry": { "type": "Point", "coordinates": [ -78.81, 43.2 ] } },
{ "type": "Feature", "properties": { "latitude": 43.29, "longitude": -78.0, "frac_class_11": 0.0021315718585666935, "frac_class_21": 0.039112001218041065, "frac_class_22": 0.044897696262722088, "frac_class_23": 0.0063244439759671126, "frac_class_24": 0.00063830036424112528, "frac_developed": 0.090972441820971389, "solar_resource_w_m2": 298.05729201344826, "solar_resource_pct": 0.69008264462809921, "solar_screening_pct": 0.69008264462809921, "resource_land_adj_oof": 297.08233642578125, "resource_opportunity_oof": 0.97495558766701151 }, "geometry": { "type": "Point", "coordinates": [ -78.0, 43.29 ] } },
{ "type": "Feature", "properties": { "latitude": 43.2, "longitude": -73.77, "frac_class_11": 0.02284958042736094, "frac_class_21": 0.064104140681271196, "frac_class_22": 0.061281614344523887, "frac_class_23": 0.013819838495277246, "frac_class_24": 0.0054752326241882306, "frac_developed": 0.14468082614526054, "solar_resource_w_m2": 297.4238856572664, "solar_resource_pct": 0.64141414141414144, "solar_screening_pct": 0.64141414141414144, "resource_land_adj_oof": 293.54867553710938, "resource_opportunity_oof": 3.8752101201570213 }, "geometry": { "type": "Point", "coordinates": [ -73.77, 43.2 ] } },
{ "type": "Feature", "properties": { "latitude": 42.75, "longitude": -78.45, "frac_class_11": 0.0015577874732804311, "frac_class_21": 0.047928318350853559, "frac_class_22": 0.02709144680975667, "frac_class_23": 0.0034552428918626101, "frac_class_24": 0.00024596644314954172, "frac_developed": 0.078720974495622389, "solar_resource_w_m2": 294.81544816552139, "solar_resource_pct": 0.42561983471074383, "solar_screening_pct": 0.42561983471074383, "resource_land_adj_oof": 295.67181396484375, "resource_opportunity_oof": -0.85636579932236145 }, "geometry": { "type": "Point", "coordinates": [ -78.45, 42.75 ] } },
{ "type": "Feature", "properties": { "latitude": 42.21, "longitude": -77.64, "frac_class_11": 0.00045089622945347862, "frac_class_21": 0.038103659286412801, "frac_class_22": 0.013690849148860169, "frac_class_23": 0.0012765633509202383, "frac_class_24": 2.9278975938537575e-05, "frac_developed": 0.053100350762131751, "solar_resource_w_m2": 299.21199655576908, "solar_resource_pct": 0.7594123048668503, "solar_screening_pct": 0.7594123048668503, "resource_land_adj_oof": 297.20687866210938, "resource_opportunity_oof": 2.0051178936597012 }, "geometry": { "type": "Point", "coordinates": [ -77.64, 42.21 ] } },
{ "type": "Feature", "properties": { "latitude": 44.82, "longitude": -73.59, "frac_class_11": 0.0016278348040449939, "frac_class_21": 0.027356993541360473, "frac_class_22": 0.013889295522283185, "frac_class_23": 0.0012296593843505348, "frac_class_24": 6.4410729656456595e-05, "frac_developed": 0.042540359177650644, "solar_resource_w_m2": 290.49528287611054, "solar_resource_pct": 0.18457300275482094, "solar_screening_pct": 0.18457300275482094, "resource_land_adj_oof": 284.742919921875, "resource_opportunity_oof": 5.7523629542355366 }, "geometry": { "type": "Point", "coordinates": [ -73.59, 44.82 ] } },
{ "type": "Feature", "properties": { "latitude": 44.55, "longitude": -75.12, "frac_class_11": 0.0058272669239644156, "frac_class_21": 0.064913996568061891, "frac_class_22": 0.023988427457847485, "frac_class_23": 0.0086676935150425474, "frac_class_24": 0.0019385179415399212, "frac_developed": 0.09950863548249185, "solar_resource_w_m2": 281.29884941222076, "solar_resource_pct": 0.022497704315886134, "solar_screening_pct": 0.022497704315886134, "resource_land_adj_oof": 283.13583374023438, "resource_opportunity_oof": -1.8369843280136138 }, "geometry": { "type": "Point", "coordinates": [ -75.12, 44.55 ] } },
{ "type": "Feature", "properties": { "latitude": 42.48, "longitude": -76.83, "frac_class_11": 0.13388418136993682, "frac_class_21": 0.0445519333360661, "frac_class_22": 0.019476831003648245, "frac_class_23": 0.0013585763057265162, "frac_class_24": 5.8559323522694663e-05, "frac_developed": 0.06544589996896355, "solar_resource_w_m2": 294.41361458907488, "solar_resource_pct": 0.38980716253443526, "solar_screening_pct": 0.38980716253443526, "resource_land_adj_oof": 294.21377563476562, "resource_opportunity_oof": 0.19983895430925713 }, "geometry": { "type": "Point", "coordinates": [ -76.83, 42.48 ] } },
{ "type": "Feature", "properties": { "latitude": 42.66, "longitude": -77.37, "frac_class_11": 0.054662247622616761, "frac_class_21": 0.048771490139129618, "frac_class_22": 0.019710029512343654, "frac_class_23": 0.0028926781280742024, "frac_class_24": 0.00026935869208788118, "frac_developed": 0.071643556471635353, "solar_resource_w_m2": 292.93444091167237, "solar_resource_pct": 0.30486685032139577, "solar_screening_pct": 0.30486685032139577, "resource_land_adj_oof": 296.2449951171875, "resource_opportunity_oof": -3.3105542055151318 }, "geometry": { "type": "Point", "coordinates": [ -77.37, 42.66 ] } },
{ "type": "Feature", "properties": { "latitude": 43.83, "longitude": -75.75, "frac_class_11": 0.0010716418959277607, "frac_class_21": 0.037648009556937562, "frac_class_22": 0.0054694728458826699, "frac_class_23": 0.00028694236557628565, "frac_class_24": 0.0, "frac_developed": 0.043404424768396517, "solar_resource_w_m2": 284.57198604524353, "solar_resource_pct": 0.066574839302112027, "solar_screening_pct": 0.066574839302112027, "resource_land_adj_oof": 285.0445556640625, "resource_opportunity_oof": -0.47256961881896586 }, "geometry": { "type": "Point", "coordinates": [ -75.75, 43.83 ] } },
{ "type": "Feature", "properties": { "latitude": 42.03, "longitude": -79.53, "frac_class_11": 0.00087251859225859348, "frac_class_21": 0.047935820108918427, "frac_class_22": 0.0095742811969315462, "frac_class_23": 0.0013292732915617497, "frac_class_24": 0.00015810739591263102, "frac_developed": 0.058997481993324358, "solar_resource_w_m2": 300.50618438481052, "solar_resource_pct": 0.80165289256198347, "solar_screening_pct": 0.80165289256198347, "resource_land_adj_oof": 300.75390625, "resource_opportunity_oof": -0.24772186518947592 }, "geometry": { "type": "Point", "coordinates": [ -79.53, 42.03 ] } },
{ "type": "Feature", "properties": { "latitude": 43.02, "longitude": -73.41, "frac_class_11": 0.00065584138007764698, "frac_class_21": 0.061982866143945471, "frac_class_22": 0.021303133399307853, "frac_class_23": 0.0037183863959759445, "frac_class_24": 0.00049773676166607128, "frac_developed": 0.087502122700895357, "solar_resource_w_m2": 298.32949215716542, "solar_resource_pct": 0.70707070707070707, "solar_screening_pct": 0.70707070707070707, "resource_land_adj_oof": 296.33636474609375, "resource_opportunity_oof": 1.9931274110716686 }, "geometry": { "type": "Point", "coordinates": [ -73.41, 43.02 ] } },
{ "type": "Feature", "properties": { "latitude": 42.75, "longitude": -77.19, "frac_class_11": 0.00090768014522882323, "frac_class_21": 0.043861447017831526, "frac_class_22": 0.043826311012209761, "frac_class_23": 0.0034491845518695285, "frac_class_24": 0.00046262407401985185, "frac_developed": 0.091599566655930664, "solar_resource_w_m2": 294.46839982783814, "solar_resource_pct": 0.39944903581267216, "solar_screening_pct": 0.39944903581267216, "resource_land_adj_oof": 295.30618286132812, "resource_opportunity_oof": -0.83778303348998406 }, "geometry": { "type": "Point", "coordinates": [ -77.19, 42.75 ] } },
{ "type": "Feature", "properties": { "latitude": 43.11, "longitude": -78.63, "frac_class_11": 0.001323471712256168, "frac_class_21": 0.054004673143479558, "frac_class_22": 0.08900054461446566, "frac_class_23": 0.026311320367995408, "frac_class_24": 0.0060727440956179031, "frac_developed": 0.17538928222155853, "solar_resource_w_m2": 297.60440600753157, "solar_resource_pct": 0.65886134067952251, "solar_screening_pct": 0.65886134067952251, "resource_land_adj_oof": 295.94692993164062, "resource_opportunity_oof": 1.6574760758909406 }, "geometry": { "type": "Point", "coordinates": [ -78.63, 43.11 ] } },
{ "type": "Feature", "properties": { "latitude": 42.57, "longitude": -76.92, "frac_class_11": 0.26572079378370622, "frac_class_21": 0.044174566832770219, "frac_class_22": 0.038904536325149168, "frac_class_23": 0.0050299513400516461, "frac_class_24": 0.00049186951404463133, "frac_developed": 0.088600924012015664, "solar_resource_w_m2": 291.17683149707915, "solar_resource_pct": 0.21166207529843895, "solar_screening_pct": 0.21166207529843895, "resource_land_adj_oof": 296.32315063476562, "resource_opportunity_oof": -5.1463191376864756 }, "geometry": { "type": "Point", "coordinates": [ -76.92, 42.57 ] } },
{ "type": "Feature", "properties": { "latitude": 43.74, "longitude": -75.39, "frac_class_11": 0.010518055213933494, "frac_class_21": 0.040186467081298242, "frac_class_22": 0.028227742834721296, "frac_class_23": 0.0042692996942970589, "frac_class_24": 0.001060004450847418, "frac_developed": 0.073743514061164014, "solar_resource_w_m2": 282.13963722922011, "solar_resource_pct": 0.033057851239669422, "solar_screening_pct": 0.033057851239669422, "resource_land_adj_oof": 286.82388305664062, "resource_opportunity_oof": -4.6842458274205114 }, "geometry": { "type": "Point", "coordinates": [ -75.39, 43.74 ] } },
{ "type": "Feature", "properties": { "latitude": 43.2, "longitude": -73.32, "frac_class_11": 0.0018562979446038531, "frac_class_21": 0.044720969725361596, "frac_class_22": 0.013316156233530479, "frac_class_23": 0.0029806172044270071, "frac_class_24": 0.00034549393921649, "frac_developed": 0.061363237102535571, "solar_resource_w_m2": 296.56953756428265, "solar_resource_pct": 0.55325987144168964, "solar_screening_pct": 0.55325987144168964, "resource_land_adj_oof": 294.29428100585938, "resource_opportunity_oof": 2.2752565584232798 }, "geometry": { "type": "Point", "coordinates": [ -73.32, 43.2 ] } },
{ "type": "Feature", "properties": { "latitude": 44.46, "longitude": -75.21, "frac_class_11": 0.0063888596090556672, "frac_class_21": 0.046197720857781996, "frac_class_22": 0.014259278779148074, "frac_class_23": 0.0015049834276143963, "frac_class_24": 0.00024009463242097374, "frac_developed": 0.062202077696965438, "solar_resource_w_m2": 282.55462583377391, "solar_resource_pct": 0.03489439853076217, "solar_screening_pct": 0.03489439853076217, "resource_land_adj_oof": 284.95840454101562, "resource_opportunity_oof": -2.4037787072417132 }, "geometry": { "type": "Point", "coordinates": [ -75.21, 44.46 ] } },
{ "type": "Feature", "properties": { "latitude": 42.84, "longitude": -78.27, "frac_class_11": 0.0035251267757386955, "frac_class_21": 0.058709171185309238, "frac_class_22": 0.036346282220946984, "frac_class_23": 0.0077646480143347347, "frac_class_24": 0.0014346446180331901, "frac_developed": 0.10425474603862415, "solar_resource_w_m2": 295.38796574454091, "solar_resource_pct": 0.46923783287419651, "solar_screening_pct": 0.46923783287419651, "resource_land_adj_oof": 295.38681030273438, "resource_opportunity_oof": 0.0011554418065315986 }, "geometry": { "type": "Point", "coordinates": [ -78.27, 42.84 ] } },
{ "type": "Feature", "properties": { "latitude": 44.37, "longitude": -75.75, "frac_class_11": 0.0503358259209594, "frac_class_21": 0.027598039502731698, "frac_class_22": 0.011851990654260333, "frac_class_23": 0.0010598865160183402, "frac_class_24": 1.7567179823508399e-05, "frac_developed": 0.040527483852833876, "solar_resource_w_m2": 288.50067305679306, "solar_resource_pct": 0.14738292011019283, "solar_screening_pct": 0.14738292011019283, "resource_land_adj_oof": 285.80319213867188, "resource_opportunity_oof": 2.6974809181211867 }, "geometry": { "type": "Point", "coordinates": [ -75.75, 44.37 ] } },
{ "type": "Feature", "properties": { "latitude": 42.21, "longitude": -79.08, "frac_class_11": 0.00063243328707200956, "frac_class_21": 0.048463128553777324, "frac_class_22": 0.023277058482511465, "frac_class_23": 0.0031211753889757508, "frac_class_24": 0.00016396418553718767, "frac_developed": 0.075025326610801718, "solar_resource_w_m2": 299.09381998793776, "solar_resource_pct": 0.7529843893480257, "solar_screening_pct": 0.7529843893480257, "resource_land_adj_oof": 301.34103393554688, "resource_opportunity_oof": -2.2472139476091115 }, "geometry": { "type": "Point", "coordinates": [ -79.08, 42.21 ] } },
{ "type": "Feature", "properties": { "latitude": 42.03, "longitude": -74.94, "frac_class_11": 0.052188680350188858, "frac_class_21": 0.028577284572365531, "frac_class_22": 0.0058325769332123094, "frac_class_23": 0.00085497613679618193, "frac_class_24": 5.8560009369601498e-05, "frac_developed": 0.035323397651743624, "solar_resource_w_m2": 300.87079248197153, "solar_resource_pct": 0.81542699724517909, "solar_screening_pct": 0.81542699724517909, "resource_land_adj_oof": 301.275146484375, "resource_opportunity_oof": -0.40435400240346553 }, "geometry": { "type": "Point", "coordinates": [ -74.94, 42.03 ] } },
{ "type": "Feature", "properties": { "latitude": 44.19, "longitude": -76.11, "frac_class_11": 0.13858487196153868, "frac_class_21": 0.04679420737955952, "frac_class_22": 0.028207695776165463, "frac_class_23": 0.0089536157030842833, "frac_class_24": 0.0020905433655991428, "frac_developed": 0.086046062224408415, "solar_resource_w_m2": 297.0975895904437, "solar_resource_pct": 0.61570247933884292, "solar_screening_pct": 0.61570247933884292, "resource_land_adj_oof": 294.77584838867188, "resource_opportunity_oof": 2.3217412017718289 }, "geometry": { "type": "Point", "coordinates": [ -76.11, 44.19 ] } },
{ "type": "Feature", "properties": { "latitude": 44.73, "longitude": -73.59, "frac_class_11": 0.0091702826625441394, "frac_class_21": 0.053206378206817395, "frac_class_22": 0.048873039017620294, "frac_class_23": 0.0090531653871604324, "frac_class_24": 0.001756759130755582, "frac_developed": 0.11288934174235371, "solar_resource_w_m2": 291.7134371108798, "solar_resource_pct": 0.2295684113865932, "solar_screening_pct": 0.2295684113865932, "resource_land_adj_oof": 284.91915893554688, "resource_opportunity_oof": 6.79427817533292 }, "geometry": { "type": "Point", "coordinates": [ -73.59, 44.73 ] } },
{ "type": "Feature", "properties": { "latitude": 41.67, "longitude": -74.4, "frac_class_11": 0.0028225098085143761, "frac_class_21": 0.066387538794870291, "frac_class_22": 0.023259354687591497, "frac_class_23": 0.0079346489430227787, "frac_class_24": 0.0026116999472975346, "frac_developed": 0.1001932423727821, "solar_resource_w_m2": 306.97989699897522, "solar_resource_pct": 0.9614325068870524, "solar_screening_pct": 0.9614325068870524, "resource_land_adj_oof": 306.01400756835938, "resource_opportunity_oof": 0.96588943061584587 }, "geometry": { "type": "Point", "coordinates": [ -74.4, 41.67 ] } },
{ "type": "Feature", "properties": { "latitude": 42.03, "longitude": -76.11, "frac_class_11": 0.0101073392400171, "frac_class_21": 0.082586213964056285, "frac_class_22": 0.053616916617379239, "frac_class_23": 0.015453805477639122, "frac_class_24": 0.0014874068174764445, "frac_developed": 0.15314434287655107, "solar_resource_w_m2": 298.00552478896532, "solar_resource_pct": 0.68503213957759412, "solar_screening_pct": 0.68503213957759412, "resource_land_adj_oof": 297.64056396484375, "resource_opportunity_oof": 0.36496082412156738 }, "geometry": { "type": "Point", "coordinates": [ -76.11, 42.03 ] } },
{ "type": "Feature", "properties": { "latitude": 43.29, "longitude": -73.41, "frac_class_11": 0.0039937224772791154, "frac_class_21": 0.051900824510446919, "frac_class_22": 0.016800571535650708, "frac_class_23": 0.0020964115056685095, "frac_class_24": 0.00027522720884474842, "frac_developed": 0.071073034760610887, "solar_resource_w_m2": 296.63100105156394, "solar_resource_pct": 0.56703397612488526, "solar_screening_pct": 0.56703397612488526, "resource_land_adj_oof": 293.08306884765625, "resource_opportunity_oof": 3.5479322039076919 }, "geometry": { "type": "Point", "coordinates": [ -73.41, 43.29 ] } },
{ "type": "Feature", "properties": { "latitude": 42.21, "longitude": -75.84, "frac_class_11": 0.015441279805124842, "frac_class_21": 0.089895535672459836, "frac_class_22": 0.061267391202510894, "frac_class_23": 0.015253899845411534, "frac_class_24": 0.0026760200496556892, "frac_developed": 0.16909284677003797, "solar_resource_w_m2": 295.03044693470088, "solar_resource_pct": 0.43847566574839303, "solar_screening_pct": 0.43847566574839303, "resource_land_adj_oof": 295.06341552734375, "resource_opportunity_oof": -0.032968592642873773 }, "geometry": { "type": "Point", "coordinates": [ -75.84, 42.21 ] } },
{ "type": "Feature", "properties": { "latitude": 43.11, "longitude": -76.56, "frac_class_11": 0.052801396013397978, "frac_class_21": 0.062287728667463051, "frac_class_22": 0.026403625887147775, "frac_class_23": 0.0093926404797039335, "frac_class_24": 0.0015986227250368913, "frac_developed": 0.099682617759351652, "solar_resource_w_m2": 290.60586101517231, "solar_resource_pct": 0.19100091827364554, "solar_screening_pct": 0.19100091827364554, "resource_land_adj_oof": 289.3304443359375, "resource_opportunity_oof": 1.2754166792348087 }, "geometry": { "type": "Point", "coordinates": [ -76.56, 43.11 ] } },
{ "type": "Feature", "properties": { "latitude": 41.85, "longitude": -73.77, "frac_class_11": 0.0048077486150638884, "frac_class_21": 0.085789911340665007, "frac_class_22": 0.020490027288804565, "frac_class_23": 0.0028928475223405129, "frac_class_24": 0.00012883126617710785, "frac_developed": 0.10930161741798719, "solar_resource_w_m2": 305.71187786604037, "solar_resource_pct": 0.93709825528007351, "solar_screening_pct": 0.93709825528007351, "resource_land_adj_oof": 307.20172119140625, "resource_opportunity_oof": -1.4898433253658823 }, "geometry": { "type": "Point", "coordinates": [ -73.77, 41.85 ] } },
{ "type": "Feature", "properties": { "latitude": 42.57, "longitude": -78.99, "frac_class_11": 0.0042572129601976937, "frac_class_21": 0.045230691753187051, "frac_class_22": 0.043222130480356502, "frac_class_23": 0.007038748250560699, "frac_class_24": 0.00083738851899349412, "frac_developed": 0.09632895900309775, "solar_resource_w_m2": 308.48280070665248, "solar_resource_pct": 0.9807162534435262, "solar_screening_pct": 0.9807162534435262, "resource_land_adj_oof": 301.40762329101562, "resource_opportunity_oof": 7.0751774156368583 }, "geometry": { "type": "Point", "coordinates": [ -78.99, 42.57 ] } },
{ "type": "Feature", "properties": { "latitude": 43.38, "longitude": -76.47, "frac_class_11": 0.023838942209157294, "frac_class_21": 0.093803983111886674, "frac_class_22": 0.045891866886063795, "frac_class_23": 0.010189083626611075, "frac_class_24": 0.0027112331719085793, "frac_developed": 0.15259616679647015, "solar_resource_w_m2": 298.65683031284328, "solar_resource_pct": 0.73186409550045917, "solar_screening_pct": 0.73186409550045917, "resource_land_adj_oof": 292.28173828125, "resource_opportunity_oof": 6.3750920315932831 }, "geometry": { "type": "Point", "coordinates": [ -76.47, 43.38 ] } },
{ "type": "Feature", "properties": { "latitude": 43.29, "longitude": -76.29, "frac_class_11": 0.0099320684000936982, "frac_class_21": 0.074367533380182718, "frac_class_22": 0.036952447880065589, "frac_class_23": 0.0077769969547903488, "frac_class_24": 0.0010131178261888029, "frac_developed": 0.12011009604122747, "solar_resource_w_m2": 291.45049237139546, "solar_resource_pct": 0.22222222222222221, "solar_screening_pct": 0.22222222222222221, "resource_land_adj_oof": 294.71365356445312, "resource_opportunity_oof": -3.2631611930576696 }, "geometry": { "type": "Point", "coordinates": [ -76.29, 43.29 ] } },
{ "type": "Feature", "properties": { "latitude": 42.39, "longitude": -76.2, "frac_class_11": 0.001692374360235644, "frac_class_21": 0.037964231755735919, "frac_class_22": 0.01434126231216987, "frac_class_23": 0.0010716418959277607, "frac_class_24": 0.00020495883255448977, "frac_developed": 0.053582094796388036, "solar_resource_w_m2": 292.97010275747328, "solar_resource_pct": 0.30762167125803491, "solar_screening_pct": 0.30762167125803491, "resource_land_adj_oof": 294.57150268554688, "resource_opportunity_oof": -1.6013999280735902 }, "geometry": { "type": "Point", "coordinates": [ -76.2, 42.39 ] } },
{ "type": "Feature", "properties": { "latitude": 44.1, "longitude": -76.11, "frac_class_11": 0.036992791178416869, "frac_class_21": 0.042409655487429948, "frac_class_22": 0.02237604164836645, "frac_class_23": 0.0028167694406867998, "frac_class_24": 0.00022838671140703782, "frac_developed": 0.06783085328789025, "solar_resource_w_m2": 302.14259533407665, "solar_resource_pct": 0.85629017447199263, "solar_screening_pct": 0.85629017447199263, "resource_land_adj_oof": 294.67974853515625, "resource_opportunity_oof": 7.4628467989203955 }, "geometry": { "type": "Point", "coordinates": [ -76.11, 44.1 ] } },
{ "type": "Feature", "properties": { "latitude": 41.94, "longitude": -75.03, "frac_class_11": 0.0097852629606422787, "frac_class_21": 0.0366698483899114, "frac_class_22": 0.0090005680254381694, "frac_class_23": 0.0023657966703168644, "frac_class_24": 4.0991526465886268e-05, "frac_developed": 0.048077204612132315, "solar_resource_w_m2": 300.50471302803703, "solar_resource_pct": 0.80027548209366395, "solar_screening_pct": 0.80027548209366395, "resource_land_adj_oof": 301.8876953125, "resource_opportunity_oof": -1.3829822844629689 }, "geometry": { "type": "Point", "coordinates": [ -75.03, 41.94 ] } },
{ "type": "Feature", "properties": { "latitude": 43.29, "longitude": -78.45, "frac_class_11": 0.0010540307894105041, "frac_class_21": 0.031509664876766236, "frac_class_22": 0.038876168949424091, "frac_class_23": 0.004579178207327856, "frac_class_24": 0.00086664753795974772, "frac_developed": 0.075831659571477916, "solar_resource_w_m2": 299.07427967438178, "solar_resource_pct": 0.75114784205693297, "solar_screening_pct": 0.75114784205693297, "resource_land_adj_oof": 298.12973022460938, "resource_opportunity_oof": 0.94454944977240984 }, "geometry": { "type": "Point", "coordinates": [ -78.45, 43.29 ] } },
{ "type": "Feature", "properties": { "latitude": 42.03, "longitude": -78.18, "frac_class_11": 0.00042748055841843903, "frac_class_21": 0.048416565164433614, "frac_class_22": 0.01291225522346107, "frac_class_23": 0.0019207345638527125, "frac_class_24": 0.00022252412630000936, "frac_developed": 0.063472079078047403, "solar_resource_w_m2": 298.75409664844551, "solar_resource_pct": 0.73783287419651056, "solar_screening_pct": 0.73783287419651056, "resource_land_adj_oof": 298.37496948242188, "resource_opportunity_oof": 0.37912716602363616 }, "geometry": { "type": "Point", "coordinates": [ -78.18, 42.03 ] } },
{ "type": "Feature", "properties": { "latitude": 43.29, "longitude": -76.47, "frac_class_11": 0.036078187950904152, "frac_class_21": 0.07914831818607701, "frac_class_22": 0.048480980043099413, "frac_class_23": 0.018469502482900777, "frac_class_24": 0.0072086105125081981, "frac_developed": 0.15330741122458541, "solar_resource_w_m2": 292.06230671348703, "solar_resource_pct": 0.25206611570247933, "solar_screening_pct": 0.25206611570247933, "resource_land_adj_oof": 293.762451171875, "resource_opportunity_oof": -1.7001444583879675 }, "geometry": { "type": "Point", "coordinates": [ -76.47, 43.29 ] } },
{ "type": "Feature", "properties": { "latitude": 42.57, "longitude": -75.93, "frac_class_11": 0.003478586780198994, "frac_class_21": 0.049168711458839651, "frac_class_22": 0.015062163634127631, "frac_class_23": 0.0018212802839089009, "frac_class_24": 0.00017568620102015122, "frac_developed": 0.066227841577896338, "solar_resource_w_m2": 292.92748867227402, "solar_resource_pct": 0.30119375573921031, "solar_screening_pct": 0.30119375573921031, "resource_land_adj_oof": 293.31814575195312, "resource_opportunity_oof": -0.39065707967910157 }, "geometry": { "type": "Point", "coordinates": [ -75.93, 42.57 ] } },
{ "type": "Feature", "properties": { "latitude": 42.57, "longitude": -76.11, "frac_class_11": 0.0059911099658571153, "frac_class_21": 0.065310711964065057, "frac_class_22": 0.041603954249705713, "frac_class_23": 0.020561864213220267, "frac_class_24": 0.0060438176781667085, "frac_developed": 0.13352034810515773, "solar_resource_w_m2": 292.52362945881407, "solar_resource_pct": 0.27685950413223143, "solar_screening_pct": 0.27685950413223143, "resource_land_adj_oof": 292.873291015625, "resource_opportunity_oof": -0.34966155681092914 }, "geometry": { "type": "Point", "coordinates": [ -76.11, 42.57 ] } },
{ "type": "Feature", "properties": { "latitude": 42.84, "longitude": -76.38, "frac_class_11": 0.1418005715356507, "frac_class_21": 0.057791857959336647, "frac_class_22": 0.021239342265529843, "frac_class_23": 0.001540101189918486, "frac_class_24": 0.00010540616508947813, "frac_developed": 0.08067670757987444, "solar_resource_w_m2": 290.56893803518562, "solar_resource_pct": 0.18824609733700642, "solar_screening_pct": 0.18824609733700642, "resource_land_adj_oof": 291.54803466796875, "resource_opportunity_oof": -0.97909663278312564 }, "geometry": { "type": "Point", "coordinates": [ -76.38, 42.84 ] } },
{ "type": "Feature", "properties": { "latitude": 42.66, "longitude": -77.01, "frac_class_11": 0.061775247733502001, "frac_class_21": 0.058120739335160584, "frac_class_22": 0.070565980275025184, "frac_class_23": 0.014700025768969475, "frac_class_24": 0.0032738304401808511, "frac_developed": 0.14666057581933609, "solar_resource_w_m2": 294.3603669452724, "solar_resource_pct": 0.38659320477502296, "solar_screening_pct": 0.38659320477502296, "resource_land_adj_oof": 295.13333129882812, "resource_opportunity_oof": -0.77296435355572157 }, "geometry": { "type": "Point", "coordinates": [ -77.01, 42.66 ] } },
{ "type": "Feature", "properties": { "latitude": 42.66, "longitude": -77.55, "frac_class_11": 0.025560995034198446, "frac_class_21": 0.052012086573596926, "frac_class_22": 0.013199194228426872, "frac_class_23": 0.00055045441768949684, "frac_class_24": 2.342359224210625e-05, "frac_developed": 0.065785158811955402, "solar_resource_w_m2": 295.28605449403409, "solar_resource_pct": 0.46602387511478421, "solar_screening_pct": 0.46602387511478421, "resource_land_adj_oof": 295.08786010742188, "resource_opportunity_oof": 0.19819438661221511 }, "geometry": { "type": "Point", "coordinates": [ -77.55, 42.66 ] } },
{ "type": "Feature", "properties": { "latitude": 42.75, "longitude": -76.74, "frac_class_11": 0.38729891014716822, "frac_class_21": 0.028730886581516422, "frac_class_22": 0.023940453392833089, "frac_class_23": 0.0024654918978431338, "frac_class_24": 0.0001054129552522005, "frac_developed": 0.055242244827444852, "solar_resource_w_m2": 291.19943280427418, "solar_resource_pct": 0.21349862258953167, "solar_screening_pct": 0.21349862258953167, "resource_land_adj_oof": 292.67532348632812, "resource_opportunity_oof": -1.4758906820539437 }, "geometry": { "type": "Point", "coordinates": [ -76.74, 42.75 ] } },
{ "type": "Feature", "properties": { "latitude": 42.12, "longitude": -76.56, "frac_class_11": 0.00064413369873281333, "frac_class_21": 0.057093668751317543, "frac_class_22": 0.0093223713489330798, "frac_class_23": 0.00032792261026397772, "frac_class_24": 1.1711521795142061e-05, "frac_developed": 0.066755674232309742, "solar_resource_w_m2": 296.65395567069748, "solar_resource_pct": 0.5693296602387512, "solar_screening_pct": 0.5693296602387512, "resource_land_adj_oof": 296.90701293945312, "resource_opportunity_oof": -0.25305726875564005 }, "geometry": { "type": "Point", "coordinates": [ -76.56, 42.12 ] } },
{ "type": "Feature", "properties": { "latitude": 42.84, "longitude": -74.76, "frac_class_11": 0.0013527203733742468, "frac_class_21": 0.052703391170425197, "frac_class_22": 0.014458296977753313, "frac_class_23": 0.002898686514373386, "frac_class_24": 0.00011711864704538933, "frac_developed": 0.070177493309597286, "solar_resource_w_m2": 296.5357183132399, "solar_resource_pct": 0.54775022956841135, "solar_screening_pct": 0.54775022956841135, "resource_land_adj_oof": 293.404541015625, "resource_opportunity_oof": 3.1311772976148973 }, "geometry": { "type": "Point", "coordinates": [ -74.76, 42.84 ] } },
{ "type": "Feature", "properties": { "latitude": 42.39, "longitude": -73.68, "frac_class_11": 0.0073495824500169832, "frac_class_21": 0.086848053971117015, "frac_class_22": 0.050510078590754168, "frac_class_23": 0.010541233792853044, "frac_class_24": 0.0016807411658604574, "frac_developed": 0.14958010752058468, "solar_resource_w_m2": 300.1113696064582, "solar_resource_pct": 0.78787878787878785, "solar_screening_pct": 0.78787878787878785, "resource_land_adj_oof": 303.07083129882812, "resource_opportunity_oof": -2.9594616923699277 }, "geometry": { "type": "Point", "coordinates": [ -73.68, 42.39 ] } },
{ "type": "Feature", "properties": { "latitude": 42.75, "longitude": -77.01, "frac_class_11": 0.21875548996872915, "frac_class_21": 0.02525092817071314, "frac_class_22": 0.042771980370799809, "frac_class_23": 0.0036131314196034339, "frac_class_24": 9.9551432955037893e-05, "frac_developed": 0.07173559139407143, "solar_resource_w_m2": 291.96091438046915, "solar_resource_pct": 0.24196510560146925, "solar_screening_pct": 0.24196510560146925, "resource_land_adj_oof": 293.23751831054688, "resource_opportunity_oof": -1.2766039300777265 }, "geometry": { "type": "Point", "coordinates": [ -77.01, 42.75 ] } },
{ "type": "Feature", "properties": { "latitude": 42.12, "longitude": -77.55, "frac_class_11": 0.00042747555191192835, "frac_class_21": 0.046536276863617734, "frac_class_22": 0.017426948527258887, "frac_class_23": 0.0015225156643438543, "frac_class_24": 2.9279147391227968e-05, "frac_developed": 0.065515020202611712, "solar_resource_w_m2": 301.97357897596578, "solar_resource_pct": 0.85032139577594124, "solar_screening_pct": 0.85032139577594124, "resource_land_adj_oof": 299.055908203125, "resource_opportunity_oof": 2.9176707728407791 }, "geometry": { "type": "Point", "coordinates": [ -77.55, 42.12 ] } },
{ "type": "Feature", "properties": { "latitude": 42.12, "longitude": -78.54, "frac_class_11": 0.01182354284643449, "frac_class_21": 0.054702186096356895, "frac_class_22": 0.031992082501273708, "frac_class_23": 0.0088486246859645935, "frac_class_24": 0.00093112595967463293, "frac_developed": 0.096474019243269829, "solar_resource_w_m2": 296.58525725545309, "solar_resource_pct": 0.55739210284664831, "solar_screening_pct": 0.55739210284664831, "resource_land_adj_oof": 298.96026611328125, "resource_opportunity_oof": -2.3750088578281634 }, "geometry": { "type": "Point", "coordinates": [ -78.54, 42.12 ] } },
{ "type": "Feature", "properties": { "latitude": 42.93, "longitude": -74.04, "frac_class_11": 0.012811954701425243, "frac_class_21": 0.067783906592184001, "frac_class_22": 0.033095597793626814, "frac_class_23": 0.0085959549824918893, "frac_class_24": 0.00040403330639777958, "frac_developed": 0.10987949267470047, "solar_resource_w_m2": 298.88965120864805, "solar_resource_pct": 0.74242424242424243, "solar_screening_pct": 0.74242424242424243, "resource_land_adj_oof": 296.46676635742188, "resource_opportunity_oof": 2.422884851226172 }, "geometry": { "type": "Point", "coordinates": [ -74.04, 42.93 ] } },
{ "type": "Feature", "properties": { "latitude": 42.39, "longitude": -78.9, "frac_class_11": 0.0056158062400449736, "frac_class_21": 0.038075049189543707, "frac_class_22": 0.014317670757987445, "frac_class_23": 0.0011184765295605733, "frac_class_24": 5.8558980605265626e-05, "frac_developed": 0.053569755457696995, "solar_resource_w_m2": 297.49601564830772, "solar_resource_pct": 0.65013774104683197, "solar_screening_pct": 0.65013774104683197, "resource_land_adj_oof": 301.02911376953125, "resource_opportunity_oof": -3.5330981212235315 }, "geometry": { "type": "Point", "coordinates": [ -78.9, 42.39 ] } },
{ "type": "Feature", "properties": { "latitude": 42.57, "longitude": -78.81, "frac_class_11": 0.0035840194895700346, "frac_class_21": 0.051212827510277704, "frac_class_22": 0.02567376052659319, "frac_class_23": 0.0020965342765785497, "frac_class_24": 0.00020496843486103141, "frac_developed": 0.079188090748310486, "solar_resource_w_m2": 303.23558322380723, "solar_resource_pct": 0.8865932047750229, "solar_screening_pct": 0.8865932047750229, "resource_land_adj_oof": 298.6954345703125, "resource_opportunity_oof": 4.5401486534947253 }, "geometry": { "type": "Point", "coordinates": [ -78.81, 42.57 ] } },
{ "type": "Feature", "properties": { "latitude": 42.39, "longitude": -73.95, "frac_class_11": 0.011453734174991509, "frac_class_21": 0.07373487767458746, "frac_class_22": 0.018445430803283872, "frac_class_23": 0.0026057830817337534, "frac_class_24": 0.00028107323128813519, "frac_developed": 0.095067164790893222, "solar_resource_w_m2": 301.00303958835758, "solar_resource_pct": 0.82093663911845727, "solar_screening_pct": 0.82093663911845727, "resource_land_adj_oof": 304.12347412109375, "resource_opportunity_oof": -3.1204345327361693 }, "geometry": { "type": "Point", "coordinates": [ -73.95, 42.39 ] } },
{ "type": "Feature", "properties": { "latitude": 42.48, "longitude": -74.76, "frac_class_11": 0.0050243605359317906, "frac_class_21": 0.055900402885786564, "frac_class_22": 0.0092171835472688087, "frac_class_23": 0.0011477560198632061, "frac_class_24": 5.2703082544739063e-05, "frac_developed": 0.066318045535463319, "solar_resource_w_m2": 296.97828820728665, "solar_resource_pct": 0.60606060606060608, "solar_screening_pct": 0.60606060606060608, "resource_land_adj_oof": 298.67132568359375, "resource_opportunity_oof": -1.6930374763070972 }, "geometry": { "type": "Point", "coordinates": [ -74.76, 42.48 ] } },
{ "type": "Feature", "properties": { "latitude": 42.75, "longitude": -74.67, "frac_class_11": 0.0039352556744981374, "frac_class_21": 0.047820383687428261, "frac_class_22": 0.011946311869012204, "frac_class_23": 0.002453678761331428, "frac_class_24": 0.0014991450188564335, "frac_developed": 0.063719519336628325, "solar_resource_w_m2": 296.85232684495458, "solar_resource_pct": 0.59044995408631773, "solar_screening_pct": 0.59044995408631773, "resource_land_adj_oof": 297.2711181640625, "resource_opportunity_oof": -0.41879131910792466 }, "geometry": { "type": "Point", "coordinates": [ -74.67, 42.75 ] } },
{ "type": "Feature", "properties": { "latitude": 42.66, "longitude": -76.65, "frac_class_11": 0.25629538533614432, "frac_class_21": 0.037743031154837195, "frac_class_22": 0.028501991098617944, "frac_class_23": 0.0037596626844694308, "frac_class_24": 0.00043335675802295617, "frac_developed": 0.070438041695947529, "solar_resource_w_m2": 292.93028330610338, "solar_resource_pct": 0.30348943985307619, "solar_screening_pct": 0.30348943985307619, "resource_land_adj_oof": 295.81338500976562, "resource_opportunity_oof": -2.8831017036622484 }, "geometry": { "type": "Point", "coordinates": [ -76.65, 42.66 ] } },
{ "type": "Feature", "properties": { "latitude": 41.67, "longitude": -74.31, "frac_class_11": 0.0063944534557570576, "frac_class_21": 0.05338080375703419, "frac_class_22": 0.016923049896646426, "frac_class_23": 0.0040521628126226044, "frac_class_24": 0.0014405087455276887, "frac_developed": 0.075796525211830904, "solar_resource_w_m2": 307.55271994640862, "solar_resource_pct": 0.97382920110192839, "solar_screening_pct": 0.97382920110192839, "resource_land_adj_oof": 306.38934326171875, "resource_opportunity_oof": 1.1633766846898652 }, "geometry": { "type": "Point", "coordinates": [ -74.31, 41.67 ] } },
{ "type": "Feature", "properties": { "latitude": 42.03, "longitude": -77.82, "frac_class_11": 0.00031622590241502894, "frac_class_21": 0.056692277060738795, "frac_class_22": 0.016004544283338407, "frac_class_23": 0.0017275303928228432, "frac_class_24": 0.00013468881028788268, "frac_developed": 0.074559040547187941, "solar_resource_w_m2": 301.16710875862123, "solar_resource_pct": 0.82920110192837471, "solar_screening_pct": 0.82920110192837471, "resource_land_adj_oof": 299.07843017578125, "resource_opportunity_oof": 2.0886785828399752 }, "geometry": { "type": "Point", "coordinates": [ -77.82, 42.03 ] } },
{ "type": "Feature", "properties": { "latitude": 42.03, "longitude": -74.85, "frac_class_11": 0.041798910815717044, "frac_class_21": 0.026567898342800256, "frac_class_22": 0.0051999765766820869, "frac_class_23": 0.00031621479182526203, "frac_class_24": 0.0, "frac_developed": 0.032084089711307606, "solar_resource_w_m2": 302.16993126852759, "solar_resource_pct": 0.85766758494031226, "solar_screening_pct": 0.85766758494031226, "resource_land_adj_oof": 301.96707153320312, "resource_opportunity_oof": 0.20285973532446633 }, "geometry": { "type": "Point", "coordinates": [ -74.85, 42.03 ] } },
{ "type": "Feature", "properties": { "latitude": 44.82, "longitude": -74.58, "frac_class_11": 0.00093105507864194785, "frac_class_21": 0.041112815768208279, "frac_class_22": 0.014481127103657466, "frac_class_23": 0.0023656996966751379, "frac_class_24": 0.0002752175389696324, "frac_developed": 0.058234860107510521, "solar_resource_w_m2": 280.48730143082986, "solar_resource_pct": 0.011478420569329659, "solar_screening_pct": 0.011478420569329659, "resource_land_adj_oof": 282.7291259765625, "resource_opportunity_oof": -2.2418245457326407 }, "geometry": { "type": "Point", "coordinates": [ -74.58, 44.82 ] } },
{ "type": "Feature", "properties": { "latitude": 42.66, "longitude": -74.67, "frac_class_11": 0.0055571821748550678, "frac_class_21": 0.055448849329507527, "frac_class_22": 0.013919306669789775, "frac_class_23": 0.0034607952216431457, "frac_class_24": 3.5134976869473563e-05, "frac_developed": 0.07286408619780993, "solar_resource_w_m2": 297.16877993086541, "solar_resource_pct": 0.62213039485766763, "solar_screening_pct": 0.62213039485766763, "resource_land_adj_oof": 299.15130615234375, "resource_opportunity_oof": -1.9825262214783379 }, "geometry": { "type": "Point", "coordinates": [ -74.67, 42.66 ] } },
{ "type": "Feature", "properties": { "latitude": 43.2, "longitude": -75.66, "frac_class_11": 0.051690012180267968, "frac_class_21": 0.05199451887941535, "frac_class_22": 0.031534011055935542, "frac_class_23": 0.0058793216527686688, "frac_class_24": 0.0010306380586526749, "frac_developed": 0.090438489646772244, "solar_resource_w_m2": 287.2386823639589, "solar_resource_pct": 0.12029384756657484, "solar_screening_pct": 0.12029384756657484, "resource_land_adj_oof": 292.54901123046875, "resource_opportunity_oof": -5.3103288665098489 }, "geometry": { "type": "Point", "coordinates": [ -75.66, 43.2 ] } },
{ "type": "Feature", "properties": { "latitude": 44.28, "longitude": -73.41, "frac_class_11": 0.073121314508903731, "frac_class_21": 0.036200525850407859, "frac_class_22": 0.018521880178718871, "frac_class_23": 0.0015986320862441516, "frac_class_24": 5.8557951877075149e-05, "frac_developed": 0.056379596067247961, "solar_resource_w_m2": 287.66860044503267, "solar_resource_pct": 0.13039485766758493, "solar_screening_pct": 0.13039485766758493, "resource_land_adj_oof": 289.77783203125, "resource_opportunity_oof": -2.1092315862173336 }, "geometry": { "type": "Point", "coordinates": [ -73.41, 44.28 ] } },
{ "type": "Feature", "properties": { "latitude": 42.21, "longitude": -76.11, "frac_class_11": 0.0033322791852606675, "frac_class_21": 0.056625320636705438, "frac_class_22": 0.026804642936622276, "frac_class_23": 0.0037070873888752241, "frac_class_24": 0.00043922836361080851, "frac_developed": 0.087576279325813744, "solar_resource_w_m2": 295.23079271002268, "solar_resource_pct": 0.45959595959595961, "solar_screening_pct": 0.45959595959595961, "resource_land_adj_oof": 296.32199096679688, "resource_opportunity_oof": -1.0911982567741916 }, "geometry": { "type": "Point", "coordinates": [ -76.11, 42.21 ] } },
{ "type": "Feature", "properties": { "latitude": 42.03, "longitude": -74.76, "frac_class_11": 0.0050592885375494072, "frac_class_21": 0.020881276533450448, "frac_class_22": 0.0017039964866051823, "frac_class_23": 5.8556580295710728e-05, "frac_class_24": 0.0, "frac_developed": 0.022643829600351342, "solar_resource_w_m2": 301.1470164157634, "solar_resource_pct": 0.82644628099173556, "solar_screening_pct": 0.82644628099173556, "resource_land_adj_oof": 302.62091064453125, "resource_opportunity_oof": -1.4738942287678469 }, "geometry": { "type": "Point", "coordinates": [ -74.76, 42.03 ] } },
{ "type": "Feature", "properties": { "latitude": 44.82, "longitude": -74.31, "frac_class_11": 0.0014523562723636513, "frac_class_21": 0.066849382455770476, "frac_class_22": 0.042715671978308355, "frac_class_23": 0.018324285388007521, "frac_class_24": 0.0057391497859531383, "frac_developed": 0.13362848960803947, "solar_resource_w_m2": 279.75860000589762, "solar_resource_pct": 0.0050505050505050509, "solar_screening_pct": 0.0050505050505050509, "resource_land_adj_oof": 285.29287719726562, "resource_opportunity_oof": -5.5342771913680053 }, "geometry": { "type": "Point", "coordinates": [ -74.31, 44.82 ] } },
{ "type": "Feature", "properties": { "latitude": 43.92, "longitude": -75.93, "frac_class_11": 0.0016806033776028857, "frac_class_21": 0.073618626004262999, "frac_class_22": 0.062182324971306768, "frac_class_23": 0.042618227812521961, "frac_class_24": 0.01586325627151992, "frac_developed": 0.19428243505961162, "solar_resource_w_m2": 295.22479119608937, "solar_resource_pct": 0.45775941230486683, "solar_screening_pct": 0.45775941230486683, "resource_land_adj_oof": 291.49853515625, "resource_opportunity_oof": 3.7262560398393703 }, "geometry": { "type": "Point", "coordinates": [ -75.93, 43.92 ] } },
{ "type": "Feature", "properties": { "latitude": 42.75, "longitude": -75.75, "frac_class_11": 0.00089604160444155527, "frac_class_21": 0.03785043718631223, "frac_class_22": 0.010805207582971696, "frac_class_23": 0.0010248841880867463, "frac_class_24": 2.9282405373907034e-05, "frac_developed": 0.049709811362744577, "solar_resource_w_m2": 292.29309231415101, "solar_resource_pct": 0.26262626262626265, "solar_screening_pct": 0.26262626262626265, "resource_land_adj_oof": 292.07284545898438, "resource_opportunity_oof": 0.22024685516663567 }, "geometry": { "type": "Point", "coordinates": [ -75.75, 42.75 ] } },
{ "type": "Feature", "properties": { "latitude": 41.85, "longitude": -75.03, "frac_class_11": 0.014234687902564703, "frac_class_21": 0.066243119803255646, "frac_class_22": 0.0069504625834406839, "frac_class_23": 0.0012237966975055627, "frac_class_24": 5.8554865909357071e-05, "frac_developed": 0.074475933950111262, "solar_resource_w_m2": 302.94846371341083, "solar_resource_pct": 0.87741046831955927, "solar_screening_pct": 0.87741046831955927, "resource_land_adj_oof": 302.04489135742188, "resource_opportunity_oof": 0.90357235598895613 }, "geometry": { "type": "Point", "coordinates": [ -75.03, 41.85 ] } },
{ "type": "Feature", "properties": { "latitude": 42.21, "longitude": -77.19, "frac_class_11": 0.0073373113701975159, "frac_class_21": 0.048386435636027195, "frac_class_22": 0.035573955765323149, "frac_class_23": 0.007190916490504828, "frac_class_24": 0.00064413747064782662, "frac_developed": 0.091795445362502989, "solar_resource_w_m2": 298.62645234466845, "solar_resource_pct": 0.72956841138659323, "solar_screening_pct": 0.72956841138659323, "resource_land_adj_oof": 296.11981201171875, "resource_opportunity_oof": 2.5066403329497007 }, "geometry": { "type": "Point", "coordinates": [ -77.19, 42.21 ] } },
{ "type": "Feature", "properties": { "latitude": 43.02, "longitude": -75.84, "frac_class_11": 0.0063712917091224251, "frac_class_21": 0.070499982432100067, "frac_class_22": 0.043574247801084522, "frac_class_23": 0.0071911270393403837, "frac_class_24": 0.0012648887951934226, "frac_developed": 0.12253024606771838, "solar_resource_w_m2": 289.78868146825721, "solar_resource_pct": 0.16896235078053259, "solar_screening_pct": 0.16896235078053259, "resource_land_adj_oof": 290.92123413085938, "resource_opportunity_oof": -1.1325526626021656 }, "geometry": { "type": "Point", "coordinates": [ -75.84, 43.02 ] } },
{ "type": "Feature", "properties": { "latitude": 42.21, "longitude": -74.85, "frac_class_11": 0.0054521922966554812, "frac_class_21": 0.04508160719619108, "frac_class_22": 0.0062017955340044626, "frac_class_23": 0.00075545951264077021, "frac_class_24": 5.8562752917889167e-06, "frac_developed": 0.0520447185181281, "solar_resource_w_m2": 299.52377399304737, "solar_resource_pct": 0.77410468319559234, "solar_screening_pct": 0.77410468319559234, "resource_land_adj_oof": 301.34280395507812, "resource_opportunity_oof": -1.8190299620307542 }, "geometry": { "type": "Point", "coordinates": [ -74.85, 42.21 ] } },
{ "type": "Feature", "properties": { "latitude": 42.39, "longitude": -77.82, "frac_class_11": 0.00083738851899349412, "frac_class_21": 0.045827989857643948, "frac_class_22": 0.0054693767604190452, "frac_class_23": 0.00028108146092089312, "frac_class_24": 5.8558637691852735e-06, "frac_developed": 0.051584303942753075, "solar_resource_w_m2": 296.44746668390076, "solar_resource_pct": 0.54086317722681354, "solar_screening_pct": 0.54086317722681354, "resource_land_adj_oof": 296.062744140625, "resource_opportunity_oof": 0.38472254327575683 }, "geometry": { "type": "Point", "coordinates": [ -77.82, 42.39 ] } },
{ "type": "Feature", "properties": { "latitude": 43.02, "longitude": -74.67, "frac_class_11": 0.016379138704425939, "frac_class_21": 0.049453638312076172, "frac_class_22": 0.024155862408207721, "frac_class_23": 0.0085789911340665003, "frac_class_24": 0.00081397936357354512, "frac_developed": 0.083002471217923937, "solar_resource_w_m2": 293.66241176318971, "solar_resource_pct": 0.34710743801652894, "solar_screening_pct": 0.34710743801652894, "resource_land_adj_oof": 295.67965698242188, "resource_opportunity_oof": -2.0172452192321657 }, "geometry": { "type": "Point", "coordinates": [ -74.67, 43.02 ] } },
{ "type": "Feature", "properties": { "latitude": 43.11, "longitude": -75.75, "frac_class_11": 0.024447944908678874, "frac_class_21": 0.071909164905048284, "frac_class_22": 0.067499751128704516, "frac_class_23": 0.01976916455370057, "frac_class_24": 0.0035310444981876314, "frac_developed": 0.162709125085641, "solar_resource_w_m2": 287.27616910673879, "solar_resource_pct": 0.12350780532598714, "solar_screening_pct": 0.12350780532598714, "resource_land_adj_oof": 293.05361938476562, "resource_opportunity_oof": -5.7774502780268335 }, "geometry": { "type": "Point", "coordinates": [ -75.75, 43.11 ] } },
{ "type": "Feature", "properties": { "latitude": 44.73, "longitude": -73.68, "frac_class_11": 0.0067163611024903822, "frac_class_21": 0.033148491892936401, "frac_class_22": 0.02535470233111016, "frac_class_23": 0.0050416625189574705, "frac_class_24": 0.00063825925036743822, "frac_developed": 0.064183115993371467, "solar_resource_w_m2": 287.08747689288333, "solar_resource_pct": 0.11524334251606978, "solar_screening_pct": 0.11524334251606978, "resource_land_adj_oof": 285.662109375, "resource_opportunity_oof": 1.4253675178833305 }, "geometry": { "type": "Point", "coordinates": [ -73.68, 44.73 ] } },
{ "type": "Feature", "properties": { "latitude": 42.75, "longitude": -78.0, "frac_class_11": 0.015183899094119093, "frac_class_21": 0.054106913856405869, "frac_class_22": 0.042711669877556757, "frac_class_23": 0.0079227981004022889, "frac_class_24": 0.0019089668741545795, "frac_developed": 0.1066503487085195, "solar_resource_w_m2": 296.40059167051862, "solar_resource_pct": 0.53902662993572081, "solar_screening_pct": 0.53902662993572081, "resource_land_adj_oof": 295.956787109375, "resource_opportunity_oof": 0.44380456114362232 }, "geometry": { "type": "Point", "coordinates": [ -78.0, 42.75 ] } },
{ "type": "Feature", "properties": { "latitude": 42.84, "longitude": -78.18, "frac_class_11": 0.0024946271820667928, "frac_class_21": 0.05112228943531244, "frac_class_22": 0.023593551447293682, "frac_class_23": 0.0019968729321238883, "frac_class_24": 3.5135594113616798e-05, "frac_developed": 0.076747849408843619, "solar_resource_w_m2": 295.61631052517862, "solar_resource_pct": 0.48898071625344353, "solar_screening_pct": 0.48898071625344353, "resource_land_adj_oof": 295.52444458007812, "resource_opportunity_oof": 0.091865945100494173 }, "geometry": { "type": "Point", "coordinates": [ -78.18, 42.84 ] } },
{ "type": "Feature", "properties": { "latitude": 42.84, "longitude": -76.56, "frac_class_11": 0.13308461353746318, "frac_class_21": 0.050450682612846361, "frac_class_22": 0.03666371873188045, "frac_class_23": 0.0043574771144599131, "frac_class_24": 0.00056225511154321456, "frac_developed": 0.09203413357072994, "solar_resource_w_m2": 291.48527875362379, "solar_resource_pct": 0.22359963269054178, "solar_screening_pct": 0.22359963269054178, "resource_land_adj_oof": 292.1185302734375, "resource_opportunity_oof": -0.63325151981371164 }, "geometry": { "type": "Point", "coordinates": [ -76.56, 42.84 ] } },
{ "type": "Feature", "properties": { "latitude": 43.2, "longitude": -77.19, "frac_class_11": 0.0013293433512335956, "frac_class_21": 0.069254689302592515, "frac_class_22": 0.043417407956149241, "frac_class_23": 0.012690251286886349, "frac_class_24": 0.0032852934803614411, "frac_developed": 0.12864764202598955, "solar_resource_w_m2": 297.30438749400736, "solar_resource_pct": 0.63406795224977042, "solar_screening_pct": 0.63406795224977042, "resource_land_adj_oof": 294.78659057617188, "resource_opportunity_oof": 2.5177969178354829 }, "geometry": { "type": "Point", "coordinates": [ -77.19, 43.2 ] } },
{ "type": "Feature", "properties": { "latitude": 42.66, "longitude": -77.91, "frac_class_11": 0.0045558620124261425, "frac_class_21": 0.045289250390878909, "frac_class_22": 0.028254542686318947, "frac_class_23": 0.0020846875018299574, "frac_class_24": 0.00012882900292207603, "frac_developed": 0.075757309581949886, "solar_resource_w_m2": 296.20317771029016, "solar_resource_pct": 0.52708907254361803, "solar_screening_pct": 0.52708907254361803, "resource_land_adj_oof": 296.54861450195312, "resource_opportunity_oof": -0.34543679166296215 }, "geometry": { "type": "Point", "coordinates": [ -77.91, 42.66 ] } },
{ "type": "Feature", "properties": { "latitude": 41.49, "longitude": -73.77, "frac_class_11": 0.034401990923730051, "frac_class_21": 0.092566242131459517, "frac_class_22": 0.025946420729029425, "frac_class_23": 0.0044971453667105839, "frac_class_24": 0.0020494803103498754, "frac_developed": 0.12505928853754941, "solar_resource_w_m2": 308.22579756501312, "solar_resource_pct": 0.97887970615243347, "solar_screening_pct": 0.97887970615243347, "resource_land_adj_oof": 306.80242919921875, "resource_opportunity_oof": 1.4233683657943743 }, "geometry": { "type": "Point", "coordinates": [ -73.77, 41.49 ] } },
{ "type": "Feature", "properties": { "latitude": 41.49, "longitude": -74.94, "frac_class_11": 0.02709492299584236, "frac_class_21": 0.068478069918603973, "frac_class_22": 0.012853545704749078, "frac_class_23": 0.0020553961468642032, "frac_class_24": 0.00010540493060842068, "frac_developed": 0.083492416700825675, "solar_resource_w_m2": 305.83096868101006, "solar_resource_pct": 0.94123048668503217, "solar_screening_pct": 0.94123048668503217, "resource_land_adj_oof": 306.0517578125, "resource_opportunity_oof": -0.22078913148993706 }, "geometry": { "type": "Point", "coordinates": [ -74.94, 41.49 ] } },
{ "type": "Feature", "properties": { "latitude": 43.29, "longitude": -75.39, "frac_class_11": 0.064093030336743115, "frac_class_21": 0.081694313836857296, "frac_class_22": 0.040367015452357671, "frac_class_23": 0.0073660727355767258, "frac_class_24": 0.0031443410643916549, "frac_developed": 0.13257174308918335, "solar_resource_w_m2": 287.03241121350374, "solar_resource_pct": 0.11386593204775022, "solar_screening_pct": 0.11386593204775022, "resource_land_adj_oof": 290.14739990234375, "resource_opportunity_oof": -3.1149886888400147 }, "geometry": { "type": "Point", "coordinates": [ -75.39, 43.29 ] } },
{ "type": "Feature", "properties": { "latitude": 44.91, "longitude": -73.95, "frac_class_11": 0.0011652895949593905, "frac_class_21": 0.038694641424581171, "frac_class_22": 0.013714111715552224, "frac_class_23": 0.0018328424282527097, "frac_class_24": 0.00018152752484292014, "frac_developed": 0.054423123093229026, "solar_resource_w_m2": 281.82096140343316, "solar_resource_pct": 0.028925619834710745, "solar_screening_pct": 0.028925619834710745, "resource_land_adj_oof": 284.92550659179688, "resource_opportunity_oof": -3.1045451883637156 }, "geometry": { "type": "Point", "coordinates": [ -73.95, 44.91 ] } },
{ "type": "Feature", "properties": { "latitude": 42.39, "longitude": -73.59, "frac_class_11": 0.0025882614729667215, "frac_class_21": 0.086162170391928375, "frac_class_22": 0.028277634961439587, "frac_class_23": 0.0090940499265097698, "frac_class_24": 0.0014405256161760486, "frac_developed": 0.12497438089605378, "solar_resource_w_m2": 299.74098599549927, "solar_resource_pct": 0.78053259871441694, "solar_screening_pct": 0.78053259871441694, "resource_land_adj_oof": 303.34371948242188, "resource_opportunity_oof": -3.6027334869226024 }, "geometry": { "type": "Point", "coordinates": [ -73.59, 42.39 ] } },
{ "type": "Feature", "properties": { "latitude": 43.2, "longitude": -78.36, "frac_class_11": 0.0079646276829375418, "frac_class_21": 0.043506778718046327, "frac_class_22": 0.064390501010219314, "frac_class_23": 0.012854674826505812, "frac_class_24": 0.0041872858774267222, "frac_developed": 0.12493924043219817, "solar_resource_w_m2": 297.17885595787254, "solar_resource_pct": 0.62488521579430667, "solar_screening_pct": 0.62488521579430667, "resource_land_adj_oof": 296.2542724609375, "resource_opportunity_oof": 0.9245834969350426 }, "geometry": { "type": "Point", "coordinates": [ -78.36, 43.2 ] } },
{ "type": "Feature", "properties": { "latitude": 43.02, "longitude": -74.85, "frac_class_11": 0.012602114016338243, "frac_class_21": 0.063268234122917461, "frac_class_22": 0.032617925218868034, "frac_class_23": 0.017749538839926214, "frac_class_24": 0.002769888443182151, "frac_developed": 0.11640558662489386, "solar_resource_w_m2": 290.59094549307963, "solar_resource_pct": 0.19008264462809918, "solar_screening_pct": 0.19008264462809918, "resource_land_adj_oof": 293.3447265625, "resource_opportunity_oof": -2.7537810694203699 }, "geometry": { "type": "Point", "coordinates": [ -74.85, 43.02 ] } },
{ "type": "Feature", "properties": { "latitude": 43.29, "longitude": -73.5, "frac_class_11": 0.0053879625887988947, "frac_class_21": 0.058635088520711448, "frac_class_22": 0.047982149445684068, "frac_class_23": 0.015783216496535891, "frac_class_24": 0.0036603006717383793, "frac_developed": 0.1260607551346698, "solar_resource_w_m2": 296.63100105156394, "solar_resource_pct": 0.56703397612488526, "solar_screening_pct": 0.56703397612488526, "resource_land_adj_oof": 295.59359741210938, "resource_opportunity_oof": 1.0374036394545669 }, "geometry": { "type": "Point", "coordinates": [ -73.5, 43.29 ] } },
{ "type": "Feature", "properties": { "latitude": 42.12, "longitude": -77.82, "frac_class_11": 0.00057973390799212965, "frac_class_21": 0.057223835847465571, "frac_class_22": 0.015787501171179611, "frac_class_23": 0.0016630750491895437, "frac_class_24": 0.00016396514569474375, "frac_developed": 0.074838377213529469, "solar_resource_w_m2": 300.28829316737642, "solar_resource_pct": 0.79292929292929293, "solar_screening_pct": 0.79292929292929293, "resource_land_adj_oof": 298.3319091796875, "resource_opportunity_oof": 1.9563839876889233 }, "geometry": { "type": "Point", "coordinates": [ -77.82, 42.12 ] } },
{ "type": "Feature", "properties": { "latitude": 42.66, "longitude": -76.11, "frac_class_11": 0.0097091358400627752, "frac_class_21": 0.059865196437250759, "frac_class_22": 0.034321619516651344, "frac_class_23": 0.0074838815462003787, "frac_class_24": 0.00089595764989722844, "frac_developed": 0.1025666551499997, "solar_resource_w_m2": 292.43819866054258, "solar_resource_pct": 0.27134986225895319, "solar_screening_pct": 0.27134986225895319, "resource_land_adj_oof": 292.99371337890625, "resource_opportunity_oof": -0.55551471836366773 }, "geometry": { "type": "Point", "coordinates": [ -76.11, 42.66 ] } },
{ "type": "Feature", "properties": { "latitude": 42.66, "longitude": -73.32, "frac_class_11": 0.00049774842038074823, "frac_class_21": 0.029618958944539114, "frac_class_22": 0.0081689299580134569, "frac_class_23": 0.0020788316380607724, "frac_class_24": 0.000427478055150525, "frac_developed": 0.040294198595763872, "solar_resource_w_m2": 300.50100307159266, "solar_resource_pct": 0.79889807162534432, "solar_screening_pct": 0.79889807162534432, "resource_land_adj_oof": 300.20465087890625, "resource_opportunity_oof": 0.29635219268641322 }, "geometry": { "type": "Point", "coordinates": [ -73.32, 42.66 ] } },
{ "type": "Feature", "properties": { "latitude": 44.91, "longitude": -75.03, "frac_class_11": 0.17909938351927301, "frac_class_21": 0.034329514992498415, "frac_class_22": 0.019276577287627012, "frac_class_23": 0.0019553886957201874, "frac_class_24": 0.00018487311304990863, "frac_developed": 0.055746354088895528, "solar_resource_w_m2": 284.84809600203505, "solar_resource_pct": 0.077134986225895319, "solar_screening_pct": 0.077134986225895319, "resource_land_adj_oof": 282.3104248046875, "resource_opportunity_oof": 2.5376711973475494 }, "geometry": { "type": "Point", "coordinates": [ -75.03, 44.91 ] } },
{ "type": "Feature", "properties": { "latitude": 42.39, "longitude": -75.21, "frac_class_11": 0.0069919832286097433, "frac_class_21": 0.059630959143159981, "frac_class_22": 0.023546703988475526, "frac_class_23": 0.0054108814934969874, "frac_class_24": 0.00026351695585212601, "frac_developed": 0.088852061580984618, "solar_resource_w_m2": 294.95725837404689, "solar_resource_pct": 0.43250688705234158, "solar_screening_pct": 0.43250688705234158, "resource_land_adj_oof": 294.60061645507812, "resource_opportunity_oof": 0.35664191896876218 }, "geometry": { "type": "Point", "coordinates": [ -75.21, 42.39 ] } },
{ "type": "Feature", "properties": { "latitude": 42.48, "longitude": -74.4, "frac_class_11": 0.019575808680579954, "frac_class_21": 0.047636614901740329, "frac_class_22": 0.009925514721382896, "frac_class_23": 0.0013995268545194763, "frac_class_24": 8.7836413463565459e-05, "frac_developed": 0.05904949289110626, "solar_resource_w_m2": 302.83239933404877, "solar_resource_pct": 0.87144168962350776, "solar_screening_pct": 0.87144168962350776, "resource_land_adj_oof": 300.74813842773438, "resource_opportunity_oof": 2.0842609063143982 }, "geometry": { "type": "Point", "coordinates": [ -74.4, 42.48 ] } },
{ "type": "Feature", "properties": { "latitude": 42.21, "longitude": -79.17, "frac_class_11": 0.00071449906002377757, "frac_class_21": 0.055607939138735803, "frac_class_22": 0.012878552729444975, "frac_class_23": 0.0013001540272563822, "frac_class_24": 4.0995847706282323e-05, "frac_developed": 0.069827641743143432, "solar_resource_w_m2": 300.11433362098057, "solar_resource_pct": 0.78925619834710747, "solar_screening_pct": 0.78925619834710747, "resource_land_adj_oof": 301.35757446289062, "resource_opportunity_oof": -1.2432408419100511 }, "geometry": { "type": "Point", "coordinates": [ -79.17, 42.21 ] } },
{ "type": "Feature", "properties": { "latitude": 42.3, "longitude": -78.81, "frac_class_11": 0.0019032003045120487, "frac_class_21": 0.053746376599420255, "frac_class_22": 0.021942435510789681, "frac_class_23": 0.0038239686118349777, "frac_class_24": 0.00040406406465025036, "frac_developed": 0.079916844786695168, "solar_resource_w_m2": 296.70246195505212, "solar_resource_pct": 0.57392102846648296, "solar_screening_pct": 0.57392102846648296, "resource_land_adj_oof": 300.830078125, "resource_opportunity_oof": -4.1276161699478848 }, "geometry": { "type": "Point", "coordinates": [ -78.81, 42.3 ] } },
{ "type": "Feature", "properties": { "latitude": 41.85, "longitude": -75.12, "frac_class_11": 0.015473004234285413, "frac_class_21": 0.047631318485027732, "frac_class_22": 0.0058624062219983716, "frac_class_23": 0.00072035560969610361, "frac_class_24": 4.0995847706282323e-05, "frac_developed": 0.054255076164428491, "solar_resource_w_m2": 301.45757532288627, "solar_resource_pct": 0.83930211202938476, "solar_screening_pct": 0.83930211202938476, "resource_land_adj_oof": 301.5830078125, "resource_opportunity_oof": -0.1254324896137291 }, "geometry": { "type": "Point", "coordinates": [ -75.12, 41.85 ] } },
{ "type": "Feature", "properties": { "latitude": 42.3, "longitude": -76.29, "frac_class_11": 0.00096621186391052289, "frac_class_21": 0.04432862915031914, "frac_class_22": 0.0080986121684136561, "frac_class_23": 0.0005153129940856122, "frac_class_24": 1.1711658956491187e-05, "frac_developed": 0.052954265971774897, "solar_resource_w_m2": 294.29194481656839, "solar_resource_pct": 0.37832874196510557, "solar_screening_pct": 0.37832874196510557, "resource_land_adj_oof": 295.65545654296875, "resource_opportunity_oof": -1.3635117264003611 }, "geometry": { "type": "Point", "coordinates": [ -76.29, 42.3 ] } },
{ "type": "Feature", "properties": { "latitude": 44.73, "longitude": -75.3, "frac_class_11": 0.00037476211389254866, "frac_class_21": 0.042998096911140392, "frac_class_22": 0.013684672815107598, "frac_class_23": 0.0019499341238471673, "frac_class_24": 0.00028107158541941149, "frac_developed": 0.058913775435514563, "solar_resource_w_m2": 285.8341607310075, "solar_resource_pct": 0.089072543617998157, "solar_screening_pct": 0.089072543617998157, "resource_land_adj_oof": 283.90484619140625, "resource_opportunity_oof": 1.9293145396012505 }, "geometry": { "type": "Point", "coordinates": [ -75.3, 44.73 ] } },
{ "type": "Feature", "properties": { "latitude": 42.93, "longitude": -73.59, "frac_class_11": 0.032873664178012005, "frac_class_21": 0.059066022544283413, "frac_class_22": 0.041903088859610596, "frac_class_23": 0.010124432733128385, "frac_class_24": 0.0010657297613819352, "frac_developed": 0.11215927389840431, "solar_resource_w_m2": 298.97965276227126, "solar_resource_pct": 0.74563820018365468, "solar_screening_pct": 0.74563820018365468, "resource_land_adj_oof": 298.6185302734375, "resource_opportunity_oof": 0.36112248883375742 }, "geometry": { "type": "Point", "coordinates": [ -73.59, 42.93 ] } },
{ "type": "Feature", "properties": { "latitude": 42.93, "longitude": -75.75, "frac_class_11": 0.0095685374309004024, "frac_class_21": 0.050758924388644246, "frac_class_22": 0.020940691464442988, "frac_class_23": 0.0044270589337580815, "frac_class_24": 0.00043333645647896562, "frac_developed": 0.076560011243324289, "solar_resource_w_m2": 291.07043145519856, "solar_resource_pct": 0.20890725436179983, "solar_screening_pct": 0.20890725436179983, "resource_land_adj_oof": 291.60894775390625, "resource_opportunity_oof": -0.53851629870769102 }, "geometry": { "type": "Point", "coordinates": [ -75.75, 42.93 ] } },
{ "type": "Feature", "properties": { "latitude": 43.2, "longitude": -73.59, "frac_class_11": 0.022514609610137137, "frac_class_21": 0.056629074002506177, "frac_class_22": 0.036884141985501648, "frac_class_23": 0.0061717551441052123, "frac_class_24": 0.00072023328531778093, "frac_developed": 0.10040520441743082, "solar_resource_w_m2": 297.62752318266803, "solar_resource_pct": 0.66115702479338845, "solar_screening_pct": 0.66115702479338845, "resource_land_adj_oof": 295.38302612304688, "resource_opportunity_oof": 2.2444970596211533 }, "geometry": { "type": "Point", "coordinates": [ -73.59, 43.2 ] } },
{ "type": "Feature", "properties": { "latitude": 42.12, "longitude": -79.08, "frac_class_11": 0.0011770148327292106, "frac_class_21": 0.049504892516879333, "frac_class_22": 0.024658753535436343, "frac_class_23": 0.0035778908596892913, "frac_class_24": 0.00022252021713288557, "frac_developed": 0.077964057129137856, "solar_resource_w_m2": 299.84890743177033, "solar_resource_pct": 0.78328741965105597, "solar_screening_pct": 0.78328741965105597, "resource_land_adj_oof": 303.07827758789062, "resource_opportunity_oof": -3.2293701561202965 }, "geometry": { "type": "Point", "coordinates": [ -79.08, 42.12 ] } },
{ "type": "Feature", "properties": { "latitude": 44.91, "longitude": -74.31, "frac_class_11": 0.00087843100510075602, "frac_class_21": 0.051739586200434527, "frac_class_22": 0.038205892515182215, "frac_class_23": 0.013920203327496647, "frac_class_24": 0.0036542729812191451, "frac_developed": 0.10751995502433254, "solar_resource_w_m2": 280.2604700854701, "solar_resource_pct": 0.0087235996326905426, "solar_screening_pct": 0.0087235996326905426, "resource_land_adj_oof": 287.10458374023438, "resource_opportunity_oof": -6.8441136547642714 }, "geometry": { "type": "Point", "coordinates": [ -74.31, 44.91 ] } },
{ "type": "Feature", "properties": { "latitude": 42.12, "longitude": -76.38, "frac_class_11": 0.006552865048458408, "frac_class_21": 0.05361754457880713, "frac_class_22": 0.01016601762656282, "frac_class_23": 0.0018973443035750885, "frac_class_24": 0.00035136005621760902, "frac_developed": 0.066032266565162645, "solar_resource_w_m2": 296.10226972892281, "solar_resource_pct": 0.52203856749311295, "solar_screening_pct": 0.52203856749311295, "resource_land_adj_oof": 297.22860717773438, "resource_opportunity_oof": -1.1263374488115687 }, "geometry": { "type": "Point", "coordinates": [ -76.38, 42.12 ] } },
{ "type": "Feature", "properties": { "latitude": 41.94, "longitude": -75.21, "frac_class_11": 0.01894946419160274, "frac_class_21": 0.04102594132458863, "frac_class_22": 0.016179656848392576, "frac_class_23": 0.0068454646600690991, "frac_class_24": 0.00064999707208526086, "frac_developed": 0.064701059905135583, "solar_resource_w_m2": 299.26038684344962, "solar_resource_pct": 0.76216712580348944, "solar_screening_pct": 0.76216712580348944, "resource_land_adj_oof": 300.68414306640625, "resource_opportunity_oof": -1.4237562229566265 }, "geometry": { "type": "Point", "coordinates": [ -75.21, 41.94 ] } },
{ "type": "Feature", "properties": { "latitude": 42.03, "longitude": -79.17, "frac_class_11": 0.0037245474616272056, "frac_class_21": 0.062637986870384577, "frac_class_22": 0.022722081998606224, "frac_class_23": 0.0042340374445856439, "frac_class_24": 0.00063832653037321609, "frac_developed": 0.090232432843949661, "solar_resource_w_m2": 300.15798882479237, "solar_resource_pct": 0.7910927456382002, "solar_screening_pct": 0.7910927456382002, "resource_land_adj_oof": 308.64447021484375, "resource_opportunity_oof": -8.4864813900513809 }, "geometry": { "type": "Point", "coordinates": [ -79.17, 42.03 ] } },
{ "type": "Feature", "properties": { "latitude": 42.75, "longitude": -77.73, "frac_class_11": 0.066852889677506258, "frac_class_21": 0.052001897366525537, "frac_class_22": 0.042796156075964931, "frac_class_23": 0.0054695689347223934, "frac_class_24": 0.00073786475993042986, "frac_developed": 0.10100548713714329, "solar_resource_w_m2": 294.64792105222102, "solar_resource_pct": 0.41414141414141414, "solar_screening_pct": 0.41414141414141414, "resource_land_adj_oof": 295.59814453125, "resource_opportunity_oof": -0.95022347902897764 }, "geometry": { "type": "Point", "coordinates": [ -77.73, 42.75 ] } },
{ "type": "Feature", "properties": { "latitude": 42.75, "longitude": -75.84, "frac_class_11": 0.0014990835680531239, "frac_class_21": 0.042284697050435964, "frac_class_22": 0.012466987954629298, "frac_class_23": 0.0017567385563122544, "frac_class_24": 6.4413747064782657e-05, "frac_developed": 0.0565728373084423, "solar_resource_w_m2": 292.50911028980704, "solar_resource_pct": 0.27548209366391185, "solar_screening_pct": 0.27548209366391185, "resource_land_adj_oof": 291.66043090820312, "resource_opportunity_oof": 0.84867938160391532 }, "geometry": { "type": "Point", "coordinates": [ -75.84, 42.75 ] } },
{ "type": "Feature", "properties": { "latitude": 42.21, "longitude": -73.68, "frac_class_11": 0.0066875530700084909, "frac_class_21": 0.067021930723508913, "frac_class_22": 0.02888179662108746, "frac_class_23": 0.0048019207683073226, "frac_class_24": 0.0006675841068134571, "frac_developed": 0.10137323221971715, "solar_resource_w_m2": 300.96888353545171, "solar_resource_pct": 0.81910009182736454, "solar_screening_pct": 0.81910009182736454, "resource_land_adj_oof": 304.82696533203125, "resource_opportunity_oof": -3.8580817965795404 }, "geometry": { "type": "Point", "coordinates": [ -73.68, 42.21 ] } },
{ "type": "Feature", "properties": { "latitude": 44.91, "longitude": -73.68, "frac_class_11": 0.0034083721801869333, "frac_class_21": 0.036754198973974563, "frac_class_22": 0.019776757478507344, "frac_class_23": 0.0028051722926280775, "frac_class_24": 0.000304528098573403, "frac_developed": 0.059640656843683387, "solar_resource_w_m2": 284.21002987978522, "solar_resource_pct": 0.05876951331496786, "solar_screening_pct": 0.05876951331496786, "resource_land_adj_oof": 285.12368774414062, "resource_opportunity_oof": -0.91365786435540031 }, "geometry": { "type": "Point", "coordinates": [ -73.68, 44.91 ] } },
{ "type": "Feature", "properties": { "latitude": 42.75, "longitude": -77.91, "frac_class_11": 0.009639485581765795, "frac_class_21": 0.050282274122139189, "frac_class_22": 0.049626367448288786, "frac_class_23": 0.010986436786994307, "frac_class_24": 0.0025299257419944248, "frac_developed": 0.11342500409941671, "solar_resource_w_m2": 295.45682608152066, "solar_resource_pct": 0.47107438016528924, "solar_screening_pct": 0.47107438016528924, "resource_land_adj_oof": 295.48898315429688, "resource_opportunity_oof": -0.032157072776215045 }, "geometry": { "type": "Point", "coordinates": [ -77.91, 42.75 ] } },
{ "type": "Feature", "properties": { "latitude": 42.57, "longitude": -74.31, "frac_class_11": 0.0059031600646536576, "frac_class_21": 0.047980744454074818, "frac_class_22": 0.020608353439996251, "frac_class_23": 0.0036777624212326362, "frac_class_24": 0.00049778631497575485, "frac_developed": 0.072764646630279456, "solar_resource_w_m2": 302.38515350638289, "solar_resource_pct": 0.8608815426997245, "solar_screening_pct": 0.8608815426997245, "resource_land_adj_oof": 300.02230834960938, "resource_opportunity_oof": 2.3628451567735169 }, "geometry": { "type": "Point", "coordinates": [ -74.31, 42.57 ] } },
{ "type": "Feature", "properties": { "latitude": 42.21, "longitude": -74.22, "frac_class_11": 0.0022543755379759805, "frac_class_21": 0.04273359136662002, "frac_class_22": 0.01684047804472447, "frac_class_23": 0.0044794734715626625, "frac_class_24": 0.0004274530240837574, "frac_developed": 0.064480995906990912, "solar_resource_w_m2": 305.15479806353079, "solar_resource_pct": 0.92194674012855826, "solar_screening_pct": 0.92194674012855826, "resource_land_adj_oof": 301.83740234375, "resource_opportunity_oof": 3.3173957197807908 }, "geometry": { "type": "Point", "coordinates": [ -74.22, 42.21 ] } },
{ "type": "Feature", "properties": { "latitude": 42.39, "longitude": -76.83, "frac_class_11": 0.075600529379384648, "frac_class_21": 0.066880995045852223, "frac_class_22": 0.041846737640982394, "frac_class_23": 0.013825937247461438, "frac_class_24": 0.0036658351194031598, "frac_developed": 0.12621950505369919, "solar_resource_w_m2": 295.65444554593466, "solar_resource_pct": 0.49219467401285583, "solar_screening_pct": 0.49219467401285583, "resource_land_adj_oof": 294.542724609375, "resource_opportunity_oof": 1.1117209365596636 }, "geometry": { "type": "Point", "coordinates": [ -76.83, 42.39 ] } },
{ "type": "Feature", "properties": { "latitude": 43.02, "longitude": -76.38, "frac_class_11": 0.00089595764989722844, "frac_class_21": 0.095990443118401103, "frac_class_22": 0.054799814952537669, "frac_class_23": 0.011618169786902622, "frac_class_24": 0.0017099322468626843, "frac_developed": 0.16411836010470407, "solar_resource_w_m2": 290.19027526468665, "solar_resource_pct": 0.18089990817263543, "solar_screening_pct": 0.18089990817263543, "resource_land_adj_oof": 292.36016845703125, "resource_opportunity_oof": -2.1698931923446025 }, "geometry": { "type": "Point", "coordinates": [ -76.38, 43.02 ] } },
{ "type": "Feature", "properties": { "latitude": 42.84, "longitude": -78.54, "frac_class_11": 0.0035488404778636685, "frac_class_21": 0.080463808854532679, "frac_class_22": 0.069975404075895989, "frac_class_23": 0.0078355586788475054, "frac_class_24": 0.00084328882642304987, "frac_developed": 0.1591180604356992, "solar_resource_w_m2": 295.04225457227477, "solar_resource_pct": 0.4398530762167126, "solar_screening_pct": 0.4398530762167126, "resource_land_adj_oof": 295.81893920898438, "resource_opportunity_oof": -0.77668463670960364 }, "geometry": { "type": "Point", "coordinates": [ -78.54, 42.84 ] } },
{ "type": "Feature", "properties": { "latitude": 44.46, "longitude": -75.12, "frac_class_11": 0.0077999191900264093, "frac_class_21": 0.037781590551088887, "frac_class_22": 0.0097498989875330119, "frac_class_23": 0.00047431941020430868, "frac_class_24": 1.7567385563122543e-05, "frac_developed": 0.048023376334389328, "solar_resource_w_m2": 280.70461085236803, "solar_resource_pct": 0.015610651974288337, "solar_screening_pct": 0.015610651974288337, "resource_land_adj_oof": 284.38543701171875, "resource_opportunity_oof": -3.6808261593507154 }, "geometry": { "type": "Point", "coordinates": [ -75.12, 44.46 ] } },
{ "type": "Feature", "properties": { "latitude": 42.3, "longitude": -77.19, "frac_class_11": 0.0040346428843304775, "frac_class_21": 0.045675202464118617, "frac_class_22": 0.030350586457888049, "frac_class_23": 0.0048076078491078693, "frac_class_24": 9.3692723003320242e-05, "frac_developed": 0.080927089494117851, "solar_resource_w_m2": 297.67329506368475, "solar_resource_pct": 0.66253443526170797, "solar_screening_pct": 0.66253443526170797, "resource_land_adj_oof": 295.28460693359375, "resource_opportunity_oof": 2.3886881300909977 }, "geometry": { "type": "Point", "coordinates": [ -77.19, 42.3 ] } },
{ "type": "Feature", "properties": { "latitude": 42.21, "longitude": -77.55, "frac_class_11": 0.00062659210025473608, "frac_class_21": 0.037618950019032003, "frac_class_22": 0.015576962492313998, "frac_class_23": 0.0010013761602201856, "frac_class_24": 1.756800281088045e-05, "frac_developed": 0.054214856674377067, "solar_resource_w_m2": 299.32615743425396, "solar_resource_pct": 0.76629935720844811, "solar_screening_pct": 0.76629935720844811, "resource_land_adj_oof": 297.73281860351562, "resource_opportunity_oof": 1.5933388307383325 }, "geometry": { "type": "Point", "coordinates": [ -77.55, 42.21 ] } },
{ "type": "Feature", "properties": { "latitude": 42.39, "longitude": -73.86, "frac_class_11": 0.03784369418172235, "frac_class_21": 0.072308277942080765, "frac_class_22": 0.037820268806184297, "frac_class_23": 0.014681854118473836, "frac_class_24": 0.0039120377148546166, "frac_developed": 0.12872243858159352, "solar_resource_w_m2": 300.34952520146794, "solar_resource_pct": 0.79430670339761245, "solar_screening_pct": 0.79430670339761245, "resource_land_adj_oof": 302.74526977539062, "resource_opportunity_oof": -2.3957445739226841 }, "geometry": { "type": "Point", "coordinates": [ -73.86, 42.39 ] } },
{ "type": "Feature", "properties": { "latitude": 42.66, "longitude": -77.64, "frac_class_11": 0.021362441221079016, "frac_class_21": 0.058986806584410335, "frac_class_22": 0.020144407291806964, "frac_class_23": 0.0010482118910562345, "frac_class_24": 8.1983052931772535e-05, "frac_developed": 0.080261408820205313, "solar_resource_w_m2": 295.90164798877146, "solar_resource_pct": 0.50780532598714412, "solar_screening_pct": 0.50780532598714412, "resource_land_adj_oof": 295.18353271484375, "resource_opportunity_oof": 0.71811527392770813 }, "geometry": { "type": "Point", "coordinates": [ -77.64, 42.66 ] } },
{ "type": "Feature", "properties": { "latitude": 42.3, "longitude": -76.65, "frac_class_11": 0.0005738847311525713, "frac_class_21": 0.036576367661009801, "frac_class_22": 0.012379513486291183, "frac_class_23": 0.0023599545576988394, "frac_class_24": 0.00043334153168663554, "frac_developed": 0.051749177236686462, "solar_resource_w_m2": 295.19991909277047, "solar_resource_pct": 0.45500459136822774, "solar_screening_pct": 0.45500459136822774, "resource_land_adj_oof": 295.25991821289062, "resource_opportunity_oof": -0.059999120120153293 }, "geometry": { "type": "Point", "coordinates": [ -76.65, 42.3 ] } },
{ "type": "Feature", "properties": { "latitude": 44.64, "longitude": -75.03, "frac_class_11": 0.018153390292035346, "frac_class_21": 0.069527484818495383, "frac_class_22": 0.035932000913525448, "frac_class_23": 0.014516856301276007, "frac_class_24": 0.0047198814759291897, "frac_developed": 0.12469622350922603, "solar_resource_w_m2": 282.82274904534779, "solar_resource_pct": 0.03948576675849403, "solar_screening_pct": 0.03948576675849403, "resource_land_adj_oof": 283.68118286132812, "resource_opportunity_oof": -0.85843381598033375 }, "geometry": { "type": "Point", "coordinates": [ -75.03, 44.64 ] } },
{ "type": "Feature", "properties": { "latitude": 42.66, "longitude": -73.5, "frac_class_11": 0.012449785086024149, "frac_class_21": 0.061446657999836035, "frac_class_22": 0.022469344014616494, "frac_class_23": 0.0038298021854467519, "frac_class_24": 0.00056217279786374339, "frac_developed": 0.088307976997763021, "solar_resource_w_m2": 297.19817078345716, "solar_resource_pct": 0.6267217630853994, "solar_screening_pct": 0.6267217630853994, "resource_land_adj_oof": 300.24758911132812, "resource_opportunity_oof": -3.049418327870967 }, "geometry": { "type": "Point", "coordinates": [ -73.5, 42.66 ] } },
{ "type": "Feature", "properties": { "latitude": 42.21, "longitude": -75.12, "frac_class_11": 0.001809440713001622, "frac_class_21": 0.059787668866493726, "frac_class_22": 0.017303874779675706, "frac_class_23": 0.0038414016431361298, "frac_class_24": 0.0015693531103056139, "frac_developed": 0.082502298399611179, "solar_resource_w_m2": 297.78877974390792, "solar_resource_pct": 0.67217630853994492, "solar_screening_pct": 0.67217630853994492, "resource_land_adj_oof": 296.92190551757812, "resource_opportunity_oof": 0.8668742263297986 }, "geometry": { "type": "Point", "coordinates": [ -75.12, 42.21 ] } },
{ "type": "Feature", "properties": { "latitude": 42.3, "longitude": -75.75, "frac_class_11": 0.0071740212585283004, "frac_class_21": 0.059324763550115664, "frac_class_22": 0.025381394395478901, "frac_class_23": 0.0044215396328072384, "frac_class_24": 0.00092530233375303793, "frac_developed": 0.090052999912154846, "solar_resource_w_m2": 294.45931072014884, "solar_resource_pct": 0.39761248852157943, "solar_screening_pct": 0.39761248852157943, "resource_land_adj_oof": 294.88436889648438, "resource_opportunity_oof": -0.42505817633553988 }, "geometry": { "type": "Point", "coordinates": [ -75.75, 42.3 ] } },
{ "type": "Feature", "properties": { "latitude": 44.28, "longitude": -76.02, "frac_class_11": 0.29370594842803005, "frac_class_21": 0.050109241726636465, "frac_class_22": 0.041641464950069741, "frac_class_23": 0.01302260131090072, "frac_class_24": 0.0023453026057546318, "frac_developed": 0.10711861059336156, "solar_resource_w_m2": 292.19130240004915, "solar_resource_pct": 0.256198347107438, "solar_screening_pct": 0.256198347107438, "resource_land_adj_oof": 291.94488525390625, "resource_opportunity_oof": 0.24641714614290322 }, "geometry": { "type": "Point", "coordinates": [ -76.02, 44.28 ] } },
{ "type": "Feature", "properties": { "latitude": 42.39, "longitude": -79.44, "frac_class_11": 0.24092335800618384, "frac_class_21": 0.062002248664855243, "frac_class_22": 0.038760189262625318, "frac_class_23": 0.0047374215309659885, "frac_class_24": 0.0005328867235079172, "frac_developed": 0.10603274618195446, "solar_resource_w_m2": 313.83975595378269, "solar_resource_pct": 1.0, "solar_screening_pct": 1.0, "resource_land_adj_oof": 310.1629638671875, "resource_opportunity_oof": 3.6767920865951851 }, "geometry": { "type": "Point", "coordinates": [ -79.44, 42.39 ] } },
{ "type": "Feature", "properties": { "latitude": 42.66, "longitude": -78.81, "frac_class_11": 0.0014346698209883411, "frac_class_21": 0.095390903607755415, "frac_class_22": 0.079351880588624538, "frac_class_23": 0.013854811414115979, "frac_class_24": 0.0022661927376428082, "frac_developed": 0.19086378834813875, "solar_resource_w_m2": 303.88231726800046, "solar_resource_pct": 0.89485766758494034, "solar_screening_pct": 0.89485766758494034, "resource_land_adj_oof": 299.05770874023438, "resource_opportunity_oof": 4.8246085277660882 }, "geometry": { "type": "Point", "coordinates": [ -78.81, 42.66 ] } },
{ "type": "Feature", "properties": { "latitude": 43.65, "longitude": -76.11, "frac_class_11": 0.060457899051411169, "frac_class_21": 0.063977046492563527, "frac_class_22": 0.032052933598782057, "frac_class_23": 0.0053226373111605572, "frac_class_24": 0.0010715540461412342, "frac_developed": 0.10242417144864738, "solar_resource_w_m2": 297.25423988001421, "solar_resource_pct": 0.62947658402203854, "solar_screening_pct": 0.62947658402203854, "resource_land_adj_oof": 295.22705078125, "resource_opportunity_oof": 2.0271890987642109 }, "geometry": { "type": "Point", "coordinates": [ -76.11, 43.65 ] } },
{ "type": "Feature", "properties": { "latitude": 43.47, "longitude": -76.29, "frac_class_11": 0.072603878765166066, "frac_class_21": 0.070226495526303459, "frac_class_22": 0.024722443434674661, "frac_class_23": 0.0040462360050592585, "frac_class_24": 0.00072609734388907107, "frac_developed": 0.099721272309926431, "solar_resource_w_m2": 297.06127370823401, "solar_resource_pct": 0.61294765840220389, "solar_screening_pct": 0.61294765840220389, "resource_land_adj_oof": 290.54244995117188, "resource_opportunity_oof": 6.5188237570621368 }, "geometry": { "type": "Point", "coordinates": [ -76.29, 43.47 ] } },
{ "type": "Feature", "properties": { "latitude": 42.21, "longitude": -74.4, "frac_class_11": 0.0010423376471277157, "frac_class_21": 0.028043567371318148, "frac_class_22": 0.007559875856415061, "frac_class_23": 0.00091350939860631263, "frac_class_24": 0.0, "frac_developed": 0.03651695262633952, "solar_resource_w_m2": 304.67909647518553, "solar_resource_pct": 0.91322314049586772, "solar_screening_pct": 0.91322314049586772, "resource_land_adj_oof": 301.54995727539062, "resource_opportunity_oof": 3.1291391997949063 }, "geometry": { "type": "Point", "coordinates": [ -74.4, 42.21 ] } },
{ "type": "Feature", "properties": { "latitude": 43.02, "longitude": -73.5, "frac_class_11": 0.0015167664179716325, "frac_class_21": 0.057356024315112615, "frac_class_22": 0.016280349968961924, "frac_class_23": 0.0025533210742688483, "frac_class_24": 0.00024010588083720822, "frac_developed": 0.076429801239180611, "solar_resource_w_m2": 298.65597302941137, "solar_resource_pct": 0.73094582185491275, "solar_screening_pct": 0.73094582185491275, "resource_land_adj_oof": 296.71145629882812, "resource_opportunity_oof": 1.9445167305832456 }, "geometry": { "type": "Point", "coordinates": [ -73.5, 43.02 ] } },
{ "type": "Feature", "properties": { "latitude": 41.31, "longitude": -74.4, "frac_class_11": 0.0038589012378933561, "frac_class_21": 0.096712614332392519, "frac_class_22": 0.064412615503530987, "frac_class_23": 0.016981507723658168, "frac_class_24": 0.0043624907772845988, "frac_developed": 0.18246922833686627, "solar_resource_w_m2": 309.50098744729479, "solar_resource_pct": 0.99081726354453625, "solar_screening_pct": 0.99081726354453625, "resource_land_adj_oof": 306.68341064453125, "resource_opportunity_oof": 2.8175768027635399 }, "geometry": { "type": "Point", "coordinates": [ -74.4, 41.31 ] } },
{ "type": "Feature", "properties": { "latitude": 43.83, "longitude": -76.02, "frac_class_11": 0.0018153390292035346, "frac_class_21": 0.055367840390707808, "frac_class_22": 0.038649153524978483, "frac_class_23": 0.0087663307313473916, "frac_class_24": 0.0015401102086468697, "frac_developed": 0.10432343485568056, "solar_resource_w_m2": 294.80156468774157, "solar_resource_pct": 0.42378328741965104, "solar_screening_pct": 0.42378328741965104, "resource_land_adj_oof": 291.09320068359375, "resource_opportunity_oof": 3.7083640041478247 }, "geometry": { "type": "Point", "coordinates": [ -76.02, 43.83 ] } },
{ "type": "Feature", "properties": { "latitude": 43.02, "longitude": -75.57, "frac_class_11": 0.0012004239546064073, "frac_class_21": 0.063300404630708601, "frac_class_22": 0.048590819391824233, "frac_class_23": 0.0087543112787150188, "frac_class_24": 0.0017801408887821845, "frac_developed": 0.12242567619003004, "solar_resource_w_m2": 289.9834277270287, "solar_resource_pct": 0.17447199265381083, "solar_screening_pct": 0.17447199265381083, "resource_land_adj_oof": 289.99319458007812, "resource_opportunity_oof": -0.0097668530494274819 }, "geometry": { "type": "Point", "coordinates": [ -75.57, 43.02 ] } },
{ "type": "Feature", "properties": { "latitude": 41.76, "longitude": -74.85, "frac_class_11": 0.017695694945425586, "frac_class_21": 0.082365203541481233, "frac_class_22": 0.021144657328898673, "frac_class_23": 0.0043038834496650583, "frac_class_24": 0.00029278118705204479, "frac_developed": 0.10810652550709701, "solar_resource_w_m2": 304.92179362897735, "solar_resource_pct": 0.91643709825528008, "solar_screening_pct": 0.91643709825528008, "resource_land_adj_oof": 302.997314453125, "resource_opportunity_oof": 1.9244791758523547 }, "geometry": { "type": "Point", "coordinates": [ -74.85, 41.76 ] } },
{ "type": "Feature", "properties": { "latitude": 42.12, "longitude": -77.73, "frac_class_11": 0.001059849278892604, "frac_class_21": 0.055615737297911333, "frac_class_22": 0.015944583350411937, "frac_class_23": 0.002037721265495172, "frac_class_24": 0.00015809906370221164, "frac_developed": 0.073756140977520646, "solar_resource_w_m2": 300.28829316737642, "solar_resource_pct": 0.79292929292929293, "solar_screening_pct": 0.79292929292929293, "resource_land_adj_oof": 298.66372680664062, "resource_opportunity_oof": 1.6245663607357983 }, "geometry": { "type": "Point", "coordinates": [ -77.73, 42.12 ] } },
{ "type": "Feature", "properties": { "latitude": 42.48, "longitude": -77.37, "frac_class_11": 0.00020494803103498756, "frac_class_21": 0.045638998682476943, "frac_class_22": 0.015212999560825648, "frac_class_23": 0.00052115356463182546, "frac_class_24": 3.5133948177426437e-05, "frac_developed": 0.06140828575611184, "solar_resource_w_m2": 296.50199729054333, "solar_resource_pct": 0.54499540863177232, "solar_screening_pct": 0.54499540863177232, "resource_land_adj_oof": 295.36807250976562, "resource_opportunity_oof": 1.1339247807777042 }, "geometry": { "type": "Point", "coordinates": [ -77.37, 42.48 ] } },
{ "type": "Feature", "properties": { "latitude": 42.48, "longitude": -73.86, "frac_class_11": 0.034999882884782049, "frac_class_21": 0.06997634272597382, "frac_class_22": 0.039871875951561143, "frac_class_23": 0.017707820954254796, "frac_class_24": 0.0061544047033471527, "frac_developed": 0.13371044433513693, "solar_resource_w_m2": 299.45952709581161, "solar_resource_pct": 0.77043158861340677, "solar_screening_pct": 0.77043158861340677, "resource_land_adj_oof": 302.84121704101562, "resource_opportunity_oof": -3.3816899452040161 }, "geometry": { "type": "Point", "coordinates": [ -73.86, 42.48 ] } },
{ "type": "Feature", "properties": { "latitude": 43.2, "longitude": -76.74, "frac_class_11": 0.005633637854298431, "frac_class_21": 0.065360740220192087, "frac_class_22": 0.030803466854064182, "frac_class_23": 0.0059323026469899273, "frac_class_24": 0.0011126727570859687, "frac_developed": 0.10320918247833218, "solar_resource_w_m2": 292.75807563739374, "solar_resource_pct": 0.29338842975206614, "solar_screening_pct": 0.29338842975206614, "resource_land_adj_oof": 292.39483642578125, "resource_opportunity_oof": 0.36323921161249473 }, "geometry": { "type": "Point", "coordinates": [ -76.74, 43.2 ] } },
{ "type": "Feature", "properties": { "latitude": 43.2, "longitude": -77.28, "frac_class_11": 0.0016571900381212267, "frac_class_21": 0.083181570641385247, "frac_class_22": 0.054564299559058622, "frac_class_23": 0.012654373400635939, "frac_class_24": 0.0017040363996228868, "frac_developed": 0.1521042800007027, "solar_resource_w_m2": 297.30438749400736, "solar_resource_pct": 0.63406795224977042, "solar_screening_pct": 0.63406795224977042, "resource_land_adj_oof": 295.041748046875, "resource_opportunity_oof": 2.2626394471323579 }, "geometry": { "type": "Point", "coordinates": [ -77.28, 43.2 ] } },
{ "type": "Feature", "properties": { "latitude": 43.02, "longitude": -75.48, "frac_class_11": 0.00040991526465886265, "frac_class_21": 0.055525950564219079, "frac_class_22": 0.035961280575286796, "frac_class_23": 0.0048779916494404657, "frac_class_24": 0.00084911019107907263, "frac_developed": 0.097214332980025422, "solar_resource_w_m2": 289.56387814312103, "solar_resource_pct": 0.16069788797061524, "solar_screening_pct": 0.16069788797061524, "resource_land_adj_oof": 291.00540161132812, "resource_opportunity_oof": -1.4415234682070945 }, "geometry": { "type": "Point", "coordinates": [ -75.48, 43.02 ] } },
{ "type": "Feature", "properties": { "latitude": 42.57, "longitude": -76.74, "frac_class_11": 0.010166791604197901, "frac_class_21": 0.05500374812593703, "frac_class_22": 0.030886900299850074, "frac_class_23": 0.002547554347826087, "frac_class_24": 0.0002811094452773613, "frac_developed": 0.088719312218890539, "solar_resource_w_m2": 294.39024030314039, "solar_resource_pct": 0.38842975206611569, "solar_screening_pct": 0.38842975206611569, "resource_land_adj_oof": 294.4833984375, "resource_opportunity_oof": -0.093158134359612177 }, "geometry": { "type": "Point", "coordinates": [ -76.74, 42.57 ] } },
{ "type": "Feature", "properties": { "latitude": 43.38, "longitude": -75.84, "frac_class_11": 0.0032619453375264265, "frac_class_21": 0.046510538367387576, "frac_class_22": 0.012608560703221538, "frac_class_23": 0.0010131356254794825, "frac_class_24": 0.00025181983754692339, "frac_developed": 0.060384054533635517, "solar_resource_w_m2": 286.79397831994203, "solar_resource_pct": 0.10284664830119375, "solar_screening_pct": 0.10284664830119375, "resource_land_adj_oof": 285.63583374023438, "resource_opportunity_oof": 1.1581445797076526 }, "geometry": { "type": "Point", "coordinates": [ -75.84, 43.38 ] } },
{ "type": "Feature", "properties": { "latitude": 42.3, "longitude": -73.86, "frac_class_11": 0.070357379180305796, "frac_class_21": 0.084592817281622754, "frac_class_22": 0.045517095994050509, "frac_class_23": 0.014575074222204004, "frac_class_24": 0.0034959097270613861, "frac_developed": 0.14818089722493863, "solar_resource_w_m2": 301.03326066104455, "solar_resource_pct": 0.8232323232323232, "solar_screening_pct": 0.8232323232323232, "resource_land_adj_oof": 303.6365966796875, "resource_opportunity_oof": -2.6033360186429491 }, "geometry": { "type": "Point", "coordinates": [ -73.86, 42.3 ] } },
{ "type": "Feature", "properties": { "latitude": 43.11, "longitude": -76.83, "frac_class_11": 0.012439238653001464, "frac_class_21": 0.048843338213762813, "frac_class_22": 0.037440702781844803, "frac_class_23": 0.005815519765739385, "frac_class_24": 0.0011478770131771595, "frac_developed": 0.093247437774524156, "solar_resource_w_m2": 292.03646534636067, "solar_resource_pct": 0.2502295684113866, "solar_screening_pct": 0.2502295684113866, "resource_land_adj_oof": 289.98779296875, "resource_opportunity_oof": 2.0486723776106714 }, "geometry": { "type": "Point", "coordinates": [ -76.83, 43.11 ] } },
{ "type": "Feature", "properties": { "latitude": 42.84, "longitude": -77.91, "frac_class_11": 0.0053521968015646688, "frac_class_21": 0.035093780559931134, "frac_class_22": 0.043256759051595414, "frac_class_23": 0.0069683962733719422, "frac_class_24": 0.0011301684712275504, "frac_developed": 0.08644910435612603, "solar_resource_w_m2": 295.26105708800509, "solar_resource_pct": 0.46189164370982555, "solar_screening_pct": 0.46189164370982555, "resource_land_adj_oof": 295.98587036132812, "resource_opportunity_oof": -0.72481327332303636 }, "geometry": { "type": "Point", "coordinates": [ -77.91, 42.84 ] } },
{ "type": "Feature", "properties": { "latitude": 42.03, "longitude": -75.39, "frac_class_11": 0.041336784409257005, "frac_class_21": 0.051760282956994287, "frac_class_22": 0.020191136512695586, "frac_class_23": 0.0085144757800056214, "frac_class_24": 0.0009076641993816172, "frac_developed": 0.081373559449077107, "solar_resource_w_m2": 297.16271278610441, "solar_resource_pct": 0.62075298438934801, "solar_screening_pct": 0.62075298438934801, "resource_land_adj_oof": 297.52102661132812, "resource_opportunity_oof": -0.35831382522371769 }, "geometry": { "type": "Point", "coordinates": [ -75.39, 42.03 ] } },
{ "type": "Feature", "properties": { "latitude": 43.92, "longitude": -73.5, "frac_class_11": 0.0079641146364030305, "frac_class_21": 0.038573252286754976, "frac_class_22": 0.016361570804492697, "frac_class_23": 0.002605905156764227, "frac_class_24": 7.6127566377381909e-05, "frac_developed": 0.05761685581438928, "solar_resource_w_m2": 284.68712475406716, "solar_resource_pct": 0.069788797061524341, "solar_screening_pct": 0.069788797061524341, "resource_land_adj_oof": 288.75228881835938, "resource_opportunity_oof": -4.0651640642922189 }, "geometry": { "type": "Point", "coordinates": [ -73.5, 43.92 ] } },
{ "type": "Feature", "properties": { "latitude": 43.83, "longitude": -75.93, "frac_class_11": 0.0016688527661966553, "frac_class_21": 0.042599662716072517, "frac_class_22": 0.016091254040380382, "frac_class_23": 0.003308427413688106, "frac_class_24": 0.00036890429568557642, "frac_developed": 0.06236824846582658, "solar_resource_w_m2": 294.80156468774157, "solar_resource_pct": 0.42378328741965104, "solar_screening_pct": 0.42378328741965104, "resource_land_adj_oof": 287.77645874023438, "resource_opportunity_oof": 7.0251059475071997 }, "geometry": { "type": "Point", "coordinates": [ -75.93, 43.83 ] } },
{ "type": "Feature", "properties": { "latitude": 43.11, "longitude": -73.41, "frac_class_11": 0.0097912335665973713, "frac_class_21": 0.056592393054782891, "frac_class_22": 0.02025590724094516, "frac_class_23": 0.0023716803794688606, "frac_class_24": 0.00016982402717184434, "frac_developed": 0.079389804702368755, "solar_resource_w_m2": 297.58582820338421, "solar_resource_pct": 0.65702479338842978, "solar_screening_pct": 0.65702479338842978, "resource_land_adj_oof": 294.787109375, "resource_opportunity_oof": 2.7987188283842102 }, "geometry": { "type": "Point", "coordinates": [ -73.41, 43.11 ] } },
{ "type": "Feature", "properties": { "latitude": 43.2, "longitude": -78.9, "frac_class_11": 0.0050945418133055377, "frac_class_21": 0.035890168705459358, "frac_class_22": 0.069443875131023416, "frac_class_23": 0.011547628110159219, "frac_class_24": 0.0019031334360049422, "frac_developed": 0.11878480538264694, "solar_resource_w_m2": 302.99402380306384, "solar_resource_pct": 0.8801652892561983, "solar_screening_pct": 0.8801652892561983, "resource_land_adj_oof": 300.8033447265625, "resource_opportunity_oof": 2.1906790765013398 }, "geometry": { "type": "Point", "coordinates": [ -78.9, 43.2 ] } },
{ "type": "Feature", "properties": { "latitude": 43.29, "longitude": -76.11, "frac_class_11": 0.061578099838969405, "frac_class_21": 0.08131752305665349, "frac_class_22": 0.055125164690382082, "frac_class_23": 0.018070560679256331, "frac_class_24": 0.0039467135119309032, "frac_developed": 0.15845996193822282, "solar_resource_w_m2": 289.69854988523423, "solar_resource_pct": 0.16666666666666666, "solar_screening_pct": 0.16666666666666666, "resource_land_adj_oof": 291.87359619140625, "resource_opportunity_oof": -2.1750463061720211 }, "geometry": { "type": "Point", "coordinates": [ -76.11, 43.29 ] } },
{ "type": "Feature", "properties": { "latitude": 42.93, "longitude": -77.1, "frac_class_11": 0.0033086017790322484, "frac_class_21": 0.053593492887970155, "frac_class_22": 0.065352205051327245, "frac_class_23": 0.0096447205841878117, "frac_class_24": 0.0015225424115900613, "frac_developed": 0.13011296093507527, "solar_resource_w_m2": 293.28311683043876, "solar_resource_pct": 0.32552800734618914, "solar_screening_pct": 0.32552800734618914, "resource_land_adj_oof": 293.97149658203125, "resource_opportunity_oof": -0.68837975159249254 }, "geometry": { "type": "Point", "coordinates": [ -77.1, 42.93 ] } },
{ "type": "Feature", "properties": { "latitude": 42.75, "longitude": -75.12, "frac_class_11": 0.0034492855469665028, "frac_class_21": 0.051856406652611854, "frac_class_22": 0.0069337081283672988, "frac_class_23": 0.0005446240337315531, "frac_class_24": 0.0, "frac_developed": 0.059334738814710707, "solar_resource_w_m2": 293.03311379722862, "solar_resource_pct": 0.31175390266299358, "solar_screening_pct": 0.31175390266299358, "resource_land_adj_oof": 291.83877563476562, "resource_opportunity_oof": 1.1943381624629978 }, "geometry": { "type": "Point", "coordinates": [ -75.12, 42.75 ] } },
{ "type": "Feature", "properties": { "latitude": 42.66, "longitude": -77.73, "frac_class_11": 0.00049773384707273941, "frac_class_21": 0.048145502242730155, "frac_class_22": 0.041177228383711809, "frac_class_23": 0.0037827772377528194, "frac_class_24": 0.00035719723142867182, "frac_developed": 0.093462705095623461, "solar_resource_w_m2": 295.64644446866475, "solar_resource_pct": 0.49081726354453625, "solar_screening_pct": 0.49081726354453625, "resource_land_adj_oof": 296.41555786132812, "resource_opportunity_oof": -0.76911339266337109 }, "geometry": { "type": "Point", "coordinates": [ -77.73, 42.66 ] } },
{ "type": "Feature", "properties": { "latitude": 42.21, "longitude": -73.77, "frac_class_11": 0.058522071700080239, "frac_class_21": 0.072069064478531564, "frac_class_22": 0.046849284580558634, "frac_class_23": 0.025266635039446171, "frac_class_24": 0.0092890317970703816, "frac_developed": 0.15347401589560675, "solar_resource_w_m2": 299.55224682914479, "solar_resource_pct": 0.77640036730945827, "solar_screening_pct": 0.77640036730945827, "resource_land_adj_oof": 304.01876831054688, "resource_opportunity_oof": -4.4665214814020828 }, "geometry": { "type": "Point", "coordinates": [ -73.77, 42.21 ] } },
{ "type": "Feature", "properties": { "latitude": 42.3, "longitude": -75.66, "frac_class_11": 0.0053874577640879093, "frac_class_21": 0.045752399468281343, "frac_class_22": 0.011653305381016239, "frac_class_23": 0.0010306440939994261, "frac_class_24": 2.9279661761347332e-05, "frac_developed": 0.058465628605058349, "solar_resource_w_m2": 294.51738209034687, "solar_resource_pct": 0.4049586776859504, "solar_screening_pct": 0.4049586776859504, "resource_land_adj_oof": 294.71450805664062, "resource_opportunity_oof": -0.19712596629375412 }, "geometry": { "type": "Point", "coordinates": [ -75.66, 42.3 ] } },
{ "type": "Feature", "properties": { "latitude": 42.93, "longitude": -77.64, "frac_class_11": 0.00147576408856927, "frac_class_21": 0.063557411322390039, "frac_class_22": 0.067399082918030678, "frac_class_23": 0.014581954684672551, "frac_class_24": 0.0023132016467653244, "frac_developed": 0.14785165057185859, "solar_resource_w_m2": 294.30575919131604, "solar_resource_pct": 0.37970615243342515, "solar_screening_pct": 0.37970615243342515, "resource_land_adj_oof": 294.757568359375, "resource_opportunity_oof": -0.45180916805895777 }, "geometry": { "type": "Point", "coordinates": [ -77.64, 42.93 ] } },
{ "type": "Feature", "properties": { "latitude": 42.57, "longitude": -79.08, "frac_class_11": 0.1428387391449468, "frac_class_21": 0.060928835354534965, "frac_class_22": 0.0556996714937373, "frac_class_23": 0.013198807774062644, "frac_class_24": 0.0015576232776844114, "frac_developed": 0.13138493790001932, "solar_resource_w_m2": 311.5150301117427, "solar_resource_pct": 0.99540863177226813, "solar_screening_pct": 0.99540863177226813, "resource_land_adj_oof": 305.05606079101562, "resource_opportunity_oof": 6.4589693207270784 }, "geometry": { "type": "Point", "coordinates": [ -79.08, 42.57 ] } },
{ "type": "Feature", "properties": { "latitude": 42.75, "longitude": -74.94, "frac_class_11": 0.1010019382909076, "frac_class_21": 0.064525762872652534, "frac_class_22": 0.013761279857585393, "frac_class_23": 0.0037945997224320574, "frac_class_24": 0.00065000087837956534, "frac_developed": 0.082731643331049542, "solar_resource_w_m2": 293.97451251686692, "solar_resource_pct": 0.36455463728191001, "solar_screening_pct": 0.36455463728191001, "resource_land_adj_oof": 292.044189453125, "resource_opportunity_oof": 1.9303230637419233 }, "geometry": { "type": "Point", "coordinates": [ -74.94, 42.75 ] } },
{ "type": "Feature", "properties": { "latitude": 42.48, "longitude": -77.01, "frac_class_11": 0.0018973665255353912, "frac_class_21": 0.060581039218097599, "frac_class_22": 0.032102973126496959, "frac_class_23": 0.0036717555910823771, "frac_class_24": 0.00048605377043036254, "frac_developed": 0.096841821706107292, "solar_resource_w_m2": 295.99963985814179, "solar_resource_pct": 0.51515151515151514, "solar_screening_pct": 0.51515151515151514, "resource_land_adj_oof": 295.00552368164062, "resource_opportunity_oof": 0.99411617650116568 }, "geometry": { "type": "Point", "coordinates": [ -77.01, 42.48 ] } },
{ "type": "Feature", "properties": { "latitude": 42.93, "longitude": -78.27, "frac_class_11": 0.0020612881879988523, "frac_class_21": 0.043456873986191712, "frac_class_22": 0.040804136630613642, "frac_class_23": 0.004181135699520399, "frac_class_24": 0.00059730509993148563, "frac_developed": 0.089039451416257243, "solar_resource_w_m2": 295.6895786755137, "solar_resource_pct": 0.49403122130394855, "solar_screening_pct": 0.49403122130394855, "resource_land_adj_oof": 295.1458740234375, "resource_opportunity_oof": 0.543704652076201 }, "geometry": { "type": "Point", "coordinates": [ -78.27, 42.93 ] } },
{ "type": "Feature", "properties": { "latitude": 43.11, "longitude": -77.01, "frac_class_11": 0.0037123784986532382, "frac_class_21": 0.067390795175079052, "frac_class_22": 0.048711792949994143, "frac_class_23": 0.0091462700550415735, "frac_class_24": 0.0021665300386462115, "frac_developed": 0.127415388218761, "solar_resource_w_m2": 292.99569626519877, "solar_resource_pct": 0.30853994490358128, "solar_screening_pct": 0.30853994490358128, "resource_land_adj_oof": 293.84051513671875, "resource_opportunity_oof": -0.84481887151997626 }, "geometry": { "type": "Point", "coordinates": [ -77.01, 43.11 ] } },
{ "type": "Feature", "properties": { "latitude": 42.03, "longitude": -78.27, "frac_class_11": 0.0063713290194126427, "frac_class_21": 0.052317512370801976, "frac_class_22": 0.018862179017948642, "frac_class_23": 0.0027640324422451906, "frac_class_24": 0.00045091207214593152, "frac_developed": 0.074394635903141729, "solar_resource_w_m2": 298.75409664844551, "solar_resource_pct": 0.73783287419651056, "solar_screening_pct": 0.73783287419651056, "resource_land_adj_oof": 298.45831298828125, "resource_opportunity_oof": 0.29578366016426116 }, "geometry": { "type": "Point", "coordinates": [ -78.27, 42.03 ] } },
{ "type": "Feature", "properties": { "latitude": 42.93, "longitude": -74.58, "frac_class_11": 0.014359082471027096, "frac_class_21": 0.060194538629562609, "frac_class_22": 0.042462360113139266, "frac_class_23": 0.018101110896388561, "frac_class_24": 0.003636619173942833, "frac_developed": 0.12439462881303326, "solar_resource_w_m2": 295.26487438711138, "solar_resource_pct": 0.46326905417814507, "solar_screening_pct": 0.46326905417814507, "resource_land_adj_oof": 293.98751831054688, "resource_opportunity_oof": 1.2773560765645016 }, "geometry": { "type": "Point", "coordinates": [ -74.58, 42.93 ] } },
{ "type": "Feature", "properties": { "latitude": 42.21, "longitude": -74.76, "frac_class_11": 0.0043157968706080763, "frac_class_21": 0.045219244823386115, "frac_class_22": 0.0067050032793029143, "frac_class_23": 0.0007202754614447672, "frac_class_24": 5.8558980605265626e-06, "frac_developed": 0.052650379462194322, "solar_resource_w_m2": 301.69204571301935, "solar_resource_pct": 0.84389348025711663, "solar_screening_pct": 0.84389348025711663, "resource_land_adj_oof": 302.6585693359375, "resource_opportunity_oof": -0.96652362291814597 }, "geometry": { "type": "Point", "coordinates": [ -74.76, 42.21 ] } },
{ "type": "Feature", "properties": { "latitude": 44.73, "longitude": -75.39, "frac_class_11": 0.11051596434698917, "frac_class_21": 0.049873763791828819, "frac_class_22": 0.032395977179841266, "frac_class_23": 0.012051721973469473, "frac_class_24": 0.0034104699334644517, "frac_developed": 0.097731932878604016, "solar_resource_w_m2": 285.38109022186512, "solar_resource_pct": 0.085399449035812675, "solar_screening_pct": 0.085399449035812675, "resource_land_adj_oof": 287.9718017578125, "resource_opportunity_oof": -2.5907115359473778 }, "geometry": { "type": "Point", "coordinates": [ -75.39, 44.73 ] } },
{ "type": "Feature", "properties": { "latitude": 42.39, "longitude": -74.22, "frac_class_11": 0.0017801617370630846, "frac_class_21": 0.054013854811414116, "frac_class_22": 0.01104988551920408, "frac_class_23": 0.0015927762910564441, "frac_class_24": 8.7836927815612727e-05, "frac_developed": 0.066744353549490251, "solar_resource_w_m2": 305.11749837322395, "solar_resource_pct": 0.92102846648301195, "solar_screening_pct": 0.92102846648301195, "resource_land_adj_oof": 301.91995239257812, "resource_opportunity_oof": 3.1975459806458275 }, "geometry": { "type": "Point", "coordinates": [ -74.22, 42.39 ] } },
{ "type": "Feature", "properties": { "latitude": 42.93, "longitude": -78.09, "frac_class_11": 0.00081982572847371868, "frac_class_21": 0.04315211280802024, "frac_class_22": 0.044762484774665046, "frac_class_23": 0.0043040850744870233, "frac_class_24": 0.0002986508010868547, "frac_developed": 0.092517333458259174, "solar_resource_w_m2": 295.50550420445165, "solar_resource_pct": 0.47612488521579432, "solar_screening_pct": 0.47612488521579432, "resource_land_adj_oof": 294.97647094726562, "resource_opportunity_oof": 0.529033257186029 }, "geometry": { "type": "Point", "coordinates": [ -78.09, 42.93 ] } },
{ "type": "Feature", "properties": { "latitude": 42.39, "longitude": -76.47, "frac_class_11": 0.0035546550169241399, "frac_class_21": 0.085077476253499026, "frac_class_22": 0.058080837657089983, "frac_class_23": 0.033696021363066722, "frac_class_24": 0.012543774376032138, "frac_developed": 0.18939810964968787, "solar_resource_w_m2": 293.20810900682216, "solar_resource_pct": 0.32231404958677684, "solar_screening_pct": 0.32231404958677684, "resource_land_adj_oof": 294.58932495117188, "resource_opportunity_oof": -1.3812159443497194 }, "geometry": { "type": "Point", "coordinates": [ -76.47, 42.39 ] } },
{ "type": "Feature", "properties": { "latitude": 44.91, "longitude": -73.77, "frac_class_11": 0.0051652348073578241, "frac_class_21": 0.030300368359715852, "frac_class_22": 0.015501560697365262, "frac_class_23": 0.0026294676060132235, "frac_class_24": 0.00031623886575660149, "frac_developed": 0.04874763552885094, "solar_resource_w_m2": 282.35371236861215, "solar_resource_pct": 0.033976124885215793, "solar_screening_pct": 0.033976124885215793, "resource_land_adj_oof": 284.50198364257812, "resource_opportunity_oof": -2.1482712739659746 }, "geometry": { "type": "Point", "coordinates": [ -73.77, 44.91 ] } },
{ "type": "Feature", "properties": { "latitude": 42.93, "longitude": -74.67, "frac_class_11": 0.010891715269482117, "frac_class_21": 0.05796032136415806, "frac_class_22": 0.031375166889185582, "frac_class_23": 0.012654299299650996, "frac_class_24": 0.0015869112032417493, "frac_developed": 0.10357669875623639, "solar_resource_w_m2": 295.26487438711138, "solar_resource_pct": 0.46326905417814507, "solar_screening_pct": 0.46326905417814507, "resource_land_adj_oof": 293.21560668945312, "resource_opportunity_oof": 2.0492676976582516 }, "geometry": { "type": "Point", "coordinates": [ -74.67, 42.93 ] } },
{ "type": "Feature", "properties": { "latitude": 42.12, "longitude": -73.77, "frac_class_11": 0.010792862538870117, "frac_class_21": 0.063129168838317887, "frac_class_22": 0.025585467407663341, "frac_class_23": 0.0040290230204789151, "frac_class_24": 0.00066174360656121717, "frac_developed": 0.093405402873021348, "solar_resource_w_m2": 302.50618327145304, "solar_resource_pct": 0.86271808999081723, "solar_screening_pct": 0.86271808999081723, "resource_land_adj_oof": 304.81622314453125, "resource_opportunity_oof": -2.3100398730782103 }, "geometry": { "type": "Point", "coordinates": [ -73.77, 42.12 ] } },
{ "type": "Feature", "properties": { "latitude": 42.93, "longitude": -76.83, "frac_class_11": 0.014452017895205303, "frac_class_21": 0.072769540674115188, "frac_class_22": 0.082548661373058815, "frac_class_23": 0.029161689269903732, "frac_class_24": 0.0086723818893026956, "frac_developed": 0.19315227320638043, "solar_resource_w_m2": 290.79326631496303, "solar_resource_pct": 0.19696969696969696, "solar_screening_pct": 0.19696969696969696, "resource_land_adj_oof": 293.087158203125, "resource_opportunity_oof": -2.2938918881619657 }, "geometry": { "type": "Point", "coordinates": [ -76.83, 42.93 ] } },
{ "type": "Feature", "properties": { "latitude": 43.29, "longitude": -73.77, "frac_class_11": 0.038671671419620426, "frac_class_21": 0.058757048913457205, "frac_class_22": 0.066662372416862348, "frac_class_23": 0.013843099823740565, "frac_class_24": 0.0019734029782574325, "frac_developed": 0.14123592413231756, "solar_resource_w_m2": 296.94461925389925, "solar_resource_pct": 0.6014692378328742, "solar_screening_pct": 0.6014692378328742, "resource_land_adj_oof": 292.55569458007812, "resource_opportunity_oof": 4.3889246738211227 }, "geometry": { "type": "Point", "coordinates": [ -73.77, 43.29 ] } },
{ "type": "Feature", "properties": { "latitude": 41.58, "longitude": -74.49, "frac_class_11": 0.015980371489471342, "frac_class_21": 0.066597568688075329, "frac_class_22": 0.029073852856440166, "frac_class_23": 0.011336753097697515, "frac_class_24": 0.0017684397910664512, "frac_developed": 0.10877661443327946, "solar_resource_w_m2": 307.49976472146409, "solar_resource_pct": 0.97107438016528924, "solar_screening_pct": 0.97107438016528924, "resource_land_adj_oof": 307.27462768554688, "resource_opportunity_oof": 0.22513703591721423 }, "geometry": { "type": "Point", "coordinates": [ -74.49, 41.58 ] } },
{ "type": "Feature", "properties": { "latitude": 43.29, "longitude": -76.65, "frac_class_11": 0.018241229277319387, "frac_class_21": 0.079148781673274105, "frac_class_22": 0.023839500606088998, "frac_class_23": 0.0031153560114073561, "frac_class_24": 0.00050946611464744364, "frac_developed": 0.10661310440541791, "solar_resource_w_m2": 294.65101327647852, "solar_resource_pct": 0.41551882460973372, "solar_screening_pct": 0.41551882460973372, "resource_land_adj_oof": 293.00259399414062, "resource_opportunity_oof": 1.6484192823378976 }, "geometry": { "type": "Point", "coordinates": [ -76.65, 43.29 ] } },
{ "type": "Feature", "properties": { "latitude": 42.21, "longitude": -76.47, "frac_class_11": 0.0036655989975230858, "frac_class_21": 0.056213658747957862, "frac_class_22": 0.015242099345930658, "frac_class_23": 0.002008467182348911, "frac_class_24": 0.00029277947264561385, "frac_developed": 0.07375700474888304, "solar_resource_w_m2": 295.46209413980341, "solar_resource_pct": 0.47291092745638202, "solar_screening_pct": 0.47291092745638202, "resource_land_adj_oof": 295.825439453125, "resource_opportunity_oof": -0.36334531332158804 }, "geometry": { "type": "Point", "coordinates": [ -76.47, 42.21 ] } },
{ "type": "Feature", "properties": { "latitude": 42.93, "longitude": -75.48, "frac_class_11": 0.0024422527292320669, "frac_class_21": 0.060874759874431895, "frac_class_22": 0.026642224616970436, "frac_class_23": 0.0053471864311483855, "frac_class_24": 0.00032797638570022957, "frac_developed": 0.093192147308250942, "solar_resource_w_m2": 290.5083729867693, "solar_resource_pct": 0.18686868686868688, "solar_screening_pct": 0.18686868686868688, "resource_land_adj_oof": 290.2413330078125, "resource_opportunity_oof": 0.26703997895680232 }, "geometry": { "type": "Point", "coordinates": [ -75.48, 42.93 ] } },
{ "type": "Feature", "properties": { "latitude": 42.57, "longitude": -75.84, "frac_class_11": 0.0044798669508795763, "frac_class_21": 0.044587852240519081, "frac_class_22": 0.015524349394485958, "frac_class_23": 0.0017275303928228432, "frac_class_24": 0.00014640088074769858, "frac_developed": 0.061986132908575582, "solar_resource_w_m2": 292.34238281470346, "solar_resource_pct": 0.26354453627180902, "solar_screening_pct": 0.26354453627180902, "resource_land_adj_oof": 293.115966796875, "resource_opportunity_oof": -0.77358398217154445 }, "geometry": { "type": "Point", "coordinates": [ -75.84, 42.57 ] } },
{ "type": "Feature", "properties": { "latitude": 44.1, "longitude": -73.5, "frac_class_11": 0.10884815834162909, "frac_class_21": 0.03234760203782866, "frac_class_22": 0.022562510979680272, "frac_class_23": 0.0054576330737248933, "frac_class_24": 0.0006441412426070153, "frac_developed": 0.061011887333840845, "solar_resource_w_m2": 289.18512283517634, "solar_resource_pct": 0.15610651974288339, "solar_screening_pct": 0.15610651974288339, "resource_land_adj_oof": 286.77468872070312, "resource_opportunity_oof": 2.4104341144732189 }, "geometry": { "type": "Point", "coordinates": [ -73.5, 44.1 ] } },
{ "type": "Feature", "properties": { "latitude": 42.3, "longitude": -79.17, "frac_class_11": 0.00066761538326393652, "frac_class_21": 0.041942643639792221, "frac_class_22": 0.011121066779107153, "frac_class_23": 0.0013410870418196618, "frac_class_24": 0.00015226315758651182, "frac_developed": 0.05455706061830555, "solar_resource_w_m2": 300.78233798043777, "solar_resource_pct": 0.81221303948576673, "solar_screening_pct": 0.81221303948576673, "resource_land_adj_oof": 299.1094970703125, "resource_opportunity_oof": 1.6728409101252737 }, "geometry": { "type": "Point", "coordinates": [ -79.17, 42.3 ] } },
{ "type": "Feature", "properties": { "latitude": 42.93, "longitude": -73.95, "frac_class_11": 0.0018094725007027077, "frac_class_21": 0.1028881289234517, "frac_class_22": 0.06880680221118711, "frac_class_23": 0.0096856553921109336, "frac_class_24": 0.0020437084231237704, "frac_developed": 0.1834242949498735, "solar_resource_w_m2": 298.88965120864805, "solar_resource_pct": 0.74242424242424243, "solar_screening_pct": 0.74242424242424243, "resource_land_adj_oof": 295.82916259765625, "resource_opportunity_oof": 3.060488610991797 }, "geometry": { "type": "Point", "coordinates": [ -73.95, 42.93 ] } },
{ "type": "Feature", "properties": { "latitude": 42.57, "longitude": -77.73, "frac_class_11": 0.00077297854398950623, "frac_class_21": 0.06853157500234236, "frac_class_22": 0.054565258127986509, "frac_class_23": 0.014270823573503233, "frac_class_24": 0.0036365126955869953, "frac_developed": 0.14100416939941909, "solar_resource_w_m2": 296.44932220222643, "solar_resource_pct": 0.54224058769513317, "solar_screening_pct": 0.54224058769513317, "resource_land_adj_oof": 297.2445068359375, "resource_opportunity_oof": -0.79518463371107373 }, "geometry": { "type": "Point", "coordinates": [ -77.73, 42.57 ] } },
{ "type": "Feature", "properties": { "latitude": 42.75, "longitude": -77.37, "frac_class_11": 0.12244097254754989, "frac_class_21": 0.051426496767544273, "frac_class_22": 0.022445657265998314, "frac_class_23": 0.0022076735688185138, "frac_class_24": 0.00012297385927105781, "frac_developed": 0.07620280146163215, "solar_resource_w_m2": 292.5830924573645, "solar_resource_pct": 0.28282828282828282, "solar_screening_pct": 0.28282828282828282, "resource_land_adj_oof": 294.91635131835938, "resource_opportunity_oof": -2.3332588609948743 }, "geometry": { "type": "Point", "coordinates": [ -77.37, 42.75 ] } },
{ "type": "Feature", "properties": { "latitude": 42.57, "longitude": -78.36, "frac_class_11": 0.0041167927666252843, "frac_class_21": 0.040588180178491952, "frac_class_22": 0.021438944976692981, "frac_class_23": 0.0034316366447260547, "frac_class_24": 0.00091939753109554706, "frac_developed": 0.066378159331006534, "solar_resource_w_m2": 295.57132351595862, "solar_resource_pct": 0.48347107438016529, "solar_screening_pct": 0.48347107438016529, "resource_land_adj_oof": 296.11334228515625, "resource_opportunity_oof": -0.54201876919762526 }, "geometry": { "type": "Point", "coordinates": [ -78.36, 42.57 ] } },
{ "type": "Feature", "properties": { "latitude": 43.92, "longitude": -75.66, "frac_class_11": 0.0060900626573754174, "frac_class_21": 0.049130409322480528, "frac_class_22": 0.02280259998828834, "frac_class_23": 0.0054576330737248933, "frac_class_24": 0.00082567195643262867, "frac_developed": 0.078216314340926393, "solar_resource_w_m2": 284.97737932871951, "solar_resource_pct": 0.078053259871441696, "solar_screening_pct": 0.078053259871441696, "resource_land_adj_oof": 288.82135009765625, "resource_opportunity_oof": -3.8439707689367424 }, "geometry": { "type": "Point", "coordinates": [ -75.66, 43.92 ] } },
{ "type": "Feature", "properties": { "latitude": 42.3, "longitude": -78.45, "frac_class_11": 0.0028459331264273583, "frac_class_21": 0.058001990982022605, "frac_class_22": 0.017251273642911517, "frac_class_23": 0.0023423317912982375, "frac_class_24": 0.00056215962991157701, "frac_developed": 0.078157756046143931, "solar_resource_w_m2": 297.26433582152754, "solar_resource_pct": 0.63131313131313127, "solar_screening_pct": 0.63131313131313127, "resource_land_adj_oof": 296.94387817382812, "resource_opportunity_oof": 0.32045764769941343 }, "geometry": { "type": "Point", "coordinates": [ -78.45, 42.3 ] } },
{ "type": "Feature", "properties": { "latitude": 42.84, "longitude": -77.1, "frac_class_11": 0.00093109324401084519, "frac_class_21": 0.034948204278344178, "frac_class_22": 0.05182500131758478, "frac_class_23": 0.0078996527432115098, "frac_class_24": 0.0014581271557150971, "frac_developed": 0.096130985494855575, "solar_resource_w_m2": 295.4675869273716, "solar_resource_pct": 0.47428833792470154, "solar_screening_pct": 0.47428833792470154, "resource_land_adj_oof": 294.41439819335938, "resource_opportunity_oof": 1.0531887340122239 }, "geometry": { "type": "Point", "coordinates": [ -77.1, 42.84 ] } },
{ "type": "Feature", "properties": { "latitude": 42.39, "longitude": -74.04, "frac_class_11": 0.0070453054722638677, "frac_class_21": 0.083366519865067462, "frac_class_22": 0.02495431971514243, "frac_class_23": 0.0053937874812593706, "frac_class_24": 0.0010131652923538231, "frac_developed": 0.11472779235382309, "solar_resource_w_m2": 303.59238403893175, "solar_resource_pct": 0.89118457300275478, "solar_screening_pct": 0.89118457300275478, "resource_land_adj_oof": 301.26351928710938, "resource_opportunity_oof": 2.3288647518223797 }, "geometry": { "type": "Point", "coordinates": [ -74.04, 42.39 ] } },
{ "type": "Feature", "properties": { "latitude": 41.94, "longitude": -74.85, "frac_class_11": 0.010405687114983721, "frac_class_21": 0.050874850678097112, "frac_class_22": 0.019845173681868222, "frac_class_23": 0.0059435973110345958, "frac_class_24": 0.00049188391539596653, "frac_developed": 0.077155505586395889, "solar_resource_w_m2": 302.67683202291562, "solar_resource_pct": 0.86685032139577589, "solar_screening_pct": 0.86685032139577589, "resource_land_adj_oof": 303.4222412109375, "resource_opportunity_oof": -0.74540918802188116 }, "geometry": { "type": "Point", "coordinates": [ -74.85, 41.94 ] } },
{ "type": "Feature", "properties": { "latitude": 42.39, "longitude": -73.5, "frac_class_11": 0.0036482672194699181, "frac_class_21": 0.069890961901081017, "frac_class_22": 0.018809364861857747, "frac_class_23": 0.0049482918145298243, "frac_class_24": 0.00083154726350678711, "frac_developed": 0.094480165840975378, "solar_resource_w_m2": 300.66959806881852, "solar_resource_pct": 0.80808080808080807, "solar_screening_pct": 0.80808080808080807, "resource_land_adj_oof": 303.27761840820312, "resource_opportunity_oof": -2.6080203393846091 }, "geometry": { "type": "Point", "coordinates": [ -73.5, 42.39 ] } },
{ "type": "Feature", "properties": { "latitude": 42.12, "longitude": -76.65, "frac_class_11": 0.00087255946873426176, "frac_class_21": 0.054479333809629778, "frac_class_22": 0.0070917417223972544, "frac_class_23": 0.00030451739848444035, "frac_class_24": 1.1712207634016936e-05, "frac_developed": 0.061887305138145485, "solar_resource_w_m2": 297.51450039364488, "solar_resource_pct": 0.65105601469237828, "solar_screening_pct": 0.65105601469237828, "resource_land_adj_oof": 297.3245849609375, "resource_opportunity_oof": 0.18991543270738021 }, "geometry": { "type": "Point", "coordinates": [ -76.65, 42.12 ] } },
{ "type": "Feature", "properties": { "latitude": 41.85, "longitude": -73.86, "frac_class_11": 0.022755486847961023, "frac_class_21": 0.096128170894526035, "frac_class_22": 0.028833766659639753, "frac_class_23": 0.0046963202398519668, "frac_class_24": 0.00034548989295669078, "frac_developed": 0.13000374768697445, "solar_resource_w_m2": 305.71187786604037, "solar_resource_pct": 0.93709825528007351, "solar_screening_pct": 0.93709825528007351, "resource_land_adj_oof": 307.24786376953125, "resource_opportunity_oof": -1.5359859034908823 }, "geometry": { "type": "Point", "coordinates": [ -73.86, 41.85 ] } },
{ "type": "Feature", "properties": { "latitude": 42.03, "longitude": -79.44, "frac_class_11": 0.00078470412555266007, "frac_class_21": 0.053523848563815771, "frac_class_22": 0.011717857874857259, "frac_class_23": 0.0016455362632858022, "frac_class_24": 0.00023424003747840599, "frac_developed": 0.06712148273943723, "solar_resource_w_m2": 300.53696932816138, "solar_resource_pct": 0.80303030303030298, "solar_screening_pct": 0.80303030303030298, "resource_land_adj_oof": 303.40609741210938, "resource_opportunity_oof": -2.8691280839479987 }, "geometry": { "type": "Point", "coordinates": [ -79.44, 42.03 ] } },
{ "type": "Feature", "properties": { "latitude": 42.39, "longitude": -78.54, "frac_class_11": 0.0083503639376709161, "frac_class_21": 0.050482810313226482, "frac_class_22": 0.021918241387589226, "frac_class_23": 0.0022661927376428082, "frac_class_24": 0.00018738544600664048, "frac_developed": 0.07485462988446516, "solar_resource_w_m2": 296.95021910794821, "solar_resource_pct": 0.60238751147842062, "solar_screening_pct": 0.60238751147842062, "resource_land_adj_oof": 296.34042358398438, "resource_opportunity_oof": 0.60979552396383951 }, "geometry": { "type": "Point", "coordinates": [ -78.54, 42.39 ] } },
{ "type": "Feature", "properties": { "latitude": 42.57, "longitude": -74.13, "frac_class_11": 0.008168834286851983, "frac_class_21": 0.050476954518038776, "frac_class_22": 0.01552956883780033, "frac_class_23": 0.001545929929554784, "frac_class_24": 0.00013468328931727283, "frac_developed": 0.067687136574711163, "solar_resource_w_m2": 303.07927187755433, "solar_resource_pct": 0.88383838383838387, "solar_screening_pct": 0.88383838383838387, "resource_land_adj_oof": 299.56704711914062, "resource_opportunity_oof": 3.5122247584137085 }, "geometry": { "type": "Point", "coordinates": [ -74.13, 42.57 ] } },
{ "type": "Feature", "properties": { "latitude": 42.12, "longitude": -79.71, "frac_class_11": 0.014101085104264876, "frac_class_21": 0.06002330661076203, "frac_class_22": 0.018217805547910311, "frac_class_23": 0.0038122119613274229, "frac_class_24": 0.00024594915879531758, "frac_developed": 0.082299273278795076, "solar_resource_w_m2": 308.26875123353915, "solar_resource_pct": 0.97979797979797978, "solar_screening_pct": 0.97979797979797978, "resource_land_adj_oof": 302.43569946289062, "resource_opportunity_oof": 5.8330517706485239 }, "geometry": { "type": "Point", "coordinates": [ -79.71, 42.12 ] } },
{ "type": "Feature", "properties": { "latitude": 43.47, "longitude": -73.41, "frac_class_11": 0.0084559663166771104, "frac_class_21": 0.02987111092892655, "frac_class_22": 0.019529534394818672, "frac_class_23": 0.0056158391258264188, "frac_class_24": 0.00089010171754495891, "frac_developed": 0.055906586167116593, "solar_resource_w_m2": 292.40920098140236, "solar_resource_pct": 0.26859504132231404, "solar_screening_pct": 0.26859504132231404, "resource_land_adj_oof": 293.48583984375, "resource_opportunity_oof": -1.0766388623476359 }, "geometry": { "type": "Point", "coordinates": [ -73.41, 43.47 ] } },
{ "type": "Feature", "properties": { "latitude": 42.3, "longitude": -75.3, "frac_class_11": 0.0089889087991754796, "frac_class_21": 0.058120468945808884, "frac_class_22": 0.025092817071313962, "frac_class_23": 0.0062248925430120746, "frac_class_24": 0.00029279833222069966, "frac_developed": 0.089730976892355624, "solar_resource_w_m2": 295.99259367541538, "solar_resource_pct": 0.5128558310376492, "solar_screening_pct": 0.5128558310376492, "resource_land_adj_oof": 295.36181640625, "resource_opportunity_oof": 0.63077726916537813 }, "geometry": { "type": "Point", "coordinates": [ -75.3, 42.3 ] } },
{ "type": "Feature", "properties": { "latitude": 42.48, "longitude": -78.0, "frac_class_11": 0.0034959711421343577, "frac_class_21": 0.053341375433336453, "frac_class_22": 0.010786564227489928, "frac_class_23": 0.0006265810924763422, "frac_class_24": 5.8558980605265626e-06, "frac_developed": 0.064760376651363263, "solar_resource_w_m2": 296.31527841360707, "solar_resource_pct": 0.532139577594123, "solar_screening_pct": 0.532139577594123, "resource_land_adj_oof": 296.10562133789062, "resource_opportunity_oof": 0.20965707571644998 }, "geometry": { "type": "Point", "coordinates": [ -78.0, 42.48 ] } },
{ "type": "Feature", "properties": { "latitude": 44.82, "longitude": -73.5, "frac_class_11": 0.0018679767878997265, "frac_class_21": 0.046412489093709194, "frac_class_22": 0.033676283721665604, "frac_class_23": 0.0051237607818566165, "frac_class_24": 0.0008432246315284032, "frac_developed": 0.086055758228759813, "solar_resource_w_m2": 294.3406167439515, "solar_resource_pct": 0.38521579430670339, "solar_screening_pct": 0.38521579430670339, "resource_land_adj_oof": 286.02667236328125, "resource_opportunity_oof": 8.3139443806702502 }, "geometry": { "type": "Point", "coordinates": [ -73.5, 44.82 ] } },
{ "type": "Feature", "properties": { "latitude": 42.66, "longitude": -74.85, "frac_class_11": 0.0030216610937710449, "frac_class_21": 0.057839043843365523, "frac_class_22": 0.0075541527344276122, "frac_class_23": 0.00094866104106765357, "frac_class_24": 4.6847458818155731e-05, "frac_developed": 0.066388705077678939, "solar_resource_w_m2": 295.16429434881536, "solar_resource_pct": 0.44903581267217629, "solar_screening_pct": 0.44903581267217629, "resource_land_adj_oof": 295.34564208984375, "resource_opportunity_oof": -0.18134774102838946 }, "geometry": { "type": "Point", "coordinates": [ -74.85, 42.66 ] } },
{ "type": "Feature", "properties": { "latitude": 42.93, "longitude": -76.11, "frac_class_11": 0.00741950973847253, "frac_class_21": 0.080548821193914474, "frac_class_22": 0.047386482086598035, "frac_class_23": 0.011899324221449235, "frac_class_24": 0.0016103908272138482, "frac_developed": 0.14144501832917558, "solar_resource_w_m2": 289.7653438029169, "solar_resource_pct": 0.16804407713498623, "solar_screening_pct": 0.16804407713498623, "resource_land_adj_oof": 292.04055786132812, "resource_opportunity_oof": -2.2752140584112226 }, "geometry": { "type": "Point", "coordinates": [ -76.11, 42.93 ] } },
{ "type": "Feature", "properties": { "latitude": 43.11, "longitude": -76.47, "frac_class_11": 0.075640537612368594, "frac_class_21": 0.061427191004655796, "frac_class_22": 0.033375303797839012, "frac_class_23": 0.0089543497994202213, "frac_class_24": 0.00093115867763755085, "frac_developed": 0.10468800327955258, "solar_resource_w_m2": 287.77838209349267, "solar_resource_pct": 0.13223140495867769, "solar_screening_pct": 0.13223140495867769, "resource_land_adj_oof": 293.94058227539062, "resource_opportunity_oof": -6.1622001818979584 }, "geometry": { "type": "Point", "coordinates": [ -76.47, 43.11 ] } },
{ "type": "Feature", "properties": { "latitude": 42.03, "longitude": -76.02, "frac_class_11": 0.0017684605024301692, "frac_class_21": 0.074538853428588153, "frac_class_22": 0.04454529484101423, "frac_class_23": 0.011442290800491889, "frac_class_24": 0.0022076477132985887, "frac_developed": 0.13273408678339285, "solar_resource_w_m2": 298.39310255654897, "solar_resource_pct": 0.71258034894398525, "solar_screening_pct": 0.71258034894398525, "resource_land_adj_oof": 298.35467529296875, "resource_opportunity_oof": 0.038427263580217641 }, "geometry": { "type": "Point", "coordinates": [ -76.02, 42.03 ] } },
{ "type": "Feature", "properties": { "latitude": 43.29, "longitude": -75.12, "frac_class_11": 0.054761793226214453, "frac_class_21": 0.061923221061507473, "frac_class_22": 0.022579285145453695, "frac_class_23": 0.005761933761184241, "frac_class_24": 0.00065582985899658027, "frac_developed": 0.090920269827141992, "solar_resource_w_m2": 286.69801340892678, "solar_resource_pct": 0.099632690541781449, "solar_screening_pct": 0.099632690541781449, "resource_land_adj_oof": 289.14910888671875, "resource_opportunity_oof": -2.4510954777919665 }, "geometry": { "type": "Point", "coordinates": [ -75.12, 43.29 ] } },
{ "type": "Feature", "properties": { "latitude": 42.48, "longitude": -76.11, "frac_class_11": 0.0025061922858464545, "frac_class_21": 0.051839533426632389, "frac_class_22": 0.021735948049210373, "frac_class_23": 0.0024242140335056827, "frac_class_24": 0.00021665680975775425, "frac_developed": 0.076216352319106201, "solar_resource_w_m2": 292.58133928545908, "solar_resource_pct": 0.28191000918273645, "solar_screening_pct": 0.28191000918273645, "resource_land_adj_oof": 293.74044799804688, "resource_opportunity_oof": -1.1591087125877948 }, "geometry": { "type": "Point", "coordinates": [ -76.11, 42.48 ] } },
{ "type": "Feature", "properties": { "latitude": 42.3, "longitude": -75.57, "frac_class_11": 0.0046728424701652478, "frac_class_21": 0.049908065630599505, "frac_class_22": 0.013286565870682891, "frac_class_23": 0.0010013233864639816, "frac_class_24": 2.9278461592514083e-05, "frac_developed": 0.064225233349338884, "solar_resource_w_m2": 295.11432568495275, "solar_resource_pct": 0.44398530762167127, "solar_screening_pct": 0.44398530762167127, "resource_land_adj_oof": 295.18923950195312, "resource_opportunity_oof": -0.074913817000378913 }, "geometry": { "type": "Point", "coordinates": [ -75.57, 42.3 ] } },
{ "type": "Feature", "properties": { "latitude": 41.4, "longitude": -74.49, "frac_class_11": 0.0098261969455635725, "frac_class_21": 0.10620256722570974, "frac_class_22": 0.063331537524594778, "frac_class_23": 0.020442940129298228, "frac_class_24": 0.0059378806333739344, "frac_developed": 0.19591492551297668, "solar_resource_w_m2": 308.91374160501351, "solar_resource_pct": 0.98347107438016534, "solar_screening_pct": 0.98347107438016534, "resource_land_adj_oof": 306.65969848632812, "resource_opportunity_oof": 2.254043118685388 }, "geometry": { "type": "Point", "coordinates": [ -74.49, 41.4 ] } },
{ "type": "Feature", "properties": { "latitude": 42.66, "longitude": -75.39, "frac_class_11": 0.0034786886397976035, "frac_class_21": 0.057738032491186149, "frac_class_22": 0.01541398737364864, "frac_class_23": 0.0030043220070979306, "frac_class_24": 0.00066762711268842896, "frac_developed": 0.076823968984621155, "solar_resource_w_m2": 292.6816074204595, "solar_resource_pct": 0.28741965105601469, "solar_screening_pct": 0.28741965105601469, "resource_land_adj_oof": 292.94338989257812, "resource_opportunity_oof": -0.26178247211862526 }, "geometry": { "type": "Point", "coordinates": [ -75.39, 42.66 ] } },
{ "type": "Feature", "properties": { "latitude": 43.02, "longitude": -73.95, "frac_class_11": 0.0011477089737959303, "frac_class_21": 0.078811301419997079, "frac_class_22": 0.038143756404625973, "frac_class_23": 0.0055921534182403745, "frac_class_24": 0.0015810276679841897, "frac_developed": 0.12412823891084762, "solar_resource_w_m2": 299.0351943620218, "solar_resource_pct": 0.74747474747474751, "solar_screening_pct": 0.74747474747474751, "resource_land_adj_oof": 294.40753173828125, "resource_opportunity_oof": 4.627662623740548 }, "geometry": { "type": "Point", "coordinates": [ -73.95, 43.02 ] } },
{ "type": "Feature", "properties": { "latitude": 42.57, "longitude": -77.1, "frac_class_11": 0.14721727724163777, "frac_class_21": 0.055063009463131266, "frac_class_22": 0.038145319966270026, "frac_class_23": 0.0046847184484212498, "frac_class_24": 0.00021081233017895625, "frac_developed": 0.098103860208001506, "solar_resource_w_m2": 293.74830102399574, "solar_resource_pct": 0.35307621671258033, "solar_screening_pct": 0.35307621671258033, "resource_land_adj_oof": 295.76605224609375, "resource_opportunity_oof": -2.0177512220980134 }, "geometry": { "type": "Point", "coordinates": [ -77.1, 42.57 ] } },
{ "type": "Feature", "properties": { "latitude": 44.82, "longitude": -73.86, "frac_class_11": 0.001165296418616635, "frac_class_21": 0.017649263345279085, "frac_class_22": 0.0055805401353851919, "frac_class_23": 0.0007495373948890919, "frac_class_24": 2.9278804487855151e-05, "frac_developed": 0.024008619680041223, "solar_resource_w_m2": 283.50412877203024, "solar_resource_pct": 0.046831955922865015, "solar_screening_pct": 0.046831955922865015, "resource_land_adj_oof": 285.04937744140625, "resource_opportunity_oof": -1.5452486693760079 }, "geometry": { "type": "Point", "coordinates": [ -73.86, 44.82 ] } },
{ "type": "Feature", "properties": { "latitude": 44.01, "longitude": -75.66, "frac_class_11": 0.021128203926988234, "frac_class_21": 0.058131840460978995, "frac_class_22": 0.063279204998623856, "frac_class_23": 0.024518788758952255, "frac_class_24": 0.00911768667248356, "frac_developed": 0.15504752089103865, "solar_resource_w_m2": 286.65031204802017, "solar_resource_pct": 0.09825528007346189, "solar_screening_pct": 0.09825528007346189, "resource_land_adj_oof": 285.4342041015625, "resource_opportunity_oof": 1.2161079464576687 }, "geometry": { "type": "Point", "coordinates": [ -75.66, 44.01 ] } },
{ "type": "Feature", "properties": { "latitude": 43.38, "longitude": -75.3, "frac_class_11": 0.0040816087511565532, "frac_class_21": 0.036828174226719607, "frac_class_22": 0.0059965098438799292, "frac_class_23": 0.00033379009873159765, "frac_class_24": 5.8559666444139933e-06, "frac_developed": 0.043164330135975551, "solar_resource_w_m2": 286.24342121243791, "solar_resource_pct": 0.090909090909090912, "solar_screening_pct": 0.090909090909090912, "resource_land_adj_oof": 288.80517578125, "resource_opportunity_oof": -2.5617545688120913 }, "geometry": { "type": "Point", "coordinates": [ -75.3, 43.38 ] } },
{ "type": "Feature", "properties": { "latitude": 42.39, "longitude": -74.58, "frac_class_11": 0.0043860676473343949, "frac_class_21": 0.053885973952965426, "frac_class_22": 0.01441136512695587, "frac_class_23": 0.0043743558512133419, "frac_class_24": 0.00060315750023423587, "frac_developed": 0.073274852431368873, "solar_resource_w_m2": 302.83737850951513, "solar_resource_pct": 0.87235996326905418, "solar_screening_pct": 0.87235996326905418, "resource_land_adj_oof": 301.9573974609375, "resource_opportunity_oof": 0.87998104857763337 }, "geometry": { "type": "Point", "coordinates": [ -74.58, 42.39 ] } },
{ "type": "Feature", "properties": { "latitude": 42.57, "longitude": -75.39, "frac_class_11": 0.0086963650950744025, "frac_class_21": 0.050655594661544498, "frac_class_22": 0.015167397707907542, "frac_class_23": 0.0016865677760144295, "frac_class_24": 0.00014640345277903033, "frac_developed": 0.067655963598245494, "solar_resource_w_m2": 292.70526376782794, "solar_resource_pct": 0.28971533516988063, "solar_screening_pct": 0.28971533516988063, "resource_land_adj_oof": 293.48153686523438, "resource_opportunity_oof": -0.77627309740643113 }, "geometry": { "type": "Point", "coordinates": [ -75.39, 42.57 ] } },
{ "type": "Feature", "properties": { "latitude": 42.03, "longitude": -79.71, "frac_class_11": 0.00025766102349985653, "frac_class_21": 0.059303026931432891, "frac_class_22": 0.011735288433948011, "frac_class_23": 0.0028167034614416135, "frac_class_24": 0.00037477967054524585, "frac_developed": 0.074229798497367758, "solar_resource_w_m2": 302.71178553236797, "solar_resource_pct": 0.86822773186409552, "solar_screening_pct": 0.86822773186409552, "resource_land_adj_oof": 301.32089233398438, "resource_opportunity_oof": 1.3908931983835942 }, "geometry": { "type": "Point", "coordinates": [ -79.71, 42.03 ] } },
{ "type": "Feature", "properties": { "latitude": 43.02, "longitude": -76.92, "frac_class_11": 0.0061428010938753518, "frac_class_21": 0.045470782167723649, "frac_class_22": 0.043760869947121549, "frac_class_23": 0.0053112684386510435, "frac_class_24": 0.0013644162582201688, "frac_developed": 0.095907336811716412, "solar_resource_w_m2": 291.98289731901025, "solar_resource_pct": 0.24334251606978879, "solar_screening_pct": 0.24334251606978879, "resource_land_adj_oof": 291.24179077148438, "resource_opportunity_oof": 0.74110654752587379 }, "geometry": { "type": "Point", "coordinates": [ -76.92, 43.02 ] } },
{ "type": "Feature", "properties": { "latitude": 42.39, "longitude": -78.72, "frac_class_11": 0.0041694482508227637, "frac_class_21": 0.048235597250038065, "frac_class_22": 0.016531393837180705, "frac_class_23": 0.0012473208952601806, "frac_class_24": 5.2703699799725939e-05, "frac_developed": 0.066067015682278671, "solar_resource_w_m2": 296.60665561076968, "solar_resource_pct": 0.56244260789715339, "solar_screening_pct": 0.56244260789715339, "resource_land_adj_oof": 296.7080078125, "resource_opportunity_oof": -0.10135220173032167 }, "geometry": { "type": "Point", "coordinates": [ -78.72, 42.39 ] } },
{ "type": "Feature", "properties": { "latitude": 42.93, "longitude": -76.02, "frac_class_11": 0.0067755914734129773, "frac_class_21": 0.075345514171937217, "frac_class_22": 0.031529632232372921, "frac_class_23": 0.0021609276177090653, "frac_class_24": 9.9554930897165615e-05, "frac_developed": 0.10913562895291638, "solar_resource_w_m2": 290.83044141235609, "solar_resource_pct": 0.20064279155188247, "solar_screening_pct": 0.20064279155188247, "resource_land_adj_oof": 292.05938720703125, "resource_opportunity_oof": -1.2289457946751554 }, "geometry": { "type": "Point", "coordinates": [ -76.02, 42.93 ] } },
{ "type": "Feature", "properties": { "latitude": 42.48, "longitude": -75.39, "frac_class_11": 0.0036188178528347406, "frac_class_21": 0.055693489641280292, "frac_class_22": 0.016255401876163818, "frac_class_23": 0.0022720086195790927, "frac_class_24": 0.00011711384637005633, "frac_developed": 0.07433801398339325, "solar_resource_w_m2": 293.45132394300458, "solar_resource_pct": 0.33379247015610652, "solar_screening_pct": 0.33379247015610652, "resource_land_adj_oof": 293.71743774414062, "resource_opportunity_oof": -0.26611380113604355 }, "geometry": { "type": "Point", "coordinates": [ -75.39, 42.48 ] } },
{ "type": "Feature", "properties": { "latitude": 42.48, "longitude": -73.5, "frac_class_11": 0.0056626865846445742, "frac_class_21": 0.058857976072660412, "frac_class_22": 0.014505144436571469, "frac_class_23": 0.0033554492378504042, "frac_class_24": 0.00066757628815871924, "frac_developed": 0.077386146035241007, "solar_resource_w_m2": 299.16668936827284, "solar_resource_pct": 0.75711662075298436, "solar_screening_pct": 0.75711662075298436, "resource_land_adj_oof": 301.72494506835938, "resource_opportunity_oof": -2.5582557000865336 }, "geometry": { "type": "Point", "coordinates": [ -73.5, 42.48 ] } },
{ "type": "Feature", "properties": { "latitude": 44.73, "longitude": -74.85, "frac_class_11": 0.0083560729385035188, "frac_class_21": 0.044520828697576911, "frac_class_22": 0.013339267101549417, "frac_class_23": 0.00072610584749434922, "frac_class_24": 1.1711384637005633e-05, "frac_developed": 0.058597913031257685, "solar_resource_w_m2": 282.06014158448357, "solar_resource_pct": 0.032139577594123052, "solar_screening_pct": 0.032139577594123052, "resource_land_adj_oof": 285.49029541015625, "resource_opportunity_oof": -3.4301538256726758 }, "geometry": { "type": "Point", "coordinates": [ -74.85, 44.73 ] } },
{ "type": "Feature", "properties": { "latitude": 42.57, "longitude": -78.45, "frac_class_11": 0.003947060201452331, "frac_class_21": 0.048600374795033964, "frac_class_22": 0.040782384633403605, "frac_class_23": 0.010587959709533849, "frac_class_24": 0.0024537362379948467, "frac_developed": 0.10242445537596627, "solar_resource_w_m2": 294.82258603502873, "solar_resource_pct": 0.42791551882460971, "solar_screening_pct": 0.42791551882460971, "resource_land_adj_oof": 295.91604614257812, "resource_opportunity_oof": -1.0934601075493902 }, "geometry": { "type": "Point", "coordinates": [ -78.45, 42.57 ] } },
{ "type": "Feature", "properties": { "latitude": 42.66, "longitude": -78.09, "frac_class_11": 0.018796442143848409, "frac_class_21": 0.053549365546882777, "frac_class_22": 0.036931202679517737, "frac_class_23": 0.0056506438220603481, "frac_class_24": 0.0015107420788513675, "frac_developed": 0.097641954127312233, "solar_resource_w_m2": 295.88267486726716, "solar_resource_pct": 0.50459136822773187, "solar_screening_pct": 0.50459136822773187, "resource_land_adj_oof": 295.78036499023438, "resource_opportunity_oof": 0.10230987703278061 }, "geometry": { "type": "Point", "coordinates": [ -78.09, 42.66 ] } },
{ "type": "Feature", "properties": { "latitude": 42.84, "longitude": -77.55, "frac_class_11": 0.0010540493060842069, "frac_class_21": 0.046606546817356681, "frac_class_22": 0.032154359665046553, "frac_class_23": 0.0039819640452070032, "frac_class_24": 0.00073783451425894482, "frac_developed": 0.083480705041869191, "solar_resource_w_m2": 295.4362178009618, "solar_resource_pct": 0.47015610651974288, "solar_screening_pct": 0.47015610651974288, "resource_land_adj_oof": 296.17886352539062, "resource_opportunity_oof": -0.74264572442882582 }, "geometry": { "type": "Point", "coordinates": [ -77.55, 42.84 ] } },
{ "type": "Feature", "properties": { "latitude": 44.82, "longitude": -73.95, "frac_class_11": 0.027035256504095984, "frac_class_21": 0.031257136499645739, "frac_class_22": 0.011992247199564343, "frac_class_23": 0.0010422949226183854, "frac_class_24": 2.3422357811649108e-05, "frac_developed": 0.044315100979640115, "solar_resource_w_m2": 281.1191711651943, "solar_resource_pct": 0.019742883379247015, "solar_screening_pct": 0.019742883379247015, "resource_land_adj_oof": 285.12197875976562, "resource_opportunity_oof": -4.0028075945713226 }, "geometry": { "type": "Point", "coordinates": [ -73.95, 44.82 ] } },
{ "type": "Feature", "properties": { "latitude": 42.3, "longitude": -77.37, "frac_class_11": 0.0044621159330331265, "frac_class_21": 0.047484643177120235, "frac_class_22": 0.043303605413097072, "frac_class_23": 0.014867863981589379, "frac_class_24": 0.0028049258949118996, "frac_developed": 0.10846103846671858, "solar_resource_w_m2": 298.60617921772479, "solar_resource_pct": 0.72727272727272729, "solar_screening_pct": 0.72727272727272729, "resource_land_adj_oof": 295.13235473632812, "resource_opportunity_oof": 3.4738244813966617 }, "geometry": { "type": "Point", "coordinates": [ -77.37, 42.3 ] } },
{ "type": "Feature", "properties": { "latitude": 44.19, "longitude": -76.2, "frac_class_11": 0.27382585165140677, "frac_class_21": 0.035333802869110725, "frac_class_22": 0.023256848426437337, "frac_class_23": 0.0038996181932757536, "frac_class_24": 0.00054120176446602667, "frac_developed": 0.063031471253289839, "solar_resource_w_m2": 297.0975895904437, "solar_resource_pct": 0.61570247933884292, "solar_screening_pct": 0.61570247933884292, "resource_land_adj_oof": 297.47946166992188, "resource_opportunity_oof": -0.38187207947817114 }, "geometry": { "type": "Point", "coordinates": [ -76.2, 44.19 ] } },
{ "type": "Feature", "properties": { "latitude": 44.73, "longitude": -74.58, "frac_class_11": 0.0030801302321223621, "frac_class_21": 0.044082168036914719, "frac_class_22": 0.011887194622069192, "frac_class_23": 0.0016044784859344623, "frac_class_24": 8.198065256599443e-05, "frac_developed": 0.057655821797484366, "solar_resource_w_m2": 280.7409663858063, "solar_resource_pct": 0.016528925619834711, "solar_screening_pct": 0.016528925619834711, "resource_land_adj_oof": 283.1678466796875, "resource_opportunity_oof": -2.4268802938811973 }, "geometry": { "type": "Point", "coordinates": [ -74.58, 44.73 ] } },
{ "type": "Feature", "properties": { "latitude": 42.66, "longitude": -74.49, "frac_class_11": 0.0037361723558382086, "frac_class_21": 0.070208417514332724, "frac_class_22": 0.038544649602080074, "frac_class_23": 0.020953016754214907, "frac_class_24": 0.0038591498158266134, "frac_developed": 0.13356523368645432, "solar_resource_w_m2": 300.66294209286235, "solar_resource_pct": 0.80670339761248855, "solar_screening_pct": 0.80670339761248855, "resource_land_adj_oof": 298.232421875, "resource_opportunity_oof": 2.4305202178623517 }, "geometry": { "type": "Point", "coordinates": [ -74.49, 42.66 ] } },
{ "type": "Feature", "properties": { "latitude": 42.39, "longitude": -78.36, "frac_class_11": 0.0022662192786747008, "frac_class_21": 0.052556377328437834, "frac_class_22": 0.0076770374014018938, "frac_class_23": 0.00043918978268889551, "frac_class_24": 5.8558637691852735e-06, "frac_developed": 0.060678460376297809, "solar_resource_w_m2": 297.76121981684042, "solar_resource_pct": 0.66942148760330578, "solar_screening_pct": 0.66942148760330578, "resource_land_adj_oof": 296.14859008789062, "resource_opportunity_oof": 1.6126297289497984 }, "geometry": { "type": "Point", "coordinates": [ -78.36, 42.39 ] } },
{ "type": "Feature", "properties": { "latitude": 42.93, "longitude": -77.46, "frac_class_11": 0.0022603898879760141, "frac_class_21": 0.06702114577172405, "frac_class_22": 0.058172831987444884, "frac_class_23": 0.0085847968284270375, "frac_class_24": 0.0013937118998401331, "frac_developed": 0.1351724864874361, "solar_resource_w_m2": 294.12702574679156, "solar_resource_pct": 0.37006427915518825, "solar_screening_pct": 0.37006427915518825, "resource_land_adj_oof": 295.29043579101562, "resource_opportunity_oof": -1.1634100442240651 }, "geometry": { "type": "Point", "coordinates": [ -77.46, 42.93 ] } },
{ "type": "Feature", "properties": { "latitude": 42.75, "longitude": -76.2, "frac_class_11": 0.027003285370438692, "frac_class_21": 0.052987578840106117, "frac_class_22": 0.022552516148679116, "frac_class_23": 0.0028344372412258357, "frac_class_24": 0.00053292105155279144, "frac_developed": 0.078907453281563872, "solar_resource_w_m2": 292.06908522907332, "solar_resource_pct": 0.25344352617079891, "solar_screening_pct": 0.25344352617079891, "resource_land_adj_oof": 291.98605346679688, "resource_opportunity_oof": 0.083031762276448262 }, "geometry": { "type": "Point", "coordinates": [ -76.2, 42.75 ] } },
{ "type": "Feature", "properties": { "latitude": 41.67, "longitude": -75.03, "frac_class_11": 0.01885532926557907, "frac_class_21": 0.06368650965603663, "frac_class_22": 0.012355510792040943, "frac_class_23": 0.0019440898497429351, "frac_class_24": 0.00016981507723658169, "frac_developed": 0.078155925375057098, "solar_resource_w_m2": 304.80709994825594, "solar_resource_pct": 0.91460055096418735, "solar_screening_pct": 0.91460055096418735, "resource_land_adj_oof": 301.70138549804688, "resource_opportunity_oof": 3.1057144502090637 }, "geometry": { "type": "Point", "coordinates": [ -75.03, 41.67 ] } },
{ "type": "Feature", "properties": { "latitude": 42.21, "longitude": -74.58, "frac_class_11": 0.0012589664763577807, "frac_class_21": 0.061648367735324255, "frac_class_22": 0.01314595227638706, "frac_class_23": 0.0018035426731078906, "frac_class_24": 0.00018738105694627433, "frac_developed": 0.076785243741765472, "solar_resource_w_m2": 302.99791917060929, "solar_resource_pct": 0.88200183654729114, "solar_screening_pct": 0.88200183654729114, "resource_land_adj_oof": 303.43655395507812, "resource_opportunity_oof": -0.43863478446883164 }, "geometry": { "type": "Point", "coordinates": [ -74.58, 42.21 ] } },
{ "type": "Feature", "properties": { "latitude": 42.75, "longitude": -73.5, "frac_class_11": 0.017662629717257374, "frac_class_21": 0.046475672889971655, "frac_class_22": 0.013405092646817681, "frac_class_23": 0.0022078287146571718, "frac_class_24": 0.0003572348848649535, "frac_developed": 0.062445829136311456, "solar_resource_w_m2": 297.039611017916, "solar_resource_pct": 0.61065197428833795, "solar_screening_pct": 0.61065197428833795, "resource_land_adj_oof": 299.16250610351562, "resource_opportunity_oof": -2.1228950855996231 }, "geometry": { "type": "Point", "coordinates": [ -73.5, 42.75 ] } },
{ "type": "Feature", "properties": { "latitude": 41.94, "longitude": -74.22, "frac_class_11": 0.14031584679615175, "frac_class_21": 0.058449809402795427, "frac_class_22": 0.011400699149192816, "frac_class_23": 0.0018035004303807846, "frac_class_24": 0.00016395458458007132, "frac_developed": 0.071817963566949097, "solar_resource_w_m2": 305.82151276420257, "solar_resource_pct": 0.93985307621671255, "solar_screening_pct": 0.93985307621671255, "resource_land_adj_oof": 305.8043212890625, "resource_opportunity_oof": 0.017191475140066359 }, "geometry": { "type": "Point", "coordinates": [ -74.22, 41.94 ] } },
{ "type": "Feature", "properties": { "latitude": 44.46, "longitude": -75.48, "frac_class_11": 0.02977724163777757, "frac_class_21": 0.03088400637121709, "frac_class_22": 0.00616626065773447, "frac_class_23": 0.00050946313126581098, "frac_class_24": 2.9279490302632813e-05, "frac_developed": 0.037589009650520006, "solar_resource_w_m2": 286.48152743930132, "solar_resource_pct": 0.095959595959595953, "solar_screening_pct": 0.095959595959595953, "resource_land_adj_oof": 286.32476806640625, "resource_opportunity_oof": 0.15675937289506692 }, "geometry": { "type": "Point", "coordinates": [ -75.48, 44.46 ] } },
{ "type": "Feature", "properties": { "latitude": 42.48, "longitude": -73.95, "frac_class_11": 0.044606835655020174, "frac_class_21": 0.05843741399804428, "frac_class_22": 0.019498656173696137, "frac_class_23": 0.0022133609710682104, "frac_class_24": 0.00016395266452357113, "frac_developed": 0.080313383807332203, "solar_resource_w_m2": 301.83854857844824, "solar_resource_pct": 0.84710743801652888, "solar_screening_pct": 0.84710743801652888, "resource_land_adj_oof": 301.82208251953125, "resource_opportunity_oof": 0.016466058916989823 }, "geometry": { "type": "Point", "coordinates": [ -73.95, 42.48 ] } },
{ "type": "Feature", "properties": { "latitude": 42.03, "longitude": -75.75, "frac_class_11": 0.012010024945249278, "frac_class_21": 0.07117594013140173, "frac_class_22": 0.048649091782121401, "frac_class_23": 0.012443346176818484, "frac_class_24": 0.0035602609296497127, "frac_developed": 0.13582863901999132, "solar_resource_w_m2": 298.07520890432971, "solar_resource_pct": 0.69329660238751145, "solar_screening_pct": 0.69329660238751145, "resource_land_adj_oof": 297.14663696289062, "resource_opportunity_oof": 0.92857194143908828 }, "geometry": { "type": "Point", "coordinates": [ -75.75, 42.03 ] } },
{ "type": "Feature", "properties": { "latitude": 42.39, "longitude": -76.65, "frac_class_11": 0.0021491775150354587, "frac_class_21": 0.060229675046702152, "frac_class_22": 0.019852075683842518, "frac_class_23": 0.0022135942797912897, "frac_class_24": 0.00014640173808143451, "frac_developed": 0.082441746748417394, "solar_resource_w_m2": 293.92321551024338, "solar_resource_pct": 0.36271808999081728, "solar_screening_pct": 0.36271808999081728, "resource_land_adj_oof": 294.656982421875, "resource_opportunity_oof": -0.73376691163161922 }, "geometry": { "type": "Point", "coordinates": [ -76.65, 42.39 ] } },
{ "type": "Feature", "properties": { "latitude": 44.46, "longitude": -75.3, "frac_class_11": 0.0068105689723829375, "frac_class_21": 0.044839661755405123, "frac_class_22": 0.017749642781850976, "frac_class_23": 0.0025180951488604155, "frac_class_24": 0.00033379400810475276, "frac_developed": 0.065441193694221272, "solar_resource_w_m2": 284.75207883609562, "solar_resource_pct": 0.074839302112029382, "solar_screening_pct": 0.074839302112029382, "resource_land_adj_oof": 286.53509521484375, "resource_opportunity_oof": -1.7830163787481297 }, "geometry": { "type": "Point", "coordinates": [ -75.3, 44.46 ] } },
{ "type": "Feature", "properties": { "latitude": 43.2, "longitude": -75.75, "frac_class_11": 0.3565393061045235, "frac_class_21": 0.044748938661982138, "frac_class_22": 0.028932806324110671, "frac_class_23": 0.0062187088274044799, "frac_class_24": 0.00091933831064265842, "frac_developed": 0.08081979212413995, "solar_resource_w_m2": 285.68919344029473, "solar_resource_pct": 0.087235996326905416, "solar_screening_pct": 0.087235996326905416, "resource_land_adj_oof": 293.71633911132812, "resource_opportunity_oof": -8.027145671033395 }, "geometry": { "type": "Point", "coordinates": [ -75.75, 43.2 ] } },
{ "type": "Feature", "properties": { "latitude": 42.3, "longitude": -78.54, "frac_class_11": 0.00080808553995338869, "frac_class_21": 0.045088830852471687, "frac_class_22": 0.01160012648295408, "frac_class_23": 0.00045088830852471688, "frac_class_24": 2.3422769274011266e-05, "frac_developed": 0.057163268413224499, "solar_resource_w_m2": 296.88610686792276, "solar_resource_pct": 0.59595959595959591, "solar_screening_pct": 0.59595959595959591, "resource_land_adj_oof": 297.32485961914062, "resource_opportunity_oof": -0.43875275121786217 }, "geometry": { "type": "Point", "coordinates": [ -78.54, 42.3 ] } },
{ "type": "Feature", "properties": { "latitude": 42.75, "longitude": -76.56, "frac_class_11": 0.01047620163028202, "frac_class_21": 0.04655438958118617, "frac_class_22": 0.025613698116743185, "frac_class_23": 0.0045383209969080858, "frac_class_24": 0.00043333645647896562, "frac_developed": 0.077139745151316413, "solar_resource_w_m2": 295.7544718571873, "solar_resource_pct": 0.49954086317722679, "solar_screening_pct": 0.49954086317722679, "resource_land_adj_oof": 292.61611938476562, "resource_opportunity_oof": 3.1383524724216727 }, "geometry": { "type": "Point", "coordinates": [ -76.56, 42.75 ] } },
{ "type": "Feature", "properties": { "latitude": 44.91, "longitude": -73.5, "frac_class_11": 0.0033378814407935961, "frac_class_21": 0.041869916318726684, "frac_class_22": 0.026855305767507772, "frac_class_23": 0.004339245873031675, "frac_class_24": 0.00064415255874964133, "frac_developed": 0.073708620518015772, "solar_resource_w_m2": 286.85471195653338, "solar_resource_pct": 0.10835629017447199, "solar_screening_pct": 0.10835629017447199, "resource_land_adj_oof": 286.18060302734375, "resource_opportunity_oof": 0.67410892918962872 }, "geometry": { "type": "Point", "coordinates": [ -73.5, 44.91 ] } },
{ "type": "Feature", "properties": { "latitude": 42.39, "longitude": -78.45, "frac_class_11": 0.0097496706192358364, "frac_class_21": 0.061507831942614555, "frac_class_22": 0.028944517640169812, "frac_class_23": 0.0047782169521299956, "frac_class_24": 0.00084907041428780561, "frac_developed": 0.096079636949202171, "solar_resource_w_m2": 296.69436380780064, "solar_resource_pct": 0.57208448117539024, "solar_screening_pct": 0.57208448117539024, "resource_land_adj_oof": 296.38583374023438, "resource_opportunity_oof": 0.30853006756626655 }, "geometry": { "type": "Point", "coordinates": [ -78.45, 42.39 ] } },
{ "type": "Feature", "properties": { "latitude": 42.75, "longitude": -76.65, "frac_class_11": 0.11745896022817118, "frac_class_21": 0.046682557438110908, "frac_class_22": 0.023613608278818615, "frac_class_23": 0.0044392646516231427, "frac_class_24": 0.00039238882804584508, "frac_developed": 0.075127819196598514, "solar_resource_w_m2": 291.19943280427418, "solar_resource_pct": 0.21349862258953167, "solar_screening_pct": 0.21349862258953167, "resource_land_adj_oof": 291.65249633789062, "resource_opportunity_oof": -0.45306353361644369 }, "geometry": { "type": "Point", "coordinates": [ -76.65, 42.75 ] } },
{ "type": "Feature", "properties": { "latitude": 42.3, "longitude": -76.83, "frac_class_11": 0.0010833221097258903, "frac_class_21": 0.063266011207991996, "frac_class_22": 0.030795626892153819, "frac_class_23": 0.0063008356219732857, "frac_class_24": 0.001182870627916918, "frac_developed": 0.10154534435003601, "solar_resource_w_m2": 296.21603704774287, "solar_resource_pct": 0.52800734618916434, "solar_screening_pct": 0.52800734618916434, "resource_land_adj_oof": 295.734130859375, "resource_opportunity_oof": 0.4819061883678728 }, "geometry": { "type": "Point", "coordinates": [ -76.83, 42.3 ] } },
{ "type": "Feature", "properties": { "latitude": 43.38, "longitude": -76.56, "frac_class_11": 0.032839684017591013, "frac_class_21": 0.083440202847120962, "frac_class_22": 0.028845984927006657, "frac_class_23": 0.0036423472644332403, "frac_class_24": 0.001200452072682981, "frac_developed": 0.11712898711124384, "solar_resource_w_m2": 295.91511301199631, "solar_resource_pct": 0.51056014692378326, "solar_screening_pct": 0.51056014692378326, "resource_land_adj_oof": 294.35122680664062, "resource_opportunity_oof": 1.5638862053556863 }, "geometry": { "type": "Point", "coordinates": [ -76.56, 43.38 ] } },
{ "type": "Feature", "properties": { "latitude": 43.2, "longitude": -73.5, "frac_class_11": 0.021777829829595363, "frac_class_21": 0.052386250512385081, "frac_class_22": 0.021338642618726943, "frac_class_23": 0.0027288165368624467, "frac_class_24": 0.00015810739591263102, "frac_developed": 0.076611817063887103, "solar_resource_w_m2": 296.92002263620066, "solar_resource_pct": 0.60055096418732778, "solar_screening_pct": 0.60055096418732778, "resource_land_adj_oof": 294.97711181640625, "resource_opportunity_oof": 1.9429108197944061 }, "geometry": { "type": "Point", "coordinates": [ -73.5, 43.2 ] } },
{ "type": "Feature", "properties": { "latitude": 44.55, "longitude": -74.94, "frac_class_11": 0.03567392208187669, "frac_class_21": 0.052849170516897095, "frac_class_22": 0.019265791800619551, "frac_class_23": 0.0017333356756788409, "frac_class_24": 3.5135182615111639e-05, "frac_developed": 0.073883433175810587, "solar_resource_w_m2": 280.14262667550031, "solar_resource_pct": 0.0064279155188246093, "solar_screening_pct": 0.0064279155188246093, "resource_land_adj_oof": 282.94522094726562, "resource_opportunity_oof": -2.8025942717653152 }, "geometry": { "type": "Point", "coordinates": [ -74.94, 44.55 ] } },
{ "type": "Feature", "properties": { "latitude": 43.47, "longitude": -73.32, "frac_class_11": 0.0063070607457206274, "frac_class_21": 0.050427205275209212, "frac_class_22": 0.021257781343515206, "frac_class_23": 0.0040700159872570432, "frac_class_24": 0.0007378734020063129, "frac_developed": 0.076492876007987765, "solar_resource_w_m2": 292.40920098140236, "solar_resource_pct": 0.26859504132231404, "solar_screening_pct": 0.26859504132231404, "resource_land_adj_oof": 292.198974609375, "resource_opportunity_oof": 0.21022637202736405 }, "geometry": { "type": "Point", "coordinates": [ -73.32, 43.47 ] } },
{ "type": "Feature", "properties": { "latitude": 42.21, "longitude": -76.92, "frac_class_11": 0.00055639177008720705, "frac_class_21": 0.079681158231962659, "frac_class_22": 0.043099863537597441, "frac_class_23": 0.013042994441939055, "frac_class_24": 0.0054467825913800273, "frac_developed": 0.14127079880287918, "solar_resource_w_m2": 296.84981095141461, "solar_resource_pct": 0.58907254361799821, "solar_screening_pct": 0.58907254361799821, "resource_land_adj_oof": 295.42568969726562, "resource_opportunity_oof": 1.4241212541489858 }, "geometry": { "type": "Point", "coordinates": [ -76.92, 42.21 ] } },
{ "type": "Feature", "properties": { "latitude": 42.84, "longitude": -75.39, "frac_class_11": 0.0021024397671504033, "frac_class_21": 0.048402965669911098, "frac_class_22": 0.013024585075605843, "frac_class_23": 0.00086088759267718474, "frac_class_24": 2.3425512725909788e-05, "frac_developed": 0.062311863850920031, "solar_resource_w_m2": 289.95124795841934, "solar_resource_pct": 0.17309458218549129, "solar_screening_pct": 0.17309458218549129, "resource_land_adj_oof": 290.61077880859375, "resource_opportunity_oof": -0.65953085017440571 }, "geometry": { "type": "Point", "coordinates": [ -75.39, 42.84 ] } },
{ "type": "Feature", "properties": { "latitude": 42.84, "longitude": -75.21, "frac_class_11": 0.0014463560026701956, "frac_class_21": 0.049105835782964617, "frac_class_22": 0.017473385878412406, "frac_class_23": 0.0030918055441694872, "frac_class_24": 0.00033963015447316337, "frac_developed": 0.070010657360019685, "solar_resource_w_m2": 292.12892222516308, "solar_resource_pct": 0.25528007346189163, "solar_screening_pct": 0.25528007346189163, "resource_land_adj_oof": 292.0203857421875, "resource_opportunity_oof": 0.10853648297558038 }, "geometry": { "type": "Point", "coordinates": [ -75.21, 42.84 ] } },
{ "type": "Feature", "properties": { "latitude": 43.29, "longitude": -73.32, "frac_class_11": 0.0034316768367669624, "frac_class_21": 0.048277719867417808, "frac_class_22": 0.0084854944308452706, "frac_class_23": 0.00071444466567503306, "frac_class_24": 8.198545343811855e-05, "frac_developed": 0.057559644417376231, "solar_resource_w_m2": 295.81430365133184, "solar_resource_pct": 0.50229568411386594, "solar_screening_pct": 0.50229568411386594, "resource_land_adj_oof": 293.42111206054688, "resource_opportunity_oof": 2.3931915907849657 }, "geometry": { "type": "Point", "coordinates": [ -73.32, 43.29 ] } },
{ "type": "Feature", "properties": { "latitude": 42.3, "longitude": -78.0, "frac_class_11": 0.0018504962960794074, "frac_class_21": 0.05699060111849618, "frac_class_22": 0.026041636166661785, "frac_class_23": 0.0020905923344947735, "frac_class_24": 5.2704008432641347e-05, "frac_developed": 0.085175533628085373, "solar_resource_w_m2": 297.32743299247437, "solar_resource_pct": 0.63728191000918277, "solar_screening_pct": 0.63728191000918277, "resource_land_adj_oof": 297.21408081054688, "resource_opportunity_oof": 0.11335218192749608 }, "geometry": { "type": "Point", "coordinates": [ -78.0, 42.3 ] } },
{ "type": "Feature", "properties": { "latitude": 44.91, "longitude": -74.22, "frac_class_11": 0.00011711864704538933, "frac_class_21": 0.048317297838575371, "frac_class_22": 0.017421398748001662, "frac_class_23": 0.0029103983790779251, "frac_class_24": 0.00026351695585212601, "frac_developed": 0.068912611921507091, "solar_resource_w_m2": 280.2604700854701, "solar_resource_pct": 0.0087235996326905426, "solar_screening_pct": 0.0087235996326905426, "resource_land_adj_oof": 286.3638916015625, "resource_opportunity_oof": -6.1034215160923964 }, "geometry": { "type": "Point", "coordinates": [ -74.22, 44.91 ] } },
{ "type": "Feature", "properties": { "latitude": 42.39, "longitude": -74.49, "frac_class_11": 0.033513500852038157, "frac_class_21": 0.045084823180122621, "frac_class_22": 0.01284205964852694, "frac_class_23": 0.0030040932967142363, "frac_class_24": 0.00022252542938623973, "frac_developed": 0.061153501554750044, "solar_resource_w_m2": 301.97481701316633, "solar_resource_pct": 0.85169880624426075, "solar_screening_pct": 0.85169880624426075, "resource_land_adj_oof": 301.34780883789062, "resource_opportunity_oof": 0.62700817527570507 }, "geometry": { "type": "Point", "coordinates": [ -74.49, 42.39 ] } },
{ "type": "Feature", "properties": { "latitude": 42.12, "longitude": -75.03, "frac_class_11": 0.0023890245402006078, "frac_class_21": 0.037632991960463984, "frac_class_22": 0.0098430153237186804, "frac_class_23": 0.002096251924979945, "frac_class_24": 0.00029277261522066273, "frac_developed": 0.049865031824383274, "solar_resource_w_m2": 298.73971607611094, "solar_resource_pct": 0.7346189164370982, "solar_screening_pct": 0.7346189164370982, "resource_land_adj_oof": 300.17962646484375, "resource_opportunity_oof": -1.4399103887328124 }, "geometry": { "type": "Point", "coordinates": [ -75.03, 42.12 ] } },
{ "type": "Feature", "properties": { "latitude": 42.93, "longitude": -74.49, "frac_class_11": 0.015892535076007776, "frac_class_21": 0.053908134823038904, "frac_class_22": 0.0302391492750568, "frac_class_23": 0.0096034478720164896, "frac_class_24": 0.001171152179514206, "frac_developed": 0.094921884149626393, "solar_resource_w_m2": 295.67346116548094, "solar_resource_pct": 0.49311294765840219, "solar_screening_pct": 0.49311294765840219, "resource_land_adj_oof": 295.27114868164062, "resource_opportunity_oof": 0.40231248384031915 }, "geometry": { "type": "Point", "coordinates": [ -74.49, 42.93 ] } },
{ "type": "Feature", "properties": { "latitude": 42.84, "longitude": -76.74, "frac_class_11": 0.2822099900450899, "frac_class_21": 0.04123675118580547, "frac_class_22": 0.039497569830766528, "frac_class_23": 0.0052175440651168236, "frac_class_24": 0.00060900626573754172, "frac_developed": 0.086560871347426349, "solar_resource_w_m2": 293.8010288569867, "solar_resource_pct": 0.35858585858585856, "solar_screening_pct": 0.35858585858585856, "resource_land_adj_oof": 295.36907958984375, "resource_opportunity_oof": -1.5680507328570457 }, "geometry": { "type": "Point", "coordinates": [ -76.74, 42.84 ] } },
{ "type": "Feature", "properties": { "latitude": 43.56, "longitude": -73.59, "frac_class_11": 0.25752598448250624, "frac_class_21": 0.021361440491875276, "frac_class_22": 0.010692431561996779, "frac_class_23": 0.0033025911286780852, "frac_class_24": 0.00031620553359683795, "frac_developed": 0.03567266871614698, "solar_resource_w_m2": 285.36037896447124, "solar_resource_pct": 0.084022038567493115, "solar_screening_pct": 0.084022038567493115, "resource_land_adj_oof": 289.80404663085938, "resource_opportunity_oof": -4.4436676663881371 }, "geometry": { "type": "Point", "coordinates": [ -73.59, 43.56 ] } },
{ "type": "Feature", "properties": { "latitude": 42.21, "longitude": -75.3, "frac_class_11": 0.0036072754529590197, "frac_class_21": 0.0531897450312123, "frac_class_22": 0.0095686494969724652, "frac_class_23": 0.0010013702961947928, "frac_class_24": 3.5135799866483962e-05, "frac_developed": 0.063794900624246045, "solar_resource_w_m2": 296.84776135876416, "solar_resource_pct": 0.58539944903581265, "solar_screening_pct": 0.58539944903581265, "resource_land_adj_oof": 296.49334716796875, "resource_opportunity_oof": 0.35441419079540992 }, "geometry": { "type": "Point", "coordinates": [ -75.3, 42.21 ] } },
{ "type": "Feature", "properties": { "latitude": 42.75, "longitude": -74.49, "frac_class_11": 0.0043215009310550783, "frac_class_21": 0.050973801632567019, "frac_class_22": 0.018445430803283872, "frac_class_23": 0.0027521753896963238, "frac_class_24": 5.2701230866525349e-05, "frac_developed": 0.072224109056413743, "solar_resource_w_m2": 300.49288817022574, "solar_resource_pct": 0.79797979797979801, "solar_screening_pct": 0.79797979797979801, "resource_land_adj_oof": 297.4986572265625, "resource_opportunity_oof": 2.9942309436632399 }, "geometry": { "type": "Point", "coordinates": [ -74.49, 42.75 ] } },
{ "type": "Feature", "properties": { "latitude": 42.3, "longitude": -76.47, "frac_class_11": 0.0034666713513576818, "frac_class_21": 0.048738354150929031, "frac_class_22": 0.010113076729382968, "frac_class_23": 0.00056216292184178623, "frac_class_24": 3.5135182615111639e-05, "frac_developed": 0.059448728984768898, "solar_resource_w_m2": 293.60082116757843, "solar_resource_pct": 0.34022038567493113, "solar_screening_pct": 0.34022038567493113, "resource_land_adj_oof": 295.35690307617188, "resource_opportunity_oof": -1.756081908593444 }, "geometry": { "type": "Point", "coordinates": [ -76.47, 42.3 ] } },
{ "type": "Feature", "properties": { "latitude": 43.56, "longitude": -73.32, "frac_class_11": 0.0093694368968424997, "frac_class_21": 0.057118429682376091, "frac_class_22": 0.027862362971985383, "frac_class_23": 0.01177035510165839, "frac_class_24": 0.0019441581560948188, "frac_developed": 0.098695305912114686, "solar_resource_w_m2": 284.41616148067277, "solar_resource_pct": 0.062901744719926544, "solar_screening_pct": 0.062901744719926544, "resource_land_adj_oof": 289.1197509765625, "resource_opportunity_oof": -4.7035894958897302 }, "geometry": { "type": "Point", "coordinates": [ -73.32, 43.56 ] } },
{ "type": "Feature", "properties": { "latitude": 42.12, "longitude": -75.48, "frac_class_11": 0.001411263168373651, "frac_class_21": 0.044820781289344087, "frac_class_22": 0.0039761314992768004, "frac_class_23": 0.00035720768992030167, "frac_class_24": 0.0, "frac_developed": 0.049154120478541188, "solar_resource_w_m2": 297.45526089143033, "solar_resource_pct": 0.6455463728191001, "solar_screening_pct": 0.6455463728191001, "resource_land_adj_oof": 297.06890869140625, "resource_opportunity_oof": 0.38635220002407777 }, "geometry": { "type": "Point", "coordinates": [ -75.48, 42.12 ] } },
{ "type": "Feature", "properties": { "latitude": 42.48, "longitude": -77.64, "frac_class_11": 0.0060316456437464134, "frac_class_21": 0.05714837848283616, "frac_class_22": 0.027528899195390182, "frac_class_23": 0.0017743578932574401, "frac_class_24": 3.5135799866483962e-05, "frac_developed": 0.086486771371350274, "solar_resource_w_m2": 296.60517848809758, "solar_resource_pct": 0.56060606060606055, "solar_screening_pct": 0.56060606060606055, "resource_land_adj_oof": 296.04714965820312, "resource_opportunity_oof": 0.55802882989445379 }, "geometry": { "type": "Point", "coordinates": [ -77.64, 42.48 ] } },
{ "type": "Feature", "properties": { "latitude": 44.82, "longitude": -74.22, "frac_class_11": 0.0014463898811266616, "frac_class_21": 0.055530830942202965, "frac_class_22": 0.025636821455759209, "frac_class_23": 0.008982842419628741, "frac_class_24": 0.002553141652515079, "frac_developed": 0.092703636470105988, "solar_resource_w_m2": 279.75860000589762, "solar_resource_pct": 0.0050505050505050509, "solar_screening_pct": 0.0050505050505050509, "resource_land_adj_oof": 285.41903686523438, "resource_opportunity_oof": -5.6604368593367553 }, "geometry": { "type": "Point", "coordinates": [ -74.22, 44.82 ] } },
{ "type": "Feature", "properties": { "latitude": 43.29, "longitude": -75.66, "frac_class_11": 0.0063595052937318467, "frac_class_21": 0.05445985196289703, "frac_class_22": 0.026784877728848498, "frac_class_23": 0.0030743464817764451, "frac_class_24": 0.0004216246603579125, "frac_developed": 0.084740700833879884, "solar_resource_w_m2": 286.81080173316542, "solar_resource_pct": 0.10606060606060606, "solar_screening_pct": 0.10606060606060606, "resource_land_adj_oof": 291.56878662109375, "resource_opportunity_oof": -4.7579848879283304 }, "geometry": { "type": "Point", "coordinates": [ -75.66, 43.29 ] } },
{ "type": "Feature", "properties": { "latitude": 43.38, "longitude": -73.32, "frac_class_11": 0.0039058382619898109, "frac_class_21": 0.055606956725420154, "frac_class_22": 0.028090414007144113, "frac_class_23": 0.0087368975815424257, "frac_class_24": 0.0022954851554722725, "frac_developed": 0.094729753469578973, "solar_resource_w_m2": 295.25528442004207, "solar_resource_pct": 0.46097337006427913, "solar_screening_pct": 0.46097337006427913, "resource_land_adj_oof": 292.57925415039062, "resource_opportunity_oof": 2.6760302696514486 }, "geometry": { "type": "Point", "coordinates": [ -73.32, 43.38 ] } },
{ "type": "Feature", "properties": { "latitude": 42.39, "longitude": -77.28, "frac_class_11": 0.014072135064387484, "frac_class_21": 0.056516926968956972, "frac_class_22": 0.046778283351779949, "frac_class_23": 0.016215456509899685, "frac_class_24": 0.003619050965373061, "frac_developed": 0.12312971779600966, "solar_resource_w_m2": 296.53456795852611, "solar_resource_pct": 0.54637281910009183, "solar_screening_pct": 0.54637281910009183, "resource_land_adj_oof": 294.91525268554688, "resource_opportunity_oof": 1.6193152729792359 }, "geometry": { "type": "Point", "coordinates": [ -77.28, 42.39 ] } },
{ "type": "Feature", "properties": { "latitude": 41.85, "longitude": -73.59, "frac_class_11": 0.0070329335706924012, "frac_class_21": 0.060930619319778882, "frac_class_22": 0.016443361753958587, "frac_class_23": 0.0056860770167712921, "frac_class_24": 0.00070270776726318745, "frac_developed": 0.083762765857771954, "solar_resource_w_m2": 307.41866138077131, "solar_resource_pct": 0.9687786960514233, "solar_screening_pct": 0.9687786960514233, "resource_land_adj_oof": 307.06295776367188, "resource_opportunity_oof": 0.35570361709943654 }, "geometry": { "type": "Point", "coordinates": [ -73.59, 41.85 ] } },
{ "type": "Feature", "properties": { "latitude": 42.84, "longitude": -76.11, "frac_class_11": 0.0071500934021210185, "frac_class_21": 0.07183472216528955, "frac_class_22": 0.029244526167233716, "frac_class_23": 0.0091821019283585235, "frac_class_24": 0.0011126271469311987, "frac_developed": 0.11137397740781299, "solar_resource_w_m2": 290.98755217664763, "solar_resource_pct": 0.20752984389348025, "solar_screening_pct": 0.20752984389348025, "resource_land_adj_oof": 291.29489135742188, "resource_opportunity_oof": -0.3073391807742496 }, "geometry": { "type": "Point", "coordinates": [ -76.11, 42.84 ] } },
{ "type": "Feature", "properties": { "latitude": 42.48, "longitude": -75.84, "frac_class_11": 0.011214044785908367, "frac_class_21": 0.042812470720509699, "frac_class_22": 0.0092523189356319684, "frac_class_23": 0.00083739342265529843, "frac_class_24": 5.8558980605265626e-05, "frac_developed": 0.052960742059402231, "solar_resource_w_m2": 292.21570640887353, "solar_resource_pct": 0.25711662075298441, "solar_screening_pct": 0.25711662075298441, "resource_land_adj_oof": 293.05584716796875, "resource_opportunity_oof": -0.84014075909522035 }, "geometry": { "type": "Point", "coordinates": [ -75.84, 42.48 ] } },
{ "type": "Feature", "properties": { "latitude": 42.12, "longitude": -76.29, "frac_class_11": 0.017157379429883119, "frac_class_21": 0.074409153725435079, "frac_class_22": 0.04326821727215234, "frac_class_23": 0.020864076078045583, "frac_class_24": 0.0060782798116787292, "frac_developed": 0.14461972688731173, "solar_resource_w_m2": 296.10226972892281, "solar_resource_pct": 0.52203856749311295, "solar_screening_pct": 0.52203856749311295, "resource_land_adj_oof": 296.23312377929688, "resource_opportunity_oof": -0.13085405037406872 }, "geometry": { "type": "Point", "coordinates": [ -76.29, 42.12 ] } },
{ "type": "Feature", "properties": { "latitude": 42.75, "longitude": -77.1, "frac_class_11": 0.00013469433171114508, "frac_class_21": 0.0348214128849769, "frac_class_22": 0.047078597070691099, "frac_class_23": 0.0045327570758446215, "frac_class_24": 0.00032209514104839041, "frac_developed": 0.086754862172561009, "solar_resource_w_m2": 295.70430059512159, "solar_resource_pct": 0.4967860422405877, "solar_screening_pct": 0.4967860422405877, "resource_land_adj_oof": 294.79061889648438, "resource_opportunity_oof": 0.9136816986372196 }, "geometry": { "type": "Point", "coordinates": [ -77.1, 42.75 ] } },
{ "type": "Feature", "properties": { "latitude": 42.93, "longitude": -75.03, "frac_class_11": 0.0032676676582886321, "frac_class_21": 0.059304068773277742, "frac_class_22": 0.015137851069312033, "frac_class_23": 0.0019442036963294371, "frac_class_24": 0.00015225691597760651, "frac_developed": 0.076538380454896818, "solar_resource_w_m2": 292.43086234619818, "solar_resource_pct": 0.26997245179063362, "solar_screening_pct": 0.26997245179063362, "resource_land_adj_oof": 292.61856079101562, "resource_opportunity_oof": -0.18769844481744258 }, "geometry": { "type": "Point", "coordinates": [ -75.03, 42.93 ] } },
{ "type": "Feature", "properties": { "latitude": 42.84, "longitude": -74.13, "frac_class_11": 0.0073842009720676933, "frac_class_21": 0.061228553024535927, "frac_class_22": 0.022158458745681325, "frac_class_23": 0.0036247584470340223, "frac_class_24": 0.00021666569069508695, "frac_developed": 0.087228435907946364, "solar_resource_w_m2": 299.22508544589124, "solar_resource_pct": 0.76033057851239672, "solar_screening_pct": 0.76033057851239672, "resource_land_adj_oof": 298.22564697265625, "resource_opportunity_oof": 0.99943847323498858 }, "geometry": { "type": "Point", "coordinates": [ -74.13, 42.84 ] } },
{ "type": "Feature", "properties": { "latitude": 42.48, "longitude": -75.48, "frac_class_11": 0.0062597717437768265, "frac_class_21": 0.047284992358276774, "frac_class_22": 0.027369666165026087, "frac_class_23": 0.011354253892594262, "frac_class_24": 0.0037535207556229615, "frac_developed": 0.089762433171520079, "solar_resource_w_m2": 293.45132394300458, "solar_resource_pct": 0.33379247015610652, "solar_screening_pct": 0.33379247015610652, "resource_land_adj_oof": 293.44210815429688, "resource_opportunity_oof": 0.0092157887077064515 }, "geometry": { "type": "Point", "coordinates": [ -75.48, 42.48 ] } },
{ "type": "Feature", "properties": { "latitude": 42.21, "longitude": -78.72, "frac_class_11": 0.0061546209432791071, "frac_class_21": 0.054893831324736776, "frac_class_22": 0.040224634880479719, "frac_class_23": 0.011278591757141351, "frac_class_24": 0.0020613002588337256, "frac_developed": 0.10845835822119157, "solar_resource_w_m2": 296.82960500207417, "solar_resource_pct": 0.58356290174471992, "solar_screening_pct": 0.58356290174471992, "resource_land_adj_oof": 298.06982421875, "resource_opportunity_oof": -1.2402192166758255 }, "geometry": { "type": "Point", "coordinates": [ -78.72, 42.21 ] } },
{ "type": "Feature", "properties": { "latitude": 44.91, "longitude": -74.85, "frac_class_11": 0.023072778805837295, "frac_class_21": 0.067572790517907752, "frac_class_22": 0.06579255580801574, "frac_class_23": 0.029854067602070693, "frac_class_24": 0.013316624112810663, "frac_developed": 0.17653603804080487, "solar_resource_w_m2": 283.15568207016815, "solar_resource_pct": 0.044077134986225897, "solar_screening_pct": 0.044077134986225897, "resource_land_adj_oof": 285.05349731445312, "resource_opportunity_oof": -1.8978152442849705 }, "geometry": { "type": "Point", "coordinates": [ -74.85, 44.91 ] } },
{ "type": "Feature", "properties": { "latitude": 42.39, "longitude": -77.1, "frac_class_11": 0.037771206043392964, "frac_class_21": 0.058969929435188709, "frac_class_22": 0.022861827657892426, "frac_class_23": 0.0014522882323661172, "frac_class_24": 1.756800281088045e-05, "frac_developed": 0.083301613328258139, "solar_resource_w_m2": 296.57861131157131, "solar_resource_pct": 0.55601469237832879, "solar_screening_pct": 0.55601469237832879, "resource_land_adj_oof": 295.02249145507812, "resource_opportunity_oof": 1.5561198564931829 }, "geometry": { "type": "Point", "coordinates": [ -77.1, 42.39 ] } },
{ "type": "Feature", "properties": { "latitude": 43.2, "longitude": -76.83, "frac_class_11": 0.0028634335437478773, "frac_class_21": 0.065238268120439882, "frac_class_22": 0.035959806527925797, "frac_class_23": 0.0080281541686673622, "frac_class_24": 0.0025823603124597422, "frac_developed": 0.11180858912949279, "solar_resource_w_m2": 293.93729675096745, "solar_resource_pct": 0.36363636363636365, "solar_screening_pct": 0.36363636363636365, "resource_land_adj_oof": 292.84063720703125, "resource_opportunity_oof": 1.0966595439361981 }, "geometry": { "type": "Point", "coordinates": [ -76.83, 43.2 ] } },
{ "type": "Feature", "properties": { "latitude": 43.2, "longitude": -76.92, "frac_class_11": 0.039935821612189212, "frac_class_21": 0.061607738882968131, "frac_class_22": 0.032446391136824106, "frac_class_23": 0.0050651738555049361, "frac_class_24": 0.0012941080023891225, "frac_developed": 0.10041341187768629, "solar_resource_w_m2": 294.57884225060212, "solar_resource_pct": 0.4081726354453627, "solar_screening_pct": 0.4081726354453627, "resource_land_adj_oof": 293.32638549804688, "resource_opportunity_oof": 1.252456752555247 }, "geometry": { "type": "Point", "coordinates": [ -76.92, 43.2 ] } },
{ "type": "Feature", "properties": { "latitude": 41.76, "longitude": -74.22, "frac_class_11": 0.0049306372936540003, "frac_class_21": 0.06280999478828124, "frac_class_22": 0.025554989488724533, "frac_class_23": 0.0042396453688901383, "frac_class_24": 0.00057387464938015679, "frac_developed": 0.093178504295276077, "solar_resource_w_m2": 306.61312941483322, "solar_resource_pct": 0.95224977043158865, "solar_screening_pct": 0.95224977043158865, "resource_land_adj_oof": 307.0947265625, "resource_opportunity_oof": -0.48159714766677553 }, "geometry": { "type": "Point", "coordinates": [ -74.22, 41.76 ] } },
{ "type": "Feature", "properties": { "latitude": 43.2, "longitude": -76.47, "frac_class_11": 0.026311320367995408, "frac_class_21": 0.061406745020876889, "frac_class_22": 0.022083238172203579, "frac_class_23": 0.003390664253966023, "frac_class_24": 0.00030451561520938376, "frac_developed": 0.087185163062255877, "solar_resource_w_m2": 290.8058231622262, "solar_resource_pct": 0.19880624426078972, "solar_screening_pct": 0.19880624426078972, "resource_land_adj_oof": 293.60787963867188, "resource_opportunity_oof": -2.8020564764456708 }, "geometry": { "type": "Point", "coordinates": [ -76.47, 43.2 ] } },
{ "type": "Feature", "properties": { "latitude": 42.12, "longitude": -73.68, "frac_class_11": 0.010634186332493998, "frac_class_21": 0.06115828307079698, "frac_class_22": 0.014633717866135739, "frac_class_23": 0.0015986414475610471, "frac_class_24": 0.00024008900860806933, "frac_developed": 0.077630731393101837, "solar_resource_w_m2": 301.66115221839561, "solar_resource_pct": 0.84297520661157022, "solar_screening_pct": 0.84297520661157022, "resource_land_adj_oof": 304.18215942382812, "resource_opportunity_oof": -2.521007205432511 }, "geometry": { "type": "Point", "coordinates": [ -73.68, 42.12 ] } },
{ "type": "Feature", "properties": { "latitude": 43.29, "longitude": -78.81, "frac_class_11": 0.21072633156883872, "frac_class_21": 0.031187052044783812, "frac_class_22": 0.039203400946268799, "frac_class_23": 0.0042160490935494446, "frac_class_24": 0.00089591043237925705, "frac_developed": 0.07550241251698131, "solar_resource_w_m2": 305.03888223701983, "solar_resource_pct": 0.91965105601469233, "solar_screening_pct": 0.91965105601469233, "resource_land_adj_oof": 302.24490356445312, "resource_opportunity_oof": 2.7939786725667091 }, "geometry": { "type": "Point", "coordinates": [ -78.81, 43.29 ] } },
{ "type": "Feature", "properties": { "latitude": 41.76, "longitude": -74.13, "frac_class_11": 0.011261221693223942, "frac_class_21": 0.092238951060826996, "frac_class_22": 0.039270802222963988, "frac_class_23": 0.013070747175910473, "frac_class_24": 0.0026352312854658212, "frac_developed": 0.14721573174516731, "solar_resource_w_m2": 306.02497654846411, "solar_resource_pct": 0.94398530762167121, "solar_screening_pct": 0.94398530762167121, "resource_land_adj_oof": 306.84710693359375, "resource_opportunity_oof": -0.82213038512963976 }, "geometry": { "type": "Point", "coordinates": [ -74.13, 41.76 ] } },
{ "type": "Feature", "properties": { "latitude": 42.48, "longitude": -73.68, "frac_class_11": 0.010828189601658487, "frac_class_21": 0.092657445039178249, "frac_class_22": 0.06631021679804168, "frac_class_23": 0.016625868187727662, "frac_class_24": 0.0041930685531570994, "frac_developed": 0.17978659857810469, "solar_resource_w_m2": 298.33361994956226, "solar_resource_pct": 0.70844811753902659, "solar_screening_pct": 0.70844811753902659, "resource_land_adj_oof": 303.48663330078125, "resource_opportunity_oof": -5.1530133512189877 }, "geometry": { "type": "Point", "coordinates": [ -73.68, 42.48 ] } },
{ "type": "Feature", "properties": { "latitude": 44.37, "longitude": -75.66, "frac_class_11": 0.044549585421839136, "frac_class_21": 0.034753126903077719, "frac_class_22": 0.0069857591230617884, "frac_class_23": 0.00042746053309598538, "frac_class_24": 0.0, "frac_developed": 0.042166346559235499, "solar_resource_w_m2": 288.73433757421157, "solar_resource_pct": 0.15335169880624427, "solar_screening_pct": 0.15335169880624427, "resource_land_adj_oof": 284.9495849609375, "resource_opportunity_oof": 3.7847526132740654 }, "geometry": { "type": "Point", "coordinates": [ -75.66, 44.37 ] } },
{ "type": "Feature", "properties": { "latitude": 43.29, "longitude": -76.56, "frac_class_11": 0.0013351916702779307, "frac_class_21": 0.065389255220716549, "frac_class_22": 0.021813986718356541, "frac_class_23": 0.0026001100947517599, "frac_class_24": 0.00029866129466743187, "frac_developed": 0.090102013328492284, "solar_resource_w_m2": 293.55600259826281, "solar_resource_pct": 0.33884297520661155, "solar_screening_pct": 0.33884297520661155, "resource_land_adj_oof": 292.38858032226562, "resource_opportunity_oof": 1.1674222759971826 }, "geometry": { "type": "Point", "coordinates": [ -76.56, 43.29 ] } },
{ "type": "Feature", "properties": { "latitude": 42.75, "longitude": -75.66, "frac_class_11": 0.0033728392748395559, "frac_class_21": 0.042986133882981212, "frac_class_22": 0.010663090832435471, "frac_class_23": 0.00096617791727174774, "frac_class_24": 4.6844989928327164e-05, "frac_developed": 0.054662247622616754, "solar_resource_w_m2": 291.99920136608176, "solar_resource_pct": 0.24793388429752067, "solar_screening_pct": 0.24793388429752067, "resource_land_adj_oof": 291.34774780273438, "resource_opportunity_oof": 0.65145356334738835 }, "geometry": { "type": "Point", "coordinates": [ -75.66, 42.75 ] } },
{ "type": "Feature", "properties": { "latitude": 44.46, "longitude": -73.5, "frac_class_11": 0.02198825341242468, "frac_class_21": 0.036059564451054911, "frac_class_22": 0.030795266230610224, "frac_class_23": 0.011992528092848401, "frac_class_24": 0.00081980172509705867, "frac_developed": 0.07966716049961059, "solar_resource_w_m2": 286.93989648438463, "solar_resource_pct": 0.10973370064279155, "solar_screening_pct": 0.10973370064279155, "resource_land_adj_oof": 286.34027099609375, "resource_opportunity_oof": 0.59962548829088291 }, "geometry": { "type": "Point", "coordinates": [ -73.5, 44.46 ] } },
{ "type": "Feature", "properties": { "latitude": 41.4, "longitude": -74.67, "frac_class_11": 0.021826338012497292, "frac_class_21": 0.07787089255491722, "frac_class_22": 0.051992012040502002, "frac_class_23": 0.028877293463811148, "frac_class_24": 0.0063306335904238188, "frac_developed": 0.16507083164965419, "solar_resource_w_m2": 306.97395543167295, "solar_resource_pct": 0.96051423324150598, "solar_screening_pct": 0.96051423324150598, "resource_land_adj_oof": 307.05117797851562, "resource_opportunity_oof": -0.07722254684267682 }, "geometry": { "type": "Point", "coordinates": [ -74.67, 41.4 ] } },
{ "type": "Feature", "properties": { "latitude": 42.48, "longitude": -76.38, "frac_class_11": 0.0013234484616375625, "frac_class_21": 0.076303245376714332, "frac_class_22": 0.039199840717707275, "frac_class_23": 0.011126336624386588, "frac_class_24": 0.0023423866577655973, "frac_developed": 0.12897180937657379, "solar_resource_w_m2": 292.47397749395236, "solar_resource_pct": 0.27410468319559228, "solar_screening_pct": 0.27410468319559228, "resource_land_adj_oof": 293.14022827148438, "resource_opportunity_oof": -0.66625077753201367 }, "geometry": { "type": "Point", "coordinates": [ -76.38, 42.48 ] } },
{ "type": "Feature", "properties": { "latitude": 42.3, "longitude": -73.5, "frac_class_11": 0.0026293752159425635, "frac_class_21": 0.054748393972933247, "frac_class_22": 0.0070331394974321136, "frac_class_23": 0.00083156187230254799, "frac_class_24": 1.1712139046514761e-05, "frac_developed": 0.062624807481714423, "solar_resource_w_m2": 301.50023406809208, "solar_resource_pct": 0.84067952249770428, "solar_screening_pct": 0.84067952249770428, "resource_land_adj_oof": 303.71163940429688, "resource_opportunity_oof": -2.2114053362047912 }, "geometry": { "type": "Point", "coordinates": [ -73.5, 42.3 ] } },
{ "type": "Feature", "properties": { "latitude": 42.48, "longitude": -78.45, "frac_class_11": 0.0071500934021210185, "frac_class_21": 0.0637125439926918, "frac_class_22": 0.039802772198375566, "frac_class_23": 0.010605093489960004, "frac_class_24": 0.0024126441291350202, "frac_developed": 0.11653305381016238, "solar_resource_w_m2": 295.59445499900278, "solar_resource_pct": 0.48622589531680444, "solar_screening_pct": 0.48622589531680444, "resource_land_adj_oof": 295.8516845703125, "resource_opportunity_oof": -0.2572295713097219 }, "geometry": { "type": "Point", "coordinates": [ -78.45, 42.48 ] } },
{ "type": "Feature", "properties": { "latitude": 42.48, "longitude": -76.65, "frac_class_11": 0.00064997423525553944, "frac_class_21": 0.070653956059399448, "frac_class_22": 0.038524148592308051, "frac_class_23": 0.0036597648381505596, "frac_class_24": 0.00032791492949829014, "frac_developed": 0.11316578441935635, "solar_resource_w_m2": 293.7455168934743, "solar_resource_pct": 0.35169880624426081, "solar_screening_pct": 0.35169880624426081, "resource_land_adj_oof": 295.5093994140625, "resource_opportunity_oof": -1.7638825205881972 }, "geometry": { "type": "Point", "coordinates": [ -76.65, 42.48 ] } },
{ "type": "Feature", "properties": { "latitude": 42.39, "longitude": -75.84, "frac_class_11": 0.0079228908889682672, "frac_class_21": 0.04549952860848739, "frac_class_22": 0.01201609172517582, "frac_class_23": 0.00088422507334383468, "frac_class_24": 2.342318075083006e-05, "frac_developed": 0.058423268587757878, "solar_resource_w_m2": 292.81411295785915, "solar_resource_pct": 0.29568411386593207, "solar_screening_pct": 0.29568411386593207, "resource_land_adj_oof": 294.60418701171875, "resource_opportunity_oof": -1.7900740538595983 }, "geometry": { "type": "Point", "coordinates": [ -75.84, 42.39 ] } },
{ "type": "Feature", "properties": { "latitude": 43.38, "longitude": -75.48, "frac_class_11": 0.0018212376217330451, "frac_class_21": 0.036360335669905076, "frac_class_22": 0.0086201343382348635, "frac_class_23": 0.0007202965513606578, "frac_class_24": 2.3424278093029522e-05, "frac_developed": 0.045724190837593631, "solar_resource_w_m2": 287.36794134997473, "solar_resource_pct": 0.12534435261707988, "solar_screening_pct": 0.12534435261707988, "resource_land_adj_oof": 287.88421630859375, "resource_opportunity_oof": -0.51627495861902162 }, "geometry": { "type": "Point", "coordinates": [ -75.48, 43.38 ] } },
{ "type": "Feature", "properties": { "latitude": 43.2, "longitude": -75.21, "frac_class_11": 0.00057975427788383837, "frac_class_21": 0.06928942036284419, "frac_class_22": 0.039159766224335625, "frac_class_23": 0.011161733875218139, "frac_class_24": 0.004034855529918834, "frac_developed": 0.12364577599231678, "solar_resource_w_m2": 287.39554389658292, "solar_resource_pct": 0.12672176308539945, "solar_screening_pct": 0.12672176308539945, "resource_land_adj_oof": 291.45162963867188, "resource_opportunity_oof": -4.0560857420889533 }, "geometry": { "type": "Point", "coordinates": [ -75.21, 43.2 ] } },
{ "type": "Feature", "properties": { "latitude": 41.85, "longitude": -74.22, "frac_class_11": 0.003308504907127632, "frac_class_21": 0.079181598856955471, "frac_class_22": 0.01989787552994636, "frac_class_23": 0.0027931979481413817, "frac_class_24": 0.00036891293654697489, "frac_developed": 0.10224158527159019, "solar_resource_w_m2": 306.73849845663881, "solar_resource_pct": 0.95546372819100089, "solar_screening_pct": 0.95546372819100089, "resource_land_adj_oof": 306.38058471679688, "resource_opportunity_oof": 0.35791373984193342 }, "geometry": { "type": "Point", "coordinates": [ -74.22, 41.85 ] } },
{ "type": "Feature", "properties": { "latitude": 42.75, "longitude": -76.92, "frac_class_11": 0.363103464430442, "frac_class_21": 0.063590686561570353, "frac_class_22": 0.052288538567848021, "frac_class_23": 0.0089890140779086934, "frac_class_24": 0.0023658382328828088, "frac_developed": 0.12723407744020987, "solar_resource_w_m2": 290.9459918548398, "solar_resource_pct": 0.20293847566574838, "solar_screening_pct": 0.20293847566574838, "resource_land_adj_oof": 289.98690795898438, "resource_opportunity_oof": 0.95908389585542864 }, "geometry": { "type": "Point", "coordinates": [ -76.92, 42.75 ] } },
{ "type": "Feature", "properties": { "latitude": 42.21, "longitude": -77.91, "frac_class_11": 0.0012590328285490087, "frac_class_21": 0.050050946909806403, "frac_class_22": 0.0093226988979070776, "frac_class_23": 0.00052118103135284546, "frac_class_24": 4.0991766510897954e-05, "frac_developed": 0.059935818605577229, "solar_resource_w_m2": 297.97344081113852, "solar_resource_pct": 0.68135904499540867, "solar_screening_pct": 0.68135904499540867, "resource_land_adj_oof": 296.86297607421875, "resource_opportunity_oof": 1.1104647369197664 }, "geometry": { "type": "Point", "coordinates": [ -77.91, 42.21 ] } },
{ "type": "Feature", "properties": { "latitude": 42.21, "longitude": -76.65, "frac_class_11": 0.0029221786921054325, "frac_class_21": 0.048552672417326942, "frac_class_22": 0.011741419394131047, "frac_class_23": 0.00055047053518619371, "frac_class_24": 5.8560695232573805e-06, "frac_developed": 0.060850418416167444, "solar_resource_w_m2": 295.74400780459638, "solar_resource_pct": 0.49816345270890727, "solar_screening_pct": 0.49816345270890727, "resource_land_adj_oof": 296.45358276367188, "resource_opportunity_oof": -0.70957495907549628 }, "geometry": { "type": "Point", "coordinates": [ -76.65, 42.21 ] } },
{ "type": "Feature", "properties": { "latitude": 42.21, "longitude": -78.9, "frac_class_11": 0.0015165799073656597, "frac_class_21": 0.052717254463370791, "frac_class_22": 0.017390897007243278, "frac_class_23": 0.0017508007424800473, "frac_class_24": 0.00031619812740442329, "frac_developed": 0.07217515034049854, "solar_resource_w_m2": 298.46263618653006, "solar_resource_pct": 0.71854912764003676, "solar_screening_pct": 0.71854912764003676, "resource_land_adj_oof": 301.0447998046875, "resource_opportunity_oof": -2.5821636181574377 }, "geometry": { "type": "Point", "coordinates": [ -78.9, 42.21 ] } },
{ "type": "Feature", "properties": { "latitude": 42.12, "longitude": -74.94, "frac_class_11": 0.072281042842753745, "frac_class_21": 0.038983626525497174, "frac_class_22": 0.0067754327610034899, "frac_class_23": 0.0010072380595441662, "frac_class_24": 5.856035229907943e-05, "frac_developed": 0.046824857698343908, "solar_resource_w_m2": 298.51222017750121, "solar_resource_pct": 0.72359963269054173, "solar_screening_pct": 0.72359963269054173, "resource_land_adj_oof": 300.08489990234375, "resource_opportunity_oof": -1.5726797248425441 }, "geometry": { "type": "Point", "coordinates": [ -74.94, 42.12 ] } },
{ "type": "Feature", "properties": { "latitude": 43.29, "longitude": -78.27, "frac_class_11": 0.012432581209995257, "frac_class_21": 0.032946633013392991, "frac_class_22": 0.043077751945701889, "frac_class_23": 0.0048371700798191626, "frac_class_24": 0.00039821739155896253, "frac_developed": 0.081259772430473012, "solar_resource_w_m2": 298.43012476724545, "solar_resource_pct": 0.71671258034894403, "solar_screening_pct": 0.71671258034894403, "resource_land_adj_oof": 297.16033935546875, "resource_opportunity_oof": 1.2697854117766951 }, "geometry": { "type": "Point", "coordinates": [ -78.27, 43.29 ] } },
{ "type": "Feature", "properties": { "latitude": 42.39, "longitude": -74.94, "frac_class_11": 0.0022779310062130713, "frac_class_21": 0.057656834671398205, "frac_class_22": 0.011301817074527579, "frac_class_23": 0.0022545075511363304, "frac_class_24": 0.00012882900292207603, "frac_developed": 0.071341988299984199, "solar_resource_w_m2": 297.45079746242806, "solar_resource_pct": 0.64462809917355368, "solar_screening_pct": 0.64462809917355368, "resource_land_adj_oof": 298.53607177734375, "resource_opportunity_oof": -1.0852743149156936 }, "geometry": { "type": "Point", "coordinates": [ -74.94, 42.39 ] } },
{ "type": "Feature", "properties": { "latitude": 42.21, "longitude": -76.74, "frac_class_11": 0.0050652628373670005, "frac_class_21": 0.061925034110006966, "frac_class_22": 0.034765856029419513, "frac_class_23": 0.0029864555457308323, "frac_class_24": 0.0002459433978837156, "frac_developed": 0.099923289083041017, "solar_resource_w_m2": 296.03785491950794, "solar_resource_pct": 0.51790633608815428, "solar_screening_pct": 0.51790633608815428, "resource_land_adj_oof": 295.68038940429688, "resource_opportunity_oof": 0.35746551521106085 }, "geometry": { "type": "Point", "coordinates": [ -76.74, 42.21 ] } },
{ "type": "Feature", "properties": { "latitude": 42.66, "longitude": -78.72, "frac_class_11": 0.0017684087249304641, "frac_class_21": 0.086634460547504025, "frac_class_22": 0.052332015810276682, "frac_class_23": 0.0063065436978480454, "frac_class_24": 0.00046259698433611475, "frac_developed": 0.14573561703996488, "solar_resource_w_m2": 296.8667076902276, "solar_resource_pct": 0.59320477502295688, "solar_screening_pct": 0.59320477502295688, "resource_land_adj_oof": 297.38998413085938, "resource_opportunity_oof": -0.52327644063177559 }, "geometry": { "type": "Point", "coordinates": [ -78.72, 42.66 ] } },
{ "type": "Feature", "properties": { "latitude": 42.93, "longitude": -75.84, "frac_class_11": 0.031355232411729224, "frac_class_21": 0.078897588914982456, "frac_class_22": 0.034277582238672236, "frac_class_23": 0.0065357563263895805, "frac_class_24": 0.0010248721837976492, "frac_developed": 0.12073579966384193, "solar_resource_w_m2": 290.50263476877933, "solar_resource_pct": 0.18549127640036731, "solar_screening_pct": 0.18549127640036731, "resource_land_adj_oof": 290.74209594726562, "resource_opportunity_oof": -0.23946117848629456 }, "geometry": { "type": "Point", "coordinates": [ -75.84, 42.93 ] } },
{ "type": "Feature", "properties": { "latitude": 44.1, "longitude": -73.41, "frac_class_11": 0.31617444672839179, "frac_class_21": 0.023307975661319886, "frac_class_22": 0.019536534373407827, "frac_class_23": 0.0033907833939457828, "frac_class_24": 0.00038651416925806846, "frac_developed": 0.04662180759793156, "solar_resource_w_m2": 287.91734937630133, "solar_resource_pct": 0.13590449954086317, "solar_screening_pct": 0.13590449954086317, "resource_land_adj_oof": 292.23965454101562, "resource_opportunity_oof": -4.3223051647142938 }, "geometry": { "type": "Point", "coordinates": [ -73.41, 44.1 ] } },
{ "type": "Feature", "properties": { "latitude": 42.84, "longitude": -75.03, "frac_class_11": 0.054604330870038763, "frac_class_21": 0.057912797029992857, "frac_class_22": 0.016876105261925116, "frac_class_23": 0.0035309824680571983, "frac_class_24": 0.00077295138604237181, "frac_developed": 0.079092836146017545, "solar_resource_w_m2": 292.57942821439696, "solar_resource_pct": 0.28053259871441688, "solar_screening_pct": 0.28053259871441688, "resource_land_adj_oof": 291.39682006835938, "resource_opportunity_oof": 1.1826081460375804 }, "geometry": { "type": "Point", "coordinates": [ -75.03, 42.84 ] } },
{ "type": "Feature", "properties": { "latitude": 42.48, "longitude": -77.55, "frac_class_11": 0.0051768260902665128, "frac_class_21": 0.054672905405801088, "frac_class_22": 0.032999338256393437, "frac_class_23": 0.0039470370869226579, "frac_class_24": 0.00037479283911431767, "frac_developed": 0.091994073588231515, "solar_resource_w_m2": 296.71197225994524, "solar_resource_pct": 0.57667584940312211, "solar_screening_pct": 0.57667584940312211, "resource_land_adj_oof": 295.6494140625, "resource_opportunity_oof": 1.0625581974452416 }, "geometry": { "type": "Point", "coordinates": [ -77.55, 42.48 ] } },
{ "type": "Feature", "properties": { "latitude": 43.38, "longitude": -76.11, "frac_class_11": 0.0018445322793148879, "frac_class_21": 0.063691992387644558, "frac_class_22": 0.033002488654662571, "frac_class_23": 0.0039877031181379009, "frac_class_24": 0.00029863855950812472, "frac_developed": 0.10098082271995315, "solar_resource_w_m2": 289.63863741899877, "solar_resource_pct": 0.16345270890725436, "solar_screening_pct": 0.16345270890725436, "resource_land_adj_oof": 288.57064819335938, "resource_opportunity_oof": 1.0679892256393941 }, "geometry": { "type": "Point", "coordinates": [ -76.11, 43.38 ] } },
{ "type": "Feature", "properties": { "latitude": 43.2, "longitude": -78.09, "frac_class_11": 0.0048310027404961002, "frac_class_21": 0.047531211205584054, "frac_class_22": 0.044972243693345515, "frac_class_23": 0.0061192701379617267, "frac_class_24": 0.00086665261284051248, "frac_developed": 0.0994893776497318, "solar_resource_w_m2": 296.31827992736874, "solar_resource_pct": 0.53397612488521584, "solar_screening_pct": 0.53397612488521584, "resource_land_adj_oof": 295.38851928710938, "resource_opportunity_oof": 0.92976064025936012 }, "geometry": { "type": "Point", "coordinates": [ -78.09, 43.2 ] } },
{ "type": "Feature", "properties": { "latitude": 42.3, "longitude": -76.11, "frac_class_11": 0.003918031730786125, "frac_class_21": 0.046026623874810393, "frac_class_22": 0.015104041604928873, "frac_class_23": 0.001657403557268271, "frac_class_24": 0.0001405571921358251, "frac_developed": 0.062928626229143358, "solar_resource_w_m2": 294.67427488119705, "solar_resource_pct": 0.41919191919191917, "solar_screening_pct": 0.41919191919191917, "resource_land_adj_oof": 295.75338745117188, "resource_opportunity_oof": -1.079112569974825 }, "geometry": { "type": "Point", "coordinates": [ -76.11, 42.3 ] } },
{ "type": "Feature", "properties": { "latitude": 42.66, "longitude": -75.21, "frac_class_11": 0.0026409636296560891, "frac_class_21": 0.060619191783148195, "frac_class_22": 0.011465646977531314, "frac_class_23": 0.0018328638937524522, "frac_class_24": 8.7836927815612727e-05, "frac_developed": 0.074005539582247565, "solar_resource_w_m2": 292.87662041274314, "solar_resource_pct": 0.29935720844811753, "solar_screening_pct": 0.29935720844811753, "resource_land_adj_oof": 293.16412353515625, "resource_opportunity_oof": -0.28750312241311349 }, "geometry": { "type": "Point", "coordinates": [ -75.21, 42.66 ] } },
{ "type": "Feature", "properties": { "latitude": 41.76, "longitude": -74.04, "frac_class_11": 0.010832650193231057, "frac_class_21": 0.094050825623609322, "frac_class_22": 0.051141819885232462, "frac_class_23": 0.019006909474177304, "frac_class_24": 0.0044326033493383302, "frac_developed": 0.16863215833235742, "solar_resource_w_m2": 305.5880763657824, "solar_resource_pct": 0.93204775022956843, "solar_screening_pct": 0.93204775022956843, "resource_land_adj_oof": 307.38461303710938, "resource_opportunity_oof": -1.7965366713269759 }, "geometry": { "type": "Point", "coordinates": [ -74.04, 41.76 ] } },
{ "type": "Feature", "properties": { "latitude": 42.93, "longitude": -74.76, "frac_class_11": 0.00085492607231737669, "frac_class_21": 0.051553213292343726, "frac_class_22": 0.011043771043771043, "frac_class_23": 0.0019733567559654516, "frac_class_24": 0.00011711316059142146, "frac_developed": 0.064687454252671639, "solar_resource_w_m2": 294.33597183288424, "solar_resource_pct": 0.38383838383838381, "solar_screening_pct": 0.38383838383838381, "resource_land_adj_oof": 292.05880737304688, "resource_opportunity_oof": 2.2771644598373655 }, "geometry": { "type": "Point", "coordinates": [ -74.76, 42.93 ] } },
{ "type": "Feature", "properties": { "latitude": 43.38, "longitude": -76.29, "frac_class_11": 0.0037891432553835702, "frac_class_21": 0.060936685583100537, "frac_class_22": 0.021288308706830412, "frac_class_23": 0.0016808100684622637, "frac_class_24": 0.00028111109158950753, "frac_developed": 0.084186915449982733, "solar_resource_w_m2": 291.62373719483804, "solar_resource_pct": 0.22589531680440772, "solar_screening_pct": 0.22589531680440772, "resource_land_adj_oof": 293.60479736328125, "resource_opportunity_oof": -1.9810601684432072 }, "geometry": { "type": "Point", "coordinates": [ -76.29, 43.38 ] } },
{ "type": "Feature", "properties": { "latitude": 41.76, "longitude": -73.59, "frac_class_11": 0.0039583321134331502, "frac_class_21": 0.060692473899015685, "frac_class_22": 0.020265957758272387, "frac_class_23": 0.0066928603633936261, "frac_class_24": 0.0009017502151903923, "frac_developed": 0.088553042235872084, "solar_resource_w_m2": 307.59246194312834, "solar_resource_pct": 0.97612488521579432, "solar_screening_pct": 0.97612488521579432, "resource_land_adj_oof": 306.46041870117188, "resource_opportunity_oof": 1.1320432419564668 }, "geometry": { "type": "Point", "coordinates": [ -73.59, 41.76 ] } },
{ "type": "Feature", "properties": { "latitude": 43.83, "longitude": -75.48, "frac_class_11": 0.0096797428104632571, "frac_class_21": 0.043983392770350592, "frac_class_22": 0.042127083955518861, "frac_class_23": 0.01179370963113914, "frac_class_24": 0.0031036077976681949, "frac_developed": 0.10100779415467678, "solar_resource_w_m2": 282.73968225185087, "solar_resource_pct": 0.0371900826446281, "solar_screening_pct": 0.0371900826446281, "resource_land_adj_oof": 288.09555053710938, "resource_opportunity_oof": -5.3558682852585093 }, "geometry": { "type": "Point", "coordinates": [ -75.48, 43.83 ] } },
{ "type": "Feature", "properties": { "latitude": 42.39, "longitude": -79.35, "frac_class_11": 0.011700084324932072, "frac_class_21": 0.083493394546987731, "frac_class_22": 0.050700365408038975, "frac_class_23": 0.0088833973578187949, "frac_class_24": 0.0021139791998500889, "frac_developed": 0.14519113651269558, "solar_resource_w_m2": 307.22407318845507, "solar_resource_pct": 0.96372819100091822, "solar_screening_pct": 0.96372819100091822, "resource_land_adj_oof": 305.47430419921875, "resource_opportunity_oof": 1.7497689892363155 }, "geometry": { "type": "Point", "coordinates": [ -79.35, 42.39 ] } },
{ "type": "Feature", "properties": { "latitude": 44.55, "longitude": -75.3, "frac_class_11": 0.014288223926919249, "frac_class_21": 0.045148445277273526, "frac_class_22": 0.01781928910230134, "frac_class_23": 0.0019851261931252561, "frac_class_24": 0.0004977455056508754, "frac_developed": 0.065450606078351001, "solar_resource_w_m2": 284.72066173891722, "solar_resource_pct": 0.073002754820936641, "solar_screening_pct": 0.073002754820936641, "resource_land_adj_oof": 285.99874877929688, "resource_opportunity_oof": -1.2780870403796598 }, "geometry": { "type": "Point", "coordinates": [ -75.3, 44.55 ] } },
{ "type": "Feature", "properties": { "latitude": 42.48, "longitude": -74.67, "frac_class_11": 0.0034549393921649001, "frac_class_21": 0.062054224980968554, "frac_class_22": 0.0093576155062364587, "frac_class_23": 0.0013175616326052586, "frac_class_24": 0.00012882824852140305, "frac_developed": 0.072858230368331681, "solar_resource_w_m2": 299.59048813958066, "solar_resource_pct": 0.7786960514233241, "solar_screening_pct": 0.7786960514233241, "resource_land_adj_oof": 298.89990234375, "resource_opportunity_oof": 0.69058579583065693 }, "geometry": { "type": "Point", "coordinates": [ -74.67, 42.48 ] } },
{ "type": "Feature", "properties": { "latitude": 42.93, "longitude": -73.32, "frac_class_11": 0.0034846062394949372, "frac_class_21": 0.070318768264900355, "frac_class_22": 0.0309632154423693, "frac_class_23": 0.010664652037176942, "frac_class_24": 0.001797939689957892, "frac_developed": 0.11374457543440449, "solar_resource_w_m2": 298.02106356050683, "solar_resource_pct": 0.68778696051423327, "solar_screening_pct": 0.68778696051423327, "resource_land_adj_oof": 297.65826416015625, "resource_opportunity_oof": 0.36279940035058189 }, "geometry": { "type": "Point", "coordinates": [ -73.32, 42.93 ] } },
{ "type": "Feature", "properties": { "latitude": 44.19, "longitude": -75.75, "frac_class_11": 0.0087542087542087539, "frac_class_21": 0.042529644268774702, "frac_class_22": 0.025823451910408433, "frac_class_23": 0.0054633289415898113, "frac_class_24": 0.00098375054896794037, "frac_developed": 0.074800175669740898, "solar_resource_w_m2": 290.0747455359276, "solar_resource_pct": 0.17539026629935719, "solar_screening_pct": 0.17539026629935719, "resource_land_adj_oof": 288.03558349609375, "resource_opportunity_oof": 2.0391620398338546 }, "geometry": { "type": "Point", "coordinates": [ -75.75, 44.19 ] } },
{ "type": "Feature", "properties": { "latitude": 42.57, "longitude": -78.63, "frac_class_11": 0.002605844117819289, "frac_class_21": 0.054043450254728585, "frac_class_22": 0.029507524740879545, "frac_class_23": 0.0027756631726884111, "frac_class_24": 0.00010540493060842068, "frac_developed": 0.086432043098904968, "solar_resource_w_m2": 294.44847215002324, "solar_resource_pct": 0.39623507805325986, "solar_screening_pct": 0.39623507805325986, "resource_land_adj_oof": 296.73358154296875, "resource_opportunity_oof": -2.2851093929455146 }, "geometry": { "type": "Point", "coordinates": [ -78.63, 42.57 ] } },
{ "type": "Feature", "properties": { "latitude": 43.2, "longitude": -75.03, "frac_class_11": 0.0073848496383707649, "frac_class_21": 0.060958683493894758, "frac_class_22": 0.018810576557055432, "frac_class_23": 0.0038593306198940001, "frac_class_24": 0.00032209891364820943, "frac_developed": 0.083950689584492408, "solar_resource_w_m2": 288.20605810644008, "solar_resource_pct": 0.14095500459136823, "solar_screening_pct": 0.14095500459136823, "resource_land_adj_oof": 290.44949340820312, "resource_opportunity_oof": -2.2434353017630428 }, "geometry": { "type": "Point", "coordinates": [ -75.03, 43.2 ] } },
{ "type": "Feature", "properties": { "latitude": 42.93, "longitude": -78.36, "frac_class_11": 0.0023600374795033968, "frac_class_21": 0.042070742562661044, "frac_class_22": 0.043487936284844222, "frac_class_23": 0.0071269618177559144, "frac_class_24": 0.0020555165144061842, "frac_developed": 0.094741157179667357, "solar_resource_w_m2": 295.18903748722653, "solar_resource_pct": 0.4527089072543618, "solar_screening_pct": 0.4527089072543618, "resource_land_adj_oof": 294.88143920898438, "resource_opportunity_oof": 0.30759827824215336 }, "geometry": { "type": "Point", "coordinates": [ -78.36, 42.93 ] } },
{ "type": "Feature", "properties": { "latitude": 42.93, "longitude": -75.12, "frac_class_11": 0.0025062069611655035, "frac_class_21": 0.066789244390312461, "frac_class_22": 0.014574647491450789, "frac_class_23": 0.0026994425446198529, "frac_class_24": 0.00040403803813182182, "frac_developed": 0.084467372464514939, "solar_resource_w_m2": 291.69051238428375, "solar_resource_pct": 0.22819100091827366, "solar_screening_pct": 0.22819100091827366, "resource_land_adj_oof": 291.67156982421875, "resource_opportunity_oof": 0.018942560064999725 }, "geometry": { "type": "Point", "coordinates": [ -75.12, 42.93 ] } },
{ "type": "Feature", "properties": { "latitude": 43.29, "longitude": -78.36, "frac_class_11": 0.0066169323199081831, "frac_class_21": 0.036557087144413081, "frac_class_22": 0.042190263154812793, "frac_class_23": 0.0042629440078700504, "frac_class_24": 0.00050358953939124221, "frac_developed": 0.083513883846487169, "solar_resource_w_m2": 298.43012476724545, "solar_resource_pct": 0.71671258034894403, "solar_screening_pct": 0.71671258034894403, "resource_land_adj_oof": 296.78506469726562, "resource_opportunity_oof": 1.6450600699798201 }, "geometry": { "type": "Point", "coordinates": [ -78.36, 43.29 ] } },
{ "type": "Feature", "properties": { "latitude": 42.57, "longitude": -75.03, "frac_class_11": 0.0090654610618536181, "frac_class_21": 0.060014757727309992, "frac_class_22": 0.013194110964054392, "frac_class_23": 0.0020028344206420782, "frac_class_24": 5.8562409960294688e-05, "frac_developed": 0.07527026552196675, "solar_resource_w_m2": 293.65006534283191, "solar_resource_pct": 0.34618916437098257, "solar_screening_pct": 0.34618916437098257, "resource_land_adj_oof": 294.68426513671875, "resource_opportunity_oof": -1.0341997938868417 }, "geometry": { "type": "Point", "coordinates": [ -75.03, 42.57 ] } },
{ "type": "Feature", "properties": { "latitude": 43.29, "longitude": -78.09, "frac_class_11": 0.0045498995742886753, "frac_class_21": 0.040586041118912237, "frac_class_22": 0.040984230528245097, "frac_class_23": 0.0034665901518389909, "frac_class_24": 0.00040404513594069318, "frac_developed": 0.085440906934937014, "solar_resource_w_m2": 298.05729201344826, "solar_resource_pct": 0.69008264462809921, "solar_screening_pct": 0.69008264462809921, "resource_land_adj_oof": 296.82550048828125, "resource_opportunity_oof": 1.2317915251670115 }, "geometry": { "type": "Point", "coordinates": [ -78.09, 43.29 ] } },
{ "type": "Feature", "properties": { "latitude": 42.48, "longitude": -73.41, "frac_class_11": 0.0015637262366321905, "frac_class_21": 0.047216333032691835, "frac_class_22": 0.013704567017675378, "frac_class_23": 0.0036721211624284023, "frac_class_24": 0.0010424841577547936, "frac_developed": 0.065635505370550407, "solar_resource_w_m2": 299.16668936827284, "solar_resource_pct": 0.75711662075298436, "solar_screening_pct": 0.75711662075298436, "resource_land_adj_oof": 301.0897216796875, "resource_opportunity_oof": -1.9230323114146586 }, "geometry": { "type": "Point", "coordinates": [ -73.41, 42.48 ] } },
{ "type": "Feature", "properties": { "latitude": 42.66, "longitude": -77.1, "frac_class_11": 0.049790344116751387, "frac_class_21": 0.070357703389631987, "frac_class_22": 0.058568952189088523, "frac_class_23": 0.013293822764646631, "frac_class_24": 0.0028637353885075782, "frac_developed": 0.14508421373187472, "solar_resource_w_m2": 294.36885449742169, "solar_resource_pct": 0.38751147842056932, "solar_screening_pct": 0.38751147842056932, "resource_land_adj_oof": 294.79583740234375, "resource_opportunity_oof": -0.42698290492205615 }, "geometry": { "type": "Point", "coordinates": [ -77.1, 42.66 ] } },
{ "type": "Feature", "properties": { "latitude": 42.3, "longitude": -76.2, "frac_class_11": 0.0013761682790283667, "frac_class_21": 0.049887564123585769, "frac_class_22": 0.017351432386217235, "frac_class_23": 0.0017392424632826592, "frac_class_24": 0.00012883277505797475, "frac_developed": 0.069107071748143636, "solar_resource_w_m2": 294.67427488119705, "solar_resource_pct": 0.41919191919191917, "solar_screening_pct": 0.41919191919191917, "resource_land_adj_oof": 295.19192504882812, "resource_opportunity_oof": -0.51765016763107496 }, "geometry": { "type": "Point", "coordinates": [ -76.2, 42.3 ] } },
{ "type": "Feature", "properties": { "latitude": 42.93, "longitude": -78.45, "frac_class_11": 0.0029046274932362001, "frac_class_21": 0.051539569693491528, "frac_class_22": 0.058215528044881178, "frac_class_23": 0.013135240861549994, "frac_class_24": 0.003027605673393378, "frac_developed": 0.12591794427331607, "solar_resource_w_m2": 294.87361117162584, "solar_resource_pct": 0.42883379247015613, "solar_screening_pct": 0.42883379247015613, "resource_land_adj_oof": 294.91091918945312, "resource_opportunity_oof": -0.037308017827285767 }, "geometry": { "type": "Point", "coordinates": [ -78.45, 42.93 ] } },
{ "type": "Feature", "properties": { "latitude": 42.3, "longitude": -74.04, "frac_class_11": 0.0049776007964161271, "frac_class_21": 0.065189002430240395, "frac_class_22": 0.02892864462858314, "frac_class_23": 0.0075015372002459517, "frac_class_24": 0.00066172810587649691, "frac_developed": 0.10228091236494598, "solar_resource_w_m2": 303.59238403893175, "solar_resource_pct": 0.89118457300275478, "solar_screening_pct": 0.89118457300275478, "resource_land_adj_oof": 301.95062255859375, "resource_opportunity_oof": 1.6417614803380047 }, "geometry": { "type": "Point", "coordinates": [ -74.04, 42.3 ] } },
{ "type": "Feature", "properties": { "latitude": 43.47, "longitude": -75.3, "frac_class_11": 0.0097497848020471622, "frac_class_21": 0.053263689224877467, "frac_class_22": 0.029425026204376571, "frac_class_23": 0.0074133498855205445, "frac_class_24": 0.0016571706300176257, "frac_developed": 0.091759235944792211, "solar_resource_w_m2": 285.83506311558284, "solar_resource_pct": 0.089990817263544534, "solar_screening_pct": 0.089990817263544534, "resource_land_adj_oof": 288.03106689453125, "resource_opportunity_oof": -2.196003778948409 }, "geometry": { "type": "Point", "coordinates": [ -75.3, 43.47 ] } },
{ "type": "Feature", "properties": { "latitude": 41.85, "longitude": -74.58, "frac_class_11": 0.040277102718909392, "frac_class_21": 0.060052586272523377, "frac_class_22": 0.012789356257356515, "frac_class_23": 0.0025648983702940263, "frac_class_24": 0.00012297457939765879, "frac_developed": 0.075529815479571577, "solar_resource_w_m2": 305.79004584462479, "solar_resource_pct": 0.93847566574839303, "solar_screening_pct": 0.93847566574839303, "resource_land_adj_oof": 306.60385131835938, "resource_opportunity_oof": -0.81380547373458967 }, "geometry": { "type": "Point", "coordinates": [ -74.58, 41.85 ] } },
{ "type": "Feature", "properties": { "latitude": 43.92, "longitude": -75.75, "frac_class_11": 0.0056743652206502392, "frac_class_21": 0.041125972079078046, "frac_class_22": 0.016718588962803337, "frac_class_23": 0.0024829007776632625, "frac_class_24": 0.00046261594678159842, "frac_developed": 0.060790077766326243, "solar_resource_w_m2": 288.29827634884907, "solar_resource_pct": 0.1423324150596878, "solar_screening_pct": 0.1423324150596878, "resource_land_adj_oof": 288.64974975585938, "resource_opportunity_oof": -0.35147340701030316 }, "geometry": { "type": "Point", "coordinates": [ -75.75, 43.92 ] } },
{ "type": "Feature", "properties": { "latitude": 43.02, "longitude": -77.19, "frac_class_11": 0.0094460060904193021, "frac_class_21": 0.066449988287655193, "frac_class_22": 0.074086437104708358, "frac_class_23": 0.015501288357929258, "frac_class_24": 0.0032970250644178967, "frac_developed": 0.15933473881471069, "solar_resource_w_m2": 292.4481086216652, "solar_resource_pct": 0.27272727272727271, "solar_screening_pct": 0.27272727272727271, "resource_land_adj_oof": 293.8978271484375, "resource_opportunity_oof": -1.4497185267723012 }, "geometry": { "type": "Point", "coordinates": [ -77.19, 43.02 ] } },
{ "type": "Feature", "properties": { "latitude": 43.38, "longitude": -76.38, "frac_class_11": 0.017402913758373544, "frac_class_21": 0.080836885745069559, "frac_class_22": 0.041750597273621584, "frac_class_23": 0.012144563638918818, "frac_class_24": 0.0027462875345481801, "frac_developed": 0.13747833419215813, "solar_resource_w_m2": 295.30984063826014, "solar_resource_pct": 0.46740128558310379, "solar_screening_pct": 0.46740128558310379, "resource_land_adj_oof": 289.63412475585938, "resource_opportunity_oof": 5.6757158824007661 }, "geometry": { "type": "Point", "coordinates": [ -76.38, 43.38 ] } },
{ "type": "Feature", "properties": { "latitude": 42.03, "longitude": -73.5, "frac_class_11": 0.014056213139045232, "frac_class_21": 0.0325049928840421, "frac_class_22": 0.0069988227921496046, "frac_class_23": 0.00057396203651101363, "frac_class_24": 5.8567554746021799e-06, "frac_developed": 0.040083634468177323, "solar_resource_w_m2": 305.37903715802804, "solar_resource_pct": 0.92929292929292928, "solar_screening_pct": 0.92929292929292928, "resource_land_adj_oof": 302.9884033203125, "resource_opportunity_oof": 2.3906338377155407 }, "geometry": { "type": "Point", "coordinates": [ -73.5, 42.03 ] } },
{ "type": "Feature", "properties": { "latitude": 43.02, "longitude": -75.75, "frac_class_11": 0.0031857018206520146, "frac_class_21": 0.063034732348342434, "frac_class_22": 0.042743451450255619, "frac_class_23": 0.009217453429607116, "frac_class_24": 0.0019207908036284207, "frac_developed": 0.11691642803183358, "solar_resource_w_m2": 290.13614275408401, "solar_resource_pct": 0.17860422405876952, "solar_screening_pct": 0.17860422405876952, "resource_land_adj_oof": 291.08975219726562, "resource_opportunity_oof": -0.95360944318161955 }, "geometry": { "type": "Point", "coordinates": [ -75.75, 43.02 ] } }
]
}
