{
"type": "FeatureCollection",
"name": "ny_wind_screening",
"crs": { "type": "name", "properties": { "name": "urn:ogc:def:crs:OGC:1.3:CRS84" } },
"features": [
{ "type": "Feature", "properties": { "latitude": 42.39, "longitude": -79.26, "frac_class_11": 0.0069860045675469934, "frac_class_21": 0.056625871054634888, "frac_class_22": 0.02388007261228553, "frac_class_23": 0.0032909761667740236, "frac_class_24": 0.00035720559817298118, "frac_developed": 0.084154125431867427, "wind_power_index": 85.120093106172334, "wind_resource_pct": 0.88383838383838387, "wind_screening_pct": 0.88383838383838387, "resource_land_adj_oof": 82.1961669921875, "resource_opportunity_oof": 2.9239261139848338 }, "geometry": { "type": "Point", "coordinates": [ -79.26, 42.39 ] } },
{ "type": "Feature", "properties": { "latitude": 41.94, "longitude": -73.77, "frac_class_11": 0.0062423142238098028, "frac_class_21": 0.077935234525970606, "frac_class_22": 0.017702172512736428, "frac_class_23": 0.0019382795572992914, "frac_class_24": 0.00014053990747789425, "frac_developed": 0.097716226503484216, "wind_power_index": 47.851187043030848, "wind_resource_pct": 0.14784205693296604, "wind_screening_pct": 0.14784205693296604, "resource_land_adj_oof": 47.124652862548828, "resource_opportunity_oof": 0.72653418048201956 }, "geometry": { "type": "Point", "coordinates": [ -73.77, 41.94 ] } },
{ "type": "Feature", "properties": { "latitude": 43.11, "longitude": -73.86, "frac_class_11": 0.0011477089737959303, "frac_class_21": 0.086892109500805156, "frac_class_22": 0.071105255453081537, "frac_class_23": 0.026391450739276828, "frac_class_24": 0.0079636949202166601, "frac_developed": 0.19235251061338016, "wind_power_index": 45.042918779136599, "wind_resource_pct": 0.10009182736455463, "wind_screening_pct": 0.10009182736455463, "resource_land_adj_oof": 44.452396392822266, "resource_opportunity_oof": 0.5905223863143334 }, "geometry": { "type": "Point", "coordinates": [ -73.86, 43.11 ] } },
{ "type": "Feature", "properties": { "latitude": 42.21, "longitude": -78.18, "frac_class_11": 0.00050945418133055377, "frac_class_21": 0.059319205251477124, "frac_class_22": 0.023429036546017766, "frac_class_23": 0.0020261051349468001, "frac_class_24": 0.00038062668720098845, "frac_developed": 0.085154973619642679, "wind_power_index": 73.138324782623101, "wind_resource_pct": 0.70523415977961434, "wind_screening_pct": 0.70523415977961434, "resource_land_adj_oof": 72.110816955566406, "resource_opportunity_oof": 1.0275078270566951 }, "geometry": { "type": "Point", "coordinates": [ -78.18, 42.21 ] } },
{ "type": "Feature", "properties": { "latitude": 42.12, "longitude": -77.91, "frac_class_11": 0.0010774726239971891, "frac_class_21": 0.077056860104233765, "frac_class_22": 0.037805235111553551, "frac_class_23": 0.011524272413187328, "frac_class_24": 0.0041576389295543718, "frac_developed": 0.13054400655852902, "wind_power_index": 73.3583833287978, "wind_resource_pct": 0.7089072543617998, "wind_screening_pct": 0.7089072543617998, "resource_land_adj_oof": 58.965747833251953, "resource_opportunity_oof": 14.392635495545846 }, "geometry": { "type": "Point", "coordinates": [ -77.91, 42.12 ] } },
{ "type": "Feature", "properties": { "latitude": 42.3, "longitude": -74.58, "frac_class_11": 0.00042160984693220279, "frac_class_21": 0.048485132397203319, "frac_class_22": 0.0069682738590183518, "frac_class_23": 0.00099546769414547882, "frac_class_24": 3.5134153911016899e-05, "frac_developed": 0.056484008104278165, "wind_power_index": 66.43541593214043, "wind_resource_pct": 0.56749311294765836, "wind_screening_pct": 0.56749311294765836, "resource_land_adj_oof": 72.647758483886719, "resource_opportunity_oof": -6.2123425517462891 }, "geometry": { "type": "Point", "coordinates": [ -74.58, 42.3 ] } },
{ "type": "Feature", "properties": { "latitude": 44.73, "longitude": -75.03, "frac_class_11": 0.024535925513849036, "frac_class_21": 0.057340282250980854, "frac_class_22": 0.029601218012531474, "frac_class_23": 0.0073959126310241844, "frac_class_24": 0.0022837734965157814, "frac_developed": 0.096621186391052286, "wind_power_index": 47.970107690423546, "wind_resource_pct": 0.15105601469237834, "wind_screening_pct": 0.15105601469237834, "resource_land_adj_oof": 50.033321380615234, "resource_opportunity_oof": -2.063213690191688 }, "geometry": { "type": "Point", "coordinates": [ -75.03, 44.73 ] } },
{ "type": "Feature", "properties": { "latitude": 44.37, "longitude": -75.3, "frac_class_11": 0.023844937635416057, "frac_class_21": 0.030362475844703401, "frac_class_22": 0.0079053697956315509, "frac_class_23": 0.00076125783217192717, "frac_class_24": 8.1981612695438303e-05, "frac_developed": 0.039111085085202321, "wind_power_index": 53.907549746466941, "wind_resource_pct": 0.26170798898071623, "wind_screening_pct": 0.26170798898071623, "resource_land_adj_oof": 49.042728424072266, "resource_opportunity_oof": 4.8648213223946755 }, "geometry": { "type": "Point", "coordinates": [ -75.3, 44.37 ] } },
{ "type": "Feature", "properties": { "latitude": 41.31, "longitude": -74.58, "frac_class_11": 0.0057094671749556422, "frac_class_21": 0.081279389116291595, "frac_class_22": 0.027376163120941155, "frac_class_23": 0.0032324368005902712, "frac_class_24": 0.00031621664353600478, "frac_developed": 0.11220420568135903, "wind_power_index": 45.093861922239, "wind_resource_pct": 0.10192837465564739, "wind_screening_pct": 0.10192837465564739, "resource_land_adj_oof": 51.840763092041016, "resource_opportunity_oof": -6.7469011698020154 }, "geometry": { "type": "Point", "coordinates": [ -74.58, 41.31 ] } },
{ "type": "Feature", "properties": { "latitude": 42.48, "longitude": -78.63, "frac_class_11": 0.0031502517859234103, "frac_class_21": 0.059058437756177536, "frac_class_22": 0.043090525822695867, "frac_class_23": 0.013139711910059726, "frac_class_24": 0.0027989225904672677, "frac_developed": 0.11808759807940039, "wind_power_index": 81.823176903330719, "wind_resource_pct": 0.83195592286501374, "wind_screening_pct": 0.83195592286501374, "resource_land_adj_oof": 77.589027404785156, "resource_opportunity_oof": 4.2341494985455626 }, "geometry": { "type": "Point", "coordinates": [ -78.63, 42.48 ] } },
{ "type": "Feature", "properties": { "latitude": 42.48, "longitude": -76.92, "frac_class_11": 0.18499953152815515, "frac_class_21": 0.053686873418907523, "frac_class_22": 0.038859739529654269, "frac_class_23": 0.0047725569193291482, "frac_class_24": 0.00048018364096317812, "frac_developed": 0.097799353508854117, "wind_power_index": 61.082976330027591, "wind_resource_pct": 0.42699724517906334, "wind_screening_pct": 0.42699724517906334, "resource_land_adj_oof": 67.881683349609375, "resource_opportunity_oof": -6.7987070195817836 }, "geometry": { "type": "Point", "coordinates": [ -76.92, 42.48 ] } },
{ "type": "Feature", "properties": { "latitude": 42.84, "longitude": -76.02, "frac_class_11": 0.0052466388719726422, "frac_class_21": 0.056975219000327912, "frac_class_22": 0.019194734623132054, "frac_class_23": 0.0027579987820302619, "frac_class_24": 0.00011125685107977701, "frac_developed": 0.079039209256570001, "wind_power_index": 82.505211499661755, "wind_resource_pct": 0.83930211202938476, "wind_screening_pct": 0.83930211202938476, "resource_land_adj_oof": 79.737678527832031, "resource_opportunity_oof": 2.7675329718297235 }, "geometry": { "type": "Point", "coordinates": [ -76.02, 42.84 ] } },
{ "type": "Feature", "properties": { "latitude": 42.66, "longitude": -74.13, "frac_class_11": 0.0048194605483527168, "frac_class_21": 0.05569024278837708, "frac_class_22": 0.028096927959898342, "frac_class_23": 0.0026761767564971949, "frac_class_24": 0.00014054319946593585, "frac_developed": 0.086603890704238559, "wind_power_index": 80.213861435745073, "wind_resource_pct": 0.80853994490358128, "wind_screening_pct": 0.80853994490358128, "resource_land_adj_oof": 54.036834716796875, "resource_opportunity_oof": 26.177026718948198 }, "geometry": { "type": "Point", "coordinates": [ -74.13, 42.66 ] } },
{ "type": "Feature", "properties": { "latitude": 43.2, "longitude": -73.41, "frac_class_11": 0.021637796751109706, "frac_class_21": 0.054448777859761308, "frac_class_22": 0.016303011138048558, "frac_class_23": 0.0021725636250775914, "frac_class_24": 0.00015225513275476382, "frac_developed": 0.073076607755642231, "wind_power_index": 45.475431881460992, "wind_resource_pct": 0.10514233241505969, "wind_screening_pct": 0.10514233241505969, "resource_land_adj_oof": 50.289020538330078, "resource_opportunity_oof": -4.8135886568690864 }, "geometry": { "type": "Point", "coordinates": [ -73.41, 43.2 ] } },
{ "type": "Feature", "properties": { "latitude": 42.3, "longitude": -78.27, "frac_class_11": 0.011400832664820204, "frac_class_21": 0.055393876224550144, "frac_class_22": 0.0090585968836552934, "frac_class_23": 0.00073780427106694699, "frac_class_24": 9.3689431246596434e-05, "frac_developed": 0.065283966810518984, "wind_power_index": 77.333482715566078, "wind_resource_pct": 0.77777777777777779, "wind_screening_pct": 0.77777777777777779, "resource_land_adj_oof": 77.481674194335938, "resource_opportunity_oof": -0.14819147876985994 }, "geometry": { "type": "Point", "coordinates": [ -78.27, 42.3 ] } },
{ "type": "Feature", "properties": { "latitude": 42.48, "longitude": -74.85, "frac_class_11": 0.0041225280935064329, "frac_class_21": 0.05354601830543014, "frac_class_22": 0.016197319185566467, "frac_class_23": 0.0029396436121310074, "frac_class_24": 6.4414501461038015e-05, "frac_developed": 0.072747395604588649, "wind_power_index": 58.339701149815966, "wind_resource_pct": 0.35858585858585856, "wind_screening_pct": 0.35858585858585856, "resource_land_adj_oof": 67.116630554199219, "resource_opportunity_oof": -8.7769294043832531 }, "geometry": { "type": "Point", "coordinates": [ -74.85, 42.48 ] } },
{ "type": "Feature", "properties": { "latitude": 42.12, "longitude": -76.2, "frac_class_11": 0.020934958159363342, "frac_class_21": 0.082802883461090257, "frac_class_22": 0.047561882565132607, "frac_class_23": 0.020431347977068168, "frac_class_24": 0.0052879069140993286, "frac_developed": 0.15608402091739038, "wind_power_index": 46.770038996463484, "wind_resource_pct": 0.1248852157943067, "wind_screening_pct": 0.1248852157943067, "resource_land_adj_oof": 53.046829223632812, "resource_opportunity_oof": -6.2767902271693288 }, "geometry": { "type": "Point", "coordinates": [ -76.2, 42.12 ] } },
{ "type": "Feature", "properties": { "latitude": 42.66, "longitude": -77.46, "frac_class_11": 0.00076712264592897965, "frac_class_21": 0.044692213997938726, "frac_class_22": 0.014557762578469033, "frac_class_23": 0.0015752365782816453, "frac_class_24": 0.00020495643211842967, "frac_developed": 0.061030169586807834, "wind_power_index": 74.674746391142932, "wind_resource_pct": 0.72222222222222221, "wind_screening_pct": 0.72222222222222221, "resource_land_adj_oof": 85.607170104980469, "resource_opportunity_oof": -10.932423713837537 }, "geometry": { "type": "Point", "coordinates": [ -77.46, 42.66 ] } },
{ "type": "Feature", "properties": { "latitude": 44.1, "longitude": -75.66, "frac_class_11": 0.006306802211187108, "frac_class_21": 0.051162981354820572, "frac_class_22": 0.045957087979012462, "frac_class_23": 0.01502623442331116, "frac_class_24": 0.0099960179893188415, "frac_developed": 0.12214232174646304, "wind_power_index": 55.53971959160237, "wind_resource_pct": 0.28650137741046833, "wind_screening_pct": 0.28650137741046833, "resource_land_adj_oof": 59.735519409179688, "resource_opportunity_oof": -4.195799817577317 }, "geometry": { "type": "Point", "coordinates": [ -75.66, 44.1 ] } },
{ "type": "Feature", "properties": { "latitude": 43.92, "longitude": -75.39, "frac_class_11": 0.0097908895538469654, "frac_class_21": 0.039151846625012442, "frac_class_22": 0.020061954313085946, "frac_class_23": 0.0041868935592108726, "frac_class_24": 0.00067927224177407176, "frac_developed": 0.064079966739083324, "wind_power_index": 46.548045174662739, "wind_resource_pct": 0.12213039485766758, "wind_screening_pct": 0.12213039485766758, "resource_land_adj_oof": 51.747756958007812, "resource_opportunity_oof": -5.199711783345073 }, "geometry": { "type": "Point", "coordinates": [ -75.39, 43.92 ] } },
{ "type": "Feature", "properties": { "latitude": 42.84, "longitude": -76.2, "frac_class_11": 0.025285915897099557, "frac_class_21": 0.063601281277998675, "frac_class_22": 0.018469610639057898, "frac_class_23": 0.0030158051614187754, "frac_class_24": 5.8559323522694663e-05, "frac_developed": 0.085145256401998048, "wind_power_index": 76.065011294907364, "wind_resource_pct": 0.75068870523415976, "wind_screening_pct": 0.75068870523415976, "resource_land_adj_oof": 80.62164306640625, "resource_opportunity_oof": -4.5566317714988855 }, "geometry": { "type": "Point", "coordinates": [ -76.2, 42.84 ] } },
{ "type": "Feature", "properties": { "latitude": 42.12, "longitude": -75.66, "frac_class_11": 0.015646043401374883, "frac_class_21": 0.053941374181686166, "frac_class_22": 0.02300062068884751, "frac_class_23": 0.005381255196805209, "frac_class_24": 0.00028106664792889013, "frac_developed": 0.082604316715267773, "wind_power_index": 54.655609325882416, "wind_resource_pct": 0.27089072543617998, "wind_screening_pct": 0.27089072543617998, "resource_land_adj_oof": 55.099166870117188, "resource_opportunity_oof": -0.44355754423477123 }, "geometry": { "type": "Point", "coordinates": [ -75.66, 42.12 ] } },
{ "type": "Feature", "properties": { "latitude": 41.67, "longitude": -74.76, "frac_class_11": 0.028426027325060464, "frac_class_21": 0.092223543122178037, "frac_class_22": 0.052454043417916478, "frac_class_23": 0.024678055036630574, "frac_class_24": 0.0050714750027816983, "frac_developed": 0.1744271165795068, "wind_power_index": 67.05155293550159, "wind_resource_pct": 0.58494031221303944, "wind_screening_pct": 0.58494031221303944, "resource_land_adj_oof": 50.952693939208984, "resource_opportunity_oof": 16.098858996292606 }, "geometry": { "type": "Point", "coordinates": [ -74.76, 41.67 ] } },
{ "type": "Feature", "properties": { "latitude": 42.57, "longitude": -77.46, "frac_class_11": 0.00048014708896188684, "frac_class_21": 0.050163659891908352, "frac_class_22": 0.025559049308763855, "frac_class_23": 0.0032439205766449431, "frac_class_24": 0.00038060439978686154, "frac_developed": 0.079347234177104001, "wind_power_index": 81.039855875979342, "wind_resource_pct": 0.81864095500459133, "wind_screening_pct": 0.81864095500459133, "resource_land_adj_oof": 76.186111450195312, "resource_opportunity_oof": 4.8537444257840292 }, "geometry": { "type": "Point", "coordinates": [ -77.46, 42.57 ] } },
{ "type": "Feature", "properties": { "latitude": 42.39, "longitude": -73.77, "frac_class_11": 0.062169885345544407, "frac_class_21": 0.076375794910232234, "frac_class_22": 0.050587325939545832, "frac_class_23": 0.015751812336772576, "frac_class_24": 0.0033728787754576223, "frac_developed": 0.14608781196200826, "wind_power_index": 47.900816293610902, "wind_resource_pct": 0.1487603305785124, "wind_screening_pct": 0.1487603305785124, "resource_land_adj_oof": 37.641071319580078, "resource_opportunity_oof": 10.259744974030824 }, "geometry": { "type": "Point", "coordinates": [ -73.77, 42.39 ] } },
{ "type": "Feature", "properties": { "latitude": 42.66, "longitude": -76.83, "frac_class_11": 0.16108876044576401, "frac_class_21": 0.044418287333907229, "frac_class_22": 0.046344934207058909, "frac_class_23": 0.0071912533745600625, "frac_class_24": 0.0014054566855817713, "frac_developed": 0.099359931601107968, "wind_power_index": 63.570447258310786, "wind_resource_pct": 0.50137741046831952, "wind_screening_pct": 0.50137741046831952, "resource_land_adj_oof": 82.622688293457031, "resource_opportunity_oof": -19.052241035146245 }, "geometry": { "type": "Point", "coordinates": [ -76.83, 42.66 ] } },
{ "type": "Feature", "properties": { "latitude": 42.66, "longitude": -78.54, "frac_class_11": 0.002190041751330714, "frac_class_21": 0.056173985348972028, "frac_class_22": 0.025074221334754322, "frac_class_23": 0.004262968970504705, "frac_class_24": 0.00044503522219554613, "frac_developed": 0.085956210876426603, "wind_power_index": 81.126588441585653, "wind_resource_pct": 0.82047750229568417, "wind_screening_pct": 0.82047750229568417, "resource_land_adj_oof": 74.249809265136719, "resource_opportunity_oof": 6.8767791764489345 }, "geometry": { "type": "Point", "coordinates": [ -78.54, 42.66 ] } },
{ "type": "Feature", "properties": { "latitude": 42.66, "longitude": -76.2, "frac_class_11": 0.0088014663254610079, "frac_class_21": 0.077362722305831924, "frac_class_22": 0.054589001387855968, "frac_class_23": 0.021046220874056464, "frac_class_24": 0.0048252882582700404, "frac_developed": 0.1578232328260144, "wind_power_index": 75.526101381825725, "wind_resource_pct": 0.74012855831037649, "wind_screening_pct": 0.74012855831037649, "resource_land_adj_oof": 71.158729553222656, "resource_opportunity_oof": 4.3673718286030692 }, "geometry": { "type": "Point", "coordinates": [ -76.2, 42.66 ] } },
{ "type": "Feature", "properties": { "latitude": 42.93, "longitude": -73.5, "frac_class_11": 0.013028610242537096, "frac_class_21": 0.063550340207755102, "frac_class_22": 0.019721509796343791, "frac_class_23": 0.0024886109452037148, "frac_class_24": 0.00019323332045111197, "frac_developed": 0.085953694269753717, "wind_power_index": 43.097157258607126, "wind_resource_pct": 0.078512396694214878, "wind_screening_pct": 0.078512396694214878, "resource_land_adj_oof": 49.853225708007812, "resource_opportunity_oof": -6.7560684494006864 }, "geometry": { "type": "Point", "coordinates": [ -73.5, 42.93 ] } },
{ "type": "Feature", "properties": { "latitude": 42.93, "longitude": -76.92, "frac_class_11": 0.013563133575783131, "frac_class_21": 0.066152485696047605, "frac_class_22": 0.077531228587993467, "frac_class_23": 0.02847321046867771, "frac_class_24": 0.0076541518063681134, "frac_developed": 0.1798110765590869, "wind_power_index": 66.527385074096699, "wind_resource_pct": 0.57024793388429751, "wind_screening_pct": 0.57024793388429751, "resource_land_adj_oof": 67.496315002441406, "resource_opportunity_oof": -0.96892992834470704 }, "geometry": { "type": "Point", "coordinates": [ -76.92, 42.93 ] } },
{ "type": "Feature", "properties": { "latitude": 44.64, "longitude": -75.39, "frac_class_11": 0.012496120581122308, "frac_class_21": 0.040252264702265582, "frac_class_22": 0.025431420657832327, "frac_class_23": 0.0037652322088386338, "frac_class_24": 0.00065584138007764698, "frac_developed": 0.07010475894901419, "wind_power_index": 47.928456721523787, "wind_resource_pct": 0.14967860422405876, "wind_screening_pct": 0.14967860422405876, "resource_land_adj_oof": 58.691829681396484, "resource_opportunity_oof": -10.763372959872697 }, "geometry": { "type": "Point", "coordinates": [ -75.39, 44.64 ] } },
{ "type": "Feature", "properties": { "latitude": 43.92, "longitude": -75.48, "frac_class_11": 0.0096915112901714614, "frac_class_21": 0.03612503513538836, "frac_class_22": 0.017977607045816548, "frac_class_23": 0.0032793029138948747, "frac_class_24": 0.00067928417502108123, "frac_developed": 0.058061229270120862, "wind_power_index": 50.518726776467865, "wind_resource_pct": 0.1928374655647383, "wind_screening_pct": 0.1928374655647383, "resource_land_adj_oof": 52.060585021972656, "resource_opportunity_oof": -1.5418582455047911 }, "geometry": { "type": "Point", "coordinates": [ -75.48, 43.92 ] } },
{ "type": "Feature", "properties": { "latitude": 41.22, "longitude": -74.31, "frac_class_11": 0.055320345027493278, "frac_class_21": 0.080055513588531871, "frac_class_22": 0.041102307795911439, "frac_class_23": 0.0117702861760624, "frac_class_24": 0.0021725254583677364, "frac_developed": 0.13510063301887346, "wind_power_index": 65.014322356984152, "wind_resource_pct": 0.53443526170798894, "wind_screening_pct": 0.53443526170798894, "resource_land_adj_oof": 56.403076171875, "resource_opportunity_oof": 8.6112461851091524 }, "geometry": { "type": "Point", "coordinates": [ -74.31, 41.22 ] } },
{ "type": "Feature", "properties": { "latitude": 44.64, "longitude": -74.85, "frac_class_11": 0.0063181810196923475, "frac_class_21": 0.04076075818172236, "frac_class_22": 0.016372228110342727, "frac_class_23": 0.001288229679640701, "frac_class_24": 7.0267073434947329e-05, "frac_developed": 0.058491483045140735, "wind_power_index": 56.376735479376137, "wind_resource_pct": 0.31404958677685951, "wind_screening_pct": 0.31404958677685951, "resource_land_adj_oof": 53.895694732666016, "resource_opportunity_oof": 2.4810407467101214 }, "geometry": { "type": "Point", "coordinates": [ -74.85, 44.64 ] } },
{ "type": "Feature", "properties": { "latitude": 42.21, "longitude": -78.99, "frac_class_11": 0.00076129349621110087, "frac_class_21": 0.064141905107693756, "frac_class_22": 0.028952577271289866, "frac_class_23": 0.0057097012215832563, "frac_class_24": 0.00072615687330905001, "frac_developed": 0.099530340473875947, "wind_power_index": 58.113928035761894, "wind_resource_pct": 0.35215794306703396, "wind_screening_pct": 0.35215794306703396, "resource_land_adj_oof": 69.940773010253906, "resource_opportunity_oof": -11.826844974492012 }, "geometry": { "type": "Point", "coordinates": [ -78.99, 42.21 ] } },
{ "type": "Feature", "properties": { "latitude": 42.66, "longitude": -74.04, "frac_class_11": 0.0082398758455096491, "frac_class_21": 0.069344967936517232, "frac_class_22": 0.039928552604608945, "frac_class_23": 0.0052648531521770955, "frac_class_24": 0.00093701502152206378, "frac_developed": 0.11547538871482534, "wind_power_index": 80.213861435745073, "wind_resource_pct": 0.80853994490358128, "wind_screening_pct": 0.80853994490358128, "resource_land_adj_oof": 57.454845428466797, "resource_opportunity_oof": 22.759016007278277 }, "geometry": { "type": "Point", "coordinates": [ -74.04, 42.66 ] } },
{ "type": "Feature", "properties": { "latitude": 42.21, "longitude": -73.95, "frac_class_11": 0.022527112172955752, "frac_class_21": 0.070397957510598921, "frac_class_22": 0.038255685943831538, "frac_class_23": 0.01745016747476167, "frac_class_24": 0.0038589464314993092, "frac_developed": 0.12996275736069143, "wind_power_index": 36.06663400221688, "wind_resource_pct": 0.051423324150596875, "wind_screening_pct": 0.051423324150596875, "resource_land_adj_oof": 35.614070892333984, "resource_opportunity_oof": 0.45256310988289528 }, "geometry": { "type": "Point", "coordinates": [ -73.95, 42.21 ] } },
{ "type": "Feature", "properties": { "latitude": 43.11, "longitude": -73.5, "frac_class_11": 0.015020994255128513, "frac_class_21": 0.067585689940911561, "frac_class_22": 0.034955288385521283, "frac_class_23": 0.010500055633312057, "frac_class_24": 0.0034961144523632443, "frac_developed": 0.11653714841210815, "wind_power_index": 40.395806794493552, "wind_resource_pct": 0.067033976124885222, "wind_screening_pct": 0.067033976124885222, "resource_land_adj_oof": 38.349761962890625, "resource_opportunity_oof": 2.0460448316029272 }, "geometry": { "type": "Point", "coordinates": [ -73.5, 43.11 ] } },
{ "type": "Feature", "properties": { "latitude": 44.28, "longitude": -75.66, "frac_class_11": 0.045465458783020135, "frac_class_21": 0.032488712690390997, "frac_class_22": 0.0081924493608249837, "frac_class_23": 0.00057388137052240772, "frac_class_24": 2.3423729409077865e-05, "frac_developed": 0.041278467151147469, "wind_power_index": 48.053414674517697, "wind_resource_pct": 0.15335169880624427, "wind_screening_pct": 0.15335169880624427, "resource_land_adj_oof": 60.451126098632812, "resource_opportunity_oof": -12.397711424115116 }, "geometry": { "type": "Point", "coordinates": [ -75.66, 44.28 ] } },
{ "type": "Feature", "properties": { "latitude": 44.91, "longitude": -74.76, "frac_class_11": 0.020993394546987725, "frac_class_21": 0.046361144945188795, "frac_class_22": 0.019816359036821888, "frac_class_23": 0.0017684812142790217, "frac_class_24": 0.00066757237890002806, "frac_developed": 0.068613557575189735, "wind_power_index": 50.715089468362549, "wind_resource_pct": 0.19742883379247014, "wind_screening_pct": 0.19742883379247014, "resource_land_adj_oof": 51.771053314208984, "resource_opportunity_oof": -1.0559638458464349 }, "geometry": { "type": "Point", "coordinates": [ -74.76, 44.91 ] } },
{ "type": "Feature", "properties": { "latitude": 42.75, "longitude": -77.28, "frac_class_11": 0.14981729598051158, "frac_class_21": 0.060134217183547271, "frac_class_22": 0.037618289140822637, "frac_class_23": 0.0032968706080764546, "frac_class_24": 0.00040405696617633281, "frac_developed": 0.1014534338986227, "wind_power_index": 70.951488270733464, "wind_resource_pct": 0.66896235078053257, "wind_screening_pct": 0.66896235078053257, "resource_land_adj_oof": 81.209938049316406, "resource_opportunity_oof": -10.258449778582943 }, "geometry": { "type": "Point", "coordinates": [ -77.28, 42.75 ] } },
{ "type": "Feature", "properties": { "latitude": 44.55, "longitude": -75.39, "frac_class_11": 0.0134971336889628, "frac_class_21": 0.035479016495195491, "frac_class_22": 0.015769102396692762, "frac_class_23": 0.0016337094573625254, "frac_class_24": 0.00052114746130919268, "frac_developed": 0.053402975810559972, "wind_power_index": 46.405233612674976, "wind_resource_pct": 0.11616161616161616, "wind_screening_pct": 0.11616161616161616, "resource_land_adj_oof": 51.007465362548828, "resource_opportunity_oof": -4.6022317498738516 }, "geometry": { "type": "Point", "coordinates": [ -75.39, 44.55 ] } },
{ "type": "Feature", "properties": { "latitude": 43.02, "longitude": -76.47, "frac_class_11": 0.0016630847880445285, "frac_class_21": 0.079945188473182757, "frac_class_22": 0.045096535044827163, "frac_class_23": 0.012262322345652263, "frac_class_24": 0.0023306610762032476, "frac_developed": 0.13963470693986543, "wind_power_index": 66.692702914055786, "wind_resource_pct": 0.57392102846648296, "wind_screening_pct": 0.57392102846648296, "resource_land_adj_oof": 67.732330322265625, "resource_opportunity_oof": -1.0396274082098387 }, "geometry": { "type": "Point", "coordinates": [ -76.47, 43.02 ] } },
{ "type": "Feature", "properties": { "latitude": 42.84, "longitude": -77.64, "frac_class_11": 0.024330259112867809, "frac_class_21": 0.05648367735324257, "frac_class_22": 0.053327477675303762, "frac_class_23": 0.008678085199824331, "frac_class_24": 0.0015576050358659054, "frac_developed": 0.12004684526423656, "wind_power_index": 77.894188351197371, "wind_resource_pct": 0.78696051423324154, "wind_screening_pct": 0.78696051423324154, "resource_land_adj_oof": 102.77352142333984, "resource_opportunity_oof": -24.879333072142472 }, "geometry": { "type": "Point", "coordinates": [ -77.64, 42.84 ] } },
{ "type": "Feature", "properties": { "latitude": 43.74, "longitude": -75.48, "frac_class_11": 0.0062248560904624431, "frac_class_21": 0.043579848565589371, "frac_class_22": 0.036136958545854879, "frac_class_23": 0.011255101981061914, "frac_class_24": 0.0035779746672366442, "frac_developed": 0.094549883759742798, "wind_power_index": 54.215326062671124, "wind_resource_pct": 0.26721763085399447, "wind_screening_pct": 0.26721763085399447, "resource_land_adj_oof": 81.611862182617188, "resource_opportunity_oof": -27.396536119946063 }, "geometry": { "type": "Point", "coordinates": [ -75.48, 43.74 ] } },
{ "type": "Feature", "properties": { "latitude": 42.93, "longitude": -73.68, "frac_class_11": 0.032565030509586215, "frac_class_21": 0.068286427040511577, "frac_class_22": 0.064872398486818222, "frac_class_23": 0.026568520665706287, "frac_class_24": 0.0056568637785039174, "frac_developed": 0.16538420997153999, "wind_power_index": 42.051238769501566, "wind_resource_pct": 0.0743801652892562, "wind_screening_pct": 0.0743801652892562, "resource_land_adj_oof": 46.320892333984375, "resource_opportunity_oof": -4.2696535644828089 }, "geometry": { "type": "Point", "coordinates": [ -73.68, 42.93 ] } },
{ "type": "Feature", "properties": { "latitude": 44.91, "longitude": -73.59, "frac_class_11": 0.002260416361666618, "frac_class_21": 0.037279301964688316, "frac_class_22": 0.02068925131028021, "frac_class_23": 0.0035897285743565718, "frac_class_24": 0.00044505607120897138, "frac_developed": 0.062003337920534064, "wind_power_index": 54.04186673421836, "wind_resource_pct": 0.26446280991735538, "wind_screening_pct": 0.26446280991735538, "resource_land_adj_oof": 57.271755218505859, "resource_opportunity_oof": -3.2298884842874998 }, "geometry": { "type": "Point", "coordinates": [ -73.59, 44.91 ] } },
{ "type": "Feature", "properties": { "latitude": 42.12, "longitude": -74.76, "frac_class_11": 0.045065408083197679, "frac_class_21": 0.044538395774532426, "frac_class_22": 0.0049129258552238634, "frac_class_23": 0.00031035169288064928, "frac_class_24": 1.1711384637005633e-05, "frac_developed": 0.049773384707273945, "wind_power_index": 61.003040847798232, "wind_resource_pct": 0.42516069788797062, "wind_screening_pct": 0.42516069788797062, "resource_land_adj_oof": 73.407928466796875, "resource_opportunity_oof": -12.404887618998643 }, "geometry": { "type": "Point", "coordinates": [ -74.76, 42.12 ] } },
{ "type": "Feature", "properties": { "latitude": 42.3, "longitude": -75.39, "frac_class_11": 0.0084680748891712877, "frac_class_21": 0.061449176910148222, "frac_class_22": 0.04501080470136274, "frac_class_23": 0.014904046053209495, "frac_class_24": 0.0043511615785990785, "frac_developed": 0.12571518924331954, "wind_power_index": 63.627985205302068, "wind_resource_pct": 0.50229568411386594, "wind_screening_pct": 0.50229568411386594, "resource_land_adj_oof": 55.203731536865234, "resource_opportunity_oof": 8.4242536684368332 }, "geometry": { "type": "Point", "coordinates": [ -75.39, 42.3 ] } },
{ "type": "Feature", "properties": { "latitude": 42.84, "longitude": -77.82, "frac_class_11": 0.0093045861245139826, "frac_class_21": 0.047061648006745678, "frac_class_22": 0.05524195437297981, "frac_class_23": 0.014135475710872722, "frac_class_24": 0.0029453787417435704, "frac_developed": 0.11938445683234178, "wind_power_index": 63.752278382067779, "wind_resource_pct": 0.50321395775941236, "wind_screening_pct": 0.50321395775941236, "resource_land_adj_oof": 78.792510986328125, "resource_opportunity_oof": -15.040232604260346 }, "geometry": { "type": "Point", "coordinates": [ -77.82, 42.84 ] } },
{ "type": "Feature", "properties": { "latitude": 43.47, "longitude": -73.5, "frac_class_11": 0.014012917884184083, "frac_class_21": 0.022667783171615788, "frac_class_22": 0.015383173958107642, "frac_class_23": 0.005756246669516487, "frac_class_24": 0.0010130525674734, "frac_developed": 0.044820256366713315, "wind_power_index": 27.339561480649678, "wind_resource_pct": 0.014692378328741965, "wind_screening_pct": 0.014692378328741965, "resource_land_adj_oof": 29.909473419189453, "resource_opportunity_oof": -2.5699119385397751 }, "geometry": { "type": "Point", "coordinates": [ -73.5, 43.47 ] } },
{ "type": "Feature", "properties": { "latitude": 42.66, "longitude": -76.38, "frac_class_11": 0.0029163226225821753, "frac_class_21": 0.0582444674783179, "frac_class_22": 0.02040840228855197, "frac_class_23": 0.003701035938698664, "frac_class_24": 0.00054461446566293639, "frac_developed": 0.082898520171231477, "wind_power_index": 67.010885236709527, "wind_resource_pct": 0.5826446280991735, "wind_screening_pct": 0.5826446280991735, "resource_land_adj_oof": 72.774124145507812, "resource_opportunity_oof": -5.7632389087982858 }, "geometry": { "type": "Point", "coordinates": [ -76.38, 42.66 ] } },
{ "type": "Feature", "properties": { "latitude": 44.91, "longitude": -73.86, "frac_class_11": 0.005961374044013445, "frac_class_21": 0.029215417588981413, "frac_class_22": 0.015043978309499549, "frac_class_23": 0.0028987034889849266, "frac_class_24": 0.00041577363175339355, "frac_developed": 0.047573873019219282, "wind_power_index": 94.485640437780518, "wind_resource_pct": 0.95500459136822768, "wind_screening_pct": 0.95500459136822768, "resource_land_adj_oof": 58.481224060058594, "resource_opportunity_oof": 36.004416377721924 }, "geometry": { "type": "Point", "coordinates": [ -73.86, 44.91 ] } },
{ "type": "Feature", "properties": { "latitude": 44.37, "longitude": -73.41, "frac_class_11": 0.24352006933789339, "frac_class_21": 0.033538692184260768, "frac_class_22": 0.017328617107251199, "frac_class_23": 0.0028578456060623808, "frac_class_24": 0.00064418650956324158, "frac_developed": 0.054369341407137589, "wind_power_index": 61.649924108159723, "wind_resource_pct": 0.45224977043158859, "wind_screening_pct": 0.45224977043158859, "resource_land_adj_oof": 50.968074798583984, "resource_opportunity_oof": 10.681849309575739 }, "geometry": { "type": "Point", "coordinates": [ -73.41, 44.37 ] } },
{ "type": "Feature", "properties": { "latitude": 44.1, "longitude": -75.93, "frac_class_11": 0.02029044914212098, "frac_class_21": 0.042202963049715991, "frac_class_22": 0.02847689875270832, "frac_class_23": 0.0046612402646834927, "frac_class_24": 0.0004508988698249107, "frac_developed": 0.07579200093693271, "wind_power_index": 43.805647283166124, "wind_resource_pct": 0.081267217630853997, "wind_screening_pct": 0.081267217630853997, "resource_land_adj_oof": 69.548973083496094, "resource_opportunity_oof": -25.74332580032997 }, "geometry": { "type": "Point", "coordinates": [ -75.93, 44.1 ] } },
{ "type": "Feature", "properties": { "latitude": 42.84, "longitude": -75.12, "frac_class_11": 0.0019910519781687007, "frac_class_21": 0.049618186503010003, "frac_class_22": 0.0090065821835984168, "frac_class_23": 0.0015811295120751446, "frac_class_24": 6.4416387528987376e-05, "frac_developed": 0.060270314586212549, "wind_power_index": 85.97889765722519, "wind_resource_pct": 0.89761248852157938, "wind_screening_pct": 0.89761248852157938, "resource_land_adj_oof": 79.70770263671875, "resource_opportunity_oof": 6.2711950205064397 }, "geometry": { "type": "Point", "coordinates": [ -75.12, 42.84 ] } },
{ "type": "Feature", "properties": { "latitude": 42.48, "longitude": -78.99, "frac_class_11": 0.0069743337490996609, "frac_class_21": 0.058470799735314959, "frac_class_22": 0.036868518290790485, "frac_class_23": 0.0090297419320836923, "frac_class_24": 0.0011711727538370547, "frac_developed": 0.1055402327120262, "wind_power_index": 72.335478178757995, "wind_resource_pct": 0.69651056014692381, "wind_screening_pct": 0.69651056014692381, "resource_land_adj_oof": 80.012489318847656, "resource_opportunity_oof": -7.677011140089661 }, "geometry": { "type": "Point", "coordinates": [ -78.99, 42.48 ] } },
{ "type": "Feature", "properties": { "latitude": 44.55, "longitude": -73.59, "frac_class_11": 0.0012121779969197796, "frac_class_21": 0.04246722141865817, "frac_class_22": 0.022182271750396738, "frac_class_23": 0.0045442035053611064, "frac_class_24": 0.00065000849110191075, "frac_developed": 0.069843705165517939, "wind_power_index": 38.187278157954893, "wind_resource_pct": 0.060146923783287419, "wind_screening_pct": 0.060146923783287419, "resource_land_adj_oof": 60.163120269775391, "resource_opportunity_oof": -21.975842111820498 }, "geometry": { "type": "Point", "coordinates": [ -73.59, 44.55 ] } },
{ "type": "Feature", "properties": { "latitude": 42.3, "longitude": -79.26, "frac_class_11": 0.0043627973436713083, "frac_class_21": 0.053155854346985866, "frac_class_22": 0.016578629905950971, "frac_class_23": 0.0021726145161101414, "frac_class_24": 9.9553764889143953e-05, "frac_developed": 0.072006652533936122, "wind_power_index": 71.721917501322352, "wind_resource_pct": 0.68457300275482091, "wind_screening_pct": 0.68457300275482091, "resource_land_adj_oof": 91.390335083007812, "resource_opportunity_oof": -19.668417581685461 }, "geometry": { "type": "Point", "coordinates": [ -79.26, 42.3 ] } },
{ "type": "Feature", "properties": { "latitude": 42.84, "longitude": -75.57, "frac_class_11": 0.016197414035416472, "frac_class_21": 0.073889721727724164, "frac_class_22": 0.033507448702332993, "frac_class_23": 0.0077883444205003281, "frac_class_24": 0.0010950529373184672, "frac_developed": 0.11628056778787596, "wind_power_index": 77.46377698178145, "wind_resource_pct": 0.78007346189164373, "wind_screening_pct": 0.78007346189164373, "resource_land_adj_oof": 73.24078369140625, "resource_opportunity_oof": 4.2229932903752001 }, "geometry": { "type": "Point", "coordinates": [ -75.57, 42.84 ] } },
{ "type": "Feature", "properties": { "latitude": 43.38, "longitude": -73.5, "frac_class_11": 0.0056216621381054996, "frac_class_21": 0.043690855429588685, "frac_class_22": 0.025642977607045817, "frac_class_23": 0.0047491333270870423, "frac_class_24": 0.00052117492738686403, "frac_developed": 0.0746041412911084, "wind_power_index": 28.142843473378782, "wind_resource_pct": 0.015610651974288337, "wind_screening_pct": 0.015610651974288337, "resource_land_adj_oof": 45.338710784912109, "resource_opportunity_oof": -17.195867311533327 }, "geometry": { "type": "Point", "coordinates": [ -73.5, 43.38 ] } },
{ "type": "Feature", "properties": { "latitude": 44.28, "longitude": -75.57, "frac_class_11": 0.024090318198320589, "frac_class_21": 0.039853841919730168, "frac_class_22": 0.015699111105906053, "frac_class_23": 0.0013995104641221731, "frac_class_24": 2.9278461592514083e-05, "frac_developed": 0.056981741951350903, "wind_power_index": 49.531812398157555, "wind_resource_pct": 0.17722681359044995, "wind_screening_pct": 0.17722681359044995, "resource_land_adj_oof": 55.826316833496094, "resource_opportunity_oof": -6.2945044353385384 }, "geometry": { "type": "Point", "coordinates": [ -75.57, 44.28 ] } },
{ "type": "Feature", "properties": { "latitude": 42.39, "longitude": -75.75, "frac_class_11": 0.0037242203145677914, "frac_class_21": 0.052923747174628458, "frac_class_22": 0.017373839108997858, "frac_class_23": 0.0024066895429046575, "frac_class_24": 0.00020494923114759857, "frac_developed": 0.072909225057678564, "wind_power_index": 51.989991310893195, "wind_resource_pct": 0.22038567493112948, "wind_screening_pct": 0.22038567493112948, "resource_land_adj_oof": 64.687820434570312, "resource_opportunity_oof": -12.697829123677117 }, "geometry": { "type": "Point", "coordinates": [ -75.75, 42.39 ] } },
{ "type": "Feature", "properties": { "latitude": 44.91, "longitude": -74.58, "frac_class_11": 0.001446364472135525, "frac_class_21": 0.03850140244652258, "frac_class_22": 0.014065455312022392, "frac_class_23": 0.0015224889180373946, "frac_class_24": 0.00015224889180373945, "frac_developed": 0.054241595568386106, "wind_power_index": 47.487324365582211, "wind_resource_pct": 0.14141414141414141, "wind_screening_pct": 0.14141414141414141, "resource_land_adj_oof": 50.075069427490234, "resource_opportunity_oof": -2.5877450619080236 }, "geometry": { "type": "Point", "coordinates": [ -74.58, 44.91 ] } },
{ "type": "Feature", "properties": { "latitude": 44.82, "longitude": -73.41, "frac_class_11": 0.28955582232893157, "frac_class_21": 0.036488741838198696, "frac_class_22": 0.034333733493397356, "frac_class_23": 0.0055690568910491027, "frac_class_24": 0.001130208180833309, "frac_developed": 0.077521740403478465, "wind_power_index": 71.948296803374546, "wind_resource_pct": 0.68916437098255279, "wind_screening_pct": 0.68916437098255279, "resource_land_adj_oof": 69.433387756347656, "resource_opportunity_oof": 2.5149090470268902 }, "geometry": { "type": "Point", "coordinates": [ -73.41, 44.82 ] } },
{ "type": "Feature", "properties": { "latitude": 42.93, "longitude": -76.74, "frac_class_11": 0.13216761922608453, "frac_class_21": 0.066985617914363346, "frac_class_22": 0.05345263749648646, "frac_class_23": 0.01175278740747681, "frac_class_24": 0.0033729972828633, "frac_developed": 0.13556404010118991, "wind_power_index": 62.595590405773052, "wind_resource_pct": 0.48438934802571165, "wind_screening_pct": 0.48438934802571165, "resource_land_adj_oof": 74.276649475097656, "resource_opportunity_oof": -11.681059069324604 }, "geometry": { "type": "Point", "coordinates": [ -76.74, 42.93 ] } },
{ "type": "Feature", "properties": { "latitude": 42.39, "longitude": -78.18, "frac_class_11": 0.019769627621261721, "frac_class_21": 0.05786832350512687, "frac_class_22": 0.01898493268605761, "frac_class_23": 0.0028342712584984216, "frac_class_24": 0.00026351695585212601, "frac_developed": 0.079951044405535021, "wind_power_index": 57.208777848596881, "wind_resource_pct": 0.3351698806244261, "wind_screening_pct": 0.3351698806244261, "resource_land_adj_oof": 80.353279113769531, "resource_opportunity_oof": -23.14450126517265 }, "geometry": { "type": "Point", "coordinates": [ -78.18, 42.39 ] } },
{ "type": "Feature", "properties": { "latitude": 41.94, "longitude": -75.12, "frac_class_11": 0.0095974797100261168, "frac_class_21": 0.041745230538606577, "frac_class_22": 0.011190228020658883, "frac_class_23": 0.0041692529307740056, "frac_class_24": 0.00026350615433262675, "frac_developed": 0.05736821764437209, "wind_power_index": 62.585911253349927, "wind_resource_pct": 0.48255280073461893, "wind_screening_pct": 0.48255280073461893, "resource_land_adj_oof": 61.455039978027344, "resource_opportunity_oof": 1.1308712753225834 }, "geometry": { "type": "Point", "coordinates": [ -75.12, 41.94 ] } },
{ "type": "Feature", "properties": { "latitude": 43.02, "longitude": -74.13, "frac_class_11": 0.015804328477069376, "frac_class_21": 0.062075467278774533, "frac_class_22": 0.042090223450601962, "frac_class_23": 0.009287019253290861, "frac_class_24": 0.0016395746474914508, "frac_developed": 0.1150922846301588, "wind_power_index": 52.530019466322621, "wind_resource_pct": 0.22589531680440772, "wind_screening_pct": 0.22589531680440772, "resource_land_adj_oof": 48.703159332275391, "resource_opportunity_oof": 3.8268601340472301 }, "geometry": { "type": "Point", "coordinates": [ -74.13, 43.02 ] } },
{ "type": "Feature", "properties": { "latitude": 44.19, "longitude": -76.02, "frac_class_11": 0.0011008508171475081, "frac_class_21": 0.045257850881558995, "frac_class_22": 0.024974089016670864, "frac_class_23": 0.0054749761384729791, "frac_class_24": 0.0009486054913717889, "frac_developed": 0.07665552152807463, "wind_power_index": 48.649049029766118, "wind_resource_pct": 0.16345270890725436, "wind_screening_pct": 0.16345270890725436, "resource_land_adj_oof": 57.427314758300781, "resource_opportunity_oof": -8.778265728534663 }, "geometry": { "type": "Point", "coordinates": [ -76.02, 44.19 ] } },
{ "type": "Feature", "properties": { "latitude": 42.66, "longitude": -78.18, "frac_class_11": 0.0026350924039069638, "frac_class_21": 0.041230412479797626, "frac_class_22": 0.027838287307052678, "frac_class_23": 0.0037769657789333147, "frac_class_24": 0.0010130466352797883, "frac_developed": 0.073858712201063409, "wind_power_index": 99.23254591095133, "wind_resource_pct": 0.9687786960514233, "wind_screening_pct": 0.9687786960514233, "resource_land_adj_oof": 75.427627563476562, "resource_opportunity_oof": 23.804918347474768 }, "geometry": { "type": "Point", "coordinates": [ -78.18, 42.66 ] } },
{ "type": "Feature", "properties": { "latitude": 42.3, "longitude": -74.22, "frac_class_11": 0.0028225428651738032, "frac_class_21": 0.061814859926918389, "frac_class_22": 0.018422655298416565, "frac_class_23": 0.0043684999531528159, "frac_class_24": 0.00032207439332896092, "frac_developed": 0.084928089571816731, "wind_power_index": 59.580380412913229, "wind_resource_pct": 0.38475665748393023, "wind_screening_pct": 0.38475665748393023, "resource_land_adj_oof": 61.706390380859375, "resource_opportunity_oof": -2.1260099679461462 }, "geometry": { "type": "Point", "coordinates": [ -74.22, 42.3 ] } },
{ "type": "Feature", "properties": { "latitude": 42.21, "longitude": -75.66, "frac_class_11": 0.0067691010446432756, "frac_class_21": 0.059651239049983602, "frac_class_22": 0.028118705204478379, "frac_class_23": 0.0076591558532814914, "frac_class_24": 0.00028106993956996301, "frac_developed": 0.095710170047313428, "wind_power_index": 57.417185426674088, "wind_resource_pct": 0.34251606978879706, "wind_screening_pct": 0.34251606978879706, "resource_land_adj_oof": 56.457008361816406, "resource_opportunity_oof": 0.96017706485768173 }, "geometry": { "type": "Point", "coordinates": [ -75.66, 42.21 ] } },
{ "type": "Feature", "properties": { "latitude": 43.38, "longitude": -76.2, "frac_class_11": 0.0022251370215955403, "frac_class_21": 0.069594088162271042, "frac_class_22": 0.025120625849065444, "frac_class_23": 0.0034021173935447602, "frac_class_24": 0.00029863681079308568, "frac_developed": 0.098415468215674345, "wind_power_index": 57.916792870516588, "wind_resource_pct": 0.34894398530762166, "wind_screening_pct": 0.34894398530762166, "resource_land_adj_oof": 66.96392822265625, "resource_opportunity_oof": -9.0471353521396622 }, "geometry": { "type": "Point", "coordinates": [ -76.2, 43.38 ] } },
{ "type": "Feature", "properties": { "latitude": 42.75, "longitude": -78.27, "frac_class_11": 0.006295164142745043, "frac_class_21": 0.047972078751039433, "frac_class_22": 0.018504854596348218, "frac_class_23": 0.0020613002588337256, "frac_class_24": 0.00031036623215394165, "frac_developed": 0.06884859983837531, "wind_power_index": 103.5851128194124, "wind_resource_pct": 0.97796143250688705, "wind_screening_pct": 0.97796143250688705, "resource_land_adj_oof": 80.066978454589844, "resource_opportunity_oof": 23.518134364822558 }, "geometry": { "type": "Point", "coordinates": [ -78.27, 42.75 ] } },
{ "type": "Feature", "properties": { "latitude": 42.48, "longitude": -75.75, "frac_class_11": 0.0083153265522430894, "frac_class_21": 0.044410870825501117, "frac_class_22": 0.0062189273228747607, "frac_class_23": 0.00024009041453659623, "frac_class_24": 1.1711727538370547e-05, "frac_developed": 0.050881600290450843, "wind_power_index": 61.524074463840925, "wind_resource_pct": 0.44123048668503212, "wind_screening_pct": 0.44123048668503212, "resource_land_adj_oof": 66.358489990234375, "resource_opportunity_oof": -4.8344155263934496 }, "geometry": { "type": "Point", "coordinates": [ -75.75, 42.48 ] } },
{ "type": "Feature", "properties": { "latitude": 41.67, "longitude": -74.22, "frac_class_11": 0.0092178852742233024, "frac_class_21": 0.062727299347017651, "frac_class_22": 0.023302392316476822, "frac_class_23": 0.0063189950513894179, "frac_class_24": 0.0016514889754326374, "frac_developed": 0.094000175690316531, "wind_power_index": 32.699433146209195, "wind_resource_pct": 0.040863177226813589, "wind_screening_pct": 0.040863177226813589, "resource_land_adj_oof": 46.894119262695312, "resource_opportunity_oof": -14.194686116486118 }, "geometry": { "type": "Point", "coordinates": [ -74.22, 41.67 ] } },
{ "type": "Feature", "properties": { "latitude": 42.21, "longitude": -75.39, "frac_class_11": 0.0026175097937027516, "frac_class_21": 0.044210735889162807, "frac_class_22": 0.0099371680534979176, "frac_class_23": 0.001007184976547815, "frac_class_24": 0.00012882598537239493, "frac_developed": 0.055283914904580934, "wind_power_index": 65.789156378334098, "wind_resource_pct": 0.55371900826446285, "wind_screening_pct": 0.55371900826446285, "resource_land_adj_oof": 65.591850280761719, "resource_opportunity_oof": 0.19730609757237971 }, "geometry": { "type": "Point", "coordinates": [ -75.39, 42.21 ] } },
{ "type": "Feature", "properties": { "latitude": 44.46, "longitude": -75.57, "frac_class_11": 0.14937837093950024, "frac_class_21": 0.028935178407247557, "frac_class_22": 0.010306803075643736, "frac_class_23": 0.00054462084433799286, "frac_class_24": 1.1712276222322427e-05, "frac_developed": 0.039798314603451602, "wind_power_index": 46.466302708069946, "wind_resource_pct": 0.12075298438934802, "wind_screening_pct": 0.12075298438934802, "resource_land_adj_oof": 56.254264831542969, "resource_opportunity_oof": -9.7879621234730223 }, "geometry": { "type": "Point", "coordinates": [ -75.57, 44.46 ] } },
{ "type": "Feature", "properties": { "latitude": 43.11, "longitude": -74.22, "frac_class_11": 0.32914068218416043, "frac_class_21": 0.059054311228224271, "frac_class_22": 0.042178304787000437, "frac_class_23": 0.0081159420289855077, "frac_class_24": 0.0013819352949787733, "frac_developed": 0.110730493339189, "wind_power_index": 45.22560758143787, "wind_resource_pct": 0.10284664830119375, "wind_screening_pct": 0.10284664830119375, "resource_land_adj_oof": 58.341270446777344, "resource_opportunity_oof": -13.115662865339473 }, "geometry": { "type": "Point", "coordinates": [ -74.22, 43.11 ] } },
{ "type": "Feature", "properties": { "latitude": 41.67, "longitude": -74.58, "frac_class_11": 0.029267435732271477, "frac_class_21": 0.092662645663758272, "frac_class_22": 0.050149323651695263, "frac_class_23": 0.021309363471335715, "frac_class_24": 0.0035837676406863033, "frac_developed": 0.16770510042747555, "wind_power_index": 61.935043671076279, "wind_resource_pct": 0.46602387511478421, "wind_screening_pct": 0.46602387511478421, "resource_land_adj_oof": 50.018978118896484, "resource_opportunity_oof": 11.916065552179795 }, "geometry": { "type": "Point", "coordinates": [ -74.58, 41.67 ] } },
{ "type": "Feature", "properties": { "latitude": 42.66, "longitude": -77.28, "frac_class_11": 0.023381505597976297, "frac_class_21": 0.052642057431957649, "frac_class_22": 0.012285098608703799, "frac_class_23": 0.00069096360144282572, "frac_class_24": 5.8556237410408959e-05, "frac_developed": 0.065676675879514687, "wind_power_index": 69.936071978934407, "wind_resource_pct": 0.64187327823691465, "wind_screening_pct": 0.64187327823691465, "resource_land_adj_oof": 74.320343017578125, "resource_opportunity_oof": -4.3842710386437176 }, "geometry": { "type": "Point", "coordinates": [ -77.28, 42.66 ] } },
{ "type": "Feature", "properties": { "latitude": 42.75, "longitude": -76.11, "frac_class_11": 0.021366920797760834, "frac_class_21": 0.048009696799353546, "frac_class_22": 0.02634999824333345, "frac_class_23": 0.0065874995608333625, "frac_class_24": 0.0015458665636088958, "frac_developed": 0.082493061167129261, "wind_power_index": 76.065011294907364, "wind_resource_pct": 0.75068870523415976, "wind_screening_pct": 0.75068870523415976, "resource_land_adj_oof": 77.38665771484375, "resource_opportunity_oof": -1.3216464199363855 }, "geometry": { "type": "Point", "coordinates": [ -76.11, 42.75 ] } },
{ "type": "Feature", "properties": { "latitude": 42.21, "longitude": -78.09, "frac_class_11": 0.00097203354101278868, "frac_class_21": 0.054826205087365909, "frac_class_22": 0.030525366562046189, "frac_class_23": 0.0048016114676535347, "frac_class_24": 0.00068510797770178478, "frac_developed": 0.090838291094767418, "wind_power_index": 70.216669073912499, "wind_resource_pct": 0.65151515151515149, "wind_screening_pct": 0.65151515151515149, "resource_land_adj_oof": 71.671669006347656, "resource_opportunity_oof": -1.4549999324351575 }, "geometry": { "type": "Point", "coordinates": [ -78.09, 42.21 ] } },
{ "type": "Feature", "properties": { "latitude": 42.84, "longitude": -74.58, "frac_class_11": 0.0014698906659014646, "frac_class_21": 0.056330192491259715, "frac_class_22": 0.018370705254712728, "frac_class_23": 0.0039821739155896253, "frac_class_24": 0.0019676624053501677, "frac_developed": 0.080650734066912227, "wind_power_index": 65.494306008490042, "wind_resource_pct": 0.54775022956841135, "wind_screening_pct": 0.54775022956841135, "resource_land_adj_oof": 63.173809051513672, "resource_opportunity_oof": 2.3204969569763705 }, "geometry": { "type": "Point", "coordinates": [ -74.58, 42.84 ] } },
{ "type": "Feature", "properties": { "latitude": 43.02, "longitude": -76.56, "frac_class_11": 0.0070801539011120934, "frac_class_21": 0.078859679431245208, "frac_class_22": 0.050995847949449225, "frac_class_23": 0.015343261555759873, "frac_class_24": 0.0033263254059815294, "frac_developed": 0.14852511434243584, "wind_power_index": 62.221087773270312, "wind_resource_pct": 0.47291092745638202, "wind_screening_pct": 0.47291092745638202, "resource_land_adj_oof": 67.129600524902344, "resource_opportunity_oof": -4.9085127516320313 }, "geometry": { "type": "Point", "coordinates": [ -76.56, 43.02 ] } },
{ "type": "Feature", "properties": { "latitude": 43.11, "longitude": -76.38, "frac_class_11": 0.026029924164787867, "frac_class_21": 0.090791438526630158, "frac_class_22": 0.071513483442157355, "frac_class_23": 0.021596931455509033, "frac_class_24": 0.0039996486399437826, "frac_developed": 0.18790150206424033, "wind_power_index": 60.633783853894982, "wind_resource_pct": 0.41965105601469238, "wind_screening_pct": 0.41965105601469238, "resource_land_adj_oof": 69.258094787597656, "resource_opportunity_oof": -8.6243109337026738 }, "geometry": { "type": "Point", "coordinates": [ -76.38, 43.11 ] } },
{ "type": "Feature", "properties": { "latitude": 41.49, "longitude": -74.58, "frac_class_11": 0.0062772654077001902, "frac_class_21": 0.061976284584980237, "frac_class_22": 0.021595666813058117, "frac_class_23": 0.0059610598741033525, "frac_class_24": 0.00091933831064265842, "frac_developed": 0.090452349582784364, "wind_power_index": 66.159956362798738, "wind_resource_pct": 0.56014692378328745, "wind_screening_pct": 0.56014692378328745, "resource_land_adj_oof": 48.574901580810547, "resource_opportunity_oof": 17.585054781988191 }, "geometry": { "type": "Point", "coordinates": [ -74.58, 41.49 ] } },
{ "type": "Feature", "properties": { "latitude": 42.3, "longitude": -76.92, "frac_class_11": 0.0011009088353789937, "frac_class_21": 0.053165698491520662, "frac_class_22": 0.029800665230019677, "frac_class_23": 0.0037360629626159467, "frac_class_24": 0.00065000468471844842, "frac_developed": 0.087352431368874731, "wind_power_index": 58.152106317835631, "wind_resource_pct": 0.35399449035812675, "wind_screening_pct": 0.35399449035812675, "resource_land_adj_oof": 59.578147888183594, "resource_opportunity_oof": -1.4260415703479623 }, "geometry": { "type": "Point", "coordinates": [ -76.92, 42.3 ] } },
{ "type": "Feature", "properties": { "latitude": 42.39, "longitude": -77.46, "frac_class_11": 0.0031972641724883032, "frac_class_21": 0.054376914113051983, "frac_class_22": 0.043286038027533946, "frac_class_23": 0.0077764960092755794, "frac_class_24": 0.00072026280808802428, "frac_developed": 0.10615971095794953, "wind_power_index": 70.383155585599141, "wind_resource_pct": 0.65564738292011016, "wind_screening_pct": 0.65564738292011016, "resource_land_adj_oof": 73.110671997070312, "resource_opportunity_oof": -2.7275164114711714 }, "geometry": { "type": "Point", "coordinates": [ -77.46, 42.39 ] } },
{ "type": "Feature", "properties": { "latitude": 42.21, "longitude": -75.75, "frac_class_11": 0.004011172726367751, "frac_class_21": 0.061918453151259274, "frac_class_22": 0.029061971154690731, "frac_class_23": 0.0068043543183055871, "frac_class_24": 8.7835899117542004e-05, "frac_developed": 0.097872614523373133, "wind_power_index": 53.287977490285584, "wind_resource_pct": 0.24655647382920109, "wind_screening_pct": 0.24655647382920109, "resource_land_adj_oof": 56.304965972900391, "resource_opportunity_oof": -3.0169884826148063 }, "geometry": { "type": "Point", "coordinates": [ -75.75, 42.21 ] } },
{ "type": "Feature", "properties": { "latitude": 42.75, "longitude": -78.36, "frac_class_11": 0.0013235414690139031, "frac_class_21": 0.046646052215467866, "frac_class_22": 0.024503086311301638, "frac_class_23": 0.0030570294107312274, "frac_class_24": 0.00038066458179603405, "frac_developed": 0.074586832519296764, "wind_power_index": 91.618243970476925, "wind_resource_pct": 0.94168962350780527, "wind_screening_pct": 0.94168962350780527, "resource_land_adj_oof": 77.462608337402344, "resource_opportunity_oof": 14.155635633074581 }, "geometry": { "type": "Point", "coordinates": [ -78.36, 42.75 ] } },
{ "type": "Feature", "properties": { "latitude": 42.39, "longitude": -77.73, "frac_class_11": 0.0040462833920854461, "frac_class_21": 0.052420157635237212, "frac_class_22": 0.037892184993031729, "frac_class_23": 0.010932577558644758, "frac_class_24": 0.002207596004075562, "frac_developed": 0.10345251619098926, "wind_power_index": 69.017942341202939, "wind_resource_pct": 0.62993572084481175, "wind_screening_pct": 0.62993572084481175, "resource_land_adj_oof": 71.060661315917969, "resource_opportunity_oof": -2.0427189747150294 }, "geometry": { "type": "Point", "coordinates": [ -77.73, 42.39 ] } },
{ "type": "Feature", "properties": { "latitude": 42.39, "longitude": -76.11, "frac_class_11": 0.002951217084267788, "frac_class_21": 0.040983270580933033, "frac_class_22": 0.015605145892011219, "frac_class_23": 0.0010715728698829467, "frac_class_24": 6.4411483982035049e-05, "frac_developed": 0.057724400826809241, "wind_power_index": 70.337791206136004, "wind_resource_pct": 0.65381083562901743, "wind_screening_pct": 0.65381083562901743, "resource_land_adj_oof": 61.289703369140625, "resource_opportunity_oof": 9.0480878369953786 }, "geometry": { "type": "Point", "coordinates": [ -76.11, 42.39 ] } },
{ "type": "Feature", "properties": { "latitude": 42.57, "longitude": -77.28, "frac_class_11": 0.0015927576373314283, "frac_class_21": 0.054604650618071945, "frac_class_22": 0.017549612643684893, "frac_class_23": 0.001797708068605693, "frac_class_24": 0.00033963214325449575, "frac_developed": 0.074291603473617032, "wind_power_index": 70.945899369787583, "wind_resource_pct": 0.66758494031221305, "wind_screening_pct": 0.66758494031221305, "resource_land_adj_oof": 72.027755737304688, "resource_opportunity_oof": -1.0818563675171049 }, "geometry": { "type": "Point", "coordinates": [ -77.28, 42.57 ] } },
{ "type": "Feature", "properties": { "latitude": 42.93, "longitude": -78.18, "frac_class_11": 0.0065290969351306403, "frac_class_21": 0.045996463161839626, "frac_class_22": 0.043888413927178613, "frac_class_23": 0.010171337557239393, "frac_class_24": 0.0032674763137245716, "frac_developed": 0.1033236909599822, "wind_power_index": 102.3396751711396, "wind_resource_pct": 0.97658402203856753, "wind_screening_pct": 0.97658402203856753, "resource_land_adj_oof": 74.599205017089844, "resource_opportunity_oof": 27.74047015404976 }, "geometry": { "type": "Point", "coordinates": [ -78.18, 42.93 ] } },
{ "type": "Feature", "properties": { "latitude": 44.19, "longitude": -75.57, "frac_class_11": 0.0050710889372965126, "frac_class_21": 0.027826575785257535, "frac_class_22": 0.015652448879207363, "frac_class_23": 0.0013761038109291921, "frac_class_24": 0.00014639402243927575, "frac_developed": 0.045001522497833367, "wind_power_index": 52.585434368272622, "wind_resource_pct": 0.22727272727272727, "wind_screening_pct": 0.22727272727272727, "resource_land_adj_oof": 58.633506774902344, "resource_opportunity_oof": -6.0480724066297213 }, "geometry": { "type": "Point", "coordinates": [ -75.57, 44.19 ] } },
{ "type": "Feature", "properties": { "latitude": 42.66, "longitude": -75.57, "frac_class_11": 0.0032910725265716044, "frac_class_21": 0.05536263285802126, "frac_class_22": 0.027101572336251573, "frac_class_23": 0.0068105290896846547, "frac_class_24": 0.0015167042426726788, "frac_developed": 0.090791438526630172, "wind_power_index": 62.945063822638794, "wind_resource_pct": 0.48760330578512395, "wind_screening_pct": 0.48760330578512395, "resource_land_adj_oof": 67.649726867675781, "resource_opportunity_oof": -4.7046630450369875 }, "geometry": { "type": "Point", "coordinates": [ -75.57, 42.66 ] } },
{ "type": "Feature", "properties": { "latitude": 42.3, "longitude": -74.85, "frac_class_11": 0.0010482057528342548, "frac_class_21": 0.06066124800899466, "frac_class_22": 0.015523985758455917, "frac_class_23": 0.0042455260938817577, "frac_class_24": 0.00093108779162372343, "frac_developed": 0.081361847652956065, "wind_power_index": 75.322334950234691, "wind_resource_pct": 0.7346189164370982, "wind_screening_pct": 0.7346189164370982, "resource_land_adj_oof": 75.940185546875, "resource_opportunity_oof": -0.61785059664030939 }, "geometry": { "type": "Point", "coordinates": [ -74.85, 42.3 ] } },
{ "type": "Feature", "properties": { "latitude": 41.85, "longitude": -73.95, "frac_class_11": 0.11300126487398107, "frac_class_21": 0.090151550641806424, "frac_class_22": 0.040956151035322776, "frac_class_23": 0.010763140635247822, "frac_class_24": 0.0014288391267684812, "frac_developed": 0.14329968143914551, "wind_power_index": 34.614030235462145, "wind_resource_pct": 0.044995408631772267, "wind_screening_pct": 0.044995408631772267, "resource_land_adj_oof": 40.924983978271484, "resource_opportunity_oof": -6.310953742809339 }, "geometry": { "type": "Point", "coordinates": [ -73.95, 41.85 ] } },
{ "type": "Feature", "properties": { "latitude": 42.93, "longitude": -77.19, "frac_class_11": 0.0011185616819419637, "frac_class_21": 0.059670287839301922, "frac_class_22": 0.077040203800767176, "frac_class_23": 0.014746273901203479, "frac_class_24": 0.0028696085034113205, "frac_developed": 0.15432637404468388, "wind_power_index": 79.064986798878095, "wind_resource_pct": 0.79522497704315886, "wind_screening_pct": 0.79522497704315886, "resource_land_adj_oof": 75.496795654296875, "resource_opportunity_oof": 3.5681911445812204 }, "geometry": { "type": "Point", "coordinates": [ -77.19, 42.93 ] } },
{ "type": "Feature", "properties": { "latitude": 43.29, "longitude": -75.48, "frac_class_11": 0.062729460537179191, "frac_class_21": 0.085723821736610042, "frac_class_22": 0.055761472294927422, "frac_class_23": 0.011312733852126408, "frac_class_24": 0.0033961623365596876, "frac_developed": 0.15619419022022357, "wind_power_index": 44.248110536090152, "wind_resource_pct": 0.091827364554637275, "wind_screening_pct": 0.091827364554637275, "resource_land_adj_oof": 50.606372833251953, "resource_opportunity_oof": -6.3582622971618008 }, "geometry": { "type": "Point", "coordinates": [ -75.48, 43.29 ] } },
{ "type": "Feature", "properties": { "latitude": 42.3, "longitude": -76.02, "frac_class_11": 0.011658342067818643, "frac_class_21": 0.064627383928937396, "frac_class_22": 0.029611369079336453, "frac_class_23": 0.0069095146358744341, "frac_class_24": 0.00086076156904537444, "frac_developed": 0.10200902921319364, "wind_power_index": 53.574597888298889, "wind_resource_pct": 0.2497704315886134, "wind_screening_pct": 0.2497704315886134, "resource_land_adj_oof": 55.731307983398438, "resource_opportunity_oof": -2.1567100950995481 }, "geometry": { "type": "Point", "coordinates": [ -76.02, 42.3 ] } },
{ "type": "Feature", "properties": { "latitude": 43.11, "longitude": -73.59, "frac_class_11": 0.02712152269399707, "frac_class_21": 0.066354319180087842, "frac_class_22": 0.0494407027818448, "frac_class_23": 0.012538799414348463, "frac_class_24": 0.0036310395314787702, "frac_developed": 0.13196486090775988, "wind_power_index": 33.400111961711588, "wind_resource_pct": 0.044077134986225897, "wind_screening_pct": 0.044077134986225897, "resource_land_adj_oof": 42.526897430419922, "resource_opportunity_oof": -9.1267854687083343 }, "geometry": { "type": "Point", "coordinates": [ -73.59, 43.11 ] } },
{ "type": "Feature", "properties": { "latitude": 43.56, "longitude": -75.3, "frac_class_11": 0.012326881972301116, "frac_class_21": 0.042514566802330692, "frac_class_22": 0.025397476063596169, "frac_class_23": 0.0036658565865370541, "frac_class_24": 0.00027523204403712706, "frac_developed": 0.071853131496501035, "wind_power_index": 45.28889792257069, "wind_resource_pct": 0.10376492194674013, "wind_screening_pct": 0.10376492194674013, "resource_land_adj_oof": 62.729907989501953, "resource_opportunity_oof": -17.441010066931263 }, "geometry": { "type": "Point", "coordinates": [ -75.3, 43.56 ] } },
{ "type": "Feature", "properties": { "latitude": 42.12, "longitude": -75.39, "frac_class_11": 0.05630899679104303, "frac_class_21": 0.036159323542501114, "frac_class_22": 0.0099665050476658943, "frac_class_23": 0.001721593703885883, "frac_class_24": 0.00013468250064413369, "frac_developed": 0.047982104794697021, "wind_power_index": 62.298938976639377, "wind_resource_pct": 0.47658402203856748, "wind_screening_pct": 0.47658402203856748, "resource_land_adj_oof": 62.965690612792969, "resource_opportunity_oof": -0.66675163615359168 }, "geometry": { "type": "Point", "coordinates": [ -75.39, 42.12 ] } },
{ "type": "Feature", "properties": { "latitude": 42.03, "longitude": -73.77, "frac_class_11": 0.0056393949508968567, "frac_class_21": 0.072211193291286752, "frac_class_22": 0.019014657742016713, "frac_class_23": 0.0018915104560121338, "frac_class_24": 8.1984973325603322e-05, "frac_developed": 0.093199346462641205, "wind_power_index": 48.671998488451386, "wind_resource_pct": 0.16437098255280075, "wind_screening_pct": 0.16437098255280075, "resource_land_adj_oof": 42.958175659179688, "resource_opportunity_oof": 5.7138228292716988 }, "geometry": { "type": "Point", "coordinates": [ -73.77, 42.03 ] } },
{ "type": "Feature", "properties": { "latitude": 42.3, "longitude": -73.68, "frac_class_11": 0.007770685717631903, "frac_class_21": 0.07498389646893483, "frac_class_22": 0.03554488493295075, "frac_class_23": 0.0088657258300638281, "frac_class_24": 0.00187386543303859, "frac_developed": 0.12126837266498799, "wind_power_index": 56.274126866174726, "wind_resource_pct": 0.31129476584022037, "wind_screening_pct": 0.31129476584022037, "resource_land_adj_oof": 38.704032897949219, "resource_opportunity_oof": 17.570093968225507 }, "geometry": { "type": "Point", "coordinates": [ -73.68, 42.3 ] } },
{ "type": "Feature", "properties": { "latitude": 41.76, "longitude": -74.76, "frac_class_11": 0.012256394640682094, "frac_class_21": 0.1029759673943596, "frac_class_22": 0.043644008245104469, "frac_class_23": 0.018756441487866579, "frac_class_24": 0.0031856085449264498, "frac_developed": 0.16856202567225709, "wind_power_index": 61.522909096694555, "wind_resource_pct": 0.4398530762167126, "wind_screening_pct": 0.4398530762167126, "resource_land_adj_oof": 51.004299163818359, "resource_opportunity_oof": 10.518609932876196 }, "geometry": { "type": "Point", "coordinates": [ -74.76, 41.76 ] } },
{ "type": "Feature", "properties": { "latitude": 43.38, "longitude": -73.41, "frac_class_11": 0.0048018645288609623, "frac_class_21": 0.047058272382837434, "frac_class_22": 0.01755608519210386, "frac_class_23": 0.0023775085350214034, "frac_class_24": 0.00018738983527262292, "frac_developed": 0.067179255945235328, "wind_power_index": 32.408848496185705, "wind_resource_pct": 0.037649219467401289, "wind_screening_pct": 0.037649219467401289, "resource_land_adj_oof": 47.103157043457031, "resource_opportunity_oof": -14.694308547271326 }, "geometry": { "type": "Point", "coordinates": [ -73.41, 43.38 ] } },
{ "type": "Feature", "properties": { "latitude": 42.75, "longitude": -76.83, "frac_class_11": 0.075459432868336909, "frac_class_21": 0.065040936083488529, "frac_class_22": 0.061901917378216618, "frac_class_23": 0.013709781322838704, "frac_class_24": 0.0040291881888564838, "frac_developed": 0.14468182297340032, "wind_power_index": 70.852981188144071, "wind_resource_pct": 0.66299357208448118, "wind_screening_pct": 0.66299357208448118, "resource_land_adj_oof": 84.155731201171875, "resource_opportunity_oof": -13.302750013027804 }, "geometry": { "type": "Point", "coordinates": [ -76.83, 42.75 ] } },
{ "type": "Feature", "properties": { "latitude": 42.57, "longitude": -77.37, "frac_class_11": 0.00063244439759671132, "frac_class_21": 0.053552814963165968, "frac_class_22": 0.019389105559654733, "frac_class_23": 0.0023131068245435273, "frac_class_24": 0.00024009463242097374, "frac_developed": 0.075495121979785196, "wind_power_index": 81.039855875979342, "wind_resource_pct": 0.81864095500459133, "wind_screening_pct": 0.81864095500459133, "resource_land_adj_oof": 69.471824645996094, "resource_opportunity_oof": 11.568031229983248 }, "geometry": { "type": "Point", "coordinates": [ -77.37, 42.57 ] } },
{ "type": "Feature", "properties": { "latitude": 42.21, "longitude": -76.29, "frac_class_11": 0.0015929255365875084, "frac_class_21": 0.051213727270065297, "frac_class_22": 0.019425492664929284, "frac_class_23": 0.0038710433076630259, "frac_class_24": 0.00033966794530174811, "frac_developed": 0.074849931187959351, "wind_power_index": 50.590666921641912, "wind_resource_pct": 0.19421487603305784, "wind_screening_pct": 0.19421487603305784, "resource_land_adj_oof": 57.730014801025391, "resource_opportunity_oof": -7.1393478793834788 }, "geometry": { "type": "Point", "coordinates": [ -76.29, 42.21 ] } },
{ "type": "Feature", "properties": { "latitude": 42.12, "longitude": -76.74, "frac_class_11": 0.0061015956668130584, "frac_class_21": 0.067006294832381783, "frac_class_22": 0.049509588640023423, "frac_class_23": 0.041235543844239497, "frac_class_24": 0.015839554969989754, "frac_developed": 0.17359098228663447, "wind_power_index": 47.728088369642535, "wind_resource_pct": 0.14508723599632692, "wind_screening_pct": 0.14508723599632692, "resource_land_adj_oof": 64.685401916503906, "resource_opportunity_oof": -16.957313546861371 }, "geometry": { "type": "Point", "coordinates": [ -76.74, 42.12 ] } },
{ "type": "Feature", "properties": { "latitude": 43.92, "longitude": -75.57, "frac_class_11": 0.012971801704196071, "frac_class_21": 0.043120260021668473, "frac_class_22": 0.022271675792802554, "frac_class_23": 0.0054288307809434574, "frac_class_24": 0.00093115867763755085, "frac_developed": 0.071751925273052033, "wind_power_index": 55.032047639446027, "wind_resource_pct": 0.27823691460055094, "wind_screening_pct": 0.27823691460055094, "resource_land_adj_oof": 58.566051483154297, "resource_opportunity_oof": -3.5340038437082697 }, "geometry": { "type": "Point", "coordinates": [ -75.57, 43.92 ] } },
{ "type": "Feature", "properties": { "latitude": 43.65, "longitude": -75.48, "frac_class_11": 0.0041283114327875766, "frac_class_21": 0.033284144941793735, "frac_class_22": 0.0085142763450682789, "frac_class_23": 0.0010716042442554985, "frac_class_24": 8.7836413463565459e-05, "frac_developed": 0.04295786194458108, "wind_power_index": 65.950462135557089, "wind_resource_pct": 0.55739210284664831, "wind_screening_pct": 0.55739210284664831, "resource_land_adj_oof": 74.737693786621094, "resource_opportunity_oof": -8.7872316510640047 }, "geometry": { "type": "Point", "coordinates": [ -75.48, 43.65 ] } },
{ "type": "Feature", "properties": { "latitude": 42.84, "longitude": -74.22, "frac_class_11": 0.0090477863668306392, "frac_class_21": 0.054198875614898105, "frac_class_22": 0.016842351838838136, "frac_class_23": 0.0021140782384633404, "frac_class_24": 0.00019910986179433123, "frac_developed": 0.073354415553993912, "wind_power_index": 58.853184113443021, "wind_resource_pct": 0.36776859504132231, "wind_screening_pct": 0.36776859504132231, "resource_land_adj_oof": 59.105339050292969, "resource_opportunity_oof": -0.25215493684994783 }, "geometry": { "type": "Point", "coordinates": [ -74.22, 42.84 ] } },
{ "type": "Feature", "properties": { "latitude": 43.2, "longitude": -76.38, "frac_class_11": 0.02421342952340241, "frac_class_21": 0.09137275798867503, "frac_class_22": 0.064442271319236646, "frac_class_23": 0.018047349405350962, "frac_class_24": 0.0062246373841298094, "frac_developed": 0.18008701609739247, "wind_power_index": 60.605990316498293, "wind_resource_pct": 0.41735537190082644, "wind_screening_pct": 0.41735537190082644, "resource_land_adj_oof": 63.311252593994141, "resource_opportunity_oof": -2.7052622774958479 }, "geometry": { "type": "Point", "coordinates": [ -76.38, 43.2 ] } },
{ "type": "Feature", "properties": { "latitude": 44.28, "longitude": -73.95, "frac_class_11": 0.061843777266365675, "frac_class_21": 0.048187902956625617, "frac_class_22": 0.035064912249881418, "frac_class_23": 0.011875691723907735, "frac_class_24": 0.0018153177684474349, "frac_developed": 0.096943824698862216, "wind_power_index": 45.565645284601644, "wind_resource_pct": 0.10835629017447199, "wind_screening_pct": 0.10835629017447199, "resource_land_adj_oof": 57.764625549316406, "resource_opportunity_oof": -12.198980264714763 }, "geometry": { "type": "Point", "coordinates": [ -73.95, 44.28 ] } },
{ "type": "Feature", "properties": { "latitude": 43.2, "longitude": -76.65, "frac_class_11": 0.0062950166891140129, "frac_class_21": 0.062265034842185395, "frac_class_22": 0.02041342156116414, "frac_class_23": 0.002289629325994027, "frac_class_24": 0.00021666569069508695, "frac_developed": 0.085184751420038646, "wind_power_index": 59.834886223193251, "wind_resource_pct": 0.39439853076216713, "wind_screening_pct": 0.39439853076216713, "resource_land_adj_oof": 70.762443542480469, "resource_opportunity_oof": -10.927557319287217 }, "geometry": { "type": "Point", "coordinates": [ -76.65, 43.2 ] } },
{ "type": "Feature", "properties": { "latitude": 43.11, "longitude": -78.0, "frac_class_11": 0.0017626975714595252, "frac_class_21": 0.037918494269768857, "frac_class_22": 0.048734781361083619, "frac_class_23": 0.0056336048629370876, "frac_class_24": 0.00092526982156347171, "frac_developed": 0.093212150315353043, "wind_power_index": 89.616706976317943, "wind_resource_pct": 0.9306703397612488, "wind_screening_pct": 0.9306703397612488, "resource_land_adj_oof": 79.768661499023438, "resource_opportunity_oof": 9.8480454772945052 }, "geometry": { "type": "Point", "coordinates": [ -78.0, 43.11 ] } },
{ "type": "Feature", "properties": { "latitude": 42.39, "longitude": -77.91, "frac_class_11": 0.00069688451628015929, "frac_class_21": 0.042714921527289763, "frac_class_22": 0.0073202155071445301, "frac_class_23": 0.00042750058561724056, "frac_class_24": 5.8561724057156239e-06, "frac_developed": 0.050468493792457249, "wind_power_index": 87.457718820272433, "wind_resource_pct": 0.91092745638200179, "wind_screening_pct": 0.91092745638200179, "resource_land_adj_oof": 74.464691162109375, "resource_opportunity_oof": 12.993027658163058 }, "geometry": { "type": "Point", "coordinates": [ -77.91, 42.39 ] } },
{ "type": "Feature", "properties": { "latitude": 42.39, "longitude": -74.76, "frac_class_11": 0.0041168409833569532, "frac_class_21": 0.055568569119593354, "frac_class_22": 0.009697707920966022, "frac_class_23": 0.0014288893313500661, "frac_class_24": 5.8561038170084678e-05, "frac_developed": 0.066753727410079525, "wind_power_index": 76.408072041728246, "wind_resource_pct": 0.75849403122130399, "wind_screening_pct": 0.75849403122130399, "resource_land_adj_oof": 80.328689575195312, "resource_opportunity_oof": -3.9206175334670661 }, "geometry": { "type": "Point", "coordinates": [ -74.76, 42.39 ] } },
{ "type": "Feature", "properties": { "latitude": 42.3, "longitude": -78.9, "frac_class_11": 0.0034080927563389352, "frac_class_21": 0.049669145634479127, "frac_class_22": 0.0168120864320431, "frac_class_23": 0.0017801721613866603, "frac_class_24": 0.00014053990747789425, "frac_developed": 0.068401944135386791, "wind_power_index": 68.480107058281419, "wind_resource_pct": 0.6138659320477502, "wind_screening_pct": 0.6138659320477502, "resource_land_adj_oof": 77.673141479492188, "resource_opportunity_oof": -9.1930344212107684 }, "geometry": { "type": "Point", "coordinates": [ -78.9, 42.3 ] } },
{ "type": "Feature", "properties": { "latitude": 41.49, "longitude": -73.86, "frac_class_11": 0.014083269895180653, "frac_class_21": 0.088013117058031276, "frac_class_22": 0.047789424371962291, "frac_class_23": 0.027780055044797095, "frac_class_24": 0.015219300813960298, "frac_developed": 0.17880189728875098, "wind_power_index": 54.960721558126565, "wind_resource_pct": 0.27731864095500458, "wind_screening_pct": 0.27731864095500458, "resource_land_adj_oof": 57.071640014648438, "resource_opportunity_oof": -2.1109184565218726 }, "geometry": { "type": "Point", "coordinates": [ -73.86, 41.49 ] } },
{ "type": "Feature", "properties": { "latitude": 42.3, "longitude": -76.38, "frac_class_11": 0.00090185583190344285, "frac_class_21": 0.038574833537324535, "frac_class_22": 0.0086086238499874096, "frac_class_23": 0.00041579067574769118, "frac_class_24": 5.8562067006717065e-06, "frac_developed": 0.047605104269760307, "wind_power_index": 62.284381674445328, "wind_resource_pct": 0.47428833792470154, "wind_screening_pct": 0.47428833792470154, "resource_land_adj_oof": 60.032211303710938, "resource_opportunity_oof": 2.2521703707343903 }, "geometry": { "type": "Point", "coordinates": [ -76.38, 42.3 ] } },
{ "type": "Feature", "properties": { "latitude": 42.75, "longitude": -76.02, "frac_class_11": 0.0038646890389221031, "frac_class_21": 0.034922735497168823, "frac_class_22": 0.0083090814336825216, "frac_class_23": 0.0011301287644120694, "frac_class_24": 3.5133536717473664e-05, "frac_developed": 0.044397079231980892, "wind_power_index": 75.64868110198492, "wind_resource_pct": 0.74380165289256195, "wind_screening_pct": 0.74380165289256195, "resource_land_adj_oof": 68.700782775878906, "resource_opportunity_oof": 6.9478983261060137 }, "geometry": { "type": "Point", "coordinates": [ -76.02, 42.75 ] } },
{ "type": "Feature", "properties": { "latitude": 41.85, "longitude": -74.31, "frac_class_11": 0.0010833538292165888, "frac_class_21": 0.054788423925137324, "frac_class_22": 0.0079992504362695147, "frac_class_23": 0.00060902053101905527, "frac_class_24": 1.1711933288827987e-05, "frac_developed": 0.063408406825714719, "wind_power_index": 35.89276330802106, "wind_resource_pct": 0.049586776859504134, "wind_screening_pct": 0.049586776859504134, "resource_land_adj_oof": 59.432117462158203, "resource_opportunity_oof": -23.539354154137143 }, "geometry": { "type": "Point", "coordinates": [ -74.31, 41.85 ] } },
{ "type": "Feature", "properties": { "latitude": 42.3, "longitude": -74.49, "frac_class_11": 0.0072967480865068724, "frac_class_21": 0.041818682251802228, "frac_class_22": 0.0082922915654042792, "frac_class_23": 0.0020203676483506188, "frac_class_24": 0.00012883503844554671, "frac_developed": 0.052260176504002671, "wind_power_index": 56.917443965241354, "wind_resource_pct": 0.32552800734618914, "wind_screening_pct": 0.32552800734618914, "resource_land_adj_oof": 68.549880981445312, "resource_opportunity_oof": -11.632437016203959 }, "geometry": { "type": "Point", "coordinates": [ -74.49, 42.3 ] } },
{ "type": "Feature", "properties": { "latitude": 42.3, "longitude": -74.76, "frac_class_11": 0.0009837735915348624, "frac_class_21": 0.052368376363668305, "frac_class_22": 0.0083152291665446708, "frac_class_23": 0.0010481873385996452, "frac_class_24": 0.0, "frac_developed": 0.06173179286881262, "wind_power_index": 76.1821321640452, "wind_resource_pct": 0.75344352617079891, "wind_screening_pct": 0.75344352617079891, "resource_land_adj_oof": 71.332534790039062, "resource_opportunity_oof": 4.8495973740061373 }, "geometry": { "type": "Point", "coordinates": [ -74.76, 42.3 ] } },
{ "type": "Feature", "properties": { "latitude": 42.3, "longitude": -77.46, "frac_class_11": 0.0023130390991444685, "frac_class_21": 0.04450989922176482, "frac_class_22": 0.022451118749670613, "frac_class_23": 0.0012297169894185782, "frac_class_24": 2.9278975938537575e-05, "frac_developed": 0.068220013936792542, "wind_power_index": 72.012353817479692, "wind_resource_pct": 0.69054178145087231, "wind_screening_pct": 0.69054178145087231, "resource_land_adj_oof": 65.822784423828125, "resource_opportunity_oof": 6.189569393651567 }, "geometry": { "type": "Point", "coordinates": [ -77.46, 42.3 ] } },
{ "type": "Feature", "properties": { "latitude": 42.93, "longitude": -76.47, "frac_class_11": 0.080371730232067881, "frac_class_21": 0.10564563825987153, "frac_class_22": 0.069479823621383274, "frac_class_23": 0.017532456124940709, "frac_class_24": 0.0056626202648021595, "frac_developed": 0.19832053827099766, "wind_power_index": 86.169161886767, "wind_resource_pct": 0.90266299357208446, "wind_screening_pct": 0.90266299357208446, "resource_land_adj_oof": 79.42010498046875, "resource_opportunity_oof": 6.7490569062982502 }, "geometry": { "type": "Point", "coordinates": [ -76.47, 42.93 ] } },
{ "type": "Feature", "properties": { "latitude": 42.66, "longitude": -75.75, "frac_class_11": 0.0015343441264486961, "frac_class_21": 0.037415742839239388, "frac_class_22": 0.011115210503815363, "frac_class_23": 0.0012356740865674613, "frac_class_24": 4.0993927042522417e-05, "frac_developed": 0.049807621356664736, "wind_power_index": 73.24358935421138, "wind_resource_pct": 0.70661157024793386, "wind_screening_pct": 0.70661157024793386, "resource_land_adj_oof": 66.184638977050781, "resource_opportunity_oof": 7.058950377160599 }, "geometry": { "type": "Point", "coordinates": [ -75.75, 42.66 ] } },
{ "type": "Feature", "properties": { "latitude": 41.58, "longitude": -73.59, "frac_class_11": 0.016536862446565555, "frac_class_21": 0.084323944486736552, "frac_class_22": 0.029325994027053933, "frac_class_23": 0.0091350939860631256, "frac_class_24": 0.0017157580371259589, "frac_developed": 0.12450079053697957, "wind_power_index": 59.246632984494227, "wind_resource_pct": 0.37465564738292012, "wind_screening_pct": 0.37465564738292012, "resource_land_adj_oof": 54.913848876953125, "resource_opportunity_oof": 4.3327841075411015 }, "geometry": { "type": "Point", "coordinates": [ -73.59, 41.58 ] } },
{ "type": "Feature", "properties": { "latitude": 43.29, "longitude": -75.57, "frac_class_11": 0.0045090679112474892, "frac_class_21": 0.063653984669169106, "frac_class_22": 0.02513366165594055, "frac_class_23": 0.0031797712672823205, "frac_class_24": 0.00015225424115900612, "frac_developed": 0.092119671833550978, "wind_power_index": 43.902845846857268, "wind_resource_pct": 0.084022038567493115, "wind_screening_pct": 0.084022038567493115, "resource_land_adj_oof": 50.607994079589844, "resource_opportunity_oof": -6.7051482327325758 }, "geometry": { "type": "Point", "coordinates": [ -75.57, 43.29 ] } },
{ "type": "Feature", "properties": { "latitude": 43.11, "longitude": -75.03, "frac_class_11": 0.0066931738995496893, "frac_class_21": 0.057000310357144951, "frac_class_22": 0.017356576936365074, "frac_class_23": 0.0034783423414982638, "frac_class_24": 0.0001229716989418578, "frac_developed": 0.077958201333950164, "wind_power_index": 52.887687869064877, "wind_resource_pct": 0.23829201101928374, "wind_screening_pct": 0.23829201101928374, "resource_land_adj_oof": 74.282035827636719, "resource_opportunity_oof": -21.394347958571842 }, "geometry": { "type": "Point", "coordinates": [ -75.03, 43.11 ] } },
{ "type": "Feature", "properties": { "latitude": 43.11, "longitude": -78.18, "frac_class_11": 0.0009017713365539453, "frac_class_21": 0.028733713951105255, "frac_class_22": 0.037160005855658026, "frac_class_23": 0.0040404040404040404, "frac_class_24": 0.00069096764748938666, "frac_developed": 0.070625091494656705, "wind_power_index": 91.376616241744117, "wind_resource_pct": 0.94031221303948576, "wind_screening_pct": 0.94031221303948576, "resource_land_adj_oof": 79.958892822265625, "resource_opportunity_oof": 11.417723419478492 }, "geometry": { "type": "Point", "coordinates": [ -78.18, 43.11 ] } },
{ "type": "Feature", "properties": { "latitude": 43.47, "longitude": -76.47, "frac_class_11": 0.33959126310241844, "frac_class_21": 0.07176319025589975, "frac_class_22": 0.065714118404872054, "frac_class_23": 0.042331791298237394, "frac_class_24": 0.016021549452479945, "frac_developed": 0.19583064941148912, "wind_power_index": 169.21805904567435, "wind_resource_pct": 0.99724517906336085, "wind_screening_pct": 0.99724517906336085, "resource_land_adj_oof": 98.207695007324219, "resource_opportunity_oof": 71.010364038350133 }, "geometry": { "type": "Point", "coordinates": [ -76.47, 43.47 ] } },
{ "type": "Feature", "properties": { "latitude": 42.48, "longitude": -79.08, "frac_class_11": 0.0030625988171224454, "frac_class_21": 0.047766001054049309, "frac_class_22": 0.017063887099607659, "frac_class_23": 0.0013702640979094689, "frac_class_24": 4.6846635825964746e-05, "frac_developed": 0.066246998887392397, "wind_power_index": 72.335478178757995, "wind_resource_pct": 0.69651056014692381, "wind_screening_pct": 0.69651056014692381, "resource_land_adj_oof": 99.760902404785156, "resource_opportunity_oof": -27.425424226027161 }, "geometry": { "type": "Point", "coordinates": [ -79.08, 42.48 ] } },
{ "type": "Feature", "properties": { "latitude": 42.21, "longitude": -79.53, "frac_class_11": 0.098865193408987112, "frac_class_21": 0.070582861961142537, "frac_class_22": 0.028903020295354201, "frac_class_23": 0.0068568550984318827, "frac_class_24": 0.0011945332536977831, "frac_developed": 0.1075372706086264, "wind_power_index": 85.136189093451435, "wind_resource_pct": 0.88567493112947659, "wind_screening_pct": 0.88567493112947659, "resource_land_adj_oof": 80.706153869628906, "resource_opportunity_oof": 4.4300352238225287 }, "geometry": { "type": "Point", "coordinates": [ -79.53, 42.21 ] } },
{ "type": "Feature", "properties": { "latitude": 44.82, "longitude": -75.21, "frac_class_11": 0.063340644403941798, "frac_class_21": 0.047425164499088693, "frac_class_22": 0.019393901949275587, "frac_class_23": 0.0029470822649902691, "frac_class_24": 0.0003089184764140743, "frac_developed": 0.070075067189768622, "wind_power_index": 47.026661084094854, "wind_resource_pct": 0.13269054178145087, "wind_screening_pct": 0.13269054178145087, "resource_land_adj_oof": 50.637729644775391, "resource_opportunity_oof": -3.6110685606805362 }, "geometry": { "type": "Point", "coordinates": [ -75.21, 44.82 ] } },
{ "type": "Feature", "properties": { "latitude": 42.39, "longitude": -75.48, "frac_class_11": 0.0060499575390201765, "frac_class_21": 0.049289876716741336, "frac_class_22": 0.013587513543588392, "frac_class_23": 0.0014173182230812029, "frac_class_24": 0.00011127705057249114, "frac_developed": 0.06440598553398344, "wind_power_index": 55.191228808490258, "wind_resource_pct": 0.28099173553719009, "wind_screening_pct": 0.28099173553719009, "resource_land_adj_oof": 69.442573547363281, "resource_opportunity_oof": -14.251344738873023 }, "geometry": { "type": "Point", "coordinates": [ -75.48, 42.39 ] } },
{ "type": "Feature", "properties": { "latitude": 42.66, "longitude": -76.56, "frac_class_11": 0.00053872369330225909, "frac_class_21": 0.047805872088256991, "frac_class_22": 0.027761837282021855, "frac_class_23": 0.0036890861606567746, "frac_class_24": 0.00016981507723658169, "frac_developed": 0.079426610608172202, "wind_power_index": 68.577542139100714, "wind_resource_pct": 0.61845730027548207, "wind_screening_pct": 0.61845730027548207, "resource_land_adj_oof": 71.5556640625, "resource_opportunity_oof": -2.9781219233992857 }, "geometry": { "type": "Point", "coordinates": [ -76.56, 42.66 ] } },
{ "type": "Feature", "properties": { "latitude": 43.47, "longitude": -76.38, "frac_class_11": 0.066790808797695167, "frac_class_21": 0.065502541400229541, "frac_class_22": 0.035679151148900287, "frac_class_23": 0.0080750942777504508, "frac_class_24": 0.0073606914482467851, "frac_developed": 0.11661747827512707, "wind_power_index": 109.92642631472997, "wind_resource_pct": 0.98668503213957759, "wind_screening_pct": 0.98668503213957759, "resource_land_adj_oof": 72.249191284179688, "resource_opportunity_oof": 37.677235030550278 }, "geometry": { "type": "Point", "coordinates": [ -76.38, 43.47 ] } },
{ "type": "Feature", "properties": { "latitude": 42.57, "longitude": -77.82, "frac_class_11": 0.00072024172014803012, "frac_class_21": 0.050528177261441889, "frac_class_22": 0.022257225839696443, "frac_class_23": 0.0015224621726706328, "frac_class_24": 9.3689979856654328e-05, "frac_developed": 0.074401555253665611, "wind_power_index": 64.541767310774844, "wind_resource_pct": 0.52433425160697889, "wind_screening_pct": 0.52433425160697889, "resource_land_adj_oof": 76.141014099121094, "resource_opportunity_oof": -11.59924678834625 }, "geometry": { "type": "Point", "coordinates": [ -77.82, 42.57 ] } },
{ "type": "Feature", "properties": { "latitude": 42.66, "longitude": -74.76, "frac_class_11": 0.0035547174673077261, "frac_class_21": 0.056313283633659131, "frac_class_22": 0.0067053566722691041, "frac_class_23": 0.00073202583758396331, "frac_class_24": 2.3424826802686826e-05, "frac_developed": 0.063774090970314889, "wind_power_index": 78.268350319664293, "wind_resource_pct": 0.78879706152433426, "wind_screening_pct": 0.78879706152433426, "resource_land_adj_oof": 70.8704833984375, "resource_opportunity_oof": 7.3978669212267931 }, "geometry": { "type": "Point", "coordinates": [ -74.76, 42.66 ] } },
{ "type": "Feature", "properties": { "latitude": 42.84, "longitude": -74.94, "frac_class_11": 0.066419151577615895, "frac_class_21": 0.061523506125412852, "frac_class_22": 0.015975264107188868, "frac_class_23": 0.0043686022815113256, "frac_class_24": 0.00093110960155536298, "frac_developed": 0.082798482115668412, "wind_power_index": 88.483730763064273, "wind_resource_pct": 0.92102846648301195, "wind_screening_pct": 0.92102846648301195, "resource_land_adj_oof": 79.733116149902344, "resource_opportunity_oof": 8.7506146131619289 }, "geometry": { "type": "Point", "coordinates": [ -74.94, 42.84 ] } },
{ "type": "Feature", "properties": { "latitude": 41.22, "longitude": -73.59, "frac_class_11": 0.036266213802594212, "frac_class_21": 0.16955465112874418, "frac_class_22": 0.022914531666325066, "frac_class_23": 0.005317248850759816, "frac_class_24": 0.00038064006090240976, "frac_developed": 0.19816707170673148, "wind_power_index": 61.333365271830033, "wind_resource_pct": 0.43617998163452709, "wind_screening_pct": 0.43617998163452709, "resource_land_adj_oof": 50.311473846435547, "resource_opportunity_oof": 11.021891425394486 }, "geometry": { "type": "Point", "coordinates": [ -73.59, 41.22 ] } },
{ "type": "Feature", "properties": { "latitude": 42.66, "longitude": -75.3, "frac_class_11": 0.002676161084987146, "frac_class_21": 0.057534535361047509, "frac_class_22": 0.019453407274239169, "frac_class_23": 0.0047725848670996151, "frac_class_24": 0.00086082205578361158, "frac_developed": 0.082621349558169896, "wind_power_index": 65.840581283403566, "wind_resource_pct": 0.55463728191000916, "wind_screening_pct": 0.55463728191000916, "resource_land_adj_oof": 71.506500244140625, "resource_opportunity_oof": -5.6659189607370593 }, "geometry": { "type": "Point", "coordinates": [ -75.3, 42.66 ] } },
{ "type": "Feature", "properties": { "latitude": 42.57, "longitude": -76.29, "frac_class_11": 0.0011067582523760168, "frac_class_21": 0.082017227951208943, "frac_class_22": 0.03747752812278575, "frac_class_23": 0.011131997025221205, "frac_class_24": 0.0043450509167354727, "frac_developed": 0.13497180401595138, "wind_power_index": 61.562761843381139, "wind_resource_pct": 0.44398530762167127, "wind_screening_pct": 0.44398530762167127, "resource_land_adj_oof": 72.537879943847656, "resource_opportunity_oof": -10.975118100466517 }, "geometry": { "type": "Point", "coordinates": [ -76.29, 42.57 ] } },
{ "type": "Feature", "properties": { "latitude": 42.3, "longitude": -73.77, "frac_class_11": 0.08124725516029864, "frac_class_21": 0.088086663738837653, "frac_class_22": 0.064552774117991513, "frac_class_23": 0.029975113453374322, "frac_class_24": 0.010873956960913483, "frac_developed": 0.19348850827111697, "wind_power_index": 47.386145034870744, "wind_resource_pct": 0.13957759412304868, "wind_screening_pct": 0.13957759412304868, "resource_land_adj_oof": 34.021148681640625, "resource_opportunity_oof": 13.364996353230119 }, "geometry": { "type": "Point", "coordinates": [ -73.77, 42.3 ] } },
{ "type": "Feature", "properties": { "latitude": 42.3, "longitude": -73.95, "frac_class_11": 0.0078413689308448643, "frac_class_21": 0.078033040331223172, "frac_class_22": 0.033549815238842595, "frac_class_23": 0.010827999367537084, "frac_class_24": 0.000878420716674182, "frac_developed": 0.12328927565427704, "wind_power_index": 36.907834364923914, "wind_resource_pct": 0.0573921028466483, "wind_screening_pct": 0.0573921028466483, "resource_land_adj_oof": 32.886314392089844, "resource_opportunity_oof": 4.0215199728340707 }, "geometry": { "type": "Point", "coordinates": [ -73.95, 42.3 ] } },
{ "type": "Feature", "properties": { "latitude": 42.75, "longitude": -77.82, "frac_class_11": 0.008332357418901511, "frac_class_21": 0.053788499824335402, "frac_class_22": 0.069165007612132567, "frac_class_23": 0.02016044033259164, "frac_class_24": 0.0044853027286567513, "frac_developed": 0.14759925049771636, "wind_power_index": 59.542819801915059, "wind_resource_pct": 0.38246097337006429, "wind_screening_pct": 0.38246097337006429, "resource_land_adj_oof": 92.801528930664062, "resource_opportunity_oof": -33.258709128749004 }, "geometry": { "type": "Point", "coordinates": [ -77.82, 42.75 ] } },
{ "type": "Feature", "properties": { "latitude": 42.84, "longitude": -77.28, "frac_class_11": 0.14768209206049923, "frac_class_21": 0.068486172187446931, "frac_class_22": 0.087370227018544439, "frac_class_23": 0.033112970564296546, "frac_class_24": 0.0073721007852253495, "frac_developed": 0.19634147055551326, "wind_power_index": 77.098524847569294, "wind_resource_pct": 0.77089072543617998, "wind_screening_pct": 0.77089072543617998, "resource_land_adj_oof": 86.889389038085938, "resource_opportunity_oof": -9.7908641905166434 }, "geometry": { "type": "Point", "coordinates": [ -77.28, 42.84 ] } },
{ "type": "Feature", "properties": { "latitude": 43.65, "longitude": -73.5, "frac_class_11": 0.16057530700804049, "frac_class_21": 0.018341424564156921, "frac_class_22": 0.0074138708487300961, "frac_class_23": 0.0011712276222322427, "frac_class_24": 5.8561381111612137e-06, "frac_developed": 0.026932379173230419, "wind_power_index": 27.004402221654271, "wind_resource_pct": 0.011019283746556474, "wind_screening_pct": 0.011019283746556474, "resource_land_adj_oof": 40.608478546142578, "resource_opportunity_oof": -13.604076324488307 }, "geometry": { "type": "Point", "coordinates": [ -73.5, 43.65 ] } },
{ "type": "Feature", "properties": { "latitude": 42.48, "longitude": -77.1, "frac_class_11": 0.14767057831494623, "frac_class_21": 0.059272011805213971, "frac_class_22": 0.027943691003208957, "frac_class_23": 0.0020143817487644346, "frac_class_24": 0.00011125945705384957, "frac_developed": 0.089341344014241222, "wind_power_index": 60.924254585557243, "wind_resource_pct": 0.42378328741965104, "wind_screening_pct": 0.42378328741965104, "resource_land_adj_oof": 75.340103149414062, "resource_opportunity_oof": -14.415848563856819 }, "geometry": { "type": "Point", "coordinates": [ -77.1, 42.48 ] } },
{ "type": "Feature", "properties": { "latitude": 42.21, "longitude": -79.71, "frac_class_11": 0.0017100323852023635, "frac_class_21": 0.057315366280738127, "frac_class_22": 0.02151009914674069, "frac_class_23": 0.0053760607178622256, "frac_class_24": 0.0010599858278137939, "frac_developed": 0.085261511973154833, "wind_power_index": 108.15255903605654, "wind_resource_pct": 0.98347107438016534, "wind_screening_pct": 0.98347107438016534, "resource_land_adj_oof": 84.096290588378906, "resource_opportunity_oof": 24.056268447677638 }, "geometry": { "type": "Point", "coordinates": [ -79.71, 42.21 ] } },
{ "type": "Feature", "properties": { "latitude": 41.67, "longitude": -74.94, "frac_class_11": 0.031873093206692002, "frac_class_21": 0.049206246962306244, "frac_class_22": 0.010757095759818704, "frac_class_23": 0.0020261051349468001, "frac_class_24": 0.00020495283156976303, "frac_developed": 0.062194400688641509, "wind_power_index": 56.984249873243655, "wind_resource_pct": 0.32828282828282829, "wind_screening_pct": 0.32828282828282829, "resource_land_adj_oof": 54.239086151123047, "resource_opportunity_oof": 2.7451637221206084 }, "geometry": { "type": "Point", "coordinates": [ -74.94, 41.67 ] } },
{ "type": "Feature", "properties": { "latitude": 42.3, "longitude": -74.94, "frac_class_11": 0.0016338625330139787, "frac_class_21": 0.065869841474341329, "frac_class_22": 0.016057530700804047, "frac_class_23": 0.0052939488524897374, "frac_class_24": 0.0013937608704563688, "frac_developed": 0.088615081898091475, "wind_power_index": 77.051044588866475, "wind_resource_pct": 0.7653810835629018, "wind_screening_pct": 0.7653810835629018, "resource_land_adj_oof": 75.039054870605469, "resource_opportunity_oof": 2.011989718261006 }, "geometry": { "type": "Point", "coordinates": [ -74.94, 42.3 ] } },
{ "type": "Feature", "properties": { "latitude": 42.03, "longitude": -77.19, "frac_class_11": 0.029542486721984413, "frac_class_21": 0.058581375057825978, "frac_class_22": 0.027674488057105713, "frac_class_23": 0.0086607210826194145, "frac_class_24": 0.00090764825409466474, "frac_developed": 0.095824232451645772, "wind_power_index": 55.381057334094038, "wind_resource_pct": 0.28374655647382918, "wind_screening_pct": 0.28374655647382918, "resource_land_adj_oof": 51.877197265625, "resource_opportunity_oof": 3.503860068469038 }, "geometry": { "type": "Point", "coordinates": [ -77.19, 42.03 ] } },
{ "type": "Feature", "properties": { "latitude": 42.93, "longitude": -75.57, "frac_class_11": 0.0046673147421557488, "frac_class_21": 0.056616811702837867, "frac_class_22": 0.03333879903022921, "frac_class_23": 0.0061547651116758998, "frac_class_24": 0.00054461765498178751, "frac_developed": 0.096654993499724756, "wind_power_index": 87.884833845485716, "wind_resource_pct": 0.91460055096418735, "wind_screening_pct": 0.91460055096418735, "resource_land_adj_oof": 79.103813171386719, "resource_opportunity_oof": 8.7810206740989969 }, "geometry": { "type": "Point", "coordinates": [ -75.57, 42.93 ] } },
{ "type": "Feature", "properties": { "latitude": 43.65, "longitude": -76.02, "frac_class_11": 0.00096619489029296205, "frac_class_21": 0.051588951415036333, "frac_class_22": 0.020155410984171972, "frac_class_23": 0.0038062222950934867, "frac_class_24": 0.00079637881866571414, "frac_developed": 0.076346963512967519, "wind_power_index": 61.628484374854203, "wind_resource_pct": 0.44811753902662993, "wind_screening_pct": 0.44811753902662993, "resource_land_adj_oof": 58.314273834228516, "resource_opportunity_oof": 3.3142105406256874 }, "geometry": { "type": "Point", "coordinates": [ -76.02, 43.65 ] } },
{ "type": "Feature", "properties": { "latitude": 42.84, "longitude": -76.29, "frac_class_11": 0.15620955983534082, "frac_class_21": 0.057179831007688392, "frac_class_22": 0.02146659093437641, "frac_class_23": 0.001920633340555227, "frac_class_24": 5.2700305076210496e-05, "frac_developed": 0.080619755587696254, "wind_power_index": 86.763465975496558, "wind_resource_pct": 0.90909090909090906, "wind_screening_pct": 0.90909090909090906, "resource_land_adj_oof": 80.380317687988281, "resource_opportunity_oof": 6.383148287508277 }, "geometry": { "type": "Point", "coordinates": [ -76.29, 42.84 ] } },
{ "type": "Feature", "properties": { "latitude": 43.11, "longitude": -75.48, "frac_class_11": 0.00076710916958968439, "frac_class_21": 0.069572702625152985, "frac_class_22": 0.043766213232925968, "frac_class_23": 0.013427338365413332, "frac_class_24": 0.0018211523033770372, "frac_developed": 0.12858740652686931, "wind_power_index": 50.999288036199417, "wind_resource_pct": 0.20752984389348025, "wind_screening_pct": 0.20752984389348025, "resource_land_adj_oof": 56.420963287353516, "resource_opportunity_oof": -5.4216752511540989 }, "geometry": { "type": "Point", "coordinates": [ -75.48, 43.11 ] } },
{ "type": "Feature", "properties": { "latitude": 43.29, "longitude": -78.18, "frac_class_11": 0.0073092736409319323, "frac_class_21": 0.043720935680734672, "frac_class_22": 0.055258811540218576, "frac_class_23": 0.012422251115718453, "frac_class_24": 0.0028346862517716789, "frac_developed": 0.11423668458844338, "wind_power_index": 76.315559924579702, "wind_resource_pct": 0.75757575757575757, "wind_screening_pct": 0.75757575757575757, "resource_land_adj_oof": 75.141639709472656, "resource_opportunity_oof": 1.1739202151070458 }, "geometry": { "type": "Point", "coordinates": [ -78.18, 43.29 ] } },
{ "type": "Feature", "properties": { "latitude": 42.3, "longitude": -79.35, "frac_class_11": 0.0091352009744214372, "frac_class_21": 0.04933008526187576, "frac_class_22": 0.016103719666448045, "frac_class_23": 0.0018973109716106061, "frac_class_24": 7.0270776726318751e-05, "frac_developed": 0.067401386676660735, "wind_power_index": 70.604685813226467, "wind_resource_pct": 0.66023875114784203, "wind_screening_pct": 0.66023875114784203, "resource_land_adj_oof": 94.948959350585938, "resource_opportunity_oof": -24.34427353735947 }, "geometry": { "type": "Point", "coordinates": [ -79.35, 42.3 ] } },
{ "type": "Feature", "properties": { "latitude": 42.39, "longitude": -74.4, "frac_class_11": 0.038906426617782278, "frac_class_21": 0.049753137756745516, "frac_class_22": 0.0080823225549510082, "frac_class_23": 0.0015403266898203734, "frac_class_24": 8.7851332119032698e-05, "frac_developed": 0.059463638333635931, "wind_power_index": 59.883462104773784, "wind_resource_pct": 0.39944903581267216, "wind_screening_pct": 0.39944903581267216, "resource_land_adj_oof": 58.13525390625, "resource_opportunity_oof": 1.7482081985237841 }, "geometry": { "type": "Point", "coordinates": [ -74.4, 42.39 ] } },
{ "type": "Feature", "properties": { "latitude": 43.74, "longitude": -73.41, "frac_class_11": 0.18597528839960181, "frac_class_21": 0.033325525560695672, "frac_class_22": 0.011208057621362066, "frac_class_23": 0.001569362300169819, "frac_class_24": 5.8558294782455933e-06, "frac_developed": 0.046108801311705805, "wind_power_index": 30.727582758360853, "wind_resource_pct": 0.028925619834710745, "wind_screening_pct": 0.028925619834710745, "resource_land_adj_oof": 32.220062255859375, "resource_opportunity_oof": -1.4924794974985218 }, "geometry": { "type": "Point", "coordinates": [ -73.41, 43.74 ] } },
{ "type": "Feature", "properties": { "latitude": 42.03, "longitude": -75.03, "frac_class_11": 0.0064586773471992879, "frac_class_21": 0.030823642389534951, "frac_class_22": 0.0086837883099696676, "frac_class_23": 0.0023890665073955661, "frac_class_24": 0.00010539999297333381, "frac_developed": 0.042001897199873517, "wind_power_index": 62.975551059034217, "wind_resource_pct": 0.48852157943067032, "wind_screening_pct": 0.48852157943067032, "resource_land_adj_oof": 60.612522125244141, "resource_opportunity_oof": 2.3630289337900763 }, "geometry": { "type": "Point", "coordinates": [ -75.03, 42.03 ] } },
{ "type": "Feature", "properties": { "latitude": 42.48, "longitude": -74.58, "frac_class_11": 0.0029395919705806572, "frac_class_21": 0.056063054833345047, "frac_class_22": 0.0060607125289860167, "frac_class_23": 0.00080809500386480224, "frac_class_24": 4.0990326282997215e-05, "frac_developed": 0.062972852692478862, "wind_power_index": 77.16174609386826, "wind_resource_pct": 0.77548209366391185, "wind_screening_pct": 0.77548209366391185, "resource_land_adj_oof": 71.569244384765625, "resource_opportunity_oof": 5.5925017091026348 }, "geometry": { "type": "Point", "coordinates": [ -74.58, 42.48 ] } },
{ "type": "Feature", "properties": { "latitude": 41.85, "longitude": -73.68, "frac_class_11": 0.0098669571124071868, "frac_class_21": 0.071791628604220836, "frac_class_22": 0.012999789192607688, "frac_class_23": 0.0027522076218583842, "frac_class_24": 0.00020495163141498606, "frac_developed": 0.087748577050101903, "wind_power_index": 52.974906041079805, "wind_resource_pct": 0.24150596877869604, "wind_screening_pct": 0.24150596877869604, "resource_land_adj_oof": 48.02239990234375, "resource_opportunity_oof": 4.9525061387360552 }, "geometry": { "type": "Point", "coordinates": [ -73.68, 41.85 ] } },
{ "type": "Feature", "properties": { "latitude": 43.11, "longitude": -74.13, "frac_class_11": 0.26945802711328432, "frac_class_21": 0.047591719614675142, "frac_class_22": 0.024103299856527979, "frac_class_23": 0.0020964483354317335, "frac_class_24": 3.51360056217609e-05, "frac_developed": 0.073826603812256614, "wind_power_index": 54.070300925993905, "wind_resource_pct": 0.26584022038567495, "wind_screening_pct": 0.26584022038567495, "resource_land_adj_oof": 59.115367889404297, "resource_opportunity_oof": -5.0450669634103917 }, "geometry": { "type": "Point", "coordinates": [ -74.13, 43.11 ] } },
{ "type": "Feature", "properties": { "latitude": 42.21, "longitude": -74.31, "frac_class_11": 0.0022779043280182231, "frac_class_21": 0.031691563555873069, "frac_class_22": 0.011096731880705741, "frac_class_23": 0.0014522372065514638, "frac_class_24": 1.7567385563122543e-05, "frac_developed": 0.044258100028693396, "wind_power_index": 66.693212220737877, "wind_resource_pct": 0.57529843893480259, "wind_screening_pct": 0.57529843893480259, "resource_land_adj_oof": 63.998210906982422, "resource_opportunity_oof": 2.6950013137554549 }, "geometry": { "type": "Point", "coordinates": [ -74.31, 42.21 ] } },
{ "type": "Feature", "properties": { "latitude": 43.38, "longitude": -75.21, "frac_class_11": 0.020302398575845593, "frac_class_21": 0.052047221961960086, "frac_class_22": 0.020249695493300853, "frac_class_23": 0.0048486835941159937, "frac_class_24": 0.00021666822823948281, "frac_developed": 0.077362269277616427, "wind_power_index": 48.95371372498213, "wind_resource_pct": 0.16712580348943984, "wind_screening_pct": 0.16712580348943984, "resource_land_adj_oof": 64.957298278808594, "resource_opportunity_oof": -16.003584553826464 }, "geometry": { "type": "Point", "coordinates": [ -75.21, 43.38 ] } },
{ "type": "Feature", "properties": { "latitude": 42.48, "longitude": -74.31, "frac_class_11": 0.0038296452015248311, "frac_class_21": 0.03905769647426701, "frac_class_22": 0.0066521054265018479, "frac_class_23": 0.00038062222950934865, "frac_class_24": 0.0, "frac_developed": 0.046090424130278203, "wind_power_index": 61.897761005891255, "wind_resource_pct": 0.46326905417814507, "wind_screening_pct": 0.46326905417814507, "resource_land_adj_oof": 61.570068359375, "resource_opportunity_oof": 0.32769264651625463 }, "geometry": { "type": "Point", "coordinates": [ -74.31, 42.48 ] } },
{ "type": "Feature", "properties": { "latitude": 42.57, "longitude": -77.55, "frac_class_11": 0.002078746428069518, "frac_class_21": 0.04734857357005668, "frac_class_22": 0.035596336721787608, "frac_class_23": 0.0075478990022017148, "frac_class_24": 0.0012706703518058744, "frac_developed": 0.091763479645851867, "wind_power_index": 71.370605279654271, "wind_resource_pct": 0.6776859504132231, "wind_screening_pct": 0.6776859504132231, "resource_land_adj_oof": 85.963111877441406, "resource_opportunity_oof": -14.592506597787136 }, "geometry": { "type": "Point", "coordinates": [ -77.55, 42.57 ] } },
{ "type": "Feature", "properties": { "latitude": 42.03, "longitude": -79.62, "frac_class_11": 0.0007905184629978802, "frac_class_21": 0.050294541323620691, "frac_class_22": 0.010534390480986568, "frac_class_23": 0.0022661529272605899, "frac_class_24": 0.00029278461592514084, "frac_developed": 0.063387869347792988, "wind_power_index": 77.055614000583276, "wind_resource_pct": 0.76905417814508725, "wind_screening_pct": 0.76905417814508725, "resource_land_adj_oof": 67.750892639160156, "resource_opportunity_oof": 9.3047213614231197 }, "geometry": { "type": "Point", "coordinates": [ -79.62, 42.03 ] } },
{ "type": "Feature", "properties": { "latitude": 42.21, "longitude": -75.03, "frac_class_11": 0.0013175616326052586, "frac_class_21": 0.047842126837266498, "frac_class_22": 0.0086022135035427761, "frac_class_23": 0.0021080986121684137, "frac_class_24": 0.00036891725712947241, "frac_developed": 0.058921356210107162, "wind_power_index": 68.946065173993446, "wind_resource_pct": 0.62764003673094582, "wind_screening_pct": 0.62764003673094582, "resource_land_adj_oof": 69.017578125, "resource_opportunity_oof": -0.071512951006553749 }, "geometry": { "type": "Point", "coordinates": [ -75.03, 42.21 ] } },
{ "type": "Feature", "properties": { "latitude": 44.91, "longitude": -74.67, "frac_class_11": 0.010634373151721352, "frac_class_21": 0.037641933160388129, "frac_class_22": 0.014985330889457565, "frac_class_23": 0.0021315593762260858, "frac_class_24": 0.00062072882934056342, "frac_developed": 0.055379552255412336, "wind_power_index": 44.392244932779299, "wind_resource_pct": 0.092745638200183653, "wind_screening_pct": 0.092745638200183653, "resource_land_adj_oof": 50.315113067626953, "resource_opportunity_oof": -5.9228681348476542 }, "geometry": { "type": "Point", "coordinates": [ -74.67, 44.91 ] } },
{ "type": "Feature", "properties": { "latitude": 43.92, "longitude": -75.3, "frac_class_11": 0.02629329023341883, "frac_class_21": 0.031885738378834197, "frac_class_22": 0.0071384233395406583, "frac_class_23": 0.00066758019746319529, "frac_class_24": 4.0991766510897954e-05, "frac_developed": 0.039732733682348947, "wind_power_index": 55.66278607624897, "wind_resource_pct": 0.28925619834710742, "wind_screening_pct": 0.28925619834710742, "resource_land_adj_oof": 66.085861206054688, "resource_opportunity_oof": -10.423075129805717 }, "geometry": { "type": "Point", "coordinates": [ -75.3, 43.92 ] } },
{ "type": "Feature", "properties": { "latitude": 43.29, "longitude": -78.63, "frac_class_11": 0.0010774663145381826, "frac_class_21": 0.040486967927809758, "frac_class_22": 0.052866118954623446, "frac_class_23": 0.0067692992369898872, "frac_class_24": 0.0009837735915348624, "frac_developed": 0.10110615971095796, "wind_power_index": 66.418396108902982, "wind_resource_pct": 0.56519742883379243, "wind_screening_pct": 0.56519742883379243, "resource_land_adj_oof": 88.522048950195312, "resource_opportunity_oof": -22.10365284129233 }, "geometry": { "type": "Point", "coordinates": [ -78.63, 43.29 ] } },
{ "type": "Feature", "properties": { "latitude": 43.11, "longitude": -73.32, "frac_class_11": 0.0063710305493257131, "frac_class_21": 0.043502192969614634, "frac_class_22": 0.017660871449233777, "frac_class_23": 0.0025179624413695372, "frac_class_24": 0.00017567179823508401, "frac_developed": 0.063856698658453032, "wind_power_index": 42.304884083817939, "wind_resource_pct": 0.07575757575757576, "wind_screening_pct": 0.07575757575757576, "resource_land_adj_oof": 45.332248687744141, "resource_opportunity_oof": -3.0273646039262019 }, "geometry": { "type": "Point", "coordinates": [ -73.32, 43.11 ] } },
{ "type": "Feature", "properties": { "latitude": 44.28, "longitude": -75.75, "frac_class_11": 0.092342104954970777, "frac_class_21": 0.036813875323519422, "frac_class_22": 0.011383199241120051, "frac_class_23": 0.0010949888158896346, "frac_class_24": 0.00012296665846888943, "frac_developed": 0.049415030038997998, "wind_power_index": 47.6434882984952, "wind_resource_pct": 0.14325068870523416, "wind_screening_pct": 0.14325068870523416, "resource_land_adj_oof": 63.741291046142578, "resource_opportunity_oof": -16.097802747647378 }, "geometry": { "type": "Point", "coordinates": [ -75.75, 44.28 ] } },
{ "type": "Feature", "properties": { "latitude": 41.67, "longitude": -74.49, "frac_class_11": 0.007243661064589799, "frac_class_21": 0.055934883176201912, "frac_class_22": 0.014867951045265561, "frac_class_23": 0.0023364759618199919, "frac_class_24": 0.00016981905486912222, "frac_developed": 0.073309129238156592, "wind_power_index": 61.935043671076279, "wind_resource_pct": 0.46602387511478421, "wind_screening_pct": 0.46602387511478421, "resource_land_adj_oof": 58.183170318603516, "resource_opportunity_oof": 3.7518733524727637 }, "geometry": { "type": "Point", "coordinates": [ -74.49, 41.67 ] } },
{ "type": "Feature", "properties": { "latitude": 42.75, "longitude": -75.93, "frac_class_11": 0.0023130932791464395, "frac_class_21": 0.039047356924932802, "frac_class_22": 0.011987093525095598, "frac_class_23": 0.0016513729233399897, "frac_class_24": 7.0271188227233596e-05, "frac_developed": 0.052756094561595628, "wind_power_index": 73.94277322245361, "wind_resource_pct": 0.71349862258953167, "wind_screening_pct": 0.71349862258953167, "resource_land_adj_oof": 65.569145202636719, "resource_opportunity_oof": 8.3736280198168913 }, "geometry": { "type": "Point", "coordinates": [ -75.93, 42.75 ] } },
{ "type": "Feature", "properties": { "latitude": 44.28, "longitude": -75.93, "frac_class_11": 0.057388809182209469, "frac_class_21": 0.057025737124117938, "frac_class_22": 0.043088454894152785, "frac_class_23": 0.012660674025707844, "frac_class_24": 0.002149152343864375, "frac_developed": 0.11492401838784294, "wind_power_index": 60.566874791474717, "wind_resource_pct": 0.41414141414141414, "wind_screening_pct": 0.41414141414141414, "resource_land_adj_oof": 59.065582275390625, "resource_opportunity_oof": 1.5012925160840922 }, "geometry": { "type": "Point", "coordinates": [ -75.93, 44.28 ] } },
{ "type": "Feature", "properties": { "latitude": 42.3, "longitude": -75.93, "frac_class_11": 0.012771414517602418, "frac_class_21": 0.068143489565034077, "frac_class_22": 0.030467523950062071, "frac_class_23": 0.0068922305764411024, "frac_class_24": 0.00084908533014779936, "frac_developed": 0.10635232942168504, "wind_power_index": 50.832351339616807, "wind_resource_pct": 0.2024793388429752, "wind_screening_pct": 0.2024793388429752, "resource_land_adj_oof": 59.380695343017578, "resource_opportunity_oof": -8.5483440034007714 }, "geometry": { "type": "Point", "coordinates": [ -75.93, 42.3 ] } },
{ "type": "Feature", "properties": { "latitude": 42.3, "longitude": -77.82, "frac_class_11": 0.00055045441768949684, "frac_class_21": 0.053897685749086481, "frac_class_22": 0.027686686030169588, "frac_class_23": 0.0061135575751897313, "frac_class_24": 0.0003279302913894875, "frac_developed": 0.088025859645835286, "wind_power_index": 82.032812154980419, "wind_resource_pct": 0.83333333333333337, "wind_screening_pct": 0.83333333333333337, "resource_land_adj_oof": 71.797157287597656, "resource_opportunity_oof": 10.235654867382763 }, "geometry": { "type": "Point", "coordinates": [ -77.82, 42.3 ] } },
{ "type": "Feature", "properties": { "latitude": 42.39, "longitude": -77.64, "frac_class_11": 0.0026350615433262674, "frac_class_21": 0.057450197336831134, "frac_class_22": 0.053936781945729442, "frac_class_23": 0.018621101572838958, "frac_class_24": 0.0036012507758792322, "frac_developed": 0.13360933163127878, "wind_power_index": 67.515314742130215, "wind_resource_pct": 0.59320477502295688, "wind_screening_pct": 0.59320477502295688, "resource_land_adj_oof": 70.857330322265625, "resource_opportunity_oof": -3.3420155801354099 }, "geometry": { "type": "Point", "coordinates": [ -77.64, 42.39 ] } },
{ "type": "Feature", "properties": { "latitude": 42.84, "longitude": -75.93, "frac_class_11": 0.016965033408876631, "frac_class_21": 0.049161703647745705, "frac_class_22": 0.022200359562668727, "frac_class_23": 0.0022838671140703783, "frac_class_24": 0.00010540925141863284, "frac_developed": 0.073751339575903449, "wind_power_index": 93.641980572636001, "wind_resource_pct": 0.94995408631772271, "wind_screening_pct": 0.94995408631772271, "resource_land_adj_oof": 67.668601989746094, "resource_opportunity_oof": 25.973378582889907 }, "geometry": { "type": "Point", "coordinates": [ -75.93, 42.84 ] } },
{ "type": "Feature", "properties": { "latitude": 42.93, "longitude": -73.41, "frac_class_11": 0.010522740714281532, "frac_class_21": 0.070257007840817925, "frac_class_22": 0.025741774168047644, "frac_class_23": 0.0068804787642074566, "frac_class_24": 0.0011945682279985712, "frac_developed": 0.10407382900107159, "wind_power_index": 43.097157258607126, "wind_resource_pct": 0.078512396694214878, "wind_screening_pct": 0.078512396694214878, "resource_land_adj_oof": 56.354019165039062, "resource_opportunity_oof": -13.256861906431936 }, "geometry": { "type": "Point", "coordinates": [ -73.41, 42.93 ] } },
{ "type": "Feature", "properties": { "latitude": 42.84, "longitude": -75.66, "frac_class_11": 0.020525042894704481, "frac_class_21": 0.059115637096160266, "frac_class_22": 0.019775483553613988, "frac_class_23": 0.0045442035053611064, "frac_class_24": 0.00055045764111332982, "frac_developed": 0.083985781796248701, "wind_power_index": 77.46377698178145, "wind_resource_pct": 0.78007346189164373, "wind_screening_pct": 0.78007346189164373, "resource_land_adj_oof": 74.987617492675781, "resource_opportunity_oof": 2.4761594891056689 }, "geometry": { "type": "Point", "coordinates": [ -75.66, 42.84 ] } },
{ "type": "Feature", "properties": { "latitude": 42.03, "longitude": -75.84, "frac_class_11": 0.011571186807910101, "frac_class_21": 0.081179839432215448, "frac_class_22": 0.057065392430710495, "frac_class_23": 0.013919388179353396, "frac_class_24": 0.0052234304821132645, "frac_developed": 0.15738805052439261, "wind_power_index": 61.424840949068866, "wind_resource_pct": 0.43893480257116618, "wind_screening_pct": 0.43893480257116618, "resource_land_adj_oof": 54.973674774169922, "resource_opportunity_oof": 6.451166174898944 }, "geometry": { "type": "Point", "coordinates": [ -75.84, 42.03 ] } },
{ "type": "Feature", "properties": { "latitude": 43.83, "longitude": -76.2, "frac_class_11": 0.24201538948034151, "frac_class_21": 0.034843001534263264, "frac_class_22": 0.027001862197392923, "frac_class_23": 0.0035545717531592939, "frac_class_24": 0.00076127566377381917, "frac_developed": 0.066160711148589305, "wind_power_index": 170.79598628414669, "wind_resource_pct": 0.99816345270890727, "wind_screening_pct": 0.99816345270890727, "resource_land_adj_oof": 69.051925659179688, "resource_opportunity_oof": 101.74406062496701 }, "geometry": { "type": "Point", "coordinates": [ -76.2, 43.83 ] } },
{ "type": "Feature", "properties": { "latitude": 44.73, "longitude": -73.41, "frac_class_11": 0.45928567663955305, "frac_class_21": 0.041279434069441269, "frac_class_22": 0.065968623179494382, "frac_class_23": 0.042444791904569491, "frac_class_24": 0.01245000380644519, "frac_developed": 0.16214285295995035, "wind_power_index": 58.06780580279667, "wind_resource_pct": 0.35078053259871439, "wind_screening_pct": 0.35078053259871439, "resource_land_adj_oof": 88.903915405273438, "resource_opportunity_oof": -30.836109602476768 }, "geometry": { "type": "Point", "coordinates": [ -73.41, 44.73 ] } },
{ "type": "Feature", "properties": { "latitude": 42.3, "longitude": -73.59, "frac_class_11": 0.0048198839245450981, "frac_class_21": 0.071044971918173244, "frac_class_22": 0.021423007771550387, "frac_class_23": 0.0053528237023502062, "frac_class_24": 0.00082576383154417832, "frac_developed": 0.098646567223618017, "wind_power_index": 64.744984543062586, "wind_resource_pct": 0.52754820936639113, "wind_screening_pct": 0.52754820936639113, "resource_land_adj_oof": 50.604015350341797, "resource_opportunity_oof": 14.140969192720789 }, "geometry": { "type": "Point", "coordinates": [ -73.59, 42.3 ] } },
{ "type": "Feature", "properties": { "latitude": 43.11, "longitude": -74.76, "frac_class_11": 0.0093982210719242044, "frac_class_21": 0.053561076725788602, "frac_class_22": 0.020840042862914795, "frac_class_23": 0.0051646298974686285, "frac_class_24": 0.00087833841793684159, "frac_developed": 0.080444087904108869, "wind_power_index": 56.394523631073049, "wind_resource_pct": 0.31496786042240588, "wind_screening_pct": 0.31496786042240588, "resource_land_adj_oof": 49.386753082275391, "resource_opportunity_oof": 7.0077705487976587 }, "geometry": { "type": "Point", "coordinates": [ -74.76, 43.11 ] } },
{ "type": "Feature", "properties": { "latitude": 43.11, "longitude": -75.12, "frac_class_11": 0.0091229015277053977, "frac_class_21": 0.065195369454089783, "frac_class_22": 0.054872086146423152, "frac_class_23": 0.023451361115828059, "frac_class_24": 0.0056915662932796188, "frac_developed": 0.14921038300962061, "wind_power_index": 49.336458502691144, "wind_resource_pct": 0.17263544536271808, "wind_screening_pct": 0.17263544536271808, "resource_land_adj_oof": 56.356475830078125, "resource_opportunity_oof": -7.0200173273869808 }, "geometry": { "type": "Point", "coordinates": [ -75.12, 43.11 ] } },
{ "type": "Feature", "properties": { "latitude": 42.57, "longitude": -77.91, "frac_class_11": 0.00068513204895473444, "frac_class_21": 0.066615916144521878, "frac_class_22": 0.027130057972711834, "frac_class_23": 0.0027346723663406922, "frac_class_24": 0.00036891725712947241, "frac_developed": 0.096849563740703859, "wind_power_index": 78.833421199855238, "wind_resource_pct": 0.79384756657483935, "wind_screening_pct": 0.79384756657483935, "resource_land_adj_oof": 78.392753601074219, "resource_opportunity_oof": 0.44066759878101891 }, "geometry": { "type": "Point", "coordinates": [ -77.91, 42.57 ] } },
{ "type": "Feature", "properties": { "latitude": 42.93, "longitude": -75.93, "frac_class_11": 0.031770293457954873, "frac_class_21": 0.079428661782533078, "frac_class_22": 0.036742271180683662, "frac_class_23": 0.0040232611254589854, "frac_class_24": 0.00038651416925806846, "frac_developed": 0.12058070825793379, "wind_power_index": 88.090634993577154, "wind_resource_pct": 0.91597796143250687, "wind_screening_pct": 0.91597796143250687, "resource_land_adj_oof": 73.445152282714844, "resource_opportunity_oof": 14.645482710862311 }, "geometry": { "type": "Point", "coordinates": [ -75.93, 42.93 ] } },
{ "type": "Feature", "properties": { "latitude": 42.66, "longitude": -75.48, "frac_class_11": 0.0032324178719915675, "frac_class_21": 0.056819113427416995, "frac_class_22": 0.023540434502547287, "frac_class_23": 0.005738712888680682, "frac_class_24": 0.0010891842829536804, "frac_developed": 0.087187445101598635, "wind_power_index": 60.775305789057612, "wind_resource_pct": 0.42148760330578511, "wind_screening_pct": 0.42148760330578511, "resource_land_adj_oof": 65.953758239746094, "resource_opportunity_oof": -5.1784524506884821 }, "geometry": { "type": "Point", "coordinates": [ -75.48, 42.66 ] } },
{ "type": "Feature", "properties": { "latitude": 42.93, "longitude": -76.2, "frac_class_11": 0.0014873458488997154, "frac_class_21": 0.072177263517865714, "frac_class_22": 0.034958483141461813, "frac_class_23": 0.0078817618607047914, "frac_class_24": 0.00094276646327895344, "frac_developed": 0.11596027498331127, "wind_power_index": 77.179010775780654, "wind_resource_pct": 0.77685950413223137, "wind_screening_pct": 0.77685950413223137, "resource_land_adj_oof": 66.571975708007812, "resource_opportunity_oof": 10.607035067772841 }, "geometry": { "type": "Point", "coordinates": [ -76.2, 42.93 ] } },
{ "type": "Feature", "properties": { "latitude": 42.3, "longitude": -78.63, "frac_class_11": 0.0017157781317342828, "frac_class_21": 0.052990021549704863, "frac_class_22": 0.026784877728848498, "frac_class_23": 0.0042396701958212308, "frac_class_24": 0.00067928417502108123, "frac_developed": 0.084693853649395676, "wind_power_index": 77.053392040360819, "wind_resource_pct": 0.76721763085399453, "wind_screening_pct": 0.76721763085399453, "resource_land_adj_oof": 79.952857971191406, "resource_opportunity_oof": -2.899465930830587 }, "geometry": { "type": "Point", "coordinates": [ -78.63, 42.3 ] } },
{ "type": "Feature", "properties": { "latitude": 43.29, "longitude": -78.72, "frac_class_11": 0.076422154811960505, "frac_class_21": 0.044752345369578714, "frac_class_22": 0.053495508368372358, "frac_class_23": 0.0080111500216675843, "frac_class_24": 0.0011536524519506681, "frac_developed": 0.10741265621156931, "wind_power_index": 82.06952433619189, "wind_resource_pct": 0.83471074380165289, "wind_screening_pct": 0.83471074380165289, "resource_land_adj_oof": 94.163627624511719, "resource_opportunity_oof": -12.094103288319829 }, "geometry": { "type": "Point", "coordinates": [ -78.72, 43.29 ] } },
{ "type": "Feature", "properties": { "latitude": 42.39, "longitude": -78.09, "frac_class_11": 0.0073957393982690576, "frac_class_21": 0.052660241020295831, "frac_class_22": 0.01669457880005153, "frac_class_23": 0.0029395575438884141, "frac_class_24": 0.00029278461592514084, "frac_developed": 0.072587161980160908, "wind_power_index": 60.518402387291943, "wind_resource_pct": 0.41322314049586778, "wind_screening_pct": 0.41322314049586778, "resource_land_adj_oof": 79.961830139160156, "resource_opportunity_oof": -19.443427751868214 }, "geometry": { "type": "Point", "coordinates": [ -78.09, 42.39 ] } },
{ "type": "Feature", "properties": { "latitude": 43.65, "longitude": -75.39, "frac_class_11": 0.011074022019208245, "frac_class_21": 0.050339657999531509, "frac_class_22": 0.028712813305223704, "frac_class_23": 0.0049484656828297025, "frac_class_24": 0.00064417896462871862, "frac_developed": 0.084645115952213634, "wind_power_index": 44.834915680055566, "wind_resource_pct": 0.095500459136822771, "wind_screening_pct": 0.095500459136822771, "resource_land_adj_oof": 78.987548828125, "resource_opportunity_oof": -34.152633148069434 }, "geometry": { "type": "Point", "coordinates": [ -75.39, 43.65 ] } },
{ "type": "Feature", "properties": { "latitude": 42.57, "longitude": -77.64, "frac_class_11": 0.0028400606660381445, "frac_class_21": 0.069367749793583219, "frac_class_22": 0.057468773972161546, "frac_class_23": 0.018035849178139145, "frac_class_24": 0.0045616644512241544, "frac_developed": 0.14943403739510808, "wind_power_index": 58.558014340052665, "wind_resource_pct": 0.36179981634527086, "wind_screening_pct": 0.36179981634527086, "resource_land_adj_oof": 81.026962280273438, "resource_opportunity_oof": -22.468947940220772 }, "geometry": { "type": "Point", "coordinates": [ -77.64, 42.57 ] } },
{ "type": "Feature", "properties": { "latitude": 42.48, "longitude": -78.09, "frac_class_11": 0.0061721165557949969, "frac_class_21": 0.051812986039539023, "frac_class_22": 0.019429869764827135, "frac_class_23": 0.0029689403166869672, "frac_class_24": 0.00026351541272369531, "frac_developed": 0.074475311533776817, "wind_power_index": 72.285616963890448, "wind_resource_pct": 0.69513314967860418, "wind_screening_pct": 0.69513314967860418, "resource_land_adj_oof": 77.9637451171875, "resource_opportunity_oof": -5.6781281532970524 }, "geometry": { "type": "Point", "coordinates": [ -78.09, 42.48 ] } },
{ "type": "Feature", "properties": { "latitude": 41.85, "longitude": -74.49, "frac_class_11": 0.052033072562889401, "frac_class_21": 0.050967349042019959, "frac_class_22": 0.0063943411252166578, "frac_class_23": 0.0012531034805827517, "frac_class_24": 9.3689979856654328e-05, "frac_developed": 0.058708483627676028, "wind_power_index": 63.262104248067388, "wind_resource_pct": 0.49770431588613406, "wind_screening_pct": 0.49770431588613406, "resource_land_adj_oof": 62.685890197753906, "resource_opportunity_oof": 0.57621405031348161 }, "geometry": { "type": "Point", "coordinates": [ -74.49, 41.85 ] } },
{ "type": "Feature", "properties": { "latitude": 41.58, "longitude": -74.31, "frac_class_11": 0.0034783219731571919, "frac_class_21": 0.090289977279647715, "frac_class_22": 0.031457147541751572, "frac_class_23": 0.0075070854706860606, "frac_class_24": 0.001153584896821493, "frac_developed": 0.13040779518890686, "wind_power_index": 36.34069017295338, "wind_resource_pct": 0.052341597796143252, "wind_screening_pct": 0.052341597796143252, "resource_land_adj_oof": 50.546215057373047, "resource_opportunity_oof": -14.205524884419667 }, "geometry": { "type": "Point", "coordinates": [ -74.31, 41.58 ] } },
{ "type": "Feature", "properties": { "latitude": 43.11, "longitude": -77.1, "frac_class_11": 0.002646772927963273, "frac_class_21": 0.064172532118472361, "frac_class_22": 0.053251665944464614, "frac_class_23": 0.0070209750898848769, "frac_class_24": 0.0018562544649653929, "frac_developed": 0.12630142761778723, "wind_power_index": 61.831304688132334, "wind_resource_pct": 0.46051423324150598, "wind_screening_pct": 0.46051423324150598, "resource_land_adj_oof": 65.262664794921875, "resource_opportunity_oof": -3.4313601067895405 }, "geometry": { "type": "Point", "coordinates": [ -77.1, 43.11 ] } },
{ "type": "Feature", "properties": { "latitude": 42.48, "longitude": -75.03, "frac_class_11": 0.013813254634671913, "frac_class_21": 0.078880183630209974, "frac_class_22": 0.053431940882315052, "frac_class_23": 0.032334375622152738, "frac_class_24": 0.0084964105446837419, "frac_developed": 0.17314291067936152, "wind_power_index": 58.220599396497732, "wind_resource_pct": 0.35537190082644626, "wind_screening_pct": 0.35537190082644626, "resource_land_adj_oof": 63.532299041748047, "resource_opportunity_oof": -5.3116996452503145 }, "geometry": { "type": "Point", "coordinates": [ -75.03, 42.48 ] } },
{ "type": "Feature", "properties": { "latitude": 42.48, "longitude": -78.9, "frac_class_11": 0.00736095007202839, "frac_class_21": 0.057827670613588185, "frac_class_22": 0.037999367555602404, "frac_class_23": 0.0082979047351346286, "frac_class_24": 0.0010540739959945188, "frac_developed": 0.10517901690031974, "wind_power_index": 67.821937929564996, "wind_resource_pct": 0.59412304866850318, "wind_screening_pct": 0.59412304866850318, "resource_land_adj_oof": 72.287742614746094, "resource_opportunity_oof": -4.465804685181098 }, "geometry": { "type": "Point", "coordinates": [ -78.9, 42.48 ] } },
{ "type": "Feature", "properties": { "latitude": 42.12, "longitude": -78.72, "frac_class_11": 0.01589272120395854, "frac_class_21": 0.048948878608654919, "frac_class_22": 0.039380453241201617, "frac_class_23": 0.013825613398137846, "frac_class_24": 0.0019675587046905194, "frac_developed": 0.10412250395268489, "wind_power_index": 65.987967102157256, "wind_resource_pct": 0.55831037649219473, "wind_screening_pct": 0.55831037649219473, "resource_land_adj_oof": 72.41241455078125, "resource_opportunity_oof": -6.4244474486239938 }, "geometry": { "type": "Point", "coordinates": [ -78.72, 42.12 ] } },
{ "type": "Feature", "properties": { "latitude": 42.48, "longitude": -78.81, "frac_class_11": 0.0062714097496706193, "frac_class_21": 0.042143170838823012, "frac_class_22": 0.017174645000731958, "frac_class_23": 0.00087834870443566099, "frac_class_24": 4.6845264236568582e-05, "frac_developed": 0.060243009808227201, "wind_power_index": 81.456858705143688, "wind_resource_pct": 0.82782369146005508, "wind_screening_pct": 0.82782369146005508, "resource_land_adj_oof": 70.596260070800781, "resource_opportunity_oof": 10.860598634342907 }, "geometry": { "type": "Point", "coordinates": [ -78.81, 42.48 ] } },
{ "type": "Feature", "properties": { "latitude": 42.93, "longitude": -78.0, "frac_class_11": 0.00281069939569963, "frac_class_21": 0.052507378085913714, "frac_class_22": 0.055786527380896615, "frac_class_23": 0.0098315922612076632, "frac_class_24": 0.0035016629971424554, "frac_developed": 0.12162716072516046, "wind_power_index": 85.000568094576693, "wind_resource_pct": 0.87511478420569333, "wind_screening_pct": 0.87511478420569333, "resource_land_adj_oof": 94.86102294921875, "resource_opportunity_oof": -9.8604548546420574 }, "geometry": { "type": "Point", "coordinates": [ -78.0, 42.93 ] } },
{ "type": "Feature", "properties": { "latitude": 42.3, "longitude": -74.4, "frac_class_11": 0.0099780997107287994, "frac_class_21": 0.049445465937437781, "frac_class_22": 0.010522679096349562, "frac_class_23": 0.0017332849262768337, "frac_class_24": 5.8556923185028165e-05, "frac_developed": 0.061759986883249206, "wind_power_index": 56.917443965241354, "wind_resource_pct": 0.32552800734618914, "wind_screening_pct": 0.32552800734618914, "resource_land_adj_oof": 61.900402069091797, "resource_opportunity_oof": -4.9829581038504429 }, "geometry": { "type": "Point", "coordinates": [ -74.4, 42.3 ] } },
{ "type": "Feature", "properties": { "latitude": 44.64, "longitude": -75.48, "frac_class_11": 0.070993132186125477, "frac_class_21": 0.046721316340885749, "frac_class_22": 0.038618839297904044, "frac_class_23": 0.024455828144384361, "frac_class_24": 0.0054432025263107912, "frac_developed": 0.11523918630948496, "wind_power_index": 45.977486460503648, "wind_resource_pct": 0.1111111111111111, "wind_screening_pct": 0.1111111111111111, "resource_land_adj_oof": 50.1490478515625, "resource_opportunity_oof": -4.1715613910588516 }, "geometry": { "type": "Point", "coordinates": [ -75.48, 44.64 ] } },
{ "type": "Feature", "properties": { "latitude": 42.12, "longitude": -75.75, "frac_class_11": 0.0032499282673490539, "frac_class_21": 0.070157460488484716, "frac_class_22": 0.04279365005006646, "frac_class_23": 0.015336147985922833, "frac_class_24": 0.0035134359647016802, "frac_developed": 0.1318006944891757, "wind_power_index": 51.757718986632412, "wind_resource_pct": 0.21579430670339761, "wind_screening_pct": 0.21579430670339761, "resource_land_adj_oof": 57.045890808105469, "resource_opportunity_oof": -5.2881718214730569 }, "geometry": { "type": "Point", "coordinates": [ -75.75, 42.12 ] } },
{ "type": "Feature", "properties": { "latitude": 43.02, "longitude": -73.59, "frac_class_11": 0.019382455071937602, "frac_class_21": 0.047115176286649532, "frac_class_22": 0.02464089756577445, "frac_class_23": 0.0029981320232121004, "frac_class_24": 0.00035134359647016802, "frac_developed": 0.075105549472106251, "wind_power_index": 40.866736252512567, "wind_resource_pct": 0.069788797061524341, "wind_screening_pct": 0.069788797061524341, "resource_land_adj_oof": 46.256969451904297, "resource_opportunity_oof": -5.3902331993917301 }, "geometry": { "type": "Point", "coordinates": [ -73.59, 43.02 ] } },
{ "type": "Feature", "properties": { "latitude": 42.21, "longitude": -78.54, "frac_class_11": 0.00048015833513880674, "frac_class_21": 0.038734724231014712, "frac_class_22": 0.0079460348876019601, "frac_class_23": 0.00031034624100435073, "frac_class_24": 5.8555894529122771e-06, "frac_developed": 0.046996960949073935, "wind_power_index": 65.777157481846274, "wind_resource_pct": 0.55280073461891643, "wind_screening_pct": 0.55280073461891643, "resource_land_adj_oof": 73.394523620605469, "resource_opportunity_oof": -7.6173661387591949 }, "geometry": { "type": "Point", "coordinates": [ -78.54, 42.21 ] } },
{ "type": "Feature", "properties": { "latitude": 42.3, "longitude": -78.99, "frac_class_11": 0.0047022310710312116, "frac_class_21": 0.041160625402588275, "frac_class_22": 0.016431457515957135, "frac_class_23": 0.0017391813550389412, "frac_class_24": 6.4414124260701525e-05, "frac_developed": 0.059395678397845056, "wind_power_index": 68.480107058281419, "wind_resource_pct": 0.6138659320477502, "wind_screening_pct": 0.6138659320477502, "resource_land_adj_oof": 78.407684326171875, "resource_opportunity_oof": -9.9275772678904559 }, "geometry": { "type": "Point", "coordinates": [ -78.99, 42.3 ] } },
{ "type": "Feature", "properties": { "latitude": 42.3, "longitude": -75.12, "frac_class_11": 0.0029865429886511367, "frac_class_21": 0.054185259360762683, "frac_class_22": 0.0079699706030474451, "frac_class_23": 0.00096037852968389496, "frac_class_24": 4.6847733155311947e-05, "frac_developed": 0.063162456226649344, "wind_power_index": 76.072097350706741, "wind_resource_pct": 0.75206611570247939, "wind_screening_pct": 0.75206611570247939, "resource_land_adj_oof": 72.88214111328125, "resource_opportunity_oof": 3.1899562374254913 }, "geometry": { "type": "Point", "coordinates": [ -75.12, 42.3 ] } },
{ "type": "Feature", "properties": { "latitude": 42.3, "longitude": -77.91, "frac_class_11": 0.00061486209521578728, "frac_class_21": 0.043912865257363702, "frac_class_22": 0.01691749136265152, "frac_class_23": 0.0010891842829536804, "frac_class_24": 1.1711658956491187e-05, "frac_developed": 0.061931252561925394, "wind_power_index": 82.032812154980419, "wind_resource_pct": 0.83333333333333337, "wind_screening_pct": 0.83333333333333337, "resource_land_adj_oof": 72.526840209960938, "resource_opportunity_oof": 9.505971945019482 }, "geometry": { "type": "Point", "coordinates": [ -77.91, 42.3 ] } },
{ "type": "Feature", "properties": { "latitude": 42.39, "longitude": -75.3, "frac_class_11": 0.0054636168792382561, "frac_class_21": 0.064368785355398611, "frac_class_22": 0.016045348605694343, "frac_class_23": 0.0030743824883173467, "frac_class_24": 0.00015811109939917783, "frac_developed": 0.083646627548809471, "wind_power_index": 50.736863568414407, "wind_resource_pct": 0.19834710743801653, "wind_screening_pct": 0.19834710743801653, "resource_land_adj_oof": 61.297561645507812, "resource_opportunity_oof": -10.560698077093406 }, "geometry": { "type": "Point", "coordinates": [ -75.3, 42.39 ] } },
{ "type": "Feature", "properties": { "latitude": 44.37, "longitude": -75.39, "frac_class_11": 0.012784099227566336, "frac_class_21": 0.041180845519123446, "frac_class_22": 0.017832149403545348, "frac_class_23": 0.0055751087790394654, "frac_class_24": 0.0013762085746578511, "frac_developed": 0.065964312276366108, "wind_power_index": 49.248808601826553, "wind_resource_pct": 0.16988062442607896, "wind_screening_pct": 0.16988062442607896, "resource_land_adj_oof": 49.20721435546875, "resource_opportunity_oof": 0.041594246357803399 }, "geometry": { "type": "Point", "coordinates": [ -75.39, 44.37 ] } },
{ "type": "Feature", "properties": { "latitude": 42.75, "longitude": -75.21, "frac_class_11": 0.0036246310957043144, "frac_class_21": 0.058029231273715273, "frac_class_22": 0.011400899423806624, "frac_class_23": 0.0013994940741087741, "frac_class_24": 5.8556237410408959e-05, "frac_developed": 0.070888181009041082, "wind_power_index": 68.259674533324528, "wind_resource_pct": 0.60238751147842062, "wind_screening_pct": 0.60238751147842062, "resource_land_adj_oof": 77.892807006835938, "resource_opportunity_oof": -9.6331324735114094 }, "geometry": { "type": "Point", "coordinates": [ -75.21, 42.75 ] } },
{ "type": "Feature", "properties": { "latitude": 41.4, "longitude": -73.86, "frac_class_11": 0.027675784566914378, "frac_class_21": 0.10631108612521448, "frac_class_22": 0.022616140498820003, "frac_class_23": 0.0026820798416518801, "frac_class_24": 0.00014054566855817711, "frac_developed": 0.13174985213424453, "wind_power_index": 48.956242496652408, "wind_resource_pct": 0.16804407713498623, "wind_screening_pct": 0.16804407713498623, "resource_land_adj_oof": 44.784259796142578, "resource_opportunity_oof": 4.1719827005098296 }, "geometry": { "type": "Point", "coordinates": [ -73.86, 41.4 ] } },
{ "type": "Feature", "properties": { "latitude": 42.93, "longitude": -74.4, "frac_class_11": 0.017245316827798632, "frac_class_21": 0.059096685034344239, "frac_class_22": 0.041459029928969202, "frac_class_23": 0.017543962382371714, "frac_class_24": 0.0052936388496875935, "frac_developed": 0.12339331619537275, "wind_power_index": 53.160498148353653, "wind_resource_pct": 0.24380165289256198, "wind_screening_pct": 0.24380165289256198, "resource_land_adj_oof": 48.219917297363281, "resource_opportunity_oof": 4.9405808509903721 }, "geometry": { "type": "Point", "coordinates": [ -74.4, 42.93 ] } },
{ "type": "Feature", "properties": { "latitude": 42.3, "longitude": -74.13, "frac_class_11": 0.0022955658101239135, "frac_class_21": 0.041940924316600688, "frac_class_22": 0.012801293012578764, "frac_class_23": 0.0014581527722470778, "frac_class_24": 5.8560352299079432e-06, "frac_developed": 0.056206226136656434, "wind_power_index": 70.85849390715201, "wind_resource_pct": 0.66391184573002759, "wind_screening_pct": 0.66391184573002759, "resource_land_adj_oof": 65.691696166992188, "resource_opportunity_oof": 5.1667977401598222 }, "geometry": { "type": "Point", "coordinates": [ -74.13, 42.3 ] } },
{ "type": "Feature", "properties": { "latitude": 43.47, "longitude": -76.11, "frac_class_11": 0.00084911516344002909, "frac_class_21": 0.062284061229987232, "frac_class_22": 0.024272981741096003, "frac_class_23": 0.001821205626412752, "frac_class_24": 0.0001698230326880058, "frac_developed": 0.088548071630183994, "wind_power_index": 57.976386920839957, "wind_resource_pct": 0.34986225895316803, "wind_screening_pct": 0.34986225895316803, "resource_land_adj_oof": 66.163047790527344, "resource_opportunity_oof": -8.1866608696873868 }, "geometry": { "type": "Point", "coordinates": [ -76.11, 43.47 ] } },
{ "type": "Feature", "properties": { "latitude": 42.84, "longitude": -73.32, "frac_class_11": 0.002518198375469234, "frac_class_21": 0.043576544446201328, "frac_class_22": 0.016930491868561756, "frac_class_23": 0.0050481093015220463, "frac_class_24": 0.00055048987742815816, "frac_developed": 0.066105635493713288, "wind_power_index": 49.766114616405957, "wind_resource_pct": 0.17998163452708907, "wind_screening_pct": 0.17998163452708907, "resource_land_adj_oof": 51.058742523193359, "resource_opportunity_oof": -1.292627906787402 }, "geometry": { "type": "Point", "coordinates": [ -73.32, 42.84 ] } },
{ "type": "Feature", "properties": { "latitude": 42.03, "longitude": -76.29, "frac_class_11": 0.01523802830923476, "frac_class_21": 0.059681301498620845, "frac_class_22": 0.027477643669073595, "frac_class_23": 0.0067464291361408321, "frac_class_24": 0.0021082591050440099, "frac_developed": 0.096013633408879293, "wind_power_index": 61.911273412464958, "wind_resource_pct": 0.46464646464646464, "wind_screening_pct": 0.46464646464646464, "resource_land_adj_oof": 53.2220458984375, "resource_opportunity_oof": 8.6892275140274577 }, "geometry": { "type": "Point", "coordinates": [ -76.29, 42.03 ] } },
{ "type": "Feature", "properties": { "latitude": 41.94, "longitude": -73.86, "frac_class_11": 0.0069102834387444363, "frac_class_21": 0.097335441555399388, "frac_class_22": 0.041649098149449518, "frac_class_23": 0.011314125087842587, "frac_class_24": 0.0020203794799718905, "frac_developed": 0.15231904427266338, "wind_power_index": 32.272775496076967, "wind_resource_pct": 0.03489439853076217, "wind_screening_pct": 0.03489439853076217, "resource_land_adj_oof": 42.355426788330078, "resource_opportunity_oof": -10.082651292253111 }, "geometry": { "type": "Point", "coordinates": [ -73.86, 41.94 ] } },
{ "type": "Feature", "properties": { "latitude": 42.21, "longitude": -77.46, "frac_class_11": 0.0033787344677761251, "frac_class_21": 0.038998910841228758, "frac_class_22": 0.016735568646281049, "frac_class_23": 0.001147715694426552, "frac_class_24": 4.0989846229519716e-05, "frac_developed": 0.05692318502816588, "wind_power_index": 79.882601607418138, "wind_resource_pct": 0.80486685032139582, "wind_screening_pct": 0.80486685032139582, "resource_land_adj_oof": 73.844825744628906, "resource_opportunity_oof": 6.037775862789232 }, "geometry": { "type": "Point", "coordinates": [ -77.46, 42.21 ] } },
{ "type": "Feature", "properties": { "latitude": 43.74, "longitude": -76.2, "frac_class_11": 0.43638173885033238, "frac_class_21": 0.028598201997130222, "frac_class_22": 0.01740607338428651, "frac_class_23": 0.0027819262643122783, "frac_class_24": 0.0009604966470467657, "frac_developed": 0.049746698292775775, "wind_power_index": 89.896731493464884, "wind_resource_pct": 0.93250688705234164, "wind_screening_pct": 0.93250688705234164, "resource_land_adj_oof": 93.039573669433594, "resource_opportunity_oof": -3.1428421759687097 }, "geometry": { "type": "Point", "coordinates": [ -76.2, 43.74 ] } },
{ "type": "Feature", "properties": { "latitude": 41.4, "longitude": -74.58, "frac_class_11": 0.0089127290401541277, "frac_class_21": 0.099504002529762769, "frac_class_22": 0.041471712918772365, "frac_class_23": 0.0082568646166999472, "frac_class_24": 0.00092523731165857577, "frac_developed": 0.15015781737689365, "wind_power_index": 54.955902253432704, "wind_resource_pct": 0.27640036730945822, "wind_screening_pct": 0.27640036730945822, "resource_land_adj_oof": 50.343112945556641, "resource_opportunity_oof": 4.6127893078760636 }, "geometry": { "type": "Point", "coordinates": [ -74.58, 41.4 ] } },
{ "type": "Feature", "properties": { "latitude": 42.03, "longitude": -78.99, "frac_class_11": 0.092508227247707492, "frac_class_21": 0.02208181573307412, "frac_class_22": 0.0067691803201892558, "frac_class_23": 0.00043917692388771123, "frac_class_24": 1.1711384637005633e-05, "frac_developed": 0.029301884361788096, "wind_power_index": 67.965562990745028, "wind_resource_pct": 0.59963269054178148, "wind_screening_pct": 0.59963269054178148, "resource_land_adj_oof": 64.12750244140625, "resource_opportunity_oof": 3.8380605493387776 }, "geometry": { "type": "Point", "coordinates": [ -78.99, 42.03 ] } },
{ "type": "Feature", "properties": { "latitude": 42.21, "longitude": -78.27, "frac_class_11": 0.012233759084547047, "frac_class_21": 0.063247773151320297, "frac_class_22": 0.029779159858746639, "frac_class_23": 0.0036835971585352286, "frac_class_24": 0.0007378906867654035, "frac_developed": 0.097448420855367562, "wind_power_index": 75.914009077572828, "wind_resource_pct": 0.74747474747474751, "wind_screening_pct": 0.74747474747474751, "resource_land_adj_oof": 70.157188415527344, "resource_opportunity_oof": 5.7568206620454845 }, "geometry": { "type": "Point", "coordinates": [ -78.27, 42.21 ] } },
{ "type": "Feature", "properties": { "latitude": 42.48, "longitude": -78.18, "frac_class_11": 0.0039995315336417408, "frac_class_21": 0.058710546348890322, "frac_class_22": 0.017813433272823094, "frac_class_23": 0.0031797154066873575, "frac_class_24": 0.00040405223399894594, "frac_developed": 0.080107747262399734, "wind_power_index": 82.30235101557804, "wind_resource_pct": 0.83792470156106524, "wind_screening_pct": 0.83792470156106524, "resource_land_adj_oof": 81.323799133300781, "resource_opportunity_oof": 0.97855188227725876 }, "geometry": { "type": "Point", "coordinates": [ -78.18, 42.48 ] } },
{ "type": "Feature", "properties": { "latitude": 44.91, "longitude": -74.4, "frac_class_11": 0.0015342363075265418, "frac_class_21": 0.043198707025279767, "frac_class_22": 0.023212643981050426, "frac_class_23": 0.0047608172443476277, "frac_class_24": 0.00098964097699231124, "frac_developed": 0.072161809227670126, "wind_power_index": 52.11836422579011, "wind_resource_pct": 0.22130394857667585, "wind_screening_pct": 0.22130394857667585, "resource_land_adj_oof": 54.796207427978516, "resource_opportunity_oof": -2.6778432021884058 }, "geometry": { "type": "Point", "coordinates": [ -74.4, 44.91 ] } },
{ "type": "Feature", "properties": { "latitude": 43.11, "longitude": -77.28, "frac_class_11": 0.005651537335285505, "frac_class_21": 0.076966325036603223, "frac_class_22": 0.076368960468521235, "frac_class_23": 0.015144948755490483, "frac_class_24": 0.003484626647144949, "frac_developed": 0.17196486090775989, "wind_power_index": 59.361502841186997, "wind_resource_pct": 0.37832874196510557, "wind_screening_pct": 0.37832874196510557, "resource_land_adj_oof": 68.691818237304688, "resource_opportunity_oof": -9.3303153961176903 }, "geometry": { "type": "Point", "coordinates": [ -77.28, 43.11 ] } },
{ "type": "Feature", "properties": { "latitude": 43.56, "longitude": -75.39, "frac_class_11": 0.0060138312262477088, "frac_class_21": 0.051401568163585577, "frac_class_22": 0.030186270663395267, "frac_class_23": 0.0060138312262477088, "frac_class_24": 0.00062656274703846624, "frac_developed": 0.088228232800267023, "wind_power_index": 50.129876464665223, "wind_resource_pct": 0.18549127640036731, "wind_screening_pct": 0.18549127640036731, "resource_land_adj_oof": 83.823890686035156, "resource_opportunity_oof": -33.694014221369933 }, "geometry": { "type": "Point", "coordinates": [ -75.39, 43.56 ] } },
{ "type": "Feature", "properties": { "latitude": 42.75, "longitude": -74.85, "frac_class_11": 0.098149557884874394, "frac_class_21": 0.05203490074369034, "frac_class_22": 0.0075540200269368155, "frac_class_23": 0.00075540200269368161, "frac_class_24": 1.7567488434736782e-05, "frac_developed": 0.060361890261755577, "wind_power_index": 81.687691218497363, "wind_resource_pct": 0.82920110192837471, "wind_screening_pct": 0.82920110192837471, "resource_land_adj_oof": 70.06622314453125, "resource_opportunity_oof": 11.621468073966113 }, "geometry": { "type": "Point", "coordinates": [ -74.85, 42.75 ] } },
{ "type": "Feature", "properties": { "latitude": 43.29, "longitude": -78.54, "frac_class_11": 0.00071443629804876908, "frac_class_21": 0.032571267948747977, "frac_class_22": 0.040921974186596703, "frac_class_23": 0.0031388348832306575, "frac_class_24": 0.00054461127638143875, "frac_developed": 0.077176688294956775, "wind_power_index": 66.418396108902982, "wind_resource_pct": 0.56519742883379243, "wind_screening_pct": 0.56519742883379243, "resource_land_adj_oof": 86.733009338378906, "resource_opportunity_oof": -20.314613229475924 }, "geometry": { "type": "Point", "coordinates": [ -78.54, 43.29 ] } },
{ "type": "Feature", "properties": { "latitude": 44.01, "longitude": -75.57, "frac_class_11": 0.014223976389019019, "frac_class_21": 0.049517473999812614, "frac_class_22": 0.033161950716761923, "frac_class_23": 0.0108685468003373, "frac_class_24": 0.0026585777194790593, "frac_developed": 0.096206549236390895, "wind_power_index": 47.621440522459267, "wind_resource_pct": 0.1423324150596878, "wind_screening_pct": 0.1423324150596878, "resource_land_adj_oof": 49.645977020263672, "resource_opportunity_oof": -2.0245364978044051 }, "geometry": { "type": "Point", "coordinates": [ -75.57, 44.01 ] } },
{ "type": "Feature", "properties": { "latitude": 42.21, "longitude": -77.73, "frac_class_11": 0.0015986601705237516, "frac_class_21": 0.050518832568162655, "frac_class_22": 0.012853696242855804, "frac_class_23": 0.0011536119179237328, "frac_class_24": 1.7567694181579688e-05, "frac_developed": 0.064543708423123777, "wind_power_index": 83.421685695799624, "wind_resource_pct": 0.85353535353535348, "wind_screening_pct": 0.85353535353535348, "resource_land_adj_oof": 67.97906494140625, "resource_opportunity_oof": 15.442620754393374 }, "geometry": { "type": "Point", "coordinates": [ -77.73, 42.21 ] } },
{ "type": "Feature", "properties": { "latitude": 42.48, "longitude": -76.2, "frac_class_11": 0.0040171460695212222, "frac_class_21": 0.049277382179331024, "frac_class_22": 0.015717230394453292, "frac_class_23": 0.0023716387145132577, "frac_class_24": 0.00045676004872107184, "frac_developed": 0.067823011337018652, "wind_power_index": 75.480467721446132, "wind_resource_pct": 0.73737373737373735, "wind_screening_pct": 0.73737373737373735, "resource_land_adj_oof": 70.385429382324219, "resource_opportunity_oof": 5.0950383391219134 }, "geometry": { "type": "Point", "coordinates": [ -76.2, 42.48 ] } },
{ "type": "Feature", "properties": { "latitude": 42.84, "longitude": -76.83, "frac_class_11": 0.0017450474032172116, "frac_class_21": 0.035802751084798766, "frac_class_22": 0.056450526734946035, "frac_class_23": 0.0066522612417944712, "frac_class_24": 0.00064414501461038012, "frac_developed": 0.099549684076149642, "wind_power_index": 64.85155816948874, "wind_resource_pct": 0.532139577594123, "wind_screening_pct": 0.532139577594123, "resource_land_adj_oof": 78.807472229003906, "resource_opportunity_oof": -13.955914059515166 }, "geometry": { "type": "Point", "coordinates": [ -76.83, 42.84 ] } },
{ "type": "Feature", "properties": { "latitude": 42.75, "longitude": -74.58, "frac_class_11": 0.0035660957400087834, "frac_class_21": 0.052835602400819789, "frac_class_22": 0.019546186502708243, "frac_class_23": 0.0038881569316351924, "frac_class_24": 0.0019148001756697408, "frac_developed": 0.078184746010832959, "wind_power_index": 75.506770045328608, "wind_resource_pct": 0.73921028466483008, "wind_screening_pct": 0.73921028466483008, "resource_land_adj_oof": 71.865928649902344, "resource_opportunity_oof": 3.6408413954262642 }, "geometry": { "type": "Point", "coordinates": [ -74.58, 42.75 ] } },
{ "type": "Feature", "properties": { "latitude": 43.83, "longitude": -75.39, "frac_class_11": 0.0064537665516857679, "frac_class_21": 0.042494128946489962, "frac_class_22": 0.024854614560212703, "frac_class_23": 0.0036309757368830999, "frac_class_24": 0.00040409246104021598, "frac_developed": 0.071383811704625988, "wind_power_index": 48.132598156573188, "wind_resource_pct": 0.15656565656565657, "wind_screening_pct": 0.15656565656565657, "resource_land_adj_oof": 50.6844482421875, "resource_opportunity_oof": -2.551850085614312 }, "geometry": { "type": "Point", "coordinates": [ -75.39, 43.83 ] } },
{ "type": "Feature", "properties": { "latitude": 43.29, "longitude": -76.38, "frac_class_11": 0.043966597566260264, "frac_class_21": 0.089338627127179882, "frac_class_22": 0.063496246325380937, "frac_class_23": 0.025245072204068724, "frac_class_24": 0.0097853202628157832, "frac_developed": 0.1878652659194453, "wind_power_index": 56.179535431658707, "wind_resource_pct": 0.30532598714416898, "wind_screening_pct": 0.30532598714416898, "resource_land_adj_oof": 65.613044738769531, "resource_opportunity_oof": -9.4335093071108247 }, "geometry": { "type": "Point", "coordinates": [ -76.38, 43.29 ] } },
{ "type": "Feature", "properties": { "latitude": 43.11, "longitude": -74.94, "frac_class_11": 0.0053057232708085666, "frac_class_21": 0.05431631714873008, "frac_class_22": 0.013767941953279184, "frac_class_23": 0.0020496723452350972, "frac_class_24": 0.00011126792731276243, "frac_developed": 0.07024519937455713, "wind_power_index": 52.887687869064877, "wind_resource_pct": 0.23829201101928374, "wind_screening_pct": 0.23829201101928374, "resource_land_adj_oof": 65.89013671875, "resource_opportunity_oof": -13.002448849685123 }, "geometry": { "type": "Point", "coordinates": [ -74.94, 43.11 ] } },
{ "type": "Feature", "properties": { "latitude": 43.02, "longitude": -74.58, "frac_class_11": 0.0044035579811560512, "frac_class_21": 0.047133295465857789, "frac_class_22": 0.014709757511521277, "frac_class_23": 0.0011477358567906729, "frac_class_24": 4.0990566313952607e-05, "frac_developed": 0.063031779400483698, "wind_power_index": 56.967336609641876, "wind_resource_pct": 0.32690541781450871, "wind_screening_pct": 0.32690541781450871, "resource_land_adj_oof": 58.611183166503906, "resource_opportunity_oof": -1.6438465568620302 }, "geometry": { "type": "Point", "coordinates": [ -74.58, 43.02 ] } },
{ "type": "Feature", "properties": { "latitude": 42.3, "longitude": -74.31, "frac_class_11": 0.0020145587003753871, "frac_class_21": 0.07320344114736145, "frac_class_22": 0.016052050574793419, "frac_class_23": 0.0040291174007507742, "frac_class_24": 0.00027524493871407908, "frac_developed": 0.093559854061619721, "wind_power_index": 67.877362862970486, "wind_resource_pct": 0.59595959595959591, "wind_screening_pct": 0.59595959595959591, "resource_land_adj_oof": 59.617622375488281, "resource_opportunity_oof": 8.2597404874822047 }, "geometry": { "type": "Point", "coordinates": [ -74.31, 42.3 ] } },
{ "type": "Feature", "properties": { "latitude": 43.2, "longitude": -75.12, "frac_class_11": 0.0062187088274044799, "frac_class_21": 0.062228077880251795, "frac_class_22": 0.024306836480749525, "frac_class_23": 0.00567413263065437, "frac_class_24": 0.00021080368906455863, "frac_developed": 0.092419850680720256, "wind_power_index": 50.90816193677253, "wind_resource_pct": 0.20431588613406795, "wind_screening_pct": 0.20431588613406795, "resource_land_adj_oof": 57.265079498291016, "resource_opportunity_oof": -6.3569175615184861 }, "geometry": { "type": "Point", "coordinates": [ -75.12, 43.2 ] } },
{ "type": "Feature", "properties": { "latitude": 43.02, "longitude": -77.82, "frac_class_11": 0.0035661583866207574, "frac_class_21": 0.066609280209870475, "frac_class_22": 0.064179139437378491, "frac_class_23": 0.012595741690675287, "frac_class_24": 0.0019382568570960111, "frac_developed": 0.14532241819502026, "wind_power_index": 77.549321297288373, "wind_resource_pct": 0.78328741965105597, "wind_screening_pct": 0.78328741965105597, "resource_land_adj_oof": 76.002922058105469, "resource_opportunity_oof": 1.5463992391829038 }, "geometry": { "type": "Point", "coordinates": [ -77.82, 43.02 ] } },
{ "type": "Feature", "properties": { "latitude": 42.93, "longitude": -77.55, "frac_class_11": 0.0017684294355665123, "frac_class_21": 0.060975681167397655, "frac_class_22": 0.058486997359067303, "frac_class_23": 0.010200675750850544, "frac_class_24": 0.001973379866840777, "frac_developed": 0.13163673414415628, "wind_power_index": 84.815563453126117, "wind_resource_pct": 0.87190082644628097, "wind_screening_pct": 0.87190082644628097, "resource_land_adj_oof": 89.071945190429688, "resource_opportunity_oof": -4.2563817373035704 }, "geometry": { "type": "Point", "coordinates": [ -77.55, 42.93 ] } },
{ "type": "Feature", "properties": { "latitude": 44.19, "longitude": -73.5, "frac_class_11": 0.02942606007015407, "frac_class_21": 0.034924780548935101, "frac_class_22": 0.020835407309374762, "frac_class_23": 0.0050712374170653581, "frac_class_24": 8.7838985284041998e-05, "frac_developed": 0.060919264260659266, "wind_power_index": 24.618125977782672, "wind_resource_pct": 0.0064279155188246093, "wind_screening_pct": 0.0064279155188246093, "resource_land_adj_oof": 37.276576995849609, "resource_opportunity_oof": -12.658451018066938 }, "geometry": { "type": "Point", "coordinates": [ -73.5, 44.19 ] } },
{ "type": "Feature", "properties": { "latitude": 43.02, "longitude": -78.0, "frac_class_11": 0.0021842243953856064, "frac_class_21": 0.051197517128301222, "frac_class_22": 0.074480295133805705, "frac_class_23": 0.013374714528312936, "frac_class_24": 0.0034607952216431457, "frac_developed": 0.14251332201206299, "wind_power_index": 88.762439523996107, "wind_resource_pct": 0.92653810835629014, "wind_screening_pct": 0.92653810835629014, "resource_land_adj_oof": 87.196296691894531, "resource_opportunity_oof": 1.5661428321015762 }, "geometry": { "type": "Point", "coordinates": [ -78.0, 43.02 ] } },
{ "type": "Feature", "properties": { "latitude": 42.57, "longitude": -75.3, "frac_class_11": 0.0043977794434554487, "frac_class_21": 0.058957181673381431, "frac_class_22": 0.017274899278553357, "frac_class_23": 0.0035662419188606763, "frac_class_24": 0.00055631031575002342, "frac_developed": 0.080354633186545496, "wind_power_index": 60.623795796822861, "wind_resource_pct": 0.41873278236914602, "wind_screening_pct": 0.41873278236914602, "resource_land_adj_oof": 66.878219604492188, "resource_opportunity_oof": -6.2544238076693262 }, "geometry": { "type": "Point", "coordinates": [ -75.3, 42.57 ] } },
{ "type": "Feature", "properties": { "latitude": 41.4, "longitude": -73.95, "frac_class_11": 0.087330311442191694, "frac_class_21": 0.079523759326282251, "frac_class_22": 0.035249540274312756, "frac_class_23": 0.018834112231631471, "frac_class_24": 0.0037949330615973855, "frac_developed": 0.13740234489382389, "wind_power_index": 50.063943666703317, "wind_resource_pct": 0.18273645546372819, "wind_screening_pct": 0.18273645546372819, "resource_land_adj_oof": 42.191818237304688, "resource_opportunity_oof": 7.8721254293986291 }, "geometry": { "type": "Point", "coordinates": [ -73.95, 41.4 ] } },
{ "type": "Feature", "properties": { "latitude": 42.39, "longitude": -78.0, "frac_class_11": 0.0013702079319814729, "frac_class_21": 0.048941016647440813, "frac_class_22": 0.0069622958595126974, "frac_class_23": 0.00045673597732715762, "frac_class_24": 0.0, "frac_developed": 0.056360048484280667, "wind_power_index": 71.103100019932526, "wind_resource_pct": 0.67217630853994492, "wind_screening_pct": 0.67217630853994492, "resource_land_adj_oof": 80.381553649902344, "resource_opportunity_oof": -9.2784536299698175 }, "geometry": { "type": "Point", "coordinates": [ -78.0, 42.39 ] } },
{ "type": "Feature", "properties": { "latitude": 42.12, "longitude": -73.5, "frac_class_11": 0.0054986882788344424, "frac_class_21": 0.04818818514007308, "frac_class_22": 0.01594561041881383, "frac_class_23": 0.0033788531809238265, "frac_class_24": 0.0003279302913894875, "frac_developed": 0.067840579031200221, "wind_power_index": 44.613529966595664, "wind_resource_pct": 0.09366391184573003, "wind_screening_pct": 0.09366391184573003, "resource_land_adj_oof": 62.310672760009766, "resource_opportunity_oof": -17.697142793414102 }, "geometry": { "type": "Point", "coordinates": [ -73.5, 42.12 ] } },
{ "type": "Feature", "properties": { "latitude": 42.03, "longitude": -74.13, "frac_class_11": 0.090935706757231533, "frac_class_21": 0.088698910879494081, "frac_class_22": 0.02213373931373697, "frac_class_23": 0.0057793652652535429, "frac_class_24": 0.0009544443143225202, "frac_developed": 0.11756645977280712, "wind_power_index": 27.241609970228676, "wind_resource_pct": 0.011937557392102846, "wind_screening_pct": 0.011937557392102846, "resource_land_adj_oof": 43.205249786376953, "resource_opportunity_oof": -15.963639816148277 }, "geometry": { "type": "Point", "coordinates": [ -74.13, 42.03 ] } },
{ "type": "Feature", "properties": { "latitude": 42.3, "longitude": -75.84, "frac_class_11": 0.010177610428244332, "frac_class_21": 0.060029162543114301, "frac_class_22": 0.025092670129474665, "frac_class_23": 0.0044973560465429501, "frac_class_24": 0.00093109324401084519, "frac_developed": 0.090550281963142756, "wind_power_index": 50.832351339616807, "wind_resource_pct": 0.2024793388429752, "wind_screening_pct": 0.2024793388429752, "resource_land_adj_oof": 57.332344055175781, "resource_opportunity_oof": -6.4999927155589745 }, "geometry": { "type": "Point", "coordinates": [ -75.84, 42.3 ] } },
{ "type": "Feature", "properties": { "latitude": 43.02, "longitude": -75.39, "frac_class_11": 0.00036892157781317342, "frac_class_21": 0.073263140635247817, "frac_class_22": 0.04988053967956526, "frac_class_23": 0.008988803522908274, "frac_class_24": 0.0012180267965895249, "frac_developed": 0.13335051063431086, "wind_power_index": 70.113156517416158, "wind_resource_pct": 0.64830119375573925, "wind_screening_pct": 0.64830119375573925, "resource_land_adj_oof": 61.904487609863281, "resource_opportunity_oof": 8.2086689075528767 }, "geometry": { "type": "Point", "coordinates": [ -75.39, 43.02 ] } },
{ "type": "Feature", "properties": { "latitude": 43.2, "longitude": -75.3, "frac_class_11": 0.0079112719521693044, "frac_class_21": 0.079604612078304604, "frac_class_22": 0.056825302016173897, "frac_class_23": 0.016203175049335654, "frac_class_24": 0.0059144224068771265, "frac_developed": 0.15854751155069127, "wind_power_index": 47.143506631555582, "wind_resource_pct": 0.13498622589531681, "wind_screening_pct": 0.13498622589531681, "resource_land_adj_oof": 50.82745361328125, "resource_opportunity_oof": -3.6839469817256685 }, "geometry": { "type": "Point", "coordinates": [ -75.3, 43.2 ] } },
{ "type": "Feature", "properties": { "latitude": 42.21, "longitude": -76.38, "frac_class_11": 0.0024418808924284124, "frac_class_21": 0.051466885284300525, "frac_class_22": 0.016138666042044857, "frac_class_23": 0.0028810681032968321, "frac_class_24": 0.00022252152017333254, "frac_developed": 0.070709140949815549, "wind_power_index": 50.590666921641912, "wind_resource_pct": 0.19421487603305784, "wind_screening_pct": 0.19421487603305784, "resource_land_adj_oof": 59.256500244140625, "resource_opportunity_oof": -8.6658333224987132 }, "geometry": { "type": "Point", "coordinates": [ -76.38, 42.21 ] } },
{ "type": "Feature", "properties": { "latitude": 44.82, "longitude": -74.04, "frac_class_11": 0.019428845804762937, "frac_class_21": 0.028370330899359985, "frac_class_22": 0.010698161930470731, "frac_class_23": 0.00052114746130919268, "frac_class_24": 1.7566768358736832e-05, "frac_developed": 0.039607207059498641, "wind_power_index": 77.482236344477229, "wind_resource_pct": 0.78191000918273645, "wind_screening_pct": 0.78191000918273645, "resource_land_adj_oof": 64.513427734375, "resource_opportunity_oof": 12.968808610102229 }, "geometry": { "type": "Point", "coordinates": [ -74.04, 44.82 ] } },
{ "type": "Feature", "properties": { "latitude": 42.39, "longitude": -79.17, "frac_class_11": 0.0010950080515297906, "frac_class_21": 0.04719074806031328, "frac_class_22": 0.011231152100717318, "frac_class_23": 0.001048162787293222, "frac_class_24": 4.6845264236568582e-05, "frac_developed": 0.059516908212560386, "wind_power_index": 100.3919953631146, "wind_resource_pct": 0.9742883379247016, "wind_screening_pct": 0.9742883379247016, "resource_land_adj_oof": 99.747245788574219, "resource_opportunity_oof": 0.64474957454038417 }, "geometry": { "type": "Point", "coordinates": [ -79.17, 42.39 ] } },
{ "type": "Feature", "properties": { "latitude": 42.48, "longitude": -75.3, "frac_class_11": 0.00030452096509721245, "frac_class_21": 0.06286015460295151, "frac_class_22": 0.0062016865776528462, "frac_class_23": 0.00078472710236589369, "frac_class_24": 2.9280862028578121e-05, "frac_developed": 0.069875849144998822, "wind_power_index": 52.847657463737505, "wind_resource_pct": 0.23232323232323232, "wind_screening_pct": 0.23232323232323232, "resource_land_adj_oof": 64.299369812011719, "resource_opportunity_oof": -11.451712348274214 }, "geometry": { "type": "Point", "coordinates": [ -75.3, 42.48 ] } },
{ "type": "Feature", "properties": { "latitude": 42.48, "longitude": -73.59, "frac_class_11": 0.015038122342855136, "frac_class_21": 0.08305517491772367, "frac_class_22": 0.03010552451893234, "frac_class_23": 0.0063302999426115272, "frac_class_24": 0.0011360575290163147, "frac_developed": 0.12062705690828385, "wind_power_index": 50.282169717685775, "wind_resource_pct": 0.18640955004591367, "wind_screening_pct": 0.18640955004591367, "resource_land_adj_oof": 44.899040222167969, "resource_opportunity_oof": 5.3831294955178066 }, "geometry": { "type": "Point", "coordinates": [ -73.59, 42.48 ] } },
{ "type": "Feature", "properties": { "latitude": 42.84, "longitude": -78.0, "frac_class_11": 0.0040230255260091238, "frac_class_21": 0.043872645183202844, "frac_class_22": 0.038900958616126066, "frac_class_23": 0.0063244069404510238, "frac_class_24": 0.00084911019107907263, "frac_developed": 0.089947120930859006, "wind_power_index": 84.955930790797339, "wind_resource_pct": 0.87419651056014691, "wind_screening_pct": 0.87419651056014691, "resource_land_adj_oof": 98.994003295898438, "resource_opportunity_oof": -14.038072505101098 }, "geometry": { "type": "Point", "coordinates": [ -78.0, 42.84 ] } },
{ "type": "Feature", "properties": { "latitude": 42.75, "longitude": -75.3, "frac_class_11": 0.0035426938526942038, "frac_class_21": 0.05158279363369131, "frac_class_22": 0.0091524470938199026, "frac_class_23": 0.00089006523241242817, "frac_class_24": 4.0989846229519716e-05, "frac_developed": 0.061666295806153161, "wind_power_index": 63.971680184246708, "wind_resource_pct": 0.51101928374655647, "wind_screening_pct": 0.51101928374655647, "resource_land_adj_oof": 69.41729736328125, "resource_opportunity_oof": -5.4456171790345422 }, "geometry": { "type": "Point", "coordinates": [ -75.3, 42.75 ] } },
{ "type": "Feature", "properties": { "latitude": 42.12, "longitude": -77.37, "frac_class_11": 0.003595458245252414, "frac_class_21": 0.048240040756334507, "frac_class_22": 0.024729023077688834, "frac_class_23": 0.0016923248092474718, "frac_class_24": 7.6125337440197685e-05, "frac_developed": 0.074737513980711004, "wind_power_index": 67.217122827771718, "wind_resource_pct": 0.59044995408631773, "wind_screening_pct": 0.59044995408631773, "resource_land_adj_oof": 62.598876953125, "resource_opportunity_oof": 4.6182458746467177 }, "geometry": { "type": "Point", "coordinates": [ -77.37, 42.12 ] } },
{ "type": "Feature", "properties": { "latitude": 42.21, "longitude": -79.44, "frac_class_11": 0.18800651145360003, "frac_class_21": 0.085064646086101092, "frac_class_22": 0.037054387033306789, "frac_class_23": 0.0073253853000421606, "frac_class_24": 0.00066754110647866205, "frac_developed": 0.13011195952592869, "wind_power_index": 85.136189093451435, "wind_resource_pct": 0.88567493112947659, "wind_screening_pct": 0.88567493112947659, "resource_land_adj_oof": 101.96083068847656, "resource_opportunity_oof": -16.824641595025128 }, "geometry": { "type": "Point", "coordinates": [ -79.44, 42.21 ] } },
{ "type": "Feature", "properties": { "latitude": 42.48, "longitude": -76.29, "frac_class_11": 0.0038824376789698364, "frac_class_21": 0.064994231974187355, "frac_class_22": 0.03005814872722801, "frac_class_23": 0.0070328923867915135, "frac_class_24": 0.0012648665741440191, "frac_developed": 0.10335013966235089, "wind_power_index": 60.451971624646688, "wind_resource_pct": 0.41092745638200184, "wind_screening_pct": 0.41092745638200184, "resource_land_adj_oof": 61.6204833984375, "resource_opportunity_oof": -1.1685117737908115 }, "geometry": { "type": "Point", "coordinates": [ -76.29, 42.48 ] } },
{ "type": "Feature", "properties": { "latitude": 43.56, "longitude": -73.68, "frac_class_11": 0.23563410220824624, "frac_class_21": 0.043848707903659329, "frac_class_22": 0.028219407503703834, "frac_class_23": 0.0066054143316409885, "frac_class_24": 0.00033378423484356061, "frac_developed": 0.079007313973847706, "wind_power_index": 29.756484400163334, "wind_resource_pct": 0.02157943067033976, "wind_screening_pct": 0.02157943067033976, "resource_land_adj_oof": 43.320011138916016, "resource_opportunity_oof": -13.563526738752682 }, "geometry": { "type": "Point", "coordinates": [ -73.68, 43.56 ] } },
{ "type": "Feature", "properties": { "latitude": 42.39, "longitude": -75.12, "frac_class_11": 0.0050072326694113722, "frac_class_21": 0.05727571404309148, "frac_class_22": 0.027454861700819313, "frac_class_23": 0.010055460226174651, "frac_class_24": 0.0016456519065550824, "frac_developed": 0.096431687876640526, "wind_power_index": 70.881451214877544, "wind_resource_pct": 0.66574839302112032, "wind_screening_pct": 0.66574839302112032, "resource_land_adj_oof": 64.131927490234375, "resource_opportunity_oof": 6.7495237246431685 }, "geometry": { "type": "Point", "coordinates": [ -75.12, 42.39 ] } },
{ "type": "Feature", "properties": { "latitude": 44.46, "longitude": -75.39, "frac_class_11": 0.010236109809800432, "frac_class_21": 0.036054764358662048, "frac_class_22": 0.013240185514850558, "frac_class_23": 0.0015459570879790125, "frac_class_24": 3.5135388363159375e-05, "frac_developed": 0.05087604234985478, "wind_power_index": 47.732515854015944, "wind_resource_pct": 0.14646464646464646, "wind_screening_pct": 0.14646464646464646, "resource_land_adj_oof": 48.616668701171875, "resource_opportunity_oof": -0.88415284715593145 }, "geometry": { "type": "Point", "coordinates": [ -75.39, 44.46 ] } },
{ "type": "Feature", "properties": { "latitude": 42.12, "longitude": -78.81, "frac_class_11": 0.019793399077088849, "frac_class_21": 0.027839591482982363, "frac_class_22": 0.016168513269775833, "frac_class_23": 0.0058443231594481277, "frac_class_24": 0.00060317162868051813, "frac_developed": 0.050455599540886839, "wind_power_index": 63.847550455094414, "wind_resource_pct": 0.50780532598714412, "wind_screening_pct": 0.50780532598714412, "resource_land_adj_oof": 68.700302124023438, "resource_opportunity_oof": -4.8527516689290238 }, "geometry": { "type": "Point", "coordinates": [ -78.81, 42.12 ] } },
{ "type": "Feature", "properties": { "latitude": 43.29, "longitude": -78.9, "frac_class_11": 0.40384964484186242, "frac_class_21": 0.027352739665864413, "frac_class_22": 0.039175728615849482, "frac_class_23": 0.0050946014791911883, "frac_class_24": 0.00098378511322312601, "frac_developed": 0.072606854874128213, "wind_power_index": 118.09337794637914, "wind_resource_pct": 0.99035812672176304, "wind_screening_pct": 0.99035812672176304, "resource_land_adj_oof": 103.75553131103516, "resource_opportunity_oof": 14.337846635343979 }, "geometry": { "type": "Point", "coordinates": [ -78.9, 43.29 ] } },
{ "type": "Feature", "properties": { "latitude": 42.66, "longitude": -75.03, "frac_class_11": 0.0062542090006734398, "frac_class_21": 0.065616490498638477, "frac_class_22": 0.01208092993294879, "frac_class_23": 0.0028401604544256729, "frac_class_24": 0.00046848007495681198, "frac_developed": 0.081006060960969753, "wind_power_index": 57.370682011427107, "wind_resource_pct": 0.33792470156106519, "wind_screening_pct": 0.33792470156106519, "resource_land_adj_oof": 72.158126831054688, "resource_opportunity_oof": -14.787444819627581 }, "geometry": { "type": "Point", "coordinates": [ -75.03, 42.66 ] } },
{ "type": "Feature", "properties": { "latitude": 42.57, "longitude": -75.66, "frac_class_11": 0.0052760714641244709, "frac_class_21": 0.04150002049528316, "frac_class_22": 0.011377810049715701, "frac_class_23": 0.00076710916958968439, "frac_class_24": 0.0, "frac_developed": 0.053644939714588544, "wind_power_index": 68.27471052113728, "wind_resource_pct": 0.60376492194674014, "wind_screening_pct": 0.60376492194674014, "resource_land_adj_oof": 70.984664916992188, "resource_opportunity_oof": -2.7099543958549077 }, "geometry": { "type": "Point", "coordinates": [ -75.66, 42.57 ] } },
{ "type": "Feature", "properties": { "latitude": 43.29, "longitude": -75.21, "frac_class_11": 0.0051360737439459332, "frac_class_21": 0.065673809537753369, "frac_class_22": 0.025586666120068168, "frac_class_23": 0.0073322284235123247, "frac_class_24": 0.00073790797233430747, "frac_developed": 0.099330612053668166, "wind_power_index": 46.903890226306103, "wind_resource_pct": 0.12947658402203857, "wind_screening_pct": 0.12947658402203857, "resource_land_adj_oof": 60.117923736572266, "resource_opportunity_oof": -13.214033510266162 }, "geometry": { "type": "Point", "coordinates": [ -75.21, 43.29 ] } },
{ "type": "Feature", "properties": { "latitude": 42.03, "longitude": -76.74, "frac_class_11": 0.011167066815014347, "frac_class_21": 0.060098377935234523, "frac_class_22": 0.045663758271359135, "frac_class_23": 0.018926040873689758, "frac_class_24": 0.0022837734965157814, "frac_developed": 0.12697195057679922, "wind_power_index": 50.429044673700112, "wind_resource_pct": 0.19191919191919191, "wind_screening_pct": 0.19191919191919191, "resource_land_adj_oof": 51.426631927490234, "resource_opportunity_oof": -0.99758725379012247 }, "geometry": { "type": "Point", "coordinates": [ -76.74, 42.03 ] } },
{ "type": "Feature", "properties": { "latitude": 44.73, "longitude": -74.67, "frac_class_11": 0.0039118086258893804, "frac_class_21": 0.041642022662723627, "frac_class_22": 0.016970690715310516, "frac_class_23": 0.0027347524375603898, "frac_class_24": 0.00067344010775041729, "frac_developed": 0.06202090592334495, "wind_power_index": 56.174500971445937, "wind_resource_pct": 0.30348943985307619, "wind_screening_pct": 0.30348943985307619, "resource_land_adj_oof": 55.569412231445312, "resource_opportunity_oof": 0.60508874000062463 }, "geometry": { "type": "Point", "coordinates": [ -74.67, 44.73 ] } },
{ "type": "Feature", "properties": { "latitude": 44.19, "longitude": -75.84, "frac_class_11": 0.010634186332493998, "frac_class_21": 0.039450723194940564, "frac_class_22": 0.02693681559992973, "frac_class_23": 0.0029103472506880599, "frac_class_24": 0.00024594483808631492, "frac_developed": 0.069543830883644672, "wind_power_index": 44.040356055439268, "wind_resource_pct": 0.087695133149678597, "wind_screening_pct": 0.087695133149678597, "resource_land_adj_oof": 64.638046264648438, "resource_opportunity_oof": -20.597690209209169 }, "geometry": { "type": "Point", "coordinates": [ -75.84, 44.19 ] } },
{ "type": "Feature", "properties": { "latitude": 42.39, "longitude": -78.99, "frac_class_11": 0.011401834131715487, "frac_class_21": 0.037865567280776752, "frac_class_22": 0.019096754547264613, "frac_class_23": 0.0025591173680327003, "frac_class_24": 0.00019325142596127943, "frac_developed": 0.059714690622035348, "wind_power_index": 83.47718246494945, "wind_resource_pct": 0.85674931129476584, "wind_screening_pct": 0.85674931129476584, "resource_land_adj_oof": 75.621383666992188, "resource_opportunity_oof": 7.855798797957263 }, "geometry": { "type": "Point", "coordinates": [ -78.99, 42.39 ] } },
{ "type": "Feature", "properties": { "latitude": 43.02, "longitude": -77.1, "frac_class_11": 0.0083326013760796364, "frac_class_21": 0.073962816571512227, "frac_class_22": 0.086587615283267458, "frac_class_23": 0.020465524813350899, "frac_class_24": 0.0056272873664178014, "frac_developed": 0.18664324403454838, "wind_power_index": 68.865889222657032, "wind_resource_pct": 0.6262626262626263, "wind_screening_pct": 0.6262626262626263, "resource_land_adj_oof": 69.964187622070312, "resource_opportunity_oof": -1.0982983994132809 }, "geometry": { "type": "Point", "coordinates": [ -77.1, 43.02 ] } },
{ "type": "Feature", "properties": { "latitude": 44.46, "longitude": -75.66, "frac_class_11": 0.14028142951672123, "frac_class_21": 0.024266415257859941, "frac_class_22": 0.017221893647047799, "frac_class_23": 0.0014229582306129261, "frac_class_24": 8.7836927815612727e-05, "frac_developed": 0.042999104063336277, "wind_power_index": 49.845854660963028, "wind_resource_pct": 0.18089990817263543, "wind_screening_pct": 0.18089990817263543, "resource_land_adj_oof": 67.179649353027344, "resource_opportunity_oof": -17.333794692064316 }, "geometry": { "type": "Point", "coordinates": [ -75.66, 44.46 ] } },
{ "type": "Feature", "properties": { "latitude": 42.12, "longitude": -75.3, "frac_class_11": 0.096981231516997043, "frac_class_21": 0.027616900418704068, "frac_class_22": 0.0038591046174567389, "frac_class_23": 0.00028694404591104734, "frac_class_24": 0.0, "frac_developed": 0.031762949082071855, "wind_power_index": 68.39988422875598, "wind_resource_pct": 0.61065197428833795, "wind_screening_pct": 0.61065197428833795, "resource_land_adj_oof": 65.850013732910156, "resource_opportunity_oof": 2.5498704958458234 }, "geometry": { "type": "Point", "coordinates": [ -75.3, 42.12 ] } },
{ "type": "Feature", "properties": { "latitude": 42.39, "longitude": -75.57, "frac_class_11": 0.0086313410199504604, "frac_class_21": 0.061297746130828647, "frac_class_22": 0.021279710492876507, "frac_class_23": 0.0038296452015248311, "frac_class_24": 0.00031620923682315123, "frac_developed": 0.086723311062053138, "wind_power_index": 52.324339219508971, "wind_resource_pct": 0.22222222222222221, "wind_screening_pct": 0.22222222222222221, "resource_land_adj_oof": 62.336330413818359, "resource_opportunity_oof": -10.011991194309388 }, "geometry": { "type": "Point", "coordinates": [ -75.57, 42.39 ] } },
{ "type": "Feature", "properties": { "latitude": 43.29, "longitude": -75.75, "frac_class_11": 0.0022251761109777306, "frac_class_21": 0.051512826969134465, "frac_class_22": 0.025952580325929744, "frac_class_23": 0.006066532765718234, "frac_class_24": 0.0017157278960959871, "frac_developed": 0.085247667956878437, "wind_power_index": 51.959738624499217, "wind_resource_pct": 0.21946740128558309, "wind_screening_pct": 0.21946740128558309, "resource_land_adj_oof": 55.182659149169922, "resource_opportunity_oof": -3.2229205246707053 }, "geometry": { "type": "Point", "coordinates": [ -75.75, 43.29 ] } },
{ "type": "Feature", "properties": { "latitude": 43.92, "longitude": -75.84, "frac_class_11": 0.0036012929520061838, "frac_class_21": 0.055928372332700912, "frac_class_22": 0.028336026983346217, "frac_class_23": 0.011090811139999532, "frac_class_24": 0.0019968144660717215, "frac_developed": 0.097352024922118377, "wind_power_index": 85.791749271149001, "wind_resource_pct": 0.89439853076216713, "wind_screening_pct": 0.89439853076216713, "resource_land_adj_oof": 75.918983459472656, "resource_opportunity_oof": 9.872765811676345 }, "geometry": { "type": "Point", "coordinates": [ -75.84, 43.92 ] } },
{ "type": "Feature", "properties": { "latitude": 43.02, "longitude": -78.54, "frac_class_11": 0.0023013140327454149, "frac_class_21": 0.067282692713091133, "frac_class_22": 0.084469350947462107, "frac_class_23": 0.018539339001709881, "frac_class_24": 0.0047431663270325348, "frac_developed": 0.17503454898929563, "wind_power_index": 83.490503374666048, "wind_resource_pct": 0.85766758494031226, "wind_screening_pct": 0.85766758494031226, "resource_land_adj_oof": 85.501014709472656, "resource_opportunity_oof": -2.0105113348066084 }, "geometry": { "type": "Point", "coordinates": [ -78.54, 43.02 ] } },
{ "type": "Feature", "properties": { "latitude": 42.57, "longitude": -78.18, "frac_class_11": 0.0018035743564518774, "frac_class_21": 0.040568711498372101, "frac_class_22": 0.02029021151008362, "frac_class_23": 0.0018504204436324456, "frac_class_24": 0.00022837467500527018, "frac_developed": 0.062937718127093423, "wind_power_index": 94.266066701700709, "wind_resource_pct": 0.95316804407713496, "wind_screening_pct": 0.95316804407713496, "resource_land_adj_oof": 81.635215759277344, "resource_opportunity_oof": 12.630850942423365 }, "geometry": { "type": "Point", "coordinates": [ -78.18, 42.57 ] } },
{ "type": "Feature", "properties": { "latitude": 44.46, "longitude": -75.75, "frac_class_11": 0.23098030114807586, "frac_class_21": 0.0249341323904823, "frac_class_22": 0.024729362619960959, "frac_class_23": 0.0029759873315768639, "frac_class_24": 0.00010238488526067191, "frac_developed": 0.052741867227280796, "wind_power_index": 51.269860338727192, "wind_resource_pct": 0.21028466483011937, "wind_screening_pct": 0.21028466483011937, "resource_land_adj_oof": 99.593315124511719, "resource_opportunity_oof": -48.323454785784527 }, "geometry": { "type": "Point", "coordinates": [ -75.75, 44.46 ] } },
{ "type": "Feature", "properties": { "latitude": 44.73, "longitude": -74.76, "frac_class_11": 0.0066696335507747083, "frac_class_21": 0.040591659151861526, "frac_class_22": 0.01499057233536721, "frac_class_23": 0.0011008701558785296, "frac_class_24": 6.4412615503530989e-05, "frac_developed": 0.056747514258610798, "wind_power_index": 56.174500971445937, "wind_resource_pct": 0.30348943985307619, "wind_screening_pct": 0.30348943985307619, "resource_land_adj_oof": 52.649410247802734, "resource_opportunity_oof": 3.5250907236432028 }, "geometry": { "type": "Point", "coordinates": [ -74.76, 44.73 ] } },
{ "type": "Feature", "properties": { "latitude": 42.66, "longitude": -77.19, "frac_class_11": 0.0025591473412977278, "frac_class_21": 0.054368704614663858, "frac_class_22": 0.020367767627078943, "frac_class_23": 0.0012356523776059967, "frac_class_24": 0.00011712344811431249, "frac_developed": 0.076089248067463103, "wind_power_index": 70.951488270733464, "wind_resource_pct": 0.66896235078053257, "wind_screening_pct": 0.66896235078053257, "resource_land_adj_oof": 64.798683166503906, "resource_opportunity_oof": 6.1528051042295573 }, "geometry": { "type": "Point", "coordinates": [ -77.19, 42.66 ] } },
{ "type": "Feature", "properties": { "latitude": 42.48, "longitude": -77.28, "frac_class_11": 0.002061239906073045, "frac_class_21": 0.049698133758073679, "frac_class_22": 0.019985828975645749, "frac_class_23": 0.0018270080985647447, "frac_class_24": 0.00035134771126245091, "frac_developed": 0.071862318543546633, "wind_power_index": 71.435879826052371, "wind_resource_pct": 0.67860422405876952, "wind_screening_pct": 0.67860422405876952, "resource_land_adj_oof": 60.157497406005859, "resource_opportunity_oof": 11.278382420046512 }, "geometry": { "type": "Point", "coordinates": [ -77.28, 42.48 ] } },
{ "type": "Feature", "properties": { "latitude": 44.64, "longitude": -73.59, "frac_class_11": 0.0070221675598114144, "frac_class_21": 0.048288383261588921, "frac_class_22": 0.037564789598524113, "frac_class_23": 0.0038244165275703535, "frac_class_24": 0.00045096488916220094, "frac_developed": 0.090128554276845602, "wind_power_index": 35.937653457684121, "wind_resource_pct": 0.050505050505050504, "wind_screening_pct": 0.050505050505050504, "resource_land_adj_oof": 52.399997711181641, "resource_opportunity_oof": -16.46234425349752 }, "geometry": { "type": "Point", "coordinates": [ -73.59, 44.64 ] } },
{ "type": "Feature", "properties": { "latitude": 43.2, "longitude": -74.22, "frac_class_11": 0.1722726474205071, "frac_class_21": 0.030590853194354981, "frac_class_22": 0.022041342156116413, "frac_class_23": 0.0046143936288575273, "frac_class_24": 0.00035134976869473562, "frac_developed": 0.057597938748023658, "wind_power_index": 49.525990226933779, "wind_resource_pct": 0.17630853994490359, "wind_screening_pct": 0.17630853994490359, "resource_land_adj_oof": 52.340084075927734, "resource_opportunity_oof": -2.8140938489939558 }, "geometry": { "type": "Point", "coordinates": [ -74.22, 43.2 ] } },
{ "type": "Feature", "properties": { "latitude": 42.48, "longitude": -75.93, "frac_class_11": 0.0057270012297241909, "frac_class_21": 0.052731744451601573, "frac_class_22": 0.01213327867892487, "frac_class_23": 0.0012999941441705217, "frac_class_24": 0.00011126076008666627, "frac_developed": 0.066276278034783628, "wind_power_index": 55.760456938380443, "wind_resource_pct": 0.29155188246097336, "wind_screening_pct": 0.29155188246097336, "resource_land_adj_oof": 58.155967712402344, "resource_opportunity_oof": -2.3955107740219006 }, "geometry": { "type": "Point", "coordinates": [ -75.93, 42.48 ] } },
{ "type": "Feature", "properties": { "latitude": 43.83, "longitude": -73.41, "frac_class_11": 0.14445075569036897, "frac_class_21": 0.04167569435091438, "frac_class_22": 0.037711321008836396, "frac_class_23": 0.010938625410637637, "frac_class_24": 0.0026351078344683818, "frac_developed": 0.092960748604856799, "wind_power_index": 28.673834880805455, "wind_resource_pct": 0.018365472910927456, "wind_screening_pct": 0.018365472910927456, "resource_land_adj_oof": 38.179512023925781, "resource_opportunity_oof": -9.5056771431203266 }, "geometry": { "type": "Point", "coordinates": [ -73.41, 43.83 ] } },
{ "type": "Feature", "properties": { "latitude": 42.21, "longitude": -77.28, "frac_class_11": 0.0057855595245066465, "frac_class_21": 0.04894302277917667, "frac_class_22": 0.020454412367511859, "frac_class_23": 0.00103648181764947, "frac_class_24": 2.9279147391227968e-05, "frac_developed": 0.070463196111729229, "wind_power_index": 57.665139209966448, "wind_resource_pct": 0.34573002754820936, "wind_screening_pct": 0.34573002754820936, "resource_land_adj_oof": 55.097179412841797, "resource_opportunity_oof": 2.5679597971246508 }, "geometry": { "type": "Point", "coordinates": [ -77.28, 42.21 ] } },
{ "type": "Feature", "properties": { "latitude": 42.3, "longitude": -77.1, "frac_class_11": 0.00080224394071592953, "frac_class_21": 0.038115370876788214, "frac_class_22": 0.014914710343091039, "frac_class_23": 0.00060900269952158148, "frac_class_24": 5.8557951877075151e-06, "frac_developed": 0.053644939714588544, "wind_power_index": 66.629229455431144, "wind_resource_pct": 0.57300275482093666, "wind_screening_pct": 0.57300275482093666, "resource_land_adj_oof": 60.876216888427734, "resource_opportunity_oof": 5.7530125670034096 }, "geometry": { "type": "Point", "coordinates": [ -77.1, 42.3 ] } },
{ "type": "Feature", "properties": { "latitude": 42.03, "longitude": -79.08, "frac_class_11": 0.0018565588652149976, "frac_class_21": 0.044697972426879694, "frac_class_22": 0.0097454698792358244, "frac_class_23": 0.00064423178288217585, "frac_class_24": 4.099656800159301e-05, "frac_developed": 0.055128670656999286, "wind_power_index": 65.14432100619328, "wind_resource_pct": 0.54040404040404044, "wind_screening_pct": 0.54040404040404044, "resource_land_adj_oof": 68.632545471191406, "resource_opportunity_oof": -3.488224464998126 }, "geometry": { "type": "Point", "coordinates": [ -79.08, 42.03 ] } },
{ "type": "Feature", "properties": { "latitude": 42.84, "longitude": -78.36, "frac_class_11": 0.0026644336175395858, "frac_class_21": 0.050946313126581093, "frac_class_22": 0.03098941253630657, "frac_class_23": 0.0027698397826290641, "frac_class_24": 0.00041576876229738592, "frac_developed": 0.08512133420781412, "wind_power_index": 97.686039660090529, "wind_resource_pct": 0.96740128558310379, "wind_screening_pct": 0.96740128558310379, "resource_land_adj_oof": 82.830970764160156, "resource_opportunity_oof": 14.855068895930373 }, "geometry": { "type": "Point", "coordinates": [ -78.36, 42.84 ] } },
{ "type": "Feature", "properties": { "latitude": 44.28, "longitude": -75.39, "frac_class_11": 0.025436978480456743, "frac_class_21": 0.040421607378129117, "frac_class_22": 0.020260576782315912, "frac_class_23": 0.0024359537403015664, "frac_class_24": 0.00029863855950812472, "frac_developed": 0.063416776460254717, "wind_power_index": 50.786523743643428, "wind_resource_pct": 0.20110192837465565, "wind_screening_pct": 0.20110192837465565, "resource_land_adj_oof": 44.419696807861328, "resource_opportunity_oof": 6.3668269357821003 }, "geometry": { "type": "Point", "coordinates": [ -75.39, 44.28 ] } },
{ "type": "Feature", "properties": { "latitude": 42.39, "longitude": -75.39, "frac_class_11": 0.0036716265832791666, "frac_class_21": 0.053914937722888814, "frac_class_22": 0.015594165217340384, "frac_class_23": 0.0023364896439049244, "frac_class_24": 0.00032207250730519006, "frac_developed": 0.07216766509143932, "wind_power_index": 56.011245229702595, "wind_resource_pct": 0.30119375573921031, "wind_screening_pct": 0.30119375573921031, "resource_land_adj_oof": 60.143455505371094, "resource_opportunity_oof": -4.1322102756684984 }, "geometry": { "type": "Point", "coordinates": [ -75.39, 42.39 ] } },
{ "type": "Feature", "properties": { "latitude": 42.75, "longitude": -77.64, "frac_class_11": 0.091962100183877349, "frac_class_21": 0.05846597097782931, "frac_class_22": 0.026791047398194021, "frac_class_23": 0.0025883372568309849, "frac_class_24": 0.00012883126617710785, "frac_developed": 0.087974186899031415, "wind_power_index": 83.247267862350327, "wind_resource_pct": 0.85123966942148765, "wind_screening_pct": 0.85123966942148765, "resource_land_adj_oof": 94.02935791015625, "resource_opportunity_oof": -10.782090047805923 }, "geometry": { "type": "Point", "coordinates": [ -77.64, 42.75 ] } },
{ "type": "Feature", "properties": { "latitude": 42.03, "longitude": -73.68, "frac_class_11": 0.006787105085936814, "frac_class_21": 0.066898954703832753, "frac_class_22": 0.017562146809943488, "frac_class_23": 0.0033789125406260066, "frac_class_24": 0.00046848007495681198, "frac_developed": 0.088308494129359053, "wind_power_index": 50.965243014664459, "wind_resource_pct": 0.20615243342516071, "wind_screening_pct": 0.20615243342516071, "resource_land_adj_oof": 47.707374572753906, "resource_opportunity_oof": 3.2578684419105528 }, "geometry": { "type": "Point", "coordinates": [ -73.68, 42.03 ] } },
{ "type": "Feature", "properties": { "latitude": 41.49, "longitude": -74.49, "frac_class_11": 0.010657235208694431, "frac_class_21": 0.10018972220920973, "frac_class_22": 0.049380475008197873, "frac_class_23": 0.015505691666276291, "frac_class_24": 0.0017801096172764322, "frac_developed": 0.16685599850096033, "wind_power_index": 47.309087387312879, "wind_resource_pct": 0.13820018365472911, "wind_screening_pct": 0.13820018365472911, "resource_land_adj_oof": 47.140830993652344, "resource_opportunity_oof": 0.1682563936605348 }, "geometry": { "type": "Point", "coordinates": [ -74.49, 41.49 ] } },
{ "type": "Feature", "properties": { "latitude": 42.03, "longitude": -75.3, "frac_class_11": 0.038496222989986534, "frac_class_21": 0.030022837734965158, "frac_class_22": 0.0075247408795455877, "frac_class_23": 0.0019324237278210458, "frac_class_24": 5.8558294782455936e-05, "frac_developed": 0.039538560637114251, "wind_power_index": 63.185482345175089, "wind_resource_pct": 0.4967860422405877, "wind_screening_pct": 0.4967860422405877, "resource_land_adj_oof": 57.112579345703125, "resource_opportunity_oof": 6.0729029994719639 }, "geometry": { "type": "Point", "coordinates": [ -75.3, 42.03 ] } },
{ "type": "Feature", "properties": { "latitude": 43.02, "longitude": -77.91, "frac_class_11": 0.0025297035210896462, "frac_class_21": 0.052069730809095223, "frac_class_22": 0.057896247020864197, "frac_class_23": 0.015552992018551159, "frac_class_24": 0.0022544811472673932, "frac_developed": 0.12777345099577797, "wind_power_index": 86.075556187643116, "wind_resource_pct": 0.90082644628099173, "wind_screening_pct": 0.90082644628099173, "resource_land_adj_oof": 78.248855590820312, "resource_opportunity_oof": 7.8267005968228034 }, "geometry": { "type": "Point", "coordinates": [ -77.91, 43.02 ] } },
{ "type": "Feature", "properties": { "latitude": 42.39, "longitude": -74.85, "frac_class_11": 0.0010365000263516957, "frac_class_21": 0.055924153964173405, "frac_class_22": 0.0070739662815415159, "frac_class_23": 0.0007964067999086475, "frac_class_24": 5.8559323522694663e-05, "frac_developed": 0.063853086369146272, "wind_power_index": 80.374205293813432, "wind_resource_pct": 0.81083562901744721, "wind_screening_pct": 0.81083562901744721, "resource_land_adj_oof": 74.542152404785156, "resource_opportunity_oof": 5.8320528890282759 }, "geometry": { "type": "Point", "coordinates": [ -74.85, 42.39 ] } },
{ "type": "Feature", "properties": { "latitude": 42.03, "longitude": -75.93, "frac_class_11": 0.0074076676680193713, "frac_class_21": 0.081911822403363602, "frac_class_22": 0.04832844368708606, "frac_class_23": 0.014809479472269557, "frac_class_24": 0.0014229748959120215, "frac_developed": 0.14647272045863124, "wind_power_index": 52.825587277260347, "wind_resource_pct": 0.23140495867768596, "wind_screening_pct": 0.23140495867768596, "resource_land_adj_oof": 58.563999176025391, "resource_opportunity_oof": -5.7384118987650439 }, "geometry": { "type": "Point", "coordinates": [ -75.93, 42.03 ] } },
{ "type": "Feature", "properties": { "latitude": 44.91, "longitude": -74.04, "frac_class_11": 0.0010364454021642385, "frac_class_21": 0.049854780531222186, "frac_class_22": 0.017080854452616291, "frac_class_23": 0.003302571789947065, "frac_class_24": 0.00059727362158617137, "frac_developed": 0.070835480395371714, "wind_power_index": 92.041122861743332, "wind_resource_pct": 0.94444444444444442, "wind_screening_pct": 0.94444444444444442, "resource_land_adj_oof": 60.815269470214844, "resource_opportunity_oof": 31.225853391528489 }, "geometry": { "type": "Point", "coordinates": [ -74.04, 44.91 ] } },
{ "type": "Feature", "properties": { "latitude": 43.29, "longitude": -77.91, "frac_class_11": 0.00091937061176208801, "frac_class_21": 0.048205470547933171, "frac_class_22": 0.057539717396014496, "frac_class_23": 0.0060608190011067582, "frac_class_24": 0.00059144224068771267, "frac_developed": 0.11239744918574214, "wind_power_index": 77.648993371822058, "wind_resource_pct": 0.78420569329660239, "wind_screening_pct": 0.78420569329660239, "resource_land_adj_oof": 91.7291259765625, "resource_opportunity_oof": -14.080132604740442 }, "geometry": { "type": "Point", "coordinates": [ -77.91, 43.29 ] } },
{ "type": "Feature", "properties": { "latitude": 43.47, "longitude": -75.48, "frac_class_11": 0.0032616397205647261, "frac_class_21": 0.033342507305018941, "frac_class_22": 0.0092871824000281076, "frac_class_23": 0.0014522201987433611, "frac_class_24": 5.27015394705252e-05, "frac_developed": 0.044134611443260932, "wind_power_index": 70.785601919148291, "wind_resource_pct": 0.66115702479338845, "wind_screening_pct": 0.66115702479338845, "resource_land_adj_oof": 70.712387084960938, "resource_opportunity_oof": 0.073214834187353972 }, "geometry": { "type": "Point", "coordinates": [ -75.48, 43.47 ] } },
{ "type": "Feature", "properties": { "latitude": 44.1, "longitude": -76.29, "frac_class_11": 0.25793118922078612, "frac_class_21": 0.036548714890501467, "frac_class_22": 0.025099933279405774, "frac_class_23": 0.0030112834562448705, "frac_class_24": 0.0003129373003548591, "frac_developed": 0.064972868926506971, "wind_power_index": 150.15362464378515, "wind_resource_pct": 0.99449035812672182, "wind_screening_pct": 0.99449035812672182, "resource_land_adj_oof": 101.91596984863281, "resource_opportunity_oof": 48.237654795152338 }, "geometry": { "type": "Point", "coordinates": [ -76.29, 44.1 ] } },
{ "type": "Feature", "properties": { "latitude": 42.84, "longitude": -74.49, "frac_class_11": 0.0072258820084907041, "frac_class_21": 0.046359244620114183, "frac_class_22": 0.016091348265261308, "frac_class_23": 0.003700775874688918, "frac_class_24": 0.00021080368906455863, "frac_developed": 0.066362172449128981, "wind_power_index": 65.494306008490042, "wind_resource_pct": 0.54775022956841135, "wind_screening_pct": 0.54775022956841135, "resource_land_adj_oof": 55.346141815185547, "resource_opportunity_oof": 10.148164193304495 }, "geometry": { "type": "Point", "coordinates": [ -74.49, 42.84 ] } },
{ "type": "Feature", "properties": { "latitude": 43.29, "longitude": -75.03, "frac_class_11": 0.055003162110884692, "frac_class_21": 0.040264211931698407, "frac_class_22": 0.011038109291921392, "frac_class_23": 0.00089007565643079659, "frac_class_24": 1.756728269271309e-05, "frac_developed": 0.052209964162743309, "wind_power_index": 56.255387881843546, "wind_resource_pct": 0.30899908172635443, "wind_screening_pct": 0.30899908172635443, "resource_land_adj_oof": 59.160995483398438, "resource_opportunity_oof": -2.9056076015548911 }, "geometry": { "type": "Point", "coordinates": [ -75.03, 43.29 ] } },
{ "type": "Feature", "properties": { "latitude": 43.38, "longitude": -75.75, "frac_class_11": 0.0018035321122405958, "frac_class_21": 0.046938679908183817, "frac_class_22": 0.018808263456223356, "frac_class_23": 0.0048016114676535347, "frac_class_24": 0.0013350822129573241, "frac_developed": 0.071883637045018031, "wind_power_index": 48.950638522290461, "wind_resource_pct": 0.16620752984389348, "wind_screening_pct": 0.16620752984389348, "resource_land_adj_oof": 58.616661071777344, "resource_opportunity_oof": -9.6660225494868826 }, "geometry": { "type": "Point", "coordinates": [ -75.75, 43.38 ] } },
{ "type": "Feature", "properties": { "latitude": 42.39, "longitude": -77.19, "frac_class_11": 0.050476363359547471, "frac_class_21": 0.053937097784778627, "frac_class_22": 0.02518548014030321, "frac_class_23": 0.0045674667541121842, "frac_class_24": 0.00095448343707728973, "frac_developed": 0.084644528116271309, "wind_power_index": 62.799267471837048, "wind_resource_pct": 0.48668503213957759, "wind_screening_pct": 0.48668503213957759, "resource_land_adj_oof": 60.538219451904297, "resource_opportunity_oof": 2.2610480199327512 }, "geometry": { "type": "Point", "coordinates": [ -77.19, 42.39 ] } },
{ "type": "Feature", "properties": { "latitude": 43.2, "longitude": -76.02, "frac_class_11": 0.48977560198632064, "frac_class_21": 0.053165698491520662, "frac_class_22": 0.057124285580436612, "frac_class_23": 0.010985664761547831, "frac_class_24": 0.0010423498547737281, "frac_developed": 0.12231799868827883, "wind_power_index": 53.730858915535123, "wind_resource_pct": 0.256198347107438, "wind_screening_pct": 0.256198347107438, "resource_land_adj_oof": 79.321090698242188, "resource_opportunity_oof": -25.590231782707065 }, "geometry": { "type": "Point", "coordinates": [ -76.02, 43.2 ] } },
{ "type": "Feature", "properties": { "latitude": 42.39, "longitude": -77.37, "frac_class_11": 0.001528460997891778, "frac_class_21": 0.04988287655188569, "frac_class_22": 0.04945537596626845, "frac_class_23": 0.015571562426797844, "frac_class_24": 0.0032150386507378776, "frac_developed": 0.11812485359568987, "wind_power_index": 64.292297765014723, "wind_resource_pct": 0.51882460973370059, "wind_screening_pct": 0.51882460973370059, "resource_land_adj_oof": 70.893218994140625, "resource_opportunity_oof": -6.6009212291259018 }, "geometry": { "type": "Point", "coordinates": [ -77.37, 42.39 ] } },
{ "type": "Feature", "properties": { "latitude": 42.48, "longitude": -78.27, "frac_class_11": 0.00216077577120371, "frac_class_21": 0.052461761881338859, "frac_class_22": 0.010159745157285738, "frac_class_23": 0.0010364696788700723, "frac_class_24": 9.9547935258707517e-05, "frac_developed": 0.063757524652753375, "wind_power_index": 82.30235101557804, "wind_resource_pct": 0.83792470156106524, "wind_screening_pct": 0.83792470156106524, "resource_land_adj_oof": 82.073516845703125, "resource_opportunity_oof": 0.22883416987491501 }, "geometry": { "type": "Point", "coordinates": [ -78.27, 42.48 ] } },
{ "type": "Feature", "properties": { "latitude": 43.92, "longitude": -73.41, "frac_class_11": 0.120855439607416, "frac_class_21": 0.036078610496234613, "frac_class_22": 0.030925359849150298, "frac_class_23": 0.0061663328765679355, "frac_class_24": 0.0016338146937915042, "frac_developed": 0.074804117915744359, "wind_power_index": 28.623384193696165, "wind_resource_pct": 0.017447199265381085, "wind_screening_pct": 0.017447199265381085, "resource_land_adj_oof": 33.323276519775391, "resource_opportunity_oof": -4.699892326079226 }, "geometry": { "type": "Point", "coordinates": [ -73.41, 43.92 ] } },
{ "type": "Feature", "properties": { "latitude": 42.75, "longitude": -75.57, "frac_class_11": 0.0060260366949911864, "frac_class_21": 0.054386591629138142, "frac_class_22": 0.02095936378170404, "frac_class_23": 0.002278064406561294, "frac_class_24": 0.00013469275411544926, "frac_developed": 0.077758712571518923, "wind_power_index": 70.879771288495846, "wind_resource_pct": 0.6648301193755739, "wind_screening_pct": 0.6648301193755739, "resource_land_adj_oof": 66.871337890625, "resource_opportunity_oof": 4.0084333978708457 }, "geometry": { "type": "Point", "coordinates": [ -75.57, 42.75 ] } },
{ "type": "Feature", "properties": { "latitude": 42.75, "longitude": -78.54, "frac_class_11": 0.0023481051201573993, "frac_class_21": 0.073400243593947631, "frac_class_22": 0.049163816929779357, "frac_class_23": 0.0093865648568885549, "frac_class_24": 0.0019089333395793319, "frac_developed": 0.13385955872019487, "wind_power_index": 88.52141772759245, "wind_resource_pct": 0.92194674012855826, "wind_screening_pct": 0.92194674012855826, "resource_land_adj_oof": 86.307266235351562, "resource_opportunity_oof": 2.2141514922408874 }, "geometry": { "type": "Point", "coordinates": [ -78.54, 42.75 ] } },
{ "type": "Feature", "properties": { "latitude": 42.57, "longitude": -74.67, "frac_class_11": 0.0061137365822807052, "frac_class_21": 0.059989576196248603, "frac_class_22": 0.014593325251957391, "frac_class_23": 0.0028577619273496015, "frac_class_24": 0.00014640173808143451, "frac_developed": 0.077587065113637027, "wind_power_index": 86.067863405442409, "wind_resource_pct": 0.89944903581267222, "wind_screening_pct": 0.89944903581267222, "resource_land_adj_oof": 69.963844299316406, "resource_opportunity_oof": 16.104019106126003 }, "geometry": { "type": "Point", "coordinates": [ -74.67, 42.57 ] } },
{ "type": "Feature", "properties": { "latitude": 42.66, "longitude": -76.47, "frac_class_11": 0.00034549596238193117, "frac_class_21": 0.060350532005223431, "frac_class_22": 0.0277158032195539, "frac_class_23": 0.0057094671749556422, "frac_class_24": 0.00067928019722549179, "frac_developed": 0.094455082596958465, "wind_power_index": 62.072388151518297, "wind_resource_pct": 0.46923783287419651, "wind_screening_pct": 0.46923783287419651, "resource_land_adj_oof": 70.85784912109375, "resource_opportunity_oof": -8.7854609695754533 }, "geometry": { "type": "Point", "coordinates": [ -76.47, 42.66 ] } },
{ "type": "Feature", "properties": { "latitude": 42.66, "longitude": -78.63, "frac_class_11": 0.002424299207710911, "frac_class_21": 0.066416429018978637, "frac_class_22": 0.02580063359703931, "frac_class_23": 0.0031152830398603979, "frac_class_24": 0.00017567385563122545, "frac_developed": 0.09550801951150957, "wind_power_index": 81.126588441585653, "wind_resource_pct": 0.82047750229568417, "wind_screening_pct": 0.82047750229568417, "resource_land_adj_oof": 74.145919799804688, "resource_opportunity_oof": 6.9806686417809658 }, "geometry": { "type": "Point", "coordinates": [ -78.63, 42.66 ] } },
{ "type": "Feature", "properties": { "latitude": 42.48, "longitude": -77.82, "frac_class_11": 0.0015403086473981668, "frac_class_21": 0.042010014934551525, "frac_class_22": 0.016703270959618145, "frac_class_23": 0.0015168818999092214, "frac_class_24": 5.2710181850127386e-05, "frac_developed": 0.060282877975929024, "wind_power_index": 77.824799346875679, "wind_resource_pct": 0.78604224058769512, "wind_screening_pct": 0.78604224058769512, "resource_land_adj_oof": 74.022598266601562, "resource_opportunity_oof": 3.8022010802741164 }, "geometry": { "type": "Point", "coordinates": [ -77.82, 42.48 ] } },
{ "type": "Feature", "properties": { "latitude": 42.21, "longitude": -76.56, "frac_class_11": 0.0020436366191574828, "frac_class_21": 0.053966060407321957, "frac_class_22": 0.017022497569887687, "frac_class_23": 0.0022485858503050815, "frac_class_24": 0.00029278461592514084, "frac_developed": 0.073529928443439863, "wind_power_index": 64.209083243312861, "wind_resource_pct": 0.51744719926538107, "wind_screening_pct": 0.51744719926538107, "resource_land_adj_oof": 57.185123443603516, "resource_opportunity_oof": 7.0239597997093455 }, "geometry": { "type": "Point", "coordinates": [ -76.56, 42.21 ] } },
{ "type": "Feature", "properties": { "latitude": 42.39, "longitude": -75.03, "frac_class_11": 0.0022427564237697045, "frac_class_21": 0.056947274728878269, "frac_class_22": 0.013766893870189492, "frac_class_23": 0.0072669992738856491, "frac_class_24": 0.0031855339282786405, "frac_developed": 0.081166701801232047, "wind_power_index": 63.063842242651901, "wind_resource_pct": 0.49127640036730946, "wind_screening_pct": 0.49127640036730946, "resource_land_adj_oof": 68.291290283203125, "resource_opportunity_oof": -5.2274480405512236 }, "geometry": { "type": "Point", "coordinates": [ -75.03, 42.39 ] } },
{ "type": "Feature", "properties": { "latitude": 44.1, "longitude": -76.02, "frac_class_11": 0.0060551758870481314, "frac_class_21": 0.041431691877045963, "frac_class_22": 0.01855202824967938, "frac_class_23": 0.0012122063913142776, "frac_class_24": 5.270462570931642e-05, "frac_developed": 0.061248631143748941, "wind_power_index": 45.585997278265772, "wind_resource_pct": 0.10927456382001836, "wind_screening_pct": 0.10927456382001836, "resource_land_adj_oof": 52.306427001953125, "resource_opportunity_oof": -6.7204297236873529 }, "geometry": { "type": "Point", "coordinates": [ -76.02, 44.1 ] } },
{ "type": "Feature", "properties": { "latitude": 42.48, "longitude": -75.57, "frac_class_11": 0.003683338310817537, "frac_class_21": 0.058330259004854508, "frac_class_22": 0.031041933840451136, "frac_class_23": 0.011940106225368773, "frac_class_24": 0.0030684726150530836, "frac_developed": 0.1043807716857275, "wind_power_index": 56.267749484225028, "wind_resource_pct": 0.310376492194674, "wind_screening_pct": 0.310376492194674, "resource_land_adj_oof": 62.284934997558594, "resource_opportunity_oof": -6.0171855133335654 }, "geometry": { "type": "Point", "coordinates": [ -75.57, 42.48 ] } },
{ "type": "Feature", "properties": { "latitude": 42.39, "longitude": -77.01, "frac_class_11": 0.020161857022392954, "frac_class_21": 0.052521549704862738, "frac_class_22": 0.018709594303382367, "frac_class_23": 0.0008783847090789844, "frac_class_24": 5.8558980605265626e-05, "frac_developed": 0.072168087697929359, "wind_power_index": 67.325595977546826, "wind_resource_pct": 0.59182736455463725, "wind_screening_pct": 0.59182736455463725, "resource_land_adj_oof": 62.278247833251953, "resource_opportunity_oof": 5.0473481442948724 }, "geometry": { "type": "Point", "coordinates": [ -77.01, 42.39 ] } },
{ "type": "Feature", "properties": { "latitude": 44.46, "longitude": -73.41, "frac_class_11": 0.41707656992949665, "frac_class_21": 0.033535942660389291, "frac_class_22": 0.017783945845923219, "frac_class_23": 0.0039643501276555877, "frac_class_24": 0.00028693228398098049, "frac_developed": 0.055571170917949081, "wind_power_index": 75.581022106575645, "wind_resource_pct": 0.74150596877869601, "wind_screening_pct": 0.74150596877869601, "resource_land_adj_oof": 56.650390625, "resource_opportunity_oof": 18.930631481575645 }, "geometry": { "type": "Point", "coordinates": [ -73.41, 44.46 ] } },
{ "type": "Feature", "properties": { "latitude": 41.4, "longitude": -74.04, "frac_class_11": 0.063490762158521952, "frac_class_21": 0.09516001522560244, "frac_class_22": 0.058513161362105819, "frac_class_23": 0.025860100137616023, "frac_class_24": 0.006558721049395368, "frac_developed": 0.18609199777471966, "wind_power_index": 55.671757350554707, "wind_resource_pct": 0.29017447199265384, "wind_screening_pct": 0.29017447199265384, "resource_land_adj_oof": 55.951240539550781, "resource_opportunity_oof": -0.27948318899607472 }, "geometry": { "type": "Point", "coordinates": [ -74.04, 41.4 ] } },
{ "type": "Feature", "properties": { "latitude": 43.2, "longitude": -78.54, "frac_class_11": 0.003208938181094201, "frac_class_21": 0.03787483969948411, "frac_class_22": 0.059564451054909151, "frac_class_23": 0.0085493608474407554, "frac_class_24": 0.001358528573017983, "frac_developed": 0.10734718017485199, "wind_power_index": 67.922143635734628, "wind_resource_pct": 0.59871441689623506, "wind_screening_pct": 0.59871441689623506, "resource_land_adj_oof": 73.7509765625, "resource_opportunity_oof": -5.8288329267653722 }, "geometry": { "type": "Point", "coordinates": [ -78.54, 43.2 ] } },
{ "type": "Feature", "properties": { "latitude": 43.02, "longitude": -74.76, "frac_class_11": 0.023445917459127746, "frac_class_21": 0.052524944957136832, "frac_class_22": 0.025876001311659718, "frac_class_23": 0.010475710872722163, "frac_class_24": 0.00077294233381739819, "frac_developed": 0.089649599475336114, "wind_power_index": 55.583277133612114, "wind_resource_pct": 0.28741965105601469, "wind_screening_pct": 0.28741965105601469, "resource_land_adj_oof": 57.447429656982422, "resource_opportunity_oof": -1.8641525233703078 }, "geometry": { "type": "Point", "coordinates": [ -74.76, 43.02 ] } },
{ "type": "Feature", "properties": { "latitude": 41.85, "longitude": -74.67, "frac_class_11": 0.042138548925455294, "frac_class_21": 0.064168179422615212, "frac_class_22": 0.015108040053873631, "frac_class_23": 0.0036716050828599872, "frac_class_24": 8.7837442173683904e-05, "frac_developed": 0.083035662001522514, "wind_power_index": 76.555888168338811, "wind_resource_pct": 0.75987144168962351, "wind_screening_pct": 0.75987144168962351, "resource_land_adj_oof": 56.384651184082031, "resource_opportunity_oof": 20.17123698425678 }, "geometry": { "type": "Point", "coordinates": [ -74.67, 41.85 ] } },
{ "type": "Feature", "properties": { "latitude": 42.39, "longitude": -78.81, "frac_class_11": 0.0022958750388014596, "frac_class_21": 0.041858721689576613, "frac_class_22": 0.012006489361079061, "frac_class_23": 0.00065010747272184184, "frac_class_24": 1.7570472235725455e-05, "frac_developed": 0.054532888995613239, "wind_power_index": 85.106398062383036, "wind_resource_pct": 0.8801652892561983, "wind_screening_pct": 0.8801652892561983, "resource_land_adj_oof": 78.369476318359375, "resource_opportunity_oof": 6.7369217440236611 }, "geometry": { "type": "Point", "coordinates": [ -78.81, 42.39 ] } },
{ "type": "Feature", "properties": { "latitude": 42.39, "longitude": -75.66, "frac_class_11": 0.0051646903820816862, "frac_class_21": 0.05326306543697848, "frac_class_22": 0.012618943053725662, "frac_class_23": 0.0010130288391157955, "frac_class_24": 3.5133948177426437e-05, "frac_developed": 0.066930171277997358, "wind_power_index": 52.906148094158013, "wind_resource_pct": 0.23966942148760331, "wind_screening_pct": 0.23966942148760331, "resource_land_adj_oof": 62.304679870605469, "resource_opportunity_oof": -9.3985317764474559 }, "geometry": { "type": "Point", "coordinates": [ -75.66, 42.39 ] } },
{ "type": "Feature", "properties": { "latitude": 42.75, "longitude": -78.18, "frac_class_11": 0.0057796021619342637, "frac_class_21": 0.056542896125265703, "frac_class_22": 0.028289015242456361, "frac_class_23": 0.0063300404630708598, "frac_class_24": 0.0015986133639392644, "frac_developed": 0.092760565194732178, "wind_power_index": 106.32610973004189, "wind_resource_pct": 0.97933884297520657, "wind_screening_pct": 0.97933884297520657, "resource_land_adj_oof": 81.194168090820312, "resource_opportunity_oof": 25.13194163922158 }, "geometry": { "type": "Point", "coordinates": [ -78.18, 42.75 ] } },
{ "type": "Feature", "properties": { "latitude": 43.56, "longitude": -76.11, "frac_class_11": 0.0057799067719191402, "frac_class_21": 0.064094305591342438, "frac_class_22": 0.036301562390199341, "frac_class_23": 0.00871378042210302, "frac_class_24": 0.0022077252816752944, "frac_developed": 0.11131737368532009, "wind_power_index": 66.513966337309895, "wind_resource_pct": 0.56887052341597799, "wind_screening_pct": 0.56887052341597799, "resource_land_adj_oof": 62.887592315673828, "resource_opportunity_oof": 3.6263740216360674 }, "geometry": { "type": "Point", "coordinates": [ -76.11, 43.56 ] } },
{ "type": "Feature", "properties": { "latitude": 42.84, "longitude": -77.19, "frac_class_11": 0.053435382714458884, "frac_class_21": 0.041565407836408677, "frac_class_22": 0.054729543764310433, "frac_class_23": 0.01274250879853836, "frac_class_24": 0.0035838305995889138, "frac_developed": 0.11262129099884638, "wind_power_index": 78.367156035758484, "wind_resource_pct": 0.78971533516988057, "wind_screening_pct": 0.78971533516988057, "resource_land_adj_oof": 83.725517272949219, "resource_opportunity_oof": -5.358361237190735 }, "geometry": { "type": "Point", "coordinates": [ -77.19, 42.84 ] } },
{ "type": "Feature", "properties": { "latitude": 42.48, "longitude": -79.17, "frac_class_11": 0.0018562870745032821, "frac_class_21": 0.06332456915986906, "frac_class_22": 0.035884312910271651, "frac_class_23": 0.0058616509828952222, "frac_class_24": 0.00022252021713288557, "frac_developed": 0.10529305327016882, "wind_power_index": 116.72909206856198, "wind_resource_pct": 0.98898071625344353, "wind_screening_pct": 0.98898071625344353, "resource_land_adj_oof": 103.53746032714844, "resource_opportunity_oof": 13.191631741413545 }, "geometry": { "type": "Point", "coordinates": [ -79.17, 42.48 ] } },
{ "type": "Feature", "properties": { "latitude": 43.65, "longitude": -73.41, "frac_class_11": 0.028462664714494875, "frac_class_21": 0.025071742313323573, "frac_class_22": 0.0093762811127379216, "frac_class_23": 0.0015578330893118593, "frac_class_24": 1.171303074670571e-05, "frac_developed": 0.036017569546120058, "wind_power_index": 30.566550570211618, "wind_resource_pct": 0.025711662075298437, "wind_screening_pct": 0.025711662075298437, "resource_land_adj_oof": 33.783561706542969, "resource_opportunity_oof": -3.2170111363313509 }, "geometry": { "type": "Point", "coordinates": [ -73.41, 43.65 ] } },
{ "type": "Feature", "properties": { "latitude": 42.66, "longitude": -75.12, "frac_class_11": 0.0060381380748237169, "frac_class_21": 0.061482418534916955, "frac_class_22": 0.0073324431325696351, "frac_class_23": 0.00070864666057581936, "frac_class_24": 4.0996087801906904e-05, "frac_developed": 0.069564504415864314, "wind_power_index": 63.909864348580356, "wind_resource_pct": 0.50872359963269054, "wind_screening_pct": 0.50872359963269054, "resource_land_adj_oof": 75.672767639160156, "resource_opportunity_oof": -11.7629032905798 }, "geometry": { "type": "Point", "coordinates": [ -75.12, 42.66 ] } },
{ "type": "Feature", "properties": { "latitude": 42.84, "longitude": -73.5, "frac_class_11": 0.04213145952276387, "frac_class_21": 0.052618943053725664, "frac_class_22": 0.016448543405065144, "frac_class_23": 0.0023188405797101449, "frac_class_24": 0.00020494803103498756, "frac_developed": 0.071591275069535942, "wind_power_index": 53.58424909198061, "wind_resource_pct": 0.25114784205693297, "wind_screening_pct": 0.25114784205693297, "resource_land_adj_oof": 50.392501831054688, "resource_opportunity_oof": 3.1917472609259221 }, "geometry": { "type": "Point", "coordinates": [ -73.5, 42.84 ] } },
{ "type": "Feature", "properties": { "latitude": 42.39, "longitude": -74.67, "frac_class_11": 0.0032675719832053829, "frac_class_21": 0.064929817472726317, "frac_class_22": 0.016683355878408846, "frac_class_23": 0.0048720786559621476, "frac_class_24": 0.0007671181537632709, "frac_developed": 0.087252370160860585, "wind_power_index": 88.272388679810717, "wind_resource_pct": 0.91827364554637281, "wind_screening_pct": 0.91827364554637281, "resource_land_adj_oof": 78.56298828125, "resource_opportunity_oof": 9.7094003985607173 }, "geometry": { "type": "Point", "coordinates": [ -74.67, 42.39 ] } },
{ "type": "Feature", "properties": { "latitude": 43.11, "longitude": -75.84, "frac_class_11": 0.076289746442583586, "frac_class_21": 0.048257890730221936, "frac_class_22": 0.045429525092229313, "frac_class_23": 0.0086607717983252334, "frac_class_24": 0.0011711658956491187, "frac_developed": 0.10351935351642559, "wind_power_index": 61.774869438568793, "wind_resource_pct": 0.45775941230486683, "wind_screening_pct": 0.45775941230486683, "resource_land_adj_oof": 53.335281372070312, "resource_opportunity_oof": 8.4395880664984801 }, "geometry": { "type": "Point", "coordinates": [ -75.84, 43.11 ] } },
{ "type": "Feature", "properties": { "latitude": 43.38, "longitude": -75.39, "frac_class_11": 0.00029278633039180664, "frac_class_21": 0.031942988645746108, "frac_class_22": 0.0067984985916977507, "frac_class_23": 0.00063241847364630245, "frac_class_24": 1.1711453215672267e-05, "frac_developed": 0.039385617164305838, "wind_power_index": 49.300960073741322, "wind_resource_pct": 0.17125803489439853, "wind_screening_pct": 0.17125803489439853, "resource_land_adj_oof": 54.109157562255859, "resource_opportunity_oof": -4.8081974885145371 }, "geometry": { "type": "Point", "coordinates": [ -75.39, 43.38 ] } },
{ "type": "Feature", "properties": { "latitude": 42.93, "longitude": -74.94, "frac_class_11": 0.0030276588642472726, "frac_class_21": 0.05289911512716753, "frac_class_22": 0.011671419954438713, "frac_class_23": 0.001616313049385391, "frac_class_24": 4.6849653605373652e-05, "frac_developed": 0.06623369778459702, "wind_power_index": 81.693854224351014, "wind_resource_pct": 0.83057851239669422, "wind_screening_pct": 0.83057851239669422, "resource_land_adj_oof": 76.176750183105469, "resource_opportunity_oof": 5.5171040412455454 }, "geometry": { "type": "Point", "coordinates": [ -74.94, 42.93 ] } },
{ "type": "Feature", "properties": { "latitude": 42.57, "longitude": -73.5, "frac_class_11": 0.01903122291710585, "frac_class_21": 0.05615089124680861, "frac_class_22": 0.013198885063125103, "frac_class_23": 0.0012062867448996322, "frac_class_24": 4.0990326282997215e-05, "frac_developed": 0.07059705338111634, "wind_power_index": 55.804586468310639, "wind_resource_pct": 0.2943067033976125, "wind_screening_pct": 0.2943067033976125, "resource_land_adj_oof": 51.903312683105469, "resource_opportunity_oof": 3.90127378520517 }, "geometry": { "type": "Point", "coordinates": [ -73.5, 42.57 ] } },
{ "type": "Feature", "properties": { "latitude": 42.48, "longitude": -78.36, "frac_class_11": 0.002887008461921354, "frac_class_21": 0.051743624278979883, "frac_class_22": 0.016367522618803618, "frac_class_23": 0.0022779843644774984, "frac_class_24": 0.00019910403185664509, "frac_developed": 0.070588235294117646, "wind_power_index": 94.20401722179804, "wind_resource_pct": 0.95224977043158865, "wind_screening_pct": 0.95224977043158865, "resource_land_adj_oof": 85.678825378417969, "resource_opportunity_oof": 8.5251918433800711 }, "geometry": { "type": "Point", "coordinates": [ -78.36, 42.48 ] } },
{ "type": "Feature", "properties": { "latitude": 41.67, "longitude": -74.04, "frac_class_11": 0.0052354487904005056, "frac_class_21": 0.10127138247471583, "frac_class_22": 0.059012994922668788, "frac_class_23": 0.012456151652328721, "frac_class_24": 0.0019735416581263651, "frac_developed": 0.17471407070783967, "wind_power_index": 32.163227985567886, "wind_resource_pct": 0.033976124885215793, "wind_screening_pct": 0.033976124885215793, "resource_land_adj_oof": 53.175685882568359, "resource_opportunity_oof": -21.012457897000473 }, "geometry": { "type": "Point", "coordinates": [ -74.04, 41.67 ] } },
{ "type": "Feature", "properties": { "latitude": 43.83, "longitude": -73.5, "frac_class_11": 0.075832464657585585, "frac_class_21": 0.031594420173578983, "frac_class_22": 0.027266658077513207, "frac_class_23": 0.0080699000925286077, "frac_class_24": 0.0015519038639478092, "frac_developed": 0.06848288220756861, "wind_power_index": 35.387308007366101, "wind_resource_pct": 0.046831955922865015, "wind_screening_pct": 0.046831955922865015, "resource_land_adj_oof": 46.950859069824219, "resource_opportunity_oof": -11.563551062458117 }, "geometry": { "type": "Point", "coordinates": [ -73.5, 43.83 ] } },
{ "type": "Feature", "properties": { "latitude": 42.21, "longitude": -75.21, "frac_class_11": 0.00080225333637838246, "frac_class_21": 0.05826584450339347, "frac_class_22": 0.01017163536707482, "frac_class_23": 0.00082567679145512357, "frac_class_24": 2.3423455076741094e-05, "frac_developed": 0.069286580117000146, "wind_power_index": 71.566514659077072, "wind_resource_pct": 0.68273645546372819, "wind_screening_pct": 0.68273645546372819, "resource_land_adj_oof": 67.7591552734375, "resource_opportunity_oof": 3.8073593856395718 }, "geometry": { "type": "Point", "coordinates": [ -75.21, 42.21 ] } },
{ "type": "Feature", "properties": { "latitude": 42.84, "longitude": -74.85, "frac_class_11": 0.041588100954500204, "frac_class_21": 0.054213269309597703, "frac_class_22": 0.011465714118404873, "frac_class_23": 0.0024126017450371846, "frac_class_24": 0.00015810739591263102, "frac_developed": 0.068249692568952386, "wind_power_index": 81.202658831156526, "wind_resource_pct": 0.8223140495867769, "wind_screening_pct": 0.8223140495867769, "resource_land_adj_oof": 83.293487548828125, "resource_opportunity_oof": -2.0908287176715987 }, "geometry": { "type": "Point", "coordinates": [ -74.85, 42.84 ] } },
{ "type": "Feature", "properties": { "latitude": 42.84, "longitude": -74.31, "frac_class_11": 0.0087250326456758381, "frac_class_21": 0.049685840267489588, "frac_class_22": 0.010487606354634514, "frac_class_23": 0.0013233942133709662, "frac_class_24": 0.0001229702587645588, "frac_developed": 0.061619811094259624, "wind_power_index": 58.853184113443021, "wind_resource_pct": 0.36776859504132231, "wind_screening_pct": 0.36776859504132231, "resource_land_adj_oof": 63.242904663085938, "resource_opportunity_oof": -4.3897205496429166 }, "geometry": { "type": "Point", "coordinates": [ -74.31, 42.84 ] } },
{ "type": "Feature", "properties": { "latitude": 42.03, "longitude": -73.59, "frac_class_11": 0.0045735367317658775, "frac_class_21": 0.059860041577606653, "frac_class_22": 0.011641729862676777, "frac_class_23": 0.0017275202764032442, "frac_class_24": 7.02720112435218e-05, "frac_developed": 0.073299563727930186, "wind_power_index": 57.164555272708654, "wind_resource_pct": 0.33425160697887968, "wind_screening_pct": 0.33425160697887968, "resource_land_adj_oof": 55.998928070068359, "resource_opportunity_oof": 1.1656272026402945 }, "geometry": { "type": "Point", "coordinates": [ -73.59, 42.03 ] } },
{ "type": "Feature", "properties": { "latitude": 42.21, "longitude": -79.35, "frac_class_11": 0.035797104843998874, "frac_class_21": 0.063747306286892153, "frac_class_22": 0.019154642555982385, "frac_class_23": 0.0029513726225053874, "frac_class_24": 0.00016396514569474375, "frac_developed": 0.086017286611074675, "wind_power_index": 70.245920157405351, "wind_resource_pct": 0.65289256198347112, "wind_screening_pct": 0.65289256198347112, "resource_land_adj_oof": 90.741134643554688, "resource_opportunity_oof": -20.495214486149337 }, "geometry": { "type": "Point", "coordinates": [ -79.35, 42.21 ] } },
{ "type": "Feature", "properties": { "latitude": 44.64, "longitude": -73.77, "frac_class_11": 0.006628721336050406, "frac_class_21": 0.038560185510505232, "frac_class_22": 0.016817745297824, "frac_class_23": 0.0020202375096620056, "frac_class_24": 0.00025179771859555432, "frac_developed": 0.057649966036586793, "wind_power_index": 56.10183595120818, "wind_resource_pct": 0.30211202938475668, "wind_screening_pct": 0.30211202938475668, "resource_land_adj_oof": 54.671497344970703, "resource_opportunity_oof": 1.430338606237477 }, "geometry": { "type": "Point", "coordinates": [ -73.77, 44.64 ] } },
{ "type": "Feature", "properties": { "latitude": 43.56, "longitude": -75.48, "frac_class_11": 0.0024711310987749749, "frac_class_21": 0.039415126601550603, "frac_class_22": 0.0092345349354695152, "frac_class_23": 0.00097205630899679105, "frac_class_24": 4.0990326282997215e-05, "frac_developed": 0.04966270817229991, "wind_power_index": 66.77369009539585, "wind_resource_pct": 0.57667584940312211, "wind_screening_pct": 0.57667584940312211, "resource_land_adj_oof": 71.38726806640625, "resource_opportunity_oof": -4.6135779710104003 }, "geometry": { "type": "Point", "coordinates": [ -75.48, 43.56 ] } },
{ "type": "Feature", "properties": { "latitude": 43.2, "longitude": -74.13, "frac_class_11": 0.25953644168042816, "frac_class_21": 0.048007214550905918, "frac_class_22": 0.026755911598327537, "frac_class_23": 0.0054694728458826699, "frac_class_24": 0.00038063783188690959, "frac_developed": 0.08061323682700304, "wind_power_index": 44.910749759149425, "wind_resource_pct": 0.096418732782369149, "wind_screening_pct": 0.096418732782369149, "resource_land_adj_oof": 46.52294921875, "resource_opportunity_oof": -1.6121994596005749 }, "geometry": { "type": "Point", "coordinates": [ -74.13, 43.2 ] } },
{ "type": "Feature", "properties": { "latitude": 42.03, "longitude": -75.57, "frac_class_11": 0.012585061900467327, "frac_class_21": 0.04912800571569121, "frac_class_22": 0.01652045584979913, "frac_class_23": 0.0033087761627566496, "frac_class_24": 5.270616896426522e-05, "frac_developed": 0.069009943897211254, "wind_power_index": 59.551045278435261, "wind_resource_pct": 0.38383838383838381, "wind_screening_pct": 0.38383838383838381, "resource_land_adj_oof": 60.620792388916016, "resource_opportunity_oof": -1.0697471104807548 }, "geometry": { "type": "Point", "coordinates": [ -75.57, 42.03 ] } },
{ "type": "Feature", "properties": { "latitude": 42.12, "longitude": -79.44, "frac_class_11": 0.12142949160879291, "frac_class_21": 0.074419993675852295, "frac_class_22": 0.034753533910314216, "frac_class_23": 0.0068453043203297922, "frac_class_24": 0.00070268307822033804, "frac_developed": 0.11672151498471664, "wind_power_index": 83.196740866036365, "wind_resource_pct": 0.84986225895316803, "wind_screening_pct": 0.84986225895316803, "resource_land_adj_oof": 90.603355407714844, "resource_opportunity_oof": -7.4066145416784792 }, "geometry": { "type": "Point", "coordinates": [ -79.44, 42.12 ] } },
{ "type": "Feature", "properties": { "latitude": 42.93, "longitude": -74.31, "frac_class_11": 0.025123273872966419, "frac_class_21": 0.065765586385410926, "frac_class_22": 0.046820646763255598, "frac_class_23": 0.020233312641281816, "frac_class_24": 0.0078590754166715463, "frac_developed": 0.14067862120661989, "wind_power_index": 53.160498148353653, "wind_resource_pct": 0.24380165289256198, "wind_screening_pct": 0.24380165289256198, "resource_land_adj_oof": 56.824363708496094, "resource_opportunity_oof": -3.6638655601424404 }, "geometry": { "type": "Point", "coordinates": [ -74.31, 42.93 ] } },
{ "type": "Feature", "properties": { "latitude": 42.75, "longitude": -75.39, "frac_class_11": 0.0033903465882807607, "frac_class_21": 0.046006827537343586, "frac_class_22": 0.006915370156752294, "frac_class_23": 0.00033376469003800234, "frac_class_24": 1.7566562633579071e-05, "frac_developed": 0.053273528946767464, "wind_power_index": 63.971680184246708, "wind_resource_pct": 0.51101928374655647, "wind_screening_pct": 0.51101928374655647, "resource_land_adj_oof": 69.615921020507812, "resource_opportunity_oof": -5.6442408362611047 }, "geometry": { "type": "Point", "coordinates": [ -75.39, 42.75 ] } },
{ "type": "Feature", "properties": { "latitude": 42.3, "longitude": -74.67, "frac_class_11": 6.4413747064782657e-05, "frac_class_21": 0.040809036663133673, "frac_class_22": 0.0039877965228288176, "frac_class_23": 0.00063242588027241154, "frac_class_24": 0.0, "frac_developed": 0.045429259066234899, "wind_power_index": 76.1821321640452, "wind_resource_pct": 0.75344352617079891, "wind_screening_pct": 0.75344352617079891, "resource_land_adj_oof": 71.925552368164062, "resource_opportunity_oof": 4.2565797958811373 }, "geometry": { "type": "Point", "coordinates": [ -74.67, 42.3 ] } },
{ "type": "Feature", "properties": { "latitude": 42.84, "longitude": -76.92, "frac_class_11": 0.20477292026587801, "frac_class_21": 0.050007320429855638, "frac_class_22": 0.07038154080407602, "frac_class_23": 0.024901174196948844, "frac_class_24": 0.0067582208427278846, "frac_developed": 0.15204825627360841, "wind_power_index": 71.2424475512573, "wind_resource_pct": 0.67401285583103765, "wind_screening_pct": 0.67401285583103765, "resource_land_adj_oof": 81.94940185546875, "resource_opportunity_oof": -10.70695430421145 }, "geometry": { "type": "Point", "coordinates": [ -76.92, 42.84 ] } },
{ "type": "Feature", "properties": { "latitude": 44.01, "longitude": -76.02, "frac_class_11": 0.053432968680456321, "frac_class_21": 0.053251423083229874, "frac_class_22": 0.04977277518798754, "frac_class_23": 0.018810466396495584, "frac_class_24": 0.007472651034224273, "frac_developed": 0.12930731570193726, "wind_power_index": 60.467504947498512, "wind_resource_pct": 0.41230486685032142, "wind_screening_pct": 0.41230486685032142, "resource_land_adj_oof": 54.236827850341797, "resource_opportunity_oof": 6.2306770971567147 }, "geometry": { "type": "Point", "coordinates": [ -76.02, 44.01 ] } },
{ "type": "Feature", "properties": { "latitude": 41.85, "longitude": -74.04, "frac_class_11": 0.024049750835914763, "frac_class_21": 0.083866698678347021, "frac_class_22": 0.039169414010575568, "frac_class_23": 0.010405748048556254, "frac_class_24": 0.0012882749412956532, "frac_developed": 0.13473013567877451, "wind_power_index": 25.725381366519642, "wind_resource_pct": 0.0091827364554637279, "wind_screening_pct": 0.0091827364554637279, "resource_land_adj_oof": 45.647411346435547, "resource_opportunity_oof": -19.922029979915905 }, "geometry": { "type": "Point", "coordinates": [ -74.04, 41.85 ] } },
{ "type": "Feature", "properties": { "latitude": 42.12, "longitude": -78.9, "frac_class_11": 0.022918642916534917, "frac_class_21": 0.034014919954560893, "frac_class_22": 0.018111232125917857, "frac_class_23": 0.002945344248088161, "frac_class_24": 5.8555551651852112e-05, "frac_developed": 0.055130051880218765, "wind_power_index": 57.025262471356584, "wind_resource_pct": 0.33011937557392101, "wind_screening_pct": 0.33011937557392101, "resource_land_adj_oof": 70.278068542480469, "resource_opportunity_oof": -13.252806071123885 }, "geometry": { "type": "Point", "coordinates": [ -78.9, 42.12 ] } },
{ "type": "Feature", "properties": { "latitude": 43.11, "longitude": -78.09, "frac_class_11": 0.0014112714325869016, "frac_class_21": 0.033126815328398763, "frac_class_22": 0.042420125550454421, "frac_class_23": 0.0028342546612948561, "frac_class_24": 0.00050946313126581098, "frac_developed": 0.078890658671413857, "wind_power_index": 89.616706976317943, "wind_resource_pct": 0.9306703397612488, "wind_screening_pct": 0.9306703397612488, "resource_land_adj_oof": 78.288406372070312, "resource_opportunity_oof": 11.32830060424763 }, "geometry": { "type": "Point", "coordinates": [ -78.09, 43.11 ] } },
{ "type": "Feature", "properties": { "latitude": 42.12, "longitude": -79.53, "frac_class_11": 0.00098964677222898893, "frac_class_21": 0.050190902276773169, "frac_class_22": 0.019090227677316593, "frac_class_23": 0.0038239014335238451, "frac_class_24": 0.00020495643211842967, "frac_developed": 0.073309987819732039, "wind_power_index": 83.196740866036365, "wind_resource_pct": 0.84986225895316803, "wind_screening_pct": 0.84986225895316803, "resource_land_adj_oof": 67.887855529785156, "resource_opportunity_oof": 15.308885336251208 }, "geometry": { "type": "Point", "coordinates": [ -79.53, 42.12 ] } },
{ "type": "Feature", "properties": { "latitude": 44.64, "longitude": -75.57, "frac_class_11": 0.13438644906504257, "frac_class_21": 0.049588428415092548, "frac_class_22": 0.026882999476614169, "frac_class_23": 0.0029595089689299138, "frac_class_24": 0.00019032212018841891, "frac_developed": 0.079621258980825046, "wind_power_index": 44.990504516736635, "wind_resource_pct": 0.099173553719008267, "wind_screening_pct": 0.099173553719008267, "resource_land_adj_oof": 52.569786071777344, "resource_opportunity_oof": -7.5792815550407084 }, "geometry": { "type": "Point", "coordinates": [ -75.57, 44.64 ] } },
{ "type": "Feature", "properties": { "latitude": 41.67, "longitude": -74.13, "frac_class_11": 0.010025356187085327, "frac_class_21": 0.092330485398232673, "frac_class_22": 0.050665526711835426, "frac_class_23": 0.010083915510608022, "frac_class_24": 0.0010189322292948873, "frac_developed": 0.15409885984997101, "wind_power_index": 35.120470573211399, "wind_resource_pct": 0.045913682277318638, "wind_screening_pct": 0.045913682277318638, "resource_land_adj_oof": 48.461074829101562, "resource_opportunity_oof": -13.340604255890163 }, "geometry": { "type": "Point", "coordinates": [ -74.13, 41.67 ] } },
{ "type": "Feature", "properties": { "latitude": 42.48, "longitude": -76.74, "frac_class_11": 0.00067930406469785605, "frac_class_21": 0.046883692603198586, "frac_class_22": 0.024220703548192526, "frac_class_23": 0.00183294976077956, "frac_class_24": 7.0272834279088556e-05, "frac_developed": 0.073007618746449759, "wind_power_index": 65.169250427719533, "wind_resource_pct": 0.54315886134067948, "wind_screening_pct": 0.54315886134067948, "resource_land_adj_oof": 68.844673156738281, "resource_opportunity_oof": -3.6754227290187487 }, "geometry": { "type": "Point", "coordinates": [ -76.74, 42.48 ] } },
{ "type": "Feature", "properties": { "latitude": 42.21, "longitude": -77.01, "frac_class_11": 0.00040405223399894594, "frac_class_21": 0.059934414709843647, "frac_class_22": 0.016724248989869416, "frac_class_23": 0.002922058909644551, "frac_class_24": 0.00028693564443403407, "frac_developed": 0.079867658253791649, "wind_power_index": 52.885397529056398, "wind_resource_pct": 0.23645546372819101, "wind_screening_pct": 0.23645546372819101, "resource_land_adj_oof": 61.446819305419922, "resource_opportunity_oof": -8.5614217763635239 }, "geometry": { "type": "Point", "coordinates": [ -77.01, 42.21 ] } },
{ "type": "Feature", "properties": { "latitude": 42.57, "longitude": -75.75, "frac_class_11": 0.007747171667486473, "frac_class_21": 0.043039842597147077, "frac_class_22": 0.0090120160213618163, "frac_class_23": 0.00087836413463565459, "frac_class_24": 1.756728269271309e-05, "frac_developed": 0.052947790035837258, "wind_power_index": 68.27471052113728, "wind_resource_pct": 0.60376492194674014, "wind_screening_pct": 0.60376492194674014, "resource_land_adj_oof": 67.167533874511719, "resource_opportunity_oof": 1.107176646625561 }, "geometry": { "type": "Point", "coordinates": [ -75.75, 42.57 ] } },
{ "type": "Feature", "properties": { "latitude": 43.02, "longitude": -77.28, "frac_class_11": 0.0029747613749487615, "frac_class_21": 0.067008256719564327, "frac_class_22": 0.079211805352228146, "frac_class_23": 0.01697019382795573, "frac_class_24": 0.004538267845640335, "frac_developed": 0.16772852374538855, "wind_power_index": 77.34234759678391, "wind_resource_pct": 0.7786960514233241, "wind_screening_pct": 0.7786960514233241, "resource_land_adj_oof": 68.089141845703125, "resource_opportunity_oof": 9.2532057510807846 }, "geometry": { "type": "Point", "coordinates": [ -77.28, 43.02 ] } },
{ "type": "Feature", "properties": { "latitude": 43.11, "longitude": -77.91, "frac_class_11": 0.0020846997095474561, "frac_class_21": 0.058845919610231424, "frac_class_22": 0.064496861238639555, "frac_class_23": 0.010938817577063619, "frac_class_24": 0.0023833505106343107, "frac_developed": 0.13666494893656891, "wind_power_index": 74.281401945551281, "wind_resource_pct": 0.71808999081726355, "wind_screening_pct": 0.71808999081726355, "resource_land_adj_oof": 78.231002807617188, "resource_opportunity_oof": -3.9496008620659069 }, "geometry": { "type": "Point", "coordinates": [ -77.91, 43.11 ] } },
{ "type": "Feature", "properties": { "latitude": 41.85, "longitude": -74.85, "frac_class_11": 0.0068696523007185902, "frac_class_21": 0.065979115788487336, "frac_class_22": 0.017136063624810398, "frac_class_23": 0.0053235412969762988, "frac_class_24": 0.00038067126986079144, "frac_developed": 0.088819391980134818, "wind_power_index": 73.881411972983557, "wind_resource_pct": 0.71258034894398525, "wind_screening_pct": 0.71258034894398525, "resource_land_adj_oof": 61.155754089355469, "resource_opportunity_oof": 12.725657883628088 }, "geometry": { "type": "Point", "coordinates": [ -74.85, 41.85 ] } },
{ "type": "Feature", "properties": { "latitude": 42.12, "longitude": -77.19, "frac_class_11": 0.0090471505867472414, "frac_class_21": 0.056098189398730472, "frac_class_22": 0.044035321949734148, "frac_class_23": 0.01108495537910196, "frac_class_24": 0.0025823905558288243, "frac_developed": 0.11380085728339542, "wind_power_index": 53.693961335114096, "wind_resource_pct": 0.25390266299357206, "wind_screening_pct": 0.25390266299357206, "resource_land_adj_oof": 57.228553771972656, "resource_opportunity_oof": -3.5345924368585599 }, "geometry": { "type": "Point", "coordinates": [ -77.19, 42.12 ] } },
{ "type": "Feature", "properties": { "latitude": 41.31, "longitude": -74.49, "frac_class_11": 0.0027288964366234299, "frac_class_21": 0.075050508008081288, "frac_class_22": 0.04425379908060785, "frac_class_23": 0.0082511053201768519, "frac_class_24": 0.0012180481948877112, "frac_developed": 0.12877346060375369, "wind_power_index": 42.969237241230957, "wind_resource_pct": 0.077134986225895319, "wind_screening_pct": 0.077134986225895319, "resource_land_adj_oof": 48.622997283935547, "resource_opportunity_oof": -5.6537600427045902 }, "geometry": { "type": "Point", "coordinates": [ -74.49, 41.31 ] } },
{ "type": "Feature", "properties": { "latitude": 42.84, "longitude": -75.84, "frac_class_11": 0.016859229242183794, "frac_class_21": 0.048083060544484593, "frac_class_22": 0.020618737812340793, "frac_class_23": 0.0017450678409763011, "frac_class_24": 0.00013468644410219774, "frac_developed": 0.070581552641903883, "wind_power_index": 93.641980572636001, "wind_resource_pct": 0.94995408631772271, "wind_screening_pct": 0.94995408631772271, "resource_land_adj_oof": 65.217910766601562, "resource_opportunity_oof": 28.424069806034439 }, "geometry": { "type": "Point", "coordinates": [ -75.84, 42.84 ] } },
{ "type": "Feature", "properties": { "latitude": 43.02, "longitude": -78.45, "frac_class_11": 0.0029984831891679796, "frac_class_21": 0.054078112829642817, "frac_class_22": 0.063916885794100251, "frac_class_23": 0.015841595755272234, "frac_class_24": 0.004708555632990343, "frac_developed": 0.13854515001200562, "wind_power_index": 88.384319152032674, "wind_resource_pct": 0.91919191919191923, "wind_screening_pct": 0.91919191919191923, "resource_land_adj_oof": 82.091201782226562, "resource_opportunity_oof": 6.2931173698061116 }, "geometry": { "type": "Point", "coordinates": [ -78.45, 43.02 ] } },
{ "type": "Feature", "properties": { "latitude": 42.84, "longitude": -75.75, "frac_class_11": 0.023248868301310018, "frac_class_21": 0.045279659875498507, "frac_class_22": 0.0133168580647806, "frac_class_23": 0.00070859271145050687, "frac_class_24": 4.6849104889289709e-05, "frac_developed": 0.059351959756618895, "wind_power_index": 93.554510370727954, "wind_resource_pct": 0.94857667584940308, "wind_screening_pct": 0.94857667584940308, "resource_land_adj_oof": 70.5797119140625, "resource_opportunity_oof": 22.974798456665454 }, "geometry": { "type": "Point", "coordinates": [ -75.75, 42.84 ] } },
{ "type": "Feature", "properties": { "latitude": 42.39, "longitude": -78.27, "frac_class_11": 0.015218676988119009, "frac_class_21": 0.059387388231436321, "frac_class_22": 0.013022830943276905, "frac_class_23": 0.0012589517323761397, "frac_class_24": 5.2700305076210496e-05, "frac_developed": 0.073721871212165585, "wind_power_index": 71.7896704330159, "wind_resource_pct": 0.68595041322314054, "wind_screening_pct": 0.68595041322314054, "resource_land_adj_oof": 83.029510498046875, "resource_opportunity_oof": -11.239840065030975 }, "geometry": { "type": "Point", "coordinates": [ -78.27, 42.39 ] } },
{ "type": "Feature", "properties": { "latitude": 42.39, "longitude": -76.38, "frac_class_11": 0.001282434165451575, "frac_class_21": 0.060174856092147871, "frac_class_22": 0.017514888533633154, "frac_class_23": 0.0013819838495277247, "frac_class_24": 0.00011711727538370547, "frac_developed": 0.07918884575069246, "wind_power_index": 62.425422249631026, "wind_resource_pct": 0.47933884297520662, "wind_screening_pct": 0.47933884297520662, "resource_land_adj_oof": 59.097938537597656, "resource_opportunity_oof": 3.32748371203337 }, "geometry": { "type": "Point", "coordinates": [ -76.38, 42.39 ] } },
{ "type": "Feature", "properties": { "latitude": 41.85, "longitude": -74.13, "frac_class_11": 0.011314191345697737, "frac_class_21": 0.082027887256308593, "frac_class_22": 0.031494679636212441, "frac_class_23": 0.0073788204428463511, "frac_class_24": 0.0008667185916994126, "frac_developed": 0.1217681059270668, "wind_power_index": 24.268350508817683, "wind_resource_pct": 0.0041322314049586778, "wind_screening_pct": 0.0041322314049586778, "resource_land_adj_oof": 46.135215759277344, "resource_opportunity_oof": -21.866865250459661 }, "geometry": { "type": "Point", "coordinates": [ -74.13, 41.85 ] } },
{ "type": "Feature", "properties": { "latitude": 42.3, "longitude": -78.09, "frac_class_11": 0.0043211972878338971, "frac_class_21": 0.059249587202698115, "frac_class_22": 0.026951857880622532, "frac_class_23": 0.0031384305505135083, "frac_class_24": 0.00016394786457906387, "frac_developed": 0.08950382349841321, "wind_power_index": 64.06969997484282, "wind_resource_pct": 0.51377410468319562, "wind_screening_pct": 0.51377410468319562, "resource_land_adj_oof": 80.269981384277344, "resource_opportunity_oof": -16.200281409434524 }, "geometry": { "type": "Point", "coordinates": [ -78.09, 42.3 ] } },
{ "type": "Feature", "properties": { "latitude": 43.02, "longitude": -77.73, "frac_class_11": 0.0094276646327895348, "frac_class_21": 0.067369740124374911, "frac_class_22": 0.092695609401899581, "frac_class_23": 0.029260894515558574, "frac_class_24": 0.0031679295443100236, "frac_developed": 0.1924941735861431, "wind_power_index": 73.071628017666939, "wind_resource_pct": 0.7024793388429752, "wind_screening_pct": 0.7024793388429752, "resource_land_adj_oof": 78.261009216308594, "resource_opportunity_oof": -5.1893811986416551 }, "geometry": { "type": "Point", "coordinates": [ -77.73, 43.02 ] } },
{ "type": "Feature", "properties": { "latitude": 42.3, "longitude": -75.48, "frac_class_11": 0.0094922995842361066, "frac_class_21": 0.06209521578731627, "frac_class_22": 0.034812906248170052, "frac_class_23": 0.0097323885928441763, "frac_class_24": 0.0030391754992094631, "frac_developed": 0.10967968612753995, "wind_power_index": 60.377821671783195, "wind_resource_pct": 0.40541781450872361, "wind_screening_pct": 0.40541781450872361, "resource_land_adj_oof": 53.444614410400391, "resource_opportunity_oof": 6.9332072613828046 }, "geometry": { "type": "Point", "coordinates": [ -75.48, 42.3 ] } },
{ "type": "Feature", "properties": { "latitude": 42.57, "longitude": -73.95, "frac_class_11": 0.0077945198259555754, "frac_class_21": 0.062075063978308864, "frac_class_22": 0.029298258970139553, "frac_class_23": 0.0056745978297152158, "frac_class_24": 0.0017626975714595252, "frac_developed": 0.098810618349623153, "wind_power_index": 67.101772475477816, "wind_resource_pct": 0.588613406795225, "wind_screening_pct": 0.588613406795225, "resource_land_adj_oof": 37.435150146484375, "resource_opportunity_oof": 29.666622328993441 }, "geometry": { "type": "Point", "coordinates": [ -73.95, 42.57 ] } },
{ "type": "Feature", "properties": { "latitude": 43.47, "longitude": -76.2, "frac_class_11": 0.00090179245890695725, "frac_class_21": 0.0764415503803339, "frac_class_22": 0.026995215815331642, "frac_class_23": 0.0039936523180165249, "frac_class_24": 0.00071440701290031679, "frac_developed": 0.10814482552658239, "wind_power_index": 76.557501921185477, "wind_resource_pct": 0.76124885215794302, "wind_screening_pct": 0.76124885215794302, "resource_land_adj_oof": 66.071243286132812, "resource_opportunity_oof": 10.486258635052664 }, "geometry": { "type": "Point", "coordinates": [ -76.2, 43.47 ] } },
{ "type": "Feature", "properties": { "latitude": 42.3, "longitude": -75.21, "frac_class_11": 0.0069270811985080137, "frac_class_21": 0.056763419389971835, "frac_class_22": 0.012501537074230438, "frac_class_23": 0.0018269225138922232, "frac_class_24": 7.0266250534316283e-05, "frac_developed": 0.07116214522862882, "wind_power_index": 68.53321845850472, "wind_resource_pct": 0.61662075298438934, "wind_screening_pct": 0.61662075298438934, "resource_land_adj_oof": 66.120285034179688, "resource_opportunity_oof": 2.4129334243250327 }, "geometry": { "type": "Point", "coordinates": [ -75.21, 42.3 ] } },
{ "type": "Feature", "properties": { "latitude": 43.2, "longitude": -78.45, "frac_class_11": 0.005013147800012884, "frac_class_21": 0.05048872334569051, "frac_class_22": 0.065346615832410943, "frac_class_23": 0.015572383177843761, "frac_class_24": 0.0046910413408999072, "frac_developed": 0.13609876369684512, "wind_power_index": 72.180553683334097, "wind_resource_pct": 0.69329660238751145, "wind_screening_pct": 0.69329660238751145, "resource_land_adj_oof": 75.698135375976562, "resource_opportunity_oof": -3.5175816926424659 }, "geometry": { "type": "Point", "coordinates": [ -78.45, 43.2 ] } },
{ "type": "Feature", "properties": { "latitude": 42.21, "longitude": -76.02, "frac_class_11": 0.0030392110934132858, "frac_class_21": 0.06853157500234236, "frac_class_22": 0.033811955401480374, "frac_class_23": 0.0075599643961397917, "frac_class_24": 0.001540101189918486, "frac_developed": 0.11144359598988102, "wind_power_index": 48.217784958937955, "wind_resource_pct": 0.1584022038567493, "wind_screening_pct": 0.1584022038567493, "resource_land_adj_oof": 56.422298431396484, "resource_opportunity_oof": -8.2045134724585296 }, "geometry": { "type": "Point", "coordinates": [ -76.02, 42.21 ] } },
{ "type": "Feature", "properties": { "latitude": 42.57, "longitude": -76.02, "frac_class_11": 0.0033963015447316335, "frac_class_21": 0.053204820405916592, "frac_class_22": 0.012958647100846734, "frac_class_23": 0.0016981507723658168, "frac_class_24": 0.00012882523100706198, "frac_developed": 0.067990443510136209, "wind_power_index": 66.622885852932995, "wind_resource_pct": 0.57162534435261703, "wind_screening_pct": 0.57162534435261703, "resource_land_adj_oof": 67.842140197753906, "resource_opportunity_oof": -1.2192543448209108 }, "geometry": { "type": "Point", "coordinates": [ -76.02, 42.57 ] } },
{ "type": "Feature", "properties": { "latitude": 42.75, "longitude": -76.38, "frac_class_11": 0.0028928305820211165, "frac_class_21": 0.056281365837661843, "frac_class_22": 0.019494398800705054, "frac_class_23": 0.0041694238348158599, "frac_class_24": 0.000866677988135881, "frac_developed": 0.080811866461318632, "wind_power_index": 90.314104623319352, "wind_resource_pct": 0.93480257116620757, "wind_screening_pct": 0.93480257116620757, "resource_land_adj_oof": 75.330642700195312, "resource_opportunity_oof": 14.98346192312404 }, "geometry": { "type": "Point", "coordinates": [ -76.38, 42.75 ] } },
{ "type": "Feature", "properties": { "latitude": 42.57, "longitude": -78.09, "frac_class_11": 0.0089765660682289295, "frac_class_21": 0.046329152466945391, "frac_class_22": 0.027152209300963823, "frac_class_23": 0.0030800220168874211, "frac_class_24": 0.00056213329585778026, "frac_developed": 0.077123517080654416, "wind_power_index": 83.516970216116647, "wind_resource_pct": 0.85858585858585856, "wind_screening_pct": 0.85858585858585856, "resource_land_adj_oof": 75.761581420898438, "resource_opportunity_oof": 7.7553887952182095 }, "geometry": { "type": "Point", "coordinates": [ -78.09, 42.57 ] } },
{ "type": "Feature", "properties": { "latitude": 42.93, "longitude": -77.73, "frac_class_11": 0.0087307349978919761, "frac_class_21": 0.046880123670773412, "frac_class_22": 0.058708483627676021, "frac_class_23": 0.012964350962664543, "frac_class_24": 0.0027755656532533843, "frac_developed": 0.12132852391436737, "wind_power_index": 79.648260814041791, "wind_resource_pct": 0.80165289256198347, "wind_screening_pct": 0.80165289256198347, "resource_land_adj_oof": 85.432792663574219, "resource_opportunity_oof": -5.7845318495324278 }, "geometry": { "type": "Point", "coordinates": [ -77.73, 42.93 ] } },
{ "type": "Feature", "properties": { "latitude": 42.66, "longitude": -75.84, "frac_class_11": 0.00062072519441581562, "frac_class_21": 0.040692635622599081, "frac_class_22": 0.010177550829195166, "frac_class_23": 0.0011536119179237328, "frac_class_24": 4.0991286423685938e-05, "frac_developed": 0.052064789656141669, "wind_power_index": 73.24358935421138, "wind_resource_pct": 0.70661157024793386, "wind_screening_pct": 0.70661157024793386, "resource_land_adj_oof": 72.183265686035156, "resource_opportunity_oof": 1.060323668176224 }, "geometry": { "type": "Point", "coordinates": [ -75.84, 42.66 ] } },
{ "type": "Feature", "properties": { "latitude": 43.83, "longitude": -75.84, "frac_class_11": 0.0005563591854901524, "frac_class_21": 0.039888025393404511, "frac_class_22": 0.0086323519938156287, "frac_class_23": 0.0013059799827821474, "frac_class_24": 2.9282062394218551e-05, "frac_developed": 0.049855639432396508, "wind_power_index": 93.997134932775609, "wind_resource_pct": 0.95133149678604223, "wind_screening_pct": 0.95133149678604223, "resource_land_adj_oof": 64.32666015625, "resource_opportunity_oof": 29.670474776525609 }, "geometry": { "type": "Point", "coordinates": [ -75.84, 43.83 ] } },
{ "type": "Feature", "properties": { "latitude": 42.57, "longitude": -73.41, "frac_class_11": 0.0029924865748033802, "frac_class_21": 0.045010277522385088, "frac_class_22": 0.013949320980786011, "frac_class_23": 0.0014933152183461095, "frac_class_24": 0.00019910869577948126, "frac_developed": 0.060652022417296683, "wind_power_index": 67.020343114635594, "wind_resource_pct": 0.58402203856749313, "wind_screening_pct": 0.58402203856749313, "resource_land_adj_oof": 55.062870025634766, "resource_opportunity_oof": 11.957473089000828 }, "geometry": { "type": "Point", "coordinates": [ -73.41, 42.57 ] } },
{ "type": "Feature", "properties": { "latitude": 44.37, "longitude": -75.48, "frac_class_11": 0.015681727683695218, "frac_class_21": 0.051624388072986201, "frac_class_22": 0.026948211650621882, "frac_class_23": 0.011506570163727074, "frac_class_24": 0.0028283325135268077, "frac_developed": 0.092907502400861972, "wind_power_index": 48.091034984917755, "wind_resource_pct": 0.15472910927456382, "wind_screening_pct": 0.15472910927456382, "resource_land_adj_oof": 53.518836975097656, "resource_opportunity_oof": -5.4278019901799013 }, "geometry": { "type": "Point", "coordinates": [ -75.48, 44.37 ] } },
{ "type": "Feature", "properties": { "latitude": 42.12, "longitude": -75.21, "frac_class_11": 0.034975640605237272, "frac_class_21": 0.032920316672131918, "frac_class_22": 0.0058439124935588142, "frac_class_23": 0.00053871738417576235, "frac_class_24": 0.0, "frac_developed": 0.039302946549866491, "wind_power_index": 69.598448424654137, "wind_resource_pct": 0.63774104683195587, "wind_screening_pct": 0.63774104683195587, "resource_land_adj_oof": 66.588592529296875, "resource_opportunity_oof": 3.0098558953572621 }, "geometry": { "type": "Point", "coordinates": [ -75.21, 42.12 ] } },
{ "type": "Feature", "properties": { "latitude": 42.21, "longitude": -78.63, "frac_class_11": 0.0023833086413969583, "frac_class_21": 0.043836482775178452, "frac_class_22": 0.020717803374109188, "frac_class_23": 0.0029571765697922951, "frac_class_24": 0.00028107816900996068, "frac_developed": 0.067792540888089892, "wind_power_index": 69.632551341236834, "wind_resource_pct": 0.63957759412304871, "wind_screening_pct": 0.63957759412304871, "resource_land_adj_oof": 75.693557739257812, "resource_opportunity_oof": -6.0610063980209787 }, "geometry": { "type": "Point", "coordinates": [ -78.63, 42.21 ] } },
{ "type": "Feature", "properties": { "latitude": 41.67, "longitude": -74.85, "frac_class_11": 0.052631270751231168, "frac_class_21": 0.061760348532847696, "frac_class_22": 0.022386442821757536, "frac_class_23": 0.0054399700186797675, "frac_class_24": 0.00067926428650899151, "frac_developed": 0.090266025659793997, "wind_power_index": 56.984249873243655, "wind_resource_pct": 0.32828282828282829, "wind_screening_pct": 0.32828282828282829, "resource_land_adj_oof": 50.265781402587891, "resource_opportunity_oof": 6.7184684706557647 }, "geometry": { "type": "Point", "coordinates": [ -74.85, 41.67 ] } },
{ "type": "Feature", "properties": { "latitude": 42.48, "longitude": -78.54, "frac_class_11": 0.0023070617168286685, "frac_class_21": 0.051411172268415503, "frac_class_22": 0.022127883827146037, "frac_class_23": 0.002336339149783347, "frac_class_24": 0.00019323105750087833, "frac_developed": 0.076068626302845763, "wind_power_index": 85.08835228880244, "wind_resource_pct": 0.87649219467401285, "wind_screening_pct": 0.87649219467401285, "resource_land_adj_oof": 80.447250366210938, "resource_opportunity_oof": 4.6411019225915027 }, "geometry": { "type": "Point", "coordinates": [ -78.54, 42.48 ] } },
{ "type": "Feature", "properties": { "latitude": 42.75, "longitude": -74.13, "frac_class_11": 0.0068047926353638401, "frac_class_21": 0.069898455159813078, "frac_class_22": 0.041303100221360724, "frac_class_23": 0.011155877771401132, "frac_class_24": 0.00068516414658999073, "frac_developed": 0.12304259729916492, "wind_power_index": 65.041462611399652, "wind_resource_pct": 0.53627180899908178, "wind_screening_pct": 0.53627180899908178, "resource_land_adj_oof": 48.315670013427734, "resource_opportunity_oof": 16.725792597971918 }, "geometry": { "type": "Point", "coordinates": [ -74.13, 42.75 ] } },
{ "type": "Feature", "properties": { "latitude": 42.03, "longitude": -76.2, "frac_class_11": 0.010007612578321719, "frac_class_21": 0.06617672893365345, "frac_class_22": 0.031773730748960588, "frac_class_23": 0.0084616735960648826, "frac_class_24": 0.0010247701586929788, "frac_developed": 0.1074369034373719, "wind_power_index": 52.468853613003951, "wind_resource_pct": 0.22497704315886133, "wind_screening_pct": 0.22497704315886133, "resource_land_adj_oof": 55.420825958251953, "resource_opportunity_oof": -2.9519723452480022 }, "geometry": { "type": "Point", "coordinates": [ -76.2, 42.03 ] } },
{ "type": "Feature", "properties": { "latitude": 42.12, "longitude": -74.49, "frac_class_11": 0.00030449778360747891, "frac_class_21": 0.034566354166056697, "frac_class_22": 0.012215045703946175, "frac_class_23": 0.002406703635820651, "frac_class_24": 0.00022251761109777306, "frac_developed": 0.049410621116921294, "wind_power_index": 67.085096865408474, "wind_resource_pct": 0.58769513314967858, "wind_screening_pct": 0.58769513314967858, "resource_land_adj_oof": 69.121490478515625, "resource_opportunity_oof": -2.0363936131071512 }, "geometry": { "type": "Point", "coordinates": [ -74.49, 42.12 ] } },
{ "type": "Feature", "properties": { "latitude": 44.73, "longitude": -74.94, "frac_class_11": 0.024029986236785851, "frac_class_21": 0.056786435913203898, "frac_class_22": 0.031356701513953554, "frac_class_23": 0.0079768075199859439, "frac_class_24": 0.0021728308295996955, "frac_developed": 0.098292775776743099, "wind_power_index": 47.970107690423546, "wind_resource_pct": 0.15105601469237834, "wind_screening_pct": 0.15105601469237834, "resource_land_adj_oof": 45.931118011474609, "resource_opportunity_oof": 2.038989678948937 }, "geometry": { "type": "Point", "coordinates": [ -74.94, 44.73 ] } },
{ "type": "Feature", "properties": { "latitude": 43.38, "longitude": -75.57, "frac_class_11": 0.0050888052141221662, "frac_class_21": 0.040599178998284212, "frac_class_22": 0.0062248560904624431, "frac_class_23": 0.00031622034702255119, "frac_class_24": 0.0, "frac_developed": 0.047140255435769204, "wind_power_index": 58.995458770026609, "wind_resource_pct": 0.37098255280073461, "wind_screening_pct": 0.37098255280073461, "resource_land_adj_oof": 60.369857788085938, "resource_opportunity_oof": -1.3743990180593286 }, "geometry": { "type": "Point", "coordinates": [ -75.57, 43.38 ] } },
{ "type": "Feature", "properties": { "latitude": 42.66, "longitude": -74.58, "frac_class_11": 0.0027288325164403376, "frac_class_21": 0.060432514097992024, "frac_class_22": 0.026128864138104693, "frac_class_23": 0.011489204715141506, "frac_class_24": 0.0010540554784533493, "frac_developed": 0.099104638429691569, "wind_power_index": 83.264002218844922, "wind_resource_pct": 0.85215794306703396, "wind_screening_pct": 0.85215794306703396, "resource_land_adj_oof": 72.044219970703125, "resource_opportunity_oof": 11.219782248141797 }, "geometry": { "type": "Point", "coordinates": [ -74.58, 42.66 ] } },
{ "type": "Feature", "properties": { "latitude": 42.66, "longitude": -78.99, "frac_class_11": 0.12851487931418132, "frac_class_21": 0.086916041083537302, "frac_class_22": 0.078723927529951859, "frac_class_23": 0.021273730193120732, "frac_class_24": 0.0035661166219682155, "frac_developed": 0.19047981542857811, "wind_power_index": 118.79527453249867, "wind_resource_pct": 0.99173553719008267, "wind_screening_pct": 0.99173553719008267, "resource_land_adj_oof": 93.910881042480469, "resource_opportunity_oof": 24.884393490018198 }, "geometry": { "type": "Point", "coordinates": [ -78.99, 42.66 ] } },
{ "type": "Feature", "properties": { "latitude": 42.03, "longitude": -76.47, "frac_class_11": 0.017391406185953365, "frac_class_21": 0.077658191527984352, "frac_class_22": 0.055500251794769695, "frac_class_23": 0.025981706817196998, "frac_class_24": 0.0080164427840303566, "frac_developed": 0.16715659292398141, "wind_power_index": 48.351727731080615, "wind_resource_pct": 0.16069788797061524, "wind_screening_pct": 0.16069788797061524, "resource_land_adj_oof": 54.522418975830078, "resource_opportunity_oof": -6.1706912447494631 }, "geometry": { "type": "Point", "coordinates": [ -76.47, 42.03 ] } },
{ "type": "Feature", "properties": { "latitude": 42.66, "longitude": -76.74, "frac_class_11": 0.25252531167469888, "frac_class_21": 0.036399622886789912, "frac_class_22": 0.037471233406140385, "frac_class_23": 0.0036130256308155367, "frac_class_24": 0.00047431941020430868, "frac_developed": 0.077958201333950136, "wind_power_index": 68.761695574441902, "wind_resource_pct": 0.62350780532598715, "wind_screening_pct": 0.62350780532598715, "resource_land_adj_oof": 102.03372955322266, "resource_opportunity_oof": -33.272033978780755 }, "geometry": { "type": "Point", "coordinates": [ -76.74, 42.66 ] } },
{ "type": "Feature", "properties": { "latitude": 42.3, "longitude": -79.53, "frac_class_11": 0.020883110798781915, "frac_class_21": 0.076797844928554695, "frac_class_22": 0.043815881939564302, "frac_class_23": 0.0093874443663621455, "frac_class_24": 0.0022721948934176623, "frac_developed": 0.13227336612789881, "wind_power_index": 141.5359669909202, "wind_resource_pct": 0.99311294765840219, "wind_screening_pct": 0.99311294765840219, "resource_land_adj_oof": 91.299530029296875, "resource_opportunity_oof": 50.236436961623326 }, "geometry": { "type": "Point", "coordinates": [ -79.53, 42.3 ] } },
{ "type": "Feature", "properties": { "latitude": 42.39, "longitude": -76.74, "frac_class_11": 0.010400866738894909, "frac_class_21": 0.051869637785130741, "frac_class_22": 0.016714005446399813, "frac_class_23": 0.0019150244502357178, "frac_class_24": 0.00011712687769025797, "frac_developed": 0.070615794559456532, "wind_power_index": 63.452778361350909, "wind_resource_pct": 0.49954086317722679, "wind_screening_pct": 0.49954086317722679, "resource_land_adj_oof": 59.725349426269531, "resource_opportunity_oof": 3.7274289350813774 }, "geometry": { "type": "Point", "coordinates": [ -76.74, 42.39 ] } },
{ "type": "Feature", "properties": { "latitude": 42.03, "longitude": -77.91, "frac_class_11": 0.0027111855434668042, "frac_class_21": 0.055845737641561359, "frac_class_22": 0.01420005387236933, "frac_class_23": 0.0013350978486186421, "frac_class_24": 9.3691077096045064e-05, "frac_developed": 0.071474580439645372, "wind_power_index": 72.23236661807411, "wind_resource_pct": 0.69421487603305787, "wind_screening_pct": 0.69421487603305787, "resource_land_adj_oof": 64.555961608886719, "resource_opportunity_oof": 7.6764050091873912 }, "geometry": { "type": "Point", "coordinates": [ -77.91, 42.03 ] } },
{ "type": "Feature", "properties": { "latitude": 42.84, "longitude": -73.41, "frac_class_11": 0.0057618325438139346, "frac_class_21": 0.048407591097266056, "frac_class_22": 0.014498269693580592, "frac_class_23": 0.0030448708564870387, "frac_class_24": 0.00036889781530516049, "frac_developed": 0.066319629462638849, "wind_power_index": 53.58424909198061, "wind_resource_pct": 0.25114784205693297, "wind_screening_pct": 0.25114784205693297, "resource_land_adj_oof": 55.132965087890625, "resource_opportunity_oof": -1.5487159959100154 }, "geometry": { "type": "Point", "coordinates": [ -73.41, 42.84 ] } },
{ "type": "Feature", "properties": { "latitude": 42.66, "longitude": -77.82, "frac_class_11": 0.00038648700876622806, "frac_class_21": 0.040604559375530688, "frac_class_22": 0.043790149265967478, "frac_class_23": 0.0054459533053423043, "frac_class_24": 0.0005328836029958599, "frac_developed": 0.090373545549836343, "wind_power_index": 56.686905854396031, "wind_resource_pct": 0.32093663911845732, "wind_screening_pct": 0.32093663911845732, "resource_land_adj_oof": 84.545791625976562, "resource_opportunity_oof": -27.858885771580532 }, "geometry": { "type": "Point", "coordinates": [ -77.82, 42.66 ] } },
{ "type": "Feature", "properties": { "latitude": 42.57, "longitude": -74.94, "frac_class_11": 0.010897953925254441, "frac_class_21": 0.05761099984774487, "frac_class_22": 0.01300610191724348, "frac_class_23": 0.0029631191220734808, "frac_class_24": 0.00010540739959945188, "frac_developed": 0.073685628286661281, "wind_power_index": 55.864564409625046, "wind_resource_pct": 0.29614325068870523, "wind_screening_pct": 0.29614325068870523, "resource_land_adj_oof": 56.591690063476562, "resource_opportunity_oof": -0.72712565385151606 }, "geometry": { "type": "Point", "coordinates": [ -74.94, 42.57 ] } },
{ "type": "Feature", "properties": { "latitude": 44.55, "longitude": -75.66, "frac_class_11": 0.13458584426326362, "frac_class_21": 0.038727401630627434, "frac_class_22": 0.031046910079168145, "frac_class_23": 0.0036113080467919177, "frac_class_24": 0.00023632281696797826, "frac_developed": 0.073621942573555463, "wind_power_index": 46.843623390932564, "wind_resource_pct": 0.12626262626262627, "wind_screening_pct": 0.12626262626262627, "resource_land_adj_oof": 55.0233154296875, "resource_opportunity_oof": -8.1796920387549363 }, "geometry": { "type": "Point", "coordinates": [ -75.66, 44.55 ] } },
{ "type": "Feature", "properties": { "latitude": 42.03, "longitude": -78.54, "frac_class_11": 0.0018858089944889867, "frac_class_21": 0.035297424875109076, "frac_class_22": 0.0092416353829304996, "frac_class_23": 0.00091947829855518919, "frac_class_24": 0.0, "frac_developed": 0.045458538556594763, "wind_power_index": 57.862227929470386, "wind_resource_pct": 0.3480257116620753, "wind_screening_pct": 0.3480257116620753, "resource_land_adj_oof": 71.656913757324219, "resource_opportunity_oof": -13.794685827853833 }, "geometry": { "type": "Point", "coordinates": [ -78.54, 42.03 ] } },
{ "type": "Feature", "properties": { "latitude": 42.57, "longitude": -74.58, "frac_class_11": 0.0068053107192428651, "frac_class_21": 0.054067666574914054, "frac_class_22": 0.0076720800707471204, "frac_class_23": 0.00074963835805773392, "frac_class_24": 1.1713099344652092e-05, "frac_developed": 0.062501098103063563, "wind_power_index": 86.067863405442409, "wind_resource_pct": 0.89944903581267222, "wind_screening_pct": 0.89944903581267222, "resource_land_adj_oof": 68.326774597167969, "resource_opportunity_oof": 17.741088808274441 }, "geometry": { "type": "Point", "coordinates": [ -74.58, 42.57 ] } },
{ "type": "Feature", "properties": { "latitude": 42.75, "longitude": -73.32, "frac_class_11": 0.00079638814552822205, "frac_class_21": 0.036838807525867975, "frac_class_22": 0.0097616105779084264, "frac_class_23": 0.0017098921948105943, "frac_class_24": 0.00028693396419766823, "frac_developed": 0.048597244262784667, "wind_power_index": 63.531369265521576, "wind_resource_pct": 0.50045913682277321, "wind_screening_pct": 0.50045913682277321, "resource_land_adj_oof": 59.656581878662109, "resource_opportunity_oof": 3.8747873868594667 }, "geometry": { "type": "Point", "coordinates": [ -73.32, 42.75 ] } },
{ "type": "Feature", "properties": { "latitude": 42.12, "longitude": -76.92, "frac_class_11": 0.014288056590073313, "frac_class_21": 0.098060571990724474, "frac_class_22": 0.059488674958424095, "frac_class_23": 0.024131590658890215, "frac_class_24": 0.010317850701520156, "frac_developed": 0.19199868830955893, "wind_power_index": 43.338306270021207, "wind_resource_pct": 0.079889807162534437, "wind_screening_pct": 0.079889807162534437, "resource_land_adj_oof": 53.045078277587891, "resource_opportunity_oof": -9.7067720075666841 }, "geometry": { "type": "Point", "coordinates": [ -76.92, 42.12 ] } },
{ "type": "Feature", "properties": { "latitude": 42.84, "longitude": -78.45, "frac_class_11": 0.0039584016489436456, "frac_class_21": 0.046552208741275122, "frac_class_22": 0.034237832013866119, "frac_class_23": 0.0031737480676441655, "frac_class_24": 0.0004157492856139036, "frac_developed": 0.084379538108399307, "wind_power_index": 97.686039660090529, "wind_resource_pct": 0.96740128558310379, "wind_screening_pct": 0.96740128558310379, "resource_land_adj_oof": 81.270706176757812, "resource_opportunity_oof": 16.415333483332716 }, "geometry": { "type": "Point", "coordinates": [ -78.45, 42.84 ] } },
{ "type": "Feature", "properties": { "latitude": 42.57, "longitude": -75.48, "frac_class_11": 0.0060551404277248136, "frac_class_21": 0.057822491860111028, "frac_class_22": 0.044470731535920918, "frac_class_23": 0.017515401372654657, "frac_class_24": 0.0049659178749619356, "frac_developed": 0.12477454264364854, "wind_power_index": 58.759135374473644, "wind_resource_pct": 0.3640955004591368, "wind_screening_pct": 0.3640955004591368, "resource_land_adj_oof": 63.200389862060547, "resource_opportunity_oof": -4.4412544875869031 }, "geometry": { "type": "Point", "coordinates": [ -75.48, 42.57 ] } },
{ "type": "Feature", "properties": { "latitude": 43.02, "longitude": -76.65, "frac_class_11": 0.015378308737409229, "frac_class_21": 0.063264230498945889, "frac_class_22": 0.037590770672288595, "frac_class_23": 0.0072616537830873743, "frac_class_24": 0.00089599437807449055, "frac_developed": 0.10901264933239635, "wind_power_index": 64.308999637416377, "wind_resource_pct": 0.51974288337924701, "wind_screening_pct": 0.51974288337924701, "resource_land_adj_oof": 63.355808258056641, "resource_opportunity_oof": 0.95319137935973686 }, "geometry": { "type": "Point", "coordinates": [ -76.65, 43.02 ] } },
{ "type": "Feature", "properties": { "latitude": 42.84, "longitude": -77.37, "frac_class_11": 0.0023540572352124798, "frac_class_21": 0.050395563597608467, "frac_class_22": 0.046565828692561297, "frac_class_23": 0.0056274850821870477, "frac_class_24": 0.00019324350438311403, "frac_developed": 0.10278212087673992, "wind_power_index": 77.098524847569294, "wind_resource_pct": 0.77089072543617998, "wind_screening_pct": 0.77089072543617998, "resource_land_adj_oof": 88.318916320800781, "resource_opportunity_oof": -11.220391473231487 }, "geometry": { "type": "Point", "coordinates": [ -77.37, 42.84 ] } },
{ "type": "Feature", "properties": { "latitude": 42.3, "longitude": -79.08, "frac_class_11": 0.0003337627356833353, "frac_class_21": 0.036321583323574186, "frac_class_22": 0.016893078814849513, "frac_class_23": 0.0026818128586485537, "frac_class_24": 0.0004157395479564352, "frac_developed": 0.056312214545028688, "wind_power_index": 73.095165724343019, "wind_resource_pct": 0.70431588613406793, "wind_screening_pct": 0.70431588613406793, "resource_land_adj_oof": 97.051673889160156, "resource_opportunity_oof": -23.956508164817137 }, "geometry": { "type": "Point", "coordinates": [ -79.08, 42.3 ] } },
{ "type": "Feature", "properties": { "latitude": 42.12, "longitude": -78.99, "frac_class_11": 0.0023660737816769842, "frac_class_21": 0.051866211412206362, "frac_class_22": 0.024919910745137542, "frac_class_23": 0.0047555740364398792, "frac_class_24": 0.00040996327900343782, "frac_developed": 0.081951659472787222, "wind_power_index": 57.025262471356584, "wind_resource_pct": 0.33011937557392101, "wind_screening_pct": 0.33011937557392101, "resource_land_adj_oof": 66.716087341308594, "resource_opportunity_oof": -9.6908248699520101 }, "geometry": { "type": "Point", "coordinates": [ -78.99, 42.12 ] } },
{ "type": "Feature", "properties": { "latitude": 42.93, "longitude": -75.3, "frac_class_11": 0.0032909568954916234, "frac_class_21": 0.052479636472234747, "frac_class_22": 0.029138436854032595, "frac_class_23": 0.0053580525967523761, "frac_class_24": 0.00069098383214948674, "frac_developed": 0.087667109755169198, "wind_power_index": 88.52390326607609, "wind_resource_pct": 0.92286501377410468, "wind_screening_pct": 0.92286501377410468, "resource_land_adj_oof": 78.571784973144531, "resource_opportunity_oof": 9.9521182929315586 }, "geometry": { "type": "Point", "coordinates": [ -75.3, 42.93 ] } },
{ "type": "Feature", "properties": { "latitude": 42.39, "longitude": -77.55, "frac_class_11": 0.0034081127136658292, "frac_class_21": 0.047977091860934948, "frac_class_22": 0.032617161194361977, "frac_class_23": 0.0029454994759001928, "frac_class_24": 0.00013468486669126131, "frac_developed": 0.083674437397888379, "wind_power_index": 67.134653607504234, "wind_resource_pct": 0.58953168044077131, "wind_screening_pct": 0.58953168044077131, "resource_land_adj_oof": 75.405952453613281, "resource_opportunity_oof": -8.2712988461090475 }, "geometry": { "type": "Point", "coordinates": [ -77.55, 42.39 ] } },
{ "type": "Feature", "properties": { "latitude": 43.02, "longitude": -75.21, "frac_class_11": 0.002547345490320087, "frac_class_21": 0.10647318552873523, "frac_class_22": 0.061985406931122124, "frac_class_23": 0.014698476277479123, "frac_class_24": 0.0020085965590339997, "frac_developed": 0.18516566529637046, "wind_power_index": 75.596259840595906, "wind_resource_pct": 0.74288337924701564, "wind_screening_pct": 0.74288337924701564, "resource_land_adj_oof": 78.402694702148438, "resource_opportunity_oof": -2.8064348615525319 }, "geometry": { "type": "Point", "coordinates": [ -75.21, 43.02 ] } },
{ "type": "Feature", "properties": { "latitude": 42.03, "longitude": -77.73, "frac_class_11": 0.002172678133253688, "frac_class_21": 0.055704890575496172, "frac_class_22": 0.012573423051470804, "frac_class_23": 0.0016221882558255299, "frac_class_24": 0.00012298178112756723, "frac_developed": 0.070023483663920069, "wind_power_index": 87.538925575192806, "wind_resource_pct": 0.91276400367309463, "wind_screening_pct": 0.91276400367309463, "resource_land_adj_oof": 67.525177001953125, "resource_opportunity_oof": 20.013748573239681 }, "geometry": { "type": "Point", "coordinates": [ -77.73, 42.03 ] } },
{ "type": "Feature", "properties": { "latitude": 42.39, "longitude": -75.93, "frac_class_11": 0.038168520047549614, "frac_class_21": 0.046917180518712416, "frac_class_22": 0.019189665571620142, "frac_class_23": 0.0022018047772136627, "frac_class_24": 0.00024009041453659623, "frac_developed": 0.068548741282082812, "wind_power_index": 51.746912928507527, "wind_resource_pct": 0.21487603305785125, "wind_screening_pct": 0.21487603305785125, "resource_land_adj_oof": 59.518512725830078, "resource_opportunity_oof": -7.7715997973225512 }, "geometry": { "type": "Point", "coordinates": [ -75.93, 42.39 ] } },
{ "type": "Feature", "properties": { "latitude": 42.03, "longitude": -78.45, "frac_class_11": 0.0073956960913482651, "frac_class_21": 0.062005562875128095, "frac_class_22": 0.04152247108768848, "frac_class_23": 0.024599619382228079, "frac_class_24": 0.0090587029717464507, "frac_developed": 0.1371863563167911, "wind_power_index": 59.747490693229167, "wind_resource_pct": 0.39026629935720847, "wind_screening_pct": 0.39026629935720847, "resource_land_adj_oof": 59.917625427246094, "resource_opportunity_oof": -0.17013473401692636 }, "geometry": { "type": "Point", "coordinates": [ -78.45, 42.03 ] } },
{ "type": "Feature", "properties": { "latitude": 42.57, "longitude": -78.9, "frac_class_11": 0.0033321425852507304, "frac_class_21": 0.051891239802999513, "frac_class_22": 0.034469228922294905, "frac_class_23": 0.0050538471899321275, "frac_class_24": 0.00072616112578399044, "frac_developed": 0.092140477041010541, "wind_power_index": 66.387009485595513, "wind_resource_pct": 0.5633608815426997, "wind_screening_pct": 0.5633608815426997, "resource_land_adj_oof": 81.128852844238281, "resource_opportunity_oof": -14.741843358642768 }, "geometry": { "type": "Point", "coordinates": [ -78.9, 42.57 ] } },
{ "type": "Feature", "properties": { "latitude": 42.84, "longitude": -77.01, "frac_class_11": 0.17540654334217567, "frac_class_21": 0.056632058511790782, "frac_class_22": 0.07819920477370014, "frac_class_23": 0.031715358173907443, "frac_class_24": 0.0096211841727714045, "frac_developed": 0.17616780563216977, "wind_power_index": 80.597730408548188, "wind_resource_pct": 0.81313131313131315, "wind_screening_pct": 0.81313131313131315, "resource_land_adj_oof": 87.82391357421875, "resource_opportunity_oof": -7.2261831656705624 }, "geometry": { "type": "Point", "coordinates": [ -77.01, 42.84 ] } },
{ "type": "Feature", "properties": { "latitude": 42.21, "longitude": -74.67, "frac_class_11": 0.0010423437509149787, "frac_class_21": 0.053393765847431322, "frac_class_22": 0.0084441555551651639, "frac_class_23": 0.00078468574507082668, "frac_class_24": 4.0991046384296917e-05, "frac_developed": 0.062663598194051623, "wind_power_index": 64.323305977334584, "wind_resource_pct": 0.52112029384756653, "wind_screening_pct": 0.52112029384756653, "resource_land_adj_oof": 68.275833129882812, "resource_opportunity_oof": -3.9525271525482282 }, "geometry": { "type": "Point", "coordinates": [ -74.67, 42.21 ] } },
{ "type": "Feature", "properties": { "latitude": 42.03, "longitude": -77.37, "frac_class_11": 0.001692374360235644, "frac_class_21": 0.053464975463499757, "frac_class_22": 0.02102877622009065, "frac_class_23": 0.0028577117224740287, "frac_class_24": 0.0005738847311525713, "frac_developed": 0.077925348137216993, "wind_power_index": 60.661591201380041, "wind_resource_pct": 0.42056932966023874, "wind_screening_pct": 0.42056932966023874, "resource_land_adj_oof": 69.376579284667969, "resource_opportunity_oof": -8.7149880832879276 }, "geometry": { "type": "Point", "coordinates": [ -77.37, 42.03 ] } },
{ "type": "Feature", "properties": { "latitude": 42.21, "longitude": -78.45, "frac_class_11": 0.00093694368968425001, "frac_class_21": 0.055648599269183925, "frac_class_22": 0.013222617820668978, "frac_class_23": 0.0012238826946500516, "frac_class_24": 2.342359224210625e-05, "frac_developed": 0.070118523376745068, "wind_power_index": 68.414688158024148, "wind_resource_pct": 0.61202938475665747, "wind_screening_pct": 0.61202938475665747, "resource_land_adj_oof": 67.543098449707031, "resource_opportunity_oof": 0.87158970831711713 }, "geometry": { "type": "Point", "coordinates": [ -78.45, 42.21 ] } },
{ "type": "Feature", "properties": { "latitude": 42.39, "longitude": -76.02, "frac_class_11": 0.03596587282532953, "frac_class_21": 0.05588119901858022, "frac_class_22": 0.033687995174881274, "frac_class_23": 0.0057093334426402296, "frac_class_24": 0.00053287112131308813, "frac_developed": 0.095811398757414803, "wind_power_index": 56.500492623595818, "wind_resource_pct": 0.31772268135904502, "wind_screening_pct": 0.31772268135904502, "resource_land_adj_oof": 57.542121887207031, "resource_opportunity_oof": -1.0416292636112132 }, "geometry": { "type": "Point", "coordinates": [ -76.02, 42.39 ] } },
{ "type": "Feature", "properties": { "latitude": 42.57, "longitude": -76.56, "frac_class_11": 0.1825012004731621, "frac_class_21": 0.057183514282702644, "frac_class_22": 0.035393462398838178, "frac_class_23": 0.0068983287071196844, "frac_class_24": 0.0011126336624386589, "frac_developed": 0.10058793905109917, "wind_power_index": 61.117561010567755, "wind_resource_pct": 0.42929292929292928, "wind_screening_pct": 0.42929292929292928, "resource_land_adj_oof": 91.234588623046875, "resource_opportunity_oof": -30.11702761247912 }, "geometry": { "type": "Point", "coordinates": [ -76.56, 42.57 ] } },
{ "type": "Feature", "properties": { "latitude": 43.83, "longitude": -76.11, "frac_class_11": 0.0093810937582348083, "frac_class_21": 0.038759962288237325, "frac_class_22": 0.028840129063237473, "frac_class_23": 0.0041927984587366556, "frac_class_24": 0.00057973051314934212, "frac_developed": 0.072372620323360795, "wind_power_index": 71.268104573607715, "wind_resource_pct": 0.67493112947658407, "wind_screening_pct": 0.67493112947658407, "resource_land_adj_oof": 67.127494812011719, "resource_opportunity_oof": 4.1406097615959965 }, "geometry": { "type": "Point", "coordinates": [ -76.11, 43.83 ] } },
{ "type": "Feature", "properties": { "latitude": 42.03, "longitude": -78.9, "frac_class_11": 0.13161993769470404, "frac_class_21": 0.02194153608319865, "frac_class_22": 0.0080165366687747399, "frac_class_23": 0.00042161478462511418, "frac_class_24": 5.8557608975710305e-06, "frac_developed": 0.030385543297496074, "wind_power_index": 70.11176354844801, "wind_resource_pct": 0.64738292011019283, "wind_screening_pct": 0.64738292011019283, "resource_land_adj_oof": 73.287612915039062, "resource_opportunity_oof": -3.1758493665910521 }, "geometry": { "type": "Point", "coordinates": [ -78.9, 42.03 ] } },
{ "type": "Feature", "properties": { "latitude": 42.21, "longitude": -77.82, "frac_class_11": 0.002119785444920713, "frac_class_21": 0.058124282669290046, "frac_class_22": 0.020208230857517627, "frac_class_23": 0.0039760616494507297, "frac_class_24": 0.00033963413205911978, "frac_developed": 0.082648209308317525, "wind_power_index": 83.421685695799624, "wind_resource_pct": 0.85353535353535348, "wind_screening_pct": 0.85353535353535348, "resource_land_adj_oof": 69.177139282226562, "resource_opportunity_oof": 14.244546413573062 }, "geometry": { "type": "Point", "coordinates": [ -77.82, 42.21 ] } },
{ "type": "Feature", "properties": { "latitude": 42.57, "longitude": -77.19, "frac_class_11": 0.059308236506746624, "frac_class_21": 0.058869002998500751, "frac_class_22": 0.023080256746626688, "frac_class_23": 0.0016398050974512743, "frac_class_24": 5.270802098950525e-05, "frac_developed": 0.08364177286356822, "wind_power_index": 63.776958048063953, "wind_resource_pct": 0.50459136822773187, "wind_screening_pct": 0.50459136822773187, "resource_land_adj_oof": 65.402595520019531, "resource_opportunity_oof": -1.625637471955578 }, "geometry": { "type": "Point", "coordinates": [ -77.19, 42.57 ] } },
{ "type": "Feature", "properties": { "latitude": 42.12, "longitude": -73.95, "frac_class_11": 0.10051413580680674, "frac_class_21": 0.08771929824561403, "frac_class_22": 0.053954980910219476, "frac_class_23": 0.023499168481952545, "frac_class_24": 0.0047373105661349633, "frac_developed": 0.16991075820392101, "wind_power_index": 31.534681417568514, "wind_resource_pct": 0.032139577594123052, "wind_screening_pct": 0.032139577594123052, "resource_land_adj_oof": 30.127223968505859, "resource_opportunity_oof": 1.4074574490626546 }, "geometry": { "type": "Point", "coordinates": [ -73.95, 42.12 ] } },
{ "type": "Feature", "properties": { "latitude": 42.48, "longitude": -74.04, "frac_class_11": 0.017924169228517056, "frac_class_21": 0.061027667984189723, "frac_class_22": 0.021765480895915679, "frac_class_23": 0.0029278290147855364, "frac_class_24": 0.00072610159566681301, "frac_developed": 0.086447079490557757, "wind_power_index": 60.572306874519867, "wind_resource_pct": 0.41551882460973372, "wind_screening_pct": 0.41551882460973372, "resource_land_adj_oof": 60.053298950195312, "resource_opportunity_oof": 0.51900792432455489 }, "geometry": { "type": "Point", "coordinates": [ -74.04, 42.48 ] } },
{ "type": "Feature", "properties": { "latitude": 41.94, "longitude": -74.76, "frac_class_11": 0.015367856348025722, "frac_class_21": 0.038361074344347747, "frac_class_22": 0.0077014981317278294, "frac_class_23": 0.0020849683155095872, "frac_class_24": 0.0001991261874363089, "frac_developed": 0.048346666979021478, "wind_power_index": 94.329806672360945, "wind_resource_pct": 0.95408631772268138, "wind_screening_pct": 0.95408631772268138, "resource_land_adj_oof": 64.964241027832031, "resource_opportunity_oof": 29.365565644528914 }, "geometry": { "type": "Point", "coordinates": [ -74.76, 41.94 ] } },
{ "type": "Feature", "properties": { "latitude": 43.02, "longitude": -76.83, "frac_class_11": 0.013140558298051754, "frac_class_21": 0.043649608535507027, "frac_class_22": 0.035662210354338315, "frac_class_23": 0.0069684778853304754, "frac_class_24": 0.0017684708582939527, "frac_developed": 0.088048767633469777, "wind_power_index": 62.015621990931038, "wind_resource_pct": 0.46831955922865015, "wind_screening_pct": 0.46831955922865015, "resource_land_adj_oof": 60.704803466796875, "resource_opportunity_oof": 1.310818524134163 }, "geometry": { "type": "Point", "coordinates": [ -76.83, 43.02 ] } },
{ "type": "Feature", "properties": { "latitude": 42.57, "longitude": -74.22, "frac_class_11": 0.0051180848758835135, "frac_class_21": 0.053675475940901933, "frac_class_22": 0.0079406442696773969, "frac_class_23": 0.00039820339995432375, "frac_class_24": 1.1711864704538933e-05, "frac_developed": 0.062026035475238196, "wind_power_index": 69.354508650365801, "wind_resource_pct": 0.63452708907254363, "wind_screening_pct": 0.63452708907254363, "resource_land_adj_oof": 61.918716430664062, "resource_opportunity_oof": 7.4357922197017388 }, "geometry": { "type": "Point", "coordinates": [ -74.22, 42.57 ] } },
{ "type": "Feature", "properties": { "latitude": 42.75, "longitude": -77.46, "frac_class_11": 0.047672586944937312, "frac_class_21": 0.047104568159326343, "frac_class_22": 0.022504084464979007, "frac_class_23": 0.0027229766526711521, "frac_class_24": 0.00057973051314934212, "frac_developed": 0.072911359790125849, "wind_power_index": 85.684434615171313, "wind_resource_pct": 0.8925619834710744, "wind_screening_pct": 0.8925619834710744, "resource_land_adj_oof": 87.055213928222656, "resource_opportunity_oof": -1.3707793130513437 }, "geometry": { "type": "Point", "coordinates": [ -77.46, 42.75 ] } },
{ "type": "Feature", "properties": { "latitude": 42.66, "longitude": -78.27, "frac_class_11": 0.0065819523335480471, "frac_class_21": 0.039942612871113191, "frac_class_22": 0.020179188382034315, "frac_class_23": 0.0028283656379926216, "frac_class_24": 0.00039819640452070038, "frac_developed": 0.06334836329566082, "wind_power_index": 97.550898294634109, "wind_resource_pct": 0.96556473829201106, "wind_screening_pct": 0.96556473829201106, "resource_land_adj_oof": 77.479133605957031, "resource_opportunity_oof": 20.071764688677078 }, "geometry": { "type": "Point", "coordinates": [ -78.27, 42.66 ] } },
{ "type": "Feature", "properties": { "latitude": 42.12, "longitude": -74.67, "frac_class_11": 0.014013574369154911, "frac_class_21": 0.039961818426708359, "frac_class_22": 0.011278789901793713, "frac_class_23": 0.0031857018206520146, "frac_class_24": 0.00031037168473264113, "frac_developed": 0.054736681833886733, "wind_power_index": 71.555321551951735, "wind_resource_pct": 0.68089990817263546, "wind_screening_pct": 0.68089990817263546, "resource_land_adj_oof": 60.337928771972656, "resource_opportunity_oof": 11.217392779979079 }, "geometry": { "type": "Point", "coordinates": [ -74.67, 42.12 ] } },
{ "type": "Feature", "properties": { "latitude": 43.29, "longitude": -75.3, "frac_class_11": 0.00022837601232059308, "frac_class_21": 0.054136826510355972, "frac_class_22": 0.016097580971007958, "frac_class_23": 0.0019148450263803574, "frac_class_24": 0.00010540431337873527, "frac_developed": 0.072254656821123017, "wind_power_index": 48.044932002070098, "wind_resource_pct": 0.15243342516069788, "wind_screening_pct": 0.15243342516069788, "resource_land_adj_oof": 63.709400177001953, "resource_opportunity_oof": -15.664468174931855 }, "geometry": { "type": "Point", "coordinates": [ -75.3, 43.29 ] } },
{ "type": "Feature", "properties": { "latitude": 42.57, "longitude": -74.4, "frac_class_11": 0.0035312099225242003, "frac_class_21": 0.036682419493684226, "frac_class_22": 0.017134859425051094, "frac_class_23": 0.0030627243606636098, "frac_class_24": 0.00044506128376756089, "frac_developed": 0.057325064563166495, "wind_power_index": 52.67541883895678, "wind_resource_pct": 0.22910927456382002, "wind_screening_pct": 0.22910927456382002, "resource_land_adj_oof": 48.762626647949219, "resource_opportunity_oof": 3.9127921910075614 }, "geometry": { "type": "Point", "coordinates": [ -74.4, 42.57 ] } },
{ "type": "Feature", "properties": { "latitude": 42.03, "longitude": -77.64, "frac_class_11": 0.00084906047067228024, "frac_class_21": 0.056078980190540882, "frac_class_22": 0.0098549570492513627, "frac_class_23": 0.0012765185007348764, "frac_class_24": 9.9545020699508713e-05, "frac_developed": 0.067310000761226618, "wind_power_index": 90.962273105930294, "wind_resource_pct": 0.93847566574839303, "wind_screening_pct": 0.93847566574839303, "resource_land_adj_oof": 68.554397583007812, "resource_opportunity_oof": 22.407875522922481 }, "geometry": { "type": "Point", "coordinates": [ -77.64, 42.03 ] } },
{ "type": "Feature", "properties": { "latitude": 44.19, "longitude": -73.41, "frac_class_11": 0.27374406361810399, "frac_class_21": 0.042004110816365965, "frac_class_22": 0.01894371929331436, "frac_class_23": 0.0031445988440524921, "frac_class_24": 0.00011711727538370547, "frac_developed": 0.064209546229116524, "wind_power_index": 32.416539445109848, "wind_resource_pct": 0.038567493112947659, "wind_screening_pct": 0.038567493112947659, "resource_land_adj_oof": 53.352344512939453, "resource_opportunity_oof": -20.935805067829605 }, "geometry": { "type": "Point", "coordinates": [ -73.41, 44.19 ] } },
{ "type": "Feature", "properties": { "latitude": 42.3, "longitude": -77.73, "frac_class_11": 0.0037363692797826114, "frac_class_21": 0.057134825538493972, "frac_class_22": 0.038757510805017742, "frac_class_23": 0.020743291518793117, "frac_class_24": 0.0041170338615786452, "frac_developed": 0.12075266172388348, "wind_power_index": 80.467033853294154, "wind_resource_pct": 0.81175390266299352, "wind_screening_pct": 0.81175390266299352, "resource_land_adj_oof": 68.084152221679688, "resource_opportunity_oof": 12.382881631614467 }, "geometry": { "type": "Point", "coordinates": [ -77.73, 42.3 ] } },
{ "type": "Feature", "properties": { "latitude": 44.1, "longitude": -76.2, "frac_class_11": 0.14790068513204896, "frac_class_21": 0.036651636704339172, "frac_class_22": 0.022574222638636763, "frac_class_23": 0.0025238625051238507, "frac_class_24": 0.00021080986121684137, "frac_developed": 0.061960531709316619, "wind_power_index": 83.950561197928934, "wind_resource_pct": 0.86455463728190995, "wind_screening_pct": 0.86455463728190995, "resource_land_adj_oof": 71.232673645019531, "resource_opportunity_oof": 12.717887552909403 }, "geometry": { "type": "Point", "coordinates": [ -76.2, 44.1 ] } },
{ "type": "Feature", "properties": { "latitude": 42.57, "longitude": -78.0, "frac_class_11": 0.010165779503305635, "frac_class_21": 0.064244681411731633, "frac_class_22": 0.030602744057762241, "frac_class_23": 0.0037887438586628719, "frac_class_24": 0.00047432496530400717, "frac_developed": 0.099110494293460749, "wind_power_index": 78.833421199855238, "wind_resource_pct": 0.79384756657483935, "wind_screening_pct": 0.79384756657483935, "resource_land_adj_oof": 82.543266296386719, "resource_opportunity_oof": -3.7098450965314811 }, "geometry": { "type": "Point", "coordinates": [ -78.0, 42.57 ] } },
{ "type": "Feature", "properties": { "latitude": 44.64, "longitude": -75.12, "frac_class_11": 0.0059847278178581471, "frac_class_21": 0.071957275367750401, "frac_class_22": 0.028916424622880164, "frac_class_23": 0.010376651363253069, "frac_class_24": 0.0021491145882132482, "frac_developed": 0.11339946594209688, "wind_power_index": 43.871379710615841, "wind_resource_pct": 0.082644628099173556, "wind_screening_pct": 0.082644628099173556, "resource_land_adj_oof": 47.563514709472656, "resource_opportunity_oof": -3.6921349988568153 }, "geometry": { "type": "Point", "coordinates": [ -75.12, 44.64 ] } },
{ "type": "Feature", "properties": { "latitude": 42.12, "longitude": -78.36, "frac_class_11": 0.0022719287972830541, "frac_class_21": 0.081847991568099313, "frac_class_22": 0.045965569738845295, "frac_class_23": 0.012267244408010306, "frac_class_24": 0.003056564000468439, "frac_developed": 0.14313736971542335, "wind_power_index": 66.83598818075788, "wind_resource_pct": 0.57897153351698805, "wind_screening_pct": 0.57897153351698805, "resource_land_adj_oof": 65.055252075195312, "resource_opportunity_oof": 1.7807361055625677 }, "geometry": { "type": "Point", "coordinates": [ -78.36, 42.12 ] } },
{ "type": "Feature", "properties": { "latitude": 42.57, "longitude": -74.76, "frac_class_11": 0.002652675220031504, "frac_class_21": 0.061556119013181393, "frac_class_22": 0.019365114685748752, "frac_class_23": 0.0041107682217706755, "frac_class_24": 0.00029278975938537571, "frac_developed": 0.085324791680086193, "wind_power_index": 73.076149331385466, "wind_resource_pct": 0.70339761248852162, "wind_screening_pct": 0.70339761248852162, "resource_land_adj_oof": 69.790016174316406, "resource_opportunity_oof": 3.2861331570690595 }, "geometry": { "type": "Point", "coordinates": [ -74.76, 42.57 ] } },
{ "type": "Feature", "properties": { "latitude": 42.3, "longitude": -77.28, "frac_class_11": 0.0067459550621014356, "frac_class_21": 0.052983855383588359, "frac_class_22": 0.056760887514712859, "frac_class_23": 0.019845522313768894, "frac_class_24": 0.0037828879948936869, "frac_developed": 0.1333731532069638, "wind_power_index": 61.171066817817007, "wind_resource_pct": 0.43112947658402206, "wind_screening_pct": 0.43112947658402206, "resource_land_adj_oof": 54.195632934570312, "resource_opportunity_oof": 6.9754338832466942 }, "geometry": { "type": "Point", "coordinates": [ -77.28, 42.3 ] } },
{ "type": "Feature", "properties": { "latitude": 42.3, "longitude": -77.55, "frac_class_11": 0.0008023097149750816, "frac_class_21": 0.046282143631007806, "frac_class_22": 0.026089706424919621, "frac_class_23": 0.0039705546478328857, "frac_class_24": 0.00033966396692375713, "frac_developed": 0.07668206867068407, "wind_power_index": 74.74121107378285, "wind_resource_pct": 0.72681359044995408, "wind_screening_pct": 0.72681359044995408, "resource_land_adj_oof": 69.376220703125, "resource_opportunity_oof": 5.3649903706578499 }, "geometry": { "type": "Point", "coordinates": [ -77.55, 42.3 ] } },
{ "type": "Feature", "properties": { "latitude": 42.12, "longitude": -76.47, "frac_class_11": 0.0025179919307142312, "frac_class_21": 0.056537702537316055, "frac_class_22": 0.0084733356366127732, "frac_class_23": 0.00056801213320762896, "frac_class_24": 5.8557951877075151e-06, "frac_developed": 0.065584906102324161, "wind_power_index": 52.447352351765431, "wind_resource_pct": 0.22405876951331496, "wind_screening_pct": 0.22405876951331496, "resource_land_adj_oof": 57.871971130371094, "resource_opportunity_oof": -5.4246187786056623 }, "geometry": { "type": "Point", "coordinates": [ -76.47, 42.12 ] } },
{ "type": "Feature", "properties": { "latitude": 42.21, "longitude": -75.48, "frac_class_11": 0.0093519239665743378, "frac_class_21": 0.058307518431547078, "frac_class_22": 0.022978678550305387, "frac_class_23": 0.003173915334930051, "frac_class_24": 0.00024009322644304813, "frac_developed": 0.084700205543225562, "wind_power_index": 61.186998029445959, "wind_resource_pct": 0.43296602387511479, "wind_screening_pct": 0.43296602387511479, "resource_land_adj_oof": 57.842514038085938, "resource_opportunity_oof": 3.3444839913600219 }, "geometry": { "type": "Point", "coordinates": [ -75.48, 42.21 ] } },
{ "type": "Feature", "properties": { "latitude": 42.75, "longitude": -74.4, "frac_class_11": 0.0065760579957955386, "frac_class_21": 0.05373863243759186, "frac_class_22": 0.024524070246119072, "frac_class_23": 0.0034549191607474339, "frac_class_24": 0.00028107816900996068, "frac_developed": 0.081998700013468331, "wind_power_index": 65.906810596703181, "wind_resource_pct": 0.55647382920110189, "wind_screening_pct": 0.55647382920110189, "resource_land_adj_oof": 61.422420501708984, "resource_opportunity_oof": 4.4843900949941968 }, "geometry": { "type": "Point", "coordinates": [ -74.4, 42.75 ] } },
{ "type": "Feature", "properties": { "latitude": 42.48, "longitude": -74.49, "frac_class_11": 0.01850962664543027, "frac_class_21": 0.035859839790134448, "frac_class_22": 0.0068335129057947256, "frac_class_23": 0.0013292265892162834, "frac_class_24": 8.1978732374572534e-05, "frac_developed": 0.044104558017520029, "wind_power_index": 73.697919130032162, "wind_resource_pct": 0.70982552800734622, "wind_screening_pct": 0.70982552800734622, "resource_land_adj_oof": 57.192508697509766, "resource_opportunity_oof": 16.505410432522396 }, "geometry": { "type": "Point", "coordinates": [ -74.49, 42.48 ] } },
{ "type": "Feature", "properties": { "latitude": 44.73, "longitude": -73.77, "frac_class_11": 0.049113417033636281, "frac_class_21": 0.023839361004403637, "frac_class_22": 0.014481635903682189, "frac_class_23": 0.0033202942003185609, "frac_class_24": 0.00058558980605265623, "frac_developed": 0.042226880914457046, "wind_power_index": 59.814257710796298, "wind_resource_pct": 0.3925619834710744, "wind_screening_pct": 0.3925619834710744, "resource_land_adj_oof": 58.772872924804688, "resource_opportunity_oof": 1.0413847859916103 }, "geometry": { "type": "Point", "coordinates": [ -73.77, 44.73 ] } },
{ "type": "Feature", "properties": { "latitude": 44.64, "longitude": -74.76, "frac_class_11": 0.0065882325382556704, "frac_class_21": 0.034042129551004635, "frac_class_22": 0.013475131618245598, "frac_class_23": 0.0011361040999303112, "frac_class_24": 0.00010541172061209072, "frac_developed": 0.048758776989792633, "wind_power_index": 68.059336942574959, "wind_resource_pct": 0.6014692378328742, "wind_screening_pct": 0.6014692378328742, "resource_land_adj_oof": 58.443866729736328, "resource_opportunity_oof": 9.6154702128386305 }, "geometry": { "type": "Point", "coordinates": [ -74.76, 44.64 ] } },
{ "type": "Feature", "properties": { "latitude": 42.21, "longitude": -78.0, "frac_class_11": 0.0020260458144001499, "frac_class_21": 0.051681735138426943, "frac_class_22": 0.021314470417388862, "frac_class_23": 0.003484096125919333, "frac_class_24": 0.00032791492949829014, "frac_developed": 0.076808216611233437, "wind_power_index": 70.216669073912499, "wind_resource_pct": 0.65151515151515149, "wind_screening_pct": 0.65151515151515149, "resource_land_adj_oof": 68.235466003417969, "resource_opportunity_oof": 1.98120307049453 }, "geometry": { "type": "Point", "coordinates": [ -78.0, 42.21 ] } },
{ "type": "Feature", "properties": { "latitude": 42.21, "longitude": -73.59, "frac_class_11": 0.0078994214508233199, "frac_class_21": 0.060437308223830602, "frac_class_22": 0.018972665308130139, "frac_class_23": 0.0039233598013725902, "frac_class_24": 0.00066170098142552644, "frac_developed": 0.083995034314758868, "wind_power_index": 59.847078375705649, "wind_resource_pct": 0.39715335169880622, "wind_screening_pct": 0.39715335169880622, "resource_land_adj_oof": 51.134956359863281, "resource_opportunity_oof": 8.7121220158423682 }, "geometry": { "type": "Point", "coordinates": [ -73.59, 42.21 ] } },
{ "type": "Feature", "properties": { "latitude": 42.75, "longitude": -78.09, "frac_class_11": 0.0050712077204160032, "frac_class_21": 0.059917548955307785, "frac_class_22": 0.034420968799775131, "frac_class_23": 0.0074545582310503134, "frac_class_24": 0.0017040663356132297, "frac_developed": 0.10349714232174648, "wind_power_index": 106.32610973004189, "wind_resource_pct": 0.97933884297520657, "wind_screening_pct": 0.97933884297520657, "resource_land_adj_oof": 82.040672302246094, "resource_opportunity_oof": 24.285437427795799 }, "geometry": { "type": "Point", "coordinates": [ -78.09, 42.75 ] } },
{ "type": "Feature", "properties": { "latitude": 41.67, "longitude": -73.68, "frac_class_11": 0.0060907046476761616, "frac_class_21": 0.10449657983508245, "frac_class_22": 0.03578874625187406, "frac_class_23": 0.0058271645427286356, "frac_class_24": 0.00079647676161919041, "frac_developed": 0.14690896739130435, "wind_power_index": 45.051055044307574, "wind_resource_pct": 0.10101010101010101, "wind_screening_pct": 0.10101010101010101, "resource_land_adj_oof": 51.603321075439453, "resource_opportunity_oof": -6.5522660311318788 }, "geometry": { "type": "Point", "coordinates": [ -73.68, 41.67 ] } },
{ "type": "Feature", "properties": { "latitude": 42.03, "longitude": -77.46, "frac_class_11": 0.0015342452918579593, "frac_class_21": 0.050653518223554767, "frac_class_22": 0.014891548767919049, "frac_class_23": 0.0012121708985289984, "frac_class_24": 3.5135388363159375e-05, "frac_developed": 0.066792373278365971, "wind_power_index": 68.766026677067046, "wind_resource_pct": 0.62442607897153357, "wind_screening_pct": 0.62442607897153357, "resource_land_adj_oof": 75.492652893066406, "resource_opportunity_oof": -6.7266262159993602 }, "geometry": { "type": "Point", "coordinates": [ -77.46, 42.03 ] } },
{ "type": "Feature", "properties": { "latitude": 43.02, "longitude": -78.09, "frac_class_11": 0.0030391399058393646, "frac_class_21": 0.052590588621085427, "frac_class_22": 0.077588831892816151, "frac_class_23": 0.015699294966387934, "frac_class_24": 0.0039877731712458717, "frac_developed": 0.1498664886515354, "wind_power_index": 97.251382433946532, "wind_resource_pct": 0.96326905417814512, "wind_screening_pct": 0.96326905417814512, "resource_land_adj_oof": 84.142715454101562, "resource_opportunity_oof": 13.108666979844969 }, "geometry": { "type": "Point", "coordinates": [ -78.09, 43.02 ] } },
{ "type": "Feature", "properties": { "latitude": 42.84, "longitude": -78.09, "frac_class_11": 0.001136070834602141, "frac_class_21": 0.046877562015413085, "frac_class_22": 0.029596402051954743, "frac_class_23": 0.0042983298587524303, "frac_class_24": 0.00065001991051978169, "frac_developed": 0.081422313836640045, "wind_power_index": 107.69888853431475, "wind_resource_pct": 0.98117539026629941, "wind_screening_pct": 0.98117539026629941, "resource_land_adj_oof": 81.4857177734375, "resource_opportunity_oof": 26.213170760877247 }, "geometry": { "type": "Point", "coordinates": [ -78.09, 42.84 ] } },
{ "type": "Feature", "properties": { "latitude": 41.94, "longitude": -74.94, "frac_class_11": 0.011278855951558309, "frac_class_21": 0.040606223867136713, "frac_class_22": 0.015957882901348076, "frac_class_23": 0.0039177334535786647, "frac_class_24": 0.00022838804886333026, "frac_developed": 0.060710228270926793, "wind_power_index": 74.043480858791966, "wind_resource_pct": 0.71441689623507809, "wind_screening_pct": 0.71441689623507809, "resource_land_adj_oof": 64.191947937011719, "resource_opportunity_oof": 9.8515329217802474 }, "geometry": { "type": "Point", "coordinates": [ -74.94, 41.94 ] } },
{ "type": "Feature", "properties": { "latitude": 42.03, "longitude": -77.55, "frac_class_11": 0.00089006002049480315, "frac_class_21": 0.053145952276387062, "frac_class_22": 0.015564339042599911, "frac_class_23": 0.0012472551602986386, "frac_class_24": 2.3422632118284291e-05, "frac_developed": 0.06998096911140389, "wind_power_index": 79.140094944402605, "wind_resource_pct": 0.79706152433425159, "wind_screening_pct": 0.79706152433425159, "resource_land_adj_oof": 64.76568603515625, "resource_opportunity_oof": 14.374408909246355 }, "geometry": { "type": "Point", "coordinates": [ -77.55, 42.03 ] } },
{ "type": "Feature", "properties": { "latitude": 42.66, "longitude": -78.36, "frac_class_11": 0.0065057884535430488, "frac_class_21": 0.040205889758799795, "frac_class_22": 0.022767331689806818, "frac_class_23": 0.002752223738222532, "frac_class_24": 0.00022252021713288557, "frac_developed": 0.065947965403962042, "wind_power_index": 97.550898294634109, "wind_resource_pct": 0.96556473829201106, "wind_screening_pct": 0.96556473829201106, "resource_land_adj_oof": 78.326866149902344, "resource_opportunity_oof": 19.224032144731765 }, "geometry": { "type": "Point", "coordinates": [ -78.36, 42.66 ] } },
{ "type": "Feature", "properties": { "latitude": 44.1, "longitude": -75.84, "frac_class_11": 0.016660127542206634, "frac_class_21": 0.04908442497672267, "frac_class_22": 0.049137128367893093, "frac_class_23": 0.030152195681835484, "frac_class_24": 0.0058969238787353528, "frac_developed": 0.13427067290518663, "wind_power_index": 43.805647283166124, "wind_resource_pct": 0.081267217630853997, "wind_screening_pct": 0.081267217630853997, "resource_land_adj_oof": 66.441116333007812, "resource_opportunity_oof": -22.635469049841689 }, "geometry": { "type": "Point", "coordinates": [ -75.84, 44.1 ] } },
{ "type": "Feature", "properties": { "latitude": 42.39, "longitude": -76.56, "frac_class_11": 0.00085501118542030241, "frac_class_21": 0.0806638634793099, "frac_class_22": 0.042170791412408204, "frac_class_23": 0.01609295025708898, "frac_class_24": 0.0070040642312512447, "frac_developed": 0.14593166938005833, "wind_power_index": 57.376374425866189, "wind_resource_pct": 0.33884297520661155, "wind_screening_pct": 0.33884297520661155, "resource_land_adj_oof": 58.895915985107422, "resource_opportunity_oof": -1.5195415592412331 }, "geometry": { "type": "Point", "coordinates": [ -76.56, 42.39 ] } },
{ "type": "Feature", "properties": { "latitude": 42.39, "longitude": -76.92, "frac_class_11": 0.088033962816571512, "frac_class_21": 0.064195578978187673, "frac_class_22": 0.041270677792416922, "frac_class_23": 0.0122266139657444, "frac_class_24": 0.0033962816571512225, "frac_developed": 0.12108915239350021, "wind_power_index": 61.629546413764871, "wind_resource_pct": 0.44903581267217629, "wind_screening_pct": 0.44903581267217629, "resource_land_adj_oof": 60.743297576904297, "resource_opportunity_oof": 0.88624883686057387 }, "geometry": { "type": "Point", "coordinates": [ -76.92, 42.39 ] } },
{ "type": "Feature", "properties": { "latitude": 42.12, "longitude": -73.86, "frac_class_11": 0.10610887285674131, "frac_class_21": 0.071430244542303012, "frac_class_22": 0.032980417876885597, "frac_class_23": 0.0059964396139792001, "frac_class_24": 0.0016045160685842781, "frac_developed": 0.11201161810175209, "wind_power_index": 41.897802571525276, "wind_resource_pct": 0.073461891643709823, "wind_screening_pct": 0.073461891643709823, "resource_land_adj_oof": 41.073535919189453, "resource_opportunity_oof": 0.82426665233582241 }, "geometry": { "type": "Point", "coordinates": [ -73.86, 42.12 ] } },
{ "type": "Feature", "properties": { "latitude": 43.02, "longitude": -75.12, "frac_class_11": 0.0085081714750815385, "frac_class_21": 0.077164957810477997, "frac_class_22": 0.050287802221610639, "frac_class_23": 0.018597352102449394, "frac_class_24": 0.0034372310088595067, "frac_developed": 0.14948734314339754, "wind_power_index": 55.79381245200539, "wind_resource_pct": 0.29292929292929293, "wind_screening_pct": 0.29292929292929293, "resource_land_adj_oof": 69.882820129394531, "resource_opportunity_oof": -14.089007677389141 }, "geometry": { "type": "Point", "coordinates": [ -75.12, 43.02 ] } },
{ "type": "Feature", "properties": { "latitude": 43.02, "longitude": -77.01, "frac_class_11": 0.0067224922410259414, "frac_class_21": 0.058979914504889618, "frac_class_22": 0.067482578907302221, "frac_class_23": 0.014914797681091527, "frac_class_24": 0.0041927739064238452, "frac_developed": 0.1455700649997072, "wind_power_index": 69.213204591374819, "wind_resource_pct": 0.63360881542699721, "wind_screening_pct": 0.63360881542699721, "resource_land_adj_oof": 66.333305358886719, "resource_opportunity_oof": 2.8798992324880999 }, "geometry": { "type": "Point", "coordinates": [ -77.01, 43.02 ] } },
{ "type": "Feature", "properties": { "latitude": 42.21, "longitude": -77.1, "frac_class_11": 0.0057152561032025343, "frac_class_21": 0.062469623062463765, "frac_class_22": 0.050037769878960713, "frac_class_23": 0.024664609330624053, "frac_class_24": 0.0059787668866493728, "frac_developed": 0.1431507691586979, "wind_power_index": 60.381589218228044, "wind_resource_pct": 0.40679522497704318, "wind_screening_pct": 0.40679522497704318, "resource_land_adj_oof": 60.069099426269531, "resource_opportunity_oof": 0.31248979195851234 }, "geometry": { "type": "Point", "coordinates": [ -77.1, 42.21 ] } },
{ "type": "Feature", "properties": { "latitude": 43.74, "longitude": -73.5, "frac_class_11": 0.19082865357701248, "frac_class_21": 0.028242500190313345, "frac_class_22": 0.0098026011442223799, "frac_class_23": 0.00086665768778071222, "frac_class_24": 1.7567385563122543e-05, "frac_developed": 0.038929326407879557, "wind_power_index": 30.727582758360853, "wind_resource_pct": 0.028925619834710745, "wind_screening_pct": 0.028925619834710745, "resource_land_adj_oof": 45.180313110351562, "resource_opportunity_oof": -14.452730351990709 }, "geometry": { "type": "Point", "coordinates": [ -73.5, 43.74 ] } },
{ "type": "Feature", "properties": { "latitude": 41.76, "longitude": -75.03, "frac_class_11": 0.017773066922770607, "frac_class_21": 0.075818088121618138, "frac_class_22": 0.01634419432667307, "frac_class_23": 0.003384788362886791, "frac_class_24": 0.00031622590241502894, "frac_developed": 0.095863296713593033, "wind_power_index": 54.717624826574152, "wind_resource_pct": 0.27272727272727271, "wind_screening_pct": 0.27272727272727271, "resource_land_adj_oof": 46.296634674072266, "resource_opportunity_oof": 8.4209901525018864 }, "geometry": { "type": "Point", "coordinates": [ -75.03, 41.76 ] } },
{ "type": "Feature", "properties": { "latitude": 41.76, "longitude": -73.68, "frac_class_11": 0.0058440835973320995, "frac_class_21": 0.07911179298592852, "frac_class_22": 0.01639622652558104, "frac_class_23": 0.0044913949089716637, "frac_class_24": 0.00055044474764450639, "frac_developed": 0.10054985916812573, "wind_power_index": 47.474372943867436, "wind_resource_pct": 0.14049586776859505, "wind_screening_pct": 0.14049586776859505, "resource_land_adj_oof": 51.859134674072266, "resource_opportunity_oof": -4.3847617302048292 }, "geometry": { "type": "Point", "coordinates": [ -73.68, 41.76 ] } },
{ "type": "Feature", "properties": { "latitude": 42.12, "longitude": -78.09, "frac_class_11": 0.00051531601168830412, "frac_class_21": 0.05421944263888645, "frac_class_22": 0.011331096393373504, "frac_class_23": 0.00075540642622490034, "frac_class_24": 5.8558637691852735e-06, "frac_developed": 0.066311801322254033, "wind_power_index": 70.428566656633706, "wind_resource_pct": 0.65748393021120299, "wind_screening_pct": 0.65748393021120299, "resource_land_adj_oof": 68.731231689453125, "resource_opportunity_oof": 1.6973349671805806 }, "geometry": { "type": "Point", "coordinates": [ -78.09, 42.12 ] } },
{ "type": "Feature", "properties": { "latitude": 42.48, "longitude": -77.19, "frac_class_11": 0.13751566471077381, "frac_class_21": 0.054923111157958844, "frac_class_22": 0.029613623320801565, "frac_class_23": 0.0020671562254781397, "frac_class_24": 0.00011126336624386588, "frac_developed": 0.086715154070482414, "wind_power_index": 60.924254585557243, "wind_resource_pct": 0.42378328741965104, "wind_screening_pct": 0.42378328741965104, "resource_land_adj_oof": 56.826091766357422, "resource_opportunity_oof": 4.0981628191998212 }, "geometry": { "type": "Point", "coordinates": [ -77.19, 42.48 ] } },
{ "type": "Feature", "properties": { "latitude": 42.66, "longitude": -75.66, "frac_class_11": 0.0023540572352124798, "frac_class_21": 0.037149599751711379, "frac_class_22": 0.012197764231212925, "frac_class_23": 0.00076126228999408557, "frac_class_24": 0.0, "frac_developed": 0.050108626272918386, "wind_power_index": 71.097320847732021, "wind_resource_pct": 0.6712580348943985, "wind_screening_pct": 0.6712580348943985, "resource_land_adj_oof": 67.673835754394531, "resource_opportunity_oof": 3.4234850933374901 }, "geometry": { "type": "Point", "coordinates": [ -75.66, 42.66 ] } },
{ "type": "Feature", "properties": { "latitude": 43.11, "longitude": -76.92, "frac_class_11": 0.0057093334426402296, "frac_class_21": 0.056701000743677281, "frac_class_22": 0.03963741340844279, "frac_class_23": 0.006101667125365251, "frac_class_24": 0.0011477224151358822, "frac_developed": 0.10358780369262122, "wind_power_index": 59.602654210607959, "wind_resource_pct": 0.38613406795224975, "wind_screening_pct": 0.38613406795224975, "resource_land_adj_oof": 66.274650573730469, "resource_opportunity_oof": -6.6719963631225099 }, "geometry": { "type": "Point", "coordinates": [ -76.92, 43.11 ] } },
{ "type": "Feature", "properties": { "latitude": 42.93, "longitude": -76.38, "frac_class_11": 0.10736097529555742, "frac_class_21": 0.085923913361713095, "frac_class_22": 0.044320437524519994, "frac_class_23": 0.0083089841256829, "frac_class_24": 0.0017449452216021877, "frac_developed": 0.14029828023351817, "wind_power_index": 90.941886804682312, "wind_resource_pct": 0.93755739210284661, "wind_screening_pct": 0.93755739210284661, "resource_land_adj_oof": 78.553268432617188, "resource_opportunity_oof": 12.388618372065125 }, "geometry": { "type": "Point", "coordinates": [ -76.38, 42.93 ] } },
{ "type": "Feature", "properties": { "latitude": 42.75, "longitude": -74.76, "frac_class_11": 0.0037243729760433808, "frac_class_21": 0.051842569114641586, "frac_class_22": 0.0093636358312788777, "frac_class_23": 0.0011477627410448154, "frac_class_24": 7.0271188227233596e-05, "frac_developed": 0.062424238875192516, "wind_power_index": 85.090677630003213, "wind_resource_pct": 0.87832874196510557, "wind_screening_pct": 0.87832874196510557, "resource_land_adj_oof": 74.450607299804688, "resource_opportunity_oof": 10.640070330198526 }, "geometry": { "type": "Point", "coordinates": [ -74.76, 42.75 ] } },
{ "type": "Feature", "properties": { "latitude": 44.28, "longitude": -73.32, "frac_class_11": 0.38518028332328019, "frac_class_21": 0.031482967222811097, "frac_class_22": 0.019670998307556264, "frac_class_23": 0.0025298812946901775, "frac_class_24": 0.00021082344122418144, "frac_developed": 0.053894670266281718, "wind_power_index": 61.649924108159723, "wind_resource_pct": 0.45224977043158859, "wind_screening_pct": 0.45224977043158859, "resource_land_adj_oof": 62.125534057617188, "resource_opportunity_oof": -0.47560994945746415 }, "geometry": { "type": "Point", "coordinates": [ -73.32, 44.28 ] } },
{ "type": "Feature", "properties": { "latitude": 44.91, "longitude": -73.41, "frac_class_11": 0.22225215675020352, "frac_class_21": 0.039222691413410796, "frac_class_22": 0.034712989697967121, "frac_class_23": 0.0052125123723959403, "frac_class_24": 0.00071452416790146597, "frac_developed": 0.079862717651675311, "wind_power_index": 69.130157272502373, "wind_resource_pct": 0.63177226813590448, "wind_screening_pct": 0.63177226813590448, "resource_land_adj_oof": 57.162876129150391, "resource_opportunity_oof": 11.967281143351983 }, "geometry": { "type": "Point", "coordinates": [ -73.41, 44.91 ] } },
{ "type": "Feature", "properties": { "latitude": 43.47, "longitude": -75.39, "frac_class_11": 0.0012179911344299156, "frac_class_21": 0.048204341435707052, "frac_class_22": 0.022485990174090753, "frac_class_23": 0.0077764049352063852, "frac_class_24": 0.0016396034501941173, "frac_developed": 0.080106339995198311, "wind_power_index": 62.346267142888919, "wind_resource_pct": 0.47842056932966026, "wind_screening_pct": 0.47842056932966026, "resource_land_adj_oof": 75.144126892089844, "resource_opportunity_oof": -12.797859749200924 }, "geometry": { "type": "Point", "coordinates": [ -75.39, 43.47 ] } },
{ "type": "Feature", "properties": { "latitude": 41.85, "longitude": -74.76, "frac_class_11": 0.010786374735757243, "frac_class_21": 0.076359569247705997, "frac_class_22": 0.026819541959700419, "frac_class_23": 0.011998524339612697, "frac_class_24": 0.0017098921948105943, "frac_developed": 0.1168875277418297, "wind_power_index": 76.555888168338811, "wind_resource_pct": 0.75987144168962351, "wind_screening_pct": 0.75987144168962351, "resource_land_adj_oof": 57.395378112792969, "resource_opportunity_oof": 19.160510055545842 }, "geometry": { "type": "Point", "coordinates": [ -74.76, 41.85 ] } },
{ "type": "Feature", "properties": { "latitude": 43.02, "longitude": -73.68, "frac_class_11": 0.11552695375174207, "frac_class_21": 0.066819305046435643, "frac_class_22": 0.040503823767083981, "frac_class_23": 0.008209680630540948, "frac_class_24": 0.00030449600056214649, "frac_developed": 0.11583730544462273, "wind_power_index": 36.949711977661458, "wind_resource_pct": 0.05876951331496786, "wind_screening_pct": 0.05876951331496786, "resource_land_adj_oof": 43.5421142578125, "resource_opportunity_oof": -6.5924022801510418 }, "geometry": { "type": "Point", "coordinates": [ -73.68, 43.02 ] } },
{ "type": "Feature", "properties": { "latitude": 42.03, "longitude": -78.09, "frac_class_11": 0.00038648927199475312, "frac_class_21": 0.040253443268059588, "frac_class_22": 0.0056275180361660265, "frac_class_23": 0.00049775133514475781, "frac_class_24": 3.5135388363159375e-05, "frac_developed": 0.046413848027733531, "wind_power_index": 69.987400249612278, "wind_resource_pct": 0.64370982552800737, "wind_screening_pct": 0.64370982552800737, "resource_land_adj_oof": 66.498207092285156, "resource_opportunity_oof": 3.4891931573271222 }, "geometry": { "type": "Point", "coordinates": [ -78.09, 42.03 ] } },
{ "type": "Feature", "properties": { "latitude": 42.03, "longitude": -76.92, "frac_class_11": 0.0019910752977828792, "frac_class_21": 0.064194610042046824, "frac_class_22": 0.018792237148780172, "frac_class_23": 0.0020847729588550144, "frac_class_24": 0.00015811480305922862, "frac_developed": 0.085229734952741235, "wind_power_index": 68.398546658232448, "wind_resource_pct": 0.60973370064279153, "wind_screening_pct": 0.60973370064279153, "resource_land_adj_oof": 62.20123291015625, "resource_opportunity_oof": 6.1973137480761977 }, "geometry": { "type": "Point", "coordinates": [ -76.92, 42.03 ] } },
{ "type": "Feature", "properties": { "latitude": 42.3, "longitude": -79.44, "frac_class_11": 0.021783430538964234, "frac_class_21": 0.05297706884032511, "frac_class_22": 0.013960133979809336, "frac_class_23": 0.0017508725083737382, "frac_class_24": 0.00031035532757126461, "frac_developed": 0.06899843065607944, "wind_power_index": 97.25894517450989, "wind_resource_pct": 0.96418732782369143, "wind_screening_pct": 0.96418732782369143, "resource_land_adj_oof": 103.89470672607422, "resource_opportunity_oof": -6.6357615515643289 }, "geometry": { "type": "Point", "coordinates": [ -79.44, 42.3 ] } },
{ "type": "Feature", "properties": { "latitude": 44.01, "longitude": -76.11, "frac_class_11": 0.27796354096517478, "frac_class_21": 0.040856840021784066, "frac_class_22": 0.03601983989880949, "frac_class_23": 0.0058149408258035802, "frac_class_24": 0.00051532204699971306, "frac_developed": 0.08320694279339684, "wind_power_index": 80.095248948093598, "wind_resource_pct": 0.80624426078971534, "wind_screening_pct": 0.80624426078971534, "resource_land_adj_oof": 80.183441162109375, "resource_opportunity_oof": -0.088192214015776926 }, "geometry": { "type": "Point", "coordinates": [ -76.11, 44.01 ] } },
{ "type": "Feature", "properties": { "latitude": 43.02, "longitude": -74.04, "frac_class_11": 0.016554720759865783, "frac_class_21": 0.06129989986355678, "frac_class_22": 0.021907042929840075, "frac_class_23": 0.001920745811544385, "frac_class_24": 5.8559323522694663e-05, "frac_developed": 0.085186247928463937, "wind_power_index": 54.070300925993905, "wind_resource_pct": 0.26584022038567495, "wind_screening_pct": 0.26584022038567495, "resource_land_adj_oof": 51.436901092529297, "resource_opportunity_oof": 2.6333998334646083 }, "geometry": { "type": "Point", "coordinates": [ -74.04, 43.02 ] } },
{ "type": "Feature", "properties": { "latitude": 43.56, "longitude": -73.41, "frac_class_11": 0.0466603422226907, "frac_class_21": 0.035662836864481219, "frac_class_22": 0.018364311396882282, "frac_class_23": 0.0088015178665542329, "frac_class_24": 0.0014229998945926004, "frac_developed": 0.06425166602251034, "wind_power_index": 27.290564551079303, "wind_resource_pct": 0.013314967860422406, "wind_screening_pct": 0.013314967860422406, "resource_land_adj_oof": 30.773700714111328, "resource_opportunity_oof": -3.4831361630320252 }, "geometry": { "type": "Point", "coordinates": [ -73.41, 43.56 ] } },
{ "type": "Feature", "properties": { "latitude": 44.91, "longitude": -74.13, "frac_class_11": 0.00064998945963038433, "frac_class_21": 0.052227531445436022, "frac_class_22": 0.016577659101023587, "frac_class_23": 0.0037769657789333147, "frac_class_24": 0.00071440282950366567, "frac_developed": 0.073296559154896593, "wind_power_index": 83.541334727597956, "wind_resource_pct": 0.85950413223140498, "wind_screening_pct": 0.85950413223140498, "resource_land_adj_oof": 55.568367004394531, "resource_opportunity_oof": 27.972967723203425 }, "geometry": { "type": "Point", "coordinates": [ -74.13, 44.91 ] } },
{ "type": "Feature", "properties": { "latitude": 42.66, "longitude": -74.4, "frac_class_11": 0.0064884490381518457, "frac_class_21": 0.056522121043539368, "frac_class_22": 0.033338213334114131, "frac_class_23": 0.014675138348022136, "frac_class_24": 0.0024712323953971832, "frac_developed": 0.10700670512107283, "wind_power_index": 59.910898471638276, "wind_resource_pct": 0.4017447199265381, "wind_screening_pct": 0.4017447199265381, "resource_land_adj_oof": 58.547580718994141, "resource_opportunity_oof": 1.3633177526441358 }, "geometry": { "type": "Point", "coordinates": [ -74.4, 42.66 ] } },
{ "type": "Feature", "properties": { "latitude": 42.03, "longitude": -78.0, "frac_class_11": 0.0043449745859977049, "frac_class_21": 0.04391235097088516, "frac_class_22": 0.003308504907127632, "frac_class_23": 0.00011125945705384957, "frac_class_24": 0.0, "frac_developed": 0.047332115335066642, "wind_power_index": 76.238481940381789, "wind_resource_pct": 0.75482093663911842, "wind_screening_pct": 0.75482093663911842, "resource_land_adj_oof": 64.799430847167969, "resource_opportunity_oof": 11.43905109321382 }, "geometry": { "type": "Point", "coordinates": [ -78.0, 42.03 ] } },
{ "type": "Feature", "properties": { "latitude": 43.92, "longitude": -76.11, "frac_class_11": 0.32356351455810356, "frac_class_21": 0.034790705300883087, "frac_class_22": 0.027230563819071935, "frac_class_23": 0.0041402169075449155, "frac_class_24": 0.00046262678316272748, "frac_developed": 0.066624112810662661, "wind_power_index": 87.286532985785144, "wind_resource_pct": 0.91000918273645548, "wind_screening_pct": 0.91000918273645548, "resource_land_adj_oof": 85.975715637207031, "resource_opportunity_oof": 1.3108173485781123 }, "geometry": { "type": "Point", "coordinates": [ -76.11, 43.92 ] } },
{ "type": "Feature", "properties": { "latitude": 42.75, "longitude": -75.48, "frac_class_11": 0.0030156109100703838, "frac_class_21": 0.05711508508121655, "frac_class_22": 0.021015587487849725, "frac_class_23": 0.0024476220590474184, "frac_class_24": 0.00028692220309407536, "frac_developed": 0.080865216831207773, "wind_power_index": 61.378819157762138, "wind_resource_pct": 0.43801652892561982, "wind_screening_pct": 0.43801652892561982, "resource_land_adj_oof": 69.412208557128906, "resource_opportunity_oof": -8.0333893993667687 }, "geometry": { "type": "Point", "coordinates": [ -75.48, 42.75 ] } },
{ "type": "Feature", "properties": { "latitude": 43.29, "longitude": -76.74, "frac_class_11": 0.1713487587624519, "frac_class_21": 0.073677799445996353, "frac_class_22": 0.021305129511528079, "frac_class_23": 0.0038709979678724737, "frac_class_24": 0.00069104048443109211, "frac_developed": 0.099544967409828003, "wind_power_index": 82.910488235328458, "wind_resource_pct": 0.84435261707988984, "wind_screening_pct": 0.84435261707988984, "resource_land_adj_oof": 95.547622680664062, "resource_opportunity_oof": -12.637134445335604 }, "geometry": { "type": "Point", "coordinates": [ -76.74, 43.29 ] } },
{ "type": "Feature", "properties": { "latitude": 41.94, "longitude": -75.3, "frac_class_11": 0.023915627726668501, "frac_class_21": 0.043093806180351003, "frac_class_22": 0.016408322451059044, "frac_class_23": 0.0067226103404053475, "frac_class_24": 0.00074370340873822227, "frac_developed": 0.066968442380553619, "wind_power_index": 68.714328391159199, "wind_resource_pct": 0.62258953168044073, "wind_screening_pct": 0.62258953168044073, "resource_land_adj_oof": 53.087734222412109, "resource_opportunity_oof": 15.62659416874709 }, "geometry": { "type": "Point", "coordinates": [ -75.3, 41.94 ] } },
{ "type": "Feature", "properties": { "latitude": 42.93, "longitude": -76.65, "frac_class_11": 0.018686061287470208, "frac_class_21": 0.074094244271501269, "frac_class_22": 0.058734313604928298, "frac_class_23": 0.029004093248774662, "frac_class_24": 0.012601818831286709, "frac_developed": 0.17443446995649095, "wind_power_index": 72.067875164201638, "wind_resource_pct": 0.69146005509641872, "wind_screening_pct": 0.69146005509641872, "resource_land_adj_oof": 67.690605163574219, "resource_opportunity_oof": 4.3772700006274192 }, "geometry": { "type": "Point", "coordinates": [ -76.65, 42.93 ] } },
{ "type": "Feature", "properties": { "latitude": 42.75, "longitude": -75.03, "frac_class_11": 0.023113364994407585, "frac_class_21": 0.05827238283743346, "frac_class_22": 0.0090474154842563256, "frac_class_23": 0.0010599237557607733, "frac_class_24": 5.27033911704252e-05, "frac_developed": 0.068432425468620994, "wind_power_index": 71.368174790709531, "wind_resource_pct": 0.67630853994490359, "wind_screening_pct": 0.67630853994490359, "resource_land_adj_oof": 71.142501831054688, "resource_opportunity_oof": 0.22567295965484391 }, "geometry": { "type": "Point", "coordinates": [ -75.03, 42.75 ] } },
{ "type": "Feature", "properties": { "latitude": 41.94, "longitude": -73.68, "frac_class_11": 0.0090238860683145069, "frac_class_21": 0.064882970562572834, "frac_class_22": 0.015623444536186311, "frac_class_23": 0.0032851395745129384, "frac_class_24": 0.00041576632761215445, "frac_developed": 0.084207321000884239, "wind_power_index": 57.081251256489949, "wind_resource_pct": 0.3319559228650138, "wind_screening_pct": 0.3319559228650138, "resource_land_adj_oof": 46.16192626953125, "resource_opportunity_oof": 10.919324986958699 }, "geometry": { "type": "Point", "coordinates": [ -73.68, 41.94 ] } },
{ "type": "Feature", "properties": { "latitude": 42.03, "longitude": -76.38, "frac_class_11": 0.019176830874990485, "frac_class_21": 0.065950731647333685, "frac_class_22": 0.033007571188495073, "frac_class_23": 0.0084553721476293923, "frac_class_24": 0.0027755168961054932, "frac_developed": 0.11018919187956365, "wind_power_index": 53.909428465397554, "wind_resource_pct": 0.26262626262626265, "wind_screening_pct": 0.26262626262626265, "resource_land_adj_oof": 53.192363739013672, "resource_opportunity_oof": 0.71706472638388163 }, "geometry": { "type": "Point", "coordinates": [ -76.38, 42.03 ] } },
{ "type": "Feature", "properties": { "latitude": 42.57, "longitude": -78.27, "frac_class_11": 0.004063945657902442, "frac_class_21": 0.041687650055630382, "frac_class_22": 0.015213444984482053, "frac_class_23": 0.0017801721613866603, "frac_class_24": 0.00033378228025999883, "frac_developed": 0.059015049481759091, "wind_power_index": 99.313299051597369, "wind_resource_pct": 0.97015610651974293, "wind_screening_pct": 0.97015610651974293, "resource_land_adj_oof": 80.265449523925781, "resource_opportunity_oof": 19.047849527671588 }, "geometry": { "type": "Point", "coordinates": [ -78.27, 42.57 ] } },
{ "type": "Feature", "properties": { "latitude": 42.21, "longitude": -75.57, "frac_class_11": 0.012367367015670016, "frac_class_21": 0.069595718267631695, "frac_class_22": 0.031855339282786402, "frac_class_23": 0.0062480968777082896, "frac_class_24": 0.00047431663270325347, "frac_developed": 0.10817347106082964, "wind_power_index": 61.186998029445959, "wind_resource_pct": 0.43296602387511479, "wind_screening_pct": 0.43296602387511479, "resource_land_adj_oof": 54.933601379394531, "resource_opportunity_oof": 6.2533966500514282 }, "geometry": { "type": "Point", "coordinates": [ -75.57, 42.21 ] } },
{ "type": "Feature", "properties": { "latitude": 43.02, "longitude": -73.32, "frac_class_11": 0.00030451383195521302, "frac_class_21": 0.044523435852990088, "frac_class_22": 0.01986952753507765, "frac_class_23": 0.003917687568808414, "frac_class_24": 0.00067930008666932144, "frac_developed": 0.06898995104354548, "wind_power_index": 35.711858633424981, "wind_resource_pct": 0.048668503213957756, "wind_screening_pct": 0.048668503213957756, "resource_land_adj_oof": 57.726837158203125, "resource_opportunity_oof": -22.014978524778144 }, "geometry": { "type": "Point", "coordinates": [ -73.32, 43.02 ] } },
{ "type": "Feature", "properties": { "latitude": 42.66, "longitude": -78.45, "frac_class_11": 0.0028459164612258522, "frac_class_21": 0.044773410005211657, "frac_class_22": 0.024471368089429704, "frac_class_23": 0.0025941172681544292, "frac_class_24": 0.0001229716989418578, "frac_developed": 0.071961867061737642, "wind_power_index": 83.823617501852254, "wind_resource_pct": 0.86134067952249771, "wind_screening_pct": 0.86134067952249771, "resource_land_adj_oof": 73.8958740234375, "resource_opportunity_oof": 9.9277434784147545 }, "geometry": { "type": "Point", "coordinates": [ -78.45, 42.66 ] } },
{ "type": "Feature", "properties": { "latitude": 43.74, "longitude": -75.93, "frac_class_11": 0.00075539757921426942, "frac_class_21": 0.039520761721838014, "frac_class_22": 0.0034314959799966035, "frac_class_23": 0.00022837601232059308, "frac_class_24": 1.171159037541503e-05, "frac_developed": 0.043192345304530623, "wind_power_index": 79.494491637829199, "wind_resource_pct": 0.79889807162534432, "wind_screening_pct": 0.79889807162534432, "resource_land_adj_oof": 64.776496887207031, "resource_opportunity_oof": 14.717994750622168 }, "geometry": { "type": "Point", "coordinates": [ -75.93, 43.74 ] } },
{ "type": "Feature", "properties": { "latitude": 42.48, "longitude": -74.22, "frac_class_11": 0.0035490275313175327, "frac_class_21": 0.051396477912281628, "frac_class_22": 0.011221017739281176, "frac_class_23": 0.0010131712259371835, "frac_class_24": 0.0, "frac_developed": 0.063630666877499978, "wind_power_index": 61.897761005891255, "wind_resource_pct": 0.46326905417814507, "wind_screening_pct": 0.46326905417814507, "resource_land_adj_oof": 62.95819091796875, "resource_opportunity_oof": -1.0604299120774954 }, "geometry": { "type": "Point", "coordinates": [ -74.22, 42.48 ] } },
{ "type": "Feature", "properties": { "latitude": 42.93, "longitude": -74.13, "frac_class_11": 0.01898737883979033, "frac_class_21": 0.07989692231104864, "frac_class_22": 0.06466953644323406, "frac_class_23": 0.042982224955342763, "frac_class_24": 0.011736800491961697, "frac_developed": 0.19928548420158715, "wind_power_index": 53.935434792646674, "wind_resource_pct": 0.26354453627180902, "wind_screening_pct": 0.26354453627180902, "resource_land_adj_oof": 51.799758911132812, "resource_opportunity_oof": 2.1356758815138619 }, "geometry": { "type": "Point", "coordinates": [ -74.13, 42.93 ] } },
{ "type": "Feature", "properties": { "latitude": 42.84, "longitude": -77.46, "frac_class_11": 0.001686419637419778, "frac_class_21": 0.050522321637700845, "frac_class_22": 0.038114254930435187, "frac_class_23": 0.0043565840633344264, "frac_class_24": 0.0007026748489249075, "frac_developed": 0.093695835480395367, "wind_power_index": 87.747780636475511, "wind_resource_pct": 0.91368227731864093, "wind_screening_pct": 0.91368227731864093, "resource_land_adj_oof": 90.655502319335938, "resource_opportunity_oof": -2.9077216828604264 }, "geometry": { "type": "Point", "coordinates": [ -77.46, 42.84 ] } },
{ "type": "Feature", "properties": { "latitude": 42.3, "longitude": -77.64, "frac_class_11": 0.00048026801297895022, "frac_class_21": 0.061819864353570966, "frac_class_22": 0.045414611861448538, "frac_class_23": 0.025383921564033782, "frac_class_24": 0.0057690730827349504, "frac_developed": 0.13838747086178821, "wind_power_index": 74.74121107378285, "wind_resource_pct": 0.72681359044995408, "wind_screening_pct": 0.72681359044995408, "resource_land_adj_oof": 64.493843078613281, "resource_opportunity_oof": 10.247367995169569 }, "geometry": { "type": "Point", "coordinates": [ -77.64, 42.3 ] } },
{ "type": "Feature", "properties": { "latitude": 42.75, "longitude": -74.22, "frac_class_11": 0.0090709985711274043, "frac_class_21": 0.063871776252605941, "frac_class_22": 0.03504251481576913, "frac_class_23": 0.0084034105549178981, "frac_class_24": 0.00041577850132346397, "frac_developed": 0.10773348012461643, "wind_power_index": 70.156595441562331, "wind_resource_pct": 0.64921946740128555, "wind_screening_pct": 0.64921946740128555, "resource_land_adj_oof": 48.577651977539062, "resource_opportunity_oof": 21.578943464023268 }, "geometry": { "type": "Point", "coordinates": [ -74.22, 42.75 ] } },
{ "type": "Feature", "properties": { "latitude": 43.02, "longitude": -78.36, "frac_class_11": 0.004813520018270295, "frac_class_21": 0.030298239141764605, "frac_class_22": 0.052287007595055307, "frac_class_23": 0.0087018135610093163, "frac_class_24": 0.0017040563568329146, "frac_developed": 0.092991116654662143, "wind_power_index": 86.705826827232968, "wind_resource_pct": 0.90817263544536275, "wind_screening_pct": 0.90817263544536275, "resource_land_adj_oof": 78.204666137695312, "resource_opportunity_oof": 8.5011606895376559 }, "geometry": { "type": "Point", "coordinates": [ -78.36, 43.02 ] } },
{ "type": "Feature", "properties": { "latitude": 42.3, "longitude": -76.56, "frac_class_11": 0.0015928042724632249, "frac_class_21": 0.056515272182141855, "frac_class_22": 0.00991403541647147, "frac_class_23": 0.00045090415066054531, "frac_class_24": 2.9279490302632813e-05, "frac_developed": 0.066909491239576499, "wind_power_index": 68.999331855052063, "wind_resource_pct": 0.62901744719926533, "wind_screening_pct": 0.62901744719926533, "resource_land_adj_oof": 63.761333465576172, "resource_opportunity_oof": 5.2379983894758908 }, "geometry": { "type": "Point", "coordinates": [ -76.56, 42.3 ] } },
{ "type": "Feature", "properties": { "latitude": 42.48, "longitude": -73.77, "frac_class_11": 0.049838380999227043, "frac_class_21": 0.074186634811327382, "frac_class_22": 0.058645445389173871, "frac_class_23": 0.025015810554423441, "frac_class_24": 0.0071850186213196542, "frac_developed": 0.16503290937624435, "wind_power_index": 49.441366162253146, "wind_resource_pct": 0.17401285583103765, "wind_screening_pct": 0.17401285583103765, "resource_land_adj_oof": 39.607078552246094, "resource_opportunity_oof": 9.8342876100070526 }, "geometry": { "type": "Point", "coordinates": [ -73.77, 42.48 ] } },
{ "type": "Feature", "properties": { "latitude": 42.12, "longitude": -77.64, "frac_class_11": 0.00043331869418825942, "frac_class_21": 0.048842043624652318, "frac_class_22": 0.015464792856097203, "frac_class_23": 0.0015400380617771922, "frac_class_24": 5.2700922266139659e-05, "frac_developed": 0.065899575464792845, "wind_power_index": 92.003590780242661, "wind_resource_pct": 0.9430670339761249, "wind_screening_pct": 0.9430670339761249, "resource_land_adj_oof": 67.460441589355469, "resource_opportunity_oof": 24.543149190887192 }, "geometry": { "type": "Point", "coordinates": [ -77.64, 42.12 ] } },
{ "type": "Feature", "properties": { "latitude": 42.48, "longitude": -74.94, "frac_class_11": 0.012396791005445922, "frac_class_21": 0.050488961761433505, "frac_class_22": 0.028699420272881655, "frac_class_23": 0.0085143760613690927, "frac_class_24": 0.0012882824852140306, "frac_developed": 0.088991040580898295, "wind_power_index": 58.339701149815966, "wind_resource_pct": 0.35858585858585856, "wind_screening_pct": 0.35858585858585856, "resource_land_adj_oof": 64.231498718261719, "resource_opportunity_oof": -5.8917975684457531 }, "geometry": { "type": "Point", "coordinates": [ -74.94, 42.48 ] } },
{ "type": "Feature", "properties": { "latitude": 42.93, "longitude": -76.29, "frac_class_11": 0.030174559210179596, "frac_class_21": 0.075292932723556999, "frac_class_22": 0.034086184584214134, "frac_class_23": 0.0049832233432685492, "frac_class_24": 0.00074953300580302509, "frac_developed": 0.11511187365684271, "wind_power_index": 86.117378027916516, "wind_resource_pct": 0.90174471992653815, "wind_screening_pct": 0.90174471992653815, "resource_land_adj_oof": 76.447929382324219, "resource_opportunity_oof": 9.669448645592297 }, "geometry": { "type": "Point", "coordinates": [ -76.29, 42.93 ] } },
{ "type": "Feature", "properties": { "latitude": 43.2, "longitude": -77.01, "frac_class_11": 0.026333665163670434, "frac_class_21": 0.077326228260233068, "frac_class_22": 0.036112900392340573, "frac_class_23": 0.0059436669204192775, "frac_class_24": 0.0012707149967792937, "frac_developed": 0.12065351056977221, "wind_power_index": 71.898163590801516, "wind_resource_pct": 0.68732782369146006, "wind_screening_pct": 0.68732782369146006, "resource_land_adj_oof": 65.460922241210938, "resource_opportunity_oof": 6.4372413495905789 }, "geometry": { "type": "Point", "coordinates": [ -77.01, 43.2 ] } },
{ "type": "Feature", "properties": { "latitude": 43.02, "longitude": -78.27, "frac_class_11": 0.01025367750398201, "frac_class_21": 0.046583669071488802, "frac_class_22": 0.072864939567132012, "frac_class_23": 0.023640260470345731, "frac_class_24": 0.0083680783284924582, "frac_developed": 0.15145694743745899, "wind_power_index": 94.494138095920036, "wind_resource_pct": 0.9559228650137741, "wind_screening_pct": 0.9559228650137741, "resource_land_adj_oof": 73.8243408203125, "resource_opportunity_oof": 20.669797275607536 }, "geometry": { "type": "Point", "coordinates": [ -78.27, 43.02 ] } },
{ "type": "Feature", "properties": { "latitude": 42.03, "longitude": -77.1, "frac_class_11": 0.0079693639147670383, "frac_class_21": 0.063233769960006792, "frac_class_22": 0.025032351752850176, "frac_class_23": 0.0099192523670943149, "frac_class_24": 0.0010012940701140071, "frac_developed": 0.099186668150065299, "wind_power_index": 53.693961335114096, "wind_resource_pct": 0.25390266299357206, "wind_screening_pct": 0.25390266299357206, "resource_land_adj_oof": 52.82611083984375, "resource_opportunity_oof": 0.8678504952703463 }, "geometry": { "type": "Point", "coordinates": [ -77.1, 42.03 ] } },
{ "type": "Feature", "properties": { "latitude": 42.48, "longitude": -75.12, "frac_class_11": 0.0055807035317128016, "frac_class_21": 0.078838417258603827, "frac_class_22": 0.046818179156394385, "frac_class_23": 0.026896297293973661, "frac_class_24": 0.0061311611728261314, "frac_developed": 0.15868405488179801, "wind_power_index": 56.236637690168315, "wind_resource_pct": 0.3071625344352617, "wind_screening_pct": 0.3071625344352617, "resource_land_adj_oof": 58.400650024414062, "resource_opportunity_oof": -2.1640123342457471 }, "geometry": { "type": "Point", "coordinates": [ -75.12, 42.48 ] } },
{ "type": "Feature", "properties": { "latitude": 42.12, "longitude": -75.12, "frac_class_11": 0.004596691553213292, "frac_class_21": 0.042248572683355294, "frac_class_22": 0.015751720099546188, "frac_class_23": 0.0039115795637534772, "frac_class_24": 0.0015576050358659054, "frac_developed": 0.063469477382520872, "wind_power_index": 69.598448424654137, "wind_resource_pct": 0.63774104683195587, "wind_screening_pct": 0.63774104683195587, "resource_land_adj_oof": 66.218612670898438, "resource_opportunity_oof": 3.3798357537556996 }, "geometry": { "type": "Point", "coordinates": [ -75.12, 42.12 ] } },
{ "type": "Feature", "properties": { "latitude": 42.57, "longitude": -76.83, "frac_class_11": 0.16223133235724743, "frac_class_21": 0.043426061493411418, "frac_class_22": 0.022530014641288433, "frac_class_23": 0.0012650073206442168, "frac_class_24": 0.0001054172767203514, "frac_developed": 0.06732650073206442, "wind_power_index": 61.611390523238413, "wind_resource_pct": 0.44582185491276399, "wind_screening_pct": 0.44582185491276399, "resource_land_adj_oof": 70.63275146484375, "resource_opportunity_oof": -9.0213609416053373 }, "geometry": { "type": "Point", "coordinates": [ -76.83, 42.57 ] } },
{ "type": "Feature", "properties": { "latitude": 42.48, "longitude": -74.13, "frac_class_11": 0.0061310893663369817, "frac_class_21": 0.065790629446796547, "frac_class_22": 0.015559030034725273, "frac_class_23": 0.0011009023886068313, "frac_class_24": 6.4414501461038015e-05, "frac_developed": 0.082514976371589679, "wind_power_index": 70.837690867274972, "wind_resource_pct": 0.66207529843893476, "wind_screening_pct": 0.66207529843893476, "resource_land_adj_oof": 59.955150604248047, "resource_opportunity_oof": 10.882540263026925 }, "geometry": { "type": "Point", "coordinates": [ -74.13, 42.48 ] } },
{ "type": "Feature", "properties": { "latitude": 44.55, "longitude": -75.03, "frac_class_11": 0.0032034201048285554, "frac_class_21": 0.056824104711428652, "frac_class_22": 0.013973236508447775, "frac_class_23": 0.00094287136540657671, "frac_class_24": 2.9281719422564493e-05, "frac_developed": 0.071769494304705569, "wind_power_index": 54.730646856768431, "wind_resource_pct": 0.27410468319559228, "wind_screening_pct": 0.27410468319559228, "resource_land_adj_oof": 54.820152282714844, "resource_opportunity_oof": -0.089505425946413197 }, "geometry": { "type": "Point", "coordinates": [ -75.03, 44.55 ] } },
{ "type": "Feature", "properties": { "latitude": 42.84, "longitude": -76.47, "frac_class_11": 0.14413032276198059, "frac_class_21": 0.057121609593853935, "frac_class_22": 0.021525272872066334, "frac_class_23": 0.0017625427460533096, "frac_class_24": 0.0001288237223028997, "frac_developed": 0.080538248934276482, "wind_power_index": 96.573142270288926, "wind_resource_pct": 0.96189164370982549, "wind_screening_pct": 0.96189164370982549, "resource_land_adj_oof": 79.171279907226562, "resource_opportunity_oof": 17.401862363062364 }, "geometry": { "type": "Point", "coordinates": [ -76.47, 42.84 ] } },
{ "type": "Feature", "properties": { "latitude": 44.37, "longitude": -75.84, "frac_class_11": 0.23741148701809597, "frac_class_21": 0.039233730470945263, "frac_class_22": 0.021931549960660896, "frac_class_23": 0.0043413510171968076, "frac_class_24": 0.0009202540182083849, "frac_developed": 0.066426885467011351, "wind_power_index": 50.312774719863882, "wind_resource_pct": 0.18870523415977961, "wind_screening_pct": 0.18870523415977961, "resource_land_adj_oof": 86.414962768554688, "resource_opportunity_oof": -36.102188048690806 }, "geometry": { "type": "Point", "coordinates": [ -75.84, 44.37 ] } },
{ "type": "Feature", "properties": { "latitude": 42.12, "longitude": -79.62, "frac_class_11": 0.00063240736403241671, "frac_class_21": 0.050141706094533188, "frac_class_22": 0.018099732983557409, "frac_class_23": 0.003484096125919333, "frac_class_24": 0.00023422494964163583, "frac_developed": 0.071959760153651575, "wind_power_index": 83.043564114522965, "wind_resource_pct": 0.84756657483930209, "wind_screening_pct": 0.84756657483930209, "resource_land_adj_oof": 70.305984497070312, "resource_opportunity_oof": 12.737579617452653 }, "geometry": { "type": "Point", "coordinates": [ -79.62, 42.12 ] } },
{ "type": "Feature", "properties": { "latitude": 41.67, "longitude": -73.59, "frac_class_11": 0.0090122798901427093, "frac_class_21": 0.064719764357282147, "frac_class_22": 0.026626924405769265, "frac_class_23": 0.006500084911019108, "frac_class_24": 0.0013234407116128994, "frac_developed": 0.099170214385683422, "wind_power_index": 54.699886044452214, "wind_resource_pct": 0.27180899908172634, "wind_screening_pct": 0.27180899908172634, "resource_land_adj_oof": 52.309501647949219, "resource_opportunity_oof": 2.3903843965029949 }, "geometry": { "type": "Point", "coordinates": [ -73.59, 41.67 ] } },
{ "type": "Feature", "properties": { "latitude": 42.03, "longitude": -77.01, "frac_class_11": 0.0045497930049128391, "frac_class_21": 0.071098567137260871, "frac_class_22": 0.012156203704245888, "frac_class_23": 0.00096617225973052577, "frac_class_24": 0.00013467855741698239, "frac_developed": 0.084355621658654276, "wind_power_index": 61.611638102881692, "wind_resource_pct": 0.44719926538108357, "wind_screening_pct": 0.44719926538108357, "resource_land_adj_oof": 60.871551513671875, "resource_opportunity_oof": 0.74008658920981674 }, "geometry": { "type": "Point", "coordinates": [ -77.01, 42.03 ] } },
{ "type": "Feature", "properties": { "latitude": 41.76, "longitude": -74.31, "frac_class_11": 0.0044153988498881512, "frac_class_21": 0.056392958785706757, "frac_class_22": 0.034667322534930843, "frac_class_23": 0.0076127566377381913, "frac_class_24": 0.0013585842615040464, "frac_developed": 0.10003162221987984, "wind_power_index": 31.441310208846559, "wind_resource_pct": 0.031221303948576674, "wind_screening_pct": 0.031221303948576674, "resource_land_adj_oof": 40.425262451171875, "resource_opportunity_oof": -8.9839522423253158 }, "geometry": { "type": "Point", "coordinates": [ -74.31, 41.76 ] } },
{ "type": "Feature", "properties": { "latitude": 42.48, "longitude": -77.91, "frac_class_11": 0.0015869669606361923, "frac_class_21": 0.049740580677652461, "frac_class_22": 0.011389855123385218, "frac_class_23": 0.00042162959839780751, "frac_class_24": 1.1711933288827987e-05, "frac_developed": 0.061563777332724313, "wind_power_index": 82.945849075203455, "wind_resource_pct": 0.84618916437098257, "wind_screening_pct": 0.84618916437098257, "resource_land_adj_oof": 77.826400756835938, "resource_opportunity_oof": 5.1194483183675175 }, "geometry": { "type": "Point", "coordinates": [ -77.91, 42.48 ] } },
{ "type": "Feature", "properties": { "latitude": 42.21, "longitude": -79.62, "frac_class_11": 0.0011067906584526013, "frac_class_21": 0.050250638307840059, "frac_class_22": 0.011694502354126163, "frac_class_23": 0.0027347684523670096, "frac_class_24": 0.00019324916258696212, "frac_developed": 0.064873158276920195, "wind_power_index": 96.04229692108953, "wind_resource_pct": 0.95867768595041325, "wind_screening_pct": 0.95867768595041325, "resource_land_adj_oof": 73.872673034667969, "resource_opportunity_oof": 22.169623886421562 }, "geometry": { "type": "Point", "coordinates": [ -79.62, 42.21 ] } },
{ "type": "Feature", "properties": { "latitude": 42.12, "longitude": -77.28, "frac_class_11": 0.005656698151325459, "frac_class_21": 0.052567473400050357, "frac_class_22": 0.030180768397444532, "frac_class_23": 0.00412247981214609, "frac_class_24": 0.00039233827757640348, "frac_developed": 0.087263059887217373, "wind_power_index": 55.513997549573872, "wind_resource_pct": 0.28558310376492196, "wind_screening_pct": 0.28558310376492196, "resource_land_adj_oof": 55.212024688720703, "resource_opportunity_oof": 0.30197286085316932 }, "geometry": { "type": "Point", "coordinates": [ -77.28, 42.12 ] } },
{ "type": "Feature", "properties": { "latitude": 42.48, "longitude": -76.02, "frac_class_11": 0.004350932258971236, "frac_class_21": 0.060801789562447299, "frac_class_22": 0.023212779911927293, "frac_class_23": 0.0034842593460133048, "frac_class_24": 0.0002986508010868547, "frac_developed": 0.087797479621474758, "wind_power_index": 55.760456938380443, "wind_resource_pct": 0.29155188246097336, "wind_screening_pct": 0.29155188246097336, "resource_land_adj_oof": 62.399646759033203, "resource_opportunity_oof": -6.63918982065276 }, "geometry": { "type": "Point", "coordinates": [ -76.02, 42.48 ] } },
{ "type": "Feature", "properties": { "latitude": 42.66, "longitude": -76.02, "frac_class_11": 0.0014053990747789425, "frac_class_21": 0.045458804239620544, "frac_class_22": 0.010394097323885928, "frac_class_23": 0.0011594542366926276, "frac_class_24": 4.0990806347719151e-05, "frac_developed": 0.057053346606546824, "wind_power_index": 68.29082694886759, "wind_resource_pct": 0.60560146923783287, "wind_screening_pct": 0.60560146923783287, "resource_land_adj_oof": 69.339576721191406, "resource_opportunity_oof": -1.0487497723238164 }, "geometry": { "type": "Point", "coordinates": [ -76.02, 42.66 ] } },
{ "type": "Feature", "properties": { "latitude": 42.39, "longitude": -74.13, "frac_class_11": 0.0034666713513576818, "frac_class_21": 0.075610912987720255, "frac_class_22": 0.020296423823996157, "frac_class_23": 0.0039644197717384304, "frac_class_24": 0.00045675737399645134, "frac_developed": 0.10032851395745129, "wind_power_index": 59.910432872391077, "wind_resource_pct": 0.40036730945821852, "wind_screening_pct": 0.40036730945821852, "resource_land_adj_oof": 53.132217407226562, "resource_opportunity_oof": 6.7782154651645143 }, "geometry": { "type": "Point", "coordinates": [ -74.13, 42.39 ] } },
{ "type": "Feature", "properties": { "latitude": 42.3, "longitude": -78.72, "frac_class_11": 0.0037946441642706143, "frac_class_21": 0.054770535290776322, "frac_class_22": 0.025432314205906293, "frac_class_23": 0.0040757289171795491, "frac_class_24": 0.00066172035580644971, "frac_developed": 0.084940298769668618, "wind_power_index": 77.053392040360819, "wind_resource_pct": 0.76721763085399453, "wind_screening_pct": 0.76721763085399453, "resource_land_adj_oof": 81.354248046875, "resource_opportunity_oof": -4.3008560065141808 }, "geometry": { "type": "Point", "coordinates": [ -78.72, 42.3 ] } },
{ "type": "Feature", "properties": { "latitude": 44.19, "longitude": -75.66, "frac_class_11": 0.0041634459981730026, "frac_class_21": 0.0443691003208957, "frac_class_22": 0.026831096432670461, "frac_class_23": 0.0046084838263884013, "frac_class_24": 0.00077296043847937602, "frac_developed": 0.076581641018433941, "wind_power_index": 52.585434368272622, "wind_resource_pct": 0.22727272727272727, "wind_screening_pct": 0.22727272727272727, "resource_land_adj_oof": 66.310752868652344, "resource_opportunity_oof": -13.725318500379721 }, "geometry": { "type": "Point", "coordinates": [ -75.66, 44.19 ] } },
{ "type": "Feature", "properties": { "latitude": 42.39, "longitude": -79.08, "frac_class_11": 0.0019499912162557827, "frac_class_21": 0.03846108801311706, "frac_class_22": 0.01617380101891433, "frac_class_23": 0.0026351232652105172, "frac_class_24": 0.00035720559817298118, "frac_developed": 0.057627217895414889, "wind_power_index": 84.223423818043557, "wind_resource_pct": 0.86868686868686873, "wind_screening_pct": 0.86868686868686873, "resource_land_adj_oof": 92.622894287109375, "resource_opportunity_oof": -8.3994704690658182 }, "geometry": { "type": "Point", "coordinates": [ -79.08, 42.39 ] } },
{ "type": "Feature", "properties": { "latitude": 42.66, "longitude": -78.0, "frac_class_11": 0.029073512361366485, "frac_class_21": 0.055951140103294411, "frac_class_22": 0.036826448991064215, "frac_class_23": 0.0068335929356927866, "frac_class_24": 0.0013995104641221731, "frac_developed": 0.10101069249417359, "wind_power_index": 85.607685007078118, "wind_resource_pct": 0.88842975206611574, "wind_screening_pct": 0.88842975206611574, "resource_land_adj_oof": 99.737968444824219, "resource_opportunity_oof": -14.130283437746101 }, "geometry": { "type": "Point", "coordinates": [ -78.0, 42.66 ] } },
{ "type": "Feature", "properties": { "latitude": 42.84, "longitude": -77.73, "frac_class_11": 0.042442306453596292, "frac_class_21": 0.057105045879617976, "frac_class_22": 0.066321959560352042, "frac_class_23": 0.013298355126395859, "frac_class_24": 0.0025179624413695372, "frac_developed": 0.1392433230077354, "wind_power_index": 69.452811194603058, "wind_resource_pct": 0.63544536271809005, "wind_screening_pct": 0.63544536271809005, "resource_land_adj_oof": 100.99628448486328, "resource_opportunity_oof": -31.543473290260224 }, "geometry": { "type": "Point", "coordinates": [ -77.73, 42.84 ] } },
{ "type": "Feature", "properties": { "latitude": 44.91, "longitude": -74.49, "frac_class_11": 0.00086663231367405255, "frac_class_21": 0.043530706890898017, "frac_class_22": 0.012806249121656439, "frac_class_23": 0.0015166065489295919, "frac_class_24": 0.00022251370215955403, "frac_developed": 0.058076076263643604, "wind_power_index": 46.921101419140172, "wind_resource_pct": 0.13039485766758493, "wind_screening_pct": 0.13039485766758493, "resource_land_adj_oof": 54.926265716552734, "resource_opportunity_oof": -8.0051642974125627 }, "geometry": { "type": "Point", "coordinates": [ -74.49, 44.91 ] } },
{ "type": "Feature", "properties": { "latitude": 42.12, "longitude": -77.01, "frac_class_11": 0.013988921289627469, "frac_class_21": 0.088653105200904095, "frac_class_22": 0.062923795805080285, "frac_class_23": 0.033183431121104591, "frac_class_24": 0.0071964772980126247, "frac_developed": 0.19195680942510157, "wind_power_index": 50.77555694961751, "wind_resource_pct": 0.20018365472910926, "wind_screening_pct": 0.20018365472910926, "resource_land_adj_oof": 51.941753387451172, "resource_opportunity_oof": -1.166196437833662 }, "geometry": { "type": "Point", "coordinates": [ -77.01, 42.12 ] } },
{ "type": "Feature", "properties": { "latitude": 41.76, "longitude": -74.4, "frac_class_11": 0.015888726207906295, "frac_class_21": 0.059443631039531479, "frac_class_22": 0.027426061493411421, "frac_class_23": 0.011461200585651537, "frac_class_24": 0.0032796486090775987, "frac_developed": 0.10161054172767203, "wind_power_index": 32.436812245138128, "wind_resource_pct": 0.03948576675849403, "wind_screening_pct": 0.03948576675849403, "resource_land_adj_oof": 60.379997253417969, "resource_opportunity_oof": -27.943185008279841 }, "geometry": { "type": "Point", "coordinates": [ -74.4, 41.76 ] } },
{ "type": "Feature", "properties": { "latitude": 42.57, "longitude": -74.04, "frac_class_11": 0.0081391263614006316, "frac_class_21": 0.059427333411406491, "frac_class_22": 0.025096615528750438, "frac_class_23": 0.0025295702072842255, "frac_class_24": 0.00036889565522894955, "frac_developed": 0.087422414802670101, "wind_power_index": 82.561917332479311, "wind_resource_pct": 0.84067952249770428, "wind_screening_pct": 0.84067952249770428, "resource_land_adj_oof": 62.306179046630859, "resource_opportunity_oof": 20.255738285848452 }, "geometry": { "type": "Point", "coordinates": [ -74.04, 42.57 ] } },
{ "type": "Feature", "properties": { "latitude": 43.56, "longitude": -76.02, "frac_class_11": 0.0092171295726976212, "frac_class_21": 0.05399106395188822, "frac_class_22": 0.020009486499306079, "frac_class_23": 0.0029045084295158956, "frac_class_24": 0.00084910024653186468, "frac_developed": 0.077754159127242067, "wind_power_index": 66.513966337309895, "wind_resource_pct": 0.56887052341597799, "wind_screening_pct": 0.56887052341597799, "resource_land_adj_oof": 49.412689208984375, "resource_opportunity_oof": 17.10127712832552 }, "geometry": { "type": "Point", "coordinates": [ -76.02, 43.56 ] } },
{ "type": "Feature", "properties": { "latitude": 42.3, "longitude": -79.62, "frac_class_11": 0.26249216769047884, "frac_class_21": 0.057809764181604176, "frac_class_22": 0.039357721339603087, "frac_class_23": 0.0064239577904396045, "frac_class_24": 0.0015283983439423308, "frac_developed": 0.10511984165558921, "wind_power_index": 141.5359669909202, "wind_resource_pct": 0.99311294765840219, "wind_screening_pct": 0.99311294765840219, "resource_land_adj_oof": 139.09236145019531, "resource_opportunity_oof": 2.4436055407248887 }, "geometry": { "type": "Point", "coordinates": [ -79.62, 42.3 ] } },
{ "type": "Feature", "properties": { "latitude": 42.66, "longitude": -76.29, "frac_class_11": 0.0028989071998313364, "frac_class_21": 0.053743982571418533, "frac_class_22": 0.013504808086486993, "frac_class_23": 0.0015226583271841362, "frac_class_24": 8.1989294540684259e-05, "frac_developed": 0.06885343827963035, "wind_power_index": 67.010885236709527, "wind_resource_pct": 0.5826446280991735, "wind_screening_pct": 0.5826446280991735, "resource_land_adj_oof": 71.906105041503906, "resource_opportunity_oof": -4.8952198047943796 }, "geometry": { "type": "Point", "coordinates": [ -76.29, 42.66 ] } },
{ "type": "Feature", "properties": { "latitude": 43.2, "longitude": -77.91, "frac_class_11": 0.0039994612731520792, "frac_class_21": 0.087970580829522235, "frac_class_22": 0.075966341283458153, "frac_class_23": 0.022035099225287371, "frac_class_24": 0.0068921902174231293, "frac_developed": 0.19286421155569089, "wind_power_index": 64.439259729275662, "wind_resource_pct": 0.52249770431588616, "wind_screening_pct": 0.52249770431588616, "resource_land_adj_oof": 78.838241577148438, "resource_opportunity_oof": -14.398981847872776 }, "geometry": { "type": "Point", "coordinates": [ -77.91, 43.2 ] } },
{ "type": "Feature", "properties": { "latitude": 44.55, "longitude": -75.57, "frac_class_11": 0.073943950625958849, "frac_class_21": 0.033165864455609033, "frac_class_22": 0.017900432139971192, "frac_class_23": 0.001387766574148895, "frac_class_24": 5.8555551651852112e-05, "frac_developed": 0.052512618721380966, "wind_power_index": 46.843623390932564, "wind_resource_pct": 0.12626262626262627, "wind_screening_pct": 0.12626262626262627, "resource_land_adj_oof": 54.321273803710938, "resource_opportunity_oof": -7.4776504127783738 }, "geometry": { "type": "Point", "coordinates": [ -75.57, 44.55 ] } },
{ "type": "Feature", "properties": { "latitude": 42.84, "longitude": -75.48, "frac_class_11": 0.0081686907843114293, "frac_class_21": 0.07011605982175273, "frac_class_22": 0.026374038202536684, "frac_class_23": 0.0060547858573319121, "frac_class_24": 0.00097204492487146753, "frac_developed": 0.10351692880649278, "wind_power_index": 70.200227177339968, "wind_resource_pct": 0.65013774104683197, "wind_screening_pct": 0.65013774104683197, "resource_land_adj_oof": 77.056533813476562, "resource_opportunity_oof": -6.8563066361365941 }, "geometry": { "type": "Point", "coordinates": [ -75.48, 42.84 ] } },
{ "type": "Feature", "properties": { "latitude": 42.93, "longitude": -75.39, "frac_class_11": 0.002910500641247123, "frac_class_21": 0.050462342103876179, "frac_class_22": 0.0275999789179028, "frac_class_23": 0.0069219552473925548, "frac_class_24": 0.0010599609981201796, "frac_developed": 0.086044237267291726, "wind_power_index": 85.110090381745437, "wind_resource_pct": 0.88200183654729114, "wind_screening_pct": 0.88200183654729114, "resource_land_adj_oof": 72.19366455078125, "resource_opportunity_oof": 12.916425830964187 }, "geometry": { "type": "Point", "coordinates": [ -75.39, 42.93 ] } },
{ "type": "Feature", "properties": { "latitude": 42.57, "longitude": -78.72, "frac_class_11": 0.0023775642264424962, "frac_class_21": 0.06020039469908587, "frac_class_22": 0.035833289412811907, "frac_class_23": 0.0033965203234892806, "frac_class_24": 0.00014054566855817711, "frac_developed": 0.099570750103945227, "wind_power_index": 79.62951407497448, "wind_resource_pct": 0.80073461891643705, "wind_screening_pct": 0.80073461891643705, "resource_land_adj_oof": 80.293563842773438, "resource_opportunity_oof": -0.66404976779895719 }, "geometry": { "type": "Point", "coordinates": [ -78.72, 42.57 ] } },
{ "type": "Feature", "properties": { "latitude": 42.75, "longitude": -76.29, "frac_class_11": 0.039344627078050982, "frac_class_21": 0.048994864527764928, "frac_class_22": 0.010727691145555796, "frac_class_23": 0.00096619489029296205, "frac_class_24": 3.5134359647016798e-05, "frac_developed": 0.060723884923260703, "wind_power_index": 82.181206754475113, "wind_resource_pct": 0.83654729109274562, "wind_screening_pct": 0.83654729109274562, "resource_land_adj_oof": 80.769760131835938, "resource_opportunity_oof": 1.4114466226391755 }, "geometry": { "type": "Point", "coordinates": [ -76.29, 42.75 ] } },
{ "type": "Feature", "properties": { "latitude": 42.21, "longitude": -74.94, "frac_class_11": 0.0014523137466181, "frac_class_21": 0.051071081388130851, "frac_class_22": 0.0087490191026106511, "frac_class_23": 0.0029866129466743188, "frac_class_24": 0.00056804207024982142, "frac_developed": 0.06337475550766565, "wind_power_index": 68.946065173993446, "wind_resource_pct": 0.62764003673094582, "wind_screening_pct": 0.62764003673094582, "resource_land_adj_oof": 61.127922058105469, "resource_opportunity_oof": 7.8181431158879775 }, "geometry": { "type": "Point", "coordinates": [ -74.94, 42.21 ] } },
{ "type": "Feature", "properties": { "latitude": 43.2, "longitude": -78.18, "frac_class_11": 0.0023188813154381279, "frac_class_21": 0.044544773147822826, "frac_class_22": 0.056631063640409436, "frac_class_23": 0.012238540275923453, "frac_class_24": 0.0030508514276345066, "frac_developed": 0.11646522849179022, "wind_power_index": 79.104445577737067, "wind_resource_pct": 0.79614325068870528, "wind_screening_pct": 0.79614325068870528, "resource_land_adj_oof": 73.960563659667969, "resource_opportunity_oof": 5.1438819180690984 }, "geometry": { "type": "Point", "coordinates": [ -78.18, 43.2 ] } },
{ "type": "Feature", "properties": { "latitude": 43.11, "longitude": -78.54, "frac_class_11": 0.0039056781650924888, "frac_class_21": 0.031772428371502015, "frac_class_22": 0.035976741598693032, "frac_class_23": 0.001750821246420771, "frac_class_24": 8.1978252340771888e-05, "frac_developed": 0.069581969468956589, "wind_power_index": 86.181320338182203, "wind_resource_pct": 0.90404040404040409, "wind_screening_pct": 0.90404040404040409, "resource_land_adj_oof": 76.080238342285156, "resource_opportunity_oof": 10.101081995897047 }, "geometry": { "type": "Point", "coordinates": [ -78.54, 43.11 ] } },
{ "type": "Feature", "properties": { "latitude": 44.82, "longitude": -74.4, "frac_class_11": 0.00017568002810880451, "frac_class_21": 0.046537639446022308, "frac_class_22": 0.021216291394606623, "frac_class_23": 0.0044681287149005945, "frac_class_24": 0.001247328199572512, "frac_developed": 0.073469387755102047, "wind_power_index": 64.066868138896965, "wind_resource_pct": 0.51239669421487599, "wind_screening_pct": 0.51239669421487599, "resource_land_adj_oof": 54.555721282958984, "resource_opportunity_oof": 9.5111468559379801 }, "geometry": { "type": "Point", "coordinates": [ -74.4, 44.82 ] } },
{ "type": "Feature", "properties": { "latitude": 42.57, "longitude": -76.47, "frac_class_11": 0.0041407746235526321, "frac_class_21": 0.075441750956126527, "frac_class_22": 0.033665024803649975, "frac_class_23": 0.0061965198751325109, "frac_class_24": 0.0011772216397936055, "frac_developed": 0.11648051727470261, "wind_power_index": 53.217357253997392, "wind_resource_pct": 0.24517906336088155, "wind_screening_pct": 0.24517906336088155, "resource_land_adj_oof": 70.423248291015625, "resource_opportunity_oof": -17.205891037018233 }, "geometry": { "type": "Point", "coordinates": [ -76.47, 42.57 ] } },
{ "type": "Feature", "properties": { "latitude": 42.48, "longitude": -77.73, "frac_class_11": 0.000614872896988294, "frac_class_21": 0.049910111438392663, "frac_class_22": 0.027599009176245998, "frac_class_23": 0.00252390684382814, "frac_class_24": 7.0271188227233596e-05, "frac_developed": 0.080103298646694035, "wind_power_index": 62.197009059229174, "wind_resource_pct": 0.47153351698806245, "wind_screening_pct": 0.47153351698806245, "resource_land_adj_oof": 67.611137390136719, "resource_opportunity_oof": -5.4141283309075448 }, "geometry": { "type": "Point", "coordinates": [ -77.73, 42.48 ] } },
{ "type": "Feature", "properties": { "latitude": 43.83, "longitude": -75.57, "frac_class_11": 0.00042746053309598538, "frac_class_21": 0.039906075795193702, "frac_class_22": 0.02170094158429756, "frac_class_23": 0.0041750597273621584, "frac_class_24": 0.00055628425539888508, "frac_developed": 0.066338361362252296, "wind_power_index": 69.459189053611183, "wind_resource_pct": 0.63636363636363635, "wind_screening_pct": 0.63636363636363635, "resource_land_adj_oof": 82.713699340820312, "resource_opportunity_oof": -13.254510287209129 }, "geometry": { "type": "Point", "coordinates": [ -75.57, 43.83 ] } },
{ "type": "Feature", "properties": { "latitude": 44.64, "longitude": -73.68, "frac_class_11": 0.0075946550492452186, "frac_class_21": 0.03369871997564089, "frac_class_22": 0.019253065383128973, "frac_class_23": 0.0019498998700066754, "frac_class_24": 0.00024007776177259365, "frac_developed": 0.055141762990549133, "wind_power_index": 41.672573149199764, "wind_resource_pct": 0.071625344352617082, "wind_screening_pct": 0.071625344352617082, "resource_land_adj_oof": 54.23046875, "resource_opportunity_oof": -12.557895600800236 }, "geometry": { "type": "Point", "coordinates": [ -73.68, 44.64 ] } },
{ "type": "Feature", "properties": { "latitude": 42.66, "longitude": -75.93, "frac_class_11": 0.0026117458291121821, "frac_class_21": 0.036769399239899983, "frac_class_22": 0.0061311611728261314, "frac_class_23": 0.00049189831759063516, "frac_class_24": 2.3423729409077865e-05, "frac_developed": 0.043415882459725823, "wind_power_index": 66.018554670602043, "wind_resource_pct": 0.55922865013774103, "wind_screening_pct": 0.55922865013774103, "resource_land_adj_oof": 69.783576965332031, "resource_opportunity_oof": -3.7650222947299881 }, "geometry": { "type": "Point", "coordinates": [ -75.93, 42.66 ] } },
{ "type": "Feature", "properties": { "latitude": 42.66, "longitude": -74.31, "frac_class_11": 0.0064003091823648939, "frac_class_21": 0.049668273087666082, "frac_class_22": 0.035913171285859004, "frac_class_23": 0.011693886035848759, "frac_class_24": 0.00087835899117542004, "frac_developed": 0.098153689400549249, "wind_power_index": 59.089425695338605, "wind_resource_pct": 0.37281910009182734, "wind_screening_pct": 0.37281910009182734, "resource_land_adj_oof": 38.74493408203125, "resource_opportunity_oof": 20.344491613307355 }, "geometry": { "type": "Point", "coordinates": [ -74.31, 42.66 ] } },
{ "type": "Feature", "properties": { "latitude": 43.02, "longitude": -75.66, "frac_class_11": 0.0041750841750841754, "frac_class_21": 0.063709559361733281, "frac_class_22": 0.042927829014785535, "frac_class_23": 0.0076592007026789633, "frac_class_24": 0.0027931488801054018, "frac_developed": 0.11708973795930318, "wind_power_index": 92.517906147930631, "wind_resource_pct": 0.94628099173553715, "wind_screening_pct": 0.94628099173553715, "resource_land_adj_oof": 69.288864135742188, "resource_opportunity_oof": 23.229042012188444 }, "geometry": { "type": "Point", "coordinates": [ -75.66, 43.02 ] } },
{ "type": "Feature", "properties": { "latitude": 43.74, "longitude": -76.11, "frac_class_11": 0.0027873911541321903, "frac_class_21": 0.05569512030872114, "frac_class_22": 0.032541034965362564, "frac_class_23": 0.0046202765138871806, "frac_class_24": 0.0011243258436835725, "frac_developed": 0.093980757631654463, "wind_power_index": 70.345128954320046, "wind_resource_pct": 0.65472910927456385, "wind_screening_pct": 0.65472910927456385, "resource_land_adj_oof": 74.365737915039062, "resource_opportunity_oof": -4.0206089607190165 }, "geometry": { "type": "Point", "coordinates": [ -76.11, 43.74 ] } },
{ "type": "Feature", "properties": { "latitude": 41.49, "longitude": -73.68, "frac_class_11": 0.039296757871064465, "frac_class_21": 0.1323088455772114, "frac_class_22": 0.049920352323838083, "frac_class_23": 0.010447901049475263, "frac_class_24": 0.0013996907796101949, "frac_developed": 0.19407678973013492, "wind_power_index": 61.035090678537543, "wind_resource_pct": 0.42607897153351698, "wind_screening_pct": 0.42607897153351698, "resource_land_adj_oof": 53.856208801269531, "resource_opportunity_oof": 7.1788818772680116 }, "geometry": { "type": "Point", "coordinates": [ -73.68, 41.49 ] } },
{ "type": "Feature", "properties": { "latitude": 43.29, "longitude": -77.82, "frac_class_11": 0.037616747181964574, "frac_class_21": 0.061127214170692432, "frac_class_22": 0.070349875567266879, "frac_class_23": 0.011723027375201289, "frac_class_24": 0.001048162787293222, "frac_developed": 0.1442482799004538, "wind_power_index": 115.06363375579654, "wind_resource_pct": 0.98806244260789711, "wind_screening_pct": 0.98806244260789711, "resource_land_adj_oof": 95.37994384765625, "resource_opportunity_oof": 19.683689908140295 }, "geometry": { "type": "Point", "coordinates": [ -77.82, 43.29 ] } },
{ "type": "Feature", "properties": { "latitude": 42.03, "longitude": -73.86, "frac_class_11": 0.060673315101863946, "frac_class_21": 0.091908858268869284, "frac_class_22": 0.042607763795112642, "frac_class_23": 0.0080284832549614386, "frac_class_24": 0.0010306440939994261, "frac_developed": 0.14357574941294279, "wind_power_index": 32.324038480415474, "wind_resource_pct": 0.035812672176308541, "wind_screening_pct": 0.035812672176308541, "resource_land_adj_oof": 43.505790710449219, "resource_opportunity_oof": -11.181752230033744 }, "geometry": { "type": "Point", "coordinates": [ -73.86, 42.03 ] } },
{ "type": "Feature", "properties": { "latitude": 44.28, "longitude": -75.48, "frac_class_11": 0.0180485119640201, "frac_class_21": 0.051598130731661612, "frac_class_22": 0.031499982431688549, "frac_class_23": 0.010031505838535506, "frac_class_24": 0.0021550462046591163, "frac_developed": 0.095284665206544786, "wind_power_index": 52.921013298817954, "wind_resource_pct": 0.24058769513314968, "wind_screening_pct": 0.24058769513314968, "resource_land_adj_oof": 45.992782592773438, "resource_opportunity_oof": 6.9282307060445163 }, "geometry": { "type": "Point", "coordinates": [ -75.48, 44.28 ] } },
{ "type": "Feature", "properties": { "latitude": 41.76, "longitude": -74.94, "frac_class_11": 0.011062050549296104, "frac_class_21": 0.081562858682157832, "frac_class_22": 0.016771684898456349, "frac_class_23": 0.0038415591108196109, "frac_class_24": 0.00031622590241502894, "frac_developed": 0.10249232859384882, "wind_power_index": 58.311505605943502, "wind_resource_pct": 0.35629017447199263, "wind_screening_pct": 0.35629017447199263, "resource_land_adj_oof": 52.044876098632812, "resource_opportunity_oof": 6.2666295073106895 }, "geometry": { "type": "Point", "coordinates": [ -74.94, 41.76 ] } },
{ "type": "Feature", "properties": { "latitude": 42.57, "longitude": -74.85, "frac_class_11": 0.0036072120818181285, "frac_class_21": 0.054816740743343348, "frac_class_22": 0.01592209358841476, "frac_class_23": 0.0028459497918240429, "frac_class_24": 8.1982092768593834e-05, "frac_developed": 0.073666766216350738, "wind_power_index": 55.864564409625046, "wind_resource_pct": 0.29614325068870523, "wind_screening_pct": 0.29614325068870523, "resource_land_adj_oof": 69.08892822265625, "resource_opportunity_oof": -13.224363813031204 }, "geometry": { "type": "Point", "coordinates": [ -74.85, 42.57 ] } },
{ "type": "Feature", "properties": { "latitude": 43.29, "longitude": -76.2, "frac_class_11": 0.011202595394813894, "frac_class_21": 0.081451594012789577, "frac_class_22": 0.047328476728115999, "frac_class_23": 0.013855379353962194, "frac_class_24": 0.0026352158534585744, "frac_developed": 0.14527066594832636, "wind_power_index": 55.994108701882098, "wind_resource_pct": 0.29981634527089074, "wind_screening_pct": 0.29981634527089074, "resource_land_adj_oof": 62.722576141357422, "resource_opportunity_oof": -6.7284674394753239 }, "geometry": { "type": "Point", "coordinates": [ -76.2, 43.29 ] } },
{ "type": "Feature", "properties": { "latitude": 43.2, "longitude": -78.27, "frac_class_11": 0.0043918463907806357, "frac_class_21": 0.029601044673861487, "frac_class_22": 0.051653969350767985, "frac_class_23": 0.0062247102845330885, "frac_class_24": 0.0011535916519783804, "frac_developed": 0.088633315961140949, "wind_power_index": 77.12180532495826, "wind_resource_pct": 0.77272727272727271, "wind_screening_pct": 0.77272727272727271, "resource_land_adj_oof": 78.217033386230469, "resource_opportunity_oof": -1.0952280612722092 }, "geometry": { "type": "Point", "coordinates": [ -78.27, 43.2 ] } },
{ "type": "Feature", "properties": { "latitude": 42.57, "longitude": -73.59, "frac_class_11": 0.020455131058068444, "frac_class_21": 0.084291771099294935, "frac_class_22": 0.03573352697289827, "frac_class_23": 0.0058677473003677589, "frac_class_24": 0.0005094750650019911, "frac_developed": 0.12640252043756295, "wind_power_index": 55.804586468310639, "wind_resource_pct": 0.2943067033976125, "wind_screening_pct": 0.2943067033976125, "resource_land_adj_oof": 43.890979766845703, "resource_opportunity_oof": 11.913606701464936 }, "geometry": { "type": "Point", "coordinates": [ -73.59, 42.57 ] } },
{ "type": "Feature", "properties": { "latitude": 43.83, "longitude": -75.66, "frac_class_11": 0.0010775294124536633, "frac_class_21": 0.042427720615362992, "frac_class_22": 0.0098090313361950329, "frac_class_23": 0.0014874590802349482, "frac_class_24": 0.00011126662411206306, "frac_developed": 0.053835477655905038, "wind_power_index": 95.675947164200693, "wind_resource_pct": 0.95730027548209362, "wind_screening_pct": 0.95730027548209362, "resource_land_adj_oof": 79.866539001464844, "resource_opportunity_oof": 15.809408162735849 }, "geometry": { "type": "Point", "coordinates": [ -75.66, 43.83 ] } },
{ "type": "Feature", "properties": { "latitude": 43.2, "longitude": -74.94, "frac_class_11": 0.0039761547830975356, "frac_class_21": 0.045055279677691372, "frac_class_22": 0.0081455542021924478, "frac_class_23": 0.0018153283987632344, "frac_class_24": 0.00014639745151316406, "frac_developed": 0.055162559730160224, "wind_power_index": 58.413480223942599, "wind_resource_pct": 0.35996326905417814, "wind_screening_pct": 0.35996326905417814, "resource_land_adj_oof": 64.626731872558594, "resource_opportunity_oof": -6.2132516486159943 }, "geometry": { "type": "Point", "coordinates": [ -74.94, 43.2 ] } },
{ "type": "Feature", "properties": { "latitude": 44.01, "longitude": -73.5, "frac_class_11": 0.087483018691150979, "frac_class_21": 0.038190378039068724, "frac_class_22": 0.022274792710919568, "frac_class_23": 0.0043273059446292221, "frac_class_24": 0.0004157492856139036, "frac_developed": 0.065208225980231418, "wind_power_index": 29.411399203911312, "wind_resource_pct": 0.020202020202020204, "wind_screening_pct": 0.020202020202020204, "resource_land_adj_oof": 41.399776458740234, "resource_opportunity_oof": -11.988377254828922 }, "geometry": { "type": "Point", "coordinates": [ -73.5, 44.01 ] } },
{ "type": "Feature", "properties": { "latitude": 42.12, "longitude": -74.04, "frac_class_11": 0.0014756863112526937, "frac_class_21": 0.062587838470907903, "frac_class_22": 0.024799728286329991, "frac_class_23": 0.0071559074299634593, "frac_class_24": 0.00080225803429213904, "frac_developed": 0.095345732221493493, "wind_power_index": 24.309461319972861, "wind_resource_pct": 0.0055096418732782371, "wind_screening_pct": 0.0055096418732782371, "resource_land_adj_oof": 38.393993377685547, "resource_opportunity_oof": -14.084532057712686 }, "geometry": { "type": "Point", "coordinates": [ -74.04, 42.12 ] } },
{ "type": "Feature", "properties": { "latitude": 43.38, "longitude": -73.59, "frac_class_11": 0.012759777714014675, "frac_class_21": 0.086015775512235687, "frac_class_22": 0.057328234887656572, "frac_class_23": 0.017350721141177368, "frac_class_24": 0.0032089757628637181, "frac_developed": 0.16390370730393333, "wind_power_index": 28.478619808206439, "wind_resource_pct": 0.016528925619834711, "wind_screening_pct": 0.016528925619834711, "resource_land_adj_oof": 35.446598052978516, "resource_opportunity_oof": -6.9679782447720768 }, "geometry": { "type": "Point", "coordinates": [ -73.59, 43.38 ] } },
{ "type": "Feature", "properties": { "latitude": 41.85, "longitude": -74.94, "frac_class_11": 0.012894309990455165, "frac_class_21": 0.075913639743987626, "frac_class_22": 0.0094687099248710275, "frac_class_23": 0.001311682760155294, "frac_class_24": 4.0990086254852936e-05, "frac_developed": 0.086735022515268809, "wind_power_index": 70.073298154183703, "wind_resource_pct": 0.64600550964187331, "wind_screening_pct": 0.64600550964187331, "resource_land_adj_oof": 63.129657745361328, "resource_opportunity_oof": 6.9436404088223753 }, "geometry": { "type": "Point", "coordinates": [ -74.94, 41.85 ] } },
{ "type": "Feature", "properties": { "latitude": 42.66, "longitude": -76.92, "frac_class_11": 0.3745344451992223, "frac_class_21": 0.036916446089339673, "frac_class_22": 0.04014897753624886, "frac_class_23": 0.005422688622894755, "frac_class_24": 0.00075542854465812464, "frac_developed": 0.083243540793141418, "wind_power_index": 74.961631056448596, "wind_resource_pct": 0.73048668503213954, "wind_screening_pct": 0.73048668503213954, "resource_land_adj_oof": 102.77694702148438, "resource_opportunity_oof": -27.815315965035779 }, "geometry": { "type": "Point", "coordinates": [ -76.92, 42.66 ] } },
{ "type": "Feature", "properties": { "latitude": 42.75, "longitude": -77.55, "frac_class_11": 0.10463441200238924, "frac_class_21": 0.054273098860428894, "frac_class_22": 0.025004977571647751, "frac_class_23": 0.0036365552861810898, "frac_class_24": 0.00067929213075202321, "frac_developed": 0.083593923849009752, "wind_power_index": 79.841782848509013, "wind_resource_pct": 0.80348943985307619, "wind_screening_pct": 0.80348943985307619, "resource_land_adj_oof": 92.050033569335938, "resource_opportunity_oof": -12.208250720826925 }, "geometry": { "type": "Point", "coordinates": [ -77.55, 42.75 ] } },
{ "type": "Feature", "properties": { "latitude": 42.66, "longitude": -73.59, "frac_class_11": 0.014956839503859263, "frac_class_21": 0.10986893732650886, "frac_class_22": 0.076113564225395003, "frac_class_23": 0.012333243537638061, "frac_class_24": 0.0013586479110788367, "frac_developed": 0.19967439300062079, "wind_power_index": 64.792707200836844, "wind_resource_pct": 0.52938475665748397, "wind_screening_pct": 0.52938475665748397, "resource_land_adj_oof": 43.303291320800781, "resource_opportunity_oof": 21.489415880036063 }, "geometry": { "type": "Point", "coordinates": [ -73.59, 42.66 ] } },
{ "type": "Feature", "properties": { "latitude": 41.49, "longitude": -74.85, "frac_class_11": 0.039324757147959695, "frac_class_21": 0.069561958742966223, "frac_class_22": 0.013789428690209212, "frac_class_23": 0.002043528922667947, "frac_class_24": 0.00014052920958174993, "frac_developed": 0.085535445565425139, "wind_power_index": 63.098075608329367, "wind_resource_pct": 0.49219467401285583, "wind_screening_pct": 0.49219467401285583, "resource_land_adj_oof": 58.253658294677734, "resource_opportunity_oof": 4.8444173136516326 }, "geometry": { "type": "Point", "coordinates": [ -74.85, 41.49 ] } },
{ "type": "Feature", "properties": { "latitude": 42.84, "longitude": -76.65, "frac_class_11": 0.11896187247099883, "frac_class_21": 0.049458625394538824, "frac_class_22": 0.034221667867118742, "frac_class_23": 0.0053522594850353399, "frac_class_24": 0.0010364878871457935, "frac_developed": 0.090069040633838707, "wind_power_index": 78.614395413412055, "wind_resource_pct": 0.79063360881542699, "wind_screening_pct": 0.79063360881542699, "resource_land_adj_oof": 71.728118896484375, "resource_opportunity_oof": 6.8862765169276798 }, "geometry": { "type": "Point", "coordinates": [ -76.65, 42.84 ] } },
{ "type": "Feature", "properties": { "latitude": 42.57, "longitude": -76.65, "frac_class_11": 0.2162097274760795, "frac_class_21": 0.061473057959642571, "frac_class_22": 0.037031398222211812, "frac_class_23": 0.0049304929321793717, "frac_class_24": 0.00077295138604237181, "frac_developed": 0.10420790050007613, "wind_power_index": 61.117561010567755, "wind_resource_pct": 0.42929292929292928, "wind_screening_pct": 0.42929292929292928, "resource_land_adj_oof": 87.783660888671875, "resource_opportunity_oof": -26.66609987810412 }, "geometry": { "type": "Point", "coordinates": [ -76.65, 42.57 ] } },
{ "type": "Feature", "properties": { "latitude": 42.84, "longitude": -74.67, "frac_class_11": 0.00048606515615575168, "frac_class_21": 0.05932337387780439, "frac_class_22": 0.017410502521096986, "frac_class_23": 0.0031213581714580199, "frac_class_24": 8.784310051007561e-05, "frac_developed": 0.079943077670869472, "wind_power_index": 69.977923570783503, "wind_resource_pct": 0.64279155188246095, "wind_screening_pct": 0.64279155188246095, "resource_land_adj_oof": 59.064559936523438, "resource_opportunity_oof": 10.913363634260065 }, "geometry": { "type": "Point", "coordinates": [ -74.67, 42.84 ] } },
{ "type": "Feature", "properties": { "latitude": 42.48, "longitude": -75.21, "frac_class_11": 0.0023425375538051593, "frac_class_21": 0.056326315481245059, "frac_class_22": 0.0061081666715469534, "frac_class_23": 0.00040408772803139002, "frac_class_24": 5.8563438845128985e-06, "frac_developed": 0.062844426224707928, "wind_power_index": 56.236637690168315, "wind_resource_pct": 0.3071625344352617, "wind_screening_pct": 0.3071625344352617, "resource_land_adj_oof": 64.604270935058594, "resource_opportunity_oof": -8.3676332448902784 }, "geometry": { "type": "Point", "coordinates": [ -75.21, 42.48 ] } },
{ "type": "Feature", "properties": { "latitude": 42.75, "longitude": -74.31, "frac_class_11": 0.012548969087257203, "frac_class_21": 0.053826469365407477, "frac_class_22": 0.03254650965327837, "frac_class_23": 0.0078174865755895329, "frac_class_24": 0.00031035714494849828, "frac_developed": 0.094500822739223875, "wind_power_index": 63.174579234747213, "wind_resource_pct": 0.49586776859504134, "wind_screening_pct": 0.49586776859504134, "resource_land_adj_oof": 41.754985809326172, "resource_opportunity_oof": 21.419593425421041 }, "geometry": { "type": "Point", "coordinates": [ -74.31, 42.75 ] } },
{ "type": "Feature", "properties": { "latitude": 44.55, "longitude": -75.21, "frac_class_11": 0.0081403179994729291, "frac_class_21": 0.059008520980351968, "frac_class_22": 0.028092881614008375, "frac_class_23": 0.0091886035548007384, "frac_class_24": 0.0019091681063512049, "frac_developed": 0.098199174255512292, "wind_power_index": 46.622270359375314, "wind_resource_pct": 0.12304866850321396, "wind_screening_pct": 0.12304866850321396, "resource_land_adj_oof": 51.607761383056641, "resource_opportunity_oof": -4.9854910236813268 }, "geometry": { "type": "Point", "coordinates": [ -75.21, 44.55 ] } },
{ "type": "Feature", "properties": { "latitude": 44.82, "longitude": -74.13, "frac_class_11": 0.0038413566547405033, "frac_class_21": 0.020811252364249619, "frac_class_22": 0.0046611583798375619, "frac_class_23": 0.00079052309205787804, "frac_class_24": 0.00019909470466642854, "frac_developed": 0.026462028540811488, "wind_power_index": 84.131770124008113, "wind_resource_pct": 0.86685032139577589, "wind_screening_pct": 0.86685032139577589, "resource_land_adj_oof": 59.156177520751953, "resource_opportunity_oof": 24.97559260325616 }, "geometry": { "type": "Point", "coordinates": [ -74.13, 44.82 ] } },
{ "type": "Feature", "properties": { "latitude": 44.28, "longitude": -73.5, "frac_class_11": 0.0013527203733742468, "frac_class_21": 0.03393512798140156, "frac_class_22": 0.02691386509103047, "frac_class_23": 0.0036716695848729554, "frac_class_24": 0.00015225424115900612, "frac_developed": 0.064672916898463981, "wind_power_index": 26.897881203749748, "wind_resource_pct": 0.010101010101010102, "wind_screening_pct": 0.010101010101010102, "resource_land_adj_oof": 45.723674774169922, "resource_opportunity_oof": -18.825793570420174 }, "geometry": { "type": "Point", "coordinates": [ -73.5, 44.28 ] } },
{ "type": "Feature", "properties": { "latitude": 42.12, "longitude": -75.57, "frac_class_11": 0.014372562111255578, "frac_class_21": 0.046971454006629887, "frac_class_22": 0.011274320319546451, "frac_class_23": 0.0016750418760469012, "frac_class_24": 2.928394888193883e-05, "frac_developed": 0.059950100151105176, "wind_power_index": 57.164472859125048, "wind_resource_pct": 0.33333333333333331, "wind_screening_pct": 0.33333333333333331, "resource_land_adj_oof": 62.490081787109375, "resource_opportunity_oof": -5.3256089279843266 }, "geometry": { "type": "Point", "coordinates": [ -75.57, 42.12 ] } },
{ "type": "Feature", "properties": { "latitude": 44.64, "longitude": -75.21, "frac_class_11": 0.010148449623751939, "frac_class_21": 0.057043305126928817, "frac_class_22": 0.029244868679178988, "frac_class_23": 0.010575937692150031, "frac_class_24": 0.0023014083682253391, "frac_developed": 0.099165519866483171, "wind_power_index": 44.139666833014687, "wind_resource_pct": 0.089990817263544534, "wind_screening_pct": 0.089990817263544534, "resource_land_adj_oof": 46.679832458496094, "resource_opportunity_oof": -2.5401656254814071 }, "geometry": { "type": "Point", "coordinates": [ -75.21, 44.64 ] } },
{ "type": "Feature", "properties": { "latitude": 42.3, "longitude": -76.74, "frac_class_11": 0.0025180509114758705, "frac_class_21": 0.043972196033191427, "frac_class_22": 0.02315435652087347, "frac_class_23": 0.0045090679112474892, "frac_class_24": 0.00085496612343134216, "frac_developed": 0.07249058658874373, "wind_power_index": 61.632763919272008, "wind_resource_pct": 0.45041322314049587, "wind_screening_pct": 0.45041322314049587, "resource_land_adj_oof": 57.857151031494141, "resource_opportunity_oof": 3.7756128877778679 }, "geometry": { "type": "Point", "coordinates": [ -76.74, 42.3 ] } },
{ "type": "Feature", "properties": { "latitude": 42.03, "longitude": -74.04, "frac_class_11": 0.012273818586402764, "frac_class_21": 0.10834455700649998, "frac_class_22": 0.053656965509164371, "frac_class_23": 0.020893599578380277, "frac_class_24": 0.0037535866955554255, "frac_developed": 0.18664870878960005, "wind_power_index": 21.111569894682233, "wind_resource_pct": 0.00091827364554637281, "wind_screening_pct": 0.00091827364554637281, "resource_land_adj_oof": 35.887065887451172, "resource_opportunity_oof": -14.775495992768938 }, "geometry": { "type": "Point", "coordinates": [ -74.04, 42.03 ] } },
{ "type": "Feature", "properties": { "latitude": 43.11, "longitude": -75.93, "frac_class_11": 0.041465371349600925, "frac_class_21": 0.066868108380326641, "frac_class_22": 0.055273498117339795, "frac_class_23": 0.012074791092060035, "frac_class_24": 0.0013351369393742425, "frac_developed": 0.13555153452910071, "wind_power_index": 59.346519311718936, "wind_resource_pct": 0.37741046831955921, "wind_screening_pct": 0.37741046831955921, "resource_land_adj_oof": 53.880077362060547, "resource_opportunity_oof": 5.4664419496583889 }, "geometry": { "type": "Point", "coordinates": [ -75.93, 43.11 ] } },
{ "type": "Feature", "properties": { "latitude": 42.12, "longitude": -74.58, "frac_class_11": 0.00075543296850020202, "frac_class_21": 0.038245990056393953, "frac_class_22": 0.015981213728969389, "frac_class_23": 0.0050537879985711187, "frac_class_24": 0.00052119018756990681, "frac_developed": 0.059802181971504373, "wind_power_index": 71.555321551951735, "wind_resource_pct": 0.68089990817263546, "wind_screening_pct": 0.68089990817263546, "resource_land_adj_oof": 67.311683654785156, "resource_opportunity_oof": 4.2436378971665789 }, "geometry": { "type": "Point", "coordinates": [ -74.58, 42.12 ] } },
{ "type": "Feature", "properties": { "latitude": 43.29, "longitude": -73.86, "frac_class_11": 0.049706609198767876, "frac_class_21": 0.04380951265504035, "frac_class_22": 0.039364729857930922, "frac_class_23": 0.010810367646197631, "frac_class_24": 0.0017334067298345065, "frac_developed": 0.095718016889003402, "wind_power_index": 39.148418351061196, "wind_resource_pct": 0.063360881542699726, "wind_screening_pct": 0.063360881542699726, "resource_land_adj_oof": 40.991615295410156, "resource_opportunity_oof": -1.8431969443489606 }, "geometry": { "type": "Point", "coordinates": [ -73.86, 43.29 ] } },
{ "type": "Feature", "properties": { "latitude": 42.57, "longitude": -76.38, "frac_class_11": 0.0011769183476300611, "frac_class_21": 0.069935884298972392, "frac_class_22": 0.023251456509646631, "frac_class_23": 0.004174839710747431, "frac_class_24": 0.00039230611587668708, "frac_developed": 0.097754486635243151, "wind_power_index": 61.562761843381139, "wind_resource_pct": 0.44398530762167127, "wind_screening_pct": 0.44398530762167127, "resource_land_adj_oof": 76.225959777832031, "resource_opportunity_oof": -14.663197934450892 }, "geometry": { "type": "Point", "coordinates": [ -76.38, 42.57 ] } },
{ "type": "Feature", "properties": { "latitude": 42.12, "longitude": -78.0, "frac_class_11": 0.00087836413463565459, "frac_class_21": 0.077998735155646121, "frac_class_22": 0.036493101913662659, "frac_class_23": 0.011494858641931933, "frac_class_24": 0.0037945330616260277, "frac_developed": 0.12978122877286674, "wind_power_index": 71.519852349538809, "wind_resource_pct": 0.67952249770431583, "wind_screening_pct": 0.67952249770431583, "resource_land_adj_oof": 62.550750732421875, "resource_opportunity_oof": 8.9691016171169338 }, "geometry": { "type": "Point", "coordinates": [ -78.0, 42.12 ] } },
{ "type": "Feature", "properties": { "latitude": 42.93, "longitude": -75.21, "frac_class_11": 0.0017450780600353701, "frac_class_21": 0.062489020062541721, "frac_class_22": 0.025291919937224037, "frac_class_23": 0.0051942424135952119, "frac_class_24": 0.00064415633088553924, "frac_developed": 0.093619338744246508, "wind_power_index": 88.894980499598461, "wind_resource_pct": 0.92791551882460976, "wind_screening_pct": 0.92791551882460976, "resource_land_adj_oof": 80.986557006835938, "resource_opportunity_oof": 7.9084234927625232 }, "geometry": { "type": "Point", "coordinates": [ -75.21, 42.93 ] } },
{ "type": "Feature", "properties": { "latitude": 42.21, "longitude": -74.49, "frac_class_11": 0.00018738434872227298, "frac_class_21": 0.044386667603588413, "frac_class_22": 0.0052409060033260721, "frac_class_23": 0.0007436816339915209, "frac_class_24": 4.6846087180568244e-05, "frac_developed": 0.050418101328086579, "wind_power_index": 56.436053851660297, "wind_resource_pct": 0.3168044077134986, "wind_screening_pct": 0.3168044077134986, "resource_land_adj_oof": 65.996788024902344, "resource_opportunity_oof": -9.5607341732420466 }, "geometry": { "type": "Point", "coordinates": [ -74.49, 42.21 ] } },
{ "type": "Feature", "properties": { "latitude": 42.48, "longitude": -79.26, "frac_class_11": 0.14377653500424559, "frac_class_21": 0.07019002723040435, "frac_class_22": 0.074166251866600294, "frac_class_23": 0.036670277867244458, "frac_class_24": 0.012549410007905602, "frac_developed": 0.19357596697215473, "wind_power_index": 186.10556084958219, "wind_resource_pct": 0.99908172635445358, "wind_screening_pct": 0.99908172635445358, "resource_land_adj_oof": 131.33110046386719, "resource_opportunity_oof": 54.774460385715003 }, "geometry": { "type": "Point", "coordinates": [ -79.26, 42.48 ] } },
{ "type": "Feature", "properties": { "latitude": 43.56, "longitude": -76.2, "frac_class_11": 0.37820982051357127, "frac_class_21": 0.049166983866717417, "frac_class_22": 0.021772611483617837, "frac_class_23": 0.0066524170643867302, "frac_class_24": 0.0013410242145638744, "frac_developed": 0.078933036629285858, "wind_power_index": 165.26852733137613, "wind_resource_pct": 0.99632690541781455, "wind_screening_pct": 0.99632690541781455, "resource_land_adj_oof": 76.909103393554688, "resource_opportunity_oof": 88.359423937821447 }, "geometry": { "type": "Point", "coordinates": [ -76.2, 43.56 ] } },
{ "type": "Feature", "properties": { "latitude": 42.3, "longitude": -77.01, "frac_class_11": 0.0011418934349911283, "frac_class_21": 0.037132032160403818, "frac_class_22": 0.019142818661466658, "frac_class_23": 0.0014405424872195774, "frac_class_24": 7.0270365230223279e-05, "frac_developed": 0.057785663674320281, "wind_power_index": 58.152106317835631, "wind_resource_pct": 0.35399449035812675, "wind_screening_pct": 0.35399449035812675, "resource_land_adj_oof": 67.218582153320312, "resource_opportunity_oof": -9.0664758354846811 }, "geometry": { "type": "Point", "coordinates": [ -77.01, 42.3 ] } },
{ "type": "Feature", "properties": { "latitude": 42.39, "longitude": -76.29, "frac_class_11": 0.0006265810924763422, "frac_class_21": 0.042390846060151782, "frac_class_22": 0.013011805490490021, "frac_class_23": 0.0011419001218026797, "frac_class_24": 0.00019910053405790311, "frac_developed": 0.05674365220650239, "wind_power_index": 70.046736088912994, "wind_resource_pct": 0.64462809917355368, "wind_screening_pct": 0.64462809917355368, "resource_land_adj_oof": 62.104122161865234, "resource_opportunity_oof": 7.9426139270477591 }, "geometry": { "type": "Point", "coordinates": [ -76.29, 42.39 ] } },
{ "type": "Feature", "properties": { "latitude": 44.28, "longitude": -75.84, "frac_class_11": 0.053196224028483757, "frac_class_21": 0.042889602023845778, "frac_class_22": 0.021245695814106017, "frac_class_23": 0.0025298072193202315, "frac_class_24": 0.00022838537396640979, "frac_developed": 0.066893490431238448, "wind_power_index": 46.410234323577299, "wind_resource_pct": 0.11753902662993572, "wind_screening_pct": 0.11753902662993572, "resource_land_adj_oof": 61.535266876220703, "resource_opportunity_oof": -15.125032552643404 }, "geometry": { "type": "Point", "coordinates": [ -75.84, 44.28 ] } },
{ "type": "Feature", "properties": { "latitude": 41.58, "longitude": -75.03, "frac_class_11": 0.024060617062016548, "frac_class_21": 0.058883807538485863, "frac_class_22": 0.011728745674183291, "frac_class_23": 0.0015692979733804902, "frac_class_24": 0.0002576459359281402, "frac_developed": 0.072439497121977781, "wind_power_index": 52.444691329012379, "wind_resource_pct": 0.2231404958677686, "wind_screening_pct": 0.2231404958677686, "resource_land_adj_oof": 56.382476806640625, "resource_opportunity_oof": -3.9377854776282462 }, "geometry": { "type": "Point", "coordinates": [ -75.03, 41.58 ] } },
{ "type": "Feature", "properties": { "latitude": 41.22, "longitude": -74.4, "frac_class_11": 0.021633461002377688, "frac_class_21": 0.10909261276456188, "frac_class_22": 0.050259437553439451, "frac_class_23": 0.010611757264837134, "frac_class_24": 0.0021434344144207456, "frac_developed": 0.17210724199725919, "wind_power_index": 54.935571966629915, "wind_resource_pct": 0.27548209366391185, "wind_screening_pct": 0.27548209366391185, "resource_land_adj_oof": 44.434867858886719, "resource_opportunity_oof": 10.500704107743196 }, "geometry": { "type": "Point", "coordinates": [ -74.4, 41.22 ] } },
{ "type": "Feature", "properties": { "latitude": 42.3, "longitude": -75.03, "frac_class_11": 0.0021901443504230961, "frac_class_21": 0.054296840687494512, "frac_class_22": 0.0056978889116622257, "frac_class_23": 0.00054460808713729394, "frac_class_24": 3.51360056217609e-05, "frac_developed": 0.060574473691915785, "wind_power_index": 77.051044588866475, "wind_resource_pct": 0.7653810835629018, "wind_screening_pct": 0.7653810835629018, "resource_land_adj_oof": 74.112190246582031, "resource_opportunity_oof": 2.9388543422844435 }, "geometry": { "type": "Point", "coordinates": [ -75.03, 42.3 ] } },
{ "type": "Feature", "properties": { "latitude": 43.2, "longitude": -77.1, "frac_class_11": 0.0034433890444009792, "frac_class_21": 0.067245640130708231, "frac_class_22": 0.040161159977044072, "frac_class_23": 0.0082805307972499739, "frac_class_24": 0.0016514212763963879, "frac_developed": 0.11733875218139866, "wind_power_index": 71.227579354204664, "wind_resource_pct": 0.67309458218549123, "wind_screening_pct": 0.67309458218549123, "resource_land_adj_oof": 64.819496154785156, "resource_opportunity_oof": 6.408083199419508 }, "geometry": { "type": "Point", "coordinates": [ -77.1, 43.2 ] } },
{ "type": "Feature", "properties": { "latitude": 43.02, "longitude": -74.94, "frac_class_11": 0.014516006253769536, "frac_class_21": 0.071186400979054557, "frac_class_22": 0.048864893984552953, "frac_class_23": 0.03036708690280307, "frac_class_24": 0.007981168424319434, "frac_developed": 0.15839955029073, "wind_power_index": 63.951400663499626, "wind_resource_pct": 0.50964187327823696, "wind_screening_pct": 0.50964187327823696, "resource_land_adj_oof": 56.791839599609375, "resource_opportunity_oof": 7.1595610638902514 }, "geometry": { "type": "Point", "coordinates": [ -74.94, 43.02 ] } },
{ "type": "Feature", "properties": { "latitude": 42.12, "longitude": -74.85, "frac_class_11": 0.092579795021961939, "frac_class_21": 0.042008784773060026, "frac_class_22": 0.0038360175695461201, "frac_class_23": 0.00023426061493411421, "frac_class_24": 0.0, "frac_developed": 0.046079062957540266, "wind_power_index": 54.533925859748976, "wind_resource_pct": 0.26905417814508725, "wind_screening_pct": 0.26905417814508725, "resource_land_adj_oof": 69.153488159179688, "resource_opportunity_oof": -14.619562299430712 }, "geometry": { "type": "Point", "coordinates": [ -74.85, 42.12 ] } },
{ "type": "Feature", "properties": { "latitude": 42.93, "longitude": -77.82, "frac_class_11": 0.0065055217885207697, "frac_class_21": 0.051335652133178748, "frac_class_22": 0.055756596282893582, "frac_class_23": 0.0092342104954970788, "frac_class_24": 0.0029511998032533465, "frac_developed": 0.11927765871482275, "wind_power_index": 75.332045310420824, "wind_resource_pct": 0.73599632690541783, "wind_screening_pct": 0.73599632690541783, "resource_land_adj_oof": 85.357460021972656, "resource_opportunity_oof": -10.025414711551832 }, "geometry": { "type": "Point", "coordinates": [ -77.82, 42.93 ] } },
{ "type": "Feature", "properties": { "latitude": 42.75, "longitude": -76.47, "frac_class_11": 0.055356128526003266, "frac_class_21": 0.050893908073573933, "frac_class_22": 0.025315195558860904, "frac_class_23": 0.0048252882582700404, "frac_class_24": 0.00093694917636311461, "frac_developed": 0.081971341067067993, "wind_power_index": 75.969098070453086, "wind_resource_pct": 0.74931129476584024, "wind_screening_pct": 0.74931129476584024, "resource_land_adj_oof": 76.709869384765625, "resource_opportunity_oof": -0.74077131431253918 }, "geometry": { "type": "Point", "coordinates": [ -76.47, 42.75 ] } },
{ "type": "Feature", "properties": { "latitude": 41.94, "longitude": -73.59, "frac_class_11": 0.0051294963607511554, "frac_class_21": 0.065752413966751966, "frac_class_22": 0.0154529005662355, "frac_class_23": 0.0035719095662764891, "frac_class_24": 0.00041574685115677168, "frac_developed": 0.085192970950420721, "wind_power_index": 57.081251256489949, "wind_resource_pct": 0.3319559228650138, "wind_screening_pct": 0.3319559228650138, "resource_land_adj_oof": 44.509593963623047, "resource_opportunity_oof": 12.571657292866902 }, "geometry": { "type": "Point", "coordinates": [ -73.59, 41.94 ] } },
{ "type": "Feature", "properties": { "latitude": 42.12, "longitude": -77.46, "frac_class_11": 0.0011477425777361363, "frac_class_21": 0.047701586929788604, "frac_class_22": 0.022334133630028695, "frac_class_23": 0.002131521930081396, "frac_class_24": 9.9549101130175094e-05, "frac_developed": 0.072266791591028876, "wind_power_index": 68.708706787204591, "wind_resource_pct": 0.62167125803489443, "wind_screening_pct": 0.62167125803489443, "resource_land_adj_oof": 70.470832824707031, "resource_opportunity_oof": -1.7621260375024406 }, "geometry": { "type": "Point", "coordinates": [ -77.46, 42.12 ] } },
{ "type": "Feature", "properties": { "latitude": 43.02, "longitude": -74.22, "frac_class_11": 0.010446983316448728, "frac_class_21": 0.068256747498052897, "frac_class_22": 0.050735797900062655, "frac_class_23": 0.014347034263060193, "frac_class_24": 0.0043451018053839441, "frac_developed": 0.13768468146655968, "wind_power_index": 44.801647609105345, "wind_resource_pct": 0.094582185491276394, "wind_screening_pct": 0.094582185491276394, "resource_land_adj_oof": 46.931545257568359, "resource_opportunity_oof": -2.1298976484630145 }, "geometry": { "type": "Point", "coordinates": [ -74.22, 43.02 ] } },
{ "type": "Feature", "properties": { "latitude": 44.55, "longitude": -73.5, "frac_class_11": 0.041014229665632139, "frac_class_21": 0.065983486560871343, "frac_class_22": 0.058634420565673126, "frac_class_23": 0.015383264039351174, "frac_class_24": 0.001698190548691222, "frac_developed": 0.14169936171458686, "wind_power_index": 38.187278157954893, "wind_resource_pct": 0.060146923783287419, "wind_screening_pct": 0.060146923783287419, "resource_land_adj_oof": 57.409507751464844, "resource_opportunity_oof": -19.222229593509951 }, "geometry": { "type": "Point", "coordinates": [ -73.5, 44.55 ] } },
{ "type": "Feature", "properties": { "latitude": 42.93, "longitude": -77.01, "frac_class_11": 0.010283619412381336, "frac_class_21": 0.061344483681488898, "frac_class_22": 0.071270870301071113, "frac_class_23": 0.021562805624366792, "frac_class_24": 0.0052472226614428694, "frac_developed": 0.15942538226836969, "wind_power_index": 75.284452132619805, "wind_resource_pct": 0.73324150596877868, "wind_screening_pct": 0.73324150596877868, "resource_land_adj_oof": 70.890579223632812, "resource_opportunity_oof": 4.3938729089869923 }, "geometry": { "type": "Point", "coordinates": [ -77.01, 42.93 ] } },
{ "type": "Feature", "properties": { "latitude": 43.47, "longitude": -73.68, "frac_class_11": 0.2269823330659187, "frac_class_21": 0.05765030362298048, "frac_class_22": 0.043274326437158533, "frac_class_23": 0.014750748077835229, "frac_class_24": 0.0022076347857657328, "frac_developed": 0.11788301292373998, "wind_power_index": 32.758778066174564, "wind_resource_pct": 0.042699724517906337, "wind_screening_pct": 0.042699724517906337, "resource_land_adj_oof": 27.684013366699219, "resource_opportunity_oof": 5.0747646994753453 }, "geometry": { "type": "Point", "coordinates": [ -73.68, 43.47 ] } },
{ "type": "Feature", "properties": { "latitude": 43.29, "longitude": -76.83, "frac_class_11": 0.37563974937049832, "frac_class_21": 0.046313755343444396, "frac_class_22": 0.011822919716577854, "frac_class_23": 0.002190080224863852, "frac_class_24": 0.00043918721086841952, "frac_developed": 0.060765942495754524, "wind_power_index": 109.72313621949218, "wind_resource_pct": 0.98530762167125807, "wind_screening_pct": 0.98530762167125807, "resource_land_adj_oof": 81.099967956542969, "resource_opportunity_oof": 28.623168262949207 }, "geometry": { "type": "Point", "coordinates": [ -76.83, 43.29 ] } },
{ "type": "Feature", "properties": { "latitude": 42.66, "longitude": -74.94, "frac_class_11": 0.018833671043230769, "frac_class_21": 0.067130090537485795, "frac_class_22": 0.018458871619484885, "frac_class_23": 0.0056395600791763782, "frac_class_24": 0.0010189859333091275, "frac_developed": 0.092247508169456177, "wind_power_index": 62.012474852886726, "wind_resource_pct": 0.46740128558310379, "wind_screening_pct": 0.46740128558310379, "resource_land_adj_oof": 65.4188232421875, "resource_opportunity_oof": -3.4063483893007742 }, "geometry": { "type": "Point", "coordinates": [ -74.94, 42.66 ] } },
{ "type": "Feature", "properties": { "latitude": 41.58, "longitude": -74.22, "frac_class_11": 0.010798592200886609, "frac_class_21": 0.10301997505314384, "frac_class_22": 0.058595831649713347, "frac_class_23": 0.019617832902912222, "frac_class_24": 0.0046555752709896174, "frac_developed": 0.18588921487675902, "wind_power_index": 36.881548004345532, "wind_resource_pct": 0.056014692378328741, "wind_screening_pct": 0.056014692378328741, "resource_land_adj_oof": 45.576404571533203, "resource_opportunity_oof": -8.6948565671876707 }, "geometry": { "type": "Point", "coordinates": [ -74.22, 41.58 ] } },
{ "type": "Feature", "properties": { "latitude": 42.93, "longitude": -77.91, "frac_class_11": 0.0016396034501941173, "frac_class_21": 0.041072066427362643, "frac_class_22": 0.047249857998629761, "frac_class_23": 0.0069331803036779818, "frac_class_24": 0.0015224889180373946, "frac_developed": 0.096777593647707785, "wind_power_index": 75.332045310420824, "wind_resource_pct": 0.73599632690541783, "wind_screening_pct": 0.73599632690541783, "resource_land_adj_oof": 89.232925415039062, "resource_opportunity_oof": -13.900880104618238 }, "geometry": { "type": "Point", "coordinates": [ -77.91, 42.93 ] } },
{ "type": "Feature", "properties": { "latitude": 42.12, "longitude": -73.59, "frac_class_11": 0.022531912401920599, "frac_class_21": 0.066459772807120274, "frac_class_22": 0.020734278018503336, "frac_class_23": 0.0035952687668345238, "frac_class_24": 0.00026935238318304253, "frac_developed": 0.091058671975641173, "wind_power_index": 55.322558147868897, "wind_resource_pct": 0.28282828282828282, "wind_screening_pct": 0.28282828282828282, "resource_land_adj_oof": 63.387706756591797, "resource_opportunity_oof": -8.0651486087229003 }, "geometry": { "type": "Point", "coordinates": [ -73.59, 42.12 ] } },
{ "type": "Feature", "properties": { "latitude": 42.12, "longitude": -78.27, "frac_class_11": 0.00055041573954795647, "frac_class_21": 0.045959714252254362, "frac_class_22": 0.010452043564820237, "frac_class_23": 0.00021079751727368545, "frac_class_24": 0.0, "frac_developed": 0.056622555334348283, "wind_power_index": 66.83598818075788, "wind_resource_pct": 0.57897153351698805, "wind_screening_pct": 0.57897153351698805, "resource_land_adj_oof": 65.690620422363281, "resource_opportunity_oof": 1.1453677583945989 }, "geometry": { "type": "Point", "coordinates": [ -78.27, 42.12 ] } },
{ "type": "Feature", "properties": { "latitude": 42.48, "longitude": -75.66, "frac_class_11": 0.0064598499534398845, "frac_class_21": 0.052422590147996745, "frac_class_22": 0.012585872665405541, "frac_class_23": 0.0020146766853883229, "frac_class_24": 0.00026940444048797346, "frac_developed": 0.067292543939278582, "wind_power_index": 61.524074463840925, "wind_resource_pct": 0.44123048668503212, "wind_screening_pct": 0.44123048668503212, "resource_land_adj_oof": 65.027740478515625, "resource_opportunity_oof": -3.5036660146746996 }, "geometry": { "type": "Point", "coordinates": [ -75.66, 42.48 ] } },
{ "type": "Feature", "properties": { "latitude": 42.03, "longitude": -78.36, "frac_class_11": 0.0099899280912561783, "frac_class_21": 0.057456725926966948, "frac_class_22": 0.027650902958330406, "frac_class_23": 0.0059845876373175932, "frac_class_24": 0.0016220457686271755, "frac_developed": 0.092714262291242119, "wind_power_index": 59.209840151001984, "wind_resource_pct": 0.37373737373737376, "wind_screening_pct": 0.37373737373737376, "resource_land_adj_oof": 71.352020263671875, "resource_opportunity_oof": -12.142180112669891 }, "geometry": { "type": "Point", "coordinates": [ -78.36, 42.03 ] } },
{ "type": "Feature", "properties": { "latitude": 41.76, "longitude": -74.58, "frac_class_11": 0.015881195540148038, "frac_class_21": 0.095609247634217187, "frac_class_22": 0.048855757518973107, "frac_class_23": 0.016419938161716482, "frac_class_24": 0.0013468565539211093, "frac_developed": 0.16223179986882788, "wind_power_index": 63.148672850365642, "wind_resource_pct": 0.49311294765840219, "wind_screening_pct": 0.49311294765840219, "resource_land_adj_oof": 52.457065582275391, "resource_opportunity_oof": 10.691607268090252 }, "geometry": { "type": "Point", "coordinates": [ -74.58, 41.76 ] } },
{ "type": "Feature", "properties": { "latitude": 42.21, "longitude": -78.81, "frac_class_11": 0.00271124904842771, "frac_class_21": 0.039146220062071795, "frac_class_22": 0.01981612695438309, "frac_class_23": 0.0030918779645136732, "frac_class_24": 0.00029279147391227968, "frac_developed": 0.062347016454880833, "wind_power_index": 64.653238361567119, "wind_resource_pct": 0.52617079889807161, "wind_screening_pct": 0.52617079889807161, "resource_land_adj_oof": 75.246994018554688, "resource_opportunity_oof": -10.593755656987568 }, "geometry": { "type": "Point", "coordinates": [ -78.81, 42.21 ] } },
{ "type": "Feature", "properties": { "latitude": 42.12, "longitude": -78.18, "frac_class_11": 0.00081983533021795908, "frac_class_21": 0.052106391201995714, "frac_class_22": 0.015295784875209351, "frac_class_23": 0.0019383249593010318, "frac_class_24": 0.00021667076584331777, "frac_developed": 0.069557171802349424, "wind_power_index": 74.925931929256734, "wind_resource_pct": 0.72910927456382002, "wind_screening_pct": 0.72910927456382002, "resource_land_adj_oof": 71.131187438964844, "resource_opportunity_oof": 3.7947444902918903 }, "geometry": { "type": "Point", "coordinates": [ -78.18, 42.12 ] } },
{ "type": "Feature", "properties": { "latitude": 42.39, "longitude": -73.41, "frac_class_11": 0.0085802472751125968, "frac_class_21": 0.073186873685875092, "frac_class_22": 0.021922092526106794, "frac_class_23": 0.0050310118834960551, "frac_class_24": 0.00089023725994342312, "frac_developed": 0.10103021535542138, "wind_power_index": 67.905004965906826, "wind_resource_pct": 0.59687786960514233, "wind_screening_pct": 0.59687786960514233, "resource_land_adj_oof": 57.403541564941406, "resource_opportunity_oof": 10.50146340096542 }, "geometry": { "type": "Point", "coordinates": [ -73.41, 42.39 ] } },
{ "type": "Feature", "properties": { "latitude": 42.21, "longitude": -77.37, "frac_class_11": 0.0049775133514475779, "frac_class_21": 0.048674224679096788, "frac_class_22": 0.022281692120303571, "frac_class_23": 0.001645507355007964, "frac_class_24": 6.4414878665792181e-05, "frac_developed": 0.072665839033074109, "wind_power_index": 64.444191105175406, "wind_resource_pct": 0.52341597796143247, "wind_screening_pct": 0.52341597796143247, "resource_land_adj_oof": 62.601554870605469, "resource_opportunity_oof": 1.8426362345699374 }, "geometry": { "type": "Point", "coordinates": [ -77.37, 42.21 ] } },
{ "type": "Feature", "properties": { "latitude": 42.21, "longitude": -79.26, "frac_class_11": 0.002154920010306139, "frac_class_21": 0.05613917972501347, "frac_class_22": 0.020085259878668636, "frac_class_23": 0.0037593984962406013, "frac_class_24": 0.00056215304616681887, "frac_developed": 0.080545991146089527, "wind_power_index": 65.439571799758795, "wind_resource_pct": 0.54499540863177232, "wind_screening_pct": 0.54499540863177232, "resource_land_adj_oof": 85.040824890136719, "resource_opportunity_oof": -19.601253090377924 }, "geometry": { "type": "Point", "coordinates": [ -79.26, 42.21 ] } },
{ "type": "Feature", "properties": { "latitude": 44.73, "longitude": -75.12, "frac_class_11": 0.0085443556888191337, "frac_class_21": 0.047441963971983414, "frac_class_22": 0.017873456862423576, "frac_class_23": 0.0020321394270186701, "frac_class_24": 0.0002459650026939024, "frac_developed": 0.067593525264119561, "wind_power_index": 45.485590907039011, "wind_resource_pct": 0.10651974288337925, "wind_screening_pct": 0.10651974288337925, "resource_land_adj_oof": 51.439449310302734, "resource_opportunity_oof": -5.9538584032637232 }, "geometry": { "type": "Point", "coordinates": [ -75.12, 44.73 ] } },
{ "type": "Feature", "properties": { "latitude": 42.03, "longitude": -77.28, "frac_class_11": 0.0021842116050149029, "frac_class_21": 0.054886368294382537, "frac_class_22": 0.025999730633421366, "frac_class_23": 0.0029337533890414647, "frac_class_24": 0.00053873315726909131, "frac_developed": 0.084358585474114456, "wind_power_index": 59.005099071055852, "wind_resource_pct": 0.37190082644628097, "wind_screening_pct": 0.37190082644628097, "resource_land_adj_oof": 57.534599304199219, "resource_opportunity_oof": 1.4704997668566335 }, "geometry": { "type": "Point", "coordinates": [ -77.28, 42.03 ] } },
{ "type": "Feature", "properties": { "latitude": 42.57, "longitude": -75.21, "frac_class_11": 0.0048193194394832847, "frac_class_21": 0.062961509858231193, "frac_class_22": 0.012256179327871828, "frac_class_23": 0.0015049393632408314, "frac_class_24": 0.00011126010856644278, "frac_developed": 0.076833888657910313, "wind_power_index": 61.691568125283453, "wind_resource_pct": 0.45408631772268138, "wind_screening_pct": 0.45408631772268138, "resource_land_adj_oof": 60.963798522949219, "resource_opportunity_oof": 0.72776960233423438 }, "geometry": { "type": "Point", "coordinates": [ -75.21, 42.57 ] } },
{ "type": "Feature", "properties": { "latitude": 42.21, "longitude": -73.86, "frac_class_11": 0.097993171982877256, "frac_class_21": 0.07632622227948023, "frac_class_22": 0.048030357153314163, "frac_class_23": 0.023265619235566592, "frac_class_24": 0.0065879238963031496, "frac_developed": 0.15421012256466413, "wind_power_index": 46.449147093647198, "wind_resource_pct": 0.11891643709825528, "wind_screening_pct": 0.11891643709825528, "resource_land_adj_oof": 34.502799987792969, "resource_opportunity_oof": 11.94634710585423 }, "geometry": { "type": "Point", "coordinates": [ -73.86, 42.21 ] } },
{ "type": "Feature", "properties": { "latitude": 43.11, "longitude": -74.31, "frac_class_11": 0.046485479875617082, "frac_class_21": 0.054695689347223929, "frac_class_22": 0.047914360839291882, "frac_class_23": 0.017357390066934875, "frac_class_24": 0.0031857018206520146, "frac_developed": 0.1231531420741027, "wind_power_index": 50.598271253856076, "wind_resource_pct": 0.19559228650137742, "wind_screening_pct": 0.19559228650137742, "resource_land_adj_oof": 55.153404235839844, "resource_opportunity_oof": -4.5551329819837676 }, "geometry": { "type": "Point", "coordinates": [ -74.31, 43.11 ] } },
{ "type": "Feature", "properties": { "latitude": 42.21, "longitude": -76.2, "frac_class_11": 0.003255822124365378, "frac_class_21": 0.055407534066088504, "frac_class_22": 0.020266907144655708, "frac_class_23": 0.0027346563526594093, "frac_class_24": 0.00034549191607474337, "frac_developed": 0.07875458947947836, "wind_power_index": 49.748379371957867, "wind_resource_pct": 0.1790633608815427, "wind_screening_pct": 0.1790633608815427, "resource_land_adj_oof": 55.730762481689453, "resource_opportunity_oof": -5.982383109731586 }, "geometry": { "type": "Point", "coordinates": [ -76.2, 42.21 ] } },
{ "type": "Feature", "properties": { "latitude": 44.82, "longitude": -75.3, "frac_class_11": 0.11081838125832484, "frac_class_21": 0.043563425526913738, "frac_class_22": 0.013985740029773564, "frac_class_23": 0.001116508657839066, "frac_class_24": 1.9587871190159052e-05, "frac_developed": 0.058685262085716519, "wind_power_index": 47.026661084094854, "wind_resource_pct": 0.13269054178145087, "wind_screening_pct": 0.13269054178145087, "resource_land_adj_oof": 52.005844116210938, "resource_opportunity_oof": -4.979183032116083 }, "geometry": { "type": "Point", "coordinates": [ -75.3, 44.82 ] } },
{ "type": "Feature", "properties": { "latitude": 42.84, "longitude": -74.4, "frac_class_11": 0.0020494563085192972, "frac_class_21": 0.049251362888445165, "frac_class_22": 0.013075531248353115, "frac_class_23": 0.0012999408585465256, "frac_class_24": 0.00011711178905824555, "frac_developed": 0.063743946784403066, "wind_power_index": 62.527845105675866, "wind_resource_pct": 0.48117539026629935, "wind_screening_pct": 0.48117539026629935, "resource_land_adj_oof": 60.561641693115234, "resource_opportunity_oof": 1.9662034125606311 }, "geometry": { "type": "Point", "coordinates": [ -74.4, 42.84 ] } },
{ "type": "Feature", "properties": { "latitude": 41.94, "longitude": -74.13, "frac_class_11": 0.13918884100065587, "frac_class_21": 0.062177925606671042, "frac_class_22": 0.027926777850651174, "frac_class_23": 0.0060140073081607799, "frac_class_24": 0.00083739342265529843, "frac_developed": 0.096956104188138298, "wind_power_index": 23.894233129825562, "wind_resource_pct": 0.002295684113865932, "wind_screening_pct": 0.002295684113865932, "resource_land_adj_oof": 44.160385131835938, "resource_opportunity_oof": -20.266152002010376 }, "geometry": { "type": "Point", "coordinates": [ -74.13, 41.94 ] } },
{ "type": "Feature", "properties": { "latitude": 42.21, "longitude": -75.93, "frac_class_11": 0.0062950166891140129, "frac_class_21": 0.078602799086490607, "frac_class_22": 0.052152017333255259, "frac_class_23": 0.016290917608479241, "frac_class_24": 0.0048193476605961237, "frac_developed": 0.15186508168882126, "wind_power_index": 48.675067859896785, "wind_resource_pct": 0.16528925619834711, "wind_screening_pct": 0.16528925619834711, "resource_land_adj_oof": 57.656032562255859, "resource_opportunity_oof": -8.9809647023590742 }, "geometry": { "type": "Point", "coordinates": [ -75.93, 42.21 ] } },
{ "type": "Feature", "properties": { "latitude": 44.37, "longitude": -75.21, "frac_class_11": 0.013873597413853685, "frac_class_21": 0.031383963081824361, "frac_class_22": 0.010553069877486004, "frac_class_23": 0.0010599920354189604, "frac_class_24": 0.00013469512052285133, "frac_developed": 0.043131720115252181, "wind_power_index": 51.740601640418944, "wind_resource_pct": 0.21395775941230485, "wind_screening_pct": 0.21395775941230485, "resource_land_adj_oof": 47.683425903320312, "resource_opportunity_oof": 4.0571757370986319 }, "geometry": { "type": "Point", "coordinates": [ -75.21, 44.37 ] } },
{ "type": "Feature", "properties": { "latitude": 42.3, "longitude": -78.36, "frac_class_11": 0.0024652897740248636, "frac_class_21": 0.051794508435272966, "frac_class_22": 0.0068278571888669625, "frac_class_23": 0.00095449461559632485, "frac_class_24": 0.00012882749412956531, "frac_developed": 0.059705687733865823, "wind_power_index": 82.663216701431665, "wind_resource_pct": 0.84251606978879701, "wind_screening_pct": 0.84251606978879701, "resource_land_adj_oof": 78.8026123046875, "resource_opportunity_oof": 3.860604396744165 }, "geometry": { "type": "Point", "coordinates": [ -78.36, 42.3 ] } },
{ "type": "Feature", "properties": { "latitude": 44.91, "longitude": -74.94, "frac_class_11": 0.12200249462718207, "frac_class_21": 0.056995789584638717, "frac_class_22": 0.059999882881352953, "frac_class_23": 0.026416110841087564, "frac_class_24": 0.0099140934723922075, "frac_developed": 0.15332587677947146, "wind_power_index": 50.291299736408064, "wind_resource_pct": 0.18732782369146006, "wind_screening_pct": 0.18732782369146006, "resource_land_adj_oof": 50.116508483886719, "resource_opportunity_oof": 0.17479125252134509 }, "geometry": { "type": "Point", "coordinates": [ -74.94, 44.91 ] } },
{ "type": "Feature", "properties": { "latitude": 44.64, "longitude": -74.94, "frac_class_11": 0.017579097153497959, "frac_class_21": 0.06410924571502187, "frac_class_22": 0.037143308875628764, "frac_class_23": 0.013444905750976455, "frac_class_24": 0.0040287870891427702, "frac_developed": 0.11872624743076986, "wind_power_index": 62.288225522306341, "wind_resource_pct": 0.47566574839302111, "wind_screening_pct": 0.47566574839302111, "resource_land_adj_oof": 46.174949645996094, "resource_opportunity_oof": 16.113275876310247 }, "geometry": { "type": "Point", "coordinates": [ -74.94, 44.64 ] } },
{ "type": "Feature", "properties": { "latitude": 42.84, "longitude": -75.3, "frac_class_11": 0.0033025911286780852, "frac_class_21": 0.05074513248426292, "frac_class_22": 0.014838237446933099, "frac_class_23": 0.0016630068803981848, "frac_class_24": 8.1979212413995026e-05, "frac_developed": 0.06732835602400819, "wind_power_index": 74.151207296602166, "wind_resource_pct": 0.71671258034894403, "wind_screening_pct": 0.71671258034894403, "resource_land_adj_oof": 70.094169616699219, "resource_opportunity_oof": 4.0570376799029475 }, "geometry": { "type": "Point", "coordinates": [ -75.3, 42.84 ] } },
{ "type": "Feature", "properties": { "latitude": 41.94, "longitude": -73.5, "frac_class_11": 0.029554890581903998, "frac_class_21": 0.079254188455614966, "frac_class_22": 0.023593551447293682, "frac_class_23": 0.005645118787587766, "frac_class_24": 0.00079055086755637797, "frac_developed": 0.10928340955805278, "wind_power_index": 52.798196345396477, "wind_resource_pct": 0.23048668503213957, "wind_screening_pct": 0.23048668503213957, "resource_land_adj_oof": 47.214832305908203, "resource_opportunity_oof": 5.5833640394882735 }, "geometry": { "type": "Point", "coordinates": [ -73.5, 41.94 ] } },
{ "type": "Feature", "properties": { "latitude": 44.19, "longitude": -75.93, "frac_class_11": 0.0024418379954676676, "frac_class_21": 0.036662704291662032, "frac_class_22": 0.025331873305499113, "frac_class_23": 0.003343619893074432, "frac_class_24": 0.00039233368272502091, "frac_developed": 0.065730531172960599, "wind_power_index": 44.040356055439268, "wind_resource_pct": 0.087695133149678597, "wind_screening_pct": 0.087695133149678597, "resource_land_adj_oof": 60.191352844238281, "resource_opportunity_oof": -16.150996788799013 }, "geometry": { "type": "Point", "coordinates": [ -75.93, 44.19 ] } },
{ "type": "Feature", "properties": { "latitude": 43.2, "longitude": -76.56, "frac_class_11": 0.012443419041651783, "frac_class_21": 0.064243176614570213, "frac_class_22": 0.019171648914055501, "frac_class_23": 0.0029688533901729196, "frac_class_24": 0.00025179624413695375, "frac_developed": 0.086635475162935585, "wind_power_index": 57.501206962251167, "wind_resource_pct": 0.34343434343434343, "wind_screening_pct": 0.34343434343434343, "resource_land_adj_oof": 65.971733093261719, "resource_opportunity_oof": -8.4705261310105513 }, "geometry": { "type": "Point", "coordinates": [ -76.56, 43.2 ] } },
{ "type": "Feature", "properties": { "latitude": 42.03, "longitude": -76.65, "frac_class_11": 0.013855135945469558, "frac_class_21": 0.058975094719705801, "frac_class_22": 0.028612085473188612, "frac_class_23": 0.0079113646079160497, "frac_class_24": 0.0020085847968284269, "frac_developed": 0.097507129597638895, "wind_power_index": 51.840313436493936, "wind_resource_pct": 0.21763085399449036, "wind_screening_pct": 0.21763085399449036, "resource_land_adj_oof": 54.3604736328125, "resource_opportunity_oof": -2.5201601963185638 }, "geometry": { "type": "Point", "coordinates": [ -76.65, 42.03 ] } },
{ "type": "Feature", "properties": { "latitude": 42.03, "longitude": -75.48, "frac_class_11": 0.010710437552703083, "frac_class_21": 0.055150847934039161, "frac_class_22": 0.020718167338142978, "frac_class_23": 0.0070797807551766139, "frac_class_24": 0.00077883444205003281, "frac_developed": 0.083727630469408773, "wind_power_index": 64.554041135677778, "wind_resource_pct": 0.5252525252525253, "wind_screening_pct": 0.5252525252525253, "resource_land_adj_oof": 65.645454406738281, "resource_opportunity_oof": -1.0914132710605031 }, "geometry": { "type": "Point", "coordinates": [ -75.48, 42.03 ] } },
{ "type": "Feature", "properties": { "latitude": 41.76, "longitude": -73.77, "frac_class_11": 0.0042109825235440192, "frac_class_21": 0.10456004310546783, "frac_class_22": 0.040481656749285479, "frac_class_23": 0.0092243358478189576, "frac_class_24": 0.0016398819285011479, "frac_developed": 0.15590591763107342, "wind_power_index": 44.009360435696721, "wind_resource_pct": 0.086317722681359038, "wind_screening_pct": 0.086317722681359038, "resource_land_adj_oof": 48.275554656982422, "resource_opportunity_oof": -4.2661942212857014 }, "geometry": { "type": "Point", "coordinates": [ -73.77, 41.76 ] } },
{ "type": "Feature", "properties": { "latitude": 44.82, "longitude": -74.49, "frac_class_11": 0.00018740080933724534, "frac_class_21": 0.048308414881966771, "frac_class_22": 0.019536534373407827, "frac_class_23": 0.0031272510058152816, "frac_class_24": 0.00031038259046481257, "frac_developed": 0.071282582851654688, "wind_power_index": 56.723179810463876, "wind_resource_pct": 0.32277318640955005, "wind_screening_pct": 0.32277318640955005, "resource_land_adj_oof": 57.994865417480469, "resource_opportunity_oof": -1.2716856070165932 }, "geometry": { "type": "Point", "coordinates": [ -74.49, 44.82 ] } },
{ "type": "Feature", "properties": { "latitude": 42.57, "longitude": -78.54, "frac_class_11": 0.0042630438601627919, "frac_class_21": 0.045347543479533875, "frac_class_22": 0.028283656379926216, "frac_class_23": 0.0051531299408561224, "frac_class_24": 0.00066170873104175209, "frac_developed": 0.079446038531357968, "wind_power_index": 80.801452579917992, "wind_resource_pct": 0.81496786042240588, "wind_screening_pct": 0.81496786042240588, "resource_land_adj_oof": 83.507408142089844, "resource_opportunity_oof": -2.7059555621718516 }, "geometry": { "type": "Point", "coordinates": [ -78.54, 42.57 ] } },
{ "type": "Feature", "properties": { "latitude": 41.58, "longitude": -74.4, "frac_class_11": 0.0024304396460342837, "frac_class_21": 0.09141381309626298, "frac_class_22": 0.03817254364542521, "frac_class_23": 0.011367429766150711, "frac_class_24": 0.0019092128303787386, "frac_developed": 0.14286299933821764, "wind_power_index": 47.235592736192125, "wind_resource_pct": 0.13682277318640956, "wind_screening_pct": 0.13682277318640956, "resource_land_adj_oof": 53.525348663330078, "resource_opportunity_oof": -6.2897559271379535 }, "geometry": { "type": "Point", "coordinates": [ -74.4, 41.58 ] } },
{ "type": "Feature", "properties": { "latitude": 43.2, "longitude": -78.0, "frac_class_11": 0.0030570294107312274, "frac_class_21": 0.062259156447286738, "frac_class_22": 0.069796315166848213, "frac_class_23": 0.022740316478676928, "frac_class_24": 0.0073146163486653313, "frac_developed": 0.1621104044414772, "wind_power_index": 73.817613040898394, "wind_resource_pct": 0.71120293847566574, "wind_screening_pct": 0.71120293847566574, "resource_land_adj_oof": 76.253639221191406, "resource_opportunity_oof": -2.4360261802930125 }, "geometry": { "type": "Point", "coordinates": [ -78.0, 43.2 ] } },
{ "type": "Feature", "properties": { "latitude": 44.37, "longitude": -73.68, "frac_class_11": 0.0040933446549351448, "frac_class_21": 0.021778467484554798, "frac_class_22": 0.011676865868298539, "frac_class_23": 0.0015518402482944398, "frac_class_24": 0.00027523204403712706, "frac_developed": 0.035282405645184901, "wind_power_index": 35.464666693537808, "wind_resource_pct": 0.047750229568411386, "wind_screening_pct": 0.047750229568411386, "resource_land_adj_oof": 50.582080841064453, "resource_opportunity_oof": -15.117414147526645 }, "geometry": { "type": "Point", "coordinates": [ -73.68, 44.37 ] } },
{ "type": "Feature", "properties": { "latitude": 42.39, "longitude": -78.63, "frac_class_11": 0.0034372310088595067, "frac_class_21": 0.051371086270399408, "frac_class_22": 0.016383939289248552, "frac_class_23": 0.0019382001089139637, "frac_class_24": 0.00038061331443929803, "frac_developed": 0.070073838983001221, "wind_power_index": 83.463209688087034, "wind_resource_pct": 0.85583103764921942, "wind_screening_pct": 0.85583103764921942, "resource_land_adj_oof": 79.815391540527344, "resource_opportunity_oof": 3.6478181475596898 }, "geometry": { "type": "Point", "coordinates": [ -78.63, 42.39 ] } },
{ "type": "Feature", "properties": { "latitude": 43.47, "longitude": -73.59, "frac_class_11": 0.15852223152643014, "frac_class_21": 0.027996556792429628, "frac_class_22": 0.012162486604868508, "frac_class_23": 0.0013234097124218984, "frac_class_24": 5.2702156689367635e-05, "frac_developed": 0.041535155266409399, "wind_power_index": 32.758778066174564, "wind_resource_pct": 0.042699724517906337, "wind_screening_pct": 0.042699724517906337, "resource_land_adj_oof": 42.205570220947266, "resource_opportunity_oof": -9.4467921547727016 }, "geometry": { "type": "Point", "coordinates": [ -73.59, 43.47 ] } },
{ "type": "Feature", "properties": { "latitude": 42.66, "longitude": -74.22, "frac_class_11": 0.0019500140541553453, "frac_class_21": 0.055267965895249696, "frac_class_22": 0.0197753677503982, "frac_class_23": 0.0022193853649395672, "frac_class_24": 0.0001405415534526375, "frac_developed": 0.077403260564040108, "wind_power_index": 72.984750447003734, "wind_resource_pct": 0.70156106519742878, "wind_screening_pct": 0.70156106519742878, "resource_land_adj_oof": 47.389064788818359, "resource_opportunity_oof": 25.595685658185374 }, "geometry": { "type": "Point", "coordinates": [ -74.22, 42.66 ] } },
{ "type": "Feature", "properties": { "latitude": 42.57, "longitude": -77.01, "frac_class_11": 0.022515664343854307, "frac_class_21": 0.049528605727001226, "frac_class_22": 0.04753176787491948, "frac_class_23": 0.0070562745212859402, "frac_class_24": 0.00070269953738947124, "frac_developed": 0.10481934766059613, "wind_power_index": 62.308951484805235, "wind_resource_pct": 0.47750229568411384, "wind_screening_pct": 0.47750229568411384, "resource_land_adj_oof": 64.39910888671875, "resource_opportunity_oof": -2.0901574019135154 }, "geometry": { "type": "Point", "coordinates": [ -77.01, 42.57 ] } },
{ "type": "Feature", "properties": { "latitude": 43.11, "longitude": -77.19, "frac_class_11": 0.003794688607150177, "frac_class_21": 0.06551693848271016, "frac_class_22": 0.055643720902995346, "frac_class_23": 0.0094574415131906415, "frac_class_24": 0.002155008344801335, "frac_developed": 0.13277310924369748, "wind_power_index": 61.831304688132334, "wind_resource_pct": 0.46051423324150598, "wind_screening_pct": 0.46051423324150598, "resource_land_adj_oof": 62.074539184570312, "resource_opportunity_oof": -0.24323449643797801 }, "geometry": { "type": "Point", "coordinates": [ -77.19, 43.11 ] } },
{ "type": "Feature", "properties": { "latitude": 42.21, "longitude": -73.5, "frac_class_11": 0.004415140300744835, "frac_class_21": 0.062145734763667027, "frac_class_22": 0.011758092472010118, "frac_class_23": 0.0026701644259146482, "frac_class_24": 0.00039818241439078093, "frac_developed": 0.076972174075982586, "wind_power_index": 59.847078375705649, "wind_resource_pct": 0.39715335169880622, "wind_screening_pct": 0.39715335169880622, "resource_land_adj_oof": 51.643939971923828, "resource_opportunity_oof": 8.2031384037818214 }, "geometry": { "type": "Point", "coordinates": [ -73.5, 42.21 ] } },
{ "type": "Feature", "properties": { "latitude": 42.48, "longitude": -78.72, "frac_class_11": 0.0061371249209435244, "frac_class_21": 0.057922044459019467, "frac_class_22": 0.043516197793445927, "frac_class_23": 0.012947693893326463, "frac_class_24": 0.0027581925932866412, "frac_developed": 0.11714412873907849, "wind_power_index": 81.456858705143688, "wind_resource_pct": 0.82782369146005508, "wind_screening_pct": 0.82782369146005508, "resource_land_adj_oof": 69.4775390625, "resource_opportunity_oof": 11.979319642643688 }, "geometry": { "type": "Point", "coordinates": [ -78.72, 42.48 ] } },
{ "type": "Feature", "properties": { "latitude": 42.21, "longitude": -78.36, "frac_class_11": 0.0043567371318147217, "frac_class_21": 0.066580781167652398, "frac_class_22": 0.025349885811325173, "frac_class_23": 0.0040815131463371786, "frac_class_24": 0.00059729460678105049, "frac_developed": 0.096609474732095801, "wind_power_index": 68.414688158024148, "wind_resource_pct": 0.61202938475665747, "wind_screening_pct": 0.61202938475665747, "resource_land_adj_oof": 71.00860595703125, "resource_opportunity_oof": -2.5939177990071016 }, "geometry": { "type": "Point", "coordinates": [ -78.36, 42.21 ] } },
{ "type": "Feature", "properties": { "latitude": 43.74, "longitude": -75.57, "frac_class_11": 0.0031565323822742258, "frac_class_21": 0.0258378865873727, "frac_class_22": 0.0091592145563578649, "frac_class_23": 0.0013410870418196618, "frac_class_24": 9.3700404668622668e-05, "frac_developed": 0.036431888590218849, "wind_power_index": 84.701313557006827, "wind_resource_pct": 0.87052341597796146, "wind_screening_pct": 0.87052341597796146, "resource_land_adj_oof": 70.59295654296875, "resource_opportunity_oof": 14.108357014038077 }, "geometry": { "type": "Point", "coordinates": [ -75.57, 43.74 ] } },
{ "type": "Feature", "properties": { "latitude": 43.74, "longitude": -76.02, "frac_class_11": 0.0009017343748170182, "frac_class_21": 0.051381293110515161, "frac_class_22": 0.0218992633884133, "frac_class_23": 0.0020903842325303602, "frac_class_24": 0.00012296377838413885, "frac_developed": 0.07549390450984296, "wind_power_index": 62.103593390358554, "wind_resource_pct": 0.47015610651974288, "wind_screening_pct": 0.47015610651974288, "resource_land_adj_oof": 57.833896636962891, "resource_opportunity_oof": 4.2696967533956638 }, "geometry": { "type": "Point", "coordinates": [ -76.02, 43.74 ] } },
{ "type": "Feature", "properties": { "latitude": 42.93, "longitude": -74.85, "frac_class_11": 0.0014697357403427821, "frac_class_21": 0.051142119347226532, "frac_class_22": 0.0089238138178581675, "frac_class_23": 0.0013292032392741497, "frac_class_24": 0.00017566562633579069, "frac_developed": 0.061570802030694635, "wind_power_index": 81.693854224351014, "wind_resource_pct": 0.83057851239669422, "wind_screening_pct": 0.83057851239669422, "resource_land_adj_oof": 73.017005920410156, "resource_opportunity_oof": 8.6768483039408579 }, "geometry": { "type": "Point", "coordinates": [ -74.85, 42.93 ] } },
{ "type": "Feature", "properties": { "latitude": 42.57, "longitude": -75.12, "frac_class_11": 0.0051822877018749929, "frac_class_21": 0.064143253656879853, "frac_class_22": 0.012220829868715378, "frac_class_23": 0.0013233864639816365, "frac_class_24": 7.0268307822033798e-05, "frac_developed": 0.077757738297398904, "wind_power_index": 61.691568125283453, "wind_resource_pct": 0.45408631772268138, "wind_screening_pct": 0.45408631772268138, "resource_land_adj_oof": 66.242912292480469, "resource_opportunity_oof": -4.5513441671970156 }, "geometry": { "type": "Point", "coordinates": [ -75.12, 42.57 ] } },
{ "type": "Feature", "properties": { "latitude": 42.66, "longitude": -78.9, "frac_class_11": 0.0024125452352231603, "frac_class_21": 0.077576211835525308, "frac_class_22": 0.068710693665312045, "frac_class_23": 0.017256725262627802, "frac_class_24": 0.0017391406185953365, "frac_developed": 0.16528277138206049, "wind_power_index": 86.698556595666759, "wind_resource_pct": 0.90679522497704312, "wind_screening_pct": 0.90679522497704312, "resource_land_adj_oof": 85.307861328125, "resource_opportunity_oof": 1.3906952675417585 }, "geometry": { "type": "Point", "coordinates": [ -78.9, 42.66 ] } },
{ "type": "Feature", "properties": { "latitude": 42.57, "longitude": -74.49, "frac_class_11": 0.0016396034501941173, "frac_class_21": 0.036844231816504952, "frac_class_22": 0.0044444964953476249, "frac_class_23": 0.00035719932307800412, "frac_class_24": 1.1711453215672267e-05, "frac_developed": 0.04165763908814625, "wind_power_index": 65.148124792908305, "wind_resource_pct": 0.54178145087235996, "wind_screening_pct": 0.54178145087235996, "resource_land_adj_oof": 69.148475646972656, "resource_opportunity_oof": -4.0003508540643509 }, "geometry": { "type": "Point", "coordinates": [ -74.49, 42.57 ] } },
{ "type": "Feature", "properties": { "latitude": 43.2, "longitude": -73.68, "frac_class_11": 0.0041694482508227637, "frac_class_21": 0.072971200356042779, "frac_class_22": 0.078428961268636618, "frac_class_23": 0.019143154960589343, "frac_class_24": 0.0062014686764344188, "frac_developed": 0.17674478526170317, "wind_power_index": 30.275382467988742, "wind_resource_pct": 0.024334251606978878, "wind_screening_pct": 0.024334251606978878, "resource_land_adj_oof": 40.718048095703125, "resource_opportunity_oof": -10.442665627714383 }, "geometry": { "type": "Point", "coordinates": [ -73.68, 43.2 ] } },
{ "type": "Feature", "properties": { "latitude": 43.92, "longitude": -76.02, "frac_class_11": 0.00271124904842771, "frac_class_21": 0.046460151080400539, "frac_class_22": 0.042519177841541252, "frac_class_23": 0.010107161679451894, "frac_class_24": 0.002031972828951221, "frac_developed": 0.1011184634303449, "wind_power_index": 70.597639254574361, "wind_resource_pct": 0.65886134067952251, "wind_screening_pct": 0.65886134067952251, "resource_land_adj_oof": 54.509311676025391, "resource_opportunity_oof": 16.08832757854897 }, "geometry": { "type": "Point", "coordinates": [ -76.02, 43.92 ] } },
{ "type": "Feature", "properties": { "latitude": 42.03, "longitude": -75.66, "frac_class_11": 0.011939966387735623, "frac_class_21": 0.057257965345404081, "frac_class_22": 0.01916016185417899, "frac_class_23": 0.0049188679576743126, "frac_class_24": 0.00047431941020430868, "frac_developed": 0.081811314567461685, "wind_power_index": 49.456771146640257, "wind_resource_pct": 0.17539026629935719, "wind_screening_pct": 0.17539026629935719, "resource_land_adj_oof": 56.644058227539062, "resource_opportunity_oof": -7.1872870808988054 }, "geometry": { "type": "Point", "coordinates": [ -75.66, 42.03 ] } },
{ "type": "Feature", "properties": { "latitude": 42.03, "longitude": -79.35, "frac_class_11": 0.00083148396465607599, "frac_class_21": 0.073170588889734683, "frac_class_22": 0.018755233371784585, "frac_class_23": 0.0035952898190058495, "frac_class_24": 0.00082562844377821634, "frac_developed": 0.096346740524303337, "wind_power_index": 63.151263593740445, "wind_resource_pct": 0.49449035812672176, "wind_screening_pct": 0.49449035812672176, "resource_land_adj_oof": 80.948585510253906, "resource_opportunity_oof": -17.797321916513461 }, "geometry": { "type": "Point", "coordinates": [ -79.35, 42.03 ] } },
{ "type": "Feature", "properties": { "latitude": 42.3, "longitude": -78.18, "frac_class_11": 0.0014874416589073746, "frac_class_21": 0.050824827392350801, "frac_class_22": 0.010154424553328297, "frac_class_23": 0.00070272834279088564, "frac_class_24": 2.9280347616286902e-05, "frac_developed": 0.061711260636086271, "wind_power_index": 64.06969997484282, "wind_resource_pct": 0.51377410468319562, "wind_screening_pct": 0.51377410468319562, "resource_land_adj_oof": 80.12890625, "resource_opportunity_oof": -16.05920627515718 }, "geometry": { "type": "Point", "coordinates": [ -78.18, 42.3 ] } },
{ "type": "Feature", "properties": { "latitude": 42.57, "longitude": -75.57, "frac_class_11": 0.0043273566233735811, "frac_class_21": 0.059856886879735789, "frac_class_22": 0.04336725731083186, "frac_class_23": 0.016466206799629922, "frac_class_24": 0.0047431107779872814, "frac_developed": 0.12443346176818484, "wind_power_index": 61.111148753770358, "wind_resource_pct": 0.42791551882460971, "wind_screening_pct": 0.42791551882460971, "resource_land_adj_oof": 62.603420257568359, "resource_opportunity_oof": -1.4922715037980012 }, "geometry": { "type": "Point", "coordinates": [ -75.57, 42.57 ] } },
{ "type": "Feature", "properties": { "latitude": 43.38, "longitude": -75.66, "frac_class_11": 0.0031621849526843435, "frac_class_21": 0.034942143727161999, "frac_class_22": 0.0064063524782160593, "frac_class_23": 0.00032207439332896092, "frac_class_24": 5.8558980605265626e-06, "frac_developed": 0.041676426496767546, "wind_power_index": 54.572336963790434, "wind_resource_pct": 0.26997245179063362, "wind_screening_pct": 0.26997245179063362, "resource_land_adj_oof": 62.625858306884766, "resource_opportunity_oof": -8.0535213430943315 }, "geometry": { "type": "Point", "coordinates": [ -75.66, 43.38 ] } },
{ "type": "Feature", "properties": { "latitude": 42.48, "longitude": -77.46, "frac_class_11": 0.00022835996557034365, "frac_class_21": 0.049442860237845686, "frac_class_22": 0.030506549246704883, "frac_class_23": 0.0042685747410456543, "frac_class_24": 0.0004859968498035519, "frac_developed": 0.084703981075399767, "wind_power_index": 80.878250249088126, "wind_resource_pct": 0.8168044077134986, "wind_screening_pct": 0.8168044077134986, "resource_land_adj_oof": 75.635124206542969, "resource_opportunity_oof": 5.2431260425451569 }, "geometry": { "type": "Point", "coordinates": [ -77.46, 42.48 ] } },
{ "type": "Feature", "properties": { "latitude": 42.03, "longitude": -79.26, "frac_class_11": 0.00043332376897987386, "frac_class_21": 0.086600340803288572, "frac_class_22": 0.041739619260655961, "frac_class_23": 0.0079754996398728132, "frac_class_24": 0.00093691625725378131, "frac_developed": 0.13725237596107115, "wind_power_index": 61.23014954136066, "wind_resource_pct": 0.43434343434343436, "wind_screening_pct": 0.43434343434343436, "resource_land_adj_oof": 79.221588134765625, "resource_opportunity_oof": -17.991438593404965 }, "geometry": { "type": "Point", "coordinates": [ -79.26, 42.03 ] } },
{ "type": "Feature", "properties": { "latitude": 42.39, "longitude": -74.31, "frac_class_11": 0.00053874893128608744, "frac_class_21": 0.045149502828431887, "frac_class_22": 0.0044563906163990492, "frac_class_23": 0.0003396460653760116, "frac_class_24": 0.0, "frac_developed": 0.049945539510206943, "wind_power_index": 63.35370139446897, "wind_resource_pct": 0.49862258953168043, "wind_screening_pct": 0.49862258953168043, "resource_land_adj_oof": 64.55218505859375, "resource_opportunity_oof": -1.1984836641247796 }, "geometry": { "type": "Point", "coordinates": [ -74.31, 42.39 ] } },
{ "type": "Feature", "properties": { "latitude": 44.37, "longitude": -75.57, "frac_class_11": 0.031672512428343062, "frac_class_21": 0.041088189999941446, "frac_class_22": 0.0080279191235456352, "frac_class_23": 0.00063239625480884657, "frac_class_24": 1.7566562633579071e-05, "frac_developed": 0.04976607194092951, "wind_power_index": 48.091034984917755, "wind_resource_pct": 0.15472910927456382, "wind_screening_pct": 0.15472910927456382, "resource_land_adj_oof": 48.009414672851562, "resource_opportunity_oof": 0.081620312066192469 }, "geometry": { "type": "Point", "coordinates": [ -75.57, 44.37 ] } },
{ "type": "Feature", "properties": { "latitude": 42.84, "longitude": -73.59, "frac_class_11": 0.059581046972633944, "frac_class_21": 0.069800127665306078, "frac_class_22": 0.032472666155224615, "frac_class_23": 0.0064008339238341757, "frac_class_24": 0.0026704302555062985, "frac_developed": 0.11134405799987117, "wind_power_index": 50.636206534455397, "wind_resource_pct": 0.19651056014692378, "wind_screening_pct": 0.19651056014692378, "resource_land_adj_oof": 43.859413146972656, "resource_opportunity_oof": 6.7767933874827406 }, "geometry": { "type": "Point", "coordinates": [ -73.59, 42.84 ] } },
{ "type": "Feature", "properties": { "latitude": 43.02, "longitude": -74.49, "frac_class_11": 0.0058151110902894083, "frac_class_21": 0.049425516215551468, "frac_class_22": 0.016186270950211405, "frac_class_23": 0.0011946451786697275, "frac_class_24": 6.4417141987093148e-05, "frac_developed": 0.066870849486419706, "wind_power_index": 53.700474675295169, "wind_resource_pct": 0.25528007346189163, "wind_screening_pct": 0.25528007346189163, "resource_land_adj_oof": 54.420562744140625, "resource_opportunity_oof": -0.72008806884545606 }, "geometry": { "type": "Point", "coordinates": [ -74.49, 43.02 ] } },
{ "type": "Feature", "properties": { "latitude": 43.11, "longitude": -74.85, "frac_class_11": 0.0033437765350042455, "frac_class_21": 0.065434954469592715, "frac_class_22": 0.020636547301847569, "frac_class_23": 0.0057388809182209472, "frac_class_24": 0.00094867215178754424, "frac_developed": 0.092759054841448765, "wind_power_index": 53.876255459881278, "wind_resource_pct": 0.26078971533516987, "wind_screening_pct": 0.26078971533516987, "resource_land_adj_oof": 63.024192810058594, "resource_opportunity_oof": -9.1479373501773154 }, "geometry": { "type": "Point", "coordinates": [ -74.85, 43.11 ] } },
{ "type": "Feature", "properties": { "latitude": 42.93, "longitude": -75.66, "frac_class_11": 0.0041111534069280548, "frac_class_21": 0.055278029925917252, "frac_class_22": 0.02786448420251237, "frac_class_23": 0.0064888290240402912, "frac_class_24": 0.00073204298556411233, "frac_developed": 0.090363386138034033, "wind_power_index": 99.406030802091294, "wind_resource_pct": 0.97199265381083566, "wind_screening_pct": 0.97199265381083566, "resource_land_adj_oof": 77.961784362792969, "resource_opportunity_oof": 21.444246439298325 }, "geometry": { "type": "Point", "coordinates": [ -75.66, 42.93 ] } },
{ "type": "Feature", "properties": { "latitude": 43.2, "longitude": -78.81, "frac_class_11": 0.001944294783199419, "frac_class_21": 0.029304973178102087, "frac_class_22": 0.07084963339501979, "frac_class_23": 0.0083335285436529315, "frac_class_24": 0.0030687062240858302, "frac_developed": 0.11155684134086064, "wind_power_index": 90.517096265787231, "wind_resource_pct": 0.93617998163452709, "wind_screening_pct": 0.93617998163452709, "resource_land_adj_oof": 92.614418029785156, "resource_opportunity_oof": -2.0973217639979254 }, "geometry": { "type": "Point", "coordinates": [ -78.81, 43.2 ] } },
{ "type": "Feature", "properties": { "latitude": 43.29, "longitude": -78.0, "frac_class_11": 0.0021315718585666935, "frac_class_21": 0.039112001218041065, "frac_class_22": 0.044897696262722088, "frac_class_23": 0.0063244439759671126, "frac_class_24": 0.00063830036424112528, "frac_developed": 0.090972441820971389, "wind_power_index": 74.554738284448632, "wind_resource_pct": 0.71946740128558306, "wind_screening_pct": 0.71946740128558306, "resource_land_adj_oof": 71.850227355957031, "resource_opportunity_oof": 2.7045109284916009 }, "geometry": { "type": "Point", "coordinates": [ -78.0, 43.29 ] } },
{ "type": "Feature", "properties": { "latitude": 43.2, "longitude": -73.77, "frac_class_11": 0.02284958042736094, "frac_class_21": 0.064104140681271196, "frac_class_22": 0.061281614344523887, "frac_class_23": 0.013819838495277246, "frac_class_24": 0.0054752326241882306, "frac_developed": 0.14468082614526054, "wind_power_index": 30.275382467988742, "wind_resource_pct": 0.024334251606978878, "wind_screening_pct": 0.024334251606978878, "resource_land_adj_oof": 42.141407012939453, "resource_opportunity_oof": -11.866024544950712 }, "geometry": { "type": "Point", "coordinates": [ -73.77, 43.2 ] } },
{ "type": "Feature", "properties": { "latitude": 42.75, "longitude": -78.45, "frac_class_11": 0.0015577874732804311, "frac_class_21": 0.047928318350853559, "frac_class_22": 0.02709144680975667, "frac_class_23": 0.0034552428918626101, "frac_class_24": 0.00024596644314954172, "frac_developed": 0.078720974495622389, "wind_power_index": 91.618243970476925, "wind_resource_pct": 0.94168962350780527, "wind_screening_pct": 0.94168962350780527, "resource_land_adj_oof": 79.49053955078125, "resource_opportunity_oof": 12.127704419695675 }, "geometry": { "type": "Point", "coordinates": [ -78.45, 42.75 ] } },
{ "type": "Feature", "properties": { "latitude": 42.21, "longitude": -77.64, "frac_class_11": 0.00045089622945347862, "frac_class_21": 0.038103659286412801, "frac_class_22": 0.013690849148860169, "frac_class_23": 0.0012765633509202383, "frac_class_24": 2.9278975938537575e-05, "frac_developed": 0.053100350762131751, "wind_power_index": 85.656944770309821, "wind_resource_pct": 0.89072543617998168, "wind_screening_pct": 0.89072543617998168, "resource_land_adj_oof": 67.151268005371094, "resource_opportunity_oof": 18.505676764938727 }, "geometry": { "type": "Point", "coordinates": [ -77.64, 42.21 ] } },
{ "type": "Feature", "properties": { "latitude": 44.82, "longitude": -73.59, "frac_class_11": 0.0016278348040449939, "frac_class_21": 0.027356993541360473, "frac_class_22": 0.013889295522283185, "frac_class_23": 0.0012296593843505348, "frac_class_24": 6.4410729656456595e-05, "frac_developed": 0.042540359177650644, "wind_power_index": 50.36583810103749, "wind_resource_pct": 0.19008264462809918, "wind_screening_pct": 0.19008264462809918, "resource_land_adj_oof": 59.539463043212891, "resource_opportunity_oof": -9.173624942175401 }, "geometry": { "type": "Point", "coordinates": [ -73.59, 44.82 ] } },
{ "type": "Feature", "properties": { "latitude": 44.55, "longitude": -75.12, "frac_class_11": 0.0058272669239644156, "frac_class_21": 0.064913996568061891, "frac_class_22": 0.023988427457847485, "frac_class_23": 0.0086676935150425474, "frac_class_24": 0.0019385179415399212, "frac_developed": 0.09950863548249185, "wind_power_index": 54.730646856768431, "wind_resource_pct": 0.27410468319559228, "wind_screening_pct": 0.27410468319559228, "resource_land_adj_oof": 53.181175231933594, "resource_opportunity_oof": 1.5494716248348368 }, "geometry": { "type": "Point", "coordinates": [ -75.12, 44.55 ] } },
{ "type": "Feature", "properties": { "latitude": 42.48, "longitude": -76.83, "frac_class_11": 0.13388418136993682, "frac_class_21": 0.0445519333360661, "frac_class_22": 0.019476831003648245, "frac_class_23": 0.0013585763057265162, "frac_class_24": 5.8559323522694663e-05, "frac_developed": 0.06544589996896355, "wind_power_index": 65.169250427719533, "wind_resource_pct": 0.54315886134067948, "wind_screening_pct": 0.54315886134067948, "resource_land_adj_oof": 65.299484252929688, "resource_opportunity_oof": -0.13023382521015492 }, "geometry": { "type": "Point", "coordinates": [ -76.83, 42.48 ] } },
{ "type": "Feature", "properties": { "latitude": 42.66, "longitude": -77.37, "frac_class_11": 0.054662247622616761, "frac_class_21": 0.048771490139129618, "frac_class_22": 0.019710029512343654, "frac_class_23": 0.0028926781280742024, "frac_class_24": 0.00026935869208788118, "frac_developed": 0.071643556471635353, "wind_power_index": 74.117132646856646, "wind_resource_pct": 0.7153351698806244, "wind_screening_pct": 0.7153351698806244, "resource_land_adj_oof": 70.205413818359375, "resource_opportunity_oof": 3.9117188284972713 }, "geometry": { "type": "Point", "coordinates": [ -77.37, 42.66 ] } },
{ "type": "Feature", "properties": { "latitude": 43.83, "longitude": -75.75, "frac_class_11": 0.0010716418959277607, "frac_class_21": 0.037648009556937562, "frac_class_22": 0.0054694728458826699, "frac_class_23": 0.00028694236557628565, "frac_class_24": 0.0, "frac_developed": 0.043404424768396517, "wind_power_index": 95.675947164200693, "wind_resource_pct": 0.95730027548209362, "wind_screening_pct": 0.95730027548209362, "resource_land_adj_oof": 64.660377502441406, "resource_opportunity_oof": 31.015569661759287 }, "geometry": { "type": "Point", "coordinates": [ -75.75, 43.83 ] } },
{ "type": "Feature", "properties": { "latitude": 42.03, "longitude": -79.53, "frac_class_11": 0.00087251859225859348, "frac_class_21": 0.047935820108918427, "frac_class_22": 0.0095742811969315462, "frac_class_23": 0.0013292732915617497, "frac_class_24": 0.00015810739591263102, "frac_developed": 0.058997481993324358, "wind_power_index": 70.934838583473123, "wind_resource_pct": 0.66666666666666663, "wind_screening_pct": 0.66666666666666663, "resource_land_adj_oof": 69.023918151855469, "resource_opportunity_oof": 1.9109204316176545 }, "geometry": { "type": "Point", "coordinates": [ -79.53, 42.03 ] } },
{ "type": "Feature", "properties": { "latitude": 43.02, "longitude": -73.41, "frac_class_11": 0.00065584138007764698, "frac_class_21": 0.061982866143945471, "frac_class_22": 0.021303133399307853, "frac_class_23": 0.0037183863959759445, "frac_class_24": 0.00049773676166607128, "frac_developed": 0.087502122700895357, "wind_power_index": 39.207535367054021, "wind_resource_pct": 0.064279155188246104, "wind_screening_pct": 0.064279155188246104, "resource_land_adj_oof": 55.357879638671875, "resource_opportunity_oof": -16.150344271617854 }, "geometry": { "type": "Point", "coordinates": [ -73.41, 43.02 ] } },
{ "type": "Feature", "properties": { "latitude": 42.75, "longitude": -77.19, "frac_class_11": 0.00090768014522882323, "frac_class_21": 0.043861447017831526, "frac_class_22": 0.043826311012209761, "frac_class_23": 0.0034491845518695285, "frac_class_24": 0.00046262407401985185, "frac_developed": 0.091599566655930664, "wind_power_index": 74.850422252622195, "wind_resource_pct": 0.7281910009182736, "wind_screening_pct": 0.7281910009182736, "resource_land_adj_oof": 87.015815734863281, "resource_opportunity_oof": -12.165393482241086 }, "geometry": { "type": "Point", "coordinates": [ -77.19, 42.75 ] } },
{ "type": "Feature", "properties": { "latitude": 43.11, "longitude": -78.63, "frac_class_11": 0.001323471712256168, "frac_class_21": 0.054004673143479558, "frac_class_22": 0.08900054461446566, "frac_class_23": 0.026311320367995408, "frac_class_24": 0.0060727440956179031, "frac_developed": 0.17538928222155853, "wind_power_index": 86.181320338182203, "wind_resource_pct": 0.90404040404040409, "wind_screening_pct": 0.90404040404040409, "resource_land_adj_oof": 85.59368896484375, "resource_opportunity_oof": 0.5876313733384535 }, "geometry": { "type": "Point", "coordinates": [ -78.63, 43.11 ] } },
{ "type": "Feature", "properties": { "latitude": 42.57, "longitude": -76.92, "frac_class_11": 0.26572079378370622, "frac_class_21": 0.044174566832770219, "frac_class_22": 0.038904536325149168, "frac_class_23": 0.0050299513400516461, "frac_class_24": 0.00049186951404463133, "frac_developed": 0.088600924012015664, "wind_power_index": 61.611390523238413, "wind_resource_pct": 0.44582185491276399, "wind_screening_pct": 0.44582185491276399, "resource_land_adj_oof": 110.73292541503906, "resource_opportunity_oof": -49.12153489180065 }, "geometry": { "type": "Point", "coordinates": [ -76.92, 42.57 ] } },
{ "type": "Feature", "properties": { "latitude": 43.74, "longitude": -75.39, "frac_class_11": 0.010518055213933494, "frac_class_21": 0.040186467081298242, "frac_class_22": 0.028227742834721296, "frac_class_23": 0.0042692996942970589, "frac_class_24": 0.001060004450847418, "frac_developed": 0.073743514061164014, "wind_power_index": 44.203917030085364, "wind_resource_pct": 0.090909090909090912, "wind_screening_pct": 0.090909090909090912, "resource_land_adj_oof": 52.749011993408203, "resource_opportunity_oof": -8.545094963322839 }, "geometry": { "type": "Point", "coordinates": [ -75.39, 43.74 ] } },
{ "type": "Feature", "properties": { "latitude": 43.2, "longitude": -73.32, "frac_class_11": 0.0018562979446038531, "frac_class_21": 0.044720969725361596, "frac_class_22": 0.013316156233530479, "frac_class_23": 0.0029806172044270071, "frac_class_24": 0.00034549393921649, "frac_developed": 0.061363237102535571, "wind_power_index": 45.475431881460992, "wind_resource_pct": 0.10514233241505969, "wind_screening_pct": 0.10514233241505969, "resource_land_adj_oof": 50.414936065673828, "resource_opportunity_oof": -4.9395041842128364 }, "geometry": { "type": "Point", "coordinates": [ -73.32, 43.2 ] } },
{ "type": "Feature", "properties": { "latitude": 44.46, "longitude": -75.21, "frac_class_11": 0.0063888596090556672, "frac_class_21": 0.046197720857781996, "frac_class_22": 0.014259278779148074, "frac_class_23": 0.0015049834276143963, "frac_class_24": 0.00024009463242097374, "frac_developed": 0.062202077696965438, "wind_power_index": 49.642797876078731, "wind_resource_pct": 0.17814508723599631, "wind_screening_pct": 0.17814508723599631, "resource_land_adj_oof": 50.609596252441406, "resource_opportunity_oof": -0.96679837636267507 }, "geometry": { "type": "Point", "coordinates": [ -75.21, 44.46 ] } },
{ "type": "Feature", "properties": { "latitude": 42.84, "longitude": -78.27, "frac_class_11": 0.0035251267757386955, "frac_class_21": 0.058709171185309238, "frac_class_22": 0.036346282220946984, "frac_class_23": 0.0077646480143347347, "frac_class_24": 0.0014346446180331901, "frac_developed": 0.10425474603862415, "wind_power_index": 108.26559816154501, "wind_resource_pct": 0.98438934802571165, "wind_screening_pct": 0.98438934802571165, "resource_land_adj_oof": 81.640823364257812, "resource_opportunity_oof": 26.624774797287202 }, "geometry": { "type": "Point", "coordinates": [ -78.27, 42.84 ] } },
{ "type": "Feature", "properties": { "latitude": 44.37, "longitude": -75.75, "frac_class_11": 0.0503358259209594, "frac_class_21": 0.027598039502731698, "frac_class_22": 0.011851990654260333, "frac_class_23": 0.0010598865160183402, "frac_class_24": 1.7567179823508399e-05, "frac_developed": 0.040527483852833876, "wind_power_index": 50.312774719863882, "wind_resource_pct": 0.18870523415977961, "wind_screening_pct": 0.18870523415977961, "resource_land_adj_oof": 58.491439819335938, "resource_opportunity_oof": -8.178665099472056 }, "geometry": { "type": "Point", "coordinates": [ -75.75, 44.37 ] } },
{ "type": "Feature", "properties": { "latitude": 42.21, "longitude": -79.08, "frac_class_11": 0.00063243328707200956, "frac_class_21": 0.048463128553777324, "frac_class_22": 0.023277058482511465, "frac_class_23": 0.0031211753889757508, "frac_class_24": 0.00016396418553718767, "frac_developed": 0.075025326610801718, "wind_power_index": 61.699845138312, "wind_resource_pct": 0.45546372819100089, "wind_screening_pct": 0.45546372819100089, "resource_land_adj_oof": 88.184890747070312, "resource_opportunity_oof": -26.485045608758313 }, "geometry": { "type": "Point", "coordinates": [ -79.08, 42.21 ] } },
{ "type": "Feature", "properties": { "latitude": 42.03, "longitude": -74.94, "frac_class_11": 0.052188680350188858, "frac_class_21": 0.028577284572365531, "frac_class_22": 0.0058325769332123094, "frac_class_23": 0.00085497613679618193, "frac_class_24": 5.8560009369601498e-05, "frac_developed": 0.035323397651743624, "wind_power_index": 68.589181519635304, "wind_resource_pct": 0.6198347107438017, "wind_screening_pct": 0.6198347107438017, "resource_land_adj_oof": 67.5638427734375, "resource_opportunity_oof": 1.0253387461978036 }, "geometry": { "type": "Point", "coordinates": [ -74.94, 42.03 ] } },
{ "type": "Feature", "properties": { "latitude": 44.19, "longitude": -76.11, "frac_class_11": 0.13858487196153868, "frac_class_21": 0.04679420737955952, "frac_class_22": 0.028207695776165463, "frac_class_23": 0.0089536157030842833, "frac_class_24": 0.0020905433655991428, "frac_developed": 0.086046062224408415, "wind_power_index": 72.50611685548435, "wind_resource_pct": 0.69834710743801653, "wind_screening_pct": 0.69834710743801653, "resource_land_adj_oof": 61.900661468505859, "resource_opportunity_oof": 10.605455386978491 }, "geometry": { "type": "Point", "coordinates": [ -76.11, 44.19 ] } },
{ "type": "Feature", "properties": { "latitude": 44.73, "longitude": -73.59, "frac_class_11": 0.0091702826625441394, "frac_class_21": 0.053206378206817395, "frac_class_22": 0.048873039017620294, "frac_class_23": 0.0090531653871604324, "frac_class_24": 0.001756759130755582, "frac_developed": 0.11288934174235371, "wind_power_index": 39.762914922415945, "wind_resource_pct": 0.065197428833792467, "wind_screening_pct": 0.065197428833792467, "resource_land_adj_oof": 57.296802520751953, "resource_opportunity_oof": -17.533887598336008 }, "geometry": { "type": "Point", "coordinates": [ -73.59, 44.73 ] } },
{ "type": "Feature", "properties": { "latitude": 41.67, "longitude": -74.4, "frac_class_11": 0.0028225098085143761, "frac_class_21": 0.066387538794870291, "frac_class_22": 0.023259354687591497, "frac_class_23": 0.0079346489430227787, "frac_class_24": 0.0026116999472975346, "frac_developed": 0.1001932423727821, "wind_power_index": 39.849821228005425, "wind_resource_pct": 0.066115702479338845, "wind_screening_pct": 0.066115702479338845, "resource_land_adj_oof": 68.034751892089844, "resource_opportunity_oof": -28.184930664084419 }, "geometry": { "type": "Point", "coordinates": [ -74.4, 41.67 ] } },
{ "type": "Feature", "properties": { "latitude": 42.03, "longitude": -76.11, "frac_class_11": 0.0101073392400171, "frac_class_21": 0.082586213964056285, "frac_class_22": 0.053616916617379239, "frac_class_23": 0.015453805477639122, "frac_class_24": 0.0014874068174764445, "frac_developed": 0.15314434287655107, "wind_power_index": 65.520567808353761, "wind_resource_pct": 0.54912764003673098, "wind_screening_pct": 0.54912764003673098, "resource_land_adj_oof": 56.199333190917969, "resource_opportunity_oof": 9.3212346174357918 }, "geometry": { "type": "Point", "coordinates": [ -76.11, 42.03 ] } },
{ "type": "Feature", "properties": { "latitude": 43.29, "longitude": -73.41, "frac_class_11": 0.0039937224772791154, "frac_class_21": 0.051900824510446919, "frac_class_22": 0.016800571535650708, "frac_class_23": 0.0020964115056685095, "frac_class_24": 0.00027522720884474842, "frac_developed": 0.071073034760610887, "wind_power_index": 36.643282429536391, "wind_resource_pct": 0.053719008264462811, "wind_screening_pct": 0.053719008264462811, "resource_land_adj_oof": 56.252792358398438, "resource_opportunity_oof": -19.609509928862046 }, "geometry": { "type": "Point", "coordinates": [ -73.41, 43.29 ] } },
{ "type": "Feature", "properties": { "latitude": 42.21, "longitude": -75.84, "frac_class_11": 0.015441279805124842, "frac_class_21": 0.089895535672459836, "frac_class_22": 0.061267391202510894, "frac_class_23": 0.015253899845411534, "frac_class_24": 0.0026760200496556892, "frac_developed": 0.16909284677003797, "wind_power_index": 53.287977490285584, "wind_resource_pct": 0.24655647382920109, "wind_screening_pct": 0.24655647382920109, "resource_land_adj_oof": 51.726020812988281, "resource_opportunity_oof": 1.561956677297303 }, "geometry": { "type": "Point", "coordinates": [ -75.84, 42.21 ] } },
{ "type": "Feature", "properties": { "latitude": 43.11, "longitude": -76.56, "frac_class_11": 0.052801396013397978, "frac_class_21": 0.062287728667463051, "frac_class_22": 0.026403625887147775, "frac_class_23": 0.0093926404797039335, "frac_class_24": 0.0015986227250368913, "frac_developed": 0.099682617759351652, "wind_power_index": 60.211360919232966, "wind_resource_pct": 0.40404040404040403, "wind_screening_pct": 0.40404040404040403, "resource_land_adj_oof": 65.44561767578125, "resource_opportunity_oof": -5.2342567565482838 }, "geometry": { "type": "Point", "coordinates": [ -76.56, 43.11 ] } },
{ "type": "Feature", "properties": { "latitude": 41.85, "longitude": -73.77, "frac_class_11": 0.0048077486150638884, "frac_class_21": 0.085789911340665007, "frac_class_22": 0.020490027288804565, "frac_class_23": 0.0028928475223405129, "frac_class_24": 0.00012883126617710785, "frac_developed": 0.10930161741798719, "wind_power_index": 46.354638543279634, "wind_resource_pct": 0.11432506887052342, "wind_screening_pct": 0.11432506887052342, "resource_land_adj_oof": 50.971847534179688, "resource_opportunity_oof": -4.6172089909000533 }, "geometry": { "type": "Point", "coordinates": [ -73.77, 41.85 ] } },
{ "type": "Feature", "properties": { "latitude": 42.57, "longitude": -78.99, "frac_class_11": 0.0042572129601976937, "frac_class_21": 0.045230691753187051, "frac_class_22": 0.043222130480356502, "frac_class_23": 0.007038748250560699, "frac_class_24": 0.00083738851899349412, "frac_developed": 0.09632895900309775, "wind_power_index": 75.899517128869647, "wind_resource_pct": 0.74655647382920109, "wind_screening_pct": 0.74655647382920109, "resource_land_adj_oof": 89.217056274414062, "resource_opportunity_oof": -13.317539145544416 }, "geometry": { "type": "Point", "coordinates": [ -78.99, 42.57 ] } },
{ "type": "Feature", "properties": { "latitude": 43.38, "longitude": -76.47, "frac_class_11": 0.023838942209157294, "frac_class_21": 0.093803983111886674, "frac_class_22": 0.045891866886063795, "frac_class_23": 0.010189083626611075, "frac_class_24": 0.0027112331719085793, "frac_developed": 0.15259616679647015, "wind_power_index": 107.80580671936198, "wind_resource_pct": 0.98255280073461893, "wind_screening_pct": 0.98255280073461893, "resource_land_adj_oof": 65.091529846191406, "resource_opportunity_oof": 42.714276873170576 }, "geometry": { "type": "Point", "coordinates": [ -76.47, 43.38 ] } },
{ "type": "Feature", "properties": { "latitude": 43.29, "longitude": -76.29, "frac_class_11": 0.0099320684000936982, "frac_class_21": 0.074367533380182718, "frac_class_22": 0.036952447880065589, "frac_class_23": 0.0077769969547903488, "frac_class_24": 0.0010131178261888029, "frac_developed": 0.12011009604122747, "wind_power_index": 57.380362299285686, "wind_resource_pct": 0.33976124885215792, "wind_screening_pct": 0.33976124885215792, "resource_land_adj_oof": 62.825027465820312, "resource_opportunity_oof": -5.4446651665346266 }, "geometry": { "type": "Point", "coordinates": [ -76.29, 43.29 ] } },
{ "type": "Feature", "properties": { "latitude": 42.39, "longitude": -76.2, "frac_class_11": 0.001692374360235644, "frac_class_21": 0.037964231755735919, "frac_class_22": 0.01434126231216987, "frac_class_23": 0.0010716418959277607, "frac_class_24": 0.00020495883255448977, "frac_developed": 0.053582094796388036, "wind_power_index": 75.503544521644415, "wind_resource_pct": 0.73829201101928377, "wind_screening_pct": 0.73829201101928377, "resource_land_adj_oof": 62.067691802978516, "resource_opportunity_oof": 13.435852718665899 }, "geometry": { "type": "Point", "coordinates": [ -76.2, 42.39 ] } },
{ "type": "Feature", "properties": { "latitude": 44.1, "longitude": -76.11, "frac_class_11": 0.036992791178416869, "frac_class_21": 0.042409655487429948, "frac_class_22": 0.02237604164836645, "frac_class_23": 0.0028167694406867998, "frac_class_24": 0.00022838671140703782, "frac_developed": 0.06783085328789025, "wind_power_index": 83.950561197928934, "wind_resource_pct": 0.86455463728190995, "wind_screening_pct": 0.86455463728190995, "resource_land_adj_oof": 57.480979919433594, "resource_opportunity_oof": 26.46958127849534 }, "geometry": { "type": "Point", "coordinates": [ -76.11, 44.1 ] } },
{ "type": "Feature", "properties": { "latitude": 41.94, "longitude": -75.03, "frac_class_11": 0.0097852629606422787, "frac_class_21": 0.0366698483899114, "frac_class_22": 0.0090005680254381694, "frac_class_23": 0.0023657966703168644, "frac_class_24": 4.0991526465886268e-05, "frac_developed": 0.048077204612132315, "wind_power_index": 62.585911253349927, "wind_resource_pct": 0.48255280073461893, "wind_screening_pct": 0.48255280073461893, "resource_land_adj_oof": 62.683673858642578, "resource_opportunity_oof": -0.097762605292651017 }, "geometry": { "type": "Point", "coordinates": [ -75.03, 41.94 ] } },
{ "type": "Feature", "properties": { "latitude": 43.29, "longitude": -78.45, "frac_class_11": 0.0010540307894105041, "frac_class_21": 0.031509664876766236, "frac_class_22": 0.038876168949424091, "frac_class_23": 0.004579178207327856, "frac_class_24": 0.00086664753795974772, "frac_developed": 0.075831659571477916, "wind_power_index": 69.105235301762235, "wind_resource_pct": 0.63085399449035817, "wind_screening_pct": 0.63085399449035817, "resource_land_adj_oof": 77.957412719726562, "resource_opportunity_oof": -8.8521774179643273 }, "geometry": { "type": "Point", "coordinates": [ -78.45, 43.29 ] } },
{ "type": "Feature", "properties": { "latitude": 42.03, "longitude": -78.18, "frac_class_11": 0.00042748055841843903, "frac_class_21": 0.048416565164433614, "frac_class_22": 0.01291225522346107, "frac_class_23": 0.0019207345638527125, "frac_class_24": 0.00022252412630000936, "frac_developed": 0.063472079078047403, "wind_power_index": 65.098048412225239, "wind_resource_pct": 0.5385674931129476, "wind_screening_pct": 0.5385674931129476, "resource_land_adj_oof": 67.339866638183594, "resource_opportunity_oof": -2.2418182259583546 }, "geometry": { "type": "Point", "coordinates": [ -78.18, 42.03 ] } },
{ "type": "Feature", "properties": { "latitude": 43.29, "longitude": -76.47, "frac_class_11": 0.036078187950904152, "frac_class_21": 0.07914831818607701, "frac_class_22": 0.048480980043099413, "frac_class_23": 0.018469502482900777, "frac_class_24": 0.0072086105125081981, "frac_developed": 0.15330741122458541, "wind_power_index": 56.179535431658707, "wind_resource_pct": 0.30532598714416898, "wind_screening_pct": 0.30532598714416898, "resource_land_adj_oof": 66.159530639648438, "resource_opportunity_oof": -9.9799952079897309 }, "geometry": { "type": "Point", "coordinates": [ -76.47, 43.29 ] } },
{ "type": "Feature", "properties": { "latitude": 42.57, "longitude": -75.93, "frac_class_11": 0.003478586780198994, "frac_class_21": 0.049168711458839651, "frac_class_22": 0.015062163634127631, "frac_class_23": 0.0018212802839089009, "frac_class_24": 0.00017568620102015122, "frac_developed": 0.066227841577896338, "wind_power_index": 59.308209356159793, "wind_resource_pct": 0.37557392102846648, "wind_screening_pct": 0.37557392102846648, "resource_land_adj_oof": 71.634071350097656, "resource_opportunity_oof": -12.325861993937863 }, "geometry": { "type": "Point", "coordinates": [ -75.93, 42.57 ] } },
{ "type": "Feature", "properties": { "latitude": 42.57, "longitude": -76.11, "frac_class_11": 0.0059911099658571153, "frac_class_21": 0.065310711964065057, "frac_class_22": 0.041603954249705713, "frac_class_23": 0.020561864213220267, "frac_class_24": 0.0060438176781667085, "frac_developed": 0.13352034810515773, "wind_power_index": 66.622885852932995, "wind_resource_pct": 0.57162534435261703, "wind_screening_pct": 0.57162534435261703, "resource_land_adj_oof": 66.424064636230469, "resource_opportunity_oof": 0.19882121670252673 }, "geometry": { "type": "Point", "coordinates": [ -76.11, 42.57 ] } },
{ "type": "Feature", "properties": { "latitude": 42.84, "longitude": -76.38, "frac_class_11": 0.1418005715356507, "frac_class_21": 0.057791857959336647, "frac_class_22": 0.021239342265529843, "frac_class_23": 0.001540101189918486, "frac_class_24": 0.00010540616508947813, "frac_developed": 0.08067670757987444, "wind_power_index": 96.34348393706999, "wind_resource_pct": 0.96051423324150598, "wind_screening_pct": 0.96051423324150598, "resource_land_adj_oof": 74.968025207519531, "resource_opportunity_oof": 21.375458729550459 }, "geometry": { "type": "Point", "coordinates": [ -76.38, 42.84 ] } },
{ "type": "Feature", "properties": { "latitude": 42.66, "longitude": -77.01, "frac_class_11": 0.061775247733502001, "frac_class_21": 0.058120739335160584, "frac_class_22": 0.070565980275025184, "frac_class_23": 0.014700025768969475, "frac_class_24": 0.0032738304401808511, "frac_developed": 0.14666057581933609, "wind_power_index": 68.619599997454415, "wind_resource_pct": 0.62075298438934801, "wind_screening_pct": 0.62075298438934801, "resource_land_adj_oof": 69.471817016601562, "resource_opportunity_oof": -0.85221701914714743 }, "geometry": { "type": "Point", "coordinates": [ -77.01, 42.66 ] } },
{ "type": "Feature", "properties": { "latitude": 42.66, "longitude": -77.55, "frac_class_11": 0.025560995034198446, "frac_class_21": 0.052012086573596926, "frac_class_22": 0.013199194228426872, "frac_class_23": 0.00055045441768949684, "frac_class_24": 2.342359224210625e-05, "frac_developed": 0.065785158811955402, "wind_power_index": 74.674746391142932, "wind_resource_pct": 0.72222222222222221, "wind_screening_pct": 0.72222222222222221, "resource_land_adj_oof": 91.532623291015625, "resource_opportunity_oof": -16.857876899872693 }, "geometry": { "type": "Point", "coordinates": [ -77.55, 42.66 ] } },
{ "type": "Feature", "properties": { "latitude": 42.75, "longitude": -76.74, "frac_class_11": 0.38729891014716822, "frac_class_21": 0.028730886581516422, "frac_class_22": 0.023940453392833089, "frac_class_23": 0.0024654918978431338, "frac_class_24": 0.0001054129552522005, "frac_developed": 0.055242244827444852, "wind_power_index": 81.232764492216205, "wind_resource_pct": 0.82415059687786962, "wind_screening_pct": 0.82415059687786962, "resource_land_adj_oof": 107.30585479736328, "resource_opportunity_oof": -26.073090305147076 }, "geometry": { "type": "Point", "coordinates": [ -76.74, 42.75 ] } },
{ "type": "Feature", "properties": { "latitude": 42.12, "longitude": -76.56, "frac_class_11": 0.00064413369873281333, "frac_class_21": 0.057093668751317543, "frac_class_22": 0.0093223713489330798, "frac_class_23": 0.00032792261026397772, "frac_class_24": 1.1711521795142061e-05, "frac_developed": 0.066755674232309742, "wind_power_index": 55.440805672565503, "wind_resource_pct": 0.2846648301193756, "wind_screening_pct": 0.2846648301193756, "resource_land_adj_oof": 61.212913513183594, "resource_opportunity_oof": -5.7721078406180908 }, "geometry": { "type": "Point", "coordinates": [ -76.56, 42.12 ] } },
{ "type": "Feature", "properties": { "latitude": 42.84, "longitude": -74.76, "frac_class_11": 0.0013527203733742468, "frac_class_21": 0.052703391170425197, "frac_class_22": 0.014458296977753313, "frac_class_23": 0.002898686514373386, "frac_class_24": 0.00011711864704538933, "frac_developed": 0.070177493309597286, "wind_power_index": 81.202658831156526, "wind_resource_pct": 0.8223140495867769, "wind_screening_pct": 0.8223140495867769, "resource_land_adj_oof": 79.412345886230469, "resource_opportunity_oof": 1.7903129449260575 }, "geometry": { "type": "Point", "coordinates": [ -74.76, 42.84 ] } },
{ "type": "Feature", "properties": { "latitude": 42.39, "longitude": -73.68, "frac_class_11": 0.0073495824500169832, "frac_class_21": 0.086848053971117015, "frac_class_22": 0.050510078590754168, "frac_class_23": 0.010541233792853044, "frac_class_24": 0.0016807411658604574, "frac_developed": 0.14958010752058468, "wind_power_index": 55.142283136038358, "wind_resource_pct": 0.27915518824609736, "wind_screening_pct": 0.27915518824609736, "resource_land_adj_oof": 41.806316375732422, "resource_opportunity_oof": 13.335966760305936 }, "geometry": { "type": "Point", "coordinates": [ -73.68, 42.39 ] } },
{ "type": "Feature", "properties": { "latitude": 42.75, "longitude": -77.01, "frac_class_11": 0.21875548996872915, "frac_class_21": 0.02525092817071314, "frac_class_22": 0.042771980370799809, "frac_class_23": 0.0036131314196034339, "frac_class_24": 9.9551432955037893e-05, "frac_developed": 0.07173559139407143, "wind_power_index": 74.961631056448596, "wind_resource_pct": 0.73048668503213954, "wind_screening_pct": 0.73048668503213954, "resource_land_adj_oof": 76.8922119140625, "resource_opportunity_oof": -1.9305808576139043 }, "geometry": { "type": "Point", "coordinates": [ -77.01, 42.75 ] } },
{ "type": "Feature", "properties": { "latitude": 42.12, "longitude": -77.55, "frac_class_11": 0.00042747555191192835, "frac_class_21": 0.046536276863617734, "frac_class_22": 0.017426948527258887, "frac_class_23": 0.0015225156643438543, "frac_class_24": 2.9279147391227968e-05, "frac_developed": 0.065515020202611712, "wind_power_index": 85.686871429308582, "wind_resource_pct": 0.89348025711662071, "wind_screening_pct": 0.89348025711662071, "resource_land_adj_oof": 63.687599182128906, "resource_opportunity_oof": 21.999272247179675 }, "geometry": { "type": "Point", "coordinates": [ -77.55, 42.12 ] } },
{ "type": "Feature", "properties": { "latitude": 42.12, "longitude": -78.54, "frac_class_11": 0.01182354284643449, "frac_class_21": 0.054702186096356895, "frac_class_22": 0.031992082501273708, "frac_class_23": 0.0088486246859645935, "frac_class_24": 0.00093112595967463293, "frac_developed": 0.096474019243269829, "wind_power_index": 56.37374814363497, "wind_resource_pct": 0.31313131313131315, "wind_screening_pct": 0.31313131313131315, "resource_land_adj_oof": 71.538520812988281, "resource_opportunity_oof": -15.164772669353312 }, "geometry": { "type": "Point", "coordinates": [ -78.54, 42.12 ] } },
{ "type": "Feature", "properties": { "latitude": 42.93, "longitude": -74.04, "frac_class_11": 0.012811954701425243, "frac_class_21": 0.067783906592184001, "frac_class_22": 0.033095597793626814, "frac_class_23": 0.0085959549824918893, "frac_class_24": 0.00040403330639777958, "frac_developed": 0.10987949267470047, "wind_power_index": 53.766421624639264, "wind_resource_pct": 0.25849403122130393, "wind_screening_pct": 0.25849403122130393, "resource_land_adj_oof": 47.58404541015625, "resource_opportunity_oof": 6.1823762144830141 }, "geometry": { "type": "Point", "coordinates": [ -74.04, 42.93 ] } },
{ "type": "Feature", "properties": { "latitude": 42.39, "longitude": -78.9, "frac_class_11": 0.0056158062400449736, "frac_class_21": 0.038075049189543707, "frac_class_22": 0.014317670757987445, "frac_class_23": 0.0011184765295605733, "frac_class_24": 5.8558980605265626e-05, "frac_developed": 0.053569755457696995, "wind_power_index": 78.628887646613506, "wind_resource_pct": 0.79155188246097341, "wind_screening_pct": 0.79155188246097341, "resource_land_adj_oof": 77.21002197265625, "resource_opportunity_oof": 1.4188656739572565 }, "geometry": { "type": "Point", "coordinates": [ -78.9, 42.39 ] } },
{ "type": "Feature", "properties": { "latitude": 42.57, "longitude": -78.81, "frac_class_11": 0.0035840194895700346, "frac_class_21": 0.051212827510277704, "frac_class_22": 0.02567376052659319, "frac_class_23": 0.0020965342765785497, "frac_class_24": 0.00020496843486103141, "frac_developed": 0.079188090748310486, "wind_power_index": 66.387009485595513, "wind_resource_pct": 0.5633608815426997, "wind_screening_pct": 0.5633608815426997, "resource_land_adj_oof": 83.454551696777344, "resource_opportunity_oof": -17.067542211181831 }, "geometry": { "type": "Point", "coordinates": [ -78.81, 42.57 ] } },
{ "type": "Feature", "properties": { "latitude": 42.39, "longitude": -73.95, "frac_class_11": 0.011453734174991509, "frac_class_21": 0.07373487767458746, "frac_class_22": 0.018445430803283872, "frac_class_23": 0.0026057830817337534, "frac_class_24": 0.00028107323128813519, "frac_developed": 0.095067164790893222, "wind_power_index": 38.640731268514251, "wind_resource_pct": 0.061524334251606978, "wind_screening_pct": 0.061524334251606978, "resource_land_adj_oof": 36.029445648193359, "resource_opportunity_oof": 2.6112856203208921 }, "geometry": { "type": "Point", "coordinates": [ -73.95, 42.39 ] } },
{ "type": "Feature", "properties": { "latitude": 42.48, "longitude": -74.76, "frac_class_11": 0.0050243605359317906, "frac_class_21": 0.055900402885786564, "frac_class_22": 0.0092171835472688087, "frac_class_23": 0.0011477560198632061, "frac_class_24": 5.2703082544739063e-05, "frac_developed": 0.066318045535463319, "wind_power_index": 72.109196102456224, "wind_resource_pct": 0.69237832874196514, "wind_screening_pct": 0.69237832874196514, "resource_land_adj_oof": 72.343994140625, "resource_opportunity_oof": -0.2347980381687762 }, "geometry": { "type": "Point", "coordinates": [ -74.76, 42.48 ] } },
{ "type": "Feature", "properties": { "latitude": 42.75, "longitude": -74.67, "frac_class_11": 0.0039352556744981374, "frac_class_21": 0.047820383687428261, "frac_class_22": 0.011946311869012204, "frac_class_23": 0.002453678761331428, "frac_class_24": 0.0014991450188564335, "frac_developed": 0.063719519336628325, "wind_power_index": 84.144893443971071, "wind_resource_pct": 0.86776859504132231, "wind_screening_pct": 0.86776859504132231, "resource_land_adj_oof": 67.356399536132812, "resource_opportunity_oof": 16.788493907838259 }, "geometry": { "type": "Point", "coordinates": [ -74.67, 42.75 ] } },
{ "type": "Feature", "properties": { "latitude": 42.66, "longitude": -76.65, "frac_class_11": 0.25629538533614432, "frac_class_21": 0.037743031154837195, "frac_class_22": 0.028501991098617944, "frac_class_23": 0.0037596626844694308, "frac_class_24": 0.00043335675802295617, "frac_developed": 0.070438041695947529, "wind_power_index": 68.577542139100714, "wind_resource_pct": 0.61845730027548207, "wind_screening_pct": 0.61845730027548207, "resource_land_adj_oof": 98.04254150390625, "resource_opportunity_oof": -29.464999364805536 }, "geometry": { "type": "Point", "coordinates": [ -76.65, 42.66 ] } },
{ "type": "Feature", "properties": { "latitude": 41.67, "longitude": -74.31, "frac_class_11": 0.0063944534557570576, "frac_class_21": 0.05338080375703419, "frac_class_22": 0.016923049896646426, "frac_class_23": 0.0040521628126226044, "frac_class_24": 0.0014405087455276887, "frac_developed": 0.075796525211830904, "wind_power_index": 32.699433146209195, "wind_resource_pct": 0.040863177226813589, "wind_screening_pct": 0.040863177226813589, "resource_land_adj_oof": 58.145298004150391, "resource_opportunity_oof": -25.445864857941196 }, "geometry": { "type": "Point", "coordinates": [ -74.31, 41.67 ] } },
{ "type": "Feature", "properties": { "latitude": 42.03, "longitude": -77.82, "frac_class_11": 0.00031622590241502894, "frac_class_21": 0.056692277060738795, "frac_class_22": 0.016004544283338407, "frac_class_23": 0.0017275303928228432, "frac_class_24": 0.00013468881028788268, "frac_developed": 0.074559040547187941, "wind_power_index": 85.620164674874346, "wind_resource_pct": 0.88980716253443526, "wind_screening_pct": 0.88980716253443526, "resource_land_adj_oof": 68.490577697753906, "resource_opportunity_oof": 17.129586977120439 }, "geometry": { "type": "Point", "coordinates": [ -77.82, 42.03 ] } },
{ "type": "Feature", "properties": { "latitude": 42.03, "longitude": -74.85, "frac_class_11": 0.041798910815717044, "frac_class_21": 0.026567898342800256, "frac_class_22": 0.0051999765766820869, "frac_class_23": 0.00031621479182526203, "frac_class_24": 0.0, "frac_developed": 0.032084089711307606, "wind_power_index": 77.781742671799137, "wind_resource_pct": 0.78512396694214881, "wind_screening_pct": 0.78512396694214881, "resource_land_adj_oof": 72.258285522460938, "resource_opportunity_oof": 5.5234571493381992 }, "geometry": { "type": "Point", "coordinates": [ -74.85, 42.03 ] } },
{ "type": "Feature", "properties": { "latitude": 44.82, "longitude": -74.58, "frac_class_11": 0.00093105507864194785, "frac_class_21": 0.041112815768208279, "frac_class_22": 0.014481127103657466, "frac_class_23": 0.0023656996966751379, "frac_class_24": 0.0002752175389696324, "frac_developed": 0.058234860107510521, "wind_power_index": 56.723179810463876, "wind_resource_pct": 0.32277318640955005, "wind_screening_pct": 0.32277318640955005, "resource_land_adj_oof": 56.143646240234375, "resource_opportunity_oof": 0.57953357022950058 }, "geometry": { "type": "Point", "coordinates": [ -74.58, 44.82 ] } },
{ "type": "Feature", "properties": { "latitude": 42.66, "longitude": -74.67, "frac_class_11": 0.0055571821748550678, "frac_class_21": 0.055448849329507527, "frac_class_22": 0.013919306669789775, "frac_class_23": 0.0034607952216431457, "frac_class_24": 3.5134976869473563e-05, "frac_developed": 0.07286408619780993, "wind_power_index": 85.090677630003213, "wind_resource_pct": 0.87832874196510557, "wind_screening_pct": 0.87832874196510557, "resource_land_adj_oof": 73.452903747558594, "resource_opportunity_oof": 11.63777388244462 }, "geometry": { "type": "Point", "coordinates": [ -74.67, 42.66 ] } },
{ "type": "Feature", "properties": { "latitude": 43.2, "longitude": -75.66, "frac_class_11": 0.051690012180267968, "frac_class_21": 0.05199451887941535, "frac_class_22": 0.031534011055935542, "frac_class_23": 0.0058793216527686688, "frac_class_24": 0.0010306380586526749, "frac_developed": 0.090438489646772244, "wind_power_index": 46.339567563053677, "wind_resource_pct": 0.11294765840220386, "wind_screening_pct": 0.11294765840220386, "resource_land_adj_oof": 51.003768920898438, "resource_opportunity_oof": -4.6642013578447603 }, "geometry": { "type": "Point", "coordinates": [ -75.66, 43.2 ] } },
{ "type": "Feature", "properties": { "latitude": 44.28, "longitude": -73.41, "frac_class_11": 0.073121314508903731, "frac_class_21": 0.036200525850407859, "frac_class_22": 0.018521880178718871, "frac_class_23": 0.0015986320862441516, "frac_class_24": 5.8557951877075149e-05, "frac_developed": 0.056379596067247961, "wind_power_index": 41.29913594790689, "wind_resource_pct": 0.070707070707070704, "wind_screening_pct": 0.070707070707070704, "resource_land_adj_oof": 47.399971008300781, "resource_opportunity_oof": -6.1008350603938908 }, "geometry": { "type": "Point", "coordinates": [ -73.41, 44.28 ] } },
{ "type": "Feature", "properties": { "latitude": 42.21, "longitude": -76.11, "frac_class_11": 0.0033322791852606675, "frac_class_21": 0.056625320636705438, "frac_class_22": 0.026804642936622276, "frac_class_23": 0.0037070873888752241, "frac_class_24": 0.00043922836361080851, "frac_developed": 0.087576279325813744, "wind_power_index": 48.217784958937955, "wind_resource_pct": 0.1584022038567493, "wind_screening_pct": 0.1584022038567493, "resource_land_adj_oof": 57.802963256835938, "resource_opportunity_oof": -9.5851782978979827 }, "geometry": { "type": "Point", "coordinates": [ -76.11, 42.21 ] } },
{ "type": "Feature", "properties": { "latitude": 42.03, "longitude": -74.76, "frac_class_11": 0.0050592885375494072, "frac_class_21": 0.020881276533450448, "frac_class_22": 0.0017039964866051823, "frac_class_23": 5.8556580295710728e-05, "frac_class_24": 0.0, "frac_developed": 0.022643829600351342, "wind_power_index": 66.920525604220387, "wind_resource_pct": 0.58126721763085398, "wind_screening_pct": 0.58126721763085398, "resource_land_adj_oof": 71.954597473144531, "resource_opportunity_oof": -5.0340718689241442 }, "geometry": { "type": "Point", "coordinates": [ -74.76, 42.03 ] } },
{ "type": "Feature", "properties": { "latitude": 44.82, "longitude": -74.31, "frac_class_11": 0.0014523562723636513, "frac_class_21": 0.066849382455770476, "frac_class_22": 0.042715671978308355, "frac_class_23": 0.018324285388007521, "frac_class_24": 0.0057391497859531383, "frac_developed": 0.13362848960803947, "wind_power_index": 76.294638105460692, "wind_resource_pct": 0.75619834710743805, "wind_screening_pct": 0.75619834710743805, "resource_land_adj_oof": 53.5362548828125, "resource_opportunity_oof": 22.758383222648192 }, "geometry": { "type": "Point", "coordinates": [ -74.31, 44.82 ] } },
{ "type": "Feature", "properties": { "latitude": 43.92, "longitude": -75.93, "frac_class_11": 0.0016806033776028857, "frac_class_21": 0.073618626004262999, "frac_class_22": 0.062182324971306768, "frac_class_23": 0.042618227812521961, "frac_class_24": 0.01586325627151992, "frac_developed": 0.19428243505961162, "wind_power_index": 70.597639254574361, "wind_resource_pct": 0.65886134067952251, "wind_screening_pct": 0.65886134067952251, "resource_land_adj_oof": 66.62799072265625, "resource_opportunity_oof": 3.9696485319181107 }, "geometry": { "type": "Point", "coordinates": [ -75.93, 43.92 ] } },
{ "type": "Feature", "properties": { "latitude": 42.75, "longitude": -75.75, "frac_class_11": 0.00089604160444155527, "frac_class_21": 0.03785043718631223, "frac_class_22": 0.010805207582971696, "frac_class_23": 0.0010248841880867463, "frac_class_24": 2.9282405373907034e-05, "frac_developed": 0.049709811362744577, "wind_power_index": 85.659118053076952, "wind_resource_pct": 0.89164370982552799, "wind_screening_pct": 0.89164370982552799, "resource_land_adj_oof": 73.142356872558594, "resource_opportunity_oof": 12.516761180518358 }, "geometry": { "type": "Point", "coordinates": [ -75.75, 42.75 ] } },
{ "type": "Feature", "properties": { "latitude": 41.85, "longitude": -75.03, "frac_class_11": 0.014234687902564703, "frac_class_21": 0.066243119803255646, "frac_class_22": 0.0069504625834406839, "frac_class_23": 0.0012237966975055627, "frac_class_24": 5.8554865909357071e-05, "frac_developed": 0.074475933950111262, "wind_power_index": 70.073298154183703, "wind_resource_pct": 0.64600550964187331, "wind_screening_pct": 0.64600550964187331, "resource_land_adj_oof": 62.917659759521484, "resource_opportunity_oof": 7.1556383946622191 }, "geometry": { "type": "Point", "coordinates": [ -75.03, 41.85 ] } },
{ "type": "Feature", "properties": { "latitude": 42.21, "longitude": -77.19, "frac_class_11": 0.0073373113701975159, "frac_class_21": 0.048386435636027195, "frac_class_22": 0.035573955765323149, "frac_class_23": 0.007190916490504828, "frac_class_24": 0.00064413747064782662, "frac_developed": 0.091795445362502989, "wind_power_index": 57.665139209966448, "wind_resource_pct": 0.34573002754820936, "wind_screening_pct": 0.34573002754820936, "resource_land_adj_oof": 57.730941772460938, "resource_opportunity_oof": -0.065802562494489791 }, "geometry": { "type": "Point", "coordinates": [ -77.19, 42.21 ] } },
{ "type": "Feature", "properties": { "latitude": 43.02, "longitude": -75.84, "frac_class_11": 0.0063712917091224251, "frac_class_21": 0.070499982432100067, "frac_class_22": 0.043574247801084522, "frac_class_23": 0.0071911270393403837, "frac_class_24": 0.0012648887951934226, "frac_developed": 0.12253024606771838, "wind_power_index": 91.348168790056832, "wind_resource_pct": 0.93939393939393945, "wind_screening_pct": 0.93939393939393945, "resource_land_adj_oof": 69.725532531738281, "resource_opportunity_oof": 21.622636258318551 }, "geometry": { "type": "Point", "coordinates": [ -75.84, 43.02 ] } },
{ "type": "Feature", "properties": { "latitude": 42.21, "longitude": -74.85, "frac_class_11": 0.0054521922966554812, "frac_class_21": 0.04508160719619108, "frac_class_22": 0.0062017955340044626, "frac_class_23": 0.00075545951264077021, "frac_class_24": 5.8562752917889167e-06, "frac_developed": 0.0520447185181281, "wind_power_index": 63.001015651120184, "wind_resource_pct": 0.4903581267217631, "wind_screening_pct": 0.4903581267217631, "resource_land_adj_oof": 75.898139953613281, "resource_opportunity_oof": -12.897124302493097 }, "geometry": { "type": "Point", "coordinates": [ -74.85, 42.21 ] } },
{ "type": "Feature", "properties": { "latitude": 42.39, "longitude": -77.82, "frac_class_11": 0.00083738851899349412, "frac_class_21": 0.045827989857643948, "frac_class_22": 0.0054693767604190452, "frac_class_23": 0.00028108146092089312, "frac_class_24": 5.8558637691852735e-06, "frac_developed": 0.051584303942753075, "wind_power_index": 87.471750235161792, "wind_resource_pct": 0.91184573002754821, "wind_screening_pct": 0.91184573002754821, "resource_land_adj_oof": 73.837142944335938, "resource_opportunity_oof": 13.634607290825855 }, "geometry": { "type": "Point", "coordinates": [ -77.82, 42.39 ] } },
{ "type": "Feature", "properties": { "latitude": 43.02, "longitude": -74.67, "frac_class_11": 0.016379138704425939, "frac_class_21": 0.049453638312076172, "frac_class_22": 0.024155862408207721, "frac_class_23": 0.0085789911340665003, "frac_class_24": 0.00081397936357354512, "frac_developed": 0.083002471217923937, "wind_power_index": 53.291410264080945, "wind_resource_pct": 0.24793388429752067, "wind_screening_pct": 0.24793388429752067, "resource_land_adj_oof": 60.359073638916016, "resource_opportunity_oof": -7.067663374835071 }, "geometry": { "type": "Point", "coordinates": [ -74.67, 43.02 ] } },
{ "type": "Feature", "properties": { "latitude": 43.11, "longitude": -75.75, "frac_class_11": 0.024447944908678874, "frac_class_21": 0.071909164905048284, "frac_class_22": 0.067499751128704516, "frac_class_23": 0.01976916455370057, "frac_class_24": 0.0035310444981876314, "frac_developed": 0.162709125085641, "wind_power_index": 61.774869438568793, "wind_resource_pct": 0.45775941230486683, "wind_screening_pct": 0.45775941230486683, "resource_land_adj_oof": 54.440650939941406, "resource_opportunity_oof": 7.3342184986273864 }, "geometry": { "type": "Point", "coordinates": [ -75.75, 43.11 ] } },
{ "type": "Feature", "properties": { "latitude": 44.73, "longitude": -73.68, "frac_class_11": 0.0067163611024903822, "frac_class_21": 0.033148491892936401, "frac_class_22": 0.02535470233111016, "frac_class_23": 0.0050416625189574705, "frac_class_24": 0.00063825925036743822, "frac_developed": 0.064183115993371467, "wind_power_index": 59.814257710796298, "wind_resource_pct": 0.3925619834710744, "wind_screening_pct": 0.3925619834710744, "resource_land_adj_oof": 53.788936614990234, "resource_opportunity_oof": 6.0253210958060635 }, "geometry": { "type": "Point", "coordinates": [ -73.68, 44.73 ] } },
{ "type": "Feature", "properties": { "latitude": 42.75, "longitude": -78.0, "frac_class_11": 0.015183899094119093, "frac_class_21": 0.054106913856405869, "frac_class_22": 0.042711669877556757, "frac_class_23": 0.0079227981004022889, "frac_class_24": 0.0019089668741545795, "frac_developed": 0.1066503487085195, "wind_power_index": 84.832524598901216, "wind_resource_pct": 0.8732782369146006, "wind_screening_pct": 0.8732782369146006, "resource_land_adj_oof": 97.546073913574219, "resource_opportunity_oof": -12.713549314673003 }, "geometry": { "type": "Point", "coordinates": [ -78.0, 42.75 ] } },
{ "type": "Feature", "properties": { "latitude": 42.84, "longitude": -78.18, "frac_class_11": 0.0024946271820667928, "frac_class_21": 0.05112228943531244, "frac_class_22": 0.023593551447293682, "frac_class_23": 0.0019968729321238883, "frac_class_24": 3.5135594113616798e-05, "frac_developed": 0.076747849408843619, "wind_power_index": 107.69888853431475, "wind_resource_pct": 0.98117539026629941, "wind_screening_pct": 0.98117539026629941, "resource_land_adj_oof": 82.786476135253906, "resource_opportunity_oof": 24.912412399060841 }, "geometry": { "type": "Point", "coordinates": [ -78.18, 42.84 ] } },
{ "type": "Feature", "properties": { "latitude": 42.84, "longitude": -76.56, "frac_class_11": 0.13308461353746318, "frac_class_21": 0.050450682612846361, "frac_class_22": 0.03666371873188045, "frac_class_23": 0.0043574771144599131, "frac_class_24": 0.00056225511154321456, "frac_developed": 0.09203413357072994, "wind_power_index": 96.573142270288926, "wind_resource_pct": 0.96189164370982549, "wind_screening_pct": 0.96189164370982549, "resource_land_adj_oof": 72.897300720214844, "resource_opportunity_oof": 23.675841550074082 }, "geometry": { "type": "Point", "coordinates": [ -76.56, 42.84 ] } },
{ "type": "Feature", "properties": { "latitude": 43.2, "longitude": -77.19, "frac_class_11": 0.0013293433512335956, "frac_class_21": 0.069254689302592515, "frac_class_22": 0.043417407956149241, "frac_class_23": 0.012690251286886349, "frac_class_24": 0.0032852934803614411, "frac_developed": 0.12864764202598955, "wind_power_index": 68.323545072318922, "wind_resource_pct": 0.60835629017447201, "wind_screening_pct": 0.60835629017447201, "resource_land_adj_oof": 62.971263885498047, "resource_opportunity_oof": 5.3522811868208748 }, "geometry": { "type": "Point", "coordinates": [ -77.19, 43.2 ] } },
{ "type": "Feature", "properties": { "latitude": 42.66, "longitude": -77.91, "frac_class_11": 0.0045558620124261425, "frac_class_21": 0.045289250390878909, "frac_class_22": 0.028254542686318947, "frac_class_23": 0.0020846875018299574, "frac_class_24": 0.00012882900292207603, "frac_developed": 0.075757309581949886, "wind_power_index": 68.839292514512096, "wind_resource_pct": 0.62534435261707988, "wind_screening_pct": 0.62534435261707988, "resource_land_adj_oof": 85.722297668457031, "resource_opportunity_oof": -16.883005153944936 }, "geometry": { "type": "Point", "coordinates": [ -77.91, 42.66 ] } },
{ "type": "Feature", "properties": { "latitude": 41.49, "longitude": -73.77, "frac_class_11": 0.034401990923730051, "frac_class_21": 0.092566242131459517, "frac_class_22": 0.025946420729029425, "frac_class_23": 0.0044971453667105839, "frac_class_24": 0.0020494803103498754, "frac_developed": 0.12505928853754941, "wind_power_index": 55.947863825798642, "wind_resource_pct": 0.29843893480257117, "wind_screening_pct": 0.29843893480257117, "resource_land_adj_oof": 54.755149841308594, "resource_opportunity_oof": 1.1927139844900481 }, "geometry": { "type": "Point", "coordinates": [ -73.77, 41.49 ] } },
{ "type": "Feature", "properties": { "latitude": 41.49, "longitude": -74.94, "frac_class_11": 0.02709492299584236, "frac_class_21": 0.068478069918603973, "frac_class_22": 0.012853545704749078, "frac_class_23": 0.0020553961468642032, "frac_class_24": 0.00010540493060842068, "frac_developed": 0.083492416700825675, "wind_power_index": 58.813665492663404, "wind_resource_pct": 0.36639118457300274, "wind_screening_pct": 0.36639118457300274, "resource_land_adj_oof": 55.544567108154297, "resource_opportunity_oof": 3.2690983845091068 }, "geometry": { "type": "Point", "coordinates": [ -74.94, 41.49 ] } },
{ "type": "Feature", "properties": { "latitude": 43.29, "longitude": -75.39, "frac_class_11": 0.064093030336743115, "frac_class_21": 0.081694313836857296, "frac_class_22": 0.040367015452357671, "frac_class_23": 0.0073660727355767258, "frac_class_24": 0.0031443410643916549, "frac_developed": 0.13257174308918335, "wind_power_index": 45.55182102106842, "wind_resource_pct": 0.10743801652892562, "wind_screening_pct": 0.10743801652892562, "resource_land_adj_oof": 57.607093811035156, "resource_opportunity_oof": -12.055272789966736 }, "geometry": { "type": "Point", "coordinates": [ -75.39, 43.29 ] } },
{ "type": "Feature", "properties": { "latitude": 44.91, "longitude": -73.95, "frac_class_11": 0.0011652895949593905, "frac_class_21": 0.038694641424581171, "frac_class_22": 0.013714111715552224, "frac_class_23": 0.0018328424282527097, "frac_class_24": 0.00018152752484292014, "frac_developed": 0.054423123093229026, "wind_power_index": 92.041122861743332, "wind_resource_pct": 0.94444444444444442, "wind_screening_pct": 0.94444444444444442, "resource_land_adj_oof": 64.838973999023438, "resource_opportunity_oof": 27.202148862719895 }, "geometry": { "type": "Point", "coordinates": [ -73.95, 44.91 ] } },
{ "type": "Feature", "properties": { "latitude": 42.39, "longitude": -73.59, "frac_class_11": 0.0025882614729667215, "frac_class_21": 0.086162170391928375, "frac_class_22": 0.028277634961439587, "frac_class_23": 0.0090940499265097698, "frac_class_24": 0.0014405256161760486, "frac_developed": 0.12497438089605378, "wind_power_index": 51.203112457240948, "wind_resource_pct": 0.20936639118457301, "wind_screening_pct": 0.20936639118457301, "resource_land_adj_oof": 44.729423522949219, "resource_opportunity_oof": 6.4736889342917294 }, "geometry": { "type": "Point", "coordinates": [ -73.59, 42.39 ] } },
{ "type": "Feature", "properties": { "latitude": 43.2, "longitude": -78.36, "frac_class_11": 0.0079646276829375418, "frac_class_21": 0.043506778718046327, "frac_class_22": 0.064390501010219314, "frac_class_23": 0.012854674826505812, "frac_class_24": 0.0041872858774267222, "frac_developed": 0.12493924043219817, "wind_power_index": 77.12180532495826, "wind_resource_pct": 0.77272727272727271, "wind_screening_pct": 0.77272727272727271, "resource_land_adj_oof": 77.491661071777344, "resource_opportunity_oof": -0.36985574681908417 }, "geometry": { "type": "Point", "coordinates": [ -78.36, 43.2 ] } },
{ "type": "Feature", "properties": { "latitude": 43.02, "longitude": -74.85, "frac_class_11": 0.012602114016338243, "frac_class_21": 0.063268234122917461, "frac_class_22": 0.032617925218868034, "frac_class_23": 0.017749538839926214, "frac_class_24": 0.002769888443182151, "frac_developed": 0.11640558662489386, "wind_power_index": 54.359588006101944, "wind_resource_pct": 0.26813590449954089, "wind_screening_pct": 0.26813590449954089, "resource_land_adj_oof": 74.626609802246094, "resource_opportunity_oof": -20.267021796144149 }, "geometry": { "type": "Point", "coordinates": [ -74.85, 43.02 ] } },
{ "type": "Feature", "properties": { "latitude": 43.29, "longitude": -73.5, "frac_class_11": 0.0053879625887988947, "frac_class_21": 0.058635088520711448, "frac_class_22": 0.047982149445684068, "frac_class_23": 0.015783216496535891, "frac_class_24": 0.0036603006717383793, "frac_developed": 0.1260607551346698, "wind_power_index": 36.643282429536391, "wind_resource_pct": 0.053719008264462811, "wind_screening_pct": 0.053719008264462811, "resource_land_adj_oof": 44.151573181152344, "resource_opportunity_oof": -7.5082907516159523 }, "geometry": { "type": "Point", "coordinates": [ -73.5, 43.29 ] } },
{ "type": "Feature", "properties": { "latitude": 42.12, "longitude": -77.82, "frac_class_11": 0.00057973390799212965, "frac_class_21": 0.057223835847465571, "frac_class_22": 0.015787501171179611, "frac_class_23": 0.0016630750491895437, "frac_class_24": 0.00016396514569474375, "frac_developed": 0.074838377213529469, "wind_power_index": 83.943895524538988, "wind_resource_pct": 0.86271808999081723, "wind_screening_pct": 0.86271808999081723, "resource_land_adj_oof": 65.933113098144531, "resource_opportunity_oof": 18.010782426394456 }, "geometry": { "type": "Point", "coordinates": [ -77.82, 42.12 ] } },
{ "type": "Feature", "properties": { "latitude": 42.66, "longitude": -76.11, "frac_class_11": 0.0097091358400627752, "frac_class_21": 0.059865196437250759, "frac_class_22": 0.034321619516651344, "frac_class_23": 0.0074838815462003787, "frac_class_24": 0.00089595764989722844, "frac_developed": 0.1025666551499997, "wind_power_index": 68.29082694886759, "wind_resource_pct": 0.60560146923783287, "wind_screening_pct": 0.60560146923783287, "resource_land_adj_oof": 70.304641723632812, "resource_opportunity_oof": -2.0138147747652226 }, "geometry": { "type": "Point", "coordinates": [ -76.11, 42.66 ] } },
{ "type": "Feature", "properties": { "latitude": 42.66, "longitude": -73.32, "frac_class_11": 0.00049774842038074823, "frac_class_21": 0.029618958944539114, "frac_class_22": 0.0081689299580134569, "frac_class_23": 0.0020788316380607724, "frac_class_24": 0.000427478055150525, "frac_developed": 0.040294198595763872, "wind_power_index": 58.445603251087817, "wind_resource_pct": 0.3608815426997245, "wind_screening_pct": 0.3608815426997245, "resource_land_adj_oof": 60.830158233642578, "resource_opportunity_oof": -2.3845549825547607 }, "geometry": { "type": "Point", "coordinates": [ -73.32, 42.66 ] } },
{ "type": "Feature", "properties": { "latitude": 44.91, "longitude": -75.03, "frac_class_11": 0.17909938351927301, "frac_class_21": 0.034329514992498415, "frac_class_22": 0.019276577287627012, "frac_class_23": 0.0019553886957201874, "frac_class_24": 0.00018487311304990863, "frac_developed": 0.055746354088895528, "wind_power_index": 47.176515494927784, "wind_resource_pct": 0.13590449954086317, "wind_screening_pct": 0.13590449954086317, "resource_land_adj_oof": 48.101413726806641, "resource_opportunity_oof": -0.92489823187885634 }, "geometry": { "type": "Point", "coordinates": [ -75.03, 44.91 ] } },
{ "type": "Feature", "properties": { "latitude": 42.39, "longitude": -75.21, "frac_class_11": 0.0069919832286097433, "frac_class_21": 0.059630959143159981, "frac_class_22": 0.023546703988475526, "frac_class_23": 0.0054108814934969874, "frac_class_24": 0.00026351695585212601, "frac_developed": 0.088852061580984618, "wind_power_index": 60.385433774667767, "wind_resource_pct": 0.40771349862258954, "wind_screening_pct": 0.40771349862258954, "resource_land_adj_oof": 59.848342895507812, "resource_opportunity_oof": 0.53709087915995468 }, "geometry": { "type": "Point", "coordinates": [ -75.21, 42.39 ] } },
{ "type": "Feature", "properties": { "latitude": 42.48, "longitude": -74.4, "frac_class_11": 0.019575808680579954, "frac_class_21": 0.047636614901740329, "frac_class_22": 0.009925514721382896, "frac_class_23": 0.0013995268545194763, "frac_class_24": 8.7836413463565459e-05, "frac_developed": 0.05904949289110626, "wind_power_index": 55.909680586942436, "wind_resource_pct": 0.2975206611570248, "wind_screening_pct": 0.2975206611570248, "resource_land_adj_oof": 59.513904571533203, "resource_opportunity_oof": -3.6042239845907673 }, "geometry": { "type": "Point", "coordinates": [ -74.4, 42.48 ] } },
{ "type": "Feature", "properties": { "latitude": 42.21, "longitude": -79.17, "frac_class_11": 0.00071449906002377757, "frac_class_21": 0.055607939138735803, "frac_class_22": 0.012878552729444975, "frac_class_23": 0.0013001540272563822, "frac_class_24": 4.0995847706282323e-05, "frac_developed": 0.069827641743143432, "wind_power_index": 65.439571799758795, "wind_resource_pct": 0.54499540863177232, "wind_screening_pct": 0.54499540863177232, "resource_land_adj_oof": 81.4661865234375, "resource_opportunity_oof": -16.026614723678705 }, "geometry": { "type": "Point", "coordinates": [ -79.17, 42.21 ] } },
{ "type": "Feature", "properties": { "latitude": 42.3, "longitude": -78.81, "frac_class_11": 0.0019032003045120487, "frac_class_21": 0.053746376599420255, "frac_class_22": 0.021942435510789681, "frac_class_23": 0.0038239686118349777, "frac_class_24": 0.00040406406465025036, "frac_developed": 0.079916844786695168, "wind_power_index": 72.549257673055479, "wind_resource_pct": 0.69972451790633605, "wind_screening_pct": 0.69972451790633605, "resource_land_adj_oof": 83.682540893554688, "resource_opportunity_oof": -11.133283220499209 }, "geometry": { "type": "Point", "coordinates": [ -78.81, 42.3 ] } },
{ "type": "Feature", "properties": { "latitude": 41.85, "longitude": -75.12, "frac_class_11": 0.015473004234285413, "frac_class_21": 0.047631318485027732, "frac_class_22": 0.0058624062219983716, "frac_class_23": 0.00072035560969610361, "frac_class_24": 4.0995847706282323e-05, "frac_developed": 0.054255076164428491, "wind_power_index": 59.65739893969139, "wind_resource_pct": 0.38842975206611569, "wind_screening_pct": 0.38842975206611569, "resource_land_adj_oof": 56.162712097167969, "resource_opportunity_oof": 3.4946868425234214 }, "geometry": { "type": "Point", "coordinates": [ -75.12, 41.85 ] } },
{ "type": "Feature", "properties": { "latitude": 42.3, "longitude": -76.29, "frac_class_11": 0.00096621186391052289, "frac_class_21": 0.04432862915031914, "frac_class_22": 0.0080986121684136561, "frac_class_23": 0.0005153129940856122, "frac_class_24": 1.1711658956491187e-05, "frac_developed": 0.052954265971774897, "wind_power_index": 59.809573417732643, "wind_resource_pct": 0.39118457300275483, "wind_screening_pct": 0.39118457300275483, "resource_land_adj_oof": 61.833183288574219, "resource_opportunity_oof": -2.0236098708415753 }, "geometry": { "type": "Point", "coordinates": [ -76.29, 42.3 ] } },
{ "type": "Feature", "properties": { "latitude": 44.73, "longitude": -75.3, "frac_class_11": 0.00037476211389254866, "frac_class_21": 0.042998096911140392, "frac_class_22": 0.013684672815107598, "frac_class_23": 0.0019499341238471673, "frac_class_24": 0.00028107158541941149, "frac_developed": 0.058913775435514563, "wind_power_index": 47.111437002204866, "wind_resource_pct": 0.13406795224977044, "wind_screening_pct": 0.13406795224977044, "resource_land_adj_oof": 65.329238891601562, "resource_opportunity_oof": -18.217801889396696 }, "geometry": { "type": "Point", "coordinates": [ -75.3, 44.73 ] } },
{ "type": "Feature", "properties": { "latitude": 42.93, "longitude": -73.59, "frac_class_11": 0.032873664178012005, "frac_class_21": 0.059066022544283413, "frac_class_22": 0.041903088859610596, "frac_class_23": 0.010124432733128385, "frac_class_24": 0.0010657297613819352, "frac_developed": 0.11215927389840431, "wind_power_index": 44.132137578099965, "wind_resource_pct": 0.089072543617998157, "wind_screening_pct": 0.089072543617998157, "resource_land_adj_oof": 48.488727569580078, "resource_opportunity_oof": -4.3565899914801136 }, "geometry": { "type": "Point", "coordinates": [ -73.59, 42.93 ] } },
{ "type": "Feature", "properties": { "latitude": 42.93, "longitude": -75.75, "frac_class_11": 0.0095685374309004024, "frac_class_21": 0.050758924388644246, "frac_class_22": 0.020940691464442988, "frac_class_23": 0.0044270589337580815, "frac_class_24": 0.00043333645647896562, "frac_developed": 0.076560011243324289, "wind_power_index": 99.406030802091294, "wind_resource_pct": 0.97199265381083566, "wind_screening_pct": 0.97199265381083566, "resource_land_adj_oof": 75.797927856445312, "resource_opportunity_oof": 23.608102945645982 }, "geometry": { "type": "Point", "coordinates": [ -75.75, 42.93 ] } },
{ "type": "Feature", "properties": { "latitude": 43.2, "longitude": -73.59, "frac_class_11": 0.022514609610137137, "frac_class_21": 0.056629074002506177, "frac_class_22": 0.036884141985501648, "frac_class_23": 0.0061717551441052123, "frac_class_24": 0.00072023328531778093, "frac_developed": 0.10040520441743082, "wind_power_index": 31.062942207739795, "wind_resource_pct": 0.030303030303030304, "wind_screening_pct": 0.030303030303030304, "resource_land_adj_oof": 42.816787719726562, "resource_opportunity_oof": -11.753845511986768 }, "geometry": { "type": "Point", "coordinates": [ -73.59, 43.2 ] } },
{ "type": "Feature", "properties": { "latitude": 42.12, "longitude": -79.08, "frac_class_11": 0.0011770148327292106, "frac_class_21": 0.049504892516879333, "frac_class_22": 0.024658753535436343, "frac_class_23": 0.0035778908596892913, "frac_class_24": 0.00022252021713288557, "frac_developed": 0.077964057129137856, "wind_power_index": 57.282731823960219, "wind_resource_pct": 0.33700642791551882, "wind_screening_pct": 0.33700642791551882, "resource_land_adj_oof": 83.105056762695312, "resource_opportunity_oof": -25.822324938735093 }, "geometry": { "type": "Point", "coordinates": [ -79.08, 42.12 ] } },
{ "type": "Feature", "properties": { "latitude": 44.91, "longitude": -74.31, "frac_class_11": 0.00087843100510075602, "frac_class_21": 0.051739586200434527, "frac_class_22": 0.038205892515182215, "frac_class_23": 0.013920203327496647, "frac_class_24": 0.0036542729812191451, "frac_developed": 0.10751995502433254, "wind_power_index": 65.54440794799558, "wind_resource_pct": 0.5505050505050505, "wind_screening_pct": 0.5505050505050505, "resource_land_adj_oof": 57.217685699462891, "resource_opportunity_oof": 8.3267222485326897 }, "geometry": { "type": "Point", "coordinates": [ -74.31, 44.91 ] } },
{ "type": "Feature", "properties": { "latitude": 42.12, "longitude": -76.38, "frac_class_11": 0.006552865048458408, "frac_class_21": 0.05361754457880713, "frac_class_22": 0.01016601762656282, "frac_class_23": 0.0018973443035750885, "frac_class_24": 0.00035136005621760902, "frac_developed": 0.066032266565162645, "wind_power_index": 46.855232293244349, "wind_resource_pct": 0.128099173553719, "wind_screening_pct": 0.128099173553719, "resource_land_adj_oof": 58.201457977294922, "resource_opportunity_oof": -11.346225684050573 }, "geometry": { "type": "Point", "coordinates": [ -76.38, 42.12 ] } },
{ "type": "Feature", "properties": { "latitude": 41.94, "longitude": -75.21, "frac_class_11": 0.01894946419160274, "frac_class_21": 0.04102594132458863, "frac_class_22": 0.016179656848392576, "frac_class_23": 0.0068454646600690991, "frac_class_24": 0.00064999707208526086, "frac_developed": 0.064701059905135583, "wind_power_index": 58.567956718309375, "wind_resource_pct": 0.36271808999081728, "wind_screening_pct": 0.36271808999081728, "resource_land_adj_oof": 53.247039794921875, "resource_opportunity_oof": 5.3209169233875002 }, "geometry": { "type": "Point", "coordinates": [ -75.21, 41.94 ] } },
{ "type": "Feature", "properties": { "latitude": 42.03, "longitude": -79.17, "frac_class_11": 0.0037245474616272056, "frac_class_21": 0.062637986870384577, "frac_class_22": 0.022722081998606224, "frac_class_23": 0.0042340374445856439, "frac_class_24": 0.00063832653037321609, "frac_developed": 0.090232432843949661, "wind_power_index": 65.14432100619328, "wind_resource_pct": 0.54040404040404044, "wind_screening_pct": 0.54040404040404044, "resource_land_adj_oof": 88.448585510253906, "resource_opportunity_oof": -23.304264504060626 }, "geometry": { "type": "Point", "coordinates": [ -79.17, 42.03 ] } },
{ "type": "Feature", "properties": { "latitude": 42.75, "longitude": -77.73, "frac_class_11": 0.066852889677506258, "frac_class_21": 0.052001897366525537, "frac_class_22": 0.042796156075964931, "frac_class_23": 0.0054695689347223934, "frac_class_24": 0.00073786475993042986, "frac_developed": 0.10100548713714329, "wind_power_index": 68.009480842224903, "wind_resource_pct": 0.60055096418732778, "wind_screening_pct": 0.60055096418732778, "resource_land_adj_oof": 96.663505554199219, "resource_opportunity_oof": -28.654024711974316 }, "geometry": { "type": "Point", "coordinates": [ -77.73, 42.75 ] } },
{ "type": "Feature", "properties": { "latitude": 42.75, "longitude": -75.84, "frac_class_11": 0.0014990835680531239, "frac_class_21": 0.042284697050435964, "frac_class_22": 0.012466987954629298, "frac_class_23": 0.0017567385563122544, "frac_class_24": 6.4413747064782657e-05, "frac_developed": 0.0565728373084423, "wind_power_index": 83.153596144659318, "wind_resource_pct": 0.84848484848484851, "wind_screening_pct": 0.84848484848484851, "resource_land_adj_oof": 66.97412109375, "resource_opportunity_oof": 16.179475050909318 }, "geometry": { "type": "Point", "coordinates": [ -75.84, 42.75 ] } },
{ "type": "Feature", "properties": { "latitude": 42.21, "longitude": -73.68, "frac_class_11": 0.0066875530700084909, "frac_class_21": 0.067021930723508913, "frac_class_22": 0.02888179662108746, "frac_class_23": 0.0048019207683073226, "frac_class_24": 0.0006675841068134571, "frac_developed": 0.10137323221971715, "wind_power_index": 55.637949666048762, "wind_resource_pct": 0.28833792470156105, "wind_screening_pct": 0.28833792470156105, "resource_land_adj_oof": 38.706680297851562, "resource_opportunity_oof": 16.931269368197199 }, "geometry": { "type": "Point", "coordinates": [ -73.68, 42.21 ] } },
{ "type": "Feature", "properties": { "latitude": 44.91, "longitude": -73.68, "frac_class_11": 0.0034083721801869333, "frac_class_21": 0.036754198973974563, "frac_class_22": 0.019776757478507344, "frac_class_23": 0.0028051722926280775, "frac_class_24": 0.000304528098573403, "frac_developed": 0.059640656843683387, "wind_power_index": 61.24504856248366, "wind_resource_pct": 0.43526170798898073, "wind_screening_pct": 0.43526170798898073, "resource_land_adj_oof": 57.352474212646484, "resource_opportunity_oof": 3.8925743498371759 }, "geometry": { "type": "Point", "coordinates": [ -73.68, 44.91 ] } },
{ "type": "Feature", "properties": { "latitude": 42.75, "longitude": -77.91, "frac_class_11": 0.009639485581765795, "frac_class_21": 0.050282274122139189, "frac_class_22": 0.049626367448288786, "frac_class_23": 0.010986436786994307, "frac_class_24": 0.0025299257419944248, "frac_developed": 0.11342500409941671, "wind_power_index": 65.02682741348606, "wind_resource_pct": 0.53535353535353536, "wind_screening_pct": 0.53535353535353536, "resource_land_adj_oof": 82.446479797363281, "resource_opportunity_oof": -17.419652383877221 }, "geometry": { "type": "Point", "coordinates": [ -77.91, 42.75 ] } },
{ "type": "Feature", "properties": { "latitude": 42.57, "longitude": -74.31, "frac_class_11": 0.0059031600646536576, "frac_class_21": 0.047980744454074818, "frac_class_22": 0.020608353439996251, "frac_class_23": 0.0036777624212326362, "frac_class_24": 0.00049778631497575485, "frac_developed": 0.072764646630279456, "wind_power_index": 52.67541883895678, "wind_resource_pct": 0.22910927456382002, "wind_screening_pct": 0.22910927456382002, "resource_land_adj_oof": 43.818813323974609, "resource_opportunity_oof": 8.8566055149821707 }, "geometry": { "type": "Point", "coordinates": [ -74.31, 42.57 ] } },
{ "type": "Feature", "properties": { "latitude": 42.21, "longitude": -74.22, "frac_class_11": 0.0022543755379759805, "frac_class_21": 0.04273359136662002, "frac_class_22": 0.01684047804472447, "frac_class_23": 0.0044794734715626625, "frac_class_24": 0.0004274530240837574, "frac_developed": 0.064480995906990912, "wind_power_index": 76.71576028250368, "wind_resource_pct": 0.76308539944903586, "wind_screening_pct": 0.76308539944903586, "resource_land_adj_oof": 58.655605316162109, "resource_opportunity_oof": 18.060154966341571 }, "geometry": { "type": "Point", "coordinates": [ -74.22, 42.21 ] } },
{ "type": "Feature", "properties": { "latitude": 42.39, "longitude": -76.83, "frac_class_11": 0.075600529379384648, "frac_class_21": 0.066880995045852223, "frac_class_22": 0.041846737640982394, "frac_class_23": 0.013825937247461438, "frac_class_24": 0.0036658351194031598, "frac_developed": 0.12621950505369919, "wind_power_index": 58.921630019201949, "wind_resource_pct": 0.37006427915518825, "wind_screening_pct": 0.37006427915518825, "resource_land_adj_oof": 62.154354095458984, "resource_opportunity_oof": -3.2327240762570355 }, "geometry": { "type": "Point", "coordinates": [ -76.83, 42.39 ] } },
{ "type": "Feature", "properties": { "latitude": 43.02, "longitude": -76.38, "frac_class_11": 0.00089595764989722844, "frac_class_21": 0.095990443118401103, "frac_class_22": 0.054799814952537669, "frac_class_23": 0.011618169786902622, "frac_class_24": 0.0017099322468626843, "frac_developed": 0.16411836010470407, "wind_power_index": 79.398577778841542, "wind_resource_pct": 0.79797979797979801, "wind_screening_pct": 0.79797979797979801, "resource_land_adj_oof": 68.00714111328125, "resource_opportunity_oof": 11.391436665560292 }, "geometry": { "type": "Point", "coordinates": [ -76.38, 43.02 ] } },
{ "type": "Feature", "properties": { "latitude": 42.84, "longitude": -78.54, "frac_class_11": 0.0035488404778636685, "frac_class_21": 0.080463808854532679, "frac_class_22": 0.069975404075895989, "frac_class_23": 0.0078355586788475054, "frac_class_24": 0.00084328882642304987, "frac_developed": 0.1591180604356992, "wind_power_index": 89.582693532431705, "wind_resource_pct": 0.92929292929292928, "wind_screening_pct": 0.92929292929292928, "resource_land_adj_oof": 90.294380187988281, "resource_opportunity_oof": -0.7116866555565764 }, "geometry": { "type": "Point", "coordinates": [ -78.54, 42.84 ] } },
{ "type": "Feature", "properties": { "latitude": 44.46, "longitude": -75.12, "frac_class_11": 0.0077999191900264093, "frac_class_21": 0.037781590551088887, "frac_class_22": 0.0097498989875330119, "frac_class_23": 0.00047431941020430868, "frac_class_24": 1.7567385563122543e-05, "frac_developed": 0.048023376334389328, "wind_power_index": 56.670573370386123, "wind_resource_pct": 0.31955922865013775, "wind_screening_pct": 0.31955922865013775, "resource_land_adj_oof": 52.541854858398438, "resource_opportunity_oof": 4.1287185119876852 }, "geometry": { "type": "Point", "coordinates": [ -75.12, 44.46 ] } },
{ "type": "Feature", "properties": { "latitude": 42.3, "longitude": -77.19, "frac_class_11": 0.0040346428843304775, "frac_class_21": 0.045675202464118617, "frac_class_22": 0.030350586457888049, "frac_class_23": 0.0048076078491078693, "frac_class_24": 9.3692723003320242e-05, "frac_developed": 0.080927089494117851, "wind_power_index": 61.171066817817007, "wind_resource_pct": 0.43112947658402206, "wind_screening_pct": 0.43112947658402206, "resource_land_adj_oof": 59.60345458984375, "resource_opportunity_oof": 1.5676122279732567 }, "geometry": { "type": "Point", "coordinates": [ -77.19, 42.3 ] } },
{ "type": "Feature", "properties": { "latitude": 42.21, "longitude": -77.55, "frac_class_11": 0.00062659210025473608, "frac_class_21": 0.037618950019032003, "frac_class_22": 0.015576962492313998, "frac_class_23": 0.0010013761602201856, "frac_class_24": 1.756800281088045e-05, "frac_developed": 0.054214856674377067, "wind_power_index": 79.882601607418138, "wind_resource_pct": 0.80486685032139582, "wind_screening_pct": 0.80486685032139582, "resource_land_adj_oof": 66.163398742675781, "resource_opportunity_oof": 13.719202864742357 }, "geometry": { "type": "Point", "coordinates": [ -77.55, 42.21 ] } },
{ "type": "Feature", "properties": { "latitude": 42.39, "longitude": -73.86, "frac_class_11": 0.03784369418172235, "frac_class_21": 0.072308277942080765, "frac_class_22": 0.037820268806184297, "frac_class_23": 0.014681854118473836, "frac_class_24": 0.0039120377148546166, "frac_developed": 0.12872243858159352, "wind_power_index": 43.991642691870297, "wind_resource_pct": 0.085399449035812675, "wind_screening_pct": 0.085399449035812675, "resource_land_adj_oof": 38.612037658691406, "resource_opportunity_oof": 5.3796050331788905 }, "geometry": { "type": "Point", "coordinates": [ -73.86, 42.39 ] } },
{ "type": "Feature", "properties": { "latitude": 42.66, "longitude": -77.64, "frac_class_11": 0.021362441221079016, "frac_class_21": 0.058986806584410335, "frac_class_22": 0.020144407291806964, "frac_class_23": 0.0010482118910562345, "frac_class_24": 8.1983052931772535e-05, "frac_developed": 0.080261408820205313, "wind_power_index": 61.557415038547873, "wind_resource_pct": 0.44260789715335169, "wind_screening_pct": 0.44260789715335169, "resource_land_adj_oof": 96.981300354003906, "resource_opportunity_oof": -35.423885315456033 }, "geometry": { "type": "Point", "coordinates": [ -77.64, 42.66 ] } },
{ "type": "Feature", "properties": { "latitude": 42.3, "longitude": -76.65, "frac_class_11": 0.0005738847311525713, "frac_class_21": 0.036576367661009801, "frac_class_22": 0.012379513486291183, "frac_class_23": 0.0023599545576988394, "frac_class_24": 0.00043334153168663554, "frac_developed": 0.051749177236686462, "wind_power_index": 61.632763919272008, "wind_resource_pct": 0.45041322314049587, "wind_screening_pct": 0.45041322314049587, "resource_land_adj_oof": 63.07928466796875, "resource_opportunity_oof": -1.4465207486967415 }, "geometry": { "type": "Point", "coordinates": [ -76.65, 42.3 ] } },
{ "type": "Feature", "properties": { "latitude": 44.64, "longitude": -75.03, "frac_class_11": 0.018153390292035346, "frac_class_21": 0.069527484818495383, "frac_class_22": 0.035932000913525448, "frac_class_23": 0.014516856301276007, "frac_class_24": 0.0047198814759291897, "frac_developed": 0.12469622350922603, "wind_power_index": 49.237899268268791, "wind_resource_pct": 0.16896235078053259, "wind_screening_pct": 0.16896235078053259, "resource_land_adj_oof": 49.88519287109375, "resource_opportunity_oof": -0.64729360282495918 }, "geometry": { "type": "Point", "coordinates": [ -75.03, 44.64 ] } },
{ "type": "Feature", "properties": { "latitude": 42.66, "longitude": -73.5, "frac_class_11": 0.012449785086024149, "frac_class_21": 0.061446657999836035, "frac_class_22": 0.022469344014616494, "frac_class_23": 0.0038298021854467519, "frac_class_24": 0.00056217279786374339, "frac_developed": 0.088307976997763021, "wind_power_index": 64.792707200836844, "wind_resource_pct": 0.52938475665748397, "wind_screening_pct": 0.52938475665748397, "resource_land_adj_oof": 52.238918304443359, "resource_opportunity_oof": 12.553788896393485 }, "geometry": { "type": "Point", "coordinates": [ -73.5, 42.66 ] } },
{ "type": "Feature", "properties": { "latitude": 42.21, "longitude": -75.12, "frac_class_11": 0.001809440713001622, "frac_class_21": 0.059787668866493726, "frac_class_22": 0.017303874779675706, "frac_class_23": 0.0038414016431361298, "frac_class_24": 0.0015693531103056139, "frac_developed": 0.082502298399611179, "wind_power_index": 74.729965697696684, "wind_resource_pct": 0.72543617998163457, "wind_screening_pct": 0.72543617998163457, "resource_land_adj_oof": 61.179843902587891, "resource_opportunity_oof": 13.550121795108794 }, "geometry": { "type": "Point", "coordinates": [ -75.12, 42.21 ] } },
{ "type": "Feature", "properties": { "latitude": 42.3, "longitude": -75.75, "frac_class_11": 0.0071740212585283004, "frac_class_21": 0.059324763550115664, "frac_class_22": 0.025381394395478901, "frac_class_23": 0.0044215396328072384, "frac_class_24": 0.00092530233375303793, "frac_developed": 0.090052999912154846, "wind_power_index": 53.158716763198655, "wind_resource_pct": 0.24242424242424243, "wind_screening_pct": 0.24242424242424243, "resource_land_adj_oof": 57.712688446044922, "resource_opportunity_oof": -4.5539716828462673 }, "geometry": { "type": "Point", "coordinates": [ -75.75, 42.3 ] } },
{ "type": "Feature", "properties": { "latitude": 44.28, "longitude": -76.02, "frac_class_11": 0.29370594842803005, "frac_class_21": 0.050109241726636465, "frac_class_22": 0.041641464950069741, "frac_class_23": 0.01302260131090072, "frac_class_24": 0.0023453026057546318, "frac_developed": 0.10711861059336156, "wind_power_index": 59.507447988437221, "wind_resource_pct": 0.37924701561065199, "wind_screening_pct": 0.37924701561065199, "resource_land_adj_oof": 70.932487487792969, "resource_opportunity_oof": -11.425039499355748 }, "geometry": { "type": "Point", "coordinates": [ -76.02, 44.28 ] } },
{ "type": "Feature", "properties": { "latitude": 42.39, "longitude": -79.44, "frac_class_11": 0.24092335800618384, "frac_class_21": 0.062002248664855243, "frac_class_22": 0.038760189262625318, "frac_class_23": 0.0047374215309659885, "frac_class_24": 0.0005328867235079172, "frac_developed": 0.10603274618195446, "wind_power_index": 196.28587436677009, "wind_resource_pct": 1.0, "wind_screening_pct": 1.0, "resource_land_adj_oof": 132.411376953125, "resource_opportunity_oof": 63.874497413645088 }, "geometry": { "type": "Point", "coordinates": [ -79.44, 42.39 ] } },
{ "type": "Feature", "properties": { "latitude": 42.66, "longitude": -78.81, "frac_class_11": 0.0014346698209883411, "frac_class_21": 0.095390903607755415, "frac_class_22": 0.079351880588624538, "frac_class_23": 0.013854811414115979, "frac_class_24": 0.0022661927376428082, "frac_developed": 0.19086378834813875, "wind_power_index": 86.698556595666759, "wind_resource_pct": 0.90679522497704312, "wind_screening_pct": 0.90679522497704312, "resource_land_adj_oof": 84.918426513671875, "resource_opportunity_oof": 1.7801300819948835 }, "geometry": { "type": "Point", "coordinates": [ -78.81, 42.66 ] } },
{ "type": "Feature", "properties": { "latitude": 43.65, "longitude": -76.11, "frac_class_11": 0.060457899051411169, "frac_class_21": 0.063977046492563527, "frac_class_22": 0.032052933598782057, "frac_class_23": 0.0053226373111605572, "frac_class_24": 0.0010715540461412342, "frac_developed": 0.10242417144864738, "wind_power_index": 89.896731493464884, "wind_resource_pct": 0.93250688705234164, "wind_screening_pct": 0.93250688705234164, "resource_land_adj_oof": 65.251945495605469, "resource_opportunity_oof": 24.644785997859415 }, "geometry": { "type": "Point", "coordinates": [ -76.11, 43.65 ] } },
{ "type": "Feature", "properties": { "latitude": 43.47, "longitude": -76.29, "frac_class_11": 0.072603878765166066, "frac_class_21": 0.070226495526303459, "frac_class_22": 0.024722443434674661, "frac_class_23": 0.0040462360050592585, "frac_class_24": 0.00072609734388907107, "frac_developed": 0.099721272309926431, "wind_power_index": 109.92642631472997, "wind_resource_pct": 0.98668503213957759, "wind_screening_pct": 0.98668503213957759, "resource_land_adj_oof": 72.1097412109375, "resource_opportunity_oof": 37.816685103792466 }, "geometry": { "type": "Point", "coordinates": [ -76.29, 43.47 ] } },
{ "type": "Feature", "properties": { "latitude": 42.21, "longitude": -74.4, "frac_class_11": 0.0010423376471277157, "frac_class_21": 0.028043567371318148, "frac_class_22": 0.007559875856415061, "frac_class_23": 0.00091350939860631263, "frac_class_24": 0.0, "frac_developed": 0.03651695262633952, "wind_power_index": 66.693212220737877, "wind_resource_pct": 0.57529843893480259, "wind_screening_pct": 0.57529843893480259, "resource_land_adj_oof": 67.324325561523438, "resource_opportunity_oof": -0.63111334078556069 }, "geometry": { "type": "Point", "coordinates": [ -74.4, 42.21 ] } },
{ "type": "Feature", "properties": { "latitude": 43.02, "longitude": -73.5, "frac_class_11": 0.0015167664179716325, "frac_class_21": 0.057356024315112615, "frac_class_22": 0.016280349968961924, "frac_class_23": 0.0025533210742688483, "frac_class_24": 0.00024010588083720822, "frac_developed": 0.076429801239180611, "wind_power_index": 40.665246538462483, "wind_resource_pct": 0.068870523415977963, "wind_screening_pct": 0.068870523415977963, "resource_land_adj_oof": 56.057823181152344, "resource_opportunity_oof": -15.39257664268986 }, "geometry": { "type": "Point", "coordinates": [ -73.5, 43.02 ] } },
{ "type": "Feature", "properties": { "latitude": 41.31, "longitude": -74.4, "frac_class_11": 0.0038589012378933561, "frac_class_21": 0.096712614332392519, "frac_class_22": 0.064412615503530987, "frac_class_23": 0.016981507723658168, "frac_class_24": 0.0043624907772845988, "frac_developed": 0.18246922833686627, "wind_power_index": 48.593147344760496, "wind_resource_pct": 0.16161616161616163, "wind_screening_pct": 0.16161616161616163, "resource_land_adj_oof": 47.806697845458984, "resource_opportunity_oof": 0.78644949930151142 }, "geometry": { "type": "Point", "coordinates": [ -74.4, 41.31 ] } },
{ "type": "Feature", "properties": { "latitude": 43.83, "longitude": -76.02, "frac_class_11": 0.0018153390292035346, "frac_class_21": 0.055367840390707808, "frac_class_22": 0.038649153524978483, "frac_class_23": 0.0087663307313473916, "frac_class_24": 0.0015401102086468697, "frac_developed": 0.10432343485568056, "wind_power_index": 67.082768993572401, "wind_resource_pct": 0.58631772268135907, "wind_screening_pct": 0.58631772268135907, "resource_land_adj_oof": 56.467586517333984, "resource_opportunity_oof": 10.615182476238417 }, "geometry": { "type": "Point", "coordinates": [ -76.02, 43.83 ] } },
{ "type": "Feature", "properties": { "latitude": 43.02, "longitude": -75.57, "frac_class_11": 0.0012004239546064073, "frac_class_21": 0.063300404630708601, "frac_class_22": 0.048590819391824233, "frac_class_23": 0.0087543112787150188, "frac_class_24": 0.0017801408887821845, "frac_developed": 0.12242567619003004, "wind_power_index": 88.414469439457619, "wind_resource_pct": 0.92011019283746553, "wind_screening_pct": 0.92011019283746553, "resource_land_adj_oof": 75.908279418945312, "resource_opportunity_oof": 12.506190020512307 }, "geometry": { "type": "Point", "coordinates": [ -75.57, 43.02 ] } },
{ "type": "Feature", "properties": { "latitude": 41.76, "longitude": -74.85, "frac_class_11": 0.017695694945425586, "frac_class_21": 0.082365203541481233, "frac_class_22": 0.021144657328898673, "frac_class_23": 0.0043038834496650583, "frac_class_24": 0.00029278118705204479, "frac_developed": 0.10810652550709701, "wind_power_index": 63.810606984613422, "wind_resource_pct": 0.50688705234159781, "wind_screening_pct": 0.50688705234159781, "resource_land_adj_oof": 54.943832397460938, "resource_opportunity_oof": 8.8667745871524843 }, "geometry": { "type": "Point", "coordinates": [ -74.85, 41.76 ] } },
{ "type": "Feature", "properties": { "latitude": 42.12, "longitude": -77.73, "frac_class_11": 0.001059849278892604, "frac_class_21": 0.055615737297911333, "frac_class_22": 0.015944583350411937, "frac_class_23": 0.002037721265495172, "frac_class_24": 0.00015809906370221164, "frac_developed": 0.073756140977520646, "wind_power_index": 83.943895524538988, "wind_resource_pct": 0.86271808999081723, "wind_screening_pct": 0.86271808999081723, "resource_land_adj_oof": 65.978713989257812, "resource_opportunity_oof": 17.965181535281175 }, "geometry": { "type": "Point", "coordinates": [ -77.73, 42.12 ] } },
{ "type": "Feature", "properties": { "latitude": 42.48, "longitude": -77.37, "frac_class_11": 0.00020494803103498756, "frac_class_21": 0.045638998682476943, "frac_class_22": 0.015212999560825648, "frac_class_23": 0.00052115356463182546, "frac_class_24": 3.5133948177426437e-05, "frac_developed": 0.06140828575611184, "wind_power_index": 80.878250249088126, "wind_resource_pct": 0.8168044077134986, "wind_screening_pct": 0.8168044077134986, "resource_land_adj_oof": 71.715080261230469, "resource_opportunity_oof": 9.1631699878576569 }, "geometry": { "type": "Point", "coordinates": [ -77.37, 42.48 ] } },
{ "type": "Feature", "properties": { "latitude": 42.48, "longitude": -73.86, "frac_class_11": 0.034999882884782049, "frac_class_21": 0.06997634272597382, "frac_class_22": 0.039871875951561143, "frac_class_23": 0.017707820954254796, "frac_class_24": 0.0061544047033471527, "frac_developed": 0.13371044433513693, "wind_power_index": 51.848713219859455, "wind_resource_pct": 0.21854912764003673, "wind_screening_pct": 0.21854912764003673, "resource_land_adj_oof": 38.932540893554688, "resource_opportunity_oof": 12.916172326304768 }, "geometry": { "type": "Point", "coordinates": [ -73.86, 42.48 ] } },
{ "type": "Feature", "properties": { "latitude": 43.2, "longitude": -76.74, "frac_class_11": 0.005633637854298431, "frac_class_21": 0.065360740220192087, "frac_class_22": 0.030803466854064182, "frac_class_23": 0.0059323026469899273, "frac_class_24": 0.0011126727570859687, "frac_developed": 0.10320918247833218, "wind_power_index": 59.834886223193251, "wind_resource_pct": 0.39439853076216713, "wind_screening_pct": 0.39439853076216713, "resource_land_adj_oof": 68.12457275390625, "resource_opportunity_oof": -8.2896865307129985 }, "geometry": { "type": "Point", "coordinates": [ -76.74, 43.2 ] } },
{ "type": "Feature", "properties": { "latitude": 43.2, "longitude": -77.28, "frac_class_11": 0.0016571900381212267, "frac_class_21": 0.083181570641385247, "frac_class_22": 0.054564299559058622, "frac_class_23": 0.012654373400635939, "frac_class_24": 0.0017040363996228868, "frac_developed": 0.1521042800007027, "wind_power_index": 68.323545072318922, "wind_resource_pct": 0.60835629017447201, "wind_screening_pct": 0.60835629017447201, "resource_land_adj_oof": 64.803596496582031, "resource_opportunity_oof": 3.5199485757368905 }, "geometry": { "type": "Point", "coordinates": [ -77.28, 43.2 ] } },
{ "type": "Feature", "properties": { "latitude": 43.02, "longitude": -75.48, "frac_class_11": 0.00040991526465886265, "frac_class_21": 0.055525950564219079, "frac_class_22": 0.035961280575286796, "frac_class_23": 0.0048779916494404657, "frac_class_24": 0.00084911019107907263, "frac_developed": 0.097214332980025422, "wind_power_index": 88.530012854915995, "wind_resource_pct": 0.9237832874196511, "wind_screening_pct": 0.9237832874196511, "resource_land_adj_oof": 71.862869262695312, "resource_opportunity_oof": 16.667143592220683 }, "geometry": { "type": "Point", "coordinates": [ -75.48, 43.02 ] } },
{ "type": "Feature", "properties": { "latitude": 42.57, "longitude": -76.74, "frac_class_11": 0.010166791604197901, "frac_class_21": 0.05500374812593703, "frac_class_22": 0.030886900299850074, "frac_class_23": 0.002547554347826087, "frac_class_24": 0.0002811094452773613, "frac_developed": 0.088719312218890539, "wind_power_index": 65.544653517582077, "wind_resource_pct": 0.55188246097337001, "wind_screening_pct": 0.55188246097337001, "resource_land_adj_oof": 71.5679931640625, "resource_opportunity_oof": -6.023339646480423 }, "geometry": { "type": "Point", "coordinates": [ -76.74, 42.57 ] } },
{ "type": "Feature", "properties": { "latitude": 43.38, "longitude": -75.84, "frac_class_11": 0.0032619453375264265, "frac_class_21": 0.046510538367387576, "frac_class_22": 0.012608560703221538, "frac_class_23": 0.0010131356254794825, "frac_class_24": 0.00025181983754692339, "frac_developed": 0.060384054533635517, "wind_power_index": 53.733944577265675, "wind_resource_pct": 0.25711662075298441, "wind_screening_pct": 0.25711662075298441, "resource_land_adj_oof": 59.057621002197266, "resource_opportunity_oof": -5.3236764249315911 }, "geometry": { "type": "Point", "coordinates": [ -75.84, 43.38 ] } },
{ "type": "Feature", "properties": { "latitude": 42.3, "longitude": -73.86, "frac_class_11": 0.070357379180305796, "frac_class_21": 0.084592817281622754, "frac_class_22": 0.045517095994050509, "frac_class_23": 0.014575074222204004, "frac_class_24": 0.0034959097270613861, "frac_developed": 0.14818089722493863, "wind_power_index": 36.907834364923914, "wind_resource_pct": 0.0573921028466483, "wind_screening_pct": 0.0573921028466483, "resource_land_adj_oof": 28.795566558837891, "resource_opportunity_oof": 8.1122678060860238 }, "geometry": { "type": "Point", "coordinates": [ -73.86, 42.3 ] } },
{ "type": "Feature", "properties": { "latitude": 43.11, "longitude": -76.83, "frac_class_11": 0.012439238653001464, "frac_class_21": 0.048843338213762813, "frac_class_22": 0.037440702781844803, "frac_class_23": 0.005815519765739385, "frac_class_24": 0.0011478770131771595, "frac_developed": 0.093247437774524156, "wind_power_index": 59.602654210607959, "wind_resource_pct": 0.38613406795224975, "wind_screening_pct": 0.38613406795224975, "resource_land_adj_oof": 63.047492980957031, "resource_opportunity_oof": -3.4448387703490724 }, "geometry": { "type": "Point", "coordinates": [ -76.83, 43.11 ] } },
{ "type": "Feature", "properties": { "latitude": 42.84, "longitude": -77.91, "frac_class_11": 0.0053521968015646688, "frac_class_21": 0.035093780559931134, "frac_class_22": 0.043256759051595414, "frac_class_23": 0.0069683962733719422, "frac_class_24": 0.0011301684712275504, "frac_developed": 0.08644910435612603, "wind_power_index": 69.850492900595242, "wind_resource_pct": 0.64095500459136823, "wind_screening_pct": 0.64095500459136823, "resource_land_adj_oof": 88.518226623535156, "resource_opportunity_oof": -18.667733722939914 }, "geometry": { "type": "Point", "coordinates": [ -77.91, 42.84 ] } },
{ "type": "Feature", "properties": { "latitude": 42.03, "longitude": -75.39, "frac_class_11": 0.041336784409257005, "frac_class_21": 0.051760282956994287, "frac_class_22": 0.020191136512695586, "frac_class_23": 0.0085144757800056214, "frac_class_24": 0.0009076641993816172, "frac_developed": 0.081373559449077107, "wind_power_index": 56.372902955886175, "wind_resource_pct": 0.31221303948576679, "wind_screening_pct": 0.31221303948576679, "resource_land_adj_oof": 56.478630065917969, "resource_opportunity_oof": -0.10572711003179336 }, "geometry": { "type": "Point", "coordinates": [ -75.39, 42.03 ] } },
{ "type": "Feature", "properties": { "latitude": 43.92, "longitude": -73.5, "frac_class_11": 0.0079641146364030305, "frac_class_21": 0.038573252286754976, "frac_class_22": 0.016361570804492697, "frac_class_23": 0.002605905156764227, "frac_class_24": 7.6127566377381909e-05, "frac_developed": 0.05761685581438928, "wind_power_index": 32.115735566329469, "wind_resource_pct": 0.033057851239669422, "wind_screening_pct": 0.033057851239669422, "resource_land_adj_oof": 39.623165130615234, "resource_opportunity_oof": -7.5074295642857649 }, "geometry": { "type": "Point", "coordinates": [ -73.5, 43.92 ] } },
{ "type": "Feature", "properties": { "latitude": 43.83, "longitude": -75.93, "frac_class_11": 0.0016688527661966553, "frac_class_21": 0.042599662716072517, "frac_class_22": 0.016091254040380382, "frac_class_23": 0.003308427413688106, "frac_class_24": 0.00036890429568557642, "frac_developed": 0.06236824846582658, "wind_power_index": 67.082768993572401, "wind_resource_pct": 0.58631772268135907, "wind_screening_pct": 0.58631772268135907, "resource_land_adj_oof": 63.115688323974609, "resource_opportunity_oof": 3.9670806695977916 }, "geometry": { "type": "Point", "coordinates": [ -75.93, 43.83 ] } },
{ "type": "Feature", "properties": { "latitude": 43.11, "longitude": -73.41, "frac_class_11": 0.0097912335665973713, "frac_class_21": 0.056592393054782891, "frac_class_22": 0.02025590724094516, "frac_class_23": 0.0023716803794688606, "frac_class_24": 0.00016982402717184434, "frac_developed": 0.079389804702368755, "wind_power_index": 42.304884083817939, "wind_resource_pct": 0.07575757575757576, "wind_screening_pct": 0.07575757575757576, "resource_land_adj_oof": 44.413017272949219, "resource_opportunity_oof": -2.10813318913128 }, "geometry": { "type": "Point", "coordinates": [ -73.41, 43.11 ] } },
{ "type": "Feature", "properties": { "latitude": 43.2, "longitude": -78.9, "frac_class_11": 0.0050945418133055377, "frac_class_21": 0.035890168705459358, "frac_class_22": 0.069443875131023416, "frac_class_23": 0.011547628110159219, "frac_class_24": 0.0019031334360049422, "frac_developed": 0.11878480538264694, "wind_power_index": 90.517096265787231, "wind_resource_pct": 0.93617998163452709, "wind_screening_pct": 0.93617998163452709, "resource_land_adj_oof": 90.185173034667969, "resource_opportunity_oof": 0.33192323111926214 }, "geometry": { "type": "Point", "coordinates": [ -78.9, 43.2 ] } },
{ "type": "Feature", "properties": { "latitude": 43.29, "longitude": -76.11, "frac_class_11": 0.061578099838969405, "frac_class_21": 0.08131752305665349, "frac_class_22": 0.055125164690382082, "frac_class_23": 0.018070560679256331, "frac_class_24": 0.0039467135119309032, "frac_developed": 0.15845996193822282, "wind_power_index": 55.994108701882098, "wind_resource_pct": 0.29981634527089074, "wind_screening_pct": 0.29981634527089074, "resource_land_adj_oof": 64.484939575195312, "resource_opportunity_oof": -8.4908308733132145 }, "geometry": { "type": "Point", "coordinates": [ -76.11, 43.29 ] } },
{ "type": "Feature", "properties": { "latitude": 42.93, "longitude": -77.1, "frac_class_11": 0.0033086017790322484, "frac_class_21": 0.053593492887970155, "frac_class_22": 0.065352205051327245, "frac_class_23": 0.0096447205841878117, "frac_class_24": 0.0015225424115900613, "frac_developed": 0.13011296093507527, "wind_power_index": 75.284452132619805, "wind_resource_pct": 0.73324150596877868, "wind_screening_pct": 0.73324150596877868, "resource_land_adj_oof": 74.461624145507812, "resource_opportunity_oof": 0.82282798711199234 }, "geometry": { "type": "Point", "coordinates": [ -77.1, 42.93 ] } },
{ "type": "Feature", "properties": { "latitude": 42.75, "longitude": -75.12, "frac_class_11": 0.0034492855469665028, "frac_class_21": 0.051856406652611854, "frac_class_22": 0.0069337081283672988, "frac_class_23": 0.0005446240337315531, "frac_class_24": 0.0, "frac_developed": 0.059334738814710707, "wind_power_index": 71.368174790709531, "wind_resource_pct": 0.67630853994490359, "wind_screening_pct": 0.67630853994490359, "resource_land_adj_oof": 77.550491333007812, "resource_opportunity_oof": -6.1823165422982811 }, "geometry": { "type": "Point", "coordinates": [ -75.12, 42.75 ] } },
{ "type": "Feature", "properties": { "latitude": 42.66, "longitude": -77.73, "frac_class_11": 0.00049773384707273941, "frac_class_21": 0.048145502242730155, "frac_class_22": 0.041177228383711809, "frac_class_23": 0.0037827772377528194, "frac_class_24": 0.00035719723142867182, "frac_developed": 0.093462705095623461, "wind_power_index": 59.542819801915059, "wind_resource_pct": 0.38246097337006429, "wind_screening_pct": 0.38246097337006429, "resource_land_adj_oof": 87.078117370605469, "resource_opportunity_oof": -27.53529756869041 }, "geometry": { "type": "Point", "coordinates": [ -77.73, 42.66 ] } },
{ "type": "Feature", "properties": { "latitude": 42.21, "longitude": -73.77, "frac_class_11": 0.058522071700080239, "frac_class_21": 0.072069064478531564, "frac_class_22": 0.046849284580558634, "frac_class_23": 0.025266635039446171, "frac_class_24": 0.0092890317970703816, "frac_developed": 0.15347401589560675, "wind_power_index": 46.449147093647198, "wind_resource_pct": 0.11891643709825528, "wind_screening_pct": 0.11891643709825528, "resource_land_adj_oof": 36.301078796386719, "resource_opportunity_oof": 10.14806829726048 }, "geometry": { "type": "Point", "coordinates": [ -73.77, 42.21 ] } },
{ "type": "Feature", "properties": { "latitude": 42.3, "longitude": -75.66, "frac_class_11": 0.0053874577640879093, "frac_class_21": 0.045752399468281343, "frac_class_22": 0.011653305381016239, "frac_class_23": 0.0010306440939994261, "frac_class_24": 2.9279661761347332e-05, "frac_developed": 0.058465628605058349, "wind_power_index": 56.416966269795992, "wind_resource_pct": 0.31588613406795224, "wind_screening_pct": 0.31588613406795224, "resource_land_adj_oof": 59.815601348876953, "resource_opportunity_oof": -3.398635079080961 }, "geometry": { "type": "Point", "coordinates": [ -75.66, 42.3 ] } },
{ "type": "Feature", "properties": { "latitude": 42.93, "longitude": -77.64, "frac_class_11": 0.00147576408856927, "frac_class_21": 0.063557411322390039, "frac_class_22": 0.067399082918030678, "frac_class_23": 0.014581954684672551, "frac_class_24": 0.0023132016467653244, "frac_developed": 0.14785165057185859, "wind_power_index": 84.815563453126117, "wind_resource_pct": 0.87190082644628097, "wind_screening_pct": 0.87190082644628097, "resource_land_adj_oof": 90.758567810058594, "resource_opportunity_oof": -5.9430043569324766 }, "geometry": { "type": "Point", "coordinates": [ -77.64, 42.93 ] } },
{ "type": "Feature", "properties": { "latitude": 42.57, "longitude": -79.08, "frac_class_11": 0.1428387391449468, "frac_class_21": 0.060928835354534965, "frac_class_22": 0.0556996714937373, "frac_class_23": 0.013198807774062644, "frac_class_24": 0.0015576232776844114, "frac_developed": 0.13138493790001932, "wind_power_index": 150.87503268846405, "wind_resource_pct": 0.99540863177226813, "wind_screening_pct": 0.99540863177226813, "resource_land_adj_oof": 135.25360107421875, "resource_opportunity_oof": 15.621431614245296 }, "geometry": { "type": "Point", "coordinates": [ -79.08, 42.57 ] } },
{ "type": "Feature", "properties": { "latitude": 42.75, "longitude": -74.94, "frac_class_11": 0.1010019382909076, "frac_class_21": 0.064525762872652534, "frac_class_22": 0.013761279857585393, "frac_class_23": 0.0037945997224320574, "frac_class_24": 0.00065000087837956534, "frac_developed": 0.082731643331049542, "wind_power_index": 75.236885992935925, "wind_resource_pct": 0.73186409550045917, "wind_screening_pct": 0.73186409550045917, "resource_land_adj_oof": 69.070808410644531, "resource_opportunity_oof": 6.1660775822913934 }, "geometry": { "type": "Point", "coordinates": [ -74.94, 42.75 ] } },
{ "type": "Feature", "properties": { "latitude": 42.48, "longitude": -77.01, "frac_class_11": 0.0018973665255353912, "frac_class_21": 0.060581039218097599, "frac_class_22": 0.032102973126496959, "frac_class_23": 0.0036717555910823771, "frac_class_24": 0.00048605377043036254, "frac_developed": 0.096841821706107292, "wind_power_index": 59.684725021034211, "wind_resource_pct": 0.38934802571166205, "wind_screening_pct": 0.38934802571166205, "resource_land_adj_oof": 63.834869384765625, "resource_opportunity_oof": -4.1501443637314139 }, "geometry": { "type": "Point", "coordinates": [ -77.01, 42.48 ] } },
{ "type": "Feature", "properties": { "latitude": 42.93, "longitude": -78.27, "frac_class_11": 0.0020612881879988523, "frac_class_21": 0.043456873986191712, "frac_class_22": 0.040804136630613642, "frac_class_23": 0.004181135699520399, "frac_class_24": 0.00059730509993148563, "frac_developed": 0.089039451416257243, "wind_power_index": 101.94647611859881, "wind_resource_pct": 0.97520661157024791, "wind_screening_pct": 0.97520661157024791, "resource_land_adj_oof": 78.701774597167969, "resource_opportunity_oof": 23.244701521430841 }, "geometry": { "type": "Point", "coordinates": [ -78.27, 42.93 ] } },
{ "type": "Feature", "properties": { "latitude": 43.11, "longitude": -77.01, "frac_class_11": 0.0037123784986532382, "frac_class_21": 0.067390795175079052, "frac_class_22": 0.048711792949994143, "frac_class_23": 0.0091462700550415735, "frac_class_24": 0.0021665300386462115, "frac_developed": 0.127415388218761, "wind_power_index": 61.801830772331741, "wind_resource_pct": 0.4591368227731864, "wind_screening_pct": 0.4591368227731864, "resource_land_adj_oof": 63.387130737304688, "resource_opportunity_oof": -1.5852999649729469 }, "geometry": { "type": "Point", "coordinates": [ -77.01, 43.11 ] } },
{ "type": "Feature", "properties": { "latitude": 42.03, "longitude": -78.27, "frac_class_11": 0.0063713290194126427, "frac_class_21": 0.052317512370801976, "frac_class_22": 0.018862179017948642, "frac_class_23": 0.0027640324422451906, "frac_class_24": 0.00045091207214593152, "frac_developed": 0.074394635903141729, "wind_power_index": 65.098048412225239, "wind_resource_pct": 0.5385674931129476, "wind_screening_pct": 0.5385674931129476, "resource_land_adj_oof": 68.605972290039062, "resource_opportunity_oof": -3.5079238778138233 }, "geometry": { "type": "Point", "coordinates": [ -78.27, 42.03 ] } },
{ "type": "Feature", "properties": { "latitude": 42.93, "longitude": -74.58, "frac_class_11": 0.014359082471027096, "frac_class_21": 0.060194538629562609, "frac_class_22": 0.042462360113139266, "frac_class_23": 0.018101110896388561, "frac_class_24": 0.003636619173942833, "frac_developed": 0.12439462881303326, "wind_power_index": 57.402044484918008, "wind_resource_pct": 0.34113865932047749, "wind_screening_pct": 0.34113865932047749, "resource_land_adj_oof": 64.174781799316406, "resource_opportunity_oof": -6.7727373143983982 }, "geometry": { "type": "Point", "coordinates": [ -74.58, 42.93 ] } },
{ "type": "Feature", "properties": { "latitude": 42.21, "longitude": -74.76, "frac_class_11": 0.0043157968706080763, "frac_class_21": 0.045219244823386115, "frac_class_22": 0.0067050032793029143, "frac_class_23": 0.0007202754614447672, "frac_class_24": 5.8558980605265626e-06, "frac_developed": 0.052650379462194322, "wind_power_index": 65.841903989400777, "wind_resource_pct": 0.55555555555555558, "wind_screening_pct": 0.55555555555555558, "resource_land_adj_oof": 81.880935668945312, "resource_opportunity_oof": -16.039031679544536 }, "geometry": { "type": "Point", "coordinates": [ -74.76, 42.21 ] } },
{ "type": "Feature", "properties": { "latitude": 44.73, "longitude": -75.39, "frac_class_11": 0.11051596434698917, "frac_class_21": 0.049873763791828819, "frac_class_22": 0.032395977179841266, "frac_class_23": 0.012051721973469473, "frac_class_24": 0.0034104699334644517, "frac_developed": 0.097731932878604016, "wind_power_index": 47.697813914929441, "wind_resource_pct": 0.14416896235078053, "wind_screening_pct": 0.14416896235078053, "resource_land_adj_oof": 57.84576416015625, "resource_opportunity_oof": -10.147950245226809 }, "geometry": { "type": "Point", "coordinates": [ -75.39, 44.73 ] } },
{ "type": "Feature", "properties": { "latitude": 42.39, "longitude": -74.22, "frac_class_11": 0.0017801617370630846, "frac_class_21": 0.054013854811414116, "frac_class_22": 0.01104988551920408, "frac_class_23": 0.0015927762910564441, "frac_class_24": 8.7836927815612727e-05, "frac_developed": 0.066744353549490251, "wind_power_index": 58.902201588101903, "wind_resource_pct": 0.36914600550964188, "wind_screening_pct": 0.36914600550964188, "resource_land_adj_oof": 65.257720947265625, "resource_opportunity_oof": -6.355519359163722 }, "geometry": { "type": "Point", "coordinates": [ -74.22, 42.39 ] } },
{ "type": "Feature", "properties": { "latitude": 42.93, "longitude": -78.09, "frac_class_11": 0.00081982572847371868, "frac_class_21": 0.04315211280802024, "frac_class_22": 0.044762484774665046, "frac_class_23": 0.0043040850744870233, "frac_class_24": 0.0002986508010868547, "frac_developed": 0.092517333458259174, "wind_power_index": 102.3396751711396, "wind_resource_pct": 0.97658402203856753, "wind_screening_pct": 0.97658402203856753, "resource_land_adj_oof": 83.048103332519531, "resource_opportunity_oof": 19.291571838620072 }, "geometry": { "type": "Point", "coordinates": [ -78.09, 42.93 ] } },
{ "type": "Feature", "properties": { "latitude": 42.39, "longitude": -76.47, "frac_class_11": 0.0035546550169241399, "frac_class_21": 0.085077476253499026, "frac_class_22": 0.058080837657089983, "frac_class_23": 0.033696021363066722, "frac_class_24": 0.012543774376032138, "frac_developed": 0.18939810964968787, "wind_power_index": 63.777723438391348, "wind_resource_pct": 0.50596877869605139, "wind_screening_pct": 0.50596877869605139, "resource_land_adj_oof": 61.192222595214844, "resource_opportunity_oof": 2.5855008431765043 }, "geometry": { "type": "Point", "coordinates": [ -76.47, 42.39 ] } },
{ "type": "Feature", "properties": { "latitude": 44.91, "longitude": -73.77, "frac_class_11": 0.0051652348073578241, "frac_class_21": 0.030300368359715852, "frac_class_22": 0.015501560697365262, "frac_class_23": 0.0026294676060132235, "frac_class_24": 0.00031623886575660149, "frac_developed": 0.04874763552885094, "wind_power_index": 80.15465647381356, "wind_resource_pct": 0.80716253443526176, "wind_screening_pct": 0.80716253443526176, "resource_land_adj_oof": 58.193077087402344, "resource_opportunity_oof": 21.961579386411216 }, "geometry": { "type": "Point", "coordinates": [ -73.77, 44.91 ] } },
{ "type": "Feature", "properties": { "latitude": 42.93, "longitude": -74.67, "frac_class_11": 0.010891715269482117, "frac_class_21": 0.05796032136415806, "frac_class_22": 0.031375166889185582, "frac_class_23": 0.012654299299650996, "frac_class_24": 0.0015869112032417493, "frac_developed": 0.10357669875623639, "wind_power_index": 57.402044484918008, "wind_resource_pct": 0.34113865932047749, "wind_screening_pct": 0.34113865932047749, "resource_land_adj_oof": 56.857753753662109, "resource_opportunity_oof": 0.54429073125589866 }, "geometry": { "type": "Point", "coordinates": [ -74.67, 42.93 ] } },
{ "type": "Feature", "properties": { "latitude": 42.12, "longitude": -73.77, "frac_class_11": 0.010792862538870117, "frac_class_21": 0.063129168838317887, "frac_class_22": 0.025585467407663341, "frac_class_23": 0.0040290230204789151, "frac_class_24": 0.00066174360656121717, "frac_developed": 0.093405402873021348, "wind_power_index": 50.965243014664459, "wind_resource_pct": 0.20615243342516071, "wind_screening_pct": 0.20615243342516071, "resource_land_adj_oof": 44.724994659423828, "resource_opportunity_oof": 6.2402483552406309 }, "geometry": { "type": "Point", "coordinates": [ -73.77, 42.12 ] } },
{ "type": "Feature", "properties": { "latitude": 42.93, "longitude": -76.83, "frac_class_11": 0.014452017895205303, "frac_class_21": 0.072769540674115188, "frac_class_22": 0.082548661373058815, "frac_class_23": 0.029161689269903732, "frac_class_24": 0.0086723818893026956, "frac_developed": 0.19315227320638043, "wind_power_index": 62.595590405773052, "wind_resource_pct": 0.48438934802571165, "wind_screening_pct": 0.48438934802571165, "resource_land_adj_oof": 68.244468688964844, "resource_opportunity_oof": -5.6488782831917916 }, "geometry": { "type": "Point", "coordinates": [ -76.83, 42.93 ] } },
{ "type": "Feature", "properties": { "latitude": 43.29, "longitude": -73.77, "frac_class_11": 0.038671671419620426, "frac_class_21": 0.058757048913457205, "frac_class_22": 0.066662372416862348, "frac_class_23": 0.013843099823740565, "frac_class_24": 0.0019734029782574325, "frac_developed": 0.14123592413231756, "wind_power_index": 36.872696128345709, "wind_resource_pct": 0.055096418732782371, "wind_screening_pct": 0.055096418732782371, "resource_land_adj_oof": 37.184680938720703, "resource_opportunity_oof": -0.31198481037499448 }, "geometry": { "type": "Point", "coordinates": [ -73.77, 43.29 ] } },
{ "type": "Feature", "properties": { "latitude": 41.58, "longitude": -74.49, "frac_class_11": 0.015980371489471342, "frac_class_21": 0.066597568688075329, "frac_class_22": 0.029073852856440166, "frac_class_23": 0.011336753097697515, "frac_class_24": 0.0017684397910664512, "frac_developed": 0.10877661443327946, "wind_power_index": 47.309087387312879, "wind_resource_pct": 0.13820018365472911, "wind_screening_pct": 0.13820018365472911, "resource_land_adj_oof": 54.90472412109375, "resource_opportunity_oof": -7.5956367337808715 }, "geometry": { "type": "Point", "coordinates": [ -74.49, 41.58 ] } },
{ "type": "Feature", "properties": { "latitude": 43.29, "longitude": -76.65, "frac_class_11": 0.018241229277319387, "frac_class_21": 0.079148781673274105, "frac_class_22": 0.023839500606088998, "frac_class_23": 0.0031153560114073561, "frac_class_24": 0.00050946611464744364, "frac_developed": 0.10661310440541791, "wind_power_index": 82.910488235328458, "wind_resource_pct": 0.84435261707988984, "wind_screening_pct": 0.84435261707988984, "resource_land_adj_oof": 63.032058715820312, "resource_opportunity_oof": 19.878429519508146 }, "geometry": { "type": "Point", "coordinates": [ -76.65, 43.29 ] } },
{ "type": "Feature", "properties": { "latitude": 42.21, "longitude": -76.47, "frac_class_11": 0.0036655989975230858, "frac_class_21": 0.056213658747957862, "frac_class_22": 0.015242099345930658, "frac_class_23": 0.002008467182348911, "frac_class_24": 0.00029277947264561385, "frac_developed": 0.07375700474888304, "wind_power_index": 57.85403186398667, "wind_resource_pct": 0.34710743801652894, "wind_screening_pct": 0.34710743801652894, "resource_land_adj_oof": 59.60858154296875, "resource_opportunity_oof": -1.7545496789820803 }, "geometry": { "type": "Point", "coordinates": [ -76.47, 42.21 ] } },
{ "type": "Feature", "properties": { "latitude": 42.93, "longitude": -75.48, "frac_class_11": 0.0024422527292320669, "frac_class_21": 0.060874759874431895, "frac_class_22": 0.026642224616970436, "frac_class_23": 0.0053471864311483855, "frac_class_24": 0.00032797638570022957, "frac_developed": 0.093192147308250942, "wind_power_index": 85.110090381745437, "wind_resource_pct": 0.88200183654729114, "wind_screening_pct": 0.88200183654729114, "resource_land_adj_oof": 77.641921997070312, "resource_opportunity_oof": 7.4681683846751241 }, "geometry": { "type": "Point", "coordinates": [ -75.48, 42.93 ] } },
{ "type": "Feature", "properties": { "latitude": 42.57, "longitude": -75.84, "frac_class_11": 0.0044798669508795763, "frac_class_21": 0.044587852240519081, "frac_class_22": 0.015524349394485958, "frac_class_23": 0.0017275303928228432, "frac_class_24": 0.00014640088074769858, "frac_developed": 0.061986132908575582, "wind_power_index": 66.425522004209284, "wind_resource_pct": 0.56657483930211205, "wind_screening_pct": 0.56657483930211205, "resource_land_adj_oof": 68.0086669921875, "resource_opportunity_oof": -1.5831449879782156 }, "geometry": { "type": "Point", "coordinates": [ -75.84, 42.57 ] } },
{ "type": "Feature", "properties": { "latitude": 44.1, "longitude": -73.5, "frac_class_11": 0.10884815834162909, "frac_class_21": 0.03234760203782866, "frac_class_22": 0.022562510979680272, "frac_class_23": 0.0054576330737248933, "frac_class_24": 0.0006441412426070153, "frac_developed": 0.061011887333840845, "wind_power_index": 25.467666745577326, "wind_resource_pct": 0.0073461891643709825, "wind_screening_pct": 0.0073461891643709825, "resource_land_adj_oof": 46.773780822753906, "resource_opportunity_oof": -21.306114077176581 }, "geometry": { "type": "Point", "coordinates": [ -73.5, 44.1 ] } },
{ "type": "Feature", "properties": { "latitude": 42.3, "longitude": -79.17, "frac_class_11": 0.00066761538326393652, "frac_class_21": 0.041942643639792221, "frac_class_22": 0.011121066779107153, "frac_class_23": 0.0013410870418196618, "frac_class_24": 0.00015226315758651182, "frac_developed": 0.05455706061830555, "wind_power_index": 71.721917501322352, "wind_resource_pct": 0.68457300275482091, "wind_screening_pct": 0.68457300275482091, "resource_land_adj_oof": 87.465782165527344, "resource_opportunity_oof": -15.743864664204992 }, "geometry": { "type": "Point", "coordinates": [ -79.17, 42.3 ] } },
{ "type": "Feature", "properties": { "latitude": 42.93, "longitude": -73.95, "frac_class_11": 0.0018094725007027077, "frac_class_21": 0.1028881289234517, "frac_class_22": 0.06880680221118711, "frac_class_23": 0.0096856553921109336, "frac_class_24": 0.0020437084231237704, "frac_developed": 0.1834242949498735, "wind_power_index": 53.766421624639264, "wind_resource_pct": 0.25849403122130393, "wind_screening_pct": 0.25849403122130393, "resource_land_adj_oof": 49.668365478515625, "resource_opportunity_oof": 4.0980561461236391 }, "geometry": { "type": "Point", "coordinates": [ -73.95, 42.93 ] } },
{ "type": "Feature", "properties": { "latitude": 42.57, "longitude": -77.73, "frac_class_11": 0.00077297854398950623, "frac_class_21": 0.06853157500234236, "frac_class_22": 0.054565258127986509, "frac_class_23": 0.014270823573503233, "frac_class_24": 0.0036365126955869953, "frac_developed": 0.14100416939941909, "wind_power_index": 56.686905854396031, "wind_resource_pct": 0.32093663911845732, "wind_screening_pct": 0.32093663911845732, "resource_land_adj_oof": 73.756271362304688, "resource_opportunity_oof": -17.069365507908657 }, "geometry": { "type": "Point", "coordinates": [ -77.73, 42.57 ] } },
{ "type": "Feature", "properties": { "latitude": 42.75, "longitude": -77.37, "frac_class_11": 0.12244097254754989, "frac_class_21": 0.051426496767544273, "frac_class_22": 0.022445657265998314, "frac_class_23": 0.0022076735688185138, "frac_class_24": 0.00012297385927105781, "frac_developed": 0.07620280146163215, "wind_power_index": 74.662614563407942, "wind_resource_pct": 0.72084481175390269, "wind_screening_pct": 0.72084481175390269, "resource_land_adj_oof": 78.02398681640625, "resource_opportunity_oof": -3.3613722529983079 }, "geometry": { "type": "Point", "coordinates": [ -77.37, 42.75 ] } },
{ "type": "Feature", "properties": { "latitude": 42.57, "longitude": -78.36, "frac_class_11": 0.0041167927666252843, "frac_class_21": 0.040588180178491952, "frac_class_22": 0.021438944976692981, "frac_class_23": 0.0034316366447260547, "frac_class_24": 0.00091939753109554706, "frac_developed": 0.066378159331006534, "wind_power_index": 99.313299051597369, "wind_resource_pct": 0.97015610651974293, "wind_screening_pct": 0.97015610651974293, "resource_land_adj_oof": 78.057891845703125, "resource_opportunity_oof": 21.255407205894244 }, "geometry": { "type": "Point", "coordinates": [ -78.36, 42.57 ] } },
{ "type": "Feature", "properties": { "latitude": 43.92, "longitude": -75.66, "frac_class_11": 0.0060900626573754174, "frac_class_21": 0.049130409322480528, "frac_class_22": 0.02280259998828834, "frac_class_23": 0.0054576330737248933, "frac_class_24": 0.00082567195643262867, "frac_developed": 0.078216314340926393, "wind_power_index": 78.694895298638272, "wind_resource_pct": 0.79247015610651972, "wind_screening_pct": 0.79247015610651972, "resource_land_adj_oof": 80.309066772460938, "resource_opportunity_oof": -1.6141714738226653 }, "geometry": { "type": "Point", "coordinates": [ -75.66, 43.92 ] } },
{ "type": "Feature", "properties": { "latitude": 42.3, "longitude": -78.45, "frac_class_11": 0.0028459331264273583, "frac_class_21": 0.058001990982022605, "frac_class_22": 0.017251273642911517, "frac_class_23": 0.0023423317912982375, "frac_class_24": 0.00056215962991157701, "frac_developed": 0.078157756046143931, "wind_power_index": 82.663216701431665, "wind_resource_pct": 0.84251606978879701, "wind_screening_pct": 0.84251606978879701, "resource_land_adj_oof": 77.863807678222656, "resource_opportunity_oof": 4.7994090232090088 }, "geometry": { "type": "Point", "coordinates": [ -78.45, 42.3 ] } },
{ "type": "Feature", "properties": { "latitude": 42.84, "longitude": -77.1, "frac_class_11": 0.00093109324401084519, "frac_class_21": 0.034948204278344178, "frac_class_22": 0.05182500131758478, "frac_class_23": 0.0078996527432115098, "frac_class_24": 0.0014581271557150971, "frac_developed": 0.096130985494855575, "wind_power_index": 80.597730408548188, "wind_resource_pct": 0.81313131313131315, "wind_screening_pct": 0.81313131313131315, "resource_land_adj_oof": 78.472015380859375, "resource_opportunity_oof": 2.1257150276888126 }, "geometry": { "type": "Point", "coordinates": [ -77.1, 42.84 ] } },
{ "type": "Feature", "properties": { "latitude": 42.39, "longitude": -74.04, "frac_class_11": 0.0070453054722638677, "frac_class_21": 0.083366519865067462, "frac_class_22": 0.02495431971514243, "frac_class_23": 0.0053937874812593706, "frac_class_24": 0.0010131652923538231, "frac_developed": 0.11472779235382309, "wind_power_index": 44.947516396093619, "wind_resource_pct": 0.097796143250688708, "wind_screening_pct": 0.097796143250688708, "resource_land_adj_oof": 53.047016143798828, "resource_opportunity_oof": -8.0994997477052095 }, "geometry": { "type": "Point", "coordinates": [ -74.04, 42.39 ] } },
{ "type": "Feature", "properties": { "latitude": 41.94, "longitude": -74.85, "frac_class_11": 0.010405687114983721, "frac_class_21": 0.050874850678097112, "frac_class_22": 0.019845173681868222, "frac_class_23": 0.0059435973110345958, "frac_class_24": 0.00049188391539596653, "frac_developed": 0.077155505586395889, "wind_power_index": 81.319636638193174, "wind_resource_pct": 0.82644628099173556, "wind_screening_pct": 0.82644628099173556, "resource_land_adj_oof": 65.26275634765625, "resource_opportunity_oof": 16.056880290536924 }, "geometry": { "type": "Point", "coordinates": [ -74.85, 41.94 ] } },
{ "type": "Feature", "properties": { "latitude": 42.39, "longitude": -73.5, "frac_class_11": 0.0036482672194699181, "frac_class_21": 0.069890961901081017, "frac_class_22": 0.018809364861857747, "frac_class_23": 0.0049482918145298243, "frac_class_24": 0.00083154726350678711, "frac_developed": 0.094480165840975378, "wind_power_index": 64.177971529199581, "wind_resource_pct": 0.51606978879706156, "wind_screening_pct": 0.51606978879706156, "resource_land_adj_oof": 54.828170776367188, "resource_opportunity_oof": 9.3498007528323939 }, "geometry": { "type": "Point", "coordinates": [ -73.5, 42.39 ] } },
{ "type": "Feature", "properties": { "latitude": 42.12, "longitude": -76.65, "frac_class_11": 0.00087255946873426176, "frac_class_21": 0.054479333809629778, "frac_class_22": 0.0070917417223972544, "frac_class_23": 0.00030451739848444035, "frac_class_24": 1.1712207634016936e-05, "frac_developed": 0.061887305138145485, "wind_power_index": 50.417677026122178, "wind_resource_pct": 0.19100091827364554, "wind_screening_pct": 0.19100091827364554, "resource_land_adj_oof": 61.812889099121094, "resource_opportunity_oof": -11.395212072998916 }, "geometry": { "type": "Point", "coordinates": [ -76.65, 42.12 ] } },
{ "type": "Feature", "properties": { "latitude": 41.85, "longitude": -73.86, "frac_class_11": 0.022755486847961023, "frac_class_21": 0.096128170894526035, "frac_class_22": 0.028833766659639753, "frac_class_23": 0.0046963202398519668, "frac_class_24": 0.00034548989295669078, "frac_developed": 0.13000374768697445, "wind_power_index": 46.354638543279634, "wind_resource_pct": 0.11432506887052342, "wind_screening_pct": 0.11432506887052342, "resource_land_adj_oof": 44.439422607421875, "resource_opportunity_oof": 1.9152159358577592 }, "geometry": { "type": "Point", "coordinates": [ -73.86, 41.85 ] } },
{ "type": "Feature", "properties": { "latitude": 42.03, "longitude": -79.44, "frac_class_11": 0.00078470412555266007, "frac_class_21": 0.053523848563815771, "frac_class_22": 0.011717857874857259, "frac_class_23": 0.0016455362632858022, "frac_class_24": 0.00023424003747840599, "frac_developed": 0.06712148273943723, "wind_power_index": 63.151263593740445, "wind_resource_pct": 0.49449035812672176, "wind_screening_pct": 0.49449035812672176, "resource_land_adj_oof": 79.739959716796875, "resource_opportunity_oof": -16.58869612305643 }, "geometry": { "type": "Point", "coordinates": [ -79.44, 42.03 ] } },
{ "type": "Feature", "properties": { "latitude": 42.39, "longitude": -78.54, "frac_class_11": 0.0083503639376709161, "frac_class_21": 0.050482810313226482, "frac_class_22": 0.021918241387589226, "frac_class_23": 0.0022661927376428082, "frac_class_24": 0.00018738544600664048, "frac_developed": 0.07485462988446516, "wind_power_index": 83.747405269977179, "wind_resource_pct": 0.86042240587695129, "wind_screening_pct": 0.86042240587695129, "resource_land_adj_oof": 78.9993896484375, "resource_opportunity_oof": 4.7480156215396789 }, "geometry": { "type": "Point", "coordinates": [ -78.54, 42.39 ] } },
{ "type": "Feature", "properties": { "latitude": 42.57, "longitude": -74.13, "frac_class_11": 0.008168834286851983, "frac_class_21": 0.050476954518038776, "frac_class_22": 0.01552956883780033, "frac_class_23": 0.001545929929554784, "frac_class_24": 0.00013468328931727283, "frac_developed": 0.067687136574711163, "wind_power_index": 82.561917332479311, "wind_resource_pct": 0.84067952249770428, "wind_screening_pct": 0.84067952249770428, "resource_land_adj_oof": 61.663745880126953, "resource_opportunity_oof": 20.898171452352358 }, "geometry": { "type": "Point", "coordinates": [ -74.13, 42.57 ] } },
{ "type": "Feature", "properties": { "latitude": 42.12, "longitude": -79.71, "frac_class_11": 0.014101085104264876, "frac_class_21": 0.06002330661076203, "frac_class_22": 0.018217805547910311, "frac_class_23": 0.0038122119613274229, "frac_class_24": 0.00024594915879531758, "frac_developed": 0.082299273278795076, "wind_power_index": 84.627094883816142, "wind_resource_pct": 0.86960514233241504, "wind_screening_pct": 0.86960514233241504, "resource_land_adj_oof": 76.351516723632812, "resource_opportunity_oof": 8.2755781601833291 }, "geometry": { "type": "Point", "coordinates": [ -79.71, 42.12 ] } },
{ "type": "Feature", "properties": { "latitude": 43.47, "longitude": -73.41, "frac_class_11": 0.0084559663166771104, "frac_class_21": 0.02987111092892655, "frac_class_22": 0.019529534394818672, "frac_class_23": 0.0056158391258264188, "frac_class_24": 0.00089010171754495891, "frac_developed": 0.055906586167116593, "wind_power_index": 30.572303848575366, "wind_resource_pct": 0.027089072543617997, "wind_screening_pct": 0.027089072543617997, "resource_land_adj_oof": 34.432464599609375, "resource_opportunity_oof": -3.8601607510340088 }, "geometry": { "type": "Point", "coordinates": [ -73.41, 43.47 ] } },
{ "type": "Feature", "properties": { "latitude": 42.3, "longitude": -75.3, "frac_class_11": 0.0089889087991754796, "frac_class_21": 0.058120468945808884, "frac_class_22": 0.025092817071313962, "frac_class_23": 0.0062248925430120746, "frac_class_24": 0.00029279833222069966, "frac_developed": 0.089730976892355624, "wind_power_index": 68.53321845850472, "wind_resource_pct": 0.61662075298438934, "wind_screening_pct": 0.61662075298438934, "resource_land_adj_oof": 59.830902099609375, "resource_opportunity_oof": 8.7023163588953452 }, "geometry": { "type": "Point", "coordinates": [ -75.3, 42.3 ] } },
{ "type": "Feature", "properties": { "latitude": 42.48, "longitude": -78.0, "frac_class_11": 0.0034959711421343577, "frac_class_21": 0.053341375433336453, "frac_class_22": 0.010786564227489928, "frac_class_23": 0.0006265810924763422, "frac_class_24": 5.8558980605265626e-06, "frac_developed": 0.064760376651363263, "wind_power_index": 82.945849075203455, "wind_resource_pct": 0.84618916437098257, "wind_screening_pct": 0.84618916437098257, "resource_land_adj_oof": 80.007644653320312, "resource_opportunity_oof": 2.9382044218831425 }, "geometry": { "type": "Point", "coordinates": [ -78.0, 42.48 ] } },
{ "type": "Feature", "properties": { "latitude": 44.82, "longitude": -73.5, "frac_class_11": 0.0018679767878997265, "frac_class_21": 0.046412489093709194, "frac_class_22": 0.033676283721665604, "frac_class_23": 0.0051237607818566165, "frac_class_24": 0.0008432246315284032, "frac_developed": 0.086055758228759813, "wind_power_index": 71.948296803374546, "wind_resource_pct": 0.68916437098255279, "wind_screening_pct": 0.68916437098255279, "resource_land_adj_oof": 52.095264434814453, "resource_opportunity_oof": 19.853032368560093 }, "geometry": { "type": "Point", "coordinates": [ -73.5, 44.82 ] } },
{ "type": "Feature", "properties": { "latitude": 42.66, "longitude": -74.85, "frac_class_11": 0.0030216610937710449, "frac_class_21": 0.057839043843365523, "frac_class_22": 0.0075541527344276122, "frac_class_23": 0.00094866104106765357, "frac_class_24": 4.6847458818155731e-05, "frac_developed": 0.066388705077678939, "wind_power_index": 59.920619497780294, "wind_resource_pct": 0.40312213039485767, "wind_screening_pct": 0.40312213039485767, "resource_land_adj_oof": 68.050453186035156, "resource_opportunity_oof": -8.1298336882548625 }, "geometry": { "type": "Point", "coordinates": [ -74.85, 42.66 ] } },
{ "type": "Feature", "properties": { "latitude": 42.93, "longitude": -76.11, "frac_class_11": 0.00741950973847253, "frac_class_21": 0.080548821193914474, "frac_class_22": 0.047386482086598035, "frac_class_23": 0.011899324221449235, "frac_class_24": 0.0016103908272138482, "frac_developed": 0.14144501832917558, "wind_power_index": 82.165359501293224, "wind_resource_pct": 0.83562901744719931, "wind_screening_pct": 0.83562901744719931, "resource_land_adj_oof": 72.60491943359375, "resource_opportunity_oof": 9.5604400676994743 }, "geometry": { "type": "Point", "coordinates": [ -76.11, 42.93 ] } },
{ "type": "Feature", "properties": { "latitude": 43.11, "longitude": -76.47, "frac_class_11": 0.075640537612368594, "frac_class_21": 0.061427191004655796, "frac_class_22": 0.033375303797839012, "frac_class_23": 0.0089543497994202213, "frac_class_24": 0.00093115867763755085, "frac_developed": 0.10468800327955258, "wind_power_index": 64.158513382308485, "wind_resource_pct": 0.51515151515151514, "wind_screening_pct": 0.51515151515151514, "resource_land_adj_oof": 68.095863342285156, "resource_opportunity_oof": -3.9373499599766717 }, "geometry": { "type": "Point", "coordinates": [ -76.47, 43.11 ] } },
{ "type": "Feature", "properties": { "latitude": 42.03, "longitude": -76.02, "frac_class_11": 0.0017684605024301692, "frac_class_21": 0.074538853428588153, "frac_class_22": 0.04454529484101423, "frac_class_23": 0.011442290800491889, "frac_class_24": 0.0022076477132985887, "frac_developed": 0.13273408678339285, "wind_power_index": 64.836500661945436, "wind_resource_pct": 0.53076216712580349, "wind_screening_pct": 0.53076216712580349, "resource_land_adj_oof": 55.220977783203125, "resource_opportunity_oof": 9.6155228787423113 }, "geometry": { "type": "Point", "coordinates": [ -76.02, 42.03 ] } },
{ "type": "Feature", "properties": { "latitude": 43.29, "longitude": -75.12, "frac_class_11": 0.054761793226214453, "frac_class_21": 0.061923221061507473, "frac_class_22": 0.022579285145453695, "frac_class_23": 0.005761933761184241, "frac_class_24": 0.00065582985899658027, "frac_developed": 0.090920269827141992, "wind_power_index": 56.255387881843546, "wind_resource_pct": 0.30899908172635443, "wind_screening_pct": 0.30899908172635443, "resource_land_adj_oof": 69.852340698242188, "resource_opportunity_oof": -13.596952816398641 }, "geometry": { "type": "Point", "coordinates": [ -75.12, 43.29 ] } },
{ "type": "Feature", "properties": { "latitude": 42.48, "longitude": -76.11, "frac_class_11": 0.0025061922858464545, "frac_class_21": 0.051839533426632389, "frac_class_22": 0.021735948049210373, "frac_class_23": 0.0024242140335056827, "frac_class_24": 0.00021665680975775425, "frac_developed": 0.076216352319106201, "wind_power_index": 67.827275911540909, "wind_resource_pct": 0.5950413223140496, "wind_screening_pct": 0.5950413223140496, "resource_land_adj_oof": 66.295707702636719, "resource_opportunity_oof": 1.53156820890419 }, "geometry": { "type": "Point", "coordinates": [ -76.11, 42.48 ] } },
{ "type": "Feature", "properties": { "latitude": 42.3, "longitude": -75.57, "frac_class_11": 0.0046728424701652478, "frac_class_21": 0.049908065630599505, "frac_class_22": 0.013286565870682891, "frac_class_23": 0.0010013233864639816, "frac_class_24": 2.9278461592514083e-05, "frac_developed": 0.064225233349338884, "wind_power_index": 60.377821671783195, "wind_resource_pct": 0.40541781450872361, "wind_screening_pct": 0.40541781450872361, "resource_land_adj_oof": 57.566307067871094, "resource_opportunity_oof": 2.8115146039121015 }, "geometry": { "type": "Point", "coordinates": [ -75.57, 42.3 ] } },
{ "type": "Feature", "properties": { "latitude": 41.4, "longitude": -74.49, "frac_class_11": 0.0098261969455635725, "frac_class_21": 0.10620256722570974, "frac_class_22": 0.063331537524594778, "frac_class_23": 0.020442940129298228, "frac_class_24": 0.0059378806333739344, "frac_developed": 0.19591492551297668, "wind_power_index": 41.846208700638208, "wind_resource_pct": 0.072543617998163459, "wind_screening_pct": 0.072543617998163459, "resource_land_adj_oof": 43.6959228515625, "resource_opportunity_oof": -1.8497141509242923 }, "geometry": { "type": "Point", "coordinates": [ -74.49, 41.4 ] } },
{ "type": "Feature", "properties": { "latitude": 42.66, "longitude": -75.39, "frac_class_11": 0.0034786886397976035, "frac_class_21": 0.057738032491186149, "frac_class_22": 0.01541398737364864, "frac_class_23": 0.0030043220070979306, "frac_class_24": 0.00066762711268842896, "frac_developed": 0.076823968984621155, "wind_power_index": 62.994563068567714, "wind_resource_pct": 0.48943985307621674, "wind_screening_pct": 0.48943985307621674, "resource_land_adj_oof": 70.900726318359375, "resource_opportunity_oof": -7.9061632497916605 }, "geometry": { "type": "Point", "coordinates": [ -75.39, 42.66 ] } },
{ "type": "Feature", "properties": { "latitude": 43.02, "longitude": -73.95, "frac_class_11": 0.0011477089737959303, "frac_class_21": 0.078811301419997079, "frac_class_22": 0.038143756404625973, "frac_class_23": 0.0055921534182403745, "frac_class_24": 0.0015810276679841897, "frac_developed": 0.12412823891084762, "wind_power_index": 51.013972037689356, "wind_resource_pct": 0.20844811753902662, "wind_screening_pct": 0.20844811753902662, "resource_land_adj_oof": 48.823078155517578, "resource_opportunity_oof": 2.1908938821717783 }, "geometry": { "type": "Point", "coordinates": [ -73.95, 43.02 ] } },
{ "type": "Feature", "properties": { "latitude": 42.57, "longitude": -77.1, "frac_class_11": 0.14721727724163777, "frac_class_21": 0.055063009463131266, "frac_class_22": 0.038145319966270026, "frac_class_23": 0.0046847184484212498, "frac_class_24": 0.00021081233017895625, "frac_developed": 0.098103860208001506, "wind_power_index": 63.776958048063953, "wind_resource_pct": 0.50459136822773187, "wind_screening_pct": 0.50459136822773187, "resource_land_adj_oof": 60.480323791503906, "resource_opportunity_oof": 3.296634256560047 }, "geometry": { "type": "Point", "coordinates": [ -77.1, 42.57 ] } },
{ "type": "Feature", "properties": { "latitude": 44.82, "longitude": -73.86, "frac_class_11": 0.001165296418616635, "frac_class_21": 0.017649263345279085, "frac_class_22": 0.0055805401353851919, "frac_class_23": 0.0007495373948890919, "frac_class_24": 2.9278804487855151e-05, "frac_developed": 0.024008619680041223, "wind_power_index": 80.316216452682141, "wind_resource_pct": 0.80991735537190079, "wind_screening_pct": 0.80991735537190079, "resource_land_adj_oof": 59.678115844726562, "resource_opportunity_oof": 20.638100607955579 }, "geometry": { "type": "Point", "coordinates": [ -73.86, 44.82 ] } },
{ "type": "Feature", "properties": { "latitude": 44.01, "longitude": -75.66, "frac_class_11": 0.021128203926988234, "frac_class_21": 0.058131840460978995, "frac_class_22": 0.063279204998623856, "frac_class_23": 0.024518788758952255, "frac_class_24": 0.00911768667248356, "frac_developed": 0.15504752089103865, "wind_power_index": 61.761065414840274, "wind_resource_pct": 0.45638200183654731, "wind_screening_pct": 0.45638200183654731, "resource_land_adj_oof": 59.923164367675781, "resource_opportunity_oof": 1.8379010471644932 }, "geometry": { "type": "Point", "coordinates": [ -75.66, 44.01 ] } },
{ "type": "Feature", "properties": { "latitude": 43.38, "longitude": -75.3, "frac_class_11": 0.0040816087511565532, "frac_class_21": 0.036828174226719607, "frac_class_22": 0.0059965098438799292, "frac_class_23": 0.00033379009873159765, "frac_class_24": 5.8559666444139933e-06, "frac_developed": 0.043164330135975551, "wind_power_index": 51.425339324968313, "wind_resource_pct": 0.21120293847566574, "wind_screening_pct": 0.21120293847566574, "resource_land_adj_oof": 63.110729217529297, "resource_opportunity_oof": -11.685389892560984 }, "geometry": { "type": "Point", "coordinates": [ -75.3, 43.38 ] } },
{ "type": "Feature", "properties": { "latitude": 42.39, "longitude": -74.58, "frac_class_11": 0.0043860676473343949, "frac_class_21": 0.053885973952965426, "frac_class_22": 0.01441136512695587, "frac_class_23": 0.0043743558512133419, "frac_class_24": 0.00060315750023423587, "frac_developed": 0.073274852431368873, "wind_power_index": 72.929593753293048, "wind_resource_pct": 0.70064279155188247, "wind_screening_pct": 0.70064279155188247, "resource_land_adj_oof": 72.154136657714844, "resource_opportunity_oof": 0.7754570955782043 }, "geometry": { "type": "Point", "coordinates": [ -74.58, 42.39 ] } },
{ "type": "Feature", "properties": { "latitude": 42.57, "longitude": -75.39, "frac_class_11": 0.0086963650950744025, "frac_class_21": 0.050655594661544498, "frac_class_22": 0.015167397707907542, "frac_class_23": 0.0016865677760144295, "frac_class_24": 0.00014640345277903033, "frac_developed": 0.067655963598245494, "wind_power_index": 58.759135374473644, "wind_resource_pct": 0.3640955004591368, "wind_screening_pct": 0.3640955004591368, "resource_land_adj_oof": 69.2080078125, "resource_opportunity_oof": -10.448872438026356 }, "geometry": { "type": "Point", "coordinates": [ -75.39, 42.57 ] } },
{ "type": "Feature", "properties": { "latitude": 42.03, "longitude": -79.71, "frac_class_11": 0.00025766102349985653, "frac_class_21": 0.059303026931432891, "frac_class_22": 0.011735288433948011, "frac_class_23": 0.0028167034614416135, "frac_class_24": 0.00037477967054524585, "frac_developed": 0.074229798497367758, "wind_power_index": 77.055614000583276, "wind_resource_pct": 0.76905417814508725, "wind_screening_pct": 0.76905417814508725, "resource_land_adj_oof": 66.179176330566406, "resource_opportunity_oof": 10.87643767001687 }, "geometry": { "type": "Point", "coordinates": [ -79.71, 42.03 ] } },
{ "type": "Feature", "properties": { "latitude": 43.02, "longitude": -76.92, "frac_class_11": 0.0061428010938753518, "frac_class_21": 0.045470782167723649, "frac_class_22": 0.043760869947121549, "frac_class_23": 0.0053112684386510435, "frac_class_24": 0.0013644162582201688, "frac_developed": 0.095907336811716412, "wind_power_index": 62.485827823393322, "wind_resource_pct": 0.48025711662075299, "wind_screening_pct": 0.48025711662075299, "resource_land_adj_oof": 65.984481811523438, "resource_opportunity_oof": -3.4986539881301155 }, "geometry": { "type": "Point", "coordinates": [ -76.92, 43.02 ] } },
{ "type": "Feature", "properties": { "latitude": 42.39, "longitude": -78.72, "frac_class_11": 0.0041694482508227637, "frac_class_21": 0.048235597250038065, "frac_class_22": 0.016531393837180705, "frac_class_23": 0.0012473208952601806, "frac_class_24": 5.2703699799725939e-05, "frac_developed": 0.066067015682278671, "wind_power_index": 85.106398062383036, "wind_resource_pct": 0.8801652892561983, "wind_screening_pct": 0.8801652892561983, "resource_land_adj_oof": 78.977310180664062, "resource_opportunity_oof": 6.1290878817189736 }, "geometry": { "type": "Point", "coordinates": [ -78.72, 42.39 ] } },
{ "type": "Feature", "properties": { "latitude": 42.93, "longitude": -76.02, "frac_class_11": 0.0067755914734129773, "frac_class_21": 0.075345514171937217, "frac_class_22": 0.031529632232372921, "frac_class_23": 0.0021609276177090653, "frac_class_24": 9.9554930897165615e-05, "frac_developed": 0.10913562895291638, "wind_power_index": 88.090634993577154, "wind_resource_pct": 0.91597796143250687, "wind_screening_pct": 0.91597796143250687, "resource_land_adj_oof": 73.736442565917969, "resource_opportunity_oof": 14.354192427659186 }, "geometry": { "type": "Point", "coordinates": [ -76.02, 42.93 ] } },
{ "type": "Feature", "properties": { "latitude": 42.48, "longitude": -75.39, "frac_class_11": 0.0036188178528347406, "frac_class_21": 0.055693489641280292, "frac_class_22": 0.016255401876163818, "frac_class_23": 0.0022720086195790927, "frac_class_24": 0.00011711384637005633, "frac_developed": 0.07433801398339325, "wind_power_index": 52.859700536824597, "wind_resource_pct": 0.23461891643709826, "wind_screening_pct": 0.23461891643709826, "resource_land_adj_oof": 61.523342132568359, "resource_opportunity_oof": -8.663641595743762 }, "geometry": { "type": "Point", "coordinates": [ -75.39, 42.48 ] } },
{ "type": "Feature", "properties": { "latitude": 42.48, "longitude": -73.5, "frac_class_11": 0.0056626865846445742, "frac_class_21": 0.058857976072660412, "frac_class_22": 0.014505144436571469, "frac_class_23": 0.0033554492378504042, "frac_class_24": 0.00066757628815871924, "frac_developed": 0.077386146035241007, "wind_power_index": 60.413786226833608, "wind_resource_pct": 0.40909090909090912, "wind_screening_pct": 0.40909090909090912, "resource_land_adj_oof": 51.424007415771484, "resource_opportunity_oof": 8.9897788110621235 }, "geometry": { "type": "Point", "coordinates": [ -73.5, 42.48 ] } },
{ "type": "Feature", "properties": { "latitude": 44.73, "longitude": -74.85, "frac_class_11": 0.0083560729385035188, "frac_class_21": 0.044520828697576911, "frac_class_22": 0.013339267101549417, "frac_class_23": 0.00072610584749434922, "frac_class_24": 1.1711384637005633e-05, "frac_developed": 0.058597913031257685, "wind_power_index": 50.02812490299209, "wind_resource_pct": 0.18181818181818182, "wind_screening_pct": 0.18181818181818182, "resource_land_adj_oof": 48.382274627685547, "resource_opportunity_oof": 1.6458502753065432 }, "geometry": { "type": "Point", "coordinates": [ -74.85, 44.73 ] } },
{ "type": "Feature", "properties": { "latitude": 42.57, "longitude": -78.45, "frac_class_11": 0.003947060201452331, "frac_class_21": 0.048600374795033964, "frac_class_22": 0.040782384633403605, "frac_class_23": 0.010587959709533849, "frac_class_24": 0.0024537362379948467, "frac_developed": 0.10242445537596627, "wind_power_index": 85.561818038023773, "wind_resource_pct": 0.88705234159779611, "wind_screening_pct": 0.88705234159779611, "resource_land_adj_oof": 77.509468078613281, "resource_opportunity_oof": 8.0523499594104919 }, "geometry": { "type": "Point", "coordinates": [ -78.45, 42.57 ] } },
{ "type": "Feature", "properties": { "latitude": 42.66, "longitude": -78.09, "frac_class_11": 0.018796442143848409, "frac_class_21": 0.053549365546882777, "frac_class_22": 0.036931202679517737, "frac_class_23": 0.0056506438220603481, "frac_class_24": 0.0015107420788513675, "frac_developed": 0.097641954127312233, "wind_power_index": 85.607685007078118, "wind_resource_pct": 0.88842975206611574, "wind_screening_pct": 0.88842975206611574, "resource_land_adj_oof": 74.396965026855469, "resource_opportunity_oof": 11.210719980222649 }, "geometry": { "type": "Point", "coordinates": [ -78.09, 42.66 ] } },
{ "type": "Feature", "properties": { "latitude": 42.84, "longitude": -77.55, "frac_class_11": 0.0010540493060842069, "frac_class_21": 0.046606546817356681, "frac_class_22": 0.032154359665046553, "frac_class_23": 0.0039819640452070032, "frac_class_24": 0.00073783451425894482, "frac_developed": 0.083480705041869191, "wind_power_index": 89.93867746194293, "wind_resource_pct": 0.93388429752066116, "wind_screening_pct": 0.93388429752066116, "resource_land_adj_oof": 97.861053466796875, "resource_opportunity_oof": -7.9223760048539447 }, "geometry": { "type": "Point", "coordinates": [ -77.55, 42.84 ] } },
{ "type": "Feature", "properties": { "latitude": 44.82, "longitude": -73.95, "frac_class_11": 0.027035256504095984, "frac_class_21": 0.031257136499645739, "frac_class_22": 0.011992247199564343, "frac_class_23": 0.0010422949226183854, "frac_class_24": 2.3422357811649108e-05, "frac_developed": 0.044315100979640115, "wind_power_index": 77.482236344477229, "wind_resource_pct": 0.78191000918273645, "wind_screening_pct": 0.78191000918273645, "resource_land_adj_oof": 63.153903961181641, "resource_opportunity_oof": 14.328332383295589 }, "geometry": { "type": "Point", "coordinates": [ -73.95, 44.82 ] } },
{ "type": "Feature", "properties": { "latitude": 42.3, "longitude": -77.37, "frac_class_11": 0.0044621159330331265, "frac_class_21": 0.047484643177120235, "frac_class_22": 0.043303605413097072, "frac_class_23": 0.014867863981589379, "frac_class_24": 0.0028049258949118996, "frac_developed": 0.10846103846671858, "wind_power_index": 62.681576428707615, "wind_resource_pct": 0.48576675849403123, "wind_screening_pct": 0.48576675849403123, "resource_land_adj_oof": 63.189029693603516, "resource_opportunity_oof": -0.5074532648959007 }, "geometry": { "type": "Point", "coordinates": [ -77.37, 42.3 ] } },
{ "type": "Feature", "properties": { "latitude": 44.19, "longitude": -76.2, "frac_class_11": 0.27382585165140677, "frac_class_21": 0.035333802869110725, "frac_class_22": 0.023256848426437337, "frac_class_23": 0.0038996181932757536, "frac_class_24": 0.00054120176446602667, "frac_developed": 0.063031471253289839, "wind_power_index": 72.50611685548435, "wind_resource_pct": 0.69834710743801653, "wind_screening_pct": 0.69834710743801653, "resource_land_adj_oof": 116.65290069580078, "resource_opportunity_oof": -44.146783840316431 }, "geometry": { "type": "Point", "coordinates": [ -76.2, 44.19 ] } },
{ "type": "Feature", "properties": { "latitude": 44.73, "longitude": -74.58, "frac_class_11": 0.0030801302321223621, "frac_class_21": 0.044082168036914719, "frac_class_22": 0.011887194622069192, "frac_class_23": 0.0016044784859344623, "frac_class_24": 8.198065256599443e-05, "frac_developed": 0.057655821797484366, "wind_power_index": 67.917198726281427, "wind_resource_pct": 0.59779614325068875, "wind_screening_pct": 0.59779614325068875, "resource_land_adj_oof": 54.813423156738281, "resource_opportunity_oof": 13.103775569543146 }, "geometry": { "type": "Point", "coordinates": [ -74.58, 44.73 ] } },
{ "type": "Feature", "properties": { "latitude": 42.66, "longitude": -74.49, "frac_class_11": 0.0037361723558382086, "frac_class_21": 0.070208417514332724, "frac_class_22": 0.038544649602080074, "frac_class_23": 0.020953016754214907, "frac_class_24": 0.0038591498158266134, "frac_developed": 0.13356523368645432, "wind_power_index": 59.910898471638276, "wind_resource_pct": 0.4017447199265381, "wind_screening_pct": 0.4017447199265381, "resource_land_adj_oof": 59.194648742675781, "resource_opportunity_oof": 0.71624972896249517 }, "geometry": { "type": "Point", "coordinates": [ -74.49, 42.66 ] } },
{ "type": "Feature", "properties": { "latitude": 42.39, "longitude": -78.36, "frac_class_11": 0.0022662192786747008, "frac_class_21": 0.052556377328437834, "frac_class_22": 0.0076770374014018938, "frac_class_23": 0.00043918978268889551, "frac_class_24": 5.8558637691852735e-06, "frac_developed": 0.060678460376297809, "wind_power_index": 88.124197210065191, "wind_resource_pct": 0.9173553719008265, "wind_screening_pct": 0.9173553719008265, "resource_land_adj_oof": 83.926773071289062, "resource_opportunity_oof": 4.1974241387761282 }, "geometry": { "type": "Point", "coordinates": [ -78.36, 42.39 ] } },
{ "type": "Feature", "properties": { "latitude": 42.93, "longitude": -77.46, "frac_class_11": 0.0022603898879760141, "frac_class_21": 0.06702114577172405, "frac_class_22": 0.058172831987444884, "frac_class_23": 0.0085847968284270375, "frac_class_24": 0.0013937118998401331, "frac_developed": 0.1351724864874361, "wind_power_index": 83.458245614292153, "wind_resource_pct": 0.85491276400367311, "wind_screening_pct": 0.85491276400367311, "resource_land_adj_oof": 90.786216735839844, "resource_opportunity_oof": -7.3279711215476908 }, "geometry": { "type": "Point", "coordinates": [ -77.46, 42.93 ] } },
{ "type": "Feature", "properties": { "latitude": 42.75, "longitude": -76.2, "frac_class_11": 0.027003285370438692, "frac_class_21": 0.052987578840106117, "frac_class_22": 0.022552516148679116, "frac_class_23": 0.0028344372412258357, "frac_class_24": 0.00053292105155279144, "frac_developed": 0.078907453281563872, "wind_power_index": 75.678417994855465, "wind_resource_pct": 0.74471992653810837, "wind_screening_pct": 0.74471992653810837, "resource_land_adj_oof": 79.734466552734375, "resource_opportunity_oof": -4.0560485578789098 }, "geometry": { "type": "Point", "coordinates": [ -76.2, 42.75 ] } },
{ "type": "Feature", "properties": { "latitude": 41.67, "longitude": -75.03, "frac_class_11": 0.01885532926557907, "frac_class_21": 0.06368650965603663, "frac_class_22": 0.012355510792040943, "frac_class_23": 0.0019440898497429351, "frac_class_24": 0.00016981507723658169, "frac_developed": 0.078155925375057098, "wind_power_index": 51.786891678220641, "wind_resource_pct": 0.21671258034894397, "wind_screening_pct": 0.21671258034894397, "resource_land_adj_oof": 50.798561096191406, "resource_opportunity_oof": 0.98833058202923496 }, "geometry": { "type": "Point", "coordinates": [ -75.03, 41.67 ] } },
{ "type": "Feature", "properties": { "latitude": 42.21, "longitude": -74.58, "frac_class_11": 0.0012589664763577807, "frac_class_21": 0.061648367735324255, "frac_class_22": 0.01314595227638706, "frac_class_23": 0.0018035426731078906, "frac_class_24": 0.00018738105694627433, "frac_developed": 0.076785243741765472, "wind_power_index": 64.323305977334584, "wind_resource_pct": 0.52112029384756653, "wind_screening_pct": 0.52112029384756653, "resource_land_adj_oof": 72.959449768066406, "resource_opportunity_oof": -8.6361437907318219 }, "geometry": { "type": "Point", "coordinates": [ -74.58, 42.21 ] } },
{ "type": "Feature", "properties": { "latitude": 42.75, "longitude": -73.5, "frac_class_11": 0.017662629717257374, "frac_class_21": 0.046475672889971655, "frac_class_22": 0.013405092646817681, "frac_class_23": 0.0022078287146571718, "frac_class_24": 0.0003572348848649535, "frac_developed": 0.062445829136311456, "wind_power_index": 66.781610608415548, "wind_resource_pct": 0.57759412304866853, "wind_screening_pct": 0.57759412304866853, "resource_land_adj_oof": 53.050743103027344, "resource_opportunity_oof": 13.730867505388204 }, "geometry": { "type": "Point", "coordinates": [ -73.5, 42.75 ] } },
{ "type": "Feature", "properties": { "latitude": 41.94, "longitude": -74.22, "frac_class_11": 0.14031584679615175, "frac_class_21": 0.058449809402795427, "frac_class_22": 0.011400699149192816, "frac_class_23": 0.0018035004303807846, "frac_class_24": 0.00016395458458007132, "frac_developed": 0.071817963566949097, "wind_power_index": 23.894233129825562, "wind_resource_pct": 0.002295684113865932, "wind_screening_pct": 0.002295684113865932, "resource_land_adj_oof": 50.894756317138672, "resource_opportunity_oof": -27.00052318731311 }, "geometry": { "type": "Point", "coordinates": [ -74.22, 41.94 ] } },
{ "type": "Feature", "properties": { "latitude": 44.46, "longitude": -75.48, "frac_class_11": 0.02977724163777757, "frac_class_21": 0.03088400637121709, "frac_class_22": 0.00616626065773447, "frac_class_23": 0.00050946313126581098, "frac_class_24": 2.9279490302632813e-05, "frac_developed": 0.037589009650520006, "wind_power_index": 46.466302708069946, "wind_resource_pct": 0.12075298438934802, "wind_screening_pct": 0.12075298438934802, "resource_land_adj_oof": 46.982292175292969, "resource_opportunity_oof": -0.5159894672230223 }, "geometry": { "type": "Point", "coordinates": [ -75.48, 44.46 ] } },
{ "type": "Feature", "properties": { "latitude": 42.48, "longitude": -73.95, "frac_class_11": 0.044606835655020174, "frac_class_21": 0.05843741399804428, "frac_class_22": 0.019498656173696137, "frac_class_23": 0.0022133609710682104, "frac_class_24": 0.00016395266452357113, "frac_developed": 0.080313383807332203, "wind_power_index": 60.572306874519867, "wind_resource_pct": 0.41551882460973372, "wind_screening_pct": 0.41551882460973372, "resource_land_adj_oof": 46.158767700195312, "resource_opportunity_oof": 14.413539174324555 }, "geometry": { "type": "Point", "coordinates": [ -73.95, 42.48 ] } },
{ "type": "Feature", "properties": { "latitude": 42.03, "longitude": -75.75, "frac_class_11": 0.012010024945249278, "frac_class_21": 0.07117594013140173, "frac_class_22": 0.048649091782121401, "frac_class_23": 0.012443346176818484, "frac_class_24": 0.0035602609296497127, "frac_developed": 0.13582863901999132, "wind_power_index": 57.646918916343566, "wind_resource_pct": 0.34435261707988979, "wind_screening_pct": 0.34435261707988979, "resource_land_adj_oof": 58.857265472412109, "resource_opportunity_oof": -1.2103465560685436 }, "geometry": { "type": "Point", "coordinates": [ -75.75, 42.03 ] } },
{ "type": "Feature", "properties": { "latitude": 42.39, "longitude": -76.65, "frac_class_11": 0.0021491775150354587, "frac_class_21": 0.060229675046702152, "frac_class_22": 0.019852075683842518, "frac_class_23": 0.0022135942797912897, "frac_class_24": 0.00014640173808143451, "frac_developed": 0.082441746748417394, "wind_power_index": 66.175211268960354, "wind_resource_pct": 0.56106519742883376, "wind_screening_pct": 0.56106519742883376, "resource_land_adj_oof": 61.342838287353516, "resource_opportunity_oof": 4.8323729816068379 }, "geometry": { "type": "Point", "coordinates": [ -76.65, 42.39 ] } },
{ "type": "Feature", "properties": { "latitude": 44.46, "longitude": -75.3, "frac_class_11": 0.0068105689723829375, "frac_class_21": 0.044839661755405123, "frac_class_22": 0.017749642781850976, "frac_class_23": 0.0025180951488604155, "frac_class_24": 0.00033379400810475276, "frac_developed": 0.065441193694221272, "wind_power_index": 47.732515854015944, "wind_resource_pct": 0.14646464646464646, "wind_screening_pct": 0.14646464646464646, "resource_land_adj_oof": 48.836639404296875, "resource_opportunity_oof": -1.1041235502809315 }, "geometry": { "type": "Point", "coordinates": [ -75.3, 44.46 ] } },
{ "type": "Feature", "properties": { "latitude": 43.2, "longitude": -75.75, "frac_class_11": 0.3565393061045235, "frac_class_21": 0.044748938661982138, "frac_class_22": 0.028932806324110671, "frac_class_23": 0.0062187088274044799, "frac_class_24": 0.00091933831064265842, "frac_developed": 0.08081979212413995, "wind_power_index": 57.282228630145795, "wind_resource_pct": 0.33608815426997246, "wind_screening_pct": 0.33608815426997246, "resource_land_adj_oof": 70.142120361328125, "resource_opportunity_oof": -12.85989173118233 }, "geometry": { "type": "Point", "coordinates": [ -75.75, 43.2 ] } },
{ "type": "Feature", "properties": { "latitude": 42.3, "longitude": -78.54, "frac_class_11": 0.00080808553995338869, "frac_class_21": 0.045088830852471687, "frac_class_22": 0.01160012648295408, "frac_class_23": 0.00045088830852471688, "frac_class_24": 2.3422769274011266e-05, "frac_developed": 0.057163268413224499, "wind_power_index": 77.983372337489499, "wind_resource_pct": 0.78787878787878785, "wind_screening_pct": 0.78787878787878785, "resource_land_adj_oof": 79.710380554199219, "resource_opportunity_oof": -1.72700821670972 }, "geometry": { "type": "Point", "coordinates": [ -78.54, 42.3 ] } },
{ "type": "Feature", "properties": { "latitude": 42.75, "longitude": -76.56, "frac_class_11": 0.01047620163028202, "frac_class_21": 0.04655438958118617, "frac_class_22": 0.025613698116743185, "frac_class_23": 0.0045383209969080858, "frac_class_24": 0.00043333645647896562, "frac_developed": 0.077139745151316413, "wind_power_index": 96.241193338195046, "wind_resource_pct": 0.95959595959595956, "wind_screening_pct": 0.95959595959595956, "resource_land_adj_oof": 74.984619140625, "resource_opportunity_oof": 21.256574197570046 }, "geometry": { "type": "Point", "coordinates": [ -76.56, 42.75 ] } },
{ "type": "Feature", "properties": { "latitude": 44.91, "longitude": -73.5, "frac_class_11": 0.0033378814407935961, "frac_class_21": 0.041869916318726684, "frac_class_22": 0.026855305767507772, "frac_class_23": 0.004339245873031675, "frac_class_24": 0.00064415255874964133, "frac_developed": 0.073708620518015772, "wind_power_index": 48.621397890541246, "wind_resource_pct": 0.16253443526170799, "wind_screening_pct": 0.16253443526170799, "resource_land_adj_oof": 51.586181640625, "resource_opportunity_oof": -2.9647837500837539 }, "geometry": { "type": "Point", "coordinates": [ -73.5, 44.91 ] } },
{ "type": "Feature", "properties": { "latitude": 42.39, "longitude": -78.45, "frac_class_11": 0.0097496706192358364, "frac_class_21": 0.061507831942614555, "frac_class_22": 0.028944517640169812, "frac_class_23": 0.0047782169521299956, "frac_class_24": 0.00084907041428780561, "frac_developed": 0.096079636949202171, "wind_power_index": 84.085519788038923, "wind_resource_pct": 0.86593204775022958, "wind_screening_pct": 0.86593204775022958, "resource_land_adj_oof": 84.312385559082031, "resource_opportunity_oof": -0.22686577104310857 }, "geometry": { "type": "Point", "coordinates": [ -78.45, 42.39 ] } },
{ "type": "Feature", "properties": { "latitude": 42.75, "longitude": -76.65, "frac_class_11": 0.11745896022817118, "frac_class_21": 0.046682557438110908, "frac_class_22": 0.023613608278818615, "frac_class_23": 0.0044392646516231427, "frac_class_24": 0.00039238882804584508, "frac_developed": 0.075127819196598514, "wind_power_index": 81.232764492216205, "wind_resource_pct": 0.82415059687786962, "wind_screening_pct": 0.82415059687786962, "resource_land_adj_oof": 74.42376708984375, "resource_opportunity_oof": 6.8089974023724551 }, "geometry": { "type": "Point", "coordinates": [ -76.65, 42.75 ] } },
{ "type": "Feature", "properties": { "latitude": 42.3, "longitude": -76.83, "frac_class_11": 0.0010833221097258903, "frac_class_21": 0.063266011207991996, "frac_class_22": 0.030795626892153819, "frac_class_23": 0.0063008356219732857, "frac_class_24": 0.001182870627916918, "frac_developed": 0.10154534435003601, "wind_power_index": 51.565847248515098, "wind_resource_pct": 0.21212121212121213, "wind_screening_pct": 0.21212121212121213, "resource_land_adj_oof": 66.752723693847656, "resource_opportunity_oof": -15.186876445332558 }, "geometry": { "type": "Point", "coordinates": [ -76.83, 42.3 ] } },
{ "type": "Feature", "properties": { "latitude": 43.38, "longitude": -76.56, "frac_class_11": 0.032839684017591013, "frac_class_21": 0.083440202847120962, "frac_class_22": 0.028845984927006657, "frac_class_23": 0.0036423472644332403, "frac_class_24": 0.001200452072682981, "frac_developed": 0.11712898711124384, "wind_power_index": 75.72746770359997, "wind_resource_pct": 0.74563820018365468, "wind_screening_pct": 0.74563820018365468, "resource_land_adj_oof": 76.93658447265625, "resource_opportunity_oof": -1.2091167690562798 }, "geometry": { "type": "Point", "coordinates": [ -76.56, 43.38 ] } },
{ "type": "Feature", "properties": { "latitude": 43.2, "longitude": -73.5, "frac_class_11": 0.021777829829595363, "frac_class_21": 0.052386250512385081, "frac_class_22": 0.021338642618726943, "frac_class_23": 0.0027288165368624467, "frac_class_24": 0.00015810739591263102, "frac_developed": 0.076611817063887103, "wind_power_index": 38.779076234429589, "wind_resource_pct": 0.062442607897153349, "wind_screening_pct": 0.062442607897153349, "resource_land_adj_oof": 47.654880523681641, "resource_opportunity_oof": -8.8758042892520521 }, "geometry": { "type": "Point", "coordinates": [ -73.5, 43.2 ] } },
{ "type": "Feature", "properties": { "latitude": 44.55, "longitude": -74.94, "frac_class_11": 0.03567392208187669, "frac_class_21": 0.052849170516897095, "frac_class_22": 0.019265791800619551, "frac_class_23": 0.0017333356756788409, "frac_class_24": 3.5135182615111639e-05, "frac_developed": 0.073883433175810587, "wind_power_index": 65.047951081751222, "wind_resource_pct": 0.53719008264462809, "wind_screening_pct": 0.53719008264462809, "resource_land_adj_oof": 59.827541351318359, "resource_opportunity_oof": 5.2204097304328627 }, "geometry": { "type": "Point", "coordinates": [ -74.94, 44.55 ] } },
{ "type": "Feature", "properties": { "latitude": 43.47, "longitude": -73.32, "frac_class_11": 0.0063070607457206274, "frac_class_21": 0.050427205275209212, "frac_class_22": 0.021257781343515206, "frac_class_23": 0.0040700159872570432, "frac_class_24": 0.0007378734020063129, "frac_developed": 0.076492876007987765, "wind_power_index": 30.572303848575366, "wind_resource_pct": 0.027089072543617997, "wind_screening_pct": 0.027089072543617997, "resource_land_adj_oof": 42.18072509765625, "resource_opportunity_oof": -11.608421249080884 }, "geometry": { "type": "Point", "coordinates": [ -73.32, 43.47 ] } },
{ "type": "Feature", "properties": { "latitude": 42.21, "longitude": -76.92, "frac_class_11": 0.00055639177008720705, "frac_class_21": 0.079681158231962659, "frac_class_22": 0.043099863537597441, "frac_class_23": 0.013042994441939055, "frac_class_24": 0.0054467825913800273, "frac_developed": 0.14127079880287918, "wind_power_index": 52.885397529056398, "wind_resource_pct": 0.23645546372819101, "wind_screening_pct": 0.23645546372819101, "resource_land_adj_oof": 60.758811950683594, "resource_opportunity_oof": -7.8734144216271957 }, "geometry": { "type": "Point", "coordinates": [ -76.92, 42.21 ] } },
{ "type": "Feature", "properties": { "latitude": 42.84, "longitude": -75.39, "frac_class_11": 0.0021024397671504033, "frac_class_21": 0.048402965669911098, "frac_class_22": 0.013024585075605843, "frac_class_23": 0.00086088759267718474, "frac_class_24": 2.3425512725909788e-05, "frac_developed": 0.062311863850920031, "wind_power_index": 74.151207296602166, "wind_resource_pct": 0.71671258034894403, "wind_screening_pct": 0.71671258034894403, "resource_land_adj_oof": 73.284469604492188, "resource_opportunity_oof": 0.86673769210997875 }, "geometry": { "type": "Point", "coordinates": [ -75.39, 42.84 ] } },
{ "type": "Feature", "properties": { "latitude": 42.84, "longitude": -75.21, "frac_class_11": 0.0014463560026701956, "frac_class_21": 0.049105835782964617, "frac_class_22": 0.017473385878412406, "frac_class_23": 0.0030918055441694872, "frac_class_24": 0.00033963015447316337, "frac_developed": 0.070010657360019685, "wind_power_index": 79.72912380105366, "wind_resource_pct": 0.80257116620752988, "wind_screening_pct": 0.80257116620752988, "resource_land_adj_oof": 73.274627685546875, "resource_opportunity_oof": 6.4544961155067853 }, "geometry": { "type": "Point", "coordinates": [ -75.21, 42.84 ] } },
{ "type": "Feature", "properties": { "latitude": 43.29, "longitude": -73.32, "frac_class_11": 0.0034316768367669624, "frac_class_21": 0.048277719867417808, "frac_class_22": 0.0084854944308452706, "frac_class_23": 0.00071444466567503306, "frac_class_24": 8.198545343811855e-05, "frac_developed": 0.057559644417376231, "wind_power_index": 46.945700982132138, "wind_resource_pct": 0.13131313131313133, "wind_screening_pct": 0.13131313131313133, "resource_land_adj_oof": 58.620273590087891, "resource_opportunity_oof": -11.674572607955753 }, "geometry": { "type": "Point", "coordinates": [ -73.32, 43.29 ] } },
{ "type": "Feature", "properties": { "latitude": 42.3, "longitude": -78.0, "frac_class_11": 0.0018504962960794074, "frac_class_21": 0.05699060111849618, "frac_class_22": 0.026041636166661785, "frac_class_23": 0.0020905923344947735, "frac_class_24": 5.2704008432641347e-05, "frac_developed": 0.085175533628085373, "wind_power_index": 68.29351703168274, "wind_resource_pct": 0.60697887970615239, "wind_screening_pct": 0.60697887970615239, "resource_land_adj_oof": 75.027366638183594, "resource_opportunity_oof": -6.7338496065008542 }, "geometry": { "type": "Point", "coordinates": [ -78.0, 42.3 ] } },
{ "type": "Feature", "properties": { "latitude": 44.91, "longitude": -74.22, "frac_class_11": 0.00011711864704538933, "frac_class_21": 0.048317297838575371, "frac_class_22": 0.017421398748001662, "frac_class_23": 0.0029103983790779251, "frac_class_24": 0.00026351695585212601, "frac_developed": 0.068912611921507091, "wind_power_index": 65.54440794799558, "wind_resource_pct": 0.5505050505050505, "wind_screening_pct": 0.5505050505050505, "resource_land_adj_oof": 58.613616943359375, "resource_opportunity_oof": 6.9307910046362053 }, "geometry": { "type": "Point", "coordinates": [ -74.22, 44.91 ] } },
{ "type": "Feature", "properties": { "latitude": 42.39, "longitude": -74.49, "frac_class_11": 0.033513500852038157, "frac_class_21": 0.045084823180122621, "frac_class_22": 0.01284205964852694, "frac_class_23": 0.0030040932967142363, "frac_class_24": 0.00022252542938623973, "frac_developed": 0.061153501554750044, "wind_power_index": 77.16174609386826, "wind_resource_pct": 0.77548209366391185, "wind_screening_pct": 0.77548209366391185, "resource_land_adj_oof": 59.358364105224609, "resource_opportunity_oof": 17.80338198864365 }, "geometry": { "type": "Point", "coordinates": [ -74.49, 42.39 ] } },
{ "type": "Feature", "properties": { "latitude": 42.12, "longitude": -75.03, "frac_class_11": 0.0023890245402006078, "frac_class_21": 0.037632991960463984, "frac_class_22": 0.0098430153237186804, "frac_class_23": 0.002096251924979945, "frac_class_24": 0.00029277261522066273, "frac_developed": 0.049865031824383274, "wind_power_index": 61.875787735235221, "wind_resource_pct": 0.46189164370982555, "wind_screening_pct": 0.46189164370982555, "resource_land_adj_oof": 66.219474792480469, "resource_opportunity_oof": -4.3436870572452477 }, "geometry": { "type": "Point", "coordinates": [ -75.03, 42.12 ] } },
{ "type": "Feature", "properties": { "latitude": 42.93, "longitude": -74.49, "frac_class_11": 0.015892535076007776, "frac_class_21": 0.053908134823038904, "frac_class_22": 0.0302391492750568, "frac_class_23": 0.0096034478720164896, "frac_class_24": 0.001171152179514206, "frac_developed": 0.094921884149626393, "wind_power_index": 56.591361857912041, "wind_resource_pct": 0.31864095500459139, "wind_screening_pct": 0.31864095500459139, "resource_land_adj_oof": 55.482391357421875, "resource_opportunity_oof": 1.108970500490166 }, "geometry": { "type": "Point", "coordinates": [ -74.49, 42.93 ] } },
{ "type": "Feature", "properties": { "latitude": 42.84, "longitude": -76.74, "frac_class_11": 0.2822099900450899, "frac_class_21": 0.04123675118580547, "frac_class_22": 0.039497569830766528, "frac_class_23": 0.0052175440651168236, "frac_class_24": 0.00060900626573754172, "frac_developed": 0.086560871347426349, "wind_power_index": 64.85155816948874, "wind_resource_pct": 0.532139577594123, "wind_screening_pct": 0.532139577594123, "resource_land_adj_oof": 100.58335876464844, "resource_opportunity_oof": -35.731800595159697 }, "geometry": { "type": "Point", "coordinates": [ -76.74, 42.84 ] } },
{ "type": "Feature", "properties": { "latitude": 43.56, "longitude": -73.59, "frac_class_11": 0.25752598448250624, "frac_class_21": 0.021361440491875276, "frac_class_22": 0.010692431561996779, "frac_class_23": 0.0033025911286780852, "frac_class_24": 0.00031620553359683795, "frac_developed": 0.03567266871614698, "wind_power_index": 29.756484400163334, "wind_resource_pct": 0.02157943067033976, "wind_screening_pct": 0.02157943067033976, "resource_land_adj_oof": 48.696437835693359, "resource_opportunity_oof": -18.939953435530025 }, "geometry": { "type": "Point", "coordinates": [ -73.59, 43.56 ] } },
{ "type": "Feature", "properties": { "latitude": 42.21, "longitude": -75.3, "frac_class_11": 0.0036072754529590197, "frac_class_21": 0.0531897450312123, "frac_class_22": 0.0095686494969724652, "frac_class_23": 0.0010013702961947928, "frac_class_24": 3.5135799866483962e-05, "frac_developed": 0.063794900624246045, "wind_power_index": 71.566514659077072, "wind_resource_pct": 0.68273645546372819, "wind_screening_pct": 0.68273645546372819, "resource_land_adj_oof": 63.981544494628906, "resource_opportunity_oof": 7.5849701644481655 }, "geometry": { "type": "Point", "coordinates": [ -75.3, 42.21 ] } },
{ "type": "Feature", "properties": { "latitude": 42.75, "longitude": -74.49, "frac_class_11": 0.0043215009310550783, "frac_class_21": 0.050973801632567019, "frac_class_22": 0.018445430803283872, "frac_class_23": 0.0027521753896963238, "frac_class_24": 5.2701230866525349e-05, "frac_developed": 0.072224109056413743, "wind_power_index": 61.355800246380035, "wind_resource_pct": 0.43709825528007346, "wind_screening_pct": 0.43709825528007346, "resource_land_adj_oof": 66.752006530761719, "resource_opportunity_oof": -5.3962062843816838 }, "geometry": { "type": "Point", "coordinates": [ -74.49, 42.75 ] } },
{ "type": "Feature", "properties": { "latitude": 42.3, "longitude": -76.47, "frac_class_11": 0.0034666713513576818, "frac_class_21": 0.048738354150929031, "frac_class_22": 0.010113076729382968, "frac_class_23": 0.00056216292184178623, "frac_class_24": 3.5135182615111639e-05, "frac_developed": 0.059448728984768898, "wind_power_index": 62.284381674445328, "wind_resource_pct": 0.47428833792470154, "wind_screening_pct": 0.47428833792470154, "resource_land_adj_oof": 57.954063415527344, "resource_opportunity_oof": 4.3303182589179841 }, "geometry": { "type": "Point", "coordinates": [ -76.47, 42.3 ] } },
{ "type": "Feature", "properties": { "latitude": 43.56, "longitude": -73.32, "frac_class_11": 0.0093694368968424997, "frac_class_21": 0.057118429682376091, "frac_class_22": 0.027862362971985383, "frac_class_23": 0.01177035510165839, "frac_class_24": 0.0019441581560948188, "frac_developed": 0.098695305912114686, "wind_power_index": 27.290564551079303, "wind_resource_pct": 0.013314967860422406, "wind_screening_pct": 0.013314967860422406, "resource_land_adj_oof": 35.557868957519531, "resource_opportunity_oof": -8.2673044064402283 }, "geometry": { "type": "Point", "coordinates": [ -73.32, 43.56 ] } },
{ "type": "Feature", "properties": { "latitude": 42.12, "longitude": -75.48, "frac_class_11": 0.001411263168373651, "frac_class_21": 0.044820781289344087, "frac_class_22": 0.0039761314992768004, "frac_class_23": 0.00035720768992030167, "frac_class_24": 0.0, "frac_developed": 0.049154120478541188, "wind_power_index": 59.87701800981651, "wind_resource_pct": 0.3985307621671258, "wind_screening_pct": 0.3985307621671258, "resource_land_adj_oof": 61.852119445800781, "resource_opportunity_oof": -1.9751014359842713 }, "geometry": { "type": "Point", "coordinates": [ -75.48, 42.12 ] } },
{ "type": "Feature", "properties": { "latitude": 42.48, "longitude": -77.64, "frac_class_11": 0.0060316456437464134, "frac_class_21": 0.05714837848283616, "frac_class_22": 0.027528899195390182, "frac_class_23": 0.0017743578932574401, "frac_class_24": 3.5135799866483962e-05, "frac_developed": 0.086486771371350274, "wind_power_index": 62.197009059229174, "wind_resource_pct": 0.47153351698806245, "wind_screening_pct": 0.47153351698806245, "resource_land_adj_oof": 73.584259033203125, "resource_opportunity_oof": -11.387249973973951 }, "geometry": { "type": "Point", "coordinates": [ -77.64, 42.48 ] } },
{ "type": "Feature", "properties": { "latitude": 44.82, "longitude": -74.22, "frac_class_11": 0.0014463898811266616, "frac_class_21": 0.055530830942202965, "frac_class_22": 0.025636821455759209, "frac_class_23": 0.008982842419628741, "frac_class_24": 0.002553141652515079, "frac_developed": 0.092703636470105988, "wind_power_index": 76.294638105460692, "wind_resource_pct": 0.75619834710743805, "wind_screening_pct": 0.75619834710743805, "resource_land_adj_oof": 56.425312042236328, "resource_opportunity_oof": 19.869326063224364 }, "geometry": { "type": "Point", "coordinates": [ -74.22, 44.82 ] } },
{ "type": "Feature", "properties": { "latitude": 43.29, "longitude": -75.66, "frac_class_11": 0.0063595052937318467, "frac_class_21": 0.05445985196289703, "frac_class_22": 0.026784877728848498, "frac_class_23": 0.0030743464817764451, "frac_class_24": 0.0004216246603579125, "frac_developed": 0.084740700833879884, "wind_power_index": 43.902845846857268, "wind_resource_pct": 0.084022038567493115, "wind_screening_pct": 0.084022038567493115, "resource_land_adj_oof": 52.06817626953125, "resource_opportunity_oof": -8.165330422673982 }, "geometry": { "type": "Point", "coordinates": [ -75.66, 43.29 ] } },
{ "type": "Feature", "properties": { "latitude": 43.38, "longitude": -73.32, "frac_class_11": 0.0039058382619898109, "frac_class_21": 0.055606956725420154, "frac_class_22": 0.028090414007144113, "frac_class_23": 0.0087368975815424257, "frac_class_24": 0.0022954851554722725, "frac_developed": 0.094729753469578973, "wind_power_index": 45.766142293038271, "wind_resource_pct": 0.11019283746556474, "wind_screening_pct": 0.11019283746556474, "resource_land_adj_oof": 42.164718627929688, "resource_opportunity_oof": 3.6014236651085838 }, "geometry": { "type": "Point", "coordinates": [ -73.32, 43.38 ] } },
{ "type": "Feature", "properties": { "latitude": 42.39, "longitude": -77.28, "frac_class_11": 0.014072135064387484, "frac_class_21": 0.056516926968956972, "frac_class_22": 0.046778283351779949, "frac_class_23": 0.016215456509899685, "frac_class_24": 0.003619050965373061, "frac_developed": 0.12312971779600966, "wind_power_index": 68.502394734236006, "wind_resource_pct": 0.61524334251606982, "wind_screening_pct": 0.61524334251606982, "resource_land_adj_oof": 56.739551544189453, "resource_opportunity_oof": 11.762843190046553 }, "geometry": { "type": "Point", "coordinates": [ -77.28, 42.39 ] } },
{ "type": "Feature", "properties": { "latitude": 41.85, "longitude": -73.59, "frac_class_11": 0.0070329335706924012, "frac_class_21": 0.060930619319778882, "frac_class_22": 0.016443361753958587, "frac_class_23": 0.0056860770167712921, "frac_class_24": 0.00070270776726318745, "frac_developed": 0.083762765857771954, "wind_power_index": 52.850018308781344, "wind_resource_pct": 0.23324150596877868, "wind_screening_pct": 0.23324150596877868, "resource_land_adj_oof": 51.252891540527344, "resource_opportunity_oof": 1.5971267682540002 }, "geometry": { "type": "Point", "coordinates": [ -73.59, 41.85 ] } },
{ "type": "Feature", "properties": { "latitude": 42.84, "longitude": -76.11, "frac_class_11": 0.0071500934021210185, "frac_class_21": 0.07183472216528955, "frac_class_22": 0.029244526167233716, "frac_class_23": 0.0091821019283585235, "frac_class_24": 0.0011126271469311987, "frac_developed": 0.11137397740781299, "wind_power_index": 79.616633151865628, "wind_resource_pct": 0.79981634527089074, "wind_screening_pct": 0.79981634527089074, "resource_land_adj_oof": 77.792503356933594, "resource_opportunity_oof": 1.8241297949320341 }, "geometry": { "type": "Point", "coordinates": [ -76.11, 42.84 ] } },
{ "type": "Feature", "properties": { "latitude": 42.48, "longitude": -75.84, "frac_class_11": 0.011214044785908367, "frac_class_21": 0.042812470720509699, "frac_class_22": 0.0092523189356319684, "frac_class_23": 0.00083739342265529843, "frac_class_24": 5.8558980605265626e-05, "frac_developed": 0.052960742059402231, "wind_power_index": 59.312774620484007, "wind_resource_pct": 0.37649219467401285, "wind_screening_pct": 0.37649219467401285, "resource_land_adj_oof": 64.111381530761719, "resource_opportunity_oof": -4.7986069102777122 }, "geometry": { "type": "Point", "coordinates": [ -75.84, 42.48 ] } },
{ "type": "Feature", "properties": { "latitude": 42.12, "longitude": -76.29, "frac_class_11": 0.017157379429883119, "frac_class_21": 0.074409153725435079, "frac_class_22": 0.04326821727215234, "frac_class_23": 0.020864076078045583, "frac_class_24": 0.0060782798116787292, "frac_developed": 0.14461972688731173, "wind_power_index": 46.855232293244349, "wind_resource_pct": 0.128099173553719, "wind_screening_pct": 0.128099173553719, "resource_land_adj_oof": 55.752395629882812, "resource_opportunity_oof": -8.8971633366384637 }, "geometry": { "type": "Point", "coordinates": [ -76.29, 42.12 ] } },
{ "type": "Feature", "properties": { "latitude": 42.75, "longitude": -77.1, "frac_class_11": 0.00013469433171114508, "frac_class_21": 0.0348214128849769, "frac_class_22": 0.047078597070691099, "frac_class_23": 0.0045327570758446215, "frac_class_24": 0.00032209514104839041, "frac_developed": 0.086754862172561009, "wind_power_index": 85.79999257050342, "wind_resource_pct": 0.89531680440771355, "wind_screening_pct": 0.89531680440771355, "resource_land_adj_oof": 85.790351867675781, "resource_opportunity_oof": 0.0096407028276388473 }, "geometry": { "type": "Point", "coordinates": [ -77.1, 42.75 ] } },
{ "type": "Feature", "properties": { "latitude": 42.93, "longitude": -75.03, "frac_class_11": 0.0032676676582886321, "frac_class_21": 0.059304068773277742, "frac_class_22": 0.015137851069312033, "frac_class_23": 0.0019442036963294371, "frac_class_24": 0.00015225691597760651, "frac_developed": 0.076538380454896818, "wind_power_index": 88.617194810028764, "wind_resource_pct": 0.92470156106519741, "wind_screening_pct": 0.92470156106519741, "resource_land_adj_oof": 83.230865478515625, "resource_opportunity_oof": 5.3863293315131386 }, "geometry": { "type": "Point", "coordinates": [ -75.03, 42.93 ] } },
{ "type": "Feature", "properties": { "latitude": 42.84, "longitude": -74.13, "frac_class_11": 0.0073842009720676933, "frac_class_21": 0.061228553024535927, "frac_class_22": 0.022158458745681325, "frac_class_23": 0.0036247584470340223, "frac_class_24": 0.00021666569069508695, "frac_developed": 0.087228435907946364, "wind_power_index": 58.769689497777179, "wind_resource_pct": 0.36547291092745637, "wind_screening_pct": 0.36547291092745637, "resource_land_adj_oof": 63.422206878662109, "resource_opportunity_oof": -4.6525173808849303 }, "geometry": { "type": "Point", "coordinates": [ -74.13, 42.84 ] } },
{ "type": "Feature", "properties": { "latitude": 42.48, "longitude": -75.48, "frac_class_11": 0.0062597717437768265, "frac_class_21": 0.047284992358276774, "frac_class_22": 0.027369666165026087, "frac_class_23": 0.011354253892594262, "frac_class_24": 0.0037535207556229615, "frac_developed": 0.089762433171520079, "wind_power_index": 52.859700536824597, "wind_resource_pct": 0.23461891643709826, "wind_screening_pct": 0.23461891643709826, "resource_land_adj_oof": 59.678680419921875, "resource_opportunity_oof": -6.8189798830972776 }, "geometry": { "type": "Point", "coordinates": [ -75.48, 42.48 ] } },
{ "type": "Feature", "properties": { "latitude": 42.21, "longitude": -78.72, "frac_class_11": 0.0061546209432791071, "frac_class_21": 0.054893831324736776, "frac_class_22": 0.040224634880479719, "frac_class_23": 0.011278591757141351, "frac_class_24": 0.0020613002588337256, "frac_developed": 0.10845835822119157, "wind_power_index": 69.632551341236834, "wind_resource_pct": 0.63957759412304871, "wind_screening_pct": 0.63957759412304871, "resource_land_adj_oof": 74.267768859863281, "resource_opportunity_oof": -4.6352175186264475 }, "geometry": { "type": "Point", "coordinates": [ -78.72, 42.21 ] } },
{ "type": "Feature", "properties": { "latitude": 44.91, "longitude": -74.85, "frac_class_11": 0.023072778805837295, "frac_class_21": 0.067572790517907752, "frac_class_22": 0.06579255580801574, "frac_class_23": 0.029854067602070693, "frac_class_24": 0.013316624112810663, "frac_developed": 0.17653603804080487, "wind_power_index": 46.257576818080011, "wind_resource_pct": 0.11202938475665748, "wind_screening_pct": 0.11202938475665748, "resource_land_adj_oof": 60.983627319335938, "resource_opportunity_oof": -14.726050501255926 }, "geometry": { "type": "Point", "coordinates": [ -74.85, 44.91 ] } },
{ "type": "Feature", "properties": { "latitude": 42.39, "longitude": -77.1, "frac_class_11": 0.037771206043392964, "frac_class_21": 0.058969929435188709, "frac_class_22": 0.022861827657892426, "frac_class_23": 0.0014522882323661172, "frac_class_24": 1.756800281088045e-05, "frac_developed": 0.083301613328258139, "wind_power_index": 67.325595977546826, "wind_resource_pct": 0.59182736455463725, "wind_screening_pct": 0.59182736455463725, "resource_land_adj_oof": 60.233516693115234, "resource_opportunity_oof": 7.0920792844315912 }, "geometry": { "type": "Point", "coordinates": [ -77.1, 42.39 ] } },
{ "type": "Feature", "properties": { "latitude": 43.2, "longitude": -76.83, "frac_class_11": 0.0028634335437478773, "frac_class_21": 0.065238268120439882, "frac_class_22": 0.035959806527925797, "frac_class_23": 0.0080281541686673622, "frac_class_24": 0.0025823603124597422, "frac_developed": 0.11180858912949279, "wind_power_index": 66.238525636444251, "wind_resource_pct": 0.56198347107438018, "wind_screening_pct": 0.56198347107438018, "resource_land_adj_oof": 67.349861145019531, "resource_opportunity_oof": -1.1113355085752801 }, "geometry": { "type": "Point", "coordinates": [ -76.83, 43.2 ] } },
{ "type": "Feature", "properties": { "latitude": 43.2, "longitude": -76.92, "frac_class_11": 0.039935821612189212, "frac_class_21": 0.061607738882968131, "frac_class_22": 0.032446391136824106, "frac_class_23": 0.0050651738555049361, "frac_class_24": 0.0012941080023891225, "frac_developed": 0.10041341187768629, "wind_power_index": 71.898163590801516, "wind_resource_pct": 0.68732782369146006, "wind_screening_pct": 0.68732782369146006, "resource_land_adj_oof": 83.357391357421875, "resource_opportunity_oof": -11.459227766620359 }, "geometry": { "type": "Point", "coordinates": [ -76.92, 43.2 ] } },
{ "type": "Feature", "properties": { "latitude": 41.76, "longitude": -74.22, "frac_class_11": 0.0049306372936540003, "frac_class_21": 0.06280999478828124, "frac_class_22": 0.025554989488724533, "frac_class_23": 0.0042396453688901383, "frac_class_24": 0.00057387464938015679, "frac_developed": 0.093178504295276077, "wind_power_index": 25.537027397103387, "wind_resource_pct": 0.0082644628099173556, "wind_screening_pct": 0.0082644628099173556, "resource_land_adj_oof": 42.308670043945312, "resource_opportunity_oof": -16.771642646841926 }, "geometry": { "type": "Point", "coordinates": [ -74.22, 41.76 ] } },
{ "type": "Feature", "properties": { "latitude": 43.2, "longitude": -76.47, "frac_class_11": 0.026311320367995408, "frac_class_21": 0.061406745020876889, "frac_class_22": 0.022083238172203579, "frac_class_23": 0.003390664253966023, "frac_class_24": 0.00030451561520938376, "frac_developed": 0.087185163062255877, "wind_power_index": 60.605990316498293, "wind_resource_pct": 0.41735537190082644, "wind_screening_pct": 0.41735537190082644, "resource_land_adj_oof": 67.2593994140625, "resource_opportunity_oof": -6.6534090975642073 }, "geometry": { "type": "Point", "coordinates": [ -76.47, 43.2 ] } },
{ "type": "Feature", "properties": { "latitude": 42.12, "longitude": -73.68, "frac_class_11": 0.010634186332493998, "frac_class_21": 0.06115828307079698, "frac_class_22": 0.014633717866135739, "frac_class_23": 0.0015986414475610471, "frac_class_24": 0.00024008900860806933, "frac_developed": 0.077630731393101837, "wind_power_index": 53.622036280270798, "wind_resource_pct": 0.25252525252525254, "wind_screening_pct": 0.25252525252525254, "resource_land_adj_oof": 47.915847778320312, "resource_opportunity_oof": 5.7061885019504857 }, "geometry": { "type": "Point", "coordinates": [ -73.68, 42.12 ] } },
{ "type": "Feature", "properties": { "latitude": 43.29, "longitude": -78.81, "frac_class_11": 0.21072633156883872, "frac_class_21": 0.031187052044783812, "frac_class_22": 0.039203400946268799, "frac_class_23": 0.0042160490935494446, "frac_class_24": 0.00089591043237925705, "frac_developed": 0.07550241251698131, "wind_power_index": 118.09337794637914, "wind_resource_pct": 0.99035812672176304, "wind_screening_pct": 0.99035812672176304, "resource_land_adj_oof": 103.44460296630859, "resource_opportunity_oof": 14.648774980070542 }, "geometry": { "type": "Point", "coordinates": [ -78.81, 43.29 ] } },
{ "type": "Feature", "properties": { "latitude": 41.76, "longitude": -74.13, "frac_class_11": 0.011261221693223942, "frac_class_21": 0.092238951060826996, "frac_class_22": 0.039270802222963988, "frac_class_23": 0.013070747175910473, "frac_class_24": 0.0026352312854658212, "frac_developed": 0.14721573174516731, "wind_power_index": 32.401749719585396, "wind_resource_pct": 0.036730945821854911, "wind_screening_pct": 0.036730945821854911, "resource_land_adj_oof": 46.164455413818359, "resource_opportunity_oof": -13.762705694232963 }, "geometry": { "type": "Point", "coordinates": [ -74.13, 41.76 ] } },
{ "type": "Feature", "properties": { "latitude": 42.48, "longitude": -73.68, "frac_class_11": 0.010828189601658487, "frac_class_21": 0.092657445039178249, "frac_class_22": 0.06631021679804168, "frac_class_23": 0.016625868187727662, "frac_class_24": 0.0041930685531570994, "frac_developed": 0.17978659857810469, "wind_power_index": 49.441366162253146, "wind_resource_pct": 0.17401285583103765, "wind_screening_pct": 0.17401285583103765, "resource_land_adj_oof": 50.358562469482422, "resource_opportunity_oof": -0.91719630722927548 }, "geometry": { "type": "Point", "coordinates": [ -73.68, 42.48 ] } },
{ "type": "Feature", "properties": { "latitude": 44.37, "longitude": -75.66, "frac_class_11": 0.044549585421839136, "frac_class_21": 0.034753126903077719, "frac_class_22": 0.0069857591230617884, "frac_class_23": 0.00042746053309598538, "frac_class_24": 0.0, "frac_developed": 0.042166346559235499, "wind_power_index": 50.105584564961902, "wind_resource_pct": 0.18457300275482094, "wind_screening_pct": 0.18457300275482094, "resource_land_adj_oof": 56.383769989013672, "resource_opportunity_oof": -6.2781854240517703 }, "geometry": { "type": "Point", "coordinates": [ -75.66, 44.37 ] } },
{ "type": "Feature", "properties": { "latitude": 43.29, "longitude": -76.56, "frac_class_11": 0.0013351916702779307, "frac_class_21": 0.065389255220716549, "frac_class_22": 0.021813986718356541, "frac_class_23": 0.0026001100947517599, "frac_class_24": 0.00029866129466743187, "frac_developed": 0.090102013328492284, "wind_power_index": 60.780116128296314, "wind_resource_pct": 0.42240587695133147, "wind_screening_pct": 0.42240587695133147, "resource_land_adj_oof": 67.0941162109375, "resource_opportunity_oof": -6.3140000826411864 }, "geometry": { "type": "Point", "coordinates": [ -76.56, 43.29 ] } },
{ "type": "Feature", "properties": { "latitude": 42.75, "longitude": -75.66, "frac_class_11": 0.0033728392748395559, "frac_class_21": 0.042986133882981212, "frac_class_22": 0.010663090832435471, "frac_class_23": 0.00096617791727174774, "frac_class_24": 4.6844989928327164e-05, "frac_developed": 0.054662247622616754, "wind_power_index": 70.38533646819161, "wind_resource_pct": 0.65656565656565657, "wind_screening_pct": 0.65656565656565657, "resource_land_adj_oof": 68.565353393554688, "resource_opportunity_oof": 1.819983074636923 }, "geometry": { "type": "Point", "coordinates": [ -75.66, 42.75 ] } },
{ "type": "Feature", "properties": { "latitude": 44.46, "longitude": -73.5, "frac_class_11": 0.02198825341242468, "frac_class_21": 0.036059564451054911, "frac_class_22": 0.030795266230610224, "frac_class_23": 0.011992528092848401, "frac_class_24": 0.00081980172509705867, "frac_developed": 0.07966716049961059, "wind_power_index": 75.581022106575645, "wind_resource_pct": 0.74150596877869601, "wind_screening_pct": 0.74150596877869601, "resource_land_adj_oof": 33.214611053466797, "resource_opportunity_oof": 42.366411053108848 }, "geometry": { "type": "Point", "coordinates": [ -73.5, 44.46 ] } },
{ "type": "Feature", "properties": { "latitude": 41.4, "longitude": -74.67, "frac_class_11": 0.021826338012497292, "frac_class_21": 0.07787089255491722, "frac_class_22": 0.051992012040502002, "frac_class_23": 0.028877293463811148, "frac_class_24": 0.0063306335904238188, "frac_developed": 0.16507083164965419, "wind_power_index": 59.647552073903285, "wind_resource_pct": 0.38751147842056932, "wind_screening_pct": 0.38751147842056932, "resource_land_adj_oof": 50.978988647460938, "resource_opportunity_oof": 8.668563426442347 }, "geometry": { "type": "Point", "coordinates": [ -74.67, 41.4 ] } },
{ "type": "Feature", "properties": { "latitude": 42.48, "longitude": -76.38, "frac_class_11": 0.0013234484616375625, "frac_class_21": 0.076303245376714332, "frac_class_22": 0.039199840717707275, "frac_class_23": 0.011126336624386588, "frac_class_24": 0.0023423866577655973, "frac_developed": 0.12897180937657379, "wind_power_index": 60.451971624646688, "wind_resource_pct": 0.41092745638200184, "wind_screening_pct": 0.41092745638200184, "resource_land_adj_oof": 58.5859375, "resource_opportunity_oof": 1.8660341246466885 }, "geometry": { "type": "Point", "coordinates": [ -76.38, 42.48 ] } },
{ "type": "Feature", "properties": { "latitude": 42.3, "longitude": -73.5, "frac_class_11": 0.0026293752159425635, "frac_class_21": 0.054748393972933247, "frac_class_22": 0.0070331394974321136, "frac_class_23": 0.00083156187230254799, "frac_class_24": 1.1712139046514761e-05, "frac_developed": 0.062624807481714423, "wind_power_index": 64.744984543062586, "wind_resource_pct": 0.52754820936639113, "wind_screening_pct": 0.52754820936639113, "resource_land_adj_oof": 60.149749755859375, "resource_opportunity_oof": 4.5952347872032107 }, "geometry": { "type": "Point", "coordinates": [ -73.5, 42.3 ] } },
{ "type": "Feature", "properties": { "latitude": 42.48, "longitude": -78.45, "frac_class_11": 0.0071500934021210185, "frac_class_21": 0.0637125439926918, "frac_class_22": 0.039802772198375566, "frac_class_23": 0.010605093489960004, "frac_class_24": 0.0024126441291350202, "frac_developed": 0.11653305381016238, "wind_power_index": 85.08835228880244, "wind_resource_pct": 0.87649219467401285, "wind_screening_pct": 0.87649219467401285, "resource_land_adj_oof": 82.635108947753906, "resource_opportunity_oof": 2.4532433410485339 }, "geometry": { "type": "Point", "coordinates": [ -78.45, 42.48 ] } },
{ "type": "Feature", "properties": { "latitude": 42.48, "longitude": -76.65, "frac_class_11": 0.00064997423525553944, "frac_class_21": 0.070653956059399448, "frac_class_22": 0.038524148592308051, "frac_class_23": 0.0036597648381505596, "frac_class_24": 0.00032791492949829014, "frac_developed": 0.11316578441935635, "wind_power_index": 59.843083229197426, "wind_resource_pct": 0.39577594123048671, "wind_screening_pct": 0.39577594123048671, "resource_land_adj_oof": 68.4908447265625, "resource_opportunity_oof": -8.6477614973650745 }, "geometry": { "type": "Point", "coordinates": [ -76.65, 42.48 ] } },
{ "type": "Feature", "properties": { "latitude": 42.39, "longitude": -75.84, "frac_class_11": 0.0079228908889682672, "frac_class_21": 0.04549952860848739, "frac_class_22": 0.01201609172517582, "frac_class_23": 0.00088422507334383468, "frac_class_24": 2.342318075083006e-05, "frac_developed": 0.058423268587757878, "wind_power_index": 53.827471852904857, "wind_resource_pct": 0.25987144168962351, "wind_screening_pct": 0.25987144168962351, "resource_land_adj_oof": 63.207027435302734, "resource_opportunity_oof": -9.3795555823978773 }, "geometry": { "type": "Point", "coordinates": [ -75.84, 42.39 ] } },
{ "type": "Feature", "properties": { "latitude": 43.38, "longitude": -75.48, "frac_class_11": 0.0018212376217330451, "frac_class_21": 0.036360335669905076, "frac_class_22": 0.0086201343382348635, "frac_class_23": 0.0007202965513606578, "frac_class_24": 2.3424278093029522e-05, "frac_developed": 0.045724190837593631, "wind_power_index": 49.300960073741322, "wind_resource_pct": 0.17125803489439853, "wind_screening_pct": 0.17125803489439853, "resource_land_adj_oof": 65.946029663085938, "resource_opportunity_oof": -16.645069589344615 }, "geometry": { "type": "Point", "coordinates": [ -75.48, 43.38 ] } },
{ "type": "Feature", "properties": { "latitude": 43.2, "longitude": -75.21, "frac_class_11": 0.00057975427788383837, "frac_class_21": 0.06928942036284419, "frac_class_22": 0.039159766224335625, "frac_class_23": 0.011161733875218139, "frac_class_24": 0.004034855529918834, "frac_developed": 0.12364577599231678, "wind_power_index": 46.757353020024929, "wind_resource_pct": 0.12396694214876033, "wind_screening_pct": 0.12396694214876033, "resource_land_adj_oof": 53.464725494384766, "resource_opportunity_oof": -6.7073724743598362 }, "geometry": { "type": "Point", "coordinates": [ -75.21, 43.2 ] } },
{ "type": "Feature", "properties": { "latitude": 41.85, "longitude": -74.22, "frac_class_11": 0.003308504907127632, "frac_class_21": 0.079181598856955471, "frac_class_22": 0.01989787552994636, "frac_class_23": 0.0027931979481413817, "frac_class_24": 0.00036891293654697489, "frac_developed": 0.10224158527159019, "wind_power_index": 24.268350508817683, "wind_resource_pct": 0.0041322314049586778, "wind_screening_pct": 0.0041322314049586778, "resource_land_adj_oof": 41.457328796386719, "resource_opportunity_oof": -17.188978287569036 }, "geometry": { "type": "Point", "coordinates": [ -74.22, 41.85 ] } },
{ "type": "Feature", "properties": { "latitude": 42.75, "longitude": -76.92, "frac_class_11": 0.363103464430442, "frac_class_21": 0.063590686561570353, "frac_class_22": 0.052288538567848021, "frac_class_23": 0.0089890140779086934, "frac_class_24": 0.0023658382328828088, "frac_developed": 0.12723407744020987, "wind_power_index": 77.138214453105661, "wind_resource_pct": 0.77410468319559234, "wind_screening_pct": 0.77410468319559234, "resource_land_adj_oof": 116.31840515136719, "resource_opportunity_oof": -39.180190698261526 }, "geometry": { "type": "Point", "coordinates": [ -76.92, 42.75 ] } },
{ "type": "Feature", "properties": { "latitude": 42.21, "longitude": -77.91, "frac_class_11": 0.0012590328285490087, "frac_class_21": 0.050050946909806403, "frac_class_22": 0.0093226988979070776, "frac_class_23": 0.00052118103135284546, "frac_class_24": 4.0991766510897954e-05, "frac_developed": 0.059935818605577229, "wind_power_index": 76.990110622018619, "wind_resource_pct": 0.76400367309458217, "wind_screening_pct": 0.76400367309458217, "resource_land_adj_oof": 72.055458068847656, "resource_opportunity_oof": 4.9346525531709631 }, "geometry": { "type": "Point", "coordinates": [ -77.91, 42.21 ] } },
{ "type": "Feature", "properties": { "latitude": 42.21, "longitude": -76.65, "frac_class_11": 0.0029221786921054325, "frac_class_21": 0.048552672417326942, "frac_class_22": 0.011741419394131047, "frac_class_23": 0.00055047053518619371, "frac_class_24": 5.8560695232573805e-06, "frac_developed": 0.060850418416167444, "wind_power_index": 64.209083243312861, "wind_resource_pct": 0.51744719926538107, "wind_screening_pct": 0.51744719926538107, "resource_land_adj_oof": 64.455429077148438, "resource_opportunity_oof": -0.2463458338355764 }, "geometry": { "type": "Point", "coordinates": [ -76.65, 42.21 ] } },
{ "type": "Feature", "properties": { "latitude": 42.21, "longitude": -78.9, "frac_class_11": 0.0015165799073656597, "frac_class_21": 0.052717254463370791, "frac_class_22": 0.017390897007243278, "frac_class_23": 0.0017508007424800473, "frac_class_24": 0.00031619812740442329, "frac_developed": 0.07217515034049854, "wind_power_index": 58.113928035761894, "wind_resource_pct": 0.35215794306703396, "wind_screening_pct": 0.35215794306703396, "resource_land_adj_oof": 75.774711608886719, "resource_opportunity_oof": -17.660783573124824 }, "geometry": { "type": "Point", "coordinates": [ -78.9, 42.21 ] } },
{ "type": "Feature", "properties": { "latitude": 42.12, "longitude": -74.94, "frac_class_11": 0.072281042842753745, "frac_class_21": 0.038983626525497174, "frac_class_22": 0.0067754327610034899, "frac_class_23": 0.0010072380595441662, "frac_class_24": 5.856035229907943e-05, "frac_developed": 0.046824857698343908, "wind_power_index": 58.316819491284818, "wind_resource_pct": 0.35720844811753905, "wind_screening_pct": 0.35720844811753905, "resource_land_adj_oof": 66.986854553222656, "resource_opportunity_oof": -8.6700350619378383 }, "geometry": { "type": "Point", "coordinates": [ -74.94, 42.12 ] } },
{ "type": "Feature", "properties": { "latitude": 43.29, "longitude": -78.27, "frac_class_11": 0.012432581209995257, "frac_class_21": 0.032946633013392991, "frac_class_22": 0.043077751945701889, "frac_class_23": 0.0048371700798191626, "frac_class_24": 0.00039821739155896253, "frac_developed": 0.081259772430473012, "wind_power_index": 74.697294447169298, "wind_resource_pct": 0.72405876951331494, "wind_screening_pct": 0.72405876951331494, "resource_land_adj_oof": 76.734375, "resource_opportunity_oof": -2.0370805528307017 }, "geometry": { "type": "Point", "coordinates": [ -78.27, 43.29 ] } },
{ "type": "Feature", "properties": { "latitude": 42.39, "longitude": -74.94, "frac_class_11": 0.0022779310062130713, "frac_class_21": 0.057656834671398205, "frac_class_22": 0.011301817074527579, "frac_class_23": 0.0022545075511363304, "frac_class_24": 0.00012882900292207603, "frac_developed": 0.071341988299984199, "wind_power_index": 76.592766109838479, "wind_resource_pct": 0.76216712580348944, "wind_screening_pct": 0.76216712580348944, "resource_land_adj_oof": 71.561630249023438, "resource_opportunity_oof": 5.0311358608150414 }, "geometry": { "type": "Point", "coordinates": [ -74.94, 42.39 ] } },
{ "type": "Feature", "properties": { "latitude": 42.21, "longitude": -76.74, "frac_class_11": 0.0050652628373670005, "frac_class_21": 0.061925034110006966, "frac_class_22": 0.034765856029419513, "frac_class_23": 0.0029864555457308323, "frac_class_24": 0.0002459433978837156, "frac_developed": 0.099923289083041017, "wind_power_index": 53.423895356140193, "wind_resource_pct": 0.24885215794306703, "wind_screening_pct": 0.24885215794306703, "resource_land_adj_oof": 52.867759704589844, "resource_opportunity_oof": 0.55613565155034905 }, "geometry": { "type": "Point", "coordinates": [ -76.74, 42.21 ] } },
{ "type": "Feature", "properties": { "latitude": 42.66, "longitude": -78.72, "frac_class_11": 0.0017684087249304641, "frac_class_21": 0.086634460547504025, "frac_class_22": 0.052332015810276682, "frac_class_23": 0.0063065436978480454, "frac_class_24": 0.00046259698433611475, "frac_developed": 0.14573561703996488, "wind_power_index": 85.933950903219895, "wind_resource_pct": 0.89623507805325986, "wind_screening_pct": 0.89623507805325986, "resource_land_adj_oof": 74.711814880371094, "resource_opportunity_oof": 11.222136022848801 }, "geometry": { "type": "Point", "coordinates": [ -78.72, 42.66 ] } },
{ "type": "Feature", "properties": { "latitude": 42.93, "longitude": -75.84, "frac_class_11": 0.031355232411729224, "frac_class_21": 0.078897588914982456, "frac_class_22": 0.034277582238672236, "frac_class_23": 0.0065357563263895805, "frac_class_24": 0.0010248721837976492, "frac_developed": 0.12073579966384193, "wind_power_index": 100.25259046099083, "wind_resource_pct": 0.97337006427915518, "wind_screening_pct": 0.97337006427915518, "resource_land_adj_oof": 73.602684020996094, "resource_opportunity_oof": 26.649906439994737 }, "geometry": { "type": "Point", "coordinates": [ -75.84, 42.93 ] } },
{ "type": "Feature", "properties": { "latitude": 44.1, "longitude": -73.41, "frac_class_11": 0.31617444672839179, "frac_class_21": 0.023307975661319886, "frac_class_22": 0.019536534373407827, "frac_class_23": 0.0033907833939457828, "frac_class_24": 0.00038651416925806846, "frac_developed": 0.04662180759793156, "wind_power_index": 29.945966167310221, "wind_resource_pct": 0.022956841138659319, "wind_screening_pct": 0.022956841138659319, "resource_land_adj_oof": 57.652130126953125, "resource_opportunity_oof": -27.706163959642904 }, "geometry": { "type": "Point", "coordinates": [ -73.41, 44.1 ] } },
{ "type": "Feature", "properties": { "latitude": 42.84, "longitude": -75.03, "frac_class_11": 0.054604330870038763, "frac_class_21": 0.057912797029992857, "frac_class_22": 0.016876105261925116, "frac_class_23": 0.0035309824680571983, "frac_class_24": 0.00077295138604237181, "frac_developed": 0.079092836146017545, "wind_power_index": 85.97889765722519, "wind_resource_pct": 0.89761248852157938, "wind_screening_pct": 0.89761248852157938, "resource_land_adj_oof": 77.670486450195312, "resource_opportunity_oof": 8.3084112070298772 }, "geometry": { "type": "Point", "coordinates": [ -75.03, 42.84 ] } },
{ "type": "Feature", "properties": { "latitude": 42.48, "longitude": -77.55, "frac_class_11": 0.0051768260902665128, "frac_class_21": 0.054672905405801088, "frac_class_22": 0.032999338256393437, "frac_class_23": 0.0039470370869226579, "frac_class_24": 0.00037479283911431767, "frac_developed": 0.091994073588231515, "wind_power_index": 69.163940682058097, "wind_resource_pct": 0.6326905417814509, "wind_screening_pct": 0.6326905417814509, "resource_land_adj_oof": 71.183982849121094, "resource_opportunity_oof": -2.0200421670629964 }, "geometry": { "type": "Point", "coordinates": [ -77.55, 42.48 ] } },
{ "type": "Feature", "properties": { "latitude": 43.38, "longitude": -76.11, "frac_class_11": 0.0018445322793148879, "frac_class_21": 0.063691992387644558, "frac_class_22": 0.033002488654662571, "frac_class_23": 0.0039877031181379009, "frac_class_24": 0.00029863855950812472, "frac_developed": 0.10098082271995315, "wind_power_index": 55.303136681995483, "wind_resource_pct": 0.28191000918273645, "wind_screening_pct": 0.28191000918273645, "resource_land_adj_oof": 62.403854370117188, "resource_opportunity_oof": -7.1007176881217049 }, "geometry": { "type": "Point", "coordinates": [ -76.11, 43.38 ] } },
{ "type": "Feature", "properties": { "latitude": 43.2, "longitude": -78.09, "frac_class_11": 0.0048310027404961002, "frac_class_21": 0.047531211205584054, "frac_class_22": 0.044972243693345515, "frac_class_23": 0.0061192701379617267, "frac_class_24": 0.00086665261284051248, "frac_developed": 0.0994893776497318, "wind_power_index": 73.817613040898394, "wind_resource_pct": 0.71120293847566574, "wind_screening_pct": 0.71120293847566574, "resource_land_adj_oof": 72.707504272460938, "resource_opportunity_oof": 1.1101087684374562 }, "geometry": { "type": "Point", "coordinates": [ -78.09, 43.2 ] } },
{ "type": "Feature", "properties": { "latitude": 42.3, "longitude": -76.11, "frac_class_11": 0.003918031730786125, "frac_class_21": 0.046026623874810393, "frac_class_22": 0.015104041604928873, "frac_class_23": 0.001657403557268271, "frac_class_24": 0.0001405571921358251, "frac_developed": 0.062928626229143358, "wind_power_index": 59.522477674440466, "wind_resource_pct": 0.38062442607897151, "wind_screening_pct": 0.38062442607897151, "resource_land_adj_oof": 61.109027862548828, "resource_opportunity_oof": -1.5865501881083617 }, "geometry": { "type": "Point", "coordinates": [ -76.11, 42.3 ] } },
{ "type": "Feature", "properties": { "latitude": 42.66, "longitude": -75.21, "frac_class_11": 0.0026409636296560891, "frac_class_21": 0.060619191783148195, "frac_class_22": 0.011465646977531314, "frac_class_23": 0.0018328638937524522, "frac_class_24": 8.7836927815612727e-05, "frac_developed": 0.074005539582247565, "wind_power_index": 65.49261519429966, "wind_resource_pct": 0.54637281910009183, "wind_screening_pct": 0.54637281910009183, "resource_land_adj_oof": 74.463935852050781, "resource_opportunity_oof": -8.9713206577511215 }, "geometry": { "type": "Point", "coordinates": [ -75.21, 42.66 ] } },
{ "type": "Feature", "properties": { "latitude": 41.76, "longitude": -74.04, "frac_class_11": 0.010832650193231057, "frac_class_21": 0.094050825623609322, "frac_class_22": 0.051141819885232462, "frac_class_23": 0.019006909474177304, "frac_class_24": 0.0044326033493383302, "frac_developed": 0.16863215833235742, "wind_power_index": 29.358167943225531, "wind_resource_pct": 0.01928374655647383, "wind_screening_pct": 0.01928374655647383, "resource_land_adj_oof": 46.640316009521484, "resource_opportunity_oof": -17.282148066295953 }, "geometry": { "type": "Point", "coordinates": [ -74.04, 41.76 ] } },
{ "type": "Feature", "properties": { "latitude": 42.93, "longitude": -74.76, "frac_class_11": 0.00085492607231737669, "frac_class_21": 0.051553213292343726, "frac_class_22": 0.011043771043771043, "frac_class_23": 0.0019733567559654516, "frac_class_24": 0.00011711316059142146, "frac_developed": 0.064687454252671639, "wind_power_index": 66.868906897299581, "wind_resource_pct": 0.58034894398530767, "wind_screening_pct": 0.58034894398530767, "resource_land_adj_oof": 66.865715026855469, "resource_opportunity_oof": 0.0031918704441125101 }, "geometry": { "type": "Point", "coordinates": [ -74.76, 42.93 ] } },
{ "type": "Feature", "properties": { "latitude": 43.38, "longitude": -76.29, "frac_class_11": 0.0037891432553835702, "frac_class_21": 0.060936685583100537, "frac_class_22": 0.021288308706830412, "frac_class_23": 0.0016808100684622637, "frac_class_24": 0.00028111109158950753, "frac_developed": 0.084186915449982733, "wind_power_index": 55.178518242448355, "wind_resource_pct": 0.28007346189164373, "wind_screening_pct": 0.28007346189164373, "resource_land_adj_oof": 64.467315673828125, "resource_opportunity_oof": -9.2887974313797699 }, "geometry": { "type": "Point", "coordinates": [ -76.29, 43.38 ] } },
{ "type": "Feature", "properties": { "latitude": 41.76, "longitude": -73.59, "frac_class_11": 0.0039583321134331502, "frac_class_21": 0.060692473899015685, "frac_class_22": 0.020265957758272387, "frac_class_23": 0.0066928603633936261, "frac_class_24": 0.0009017502151903923, "frac_developed": 0.088553042235872084, "wind_power_index": 50.74769649848551, "wind_resource_pct": 0.1992653810835629, "wind_screening_pct": 0.1992653810835629, "resource_land_adj_oof": 45.120002746582031, "resource_opportunity_oof": 5.6276937519034789 }, "geometry": { "type": "Point", "coordinates": [ -73.59, 41.76 ] } },
{ "type": "Feature", "properties": { "latitude": 43.83, "longitude": -75.48, "frac_class_11": 0.0096797428104632571, "frac_class_21": 0.043983392770350592, "frac_class_22": 0.042127083955518861, "frac_class_23": 0.01179370963113914, "frac_class_24": 0.0031036077976681949, "frac_developed": 0.10100779415467678, "wind_power_index": 48.132598156573188, "wind_resource_pct": 0.15656565656565657, "wind_screening_pct": 0.15656565656565657, "resource_land_adj_oof": 59.145404815673828, "resource_opportunity_oof": -11.01280665910064 }, "geometry": { "type": "Point", "coordinates": [ -75.48, 43.83 ] } },
{ "type": "Feature", "properties": { "latitude": 42.39, "longitude": -79.35, "frac_class_11": 0.011700084324932072, "frac_class_21": 0.083493394546987731, "frac_class_22": 0.050700365408038975, "frac_class_23": 0.0088833973578187949, "frac_class_24": 0.0021139791998500889, "frac_developed": 0.14519113651269558, "wind_power_index": 85.120093106172334, "wind_resource_pct": 0.88383838383838387, "wind_screening_pct": 0.88383838383838387, "resource_land_adj_oof": 96.792205810546875, "resource_opportunity_oof": -11.672112704374541 }, "geometry": { "type": "Point", "coordinates": [ -79.35, 42.39 ] } },
{ "type": "Feature", "properties": { "latitude": 44.55, "longitude": -75.3, "frac_class_11": 0.014288223926919249, "frac_class_21": 0.045148445277273526, "frac_class_22": 0.01781928910230134, "frac_class_23": 0.0019851261931252561, "frac_class_24": 0.0004977455056508754, "frac_developed": 0.065450606078351001, "wind_power_index": 46.405233612674976, "wind_resource_pct": 0.11616161616161616, "wind_screening_pct": 0.11616161616161616, "resource_land_adj_oof": 51.020717620849609, "resource_opportunity_oof": -4.6154840081746329 }, "geometry": { "type": "Point", "coordinates": [ -75.3, 44.55 ] } },
{ "type": "Feature", "properties": { "latitude": 42.48, "longitude": -74.67, "frac_class_11": 0.0034549393921649001, "frac_class_21": 0.062054224980968554, "frac_class_22": 0.0093576155062364587, "frac_class_23": 0.0013175616326052586, "frac_class_24": 0.00012882824852140305, "frac_developed": 0.072858230368331681, "wind_power_index": 88.633307094437015, "wind_resource_pct": 0.92561983471074383, "wind_screening_pct": 0.92561983471074383, "resource_land_adj_oof": 72.405250549316406, "resource_opportunity_oof": 16.228056545120609 }, "geometry": { "type": "Point", "coordinates": [ -74.67, 42.48 ] } },
{ "type": "Feature", "properties": { "latitude": 42.93, "longitude": -73.32, "frac_class_11": 0.0034846062394949372, "frac_class_21": 0.070318768264900355, "frac_class_22": 0.0309632154423693, "frac_class_23": 0.010664652037176942, "frac_class_24": 0.001797939689957892, "frac_developed": 0.11374457543440449, "wind_power_index": 40.492248008749549, "wind_resource_pct": 0.067952249770431586, "wind_screening_pct": 0.067952249770431586, "resource_land_adj_oof": 59.435859680175781, "resource_opportunity_oof": -18.943611671426233 }, "geometry": { "type": "Point", "coordinates": [ -73.32, 42.93 ] } },
{ "type": "Feature", "properties": { "latitude": 44.19, "longitude": -75.75, "frac_class_11": 0.0087542087542087539, "frac_class_21": 0.042529644268774702, "frac_class_22": 0.025823451910408433, "frac_class_23": 0.0054633289415898113, "frac_class_24": 0.00098375054896794037, "frac_developed": 0.074800175669740898, "wind_power_index": 50.09839365309189, "wind_resource_pct": 0.18365472910927455, "wind_screening_pct": 0.18365472910927455, "resource_land_adj_oof": 67.593276977539062, "resource_opportunity_oof": -17.494883324447173 }, "geometry": { "type": "Point", "coordinates": [ -75.75, 44.19 ] } },
{ "type": "Feature", "properties": { "latitude": 42.57, "longitude": -78.63, "frac_class_11": 0.002605844117819289, "frac_class_21": 0.054043450254728585, "frac_class_22": 0.029507524740879545, "frac_class_23": 0.0027756631726884111, "frac_class_24": 0.00010540493060842068, "frac_developed": 0.086432043098904968, "wind_power_index": 80.801452579917992, "wind_resource_pct": 0.81496786042240588, "wind_screening_pct": 0.81496786042240588, "resource_land_adj_oof": 76.915382385253906, "resource_opportunity_oof": 3.8860701946640859 }, "geometry": { "type": "Point", "coordinates": [ -78.63, 42.57 ] } },
{ "type": "Feature", "properties": { "latitude": 43.2, "longitude": -75.03, "frac_class_11": 0.0073848496383707649, "frac_class_21": 0.060958683493894758, "frac_class_22": 0.018810576557055432, "frac_class_23": 0.0038593306198940001, "frac_class_24": 0.00032209891364820943, "frac_developed": 0.083950689584492408, "wind_power_index": 50.90816193677253, "wind_resource_pct": 0.20431588613406795, "wind_screening_pct": 0.20431588613406795, "resource_land_adj_oof": 59.104774475097656, "resource_opportunity_oof": -8.1966125383251267 }, "geometry": { "type": "Point", "coordinates": [ -75.03, 43.2 ] } },
{ "type": "Feature", "properties": { "latitude": 42.93, "longitude": -78.36, "frac_class_11": 0.0023600374795033968, "frac_class_21": 0.042070742562661044, "frac_class_22": 0.043487936284844222, "frac_class_23": 0.0071269618177559144, "frac_class_24": 0.0020555165144061842, "frac_developed": 0.094741157179667357, "wind_power_index": 93.13384664254103, "wind_resource_pct": 0.94765840220385678, "wind_screening_pct": 0.94765840220385678, "resource_land_adj_oof": 81.009353637695312, "resource_opportunity_oof": 12.124493004845718 }, "geometry": { "type": "Point", "coordinates": [ -78.36, 42.93 ] } },
{ "type": "Feature", "properties": { "latitude": 42.93, "longitude": -75.12, "frac_class_11": 0.0025062069611655035, "frac_class_21": 0.066789244390312461, "frac_class_22": 0.014574647491450789, "frac_class_23": 0.0026994425446198529, "frac_class_24": 0.00040403803813182182, "frac_developed": 0.084467372464514939, "wind_power_index": 88.894980499598461, "wind_resource_pct": 0.92791551882460976, "wind_screening_pct": 0.92791551882460976, "resource_land_adj_oof": 77.981964111328125, "resource_opportunity_oof": 10.913016388270336 }, "geometry": { "type": "Point", "coordinates": [ -75.12, 42.93 ] } },
{ "type": "Feature", "properties": { "latitude": 43.29, "longitude": -78.36, "frac_class_11": 0.0066169323199081831, "frac_class_21": 0.036557087144413081, "frac_class_22": 0.042190263154812793, "frac_class_23": 0.0042629440078700504, "frac_class_24": 0.00050358953939124221, "frac_developed": 0.083513883846487169, "wind_power_index": 74.697294447169298, "wind_resource_pct": 0.72405876951331494, "wind_screening_pct": 0.72405876951331494, "resource_land_adj_oof": 79.471054077148438, "resource_opportunity_oof": -4.7737596299791392 }, "geometry": { "type": "Point", "coordinates": [ -78.36, 43.29 ] } },
{ "type": "Feature", "properties": { "latitude": 42.57, "longitude": -75.03, "frac_class_11": 0.0090654610618536181, "frac_class_21": 0.060014757727309992, "frac_class_22": 0.013194110964054392, "frac_class_23": 0.0020028344206420782, "frac_class_24": 5.8562409960294688e-05, "frac_developed": 0.07527026552196675, "wind_power_index": 56.844579743497036, "wind_resource_pct": 0.32415059687786962, "wind_screening_pct": 0.32415059687786962, "resource_land_adj_oof": 70.749000549316406, "resource_opportunity_oof": -13.90442080581937 }, "geometry": { "type": "Point", "coordinates": [ -75.03, 42.57 ] } },
{ "type": "Feature", "properties": { "latitude": 43.29, "longitude": -78.09, "frac_class_11": 0.0045498995742886753, "frac_class_21": 0.040586041118912237, "frac_class_22": 0.040984230528245097, "frac_class_23": 0.0034665901518389909, "frac_class_24": 0.00040404513594069318, "frac_developed": 0.085440906934937014, "wind_power_index": 74.554738284448632, "wind_resource_pct": 0.71946740128558306, "wind_screening_pct": 0.71946740128558306, "resource_land_adj_oof": 72.79058837890625, "resource_opportunity_oof": 1.7641499055423822 }, "geometry": { "type": "Point", "coordinates": [ -78.09, 43.29 ] } },
{ "type": "Feature", "properties": { "latitude": 42.48, "longitude": -73.41, "frac_class_11": 0.0015637262366321905, "frac_class_21": 0.047216333032691835, "frac_class_22": 0.013704567017675378, "frac_class_23": 0.0036721211624284023, "frac_class_24": 0.0010424841577547936, "frac_developed": 0.065635505370550407, "wind_power_index": 60.413786226833608, "wind_resource_pct": 0.40909090909090912, "wind_screening_pct": 0.40909090909090912, "resource_land_adj_oof": 53.707801818847656, "resource_opportunity_oof": 6.7059844079859516 }, "geometry": { "type": "Point", "coordinates": [ -73.41, 42.48 ] } },
{ "type": "Feature", "properties": { "latitude": 42.66, "longitude": -77.1, "frac_class_11": 0.049790344116751387, "frac_class_21": 0.070357703389631987, "frac_class_22": 0.058568952189088523, "frac_class_23": 0.013293822764646631, "frac_class_24": 0.0028637353885075782, "frac_developed": 0.14508421373187472, "wind_power_index": 70.977721390871039, "wind_resource_pct": 0.6703397612488522, "wind_screening_pct": 0.6703397612488522, "resource_land_adj_oof": 69.690643310546875, "resource_opportunity_oof": 1.2870780803241644 }, "geometry": { "type": "Point", "coordinates": [ -77.1, 42.66 ] } },
{ "type": "Feature", "properties": { "latitude": 42.3, "longitude": -76.2, "frac_class_11": 0.0013761682790283667, "frac_class_21": 0.049887564123585769, "frac_class_22": 0.017351432386217235, "frac_class_23": 0.0017392424632826592, "frac_class_24": 0.00012883277505797475, "frac_developed": 0.069107071748143636, "wind_power_index": 59.522477674440466, "wind_resource_pct": 0.38062442607897151, "wind_screening_pct": 0.38062442607897151, "resource_land_adj_oof": 63.564716339111328, "resource_opportunity_oof": -4.0422386646708617 }, "geometry": { "type": "Point", "coordinates": [ -76.2, 42.3 ] } },
{ "type": "Feature", "properties": { "latitude": 42.93, "longitude": -78.45, "frac_class_11": 0.0029046274932362001, "frac_class_21": 0.051539569693491528, "frac_class_22": 0.058215528044881178, "frac_class_23": 0.013135240861549994, "frac_class_24": 0.003027605673393378, "frac_developed": 0.12591794427331607, "wind_power_index": 86.252755653089565, "wind_resource_pct": 0.90541781450872361, "wind_screening_pct": 0.90541781450872361, "resource_land_adj_oof": 77.930343627929688, "resource_opportunity_oof": 8.3224120251598777 }, "geometry": { "type": "Point", "coordinates": [ -78.45, 42.93 ] } },
{ "type": "Feature", "properties": { "latitude": 42.3, "longitude": -74.04, "frac_class_11": 0.0049776007964161271, "frac_class_21": 0.065189002430240395, "frac_class_22": 0.02892864462858314, "frac_class_23": 0.0075015372002459517, "frac_class_24": 0.00066172810587649691, "frac_developed": 0.10228091236494598, "wind_power_index": 44.947516396093619, "wind_resource_pct": 0.097796143250688708, "wind_screening_pct": 0.097796143250688708, "resource_land_adj_oof": 51.233428955078125, "resource_opportunity_oof": -6.2859125589845064 }, "geometry": { "type": "Point", "coordinates": [ -74.04, 42.3 ] } },
{ "type": "Feature", "properties": { "latitude": 43.47, "longitude": -75.3, "frac_class_11": 0.0097497848020471622, "frac_class_21": 0.053263689224877467, "frac_class_22": 0.029425026204376571, "frac_class_23": 0.0074133498855205445, "frac_class_24": 0.0016571706300176257, "frac_developed": 0.091759235944792211, "wind_power_index": 51.678412200658428, "wind_resource_pct": 0.21303948576675849, "wind_screening_pct": 0.21303948576675849, "resource_land_adj_oof": 64.656051635742188, "resource_opportunity_oof": -12.977639435083759 }, "geometry": { "type": "Point", "coordinates": [ -75.3, 43.47 ] } },
{ "type": "Feature", "properties": { "latitude": 41.85, "longitude": -74.58, "frac_class_11": 0.040277102718909392, "frac_class_21": 0.060052586272523377, "frac_class_22": 0.012789356257356515, "frac_class_23": 0.0025648983702940263, "frac_class_24": 0.00012297457939765879, "frac_developed": 0.075529815479571577, "wind_power_index": 81.251017311427006, "wind_resource_pct": 0.82552800734618914, "wind_screening_pct": 0.82552800734618914, "resource_land_adj_oof": 57.548107147216797, "resource_opportunity_oof": 23.702910164210209 }, "geometry": { "type": "Point", "coordinates": [ -74.58, 41.85 ] } },
{ "type": "Feature", "properties": { "latitude": 43.92, "longitude": -75.75, "frac_class_11": 0.0056743652206502392, "frac_class_21": 0.041125972079078046, "frac_class_22": 0.016718588962803337, "frac_class_23": 0.0024829007776632625, "frac_class_24": 0.00046261594678159842, "frac_developed": 0.060790077766326243, "wind_power_index": 73.306175297611219, "wind_resource_pct": 0.70798898071625349, "wind_screening_pct": 0.70798898071625349, "resource_land_adj_oof": 77.370437622070312, "resource_opportunity_oof": -4.0642623244590936 }, "geometry": { "type": "Point", "coordinates": [ -75.75, 43.92 ] } },
{ "type": "Feature", "properties": { "latitude": 43.02, "longitude": -77.19, "frac_class_11": 0.0094460060904193021, "frac_class_21": 0.066449988287655193, "frac_class_22": 0.074086437104708358, "frac_class_23": 0.015501288357929258, "frac_class_24": 0.0032970250644178967, "frac_developed": 0.15933473881471069, "wind_power_index": 75.921015651200349, "wind_resource_pct": 0.74839302112029382, "wind_screening_pct": 0.74839302112029382, "resource_land_adj_oof": 69.914253234863281, "resource_opportunity_oof": 6.0067624163370681 }, "geometry": { "type": "Point", "coordinates": [ -77.19, 43.02 ] } },
{ "type": "Feature", "properties": { "latitude": 43.38, "longitude": -76.38, "frac_class_11": 0.017402913758373544, "frac_class_21": 0.080836885745069559, "frac_class_22": 0.041750597273621584, "frac_class_23": 0.012144563638918818, "frac_class_24": 0.0027462875345481801, "frac_developed": 0.13747833419215813, "wind_power_index": 64.967100621933312, "wind_resource_pct": 0.53351698806244263, "wind_screening_pct": 0.53351698806244263, "resource_land_adj_oof": 62.643707275390625, "resource_opportunity_oof": 2.3233933465426873 }, "geometry": { "type": "Point", "coordinates": [ -76.38, 43.38 ] } },
{ "type": "Feature", "properties": { "latitude": 42.03, "longitude": -73.5, "frac_class_11": 0.014056213139045232, "frac_class_21": 0.0325049928840421, "frac_class_22": 0.0069988227921496046, "frac_class_23": 0.00057396203651101363, "frac_class_24": 5.8567554746021799e-06, "frac_developed": 0.040083634468177323, "wind_power_index": 48.325259974534163, "wind_resource_pct": 0.15977961432506887, "wind_screening_pct": 0.15977961432506887, "resource_land_adj_oof": 56.702308654785156, "resource_opportunity_oof": -8.3770486802509936 }, "geometry": { "type": "Point", "coordinates": [ -73.5, 42.03 ] } },
{ "type": "Feature", "properties": { "latitude": 43.02, "longitude": -75.75, "frac_class_11": 0.0031857018206520146, "frac_class_21": 0.063034732348342434, "frac_class_22": 0.042743451450255619, "frac_class_23": 0.009217453429607116, "frac_class_24": 0.0019207908036284207, "frac_developed": 0.11691642803183358, "wind_power_index": 92.517906147930631, "wind_resource_pct": 0.94628099173553715, "wind_screening_pct": 0.94628099173553715, "resource_land_adj_oof": 72.196388244628906, "resource_opportunity_oof": 20.321517903301725 }, "geometry": { "type": "Point", "coordinates": [ -75.75, 43.02 ] } }
]
}
